2.807517771623312
1.012656385629028
1.130898787864513
-0.616849146103825
-0.501197524500587
-0.971978062304051
-1.170509681461478
-4.481892070403472
-3.830284445078300
-4.948477932475680
-2.852014679316195
-4.105314733484926
-7.226845046717582
-8.148184496429822
-1.534052338235062
-3.106782059836101
-6.833945949009994
-4.047182759303713
-5.272462061189151
-4.101078715672589
-1.273982256077748
-1.943285670483606
-2.549596913844633
-4.842311935701042
-3.829403513931183
-5.121998441717584
-2.963770455913705
-4.642193098236461
-3.671117173721720
-2.664341547710698
-2.787812395596042
-4.865511622506672
-2.327071309557278
-4.219952583815979
-4.935373286450723
-6.388804052293188
-5.187707701378365
-3.533436070986003
-4.765914441544560
-4.253727315627470
-5.455063753633280
-5.621084035003836
-3.931394196702764
-5.058599643686899
-4.557362839468088
-5.422466661537472
-4.316407389214272
-4.201874820650419
-5.431284929971985
-6.144649352992568
-4.825568455131670
-4.708953981835783
-5.523576571196050
-6.043859064502535
-5.364506226325924
-2.639595945270061
-3.137235897762952
-4.036971942063332
-3.482538813323347
-4.141459831553478
-1.659337801144391
-2.414990720097539
-7.316057772397925
-6.276852364283223
-2.878768544850379
-6.347538010373716
-2.246263777824990
-2.609594843519919
-3.316652954404042
-3.601156796061159
-6.570702937657961
-0.438078526841207
-4.079948611256429
-1.632122493362119
-2.159768405041891
-3.243136707928959
-4.907345665709157
-8.024016242043437
-7.567083664229506
-7.105090974169778
-5.332951402812430
-0.564362641857296
-3.724892037357189
-3.951678588067119
-3.261613759356982
-4.121245844441456
-4.501964978321944
-1.265760395564545
-5.425305270216634
-5.687943047864786
-4.267071399813787
-4.679830869353260
-4.617667624567240
-4.964364010912854
-5.494871226625843
-2.501276029252095
-4.711052153834335
-2.138943755423127
-3.324840287594474
-3.189343628578199
-4.453958844987691
-4.648217823358829
-3.485102181097233
-3.876659478157564
-6.151415566705277
-3.489930503566140
-3.118575711243496
-3.961243896944289
-5.353383281533089
-2.105794740857916
-4.047366185231767
-3.941762946138027
-6.321289839899280
-6.102948606608735
-4.112904898189120
-3.918687808088926
-2.631713115097869
-2.571541226484420
-2.738261452647462
-5.350501913269752
-2.642065152999546
-4.215708686744536
-5.937799279304889
-3.535025248351576
-4.389464617633139
-2.533132379645890
-8.254590376970302
-5.417092328087733
-3.075299745961930
-7.253884995123431
-1.984807958237166
-5.984371513718614
-4.155218283107489
-6.749383570223203
-3.174018008167911
-2.101823516502324
-4.025756212791128
-4.712997035956222
-2.561615892965286
-5.195798765889548
-4.796748556772013
-3.510202547183243
-5.777799673262970
-1.648049167400616
-4.602875783610014
-2.058389197846366
-3.905246399301301
-4.691896930485844
-1.855861862336412
-2.437350327788083
-7.219583960827483
-6.283951826960747
-4.675500678026434
-6.372373698090473
-4.682473362736945
-3.386914537301075
-3.885872545859668
-3.747568905401582
-5.201066949225391
-5.862207573756421
-6.059249048393547
-3.394617382645124
-3.988241125322145
-10.362437663320382
-2.355266072552808
-4.214545411528270
-2.345919764693429
-3.161317577514668
-5.022893539386536
-6.482948438524485
-4.165628441141058
-6.084779600827894
-4.343263192378942
-4.528471715713990
-6.849223328319919
-7.029274018609661
-8.033472004792266
-6.231530421426924
-0.297696151254551
-1.944201340467519
-1.304290728790920
-3.168427496793305
-1.437100736666698
-2.940436582098732
-6.120260196886758
-3.054033965404314
-4.196907951635966
-2.580374639112257
-6.842544437737304
-4.200842058749030
-3.372349910806180
-3.064757742204552
-5.011533332924034
-3.458685451829661
-3.193374195140444
-3.548771337167085
-5.768190355586306
-7.775217205716396
-5.683796391962861
-6.827450792706194
-6.171705745789553
-7.407755765592578
-5.642889269142448
-5.997612642730877
-6.363869011644538
-4.803892082792824
-4.298556324705653
-4.732155104241784
-7.062627782042686
-6.428676194749766
-4.245521135596792
-6.405372755334493
-3.554932598773096
-7.191263778937637
-2.829444941478791
-6.565651732084938
-6.556776975732364
-5.071756023723015
-7.099112784465361
-5.026432138917577
-6.230238989918155
-2.607654844638796
-6.288745669300341
-10.301669026123736
-7.506570669158388
-6.526345919297234
-6.314287209656761
-6.693710173815479
-8.995385107957647
-6.168537708933857
-5.294083222395249
-7.037008690153214
-8.357281986121937
-6.784124778901164
-4.918839932921057
-5.900054723583732
-5.480129537974238
-6.129512344833165
-5.289447835154163
-8.083970834356792
-4.477513250753776
-6.576160356661937
-4.425247346689378
-9.563469851965708
-3.062443947912212
-4.042127609444742
-6.373920122120337
-5.682327338255001
-4.148543645296709
-7.695063773636035
-4.543574061141967
-3.887399545847349
-4.224851825376457
-4.709084724483371
-4.923532223616382
-6.695960196079954
-5.134670217762413
-5.199488286417528
-3.196949801266909
-2.064240896254688
-2.696587929403258
-5.851023966222140
-7.585223129530825
-7.305330212680890
-8.234283754429221
-7.840679985842204
-8.859731441168208
-7.008629155545018
-7.903325973755523
-8.797044381282261
-6.652986203700494
-7.494623167501057
-11.553092496980783
-9.528570250719046
-13.940461004750626
-6.583836535027729
-7.001681019510721
-3.782256701511828
-6.209889790519416
-6.499480499691126
-6.464278495114291
-5.226739732606563
-7.143513173318813
-8.483000710340896
-8.309610705458553
-6.759419313928313
-8.993875036352378
-6.813605414011449
-7.011514810781221
-5.349501084565746
-7.800368186479020
-6.432149038737869
-5.387434847603471
-1.622693748931801
-4.459015525087364
-4.685227557708912
-4.649879258291465
-7.570202068198708
-7.771399131836374
-6.118570111046920
-3.819912409840140
-7.720274172440207
-6.493120927870521
-4.245227230385646
-7.662130569104380
-8.044602242138325
-7.781862337356180
-8.966010911894335
-7.124358531112938
-5.802946900777219
-6.728331588403345
-3.612925053388604
-9.432162023081847
-5.764113216120150
-7.679377676433840
-6.020230343997053
-8.441762760282638
-9.132725955329192
-4.692008447450100
-6.079459204753022
-6.032763772355337
-7.003151765365126
-7.966855400586470
-8.045320946349696
-6.566330935684459
-8.052786145097349
-9.864568265684854
-6.048209309909440
-7.673041221841320
-6.150252483057590
-6.291875864311570
-9.208114237328319
-7.545794082090983
-8.435863266745651
-12.279106394671203
-9.123935121527207
-9.517747695955549
-9.718469620513329
-8.964998659376507
-10.207173562638307
-8.167407643709831
-8.137953296082092
-5.983553061650521
-4.308499733311391
-5.815001895269892
-4.161672428517591
-3.940073713528760
-2.600326278518962
-4.587246892094224
-3.927957491657045
-3.238852633688127
-5.524940835378468
-5.702008932082841
-5.119744421884467
-2.475084852460133
-4.759268897783329
-2.601539150391777
-2.821310760224410
-7.578561162728183
-7.484964854714347
-8.913135058313015
-8.092778469007667
-6.606518042307565
-2.716472635138306
-4.709790107126786
-4.679089730821213
-5.751746993340369
-5.353088191661589
-6.395482346946572
-3.664423070791834
-4.860262800010410
-1.919987152892072
-4.532251596311282
-9.274712138234444
-2.495665088197536
-3.746558430697348
-5.790929871819068
-6.236855126917696
-4.704191666436819
-3.012959118808208
-2.968187728669630
-2.191181574907876
-6.982090595768325
-6.619544485684292
-3.380689886307389
-6.136033415690554
-7.512597345512789
-7.892398988555390
-6.563552595288148
-6.796605416883076
-6.931493747136351
-2.298604730986080
-3.200620560872161
-4.546721993102777
-7.551654572617397
-4.550043885158142
-1.264856390071932
-4.187649854714112
-4.723668457747613
-5.713410863898068
-4.797433369868285
-4.926808495253782
-2.856672870007954
-2.713768145971447
-5.001977231173113
-5.502483992581453
-4.260141942648223
-6.616392432617760
-3.162646972133804
-3.829953166803905
-4.206598000709781
-5.061759629010377
-4.679407693989358
-6.767046767510664
-4.751335007135275
-7.115153156803781
-7.875460628731196
-3.660046714891201
-6.062907680792012
-6.614263482610038
-2.554863031286696
-4.158736067316809
-5.430862007960971
-7.736124349788943
-6.893140616931427
-7.386056131967191
-8.400607521204810
-5.561656472273324
-8.423787804214701
-7.667163288862323
-9.247421888448562
-7.794396671866821
-4.599381120217716
-6.607912986937017
-9.668874678536943
-9.632235845832568
-6.602430649553068
-7.357944268999840
-9.551601028213865
-7.584388581153655
-5.068633959755229
-6.572840677599866
-8.039066309181296
-9.054371269995245
-7.324886575322969
-7.947295456649139
-12.634349288126247
-8.019184862592335
-8.137327337442667
-8.355787712287677
-4.676949925723427
-6.467432869035227
-6.789697227982811
-4.392533761409194
-8.025322179721806
-8.006699209370717
-6.919421858083641
-9.448975516465051
-4.273527796685806
-9.314053806975538
-9.657111831325400
-7.898032622156490
-4.878945081025341
-6.333828543070613
-6.298808004701028
-9.074801500645608
-10.643787935447333
-9.477519510286717
-8.185233606465243
-6.127265973079731
-4.761855426113435
-8.372496231740442
-7.225491912217290
-5.088006658929368
-9.467131918239136
-6.246006123618026
-10.219607385708745
-8.798126672104194
-11.657940525406898
-5.727001134513420
-8.684791060770362
-6.022293709234410
-6.258712891673578
-8.838480967423033
-10.290244957105944
-5.302702320537346
-10.290439834743488
-11.656330529714495
-7.079245101063913
-12.788131372781660
-11.691206220020264
-9.361968718838094
-10.049947488382116
-8.391288517352168
-12.159938197052549
-6.102941040477341
-9.398004299871191
-11.728054349434045
-9.073577872792583
-5.105001766863712
-8.031119887744019
-7.106764255141331
-7.120001067752206
-7.694539490155192
-9.402426278878504
-10.089410098883791
-8.045270806810725
-9.326475159317594
-3.832169679531326
-5.629835590624255
-3.672331204369446
-8.670744531550696
-5.571162703541543
-6.781219292663526
-7.154839168645243
-8.115233816864240
-5.408212907315471
-5.644270708377563
-5.932113462854644
-6.179260955963854
-6.854767555467840
-8.004625401916247
-7.034778885080152
-7.336900522418675
-4.802252794391081
-8.813295851617339
-5.229002691107363
-7.827705127249679
-7.127509152107774
-5.233670186923702
-7.506582973994875
-8.941243460501452
-8.539324177536187
-11.058087651705376
-8.976407898496918
-7.604856552467535
-6.677931425397680
-7.212177370778958
-7.997850994900026
-8.259697653204132
-9.004471003825296
-6.619192723725131
-4.177178897402068
-7.922895647865861
-9.179565996367430
-7.850024235854141
-8.795890022518449
-6.910491280143676
-5.672375305584070
-9.699229494623037
-13.157512379247732
-11.074748884218593
-10.256317567774943
-5.290560758244594
-4.610595223861112
-5.287284173655617
-6.467543481028104
-8.177486537501686
-7.978304546588903
-6.621535384551018
-7.801574492217816
-5.898843848129735
-8.281516080202394
-3.011383840406782
-4.224990609739479
-4.493291966817373
-7.737580126010626
-5.757161949018434
-7.226212185604190
-10.688798832558319
-9.270400616404569
-7.226283354090375
-7.592595403995377
-7.206968514955788
-7.659707472453884
-8.823189889751584
-9.430244810286633
-6.265324647609042
-7.811830015059368
-7.446032487035522
-11.517109362096086
-9.182030157528187
-7.909778117437817
-6.344406920131305
-4.975328405402042
-6.135694191167227
-3.633373063806074
-10.276534877852542
-8.441751708717831
-3.932662847167438
-7.562653419025983
-7.521481625746388
-8.666808508566005
-7.350933066760119
-7.315364835700541
-8.409153795556035
-8.160676349444012
-4.409822863419598
-7.816329286803661
-8.667707584542230
-8.076873149405769
-6.431452383128145
-6.258439200894291
-8.533738398505365
-8.141074667331820
-12.247278945287908
-8.297359653498189
-9.360931406396000
-7.104682346533843
-5.566779729001430
-4.268347375658862
-8.178113966770900
-7.575456614537639
-6.805212235808914
-5.651396301069963
-6.201298919254161
-6.776640160164328
-7.005911403120120
-5.307210536485726
-11.540097720631669
-9.539828285178960
-7.624740652695860
-8.732195533742090
-11.322170918673359
-9.434449045153238
-8.402522573024656
-10.474959443884275
-10.571743682099280
-5.774091309391990
-9.805607513544908
-7.487480353481283
-5.398522291566044
-11.995861012292485
-7.373086875228761
-10.933762937024484
-8.392090911110852
-6.416474427325928
-8.506092234718089
-13.095494761491823
-7.814053128541907
-13.357976113433775
-10.575754572587886
-9.950829620496622
-8.970355431707196
-6.197298684815554
-7.998496991701974
-7.733113086083407
-5.322937889257245
-4.627904979143153
-7.223641020885159
-4.548984278143390
-8.284743166623020
-12.517947293960308
-12.090208811559819
-11.559991370632696
-11.696207402816713
-8.390549885876275
-9.978010046150573
-5.925948155276144
-6.883102262068642
-6.455499518166651
-9.170934177628752
-5.869732258936177
-6.395413324365670
-6.122192199630645
-7.935765246829918
-3.444853803296898
-7.538524036406876
-6.729406261309181
-4.529279963283352
-5.725988604279994
-5.456233810814941
-2.645507399410564
-7.906163702041701
-9.253300482013886
-6.298941303122406
-9.263118999013995
-7.147093490433430
-2.763714722551971
-12.843354872319347
-5.823517912845161
-10.190209035641697
-8.267651422021300
-9.277772567400497
-6.083681487164609
-7.251761072785812
-7.069097128693623
-3.420412027383505
-5.105486358334553
-6.904339402824828
-8.597276780746460
-10.370057517300497
-7.710423880290930
-8.171864961881559
-7.936513936625942
-8.952902871377365
-7.891628040070849
-4.626073627250022
-4.113957795835167
-7.306266735390377
-8.573975605056873
-5.222728121496529
-9.040889559868230
-4.787979679143862
-5.131645355020694
-5.095351407214567
-10.100198217490645
-7.752720060079792
-11.207739118682982
-4.787658687881932
-6.349725521425690
-5.278557035076435
-3.264273244147550
-5.101977294402912
-5.169378492323933
-7.855928837853680
-6.538069548555203
-5.762868569800504
-9.519181100560493
-7.885177567172608
-9.161425514232414
-7.080952191039790
-7.590352645183387
-6.509456519524646
-7.239934288216216
-10.152100237986229
-7.259766917789316
-4.487423358461110
-6.887419284114424
-10.009045023284660
-7.514545763830632
-8.125186501047137
-10.285887373855751
-12.131281620302369
-6.012331363885944
-7.878088900154855
-9.662503716433230
-7.554644223501687
-11.684411636564187
-10.907023109481711
-3.182952753916946
-8.511041534269607
-10.533747581988179
-7.199637703081534
-7.212555271598779
-8.116849830440540
-5.833201200270088
-7.408203116467219
-7.120142131535475
-4.211522572107793
-7.883568263945113
-7.277658735073612
-7.177547257387577
-9.932170892479348
-9.306631472544083
-7.889553795551375
-6.336943693451101
-4.892870090418566
-7.063399087684507
-4.565446745219137
-6.524557662361245
-8.926998019766556
-10.148726715477673
-8.050423667808857
-7.257419266162699
-3.625031278891763
-5.923396922552025
-9.339559328406578
-9.074667430089928
-10.696189533086105
-9.253345947720627
-7.519952265476591
-8.985612361405639
-6.264366974399035
-9.245002076487491
-4.713633733197327
-7.162645823283594
-6.729929998563026
-6.376432919237570
-6.963624678096392
-8.248258856966602
-7.157094708673818
-6.266998779204813
-4.863837482400159
-6.594695243915227
-6.772755654879833
-6.508584110996956
-6.811908278264842
-9.141858015739226
-6.386172295565845
-6.262746469659318
-6.197515860992994
-6.486970283588093
-1.179273237176166
-4.755811452133972
-10.000455718817438
-4.780910592299062
-11.951249731634665
-8.308908620050666
-9.407355923352663
-9.288628499132187
-8.185738872742077
-7.194528401633884
-6.231692630772486
-6.131830601562628
-4.834319372235202
-5.777627498834012
-9.593738860794614
-7.538664792043843
-6.959489571544473
-9.686171758255629
-3.220787928446051
-6.485122766747075
-6.616963440460650
-5.131157979060732
-3.678464841964822
-4.799866326259707
-8.138807385523336
-6.263221314666836
-5.638615883546137
-8.021568291017168
-6.876595687336171
-5.396203081922738
-4.936692365406331
-6.675865652022863
-8.033013866167876
-8.148391505221211
-9.294891516983510
-5.192313490460729
-7.910529640672787
-7.576224576997591
-5.041455590711652
-6.520010790137520
-8.874381922184400
-5.968070464811219
-7.919898919487697
-4.699741496741575
-5.931580635980238
-12.851612713647246
-5.250974518149202
-8.800915975103521
-7.056005015695854
-5.696560036974611
-9.059759304905640
-10.231654893308914
-13.579423837056336
-9.232064068448082
-12.206008387389614
-8.823723009752774
-4.581143140726260
-7.171296165266623
-6.761072741796678
-7.877974899204598
-8.317563827206524
-5.670421922766824
-7.042717156790935
-9.350974178707263
-9.416336139386265
-7.319982445764382
-7.444845941034391
-7.844914212538632
-11.650002562367044
-7.446023135853713
-7.389608133865072
-8.030376882157629
-7.624547711196517
-8.788350219852493
-5.948472455411249
-8.117651064074250
-6.919621275877033
-6.689032136820598
-9.524693914809022
-9.336584850538175
-5.553201294312896
-9.377760008243911
-8.720228824099101
-7.089603763145417
-3.460091792351619
-9.299015751763232
-9.375708888263210
-8.141829738939499
-8.873916656887150
-7.317965184314295
-6.763246652680483
-6.706678876527149
-8.156730043025670
-7.842238214639430
-9.021129389694440
-5.424892620199006
-10.749024151632911
-8.579116940240725
-10.223874182534038
-8.026298877817281
-5.620325883712001
-4.590081426622508
-6.843056207703099
-5.921308298685721
-4.655807990097743
-4.064401122817327
-3.729824776264532
-1.516897900478632
-1.713363921283582
-4.301514527653103
-5.224487463126191
-0.448278043181007
-1.735867202830742
-2.529442514782726
-4.471680920882244
-5.813733034048769
-7.176271281023646
-6.996316350412996
-6.542690293032329
-5.085847623105907
-4.816747608186428
-0.875078635518421
-3.908985416949316
-1.629116983222394
-1.190696224180662
-3.928991515422318
-4.233422696481575
-8.031509947287017
-5.408826496706821
-6.405185087644017
-7.591603642192700
-6.839982198430360
-3.222294495663040
-4.762468054318783
-5.884667099528342
-5.215069016178635
-5.869346380444265
-5.238601562993292
-4.988681604903268
-7.158143526829501
-6.675957172575176
-3.188463164796048
-3.545390708813131
-3.958672128258955
-6.006187357469503
-3.831147126778857
-3.750541029134183
-7.235838828228383
-6.085609767063858
-5.102623163556060
-7.137229011642739
-7.983098225920422
-7.369205308212608
-4.284100812670801
-4.162726651267992
-4.647674917726391
-3.603026688929222
-7.445143056880600
-6.425369450111843
-2.733298033115912
-4.620456090099645
-7.439774968415817
-4.242852482275243
-7.507426523496578
-5.009257228304207
-7.185072982043822
-4.705584981719857
-6.030096136584679
-6.816584220871452
-3.976080725109222
-9.759054533967634
-8.666475629457690
-11.178133348404334
-7.083096873254211
-6.904626612981256
-6.680976706149856
-6.371893324308143
-4.601389995939794
-7.618906202949980
-6.723884510230337
-12.253920451053807
-7.359688801069177
-9.033350782078452
-8.905926560366330
-7.622292619903166
-5.183094869659429
-6.511191062227757
-6.231512165481369
-6.830205352354996
-7.251233304544619
-5.966186161925634
-4.393541283611145
-5.895625823349785
-8.784216653866329
-4.987208631623361
-10.310597990703863
-11.400116751153217
-7.584283038558917
-6.469795879446125
-6.269256896556462
-9.528443243324149
-5.021244033829584
-7.671067828154032
-4.619268887922513
-6.171052729767384
-4.011877703998412
-3.953233383063068
-6.539076104864214
-4.368490375424945
-6.539935006436082
-7.117277735161506
-6.841804206432532
-6.037739032191185
-4.569470323541784
-8.347249455397534
-6.548071479813991
-10.981053570610687
-4.955898855433081
-7.419639917379840
-6.391598963878216
-6.917882833547210
-6.507021406987419
-8.293371962072619
-7.432767805853820
-4.369268513839805
-6.614554579185925
-5.974381121241588
-6.431300692937641
-7.530390067196883
-5.625631850020815
-3.616946627513671
-5.125261988766532
-6.525301543346304
-4.812612340301749
-6.941211343035854
-4.278779435381027
-4.815299341232332
-7.891852244801941
-4.677141113258319
-5.051897478392073
-6.442636330271152
-5.638677495065959
-6.835706337233159
-10.281908266803505
-8.698299725790815
-7.788202700593022
-9.774211134298877
-5.631797078753960
-6.651623497903822
-7.850856017547832
-7.175485783621484
-6.649457312031266
-3.816652158337101
-4.818682810135726
-7.821876690152578
-5.210058809495830
-4.945437876542476
-6.461939948416322
-5.913141550983904
-2.894149325614856
-5.547934642109999
-3.154589914272105
-4.160406421150325
-6.003750942622740
-8.244667013164118
-4.034867069750655
-5.243359678129357
-7.603315471741470
-5.611415113845140
-5.604184072161326
-4.735032892680066
-8.253687546410950
-8.239249667344680
-6.950242860177434
-7.888142352861831
-6.866989080243370
-5.544192728649261
-7.419881164890998
-7.944831434575907
-7.008210810173400
-8.263073803909181
-7.356824412806325
-4.977415785066847
-5.596389018558012
-9.048674556118746
-8.246522302085332
-6.547487901787501
-5.768795274874383
-5.265556164218050
-5.308680094357482
-7.461496618549373
-7.325744401261969
-7.678945992355392
-9.624152927603433
-6.336051565267860
-6.242825482188711
-7.926824431667807
-7.110555323828322
-7.907550716265411
-7.044198336631884
-9.130148551303042
-3.237435617474335
-5.776227906489454
-5.118235887163004
-5.073647240546546
-5.050269905618528
-9.367750698620251
-6.820429662673478
-6.700312686178513
-8.140430362817288
-8.108625245353318
-9.754734869141846
-9.156356760278879
-7.596645206676163
-7.607326316404910
-5.064684742332217
-7.132610432857217
-5.520403725581824
-7.788391640303465
-5.954327081757762
-6.072383987147103
-7.970182643572734
-5.421738952397338
-6.125349260686925
-4.750041131339489
-7.030160247442853
-7.260292047111024
-6.377219430737087
-7.069763417550774
-8.343842098583167
-6.253083428682602
-4.963042957098007
-5.177270272237932
-6.496846957443050
-6.640760473064974
-5.403744214703222
-7.651345878751163
-7.925922960627429
-8.784575930363657
-7.862038725138746
-7.267934513101928
-8.951992447697242
-8.541779794070482
-6.456806719675474
-7.710569533662985
-4.774257764185380
-6.172712945639711
-5.945995606161416
-7.573774242009248
-8.076697485635323
-4.782718173453095
-6.108967255428149
-7.359725178328101
-6.871988725640447
-6.232137730765735
-7.841737796269590
-4.810963467656634
-9.014568713673366
-8.658085456608173
-10.237313056495115
-9.121098295256129
-7.903865689993046
-7.137866487996082
-9.811989293608372
-6.590952512976840
-7.598062593040221
-3.927052966839585
-5.149157566839566
-7.025855763429572
-9.601455724587884
-4.039560843870306
-8.075492901452371
-6.041151813380123
-6.731320476856850
-6.884930376873688
-8.378723600991123
-8.117285224107043
-5.254580128303703
-6.163231152061413
-8.416178322036576
-9.303905495507177
-5.252665220565603
-4.734079441105187
-8.396321948655132
-6.713365218692250
-7.615667749048155
-8.245150059515302
-5.850461970510442
-6.438443896416882
-5.024820867655840
-7.274192773381579
-7.661886850266717
-4.618056240439709
-6.667735114801146
-9.479746717460674
-5.852676487785522
-8.365405147679541
-8.717405465810449
-5.534544755315760
-6.325758433234432
-10.148613869448923
-7.624528529329919
-4.131842071635098
-3.178816032879871
-5.160423730847164
-6.609811472083650
-7.074944413462917
-5.005016221289196
-8.800995770164356
-5.567310686922466
-10.622783376959228
-5.498159773336188
-6.292825880039315
-7.866009768533180
-6.284899518609111
-9.225645254940940
-6.302269555209682
-5.663562657911489
-5.365425049757699
-7.327322516738032
-8.212707678171277
-8.229190445295028
-7.786497827416187
-6.929275895490188
-6.441597042744830
-7.048764090794323
-11.269879235382726
-8.955591864890632
-9.240855037243874
-7.529180835311779
-8.830423287316242
-8.176973946109712
-7.325897264866632
-4.725573202459082
-7.599224738249911
-7.073642069302570
-6.809555108619277
-4.191808343140780
-10.711540733595086
-12.677047237019522
-10.520440351771198
-8.743841894843873
-8.438614468360734
-10.251014742576839
-6.313435254919797
-8.810064828346015
-7.022601447685505
-7.146745229086666
-4.673836059476207
-9.460232986488164
-8.112590389334541
-10.693213562526227
-9.477031653377118
-8.822289473753475
-9.092864337088979
-8.164168547210245
-6.179219626969197
-7.685631932765021
-8.634663174019694
-9.520295864398800
-6.124478648517458
-10.313421419778306
-8.508404596746805
-5.380180443333893
-5.840149699360085
-7.217787963320896
-12.555719180749177
-7.423494195068165
-3.794244099391607
-8.577105276258951
-4.294868402550424
-6.749118122335224
-6.864764809961740
-6.631643570311522
-5.079452167863929
-5.191072384380750
-9.476847145945438
-6.122961779745522
-5.264247649022279
-7.273656647106456
-8.220785532663356
-10.648728321911104
-9.213094634974265
-6.759323646833163
-9.407449666819520
-6.548890713700002
-10.458697210063479
-7.819742195656808
-8.341609890961285
-5.367875146222516
-5.253503286365294
-5.345724612006888
-6.057005807864712
-5.814774678367077
-10.049471322865786
-6.878587818058228
-6.520224158870429
-8.486218855650547
-7.062488477013097
-5.776008604861210
-6.060559127635436
-9.368516974772271
-7.125992248108150
-11.070766282121642
-6.212074955677950
-9.176779156445154
-8.381367536360345
-10.704202688234279
-10.969481004407214
-8.087015900947014
-9.116648227836119
-5.309489889722196
-6.684810203680710
-8.733983337010296
-8.983917134573213
-11.233286419611462
-6.296163574456309
-6.033913987765595
-9.426981660087389
-6.587953306368897
-6.503730014870588
-5.573463382758856
-7.913524292235175
-8.737806447299892
-10.358954735931672
-7.334112445271201
-6.288344159509705
-6.830529858740878
-5.565214765821512
-6.850851412022040
-3.809223722251236
-4.931402025060354
-3.838740015742006
-4.201003276925008
-5.201336456407287
-5.937734252140736
-5.786997270900129
-8.864872821086340
-5.706387935783275
-5.988040413492978
-7.438394787075356
-7.278281488057825
-9.224690173964177
-5.514669887291056
-5.982858547360986
-6.729517127266536
-6.349638075904577
-6.382089766049805
-5.129625633017958
-7.048942570483187
-5.610298701969963
-6.641661172789543
-6.655067848811441
-2.451242171426296
-3.744182363298449
-6.078011311321480
-4.684767526319567
-5.984463795906473
-3.803810946654091
-8.059851817943381
-6.207516388494339
-8.870503473099360
-6.561529394044217
-6.373406332125361
-4.617807345145173
-5.416994216985779
-7.845177954945320
-4.806566572199602
-5.688333881648094
-3.738383412149235
-3.754829029311670
-4.283112380714683
-6.523546637468413
-9.325718379731970
-6.917027973422703
-5.165163701186706
-8.107665209805335
-3.826548642207682
-6.799727823903448
-8.626364042993410
-5.394111764814371
-8.105053464445637
-6.908849885966197
-7.699692099906985
-5.169702918398005
-3.764385576345887
-6.123351291471000
-5.990646325655597
-6.840867526271165
-7.689239070402916
-4.809163779496369
-7.079158116486879
-4.526267237732295
-6.894169570472122
-6.440736200724603
-8.595332571345994
-6.626396993812188
-6.042018718071413
-7.975321060904739
-5.409637047735630
-5.603400389991193
-8.688597300981252
-5.281695535567800
-5.898618041467762
-7.680229229220200
-9.681220605056010
-8.080235432165232
-7.470631495932663
-10.766891917021113
-10.341252889634029
-9.821268069649767
-10.354337712709471
-8.513590355027880
-7.126251905330652
-8.271774296099544
-5.966115469357230
-10.895989009321267
-9.520023707522729
-6.108869374061513
-7.455691755489596
-6.326726738758966
-8.942085236724305
-7.468518736496545
-8.351119331340232
-9.811020199437076
-9.741272429800194
-9.131851949930704
-9.696793936636341
-8.670356948745098
-5.760553178613523
-6.961525333190557
-4.964419273666715
-7.372351757401279
-6.707258362044465
-4.737629955282896
-7.016017786897582
-8.739765636607261
-6.919265356921240
-6.226445503148568
-8.934451486137755
-5.948624635503860
-10.143992553996897
-11.189029369304539
-8.402739534430752
-7.016034588265661
-6.324032364599475
-7.215758147099566
-6.723362638472864
-7.242901055054793
-8.371935741077873
-6.558140498120559
-9.189722731138227
-10.982630400604860
-6.978300159148998
-7.237646894262372
-9.660507550112385
-6.356340295335651
-4.667050042537912
-5.937389323202866
-7.364179966043603
-6.726117412015819
-7.512206763877086
-7.136648814094452
-7.566948752189238
-7.336037590307763
-4.760542624086214
-8.077873158961358
-6.007322463517537
-8.148963255493388
-6.523724623052175
-5.418622120435142
-5.537790568769103
-7.236603239323632
-6.202806255326673
-5.389177179383966
-4.728513970700990
-5.566534890144298
-6.553168853263744
-12.118748486594315
-8.743601642808102
-9.656547994674421
-10.041034286029095
-7.103673833863749
-7.382324262660163
-6.516501450798013
-8.515249807304361
-3.347760962749925
-3.599455536819276
-5.401118054885615
-4.015410320146222
-8.462914155710799
-7.285851095324269
-5.393886924683889
-6.422016303700862
-7.269162694314080
-10.523853692050221
-8.358080946816527
-6.946074375338198
-6.057525556761404
-6.113079720791325
-7.031695161309798
-6.145761328876040
-5.178646458333446
-5.501084234108372
-5.754158518104823
-11.038543477017839
-7.119872949074425
-6.348649661635597
-5.596562590389755
-5.520509678500763
-8.662607455459561
-4.843552571499995
-5.912714624582267
-7.799526823728989
-9.832494529458611
-8.019106158657399
-7.275685410265445
-9.536712697904882
-6.287316428932207
-7.917419051026760
-9.281572071892494
-7.210955530395943
-6.116847792824817
-11.462262630472576
-8.105736475169001
-7.271778011849497
-7.089899977487926
-8.548447122702530
-10.626409127545255
-10.449603529228899
-11.384033632637534
-8.719107906028539
-6.249156330435034
-7.191740032911637
-9.259162724166265
-9.640240045951579
-7.702118568397410
-10.207828255787653
-9.338921002121483
-11.069937028405137
-12.527277669729555
-5.415698661549779
-6.793989398581879
-6.015769814647385
-7.249745643738482
-6.179918925100104
-8.282499598194121
-8.279129550738581
-7.180352403499366
-6.098666884078115
-9.158928731980211
-7.611988115191306
-5.995239956712770
-9.394725136757714
-8.469683120871178
-7.028134329988881
-5.999541371042107
-7.479376356199872
-8.563384675494673
-6.056106987113720
-6.936046002329734
-8.898016248525696
-7.300897200030271
-6.630328752694178
-7.180713379873417
-7.846096740581491
-7.667999246624365
-3.371857870421370
-6.277166764768647
0.098088304389244
-10.051877199744219
-6.330904467935008
-10.102915212035436
-6.630487290574265
-5.612118801909504
-5.240269394851566
-3.512289621055125
-3.904336967260122
-5.587242306975231
-4.742994019998084
-13.180294035727142
-5.481033449301347
-4.797734734350698
-6.876883670283393
-7.513896053367437
-5.897529195628194
-2.768785352037399
-6.933034153945616
-9.460002786177926
-6.060631422784229
-9.329638202993467
-6.131646030714648
-5.857366046107246
-9.383220143414949
-6.839321194607931
-5.016175869838897
-6.384828339665565
-8.338707369290669
-8.130874708368104
-10.463677524223856
-7.175028056038329
-7.405896296235055
-12.037465771242164
-6.070219414181492
-9.975444629115032
-6.458296585551838
-7.175147742848053
-4.572791942969781
-10.816517634702622
-5.698042935447899
-5.361933258457606
-7.506049715811211
-7.565738293897141
-5.518379910314958
-9.547728069124753
-8.521375676391147
-7.812883863403182
-7.183640642326558
-6.574180565829112
-6.452765690018155
-8.813326819121221
-1.146502558964376
-4.631431223938128
-5.066012835439905
-7.437677447473584
-6.475672769345969
-7.030844227787655
-7.124203546836431
-7.801365103861567
-3.880191492721391
-3.842903174469387
-6.161395937453912
-5.930617595598560
-8.261586828512785
-8.984563729985146
-7.517291846948371
-9.951747567594220
-8.424139459814128
-8.800044638296779
-11.854955051348558
-7.961647498364264
-8.274876754273775
-6.143211873836027
-8.947517963921110
-9.294955913494068
-9.516184165961009
-6.329788884449814
-8.723173282155761
-9.790668156948067
-5.413378209665191
-7.014637983684016
-4.313606915253427
-9.885588947317265
-10.643347760486160
-7.977678569983299
-9.688200354008289
-10.181451224870139
-11.091188240096427
-9.831789301483948
-6.274894210308928
-5.063056215366037
-7.050365054963707
-9.624887873112066
-7.571538980530323
-6.510275776690049
-13.129332466109036
-7.323595533813122
-4.536377983356474
-7.911123841463593
-8.958037093520167
-8.697543351952033
-11.212587746181585
-6.805334355743628
-7.552336200078818
-7.915084257932266
-8.797437891841962
-7.589343476784691
-5.797236578874590
-5.592642417648031
-7.605459494022196
-10.592106485365973
-11.347432418295396
-9.518251086919113
-6.566581526835292
-6.709326690628066
-10.763346106807189
-7.146925476408589
-8.005461137856914
-5.809643799906443
-3.020648731366560
-3.078132258187040
-6.877981539502420
-4.736874329607914
-6.784338512699514
-9.222557847068554
-4.881031777562344
-5.440957008740883
-4.950863981420629
-9.076936962843108
-7.555083792195180
-6.355722940012080
-5.532687181854111
-6.850422458976191
-8.700023761808277
-9.733095787819121
-7.656464709169404
-10.843994702235774
-8.132444607342146
-10.228958444726826
-11.669848601492820
-9.140619900442633
-7.763537544872650
-10.101573922717504
-5.938384272707066
-9.080851044394818
-8.552887370314746
-8.828702138817928
-5.047427647505812
-7.474507131150812
-7.369490622566699
-7.733998804037485
-11.655107485223080
-10.495679521862321
-9.158558052089225
-8.522519506528807
-5.644827491135167
-8.041076171834224
-3.855232143344511
-7.610366871312782
-5.597749133619023
-4.849219869484761
-7.460907324277288
-6.992600475495294
-5.318518270795372
-4.031360180392379
-5.366253423438295
-7.242674146564631
-6.060618303237217
-6.429854310653034
-5.422259081953863
-7.008151915610537
-5.048784440347595
-3.882816274896538
-4.827073394879789
-5.762691515628665
-6.066559567865792
-5.577242093133973
-9.589404828980793
-7.373277014269008
-5.555044826324407
-10.620473911234274
-7.408223979121966
-7.803405948870779
-4.706259303000284
-10.395931166204726
-8.414140786818431
-6.150981203334093
-3.881803426776520
-7.040817055044152
-5.321589983211909
-4.723353935508532
-7.873071045469648
-6.284128614238910
-7.030894876412677
-4.699314212679181
-9.668138235626687
-8.781638003039230
-7.966989145147607
-5.427772676385838
-6.832853530218582
-11.810837094229674
-7.322632361106407
-8.527055749425752
-5.285278531583032
-7.639902284875284
-8.785274995418678
-7.461045820763344
-8.090278514154216
-8.769726778611805
-7.507865726826717
-5.754832832396064
-8.735236068254185
-6.946574298234021
-7.293203529608259
-5.710316667776070
-9.423955202506777
-9.086657466609449
-4.434696806956845
-7.390925263348553
-6.177500777674760
-5.169882987375985
-8.184291078030700
-9.092140641379331
-7.937562439878345
-6.816840546644525
-6.461144767234716
-8.319133822002854
-8.601508915664612
-7.798836184518964
-6.902056869770050
-8.649690157267349
-9.434830286547493
-8.848177851734079
-7.699690409868536
-7.945025214700380
-8.812613945429934
-5.243620846475158
-8.011534218645828
-5.997238257247433
-3.899772206120184
-6.297061749642735
-5.882002395880970
-5.506323458347269
-6.652970593151203
-5.468289093724496
-3.571436121155501
-6.741252903018154
-7.476933522870013
-7.647652278739909
-9.750552267702236
-10.184422179957384
-4.312003288078407
-6.133347277564578
-9.815390684148738
-6.569314120852560
-8.419862463928672
-7.533761773945859
-8.551188245884841
-6.161805767447649
-7.473616030061968
-9.030233765445752
-7.100875012342226
-5.474226537277383
-8.298650685021157
-8.392973351943693
-6.824707119851473
-7.886470363188461
-6.021682016595396
-7.925567502038589
-4.859197911578105
-4.648576192707219
-6.783187035035646
-4.947124315593855
-8.093607003685218
-6.076100369455528
-4.700768562621076
-8.205153891691143
-8.239209347225374
-6.564798322285514
-8.200243089403818
-7.704050686827335
-4.431761963389842
-7.046927334742192
-7.465579834973285
-9.262902866448755
-8.155284598621046
-8.741966880866366
-8.386416024805879
-6.848767539715491
-9.653393561538911
-7.850903024429567
-7.997164776261806
-6.443266611845845
-9.482556624719681
-5.212632560190302
-7.189191937292317
-12.077734218942670
-9.000861779427094
-12.445898888554446
-8.213970023985048
-9.839305175484292
-12.801939559550261
-9.074027813936505
-11.903604899811388
-7.501508643628621
-11.541536068240113
-10.327507286433061
-9.623390203858227
-11.294764546227560
-10.392410008311716
-7.503707397817785
-12.710608232481315
-10.397808790133590
-7.337579122694638
-8.213465444996791
-8.015031760077834
-8.077640029253667
-11.146253542854820
-9.922945070299493
-9.898640277084008
-4.485334375627144
-8.019430175024082
-11.225866407365883
-10.237001975314584
-8.970554536585249
-9.644048935904545
-8.746266627422020
-9.906179021077465
-7.020430990880159
-7.541714537690962
-8.378130925150414
-10.359065684999342
-7.744546371553231
-6.161360469136862
-8.121951606152043
-5.416094005357757
-8.046185810385770
-8.279760382703927
-7.971190296461875
-10.313829082545555
-8.926617072815652
-13.133517632630980
-9.376269482296797
-5.004298468258203
-5.900943485780835
-8.071041979016369
-5.298980036988642
-8.003941606128400
-7.140177856353665
-8.049749674246412
-8.888799532361507
-7.427429827272904
-8.693810494683907
-8.562126972308901
-7.694847871218118
-7.493930197146941
-5.670416390131955
-8.971020718496057
-11.113640264258967
-7.373898438056515
-7.297378744171496
-9.545526443687418
-7.004675458970812
-6.098815258572230
-4.230459689713165
-6.735264063381449
-7.178593614057837
-8.306521978415322
-7.942816291624831
-6.959782976402868
-7.037604856069796
-6.507828000812392
-7.433016627591850
-5.784615312910361
-7.580735914784017
-6.668189193427272
-7.396390963262833
-9.207610801397886
-7.573811887715982
-8.576300893650570
-7.338333106704322
-6.717735299699768
-6.511735720416187
-9.344895641347362
-10.787742450509027
-8.819398611918652
-9.984682120814085
-9.239309801519552
-6.574819273402294
-8.896420668910507
-8.188000167755106
-5.603823704262487
-7.826321174216501
-12.191335963380029
-8.574893695321823
-8.268750546485753
-6.923589079535719
-8.236708126672035
-9.732265701266641
-9.130465505929090
-7.709445557617213
-10.499364441801433
-12.245384972394787
-11.958951325424316
-8.477430509511096
-8.619281827259728
-10.459847168793829
-6.712926518329600
-8.963497607336285
-7.208640304203191
-7.433028496113882
-4.615938417579872
-2.763210900590707
-3.428607823736442
-8.212947558586004
-7.641423555150172
-5.091234681962793
-7.800638190886600
-6.585826433055600
-6.897446540234223
-4.136067796683607
-4.738065572253553
-6.926017151418983
-5.452053905144355
-6.754257661015314
-6.213731163963395
-6.214958856722861
-4.814567373122712
-5.483334552904212
-5.867968243561935
-8.764461607357706
-6.171528976929569
-5.466553975417725
-5.358079760169698
-7.718414826910308
-9.157959012586065
-10.454629467559696
-8.243087713534262
-7.658818482606794
-8.084371677827656
-10.668177885586969
-10.575890902389117
-8.698049080655313
-8.986782693652057
-10.497108381513254
-9.968208317783619
-11.478881708540664
-10.045793699683600
-7.000189420188454
-7.547712142638733
-7.404701970799186
-7.132283268001138
-6.060080634039026
-4.941898124202274
-5.506176277859987
-6.365926897364072
-10.063322422183338
-7.955876016840001
-9.727790931458895
-8.662613674358287
-7.122808675395194
-6.759974284669721
-8.224796344014802
-9.595498358333847
-9.234464867142645
-5.509584995250082
-5.657016898172031
-9.746717991250881
-7.439036054119364
-6.975583094195615
-7.672726293793843
-10.825714990590841
-9.356951622658585
-7.916368229016443
-9.047015169838707
-8.528819896421492
-5.679505717490061
-6.261484361890779
-6.620595244152624
-8.153349907759752
-8.152060210027441
-10.089154683980299
-9.046156862662079
-7.871948380296854
-5.850203822483850
-8.252945438615967
-7.189069005336716
-8.446620103692112
-6.234472831479231
-7.850005526457809
-4.756456134088409
-7.123985307731482
-8.451801740531288
-8.595094059716175
-8.902822127289255
-7.166734767124847
-6.482515182457481
-4.894673242043496
-5.805246240547600
-4.859731416014285
-5.736561557875562
-5.336192797573360
-6.992248378211901
-7.686343507843774
-7.120337100277932
-9.850749496072339
-12.350442055947065
-8.019329461797952
-8.089505444561850
-8.095471984944984
-8.497895016524861
-6.461951533398433
-7.739359713013851
-6.986912255431566
-9.004893952666597
-8.606563586081442
-7.940895067178351
-5.369880083830562
-6.696076260154415
-4.971495970560275
-6.242900855233844
-4.406175073093052
-6.270583520473277
-5.069346954552922
-6.681958919023684
-5.483105418157461
-8.208034556889997
-7.446647883065609
-5.936208850002274
-6.091476195530588
-3.969772736950373
-7.565302324391281
-6.380608354124723
-4.518124713016984
-7.304342168770400
-7.604407168183067
-6.901433087079215
-7.390923395893880
-4.800507968658059
-7.467163627327231
-7.250052211330438
-5.815600706328022
-10.110237831453739
-7.607833679507044
-11.048924278872295
-7.679952366045183
-8.116579886155389
-7.715190268802607
-6.367142250273164
-9.376501331769791
-7.875131124191996
-7.841809824293712
-7.552218693239467
-6.495510175766096
-6.903140190861334
-9.037993264951474
-10.546046195630908
-7.873698351488878
-4.936696836262247
-4.771575732657838
-7.421774026977690
-7.294505125258703
-8.539300052764371
-8.196511737813619
-10.408968829367833
-9.719206720702635
-9.497804430250532
-9.283661884247817
-4.237071704002303
-5.182636400149315
-6.098786660349560
-7.897462343659366
-8.182687983941422
-6.943618987409247
-8.573066890672996
-8.783179640676675
-8.795724301833280
-6.477098313285309
-9.217985347119109
-12.179316401026535
-6.101154824947007
-9.381582365019000
-6.555732463455521
-7.512678537971550
-7.926346758392162
-6.983887409125964
-10.548616750761827
-7.605766903099917
-7.686643445334337
-6.887357163547206
-7.338589274857590
-8.494449938510867
-8.237463033353650
-5.770604615218208
-7.231339109617902
-11.450959684666415
-6.968540594983338
-5.982035759186537
-8.123344026043499
-8.495848550414925
-7.544033601386456
-8.017593729158646
-5.450389081080318
-4.928185939332008
-7.027439814868844
-7.198745815935461
-6.138045459281180
-8.017405393184243
-8.676155567289452
-7.246916489253572
-7.980021774007986
-6.167501061492010
-8.499153747749306
-6.215810518366720
-10.719809713532014
-10.633679258769989
-8.399365397964871
-4.393239992011774
-5.128580145211139
-6.431066873553950
-9.142433480700436
-8.172273996529258
-4.532180934772478
-7.395389677764824
-6.902120220847502
-5.276772537007069
-5.114936320433792
-5.387756734513857
-4.440552149616989
-6.917195000734764
-5.567408063384351
-5.809001093847956
-4.250875929293587
-8.334582812036727
-5.101758074188161
-6.335257156694473
-5.803472316933560
-2.114921615850776
-5.275842773731634
-7.248797755230038
-6.597545271407346
-6.051432603968721
-8.721531568120847
-7.613317032452345
-4.003108723846527
-4.149574635520433
-5.317263925194657
-4.845002722836156
-4.045490511933092
-4.791308023698660
-5.331612949113230
-4.688294187282827
-5.064968629401166
-6.278487718984130
-8.966625242128481
-5.781509068708248
-7.500704379340205
-5.114600823271620
-6.866521785331135
-8.177706241306952
-8.117471306953965
-7.571546628480699
-5.280416085134958
-1.958923280284525
-3.273045064455626
-6.261274050347311
-8.244780418120284
-3.801525476037080
-5.219609023215032
-5.436415878004201
-7.870439506881837
-3.999062190208864
-4.785170129044749
-4.414662312830117
-7.137288932290996
-7.277362126062401
-5.013925319455597
-7.326020722649126
-7.044679392805368
-6.093807657611324
-7.817467427798883
-8.577403955985949
-4.466824994688068
-6.076786338993097
-6.308512421053350
-7.806264837162602
-5.378369576712306
-5.469658050736469
-6.884183202519450
-5.783356636339552
-9.571509343768286
-9.222488649944950
-7.240199385726362
-5.719657025029912
-8.373204903665947
-6.831632653428170
-8.773511474034862
-5.539364992436688
-5.949482177058022
-8.407890715659624
-9.855128071183623
-7.234504395921348
-8.798337583675519
-8.349355862990494
-7.995310229892984
-7.027034580270572
-5.805354834470190
-7.012438669186001
-5.599139217540199
-8.124749980557237
-7.193749223465509
-5.771262182914198
-8.858618511840099
-7.790421840413472
-6.063371399809549
-9.805461912709942
-5.414942318043771
-8.981355310096401
-7.943914684626576
-7.649729718827825
-5.027875690829475
-5.117087721987372
-5.218520015144945
-6.025819540948071
-7.185561853412652
-8.133166000868952
-5.013088574324123
-5.624800368877474
-6.656334214587525
-6.733919699908413
-7.798242274209277
-6.704195571835568
-7.114210698055000
-6.729135232477183
-7.191474561129879
-7.110121865966549
-6.155435899500592
-8.813002857454061
-4.904167925755714
-8.299074447915215
-6.457246513844584
-8.056212922587399
-7.979863551943375
-5.646346095638446
-8.306009621491022
-7.651345246320038
-8.039319855475064
-8.508796610135336
-6.134589444668505
-8.831662501253774
-6.896694187179330
-6.150482115718676
-10.584894830254669
-6.827625545010711
-9.461199210654977
-9.153305211189981
-6.972633693618016
-6.151381617408703
-9.498933904205488
-8.319742082628990
-7.831828804780383
-7.097021877786124
-8.263230746195090
-8.413128921484690
-9.804890242181790
-9.119686418675890
-6.958245358874614
-9.365837017803992
-6.425939962084417
-8.927404297512435
-7.130645091332038
-4.310836857352074
-8.349497765194753
-6.232503546777600
-7.951659218568584
-5.899651938820864
-8.525404134663427
-8.827564406552542
-7.572847840141341
-9.070604280537207
-8.315841262043229
-6.845749389718863
-5.863559665366518
-8.525326569811218
-10.089918287286970
-8.170693636207995
-7.182013973131026
-6.095777988109092
-10.433570041141172
-9.412269725577929
-6.061744801180599
-12.997333163592847
-6.491215486197389
-6.991231533418683
-6.372014944112500
-9.986540106280431
-5.963172783526947
-8.172138277185013
-8.528390964976078
-8.061526077794701
-6.303330743597846
-6.905728234868675
-8.060157321946408
-9.771386027115371
-8.028756594178649
-8.094478549874436
-8.815911910880795
-8.251648225214341
-7.852659488917722
-8.544668720763068
-4.823561230178328
-5.460937230235761
-3.897085933985311
-4.411945716725073
-6.297229342557357
-6.288976625558177
-6.819732176194915
-5.184561847323788
-6.247500529894947
-8.991250384269236
-8.234612857909436
-5.287975528798823
-10.995753456012951
-7.830732618286203
-1.751879540116397
-4.503840292643545
-4.006991447916587
-6.969357838244402
-8.226086758810407
-7.237692810283152
-5.465671189538559
-8.440203654299253
-7.177758546106576
-5.241388694201754
-7.602175979076374
-5.951771146175118
-7.025348621385403
-6.223938666649969
-7.486764139964823
-10.188590397321061
-7.991325842682550
-5.544731901551372
-10.261724606499760
-7.406480293334691
-8.840602413228746
-9.617898797147154
-8.729766645396095
-7.579835754346743
-10.296804611569090
-8.731679580728242
-8.184658788759956
-9.135258022881839
-5.184169541919515
-7.686614447311931
-7.027346168994719
-2.945770090136603
-5.260020450600876
-5.145799194123214
-6.891665348726791
-8.352794508697334
-6.501613401700457
-7.166680658475382
-7.149391964197260
-7.705851332722436
-8.593011469157533
-7.877373106598718
-9.198823535524189
-8.135850618489037
-8.591881901923619
-6.470058768537301
-9.086050882244844
-8.024095728913721
-11.635193558921966
-12.284455690903131
-7.324020073367745
-9.864765961446695
-8.609039159062867
-5.961503730969808
-10.800643978532813
-7.820977301761655
-9.232771023440828
-9.655567554950689
-7.134548004047203
-8.357245731859004
-7.588877529296212
-9.859067068509081
-9.866829705373117
-10.311043286832543
-10.736818675741457
-11.426181286305466
-7.734766178199293
-9.149939478305679
-7.349277448908434
-8.653732629124011
-8.487056742197460
-10.976959667833160
-8.426886672211285
-7.184911189107576
-8.791462859404520
-7.251376136058275
-4.938855160858179
-7.413661747977573
-5.368282894145043
-6.675607739712341
-7.703893485188035
-8.820049693887409
-7.734732933517714
-7.179890312494734
-10.523518041049904
-9.008945101084564
-7.570128481363535
-10.462716646058757
-9.937594454129576
-6.198899643912808
-7.322331710252720
-8.806269012784524
-6.261269979532543
-7.484556047763653
-10.374978047161200
-9.348730931784791
-8.680923777850200
-10.222295823072598
-6.470907046624775
-9.052055872356348
-6.480764673961243
-10.519836977797212
-9.939792505580822
-8.355794735620126
-9.880349003323520
-7.647043697172040
-8.611748280349655
-7.902384224217418
-10.030727861517242
-8.637781260138709
-6.800435891282414
-5.526769324691703
-5.915241395979658
-7.496725136141067
-7.354397572168646
-9.620868871531851
-6.836561075472190
-5.906691599916758
-8.137995261046271
-7.602162658517542
-5.673911165133130
-7.220106035239121
-4.550773700532777
-5.079443916586649
-7.169967735917321
-8.738067435056333
-11.386924940554977
-11.403085954300256
-5.977933592696248
-6.495850446669247
-6.452990676346248
-6.803175671330663
-5.670131035511019
-6.559038144920516
-6.854715991504105
-7.705125242030925
-5.585549757275796
-7.255978460618833
-2.783306400830245
-5.291226712183916
-9.215262461526400
-5.705632499974315
-8.715177416073129
-6.153976173560437
-9.506044614657675
-10.534352730337565
-6.828190380336786
-8.611891669234883
-9.576805251268793
-11.199275265970501
-8.746378181953887
-11.075647046780665
-4.449802365496474
-6.780573247207291
-6.972364928267167
-4.428129523132879
-6.925378662810383
-6.430972670380596
-8.731101676281449
-8.870065193545216
-8.804365229038607
-7.561204258550031
-9.593870810569447
-10.267467294605892
-6.407711300135683
-6.855033964727253
-8.148435144503534
-9.332951906689658
-9.309340002760868
-6.399495590577867
-9.130638125285246
-8.745431015873050
-11.336923636689692
-8.713850955153079
-9.871647019717331
-8.416280017010401
-10.353917279143909
-7.268845227977416
-7.082491857906173
-10.750348079725162
-7.046226221702020
-6.397154039285386
-10.586680552260869
-5.623591866675334
-7.757478925384483
-8.188745046991540
-5.761272401238529
-8.950395538035107
-8.164460962850793
-8.648054615428087
-8.567561744718436
-8.545209186350078
-3.247528301386458
-6.115237085912412
-4.282565252258162
-5.124979491556561
-4.194296167145017
-9.567353811366882
-6.306229736317998
-9.283954947723807
-6.939528652286477
-7.992285550473477
-4.190152357403798
-6.394634604051068
-6.812260469615719
-5.427466862475053
-10.153053926848511
-9.809331120434283
-9.378107032042074
-9.738284385047475
-6.433697047969837
-8.776538336686398
-9.479756652003886
-9.846269930406487
-8.283323224712612
-7.487015080234777
-5.695772030458713
-6.753340442487546
-7.135609502829497
-5.897115178034502
-8.346484389805573
-7.789853449877253
-6.764536411736263
-5.424390752046752
-7.204807998839250
-6.246074909221970
-6.573302402846192
-9.335567967259074
-6.732546606779977
-8.913904998818355
-4.288741991264028
-6.658800990192494
-4.343635591881469
-7.460503548235224
-5.038221716310397
-4.108478823936928
-6.439326297914071
-5.868859492706340
-6.024690684863004
-8.001069180873529
-6.078017399211612
-8.893159792678649
-10.142965376089707
-5.066952216246451
-4.882542037621639
-9.431505994351619
-9.130547735221658
-5.970075861989369
-8.173158351913472
-7.524367936253458
-9.100429777994965
-9.992429371775643
-10.126762581973875
-9.051437832748061
-8.548913990713821
-8.791762573342652
-8.681825645997819
-8.104415907123956
-9.548982156625907
-7.803796411870421
-9.952491981021627
-8.464139636769753
-7.587512085319724
-5.498761520745513
-8.862715704229712
-5.193491542032747
-9.398983693361616
-8.378463955595386
-8.403587289972732
-11.348517285729873
-9.891891580566512
-11.526687658720428
-9.406757455455761
-10.613451233448098
-8.455101791627092
-12.005752444747293
-3.446518988515951
-5.789415916588061
-5.849756579122728
-4.860931644799573
-7.127648660335339
-7.296501581571389
-7.403946576612876
-7.185255904587408
-7.034605386152408
-7.440905562331166
-6.358766566222447
-8.260345884569174
-4.782642669766219
-5.486719005557946
-7.902505538631322
-4.310941881092528
-4.967546036420833
-7.417629249486559
-5.916903545798249
-6.917875500345612
-5.620299098890505
-9.462422754692920
-7.767495802142277
-5.785517754624644
-10.354668624634051
-8.259910245313074
-6.557869145587551
-11.969391321055692
-10.668033286494975
-8.011403663300728
-5.793503538496977
-10.729161279773693
-7.112901940091869
-9.934123427164025
-9.255813421103921
-8.622306033681522
-8.421186486146752
-11.559146942389338
-4.692859022051796
-9.513203227468862
-7.611497836926422
-6.187170074663485
-4.104814351607268
-6.455487714794375
-3.282221846908218
-3.985889714626411
-7.120781219357898
-10.235223059856553
-5.014561003416008
-7.561032296870514
-7.875333440669509
-4.514947179017788
-10.199185704922279
-6.695189162478826
-4.594087859638965
-7.221969427140883
-6.052355504785954
-6.105322179465690
-7.200264641983291
-5.761407927861090
-7.619643245159100
-7.781024334379518
-9.417859583939116
-7.990076074407615
-8.095499544859114
-8.579680961767981
-7.213791621402382
-7.640944748248958
-6.905516146681513
-6.101423393920550
-5.265229968993680
-9.885277677869423
-5.822053243777752
-7.724980683979661
-9.001734781635093
-6.455718030214284
-5.561225927943449
-6.484655339340681
-12.548027628031031
-10.099979345978721
-9.495696041960548
-9.532356711329809
-7.841962569260146
-9.842942213467714
-8.146881179099973
-3.712733969011614
-4.099602317206707
-3.522826127900846
-3.178901776368964
-6.831436063309436
-8.133642557854520
-7.546286171812789
-4.560303603429430
-9.596025301689203
-8.289691610191076
-8.699028010409137
-7.425215206771595
-7.198712178367046
-8.130310855852857
-9.025957141411261
-5.458115277443282
-10.035409291553995
-6.431196432334758
-5.103154451546612
-9.456759001540904
-7.417784379898850
-6.886634951563058
-9.759733332223096
-8.821121269011106
-12.623220570237450
-10.189691556352926
-9.006724252663474
-10.152778521678748
-10.770763874701480
-6.579549225014786
-9.588693759021156
-8.153528020164483
-7.014367662543226
-9.853018292264711
-10.020154688524434
-7.552639262490531
-8.782379121953214
-7.859110711976224
-7.124884190330715
-9.601170311174601
-6.473266160526320
-8.987518485831686
-10.385614158868171
-7.173001517397520
-8.779632464508360
-8.596298534350518
-7.988670311915870
-10.186170066611451
-5.985483581599018
-8.925054032430191
-7.540920440633333
-10.642591612107585
-9.291257663303968
-8.250203439137188
-8.831318943587018
-8.484119971608196
-9.125954543854187
-6.648788943606509
-7.836950786510243
-9.286986211782668
-7.784259428738380
-9.553128703855119
-10.543806457029806
-8.782578596062219
-11.935748716739829
-11.152385232990715
-9.965556649209956
-10.628271588677512
-11.054323075879280
-11.403221497330044
-9.343508217969447
-8.358699517057483
-9.673616918259269
-10.705544095619766
-10.834999763708550
-11.975481236053369
-13.495266264343275
-8.534168636531543
-7.708328261522216
-12.551808353431770
-6.777426567918877
-9.152771745208387
-4.113677321205908
-8.893054419720499
-2.738499226801720
-7.481255019018695
-8.215932179899573
-13.679634816072150
-8.024888161013411
-8.887161668084978
-10.484556514297607
-9.263844291904222
-6.579993465143790
-11.425077735723296
-7.599281181444362
-8.693890719562502
-7.997484590568156
-6.715303304450309
-15.406366358435140
-6.524935585981646
-8.998958543419793
-5.869563582855329
-3.689739050236794
-11.469905084457130
-9.464165365351825
-9.534873688583790
-9.597915191992993
-11.714593966577151
-8.664374794767220
-6.942537567866581
-6.501061224382025
-7.230305480056332
-7.857036861990970
-8.924932311530904
-11.122508222653588
-9.676142628517665
-7.320112329957356
-13.613719244206369
-10.430327816138519
-8.811337304258496
-8.784507279290136
-10.736214301916061
-12.416980340833328
-10.660407426976777
-5.996808706196456
-9.720635662056225
-10.796936901181319
-11.870762589613880
-8.991016532434408
-8.039382501382709
-7.673663821544738
-8.762679568738145
-7.496403570337122
-12.134879955575375
-10.273016674319221
-9.032767186463840
-9.551550921964896
-10.891218116560914
-7.637689275171852
-8.846829109282529
-8.665701697793102
-12.061723023207145
-7.799602268313305
-7.849247369057115
-2.947690900352677
-9.580367514956414
-6.942940708246900
-6.298980184817946
-8.723499924450188
-9.621712376604684
-7.792397181360418
-7.406450500283230
-7.371024495290637
-6.901011722957853
-7.340954586040316
-7.908629916434141
-6.723446727875862
-9.183064946168198
-7.905743416203410
-8.225864415887601
-12.708679333153015
-9.006630119776492
-6.274107036238165
-9.658104078430501
-5.582663879317751
-8.321004437883399
-7.477823911983044
-9.200594345032853
-9.278764663573057
-7.908388340227750
-10.361150307431842
-8.967203154498360
-7.508363220118534
-7.558798440431918
-9.173081703107311
-12.355430396461532
-12.752468296924627
-8.808758864193921
-7.453837968681561
-6.514196296700868
-8.288925869583984
-11.764971933864338
-11.436567451505987
-8.829932892128276
-7.304065780230371
-6.725273013601813
-7.808280574456860
-6.757018090605875
-8.163089854427506
-8.713738968563401
-8.108546093792668
-6.548228735889988
-3.713019129872971
-3.276038805505246
-4.232846610517004
-7.001550092155915
-5.455655245612667
-9.813289553843180
-7.353784982880521
-6.684117451745581
-5.001912491298709
-6.529278832044182
-7.256250194782583
-4.958003445677912
-5.978630357268782
-5.594314938554978
-6.000544866153363
-7.750222621209113
-7.607685580683537
-10.363280277353459
-8.600110700496945
-7.341965290468131
-7.064883215458145
-6.424005360909081
-7.010908172472935
-7.602989752403873
-7.533781776472630
-4.542264968053705
-10.504299279385521
-10.090672289419086
-7.748574898897318
-11.022285238408303
-6.578852297206957
-7.251108581030055
-8.065206582206713
-10.978280519495197
-8.602588781755518
-9.222365261234010
-9.128725718307614
-10.979841639949450
-9.390296264764958
-12.565833897639132
-10.254201653562088
-10.484804057370683
-8.595503567040774
-7.281875099192415
-5.899257434235452
-8.133646373728833
-7.021301241128904
-10.232522199041458
-9.259358518991670
-7.739543644613279
-11.043297765946347
-9.617677631416001
-8.511361435175386
-4.897124684316631
-3.592226649683864
-6.041485533128178
-6.383237850787872
-5.861845871748661
-4.560532386306400
-8.237938023621995
-7.078372885446290
-5.859721049577797
-6.910226559771709
-6.808462188411909
-10.501361586667276
-9.640161972588116
-6.399331756066658
-9.831872737916157
-8.233459814700831
-10.439293395214948
-7.291718650647013
-7.836361634412042
-10.407186143622756
-5.694047572465993
-7.993000578150479
-6.670089843521223
-7.452018051497594
-9.029721757020619
-7.779458022661177
-9.146800133774823
-8.402746212409017
-7.783371418024968
-6.854841649946509
-6.231475099376470
-8.788387622405399
-5.793725320855582
-8.222689774140495
-8.530789994421873
-9.280995708161615
-8.240664630358959
-9.280183433894239
-8.021081752757409
-9.693037226439492
-7.035472755229013
-6.176495951603200
-7.454736221109317
-7.595576312374244
-7.622125746736597
-9.239262018997762
-7.922696102446008
-9.644870041941449
-6.371328894750460
-8.633184291318756
-6.036734760991589
-5.987972447322757
-8.206108565622891
-6.609406962097625
-8.754308276915298
-6.543912016476730
-4.482739176578176
-7.033559117471568
-9.052258070771492
-6.291647813917592
-10.715371895404138
-6.540695577391272
-5.288689215379867
-6.783755145138057
-6.657026477893859
-7.508838630762635
-7.853681577235037
-6.745438420578551
-9.840114757432561
-6.536022097581736
-8.220850392421392
-8.246133772335245
-5.548419043575124
-8.444080571096597
-8.015762958060259
-8.324200963862303
-9.650640251950472
-10.784404586057065
-11.735171565228857
-11.092302933592237
-7.065228984734426
-8.025595746031392
-8.576582919957829
-7.186237084823709
-8.980908691554983
-6.114732516261459
-6.984209023230354
-9.804644843166702
-6.946417130204463
-7.999856689097057
-10.655532275676965
-10.725971573603944
-9.481288662873931
-9.324134436198177
-8.231168855223757
-7.955574213747313
-5.933543503967580
-8.591170425692038
-10.555285668111889
-8.228839202895182
-9.401727658471350
-10.159751536147121
-5.845286479139075
-7.479669533579029
-6.737364018498162
-11.201820652612906
-9.871302430788340
-10.937563632236179
-8.700967784605272
-12.708813216154832
-9.561411211874567
-9.678817726463192
-10.770404759056870
-10.707263120691495
-8.263069312672732
-10.493829247255853
-6.703485944191634
-8.575255615580430
-10.103499008697936
-7.564679607550154
-10.261237007022126
-5.488048438762075
-7.258288112191383
-9.706476386161363
-5.213194361133874
-5.333260654947332
-7.485018946033760
-4.672247395198491
-8.104634271241302
-8.166638270829514
-6.866585477329566
-5.519976817321369
-7.381757744853815
-6.640430366373540
-12.757719597011265
-7.805922658827584
-9.270153620323104
-11.042764223265102
-13.113725629922770
-10.228613098519293
-9.027250665424257
-9.649832775709530
-8.593803554025309
-4.377364988052931
-11.328662564015788
-5.117051912779137
-5.446746281425037
-8.707056588052943
-7.587296510509602
-9.506992986385658
-6.932759560325612
-5.910615050434466
-11.589128640332410
-6.881723135003638
-6.953884558609946
-7.568011383547243
-10.173428671692294
-8.105446036254390
-7.082867022249072
-11.808879365012531
-8.541643450376284
-12.125292950887156
-6.996880449638771
-6.113434787867567
-8.489270757994754
-7.645307044265111
-7.672719233392187
-7.349579732333810
-9.322960664125135
-12.422718765684571
-10.382290524384892
-8.797446925033970
-11.336592423237530
-9.829154908518582
-10.945410269291582
-7.786317438935488
-10.010073966851873
-7.216886109175260
-9.860131849775041
-8.747560988288317
-10.155464011467908
-7.561796547341173
-8.464189553834636
-7.292363590528811
-8.669581402761789
-9.210985219218667
-8.342741221197935
-7.901774484783473
-7.245293280696602
-5.362889307746253
-4.940461508363946
-5.775132498884901
-7.117189607660880
-6.327174942057201
-9.086240552763263
-5.714691180761601
-7.010719422842522
-7.393375488382030
-5.539595748072289
-6.531626222745481
-6.376527195431837
-9.240281974915664
-7.784025879086117
-9.554739363011905
-6.732571655912441
-8.051595219380118
-10.464259368691158
-7.609542593454061
-8.754451077512661
-7.234403191698870
-7.585852834083886
-5.816336084052145
-6.389824449853447
-7.954959404411064
-5.222387350934546
-10.251301798380265
-8.575921842366290
-6.135993624963320
-7.172060738716414
-7.736260998068448
-8.433548714312671
-7.143847554949041
-4.330857112937319
-10.597211722713068
-9.340578326555896
-9.013721109536261
-7.700673427629106
-8.640667215134215
-8.378813412684639
-6.958437771737174
-6.421233928111905
-6.222279865443964
-8.898273349369290
-5.670147590211969
-6.791095689536933
-8.192993088553331
-9.589248683392224
-4.661520461508807
-7.753401301739524
-8.891512753737709
-6.365656258131129
-5.192479394535664
-5.530630474799795
-7.511642825961448
-8.461058828339919
-10.121622024016769
-5.168843391616796
-9.509882235393878
-6.026651782620675
-10.481438764080339
-6.718079650215207
-7.458644919831669
-7.028820595760433
-5.662826980168379
-9.607564977151959
-8.146142730541216
-9.005036804845872
-7.985121840594151
-8.152490901791960
-7.910463375994889
-8.078796882295830
-11.528931512039307
-8.334089442640309
-10.562262670682799
-8.377424281614131
-7.764616103784589
-9.612929242759167
-8.974101420128942
-7.440603324196647
-8.246625977434185
-6.252132037200372
-9.092728098630250
-8.274277917379440
-7.515707765856944
-8.565799370927616
-7.433758457117572
-6.723654402380198
-6.948979727810673
-10.951654738645091
-7.633492504607495
-8.236069338018169
-8.660821705488869
-9.035579293400723
-7.509687932401355
-9.419520898539645
-9.483609233882689
-12.491433721032159
-8.867739237545123
-10.832299812909602
-6.187497957262398
-7.977032642253008
-6.538341495032444
-7.416900540009928
-7.783297163930478
-10.508497609140941
-8.098533014597132
-8.889220790124735
-6.087536651750615
-9.964393409886519
-6.766101733490119
-4.340790315706971
-5.894458594836773
-4.771560926131634
-5.123728290020520
-8.421256320971072
-10.934425464721581
-10.606035362735817
-10.839881503590671
-7.538708697923409
-5.954646269557711
-6.749465195652295
-8.799038360810627
-8.838008400457785
-9.948600185415733
-8.587793519421030
-12.056639473231963
-10.791432848067902
-5.816807840748542
-9.635982170780867
-11.428875953271332
-9.876734297370898
-6.743477571741189
-7.604977355751230
-8.451845261338608
-11.190776500823963
-11.879675346390981
-10.555919059162616
-7.073025231937017
-9.841285416730626
-7.813380768882921
-10.303925244229568
-9.233094035002773
-7.139815832802734
-10.714450308089186
-8.677378222253207
-6.940033186117658
-11.988755924231709
-10.784910749583664
-9.034448625693143
-6.225774529803616
-8.081683792763124
-7.921577317819457
-10.961530909797984
-9.291185646715332
-7.460022001619766
-8.629241132645168
-8.273459771771268
-7.639977665205554
-8.707071700428610
-13.556416110037922
-8.147043174999077
-7.942763638050613
-8.390319699661656
-9.324226229436828
-10.090038161928774
-12.554515784426647
-8.844329007729604
-11.603170096696289
-11.992266978876815
-7.681802152714835
-8.746476911248083
-8.395670627369144
-11.265063187703749
-8.913409264370735
-11.982037055115237
-10.820261063071069
-8.262611940115615
-10.380404217296721
-10.216585560234202
-9.359127357464040
-13.081120278467534
-11.059278049254102
-11.030799349278468
-10.533421241499948
-7.223935905040937
-12.466208515694177
-10.283211077136917
-12.630418607518523
-7.780172420721343
-11.262097042968787
-8.542252249855251
-10.917823434577352
-9.898286671083808
-11.515086199144468
-13.930706749229444
-11.459422297365757
-10.986701896165512
-8.454075435447916
-9.474318472151717
-9.788783198129645
-12.699774265023251
-6.543313307174738
-10.678641212109133
-11.613188848818687
-8.223412130089377
-8.928257813856812
-10.172740077578847
-7.976086010883922
-9.648199427455705
-8.602058514729235
-12.022275316747871
-8.368062270678740
-7.274888081315557
-9.816337776979051
-7.698002536557690
-6.545289276935614
-8.739102746844264
-10.198373124768885
-11.420355899456835
-10.774156355678256
-8.618380452051172
-5.078917529410012
-7.195990385891017
-12.158646860027853
-8.978477336243680
-6.710880434930393
-5.624157350989203
-8.080179175883400
-5.962039946559032
-6.116907450326958
-7.799578327746789
-8.601574072334113
-12.786522890619365
-11.084055096960707
-9.474423796557435
-7.495313215660927
-8.676687135862423
-8.863083651378796
-7.368183509585307
-8.986550834538336
-7.300366514239459
-8.553264711850467
-7.157661295907159
-7.097725814862551
-6.604784585533929
-6.931369926353638
-7.724834929414475
-7.080350899708013
-7.621781148870495
-6.768962454313350
-7.754807562265682
-8.511789116491162
-9.497958674774853
-5.542344290365327
-7.205388383818041
-7.947051764452173
-8.016516103177914
-8.538503410588877
-8.664072685171030
-10.267770108681971
-8.426885607970773
-12.036855828188980
-6.936194635232233
-12.240470691663702
-6.892225173757181
-11.327085649166710
-7.065486535556691
-5.537032300025633
-9.258656008751492
-9.219583980269086
-5.476413186556989
-5.668280925253882
-6.514524024925906
-6.573892931140576
-6.557843179158453
-9.345335452518480
-7.222727186597126
-8.793814160072079
-8.741469927505774
-6.590672609080802
-4.152128515218281
-7.007287088235179
-7.052565508539888
-5.656332966608863
-7.396408719284277
-5.243257146771414
-7.126873216997353
-5.924486586414742
-7.029226396434810
-6.945657134597944
-5.753302154778613
-5.334080098901754
-6.814466754931380
-6.127289903862377
-4.768033159550990
-4.443226777744065
-5.221824805450171
-9.515007014799561
-9.157727081932993
-1.486369616747608
-8.336679299548779
-6.652594697233276
-7.416530238265297
-12.606655365643091
-8.418894423873288
-10.891791795608798
-6.183892313520544
-6.171005621291205
-8.514544559556590
-7.776366822380536
-6.034321399259425
-6.731376282189404
-9.404803865780563
-7.307256806683146
-7.756934455139236
-8.831198083773115
-11.421245078000746
-7.702637789350788
-8.745165982046025
-9.393730033885168
-8.495308452370555
-8.174339558219630
-8.634864893534269
-6.832772759680187
-4.786928919389306
-3.641451093011434
-4.217957009485565
-5.251080719788303
-7.617183836179270
-7.662513403976686
-4.237652301149752
-5.453477793260783
-3.518392856652220
-6.314971016375906
-6.620012765427674
-5.378881932132682
-8.454678845284738
-6.497670808072858
-9.637049702482505
-9.187371827245240
-4.092271592085064
-6.619181438666100
-8.767441319924620
-6.881848344114977
-6.163291457600431
-4.328071654405142
-5.995978199210150
-3.730938611145408
-4.557582761299535
-8.303221384367410
-9.490015073272618
-3.376455852417413
-4.493387407119718
-5.145872016559077
-5.817614079863690
-7.061591770226204
-5.792142476590743
-6.762367738140087
-5.691784459661625
-6.137955830166902
-7.833751102025045
-4.931964745768979
-7.542544824823021
-5.885388945720336
-6.281707960714239
-5.925379419876306
-6.977447796242801
-8.325703571270305
-7.164631351126348
-8.574003462913607
-9.673237443424764
-7.075761283590733
-7.266589926551479
-8.632566138496337
-6.389359013350867
-9.263234618069509
-8.017725675789979
-7.108888736287793
-6.414840316066371
-8.069377929278842
-7.895067514606955
-8.214745824966135
-7.852435416638418
-4.682173745950079
-3.723706314114035
-4.624761798797257
-5.176704061831056
-7.104386849908642
-6.964404897152378
-6.942227138180646
-7.963262568530882
-4.583957358420997
-8.950255416037299
-5.841551830658380
-9.869434286907374
-8.312095435756396
-8.044093588173689
-10.120038815749549
-7.906281397459271
-7.658351940119419
-6.246917494572891
-3.490310270960425
-4.090662050961088
-4.868017514668336
-6.191997043154159
-6.165951308331438
-6.543439995967971
-4.905627973781340
-4.497975940680137
-6.101437666597718
-6.297008421207385
-6.872444307525739
-8.943319519712244
-9.116694131856807
-4.874935616289321
-5.820741401981453
-5.912272893685511
-9.126804524995288
-11.178060659795634
-7.506857362702415
-8.129229371432087
-9.313785002257209
-5.886032862369808
-6.555046910630927
-8.494028354275983
-7.406795661152720
-7.724666553448280
-3.928189811800802
-6.939079065123151
-6.941473905731746
-7.273534341883134
-9.198031318729210
-9.033999653831115
-6.831207164096269
-7.254981723492758
-9.388797072868732
-5.742463635465369
-5.961970522451350
-7.789436711968861
-8.068146273382856
-8.189140035067981
-10.459279195732508
-3.564603364754705
-4.522975489360215
-5.102462989077372
-6.304880427353700
-8.977564048317920
-8.033813094063635
-5.975088817297011
-6.177125469992098
-5.945683370225628
-7.707206498383608
-8.917692681231586
-8.226796884580658
-4.999875457858757
-11.501606221303069
-10.266934268169996
-5.920354419364288
-5.933834342094531
-3.856668015053643
-6.429151878196025
-8.519488856396469
-8.049382793563494
-9.463823128982883
-8.324933898602756
-9.123759487749112
-7.846915171621786
-8.865824222093396
-5.779882203232186
-8.454906095265516
-5.769878258788665
-6.094779374704814
-9.311547146174442
-8.719781273271867
-8.521690392689491
-8.320601374732101
-8.059978721174721
-6.708093193063368
-7.891570924274627
-4.332908570710957
-5.336270484655042
-6.127598867029196
-8.561958691946820
-4.710424575896634
-8.256027087754141
-8.393310747564881
-6.789389263265509
-5.738205028932449
-7.936449352985078
-9.094244005882008
-10.989791649289554
-5.646815907714068
-8.903272752240825
-8.428419259706898
-8.088610215556924
-7.749986812236076
-8.510186974551301
-8.628174325217113
-6.546283556203264
-11.429605718174463
-9.619730850789569
-7.471649239217514
-8.225155206576868
-7.060252565119406
-8.935505887211184
-7.817490164184616
-7.750488662122295
-5.898428899067730
-5.565988268243953
-5.970973562290634
-6.907105539005504
-7.057488829663262
-6.886543677931238
-6.568797635181170
-6.597679978849320
-8.654117161122588
-5.590348862490809
-6.269301967066697
-11.325464713356357
-7.689441539506945
-8.012690206101732
-13.044623324092484
-11.437234131218819
-6.647329217634352
-10.618948479010774
-13.484448453503834
-9.833081613492249
-5.894754992929521
-9.752044535169503
-9.509087153021476
-8.645590397522120
-8.435342960173331
-9.040007573631737
-11.262147736431375
-10.377997358857531
-5.998978659881579
-6.176692473434632
-5.973193550907364
-7.515312558534314
-7.256987239549724
-6.980600359401904
-7.877418936955237
-5.571709599238115
-6.313902951524050
-8.850151305817246
-6.764450636761908
-9.303393175963613
-9.111186915389444
-8.136965891164650
-6.564174986659957
-6.526548138406713
-7.267779692617789
-7.732743531404888
-7.649105693606296
-4.947403421731668
-6.027078987276037
-4.594812774800265
-9.264257916100814
-6.526411040371493
-8.269424414537783
-5.544602406425697
-6.145485761780543
-8.373784054767963
-9.301980655017770
-8.573067059672187
-8.243246851092859
-5.996815379906146
-6.125027064873898
-9.476790326401868
-5.271260995142238
-5.849722305943357
-9.420175574763848
-8.671196008743912
-9.955108724880724
-5.814413375440862
-7.539694772253142
-11.533534323559460
-12.814048070767395
-8.759736301843803
-10.561474339833968
-5.453545925591649
-5.400499592052490
-5.678051648893429
-5.743878907208763
-7.248142058607147
-8.976978568254550
-10.327683930651400
-6.698981702215431
-8.591637279024280
-6.432787824980515
-5.968955930350182
-9.029713076820807
-7.909171371211523
-9.385510416168225
-8.588350746184069
-8.390552916284284
-8.304216274314227
-8.185550254602338
-9.125710416672650
-4.329620481819280
-6.060296783764723
-5.530889572985947
-9.623219826080277
-7.964090097587810
-8.665259994358944
-5.261459947153833
-5.538965315932534
-10.932064334234871
-6.076930373693640
-9.131074121859701
-9.354455201235883
-7.295138353166092
-9.166278465678509
-6.872550550741200
-8.197921029676278
-7.731009267836679
-7.907748295636976
-7.424545450805684
-7.609001522303530
-8.772165197963126
-6.968199825311722
-7.899172300763182
-9.611535680000390
-6.648504072567398
-11.267259158858170
-6.300153674146936
-7.052224745226678
-8.903739468171176
-9.838877239708022
-7.669470378829707
-9.206674016094411
-6.872126969608160
-10.053428473661446
-7.006339748973829
-8.102519099242778
-10.721280385063025
-7.623326021810623
-10.978350377742228
-10.178192145239940
-8.228086360074027
-10.397928989675085
-10.237413265134627
-9.151821013584565
-6.794181440985564
-6.386029977677913
-5.359085252004950
-7.309685731732538
-7.550348960262290
-4.626216143263410
-5.705645176944193
-5.331332303643957
-6.266498906504505
-8.183806178615276
-10.300919073647881
-6.419949201345790
-8.305762684063458
-7.941555013536178
-4.085326968393304
-5.761047707210140
-4.169387221904593
-9.270331051375194
-7.377115651643580
-5.982322587055218
-7.047022527375718
-6.812405272101822
-5.834823658304504
-5.141932146924501
-7.593566471541653
-7.034138696980935
-7.941292754639963
-5.027073897168521
-7.358082198841402
-7.992569936289248
-9.731096146418503
-5.531375621961787
-7.737820733138159
-6.688874360474308
-6.679505532699411
-5.160708879631191
-6.997398237567270
-5.325159391868501
-4.293845043899252
-6.513128769483179
-6.381074699717006
-7.776672905988899
-8.584984963430223
-6.244686225742093
-7.286755973435291
-6.874062535366645
-9.364060627829479
-7.876278327224177
-10.323202235277012
-9.505196927743608
-12.548579822982587
-9.708295207522758
-7.218229138179961
-8.094167034085327
-8.184447726384056
-5.456473063686267
-7.533933949043234
-7.184312928812463
-6.189777246345485
-7.739581432161549
-6.778501970969171
-6.766457403495130
-6.878200253867496
-7.186384191216249
-10.646320702022845
-5.712524590324261
-6.076240883058899
-7.149240336276704
-8.764190241596465
-8.093874865287983
-5.392837278108188
-5.658242025735722
-6.449470167734622
-9.184536886015737
-8.617825306510790
-8.834898943438262
-10.656479089123877
-8.639174596195316
-8.369293401445304
-9.239034868503847
-7.080610930711274
-9.124667418015900
-7.846217195390737
-7.621445341586504
-8.017918595582088
-8.041001507115769
-1.715862655012989
-5.301230126448204
-6.892797888439005
-7.233410144060004
-6.251960710197570
-6.444456742267504
-8.214558288766804
-6.765041579981129
-10.684312188898033
-7.210558151723578
-8.156271248065197
-6.540431093325251
-8.745554014635527
-7.559184161213133
-7.250318255183596
-8.766353752548453
-6.857845607751212
-7.836145425918161
-9.617223735841481
-8.090312015560333
-12.123993265698696
-10.398128746286753
-9.161016692727062
-6.797137277643575
-9.560052013734316
-10.570056523986342
-8.937242205338567
-13.324797611275834
-7.193486592812938
-6.494331605818322
-8.379194567636292
-5.428337467848167
-5.769665698950297
-7.818879376631115
-6.475021672331201
-6.968569320638831
-10.663931050775661
-11.898999898326338
-8.256401979765625
-3.498599820306291
-4.708370362532677
-11.730002431816823
-12.852425816521276
-7.852325165654270
-5.652585468465708
-4.743138008527193
-5.954951613416624
-8.751497888788583
-7.271907970227040
-5.531526187183790
-6.742272460588485
-6.947468950974178
-5.627621406222448
-9.106913865377923
-7.974052516825261
-7.711661051121760
-7.459718111222124
-8.766522079934557
-6.961608894414885
-6.139771960529560
-5.180106333729598
-6.212904861249255
-6.270431611796603
-8.766288206119352
-8.584509701729111
-6.637072736967498
-7.616578200543482
-5.818407726970886
-6.110183510405014
-7.917510574767313
-5.966493064979652
-7.157302953799082
-9.362323836066945
-4.833172932407988
-7.047190598499032
-5.347861139383783
-7.535292941008683
-4.938421473169243
-6.378614119903305
-4.853210247161583
-6.099106334092411
-8.766683429967749
-7.167595510626852
-7.309149299852964
-5.522973744558919
-6.986411282623595
-7.456021278115309
-9.121986541982480
-8.500046945369537
-5.938818360813519
-8.599273248369617
-7.353756093158438
-8.375852478933524
-8.212676090411280
-7.200771187519395
-10.267869684280114
-8.345872598770866
-6.356737284990698
-7.768684106665982
-5.677806265282516
-7.224084980669689
-7.717407475432566
-7.661065467924938
-7.209773046590381
-7.324598103697684
-7.424540257508703
-6.455795989406668
-8.176101248160791
-8.255285213527513
-7.979096498674440
-5.012718872556103
-10.184950991589288
-7.816979826363624
-8.591040226896340
-3.998379620827530
-7.738749546257901
-7.987690882112685
-10.690185824372275
-7.404269203470625
-9.393273736736335
-9.075205022032559
-4.263624746001065
-6.094152946032884
-6.434138415117795
-6.001010072780541
-5.094398916063724
-7.639568195250635
-6.045849644114756
-6.934691891991625
-8.563908085086545
-8.108497325189012
-6.881639524682961
-7.752282625636177
-7.239156354928540
-8.945332252292893
-6.931774986700736
-7.124446135852975
-7.927034690760346
-9.668977733709275
-10.080755415339715
-8.455678938673898
-7.467540466929676
-4.719395809452932
-5.888033582366375
-7.782090113926991
-6.589698786468311
-5.803689787651954
-6.198701966754810
-6.629973009277506
-5.983118335300278
-6.400227360792153
-9.726474817048070
-7.899213723896902
-11.926703248144577
-13.525175006430995
-8.561868957461691
-11.189006178651276
-10.708161344362411
-10.457425304250886
-8.376799548762623
-8.890790679326868
-7.383572533186968
-6.309345402659998
-10.243099505160725
-9.139797779901546
-8.389222509158564
-9.496192057143345
-5.987069639656898
-6.400504033865754
-7.329212219340915
-7.886575772701834
-7.162628194908742
-10.161082617104574
-5.359971916794160
-5.376245914467417
-8.080254247526877
-9.635811120792532
-9.396561363160995
-10.710663490941059
-15.977079307495433
-9.342453257706705
-9.382395881786502
-6.543573617797796
-8.235474395964850
-8.416839160986550
-7.033018056369667
-5.636094515557751
-8.743206792894819
-7.821228436269736
-8.961308433669632
-7.143696331345396
-7.532578505044583
-7.602536108680336
-5.426226488981802
-6.575857377300089
-6.428063205962821
-6.280276403253994
-7.426139648618268
-5.071925414507456
-8.283923817091090
-6.981403453255672
-6.571910088087599
-5.957769154080707
-7.802621385114888
-9.050383825820465
-10.084342437105752
-8.877444030264694
-8.010771903982278
-7.470374435384366
-7.203621195347454
-5.775414462666939
-4.326390649243660
-12.004576705937465
-8.283154907094071
-5.619305292201227
-6.744929831567616
-7.766312195639144
-10.461009822191846
-9.742443750240025
-7.604626667214775
-9.433573813751183
-7.021690019584821
-9.763752197506333
-5.488018157544564
-5.832921817584827
-6.087476567954186
-7.151402068029467
-11.147621250865303
-6.099016978838746
-5.662424363381791
-7.327961182405847
-11.216526219146992
-7.892737076797191
-8.019168340604558
-11.926624210343059
-10.627116573074732
-10.610838359642964
-8.683338861958712
-11.882840325738746
-7.618708411296571
-8.521968184430664
-12.320481564243725
-8.396044284282718
-9.701747680103646
-8.521563833946967
-7.310846163712181
-8.892421674171308
-8.847603621481586
-8.608436129715525
-6.011304470511211
-10.721106393646902
-9.483514061809576
-8.483774866776727
-6.897489188165032
-7.570093448545379
-7.045185435507754
-10.635089831275351
-10.488134728765257
-10.887466780273114
-10.975487372398927
-8.285004167111197
-4.478092110836427
-5.760803444589960
-7.371981970666961
-8.853989031767746
-1.676809798939789
-4.658069161686381
-8.852297671416624
-7.750201808234153
-8.151984326188241
-8.338075182561267
-8.565560158082294
-8.568770339334980
-10.155910456838027
-8.714612643645431
-8.989384094567450
-8.380665263527492
-7.157198132985432
-6.461117988850707
-7.741022695369308
-4.793102360711348
-6.345883587514686
-3.514728353648513
-4.803026998154521
-6.194905371965732
-9.229432148905312
-7.622427537339417
-8.424523718789557
-6.276740734227503
-7.242092588465991
-7.612012801476813
-8.688616061122602
-5.325369306728331
-7.764030665063758
-8.002336066925169
-9.637083877110959
-7.826355498352588
-9.103101385341088
-7.247514045296137
-7.352813446805191
-9.432861713274365
-8.661191008345043
-8.293403870431019
-5.927784858367772
-11.655765818625937
-5.911179545356265
-8.152670072570345
-10.535519397872568
-7.543202736800924
-9.062373583027481
-6.597508739676344
-9.252815905239656
-7.801491461663312
-9.481789722309216
-6.399345116658737
-8.573851351824112
-8.096914442834365
-10.824120438709713
-5.302130814792266
-5.048714189614987
-7.651538217510618
-7.744380598407380
-6.523148163792359
-7.214391962482177
-7.462342343934599
-8.557105008790300
-6.805573685903199
-9.183027273477688
-8.210071347978760
-7.615002980798286
-10.984789338826536
-7.415752280166998
-9.860459568710525
-10.830631589827899
-9.862235440120449
-8.947496500834003
-7.113567074244794
-7.495945393757731
-7.847499169392434
-7.078356542605094
-7.101871206960806
-8.399844046498252
-6.317061334457857
-6.340392382156960
-8.144545992784986
-9.735714539848836
-6.758992281483708
-8.919374501423905
-8.186091287478316
-9.007853624111691
-5.584480928196183
-6.872542500072388
-6.621186086161805
-7.864601028016936
-7.439367248542471
-8.554099456845186
-12.667521168733860
-9.232355078282373
-11.686605690665488
-7.960469267590555
-7.222242666824839
-7.897820832530106
-5.886915639144538
-10.720722067386202
-8.959198930596322
-10.511240849613035
-7.013235724917470
-12.844192865883063
-8.656474853653066
-11.145999228706442
-8.407115025122332
-9.744895609046234
-10.919768962362028
-9.658247834463619
-11.625869808890979
-6.798567486218598
-11.370653284358230
-11.090354539906970
-10.940289893338516
-7.535027057135719
-7.541326189858965
-6.302881031771567
-7.022559460423958
-6.122803840884444
-8.701311746703956
-9.823555875304002
-7.785267133667897
-8.631047616530115
-8.951874449206139
-7.259164195213463
-7.962891864935148
-6.664769942008709
-6.784271611640817
-9.940095698195799
-8.496534905233247
-9.262143116571517
-9.249719189565360
-11.273203340372580
-8.177348224485518
-7.247622757406275
-7.055456463275768
-9.897382564188087
-7.406648391587530
-7.438130338550097
-9.868773545260014
-8.229535654322964
-8.926145460134579
-7.706302018825800
-7.960801213378055
-9.867765270307853
-10.926991459770118
-8.276669348881313
-12.224906451491940
-10.547845089223920
-11.865358655988452
-10.995945915657916
-9.914501495525744
-12.508659058933040
-7.469268967240636
-7.486285513026730
-8.348087169456409
-9.682743359945581
-11.209349806178562
-8.358011944431896
-10.096778078100783
-9.478631429887706
-9.604611294949004
-8.453145816075381
-9.427256398831947
-9.638101480143014
-7.446579332979014
-8.006022535503893
-10.457986576342586
-12.213589262185858
-8.071790333534638
-10.767072747249919
-7.753195516768559
-8.672769040905983
-11.508776314655819
-11.580673362247923
-9.398051031788595
-11.563459741422173
-10.352558919498364
-10.302487620010956
-13.856394455053847
-13.607728696816999
-9.753269881831637
-11.272996954112317
-11.817810094607363
-10.766472242507620
-8.901707457574231
-10.116205452132860
-12.155359321107126
-12.562262615205539
-8.896362960419539
-7.516655840493708
-12.783635682347919
-11.003513146820996
-8.386000828244736
-9.595959766221434
-8.898770887026362
-12.510660956842417
-11.139480050177511
-9.064898299092686
-11.875472189572822
-12.287562221812021
-8.647858012140860
-4.066711265542482
-7.069547491281290
-6.549460519688608
-7.667509417774577
-8.641981313685525
-7.957377241410117
-6.643913273144004
-7.294621882320767
-5.655581863964252
-5.914038058489085
-8.340864398890458
-8.892866418611726
-7.469648993825758
-10.917343124483788
-9.845315431007281
-11.862954039964203
-5.662700478630840
-5.981701501243515
-7.757446678456659
-8.425456821387687
-8.632513258612827
-5.895378479640995
-6.048937470823273
-6.215899211527301
-10.246424272090460
-13.666616683349805
-7.155146639060935
-8.549164045209423
-8.165118528655523
-7.629849867233927
-9.151026216611093
-10.885370390204196
-9.039389514376397
-9.151679819775930
-8.819704992328157
-9.423261707538225
-8.796673562750863
-5.854824814834717
-7.730051270854644
-7.882026021057556
-7.123716327780209
-6.788247179409283
-9.622878040741178
-6.389259523275425
-7.730366100599778
-6.386726293953836
-9.583243649660160
-11.398797348213762
-7.242890403130918
-6.179168190384558
-7.248835584922793
-9.170665073608749
-9.717757694947059
-12.578395471040508
-6.398537357059203
-7.171042202966473
-9.192002587658299
-11.063744947364325
-9.067758294784740
-7.105099361182982
-7.812076891569388
-5.958250392522440
-10.908617565063095
-9.802917398425178
-6.662812088787645
-10.531154873873195
-8.146022244873928
-7.383433981640460
-10.004864433954863
-5.691032155311325
-4.723218739246956
-8.301180020807692
-8.491786462827331
-9.064025508895611
-10.628587971014666
-13.690235520101218
-9.708379158684521
-8.408747386389994
-10.329866579718479
-7.927977230486678
-8.671162714039228
-7.002062813004243
-7.938977481639241
-8.458902717115286
-11.582177531908862
-8.050996517583176
-9.984449984802184
-8.060011939501329
-12.264168621790983
-8.777056205289211
-12.169003740007657
-13.605276115865562
-11.343273229772601
-6.774160587445148
-7.254452386416404
-8.153104723586788
-7.950324506870786
-9.213358548468744
-8.103884336290248
-6.630207311348561
-6.005901042927521
-7.051283966741599
-7.057825297229815
-6.472913332613025
-6.688830834272938
-11.404798891133987
-9.802980331289739
-5.169975809965971
-7.915772756241267
-9.483020715882843
-9.564804283586904
-8.662698295378872
-8.253645349394622
-5.814153147022511
-8.268094473313045
-6.984687696789639
-6.148719644730224
-8.260108718919994
-8.371470113684902
-7.093369429234245
-9.692965166626346
-6.985663558793647
-6.357499507023370
-5.638368799590400
-9.152960764172729
-6.017348360904329
-7.734564697726753
-7.038716663681185
-7.731770174156064
-9.723097133018056
-5.548262476768604
-7.623111026879247
-6.124676943483969
-7.817661307233619
-8.970983965627315
-8.126418036799270
-7.371425859859243
-7.176227926755976
-6.002030076600265
-9.351892107183616
-11.990684848813283
-7.186392061993814
-7.557330346225588
-8.808285585057964
-7.483745375507303
-6.567409819719576
-9.579127420296819
-7.819910312769551
-12.365876552877870
-6.926104090664675
-7.999991535683033
-8.322859998735879
-8.102673224352996
-7.452382510601026
-8.589911758162510
-5.354731824443737
-7.516673925914977
-6.801365307275753
-7.515724936080186
-9.237968075619703
-8.552838111209281
-8.605051060089263
-7.200326179540570
-6.721065374838973
-6.980408099689674
-8.634643965204617
-8.700797409199895
-6.554092617148957
-10.110579391615344
-8.489472745294321
-6.934969879096180
-11.575849258919591
-6.372911356809885
-10.213324287232629
-9.575338954446279
-6.196461432412186
-5.367948822262685
-7.717562903805765
-8.207244708201825
-8.816072855891724
-7.135884463028585
-9.091307626062267
-6.226570900431390
-5.869136175379960
-6.245712780245310
-8.118022835753532
-8.005493260874026
-8.591218686555850
-10.705738297531406
-5.471322079554323
-8.319858458249257
-6.368787948310019
-6.089577398986695
-7.119295979752281
-6.315822745161355
-9.418328070699685
-6.671979229186139
-7.356371094936102
-7.994883426186757
-10.077670118954943
-7.541406739822982
-7.688924604430851
-6.850961264811509
-7.696152982477617
-8.990509756014191
-10.084902015674109
-11.220951860830075
-6.174528664728190
-8.502559883008850
-8.546168132140631
-8.744990155991335
-6.506031736008652
-7.837734427547285
-5.492695868074223
-6.580645759504525
-7.683081909125340
-7.878267572003190
-6.737264998231709
-6.668567520321965
-6.753528947551957
-8.086258172854224
-8.530770571470715
-8.973631300116949
-9.448186084014576
-6.749764790264551
-7.351342615723041
-8.499140301525260
-6.389091358506671
-8.239495280599662
-5.925950887225635
-7.303260111611840
-10.512830019785802
-5.989786664907371
-10.630853891429972
-10.022653956574167
-8.572619216841121
-6.871636238892674
-9.108120557212082
-10.533281421584908
-7.267036284347553
-13.173888682446755
-10.440746781943101
-10.065932455831451
-12.961983664709042
-10.601855200284705
-6.881133708305853
-7.814245990582481
-6.552526405529833
-9.070683055026104
-6.264268736499605
-11.602993941031771
-9.972522161754531
-9.030605324326638
-11.672718614028323
-6.993885857417236
-8.913905233907926
-9.999719636167958
-11.771007776965625
-8.455333219615667
-5.997597107073885
-7.850391745996022
-6.313648053440622
-5.790752059476200
-4.574982161570452
-5.060023089469433
-4.359587205864507
-7.454592401148456
-6.860142156783178
-8.065742096336010
-9.426230971267213
-9.266534880293165
-2.209785229756021
-6.343448493150183
-8.934418627263108
-4.587695078839036
-9.456548252083909
-7.696583752767309
-8.255502619487155
-4.191201237649517
-4.913589975615375
-6.015358445330616
-6.431245121211858
-9.608793880618883
-7.624306359499505
-8.365585126618489
-5.193994665149417
-4.209457445311337
-8.841984584511440
-5.847722146096269
-5.972872281627311
-11.620097961144671
-11.136745794770055
-5.295386146797530
-8.579121183314729
-6.959830924488165
-6.531041238361314
-6.882545238764645
-7.208895726380517
-7.064365536261806
-8.722595020871342
-7.595436950267318
-9.389227321315525
-7.115167759956525
-7.435768491350216
-10.006408902573993
-8.631198363759060
-6.895391327147003
-6.220440106447749
-4.496914615863953
-4.682508056569460
-4.642699447817091
-5.396902535883142
-6.509801343444340
-8.298370298571918
-7.191900936149109
-8.711372749460034
-7.088953921212188
-9.976645429361817
-12.162158562355810
-5.707692981798664
-7.532565430838099
-11.005790479455246
-9.965710549662029
-8.382158146900094
-6.008318492113632
-5.761708735301083
-5.918574450614051
-8.135763792097016
-11.057837038686710
-10.836430773660570
-10.479612124766129
-8.913121269709622
-10.197611165833189
-12.725542817111585
-6.671115112707601
-10.268888987762171
-8.898245456527651
-6.814869736276426
-7.438693652673570
-9.204549803553196
-11.277330782603439
-6.916826938326309
-9.078702144326357
-6.747126038471436
-6.712491508866741
-11.227483777318158
-9.604598145863909
-10.601610291676371
-7.878422088487424
-8.883933608650695
-9.761644909641531
-6.080221493180134
-8.412622030814898
-9.726280070985720
-7.682013074180048
-10.774727924428440
-7.345574566050762
-9.851739597963096
-10.273633082135735
-12.400237273632721
-8.715534589407550
-11.530281228827496
-8.298224186129007
-9.404121500575798
-6.158558894236106
-8.972290985929865
-9.098186053149936
-8.336816053197673
-9.654061914246778
-9.447701785177079
-13.299653539208435
-10.258220670524222
-6.821810111701897
-11.411943739840320
-12.140082382429746
-8.062113328930602
-6.407675150112836
-6.019028324292828
-5.633943590655266
-6.158333854480043
-8.694714063451025
-9.477087020634972
-8.168554913620804
-7.871304084110664
-6.997071399260386
-7.471687233302900
-7.374843649352749
-4.520234570344792
-7.759866760411231
-5.549259082267336
-8.568218897669812
-8.928401024074660
-8.883592505951160
-6.312357102707755
-6.113256144211740
-4.512008049622051
-10.968576164015733
-11.315413097134622
-8.294398061505090
-10.614691913823464
-7.018858215635111
-8.173747129642424
-5.629652497537879
-8.094284220631963
-11.706489752816873
-9.974992618077700
-5.181450339779782
-8.461925705401422
-12.071441091048483
-10.270044547884970
-12.942838000567431
-11.263065450230615
-8.519735228819185
-9.655801026440663
-7.351708334781122
-8.815639587957275
-8.074388863047066
-6.292420598222766
-5.574535837960683
-8.917058961219409
-7.640701865507908
-10.302237291915068
-6.010463270282665
-5.998515706120833
-10.447922227045078
-8.536753257641582
-8.437587816141425
-10.009751424790409
-9.146087225553531
-6.899927331369931
-8.160407053883374
-9.259608775137270
-11.437346643493283
-9.196400347166833
-6.455420102602852
-8.518587280080860
-9.042267518189529
-8.305447295965317
-8.224649329035428
-5.903302481932168
-5.719972700018376
-4.614047704773296
-6.643164061428001
-4.865277850632203
-6.407223101495039
-8.778027378601333
-10.082932261388608
-6.713980676485053
-7.738545596040038
-4.972271612071005
-6.945643136013969
-7.521045216770897
-8.287166841816306
-6.374639907900206
-7.397750255842927
-9.492424164522742
-8.602294695359303
-9.375848414306141
-5.586221988983977
-5.602746797564140
-8.229665899517428
-10.841808134703761
-11.299941758806941
-7.956763618810324
-9.658951066575554
-10.710994859029901
-7.275269067670517
-7.634548995361060
-8.520924379848076
-8.677996146008425
-7.532034620753465
-6.193424476390979
-6.789979883839081
-8.299095442150081
-9.132235324836582
-10.565175180331652
-10.143508470799924
-5.079617981728089
-11.393765598560588
-9.062507757189225
-9.337452371447927
-7.858082688321490
-5.790160581436044
-8.171714055361161
-7.392820425048614
-7.549645052228721
-7.502778652427371
-9.702938810675992
-8.212315865455894
-7.298646362370524
-9.233175264528503
-5.869797668902700
-6.099950101358302
-6.066814502328199
-7.526895280904515
-5.506823701612992
-6.155593982928217
-7.480243127440858
-7.976814529796142
-7.802454027057892
-4.169861342714006
-5.272978983014296
-6.597586737356073
-6.595324680993740
-4.427086533364834
-8.472982633521534
-10.382905964182592
-9.557199451277780
-6.617303440009772
-6.554422617962928
-10.146004114487313
-9.443788010808378
-8.747384051753610
-8.940695047172801
-12.819373345692183
-14.307904196028291
-10.794799432083805
-9.569624507574524
-8.516890028819700
-7.345615501084240
-5.833428566576990
-7.204993512441479
-5.467275300509339
-7.802678780027338
-8.121062747270301
-7.828773983881027
-12.061390027500623
-9.014710501180071
-5.909668634752260
-10.300064674598321
-9.889745987646375
-7.846641323416343
-11.600657484247519
-5.125882410607201
-6.984399567105208
-11.470195311434308
-7.983970183418863
-4.364494515882839
-7.041091288204925
-9.992898589951283
-4.716591640443140
-5.057573365292842
-6.235347149922622
-5.636203397718022
-7.997250595194220
-9.072057330718028
-6.868430807625060
-8.418698691724954
-12.052886545222670
-8.709016168132846
-6.902184018023757
-5.736300737287454
-7.624339013757256
-7.881396177023136
-12.105940691206612
-8.943885067296296
-7.325788541762817
-5.536342472888997
-11.174924940514529
-7.704844936342615
-7.620206462669518
-5.379294426354239
-5.915575787497999
-9.581529862285032
-10.431317803642548
-9.042960403120460
-12.547915407821197
-5.278821660056982
-5.552660654442295
-8.542293757182120
-11.800915626361860
-11.367540700346821
-7.394968831077787
-7.130153412008712
-6.536405711315012
-11.975575683808319
-8.608176069590721
-9.857952230864647
-5.949896853254075
-10.328686964839180
-7.433634414538323
-10.280565004440145
-10.275276840018458
-8.986720854697236
-12.821119686788888
-12.313328340753849
-10.553199442380524
-8.376049861899721
-5.197740105448386
-9.541827509204419
-8.328692687567624
-12.014762862988727
-5.605991509842297
-12.458704736449272
-9.518013697186339
-5.491567175192473
-4.733208311692236
-4.651214823675821
-9.355929636582081
-5.661763366842326
-8.153866833296593
-7.369271081203850
-7.487765767959743
-7.697236936048192
-10.524958120000457
-9.256567624192662
-12.657038305464891
-9.578922401514452
-6.879428092216337
-7.880532499826306
-12.618870234786948
-10.985321787209216
-8.848173657229884
-8.894006977957025
-7.663527325569520
-7.015121113924430
-7.603162151480145
-7.563628116382788
-7.268363761527774
-6.528522084023814
-8.038520004407827
-8.228750207409972
-9.725947870417752
-10.484960857602516
-10.336045906687090
-7.978219276248691
-7.722157734085247
-8.463807935798402
-8.053799811923781
-5.983110916359599
-11.627689760701410
-8.990723911035166
-14.001573884406564
-7.428287749736673
-11.931535024866754
-10.888683599520609
-12.778366195081405
-14.915370891478833
-8.728197511920184
-6.665686389736081
-9.019884898592135
-8.051066138574988
-9.302236328582486
-8.194842621063438
-8.647011935666596
-6.849970231385322
-7.015578496830908
-11.139585228929866
-12.483213424044914
-7.866644878591539
-11.087483007781241
-7.161334858079739
-10.101276000109852
-8.022788490613648
-11.401382137178455
-12.096192015058039
-12.643971877593989
-6.539970732075512
-9.330097820942225
-9.421031598143690
-7.141318421111529
-6.710645458061145
-7.220614897108447
-10.367669844113687
-5.717805523108089
-5.393190048359037
-5.721249057394711
-5.724943504783869
-7.468476676062691
-4.086396497707937
-8.350142100364684
-2.907279355315901
-5.220784736960280
-4.327315751755726
-6.987850119810798
-9.901571356840083
-8.490517735579449
-6.566121051098047
-7.490767322812899
-8.569417906508646
-12.674765401318586
-8.257879510042795
-6.118823068411836
-7.235912948973613
-7.685835545657083
-6.593688456589020
-8.248664598468329
-7.811636030095923
-8.578150815364403
-6.074749309288754
-3.930973601265059
-7.236406058283158
-4.902004167440084
-8.040202508581215
-6.536357432327448
-9.257965011215612
-8.699113514598379
-3.412937124322334
-3.278886511969263
-6.422045382089979
-5.598793485699071
-5.639463033240132
-5.280301379027023
-6.903910448910790
-6.972375947756089
-6.023305454018156
-10.688469983271576
-7.824893115776082
-6.793913882392800
-5.877158140165260
-4.587530973410066
-10.114564776386953
-4.926152897678238
-7.669392028824591
-5.833948310519850
-7.127996762861543
-8.424732372340427
-6.401444906350599
-8.144050875538451
-4.353627840192105
-3.944780673976906
-4.554304791214203
-7.099452763890310
-4.341737813912108
-7.456645384832792
-7.902282675603503
-5.981232070286842
-5.731674701409776
-4.184847134370944
-7.273765178604497
-6.326136648912109
-5.729789804961628
-7.599405996276205
-7.245704084043806
-6.476447625569170
-9.514363693643103
-7.686593506789567
-4.831838797637583
-8.520559411103573
-7.101530860020047
-7.520485976166594
-10.640298976320514
-6.746696703266581
-6.807519943980569
-6.713842842957506
-5.294276067540214
-8.498125114094970
-6.328893840033967
-6.468623380296628
-7.636818086751390
-5.003758246924441
-4.776368589635172
-5.948637638557353
-6.159573226572644
-10.795251402376351
-8.014966904455115
-4.700312982413298
-9.990719872444769
-8.233878506024938
-9.815753113940572
-4.684785756055188
-6.884886249122455
-8.549386900654733
-6.852663151583865
-5.929724932940623
-8.485460922691058
-6.848523670244598
-14.365354003441622
-9.003088909428097
-8.675313630836591
-9.431831743720547
-10.884814882541397
-7.258697246472591
-8.729696022757432
-10.487037181704846
-7.419138795062846
-7.179437288806204
-10.695837389232210
-10.403544415070794
-11.940446369926862
-5.679867385029462
-5.484273474628506
-7.669201735783595
-8.552556371265938
-9.775547161091469
-8.360150028908691
-9.503359293964476
-6.024079866916503
-10.508930578204595
-7.126430831961086
-8.482844274167434
-8.645998510388949
-7.253944477542167
-11.557973538484640
-8.566201895464275
-6.437982823926469
-6.921174811435993
-7.303969000475584
-6.049025265177979
-9.436964205659802
-7.415662441086497
-5.869003951883859
-9.335194005849594
-12.356510690345264
-7.777309033349701
-7.378761297554653
-9.223188236056769
-6.653315216368292
-7.022954363580056
-10.328368560434596
-14.387954606362674
-8.038610839855291
-14.093704764239904
-8.546495895051750
-5.672695786078116
-4.209418855704981
-5.909618227809025
-6.898472822680664
-8.997980724332143
-8.259784666351470
-10.894915083566010
-10.463941481918475
-10.066572864584073
-8.465847428535529
-6.710558447224161
-8.269473819652115
-10.243700506844513
-8.513033330685218
-8.799432577474766
-8.840359488167071
-9.845487831757938
-8.637547342548922
-10.419986223173238
-11.376574802196869
-8.270813726225796
-9.635081551903239
-8.440623870703451
-4.725692077103635
-7.176598082315997
-8.750900000037131
-6.845496296885389
-8.456406634534034
-6.116748760878972
-11.379079045171469
-7.928893097273832
-13.179529039629134
-7.241533678603858
-8.325413206994998
-9.624041354373521
-8.956300954043536
-6.336526470807322
-9.950490144203743
-9.547590228565568
-6.656732150259789
-8.548575686812212
-7.693557997764634
-8.479507540404951
-8.799053527417204
-8.171780280945374
-9.227581963213234
-9.860231443020025
-7.998288357178526
-10.447911406209700
-10.100714622486681
-11.186902049977361
-12.044159001556217
-13.077177818222717
-6.913086035736526
-8.032036875286499
-8.989624230813096
-7.832348396037639
-5.943292309770752
-5.886517548332008
-9.759290761145671
-9.649337986199569
-8.428666377859063
-7.824304236075205
-9.824128986979764
-8.311120077661879
-9.520705757914477
-7.686370671599835
-10.805830941512696
-8.013104419473517
-9.168085482261015
-7.693885575094234
-8.969502286480468
-9.016088495822705
-8.959355387449476
-11.114155030548417
-9.735726067648249
-6.838338774282375
-6.869390275189977
-5.954861506432035
-6.426230233100689
-6.518319053659972
-6.070407559257574
-6.758716137773529
-11.817635151614171
-7.852025082739626
-10.816439512660112
-4.605244799130990
-6.598571613562599
-7.055198363424529
-9.983918691417452
-9.289411213171777
-8.834181389820362
-5.033878565485629
-10.860485530950561
-10.347429107932159
-7.909384494513111
-12.525995979981433
-12.290009110035255
-11.822165641593074
-7.702937322712923
-11.221987707716231
-9.095423023255018
-9.062854952826660
-10.933671185564108
-11.156443935556950
-7.913087255189554
-7.581521600720168
-11.410432282346198
-11.347090277635775
-10.266605650864934
-11.913591331741054
-8.212963691816457
-9.157198085583502
-8.135896880381253
-6.702397979511897
-5.546688885511052
-8.585024320208147
-5.485891660812957
-6.747913344804523
-7.947753234554306
-6.032705137240330
-6.586488809453892
-8.464836109323201
-6.170048353386466
-9.035667499793888
-7.254249870016463
-7.319799128770538
-6.975773791963702
-4.218433970916067
-5.904480420569922
-5.759018429631754
-8.381433079666598
-6.296405462889185
-6.719103770947467
-6.068003674665077
-8.455950777139567
-6.193714161318320
-5.133858607791202
-6.098039001039192
-9.959318489443797
-6.198790861813250
-6.047841024960865
-12.260845305067402
-8.326919097987773
-10.153640111515971
-8.152298286357446
-8.132388955285828
-7.129123374375559
-6.774142173492320
-6.652386766753691
-7.656530558022210
-6.611616724805028
-5.218502431579259
-7.298212957840577
-3.174660690080056
-5.812768291121404
-5.792169129875925
-7.100255685742937
-6.094688032955131
-4.928873936169095
-6.726145498155038
-6.182217034678426
-10.461076315104309
-4.485340240370589
-7.877529778317752
-5.893516261868646
-5.953433805256429
-10.311866381570718
-8.137187394041810
-7.370822862641081
-10.775497450437088
-8.703925731432285
-7.176674580655016
-11.006603072065436
-11.137860959155599
-10.119204158154577
-5.571279952761302
-8.580196794923118
-4.079594634147434
-5.408947496595310
-6.218244112808561
-7.303997077659813
-8.660130398333109
-8.864699189906768
-4.948122090006599
-6.553174265887238
-4.735232864946722
-6.462501679971809
-6.774825416981674
-8.396035621177242
-11.526193385691476
-6.174705084299661
-9.694921618815238
-8.207845725022866
-7.810202131134520
-8.226860680920193
-4.902361692033598
-7.472121223061331
-6.798489807218082
-6.210449868601923
-5.581253548025053
-6.237685637227144
-3.901360136133515
-7.032906161586504
-5.750522433317302
-6.578139193192435
-8.591636631159114
-5.972552970307415
-9.340218279080565
-3.994680792897699
-8.100518373975936
-5.822743270038871
-3.517529105436901
-6.686074271877658
-7.277128605529412
-6.681011188947596
-7.528529195538746
-8.342399519038528
-11.357990239096020
-6.928450204102943
-6.584628843474821
-12.716991582202905
-10.603165176636276
-12.555767726194190
-6.573107798520967
-7.610621585139012
-9.513543107209090
-10.892193942931824
-5.980207401975031
-7.056826157288254
-8.072969471847461
-10.805347452363302
-10.506768199369320
-7.180876180347053
-9.737860420599079
-8.783828453242467
-14.177558114307374
-7.827651383545900
-8.578297932021917
-6.772646136546461
-10.231793227461152
-7.422584070452644
-9.106941466058361
-5.411402323687162
-3.436184568951090
-5.780542351883569
-7.075692745757049
-4.792661117976277
-4.918214243754674
-7.234292232379905
-4.883581703508917
-4.874230406444682
-4.846382158030284
-6.021587544986855
-5.136583453627983
-4.816985955617535
-9.047069899677286
-6.660400701128775
-7.773080159541107
-7.029467322216179
-4.694710850919739
-5.632736073406276
-6.615941481039258
-7.231022327433068
-9.462134736212713
-7.137976893416648
-7.665311762983130
-6.362891378961273
-9.593075472166714
-8.539417704891537
-9.211568901474497
-7.579983406657186
-6.925319378040676
-6.982077826756665
-7.925937469344022
-7.770196114282085
-9.510495035636959
-11.503162717097613
-7.062073898084006
-10.479086045218246
-7.610285324675903
-5.704617911506780
-7.690931224962316
-7.672606770987996
-7.293027579894305
-10.574217598311840
-6.819215079839841
-9.228391157646490
-6.264796723133613
-9.385262954318755
-10.163906229701377
-10.088424840724597
-8.571987360369365
-10.522717685192088
-11.368239976839076
-7.739797801697504
-8.570655216373133
-8.484867553469881
-8.677349253684461
-8.462623487618048
-6.567444959141032
-7.064938346815847
-6.085514823772409
-3.335299497335949
-6.960057735116907
-4.181954830948772
-8.064646148336248
-6.020022529965865
-7.363576279660476
-6.852869897911662
-6.146901217885989
-6.596064176075497
-8.142404295331035
-7.699526903105131
-6.614806715140567
-11.377722139400390
-7.994584126767576
-9.677765101966067
-7.652973825770185
-8.061155136013758
-7.228248168656646
-6.413355965097752
-8.237059675355058
-5.382361211974393
-9.794789037750032
-8.426625150580916
-8.470828487315210
-8.576974684020243
-7.581989121673768
-9.568214703542404
-11.502996284754943
-4.819658978622266
-9.034828681359022
-12.123492431497517
-9.973085438736931
-6.665577145175141
-8.099599622047492
-11.328212148591565
-3.112820847524119
-7.895041136549824
-6.994468760410776
-6.375168849261278
-7.923027824555228
-11.293227947042508
-8.850132987686811
-7.541205017672383
-11.298352488487259
-6.092003042491332
-9.975637454586449
-9.735859671121954
-10.626351605558979
-8.118247837956210
-5.675864838730373
-6.594285081435189
-9.239121931893596
-8.495043362397796
-7.749400415019362
-9.099935015396369
-8.474052103883928
-7.372997938493768
-9.522917266013877
-12.305489798238883
-7.771178159292118
-4.559661160460507
-7.890791503399002
-6.348162377280738
-6.559715039806879
-9.172372365634265
-5.276445608205184
-8.247766340101483
-10.916099881688156
-8.340675913940165
-8.640828289047064
-6.280494557727388
-10.807887048628393
-9.516919500084095
-8.726411097887606
-6.860725100563009
-6.843826275849223
-9.876994473253193
-10.657629232315356
-10.751737077318072
-11.478491813140591
-7.385565348287833
-8.183113236147944
-6.836774589205156
-6.781604006064933
-8.165822005661154
-9.054366565913986
-6.774539775473729
-7.120345109706292
-7.949008068805533
-8.367792732949690
-9.487464114935888
-7.020021060100786
-9.453309070008654
-8.690983108115741
-11.296993067818544
-4.652362326262562
-8.534779959181408
-8.208454041448405
-9.251546982217107
-6.273040347567559
-8.039689690859362
-6.176499685904132
-11.262126601589884
-4.793420616911040
-4.394641777054833
-4.513010816861210
-7.557073568547992
-5.460910005261303
-10.088605897323569
-6.446113011346886
-8.152302650235479
-8.921536036809961
-6.864128029557747
-9.395800246295329
-6.783371681752738
-7.448010817470294
-9.742387507703656
-8.127021890967482
-8.915615536708888
-8.923348165804818
-9.060010853441920
-8.480725905006283
-5.229542080301358
-11.107527461685818
-9.438994196709396
-11.638609020094103
-6.882649146230515
-8.867414519670172
-12.567223128175867
-10.444754546024903
-9.392278939784294
-11.266967658426820
-12.099530381199676
-10.338315032849602
-10.214244786858123
-10.509100290890117
-6.950412937328204
-7.183523255557222
-11.884221743282449
-6.125781861685587
-8.947422852448662
-9.347545658543577
-10.892032179690274
-9.383681645123060
-11.377027748570841
-9.821973851627662
-10.569069029632990
-9.227143885393149
-8.942228731219135
-6.567816131352830
-9.406425120168798
-7.668049652222678
-5.640517283357412
-9.004397953426087
-10.714421278326894
-7.982081923301423
-8.341394829679095
-8.435292646600724
-5.651619693115796
-7.032644253325637
-4.571097603205737
-8.407858379670882
-7.335000305633550
-8.134507128556338
-6.306503398120599
-3.070942118945834
-7.973815066544079
-6.797405797743964
-6.463491947348943
-7.754016047821862
-7.709613536641791
-7.691347532822838
-9.991538560645573
-3.475472121642924
-5.539149074100865
-7.865547394147159
-5.963651438778088
-8.675037782446173
-5.852097895145694
-7.821644647733299
-7.177985327583619
-8.713111987747498
-9.236457371568401
-8.602115365667306
-7.051851152846901
-8.306893816489008
-7.546176975869693
-9.588181945875242
-6.749643724102205
-8.515940156855651
-6.883235894985507
-8.991980608399626
-10.353456919959649
-8.647295696290204
-6.389753740025077
-6.450981441017922
-6.837099966370936
-9.214997544906211
-14.800079534416373
-9.260775553196728
-10.140501760511027
-8.141186308038575
-9.541521721196009
-15.427324857133327
-9.426121166272793
-11.335824832529662
-9.102164557815341
-7.773679558468336
-8.937289303194440
-7.531000097908590
-9.171413683950981
-6.583341896603836
-10.697267123636570
-7.818837459513543
-10.699796057527850
-6.153262195456598
-7.885095155883652
-7.538051528782127
-7.072054923718333
-6.435704412010672
-8.178030256663812
-5.935296909482794
-8.707232816746405
-8.004313477021414
-8.945191771255383
-8.911759019692015
-9.345361685633808
-9.262991128189935
-10.381244658998760
-10.487624853903613
-10.937169114168144
-8.550787688066158
-12.270838344369016
-8.280086832619640
-6.566714428771819
-7.264054397901342
-10.543177142644630
-8.454900069142916
-9.235760315766459
-10.618516647487020
-10.161305633774319
-13.222723614560143
-6.563811609445328
-8.031236052973709
-9.155917796128021
-9.671434336140104
-11.251821693543720
-9.488125306289181
-9.903160091253525
-8.130028629711944
-5.821466558574348
-8.905428380324443
-7.245503484285389
-5.933785659783338
-6.078069796641224
-10.311120965779162
-7.634004187586478
-5.936170874994946
-6.464227300524510
-9.144995226298445
-8.645121214191603
-6.801004015244699
-7.214998114190135
-8.330411626115721
-6.621642401269176
-7.265798417015911
-6.587540889020314
-6.364561052167153
-8.774763445423201
-8.989960647329184
-10.351421965463834
-6.743119993828562
-8.929706329825910
-8.858875275740512
-4.957818547359042
-7.766170592719278
-7.629347125974766
-5.647575683860268
-9.052141606109013
-8.955216166504560
-7.373312818103555
-11.039321810051328
-10.591758473945161
-10.039779763239974
-8.741104027606339
-8.307696348378386
-7.611646275597596
-9.280628331308550
-12.393085062230089
-10.993935028785883
-8.992109934943748
-8.645904384259074
-10.721670424821600
-12.085970031848762
-10.714556070151772
-8.792462558676556
-10.144661028510082
-9.540214082474094
-6.463243496140674
-7.880559248206387
-10.033170869373427
-10.893118481150502
-10.768698420236536
-9.961644778879990
-7.298143931517458
-7.255219825598282
-5.683643490914180
-6.544223056945863
-9.154805025108587
-9.495456097898625
-6.744507823994411
-8.008028769077738
-9.001077995362364
-7.100987478535607
-4.922710336552607
-7.402520122865012
-7.453559415123439
-7.919902837943280
-7.312199215394218
-4.651636594885521
-6.302782594398047
-6.981637417360038
-4.332951626238438
-7.295568046834055
-7.795469089657512
-5.093950789445574
-5.050795939985237
-5.765155185591392
-7.059262187371801
-8.431434969232148
-5.244355520926485
-8.496467982967406
-5.497091721660520
-5.991642999026575
-9.309168320266423
-4.672616698800275
-8.573712702017714
-5.136703267940503
-6.807074874917561
-10.371051456456115
-7.122029075977043
-6.539952267363468
-7.271502786487308
-6.859249686971623
-8.657507804065316
-6.299872633904836
-9.458280401780078
-6.404464676897276
-4.978120056231993
-2.236122968504345
-8.089122001705645
-8.366256629115803
-3.244578924185194
-3.685525264147423
-3.938096891514267
-9.484783506712946
-12.408597603176645
-6.587960498878561
-7.994690930468367
-5.645801609717830
-6.347929569374441
-4.620871331412874
-7.423753269483369
-9.349847003403353
-7.988318907867399
-6.968462308938961
-6.436680657712208
-10.103481960881632
-7.376557876035381
-7.279617842418838
-4.940975926673099
-9.065715889102453
-6.706963323745577
-5.830431984064765
-6.142209484874041
-9.362284653078071
-1.426351079673898
-2.945004138470858
-6.082976143198959
-5.711728816499528
-5.199710719315955
-9.705775849136499
-9.140333977837205
-8.784658330740296
-3.851886010066349
-8.743045575129340
-10.147562225254621
-6.346132038139102
-7.277500701653137
-8.760904021115117
-10.437361345192992
-9.223065311883026
-6.539999000581592
-8.588184846589629
-9.509273216838098
-10.326324040358179
-7.486091079379174
-9.019096282583341
-11.163484057767684
-8.522007247166144
-6.674000429556272
-11.306283601747177
-1.913925046004475
-2.695940533782401
-3.226472505347147
-5.098054233559240
-7.582144803985172
-7.186017577359558
-4.580678048869232
-3.526587480959988
-9.558336872963594
-11.180604867392605
-8.314250246276012
-6.178557936930890
-11.056377118593675
-7.747662214354931
-8.836418993912311
-7.239011457060138
-4.593413679505760
-7.759308413813248
-6.251376746560183
-2.267365032460804
-5.772571458102357
-6.917883922753945
-9.381484716709870
-9.367407337357271
-9.249958074170181
-6.140595044880279
-6.578395561518410
-7.328640110174940
-10.486833048815793
-8.310893496414003
-8.652959426639809
-6.203935538396266
-6.331041783635098
-9.689325444486443
-8.745855890992219
-6.123110622015512
-7.668477136813824
-8.035814230194312
-6.344970943343374
-11.009946617116837
-6.396811409571934
-6.625148831826342
-8.069242945998045
-4.238009657727066
-7.041617043127921
-7.084493884878298
-6.347848034960744
-7.527308141070418
-4.422559500494202
-7.255677765977143
-4.035673510103866
-8.885892588866279
-6.007778052713238
-5.784288144993219
-7.515001036821220
-7.304898641255019
-7.394630533259806
-9.227770197365460
-6.053967343279706
-7.631284671339904
-7.803181186492032
-6.297644946875685
-5.927588991002363
-5.906893954959973
-7.233117276696295
-7.691443493444674
-4.472926025682638
-6.407072340540139
-5.831521179165933
-5.430712662916994
-6.803349493318440
-12.095984245852224
-9.590516587315530
-8.902092350226505
-9.296882742649695
-7.864112266199594
-6.676451574845106
-6.662290635152684
-6.178511017460106
-5.689529592073708
-7.308604412524338
-9.955287641852564
-7.494527489176027
-5.400747922760022
-7.936506649708821
-12.278113438515177
-5.825932414022830
-7.597291388703959
-7.008167179395400
-6.616450763984265
-4.716763635306620
-4.500921618531380
-6.810266204354115
-8.901006145611527
-5.036566281616009
-5.572893829396265
-3.599282791896943
-6.808951383365574
-5.260688691174041
-6.482122097192129
-4.002197269155496
-8.523720671988052
-4.843724213123993
-11.822814647159921
-8.156382335300442
-5.390672533418057
-3.999406282479057
-4.609143503781176
-4.758368309922170
-5.184768636694271
-5.975094201737074
-6.779900527296777
-7.721656280677744
-9.259601855361918
-10.876744410919956
-6.809771670613308
-6.488285509507634
-9.190086256829336
-10.794281780446916
-8.174315318352132
-7.070204730137903
-10.026751983577986
-12.054686355148123
-8.557835214904097
-8.611742620882636
-9.161383449973563
-9.446419963031101
-11.074727361974476
-6.249918140525670
-9.762753219219903
-8.394057425108604
-9.309647464764124
-6.148404735228566
-6.889071032889402
-6.287525343379201
-9.101320172199207
-4.765783159316235
-7.594064357378376
-6.054828248236475
-6.307295127054853
-6.723242895572206
-9.599347151022277
-4.301896385605202
-9.349177603033359
-10.884229304805338
-9.500521453529824
-10.021119815839445
-9.541341028914989
-4.055117125359610
-4.008731974816090
-7.859012703191147
-6.341234418491024
-10.229845366108265
-7.565003864605835
-8.541057150741500
-8.214742965965470
-11.057678383443736
-6.134561432326808
-7.529396933155710
-6.939958163831442
-9.388331388933656
-10.204353795381783
-4.962118026623729
-8.058734342726835
-9.890060804390146
-6.583250930947303
-6.135499284582924
-7.606294301633584
-9.888090758411588
-7.150067097398851
-6.675168753999055
-4.175881468412630
-7.409659688231129
-8.053460610694071
-6.393434657701483
-8.700983395587642
-6.083398838992641
-10.545301531044752
-6.398342811368187
-5.890234550972234
-6.853966514317730
-6.893744347693801
-7.855332082063458
-5.025245089414120
-8.025432112363516
-5.977875167717259
-8.336656527331197
-6.189937115864645
-6.301692385316494
-7.272156332086077
-6.741005727454207
-4.819934967615926
-4.239121660744220
-7.966317827726611
-6.928364642614116
-6.660553855727209
-8.061158687778370
-6.238044707973042
-7.426407810465939
-6.024157617956189
-5.887471673624431
-8.960555001402639
-7.573072142678591
-6.077673780339773
-6.061528098882837
-9.256922913967440
-5.187271489021938
-6.847590486010955
-7.952961542733156
-4.454345296314377
-9.702012354313649
-5.420194382925469
-9.366258721499312
-6.679100950918784
-12.102103398280088
-7.999295407918142
-10.318660136499371
-10.045007770319540
-9.986725618679685
-10.022505978645919
-8.732755919468381
-10.242505121999947
-8.850007761704015
-9.509365142678007
-7.685378654137049
-8.413837372873008
-9.022587127890146
-6.271556042642090
-9.017452806676957
-10.396066354686960
-9.148391617680076
-9.508164238375212
-10.527825564630248
-8.758547572770055
-10.695261112162438
-5.415567521047391
-7.887311880579316
-11.105270203063254
-10.207962691545580
-5.729153535253444
-3.434175561868817
-3.953900418851212
-7.248853000150855
-5.553162209814661
-7.581676495582871
-7.184629603736173
-5.591938155698384
-9.400562166066090
-9.470403667517974
-9.166697943388620
-11.248543507552560
-10.390113139111445
-6.559163243429412
-8.707129480081887
-5.654085675103555
-5.238955113622399
-9.577831523452351
-8.723604618089528
-9.334289387203912
-7.711084161217288
-8.027668873868111
-8.366036758948745
-7.361357178710096
-7.995529056876604
-7.247393717659850
-5.636018464937322
-4.620149245609506
-8.702674902985317
-7.638598494581300
-8.605116104849920
-9.459146080338883
-9.194286591421863
-10.778805427248534
-7.603923552956602
-14.523106033409139
-8.574957673121196
-8.331904925919673
-7.303643837589203
-10.780070213359789
-7.247780622148427
-6.850364053859875
-9.456762084704257
-8.815667524204878
-8.314046105301353
-4.925842292653776
-5.935544358215979
-8.541087147628270
-7.905806513742423
-7.465521872512186
-9.916627103810670
-8.202249659176676
-9.058429832263485
-9.412326283782949
-9.304652513214760
-6.483896272777475
-3.448994916898069
-7.225803798518636
-4.905517240248380
-6.402092290997270
-11.454835417376533
-8.386958172723984
-10.328668841820472
-7.212185541245150
-5.589947756060146
-5.454854441432203
-8.080788988332611
-7.227588795287047
-6.974728474036678
-6.148535551000530
-7.612568184398484
-4.009692506580502
-9.724982309359712
-8.725369101398345
-8.589630295635120
-9.054926004858791
-7.703960506117802
-5.936847175407327
-6.507476599320994
-9.393310641216667
-7.515578862770128
-9.772016337760595
-7.619865566440039
-6.739428618945981
-9.399211126329245
-9.494959587640084
-7.362318721823669
-5.637409511699529
-4.136127965515312
-7.028883006350283
-6.562126254499525
-6.078225887011609
-9.065176763419629
-8.137003249078086
-5.758569813335639
-5.284165737566502
-7.823418745323381
-3.999051113727714
-5.519838988926585
-8.842062830083503
-9.799086908394678
-6.481918161131741
-7.291558607768424
-4.357355185059779
-6.541039442817917
-7.814587526763296
-5.794702879140528
-9.324128114589417
-5.752732259585764
-7.931189496864628
-6.513861045443212
-7.848553181937309
-10.254580007328579
-8.113777300855794
-4.818019870764673
-4.597410119349295
-5.980439406369016
-7.361766036459615
-7.591919723248387
-7.778008763500450
-6.565449135528164
-6.706199843947951
-7.178675920327900
-6.009577124907208
-7.920075877520294
-8.944109690361509
-5.949909023739472
-7.886422577989247
-8.680583923449056
-6.260442370392375
-3.979610671453941
-7.328376938455285
-5.154549077194401
-6.564955318826575
-9.110925406020172
-10.795801485002190
-4.954781475727849
-6.413850945113820
-7.403725905363063
-5.437481332567708
-5.373012930367788
-8.300385489501473
-5.950994053995196
-7.983492521196935
-9.996359785564723
-8.329218536608472
-7.490695769206623
-7.151365676685383
-6.205128838323350
-7.977801837022356
-7.582482637694171
-9.067643942540380
-5.231466329905873
-7.002852399891589
-7.623231641549921
-10.583172734612823
-9.310298918324357
-9.375119169151603
-7.825855468028242
-11.440441217806850
-7.158544325825829
-8.380821549733007
-9.470379761600118
-11.691172579672292
-11.600569979164764
-10.481779979515908
-11.480768909865379
-8.426555659026819
-9.574759332319159
-10.996569007813429
-9.192157865899860
-7.919096057252018
-7.219990240495138
-6.927415041645145
-10.119970662649285
-12.254340832827072
-7.734490175238469
-9.125060481781837
-11.949511869270138
-8.819629465667155
-8.269510249125013
-8.248451397512257
-10.829061154901895
-7.470357965835212
-6.094481379710603
-8.971493640142745
-6.543388617287081
-6.557327121012486
-4.647190525818226
-7.075404973602101
-9.193148808132374
-3.583143617103794
-10.378093870336851
-5.039660817931669
-6.431498291465620
-6.531165428252245
-8.531008298842297
-7.899399394901440
-6.399027304589450
-9.689098872790870
-7.849557286219945
-6.088369762583812
-9.224255130807681
-7.184101305814439
-4.473677420002913
-5.530070517532010
-8.448710991644635
-6.379882729449923
-6.096731173167355
-9.428134711808164
-8.436440322722143
-7.339856359510804
-8.193020658014248
-9.852126142973006
-6.990957430923013
-8.655813870562543
-7.404585308632895
-9.674491070716448
-6.448412725672588
-7.855379049876171
-5.101776288035627
-6.265735133061752
-7.804582366513048
-6.341672821914098
-6.348912960512846
-7.745390260835743
-4.259793431896930
-6.878766028446375
-7.809207141095713
-6.779646168206620
-6.397459689535633
-9.930509582149472
-8.164544607793648
-6.668647242502438
-6.124911335807142
-8.023637720593735
-6.968818357288965
-7.868649112301533
-8.976162497407579
-5.881608245642501
-7.115879338924762
-6.729316571768481
-6.925924597503164
-9.899754411796785
-9.371177649897314
-8.787604423672002
-8.478433597962535
-10.110213297279937
-5.712900760778394
-9.799546398094797
-9.150237970895500
-6.222926412063002
-7.623156911108197
-8.866764517170070
-6.798082433051704
-8.118202859547162
-7.145519455472521
-10.578102114147356
-10.496247260145463
-6.784671051228758
-7.196679574099947
-4.832165899449246
-9.103435286325608
-9.432862396906547
-7.195224426940954
-7.947422156005963
-11.040165937529846
-7.861840917546045
-7.144528469120162
-5.669859900120149
-7.136198179758103
-8.992172366937563
-8.539117302212672
-7.242504592919214
-6.951895939262164
-8.056466945383780
-7.000003956440752
-10.338611596487501
-7.769921301261284
-3.963073910220482
-5.309471762997977
-7.682790769816704
-9.972090680365659
-5.599111376940979
-5.320601160296158
-5.953964744492139
-8.393467536372505
-7.930693435366354
-4.855286451359211
-9.058262278902776
-9.888350400658281
-6.706116873667579
-6.965263973573398
-5.393845238768749
-9.700169293058849
-11.344146554973840
-9.940822874581515
-9.789165826916397
-7.793768326826241
-8.984011141141760
-5.500730143510574
-9.572315006532301
-8.491351306025363
-10.876903266719658
-9.196066191025389
-4.450517299917031
-7.096896855713166
-6.178734791325757
-5.667876497562592
-6.592449345339443
-6.495067424187684
-7.509544516803579
-3.045547932273602
-3.453427997959516
-6.376753550104107
-7.791169629785523
-7.656171196737146
-8.837267547457396
-4.497610725375469
-5.957534433496752
-4.283296542795600
-4.265469129950223
-7.258879933963989
-8.339025325834726
-6.628217854546461
-5.132943801619909
-8.105868315621997
-6.272238265183802
-6.862527844314410
-6.710214729643276
-4.471041939639605
-5.379521136648984
-7.448767935896760
-5.483771551356467
-8.936983840626935
-2.079876673709276
-2.564952358660035
-3.928384701941148
-3.794921347840093
-3.240370431558560
-5.452662707874714
-4.695474822682486
-6.790418497917181
-7.816327391901113
-5.864870275746081
-5.568338016549250
-6.350056461256506
-6.134676531642998
-6.561600458692216
-5.938763968098708
-8.922413984659581
-4.008450109235202
-5.328604639766832
-4.876487930441805
-3.344993501215320
-4.738580734827858
-4.141962307471693
-6.231111934716605
-5.909104862519113
-5.624462678949589
-5.692275121384418
-7.534166488106695
-8.775702343730806
-7.377804931965700
-7.408305947507766
-5.345421846367015
-4.949927332352157
-6.821428009658446
-4.418142095601346
-5.660888494831582
-7.021379539608300
-9.337852237489948
-6.061040775619785
-8.778900503621093
-4.320907512757176
-7.900339548184582
-7.676305866592894
-7.531782142616373
-11.439194378516772
-8.011605818681806
-5.946129016253886
-6.209894840112113
-7.202741610619283
-7.687297255631401
-5.583233848312403
-4.851806694038734
-9.599266918929361
-6.273603059364333
-5.075503053048271
-3.382783828298178
-4.959362360061453
-3.429106361858972
-4.356063794655473
-5.468030662123288
-5.347561358451363
-9.210374921562313
-6.613317595815848
-9.411584687032017
-4.787854833302616
-9.396880244235279
-5.888065814285187
-7.128924178240371
-8.556896953129694
-4.376368951634039
-6.415521027546088
-5.334951754376413
-7.705736777890166
-4.649834871963167
-5.604432281409681
-10.966503755554509
-6.361537814911917
-5.212780442942863
-4.138238845665620
-6.707900030166037
-4.915407187020171
-6.259478405961221
-4.008221356178715
-6.105185005283093
-6.440970218354403
-5.750905122232046
-7.929309393522036
-4.563557423475484
-6.169869335797325
-5.541273911300491
-4.909753000374344
-5.204322960953670
-7.794341378030843
-3.549291778703468
-7.730099660482317
-3.591973907818965
-2.241239456090020
-1.829885030503348
-3.349108447330257
-6.770076808720451
-8.859189869139017
-4.678265818327755
-3.857827657164834
-2.623788149717327
-0.250384252658579
-0.763185724828728
-1.895478747381671
-1.420765332651850
-2.815592514587680
-3.981608180563545
-5.381856296818164
-6.984716806221416
-4.404117899338298
-4.710972995094376
-5.298162204179241
-4.724480300904080
-5.317242123330363
-10.548567881491435
-6.410055868139754
-7.557971661381696
-5.646991398374359
-9.723535670492110
-6.503937887048902
-6.110598173057006
-4.254695656977219
-4.017738886139749
-3.583873110703103
-7.201926084768413
-4.925084454280574
-4.160085454072832
-5.095193564180408
-6.803701146168082
-4.904529572346488
-8.590566974918262
-8.296693673808523
-6.257810477389615
-4.884459310519994
-9.221775515646080
-4.823047185687239
-6.664505644175970
-5.146866155489590
-6.537335784818379
-3.989767873240427
-4.024480208664868
-8.169445770244067
-6.700212391825085
-8.662810360517438
-6.435018567881009
-7.250766474943697
-5.705623666667009
-9.443926669327915
-10.742323344668680
-7.973080854709431
-7.474626737772550
-6.986974838134209
-6.407880953178908
-5.227656889395575
-4.631774774411691
-3.925298578541529
-5.628883804366109
-6.600792440079179
-4.882695367720605
-6.944329955897590
-4.337807817054379
-5.013410620836273
-5.649649172678195
-4.926005273441825
-6.723998874947313
-7.022336275705139
-7.782639591969350
-6.494565578676166
-7.551705731956167
-6.653704469684198
-4.360455911763099
-5.832536870184198
-4.910361591939471
-5.500191289354920
-7.581548046234732
-4.313697084934584
-5.870824835811868
-7.192990487073842
-4.999971563328331
-5.794598702168928
-9.966342958342544
-3.242137897685498
-5.506685157343315
-7.401485850415588
-7.907946358440275
-7.836365799797531
-5.919419062280876
-8.139147324691303
-5.772600384281356
-5.496026416739512
-6.347003182431450
-4.100338679260228
-6.919954116992407
-5.675055437727428
-5.826716985051606
-4.714326783587461
-5.992760695281825
-5.125865711091021
-6.390075893302451
-4.954533320904332
-9.517700924952935
-7.641702323942329
-8.206396020006522
-8.627062197759617
-8.213002214721529
-4.692375239593380
-7.270928163324373
-9.437528165758046
-5.373984412261108
-5.197295119601412
-3.903197239702165
-7.016111509294190
-6.872360434836111
-5.770300793927762
-8.951289355055701
-7.503817528527793
-9.157664086248651
-7.908808096769639
-8.389232662425236
-6.549106565781587
-7.988764434760816
-9.899232239903618
-8.552023970313495
-6.564219058695291
-4.129892468359361
-7.259640266087169
-7.541414793677132
-5.654528131937598
-8.722364637142544
-5.009156185660826
-6.468923489887597
-5.717230089034795
-4.815703616156489
-4.089618848925585
-6.368009682610356
-6.979862154683894
-2.682563503464901
-4.290176004635308
-7.980273619976159
-7.443305252752464
-7.642809823228895
-5.476204146051735
-5.709917999672916
-5.548172058342047
-7.135159706735391
-3.816812087647407
-11.765229871778171
-7.298485975284359
-5.595681814670542
-4.757745308149139
-5.271394867505443
-6.227582684921591
-7.250998737506953
-7.524731683876070
-6.093319272393969
-1.367552831347763
-6.617776673295857
-8.841336290431782
-10.353432844126820
-4.758429892832577
-13.420706167034302
-7.059090361230072
-5.960905865485754
-6.835449162963878
-6.169635074975198
-7.115818304543954
-7.887111154469567
-6.569325190248333
-4.875419327155074
-8.845469572352158
-8.377526774375147
-10.069080050734911
-7.927918082906802
-6.918609945462599
-5.965773806904812
-5.045464587756924
-7.901971435324591
-1.690327256770734
-8.213190481370503
-7.836573228715001
-5.733555445317785
-5.945576904647163
-7.252070144721674
-8.127669700392987
-7.100599972309901
-8.684313209210703
-8.369627907428418
-5.807453255589192
-6.416136298646321
-8.795185351887280
-6.624318083883844
-8.418922540780981
-9.439637750803428
-9.346283708363096
-6.950797232191798
-9.605743355930445
-6.459898190224211
-9.451106074944112
-9.583008978792593
-7.939708770261832
-7.107186761570870
-9.406231032322962
-7.015553271285087
-5.633738094082457
-7.639986961654449
-6.065134731439868
-8.720373403418112
-7.028391439345913
-11.020645968664400
-6.681397293172619
-3.147582439462388
-4.412740843031471
-5.379747894551507
-5.884657142777929
-7.289502262187125
-4.284080046405641
-8.500009219484904
-6.108753418547344
-6.127166864601570
-5.512485490380224
-4.086279377873750
-6.565697537511714
-8.410098363510400
-9.208007948576777
-3.255492389159119
-3.707008650502126
-4.499394500121512
-4.307395830194976
-3.888798080026303
-6.663853653616555
-6.501145770085783
-6.634570077797822
-4.998772522217116
-5.968561241229940
-7.058857355941129
-3.950770317455028
-5.644423979534746
-7.745457254329578
-6.706143302690720
-7.075621702981315
-6.730178860444246
-6.639954620197160
-4.794599868604775
-6.497122249295372
-6.706044482452446
-9.416732937175869
-5.694722623866286
-6.156489843058070
-4.998453286027959
-5.138505579527644
-7.117990210136114
-6.414642713707027
-5.082780007129749
-6.448339294673787
-5.012951661689114
-9.243597566249180
-5.631393173752229
-7.318917097250976
-6.404375914910285
-5.191281749376784
-5.169972999126593
-6.950208141745172
-5.622735373243237
-8.960664794739273
-8.805830047238546
-7.551692681668372
-4.926850137385600
-6.509293096393538
-5.508779914855012
-6.189754151520214
-6.705595972789505
-6.422961506906360
-7.216973780472873
-5.486021048715886
-6.737171624828322
-5.870846141355581
-6.355641076900668
-6.670098230741265
-4.653481227135448
-6.213955955835269
-6.125077455625024
-5.001814691984720
-7.688157102873293
-10.455366988511390
-8.143776162690035
-8.300153927263732
-6.016286029418802
-5.979492283687300
-7.596055710448904
-6.637285303886337
-5.678934131380080
-8.293856312754109
-5.266811943479046
-8.848304820483401
-4.892205981628745
-6.130123544201514
-5.110971154308254
-5.385580559783289
-7.455178822731466
-5.668629799240616
-6.185277897119525
-2.868060704789575
-5.960439736568275
-5.724349758454136
-8.246697242632528
-4.746542403241958
-7.776233691710713
-7.025162937205202
-4.760031701977397
-9.930300475214347
-7.809658433650434
-7.660495472667646
-6.623331223089632
-5.721065589610988
-8.389546848849280
-7.070836313632443
-5.364488605993725
-6.375299678860487
-7.242283512565163
-7.729958558569900
-7.722363186528315
-9.712528611706590
-10.885153036503375
-8.878076423232246
-8.777385300914244
-8.098143414883127
-5.778861479283131
-10.495619720798963
-6.208989092564240
-6.323995397624955
-10.258414609497313
-7.201821012729279
-6.970478982592129
-5.769864069897459
-10.076751920372528
-6.014766548254275
-6.391107199192727
-6.693737896678758
-8.136843682692355
-6.968278419310277
-7.562716823024539
-10.241252106671567
-4.781657972216126
-7.870870609344307
-7.864578157079594
-9.357259141727814
-6.759633108817763
-2.787812395596042
-4.098858385468004
-4.610033980398573
-7.700833530635534
-6.408508954845806
-4.516702422006903
-6.143003530758170
-5.335686398101362
-7.826126493074024
-6.608440665605328
-10.774912179607750
-8.260846913268463
-9.847801358924553
-8.167667748869725
-7.327705724600457
-6.962786705318389
-5.423788724917271
-6.331115065661510
-6.008713220828909
-7.210599021414104
-5.127968868142994
-7.408764976964879
-6.705874612673684
-6.457292377395611
-5.738600451092853
-6.775148180734172
-4.877203489576813
-7.050396767103407
-8.090794669260944
-9.172346085925168
-10.683417653110441
-7.791357380199298
-6.941900931757305
-6.337479774448071
-8.985866786018107
-7.148637681394473
-4.648948110265376
-5.295178423825543
-8.528144068379767
-7.617016057037266
-6.854629071797204
-10.762942129055482
-9.527974745700064
-5.946817230759646
-5.025605382214283
-5.231365134147349
-4.935213961574417
-4.086489440298669
-6.719763361237898
-6.766020144101485
-9.716008396246192
-6.021103782681123
-8.721277065891828
-8.917126745987177
-4.372218959741076
-3.751932543662240
-8.603624161145392
-8.731985031216670
-6.874231456513504
-9.265375043934329
-8.561660372442407
-10.642525394640886
-9.623045166811538
-10.575565732531407
-7.864430016406827
-6.953855093139381
-8.827127694220220
-9.821456335148991
-10.590151562209625
-8.832033558300672
-5.704646992910534
-6.737530879116709
-8.389160043218304
-6.119760660509177
-6.297532818918511
-8.327407808294321
-9.525937506304546
-2.888737486340935
-9.809392077532911
-7.932330319916734
-8.234254023321249
-7.708415738740498
-5.788645085773464
-7.764979358307791
-4.330415399437635
-5.550709006525989
-6.261629879636864
-6.392862032023969
-8.294221541763878
-10.516952056447536
-9.398043165861891
-10.156835803474680
-7.184704658130632
-6.738255426764190
-6.678662833676170
-8.018568729753243
-7.052323485674893
-6.227008575426582
-9.330189492860590
-4.784695916639877
-2.822175028135318
-4.209875846878625
-6.423198291743996
-4.262471150251508
-4.789523616199520
-8.463889305897684
-6.685443970107581
-4.655854666390377
-8.684479241391671
-6.717717746188775
-4.650077718018866
-6.369398679818860
-8.362478362022751
-6.251229573826918
-5.380513411127413
-8.360017231447516
-6.201385713912675
-6.226608246251731
-6.488189769678560
-4.913287572823760
-4.568984850397876
-4.883305850630791
-7.082828707003030
-6.025791866349492
-8.845625113761654
-5.911290170867895
-6.906919036900809
-8.496063456613554
-6.072035924012864
-4.488433385912605
-6.525933651686581
-6.113912733366916
-7.077574821109582
-4.257422736974172
-6.900389048378195
-6.431758132545468
-5.849423060600347
-6.218608085186987
-5.907093718319229
-8.966635481494613
-6.246831764771178
-5.507785136861330
-5.286604958429924
-5.405092923291002
-5.729361584231251
-5.247300476516650
-6.799667348426703
-7.576659945177627
-9.264887404678705
-5.839102410661362
-10.098000304916035
-10.203634496777033
-10.712060155047798
-6.504436071080483
-8.158806633888849
-7.517073651388590
-6.515103964786001
-9.099332560867607
-9.327534104115415
-8.956816802199713
-12.852682377994295
-8.708868175589423
-8.341312620120746
-7.754179671986637
-8.243238740946595
-6.203766075440917
-7.733809367959424
-10.052152290901748
-9.637093228574379
-7.993940557808250
-6.299909739880200
-6.229302988479587
-7.572157670498409
-7.266971387887610
-11.995129943039618
-6.112371943133240
-4.995885382398743
-6.776919233197980
-11.293175400330568
-8.985342801787910
-10.621986896292672
-9.276065288777625
-10.893086866869304
-9.910125862276436
-7.418799736973185
-6.763547015939835
-5.809339432898438
-7.744378597430819
-7.150490877723123
-7.909273556834342
-9.851526153582139
-8.619783814597680
-7.676319923234787
-6.936102256189058
-9.677924867392829
-8.942210691065194
-8.081556729619974
-11.174985814666965
-7.905435859144744
-7.711971347815952
-9.782568761277505
-7.265628066025253
-4.267158387841444
-6.465602419959973
-4.607831630374993
-4.398547034606625
-6.633522074845184
-7.587344445213655
-9.071890276108572
-8.227878023692266
-8.603615222590312
-8.529552652894495
-6.980199439231891
-6.942749115756420
-5.628918458591546
-6.122224565856304
-6.332581384816577
-5.545761071100007
-6.324601869946530
-5.051281974197265
-5.342945982854068
-8.578947527984962
-9.317658660553596
-6.614947826640635
-7.948719335192528
-8.804579677551677
-6.557595919223507
-8.388030842607206
-8.363032244762035
-8.383743318524248
-7.913311554118287
-7.729621415174501
-7.142237263965116
-9.313830453026004
-10.023542174349990
-9.200846078715543
-11.208855452904443
-10.439476889636353
-9.882658536644247
-6.948153462316586
-8.405919437036655
-7.081770920887514
-5.718563551290981
-5.142832950608658
-6.911765183455914
-4.177859802055382
-5.433686849322557
-6.393543426757454
-5.934636276313488
-6.420429244968801
-4.599445373044705
-6.653108486214940
-6.084339246445804
-8.659034562913138
-7.957465095795453
-5.889370494663067
-4.685056484326706
-2.566550206238404
-10.875444122625783
-5.796711302901314
-7.408544082907587
-2.204885014369637
-5.910114880690315
-5.753540682283404
-3.941230384874629
-5.212927150730758
-4.848838747008648
-5.868566530842389
-3.938237461668413
-5.756266468443551
-8.049058831848829
-2.907981529247203
-4.824109749987958
-1.423347727935662
-4.097501427874738
-5.977065449108697
-3.069475028374254
-8.853184728593460
-8.464337530378600
-3.864588783187628
-7.286965389502195
-7.465818045747834
-6.716591520589577
-7.880203021979812
-10.709298201458386
-8.026835976258383
-3.564125099156262
-8.318701332786086
-6.664967360386703
-13.331329200370433
-5.364681018767055
-1.861002985967364
-4.614726192563324
-3.775754423078547
-6.270721779462639
-4.195649055042528
-4.728479211697289
-5.976698749813282
-5.005525234517320
-3.395907789656353
-8.140148362799270
-7.388169757222579
-6.154993849046702
-5.776361489519175
-5.426831961790374
-4.987079693853225
-7.285341542547850
-6.370479987915855
-3.884855541598871
-5.630631795053688
-5.453178320404687
-5.177969165636735
-4.695866183928898
-6.590752162569879
-6.362830071972581
-3.199692741987081
-6.926889372271641
-5.965477419068079
-5.176580953209925
-5.787275869889840
-4.050620159380746
-5.621111774005643
-6.872441047234032
-7.182615319323810
-5.004404550430324
-7.788688136211782
-7.835069283574164
-3.476370701879454
-7.455747115829143
-7.139042311742920
-9.382765287032576
-5.729859430961992
-6.274870444789888
-7.816801890602614
-8.775959963980506
-5.900502944068808
-6.393028839032372
-10.200283340025800
-8.860963982574729
-10.283754213175397
-10.581381007548266
-7.249893971315722
-6.795669261948757
-7.138032782809479
-5.853238273164560
-8.403008917465991
-9.769787593365784
-9.321625690408997
-7.876288534685991
-7.715656352622038
-6.171614766864685
-7.573098405284421
-5.471105640764904
-8.349686281171964
-8.634764183147183
-7.156010862639941
-7.258375918072129
-7.525266973646365
-6.823925478976196
-9.898661334223609
-8.842259688140755
-10.068051311243062
-11.559114041584470
-7.087266191703994
-5.378702476598115
-7.807429968221842
-7.805069054622307
-5.494095244402084
-3.733889762769319
-7.276112210654163
-5.967072794161098
-4.781992701597185
-4.774307534594630
-5.181338439186296
-4.328018376668833
-3.548202185495512
-5.701703314271502
-7.763452790661729
-6.051374425761583
-9.335717509566217
-5.774701655911588
-5.350880478139371
-9.994872979391385
-10.539204655321798
-7.752599717686707
-8.899503217620939
-8.307892157856589
-8.124774766388562
-8.280922409276886
-4.125445967277908
-6.336589514996156
-10.032507319821438
-7.326663254360051
-8.928457939055916
-10.183643993121020
-8.552109632318246
-6.115493940805990
-9.047564008653824
-6.398676290384982
-4.428203095681055
-7.297649427631901
-3.894083978741815
-3.628696119391875
-4.900120509286128
-8.737031380724220
-4.539971716842053
-4.081832436302147
-3.396631911800233
-9.138552917993422
-5.107556244668803
-5.617658305817906
-6.451248038983240
-6.750542603885554
-10.139523845063573
-6.230234329089986
-7.090469406612520
-4.639019368052162
-7.276468474262435
-4.162099631964576
-6.649784353321693
-6.931739939626860
-5.453118667090870
-5.562146508905291
-3.413031175487748
-7.651562539630782
-5.260189626950025
-4.495268391715071
-7.036514954995706
-5.735315880019792
-7.757949701443864
-5.536957005883893
-5.072824215210121
-10.015399768658877
-5.064934138630600
-5.274273099696488
-9.334436752572197
-5.151203179680615
-8.830409779633094
-4.945674007841212
-5.501047824975625
-4.225072534657904
-5.614286476057528
-5.207241543316388
-3.755737687531413
-9.252145438284638
-10.625517050511686
-6.367639089366048
-6.162365773885099
-4.695468942120382
-5.307217015690603
-10.352419650733468
-5.569053846638230
-3.726688905086925
-4.312778764716334
-2.986741334716483
-6.638136819260662
-10.410296466609619
-3.031665264548766
-4.823837612228528
-9.629449631511747
-5.226688233530874
-6.923059203424079
-6.821155026376357
-5.468797323325807
-8.294541808811644
-7.717809854478918
-11.693236944120509
-11.163284269677698
-7.294468082900417
-7.063123145652312
-2.771856392402258
-3.576544895696955
-5.366371101239602
-8.240547088333050
-4.972625265040442
-4.286736999450126
-6.631112721546513
-7.982228219864711
-6.173040192053174
-7.334783905814106
-8.651448831355539
-6.434685052271249
-6.347669881129244
-8.839224602853406
-8.294693044062711
-5.352369455774280
-8.263619246562751
-7.117425655934572
-12.948112493769930
-4.980005585883236
-6.324045311935144
-4.978925253967814
-7.441030745076170
-9.326366823667804
-11.140238944649349
-12.186816408533275
-7.716631178168286
-9.002293162488517
-7.199473497860389
-4.857366208719695
-8.446299013645065
-8.553939393882072
-9.981704836429033
-6.790614644394006
-8.364819057956053
-9.978791803327047
-5.951079330409645
-6.461714272772618
-7.315493654933077
-8.595947299567744
-7.012737617408575
-5.025312327927438
-8.599976037571496
-10.680486979826059
-9.948102358216072
-8.241529815188679
-2.783834097714007
-4.426611545514339
-2.846185135655471
-8.344111290615057
-7.547549378009833
-6.593097287342465
-9.800933799745186
-7.712211681917282
-7.595003906410944
-5.902187987889329
-4.994258065730863
-6.137505615154142
-8.773142517291429
-8.153017604389326
-7.118888598122745
-6.614685854605374
-12.277848109883459
-8.232557843383985
-2.539252458155803
-6.039769295255706
-7.482482825836734
-7.529605674077206
-8.724173741627832
-8.539453518845610
-10.995929480065147
-10.105570848795287
-7.638586499209151
-6.599477498706126
-8.541113991247054
-8.057394515751461
-8.115913119294227
-11.077562937153582
-7.434038406356120
-10.440568946038397
-5.355319704786763
-6.861279739770180
-7.677841221179932
-11.059027862513961
-6.890758355993221
-9.427349245076817
-8.600777461005990
-7.033951842213963
-5.311056598427219
-4.983073986457772
-6.001158920608376
-3.940786013534145
-4.695099550436883
-7.611641521407083
-7.545088399391537
-9.686074088486773
-11.319017938221986
-8.960968315557853
-7.134579906510174
-6.836029929271637
-6.329440004896126
-5.819402442954765
-9.027897812927089
-8.685272422223672
-5.338070697925185
-5.863669322115245
-9.263858098387892
-10.232565749825699
-10.858224063819717
-6.663499816606349
-4.940555974588836
-8.471919373049898
-8.153200921217636
-9.118705641354609
-10.721965651103318
-8.017143694725881
-6.454264915992568
-6.440314587682086
-8.488836543282241
-4.205515038724787
-5.940023914485555
-12.434101280983636
-8.556049531213603
-11.352632646182816
-5.742083163604933
-9.065479957282509
-8.924792559651850
-2.856048883576036
-4.592535890358371
-3.798437602087202
-8.203866011335414
-7.597902280220272
-9.367908958281031
-4.502588205627260
-5.114190216418387
-5.602630391148852
-5.177148256193467
-6.688926006957353
-4.662819885070070
-7.415377366821786
-7.881159321080158
-4.173410733534345
-6.429305494445498
-4.045159590734920
-6.370008290148587
-7.144743945348068
-6.283665862509405
-7.278203842007393
-13.214451711435411
-6.663565746175635
-8.970990262184086
-7.775770098894532
-4.510126843225702
-3.508092283282738
-6.040411245373686
-4.822509168319523
-5.742242517873026
-7.134356312410982
-4.909192614003087
-3.152958817332503
-6.027777604456590
-4.836377786676964
-7.914128990012665
-5.590385777702801
-7.809460845483630
-5.622846862902569
-7.976714745167243
-7.726360300439254
-4.038699719729156
-8.066869016190330
-5.124049218837641
-6.405267767511790
-7.409270804483072
-7.126956895182419
-4.900483303201431
-4.820532801093277
-6.349350373990454
-7.667384923186671
-4.187835492472016
-4.208953696618383
-5.172334227669801
-10.270845094670429
-7.181294473952711
-5.988253831670744
-8.844095876175013
-6.791946193131047
-5.360435529998511
-6.498309781484410
-4.479440890874613
-4.731870814047153
-6.672622631481484
-9.261870342882881
-8.116650864443272
-6.955245485488530
-9.033767346313091
-7.036858398589247
-7.870534929485729
-7.889094975101565
-7.797741729213411
-5.294586163331791
-8.096157666272479
-6.441981509902906
-6.687392576984618
-9.118745735037654
-6.533304876238946
-6.121146339621802
-4.028964773436239
-5.927193730903560
-4.545721220752111
-7.307471619936416
-6.804101005948505
-8.026831751961888
-10.395464111646888
-8.796688576291643
-8.414444777164823
-3.113686037627975
-5.327113043121151
-6.601754520499873
-8.259404494743912
-8.928755419355960
-9.163443826664073
-6.771127366787812
-8.705168575542800
-5.592579403040212
-7.407460196469114
-10.084397630268001
-6.681352422655756
-6.767120451093487
-8.048789620819052
-6.290655753029792
-6.832369979458682
-9.901565675361049
-6.496095255423334
-5.942184390661796
-7.918120251737981
-10.003329969698211
-9.646781782814490
-6.407252270942690
-5.440151920131015
-5.418069871102537
-11.988811378975564
-10.633671577956729
-6.942465238690592
-7.696369129048717
-6.908786020882207
-7.405284710856144
-9.031242793303491
-7.260862501487492
-6.922387864578631
-5.074852520796611
-4.737145747052478
-5.759293647900326
-8.462302317904177
-6.740539427933276
-5.649244192874194
-6.256535000483307
-7.904657495521080
-9.140690083377088
-10.161627586146672
-5.374130468931053
-6.987695048833761
-7.273176396445052
-8.055892827166922
-7.068959947600523
-10.428827777572884
-4.757801387178762
-6.842372868922966
-4.878255769165912
-8.618277299768334
-9.033266574074258
-8.247296351930419
-5.628002420183535
-5.872930692074667
-8.587587509871277
-8.013930487371816
-6.559816901599512
-7.086344413233727
-9.934784808665745
-6.485638243559724
-7.394639434528633
-6.860897547072764
-5.751943933596948
-9.370480629000339
-5.839901461057588
-5.319164528880685
-9.592355405679157
-6.772041000366999
-8.511243134208540
-8.337692733237784
-9.107720137849782
-8.900518081991917
-4.156593943690977
-7.749413314277770
-6.446036380388483
-8.372562325847184
-5.292525479705494
-7.375453601392067
-7.668107601522697
-6.499312823088546
-8.281081561048390
-5.184984345298553
-6.095998943834337
-7.102460997511155
-11.043237255703374
-9.237762559134385
-8.512504984642149
-8.936902308796681
-7.452094640839968
-8.278178150138324
-7.686523183402222
-7.474836953913811
-4.843199327515054
-5.214752904545176
-8.351262550130899
-8.299050567655581
-8.051747711817381
-7.683431003206990
-5.959898550143103
-8.433754379882807
-8.680007641413908
-7.682364678912188
-7.874813959680220
-7.554718109880529
-9.794905750701218
-9.444121929028801
-10.137404089405267
-9.152823141226992
-6.326406367012516
-6.886491122682403
-8.512984243021986
-6.780238062226858
-6.417362833538015
-7.359897056047004
-9.382108752729490
-9.325685497853325
-7.733937598224715
-7.517248813250609
-11.274349663812849
-7.926131127651052
-6.382012990317908
-8.630705865280337
-11.955882690559955
-7.707678368420154
-8.143024840859031
-9.165029001668923
-13.100837023550410
-11.173614989796999
-6.778053288940617
-8.266768179753274
-10.534941989909768
-10.157628287696348
-8.644348583754811
-10.741557626115320
-8.828839158277777
-8.087045686276573
-11.688841929147127
-7.633792915556997
-5.624231092906753
-5.284882495994490
-7.260710187564537
-8.792750346084841
-4.679040151375900
-5.448242944849624
-8.031266979642083
-12.646178387910878
-7.453439807171098
-7.265458895019411
-8.340445782668763
-9.246204245583641
-10.399348370274604
-7.863528935353679
-6.393421935440212
-10.197276638689893
-10.704090507533909
-11.531273118825151
-8.672850499181514
-9.713544192698569
-8.788657477754187
-9.509072111154763
-6.027141695897940
-9.882644714609134
-9.699183284431154
-8.319129851132155
-10.809147413318318
-9.848107462908535
-11.113880953580203
-11.201582655438816
-6.871748384189386
-7.691886182423297
-10.279588186827054
-10.866315952954157
-4.980383727625933
-6.390556350202957
-9.247535891515236
-10.978186485374573
-11.780835171457523
-9.397510837099404
-10.599957623851846
-10.392900200116058
-8.052037033010134
-6.481882669115024
-7.504145740916366
-7.670152617503962
-7.222052271499790
-10.554068703169703
-5.059535927413834
-7.364039450570710
-5.249384719377340
-6.165939574399604
-5.943128640154792
-6.134159238811054
-4.509890448916630
-8.876683268903530
-8.500369637745750
-7.746843896000465
-4.141165030252596
-8.816485841138038
-5.844944707714911
-8.602526900331137
-10.436165415837593
-7.773720425824881
-8.333816291796081
-5.899648798651576
-9.368398826750409
-3.969412432783160
-4.954498707557340
-9.198883757691872
-6.647409943992352
-6.971904279429748
-4.986948345796246
-7.290058139707967
-5.837640964152564
-5.491963138055880
-6.315114100114050
-3.932956356128927
-6.666351454992403
-2.769295686387431
-8.680461885817648
-2.439973751087108
-3.162523535800821
-2.749092300299144
-4.610134320491200
-4.159158339414798
-9.299108121848608
-4.342659638762612
-7.964882457615122
-6.562140538019986
-4.895538725197812
-5.454453091749247
-8.237278639747695
-5.295720824026140
-4.129807798732639
-6.711148401916982
-4.738715328981928
-4.472058169946437
-5.976959243623072
-6.483776249311939
-3.567964318438361
-6.318975157608612
-5.125450716501290
-6.470655672437865
-7.793106063756953
-11.056040537886052
-7.448068321921943
-5.701072355737286
-6.216169121851038
-3.072761668177239
-3.306916380747743
-5.832032938807058
-8.997923563400915
-5.291990190490210
-4.467739186026724
-3.629547364255736
-3.335722502472392
-6.531408497819061
-4.374305716866369
-5.466415385592986
-7.484323827765547
-7.417031725201389
-3.026244292310032
-7.350074755227030
-3.239438511058015
-6.524236607237495
-10.875803522476943
-7.991284189311303
-8.456103410484914
-3.632773525474885
-12.624665673144550
-9.184997595338952
-12.200183013119677
-7.710100898518983
-4.238354194409061
-6.048223945757013
-3.436326561194239
-6.650178780946351
-5.994052164032709
-6.721665450752790
-4.558522963216028
-6.429845525758522
-6.372736673589642
-5.349360747229793
-5.094100636080362
-8.168833439075593
-4.732781295212475
-8.264757761769205
-7.741609056517953
-6.580862291016101
-5.679753260102655
-6.518232713703870
-6.065191020066815
-8.246237477465771
-8.165714968721870
-7.522132719825233
-8.152813997387085
-6.620733421804703
-5.097896785694997
-5.525610960440991
-5.846372571880464
-3.542305565242771
-3.638410590027538
-5.521471553732321
-4.515505550628080
-6.235703982253892
-4.570780806897925
-4.404339087239820
-3.429803139211560
-4.968032996448003
-3.352993119549718
-4.621951224942917
-5.816823743333746
-5.748166220759138
-7.046615090227073
-11.513750809264911
-8.948486950497037
-4.634597145170572
-4.565187143686488
-8.383341735429035
-6.839585265301872
-7.574094740161348
-5.998460941452111
-8.501180902595623
-7.807104329595971
-6.156540567498450
-5.955883867593514
-7.999620987262845
-4.526413209150079
-11.372126315884644
-12.549919667898321
-9.491115169325113
-9.315846662499796
-10.137538338884925
-12.288135876205560
-6.635296808756301
-6.190697665947559
-7.666836288412642
-7.516506637750026
-5.603827504993601
-5.575940013842344
-6.805390451223262
-7.071771966353595
-8.215405598641297
-8.433302871437318
-9.411887387271538
-4.589221973930674
-5.069651452992662
-5.510813265502496
-6.939481050282279
-9.125163444843821
-7.183359371186906
-7.409948407269924
-7.179652445693127
-5.456999136087973
-7.134411548984791
-7.098085111177956
-9.316459250543314
-7.209038853294490
-6.679795688542000
-9.908623969433863
-6.338005456011756
-8.501132815578101
-9.135393436269592
-7.175585754251500
-7.493803293510513
-8.908322408473669
-7.606361476824366
-9.779262951953326
-11.495335974475893
-6.657081393354784
-9.278626580837040
-8.572444471006740
-13.164641846766365
-10.434589347555725
-8.199126045367946
-10.011471763185309
-8.438207646608536
-4.913078406233497
-5.068726031947604
-7.876001112452975
-5.598296110533280
-8.467541848441961
-7.319932473639401
-7.136337058074209
-7.470679264921111
-7.452534056078047
-8.056786143341121
-8.167104974478644
-5.084715906232327
-7.151939150032833
-6.544800195242210
-7.855651537860410
-7.013938941648498
-7.902779917639327
-5.946901083665503
-11.013140201532957
-9.339024258384843
-7.494029780677363
-9.791650239368675
-5.519081105183027
-5.138242110440913
-9.657569043972687
-5.703561884468824
-6.526878022748076
-5.891869064823699
-6.581145637217473
-8.240583472279431
-6.141750098421968
-3.797580941267187
-4.408413440910073
-4.796702839772114
-5.118959220279122
-5.131883649657273
-4.315185479742692
-5.613775902297041
-7.329418009691674
-5.130933233747059
-7.541551381444488
-6.334994366749731
-5.463929033570884
-7.609367857157399
-7.061477344346320
-10.212755236364128
-4.092966571019779
-10.148475868553811
-5.507164364452539
-5.233447693874401
-8.054977207075233
-6.342589888239532
-5.218068857796513
-4.532749982039361
-6.872359068817822
-8.080138430661203
-7.797331237562510
-6.385058257361655
-6.630863872640817
-4.837865608487944
-7.374248565466138
-3.816845896266542
-7.457488431210483
-7.549102888993220
-8.754886810150634
-5.320361415375447
-7.589276305361335
-5.963167078071970
-11.792713659941345
-6.841238264202127
-7.513456267945325
-11.512169906031410
-4.690724849454090
-7.050574180176140
-8.628073929576544
-7.629304358198751
-8.468153578836679
-4.660968204375721
-6.482532732998359
-6.786098400733029
-6.082935532145173
-6.991435403522960
-6.351208099372753
-7.844315785817431
-8.653284640660358
-4.904861639811956
-7.246201387696213
-9.863564322003260
-7.209719647722877
-6.303670062091611
-7.376361954328469
-5.288659564475799
-7.143963099113209
-6.107608704055520
-8.039638747933751
-6.997804593027711
-6.781476200411600
-8.613477538594157
-6.281952331298728
-6.596707400128454
-7.336509747218726
-6.835260464137948
-6.312883158565276
-10.277987297810444
-9.631828768143828
-6.555612515379641
-7.796833669569739
-9.473865790326611
-8.200304677632937
-9.965342062075891
-8.408442256617439
-6.335739899534378
-6.951252953547198
-6.323542105259905
-10.502061367008944
-6.134181187590267
-8.388149155564571
-4.632929142382066
-5.975587667760945
-7.700201379369773
-6.839714787640447
-4.094656978446467
-6.323433362811809
-10.562390543991649
-7.906856390838458
-5.145616787585467
-7.268541904591488
-8.341026511532794
-9.642903937493482
-4.837214461274700
-5.847951987878955
-4.434570517458567
-7.417298468198985
-9.727015046134163
-5.503937948027144
-7.188603277773574
-6.620383147606529
-4.992324505196124
-6.470043265910610
-11.024161876469183
-4.251219926929404
-2.456677099353088
-7.345024131281557
-7.809751372095930
-5.089813769520568
-4.412428041559025
-6.320144578342655
-10.868280288941394
-4.572339508645717
-4.833088870274831
-4.532355529140001
-5.644678122810237
-8.649049754594103
-3.563461176688582
-6.081416540323784
-11.156922638653004
-6.446200606145174
-9.390235634558332
-7.727222571189661
-7.713452470447884
-7.172376634969633
-6.332839015405520
-9.415753312947155
-4.470611806585247
-5.888208356103902
-8.073503950411721
-9.620042960084826
-3.370461026919728
-4.399365187728954
-7.051709210911373
-11.094272564440685
-7.475401428309417
-6.538463780972937
-5.078717917629042
-7.296292329615137
-5.750229976114781
-8.844043865441083
-3.402019743975691
-4.075769001379555
-4.677001581250338
-7.595211368565082
-5.828260239884677
-6.467168588328834
-7.069448015495741
-8.063646783625874
-8.787101488833740
-7.269907189109261
-7.257056775697708
-6.736731725076585
-6.034896925132986
-8.222323122091849
-8.023857977222292
-7.596310203640465
-3.819172474477722
-6.561107011012834
-4.371563464686872
-5.727472193194485
-6.325219320456601
-5.513653493335336
-6.767516196912990
-7.723931410289272
-10.069095165763494
-6.304165409167692
-6.729407707691039
-6.596930477946807
-11.192815480748306
-7.761073994440739
-7.407007837053892
-6.465856835611500
-6.304694259789500
-6.840221960465992
-6.990698893635116
-9.405003907018243
-7.001498597230212
-9.243366963010402
-8.938833627455104
-7.996472226387176
-8.930273876492015
-7.318615355122840
-7.253006351688968
-5.758444211058405
-3.778903680326787
-6.779877292702864
-10.413350260421081
-5.051055192272296
-3.257309015165110
-9.982545148674747
-8.637525319622947
-3.234897462003210
-6.518785598022574
-9.354380582129204
-7.303629583868825
-8.033747585102020
-7.105866207517759
-8.988305134269115
-5.159739249564530
-9.580351859080206
-8.710003545867860
-8.345409057773955
-7.636518963651938
-4.411960491504349
-4.775516237924680
-6.129108058740494
-4.823689063772068
-7.817738701705385
-4.762835796947921
-4.887140092831229
-5.603911370249165
-5.754268752007653
-6.482075447418519
-6.183254467302937
-7.643859037500006
-10.774023446513802
-5.194077724586160
-6.527927715606007
-5.297357707872818
-8.199324191961875
-5.129363711610718
-5.992288477289657
-6.423930154871555
-5.222728706081663
-6.031077733615181
-4.678161616166090
-6.491678353208409
-6.050616109630781
-7.279685103107275
-7.234278768440626
-7.257943617236743
-5.389137424089334
-6.290707917712394
-4.309434959227718
-6.302855965240518
-6.617481429758696
-7.964577202577196
-6.014194648259102
-9.015070692668900
-9.460167533490555
-6.708457047017570
-7.472938744931160
-4.294422637729850
-6.328371714776954
-9.738441464244636
-7.904400557746186
-7.067957618175111
-7.215661352790947
-4.441487836162884
-2.375202421039239
-9.444919923298601
-9.460115976762056
-5.926147519185640
-8.061358957996800
-6.988150133199239
-9.369201498404033
-9.771174474462628
-6.439025205391275
-2.800244822746525
-9.129857462941477
-8.244321752029883
-8.372867794198376
-8.849223113484348
-11.243259940485810
-12.363677484982439
-9.489208155496224
-9.497018611126059
-6.714442582981402
-7.758581430990633
-11.042195465465484
-3.506238978504426
-7.761756962622190
-5.651303288031885
-6.543607598707686
-7.299530355382479
-5.945774421603609
-9.209236905619901
-9.126417950806088
-6.462290885990686
-8.401196344268000
-7.949482405154518
-9.361183159986888
-9.124879585095833
-5.324000720946425
-6.989068570269768
-5.531838525346721
-9.209366407643900
-6.876045241030670
-7.866964078652516
-6.347345433229306
-12.500076794101956
-7.420889901210738
-7.991000082400755
-5.895649767645819
-7.127226407073743
-6.172800941693123
-6.751300714632251
-6.831334965345230
-5.736760887522666
-6.062520924912010
-6.697597877537019
-4.003804697868497
-5.318214212070415
-6.426750310510262
-7.952649404492962
-6.007235583785461
-4.913763654664551
-5.120697497120150
-14.256645469982276
-9.655337592711005
-7.563397638506897
-8.774195000806074
-8.369747495332822
-5.821475774546462
-7.600535335210021
-5.912912837085277
-7.832315870894785
-7.060973438815049
-4.579811375240827
-6.945705966479930
-9.743202958031636
-7.389500186103460
-7.349478958494590
-6.428989560328943
-8.854105205854262
-4.272917897426777
-7.542379351698676
-7.810793358904426
-6.081607105792897
-7.907115273517381
-6.019678230857838
-6.853995547990109
-8.205753804886131
-5.711223429164884
-11.904326981239199
-8.025453445361531
-10.721175697089352
-8.519811489444129
-7.664960657919990
-2.344669441990659
-11.257041604480778
-5.037473255663437
-8.554448586171798
-5.788412154573578
-7.256933078389101
-5.362336325356158
-9.663794236555756
-7.519143898666365
-5.879369620760337
-6.917778214133963
-8.106420957383829
-6.021078763911574
-7.802151083945449
-9.930474429812334
-12.869439476397899
-11.758756670095176
-9.555616402232651
-11.422099373416996
-7.919986730265193
-8.032524381022810
-5.103239064588917
-7.979681344950366
-5.729833857001371
-7.899281979107738
-8.130368740641053
-8.603555086082517
-4.930411318912464
-7.105781683407157
-10.407464428155057
-9.333908780178900
-10.449809659774214
-8.546321352682682
-6.962106269341310
-6.967159938304256
-9.777900738206755
-8.157941342258244
-6.190650313147372
-6.297867095152635
-11.880027064361107
-6.629086134434158
-10.128128225590212
-7.424697465652470
-6.361255892964180
-7.805782475619162
-6.791734162482227
-9.481166497501262
-7.772372289202054
-11.722995405106174
-9.396573124620625
-8.389119691575615
-9.301072279764531
-7.806720185812085
-9.668980301383632
-7.867805193658525
-8.408927187112468
-8.956129333085261
-8.384330536416003
-5.492205570483299
-4.254013728491912
-6.383801621837240
-9.600476454444376
-8.361429234119624
-6.788580632887753
-6.303125147802279
-3.822994596016518
-8.867445839522249
-4.559362400630634
-9.556217900451776
-8.645178991930640
-6.331797414774525
-6.228238590719641
-8.910182596655114
-9.122773794367900
-7.069977536860822
-7.655413425952743
-9.438062635027318
-8.807522762732264
-7.841782378322261
-8.443244863761828
-6.272099187040887
-9.213124150441914
-5.594142311997945
-10.320469184157284
-6.382521190504826
-10.034073681910344
-6.772221795186073
-5.316378157118324
-10.318913539277769
-6.810571614876640
-4.442117692406425
-10.632975450896797
-9.475267566898138
-6.377667541696566
-5.011975037598897
-8.752776142793611
-5.579403787905544
-7.459567977486221
-4.248431767556192
-8.604023757916792
-6.437319054480369
-4.951551553892488
-7.025747236380869
-6.646948342569992
-5.401278671902426
-5.333141358276533
-9.828701117146222
-6.109487142378243
-7.289169318766503
-7.746010269100559
-9.550115349871854
-5.218498417914147
-8.036024458282313
-9.445228939314676
-12.316791728782141
-5.885182588162692
-6.740693165640781
-10.664864326913497
-9.917781861928693
-8.627928625186817
-5.947998334089999
-4.819825422903579
-7.609727259004770
-5.561263127692463
-4.421128952420805
-4.603358605704972
-7.382597151671274
-7.613488410664265
-6.150443631197403
-6.728067438035382
-8.237201043878615
-6.976028458590517
-4.309410994793618
-5.851879293826078
-9.198341271406983
-5.235341659657939
-3.647915027662416
-5.602331670158001
-8.243246763649072
-4.901536867493959
-3.981430641457722
-5.133492645755870
-6.402110778242045
-7.100126442498977
-6.387172433210733
-5.372758964671266
-2.642636969384857
-4.589453965578163
-4.070085793083612
-3.203410349507187
-6.644355134477948
-5.422534845750875
-9.783582396031155
-6.708504172502089
-7.436043866494637
-7.332496879188445
-9.164851828085824
-7.139710582018436
-11.768635669921908
-8.700912834310259
-6.457706299402225
-8.072304393669228
-4.984148977493859
-7.206872799625267
-7.568066771566698
-7.667364197075415
-7.838478362569978
-8.360473452897267
-9.419233162520717
-10.647253527889411
-6.393037472425868
-6.993546635911681
-7.853885567258389
-7.695782066774820
-4.874070198289949
-9.860797819887376
-7.438905028207468
-3.233224556113274
-7.308103252795335
-3.317112546545603
-5.993150903567848
-4.907273472384452
-4.234474581894264
-4.469021383194394
-7.511721986180164
-7.012918912465141
-5.895696618406085
-5.949135948733314
-9.218252030669964
-7.332184057679816
-4.295480916715988
-5.599526955871711
-6.091362601055442
-9.047315210935365
-8.573235392768172
-4.175563058339194
-6.776503378911693
-8.909929997420369
-4.795750825810186
-8.095196521425214
-5.928363188008292
-5.995288985211962
-6.584621504004645
-7.600937043798912
-2.763462738511306
-8.356289615617115
-10.012645643235270
-4.414434935033777
-6.839195691295644
-11.598578415403232
-7.663216301260706
-7.105642601538621
-3.554005969064438
-9.435917390912934
-6.258147006079878
-9.325664862220210
-8.545947460758745
-3.405805039986755
-9.158513439409283
-6.781312951401964
-7.043765706362586
-10.165906431159122
-5.777647320888057
-3.865171795519208
-4.860526850742745
-4.808949668637290
-4.564327357560845
-4.793343623602936
-6.847864447104206
-8.820837849786715
-5.953124076029410
-4.937727403781599
-4.923892354263030
-8.068455684326103
-5.066716998053129
-7.929937747055718
-4.048364366058514
-9.764894347555801
-8.485235240651999
-6.096213853258551
-10.393062607077278
-10.200238207955801
-6.166105795841621
-4.030058306276010
-6.268746043733876
-6.030085764909089
-5.847943318688601
-8.266586437864301
-6.399900315929606
-6.698142480743174
-5.120516113208988
-6.120460003590409
-5.010314256323312
-5.246780376254661
-5.406290926834695
-7.703351260598597
-6.520418288455016
-6.247777652445912
-2.643018599006869
-7.889093205546238
-6.878619123322541
-5.391124844169778
-3.692862769048021
-6.263574322082903
-6.420261939261112
-5.476076287494269
-7.731665118531604
-5.328164218972640
-8.111936892932679
-7.897119362280846
-6.244953731535901
-8.146660725795225
-7.247892831849905
-7.864890944340233
-7.682011459910433
-6.320113331953881
-5.937671025570681
-8.905350707413678
-6.263731004580490
-6.764656187688929
-8.795024578241899
-6.883823394327115
-6.032318322846358
-3.054198472137971
-9.303828891798386
-6.309185687342987
-8.842619256676194
-4.856887972408008
-9.388477469517873
-8.902969711025658
-6.352836285580654
-6.119294515355774
-6.477242468892198
-8.374214993322084
-6.321481694708012
-5.634490680916693
-7.684468914762124
-4.810195053304083
-3.731421361232284
-8.482705610214484
-8.169014605265724
-7.193005371458567
-8.533443373188449
-6.804115207908422
-8.719129703424031
-11.146400136037739
-4.948338231066998
-8.897657944926955
-5.426864169360475
-6.005521800582811
-3.627793307934857
-8.072455056412496
-10.540511671913283
-10.293406265274010
-9.835084755070049
-9.204925423247552
-6.247425202733976
-4.766026392959431
-6.300147714676058
-5.200358534285618
-5.240302070696588
-6.783566335423544
-7.412011652051850
-10.198141959292554
-6.022133921949370
-7.430515534955700
-10.707745461971646
-7.206047438699065
-5.279202157750575
-9.438798742491119
-5.540311575052554
-4.879319176415024
-7.968447006396766
-8.346224791974542
-10.110059338902992
-11.222543325422512
-8.736418156522202
-6.197591098477134
-7.947161314806218
-7.135411859273518
-7.162382168345179
-6.876611328525081
-6.960626492231293
-7.037445336858218
-13.054342184458882
-11.741460633707652
-8.506345158511202
-9.500944172172229
-4.316575217805966
-10.057169115017372
-10.780165839314860
-11.751087632198246
-4.848462450066187
-6.301189418813513
-6.567699566263591
-9.268074633169146
-9.135863055657389
-11.034779087867365
-8.389799581825127
-9.702432542334767
-7.058870317957100
-8.136693713587125
-7.367430322086835
-9.204328101263405
-6.854286786414069
-10.599563371053485
-6.906820031947473
-6.130527526614539
-7.009183096100203
-8.052585869843623
-12.552438572406125
-6.954632158171846
-9.101693467798109
-8.315269569317410
-5.815320014270142
-4.028718130571580
-10.407475487555214
-4.183534297365902
-5.858794647943094
-5.417406310005433
-7.668288804145441
-4.762420150063324
-8.337427985082018
-7.578324655655938
-10.026068700025803
-11.318640686769211
-12.494863195931586
-6.299319626378256
-7.930704157511087
-3.823237163695020
-7.470503160288489
-6.047886696784984
-7.899790901116250
-4.441205222170842
-8.784644415074629
-7.225364464708074
-7.439582113009397
-5.767868607340248
-4.722970569496360
-5.643398145378052
-4.934176461714845
-9.222914627388343
-5.724085521831521
-4.506481389014567
-4.226728246603618
-6.831211757328442
-4.743580988305570
-6.173295361352110
-6.096867269134332
-5.750504716071288
-9.108926587672828
-6.876778091750105
-11.736787905572438
-12.037727657806713
-7.042187892520211
-11.343191271690888
-8.624841939291580
-10.236899742356027
-5.244559293064660
-6.489876823492224
-8.150406154639912
-5.759072571051703
-7.096319937507960
-5.614239005726438
-5.746217499338203
-5.847767820865278
-4.859574647337950
-7.141783617293815
-9.771992105589597
-4.417351294667471
-7.130967058320811
-5.915383836719276
-3.752140379081037
-4.755245289285266
-7.360043439238547
-5.564707289875225
-6.994669355702570
-7.148280400922166
-8.950480057632035
-6.745771141494076
-6.958273995430140
-6.299591534742292
-9.132930838492177
-7.342302886615905
-9.942828055894319
-7.249460811444637
-5.149181624145388
-5.498093499949453
-6.592332036052767
-9.324355732165497
-14.636334898425341
-9.889191554640211
-9.658289516045681
-5.764272951708251
-6.899137725973929
-11.207526032100413
-3.775988691517949
-4.420387499963769
-6.651610599924274
-5.946631437114909
-5.783132267045466
-7.936578240901982
-5.385879162240736
-11.542802547178361
-5.862583632609425
-6.877949647325118
-6.878164182570100
-6.875385301701900
-9.503786478147163
-5.719252444798473
-8.266180317741025
-5.686924973888511
-8.613981213937537
-5.455559138652145
-7.562781285259359
-10.273764408550642
-6.803965325128291
-7.241563810786118
-12.221761604867291
-4.340134304567660
-4.546890543126667
-8.293718989351769
-7.488232680636441
-6.613951777012494
-6.487221868447620
-9.872837272559563
-9.052805446597253
-7.165424530662123
-10.558685625546470
-5.547479418923696
-7.508630320824474
-7.645976598656462
-9.140103547273711
-9.130385260046287
-9.374066048234763
-8.973801385524199
-7.640366369259088
-6.381750877754111
-11.121967572672942
-5.388896780310189
-7.815412196260164
-8.055192729668287
-6.960274946087153
-10.306809766160519
-7.212769087750958
-12.077649437644045
-5.181411891533780
-7.541444253231563
-10.375409960347348
-6.865629610621935
-6.132734067419181
-8.062936779411237
-13.812358756608917
-12.805802186799779
-11.260259588422398
-8.956527499843681
-12.753317513261843
-8.709683671907358
-7.296353266740036
-9.149015104932102
-13.350844356867926
-9.065102889873735
-8.830086904730909
-8.782746495658001
-7.102593815171309
-9.219216310910225
-6.444322813299409
-5.771615712030242
-6.380769835971058
-5.010146683324628
-6.563861962086283
-8.778751529954407
-6.177873713021726
-6.404471116930302
-8.749616540961407
-6.430320507281031
-6.856657524791387
-7.977107029715587
-8.660054003070609
-8.605307853160449
-8.843549257499662
-7.522362226200143
-6.364521332047476
-7.250513463208504
-8.622696383125280
-9.749564763493442
-11.698599361912114
-8.108894445175963
-5.032485243431587
-6.842676704993644
-5.913099609899469
-7.026235562310348
-6.770219471187985
-6.212422348377229
-6.863281185875223
-9.147070920734299
-10.956713515927134
-7.050039339992566
-7.988249896298155
-6.926271912037826
-8.802294019656369
-7.065718060136526
-8.138432179022571
-14.110336535205219
-6.879307920576218
-7.894995226043901
-8.966298674294782
-10.565713555853581
-5.651096527114770
-9.046523266227945
-7.032849036158198
-6.944494659885621
-7.139843553889028
-7.288970166160829
-5.218577469812127
-7.176162612551626
-6.180005460490415
-7.025517566708984
-7.152417858042702
-7.643176048317307
-7.978121435509087
-7.127640535467913
-8.003848545406264
-9.659263358458052
-5.704019619808065
-6.040941234338194
-7.172039213717023
-7.329940502019175
-7.962737748224402
-4.210673447729092
-9.065402412661912
-6.636836964755114
-8.371952542250055
-7.768949458627127
-8.809038062889567
-7.826308908559614
-6.558537876762907
-3.241620205083172
-7.466398189701580
-1.889949283852346
-7.112526156420970
-5.990669469744721
-7.538493539236496
-5.690747038459117
-8.007529328980509
-6.225009537057289
-6.379655540976467
-7.971185102450880
-8.260278622397941
-6.595251805067431
-5.695582974601090
-7.609613930271509
-5.525757396324962
-4.568157244861646
-7.081847152280900
-2.972242795309447
-7.130715558358530
-6.027297349056806
-6.225073924547926
-8.213279039145467
-6.742699591488178
-5.745151454954901
-9.894669210788383
-7.019667147110727
-5.423457463691208
-9.051885127072975
-7.609431516230853
-12.613127044140958
-8.093624303991652
-7.679256394339090
-7.635579357575324
-5.543933687908035
-6.601801517120153
-6.443766187130196
-7.555863871246186
-8.021333722674020
-6.565331788004794
-8.933947758923116
-10.645170249383947
-4.467085739646220
-8.200843293217547
-7.995603104243871
-7.308077225353047
-2.031844062850030
-4.357650196136102
-5.394726586305233
-12.701699682514111
-8.585479638515585
-6.854914074795750
-6.236240938936665
-7.064869826656269
-6.694385893083793
-5.615532044372450
-4.026276643233809
-6.341672162838983
-5.316790908253013
-5.407221022870931
-5.418277918558426
-3.666147398533201
-5.159597691600841
-11.750402756929248
-6.275751384462230
-9.280209098953506
-1.809472213112647
-9.681719037816176
-9.493934399556592
-11.132979535684470
-9.678811621482646
-7.216692030979510
-7.901268316829718
-7.352968844259252
-8.219303284577210
-8.784636675819236
-8.707149066949594
-8.899314237043500
-5.831908674450415
-5.012899198797545
-12.402359199703055
-9.241121761431998
-9.356396417596814
-10.141697268036410
-8.302236281548220
-6.950757657519780
-9.954105068300199
-8.349774346665203
-4.016557611704586
-6.696141729453491
-5.560238636993947
-5.086671062274970
-5.334242989365899
-2.673459331483438
-7.495290184970628
-6.538287486594440
-8.097272016915969
-7.635961325834596
-8.748496752971995
-11.454315823533026
-11.651910976510132
-8.889458886268811
-7.611565022858332
-8.155361943291183
-7.702938716445484
-7.637657379655246
-7.557419038000780
-5.107439181959466
-5.340275516256335
-4.244609401124314
-7.213313558705161
-10.323386984622571
-6.774182444054467
-8.510070785138499
-9.808073841208946
-10.637463008125629
-4.425922818770486
-6.431412005489888
-6.332594105700204
-8.489689234189587
-8.871116023541109
-4.648346401990270
-6.610072968414126
-5.543355759791395
-6.014786270033415
-7.725408486347896
-7.305359172833120
-5.367726154479016
-5.748694929661296
-6.626154447239317
-9.746232526988141
-7.964292994275811
-10.311276077225033
-8.649759864957758
-8.961410553650135
-8.332796951333975
-7.470315739733405
-5.729923364291200
-4.591371279366094
-8.101994010822747
-5.779787939656847
-5.255179173088372
-11.070978914874642
-9.732509438097461
-7.564533731864826
-6.428024415176679
-8.261290296734000
-8.314711470515704
-5.540446584683835
-5.472767879772676
-8.243231248358397
-9.263550598299217
-5.554907355894955
-7.202638845897350
-5.238624920752805
-5.515506020310210
-6.628617637619593
-5.762407104916615
-6.459755830524658
-2.881074247174223
-3.040938138096565
-3.697428468254803
-2.902742690306580
-3.202587504505171
-7.348436987504065
-7.133927510784100
-8.721994129448777
-4.928368229435120
-4.521420406512949
-5.455961988771997
-4.254360551501339
-7.091944526276706
-3.502692932879002
-8.330391285129538
-6.713424400799139
-7.579328376496028
-5.002126935054173
-7.876697487741239
-7.755381759197260
-5.281209192177155
-6.908333654285231
-4.171441798915342
-4.793659153674518
-6.114011592149283
-5.618982280787017
-7.487430677720401
-3.461465397185092
-2.973875483254550
-6.286876426935344
-6.166128172207605
-6.828153495870460
-3.578838902473401
-7.132137464444689
-6.131366295099675
-4.206853545111120
-5.374522915744701
-7.292566237634822
-6.863459797602909
-3.137879187057072
-5.398144749686299
-9.020255350794615
-3.912541314750567
-3.161204782743363
-3.817324826204176
-6.043560775273654
-6.571193352173808
-3.824335534894319
-5.372763649048265
-3.853932704652423
-9.959354810028886
-3.897954530157127
-7.178824216739960
-5.514931131147392
-7.586846379638283
-8.026507227656291
-5.247461749071728
-7.755869495035068
-4.690137642906131
-6.946137529102028
-6.612271413728478
-4.680638954514482
-7.435429046002961
-4.241576624584264
-6.919281498567176
-8.576461556039682
-5.036690481351997
-7.765305787654093
-5.122573744693057
-8.574687342497379
-4.791356834896839
-5.795023237289352
-3.322315424078234
-7.405299363451033
-5.710314465575745
-6.631444945275311
-7.372647727613627
-8.727525787769359
-7.511457449158609
-7.957525544640982
-5.731890429479733
-7.514991357077871
-6.910435272222609
-5.834049191870102
-4.855531508485768
-4.130298937216033
-5.456291449578047
-1.868445490238760
-10.043013536792619
-6.519970375095884
-7.310002127562457
-4.410010501236561
-6.224667041583693
-8.246415286655076
-3.797922500709173
-6.553239211764260
-7.732426964729490
-7.180148489576812
-7.170890922233731
-5.592245431440543
-4.531724792095210
-6.759939700496809
-7.436428766326572
-10.443611528292426
-11.725779718462025
-9.620847807103496
-8.783632093483039
-9.806029429834956
-9.383922732364917
-5.438915331044559
-10.653959640303540
-6.484558515627920
-9.911621263434025
-5.613322318470915
-12.789852997475540
-9.547728906086178
-7.192434641376619
-8.417214567122334
-9.180948982735510
-4.906330315951168
-5.458231832876658
-6.812438981889619
-5.755496011555009
-5.759734878221586
-6.750222916869030
-7.121231232408725
-8.550849043410199
-6.005462222380655
-6.794661715843609
-8.416510660050287
-8.982803041849076
-9.119167879168966
-4.234177044128336
-5.723317977048842
-9.907650200431677
-10.758078318114356
-6.020655854081828
-10.409651505482110
-7.590060424824288
-7.540214933704773
-4.035429174700853
-6.790220017989940
-9.523968057026366
-7.233205780785172
-7.845262282588023
-9.397881316653169
-5.971681179094385
-5.108815190978329
-5.253170888613694
-5.358323513782238
-7.777622275394462
-7.819907851378137
-6.522001442214740
-8.502004270754886
-5.059790287588211
-5.022966287955677
-5.191279274838647
-6.126502002159404
-6.331299049851085
-8.385175016729809
-6.604891362763470
-6.880289919851309
-8.515736321089964
-6.786064419016928
-10.259489903602949
-7.802961354736825
-9.363095568318123
-10.538013937025182
-6.412135564251420
-7.366505818789240
-4.103193473624164
-8.622593694200285
-6.350465781617262
-8.322124146242231
-2.749336080536756
-6.653316072566011
-4.761631586738686
-5.630540128375411
-8.492365773497465
-3.220772935165118
-5.993186224980671
-7.685235163142412
-6.281000679796697
-2.154591860378206
-5.995755873005431
-7.857004755935573
-2.266883018557936
-2.566230166075134
-5.570730106338467
-4.784668702314291
-4.891354852268017
-4.886522323981616
-3.122578322086077
-1.934494976901610
-4.032089863719041
-3.013160845181904
-1.825504080624700
-2.349109922143688
-2.866141874796665
-2.468010448587450
-6.951652951351131
-3.727061794390176
-5.252409284881081
-1.653451441451526
-3.420987893498922
-5.485083632022372
-6.544066843093552
-5.475661807165516
-5.536176412638526
-1.495298118954446
-4.081386075751691
-2.145754702933881
-3.703424799174899
-5.880943968464109
-5.795807045715913
-4.412213770526288
-1.814882998857408
-2.395557933739277
-2.992252221999260
-2.633017024022149
-4.843981645142382
-4.064005478806695
-4.544051063985142
-3.526366356599228
-6.870624082797289
-5.929713581104092
-4.548369631605916
-3.981367059347580
-4.515666353923534
-1.922486748502337
-3.410544055529115
-2.360413913326573
-7.563431130860799
-6.986650003471412
-5.918206685512096
-3.193126503504302
-1.767257937279263
-2.345534666479854
-3.769460869699258
-4.240819491030015
-1.547707438382271
-2.884722408604099
-4.904651396943302
-3.209102756010824
-6.515934489422408
-2.512154879888564
-4.741451728036171
-5.290120671475191
-5.597111208418534
-5.255787094859263
-2.426084559578449
-3.456587998574755
-4.843871830691559
-3.899004259094566
-6.386118389695985
-5.384455607898293
-2.614751317596780
-6.178237770031268
-4.777140999630304
-6.300275547876756
-7.245527184888360
-5.179289435914330
-2.832682665251824
-4.154175418870572
-5.747916881212982
-2.502241281712732
-3.204459008483567
-3.554861452745215
-4.065985173554247
-3.606203962815966
-6.205301943622651
-5.818549360557482
-4.821084272410594
-4.889079984572072
-6.012981148617930
-1.973466735476703
-2.937418015771837
-2.699839463048648
-3.896321172052421
-3.805835537888705
-5.188956810945098
-3.102969991206991
-8.545847960770729
-9.208838947527576
-5.075310919386931
-6.127480558286543
-4.878263713158712
-6.072016983578015
-1.983635320543706
-6.548222436143861
-7.470088121727414
-3.863963776327575
-4.463495691064362
-4.933201830273497
-3.157647639164314
-2.454074670644157
-2.929592678259880
-4.743823619782488
-6.784327469733435
-7.321076574001323
-4.920012099443126
-5.217818564682511
-5.502927073599009
-4.585100613665945
-5.269256873951664
-3.706618831803843
-7.102160588417568
-7.449705488749150
-8.543073798371497
-7.802212870270080
-6.036151326123390
-4.809277425021349
-4.681445421840088
-4.842245795177583
-5.918686745675369
-4.584034062948019
-3.636053520360687
-5.875901841176112
-6.188077223316670
-6.521767524479873
-7.762015556002231
-6.879031079971655
-4.221953876080027
-2.666754301038037
-5.375286887422747
-4.739729970111013
-4.601910569355799
-3.612169663001207
-4.254093474563931
-2.042392712939905
-4.013412291111926
-4.043077987745393
-3.985458419050161
-1.856423167841004
-3.697153004946481
-5.064700019691775
-5.260494172566596
-4.369584680030187
-7.416600265625949
-3.208299160965252
-1.692867809344220
-7.602038320573996
-7.336632778628505
-6.637205736850749
-2.802995271976954
-5.252735704034801
-3.770194620137842
-6.630639166256439
-5.514695595607638
-5.408888350293273
-6.346530827448905
-4.114759746130319
-3.841812672474509
-4.004151091232028
-6.371839502491216
-6.485119715730937
-7.930420998084509
-4.628800481447216
-7.486449011081785
-5.347210616937054
-5.342931343297189
-3.345511672480460
-6.202831942007943
-4.056744762663427
-3.507838038202067
-6.690365012783868
-6.247098804489572
-6.385581017772060
-6.891767203292875
-1.960387618103276
-1.475993554442627
-4.058444356052637
-3.906449243487153
-5.632957473049171
-5.424158177478247
-5.798588779091844
-5.284275500282321
-7.140281462198597
-3.732539453836949
-6.083203441947101
-8.707225017563092
-6.935390872643756
-9.343136068306604
-4.286818160125875
-5.265761927570463
-7.134947496748649
-7.803927176076260
-7.830372682689939
-3.713458563707347
-3.173602730882743
-5.088395487666045
-5.147654230807439
-8.748117419590336
-7.251145488991208
-3.081095233029835
-5.250941386979794
-4.785275670878971
-4.488747438600538
-6.442335498896938
-4.597775436958244
-3.934049429952572
-5.094914062168541
-6.602769017004480
-5.957788750725599
-3.754599165074543
-1.986194072659407
-5.033360594692360
-3.413789538357582
-5.455039081184179
-3.941938347294984
-4.730988944123695
-6.224282652261149
-5.546430676636804
-8.591795000194386
-5.896807997946839
-2.189565844077327
-2.357041120590209
-4.814931651638884
-7.238621222307018
-7.465285704315698
-4.120366621702773
-4.368991949440799
-6.350701645954849
-4.405139301623302
-7.111320414962900
-3.043050537855182
-8.267389570028591
-3.593711108617480
-10.253871057922405
-4.007941956719907
-4.104457907376680
-3.740413416749300
-6.472810003126369
-8.214991056974677
-7.102825441758998
-3.797840718871092
-3.685338454539409
-4.916358560705915
-5.130035345772317
-8.013515781898095
-4.859644731672817
-4.689924859800261
-7.794554680300719
-5.013851246619023
-6.266619447519248
-7.432919118593271
-9.204104340692684
-6.629922376098687
-7.311920511623849
-4.879592879777185
-5.988725704948537
-8.005757301994723
-5.979234944935519
-7.144177605521157
-4.711442700128734
-6.724837831073797
-4.762287143623314
-3.527765081420706
-1.131861259503325
-1.980426797904361
-3.396496167353758
-3.874899209500761
-6.859071014796066
-6.866408676087661
-5.533818329666471
-8.442632774151635
-4.865292000277397
-8.313761938772970
-5.454009311463029
-8.975408940423378
-3.753439214175349
-1.883491876262654
-2.041722874452303
-2.753501419204199
-3.267607292136050
-3.400606273656670
-3.492738038084927
-2.523603173274670
-4.178622229816128
-3.843884450967852
-5.209518524333727
-2.040576978056895
-2.460046158343603
-4.375599252759335
-2.308034897232640
-4.005781665626748
-3.764992230677383
-5.537842756320055
-5.316628221919361
-1.890623968595624
-3.616924884189550
-4.292893381673134
-4.372803024607175
-5.679758287641689
-3.459208950339105
-4.864346212148843
-6.945633525420840
-5.791552846736274
-4.672473117073911
-6.531629541806724
-3.795589731518048
-6.216568720550833
-4.285025667433994
-3.192744290086007
-2.857923538926715
-4.688926637140933
-2.329846954807820
-2.111708154643484
-2.475733731233021
-7.310911879842025
-8.273411015575540
-2.056060535527783
-2.130123186733234
-7.574395945868822
-3.335567027714699
-4.823542929567794
-4.813566292817063
-7.182136803264679
-8.022301656298660
-3.052535871701227
-4.930199792602347
-5.377073167817712
-6.676134877801303
-7.250841271207113
-8.026695531650613
-6.115294114461149
-5.494300057866066
-4.102285011454166
-4.645268877511629
-5.146922631173000
-6.705869613291596
-7.343369456926916
-6.256173261909892
-3.847422820460330
-5.399319402295925
-5.182606135263089
-5.206857328116971
-6.530976963555220
-5.418489494407424
-2.970210529168144
-5.166462753801472
-5.252478980395768
-6.370623205642187
-4.718118050535984
-3.561872005956970
-4.833364250376240
-5.467026348742843
-6.228381279698649
-9.462482301597424
-5.101742075530546
-4.166051758491849
-4.850438736504819
-5.109324620618194
-5.888015363194767
-4.780001095804812
-4.176602864290332
-5.727672668760378
-6.597804229347687
-5.932772762834612
-8.880893505995605
-3.873070685572707
-5.162249916261142
-7.960698002764621
-7.342399633686171
-6.117791988499945
-5.895037736236744
-9.142221774075121
-8.152303766497360
-6.907937905222685
-5.032992458438359
-4.163358849213398
-4.180592111402802
-2.325965999568745
-2.342466112442014
-2.818156412055227
-7.416912221163941
-6.841929059565883
-4.545899680090534
-6.917461716610752
-6.763312512209058
-6.429014986614608
-7.135679784057491
-3.595897523879093
-4.253070630955824
-5.215541905112882
-3.821760457536755
-2.756961951313706
-2.289374984939203
-4.432459165549341
-4.154027693746668
-5.030698547711543
-5.405028035494757
-6.559203838164196
-5.752491864199727
-3.633896780635848
-5.394863282592534
-7.045147424740890
-5.360330277119624
-4.028635540100608
-5.076028683607878
-3.925746895229209
-4.077232602184969
-4.612474022326404
-4.506521707031658
-1.760000207113128
-5.313884615514403
-5.464399619168267
-1.734403976912408
-2.501000636419847
-8.177110636160567
-7.685862717690670
-5.823524068537811
-7.488637930077450
-3.354761633358881
-3.852327001756424
-6.409785415875263
-2.572027286391791
-3.851164572690262
-5.453324134651134
-5.922585825738469
-5.186009596730011
-4.251494326771487
-5.421447800880999
-4.217201140425940
-4.637723138083732
-4.397680178537616
-4.386843099464095
-4.070535786885654
-2.159705668388564
-7.081270225863204
-4.178832876040198
-3.478156061840821
-3.999342498395128
-4.463625137403859
-3.535150462287894
-3.330277215008568
-4.243163900705616
-5.123616843070433
-2.660548558693559
-1.167650783740462
-7.255643737347785
-6.525408153492520
-6.699172324110058
-5.954784442174046
-6.889211209633491
-7.773626278059766
-4.997401160189471
-3.753457698980294
-3.438132736055660
-3.507639784690559
-4.265421582660237
-4.018417318655336
-5.276623170652614
-4.309384750730251
-8.130916554933563
-5.454771433598654
-2.008065450281052
-5.134996953970045
-5.188130397784763
-5.056674487204813
-4.172797667056871
-2.101274818410507
-5.345893363974396
-5.280550889325950
-4.361376515878067
-0.811105249159425
-4.751955721255024
-2.931072388317928
-6.049069101180762
-6.311830672610063
-7.000199424296474
-7.102325884859405
-4.461261550786960
-7.628470498973662
-0.216588852590533
-6.636781306077663
-6.870869973836589
-4.570383607619280
-6.583719760365644
-6.417222698394940
-8.211675506838054
-6.511820690727002
-4.294409307934431
-4.521254444628591
-6.978509710959646
-4.031599996069763
-5.324689697820896
-3.837558682925681
-7.627127874823075
-2.693360558975738
-4.451793860863841
-2.067424776501710
-5.708984692776203
-5.991669421427819
-4.316653548670884
-3.735583870311733
-1.565846428933399
-7.596233572977387
-8.396708399433052
-4.283477699847258
-3.551670690747683
-3.017259014949034
-7.295740052163944
-6.387360269279584
-1.711862605117934
-4.183264753227585
-6.922940887903684
-7.245165981849322
-5.151893965021203
-6.953011736881987
-2.243668232678942
-6.510775918937023
-6.554855314719892
-7.142965975465550
-5.631879097522421
-6.364338798718257
-3.186286138315913
-3.515321740389138
-4.815260603579971
-5.628476245915533
-12.360042105926256
-8.830774281650870
-7.708821272704917
-8.015385530024560
-5.295756390185943
-7.103387691611805
-6.511574396660756
-5.817046360892976
-3.834287837835197
-8.104478826164504
-1.473234392711038
-3.251418509091841
-4.206132876947841
-4.324198163080260
-5.135894969950515
-5.068446893481694
-2.732359017654085
-7.072288316581830
-4.885439866556417
-7.504851900298805
-9.159060101674562
-3.724589121636039
-6.439832138678907
-4.446856817273687
-6.378510009115470
-1.646583908946644
-1.102389401218225
-3.985990969795814
-4.440372210926721
-3.142472476760436
-4.931183429229546
-4.681277336738333
-7.799785798997965
-2.355856949490081
-4.516452635712932
-6.553926668144500
-6.918329000583548
-4.204794799218401
-4.493466996413619
-7.235449266711599
-6.339603192679833
-5.662663250992740
-6.452131690248649
-4.929953639784072
-5.319923672702879
-8.175658573837328
-6.484944064297789
-8.715796686183308
-6.701856540042109
-7.639196680209557
-6.454497984729597
-8.610739090254670
-6.664315775524022
-3.881307002205816
-10.491757677050032
-7.249805697411990
-7.163971510887182
-8.572053346463671
-5.584626138303252
-5.091450201547985
-10.106060755372662
-5.497843542092971
-7.005217226648003
-7.513279117052501
-7.417503084330774
-6.724875450686970
-4.496015569527877
-10.485407496063941
-7.860875734128546
-6.570194934630563
-5.745325551192362
-6.928442741845544
-9.334408644194228
-4.957726236064556
-3.948739369055192
-6.687282524209565
-6.324023934431007
-6.700949890258045
-10.024168092825276
-7.897166536364859
-5.036842810954986
-7.076129994554649
-7.299439606378266
-4.122131396409789
-6.104205812187740
-8.327261057177438
-7.836399490832207
-5.282450530601379
-4.646195790744965
-8.083664836968989
-8.472429955992002
-8.319795066559598
-7.480441060849293
-7.180077654864126
-4.824587647982274
-6.471361900317120
-8.608103300382348
-5.234312322551110
-4.616153111126978
-5.601749536597260
-8.017268034535249
-7.567151095893950
-5.362172145785622
-9.342021142286207
-6.269086290226690
-6.246005200754926
-5.828487292294514
-7.758578743259369
-5.232648041897452
-4.122583492732248
-5.212509315789572
-1.359200660567289
-5.735667807895092
-4.072429598025687
-6.793680979627938
-7.296775062839219
-6.974888451232821
-3.136391523972250
-5.602264399298660
-4.206065038166340
-4.893880615873740
-6.239449634927719
-7.489039258042634
-5.915224492730125
-5.708488102385747
-6.557887528103060
-7.657166580082787
-5.553695991727190
-6.770663002044447
-8.069244394628376
-6.699140050883299
-8.144049664107531
-9.095379044949087
-7.353433269438293
-7.711218023857403
-4.904941067586781
-5.872572802581638
-6.264041163489196
-9.679215236522133
-6.966938424175214
-6.533557091576906
-4.450507797750077
-5.842126687298662
-7.378789739647445
-1.417028070895194
-2.366228653917445
-6.390494679365378
-2.775725985705742
-5.455492494613277
-5.065961157768561
-2.195928751114339
-6.626524400217783
-2.747632485540101
-6.896991491965936
-4.216759408469390
-8.194806404772677
-7.583263638973476
-6.349823115194900
-8.715971457862182
-9.086119902634538
-8.077066038355545
-3.004796065941083
-4.847525490235301
-3.616072340344370
-5.572689231307590
-5.404844365494842
-4.763406105064638
-5.019165035374651
-4.765268871519286
-5.431289415529708
-8.686299502705454
-3.210367470993923
-5.664162813968304
-6.856732192253864
-3.383134007779829
-4.297709901247596
-4.504902598216119
-3.462734761855562
-3.074228113431758
-5.351178656198316
-5.701009173697974
-4.457268125667890
-3.926305776573615
-4.248881664009642
-4.267139563312783
-4.508178459529585
-6.152102262967150
-4.469142354914380
-3.560791715402480
-6.716505829075126
-6.400046671745777
-4.749167335905073
-4.620136979453062
-3.631693883810855
-6.250966529439991
-4.209962038168770
-3.526099409283900
-6.823647351181236
-3.704185875434995
-6.791746755843608
-3.891030465841308
-8.814771134583177
-7.013600567283587
-8.520905607855276
-6.808918463443581
-7.190338742353627
-6.146304847151955
-4.118371660547974
-3.883759722295268
-4.110219419918026
-5.581896659460983
-6.617949635161969
-5.417119571677541
-4.004727197197679
-5.139660099310169
-2.386581054965427
-2.649945906420970
-7.267904159778859
-5.734757531366223
-6.350973109739659
-8.079678565257659
-3.662286512248877
-9.397432366593376
-8.154861351007384
-9.241382246492668
-6.986657740021880
-8.350614314280243
-6.962464910141485
-6.520754997247157
-4.481775787732508
-3.580391148565603
-4.012191727912698
-3.473796928893074
-4.083323753262802
-3.173398966593209
-1.221754662670995
-3.067910606313098
-7.194469205778948
-9.591203266554839
-8.056473372221479
-7.956644222688817
-5.099188966895885
-4.605878024772794
-5.869218036109154
-4.295380274680692
-3.844710149020053
-2.852323675758901
-5.399151419579285
-8.534791231412212
-3.213670667347876
-6.110558023418947
-3.570125062852083
-5.258402737933813
-3.720159434454337
-5.690209982017381
-10.027143849307160
-5.377287413394226
-8.122607704822647
-8.270433404029463
-9.139197971622737
-6.705846095346603
-6.459325520822286
-7.259177016014848
-7.114503913456213
-5.127228438086750
-6.545967592801508
-5.590353323264549
-6.392106108654168
-5.720919304221561
-5.884362256752301
-4.237763338506053
-6.080707878830919
-7.338889541865199
-3.026635396629732
-4.334936037945632
-3.753216906737742
-7.898920389959475
-7.276639414384071
-7.362924339451244
-3.349837008274778
-8.127280577657464
-4.781720961782871
-6.910668288481279
-5.886537932160730
-7.433051295933256
-5.696503037556690
-4.737322628236003
-3.898179617560370
-7.239557586234918
-7.522763526315390
-7.498558084727187
-6.189918910449776
-7.199223384849859
-4.506586095923286
-3.798622654283023
-7.973983636864209
-5.412716399056908
-6.779650487798163
-5.355771839265347
-1.873836111194161
-4.223803348823092
-5.524230147981938
-2.084705716977314
-6.858503002385985
-8.325479237089617
-8.792143741400707
-5.529536084091676
-7.946247482217520
-4.644217126785853
-7.944717395996043
-6.720722345912590
-7.735710612242909
-7.855062124223159
-5.293259295369265
-6.456507905380708
-7.668386256039155
-6.497418926695461
-5.547350218594545
-6.671482763333159
-5.626959516396289
-6.188056922712798
-6.425785377109464
-8.892911171298344
-6.714434032191672
-10.079346501519714
-7.475249534326668
-6.457873812183066
-6.770441674059831
-6.801362734368206
-8.467095975668386
-5.114107064884690
-8.167536182175480
-7.688438489249313
-5.493977061124044
-4.332548366806896
-7.144281036098632
-4.622368661670440
-6.320902788227250
-4.989001188260010
-7.303140002058968
-2.720789487398605
-4.894572918191334
-4.579188923219541
-8.272845602408854
-7.937480190135227
-4.298641328834573
-8.252382257948135
-7.173989936633641
-6.626684618112877
-10.797300896935420
-6.301976985037466
-7.566750753154992
-7.079510451178428
-8.371892195432391
-6.765248996845980
-4.858190541443075
-7.802710938058067
-5.938303423285116
-6.887665994286624
-7.078487291630982
-5.953282813036510
-6.531621597963381
-10.403782697642638
-6.214867880189374
-7.326476585948412
-9.950613914622084
-11.334309785930532
-4.800388273284632
-6.742667811104004
-7.309868356326276
-5.347231273286956
-5.434406055794462
-5.939540853052413
-4.896394427497087
-4.391745262697712
-5.390711950042152
-4.654597336392653
-3.740188046812737
-7.320627046932341
-4.160461115435566
-5.547688243275478
-3.070302798067025
-5.228480611690423
-10.111000251114024
-8.004015477059367
-4.291403567337072
-5.871830971608927
-2.502379350218712
-7.046387391852085
-3.295576180796739
-6.519868049995109
-7.354894967925853
-6.364306631031359
-7.359864554255916
-6.376850639849960
-1.153094099639602
-2.557206774060231
-3.667005121053630
-3.171925328593279
-5.776926875116274
-6.667863380637917
-8.499733482478923
-6.077241255155197
-6.979622576650258
-3.723058971642792
-3.921960700423010
-5.792429211730320
-2.692076296388118
-3.362426075553722
-3.853742951493452
-5.388392597188215
-3.728875180380142
-4.791316132553059
-4.699384358184343
-6.151991018895189
-4.739699193326251
-5.091288541651316
-3.991323194796969
-4.273355399521497
-2.897566294318664
-3.208075714292000
-3.467914597972265
-7.767377673194453
-8.294066745468429
-6.283269583199808
-6.646603768691908
-3.806390356877481
-4.215457465223330
-3.712277372596074
-3.677798112551382
-3.718684989761808
-3.726222468108618
-6.743202551706664
-4.443476547811461
-4.980860686321770
-5.079878145197520
-7.499942631709277
-7.285422072471709
-5.309802693312895
-4.640416750993084
-6.607551799910089
-3.050540297611269
-6.864002815098843
-4.465383808165472
-4.976978218162999
-4.688228074787996
-7.890141694924583
-7.848832752317363
-6.871423663128041
-3.518576953890368
-10.344957321343497
-6.598714884867644
-4.543336660456268
-5.887281101578393
-4.356807892483836
-8.400718228605925
-7.444789055153164
-7.299904022865340
-8.714269313842850
-5.587362879300864
-6.431180296908566
-4.813856541360655
-8.459532353936046
-2.397614409894895
-5.487752853985672
-7.430313558833388
-6.080975890643468
-4.932077872186162
-5.018745047444566
-5.363560828603979
-3.844485042735753
-4.663524401683823
-6.723865952148627
-6.433940563898257
-4.058470482408096
-2.415329615535651
-4.231154289033832
-2.295592072613159
-6.683526839698602
-7.517070594566187
-3.275089658009531
-6.311630038399942
-7.112265580273028
-5.226848272067836
-5.941847051903899
-6.044790225483645
-6.954428323860501
-6.632377727526025
-3.827144235911971
-3.531016825912589
-7.044215143544159
-3.952073163910388
-3.673868528858576
-5.539726193635567
-6.410493247494694
-5.585554020184537
-5.055568158084201
-5.463345084070384
-5.265681368046713
-7.864349834889008
-7.329531088212325
-5.523732890813223
-5.977582459503309
-5.556675470722468
-6.882737675436216
-8.635997544992424
-8.227118994707117
-7.368886569556270
-4.280911456145323
-6.490393891050126
-3.627134498472599
-5.884545190005383
-4.830989741927809
-8.595949440696057
-2.622875957653544
-4.186239664833867
-6.924293222100529
-6.434043584700003
-3.332288806479052
-3.567275994505986
-2.405939098729582
-6.302401542614923
-5.416069867752156
-5.477801675469497
-7.106543801416150
-7.115068470124193
-5.541732723702690
-5.499257238667536
-8.091499837375949
-8.118204701127265
-1.965531977244958
-7.262610061408701
-4.865538156203657
-6.569300962316450
-5.127472346283962
-7.652310003268796
-6.483408381670213
-6.633567396874004
-5.722059267118066
-0.579385878179498
-2.787279845582158
-3.766898960483613
-7.665069430167360
-5.043096351783677
-6.810172025204112
-7.175335579797876
-1.985269504998247
-7.303959322636810
-5.183272104061177
-5.048852864385959
-6.655542139045138
-5.044046257254338
-3.947260134534875
-5.556911375691376
-5.909497237634682
-4.679121896291415
-6.479828539042610
-3.697719236740942
-3.978679811890660
-5.480308457792497
-6.075365439927713
-2.794524963259109
-5.033236596137713
-3.819881835495989
-9.134014277082596
-0.464489419751412
-8.875403598445558
-5.163210069108593
-7.343344521567352
-6.015620090963780
-5.113124052802021
-6.795364739594470
-5.045932667681780
-5.758218088042018
-3.968041852828371
-8.481905475198648
-3.572094539967636
-6.312946441132204
-1.684932750485784
-3.359921223352381
-7.059288186248123
-4.706195889573752
-3.571096914091585
-7.542605324989901
-5.654750548381897
-6.119957607599837
-6.665954349613967
-3.663316027963240
-4.387464231230680
-1.322411295330179
-6.329717780925526
-3.577043528145464
-3.016591649437134
-4.236735329622168
-4.780188196606907
-7.897782318634480
-9.040479092112966
-6.404488815113434
-8.598585196670385
-5.264586690671775
-5.895855006409374
-5.254197390389582
-4.441994545232462
-3.986400675666034
-7.271612673069702
-6.990557764680554
-5.444611579136232
-4.227152496208669
-7.201747404514847
-5.763175199275280
-5.404813915622902
-3.712379762490198
-4.643236528241134
-6.484582875605521
-7.397026864133887
-4.384902878483595
-4.779210747977242
-4.484000762592373
-6.632135162330980
-6.486837249726448
-4.952781119314883
-7.023148703533614
-8.666977822617234
-7.086468834488009
-6.211962213395767
-6.361751964265209
-8.380742673787495
-4.243473239725236
-5.304430284481290
-7.195146516266662
-8.719295716143824
-9.125721066659580
-6.226827496985188
-7.179445358335200
-5.758304405690366
-6.755385520143843
-3.649622304022133
-7.133864048083683
-3.877566121288331
-4.993046020776942
-6.772921485155820
-5.133537087811566
-4.741057027941135
-6.442620300886461
-7.664927643055544
-3.880303152848033
-4.787672434115894
-4.271020258364133
-7.865973792921886
-10.640816727655203
-6.632960106818876
-6.847805311226898
-6.737624189757379
-5.795390292670447
-6.647773045220491
-6.079408202665364
-7.185136254625696
-5.471570855557903
-8.403366523014650
-5.677156045714612
-6.710651864510661
-5.953307812900949
-6.045910144874114
-7.801683613234875
-6.732376940878811
-4.871998176209806
-4.887776678423708
-7.651087674355283
-6.157195878281000
-6.806152121661003
-6.052821035161033
-7.407657286077010
-5.840608653430003
-7.729200463064290
-5.589656108428119
-7.648892810739686
-5.299308756456101
-3.893888173975952
-5.551067411347709
-5.436338024726647
-3.366285450995855
-6.583425372310500
-6.053197977964704
-6.616370910921969
-3.696685776540908
-8.464068191232878
-4.338253168528278
-7.459818934094478
-3.928303593866263
-6.083431123911619
-5.804654456822636
-6.930346556150643
-6.806393969192572
-6.612683771453165
-7.047900957091477
-5.248786128250502
-5.635000837701321
-4.228779970814338
-6.674515466979417
-8.129884628807536
-6.875869755442064
-5.053471917915449
-4.528298672508868
-4.899605662400774
-5.415140883667545
-7.819646719063023
-7.848492512167346
-8.354166260646810
-7.935313381223414
-5.673669233867059
-3.908551633686302
-5.523699822163169
-9.063364508770013
-3.878460663005872
-7.538640682855504
-5.081068332451733
-3.611840583059283
-5.752155100121699
-4.739346424997759
-4.487446432024007
-7.112240448204003
-5.192819628853358
-6.135985001525889
-4.390528946857820
-4.533961292693161
-3.217117192131331
-6.896767238492346
-6.366531952455420
-8.582898867380871
-5.413122669975145
-4.955706442250811
-5.861514513383550
-7.839556936031788
-5.635573718533371
-8.758161280786465
-5.806504118906053
-6.105660754696665
-6.692291560597797
-2.583858968831671
-4.210584153621125
-4.050952805020368
-4.403029855051296
-6.977270086516794
-5.823523848690114
-7.299798745868777
-3.907330445805099
-5.464501910749136
-4.934608192822295
-5.988213355255560
-6.044650041371214
-7.013077896932474
-3.730680577083843
-3.788865276293951
-5.676282513374500
-6.633581768670877
-5.312975393146535
-5.536477631257519
-7.723573878375740
-4.974760677025072
-4.295117371980811
-3.937542918775548
-4.617414497559202
-6.422470931712427
-3.559248793788828
-3.839001197135933
-3.574166278293473
-6.714943728187930
-0.868102373417732
-4.641487228879743
-8.234674722678987
-9.185686453798832
-1.617406683355633
-5.472740996747358
-2.881404634776238
-4.557258948933884
-5.086064744323387
-4.711134520404810
-7.738854558892194
-1.841094978812456
-8.340603488931114
-4.910162696755832
-8.040369774423155
-6.591669536130142
-6.576441499058979
-4.438980313156295
-8.145414247240069
-4.452839506180984
-2.934793871945688
-4.921117611550703
-5.224903064128924
-8.415130800963118
-6.701671241353616
-5.670920350281873
-7.344815113536607
-11.378815156058590
-9.060586467524940
-7.587285341170467
-1.584359020103846
-8.725838549341161
-6.352277896177746
-4.351910992309080
-6.949598162185119
-5.554099011958327
-6.473505946184063
-5.696977600017627
-5.813602388686768
-10.378428268514067
-7.600222790342812
-6.153777803039403
-6.839256959688405
-6.590619424159017
-4.619569842194729
-9.534016503511749
-4.624793670899105
-5.712354418049165
-8.198536018481969
-6.150650535361531
-4.462122311853844
-6.249082256887544
-5.944676536176234
-4.328590348944216
-4.853153379881720
-4.936137424643896
-3.618088390251797
-6.278712945986986
-8.096261620053925
-1.074198185005260
-4.169865745409653
-9.395152694601768
-9.043411441080277
-7.168906318610921
-5.379602837582574
-6.038976940470048
-9.228313398122735
-8.178423582709327
-9.799915415798470
-5.377612538492055
-6.036272220850093
-1.600430106343157
-2.473660722610156
-3.149945062478246
-7.020713807512395
-7.174749532414620
-3.564548786334286
-8.281935486982068
-6.903144860960537
-5.289933008350158
-3.295499272348237
-6.840073258153837
-8.462196345943582
-4.452862053046821
-8.482701508467374
-4.743776132296217
-6.110045478919060
-3.472294136455742
-4.359050380679061
-5.862234355411235
-5.772958321183340
-4.775064664589086
-10.759191590196533
-8.902611526103620
-6.892915498506939
-2.564474148501345
-5.666008401022351
-8.655200146552533
-9.097701091468624
-7.625819637133646
-6.049501646882401
-6.629653406443429
-8.495073356674018
-5.155046674263701
-4.961588786734342
-3.876840480125486
-3.980071005707792
-3.656369444890578
-3.687047892911726
-8.108730456975470
-4.182287609298338
-3.953871565438347
-6.308196069808063
-5.076949702805641
-6.597948441918911
-7.141163605038257
-4.491244157993568
-1.340254890533887
-3.617199843452493
-4.498285916940746
-5.939077759136246
-5.775537435040310
-5.594337978248987
-6.193982728273400
-3.625873686424455
-6.242089876569844
-0.567837547158782
-6.991300522405483
-6.924147008991223
-5.931217130325014
-4.550335312240153
-5.127576743876037
-4.391062934393092
-4.533783594929838
-5.895244446570605
-5.321690951264867
-6.467843574545729
-5.335807749183819
-2.849243560139691
-4.078819926667663
-5.801678133563438
-7.549804534982135
-6.566826819676447
-4.025580186613276
-7.459330423104841
-5.587848444124440
-3.852652862787700
-6.102864438687244
-6.462980921932826
-2.367643953760927
-6.344843387654649
-7.585490915348608
-9.300709471750036
-7.502154405277482
-5.784000185725933
-4.508475816567068
-4.386750399362882
-5.610531053886785
-5.009995373247293
-5.330709053261566
-6.452725845912078
-6.522924963910714
-8.369466195468243
-5.821751857806988
-6.290717975644601
-6.494192190781887
-4.973638440345059
-8.890739772263171
-5.338790084824600
-4.840484916207557
-5.803288975306473
-3.799600532612082
-6.069533466048101
-6.063829995850925
-5.446515235327007
-5.650976236814916
-3.746536447914926
-3.637604098719976
-3.733987157227695
-6.794484796259427
-3.486815138443906
-6.926552998037669
-6.486924229562214
-6.800093051832151
-4.683235902583661
-4.271575854173124
-3.847967974160618
-6.846942623338702
-7.054328915903540
-5.891356631062626
-6.201057807465933
-6.649711439066289
-7.644570800539732
-4.911559682036116
-4.610743299353473
-5.176171608578553
-4.938918631757539
-7.971659521454523
-6.115382026929569
-6.332975510113292
-4.681220807253961
-6.691017207109270
-7.101876083041925
-6.217793509312598
-6.413071786484406
-4.804948417232337
-4.395071603038389
-4.214243403457355
-6.587404314770402
-7.380591647676220
-6.116534622373083
-7.355729534730497
-5.317344415831528
0.208291369947514
-6.438852832910590
-4.437139977149637
-5.202685958209215
-6.931737282355268
-5.690574806194627
-6.071393016722384
-6.850731340558745
-5.049507909164627
-4.000352245324072
-3.792521826313530
-3.759853239620245
-3.325294090811205
-8.796720533121629
-4.272052453772710
-5.454385555112827
-4.514588029148007
-3.544004716454815
-4.921414217810583
-6.704798248049665
-7.652809580578900
-5.603555764175636
-4.812202079081136
-1.246156595658164
-1.685774529073503
-4.178910421479377
-5.345368450979565
-3.708296487658348
-2.110698297493690
-6.339140173550615
-6.605309080065052
-3.447960897015715
-2.804931003531410
-5.235481026189478
-4.529920479584141
-9.071293433641632
-8.164301444536568
-4.496560382353481
-3.965061945245359
-5.211518481071236
-3.982443813565134
-6.499541501527432
-5.387384283803688
-7.001227957462089
-3.274222622184360
-5.495746579766934
-6.661869295634118
-2.194499141841600
-3.424740509323096
-7.135368640773609
-5.715077744821460
-5.346260839503910
-5.826352152874685
-4.086793247775908
-4.588495648206369
-7.644950132194728
-5.982577836407946
-6.129277499745367
-8.519635490871206
-3.834167907041369
-8.338448815745584
-5.551644977818696
-5.846439664125991
-6.477945434283127
-3.611666378034053
-5.383749089656727
-4.029242983142906
-3.513206179324226
-4.733493502564872
-3.058830895492119
-4.274796012065802
-5.853395761019249
-6.941537115224245
-5.187491518311248
-5.471301987352317
-3.262843623194069
-5.969082464884334
-3.935050697384917
-6.901289418741952
-6.061567805489635
-8.084390502884053
-3.704452462420939
-6.503371076320182
-5.592044093386998
-4.571490532606372
-6.604014238769112
-7.324733229478718
-6.198518366842574
-5.015106173499674
-4.668329453322585
-8.140061395492655
-6.196346233085940
-8.458755275381066
-4.963005939900826
-5.695827735372956
-6.580026102343274
-4.877444089217015
-5.397136135723393
-8.654263497862349
-3.459973267624717
-5.082738398736007
-3.819179193222638
-7.162773122878813
-4.543195336912966
-5.255572023139304
-5.780473601888876
-8.355009717658769
-6.266092722323467
-6.432023196589772
-4.485277827471285
-5.493475312494008
-5.466710533183959
-7.725401110772948
-7.036937012341353
-5.221939311628950
-5.111728698179527
-6.446987264717307
-7.974775982374428
-3.530884030004312
-3.803518793596653
-2.665948559653108
-3.217514303479888
-3.794342135358992
-2.640923773940737
-3.358959597319382
-3.467419963462020
-6.668907609845697
-4.923544616851261
-12.156145452810868
-9.150075905027782
-3.980340819346435
-4.184237402429529
-8.693487554015691
-5.739514335241516
-5.421538722205304
-6.558105230599637
-6.110141462087258
-6.311779475001389
-5.170433999561928
-6.201808098493074
-4.096108331905594
-7.640469150249777
-6.374065669027597
-5.127410882054773
-9.937950663226037
-7.929623497273871
-10.424369405082725
-5.030683791574710
-4.789319938057577
-7.158018582920056
-4.419480059947953
-5.878668281048576
-6.047066076016206
-5.583049970987940
-7.883605441332372
-4.364947165375902
-7.127356550225707
-8.787392116700719
-7.388799739176325
-8.467951281908553
-9.303798562320779
-8.793394091824261
-6.732452321259537
-2.539402811102399
-5.175475215822915
-4.800834300314373
-8.021198680822383
-4.774689785059021
-7.964666573793036
-5.803713519274220
-5.576480930976699
-5.516288251637825
-5.098040622455835
-4.310865761470891
-2.702239488900866
-6.035417220295552
-5.613020179158281
-5.614857528820398
-2.818728228440539
-5.137524488013675
-7.407467378040774
-6.892264719533916
-6.938484353001403
-5.571077177744035
-7.842794642353125
-5.586850447296642
-5.392889520739554
-4.855552248087808
-5.361053453147081
-3.922720078242772
-7.319905950710774
-5.675443677700193
-8.343348202128626
-6.416747088872256
-2.501827339363456
-5.377129073517785
-3.044411984865806
-4.548347237253914
-3.704962116064014
-4.449816892999853
-3.754071731152715
-4.457411404004664
-5.482479855306083
-6.903527736641196
-6.584720946179350
-4.948750295251845
-2.894489815230026
-3.371307011885948
-4.270699337093527
-1.201922808379358
-6.751799764903559
-6.952159029823542
-4.194606245677813
-3.273639266838182
-5.017593910058466
-1.588447631734696
-5.951272728073717
-8.571351658325492
-6.310223438282551
-7.436799960828174
-4.944965355983442
-4.348443618794767
-6.889115493723007
-3.454887248436765
-4.482755203772273
-6.007456398156298
-4.780278988463561
-5.219697138654967
-6.192063477119953
-5.335341714266261
-6.865625263256796
-3.870244295265494
-4.073492523500170
-4.021797358354491
-3.707586392522351
-4.192725911113130
-1.573879291253385
-1.987162775294828
-4.733215550848326
-5.236627493347922
-6.999480100354313
-7.099790967465110
-5.391422950514588
-3.629881846394304
-7.699331605100087
-4.472212310078672
-7.067180021479352
-5.535326055168093
-7.450343580605619
-3.649466842696219
-2.387534036046858
-4.655598787015044
-8.943040541470465
-3.444573373047318
-5.740237624612687
-6.329421938517259
-4.931289437858863
-2.388489112873343
-4.817214951354994
-2.760450279159527
-5.038582527917170
-1.876900044744426
-4.602960661182363
-8.926566665992535
-4.917527172132637
-5.797888055619121
-6.147524224895762
-8.474699610041283
-7.622559194961308
-6.892232221926411
-2.015202742910707
-2.568153954301275
-4.362506814157602
-1.708808811437540
-7.430950764313668
-7.259137377977406
-6.934884743183354
-4.737418392353789
-4.063005072062171
-3.599425975158606
-5.481590741655491
-5.741384231426300
-6.684422329320989
-2.385946894012781
-4.240197116765323
-5.447672065846957
-6.870694119102616
-6.151086189092656
-4.787161617552403
-6.856665208259157
-6.594587658717193
-4.900379532522867
-4.605887760116008
-6.496511024940944
-6.512500358350711
-2.043543416590100
-4.567473155181233
-5.732166026961602
-5.418546084072910
-6.543693323494020
-5.188644410483804
-4.388073111881032
-9.319443825855640
-6.910888051540462
-3.166979031006877
-5.457945643282328
-5.197787406984880
-7.411798308192368
-8.320833011014336
-7.822663676596105
-8.730108511347463
-6.441126426513326
-6.309778590706059
-2.117817112369730
-6.177484156015720
-5.804550645583106
-5.847612014815057
-3.748214108041545
-3.848575398998352
-3.809009483927262
-2.762205006726077
-7.634766835388731
-10.173386116227588
-8.047788153103118
-6.108765422532555
-6.968328719667158
-7.045342393452088
-9.280186947434037
-11.835723116699123
-7.846239902880817
-9.894101178095497
-6.360866302099900
-8.849047686863763
-6.959867980886529
-8.003520566651721
-6.450998456753232
-8.229866649555511
-4.789245178596405
-5.650513847551347
-4.398434998750592
-7.720102243248268
-5.163445177574934
-7.121937371754309
-3.484358527592745
-3.807427306171157
-3.815356886421538
-4.824381426518927
-4.672059806720212
-6.264018512529403
-6.131364363944377
-3.945068897179993
-5.513473084471688
-4.506603577184956
-4.133871283589134
-3.262121030555963
-3.305988035568192
-4.027737183583188
-4.263398935035257
-7.287983094452667
-3.887971531583283
-5.270159444211139
-1.616974979063721
-5.567583635782938
-2.951946826884391
-4.539616389726170
-5.303315034965914
-5.326342446967658
-6.259713472695112
-7.348120464795490
-6.553958358784090
-8.326862911126197
-4.114994282367315
-6.164301310129672
-3.780993766284455
-3.866345316490049
0.114108018915932
-4.317198214559872
-1.929371155948572
0.290886551395991
-3.381311253789323
-4.839650341373154
-4.636475506356083
-2.900664722314042
-5.178692277679597
-3.291418737979165
-7.454404390073844
-3.934133245400672
-2.017683530307935
-4.941898086211126
-5.716344705537614
-5.408549700323427
-2.182236367719632
-3.647439408820912
-4.244907243711436
-3.247759502741601
-5.040896075207379
-3.180643067829791
-2.475474063373624
-1.791881259261723
-3.378624364636280
-5.898317683363992
-5.469020731002279
-3.080826655837273
-3.640886127218380
-2.490663041982356
-6.280682046227297
-2.312738653756494
-2.490528647897452
-6.814301668865560
-5.029921168491178
-4.125731550413966
-7.205609631088616
-7.813484007598485
-6.569362808325727
-7.558719169949404
-1.665566355540519
-2.917933065714887
-3.136543893193687
-2.090123182009607
-5.032613161012126
-4.182795808198636
-7.435308421992390
-3.409736064272139
-4.206633658762221
-4.661767618327406
-4.603976401565685
-3.924867819968594
-3.009582294617640
-4.660116188861233
-1.890657730362027
-3.149352087059122
-3.085879566624104
-2.128485441291618
-1.616885094657931
-2.604149623981219
-2.478077755116499
-2.238974748288627
-4.902199651529638
-5.527205223327068
-4.000302372024851
-3.064621178882478
-8.309836493279143
-7.680622167812069
-2.275642195773573
-3.608407242515339
-7.817257156957498
-6.128298008276015
-6.718805428005932
-4.345236262534788
-3.010872959022237
-6.167698044707242
-3.087810815009712
-4.766840521484430
-0.940531251195980
-4.433434968882168
-5.137198488263785
-3.622682341564648
-4.059890040554606
-8.535666652292234
-3.111643968954870
-4.388379770056297
-5.594535515153412
-5.193188445187438
-4.679657571370216
-2.320572103387881
-1.988810312390009
-2.986741334716483
-5.265962042942403
-3.373671369001559
-2.979224511806442
-3.020113894661623
-5.388849042238557
-0.973515764902526
-3.302172180319229
-2.609594843519919
-4.047196135693795
-3.561252851741858
-4.439134610936073
-2.294478386577333
-5.005100346310194
-5.443727717528938
-5.570429606382203
-4.583693756790536
-4.171531401405259
-2.953114809162290
-4.607923664246465
-5.762001965637909
-6.883369356546357
-4.520215308737942
-6.958171699132463
-2.304956341178706
-5.526035535022163
-6.334625374146922
-5.013339091677276
-5.465780419488306
-4.117238916808646
-3.785448337090903
-3.948713916830175
-3.961244294161819
-6.507168839307330
-7.196160444813340
-9.447315330886113
-3.680356741478937
-8.196774008259272
-3.758807444246152
-6.213735620453956
-7.454868547249233
-7.927064106153021
-5.819215022556079
-2.924453038607469
-6.539157939865843
-7.330551407755492
-6.216610019662557
-3.260812917434944
-9.027107348661316
-3.926207298206564
-12.292807132488969
-13.939287276818330
-4.882289546419880
-8.630603500667286
-7.003735637893809
-8.263361258456918
-8.132083874967092
-7.127189207278520
-10.230800938903981
-6.849260186417013
-5.584702234984630
-8.955596714963917
-5.765153496258979
-7.739066748940584
-4.610305952012331
-9.251542169165845
-5.772148050614677
-7.348485579919607
-10.534771262682680
-7.827708751874269
-5.476748138068172
-5.133266469154385
-7.741833734417366
-9.087839319940384
-5.267086470824490
-4.960403907920658
-9.919954297588211
-3.351141821893070
-5.683985811895842
-9.773030686671810
-9.338998416659861
-6.744003097817696
-9.374812112677914
-6.281074217539823
-10.133313580575521
-7.051571103535597
-5.823061272513566
-8.127726481820414
-8.093619174331236
-9.899361715604954
-6.759453549681092
-6.240741087614871
-2.499626285646626
-10.729218025924130
-9.051240782333890
-7.816092735435303
-6.445202846070253
-5.889003314221218
-8.086191702913791
-7.064386774210688
-6.906556274952416
-7.232204256513032
-4.285380933861493
-8.076848324369871
-5.569243459615755
-2.777543663320753
-8.792076977924800
-6.013218892685484
-8.912272301069502
-5.619395581329524
-8.134559174911736
-7.734530879273906
-5.681586030308364
-5.888576790140898
-5.023286691468004
-5.741970668868134
-4.113900644410871
-9.516196429746119
-8.436642655135858
-7.552563137208608
-9.649599883088934
-7.394419061914730
-7.466168783503996
-4.110389911108316
-3.249563370719875
-2.660548558693559
-5.550333808670723
-3.922614494334615
-5.308219782728786
-2.860750782428393
-5.846791181211577
-8.041431103070677
-2.517412230473232
-2.979638717352292
-3.812562087838826
-4.042633519606139
-5.854577201129212
-2.533874129581801
-7.169810190977714
-6.356182239297408
-5.077139034733004
-6.312284556928051
-4.740053028955240
-9.656491839105186
-8.399460080918407
-7.673770472293279
-3.860303213919418
-5.976614263286649
-5.174311273856178
-3.574115627309022
-4.112921168084164
-3.414144344781689
-6.150763407369888
-3.243071616386886
-5.964125827786725
-7.496830092202663
-3.556137008430651
-7.947116229405441
-4.456503985348636
-5.187088537553362
-10.815185834468913
-9.882085735134345
-7.530186244528660
-5.943712666600482
-5.933825406961979
-6.170260533802882
-8.751063457949908
-6.074334330962548
-4.080231811810150
-3.398313537653594
-2.804653941651580
-4.217093803809473
-2.287181999792150
-8.794468151515735
-7.772317605751605
-3.877966301399441
-6.369695833118874
-7.351113236125311
-3.735469175231042
-6.393020231574644
-5.737913141756893
-5.915929968294543
-7.936851865660330
-5.050584006731533
-3.830795163368075
-4.739179587283880
-6.231111880738246
-3.188930975764940
-5.514934509821591
-3.540172526366725
-4.921881900564085
-5.577426476862605
-6.073536464873420
-5.681849355567751
-5.708553163389968
-7.906589708212612
-6.359831460170570
-6.679554729232231
-4.814946166854855
-5.927514125066975
-4.111936739512045
-4.180646516046861
-4.874597304790082
-5.368192226636976
-5.632553387998428
-4.775565821214659
-6.682802435325534
-3.461939183476172
-4.043443866734653
-3.473646914591718
-6.345740076771631
-5.250883090617479
-5.916225361250589
-7.541671200632817
-12.233282807222173
-3.640914936156952
-6.131716985607117
-5.921048375469669
-6.315657656820309
-1.803160854166888
-3.827942935767947
-1.969117046890333
-4.181154066480083
-3.941849258935704
-6.999975098268767
-6.691583431784593
-5.961339275330109
-9.036016311306392
-12.736532572178335
-10.394410951333738
-8.896773008207061
-4.942954117288839
-3.075234184327778
-6.143183938128168
-3.672507760734115
-6.339659748829196
-6.044775143995005
-6.586169900628659
-4.709224468753252
-3.370665526067342
-5.185033897214418
-5.146810409385176
-5.225491310762298
-5.062343834786827
-3.437788947671421
-5.438707253962120
-7.127524260587276
-4.404605597994889
-3.377902326531118
-4.207111303299722
-4.296978534190274
-7.635744934090956
-5.697600232652796
-8.145895870062430
-3.651070325259272
-5.622107653935906
-1.159285566422067
-3.112847325363865
-2.992252221999260
-4.627101959085824
-5.562262488400401
-3.851433663354687
-1.026110489260227
-4.718471850830021
-2.856048883576036
-2.501413791182482
-6.901243060929082
-3.716140141707908
-8.764747205452720
-4.020800110219152
-1.980260767325295
-2.227018549655036
-3.003884971185399
-4.859558300353899
-3.544327259130112
-3.336607157055249
-2.505567101273601
-4.318491461550622
-4.482333758501964
-0.249571065937271
-1.595457050229919
-2.634886568372423
-4.671284873657959
-0.925721276688322
-3.501708521118681
-1.953660944395191
-5.622873739713826
-6.603171819165869
-3.402101825559726
-4.592290051347149
-9.130189429458129
-7.286367459946478
-0.992734565161228
-4.173000151955136
-5.154823841777525
-7.553012160129833
-2.093880542454438
-1.707367407917573
-4.628799234385515
-2.601712694642599
-4.040356634281899
-3.043520347648916
-5.965863071439563
-5.169232040631316
-4.992599536189507
-4.631494356461215
-4.274977904175473
-3.898409011498893
-4.871732002408574
-2.296622631487650
-3.464106735338593
-3.671208030987865
-2.245651664288981
-2.437469231137739
-6.280809828603281
-4.113508942056549
-5.715191977419281
-8.330184304927245
-4.464319900425201
-5.823880202943918
-5.134621131685705
-7.311955718481726
-4.968928747827345
-5.546704814277053
-4.979641009007656
-2.664943480560908
-4.647991288501391
-4.466326765652989
-10.734163521674219
-4.640465009241130
-5.947815469869501
-3.751937945441965
-6.215275606725126
-5.982817318311198
-5.036845897992073
-3.027233473053589
-2.232918378636678
-6.654391645189092
-6.493170855941868
-8.909317216549148
-6.446196290292487
-2.345053773415656
-3.433594376878650
-8.537813445655395
-4.494498460127128
-5.907006274170119
-7.864726943076156
-8.747302127207277
-5.879231318231078
-4.796583030218228
-7.610771126510436
-3.801128482240003
-7.531753078556353
-4.867286025025540
-7.848075517395160
-2.650528200785614
-5.550887673224159
-7.564370084830504
-7.500175162055760
-7.669328890073349
-6.914101221772235
-8.452646663723471
-7.083268834758525
-9.624152788687915
-4.438349324827084
-8.073336748335786
-6.286061909815829
-10.166693777326287
-10.235711021021226
-5.186330708527902
-5.268840258871389
-0.343897004476295
-3.737784131367281
-3.270695766639471
-3.734293952931986
-5.343219342650385
-6.343062680750988
-6.592414007697858
-7.630268918506567
-6.376205204153090
-1.471932159405793
-4.252706051076362
-6.061820345935547
-3.152862054558731
-2.780415473785745
-5.584303084108596
-5.576885194608842
-6.875225582647444
-6.064172894839422
-2.297914278564175
-5.198521003704416
-4.389958401735051
-3.039288155577805
-3.833937039388926
-5.821084424866597
-5.836172464335832
-7.992651867157116
-6.266109724640081
-4.425264908513400
-4.627745720396183
-4.458121551624281
-4.003594471529796
-6.061154514057965
-5.534040446470852
-5.912574317095242
-9.271030075605809
-1.142444381784970
-2.901010360598823
-3.533246998116820
-4.078715427617474
-6.030023635459778
-6.842037444988023
-3.880502065610591
-5.345315005408030
-10.251410069795574
-2.792634962530928
-3.458622685029964
-4.306206083459146
-4.446372297090927
-2.622693748931801
-5.100448248185042
-7.960516335816736
-8.080180237826864
-2.972242795309447
-9.191018359688037
-3.687473213094281
-6.406572893269201
-9.492441168599383
-1.117839898617113
-4.854833221427618
-4.450420790411347
-5.050567277957793
-7.184680050740154
-5.618668864134252
-6.815308120695521
-7.594491572171456
-5.355263934053870
-4.233389434026543
-8.448959366177064
-5.745762572648411
-4.910826655360781
-4.613006598412495
-5.727175043272932
-5.688544601787043
-3.828001502939073
-7.812918601214686
-7.520082161264527
-5.693550534689369
-5.483811474350415
-6.402418825856453
-4.658399713410293
-5.025296608333115
-8.045608225073725
-6.924999012448754
-5.092063206644416
-4.542550741315726
-9.731787822509775
-9.587447816862252
-8.296986792714927
-5.483730441454162
-3.830503198734936
-10.107723527811109
-4.209131335736123
-3.082797187834202
-7.107254203507921
-7.356695310880474
-6.305700739851953
-4.950089937873217
-5.858869445286402
-8.306157454457628
-5.462139611149426
-9.083701723119251
-8.578144661443970
-9.016130073926456
-7.073079945211337
-5.467119468506135
-5.810033464405898
-7.900138957018892
-6.878355517669595
-7.766655725028702
-6.947352886699973
-7.448213128735294
-6.352324303549614
-5.616773374500983
-7.467910544280009
-7.987872870406981
-3.265133466142052
-9.434904142515586
-8.462061467710340
-8.651020724397954
-3.816859686517998
-4.584336083489839
-5.725395311480487
-5.714071132157779
-8.663717290235425
-8.955299255160961
-7.155654503787064
-4.684737963997519
-9.623720735206019
-7.717040385487413
-5.686971585655435
-8.364341034627870
-5.702461072798811
-5.367775667534243
-5.203148083167155
-6.699197004232102
-4.824193001518553
-11.608948641115706
-9.060579377871715
-5.585493490467203
-8.228754289001525
-8.057305722423926
-8.444903963043931
-12.232846408587525
-9.414314000028218
-9.768306884452560
-7.753141345368918
-10.204576565323345
-5.060289280203564
-3.150581753946976
-5.548291526565144
-6.090040746567536
-6.142081818267735
-5.396413702612079
-6.486712401565964
-5.244605723062029
-5.344277691490854
-9.578020177956548
-2.702239488900866
-7.536773136852861
-11.193372453647417
-9.996754410670896
-9.400429086125749
-6.301001748332350
-9.323425141806117
-7.516363301812812
-6.662399946289852
-13.209817856219287
-7.409927274105855
-6.637886406173422
-3.166205408717846
-3.964935314625032
-8.928770487444096
-5.468374878063657
-9.488746881895947
-5.907789108448572
-7.359087866102125
-7.595692002019181
-7.849739721813054
-6.313553224550723
-3.992225299135595
-6.560122535766840
-6.429268309126939
-10.943034545954234
-3.212205625445192
-10.622857004384322
-5.745871849587674
-3.971272254636076
-6.020531834237526
-8.690218034864376
-8.803830585141290
-4.345283097796618
-3.091996467121900
-3.919146545316926
-10.229269801486861
-4.977753022787579
-8.354073979959626
-3.111952655084264
-5.774363724598861
-2.894489815230026
-2.586030028251939
-2.996970529446382
-6.820765503301553
-6.069619957614288
-3.146205859275330
-4.354070747148967
-5.045996631641128
-7.536860318686767
-7.495763488663954
-4.817743206056786
-8.609187699078387
-6.091544666968044
-5.637427618256318
-4.259067938496671
-9.295977078051717
-8.049345593068670
-7.032874556775684
-8.168794356336196
-5.548988719527695
-2.748118545447472
-4.460721772873571
-6.278157173198362
-4.921383167749291
-8.220318749512220
-7.420543950624039
-6.131649264533427
-3.711531488722021
-4.209902792406624
-4.656806611554348
-7.426012352684344
-3.881704189725615
-7.007601208690689
-4.328612270801500
-5.794887218485968
-6.846664303279381
-6.567895947884256
-9.183325176943512
-6.680461463400237
-6.360549244875688
-4.256366924121457
-6.245255284670258
-5.173094961112462
-7.314649109730640
-6.725685431049799
-12.044346288068841
-4.513716900212626
-7.871533152692876
-6.812778927261717
-4.444461678954394
-8.774885734424247
-8.033854373182823
-6.179801479403670
-4.921592171532169
-4.498554482040627
-5.841097707845865
-6.237088347203897
-8.964408510241858
-5.175549910855606
-8.743783588287249
-11.632520108390844
-11.113317515804757
-8.446840305702132
-7.769270699216233
-5.567132511028949
-6.064709448281923
-9.150689310415791
-9.110129932085030
-6.197423190161556
-11.040273985994004
-8.845996851150149
-11.218473300309430
-8.380923046551125
-10.001962342629728
-8.375253633714756
-7.889318427617428
-7.752235647626824
-8.564088957101006
-8.374391698724125
-7.702406563600115
-4.862961886325121
-7.066202482623011
-5.924426343090722
-7.158850963654726
-5.238211903657075
-9.343602305194178
-2.195996945270387
-5.425519417875234
-7.248847400397193
-7.169984445574426
-4.921224599903735
-5.173044818571885
-4.433633014195189
-3.696348222254160
-4.911965154484276
-3.303053045673872
-3.029811361330691
-5.959660998106735
-6.895204362422927
-7.467639110814918
-6.954751702810027
-6.616144131666698
-6.915151331505041
-4.012609918440535
-9.903982367310403
-5.410652407364887
-3.728912918717090
-4.268904644694081
-3.215699008872508
-5.412099051944709
-4.423614601665482
-2.603103550857476
-5.631443484272431
-1.770011163455189
-6.532988860884000
-4.525924917692052
-7.868179384358878
-6.433130004471343
-8.584411225304734
-7.498128059578490
-6.136050447231215
-8.437060098984528
-6.147622134300231
-4.402533225290052
-4.628170951018404
-3.805994880296038
-5.365436467974334
-4.089034045866538
-5.815421673624547
-5.757736047290289
-3.683143997435113
-4.634791689701994
-6.614342970530114
-4.512450542265193
-4.206206831504439
-2.951946826884391
-3.801040653089437
-7.279057022747904
-5.460539301704258
-5.039284057048330
-5.174269106682284
-3.865092581548218
-5.689295689208515
-5.963473315576486
-5.997863769465106
-4.032455247774447
-5.297634058460150
-5.736895141517455
-4.673808852892519
-4.604314147666656
-3.978028562956005
-5.482642203750736
-6.832274661512520
-6.032916584440644
-4.233479102113177
-7.996727702953194
-5.753208364401499
-10.099061539871784
-6.274413935458816
-7.366131558625214
-6.536802821347938
-3.924520607676484
-8.029186344464584
-9.038289351793726
-4.641099088750367
-7.580932545159998
-6.313446983854258
-9.311386556973867
-7.348296688478235
-5.996362391122899
-7.023503488529657
-6.153435912637612
-5.107466127995799
-3.294151327560209
-6.266047679099874
-6.020763339784431
-7.424502236016899
-4.575489558017103
-6.889077834940600
-7.234397065166535
-5.804236206194224
-4.163518129205085
-4.010332403999590
-4.467641003815826
-5.947513638121237
-4.881178067522978
-6.629269232988034
-5.824234021903428
-7.755940635334856
-8.196514059353383
-7.470848594864457
-6.405576376026758
-6.786782918688288
-3.626709061956289
-5.377134643577656
-7.398148856810081
-5.665970800205521
-2.943857737940948
-3.514499617528219
-4.271247482520652
-5.913189100489401
-6.782339062897765
-9.356200337495395
-11.818788166931590
-5.244764783847876
-4.544038562401492
-4.987381293033581
-6.506809827479677
-6.051623692570361
-4.988107452209914
-4.053739694297138
-1.421108766110902
-6.733848565805777
-8.433254649713316
-8.220941662360346
-7.647213618770165
-7.993286373512291
-6.079847836886684
-10.841502164834699
-7.047381541024224
-7.746337628544837
-4.278073248381514
-6.114780258604377
-6.666466784005525
-2.845880474484153
-2.120732043175387
-8.643414898331214
-7.617462849045576
-7.979163810043206
-3.547362048539121
-2.633763876281707
-4.093514397803177
-4.592855011512361
-5.620056136165187
-7.311748280711519
-8.050464297846668
-5.552223714566711
-4.466156183493736
-6.685610418382998
-6.014995472085690
-7.573184832348879
-5.393829156406428
-8.266963517028238
-7.817656917888196
-5.972061032628823
-2.684239509334265
-3.498300647276305
-6.383771737784336
-3.482644659443983
-6.204730424280230
-5.654597683413118
-5.174969799694977
-5.040587998156933
-8.068537198520138
-7.605148902943032
-5.448069445450501
-3.387887908105185
-5.575337005666634
-6.994588501694440
-7.962879911249580
-6.101824186337621
-7.086130819905215
-6.057587501950106
-7.081669006317281
-8.493139995111846
-4.258730858820781
-8.008337801490073
-4.329898376128050
-5.847558226907725
-6.197251769568316
-8.569340592176543
-7.571004506671215
-5.912374111588194
-8.270123225570931
-7.951688030282313
-9.060763529690767
-7.879804250561183
-9.345758883044752
-9.141050000867331
-6.480104834853678
-6.986896562705539
-5.325196869453858
-4.204542385477416
-5.011049062407682
-5.412914312326807
-5.940418718461195
-7.447544865502983
-3.707374789016146
-4.927240427324723
-6.199589804882332
-6.486464688546650
-5.711733445484658
-6.097031849698626
-7.402045338138855
-8.478706325469325
-6.309002668326420
-9.607765468322480
-6.584531574693262
-7.780325852824892
-5.075228360491410
-8.286728204879429
-6.647405296603902
-6.754440759067555
-5.710583979242355
-7.529769155023168
-7.119552089581333
-5.020593099961361
-9.898027574012382
-5.224225558707610
-7.138634016943018
-4.392110870381973
-4.140368823390446
-5.138277112189146
-4.015314014091063
-5.437805395968830
-6.987163694482180
-3.656947770350075
-6.885331003637009
-6.764224146420939
-5.785673047423663
-5.492100874997485
-4.447598671102430
-6.341120476009281
-6.523926717721604
-6.989998405194490
-9.483615630830846
-4.164401006459217
-3.384145374270703
-4.649022953964738
-6.644809642738872
-9.348314158851879
-7.628374564152177
-8.032912558250958
-8.734646913309824
-7.699677353075019
-0.486540008704587
-9.183979618469630
-9.655249178561840
-7.985851564007820
-8.057300573164131
-9.203625777645334
-9.808074056164656
-16.099972873975020
-8.067038507398577
-4.777337457532182
-6.151577924641752
-5.062882993800203
-2.434506370131138
-4.630049020142068
-3.688668993769959
-5.020465314892546
-3.594432612349606
-6.566222094511263
-7.012961160522269
-3.912302883950404
-5.483345046990084
-6.125511880727578
-4.459375903168736
-4.049096253355541
-8.592792715973133
-3.355402959377218
-10.291090630198438
-12.456002942541053
-9.971876590167792
-9.282624761180882
-3.970953881532933
-3.470896785885586
-1.847650491687274
-3.965209565301594
-4.560779654521337
-8.919560545255635
-6.124642107096411
-6.978891723021253
-7.606199376566500
-6.764518217006450
-8.735763368485989
-9.205184870851967
-6.664040839752989
-8.759547021012908
-5.171978882153229
-7.357185997525546
-3.365375558170812
-4.280231701191826
-9.314311965006841
-7.557470749269188
-7.631133006292716
-5.442288904403282
-3.850026873989982
-4.620898129780515
-11.045704466923981
-8.922949121806537
-7.218928434245693
-5.770427812327044
-14.237888149872715
-8.535736650118976
-2.743282254022513
-3.604486098610243
-4.427766434936319
-6.021622963840169
-11.609666767015243
-5.289664164378035
-13.863757368938314
-6.024029703887058
-5.514216648391969
-5.266263935605804
-3.888916141814635
-1.299157884357346
-3.279565908226981
-3.376554800125720
-4.966298059437804
-6.952274654347365
-6.672818633318762
-5.761366996935472
-10.206714198224375
-4.403256606960293
-6.066019667004815
-7.263449536943378
-4.811602914495972
-7.582915446476329
-3.457944142368735
-6.111440542194631
-2.519561852822183
-8.188181177412121
-7.431858878326555
-5.151890747558403
-7.396598857644799
-10.254311915596233
-4.314685841761110
-8.609592798434317
-4.567516987239962
-6.557906361769682
-2.957424487559809
-3.356168997744544
-8.523524779683472
-5.181711022104231
-7.226317239482897
-5.403422364500752
-2.753747687700678
-5.080476736522483
-6.008191263917372
-5.885114609685023
-5.461877444164600
-4.759133964595714
-4.111817042414399
-4.773341601713731
-6.806111654065448
-2.725842150736320
-8.715421646915326
-5.234868291501458
-8.911140426587847
-6.733497193864610
-3.893740308049592
-2.328271911760442
-6.104418005990746
-7.189704412370194
-2.973058372040970
-7.556245192442980
-9.281263740047812
-8.945638936143066
-5.982889024974460
-3.832651766446362
-8.252862535323308
-7.023539446822786
-5.027591449679023
-4.711806558686461
-7.323760040723548
-7.634564347003086
-8.724398536896185
-11.402014520549269
-8.242719432201095
-6.830101210015371
-6.993883630662855
-8.688906236207606
-8.762776946352973
-8.844855562066899
-6.002842361588187
-11.917553931826204
-6.226755352769679
-9.681687597595040
-8.901072746502592
-8.435292362620526
-7.934370249065005
-7.303207756446469
-7.564139520206195
-4.547481880882803
-9.241922988009392
-4.830388266958123
-3.343453888906713
-5.769103487870353
-7.712609295897082
0.235421627629032
-3.176241072624955
-0.874639117243359
-8.231919034063869
-4.369493870532664
-9.121730182744813
-9.422210448622900
-8.664451490662028
-8.310073763587804
-5.129771853905642
-0.858851358197004
-1.535480646143320
-2.878112014896319
-1.893027600113327
-1.947613904610625
-3.141881740098902
-5.259321449313219
-4.974083761444818
-4.228140167417116
-8.595323538418302
-7.883648801254895
-7.129784959061943
-11.998704042126320
-9.418821127473850
-6.524891810024860
-8.187986948986049
-6.102117676290905
-5.110461552179885
-3.302235846916998
-3.384326670503088
-3.524548977793242
-5.136551778942120
-4.141119251411737
-7.157323527323486
-3.383414815133841
-5.518230957776221
-8.471366491645394
-2.343231220733983
-5.581387533814760
-8.871079806431412
-4.934968880786883
-10.135416673063089
-4.404291634153934
-7.850095326610854
-5.737974777432361
-2.910801633194851
-8.919661267160555
-4.752127302856530
-4.996919443549095
-6.802647470766088
-6.187475272889913
-4.435094020600565
-5.064596248659876
-5.867956883959960
-10.050096815176493
-1.643305041458873
-10.024110317982164
-5.371645387722697
-9.052160128738246
-9.809036921373663
-8.419856479014282
-4.302977597275754
-5.178043540962789
-3.663230992515206
-5.245087784112253
-6.124717076586611
-4.970742510780625
-4.293702737189844
-6.149484364367733
-2.565431095965801
-7.584575172081535
-7.865443570204305
-5.359536378413018
-4.057259230651525
-2.043927663004817
-4.811875248914466
-5.430085465831830
-4.827461050216867
-6.741180988458236
-4.122927110632806
-5.454432602622165
-5.695292036901671
-3.077788881451271
-2.470569645633014
-4.027500679994048
-3.468513265727426
-7.634406322191897
-6.297688832525925
-5.871238124016931
-5.680396890358428
-4.870290307258865
-2.514278573518420
-6.586687926611371
-6.917415510413734
-9.011539251149770
-4.809698470933605
-3.220273019248873
-6.400522195861075
-3.216182063757078
-6.073317634884475
-4.800500833081592
-4.966401295270667
-6.383268188320307
-7.327512301235939
-9.337322666595819
-4.977084012196945
-8.690683314701031
-3.908066738031202
-5.855854401859522
-5.163269661432571
-5.557848669181631
-5.069803175385644
-7.405156756594883
-2.183493562953643
-2.290390878927351
-0.805530061101177
-5.356355497543400
-4.328960693270652
-3.749144050715269
-2.246187216435298
-2.312381870428230
-5.075812091871404
-3.921280281364368
-2.600153287287077
-3.678866136089056
-3.425855524719861
-1.732476283614539
-3.727702727894644
-5.060300358954265
-5.471299435558788
-4.144329076149451
-5.093012628850683
-4.639205040298216
-2.816445466381138
-3.392254377679313
-4.874707922947034
-4.496728746856075
-3.502384521737054
-10.599679873856195
-3.727021001444689
-5.345335685292897
-6.111514904023656
-2.231509894828755
-5.176992938783780
-6.411361382496179
-1.832771305824007
-4.671844321871323
-3.861050649974066
-6.174698858225235
-3.719238474742628
-5.905487445903126
-6.760065883562318
-4.221492375571085
-2.478338984887927
-4.928433121394908
-5.273183230434740
-0.794119270112463
-6.752739219650834
-6.037966264902375
-5.665223790331219
-5.166588621554157
-3.772540097859268
-6.267006140710029
-5.518044146725422
-4.953076285753593
-6.853588620682390
-4.867130350285771
-8.130509724321669
-4.054713591352463
-5.103415144038143
-4.859118404431038
-4.405573581500984
-5.467992972541268
-6.872926254800812
-8.672766287187301
-3.684460222269992
-8.420698752877321
-5.377533410298156
-6.290237388379424
-6.059872393639745
-9.405496586074111
-6.391878958302696
-8.818697348282571
-6.878154216331174
-7.458769374829043
-5.858080984339347
-6.578657012789043
-4.619308388540309
-8.788178404250008
-6.756662411297483
-9.025343930881261
-8.444938591721911
-9.252876582465806
-7.819769040580549
-2.059383917662592
-7.037772804655567
-2.154715873652008
-3.311419590818220
-9.356392338639489
-7.793595367253285
-9.604671696738196
-5.696239206369262
-3.923329422507372
-5.446809512836489
-3.302820955465398
-2.235226283088960
-2.279179418229656
-2.965371543374680
-4.511024803179565
-10.291487232077699
-5.713362998734285
-4.873094510745393
-6.166945023772547
-5.659990607350829
-2.774174008538107
-3.197301618683142
-4.101929274319531
-5.882882919523413
-7.170031045109254
-6.272879627745355
-2.823908740944319
-3.239332151463302
-7.054034437073081
-2.838631997765025
-5.433414427438595
-4.822415167659540
-6.350155659347750
-4.120080369764891
-1.660528682970716
-4.710698414487221
-3.837970759417412
-4.902937131814014
-3.440596941118459
-3.954464871277244
-1.204634491972155
-4.435739342961906
-3.327810468479226
-4.036218791919263
-1.905179619645200
-6.673120998224974
-0.889565182017826
-1.185565937471378
-2.660151216962363
-4.112946289444966
-5.259958493677201
-7.996690368351173
-8.846736164385385
-6.889613923914071
-6.246861925611076
-4.456221406367921
-5.433782163140430
-4.106400499703023
-3.671797151639728
-3.816259439787101
-3.626288261004444
-6.392838919883955
-5.006391967491369
-5.695766997299018
-4.560419849357983
-6.120345277585582
-3.652567916979900
-6.918246057448105
-8.761479321770459
-4.337778705065061
-5.019518596947210
-3.244997100282578
-9.264197959472991
-8.471812309174171
-9.290195706402621
-3.482835401421529
-0.196017405605445
-4.250210918538693
-3.341687047114116
-4.779129761163198
-3.897146264417928
-6.699466130304291
-5.682380253968442
-7.154306380032056
-6.551728912808370
-4.122295558229119
-6.098751810804901
-6.088837370525161
-6.035975214959849
-8.090386196855505
-4.274909881590934
-5.521221181985649
-7.262408741025968
-1.368657713516067
-3.961829412478225
-4.368621899653514
-2.871923987331285
-6.528803445069499
-6.588560247061376
-7.605932920591810
-3.734231014523858
-4.699452102002750
-5.442755943562074
-1.774406451845201
-4.599388863618720
-5.315212647461993
-7.431648884374466
-5.780389424756222
-1.554535914321392
-9.030083683901299
-3.317760601677048
-1.814627856688960
-1.582428671309273
-0.881999966578719
-5.494079412338625
-4.581252754842808
-6.569826664983610
-4.343879020653802
-5.435112190957041
-8.716618305340939
-4.992270306602790
-6.809860165072465
-6.702154557081871
-4.783359065195691
-8.956749418802891
-10.053711351859935
-5.805921144908347
-4.059856987572039
-6.449330621640632
-8.075368771458217
-4.086331245275669
-4.176355936210809
-3.916403318301953
-3.600297370348813
-2.829444941478791
-7.220712530447399
-8.024143530036755
-3.693256559401119
-5.068063839417437
-5.448471387202525
-10.890008509558902
-8.647588929423096
-11.690427201554781
-9.040800818504339
-2.526075306583843
-10.925298995399345
-5.000707695871061
-9.333784376783591
-8.259133558233485
-6.829808026747581
-7.593028862491581
-6.008972437373578
-6.563445010744981
-5.067612832432920
-7.529773751295850
-4.184617021301976
-7.293396852405178
-7.597299206620064
-5.126127971164563
-6.571823925650005
-7.724111422170551
-5.287416911293158
-6.196388805431085
-6.636993572221789
-3.262773019958451
-5.230567721422389
-9.172655324091656
-4.306722911526797
-10.344410841986502
-9.077891860304589
-6.141381184392156
-10.227524607369890
-4.822075169188402
-2.713768145971447
-5.383371270731521
-4.550988143195294
-6.073508649343802
-7.023800820277244
-5.985466285602580
-7.431022576149671
-3.958307336772345
-7.031783116819258
-6.040351521977910
-8.494642766099334
-7.830008203257433
-6.918582141278367
-6.034828814526951
-6.110643447603117
-9.077317777473985
-5.379633435416733
-10.393827098965337
-9.076121218280969
-9.685119394039468
-7.876047816805194
-4.824210660264240
-9.437071548628806
-5.124785609368358
-9.486027354949597
-6.895734657413434
-10.777146643642668
-11.155950946364447
-6.042213282963732
-3.220939454974671
-9.263413755677171
-7.486357420312475
-5.789761873569438
-2.426432226960781
-5.881644759570646
-3.657821003046422
-5.388567593619799
-8.771627773812892
-11.705529080397007
-4.327766088751995
-4.343126398698294
-5.529557987798385
-4.979974766655731
-7.814044646118603
-7.204296101495940
-9.768486650997762
-10.793389258214642
-6.229571977602027
-8.035807938737417
-6.337619086071313
-7.140203859408794
-9.135773534991976
-6.920392026857284
-9.653668329976890
-5.865651851708896
-4.106247486349842
-3.810612536716558
-7.069348496766266
-7.916891136199163
-6.120192530255679
-5.357660346983002
-6.108613028856002
-5.518241315846792
-10.248051017774914
-11.463304395058655
-9.207351382949275
-7.939045099417217
-10.219257863294338
-8.861511911878125
-7.959773752417684
-2.389765824665611
-6.233118538801691
-5.925512537701031
-6.248932134623227
-4.022453649542446
-4.230306913365021
-5.979173587657548
-4.590025302988830
-7.976234096264105
-4.162335528380493
-7.879828293244253
-4.576084724136244
-11.291126117172301
-2.874193541860473
-6.033712959736471
-7.428860154485551
-8.416221513615135
-6.795430608585664
-3.806018477041836
-3.931789206011951
-6.663973946531910
-8.062696396403011
-10.457601048004186
-12.595025748592308
-5.353678605383680
-6.431710180603393
-9.830295651192607
-6.213264340475505
-7.871963091763929
-11.840782741236916
-6.323210342371879
-9.960073972950001
-11.522448179193843
-7.646093391337104
-10.235852692713431
-5.821460984747977
-8.224486910395889
-6.857129621985256
-10.951125209444227
-7.474360774659365
-7.357213810444516
-7.128973462124924
-6.574076492623898
-6.337597671465386
-10.948406250109118
-10.362423813464043
-10.272728202986769
-8.880115904228004
-10.455012386885658
-8.406861931852079
-8.538861408445840
-6.940768919892106
-9.631998794392855
-6.454641436914401
-11.929839993695538
-5.194382865036481
-2.652084813498309
-7.618720034262350
-3.282339224637489
-4.025447974093173
-4.217715049510640
-3.873268566886363
-6.934254176064293
-9.473126234791783
-11.147896050383537
-8.438898079448757
-9.703022984216235
-8.765880761686351
-10.036679107932345
-8.463991789567094
-12.459470958310927
-10.180523267516156
-5.295281747447871
-8.377379445917821
-5.270173641428389
-7.138956467484007
-4.299211312195611
-3.904056978830588
-8.613002114347662
-10.911630476061898
-8.761385488832321
-8.331538208627157
-7.588868090367767
-6.287555681528608
-9.430581470382434
-9.811793103241541
-8.020983331797011
-7.601184189047243
-6.936971024088230
-5.874923998086222
-7.769119213837213
-4.353268977332031
-10.954604672214266
-9.290601305908035
-6.873425260529394
-7.330354126976628
-4.799873243223120
-6.311374598903964
-5.594959728021967
-6.747106916299483
-5.109608567330672
-6.550685949498527
-5.295688536501485
-2.349401101827343
-6.953477140032391
-6.441619217525579
-6.818589622503622
-8.631601886717483
-6.068795183625499
-3.986327023383750
-6.967639144824543
-7.444175075485312
-4.009936423268302
-6.642308591842927
-5.292255675227974
-2.736837535037783
-8.101560398943139
-5.519402210345921
-3.372571020628726
-2.945770090136603
-5.070600777906912
-8.370556048135194
-9.389881748602154
-10.892340917150936
-6.583396187935753
-8.144497169144708
-11.301812577190139
-6.696042380663755
-5.853909082575613
-5.032677969027295
-5.160929047755796
-6.009018044689761
-3.641020174836472
-4.684902682883185
-8.256136218721061
-8.518673211707140
-6.541625611214162
-5.464470777573883
-6.503635977884046
-8.700999805612577
-8.465641671479787
-3.144716423022711
-6.582006035984682
-6.579456047240329
-8.071511193577740
-7.950640509557662
-9.212734831164916
-7.509890243787417
-6.395037318210301
-4.210622097829333
-8.047032936449119
-5.846226668384542
-8.206184810960035
-6.882072639703796
-9.658009013125248
-5.217615935070611
-8.274552086582744
-9.167830194157577
-4.987777817401033
-6.025350341433774
-11.440720673842986
-3.789833815005820
-7.783119106570477
-9.014355687786612
-7.307820241982649
-5.808097464640578
-3.838306773099255
-3.735166570993066
-5.319121617916847
-3.509169121136657
-5.071465326806059
-4.941634762042884
-8.170825759532667
-7.690968995147886
-10.786058769366628
-1.692889221619925
-6.720299759797021
-5.941748358523766
-9.665376900991122
-4.783563768208507
-9.795136412002901
-11.587502267801975
-9.978193040047126
-6.971933505279741
-7.934048974761910
-3.603683297625589
-12.563314954888583
-9.488487009564771
-11.676218921327791
-11.022205940032423
-12.284182463065996
-10.327369077180961
-9.286812831434609
-7.645191408683016
-7.306649876179400
-11.938250492701590
-11.063661892263749
-8.971173003653629
-10.328057076995091
-12.692040340345276
-10.944270479419025
-12.391243959304072
-16.789349811755482
-6.243455146535384
-6.187669821848191
-7.197188271842018
-10.771640066959716
-9.214156800673704
-9.327274735020415
-7.884329895896554
-12.464731552204681
-9.155180173747990
-11.491512112671797
-6.992184988349868
-8.675190610415516
-13.843032098780906
-11.034987654529882
-3.109130738429417
-4.740129572197714
-2.705313375720557
-4.935020915555691
-4.978790868601556
-4.855123827679478
-7.844615749412658
-6.182961618366891
-6.065835739649341
-7.328968636243990
-8.539399665185620
-3.344250971109457
-4.530294079828029
-3.830170223259731
-7.028089373874597
-9.147116330049736
-7.827235761852746
-6.336582576774572
-4.522908066938272
-6.081273653271959
-7.857426041723778
-4.206551965184021
-8.967154450009936
-8.974786309179938
-8.923411907805471
-7.786589129785728
-6.222868655629357
-7.159213485799758
-8.641142325022091
-8.334480638147006
-7.278179054964705
-8.049101508058310
-7.872273963345703
-6.097390073750089
-6.915589707889917
-7.113379462740750
-4.989996287407431
-4.599948762170975
-8.042484769663503
-9.693334414205978
-9.274467714048116
-5.600672329310408
-5.384263037302682
-7.436266567911040
-8.248345255186361
-7.574506757380115
-6.571074638175886
-5.506574191164358
-5.747930837547126
-5.609755751414172
-8.026524020599352
-6.076772181685254
-7.898807651587818
-6.350782420526926
-6.676564332126255
-9.103511665884653
-10.633433719360061
-11.596311986547693
-8.263689838470265
-9.677827822568984
-8.429736241243116
-6.997846185088424
-9.627963975887964
-10.524424218786510
-10.177424515945455
-12.015375185664222
-7.431151294266357
-5.936339744491925
-6.837266081462259
-7.052433614060638
-6.921548750232189
-8.690822004515869
-6.190956239328892
-8.084415902602419
-6.134593705824066
-7.904004565935993
-9.684540952163875
-10.597823068082768
-10.374209161434120
-8.078215984608208
-9.307595283656532
-9.167269480577930
-5.739549337927148
-4.647486702516848
-8.024703432085831
-6.781860200692706
-4.649089478546073
-7.958927456517007
-10.054388960100423
-8.821991169588207
-8.343905446843111
-9.174177499732538
-9.165778613907566
-12.346368478432368
-11.498032456429071
-12.695333814525689
-6.679077716573333
-1.350889162578219
-7.400153219220440
-4.614006979803262
-5.754460720126287
-6.828227662707531
-8.943412375657109
-10.495546156201829
-7.942383222879317
-7.698963733168978
-5.931217163686391
-6.909461002507684
-4.361246113710687
-8.239827100261023
-8.084522381327224
-10.388802486298239
-7.684901812547278
-8.077473039704580
-7.947013817381687
-8.944186758561836
-8.816041313805904
-6.002341028457955
-7.950372719711503
-3.474571518766595
-8.224862594218596
-5.507356020287136
-3.523209834248676
-5.528047200465865
-4.147241998673840
-8.203941395101625
-3.838532726397955
-7.760584140540620
-13.114128075227883
-5.987941061762937
-4.731027694182720
-5.244257703612597
-6.153891757636576
-10.484313043750088
-8.057286038517184
-8.001004905296961
-8.562302773084973
-5.955227221613199
-5.578560846757679
-15.664972071049489
-11.074873824263818
-10.349156784037390
-5.744144554019751
-10.100160276365159
-7.782150262818668
-7.006156160970359
-9.047863340707288
-7.113349014767144
-6.194333837599861
-8.064947134005267
-9.147081078446663
-10.457511190844368
-9.951341351965418
-11.297847483759426
-10.041902582085415
-6.371943585770969
-11.062250215527499
-8.554391164276636
-9.119008934116955
-14.099918938894854
-13.857701923685994
-9.684421829535840
-3.255862003147619
-7.385941166475219
-6.720489035366333
-9.139792793269663
-7.667704648542292
-8.812471766497998
-8.453058567118397
-15.818652436648582
-5.277133006134134
-7.342840473145655
-7.903414296721570
-4.532319698035167
-5.143924889694841
-6.227630880004586
-8.769846192554541
-7.675589029018752
-6.915489850668902
-7.476590236698232
-8.697807595674522
-6.370431877684437
-7.354853802696554
-8.095595959881065
-6.202150939087456
-7.114358889347820
-7.384962563219807
-9.192205911377490
-8.180398751238787
-6.064536128508546
-8.847070581243315
-8.343597019683463
-5.503975742326121
-7.231405160188716
-6.927908378425744
-8.972690116695000
-7.579384099118886
-7.830265773760305
-4.004049979272350
-3.685675508076612
-5.859707202894860
-6.150221746181297
-10.364897736264552
-1.047270502746569
-3.908490644288077
-6.594427781751087
-2.704213059748391
-6.916635935759663
-5.136856607803546
-11.155255851879465
-9.630144930864653
-6.114742372121889
-5.679625455508405
-5.428353605130775
-7.580743496519458
-5.154734481178485
-7.397328350388516
-7.153941454607564
-5.876007409266029
-8.123903529332688
-6.952948846041122
-6.634538652030193
-5.939808713915832
-10.073123066761269
-9.672789480708925
-10.706801617527544
-6.797560218196453
-10.249037631415714
-5.146637894907864
-6.807516617821619
-5.574878000552680
-4.282691614070436
-6.997832300459430
-7.291656695078317
-6.449935290571797
-6.960877527157974
-5.922972824243811
-10.774477392490342
-4.596028125062039
-9.019145968383866
-5.687626827673144
-4.228878537766299
-3.811737359925769
-4.740326464765134
-7.461930732738555
-5.383811545109131
-3.468123864778376
-1.447745594764187
-3.438499768829422
-6.477349599896520
-6.334055025796179
-7.449237216266677
-6.384534551600736
-6.791184725453328
-7.021222402669538
-8.148891645793237
-7.711989726717318
-6.127211810138510
-6.595561690112549
-5.345155097543591
-10.244764520598071
-9.481072303572027
-8.659372395838780
-9.810091967946510
-11.752686871981647
-8.630292547159225
-9.797021332430170
-8.931656818519672
-4.957544543462133
-5.728693599730353
-9.919231496034280
-9.906871152540855
-5.093152902615587
-11.686064935904477
-5.944653374044072
-9.470970112661227
-6.610306219354422
-6.483928959870267
-7.537350251673103
-9.067545899769820
-10.932187208930062
-8.736039009012035
-8.870834312698317
-6.537195323036300
-6.895367195721001
-8.582341112248752
-9.197176481425712
-9.614648088337413
-8.887524582316413
-10.709365261060551
-9.924168439072709
-11.270441739547504
-8.808734231791693
-11.088255784527531
-11.554233214232836
-7.254138670167654
-8.942057093066671
-10.324124403744424
-11.524021499489086
-8.332249413635994
-9.917925983321235
-8.446177767920529
-11.809122786852871
-9.343467214816293
-9.658169031793436
-13.218809951391489
-9.887465486560687
-5.736207809901688
-5.731078439639759
-4.428631578862286
-5.299809978853388
-6.500473450468858
-7.752511119330252
-5.638321776463580
-6.664320166351740
-7.705163033616414
-7.192511777463102
-7.259890228014984
-6.150648326682414
-7.626137862280411
-8.981503413849426
-10.591072807235175
-11.722882694694835
-3.015792630636028
-7.071888729454999
-7.378745264506820
-5.295199728480834
-8.049033065257985
-6.956013918060344
-9.272394600624166
-8.276497100802606
-8.598455788383648
-6.383862715250459
-3.894700504260556
-8.018142663096610
-7.985494682816390
-12.116374499801692
-5.892497509409747
-9.560828133871615
-6.118463102048089
-11.476356174043662
-7.110989009508748
-4.140246892379407
-4.048255823222738
-5.754359458691059
-7.155566980392627
-7.650524797919106
-4.548662301191150
-13.553327399522948
-9.399121008060741
-5.290136595311060
-5.506907892020312
-6.832082763668281
-11.104870106786603
-3.853999069893849
-6.220787228050105
-8.094509738472818
-5.472173649154755
-4.042029786777038
-5.928382724323585
-7.324229315353300
-6.327536872021994
-7.036045848950203
-6.526090216936591
-7.831352451529929
-6.023162061096063
-7.204085613603171
-13.185062727023166
-9.713230551316338
-13.102336782408667
-13.349466712144451
-7.233776994448310
-10.143490682552013
-6.410014969951347
-4.917345296604198
-6.396084217444478
-11.707957270589521
-7.995133627750226
-10.288929426693208
-8.557681443684515
-8.395757630929582
-5.146195994444654
-8.069427774010341
-8.466049469028917
-9.289141668456526
-7.189412231930588
-8.234854062371934
-7.893329463788275
-8.431868299238426
-10.043193285296766
-10.047611952781232
-6.395569672374578
-8.089968266027363
-3.476574276652902
-9.818628197738473
-11.730710550785492
-12.901697895471738
-12.402265298364533
-5.021231862948608
-11.159163110475520
-10.948699105441019
-10.504660199485723
-11.048226535313356
-9.073396595080219
-8.323084318791629
-6.758514170472130
-4.059131747055653
-7.805715314919671
-5.372777311078500
-5.574846350017910
-5.120913559766463
-6.093043193662210
-8.685573505075107
-9.715289837371419
-7.571761216237223
-5.443505213289068
-11.974284771642422
-8.015377140679949
-3.518559538675566
-5.911734103240183
-9.032059459116294
-7.139538183837900
-10.603952708751153
-6.998788424792293
-5.214754245419914
-8.213736513462587
-9.345696337259575
-7.826471508329570
-3.311538171827132
-4.394417231070571
-8.064807335240028
-5.322784640797617
-10.635348788922354
-10.179221320498788
-7.018497195329205
-4.591692047476642
-7.622381546241752
-10.997167002644934
-7.895861215061823
-10.587138881836177
-11.102138429360625
-7.356395227650299
-7.249896909198156
-7.337795902040150
-6.015855302521673
-10.625701405399589
-6.869773052130491
-11.042186667785920
-7.238263105277269
-4.773154204248570
-7.264775327150080
-8.880077159349907
-10.161098338265322
-7.702089937944983
-6.642018665025553
-8.572627783173187
-8.280645178042525
-9.118230898592429
-7.083867945021354
-9.632864879709240
-10.434692930049604
-6.045610312835022
-9.946344489831979
-8.844087498959793
-10.469341799547337
-8.477207818236247
-8.429275175520901
-8.113025270748961
-9.420156486306885
-7.157829052949905
-9.104479526071126
-7.694377953811646
-9.075459898132614
-10.499669342624411
-11.591480951064280
-7.624116021506056
-7.900421019172358
-9.664309101149929
-11.211488515474091
-5.225549556492671
-7.333204521874817
-5.550467899724653
-10.015860015980278
-4.285918468556871
-8.289468230431266
-6.940626634139045
-10.563454078285492
-9.522123056123380
-4.598236165325183
-4.785871000781101
-7.600290038070050
-5.715298704898610
-2.812479279163537
-5.795540255134482
-6.110348808679957
-7.443584318744260
-7.610463889561188
-6.840455941684195
-3.995051596657166
-4.042309820402918
-6.791517296180132
-5.481562639570749
-7.491585512957418
-10.373356950683336
-6.880554910430169
-6.618112445138199
-5.801417153511447
-8.221316369723354
-10.228997008940819
-5.993981306004594
-5.597754947324841
-5.956113391237301
-8.165002095099830
-8.672823135494991
-9.761670284743465
-3.505676457927099
-6.268035785600736
-4.069138966929235
-3.795106768929891
-6.136008090008754
-7.021606391745957
-7.313809890011653
-6.550507317927384
-12.771207877546271
-10.105307759185816
-10.843189862816471
-8.149970608039053
-8.022203107986806
-7.903743093883238
-9.140314741323303
-10.647774573783348
-7.625238629015690
-7.689759428678687
-5.491886866153252
-6.727104907965324
-7.290931911571973
-7.349916950471031
-7.611437222087207
-8.221015549078032
-7.284602464325181
-6.592446128846060
-8.324896320736581
-8.555388327814164
-6.967261897082683
-9.697310967183300
-7.196067004776047
-9.009255984752016
-5.859370717107211
-7.889506575716995
-7.314687082289945
-6.347985129987689
-3.741956502390285
-7.484868865213053
-8.123014754528503
-10.941197236681436
-8.254870896103069
-6.758646332669648
-7.382695306234676
-3.946349222371441
-6.317945977004395
-3.818791637774951
-7.284932139619377
-5.565738253952126
-8.470379937345825
-9.400853655415384
-6.434199361487522
-8.059122288995882
-8.001929228172157
-7.339783059647027
-3.763867743159968
-5.476588702478422
-5.349298311546806
-7.298776744970793
-10.082369700440911
-9.807552741330298
-7.855004391912516
-10.589157354150849
-7.508262557466218
-4.732759160890043
-7.308764564060649
-6.202901812312846
-6.111084720782487
-8.950719001440888
-5.820648906719986
-3.442342703710132
-5.944832012130419
-6.303176390544866
-3.276755739618764
-7.514164518070364
-3.908819397410960
-5.193119874871767
-9.019431228235991
-7.920781351950722
-5.239824931317838
-7.680217763646239
-5.043589404021900
-8.111394436856456
-9.352481909028603
-7.139165035247578
-6.960329290582502
-5.853153847525219
-7.005011263807364
-9.497679378528511
-8.417625468588326
-8.068724447172640
-6.415959444164176
-10.088350429452282
-8.309494738817817
-7.501543154973101
-10.612058606971823
-9.390907953377100
-6.085013732943816
-9.009344495252327
-6.896494297028043
-7.840237631650801
-8.657332753918498
-9.279695898002222
-8.190222961557582
-7.873559551313853
-8.566294435216381
-7.076644996516176
-9.353031757035351
-7.275565608251614
-7.823760955412782
-7.888257204491755
-10.562448765437075
-10.704994655329553
-8.604799659752739
-9.702702062968813
-9.239989172460177
-6.880878313929707
-6.318521785743257
-9.104354949412834
-8.148343248386999
-8.137002726938173
-9.383300104688422
-9.113044681678433
-7.684268708171015
-7.083120302070968
-3.881595105083232
-11.519349531425433
-4.859596228436518
-4.457517592050635
-5.891883227597637
-5.745979629607904
-7.581928685390793
-5.705537376072551
-4.565644904499438
-6.885157857180570
-7.731211565634935
-5.900505033575060
-5.131730171942791
-8.054568862317932
-4.676098093657321
-6.154754507920363
-6.823282653174437
-5.749379399974972
-7.231288235486433
-8.372724131581192
-5.677821824559712
-8.670252049545137
-5.172044057410405
-7.763431530384740
-4.075950678419263
-3.510042124933603
-5.850888356183629
-5.766463265478625
-7.906787008446810
-2.455683858252573
-5.980388800356329
-6.791189279496960
-3.085040271557453
-3.376501545692110
-7.946333190286954
-6.433232912056211
-5.769223335532440
-5.739783603345609
-5.335481290385355
-3.603686052653947
-6.001777153874789
-2.350859935855781
-8.002987081953112
-9.057329805972168
-8.147880438538408
-5.048715658329487
-6.628656451948180
-4.426535361537838
-5.549980939247544
-4.376589997647671
-6.549781584448777
-7.061383720579705
-7.590040917787605
-7.399574200485025
-9.271672928316654
-8.749824276509120
-8.978886696704720
-5.849119449453140
-8.740760727062852
-7.287444375399684
-7.537539856012210
-6.181097589600939
-6.170345903149054
-9.141962109947469
-6.998044265478956
-6.408942745975398
-4.912467514192112
-5.867506703020680
-7.744427595077814
-5.681996885812535
-6.186918981262439
-4.919582114696989
-6.590864649165290
-5.625250737757779
-4.704039897371602
-6.825470585011161
-9.306827641273019
-7.742007392620843
-6.658861412880510
-6.997299501620093
-7.869875338333552
-5.929148934945712
-5.651897060710216
-7.629896283811151
-5.941731283927830
-6.969198901943289
-7.141485566193252
-6.906028880743722
-5.501762816464733
-6.489397721654785
-5.776910170124749
-8.946964146367261
-10.609440228979523
-7.831224238797823
-8.492395592856910
-9.193892084841313
-10.915596326758333
-9.364291136887935
-8.190100057705170
-7.140324572452917
-13.806072718576711
-12.028200899550237
-8.773200628040803
-9.299542056651370
-6.523831273295090
-10.868687788146287
-8.574910002621326
-6.792967314169638
-10.314777673776778
-4.680474104893297
-6.299146820436497
-8.195599237844029
-10.318854125161359
-6.804137424644374
-7.605360256100779
-8.526367416067165
-5.080850261223516
-7.255512602110644
-5.764133911842379
-8.306804092262290
-9.777360314743618
-7.886577374826838
-9.000828173978329
-8.450753142562458
-6.166112310570381
-5.135251439040111
-3.650880108256239
-8.293105565706041
-7.542396498064955
-4.082710591792077
-9.989691870727450
-5.352563259927787
-8.083747011514220
-3.439495470108204
-6.550389778889976
-7.769174950922634
-9.213664545840070
-7.980853135466440
-8.276166296755775
-7.295274773583261
-10.645876852738985
-7.737074051806613
-7.666451326053308
-10.425195969511300
-8.019687011807434
-6.299570052511186
-7.584749024498416
-6.143473091432352
-8.323735246130139
-9.551691957695182
-5.517215841688244
-9.237175049700484
-9.036396098488158
-7.886801275563376
-8.279608944453852
-8.019211040790140
-8.590742703120581
-7.780388240865603
-9.528726768857878
-10.840396133890195
-6.484482478184519
-5.019837162934163
-5.362090573626528
-7.379104754028279
-4.440483346643018
-4.555195279088458
-7.077788302225641
-6.348000403506859
-5.639911562652317
-6.640272560428323
-7.159500990973624
-7.203751283521599
-5.313786807316119
-4.340954693641585
-8.946048277174624
-8.111755539812393
-4.620283708873547
-6.085215163659008
-5.649019549323129
-9.379311193230471
-7.307599920287111
-9.524923289637981
-5.628772200815522
-5.768535856125231
-3.999850897558737
-5.336773091958530
-2.402304814074488
-7.209602015003338
-6.077728757277444
-6.996116818140388
-4.479183318927013
-7.345589000474282
-4.793488343119233
-5.238502337364930
-4.016808085156955
-5.792090315807016
-6.853654136519054
-7.574287905176770
-5.499048324617430
-5.635465849595397
-6.433773251269129
-4.299525483841954
-4.456126359583812
-2.728855682050922
-4.567690056549121
-4.176518561992386
-4.699774819775453
-14.305246638046677
-5.259455417115971
-7.895564136411465
-7.288434695660681
-7.339812595024631
-5.003402498373494
-5.412830410050954
-6.932290605281035
-8.231221937912029
-7.743946284503926
-8.916443895726180
-2.285670240254767
-4.496456119417735
-5.718942524393203
-6.250691651336381
-6.565168797457516
-4.866315043156803
-7.732174676262962
-6.840122042529361
-8.212755985593697
-8.315540773031774
-5.572731389593858
-3.006222148532666
-5.265733537888059
-5.738240092635200
-6.741220730502875
-7.514067526464295
-5.314355024032539
-6.354582308453296
-4.784999900253955
-6.191343613364478
-7.055826053136064
-7.077563052938546
-4.221180157874591
-5.238016594225184
-5.505703428815396
-5.849428013325391
-5.977807923712757
-5.727608479047391
-3.998268895561110
-6.597064118971961
-7.077794151141276
-10.342038560580933
-8.613014235859538
-6.835713388099817
-6.725515155412461
-8.128498188917892
-9.133096201940081
-7.731250667704923
-3.980015444682145
-3.837601281242851
-7.014652967753951
-6.052719504724547
-6.124194027121214
-7.881552581202392
-5.281914461596473
-6.779852811519382
-8.112293721165457
-6.620071175890307
-8.612702052681495
-6.081117105110516
-7.856876242992794
-7.285162622926259
-7.207026601352893
-4.021076291610011
-5.838343252002222
-7.580117732756601
-7.515074761493130
-8.492659215566059
-6.912657998902636
-11.085232345846988
-8.479484047698408
-5.095569008103294
-4.763175702764014
-7.827733295555316
-7.093171070741943
-9.234351604273128
-6.366815170712140
-8.238881780971505
-8.317458516082812
-3.009165659503091
-3.830199112980457
-4.906424675320626
-7.053481277295215
-5.765982072609196
-7.406530846655536
-7.234210146525275
-8.817108527511364
-7.430563204180641
-8.916489740667325
-4.519165804037306
-6.489372965478036
-7.793141523433333
-6.142152977704261
-7.932797461420698
-4.930849399043663
-9.990310995933347
-10.546533032809457
-9.299626002893056
-2.532836034030910
-7.510241649941999
-5.520030360514308
-6.671011133798957
-3.917829810815797
-6.840030161282920
-6.760824761883221
-7.902139239066519
-7.850203970132488
-10.542165782943279
-8.029498984490250
-9.799780066598162
-6.992010709659369
-8.806459988917481
-6.850822889656192
-5.465668048819196
-5.468656050719430
-4.975992705454116
-3.167971159160863
-6.474669786757398
-10.209013601518405
-8.449989279330792
-6.746993884149773
-9.195292787705217
-7.141245577792001
-8.303175165878585
-5.793226023911000
-5.645383264993894
-7.837225489386944
-9.135906839461548
-8.257450117134216
-7.712565529512336
-5.793910491295712
-5.371571132021805
-5.559839989853337
-7.723950806081347
-7.208858988547894
-6.226264311948270
-7.055391587697184
-6.250359043402719
-7.944276304843110
-6.517449025551895
-7.725418326796873
-8.381883909606326
-7.774339474752475
-2.132709330145116
-4.909358776301111
-11.725181954590331
-9.211727362602639
-6.558781714375863
-6.489545408861146
-9.444484433153654
-7.761971389500653
-8.580277735160465
-9.736900162779889
-9.498253477217737
-11.597616889393352
-10.141304476216936
-9.766179731005197
-6.844946023598811
-9.595647580698671
-11.687139596810070
-7.962188553118249
-13.092589569089595
-8.783598752762554
-10.673043660230418
-7.935492148392458
-9.350649302486902
-8.570812046122146
-5.126982579325610
-7.468283630953938
-8.013761327907241
-8.883051989462643
-7.273553582627687
-6.806264720401725
-12.805362183411491
-7.501469988556059
-11.834851635949104
-7.715725197968238
-7.760356340616019
-3.027979876904006
-4.584795880824309
-7.744417622958860
-7.796621148596385
-7.669302146902359
-7.203548627690003
-6.693646856815715
-6.179877817990609
-4.388227015367799
-4.948766374358342
-7.098194299702665
-6.455503582855242
-5.746305861729198
-6.086316841192705
-8.549997853677734
-5.539865103985144
-6.157072688171568
-10.502328272182195
-7.121926534096085
-14.493518317301218
-10.879861660805734
-9.233412768843491
-7.643815703968220
-8.889073650085077
-5.098785685499052
-6.016073001108764
-11.468432750057243
-5.760954606142863
-4.661768515270506
-7.498539626749452
-9.602603423382396
-6.998221190386390
-9.251420939720164
-4.530787637085318
-9.770890493054070
-9.166752830130340
-7.477462842633244
-8.973849360940834
-8.792059195615911
-8.771016143515833
-9.874488910515890
-4.618916283526873
-9.825652768751940
-5.988943393395111
-8.352517911525281
-8.183058033758194
-6.377668149957865
-6.364578956966684
-7.542412919782446
-8.581061808985453
-5.731515998923664
-4.144674981007633
-7.027603627012947
-7.873640146370293
-7.317438153110696
-5.837466386465552
-10.028856246982484
-5.436746605106539
-9.093248258634528
-7.774878167130655
-8.741446991509813
-6.628852794754448
-7.874388364677028
-6.220466991075125
-9.767032228882323
-6.685391641620451
-9.595519364657498
-9.714658832150636
-7.319328694639236
-7.684777298909524
-10.640696867815043
-7.846029643402511
-11.009794958277960
-9.552378907157149
-8.524815437377738
-9.248479680091384
-7.791056920237197
-7.835681886189074
-6.782180041877715
-8.251450196657503
-5.552463216580024
-7.216638383969219
-7.418676511207249
-10.947026314829932
-7.105184169784207
-6.802504994715578
-8.777889485326709
-9.145390547033269
-9.173785161852551
-6.777475573678106
-6.843363601795657
-7.322195226496659
-6.704469300937952
-7.857528116489158
-8.360480226721540
-6.260881021836140
-4.661454321826008
-8.793900928814740
-10.446345899594855
-9.397090685449697
-6.920951574274856
-8.278198489409332
-8.453916083890595
-5.927971766806575
-6.103133153135462
-6.954692436984765
-8.687424153835828
-3.835543627887970
-7.149026338966793
-4.022752235640876
-10.146807721407203
-8.729257838323656
-5.657640639981034
-9.630046385439403
-11.932557573670582
-8.585645666953727
-8.807841776237682
-11.782139264834159
-9.657637159209465
-9.164009443526485
-8.925491085093661
-7.542578651101561
-4.521501222110718
-9.091754466180953
-8.294855412729312
-8.750438572530337
-7.804421121961840
-5.501552284585816
-8.112565063433808
-8.190983476188498
-7.971767303616427
-7.260881314043968
-8.968695944611405
-13.326360656394503
-7.181361270134458
-11.722465577874683
-8.894213123258810
-11.513568345080536
-9.510034890958870
-11.704796401573963
-10.038285390745170
-8.354689630918601
-6.291513532297537
-6.902610686236105
-10.323180284996347
-7.232121014577226
-8.805100064843167
-8.786291622925054
-9.673655223834523
-10.371588452482024
-14.027867274818018
-7.361393458439982
-6.248752806282985
-6.362174024601305
-8.939355921077734
-8.622249392862754
-9.312601689221641
-6.910181996289888
-9.299419824330133
-11.802617412580265
-13.304480135293419
-8.285294672570110
-8.746522609000033
-6.769191348247456
-12.044211063646573
-6.289403181172259
-4.916754266783053
-5.737363273633098
-8.732020667123948
-8.900197314434989
-8.242178559649078
-8.808219111318602
-5.523286581440142
-2.098432709971550
-8.448503375210020
-11.292368865156980
-6.943825869222563
-4.216704015668458
-9.222814238786187
-9.513527179143500
-8.029559177529054
-7.821965391789820
-9.819425094610596
-12.582655670909650
-12.136968284951475
-8.083417402475151
-6.171280602109003
-7.818326863226186
-3.934446773188151
-6.174693037432880
-8.813571740791270
-2.140501441812224
-5.656740933624326
-5.045375992940428
-7.551704041089511
-4.026083685265016
-7.255788334589528
-8.288441442419195
-5.032753768563141
-8.869189775945108
-5.747210033642786
-7.756064145993714
-5.224298989377127
-6.210511624709634
-8.768044768372073
-4.819856475168523
-3.760164066855398
-7.418358093525791
-5.329287804579031
-5.289282693639425
-8.147037725500391
-6.020946796056073
-10.807621121020697
-10.512838775858489
-5.651316653611539
-10.654297449704858
-8.780344407753860
-11.260509574062455
-11.650486806880490
-7.697590587149287
-7.484821869081012
-4.793833097716512
-3.824404139363109
-7.586658305888458
-9.816805846913635
-11.631429047374626
-6.137320421273776
-7.345821312654821
-10.482326081592259
-7.076262750660955
-8.137700809629525
-5.294414787968941
-6.969308361421702
-8.632406705930000
-4.489623267268724
-6.304021374905463
-9.347144055147549
-9.472633281412893
-5.853770255158588
-8.378584615591778
-3.911609971144826
-12.268617864712416
-6.264149422948029
-7.137560328557065
-5.911225853903366
-5.133297761679971
-4.880228705178927
-4.866603886219989
-7.897490059344541
-5.139871156282462
-7.346916599932499
-8.140410897010925
-5.451264602370360
-4.210740812942533
-10.910542322234139
-9.959605067220274
-8.859268930800813
-6.594021497168886
-4.414362151690313
-8.791057035664817
-6.738800328627422
-9.664376106174258
-5.955187719109855
-8.701445441030209
-10.717254476217995
-9.495092494892324
-8.473580337746705
-6.734333088535726
-6.779366665366337
-10.220389273206367
-11.029077998998195
-4.586799009739750
-10.154383026419787
-8.525447876376505
-6.577678300755418
-5.689966573052931
-4.755220625441073
-6.281706301625913
-6.351448984397100
-7.768305834939405
-6.703744536068140
-11.966501339196219
-8.044510709408428
-11.545648756079386
-10.689731882082524
0.101541903808863
-5.729536825391778
-4.901075350576680
-6.917633742975196
-8.618529715994123
-1.578609982932919
-1.756490687373225
-6.479628081526403
-6.370042191316336
-6.315539542635507
-6.578957160595903
-8.015976311007318
-6.591720310435110
-7.257094506664592
-4.826089832937483
-7.330992080570954
-10.183289372618407
-8.205456925512099
-8.139896479896102
-9.897143419909362
-8.895744867983140
-9.484329986206255
-10.523648200128482
-3.343061035916999
-5.048292875151123
-3.588618549702400
-6.540059876046488
-9.532174555935327
-13.382903032812706
-9.344453083360589
-10.993655568673299
-6.470032979414163
-8.205461721688996
-4.409700259587481
-8.610006055353317
-9.472230469482732
-9.078196765448352
-8.261396356652890
-8.769582021928548
-6.529107067737725
-7.375388672844722
-8.436963242343545
-9.204518922517112
-11.563454722000648
-7.614693693332492
-10.377803816641933
-9.624950731721027
-3.014889956205759
-6.960896435047021
-6.949141028555995
-9.482713279318558
-5.153981758493350
-6.532846343462939
-4.535224694685788
-6.700376714619284
-6.123334762266057
-7.212548003871137
-7.637550584912574
-7.543630415085505
-7.013390321386500
-7.376782913731915
-8.135118235377917
-8.322190473346131
-6.318704856453157
-4.758443501361310
-8.037100309799253
-7.114097805158019
-6.745343940305253
-8.891866356241570
-1.838123123171714
-4.045078575983226
-7.081048136128836
-6.346627314181409
-6.385873803079289
-7.445147892438297
-3.439549133569091
-4.684205163855227
-7.425335469366072
-6.771789124343879
-9.984495522045014
-6.512312901435451
-5.595697254135019
-8.387448355876412
-6.167760262748253
-7.400613659587122
-6.616947240549170
-8.937615918653725
-9.794784272522589
-7.785929794759735
-5.402645332415553
-9.630613956629965
-7.344226507973175
-5.884547580320405
-8.068417890549929
-10.926408247536925
-11.112138316898184
-7.349262235238291
-6.802635246540419
-8.640330992448860
-7.486819107360180
-9.317308620634803
-8.066765651479061
-10.338136075467514
-9.675025614673959
-7.670032908981824
-7.956662180717920
-7.605293793886228
-6.380076247141355
-8.957600398665717
-4.223193523984381
-8.198476906284400
-7.079631992652745
-8.245005838072068
-7.642859401514144
-11.891058666238047
-11.307582126230216
-10.304333546880192
-8.578969134123719
-6.577891241048389
-8.113968114052041
-9.298324774716704
-10.543194937947598
-9.371605005197328
-7.377115781006569
-9.224090074352722
-6.882527659279625
-8.530933920860685
-7.597550762607071
-6.579791989786377
-4.439555138009142
-9.249275415027604
-3.418711009029667
-3.620456447131366
-5.130879905360518
-5.450989352577175
-7.299589969529136
-6.454544451953341
-6.799078675020669
-4.357489851555838
-5.761441982242204
-9.089629982097643
-7.103514898035004
-8.133562822672539
-5.221673047177175
-7.874660330874657
-8.898632419177382
-8.009497124335223
-7.709552995830879
-9.049397573633241
-9.237425692962528
-3.675818014193682
-8.286437570738528
-7.031325573065589
-8.182913918322686
-9.796575336258124
-8.596531609260120
-7.148952079392408
-8.310098208080321
-7.151236269121720
-5.691713835302409
-4.741005787258185
-5.867078506280618
-8.173167513045703
-8.897590764380375
-7.873217185031154
-8.107840210145993
-4.952104698485400
-2.033764375901418
-2.804100347590766
-7.277388263242639
-4.570610811150353
-4.207913007696650
-5.389181533492914
-4.458830104231088
-6.608987551230358
-6.768682661057280
-5.524351385407872
-5.514447644906625
-4.110143181931805
-8.514790057652403
-9.555283514028158
-8.056632450687848
-7.442578840233647
-7.434247782659874
-2.499489089473663
-5.459508260804669
-6.207296855144769
-4.801880173390953
-6.960362631527511
-8.329149070252610
-6.507703785991389
-7.066878320758151
-4.011419172441459
-9.239480416622747
-4.064878837363769
-4.719912340855749
-5.249864731010419
-3.760297762508185
-4.889839449957455
-6.403952717236455
-7.682856668573344
-6.863895108992335
-4.239665379618637
-7.505580220726273
-8.691715221239560
-8.096798377846021
-4.732127231455835
-5.726985453783522
-3.688202542203589
-5.908063666457461
-6.302186458571528
-5.970651852159165
-5.735595756112379
-4.661007390119417
-5.915090283343107
-6.637590611246736
-3.947786028192082
-4.190800282856757
-6.598148423629277
-4.484690015286486
-4.389083059582465
-3.905936467827980
-5.321979474755961
-5.780472925996915
-5.828762989703652
-6.206087944716105
-3.015712013743136
-8.132758039648252
-3.430613735994744
-4.522599275518485
-4.948579833898833
-6.621799068093583
-5.184570856942773
-4.420865186545819
-7.254586685205855
-8.754154521199617
-3.994226848332576
-3.594176492340551
-5.331834104529179
-5.228418388380115
-8.546452657526290
-11.377529898612245
-9.800360529383175
-7.569797560941468
-4.004053370903249
-7.060669495833208
-10.384600836824156
-7.413616343921535
-5.339533537397592
-6.162231883715367
-3.389928458760500
-7.752814711081523
-6.228532607489221
-6.547418678676993
-7.290741366454140
-8.440849302868923
-6.939074913155267
-5.036665406067440
-9.059239558908484
-8.331932967843139
-4.151551195274534
-7.112961953643813
-5.571009214637860
-4.550042003490487
-7.767409926280922
-6.340029420542630
-3.358192108795729
-6.729140122918381
-6.889333648537906
-4.217268680035499
-4.832619717794719
-7.483661048301212
-6.019001256022152
-6.344753717894726
-7.472735046900500
-5.240332085067964
-7.284714095102242
-5.584523763032236
-5.617864268889198
-7.791936698010948
-2.348237552619889
-2.823908740944319
-7.977093928490434
-5.758569474575063
-4.536448599277176
-6.483854490770339
-7.469684378578383
-3.075017328684720
-4.184530681448902
-6.054677147577288
-7.283278568156119
-6.337893667947258
-6.040752809930237
-5.716016494791982
-4.178635307477816
-2.489589051989823
-5.447380719589357
-4.253116911136725
-3.603106220366245
-3.332174724050426
-7.116541925851973
-6.552187107603435
-6.281387455630565
-5.193634944722088
-5.462657096001121
-8.004238249813660
-4.933534094078746
-4.559560124375770
-4.815375509623312
-7.187312539235669
-6.335140591350491
-6.018238170920851
-5.875758955184632
-5.716627457854842
-6.195193856772978
-4.916249086315955
-5.962695217193097
-4.440326434682203
-4.964257242322064
-5.164007405974132
-7.932347761018092
-6.832592494989003
-6.482694392529540
-6.348188385714812
-7.813233957133211
-7.589980492765901
-6.378924889453063
-9.141715293540500
-5.416841526573737
-5.212181818432663
-6.447371538858804
-7.299596881442168
-7.376322403540394
-7.738041019168730
-6.716475913271668
-7.740206224443466
-6.432346614730133
-9.201999649286909
-5.031237122608485
-1.903994260284887
-4.655708515945716
-6.470612040182441
-8.801716624766623
-5.085423770759469
-6.801016039829957
-4.800341645016833
-6.562371882687662
-5.848481797786059
-6.361353912186031
-5.277233183126483
-4.502669340307053
-6.904244972847170
-4.911978590818225
-4.230334317631327
-5.698710825254180
-7.065265987191176
-6.743484673759733
-6.019809100533205
-4.585697801209269
-5.569590110225169
-6.226485250973975
-3.243795645937620
-4.917716842335760
-5.174692780940589
-5.163491792584777
-7.470366791250040
-7.722604770261772
-4.161593096280309
-7.110621728320119
-7.312707116573732
-8.729001070585788
-7.636183810594903
-8.886571140285959
-4.825694540678964
-6.854259090091804
-7.959784868729626
-3.175431581897033
-8.019220733809913
-6.699014886647105
-7.069952210533890
-8.412646553713351
-6.458898936573333
-6.218578086193310
-5.573652908576480
-6.635532770588949
-11.806906156908489
-6.005114791325567
-7.773202171206402
-6.239424671064540
-7.521752627514172
-8.680761489616543
-8.296216318196125
-5.918203019757800
-5.288104656066554
-3.606647879586085
-2.373659632624958
-3.971341791389847
-4.441183433138236
-9.280026390146945
-6.016439286370830
-6.029602874992543
-6.751210477952933
-8.289031806379395
-8.582024176846666
-2.086345064913380
-3.147031681413671
-11.153881675820074
-2.966576244513050
-6.013787274009680
-5.463816064288157
-3.486164490967559
-8.116590309461150
-6.776910609242917
-9.872133996683591
-13.251151634944474
-4.677272720753924
-9.613341883539206
-5.635879813256569
-7.607781758819994
-8.683125243970807
-6.645852064910620
-8.860068889494762
-5.688093277243602
-9.464985549274679
-7.410897223813136
-9.472346705848535
-8.579141735209742
-9.452687931690637
-7.401729358297620
-9.297662261690549
-11.814148710892795
-9.564103421521166
-5.710901586675422
-10.314253547761146
-9.141258810137007
-7.121352158478120
-9.231036724333558
-7.488569352285403
-8.680232704515621
-7.792651046811752
-6.106424465399414
-9.108637191139042
-3.086544531724111
-3.972230361465311
-4.643707768587027
-2.364516253185088
-6.024516032868537
-7.085971084754889
-3.695561299834508
-4.880249379411769
-8.395553975220345
-6.565149341439575
-7.231361818108273
-7.744173459472427
-2.925915310971756
-3.910453718099653
-8.403604172281264
-5.184165145774808
-7.737993390047434
-4.538544340528046
-10.324885407172719
-7.615459354432020
-4.799876267545896
-6.207862256475194
-5.556499675607498
-7.249508832247639
-7.788375737008218
-6.505016220932249
-6.967508790588075
-7.504479332841619
-7.668995063272473
-6.278229171940080
-7.768393019407982
-5.049498562500663
-6.878206274243558
-10.412269491046956
-6.535274687514930
-7.295797166700702
-5.694148838900995
-2.766496239658866
-10.047178313992854
-7.636351319074773
-6.873368529324989
-6.190723337609354
-4.457605811278846
-4.213127186805321
-4.079066453389047
-7.892614868572095
-7.249075818015378
-5.603592696573860
-7.608424970887830
-7.141641385303084
-6.234061715192461
-5.037627636119257
-7.857122546001653
-8.131650103718922
-6.805991688040684
-5.938671734832607
-5.415557800428884
-5.938651703764992
-8.033225262176471
-9.211168200727203
-5.753363978380109
-4.616441458738679
-4.027268565079194
-6.091071486826121
-7.116370498870503
-12.585512404679582
-5.491340717656797
-5.658905852282255
-5.787770537486876
-5.961325791021531
-7.738546273954824
-7.568067963509964
-6.024512732639351
-5.867860232015624
-6.331490299997976
-6.890434107548432
-4.518908084747327
-6.946698716858375
-7.799836662639002
-9.345015197128886
-6.883934768880258
-6.493317591144415
-6.982316315841535
-6.672453392853823
-6.564953283709862
-9.224098891127403
-9.151428567878282
-5.392678059641439
-7.001706748687353
-7.063622841488824
-7.935798200260019
-6.546508424772912
-9.852314628309024
-8.904269094019082
-7.795261748151765
-8.193006244516447
-6.728969485836474
-8.195390727784405
-7.584043609051911
-3.630282490086922
-7.346722419309259
-7.025749695785464
-7.117317748440724
-4.858344852309305
-4.904646281735698
-7.514308789259794
-5.019149144568979
-11.021411939867797
-7.652297728454917
-5.432096573160645
-4.803789017506647
-4.231501150558736
-5.837474568227153
-5.018684220486706
-1.456391309803448
-6.927320822749204
-3.372465905323013
-0.970547227737650
-6.550900830595395
-8.577677850754803
-7.598343090903719
-6.273652947869469
-9.119351172581311
-5.242887847315866
-4.024669533178010
-7.804959467797490
-3.846261703188345
-4.871966403448887
-9.373841036193348
-2.009084245493916
-5.085480679894085
-4.299462411501383
-4.698423534622034
-8.499011295131554
-6.151226611724908
-6.614954709118888
-7.512750671505724
-7.634974168670495
-6.342430383276864
-5.495099049661206
-8.359739909857090
-6.800203152764700
-6.767365828005891
-7.510047908545835
-5.981390758521101
-6.255032751796159
-7.256674680259942
-6.073511740841811
-8.386650658719113
-6.144607576867938
-6.420273769472788
-5.555860166478203
-7.456535575228286
-5.980947183524474
-6.223657256109494
-5.372927844202366
-7.164183801164632
-5.203430436423690
-8.139498700653045
-8.557422941055570
-6.273059259405405
-7.653943413313196
-9.261058867044472
-6.519141280774311
-7.202805662313918
-8.047031313221234
-5.398860931936559
-7.558983006016859
-6.330490125399630
-12.568988767034034
-5.560009650820696
-6.837345819690029
-8.197328425259448
-4.776442117434599
-5.553287816143932
-6.177895091527095
-4.841536666783388
-8.227428854674264
-4.941714673299202
-7.305786974035613
-3.801976232364198
-8.478328368059335
-8.045752453256448
-5.671487826487867
-5.257818083450184
-9.489371204508830
-6.568968783383445
-6.039879649656675
-9.750307471647364
-6.864831101659457
-6.482710965771435
-7.735709220338141
-6.059992284141074
-4.943137300131365
-8.480662341604626
-2.086875209610441
-4.607003912093999
-5.134954528706626
-7.131925863067656
-6.148874516167900
-5.914556296620941
-7.950291060081312
-9.168508082335586
-5.347622810016916
-8.303951330078132
-7.292178014633301
-5.404484769939798
-4.653640569868558
-8.054438667447902
-8.276276003747141
-7.666220239662397
-7.310914477167081
-9.387397646385063
-6.977420398587718
-7.704939523415734
-7.515349742403893
-6.996503351429994
-4.731148590589767
-8.853347265912911
-7.479146401699354
-7.837208389066065
-5.727357079512280
-2.905878404159439
-7.597094020067199
-6.536788145512866
-6.236865141051925
-7.024134995047796
-6.279016263017982
-4.151502872335703
-3.952343008675794
-0.901570879052878
-5.269529227586987
-4.004965658859510
-3.708009818185150
-9.170555111468659
-3.061249687653403
-6.665008792278474
-6.913386700763492
-4.767873065845166
-5.080680650807960
-4.068966675006745
-3.424344169709094
-2.291069464193384
-6.271883364477464
-5.298569793624914
-5.362508162062945
-4.921832323267719
-5.795642319747004
-6.206313295592411
-4.881828129579852
-7.520399048925980
-3.926601481430738
-5.124280123158364
-8.136823808041663
-6.712255484301109
-5.669193844367707
-5.530931798701463
-9.586064173779503
-5.446657057013438
-6.777872508899742
-6.126595193915656
-3.111277544920690
-5.873214240027267
-4.892981932510049
-5.224823385255370
-4.761409377035962
-2.992252221999260
-3.477265255462819
-7.311164153229064
-6.191061179590963
-6.453577725571777
-7.913250465251862
-7.300506381185995
-5.732428158524215
-7.191504560114390
-3.617527479082796
-3.940965645450017
-5.613159652675591
-4.952607121822187
-6.730680955509080
-4.744172630546356
-4.796089745352354
-10.122495795318507
-6.124376825582774
-8.268744706786809
-6.681290527384923
-3.042329742411329
-7.301397102688118
-3.473538995036471
-5.668811124706463
-3.738254775450848
-8.416954984421780
-9.052262706515350
-10.355258345269927
-8.079810276098469
-5.168921716177813
-7.895865858795505
-9.210183500339463
-5.607304701282382
-6.750495857719317
-6.003074506269269
-9.181896279782414
-6.453673910988869
-7.473560045172936
-6.545186585574219
-5.685367681058073
-4.975760759645985
-10.558182859670138
-10.405901818686509
-7.796300194158939
-2.698319050706424
-10.561070071225039
-5.935828185296666
-3.224186073911907
-5.202464042168358
-4.874425779203767
-5.054942060565706
-4.840464207031632
-9.212724984021694
-5.077705607643516
-3.805496375472066
-5.547396501795616
-9.578988023286207
-7.175049799226066
-6.760629722876299
-8.316537790935048
-6.288701229291513
-4.413554373819212
-6.650331744454041
-6.414144553279014
-5.415016690464494
-6.725368427590710
-5.075536870503764
-1.804515476966236
-2.972650392225244
-3.814075287779420
-3.033168298204997
-8.296196087151568
-7.936753970420231
-2.312381870428230
-6.754267563233081
-7.065069139121262
-3.841330606361383
-3.547892066188313
-3.988115840172190
-5.728446777118198
-5.891095479888832
-7.566610107149983
-4.159422634258929
-2.990974257913090
-6.972908366349707
-5.226902093189127
-6.182985608352774
-5.509609793531593
-5.181991214161909
-4.052411607121259
-6.933821263897746
-6.687745034113381
-4.530536648803480
-5.334927108899685
-5.487794560080701
-2.973875483254550
-4.463090634018259
-2.366531544420413
-3.331954143175953
-4.105127750220149
-5.995424487819617
-4.329006126260178
-7.057234920621967
-7.834783109803497
-7.545420058121219
-7.279127094595865
-6.576244717267241
-5.731346316316553
-2.547906750982269
-9.275356492704702
-3.405479811221811
-5.169098149869733
-2.312649430441973
-10.146236996807014
-6.245628030289935
-1.569892680083282
-2.774432286560529
-4.864827872571754
-5.475238061330646
-4.538462892653113
-7.380552006077289
-8.844851356990786
-5.805108404849455
-3.289522918012860
-5.696039813979737
-7.704133682982547
-5.706045400621357
-6.476989448107446
-8.756602958045695
-9.513812184549748
-5.727891389095994
-12.107432931536660
-3.018244909079223
-5.836194593074183
-5.237855337464979
-9.280718172359824
-9.124399998527579
-8.180267355158946
-5.314783061023713
-6.308806621143241
-5.855351557728063
-6.005070998552503
-5.365303352678993
-6.312233755887698
-7.170299897846920
-6.821673488553022
-6.239986696301475
-8.347299199242993
-5.952619750116529
-3.507936889096593
-7.767647910035353
-4.493698489681599
-5.031056661816935
-4.065996803020400
-6.608891179837936
-4.818453019304043
-7.996115126559250
-4.536862185960561
-5.947468835528971
-5.415065279254146
-4.185162371253762
-5.429272086563764
-3.956744724882606
-8.581123829825158
-7.819695231785253
-4.657131782012988
-6.866089386093385
-3.276194434986114
-8.184416591275061
-6.909199809093579
-6.629883311413697
-9.746512983558228
-7.318439473621621
-7.033156561026182
-9.037010127850007
-6.386621658003149
-4.634144908806102
-6.976503683538486
-5.612336593808910
-5.314848029724121
-7.418810177483765
-4.310685193125400
-3.266674105643105
-6.033586865445595
-5.025537711415331
-6.580418211214289
-7.622444889717205
-4.917432452473917
-4.719712463019349
-6.943395586241007
-6.559984153694504
-5.738243862532065
-5.121846030136678
-5.511489415291891
-4.543684443630393
-7.431411938644431
-7.519892653150559
-7.640115071591532
-5.205505782638676
-5.672167895478903
-6.325960353133333
-9.958190588189714
-7.637903881734138
-9.812313788098843
-7.079421366780555
-6.363761548565224
-5.594011802534628
-5.634309566884420
-4.130157968017337
-5.600741458263277
-6.710119750962878
-5.273517338271794
-3.579414487596236
-7.984719384783086
-8.348727933356521
-6.157013597184206
-10.161097279093944
-5.113306239990870
-7.447269856936835
-7.858767312066465
-7.691680288003533
-3.915510779132365
-3.298346991343356
-6.114604251536873
-4.470406756717831
-6.120511183209177
-5.328921031523959
-5.972101945407261
-5.909511458200646
-5.321933309890033
-4.023331698937180
-3.304378879580756
-6.877825986455289
-5.652383163986723
-5.713432309867167
-6.522473673798370
-8.178786782281774
-8.033859552305028
-6.567821726429250
-5.296308296633369
-7.639648313773299
-8.422471717511907
-6.833561925644386
-3.908455537754969
-6.553272726250766
-6.828305904684522
-5.054156695250560
-5.319783728122288
-6.902063070668542
-5.838924154558629
-8.106003089275783
-6.105349062549997
-5.438046268674486
-4.015346031552147
-6.250137017195187
-5.563839659657689
-6.342280074547319
-9.149193229879439
-4.626400082333220
-5.863762884556695
-5.179151965989756
-7.309639737175498
-6.972730660525126
-7.180040767633503
-7.330862888522857
-6.830703584240296
-6.907583562688662
-6.643889811771972
-5.900818476645439
-9.409031021783155
-8.719713080276847
-6.256160772307541
-4.860147878458474
-5.841511158655422
-4.940471474726637
-5.349077357100143
-5.482587042062405
-5.971903176221526
-7.692065355810113
-7.761298180703387
-9.700016043129901
-11.250990783184962
-6.933833633542623
-9.017177518179139
-7.368790243792330
-10.328256300190212
-7.359900720446553
-6.527715642544090
-6.600027986068366
-7.872540531146332
-7.464228285781585
-9.635403637781303
-5.687218269007877
-7.077614694033191
-5.927653873244050
-5.864058831307998
-7.531289523782275
-8.074815839960731
-5.704692745228826
-4.894709504575711
-6.549304589350341
-6.178606472667707
-5.696832008416830
-8.231006340882654
-9.401486992123580
-5.308256803365025
-6.550499229437573
-4.511116722957256
-7.458894849976927
-4.265548996944474
-9.130396289164519
-7.803663009260421
-6.742663395077781
-4.706536804507649
-7.868684578401557
-6.057439847680278
-6.798557550265422
-7.555882223745875
-7.685846520029693
-4.476065351516003
-6.070068730809234
-9.249077834054134
-6.532397042353337
-8.025055013769743
-9.147137357208800
-6.996404775628956
-7.835084674859259
-6.733485788555055
-4.310135394515079
-5.337108597046082
-6.137761966167669
-9.151087674304412
-4.637897865292557
-6.127286952104719
-7.537486143296047
-6.411365540383671
-8.413367699800398
-7.525839008514459
-7.056111748631367
-5.029431179288983
-6.454519727357726
-8.440123988419993
-6.185332545938401
-3.877788700690114
-6.822229439472195
-6.801150469778060
-6.467368961596651
-4.691257351001901
-5.740330735281870
-5.687809997986408
-6.636521261787618
-12.238580978542100
-7.828019407833273
-5.986596074660122
-7.897861124582951
-5.239685399375134
-6.654121929853559
-9.417466458681277
-5.613270496871768
-5.109622637534327
-7.788469257594466
-5.674227398988420
-4.882071064041598
-5.998931972748056
-7.639308097570073
-6.531051766376686
-6.514928755999380
-7.256519961159196
-9.239710942382771
-9.900998829126939
-7.364505794052261
-9.761362898038371
-9.871315318473375
-8.952937197990527
-10.383943081936405
-8.023967843165520
-7.896618587764014
-7.656112296122400
-5.971039390648603
-8.970713490817527
-2.836242476018044
-5.530107732634374
-3.838807560099450
-4.373087934414287
-10.346926840865921
-7.623923684256908
-5.837440692136076
-8.460193046618395
-10.318596592060391
-9.754916316017921
-11.649883042044051
-8.208178396911132
-5.574790666536179
-3.330671295997310
-6.446664225775366
-8.245273251333654
-7.489379394282397
-9.167491193951392
-6.272398292410950
-8.907810420715553
-8.128286829243185
-6.533543044284166
-6.014233416571755
-6.334592876947946
-4.568055506097383
-6.289576148086661
-7.354716818533703
-2.877456475931246
-7.240194166001109
-6.287646504032756
-9.898057300527297
-3.803161461417764
-5.584186674086258
-5.274731568580291
-7.656105673844404
-7.896236851566982
-6.893614339662794
-6.273682470876580
-7.573252481648195
-5.718330302934887
-4.998889232599739
-4.186997180559382
-9.605335197678254
-7.867959306462281
-5.326746207508595
-6.296817849068120
-9.514380839200284
-6.220595292816965
-9.748520071630573
-10.153737251390774
-8.201087051561057
-6.453041986941455
-7.961184544811696
-9.162596031536783
-6.062144245995864
-7.197255233198453
-6.217324038176909
-4.988321245786716
-6.865986252305937
-2.576590272266907
-2.171211251815047
-7.650039052111746
-5.118913409170745
-6.973221295681623
-0.340260594714974
-5.614976620678822
-5.390042617891985
-7.611288769664162
-7.503126596704120
-7.152535229552479
-9.573669449237947
-6.199650521301820
-3.909400481038821
-8.978027815662728
-7.395771528053249
-5.665679253803201
-4.551643868776961
-7.496853928691277
-4.867877496807973
-6.730098496399348
-4.022283345764250
-4.418573365500953
-5.416516773544101
-6.480418851408857
-8.185426528602825
-4.817858359763270
-3.542831544756633
-4.525441336463478
-2.970210529168144
-6.625639402791170
-4.742512395923217
-5.011984224459046
-4.657787064961247
-7.741604083520572
-8.358567936789763
-9.922663819360166
-6.960383998667313
-5.976764274404972
-4.881321730122261
-7.408035801233535
-5.126900093870375
-6.215665627185657
-7.341128968408095
-5.096946138582654
-7.047760648222070
-4.908511322590204
-2.913640169325252
-5.256476405485906
-10.029930813189630
-8.140452247364346
-3.369615340951656
-4.405312880187636
-7.341720980017885
-6.401155719532269
-6.464056849283927
-7.118293817849316
-6.812029681583858
-7.161983125771111
-9.426819312205064
-7.124872687177580
-5.262039902481670
-7.040764562445422
-7.566555805839920
-5.203674810287438
-3.748554186642634
-4.021305165661282
-6.576560252759814
-5.305859652729690
-5.694329124571935
-4.791177424583689
-3.214367332395949
-6.093667559658977
-6.101076452008679
-4.928942380996723
-7.010582607008576
-8.174201408250722
-6.813768513029131
-5.621713676185762
-4.755497097343856
-5.510484714358170
-2.815876645760329
-8.162128355249617
-6.320689226959428
-6.411071034669621
-5.734975844082062
-5.670767442343477
-6.603259430296741
-5.650462154589489
-4.199499693564584
-3.405998715185522
-7.981745760116302
-4.320363066350197
-3.990632626806140
-6.598047175972859
-8.964310923360651
-6.873959099133731
-5.648852361806739
-6.897358074994931
-6.016139420319546
-5.977766717453235
-6.335295686979122
-5.424021921405415
-4.917354545291388
-5.409735100368475
-5.544408819494915
-9.825172086332696
-6.755751538630347
-9.263196540962001
-8.828804282990530
-5.727165670389970
-7.155573526590139
-6.429455998899818
-5.459466666171298
-6.485095544583022
-9.601047324581923
-7.283209435639197
-7.519855597272350
-6.581621263640684
-7.267327831663773
-3.082955191372120
-4.693357013466652
-9.164133313745497
-5.613842417037996
-2.923723744595782
-2.487449007095789
-4.731071736363879
-7.719105995425131
-6.751031162431463
-7.544246903231451
-3.185431342221288
-7.128958151775592
-3.879063797896781
-4.540469023035702
-6.837287322457810
-6.211612940973062
-7.721046397639425
-6.218497674513889
-5.088377777454666
-5.448469020976398
-5.083726776082434
-4.889303843366235
-6.565069587738102
-3.606275016408904
-3.995594759581327
-2.705533773838407
-5.416074657356060
-4.694805770382489
-2.186886245992101
-2.002002363591996
-4.865749451209595
-3.448601834994731
-2.759201228882669
-7.250227355130598
-4.771278310415673
-4.036593378085493
-5.241964484277254
-7.658150349862369
-4.399748551507408
-5.631809697305805
-4.887371582045493
-6.386638161146059
-5.194034253882459
-5.875900512925888
-5.215701659364796
-4.581788955166934
-7.767855168482197
-5.971660306692972
-6.467882055977774
-3.563457538464354
-5.667567418249508
-6.751334301611824
-8.386135715853014
-6.355435525724960
-6.963879654550298
-9.275966865589178
-7.328585987102326
-9.338738133293939
-3.597578847207861
-3.364999593228438
-9.274578555352905
-7.447262415446532
-8.073081615334321
-6.307572468945310
-8.642504498302875
-6.771817294817479
-6.607270725532302
-8.405818283906433
-6.804295480929192
-7.648670371775373
-7.579040420426813
-7.285999352217673
-4.713091961857750
-4.308967246236300
-7.988596341436144
-4.775556988380123
-6.000489409805349
-7.784743466444848
-6.858828066374160
-10.608942103781892
-8.114210396382227
-4.616405236261522
-7.324907104264078
-4.738793705020519
-8.230069511391537
-6.195432146075602
-6.861624037007418
-3.925027654419960
-6.262939465746301
-4.960057517242902
-3.319084761431292
-5.589402539337438
-7.278209010067286
-6.853297475058063
-5.295950305254332
-1.980966836069001
-7.145809531137158
-5.956227646882073
-8.351962166640510
-7.856767516553667
-6.657508818574135
-4.060065358227049
-6.985859626856506
-7.588234476372257
-8.652677565871771
-6.170636754129485
-8.006016739097458
-9.549838196726364
-6.467553409221172
-8.768247499242785
-8.724157366458307
-6.939531070496844
-4.965773517909717
-6.136501566318167
-6.450771482215589
-5.654234436174822
-7.281805162616410
-11.028398195480483
-10.795908771304974
-7.474814799825236
-4.006576891125771
-8.651368434766116
-6.886721650510791
-4.663084954013140
-4.842232117083451
-9.542794337208003
-8.909053397320054
-8.959302948135331
-7.007101032080177
-11.869754785134893
-8.716588001877811
-9.371577715370618
-9.704772246257395
-8.289712824238668
-12.034449646381759
-7.546192754507165
-8.476880853716432
-5.774110857107074
-6.845192115347372
-7.437150833548916
-4.009955442558581
-7.231377895437098
-2.032358435916989
-4.377436219594355
-7.502617111771649
-4.962565461709360
-5.771649223513845
-2.341988603342887
-4.129157721925801
-5.076587158626838
-4.773584233445734
-6.635084714053673
-7.390356088293438
-6.059668330252748
-6.138844208022467
-2.881404634776238
-5.331975964996401
-6.532746666251563
-5.976554291449390
-3.284114097954274
-6.499026035018243
-3.135046371779471
-2.493089274448482
-5.819600978135386
-6.929140785559740
-0.759348430014840
-1.466431286805420
-3.818016094749340
-5.640337503720890
-6.307159019057694
-5.305366255258017
-4.721042120687046
-7.452147068366512
-4.292127256725998
-5.626411495904288
-7.218741596751345
-6.622873021665286
-2.176134690675489
-2.226432951073941
-5.699896492965688
-4.970060749760547
-5.333695335686811
-5.167342010645847
-6.970378789031444
-9.279971759971863
-6.764200297194546
-9.326810180559510
-7.167398367656144
-5.725910797790340
-5.820933390219040
-6.904918740794820
-5.401896355944007
-3.341241341861712
-5.568457952733929
-3.718185864145523
-6.628181387320914
-5.015627079907300
-5.552393921091149
-6.750766068619324
-5.669559445307078
-8.100152035605360
-4.686552812631085
-8.183932365660159
-4.723052811047011
-6.495478456461784
-5.860700658661099
-6.305254058065763
-8.132342355186696
-4.948076272777622
-9.703084473844877
-6.674595340153838
-5.330951041789046
-5.004096490804941
-6.165129471191040
-8.641092220152130
-7.039867836326733
-7.494165169252575
-5.917848587836230
-6.484470583753112
-4.485433664714675
-7.936143648118700
-8.314432032755352
-7.561400438859964
-7.284971861284063
-5.567816314375710
-10.934281452726600
-5.306438419520662
-9.111870051064720
-5.575414547054924
-10.049622332178178
-3.676911086977144
-5.816437418062564
-7.427292136780121
-4.168641310365703
-7.931549113904773
-6.285477053205387
-4.698579703430334
-8.595489570065883
-9.490027237301609
-4.005458938911979
-4.601623892062855
-4.474056885456686
-5.252863660228549
-5.312178572622377
-4.747271833287591
-6.794300224641208
-6.321736130174711
-6.428186551916761
-5.865145643951449
-10.426007584257253
-2.599116784451637
-3.798481107292455
-6.868999577033983
-5.305888962662682
-5.783337994463832
-7.574346997295527
-4.205632883196961
-6.284636615410003
-3.668063114522283
-8.657333973206079
-4.435535215749524
-7.671136248749361
-9.179159007420747
-4.719240572497587
-5.633970263780251
-6.267928176507551
-8.843798147483261
-5.528117750812997
-5.945378956642786
-5.758608924522366
-6.398246381180432
-7.144292412919718
-5.791024679550889
-7.009938456153479
-6.620642315644647
-7.487402236565594
-5.740076516854882
-8.410190250615420
-6.651893582804107
-8.679521057462697
-6.675801972757472
-6.787238813079021
-8.365891260581625
-6.991278928117005
-5.596727143710530
-6.090857405637507
-6.596215965125823
-5.139082200929910
-6.423523166443092
-8.767269438992859
-9.077912158242240
-10.131403575837425
-7.268615854242310
-5.751644016527584
-8.015787269372199
-8.036986167173403
-6.443964718373696
-8.294262442081811
-8.519451412691231
-8.019968725778469
-7.076042147183041
-5.326083179214180
-7.528571870008342
-5.059947827255060
-8.812613477149393
-10.419906153675779
-6.273920491459465
-8.065379118200864
-5.530687442209957
-5.385678202516442
-3.908581804370494
-8.714437292722865
-6.987958393239162
-4.772312890564937
-5.875324575598402
-4.861574238635753
-2.658169943079490
-5.354560815112011
-6.641168826187230
-5.084605256036481
-4.993444955756833
-5.587155277803438
-9.226250834292928
-6.511380824062721
-7.700697650354059
-2.263125638351577
-4.491653908577775
-3.991670149962461
-3.541911166614732
-4.383098463720092
-4.709868418165669
-7.499115427793504
-7.044284993392901
-8.880169127228347
-7.306860711334503
-6.739101167780029
-3.376075573764483
-6.273916834855562
-2.334043970546043
-6.912283379928893
-8.238059362102861
-4.482938579911771
-4.175400703391056
-8.783304420536304
-9.540064168357608
-3.486823679852494
-5.734076057974075
-6.095524767170772
-10.103591600317214
-8.236885867634085
-6.335068543346723
-8.536575430002353
-7.861522775792344
-5.655775917309077
-9.972180992187603
-7.473787950751213
-11.927582102267900
-11.952786284805029
-7.107497953570460
-4.829560893935826
-6.255003827521466
-6.365230921545818
-4.756922087391565
-5.891406541733040
-8.282336218630441
-4.634540497898874
-7.389422868539819
-8.784680793538669
-7.574849535037202
-6.771784653701080
-10.691193046821885
-9.156096519565041
-10.865125510800489
-11.863188630409580
-6.259001268967213
-8.928111551933640
-10.677240375923121
-10.182812646972065
-7.170388244676136
-7.110387410235012
-7.802698086140648
-6.486974172622872
-6.929619541829312
-6.349623331420991
-4.965301031384796
-8.374558358443243
-6.208839789781222
-7.599810587598891
-6.800577242791027
-8.281945056176168
-4.362420651960837
-7.208447609128939
-2.140921775253031
-6.925078310532751
-10.968783629304554
-7.210016104303394
-5.475732588354322
-4.000949243065020
-4.115178481212788
-6.219806025558708
-7.692522915282693
-7.254985039728437
-8.211769788030125
-5.639129443927140
-8.296771291226548
-4.848481077784180
-6.474625352969469
-9.131657843473219
-4.757273673171926
-9.180598872116304
-6.011218821024110
-5.450648081834529
-11.435205060529295
-7.163689572382125
-5.703190025179770
-6.539462005804995
-6.770465499866171
-8.301136913884985
-5.164205849897177
-9.515020669919618
-6.206433252147304
-8.984548608062603
-5.712374215117986
-6.549014252603417
-6.520307784331325
-9.846434446518815
-4.150383652206074
-5.106953656181232
-3.831015563613712
-9.422567367050224
-6.350579502186301
-6.296417381058920
-6.233015171973634
-4.774774793414955
-8.619959006137417
-6.672632625054702
-12.198160087071265
-5.088045893843749
-6.931079643912999
-7.356899483647106
-8.351685329777821
-9.646594402662835
-6.405371037874501
-3.835552719228465
-7.581992425859253
-4.290894856210751
-6.673877450524732
-8.123150021262072
-6.456014977113529
-9.321421041560178
-10.051101437872013
-6.389551369605776
-9.551515059777307
-10.829857004076066
-7.376278394157425
-10.150858400527373
-4.804932500145477
-6.089631283077203
-4.192601857822185
-9.844222791644091
-11.420217890272896
-7.929600994931120
-5.494154898233148
-5.480974671617584
-9.851811235608070
-7.720803840817250
-5.929951181917136
-7.060149419752341
-5.789005775073520
-7.147757873949824
-6.962581650137788
-14.621755850156926
-8.993141648310738
-8.493247601142867
-8.698322290039304
-8.910817986741218
-11.614848103787086
-12.178992993741439
-8.668764562285066
-11.115515250670722
-6.886755280911776
-5.977488436188798
-8.697300837068402
-6.802343370613060
-7.732960404076750
-5.840333246244217
-5.253794046704144
-5.623033505910686
-10.357140171777987
-5.308993030712342
-5.076394773218794
-7.550639150845935
-3.960143894870432
-3.851452890938597
-4.674825406065080
-9.617740623853242
-5.110119075626990
-6.756031530953027
-4.104037655971148
-6.916758433047083
-6.879438018637024
-4.342052900866496
-6.351529961519621
-3.578562395344489
-2.857610533881164
-8.571145209728902
-5.670471918941088
-9.073113411589913
-8.174550099255692
-12.505655767884125
-7.434584721466243
-2.985899678480379
-9.168083113399964
-6.728253284400247
-8.913951445727495
-9.899754925515335
-8.511146939320517
-5.754175741463723
-7.157261986833431
-7.663376978110732
-11.674520986398111
-9.044464281767478
-11.478876411770260
-6.699905367232326
-7.965321608395280
-6.944044246021225
-5.683528419793922
-4.530975709895785
-5.052779624978111
-11.697632766160829
-9.449577144928575
-9.409378932717971
-10.638510934848712
-5.757730918475405
-7.284332460713624
-8.219511086858532
-8.772679560383926
-8.564331722949216
-7.557647163814442
-6.604604155077456
-8.005018371862766
-6.736196832372162
-9.338014149701351
-6.404148454639246
-6.839326504447837
-5.790834786967535
-9.400859314145235
-8.344890439044848
-7.176501283440967
-8.393249140861906
-7.544697785371912
-7.081717229493862
-7.291022312355406
-3.470132166771542
-7.482456945177501
-6.706090898763592
-6.375151324637153
-3.532328829374717
-7.205691400038383
-6.006528084307537
-7.093599290398357
-7.903109169334246
-5.788555688189891
-7.189383429655735
-6.853315400471693
-7.869248695678604
-3.814755403366785
-7.148147426879671
-7.960701672425074
-6.751393444624326
-7.877353056724504
-5.398133734183227
-7.740460817474408
-7.751573846134545
-9.431655780296367
-5.948776058389742
-8.689523394135623
-8.455490274519681
-5.466650430456751
-4.676153072219224
-6.555458566222409
-9.291387811057707
-7.617816405895677
-7.737186990042721
-3.535893113221600
-6.204542924527012
-8.476607062721527
-3.438576423766960
-9.353016992831677
-8.301768992416196
-4.872411831968529
-6.993979669835586
-7.094464529987108
-3.756248411255741
-11.266505352237651
-8.210814471805572
-6.541711140654386
-2.987584625237567
-7.118891323174199
-5.162575048224071
-5.536601144539000
-6.319481992504242
-5.646521173284731
-5.917499038517431
-6.919387952527988
-7.129369629404163
-6.882826451493219
-11.367357251033191
-6.994776283352368
-5.444944075897663
-7.035285522155455
-5.999217490030620
-5.768160295595900
-6.213499066262996
-5.983967391653384
-8.649073970654079
-8.263012079143014
-6.751277106580754
-9.864877549095462
-5.335210917534947
-6.327709470790932
-6.410764418382995
-8.602998169741564
-6.980228286715657
-4.487019726768544
-7.912276587795156
-7.093229944094416
-6.228771336495894
-9.040702260138648
-6.042571126823375
-7.900699432709570
-12.777967448954662
-7.567288782351806
-7.468218315379528
-4.590709895372931
-4.086171386091791
-7.698387064422881
-4.613791882610498
-3.808964410486548
-5.425109434344194
-3.042397748774025
-3.372858305395048
-6.861242752926266
-4.420436852344709
-5.334432680562405
-4.460941723964108
-4.187056803674362
-6.814455213323373
-5.690487797865758
-5.721769515384305
-6.954473920620888
-5.517409558669777
-3.993050564018913
-3.384398513289318
-8.535143135793644
-6.952225825297550
-8.560333552008009
-4.391163601721376
-7.122702097002326
-7.582049237895792
-6.184191914233627
-7.137200549773707
-6.751957247172968
-6.000525825810407
-4.998700729685467
-8.753095838743464
-8.805718416295159
-8.716060276076755
-5.254362096862920
-3.867719240011096
-4.035432573543959
-3.700366972398901
-5.009459267409301
-3.645710215436928
-5.999424892995009
-5.776653702249947
-5.275388312181640
-5.097084554114274
-3.995699670659838
-3.447370720072622
-3.634364565342775
-4.125056705852257
-7.149919490819500
-6.494813306347994
-8.078030581010319
-8.661606121032676
-9.307116250941080
-6.422245190425574
-6.156562015465568
-3.705229827790630
-4.240603880544528
-3.610360243538708
-6.315516654306363
-5.109907511986005
-6.857462936388163
-7.248887363576499
-7.926329256069160
-7.744720259128353
-7.407371568050142
-5.062960017538513
-4.167647679320682
-6.469400128200998
-5.509497627060330
-4.375695289461154
-6.602411057022030
-7.434788541772546
-9.803450827474647
-6.029479592235488
-6.030140142277252
-6.433855842244176
-4.488852965742979
-3.121839341215837
-5.513943278620470
-5.457002243346833
-4.873674879539950
-7.524300708357685
-4.186324567655231
-8.220892344845094
-8.315569337169018
-5.066229211419541
-6.705080728034590
-6.104523255070678
-7.225687762223349
-4.833740144015904
-8.077685203020122
-7.557735557967314
-8.935946943229746
-5.603950095100571
-8.127814593773039
-4.097246484305725
-4.347891697590236
-6.060877189538270
-7.337952701759551
-4.171172724221400
-3.839480214952053
-5.025194136249778
-4.944282455047760
-5.878575050965485
-5.114743282775031
-3.924321923365236
-6.694017848279212
-4.524353925952183
-5.260137210475364
-4.842473094588500
-1.863913902615903
-8.303003012865517
-3.682049201558431
-5.133720986450368
-7.234701225216425
-5.017079402006663
-7.367167054761303
-6.348215027990555
-5.890927726451848
-4.312842954064334
-6.896208395003200
-5.394851991017687
-7.007161672211947
-6.542512745991032
-4.122876199370760
-6.725200022313438
-5.762510891395685
-6.410758974652987
-6.934896223519302
-4.556582669018823
-7.723508506264886
-7.310286470205660
-8.609957626474483
-7.939904426125398
-5.767916826260704
-8.388272379862743
-5.562462084305157
-4.892387669920278
-5.256603718545682
-5.880590709101363
-7.142028014554128
-5.214672898917207
-5.577741067247574
-3.869633898680171
-5.256872056981107
-6.473603085475379
-8.264169071811445
-4.880864056583335
-5.220778839271802
-6.118068540472639
-4.295313123509439
-4.868069390766074
-5.720490114648563
-6.695469187680723
-7.700103601364587
-5.767502751156806
-6.906326798088104
-7.510331187568789
-8.452023174495634
-9.654854952841493
-7.337602562251691
-8.509620800311254
-8.628924939587886
-8.530325033053971
-3.580405039137379
-6.722477765599598
-5.881033501364636
-6.876342927354123
-8.043003534325072
-5.368926643215818
-8.485161904998568
-7.951666573825067
-7.901670533298550
-6.633189645607993
-5.701610963001333
-9.760521893619345
-7.445569962583810
-7.024138123912117
-7.894664688875575
-3.535092340676815
-7.105715053635665
-6.030727532425709
-5.528431350198437
-6.209987695201468
-7.747746655870452
-6.909433555803140
-8.142227946223304
-8.792466466331758
-6.229518281375858
-3.948820351401351
-2.992252221999260
-5.349199397381748
-5.070949768441751
-7.964886875806161
-5.457041520119737
-7.166184284677015
-5.604968366566789
-4.415940669129233
-4.426200564943834
-6.449978494995057
-3.835055517733405
-6.319693091123074
-6.144259609784475
-5.980378107010223
-7.582888053244784
-6.845768656528431
-7.511584952621458
-7.053119020431001
-5.259440962984629
-6.190299056238585
-5.831845957016871
-8.618603825818575
-5.752916431674017
-6.693152809695974
-7.055472543540536
-9.423091105305462
-5.737579352294497
-5.090061142081743
-4.476429801494700
-9.736683185352165
-7.883254791027182
-6.626534600373334
-6.856418315677282
-6.621049125547944
-3.223926136635398
-3.742944133762061
-5.973258675329399
-7.045463450191794
-5.518540771159222
-4.979635688075970
-7.464249543342190
-5.730721278373972
-7.628942693984559
-5.750308647187460
-5.519803761727347
-5.673867678307278
-6.594700998095228
-3.520015071441620
-5.809814196042216
-9.071513031769742
-7.109020066962525
-5.855798383817886
-4.951357729194626
-7.217921402288201
-5.955871093026532
-7.494894550004523
-6.289810571687484
-4.743755857077724
-5.106312419888898
-7.165952033200737
-8.136679003185346
-5.530502240359653
-7.833113645974359
-8.018893355432947
-6.539969283539185
-5.510267502440501
-6.626396716379190
-7.869831674522143
-6.184557251912161
-4.405755011045853
-5.555584813583751
-6.263156625922583
-7.994809209601196
-5.562656982300352
-8.365152512077154
-8.694978821999062
-6.285555794425781
-5.536323742212454
-5.658716212645484
-7.717808233044465
-3.922351180703041
-4.199359758094231
-5.529732073339138
-6.685619512959300
-8.712633082120773
-7.471420251470865
-5.844098381485103
-8.485460540185693
-5.366692613708929
-7.080668625606431
-8.370704154052063
-5.736067015740473
-7.901036540078328
-7.557647646853705
-5.255188195534834
-4.646167494668503
-5.057006982506354
-4.423679466476882
-7.134234950726032
-5.044750983120513
-7.470491776067631
-5.244160582679242
-4.982444572666709
-7.109081633917004
-6.874706556034463
-6.900595302935856
-4.280013672062794
-7.626568521748597
-7.607234855552569
-5.380656503254812
-8.238179612413010
-10.655726196783323
-7.115376092208463
-5.876021854088844
-7.029263274919395
-6.245748012654937
-6.472454431324442
-7.368497648815426
-9.200883789868357
-5.122469916831048
-6.506850974052016
-5.139352478738894
-7.353724577239179
-8.764772883753489
-7.951604452440526
-7.413937186223358
-6.637071125097518
-9.573225775691890
-7.813682122929277
-7.983665229507312
-9.324580277963673
-6.736247655460270
-10.530597591471127
-6.416439423511126
-8.781790190700539
-5.902513768798361
-6.225557545158622
-8.032967402716830
-8.690808035300046
-10.808632398207187
-7.167476331750742
-4.372337595937319
-7.472984539633436
-6.547684992315690
-6.490293590507539
-4.624602855777678
-5.931553947611099
-7.160627611538422
-7.006834610754224
-8.021680024773259
-5.472878501804162
-8.253607259630915
-5.934148072067722
-9.339753266089319
-6.450670442885778
-6.274664275289435
-8.469089532437900
-9.884381235145002
-5.095964588647471
-6.967230817214470
-7.909295298034229
-10.393471570486190
-7.427574384716507
-10.537594322644447
-8.387195027548490
-6.113377507876404
-7.979437782467912
-6.852358148672276
-7.499077473016039
-5.928509877308235
-8.323752353525153
-6.955694720005842
-6.713191330932952
-8.131276305099350
-10.068420446772993
-8.397849898658762
-7.063854218559819
-8.295185600103963
-7.894727887472524
-5.904409179366178
-9.935832954471953
-5.350879055755123
-7.219224696181026
-6.482396792881763
-8.101881911897669
-4.623498655085224
-7.540576112980050
-7.867868689723855
-8.291555026510011
-5.942216796879595
-10.155084413776590
-8.695167632204727
-5.139908155398610
-5.884072376136465
-7.381716424648721
-7.861972539064779
-9.398370037324204
-7.122839660182228
-11.594882197259908
-7.533036526758217
-12.394700243015954
-9.664983243516730
-8.377790702473597
-7.334142649263564
-8.136101891054158
-11.137978272408944
-9.361226847200099
-10.917873972610431
-4.921900933422393
-7.314406950774363
-4.818273916036061
-4.363466205257624
-5.416891179661476
-5.646189623716138
-7.835087312910768
-5.226184690748822
-4.373382086005724
-4.694885604984468
-7.296978561727034
-7.779648443046690
-9.447973888890932
-7.449472519861382
-8.506548203448070
-6.992995539709931
-9.090202803727676
-8.498149355444340
-10.346133650317400
-10.413485138539173
-5.045568601480332
-9.643441204140965
-5.472709548480037
-6.605242669430043
-7.925354360598208
-9.065647290116315
-6.439219252362856
-7.681583969079310
-8.490633569831349
-8.255731111108012
-4.829457172861591
-12.625659609573670
-12.327412345685918
-12.070960690901595
-8.916944424664710
-10.812732066985760
-4.466305842074014
-7.037503428056506
-8.189028622996542
-10.361309270156831
-9.219382157093763
-7.391648733442286
-4.245732168385084
-8.644766911930731
-5.357887249352805
-5.648617163177906
-8.727171845579351
-4.532744521887762
-5.496936745536678
-7.087055533624554
-7.856918311049268
-8.365666998010152
-4.364416372919258
-6.701334928675582
-6.170664428969440
-7.326353164260480
-7.116368846162275
-6.204714626021842
-9.880490168908926
-5.595865304009328
-6.603481405109521
-10.962828667239513
-8.441022731110262
-8.614018790115699
-10.046180704352485
-8.229420000758127
-9.319602832932173
-6.190654555145238
-7.793043987299884
-10.283907753692286
-10.393159098914332
-9.397810954442949
-7.942280141213948
-8.648957484617080
-8.269722515205075
-5.941752896924537
-10.724010988459980
-8.213305443640206
-8.865664655671459
-9.762379809635783
-8.064240867049959
-7.458106801020298
-6.693428006330286
-7.898526940975071
-7.520365694847621
-7.041766558049376
-6.051670972186382
-4.359880817280390
-6.305578499977282
-4.782487059043182
-7.421533612885195
-7.184617615901648
-2.253365801062421
-4.261723122787168
-9.777591836510377
-5.625165104242710
-7.857580603637222
-8.588536466129161
-7.402616898769555
-7.744454990650849
-6.382846161859913
-5.572955932526369
-4.173869082299157
-11.422292052286112
-10.452819179275091
-4.022937100990223
-7.634202103098350
-6.448836844544436
-6.759419833047666
-7.441281469600963
-7.511866877861763
-5.480838692611927
-4.576456375888089
-4.150911662575286
-4.772224113721858
-4.170556758038707
-7.110511309255606
-5.554148725440301
-7.144987058391026
-7.877848375841923
-5.870792484350420
-6.242580516142056
-7.124576518755878
-4.446876986108403
-9.864509980661799
-8.991843337295148
-6.066173551801588
-5.072540971395647
-7.606982576558356
-7.976079438612361
-4.549854954636753
-5.112534808688079
-5.452085437401870
-10.257164191894846
-10.098417635224523
-6.601182004618143
-5.554233958015059
-5.064803062780381
-8.047445317157990
-7.050146195977687
-6.396223858325780
-6.000353483200121
-10.148326365261616
-6.707628344141128
-8.361228772814966
-10.093876725682566
-4.456952660467561
-8.933909384325171
-6.494820354951591
-9.644862097376357
-7.649668955987432
-13.703916469341946
-5.746185390283086
-4.481182201106125
-3.324889274101587
-4.775077989455611
-9.953488884513108
-5.783399318673399
-6.466585553319108
-5.611723964348402
-4.946475515399428
-4.402410770724894
-3.436264689437348
-6.610136008862071
-5.604589486032745
-6.145004777650903
-4.942003988044987
-8.016662730304382
-6.624737244669568
-5.507860330203240
-7.355098285038903
-2.429924294678396
-7.230030511799717
-6.344385133651640
-5.603394909712924
-9.340523813869781
-10.307886538627809
-6.902854854135853
-5.953746351810052
-6.783990331901496
-7.222323872069217
-3.324482510327770
-7.892377744747147
-11.457637605980620
-5.026546468216076
-10.320976129709118
-6.591477641708794
-10.808975323134087
-6.948161610237595
-8.946908043634785
-2.550367349529925
-2.241921177750387
-6.026967653175545
-5.623516048488390
-8.140510597743896
-7.908881964630972
-6.703904725638258
-7.316358069685449
-9.238079038213668
-4.796165002579125
-7.385571366341276
-6.103716056327853
-8.599859839008721
-7.892725688283845
-5.290777276207310
-6.250622856123122
-6.901572506301311
-10.858785957250577
-10.169062280255154
-5.979797226464771
-8.641295340117571
-9.307058737191173
-5.922382979269502
-5.414966761163232
-6.295895170596313
-6.678955477221538
-5.887656424560927
-2.906228218501270
-8.523238148138281
-5.884999829521207
-7.123555469505501
-6.212134876498345
-6.548879621283096
-6.198325023684221
-8.703540393736995
-7.972525969389030
-6.897769417363271
-8.223328919181926
-5.910341394142771
-7.918207394204137
-6.732212681318833
-7.878301006913527
-11.153890366173520
-11.628815939767129
-10.607813630468110
-8.447393997074521
-9.775547502996565
-6.815253034133087
-10.532402274696434
-8.511236896346920
-8.187408295366819
-9.902458388193343
-9.950053118022714
-8.658575841234816
-3.428968663653730
-2.473014931440004
-5.303848934280854
-4.288896478721809
-7.968628005896268
-5.025597698771518
-7.492390077396340
-6.073134994306101
-0.994283387586269
-6.308826768214291
-6.209474782522854
-7.592201069147478
-3.628615279359504
-7.298923342541627
-6.573094563541781
-2.871923987331285
-2.818156412055227
-2.607654844638796
-5.674729774149710
-4.136378991995712
-6.006719474566959
-5.140581124993925
-7.677435844891813
-4.262085140992308
-4.858286672588450
-6.173355309009946
-9.610073249769066
-6.609852634992213
-2.839231438138872
-2.184488662637236
-3.703155671700960
-6.112212744325173
-4.730520236214008
-7.282695177937337
-7.961647816433712
-5.515034466220815
-7.313815659759062
-2.763714722551971
-5.127573878138286
-3.845305764962514
-5.048369244419825
-4.086066274521505
-3.932528163085580
-4.528378143775942
-1.053046914848509
-5.991716305762385
-5.158870185603146
-9.320446143547795
-7.020366829155236
-5.415399457466869
-4.307163459868267
-5.408699739691617
-5.551763791616762
-6.493578473810588
-5.860367606268639
-5.252007707086754
-5.519234560090600
-8.499983853732832
-7.262247819249757
-7.606118045767649
-5.972518513142514
-7.247245163963525
-7.625392278218616
-3.790251671153263
-4.057918839779358
-7.377017810445724
-5.635244439160732
-2.228853651185015
-5.492652166842075
-8.340667499862260
-4.490497185530643
-6.004667850372679
-8.403402070968726
-6.531071625295179
-7.587779561977164
-8.876361813339582
-9.329593326278989
-9.938353997628816
-4.031493496512535
-2.966978555317089
-4.892841646604160
-7.176666036687155
-5.958538141188200
-5.046605819151129
-4.777350446564619
-5.827527519738453
-8.230223528056495
-6.877618239808243
-5.903855641712326
-6.965288205327675
-5.940475681721178
-6.835447176828357
-5.954934959166451
-5.988620988401603
-8.823513582506530
-6.858226843106957
-5.311463324006415
-6.996513329147134
-6.633124989841491
-3.339248924350246
-3.118239450870066
-8.512426252529695
-6.649227877754806
-3.360276422780557
-7.770834858217459
-5.251653902286431
-8.659663553959735
-6.882522317643046
-5.845752918452695
-5.225117552291998
-5.913844467488822
-5.368122247780972
-6.167281512863269
-6.106642606205637
-8.123101721869796
-6.218787682089995
-6.679342299855526
-8.815095249579501
-7.302247444490344
-7.533088962743626
-6.799959241919946
-8.572007217554685
-8.002710360448795
-3.574685047592952
-4.482947198592902
-4.798324546614609
-6.104079089277786
-6.060003607131563
-5.316637365994739
-7.932897107079791
-6.064297347631941
-5.360383224001976
-5.033940293280245
-3.691314805345732
-6.576397685467080
-2.743041847439068
-3.039986050753869
-5.823300436852318
-3.808856160461816
-6.671680041726757
-3.818555835163277
-6.788496025302549
-6.877567543096067
-3.699958701519426
-6.543366783340061
-6.290926130771607
-5.452900583791187
-7.997591121005752
-7.113941855166050
-3.125034952179161
-8.440149827344168
-2.838631997765025
-3.099813933947581
-2.507938395487401
-4.374978239738042
-3.667620149554352
-1.915888648059323
-2.204815410317576
-3.731899143569643
-5.563664506339544
-5.733581258189747
-4.634510236751717
-5.433520124617356
-7.783211847258106
-6.583237155327620
-4.232645561236041
-3.723169427315714
-4.270870268037582
-4.051186893981357
-6.037010555376597
-5.478141586471529
-2.944239535312265
-4.265788232786929
-5.155401176707121
-2.093072652691044
-4.193220309771760
-8.930794069556763
-7.201429263114509
-6.136639150292765
-6.684501504231073
-7.113784129750193
-7.118240824473124
-2.171018045992077
-2.757707095017069
-2.541664374008052
-4.934070593114015
-3.836838201466757
-3.818520603492557
-4.656633797769942
-4.592516881909201
-5.014601238561675
-6.341812887077197
-4.952531009371323
-3.906531875830145
-3.911524801240355
-5.021612947292476
-4.487791040243983
-6.580436882532772
-5.972950872971901
-5.626953445473202
-7.003660501067084
-7.689052095833001
-5.683728310488733
-7.576580482321333
-7.155655114097236
-3.504950293243811
-6.196447715320085
-4.665322998451573
-4.855084990965151
-4.628990290880553
-6.313144882702817
-4.197559082025500
-3.104852996771839
-4.437454166660523
-2.517984423549288
-5.454276141048547
-6.460740941110724
-4.993305407851135
-3.406063441756313
-4.497081304802500
-4.028200260479169
-6.058072050179068
-4.082414330340240
-4.917244715488826
-7.349522937886634
-9.272438556066776
-4.460544339353943
-5.642235708022889
-4.096553427779552
-5.995522192282674
-3.987152381866788
-5.581063588311245
-7.036754509711910
-6.833345466895186
-5.371506323600332
-5.464882947394375
-5.234021961677054
-4.465539380066947
-4.057235557799596
-6.300749491211445
-4.238070871471309
-5.024809870761156
-7.883928954465842
-3.706299103689914
-5.699382399824563
-4.699164459788085
-6.223800516093099
-7.346666979470712
-7.557256476361450
-5.594782772396069
-6.309085362076944
-7.863349917900415
-8.684882648781315
-8.819177878677410
-8.212550964651330
-6.734707606169045
-5.886635931701387
-4.113853940190825
-2.519993057042849
-4.547768059595247
-3.029987570918786
-3.513601935034675
-4.107276107518605
-4.915361970853005
-2.513144644723057
-2.862013267276468
-3.102879136363639
-3.913393236332974
-5.326826391904741
-3.293823470710207
-8.089999259015682
-6.949355791363693
-5.878255014477747
-6.475057379567102
-6.693864753175570
-2.296622631487650
-4.711166500359166
-7.506153615239975
-5.866834509067862
-8.634892016760151
-4.721039813160784
-5.304389835131711
-5.198608542336932
-6.158839662916086
-9.174065138505794
-5.993702423941214
-5.072393168455852
-6.283045186354646
-4.181696433362018
-2.594995334949631
-2.869666231504994
-3.529348376409231
-2.924818145381308
-3.426247020036071
-3.953683007084040
-6.583392899678434
-4.719211300403343
-5.798098900420395
-3.918344740410761
-4.558167857817093
-6.650171763356123
-5.159459772263934
-4.986606463205227
-4.426893846908397
-5.128449137565107
-4.055441669484320
-3.493535923089952
-3.971622738898036
-7.218446585494565
-4.722291369994802
-4.559693773416225
-4.132370614120967
-3.596836103039542
-4.787209424800015
-5.044396332042903
-5.566298423655978
-3.528842509609007
-3.617234678713878
-6.038194535130169
-7.144434105979357
-5.814907160084399
-7.674583587139501
-7.432634030674653
-4.628882255865573
-5.262846947507534
-8.070541236491826
-6.129316462829358
-5.098199916551719
-3.321829466220164
-5.098308947143207
-7.422096462488897
-6.025956607062728
-6.924582400987410
-6.275325931400831
-5.250090339708771
-7.656951044536105
-6.506544458578892
-6.940125777111946
-4.634891705743056
-6.804761190731444
-4.905866333598107
-4.144638403692895
-6.111161264488873
-5.969797711784774
-5.166044702971331
-5.273012362457806
-6.819433321709378
-7.702282839560969
-4.759308428784013
-7.063426696408311
-8.022335518557554
-6.811598374877823
-7.794306293547377
-7.988148865386634
-4.223585150389350
-4.513205410565717
-6.530490085934649
-9.005522703598951
-6.149830268312229
-4.716581572840322
-4.696860028527132
-5.267098753257630
-3.993976003468777
-4.509878401252125
-6.719939369948747
-3.368411562978061
-5.222059883972369
-7.387841038191302
-5.105832903156233
-6.926117264574063
-6.391577964590208
-6.485514139377404
-7.511533257097344
-4.672789973418592
-6.859511428372333
-6.823443169218280
-8.570255443727245
-6.731913166125500
-6.456439141596841
-7.021705071356826
-7.675482206460049
-6.353587459551056
-7.496305583060965
-8.165404572769587
-8.036267226273747
-8.206885261145914
-3.691946016899716
-9.355970930531651
-5.959398767377821
-9.168067990470917
-8.918559519736569
-5.527507240157583
-6.932680216083783
-7.247208460890786
-8.114975781833319
-10.899861930129312
-8.212389026369179
-6.264099333778026
-6.395468283102497
-7.240372386438059
-6.404044242411952
-9.910585466349749
-5.091151197429310
-6.177644496297416
-7.781311667873571
-10.986096378959214
-4.678211677116665
-4.683260158400378
-7.255172636933816
-7.451687099378143
-7.287048801523687
-4.658155789698418
-7.186596447963598
-6.797477338524795
-3.676883550868502
-5.614954286789978
-5.971878108512891
-5.264906801621995
-4.394361899062893
-6.816176426605529
-2.272296116314646
-3.675563278183593
-5.620366459050946
-3.961474042090817
-6.513224813993716
-5.975255995724329
-5.204944380823453
-3.251442836908671
-3.454772887698868
-6.693845771374801
-5.718876031548411
-2.763714722551971
-4.678547566308150
-6.130232077558595
-6.959330642106702
-7.368892482729846
-9.063903980719642
-4.223567447755193
-4.944819130169856
-5.384575230114781
-7.049785955246542
-7.011188257882295
-7.093047332408933
-7.908305237897882
-7.723329791380419
-5.012043620962960
-5.689311886479424
-3.427545471935315
-9.373219174466922
-3.791581251112608
-4.672554624068227
-6.754790948443824
-7.110657316037731
-6.662198567620551
-6.886290287463400
-8.241109119186540
-5.533611909740362
-3.641724373186049
-4.937468964699071
-5.617423152376677
-6.396254402913414
-7.267237049793820
-5.129374817777154
-5.624438119778804
-6.215778971793203
-6.773736650032734
-6.140435578210192
-6.662614842658447
-6.614313333959912
-6.807850579220467
-5.194396332244240
-6.010440261004777
-6.540610516121324
-6.936119260855433
-5.687334821010613
-8.273011399114825
-5.792739356624044
-4.998215848805759
-5.013214126768307
-9.054375748690223
-5.435392297250516
-7.029157805654148
-2.977159389123472
-5.827779056882290
-5.295450873948808
-6.957806563042084
-8.975994073882058
-6.641125279366351
-3.963981645489649
-5.859867642722191
-4.259612351134677
-4.312310907283116
-6.335796923052997
-5.109753762043383
-16.156407060767911
-7.421785495847981
-7.331972391686838
-4.706676909310413
-6.423090493255686
-3.405005852564241
-3.530808377368324
-5.126887566401003
-6.843220903077080
-10.700846692023676
-5.811266596216868
-9.446100520215115
-6.984495454995278
-7.308521658294921
-7.359232483049530
-9.087353611764838
-7.079665095433807
-7.871228057168896
-9.061330790174404
-9.248506374422142
-11.148026279419023
-10.606062081600495
-6.103741441078662
-7.703588081645448
-9.055915124341887
-5.911596485977991
-5.299354300513724
-3.034616207316351
-3.997235702529256
-3.734338464244435
-4.209954073521057
-6.831309863871539
-2.606951533583222
-5.521635606570731
-9.769188349001627
-4.890860139911493
-2.057495893831919
-7.780806918563597
-5.599575028218362
-5.184945607523193
-3.951682038531832
-4.721516223152434
-5.918914074951878
-4.398015703024710
-5.974841143713160
-5.905700215635178
-8.398378289564672
-8.232256407222888
-6.778670743512622
-6.447396159129917
-5.547738750467795
-4.902827835645995
-7.348742949941244
-5.941868716249052
-7.696139282994884
-7.640432032507732
-7.293185695562776
-4.758986407280828
-6.053170911251725
-6.512847169971918
-5.703874248836517
-14.270534805942830
-10.441260220171264
-10.502439814571613
-12.533515247770094
-8.662900265668526
-10.183639451823019
-7.729266862974956
-8.424215841719237
-9.026984944090138
-10.446731859916648
-7.641516587563145
-7.096731780929731
-5.544047419109362
-6.098207432658469
-6.377206439785259
-9.062492835590044
-7.173559708886707
-7.911728446731302
-7.141642024376177
-9.163486375097598
-1.840372659341326
-8.313503842796294
-9.118993967618525
-6.925495120180879
-6.461369625621717
-7.019941365572125
-5.147396204945751
-5.147487586148268
-3.802313986365852
-3.637374693374706
-4.960827427613822
-5.241658326076548
-4.376050266587829
-7.331447127313376
-8.733011782174676
-3.489939864646368
-3.808551771847765
-4.480794491716289
-4.155848141301181
-5.123858120806356
-2.347656944937285
-9.316222968857801
-4.807092296805032
-3.986514427747283
-8.235269684847104
-6.451609334884716
-6.719085727624833
-8.138715532709192
-5.888848746534706
-3.287268184079597
-5.951592521831470
-6.286483075787689
-5.990290809805085
-6.018992069246552
-10.389388670109069
-5.331256290068582
-8.645070872601222
-10.763077236508607
-11.094008891232749
-4.590449860018458
-4.046286234800304
-6.917364663064113
-7.525009537199271
-4.954084703338201
-4.272297890242941
-6.823910101735827
-7.158012576528324
-6.989631024013870
-3.933634859430402
-7.512627034481687
-8.500390157201387
-1.644701764788831
-7.361121402391030
-7.315124333016020
-5.110642317460917
-8.089113849916997
-6.810417960753250
-4.905276973265337
-4.896537070574780
-7.012783554326615
-4.013414103383953
-7.721700551873465
-5.506507643187026
-3.382594443521881
-4.084183801097040
-5.523454435124317
-4.417602493068368
-4.680628138008372
-5.736875756055612
-5.349135713753183
-6.149078741981891
-8.690803781757740
-7.532751420023985
-5.348982911522392
-4.079140002537967
-8.170895164800310
-4.544788791152575
-4.366579456814486
-5.629503253652521
-4.744328872508353
-2.352128234693768
-4.792490974137190
-6.641998073016461
-5.573458583054318
-4.814341564413971
-5.588034243690293
-5.490348481281988
-4.815760501729298
-5.207489214566579
-4.171779363746040
-3.453259902030129
-6.248368864407048
-7.461684480492530
-3.997032141529289
-5.526604273476807
-5.895961402932462
-8.082051132017423
-3.772320557268550
-2.436044535004187
-5.220211808600588
-3.883327442064943
-7.291086678419420
-5.746157200281560
-6.137415176649670
-7.077431525542854
-7.647173761501462
-6.620626859068908
-5.640645194814480
-7.708010744952818
-5.633690299126056
-5.912627000340620
-3.272349130793218
-7.295635457050300
-5.990622065003443
-5.971599762060695
-5.285412086167960
-6.464920743000154
-6.318320960286859
-5.841213092970508
-5.191552453036827
-7.918965468016353
-9.034987482713431
-7.323979375855874
-6.029301365905952
-4.358280492227182
-7.541861973815172
-6.305465475741235
-4.118613585510245
-4.004624980968576
-5.671821870290988
-6.829324302959299
-6.022198444476188
-8.585993704067990
-10.393013384806295
-6.273965819257144
-4.003120132637680
-5.710976807921189
-3.616354910832911
-6.368966997850407
-6.985796965057626
-3.923459870645612
-4.308990711134937
-5.931394697327756
-2.626904012921273
-5.128312173154594
-6.541040380198068
-9.132531011853512
-8.192281307589212
-5.376284473911368
-6.452357897700540
-6.042313466455186
-4.389645247971361
-2.898940645091884
-7.370300368660750
-6.882577960703880
-4.446269392577352
-7.020975042824768
-4.318107417811954
-3.396037365891601
-4.685889139209314
-3.039673162374623
0.561056520143649
-4.943544124958223
-6.011723764968061
-5.658006602376501
-7.025860724966688
-5.774295731330022
-3.073382546298002
-4.111091984223806
-5.326857144244021
-5.166591478770333
-1.005630048779219
-3.034183563882055
-4.208074658242028
-2.395449967428739
-4.231181267597488
-4.483490086951377
-4.955822061952244
-6.014194340883511
-4.282769603656147
-5.915524590182573
-5.357496853998742
-7.603078704142580
-6.499567113109897
-1.369643326628042
-1.765837180609285
-3.956661253123706
-4.277957014534756
-4.718021429896599
-5.078574096662198
-4.687956614015744
-6.030976937847711
-6.197135301936629
-5.814637404810846
-5.405745419157306
-4.697876924244935
-6.479353366925324
-10.188634183433200
-7.139828249813661
-9.948089070593527
-7.175604230163348
-4.680469984662477
-9.446735390232366
-8.685209818526594
-8.807933137839926
-7.117163524690624
-6.725907480007985
-7.417107011204660
-4.340264309127835
-5.456058084394899
-6.656272642730635
-5.932437092141158
-5.392503549212384
-6.641438101801347
-7.230020887098823
-6.059900540809210
-6.247566845470895
-4.161686741772220
-6.267837678652872
-4.742973954276875
-4.556135826906714
-4.947302446021687
-5.642154922183933
-7.001776794984985
-8.664448259715826
-3.428843274401926
-6.024470003783132
-9.183376071510191
-8.356679283210291
-4.548751589468426
-5.958320404152022
-9.486074423197731
-7.944618250863212
-9.263298045130600
-5.773715236269911
-5.373817917143088
-6.298391590312134
-7.448108914586702
-7.240855535583029
-7.981127003376885
-8.259078171384255
-6.077950831029323
-7.087705592419185
-2.409046764812014
-7.420368729168317
-2.934420285271552
-4.941593340801243
-3.972575891625262
-5.284000242650211
-6.502588448783437
-4.282455126109543
-2.330125497510197
-5.594280894060003
-5.530428688451371
-5.571572340701770
-3.256282692108086
-6.479273122233799
-6.597679256556630
-6.176507122651103
-7.504063036582260
-4.341168953024695
-6.610272498369435
-6.991951012282940
-5.648189157618122
-4.593353682449558
-5.843600003250185
-5.380451815056084
-5.033863815467102
-6.004392771358035
-8.207966541010544
-5.625889145520146
-7.399304913040782
-6.776965978066064
-7.563753502448833
-6.175213762757907
-5.018874585670847
-2.898596649444669
-6.123178220640026
-6.535236761907120
-6.314680326649438
-8.177538874671610
-5.658363584325280
-6.106423141983056
-8.932461909190256
-9.374944926244483
-5.625064262454479
-3.923842350144652
-5.303647417695347
-4.950763985502539
-6.292955108949415
-4.912203878874544
-8.488937787753944
-6.198134028241783
-6.197561527581615
-7.621508539566449
-7.424732730336743
-6.887253657943390
-6.070274482745813
-6.354710876073331
-5.760124740378103
-7.810348131855240
-6.052363777932887
-5.461525859979383
-5.046185538442459
-7.712579385141445
-10.249831643476536
-5.821337849072290
-9.198959807282801
-5.023593774561076
-4.659929344599498
-4.614300459613424
-4.082668324423015
-1.946000139306935
-8.165665085899716
-5.065854168301517
-9.097466472577135
-8.894375496719782
-6.413069621218200
-6.731640428317979
-5.523614839204664
-6.552329205287398
-5.847198662394518
-6.530793106597485
-5.637328582282109
-6.034838527422401
-4.864317193183974
-10.847089473083111
-8.996637173596417
-8.561150179913835
-11.709869965692929
-11.273306696599709
-10.034822980588480
-7.755239346896067
-7.669500472104682
-6.989896563658577
-5.008254803421238
-6.652635705074421
-7.224168901274675
-8.988440640145296
-7.373003561411029
-4.240237000107470
-4.855191103301928
-4.223941442822968
-5.634177071134444
-4.018425208241676
-4.323693778228954
-3.346582543732338
-6.917298298652752
-8.443484993036353
-5.551149019215614
-5.002702110152740
-5.168142714903572
-5.024494227558386
-7.622139790325915
-6.685396480193962
-9.189679624916655
-4.592662973484073
-4.724243773384568
-3.007103357224015
-4.440355809981091
-5.964990413739385
-6.122829823987186
-4.718454481008481
-4.505007719800735
-5.028414644409228
-6.942123873088690
-8.262663327451259
-7.688481085888103
-7.125639402746738
-5.047006660165128
-7.876679872013955
-4.852726875781873
-4.520920066512461
-4.152451820580943
-7.514154434133848
-6.869553760582279
-4.189781441502673
-7.905890786274439
-6.451174109876603
-5.597654412139153
-3.951847152770711
-5.039268598889897
-4.994066909370093
-6.553904863901606
-5.302871782012154
-5.452395405270473
-6.763231457682705
-3.478938959383232
-6.633166819886698
-2.527828853307637
-5.876777408297620
-6.587837327829983
-5.073760899969851
-7.392352466153643
-4.375207616118419
-8.830755830449235
-5.179861923881617
-9.249547716843413
-7.160472386804300
-4.515618388565200
-4.977545353349707
-6.595968139190009
-5.431047211299595
-6.445087571045248
-4.868253888601673
-5.009933369737124
-3.747865706964062
-7.305935693128243
-5.183490366388384
-6.543265748662781
-5.134618563694209
-4.958660890344643
-5.923476420201515
-4.965264282275200
-4.380971555310222
-8.733987103090060
-6.232058098578380
-2.929223537156565
-4.670581238390885
-4.239279846411328
-4.534613739650739
-7.797195792762324
-7.504312485430097
-7.908043002429930
-6.065335446220588
-9.558531054812422
-9.291251047599076
-10.449055724864609
-6.328809772889572
-7.736665164054087
-5.775981968377928
-2.617262734238670
-4.907596063726968
-6.149439631915255
-6.619050907478445
-6.011821087276557
-6.496735191423151
-11.159608019254190
-7.833995617496983
-7.315005134886147
-7.176629592661512
-5.991832737483847
-9.709526683336193
-9.998854769757909
-10.666068411681550
-3.552002379038598
-8.042900609561793
-7.428106585694267
-7.405097032633367
-9.725313026642468
-1.347405589131914
-1.272881857499964
-7.229726291093791
-2.863913902615903
-2.583193128177055
-5.061490722533366
-6.956447825497444
-2.680477550934546
-5.344395405285336
-6.077478750963473
-7.349067167199745
-5.854796872787720
-6.412490357490356
-2.245422343955270
-3.610755487361425
-6.853374436262878
-6.342756259768398
-9.887314798784374
-2.209644453585613
-3.049800145572912
-5.799964993124926
-5.903560520183287
-5.159700180617187
-7.626536166256078
-4.476989225382041
-6.145241658955840
-6.067010528253360
-6.372533779717131
-7.042621881209288
-7.739841377696687
-2.791558643561433
-3.537569238064658
-4.024379675075311
-5.752957847533977
-7.095184055063435
-5.364440436209126
-3.084270495790595
-7.693990989841058
-7.524608049652123
-8.843411134041784
-10.795121083517740
-6.863544338151899
-8.516870433820415
-7.960090678863877
-5.025960735717529
-6.385520610690000
-6.233426825196978
-4.415798129827034
-6.161941298790016
-5.850975954009095
-6.303324050550957
-8.306964127094044
-9.203970074094222
-7.050261630818390
-7.997895033297733
-7.975496739215316
-7.162114721324541
-9.127780256690935
-8.028160182082088
-8.764135778870573
-8.982493291410989
-5.997165328541827
-3.251069208046594
-4.515936218993239
-4.432662066954977
-5.534945518974462
-4.357064551384854
-8.409868115867699
-4.036602845145309
-2.611188586526476
-2.766496239658866
-3.923887812834989
-1.858644307796110
-4.082302381528965
-4.124473961971768
-6.352939319651955
-1.118204641261536
-2.235599677043612
-9.415400328909060
-3.760777409066329
-6.765143092341894
-5.056580944616456
-3.179682749127216
-4.174895036751699
-3.390281499519806
-4.384877868188839
-1.581234825005522
-5.264759154413348
-7.022124946063059
-3.402868154341378
-4.100291196724003
-6.204617569524049
-3.827306022425464
-8.194888071350418
-5.292249721861221
-3.586251095863934
-1.280917426098514
-4.520122334974997
-2.749579997691106
-4.124691659758908
-5.043192935109555
-2.653060537301009
-8.483114387569772
-3.597005861456522
-3.769297861695046
-4.571376785992462
-4.080453290985393
-7.021580621948820
-6.744491454857620
-4.753430226841703
-5.207988446665039
-8.426936340443135
-8.775672914846012
-10.291933221399788
-9.773787818292003
-8.672784036406568
-7.726068417031230
2.864807152339519
-4.242344793733800
-7.055426350711536
-3.786342890037575
-7.897659516405732
-7.073213844707270
-4.208165269799419
-3.986074617088109
-4.398523949538364
-5.892429159464176
-6.691730219113746
-5.616474656500903
-7.225112563958612
-4.275758369723094
-3.468204309157622
-3.915616298401656
-2.283746174103964
-2.611721136540361
-5.189494221968615
-5.082788138110061
-8.496951861127648
-5.567484158501934
-7.765546883428487
-7.088518382995509
-8.334465137632924
-10.805144672430799
-7.270661983237865
-5.790564369411630
-7.247022249936043
-5.586367180981392
-6.314907502702931
-7.851776031198178
-4.325863592291453
-8.381629566087655
-9.654452378631669
-3.950699926689858
-1.800135166267745
-2.705313375720557
-3.398551088998814
-4.037159826170652
-5.087478955189009
-8.133221871816515
-6.339805111272722
-4.285948010920788
-3.174255806946989
-4.738353256086523
-9.130544170550268
-6.858309296064669
-6.651740411103410
-5.874830519983603
-6.542428893886551
-4.956362513657432
-4.732153559613234
-3.697099244363985
-4.083821896025787
-5.781604313373290
-5.113556475614275
-2.766242637034489
-6.425442761266442
-7.092885130805954
-4.777515030493055
-3.932590823787401
-6.294613122612136
-8.559656484110272
-3.567037563340195
-7.341801627803334
-4.527170952072241
-4.359293368678387
-10.017585266749519
-1.882960832122321
-0.380802284207053
-0.607633728726768
-5.329067076328582
-2.310069895981782
-4.069220582489046
-5.791267183588869
-4.128455653529839
-1.765938509233613
-2.546070407942271
-4.161872583403143
-6.433194655338773
-6.619097248189100
-8.487278191511590
-6.064589718628461
-5.007772103283119
-4.640125869067457
-3.410386219133349
-7.842286511877695
-6.169488345546964
-5.830647039301774
-7.067092315979671
-2.821598658466244
-4.559450509961763
-5.234659048413405
-6.155160538331005
-5.145176083922700
-3.843680022177392
-6.664529277281289
-5.558532807042429
-7.516257567094205
-4.570658424131473
-3.237855736996897
-5.928715643294397
-10.680977820740198
-5.818115178894510
-7.211453816288751
-7.584169674634908
-6.431371587045657
-4.906542865246331
-11.163118078031076
-0.052652557369880
-2.140741582532693
-2.727230413448241
-2.724688645458188
-4.552764770368936
-6.304738596433770
-1.373998576152108
-4.790075314662870
-3.958812954579209
-6.279140242636672
-5.669045090027216
-6.769968802501236
-3.665404263797659
-4.605579778644127
-7.108602436669608
-1.248998193769126
-3.999108869673545
-6.951271819683861
-2.022367834754001
-6.564876447493288
-8.056783261196271
-5.854441545726992
-6.027422351788748
-9.131374839653999
-9.591615287764670
-10.275336947598733
-12.469456702000068
-9.203007814337200
-14.796147473079872
-13.999569527917410
-9.934016601482414
-13.532295416293302
-9.386829290393360
-15.764465604308779
-11.548365474409689
-13.222403585743622
-12.768882889259944
-12.066169803514887
-7.455539255569508
-15.873684191540519
-13.595990163540339
-14.904718583656933
-14.869889513039141
-11.878621103580032
-1.859209223374698
-4.430371813426978
-8.649300166622094
-6.217560139069911
-8.337741282822721
-5.396950119993725
-6.277304772243912
-6.789002296514860
-9.151885317604853
-10.796432261593839
-5.816259803914956
-6.273565118188495
-10.339855754476776
-10.797967999903994
-13.084248014035854
-7.982800228356050
-12.466862698835325
-6.206255592910793
-7.787690005744494
-11.194720854445116
-6.649442610532882
-10.732390272973429
-9.682058175915678
-10.012316077698193
-8.169762969262402
-7.118811522567047
-10.920738463944041
-12.553537989771117
-5.300535212310880
-11.506249707912861
-12.829200160465454
-8.686645144456037
-12.513629853302962
-15.030433975379992
-10.264284922110335
-0.786899472308915
-1.865058289264640
-3.883953459309121
-3.283981549026267
-6.398815347589099
-3.780694158639225
-2.502241281712732
-4.955981756944630
-2.630413109263656
-2.997833938243492
-6.004407195051235
-5.616138177762444
-5.163781567455805
-4.265691391229209
-2.524328811675570
-6.603400787292275
-1.845819567888176
-4.345081883309943
-2.111595832262954
-4.248536569431018
-3.975648216615693
-5.847879405198809
-2.301551461984671
-4.924062498853910
-5.336854359823112
-6.611763806070997
-4.306498178575653
-6.013801688533220
-6.019830273652034
-10.064081468700039
-7.121394257629682
-7.633634603215728
-3.485146896940130
-14.369797498878214
-3.951634328962727
-5.278410678348335
-8.977215509035291
-4.577478779501658
-3.541703324698724
-6.601601587097225
-7.457798807697316
-3.532943810794707
-12.656830128922344
-2.934047019686131
-4.488502661799493
-3.627102833224462
-8.211092621226923
-7.168818488589913
-6.410859568312555
-8.273561390378338
-6.622765471737985
-6.565436508713846
-2.732828271596986
-3.237935713864950
-3.704852175645390
-7.172745869022312
-9.505669275434649
-3.600620000687380
-5.936845883625164
-4.573986709228326
-4.074625262687169
-7.968577549671291
-5.752533175720150
-9.562251377243967
-3.283951945544323
-6.154476317458616
-5.370792352980851
-3.946039052669915
-5.404603429326321
-3.927620572506618
-8.451255892795453
-6.738106767246237
-4.971150725191579
-7.056878719711667
-2.835944708106549
-5.970439605907703
-6.942695442678263
-6.636280623526507
-7.281966071405017
-5.558444685708633
-6.848730784714942
-8.872409484861056
-7.518136507637915
-6.971183066317979
-6.405534526321484
-6.225076687569234
-3.954882408898048
-4.469357760918388
-4.287135104072905
-3.877094845475794
-4.977098583911966
-7.244749632364447
-5.535532532992629
-6.692503562022597
-8.147937133590691
-4.194205364549120
-3.714950333529921
-5.876947807660972
-8.614872584608310
-5.077434502869391
-4.067610564624495
-6.792840293335224
-3.837100282737298
-3.363067539491933
-4.518580005566583
-6.524223858722671
-5.200365162728410
-10.862980981735181
-10.405029046395057
-5.815499876872599
-7.758865432826047
-5.565556968594536
-5.866965082524976
-4.527238655027131
-8.238130312093602
-7.050428498142987
-5.159441850179795
-7.808050556831459
-5.241485205495530
-5.080142661338273
-6.201499933775124
-5.692764499243622
-6.659551147608018
-5.105813006765885
-4.683888550643907
-4.341079487159491
-6.476186333267094
-4.199544775765068
-6.617890161672383
-4.765209141469553
-7.860149002030625
-5.479814100901884
-2.946921556516580
-4.430956180101933
-6.620236491465795
-4.101635872100779
-8.429299732753320
-6.303722877679851
-3.680876629661429
-7.890330952451234
-4.659170097665569
-6.703636176462918
-4.598319951428615
-4.243129922543731
-9.579151767629769
-2.825358807339552
-5.163167586308065
-5.437077743467241
-7.636380586403591
-8.121876739895480
-8.295472411505239
-5.905679890938003
-6.559797240983449
-6.215661622526131
-6.089683388456943
-5.291245196308642
-1.958567835319735
-2.904830648568245
-5.486051713670558
-4.960492741586356
-6.911945282663736
-7.859814699203114
-4.743412828919611
-7.828302517825793
-7.999752587776721
-6.046509581843639
-4.123873241435625
-5.279944229020895
-5.613391661303440
-7.854214428835361
-7.285146542951615
-9.135607388325164
-3.771103417473956
-2.480434499119491
-13.032624497269007
-10.497895639749311
-4.335629762517901
-11.338001771271550
-6.234451093089827
-5.195257136394639
-3.114942543407531
-2.136379779729684
-5.615128415965220
-3.035341892965521
-4.099168811582956
-3.659927701199921
-2.309892560543669
-5.655266288939707
-6.004600551778537
-4.096753496511924
-4.097951972124432
-3.634541357185246
-5.719141436211908
-6.944456702464062
-2.655411257421286
-4.719597169694771
-5.155312326949518
-5.765955463821196
-6.615972615478348
-5.453727914695768
-5.400712694095341
-5.444172070735901
-5.592015315389011
-4.389200233674206
-5.304538406591560
-7.266477361523537
-5.022796631647815
-5.043297037094117
-3.445196309082841
-7.345098358656958
-5.664525441979360
-2.866461091629783
-6.308817430744607
-4.205810176215783
-4.547007689724011
-9.866185201103104
-8.989216074775239
-4.443306673785189
-2.549442990581671
-6.415516805941725
-7.553294019004393
-6.157104962633726
-1.993533957750768
-8.127893490923181
-6.733877038756980
-4.310939272051316
-2.262966468666122
-2.868060704789575
-5.596656111505142
-5.040620651929363
-3.865726844885755
-5.155456296553852
-8.233371187477589
-8.302046602432684
-8.370090912143311
-7.301611195932660
-7.744621831840369
-12.355841650413446
-9.354863216857172
-4.935015571945319
-11.090329033247656
-6.137171440563754
-7.877476091680808
-8.838367530069114
-10.192734694367307
-3.150021007360712
-4.991718568302403
-5.525619198634710
-5.014184065240765
-6.288130135032414
-6.976156314517102
-5.176676994888028
-3.969486991782541
-2.285502591350194
-3.672429479842413
-7.733207627961238
-4.279153474493414
-7.043909303182836
-5.048497874473681
-3.597524074033437
-5.114323346808239
-5.048794410173968
-4.099498442227256
-3.982435726296109
-5.904962118417081
-8.266311134192492
-6.863061528749307
-6.466150727159890
-4.728700243146736
-8.214933339597836
-7.988113549840970
-5.209276372790468
-7.180252365612338
-5.147005563030661
-6.732068133098223
-5.084575367966742
-7.457993636607217
-7.657883371661852
-7.449698059227154
-6.916785572108200
-8.337459128049129
-4.415490135258926
-5.047197020237786
-8.239150324429721
-6.243961867346254
-6.322413019810711
-5.140502177040513
-6.524603060075807
-6.133182804656991
-5.394496094676271
-5.184996729589036
-4.907427514293444
-5.548571515356123
-6.038279036826318
-5.100661948827252
-4.856274036166828
-7.591885105756138
-5.469417604645259
-6.724911483015153
-5.928408319883709
-5.471539408300158
-4.513653873150927
-6.563905337297676
-5.324229105532274
-7.016269546555836
-3.330584781002443
-6.129867559749157
-6.421067953142743
-4.999090177349857
-4.353084099593722
-7.533833846739358
-5.785244142571914
-5.882059061390724
-5.476819841274634
-5.100072681924785
-7.788787769785767
-5.155555455969338
-3.598797839227213
-6.280661370683654
-5.879849814566830
-6.003802392946893
-7.031470855710805
-5.669365117466600
-8.090953706837658
-7.139649333180608
-7.109615190124502
-9.176104837050616
-7.837875376449420
-4.952985331518818
-8.823519738137772
-8.596643259414087
-3.622755884448672
-5.138753063554141
-3.435557700009743
-7.898125566570691
-6.930736218154860
-4.143519803225671
-6.995471714844306
-7.031703407024517
-5.518838138301639
-6.877623433000659
-4.734700726401492
-7.211764804284368
-4.795848165726213
-4.368448979582290
-6.327251892414798
-7.811521273347838
-6.835104796348579
-6.854231283767535
-7.233486791890837
-5.842204635352767
-6.816076779975003
-4.261332321236199
-6.941529994064962
-4.384854017139359
-4.025063879723723
-9.129576079006085
-2.895171596346345
-6.991399027774481
-11.966978498967485
-11.411109966450747
-10.388406805508541
-10.939377080018184
-8.073344609811389
-7.675159018462307
-10.709434344123094
-11.858757906638768
-3.442009401515124
-9.591623090659146
-7.966479918225076
-11.468560263196645
-6.117610925559392
-9.355723443429689
-9.178144320783279
-11.204184982989798
-5.536018780591347
-7.308846777374656
-7.784440976162005
-7.179948507723811
-5.173071032560647
-4.363587655391989
-8.007688173096739
-5.640104636562122
-4.836942196919585
-3.636132936685849
-8.787609678015336
-8.983854618496601
-6.677266137573008
-4.099477669666336
-4.178049613621370
-3.552644803397933
-7.158061681154669
-6.743087040931250
-9.402057285228459
-6.017223852146209
-5.537448528586076
-10.006086100248027
-7.835855003859541
-6.771970071210873
-4.523400821793610
-9.398120999519310
-5.960205538028350
-6.581601170794493
-5.721929319768285
-6.724250086693610
-4.115589048598327
-6.790835208197453
-2.617982957425132
-10.282253007170510
-7.455299865944498
-5.516430136489226
-8.924171685041800
-4.954332128837375
-8.541125329441707
-6.043862966691592
-5.999188493335729
-9.212745831764572
-3.654264091458032
-7.683980793917419
-6.205123874487396
-3.706595114137880
-4.397932052470009
-7.464369853396996
-7.166833247706871
-5.345996964051571
-7.359994201935288
-6.405658893913544
-9.909357620145334
-8.303034285094929
-7.462116912258483
-7.093852815016995
-9.899283280951124
-8.391898914259487
-7.779064373117392
-7.004734867425236
-6.752910066216671
-7.871696483735922
-7.612325987105823
-12.446614189023473
-9.468951177138276
-5.752671516125701
-6.276971717305687
-10.335086088028275
-6.615199315496242
-7.033221497069523
-8.272442673559626
-5.906915377567092
-8.542062913543154
-6.614863595801797
-7.215587610050461
-8.144454348937060
-6.912689564446250
-7.721160904022535
-6.010987170645548
-3.895904052740460
-3.921472254181896
-6.565822894498800
-8.238208042621082
-5.139092437922810
-13.146563713919241
-8.624346352068942
-10.006196859721967
-5.858999425249892
-13.966382720977844
-9.520504329777438
-8.015969960293726
-7.781385404724497
-7.648882412266294
-5.769985715700064
-5.783752093761785
-3.547569840349634
-10.675793237917588
-10.859160599184110
-8.170334744173685
-8.901574365526663
-6.097425300090111
-7.840180640310123
-6.212143687457194
-10.945951811202455
-8.988889932583513
-5.126352171591028
-7.446768054910334
-6.735074492391536
-8.506781007808291
-6.030968720839021
-6.682314972887275
-7.546806145979406
-5.588569674249351
-6.784883601187293
-9.050923658919412
-7.029696384723779
-5.974642272418339
-10.110486675051897
-6.050887756877890
-10.330926096571529
-6.371462233614102
-7.545335369973719
-5.939507860007763
-8.399526201602514
-6.129128914703957
-5.334253393332533
-5.148447079951080
-5.377883702213390
-7.654591519429865
-5.829857503064507
-4.273357978897854
-8.403997196965339
-5.594152688467783
-6.505003160184114
-9.076078648185359
-3.520531608235211
-7.968819157617017
-8.043976911946690
-6.940388452669360
-5.046519453660704
-10.209905121154453
-8.882017673657250
-7.606070271156456
-0.557386984118722
-11.409494275172818
-4.123173519847597
-7.545655227609363
-9.284359043356238
-3.734667420719582
-6.580699271595168
-9.236457009252943
-9.351780781806921
-6.914324679576513
-7.278032530621474
-4.924345113417005
-6.783289398547280
-6.094313534081926
-6.436742141185239
-6.900735507372334
-4.210099085524718
-4.780367620208845
-5.412836524767309
-8.589483853540262
-9.633219038453792
-7.635139720785488
-7.380258251943112
-8.212483109829407
-5.219588160953769
-6.153620372397790
-6.764727713394445
-8.589007458850393
-8.839234566390088
-9.931257870182348
-9.611679444495113
-8.287937297122184
-7.097414703354357
-4.336092982486274
-9.146203502811927
-5.992384731892662
-7.427325217273063
-6.836197088957181
-4.945152945215629
-7.663046068148858
-5.899748802305581
-7.433684071880177
-5.065307858741092
-6.149425793230924
-6.309597264472505
-8.841539998629402
-6.041040982541288
-11.569143142502725
-7.746718723248405
-4.560185258976436
-5.106008766455013
-7.859352609129697
-9.386255105292884
-6.187148176553877
-6.280115305486532
-7.680905515781818
-6.274299257441966
-6.786644258421372
-7.904270268061783
-6.208040025994292
-7.406250678246787
-8.246085165012612
-5.708480378287386
-7.629208947281120
-10.138135033475162
-7.348953226965278
-7.177491846223355
-6.854991515864254
-4.898868820376014
-9.321395283240996
-11.702799728981718
-14.489735786251600
-9.491045272340044
-9.991800027594280
-7.948305361007145
-10.021803102112468
-9.505602662850723
-11.552341331213393
-10.686635591468111
-10.415171347824655
-9.142872696462470
-12.937180313066142
-12.576434445681034
-10.943321208240768
-11.730108397036247
-11.829200737831163
-8.980435400017718
-10.424358633918363
-6.947939851691928
-11.078548053278970
-7.465938252782061
-8.765163207481097
-7.284437750992586
-13.351733926826737
-6.597248332549499
-12.179426825295113
-6.055758580780119
-9.153804723024484
-9.735236280707248
-7.472031169852425
-6.821294050713115
-8.718270873066023
-5.280416572189913
-12.124492301218869
-12.087034603766343
-9.214141610767330
-6.111506055342224
-7.154884213214553
-8.496261017400473
-5.545364605772715
-6.543627731904725
-7.532658754536092
-7.217168952050849
-7.749135154264532
-13.017536640036907
-10.181409591961840
-9.133609509614676
-8.067125068128156
-7.157401645967292
-10.850312757757081
-9.205293453625520
-12.917228796528827
-7.432707836346346
-7.065985370215674
-8.850584024083817
-10.045173966582526
-9.102497954593927
-6.722344372523628
-8.132234880828618
-8.105406265974295
-6.751381821667250
-7.608055571094093
-6.295265828411528
-10.846869455176318
-8.599837411874946
-7.459400596842528
-7.641191144912234
-6.818309856542394
-5.848045973866218
-12.784882042415896
-6.426136031563789
-10.003727077240665
-7.426916605479111
-7.986048011380556
-8.936118447345427
-11.196519538236432
-9.526702042443047
-10.992202686243614
-9.757481839875398
-9.251105800632439
-10.651331800079321
-6.055547881047821
-13.638760619550935
-8.370062660362601
-4.415127027069090
-5.396315064779921
-8.203646056386132
-14.365669440349151
-11.423712216467671
-7.884891563273630
-7.544658986821971
-9.485289232898582
-7.932466901766771
-7.921297715440105
-8.613022815899596
-7.112474099579425
-13.790100234304214
-13.602868696579206
-9.971637775390153
-8.031183893274623
-8.285996247773635
-8.560129193486867
-7.675592975626067
-9.264444350681396
-8.369443403708717
-7.678901395110217
-9.045655853418344
-8.330305978977044
-3.659564965777337
-9.654248270353410
-4.504078827853575
-6.473213825771809
-8.324324266562121
-8.179841521369182
-9.352918402749479
-10.667066653729023
-7.871637971045497
-8.566292796975031
-12.609265366062761
-6.824155690182535
-8.084494047896747
-8.347936492894910
-8.402310023446107
-8.775697832623369
-8.847652412103677
-7.229299641022198
-8.309464760317480
-8.460598462973557
-5.953194330537882
-8.677109034271538
-5.517089694345293
-9.426209742237869
-10.244571863774420
-8.600052790269938
-8.683442604212646
-6.413208190784309
-8.327954702269244
-6.925266119710119
-6.592675007905460
-7.455389818173962
-7.277536972240308
-10.757855819728244
-9.022315962112295
-8.521205738451595
-7.141037869771607
-4.935857524234709
-9.284262544337770
-11.119081449141182
-7.411662036642058
-6.026529140736537
-4.235855761394117
-9.617400487162882
-7.673280992038355
-10.866093572193643
-6.525657462030603
-4.151421358838570
-7.941539905262516
-5.872659123048892
-9.220691332126707
-10.772389476263720
-8.889435381873469
-11.533169226574929
-11.411842481105131
-9.481261331400168
-9.611803900172067
-6.908346078467529
-7.921329828288751
-7.679423051259043
-9.488748732673821
-5.905171300402129
-7.525457232802737
-8.833649978983530
-6.942240369322373
-9.021464778763365
-12.183487438874756
-7.388356757153568
-9.878874792452068
-7.511764108796613
-8.718470036141742
-13.116525287457359
-9.176235367322381
-6.450649365286782
-8.240521947965066
-9.933245117861400
-9.089696495600540
-7.404174122797331
-6.828855709645913
-8.430393632981048
-8.387266102730196
-6.157284060604542
-6.458680966402088
-6.332202708742322
-7.459206033539838
-10.966934918762659
-8.214013130433502
-8.621464605741231
-11.126729138506702
-7.882176586452178
-6.870510873638645
-6.993620333178257
-5.023932782785943
-5.193623095730905
-4.895823079551133
-6.401056925148067
-7.389744139251209
-6.351662681254596
-10.012135353832566
-10.902808912245209
-8.268139253438610
-9.911673104726582
-8.731686370658053
-6.739838717588951
-5.243830498540984
-5.242436612545794
-9.115499174541995
-9.093976365201689
-5.162935626878522
-5.552581118232935
-5.790601601138572
-6.669627813353405
-5.557753465789920
-6.577257468307637
-7.427317046821480
-7.501848526389717
-5.490848406052727
-8.936268822630893
-9.499499949714988
-8.308157616884138
-8.480037759128763
-4.891233441395987
-8.865212815327217
-7.361044843304710
-4.799998570285604
-7.388090047064985
-9.121165264483521
-6.574375164217797
-6.833935303115876
-7.313909324663006
-5.151416195705925
-6.394222050280996
-9.206232188037283
-8.702663600149428
-9.488478490214128
-7.607665904507412
-9.348999101925992
-10.453907083845932
-9.202080064903345
-8.460524172803394
-6.371311501924127
-6.852818552564218
-6.368841228761728
-6.959771887850491
-7.323522168554353
-9.429114769020638
-10.124111404897221
-10.843967260355090
-11.757849063156522
-10.430516665473847
-9.567666243853644
-6.580897521731920
-7.208109650205122
-7.310459369410694
-5.492531448871090
-3.108278544145477
-4.506989045080884
-6.143556740368057
-3.630984105131831
-5.702059384838144
-6.938648083791102
-9.566390487917962
-9.205061764819302
-9.187348458180276
-7.408904453377715
-4.334165841266207
-8.981411999837935
-6.079105918470144
-9.621213779033011
-4.826106300225133
-10.510038165698388
-6.622452263458747
-10.395899183305454
-5.659774193819256
-12.245580459594299
-8.239502080296173
-8.324704166306610
-8.630619010311817
-10.134207842057878
-11.965069146330308
-9.284550113798193
-8.267784074329818
-7.815213488969275
-5.808295019891895
-9.439511443115542
-14.474303989502900
-7.240024944377918
-10.440676260130227
-9.928218561912210
-6.359719544764063
-6.180959114065396
-9.477467411553055
-8.935772656170361
-7.859913908326011
-6.689215423200019
-10.128774760016734
-6.919675683694113
-7.137539680719000
-7.869438566464161
-6.492009292708628
-8.359962151487284
-9.802329284329341
-9.195416309223713
-7.076918435294993
-7.277723042284059
-10.479492098978596
-9.553801063475399
-8.545721713594780
-5.749635839840166
-7.501767236007811
-6.628974136959435
-9.038082121392257
-4.390664959087725
-11.201817328635379
-3.968259142886370
-6.786901181913520
-8.988544526450802
-5.607721593509523
-6.531071682828502
-9.511252615196906
-10.483679212651223
-9.521034657549949
-9.218573780882371
-6.765491523947232
-10.236985815100642
-11.623139843913764
-9.738121954088754
-5.913681735432117
-9.439563340029165
-8.555846419128880
-10.553701300581649
-10.083157439684740
-9.731056899275046
-9.589274222182604
-8.010202979907005
-9.977016338612467
-9.449939417331976
-11.607489793071819
-7.676493997411597
-9.089059175354935
-12.102095062881427
-9.043166158616881
-6.078904928982917
-9.497130050373226
-10.064242908364566
-9.315329302028770
-10.054407046207897
-8.877092718358446
-10.844922590521712
-11.979152641809778
-7.309493684854528
-8.249672533811140
-8.491229985386253
-11.075581087443906
-9.532159980947245
-5.986149770403135
-4.871332304580823
-7.344175419702964
-8.392657037073121
-6.447093365712889
-8.069242427466985
-10.045517453825484
-10.602846611264747
-6.754659472758408
-8.338853563678745
-7.805310191422500
-11.178895164631220
-8.854489821468713
-8.605176760611309
-10.301070436443199
-6.587591361003049
-9.491948746487111
-9.725195473595894
-9.306668562175210
-9.829723706640349
-7.624946064025227
-9.814831598333647
-8.005931631147678
-6.494889754656838
-4.457975865854773
-6.035312320248956
-6.394001824747495
-8.818420203190714
-6.069365257672042
-5.553408436134188
-6.656781454070702
-8.102030939172245
-5.855884107409641
-8.101857146801891
-6.654665991066017
-4.664209478911598
-4.234980768598827
-2.136796140971370
-2.703993330686328
-3.357211346987845
-4.698338920729776
-5.633863648398063
-4.790927947698081
-6.640185988268692
-6.156191929256273
-8.838414473709204
-5.422482810762727
-5.706806596695827
-6.768402051702418
-8.396339563392042
-1.322347430507037
-6.218693247726844
-4.687532461650951
-5.425407096522690
-2.795608668080700
-5.872537292800557
-5.526234172500023
-5.229430458470977
-7.468169513188577
-9.706033340980547
-4.604762519694704
-3.689517007186036
-8.874961878871872
-7.585420331273598
-8.776851893469688
-7.132354156271024
-5.259017194791179
-7.599044547806955
-5.739752324239270
-6.523009145849517
-4.192944917992820
-4.331580136974075
-8.547816656491188
-3.967870853725070
-5.248564413412541
-6.972326667872669
-6.775014209741299
-9.020309094937440
-3.564639814211006
-6.525457701721543
-8.022251633317152
-7.311309779494831
-9.898063341550055
-9.554211606203690
-10.659001371597713
-11.034593990076404
-9.710160192237907
-12.021563253222375
-9.160821362643480
-8.858919869692482
-4.513303511179421
-6.128978487960085
-8.325756476583246
-9.382048426805255
-7.932237741062612
-8.324639088512745
-6.711252925013602
-9.095288022657142
-5.810504509608664
-6.875294354236524
-8.221919941383449
-9.903522314691896
-11.295278539079090
-9.124944120735131
-6.734035890897831
-9.740101297488657
-8.375105046956868
-7.806415095858755
-12.556253516849450
-7.253315456952839
-10.031430295546192
-4.617590727008674
-7.794585259965819
-7.983907358388554
-5.858917622625182
-5.457562850274283
-6.821780120875283
-6.719326812192785
-8.346259322281940
-8.988837955578109
-8.547155018968544
-9.607332706373828
-8.230322413623830
-6.607936511172516
-7.843266739569277
-7.957970628334646
-6.712241426310475
-8.097865160317234
-11.918568239853927
-12.077195651303903
-8.052896484085631
-8.150747002626494
-8.037113737310763
-4.809749287088649
-11.722896966027390
-4.795557868634227
-4.892589561507652
-7.016542050617668
-6.536325702743662
-5.310997146506953
-6.748766677169083
-10.211132853424900
-10.604413429760712
-5.172520276381334
-6.324366632426886
-8.279258163337666
-8.079272309601491
-5.840040912563215
-4.816891615721480
-8.529568106507888
-8.018537903327376
-2.284330857599010
-5.731012512612280
-7.755509357795188
-3.898921904071940
-4.569929729457459
-5.497885247325171
-6.535994262804831
-5.797380240204118
-8.327928722624007
-10.325844437126555
-6.539967443513520
-6.068712501767651
-7.369188282722690
-7.567600444338070
-10.035820395816167
-6.067947589627535
-8.512523874783511
-5.936953460183805
-7.477432025846565
-8.194153210157006
-10.045903598287428
-8.073216482262056
-6.981170900154885
-10.330415607621866
-8.329069687249284
-8.780696978918730
-8.282307553201067
-9.258462380131606
-7.309964878058347
-6.848960084467594
-9.631382377489034
-7.569707915974712
-4.884110491341246
-10.033604948400139
-7.649966355015046
-6.514383857274531
-3.727490546597464
-6.514327485495330
-7.345021362107104
-8.709853510973254
-6.909401330614868
-5.179822676394551
-5.382269969337588
-4.004220633916214
-9.052019838413765
-8.785696602129553
-8.831857026569551
-7.627848226516812
-8.210717972208000
-3.466341962059562
-6.510134255861121
-6.125411246536903
-10.933164165687661
-6.295334513642766
-6.538960729509350
-10.782200564659219
-12.355243991311344
-12.804255656381409
-9.961793604230472
-11.598573698736775
-6.934108564022493
-10.713271267611857
-10.615963031687723
-6.642352629164099
-5.450356313201953
-7.671421692150952
-8.883317041260092
-9.784047189247319
-9.698853292520552
-6.870690220555869
-7.455611300427642
-7.175932579038246
-8.824240491992974
-8.727609462512913
-7.857347646276779
-10.304205305641345
-6.019850441305266
-7.599719206352079
-4.718491381353159
-2.301116863247410
-5.650575657236958
-9.034638061170494
-5.072560155915517
-7.532003546923659
-9.719088418268145
-3.811996203553651
-8.906774334452976
-6.485292589133040
-8.721062962088563
-9.402872415094016
-7.730999129238013
-7.746764943391709
-1.304299480228829
-3.062339373929667
-3.952955050148743
-6.949898068352395
-6.066435865024798
-5.946590392986696
-8.884843301839355
-8.066908128430001
-8.178951363020539
-9.636598404951643
-9.962859397769458
-5.981698003698202
-10.901141315285935
-5.988954143081113
-6.324222545240446
-6.651713917186093
-6.352101738164949
-5.637087784514296
-4.276968456491344
-8.779528860135532
-6.122370763824531
-6.341373943898217
-6.035914311042925
-9.571950621297004
-5.746951723545359
-6.689732964100815
-8.345686311093138
-5.583856255124342
-7.724352813421090
-10.915892222764546
-6.619001060287046
-5.082679837724239
-4.461807221272236
-5.347108483784470
-6.423893853407686
-7.245655702175990
-7.770267770161445
-6.725236441451310
-5.106751187389680
-5.527952215730815
-9.953075155286227
-6.590670901633798
-5.533461370385869
-6.643903075468974
-4.739168339052087
-4.447363943550846
-4.545411615551191
-4.665049352493528
-4.117251642346887
-7.105439770160412
-6.204852610903524
-5.097614918127916
-6.317093754559130
-3.294514379068894
-4.368761344543768
-9.824027840820596
-4.598166697096348
-8.820144934777765
-7.031717777366898
-8.625188189329048
-6.369584835648427
-6.898844020157382
-5.837421038583257
-7.674493067767746
-5.107710895316704
-6.543404999159269
-9.670109836580322
-6.815897209863521
-8.216570216495260
-10.775775004667853
-6.807767458831613
-7.020961008997367
-6.910005828484796
-4.542102941054347
-9.599909151319631
-6.650688282174741
-8.205062088635964
-8.410691244612662
-6.991083300358796
-4.132735150418174
-8.815854994105273
-4.825533019055860
-5.915350091265630
-7.940019961524462
-6.240238585126725
-5.203273424004244
-8.404799293736303
-8.330392642900422
-7.436297750100908
-6.964453318255552
-6.050665849657110
-8.148803138886748
-9.052295294291399
-1.621166206259931
-6.580494329513722
-6.255101549026831
-3.393210308445722
-4.645022909179010
-5.102007062545489
-7.708553882644872
-8.503183582001920
-7.658900525808637
-7.982981756872745
-6.654351149188573
-5.894169767887951
-4.147862870160502
-7.887256770055541
-7.295240479330571
-4.423983944110867
-5.737186776633266
-7.763162566933967
-10.017032715339660
-7.139500082090723
-8.999527323656535
-6.548555590162008
-5.629660153877102
-6.636619030317879
-7.396950518635171
-9.073411547383794
-6.642042894072977
-7.953521829281397
-7.233691020437208
-8.193864392820752
-8.534691572477458
-7.350957667006580
-7.293762064921446
-5.181507756993383
-3.408884623575448
-3.871058860564412
-6.069580451546644
-6.280424202788857
-7.221906805640013
-6.875133365517817
-6.051940553900686
-7.870383754022231
-6.799310382018035
-8.569567244113054
-5.639627725879475
-7.401749707443203
-5.870856644518461
-9.233138358570468
-8.403713943090898
-7.272622077353251
-8.789551254169700
-7.578781904547757
-6.471470336002331
-6.167532246310310
-8.858393162694133
-4.976531364923655
-7.157107496853295
-7.729122940278674
-6.030205208472958
-7.173365978127842
-4.973253656616407
-9.743468629426008
-8.697897815951309
-9.126787502127689
-10.022878338331383
-7.480734071305812
-10.752965248908037
-8.523769787253375
-9.610859038082067
-9.118289263722103
-10.314604064308218
-6.746610086013895
-9.764363858889814
-11.468081473790734
-8.025057224950251
-10.256890340454660
-8.282081552360257
-9.758712910998870
-9.354735751208478
-11.151514870845331
-10.190392930321654
-8.048948927277863
-9.944823444513142
-7.510513319365833
-11.028660076209276
-7.173285677135811
-11.452917784557780
-4.990931630237342
-9.017639305178598
-8.115746254050219
-8.099145418644445
-11.103243913637124
-10.787105574652129
-10.314839723058395
-7.181995684768246
-11.633720148168372
-10.306151354902141
-11.010976435221682
-9.139864032877538
-9.024272321296763
-7.476033003999980
-11.256856835725200
-6.942099828056862
-9.798261504189576
-9.074184101511026
-7.827396949125682
-8.307781279767566
-6.377501039637878
-8.845995105589626
-6.620563075011050
-4.931328671726548
-7.276156223281014
-5.073079045403129
-6.482387983343049
-5.484516726849405
-5.522353102493037
-5.842965987656147
-5.868114871580319
-6.221291288135292
-5.738481424898272
-5.021621400451060
-7.198769563446582
-6.955852955827070
-7.286639344657945
-8.135200510884868
-6.738506340632137
-6.210842347186508
-8.592571956865099
-9.412997124759125
-3.900435429070803
-5.875855808416080
-5.065841923551528
-4.793014804884367
-5.343934907252826
-6.692604231504810
-9.070259805009162
-9.783892732747150
-6.020053096736456
-9.205331249148880
-6.183448480569931
-7.991234082853672
-4.835238662295489
-7.294238793309946
-8.948854109762548
-7.649772359085877
-8.912222048754201
-9.927392212518416
-9.153767449738485
-7.122567648104348
-12.559007524092634
-7.513149483141596
-7.118792400258470
-9.654527093003994
-9.863192661866922
-12.487530574057942
-7.710910545844769
-7.903148203726071
-7.093659919114969
-8.487206705024231
-7.816078648192327
-5.240080132964784
-10.112328437058700
-4.926892535878665
-6.265729380213855
-8.319233928010799
-5.508738373538130
-5.599109156326716
-8.355869437483726
-9.860599889736477
-5.363985229725545
-9.456466039279269
-9.148099467732026
-5.077185034161954
-4.389181413254225
-5.193120481905038
-6.715760858221745
-8.995680419298276
-8.069201845927337
-8.144419027487794
-3.435651362419069
-5.146950779175870
-4.944999745805278
-7.902969704078870
-6.468799517913943
-8.664658208866539
-5.787152747890011
-7.418802552981434
-6.632417104797601
-8.981049350714041
-8.107108516410372
-8.775541903039413
-10.591658438628304
-10.705970406301724
-11.971991791869899
-9.435293232310469
-9.330406831441898
-7.407201134468436
-10.124425361853573
-11.367437130399079
-11.766950294372636
-9.914217555904370
-8.269437387581204
-9.637020887088449
-6.279121738865449
-7.342299129892108
-7.095297025646271
-7.263742560359626
-12.752234889087571
-10.619564023811735
-12.482860732990416
-12.483489641393550
-9.264684064267298
-10.221190601169395
-10.076167567539283
-11.021532554881423
-8.059883069439055
-8.135097024602157
-8.742094422835200
-8.318201059696202
-9.858425797891083
-12.679716801798568
-8.636075970392561
-5.799030809148155
-7.390310588844598
-11.186245243016259
-6.256699346660703
-4.813659200450867
-4.787683546483541
-7.210619157223366
-9.275260955763246
-6.987463153726737
-8.469532906131761
-9.175752222636186
-5.412582985715892
-7.055103778872374
-7.816968488469220
-8.967963575945063
-10.559873770142451
-9.681089727691553
-3.862650801375974
-3.644000373455158
-6.221328355467572
-7.883391748007035
-5.710935411074779
-7.038352483954503
-7.845580768542652
-9.690858782676381
-9.248106673742253
-6.819052534019812
-8.575652735424175
-6.125375656209183
-6.439841121946253
-8.955112367198270
-6.501743740550501
-5.535896284557694
-8.004608301410146
-12.207112777514929
-5.581776850591462
-6.157950868976033
-6.531606781561963
-8.552112452033795
-7.341385159681693
-11.456815005393741
-9.565033295215693
-10.459648324192111
-8.268888609453800
-8.375103947816324
-5.606964408005291
-7.745348383672430
-7.502067232977304
-10.232458487625530
-7.702547148355370
-8.734957518397392
-11.118229285544206
-9.125051618622454
-6.516927305163780
-5.400746104380019
-4.412003057026500
-6.992966250388755
-5.672735958594621
-7.101722901412999
-7.835775851284578
-8.323983268607892
-6.730914780224037
-6.184168059277570
-5.392129946740606
-10.369750968053326
-7.091732757188670
-9.479013599199428
-11.732746791510870
-7.700483462016943
-8.118201242612063
-7.081259672546648
-9.490373009704204
-9.197529208064831
-6.178708551758869
-3.517369422126066
-9.310726030601183
-7.450701741219580
-7.117377160398147
-6.350418089245999
-9.480299518581676
-6.748568501823348
-10.045869420741038
-4.967605530791486
-8.621207680785531
-6.561500508463718
-9.550141511896674
-4.624126731847197
-6.271490558206126
-7.349185130684249
-8.225754242776905
-5.561526832161327
-7.574063794888128
-6.191326001329392
-7.324470788491232
-8.034524070966043
-5.813193767734853
-5.552952544802319
-6.255642769521908
-6.157796427339156
-7.148285941805349
-8.519923766715706
-6.509757961244505
-9.234372880251980
-9.149656881324177
-7.300289471692728
-7.935532441424235
-6.538794369580221
-5.518710404846137
-5.794457015694233
-6.293219399675322
-7.606950005122322
-10.475657594811539
-7.989282341885913
-9.004688088168312
-7.401468041035204
-4.704874900224333
-5.010783118297226
-6.496868363743872
-3.664327717075266
-3.698976961789348
-9.096572536119218
-7.585818956179734
-7.133574527606830
-7.501840602856026
-5.354033932687823
-9.471457833296510
-6.319741230208706
-8.864450600486764
-6.192328135934353
-6.377621154689422
-8.255867174301594
-9.108605456528977
-10.897216690794647
-6.502114994374614
-6.528006809932831
-4.755574197766822
-9.866977330595260
-6.796164073666304
-8.320797167122107
-6.178889405341537
-4.499819247193609
-8.371178004132432
-1.658624836355306
-5.315828177740697
-5.091510923435814
-5.564778728212619
-8.251978324125156
-8.096162795655863
-6.070222676859190
-8.908265473549420
-5.667729402088513
-11.059727563491686
-8.643536256162685
-11.543909326997161
-11.717646766226364
-4.310448801131579
-7.900967635177341
-7.698524132515864
-7.554675458764392
-10.279747095953407
-7.869932770637793
-9.971546880899286
-9.424933332051367
-6.360561256862361
-7.345916612241266
-9.590892719495514
-8.234075173893244
-5.317537389890516
-5.560019127870728
-5.400181618615676
-6.854883384562188
-6.598417999954043
-7.791146734885228
-4.814228316160122
-7.917590259401703
-7.681253251864320
-8.769351509964777
-10.072915215800773
-8.440346340812036
-9.323866842698525
-7.816848932875931
-9.312773958237637
-6.574536782019788
-7.212450900193063
-8.010540851331822
-6.161830455019395
-5.819068318588890
-8.303154765174593
-7.520898723841695
-5.208641393225955
-5.364756007682698
-6.207792727972850
-6.698826209354764
-7.189553383908591
-5.105898072350000
-5.817395520760268
-6.587026090733104
-5.731013220949083
-9.015138724724782
-6.568368744578928
-4.202517252741873
-6.255712928800104
-3.710230689953838
-8.464507671662655
-5.848161361748831
-7.639884787470323
-6.265677858626313
-7.699029915048990
-10.027506531604887
-7.221976628356156
-5.855073649209261
-3.109809331817222
-3.501172992610072
-3.853633363344812
-5.899262510471046
-4.611928569234857
-8.324431831655456
-5.396119444570204
-4.332254842831779
-6.160242087546090
-6.762265603699440
-7.721069827952342
-9.366006529186572
-6.461735074385090
-8.746074020788463
-6.006069074692928
-7.860032553102296
-7.198037743871629
-5.921711393062579
-8.033102340868163
-10.699425907487681
-9.723452234707851
-9.357675490571795
-12.339343412872990
-10.209803467128001
-8.548801676495311
-9.504191179963225
-10.386731192802753
-11.204130239075518
-12.028811771588030
-8.179705940538236
-8.449201527195953
-10.258702748545625
-6.798368916805610
-7.661992286695113
-11.808101040930294
-3.965312213898735
-7.352877298181439
-8.334848991333217
-9.861995105675922
-5.759172991928529
-4.681556806832981
-7.042400905716834
-6.796027577673994
-6.835754457956258
-7.611120994063488
-10.176309108676286
-10.015269076833464
-8.307739946392738
-9.175651296730766
-11.769725794665662
-9.227745995673464
-11.525015366495232
-8.051067535641819
-5.727194501050597
-8.284386966788050
-9.378590818059930
-6.148595931395866
-8.324163522646820
-10.507370069726269
-6.815330443414817
-5.573999886742254
-7.588372975058103
-9.186139655147253
-10.460716148527816
-7.370643365625266
-8.164994116165147
-3.812501643085064
-9.358334502002762
-11.369886891978672
-3.585996767657945
-6.989819978635405
-4.293926886014842
-8.676769183874200
-6.165109523677094
-8.545034602667636
-3.635995277802031
-4.722953659053470
-9.051044076261624
-9.836046405645334
-10.138740574431379
-8.367146722744092
-8.070163458300758
-8.027830006730364
-5.740904684845486
-9.914687072416164
-5.633301357967036
-7.799941668198888
-9.812700735559469
-4.960278081085443
-8.838059160914991
-9.615235586155578
-6.482128314113635
-10.173007359547185
-9.308455210735309
-5.603077816102132
-7.049057762626948
-7.058919747057448
-7.971397628050968
-8.452533046519024
-6.503631893815527
-10.263352592629273
-10.504772625747142
-9.906896292748749
-5.680136702167924
-12.712721262732703
-6.042357646632441
-5.779576352099911
-7.502221958384967
-4.604984031302947
-9.873663126184116
-8.069192434913445
-11.546863413519603
-10.722772504594037
-11.405582792785658
-11.561294259076124
-8.504117933510905
-9.162359349829076
-7.469282512643957
-8.851931655460424
-10.634909660787425
-12.905355202269989
-9.317232619394519
-6.811378298313322
-6.068289834288140
-9.734388146762987
-7.009893060427976
-8.525034465370624
-11.609578348773720
-9.541329485704846
-8.514607386502822
-5.572545154415885
-5.740104467678514
-12.708457513098020
-5.593344648020287
-5.948292321632731
-4.709980016812848
-6.274881061786188
-5.276293781957106
-8.235415266187534
-7.231109170741210
-5.520018031131674
-6.294295022287461
-5.624675264256048
-7.381959860891510
-8.804076060973353
-10.207624129616113
-5.554125987548143
-6.410251662085916
-7.229575009591114
-4.562141014990557
-6.564657331628960
-5.974354690111108
-9.088187062902648
-5.765281929550815
-6.563573286761915
-4.483100936162662
-3.656675728568368
-7.777476416634642
-5.803502630479476
-3.705753864786657
-8.883300157496345
-5.943165990156792
-7.365362924767839
-5.829728225522321
-9.032987160790309
-7.667376992026000
-7.925973245178953
-8.708372506078994
-9.448419677122029
-6.026445138598882
-6.266034011983872
-6.778753609628381
-8.508548105564822
-6.559458502318726
-6.808588353291497
-6.309696036010505
-8.027681819434877
-9.555222815685896
-10.210925542912213
-6.325590699890477
-8.479105321522393
-11.075147163370239
-5.027387560953424
-7.847099664512194
-5.822191961912979
-6.962545377421918
-6.381641595128836
-9.412528479157316
-4.540927433645405
-6.545560396237832
-4.879615008246139
-4.106906497604489
-8.525520879325221
-6.723956133003326
-5.633449397635871
-8.440686339108288
-8.216496088350809
-6.226761862190862
-5.205098418916561
-7.566349065465182
-7.775924858294798
-8.942731343260848
-13.866549112241730
-7.522201752108248
-6.898900015336783
-11.291935499271410
-6.301743274831288
-7.710744016752662
-6.751980384376761
-5.389758978934369
-7.232632594204316
-6.105225506771323
-6.431807607495773
-8.262435184854859
-6.751463894631264
-5.729544259889934
-9.604067122848580
-9.522161005489416
-7.542478332684253
-7.748655702929588
-6.717822111812138
-9.353781814989503
-11.849640674522592
-6.127899187574840
-8.054333920787089
-11.591714144400559
-8.798703064495594
-4.604366292866318
-9.845460575290232
-5.919697320221154
-7.361541253554014
-6.787992931763598
-6.034391226045022
-5.640269115572949
-5.663602498805152
-11.032315333790523
-14.284350680468513
-10.687161510404584
-7.789223269700843
-12.657147473832246
-11.137765808866339
-8.180054144472388
-9.728782756010760
-6.807003381472096
-6.407829571575973
-6.596033583406471
-8.715733950258056
-10.396898087426871
-7.582816634516087
-7.879299993640963
-6.738893738664266
-10.951025898289908
-13.333030598172760
-11.160292371469055
-9.516816829081495
-9.517653399478291
-7.805354934341719
-7.527758092207114
-9.634799221763194
-5.512051002010938
-6.332848852126428
-6.707746563223653
-10.765448105912311
-7.836359340189600
-7.868220185848133
-10.322615250303354
-8.182522596209870
-10.204143802103118
-9.523418727921547
-8.124807008434818
-7.062701978321860
-7.520061112868859
-9.742103154635183
-7.467220516710136
-7.387096322074652
-8.139219482977941
-5.379076846437790
-4.658860797128547
-9.753624432563738
-9.099957244904738
-6.084856822108391
-7.842830789493579
-8.148306252667471
-10.902499373047663
-12.629925888036171
-11.701417016514114
-10.488023513552392
-11.174739895596550
-6.105543185010535
-6.531905965188621
-9.425889027440343
-5.953241006806425
-8.911375114161730
-8.047012520710666
-10.452951552239181
-8.447764201173197
-10.535295830892794
-7.863613340257687
-6.719572129183859
-11.184518809259670
-12.118674824531064
-5.309491843524799
-6.629272414133703
-6.459626243196875
-11.457298626007203
-7.126390447225218
-6.930655336130005
-5.673351915752336
-5.827699282934824
-8.311627038942090
-7.556199855758368
-9.280708495881361
-6.913092833430885
-6.739511500724375
-3.503105644628284
-4.822994237754792
-6.755101004164704
-6.446148878188856
-4.273945534433873
-4.720672275674045
-7.493340447134155
-9.327288032208541
-3.347351651668686
-4.685705591323122
-3.583516862233923
-3.583822177801177
-3.882526363628489
-6.369359798748182
-4.622542610149402
-6.195384304226923
-7.540806101090662
-3.115698360619717
-6.085729900425083
-6.008600963307805
-5.098425826796324
-8.058926931533978
-5.591979125345796
-7.954249592405788
-6.278509002188821
-6.694706621338361
-4.075158909115213
-4.594961493430573
-5.722304473947895
-5.760469767811181
-3.643957907766840
-5.476938052363886
-7.647063260024342
-5.144569976520580
-5.615857616775804
-7.560960996416929
-8.381858315062976
-9.690984858411545
-9.396262809730249
-8.450316857332203
-5.664192315202218
-3.334164336654497
-4.110883815599378
-6.306430108576129
-8.088053948484125
-6.224924683350161
-5.383115743263919
-6.207892486683582
-6.768623012859964
-4.978032113648815
-6.768257058302055
-8.322216927314292
-8.483547156507292
-7.467838177316716
-7.590729195539864
-2.483993769613952
-7.482718417205735
-4.437331836486234
-5.822180605365899
-4.664298517394817
-4.818524907208179
-5.863345593295502
-2.242831807785727
-7.055386138420060
-6.459542228289732
-6.705639642163181
-6.930994674346445
-3.149703548223511
-5.600466825803003
-8.190297490597191
-6.498724125444929
-4.536010684435992
-5.734232858596436
-4.935573996241930
-5.575225938046107
-7.559978914117994
-4.887476375985834
-7.419526454354469
-5.302721534161607
-6.516140138646959
-8.517273081256686
-8.193185782909127
-6.396107034799082
-6.449833470412027
-8.337463911480288
-9.975163200653688
-5.384300098281111
-5.760092711342452
-6.705679364049420
-5.210999307948210
-7.743310842409734
-6.318740026840783
-7.839031666640977
-7.480696932697827
-9.609689877266787
-5.728824561441976
-6.925323832071361
-6.020311030877291
-7.806741999076451
-6.564019155178354
-6.920542026451266
-6.202325430662790
-5.775669930094306
-7.493707959405929
-6.174819149986470
-6.752164601078276
-8.468700801815929
-9.826192511239460
-8.745013692731124
-8.825354171016519
-12.936698934689915
-10.282092997372198
-4.966415315951181
-7.305925140364744
-8.144634802057755
-6.829542541142084
-3.117368234713640
-6.940974679417356
-6.812026427757670
-7.386789488055584
-5.917592831507801
-7.994570740622926
-6.062690241573953
-6.754289166389113
-7.049058752593092
-7.590644216243231
-5.080389549880680
-7.107159146964775
-5.480229689872822
-7.401383476696400
-7.130800132829137
-7.443788332977375
-7.911221804097877
-5.757913604273512
-3.528426285711416
-5.472197552257366
-6.343043882747202
-7.664268722271446
-5.664043811198416
-8.117499435989892
-9.235440999157124
-6.633799359441067
-5.955703010647440
-6.420204169022924
-7.618410116745767
-5.583855317241713
-10.095580489694925
-9.157662690763477
-7.003804935765492
-8.772950156585578
-6.120871788278512
-5.150354714763322
-6.979503841790709
-10.277645298469610
-7.187877399268290
-8.548243924716159
-6.859992293362303
-8.074093812825117
-9.124565494698148
-8.122499182828996
-8.276466233404562
-8.005567562508299
-3.955482974029299
-3.886887873838895
-5.455273979521827
-6.063434432794577
-6.415323570713854
-3.155514662204252
-8.578911610178679
-4.175536535405794
-4.237673933876562
-7.350094978385584
-5.011326249381904
-6.807694841601488
-5.832605766484424
-6.352066043682664
-7.322514043430037
-6.639769889186363
-5.095564656921857
-7.912180927227032
-8.734471761639236
-7.207772951222107
-6.303645607977276
-6.551640021955395
-10.000325026416805
-5.027481409610363
-7.879676409707868
-8.188527439390359
-8.758201868372149
-7.696143692670982
-7.951080707913057
-6.391041451271983
-7.236111973647674
-5.985392434659855
-9.504218173867731
-9.244365846733512
-7.140457011126118
-8.380828868727628
-8.649536911809260
-8.004725433547453
-4.570190805318343
-7.217449103815480
-6.013773602778457
-9.799153866754491
-6.595703596817165
-6.713756995553216
-7.038446222897203
-2.933301449577005
-8.463719550663130
-7.823785962983921
-4.200644161581707
-6.650371502357354
-3.803298597650501
-6.045261795264612
-6.789095890673611
-5.337658304666449
-8.600014625758543
-2.229368872222194
-7.568499062271360
-9.485326155559699
-8.702060452082954
-8.121469866239680
-3.497699350505104
-3.305112158578092
-4.624920704792408
-3.382279328795987
-4.818700915666875
-7.458768067154365
-2.636952405478906
-9.022961519631336
-6.298666751940893
-9.994504570834556
-3.403804856700471
-5.656589111630471
-6.824260525832717
-5.952827451204739
-6.035107072576929
-5.455558939048151
-7.597193016982313
-6.631055095078310
-6.966139142071602
-3.727699310555531
-8.856000053912952
-10.274568711508307
-6.372086805215368
-5.346716299612419
-4.473840248708472
-5.613313154891117
-3.204758311306773
-3.905615480339926
-4.596138405150614
-3.935960381651253
-5.291802899067084
-5.791525981329706
-2.468265690723450
-2.953895212753961
-6.367932317119298
-4.057907374004993
-4.092693982387168
-5.201836682573508
-9.564971175837050
-4.394999388892368
-5.421918198444144
-5.308768776394016
-2.754240644032723
-3.305266727646701
-5.012274905560280
-4.505108781362198
-5.160382521858113
-10.291956314535975
-2.232695682546727
-4.576387380785507
-2.113001954328900
0.462278775188472
-1.887897945229109
-8.159574941149296
-1.040963380171963
-6.226426360995951
-5.134381731914085
-4.609272402819302
-6.160252519726765
-6.335794834078373
-4.599745000313205
-6.707031189561806
-5.921792915059672
-6.757723969935312
-7.991161121300429
-9.438388893993849
-6.530832825283269
-4.708542696589642
-7.815744902276736
-7.934483436205714
-4.984615667404491
-5.114784425363182
-6.999845379606128
-1.524488614962290
-5.850265857787724
-0.643991361872179
-5.078233302911977
-7.329369513830843
-5.371390806691656
-6.961756057066485
-4.667742169407776
-4.947886634929858
-1.209426340662721
-4.748237773945220
-3.529244167603393
-4.368724084752120
-4.325861259929294
-6.445814190068346
-5.453511640298727
-4.367249000355624
-7.708169133763333
-5.872458802683978
-2.924453038607469
-2.823619307756730
-4.561657771798163
-6.846381984233699
-7.962935416134937
-8.019202361606043
-6.433264645066877
-6.004710320100668
-3.961129870813860
-5.252603109103302
-3.582199868560518
-7.243696824292913
-5.141863106216282
-7.343253939227548
-3.557035552906112
-7.197207288589005
-5.048736723244425
-6.065249419576710
-6.397844042366656
-5.141978078986947
-4.867282032176187
0.357245715207816
-0.710025525883035
-3.676827670854564
-3.731632796314898
-4.018397029863910
-8.436052804931725
-3.216889275001844
-1.186025589461970
-5.264708259087044
-2.960585880823863
-5.086529160651312
-4.565060234346521
-3.014883603380586
-3.155293886532096
-2.935167780261426
-5.634474901364417
-5.317744464354330
-5.274531917364505
-6.972072321336166
-5.861472884852931
-3.606067276541761
-5.761687733338156
-4.778797546041416
-5.017976316137923
-6.166572930463345
-5.462423524263863
-4.636182369267097
-2.312827895405200
-2.825358807339552
-4.869370953754110
-7.561154502415435
-3.394048672418986
-6.387158472802408
-7.316318560693057
-9.283241733184196
-6.615046110041154
-2.674689628288939
-7.453166112655758
-5.316993352125080
-7.493340916438385
-4.238694583958695
-2.705754283861882
-5.578860615192034
-3.145597046632229
-7.787812736637242
-7.210712673871083
-9.002020540291554
-8.447415085178426
-6.156162449771371
-6.260927937568770
-6.921354243323890
-3.385517419996310
-4.833915902362658
-6.579097017296865
-10.548119855985519
-11.037603514906234
-5.504734060890428
-5.865411470576971
-3.361282514882119
-4.136959532006929
-6.444071959733309
-5.152894390615166
-9.618219690802960
-11.150069951652348
-6.723778698402252
-6.618802328125678
-5.539009330332467
-8.163565997002395
-5.642335882829429
-5.253893043152932
-4.714799996765881
-1.262115900344169
-8.153366848828322
-7.711006115122047
-4.449632507826945
-7.024901926325803
-8.419507437764834
-5.215527735304606
-5.948039318840617
-4.801605603202381
-7.576292166157278
-5.917968799410591
-4.013628377448025
-4.192499745970103
-4.625244302197855
-5.727943271253760
-2.075152367024463
-5.785432408718087
-8.938980017540469
-9.974544386318851
-7.533209495254939
-4.131153055407198
-5.342818861691856
-6.906184532283484
-7.060566592921599
-3.176667315205778
-4.141232885725213
-7.099409681673551
-7.949192927274337
-7.441063182526301
-10.834332844889206
-10.265277072936572
-3.445259406014847
-5.968619367846557
-5.939814876795826
-7.742360242234741
-8.188362759095972
-8.008438773003400
-5.017156789345110
-3.485775143770682
-7.361149450537344
-2.495529137505581
-3.827153736512464
-3.881801660217662
-9.008709293246415
-8.414331382313559
-7.873045230915852
-5.848137142261398
-6.208927006639709
-6.620638364873423
-6.198816183038467
-7.270814135382452
-6.825917343692132
-7.465730910673886
-5.621180955894549
-5.708646081453323
-7.260787280786097
-6.428953729077047
-3.892165584021932
-2.462558716592052
-4.022760196592055
-2.906928693623937
-6.251899024413741
-3.561549225016476
-2.694863681056361
-3.210912028998181
-1.871826985250272
-5.452151516338315
-3.814739411917737
-7.355795763314241
-5.919382267590912
-6.721319846740192
-7.707951981153402
-8.339786474631723
-9.893148158770099
-7.032050556265969
-9.018106059912997
-9.285155437025033
-4.023041742874021
-4.538640194981013
-7.104358987516487
-4.733478464957195
-9.646414562500677
-8.350582886302455
-3.860120904157579
-6.643097204830918
-7.411578696351116
-8.935582690346711
-9.240577320664920
-9.289019823874710
-7.387903138574440
-7.551119192137008
-9.324502970668657
-8.287151861036472
-9.256438943732242
-9.026275052851840
-6.555850033193321
-4.929694365296905
-6.719271746512598
-9.644268231023631
-9.210230849147891
-7.183026003899206
-7.362894377633419
-10.814146516907929
-6.910690534507086
-7.460752904436560
-7.427196189027031
-10.938429523450576
-9.068827968274356
-11.484600163946729
-5.965337631232173
-4.986461210358477
-11.378883979206449
-5.920593015690451
-9.155164060708861
-5.306217205627481
-13.285064731212152
-9.114407457062997
-6.140678240930130
-8.028711202890706
-5.590449751771917
-8.621575428011408
-9.292300454073120
-9.696316775461167
-10.037424484495272
-9.065861313758834
-11.224298694569866
-10.155669736937917
-8.387465476568082
-9.461216165491109
-8.445609840135520
-6.843864776471585
-4.522582408572442
-7.371168145887193
-5.947814622599093
-5.013448628923962
-8.681542325168323
-7.660304549780695
-4.717092381959033
-4.902355091462836
-7.991236436518959
-8.013132744437328
-6.505094048961369
-8.570644176047955
-6.954745625597404
-9.056206583139485
-7.822340878969327
-8.929186990802700
-8.354662769315773
-7.447744448937438
-8.408795976758199
-9.631954666731444
-9.894565375417693
-9.096240884111914
-9.018567169614842
-8.611040137474539
-9.539046111325085
-10.705864276415445
-4.873749598710522
-6.453331509288791
-10.137347511621355
-4.647554491028366
-0.105334537319180
-4.898475194640936
-7.291232166642805
-6.343301037963095
-6.468185689355335
-9.356840254219895
-9.725764589895984
-8.687279744552631
-10.435201709067519
-4.811628380016065
-5.820586541592302
-6.317039354409204
-4.598277637021337
-6.171169647984228
-7.267189277229549
-4.269892519545376
-4.439446595327331
-5.866777609632569
-3.908453824713195
-5.955209616622560
-6.140655492425239
-4.852109527108420
-11.046951330060176
-5.120873245956163
-3.905324748520458
-6.534738415443015
-8.498912939715025
-6.885446605299773
-7.648437568003817
-8.681729462047825
-4.239570276887799
-5.100695551724411
-5.157353894346208
-4.145983484928084
-5.631500020861736
-5.189792144715661
-7.856569987810112
-10.604723856922728
-4.076824361702826
-6.016042856030099
-9.268331881394149
-6.763281065587794
-5.419345572590172
-6.317393162933238
-11.453245442644681
-6.799260045015854
-6.883261373136752
-5.631618125661240
-5.134859786092479
-1.741506388606088
-1.912467024265906
-2.053596866100945
-4.294934839198976
-4.244408173291820
-7.761394399119030
-5.426660269396637
-4.334198044018783
-4.587149918160852
-4.156100727669712
-6.059952098584225
-4.456155828864202
-3.701405768204718
-5.978225951202757
-5.738254725532712
-5.214781449051848
-7.551088653407424
-7.660042869338884
-4.564611215050278
-7.266097721804255
-3.211897164172251
-2.920818753952375
-6.414815845070983
-4.933315059670510
-7.277571768718228
-7.555889022958174
-4.743193665541231
-6.631728260800977
-7.026247035493660
-3.872649178688901
-4.771325801281046
-9.089217066013726
-6.790284685176067
-7.297144989651756
-5.166433669792005
-6.100442235490410
-2.615467384505751
-4.910150305247293
-4.811894576750067
-7.641370053609789
-6.128689367039202
-4.305103094399255
-5.762084023961923
-6.332613927071972
-4.673213483111697
-6.705267040227176
-6.095673659030830
-4.100658295947515
-7.849045873777061
-7.082343857874693
-5.572969460587996
-6.711429861736934
-6.433779429895574
-8.210529980056549
-8.834422668321295
-5.136666888865988
-5.468751348167684
-5.713995013431768
-5.619259892608233
-4.276058239534617
-2.714217726220605
-5.410264388866370
-3.603103106811621
-8.891802438606435
-6.040768306220471
-5.949069182594600
-7.109647173580893
-8.510023391618530
-6.409213558566620
-9.792974642494986
-4.318297558856928
-9.977867775897494
-6.153179364837576
-8.819439118884429
-5.681300059424062
-7.718569060158880
-9.086280495628962
-5.574556045186862
-8.810293673612975
-5.516855849512534
-8.128211709545454
-5.623447813033461
-8.689862128383080
-9.535694141040462
-8.337094545560479
-5.269521458062731
-10.346275857781004
-4.649609159105736
-9.945505676489377
-8.998124165518021
-8.531949466493820
-4.264404114826921
-3.815654311505049
-2.946921556516580
-3.747955348502589
-4.396807969153792
-6.149647195849210
-5.916385839578609
-8.058832854843866
-5.656373232461030
-6.483919101472972
-7.532280047286976
-5.626447842373057
-3.441802734178307
-3.376634634064306
-5.697615463287080
-3.333588851242720
-6.325261232774121
-4.863612353620348
-5.476021408920320
-4.050713954425383
-5.233810044044807
-5.084641015191950
-8.359758798285577
-4.081753914941399
-6.244564711192720
-4.941819861887926
-3.323887191656643
-5.645672610570679
-3.179400986314621
-6.389626820470141
-6.821940650231984
-8.624510811782374
-8.490008784027458
-5.604543109250173
-5.404800379109885
-7.402730768573719
-6.726392396833666
-6.021838635825891
-5.027911120534482
-4.711312159532018
-6.731627896452712
-4.716248539588506
-3.859275300580002
-4.278913670526851
-4.702852118487149
-7.101970846930617
-6.320518345964489
-7.852833023099361
-6.578510291146690
-7.561355286858448
-5.998927285248915
-8.321296970345641
-10.959124863880904
-4.809404874262335
-6.608832785692202
-5.298040693385270
-5.274181460377120
-4.864065754447738
-8.406295733761077
-6.906082497082837
-9.943589558050242
-8.377698628364406
-7.633758683092596
-8.314585568735714
-6.709345142537431
-5.014520411851015
-2.216382234809251
-5.032987935331847
-3.943092512427831
-2.836838625022982
-4.340972028268503
-5.022466623063365
-6.197016691682286
-6.067479076343823
-6.312431932640106
-4.542367182792383
-6.534504889014224
-7.586615907136392
-8.030966336172622
-5.954337922691289
-4.420796284331424
-4.577664868278306
-8.789993117303466
-4.838162883713681
-5.421516742353164
-6.972061427647178
-7.934558474888696
-7.348445430428683
-9.933418374708252
-3.570139860455286
-4.632861748599265
-4.715715831994774
-4.896386158530164
-4.004949419540774
-4.005380018233118
-6.148763786183196
-5.848191102959461
-6.224608681712384
-7.204670300863543
-7.592174230139399
-8.479991172690589
-7.028369435346073
-7.698272831050315
-6.422547264295502
-4.715946101661938
-7.515200754368100
-4.890388674716479
-4.828695748286271
-3.562753877762254
-4.476427075003957
-5.855264274221563
-8.083402878949293
-5.354499056783625
-5.696765486533518
-4.878096903416949
-7.463381882649275
-5.065635034527786
-8.963278759020509
-5.648988641663026
-6.136917764620601
-4.403428297599593
-7.711715482167325
-6.916485544731386
-7.043923342185438
-7.985426391514943
-8.877289952979035
-6.103191851030722
-4.778947710242221
-7.029267713871888
-8.281211286694203
-6.852291409341221
-4.930636493218142
-6.550837165962061
-3.281294341939151
-9.312021646385240
-5.741474077570562
-7.789235614035349
-4.096995155557942
-7.952829991362139
-3.823749907966386
-4.996503071401937
-6.511268378309092
-10.759944490640263
-7.087410746743184
-7.963345355091438
-9.205401609855562
-9.572201108672866
-5.163134531897905
-7.885901421841110
-10.694860645952978
-6.458239231446322
-8.780384864699686
-6.814889212021081
-9.328635090662717
-8.544000582593860
-4.302394694836192
-7.201575484061518
-5.313181686020801
-7.395995280666061
-8.248510594408447
-9.545831278925290
-8.221102409838270
-7.494621083981158
-5.992692618458067
-6.968445071909551
-8.453614232766309
-9.754836600939814
-3.998235329672804
-6.795116306516889
-7.627932598585995
-8.546755637002041
-7.323703710140853
-3.429660414743179
-8.398078578316165
-7.310908456159483
-5.073343395795694
-5.287175370163331
-4.516381337975736
-6.347990977256853
-6.573617385302880
-5.493058518080573
-9.759959900917627
-6.037214824993055
-2.771086594005312
-3.615958282023057
-5.839266627015132
-5.620702582506381
-8.263562022588660
-6.891738669150957
-8.630354720793699
-6.842890144101864
-7.034756891463338
-6.083199316003613
-6.873625507843441
-4.424742477188520
-5.931742964334282
-6.979429895953622
-6.633535518734999
-10.814327213828992
-13.253463687125667
-7.643292527616066
-6.619022125649755
-5.637171725910325
-11.033101568466016
-4.540272759526397
-6.524034896694318
-5.162246298081649
-7.169965263631249
-5.232668990434801
-9.935457219309434
-7.360340168199057
-9.099441305059177
-9.900810434069841
-7.544500403785302
-7.578139087971192
-7.829952955420997
-5.409191210960052
-8.638406689592877
-10.711689125536187
-5.247699722877898
-11.725834187973792
-8.366974638642660
-7.439184553781893
-10.641560318236683
-9.040582150712359
-6.284279469961552
-5.000121433117981
-6.212378730974969
-7.205134525875201
-3.940100329078097
-4.748574711462685
-6.165734669273226
-6.136134253090361
-4.453792762335479
-4.917803867945267
-3.499619752754124
-3.689906513022692
-6.336696531307790
-3.652493554477616
-6.372788957033318
-7.003619956531120
-3.821503619429085
-3.983851450875513
-5.985241244241093
-7.939384649443237
-8.692833057326720
-9.225452506267121
-10.549936989771346
-10.173629013548696
-11.075513444662938
-8.357446145964754
-8.115286181221164
-4.444886664256487
-7.299549378977265
-5.905930931791721
-7.717322744059097
-6.430119056775024
-6.291633692667986
-4.697166859705221
-4.968068794281168
-7.254797162757921
-11.033936007766165
-9.937472702718285
-5.971399043068728
-5.263716640993119
-10.385538770868235
-7.134736722420932
-10.552562670641938
-6.406892371601030
-8.878068495783895
-5.624399483096186
-6.503210892441898
-6.881367179318665
-7.951040354694300
-8.155862281912274
-9.118045898390115
-9.495219576182743
-11.824307270223100
-12.248940430372940
-9.587389204271929
-11.453336764981715
-7.475850194652860
-9.038894472605641
-10.415475880891009
-9.855999442914470
-7.750441476825667
-7.547582021063431
-8.079729590758504
-8.283051930740523
-8.853124566582707
-14.897666426862417
-10.691163235830592
-9.603262341158944
-6.533219356936570
-8.050725083954033
-8.726556868802556
-10.231911211984395
-7.240556457969593
-8.814914856795102
-8.182530578474092
-5.947650002364600
-9.860625170358842
-8.947073924522170
-5.149305213530331
-5.994446008968091
-9.383127857612026
-5.719976911753847
-6.519773941734393
-3.688545653291493
-3.182175286676007
-4.458374033222850
-5.945638422658033
-6.516103971652697
-5.242080200789794
-7.031325397090519
-4.559616302345764
-3.264611317766645
-7.314464637912888
-4.699368561145371
-4.249934347513382
-5.664396040449863
-8.283699984254687
-9.120996623027359
-6.420652873731123
-5.414065544468933
-7.880250229871631
-6.890968100298561
-9.715963732746692
-6.866811117524769
-9.275256890043918
-10.616734371504457
-10.964071094126044
-11.993291329801027
-6.858720092475251
-5.875016509479885
-8.611390317742057
-8.104502930780487
-8.271960949528070
-8.395395967352158
-6.470486780808833
-5.770637344475098
-6.867415223749938
-6.318187125210700
-4.576984600915728
-5.478971420709930
-6.844343125303961
-5.781705201055575
-5.245615910632477
-8.169954835093842
-6.140751994435332
-6.767634696739276
-5.897108954856520
-5.932282980129824
-6.051708179172993
-5.115184234315404
-5.043876189809796
-7.542604997767351
-5.612987896409289
-7.145282703601556
-7.290667974973904
-5.697524245483014
-10.307079192639328
-6.480582436506536
-7.931458911902587
-5.533154929452989
-5.469307502245081
-6.200190247616632
-7.826605597017539
-6.366049464429770
-9.391020796289970
-9.207263126865024
-3.819621366727191
-6.829739273506441
-8.492676003332644
-7.406486301576432
-8.098650238545940
-8.948151531350614
-5.813896848727760
-7.354756731251031
-7.414916865826950
-11.674768695562284
-6.798108945931050
-7.102256242647639
-7.831688106528311
-4.810016263435563
-5.003119609914104
-6.159432356527165
-5.219620600430998
-7.218659378589454
-5.160049569015016
-3.119123870959359
-4.506334196810727
-7.938200992676509
-3.982132276868601
-5.048299038968913
-5.637987103575917
-3.972407414335774
-4.605720340857296
-5.077037391696971
-4.130423064776556
-4.065946069022112
-4.996228003472758
-4.508677114212981
-2.637894680706227
-6.317333856333987
-4.955988608887505
-6.868194266871961
-6.323726226854153
-6.814222551316663
-3.996050132651737
-4.947096839315936
-7.731465632910521
-4.828446330482681
-4.279014706654075
-7.166518065814213
-4.214134301511995
-5.128267613090035
-6.057085653586656
-5.140085975889359
-5.215789209634676
-5.790793948409761
-7.605514287930703
-6.344671440595030
-7.268146126188295
-6.338631479416193
-6.792827393301405
-7.671596517138092
-6.169825393317484
-4.873522948106564
-6.724756490550470
-6.190678971184365
-11.335578904307061
-5.836933240535324
-6.074443346305981
-8.788415788493815
-5.929595695435256
-8.561311162841941
-7.572434431696420
-4.621666966412869
-7.935002847013330
-5.851020375908345
-5.310220317223223
-5.622700356306249
-8.977498044199375
-7.879882422966885
-9.686727092227443
-10.663362499975696
-8.632154964269290
-7.163923272786000
0.983289409160583
-5.187931708754479
-6.781292974460543
-6.872456053844505
-6.420825341803350
-6.552483863718918
-8.835176763628866
-7.872938114642873
-8.747152935151204
-6.219305924056401
-6.595462674211344
-9.284595806213579
-5.968719330045229
-6.759464854037297
-9.289366409906373
-7.064362041783121
-8.238337553752045
-6.369206349843870
-7.660589465793689
-11.085556325127520
-8.704876260567147
-8.605448765072786
-6.320363603054652
-14.020328486581736
-13.098133517040507
-7.600354247292075
-4.741763393864516
-5.019049652684984
-3.506061639625751
-8.748970295798570
-6.249180926528444
-12.134795475608728
-13.189707437212579
-7.550670784602464
-7.768650180747692
-5.316045135638590
-5.328268096903394
-6.004068296235084
-8.376843791986142
-5.348307469491687
-7.538688464185477
-8.752159888617104
-8.580543921352845
-8.094200781242163
-4.991669268052260
-1.648803000057303
-3.507071316071651
-4.281939505984661
-3.640893072343883
-7.561780197828789
-6.647198551641099
-4.892773323907617
-4.899625456634183
-6.869173978819808
-5.366928431505547
-7.727704839095178
-5.946029521526784
-5.963436601024583
-4.510638514996783
-5.471505788441897
-9.285973776455686
-8.825028935657839
-6.692647461284888
-5.461694158704240
-5.522170425781812
-5.155641757698637
-7.405533218134313
-7.871942222908344
-13.470781821560966
-6.984540984432670
-7.204908268089089
-9.273543170065874
-8.596632257118475
-9.454047253504344
-7.980095298001936
-10.766313083132264
-12.944837978963724
-9.077952458147173
-8.989831093677767
-9.794811261728558
-8.037808591012803
-10.639158204682934
-12.566559447700696
-9.289541934590602
-10.530990059350541
-12.978911655108842
-5.668488553662914
-9.597180049362485
-8.358047073187388
-11.564564843629235
-9.024375955560727
-9.160407509426607
-6.398372585905374
-6.722440137645671
-11.755989721904800
-10.937040869796348
-11.694928356815948
-8.334964321356296
-7.288193680869949
-10.568259651913236
-12.738715721612200
-6.724638590431950
-6.972383201861939
-5.583203555694452
-5.797919127254949
-6.452764007344639
-4.010170075401012
-9.047560083728698
-7.282880181121872
-8.963030049978602
-7.235039298288345
-9.956013655110510
-5.883404640885723
-7.121749762496440
-5.957488451286868
-9.939796641730123
-9.917925429677055
-8.655412074547810
-7.570717241004847
-9.924365721349197
-9.051627069899361
-6.789634919772384
-13.165461258021965
-8.826366749130523
-10.290686056211642
-8.866501540380325
-5.385851342840247
-6.291427842148154
-6.926453096040682
-4.637081984622220
-7.511973972837156
-5.281933544408213
-8.055067600116637
-8.075249228437849
-9.328517859022620
-6.882889903923158
-8.012146345268205
-8.614484449807128
-8.526961887279707
-10.765673827855652
-5.217134665999398
-7.409397693750673
-5.642773321489909
-7.643954699476397
-9.096894820567076
-7.155377181089968
-7.933451429981128
-10.610105589106382
-8.006637010954824
-7.430439574623411
-8.494779936277636
-2.842845560093719
-5.332119514910713
-6.957747844274837
-5.385889430895620
-4.309157979826646
-5.130976634306544
-7.327614555095412
-6.954900161126889
-5.206814176534958
-5.717252290646549
-9.041835469038451
-5.780820268718373
-8.186667505624673
-12.021666779822391
-6.921262098064677
-5.693542509882012
-6.541827956818516
-7.563244948395117
-6.406016758897435
-5.971766436792711
-5.833840286808152
-4.714524253753851
-9.504273310934602
-8.286190183042386
-12.207556539381102
-8.124797961155735
-6.146392017104581
-6.876473584483008
-6.009297676081766
-7.106304327836838
-12.006159736478786
-13.272952700299356
-9.290485918789646
-7.011241638050993
-9.250916160843005
-10.768571254031430
-9.565886940362200
-9.334648759933755
-6.930390858681895
-6.254287322020619
-9.399714301030286
-6.840884289568404
-7.433964514611731
-8.223332828120791
-7.906844955420085
-12.494036406122582
-9.060470726276625
-13.556558170124264
-6.579925843969693
-11.179856843698483
-6.906670769862509
-7.893804729205719
-8.428707953165452
-10.906929051154650
-6.465373966221773
-8.510369629582723
-4.416777939173269
-9.286227094338248
-4.186407638535671
-7.023083338024012
-7.174395222062032
-4.834126056173323
-3.956989820061914
-4.570527797843376
-6.521624588395598
-7.875607388842631
-5.988396184247256
-3.070977702339948
-3.423703112535755
-6.123032874867765
-4.993268007085597
-8.338468478195679
-9.097220845088366
-7.726488073288685
-4.914507587761753
-5.505521214824109
-3.792820811359067
-5.688601916732004
-2.977571628814514
-4.340503579675499
-6.682580451108136
-4.647590760220840
-6.484685097963884
-8.914722843354042
-6.695526672007293
-6.155977959101612
-8.467633151421492
-9.413845935577493
-7.736215224622777
-8.839512152660324
-12.038590781558144
-6.473636378243175
-8.249991622350658
-7.991969084347782
-9.875559283965414
-7.280236015778949
-8.350881626766762
-11.351067458950594
-8.029542604308176
-14.125291396585684
-7.587097016850477
-8.141307212125332
-6.469134942214789
-11.273822286307952
-11.701899190082381
-9.522216859622693
-12.156873867686707
-7.973701428209465
-9.455954447722943
-7.709734274077170
-11.568133771243513
-9.568982987875113
-12.294884695824120
-10.735051995490009
-12.932809597315337
-9.690527767781088
-11.029869200890170
-9.867354520265671
-8.544262554113464
-7.263769387660231
-9.080429141131818
-12.148028929148674
-8.453649311197058
-10.688269233432171
-9.033689597505756
-11.476632584085094
-10.336102778306136
-7.904441635689512
-8.644946389258864
-6.816629610985414
-4.691054971980159
-6.601637126687288
-6.963407003274752
-5.243040950760292
-8.131536268050397
-8.689989248724865
-11.029351565868357
-9.830314203324198
-5.910507406420971
-4.398680853888110
-5.755401140413194
-3.767898410465027
-8.279330089538783
-5.592263315539174
-5.637630980650931
-5.771927290149780
-10.721145784671439
-7.583175493950251
-4.013084812411341
-5.319921329384933
-7.321644625786102
-6.566372490819372
-7.147101181911804
-9.911618552832648
-8.249604071896302
-8.338182778521837
-9.201862249065512
-8.109372228555097
-6.612579909374114
-8.638492971990669
-10.441465375242828
-7.127486859949006
-7.764624206653746
-9.285870969252981
-8.193350122617899
-10.901637611627015
-11.645258433044177
-9.366512868139298
-11.716919605104062
-4.072564699390532
-3.351626822776276
-3.489802834066532
-4.906003433926748
-6.806689794341980
-6.569278122698822
-8.917813083273478
-8.444582290522852
-7.934396158885412
-4.536920244390233
-7.403510236749749
-6.853572292866811
-2.977159389123472
-3.679243906518659
-4.185667031830040
-2.922268820347608
-4.277478718285586
-3.157210375330449
-4.067682506455559
-4.012060643469613
-5.701467492276208
-6.355923612452927
-5.011514563717626
-6.152545489961870
-6.037081653125362
-8.495206004005372
-8.257758841791345
-9.712944910788353
-7.687055657053011
-7.957845945829665
-9.550467256462582
-10.197229807896086
-10.764049966942752
-9.608194905566720
-7.847118878312288
-8.428077636297962
-8.469483989287680
-11.474325993274462
-8.160604081643651
-7.701099055628091
-9.604831502111004
-9.545165090782564
-8.181866195819321
-6.223999291192285
-6.189717854258774
-6.710244498034467
-7.897352678094374
-8.369558457627395
-9.088146051573670
-3.171678622932304
-4.063149453547620
-5.579322283349758
-6.822417320140815
-6.939347396604937
-7.890355099182806
-8.221139669896411
-9.555375749885016
-7.260856155591089
-7.127922968448185
-8.434085233147664
-4.999712626895056
-6.507014489736060
-3.912293944498482
-5.532756219757919
-2.938924676370208
-4.539129668942107
-3.010318982073302
-8.822596916780437
-7.552223403248930
-6.277478166226865
-4.806137030289270
-7.846272698249629
-6.590807709891666
-6.431237640990722
-6.130880578690522
-5.021349352851536
-7.306586720543315
-4.858936986701247
-2.181180492452464
-3.990389387994634
-5.159195684781594
-6.851109948465158
-7.921849014070026
-6.548653885991331
-7.859102479630619
-5.424870479193253
-7.173655516113308
-7.772237942939619
-5.044971861237951
-5.668517831965210
-5.837403996267954
-5.953846478430513
-7.843695927733537
-5.394238801724628
-5.332849217561398
-8.334699289695909
-6.470907783855826
-5.892772574100576
-6.281200312167705
-5.604501482167889
-6.459162967709589
-6.423757188220977
-5.938488111078640
-5.940433178182349
-7.720670613841977
-2.626352527790782
-8.047475369715798
-8.291812834429791
-4.721747086224683
-4.090976129300163
-7.636861807960442
-8.880912897944388
-9.008328006136360
-5.919576149341946
-7.087137171303127
-8.401689414139099
-6.469881819731377
-4.137153139307782
-3.935175115822766
-6.014547501364190
-6.743277254615052
-10.328399819961284
-5.134031431850022
-5.283755611326269
-7.931388678741084
-10.923337656499575
-6.538014298281517
-4.651118206635612
-4.335937655569567
-8.719413453682789
-4.833987560279104
-7.502041192049614
-7.995721094554143
-6.410913495525335
-7.026970253977876
-4.068419819408978
-4.366526377356804
-5.133183560647987
-6.637590277552836
-5.985760634014371
-8.890991610079954
-8.519319051968633
-8.231724519523288
-6.919718394671644
-7.375760996361055
-8.140261775719914
-4.008575431509082
-9.648789593605761
-7.802145386331270
-9.220659552466211
-9.343258868281898
-7.040388362222970
-8.578700185719329
-5.631075286130232
-7.524787417421460
-6.461737222256740
-7.945543591616416
-5.365440464521824
-5.233189932837682
-6.853070769738662
-5.735517754248211
-7.755445140813790
-10.909647149977559
-6.655056541889814
-8.188752737324457
-8.358940055823888
-6.876716745543484
-7.403759060799804
-8.012948748409219
-6.011138923414964
-6.207820407966335
-4.941510263445744
-5.413792084458919
-8.274810607796498
-7.387408236072455
-6.498010039818041
-8.790768422907878
-6.781694857978890
-4.073277788976686
-4.153597206724728
-4.906521212369948
-7.234455639186799
-8.484055492527146
-9.456778224427028
-10.774563496382159
-4.773379146066151
-8.053606821233142
-9.566461161787274
-4.069189597592356
-6.122003112553370
-8.024704108325672
-7.996596550345044
-7.737160293330989
-6.841702120046897
-8.865155898718692
-4.057697876325213
-7.909835917956945
-2.788345599446818
-5.183670920394339
-7.605099240522793
-6.939285569914419
-4.482491795590780
-5.002870161914033
-3.625567909839954
-8.226393420151730
-5.874230686029352
-6.707824340393033
-6.694340517641772
-8.660042476248723
-5.475720666230715
-7.062310921878101
-7.888969956601714
-8.828941393266486
-3.669795696393081
-1.882165481456253
-8.341714581267835
-8.300484764303318
-8.134230160073868
-9.489146308100464
-8.328908077867057
-9.354083312455465
-8.542061901327996
-5.752513973652389
-4.646657901598940
-4.792122802542376
-4.448961223441831
-8.113484363959271
-9.342759446734654
-1.471019059727863
-3.047337426548583
-4.804671997930805
-4.740569408788192
-5.976566524636826
-6.375482474127144
-9.544608452984852
-3.337377606230814
-8.833351094752549
-12.240377082565923
-8.499389772771798
-8.669192579159153
-5.995121955312779
-8.858334960830781
-5.953126976595552
-8.290748278927200
-8.711698744950992
-8.675158165379873
-4.050643021486372
-4.776946267639679
-2.161402747183343
-2.535063570878267
-3.907323846468911
-4.561496218909193
-9.241486803407209
-6.118278007488592
-7.574404848869460
-2.418619311290013
-4.550678241973476
-2.008508111089840
-6.909117090363449
-4.900030521396909
-6.486942059142069
-6.045332740220736
-5.996919314181667
-6.292512047036706
-2.535063570878267
-3.034701113990876
-6.788729511475110
-3.157092602289504
-0.382444033598653
-2.266722466067418
-0.587353006378673
-6.064776908620239
-7.526768056827537
-1.277464791975512
-1.030341844992204
-2.330032630091496
-1.276134035556496
-0.760150179309808
0.030417952131329
-0.204864131982678
-5.131689806632124
-2.008951223547323
-5.942191902727854
-8.381459870078585
-7.140314176791525
-7.052438261969295
-7.572068012122375
-6.285044072013370
-8.638701334290356
-5.798866894972614
-1.854959059962976
-3.500757451430442
-4.102848147165272
-5.704564089977484
-2.422738046414185
-5.440138214893778
-6.362020679391347
-2.994390554639720
-8.272926990716874
-6.999162550109206
-8.495424775285020
-6.173430276748813
-6.889728676901991
-5.846394601436696
-6.863925950645289
-6.668454198761193
-5.081934069310574
-4.175710719155135
-4.470429377309250
-6.484764816099617
-5.003012665155015
-8.568808572344180
-5.046005133134551
-9.047765175124066
-5.534254965647563
-8.602283691479998
-10.259375674001463
-2.711303739409744
-9.541788509573053
-6.994859404083286
-7.965766578071399
-8.338550535550617
-7.703104203575667
-5.752998955032950
-9.850109156205162
-6.046242786022892
-9.103540960606537
-10.168630467889935
-6.602219868916547
-8.385359085946742
-5.659129074411489
-7.404464399150267
-8.139536094433909
-7.372639024126217
-12.076228883884605
-8.620956681222790
-7.544561870933006
-5.308694841024072
-5.516076897194893
-9.319609894938997
-4.320831580074629
-6.741707869517392
-7.125761445470534
-8.787645344250024
-8.714592836569381
-10.047461238190369
-6.582037126063695
-3.946623079728918
-7.753788882350481
-8.751428945079009
-8.594980605762785
-6.811853043946273
-6.747780450195060
0.444892560610847
-8.151989152198874
-2.962573502059376
-4.988739064481525
-13.411790485218017
-6.211141175869569
-10.147920238771572
-6.732101898586150
-9.566655930513008
-10.468292930088431
-8.591834366477993
-5.859422010386693
-5.543807497625107
-10.420238747266175
-3.951750066466740
-10.985197492391519
-7.324281168076814
-7.539243183083668
-6.987766041212789
-7.366368548942626
-4.229638360533190
-7.478177532872951
-6.185433233870801
-4.286804328696975
-8.872996254919128
-8.458265998830218
-4.320478774628548
-10.038104560468835
-6.187017335488454
-7.355242342988454
-10.293560327684206
-6.890225700259043
-7.173245842856888
-5.225244259854533
-7.300053861410305
-5.201686456441931
-6.261971942406464
-9.869289735967943
-8.850778065979704
-8.709907916349701
-9.064599112067791
-6.667115011992696
-7.615683854695841
-9.179100500027227
-7.329320847244393
-6.434313425380162
-11.880433575811150
-12.925581903749997
-9.833290860933655
-6.229836712057233
-5.852237162405979
-5.363038026661306
-3.574082869320567
-5.591295425340864
-4.549386746778645
-7.182590770515115
-8.407940874587121
-9.050562527562173
-5.318453373711604
-6.971446371563268
-10.980577778945623
-4.015083433563361
-3.937624740256289
-3.661129639728590
-4.907799855769555
-7.019911884230434
-8.432505119305315
-5.151330871042156
-7.792005616316852
-8.327015578828446
-7.172889647502167
-7.562589499230925
-6.324538766894307
-7.982365291257775
-5.401696719948195
-7.912568713550702
-3.908881855479923
-5.218936814679004
-5.806497732491282
-9.499393564796133
-2.890084136976207
-5.448927933084060
-5.514284788515623
-9.694341518819654
-6.897612477440488
-9.335480602087612
-8.428989260615070
-7.617145614657790
-9.596380040787935
-7.464381782993788
-9.511424657726556
-5.449314705001662
-5.032000529578231
-6.226502361808953
-6.770360670462395
-8.924714778064430
-9.900486221473527
-3.827598303491198
-7.602527053367261
-9.390588513152881
-7.073189893605480
-6.571345538492268
-7.537198825573695
-9.950137648437456
-8.951988131536803
-9.410961264901124
-10.369335811031615
-8.426360056136451
-9.899527421453156
-6.841566811120797
-6.529352102760572
-9.886073214673269
-5.989048844111982
-7.718105896042841
-9.591685164362683
-5.861656896954728
-3.836489352331977
-11.629912560976750
-10.704033231814513
-6.014148560503651
-9.056908891066987
-6.415784585969484
-7.290574929442668
-9.584755419618228
-9.153999527242274
-7.464392238898839
-1.668208413385002
-4.750851485348348
-9.252117661006109
-8.789341699424838
-6.266703665239410
-8.518645112145522
-6.072646864830475
-5.993796890318886
-6.357783025931808
-9.179352136579915
-6.437903552449932
-4.064696803281302
-4.167306181718339
-8.408193368083321
-6.071037340454294
-7.912151168881576
-8.155785267728477
-10.774581886856977
-7.324435861384464
-5.859144321157117
-4.670006542919785
-5.168809584015904
-8.313795059876199
-5.579352764774155
-8.804456847707733
-5.767980063333250
-4.896782178273398
-4.729944356453709
-4.684094052390968
-7.020154047536768
-8.224517547571713
-8.608886505123223
-10.709351120617219
-8.396083436886087
-8.871116588398305
-8.579693262163348
-6.180867036283409
-8.340827766483331
-10.961528584546532
-8.714916325652394
-7.517235586600742
-6.304682240190572
-0.505553190718615
-6.804859338383374
-6.301854769601013
-6.337080912618496
-8.725396751488578
-8.700409515615371
-7.901880695878398
-9.466739097391896
-6.349066068959496
-8.444101148744512
-7.267866550645356
-8.978076817703283
-9.455823880646676
-9.291247514735044
-7.486701669960185
-6.392290562259240
-8.685177232661550
-10.841235609613644
-9.084710450538493
-10.330263040920746
-7.528354260260198
-8.181576286748008
-8.623934499470726
-10.431460394833808
-8.749322681259025
-8.217894121767420
-8.871631368865691
-9.823455628970475
-9.008414598148997
-9.566602169408110
-13.760232513567816
-9.137967928581720
-7.256958198941848
-10.130202995017568
-11.444706178601846
-11.691506297897643
-7.290518754420005
-8.964202772050800
-10.564468255455163
-10.383025192788377
-12.308928826694986
-11.871768697421375
-10.014694416731043
-11.505906772508121
-9.905883792661440
-8.923377682040888
-7.687643360548355
-5.964746613169798
-9.696956469383087
-6.882454446141100
-8.217099197037454
-7.757212695978135
-6.529923391320442
-5.966389329010027
-11.600054407044698
-7.904009074735251
-8.713539746473213
-9.075717198235115
-9.645078502587866
-12.313924046855437
-7.794119113317721
-10.739862797525712
-7.728519853626761
-8.317673569061478
-13.363819573599015
-9.361593972824975
-12.281831722313203
-9.558866579389729
-3.954793533401193
-8.860959624906540
-9.697747673605576
-10.405856843823511
-7.831846529064626
-6.529080815103187
-7.432473723884028
-6.151716982061184
-5.709902839146608
-9.029718779271661
-7.269295785691315
-11.962495822091222
-9.138976271314927
-9.440082504577445
-11.360308240556892
-7.110400303382321
-6.270929676389247
-7.587047639380873
-8.220483154975954
-5.528959366108271
-6.831663694973671
-6.332392392964866
-9.619487328640941
-8.953843420757620
-6.666521181351751
-11.163360822993386
-9.720512335224251
-8.124077111423906
-11.453029269039787
-8.246742719786742
-7.743860259767854
-9.727476805240096
-10.076180322733592
-5.857273198089384
-12.272279482227749
-8.095151910750083
-7.143116609809861
-9.505096844771888
-10.811041341551105
-4.046833050642237
-9.204565360013875
-6.122833317254449
-9.160081799884530
-8.431911089772601
-8.137704443070552
-8.706122650739790
-10.547842980930543
-8.486151121682623
-8.103028449577129
-5.637634887323349
-6.309200868062621
-4.354391308984672
-5.877335777835217
-4.937544716636192
-7.629682999670254
-6.000221843459566
-7.317647365120733
-7.640247415129885
-6.703659750640577
-7.159284930307118
-6.249400695153182
-9.303381613252080
-6.780596057861407
-5.697108571930618
-8.672215828772520
1.842137411976159
0.403335555277825
-4.747219560494436
-5.686341134945311
-6.162622799551388
-5.674110325121979
-6.010794894329682
-4.731732439623255
-2.022276394711152
-6.268001526656692
-7.617377986890300
-6.944101518825680
-5.160842072704668
-5.300126685981645
-3.818421489714059
-6.975808668583127
-5.704884981830555
-6.021654059790724
-5.799552663939646
-2.446602489876120
-4.274193856114022
-8.273018709337242
-10.921794242634398
-7.872292770303653
-3.738360997599290
-3.443523292817781
-5.834511477869557
-7.255836172566405
-7.991714107147219
-7.122361237572483
-3.576426061039008
-5.417260134404292
-6.520621053454046
-5.610340461748536
-5.255506857948249
-3.806583884681835
-2.007888512213050
-4.560280313797372
-5.506652711706495
-4.648272092142173
-6.876436718521787
-4.204946511870743
-7.000039202057780
-7.714091504537388
-4.270011522726790
-4.570023076725356
-9.653263689274890
-8.049847692755607
-4.382763549746904
-7.651817297993739
-5.923604705200239
-3.434833391652011
-5.282512837914423
-5.651119712008990
-3.187090024185809
-2.695294101787235
-8.830042793618874
-7.875529548417651
-6.523355190160215
-8.228534903056632
-5.551739029292853
-3.349053793500200
-2.288614620901548
-4.850014399868881
-2.667763584508557
-8.779890412861700
-8.199899748484276
-6.024989157405796
-6.650510044703521
-5.310088967400194
-3.966231688133323
-4.199212282456102
-7.342225732722718
-5.318487090556390
-5.120214656750117
-3.997179834773265
-7.109726967241631
-5.589995815344833
-9.106819976311057
-8.722070454120690
-7.913962784813912
-6.449140895488656
-5.426636396829838
-9.459129323625874
-7.050304083564120
-5.088690979437692
-8.296705298896272
-5.404427761247904
-8.251260978843300
-9.085280225348455
-2.322119418488410
-5.637442434986655
-6.735065421757220
-4.875377400406880
-5.544208783558592
-3.301744210100241
-4.189083692158540
-5.934323070949608
-8.137380979623236
-4.060590189901355
-4.444603369469704
-7.056290003341678
-7.079218329430854
-6.266903732546170
-6.593422800519702
-7.967154365451291
-5.609440865082398
-6.388296421515305
-3.317268417344204
-7.551587469154364
-9.262688147891193
-7.617210577056265
-6.716896508510497
-6.185604850476844
-6.361312884620257
-8.586324547607957
-3.872127238136117
-5.863647728031511
-4.510159751906289
-5.377805236710797
-3.861000078487173
-4.857743962256261
-2.788345599446818
-4.746011362889588
-5.210825817641014
-4.590181082404730
-4.299482340027832
-5.623958675735945
-6.848637226634491
-7.313894404345597
-6.822006072580453
-5.923444443167739
-7.104633382645653
-4.084809138670436
-4.168070389946479
-5.652242737881092
-6.188117114775372
-5.186851756913314
-7.237150646612851
-3.913371655452315
-4.899413171499844
-6.718686868973919
-5.018897540411244
-2.521577812259920
-1.843481135252973
-2.551448260798422
-5.524389987596479
-6.661714592350542
-3.108004081897355
-5.233193434493325
-8.184618298861828
-7.910098818413816
-5.705996254827866
-6.686725587006747
-6.895447926915822
-8.681824656561600
-4.046089534740763
-3.537115680472948
-5.513934254913138
-4.685824118615066
-5.477752237235571
-6.750240414918937
-4.808916712483550
-3.271058141609105
-6.580940903083732
-8.284777568902776
-3.989593259913441
-5.480410306387318
-3.064258959756077
-6.091136829734422
-8.469850577816221
-2.850472986245652
-4.460022655468283
-4.952374570635065
-4.924262976004588
-5.791540095068243
-3.985578074925136
-3.473198392168144
-3.637281379633835
-7.017144904597205
-3.428677144520076
-5.094306163848062
-5.039293487860109
-5.067519289710797
-6.899725130843843
-6.988267447235987
-4.227478480890372
-6.311012843071095
-4.102846063576414
-3.633823554760919
-3.304938595506197
-6.274210854387366
-7.165706550526192
-7.797566948658010
-10.732486299595214
-6.245858398665019
-5.996581339688444
-7.283022109730204
-4.040434375215660
-8.287974846075848
-3.911997893199395
-5.495328577832109
-5.198135278339030
-9.367038113989237
-4.228845208123347
-6.326552366213565
-3.701263827827915
-2.288530218125672
-5.476279494112054
-6.249749937532058
-11.563866582120536
-5.756255259420263
-7.768642726425959
-7.439842989647448
-7.923949013116531
-5.287742301439391
-5.751205863997654
-3.027978263134415
-3.430237184706231
-4.648005881089301
-2.643018599006869
-1.397451702000927
-1.514179236469175
-4.595549096262808
-4.131271609254455
-8.113548446572192
-4.534034674492841
-6.784731712105793
-7.614327259411385
-4.067854605391007
-6.853091537695442
-3.939521106799438
-4.552071865998432
-8.104347821522540
-2.716246616667473
-3.881818333643596
-7.925539417147964
-3.432178303105494
-3.722725298324127
-0.546735185458534
-3.646234160208115
-4.398687366425252
-5.207473725285179
-3.098218570935769
-6.357558496986173
-5.839316460805396
-8.379872294600178
-5.350472895580324
-9.337967982072785
-7.252478559414892
-4.558555649539366
-4.819195248751875
-5.336002639341256
-5.469699386815676
-6.304471798703182
-3.251743785582598
0.413817255398704
-2.019451260640230
-7.737611897029561
-3.992110514951028
-5.820402251306186
-6.600668614966776
-2.796151536253765
-4.379585426632780
-6.261781926911737
-4.072810733417652
-5.407883980324219
-8.468754043507873
-7.800406531581774
-3.704938237726406
-3.865884246432568
-2.826231176863350
-2.667965722972482
-6.633923963108361
-5.762404893487706
-5.536049937127189
-7.536642693519041
-2.869344650977969
-5.666115926085567
-3.711711651669313
-7.859697717354384
-7.216737047340443
-5.688167892483357
-6.184364664990877
-7.706864153126554
-5.415759852436905
-6.378579805702677
-6.545246442859855
-2.941573975542995
-2.306536872780469
-12.536092178096073
-5.882160021769626
-3.785395302194468
-3.845050000147164
-4.730853617217275
-8.292203179628849
-5.860425964670223
-4.443900890766751
-5.858513885354402
-3.222807023668864
-4.269548739254017
-8.378076583044628
-4.593303234395246
-5.209106103886506
-6.936998866359921
-5.529030355526046
-6.673908914541542
-4.822949281142940
-10.476645375913538
-5.291804573368960
-8.454717896399622
-7.036994724406151
-7.803136487545984
-6.869181931938612
-3.158221696845275
-5.451783246707049
-8.032990809066389
-2.274251667004452
-6.410896107434497
-9.456344536509823
-3.575331435439419
-4.043182068892742
-5.794123879362516
-8.092316577691848
-6.775930229869593
-5.923364787552869
-6.810033085831400
-9.005097303742879
-5.498762242445698
-3.217044934179502
-6.239414030955539
-5.871121359050101
-7.545862448397375
-6.313489550490145
-8.895046504801396
-3.731567187692869
-7.736691250060123
-4.363724745351918
-6.599909443452426
-7.664578832347900
-3.814785947792071
-3.949526611743680
-6.969289342713236
-8.015942506634859
-5.382386309260371
-7.683595124339873
-3.535804812893698
-5.136539597397474
-1.350285542998488
-5.022875070208357
-4.998605385519002
-6.897793672344755
-4.879225839400295
-3.733964815434518
-4.105178315804376
-8.922621838945490
-2.678194516142461
-5.082532090844167
-4.598090814042628
-8.007297442238245
-6.819355816643063
-5.610289047827932
-3.519461067397365
-6.214966051629082
-5.278492105343537
-6.128681882679489
-6.308432190005420
-10.486266753669621
-7.536116425307167
-8.784482477557123
-7.847398260097429
-2.712198270069774
-3.843096806787083
-3.627340012462357
-5.723043014869774
-6.559678481356750
-7.706902169318584
-7.050408192371265
-9.995230012502674
-6.892004420642705
-8.747021667664230
-6.423221954198342
-9.328669694357419
-10.442149856530968
-8.100472310742834
-5.386500035822950
-6.972960017927754
-6.582850544939755
-10.817760498861327
-6.906989495602193
-5.192161605509050
-11.115687440593488
-6.355287339036458
-8.160465296918359
-8.038765760625358
-7.624375205471946
-6.526783306499148
-4.818989255482864
-6.692398000742599
-5.702665763893734
-7.686127091675317
-10.809813674714020
-10.034477410408288
-5.568628463647832
-4.767839923350631
-6.450341778668367
-6.270270149338982
-6.998047862588813
-6.511499688555197
-7.387473941777469
-5.437787470794506
-5.715578789153459
-7.076533181197203
-8.787616442443484
-6.784759493918353
-6.035312636345180
-6.353370328850718
-7.808144631596560
-3.490143111287732
-5.537003586874077
-7.429640482026172
-6.965485669946097
-3.520848182931129
-4.958284951118356
-3.562016183836529
-11.221895034121744
-4.639372520076016
-8.789910357204288
-4.435259855214628
-11.272660953307403
-4.309373089375526
-6.881889278949349
-7.837928154748713
-7.143120510445545
-6.129663107666418
-4.823006479494301
-8.318377080591116
-7.110782116571421
-10.884185946764152
-5.413582256288283
-8.190071373931016
-8.161064130789756
-7.867482225362506
-5.895101234741005
-4.573855932842625
-7.896337478478591
-5.987985842846498
-8.663094244673486
-8.089429915729333
-6.040065475648555
-5.149890312593677
-4.960430934745466
-4.383832822789286
-1.524503145450001
-3.601114668912996
-4.154002520759859
-7.307242665621208
-6.039548146796318
-7.506104512078394
-5.826107435120429
-2.182104242838204
-5.420984254983011
-8.473976975676766
-8.062932681942653
-8.524412217296955
-6.168874579431464
-7.605112786164497
-4.796061307979553
-5.657726503237702
-6.248597060433710
-5.991060538380137
-7.681216062922710
-4.937477576481800
-8.524196830901710
-7.211727465846582
-6.302745146241030
-6.650862126003003
-4.123907126565160
-5.093001433374964
-6.984881537880361
-7.865978587158694
-4.637966982983496
-9.957250528994104
-9.966970111007868
-5.552521861173159
-5.397442157279404
-7.787044996226534
-6.230271019336981
-5.688871099623674
-5.809503133224604
-5.610290729718772
-5.941674983533002
-6.500840326690521
-6.180230400514054
-6.261610650707406
-6.596917463228323
-7.217868169815423
-8.589020353302050
-7.638810652748077
-4.473925712730823
-5.004640243764755
-3.140688048468305
-4.226398110891248
-2.668370282370068
-8.559357322850500
-10.404874349740076
-5.804952020345335
-7.575346811727020
-7.324861595211059
-9.923112333679148
-7.552516025805349
-8.814562958262771
-8.486670543543259
-7.998242033992127
-6.481985966679518
-9.682137541364794
-7.157914524495243
-6.845749401897359
-7.506140584316244
-7.103858735775383
-4.547455111082061
-6.126613808392192
-7.666394656974117
-4.784191871366622
-6.797324197563853
-6.946594509898356
-7.190798812446223
-8.002918740362034
-7.690926081325617
-8.429627854318589
-6.448146410419972
-6.602510078859461
-8.564811142612609
-5.644748906945207
-7.390783686479450
-9.189105310162946
-9.148451956671536
-2.933301449577005
-5.282899241435508
-6.477754104376572
-7.160337201197751
-7.955032090553035
-4.162427872101026
-5.767416263805912
-7.389275153138498
-5.041186434360450
-4.205223381430224
-5.677613312870777
-6.826239935611833
-10.706599666627058
-5.952109665350794
-4.778529782207336
-6.105462380123388
-7.936897591709521
-6.632823815289013
-6.172832662009416
-6.752471659389357
-8.409429994054754
-8.852371110725279
-7.049669858922695
-7.033368362309143
-7.006832388961539
-5.398604903251233
-5.791025355960683
-10.140986813153059
-6.859568703766119
-7.573707349498800
-8.868362424686945
-7.272326255381265
-7.708250691324446
-9.306824647512288
-7.581750671311004
-5.544679798999316
-6.662797889203825
-8.503277240168414
-4.065027413663509
-5.017037933463827
-4.967768731737674
-7.214859768081220
-5.384358974135696
-5.545170361898879
-6.611883175481829
-4.925990762459923
-3.087103692579852
-4.818016431790224
-5.953938288935512
-5.533770692212817
-6.241672379112751
-4.304105399000345
-6.096490720123385
-5.184345641316357
-10.337680256227459
-9.801272692205664
-7.135506318954474
-6.406330238273651
-6.188201476456616
-8.628437196638126
-9.074007563865317
-5.935771569858748
-8.263542042629092
-7.976014518626798
-8.434826881241415
-11.270694597824342
-9.785115820049187
-7.770218450304524
-4.675448563031752
-7.481493920923375
-8.006217909471404
-10.654015657346079
-5.102508064039355
-7.128370172101214
-7.700051120033732
-5.150560896585335
-4.970673581385848
-5.203901098510227
-7.944851966919307
-6.373749280052594
-8.722759423211471
-8.444779135689940
-4.783859456499937
-7.247331979393691
-7.151374492227535
-5.647373321605544
-7.694696121746538
-6.126062625988475
-6.316981265708893
-7.065678531029896
-5.200290536934269
-6.973297585594533
-7.296242358291407
-4.336109868948991
-3.674837165625509
-7.676786461938693
-2.791289980093599
-5.718262652918760
-6.755826726350888
-4.432322522736310
-4.885209447777873
-2.515557792357593
-6.765693101620482
-1.858612945132663
-6.344437600043058
-7.161835443386725
-2.217527375833714
-4.582725876831476
-3.201319700641874
-4.692708333953407
-4.942105556020544
-4.381566038240479
-6.301261034891096
-4.759053164945388
-6.494816964985101
-7.710632654367921
-4.417674318328574
-8.254773119503831
-4.635678808153592
-4.491348319985054
-8.829211567243911
-4.133975746369085
-6.191278953041785
-4.805586315099347
-5.959643105613151
-5.393353165391240
-2.672232510097271
-5.576407055358003
-5.898270390952709
-3.651962464170321
-5.383937813895215
-5.461491568584744
-5.589537245569540
-6.856877151972103
-8.260173631985145
-6.100667165637422
-6.753216235056022
-4.890042226883481
-5.893670810296871
-3.141984814379555
-2.662740460249724
-8.626300659886949
-6.453177728565684
-3.486173682090822
-5.491666784141231
-6.168828631058057
-7.848231548028102
-5.096577804390805
-5.462529589474455
-4.831872257249040
-7.536486974420574
-6.882251822497071
-4.893129509850604
-7.968388050812441
-9.062633739331975
-4.391378177614823
-4.475027247746557
-6.610337857177879
-4.169832184330177
-4.470535106221385
-6.827464188234901
-8.752014055859464
-7.797248298102827
-6.652017458244269
-8.460250927542356
-4.081388514075008
-2.807432546663454
-1.553167811725638
-2.766749990458900
-4.347199324080984
-5.233987567299883
-4.476265798930051
-5.380635578854569
-7.967495056942949
-3.678114456428456
-8.628219134995435
-8.645794272491566
-6.400697308198689
-5.804560354073894
-7.530269937578135
-8.271770452085736
-7.708476480777258
-6.001168398824205
-5.477702267121918
-3.246540090625733
-2.870632404277014
-5.312205949483079
-7.221248581561250
-4.515990590010965
-6.038871378083125
-6.286038425640787
-6.769643956040842
-6.361996642852267
-5.295461348463103
-7.669660217250675
-6.283323879314901
-8.069848125293273
-2.768020973168496
-5.453156923471697
-3.587423497144161
-7.605097583865402
-6.750728061006922
-4.808269723938563
-7.578483236882806
-3.406424527839906
-5.708090110650602
-1.161056507679523
-8.834783041523227
-5.432259036745062
-8.668577449361903
-4.923900464074081
-7.112757256732981
-3.390941446867583
-5.788556197959126
-5.664583594971300
-2.786482243003695
-1.413536475642364
-4.697027197067386
-4.714192490193697
-5.171882329209795
-6.753080972639261
-4.858128601255186
-5.503280548757125
-2.618884919290149
-2.384155117125298
-4.998734942138081
-4.434969663422303
-4.013778356907435
-4.734822616749527
-10.111395559415788
-6.349218995567052
-6.303703405586746
-6.310233297535149
-4.645136924954798
-4.059600895526136
-6.670265986807610
-3.668393201823889
-3.855675650512107
-5.794368896937937
-3.302613656772092
-2.947690900352677
-6.327481564321944
-5.978729325904506
-3.668754300830459
-3.979104035605177
-10.205952256890951
-8.788553582395545
-10.580637742932964
-7.142362601989902
-7.860807959894546
-9.802920617819513
-7.786657292312781
-7.695510308071856
-10.371108777583835
-9.666389503774905
-9.642748200780025
-5.092560464209866
-6.491101113949042
-6.497720995591221
-7.977911757220522
-9.116000515591859
-6.436958584959325
-6.506830216818980
-5.561711950091231
-7.470947417646600
-8.519857190142835
-6.247427005371918
-7.341778980382989
-6.361391967268489
-8.003456161475217
-9.853202859971942
-4.998442904467097
-7.642810819242190
-7.385805790242141
-4.578505078273231
-9.915260590236786
-8.999445286976746
-7.759844011147631
-8.521885167380573
-8.814467998633024
-7.983195778059359
-6.617985572210153
-9.306598071533415
-6.010804383951690
-6.815403289770402
-9.323143028547888
-6.435271371081824
-7.644293545115514
-7.167735964285188
-9.458396209125137
-8.899010172187252
-7.578908401817373
-8.011295874358407
-7.028491807877174
-9.789925714384824
-6.618259038401093
-7.551858569864387
-5.256575156768148
-4.280701755463714
-5.678264936346634
-7.144830015081887
-7.531268031421823
-5.957380698079134
-5.910505805429163
-5.237887148715895
-6.263603370224159
-8.152033039865533
-7.712207334382701
-10.697266578567293
-3.589653704346505
-5.013585552712968
-6.210288883001710
-6.870279080050381
-6.300709092456859
-4.082053328559375
-2.970210529168144
-5.933514436454031
-4.258755520929673
-4.016426452866994
-5.590769452111920
-5.884491810840409
-6.330992932097044
-7.031500764307451
-8.464968236334034
-6.224738965754509
-2.972650392225244
-6.184635618373466
-6.771670165974416
-3.217527282668241
-7.255763590743940
-7.298711025215648
-5.549590052323135
-7.886985476986316
-4.200018544496065
-3.868588473585055
-4.719522867553376
-6.366912742456699
-6.823374161158439
-8.617591978305862
-4.884953398785810
-7.539200708189212
-6.466091067670086
-8.369058186889928
-6.470305407020986
-6.922515690321974
-6.744163835352653
-5.394975406805932
-5.628258821560276
-7.153436203252746
-7.053745594309783
-7.321277163738135
-5.785224889789782
-8.086405705599880
-9.223359985395359
-3.575248313595274
-3.707620768228218
-4.466812621183323
-6.849917475519405
-6.818274401891861
-7.368362383078071
-5.185815895834778
-8.531681571813277
-5.677361067321481
-2.194159451185327
-9.639021738093579
-9.453945825998762
-8.861326714636508
-4.292319619907000
-7.785301238485796
-6.397208744008176
-6.914589702177759
-6.949646193899546
-5.514237368590901
-8.335222982677564
-4.370091899894252
-4.516156140028785
-6.783658277044540
-6.949642202655818
-8.636489638103564
-7.054308074572331
-3.384858474559616
-6.919205761362679
-7.120738293551222
-6.536129178507453
-7.390210286477090
-8.659173586782380
-5.008905695504045
-8.069352562488758
-10.367309492554938
-9.372522868678598
-4.463731097308592
-4.770048886466727
-6.889061297596593
-6.105214566376787
-6.040242272601411
-8.638704638204294
-5.627595416801568
-5.723902818428061
-7.149540945642309
-10.437078924464881
-4.980711339244613
-3.736671819223616
-6.255520968199922
-10.727065470808064
-7.322216710255147
-9.064138815061241
-6.837547816646420
-7.601329023872101
-6.938700086104624
-6.689997091154285
-6.427482809385867
-6.948600806586420
-4.012958016743003
-7.145353575593649
-5.652507936218766
-8.336203205029530
-5.524738072086918
-6.683725155138699
-5.006054597022104
-2.523313257054355
-4.245528928451395
-7.317830948704422
-11.849004239289986
-8.061392284067942
-9.437689996122797
-9.472993834145923
-9.964476424318628
-10.788246051247734
-6.095492982352417
-7.753094281763294
-11.986614396902770
-9.695228002331335
-11.989992837007637
-6.998740679840674
-9.247709155919505
-6.890810700669421
-8.231445799676671
-6.589117008977009
-9.100333548469029
-10.843476337717163
-6.603418059785387
-7.552170559902188
-10.193973065102076
-5.425907878560638
-3.752080537960230
-7.564812760924799
-6.323213004245027
-5.266360673168937
-6.591486995111081
-4.976504131989201
-5.010779742708545
-7.651163161978521
-5.157023729524995
-7.160809689140247
-5.658665321208073
-7.639332073649431
-5.688863578756975
-6.636169175796587
-3.874878111175784
-9.359201361683523
-7.147584183604138
-4.217806635968989
-4.683186345933263
-5.281040213537275
-6.106480275623749
-8.103037491136314
-7.164556139794737
-9.185201954611843
-5.683257062996260
-7.623222558310662
-7.823576956706338
-6.033184024524990
-8.406160322321488
-10.287000541818571
-11.180138474455564
-7.198037147741586
-8.389415947300199
-10.340228701698752
-8.088830699037635
-9.590332254205386
-6.187615092883135
-7.763773554156522
-7.223384455997262
-8.755862363327960
-8.001278666760278
-6.327130982342984
-5.480615508186379
-10.073917862271346
-2.076859643974799
-3.243373637249128
-4.616088127280895
-4.686683487274133
-6.566202757599526
-6.047853606550508
-8.517787767320915
-7.340010817030729
-6.516514314153253
-7.593845504617982
-9.425797326328265
-9.627212640868992
-4.491701461277929
-5.894609966218124
-8.775467299953561
-7.802124749972569
-7.376498014437191
-6.321033068057685
-6.115195100362525
-2.229442525149005
-8.670738888994524
-6.688837658753776
-5.223347734269089
-6.721060323158150
-7.111107550832715
-7.633377694129967
-7.059026551545819
-9.590842243300900
-3.750591861763312
-5.308171864589894
-6.427822840336820
-5.275196273839830
-8.259843905354614
-6.749407404813855
-8.788448014852618
-4.257788888949634
-4.614336817893853
-7.386931912187128
-6.578419018961454
-5.917517937727136
-3.231507042467752
-6.012875710264979
-6.094977404597095
-8.346802879824104
-8.415927109509328
-9.724714570271795
-8.577787070014779
-5.458373728750389
-7.836188010922488
-3.166879976535696
-5.471669710321379
-7.377228648855232
-3.635653903020845
-7.556809200630926
-5.574846757934036
-2.868702203402377
-3.421234126294012
-8.758480424580778
-7.805807696537437
-8.730503916541922
-8.536090000733806
-7.575342134912647
-7.081317280343288
-8.525520040392266
-7.432206500309722
-8.483136888532265
-5.890340635274463
-6.008096134252424
-8.095469656170710
-8.557311219400875
-11.180621878156089
-6.631656762767752
-8.196251446965617
-6.109538925668421
-5.932536677449600
-7.979371646220519
-6.648875833531924
-8.102749668071697
-6.567587363294684
-7.409670570544613
-7.115141065540714
-7.820299051999039
-9.964986054593126
-6.020403124503312
-6.517902787009125
-8.303403784410907
-6.235146054258533
-6.446291844841109
-10.424227105340330
-8.097999904360968
-10.862547816257269
-4.198823866392407
-4.854878263515509
-6.065128332565424
-8.531478824103246
-6.170691645547208
-7.508902537042764
-8.768149954360462
-5.774457688751037
-8.568584831284667
-6.269189806069362
-4.926080128802265
-8.831491211414292
-5.831605409904419
-10.056425839415052
-8.745868656370213
-8.594203533853747
-9.284351501286547
-4.944028940188190
-4.703631834914726
-7.451434576544680
-6.364547728611952
-6.805215347460757
-6.085218284135605
-9.394771083840345
-6.228617330272296
-5.455525121753103
-7.309209422497221
-7.528838784692211
-6.952391656302352
-7.362918557062081
-5.898687761123229
-5.900440850603777
-5.791745379266902
-7.543359837439787
-8.471354789060971
-10.832875094423439
-8.756314206661683
-5.957430338565679
-7.366153068225317
-7.886777954712552
-7.465355316470333
-6.885388041775150
-10.514858853431136
-7.606401626202528
-6.931163729459745
-6.611737339845750
-5.054077569633782
-4.636791268260938
-7.482967978148082
-7.092203142891913
-9.309504994279864
-7.767194696003018
-6.423031961353245
-7.561734001037189
-6.789420222134291
-6.835953956683128
-6.601549583648219
-7.211282088436337
-5.277140863704383
-4.951125201682837
-7.643517864463400
-5.839294676379231
-4.994909720260520
-8.768127808494718
-8.465681712065722
-5.741158819118367
-6.245368290915038
-6.457198840700750
-9.434667879280621
-3.299614539178390
-2.904133546521457
-7.965039749664048
-7.576292991258872
-6.275557322067151
-3.435881508415920
-5.820472526559824
-5.274807552055866
-5.063063680011281
-4.834925637089498
-3.048639817841560
-4.534627934656697
-4.597737585559658
-5.089760173041268
-5.873019071009939
-4.229450327198652
-6.308797038281675
-6.860655679829184
-3.961011844992576
-4.983018156881626
-7.646164170024590
-9.284405093529491
-6.013833354823500
-6.698065488525113
-7.413126059946221
-6.083780197704228
-6.277379826229851
-3.959362502441532
-4.472246404676101
-6.009085785239769
-4.859659478610648
-5.684776397300081
-6.190055329066798
-7.508549518832054
-4.566340335683689
-3.142382521970619
-5.696789274044956
-6.259351551910608
-4.820626561826056
-4.039663017189616
-5.585780514552852
-4.953957053348428
-7.105005396174159
-6.362935203299299
-3.184491826708881
-1.705115112999970
-2.944239535312265
-3.367977633038250
-4.529954668336535
-3.842979141310068
-3.702625344389952
-7.182897958372172
-6.073362737664989
-4.393762977940120
-5.606032503353642
-10.074895368732575
-7.031652794820286
-11.960716033988978
-10.695743244159127
-9.670701234490570
-7.768356920132865
-7.612711687620494
-4.772782212603834
-9.079653181272274
-6.625443474925281
-8.721961983261140
-6.077560588750390
-5.624224480484074
-6.805895275760376
-5.089813233314746
-5.246538410421048
-6.553546441108248
-5.539626781635599
-7.679315036700112
-6.524476709043034
-7.133635498664041
-8.718032928579476
-8.179191999288715
-7.625710799283513
-6.508611114578764
-8.266945434106544
-6.116957920759771
-7.114645158150039
-6.964394810268344
-6.691280352307620
-6.018175782360533
-8.458092198066677
-4.841346489395708
-3.245955783764389
-7.589170153557611
-4.666131301637524
-3.468694743498297
-6.065426201160439
-1.700623466939654
-6.575325481419236
-12.029700007320294
-8.060922318315718
-10.617762321602909
-5.416776926630903
-4.391220371851397
-4.906748815891062
-5.721196885441565
-2.670602120638957
-3.776981604119539
-4.834834340843053
-9.208955413191603
-8.015058183700779
-6.553462968060926
-2.339419087572701
-7.684390529011891
-8.141915776137424
-9.904642589199964
-5.479699470211137
-6.005613509193495
-4.704714849758697
-4.421492691199630
-4.029482446102258
-8.708782048687018
-6.480882310551985
-3.806868416798791
-3.880223213751252
-7.144451889909115
-6.545213101600631
-4.084948127061401
-4.620981710236062
-5.654853271642038
-6.113764839811187
-6.529600266546346
-5.785506941360214
-7.577275277347309
-8.255871244886936
-5.915507586529103
-9.004061969115314
-9.817457221060764
-9.643292560089318
-5.107890732880103
-5.048964994434078
-4.511848486252225
-9.282621475127941
-8.123184224879155
-6.034129522142525
-1.300543858030535
-3.137465136822655
-3.747287079490651
-2.654234306885512
-10.388170411158370
-3.119259937713531
-3.980841071824158
-6.985377762558767
-5.698579545055273
-7.710319957723675
-7.350198863010975
-6.982901124763050
-10.487368315873052
-4.293057107550780
-6.649714323762765
-7.279606853516409
-4.396368049850334
-7.674541716146688
-9.477998006855774
-5.788422533471910
-6.041082375855632
-2.973466735476703
-5.777747993721031
-10.178779557447529
-10.780339837694246
-6.347263768789988
-7.233159714863780
-2.702020755840638
-5.126656817784107
-8.390148054759909
-8.990658477742548
-7.033102632862781
-7.089055351672149
-7.625326817261198
-8.350607953533512
-4.560691820021381
-4.407319546616780
-5.566365311070058
-7.412191971473124
-5.722176931709396
-9.842885997332926
-8.468185428979881
-8.632326289846620
-8.386353843856780
-5.305582381333389
-5.231016266151005
-0.203729640529328
-5.118615202269218
-4.233247867954301
-6.601987616103435
-4.101260546149097
-2.672436739812722
-3.909574298014332
-5.771833527695037
-8.474011938681310
-9.694607974323038
-7.050317015644062
-6.204312866824880
-6.563166005832210
-4.704443507947228
-10.654900277057866
-4.504829858002038
-8.367063310952641
-7.738085856800264
-0.693240533652775
-1.858707039918407
-5.042934261332802
-6.531826965958147
-4.421377767954928
-11.428372966469066
-5.026123466402915
-6.675467049623873
-6.063457594528530
-9.285883422166245
-10.413924786165305
-2.927750102386485
-2.246263777824990
-6.654589627512349
-8.431293333689391
-11.504832822925803
-3.368112886424607
-2.506820879317485
-4.006904315786183
-6.480084452885421
-3.784923347778270
-2.500312917381596
-7.157517394411038
-10.328412719612121
-5.652434619873475
-6.545015417172728
-3.042160948685061
-7.307091727967458
-5.274440516726973
-5.670869844490463
-4.297719311520707
-4.065977156011665
-1.277456564909353
-4.352040496530844
-9.777238809225530
-4.153275686554652
-5.307037350938431
-6.955592801966052
-2.768275616671484
-4.670349432741962
-6.454005638752524
-2.941573975542995
-9.964361602429717
-6.350056321232373
-8.856404932723390
-3.453090672903391
-5.862552579152317
-4.172630003122642
-6.679655870289448
-6.670138972422800
-2.865185629679540
-6.383335047954592
-13.173341470167223
-10.460522246615112
-4.663017788071517
-5.823611012550972
-4.585486209944069
-2.704652851666382
-7.662712232025808
-4.718650654106640
-6.790809293942161
-8.648296295794873
-2.564314862058370
-6.695840513092827
-2.568475415812549
-2.676954264518299
-5.663182562854042
-2.229368872222194
-4.113450471951650
-6.771614849570399
-7.101477493133288
-4.993725303407243
-8.335833676535213
-7.070754363739480
-8.700626775821078
-6.016905741341238
-5.152323579081339
-4.822287027686105
-5.512425203919816
-5.701962366183166
-5.178501975464421
-7.962030674513773
-7.604481617810456
-9.770367371128193
-7.687142580544026
-4.941802647742509
-5.570022466768829
-7.112452481541915
-6.496724668617687
-8.060510884470544
-5.911786755546175
-8.349308639860380
-13.669245216163764
-7.702294834890402
-9.126821349049914
-7.856160779481363
-6.495847017366013
-8.333569562941445
-6.385180976661654
-8.441426392449358
-4.929418906605336
-6.916248814142177
-8.264619368958705
-2.070019409484485
-6.440006931448290
-3.583976364150319
-8.055648642818426
-6.271136356932548
-8.251952535759379
-4.602341225505730
-5.797933635748608
-7.296885931919305
-9.000247195188775
-5.117550781386478
-4.730200156631930
-9.172265268136959
-9.941931360131671
-9.285255495968043
-6.932802826173875
-7.579716367389028
-7.140649920760267
-7.223888738568133
-3.782210030767231
-6.670356753575601
-6.174759333756564
-7.816402944032061
-10.765449014417307
-7.006954250956239
-7.390447683099149
-8.906934326519485
-9.943319218598365
-5.709608972477948
-8.627669483196513
-6.794990741450079
-8.098120096707969
-10.316560205620908
-7.967228855918218
-7.087159273366741
-9.668496887747404
-6.510701090454523
-7.311424493534536
-5.488272899558048
-6.707109956049079
-8.844105591156641
-6.111496005983007
-5.331852140055164
-5.960893819486021
-6.910514969685193
-2.556580538217183
-4.865252167162643
-8.391261180033359
-11.278369698925218
-6.575225872722476
-9.634912105938552
-8.197008589066682
-5.920842173913778
-7.606514472444831
-11.372141110931702
-8.089813640275677
-9.720235305075642
-6.030524308701841
-7.747092569158228
-5.106613157038229
-6.219908942188226
-6.275061525811209
-6.229590088801809
-8.416274870651408
-9.219246840405482
-6.097252489318948
-10.515466554550423
-8.965302518895145
-7.828028056576603
-8.533436265294492
-13.976701322366482
-7.944065584985119
-8.458542519092948
-11.263637458489020
-10.645250874729900
-11.706702293721747
-11.330194893578975
-10.815058984033794
-7.994013066893815
-8.982494017228120
-12.239492212478778
-8.208111822788544
-9.461214101836516
-6.462445252925398
-7.395876024596143
-7.567774083087848
-10.497746250010646
-11.140370463200657
-8.760164404362033
-7.224118108503943
-9.490434745899291
-8.330816845992553
-6.878390738341281
-8.732013283837976
-5.360075832024851
-4.623992780205624
-4.390520664178672
-9.681140810919008
-10.984371702243390
-6.002971642326568
-4.275841583605179
-4.207988769165806
-7.059165202253053
-5.927793118424913
-7.692126550928779
-7.586286927291171
-4.744288963137839
-6.024376605106859
-9.916509975609010
-10.736895023036269
-5.755584553072199
-2.653255945395151
-4.418050903401002
-3.873050998691701
-4.803070140424079
-5.202297986579442
-6.643695388443987
-4.850332677316289
-6.440044405339068
-7.399082535364103
-8.680022171774551
-8.616971525361194
-10.287058018928226
-11.370272893781923
-7.851232363138741
-6.223496350170483
-7.551997880410919
-7.458047984414566
-6.364083728367157
-9.952770110715086
-5.873894056718949
-6.144436888928911
-9.632393835300917
-12.252243287190980
-6.974411157081364
-8.574961071129286
-5.559515497204971
-5.351165855864566
-6.189675781600021
-5.036687560348509
-4.314851886316261
-6.714335366010937
-6.658478399699240
-6.876537475029097
-10.186521547720393
-9.560674229668592
-11.510715430115303
-8.362019066118908
-7.682450051794381
-11.828166945253530
-7.508399353043532
-8.351854805150865
-6.253847078349651
-6.462686621101658
-8.320769516920082
-7.352657019097378
-9.611655377433628
-5.342331735096563
-7.128167276463074
-5.479685101890484
-4.807759170821393
-6.628929751887259
-3.198993585586039
-6.607628673377820
-6.889082416797411
-4.092965158336197
-8.748111396425816
-0.660294218110149
-8.583112594061193
-6.072724179196381
-5.191009774234865
-8.194919590795536
-9.440457941686137
-5.185924921379580
-8.309874623550243
-5.882453273293939
-6.689989925120845
-6.711166806324012
-7.239086541552328
-5.523122477474888
-6.706988873103461
-6.085494011392192
-5.892881543804814
-4.326515521240259
-6.459384962230676
-3.826720907419428
-7.135376248379244
-4.748548040582468
-6.952115791359333
-5.170404295404879
-3.715278796617448
-1.720333055951544
-8.517521408216044
-6.107447050456420
-1.718807496394676
-6.984344086330494
-8.922046236112672
-6.702868494105611
-7.164283779896268
-6.014656904987419
-5.284809415130619
-7.253707747194275
-8.613613780158916
-6.458235128598917
-7.210082019957733
-8.541734064741435
-5.668249372676610
-5.427548475408756
-4.148602187463790
-3.530139438048692
-4.424603519765837
-7.737292054777451
-4.833469267015804
-5.496650558213627
-6.045835904199865
-5.130564440352622
-7.374910963528691
-8.599749645047750
-6.085135012349138
-8.262001714022356
-6.497513198670770
-7.795445120953606
-4.916575434775257
-6.234353994127753
-6.056262053603998
-6.484004536438411
-5.929252953578527
-6.189044285666327
-5.146857538175857
-3.811086898125814
-7.240354271659103
-6.408156725499633
-5.332442018452310
-7.135359834599708
-6.251690986874129
-3.388473179827457
-6.735731751311013
-4.099712986125111
-6.007201052767408
-6.064566188551758
-7.190828880703455
-4.548395662576789
-5.915840226047441
-6.161127711004053
-7.365235250518372
-8.919280669111409
-6.700404090731522
-7.261452867779118
-9.034277840586281
-8.067270205929548
-7.879424851455263
-8.496037986852864
-8.163177496481971
-5.997968733053448
-5.094359096538096
-6.446475176214454
-7.098732942154623
-7.130767835410850
-7.287301439625393
-3.478408985890969
-5.350044893851429
-5.392874875256494
-5.862621025032327
-5.614170529593243
-7.306637852488262
-4.730444886901235
-6.174550260240973
-6.874572743070965
-4.962825178895662
-5.868147306294468
-4.915082679267016
-1.460209033654259
-3.100066102992285
-6.951437989652939
-4.464782202206387
-3.268819660391880
-5.064787779274841
-4.023500369735505
-3.734727809927242
-4.071323857591303
-6.390853607135705
-5.107461922955791
-5.404141727530660
-5.649148477865701
-6.984802787496450
-4.802656803204258
-6.885355931260258
-9.293937075171961
-5.941026737382335
-6.014425859911263
-5.965741139635496
-7.648901156400941
-4.803627265858735
-5.626993259397689
-5.861961878803201
-6.467922761595853
-5.366502614301616
-6.154119805496904
-7.173349383849430
-6.819017677149817
-6.140444324680500
-5.842452015426662
-7.522760749024154
-3.367766070558458
-5.297365740201029
-9.682041196429529
-3.712754496186531
-2.823041019413092
-7.888584303543438
-8.451011355787314
-4.834959997669618
-7.202322019087537
-4.148118391896246
-6.161219253079679
-6.809411082352026
-4.382026960045804
-4.972666239165595
-9.556838073278364
-5.722059848789298
-3.947357199357452
-6.501566618906043
-4.294302986196350
-7.094597126740481
-6.591460837624775
-7.289783831857985
-3.960778671035621
-0.629041187053889
-3.333558423619164
-6.236725855548426
-6.863060904566568
-2.967381239149280
-5.269686131763955
-2.940815382368629
-5.059698239106189
-4.252820594063250
-6.645877757809722
-6.497526070236570
-5.224663978098248
-7.809864053041972
-5.224911694047754
-4.549674861380682
-4.689299033947491
-5.279500155487858
-7.207968332204654
-6.738231419144209
-8.251447299390472
-6.578156449821137
-6.007085759368659
-8.020501092615671
-5.381532374496625
-2.723998010037950
-7.820103572667978
-7.166076356317887
-6.907370342173425
-10.514302274438178
-7.746968207505159
-7.115824502177257
-7.715164016008707
-13.048563597196399
-9.760850697581647
-8.564309759486513
-7.996321087329344
-6.297822963003422
-4.567503583035290
-5.850969467528514
-8.739221162057211
-7.388125992472441
-5.550772763518443
-6.119535559649646
-4.965900658192802
-6.376401245251941
-7.386247512493172
-4.844068588642632
-2.827397068790140
-3.497809229194159
-3.449049652356269
-6.802173723681709
-7.830821179409566
-4.171807134717169
-5.163572531340040
-7.340311882470805
-5.757399357151828
-7.917504928718810
-6.065640402272356
-5.985691708373852
-5.013379914708759
-5.928171995785513
-7.126437154435999
-6.211825978823471
-7.689715192986013
-7.178900135227128
-7.789688442855841
-8.314401351419896
-4.608602498998438
-4.132202601370254
-8.144823482137777
-5.103148613847465
-4.567727652033433
-8.709426109362978
-7.265011778660523
-8.167386475160141
-9.090048746915500
-4.684475482024852
-5.549360216278728
-9.339511193957875
-6.230779713062812
-6.328522965088566
-4.493603500658347
-5.618113988157086
-4.585691823811738
-3.403548704460233
-7.877943355077758
-6.666522990952563
-8.238486299472223
-5.999881835862268
-6.109394069809133
-10.024436266891954
-8.098684545751285
-7.806475110985746
-6.405735114497073
-8.939956276526122
-6.049289175593401
-8.558679074809497
-4.669465625208172
-5.767441065695403
-8.126185167511601
-7.608240956810433
-5.834381934792727
-7.132525757941975
-5.507737135096994
-7.025596117783791
-7.803298434745342
-5.715937047041323
-5.185703934513210
-9.628367133465817
-6.398307416482206
-4.419099970186330
-6.970894271948965
-3.415649820901539
-6.023107114031692
-7.845490865431300
-5.839307776301828
-5.961702229617248
-8.435191421791140
-9.256655548705929
-7.068411865589658
-6.841651312053602
-8.560784058639243
-5.354564024061723
-3.823625450419658
-7.004772732761958
-5.166939374869532
-7.825836744771611
-5.877444400354372
-6.264470368610466
-3.482855475921486
-6.642799325158719
-4.021581985278337
-5.506133955480069
-8.202778194795055
-5.336304261681288
-10.009545553448319
-9.056720459143978
-9.308810657910703
-6.577077889518191
-6.797972781100769
-5.306078982392907
-5.015969325452754
-6.711209487182368
-9.021325973026041
-7.736208084343458
-2.825940192274975
-4.737068985862991
-2.323946875348128
-5.145847545808493
-7.335094611677563
-5.890689110901107
-5.565000677605814
-7.792682605524519
-6.208254175231227
-4.983808290678921
-4.751105035356289
-3.745025663182081
-4.665430705697048
-6.229046890481825
-10.003597623573288
-10.445073734579651
-7.578105988935350
-5.167726711889075
-6.710545191150035
-7.052199574228353
-4.689986964300943
-7.004983049326984
-9.137929742987868
-5.160554498905872
-8.385983121936047
-7.827040308773294
-9.577843906300336
-5.494669461930757
-10.520261995903940
-2.986741334716483
-6.379353017550380
-8.903404401430896
-10.040895934917078
-7.134195200798138
-9.927449792869711
-7.667306104624314
-8.309989141744154
-9.699858874008850
-7.803381524308926
-11.333726604521781
-8.092060858498273
-9.853847197834071
-6.311901292812379
-8.322451541378948
-7.243404651177105
-6.627382544869919
-7.516352396622460
-9.999593399783034
-7.789563356366552
-10.219527551444154
-6.637229794931985
-6.836591442820900
-7.891169194299903
-6.964904260602967
-5.926809768530888
-6.833079419330028
-4.848437647029293
-4.278961365962196
-7.533783385621314
-6.712152402935580
-7.391010071132703
-8.658865438058742
-7.441510715953859
-5.510117804283544
-5.331888807389545
-7.888596343403604
-8.173415132866019
-4.437374867962380
-6.888560960673931
-4.980810949503902
-5.837409264798745
-4.146308735166331
-6.313715730516862
-6.431730099398417
-8.036515414157517
-6.350977433374537
-7.414007370150353
-4.228217236331378
-4.164652174515624
-6.194127422554124
-5.767901942898222
-7.913736052195685
-5.630804411994639
-6.356958204446035
-5.667705418406839
-6.230927713362335
-7.146811140147809
-4.910587279726526
-3.735225910758492
-6.650448242412902
-4.932767030165878
-6.690130802222413
-5.124980025499681
-5.900638648152825
-6.252324785780643
-6.207024304777887
-3.987673970785861
-7.045237756713424
-5.788242640110425
-5.804759101840325
-6.990980625627151
-6.746221150280815
-4.111479177476131
-5.714478466629854
-7.529755725360801
-4.486984403163048
-4.046903636850462
-5.756271409028900
-3.492252248717909
-5.292182625723654
-6.377431206990470
-5.474253944717932
-7.974793267618317
-7.109793306700590
-9.760950631355898
-10.110270450857410
-8.373124500969260
-5.858367560310445
-3.212228031280115
-3.936773914147195
-3.680964183348511
-4.279767265673457
-6.952589466968552
-6.848230062924145
-6.922294987741576
-6.982210044215903
-8.743126695766865
-8.025487978893798
-8.517077433878992
-9.433634900180262
-6.891444863005640
-9.003956630612908
-10.029527588496236
-7.255968353748935
-7.663732152619948
-6.713566617637972
-11.635624448149166
-15.092076319776243
-5.278685444390305
-6.264308391519245
-8.818399776569558
-7.052781712190285
-5.519504997440383
-6.770541161291682
-7.380795288166522
-7.364088483803809
-5.460272309645149
-6.781283798656678
-9.531376574144129
-8.498837861906052
-7.562419385766027
-9.731189850280247
-8.256055517965779
-8.140270422711914
-8.160405930421554
-7.547325536645716
-8.443300544936804
-5.967297538767001
-5.196100004911784
-6.705991843278388
-9.278538854696412
-8.270344957986177
-4.312509477777501
-4.631824939398009
-4.281562569879549
-4.612746853757097
-10.860596704558063
-8.419807612722071
-7.367274972391954
-5.875888438110185
-6.291187559790901
-5.162449338821237
-5.713045950899830
-8.486549596569906
-6.798875608096230
-6.473759222978726
-5.880198826190822
-8.305679394905694
-6.169913949369779
-6.901716219845034
-10.086610517594318
-3.076215600340033
-6.322799659649956
-8.316420464881297
-4.187483764678099
-7.075821756547410
-5.637128689134401
-9.663842171705831
-7.379295997961360
-7.172274145695436
-6.532595661096713
-8.847081364700090
-7.646248965050244
-7.890706270876584
-8.376064397872332
-3.996232743731020
-10.697589214803763
-9.567074360318500
-7.461385421059148
-9.554300080365373
-9.713551701982531
-8.046980696141249
-8.688273856290692
-9.996349987944550
-7.171638946092962
-9.773699737615198
-4.532888908010780
-6.457927153984138
-4.053865289862945
-2.642255674819625
-5.478782344354696
-6.746186784700771
-6.952493246225228
-6.952781430956978
-6.539470896009041
-7.245030856072360
-5.248255067869970
-6.427316519401052
-5.492042710805347
-6.459968846527409
-7.190343020353305
-7.359252954431597
-8.794527041383471
-9.046441570435952
-3.734376663845571
-6.633617100582097
-6.612930496728282
-6.582162057896244
-9.152840716290896
-8.733729345595831
-7.194006121030212
-6.939550722736954
-5.808638981011033
-7.485692979595974
-10.888117506470467
-10.322448158731415
-9.718352495016706
-8.679396364251232
-7.583785931206230
-4.213624773057550
-9.603676519981477
-7.702103972973714
-6.880273443454425
-8.130967188668823
-8.221658344545318
-7.324317207208359
-7.072408362806646
-7.321218039598699
-11.492418733723703
-9.636305168008338
-7.485847995494908
-8.768457319676941
-8.139220762394993
-7.967690407303776
-7.427425964730836
-9.192039986697781
-6.926586477406047
-6.212695718918249
-7.667843751472656
-6.444382372462264
-7.914410068747853
-7.062843853387894
-6.864951937699744
-7.581913132345076
-7.518568627467210
-9.343591927757810
-5.872359314830277
-7.020215317769256
-5.713556235910346
-5.159362156457439
-6.090777502180578
-7.597090652205560
-5.144754414253202
-5.617521335170512
-4.063794720646138
-6.411490662926927
-5.724177897650206
-4.139418165102851
-8.607516499539166
-6.494845632613800
-4.994967906815703
-7.067601562013792
-7.938573119406208
-8.735791884529190
-7.122842761663875
-8.375819447069476
-7.196561478835718
-5.649607567865207
-7.520260411620677
-5.776799212179914
-7.832267403564182
-8.281824479127273
-12.015967876901422
-9.518685177511180
-9.057641217410604
-8.807070738888314
-6.334384883030986
-6.731769096917782
-7.621467257921861
-6.589576105578842
-7.705760342852557
-7.775800112314031
-5.257395080451857
-6.197256271472109
-5.710969753771464
-8.809445389458229
-7.440243894252032
-6.460032954338578
-6.342824081316985
-4.879547912066784
-7.125072078533499
-8.260406020471178
-8.179687705755372
-4.204877433250997
-5.930725709970916
-7.400693320039456
-4.344852076150019
-7.305763185462331
-6.598378249420318
-5.169838264611201
-5.833806556752820
-6.990197502032523
-7.312166081205235
-8.280692846867595
-8.288883079277394
-5.353691867316432
-6.267518718552235
-4.654653478891567
-8.824712370012588
-7.420884435522504
-7.020162571976717
-8.369326907338211
-8.378182875465646
-7.324392087293621
-6.854444241894870
-8.772076862434286
-11.453634377214760
-7.653855996894573
-8.099068414580474
-6.696734962216104
-4.934343739679894
-6.669941653349770
-8.675773273817114
-7.149927155841478
-6.844307364910372
-7.926696681593796
-8.177061282726207
-7.202880882329795
-6.918102797289643
-6.229733877854189
-6.235887538651913
-8.919945289543065
-8.165773514519255
-10.185030038267101
-7.798605915751562
-9.350903374295610
-6.455919951916135
-9.171506429502653
-5.885941311054514
-5.413510156994530
-6.982972302390637
-4.299637131842621
-7.669213670504631
-4.747628995167267
-6.191738938857503
-5.719971590114373
-3.616428883865638
-8.089787836929885
-6.204420366056563
-7.176264013846035
-8.809924297194799
-6.890380694767013
-6.461885084991668
-8.660534607828533
-7.546765817249895
-4.879032615058816
-6.873415220734345
-5.413534098728126
-6.241084697571459
-7.769332777894524
-7.745018436930486
-6.453430235911226
-5.331008524158860
-5.792016519968878
-6.865475101892077
-6.372627193726985
-9.094949395198652
-4.422463150765947
-4.294302160036641
-6.400126248989817
-7.882777298316364
-4.523189623175305
-7.275325957598354
-5.147549144108573
-6.326129039166350
-6.299768143111312
-3.991932305780747
-5.637377497280001
-5.171013349584630
-5.939681694885925
-7.102955723131117
-6.521545540861363
-5.591934092719347
-5.526729390208964
-8.039276426783880
-1.627069595111207
-7.460554344597963
-7.634886463452284
-7.664480957358862
-6.464119984123980
-8.972883342557196
-7.716725153225566
-7.063361631380046
-5.296503678949677
-4.463490082447772
-3.827746209073502
-4.757153224455992
-4.304518875134193
-7.487105957915603
-5.162443956417303
-7.077324735754914
-5.960266353692047
-6.985723717659332
-9.409528063506494
-5.550896443731279
-8.872976733492328
-7.928147279115144
-10.987742751562196
-7.680712870353017
-6.530755506935059
-8.020794381533221
-10.098648042009069
-8.416267327902689
-8.738198024612533
-9.942920346031725
-3.850114654952078
-9.537821896129712
-5.117680663146233
-4.903232799547410
-9.312839800735034
-7.647570596791818
-6.482783858326783
-6.946774639945303
-7.460332115190018
-6.512587601854299
-6.185011011358612
-6.571586313190714
-9.129641884181581
-8.212318954238780
-7.734409275747369
-7.074952929095730
-9.717985039070909
-6.430854461719973
-5.241016049447509
-5.719361906866408
-5.590168719680882
-7.534151256287322
-5.253849813239715
-7.694145031400382
-4.935905150372824
-7.389660286669985
-7.830026373130965
-6.462522050683358
-6.539135714926696
-4.636336225589286
-8.070704530074531
-7.615014673255692
-8.444019323287309
-5.086589457556967
-3.749640105278912
-10.315511603697315
-7.381830710179240
-6.956556451666350
-7.213892437330614
-9.802223355677285
-9.453998352720509
-7.431173237408581
-7.343147789071587
-7.845228167619730
-9.007793215816378
-8.693843299187758
-10.810485498989333
-10.661177239858290
-6.896435904711566
-6.403805198955413
-5.105747512377351
-1.729181466921080
-3.402628267833984
-6.122011796956019
-4.242651240507771
-6.982556300192869
-4.723986175214515
-6.240895405324620
-8.485642650835537
-5.316745849983082
-4.145055363902887
-7.221386916790719
-4.634287980695300
-4.135858645454333
-7.131520419106654
-5.252105785715885
-5.338009445326825
-7.390917342746463
-5.963095893861535
-6.090094117425870
-8.112046488450920
-5.856715027655010
-8.120305925704935
-5.232088879560389
-8.465943485505658
-7.859126367050229
-6.523543102684395
-5.916518884012214
-5.738517964182551
-9.742207599707676
-7.552734205648802
-6.066873319154558
-7.915256717016060
-6.740247412855819
-5.520849739101090
-6.558666404357943
-8.534977597418617
-9.147996628465238
-11.181910179357736
-7.996619190648847
-5.455220603325778
-8.258616453685438
-8.290891344911060
-5.761705099839042
-5.556847168285925
-5.750162662605341
-8.786590357270267
-6.989369659932025
-9.419904762643981
-6.713515843178183
-8.677655768443850
-4.784744514112385
-8.008076189203212
-7.110473316705823
-7.591412351518623
-8.791357871777965
-8.485938505608125
-5.124857018182336
-8.063957284058596
-4.236140763273706
-8.029509443029802
-8.311773873806578
-5.563981586537632
-6.923549540738308
-7.142763355699519
-8.038653285825887
-5.022869205135933
-6.512048052348767
-6.460255454279156
-8.433122571775028
-8.884927394677351
-11.621802240438473
-6.191221612243088
-7.330697109149338
-6.450649600648065
-1.800738619822922
-3.080519779143183
-8.156568993336238
-4.699893576988348
-7.295314361351532
-3.449505474203374
-1.073271799553066
-4.219786213531448
-5.526422240493173
-8.022995224574649
-8.908289404155331
-4.937927345053232
-8.609476106637361
-1.620150821237170
-2.754734160542539
-4.764103036396775
-5.126464408778837
-3.593149403162101
-6.042484036427290
-5.435999097661583
-5.150164161134539
-5.836917151132415
-6.136580838914350
-6.792778217121739
-7.160510002464196
-8.058755585506608
-10.121277239870087
-7.793139929344503
-5.669895343246365
-10.170347685217298
-8.367103027603235
-12.204025217432166
-12.053782646196357
-8.304084366741723
-6.663781270382191
-9.259887241498983
-3.629183178887410
-5.861589632259479
-6.134501143894675
-6.066110374404964
-9.548016763180685
-2.837734385701979
-8.210781753453510
-6.755724725262955
-5.328905026135826
-3.039025522352883
-3.157236063047586
-8.628198478530134
-6.602304893011625
-4.452590390728281
-9.514158835451763
-7.825431100873924
-4.628722760320230
-6.531243758229413
-6.814790464149374
-8.675088886290879
-9.097915322590593
-6.402253528679249
-9.823404933199381
-11.072876159280355
-7.935268409084713
-3.116977441174659
-5.807282810570995
-7.259934964216069
-5.844150328979626
-7.827054691952103
-4.251582991113189
-5.772187031485710
-5.756154534897347
-7.862174994640449
-8.625405366461488
-5.493326269516651
-7.011450931236446
-4.496768179071966
-8.801601015622209
-10.582833453117086
-5.659082197417912
-6.279601481945178
-4.954097632555846
-6.488819904612630
-6.316339129465898
-10.512880201972706
-9.261605977066178
-9.294507540728006
-5.523592199321034
-8.580541649847152
-7.833000362958433
-7.989106013472867
-7.243565403980948
-6.440082754619716
-8.494549229008481
-8.827096371448425
-9.586614252446768
-10.115733945575487
-5.456345251914371
-8.555273651549511
-7.050232491085758
-9.179295367859110
-6.736636877168976
-6.656043353436521
-9.192764504334473
-8.954789439781601
-8.667145485347445
-9.016293369514699
-6.495449223799530
-6.638725180494218
-6.698949451836199
-6.483234141025253
-6.459064720392307
-7.766774632483703
-6.870474313752300
-10.495639806304759
-10.222080961629601
-7.650582626965890
-9.521207663635748
-3.907511031468133
-6.785098675292280
-6.561515841079861
-5.449239568353979
-8.322345297584013
-5.957655721343334
-6.809789938128271
-7.416361783666390
-9.390870608365971
-6.843254088795298
-9.453779008735122
-8.830732344759493
-6.563165697689503
-8.017213481077460
-4.019428193957112
-8.110636814153075
-6.743947072055026
-8.669756586702741
-6.692809423432632
-4.500963848899280
-5.469460195383830
-6.144909761049985
-12.314229408189021
-9.084105039555039
-7.905878516054972
-7.578121450620698
-5.595233125418482
-6.844144422922865
-8.677766905261155
-4.672099985766744
-5.034758091659577
-8.073487373643989
-10.348928022291412
-8.029949479260310
-7.904661156801025
-5.784277753432738
-6.216858463559150
-10.331843424313751
-8.271550755932372
-6.796972696807382
-7.058320810543979
-8.223361379984318
-8.396692027733781
-9.240970685407232
-6.685786519364600
-12.757339246556061
-8.602441639769529
-9.407792867488668
-7.493496127068236
-5.414146336216990
-6.928100014010557
-6.997539702955871
-8.933426381215567
-7.649912946679603
-6.332696902689621
-4.979946931278713
-9.224804208065052
-8.221150967126075
-6.094761758230531
-10.333075274174908
-6.900674341162309
-9.931552278251312
-9.373601170050492
-7.544229867647200
-6.351133836209747
-6.252808985586173
-6.239132497059614
-9.511391757391261
-8.687756259992117
-6.699146565728050
-7.516299638591706
-12.901933293133126
-10.089900930992950
-14.715029925435891
-6.638881668723456
-9.089520888782234
-6.631798801388847
-6.372565165713697
-13.567472160580767
-7.995818164659072
-10.800927445290480
-8.382608514763916
-11.388990152457442
-10.976760083630706
-10.449015053380821
-9.817209876580741
-11.356277260539333
-6.778671695756952
-9.017846572195614
-8.499600927156903
-8.611049709010882
-5.811354948611012
-7.261846292153337
-7.091207019524163
-6.632177893271689
-4.249453434423945
-4.556794660938988
-5.664877160846258
-3.848879623503285
-6.838536122117310
-7.250291273825580
-8.421949420580990
-6.189293202416553
-8.189096025418399
-8.184270715318592
-6.018803541892802
-6.778331650344623
-6.837825399808600
-7.248628624402316
-5.689432353919366
-6.920945358388399
-7.311324201254522
-10.001757775993957
-6.895949136647792
-7.911551129853162
-6.014363113389688
-5.510689411589144
-8.289299036553485
-4.720711533740616
-7.187916392083551
-7.886540798347576
-7.224079352295810
-7.400937890337850
-6.876778503784199
-6.001913649004791
-9.038695642891145
-9.473841536615586
-7.206435037727274
-5.011881854943987
-10.799954937470480
-8.366727286669075
-7.830477413372493
-7.464766382785556
-6.086065198616937
-6.901410680328110
-7.743781094115199
-8.311078726656310
-7.245223447022944
-7.694982793885436
-8.479968918048900
-10.181502772293694
-8.956170052029755
-7.620409116708779
-8.657440279436793
-11.037677880910973
-13.296983028728915
-3.147503136912008
-7.637712505784157
-7.208534801307525
-8.709744562615285
-5.820354793866788
-5.932162128955701
-6.353645317510266
-5.707595011112803
-4.825041914154989
-8.245906972962075
-9.395902102140408
-15.141522856516401
-6.347801570414394
-10.561872292595808
-6.496262385797350
-10.404884401213609
-3.927255711080743
-6.352658717309358
-5.097867352898070
-6.824760999383111
-4.565373812788938
-7.931255060158652
-7.668820234800892
-9.044254278849484
-7.896775049026582
-8.657972572726399
-6.164254723528528
-9.480288708039124
-7.494342125022682
-6.944312771863474
-6.246568263562350
-6.959164615453611
-8.860846700243124
-9.433804369328977
-7.809293286593727
-7.614594786941097
-6.806772313485059
-10.072311297222504
-8.496433929769365
-7.345142605237955
-9.926800752928909
-10.075522303750835
-10.136745892353018
-8.724545559208394
-8.110305339071923
-9.415421696178793
-7.213204759609889
-8.077137340115714
-7.854678151571643
-9.426014071508403
-8.720298236236285
-7.286247467366075
-7.741398496570764
-11.594714305248750
-8.723520419988896
-7.947117009948684
-9.433509384523155
-7.932891506730455
-6.307316190248086
-8.756638847245553
-4.331581294382455
-10.858105251054052
-7.489776123157183
-8.387171552000300
-7.871638840356141
-7.289419213184189
-8.234338683046042
-5.528644339385463
-5.918523651004343
-4.540351842349158
-8.754163193125088
-7.310770528992444
-5.430425348750910
-6.572581721444031
-7.429062518237949
-6.821959549265478
-6.698623052638915
-9.973447014951125
-8.030384326446462
-8.203707679972245
-8.334838310194742
-8.135265904292062
-8.489611355910524
-6.562172624570069
-6.935589740861809
-6.883976220031718
-7.686319878571836
-9.422927010215563
-8.350852708390660
-7.228516484465387
-10.141253958210317
-6.762733124856016
-6.330466812821078
-9.013855550085802
-9.500965764867731
-6.997122179467025
-6.096210793145238
-6.571917512437019
-5.010137798871408
-3.203210169366911
-6.435299472830612
-6.371648453583878
-4.869243440976061
-6.115069604484615
-5.272497827167028
-7.309652460038472
-7.251216430988803
-6.827822181983920
-8.565429604677751
-9.667057870883569
-6.461349420713169
-7.773497640297164
-4.203270963409363
-7.625091071686838
-7.315344557191854
-9.726848189344375
-7.819093131842887
-8.273097254149656
-4.749784544877238
-5.436643966701115
-9.519539802485502
-8.169247274687972
-6.751647478030925
-1.028877294904218
-3.793581583466929
-7.153022049630138
-9.838959156685748
-6.368171623531619
-6.196829953626116
-7.869362039178409
-8.000989845464922
-3.791998390410597
-6.485141097183830
-6.143186630946580
-6.596904685801430
-6.916402472830350
-6.801657970508291
-3.339045560478664
-4.408399637142884
-2.916497380169733
-5.213455099914683
-2.664341547710698
-5.074672803361380
-3.028773971779575
-6.358163406901195
-3.044230601823237
-3.825746007449946
-6.474987382507373
-10.153976725797582
-4.849937552181468
-5.114622693274997
-5.338223950024805
-4.392671565802087
0.929126930590452
-2.386369565074760
-6.638279399766589
-5.163023025415553
-3.171622945096200
-7.867134837476979
-7.518211077332059
-4.661919000709610
-7.679512702218198
-5.392217574629633
-8.321862057427207
-4.472313944745443
-2.161843815247852
-3.590913688775876
-5.120206229876695
-3.746534301303643
-6.459723131844934
-3.906613560666097
-4.192625784011827
-8.163077330790943
-4.398784651732376
-5.405388792650936
-5.062250437571157
-7.338227718975466
-1.372040467292514
-4.196237689420393
-6.664517899852602
-7.665458849847555
-10.340745689884413
-8.670425641729322
-7.699685424619688
-5.786289844031968
-9.069633781712310
-4.223713409211645
-12.727873341351730
-4.408794157763512
-2.973058372040970
-4.527972572038776
-5.051718633159050
-3.983809064721261
-4.569509130757525
-7.247327674899328
-4.844888459685314
-6.672325006090576
-5.327330303380649
-5.935990156768614
-6.366110146955102
-7.176705463758345
-5.887745930186687
-8.317217950507988
-9.073127791896475
-5.536797301035226
-7.832421549608825
-8.280893177768505
-5.146862545685856
-6.114723843289346
-6.396553260093615
-4.976750598962841
-3.771215063160746
-8.781209575210335
-5.628679647644902
-7.082674681786971
-7.101222756641647
-5.817645762072733
-5.261646775557179
-4.744970251312486
-5.279684540794377
-5.322727708849247
-2.435926021022853
-4.414745596965459
-5.864263907821535
-6.573809164445665
-7.810926969426128
-8.478245632060597
-5.272046103935777
-6.131485399801054
-6.199988747978392
-7.682402990540516
-8.589815928664528
-4.541398068235540
-5.459614267066803
-8.627978301743639
-7.866042014502464
-5.782679578699276
-5.773813582693721
-6.291365028456338
-4.030275990930761
-4.731491361651879
-7.435619346785285
-7.800919948581443
-10.985370708032931
-8.454163961625083
-9.097880992849319
-7.747578935571341
-4.630604964412700
-7.968825701772207
-8.239950643792325
-6.712153043117003
-7.558094978859306
-6.757792595059737
-4.318295849736975
-7.434004737418213
-5.290046785198333
-4.385284187228612
-6.507895066109338
-5.263085917665260
-8.343535356312717
-8.656429526265855
-5.155903867005046
-10.759510536217984
-9.349114971477070
-7.730525616306132
-9.420458846220711
-7.325827335408783
-7.305866114446949
-5.595603817730687
-8.717247394100498
-5.676726321808622
-7.499823910580387
-4.696576317418124
-6.321139195974635
-2.482408269288092
-2.627640417475676
-8.773095020530166
-7.286359681380389
-3.139561791387933
-6.952820719080307
-6.269129439140718
-2.699187205881883
-8.912726322175502
-8.429800357286318
-5.432949805968654
-3.633333065837427
-6.119777681390920
-10.587468722931172
-7.003104446829989
-6.623353878843676
-9.467741885292853
-5.943735328418778
-6.534216571753250
-5.955967492221356
-6.864218637876481
-6.230412700470636
-6.880658501105445
-7.437439031359014
-4.321334207101789
-9.425690074119428
-8.882368021749620
-5.550091972932003
-5.612857015617615
-11.385676064057652
-6.508541875478267
-7.131951311957551
-4.528843501751413
-5.474277000871265
-3.664576075908189
-5.213447978983582
-8.798916563212305
-6.992912945815982
-5.546430656768628
-7.521732479809162
-7.500927156706330
-8.892607491997257
-6.805270903345386
-6.746331743832052
-10.082322999521002
-7.569076286422521
-9.641877831525710
-5.624462433844873
-2.292004253577071
-4.715320571240243
-5.619125556194924
-4.730759303641951
-6.810519868618635
-6.819166411658591
-6.871962105378594
-8.906968244614813
-7.375062538924555
-9.303001492024030
-4.933984368644916
-6.630207789550574
-4.843582928798670
-7.576439997320201
-10.346516122493840
-7.817115368320932
-8.112350012358835
-5.463103800120166
-9.698176500624314
-8.569347479721811
-4.960790067053342
-5.503505805153618
-5.708951222157160
-7.130962079290934
-7.720080816439642
-7.960373893742348
-7.503979722907247
-8.277629971783304
-10.630431568098597
-6.883906605100121
-2.996108833763090
-3.014076906122434
-4.403353329464468
-2.758951849328356
-3.813517283912230
-4.685605899592488
-5.595493260911435
-4.376414339227876
-6.840639326195215
-6.290515945605255
-4.965933751039394
-9.290750372455291
-6.565385968407798
-8.943619349758261
-8.628179911427660
-6.045475418645010
-7.863676702296599
-7.477283375836507
-10.942216850106211
-2.451119437362485
-3.117752989741075
-6.166429152668576
-6.638268649987793
-9.912371669588303
-3.862880832044484
-4.174351302010701
-5.754326798747841
-9.194062105429344
-7.202229945050433
-8.492045782529960
-6.810432502719598
-11.875863104932519
-7.907889493868472
-7.236455970966311
-4.271702406331109
-5.156308962190433
-5.184987239035106
-5.665357922498615
-6.533567203000683
-6.847184011814365
-3.736305389621478
-6.211188834028536
-6.076900515092579
-6.244296838870381
-4.888712985697074
-9.491308065642212
-7.372217179201509
-8.148589491977591
-6.247546167274267
-4.380928579873766
-8.476200107851129
-8.065144184105261
-7.856241275303916
-8.699004508231733
-9.090367820261093
-6.123479580065307
-3.952050043381000
-4.594075385203814
-5.086709750905077
-4.705920419488663
-5.891291899129683
-7.081929760308960
-6.679692086678760
-7.586504639529823
-6.154259296469872
-6.831276697870113
-6.241809044338795
-6.382127147684933
-9.682754745959191
-9.674552924047378
-8.711215703169586
-8.633564185979736
-6.918036625657717
-7.607602581111440
-6.935940924930388
-7.050266777256484
-8.297284141379523
-5.090216180475341
-9.535118866919690
-8.236545609622626
-8.753855414960203
-10.970873283004728
-8.566521919589434
-5.832717123602089
-7.038471331936504
-7.644321991246320
-5.236697117740356
-6.266903086172584
-6.774191755071760
-5.679125991305534
-11.236004998700574
-9.406533937495649
-7.506858657465466
-4.006291324386852
-2.379968104873702
-4.431241544616143
-8.166256106405077
-4.992826894637495
-2.519849274726719
-2.215596698246991
-8.041651229422106
-5.188660415376006
-7.155623754462781
-8.087757444401317
-7.817518108462275
-5.897550147508829
-8.780669647092763
-9.857585202861088
-6.575577846641369
-8.113424336261506
-4.328708985074653
-6.645071378961191
-6.919305456097196
-4.181717638574144
-6.600847680743235
-6.226778309675237
-3.681364041251763
-5.513850602741171
-3.291599128866783
-7.440172136564231
-6.504162830265592
-5.904344601529378
-7.299226763236692
-6.168477437404933
-6.807536134626545
-8.173104619079700
-9.238647841136029
-3.268002504710177
-4.530590419481330
-4.543083452866702
-6.830211862080478
-4.367860520103573
-6.681533309313891
-9.343972551567727
-4.992520556379369
-7.185363525173466
-9.965111569836489
-7.525110781965911
-6.184865669507450
-4.934079227323395
-4.701249378977473
-5.394246955382604
-5.265644300775556
-6.829856575533508
-5.916728560168817
-4.698810039712563
-5.488227843334960
-5.105850940692864
-11.029315460914910
-3.328331801547447
-6.186836916333249
-6.200416505931326
-5.714267221968846
-8.034931373449961
-5.732384860351653
-7.703074269541347
-5.741646312691128
-10.267197346626611
-8.180835490313269
-4.661748723156722
-8.961970566218426
-10.167631415181541
-8.866429564910739
-9.510824971635387
-7.718768000963363
-4.680083813764248
-9.430481490885731
-5.846849953277286
-5.923042091364605
-3.769821508561296
-5.478903819886274
-8.645078489161426
-4.732072951222122
-4.043895809504052
-4.214671120438144
-7.159229092445924
-7.349437720813761
-8.123647960048981
-4.025452349812925
-7.921847189332523
-7.162988516207137
-6.852809135834136
-3.421288966643334
-10.758808114662152
-5.516272698790234
-6.500304087275152
-5.786755722116540
-10.943415761067676
-10.749210063197717
-6.350104171307021
-7.684176622001378
-9.431898458096160
-9.066945816884445
-8.491749907198120
-6.661700410668037
-5.724127438956645
-1.691713111370895
-5.058393378857523
-3.836631740145759
-5.412516633495568
-4.376973781234302
-3.247279829418011
-8.587524518808813
-14.065398731609665
-8.659766632567937
-12.597493696372995
-6.063775597023796
-8.599151472455773
-5.609956388136029
-7.122941352145960
-7.228707471405158
-6.076314098611229
-0.367891092971530
-5.363512269139944
-2.824198367151721
-10.800633237556950
-7.954775715088100
-9.340988305583606
-7.513013679670661
-5.622401654800796
-9.319020537404290
-11.636877153113838
-3.317809140927404
-4.771071945145701
-6.067674755435556
-8.635876219039824
-8.715260544028181
-2.471211808225104
-3.768084283968036
-6.893313151016307
-7.988919227683578
-5.117823735638940
-5.469986145288559
-5.914793630248013
-8.070465499889830
-4.228103744860120
-5.081351573503700
-7.950109473676036
-5.988506505654569
-9.360655111822245
-7.456694651718023
-8.615119405750253
-6.545547712336603
-4.908857846436745
-7.585763256836603
-8.088278172965909
-7.845250312545351
-5.088160690963758
-4.255555888350672
-5.174042479774305
-6.327713041524261
-1.896846497451319
-2.522300071667869
-6.740787447575845
-3.861576344767023
-9.640833457299600
-5.024836632119931
-4.736068768290449
-6.326390722909395
-7.207095758225338
-5.957247364609178
-6.531961817047070
-4.511796203348325
-6.273288465783404
-6.666489143802774
-5.856295322850622
-6.554364900652758
-5.890997056908251
-6.725067529293508
-5.391789906466238
-6.768705906110756
-5.596897906690506
-6.339642588018035
-6.610214417380925
-7.023963423634039
-4.354543836370085
-5.600347322413216
-7.199431670371675
-5.362994436384594
-5.548328971698599
-4.392898451861289
-5.812957057117917
-7.056236277763654
-7.678536399859849
-8.140287494053199
-7.783223660715224
-10.567641334767220
-2.452594540332510
-8.468586302280396
-6.066955762536832
-7.680542924769620
-7.473045735820414
-3.023905206127177
-5.185744232681301
-6.423926099708947
-7.904328932432496
-7.965716577586577
-8.469278529335366
-4.502977274890334
-6.874737169404690
-8.519056598181821
-7.025937033024367
-8.799917404810191
-5.302722395677365
-8.086205724675736
-5.985180535170133
-7.020866144087631
-5.307036747668140
-5.173258543451078
-5.009798319557904
-6.000959042711423
-6.796487846760997
-4.797580096520448
-3.449668497740474
-6.935505344388573
-8.682060625778258
-7.429911004255147
-6.777715046992484
-6.257858234303054
-8.542414253837666
-8.533391067921881
-7.066242824304219
-7.063720555227555
-6.134250894311834
-5.660219613303345
-3.595025705860620
-9.287089650100496
-7.805393711198184
-6.544428673441423
-6.971699855251699
-5.077130096440504
-8.569373977247730
-6.814821002534688
-4.662641518702004
-8.663090082145178
-5.108805511117583
-6.843701139816163
-7.110131837687524
-4.562090630144192
-7.338363281003690
-8.010023257048944
-6.509834660150976
-8.513979192366047
-9.322543026116543
-7.784560081555996
-4.927516389087087
-7.742577664869671
-4.064140090204425
-7.086707409785483
-4.676716241842889
-5.114266483438501
-7.412766077037017
-6.231600069882018
-8.400418470057396
-7.378324089145549
-6.382921918732963
-6.906067622231746
-4.227127880515368
-6.859526529058504
-8.163085624206277
-8.649464178583965
-8.661167609940042
-8.239350678072418
-5.551836030477390
-6.319592107785603
-6.625014853982567
-8.280896085904480
-6.088277522636596
-5.250887781836176
-6.568935561432346
-9.000547041661781
-8.550136163142684
-8.092920073764351
-7.821999690462751
-6.616314349514417
-10.439182702043048
-7.471486425953140
-9.035074521392668
-8.160853096711726
-6.507307896929709
-6.633341987768600
-4.644487543073500
-6.072747693321587
-4.577136514472074
-4.183728564331979
-4.973250357119855
-5.300103123958529
-7.159260642693852
-7.440384199571811
-7.706688297187442
-8.745566002406250
-10.344351646472431
-7.641794136868154
-5.615567909153460
-4.659524220495592
-8.263033443344165
-5.245293497664780
-5.711725565058275
-6.215940029302879
-6.545736570851359
-4.747379072875046
-6.644598941042267
-3.616325795486580
-9.952357092576190
-4.132950429609348
-3.460421487279195
-8.943424964332941
-7.779365847476062
-4.158166128656138
-6.125052072723205
-5.514209460909200
-7.453334642221765
-7.999115535482299
-3.631475452733063
-5.657286358426297
-4.387841389309646
-4.008136901494100
-10.261739396297020
-5.694052162774554
-6.945860369908271
-6.098696423442375
-5.690668310329404
-5.740498558276374
-3.517864475210938
-7.374115948209215
-10.028701230769080
-6.901845194600315
-9.764942222193461
-9.462418321184755
-9.423658123342063
-6.933904889855074
-8.972690932346863
-10.710611395271307
-9.484407972416481
-7.382525305491760
-9.976368169782553
-3.742485074606377
-8.759305012967920
-6.491343721146179
-5.755672798404812
-6.314705099040236
-8.312714320740788
-11.533928203724628
-4.459026948589233
-5.979274290851326
-7.781265786193642
-7.145398576854741
-7.350885792636804
-11.602589204404257
-6.685380323062690
-9.541009364701360
-8.891519455436297
-10.724791068090299
-5.135612858283554
-8.473039416530263
-4.878758545022971
-9.273425709105146
-6.481555136862561
-7.363482299831382
-7.234901782289100
-7.752193738477602
-8.814283060503403
-8.066290333888324
-9.094740103116994
-9.120828789275693
-10.241047387215623
-6.772363942768453
-8.836994757492429
-3.971763172993115
-8.128198171036880
-5.783791995630841
-4.578343457592918
-3.813979070718887
-6.974202668655463
-6.819544831318877
-9.782905550390124
-5.149057813439256
-8.207683213846018
-8.654402017679377
-7.548945356096004
-3.086158292225994
-5.054104549766697
-8.524775304112161
-7.335349052877374
-6.929269360040130
-7.063894809089116
-4.891365342526803
-7.869019424816861
-9.369819720001368
-8.786328731765201
-5.651647752750637
-6.741234604936765
-8.715800015650062
-7.979977031054201
-5.591104822559701
-7.016223319694332
-8.042332767201044
-9.936049075918094
-7.559721697586160
-7.859305941528580
-8.429660460295379
-9.070392940861927
-8.752199771889078
-8.396105658480220
-7.032878040617209
-6.746713027273741
-5.842734097416604
-6.663150788635070
-6.981061894113235
-5.610053334182476
-8.134796774638390
-7.966840114322241
-8.187066914809158
-5.116017158286796
-6.309140903240984
-8.830317006486801
-8.610758973510077
-10.468390971217842
-7.489426020368749
-9.961719387982960
-9.318549846662998
-8.354597415838326
-8.844151824465472
-8.033404809073843
-9.671146248911747
-6.553891287142453
-9.464881532513981
-7.673300172578422
-7.258583385046567
-7.577155622638936
-5.279858077820632
-3.104621469118755
-8.253320950409426
-7.456653254829257
-7.919282483097164
-3.431427960711373
-6.683739093363119
-6.658963008069444
-8.219790862263496
-5.848884413633941
-8.557519788802043
-6.104588783337444
-7.113344141778463
-7.801336841211373
-5.095936012316233
-7.151621484444533
-4.132664167517965
-8.046108424025885
-8.890029593958568
-5.603151668963400
-7.978339560939163
-8.750411422708876
-8.380837379875633
-10.688957897091615
-7.423569370560402
-9.081105247367322
-6.525247269217033
-8.051696036740607
-3.371157088422030
-7.529945745689551
-5.696821880824540
-8.666253163633108
-8.363283761898629
-6.697754797729164
-10.425335544534102
-10.394389065044386
-9.291686545371718
-6.349618469484366
-7.996897378335332
-8.710525595470164
-10.047232068898960
-11.173465522797549
-8.803831232032241
-9.442476652504599
-8.049339981692407
-6.947743750430479
-4.480776157246534
-6.350184251214205
-7.852059618455709
-9.684819094449734
-8.870410393721800
-11.395325240377325
-6.890835573271850
-6.216595911503792
-7.175476743242600
-8.839760525822507
-6.792682139388366
-7.113125649817071
-8.517947351212435
-6.588335915784797
-8.996411555121769
-9.711505214776416
-5.138186156494274
-7.850577974467027
-6.437784984749543
-7.539740535663914
-4.962349364346146
-7.790067686924348
-5.908792107392611
-8.534013776593438
-4.135046269836080
-6.156679175596336
-5.283517896043631
-6.007602102781950
-5.311614522437333
-5.834364578303413
-4.676004405507494
-6.248363006990946
-6.978385780072383
-7.535797093565034
-5.527662327593654
-6.448527307073657
-5.001732560054001
-8.211441663253929
-7.753393408039360
-7.775750751044082
-4.104433461694891
-7.132108995793495
-9.380505988973580
-8.099647365549158
-6.767899884005342
-3.821065966573140
-6.874982570932711
-9.024662585198612
-7.961046369933945
-10.544770240733831
-9.161682551033325
-11.408001822107904
-10.453888293905120
-6.310789087546521
-9.584159535630025
-7.450841386484043
-7.218923515777392
-8.363338911856827
-11.660441880450175
-8.331792975850743
-7.038515154284450
-7.957944203581034
-11.369967588215012
-9.607275414534074
-6.230197020653310
-7.203398656039049
-4.959567871015162
-7.097333558332771
-8.908597940829324
-7.176160682668481
-7.869588969347153
-9.515567386514068
-11.109493303964358
-7.665679710354571
-8.945604139325630
-9.647164622156863
-4.795732214084881
-11.277270290728248
-9.400639334893249
-6.605073693364293
-9.243477115142140
-9.653304222783186
-6.303189539121812
-7.275927167093426
-8.828262017955353
-7.229527232618840
-7.810035814379421
-8.665875615173825
-6.678049124282089
-5.711531649656233
-2.922632094715843
-7.201294349705285
-8.192211369306770
-7.519262649005669
-6.771294138417406
-7.367032158262786
-9.988443325489861
-3.316487127205525
-3.805619222125634
-6.474617039061231
-5.587149750305906
-4.692313784888394
-5.769210783860512
-7.010560551682827
-7.179145341257490
-8.300416820142246
-5.814945557081262
-8.792782944218379
-3.560432095972159
-7.410177630983277
-4.773634865408826
-7.861826048958394
-9.002389346437608
-5.098528641246537
-8.013783520385354
-7.642542645984355
-8.921517418680146
-8.276576342148587
-6.244048710653617
-7.615681323640755
-6.663539005298554
-5.084115036564327
-3.548369897188858
-4.687463392340450
-6.804966823910214
-5.682014943231923
-8.704466835704840
-7.865765283669393
-6.959424224648640
-8.030129322211241
-6.545433023434979
-7.819391520149656
-4.254002392843271
-9.650715828946021
-6.183833113294030
-6.617928798333767
-5.921304559556851
-9.101342208375723
-7.494933332780715
-6.869413880014107
-9.886544908699882
-7.045189912513990
-5.438955920754430
-5.958796874420599
-7.160839298978481
-7.382096454266100
-6.215865722353289
-7.419640491486388
-6.882211528978986
-7.882625646226165
-9.355898273979843
-6.683644182652904
-6.913209086205789
-7.026033042179315
-10.806230366185176
-7.518894585131185
-3.193104342289911
-6.409814828232975
-6.284455420018181
-3.813691879347473
-4.058282832570550
-8.836181622458890
-5.213356871188070
-3.725484718729331
-4.593982605683983
-5.897395975195326
-5.844774876678000
-6.990828838273603
-6.600905612171878
-8.380552610047033
-6.240983999114277
-7.732617886932836
-6.215558311222337
-7.313745918936666
-6.668869996265426
-4.714923151344251
-6.014973360991569
-10.276830803927378
-10.245066460802512
-11.788319977361745
-8.677176251089080
-12.073775202393982
-7.967009448076134
-10.026925042531245
-5.131247987433477
-6.957627298851477
-9.907389693460061
-7.811333644966359
-9.689557410580143
-9.687244060833709
-10.619575288069267
-8.257745458203296
-8.679211478873921
-6.288814242179637
-5.966562126150631
-6.157143412150700
-6.649942290871418
-6.834488755349398
-7.160699435578498
-9.693953584864639
-7.826393354419959
-8.145575900813927
-10.983238923388116
-4.746631609664225
-6.010758487164390
-7.389743585223460
-5.138806034386107
-6.738995000194249
-6.299566810574232
-4.034889419091828
-7.711609633767811
-8.729944106929711
-6.739669222402130
-5.849775763328206
-6.574466764164516
-7.390772176882226
-9.187225434645740
-8.080998071240568
-9.083695285931785
-10.604330731815578
-9.177093740823588
-5.838615443972949
-5.338968960295920
-6.124885607692248
-7.683172293521409
-6.492950648095976
-6.462696217065500
-7.072488138535285
-7.582491600084374
-7.638816097651415
-8.636713022157741
-9.323250970620981
-7.586174755803285
-5.698220962834858
-7.705475835764846
-7.670419871149420
-5.575143032322656
-8.115991193283840
-6.469800487557134
-7.594954999223172
-9.463797416876520
-7.775419910794048
-2.368251925603431
-7.564709916815035
-6.124030321019055
-8.673302608328152
-4.939200512645575
-6.293938109994900
-9.143209279303257
-8.754879766186749
-7.708231607061866
-7.974215633837586
-6.948616339991042
-7.881770217333830
-10.143585328708129
-7.695128948415226
-9.194609614172759
-8.067331441623340
-7.379140514419321
-7.062907408715443
-3.556082335058522
-3.987696053580996
-6.465474969292057
-8.024066843737726
-3.502555180480802
-4.798097097054843
-3.910320642653419
-8.122107798811616
-3.473503190180624
-10.701952227566453
-8.789279132083397
-8.266564349379980
-5.502480645856324
-7.392484234494836
-3.134881011353098
-5.961454671886883
-5.829887252617332
-7.868756129240965
-4.830772378549499
-6.938179212946016
-7.944617956493489
-4.687737090471774
-7.656238384592659
-6.419520380502616
-8.020533547152450
-6.719153703888028
-5.814440773996813
-5.927272986302808
-1.279377696036434
-1.005348564863084
-3.314122888283424
-7.635675258770521
-7.504906426181809
-7.868780370603771
-9.492327331312074
-5.112363534311629
-5.992271125739249
-5.878267916544543
-9.409289350207796
-2.710411047457403
-3.487891863613912
-6.442102887708764
-3.263278615592870
-7.404883810982359
-5.767324031814506
-7.293316774885854
-2.586867949565128
-5.660582910062303
-7.417348401766394
-6.705937321638657
-3.730966987447389
-7.352133137510441
-7.147900070495521
-0.958528359386253
-6.866907702470183
-3.941169207399521
-5.206901409906488
-8.399202031775873
-8.881115670605118
-7.751505696646028
-8.576350062952740
-6.148413993906455
-7.288818083817394
-6.077223694651551
-3.749183745730441
-7.322617004805170
-6.865750245050561
-2.913284336055117
-4.809465155569590
-7.027324554587257
-4.268537640959066
-3.839276705500159
-9.670236610743139
-5.479315637764476
-5.160347556504035
-3.605001184985810
-7.048161459919988
-6.221052591437337
-4.560727220831386
-8.594360932126023
-9.272581716142190
-3.748564451365567
-5.110815437188129
-7.127921179648372
-7.076940369704344
-4.631328050840755
-5.090102157770017
-10.453787061557890
-8.054155957784104
-3.353276481210820
-10.021375727086403
-11.058668222058568
-7.134866326082727
-4.747397731218944
-3.939651072224434
-5.989334155989622
-7.559528561030493
-3.995891258960863
-6.916255697335230
-10.372341810037748
-5.723149092969407
-8.181576970879679
-8.137998259039875
-8.823840197312617
-7.439864397042139
-8.801542294475651
-7.897837363559098
-8.801338427191565
-3.969065615749054
-3.898190967920537
-6.953220608230994
-8.213356084720989
-7.907720138753709
-5.547761254501485
-9.973511008805799
-9.801117149600337
-4.950562845748666
-10.893119363979483
-2.330497165895657
-6.880718439925060
-7.050350356536851
-5.642611576202218
-0.529966041151503
-0.341496363828914
-4.443053261114451
-2.830619504688050
-4.946479742565003
-4.295011789950574
-3.747010088356282
-3.963096556060694
-2.692290076595193
-1.461225250460834
-4.479069396404886
-3.575773270124897
-2.123724411322121
-3.455196645389507
-3.658729190777772
-6.322703131989779
-5.225354610120863
-5.324359204858445
-6.309034217217071
-3.600739090746309
-5.079024328191102
-6.848574927065517
-2.111315153340301
-1.854213329825845
-8.183556597877555
-3.018702531337682
-4.356546725372280
-8.539332045514561
-8.795404066198662
-6.294541227785595
-7.437264558045189
-7.619449807936763
-9.743867076682385
-7.147372345116286
-7.704982776750937
-6.933171452589950
-8.661795352664878
-6.407526300045468
-6.913419959546199
-8.013895515447741
-7.276874021836202
-7.515607719876225
-5.447598734399913
-4.285326735179755
-8.159206266051442
-5.761620842921731
-6.883824720442017
-4.196400007217783
-3.641805103715715
-2.906578314837765
-5.943404095237072
-5.148103123257060
-4.734252215943155
-8.511272575700621
-6.500775445330311
-7.216353393352644
-8.947199336299608
-3.926870060822194
-6.896400455697147
-8.270779401380560
-9.555148654722254
-4.838770706615013
-6.884314799425515
-6.621725472561099
-6.734827059890278
-7.907304515657177
-9.207265347012004
-7.316979868128897
-8.090801880043875
-8.589892517936317
-9.889674286302956
-10.946381798841577
-8.169453415013622
-8.212183102548064
-8.146139419814979
-5.015013215809842
-5.751165011570357
-5.013204436156806
-6.289628767044315
-3.143775917170311
-3.945364840646326
-6.969667461429548
-5.402151435409744
-5.183137915146873
-6.370698366059687
-4.054438508929835
-4.898764898072396
-7.620842381527905
-7.007200703938651
-6.526641068602324
-6.184522878207742
-7.923826668552060
-4.162699739781398
-5.810524461547818
-5.290332246349808
-4.256063235886565
-4.756573724165864
-2.514278573518420
-7.028235722698605
-1.837316134122108
-4.127248769114330
-2.034798298974088
-3.395671416906550
-6.749693412155863
-5.549351549056238
-8.292584947529333
-6.394281336135062
-10.140471842254939
-5.429472693833381
-6.883441658158627
-7.520727098306600
-6.189021397566557
-6.689330189039383
-5.672456628749203
-5.300524239045201
-5.295806051592320
-5.684936675699833
-5.261397041659485
-4.358080829934641
-9.218902838832500
-8.706299377535180
-8.897083754638881
-9.110280160626051
-7.806717263730515
-8.964633837574244
-6.531562824240089
-6.727329587132543
-10.214757946910778
-8.704273909195429
-5.673203294035122
-6.248711148371004
-6.887571245187869
-9.901888758298460
-6.710635159311651
-6.615300523143829
-7.575917494672425
-4.881555510557887
-7.942090801061075
-6.962949552671969
-7.750928249951249
-7.738290822596881
-7.022649292795194
-6.710157068382272
-5.483663761067478
-8.650563025373964
-4.672558461462668
-6.772341616975535
-6.953648656603638
-5.909240067859531
-5.055348288922484
-5.772319161208845
-5.194801045396346
-7.993346549847551
-5.315365111305901
-6.821920919100497
-7.840881513704727
-6.764387209679821
-8.223579916555137
-6.917969140978686
-5.560410540331317
-5.450674321648113
-6.152011068668570
-7.545227452232970
-7.562605109875927
-6.324729408887036
-9.738155832332716
-8.794304814176069
-7.433472881501202
-8.995557535139170
-6.311230919661123
-7.011221537772692
-7.423632496146929
-5.581593201199081
-6.949687670967179
-8.136665527714252
-9.622846915750648
-8.127096930244781
-7.076734321602134
-5.966737968890715
-5.557565646088653
-7.054857737891309
-5.582456233179825
-6.811440888233865
-7.817154229014242
-2.668370282370068
-6.907096611219215
-5.000501756981611
-5.666229269390425
-6.684753370114736
-9.661334597253903
-5.258561828255617
-5.714323366412958
-5.991272521975371
-10.607319288251027
-6.094434379936402
-5.176181146251619
-7.003155760684782
-6.311270526984611
-6.082629228234109
-5.329486157645833
-8.760381628031904
-6.174639248146002
-6.286315824900035
-7.750415145747132
-8.060235053638944
-3.889244282908741
-8.030380701397677
-4.156378730813902
-6.965925692405878
-6.959382436113952
-8.674277092574997
-7.611774073958214
-5.157014819760903
-5.285722930581887
-3.830186258506453
-2.869023308394383
-6.425943303048150
-6.899846266747314
-8.519119281918949
-1.853934010822604
-8.754535573631143
-7.510061959600955
-5.600025874880381
-9.235177660206176
-6.966692578631560
-7.114018842592445
-2.809948582240794
-6.215598325694945
-5.840300953445024
-2.854492828590337
-3.249310407161168
-4.424732691072617
-6.641553742944204
-10.026624427573619
-4.322197970616650
-3.549905974817277
-4.356570710901374
-3.297473967183101
-4.287257874182550
-8.070664978887343
-7.384278227449837
-4.868966166452322
-6.002254324412206
-7.055409627783836
-8.959932760959701
-5.606636835078602
-5.804004556112552
-5.218529503957956
-5.040536278922710
-4.358212395452144
-3.207539480281016
-6.139625178198913
-5.786276053875129
-3.881633850043391
-5.564896986852553
-3.974520836652014
-3.849415725267012
-5.560772838336517
-4.251772060838379
-4.803234735228398
-5.718558390056252
-4.770808911226175
-7.270865504214134
-5.986778316613584
-3.307606869152896
-3.457566551945291
-3.289975980983425
-3.210111492719991
-5.915563301361179
-2.388914266585128
-5.200568731768689
-5.802815639793838
-4.289476042038012
-5.202963507099384
-7.434956904638222
-5.875965184173032
-4.146019654772357
-4.701293702825463
-4.992936172559192
-5.992995655093036
-6.002076798637994
-6.267707918808507
-6.585205731857004
-10.207230423007269
-8.372465426146162
-8.687411219608832
-4.994271249369787
-4.855840709070414
-7.584975273020188
-5.827516451969601
-6.642613136293533
-6.988344841297605
-7.522957912798486
-8.187134306785293
-6.628281429522983
-6.273241207587168
-5.878323647245120
-7.774736717148856
-7.380035309565750
-1.567511744229494
-3.106136863367260
-10.163339382023572
-5.230298375579596
-5.792015390044064
-6.524163043045955
-10.954420409438814
-9.091528635876220
-5.281054902846829
-6.515273638104393
-6.441674371247625
-6.624641686228217
-3.946499826962870
-2.971835580575530
-6.372380682615421
-5.090764155769023
-5.809651622440000
-4.028355991298314
-6.510634281506752
-5.285991790837644
-6.520211444145681
-3.014354940834176
-5.587281491072484
-1.170689793224309
-2.973466735476703
-5.149039547928924
-4.472209406396479
-3.024192490323088
-5.266558382552809
-5.116042605178173
-5.523002452861288
-7.143009034303510
-6.245464911180051
-7.218023503007347
-4.440638522047739
-6.593067340253427
-5.701710879437671
-5.957629583611921
-7.796454501873510
-6.354260774030302
-5.804764941895359
-10.989217866790277
-4.998648487391267
-1.966857822939375
-5.964734396100927
-5.586827960751728
-5.997083326963205
-7.249217828291510
-4.754815289094664
-5.355691833679471
-6.463363054434032
-8.384173747275099
-5.863359686466372
-8.868039516222922
-8.002268985475062
-7.991206010100662
-5.775303855089832
-6.566229681393326
-8.847391423419246
-7.681033901879368
-9.040970939431038
-6.540570669647036
-5.347279317446359
-6.167682845727748
-7.698908319357255
-7.588517350719838
-6.902487614616692
-5.208869344854149
-5.952783246273973
-5.959058769529263
-5.185486871087898
-9.535785848884320
-8.349297910650114
-9.594864471539722
-7.535595298805082
-5.878544300494735
-9.568837338220741
-7.480677510746480
-6.311527504296868
-7.142078369690982
-8.226855490935151
-5.106769661280549
-4.029299537681556
-6.282717506895242
-9.546740345665908
-2.296364762416104
-5.406727899316964
-6.793686100055000
-7.924896321771206
-5.614432028217149
-5.114168834204569
-4.308345788554442
-5.227859751097708
-4.599673979040104
-6.572524368628420
-1.719148574305794
-5.083267128679120
-3.786829727253316
-6.104077052205561
-5.742858240016060
-7.186339323370833
-7.995947365634048
-9.097170227371363
-2.869988050328096
-8.731962171322394
-5.896657484696623
-6.330926131930137
-11.055815554629651
-4.766570956405709
-4.299879439432798
-7.345894236556515
-9.833643287238521
-9.718820159239870
-5.595498057175305
-3.614454481836471
-6.080890676694685
-4.957980283251814
-5.752680964495758
-5.424573432652093
-7.830480391015708
-6.438802381868412
-3.870749063639390
-3.312785572051971
-6.038785897285914
-8.668211858542614
-5.979254950747584
-4.132897516453590
-7.286397718995122
-0.649145556266964
-3.575388230603897
-7.462642314040927
-3.412585701060482
-4.866195537891568
-6.977711962010278
-7.119315518657918
-6.315181126640234
-4.792560890925674
-6.913737337565829
-5.216079193578295
-4.526354330505924
-5.678161804525541
-7.478015544211108
-7.352420209976099
-8.398386763680037
-5.701385665661765
-5.507093115059406
-5.106181112284676
-4.522023421400947
-4.179657592451239
-5.796517502703606
-7.340545163008431
-4.190741183956789
-4.881461979315147
-3.800584390598655
-5.398719334523453
-4.387633991461089
-6.777515207425853
-4.534093630703565
-5.277564067105501
-3.545223512467758
-8.062221652036762
-6.666865263944058
-7.652520835510183
-6.949463531541126
-5.798995420340538
-4.842732398179922
-3.171763133121321
-4.298378443750057
-1.269072445648871
-4.324560210101657
-4.677045624586158
-1.656512629761698
0.754055853072221
-2.311224344727155
-9.075815630062149
-2.725611204449621
-4.023558122176272
-5.952219468197642
-1.931628581967357
-4.598439118689771
-2.872247484167027
-4.517863296043688
-3.546027693729438
-1.691371567400947
-1.366470949417840
-2.794254459057338
-2.287939857538925
-1.938886946082021
-5.358725150442519
-1.763261256493355
-4.672095564562902
-5.219400459361385
-2.145997766873011
-4.154714133500824
-1.805041877793412
-1.086753219012449
-6.502990790656788
-7.774916943791450
-3.882314641217190
-3.001695753662817
-2.402743717074858
-5.030934881069163
-8.102531243404865
-5.620265049549146
-4.945716747637675
-8.844949099075114
-12.051060356915430
-3.070298604979252
-9.683892227330542
-7.227389793836925
-7.382107715281819
-8.123017916064221
-7.964626651709990
-4.566570411887019
-5.808231510487969
-5.276992983049889
-11.275113920763372
-11.425874622169566
-10.632169756735072
-8.841127113816917
-6.886666902535696
-8.467811419172373
-6.860445525244081
-9.461884423301180
-7.863728316305017
-6.078326590995563
-6.456381828541557
-7.778740166292115
-6.600949931752959
-10.142073921820371
-9.667965361060565
-7.977689654993323
-10.430719613069616
-6.562673618704774
-10.152618734778073
-4.738388897672492
-5.859685619425059
-6.561143172936069
-8.971765077551495
-9.096132025683223
-6.316345392693675
-5.562344022234718
-5.892821090304122
-7.099310735052391
-6.846854797383317
-7.879149429083023
-8.907202441488074
-6.088094762270245
-10.261400730723999
-10.634060493790992
-8.130697278925433
-9.487672473398314
-9.807068248934312
-9.769164519136279
-9.714575103485933
-7.169296298285994
-6.294915661237277
-9.284824955458275
-8.560784820044356
-8.097568149450598
-5.822124285548678
-3.584915161232972
-8.036997142877622
-8.286735982484737
-10.717963705119391
-6.031806555689577
-5.503537833763415
-6.062957216627638
-8.553770461489197
-10.478874214067742
-7.865509016065454
-7.762399852477079
-9.065641598986359
-6.794238850696789
-6.951506084238437
-6.372203289196986
-6.755600291828054
-7.068183978488682
-8.543977216380650
-9.315919440853765
-7.731319938794808
-7.954933725978685
-8.374486082106543
-10.377953912513261
-10.553709030862239
-7.343506116475703
-11.601238035230537
-7.010964368765239
-7.211492729206042
-8.563939371646855
-14.127139673229754
-9.561731847977132
-6.856825602419480
-11.078081606622918
-8.279551585810395
-7.700924307617573
-8.419466632384285
-6.487223787416373
-7.453919197576479
-7.191702051936598
-8.564558710332181
-7.906568357700200
-8.619291827992187
-7.786238482300295
-6.397944005285505
-10.983675113176577
-9.229393514364510
-8.894819101187229
-6.613246749674286
-6.524757525160221
-3.418002816330902
-8.380935745109328
-6.573753864425350
-5.257473238140747
-7.479005975520828
-4.499424153174569
-10.937060864273342
-5.583558293607980
-9.623321895129889
-11.526994015652665
-3.798532935317283
-4.761357550728015
-5.412809245167729
-5.457162905733180
-4.365323784906187
-6.310221760643837
-8.160296313877250
-5.197471281789584
-3.299932456206413
-5.771370139325967
-6.631267608746928
-9.205211836187962
-8.309307419747684
-4.838804294095269
-7.991949247323285
-7.961410048990774
-4.553878727618821
-6.747426455857042
-7.368012398612735
-9.207445639547974
-9.925890264693521
-5.429725740339252
-5.581500352683983
-6.933205744003447
-7.442108533314971
-3.875359512197474
-6.261536305164085
-8.989568752743859
-8.131731025989309
-8.859691256490009
-5.490804723589910
-6.246713450201767
-7.393641498300714
-7.302697837044693
-4.130399198215162
-4.315342206134676
-9.042588632555237
-6.623579499250094
-5.046831658423561
-10.733259658031704
-9.864669791165333
-5.767158182984278
-4.495875128657207
-4.804024504820577
-6.137272088025616
-10.402716285811483
-6.372847499951190
-6.530056438325932
-6.458953049184077
-6.340520504381106
-5.378731144404874
-9.980544738922347
-10.426477674905705
-13.586579515478984
-9.113172958275392
-8.227578011441180
-5.059211243007968
-11.151648173801370
-5.496232355582801
-6.336862876743495
-9.066650090895997
-2.851705902565254
-6.252066627186763
-10.249147719934694
-9.169581052372999
-5.727192278783209
-4.996735957341966
-4.251595530363082
-3.754249280684617
-4.813786759924832
-7.630363991518125
-3.716364405077749
-5.438720724487539
-6.514984408380604
-4.614311089632768
-5.013749249274184
-4.063917283424884
-2.428873722915688
-3.051058949613696
-5.454733822977196
-4.151080232921799
-7.236813413957917
-3.591819284300659
-4.557174875268007
-7.069946061192507
-4.720399258972291
-4.351109107063024
-7.779336367880958
-8.506546093992473
-6.725395468404214
-6.258776599525961
-8.791893184504300
-8.004437389971908
-5.493052081888408
-9.199487537043355
-7.263046655837170
-9.137028905556173
-7.874701729564204
-6.311361759667675
-7.319776038432328
-5.376925303154937
-7.526920205043496
-2.985899678480379
-3.552721417487151
-7.660983158010310
-6.372860451348844
-5.578098694761975
-7.783170227220709
-7.608048786517206
-8.641815193231622
-7.161836734458398
-4.442129599514099
-3.036858695956749
-4.244842460955791
-5.999160876965214
-9.342393866947214
-8.276744104214673
-6.087972733933650
-6.042648358259883
-5.247537352883676
-3.263621689066606
-3.802132267507713
-5.965631881279658
-2.364013888199167
-8.355790016929282
-5.944743590210319
-8.852735811158103
-8.423482277958531
-6.928491495613760
-3.287894243422056
-6.067550206908978
-7.228352880105015
-8.528243521304434
-6.155467008884722
-2.643400564275029
-6.027189561149802
-6.166902367314646
-6.888682211431751
-7.937644122078112
-6.083706039205775
-6.099384087506211
-5.602229894501744
-5.058971101963381
-3.472805617102019
-5.973326280473001
-7.452034239688989
-7.770275713037132
-6.543026501119222
-6.428561976417100
-6.564353955098887
-7.874313841188168
-5.229697045015197
-5.920789349592314
-7.933613240392908
-6.769471198775723
-7.173881727245343
-5.990323346755976
-8.596950183601235
-5.129456940853167
-6.243808995518602
-6.247246535333742
-5.212914614618001
-6.049542005288353
-8.090197861320370
-6.238966182953491
-8.371048470326901
-8.166178810576273
-7.865019613822831
-8.858102319054193
-8.903046316534557
-8.112570249610480
-4.873780664315763
-7.135426012500911
-5.083167251857591
-3.413824578121767
-1.053037100616632
-3.420556413021204
-5.112405183986650
-5.045885775485590
-7.209804672419634
-5.898880801233133
-4.209917073524208
-4.301630033433093
-8.802373418103032
-7.690909169358219
-6.224586800694387
-6.898717309291972
-6.324101038332661
-8.239739967060158
-6.633128699445361
-10.306837739756052
-5.826824857247291
-4.469943259451910
-6.533289925196337
-3.307074044557453
-4.883507166673248
-3.030492292527012
-8.777982350494863
-9.149548968614097
-6.425265228793021
-10.512129781923582
-7.294666146585269
-6.976387188438228
-6.126532483248880
-5.695106101801719
-3.749581581160952
-4.081839842207533
-4.423380503573211
-11.243792806901480
-7.034505019160604
-7.946442121853835
-6.577986611365056
-5.107633122130935
-8.949357762475522
-9.626021933993028
-9.700512575139454
-5.955276561698052
-4.939184629029021
-5.161835323609762
-6.341782519859077
-7.182706138105429
-3.495214236637614
-6.774400063157114
-3.893227632790132
-2.600499338685389
-5.611648122588895
-3.196066682822546
-5.323807264285893
-6.908258132187945
-6.760198811414728
-5.957373095805769
-5.216101212279001
-5.443995535933092
-5.045428914766361
-7.988922483287078
-6.449774338355791
-6.222602105196687
-5.686854434208652
-5.620764058352995
-6.271437796094372
-5.372461857933462
-4.328303727586095
-4.613604027067637
-6.610883537944302
-3.177260327189268
-3.943757667109141
-10.288152638943243
-9.403398662601568
-7.475897947408741
-10.890108539751578
-4.943730975274037
-4.699149717827169
-4.314139929139799
-6.628394060618663
-11.918222241029419
-7.185426141226005
-5.500781632410400
-6.754901254091686
-6.993690490285007
-11.249130233536688
-8.697168831887243
-7.619114303595858
-1.495542730659838
-6.625515834845835
-4.704468652191040
-4.772958632733603
-5.217099400367684
-5.525053684389077
-7.021311129613515
-4.590370857356337
-5.304454494792032
-6.923218479043918
-8.748247294180173
-5.616534527350089
-6.629507879910922
-4.854937166972719
-7.084583180670026
-3.930005894000045
-2.451979305094469
-2.918652692195868
-5.678952354284712
-7.050015698768320
-5.827914002876271
-6.328280871488597
-10.135063485569217
-7.175452903617939
-4.667219160150962
-5.800745396977812
-7.451209352622367
-6.974098196015333
-8.682479207915250
-10.287141302366329
-12.038935307456386
-9.635428924383973
-7.051240112353311
-8.546829778097404
-10.489486721258061
-5.809231500833868
-7.567414721455582
-7.142518515452441
-2.524328811675570
-5.597147131315277
-4.491239526609192
-5.723155525839038
-6.259132685920130
-5.093250290221793
-6.979939603638653
-9.221569530136618
-7.531552102175941
-6.701181744928231
-6.230577476412880
-5.153339846550403
-1.292549058361398
-4.085996667611519
-2.417595701980972
-6.993135372802883
-5.603670387586299
-3.957473794397691
-5.318685269930725
-5.545294805646861
-7.767413106471433
-8.794700645876748
-5.009694413976820
-5.477202691701318
-7.611638596460296
-8.003691743499166
-6.511385954445205
-3.814440215923786
-7.843415467526267
-7.535701102588224
-8.178493778022677
-9.702560819383898
-7.093125115038572
-8.674370558588649
-9.336929839761471
-5.900908233875898
-9.181118738572776
-7.977203953979358
-6.471038587680943
-8.234994742994346
-9.672560455776896
-7.170184822043374
-8.027782440306108
-8.051904637688107
-9.486760339398439
-10.497866006143198
-9.696880737386666
-8.868659154851656
-8.526101719433225
-7.637922246640459
-9.513284565856877
-6.761090249077702
-9.926442786304106
-11.593309280020742
-9.130573426122860
-8.495319435461001
-8.721222399225791
-10.996826408134380
-8.001633586304207
-12.574123148100950
-10.254388811190900
-9.913870940670989
-10.741876513256209
-10.019033940794884
-7.606454303436649
-9.193060258310773
-6.504831746663080
-7.023536628075068
-8.201394250082222
-6.001410353215324
-6.340469774094034
-6.541512690689733
-7.898601095570081
-5.496799242914390
-9.576124192404102
-6.277168783151739
-6.210549103473499
-4.859581917401822
-8.137271947431115
-11.647924541917593
-10.888252607828750
-3.417894246558645
-4.881198499589727
-6.900282528275827
-8.083615701550807
-8.678780728902087
-8.914736454498678
-8.348593717457879
-10.388444664767775
-8.406972770948210
-11.861782649874836
-10.752938781585149
-6.109460030426190
-4.346588974093703
-6.295245309041452
-9.593697801493928
-6.911654681401228
-9.037600341972205
-7.894187845431622
-10.314383580150729
-9.789345103162784
-7.662154113213543
-8.321733983853720
-6.145685693319499
-7.466473439466968
-7.288690510468625
-8.487120355214104
-8.032778298191269
-9.711971835582933
-10.509574007629432
-8.858184685710611
-7.708451997844762
-8.541910921589748
-8.776543894987819
-9.537289703929355
-2.980468315468745
-8.263042907402035
-11.065995834855332
-9.974072285321661
-4.794316384238190
-5.793466070663457
-5.197436563808782
-5.329743805643643
-6.297542529514857
-4.685615827937762
-8.068293381352898
-10.441141048049483
-6.040909825308291
-6.095490163232073
-8.883698431952858
-7.004284929323252
-5.907616597665768
-6.470903176824468
-4.741250763215789
-5.725300913674050
-7.853774569195437
-6.861750434301790
-4.661721218997803
-8.664639600840390
-5.178937178809655
-8.533724492288570
-10.071523045188496
-8.290360635319443
-8.062026444720397
-6.536394543456593
-5.161861813404450
-8.710075276815411
-8.607959973288507
-7.251872487614929
-8.733424253014203
-9.227455810298965
-4.091868275898874
-5.676362254612495
-7.594211768961033
-5.974511249231687
-8.337768543364348
-5.990044710485248
-6.334277844948002
-6.176313736257853
-6.703861847452970
-8.110433173007907
-10.051049039524987
-9.315219545106181
-8.921124014607955
-8.609200791836319
-6.089266862772258
-6.317996367747786
-9.116174778153242
-9.270366410796321
-5.803173129080188
-4.810468414845614
-5.845427199248787
-8.026663214622468
-7.066178959587837
-6.557886431250117
-3.566574857512017
-3.536851115491439
-8.664624755521988
-9.466454883553975
-6.230449288400769
-9.738920344551495
-7.063948547568699
-8.354860397011988
-5.270356361690926
-8.535889683848941
-6.053356131063444
-8.452518208734432
-7.084403565184767
-9.018482316862466
-6.554743714089227
-6.677683415587635
-4.614823028612454
-4.663628146625330
-7.779764446923150
-11.861267932162075
-7.654441493413880
-9.188091543129136
-5.941265963488261
-6.209029511259311
-6.237750930294438
-3.815498346235667
-10.056934877679561
-10.137314591353073
-10.819977630634359
-11.894132168598874
-7.467529202160951
-10.721026457165486
-7.008985074211136
-11.468695243136988
-3.795268299429111
-11.367412045327509
-8.575110557567211
-9.963687196817812
-8.571403151858478
-9.305013940948349
-8.730592812359211
-9.783298622097714
-8.270098272610808
-6.720072080969968
-8.939889106670201
-6.825882606259717
-1.629264916284168
-2.436637590513393
-2.905179619645200
-3.864454700890989
-5.928770642255934
-12.246035977690131
-9.651511679471058
-9.175541507397163
-6.094127761190459
-7.067128157602792
-5.482224134761205
-7.306524915552140
-9.262790531493971
-6.550103500178524
-6.377358348489974
-8.780085972446001
-6.127914842528662
-6.738035421620841
-8.007707543766266
-9.236049252412380
-6.216060739329857
-8.056445015023082
-3.805409231788838
-6.229493532701865
-8.335077119259296
-6.863565397350857
-6.730812412823046
-6.161315127538304
-7.944429788030455
-7.942185717429197
-8.035421336211515
-6.892336592274137
-6.805229663563844
-10.746363604571442
-6.654240808618372
-7.966878570422337
-8.708371281194088
-9.800491272525662
-9.528107659978103
-8.326352484754164
-7.055388527311582
-8.132094735382752
-5.339813187652119
-7.078549074293395
-6.292916205377998
-8.784941319364835
-9.453597370948435
-9.299562606913110
-9.320585357748927
-5.607258575152486
-6.560027821393130
-9.136785251611146
-8.266892889656177
-8.305832737114947
-7.871318431466920
-9.069530164709851
-8.467187216784550
-8.639744712345697
-6.726873460731796
-7.801117495756588
-9.834337248874011
-8.030594863129052
-6.939279561815366
-4.918619019473931
-7.485047157228358
-11.112147257748985
-7.644868853314839
-7.400732308325421
-7.323170745278939
-5.746773910203814
-8.700542259023145
-11.125008668282385
-8.129946789183261
-7.117971916038455
-7.564288176143271
-9.103875437060656
-6.730551312769647
-8.870960344627521
-10.483229892900075
-10.425983704687866
-8.274475222861158
-6.104729490821562
-7.283255707577359
-3.580953894505650
-9.488678711051474
-4.733011347696863
-6.897582949454053
-8.156835961764836
-5.764570209743910
-6.850714442292246
-5.577292960769393
-8.185283943364780
-6.771820656393729
-6.374953769775332
-8.927536585697839
-7.432187214027757
-6.897082822595034
-7.405622098746067
-9.456517749725014
-8.971035770723368
-5.669463931121737
-5.607708444953325
-7.166014224999908
-6.945553158075723
-7.306136635463122
-10.854421262880823
-8.650569359712973
-10.884833074542192
-8.956847955663896
-7.096135322593974
-6.331388096498736
-10.762157581042620
-8.986040016528307
-6.757068386356741
-5.943941895420668
-7.956802903198843
-9.642417836615643
-7.502611424893201
-6.304383669317835
-7.588738301893366
-8.956881577017345
-7.329326957502070
-6.590550820136250
-7.135587387391959
-7.723982248746678
-5.633077422764650
-5.695703465948071
-7.426965174393297
-6.561911386521421
-9.679159694696871
-1.203432604456515
-6.732390230760347
-5.449853554043915
-5.495228452931305
-4.525530129542381
-9.177626275949477
-8.480419839958840
-9.800259847840779
-7.698815156018330
-8.465409761480901
-5.932054518091327
-8.159573197724669
-7.618654630925088
-8.468356303298108
-6.884772192129293
-1.826842879846531
-3.525867845631602
-4.828789815399812
-5.805728034309491
-6.966813932965905
-4.602993953218196
-6.711978991053241
-6.970182736832610
-3.502372904204097
-7.106264509947584
-5.771476488019426
-6.081395735887561
-4.574413822144305
-8.332163537397184
-3.457074134457660
-4.920453777889638
-5.718124382081465
-7.663404793408900
-7.478855433321905
-7.229548043682579
-6.837980362268134
-8.127722967621436
-3.683192680241652
-5.208709186231605
-5.574730579327866
-4.577948353906706
-9.009794155163780
-4.687054585910164
-5.333130201875173
-9.395561640699295
-6.104150480041122
-7.217652246997505
-4.689102383706918
-4.940035107802148
-7.684101826855081
-3.671289121588122
-10.232393985351820
-6.506891255234367
-6.230702770234347
-10.410196570620332
-7.724823592616828
-9.949613379387579
-5.416651046208052
-4.483724262406694
-5.077250291202605
-5.833803517710769
-3.727351307359023
-7.021652923570017
-3.903945705157853
-5.814990855665330
-6.413155983913332
-7.977632648794956
-4.057847011608055
-5.440686521210125
-5.615957347521887
-5.712310108581931
-6.054320510742595
-7.675914841536274
-8.226528412718203
-5.903088896045575
-6.350693197033328
-7.818044427090483
-11.155313793150000
-7.589665167748480
-7.784545666598459
-7.828398623619770
-6.184452626789325
-7.281957274827349
-5.334650549651973
-6.444872907978343
-6.826843605663139
-8.178031810763805
-4.478749723222388
-8.172691370839644
-7.486557558879738
-8.343123509533072
-5.553536889866541
-8.728527803024843
-7.304505043582989
-6.539466765974431
-7.385063486310706
-2.408490191005346
-6.689867652824406
-7.068687297939361
-5.284104435737738
-5.758768018627054
-4.581549065314038
-8.734782460745288
-5.896098009663509
-6.160876384093266
-7.650480411599200
-7.011951380252643
-5.561009769441516
-6.940638831697720
-9.810812312772667
-9.597006247799376
-5.191571249571385
-6.129025731548794
-4.057031136655558
-7.026444612880804
-8.215046920057876
-8.197491732318563
-5.423152428551965
-7.858513988823863
-4.298394971118325
-5.074375655248266
-6.093261739206563
-3.631349330585619
-6.034626729143847
-9.168590797058291
-5.933023154508764
-4.105958773684380
-5.587435467871879
-5.049084538699681
-3.295778426895067
-5.729465375892852
-8.061015365343851
-3.160743262873727
-5.034156660099052
-5.914620437987812
-5.326575312079036
-6.068590967810390
-8.443138668589411
-6.897545945388868
-4.780636949711174
-5.894284464636943
-4.892903636967448
-3.000625139760361
-8.337889964299206
-7.332126357003071
-4.270634803722047
-3.443980872301298
-5.331646838364005
-6.509051736889366
-6.268414755916377
-5.885625089950181
-4.609374701239441
-4.037683974999887
-5.807963312235098
-7.571660591285044
-8.167731322406459
-5.795991384727144
-5.270581862853783
-5.243980805020620
-6.169161639516601
-5.693512751622262
-5.684790573171017
-4.112370992435451
-2.761953896871205
-6.498228700728751
-8.008132704767672
-6.257013476179941
-8.162846892447792
-7.671283567707924
-9.919783003368428
-7.931930110363473
-9.336777030358888
-7.306888603694771
-9.490472905370739
-7.543654171145404
-5.991657505160398
-7.185107333471764
-7.701753224512276
-7.918959381393594
-7.222172903462694
-8.035851853971135
-5.604324309028032
-10.333697664617677
-8.286147588396508
-6.629873650896561
-8.793207487697815
-9.610379029282592
-9.003673237434610
-5.339072268732152
-6.452485655288439
-8.990853710073029
-6.681897181529466
-10.628299004465386
-5.438409810326005
-6.154168254519099
-9.221293344778157
-8.137239436175149
-6.405624463692813
-7.889915128831072
-6.407941456766427
-7.484340940207008
-5.874664841223447
-6.245407966546973
-7.172707570261212
-6.122261934419996
-5.904668158649006
-8.238922829559291
-7.619831015387676
-3.566171224396747
-6.691793902314120
-9.564574850857410
-7.221853799766719
-7.045487978666141
-5.388170974860305
-6.110367846690194
-8.997175821995686
-6.363634841777117
-6.652732461217988
-6.845235207527902
-3.331979299552204
-3.254663766862320
-6.499175440771816
-8.228658527321963
-6.525430173258969
-7.489590494724120
-6.309380827273674
-5.822317970876610
-8.805420646463498
-8.448221370353592
-5.212359449633687
-8.030564811363380
-7.513269089052235
-6.906029206052891
-10.771551602052014
-7.651654893545293
-6.895131692896360
-9.344605034422056
-7.805673630362202
-10.508958722119910
-8.413696132320073
-8.002103452008329
-6.866751527357536
-7.174461801330392
-8.938812713763312
-9.713453718728415
-7.233177632316546
-7.305038126836806
-9.467858668523119
-6.512142926009195
-5.885528145709192
-8.621211676680208
-7.338983217590123
-7.552491177160708
-6.623311445425838
-7.613634853435456
-5.794460613972676
-8.523666841597256
-7.446769922266530
-7.483799372036489
-8.250884892188049
-7.330737753768192
-5.076654943991951
-7.324460887608771
-6.204108462539573
-6.453288058825570
-6.361010792566881
-7.551965731905126
-9.390350670400894
-7.016221513694635
-6.805243830369847
-6.379891351226684
-8.286818973011329
-8.788414777289756
-9.481866386938991
-9.534057599471714
-11.664514016510758
-8.307829155710351
-11.850191992299873
-9.183908225819577
-7.723805757673873
-8.162123541408931
-9.441099330241823
-10.086119507592926
-7.548059256217357
-7.785641487605163
-4.763976782248922
-9.848413335545729
-6.666318410774593
-11.279968415321630
-8.006739981983406
-7.676718738087679
-7.744409461711772
-8.709108667416462
-7.243413052716797
-5.451444364277442
-9.521165298578124
-7.975734310130947
-7.452725674703756
-7.203281158185807
-5.708684689190722
-5.397655033463522
-4.972136524312246
-5.466480040254214
-7.617529378258735
-7.288414100807660
-8.058736768005591
-9.144814702796442
-8.072190602421573
-7.832357267222295
-4.666598962693041
-7.475127905379982
-8.909768471241067
-7.885578352055504
-5.394960563572679
-10.337491757309820
-5.151804326751463
-7.552248399214834
-7.790990541015208
-7.184758566298559
-8.271205428281487
-6.982943205256692
-6.929503690245467
-6.779501395226105
-8.068016995862441
-2.595337299126278
-4.968359143329987
-4.130970691052331
-6.326933885260755
-4.873542331809720
-5.711862115236741
-8.157329206004960
-6.340064380653732
-6.341301347125427
-11.064045997411394
-4.098569744633700
-4.000790692321663
-3.796872604354276
-3.807050031483710
-4.933611991739996
-6.530534891039645
-6.334222369695654
-5.294247092253177
-7.032038901620850
-7.229888079303338
-9.691709752259039
-3.288841893608836
-6.484012024661434
-7.726535438157598
-6.756275710406700
-6.038787556942442
-5.106513669074142
-7.307558580361386
-5.509053205083430
-8.416505167611254
-7.233741364472083
-5.260953291057823
-7.171466217952608
-5.281425336692060
-6.659840044372284
-5.464701492718819
-6.984217009574499
-7.571946848043171
-9.299926599404509
-6.889614088955704
-7.161418388616042
-6.864599794297383
-6.376778878648914
-9.478467281413133
-6.800466158208458
-10.956265857893737
-10.812116879119651
-4.140372245818781
-4.190828186558663
-5.489270989788274
-4.163739356068375
-7.451324522105524
-8.458697770760363
-5.365463255720628
-5.369926650885966
-3.466607600589956
-3.021143414829258
-7.604755408800458
-5.085580248235010
-5.904233330785147
-8.516991934499591
-4.999990085170156
-6.429636873071277
-3.359042269091760
-6.038048574695848
-5.473674213092038
-7.542421278516125
-5.396356994939785
-2.632644078973981
-6.943403569138370
-7.383934393014242
-7.705317806824862
-9.622738643529519
-6.789340961461606
-4.378237117777787
-5.469715452275229
-4.857971323341968
-7.009223345774988
-6.374736248323853
-8.455092991136038
-6.650288998769715
-5.427142736721422
-7.798765744794737
-10.061900176836565
-10.997381949812942
-7.262377207623176
-5.698500911377598
-9.679707019860416
-5.954239093726657
-6.027385094106424
-8.217961923476480
-8.372174945715182
-9.379686156057767
-8.305686260432893
-5.834958863162813
-8.961664789752541
-10.427945246644150
-9.217105946363214
-8.245094431395648
-10.127412073574998
-6.747137091965743
-10.050815001403407
-8.523478314522892
-7.409229017373990
-10.992702944607114
-6.296072211455831
-7.100270944785453
-7.024506427258750
-5.361678091476002
-3.496131763502098
-3.655116595003729
-9.266718808570429
-6.863951368480631
-5.943681022150868
-9.278792255185877
-7.672016831399408
-6.235955581963346
-5.755417740501523
-5.515448371335629
-9.309444484443585
-6.417443008939252
-5.709070695409194
-9.121726962169152
-6.349391715031735
-9.260537485028165
-6.907083837019355
-6.258622285603725
-9.372757649120409
-8.981852572116559
-9.247422104179597
-5.493515467860863
-4.583513097000618
-6.823208259319773
-6.310955320213526
-5.242831693077912
-5.194849741296452
-3.251515756462102
-6.035098667344426
-4.074156410868315
-5.003711553465652
-5.136260855210487
-4.189492082101023
-5.802043197210225
-5.706954392552180
-7.686375742580816
-7.117747997601430
-7.870271206680469
-8.113627574142331
-7.555278485274701
-11.423739338145140
-6.441704255759908
-8.752165224501448
-6.691516902087590
-4.467550823280990
-6.699240226067880
-6.244171807585832
-8.562306751982874
-6.487162775291285
-4.996231477934926
-6.115855957238572
-5.564952270939895
-8.204704634114817
-6.667989842352275
-9.303086792147862
-6.163201041640053
-5.318897298418964
-5.755747776987513
-7.376410316866895
-10.069810003081447
-11.194010071427412
-5.647297957699381
-4.728554794873948
-4.411764735075682
-3.749193922961284
-6.237600320351786
-6.741084168646306
-7.277228205097486
-2.321663753267820
-6.513742890962341
-6.433521702540328
-9.237966275761462
-6.731340867560134
-7.921334458995815
-8.212525969754131
-10.038030814418532
-6.848561477195282
-6.148670662780566
-7.112467452738405
-7.720271260060979
-7.277281825929252
-4.902050752145331
-5.561414662143232
-8.296134528794081
-4.339844644606173
-7.300536273386919
-8.372253750288428
-4.310210155748843
-6.041955697463980
-6.140706642208829
-6.429802454536159
-6.038978173763825
-7.141028860156935
-7.266318098352652
-4.923681621531267
-4.569416140422478
-6.323921590311237
-6.132255899273763
-6.531981861020013
-3.451276818165692
-6.713467041427948
-10.626592135574882
-10.330417856761452
-3.334165904075655
-4.321995601577504
-7.158649952711220
-6.806981271044860
-6.239960023963718
-2.015607721475734
-6.398619678002456
-5.418076661647807
-9.638960308451706
-6.220506893233257
-0.724545824075388
-6.066703704517173
-9.875466138512989
-4.394062194290347
-5.761366435371747
-4.556878859848573
-3.471623260278749
-5.106560567425875
-7.693995884389098
-5.898705831665152
-5.549878249499038
-8.230178914377175
-4.073758763499469
-7.534068148873991
-4.536864271516040
-4.305253554623106
-4.534643996811905
-5.414453081178228
-9.175013966243714
-6.960791797115999
-7.071256197067047
-6.538373039187076
-4.465053007277401
-8.014916221079183
-5.777706513947410
-5.564691915901104
-7.747557445062596
-5.205090672500948
-9.609165208852593
-2.586030028251939
-4.862246562499222
-5.956889560013456
-5.387562916477120
-3.863854124570863
-6.675819241206780
-7.631581475934892
-8.128782132056983
-6.259137736055473
-7.588137099998296
-2.846490010699162
-4.732274783949921
-6.906088797708409
-3.361785524709461
-3.165528551051044
-7.722734527697090
-5.482494909985477
-6.523415201425633
-8.916163954266381
-3.706652074518027
-8.880215550260273
-5.368830566462478
-7.598061555120659
-6.397476274577902
-7.757064990595641
-4.928483329086491
-7.750768476010598
-8.624448005834926
-4.208025167019255
-6.189369787882021
-11.287879303259439
-3.532277128583438
-5.687122250564491
-7.456778608595046
-7.686348671315632
-8.088896339314017
-6.826040303891460
-6.853424976582159
-6.523954046557882
-5.446104278313314
-6.892414039848226
-6.316546286775015
-4.139249277378304
-11.384979153077660
-8.665058651130744
-6.851106496149037
-9.845959312483606
-10.879575679398984
-3.919973452043812
-5.135801516975187
-8.519555705508468
-8.191518219160518
-6.156597999037575
-7.984062949717956
-8.809785944320875
-7.056364822174031
-7.901261044363650
-6.365206920143836
-4.041953607585621
-6.246507274561961
-4.867135726605189
-7.155361599214021
-5.534195751279779
-8.406101224674902
-5.484806707000348
-8.539402532901383
-7.015866156976533
-9.107822976595068
-7.897061454659569
-4.734205118260158
-6.792800359997861
-8.970762466175312
-7.040128647908893
-8.439953728073283
-6.751797700022050
-6.680177346428767
-7.256816059511106
-6.584252290840683
-5.680914816488340
-5.282574124425317
-10.039448952951357
-8.799763814711165
-7.407663149627871
-7.370704992277242
-9.395886954886230
-4.056799639141100
-8.409005001480578
-5.139068979102737
-4.907013412094260
-6.209789199601663
-7.024691013549001
-7.635280741099603
-4.363674712675609
-3.424623838000948
-6.310105214773721
-7.060892116687629
-7.658782213752724
-7.308170907428918
-6.197930724919202
-9.798791925056609
-4.128707739136925
-4.769333017913215
-6.524069140551761
-5.698527572950784
-5.893809337398540
-6.393812289548892
-6.106403475991811
-7.750255680166955
-6.641437283919706
-6.752438699024824
-9.403565768950809
-8.511244215202705
-6.486747086299181
-7.099688414330848
-11.816728125817249
-6.568732664746190
-7.088389646995931
-9.501362278259275
-9.051339440558634
-9.324504634712421
-6.301193379313637
-7.598876598207658
-8.626709626414806
-7.124731885669418
-7.817869855113015
-9.546429489131897
-5.910788452486611
-2.895854449445992
-7.900416702856822
-5.557214071898231
-4.732244376229232
-3.912110281090262
-4.080776074048332
-4.630026529337208
-4.911911129653267
-4.118663610809352
-5.757476023336235
-4.037204082721044
-6.092886296888522
-7.156758884400297
-7.600761670144227
-4.558540691379095
-5.400678315055034
-3.932442471030676
-7.503331435839908
-4.641089958517933
-6.070293063956533
-6.044866576454894
-9.340747603889241
-4.835274040320177
-8.699114611555753
-3.533896707542667
-6.340565927151243
-8.421676300952955
-9.304245926816661
-5.039634676545162
-7.232922312475942
-5.483442622407873
-7.092371878258088
-5.825972566310050
-4.969417403254753
-6.417701385968072
-6.577936661558958
-9.161145124372892
-4.703065965979985
-8.097603758347336
-5.264727219002218
-3.123487237898716
-5.150334092386479
-3.565660387330057
-4.738784425477026
-5.869090475045346
-4.338309968405723
-4.764647409783067
-4.690868740189949
-3.107288206402725
-6.657267842648441
-5.364260314028693
-4.544604059214528
-5.316272468262214
-7.926836376105466
-7.668794752542098
-7.404676414777568
-7.588732767688652
-6.411630618704640
-6.330008439531865
-8.314173751437284
-7.179123048312642
-9.663151196546121
-5.574177237459260
-9.299610476173237
-5.189946302928192
-4.830898130591437
-6.313975558772332
-5.197056762647872
-3.474940355902138
-4.836143671859332
-1.482843705176205
-6.772447936392706
-6.143540274381722
-7.242392872642765
-6.045226013617447
-6.651824640281972
-5.712613044689757
-4.713153890989160
-4.974915562543182
-8.107109504009617
-7.020227936580661
-5.167425933319634
-8.716450439436768
-3.695888522908849
-7.451883783110125
-5.334778615767579
-6.891792310149757
-7.580111876260654
-7.358207555301767
-7.286856022700464
-6.251132666166029
-7.562498295803727
-8.855989292983807
-7.087224955602642
-7.585577245326618
-3.958361822294864
-5.486801831714362
-6.017055934282842
-7.397527977295092
-7.973421968273906
-6.752835546411745
-6.660355417126195
-7.764000394725303
-8.192547109384455
-7.448650033029402
-6.756918707663043
-5.519098535585228
-7.168072330257042
-6.361448478665666
-8.386428996018822
-8.334297968374676
-9.965737262592308
-5.872450818469511
-7.735227574938004
-8.007066990256570
-6.503643617092593
-2.860750782428393
-5.532240005214305
-6.962252135495997
-9.959373849493282
-9.449035974867414
-8.404666169633648
-8.798908420533456
-6.335184897661907
-3.897368310089018
-3.248494365810779
-5.613174608725894
-7.449396367059432
-4.629003981521861
-4.750910393775227
-4.275501837537948
-3.952358906120736
-7.965706845459620
-7.435819240367755
-3.144058158112727
-3.136681454289444
-5.725007163446384
-5.807063789891290
-6.606286097327006
-7.409258483453915
-5.780676440573563
-8.210130305327805
-6.239299606529369
-4.160844338242011
-5.693775289519129
-2.949620243738542
-6.392283232937062
-3.112835414697681
-5.710411649406025
-5.027136263418177
-4.334849863600238
-6.579558397584425
-5.736581073759976
-4.420713207168109
-5.054341690799742
-6.613481667309199
-5.390769258147263
-3.342539682138344
-4.550532011662689
-5.482361580854755
-6.436264911201180
-3.356896170465843
-7.191398769705615
-3.441414050987625
-5.567249489988211
-3.653780118073911
-5.281066893235455
-7.434684209793437
-4.419244889479677
-3.789821161892370
-4.536763542404129
-5.395662788237044
-7.280764643016788
-5.652538316798032
-3.509476209557147
-5.043434740864959
-5.965207921774335
-5.913245845255706
-9.724297850321912
-8.241570130909805
-3.804038961499797
-6.240493884963074
-8.021980706564630
-8.478227087469856
-3.953454533776514
-5.455454837610797
-8.092406255569971
-8.533575817555782
-7.824568115192705
-8.117278795656162
-5.059582250589945
-3.189396988566088
-7.865743097346042
-6.591164879043616
-5.910420282874282
-7.963665319034824
-7.841147194883445
-3.783920064848259
-6.090551522769813
-6.405096572358597
-5.077847352928877
-6.972454616443106
-5.569863626460690
-3.365067223596498
-5.988163589145113
-6.341367682744304
-8.977139875153286
-7.845673347752145
-8.317672072682292
-8.672444976369430
-7.373596692207068
-7.223554038998803
-8.674219924416221
-10.666386983604745
-9.730363852707088
-6.867455918299587
-8.284953045437973
-7.277013328529921
-6.811085093424497
-7.551553020499477
-5.789333402758246
-6.649307952622536
-6.970482687146077
-6.608391534904113
-9.307173660426168
-5.432719209460399
-7.879416517710683
-5.474783588506133
-6.089679002411977
-4.458827519748479
-7.464935916890802
-4.817111771181801
-3.501168043434028
-6.048694632330499
-6.993363593697763
-7.614786239639886
-4.507150256046851
-4.514094864654338
-4.822790662884482
-5.096328190446723
-4.327345126809928
-5.650096090818221
-7.776253006606200
-4.065500776116937
-6.658488763434042
-3.159884412672521
-6.099062318938136
-5.515513392962934
-6.792161844733371
-4.061902954411229
-5.950976906840654
-7.812629367939270
-5.441723379708607
-4.273437917004892
-8.578856676027383
-8.500719343255014
-10.188687454308441
-8.364834632314542
-5.026337717476872
-6.309495455337179
-11.675520010342296
-11.688387527988702
-8.208512185797730
-6.365726098808415
-8.302161403358241
-11.674284127061590
-9.339059540604849
-6.299693839888392
-7.788523707371833
-3.910826839274617
-4.616521330162550
-3.507300240480406
-3.402273961618229
-5.754760201709281
-7.350262585023835
-4.623177792389773
-4.317861790228341
-2.454569170534649
-4.764824404112520
-2.941573975542995
-5.390234447383949
-5.818833358738830
-4.625419311190093
-4.828847073688829
-5.004545190880937
-1.087602560061570
-5.104324992848599
-8.545960866241304
-7.269655581434517
-4.825590523854520
-7.010105668319897
-6.560244755336833
-5.434431916919401
-7.261053593299815
-5.430458728452661
-5.879214927985224
-4.249679128936138
-7.026725902492639
-2.360413913326573
-4.478865743859981
-5.854768363680133
-8.096987418782621
-7.608494856669363
-6.804066252662998
-7.687638088576612
-3.777019383914417
-5.863389205928360
-6.960779290031689
-9.500485075046592
-10.172105151961130
-8.537842363740062
-9.368322525742323
-7.816312184611773
-6.372660348338716
-5.899949585833444
-5.934881281571597
-5.697958083703938
-6.851362134222454
-6.284646754530303
-9.129240146077706
-6.295744188096704
-8.642121510174672
-8.170310797509829
-7.811700771266505
-4.830502484413921
-7.003101076598623
-8.185817496033835
-8.486837706726009
-9.055589735710903
-8.268013983922298
-9.840279516441633
-5.866941616813805
-8.858700010333305
-7.110886869304018
-7.250042156476587
-7.639185037284952
-8.269525030992629
-9.577153862533129
-6.559166543685300
-7.281831839488269
-7.456579156731872
-8.718178051877489
-5.462616594881521
-3.691673850037265
-4.103534366958319
-4.686916525671670
-8.055439540830408
-6.923014300256371
-6.179536499540041
-7.666405884230106
-10.182591351105565
-6.172392392474555
-7.407222901840210
-7.663460571420528
-9.501257794225328
-7.688182838251779
-6.941547793386059
-8.563764763442181
-7.604198336469929
-7.540187633383673
-6.059860360250807
-2.611543547299733
-3.081723010994371
-5.694904561297986
-5.525140732022154
-11.223457576754507
-9.347659372196684
-4.379471674162829
-9.202066199628042
-9.020643797136364
-7.607354843402098
-9.633313996034138
-6.735733010943641
-9.069907682963851
-3.947611175362086
-7.731199481145781
-5.973869095655796
-7.565080951510461
-8.050467209580308
-6.630953890247871
-7.588446865709672
-5.438055942657762
-9.821504477463334
-7.673782248403687
-8.048601787204959
-5.981149778746999
-7.634428253023114
-4.035468297168349
-6.644350709234389
-6.409094615583599
-6.619395619296086
-7.420467554200637
-5.566577463754816
-5.907628207898096
-1.765913174861029
-5.167320508848775
-3.369691685309564
-7.592987514693514
-5.478854167086452
-8.192710653203481
-7.033185795107601
-5.764033982040204
-7.190213006834266
-9.898396895858170
-4.860554593717699
-8.537979524614789
-7.009677920049710
-8.757922903739905
-5.934091316997492
-6.130851198522061
-6.611924600979602
-2.031890798871802
-6.148015434565875
-5.308107453422167
-6.002742299430462
-7.106568760282083
-5.117511382473266
-3.573960138830999
-7.511444434374928
-6.401180213805499
-7.104944169309328
-5.489584127153184
-6.252448886728298
-9.881621115443258
-9.122830173773652
-9.943126933325404
-7.474785950918729
-7.225790016682356
-8.650509042528540
-5.809228472236375
-8.389326996672645
-8.451369207023637
-7.932495471709499
-8.334307029847450
-9.123426798417743
-8.748008252059629
-5.553172081892541
-8.944442394768194
-7.988661985165329
-9.634068430201959
-7.013352161652207
-6.053500420591020
-7.167507892899362
-7.543632978320656
-4.372368388370684
-6.714872170748466
-6.236821908469740
-8.806628341668352
-6.427650304749746
-5.713531608651392
-6.986411888743280
-3.549869020443349
-5.571261049582774
-5.422674516238428
-5.629308788124062
-8.717998360844801
-6.893948527861753
-7.205896590652025
-6.920254053454730
-7.026607978433640
-9.047751576138365
-7.518942975402560
-7.193855386490871
-8.590658809242875
-9.167104171748585
-8.078046113186918
-7.054052652535681
-9.392356890801153
-8.927243255568746
-8.825531060318317
-10.383521153557375
-6.929169185485418
-7.112107294101810
-7.222967184526614
-7.287960157677422
-9.114459210881890
-5.503089708890893
-8.161005909326178
-10.213413849122691
-5.020538580757332
-6.789528495248759
-4.185123216521973
-7.689886395620340
-7.738335474430297
-6.141649270880936
-4.132223811397486
-6.574032871363054
-8.341243273297914
-6.625966851225205
-5.586877650426632
-7.166711032160604
-8.008723900895804
-8.412039271899811
-9.174819288337670
-5.366321848998403
-5.974094665065580
-4.588099034689667
-7.453406539376251
-8.149673446616626
-8.618328331801228
-5.843255590279738
-3.999772662920930
-7.425999261352071
-6.512170185684593
-8.607384182989733
-7.870847602621937
-4.068821533071533
-7.056780075663956
-7.638285942665478
-5.085617271516313
-8.256770645619898
-7.228752182748409
-8.228589756981302
-6.255579191132839
-8.864371174712998
-8.208186310823798
-8.122209383979417
-7.146934009181492
-9.705728679108104
-5.846770410228538
-7.374537702130922
-6.342290644190655
-3.035338663018505
-5.963257037483937
-5.032802864800912
-7.107392812059922
-7.949760919149292
-7.292455617502450
-9.273033883917922
-7.664221066753292
-4.134447824259082
-7.351124154545500
-7.249172254645154
-7.919592100444437
-4.494915827708128
-5.739250954359472
-3.305884306493521
-6.845972785576360
-6.575214958917517
-7.552967811306035
-7.729005999074905
-3.434235622268313
-7.152461476882041
-6.545201682091662
-7.158179949241889
-4.252931252401393
-7.817270213212987
-4.710260327947866
-9.287408522144103
-4.077105311173289
-3.835819352318474
-6.072898427769919
-6.844668961505787
-7.719001937098856
-7.385531376288811
-10.205058225832303
-8.109480524330834
-9.964445315056008
-8.507244973356141
-6.564899594208871
-9.765566673016618
-10.580218777178761
-3.462432897772588
-7.744274961860758
-4.606364569964864
-5.039252967769372
-6.691958982194126
-8.273864863978400
-8.771703121974582
-10.279639397713421
-11.341755997387715
-7.880843501608186
-5.174272073262545
-10.892331694640422
-9.994017084822513
-6.820977183853075
-9.154744207593531
-8.236609913014183
-8.110442586228372
-7.036240449922248
-9.000499171689146
-9.109055441047268
-11.844879985127477
-7.445520882793621
-7.718368219067790
-10.862454980301489
-11.488131995945517
-9.575062023028938
-11.250616423758528
-8.924997514260349
-10.133334429316049
-7.237408117049542
-7.361521034448953
-6.369360813302161
-8.217036752670975
-9.857196046213353
-7.836740114584115
-9.180730524600062
-10.583385988761282
-6.920898552036739
-7.787624570549267
-8.938643592802931
-7.496305888087813
-10.278117288823038
-11.130867462738555
-11.270119596754563
-9.465033009148723
-8.835091068002717
-8.440561049579395
-9.314684491883325
-10.718467574173772
-6.836868212342391
-9.746169052205254
-8.835100981720300
-8.562697800218356
-9.513309308650083
-7.353325135156929
-10.285795416428925
-7.187729583556440
-8.414303338966825
-7.410791451292969
-7.880217705912453
-8.546544178577875
-5.688050301464716
-6.506736337540137
-4.940565856007624
-8.437322403301005
-10.106564510079865
-11.315466266693928
-9.174137970739038
-13.036581899014847
-11.257502253492779
-7.380787878936616
-12.237081929289108
-7.266383685611615
-8.932291749808465
-8.409893415639102
-8.816004770161125
-6.830964077741013
-7.964908598898738
-12.327407120675035
-6.591596363656815
-8.819302706624548
-6.257033425681587
-7.928494637760111
-6.525930900699901
-5.539027251662294
-6.686289484904122
-7.189766893085863
-6.609967729679118
-8.913457583322586
-9.877398148138445
-7.544567487785719
-6.743661609720898
-9.026406296716008
-6.858383251308275
-6.006402862565619
-8.559160863861056
-9.240653588703763
-7.395409787062295
-8.196329701506505
-8.692337657006636
-8.810709782970136
-11.431200175004737
-8.007933818301350
-7.595035332561477
-8.122268579207869
-9.760498419468210
-8.095631225024350
-4.606014069468605
-7.837071118308829
-5.200991006496174
-5.098764387089388
-9.034047200628050
-8.296342342778482
-4.845502753862045
-7.564131106940265
-5.049447065274214
-8.341776850987070
-3.967161617421570
-9.282071942741194
-8.221997579604801
-10.171393166022359
-11.228108015712785
-7.800856701280286
-8.477907885968575
-6.448603186838746
-10.781782005516279
-4.553677487395504
-5.541763249612505
-5.550169477549930
-6.275975358826441
-7.931596199387927
-6.525375146319966
-5.716839206834659
-6.302564479099472
-10.722157882971800
-7.798909098400862
-8.138444763816031
-11.372872329097678
-8.434372817653987
-8.213301056855657
-7.271941500586895
-10.132523255344058
-6.872605079654238
-12.343507728513979
-5.646075288981112
-9.397806234004783
-9.423012486979699
-10.278324541447674
-8.063996340762948
-10.665918367374946
-9.907534050034116
-4.610374481956632
-3.989046426046516
-7.571507230750706
-5.628712436604930
-10.089694980856036
-6.599141876596264
-5.995417199439699
-3.160574707839616
-5.812157123972282
-7.028487103707178
-4.651707727779308
-5.653144792351244
-4.378404824056910
-4.013986608784973
-5.347170677866417
-3.432654863366918
-6.227505246734088
-3.047550231838335
-3.282949569515575
-7.107869023329212
-3.885647110731400
-5.915451067393929
-5.115706287220628
-6.923761167673069
-4.754643341014829
-6.584756698319625
-7.238282386185809
-3.484653288513962
-4.965286753950258
-3.935590695666866
-6.476124349795146
-4.741319409693415
-5.639914856832067
-8.341566605474089
-6.742035292952788
-4.202737158856690
-5.898245295044411
-6.950568605037325
-6.994353707623686
-5.146776671413274
-9.376319792085802
-4.430023320668038
-7.883760616211370
-6.704803719298116
-7.987934109091160
-5.850864430845128
-5.254218233310732
-4.065442290287439
-7.688623456844066
-5.608387114101055
-4.681670962285696
-7.904427841542831
-6.479249644822666
-4.796392991242692
-5.833230298242745
-6.541977325393074
-6.832883645329095
-7.146524494837045
-6.844669089062297
-4.828221612511302
-8.081019654241556
-5.078644991140798
-4.882408405984234
-5.492468011535191
-5.650123722302028
-6.845791304038716
-4.975946312955633
-5.098005923610563
-7.330271180558967
-7.313947247803202
-5.203137414522812
-7.506116097545064
-7.114155616871495
-2.601539150391777
-4.452254299808533
-4.761664926120946
-4.415995283081570
-4.375245942308876
-4.789971406279184
-3.569290798876484
-7.128103255219520
-5.745421214015818
-3.990189659708402
-5.589709086014333
-4.508740574943228
-5.678707907971223
-4.979111659585820
-8.046908652689076
-6.016321436076153
-9.691213406151354
-7.732023689831979
-7.256078359649908
-5.648079000099288
-8.034411997206510
-9.209491629369843
-4.388844590454513
-4.170374237743120
-7.571417036344751
-8.812506888761773
-10.094776010821910
-8.991662996742484
-8.001869226102091
-9.697134276748544
-8.010563244292257
-5.857156601793291
-6.292695442978147
-5.748611255443199
-4.356625118545003
-7.877135193956234
-7.960437369574065
-5.489590703894174
-5.957631580817879
-6.622616752285517
-4.389242399823574
-7.044222186446362
-9.875451487211938
-10.259649072938863
-7.267817040768448
-9.157806347489053
-6.781311027423458
-7.270546038926306
-4.480999198160339
-5.519117734807568
-7.131329470047003
-5.901467762022828
-8.434730895926281
-5.984708881956982
-3.992657973416790
-8.702573339130575
-3.783761044702286
-5.408344624408116
-6.926635463374118
-7.984049842099994
-5.914946553473347
-5.846504717184059
-7.231022776913141
-8.160987540786106
-8.814365933456273
-9.747074840880162
-7.275959317824114
-10.513620680222878
-6.344360503643490
-7.182746292014890
-6.168432245327322
-8.384559663203159
-8.213784044489730
-9.637804342889437
-8.263200131497207
-9.068525471334985
-7.353127747367725
-7.906537531597563
-8.459156359692861
-10.065511111420211
-6.805941923563849
-8.281720969449188
-7.960910890373854
-5.907585093265119
-8.200116000247853
-9.450290610935841
-8.026912825065747
-7.869521397538012
-7.639918738613347
-7.034739246467915
-8.640565839411888
-10.054036774275618
-11.717408637709806
-9.296304709501898
-9.421044467298202
-8.018696484763209
-8.185534428495076
-7.348399964577697
-10.201085212620645
-5.926411825568472
-7.586563734638485
-10.067131935966373
-5.771732139290954
-7.861732081528427
-8.805179739518108
-7.829902584633047
-5.982213791838705
-6.367966692987160
-8.869959772207022
-9.315786561153605
-6.798171990771253
-9.388213395795542
-8.243831651307257
-6.092503775733218
-5.349334891772710
-6.663009106715072
-6.443112265712359
-9.837660316862701
-9.108636988684266
-6.291672332754874
-5.776452761842809
-8.597216441789952
-5.388415551445698
-7.014598287695978
-7.259916574242270
-5.999465000912766
-6.453775929390966
-8.997790031346325
-6.785442507307835
-6.951171062277161
-8.213233980979659
-6.769270201376709
-7.271655477073473
-13.114752605484817
-6.808241268101234
-6.173636857330895
-10.223360690679112
-10.766636834811321
-7.162896168859211
-9.533810840041571
-6.113773423671805
-8.847220920247501
-9.981756220676349
-7.051121216697990
-7.285323945502991
-9.564381940015700
-8.350393705414477
-4.791173993029402
-6.902661029098131
-10.463393502372851
-7.154207910474199
-7.957088049528910
-7.834415181584129
-6.886319438597867
-6.173467037985295
-6.487889772070482
-6.525149055891088
-7.149062109373612
-7.058683629760415
-10.473260607673648
-8.255272149068835
-9.318786705849361
-11.137685756189185
-9.844911699479100
-7.460470221444594
-6.330127844527138
-6.660069701561592
-7.060421848064883
-9.353168086264812
-4.514408540684945
-3.864539031587194
-6.868589532563826
-4.736703803354340
-6.764720793482041
-7.417895923320620
-7.166912966457188
-6.012333749371531
-6.022035719637128
-6.758206761337491
-6.543800480871067
-7.626524865192452
-9.939654938679348
-9.305189587947840
-8.786616903136427
-9.027786926652183
-10.311541965323849
-10.177559932753590
-9.166060977182086
-11.488646546210898
-9.465288868896426
-5.934402749538848
-6.925134309205101
-8.409272068255286
-8.967931247779534
-9.743775925254056
-4.514578753433220
-5.967720661294643
-8.021616422749064
-11.454001749888759
-8.547804203957460
-7.754425385483213
-8.170190665626768
-6.436150178369056
-7.370304710765501
-8.505697265841349
-11.129761310224639
-5.606304084906053
-10.213864108955198
-6.839801205382618
-7.563277194497932
-10.295536173770126
-10.249222691972692
-7.758164132669015
-10.328524724187529
-5.487415106764590
-4.978606605671200
-8.253941664901417
-7.168778254179015
-8.572023898292027
-8.192773264675905
-5.619997910578909
-3.131562065121681
-4.221041829234196
-4.650534416135733
-5.429811948953788
-7.666495686533023
-9.330860948743696
-8.212727556887923
-6.521443672210277
-3.457602775681713
-7.915673200271257
-6.571743583276338
-3.625690826746417
-4.854331573117236
-6.267902904291218
-5.384876724016531
-5.268023582901750
-6.892283687196770
-5.798111616951939
-4.761482676993722
-6.131454783663902
-6.427736227913876
-4.569317205949060
-7.646612980934806
-6.113550577068665
-8.047783527546008
-5.718734351880419
-6.792490311600305
-7.333443017059325
-8.465188383164472
-5.243227677752954
-7.131815167803720
-5.874028914994957
-5.370316948765944
-7.141572754206158
-5.824399066840831
-7.171966597707638
-8.726791564454363
-7.927833376499709
-4.887831636929217
-8.672140468614206
-7.587610830575307
-6.481385789154534
-6.436456170705159
-5.983057304077483
-8.037322485711487
-11.316888733275706
-9.896621846442224
-8.757287449168889
-7.798932851761514
-6.422666530508024
-7.660881777442438
-5.319697254841608
-6.242054005449816
-6.699207007033172
-11.585286489625306
-4.687500963633932
-4.915334695460683
-15.877234305657515
-6.320130970738653
-7.551421767942411
-7.917021885192253
-6.006868635690763
-6.539547248559969
-4.932028688172064
-6.145546421537761
-8.179138628718400
-4.478739735836474
-5.907096940835713
-4.023641545228733
-7.430820861866382
-8.507063453014233
-7.029622233232337
-7.328734299495675
-5.823422296752892
-6.424431781550305
-4.980099628942996
-10.046737517450916
-6.309685195658126
-4.802000842293572
-5.687924585623863
-8.642481574313702
-7.950653177707828
-7.298913283799862
-7.813875714265843
-10.276103932077344
-8.592889874792299
-11.584244045686610
-10.238280035506399
-14.342359021651921
-11.338385516238837
-8.487321465997610
-8.951945718793349
-12.521294239407332
-10.135203619494829
-9.782276683374034
-9.722650965903956
-9.302904086372081
-8.535610962979355
-5.759786758528324
-6.883774663231308
-6.608119408021166
-7.038119843068659
-9.591442993321635
-7.467581132894757
-7.762626461734001
-6.325447807592782
-7.806564037841424
-6.271021943596926
-7.381645274076257
-9.694676488642894
-10.342603537503461
-7.972466746921254
-6.590633146602333
-6.486179898747487
-7.036286605777351
-8.000513797533996
-10.370557594552544
-10.375161997986483
-8.708889122915647
-7.202860434891986
-8.529848723738590
-8.996148038249522
-6.086956958771653
-6.800878710757440
-6.863547668729935
-4.342866062466896
-4.363505903209403
-4.878214191083524
-7.567577036095668
-8.565834241242049
-6.697920277010494
-5.871231854002709
-7.060812770596145
-6.340841497562148
-5.108569479462467
-4.740693995123547
-5.286030824981711
-6.518648363573209
-8.313449749222602
-6.709768806865304
-7.624990003513972
-8.393415619577654
-4.767487564157129
-5.470022543195498
-5.539179420445612
-6.562341409566826
-8.464939025716269
-9.813665082244563
-6.731042572356105
-7.428882194363963
-8.487878960580986
-8.362685838994109
-6.584169764656728
-6.942547429794122
-7.452891343543164
-7.320595331495299
-4.536576298035498
-4.877693457059118
-7.310689775826135
-6.681962491711149
-6.192896092559698
-5.146864875275684
-4.842657193962514
-4.041897521858051
-6.581019362226536
-5.305783277017897
-5.790975449411587
-6.910064270113553
-9.487038304069925
-9.245109643786819
-7.561713346348798
-7.703287371140824
-7.952919708964947
-9.121103336387439
-7.591126225580880
-7.708400719329892
-8.949260118167720
-7.807765651133636
-5.486494065515534
-7.178368641151277
-7.903300340686808
-7.460886678995569
-5.671879798795009
-5.384358419569207
-6.807275891617971
-5.498215830205599
-8.934043131947087
-5.254397359280358
-5.790895458981392
-8.017351348594962
-9.250486810685270
-4.388067766970105
-5.449801545784895
-4.489276571627941
-6.791975239265981
-8.988783809426694
-7.701122234978112
-5.705878910511525
-10.210547547024230
-9.193992460902901
-11.508529804939888
-12.172069955467650
-7.043750643117579
-8.848679178451702
-7.418949546166138
-7.006732952877290
-4.508764904645979
-6.910886021133171
-7.532191888310762
-9.122082287440117
-7.423602500414766
-6.785720579714210
-7.718058440951132
-6.700950367983689
-6.364088940770369
-4.630861769457916
-5.476909123280961
-4.749096567714261
-7.100615701728042
-7.007074717369870
-4.191587247248543
-9.839218811390325
-8.384854205717543
-8.105778902530030
-7.997341891356760
-4.441706166315601
-8.011625706578018
-7.302569688190945
-5.682583104660591
-10.147758984694214
-4.376474380467552
-6.734188030774627
-5.031963113614620
-5.930942501073623
-7.863908969210993
-4.890325166477005
-5.182838414496793
-6.376049679170777
-5.359549068070754
-5.291565534961234
-7.648877812946519
-7.077252710047831
-6.635320086159491
-7.901567416842457
-8.690817516416761
-9.024891691293828
-7.897861711588003
-7.072387838706858
-7.333116300964283
-10.171568584411265
-7.791702586584490
-8.570287549372525
-8.506411850241468
-5.321053385630492
-4.627881575897959
-5.277570047179102
-5.925200266122144
-6.570436661431844
-5.716571261251903
-6.759453162807501
-10.021727715054917
-7.905204012738151
-4.428064630355220
-4.664581785408983
-8.642087451164974
-6.988329959191817
-6.528790139155284
-7.650597073775292
-10.856582448757495
-9.288693558248154
-9.082330961315771
-5.520092271588472
-6.484803251080179
-6.516212742556919
-7.033900920829660
-7.804362317223304
-6.295789300638110
-8.307951048535804
-5.885836155573950
-9.894943435051838
-8.042094129693190
-8.397391306244129
-6.856591922687951
-8.488228496948938
-8.810150190452978
-10.802487248781736
-12.481996361031788
-6.844112479431700
-6.748464387356967
-5.108008677021805
-5.869036302088608
-4.240712098765853
-7.594060946415766
-8.299610784381969
-5.238858792536321
-7.626187776988870
-6.512569755069962
-10.074643934541978
-3.606419411512225
-5.965688561690428
-6.096642023097377
-7.047896112598458
-8.849635624140063
-4.876264242953965
-6.440565413993105
-5.193812247464451
-3.405662789781799
-8.839456819865346
-7.210728078030100
-6.493643226670049
-7.951285810656160
-8.869400572805528
-4.757058415107900
-5.272715558497007
-10.672086487560156
-5.468562811720782
-5.751739372401014
-7.253719987293186
-5.651384020915443
-7.782759713319073
-9.175344427344521
-7.857714160521183
-6.631958941396692
-8.350923992683459
-5.813720940632691
-5.250592328567011
-7.434710876840519
-7.187299254477879
-4.915934040770959
-6.958790704790447
-9.852120251034556
-6.070032504852088
-7.174582622090835
-7.679459505671348
-7.956897075174921
-9.547125587390235
-11.621916909447080
-9.227531161332411
-3.464575425081657
-7.352492928407311
-11.333403555885294
-11.355204709788579
-8.944791894954760
-11.064298923888057
-9.162491569586022
-4.540706818693514
-6.612053371864374
-7.287120080644873
-6.945002056923440
-4.551380155034880
-8.057842052904009
-5.885300097905703
-8.074818771548133
-10.202159199088054
-7.940009033381934
-10.851288362675229
-9.356369194686112
-7.522791274152206
-3.725291858008839
-6.687998765361751
-5.401016701627605
-5.141830002626240
-8.335701443654866
-9.211916842400434
-8.524758143078547
-10.367146329302347
-8.642714369198494
-9.874186643914575
-5.231705397246513
-5.365410432380138
-7.849040081767381
-7.535781600141096
-6.444257508893982
-6.790435039102459
-7.576089888402344
-7.907014439319915
-8.882230291093896
-8.058513463488600
-5.001437085541691
-6.357667763841679
-9.872116445384187
-7.301869390750698
-9.271881972353860
-8.558838890997151
-6.502607590851725
-8.327991247179577
-9.795334668871037
-6.950845877606636
-8.899363482717765
-9.217893971142214
-8.188909544910656
-8.138543750662039
-8.513895445040072
-7.426088385881444
-8.707130515605870
-9.018621898377383
-8.814753807313775
-10.036566769178778
-8.375776233520661
-7.111554840706762
-10.711478609416309
-6.510658430405646
-3.122467595880614
-3.481088478428102
-5.519718902446415
-2.214812579970638
-5.241646102297386
-4.336838937538380
-10.056454486670399
-2.934793871945688
-5.244645629642794
-3.962144165229784
-6.510742577810119
-5.557835185093333
-6.050265807936956
-6.168430722001682
-8.146971059368283
-4.486953806888419
-5.923763659987470
-7.973170029463540
-7.514303851328302
-6.389779382195644
-8.385405876516097
-5.062900457769088
-7.548860002370055
-7.701580565906760
-5.732615129920646
-6.654213683774342
-4.665146437667550
-6.478855265885600
-4.268373769465670
-5.761909051377888
-8.211171474869696
-6.807819120886998
-5.904430260191786
-7.620713201742354
-4.375547254806468
-3.278267515376420
-1.622274958756852
-3.010037317400039
-5.364878966107105
-4.937568307664573
-4.225044842062909
-5.417267064409787
-3.681581826496320
-4.114515305208263
-6.988020814250395
-7.912926569317284
-8.970620991462622
-7.310592505949771
-5.989273833912821
-7.915658644184255
-7.356615417343278
-6.270851554185647
-6.638823472957657
-6.579913300919132
-6.886180723304464
-7.491509668274296
-5.884334021979511
-7.085296002070002
-8.072948333509570
-6.277799658854905
-12.916987237359567
-7.373638805469847
-10.292916346042507
-9.163757639377490
-5.615100136368916
-4.932684716494476
-6.053952227385972
-5.713850366395834
-7.234519501939733
-5.666769916967636
-5.492870923693761
-6.006214051970426
-4.694827127862515
-7.939541737233994
-7.455579103234300
-9.903826382247987
-6.200547825704841
-7.878884229762868
-5.127893587120241
-7.494890551389397
-5.016803230032314
-7.195292839452878
-5.599734508372475
-6.294033079808906
-5.779886627203825
-5.501076537905550
-6.148493559560437
-6.259367838594137
-6.157511537255240
-5.730485981721790
-6.402156706528991
-8.095828516913699
-9.494292262727507
-8.845579304649348
-8.005407415981281
-5.367323240071545
-4.059680192896458
-6.089120389785012
-6.946204195191513
-6.971884532026640
-6.528725276643271
-5.461480396783499
-7.618001645104275
-4.540606423489995
-8.434556159172136
-7.307750951774859
-5.536212269290452
-8.118574666408177
-4.982401610439275
-5.877095355985541
-4.639636785644794
-6.847241178146192
-7.892562862152366
-2.295420550303701
-4.782728978070777
-5.550541583446874
-8.583449855281634
-10.038976090088395
-7.174943958791039
-9.644817655353060
-7.654163346574770
-4.100528229976937
-5.052098580674930
-6.753759790471638
-6.600339565364944
-4.945718905434416
-5.085217885157238
-6.209925347351010
-6.382386118608131
-6.255763773875777
-9.757363650966422
-4.344803011443131
-3.337284281819081
-4.798682858782811
-5.766088757230750
-8.497973250483652
-6.464811943061793
-5.774909313880731
-4.158458303648189
-7.577442094933496
-8.015674992134407
-8.182221689963839
-10.181415744184889
-12.071735990981074
-8.222017919269998
-7.995502738174514
-6.703425060244438
-7.437636291829039
-10.838738436916431
-12.065396730798442
-8.207743509203548
-2.170567566382401
-5.977883120977118
-6.266962619208430
-6.158221179195433
-5.448807068192878
-8.036493190715827
-5.561599770240189
-3.571720734719753
-7.453719717294272
-6.874152841663132
-2.489053051327027
-6.843777779804274
-8.938032719718452
-5.578303106225950
-9.108670726872232
-5.992397939869556
-6.610986663478199
-8.106410329745570
-9.023975976506003
-7.385945701605687
-11.715373740039087
-13.422164725215501
-6.914010741415381
-4.304843376200066
-6.401069676204340
-5.517087414498029
-7.294757032737514
-6.648121969198618
-3.427164786001955
-4.236284621060189
-5.819750199348396
-3.767927833863583
-2.928117992693875
-6.235384274684222
-7.599555393097139
-7.620424404250063
-4.361300213174089
-5.337842888078964
-6.117324580885894
-5.865464348937436
-8.534101278217975
-9.928385931972254
-7.936493663389811
-9.205151771466925
-7.209062177283164
-8.665539264002321
-7.261434177927994
-5.804511323707659
-9.374448999592666
-10.813894989872361
-10.142666598789503
-7.219329108698966
-8.451641772333653
-7.419063925449484
-8.466389861480877
-7.232323174342620
-4.510178104474539
-5.257803068823101
-9.149575393011990
-6.322897923301752
-6.873293207422901
-6.714911344992697
-11.815352736054598
-8.756665570792656
-4.964025633926823
-5.896157488362269
-7.266601882819190
-7.460602209422946
-8.183287643281179
-8.389484403326653
-7.206341049773464
-8.126919556168149
-6.048918762374767
-8.603612220448660
-5.988564733094439
-6.785653407105801
-6.995164970526983
-4.687877623811491
-8.220578356842022
-6.079292599182182
-5.131015502328923
-6.986163181339399
-6.252245350591839
-7.724606669456210
-9.204728728500589
-9.662933772301772
-8.327482592697018
-11.285126550583568
-8.029686286256101
-5.410495770991493
-9.669259920139744
-7.860094438177687
-6.560574140256515
-8.435554826515370
-8.250680117415556
-6.696223767146617
-6.878270453033582
-8.622566705410597
-8.778001355193595
-4.912908483660343
-6.389823708171634
-5.858027634911354
-9.940838727271871
-5.761327714295809
-6.172261045742475
-3.648296912207603
-6.997314828090410
-7.796016510403074
-10.940325697815343
-10.324898447871943
-11.725598464408145
-7.113379634715109
-9.275432001747781
-9.826984279577164
-8.573315780738209
-8.074454011591534
-7.347053277591105
-5.570507562321995
-5.782960073742927
-4.265119423938380
-7.381983613175166
-6.829665244176513
-9.337685678135264
-9.928504620579902
-10.746821675718461
-7.083854747631056
-7.480193331787779
-8.099579467877726
-7.942520831257483
-6.207892809814031
-5.338663329231934
-8.721895390525015
-10.866502029007398
-8.209154161363513
-9.743139138377071
-5.776886985835726
-7.695390766212933
-8.970187687744389
-6.621099631281421
-8.850165718509308
-6.370556860589766
-7.096394426190661
-6.177189634744574
-7.414675292517535
-8.836317971777490
-7.055787749481541
-8.192906389995629
-7.440903294504426
-6.527328176162166
-6.672629761841816
-4.087781430595173
-4.800945116616670
-1.809192239868098
-6.037581151898278
-8.251652327769447
-5.922997291811378
-2.991399828238082
-6.257109446571778
-7.132809653912267
-3.942826247450288
-6.206637724309974
-5.474075036765407
-5.515059603230163
-4.440272547026274
-6.484055634179454
-5.115082210575557
-10.104498933875918
-7.932568565040144
-8.785097131635411
-8.243328443058173
-6.151605523215859
-6.211778624117851
-7.132883737902610
-4.698481250844495
-8.317039100269426
-5.711160666968430
-5.985880490907972
-5.864892191614453
-5.397332618936923
-6.337967603793904
-6.413034210642007
-6.127292933073590
-8.005468718145236
-6.055355555651799
-7.382888355285024
-4.621837305028410
-8.050689822553341
-7.737868188955803
-7.177533050985243
-7.533088103134856
-6.357214386768959
-6.838367111006075
-10.380284879282897
-6.451533412075665
-9.670110724504799
-8.862576191857032
-7.467539851367961
-9.842565061983262
-9.479667174594077
-6.429908672746513
-6.438732504234985
-9.407890141324625
-5.825169914347256
-6.550817728592494
-4.208128720640996
-7.647692845677247
-6.460005775970172
-5.263486115422392
-9.011717369054605
-6.772422211732075
-11.497084653830566
-11.392844682244101
-8.527852735768064
-5.176726868990600
-10.062026059475492
-5.731888536765010
-7.976719120735961
-7.086890019479841
-5.985566110374586
-7.662164930126779
-9.680825575414001
-8.819356853811035
-9.483542814081105
-9.030438988099737
-8.960609726030297
-11.214017935310679
-8.588526970622905
-6.844497699059553
-10.167121854487016
-7.572671456723638
-12.200497943025304
-12.106093690192360
-5.590527134647859
-5.140573366237660
-8.830234579319217
-10.428521587016522
-9.171884950498001
-11.563999661474940
-7.931652150642315
-9.084023064958339
-8.926307161997212
-11.798496617639291
-4.780259559148518
-6.174117427460081
-8.052449785175085
-8.953388446294243
-9.794051337332895
-12.970378387426980
-6.307569699305252
-6.880043337020648
-2.896538377905295
-7.937162804580653
-8.391180109469671
-7.066654315234952
-9.196396341519034
-7.763510153259848
-7.941362703193667
-5.980030260260687
-4.661334539508571
-9.599749593208921
-5.756935043261234
-0.829794042205480
-8.380567589599933
-6.704366085398030
-6.608290292526162
-8.008062955395610
-8.784388611327886
-6.002855556608483
-8.429094422732559
-6.491353706450472
-13.389780514850326
-6.491689859259372
-8.279217786182857
-6.916665386444461
-6.306224468197606
-10.509577789945359
-8.582808654218045
-11.648582579344783
-5.720863636609991
-14.112445026519671
-9.277070609347469
-4.206922213544888
-6.596890243624377
-6.881942349101347
-8.283221769949883
-9.476626183757261
-9.428272702335951
-5.116090730633034
-7.224789094435463
-6.856794348953226
-12.162557052689847
-11.958998328208542
-6.164328556272250
-4.506337705751098
-7.300049341912023
-4.981739717925120
-6.532651628379450
-7.243227829822434
-4.893279087085666
-7.517579271551299
-10.273306720231085
-4.162433062398519
-8.532779380959742
-9.059963949037819
-4.612684568982009
-5.670823421064304
-6.542685461034755
-4.081344443558954
-4.955783709528767
-4.717605211526626
-4.942062265585923
-4.640207829789593
-3.740388262374826
-2.264241462556261
-4.008115928887174
-8.583618262821680
-6.549381793536516
-6.549496341903237
-4.788167815192471
-8.571704089920788
-5.433123226384073
-8.469948106211950
-7.564028455935918
-9.161717301988929
-7.170682381438203
-4.471329374118837
-6.039728328140691
-7.235933053697585
-7.513345055292464
-7.819040437581630
-6.536742808715748
-5.683550629752634
-4.918236081015667
-4.059792280180223
-4.478110466844708
-6.477681240947088
-7.101871085059479
-5.852799016868051
-5.113379379854772
-8.099681693157638
-9.304017750609788
-10.184550702969993
-5.436859219137734
-11.311966510550157
-9.012600704475879
-9.170636777288687
-7.187409860656792
-8.447530075456374
-8.908187854073956
-8.367418735955129
-6.507422011060105
-5.359071495739104
-6.047136259110924
-5.573256209363284
-4.819878077679537
-6.863794884776937
-5.215776683426313
-5.031769555468490
-5.016882197212463
-6.032856205351098
-6.335909893202880
-7.515910330288999
-9.035211740315889
-9.080925248564808
-6.285555345158625
-5.134135524469048
-5.045168529803838
-4.998142946041630
-6.606530100025481
-6.514420156725916
-6.869145033910371
-6.891294157805319
-6.756254984401444
-4.590232866333119
-6.373832042737566
-8.971182814342116
-6.733325308981932
-7.589455258188702
-7.740207910204767
-6.769150532206471
-8.784096889726186
-7.121733307352553
-7.641653163012723
-7.504333366807804
-4.925508436600540
-7.635257285788520
-6.826225937417583
-5.772840112991469
-5.638595193364416
-7.106597538636886
-6.422935747124644
-5.970323139984006
-5.616623773349017
-5.829582741136474
-7.339491724346101
-5.474243869926925
-3.944965987280735
-5.835829800476128
-8.788715200426232
-6.953841370605860
-4.624226634035064
-6.904312312727416
-6.975186461139948
-6.763398480781340
-7.584472325034809
-7.498048163921204
-7.466052869067548
-9.496517246932958
-7.869585383049311
-6.473048003610971
-6.030482072112128
-6.110437930556648
-9.462585086261793
-4.826937779725473
-8.215217750296361
-7.459654969735217
-6.077064813373762
-5.325077945699140
-3.733891466549226
-8.657841085102659
-9.575883830143050
-5.751964822870722
-6.264094471330464
-8.677988020747881
-7.062798923485441
-7.816425485310271
-5.919346208212080
-6.325687023018864
-8.330677826095288
-5.077899459124461
-8.070844464329399
-7.492711823995439
-4.859434393189246
-9.094577798418994
-6.915975819856548
-8.182830731583861
-8.316104288982556
-9.438505130575122
-5.536514107328767
-6.029777367431318
-9.423077868195771
-6.535435369630255
-4.058214192861683
-6.568413417907349
-7.409659141668661
-6.467222554342499
-4.134227770091805
-7.220303178107188
-6.409121504646283
-7.373941550424911
-5.266719949076938
-7.426481830489701
-9.858388451466388
-5.216258949416071
-6.188075126581627
-5.451815432884355
-7.202443014906603
-6.593755760072205
-5.416079831908318
-5.142957368193922
-5.202202959444141
-5.490040111706281
-5.288230664172976
-6.717789665217122
-8.895849963012401
-7.015006029489468
-8.142928903845707
-5.036970875707210
-6.103331596942080
-5.917754006491331
-8.656546614132388
-7.138914803024058
-7.990574036479828
-6.077094129349551
-5.566035549782857
-6.284167534745595
-8.494129980502908
-6.926274990522875
-4.601162988413421
-6.320446535934603
-7.571101854384827
-9.009499993689793
-8.802500946076362
-6.388995632110446
-5.341156725374018
-8.702170801416804
-7.654610107712676
-9.431558022613791
-8.101120288067348
-5.012939028817953
-6.072130992384738
-8.645188605673743
-5.530029068631059
-10.181143052727652
-6.856269784570281
-2.194295295566135
-5.476262442818119
-7.671353234725172
-9.451203667244009
-6.775288177973279
-3.470069982457499
-6.984843542822417
-9.237015405516249
-6.734728573864187
-8.253505970042154
-8.184437345995491
-6.763281486103594
-3.294015207393222
-8.608929408857231
-6.825768794681164
-6.090617301142769
-6.238062090271966
-4.171553052747353
-6.596018587686552
-5.592651464679936
-6.679879003447478
-5.230444750824960
-8.040194019398070
-6.158994181070670
-8.253754234763644
-6.106345465895262
-7.178795220584116
-6.798628046369019
-4.712081655272911
-4.633196338095797
-7.561186962077403
-10.252940033104281
-8.412271454826957
-6.276081294330011
-8.656825436776641
-1.999782907027770
-2.610479534153622
-6.999093995494312
-5.701589275852867
-6.257783466060636
-6.885225985805175
-8.034957660643920
-7.905001518627090
-6.981194867273325
-9.708244564215349
-6.877746544588855
-5.658628989945668
-10.080541493655206
-7.231139182775880
-5.745188453502959
-6.899837200728184
-6.527233673154626
-7.750662949876248
-8.135403253904890
-5.261865062449870
-10.476401557909586
-9.951124437186591
-7.617472275197764
-5.766601198384796
-4.836548400929301
-2.239652921470094
-9.472733824180308
-8.682070565302828
-8.960933558660509
-7.002571048965089
-4.683274532003707
-7.548405589636579
-5.764205740183777
-2.259006068415114
-3.945687168123049
-4.847478783299250
-6.316072484876076
-6.173844953574683
-7.445651642070068
-9.464571761917075
-1.569973345489986
-3.607908046305157
-7.113976882611785
-6.847684032919635
-8.488482264386212
-5.011436354193137
-3.078369336243669
-6.522717811090952
-6.085885565226622
-4.855484430773769
-6.300563306973902
-8.678682073092670
-7.243621497161361
-3.128094669215578
-6.899050454261850
-7.239117815713660
-6.045066129452395
-8.105796047400311
-3.947262019231567
-5.172247243015540
-8.173651701893460
-6.667312488074494
-5.362951730972723
-5.258821716109129
-5.368751757232214
-5.636204256542350
-7.667052988239048
-3.704436539330580
-4.305910015740538
-2.149476291121005
-2.916855856856948
-4.317598227630841
-5.635931343022380
-7.219189837395699
-9.274898540076817
-7.177472338313549
-6.243421293914178
-6.687451188608048
-6.305677675907050
-4.863247790729765
-6.319107540675581
-7.834796386066710
-7.644631670463980
-4.525251366651614
-5.996291564264124
-6.701105855241407
-2.453457336521869
-8.808763701367781
-5.417086472000054
-8.996665138494535
-8.485184650336082
-8.171170080820302
-6.245435006158632
-7.328422840518637
-9.953937589777592
-5.652658051020213
-5.981536589322302
-4.791179747208199
-7.490323751437017
-7.756838033757409
-7.747035728667518
-5.950275540251524
-6.712411146677557
-2.754487332185850
-4.542172237588214
-6.754874179505608
-8.252047186200606
-7.238826030906209
-6.619094939256483
-4.253399947446370
-3.316932866645506
-5.800749879455449
-3.991629017361448
-6.680755186503873
-6.445253284657658
-3.319693256147743
-7.314281924375745
-5.958345892986545
-7.698635379097373
-5.847398623786051
-5.696855434375733
-4.246164063866638
-7.605606117458323
-8.954310822819387
-6.437806016020418
-9.759794651891752
-6.474138208716520
-7.755996380278477
-3.824552219351716
-6.405913656697114
-6.140754747283705
-5.403499919004094
-8.265777820548696
-5.946194564501315
-6.030290532515677
-3.306190586911397
-3.622832801897570
-5.253795209083163
-5.953633551059295
-3.895717652854666
-5.465601069978886
-6.849506392421249
-7.326942633028551
-5.149054367785370
-6.021577291462806
-8.105300310131533
-6.590294592849793
-6.947305427214094
-7.621770296256283
-7.008464255141944
-5.340902538717997
-5.894986311879005
-3.790489979872629
-6.336749295386909
-4.541714353249486
-2.745451922891026
-9.022715260205640
-8.848020784483461
-7.259490489307249
-5.880666037136509
-7.280453988423421
-6.322387368642567
-7.088083332725552
-7.041559470105178
-6.582453646118599
-7.769235325947094
-6.170863588894258
-4.248896989613006
-6.527167921301749
-6.357269180616336
-8.873868742158731
-5.951326373049012
-5.744780658207834
-6.354244285156668
-5.765598088118555
-6.865631742886580
-6.724573893982882
-8.579489427446232
-9.000602594523958
-11.865511437697362
-6.504647334061736
-10.388490318658375
-7.312047329540509
-5.291660466736451
-7.675574537170334
-4.896745136229202
-7.674984364743509
-8.445368306981461
-7.127731234484664
-6.432759070053589
-3.953878013158412
-6.370026687696928
-5.717249572852839
-6.474530567272829
-6.007136088023648
-6.105824833332919
-4.745702965442425
-3.312489437387518
-7.666074032129720
-5.644762145156037
-9.224925345254418
-9.148245757340186
-6.764123206861339
-7.427886303425411
-5.958985015175988
-9.212152509920289
-9.066770968387599
-9.445837543819474
-6.710861201284589
-7.899792432058992
-4.860080544970550
-5.310643811573808
-7.110938873036075
-6.730139777761122
-3.934318852200325
-7.611243277722033
-10.251764499446475
-4.378158414120332
-7.031229263281093
-9.491654327563104
-9.518793152761365
-6.651625863743276
-5.855559538324323
-8.080688914110750
-8.103308205136535
-6.426894244990339
-6.406828361383288
-6.049783001807699
-4.719980328121185
-4.089772061734331
-5.933364609377358
-6.782024347034091
-8.188628285487546
-4.320707747103303
-7.080154845918487
-5.358579552968233
-8.799798022709963
-8.771496911488672
-6.341146272839517
-8.319124147993016
-8.566954819991262
-9.729501231961429
-7.832541926421752
-7.270338514903983
-10.071165120290395
-8.622138766014567
-8.282132178283193
-8.610301439090174
-10.105879688145251
-6.685881581311146
-11.080965341336929
-9.401074997639231
-7.119061142114313
-8.056319061407484
-7.446783046228659
-8.301108377256105
-8.405539091748803
-5.752207040076616
-8.533821833281607
-5.646703500747910
-6.082732087202709
-5.412337790920541
-6.691646213775709
-4.854419545249915
-8.913390614266337
-7.606258266638972
-5.996794561547435
-6.705110263306445
-7.463763266568027
-5.356837564724145
-9.718326459056399
-2.756713853916554
-5.353482555470809
-8.163453724793593
-9.595673726246796
-7.559174859749280
-4.243953055333205
-7.080653225781311
-5.917640834975550
-4.333252992313710
-3.943424743208290
-10.519696878624586
-7.836280819538988
-6.345390151202956
-4.865239254349082
-6.287003384334944
-7.090967608488810
-7.852409581830210
-6.928310162666638
-1.731468829613177
-2.470698002212020
-4.638894644195763
-2.773915884024176
-7.200944364644935
-2.746177561291927
-4.982336993676953
-4.190777791241437
-4.509013285153650
-6.514690289600117
-6.148378435743648
-7.629253238835513
-3.915803268224557
-4.962938594323335
-8.032135211562316
-10.096360970089574
-8.928743267220508
-5.695010985425147
-7.139675161437325
-4.539896209495059
-4.408058575114141
-5.630421485553548
-7.778577791035999
-8.071358019646276
-6.054437035009946
-8.855599221031433
-8.462682505009832
-8.488720582431938
-6.655852285267023
-7.995117738195822
-6.928313137806058
-6.892151777934946
-3.439668546105050
-5.103988365766333
-9.207882989138922
-8.358441244033665
-5.720652110410642
-9.885284774254288
-11.158086904285982
-8.715401245873743
-4.989677099306638
-5.804238854290526
-4.468585508935893
-8.674629806547582
-8.214059261297455
-7.121583865228359
-8.884876047467138
-7.176284269182555
-7.764793340564025
-5.600607695606436
-9.293634795407756
-6.101747833969378
-5.803446830773533
-9.020184504367352
-7.197818824582346
-4.572296462154721
-7.580219629597948
-6.374600613425657
-9.061172576636805
-6.697352435410763
-5.623680727169202
-5.076579193166898
-5.895674266578210
-6.335799667905743
-5.200014031075715
-6.214538880525658
-7.151874142452855
-3.386199843862518
-5.561509018077963
-4.124840393361957
-5.995025461438261
-5.453064520901195
-5.788724630713483
-9.746653953514571
-8.209792359171352
-6.962601465149262
-7.229548636783409
-8.897867602279135
-10.331001059368434
-7.125811510709227
-7.825173157810798
-6.990785948502809
-7.704013661943351
-5.753091074352541
-8.162871567869274
-5.206424134347135
-8.156933617222979
-7.417613389929664
-4.033076664388519
-6.443898440688162
-7.637513044725135
-7.527948455967414
-7.282487703015458
-6.960652628487522
-10.219414710746834
-7.853761255055665
-9.896001126335518
-7.238022276180930
-7.961974740026287
-5.443124463967362
-9.023757878376253
-10.398617220402450
-8.429779825803696
-8.382562990819451
-6.651933758701169
-8.495708330797440
-7.092164504141168
-7.076022523677649
-7.728991376657548
-6.073688786136699
-7.302011401896474
-4.912887580720841
-10.450439118485273
-6.642894618472177
-7.760186530369230
-3.420532630008251
-4.609823890402819
-2.874193541860473
-3.786316979581360
-7.060172636410789
-7.146785159246638
-6.460443574892821
-8.299107070309372
-10.771186159864614
-9.328917909310912
-12.060947198935592
-6.493858583665913
-5.287901224494351
-5.792531331541747
-7.776893798349459
-4.292354972460629
-5.773710059673178
-9.500205900342181
-6.037128862561512
-7.163361620732011
-6.595830296960878
-6.975778277176204
-5.291431083366622
-6.343071605446975
-6.619730072783063
-7.012250375959143
-7.403182747594619
-10.550023292051511
-7.637647899133915
-7.505017098979827
-8.246153133349651
-5.441492835237888
-5.464739771443185
-8.400103981124248
-7.508489407912900
-6.706278817536152
-5.529813826971459
-5.559150432944798
-7.958399791409517
-2.896538377905295
-2.526951194911462
-0.569929784309523
-3.260307432741103
-1.269855911669001
-3.879160207328704
-4.174999635178171
-3.750901874660463
-3.504975975748625
-1.231421091131093
-5.054714931237314
-6.686527040721740
-5.869424274645498
-3.906106489626033
-5.342107606788914
-3.744924856606998
-6.162283258692821
-5.874617546721000
-4.907777694101508
-5.106227360194020
-2.892111974817202
-5.983515822356080
-3.045275901193382
-1.773065159987400
-2.746661994673893
-2.954285941059132
-2.568153954301275
-5.136696975096917
-4.027914893605973
-4.416116468732053
-3.018518746013743
-7.939069889327198
-6.275399099876194
-5.589195380791901
-3.493087391563633
-6.058724109273551
-6.065853247456814
-3.277038949937286
-4.203246281251587
-3.975295331525506
-5.717902898672625
-5.629532686749058
-5.494524913830666
-4.739598876245267
-5.218249883572891
-2.781727146428552
-5.379767187288040
-5.819987440565245
-4.660524976249047
-6.940428861797648
-8.105358253848047
-5.170835173442611
-6.177446540856911
-2.779107750780481
-5.050412844504538
-5.381964689524272
-6.212151736248793
-5.104663340594860
-3.052502570903015
-5.599967242939158
-5.146289754662209
-2.901010360598823
-3.136182938829017
-3.087298694790841
-2.296107046367455
-3.824876856922500
-6.730918947502468
-4.401748852012911
-4.132521673181635
-4.539661356421967
-2.986320302708807
-3.017758574156457
-1.854803593885818
-4.225743074945257
-4.744414305399446
-7.057536605890073
-7.723866253394919
-6.678753486466871
-6.416123419005452
-6.103662214597521
-6.158408924618205
-4.531258264128690
-2.971022294791222
-6.394043644060287
-5.828499423584018
-7.434478662153073
-6.496062595121954
-6.978298366178254
-6.984618400463075
-7.222617102302199
-4.011341072369459
-5.751211981662349
-5.244988866536982
-4.387392035322428
-2.968995718636463
-5.833348413965830
-3.891719139744855
-5.195302514330993
-6.380974261711668
-2.672845487590569
-5.087085330164068
-4.032633338855881
-7.337451859488302
-6.962382534166738
-6.641191437662034
-3.377590711764294
-5.091458145343847
-8.498971786152476
-5.743216256376086
-8.634938546302521
-4.029472487397009
-4.034709096144316
-4.650482439124284
-5.236695636222208
-2.802995271976954
-7.027666529469461
-5.243196648329175
-8.185174005608705
-7.868018155630129
-6.305407720422725
-5.355920836965899
-10.689620680306158
-7.618468490645349
-7.115669402517829
-6.919552371738524
-4.871337371478019
-4.153491338935203
-1.978190722977660
-4.079657300792999
-7.744207904677207
-6.968868954690720
-5.216171770213011
-5.404189076121213
-2.362110183419210
-9.362380469859614
-8.422039424402149
-7.148625743765263
-4.651823775330809
-5.256523127660774
-1.579598626563344
-7.580404637535789
-5.305537698683855
-5.838178468804772
-2.679853713888946
-4.302467369225908
-4.093498399947229
-4.965566253602651
-6.549864918190294
-4.696846473111145
-5.471872734106956
0.591845745537457
-4.626545710544881
-4.256487677331640
-4.332232657943634
-6.179392834245655
-5.995420254871815
-4.927573894009260
-6.583812489981578
-7.585718915983231
-7.290689999258020
-6.579907121973842
-6.406271884491246
-6.243780366827864
-5.371603166883895
-5.277872262899375
-7.639366729344721
-6.971971433831535
-6.070410783511808
-9.151573003457861
-6.179932227863068
-6.292436608316109
-6.127435614049286
-7.831190181337696
-6.140514755939043
-2.468138050904190
-1.879261594457057
-4.230925911403594
-3.154783589924427
-5.835890729758428
-5.682736741426324
-5.570315255618654
-6.588162666039183
-6.039733814787770
-8.639572047420073
-7.527324075174659
-5.054996189680004
-6.179854125880761
-3.787712764417502
-6.796866213826347
-5.475099023996508
-7.645505441057899
-6.240982725289298
-5.247747685326866
-6.187472836664118
-4.706350384227168
-6.266846863381285
-5.939221482778546
-5.989501424506440
-3.214544230018765
-3.595681049473511
-6.959612182346735
-1.863152650042546
-5.631880554409526
-5.970382285841715
-6.217840166857572
-6.574133404084291
-5.634614893310896
-6.115881711132461
-5.265845322333519
-3.385067782507048
-5.843509018950235
-4.677065814500525
-4.356636767776124
-2.723078867934226
0.241175279127210
-7.211957243714423
-8.153202565706470
-6.804221759549924
-8.565727980216133
-6.764057625375000
-5.147876679276760
-7.426923704066657
-8.968751409780497
-6.017562624555868
-8.509515227317108
-8.964676586916783
-4.484271327590524
-6.836204612432335
-5.513782560471695
-7.112061194943030
-7.054984349792280
-6.225463349863971
-7.887478645069400
-7.763716633149426
-5.558986899555305
-4.515621587514607
-6.340670647747462
-5.859961427781963
-4.522295361535550
-5.294903102495089
-3.277962448994228
-1.540577353948899
-5.756650765506364
-4.436410214571134
-3.680383466763185
-5.719749800704433
-6.274281394899345
-5.039253226849386
-2.246646787358504
-3.801744265601636
-7.320657338863667
-6.397557934670870
-5.835250080190439
-6.563644813882124
-4.638801148908490
-6.128905511810560
-4.065730185184985
-5.151136468948773
-3.858349879623647
-6.282514858823897
-5.203836313557853
-7.947669632764224
-6.530655751295914
-7.308419085830971
-8.083618096088436
-5.571021187755838
-7.464923056167133
-6.517217983606453
-5.440037473017647
-6.397982092760552
-7.441445453760490
-3.180205400181714
-6.250728226820979
-3.821865024859012
-5.053080996981791
-6.554355873044779
-3.003266235572942
-5.870113453659052
-5.204092088643447
-7.392180480054417
-3.503724769127467
-3.474265500469990
-0.880361466574653
-7.677659258354170
-5.858924514505318
-4.072570410111251
-5.563404068507939
-5.479522462267552
-5.930734933313934
-4.578140080997684
-6.723401416903998
-1.332547047110046
0.340442924990593
-5.675231316606411
-6.261593086739291
-5.153706518716278
-6.061932303332610
-6.286983638481229
-5.768333935765104
-7.453172389721245
-9.630749431969759
-7.016673357650495
-4.441420563693126
-2.557990840859048
-0.762712691928739
-6.276613712255775
-6.662071736355645
-4.572810118749207
-6.692488712842080
-4.930198050778873
-6.708231633681422
-7.515292240778352
-4.613298648662101
-7.752494082217542
-6.990271626845132
-7.443317247909251
-4.949835692538013
-7.611197350564009
-8.277513837573407
-8.592770426371066
-8.013854184790878
-6.198837003849077
-8.177513728801641
-8.387510738262163
-6.303274610772366
-0.236024990275278
-8.886622216656219
-7.674677540080743
-7.178291451661810
-6.513178101408676
-5.909512748758565
-6.456124979152607
-6.447554719322493
-6.733685590557166
-5.761551504912402
-10.020466305516928
-10.180982564794441
-5.443602945522167
-4.212976056304446
-6.348707309422939
-4.233739361102723
-5.715561115032165
-5.254690042273564
-5.832207187046619
-5.727622280241286
-4.265151695294988
-6.004855943689109
-5.602423479373514
-8.656753340577458
-5.358330499947079
-7.862727057369294
-8.447840769821351
-7.069739834460087
-7.256743174133096
-5.984728986391262
-8.053718339614891
-7.312684885592372
-6.448526422672742
-5.855768525230706
-6.033713127763978
-3.421756063245326
-8.821570392805583
-6.989938415139409
-7.743372840080220
-6.722620206479901
-4.972174177313502
-7.425966347712592
-8.067332311345051
-4.942765156924112
-3.958739711926933
-6.025339103232363
-5.579353587467593
-5.063732067879847
-8.356154403608775
-7.810033397103740
-6.468936669080072
-6.977266422525985
-7.872016486060264
-8.025786588986664
-6.176191391110827
-8.339327115505629
-8.482286569147254
-7.425704592483735
-9.026216514515090
-4.760685577395004
-5.993400455182607
-6.797435935946363
-5.294321623955988
-6.171600567514914
-6.065452633287809
-6.283991866624671
-5.726660140371718
0.161548571293450
-9.651238884507887
-7.199538837784777
-5.538996166258680
-7.251346758608855
-5.797712635577270
-3.675949857634918
-6.244902704428809
-4.313143965428617
-8.983657127826842
-2.948076083953894
-5.397449728186078
-5.381433624238698
-10.046915878753081
-7.202987984678100
-4.980271237828752
-6.973129603809987
-6.676655494682235
-7.451491692366846
-9.373067528372834
-6.527459804204077
-8.088134438732089
-9.080193900721188
-7.554717874657817
-5.132896103959506
-9.832285390747396
-7.514264198041286
-8.768458058669385
-7.523006953457234
-6.432534117264965
-5.930375197821534
-7.315968876006653
-6.903857166168052
-5.240666269851002
-7.942273099118393
-2.485319455875018
-8.464345007132069
-9.835657210445419
-8.875334734593919
-6.323831989758480
-4.705080791899612
-6.485706086281573
-7.908579211192623
-6.889249633827952
-5.879271119111441
-8.686905422852602
-4.788686256703833
-6.721630162583228
-5.503156100357151
-7.180185871276319
-8.037063164689505
-4.563673858343295
-5.684465153384568
-7.056898695090793
-6.847578387419875
-5.090060709238886
-4.969505266134917
-0.324971784435820
-4.054962574015576
-3.269410307206812
-1.620495060847866
-6.566319433562200
-5.930157584010141
-6.240078201291094
-5.779042517493190
-4.516795098968088
-6.970621864120874
-5.945162533695981
-7.138629204411120
-4.855796314869071
-9.787135772595564
-6.746948840068650
-6.731438822253810
-7.638076435695053
-6.453326325197765
-4.346222683077556
-7.613309052736405
-5.905436358668858
-5.876204331116455
-5.764477241882454
-6.038665239441868
-6.142493285697847
-5.843210620650433
-7.325492634713180
-6.960919547130630
-6.807952598019540
-8.798873577387116
-7.126261067750020
-8.512169325540064
-5.288382081965258
-6.436243029467523
-8.505352847471890
-7.846217942128242
-5.583257124379158
-5.490275873935841
-5.735395413634843
-4.139366909431419
-5.386325653652646
-5.329297130135568
-6.052664797666860
-5.800291522881157
-5.537824689017660
-6.603419687394307
-5.454555832666568
-7.641404332178735
-8.556754996617773
-7.716813881373664
-5.696056920458728
-7.089141529722230
-7.346120661514084
-6.651473674029129
-4.999706477056517
-6.545575652185186
-5.503705372756975
-4.304278546207827
-6.302893311297384
-9.508564476775801
-5.517819810763403
-7.744581811122759
-9.530926054618552
-7.207723443919718
-6.471667734060611
-5.641957813622108
-6.834024090099113
-8.569996584746894
-7.882655765572695
-5.660699081229819
-7.407981404574615
-5.302102174471110
-3.888219855075272
-6.453070880321643
-10.605931718214570
-5.467191648307348
-7.040920830474525
-6.852136660297586
-2.760700520873107
-4.146994733888142
-6.423504886084268
-5.067552679892773
-6.421840872765023
-5.764558620188294
-5.660840986005746
-5.172346986238376
-4.498389624037018
-3.134327136998887
-1.254051250562763
-5.968185250453542
-6.929809355140898
-8.239420983137215
-7.095764332289408
-7.455386338252096
-5.546365984510032
-6.523810920122131
-6.760415947236464
-5.029703908039519
-4.835118682591514
-5.708682466382643
-7.420914126197974
-6.761886664252434
-6.376310715130615
-6.376058628849973
-1.409514838665734
-5.142175411350343
-5.409549861956021
-8.737063848862112
-5.340511806035007
-4.909392489464978
-4.048300420852653
-3.838632635729112
-5.178698253247202
-0.466019611558719
-7.491221608556439
-6.403188837865724
-6.413833776880280
-6.876950768277631
-9.262548024917878
-6.332935889475885
-5.085200420304510
-5.997798197926500
-6.071331851614306
-5.457361542835137
-8.033654680642423
-7.515605106130105
-5.994654752909972
-4.284477693344942
-5.435965743306043
-8.199678344014979
-6.214157880150779
-5.416915179214551
-4.104697012458490
-7.741666163832305
-5.542587219046111
-4.356296281093262
-2.420902673447356
-4.074723051669999
-0.767911522350043
-2.713992877920525
-4.332997604895436
-4.193103126236925
-5.510490928762867
-7.789616501415246
-7.355254338985714
-7.457442129821636
-9.501501106653011
-7.183667475922393
-9.369124741285694
-4.402014333138368
-3.328082236044097
-4.490877656099893
-4.379997008450987
-2.974284616098660
-5.469945250948563
-7.397386628317355
-7.492725868122033
-4.304440373770565
-4.966200894842846
-5.137633651604859
-11.772483055341800
-8.337382248045097
-9.847743051349319
-8.313397433654650
-7.617551394904497
-7.441602865466018
-8.408119548047928
-10.151262174374432
-7.960917729236772
-4.161326017477381
-6.846619070841655
-8.745056196810680
-10.401321316035105
-8.077605654554951
-4.924762348151686
-10.090535153289840
-10.020372955014238
-6.891248729581880
-9.823545420326386
-6.110168084342702
-6.801293051755105
-10.725823721332798
-5.974309638894614
-2.958607314841775
-8.739349608746501
-7.300967427890829
-8.008024394226702
-7.070259810114730
-6.209798596713758
-4.615848363681185
-4.676347201013610
-7.157228252343789
-6.594732614139867
-4.813500357109866
-5.705222313428835
-5.136347461812911
-5.850270801674520
-7.239618505806746
-5.784724053305204
-7.245692671881764
-9.874160766216576
-6.570859762009287
-8.312099260854234
-7.602025730319138
-5.655173701841171
-7.823891638764361
-9.025240125239291
-5.722701290029118
-7.952415974374770
-8.576886807724144
-5.697838734767317
-5.899387723546656
-7.880534271125735
-2.270997290727810
-7.061257438364562
-6.274381724109463
-6.474358976424422
-6.663199302743508
-7.332360068954459
-5.219684957288519
-7.513365269407803
-5.529757968266449
-2.919012953089113
-9.007377345603912
-7.887343563083184
-9.627420632016154
-9.256495163052438
-9.279152159631362
-8.700058155782145
-9.267936889046831
-6.672510480124263
-8.510379445978216
-7.814005677781544
-7.728196020788132
-9.103397173768794
-5.194601187206031
-5.271746281212822
-6.584787121171835
-7.551207350623707
-9.746709214648183
-5.672535952501834
-7.456638167480351
-7.819446156982459
