Entry,Substrate_1,Substrate_2,Catalyst,Solvent,Product,Yield
1,BrC1=CC=C(CC(O)=O)C=C1,C1([Se][Se]C2=CC=CC=C2)=CC=CC=C1,NC(C1=CN(CC2=CC=C(OC)C=C2)C=CC1)=O,CS(C)=O,BrC1=CC=C(C[Se]C2=CC=CC=C2)C=C1,0.27376
2,BrC1=CC=C(CC(O)=O)C=C1,C1([Se][Se]C2=CC=CC=C2)=CC=CC=C1,NC(C1=CN(CC2=CC=CC=C2)C=C(C(N)=O)C1C3=CC=CC=C3)=O,CS(C)=O,BrC1=CC=C(C[Se]C2=CC=CC=C2)C=C1,0.215354
3,O=C(CCCC1=CNC2=C1C=CC=C2)O,C1([Se][Se]C2=CC=CC=C2)=CC=CC=C1,NC(C1=CN(CC2=CC=C(C(F)(F)F)C=C2)C=CC1)=O,CS(C)=O,C1(CCC[Se]C2=CC=CC=C2)=CNC3=C1C=CC=C3,0.726506274
4,O=C(CCCC1=CNC2=C1C=CC=C2)O,C1([Se][Se]C2=CC=CC=C2)=CC=CC=C1,NC(C1=CN(CC2=CC=CC=C2)C=C(C(N)=O)C1C3=CC=CC=C3)=O,CS(C)=O,C1(CCC[Se]C2=CC=CC=C2)=CNC3=C1C=CC=C3,0.564985768
5,CC1=CC=C(S(N2CCC(C(O)=O)CC2)(=O)=O)C=C1,C1([Se][Se]C2=CC=CC=C2)=CC=CC=C1,NC(C1=CN(CC2=CC=CC=C2)C=CC1)=O,CS(C)=O,CC1=CC=C(S(N2CCC([Se]C3=CC=CC=C3)CC2)(=O)=O)C=C1,0.99
6,CC1=CC=C(S(N2CCC(C(O)=O)CC2)(=O)=O)C=C1,C1([Se][Se]C2=CC=CC=C2)=CC=CC=C1,NC(C1=CN(CC2=CC=C(OC)C=C2)C=CC1)=O,CS(C)=O,CC1=CC=C(S(N2CCC([Se]C3=CC=CC=C3)CC2)(=O)=O)C=C1,0.99
7,CC1=CC=C(S(N2CCC(C(O)=O)CC2)(=O)=O)C=C1,C1([Se][Se]C2=CC=CC=C2)=CC=CC=C1,NC(C1=CN(CC2=CC=C(C(F)(F)F)C=C2)C=CC1)=O,CS(C)=O,CC1=CC=C(S(N2CCC([Se]C3=CC=CC=C3)CC2)(=O)=O)C=C1,0.99
8,O=C1C2=CC(CC(O)=O)=CC=C2OCC3=CC=CC=C13,C1([Se][Se]C2=CC=CC=C2)=CC=CC=C1,NC(C1=CN(CC2=CC=CC=C2)C=CC1)=O,CS(C)=O,O=C1C2=CC(C[Se]C3=CC=CC=C3)=CC=C2OCC4=CC=CC=C14,0.769536617
9,O=C(N1CCC(C(O)=O)CC1)OCC2=CC=CC=C2,C1([Se][Se]C2=CC=CC=C2)=CC=CC=C1,NC(C1=CN(CC2=CC=C(OC)C=C2)C=CC1)=O,CS(C)=O,O=C(N1CCC([Se]C2=CC=CC=C2)CC1)OCC3=CC=CC=C3,0.85450422
10,O=C(N1CCC(C(O)=O)CC1)OCC2=CC=CC=C2,C1([Se][Se]C2=CC=CC=C2)=CC=CC=C1,NC(C1=CN(CC2=CC=CC=C2)C=C(C(N)=O)C1)=O,CS(C)=O,O=C(N1CCC([Se]C2=CC=CC=C2)CC1)OCC3=CC=CC=C3,0.830445505
11,O=C(OCC1=CC=CC=C1)[C@H](NC(OC(C)(C)C)=O)CC(O)=O,C1([Se][Se]C2=CC=CC=C2)=CC=CC=C1,NC(C1=CN(CC2=CC=CC=C2)C=C(C(N)=O)C1)=O,CS(C)=O,O=C(OCC1=CC=CC=C1)[C@H](NC(OC(C)(C)C)=O)C[Se]C2=CC=CC=C2,0.8581288
12,CC(C1=CC=C2C=C(OC)C=CC2=C1)C(O)=O,C1([Se][Se]C2=CC=CC=C2)=CC=CC=C1,NC(C1=CN(CC2=CC=C(OC)C=C2)C=CC1)=O,CS(C)=O,CC(C1=CC=C2C=C(OC)C=CC2=C1)[Se]C3=CC=CC=C3,0.60557355
13,O=C(C1(C2=CC=CC=C2)CC1)O,C1([Se][Se]C2=CC=CC=C2)=CC=CC=C1,NC(C1=CN(CC2=CC=C(OC)C=C2)C=CC1)=O,CS(C)=O,C1(C2([Se]C3=CC=CC=C3)CC2)=CC=CC=C1,0.78
14,O=C(C1(C2=CC=CC=C2)CC1)O,C1([Se][Se]C2=CC=CC=C2)=CC=CC=C1,NC(C1=CN(CC2=CC=C(C(F)(F)F)C=C2)C=CC1)=O,CS(C)=O,C1(C2([Se]C3=CC=CC=C3)CC2)=CC=CC=C1,0.6512618
15,O=C(C1(C2=CC=CC=C2)CC1)O,C1([Se][Se]C2=CC=CC=C2)=CC=CC=C1,NC(C1=CN(CC2=CC=CC=C2)C=C(C(N)=O)C1)=O,CS(C)=O,C1(C2([Se]C3=CC=CC=C3)CC2)=CC=CC=C1,0.5866294
16,CC1=CC=C(S(N2CCC(C(O)=O)CC2)(=O)=O)C=C1,C1([Se][Se]C2=CC=CC=C2)=CC=CC=C1,NC(C1=CN(CC2=CC=C(OC)C=C2)C=CC1)=O,[H]C(N(C)C)=O,CC1=CC=C(S(N2CCC([Se]C3=CC=CC=C3)CC2)(=O)=O)C=C1,0.64071525
17,FC1(F)CCC(C(O)=O)CC1,C1([Se][Se]C2=CC=CC=C2)=CC=CC=C1,NC(C1=CN(CC2=CC=CC=C2)C=CC1)=O,[H]C(N(C)C)=O,FC1(F)CCC([Se]C2=CC=CC=C2)CC1,0.25033125
18,FC1(F)CCC(C(O)=O)CC1,C1([Se][Se]C2=CC=CC=C2)=CC=CC=C1,NC(C1=CN(CC2=CC=C(OC)C=C2)C=CC1)=O,[H]C(N(C)C)=O,FC1(F)CCC([Se]C2=CC=CC=C2)CC1,0.24931275
19,FC1(F)CCC(C(O)=O)CC1,C1([Se][Se]C2=CC=CC=C2)=CC=CC=C1,NC(C1=CN(CC2=CC=CC=C2)C=C(C(N)=O)C1C3=CC=CC=C3)=O,[H]C(N(C)C)=O,FC1(F)CCC([Se]C2=CC=CC=C2)CC1,0.1489905
20,CC(C1=CC=C(CC2C(CCC2)=O)C=C1)C(O)=O,C1([Se][Se]C2=CC=CC=C2)=CC=CC=C1,NC(C1=CN(CC2=CC=CC=C2)C=C(C(N)=O)C1C3=CC=CC=C3)=O,[H]C(N(C)C)=O,CC(C1=CC=C(CC2C(CCC2)=O)C=C1)[Se]C3=CC=CC=C3,0.00954165
21,CC(N1C(C2=CC=C(Cl)C=C2)=O)=C(CC(O)=O)C3=C1C=CC(OC)=C3,C1([Se][Se]C2=CC=CC=C2)=CC=CC=C1,NC(C1=CN(CC2=CC=CC=C2)C=C(C(N)=O)C1)=O,[H]C(N(C)C)=O,CC(N1C(C2=CC=C(Cl)C=C2)=O)=C(C[Se]C3=CC=CC=C3)C4=C1C=CC(OC)=C4,0.45433425
22,CC(N1C(C2=CC=C(Cl)C=C2)=O)=C(CC(O)=O)C3=C1C=CC(OC)=C3,C1([Se][Se]C2=CC=CC=C2)=CC=CC=C1,NC(C1=CN(CC2=CC=CC=C2)C=C(C(N)=O)C1C3=CC=CC=C3)=O,[H]C(N(C)C)=O,CC(N1C(C2=CC=C(Cl)C=C2)=O)=C(C[Se]C3=CC=CC=C3)C4=C1C=CC(OC)=C4,0.32048065
23,COC1=CC=C(CC(O)=O)C=C1,C1([Se][Se]C2=CC=CC=C2)=CC=CC=C1,NC(C1=CN(CC2=CC=CC=C2)C=C(C(N)=O)C1C3=CC=CC=C3)=O,[H]C(N(C)C)=O,COC1=CC=C(C[Se]C2=CC=CC=C2)C=C1,0.30245455
24,O=C(C1CCOCC1)O,C1([Se][Se]C2=CC=CC=C2)=CC=CC=C1,NC(C1=CN(CC2=CC=CC=C2)C=CC1)=O,[H]C(N(C)C)=O,C1([Se]C2=CC=CC=C2)CCOCC1,0.753973295
25,O=C(C1CCOCC1)O,C1([Se][Se]C2=CC=CC=C2)=CC=CC=C1,NC(C1=CN(CC2=CC=C(C(F)(F)F)C=C2)C=CC1)=O,[H]C(N(C)C)=O,C1([Se]C2=CC=CC=C2)CCOCC1,0.763301603
26,O=C(N1CCC(C(O)=O)CC1)OCC2=CC=CC=C2,C1([Se][Se]C2=CC=CC=C2)=CC=CC=C1,NC(C1=CN(CC2=CC=CC=C2)C=C(C(N)=O)C1C3=CC=CC=C3)=O,[H]C(N(C)C)=O,O=C(N1CCC([Se]C2=CC=CC=C2)CC1)OCC3=CC=CC=C3,0.622515464
27,O=C(C1CCC1)O,C1([Se][Se]C2=CC=CC=C2)=CC=CC=C1,NC(C1=CN(CC2=CC=C(OC)C=C2)C=CC1)=O,[H]C(N(C)C)=O,C1([Se]C2=CC=CC=C2)CCC1,0.6404824
28,O=C(C1CCC1)O,C1([Se][Se]C2=CC=CC=C2)=CC=CC=C1,NC(C1=CN(CC2=CC=C(C(F)(F)F)C=C2)C=CC1)=O,[H]C(N(C)C)=O,C1([Se]C2=CC=CC=C2)CCC1,0.6802298
29,O=C(C1CCC1)O,C1([Se][Se]C2=CC=CC=C2)=CC=CC=C1,NC(C1=CN(CC2=CC=CC=C2)C=C(C(N)=O)C1C3=CC=CC=C3)=O,[H]C(N(C)C)=O,C1([Se]C2=CC=CC=C2)CCC1,0.4830414
30,CC(C1=CC=C2C=C(OC)C=CC2=C1)C(O)=O,C1([Se][Se]C2=CC=CC=C2)=CC=CC=C1,NC(C1=CN(CC2=CC=CC=C2)C=CC1)=O,[H]C(N(C)C)=O,CC(C1=CC=C2C=C(OC)C=CC2=C1)[Se]C3=CC=CC=C3,0.64247285
31,CC(C1=CC=C2C=C(OC)C=CC2=C1)C(O)=O,C1([Se][Se]C2=CC=CC=C2)=CC=CC=C1,NC(C1=CN(CC2=CC=C(C(F)(F)F)C=C2)C=CC1)=O,[H]C(N(C)C)=O,CC(C1=CC=C2C=C(OC)C=CC2=C1)[Se]C3=CC=CC=C3,0.6216426
32,O=C(C1(C2=CC=CC=C2)CC1)O,C1([Se][Se]C2=CC=CC=C2)=CC=CC=C1,NC(C1=CN(CC2=CC=C(OC)C=C2)C=CC1)=O,[H]C(N(C)C)=O,C1(C2([Se]C3=CC=CC=C3)CC2)=CC=CC=C1,0
33,O=C(CCCC1=CNC2=C1C=CC=C2)O,C1([Se][Se]C2=CC=CC=C2)=CC=CC=C1,NC(C1=CN(CC2=CC=C(OC)C=C2)C=CC1)=O,CC#N,C1(CCC[Se]C2=CC=CC=C2)=CNC3=C1C=CC=C3,0.667358723
34,O=C(CCCC1=CNC2=C1C=CC=C2)O,C1([Se][Se]C2=CC=CC=C2)=CC=CC=C1,NC(C1=CN(CC2=CC=C(C(F)(F)F)C=C2)C=CC1)=O,CC#N,C1(CCC[Se]C2=CC=CC=C2)=CNC3=C1C=CC=C3,0.593209815
35,CC1=CC=C(S(N2CCC(C(O)=O)CC2)(=O)=O)C=C1,C1([Se][Se]C2=CC=CC=C2)=CC=CC=C1,NC(C1=CN(CC2=CC=CC=C2)C=C(C(N)=O)C1)=O,CC#N,CC1=CC=C(S(N2CCC([Se]C3=CC=CC=C3)CC2)(=O)=O)C=C1,0.35878725
36,CC1=CC=C(S(N2CCC(C(O)=O)CC2)(=O)=O)C=C1,C1([Se][Se]C2=CC=CC=C2)=CC=CC=C1,NC(C1=CN(CC2=CC=CC=C2)C=C(C(N)=O)C1C3=CC=CC=C3)=O,CC#N,CC1=CC=C(S(N2CCC([Se]C3=CC=CC=C3)CC2)(=O)=O)C=C1,0.07064025
37,O=C(CCC1=CC=CC=C1)O,C1([Se][Se]C2=CC=CC=C2)=CC=CC=C1,NC(C1=CN(CC2=CC=CC=C2)C=C(C(N)=O)C1C3=CC=CC=C3)=O,CC#N,C1(CC[Se]C2=CC=CC=C2)=CC=CC=C1,0
38,FC1(F)CCC(C(O)=O)CC1,C1([Se][Se]C2=CC=CC=C2)=CC=CC=C1,NC(C1=CN(CC2=CC=CC=C2)C=C(C(N)=O)C1)=O,CC#N,FC1(F)CCC([Se]C2=CC=CC=C2)CC1,0.18412875
39,O=C1C2=CC(CC(O)=O)=CC=C2OCC3=CC=CC=C13,C1([Se][Se]C2=CC=CC=C2)=CC=CC=C1,NC(C1=CN(CC2=CC=CC=C2)C=C(C(N)=O)C1)=O,CC#N,O=C1C2=CC(C[Se]C3=CC=CC=C3)=CC=C2OCC4=CC=CC=C14,0.47649905
40,CC(C1=CC=C(CC2C(CCC2)=O)C=C1)C(O)=O,C1([Se][Se]C2=CC=CC=C2)=CC=CC=C1,NC(C1=CN(CC2=CC=CC=C2)C=CC1)=O,CC#N,CC(C1=CC=C(CC2C(CCC2)=O)C=C1)[Se]C3=CC=CC=C3,0.54983895
41,CC1=CC=C(CC(O)=O)C=C1,C1([Se][Se]C2=CC=CC=C2)=CC=CC=C1,NC(C1=CN(CC2=CC=C(C(F)(F)F)C=C2)C=CC1)=O,CC#N,CC1=CC=C(C[Se]C2=CC=CC=C2)C=C1,0.1181789
42,CC1=CC=C(CC(O)=O)C=C1,C1([Se][Se]C2=CC=CC=C2)=CC=CC=C1,NC(C1=CN(CC2=CC=CC=C2)C=C(C(N)=O)C1C3=CC=CC=C3)=O,CC#N,CC1=CC=C(C[Se]C2=CC=CC=C2)C=C1,0
43,BrC1=CC=C(CC(O)=O)C=C1,C1([Se][Se]C2=CC=CC=C2)=CC=CC=C1,NC(C1=CN(CC2=CC=C(OC)C=C2)C=CC1)=O,CC#N,BrC1=CC=C(C[Se]C2=CC=CC=C2)C=C1,0.271746
44,COC1=CC=C(CC(O)=O)C=C1,C1([Se][Se]C2=CC=CC=C2)=CC=CC=C1,NC(C1=CN(CC2=CC=CC=C2)C=C(C(N)=O)C1C3=CC=CC=C3)=O,CC#N,COC1=CC=C(C[Se]C2=CC=CC=C2)C=C1,0
45,O=C(N1CCC(C(O)=O)CC1)OCC2=CC=CC=C2,C1([Se][Se]C2=CC=CC=C2)=CC=CC=C1,NC(C1=CN(CC2=CC=C(C(F)(F)F)C=C2)C=CC1)=O,CC#N,O=C(N1CCC([Se]C2=CC=CC=C2)CC1)OCC3=CC=CC=C3,0.59056
46,O=C(OCC1=CC=CC=C1)[C@H](NC(OC(C)(C)C)=O)CC(O)=O,C1([Se][Se]C2=CC=CC=C2)=CC=CC=C1,NC(C1=CN(CC2=CC=CC=C2)C=CC1)=O,CC#N,O=C(OCC1=CC=CC=C1)[C@H](NC(OC(C)(C)C)=O)C[Se]C2=CC=CC=C2,0.7520618
47,O=C(OCC1=CC=CC=C1)[C@H](NC(OC(C)(C)C)=O)CC(O)=O,C1([Se][Se]C2=CC=CC=C2)=CC=CC=C1,NC(C1=CN(CC2=CC=C(OC)C=C2)C=CC1)=O,CC#N,O=C(OCC1=CC=CC=C1)[C@H](NC(OC(C)(C)C)=O)C[Se]C2=CC=CC=C2,0.9010226
48,O=C(OCC1=CC=CC=C1)[C@H](NC(OC(C)(C)C)=O)CC(O)=O,C1([Se][Se]C2=CC=CC=C2)=CC=CC=C1,NC(C1=CN(CC2=CC=CC=C2)C=C(C(N)=O)C1C3=CC=CC=C3)=O,CC#N,O=C(OCC1=CC=CC=C1)[C@H](NC(OC(C)(C)C)=O)C[Se]C2=CC=CC=C2,0.084659
49,CC(N(C(C1=C2C=CC=C1)=O)C2=O)C(O)=O,C1(C[Se][Se]CC2=CC=CC=C2)=CC=CC=C1,NC(C1=CN(CC2=CC=C(C(F)(F)F)C=C2)C=CC1)=O,CS(C)=O,CC(N(C(C1=C2C=CC=C1)=O)C2=O)[Se]CC3=CC=CC=C3,0.198208
50,O=C(CCCC1=CNC2=C1C=CC=C2)O,C1(C[Se][Se]CC2=CC=CC=C2)=CC=CC=C1,NC(C1=CN(CC2=CC=C(OC)C=C2)C=CC1)=O,CS(C)=O,C1(CCC[Se]CC2=CC=CC=C2)=CNC3=C1C=CC=C3,0.1349803
51,O=C(CCCC1=CNC2=C1C=CC=C2)O,C1(C[Se][Se]CC2=CC=CC=C2)=CC=CC=C1,NC(C1=CN(CC2=CC=C(C(F)(F)F)C=C2)C=CC1)=O,CS(C)=O,C1(CCC[Se]CC2=CC=CC=C2)=CNC3=C1C=CC=C3,0.0768673
52,O=C1C2=CC(CC(O)=O)=CC=C2OCC3=CC=CC=C13,C1(C[Se][Se]CC2=CC=CC=C2)=CC=CC=C1,NC(C1=CN(CC2=CC=C(C(F)(F)F)C=C2)C=CC1)=O,CS(C)=O,O=C1C2=CC(C[Se]CC3=CC=CC=C3)=CC=C2OCC4=CC=CC=C14,0.2740478
53,O=C1C2=CC(CC(O)=O)=CC=C2OCC3=CC=CC=C13,C1(C[Se][Se]CC2=CC=CC=C2)=CC=CC=C1,NC(C1=CN(CC2=CC=CC=C2)C=C(C(N)=O)C1)=O,CS(C)=O,O=C1C2=CC(C[Se]CC3=CC=CC=C3)=CC=C2OCC4=CC=CC=C14,0.2760982
54,CC(C1=CC=C(CC2C(CCC2)=O)C=C1)C(O)=O,C1(C[Se][Se]CC2=CC=CC=C2)=CC=CC=C1,NC(C1=CN(CC2=CC=C(OC)C=C2)C=CC1)=O,CS(C)=O,CC(C1=CC=C(CC2C(CCC2)=O)C=C1)[Se]CC3=CC=CC=C3,0.1665091
55,CC(N(C(C1=C2C=CC=C1)=O)C2=O)C(O)=O,C1(C[Se][Se]CC2=CC=CC=C2)=CC=CC=C1,NC(C1=CN(CC2=CC=CC=C2)C=CC1)=O,[H]C(N(C)C)=O,CC(N(C(C1=C2C=CC=C1)=O)C2=O)[Se]CC3=CC=CC=C3,0.20253875
56,CC1=CC=C(S(N2CCC(C(O)=O)CC2)(=O)=O)C=C1,C1(C[Se][Se]CC2=CC=CC=C2)=CC=CC=C1,NC(C1=CN(CC2=CC=C(OC)C=C2)C=CC1)=O,[H]C(N(C)C)=O,CC1=CC=C(S(N2CCC([Se]CC3=CC=CC=C3)CC2)(=O)=O)C=C1,0.157108
57,O=C1C2=CC(CC(O)=O)=CC=C2OCC3=CC=CC=C13,C1(C[Se][Se]CC2=CC=CC=C2)=CC=CC=C1,NC(C1=CN(CC2=CC=C(C(F)(F)F)C=C2)C=CC1)=O,[H]C(N(C)C)=O,O=C1C2=CC(C[Se]CC3=CC=CC=C3)=CC=C2OCC4=CC=CC=C14,0.2771234
58,O=C1C2=CC(CC(O)=O)=CC=C2OCC3=CC=CC=C13,C1(C[Se][Se]CC2=CC=CC=C2)=CC=CC=C1,NC(C1=CN(CC2=CC=CC=C2)C=C(C(N)=O)C1)=O,[H]C(N(C)C)=O,O=C1C2=CC(C[Se]CC3=CC=CC=C3)=CC=C2OCC4=CC=CC=C14,0.285325
59,O=C1C2=CC(CC(O)=O)=CC=C2OCC3=CC=CC=C13,C1(C[Se][Se]CC2=CC=CC=C2)=CC=CC=C1,NC(C1=CN(CC2=CC=CC=C2)C=C(C(N)=O)C1C3=CC=CC=C3)=O,[H]C(N(C)C)=O,O=C1C2=CC(C[Se]CC3=CC=CC=C3)=CC=C2OCC4=CC=CC=C14,0.2832746
60,CC(C1=CC=C(CC2C(CCC2)=O)C=C1)C(O)=O,C1(C[Se][Se]CC2=CC=CC=C2)=CC=CC=C1,NC(C1=CN(CC2=CC=CC=C2)C=C(C(N)=O)C1)=O,[H]C(N(C)C)=O,CC(C1=CC=C(CC2C(CCC2)=O)C=C1)[Se]CC3=CC=CC=C3,0
61,CC(N1C(C2=CC=C(Cl)C=C2)=O)=C(CC(O)=O)C3=C1C=CC(OC)=C3,C1(C[Se][Se]CC2=CC=CC=C2)=CC=CC=C1,NC(C1=CN(CC2=CC=C(OC)C=C2)C=CC1)=O,[H]C(N(C)C)=O,CC(N1C(C2=CC=C(Cl)C=C2)=O)=C(C[Se]CC3=CC=CC=C3)C4=C1C=CC(OC)=C4,0.0226881
62,CC(N(C(C1=C2C=CC=C1)=O)C2=O)C(O)=O,C1(C[Se][Se]CC2=CC=CC=C2)=CC=CC=C1,NC(C1=CN(CC2=CC=C(C(F)(F)F)C=C2)C=CC1)=O,CC#N,CC(N(C(C1=C2C=CC=C1)=O)C2=O)[Se]CC3=CC=CC=C3,0.24568725
63,CC1=CC=C(S(N2CCC(C(O)=O)CC2)(=O)=O)C=C1,C1(C[Se][Se]CC2=CC=CC=C2)=CC=CC=C1,NC(C1=CN(CC2=CC=CC=C2)C=C(C(N)=O)C1)=O,CC#N,CC1=CC=C(S(N2CCC([Se]CC3=CC=CC=C3)CC2)(=O)=O)C=C1,0
64,CC(N1C(C2=CC=C(Cl)C=C2)=O)=C(CC(O)=O)C3=C1C=CC(OC)=C3,C1(C[Se][Se]CC2=CC=CC=C2)=CC=CC=C1,NC(C1=CN(CC2=CC=CC=C2)C=C(C(N)=O)C1C3=CC=CC=C3)=O,CC#N,CC(N1C(C2=CC=C(Cl)C=C2)=O)=C(C[Se]CC3=CC=CC=C3)C4=C1C=CC(OC)=C4,0
65,O=C(N1CCC(C(O)=O)CC1)OCC2=CC=CC=C2,C1(C[Se][Se]CC2=CC=CC=C2)=CC=CC=C1,NC(C1=CN(CC2=CC=CC=C2)C=C(C(N)=O)C1C3=CC=CC=C3)=O,CS(C)=O,O=C(N1CCC([Se]CC2=CC=CC=C2)CC1)OCC3=CC=CC=C3,0.0106761
66,CC(C1=CC=C2C=C(OC)C=CC2=C1)C(O)=O,C1(C[Se][Se]CC2=CC=CC=C2)=CC=CC=C1,NC(C1=CN(CC2=CC=C(OC)C=C2)C=CC1)=O,CS(C)=O,CC(C1=CC=C2C=C(OC)C=CC2=C1)[Se]CC3=CC=CC=C3,0.0975506
67,CC(C1=CC=C2C=C(OC)C=CC2=C1)C(O)=O,C1(C[Se][Se]CC2=CC=CC=C2)=CC=CC=C1,NC(C1=CN(CC2=CC=CC=C2)C=C(C(N)=O)C1)=O,CS(C)=O,CC(C1=CC=C2C=C(OC)C=CC2=C1)[Se]CC3=CC=CC=C3,0.005
68,O=C(C1CCCCC1)O,C1(C[Se][Se]CC2=CC=CC=C2)=CC=CC=C1,NC(C1=CN(CC2=CC=CC=C2)C=C(C(N)=O)C1C3=CC=CC=C3)=O,[H]C(N(C)C)=O,C1([Se]CC2=CC=CC=C2)CCCCC1,0
69,O=C(N1CCC(C(O)=O)CC1)OCC2=CC=CC=C2,C1(C[Se][Se]CC2=CC=CC=C2)=CC=CC=C1,NC(C1=CN(CC2=CC=C(C(F)(F)F)C=C2)C=CC1)=O,[H]C(N(C)C)=O,O=C(N1CCC([Se]CC2=CC=CC=C2)CC1)OCC3=CC=CC=C3,0.0495984
70,O=C(OCC1=CC=CC=C1)[C@H](NC(OC(C)(C)C)=O)CC(O)=O,C1(C[Se][Se]CC2=CC=CC=C2)=CC=CC=C1,NC(C1=CN(CC2=CC=CC=C2)C=CC1)=O,[H]C(N(C)C)=O,O=C(OCC1=CC=CC=C1)[C@H](NC(OC(C)(C)C)=O)C[Se]CC2=CC=CC=C2,0.006010895
71,O=C(OCC1=CC=CC=C1)[C@H](NC(OC(C)(C)C)=O)CC(O)=O,C1(C[Se][Se]CC2=CC=CC=C2)=CC=CC=C1,NC(C1=CN(CC2=CC=CC=C2)C=C(C(N)=O)C1C3=CC=CC=C3)=O,[H]C(N(C)C)=O,O=C(OCC1=CC=CC=C1)[C@H](NC(OC(C)(C)C)=O)C[Se]CC2=CC=CC=C2,0
72,O=C(C1CCCCC1)O,C1(C[Se][Se]CC2=CC=CC=C2)=CC=CC=C1,NC(C1=CN(CC2=CC=CC=C2)C=CC1)=O,CC#N,C1([Se]CC2=CC=CC=C2)CCCCC1,0
73,O=C(C1CCC1)O,C1(C[Se][Se]CC2=CC=CC=C2)=CC=CC=C1,NC(C1=CN(CC2=CC=CC=C2)C=CC1)=O,CC#N,C1([Se]CC2=CC=CC=C2)CCC1,0.02252365
74,O=C(C1CCC1)O,C1(C[Se][Se]CC2=CC=CC=C2)=CC=CC=C1,NC(C1=CN(CC2=CC=C(C(F)(F)F)C=C2)C=CC1)=O,CC#N,C1([Se]CC2=CC=CC=C2)CCC1,0.0156096
75,O=C(C1CCC1)O,C1(C[Se][Se]CC2=CC=CC=C2)=CC=CC=C1,NC(C1=CN(CC2=CC=CC=C2)C=C(C(N)=O)C1)=O,CC#N,C1([Se]CC2=CC=CC=C2)CCC1,0.0145459
76,CC(C1=CC=C2C=C(OC)C=CC2=C1)C(O)=O,C1(C[Se][Se]CC2=CC=CC=C2)=CC=CC=C1,NC(C1=CN(CC2=CC=CC=C2)C=CC1)=O,CC#N,CC(C1=CC=C2C=C(OC)C=CC2=C1)[Se]CC3=CC=CC=C3,0.0471642
77,CC(N(C(C1=C2C=CC=C1)=O)C2=O)C(O)=O,CC[Se][Se]CC,NC(C1=CN(CC2=CC=C(OC)C=C2)C=CC1)=O,CS(C)=O,CC(N(C(C1=C2C=CC=C1)=O)C2=O)[Se]CC,0
78,O=C(CCCC1=CNC2=C1C=CC=C2)O,CC[Se][Se]CC,NC(C1=CN(CC2=CC=CC=C2)C=CC1)=O,CS(C)=O,CC[Se]CCCC1=CNC2=C1C=CC=C2,0.435427
79,O=C(CCCC1=CNC2=C1C=CC=C2)O,CC[Se][Se]CC,NC(C1=CN(CC2=CC=C(OC)C=C2)C=CC1)=O,CS(C)=O,CC[Se]CCCC1=CNC2=C1C=CC=C2,0.52931185
80,CC1=CC=C(S(N2CCC(C(O)=O)CC2)(=O)=O)C=C1,CC[Se][Se]CC,NC(C1=CN(CC2=CC=CC=C2)C=C(C(N)=O)C1)=O,CS(C)=O,CC1=CC=C(S(N2CCC([Se]CC)CC2)(=O)=O)C=C1,0.13845945
81,CC(C1=CC=C(CC2C(CCC2)=O)C=C1)C(O)=O,CC[Se][Se]CC,NC(C1=CN(CC2=CC=CC=C2)C=C(C(N)=O)C1C3=CC=CC=C3)=O,CS(C)=O,CC(C1=CC=C(CC2C(CCC2)=O)C=C1)[Se]CC,0.0182695
82,CC(C1=CC=C(CC2C(CCC2)=O)C=C1)C(O)=O,CC[Se][Se]CC,NC(C1=CN(CC2=CC=C(OC)C=C2)C=CC1)=O,[H]C(N(C)C)=O,CC(C1=CC=C(CC2C(CCC2)=O)C=C1)[Se]CC,0.1401475
83,CC(C1=CC=C(CC2C(CCC2)=O)C=C1)C(O)=O,CC[Se][Se]CC,NC(C1=CN(CC2=CC=CC=C2)C=C(C(N)=O)C1C3=CC=CC=C3)=O,[H]C(N(C)C)=O,CC(C1=CC=C(CC2C(CCC2)=O)C=C1)[Se]CC,0.0132745
84,CC(N1C(C2=CC=C(Cl)C=C2)=O)=C(CC(O)=O)C3=C1C=CC(OC)=C3,CC[Se][Se]CC,NC(C1=CN(CC2=CC=C(C(F)(F)F)C=C2)C=CC1)=O,[H]C(N(C)C)=O,CC(N1C(C2=CC=C(Cl)C=C2)=O)=C(C[Se]CC)C3=C1C=CC(OC)=C3,0
85,CC(N1C(C2=CC=C(Cl)C=C2)=O)=C(CC(O)=O)C3=C1C=CC(OC)=C3,CC[Se][Se]CC,NC(C1=CN(CC2=CC=CC=C2)C=C(C(N)=O)C1C3=CC=CC=C3)=O,[H]C(N(C)C)=O,CC(N1C(C2=CC=C(Cl)C=C2)=O)=C(C[Se]CC)C3=C1C=CC(OC)=C3,0.0285
86,CC(N(C(C1=C2C=CC=C1)=O)C2=O)C(O)=O,CC[Se][Se]CC,NC(C1=CN(CC2=CC=CC=C2)C=CC1)=O,CC#N,CC(N(C(C1=C2C=CC=C1)=O)C2=O)[Se]CC,0
87,CC(N(C(C1=C2C=CC=C1)=O)C2=O)C(O)=O,CC[Se][Se]CC,NC(C1=CN(CC2=CC=CC=C2)C=C(C(N)=O)C1C3=CC=CC=C3)=O,CC#N,CC(N(C(C1=C2C=CC=C1)=O)C2=O)[Se]CC,0
88,O=C(CCCC1=CNC2=C1C=CC=C2)O,CC[Se][Se]CC,NC(C1=CN(CC2=CC=C(OC)C=C2)C=CC1)=O,CC#N,CC[Se]CCCC1=CNC2=C1C=CC=C2,0.0549438
89,O=C(CCCC1=CNC2=C1C=CC=C2)O,CC[Se][Se]CC,NC(C1=CN(CC2=CC=CC=C2)C=C(C(N)=O)C1)=O,CC#N,CC[Se]CCCC1=CNC2=C1C=CC=C2,0.1184824
90,O=C(CCCC1=CNC2=C1C=CC=C2)O,CC[Se][Se]CC,NC(C1=CN(CC2=CC=CC=C2)C=C(C(N)=O)C1C3=CC=CC=C3)=O,CC#N,CC[Se]CCCC1=CNC2=C1C=CC=C2,0.16975285
91,O=C1C2=CC(CC(O)=O)=CC=C2OCC3=CC=CC=C13,CC[Se][Se]CC,NC(C1=CN(CC2=CC=CC=C2)C=C(C(N)=O)C1)=O,CC#N,O=C1C2=CC(C[Se]CC)=CC=C2OCC3=CC=CC=C13,0
92,O=C1C2=CC(CC(O)=O)=CC=C2OCC3=CC=CC=C13,CC[Se][Se]CC,NC(C1=CN(CC2=CC=CC=C2)C=C(C(N)=O)C1C3=CC=CC=C3)=O,CC#N,O=C1C2=CC(C[Se]CC)=CC=C2OCC3=CC=CC=C13,0
93,CC(C1=CC=C(CC2C(CCC2)=O)C=C1)C(O)=O,CC[Se][Se]CC,NC(C1=CN(CC2=CC=CC=C2)C=C(C(N)=O)C1)=O,CC#N,CC(C1=CC=C(CC2C(CCC2)=O)C=C1)[Se]CC,0.025762
94,CC(N1C(C2=CC=C(Cl)C=C2)=O)=C(CC(O)=O)C3=C1C=CC(OC)=C3,CC[Se][Se]CC,NC(C1=CN(CC2=CC=CC=C2)C=C(C(N)=O)C1C3=CC=CC=C3)=O,CC#N,CC(N1C(C2=CC=C(Cl)C=C2)=O)=C(C[Se]CC)C3=C1C=CC(OC)=C3,0
95,CC1=CC=C(CC(O)=O)C=C1,CC[Se][Se]CC,NC(C1=CN(CC2=CC=CC=C2)C=C(C(N)=O)C1)=O,CS(C)=O,CC1=CC=C(C[Se]CC)C=C1,0
96,BrC1=CC=C(CC(O)=O)C=C1,CC[Se][Se]CC,NC(C1=CN(CC2=CC=C(OC)C=C2)C=CC1)=O,CS(C)=O,BrC1=CC=C(C[Se]CC)C=C1,0.018456
97,COC1=CC=C(CC(O)=O)C=C1,CC[Se][Se]CC,NC(C1=CN(CC2=CC=CC=C2)C=CC1)=O,CS(C)=O,COC1=CC=C(C[Se]CC)C=C1,0.2825576
98,O=C(CC1=CNC2=C1C=CC=C2)O,CC[Se][Se]CC,NC(C1=CN(CC2=CC=CC=C2)C=CC1)=O,CS(C)=O,CC[Se]CC1=CNC2=C1C=CC=C2,0.5808059
99,O=C(CC1=CNC2=C1C=CC=C2)O,CC[Se][Se]CC,NC(C1=CN(CC2=CC=C(C(F)(F)F)C=C2)C=CC1)=O,CS(C)=O,CC[Se]CC1=CNC2=C1C=CC=C2,0.5532497
100,BrC1=CC=C(CC(O)=O)C=C1,CC[Se][Se]CC,NC(C1=CN(CC2=CC=C(C(F)(F)F)C=C2)C=CC1)=O,[H]C(N(C)C)=O,BrC1=CC=C(C[Se]CC)C=C1,0
101,COC1=CC=C(CC(O)=O)C=C1,CC[Se][Se]CC,NC(C1=CN(CC2=CC=CC=C2)C=CC1)=O,[H]C(N(C)C)=O,COC1=CC=C(C[Se]CC)C=C1,0.0905168
102,COC1=CC=C(CC(O)=O)C=C1,CC[Se][Se]CC,NC(C1=CN(CC2=CC=CC=C2)C=C(C(N)=O)C1)=O,[H]C(N(C)C)=O,COC1=CC=C(C[Se]CC)C=C1,0.0494888
103,CC1=C(CC(O)=O)C=CC=C1,CC[Se][Se]CC,NC(C1=CN(CC2=CC=CC=C2)C=CC1)=O,[H]C(N(C)C)=O,CC1=C(C[Se]CC)C=CC=C1,0.007317
104,CC1=C(CC(O)=O)C=CC=C1,CC[Se][Se]CC,NC(C1=CN(CC2=CC=CC=C2)C=C(C(N)=O)C1)=O,[H]C(N(C)C)=O,CC1=C(C[Se]CC)C=CC=C1,0
105,CC1=C(CC(O)=O)C=CC=C1,CC[Se][Se]CC,NC(C1=CN(CC2=CC=CC=C2)C=C(C(N)=O)C1C3=CC=CC=C3)=O,[H]C(N(C)C)=O,CC1=C(C[Se]CC)C=CC=C1,0
106,COC1=CC=C(CC(O)=O)C=C1,CC[Se][Se]CC,NC(C1=CN(CC2=CC=CC=C2)C=C(C(N)=O)C1)=O,CC#N,COC1=CC=C(C[Se]CC)C=C1,0.0602192
107,CC1=C(CC(O)=O)C=CC=C1,CC[Se][Se]CC,NC(C1=CN(CC2=CC=CC=C2)C=CC1)=O,CC#N,CC1=C(C[Se]CC)C=CC=C1,0
108,CC1=C(CC(O)=O)C=CC=C1,CC[Se][Se]CC,NC(C1=CN(CC2=CC=CC=C2)C=C(C(N)=O)C1)=O,CC#N,CC1=C(C[Se]CC)C=CC=C1,0.0075
109,CC(C1=CC=C(CC2C(CCC2)=O)C=C1)C(O)=O,C1([Se][Se]C2=CC=CC=C2)=CC=CC=C1,NC(C1=CN(CC2=CC=C(OC)C=C2)C=CC1)=O,CS(C)=O,CC(C1=CC=C(CC2C(CCC2)=O)C=C1)[Se]C3=CC=CC=C3,0.596631783
110,CC(N1C(C2=CC=C(Cl)C=C2)=O)=C(CC(O)=O)C3=C1C=CC(OC)=C3,C1([Se][Se]C2=CC=CC=C2)=CC=CC=C1,NC(C1=CN(CC2=CC=CC=C2)C=C(C(N)=O)C1)=O,CS(C)=O,CC(N1C(C2=CC=C(Cl)C=C2)=O)=C(C[Se]C3=CC=CC=C3)C4=C1C=CC(OC)=C4,0.675111067
111,CC1=CC=C(CC(O)=O)C=C1,C1([Se][Se]C2=CC=CC=C2)=CC=CC=C1,NC(C1=CN(CC2=CC=CC=C2)C=CC1)=O,CS(C)=O,CC1=CC=C(C[Se]C2=CC=CC=C2)C=C1,0.772925583
112,BrC1=CC=C(CC(O)=O)C=C1,C1([Se][Se]C2=CC=CC=C2)=CC=CC=C1,NC(C1=CN(CC2=CC=C(C(F)(F)F)C=C2)C=CC1)=O,CS(C)=O,BrC1=CC=C(C[Se]C2=CC=CC=C2)C=C1,0.266711
113,BrC1=CC=C(CC(O)=O)C=C1,C1([Se][Se]C2=CC=CC=C2)=CC=CC=C1,NC(C1=CN(CC2=CC=CC=C2)C=C(C(N)=O)C1)=O,CS(C)=O,BrC1=CC=C(C[Se]C2=CC=CC=C2)C=C1,0.241536
114,COC1=CC=C(CC(O)=O)C=C1,C1([Se][Se]C2=CC=CC=C2)=CC=CC=C1,NC(C1=CN(CC2=CC=CC=C2)C=C(C(N)=O)C1C3=CC=CC=C3)=O,CS(C)=O,COC1=CC=C(C[Se]C2=CC=CC=C2)C=C1,0
115,CC1=C(CC(O)=O)C=CC=C1,C1([Se][Se]C2=CC=CC=C2)=CC=CC=C1,NC(C1=CN(CC2=CC=C(OC)C=C2)C=CC1)=O,CS(C)=O,CC1=C(C[Se]C2=CC=CC=C2)C=CC=C1,0.2614318
116,CC1=C(CC(O)=O)C=CC=C1,C1([Se][Se]C2=CC=CC=C2)=CC=CC=C1,NC(C1=CN(CC2=CC=CC=C2)C=C(C(N)=O)C1C3=CC=CC=C3)=O,CS(C)=O,CC1=C(C[Se]C2=CC=CC=C2)C=CC=C1,0
117,O=C(CCCC1=CNC2=C1C=CC=C2)O,C1([Se][Se]C2=CC=CC=C2)=CC=CC=C1,NC(C1=CN(CC2=CC=C(OC)C=C2)C=CC1)=O,CS(C)=O,C1(CCC[Se]C2=CC=CC=C2)=CNC3=C1C=CC=C3,0.731550989
118,FC1(F)CCC(C(O)=O)CC1,C1([Se][Se]C2=CC=CC=C2)=CC=CC=C1,NC(C1=CN(CC2=CC=C(OC)C=C2)C=CC1)=O,CS(C)=O,FC1(F)CCC([Se]C2=CC=CC=C2)CC1,0.2589885
119,FC1(F)CCC(C(O)=O)CC1,C1([Se][Se]C2=CC=CC=C2)=CC=CC=C1,NC(C1=CN(CC2=CC=C(C(F)(F)F)C=C2)C=CC1)=O,CS(C)=O,FC1(F)CCC([Se]C2=CC=CC=C2)CC1,0.27579375
120,O=C(C1CCOCC1)O,C1([Se][Se]C2=CC=CC=C2)=CC=CC=C1,NC(C1=CN(CC2=CC=CC=C2)C=CC1)=O,CS(C)=O,C1([Se]C2=CC=CC=C2)CCOCC1,0.8694185
121,O=C(N1CCC(C(O)=O)CC1)OCC2=CC=CC=C2,C1([Se][Se]C2=CC=CC=C2)=CC=CC=C1,NC(C1=CN(CC2=CC=CC=C2)C=CC1)=O,CS(C)=O,O=C(N1CCC([Se]C2=CC=CC=C2)CC1)OCC3=CC=CC=C3,0.87904411
122,O=C(N1CCC(C(O)=O)CC1)OCC2=CC=CC=C2,C1([Se][Se]C2=CC=CC=C2)=CC=CC=C1,NC(C1=CN(CC2=CC=CC=C2)C=C(C(N)=O)C1C3=CC=CC=C3)=O,CS(C)=O,O=C(N1CCC([Se]C2=CC=CC=C2)CC1)OCC3=CC=CC=C3,0.650005138
123,O=C(OCC1=CC=CC=C1)[C@H](NC(OC(C)(C)C)=O)CC(O)=O,C1([Se][Se]C2=CC=CC=C2)=CC=CC=C1,NC(C1=CN(CC2=CC=CC=C2)C=CC1)=O,CS(C)=O,O=C(OCC1=CC=CC=C1)[C@H](NC(OC(C)(C)C)=O)C[Se]C2=CC=CC=C2,0.8718146
124,O=C(OCC1=CC=CC=C1)[C@H](NC(OC(C)(C)C)=O)CC(O)=O,C1([Se][Se]C2=CC=CC=C2)=CC=CC=C1,NC(C1=CN(CC2=CC=C(C(F)(F)F)C=C2)C=CC1)=O,CS(C)=O,O=C(OCC1=CC=CC=C1)[C@H](NC(OC(C)(C)C)=O)C[Se]C2=CC=CC=C2,0.8126684
125,O=C(C1CCC1)O,C1([Se][Se]C2=CC=CC=C2)=CC=CC=C1,NC(C1=CN(CC2=CC=CC=C2)C=C(C(N)=O)C1C3=CC=CC=C3)=O,CS(C)=O,C1([Se]C2=CC=CC=C2)CCC1,0.4830414
126,CC(C1=CC=C2C=C(OC)C=CC2=C1)C(O)=O,C1([Se][Se]C2=CC=CC=C2)=CC=CC=C1,NC(C1=CN(CC2=CC=C(C(F)(F)F)C=C2)C=CC1)=O,CS(C)=O,CC(C1=CC=C2C=C(OC)C=CC2=C1)[Se]C3=CC=CC=C3,0.6216426
127,O=C(CCCC1=CNC2=C1C=CC=C2)O,C1([Se][Se]C2=CC=CC=C2)=CC=CC=C1,NC(C1=CN(CC2=CC=CC=C2)C=C(C(N)=O)C1C3=CC=CC=C3)=O,[H]C(N(C)C)=O,C1(CCC[Se]C2=CC=CC=C2)=CNC3=C1C=CC=C3,0.091216
128,CC1=CC=C(S(N2CCC(C(O)=O)CC2)(=O)=O)C=C1,C1([Se][Se]C2=CC=CC=C2)=CC=CC=C1,NC(C1=CN(CC2=CC=CC=C2)C=CC1)=O,[H]C(N(C)C)=O,CC1=CC=C(S(N2CCC([Se]C3=CC=CC=C3)CC2)(=O)=O)C=C1,0.53291925
129,O=C(CCC1=CC=CC=C1)O,C1([Se][Se]C2=CC=CC=C2)=CC=CC=C1,NC(C1=CN(CC2=CC=CC=C2)C=C(C(N)=O)C1C3=CC=CC=C3)=O,[H]C(N(C)C)=O,C1(CC[Se]C2=CC=CC=C2)=CC=CC=C1,0
130,CC(C1=CC=C(CC2C(CCC2)=O)C=C1)C(O)=O,C1([Se][Se]C2=CC=CC=C2)=CC=CC=C1,NC(C1=CN(CC2=CC=C(C(F)(F)F)C=C2)C=CC1)=O,[H]C(N(C)C)=O,CC(C1=CC=C(CC2C(CCC2)=O)C=C1)[Se]C3=CC=CC=C3,0.5452008
131,CC(C1=CC=C(CC2C(CCC2)=O)C=C1)C(O)=O,C1([Se][Se]C2=CC=CC=C2)=CC=CC=C1,NC(C1=CN(CC2=CC=CC=C2)C=C(C(N)=O)C1)=O,[H]C(N(C)C)=O,CC(C1=CC=C(CC2C(CCC2)=O)C=C1)[Se]C3=CC=CC=C3,0.3359687
132,BrC1=CC=C(CC(O)=O)C=C1,C1([Se][Se]C2=CC=CC=C2)=CC=CC=C1,NC(C1=CN(CC2=CC=CC=C2)C=CC1)=O,[H]C(N(C)C)=O,BrC1=CC=C(C[Se]C2=CC=CC=C2)C=C1,0.422796
133,BrC1=CC=C(CC(O)=O)C=C1,C1([Se][Se]C2=CC=CC=C2)=CC=CC=C1,NC(C1=CN(CC2=CC=CC=C2)C=C(C(N)=O)C1)=O,[H]C(N(C)C)=O,BrC1=CC=C(C[Se]C2=CC=CC=C2)C=C1,0.3417265
134,BrC1=CC=C(CC(O)=O)C=C1,C1([Se][Se]C2=CC=CC=C2)=CC=CC=C1,NC(C1=CN(CC2=CC=CC=C2)C=C(C(N)=O)C1C3=CC=CC=C3)=O,[H]C(N(C)C)=O,BrC1=CC=C(C[Se]C2=CC=CC=C2)C=C1,0.227438
135,COC1=CC=C(CC(O)=O)C=C1,C1([Se][Se]C2=CC=CC=C2)=CC=CC=C1,NC(C1=CN(CC2=CC=C(OC)C=C2)C=CC1)=O,[H]C(N(C)C)=O,COC1=CC=C(C[Se]C2=CC=CC=C2)C=C1,0.6784278
136,O=C(C1CCOCC1)O,C1([Se][Se]C2=CC=CC=C2)=CC=CC=C1,NC(C1=CN(CC2=CC=C(OC)C=C2)C=CC1)=O,[H]C(N(C)C)=O,C1([Se]C2=CC=CC=C2)CCOCC1,0.770297833
137,O=C(N1CCC(C(O)=O)CC1)OCC2=CC=CC=C2,C1([Se][Se]C2=CC=CC=C2)=CC=CC=C1,NC(C1=CN(CC2=CC=C(C(F)(F)F)C=C2)C=CC1)=O,[H]C(N(C)C)=O,O=C(N1CCC([Se]C2=CC=CC=C2)CC1)OCC3=CC=CC=C3,0.86214433
138,O=C(OCC1=CC=CC=C1)[C@H](NC(OC(C)(C)C)=O)CC(O)=O,C1([Se][Se]C2=CC=CC=C2)=CC=CC=C1,NC(C1=CN(CC2=CC=C(OC)C=C2)C=CC1)=O,[H]C(N(C)C)=O,O=C(OCC1=CC=CC=C1)[C@H](NC(OC(C)(C)C)=O)C[Se]C2=CC=CC=C2,0.85502
139,CC(C1=CC=C2C=C(OC)C=CC2=C1)C(O)=O,C1([Se][Se]C2=CC=CC=C2)=CC=CC=C1,NC(C1=CN(CC2=CC=CC=C2)C=C(C(N)=O)C1C3=CC=CC=C3)=O,[H]C(N(C)C)=O,CC(C1=CC=C2C=C(OC)C=CC2=C1)[Se]C3=CC=CC=C3,0.31871125
140,O=C(C1(C2=CC=CC=C2)CC1)O,C1([Se][Se]C2=CC=CC=C2)=CC=CC=C1,NC(C1=CN(CC2=CC=CC=C2)C=C(C(N)=O)C1)=O,[H]C(N(C)C)=O,C1(C2([Se]C3=CC=CC=C3)CC2)=CC=CC=C1,0
141,CC1=CC=C(S(N2CCC(C(O)=O)CC2)(=O)=O)C=C1,C1([Se][Se]C2=CC=CC=C2)=CC=CC=C1,NC(C1=CN(CC2=CC=C(OC)C=C2)C=CC1)=O,CC#N,CC1=CC=C(S(N2CCC([Se]C3=CC=CC=C3)CC2)(=O)=O)C=C1,0.99
142,O=C1C2=CC(CC(O)=O)=CC=C2OCC3=CC=CC=C13,C1([Se][Se]C2=CC=CC=C2)=CC=CC=C1,NC(C1=CN(CC2=CC=CC=C2)C=CC1)=O,CC#N,O=C1C2=CC(C[Se]C3=CC=CC=C3)=CC=C2OCC4=CC=CC=C14,0.5782263
143,CC(N1C(C2=CC=C(Cl)C=C2)=O)=C(CC(O)=O)C3=C1C=CC(OC)=C3,C1([Se][Se]C2=CC=CC=C2)=CC=CC=C1,NC(C1=CN(CC2=CC=CC=C2)C=CC1)=O,CC#N,CC(N1C(C2=CC=C(Cl)C=C2)=O)=C(C[Se]C3=CC=CC=C3)C4=C1C=CC(OC)=C4,0.53565065
144,CC1=CC=C(CC(O)=O)C=C1,C1([Se][Se]C2=CC=CC=C2)=CC=CC=C1,NC(C1=CN(CC2=CC=CC=C2)C=CC1)=O,CC#N,CC1=CC=C(C[Se]C2=CC=CC=C2)C=C1,0.1424551
145,COC1=CC=C(CC(O)=O)C=C1,C1([Se][Se]C2=CC=CC=C2)=CC=CC=C1,NC(C1=CN(CC2=CC=CC=C2)C=CC1)=O,CC#N,COC1=CC=C(C[Se]C2=CC=CC=C2)C=C1,0.19827525
146,CC1=C(CC(O)=O)C=CC=C1,C1([Se][Se]C2=CC=CC=C2)=CC=CC=C1,NC(C1=CN(CC2=CC=CC=C2)C=CC1)=O,CC#N,CC1=C(C[Se]C2=CC=CC=C2)C=CC=C1,0.2062996
147,CC1=C(CC(O)=O)C=CC=C1,C1([Se][Se]C2=CC=CC=C2)=CC=CC=C1,NC(C1=CN(CC2=CC=CC=C2)C=C(C(N)=O)C1C3=CC=CC=C3)=O,CC#N,CC1=C(C[Se]C2=CC=CC=C2)C=CC=C1,0
148,O=C(C1CCOCC1)O,C1([Se][Se]C2=CC=CC=C2)=CC=CC=C1,NC(C1=CN(CC2=CC=C(C(F)(F)F)C=C2)C=CC1)=O,CC#N,C1([Se]C2=CC=CC=C2)CCOCC1,0.03
149,O=C(N1CCC(C(O)=O)CC1)OCC2=CC=CC=C2,C1([Se][Se]C2=CC=CC=C2)=CC=CC=C1,NC(C1=CN(CC2=CC=C(OC)C=C2)C=CC1)=O,CC#N,O=C(N1CCC([Se]C2=CC=CC=C2)CC1)OCC3=CC=CC=C3,0.680556
150,O=C(N1CCC(C(O)=O)CC1)OCC2=CC=CC=C2,C1([Se][Se]C2=CC=CC=C2)=CC=CC=C1,NC(C1=CN(CC2=CC=CC=C2)C=C(C(N)=O)C1C3=CC=CC=C3)=O,CC#N,O=C(N1CCC([Se]C2=CC=CC=C2)CC1)OCC3=CC=CC=C3,0.070848
151,O=C(C1CCC1)O,C1([Se][Se]C2=CC=CC=C2)=CC=CC=C1,NC(C1=CN(CC2=CC=CC=C2)C=C(C(N)=O)C1C3=CC=CC=C3)=O,CC#N,C1([Se]C2=CC=CC=C2)CCC1,0.0076212
152,O=C(C1(C2=CC=CC=C2)CC1)O,C1([Se][Se]C2=CC=CC=C2)=CC=CC=C1,NC(C1=CN(CC2=CC=C(C(F)(F)F)C=C2)C=CC1)=O,CC#N,C1(C2([Se]C3=CC=CC=C3)CC2)=CC=CC=C1,0.2333426
153,O=C(C1(C2=CC=CC=C2)CC1)O,C1([Se][Se]C2=CC=CC=C2)=CC=CC=C1,NC(C1=CN(CC2=CC=CC=C2)C=C(C(N)=O)C1)=O,CC#N,C1(C2([Se]C3=CC=CC=C3)CC2)=CC=CC=C1,0.0870504
154,CC(N(C(C1=C2C=CC=C1)=O)C2=O)C(O)=O,C1(C[Se][Se]CC2=CC=CC=C2)=CC=CC=C1,NC(C1=CN(CC2=CC=CC=C2)C=CC1)=O,CS(C)=O,CC(N(C(C1=C2C=CC=C1)=O)C2=O)[Se]CC3=CC=CC=C3,0.258731
155,CC(N(C(C1=C2C=CC=C1)=O)C2=O)C(O)=O,C1(C[Se][Se]CC2=CC=CC=C2)=CC=CC=C1,NC(C1=CN(CC2=CC=C(OC)C=C2)C=CC1)=O,CS(C)=O,CC(N(C(C1=C2C=CC=C1)=O)C2=O)[Se]CC3=CC=CC=C3,0.3265585
156,CC(N(C(C1=C2C=CC=C1)=O)C2=O)C(O)=O,C1(C[Se][Se]CC2=CC=CC=C2)=CC=CC=C1,NC(C1=CN(CC2=CC=CC=C2)C=C(C(N)=O)C1C3=CC=CC=C3)=O,CS(C)=O,CC(N(C(C1=C2C=CC=C1)=O)C2=O)[Se]CC3=CC=CC=C3,0.16116375
157,CC1=CC=C(S(N2CCC(C(O)=O)CC2)(=O)=O)C=C1,C1(C[Se][Se]CC2=CC=CC=C2)=CC=CC=C1,NC(C1=CN(CC2=CC=C(C(F)(F)F)C=C2)C=CC1)=O,CS(C)=O,CC1=CC=C(S(N2CCC([Se]CC3=CC=CC=C3)CC2)(=O)=O)C=C1,0.08914
158,O=C1C2=CC(CC(O)=O)=CC=C2OCC3=CC=CC=C13,C1(C[Se][Se]CC2=CC=CC=C2)=CC=CC=C1,NC(C1=CN(CC2=CC=CC=C2)C=CC1)=O,CS(C)=O,O=C1C2=CC(C[Se]CC3=CC=CC=C3)=CC=C2OCC4=CC=CC=C14,0.2796864
159,CC(C1=CC=C(CC2C(CCC2)=O)C=C1)C(O)=O,C1(C[Se][Se]CC2=CC=CC=C2)=CC=CC=C1,NC(C1=CN(CC2=CC=CC=C2)C=C(C(N)=O)C1)=O,CS(C)=O,CC(C1=CC=C(CC2C(CCC2)=O)C=C1)[Se]CC3=CC=CC=C3,0.0083612
160,CC(C1=CC=C(CC2C(CCC2)=O)C=C1)C(O)=O,C1(C[Se][Se]CC2=CC=CC=C2)=CC=CC=C1,NC(C1=CN(CC2=CC=CC=C2)C=C(C(N)=O)C1C3=CC=CC=C3)=O,CS(C)=O,CC(C1=CC=C(CC2C(CCC2)=O)C=C1)[Se]CC3=CC=CC=C3,0
161,CC(N(C(C1=C2C=CC=C1)=O)C2=O)C(O)=O,C1(C[Se][Se]CC2=CC=CC=C2)=CC=CC=C1,NC(C1=CN(CC2=CC=C(OC)C=C2)C=CC1)=O,[H]C(N(C)C)=O,CC(N(C(C1=C2C=CC=C1)=O)C2=O)[Se]CC3=CC=CC=C3,0.23629575
162,CC(N(C(C1=C2C=CC=C1)=O)C2=O)C(O)=O,C1(C[Se][Se]CC2=CC=CC=C2)=CC=CC=C1,NC(C1=CN(CC2=CC=C(C(F)(F)F)C=C2)C=CC1)=O,[H]C(N(C)C)=O,CC(N(C(C1=C2C=CC=C1)=O)C2=O)[Se]CC3=CC=CC=C3,0.14029375
163,CC(N(C(C1=C2C=CC=C1)=O)C2=O)C(O)=O,C1(C[Se][Se]CC2=CC=CC=C2)=CC=CC=C1,NC(C1=CN(CC2=CC=CC=C2)C=C(C(N)=O)C1)=O,[H]C(N(C)C)=O,CC(N(C(C1=C2C=CC=C1)=O)C2=O)[Se]CC3=CC=CC=C3,0.098032
164,O=C(CCCC1=CNC2=C1C=CC=C2)O,C1(C[Se][Se]CC2=CC=CC=C2)=CC=CC=C1,NC(C1=CN(CC2=CC=CC=C2)C=C(C(N)=O)C1C3=CC=CC=C3)=O,[H]C(N(C)C)=O,C1(CCC[Se]CC2=CC=CC=C2)=CNC3=C1C=CC=C3,0.0239199
165,CC1=CC=C(S(N2CCC(C(O)=O)CC2)(=O)=O)C=C1,C1(C[Se][Se]CC2=CC=CC=C2)=CC=CC=C1,NC(C1=CN(CC2=CC=CC=C2)C=CC1)=O,[H]C(N(C)C)=O,CC1=CC=C(S(N2CCC([Se]CC3=CC=CC=C3)CC2)(=O)=O)C=C1,0.11873
166,CC1=CC=C(S(N2CCC(C(O)=O)CC2)(=O)=O)C=C1,C1(C[Se][Se]CC2=CC=CC=C2)=CC=CC=C1,NC(C1=CN(CC2=CC=CC=C2)C=C(C(N)=O)C1)=O,[H]C(N(C)C)=O,CC1=CC=C(S(N2CCC([Se]CC3=CC=CC=C3)CC2)(=O)=O)C=C1,0.0421288
167,CC(C1=CC=C(CC2C(CCC2)=O)C=C1)C(O)=O,C1(C[Se][Se]CC2=CC=CC=C2)=CC=CC=C1,NC(C1=CN(CC2=CC=C(C(F)(F)F)C=C2)C=CC1)=O,[H]C(N(C)C)=O,CC(C1=CC=C(CC2C(CCC2)=O)C=C1)[Se]CC3=CC=CC=C3,0
168,CC1=CC=C(S(N2CCC(C(O)=O)CC2)(=O)=O)C=C1,C1(C[Se][Se]CC2=CC=CC=C2)=CC=CC=C1,NC(C1=CN(CC2=CC=CC=C2)C=C(C(N)=O)C1C3=CC=CC=C3)=O,CC#N,CC1=CC=C(S(N2CCC([Se]CC3=CC=CC=C3)CC2)(=O)=O)C=C1,0
169,CC(C1=CC=C(CC2C(CCC2)=O)C=C1)C(O)=O,C1(C[Se][Se]CC2=CC=CC=C2)=CC=CC=C1,NC(C1=CN(CC2=CC=CC=C2)C=C(C(N)=O)C1)=O,CC#N,CC(C1=CC=C(CC2C(CCC2)=O)C=C1)[Se]CC3=CC=CC=C3,0.012167
170,CC(N1C(C2=CC=C(Cl)C=C2)=O)=C(CC(O)=O)C3=C1C=CC(OC)=C3,C1(C[Se][Se]CC2=CC=CC=C2)=CC=CC=C1,NC(C1=CN(CC2=CC=C(C(F)(F)F)C=C2)C=CC1)=O,CC#N,CC(N1C(C2=CC=C(Cl)C=C2)=O)=C(C[Se]CC3=CC=CC=C3)C4=C1C=CC(OC)=C4,0
171,CC(N1C(C2=CC=C(Cl)C=C2)=O)=C(CC(O)=O)C3=C1C=CC(OC)=C3,C1(C[Se][Se]CC2=CC=CC=C2)=CC=CC=C1,NC(C1=CN(CC2=CC=CC=C2)C=C(C(N)=O)C1)=O,CC#N,CC(N1C(C2=CC=C(Cl)C=C2)=O)=C(C[Se]CC3=CC=CC=C3)C4=C1C=CC(OC)=C4,0
172,O=C(C1CCCCC1)O,C1(C[Se][Se]CC2=CC=CC=C2)=CC=CC=C1,NC(C1=CN(CC2=CC=C(C(F)(F)F)C=C2)C=CC1)=O,CS(C)=O,C1([Se]CC2=CC=CC=C2)CCCCC1,0.0314784
173,O=C(N1CCC(C(O)=O)CC1)OCC2=CC=CC=C2,C1(C[Se][Se]CC2=CC=CC=C2)=CC=CC=C1,NC(C1=CN(CC2=CC=C(C(F)(F)F)C=C2)C=CC1)=O,CS(C)=O,O=C(N1CCC([Se]CC2=CC=CC=C2)CC1)OCC3=CC=CC=C3,0.048279
174,O=C(OCC1=CC=CC=C1)[C@H](NC(OC(C)(C)C)=O)CC(O)=O,C1(C[Se][Se]CC2=CC=CC=C2)=CC=CC=C1,NC(C1=CN(CC2=CC=CC=C2)C=CC1)=O,CS(C)=O,O=C(OCC1=CC=CC=C1)[C@H](NC(OC(C)(C)C)=O)C[Se]CC2=CC=CC=C2,0.044813
175,O=C(OCC1=CC=CC=C1)[C@H](NC(OC(C)(C)C)=O)CC(O)=O,C1(C[Se][Se]CC2=CC=CC=C2)=CC=CC=C1,NC(C1=CN(CC2=CC=CC=C2)C=C(C(N)=O)C1C3=CC=CC=C3)=O,CS(C)=O,O=C(OCC1=CC=CC=C1)[C@H](NC(OC(C)(C)C)=O)C[Se]CC2=CC=CC=C2,0.0081975
176,O=C(C1CCC1)O,C1(C[Se][Se]CC2=CC=CC=C2)=CC=CC=C1,NC(C1=CN(CC2=CC=C(C(F)(F)F)C=C2)C=CC1)=O,CS(C)=O,C1([Se]CC2=CC=CC=C2)CCC1,0.0475206
177,O=C(C1CCC1)O,C1(C[Se][Se]CC2=CC=CC=C2)=CC=CC=C1,NC(C1=CN(CC2=CC=CC=C2)C=C(C(N)=O)C1)=O,CS(C)=O,C1([Se]CC2=CC=CC=C2)CCC1,0.01188665
178,CC(C1=CC=C2C=C(OC)C=CC2=C1)C(O)=O,C1(C[Se][Se]CC2=CC=CC=C2)=CC=CC=C1,NC(C1=CN(CC2=CC=CC=C2)C=CC1)=O,CS(C)=O,CC(C1=CC=C2C=C(OC)C=CC2=C1)[Se]CC3=CC=CC=C3,0.0466375
179,O=C(N1CCC(C(O)=O)CC1)OCC2=CC=CC=C2,C1(C[Se][Se]CC2=CC=CC=C2)=CC=CC=C1,NC(C1=CN(CC2=CC=CC=C2)C=CC1)=O,[H]C(N(C)C)=O,O=C(N1CCC([Se]CC2=CC=CC=C2)CC1)OCC3=CC=CC=C3,0.0495984
180,O=C(N1CCC(C(O)=O)CC1)OCC2=CC=CC=C2,C1(C[Se][Se]CC2=CC=CC=C2)=CC=CC=C1,NC(C1=CN(CC2=CC=C(OC)C=C2)C=CC1)=O,[H]C(N(C)C)=O,O=C(N1CCC([Se]CC2=CC=CC=C2)CC1)OCC3=CC=CC=C3,0.0654312
181,O=C(N1CCC(C(O)=O)CC1)OCC2=CC=CC=C2,C1(C[Se][Se]CC2=CC=CC=C2)=CC=CC=C1,NC(C1=CN(CC2=CC=CC=C2)C=C(C(N)=O)C1)=O,[H]C(N(C)C)=O,O=C(N1CCC([Se]CC2=CC=CC=C2)CC1)OCC3=CC=CC=C3,0.015294
182,O=C(N1CCC(C(O)=O)CC1)OCC2=CC=CC=C2,C1(C[Se][Se]CC2=CC=CC=C2)=CC=CC=C1,NC(C1=CN(CC2=CC=CC=C2)C=C(C(N)=O)C1C3=CC=CC=C3)=O,[H]C(N(C)C)=O,O=C(N1CCC([Se]CC2=CC=CC=C2)CC1)OCC3=CC=CC=C3,0.0159537
183,O=C(C1CCC1)O,C1(C[Se][Se]CC2=CC=CC=C2)=CC=CC=C1,NC(C1=CN(CC2=CC=CC=C2)C=CC1)=O,[H]C(N(C)C)=O,C1([Se]CC2=CC=CC=C2)CCC1,0.02159084
184,O=C(C1CCC1)O,C1(C[Se][Se]CC2=CC=CC=C2)=CC=CC=C1,NC(C1=CN(CC2=CC=CC=C2)C=C(C(N)=O)C1C3=CC=CC=C3)=O,[H]C(N(C)C)=O,C1([Se]CC2=CC=CC=C2)CCC1,0
185,O=C(N1CCC(C(O)=O)CC1)OCC2=CC=CC=C2,C1(C[Se][Se]CC2=CC=CC=C2)=CC=CC=C1,NC(C1=CN(CC2=CC=C(OC)C=C2)C=CC1)=O,CC#N,O=C(N1CCC([Se]CC2=CC=CC=C2)CC1)OCC3=CC=CC=C3,0.0251895
186,O=C(N1CCC(C(O)=O)CC1)OCC2=CC=CC=C2,C1(C[Se][Se]CC2=CC=CC=C2)=CC=CC=C1,NC(C1=CN(CC2=CC=C(C(F)(F)F)C=C2)C=CC1)=O,CC#N,O=C(N1CCC([Se]CC2=CC=CC=C2)CC1)OCC3=CC=CC=C3,0.0100164
187,O=C(OCC1=CC=CC=C1)[C@H](NC(OC(C)(C)C)=O)CC(O)=O,C1(C[Se][Se]CC2=CC=CC=C2)=CC=CC=C1,NC(C1=CN(CC2=CC=C(C(F)(F)F)C=C2)C=CC1)=O,CC#N,O=C(OCC1=CC=CC=C1)[C@H](NC(OC(C)(C)C)=O)C[Se]CC2=CC=CC=C2,0.04401015
188,O=C(OCC1=CC=CC=C1)[C@H](NC(OC(C)(C)C)=O)CC(O)=O,C1(C[Se][Se]CC2=CC=CC=C2)=CC=CC=C1,NC(C1=CN(CC2=CC=CC=C2)C=C(C(N)=O)C1)=O,CC#N,O=C(OCC1=CC=CC=C1)[C@H](NC(OC(C)(C)C)=O)C[Se]CC2=CC=CC=C2,0
189,CC(N(C(C1=C2C=CC=C1)=O)C2=O)C(O)=O,CC[Se][Se]CC,NC(C1=CN(CC2=CC=CC=C2)C=CC1)=O,CS(C)=O,CC(N(C(C1=C2C=CC=C1)=O)C2=O)[Se]CC,0
190,CC(C1=CC=C(CC2C(CCC2)=O)C=C1)C(O)=O,CC[Se][Se]CC,NC(C1=CN(CC2=CC=CC=C2)C=CC1)=O,CS(C)=O,CC(C1=CC=C(CC2C(CCC2)=O)C=C1)[Se]CC,0.2620255
191,CC(C1=CC=C(CC2C(CCC2)=O)C=C1)C(O)=O,CC[Se][Se]CC,NC(C1=CN(CC2=CC=C(OC)C=C2)C=CC1)=O,CS(C)=O,CC(C1=CC=C(CC2C(CCC2)=O)C=C1)[Se]CC,0.2919955
192,CC(N1C(C2=CC=C(Cl)C=C2)=O)=C(CC(O)=O)C3=C1C=CC(OC)=C3,CC[Se][Se]CC,NC(C1=CN(CC2=CC=C(OC)C=C2)C=CC1)=O,CS(C)=O,CC(N1C(C2=CC=C(Cl)C=C2)=O)=C(C[Se]CC)C3=C1C=CC(OC)=C3,0.1811928
193,CC(N1C(C2=CC=C(Cl)C=C2)=O)=C(CC(O)=O)C3=C1C=CC(OC)=C3,CC[Se][Se]CC,NC(C1=CN(CC2=CC=CC=C2)C=C(C(N)=O)C1)=O,CS(C)=O,CC(N1C(C2=CC=C(Cl)C=C2)=O)=C(C[Se]CC)C3=C1C=CC(OC)=C3,0.16243805
194,O=C1C2=CC(CC(O)=O)=CC=C2OCC3=CC=CC=C13,CC[Se][Se]CC,NC(C1=CN(CC2=CC=CC=C2)C=CC1)=O,[H]C(N(C)C)=O,O=C1C2=CC(C[Se]CC)=CC=C2OCC3=CC=CC=C13,0
195,O=C1C2=CC(CC(O)=O)=CC=C2OCC3=CC=CC=C13,CC[Se][Se]CC,NC(C1=CN(CC2=CC=CC=C2)C=C(C(N)=O)C1)=O,[H]C(N(C)C)=O,O=C1C2=CC(C[Se]CC)=CC=C2OCC3=CC=CC=C13,0
196,CC(C1=CC=C(CC2C(CCC2)=O)C=C1)C(O)=O,CC[Se][Se]CC,NC(C1=CN(CC2=CC=CC=C2)C=CC1)=O,[H]C(N(C)C)=O,CC(C1=CC=C(CC2C(CCC2)=O)C=C1)[Se]CC,0.131822
197,CC(C1=CC=C(CC2C(CCC2)=O)C=C1)C(O)=O,CC[Se][Se]CC,NC(C1=CN(CC2=CC=CC=C2)C=C(C(N)=O)C1)=O,[H]C(N(C)C)=O,CC(C1=CC=C(CC2C(CCC2)=O)C=C1)[Se]CC,0.133654
198,CC(N(C(C1=C2C=CC=C1)=O)C2=O)C(O)=O,CC[Se][Se]CC,NC(C1=CN(CC2=CC=C(OC)C=C2)C=CC1)=O,CC#N,CC(N(C(C1=C2C=CC=C1)=O)C2=O)[Se]CC,0
199,CC1=CC=C(S(N2CCC(C(O)=O)CC2)(=O)=O)C=C1,CC[Se][Se]CC,NC(C1=CN(CC2=CC=C(OC)C=C2)C=CC1)=O,CC#N,CC1=CC=C(S(N2CCC([Se]CC)CC2)(=O)=O)C=C1,0.0082048
200,O=C1C2=CC(CC(O)=O)=CC=C2OCC3=CC=CC=C13,CC[Se][Se]CC,NC(C1=CN(CC2=CC=CC=C2)C=CC1)=O,CC#N,O=C1C2=CC(C[Se]CC)=CC=C2OCC3=CC=CC=C13,0
201,CC1=CC=C(CC(O)=O)C=C1,CC[Se][Se]CC,NC(C1=CN(CC2=CC=CC=C2)C=CC1)=O,CS(C)=O,CC1=CC=C(C[Se]CC)C=C1,0.1182736
202,CC1=CC=C(CC(O)=O)C=C1,CC[Se][Se]CC,NC(C1=CN(CC2=CC=CC=C2)C=C(C(N)=O)C1C3=CC=CC=C3)=O,CS(C)=O,CC1=CC=C(C[Se]CC)C=C1,0.0170032
203,COC1=CC=C(CC(O)=O)C=C1,CC[Se][Se]CC,NC(C1=CN(CC2=CC=C(OC)C=C2)C=CC1)=O,CS(C)=O,COC1=CC=C(C[Se]CC)C=C1,0.318536
204,CC1=C(CC(O)=O)C=CC=C1,CC[Se][Se]CC,NC(C1=CN(CC2=CC=CC=C2)C=C(C(N)=O)C1)=O,CS(C)=O,CC1=C(C[Se]CC)C=CC=C1,0.22
205,O=C(CC1=CNC2=C1C=CC=C2)O,CC[Se][Se]CC,NC(C1=CN(CC2=CC=CC=C2)C=C(C(N)=O)C1C3=CC=CC=C3)=O,CS(C)=O,CC[Se]CC1=CNC2=C1C=CC=C2,0.1940152
206,CC1=CC=C(CC(O)=O)C=C1,CC[Se][Se]CC,NC(C1=CN(CC2=CC=CC=C2)C=CC1)=O,[H]C(N(C)C)=O,CC1=CC=C(C[Se]CC)C=C1,0.0525136
207,COC1=CC=C(CC(O)=O)C=C1,CC[Se][Se]CC,NC(C1=CN(CC2=CC=C(OC)C=C2)C=CC1)=O,[H]C(N(C)C)=O,COC1=CC=C(C[Se]CC)C=C1,0.059588
208,COC1=CC=C(CC(O)=O)C=C1,CC[Se][Se]CC,NC(C1=CN(CC2=CC=C(C(F)(F)F)C=C2)C=CC1)=O,[H]C(N(C)C)=O,COC1=CC=C(C[Se]CC)C=C1,0.069056
209,O=C(CC1=CNC2=C1C=CC=C2)O,CC[Se][Se]CC,NC(C1=CN(CC2=CC=CC=C2)C=CC1)=O,[H]C(N(C)C)=O,CC[Se]CC1=CNC2=C1C=CC=C2,0.014725
210,CC1=CC=C(CC(O)=O)C=C1,CC[Se][Se]CC,NC(C1=CN(CC2=CC=CC=C2)C=C(C(N)=O)C1)=O,CC#N,CC1=CC=C(C[Se]CC)C=C1,0
211,CC1=CC=C(CC(O)=O)C=C1,CC[Se][Se]CC,NC(C1=CN(CC2=CC=CC=C2)C=C(C(N)=O)C1C3=CC=CC=C3)=O,CC#N,CC1=CC=C(C[Se]CC)C=C1,0
212,CC1=C(CC(O)=O)C=CC=C1,CC[Se][Se]CC,NC(C1=CN(CC2=CC=C(C(F)(F)F)C=C2)C=CC1)=O,CC#N,CC1=C(C[Se]CC)C=CC=C1,0.06125
213,CC(C1=CC=C(CC2C(CCC2)=O)C=C1)C(O)=O,C1([Se][Se]C2=CC=CC=C2)=CC=CC=C1,NC(C1=CN(CC2=CC=CC=C2)C=C(C(N)=O)C1)=O,CS(C)=O,CC(C1=CC=C(CC2C(CCC2)=O)C=C1)[Se]C3=CC=CC=C3,0.592784783
214,CC(C1=CC=C(CC2C(CCC2)=O)C=C1)C(O)=O,C1([Se][Se]C2=CC=CC=C2)=CC=CC=C1,NC(C1=CN(CC2=CC=CC=C2)C=C(C(N)=O)C1C3=CC=CC=C3)=O,CS(C)=O,CC(C1=CC=C(CC2C(CCC2)=O)C=C1)[Se]C3=CC=CC=C3,0.37
215,CC(N1C(C2=CC=C(Cl)C=C2)=O)=C(CC(O)=O)C3=C1C=CC(OC)=C3,C1([Se][Se]C2=CC=CC=C2)=CC=CC=C1,NC(C1=CN(CC2=CC=C(OC)C=C2)C=CC1)=O,CS(C)=O,CC(N1C(C2=CC=C(Cl)C=C2)=O)=C(C[Se]C3=CC=CC=C3)C4=C1C=CC(OC)=C4,0.643429533
216,CC(N1C(C2=CC=C(Cl)C=C2)=O)=C(CC(O)=O)C3=C1C=CC(OC)=C3,C1([Se][Se]C2=CC=CC=C2)=CC=CC=C1,NC(C1=CN(CC2=CC=CC=C2)C=C(C(N)=O)C1C3=CC=CC=C3)=O,CS(C)=O,CC(N1C(C2=CC=C(Cl)C=C2)=O)=C(C[Se]C3=CC=CC=C3)C4=C1C=CC(OC)=C4,0.394748067
217,CC1=CC=C(CC(O)=O)C=C1,C1([Se][Se]C2=CC=CC=C2)=CC=CC=C1,NC(C1=CN(CC2=CC=CC=C2)C=C(C(N)=O)C1)=O,CS(C)=O,CC1=CC=C(C[Se]C2=CC=CC=C2)C=C1,0.783245667
218,O=C(CCCC1=CNC2=C1C=CC=C2)O,C1([Se][Se]C2=CC=CC=C2)=CC=CC=C1,NC(C1=CN(CC2=CC=CC=C2)C=CC1)=O,CS(C)=O,C1(CCC[Se]C2=CC=CC=C2)=CNC3=C1C=CC=C3,0.797100463
219,O=C(CCC1=CC=CC=C1)O,C1([Se][Se]C2=CC=CC=C2)=CC=CC=C1,NC(C1=CN(CC2=CC=C(C(F)(F)F)C=C2)C=CC1)=O,CS(C)=O,C1(CC[Se]C2=CC=CC=C2)=CC=CC=C1,0.8891
220,FC1(F)CCC(C(O)=O)CC1,C1([Se][Se]C2=CC=CC=C2)=CC=CC=C1,NC(C1=CN(CC2=CC=CC=C2)C=C(C(N)=O)C1C3=CC=CC=C3)=O,CS(C)=O,FC1(F)CCC([Se]C2=CC=CC=C2)CC1,0.180564
221,O=C1C2=CC(CC(O)=O)=CC=C2OCC3=CC=CC=C13,C1([Se][Se]C2=CC=CC=C2)=CC=CC=C1,NC(C1=CN(CC2=CC=CC=C2)C=C(C(N)=O)C1C3=CC=CC=C3)=O,CS(C)=O,O=C1C2=CC(C[Se]C3=CC=CC=C3)=CC=C2OCC4=CC=CC=C14,0.624032383
222,O=C(C1CCOCC1)O,C1([Se][Se]C2=CC=CC=C2)=CC=CC=C1,NC(C1=CN(CC2=CC=C(OC)C=C2)C=CC1)=O,CS(C)=O,C1([Se]C2=CC=CC=C2)CCOCC1,0.837362
223,O=C(C1CCOCC1)O,C1([Se][Se]C2=CC=CC=C2)=CC=CC=C1,NC(C1=CN(CC2=CC=CC=C2)C=C(C(N)=O)C1C3=CC=CC=C3)=O,CS(C)=O,C1([Se]C2=CC=CC=C2)CCOCC1,0.495
224,O=C(N1CCC(C(O)=O)CC1)OCC2=CC=CC=C2,C1([Se][Se]C2=CC=CC=C2)=CC=CC=C1,NC(C1=CN(CC2=CC=C(C(F)(F)F)C=C2)C=CC1)=O,CS(C)=O,O=C(N1CCC([Se]C2=CC=CC=C2)CC1)OCC3=CC=CC=C3,0.90021578
225,CC(C1=CC=C2C=C(OC)C=CC2=C1)C(O)=O,C1([Se][Se]C2=CC=CC=C2)=CC=CC=C1,NC(C1=CN(CC2=CC=CC=C2)C=CC1)=O,CS(C)=O,CC(C1=CC=C2C=C(OC)C=CC2=C1)[Se]C3=CC=CC=C3,0.64247285
226,O=C1C2=CC(CC(O)=O)=CC=C2OCC3=CC=CC=C13,C1([Se][Se]C2=CC=CC=C2)=CC=CC=C1,NC(C1=CN(CC2=CC=CC=C2)C=C(C(N)=O)C1)=O,[H]C(N(C)C)=O,O=C1C2=CC(C[Se]C3=CC=CC=C3)=CC=C2OCC4=CC=CC=C14,0.57680685
227,CC(N1C(C2=CC=C(Cl)C=C2)=O)=C(CC(O)=O)C3=C1C=CC(OC)=C3,C1([Se][Se]C2=CC=CC=C2)=CC=CC=C1,NC(C1=CN(CC2=CC=CC=C2)C=CC1)=O,[H]C(N(C)C)=O,CC(N1C(C2=CC=C(Cl)C=C2)=O)=C(C[Se]C3=CC=CC=C3)C4=C1C=CC(OC)=C4,0.6489722
228,CC(N1C(C2=CC=C(Cl)C=C2)=O)=C(CC(O)=O)C3=C1C=CC(OC)=C3,C1([Se][Se]C2=CC=CC=C2)=CC=CC=C1,NC(C1=CN(CC2=CC=C(OC)C=C2)C=CC1)=O,[H]C(N(C)C)=O,CC(N1C(C2=CC=C(Cl)C=C2)=O)=C(C[Se]C3=CC=CC=C3)C4=C1C=CC(OC)=C4,0.6595684
229,CC(N1C(C2=CC=C(Cl)C=C2)=O)=C(CC(O)=O)C3=C1C=CC(OC)=C3,C1([Se][Se]C2=CC=CC=C2)=CC=CC=C1,NC(C1=CN(CC2=CC=C(C(F)(F)F)C=C2)C=CC1)=O,[H]C(N(C)C)=O,CC(N1C(C2=CC=C(Cl)C=C2)=O)=C(C[Se]C3=CC=CC=C3)C4=C1C=CC(OC)=C4,0.7034813
230,BrC1=CC=C(CC(O)=O)C=C1,C1([Se][Se]C2=CC=CC=C2)=CC=CC=C1,NC(C1=CN(CC2=CC=C(C(F)(F)F)C=C2)C=CC1)=O,[H]C(N(C)C)=O,BrC1=CC=C(C[Se]C2=CC=CC=C2)C=C1,0.4182645
231,COC1=CC=C(CC(O)=O)C=C1,C1([Se][Se]C2=CC=CC=C2)=CC=CC=C1,NC(C1=CN(CC2=CC=CC=C2)C=CC1)=O,[H]C(N(C)C)=O,COC1=CC=C(C[Se]C2=CC=CC=C2)C=C1,0.69914955
232,O=C(N1CCC(C(O)=O)CC1)OCC2=CC=CC=C2,C1([Se][Se]C2=CC=CC=C2)=CC=CC=C1,NC(C1=CN(CC2=CC=CC=C2)C=C(C(N)=O)C1)=O,[H]C(N(C)C)=O,O=C(N1CCC([Se]C2=CC=CC=C2)CC1)OCC3=CC=CC=C3,0.795324742
233,O=C(C1CCC1)O,C1([Se][Se]C2=CC=CC=C2)=CC=CC=C1,NC(C1=CN(CC2=CC=CC=C2)C=C(C(N)=O)C1)=O,[H]C(N(C)C)=O,C1([Se]C2=CC=CC=C2)CCC1,0.5950568
234,O=C(C1(C2=CC=CC=C2)CC1)O,C1([Se][Se]C2=CC=CC=C2)=CC=CC=C1,NC(C1=CN(CC2=CC=CC=C2)C=C(C(N)=O)C1C3=CC=CC=C3)=O,[H]C(N(C)C)=O,C1(C2([Se]C3=CC=CC=C3)CC2)=CC=CC=C1,0
235,O=C(CCCC1=CNC2=C1C=CC=C2)O,C1([Se][Se]C2=CC=CC=C2)=CC=CC=C1,NC(C1=CN(CC2=CC=CC=C2)C=C(C(N)=O)C1C3=CC=CC=C3)=O,CC#N,C1(CCC[Se]C2=CC=CC=C2)=CNC3=C1C=CC=C3,0.293044
236,O=C(CCC1=CC=CC=C1)O,C1([Se][Se]C2=CC=CC=C2)=CC=CC=C1,NC(C1=CN(CC2=CC=C(C(F)(F)F)C=C2)C=CC1)=O,CC#N,C1(CC[Se]C2=CC=CC=C2)=CC=CC=C1,0.1929002
237,FC1(F)CCC(C(O)=O)CC1,C1([Se][Se]C2=CC=CC=C2)=CC=CC=C1,NC(C1=CN(CC2=CC=CC=C2)C=C(C(N)=O)C1C3=CC=CC=C3)=O,CC#N,FC1(F)CCC([Se]C2=CC=CC=C2)CC1,0.0410295
238,BrC1=CC=C(CC(O)=O)C=C1,C1([Se][Se]C2=CC=CC=C2)=CC=CC=C1,NC(C1=CN(CC2=CC=CC=C2)C=CC1)=O,CC#N,BrC1=CC=C(C[Se]C2=CC=CC=C2)C=C1,0.290879
239,COC1=CC=C(CC(O)=O)C=C1,C1([Se][Se]C2=CC=CC=C2)=CC=CC=C1,NC(C1=CN(CC2=CC=C(C(F)(F)F)C=C2)C=CC1)=O,CC#N,COC1=CC=C(C[Se]C2=CC=CC=C2)C=C1,0.22314135
240,COC1=CC=C(CC(O)=O)C=C1,C1([Se][Se]C2=CC=CC=C2)=CC=CC=C1,NC(C1=CN(CC2=CC=CC=C2)C=C(C(N)=O)C1)=O,CC#N,COC1=CC=C(C[Se]C2=CC=CC=C2)C=C1,0.02720355
241,CC1=C(CC(O)=O)C=CC=C1,C1([Se][Se]C2=CC=CC=C2)=CC=CC=C1,NC(C1=CN(CC2=CC=C(OC)C=C2)C=CC1)=O,CC#N,CC1=C(C[Se]C2=CC=CC=C2)C=CC=C1,0.2865326
242,O=C(C1CCOCC1)O,C1([Se][Se]C2=CC=CC=C2)=CC=CC=C1,NC(C1=CN(CC2=CC=CC=C2)C=C(C(N)=O)C1)=O,CC#N,C1([Se]C2=CC=CC=C2)CCOCC1,0
243,O=C(C1CCOCC1)O,C1([Se][Se]C2=CC=CC=C2)=CC=CC=C1,NC(C1=CN(CC2=CC=CC=C2)C=C(C(N)=O)C1C3=CC=CC=C3)=O,CC#N,C1([Se]C2=CC=CC=C2)CCOCC1,0
244,O=C(OCC1=CC=CC=C1)[C@H](NC(OC(C)(C)C)=O)CC(O)=O,C1([Se][Se]C2=CC=CC=C2)=CC=CC=C1,NC(C1=CN(CC2=CC=C(C(F)(F)F)C=C2)C=CC1)=O,CC#N,O=C(OCC1=CC=CC=C1)[C@H](NC(OC(C)(C)C)=O)C[Se]C2=CC=CC=C2,0.8130792
245,O=C(C1CCC1)O,C1([Se][Se]C2=CC=CC=C2)=CC=CC=C1,NC(C1=CN(CC2=CC=CC=C2)C=C(C(N)=O)C1)=O,CC#N,C1([Se]C2=CC=CC=C2)CCC1,0.1759024
246,CC(C1=CC=C2C=C(OC)C=CC2=C1)C(O)=O,C1([Se][Se]C2=CC=CC=C2)=CC=CC=C1,NC(C1=CN(CC2=CC=C(OC)C=C2)C=CC1)=O,CC#N,CC(C1=CC=C2C=C(OC)C=CC2=C1)[Se]C3=CC=CC=C3,0.2943101
247,CC(C1=CC=C2C=C(OC)C=CC2=C1)C(O)=O,C1([Se][Se]C2=CC=CC=C2)=CC=CC=C1,NC(C1=CN(CC2=CC=CC=C2)C=C(C(N)=O)C1C3=CC=CC=C3)=O,CC#N,CC(C1=CC=C2C=C(OC)C=CC2=C1)[Se]C3=CC=CC=C3,0
248,O=C(CCCC1=CNC2=C1C=CC=C2)O,C1(C[Se][Se]CC2=CC=CC=C2)=CC=CC=C1,NC(C1=CN(CC2=CC=CC=C2)C=C(C(N)=O)C1)=O,CS(C)=O,C1(CCC[Se]CC2=CC=CC=C2)=CNC3=C1C=CC=C3,0.0271484
249,CC1=CC=C(S(N2CCC(C(O)=O)CC2)(=O)=O)C=C1,C1(C[Se][Se]CC2=CC=CC=C2)=CC=CC=C1,NC(C1=CN(CC2=CC=CC=C2)C=C(C(N)=O)C1C3=CC=CC=C3)=O,CS(C)=O,CC1=CC=C(S(N2CCC([Se]CC3=CC=CC=C3)CC2)(=O)=O)C=C1,0.0358984
250,O=C1C2=CC(CC(O)=O)=CC=C2OCC3=CC=CC=C13,C1(C[Se][Se]CC2=CC=CC=C2)=CC=CC=C1,NC(C1=CN(CC2=CC=C(OC)C=C2)C=CC1)=O,CS(C)=O,O=C1C2=CC(C[Se]CC3=CC=CC=C3)=CC=C2OCC4=CC=CC=C14,0.2837872
251,CC(C1=CC=C(CC2C(CCC2)=O)C=C1)C(O)=O,C1(C[Se][Se]CC2=CC=CC=C2)=CC=CC=C1,NC(C1=CN(CC2=CC=CC=C2)C=CC1)=O,CS(C)=O,CC(C1=CC=C(CC2C(CCC2)=O)C=C1)[Se]CC3=CC=CC=C3,0.11
252,CC(N1C(C2=CC=C(Cl)C=C2)=O)=C(CC(O)=O)C3=C1C=CC(OC)=C3,C1(C[Se][Se]CC2=CC=CC=C2)=CC=CC=C1,NC(C1=CN(CC2=CC=CC=C2)C=C(C(N)=O)C1)=O,CS(C)=O,CC(N1C(C2=CC=C(Cl)C=C2)=O)=C(C[Se]CC3=CC=CC=C3)C4=C1C=CC(OC)=C4,0
253,CC(N(C(C1=C2C=CC=C1)=O)C2=O)C(O)=O,C1(C[Se][Se]CC2=CC=CC=C2)=CC=CC=C1,NC(C1=CN(CC2=CC=CC=C2)C=C(C(N)=O)C1C3=CC=CC=C3)=O,[H]C(N(C)C)=O,CC(N(C(C1=C2C=CC=C1)=O)C2=O)[Se]CC3=CC=CC=C3,0.1342775
254,O=C(CCCC1=CNC2=C1C=CC=C2)O,C1(C[Se][Se]CC2=CC=CC=C2)=CC=CC=C1,NC(C1=CN(CC2=CC=CC=C2)C=CC1)=O,[H]C(N(C)C)=O,C1(CCC[Se]CC2=CC=CC=C2)=CNC3=C1C=CC=C3,0.0594334
255,O=C(CCCC1=CNC2=C1C=CC=C2)O,C1(C[Se][Se]CC2=CC=CC=C2)=CC=CC=C1,NC(C1=CN(CC2=CC=CC=C2)C=C(C(N)=O)C1)=O,[H]C(N(C)C)=O,C1(CCC[Se]CC2=CC=CC=C2)=CNC3=C1C=CC=C3,0.0265027
256,CC1=CC=C(S(N2CCC(C(O)=O)CC2)(=O)=O)C=C1,C1(C[Se][Se]CC2=CC=CC=C2)=CC=CC=C1,NC(C1=CN(CC2=CC=CC=C2)C=C(C(N)=O)C1C3=CC=CC=C3)=O,[H]C(N(C)C)=O,CC1=CC=C(S(N2CCC([Se]CC3=CC=CC=C3)CC2)(=O)=O)C=C1,0.0364648
257,CC(N1C(C2=CC=C(Cl)C=C2)=O)=C(CC(O)=O)C3=C1C=CC(OC)=C3,C1(C[Se][Se]CC2=CC=CC=C2)=CC=CC=C1,NC(C1=CN(CC2=CC=CC=C2)C=C(C(N)=O)C1C3=CC=CC=C3)=O,[H]C(N(C)C)=O,CC(N1C(C2=CC=C(Cl)C=C2)=O)=C(C[Se]CC3=CC=CC=C3)C4=C1C=CC(OC)=C4,0.0386538
258,CC(N(C(C1=C2C=CC=C1)=O)C2=O)C(O)=O,C1(C[Se][Se]CC2=CC=CC=C2)=CC=CC=C1,NC(C1=CN(CC2=CC=CC=C2)C=C(C(N)=O)C1)=O,CC#N,CC(N(C(C1=C2C=CC=C1)=O)C2=O)[Se]CC3=CC=CC=C3,0.18986
259,O=C(CCCC1=CNC2=C1C=CC=C2)O,C1(C[Se][Se]CC2=CC=CC=C2)=CC=CC=C1,NC(C1=CN(CC2=CC=CC=C2)C=CC1)=O,CC#N,C1(CCC[Se]CC2=CC=CC=C2)=CNC3=C1C=CC=C3,0.02726095
260,O=C(CCCC1=CNC2=C1C=CC=C2)O,C1(C[Se][Se]CC2=CC=CC=C2)=CC=CC=C1,NC(C1=CN(CC2=CC=CC=C2)C=C(C(N)=O)C1)=O,CC#N,C1(CCC[Se]CC2=CC=CC=C2)=CNC3=C1C=CC=C3,0.1184824
261,O=C(CCCC1=CNC2=C1C=CC=C2)O,C1(C[Se][Se]CC2=CC=CC=C2)=CC=CC=C1,NC(C1=CN(CC2=CC=CC=C2)C=C(C(N)=O)C1C3=CC=CC=C3)=O,CC#N,C1(CCC[Se]CC2=CC=CC=C2)=CNC3=C1C=CC=C3,0.16975285
262,CC1=CC=C(S(N2CCC(C(O)=O)CC2)(=O)=O)C=C1,C1(C[Se][Se]CC2=CC=CC=C2)=CC=CC=C1,NC(C1=CN(CC2=CC=CC=C2)C=CC1)=O,CC#N,CC1=CC=C(S(N2CCC([Se]CC3=CC=CC=C3)CC2)(=O)=O)C=C1,0
263,O=C1C2=CC(CC(O)=O)=CC=C2OCC3=CC=CC=C13,C1(C[Se][Se]CC2=CC=CC=C2)=CC=CC=C1,NC(C1=CN(CC2=CC=CC=C2)C=CC1)=O,CC#N,O=C1C2=CC(C[Se]CC3=CC=CC=C3)=CC=C2OCC4=CC=CC=C14,0.34863685
264,O=C1C2=CC(CC(O)=O)=CC=C2OCC3=CC=CC=C13,C1(C[Se][Se]CC2=CC=CC=C2)=CC=CC=C1,NC(C1=CN(CC2=CC=CC=C2)C=C(C(N)=O)C1C3=CC=CC=C3)=O,CC#N,O=C1C2=CC(C[Se]CC3=CC=CC=C3)=CC=C2OCC4=CC=CC=C14,0.3228335
265,CC(C1=CC=C(CC2C(CCC2)=O)C=C1)C(O)=O,C1(C[Se][Se]CC2=CC=CC=C2)=CC=CC=C1,NC(C1=CN(CC2=CC=CC=C2)C=CC1)=O,CC#N,CC(C1=CC=C(CC2C(CCC2)=O)C=C1)[Se]CC3=CC=CC=C3,0
266,O=C(C1CCCCC1)O,C1(C[Se][Se]CC2=CC=CC=C2)=CC=CC=C1,NC(C1=CN(CC2=CC=CC=C2)C=CC1)=O,CS(C)=O,C1([Se]CC2=CC=CC=C2)CCCCC1,0.0473248
267,O=C(C1CCCCC1)O,C1(C[Se][Se]CC2=CC=CC=C2)=CC=CC=C1,NC(C1=CN(CC2=CC=C(OC)C=C2)C=CC1)=O,CS(C)=O,C1([Se]CC2=CC=CC=C2)CCCCC1,0.0661424
268,O=C(N1CCC(C(O)=O)CC1)OCC2=CC=CC=C2,C1(C[Se][Se]CC2=CC=CC=C2)=CC=CC=C1,NC(C1=CN(CC2=CC=CC=C2)C=CC1)=O,CS(C)=O,O=C(N1CCC([Se]CC2=CC=CC=C2)CC1)OCC3=CC=CC=C3,0.048279
269,O=C(N1CCC(C(O)=O)CC1)OCC2=CC=CC=C2,C1(C[Se][Se]CC2=CC=CC=C2)=CC=CC=C1,NC(C1=CN(CC2=CC=C(OC)C=C2)C=CC1)=O,CS(C)=O,O=C(N1CCC([Se]CC2=CC=CC=C2)CC1)OCC3=CC=CC=C3,0.0786252
270,O=C(OCC1=CC=CC=C1)[C@H](NC(OC(C)(C)C)=O)CC(O)=O,C1(C[Se][Se]CC2=CC=CC=C2)=CC=CC=C1,NC(C1=CN(CC2=CC=CC=C2)C=C(C(N)=O)C1)=O,CS(C)=O,O=C(OCC1=CC=CC=C1)[C@H](NC(OC(C)(C)C)=O)C[Se]CC2=CC=CC=C2,0.0158485
271,O=C(C1CCCCC1)O,C1(C[Se][Se]CC2=CC=CC=C2)=CC=CC=C1,NC(C1=CN(CC2=CC=CC=C2)C=CC1)=O,[H]C(N(C)C)=O,C1([Se]CC2=CC=CC=C2)CCCCC1,0.018108
272,O=C(C1CCCCC1)O,C1(C[Se][Se]CC2=CC=CC=C2)=CC=CC=C1,NC(C1=CN(CC2=CC=C(C(F)(F)F)C=C2)C=CC1)=O,[H]C(N(C)C)=O,C1([Se]CC2=CC=CC=C2)CCCCC1,0.008204
273,O=C(C1CCCCC1)O,C1(C[Se][Se]CC2=CC=CC=C2)=CC=CC=C1,NC(C1=CN(CC2=CC=CC=C2)C=C(C(N)=O)C1)=O,[H]C(N(C)C)=O,C1([Se]CC2=CC=CC=C2)CCCCC1,0
274,O=C(OCC1=CC=CC=C1)[C@H](NC(OC(C)(C)C)=O)CC(O)=O,C1(C[Se][Se]CC2=CC=CC=C2)=CC=CC=C1,NC(C1=CN(CC2=CC=C(C(F)(F)F)C=C2)C=CC1)=O,[H]C(N(C)C)=O,O=C(OCC1=CC=CC=C1)[C@H](NC(OC(C)(C)C)=O)C[Se]CC2=CC=CC=C2,0.02748624
275,O=C(OCC1=CC=CC=C1)[C@H](NC(OC(C)(C)C)=O)CC(O)=O,C1(C[Se][Se]CC2=CC=CC=C2)=CC=CC=C1,NC(C1=CN(CC2=CC=CC=C2)C=C(C(N)=O)C1)=O,[H]C(N(C)C)=O,O=C(OCC1=CC=CC=C1)[C@H](NC(OC(C)(C)C)=O)C[Se]CC2=CC=CC=C2,0.00546445
276,O=C(C1CCC1)O,C1(C[Se][Se]CC2=CC=CC=C2)=CC=CC=C1,NC(C1=CN(CC2=CC=C(C(F)(F)F)C=C2)C=CC1)=O,[H]C(N(C)C)=O,C1([Se]CC2=CC=CC=C2)CCC1,0
277,O=C(C1CCC1)O,C1(C[Se][Se]CC2=CC=CC=C2)=CC=CC=C1,NC(C1=CN(CC2=CC=CC=C2)C=C(C(N)=O)C1)=O,[H]C(N(C)C)=O,C1([Se]CC2=CC=CC=C2)CCC1,0
278,CC(C1=CC=C2C=C(OC)C=CC2=C1)C(O)=O,C1(C[Se][Se]CC2=CC=CC=C2)=CC=CC=C1,NC(C1=CN(CC2=CC=CC=C2)C=CC1)=O,[H]C(N(C)C)=O,CC(C1=CC=C2C=C(OC)C=CC2=C1)[Se]CC3=CC=CC=C3,0.05572
279,CC(C1=CC=C2C=C(OC)C=CC2=C1)C(O)=O,C1(C[Se][Se]CC2=CC=CC=C2)=CC=CC=C1,NC(C1=CN(CC2=CC=C(OC)C=C2)C=CC1)=O,[H]C(N(C)C)=O,CC(C1=CC=C2C=C(OC)C=CC2=C1)[Se]CC3=CC=CC=C3,0.0800975
280,CC(C1=CC=C2C=C(OC)C=CC2=C1)C(O)=O,C1(C[Se][Se]CC2=CC=CC=C2)=CC=CC=C1,NC(C1=CN(CC2=CC=CC=C2)C=C(C(N)=O)C1C3=CC=CC=C3)=O,[H]C(N(C)C)=O,CC(C1=CC=C2C=C(OC)C=CC2=C1)[Se]CC3=CC=CC=C3,0
281,O=C(C1CCCCC1)O,C1(C[Se][Se]CC2=CC=CC=C2)=CC=CC=C1,NC(C1=CN(CC2=CC=C(OC)C=C2)C=CC1)=O,CC#N,C1([Se]CC2=CC=CC=C2)CCCCC1,0
282,O=C(C1CCCCC1)O,C1(C[Se][Se]CC2=CC=CC=C2)=CC=CC=C1,NC(C1=CN(CC2=CC=C(C(F)(F)F)C=C2)C=CC1)=O,CC#N,C1([Se]CC2=CC=CC=C2)CCCCC1,0
283,O=C(C1CCCCC1)O,C1(C[Se][Se]CC2=CC=CC=C2)=CC=CC=C1,NC(C1=CN(CC2=CC=CC=C2)C=C(C(N)=O)C1)=O,CC#N,C1([Se]CC2=CC=CC=C2)CCCCC1,0
284,O=C(C1CCC1)O,C1(C[Se][Se]CC2=CC=CC=C2)=CC=CC=C1,NC(C1=CN(CC2=CC=CC=C2)C=C(C(N)=O)C1C3=CC=CC=C3)=O,CC#N,C1([Se]CC2=CC=CC=C2)CCC1,0.0124185
285,CC(C1=CC=C2C=C(OC)C=CC2=C1)C(O)=O,C1(C[Se][Se]CC2=CC=CC=C2)=CC=CC=C1,NC(C1=CN(CC2=CC=CC=C2)C=C(C(N)=O)C1C3=CC=CC=C3)=O,CC#N,CC(C1=CC=C2C=C(OC)C=CC2=C1)[Se]CC3=CC=CC=C3,0
286,CC(N(C(C1=C2C=CC=C1)=O)C2=O)C(O)=O,CC[Se][Se]CC,NC(C1=CN(CC2=CC=CC=C2)C=C(C(N)=O)C1)=O,CS(C)=O,CC(N(C(C1=C2C=CC=C1)=O)C2=O)[Se]CC,0
287,CC(N(C(C1=C2C=CC=C1)=O)C2=O)C(O)=O,CC[Se][Se]CC,NC(C1=CN(CC2=CC=CC=C2)C=C(C(N)=O)C1C3=CC=CC=C3)=O,CS(C)=O,CC(N(C(C1=C2C=CC=C1)=O)C2=O)[Se]CC,0
288,CC(C1=CC=C(CC2C(CCC2)=O)C=C1)C(O)=O,CC[Se][Se]CC,NC(C1=CN(CC2=CC=CC=C2)C=C(C(N)=O)C1)=O,CS(C)=O,CC(C1=CC=C(CC2C(CCC2)=O)C=C1)[Se]CC,0.183805
289,CC(N1C(C2=CC=C(Cl)C=C2)=O)=C(CC(O)=O)C3=C1C=CC(OC)=C3,CC[Se][Se]CC,NC(C1=CN(CC2=CC=CC=C2)C=CC1)=O,CS(C)=O,CC(N1C(C2=CC=C(Cl)C=C2)=O)=C(C[Se]CC)C3=C1C=CC(OC)=C3,0.18280035
290,CC(N(C(C1=C2C=CC=C1)=O)C2=O)C(O)=O,CC[Se][Se]CC,NC(C1=CN(CC2=CC=C(C(F)(F)F)C=C2)C=CC1)=O,[H]C(N(C)C)=O,CC(N(C(C1=C2C=CC=C1)=O)C2=O)[Se]CC,0
291,O=C(CCCC1=CNC2=C1C=CC=C2)O,CC[Se][Se]CC,NC(C1=CN(CC2=CC=CC=C2)C=CC1)=O,[H]C(N(C)C)=O,CC[Se]CCCC1=CNC2=C1C=CC=C2,0.10050445
292,O=C(CCCC1=CNC2=C1C=CC=C2)O,CC[Se][Se]CC,NC(C1=CN(CC2=CC=C(C(F)(F)F)C=C2)C=CC1)=O,[H]C(N(C)C)=O,CC[Se]CCCC1=CNC2=C1C=CC=C2,0.15110905
293,O=C(CCCC1=CNC2=C1C=CC=C2)O,CC[Se][Se]CC,NC(C1=CN(CC2=CC=CC=C2)C=C(C(N)=O)C1C3=CC=CC=C3)=O,[H]C(N(C)C)=O,CC[Se]CCCC1=CNC2=C1C=CC=C2,0.10849465
294,CC1=CC=C(S(N2CCC(C(O)=O)CC2)(=O)=O)C=C1,CC[Se][Se]CC,NC(C1=CN(CC2=CC=C(C(F)(F)F)C=C2)C=CC1)=O,[H]C(N(C)C)=O,CC1=CC=C(S(N2CCC([Se]CC)CC2)(=O)=O)C=C1,0
295,O=C1C2=CC(CC(O)=O)=CC=C2OCC3=CC=CC=C13,CC[Se][Se]CC,NC(C1=CN(CC2=CC=C(C(F)(F)F)C=C2)C=CC1)=O,[H]C(N(C)C)=O,O=C1C2=CC(C[Se]CC)=CC=C2OCC3=CC=CC=C13,0
296,O=C1C2=CC(CC(O)=O)=CC=C2OCC3=CC=CC=C13,CC[Se][Se]CC,NC(C1=CN(CC2=CC=CC=C2)C=C(C(N)=O)C1C3=CC=CC=C3)=O,[H]C(N(C)C)=O,O=C1C2=CC(C[Se]CC)=CC=C2OCC3=CC=CC=C13,0
297,CC(N1C(C2=CC=C(Cl)C=C2)=O)=C(CC(O)=O)C3=C1C=CC(OC)=C3,CC[Se][Se]CC,NC(C1=CN(CC2=CC=CC=C2)C=CC1)=O,[H]C(N(C)C)=O,CC(N1C(C2=CC=C(Cl)C=C2)=O)=C(C[Se]CC)C3=C1C=CC(OC)=C3,0.02359575
298,CC(N(C(C1=C2C=CC=C1)=O)C2=O)C(O)=O,CC[Se][Se]CC,NC(C1=CN(CC2=CC=CC=C2)C=C(C(N)=O)C1)=O,CC#N,CC(N(C(C1=C2C=CC=C1)=O)C2=O)[Se]CC,0
299,O=C(CCCC1=CNC2=C1C=CC=C2)O,CC[Se][Se]CC,NC(C1=CN(CC2=CC=CC=C2)C=CC1)=O,CC#N,CC[Se]CCCC1=CNC2=C1C=CC=C2,0.02726095
300,O=C(CCCC1=CNC2=C1C=CC=C2)O,CC[Se][Se]CC,NC(C1=CN(CC2=CC=C(C(F)(F)F)C=C2)C=CC1)=O,CC#N,CC[Se]CCCC1=CNC2=C1C=CC=C2,0.0265951
301,CC1=CC=C(S(N2CCC(C(O)=O)CC2)(=O)=O)C=C1,CC[Se][Se]CC,NC(C1=CN(CC2=CC=CC=C2)C=CC1)=O,CC#N,CC1=CC=C(S(N2CCC([Se]CC)CC2)(=O)=O)C=C1,0
302,CC1=CC=C(S(N2CCC(C(O)=O)CC2)(=O)=O)C=C1,CC[Se][Se]CC,NC(C1=CN(CC2=CC=C(C(F)(F)F)C=C2)C=CC1)=O,CC#N,CC1=CC=C(S(N2CCC([Se]CC)CC2)(=O)=O)C=C1,0
303,CC(N1C(C2=CC=C(Cl)C=C2)=O)=C(CC(O)=O)C3=C1C=CC(OC)=C3,CC[Se][Se]CC,NC(C1=CN(CC2=CC=C(OC)C=C2)C=CC1)=O,CC#N,CC(N1C(C2=CC=C(Cl)C=C2)=O)=C(C[Se]CC)C3=C1C=CC(OC)=C3,0
304,CC(N1C(C2=CC=C(Cl)C=C2)=O)=C(CC(O)=O)C3=C1C=CC(OC)=C3,CC[Se][Se]CC,NC(C1=CN(CC2=CC=CC=C2)C=C(C(N)=O)C1)=O,CC#N,CC(N1C(C2=CC=C(Cl)C=C2)=O)=C(C[Se]CC)C3=C1C=CC(OC)=C3,0
305,BrC1=CC=C(CC(O)=O)C=C1,CC[Se][Se]CC,NC(C1=CN(CC2=CC=C(C(F)(F)F)C=C2)C=CC1)=O,CS(C)=O,BrC1=CC=C(C[Se]CC)C=C1,0.00769
306,COC1=CC=C(CC(O)=O)C=C1,CC[Se][Se]CC,NC(C1=CN(CC2=CC=CC=C2)C=C(C(N)=O)C1)=O,CS(C)=O,COC1=CC=C(C[Se]CC)C=C1,0.1834592
307,CC1=C(CC(O)=O)C=CC=C1,CC[Se][Se]CC,NC(C1=CN(CC2=CC=CC=C2)C=CC1)=O,CS(C)=O,CC1=C(C[Se]CC)C=CC=C1,0.4922724
308,CC1=C(CC(O)=O)C=CC=C1,CC[Se][Se]CC,NC(C1=CN(CC2=CC=CC=C2)C=C(C(N)=O)C1C3=CC=CC=C3)=O,CS(C)=O,CC1=C(C[Se]CC)C=CC=C1,0
309,O=C(CC1=CNC2=C1C=CC=C2)O,CC[Se][Se]CC,NC(C1=CN(CC2=CC=C(OC)C=C2)C=CC1)=O,CS(C)=O,CC[Se]CC1=CNC2=C1C=CC=C2,0.5685888
310,CC1=CC=C(CC(O)=O)C=C1,CC[Se][Se]CC,NC(C1=CN(CC2=CC=C(OC)C=C2)C=CC1)=O,[H]C(N(C)C)=O,CC1=CC=C(C[Se]CC)C=C1,0.101176
311,BrC1=CC=C(CC(O)=O)C=C1,CC[Se][Se]CC,NC(C1=CN(CC2=CC=CC=C2)C=C(C(N)=O)C1)=O,[H]C(N(C)C)=O,BrC1=CC=C(C[Se]CC)C=C1,0
312,CC1=C(CC(O)=O)C=CC=C1,CC[Se][Se]CC,NC(C1=CN(CC2=CC=C(C(F)(F)F)C=C2)C=CC1)=O,[H]C(N(C)C)=O,CC1=C(C[Se]CC)C=CC=C1,0.00813
313,O=C(CC1=CNC2=C1C=CC=C2)O,CC[Se][Se]CC,NC(C1=CN(CC2=CC=C(OC)C=C2)C=CC1)=O,[H]C(N(C)C)=O,CC[Se]CC1=CNC2=C1C=CC=C2,0.03255
314,CC1=CC=C(CC(O)=O)C=C1,CC[Se][Se]CC,NC(C1=CN(CC2=CC=C(C(F)(F)F)C=C2)C=CC1)=O,CC#N,CC1=CC=C(C[Se]CC)C=C1,0
315,BrC1=CC=C(CC(O)=O)C=C1,CC[Se][Se]CC,NC(C1=CN(CC2=CC=CC=C2)C=C(C(N)=O)C1C3=CC=CC=C3)=O,CC#N,BrC1=CC=C(C[Se]CC)C=C1,0
316,COC1=CC=C(CC(O)=O)C=C1,CC[Se][Se]CC,NC(C1=CN(CC2=CC=CC=C2)C=CC1)=O,CC#N,COC1=CC=C(C[Se]CC)C=C1,0.0987224
317,COC1=CC=C(CC(O)=O)C=C1,CC[Se][Se]CC,NC(C1=CN(CC2=CC=C(C(F)(F)F)C=C2)C=CC1)=O,CC#N,COC1=CC=C(C[Se]CC)C=C1,0.0652688
318,COC1=CC=C(CC(O)=O)C=C1,CC[Se][Se]CC,NC(C1=CN(CC2=CC=CC=C2)C=C(C(N)=O)C1C3=CC=CC=C3)=O,CC#N,COC1=CC=C(C[Se]CC)C=C1,0.0475952
319,O=C(CC1=CNC2=C1C=CC=C2)O,CC[Se][Se]CC,NC(C1=CN(CC2=CC=C(OC)C=C2)C=CC1)=O,CC#N,CC[Se]CC1=CNC2=C1C=CC=C2,0.1225003
320,CC(C1=CC=C(CC2C(CCC2)=O)C=C1)C(O)=O,C1([Se][Se]C2=CC=CC=C2)=CC=CC=C1,NC(C1=CN(CC2=CC=C(C(F)(F)F)C=C2)C=CC1)=O,CS(C)=O,CC(C1=CC=C(CC2C(CCC2)=O)C=C1)[Se]C3=CC=CC=C3,0.638294767
321,BrC1=CC=C(CC(O)=O)C=C1,C1([Se][Se]C2=CC=CC=C2)=CC=CC=C1,NC(C1=CN(CC2=CC=CC=C2)C=CC1)=O,CS(C)=O,BrC1=CC=C(C[Se]C2=CC=CC=C2)C=C1,0.2692285
322,COC1=CC=C(CC(O)=O)C=C1,C1([Se][Se]C2=CC=CC=C2)=CC=CC=C1,NC(C1=CN(CC2=CC=C(C(F)(F)F)C=C2)C=CC1)=O,CS(C)=O,COC1=CC=C(C[Se]C2=CC=CC=C2)C=C1,0.1609761
323,COC1=CC=C(CC(O)=O)C=C1,C1([Se][Se]C2=CC=CC=C2)=CC=CC=C1,NC(C1=CN(CC2=CC=CC=C2)C=C(C(N)=O)C1)=O,CS(C)=O,COC1=CC=C(C[Se]C2=CC=CC=C2)C=C1,0.1609761
324,O=C(CCC1=CC=CC=C1)O,C1([Se][Se]C2=CC=CC=C2)=CC=CC=C1,NC(C1=CN(CC2=CC=CC=C2)C=C(C(N)=O)C1)=O,CS(C)=O,C1(CC[Se]C2=CC=CC=C2)=CC=CC=C1,0.9094932
325,FC1(F)CCC(C(O)=O)CC1,C1([Se][Se]C2=CC=CC=C2)=CC=CC=C1,NC(C1=CN(CC2=CC=CC=C2)C=C(C(N)=O)C1)=O,CS(C)=O,FC1(F)CCC([Se]C2=CC=CC=C2)CC1,0.25797
326,O=C1C2=CC(CC(O)=O)=CC=C2OCC3=CC=CC=C13,C1([Se][Se]C2=CC=CC=C2)=CC=CC=C1,NC(C1=CN(CC2=CC=C(C(F)(F)F)C=C2)C=CC1)=O,CS(C)=O,O=C1C2=CC(C[Se]C3=CC=CC=C3)=CC=C2OCC4=CC=CC=C14,0.71591295
327,O=C1C2=CC(CC(O)=O)=CC=C2OCC3=CC=CC=C13,C1([Se][Se]C2=CC=CC=C2)=CC=CC=C1,NC(C1=CN(CC2=CC=CC=C2)C=C(C(N)=O)C1)=O,CS(C)=O,O=C1C2=CC(C[Se]C3=CC=CC=C3)=CC=C2OCC4=CC=CC=C14,0.76563575
328,O=C(C1CCC1)O,C1([Se][Se]C2=CC=CC=C2)=CC=CC=C1,NC(C1=CN(CC2=CC=C(OC)C=C2)C=CC1)=O,CS(C)=O,C1([Se]C2=CC=CC=C2)CCC1,0.6404824
329,O=C(C1CCC1)O,C1([Se][Se]C2=CC=CC=C2)=CC=CC=C1,NC(C1=CN(CC2=CC=CC=C2)C=C(C(N)=O)C1)=O,CS(C)=O,C1([Se]C2=CC=CC=C2)CCC1,0.5950568
330,CC1=CC=C(S(N2CCC(C(O)=O)CC2)(=O)=O)C=C1,C1([Se][Se]C2=CC=CC=C2)=CC=CC=C1,NC(C1=CN(CC2=CC=CC=C2)C=C(C(N)=O)C1)=O,[H]C(N(C)C)=O,CC1=CC=C(S(N2CCC([Se]C3=CC=CC=C3)CC2)(=O)=O)C=C1,0.37848075
331,O=C(CCC1=CC=CC=C1)O,C1([Se][Se]C2=CC=CC=C2)=CC=CC=C1,NC(C1=CN(CC2=CC=C(OC)C=C2)C=CC1)=O,[H]C(N(C)C)=O,C1(CC[Se]C2=CC=CC=C2)=CC=CC=C1,0.1011929
332,O=C(CCC1=CC=CC=C1)O,C1([Se][Se]C2=CC=CC=C2)=CC=CC=C1,NC(C1=CN(CC2=CC=CC=C2)C=C(C(N)=O)C1)=O,[H]C(N(C)C)=O,C1(CC[Se]C2=CC=CC=C2)=CC=CC=C1,0.0236157
333,FC1(F)CCC(C(O)=O)CC1,C1([Se][Se]C2=CC=CC=C2)=CC=CC=C1,NC(C1=CN(CC2=CC=CC=C2)C=C(C(N)=O)C1)=O,[H]C(N(C)C)=O,FC1(F)CCC([Se]C2=CC=CC=C2)CC1,0.24523875
334,CC(C1=CC=C(CC2C(CCC2)=O)C=C1)C(O)=O,C1([Se][Se]C2=CC=CC=C2)=CC=CC=C1,NC(C1=CN(CC2=CC=CC=C2)C=CC1)=O,[H]C(N(C)C)=O,CC(C1=CC=C(CC2C(CCC2)=O)C=C1)[Se]C3=CC=CC=C3,0.5565385
335,CC(C1=CC=C(CC2C(CCC2)=O)C=C1)C(O)=O,C1([Se][Se]C2=CC=CC=C2)=CC=CC=C1,NC(C1=CN(CC2=CC=C(OC)C=C2)C=CC1)=O,[H]C(N(C)C)=O,CC(C1=CC=C(CC2C(CCC2)=O)C=C1)[Se]C3=CC=CC=C3,0.52304075
336,CC1=CC=C(CC(O)=O)C=C1,C1([Se][Se]C2=CC=CC=C2)=CC=CC=C1,NC(C1=CN(CC2=CC=C(OC)C=C2)C=CC1)=O,[H]C(N(C)C)=O,CC1=CC=C(C[Se]C2=CC=CC=C2)C=C1,0.5002305
337,BrC1=CC=C(CC(O)=O)C=C1,C1([Se][Se]C2=CC=CC=C2)=CC=CC=C1,NC(C1=CN(CC2=CC=C(OC)C=C2)C=CC1)=O,[H]C(N(C)C)=O,BrC1=CC=C(C[Se]C2=CC=CC=C2)C=C1,0.3890615
338,CC1=C(CC(O)=O)C=CC=C1,C1([Se][Se]C2=CC=CC=C2)=CC=CC=C1,NC(C1=CN(CC2=CC=CC=C2)C=CC1)=O,[H]C(N(C)C)=O,CC1=C(C[Se]C2=CC=CC=C2)C=CC=C1,0.6306658
339,CC1=C(CC(O)=O)C=CC=C1,C1([Se][Se]C2=CC=CC=C2)=CC=CC=C1,NC(C1=CN(CC2=CC=C(C(F)(F)F)C=C2)C=CC1)=O,[H]C(N(C)C)=O,CC1=C(C[Se]C2=CC=CC=C2)C=CC=C1,0.6306658
340,CC1=C(CC(O)=O)C=CC=C1,C1([Se][Se]C2=CC=CC=C2)=CC=CC=C1,NC(C1=CN(CC2=CC=CC=C2)C=C(C(N)=O)C1)=O,[H]C(N(C)C)=O,CC1=C(C[Se]C2=CC=CC=C2)C=CC=C1,0.4058272
341,O=C(C1CCOCC1)O,C1([Se][Se]C2=CC=CC=C2)=CC=CC=C1,NC(C1=CN(CC2=CC=CC=C2)C=C(C(N)=O)C1)=O,[H]C(N(C)C)=O,C1([Se]C2=CC=CC=C2)CCOCC1,0.351923077
342,O=C(N1CCC(C(O)=O)CC1)OCC2=CC=CC=C2,C1([Se][Se]C2=CC=CC=C2)=CC=CC=C1,NC(C1=CN(CC2=CC=C(OC)C=C2)C=CC1)=O,[H]C(N(C)C)=O,O=C(N1CCC([Se]C2=CC=CC=C2)CC1)OCC3=CC=CC=C3,0.818365979
343,CC(C1=CC=C2C=C(OC)C=CC2=C1)C(O)=O,C1([Se][Se]C2=CC=CC=C2)=CC=CC=C1,NC(C1=CN(CC2=CC=CC=C2)C=C(C(N)=O)C1)=O,[H]C(N(C)C)=O,CC(C1=CC=C2C=C(OC)C=CC2=C1)[Se]C3=CC=CC=C3,0.6406874
344,O=C(CCCC1=CNC2=C1C=CC=C2)O,C1([Se][Se]C2=CC=CC=C2)=CC=CC=C1,NC(C1=CN(CC2=CC=CC=C2)C=CC1)=O,CC#N,C1(CCC[Se]C2=CC=CC=C2)=CNC3=C1C=CC=C3,0.618355966
345,O=C(CCCC1=CNC2=C1C=CC=C2)O,C1([Se][Se]C2=CC=CC=C2)=CC=CC=C1,NC(C1=CN(CC2=CC=CC=C2)C=C(C(N)=O)C1)=O,CC#N,C1(CCC[Se]C2=CC=CC=C2)=CNC3=C1C=CC=C3,0.401389815
346,CC1=CC=C(S(N2CCC(C(O)=O)CC2)(=O)=O)C=C1,C1([Se][Se]C2=CC=CC=C2)=CC=CC=C1,NC(C1=CN(CC2=CC=C(C(F)(F)F)C=C2)C=CC1)=O,CC#N,CC1=CC=C(S(N2CCC([Se]C3=CC=CC=C3)CC2)(=O)=O)C=C1,0.91020525
347,O=C(CCC1=CC=CC=C1)O,C1([Se][Se]C2=CC=CC=C2)=CC=CC=C1,NC(C1=CN(CC2=CC=CC=C2)C=CC1)=O,CC#N,C1(CC[Se]C2=CC=CC=C2)=CC=CC=C1,0.055
348,O=C(CCC1=CC=CC=C1)O,C1([Se][Se]C2=CC=CC=C2)=CC=CC=C1,NC(C1=CN(CC2=CC=C(OC)C=C2)C=CC1)=O,CC#N,C1(CC[Se]C2=CC=CC=C2)=CC=CC=C1,0.2750657
349,FC1(F)CCC(C(O)=O)CC1,C1([Se][Se]C2=CC=CC=C2)=CC=CC=C1,NC(C1=CN(CC2=CC=C(OC)C=C2)C=CC1)=O,CC#N,FC1(F)CCC([Se]C2=CC=CC=C2)CC1,0.147972
350,O=C1C2=CC(CC(O)=O)=CC=C2OCC3=CC=CC=C13,C1([Se][Se]C2=CC=CC=C2)=CC=CC=C1,NC(C1=CN(CC2=CC=C(C(F)(F)F)C=C2)C=CC1)=O,CC#N,O=C1C2=CC(C[Se]C3=CC=CC=C3)=CC=C2OCC4=CC=CC=C14,0.59100135
351,CC(C1=CC=C(CC2C(CCC2)=O)C=C1)C(O)=O,C1([Se][Se]C2=CC=CC=C2)=CC=CC=C1,NC(C1=CN(CC2=CC=C(OC)C=C2)C=CC1)=O,CC#N,CC(C1=CC=C(CC2C(CCC2)=O)C=C1)[Se]C3=CC=CC=C3,0.58385205
352,CC(N1C(C2=CC=C(Cl)C=C2)=O)=C(CC(O)=O)C3=C1C=CC(OC)=C3,C1([Se][Se]C2=CC=CC=C2)=CC=CC=C1,NC(C1=CN(CC2=CC=CC=C2)C=C(C(N)=O)C1C3=CC=CC=C3)=O,CC#N,CC(N1C(C2=CC=C(Cl)C=C2)=O)=C(C[Se]C3=CC=CC=C3)C4=C1C=CC(OC)=C4,0.2100305
353,CC1=CC=C(CC(O)=O)C=C1,C1([Se][Se]C2=CC=CC=C2)=CC=CC=C1,NC(C1=CN(CC2=CC=CC=C2)C=C(C(N)=O)C1)=O,CC#N,CC1=CC=C(C[Se]C2=CC=CC=C2)C=C1,0.1579755
354,BrC1=CC=C(CC(O)=O)C=C1,C1([Se][Se]C2=CC=CC=C2)=CC=CC=C1,NC(C1=CN(CC2=CC=C(C(F)(F)F)C=C2)C=CC1)=O,CC#N,BrC1=CC=C(C[Se]C2=CC=CC=C2)C=C1,0.320082
355,CC1=C(CC(O)=O)C=CC=C1,C1([Se][Se]C2=CC=CC=C2)=CC=CC=C1,NC(C1=CN(CC2=CC=C(C(F)(F)F)C=C2)C=CC1)=O,CC#N,CC1=C(C[Se]C2=CC=CC=C2)C=CC=C1,0.2437288
356,CC(C1=CC=C2C=C(OC)C=CC2=C1)C(O)=O,C1([Se][Se]C2=CC=CC=C2)=CC=CC=C1,NC(C1=CN(CC2=CC=CC=C2)C=CC1)=O,CC#N,CC(C1=CC=C2C=C(OC)C=CC2=C1)[Se]C3=CC=CC=C3,0.27467015
357,CC(C1=CC=C2C=C(OC)C=CC2=C1)C(O)=O,C1([Se][Se]C2=CC=CC=C2)=CC=CC=C1,NC(C1=CN(CC2=CC=C(C(F)(F)F)C=C2)C=CC1)=O,CC#N,CC(C1=CC=C2C=C(OC)C=CC2=C1)[Se]C3=CC=CC=C3,0.10683785
358,CC(C1=CC=C2C=C(OC)C=CC2=C1)C(O)=O,C1([Se][Se]C2=CC=CC=C2)=CC=CC=C1,NC(C1=CN(CC2=CC=CC=C2)C=C(C(N)=O)C1)=O,CC#N,CC(C1=CC=C2C=C(OC)C=CC2=C1)[Se]C3=CC=CC=C3,0.0229217
359,O=C(C1(C2=CC=CC=C2)CC1)O,C1([Se][Se]C2=CC=CC=C2)=CC=CC=C1,NC(C1=CN(CC2=CC=CC=C2)C=CC1)=O,CC#N,C1(C2([Se]C3=CC=CC=C3)CC2)=CC=CC=C1,0.26250845
360,O=C(C1(C2=CC=CC=C2)CC1)O,C1([Se][Se]C2=CC=CC=C2)=CC=CC=C1,NC(C1=CN(CC2=CC=CC=C2)C=C(C(N)=O)C1C3=CC=CC=C3)=O,CC#N,C1(C2([Se]C3=CC=CC=C3)CC2)=CC=CC=C1,0
361,O=C(CCCC1=CNC2=C1C=CC=C2)O,C1(C[Se][Se]CC2=CC=CC=C2)=CC=CC=C1,NC(C1=CN(CC2=CC=CC=C2)C=CC1)=O,CS(C)=O,C1(CCC[Se]CC2=CC=CC=C2)=CNC3=C1C=CC=C3,0.0955926
362,CC1=CC=C(S(N2CCC(C(O)=O)CC2)(=O)=O)C=C1,C1(C[Se][Se]CC2=CC=CC=C2)=CC=CC=C1,NC(C1=CN(CC2=CC=CC=C2)C=CC1)=O,CS(C)=O,CC1=CC=C(S(N2CCC([Se]CC3=CC=CC=C3)CC2)(=O)=O)C=C1,0.1395496
363,CC1=CC=C(S(N2CCC(C(O)=O)CC2)(=O)=O)C=C1,C1(C[Se][Se]CC2=CC=CC=C2)=CC=CC=C1,NC(C1=CN(CC2=CC=C(OC)C=C2)C=CC1)=O,CS(C)=O,CC1=CC=C(S(N2CCC([Se]CC3=CC=CC=C3)CC2)(=O)=O)C=C1,0.1565416
364,O=C1C2=CC(CC(O)=O)=CC=C2OCC3=CC=CC=C13,C1(C[Se][Se]CC2=CC=CC=C2)=CC=CC=C1,NC(C1=CN(CC2=CC=CC=C2)C=C(C(N)=O)C1C3=CC=CC=C3)=O,CS(C)=O,O=C1C2=CC(C[Se]CC3=CC=CC=C3)=CC=C2OCC4=CC=CC=C14,0.2817676
365,CC(C1=CC=C(CC2C(CCC2)=O)C=C1)C(O)=O,C1(C[Se][Se]CC2=CC=CC=C2)=CC=CC=C1,NC(C1=CN(CC2=CC=CC=C2)C=CC1)=O,[H]C(N(C)C)=O,CC(C1=CC=C(CC2C(CCC2)=O)C=C1)[Se]CC3=CC=CC=C3,0.1253419
366,CC(C1=CC=C(CC2C(CCC2)=O)C=C1)C(O)=O,C1(C[Se][Se]CC2=CC=CC=C2)=CC=CC=C1,NC(C1=CN(CC2=CC=C(OC)C=C2)C=CC1)=O,[H]C(N(C)C)=O,CC(C1=CC=C(CC2C(CCC2)=O)C=C1)[Se]CC3=CC=CC=C3,0.17737725
367,CC(C1=CC=C(CC2C(CCC2)=O)C=C1)C(O)=O,C1(C[Se][Se]CC2=CC=CC=C2)=CC=CC=C1,NC(C1=CN(CC2=CC=CC=C2)C=C(C(N)=O)C1C3=CC=CC=C3)=O,[H]C(N(C)C)=O,CC(C1=CC=C(CC2C(CCC2)=O)C=C1)[Se]CC3=CC=CC=C3,0
368,CC(N1C(C2=CC=C(Cl)C=C2)=O)=C(CC(O)=O)C3=C1C=CC(OC)=C3,C1(C[Se][Se]CC2=CC=CC=C2)=CC=CC=C1,NC(C1=CN(CC2=CC=C(C(F)(F)F)C=C2)C=CC1)=O,[H]C(N(C)C)=O,CC(N1C(C2=CC=C(Cl)C=C2)=O)=C(C[Se]CC3=CC=CC=C3)C4=C1C=CC(OC)=C4,0
369,CC(N(C(C1=C2C=CC=C1)=O)C2=O)C(O)=O,C1(C[Se][Se]CC2=CC=CC=C2)=CC=CC=C1,NC(C1=CN(CC2=CC=C(OC)C=C2)C=CC1)=O,CC#N,CC(N(C(C1=C2C=CC=C1)=O)C2=O)[Se]CC3=CC=CC=C3,0.244122
370,CC1=CC=C(S(N2CCC(C(O)=O)CC2)(=O)=O)C=C1,C1(C[Se][Se]CC2=CC=CC=C2)=CC=CC=C1,NC(C1=CN(CC2=CC=C(C(F)(F)F)C=C2)C=CC1)=O,CC#N,CC1=CC=C(S(N2CCC([Se]CC3=CC=CC=C3)CC2)(=O)=O)C=C1,0
371,O=C1C2=CC(CC(O)=O)=CC=C2OCC3=CC=CC=C13,C1(C[Se][Se]CC2=CC=CC=C2)=CC=CC=C1,NC(C1=CN(CC2=CC=C(OC)C=C2)C=CC1)=O,CC#N,O=C1C2=CC(C[Se]CC3=CC=CC=C3)=CC=C2OCC4=CC=CC=C14,0.3605945
372,CC(C1=CC=C(CC2C(CCC2)=O)C=C1)C(O)=O,C1(C[Se][Se]CC2=CC=CC=C2)=CC=CC=C1,NC(C1=CN(CC2=CC=C(C(F)(F)F)C=C2)C=CC1)=O,CC#N,CC(C1=CC=C(CC2C(CCC2)=O)C=C1)[Se]CC3=CC=CC=C3,0
373,CC(C1=CC=C(CC2C(CCC2)=O)C=C1)C(O)=O,C1(C[Se][Se]CC2=CC=CC=C2)=CC=CC=C1,NC(C1=CN(CC2=CC=CC=C2)C=C(C(N)=O)C1C3=CC=CC=C3)=O,CC#N,CC(C1=CC=C(CC2C(CCC2)=O)C=C1)[Se]CC3=CC=CC=C3,0
374,CC(N1C(C2=CC=C(Cl)C=C2)=O)=C(CC(O)=O)C3=C1C=CC(OC)=C3,C1(C[Se][Se]CC2=CC=CC=C2)=CC=CC=C1,NC(C1=CN(CC2=CC=CC=C2)C=CC1)=O,CC#N,CC(N1C(C2=CC=C(Cl)C=C2)=O)=C(C[Se]CC3=CC=CC=C3)C4=C1C=CC(OC)=C4,0
375,O=C(C1CCCCC1)O,C1(C[Se][Se]CC2=CC=CC=C2)=CC=CC=C1,NC(C1=CN(CC2=CC=CC=C2)C=C(C(N)=O)C1C3=CC=CC=C3)=O,CS(C)=O,C1([Se]CC2=CC=CC=C2)CCCCC1,0
376,O=C(C1CCC1)O,C1(C[Se][Se]CC2=CC=CC=C2)=CC=CC=C1,NC(C1=CN(CC2=CC=CC=C2)C=CC1)=O,CS(C)=O,C1([Se]CC2=CC=CC=C2)CCC1,0.06719905
377,O=C(C1CCC1)O,C1(C[Se][Se]CC2=CC=CC=C2)=CC=CC=C1,NC(C1=CN(CC2=CC=C(OC)C=C2)C=CC1)=O,CS(C)=O,C1([Se]CC2=CC=CC=C2)CCC1,0.07464495
378,O=C(C1CCC1)O,C1(C[Se][Se]CC2=CC=CC=C2)=CC=CC=C1,NC(C1=CN(CC2=CC=CC=C2)C=C(C(N)=O)C1C3=CC=CC=C3)=O,CS(C)=O,C1([Se]CC2=CC=CC=C2)CCC1,0.0092274
379,CC(C1=CC=C2C=C(OC)C=CC2=C1)C(O)=O,C1(C[Se][Se]CC2=CC=CC=C2)=CC=CC=C1,NC(C1=CN(CC2=CC=C(C(F)(F)F)C=C2)C=CC1)=O,CS(C)=O,CC(C1=CC=C2C=C(OC)C=CC2=C1)[Se]CC3=CC=CC=C3,0.0324166
380,CC(C1=CC=C2C=C(OC)C=CC2=C1)C(O)=O,C1(C[Se][Se]CC2=CC=CC=C2)=CC=CC=C1,NC(C1=CN(CC2=CC=CC=C2)C=C(C(N)=O)C1C3=CC=CC=C3)=O,CS(C)=O,CC(C1=CC=C2C=C(OC)C=CC2=C1)[Se]CC3=CC=CC=C3,0
381,O=C(C1CCC1)O,C1(C[Se][Se]CC2=CC=CC=C2)=CC=CC=C1,NC(C1=CN(CC2=CC=C(OC)C=C2)C=CC1)=O,[H]C(N(C)C)=O,C1([Se]CC2=CC=CC=C2)CCC1,0.01761358
382,CC(C1=CC=C2C=C(OC)C=CC2=C1)C(O)=O,C1(C[Se][Se]CC2=CC=CC=C2)=CC=CC=C1,NC(C1=CN(CC2=CC=C(C(F)(F)F)C=C2)C=CC1)=O,[H]C(N(C)C)=O,CC(C1=CC=C2C=C(OC)C=CC2=C1)[Se]CC3=CC=CC=C3,0.0622875
383,O=C(N1CCC(C(O)=O)CC1)OCC2=CC=CC=C2,C1(C[Se][Se]CC2=CC=CC=C2)=CC=CC=C1,NC(C1=CN(CC2=CC=CC=C2)C=CC1)=O,CC#N,O=C(N1CCC([Se]CC2=CC=CC=C2)CC1)OCC3=CC=CC=C3,0.0245298
384,O=C(OCC1=CC=CC=C1)[C@H](NC(OC(C)(C)C)=O)CC(O)=O,C1(C[Se][Se]CC2=CC=CC=C2)=CC=CC=C1,NC(C1=CN(CC2=CC=CC=C2)C=CC1)=O,CC#N,O=C(OCC1=CC=CC=C1)[C@H](NC(OC(C)(C)C)=O)C[Se]CC2=CC=CC=C2,0.05083445
385,CC(N(C(C1=C2C=CC=C1)=O)C2=O)C(O)=O,CC[Se][Se]CC,NC(C1=CN(CC2=CC=C(C(F)(F)F)C=C2)C=CC1)=O,CS(C)=O,CC(N(C(C1=C2C=CC=C1)=O)C2=O)[Se]CC,0
386,O=C(CCCC1=CNC2=C1C=CC=C2)O,CC[Se][Se]CC,NC(C1=CN(CC2=CC=C(C(F)(F)F)C=C2)C=CC1)=O,CS(C)=O,CC[Se]CCCC1=CNC2=C1C=CC=C2,0.58657495
387,O=C(CCCC1=CNC2=C1C=CC=C2)O,CC[Se][Se]CC,NC(C1=CN(CC2=CC=CC=C2)C=C(C(N)=O)C1)=O,CS(C)=O,CC[Se]CCCC1=CNC2=C1C=CC=C2,0.2902717
388,CC1=CC=C(S(N2CCC(C(O)=O)CC2)(=O)=O)C=C1,CC[Se][Se]CC,NC(C1=CN(CC2=CC=C(C(F)(F)F)C=C2)C=CC1)=O,CS(C)=O,CC1=CC=C(S(N2CCC([Se]CC)CC2)(=O)=O)C=C1,0.3674342
389,O=C1C2=CC(CC(O)=O)=CC=C2OCC3=CC=CC=C13,CC[Se][Se]CC,NC(C1=CN(CC2=CC=CC=C2)C=CC1)=O,CS(C)=O,O=C1C2=CC(C[Se]CC)=CC=C2OCC3=CC=CC=C13,0.0111798
390,O=C1C2=CC(CC(O)=O)=CC=C2OCC3=CC=CC=C13,CC[Se][Se]CC,NC(C1=CN(CC2=CC=C(OC)C=C2)C=CC1)=O,CS(C)=O,O=C1C2=CC(C[Se]CC)=CC=C2OCC3=CC=CC=C13,0
391,CC(C1=CC=C(CC2C(CCC2)=O)C=C1)C(O)=O,CC[Se][Se]CC,NC(C1=CN(CC2=CC=C(C(F)(F)F)C=C2)C=CC1)=O,CS(C)=O,CC(C1=CC=C(CC2C(CCC2)=O)C=C1)[Se]CC,0.371416
392,CC(N1C(C2=CC=C(Cl)C=C2)=O)=C(CC(O)=O)C3=C1C=CC(OC)=C3,CC[Se][Se]CC,NC(C1=CN(CC2=CC=CC=C2)C=C(C(N)=O)C1C3=CC=CC=C3)=O,CS(C)=O,CC(N1C(C2=CC=C(Cl)C=C2)=O)=C(C[Se]CC)C3=C1C=CC(OC)=C3,0.0086491
393,CC(N(C(C1=C2C=CC=C1)=O)C2=O)C(O)=O,CC[Se][Se]CC,NC(C1=CN(CC2=CC=CC=C2)C=CC1)=O,[H]C(N(C)C)=O,CC(N(C(C1=C2C=CC=C1)=O)C2=O)[Se]CC,0
394,CC(N(C(C1=C2C=CC=C1)=O)C2=O)C(O)=O,CC[Se][Se]CC,NC(C1=CN(CC2=CC=C(OC)C=C2)C=CC1)=O,[H]C(N(C)C)=O,CC(N(C(C1=C2C=CC=C1)=O)C2=O)[Se]CC,0
395,O=C(CCCC1=CNC2=C1C=CC=C2)O,CC[Se][Se]CC,NC(C1=CN(CC2=CC=CC=C2)C=C(C(N)=O)C1)=O,[H]C(N(C)C)=O,CC[Se]CCCC1=CNC2=C1C=CC=C2,0.09917275
396,CC1=CC=C(S(N2CCC(C(O)=O)CC2)(=O)=O)C=C1,CC[Se][Se]CC,NC(C1=CN(CC2=CC=CC=C2)C=CC1)=O,[H]C(N(C)C)=O,CC1=CC=C(S(N2CCC([Se]CC)CC2)(=O)=O)C=C1,0
397,CC(N1C(C2=CC=C(Cl)C=C2)=O)=C(CC(O)=O)C3=C1C=CC(OC)=C3,CC[Se][Se]CC,NC(C1=CN(CC2=CC=C(OC)C=C2)C=CC1)=O,[H]C(N(C)C)=O,CC(N1C(C2=CC=C(Cl)C=C2)=O)=C(C[Se]CC)C3=C1C=CC(OC)=C3,0
398,CC(N1C(C2=CC=C(Cl)C=C2)=O)=C(CC(O)=O)C3=C1C=CC(OC)=C3,CC[Se][Se]CC,NC(C1=CN(CC2=CC=CC=C2)C=C(C(N)=O)C1)=O,[H]C(N(C)C)=O,CC(N1C(C2=CC=C(Cl)C=C2)=O)=C(C[Se]CC)C3=C1C=CC(OC)=C3,0.08634735
399,CC1=CC=C(S(N2CCC(C(O)=O)CC2)(=O)=O)C=C1,CC[Se][Se]CC,NC(C1=CN(CC2=CC=CC=C2)C=C(C(N)=O)C1C3=CC=CC=C3)=O,CC#N,CC1=CC=C(S(N2CCC([Se]CC)CC2)(=O)=O)C=C1,0
400,O=C1C2=CC(CC(O)=O)=CC=C2OCC3=CC=CC=C13,CC[Se][Se]CC,NC(C1=CN(CC2=CC=C(OC)C=C2)C=CC1)=O,CC#N,O=C1C2=CC(C[Se]CC)=CC=C2OCC3=CC=CC=C13,0
401,CC(C1=CC=C(CC2C(CCC2)=O)C=C1)C(O)=O,CC[Se][Se]CC,NC(C1=CN(CC2=CC=C(C(F)(F)F)C=C2)C=CC1)=O,CC#N,CC(C1=CC=C(CC2C(CCC2)=O)C=C1)[Se]CC,0.0252625
402,CC(N1C(C2=CC=C(Cl)C=C2)=O)=C(CC(O)=O)C3=C1C=CC(OC)=C3,CC[Se][Se]CC,NC(C1=CN(CC2=CC=CC=C2)C=CC1)=O,CC#N,CC(N1C(C2=CC=C(Cl)C=C2)=O)=C(C[Se]CC)C3=C1C=CC(OC)=C3,0
403,CC(N1C(C2=CC=C(Cl)C=C2)=O)=C(CC(O)=O)C3=C1C=CC(OC)=C3,CC[Se][Se]CC,NC(C1=CN(CC2=CC=C(C(F)(F)F)C=C2)C=CC1)=O,CC#N,CC(N1C(C2=CC=C(Cl)C=C2)=O)=C(C[Se]CC)C3=C1C=CC(OC)=C3,0
404,CC1=CC=C(CC(O)=O)C=C1,CC[Se][Se]CC,NC(C1=CN(CC2=CC=C(OC)C=C2)C=CC1)=O,CS(C)=O,CC1=CC=C(C[Se]CC)C=C1,0.1478656
405,BrC1=CC=C(CC(O)=O)C=C1,CC[Se][Se]CC,NC(C1=CN(CC2=CC=CC=C2)C=C(C(N)=O)C1C3=CC=CC=C3)=O,CS(C)=O,BrC1=CC=C(C[Se]CC)C=C1,0
406,COC1=CC=C(CC(O)=O)C=C1,CC[Se][Se]CC,NC(C1=CN(CC2=CC=C(C(F)(F)F)C=C2)C=CC1)=O,CS(C)=O,COC1=CC=C(C[Se]CC)C=C1,0.2951816
407,COC1=CC=C(CC(O)=O)C=C1,CC[Se][Se]CC,NC(C1=CN(CC2=CC=CC=C2)C=C(C(N)=O)C1C3=CC=CC=C3)=O,CS(C)=O,COC1=CC=C(C[Se]CC)C=C1,0.0673184
408,CC1=C(CC(O)=O)C=CC=C1,CC[Se][Se]CC,NC(C1=CN(CC2=CC=C(OC)C=C2)C=CC1)=O,CS(C)=O,CC1=C(C[Se]CC)C=CC=C1,0.5420558
409,O=C(CC1=CNC2=C1C=CC=C2)O,CC[Se][Se]CC,NC(C1=CN(CC2=CC=CC=C2)C=C(C(N)=O)C1)=O,CS(C)=O,CC[Se]CC1=CNC2=C1C=CC=C2,0.215
410,CC1=CC=C(CC(O)=O)C=C1,CC[Se][Se]CC,NC(C1=CN(CC2=CC=CC=C2)C=C(C(N)=O)C1)=O,[H]C(N(C)C)=O,CC1=CC=C(C[Se]CC)C=C1,0.0722416
411,COC1=CC=C(CC(O)=O)C=C1,CC[Se][Se]CC,NC(C1=CN(CC2=CC=CC=C2)C=C(C(N)=O)C1C3=CC=CC=C3)=O,[H]C(N(C)C)=O,COC1=CC=C(C[Se]CC)C=C1,0.043808
412,CC1=C(CC(O)=O)C=CC=C1,CC[Se][Se]CC,NC(C1=CN(CC2=CC=C(OC)C=C2)C=CC1)=O,[H]C(N(C)C)=O,CC1=C(C[Se]CC)C=CC=C1,0.026829
413,O=C(CC1=CNC2=C1C=CC=C2)O,CC[Se][Se]CC,NC(C1=CN(CC2=CC=C(C(F)(F)F)C=C2)C=CC1)=O,[H]C(N(C)C)=O,CC[Se]CC1=CNC2=C1C=CC=C2,0.018175
414,O=C(CC1=CNC2=C1C=CC=C2)O,CC[Se][Se]CC,NC(C1=CN(CC2=CC=CC=C2)C=C(C(N)=O)C1C3=CC=CC=C3)=O,[H]C(N(C)C)=O,CC[Se]CC1=CNC2=C1C=CC=C2,0
415,BrC1=CC=C(CC(O)=O)C=C1,CC[Se][Se]CC,NC(C1=CN(CC2=CC=CC=C2)C=CC1)=O,CC#N,BrC1=CC=C(C[Se]CC)C=C1,0
416,BrC1=CC=C(CC(O)=O)C=C1,CC[Se][Se]CC,NC(C1=CN(CC2=CC=C(OC)C=C2)C=CC1)=O,CC#N,BrC1=CC=C(C[Se]CC)C=C1,0
417,BrC1=CC=C(CC(O)=O)C=C1,CC[Se][Se]CC,NC(C1=CN(CC2=CC=C(C(F)(F)F)C=C2)C=CC1)=O,CC#N,BrC1=CC=C(C[Se]CC)C=C1,0
418,CC1=C(CC(O)=O)C=CC=C1,CC[Se][Se]CC,NC(C1=CN(CC2=CC=C(OC)C=C2)C=CC1)=O,CC#N,CC1=C(C[Se]CC)C=CC=C1,0.0175
419,CC1=C(CC(O)=O)C=CC=C1,CC[Se][Se]CC,NC(C1=CN(CC2=CC=CC=C2)C=C(C(N)=O)C1C3=CC=CC=C3)=O,CC#N,CC1=C(C[Se]CC)C=CC=C1,0
420,O=C(CC1=CNC2=C1C=CC=C2)O,CC[Se][Se]CC,NC(C1=CN(CC2=CC=CC=C2)C=CC1)=O,CC#N,CC[Se]CC1=CNC2=C1C=CC=C2,0.1329979
421,O=C(CC1=CNC2=C1C=CC=C2)O,CC[Se][Se]CC,NC(C1=CN(CC2=CC=C(C(F)(F)F)C=C2)C=CC1)=O,CC#N,CC[Se]CC1=CNC2=C1C=CC=C2,0.1625224
422,O=C(CC1=CNC2=C1C=CC=C2)O,CC[Se][Se]CC,NC(C1=CN(CC2=CC=CC=C2)C=C(C(N)=O)C1C3=CC=CC=C3)=O,CC#N,CC[Se]CC1=CNC2=C1C=CC=C2,0
423,CC(C1=CC=C(CC2C(CCC2)=O)C=C1)C(O)=O,C1([Se][Se]C2=CC=CC=C2)=CC=CC=C1,NC(C1=CN(CC2=CC=CC=C2)C=CC1)=O,CS(C)=O,CC(C1=CC=C(CC2C(CCC2)=O)C=C1)[Se]C3=CC=CC=C3,0.676829083
424,CC(N1C(C2=CC=C(Cl)C=C2)=O)=C(CC(O)=O)C3=C1C=CC(OC)=C3,C1([Se][Se]C2=CC=CC=C2)=CC=CC=C1,NC(C1=CN(CC2=CC=C(C(F)(F)F)C=C2)C=CC1)=O,CS(C)=O,CC(N1C(C2=CC=C(Cl)C=C2)=O)=C(C[Se]C3=CC=CC=C3)C4=C1C=CC(OC)=C4,0.794648567
425,COC1=CC=C(CC(O)=O)C=C1,C1([Se][Se]C2=CC=CC=C2)=CC=CC=C1,NC(C1=CN(CC2=CC=CC=C2)C=CC1)=O,CS(C)=O,COC1=CC=C(C[Se]C2=CC=CC=C2)C=C1,0.16393635
426,COC1=CC=C(CC(O)=O)C=C1,C1([Se][Se]C2=CC=CC=C2)=CC=CC=C1,NC(C1=CN(CC2=CC=C(OC)C=C2)C=CC1)=O,CS(C)=O,COC1=CC=C(C[Se]C2=CC=CC=C2)C=C1,0.15801585
427,CC1=C(CC(O)=O)C=CC=C1,C1([Se][Se]C2=CC=CC=C2)=CC=CC=C1,NC(C1=CN(CC2=CC=CC=C2)C=CC1)=O,CS(C)=O,CC1=C(C[Se]C2=CC=CC=C2)C=CC=C1,0.3069538
428,CC1=C(CC(O)=O)C=CC=C1,C1([Se][Se]C2=CC=CC=C2)=CC=CC=C1,NC(C1=CN(CC2=CC=C(C(F)(F)F)C=C2)C=CC1)=O,CS(C)=O,CC1=C(C[Se]C2=CC=CC=C2)C=CC=C1,0.2594086
429,CC1=C(CC(O)=O)C=CC=C1,C1([Se][Se]C2=CC=CC=C2)=CC=CC=C1,NC(C1=CN(CC2=CC=CC=C2)C=C(C(N)=O)C1)=O,CS(C)=O,CC1=C(C[Se]C2=CC=CC=C2)C=CC=C1,0.2062996
430,O=C(CCCC1=CNC2=C1C=CC=C2)O,C1([Se][Se]C2=CC=CC=C2)=CC=CC=C1,NC(C1=CN(CC2=CC=CC=C2)C=C(C(N)=O)C1)=O,CS(C)=O,C1(CCC[Se]C2=CC=CC=C2)=CNC3=C1C=CC=C3,0.749577095
431,CC1=CC=C(S(N2CCC(C(O)=O)CC2)(=O)=O)C=C1,C1([Se][Se]C2=CC=CC=C2)=CC=CC=C1,NC(C1=CN(CC2=CC=CC=C2)C=C(C(N)=O)C1)=O,CS(C)=O,CC1=CC=C(S(N2CCC([Se]C3=CC=CC=C3)CC2)(=O)=O)C=C1,0.99
432,O=C(CCC1=CC=CC=C1)O,C1([Se][Se]C2=CC=CC=C2)=CC=CC=C1,NC(C1=CN(CC2=CC=CC=C2)C=C(C(N)=O)C1C3=CC=CC=C3)=O,CS(C)=O,C1(CC[Se]C2=CC=CC=C2)=CC=CC=C1,0.646181
433,FC1(F)CCC(C(O)=O)CC1,C1([Se][Se]C2=CC=CC=C2)=CC=CC=C1,NC(C1=CN(CC2=CC=CC=C2)C=CC1)=O,CS(C)=O,FC1(F)CCC([Se]C2=CC=CC=C2)CC1,0.26764575
434,O=C1C2=CC(CC(O)=O)=CC=C2OCC3=CC=CC=C13,C1([Se][Se]C2=CC=CC=C2)=CC=CC=C1,NC(C1=CN(CC2=CC=C(OC)C=C2)C=CC1)=O,CS(C)=O,O=C1C2=CC(C[Se]C3=CC=CC=C3)=CC=C2OCC4=CC=CC=C14,0.711339167
435,O=C(OCC1=CC=CC=C1)[C@H](NC(OC(C)(C)C)=O)CC(O)=O,C1([Se][Se]C2=CC=CC=C2)=CC=CC=C1,NC(C1=CN(CC2=CC=C(OC)C=C2)C=CC1)=O,CS(C)=O,O=C(OCC1=CC=CC=C1)[C@H](NC(OC(C)(C)C)=O)C[Se]C2=CC=CC=C2,0.85502
436,O=C(C1CCC1)O,C1([Se][Se]C2=CC=CC=C2)=CC=CC=C1,NC(C1=CN(CC2=CC=C(C(F)(F)F)C=C2)C=CC1)=O,CS(C)=O,C1([Se]C2=CC=CC=C2)CCC1,0.6802298
437,CC(C1=CC=C2C=C(OC)C=CC2=C1)C(O)=O,C1([Se][Se]C2=CC=CC=C2)=CC=CC=C1,NC(C1=CN(CC2=CC=CC=C2)C=C(C(N)=O)C1)=O,CS(C)=O,CC(C1=CC=C2C=C(OC)C=CC2=C1)[Se]C3=CC=CC=C3,0.6406874
438,CC(C1=CC=C2C=C(OC)C=CC2=C1)C(O)=O,C1([Se][Se]C2=CC=CC=C2)=CC=CC=C1,NC(C1=CN(CC2=CC=CC=C2)C=C(C(N)=O)C1C3=CC=CC=C3)=O,CS(C)=O,CC(C1=CC=C2C=C(OC)C=CC2=C1)[Se]C3=CC=CC=C3,0.31871125
439,O=C(C1(C2=CC=CC=C2)CC1)O,C1([Se][Se]C2=CC=CC=C2)=CC=CC=C1,NC(C1=CN(CC2=CC=CC=C2)C=CC1)=O,CS(C)=O,C1(C2([Se]C3=CC=CC=C3)CC2)=CC=CC=C1,0.8
440,O=C(C1(C2=CC=CC=C2)CC1)O,C1([Se][Se]C2=CC=CC=C2)=CC=CC=C1,NC(C1=CN(CC2=CC=CC=C2)C=C(C(N)=O)C1C3=CC=CC=C3)=O,CS(C)=O,C1(C2([Se]C3=CC=CC=C3)CC2)=CC=CC=C1,0.4187428
441,O=C(CCCC1=CNC2=C1C=CC=C2)O,C1([Se][Se]C2=CC=CC=C2)=CC=CC=C1,NC(C1=CN(CC2=CC=C(C(F)(F)F)C=C2)C=CC1)=O,[H]C(N(C)C)=O,C1(CCC[Se]C2=CC=CC=C2)=CNC3=C1C=CC=C3,0.629424
442,O=C(CCCC1=CNC2=C1C=CC=C2)O,C1([Se][Se]C2=CC=CC=C2)=CC=CC=C1,NC(C1=CN(CC2=CC=CC=C2)C=C(C(N)=O)C1)=O,[H]C(N(C)C)=O,C1(CCC[Se]C2=CC=CC=C2)=CNC3=C1C=CC=C3,0.51044
443,O=C(CCC1=CC=CC=C1)O,C1([Se][Se]C2=CC=CC=C2)=CC=CC=C1,NC(C1=CN(CC2=CC=CC=C2)C=CC1)=O,[H]C(N(C)C)=O,C1(CC[Se]C2=CC=CC=C2)=CC=CC=C1,0.0821093
444,FC1(F)CCC(C(O)=O)CC1,C1([Se][Se]C2=CC=CC=C2)=CC=CC=C1,NC(C1=CN(CC2=CC=C(C(F)(F)F)C=C2)C=CC1)=O,[H]C(N(C)C)=O,FC1(F)CCC([Se]C2=CC=CC=C2)CC1,0.251859
445,O=C1C2=CC(CC(O)=O)=CC=C2OCC3=CC=CC=C13,C1([Se][Se]C2=CC=CC=C2)=CC=CC=C1,NC(C1=CN(CC2=CC=CC=C2)C=CC1)=O,[H]C(N(C)C)=O,O=C1C2=CC(C[Se]C3=CC=CC=C3)=CC=C2OCC4=CC=CC=C14,0.6974601
446,O=C1C2=CC(CC(O)=O)=CC=C2OCC3=CC=CC=C13,C1([Se][Se]C2=CC=CC=C2)=CC=CC=C1,NC(C1=CN(CC2=CC=CC=C2)C=C(C(N)=O)C1C3=CC=CC=C3)=O,[H]C(N(C)C)=O,O=C1C2=CC(C[Se]C3=CC=CC=C3)=CC=C2OCC4=CC=CC=C14,0.235
447,CC1=C(CC(O)=O)C=CC=C1,C1([Se][Se]C2=CC=CC=C2)=CC=CC=C1,NC(C1=CN(CC2=CC=C(OC)C=C2)C=CC1)=O,[H]C(N(C)C)=O,CC1=C(C[Se]C2=CC=CC=C2)C=CC=C1,0.6256078
448,CC1=C(CC(O)=O)C=CC=C1,C1([Se][Se]C2=CC=CC=C2)=CC=CC=C1,NC(C1=CN(CC2=CC=CC=C2)C=C(C(N)=O)C1C3=CC=CC=C3)=O,[H]C(N(C)C)=O,CC1=C(C[Se]C2=CC=CC=C2)C=CC=C1,0.2867218
449,O=C(N1CCC(C(O)=O)CC1)OCC2=CC=CC=C2,C1([Se][Se]C2=CC=CC=C2)=CC=CC=C1,NC(C1=CN(CC2=CC=CC=C2)C=CC1)=O,[H]C(N(C)C)=O,O=C(N1CCC([Se]C2=CC=CC=C2)CC1)OCC3=CC=CC=C3,0.841868041
450,O=C(OCC1=CC=CC=C1)[C@H](NC(OC(C)(C)C)=O)CC(O)=O,C1([Se][Se]C2=CC=CC=C2)=CC=CC=C1,NC(C1=CN(CC2=CC=CC=C2)C=CC1)=O,[H]C(N(C)C)=O,O=C(OCC1=CC=CC=C1)[C@H](NC(OC(C)(C)C)=O)C[Se]C2=CC=CC=C2,0.8718146
451,O=C(OCC1=CC=CC=C1)[C@H](NC(OC(C)(C)C)=O)CC(O)=O,C1([Se][Se]C2=CC=CC=C2)=CC=CC=C1,NC(C1=CN(CC2=CC=C(C(F)(F)F)C=C2)C=CC1)=O,[H]C(N(C)C)=O,O=C(OCC1=CC=CC=C1)[C@H](NC(OC(C)(C)C)=O)C[Se]C2=CC=CC=C2,0.8126684
452,CC(C1=CC=C2C=C(OC)C=CC2=C1)C(O)=O,C1([Se][Se]C2=CC=CC=C2)=CC=CC=C1,NC(C1=CN(CC2=CC=C(OC)C=C2)C=CC1)=O,[H]C(N(C)C)=O,CC(C1=CC=C2C=C(OC)C=CC2=C1)[Se]C3=CC=CC=C3,0.60557355
453,O=C(CCC1=CC=CC=C1)O,C1([Se][Se]C2=CC=CC=C2)=CC=CC=C1,NC(C1=CN(CC2=CC=CC=C2)C=C(C(N)=O)C1)=O,CC#N,C1(CC[Se]C2=CC=CC=C2)=CC=CC=C1,0.0640859
454,FC1(F)CCC(C(O)=O)CC1,C1([Se][Se]C2=CC=CC=C2)=CC=CC=C1,NC(C1=CN(CC2=CC=CC=C2)C=CC1)=O,CC#N,FC1(F)CCC([Se]C2=CC=CC=C2)CC1,0.23301675
455,FC1(F)CCC(C(O)=O)CC1,C1([Se][Se]C2=CC=CC=C2)=CC=CC=C1,NC(C1=CN(CC2=CC=C(C(F)(F)F)C=C2)C=CC1)=O,CC#N,FC1(F)CCC([Se]C2=CC=CC=C2)CC1,0.22385025
456,O=C1C2=CC(CC(O)=O)=CC=C2OCC3=CC=CC=C13,C1([Se][Se]C2=CC=CC=C2)=CC=CC=C1,NC(C1=CN(CC2=CC=CC=C2)C=C(C(N)=O)C1C3=CC=CC=C3)=O,CC#N,O=C1C2=CC(C[Se]C3=CC=CC=C3)=CC=C2OCC4=CC=CC=C14,0.3804496
457,CC(C1=CC=C(CC2C(CCC2)=O)C=C1)C(O)=O,C1([Se][Se]C2=CC=CC=C2)=CC=CC=C1,NC(C1=CN(CC2=CC=C(C(F)(F)F)C=C2)C=CC1)=O,CC#N,CC(C1=CC=C(CC2C(CCC2)=O)C=C1)[Se]C3=CC=CC=C3,0.58282135
458,CC(C1=CC=C(CC2C(CCC2)=O)C=C1)C(O)=O,C1([Se][Se]C2=CC=CC=C2)=CC=CC=C1,NC(C1=CN(CC2=CC=CC=C2)C=C(C(N)=O)C1C3=CC=CC=C3)=O,CC#N,CC(C1=CC=C(CC2C(CCC2)=O)C=C1)[Se]C3=CC=CC=C3,0.2166577
459,CC(N1C(C2=CC=C(Cl)C=C2)=O)=C(CC(O)=O)C3=C1C=CC(OC)=C3,C1([Se][Se]C2=CC=CC=C2)=CC=CC=C1,NC(C1=CN(CC2=CC=C(OC)C=C2)C=CC1)=O,CC#N,CC(N1C(C2=CC=C(Cl)C=C2)=O)=C(C[Se]C3=CC=CC=C3)C4=C1C=CC(OC)=C4,0.5409103
460,CC(N1C(C2=CC=C(Cl)C=C2)=O)=C(CC(O)=O)C3=C1C=CC(OC)=C3,C1([Se][Se]C2=CC=CC=C2)=CC=CC=C1,NC(C1=CN(CC2=CC=C(C(F)(F)F)C=C2)C=CC1)=O,CC#N,CC(N1C(C2=CC=C(Cl)C=C2)=O)=C(C[Se]C3=CC=CC=C3)C4=C1C=CC(OC)=C4,0.5246532
461,CC1=C(CC(O)=O)C=CC=C1,C1([Se][Se]C2=CC=CC=C2)=CC=CC=C1,NC(C1=CN(CC2=CC=CC=C2)C=C(C(N)=O)C1)=O,CC#N,CC1=C(C[Se]C2=CC=CC=C2)C=CC=C1,0.0522798
462,CC(N(C(C1=C2C=CC=C1)=O)C2=O)C(O)=O,C1(C[Se][Se]CC2=CC=CC=C2)=CC=CC=C1,NC(C1=CN(CC2=CC=CC=C2)C=C(C(N)=O)C1)=O,CS(C)=O,CC(N(C(C1=C2C=CC=C1)=O)C2=O)[Se]CC3=CC=CC=C3,0.158555
463,O=C(CCCC1=CNC2=C1C=CC=C2)O,C1(C[Se][Se]CC2=CC=CC=C2)=CC=CC=C1,NC(C1=CN(CC2=CC=CC=C2)C=C(C(N)=O)C1C3=CC=CC=C3)=O,CS(C)=O,C1(CCC[Se]CC2=CC=CC=C2)=CNC3=C1C=CC=C3,0.0219828
464,CC1=CC=C(S(N2CCC(C(O)=O)CC2)(=O)=O)C=C1,C1(C[Se][Se]CC2=CC=CC=C2)=CC=CC=C1,NC(C1=CN(CC2=CC=CC=C2)C=C(C(N)=O)C1)=O,CS(C)=O,CC1=CC=C(S(N2CCC([Se]CC3=CC=CC=C3)CC2)(=O)=O)C=C1,0.04666
465,CC(C1=CC=C(CC2C(CCC2)=O)C=C1)C(O)=O,C1(C[Se][Se]CC2=CC=CC=C2)=CC=CC=C1,NC(C1=CN(CC2=CC=C(C(F)(F)F)C=C2)C=CC1)=O,CS(C)=O,CC(C1=CC=C(CC2C(CCC2)=O)C=C1)[Se]CC3=CC=CC=C3,0.105
466,CC(N1C(C2=CC=C(Cl)C=C2)=O)=C(CC(O)=O)C3=C1C=CC(OC)=C3,C1(C[Se][Se]CC2=CC=CC=C2)=CC=CC=C1,NC(C1=CN(CC2=CC=CC=C2)C=CC1)=O,CS(C)=O,CC(N1C(C2=CC=C(Cl)C=C2)=O)=C(C[Se]CC3=CC=CC=C3)C4=C1C=CC(OC)=C4,0.1123184
467,CC(N1C(C2=CC=C(Cl)C=C2)=O)=C(CC(O)=O)C3=C1C=CC(OC)=C3,C1(C[Se][Se]CC2=CC=CC=C2)=CC=CC=C1,NC(C1=CN(CC2=CC=C(OC)C=C2)C=CC1)=O,CS(C)=O,CC(N1C(C2=CC=C(Cl)C=C2)=O)=C(C[Se]CC3=CC=CC=C3)C4=C1C=CC(OC)=C4,0.1467392
468,CC(N1C(C2=CC=C(Cl)C=C2)=O)=C(CC(O)=O)C3=C1C=CC(OC)=C3,C1(C[Se][Se]CC2=CC=CC=C2)=CC=CC=C1,NC(C1=CN(CC2=CC=C(C(F)(F)F)C=C2)C=CC1)=O,CS(C)=O,CC(N1C(C2=CC=C(Cl)C=C2)=O)=C(C[Se]CC3=CC=CC=C3)C4=C1C=CC(OC)=C4,0.0824514
469,CC(N1C(C2=CC=C(Cl)C=C2)=O)=C(CC(O)=O)C3=C1C=CC(OC)=C3,C1(C[Se][Se]CC2=CC=CC=C2)=CC=CC=C1,NC(C1=CN(CC2=CC=CC=C2)C=C(C(N)=O)C1C3=CC=CC=C3)=O,CS(C)=O,CC(N1C(C2=CC=C(Cl)C=C2)=O)=C(C[Se]CC3=CC=CC=C3)C4=C1C=CC(OC)=C4,0.05
470,O=C(CCCC1=CNC2=C1C=CC=C2)O,C1(C[Se][Se]CC2=CC=CC=C2)=CC=CC=C1,NC(C1=CN(CC2=CC=C(OC)C=C2)C=CC1)=O,[H]C(N(C)C)=O,C1(CCC[Se]CC2=CC=CC=C2)=CNC3=C1C=CC=C3,0.1323975
471,O=C(CCCC1=CNC2=C1C=CC=C2)O,C1(C[Se][Se]CC2=CC=CC=C2)=CC=CC=C1,NC(C1=CN(CC2=CC=C(C(F)(F)F)C=C2)C=CC1)=O,[H]C(N(C)C)=O,C1(CCC[Se]CC2=CC=CC=C2)=CNC3=C1C=CC=C3,0.0671818
472,CC1=CC=C(S(N2CCC(C(O)=O)CC2)(=O)=O)C=C1,C1(C[Se][Se]CC2=CC=CC=C2)=CC=CC=C1,NC(C1=CN(CC2=CC=C(C(F)(F)F)C=C2)C=CC1)=O,[H]C(N(C)C)=O,CC1=CC=C(S(N2CCC([Se]CC3=CC=CC=C3)CC2)(=O)=O)C=C1,0.0993352
473,O=C1C2=CC(CC(O)=O)=CC=C2OCC3=CC=CC=C13,C1(C[Se][Se]CC2=CC=CC=C2)=CC=CC=C1,NC(C1=CN(CC2=CC=CC=C2)C=CC1)=O,[H]C(N(C)C)=O,O=C1C2=CC(C[Se]CC3=CC=CC=C3)=CC=C2OCC4=CC=CC=C14,0.2960896
474,O=C1C2=CC(CC(O)=O)=CC=C2OCC3=CC=CC=C13,C1(C[Se][Se]CC2=CC=CC=C2)=CC=CC=C1,NC(C1=CN(CC2=CC=C(OC)C=C2)C=CC1)=O,[H]C(N(C)C)=O,O=C1C2=CC(C[Se]CC3=CC=CC=C3)=CC=C2OCC4=CC=CC=C14,0.3145432
475,CC(N1C(C2=CC=C(Cl)C=C2)=O)=C(CC(O)=O)C3=C1C=CC(OC)=C3,C1(C[Se][Se]CC2=CC=CC=C2)=CC=CC=C1,NC(C1=CN(CC2=CC=CC=C2)C=CC1)=O,[H]C(N(C)C)=O,CC(N1C(C2=CC=C(Cl)C=C2)=O)=C(C[Se]CC3=CC=CC=C3)C4=C1C=CC(OC)=C4,0.016806
476,CC(N1C(C2=CC=C(Cl)C=C2)=O)=C(CC(O)=O)C3=C1C=CC(OC)=C3,C1(C[Se][Se]CC2=CC=CC=C2)=CC=CC=C1,NC(C1=CN(CC2=CC=CC=C2)C=C(C(N)=O)C1)=O,[H]C(N(C)C)=O,CC(N1C(C2=CC=C(Cl)C=C2)=O)=C(C[Se]CC3=CC=CC=C3)C4=C1C=CC(OC)=C4,0.0151254
477,O=C(CCCC1=CNC2=C1C=CC=C2)O,C1(C[Se][Se]CC2=CC=CC=C2)=CC=CC=C1,NC(C1=CN(CC2=CC=C(C(F)(F)F)C=C2)C=CC1)=O,CC#N,C1(CCC[Se]CC2=CC=CC=C2)=CNC3=C1C=CC=C3,0.0265951
478,CC1=CC=C(S(N2CCC(C(O)=O)CC2)(=O)=O)C=C1,C1(C[Se][Se]CC2=CC=CC=C2)=CC=CC=C1,NC(C1=CN(CC2=CC=C(OC)C=C2)C=CC1)=O,CC#N,CC1=CC=C(S(N2CCC([Se]CC3=CC=CC=C3)CC2)(=O)=O)C=C1,0.0082048
479,O=C1C2=CC(CC(O)=O)=CC=C2OCC3=CC=CC=C13,C1(C[Se][Se]CC2=CC=CC=C2)=CC=CC=C1,NC(C1=CN(CC2=CC=C(C(F)(F)F)C=C2)C=CC1)=O,CC#N,O=C1C2=CC(C[Se]CC3=CC=CC=C3)=CC=C2OCC4=CC=CC=C14,0.34737815
480,O=C1C2=CC(CC(O)=O)=CC=C2OCC3=CC=CC=C13,C1(C[Se][Se]CC2=CC=CC=C2)=CC=CC=C1,NC(C1=CN(CC2=CC=CC=C2)C=C(C(N)=O)C1)=O,CC#N,O=C1C2=CC(C[Se]CC3=CC=CC=C3)=CC=C2OCC4=CC=CC=C14,0.34486075
481,CC(C1=CC=C(CC2C(CCC2)=O)C=C1)C(O)=O,C1(C[Se][Se]CC2=CC=CC=C2)=CC=CC=C1,NC(C1=CN(CC2=CC=C(OC)C=C2)C=CC1)=O,CC#N,CC(C1=CC=C(CC2C(CCC2)=O)C=C1)[Se]CC3=CC=CC=C3,0.03
482,CC(N1C(C2=CC=C(Cl)C=C2)=O)=C(CC(O)=O)C3=C1C=CC(OC)=C3,C1(C[Se][Se]CC2=CC=CC=C2)=CC=CC=C1,NC(C1=CN(CC2=CC=C(OC)C=C2)C=CC1)=O,CC#N,CC(N1C(C2=CC=C(Cl)C=C2)=O)=C(C[Se]CC3=CC=CC=C3)C4=C1C=CC(OC)=C4,0
483,O=C(C1CCCCC1)O,C1(C[Se][Se]CC2=CC=CC=C2)=CC=CC=C1,NC(C1=CN(CC2=CC=CC=C2)C=C(C(N)=O)C1)=O,CS(C)=O,C1([Se]CC2=CC=CC=C2)CCCCC1,0
484,O=C(N1CCC(C(O)=O)CC1)OCC2=CC=CC=C2,C1(C[Se][Se]CC2=CC=CC=C2)=CC=CC=C1,NC(C1=CN(CC2=CC=CC=C2)C=C(C(N)=O)C1)=O,CS(C)=O,O=C(N1CCC([Se]CC2=CC=CC=C2)CC1)OCC3=CC=CC=C3,0.0172731
485,O=C(OCC1=CC=CC=C1)[C@H](NC(OC(C)(C)C)=O)CC(O)=O,C1(C[Se][Se]CC2=CC=CC=C2)=CC=CC=C1,NC(C1=CN(CC2=CC=C(OC)C=C2)C=CC1)=O,CS(C)=O,O=C(OCC1=CC=CC=C1)[C@H](NC(OC(C)(C)C)=O)C[Se]CC2=CC=CC=C2,0.0442665
486,O=C(OCC1=CC=CC=C1)[C@H](NC(OC(C)(C)C)=O)CC(O)=O,C1(C[Se][Se]CC2=CC=CC=C2)=CC=CC=C1,NC(C1=CN(CC2=CC=C(C(F)(F)F)C=C2)C=CC1)=O,CS(C)=O,O=C(OCC1=CC=CC=C1)[C@H](NC(OC(C)(C)C)=O)C[Se]CC2=CC=CC=C2,0.036069
487,O=C(C1CCCCC1)O,C1(C[Se][Se]CC2=CC=CC=C2)=CC=CC=C1,NC(C1=CN(CC2=CC=C(OC)C=C2)C=CC1)=O,[H]C(N(C)C)=O,C1([Se]CC2=CC=CC=C2)CCCCC1,0.0260312
488,O=C(OCC1=CC=CC=C1)[C@H](NC(OC(C)(C)C)=O)CC(O)=O,C1(C[Se][Se]CC2=CC=CC=C2)=CC=CC=C1,NC(C1=CN(CC2=CC=C(OC)C=C2)C=CC1)=O,[H]C(N(C)C)=O,O=C(OCC1=CC=CC=C1)[C@H](NC(OC(C)(C)C)=O)C[Se]CC2=CC=CC=C2,0.03622936
489,CC(C1=CC=C2C=C(OC)C=CC2=C1)C(O)=O,C1(C[Se][Se]CC2=CC=CC=C2)=CC=CC=C1,NC(C1=CN(CC2=CC=CC=C2)C=C(C(N)=O)C1)=O,[H]C(N(C)C)=O,CC(C1=CC=C2C=C(OC)C=CC2=C1)[Se]CC3=CC=CC=C3,0.0084575
490,O=C(C1CCCCC1)O,C1(C[Se][Se]CC2=CC=CC=C2)=CC=CC=C1,NC(C1=CN(CC2=CC=CC=C2)C=C(C(N)=O)C1C3=CC=CC=C3)=O,CC#N,C1([Se]CC2=CC=CC=C2)CCCCC1,0
491,O=C(N1CCC(C(O)=O)CC1)OCC2=CC=CC=C2,C1(C[Se][Se]CC2=CC=CC=C2)=CC=CC=C1,NC(C1=CN(CC2=CC=CC=C2)C=C(C(N)=O)C1)=O,CC#N,O=C(N1CCC([Se]CC2=CC=CC=C2)CC1)OCC3=CC=CC=C3,0
492,O=C(N1CCC(C(O)=O)CC1)OCC2=CC=CC=C2,C1(C[Se][Se]CC2=CC=CC=C2)=CC=CC=C1,NC(C1=CN(CC2=CC=CC=C2)C=C(C(N)=O)C1C3=CC=CC=C3)=O,CC#N,O=C(N1CCC([Se]CC2=CC=CC=C2)CC1)OCC3=CC=CC=C3,0
493,O=C(OCC1=CC=CC=C1)[C@H](NC(OC(C)(C)C)=O)CC(O)=O,C1(C[Se][Se]CC2=CC=CC=C2)=CC=CC=C1,NC(C1=CN(CC2=CC=C(OC)C=C2)C=CC1)=O,CC#N,O=C(OCC1=CC=CC=C1)[C@H](NC(OC(C)(C)C)=O)C[Se]CC2=CC=CC=C2,0.05570895
494,O=C(OCC1=CC=CC=C1)[C@H](NC(OC(C)(C)C)=O)CC(O)=O,C1(C[Se][Se]CC2=CC=CC=C2)=CC=CC=C1,NC(C1=CN(CC2=CC=CC=C2)C=C(C(N)=O)C1C3=CC=CC=C3)=O,CC#N,O=C(OCC1=CC=CC=C1)[C@H](NC(OC(C)(C)C)=O)C[Se]CC2=CC=CC=C2,0.01298725
495,O=C(C1CCC1)O,C1(C[Se][Se]CC2=CC=CC=C2)=CC=CC=C1,NC(C1=CN(CC2=CC=C(OC)C=C2)C=CC1)=O,CC#N,C1([Se]CC2=CC=CC=C2)CCC1,0.0305014
496,CC(C1=CC=C2C=C(OC)C=CC2=C1)C(O)=O,C1(C[Se][Se]CC2=CC=CC=C2)=CC=CC=C1,NC(C1=CN(CC2=CC=C(OC)C=C2)C=CC1)=O,CC#N,CC(C1=CC=C2C=C(OC)C=CC2=C1)[Se]CC3=CC=CC=C3,0.0687589
497,CC(C1=CC=C2C=C(OC)C=CC2=C1)C(O)=O,C1(C[Se][Se]CC2=CC=CC=C2)=CC=CC=C1,NC(C1=CN(CC2=CC=C(C(F)(F)F)C=C2)C=CC1)=O,CC#N,CC(C1=CC=C2C=C(OC)C=CC2=C1)[Se]CC3=CC=CC=C3,0.0255695
498,CC(C1=CC=C2C=C(OC)C=CC2=C1)C(O)=O,C1(C[Se][Se]CC2=CC=CC=C2)=CC=CC=C1,NC(C1=CN(CC2=CC=CC=C2)C=C(C(N)=O)C1)=O,CC#N,CC(C1=CC=C2C=C(OC)C=CC2=C1)[Se]CC3=CC=CC=C3,0.0019874
499,CC1=CC=C(S(N2CCC(C(O)=O)CC2)(=O)=O)C=C1,CC[Se][Se]CC,NC(C1=CN(CC2=CC=CC=C2)C=CC1)=O,CS(C)=O,CC1=CC=C(S(N2CCC([Se]CC)CC2)(=O)=O)C=C1,0.3211247
500,CC1=CC=C(S(N2CCC(C(O)=O)CC2)(=O)=O)C=C1,CC[Se][Se]CC,NC(C1=CN(CC2=CC=C(OC)C=C2)C=CC1)=O,CS(C)=O,CC1=CC=C(S(N2CCC([Se]CC)CC2)(=O)=O)C=C1,0.3777252
501,CC1=CC=C(S(N2CCC(C(O)=O)CC2)(=O)=O)C=C1,CC[Se][Se]CC,NC(C1=CN(CC2=CC=CC=C2)C=C(C(N)=O)C1C3=CC=CC=C3)=O,CS(C)=O,CC1=CC=C(S(N2CCC([Se]CC)CC2)(=O)=O)C=C1,0
502,O=C1C2=CC(CC(O)=O)=CC=C2OCC3=CC=CC=C13,CC[Se][Se]CC,NC(C1=CN(CC2=CC=C(C(F)(F)F)C=C2)C=CC1)=O,CS(C)=O,O=C1C2=CC(C[Se]CC)=CC=C2OCC3=CC=CC=C13,0
503,O=C1C2=CC(CC(O)=O)=CC=C2OCC3=CC=CC=C13,CC[Se][Se]CC,NC(C1=CN(CC2=CC=CC=C2)C=C(C(N)=O)C1)=O,CS(C)=O,O=C1C2=CC(C[Se]CC)=CC=C2OCC3=CC=CC=C13,0
504,O=C1C2=CC(CC(O)=O)=CC=C2OCC3=CC=CC=C13,CC[Se][Se]CC,NC(C1=CN(CC2=CC=CC=C2)C=C(C(N)=O)C1C3=CC=CC=C3)=O,CS(C)=O,O=C1C2=CC(C[Se]CC)=CC=C2OCC3=CC=CC=C13,0
505,CC(N1C(C2=CC=C(Cl)C=C2)=O)=C(CC(O)=O)C3=C1C=CC(OC)=C3,CC[Se][Se]CC,NC(C1=CN(CC2=CC=C(C(F)(F)F)C=C2)C=CC1)=O,CS(C)=O,CC(N1C(C2=CC=C(Cl)C=C2)=O)=C(C[Se]CC)C3=C1C=CC(OC)=C3,0.1480945
506,CC(N(C(C1=C2C=CC=C1)=O)C2=O)C(O)=O,CC[Se][Se]CC,NC(C1=CN(CC2=CC=CC=C2)C=C(C(N)=O)C1)=O,[H]C(N(C)C)=O,CC(N(C(C1=C2C=CC=C1)=O)C2=O)[Se]CC,0
507,CC(N(C(C1=C2C=CC=C1)=O)C2=O)C(O)=O,CC[Se][Se]CC,NC(C1=CN(CC2=CC=CC=C2)C=C(C(N)=O)C1C3=CC=CC=C3)=O,[H]C(N(C)C)=O,CC(N(C(C1=C2C=CC=C1)=O)C2=O)[Se]CC,0
508,CC1=CC=C(S(N2CCC(C(O)=O)CC2)(=O)=O)C=C1,CC[Se][Se]CC,NC(C1=CN(CC2=CC=C(OC)C=C2)C=CC1)=O,[H]C(N(C)C)=O,CC1=CC=C(S(N2CCC([Se]CC)CC2)(=O)=O)C=C1,0
509,CC1=CC=C(S(N2CCC(C(O)=O)CC2)(=O)=O)C=C1,CC[Se][Se]CC,NC(C1=CN(CC2=CC=CC=C2)C=C(C(N)=O)C1)=O,[H]C(N(C)C)=O,CC1=CC=C(S(N2CCC([Se]CC)CC2)(=O)=O)C=C1,0
510,CC1=CC=C(S(N2CCC(C(O)=O)CC2)(=O)=O)C=C1,CC[Se][Se]CC,NC(C1=CN(CC2=CC=CC=C2)C=C(C(N)=O)C1C3=CC=CC=C3)=O,[H]C(N(C)C)=O,CC1=CC=C(S(N2CCC([Se]CC)CC2)(=O)=O)C=C1,0
511,O=C1C2=CC(CC(O)=O)=CC=C2OCC3=CC=CC=C13,CC[Se][Se]CC,NC(C1=CN(CC2=CC=C(OC)C=C2)C=CC1)=O,[H]C(N(C)C)=O,O=C1C2=CC(C[Se]CC)=CC=C2OCC3=CC=CC=C13,0
512,CC(C1=CC=C(CC2C(CCC2)=O)C=C1)C(O)=O,CC[Se][Se]CC,NC(C1=CN(CC2=CC=C(C(F)(F)F)C=C2)C=CC1)=O,[H]C(N(C)C)=O,CC(C1=CC=C(CC2C(CCC2)=O)C=C1)[Se]CC,0.011776
513,CC(N(C(C1=C2C=CC=C1)=O)C2=O)C(O)=O,CC[Se][Se]CC,NC(C1=CN(CC2=CC=C(C(F)(F)F)C=C2)C=CC1)=O,CC#N,CC(N(C(C1=C2C=CC=C1)=O)C2=O)[Se]CC,0
514,CC1=CC=C(S(N2CCC(C(O)=O)CC2)(=O)=O)C=C1,CC[Se][Se]CC,NC(C1=CN(CC2=CC=CC=C2)C=C(C(N)=O)C1)=O,CC#N,CC1=CC=C(S(N2CCC([Se]CC)CC2)(=O)=O)C=C1,0
515,O=C1C2=CC(CC(O)=O)=CC=C2OCC3=CC=CC=C13,CC[Se][Se]CC,NC(C1=CN(CC2=CC=C(C(F)(F)F)C=C2)C=CC1)=O,CC#N,O=C1C2=CC(C[Se]CC)=CC=C2OCC3=CC=CC=C13,0
516,CC(C1=CC=C(CC2C(CCC2)=O)C=C1)C(O)=O,CC[Se][Se]CC,NC(C1=CN(CC2=CC=CC=C2)C=CC1)=O,CC#N,CC(C1=CC=C(CC2C(CCC2)=O)C=C1)[Se]CC,0.025762
517,CC(C1=CC=C(CC2C(CCC2)=O)C=C1)C(O)=O,CC[Se][Se]CC,NC(C1=CN(CC2=CC=C(OC)C=C2)C=CC1)=O,CC#N,CC(C1=CC=C(CC2C(CCC2)=O)C=C1)[Se]CC,0.038749
518,CC(C1=CC=C(CC2C(CCC2)=O)C=C1)C(O)=O,CC[Se][Se]CC,NC(C1=CN(CC2=CC=CC=C2)C=C(C(N)=O)C1C3=CC=CC=C3)=O,CC#N,CC(C1=CC=C(CC2C(CCC2)=O)C=C1)[Se]CC,0.019768
519,CC1=CC=C(CC(O)=O)C=C1,CC[Se][Se]CC,NC(C1=CN(CC2=CC=C(C(F)(F)F)C=C2)C=CC1)=O,CS(C)=O,CC1=CC=C(C[Se]CC)C=C1,0.1149856
520,BrC1=CC=C(CC(O)=O)C=C1,CC[Se][Se]CC,NC(C1=CN(CC2=CC=CC=C2)C=CC1)=O,CS(C)=O,BrC1=CC=C(C[Se]CC)C=C1,0.016918
521,BrC1=CC=C(CC(O)=O)C=C1,CC[Se][Se]CC,NC(C1=CN(CC2=CC=CC=C2)C=C(C(N)=O)C1)=O,CS(C)=O,BrC1=CC=C(C[Se]CC)C=C1,0
522,CC1=C(CC(O)=O)C=CC=C1,CC[Se][Se]CC,NC(C1=CN(CC2=CC=C(C(F)(F)F)C=C2)C=CC1)=O,CS(C)=O,CC1=C(C[Se]CC)C=CC=C1,0.4047016
523,CC1=CC=C(CC(O)=O)C=C1,CC[Se][Se]CC,NC(C1=CN(CC2=CC=CC=C2)C=C(C(N)=O)C1C3=CC=CC=C3)=O,[H]C(N(C)C)=O,CC1=CC=C(C[Se]CC)C=C1,0.022264
524,BrC1=CC=C(CC(O)=O)C=C1,CC[Se][Se]CC,NC(C1=CN(CC2=CC=CC=C2)C=CC1)=O,[H]C(N(C)C)=O,BrC1=CC=C(C[Se]CC)C=C1,0
525,BrC1=CC=C(CC(O)=O)C=C1,CC[Se][Se]CC,NC(C1=CN(CC2=CC=C(OC)C=C2)C=CC1)=O,[H]C(N(C)C)=O,BrC1=CC=C(C[Se]CC)C=C1,0
526,BrC1=CC=C(CC(O)=O)C=C1,CC[Se][Se]CC,NC(C1=CN(CC2=CC=CC=C2)C=C(C(N)=O)C1C3=CC=CC=C3)=O,[H]C(N(C)C)=O,BrC1=CC=C(C[Se]CC)C=C1,0
527,O=C(CC1=CNC2=C1C=CC=C2)O,CC[Se][Se]CC,NC(C1=CN(CC2=CC=CC=C2)C=C(C(N)=O)C1)=O,[H]C(N(C)C)=O,CC[Se]CC1=CNC2=C1C=CC=C2,0
528,CC1=CC=C(CC(O)=O)C=C1,CC[Se][Se]CC,NC(C1=CN(CC2=CC=CC=C2)C=CC1)=O,CC#N,CC1=CC=C(C[Se]CC)C=C1,0
529,CC1=CC=C(CC(O)=O)C=C1,CC[Se][Se]CC,NC(C1=CN(CC2=CC=C(OC)C=C2)C=CC1)=O,CC#N,CC1=CC=C(C[Se]CC)C=C1,0
530,BrC1=CC=C(CC(O)=O)C=C1,CC[Se][Se]CC,NC(C1=CN(CC2=CC=CC=C2)C=C(C(N)=O)C1)=O,CC#N,BrC1=CC=C(C[Se]CC)C=C1,0
531,COC1=CC=C(CC(O)=O)C=C1,CC[Se][Se]CC,NC(C1=CN(CC2=CC=C(OC)C=C2)C=CC1)=O,CC#N,COC1=CC=C(C[Se]CC)C=C1,0.110084
532,O=C(CC1=CNC2=C1C=CC=C2)O,CC[Se][Se]CC,NC(C1=CN(CC2=CC=CC=C2)C=C(C(N)=O)C1)=O,CC#N,CC[Se]CC1=CNC2=C1C=CC=C2,0
1,O=C(C1CCCCC1)O,C1(C[Se][Se]CC2=CC=CC=C2)=CC=CC=C1,OC(C1=CN(CC2=CC=CC=C2)C=CC1)=O,CC#N,C1([Se]CC2=CC=CC=C2)CCCCC1,0
2,O=C1C2=CC(CC(O)=O)=CC=C2OCC3=CC=CC=C13,CC[Se][Se]CC,CC1=C(C(OCC)=O)CC(C(OCC)=O)=C(C)N1,[H]C(N(C)C)=O,O=C1C2=CC(C[Se]CC)=CC=C2OCC3=CC=CC=C13,0
3,O=C1C2=CC(CC(O)=O)=CC=C2OCC3=CC=CC=C13,CC[Se][Se]CC,CC1=C(C(OCC)=O)CC(C(OCC)=O)=C(C)N1,CC#N,O=C1C2=CC(C[Se]CC)=CC=C2OCC3=CC=CC=C13,0
4,COC1=CC=C(CC(O)=O)C=C1,C1([Se][Se]C2=CC=CC=C2)=CC=CC=C1,OC(C1=CN(CC2=CC=CC=C2)C=CC1)=O,CS(C)=O,COC1=CC=C(C[Se]C2=CC=CC=C2)C=C1,0
5,CC1=CC=C(CC(O)=O)C=C1,CC[Se][Se]CC,CC1=C(C(OCC)=O)CC(C(OCC)=O)=C(C)N1,CC#N,CC1=CC=C(C[Se]CC)C=C1,0
6,CC1=CC=C(S(N2CCC(C(O)=O)CC2)(=O)=O)C=C1,CC[Se][Se]CC,CC1=C(C(OCC)=O)CC(C(OCC)=O)=C(C)N1,[H]C(N(C)C)=O,CC1=CC=C(S(N2CCC([Se]CC)CC2)(=O)=O)C=C1,0
7,CC1=CC=C(S(N2CCC(C(O)=O)CC2)(=O)=O)C=C1,CC[Se][Se]CC,CC1=C(C(OCC)=O)CC(C(OCC)=O)=C(C)N1,CC#N,CC1=CC=C(S(N2CCC([Se]CC)CC2)(=O)=O)C=C1,0
8,CC1=CC=C(S(N2CCC(C(O)=O)CC2)(=O)=O)C=C1,C1(C[Se][Se]CC2=CC=CC=C2)=CC=CC=C1,CC1=C(C(OCC)=O)CC(C(OCC)=O)=C(C)N1,CC#N,CC1=CC=C(S(N2CCC([Se]CC3=CC=CC=C3)CC2)(=O)=O)C=C1,0
9,BrC1=CC=C(CC(O)=O)C=C1,CC[Se][Se]CC,CC1=C(C(OCC)=O)CC(C(OCC)=O)=C(C)N1,[H]C(N(C)C)=O,BrC1=CC=C(C[Se]CC)C=C1,0
10,CC(N1C(C2=CC=C(Cl)C=C2)=O)=C(CC(O)=O)C3=C1C=CC(OC)=C3,CC[Se][Se]CC,CC1=C(C(OCC)=O)CC(C(OCC)=O)=C(C)N1,CC#N,CC(N1C(C2=CC=C(Cl)C=C2)=O)=C(C[Se]CC)C3=C1C=CC(OC)=C3,0
11,CC(C1=CC=C2C=C(OC)C=CC2=C1)C(O)=O,C1(C[Se][Se]CC2=CC=CC=C2)=CC=CC=C1,OC(C1=CN(CC2=CC=CC=C2)C=CC1)=O,CS(C)=O,CC(C1=CC=C2C=C(OC)C=CC2=C1)[Se]CC3=CC=CC=C3,0
12,BrC1=CC=C(CC(O)=O)C=C1,CC[Se][Se]CC,CC1=C(C(OCC)=O)CC(C(OCC)=O)=C(C)N1,CC#N,BrC1=CC=C(C[Se]CC)C=C1,0
13,O=C(C1(C2=CC=CC=C2)CC1)O,C1([Se][Se]C2=CC=CC=C2)=CC=CC=C1,N#CC1=CN(CC2=CC=CC=C2)C=CC1,CC#N,C1(C2([Se]C3=CC=CC=C3)CC2)=CC=CC=C1,0
14,CC(N1C(C2=CC=C(Cl)C=C2)=O)=C(CC(O)=O)C3=C1C=CC(OC)=C3,C1(C[Se][Se]CC2=CC=CC=C2)=CC=CC=C1,CC1=C(C(OCC)=O)CC(C(OCC)=O)=C(C)N1,CC#N,CC(N1C(C2=CC=C(Cl)C=C2)=O)=C(C[Se]CC3=CC=CC=C3)C4=C1C=CC(OC)=C4,0
15,CC1=C(CC(O)=O)C=CC=C1,C1([Se][Se]C2=CC=CC=C2)=CC=CC=C1,CC1=C(C(OCC)=O)CC(C(OCC)=O)=C(C)N1,CC#N,CC1=C(C[Se]C2=CC=CC=C2)C=CC=C1,0
16,CC1=C(CC(O)=O)C=CC=C1,CC[Se][Se]CC,CC1=C(C(OCC)=O)CC(C(OCC)=O)=C(C)N1,CC#N,CC1=C(C[Se]CC)C=CC=C1,0
17,CC(N1C(C2=CC=C(Cl)C=C2)=O)=C(CC(O)=O)C3=C1C=CC(OC)=C3,CC[Se][Se]CC,NC(C1=CN(CCCC)C=CC1)=O,CC#N,CC(N1C(C2=CC=C(Cl)C=C2)=O)=C(C[Se]CC)C3=C1C=CC(OC)=C3,0
18,CC1=CC=C(CC(O)=O)C=C1,CC[Se][Se]CC,NC(C1=CN(CCCC)C=CC1)=O,CC#N,CC1=CC=C(C[Se]CC)C=C1,0
19,CC1=C(CC(O)=O)C=CC=C1,CC[Se][Se]CC,OC(C1=CN(CC2=CC=CC=C2)C=CC1)=O,CC#N,CC1=C(C[Se]CC)C=CC=C1,0
20,BrC1=CC=C(CC(O)=O)C=C1,CC[Se][Se]CC,OC(C1=CN(CC2=CC=CC=C2)C=CC1)=O,CC#N,BrC1=CC=C(C[Se]CC)C=C1,0
21,O=C1C2=CC(CC(O)=O)=CC=C2OCC3=CC=CC=C13,CC[Se][Se]CC,OC(C1=CN(CC2=CC=CC=C2)C=CC1)=O,CC#N,O=C1C2=CC(C[Se]CC)=CC=C2OCC3=CC=CC=C13,0
22,COC1=CC=C(CC(O)=O)C=C1,C1([Se][Se]C2=CC=CC=C2)=CC=CC=C1,CC1=C(C(OCC)=O)CC(C(OCC)=O)=C(C)N1,CC#N,COC1=CC=C(C[Se]C2=CC=CC=C2)C=C1,0
23,CC1=CC=C(S(N2CCC(C(O)=O)CC2)(=O)=O)C=C1,CC[Se][Se]CC,NC(C1=CN(CCCC)C=CC1)=O,[H]C(N(C)C)=O,CC1=CC=C(S(N2CCC([Se]CC)CC2)(=O)=O)C=C1,0
24,CC1=CC=C(S(N2CCC(C(O)=O)CC2)(=O)=O)C=C1,CC[Se][Se]CC,OC(C1=CN(CC2=CC=CC=C2)C=CC1)=O,[H]C(N(C)C)=O,CC1=CC=C(S(N2CCC([Se]CC)CC2)(=O)=O)C=C1,0
25,O=C1C2=CC(CC(O)=O)=CC=C2OCC3=CC=CC=C13,CC[Se][Se]CC,NC(C1=CN(CCCC)C=CC1)=O,[H]C(N(C)C)=O,O=C1C2=CC(C[Se]CC)=CC=C2OCC3=CC=CC=C13,0
26,O=C1C2=CC(CC(O)=O)=CC=C2OCC3=CC=CC=C13,CC[Se][Se]CC,OC(C1=CN(CC2=CC=CC=C2)C=CC1)=O,[H]C(N(C)C)=O,O=C1C2=CC(C[Se]CC)=CC=C2OCC3=CC=CC=C13,0
27,O=C1C2=CC(CC(O)=O)=CC=C2OCC3=CC=CC=C13,CC[Se][Se]CC,NC(C1=CN(CCCC)C=CC1)=O,CC#N,O=C1C2=CC(C[Se]CC)=CC=C2OCC3=CC=CC=C13,0
28,CC(N1C(C2=CC=C(Cl)C=C2)=O)=C(CC(O)=O)C3=C1C=CC(OC)=C3,CC[Se][Se]CC,OC(C1=CN(CC2=CC=CC=C2)C=CC1)=O,CC#N,CC(N1C(C2=CC=C(Cl)C=C2)=O)=C(C[Se]CC)C3=C1C=CC(OC)=C3,0
29,BrC1=CC=C(CC(O)=O)C=C1,CC[Se][Se]CC,NC(C1=CN(CCCC)C=CC1)=O,[H]C(N(C)C)=O,BrC1=CC=C(C[Se]CC)C=C1,0
30,BrC1=CC=C(CC(O)=O)C=C1,CC[Se][Se]CC,OC(C1=CN(CC2=CC=CC=C2)C=CC1)=O,[H]C(N(C)C)=O,BrC1=CC=C(C[Se]CC)C=C1,0
31,CC1=CC=C(CC(O)=O)C=C1,CC[Se][Se]CC,OC(C1=CN(CC2=CC=CC=C2)C=CC1)=O,CC#N,CC1=CC=C(C[Se]CC)C=C1,0
32,BrC1=CC=C(CC(O)=O)C=C1,CC[Se][Se]CC,NC(C1=CN(CCCC)C=CC1)=O,CC#N,BrC1=CC=C(C[Se]CC)C=C1,0
33,CC1=CC=C(S(N2CCC(C(O)=O)CC2)(=O)=O)C=C1,C1(C[Se][Se]CC2=CC=CC=C2)=CC=CC=C1,OC(C1=CN(CC2=CC=CC=C2)C=CC1)=O,CC#N,CC1=CC=C(S(N2CCC([Se]CC3=CC=CC=C3)CC2)(=O)=O)C=C1,0
34,CC1=CC=C(S(N2CCC(C(O)=O)CC2)(=O)=O)C=C1,CC[Se][Se]CC,OC(C1=CN(CC2=CC=CC=C2)C=CC1)=O,CC#N,CC1=CC=C(S(N2CCC([Se]CC)CC2)(=O)=O)C=C1,0
35,O=C(C1CCCCC1)O,C1(C[Se][Se]CC2=CC=CC=C2)=CC=CC=C1,CC1=C(C(OCC)=O)CC(C(OCC)=O)=C(C)N1,CC#N,C1([Se]CC2=CC=CC=C2)CCCCC1,0
36,CC1=C(CC(O)=O)C=CC=C1,CC[Se][Se]CC,CC1=C(C(OCC)=O)CC(C(OCC)=O)=C(C)N1,[H]C(N(C)C)=O,CC1=C(C[Se]CC)C=CC=C1,0
37,O=C(OCC1=CC=CC=C1)[C@H](NC(OC(C)(C)C)=O)CC(O)=O,C1(C[Se][Se]CC2=CC=CC=C2)=CC=CC=C1,OC(C1=CN(CC2=CC=CC=C2)C=CC1)=O,[H]C(N(C)C)=O,O=C(OCC1=CC=CC=C1)[C@H](NC(OC(C)(C)C)=O)C[Se]CC2=CC=CC=C2,0
38,O=C(C1CCC1)O,C1(C[Se][Se]CC2=CC=CC=C2)=CC=CC=C1,CC1=C(C(OCC)=O)CC(C(OCC)=O)=C(C)N1,[H]C(N(C)C)=O,C1([Se]CC2=CC=CC=C2)CCC1,0
39,O=C(C1CCC1)O,C1(C[Se][Se]CC2=CC=CC=C2)=CC=CC=C1,OC(C1=CN(CC2=CC=CC=C2)C=CC1)=O,[H]C(N(C)C)=O,C1([Se]CC2=CC=CC=C2)CCC1,0
40,CC(C1=CC=C(CC2C(CCC2)=O)C=C1)C(O)=O,C1(C[Se][Se]CC2=CC=CC=C2)=CC=CC=C1,OC(C1=CN(CC2=CC=CC=C2)C=CC1)=O,CC#N,CC(C1=CC=C(CC2C(CCC2)=O)C=C1)[Se]CC3=CC=CC=C3,0
41,CC(N1C(C2=CC=C(Cl)C=C2)=O)=C(CC(O)=O)C3=C1C=CC(OC)=C3,C1(C[Se][Se]CC2=CC=CC=C2)=CC=CC=C1,CC1=C(C(OCC)=O)CC(C(OCC)=O)=C(C)N1,[H]C(N(C)C)=O,CC(N1C(C2=CC=C(Cl)C=C2)=O)=C(C[Se]CC3=CC=CC=C3)C4=C1C=CC(OC)=C4,0
42,O=C1C2=CC(CC(O)=O)=CC=C2OCC3=CC=CC=C13,CC[Se][Se]CC,NC(C1=CN(CCCC)C=CC1)=O,CS(C)=O,O=C1C2=CC(C[Se]CC)=CC=C2OCC3=CC=CC=C13,0
43,O=C1C2=CC(CC(O)=O)=CC=C2OCC3=CC=CC=C13,CC[Se][Se]CC,OC(C1=CN(CC2=CC=CC=C2)C=CC1)=O,CS(C)=O,O=C1C2=CC(C[Se]CC)=CC=C2OCC3=CC=CC=C13,0
44,O=C(C1CCCCC1)O,C1(C[Se][Se]CC2=CC=CC=C2)=CC=CC=C1,NC(C1=CN(CCCC)C=CC1)=O,CC#N,C1([Se]CC2=CC=CC=C2)CCCCC1,0
45,BrC1=CC=C(CC(O)=O)C=C1,CC[Se][Se]CC,OC(C1=CN(CC2=CC=CC=C2)C=CC1)=O,CS(C)=O,BrC1=CC=C(C[Se]CC)C=C1,0
46,CC1=C(CC(O)=O)C=CC=C1,CC[Se][Se]CC,OC(C1=CN(CC2=CC=CC=C2)C=CC1)=O,[H]C(N(C)C)=O,CC1=C(C[Se]CC)C=CC=C1,0
47,CC(N1C(C2=CC=C(Cl)C=C2)=O)=C(CC(O)=O)C3=C1C=CC(OC)=C3,C1(C[Se][Se]CC2=CC=CC=C2)=CC=CC=C1,NC(C1=CN(CCCC)C=CC1)=O,CC#N,CC(N1C(C2=CC=C(Cl)C=C2)=O)=C(C[Se]CC3=CC=CC=C3)C4=C1C=CC(OC)=C4,0
48,BrC1=CC=C(CC(O)=O)C=C1,CC[Se][Se]CC,CC1=C(C(OCC)=O)CC(C(OCC)=O)=C(C)N1,CS(C)=O,BrC1=CC=C(C[Se]CC)C=C1,0
49,CC(C1=CC=C(CC2C(CCC2)=O)C=C1)C(O)=O,C1(C[Se][Se]CC2=CC=CC=C2)=CC=CC=C1,CC1=C(C(OCC)=O)CC(C(OCC)=O)=C(C)N1,[H]C(N(C)C)=O,CC(C1=CC=C(CC2C(CCC2)=O)C=C1)[Se]CC3=CC=CC=C3,0
50,CC(N1C(C2=CC=C(Cl)C=C2)=O)=C(CC(O)=O)C3=C1C=CC(OC)=C3,C1(C[Se][Se]CC2=CC=CC=C2)=CC=CC=C1,OC(C1=CN(CC2=CC=CC=C2)C=CC1)=O,[H]C(N(C)C)=O,CC(N1C(C2=CC=C(Cl)C=C2)=O)=C(C[Se]CC3=CC=CC=C3)C4=C1C=CC(OC)=C4,0
51,O=C(CC1=CNC2=C1C=CC=C2)O,CC[Se][Se]CC,CC1=C(C(OCC)=O)CC(C(OCC)=O)=C(C)N1,[H]C(N(C)C)=O,CC[Se]CC1=CNC2=C1C=CC=C2,0
52,CC(C1=CC=C2C=C(OC)C=CC2=C1)C(O)=O,C1(C[Se][Se]CC2=CC=CC=C2)=CC=CC=C1,CC1=C(C(OCC)=O)CC(C(OCC)=O)=C(C)N1,CS(C)=O,CC(C1=CC=C2C=C(OC)C=CC2=C1)[Se]CC3=CC=CC=C3,0.01
53,O=C(CCC1=CC=CC=C1)O,C1([Se][Se]C2=CC=CC=C2)=CC=CC=C1,N#CC1=CN(CC2=CC=CC=C2)C=CC1,CC#N,C1(CC[Se]C2=CC=CC=C2)=CC=CC=C1,0.01
54,CC(C1=CC=C(CC2C(CCC2)=O)C=C1)C(O)=O,C1(C[Se][Se]CC2=CC=CC=C2)=CC=CC=C1,OC(C1=CN(CC2=CC=CC=C2)C=CC1)=O,[H]C(N(C)C)=O,CC(C1=CC=C(CC2C(CCC2)=O)C=C1)[Se]CC3=CC=CC=C3,0.01
55,O=C(C1CCCCC1)O,C1(C[Se][Se]CC2=CC=CC=C2)=CC=CC=C1,CC1=C(C(OCC)=O)CC(C(OCC)=O)=C(C)N1,[H]C(N(C)C)=O,C1([Se]CC2=CC=CC=C2)CCCCC1,0.01
56,CC(C1=CC=C(CC2C(CCC2)=O)C=C1)C(O)=O,C1(C[Se][Se]CC2=CC=CC=C2)=CC=CC=C1,CC1=C(C(OCC)=O)CC(C(OCC)=O)=C(C)N1,CC#N,CC(C1=CC=C(CC2C(CCC2)=O)C=C1)[Se]CC3=CC=CC=C3,0.01
57,CC(C1=CC=C2C=C(OC)C=CC2=C1)C(O)=O,C1(C[Se][Se]CC2=CC=CC=C2)=CC=CC=C1,CC1=C(C(OCC)=O)CC(C(OCC)=O)=C(C)N1,[H]C(N(C)C)=O,CC(C1=CC=C2C=C(OC)C=CC2=C1)[Se]CC3=CC=CC=C3,0.01
58,O=C(OCC1=CC=CC=C1)[C@H](NC(OC(C)(C)C)=O)CC(O)=O,C1(C[Se][Se]CC2=CC=CC=C2)=CC=CC=C1,CC1=C(C(OCC)=O)CC(C(OCC)=O)=C(C)N1,[H]C(N(C)C)=O,O=C(OCC1=CC=CC=C1)[C@H](NC(OC(C)(C)C)=O)C[Se]CC2=CC=CC=C2,0.01
59,O=C(CC1=CNC2=C1C=CC=C2)O,CC[Se][Se]CC,CC1=C(C(OCC)=O)CC(C(OCC)=O)=C(C)N1,CC#N,CC[Se]CC1=CNC2=C1C=CC=C2,0.01
60,O=C(C1CCCCC1)O,C1(C[Se][Se]CC2=CC=CC=C2)=CC=CC=C1,CC1=C(C(OCC)=O)CC(C(OCC)=O)=C(C)N1,CS(C)=O,C1([Se]CC2=CC=CC=C2)CCCCC1,0.01
61,CC1=CC=C(S(N2CCC(C(O)=O)CC2)(=O)=O)C=C1,CC[Se][Se]CC,NC(C1=CN(CCCC)C=CC1)=O,CC#N,CC1=CC=C(S(N2CCC([Se]CC)CC2)(=O)=O)C=C1,0.01
62,CC1=CC=C(S(N2CCC(C(O)=O)CC2)(=O)=O)C=C1,C1(C[Se][Se]CC2=CC=CC=C2)=CC=CC=C1,NC(C1=CN(CCCC)C=CC1)=O,CC#N,CC1=CC=C(S(N2CCC([Se]CC3=CC=CC=C3)CC2)(=O)=O)C=C1,0.01
63,CC(C1=CC=C2C=C(OC)C=CC2=C1)C(O)=O,C1([Se][Se]C2=CC=CC=C2)=CC=CC=C1,OC(C1=CN(CC2=CC=CC=C2)C=CC1)=O,CC#N,CC(C1=CC=C2C=C(OC)C=CC2=C1)[Se]C3=CC=CC=C3,0.01
64,O=C(OCC1=CC=CC=C1)[C@H](NC(OC(C)(C)C)=O)CC(O)=O,C1(C[Se][Se]CC2=CC=CC=C2)=CC=CC=C1,NC(C1=CN(CCCC)C=CC1)=O,[H]C(N(C)C)=O,O=C(OCC1=CC=CC=C1)[C@H](NC(OC(C)(C)C)=O)C[Se]CC2=CC=CC=C2,0.01
65,O=C(C1CCCCC1)O,C1(C[Se][Se]CC2=CC=CC=C2)=CC=CC=C1,OC(C1=CN(CC2=CC=CC=C2)C=CC1)=O,CS(C)=O,C1([Se]CC2=CC=CC=C2)CCCCC1,0.01
66,FC1(F)CCC(C(O)=O)CC1,C1([Se][Se]C2=CC=CC=C2)=CC=CC=C1,N#CC1=CN(CC2=CC=CC=C2)C=CC1,CC#N,FC1(F)CCC([Se]C2=CC=CC=C2)CC1,0.01
67,CC(C1=CC=C2C=C(OC)C=CC2=C1)C(O)=O,C1(C[Se][Se]CC2=CC=CC=C2)=CC=CC=C1,CC1=C(C(OCC)=O)CC(C(OCC)=O)=C(C)N1,CC#N,CC(C1=CC=C2C=C(OC)C=CC2=C1)[Se]CC3=CC=CC=C3,0.01
68,O=C(C1CCCCC1)O,C1(C[Se][Se]CC2=CC=CC=C2)=CC=CC=C1,OC(C1=CN(CC2=CC=CC=C2)C=CC1)=O,[H]C(N(C)C)=O,C1([Se]CC2=CC=CC=C2)CCCCC1,0.0101848
69,CC(C1=CC=C2C=C(OC)C=CC2=C1)C(O)=O,C1([Se][Se]C2=CC=CC=C2)=CC=CC=C1,CC1=C(C(OCC)=O)CC(C(OCC)=O)=C(C)N1,CC#N,CC(C1=CC=C2C=C(OC)C=CC2=C1)[Se]C3=CC=CC=C3,0.01081
70,CC(N1C(C2=CC=C(Cl)C=C2)=O)=C(CC(O)=O)C3=C1C=CC(OC)=C3,C1(C[Se][Se]CC2=CC=CC=C2)=CC=CC=C1,OC(C1=CN(CC2=CC=CC=C2)C=CC1)=O,CC#N,CC(N1C(C2=CC=C(Cl)C=C2)=O)=C(C[Se]CC3=CC=CC=C3)C4=C1C=CC(OC)=C4,0.0109239
71,O=C(N1CCC(C(O)=O)CC1)OCC2=CC=CC=C2,C1(C[Se][Se]CC2=CC=CC=C2)=CC=CC=C1,OC(C1=CN(CC2=CC=CC=C2)C=CC1)=O,CC#N,O=C(N1CCC([Se]CC2=CC=CC=C2)CC1)OCC3=CC=CC=C3,0.0113358
72,CC(C1=CC=C2C=C(OC)C=CC2=C1)C(O)=O,C1(C[Se][Se]CC2=CC=CC=C2)=CC=CC=C1,OC(C1=CN(CC2=CC=CC=C2)C=CC1)=O,CC#N,CC(C1=CC=C2C=C(OC)C=CC2=C1)[Se]CC3=CC=CC=C3,0.0118753
73,CC(C1=CC=C(CC2C(CCC2)=O)C=C1)C(O)=O,CC[Se][Se]CC,NC(C1=CN(CCCC)C=CC1)=O,[H]C(N(C)C)=O,CC(C1=CC=C(CC2C(CCC2)=O)C=C1)[Se]CC,0.0122755
74,O=C(C1CCC1)O,C1(C[Se][Se]CC2=CC=CC=C2)=CC=CC=C1,OC(C1=CN(CC2=CC=CC=C2)C=CC1)=O,CS(C)=O,C1([Se]CC2=CC=CC=C2)CCC1,0.01295035
75,O=C(C1CCC1)O,C1(C[Se][Se]CC2=CC=CC=C2)=CC=CC=C1,CC1=C(C(OCC)=O)CC(C(OCC)=O)=C(C)N1,CS(C)=O,C1([Se]CC2=CC=CC=C2)CCC1,0.0134822
76,O=C(OCC1=CC=CC=C1)[C@H](NC(OC(C)(C)C)=O)CC(O)=O,C1(C[Se][Se]CC2=CC=CC=C2)=CC=CC=C1,OC(C1=CN(CC2=CC=CC=C2)C=CC1)=O,CS(C)=O,O=C(OCC1=CC=CC=C1)[C@H](NC(OC(C)(C)C)=O)C[Se]CC2=CC=CC=C2,0.0136625
77,CC(C1=CC=C(CC2C(CCC2)=O)C=C1)C(O)=O,C1(C[Se][Se]CC2=CC=CC=C2)=CC=CC=C1,OC(C1=CN(CC2=CC=CC=C2)C=CC1)=O,CS(C)=O,CC(C1=CC=C(CC2C(CCC2)=O)C=C1)[Se]CC3=CC=CC=C3,0.0142851
78,O=C(CCCC1=CNC2=C1C=CC=C2)O,CC[Se][Se]CC,CC1=C(C(OCC)=O)CC(C(OCC)=O)=C(C)N1,CC#N,CC[Se]CCCC1=CNC2=C1C=CC=C2,0.015
79,CC1=C(CC(O)=O)C=CC=C1,C1([Se][Se]C2=CC=CC=C2)=CC=CC=C1,N#CC1=CN(CC2=CC=CC=C2)C=CC1,CC#N,CC1=C(C[Se]C2=CC=CC=C2)C=CC=C1,0.015
80,O=C(N1CCC(C(O)=O)CC1)OCC2=CC=CC=C2,C1(C[Se][Se]CC2=CC=CC=C2)=CC=CC=C1,CC1=C(C(OCC)=O)CC(C(OCC)=O)=C(C)N1,CS(C)=O,O=C(N1CCC([Se]CC2=CC=CC=C2)CC1)OCC3=CC=CC=C3,0.015294
81,O=C(N1CCC(C(O)=O)CC1)OCC2=CC=CC=C2,C1(C[Se][Se]CC2=CC=CC=C2)=CC=CC=C1,CC1=C(C(OCC)=O)CC(C(OCC)=O)=C(C)N1,[H]C(N(C)C)=O,O=C(N1CCC([Se]CC2=CC=CC=C2)CC1)OCC3=CC=CC=C3,0.0159537
82,O=C(N1CCC(C(O)=O)CC1)OCC2=CC=CC=C2,C1(C[Se][Se]CC2=CC=CC=C2)=CC=CC=C1,OC(C1=CN(CC2=CC=CC=C2)C=CC1)=O,CS(C)=O,O=C(N1CCC([Se]CC2=CC=CC=C2)CC1)OCC3=CC=CC=C3,0.0159537
83,O=C(C1CCC1)O,C1(C[Se][Se]CC2=CC=CC=C2)=CC=CC=C1,OC(C1=CN(CC2=CC=CC=C2)C=CC1)=O,CC#N,C1([Se]CC2=CC=CC=C2)CCC1,0.01720515
84,O=C(C1CCC1)O,C1(C[Se][Se]CC2=CC=CC=C2)=CC=CC=C1,CC1=C(C(OCC)=O)CC(C(OCC)=O)=C(C)N1,CC#N,C1([Se]CC2=CC=CC=C2)CCC1,0.01720515
85,O=C(N1CCC(C(O)=O)CC1)OCC2=CC=CC=C2,C1(C[Se][Se]CC2=CC=CC=C2)=CC=CC=C1,CC1=C(C(OCC)=O)CC(C(OCC)=O)=C(C)N1,CC#N,O=C(N1CCC([Se]CC2=CC=CC=C2)CC1)OCC3=CC=CC=C3,0.0185925
86,CC(N1C(C2=CC=C(Cl)C=C2)=O)=C(CC(O)=O)C3=C1C=CC(OC)=C3,C1(C[Se][Se]CC2=CC=CC=C2)=CC=CC=C1,NC(C1=CN(CCCC)C=CC1)=O,[H]C(N(C)C)=O,CC(N1C(C2=CC=C(Cl)C=C2)=O)=C(C[Se]CC3=CC=CC=C3)C4=C1C=CC(OC)=C4,0.0201672
87,CC(C1=CC=C(CC2C(CCC2)=O)C=C1)C(O)=O,CC[Se][Se]CC,CC1=C(C(OCC)=O)CC(C(OCC)=O)=C(C)N1,CC#N,CC(C1=CC=C(CC2C(CCC2)=O)C=C1)[Se]CC,0.021766
88,CC(C1=CC=C(CC2C(CCC2)=O)C=C1)C(O)=O,CC[Se][Se]CC,OC(C1=CN(CC2=CC=CC=C2)C=CC1)=O,CC#N,CC(C1=CC=C(CC2C(CCC2)=O)C=C1)[Se]CC,0.0222655
89,CC(N1C(C2=CC=C(Cl)C=C2)=O)=C(CC(O)=O)C3=C1C=CC(OC)=C3,CC[Se][Se]CC,NC(C1=CN(CCCC)C=CC1)=O,[H]C(N(C)C)=O,CC(N1C(C2=CC=C(Cl)C=C2)=O)=C(C[Se]CC)C3=C1C=CC(OC)=C3,0.023
90,CC1=C(CC(O)=O)C=CC=C1,CC[Se][Se]CC,NC(C1=CN(CCCC)C=CC1)=O,[H]C(N(C)C)=O,CC1=C(C[Se]CC)C=CC=C1,0.025203
91,O=C(CC1=CNC2=C1C=CC=C2)O,CC[Se][Se]CC,OC(C1=CN(CC2=CC=CC=C2)C=CC1)=O,[H]C(N(C)C)=O,CC[Se]CC1=CNC2=C1C=CC=C2,0.027125
92,CC1=CC=C(CC(O)=O)C=C1,C1([Se][Se]C2=CC=CC=C2)=CC=CC=C1,CC1=C(C(OCC)=O)CC(C(OCC)=O)=C(C)N1,CC#N,CC1=CC=C(C[Se]C2=CC=CC=C2)C=C1,0.0271607
93,CC(C1=CC=C2C=C(OC)C=CC2=C1)C(O)=O,C1(C[Se][Se]CC2=CC=CC=C2)=CC=CC=C1,OC(C1=CN(CC2=CC=CC=C2)C=CC1)=O,[H]C(N(C)C)=O,CC(C1=CC=C2C=C(OC)C=CC2=C1)[Se]CC3=CC=CC=C3,0.0273625
94,O=C(CCCC1=CNC2=C1C=CC=C2)O,C1(C[Se][Se]CC2=CC=CC=C2)=CC=CC=C1,OC(C1=CN(CC2=CC=CC=C2)C=CC1)=O,CC#N,C1(CCC[Se]CC2=CC=CC=C2)=CNC3=C1C=CC=C3,0.02859265
95,O=C(CCCC1=CNC2=C1C=CC=C2)O,CC[Se][Se]CC,OC(C1=CN(CC2=CC=CC=C2)C=CC1)=O,CC#N,CC[Se]CCCC1=CNC2=C1C=CC=C2,0.02859265
96,COC1=CC=C(CC(O)=O)C=C1,C1([Se][Se]C2=CC=CC=C2)=CC=CC=C1,N#CC1=CN(CC2=CC=CC=C2)C=CC1,CC#N,COC1=CC=C(C[Se]C2=CC=CC=C2)C=C1,0.03
97,O=C(N1CCC(C(O)=O)CC1)OCC2=CC=CC=C2,C1(C[Se][Se]CC2=CC=CC=C2)=CC=CC=C1,OC(C1=CN(CC2=CC=CC=C2)C=CC1)=O,[H]C(N(C)C)=O,O=C(N1CCC([Se]CC2=CC=CC=C2)CC1)OCC3=CC=CC=C3,0.0304671
98,O=C(CCC1=CC=CC=C1)O,C1([Se][Se]C2=CC=CC=C2)=CC=CC=C1,CC1=C(C(OCC)=O)CC(C(OCC)=O)=C(C)N1,[H]C(N(C)C)=O,C1(CC[Se]C2=CC=CC=C2)=CC=CC=C1,0.0322799
99,O=C(OCC1=CC=CC=C1)[C@H](NC(OC(C)(C)C)=O)CC(O)=O,C1(C[Se][Se]CC2=CC=CC=C2)=CC=CC=C1,OC(C1=CN(CC2=CC=CC=C2)C=CC1)=O,CC#N,O=C(OCC1=CC=CC=C1)[C@H](NC(OC(C)(C)C)=O)C[Se]CC2=CC=CC=C2,0.03231135
100,CC(C1=CC=C(CC2C(CCC2)=O)C=C1)C(O)=O,CC[Se][Se]CC,CC1=C(C(OCC)=O)CC(C(OCC)=O)=C(C)N1,[H]C(N(C)C)=O,CC(C1=CC=C(CC2C(CCC2)=O)C=C1)[Se]CC,0.0342535
101,CC(N1C(C2=CC=C(Cl)C=C2)=O)=C(CC(O)=O)C3=C1C=CC(OC)=C3,C1(C[Se][Se]CC2=CC=CC=C2)=CC=CC=C1,CC1=C(C(OCC)=O)CC(C(OCC)=O)=C(C)N1,CS(C)=O,CC(N1C(C2=CC=C(Cl)C=C2)=O)=C(C[Se]CC3=CC=CC=C3)C4=C1C=CC(OC)=C4,0.035
102,CC(N(C(C1=C2C=CC=C1)=O)C2=O)C(O)=O,C1([Se][Se]C2=CC=CC=C2)=CC=CC=C1,N#CC1=CN(CC2=CC=CC=C2)C=CC1,CC#N,CC(N(C(C1=C2C=CC=C1)=O)C2=O)[Se]C3=CC=CC=C3,0.035
103,O=C(C1CCC1)O,C1(C[Se][Se]CC2=CC=CC=C2)=CC=CC=C1,NC(C1=CN(CCCC)C=CC1)=O,[H]C(N(C)C)=O,C1([Se]CC2=CC=CC=C2)CCC1,0.03522716
104,O=C(C1CCC1)O,C1(C[Se][Se]CC2=CC=CC=C2)=CC=CC=C1,NC(C1=CN(CCCC)C=CC1)=O,CC#N,C1([Se]CC2=CC=CC=C2)CCC1,0.0358199
105,O=C(OCC1=CC=CC=C1)[C@H](NC(OC(C)(C)C)=O)CC(O)=O,C1(C[Se][Se]CC2=CC=CC=C2)=CC=CC=C1,CC1=C(C(OCC)=O)CC(C(OCC)=O)=C(C)N1,CC#N,O=C(OCC1=CC=CC=C1)[C@H](NC(OC(C)(C)C)=O)C[Se]CC2=CC=CC=C2,0.03621095
106,O=C(CCC1=CC=CC=C1)O,C1([Se][Se]C2=CC=CC=C2)=CC=CC=C1,CC1=C(C(OCC)=O)CC(C(OCC)=O)=C(C)N1,CC#N,C1(CC[Se]C2=CC=CC=C2)=CC=CC=C1,0.0375809
107,O=C(CCCC1=CNC2=C1C=CC=C2)O,CC[Se][Se]CC,NC(C1=CN(CCCC)C=CC1)=O,[H]C(N(C)C)=O,CC[Se]CCCC1=CNC2=C1C=CC=C2,0.03791455
108,CC(N1C(C2=CC=C(Cl)C=C2)=O)=C(CC(O)=O)C3=C1C=CC(OC)=C3,CC[Se][Se]CC,OC(C1=CN(CC2=CC=CC=C2)C=CC1)=O,[H]C(N(C)C)=O,CC(N1C(C2=CC=C(Cl)C=C2)=O)=C(C[Se]CC)C3=C1C=CC(OC)=C3,0.03827755
109,O=C(CCCC1=CNC2=C1C=CC=C2)O,C1(C[Se][Se]CC2=CC=CC=C2)=CC=CC=C1,CC1=C(C(OCC)=O)CC(C(OCC)=O)=C(C)N1,[H]C(N(C)C)=O,C1(CCC[Se]CC2=CC=CC=C2)=CNC3=C1C=CC=C3,0.0394167
110,O=C(C1CCC1)O,C1([Se][Se]C2=CC=CC=C2)=CC=CC=C1,N#CC1=CN(CC2=CC=CC=C2)C=CC1,CC#N,C1([Se]C2=CC=CC=C2)CCC1,0.04
111,CC(C1=CC=C(CC2C(CCC2)=O)C=C1)C(O)=O,CC[Se][Se]CC,NC(C1=CN(CCCC)C=CC1)=O,CC#N,CC(C1=CC=C(CC2C(CCC2)=O)C=C1)[Se]CC,0.0402475
112,BrC1=CC=C(CC(O)=O)C=C1,CC[Se][Se]CC,NC(C1=CN(CCCC)C=CC1)=O,CS(C)=O,BrC1=CC=C(C[Se]CC)C=C1,0.040757
113,O=C(N1CCC(C(O)=O)CC1)OCC2=CC=CC=C2,C1(C[Se][Se]CC2=CC=CC=C2)=CC=CC=C1,NC(C1=CN(CCCC)C=CC1)=O,CC#N,O=C(N1CCC([Se]CC2=CC=CC=C2)CC1)OCC3=CC=CC=C3,0.0423417
114,CC1=CC=C(CC(O)=O)C=C1,CC[Se][Se]CC,CC1=C(C(OCC)=O)CC(C(OCC)=O)=C(C)N1,CS(C)=O,CC1=CC=C(C[Se]CC)C=C1,0.0433072
115,O=C(C1CCCCC1)O,C1(C[Se][Se]CC2=CC=CC=C2)=CC=CC=C1,NC(C1=CN(CCCC)C=CC1)=O,[H]C(N(C)C)=O,C1([Se]CC2=CC=CC=C2)CCCCC1,0.0438584
116,O=C(CCCC1=CNC2=C1C=CC=C2)O,C1(C[Se][Se]CC2=CC=CC=C2)=CC=CC=C1,OC(C1=CN(CC2=CC=CC=C2)C=CC1)=O,CS(C)=O,C1(CCC[Se]CC2=CC=CC=C2)=CNC3=C1C=CC=C3,0.0439366
117,CC(N1C(C2=CC=C(Cl)C=C2)=O)=C(CC(O)=O)C3=C1C=CC(OC)=C3,C1(C[Se][Se]CC2=CC=CC=C2)=CC=CC=C1,OC(C1=CN(CC2=CC=CC=C2)C=CC1)=O,CS(C)=O,CC(N1C(C2=CC=C(Cl)C=C2)=O)=C(C[Se]CC3=CC=CC=C3)C4=C1C=CC(OC)=C4,0.0449875
118,COC1=CC=C(CC(O)=O)C=C1,CC[Se][Se]CC,CC1=C(C(OCC)=O)CC(C(OCC)=O)=C(C)N1,[H]C(N(C)C)=O,COC1=CC=C(C[Se]CC)C=C1,0.0457016
119,CC1=CC=C(CC(O)=O)C=C1,CC[Se][Se]CC,CC1=C(C(OCC)=O)CC(C(OCC)=O)=C(C)N1,[H]C(N(C)C)=O,CC1=CC=C(C[Se]CC)C=C1,0.0472528
120,O=C(OCC1=CC=CC=C1)[C@H](NC(OC(C)(C)C)=O)CC(O)=O,C1(C[Se][Se]CC2=CC=CC=C2)=CC=CC=C1,NC(C1=CN(CCCC)C=CC1)=O,CS(C)=O,O=C(OCC1=CC=CC=C1)[C@H](NC(OC(C)(C)C)=O)C[Se]CC2=CC=CC=C2,0.048092
121,COC1=CC=C(CC(O)=O)C=C1,CC[Se][Se]CC,CC1=C(C(OCC)=O)CC(C(OCC)=O)=C(C)N1,CC#N,COC1=CC=C(C[Se]CC)C=C1,0.0494888
122,O=C(CCCC1=CNC2=C1C=CC=C2)O,C1(C[Se][Se]CC2=CC=CC=C2)=CC=CC=C1,OC(C1=CN(CC2=CC=CC=C2)C=CC1)=O,[H]C(N(C)C)=O,C1(CCC[Se]CC2=CC=CC=C2)=CNC3=C1C=CC=C3,0.0497479
123,COC1=CC=C(CC(O)=O)C=C1,CC[Se][Se]CC,OC(C1=CN(CC2=CC=CC=C2)C=CC1)=O,CC#N,COC1=CC=C(C[Se]CC)C=C1,0.0507512
124,CC1=CC=C(S(N2CCC(C(O)=O)CC2)(=O)=O)C=C1,C1(C[Se][Se]CC2=CC=CC=C2)=CC=CC=C1,CC1=C(C(OCC)=O)CC(C(OCC)=O)=C(C)N1,[H]C(N(C)C)=O,CC1=CC=C(S(N2CCC([Se]CC3=CC=CC=C3)CC2)(=O)=O)C=C1,0.052324
125,COC1=CC=C(CC(O)=O)C=C1,CC[Se][Se]CC,NC(C1=CN(CCCC)C=CC1)=O,CC#N,COC1=CC=C(C[Se]CC)C=C1,0.0525848
126,O=C(N1CCC(C(O)=O)CC1)OCC2=CC=CC=C2,C1(C[Se][Se]CC2=CC=CC=C2)=CC=CC=C1,NC(C1=CN(CCCC)C=CC1)=O,[H]C(N(C)C)=O,O=C(N1CCC([Se]CC2=CC=CC=C2)CC1)OCC3=CC=CC=C3,0.054876
127,CC1=CC=C(S(N2CCC(C(O)=O)CC2)(=O)=O)C=C1,C1(C[Se][Se]CC2=CC=CC=C2)=CC=CC=C1,CC1=C(C(OCC)=O)CC(C(OCC)=O)=C(C)N1,CS(C)=O,CC1=CC=C(S(N2CCC([Se]CC3=CC=CC=C3)CC2)(=O)=O)C=C1,0.0557224
128,CC1=C(CC(O)=O)C=CC=C1,CC[Se][Se]CC,NC(C1=CN(CCCC)C=CC1)=O,CC#N,CC1=C(C[Se]CC)C=CC=C1,0.06
129,O=C(OCC1=CC=CC=C1)[C@H](NC(OC(C)(C)C)=O)CC(O)=O,C1(C[Se][Se]CC2=CC=CC=C2)=CC=CC=C1,NC(C1=CN(CCCC)C=CC1)=O,CC#N,O=C(OCC1=CC=CC=C1)[C@H](NC(OC(C)(C)C)=O)C[Se]CC2=CC=CC=C2,0.0610709
130,COC1=CC=C(CC(O)=O)C=C1,CC[Se][Se]CC,OC(C1=CN(CC2=CC=CC=C2)C=CC1)=O,[H]C(N(C)C)=O,COC1=CC=C(C[Se]CC)C=C1,0.0621128
131,O=C(CCC1=CC=CC=C1)O,C1([Se][Se]C2=CC=CC=C2)=CC=CC=C1,OC(C1=CN(CC2=CC=CC=C2)C=CC1)=O,[H]C(N(C)C)=O,C1(CC[Se]C2=CC=CC=C2)=CC=CC=C1,0.0640859
132,O=C(CC1=CNC2=C1C=CC=C2)O,CC[Se][Se]CC,NC(C1=CN(CCCC)C=CC1)=O,[H]C(N(C)C)=O,CC[Se]CC1=CNC2=C1C=CC=C2,0.067425
133,CC1=CC=C(S(N2CCC(C(O)=O)CC2)(=O)=O)C=C1,C1(C[Se][Se]CC2=CC=CC=C2)=CC=CC=C1,OC(C1=CN(CC2=CC=CC=C2)C=CC1)=O,CS(C)=O,CC1=CC=C(S(N2CCC([Se]CC3=CC=CC=C3)CC2)(=O)=O)C=C1,0.0676168
134,CC1=CC=C(S(N2CCC(C(O)=O)CC2)(=O)=O)C=C1,C1(C[Se][Se]CC2=CC=CC=C2)=CC=CC=C1,OC(C1=CN(CC2=CC=CC=C2)C=CC1)=O,[H]C(N(C)C)=O,CC1=CC=C(S(N2CCC([Se]CC3=CC=CC=C3)CC2)(=O)=O)C=C1,0.0676168
135,O=C(C1CCOCC1)O,C1([Se][Se]C2=CC=CC=C2)=CC=CC=C1,CC1=C(C(OCC)=O)CC(C(OCC)=O)=C(C)N1,CC#N,C1([Se]C2=CC=CC=C2)CCOCC1,0.068006
136,COC1=CC=C(CC(O)=O)C=C1,C1([Se][Se]C2=CC=CC=C2)=CC=CC=C1,CC1=C(C(OCC)=O)CC(C(OCC)=O)=C(C)N1,CS(C)=O,COC1=CC=C(C[Se]C2=CC=CC=C2)C=C1,0.07039245
137,O=C(CCCC1=CNC2=C1C=CC=C2)O,CC[Se][Se]CC,NC(C1=CN(CCCC)C=CC1)=O,CC#N,CC[Se]CCCC1=CNC2=C1C=CC=C2,0.07520215
138,O=C(CCCC1=CNC2=C1C=CC=C2)O,C1(C[Se][Se]CC2=CC=CC=C2)=CC=CC=C1,NC(C1=CN(CCCC)C=CC1)=O,CC#N,C1(CCC[Se]CC2=CC=CC=C2)=CNC3=C1C=CC=C3,0.07520215
139,FC1(F)CCC(C(O)=O)CC1,C1([Se][Se]C2=CC=CC=C2)=CC=CC=C1,N#CC1=CN(CC2=CC=CC=C2)C=CC1,CS(C)=O,FC1(F)CCC([Se]C2=CC=CC=C2)CC1,0.08
140,CC1=C(CC(O)=O)C=CC=C1,C1([Se][Se]C2=CC=CC=C2)=CC=CC=C1,CC1=C(C(OCC)=O)CC(C(OCC)=O)=C(C)N1,CS(C)=O,CC1=C(C[Se]C2=CC=CC=C2)C=CC=C1,0.083896
141,CC(N1C(C2=CC=C(Cl)C=C2)=O)=C(CC(O)=O)C3=C1C=CC(OC)=C3,CC[Se][Se]CC,CC1=C(C(OCC)=O)CC(C(OCC)=O)=C(C)N1,[H]C(N(C)C)=O,CC(N1C(C2=CC=C(Cl)C=C2)=O)=C(C[Se]CC)C3=C1C=CC(OC)=C3,0.0847398
142,CC(C1=CC=C2C=C(OC)C=CC2=C1)C(O)=O,C1(C[Se][Se]CC2=CC=CC=C2)=CC=CC=C1,NC(C1=CN(CCCC)C=CC1)=O,CC#N,CC(C1=CC=C2C=C(OC)C=CC2=C1)[Se]CC3=CC=CC=C3,0.0871934
143,O=C(C1CCCCC1)O,C1(C[Se][Se]CC2=CC=CC=C2)=CC=CC=C1,NC(C1=CN(CCCC)C=CC1)=O,CS(C)=O,C1([Se]CC2=CC=CC=C2)CCCCC1,0.0889216
144,FC1(F)CCC(C(O)=O)CC1,C1([Se][Se]C2=CC=CC=C2)=CC=CC=C1,CC1=C(C(OCC)=O)CC(C(OCC)=O)=C(C)N1,CC#N,FC1(F)CCC([Se]C2=CC=CC=C2)CC1,0.0899175
145,BrC1=CC=C(CC(O)=O)C=C1,C1([Se][Se]C2=CC=CC=C2)=CC=CC=C1,N#CC1=CN(CC2=CC=CC=C2)C=CC1,[H]C(N(C)C)=O,BrC1=CC=C(C[Se]C2=CC=CC=C2)C=C1,0.09
146,CC(C1=CC=C2C=C(OC)C=CC2=C1)C(O)=O,C1(C[Se][Se]CC2=CC=CC=C2)=CC=CC=C1,NC(C1=CN(CCCC)C=CC1)=O,[H]C(N(C)C)=O,CC(C1=CC=C2C=C(OC)C=CC2=C1)[Se]CC3=CC=CC=C3,0.0940275
147,COC1=CC=C(CC(O)=O)C=C1,CC[Se][Se]CC,NC(C1=CN(CCCC)C=CC1)=O,[H]C(N(C)C)=O,COC1=CC=C(C[Se]CC)C=C1,0.0955664
148,O=C(CC1=CNC2=C1C=CC=C2)O,CC[Se][Se]CC,OC(C1=CN(CC2=CC=CC=C2)C=CC1)=O,CC#N,CC[Se]CC1=CNC2=C1C=CC=C2,0.0969124
149,CC1=CC=C(CC(O)=O)C=C1,CC[Se][Se]CC,OC(C1=CN(CC2=CC=CC=C2)C=CC1)=O,[H]C(N(C)C)=O,CC1=CC=C(C[Se]CC)C=C1,0.101176
150,CC(C1=CC=C(CC2C(CCC2)=O)C=C1)C(O)=O,CC[Se][Se]CC,OC(C1=CN(CC2=CC=CC=C2)C=CC1)=O,[H]C(N(C)C)=O,CC(C1=CC=C(CC2C(CCC2)=O)C=C1)[Se]CC,0.1031845
151,CC(C1=CC=C(CC2C(CCC2)=O)C=C1)C(O)=O,CC[Se][Se]CC,CC1=C(C(OCC)=O)CC(C(OCC)=O)=C(C)N1,CS(C)=O,CC(C1=CC=C(CC2C(CCC2)=O)C=C1)[Se]CC,0.103684
152,O=C(CCCC1=CNC2=C1C=CC=C2)O,CC[Se][Se]CC,OC(C1=CN(CC2=CC=CC=C2)C=CC1)=O,[H]C(N(C)C)=O,CC[Se]CCCC1=CNC2=C1C=CC=C2,0.1051654
153,O=C(C1CCC1)O,C1(C[Se][Se]CC2=CC=CC=C2)=CC=CC=C1,NC(C1=CN(CCCC)C=CC1)=O,CS(C)=O,C1([Se]CC2=CC=CC=C2)CCC1,0.10868335
154,CC(C1=CC=C2C=C(OC)C=CC2=C1)C(O)=O,C1(C[Se][Se]CC2=CC=CC=C2)=CC=CC=C1,NC(C1=CN(CCCC)C=CC1)=O,CS(C)=O,CC(C1=CC=C2C=C(OC)C=CC2=C1)[Se]CC3=CC=CC=C3,0.1098415
155,O=C(N1CCC(C(O)=O)CC1)OCC2=CC=CC=C2,C1(C[Se][Se]CC2=CC=CC=C2)=CC=CC=C1,NC(C1=CN(CCCC)C=CC1)=O,CS(C)=O,O=C(N1CCC([Se]CC2=CC=CC=C2)CC1)OCC3=CC=CC=C3,0.1155684
156,O=C(CCCC1=CNC2=C1C=CC=C2)O,CC[Se][Se]CC,CC1=C(C(OCC)=O)CC(C(OCC)=O)=C(C)N1,[H]C(N(C)C)=O,CC[Se]CCCC1=CNC2=C1C=CC=C2,0.1171507
157,FC1(F)CCC(C(O)=O)CC1,C1([Se][Se]C2=CC=CC=C2)=CC=CC=C1,N#CC1=CN(CC2=CC=CC=C2)C=CC1,[H]C(N(C)C)=O,FC1(F)CCC([Se]C2=CC=CC=C2)CC1,0.12
158,CC1=CC=C(CC(O)=O)C=C1,CC[Se][Se]CC,NC(C1=CN(CCCC)C=CC1)=O,[H]C(N(C)C)=O,CC1=CC=C(C[Se]CC)C=C1,0.124192
159,FC1(F)CCC(C(O)=O)CC1,C1([Se][Se]C2=CC=CC=C2)=CC=CC=C1,NC(C1=CN(CCCC)C=CC1)=O,CC#N,FC1(F)CCC([Se]C2=CC=CC=C2)CC1,0.125
160,O=C(CCC1=CC=CC=C1)O,C1([Se][Se]C2=CC=CC=C2)=CC=CC=C1,NC(C1=CN(CCCC)C=CC1)=O,[H]C(N(C)C)=O,C1(CC[Se]C2=CC=CC=C2)=CC=CC=C1,0.1255775
161,O=C(CCC1=CC=CC=C1)O,C1([Se][Se]C2=CC=CC=C2)=CC=CC=C1,OC(C1=CN(CC2=CC=CC=C2)C=CC1)=O,CC#N,C1(CC[Se]C2=CC=CC=C2)=CC=CC=C1,0.1260053
162,CC1=CC=C(CC(O)=O)C=C1,CC[Se][Se]CC,OC(C1=CN(CC2=CC=CC=C2)C=CC1)=O,CS(C)=O,CC1=CC=C(C[Se]CC)C=C1,0.1281376
163,O=C(C1(C2=CC=CC=C2)CC1)O,C1([Se][Se]C2=CC=CC=C2)=CC=CC=C1,CC1=C(C(OCC)=O)CC(C(OCC)=O)=C(C)N1,CC#N,C1(C2([Se]C3=CC=CC=C3)CC2)=CC=CC=C1,0.13473425
164,COC1=CC=C(CC(O)=O)C=C1,CC[Se][Se]CC,CC1=C(C(OCC)=O)CC(C(OCC)=O)=C(C)N1,CS(C)=O,COC1=CC=C(C[Se]CC)C=C1,0.1373816
165,CC1=CC=C(CC(O)=O)C=C1,C1([Se][Se]C2=CC=CC=C2)=CC=CC=C1,N#CC1=CN(CC2=CC=CC=C2)C=CC1,CC#N,CC1=CC=C(C[Se]C2=CC=CC=C2)C=C1,0.14
166,CC1=CC=C(S(N2CCC(C(O)=O)CC2)(=O)=O)C=C1,CC[Se][Se]CC,OC(C1=CN(CC2=CC=CC=C2)C=CC1)=O,CS(C)=O,CC1=CC=C(S(N2CCC([Se]CC)CC2)(=O)=O)C=C1,0.1451486
167,CC(C1=CC=C(CC2C(CCC2)=O)C=C1)C(O)=O,C1(C[Se][Se]CC2=CC=CC=C2)=CC=CC=C1,NC(C1=CN(CCCC)C=CC1)=O,[H]C(N(C)C)=O,CC(C1=CC=C(CC2C(CCC2)=O)C=C1)[Se]CC3=CC=CC=C3,0.14676365
168,O=C(CCCC1=CNC2=C1C=CC=C2)O,C1(C[Se][Se]CC2=CC=CC=C2)=CC=CC=C1,NC(C1=CN(CCCC)C=CC1)=O,[H]C(N(C)C)=O,C1(CCC[Se]CC2=CC=CC=C2)=CNC3=C1C=CC=C3,0.1537056
169,CC(N1C(C2=CC=C(Cl)C=C2)=O)=C(CC(O)=O)C3=C1C=CC(OC)=C3,C1(C[Se][Se]CC2=CC=CC=C2)=CC=CC=C1,NC(C1=CN(CCCC)C=CC1)=O,CS(C)=O,CC(N1C(C2=CC=C(Cl)C=C2)=O)=C(C[Se]CC3=CC=CC=C3)C4=C1C=CC(OC)=C4,0.1573597
170,CC(C1=CC=C2C=C(OC)C=CC2=C1)C(O)=O,C1([Se][Se]C2=CC=CC=C2)=CC=CC=C1,CC(C1=CN(CC2=CC=CC=C2)C=CC1)=O,CC#N,CC(C1=CC=C2C=C(OC)C=CC2=C1)[Se]C3=CC=CC=C3,0.16
171,CC1=CC=C(CC(O)=O)C=C1,C1([Se][Se]C2=CC=CC=C2)=CC=CC=C1,OC(C1=CN(CC2=CC=CC=C2)C=CC1)=O,CC#N,CC1=CC=C(C[Se]C2=CC=CC=C2)C=C1,0.1664595
172,CC1=C(CC(O)=O)C=CC=C1,C1([Se][Se]C2=CC=CC=C2)=CC=CC=C1,OC(C1=CN(CC2=CC=CC=C2)C=CC1)=O,CS(C)=O,CC1=C(C[Se]C2=CC=CC=C2)C=CC=C1,0.1678588
173,CC(N(C(C1=C2C=CC=C1)=O)C2=O)C(O)=O,C1(C[Se][Se]CC2=CC=CC=C2)=CC=CC=C1,CC1=C(C(OCC)=O)CC(C(OCC)=O)=C(C)N1,CS(C)=O,CC(N(C(C1=C2C=CC=C1)=O)C2=O)[Se]CC3=CC=CC=C3,0.17472925
174,CC1=C(CC(O)=O)C=CC=C1,CC[Se][Se]CC,OC(C1=CN(CC2=CC=CC=C2)C=CC1)=O,CS(C)=O,CC1=C(C[Se]CC)C=CC=C1,0.17625
175,CC1=CC=C(S(N2CCC(C(O)=O)CC2)(=O)=O)C=C1,C1(C[Se][Se]CC2=CC=CC=C2)=CC=CC=C1,NC(C1=CN(CCCC)C=CC1)=O,[H]C(N(C)C)=O,CC1=CC=C(S(N2CCC([Se]CC3=CC=CC=C3)CC2)(=O)=O)C=C1,0.1786312
176,CC(N(C(C1=C2C=CC=C1)=O)C2=O)C(O)=O,C1(C[Se][Se]CC2=CC=CC=C2)=CC=CC=C1,OC(C1=CN(CC2=CC=CC=C2)C=CC1)=O,[H]C(N(C)C)=O,CC(N(C(C1=C2C=CC=C1)=O)C2=O)[Se]CC3=CC=CC=C3,0.1804685
177,COC1=CC=C(CC(O)=O)C=C1,C1([Se][Se]C2=CC=CC=C2)=CC=CC=C1,OC(C1=CN(CC2=CC=CC=C2)C=CC1)=O,CC#N,COC1=CC=C(C[Se]C2=CC=CC=C2)C=C1,0.18051375
178,CC(N1C(C2=CC=C(Cl)C=C2)=O)=C(CC(O)=O)C3=C1C=CC(OC)=C3,CC[Se][Se]CC,NC(C1=CN(CCCC)C=CC1)=O,CS(C)=O,CC(N1C(C2=CC=C(Cl)C=C2)=O)=C(C[Se]CC)C3=C1C=CC(OC)=C3,0.18077375
179,COC1=CC=C(CC(O)=O)C=C1,C1([Se][Se]C2=CC=CC=C2)=CC=CC=C1,NC(C1=CN(CCCC)C=CC1)=O,CS(C)=O,COC1=CC=C(C[Se]C2=CC=CC=C2)C=C1,0.1811058
180,CC(N1C(C2=CC=C(Cl)C=C2)=O)=C(CC(O)=O)C3=C1C=CC(OC)=C3,CC[Se][Se]CC,OC(C1=CN(CC2=CC=CC=C2)C=CC1)=O,CS(C)=O,CC(N1C(C2=CC=C(Cl)C=C2)=O)=C(C[Se]CC)C3=C1C=CC(OC)=C3,0.1811928
181,CC(N(C(C1=C2C=CC=C1)=O)C2=O)C(O)=O,C1(C[Se][Se]CC2=CC=CC=C2)=CC=CC=C1,CC1=C(C(OCC)=O)CC(C(OCC)=O)=C(C)N1,[H]C(N(C)C)=O,CC(N(C(C1=C2C=CC=C1)=O)C2=O)[Se]CC3=CC=CC=C3,0.18307725
182,CC(C1=CC=C(CC2C(CCC2)=O)C=C1)C(O)=O,C1(C[Se][Se]CC2=CC=CC=C2)=CC=CC=C1,NC(C1=CN(CCCC)C=CC1)=O,CC#N,CC(C1=CC=C(CC2C(CCC2)=O)C=C1)[Se]CC3=CC=CC=C3,0.184213
183,O=C(C1CCC1)O,C1([Se][Se]C2=CC=CC=C2)=CC=CC=C1,CC1=C(C(OCC)=O)CC(C(OCC)=O)=C(C)N1,CC#N,C1([Se]C2=CC=CC=C2)CCC1,0.1862264
184,FC1(F)CCC(C(O)=O)CC1,C1([Se][Se]C2=CC=CC=C2)=CC=CC=C1,CC1=C(C(OCC)=O)CC(C(OCC)=O)=C(C)N1,[H]C(N(C)C)=O,FC1(F)CCC([Se]C2=CC=CC=C2)CC1,0.18792075
185,CC(N(C(C1=C2C=CC=C1)=O)C2=O)C(O)=O,C1(C[Se][Se]CC2=CC=CC=C2)=CC=CC=C1,OC(C1=CN(CC2=CC=CC=C2)C=CC1)=O,CS(C)=O,CC(N(C(C1=C2C=CC=C1)=O)C2=O)[Se]CC3=CC=CC=C3,0.191947
186,BrC1=CC=C(CC(O)=O)C=C1,C1([Se][Se]C2=CC=CC=C2)=CC=CC=C1,OC(C1=CN(CC2=CC=CC=C2)C=CC1)=O,CC#N,BrC1=CC=C(C[Se]C2=CC=CC=C2)C=C1,0.1932
187,O=C(C1(C2=CC=CC=C2)CC1)O,C1([Se][Se]C2=CC=CC=C2)=CC=CC=C1,OC(C1=CN(CC2=CC=CC=C2)C=CC1)=O,CC#N,C1(C2([Se]C3=CC=CC=C3)CC2)=CC=CC=C1,0.2037138
188,O=C(C1CCOCC1)O,C1([Se][Se]C2=CC=CC=C2)=CC=CC=C1,OC(C1=CN(CC2=CC=CC=C2)C=CC1)=O,CC#N,C1([Se]C2=CC=CC=C2)CCOCC1,0.205
189,CC(N(C(C1=C2C=CC=C1)=O)C2=O)C(O)=O,C1(C[Se][Se]CC2=CC=CC=C2)=CC=CC=C1,OC(C1=CN(CC2=CC=CC=C2)C=CC1)=O,CC#N,CC(N(C(C1=C2C=CC=C1)=O)C2=O)[Se]CC3=CC=CC=C3,0.2055125
190,CC(C1=CC=C(CC2C(CCC2)=O)C=C1)C(O)=O,C1(C[Se][Se]CC2=CC=CC=C2)=CC=CC=C1,NC(C1=CN(CCCC)C=CC1)=O,CS(C)=O,CC(C1=CC=C(CC2C(CCC2)=O)C=C1)[Se]CC3=CC=CC=C3,0.2075541
191,BrC1=CC=C(CC(O)=O)C=C1,C1([Se][Se]C2=CC=CC=C2)=CC=CC=C1,OC(C1=CN(CC2=CC=CC=C2)C=CC1)=O,CS(C)=O,BrC1=CC=C(C[Se]C2=CC=CC=C2)C=C1,0.2208925
192,BrC1=CC=C(CC(O)=O)C=C1,C1([Se][Se]C2=CC=CC=C2)=CC=CC=C1,CC1=C(C(OCC)=O)CC(C(OCC)=O)=C(C)N1,CS(C)=O,BrC1=CC=C(C[Se]C2=CC=CC=C2)C=C1,0.2229065
193,CC1=C(CC(O)=O)C=CC=C1,C1([Se][Se]C2=CC=CC=C2)=CC=CC=C1,OC(C1=CN(CC2=CC=CC=C2)C=CC1)=O,CC#N,CC1=C(C[Se]C2=CC=CC=C2)C=CC=C1,0.222991
194,FC1(F)CCC(C(O)=O)CC1,C1([Se][Se]C2=CC=CC=C2)=CC=CC=C1,OC(C1=CN(CC2=CC=CC=C2)C=CC1)=O,CC#N,FC1(F)CCC([Se]C2=CC=CC=C2)CC1,0.22792425
195,O=C(CCCC1=CNC2=C1C=CC=C2)O,C1(C[Se][Se]CC2=CC=CC=C2)=CC=CC=C1,NC(C1=CN(CCCC)C=CC1)=O,CS(C)=O,C1(CCC[Se]CC2=CC=CC=C2)=CNC3=C1C=CC=C3,0.2292525
196,CC1=CC=C(S(N2CCC(C(O)=O)CC2)(=O)=O)C=C1,C1(C[Se][Se]CC2=CC=CC=C2)=CC=CC=C1,NC(C1=CN(CCCC)C=CC1)=O,CS(C)=O,CC1=CC=C(S(N2CCC([Se]CC3=CC=CC=C3)CC2)(=O)=O)C=C1,0.2341384
197,CC(N(C(C1=C2C=CC=C1)=O)C2=O)C(O)=O,C1(C[Se][Se]CC2=CC=CC=C2)=CC=CC=C1,CC1=C(C(OCC)=O)CC(C(OCC)=O)=C(C)N1,CC#N,CC(N(C(C1=C2C=CC=C1)=O)C2=O)[Se]CC3=CC=CC=C3,0.235
198,FC1(F)CCC(C(O)=O)CC1,C1([Se][Se]C2=CC=CC=C2)=CC=CC=C1,CC1=C(C(OCC)=O)CC(C(OCC)=O)=C(C)N1,CS(C)=O,FC1(F)CCC([Se]C2=CC=CC=C2)CC1,0.23505375
199,CC(C1=CC=C(CC2C(CCC2)=O)C=C1)C(O)=O,CC[Se][Se]CC,OC(C1=CN(CC2=CC=CC=C2)C=CC1)=O,CS(C)=O,CC(C1=CC=C(CC2C(CCC2)=O)C=C1)[Se]CC,0.2352785
200,FC1(F)CCC(C(O)=O)CC1,C1([Se][Se]C2=CC=CC=C2)=CC=CC=C1,OC(C1=CN(CC2=CC=CC=C2)C=CC1)=O,[H]C(N(C)C)=O,FC1(F)CCC([Se]C2=CC=CC=C2)CC1,0.249822
201,COC1=CC=C(CC(O)=O)C=C1,CC[Se][Se]CC,OC(C1=CN(CC2=CC=CC=C2)C=CC1)=O,CS(C)=O,COC1=CC=C(C[Se]CC)C=C1,0.2541536
202,FC1(F)CCC(C(O)=O)CC1,C1([Se][Se]C2=CC=CC=C2)=CC=CC=C1,OC(C1=CN(CC2=CC=CC=C2)C=CC1)=O,CS(C)=O,FC1(F)CCC([Se]C2=CC=CC=C2)CC1,0.25644225
203,FC1(F)CCC(C(O)=O)CC1,C1([Se][Se]C2=CC=CC=C2)=CC=CC=C1,NC(C1=CN(CCCC)C=CC1)=O,[H]C(N(C)C)=O,FC1(F)CCC([Se]C2=CC=CC=C2)CC1,0.26255325
204,FC1(F)CCC(C(O)=O)CC1,C1([Se][Se]C2=CC=CC=C2)=CC=CC=C1,NC(C1=CN(CCCC)C=CC1)=O,CS(C)=O,FC1(F)CCC([Se]C2=CC=CC=C2)CC1,0.26459025
205,O=C1C2=CC(CC(O)=O)=CC=C2OCC3=CC=CC=C13,C1(C[Se][Se]CC2=CC=CC=C2)=CC=CC=C1,CC1=C(C(OCC)=O)CC(C(OCC)=O)=C(C)N1,[H]C(N(C)C)=O,O=C1C2=CC(C[Se]CC3=CC=CC=C3)=CC=C2OCC4=CC=CC=C14,0.2714848
206,O=C1C2=CC(CC(O)=O)=CC=C2OCC3=CC=CC=C13,C1(C[Se][Se]CC2=CC=CC=C2)=CC=CC=C1,OC(C1=CN(CC2=CC=CC=C2)C=CC1)=O,[H]C(N(C)C)=O,O=C1C2=CC(C[Se]CC3=CC=CC=C3)=CC=C2OCC4=CC=CC=C14,0.2719974
207,O=C1C2=CC(CC(O)=O)=CC=C2OCC3=CC=CC=C13,C1(C[Se][Se]CC2=CC=CC=C2)=CC=CC=C1,CC1=C(C(OCC)=O)CC(C(OCC)=O)=C(C)N1,CS(C)=O,O=C1C2=CC(C[Se]CC3=CC=CC=C3)=CC=C2OCC4=CC=CC=C14,0.2730226
208,O=C(CCC1=CC=CC=C1)O,C1([Se][Se]C2=CC=CC=C2)=CC=CC=C1,CC(C1=CN(CC2=CC=CC=C2)C=CC1)=O,CC#N,C1(CC[Se]C2=CC=CC=C2)=CC=CC=C1,0.275
209,O=C1C2=CC(CC(O)=O)=CC=C2OCC3=CC=CC=C13,C1(C[Se][Se]CC2=CC=CC=C2)=CC=CC=C1,OC(C1=CN(CC2=CC=CC=C2)C=CC1)=O,CS(C)=O,O=C1C2=CC(C[Se]CC3=CC=CC=C3)=CC=C2OCC4=CC=CC=C14,0.2786612
210,CC(C1=CC=C(CC2C(CCC2)=O)C=C1)C(O)=O,C1([Se][Se]C2=CC=CC=C2)=CC=CC=C1,CC1=C(C(OCC)=O)CC(C(OCC)=O)=C(C)N1,[H]C(N(C)C)=O,CC(C1=CC=C(CC2C(CCC2)=O)C=C1)[Se]C3=CC=CC=C3,0.2792802
211,CC1=CC=C(S(N2CCC(C(O)=O)CC2)(=O)=O)C=C1,C1([Se][Se]C2=CC=CC=C2)=CC=CC=C1,CC1=C(C(OCC)=O)CC(C(OCC)=O)=C(C)N1,[H]C(N(C)C)=O,CC1=CC=C(S(N2CCC([Se]C3=CC=CC=C3)CC2)(=O)=O)C=C1,0.28104975
212,CC1=CC=C(S(N2CCC(C(O)=O)CC2)(=O)=O)C=C1,C1([Se][Se]C2=CC=CC=C2)=CC=CC=C1,CC1=C(C(OCC)=O)CC(C(OCC)=O)=C(C)N1,CC#N,CC1=CC=C(S(N2CCC([Se]C3=CC=CC=C3)CC2)(=O)=O)C=C1,0.281568
213,CC(C1=CC=C(CC2C(CCC2)=O)C=C1)C(O)=O,C1([Se][Se]C2=CC=CC=C2)=CC=CC=C1,CC1=C(C(OCC)=O)CC(C(OCC)=O)=C(C)N1,CC#N,CC(C1=CC=C(CC2C(CCC2)=O)C=C1)[Se]C3=CC=CC=C3,0.28530895
214,BrC1=CC=C(CC(O)=O)C=C1,C1([Se][Se]C2=CC=CC=C2)=CC=CC=C1,NC(C1=CN(CCCC)C=CC1)=O,CS(C)=O,BrC1=CC=C(C[Se]C2=CC=CC=C2)C=C1,0.2923895
215,O=C(CCCC1=CNC2=C1C=CC=C2)O,CC[Se][Se]CC,OC(C1=CN(CC2=CC=CC=C2)C=CC1)=O,CS(C)=O,CC[Se]CCCC1=CNC2=C1C=CC=C2,0.29759605
216,CC(N(C(C1=C2C=CC=C1)=O)C2=O)C(O)=O,C1(C[Se][Se]CC2=CC=CC=C2)=CC=CC=C1,NC(C1=CN(CCCC)C=CC1)=O,CC#N,CC(N(C(C1=C2C=CC=C1)=O)C2=O)[Se]CC3=CC=CC=C3,0.304645
217,O=C1C2=CC(CC(O)=O)=CC=C2OCC3=CC=CC=C13,C1(C[Se][Se]CC2=CC=CC=C2)=CC=CC=C1,NC(C1=CN(CCCC)C=CC1)=O,CS(C)=O,O=C1C2=CC(C[Se]CC3=CC=CC=C3)=CC=C2OCC4=CC=CC=C14,0.3068542
218,O=C1C2=CC(CC(O)=O)=CC=C2OCC3=CC=CC=C13,C1(C[Se][Se]CC2=CC=CC=C2)=CC=CC=C1,NC(C1=CN(CCCC)C=CC1)=O,[H]C(N(C)C)=O,O=C1C2=CC(C[Se]CC3=CC=CC=C3)=CC=C2OCC4=CC=CC=C14,0.308392
219,BrC1=CC=C(CC(O)=O)C=C1,C1([Se][Se]C2=CC=CC=C2)=CC=CC=C1,NC(C1=CN(CCCC)C=CC1)=O,CC#N,BrC1=CC=C(C[Se]C2=CC=CC=C2)C=C1,0.3095085
220,O=C(C1(C2=CC=CC=C2)CC1)O,C1([Se][Se]C2=CC=CC=C2)=CC=CC=C1,NC(C1=CN(CCCC)C=CC1)=O,CC#N,C1(C2([Se]C3=CC=CC=C3)CC2)=CC=CC=C1,0.31297
221,O=C(N1CCC(C(O)=O)CC1)OCC2=CC=CC=C2,C1([Se][Se]C2=CC=CC=C2)=CC=CC=C1,CC1=C(C(OCC)=O)CC(C(OCC)=O)=C(C)N1,CC#N,O=C(N1CCC([Se]C2=CC=CC=C2)CC1)OCC3=CC=CC=C3,0.31342
222,O=C1C2=CC(CC(O)=O)=CC=C2OCC3=CC=CC=C13,C1(C[Se][Se]CC2=CC=CC=C2)=CC=CC=C1,OC(C1=CN(CC2=CC=CC=C2)C=CC1)=O,CC#N,O=C1C2=CC(C[Se]CC3=CC=CC=C3)=CC=C2OCC4=CC=CC=C14,0.31465195
223,CC1=CC=C(CC(O)=O)C=C1,CC[Se][Se]CC,NC(C1=CN(CCCC)C=CC1)=O,CS(C)=O,CC1=CC=C(C[Se]CC)C=C1,0.3162112
224,CC1=C(CC(O)=O)C=CC=C1,C1([Se][Se]C2=CC=CC=C2)=CC=CC=C1,NC(C1=CN(CCCC)C=CC1)=O,CS(C)=O,CC1=C(C[Se]C2=CC=CC=C2)C=CC=C1,0.3170698
225,CC(N(C(C1=C2C=CC=C1)=O)C2=O)C(O)=O,C1(C[Se][Se]CC2=CC=CC=C2)=CC=CC=C1,NC(C1=CN(CCCC)C=CC1)=O,CS(C)=O,CC(N(C(C1=C2C=CC=C1)=O)C2=O)[Se]CC3=CC=CC=C3,0.31977575
226,O=C(OCC1=CC=CC=C1)[C@H](NC(OC(C)(C)C)=O)CC(O)=O,C1([Se][Se]C2=CC=CC=C2)=CC=CC=C1,CC1=C(C(OCC)=O)CC(C(OCC)=O)=C(C)N1,CC#N,O=C(OCC1=CC=CC=C1)[C@H](NC(OC(C)(C)C)=O)C[Se]C2=CC=CC=C2,0.3227042
227,CC(C1=CC=C(CC2C(CCC2)=O)C=C1)C(O)=O,CC[Se][Se]CC,NC(C1=CN(CCCC)C=CC1)=O,CS(C)=O,CC(C1=CC=C(CC2C(CCC2)=O)C=C1)[Se]CC,0.331456
228,CC(N(C(C1=C2C=CC=C1)=O)C2=O)C(O)=O,C1(C[Se][Se]CC2=CC=CC=C2)=CC=CC=C1,NC(C1=CN(CCCC)C=CC1)=O,[H]C(N(C)C)=O,CC(N(C(C1=C2C=CC=C1)=O)C2=O)[Se]CC3=CC=CC=C3,0.33349675
229,O=C(CC1=CNC2=C1C=CC=C2)O,CC[Se][Se]CC,NC(C1=CN(CCCC)C=CC1)=O,CC#N,CC[Se]CC1=CNC2=C1C=CC=C2,0.3344206
230,O=C1C2=CC(CC(O)=O)=CC=C2OCC3=CC=CC=C13,C1(C[Se][Se]CC2=CC=CC=C2)=CC=CC=C1,CC1=C(C(OCC)=O)CC(C(OCC)=O)=C(C)N1,CC#N,O=C1C2=CC(C[Se]CC3=CC=CC=C3)=CC=C2OCC4=CC=CC=C14,0.3366792
231,CC(N1C(C2=CC=C(Cl)C=C2)=O)=C(CC(O)=O)C3=C1C=CC(OC)=C3,C1([Se][Se]C2=CC=CC=C2)=CC=CC=C1,CC1=C(C(OCC)=O)CC(C(OCC)=O)=C(C)N1,CC#N,CC(N1C(C2=CC=C(Cl)C=C2)=O)=C(C[Se]C3=CC=CC=C3)C4=C1C=CC(OC)=C4,0.339131
232,CC1=CC=C(CC(O)=O)C=C1,C1([Se][Se]C2=CC=CC=C2)=CC=CC=C1,N#CC1=CN(CC2=CC=CC=C2)C=CC1,[H]C(N(C)C)=O,CC1=CC=C(C[Se]C2=CC=CC=C2)C=C1,0.34
233,O=C1C2=CC(CC(O)=O)=CC=C2OCC3=CC=CC=C13,C1([Se][Se]C2=CC=CC=C2)=CC=CC=C1,CC1=C(C(OCC)=O)CC(C(OCC)=O)=C(C)N1,[H]C(N(C)C)=O,O=C1C2=CC(C[Se]C3=CC=CC=C3)=CC=C2OCC4=CC=CC=C14,0.34
234,O=C(CCC1=CC=CC=C1)O,C1([Se][Se]C2=CC=CC=C2)=CC=CC=C1,NC(C1=CN(CCCC)C=CC1)=O,CC#N,C1(CC[Se]C2=CC=CC=C2)=CC=CC=C1,0.3588215
235,CC1=CC=C(CC(O)=O)C=C1,C1([Se][Se]C2=CC=CC=C2)=CC=CC=C1,OC(C1=CN(CC2=CC=CC=C2)C=CC1)=O,[H]C(N(C)C)=O,CC1=CC=C(C[Se]C2=CC=CC=C2)C=C1,0.362746
236,CC1=C(CC(O)=O)C=CC=C1,C1([Se][Se]C2=CC=CC=C2)=CC=CC=C1,CC1=C(C(OCC)=O)CC(C(OCC)=O)=C(C)N1,[H]C(N(C)C)=O,CC1=C(C[Se]C2=CC=CC=C2)C=CC=C1,0.3681556
237,COC1=CC=C(CC(O)=O)C=C1,CC[Se][Se]CC,NC(C1=CN(CCCC)C=CC1)=O,CS(C)=O,COC1=CC=C(C[Se]CC)C=C1,0.3709256
238,CC1=CC=C(CC(O)=O)C=C1,C1([Se][Se]C2=CC=CC=C2)=CC=CC=C1,NC(C1=CN(CCCC)C=CC1)=O,CC#N,CC1=CC=C(C[Se]C2=CC=CC=C2)C=C1,0.3724896
239,BrC1=CC=C(CC(O)=O)C=C1,C1([Se][Se]C2=CC=CC=C2)=CC=CC=C1,N#CC1=CN(CC2=CC=CC=C2)C=CC1,CC#N,BrC1=CC=C(C[Se]C2=CC=CC=C2)C=C1,0.375
240,CC(C1=CC=C2C=C(OC)C=CC2=C1)C(O)=O,C1([Se][Se]C2=CC=CC=C2)=CC=CC=C1,NC(C1=CN(CCCC)C=CC1)=O,CC#N,CC(C1=CC=C2C=C(OC)C=CC2=C1)[Se]C3=CC=CC=C3,0.40084195
241,BrC1=CC=C(CC(O)=O)C=C1,C1([Se][Se]C2=CC=CC=C2)=CC=CC=C1,OC(C1=CN(CC2=CC=CC=C2)C=CC1)=O,[H]C(N(C)C)=O,BrC1=CC=C(C[Se]C2=CC=CC=C2)C=C1,0.4011455
242,COC1=CC=C(CC(O)=O)C=C1,C1([Se][Se]C2=CC=CC=C2)=CC=CC=C1,CC1=C(C(OCC)=O)CC(C(OCC)=O)=C(C)N1,[H]C(N(C)C)=O,COC1=CC=C(C[Se]C2=CC=CC=C2)C=C1,0.42207015
243,CC(C1=CC=C(CC2C(CCC2)=O)C=C1)C(O)=O,C1([Se][Se]C2=CC=CC=C2)=CC=CC=C1,OC(C1=CN(CC2=CC=CC=C2)C=CC1)=O,[H]C(N(C)C)=O,CC(C1=CC=C(CC2C(CCC2)=O)C=C1)[Se]C3=CC=CC=C3,0.4235782
244,O=C1C2=CC(CC(O)=O)=CC=C2OCC3=CC=CC=C13,C1(C[Se][Se]CC2=CC=CC=C2)=CC=CC=C1,NC(C1=CN(CCCC)C=CC1)=O,CC#N,O=C1C2=CC(C[Se]CC3=CC=CC=C3)=CC=C2OCC4=CC=CC=C14,0.4260469
245,CC1=CC=C(S(N2CCC(C(O)=O)CC2)(=O)=O)C=C1,CC[Se][Se]CC,NC(C1=CN(CCCC)C=CC1)=O,CS(C)=O,CC1=CC=C(S(N2CCC([Se]CC)CC2)(=O)=O)C=C1,0.43586935
246,CC(N1C(C2=CC=C(Cl)C=C2)=O)=C(CC(O)=O)C3=C1C=CC(OC)=C3,C1([Se][Se]C2=CC=CC=C2)=CC=CC=C1,CC1=C(C(OCC)=O)CC(C(OCC)=O)=C(C)N1,[H]C(N(C)C)=O,CC(N1C(C2=CC=C(Cl)C=C2)=O)=C(C[Se]C3=CC=CC=C3)C4=C1C=CC(OC)=C4,0.4376299
247,BrC1=CC=C(CC(O)=O)C=C1,C1([Se][Se]C2=CC=CC=C2)=CC=CC=C1,NC(C1=CN(CCCC)C=CC1)=O,[H]C(N(C)C)=O,BrC1=CC=C(C[Se]C2=CC=CC=C2)C=C1,0.441929
248,CC(C1=CC=C(CC2C(CCC2)=O)C=C1)C(O)=O,C1([Se][Se]C2=CC=CC=C2)=CC=CC=C1,CC1=C(C(OCC)=O)CC(C(OCC)=O)=C(C)N1,CS(C)=O,CC(C1=CC=C(CC2C(CCC2)=O)C=C1)[Se]C3=CC=CC=C3,0.4441575
249,CC(N1C(C2=CC=C(Cl)C=C2)=O)=C(CC(O)=O)C3=C1C=CC(OC)=C3,C1([Se][Se]C2=CC=CC=C2)=CC=CC=C1,OC(C1=CN(CC2=CC=CC=C2)C=CC1)=O,CC#N,CC(N1C(C2=CC=C(Cl)C=C2)=O)=C(C[Se]C3=CC=CC=C3)C4=C1C=CC(OC)=C4,0.444324
250,CC1=CC=C(S(N2CCC(C(O)=O)CC2)(=O)=O)C=C1,C1([Se][Se]C2=CC=CC=C2)=CC=CC=C1,OC(C1=CN(CC2=CC=CC=C2)C=CC1)=O,[H]C(N(C)C)=O,CC1=CC=C(S(N2CCC([Se]C3=CC=CC=C3)CC2)(=O)=O)C=C1,0.45414525
251,BrC1=CC=C(CC(O)=O)C=C1,C1([Se][Se]C2=CC=CC=C2)=CC=CC=C1,CC1=C(C(OCC)=O)CC(C(OCC)=O)=C(C)N1,CC#N,BrC1=CC=C(C[Se]C2=CC=CC=C2)C=C1,0.4575375
252,O=C(CC1=CNC2=C1C=CC=C2)O,CC[Se][Se]CC,CC1=C(C(OCC)=O)CC(C(OCC)=O)=C(C)N1,CS(C)=O,CC[Se]CC1=CNC2=C1C=CC=C2,0.4656406
253,O=C(CCCC1=CNC2=C1C=CC=C2)O,C1([Se][Se]C2=CC=CC=C2)=CC=CC=C1,CC1=C(C(OCC)=O)CC(C(OCC)=O)=C(C)N1,[H]C(N(C)C)=O,C1(CCC[Se]C2=CC=CC=C2)=CNC3=C1C=CC=C3,0.467628
254,O=C1C2=CC(CC(O)=O)=CC=C2OCC3=CC=CC=C13,C1([Se][Se]C2=CC=CC=C2)=CC=CC=C1,NC(C1=CN(CCCC)C=CC1)=O,[H]C(N(C)C)=O,O=C1C2=CC(C[Se]C3=CC=CC=C3)=CC=C2OCC4=CC=CC=C14,0.485
255,CC(C1=CC=C(CC2C(CCC2)=O)C=C1)C(O)=O,C1([Se][Se]C2=CC=CC=C2)=CC=CC=C1,OC(C1=CN(CC2=CC=CC=C2)C=CC1)=O,CC#N,CC(C1=CC=C(CC2C(CCC2)=O)C=C1)[Se]C3=CC=CC=C3,0.485
256,COC1=CC=C(CC(O)=O)C=C1,C1([Se][Se]C2=CC=CC=C2)=CC=CC=C1,NC(C1=CN(CCCC)C=CC1)=O,CC#N,COC1=CC=C(C[Se]C2=CC=CC=C2)C=C1,0.4877877
257,O=C(CCCC1=CNC2=C1C=CC=C2)O,C1([Se][Se]C2=CC=CC=C2)=CC=CC=C1,CC1=C(C(OCC)=O)CC(C(OCC)=O)=C(C)N1,CC#N,C1(CCC[Se]C2=CC=CC=C2)=CNC3=C1C=CC=C3,0.494872
258,O=C(C1(C2=CC=CC=C2)CC1)O,C1([Se][Se]C2=CC=CC=C2)=CC=CC=C1,CC1=C(C(OCC)=O)CC(C(OCC)=O)=C(C)N1,CS(C)=O,C1(C2([Se]C3=CC=CC=C3)CC2)=CC=CC=C1,0.4991392
259,CC(C1=CC=C(CC2C(CCC2)=O)C=C1)C(O)=O,C1([Se][Se]C2=CC=CC=C2)=CC=CC=C1,NC(C1=CN(CCCC)C=CC1)=O,[H]C(N(C)C)=O,CC(C1=CC=C(CC2C(CCC2)=O)C=C1)[Se]C3=CC=CC=C3,0.5019114
260,O=C(OCC1=CC=CC=C1)[C@H](NC(OC(C)(C)C)=O)CC(O)=O,C1([Se][Se]C2=CC=CC=C2)=CC=CC=C1,OC(C1=CN(CC2=CC=CC=C2)C=CC1)=O,CC#N,O=C(OCC1=CC=CC=C1)[C@H](NC(OC(C)(C)C)=O)C[Se]C2=CC=CC=C2,0.5175962
261,CC1=C(CC(O)=O)C=CC=C1,C1([Se][Se]C2=CC=CC=C2)=CC=CC=C1,NC(C1=CN(CCCC)C=CC1)=O,CC#N,CC1=C(C[Se]C2=CC=CC=C2)C=CC=C1,0.5189942
262,O=C1C2=CC(CC(O)=O)=CC=C2OCC3=CC=CC=C13,C1([Se][Se]C2=CC=CC=C2)=CC=CC=C1,OC(C1=CN(CC2=CC=CC=C2)C=CC1)=O,CC#N,O=C1C2=CC(C[Se]C3=CC=CC=C3)=CC=C2OCC4=CC=CC=C14,0.52097515
263,O=C1C2=CC(CC(O)=O)=CC=C2OCC3=CC=CC=C13,C1([Se][Se]C2=CC=CC=C2)=CC=CC=C1,CC1=C(C(OCC)=O)CC(C(OCC)=O)=C(C)N1,CC#N,O=C1C2=CC(C[Se]C3=CC=CC=C3)=CC=C2OCC4=CC=CC=C14,0.52381405
264,O=C(C1CCC1)O,C1([Se][Se]C2=CC=CC=C2)=CC=CC=C1,NC(C1=CN(CCCC)C=CC1)=O,CC#N,C1([Se]C2=CC=CC=C2)CCC1,0.5284894
265,CC1=CC=C(CC(O)=O)C=C1,C1([Se][Se]C2=CC=CC=C2)=CC=CC=C1,CC(C1=CN(CC2=CC=CC=C2)C=CC1)=O,[H]C(N(C)C)=O,CC1=CC=C(C[Se]C2=CC=CC=C2)C=C1,0.53
266,CC(C1=CC=C(CC2C(CCC2)=O)C=C1)C(O)=O,C1([Se][Se]C2=CC=CC=C2)=CC=CC=C1,N#CC1=CN(CC2=CC=CC=C2)C=CC1,[H]C(N(C)C)=O,CC(C1=CC=C(CC2C(CCC2)=O)C=C1)[Se]C3=CC=CC=C3,0.535
267,O=C(C1(C2=CC=CC=C2)CC1)O,C1([Se][Se]C2=CC=CC=C2)=CC=CC=C1,OC(C1=CN(CC2=CC=CC=C2)C=CC1)=O,CS(C)=O,C1(C2([Se]C3=CC=CC=C3)CC2)=CC=CC=C1,0.5369728
268,CC(C1=CC=C2C=C(OC)C=CC2=C1)C(O)=O,C1([Se][Se]C2=CC=CC=C2)=CC=CC=C1,OC(C1=CN(CC2=CC=CC=C2)C=CC1)=O,CS(C)=O,CC(C1=CC=C2C=C(OC)C=CC2=C1)[Se]C3=CC=CC=C3,0.53891675
269,CC(C1=CC=C2C=C(OC)C=CC2=C1)C(O)=O,C1([Se][Se]C2=CC=CC=C2)=CC=CC=C1,OC(C1=CN(CC2=CC=CC=C2)C=CC1)=O,[H]C(N(C)C)=O,CC(C1=CC=C2C=C(OC)C=CC2=C1)[Se]C3=CC=CC=C3,0.53891675
270,O=C(CCCC1=CNC2=C1C=CC=C2)O,C1([Se][Se]C2=CC=CC=C2)=CC=CC=C1,OC(C1=CN(CC2=CC=CC=C2)C=CC1)=O,CC#N,C1(CCC[Se]C2=CC=CC=C2)=CNC3=C1C=CC=C3,0.542272739
271,CC(C1=CC=C(CC2C(CCC2)=O)C=C1)C(O)=O,C1([Se][Se]C2=CC=CC=C2)=CC=CC=C1,OC(C1=CN(CC2=CC=CC=C2)C=CC1)=O,CS(C)=O,CC(C1=CC=C(CC2C(CCC2)=O)C=C1)[Se]C3=CC=CC=C3,0.5493236
272,O=C1C2=CC(CC(O)=O)=CC=C2OCC3=CC=CC=C13,C1([Se][Se]C2=CC=CC=C2)=CC=CC=C1,NC(C1=CN(CCCC)C=CC1)=O,CC#N,O=C1C2=CC(C[Se]C3=CC=CC=C3)=CC=C2OCC4=CC=CC=C14,0.5630855
273,CC1=CC=C(CC(O)=O)C=C1,C1([Se][Se]C2=CC=CC=C2)=CC=CC=C1,NC(C1=CN(CCCC)C=CC1)=O,[H]C(N(C)C)=O,CC1=CC=C(C[Se]C2=CC=CC=C2)C=C1,0.56582425
274,CC(N1C(C2=CC=C(Cl)C=C2)=O)=C(CC(O)=O)C3=C1C=CC(OC)=C3,C1([Se][Se]C2=CC=CC=C2)=CC=CC=C1,OC(C1=CN(CC2=CC=CC=C2)C=CC1)=O,[H]C(N(C)C)=O,CC(N1C(C2=CC=C(Cl)C=C2)=O)=C(C[Se]C3=CC=CC=C3)C4=C1C=CC(OC)=C4,0.5667304
275,CC(N1C(C2=CC=C(Cl)C=C2)=O)=C(CC(O)=O)C3=C1C=CC(OC)=C3,C1([Se][Se]C2=CC=CC=C2)=CC=CC=C1,NC(C1=CN(CCCC)C=CC1)=O,CC#N,CC(N1C(C2=CC=C(Cl)C=C2)=O)=C(C[Se]C3=CC=CC=C3)C4=C1C=CC(OC)=C4,0.5695993
276,CC1=C(CC(O)=O)C=CC=C1,CC[Se][Se]CC,NC(C1=CN(CCCC)C=CC1)=O,CS(C)=O,CC1=C(C[Se]CC)C=CC=C1,0.5738452
277,O=C(C1CCC1)O,C1([Se][Se]C2=CC=CC=C2)=CC=CC=C1,OC(C1=CN(CC2=CC=CC=C2)C=CC1)=O,[H]C(N(C)C)=O,C1([Se]C2=CC=CC=C2)CCC1,0.5811194
278,O=C(C1CCC1)O,C1([Se][Se]C2=CC=CC=C2)=CC=CC=C1,OC(C1=CN(CC2=CC=CC=C2)C=CC1)=O,CS(C)=O,C1([Se]C2=CC=CC=C2)CCC1,0.5811194
279,CC1=CC=C(CC(O)=O)C=C1,C1([Se][Se]C2=CC=CC=C2)=CC=CC=C1,N#CC1=CN(CC2=CC=CC=C2)C=CC1,CS(C)=O,CC1=CC=C(C[Se]C2=CC=CC=C2)C=C1,0.585
280,CC(C1=CC=C(CC2C(CCC2)=O)C=C1)C(O)=O,C1([Se][Se]C2=CC=CC=C2)=CC=CC=C1,NC(C1=CN(CCCC)C=CC1)=O,CC#N,CC(C1=CC=C(CC2C(CCC2)=O)C=C1)[Se]C3=CC=CC=C3,0.5853981
281,O=C(C1CCC1)O,C1([Se][Se]C2=CC=CC=C2)=CC=CC=C1,NC(C1=CN(CCCC)C=CC1)=O,CS(C)=O,C1([Se]C2=CC=CC=C2)CCC1,0.6
282,CC(C1=CC=C2C=C(OC)C=CC2=C1)C(O)=O,C1([Se][Se]C2=CC=CC=C2)=CC=CC=C1,NC(C1=CN(CCCC)C=CC1)=O,CS(C)=O,CC(C1=CC=C2C=C(OC)C=CC2=C1)[Se]C3=CC=CC=C3,0.60212915
283,CC(C1=CC=C2C=C(OC)C=CC2=C1)C(O)=O,C1([Se][Se]C2=CC=CC=C2)=CC=CC=C1,NC(C1=CN(CCCC)C=CC1)=O,[H]C(N(C)C)=O,CC(C1=CC=C2C=C(OC)C=CC2=C1)[Se]C3=CC=CC=C3,0.60212915
284,CC1=CC=C(S(N2CCC(C(O)=O)CC2)(=O)=O)C=C1,C1([Se][Se]C2=CC=CC=C2)=CC=CC=C1,NC(C1=CN(CCCC)C=CC1)=O,[H]C(N(C)C)=O,CC1=CC=C(S(N2CCC([Se]C3=CC=CC=C3)CC2)(=O)=O)C=C1,0.60443775
285,O=C(C1CCOCC1)O,C1([Se][Se]C2=CC=CC=C2)=CC=CC=C1,CC1=C(C(OCC)=O)CC(C(OCC)=O)=C(C)N1,[H]C(N(C)C)=O,C1([Se]C2=CC=CC=C2)CCOCC1,0.608801506
286,COC1=CC=C(CC(O)=O)C=C1,C1([Se][Se]C2=CC=CC=C2)=CC=CC=C1,OC(C1=CN(CC2=CC=CC=C2)C=CC1)=O,[H]C(N(C)C)=O,COC1=CC=C(C[Se]C2=CC=CC=C2)C=C1,0.62810355
287,O=C1C2=CC(CC(O)=O)=CC=C2OCC3=CC=CC=C13,C1([Se][Se]C2=CC=CC=C2)=CC=CC=C1,CC(C1=CN(CC2=CC=CC=C2)C=CC1)=O,[H]C(N(C)C)=O,O=C1C2=CC(C[Se]C3=CC=CC=C3)=CC=C2OCC4=CC=CC=C14,0.63
288,CC(N1C(C2=CC=C(Cl)C=C2)=O)=C(CC(O)=O)C3=C1C=CC(OC)=C3,C1([Se][Se]C2=CC=CC=C2)=CC=CC=C1,CC1=C(C(OCC)=O)CC(C(OCC)=O)=C(C)N1,CS(C)=O,CC(N1C(C2=CC=C(Cl)C=C2)=O)=C(C[Se]C3=CC=CC=C3)C4=C1C=CC(OC)=C4,0.630164967
289,O=C(CC1=CNC2=C1C=CC=C2)O,CC[Se][Se]CC,OC(C1=CN(CC2=CC=CC=C2)C=CC1)=O,CS(C)=O,CC[Se]CC1=CNC2=C1C=CC=C2,0.6414754
290,O=C(C1(C2=CC=CC=C2)CC1)O,C1([Se][Se]C2=CC=CC=C2)=CC=CC=C1,NC(C1=CN(CCCC)C=CC1)=O,CS(C)=O,C1(C2([Se]C3=CC=CC=C3)CC2)=CC=CC=C1,0.6418034
291,CC1=C(CC(O)=O)C=CC=C1,C1([Se][Se]C2=CC=CC=C2)=CC=CC=C1,OC(C1=CN(CC2=CC=CC=C2)C=CC1)=O,[H]C(N(C)C)=O,CC1=C(C[Se]C2=CC=CC=C2)C=CC=C1,0.6448282
292,O=C(N1CCC(C(O)=O)CC1)OCC2=CC=CC=C2,C1([Se][Se]C2=CC=CC=C2)=CC=CC=C1,N#CC1=CN(CC2=CC=CC=C2)C=CC1,[H]C(N(C)C)=O,O=C(N1CCC([Se]C2=CC=CC=C2)CC1)OCC3=CC=CC=C3,0.645
293,CC(N1C(C2=CC=C(Cl)C=C2)=O)=C(CC(O)=O)C3=C1C=CC(OC)=C3,C1([Se][Se]C2=CC=CC=C2)=CC=CC=C1,NC(C1=CN(CCCC)C=CC1)=O,[H]C(N(C)C)=O,CC(N1C(C2=CC=C(Cl)C=C2)=O)=C(C[Se]C3=CC=CC=C3)C4=C1C=CC(OC)=C4,0.6461033
294,COC1=CC=C(CC(O)=O)C=C1,C1([Se][Se]C2=CC=CC=C2)=CC=CC=C1,NC(C1=CN(CCCC)C=CC1)=O,[H]C(N(C)C)=O,COC1=CC=C(C[Se]C2=CC=CC=C2)C=C1,0.6618504
295,O=C(C1CCC1)O,C1([Se][Se]C2=CC=CC=C2)=CC=CC=C1,CC1=C(C(OCC)=O)CC(C(OCC)=O)=C(C)N1,CS(C)=O,C1([Se]C2=CC=CC=C2)CCC1,0.6637114
296,O=C(C1CCC1)O,C1([Se][Se]C2=CC=CC=C2)=CC=CC=C1,CC1=C(C(OCC)=O)CC(C(OCC)=O)=C(C)N1,[H]C(N(C)C)=O,C1([Se]C2=CC=CC=C2)CCC1,0.6637114
297,O=C(CCCC1=CNC2=C1C=CC=C2)O,CC[Se][Se]CC,NC(C1=CN(CCCC)C=CC1)=O,CS(C)=O,CC[Se]CCCC1=CNC2=C1C=CC=C2,0.6671428
298,CC(C1=CC=C(CC2C(CCC2)=O)C=C1)C(O)=O,C1([Se][Se]C2=CC=CC=C2)=CC=CC=C1,NC(C1=CN(CCCC)C=CC1)=O,CS(C)=O,CC(C1=CC=C(CC2C(CCC2)=O)C=C1)[Se]C3=CC=CC=C3,0.6715038
299,CC1=C(CC(O)=O)C=CC=C1,C1([Se][Se]C2=CC=CC=C2)=CC=CC=C1,NC(C1=CN(CCCC)C=CC1)=O,[H]C(N(C)C)=O,CC1=C(C[Se]C2=CC=CC=C2)C=CC=C1,0.690856
300,O=C(CCCC1=CNC2=C1C=CC=C2)O,C1([Se][Se]C2=CC=CC=C2)=CC=CC=C1,OC(C1=CN(CC2=CC=CC=C2)C=CC1)=O,CS(C)=O,C1(CCC[Se]C2=CC=CC=C2)=CNC3=C1C=CC=C3,0.698120758
301,CC1=CC=C(S(N2CCC(C(O)=O)CC2)(=O)=O)C=C1,C1([Se][Se]C2=CC=CC=C2)=CC=CC=C1,OC(C1=CN(CC2=CC=CC=C2)C=CC1)=O,CC#N,CC1=CC=C(S(N2CCC([Se]C3=CC=CC=C3)CC2)(=O)=O)C=C1,0.69979575
302,O=C(CCCC1=CNC2=C1C=CC=C2)O,C1([Se][Se]C2=CC=CC=C2)=CC=CC=C1,CC1=C(C(OCC)=O)CC(C(OCC)=O)=C(C)N1,CS(C)=O,C1(CCC[Se]C2=CC=CC=C2)=CNC3=C1C=CC=C3,0.700742737
303,O=C(CC1=CNC2=C1C=CC=C2)O,CC[Se][Se]CC,NC(C1=CN(CCCC)C=CC1)=O,CS(C)=O,CC[Se]CC1=CNC2=C1C=CC=C2,0.7018366
304,CC(C1=CC=C(CC2C(CCC2)=O)C=C1)C(O)=O,C1([Se][Se]C2=CC=CC=C2)=CC=CC=C1,CC(C1=CN(CC2=CC=CC=C2)C=CC1)=O,CC#N,CC(C1=CC=C(CC2C(CCC2)=O)C=C1)[Se]C3=CC=CC=C3,0.71
305,O=C1C2=CC(CC(O)=O)=CC=C2OCC3=CC=CC=C13,C1([Se][Se]C2=CC=CC=C2)=CC=CC=C1,CC(C1=CN(CC2=CC=CC=C2)C=CC1)=O,CC#N,O=C1C2=CC(C[Se]C3=CC=CC=C3)=CC=C2OCC4=CC=CC=C14,0.72
306,CC(N1C(C2=CC=C(Cl)C=C2)=O)=C(CC(O)=O)C3=C1C=CC(OC)=C3,C1([Se][Se]C2=CC=CC=C2)=CC=CC=C1,OC(C1=CN(CC2=CC=CC=C2)C=CC1)=O,CS(C)=O,CC(N1C(C2=CC=C(Cl)C=C2)=O)=C(C[Se]C3=CC=CC=C3)C4=C1C=CC(OC)=C4,0.721013467
307,O=C(N1CCC(C(O)=O)CC1)OCC2=CC=CC=C2,C1([Se][Se]C2=CC=CC=C2)=CC=CC=C1,CC1=C(C(OCC)=O)CC(C(OCC)=O)=C(C)N1,[H]C(N(C)C)=O,O=C(N1CCC([Se]C2=CC=CC=C2)CC1)OCC3=CC=CC=C3,0.740957732
308,O=C1C2=CC(CC(O)=O)=CC=C2OCC3=CC=CC=C13,C1([Se][Se]C2=CC=CC=C2)=CC=CC=C1,OC(C1=CN(CC2=CC=CC=C2)C=CC1)=O,[H]C(N(C)C)=O,O=C1C2=CC(C[Se]C3=CC=CC=C3)=CC=C2OCC4=CC=CC=C14,0.7428825
309,O=C(N1CCC(C(O)=O)CC1)OCC2=CC=CC=C2,C1([Se][Se]C2=CC=CC=C2)=CC=CC=C1,OC(C1=CN(CC2=CC=CC=C2)C=CC1)=O,[H]C(N(C)C)=O,O=C(N1CCC([Se]C2=CC=CC=C2)CC1)OCC3=CC=CC=C3,0.743712371
310,CC(C1=CC=C2C=C(OC)C=CC2=C1)C(O)=O,C1([Se][Se]C2=CC=CC=C2)=CC=CC=C1,CC(C1=CN(CC2=CC=CC=C2)C=CC1)=O,CS(C)=O,CC(C1=CC=C2C=C(OC)C=CC2=C1)[Se]C3=CC=CC=C3,0.755
311,O=C(C1CCOCC1)O,C1([Se][Se]C2=CC=CC=C2)=CC=CC=C1,OC(C1=CN(CC2=CC=CC=C2)C=CC1)=O,[H]C(N(C)C)=O,C1([Se]C2=CC=CC=C2)CCOCC1,0.758054429
312,O=C(CCCC1=CNC2=C1C=CC=C2)O,C1([Se][Se]C2=CC=CC=C2)=CC=CC=C1,NC(C1=CN(CCCC)C=CC1)=O,CS(C)=O,C1(CCC[Se]C2=CC=CC=C2)=CNC3=C1C=CC=C3,0.759737263
313,O=C(N1CCC(C(O)=O)CC1)OCC2=CC=CC=C2,C1([Se][Se]C2=CC=CC=C2)=CC=CC=C1,OC(C1=CN(CC2=CC=CC=C2)C=CC1)=O,CS(C)=O,O=C(N1CCC([Se]C2=CC=CC=C2)CC1)OCC3=CC=CC=C3,0.776553982
314,O=C(OCC1=CC=CC=C1)[C@H](NC(OC(C)(C)C)=O)CC(O)=O,C1([Se][Se]C2=CC=CC=C2)=CC=CC=C1,OC(C1=CN(CC2=CC=CC=C2)C=CC1)=O,CS(C)=O,O=C(OCC1=CC=CC=C1)[C@H](NC(OC(C)(C)C)=O)C[Se]C2=CC=CC=C2,0.7841906
315,O=C(OCC1=CC=CC=C1)[C@H](NC(OC(C)(C)C)=O)CC(O)=O,C1([Se][Se]C2=CC=CC=C2)=CC=CC=C1,OC(C1=CN(CC2=CC=CC=C2)C=CC1)=O,[H]C(N(C)C)=O,O=C(OCC1=CC=CC=C1)[C@H](NC(OC(C)(C)C)=O)C[Se]C2=CC=CC=C2,0.7841906
316,O=C(OCC1=CC=CC=C1)[C@H](NC(OC(C)(C)C)=O)CC(O)=O,C1([Se][Se]C2=CC=CC=C2)=CC=CC=C1,CC1=C(C(OCC)=O)CC(C(OCC)=O)=C(C)N1,CS(C)=O,O=C(OCC1=CC=CC=C1)[C@H](NC(OC(C)(C)C)=O)C[Se]C2=CC=CC=C2,0.7900322
317,O=C(OCC1=CC=CC=C1)[C@H](NC(OC(C)(C)C)=O)CC(O)=O,C1([Se][Se]C2=CC=CC=C2)=CC=CC=C1,CC1=C(C(OCC)=O)CC(C(OCC)=O)=C(C)N1,[H]C(N(C)C)=O,O=C(OCC1=CC=CC=C1)[C@H](NC(OC(C)(C)C)=O)C[Se]C2=CC=CC=C2,0.7900322
318,O=C1C2=CC(CC(O)=O)=CC=C2OCC3=CC=CC=C13,C1([Se][Se]C2=CC=CC=C2)=CC=CC=C1,NC(C1=CN(CCCC)C=CC1)=O,CS(C)=O,O=C1C2=CC(C[Se]C3=CC=CC=C3)=CC=C2OCC4=CC=CC=C14,0.798556483
319,O=C(C1CCOCC1)O,C1([Se][Se]C2=CC=CC=C2)=CC=CC=C1,NC(C1=CN(CCCC)C=CC1)=O,[H]C(N(C)C)=O,C1([Se]C2=CC=CC=C2)CCOCC1,0.808194083
320,CC1=CC=C(CC(O)=O)C=C1,C1([Se][Se]C2=CC=CC=C2)=CC=CC=C1,CC1=C(C(OCC)=O)CC(C(OCC)=O)=C(C)N1,CS(C)=O,CC1=CC=C(C[Se]C2=CC=CC=C2)C=C1,0.815255417
321,O=C(OCC1=CC=CC=C1)[C@H](NC(OC(C)(C)C)=O)CC(O)=O,C1([Se][Se]C2=CC=CC=C2)=CC=CC=C1,NC(C1=CN(CCCC)C=CC1)=O,[H]C(N(C)C)=O,O=C(OCC1=CC=CC=C1)[C@H](NC(OC(C)(C)C)=O)C[Se]C2=CC=CC=C2,0.8323838
322,O=C(OCC1=CC=CC=C1)[C@H](NC(OC(C)(C)C)=O)CC(O)=O,C1([Se][Se]C2=CC=CC=C2)=CC=CC=C1,NC(C1=CN(CCCC)C=CC1)=O,CS(C)=O,O=C(OCC1=CC=CC=C1)[C@H](NC(OC(C)(C)C)=O)C[Se]C2=CC=CC=C2,0.8323838
323,O=C(N1CCC(C(O)=O)CC1)OCC2=CC=CC=C2,C1([Se][Se]C2=CC=CC=C2)=CC=CC=C1,NC(C1=CN(CCCC)C=CC1)=O,[H]C(N(C)C)=O,O=C(N1CCC([Se]C2=CC=CC=C2)CC1)OCC3=CC=CC=C3,0.843250515
324,O=C1C2=CC(CC(O)=O)=CC=C2OCC3=CC=CC=C13,C1([Se][Se]C2=CC=CC=C2)=CC=CC=C1,CC1=C(C(OCC)=O)CC(C(OCC)=O)=C(C)N1,CS(C)=O,O=C1C2=CC(C[Se]C3=CC=CC=C3)=CC=C2OCC4=CC=CC=C14,0.8476053
325,O=C1C2=CC(CC(O)=O)=CC=C2OCC3=CC=CC=C13,C1([Se][Se]C2=CC=CC=C2)=CC=CC=C1,OC(C1=CN(CC2=CC=CC=C2)C=CC1)=O,CS(C)=O,O=C1C2=CC(C[Se]C3=CC=CC=C3)=CC=C2OCC4=CC=CC=C14,0.847793033
326,O=C(CCC1=CC=CC=C1)O,C1([Se][Se]C2=CC=CC=C2)=CC=CC=C1,CC1=C(C(OCC)=O)CC(C(OCC)=O)=C(C)N1,CS(C)=O,C1(CC[Se]C2=CC=CC=C2)=CC=CC=C1,0.8585102
327,CC1=CC=C(CC(O)=O)C=C1,C1([Se][Se]C2=CC=CC=C2)=CC=CC=C1,NC(C1=CN(CCCC)C=CC1)=O,CS(C)=O,CC1=CC=C(C[Se]C2=CC=CC=C2)C=C1,0.864477417
328,O=C(C1CCOCC1)O,C1([Se][Se]C2=CC=CC=C2)=CC=CC=C1,NC(C1=CN(CCCC)C=CC1)=O,CS(C)=O,C1([Se]C2=CC=CC=C2)CCOCC1,0.8667915
329,O=C(N1CCC(C(O)=O)CC1)OCC2=CC=CC=C2,C1([Se][Se]C2=CC=CC=C2)=CC=CC=C1,NC(C1=CN(CCCC)C=CC1)=O,CS(C)=O,O=C(N1CCC([Se]C2=CC=CC=C2)CC1)OCC3=CC=CC=C3,0.880487633
330,CC1=CC=C(CC(O)=O)C=C1,C1([Se][Se]C2=CC=CC=C2)=CC=CC=C1,OC(C1=CN(CC2=CC=CC=C2)C=CC1)=O,CS(C)=O,CC1=CC=C(C[Se]C2=CC=CC=C2)C=C1,0.892393667
331,O=C(CCC1=CC=CC=C1)O,C1([Se][Se]C2=CC=CC=C2)=CC=CC=C1,OC(C1=CN(CC2=CC=CC=C2)C=CC1)=O,CS(C)=O,C1(CC[Se]C2=CC=CC=C2)=CC=CC=C1,0.9052946
332,O=C(CCC1=CC=CC=C1)O,C1([Se][Se]C2=CC=CC=C2)=CC=CC=C1,NC(C1=CN(CCCC)C=CC1)=O,CS(C)=O,C1(CC[Se]C2=CC=CC=C2)=CC=CC=C1,0.9454812
333,CC1=CC=C(S(N2CCC(C(O)=O)CC2)(=O)=O)C=C1,C1([Se][Se]C2=CC=CC=C2)=CC=CC=C1,NC(C1=CN(CCCC)C=CC1)=O,CC#N,CC1=CC=C(S(N2CCC([Se]C3=CC=CC=C3)CC2)(=O)=O)C=C1,0.98042025
334,CC1=CC=C(S(N2CCC(C(O)=O)CC2)(=O)=O)C=C1,C1([Se][Se]C2=CC=CC=C2)=CC=CC=C1,CC1=C(C(OCC)=O)CC(C(OCC)=O)=C(C)N1,CS(C)=O,CC1=CC=C(S(N2CCC([Se]C3=CC=CC=C3)CC2)(=O)=O)C=C1,0.9832785
335,CC1=CC=C(S(N2CCC(C(O)=O)CC2)(=O)=O)C=C1,C1([Se][Se]C2=CC=CC=C2)=CC=CC=C1,OC(C1=CN(CC2=CC=CC=C2)C=CC1)=O,CS(C)=O,CC1=CC=C(S(N2CCC([Se]C3=CC=CC=C3)CC2)(=O)=O)C=C1,0.99
336,CC1=CC=C(S(N2CCC(C(O)=O)CC2)(=O)=O)C=C1,C1([Se][Se]C2=CC=CC=C2)=CC=CC=C1,NC(C1=CN(CCCC)C=CC1)=O,CS(C)=O,CC1=CC=C(S(N2CCC([Se]C3=CC=CC=C3)CC2)(=O)=O)C=C1,0.99
