task_name,descriptor,model,n_smiles_cols,n_numeric_cols,n_samples,n_total,coverage,feature_dim,cv,r2_mean,r2_std,rmse_mean,mae_mean,train_time_s,device
12,morgan,xgb,8,0,47015,47015,1.0,8192,5,0.6871927640453551,0.006674969060040743,0.16858888194357452,0.13059991739067153,16.53005051612854,cuda
12,morgan,rf,8,0,47015,47015,1.0,8192,5,0.7659733823881372,0.0035710283034322116,0.14582382722293138,0.09259344421745748,1135.5900208950043,cpu
12,morgan,svm,8,0,47015,47015,1.0,8192,5,0.6428341919384538,0.007075847319794354,0.1801416572504302,0.14021362582812974,68.11402726173401,cpu
12,morgan,autogluon,8,0,47015,47015,1.0,8192,5,0.8110316797493489,0.0,0.13125826495287377,0.09002054531278283,376.1308546066284,cpu
12,maccs,xgb,8,0,47015,47015,1.0,1328,5,0.7013138935152231,0.004819460602379127,0.16474077936614756,0.12563882126504827,4.712169408798218,cuda
12,maccs,rf,8,0,47015,47015,1.0,1328,5,0.7585946167011588,0.004744208005878574,0.14810099410802766,0.0957217560851344,135.45371842384338,cpu
12,maccs,svm,8,0,47015,47015,1.0,1328,5,0.6400159811229853,0.008145090626802732,0.18084691040205172,0.13927857416498574,46.17765235900879,cpu
12,maccs,autogluon,8,0,47015,47015,1.0,1328,5,0.8015266327664927,0.0,0.13451889055771704,0.0924155141441342,302.25683784484863,cpu
12,rdkit2d,xgb,8,0,47015,47015,1.0,1680,5,0.745365612385714,0.006723783251706794,0.15210026036358024,0.11316940630836023,7.286545515060425,cuda
12,rdkit2d,rf,8,0,47015,47015,1.0,1680,5,0.7734771245453962,0.004347248595339683,0.14346565950663648,0.09091365840024082,402.9630506038666,cpu
12,rdkit2d,svm,8,0,47015,47015,1.0,1680,5,0.6399749781982419,0.00874618714973841,0.18085475887099461,0.13908284109406335,44.349117040634155,cpu
12,rdkit2d,autogluon,8,0,47015,47015,1.0,1680,5,0.8079574435932766,0.0,0.13232164677875638,0.089368020394621,303.15896224975586,cpu
12,fisd,xgb,8,0,47015,47015,1.0,400,5,0.7296313753330763,0.007401703887138853,0.1567278703303166,0.11779082780511851,4.6006128787994385,cuda
12,fisd,rf,8,0,47015,47015,1.0,400,5,0.765443622739791,0.006354482683451489,0.14597955801105467,0.09940470991233599,586.5142033100128,cpu
12,fisd,svm,8,0,47015,47015,1.0,400,5,-0.021757822130603576,0.005561687249107134,0.30471098924572265,0.266398279379264,109.33839654922485,cpu
12,fisd,autogluon,8,0,47015,47015,1.0,400,5,0.7715205725478859,0.0,0.1443296999612107,0.10464997485987218,306.69176840782166,cpu
12,molmetalm,xgb,8,0,47015,47015,1.0,6144,5,0.7047875029941292,0.008486109073856772,0.16376846866207934,0.1225476207264744,29.188934803009033,cuda
12,molmetalm,rf,8,0,47015,47015,1.0,6144,5,0.7083679717747493,0.0074982548357323915,0.16277362269747114,0.10725571202991682,5049.292670965195,cpu
12,molmetalm,svm,8,0,47015,47015,1.0,6144,5,-0.021938646119923532,0.005632557381254394,0.3047379119970423,0.2663920896149176,85.4913740158081,cpu
12,molmetalm,autogluon,8,0,47015,47015,1.0,6144,5,0.7388443358377128,0.0,0.15430566932095294,0.11275580218991196,303.51645493507385,cpu
12,maf,xgb,8,0,47015,47015,1.0,1024,5,0.7164726136015813,0.006654798618623845,0.1605006941874381,0.12263786521572859,3.8618886470794678,cuda
12,maf,rf,8,0,47015,47015,1.0,1024,5,0.7691176196302508,0.003637855760701726,0.14484054551781286,0.09301302626441263,182.03570795059204,cpu
12,maf,svm,8,0,47015,47015,1.0,1024,5,0.6505195852144936,0.006721900254753616,0.17819329276612111,0.13864007116000873,45.89873671531677,cpu
12,maf,autogluon,8,0,47015,47015,1.0,1024,5,0.810587304917297,0.0,0.13141250672977203,0.08942772837710392,301.99390482902527,cpu
123,morgan,xgb,8,0,47015,47015,1.0,8192,5,0.6871927640453551,0.006674969060040743,0.16858888194357452,0.13059991739067153,16.569323539733887,cuda
123,morgan,rf,8,0,47015,47015,1.0,8192,5,0.7659733823881372,0.0035710283034322116,0.14582382722293138,0.09259344421745748,1133.6983270645142,cpu
123,morgan,svm,8,0,47015,47015,1.0,8192,5,0.6428341919384538,0.007075847319794354,0.1801416572504302,0.14021362582812974,71.60235404968262,cpu
123,morgan,autogluon,8,0,47015,47015,1.0,8192,5,0.8110316797493489,0.0,0.13125826495287377,0.09002054531278283,378.51159262657166,cpu
123,maccs,xgb,8,0,47015,47015,1.0,1328,5,0.7013138935152231,0.004819460602379127,0.16474077936614756,0.12563882126504827,4.820467948913574,cuda
123,maccs,rf,8,0,47015,47015,1.0,1328,5,0.7585946167011589,0.004744208005878601,0.14810099410802766,0.0957217560851344,135.5714509487152,cpu
123,maccs,svm,8,0,47015,47015,1.0,1328,5,0.6400159811229853,0.008145090626802732,0.18084691040205172,0.13927857416498574,44.34061145782471,cpu
123,maccs,autogluon,8,0,47015,47015,1.0,1328,5,0.8015266327664927,0.0,0.13451889055771704,0.0924155141441342,301.8684232234955,cpu
123,rdkit2d,xgb,8,0,47015,47015,1.0,1680,5,0.745365612385714,0.006723783251706794,0.15210026036358024,0.11316940630836023,7.17097282409668,cuda
123,rdkit2d,rf,8,0,47015,47015,1.0,1680,5,0.7734771245453962,0.004347248595339683,0.14346565950663648,0.09091365840024082,404.4858672618866,cpu
123,rdkit2d,svm,8,0,47015,47015,1.0,1680,5,0.6399749781982419,0.00874618714973841,0.18085475887099461,0.13908284109406335,48.310848236083984,cpu
123,rdkit2d,autogluon,8,0,47015,47015,1.0,1680,5,0.8079480059953686,0.0,0.13232489809757356,0.08937187353698776,303.0636878013611,cpu
123,fisd,xgb,8,0,47015,47015,1.0,400,5,0.7307074104995259,0.006441512727100705,0.15642115633909964,0.11746467431640126,4.595287084579468,cuda
123,fisd,rf,8,0,47015,47015,1.0,400,5,0.764764486960711,0.006630838312139271,0.14618985199991705,0.09955543299250773,584.0239601135254,cpu
123,fisd,svm,8,0,47015,47015,1.0,400,5,-0.021757822161114593,0.005561687251274151,0.3047109892502683,0.2663982793831859,101.61060500144958,cpu
123,fisd,autogluon,8,0,47015,47015,1.0,400,5,0.7904088565983735,0.0,0.13823519240798604,0.09702916959116246,421.83359694480896,cpu
123,molmetalm,xgb,8,0,47015,47015,1.0,6144,5,0.7047875029941292,0.008486109073856772,0.16376846866207934,0.1225476207264744,29.337921619415283,cuda
123,molmetalm,rf,8,0,47015,47015,1.0,6144,5,0.7083679717747493,0.0074982548357323915,0.16277362269747114,0.10725571202991682,5059.541694402695,cpu
123,molmetalm,svm,8,0,47015,47015,1.0,6144,5,-0.021938646119923532,0.005632557381254394,0.3047379119970423,0.2663920896149176,91.30290174484253,cpu
123,molmetalm,autogluon,8,0,47015,47015,1.0,6144,5,0.7388443358377128,0.0,0.15430566932095294,0.11275580218991196,303.5675766468048,cpu
123,maf,xgb,8,0,47015,47015,1.0,1024,5,0.7164726136015813,0.006654798618623845,0.1605006941874381,0.12263786521572859,3.953339099884033,cuda
123,maf,rf,8,0,47015,47015,1.0,1024,5,0.7691176196302508,0.0036378557607017656,0.14484054551781286,0.09301302626441262,181.17295002937317,cpu
123,maf,svm,8,0,47015,47015,1.0,1024,5,0.6505195852144936,0.006721900254753616,0.17819329276612111,0.13864007116000873,50.434085845947266,cpu
123,maf,autogluon,8,0,47015,47015,1.0,1024,5,0.810568294426166,0.0,0.13141910120226002,0.08942320694945816,302.07959365844727,cpu
1234,morgan,xgb,8,0,47015,47015,1.0,8192,5,0.6871927640453551,0.006674969060040743,0.16858888194357452,0.13059991739067153,16.69403600692749,cuda
1234,morgan,rf,8,0,47015,47015,1.0,8192,5,0.7659733823881372,0.0035710283034322116,0.14582382722293138,0.09259344421745748,1133.8513877391815,cpu
1234,morgan,svm,8,0,47015,47015,1.0,8192,5,0.6428341919384538,0.007075847319794354,0.1801416572504302,0.14021362582812974,72.38388752937317,cpu
1234,morgan,autogluon,8,0,47015,47015,1.0,8192,5,0.8110316797493489,0.0,0.13125826495287377,0.09002054531278283,378.869069814682,cpu
1234,maccs,xgb,8,0,47015,47015,1.0,1328,5,0.7013138935152231,0.004819460602379127,0.16474077936614756,0.12563882126504827,4.737127065658569,cuda
1234,maccs,rf,8,0,47015,47015,1.0,1328,5,0.7585946167011588,0.004744208005878574,0.14810099410802763,0.0957217560851344,135.05393481254578,cpu
1234,maccs,svm,8,0,47015,47015,1.0,1328,5,0.6400159811229853,0.008145090626802732,0.18084691040205172,0.13927857416498574,45.81327772140503,cpu
1234,maccs,autogluon,8,0,47015,47015,1.0,1328,5,0.8015266327664927,0.0,0.13451889055771704,0.0924155141441342,301.8937683105469,cpu
1234,rdkit2d,xgb,8,0,47015,47015,1.0,1680,5,0.745365612385714,0.006723783251706794,0.15210026036358024,0.11316940630836023,7.222064018249512,cuda
1234,rdkit2d,rf,8,0,47015,47015,1.0,1680,5,0.7734771245453962,0.004347248595339683,0.14346565950663648,0.09091365840024082,406.38276982307434,cpu
1234,rdkit2d,svm,8,0,47015,47015,1.0,1680,5,0.6399749781982419,0.00874618714973841,0.18085475887099461,0.13908284109406335,49.949854612350464,cpu
1234,rdkit2d,autogluon,8,0,47015,47015,1.0,1680,5,0.8079511477923493,0.0,0.1323238157353004,0.08937053413115759,303.1937611103058,cpu
1234,fisd,xgb,8,0,47015,47015,1.0,400,5,0.730826016303541,0.006814481799176736,0.15638448396908905,0.11747983248011704,4.557264566421509,cuda
1234,fisd,rf,8,0,47015,47015,1.0,400,5,0.7652096384957909,0.00702377184378841,0.1460484677091693,0.09942185034373117,586.9758183956146,cpu
1234,fisd,svm,8,0,47015,47015,1.0,400,5,-0.021757822128309946,0.0055616872526583075,0.30471098924537865,0.26639827937904526,111.97472906112671,cpu
1234,fisd,autogluon,8,0,47015,47015,1.0,400,5,0.7714966558185392,0.0,0.14433725382301715,0.10547637326776027,306.42002058029175,cpu
1234,molmetalm,xgb,8,0,47015,47015,1.0,6144,5,0.7047875029941292,0.008486109073856772,0.16376846866207934,0.1225476207264744,29.208351373672485,cuda
1234,molmetalm,rf,8,0,47015,47015,1.0,6144,5,0.7083679717747493,0.0074982548357323915,0.16277362269747114,0.10725571202991682,5038.926060914993,cpu
1234,molmetalm,svm,8,0,47015,47015,1.0,6144,5,-0.021938646119923532,0.005632557381254394,0.3047379119970423,0.2663920896149176,84.44616842269897,cpu
1234,molmetalm,autogluon,8,0,47015,47015,1.0,6144,5,0.7388049375571591,0.0,0.15431730825821668,0.11277105458207627,303.69514179229736,cpu
1234,maf,xgb,8,0,47015,47015,1.0,1024,5,0.7164726136015813,0.006654798618623845,0.1605006941874381,0.12263786521572859,3.978499412536621,cuda
1234,maf,rf,8,0,47015,47015,1.0,1024,5,0.7691176196302508,0.003637855760701726,0.14484054551781286,0.09301302626441263,183.9350278377533,cpu
1234,maf,svm,8,0,47015,47015,1.0,1024,5,0.6505195852144936,0.006721900254753616,0.17819329276612111,0.13864007116000873,45.87707996368408,cpu
1234,maf,autogluon,8,0,47015,47015,1.0,1024,5,0.8105650765172215,0.0,0.13142021741695073,0.08944332013275313,301.8199419975281,cpu
12345,morgan,xgb,8,0,47015,47015,1.0,8192,5,0.6871927640453551,0.006674969060040743,0.16858888194357452,0.13059991739067153,16.743923902511597,cuda
12345,morgan,rf,8,0,47015,47015,1.0,8192,5,0.7659733823881372,0.0035710283034322116,0.14582382722293138,0.09259344421745748,1134.8997311592102,cpu
12345,morgan,svm,8,0,47015,47015,1.0,8192,5,0.6428341919384538,0.007075847319794354,0.1801416572504302,0.14021362582812974,71.46902346611023,cpu
12345,morgan,autogluon,8,0,47015,47015,1.0,8192,5,0.8110316797493489,0.0,0.13125826495287377,0.09002054531278283,378.91872549057007,cpu
12345,maccs,xgb,8,0,47015,47015,1.0,1328,5,0.7013138935152231,0.004819460602379127,0.16474077936614756,0.12563882126504827,4.897563934326172,cuda
12345,maccs,rf,8,0,47015,47015,1.0,1328,5,0.7585946167011588,0.004744208005878574,0.14810099410802766,0.0957217560851344,135.9952528476715,cpu
12345,maccs,svm,8,0,47015,47015,1.0,1328,5,0.6400159811229853,0.008145090626802732,0.18084691040205172,0.13927857416498574,43.901034116744995,cpu
12345,maccs,autogluon,8,0,47015,47015,1.0,1328,5,0.8015266327664927,0.0,0.13451889055771704,0.0924155141441342,301.9314532279968,cpu
12345,rdkit2d,xgb,8,0,47015,47015,1.0,1680,5,0.745365612385714,0.006723783251706794,0.15210026036358024,0.11316940630836023,7.254826545715332,cuda
12345,rdkit2d,rf,8,0,47015,47015,1.0,1680,5,0.7734771245453962,0.004347248595339683,0.14346565950663648,0.09091365840024082,403.3257546424866,cpu
12345,rdkit2d,svm,8,0,47015,47015,1.0,1680,5,0.6399749781982419,0.00874618714973841,0.18085475887099461,0.13908284109406335,48.9266471862793,cpu
12345,rdkit2d,autogluon,8,0,47015,47015,1.0,1680,5,0.8079511477923493,0.0,0.1323238157353004,0.08937053413115759,303.04112792015076,cpu
12345,fisd,xgb,8,0,47015,47015,1.0,400,5,0.7276485767037194,0.007553094680694831,0.15730315321521984,0.11821814282920987,4.526098966598511,cuda
12345,fisd,rf,8,0,47015,47015,1.0,400,5,0.7653388600667551,0.006912082828512535,0.1460097231958922,0.09949737330290247,585.4547030925751,cpu
12345,fisd,svm,8,0,47015,47015,1.0,400,5,-0.021757822123052373,0.005561687248130142,0.30471098924459505,0.2663982793785922,109.76232957839966,cpu
12345,fisd,autogluon,8,0,47015,47015,1.0,400,5,0.7753549683126317,0.0,0.14311348810996002,0.10384460377995017,306.75968885421753,cpu
12345,molmetalm,xgb,8,0,47015,47015,1.0,6144,5,0.7047875029941292,0.008486109073856772,0.16376846866207934,0.1225476207264744,29.39599609375,cuda
12345,molmetalm,rf,8,0,47015,47015,1.0,6144,5,0.7083679717747493,0.0074982548357323915,0.16277362269747114,0.10725571202991682,5047.135863542557,cpu
12345,molmetalm,svm,8,0,47015,47015,1.0,6144,5,-0.021938646119923532,0.005632557381254394,0.3047379119970423,0.2663920896149176,83.37106204032898,cpu
12345,molmetalm,autogluon,8,0,47015,47015,1.0,6144,5,0.7388443358377128,0.0,0.15430566932095294,0.11275580218991196,303.5554003715515,cpu
12345,maf,xgb,8,0,47015,47015,1.0,1024,5,0.7164726136015813,0.006654798618623845,0.1605006941874381,0.12263786521572859,3.9327523708343506,cuda
12345,maf,rf,8,0,47015,47015,1.0,1024,5,0.7691176196302508,0.003637855760701726,0.1448405455178129,0.09301302626441263,182.64731550216675,cpu
12345,maf,svm,8,0,47015,47015,1.0,1024,5,0.6505195852144936,0.006721900254753616,0.17819329276612111,0.13864007116000873,45.8843948841095,cpu
12345,maf,autogluon,8,0,47015,47015,1.0,1024,5,0.8105650765172215,0.0,0.13142021741695073,0.08944332013275313,301.8349800109863,cpu
123456,morgan,xgb,8,0,47015,47015,1.0,8192,5,0.6871927640453551,0.006674969060040743,0.16858888194357452,0.13059991739067153,16.68180251121521,cuda
123456,morgan,rf,8,0,47015,47015,1.0,8192,5,0.7659733823881372,0.0035710283034322116,0.14582382722293138,0.09259344421745748,1129.5052614212036,cpu
123456,morgan,svm,8,0,47015,47015,1.0,8192,5,0.6428341919384538,0.007075847319794354,0.1801416572504302,0.14021362582812974,72.08759880065918,cpu
123456,morgan,autogluon,8,0,47015,47015,1.0,8192,5,0.8110316797493489,0.0,0.13125826495287377,0.09002054531278283,377.74882531166077,cpu
123456,maccs,xgb,8,0,47015,47015,1.0,1328,5,0.7013138935152231,0.004819460602379127,0.16474077936614756,0.12563882126504827,4.812963247299194,cuda
123456,maccs,rf,8,0,47015,47015,1.0,1328,5,0.7585946167011589,0.004744208005878601,0.14810099410802766,0.0957217560851344,135.16406679153442,cpu
123456,maccs,svm,8,0,47015,47015,1.0,1328,5,0.6400159811229853,0.008145090626802732,0.18084691040205172,0.13927857416498574,45.34716200828552,cpu
123456,maccs,autogluon,8,0,47015,47015,1.0,1328,5,0.8015266327664927,0.0,0.13451889055771704,0.0924155141441342,311.28406286239624,cpu
123456,rdkit2d,xgb,8,0,47015,47015,1.0,1680,5,0.745365612385714,0.006723783251706794,0.15210026036358024,0.11316940630836023,7.253146171569824,cuda
123456,rdkit2d,rf,8,0,47015,47015,1.0,1680,5,0.7734771245453962,0.004347248595339683,0.14346565950663648,0.09091365840024082,405.8283655643463,cpu
123456,rdkit2d,svm,8,0,47015,47015,1.0,1680,5,0.6399749781982419,0.00874618714973841,0.18085475887099461,0.13908284109406335,45.25993084907532,cpu
123456,rdkit2d,autogluon,8,0,47015,47015,1.0,1680,5,0.8079659417026999,0.0,0.13231871905196851,0.08936427397985004,301.3506691455841,cpu
123456,fisd,xgb,8,0,47015,47015,1.0,400,5,0.7284068898150118,0.00697412341904546,0.15708389635836434,0.1179366111801341,4.576734781265259,cuda
123456,fisd,rf,8,0,47015,47015,1.0,400,5,0.7653341101673308,0.0064467759652613215,0.14601352988565383,0.09951926093025247,580.181224822998,cpu
123456,fisd,svm,8,0,47015,47015,1.0,400,5,-0.021757822140772688,0.005561687251432028,0.3047109892472369,0.26639827938057525,113.83847045898438,cpu
123456,fisd,autogluon,8,0,47015,47015,1.0,400,5,0.773395713751015,0.0,0.1437362195186987,0.10363852128992032,301.0152254104614,cpu
123456,molmetalm,xgb,8,0,47015,47015,1.0,6144,5,0.7047875029941292,0.008486109073856772,0.16376846866207934,0.1225476207264744,28.8972327709198,cuda
123456,molmetalm,rf,8,0,47015,47015,1.0,6144,5,0.7083679717747494,0.007498254835732419,0.16277362269747114,0.10725571202991682,5045.17680644989,cpu
123456,molmetalm,svm,8,0,47015,47015,1.0,6144,5,-0.021938646119923532,0.005632557381254394,0.3047379119970423,0.2663920896149176,82.8681092262268,cpu
123456,molmetalm,autogluon,8,0,47015,47015,1.0,6144,5,0.7389624861412525,0.0,0.15427076040138255,0.11271126306848206,303.40909028053284,cpu
123456,maf,xgb,8,0,47015,47015,1.0,1024,5,0.7164726136015813,0.006654798618623845,0.1605006941874381,0.12263786521572859,3.9067749977111816,cuda
123456,maf,rf,8,0,47015,47015,1.0,1024,5,0.7691176196302508,0.0036378557607017656,0.14484054551781286,0.09301302626441263,179.5945372581482,cpu
123456,maf,svm,8,0,47015,47015,1.0,1024,5,0.6505195852144936,0.006721900254753616,0.17819329276612111,0.13864007116000873,44.1092095375061,cpu
123456,maf,autogluon,8,0,47015,47015,1.0,1024,5,0.8105758281831426,0.0,0.13141648788731444,0.08941446377407301,300.9398682117462,cpu
1234567,morgan,xgb,8,0,47015,47015,1.0,8192,5,0.6871927640453551,0.006674969060040743,0.16858888194357452,0.13059991739067153,17.450963497161865,cuda
1234567,morgan,rf,8,0,47015,47015,1.0,8192,5,0.7659733823881372,0.0035710283034322116,0.14582382722293138,0.09259344421745748,1131.7440032958984,cpu
1234567,morgan,svm,8,0,47015,47015,1.0,8192,5,0.6428341919384538,0.007075847319794354,0.1801416572504302,0.14021362582812974,69.64435172080994,cpu
1234567,morgan,autogluon,8,0,47015,47015,1.0,8192,5,0.8110316797493489,0.0,0.13125826495287377,0.09002054531278283,378.97779750823975,cpu
1234567,maccs,xgb,8,0,47015,47015,1.0,1328,5,0.7013138935152231,0.004819460602379127,0.16474077936614756,0.12563882126504827,4.8157057762146,cuda
1234567,maccs,rf,8,0,47015,47015,1.0,1328,5,0.7585946167011588,0.004744208005878593,0.14810099410802766,0.0957217560851344,134.89413714408875,cpu
1234567,maccs,svm,8,0,47015,47015,1.0,1328,5,0.6400159811229853,0.008145090626802732,0.18084691040205172,0.13927857416498574,44.43523859977722,cpu
1234567,maccs,autogluon,8,0,47015,47015,1.0,1328,5,0.8015266327664927,0.0,0.13451889055771704,0.0924155141441342,302.17295575141907,cpu
1234567,rdkit2d,xgb,8,0,47015,47015,1.0,1680,5,0.745365612385714,0.006723783251706794,0.15210026036358024,0.11316940630836023,7.18226432800293,cuda
1234567,rdkit2d,rf,8,0,47015,47015,1.0,1680,5,0.7734771245453962,0.004347248595339683,0.14346565950663648,0.09091365840024082,403.59660959243774,cpu
1234567,rdkit2d,svm,8,0,47015,47015,1.0,1680,5,0.6399749781982419,0.00874618714973841,0.18085475887099461,0.13908284109406335,44.513285875320435,cpu
1234567,rdkit2d,autogluon,8,0,47015,47015,1.0,1680,5,0.807957884805788,0.0,0.13232149477599012,0.08936781989447641,302.90417408943176,cpu
1234567,fisd,xgb,8,0,47015,47015,1.0,400,5,0.7281675984106908,0.005934217235590741,0.1571579847242549,0.11805653902002948,4.57675313949585,cuda
1234567,fisd,rf,8,0,47015,47015,1.0,400,5,0.7649025775662099,0.006526234523424111,0.1461465235469069,0.09948199600878808,589.274777173996,cpu
1234567,fisd,svm,8,0,47015,47015,1.0,400,5,-0.021757822144698923,0.005561687252556232,0.30471098924782203,0.2663982793810983,106.35470390319824,cpu
1234567,fisd,autogluon,8,0,47015,47015,1.0,400,5,0.7744129304638478,0.0,0.14341324385914875,0.10380471474552233,306.81157970428467,cpu
1234567,molmetalm,xgb,8,0,47015,47015,1.0,6144,5,0.7047875029941292,0.008486109073856772,0.16376846866207934,0.1225476207264744,29.415991067886353,cuda
1234567,molmetalm,rf,8,0,47015,47015,1.0,6144,5,0.7083679717747493,0.0074982548357323715,0.16277362269747114,0.10725571202991682,5032.567898035049,cpu
1234567,molmetalm,svm,8,0,47015,47015,1.0,6144,5,-0.021938646119923532,0.005632557381254394,0.3047379119970423,0.2663920896149176,88.8202612400055,cpu
1234567,molmetalm,autogluon,8,0,47015,47015,1.0,6144,5,0.7389624861412525,0.0,0.15427076040138255,0.11271126306848206,303.7004129886627,cpu
1234567,maf,xgb,8,0,47015,47015,1.0,1024,5,0.7164726136015813,0.006654798618623845,0.1605006941874381,0.12263786521572859,3.918063163757324,cuda
1234567,maf,rf,8,0,47015,47015,1.0,1024,5,0.7691176196302508,0.0036378557607017656,0.14484054551781286,0.09301302626441263,181.34624814987183,cpu
1234567,maf,svm,8,0,47015,47015,1.0,1024,5,0.6505195852144936,0.006721900254753616,0.17819329276612111,0.13864007116000873,46.36439752578735,cpu
1234567,maf,autogluon,8,0,47015,47015,1.0,1024,5,0.8105364672262166,0.0,0.13143014087042162,0.08940074626354126,301.9758143424988,cpu
123457,morgan,xgb,8,0,47015,47015,1.0,8192,5,0.6871927640453551,0.006674969060040743,0.16858888194357452,0.13059991739067153,18.09153652191162,cuda
123457,morgan,rf,8,0,47015,47015,1.0,8192,5,0.7659733823881372,0.0035710283034322116,0.14582382722293138,0.09259344421745748,1132.3313872814178,cpu
123457,morgan,svm,8,0,47015,47015,1.0,8192,5,0.6428341919384538,0.007075847319794354,0.1801416572504302,0.14021362582812974,70.5894947052002,cpu
123457,morgan,autogluon,8,0,47015,47015,1.0,8192,5,0.8110316797493489,0.0,0.13125826495287377,0.09002054531278283,378.6465313434601,cpu
123457,maccs,xgb,8,0,47015,47015,1.0,1328,5,0.7013138935152231,0.004819460602379127,0.16474077936614756,0.12563882126504827,4.749821901321411,cuda
123457,maccs,rf,8,0,47015,47015,1.0,1328,5,0.7585946167011588,0.004744208005878574,0.14810099410802766,0.0957217560851344,135.79071068763733,cpu
123457,maccs,svm,8,0,47015,47015,1.0,1328,5,0.6400159811229853,0.008145090626802732,0.18084691040205172,0.13927857416498574,44.57888627052307,cpu
123457,maccs,autogluon,8,0,47015,47015,1.0,1328,5,0.8015266327664927,0.0,0.13451889055771704,0.0924155141441342,302.18467354774475,cpu
123457,rdkit2d,xgb,8,0,47015,47015,1.0,1680,5,0.745365612385714,0.006723783251706794,0.15210026036358024,0.11316940630836023,7.146936655044556,cuda
123457,rdkit2d,rf,8,0,47015,47015,1.0,1680,5,0.7734771245453962,0.004347248595339683,0.14346565950663648,0.09091365840024082,406.57688784599304,cpu
123457,rdkit2d,svm,8,0,47015,47015,1.0,1680,5,0.6399749781982419,0.00874618714973841,0.18085475887099461,0.13908284109406335,45.19644355773926,cpu
123457,rdkit2d,autogluon,8,0,47015,47015,1.0,1680,5,0.8079463307708157,0.0,0.1323254752158587,0.08937344363083438,303.1740915775299,cpu
123457,fisd,xgb,8,0,47015,47015,1.0,400,5,0.7300744063939748,0.006500741587362819,0.1566031065287738,0.11762329913158702,4.624582290649414,cuda
123457,fisd,rf,8,0,47015,47015,1.0,400,5,0.7654381393660932,0.007319390113298454,0.14597575256664527,0.0994947613501922,587.490136384964,cpu
123457,fisd,svm,8,0,47015,47015,1.0,400,5,-0.021757822138267845,0.005561687252476213,0.3047109892468626,0.2663982793802705,102.10487365722656,cpu
123457,fisd,autogluon,8,0,47015,47015,1.0,400,5,0.7741542671800974,0.0,0.14349544075335124,0.10402290405039469,306.59135580062866,cpu
123457,molmetalm,xgb,8,0,47015,47015,1.0,6144,5,0.7047875029941292,0.008486109073856772,0.16376846866207934,0.1225476207264744,29.468233823776245,cuda
123457,molmetalm,rf,8,0,47015,47015,1.0,6144,5,0.7083679717747493,0.0074982548357323915,0.16277362269747114,0.10725571202991682,5060.4458038806915,cpu
123457,molmetalm,svm,8,0,47015,47015,1.0,6144,5,-0.021938646119923532,0.005632557381254394,0.3047379119970423,0.2663920896149176,85.1136302947998,cpu
123457,molmetalm,autogluon,8,0,47015,47015,1.0,6144,5,0.7390342655485116,0.0,0.15424954845962371,0.1126635639771382,303.7445888519287,cpu
123457,maf,xgb,8,0,47015,47015,1.0,1024,5,0.7164726136015813,0.006654798618623845,0.1605006941874381,0.12263786521572859,3.794175386428833,cuda
123457,maf,rf,8,0,47015,47015,1.0,1024,5,0.7691176196302508,0.003637855760701726,0.1448405455178129,0.09301302626441263,177.07594227790833,cpu
123457,maf,svm,8,0,47015,47015,1.0,1024,5,0.6505195852144936,0.006721900254753616,0.17819329276612111,0.13864007116000873,46.82278060913086,cpu
123457,maf,autogluon,8,0,47015,47015,1.0,1024,5,0.8105542355691815,0.0,0.1314239778095421,0.08945298136468474,301.8094415664673,cpu
12346,morgan,xgb,8,0,47015,47015,1.0,8192,5,0.6871927640453551,0.006674969060040743,0.16858888194357452,0.13059991739067153,16.84607458114624,cuda
12346,morgan,rf,8,0,47015,47015,1.0,8192,5,0.7659733823881372,0.0035710283034322116,0.14582382722293138,0.09259344421745748,1126.2291498184204,cpu
12346,morgan,svm,8,0,47015,47015,1.0,8192,5,0.6428341919384538,0.007075847319794354,0.1801416572504302,0.14021362582812974,71.04795169830322,cpu
12346,morgan,autogluon,8,0,47015,47015,1.0,8192,5,0.8110316797493489,0.0,0.13125826495287377,0.09002054531278283,379.4454913139343,cpu
12346,maccs,xgb,8,0,47015,47015,1.0,1328,5,0.7013138935152231,0.004819460602379127,0.16474077936614756,0.12563882126504827,4.938790559768677,cuda
12346,maccs,rf,8,0,47015,47015,1.0,1328,5,0.7585946167011588,0.004744208005878593,0.14810099410802766,0.0957217560851344,135.09531474113464,cpu
12346,maccs,svm,8,0,47015,47015,1.0,1328,5,0.6400159811229853,0.008145090626802732,0.18084691040205172,0.13927857416498574,46.27782440185547,cpu
12346,maccs,autogluon,8,0,47015,47015,1.0,1328,5,0.8015266327664927,0.0,0.13451889055771704,0.0924155141441342,302.283855676651,cpu
12346,rdkit2d,xgb,8,0,47015,47015,1.0,1680,5,0.745365612385714,0.006723783251706794,0.15210026036358024,0.11316940630836023,7.334854602813721,cuda
12346,rdkit2d,rf,8,0,47015,47015,1.0,1680,5,0.7734771245453962,0.004347248595339683,0.14346565950663648,0.09091365840024082,405.09013175964355,cpu
12346,rdkit2d,svm,8,0,47015,47015,1.0,1680,5,0.6399749781982419,0.00874618714973841,0.18085475887099461,0.13908284109406335,46.20217728614807,cpu
12346,rdkit2d,autogluon,8,0,47015,47015,1.0,1680,5,0.8079497391845256,0.0,0.1323243010077146,0.08937117889159087,303.09366059303284,cpu
12346,fisd,xgb,8,0,47015,47015,1.0,400,5,0.7293935200561565,0.006620116465096035,0.1568001825609557,0.11775470635315055,4.683253526687622,cuda
12346,fisd,rf,8,0,47015,47015,1.0,400,5,0.7655477062678332,0.006721937513674158,0.14594401427126014,0.0993735347703694,583.5926403999329,cpu
12346,fisd,svm,8,0,47015,47015,1.0,400,5,-0.021757822145047935,0.005561687251106262,0.3047109892478731,0.2663982793809888,115.29960632324219,cpu
12346,fisd,autogluon,8,0,47015,47015,1.0,400,5,0.7742650299859082,0.0,0.1434602487958601,0.1040122790702039,306.2978050708771,cpu
12346,molmetalm,xgb,8,0,47015,47015,1.0,6144,5,0.7047875029941292,0.008486109073856772,0.16376846866207934,0.1225476207264744,29.179859161376953,cuda
12346,molmetalm,rf,8,0,47015,47015,1.0,6144,5,0.7083679717747493,0.0074982548357323915,0.16277362269747114,0.10725571202991682,5043.928295373917,cpu
12346,molmetalm,svm,8,0,47015,47015,1.0,6144,5,-0.021938646119923532,0.005632557381254394,0.3047379119970423,0.2663920896149176,79.8908097743988,cpu
12346,molmetalm,autogluon,8,0,47015,47015,1.0,6144,5,0.7391557293608821,0.0,0.15421364735013843,0.11260167832980657,303.49170565605164,cpu
12346,maf,xgb,8,0,47015,47015,1.0,1024,5,0.7164726136015813,0.006654798618623845,0.1605006941874381,0.12263786521572859,3.929091215133667,cuda
12346,maf,rf,8,0,47015,47015,1.0,1024,5,0.7691176196302508,0.0036378557607017656,0.14484054551781286,0.09301302626441263,181.71000289916992,cpu
12346,maf,svm,8,0,47015,47015,1.0,1024,5,0.6505195852144936,0.006721900254753616,0.17819329276612111,0.13864007116000873,46.51547431945801,cpu
12346,maf,autogluon,8,0,47015,47015,1.0,1024,5,0.810568294426166,0.0,0.13141910120226002,0.08942320694945816,301.9916260242462,cpu
123467,morgan,xgb,8,0,47015,47015,1.0,8192,5,0.6871927640453551,0.006674969060040743,0.16858888194357452,0.13059991739067153,16.897782802581787,cuda
123467,morgan,rf,8,0,47015,47015,1.0,8192,5,0.7659733823881372,0.0035710283034322116,0.14582382722293138,0.09259344421745748,1137.5595166683197,cpu
123467,morgan,svm,8,0,47015,47015,1.0,8192,5,0.6428341919384538,0.007075847319794354,0.1801416572504302,0.14021362582812974,71.02001237869263,cpu
123467,morgan,autogluon,8,0,47015,47015,1.0,8192,5,0.8110316797493489,0.0,0.13125826495287377,0.09002054531278283,378.87731552124023,cpu
123467,maccs,xgb,8,0,47015,47015,1.0,1328,5,0.7013138935152231,0.004819460602379127,0.16474077936614756,0.12563882126504827,4.797398328781128,cuda
123467,maccs,rf,8,0,47015,47015,1.0,1328,5,0.7585946167011589,0.004744208005878582,0.14810099410802766,0.0957217560851344,135.4692575931549,cpu
123467,maccs,svm,8,0,47015,47015,1.0,1328,5,0.6400159811229853,0.008145090626802732,0.18084691040205172,0.13927857416498574,46.147897481918335,cpu
123467,maccs,autogluon,8,0,47015,47015,1.0,1328,5,0.8015266327664927,0.0,0.13451889055771704,0.0924155141441342,302.27871656417847,cpu
123467,rdkit2d,xgb,8,0,47015,47015,1.0,1680,5,0.745365612385714,0.006723783251706794,0.15210026036358024,0.11316940630836023,7.222553014755249,cuda
123467,rdkit2d,rf,8,0,47015,47015,1.0,1680,5,0.7734771245453962,0.004347248595339683,0.14346565950663648,0.09091365840024082,405.33632588386536,cpu
123467,rdkit2d,svm,8,0,47015,47015,1.0,1680,5,0.6399749781982419,0.00874618714973841,0.18085475887099461,0.13908284109406335,42.177337408065796,cpu
123467,rdkit2d,autogluon,8,0,47015,47015,1.0,1680,5,0.8079453154839087,0.0,0.13232582498304984,0.0893745890914041,303.2066104412079,cpu
123467,fisd,xgb,8,0,47015,47015,1.0,400,5,0.7305898176953016,0.005778592695331807,0.1564557235487512,0.11749251885289994,4.5747106075286865,cuda
123467,fisd,rf,8,0,47015,47015,1.0,400,5,0.7652359506140367,0.0063409426728142804,0.14604350984232667,0.09948873506368035,584.8846225738525,cpu
123467,fisd,svm,8,0,47015,47015,1.0,400,5,-0.021757822143036076,0.005561687250044733,0.30471098924757445,0.26639827938079663,124.14557003974915,cpu
123467,fisd,autogluon,8,0,47015,47015,1.0,400,5,0.774350897522684,0.0,0.14343296071134154,0.10376605805243044,306.9970750808716,cpu
123467,molmetalm,xgb,8,0,47015,47015,1.0,6144,5,0.7047875029941292,0.008486109073856772,0.16376846866207934,0.1225476207264744,29.31296730041504,cuda
123467,molmetalm,rf,8,0,47015,47015,1.0,6144,5,0.7083679717747493,0.0074982548357323915,0.16277362269747114,0.10725571202991682,5049.436331987381,cpu
123467,molmetalm,svm,8,0,47015,47015,1.0,6144,5,-0.021938646119923532,0.005632557381254394,0.3047379119970423,0.2663920896149176,86.7059555053711,cpu
123467,molmetalm,autogluon,8,0,47015,47015,1.0,6144,5,0.7388089654595458,0.0,0.1543161183860867,0.112764187102533,303.6109368801117,cpu
123467,maf,xgb,8,0,47015,47015,1.0,1024,5,0.7164726136015813,0.006654798618623845,0.1605006941874381,0.12263786521572859,3.8226940631866455,cuda
123467,maf,rf,8,0,47015,47015,1.0,1024,5,0.7691176196302508,0.003637855760701726,0.1448405455178129,0.09301302626441263,179.36757493019104,cpu
123467,maf,svm,8,0,47015,47015,1.0,1024,5,0.6505195852144936,0.006721900254753616,0.17819329276612111,0.13864007116000873,46.23808288574219,cpu
123467,maf,autogluon,8,0,47015,47015,1.0,1024,5,0.8105650765172215,0.0,0.13142021741695073,0.08944332013275313,301.86358880996704,cpu
12347,morgan,xgb,8,0,47015,47015,1.0,8192,5,0.6871927640453551,0.006674969060040743,0.16858888194357452,0.13059991739067153,28.421830415725708,cuda
12347,morgan,rf,8,0,47015,47015,1.0,8192,5,0.7659733823881372,0.0035710283034322116,0.14582382722293138,0.09259344421745748,1131.9193539619446,cpu
12347,morgan,svm,8,0,47015,47015,1.0,8192,5,0.6428341919384538,0.007075847319794354,0.1801416572504302,0.14021362582812974,70.41702246665955,cpu
12347,morgan,autogluon,8,0,47015,47015,1.0,8192,5,0.8110316797493489,0.0,0.13125826495287377,0.09002054531278283,379.00465989112854,cpu
12347,maccs,xgb,8,0,47015,47015,1.0,1328,5,0.7013138935152231,0.004819460602379127,0.16474077936614756,0.12563882126504827,4.6246819496154785,cuda
12347,maccs,rf,8,0,47015,47015,1.0,1328,5,0.7585946167011588,0.004744208005878593,0.14810099410802766,0.0957217560851344,135.76596355438232,cpu
12347,maccs,svm,8,0,47015,47015,1.0,1328,5,0.6400159811229853,0.008145090626802732,0.18084691040205172,0.13927857416498574,44.50751042366028,cpu
12347,maccs,autogluon,8,0,47015,47015,1.0,1328,5,0.8015266327664927,0.0,0.13451889055771704,0.0924155141441342,302.20072078704834,cpu
12347,rdkit2d,xgb,8,0,47015,47015,1.0,1680,5,0.745365612385714,0.006723783251706794,0.15210026036358024,0.11316940630836023,7.098133087158203,cuda
12347,rdkit2d,rf,8,0,47015,47015,1.0,1680,5,0.7734771245453962,0.004347248595339683,0.14346565950663648,0.09091365840024082,404.4657437801361,cpu
12347,rdkit2d,svm,8,0,47015,47015,1.0,1680,5,0.6399749781982419,0.00874618714973841,0.18085475887099461,0.13908284109406335,46.88213658332825,cpu
12347,rdkit2d,autogluon,8,0,47015,47015,1.0,1680,5,0.8079470025331853,0.0,0.13232524379265054,0.08937296340456864,302.97376799583435,cpu
12347,fisd,xgb,8,0,47015,47015,1.0,400,5,0.7290038644037496,0.006424470020483266,0.1569143995238008,0.11793629807377093,4.764338493347168,cuda
12347,fisd,rf,8,0,47015,47015,1.0,400,5,0.76488771869681,0.006889829693628813,0.14615039639712582,0.0994774773946238,584.2157561779022,cpu
12347,fisd,svm,8,0,47015,47015,1.0,400,5,-0.021757822140719175,0.005561687252072483,0.30471098924722856,0.26639827938047395,111.45010471343994,cpu
12347,fisd,autogluon,8,0,47015,47015,1.0,400,5,0.7745534897268056,0.0,0.1433685577853706,0.10349187330046686,306.33934569358826,cpu
12347,molmetalm,xgb,8,0,47015,47015,1.0,6144,5,0.7047875029941292,0.008486109073856772,0.16376846866207934,0.1225476207264744,28.973376989364624,cuda
12347,molmetalm,rf,8,0,47015,47015,1.0,6144,5,0.7083679717747493,0.0074982548357323915,0.16277362269747114,0.10725571202991682,5030.604372024536,cpu
12347,molmetalm,svm,8,0,47015,47015,1.0,6144,5,-0.021938646119923532,0.005632557381254394,0.3047379119970423,0.2663920896149176,83.34440350532532,cpu
12347,molmetalm,autogluon,8,0,47015,47015,1.0,6144,5,0.7388062669508113,0.0,0.15431691554652233,0.1127707682129595,303.55969429016113,cpu
12347,maf,xgb,8,0,47015,47015,1.0,1024,5,0.7164726136015813,0.006654798618623845,0.1605006941874381,0.12263786521572859,3.8735501766204834,cuda
12347,maf,rf,8,0,47015,47015,1.0,1024,5,0.7691176196302508,0.0036378557607017656,0.14484054551781286,0.09301302626441263,187.20711040496826,cpu
12347,maf,svm,8,0,47015,47015,1.0,1024,5,0.6505195852144936,0.006721900254753616,0.17819329276612111,0.13864007116000873,45.68416976928711,cpu
12347,maf,autogluon,8,0,47015,47015,1.0,1024,5,0.8105403395097416,0.0,0.1314287977692924,0.08939945950565749,301.8104782104492,cpu
1235,morgan,xgb,8,0,47015,47015,1.0,8192,5,0.6871927640453551,0.006674969060040743,0.16858888194357452,0.13059991739067153,16.80784010887146,cuda
1235,morgan,rf,8,0,47015,47015,1.0,8192,5,0.7659733823881372,0.0035710283034322116,0.14582382722293138,0.09259344421745748,1130.6405267715454,cpu
1235,morgan,svm,8,0,47015,47015,1.0,8192,5,0.6428341919384538,0.007075847319794354,0.1801416572504302,0.14021362582812974,70.25598096847534,cpu
1235,morgan,autogluon,8,0,47015,47015,1.0,8192,5,0.8110316797493489,0.0,0.13125826495287377,0.09002054531278283,379.04883670806885,cpu
1235,maccs,xgb,8,0,47015,47015,1.0,1328,5,0.7013138935152231,0.004819460602379127,0.16474077936614756,0.12563882126504827,4.72442364692688,cuda
1235,maccs,rf,8,0,47015,47015,1.0,1328,5,0.7585946167011588,0.004744208005878574,0.14810099410802766,0.0957217560851344,135.3815770149231,cpu
1235,maccs,svm,8,0,47015,47015,1.0,1328,5,0.6400159811229853,0.008145090626802732,0.18084691040205172,0.13927857416498574,43.38762378692627,cpu
1235,maccs,autogluon,8,0,47015,47015,1.0,1328,5,0.8015266327664927,0.0,0.13451889055771704,0.0924155141441342,298.92463183403015,cpu
1235,rdkit2d,xgb,8,0,47015,47015,1.0,1680,5,0.745365612385714,0.006723783251706794,0.15210026036358024,0.11316940630836023,7.189566373825073,cuda
1235,rdkit2d,rf,8,0,47015,47015,1.0,1680,5,0.7734771245453962,0.004347248595339683,0.14346565950663648,0.09091365840024082,406.2875716686249,cpu
1235,rdkit2d,svm,8,0,47015,47015,1.0,1680,5,0.6399749781982419,0.00874618714973841,0.18085475887099461,0.13908284109406335,44.96807503700256,cpu
1235,rdkit2d,autogluon,8,0,47015,47015,1.0,1680,5,0.8079480059953686,0.0,0.13232489809757356,0.08937187353698776,301.2427122592926,cpu
1235,fisd,xgb,8,0,47015,47015,1.0,400,5,0.7287367776142732,0.007309136577201425,0.15698819247444085,0.11799175394919179,4.606368064880371,cuda
1235,fisd,rf,8,0,47015,47015,1.0,400,5,0.7657054486004755,0.006939562606586509,0.1458949847853636,0.09931089923101921,583.5479233264923,cpu
1235,fisd,svm,8,0,47015,47015,1.0,400,5,-0.02175782213671531,0.005561687252366956,0.3047109892466316,0.2663982793802372,118.16874694824219,cpu
1235,fisd,autogluon,8,0,47015,47015,1.0,400,5,0.7724842684406694,0.0,0.14402499656523643,0.10484473939055933,301.0106348991394,cpu
1235,molmetalm,xgb,8,0,47015,47015,1.0,6144,5,0.7047875029941292,0.008486109073856772,0.16376846866207934,0.1225476207264744,29.324096202850342,cuda
1235,molmetalm,rf,8,0,47015,47015,1.0,6144,5,0.7083679717747493,0.0074982548357323915,0.16277362269747114,0.10725571202991682,5031.688462018967,cpu
1235,molmetalm,svm,8,0,47015,47015,1.0,6144,5,-0.021938646119923532,0.005632557381254394,0.3047379119970423,0.2663920896149176,82.93486618995667,cpu
1235,molmetalm,autogluon,8,0,47015,47015,1.0,6144,5,0.7392614305073508,0.0,0.15418239841571194,0.11255830614014747,303.40511775016785,cpu
1235,maf,xgb,8,0,47015,47015,1.0,1024,5,0.7164726136015813,0.006654798618623845,0.1605006941874381,0.12263786521572859,3.9024009704589844,cuda
1235,maf,rf,8,0,47015,47015,1.0,1024,5,0.7691176196302508,0.0036378557607017656,0.14484054551781286,0.09301302626441262,185.55605483055115,cpu
1235,maf,svm,8,0,47015,47015,1.0,1024,5,0.6505195852144936,0.006721900254753616,0.17819329276612111,0.13864007116000873,43.36265826225281,cpu
1235,maf,autogluon,8,0,47015,47015,1.0,1024,5,0.8105857428328604,0.0,0.13141304860741182,0.08943195969975062,300.95118975639343,cpu
12356,morgan,xgb,8,0,47015,47015,1.0,8192,5,0.6871927640453551,0.006674969060040743,0.16858888194357452,0.13059991739067153,16.732435703277588,cuda
12356,morgan,rf,8,0,47015,47015,1.0,8192,5,0.7659733823881372,0.0035710283034322116,0.14582382722293138,0.09259344421745748,1129.9598479270935,cpu
12356,morgan,svm,8,0,47015,47015,1.0,8192,5,0.6428341919384538,0.007075847319794354,0.1801416572504302,0.14021362582812974,71.13746929168701,cpu
12356,morgan,autogluon,8,0,47015,47015,1.0,8192,5,0.8110316797493489,0.0,0.13125826495287377,0.09002054531278283,377.72634196281433,cpu
12356,maccs,xgb,8,0,47015,47015,1.0,1328,5,0.7013138935152231,0.004819460602379127,0.16474077936614756,0.12563882126504827,4.849848985671997,cuda
12356,maccs,rf,8,0,47015,47015,1.0,1328,5,0.7585946167011589,0.004744208005878582,0.14810099410802766,0.0957217560851344,134.84411787986755,cpu
12356,maccs,svm,8,0,47015,47015,1.0,1328,5,0.6400159811229853,0.008145090626802732,0.18084691040205172,0.13927857416498574,44.742053747177124,cpu
12356,maccs,autogluon,8,0,47015,47015,1.0,1328,5,0.8015266327664927,0.0,0.13451889055771704,0.0924155141441342,301.93256545066833,cpu
12356,rdkit2d,xgb,8,0,47015,47015,1.0,1680,5,0.745365612385714,0.006723783251706794,0.15210026036358024,0.11316940630836023,7.24517822265625,cuda
12356,rdkit2d,rf,8,0,47015,47015,1.0,1680,5,0.7734771245453962,0.004347248595339683,0.14346565950663648,0.09091365840024082,407.54520320892334,cpu
12356,rdkit2d,svm,8,0,47015,47015,1.0,1680,5,0.6399749781982419,0.00874618714973841,0.18085475887099461,0.13908284109406335,44.35462737083435,cpu
12356,rdkit2d,autogluon,8,0,47015,47015,1.0,1680,5,0.807993675741012,0.0,0.13230916380701957,0.08934993189316096,303.0270457267761,cpu
12356,fisd,xgb,8,0,47015,47015,1.0,400,5,0.7292501137973655,0.007291967346321223,0.15684115465710136,0.11792990416812214,4.677615642547607,cuda
12356,fisd,rf,8,0,47015,47015,1.0,400,5,0.7654533182658411,0.00620565645309144,0.14597693491086589,0.0994381150849136,579.9892988204956,cpu
12356,fisd,svm,8,0,47015,47015,1.0,400,5,-0.02175782213986177,0.0055616872531589435,0.30471098924709966,0.26639827938049626,108.08769607543945,cpu
12356,fisd,autogluon,8,0,47015,47015,1.0,400,5,0.7736212817420142,0.0,0.1436646622606028,0.1035681908786581,306.6952533721924,cpu
12356,molmetalm,xgb,8,0,47015,47015,1.0,6144,5,0.7047875029941292,0.008486109073856772,0.16376846866207934,0.1225476207264744,29.303088665008545,cuda
12356,molmetalm,rf,8,0,47015,47015,1.0,6144,5,0.7083679717747493,0.0074982548357323915,0.16277362269747114,0.10725571202991682,5048.324114322662,cpu
12356,molmetalm,svm,8,0,47015,47015,1.0,6144,5,-0.021938646119923532,0.005632557381254394,0.3047379119970423,0.2663920896149176,85.36769270896912,cpu
12356,molmetalm,autogluon,8,0,47015,47015,1.0,6144,5,0.7390342655485116,0.0,0.15424954845962371,0.1126635639771382,303.73999857902527,cpu
12356,maf,xgb,8,0,47015,47015,1.0,1024,5,0.7164726136015813,0.006654798618623845,0.1605006941874381,0.12263786521572859,3.8913509845733643,cuda
12356,maf,rf,8,0,47015,47015,1.0,1024,5,0.7691176196302508,0.0036378557607017656,0.14484054551781286,0.09301302626441262,179.5050187110901,cpu
12356,maf,svm,8,0,47015,47015,1.0,1024,5,0.6505195852144936,0.006721900254753616,0.17819329276612111,0.13864007116000873,46.198161602020264,cpu
12356,maf,autogluon,8,0,47015,47015,1.0,1024,5,0.8105943665151022,0.0,0.1314100570763367,0.08942924472176192,301.9616234302521,cpu
123567,morgan,xgb,8,0,47015,47015,1.0,8192,5,0.6871927640453551,0.006674969060040743,0.16858888194357452,0.13059991739067153,16.671772003173828,cuda
123567,morgan,rf,8,0,47015,47015,1.0,8192,5,0.7659733823881372,0.0035710283034322116,0.14582382722293138,0.09259344421745747,1127.8330590724945,cpu
123567,morgan,svm,8,0,47015,47015,1.0,8192,5,0.6428341919384538,0.007075847319794354,0.1801416572504302,0.14021362582812974,70.80454277992249,cpu
123567,morgan,autogluon,8,0,47015,47015,1.0,8192,5,0.8110316797493489,0.0,0.13125826495287377,0.09002054531278283,378.96133494377136,cpu
123567,maccs,xgb,8,0,47015,47015,1.0,1328,5,0.7013138935152231,0.004819460602379127,0.16474077936614756,0.12563882126504827,4.698280334472656,cuda
123567,maccs,rf,8,0,47015,47015,1.0,1328,5,0.7585946167011588,0.004744208005878574,0.14810099410802766,0.0957217560851344,135.83658361434937,cpu
123567,maccs,svm,8,0,47015,47015,1.0,1328,5,0.6400159811229853,0.008145090626802732,0.18084691040205172,0.13927857416498574,47.280134439468384,cpu
123567,maccs,autogluon,8,0,47015,47015,1.0,1328,5,0.8015266327664927,0.0,0.13451889055771704,0.0924155141441342,301.9982795715332,cpu
123567,rdkit2d,xgb,8,0,47015,47015,1.0,1680,5,0.745365612385714,0.006723783251706794,0.15210026036358024,0.11316940630836023,7.1573309898376465,cuda
123567,rdkit2d,rf,8,0,47015,47015,1.0,1680,5,0.7734771245453962,0.004347248595339683,0.14346565950663648,0.09091365840024082,407.1796133518219,cpu
123567,rdkit2d,svm,8,0,47015,47015,1.0,1680,5,0.6399749781982419,0.00874618714973841,0.18085475887099461,0.13908284109406335,46.20136904716492,cpu
123567,rdkit2d,autogluon,8,0,47015,47015,1.0,1680,5,0.807937867341653,0.0,0.13232839084603754,0.08937836113276765,303.1678681373596,cpu
123567,fisd,xgb,8,0,47015,47015,1.0,400,5,0.7274231152342676,0.00693774027994358,0.15736837963737085,0.11835903654211588,4.581547498703003,cuda
123567,fisd,rf,8,0,47015,47015,1.0,400,5,0.7645450734335835,0.006763818598215327,0.1462557558012576,0.09961524519819645,587.6223113536835,cpu
123567,fisd,svm,8,0,47015,47015,1.0,400,5,-0.021757822134459426,0.005561687251930168,0.3047109892462933,0.26639827937978294,104.30055522918701,cpu
123567,fisd,autogluon,8,0,47015,47015,1.0,400,5,0.7736001283129663,0.0,0.14367137430772772,0.10404458090826965,305.80491518974304,cpu
123567,molmetalm,xgb,8,0,47015,47015,1.0,6144,5,0.7047875029941292,0.008486109073856772,0.16376846866207934,0.1225476207264744,29.437807321548462,cuda
123567,molmetalm,rf,8,0,47015,47015,1.0,6144,5,0.7083679717747493,0.0074982548357323915,0.16277362269747114,0.10725571202991682,5073.216287136078,cpu
123567,molmetalm,svm,8,0,47015,47015,1.0,6144,5,-0.021938646119923532,0.005632557381254394,0.3047379119970423,0.2663920896149176,84.43344926834106,cpu
123567,molmetalm,autogluon,8,0,47015,47015,1.0,6144,5,0.7388089654595458,0.0,0.1543161183860867,0.112764187102533,303.7171061038971,cpu
123567,maf,xgb,8,0,47015,47015,1.0,1024,5,0.7164726136015813,0.006654798618623845,0.1605006941874381,0.12263786521572859,3.854109525680542,cuda
123567,maf,rf,8,0,47015,47015,1.0,1024,5,0.7691176196302508,0.003637855760701726,0.1448405455178129,0.09301302626441263,181.6593792438507,cpu
123567,maf,svm,8,0,47015,47015,1.0,1024,5,0.6505195852144936,0.006721900254753616,0.17819329276612111,0.13864007116000873,46.860920906066895,cpu
123567,maf,autogluon,8,0,47015,47015,1.0,1024,5,0.8106122292827579,0.0,0.13140386031592116,0.0894642819336895,301.95647835731506,cpu
12357,morgan,xgb,8,0,47015,47015,1.0,8192,5,0.6871927640453551,0.006674969060040743,0.16858888194357452,0.13059991739067153,16.850587129592896,cuda
12357,morgan,rf,8,0,47015,47015,1.0,8192,5,0.7659733823881372,0.0035710283034322116,0.14582382722293138,0.09259344421745748,1133.7196929454803,cpu
12357,morgan,svm,8,0,47015,47015,1.0,8192,5,0.6428341919384538,0.007075847319794354,0.1801416572504302,0.14021362582812974,70.19006991386414,cpu
12357,morgan,autogluon,8,0,47015,47015,1.0,8192,5,0.8110316797493489,0.0,0.13125826495287377,0.09002054531278283,376.97650837898254,cpu
12357,maccs,xgb,8,0,47015,47015,1.0,1328,5,0.7013138935152231,0.004819460602379127,0.16474077936614756,0.12563882126504827,4.681379556655884,cuda
12357,maccs,rf,8,0,47015,47015,1.0,1328,5,0.7585946167011588,0.004744208005878574,0.14810099410802766,0.0957217560851344,136.15740060806274,cpu
12357,maccs,svm,8,0,47015,47015,1.0,1328,5,0.6400159811229853,0.008145090626802732,0.18084691040205172,0.13927857416498574,44.083348512649536,cpu
12357,maccs,autogluon,8,0,47015,47015,1.0,1328,5,0.8015266327664927,0.0,0.13451889055771704,0.0924155141441342,302.20451188087463,cpu
12357,rdkit2d,xgb,8,0,47015,47015,1.0,1680,5,0.745365612385714,0.006723783251706794,0.15210026036358024,0.11316940630836023,7.2331016063690186,cuda
12357,rdkit2d,rf,8,0,47015,47015,1.0,1680,5,0.7734771245453962,0.004347248595339683,0.14346565950663648,0.09091365840024082,405.6931803226471,cpu
12357,rdkit2d,svm,8,0,47015,47015,1.0,1680,5,0.6399749781982419,0.00874618714973841,0.18085475887099461,0.13908284109406335,44.529523849487305,cpu
12357,rdkit2d,autogluon,8,0,47015,47015,1.0,1680,5,0.8079605204073421,0.0,0.1323205867774152,0.08936677005831532,303.00408124923706,cpu
12357,fisd,xgb,8,0,47015,47015,1.0,400,5,0.7306716237629043,0.0064619186511964384,0.15643177463600458,0.1174555307319777,4.589621543884277,cuda
12357,fisd,rf,8,0,47015,47015,1.0,400,5,0.7651645396814162,0.006974040166976549,0.1460639288215078,0.09952331620419023,584.3998279571533,cpu
12357,fisd,svm,8,0,47015,47015,1.0,400,5,-0.02175782214244428,0.0055616872524763845,0.3047109892474861,0.26639827938060073,104.00993490219116,cpu
12357,fisd,autogluon,8,0,47015,47015,1.0,400,5,0.7748216174547704,0.0,0.14328327697510138,0.10367115665627762,306.5605924129486,cpu
12357,molmetalm,xgb,8,0,47015,47015,1.0,6144,5,0.7047875029941292,0.008486109073856772,0.16376846866207934,0.1225476207264744,29.07375717163086,cuda
12357,molmetalm,rf,8,0,47015,47015,1.0,6144,5,0.7083679717747493,0.0074982548357323915,0.16277362269747114,0.10725571202991682,5008.5274794101715,cpu
12357,molmetalm,svm,8,0,47015,47015,1.0,6144,5,-0.021938646119923532,0.005632557381254394,0.3047379119970423,0.2663920896149176,85.05129885673523,cpu
12357,molmetalm,autogluon,8,0,47015,47015,1.0,6144,5,0.7389624861412525,0.0,0.15427076040138255,0.11271126306848206,303.7150423526764,cpu
12357,maf,xgb,8,0,47015,47015,1.0,1024,5,0.7164726136015813,0.006654798618623845,0.1605006941874381,0.12263786521572859,4.040584325790405,cuda
12357,maf,rf,8,0,47015,47015,1.0,1024,5,0.7691176196302508,0.003637855760701726,0.1448405455178129,0.09301302626441263,184.82342195510864,cpu
12357,maf,svm,8,0,47015,47015,1.0,1024,5,0.6505195852144936,0.006721900254753616,0.17819329276612111,0.13864007116000873,44.16290354728699,cpu
12357,maf,autogluon,8,0,47015,47015,1.0,1024,5,0.8106182890146392,0.0,0.13140175807212728,0.08943887886722107,302.0324664115906,cpu
1236,morgan,xgb,8,0,47015,47015,1.0,8192,5,0.6871927640453551,0.006674969060040743,0.16858888194357452,0.13059991739067153,16.816070318222046,cuda
1236,morgan,rf,8,0,47015,47015,1.0,8192,5,0.7659733823881372,0.0035710283034322116,0.14582382722293138,0.09259344421745748,1132.0801420211792,cpu
1236,morgan,svm,8,0,47015,47015,1.0,8192,5,0.6428341919384538,0.007075847319794354,0.1801416572504302,0.14021362582812974,70.92219424247742,cpu
1236,morgan,autogluon,8,0,47015,47015,1.0,8192,5,0.8110316797493489,0.0,0.13125826495287377,0.09002054531278283,378.31805539131165,cpu
1236,maccs,xgb,8,0,47015,47015,1.0,1328,5,0.7013138935152231,0.004819460602379127,0.16474077936614756,0.12563882126504827,4.834907054901123,cuda
1236,maccs,rf,8,0,47015,47015,1.0,1328,5,0.7585946167011588,0.004744208005878593,0.14810099410802766,0.0957217560851344,135.3535623550415,cpu
1236,maccs,svm,8,0,47015,47015,1.0,1328,5,0.6400159811229853,0.008145090626802732,0.18084691040205172,0.13927857416498574,44.151012897491455,cpu
1236,maccs,autogluon,8,0,47015,47015,1.0,1328,5,0.8015266327664927,0.0,0.13451889055771704,0.0924155141441342,302.0210509300232,cpu
1236,rdkit2d,xgb,8,0,47015,47015,1.0,1680,5,0.745365612385714,0.006723783251706794,0.15210026036358024,0.11316940630836023,7.3881306648254395,cuda
1236,rdkit2d,rf,8,0,47015,47015,1.0,1680,5,0.7734771245453962,0.004347248595339683,0.14346565950663648,0.09091365840024082,401.76898741722107,cpu
1236,rdkit2d,svm,8,0,47015,47015,1.0,1680,5,0.6399749781982419,0.00874618714973841,0.18085475887099461,0.13908284109406335,46.143736362457275,cpu
1236,rdkit2d,autogluon,8,0,47015,47015,1.0,1680,5,0.8079414622185644,0.0,0.1323271524277809,0.08937654516572635,303.0250492095947,cpu
1236,fisd,xgb,8,0,47015,47015,1.0,400,5,0.7274745534929018,0.007080784505071289,0.15735435894550795,0.11845302271859277,4.597780466079712,cuda
1236,fisd,rf,8,0,47015,47015,1.0,400,5,0.7653458498711527,0.0071766616009535465,0.14600427158167234,0.09947649371737258,590.1878464221954,cpu
1236,fisd,svm,8,0,47015,47015,1.0,400,5,-0.02175782216507307,0.005561687252420322,0.30471098925086054,0.266398279383501,109.60265231132507,cpu
1236,fisd,autogluon,8,0,47015,47015,1.0,400,5,0.77477539699293,0.0,0.14329798149370027,0.10356417950234754,306.6480667591095,cpu
1236,molmetalm,xgb,8,0,47015,47015,1.0,6144,5,0.7047875029941292,0.008486109073856772,0.16376846866207934,0.1225476207264744,29.179258346557617,cuda
1236,molmetalm,rf,8,0,47015,47015,1.0,6144,5,0.7083679717747493,0.0074982548357323915,0.16277362269747114,0.10725571202991682,5036.4367570877075,cpu
1236,molmetalm,svm,8,0,47015,47015,1.0,6144,5,-0.021938646119923532,0.005632557381254394,0.3047379119970423,0.2663920896149176,84.8966703414917,cpu
1236,molmetalm,autogluon,8,0,47015,47015,1.0,6144,5,0.7387100228748051,0.0,0.15434534410195036,0.11280235815865755,303.6869750022888,cpu
1236,maf,xgb,8,0,47015,47015,1.0,1024,5,0.7164726136015813,0.006654798618623845,0.1605006941874381,0.12263786521572859,3.834726333618164,cuda
1236,maf,rf,8,0,47015,47015,1.0,1024,5,0.7691176196302508,0.0036378557607017656,0.14484054551781286,0.09301302626441263,178.37669897079468,cpu
1236,maf,svm,8,0,47015,47015,1.0,1024,5,0.6505195852144936,0.006721900254753616,0.17819329276612111,0.13864007116000873,47.131263732910156,cpu
1236,maf,autogluon,8,0,47015,47015,1.0,1024,5,0.8105632820410269,0.0,0.13142083987317163,0.08944451171205452,301.80100083351135,cpu
12367,morgan,xgb,8,0,47015,47015,1.0,8192,5,0.6871927640453551,0.006674969060040743,0.16858888194357452,0.13059991739067153,16.880581378936768,cuda
12367,morgan,rf,8,0,47015,47015,1.0,8192,5,0.7659733823881372,0.0035710283034322116,0.14582382722293138,0.09259344421745748,1134.2304508686066,cpu
12367,morgan,svm,8,0,47015,47015,1.0,8192,5,0.6428341919384538,0.007075847319794354,0.1801416572504302,0.14021362582812974,71.85292100906372,cpu
12367,morgan,autogluon,8,0,47015,47015,1.0,8192,5,0.8110316797493489,0.0,0.13125826495287377,0.09002054531278283,381.7948319911957,cpu
12367,maccs,xgb,8,0,47015,47015,1.0,1328,5,0.7013138935152231,0.004819460602379127,0.16474077936614756,0.12563882126504827,4.77197265625,cuda
12367,maccs,rf,8,0,47015,47015,1.0,1328,5,0.7585946167011588,0.004744208005878593,0.14810099410802766,0.0957217560851344,136.41729474067688,cpu
12367,maccs,svm,8,0,47015,47015,1.0,1328,5,0.6400159811229853,0.008145090626802732,0.18084691040205172,0.13927857416498574,44.64291477203369,cpu
12367,maccs,autogluon,8,0,47015,47015,1.0,1328,5,0.8015266327664927,0.0,0.13451889055771704,0.0924155141441342,302.29568004608154,cpu
12367,rdkit2d,xgb,8,0,47015,47015,1.0,1680,5,0.745365612385714,0.006723783251706794,0.15210026036358024,0.11316940630836023,7.26063346862793,cuda
12367,rdkit2d,rf,8,0,47015,47015,1.0,1680,5,0.7734771245453962,0.004347248595339683,0.14346565950663648,0.09091365840024082,405.303288936615,cpu
12367,rdkit2d,svm,8,0,47015,47015,1.0,1680,5,0.6399749781982419,0.00874618714973841,0.18085475887099461,0.13908284109406335,43.95350241661072,cpu
12367,rdkit2d,autogluon,8,0,47015,47015,1.0,1680,5,0.8079315468739369,0.0,0.13233056818945715,0.08938244076307245,303.2377059459686,cpu
12367,fisd,xgb,8,0,47015,47015,1.0,400,5,0.729497075735531,0.006600447998890591,0.15677377018073854,0.11772392859109822,4.540376424789429,cuda
12367,fisd,rf,8,0,47015,47015,1.0,400,5,0.7656589164400709,0.006876686540025502,0.14591037226394388,0.0993641783195503,578.8712236881256,cpu
12367,fisd,svm,8,0,47015,47015,1.0,400,5,-0.021757822140831218,0.005561687251585175,0.3047109892472465,0.26639827938059996,113.49687933921814,cpu
12367,fisd,autogluon,8,0,47015,47015,1.0,400,5,0.773855640886992,0.0,0.14359027840023797,0.10352192465679612,306.0779628753662,cpu
12367,molmetalm,xgb,8,0,47015,47015,1.0,6144,5,0.7047875029941292,0.008486109073856772,0.16376846866207934,0.1225476207264744,29.464186906814575,cuda
12367,molmetalm,rf,8,0,47015,47015,1.0,6144,5,0.7083679717747493,0.0074982548357323915,0.16277362269747114,0.10725571202991682,5067.194061279297,cpu
12367,molmetalm,svm,8,0,47015,47015,1.0,6144,5,-0.021938646119923532,0.005632557381254394,0.3047379119970423,0.2663920896149176,87.47520184516907,cpu
12367,molmetalm,autogluon,8,0,47015,47015,1.0,6144,5,0.7393229536942159,0.0,0.15416420710601392,0.1125409688314531,303.8609867095947,cpu
12367,maf,xgb,8,0,47015,47015,1.0,1024,5,0.7164726136015813,0.006654798618623845,0.1605006941874381,0.12263786521572859,3.9317574501037598,cuda
12367,maf,rf,8,0,47015,47015,1.0,1024,5,0.7691176196302508,0.003637855760701726,0.1448405455178129,0.09301302626441263,181.82251381874084,cpu
12367,maf,svm,8,0,47015,47015,1.0,1024,5,0.6505195852144936,0.006721900254753616,0.17819329276612111,0.13864007116000873,44.14439630508423,cpu
12367,maf,autogluon,8,0,47015,47015,1.0,1024,5,0.8105910296566875,0.0,0.1314112146311976,0.08942822035283614,302.0731770992279,cpu
1237,morgan,xgb,8,0,47015,47015,1.0,8192,5,0.6871927640453551,0.006674969060040743,0.16858888194357452,0.13059991739067153,16.81046748161316,cuda
1237,morgan,rf,8,0,47015,47015,1.0,8192,5,0.7659733823881372,0.0035710283034322116,0.14582382722293138,0.09259344421745748,1131.5774114131927,cpu
1237,morgan,svm,8,0,47015,47015,1.0,8192,5,0.6428341919384538,0.007075847319794354,0.1801416572504302,0.14021362582812974,70.1863694190979,cpu
1237,morgan,autogluon,8,0,47015,47015,1.0,8192,5,0.8110316797493489,0.0,0.13125826495287377,0.09002054531278283,430.09584069252014,cpu
1237,maccs,xgb,8,0,47015,47015,1.0,1328,5,0.7013138935152231,0.004819460602379127,0.16474077936614756,0.12563882126504827,4.739414215087891,cuda
1237,maccs,rf,8,0,47015,47015,1.0,1328,5,0.7585946167011588,0.004744208005878593,0.14810099410802766,0.0957217560851344,135.45110058784485,cpu
1237,maccs,svm,8,0,47015,47015,1.0,1328,5,0.6400159811229853,0.008145090626802732,0.18084691040205172,0.13927857416498574,48.6327543258667,cpu
1237,maccs,autogluon,8,0,47015,47015,1.0,1328,5,0.8015266327664927,0.0,0.13451889055771704,0.0924155141441342,302.28807282447815,cpu
1237,rdkit2d,xgb,8,0,47015,47015,1.0,1680,5,0.745365612385714,0.006723783251706794,0.15210026036358024,0.11316940630836023,7.178946018218994,cuda
1237,rdkit2d,rf,8,0,47015,47015,1.0,1680,5,0.7734771245453962,0.004347248595339683,0.14346565950663648,0.09091365840024082,404.3582615852356,cpu
1237,rdkit2d,svm,8,0,47015,47015,1.0,1680,5,0.6399749781982419,0.00874618714973841,0.18085475887099461,0.13908284109406335,45.3130464553833,cpu
1237,rdkit2d,autogluon,8,0,47015,47015,1.0,1680,5,0.8079338932365603,0.0,0.1323297598931379,0.0892925290310007,302.91658329963684,cpu
1237,fisd,xgb,8,0,47015,47015,1.0,400,5,0.7300359944075805,0.007021418073153855,0.1566120996459341,0.11758670663397038,4.725943088531494,cuda
1237,fisd,rf,8,0,47015,47015,1.0,400,5,0.7643741804856854,0.006799243328651283,0.1463102062680923,0.09958090026096082,585.3203608989716,cpu
1237,fisd,svm,8,0,47015,47015,1.0,400,5,-0.021757822119887128,0.005561687251350347,0.30471098924412254,0.2663982793781603,102.57703232765198,cpu
1237,fisd,autogluon,8,0,47015,47015,1.0,400,5,0.7750196548868642,0.0,0.1432202565077463,0.1037757764039761,306.4971573352814,cpu
1237,molmetalm,xgb,8,0,47015,47015,1.0,6144,5,0.7047875029941292,0.008486109073856772,0.16376846866207934,0.1225476207264744,29.39342951774597,cuda
1237,molmetalm,rf,8,0,47015,47015,1.0,6144,5,0.7083679717747493,0.0074982548357323915,0.16277362269747114,0.10725571202991682,5070.976575613022,cpu
1237,molmetalm,svm,8,0,47015,47015,1.0,6144,5,-0.021938646119923532,0.005632557381254394,0.3047379119970423,0.2663920896149176,83.15167546272278,cpu
1237,molmetalm,autogluon,8,0,47015,47015,1.0,6144,5,0.7392614305073508,0.0,0.15418239841571194,0.11255830614014747,303.76583075523376,cpu
1237,maf,xgb,8,0,47015,47015,1.0,1024,5,0.7164726136015813,0.006654798618623845,0.1605006941874381,0.12263786521572859,3.9873316287994385,cuda
1237,maf,rf,8,0,47015,47015,1.0,1024,5,0.7691176196302508,0.0036378557607017656,0.14484054551781286,0.09301302626441263,182.317955493927,cpu
1237,maf,svm,8,0,47015,47015,1.0,1024,5,0.6505195852144936,0.006721900254753616,0.17819329276612111,0.13864007116000873,41.17578125,cpu
1237,maf,autogluon,8,0,47015,47015,1.0,1024,5,0.8105438562650591,0.0,0.13142757797119106,0.08946619019693922,302.3399307727814,cpu
124,morgan,xgb,8,0,47015,47015,1.0,8192,5,0.6871927640453551,0.006674969060040743,0.16858888194357452,0.13059991739067153,16.710340976715088,cuda
124,morgan,rf,8,0,47015,47015,1.0,8192,5,0.7659733823881372,0.0035710283034322116,0.14582382722293138,0.09259344421745748,1129.8753955364227,cpu
124,morgan,svm,8,0,47015,47015,1.0,8192,5,0.6428341919384538,0.007075847319794354,0.1801416572504302,0.14021362582812974,72.20922446250916,cpu
124,morgan,autogluon,8,0,47015,47015,1.0,8192,5,0.8110316797493489,0.0,0.13125826495287377,0.09002054531278283,378.2538981437683,cpu
124,maccs,xgb,8,0,47015,47015,1.0,1328,5,0.7013138935152231,0.004819460602379127,0.16474077936614756,0.12563882126504827,4.799607753753662,cuda
124,maccs,rf,8,0,47015,47015,1.0,1328,5,0.7585946167011589,0.004744208005878582,0.14810099410802766,0.0957217560851344,135.02345943450928,cpu
124,maccs,svm,8,0,47015,47015,1.0,1328,5,0.6400159811229853,0.008145090626802732,0.18084691040205172,0.13927857416498574,45.43975257873535,cpu
124,maccs,autogluon,8,0,47015,47015,1.0,1328,5,0.8015266327664927,0.0,0.13451889055771704,0.0924155141441342,302.26638412475586,cpu
124,rdkit2d,xgb,8,0,47015,47015,1.0,1680,5,0.745365612385714,0.006723783251706794,0.15210026036358024,0.11316940630836023,7.293801546096802,cuda
124,rdkit2d,rf,8,0,47015,47015,1.0,1680,5,0.7734771245453962,0.004347248595339683,0.14346565950663648,0.09091365840024082,404.8560791015625,cpu
124,rdkit2d,svm,8,0,47015,47015,1.0,1680,5,0.6399749781982419,0.00874618714973841,0.18085475887099461,0.13908284109406335,43.794854402542114,cpu
124,rdkit2d,autogluon,8,0,47015,47015,1.0,1680,5,0.8079396994458787,0.0,0.132327759696162,0.08937726763812524,303.0306279659271,cpu
124,fisd,xgb,8,0,47015,47015,1.0,400,5,0.728221785037619,0.006523672316788026,0.15714089231154293,0.11810468840503825,4.5697290897369385,cuda
124,fisd,rf,8,0,47015,47015,1.0,400,5,0.764858364243633,0.006897380214534626,0.1461593948787211,0.09957664534640656,578.4731471538544,cpu
124,fisd,svm,8,0,47015,47015,1.0,400,5,-0.02175782215924791,0.00556168725586411,0.30471098924999146,0.26639827938292765,118.63209819793701,cpu
124,fisd,autogluon,8,0,47015,47015,1.0,400,5,0.7723290152868296,0.0,0.14407412838023465,0.10523494334395592,306.098863363266,cpu
124,molmetalm,xgb,8,0,47015,47015,1.0,6144,5,0.7047875029941292,0.008486109073856772,0.16376846866207934,0.1225476207264744,29.385961771011353,cuda
124,molmetalm,rf,8,0,47015,47015,1.0,6144,5,0.7083679717747493,0.0074982548357323915,0.16277362269747114,0.10725571202991682,5055.5838894844055,cpu
124,molmetalm,svm,8,0,47015,47015,1.0,6144,5,-0.021938646119923532,0.005632557381254394,0.3047379119970423,0.2663920896149176,79.99937510490417,cpu
124,molmetalm,autogluon,8,0,47015,47015,1.0,6144,5,0.7389624861412525,0.0,0.15427076040138255,0.11271126306848206,303.7006571292877,cpu
124,maf,xgb,8,0,47015,47015,1.0,1024,5,0.7164726136015813,0.006654798618623845,0.1605006941874381,0.12263786521572859,3.858269691467285,cuda
124,maf,rf,8,0,47015,47015,1.0,1024,5,0.7691176196302508,0.0036378557607017656,0.14484054551781286,0.09301302626441263,183.73144674301147,cpu
124,maf,svm,8,0,47015,47015,1.0,1024,5,0.6505195852144936,0.006721900254753616,0.17819329276612111,0.13864007116000873,46.24264407157898,cpu
124,maf,autogluon,8,0,47015,47015,1.0,1024,5,0.8105403395097416,0.0,0.1314287977692924,0.08939945950565749,301.74571204185486,cpu
1245,morgan,xgb,8,0,47015,47015,1.0,8192,5,0.6871927640453551,0.006674969060040743,0.16858888194357452,0.13059991739067153,16.698546886444092,cuda
1245,morgan,rf,8,0,47015,47015,1.0,8192,5,0.7659733823881372,0.0035710283034322116,0.14582382722293138,0.09259344421745748,1135.674489736557,cpu
1245,morgan,svm,8,0,47015,47015,1.0,8192,5,0.6428341919384538,0.007075847319794354,0.1801416572504302,0.14021362582812974,71.67685198783875,cpu
1245,morgan,autogluon,8,0,47015,47015,1.0,8192,5,0.8110316797493489,0.0,0.13125826495287377,0.09002054531278283,378.26370000839233,cpu
1245,maccs,xgb,8,0,47015,47015,1.0,1328,5,0.7013138935152231,0.004819460602379127,0.16474077936614756,0.12563882126504827,4.8169519901275635,cuda
1245,maccs,rf,8,0,47015,47015,1.0,1328,5,0.7585946167011589,0.004744208005878582,0.14810099410802766,0.0957217560851344,135.23664116859436,cpu
1245,maccs,svm,8,0,47015,47015,1.0,1328,5,0.6400159811229853,0.008145090626802732,0.18084691040205172,0.13927857416498574,44.39948511123657,cpu
1245,maccs,autogluon,8,0,47015,47015,1.0,1328,5,0.8015266327664927,0.0,0.13451889055771704,0.0924155141441342,302.13469338417053,cpu
1245,rdkit2d,xgb,8,0,47015,47015,1.0,1680,5,0.745365612385714,0.006723783251706794,0.15210026036358024,0.11316940630836023,7.220023155212402,cuda
1245,rdkit2d,rf,8,0,47015,47015,1.0,1680,5,0.7734771245453962,0.004347248595339683,0.14346565950663648,0.09091365840024082,403.83495807647705,cpu
1245,rdkit2d,svm,8,0,47015,47015,1.0,1680,5,0.6399749781982419,0.00874618714973841,0.18085475887099461,0.13908284109406335,46.09370446205139,cpu
1245,rdkit2d,autogluon,8,0,47015,47015,1.0,1680,5,0.8079699752243642,0.0,0.13231732942028757,0.08935968590240555,303.0876052379608,cpu
1245,fisd,xgb,8,0,47015,47015,1.0,400,5,0.7299775032666682,0.007306290703573394,0.15662999114555146,0.11764725401733722,4.675224542617798,cuda
1245,fisd,rf,8,0,47015,47015,1.0,400,5,0.7644713530116365,0.007062379734197552,0.1462774352314492,0.09966473453448929,588.5461757183075,cpu
1245,fisd,svm,8,0,47015,47015,1.0,400,5,-0.021757822120693326,0.005561687248256123,0.3047109892442411,0.26639827937861404,109.56052303314209,cpu
1245,fisd,autogluon,8,0,47015,47015,1.0,400,5,0.7724543081631668,0.0,0.14403447917724893,0.10418147332672364,306.5258255004883,cpu
1245,molmetalm,xgb,8,0,47015,47015,1.0,6144,5,0.7047875029941292,0.008486109073856772,0.16376846866207934,0.1225476207264744,29.341310262680054,cuda
1245,molmetalm,rf,8,0,47015,47015,1.0,6144,5,0.7083679717747493,0.0074982548357323915,0.16277362269747114,0.10725571202991682,5040.570418596268,cpu
1245,molmetalm,svm,8,0,47015,47015,1.0,6144,5,-0.021938646119923532,0.005632557381254394,0.3047379119970423,0.2663920896149176,83.17664575576782,cpu
1245,molmetalm,autogluon,8,0,47015,47015,1.0,6144,5,0.738904603411397,0.0,0.15428786353276086,0.11272875553956183,303.67945289611816,cpu
1245,maf,xgb,8,0,47015,47015,1.0,1024,5,0.7164726136015813,0.006654798618623845,0.1605006941874381,0.12263786521572859,3.829627752304077,cuda
1245,maf,rf,8,0,47015,47015,1.0,1024,5,0.7691176196302508,0.003637855760701726,0.1448405455178129,0.09301302626441263,185.44787526130676,cpu
1245,maf,svm,8,0,47015,47015,1.0,1024,5,0.6505195852144936,0.006721900254753616,0.17819329276612111,0.13864007116000873,46.900163650512695,cpu
1245,maf,autogluon,8,0,47015,47015,1.0,1024,5,0.8105487944403268,0.0,0.1314258651298141,0.08939012404188278,301.7980754375458,cpu
12456,morgan,xgb,8,0,47015,47015,1.0,8192,5,0.6871927640453551,0.006674969060040743,0.16858888194357452,0.13059991739067153,16.648008584976196,cuda
12456,morgan,rf,8,0,47015,47015,1.0,8192,5,0.7659733823881372,0.0035710283034322116,0.14582382722293138,0.09259344421745748,1133.9368269443512,cpu
12456,morgan,svm,8,0,47015,47015,1.0,8192,5,0.6428341919384538,0.007075847319794354,0.1801416572504302,0.14021362582812974,71.91686940193176,cpu
12456,morgan,autogluon,8,0,47015,47015,1.0,8192,5,0.8110316797493489,0.0,0.13125826495287377,0.09002054531278283,379.0366768836975,cpu
12456,maccs,xgb,8,0,47015,47015,1.0,1328,5,0.7013138935152231,0.004819460602379127,0.16474077936614756,0.12563882126504827,4.680313587188721,cuda
12456,maccs,rf,8,0,47015,47015,1.0,1328,5,0.7585946167011588,0.004744208005878574,0.14810099410802766,0.0957217560851344,135.62821221351624,cpu
12456,maccs,svm,8,0,47015,47015,1.0,1328,5,0.6400159811229853,0.008145090626802732,0.18084691040205172,0.13927857416498574,45.81163454055786,cpu
12456,maccs,autogluon,8,0,47015,47015,1.0,1328,5,0.8015266327664927,0.0,0.13451889055771704,0.0924155141441342,317.403596162796,cpu
12456,rdkit2d,xgb,8,0,47015,47015,1.0,1680,5,0.745365612385714,0.006723783251706794,0.15210026036358024,0.11316940630836023,7.180026292800903,cuda
12456,rdkit2d,rf,8,0,47015,47015,1.0,1680,5,0.7734771245453962,0.004347248595339683,0.14346565950663648,0.09091365840024082,404.94483637809753,cpu
12456,rdkit2d,svm,8,0,47015,47015,1.0,1680,5,0.6399749781982419,0.00874618714973841,0.18085475887099461,0.13908284109406335,44.55612015724182,cpu
12456,rdkit2d,autogluon,8,0,47015,47015,1.0,1680,5,0.8079472764043341,0.0,0.1323251494434867,0.08937274065235429,303.20506405830383,cpu
12456,fisd,xgb,8,0,47015,47015,1.0,400,5,0.7302572810351444,0.006601297748294565,0.15655005077525597,0.11763653480420752,4.668633937835693,cuda
12456,fisd,rf,8,0,47015,47015,1.0,400,5,0.7653765803577878,0.0063413802748349115,0.14599907400527362,0.09947511659244783,587.9898107051849,cpu
12456,fisd,svm,8,0,47015,47015,1.0,400,5,-0.021757822147203322,0.005561687251115079,0.30471098924819484,0.26639827938152366,110.33826494216919,cpu
12456,fisd,autogluon,8,0,47015,47015,1.0,400,5,0.7775422292881143,0.0,0.14241507019995112,0.10336228996561685,306.3656349182129,cpu
12456,molmetalm,xgb,8,0,47015,47015,1.0,6144,5,0.7047875029941292,0.008486109073856772,0.16376846866207934,0.1225476207264744,29.268901109695435,cuda
12456,molmetalm,rf,8,0,47015,47015,1.0,6144,5,0.7083679717747494,0.007498254835732419,0.16277362269747114,0.10725571202991682,5054.174430131912,cpu
12456,molmetalm,svm,8,0,47015,47015,1.0,6144,5,-0.021938646119923532,0.005632557381254394,0.3047379119970423,0.2663920896149176,83.74362707138062,cpu
12456,molmetalm,autogluon,8,0,47015,47015,1.0,6144,5,0.7390342655485116,0.0,0.15424954845962371,0.1126635639771382,303.69389247894287,cpu
12456,maf,xgb,8,0,47015,47015,1.0,1024,5,0.7164726136015813,0.006654798618623845,0.1605006941874381,0.12263786521572859,3.835723400115967,cuda
12456,maf,rf,8,0,47015,47015,1.0,1024,5,0.7691176196302508,0.003637855760701726,0.1448405455178129,0.09301302626441263,180.3304533958435,cpu
12456,maf,svm,8,0,47015,47015,1.0,1024,5,0.6505195852144936,0.006721900254753616,0.17819329276612111,0.13864007116000873,46.06980299949646,cpu
12456,maf,autogluon,8,0,47015,47015,1.0,1024,5,0.8105438562650591,0.0,0.13142757797119106,0.08946619019693922,301.746111869812,cpu
124567,morgan,xgb,8,0,47015,47015,1.0,8192,5,0.6871927640453551,0.006674969060040743,0.16858888194357452,0.13059991739067153,16.59872317314148,cuda
124567,morgan,rf,8,0,47015,47015,1.0,8192,5,0.7659733823881372,0.0035710283034322116,0.14582382722293138,0.09259344421745748,1136.9215178489685,cpu
124567,morgan,svm,8,0,47015,47015,1.0,8192,5,0.6428341919384538,0.007075847319794354,0.1801416572504302,0.14021362582812974,70.82826614379883,cpu
124567,morgan,autogluon,8,0,47015,47015,1.0,8192,5,0.8110316797493489,0.0,0.13125826495287377,0.09002054531278283,377.3567113876343,cpu
124567,maccs,xgb,8,0,47015,47015,1.0,1328,5,0.7013138935152231,0.004819460602379127,0.16474077936614756,0.12563882126504827,4.746387958526611,cuda
124567,maccs,rf,8,0,47015,47015,1.0,1328,5,0.7585946167011588,0.004744208005878593,0.14810099410802766,0.0957217560851344,135.818781375885,cpu
124567,maccs,svm,8,0,47015,47015,1.0,1328,5,0.6400159811229853,0.008145090626802732,0.18084691040205172,0.13927857416498574,44.195107221603394,cpu
124567,maccs,autogluon,8,0,47015,47015,1.0,1328,5,0.8015266327664927,0.0,0.13451889055771704,0.0924155141441342,301.9407835006714,cpu
124567,rdkit2d,xgb,8,0,47015,47015,1.0,1680,5,0.745365612385714,0.006723783251706794,0.15210026036358024,0.11316940630836023,7.314000844955444,cuda
124567,rdkit2d,rf,8,0,47015,47015,1.0,1680,5,0.7734771245453962,0.004347248595339683,0.14346565950663648,0.09091365840024082,405.0745098590851,cpu
124567,rdkit2d,svm,8,0,47015,47015,1.0,1680,5,0.6399749781982419,0.00874618714973841,0.18085475887099461,0.13908284109406335,46.68614959716797,cpu
124567,rdkit2d,autogluon,8,0,47015,47015,1.0,1680,5,0.8079677616616071,0.0,0.1323180920402706,0.08927453615545049,303.2029056549072,cpu
124567,fisd,xgb,8,0,47015,47015,1.0,400,5,0.7294450690465542,0.007195411268004214,0.15678534778202194,0.1178282511556844,4.730487108230591,cuda
124567,fisd,rf,8,0,47015,47015,1.0,400,5,0.7652362636550626,0.007033608789680289,0.14604110195371794,0.09941692146979975,587.7691659927368,cpu
124567,fisd,svm,8,0,47015,47015,1.0,400,5,-0.021757822143785344,0.005561687252372636,0.3047109892476866,0.26639827938087857,114.96239280700684,cpu
124567,fisd,autogluon,8,0,47015,47015,1.0,400,5,0.7755847143458515,0.0,0.14304028781072198,0.10403477933133848,303.08380913734436,cpu
124567,molmetalm,xgb,8,0,47015,47015,1.0,6144,5,0.7047875029941292,0.008486109073856772,0.16376846866207934,0.1225476207264744,29.15405249595642,cuda
124567,molmetalm,rf,8,0,47015,47015,1.0,6144,5,0.7083679717747493,0.0074982548357323915,0.16277362269747114,0.10725571202991682,5060.191473722458,cpu
124567,molmetalm,svm,8,0,47015,47015,1.0,6144,5,-0.021938646119923532,0.005632557381254394,0.3047379119970423,0.2663920896149176,95.5578830242157,cpu
124567,molmetalm,autogluon,8,0,47015,47015,1.0,6144,5,0.7392614305073508,0.0,0.15418239841571194,0.11255830614014747,303.7768020629883,cpu
124567,maf,xgb,8,0,47015,47015,1.0,1024,5,0.7164726136015813,0.006654798618623845,0.1605006941874381,0.12263786521572859,3.8680365085601807,cuda
124567,maf,rf,8,0,47015,47015,1.0,1024,5,0.7691176196302508,0.0036378557607017656,0.14484054551781286,0.09301302626441262,181.7910189628601,cpu
124567,maf,svm,8,0,47015,47015,1.0,1024,5,0.6505195852144936,0.006721900254753616,0.17819329276612111,0.13864007116000873,44.59646415710449,cpu
124567,maf,autogluon,8,0,47015,47015,1.0,1024,5,0.8105706951794764,0.0,0.1314182684328961,0.08942833313979358,302.0753493309021,cpu
12457,morgan,xgb,8,0,47015,47015,1.0,8192,5,0.6871927640453551,0.006674969060040743,0.16858888194357452,0.13059991739067153,16.794689178466797,cuda
12457,morgan,rf,8,0,47015,47015,1.0,8192,5,0.7659733823881372,0.0035710283034322116,0.14582382722293138,0.09259344421745748,1135.099006652832,cpu
12457,morgan,svm,8,0,47015,47015,1.0,8192,5,0.6428341919384538,0.007075847319794354,0.1801416572504302,0.14021362582812974,69.15478706359863,cpu
12457,morgan,autogluon,8,0,47015,47015,1.0,8192,5,0.8110316797493489,0.0,0.13125826495287377,0.09002054531278283,379.4319179058075,cpu
12457,maccs,xgb,8,0,47015,47015,1.0,1328,5,0.7013138935152231,0.004819460602379127,0.16474077936614756,0.12563882126504827,4.747213363647461,cuda
12457,maccs,rf,8,0,47015,47015,1.0,1328,5,0.7585946167011589,0.004744208005878601,0.14810099410802766,0.0957217560851344,135.52539372444153,cpu
12457,maccs,svm,8,0,47015,47015,1.0,1328,5,0.6400159811229853,0.008145090626802732,0.18084691040205172,0.13927857416498574,44.018198013305664,cpu
12457,maccs,autogluon,8,0,47015,47015,1.0,1328,5,0.8015266327664927,0.0,0.13451889055771704,0.0924155141441342,302.2700979709625,cpu
12457,rdkit2d,xgb,8,0,47015,47015,1.0,1680,5,0.745365612385714,0.006723783251706794,0.15210026036358024,0.11316940630836023,7.280282497406006,cuda
12457,rdkit2d,rf,8,0,47015,47015,1.0,1680,5,0.7734771245453962,0.004347248595339683,0.14346565950663648,0.09091365840024082,404.06477308273315,cpu
12457,rdkit2d,svm,8,0,47015,47015,1.0,1680,5,0.6399749781982419,0.00874618714973841,0.18085475887099461,0.13908284109406335,44.186845541000366,cpu
12457,rdkit2d,autogluon,8,0,47015,47015,1.0,1680,5,0.8079699022217424,0.0,0.13231735457133115,0.08936222858488164,303.11740493774414,cpu
12457,fisd,xgb,8,0,47015,47015,1.0,400,5,0.7272153399303228,0.006526430678499606,0.15743324416043847,0.1183217406820222,4.541139125823975,cuda
12457,fisd,rf,8,0,47015,47015,1.0,400,5,0.7650194653367908,0.006697119126062279,0.14611062473343017,0.09943003738448812,587.7250225543976,cpu
12457,fisd,svm,8,0,47015,47015,1.0,400,5,-0.02175782212444428,0.00556168724991425,0.3047109892448015,0.26639827937869065,123.7170238494873,cpu
12457,fisd,autogluon,8,0,47015,47015,1.0,400,5,0.7724692557078612,0.0,0.14402974826550108,0.10439634746395256,306.55602979660034,cpu
12457,molmetalm,xgb,8,0,47015,47015,1.0,6144,5,0.7047875029941292,0.008486109073856772,0.16376846866207934,0.1225476207264744,29.393120765686035,cuda
12457,molmetalm,rf,8,0,47015,47015,1.0,6144,5,0.7083679717747493,0.0074982548357323915,0.16277362269747114,0.10725571202991682,5070.999248981476,cpu
12457,molmetalm,svm,8,0,47015,47015,1.0,6144,5,-0.021938646119923532,0.005632557381254394,0.3047379119970423,0.2663920896149176,82.91427063941956,cpu
12457,molmetalm,autogluon,8,0,47015,47015,1.0,6144,5,0.7389624861412525,0.0,0.15427076040138255,0.11271126306848206,303.7160692214966,cpu
12457,maf,xgb,8,0,47015,47015,1.0,1024,5,0.7164726136015813,0.006654798618623845,0.1605006941874381,0.12263786521572859,3.933246374130249,cuda
12457,maf,rf,8,0,47015,47015,1.0,1024,5,0.7691176196302508,0.0036378557607017656,0.14484054551781286,0.09301302626441263,186.18722343444824,cpu
12457,maf,svm,8,0,47015,47015,1.0,1024,5,0.6505195852144936,0.006721900254753616,0.17819329276612111,0.13864007116000873,46.36909890174866,cpu
12457,maf,autogluon,8,0,47015,47015,1.0,1024,5,0.810587304917297,0.0,0.13141250672977203,0.08942772837710392,302.057186126709,cpu
1246,morgan,xgb,8,0,47015,47015,1.0,8192,5,0.6871927640453551,0.006674969060040743,0.16858888194357452,0.13059991739067153,16.781963348388672,cuda
1246,morgan,rf,8,0,47015,47015,1.0,8192,5,0.7659733823881372,0.0035710283034322116,0.14582382722293138,0.09259344421745748,1132.7736353874207,cpu
1246,morgan,svm,8,0,47015,47015,1.0,8192,5,0.6428341919384538,0.007075847319794354,0.1801416572504302,0.14021362582812974,72.415851354599,cpu
1246,morgan,autogluon,8,0,47015,47015,1.0,8192,5,0.8110316797493489,0.0,0.13125826495287377,0.09002054531278283,379.0172872543335,cpu
1246,maccs,xgb,8,0,47015,47015,1.0,1328,5,0.7013138935152231,0.004819460602379127,0.16474077936614756,0.12563882126504827,4.758463382720947,cuda
1246,maccs,rf,8,0,47015,47015,1.0,1328,5,0.7585946167011588,0.004744208005878574,0.14810099410802763,0.0957217560851344,132.90961384773254,cpu
1246,maccs,svm,8,0,47015,47015,1.0,1328,5,0.6400159811229853,0.008145090626802732,0.18084691040205172,0.13927857416498574,43.887574434280396,cpu
1246,maccs,autogluon,8,0,47015,47015,1.0,1328,5,0.8015266327664927,0.0,0.13451889055771704,0.0924155141441342,301.8509337902069,cpu
1246,rdkit2d,xgb,8,0,47015,47015,1.0,1680,5,0.745365612385714,0.006723783251706794,0.15210026036358024,0.11316940630836023,7.184891223907471,cuda
1246,rdkit2d,rf,8,0,47015,47015,1.0,1680,5,0.7734771245453962,0.004347248595339683,0.14346565950663648,0.09091365840024082,408.5528151988983,cpu
1246,rdkit2d,svm,8,0,47015,47015,1.0,1680,5,0.6399749781982419,0.00874618714973841,0.18085475887099461,0.13908284109406335,45.83684015274048,cpu
1246,rdkit2d,autogluon,8,0,47015,47015,1.0,1680,5,0.8079624754758721,0.0,0.13231991322717954,0.08936602590067863,303.04986119270325,cpu
1246,fisd,xgb,8,0,47015,47015,1.0,400,5,0.7291357038573537,0.007122999763244228,0.1568749984497798,0.11783424181829023,4.583303689956665,cuda
1246,fisd,rf,8,0,47015,47015,1.0,400,5,0.7654322831887166,0.006584823763997312,0.14598254894776114,0.0994030896823678,584.247517824173,cpu
1246,fisd,svm,8,0,47015,47015,1.0,400,5,-0.02175782214223405,0.005561687250661991,0.30471098924745493,0.26639827938069216,108.66576600074768,cpu
1246,fisd,autogluon,8,0,47015,47015,1.0,400,5,0.7725865339969603,0.0,0.1439926241842841,0.10435649550322107,306.4724898338318,cpu
1246,molmetalm,xgb,8,0,47015,47015,1.0,6144,5,0.7047875029941292,0.008486109073856772,0.16376846866207934,0.1225476207264744,29.324137926101685,cuda
1246,molmetalm,rf,8,0,47015,47015,1.0,6144,5,0.7083679717747493,0.0074982548357323915,0.16277362269747114,0.10725571202991682,5032.551250457764,cpu
1246,molmetalm,svm,8,0,47015,47015,1.0,6144,5,-0.021938646119923532,0.005632557381254394,0.3047379119970423,0.2663920896149176,85.91923069953918,cpu
1246,molmetalm,autogluon,8,0,47015,47015,1.0,6144,5,0.7391086159981177,0.0,0.15422757365844916,0.11261244734343814,303.5282402038574,cpu
1246,maf,xgb,8,0,47015,47015,1.0,1024,5,0.7164726136015813,0.006654798618623845,0.1605006941874381,0.12263786521572859,3.87676739692688,cuda
1246,maf,rf,8,0,47015,47015,1.0,1024,5,0.7691176196302508,0.003637855760701726,0.1448405455178129,0.09301302626441263,184.57539987564087,cpu
1246,maf,svm,8,0,47015,47015,1.0,1024,5,0.6505195852144936,0.006721900254753616,0.17819329276612111,0.13864007116000873,45.903438329696655,cpu
1246,maf,autogluon,8,0,47015,47015,1.0,1024,5,0.810555088268801,0.0,0.13142368203807864,0.08945694853483507,302.50791096687317,cpu
12467,morgan,xgb,8,0,47015,47015,1.0,8192,5,0.6871927640453551,0.006674969060040743,0.16858888194357452,0.13059991739067153,16.88558554649353,cuda
12467,morgan,rf,8,0,47015,47015,1.0,8192,5,0.7659733823881372,0.0035710283034322116,0.14582382722293138,0.09259344421745748,1127.1755330562592,cpu
12467,morgan,svm,8,0,47015,47015,1.0,8192,5,0.6428341919384538,0.007075847319794354,0.1801416572504302,0.14021362582812974,70.22980427742004,cpu
12467,morgan,autogluon,8,0,47015,47015,1.0,8192,5,0.8110316797493489,0.0,0.13125826495287377,0.09002054531278283,380.9303538799286,cpu
12467,maccs,xgb,8,0,47015,47015,1.0,1328,5,0.7013138935152231,0.004819460602379127,0.16474077936614756,0.12563882126504827,4.711919784545898,cuda
12467,maccs,rf,8,0,47015,47015,1.0,1328,5,0.7585946167011589,0.004744208005878582,0.14810099410802763,0.0957217560851344,135.5182614326477,cpu
12467,maccs,svm,8,0,47015,47015,1.0,1328,5,0.6400159811229853,0.008145090626802732,0.18084691040205172,0.13927857416498574,49.52488875389099,cpu
12467,maccs,autogluon,8,0,47015,47015,1.0,1328,5,0.8015266327664927,0.0,0.13451889055771704,0.0924155141441342,301.97908306121826,cpu
12467,rdkit2d,xgb,8,0,47015,47015,1.0,1680,5,0.745365612385714,0.006723783251706794,0.15210026036358024,0.11316940630836023,7.241007566452026,cuda
12467,rdkit2d,rf,8,0,47015,47015,1.0,1680,5,0.7734771245453962,0.004347248595339683,0.14346565950663648,0.09091365840024082,405.0438301563263,cpu
12467,rdkit2d,svm,8,0,47015,47015,1.0,1680,5,0.6399749781982419,0.00874618714973841,0.18085475887099461,0.13908284109406335,45.660353899002075,cpu
12467,rdkit2d,autogluon,8,0,47015,47015,1.0,1680,5,0.8079414622185644,0.0,0.1323271524277809,0.08937654516572635,303.1798324584961,cpu
12467,fisd,xgb,8,0,47015,47015,1.0,400,5,0.7283562416312853,0.006318901361897079,0.1571020391170057,0.11821217822313516,4.628885269165039,cuda
12467,fisd,rf,8,0,47015,47015,1.0,400,5,0.764933378430223,0.006939177521387135,0.1461359928974501,0.09955772508790572,583.191721200943,cpu
12467,fisd,svm,8,0,47015,47015,1.0,400,5,-0.021757822142840322,0.00556168725008851,0.30471098924754575,0.26639827938108723,101.30388832092285,cpu
12467,fisd,autogluon,8,0,47015,47015,1.0,400,5,0.7731862487549712,0.0,0.14380263651534925,0.10402442047463047,306.9709756374359,cpu
12467,molmetalm,xgb,8,0,47015,47015,1.0,6144,5,0.7047875029941292,0.008486109073856772,0.16376846866207934,0.1225476207264744,29.291146755218506,cuda
12467,molmetalm,rf,8,0,47015,47015,1.0,6144,5,0.7083679717747493,0.0074982548357323915,0.16277362269747114,0.10725571202991682,5066.851841688156,cpu
12467,molmetalm,svm,8,0,47015,47015,1.0,6144,5,-0.021938646119923532,0.005632557381254394,0.3047379119970423,0.2663920896149176,82.26373219490051,cpu
12467,molmetalm,autogluon,8,0,47015,47015,1.0,6144,5,0.7391086159981177,0.0,0.15422757365844916,0.11261244734343814,303.50537395477295,cpu
12467,maf,xgb,8,0,47015,47015,1.0,1024,5,0.7164726136015813,0.006654798618623845,0.1605006941874381,0.12263786521572859,3.902930974960327,cuda
12467,maf,rf,8,0,47015,47015,1.0,1024,5,0.7691176196302508,0.003637855760701726,0.1448405455178129,0.09301302626441263,183.5688512325287,cpu
12467,maf,svm,8,0,47015,47015,1.0,1024,5,0.6505195852144936,0.006721900254753616,0.17819329276612111,0.13864007116000873,46.45906949043274,cpu
12467,maf,autogluon,8,0,47015,47015,1.0,1024,5,0.8105650765172215,0.0,0.13142021741695073,0.08944332013275313,301.80718636512756,cpu
1247,morgan,xgb,8,0,47015,47015,1.0,8192,5,0.6871927640453551,0.006674969060040743,0.16858888194357452,0.13059991739067153,16.746992826461792,cuda
1247,morgan,rf,8,0,47015,47015,1.0,8192,5,0.7659733823881372,0.0035710283034322116,0.14582382722293138,0.09259344421745748,1125.2782566547394,cpu
1247,morgan,svm,8,0,47015,47015,1.0,8192,5,0.6428341919384538,0.007075847319794354,0.1801416572504302,0.14021362582812974,71.73622560501099,cpu
1247,morgan,autogluon,8,0,47015,47015,1.0,8192,5,0.8110316797493489,0.0,0.13125826495287377,0.09002054531278283,378.314501285553,cpu
1247,maccs,xgb,8,0,47015,47015,1.0,1328,5,0.7013138935152231,0.004819460602379127,0.16474077936614756,0.12563882126504827,4.768361806869507,cuda
1247,maccs,rf,8,0,47015,47015,1.0,1328,5,0.7585946167011588,0.004744208005878593,0.14810099410802766,0.0957217560851344,135.47642135620117,cpu
1247,maccs,svm,8,0,47015,47015,1.0,1328,5,0.6400159811229853,0.008145090626802732,0.18084691040205172,0.13927857416498574,44.677278995513916,cpu
1247,maccs,autogluon,8,0,47015,47015,1.0,1328,5,0.8015266327664927,0.0,0.13451889055771704,0.0924155141441342,302.27833580970764,cpu
1247,rdkit2d,xgb,8,0,47015,47015,1.0,1680,5,0.745365612385714,0.006723783251706794,0.15210026036358024,0.11316940630836023,7.274998664855957,cuda
1247,rdkit2d,rf,8,0,47015,47015,1.0,1680,5,0.7734771245453962,0.004347248595339683,0.14346565950663648,0.09091365840024082,405.8990523815155,cpu
1247,rdkit2d,svm,8,0,47015,47015,1.0,1680,5,0.6399749781982419,0.00874618714973841,0.18085475887099461,0.13908284109406335,44.08992123603821,cpu
1247,rdkit2d,autogluon,8,0,47015,47015,1.0,1680,5,0.8079335502492891,0.0,0.1323298780488181,0.08938085567450567,302.9263758659363,cpu
1247,fisd,xgb,8,0,47015,47015,1.0,400,5,0.7305437151067489,0.007466103647886161,0.15646459972434307,0.11739605807768579,4.572974920272827,cuda
1247,fisd,rf,8,0,47015,47015,1.0,400,5,0.764786036458293,0.006796872453016999,0.14618146587826328,0.09957305757870097,583.2846450805664,cpu
1247,fisd,svm,8,0,47015,47015,1.0,400,5,-0.02175782215761064,0.005561687253003566,0.3047109892497456,0.2663982793828299,109.49063062667847,cpu
1247,fisd,autogluon,8,0,47015,47015,1.0,400,5,0.7717759675292447,0.0,0.14424901132315715,0.10436183151958012,304.62061309814453,cpu
1247,molmetalm,xgb,8,0,47015,47015,1.0,6144,5,0.7047875029941292,0.008486109073856772,0.16376846866207934,0.1225476207264744,29.245296955108643,cuda
1247,molmetalm,rf,8,0,47015,47015,1.0,6144,5,0.7083679717747493,0.0074982548357323915,0.16277362269747114,0.10725571202991682,5035.484474897385,cpu
1247,molmetalm,svm,8,0,47015,47015,1.0,6144,5,-0.021938646119923532,0.005632557381254394,0.3047379119970423,0.2663920896149176,82.05475211143494,cpu
1247,molmetalm,autogluon,8,0,47015,47015,1.0,6144,5,0.7392363100005763,0.0,0.15418982548472557,0.11257055634955528,303.5340211391449,cpu
1247,maf,xgb,8,0,47015,47015,1.0,1024,5,0.7164726136015813,0.006654798618623845,0.1605006941874381,0.12263786521572859,3.9858477115631104,cuda
1247,maf,rf,8,0,47015,47015,1.0,1024,5,0.7691176196302508,0.0036378557607017656,0.14484054551781286,0.09301302626441263,185.62156224250793,cpu
1247,maf,svm,8,0,47015,47015,1.0,1024,5,0.6505195852144936,0.006721900254753616,0.17819329276612111,0.13864007116000873,45.200286865234375,cpu
1247,maf,autogluon,8,0,47015,47015,1.0,1024,5,0.8105487944403268,0.0,0.1314258651298141,0.08939012404188278,301.7631494998932,cpu
125,morgan,xgb,8,0,47015,47015,1.0,8192,5,0.6871927640453551,0.006674969060040743,0.16858888194357452,0.13059991739067153,16.702125310897827,cuda
125,morgan,rf,8,0,47015,47015,1.0,8192,5,0.7659733823881372,0.0035710283034322116,0.14582382722293138,0.09259344421745747,1131.4735522270203,cpu
125,morgan,svm,8,0,47015,47015,1.0,8192,5,0.6428341919384538,0.007075847319794354,0.1801416572504302,0.14021362582812974,70.96265006065369,cpu
125,morgan,autogluon,8,0,47015,47015,1.0,8192,5,0.8110316797493489,0.0,0.13125826495287377,0.09002054531278283,378.2023334503174,cpu
125,maccs,xgb,8,0,47015,47015,1.0,1328,5,0.7013138935152231,0.004819460602379127,0.16474077936614756,0.12563882126504827,4.737196207046509,cuda
125,maccs,rf,8,0,47015,47015,1.0,1328,5,0.7585946167011588,0.004744208005878593,0.14810099410802766,0.0957217560851344,135.0905900001526,cpu
125,maccs,svm,8,0,47015,47015,1.0,1328,5,0.6400159811229853,0.008145090626802732,0.18084691040205172,0.13927857416498574,42.160934925079346,cpu
125,maccs,autogluon,8,0,47015,47015,1.0,1328,5,0.8015266327664927,0.0,0.13451889055771704,0.0924155141441342,302.27537727355957,cpu
125,rdkit2d,xgb,8,0,47015,47015,1.0,1680,5,0.745365612385714,0.006723783251706794,0.15210026036358024,0.11316940630836023,7.4076502323150635,cuda
125,rdkit2d,rf,8,0,47015,47015,1.0,1680,5,0.7734771245453962,0.004347248595339683,0.14346565950663648,0.09091365840024082,403.8629467487335,cpu
125,rdkit2d,svm,8,0,47015,47015,1.0,1680,5,0.6399749781982419,0.00874618714973841,0.18085475887099461,0.13908284109406335,43.76326847076416,cpu
125,rdkit2d,autogluon,8,0,47015,47015,1.0,1680,5,0.8079356613527917,0.0,0.13232915079312854,0.08929152843202455,302.86122703552246,cpu
125,fisd,xgb,8,0,47015,47015,1.0,400,5,0.7299126743670437,0.006104690965735294,0.1566523849970232,0.11761958274031285,4.547381639480591,cuda
125,fisd,rf,8,0,47015,47015,1.0,400,5,0.7656006164061536,0.006752051365128031,0.14592781207471162,0.09948512680933988,581.8494703769684,cpu
125,fisd,svm,8,0,47015,47015,1.0,400,5,-0.02175782215589379,0.005561687254079444,0.3047109892494889,0.2663982793822309,114.13699007034302,cpu
125,fisd,autogluon,8,0,47015,47015,1.0,400,5,0.7745033247923123,0.0,0.14338450763143776,0.10372387848169666,306.181941986084,cpu
125,molmetalm,xgb,8,0,47015,47015,1.0,6144,5,0.7047875029941292,0.008486109073856772,0.16376846866207934,0.1225476207264744,29.323397636413574,cuda
125,molmetalm,rf,8,0,47015,47015,1.0,6144,5,0.7083679717747494,0.007498254835732419,0.16277362269747114,0.10725571202991682,5048.909115791321,cpu
125,molmetalm,svm,8,0,47015,47015,1.0,6144,5,-0.021938646119923532,0.005632557381254394,0.3047379119970423,0.2663920896149176,86.02812218666077,cpu
125,molmetalm,autogluon,8,0,47015,47015,1.0,6144,5,0.7391557293608821,0.0,0.15421364735013843,0.11260167832980657,303.60065054893494,cpu
125,maf,xgb,8,0,47015,47015,1.0,1024,5,0.7164726136015813,0.006654798618623845,0.1605006941874381,0.12263786521572859,3.8594138622283936,cuda
125,maf,rf,8,0,47015,47015,1.0,1024,5,0.7691176196302508,0.003637855760701726,0.1448405455178129,0.09301302626441263,184.91749548912048,cpu
125,maf,svm,8,0,47015,47015,1.0,1024,5,0.6505195852144936,0.006721900254753616,0.17819329276612111,0.13864007116000873,46.47297501564026,cpu
125,maf,autogluon,8,0,47015,47015,1.0,1024,5,0.8105442462014247,0.0,0.1314274427197881,0.08938871835302298,301.74232602119446,cpu
1256,morgan,xgb,8,0,47015,47015,1.0,8192,5,0.6871927640453551,0.006674969060040743,0.16858888194357452,0.13059991739067153,16.92999577522278,cuda
1256,morgan,rf,8,0,47015,47015,1.0,8192,5,0.7659733823881372,0.0035710283034322116,0.14582382722293138,0.09259344421745747,1132.4222598075867,cpu
1256,morgan,svm,8,0,47015,47015,1.0,8192,5,0.6428341919384538,0.007075847319794354,0.1801416572504302,0.14021362582812974,72.23496294021606,cpu
1256,morgan,autogluon,8,0,47015,47015,1.0,8192,5,0.8110316797493489,0.0,0.13125826495287377,0.09002054531278283,377.3184611797333,cpu
1256,maccs,xgb,8,0,47015,47015,1.0,1328,5,0.7013138935152231,0.004819460602379127,0.16474077936614756,0.12563882126504827,4.838059186935425,cuda
1256,maccs,rf,8,0,47015,47015,1.0,1328,5,0.7585946167011588,0.004744208005878593,0.14810099410802766,0.09572175608513442,134.95070719718933,cpu
1256,maccs,svm,8,0,47015,47015,1.0,1328,5,0.6400159811229853,0.008145090626802732,0.18084691040205172,0.13927857416498574,43.51083540916443,cpu
1256,maccs,autogluon,8,0,47015,47015,1.0,1328,5,0.8015266327664927,0.0,0.13451889055771704,0.0924155141441342,316.6794729232788,cpu
1256,rdkit2d,xgb,8,0,47015,47015,1.0,1680,5,0.745365612385714,0.006723783251706794,0.15210026036358024,0.11316940630836023,7.335666656494141,cuda
1256,rdkit2d,rf,8,0,47015,47015,1.0,1680,5,0.7734771245453962,0.004347248595339683,0.14346565950663648,0.09091365840024082,401.6789848804474,cpu
1256,rdkit2d,svm,8,0,47015,47015,1.0,1680,5,0.6399749781982419,0.00874618714973841,0.18085475887099461,0.13908284109406335,46.221779346466064,cpu
1256,rdkit2d,autogluon,8,0,47015,47015,1.0,1680,5,0.8079363330928507,0.0,0.13232891938403432,0.08937968789665084,301.2942361831665,cpu
1256,fisd,xgb,8,0,47015,47015,1.0,400,5,0.728647940063208,0.0060689276783349915,0.15701813605892795,0.1179524913866189,4.6076085567474365,cuda
1256,fisd,rf,8,0,47015,47015,1.0,400,5,0.7649177449934699,0.006119780704692333,0.14614378646767187,0.09954815370843748,588.4183421134949,cpu
1256,fisd,svm,8,0,47015,47015,1.0,400,5,-0.02175782214512867,0.0055616872504603175,0.30471098924788576,0.26639827938118693,126.7463276386261,cpu
1256,fisd,autogluon,8,0,47015,47015,1.0,400,5,0.7717538842202862,0.0,0.14425599003261838,0.10429077111642482,301.1561563014984,cpu
1256,molmetalm,xgb,8,0,47015,47015,1.0,6144,5,0.7047875029941292,0.008486109073856772,0.16376846866207934,0.1225476207264744,28.835760593414307,cuda
1256,molmetalm,rf,8,0,47015,47015,1.0,6144,5,0.7083679717747493,0.0074982548357323715,0.16277362269747114,0.10725571202991682,5072.437375068665,cpu
1256,molmetalm,svm,8,0,47015,47015,1.0,6144,5,-0.021938646119923532,0.005632557381254394,0.3047379119970423,0.2663920896149176,86.19326210021973,cpu
1256,molmetalm,autogluon,8,0,47015,47015,1.0,6144,5,0.7389624861412525,0.0,0.15427076040138255,0.11271126306848206,303.35999631881714,cpu
1256,maf,xgb,8,0,47015,47015,1.0,1024,5,0.7164726136015813,0.006654798618623845,0.1605006941874381,0.12263786521572859,3.8546462059020996,cuda
1256,maf,rf,8,0,47015,47015,1.0,1024,5,0.7691176196302508,0.0036378557607017656,0.14484054551781286,0.09301302626441263,186.32600736618042,cpu
1256,maf,svm,8,0,47015,47015,1.0,1024,5,0.6505195852144936,0.006721900254753616,0.17819329276612111,0.13864007116000873,46.984992265701294,cpu
1256,maf,autogluon,8,0,47015,47015,1.0,1024,5,0.8105706951794764,0.0,0.1314182684328961,0.08942833313979358,300.91428565979004,cpu
12567,morgan,xgb,8,0,47015,47015,1.0,8192,5,0.6871927640453551,0.006674969060040743,0.16858888194357452,0.13059991739067153,16.696720123291016,cuda
12567,morgan,rf,8,0,47015,47015,1.0,8192,5,0.7659733823881372,0.0035710283034322116,0.14582382722293138,0.09259344421745747,1132.7449941635132,cpu
12567,morgan,svm,8,0,47015,47015,1.0,8192,5,0.6428341919384538,0.007075847319794354,0.1801416572504302,0.14021362582812974,70.10355234146118,cpu
12567,morgan,autogluon,8,0,47015,47015,1.0,8192,5,0.8110316797493489,0.0,0.13125826495287377,0.09002054531278283,378.40074634552,cpu
12567,maccs,xgb,8,0,47015,47015,1.0,1328,5,0.7013138935152231,0.004819460602379127,0.16474077936614756,0.12563882126504827,4.771819591522217,cuda
12567,maccs,rf,8,0,47015,47015,1.0,1328,5,0.7585946167011588,0.004744208005878593,0.14810099410802766,0.0957217560851344,135.1680748462677,cpu
12567,maccs,svm,8,0,47015,47015,1.0,1328,5,0.6400159811229853,0.008145090626802732,0.18084691040205172,0.13927857416498574,44.504284143447876,cpu
12567,maccs,autogluon,8,0,47015,47015,1.0,1328,5,0.8015266327664927,0.0,0.13451889055771704,0.0924155141441342,302.2171437740326,cpu
12567,rdkit2d,xgb,8,0,47015,47015,1.0,1680,5,0.745365612385714,0.006723783251706794,0.15210026036358024,0.11316940630836023,7.299530506134033,cuda
12567,rdkit2d,rf,8,0,47015,47015,1.0,1680,5,0.7734771245453962,0.004347248595339683,0.14346565950663648,0.09091365840024082,405.3779978752136,cpu
12567,rdkit2d,svm,8,0,47015,47015,1.0,1680,5,0.6399749781982419,0.00874618714973841,0.18085475887099461,0.13908284109406335,49.37583947181702,cpu
12567,rdkit2d,autogluon,8,0,47015,47015,1.0,1680,5,0.8079742504781734,0.0,0.13231585649094782,0.08926952574726721,303.21133065223694,cpu
12567,fisd,xgb,8,0,47015,47015,1.0,400,5,0.729113696712387,0.007543854010797135,0.15688173395370322,0.11789568058670577,4.473556041717529,cuda
12567,fisd,rf,8,0,47015,47015,1.0,400,5,0.7650103212838818,0.006972643051070072,0.14611094857429133,0.09948541214284191,586.3799405097961,cpu
12567,fisd,svm,8,0,47015,47015,1.0,400,5,-0.021757822128249373,0.005561687252659098,0.30471098924536866,0.26639827937934163,114.716153383255,cpu
12567,fisd,autogluon,8,0,47015,47015,1.0,400,5,0.7746239006814913,0.0,0.1433461677618427,0.10375488426173737,306.9111099243164,cpu
12567,molmetalm,xgb,8,0,47015,47015,1.0,6144,5,0.7047875029941292,0.008486109073856772,0.16376846866207934,0.1225476207264744,29.437958002090454,cuda
12567,molmetalm,rf,8,0,47015,47015,1.0,6144,5,0.7083679717747493,0.0074982548357323915,0.16277362269747114,0.10725571202991682,5072.423906326294,cpu
12567,molmetalm,svm,8,0,47015,47015,1.0,6144,5,-0.021938646119923532,0.005632557381254394,0.3047379119970423,0.2663920896149176,85.60863924026489,cpu
12567,molmetalm,autogluon,8,0,47015,47015,1.0,6144,5,0.7392363100005763,0.0,0.15418982548472557,0.11257055634955528,303.56024837493896,cpu
12567,maf,xgb,8,0,47015,47015,1.0,1024,5,0.7164726136015813,0.006654798618623845,0.1605006941874381,0.12263786521572859,3.9789528846740723,cuda
12567,maf,rf,8,0,47015,47015,1.0,1024,5,0.7691176196302508,0.003637855760701726,0.1448405455178129,0.09301302626441263,183.0731644630432,cpu
12567,maf,svm,8,0,47015,47015,1.0,1024,5,0.6505195852144936,0.006721900254753616,0.17819329276612111,0.13864007116000873,43.66079759597778,cpu
12567,maf,autogluon,8,0,47015,47015,1.0,1024,5,0.810587304917297,0.0,0.13141250672977203,0.08942772837710392,301.9545841217041,cpu
1257,morgan,xgb,8,0,47015,47015,1.0,8192,5,0.6871927640453551,0.006674969060040743,0.16858888194357452,0.13059991739067153,16.83488631248474,cuda
1257,morgan,rf,8,0,47015,47015,1.0,8192,5,0.7659733823881372,0.0035710283034322116,0.14582382722293138,0.09259344421745748,1132.6459639072418,cpu
1257,morgan,svm,8,0,47015,47015,1.0,8192,5,0.6428341919384538,0.007075847319794354,0.1801416572504302,0.14021362582812974,70.11161589622498,cpu
1257,morgan,autogluon,8,0,47015,47015,1.0,8192,5,0.8110316797493489,0.0,0.13125826495287377,0.09002054531278283,379.7526876926422,cpu
1257,maccs,xgb,8,0,47015,47015,1.0,1328,5,0.7013138935152231,0.004819460602379127,0.16474077936614756,0.12563882126504827,4.795544147491455,cuda
1257,maccs,rf,8,0,47015,47015,1.0,1328,5,0.7585946167011588,0.004744208005878574,0.14810099410802766,0.0957217560851344,135.87166333198547,cpu
1257,maccs,svm,8,0,47015,47015,1.0,1328,5,0.6400159811229853,0.008145090626802732,0.18084691040205172,0.13927857416498574,46.45068144798279,cpu
1257,maccs,autogluon,8,0,47015,47015,1.0,1328,5,0.8015266327664927,0.0,0.13451889055771704,0.0924155141441342,302.3003451824188,cpu
1257,rdkit2d,xgb,8,0,47015,47015,1.0,1680,5,0.745365612385714,0.006723783251706794,0.15210026036358024,0.11316940630836023,7.3306286334991455,cuda
1257,rdkit2d,rf,8,0,47015,47015,1.0,1680,5,0.7734771245453962,0.004347248595339683,0.14346565950663648,0.09091365840024082,402.4059455394745,cpu
1257,rdkit2d,svm,8,0,47015,47015,1.0,1680,5,0.6399749781982419,0.00874618714973841,0.18085475887099461,0.13908284109406335,45.348891735076904,cpu
1257,rdkit2d,autogluon,8,0,47015,47015,1.0,1680,5,0.8079315468739369,0.0,0.13233056818945715,0.08938244076307245,303.0770421028137,cpu
1257,fisd,xgb,8,0,47015,47015,1.0,400,5,0.7315440331317287,0.0075144099385619605,0.15617340932009727,0.11723011471029798,4.632156610488892,cuda
1257,fisd,rf,8,0,47015,47015,1.0,400,5,0.7644730960057304,0.0067827814473916045,0.14627907907929388,0.09959312062072831,581.0291092395782,cpu
1257,fisd,svm,8,0,47015,47015,1.0,400,5,-0.021757822111972257,0.005561687248750581,0.30471098924294326,0.26639827937729715,120.49598455429077,cpu
1257,fisd,autogluon,8,0,47015,47015,1.0,400,5,0.7740640162939687,0.0,0.14352410920985506,0.1042553092668864,306.48817920684814,cpu
1257,molmetalm,xgb,8,0,47015,47015,1.0,6144,5,0.7047875029941292,0.008486109073856772,0.16376846866207934,0.1225476207264744,29.229333639144897,cuda
1257,molmetalm,rf,8,0,47015,47015,1.0,6144,5,0.7083679717747493,0.0074982548357323915,0.16277362269747114,0.10725571202991682,5044.981219530106,cpu
1257,molmetalm,svm,8,0,47015,47015,1.0,6144,5,-0.021938646119923532,0.005632557381254394,0.3047379119970423,0.2663920896149176,82.72952675819397,cpu
1257,molmetalm,autogluon,8,0,47015,47015,1.0,6144,5,0.7391004606684477,0.0,0.1542299841766865,0.1126209552501452,303.7127618789673,cpu
1257,maf,xgb,8,0,47015,47015,1.0,1024,5,0.7164726136015813,0.006654798618623845,0.1605006941874381,0.12263786521572859,3.870133638381958,cuda
1257,maf,rf,8,0,47015,47015,1.0,1024,5,0.7691176196302508,0.003637855760701726,0.1448405455178129,0.09301302626441263,184.65611934661865,cpu
1257,maf,svm,8,0,47015,47015,1.0,1024,5,0.6505195852144936,0.006721900254753616,0.17819329276612111,0.13864007116000873,46.04222249984741,cpu
1257,maf,autogluon,8,0,47015,47015,1.0,1024,5,0.8105403395097416,0.0,0.1314287977692924,0.08939945950565749,301.786137342453,cpu
126,morgan,xgb,8,0,47015,47015,1.0,8192,5,0.6871927640453551,0.006674969060040743,0.16858888194357452,0.13059991739067153,16.533085823059082,cuda
126,morgan,rf,8,0,47015,47015,1.0,8192,5,0.7659733823881372,0.0035710283034322116,0.14582382722293138,0.09259344421745748,1131.732054233551,cpu
126,morgan,svm,8,0,47015,47015,1.0,8192,5,0.6428341919384538,0.007075847319794354,0.1801416572504302,0.14021362582812974,73.58447933197021,cpu
126,morgan,autogluon,8,0,47015,47015,1.0,8192,5,0.8110316797493489,0.0,0.13125826495287377,0.09002054531278283,377.8805332183838,cpu
126,maccs,xgb,8,0,47015,47015,1.0,1328,5,0.7013138935152231,0.004819460602379127,0.16474077936614756,0.12563882126504827,4.8341076374053955,cuda
126,maccs,rf,8,0,47015,47015,1.0,1328,5,0.7585946167011588,0.004744208005878593,0.14810099410802766,0.0957217560851344,134.46080946922302,cpu
126,maccs,svm,8,0,47015,47015,1.0,1328,5,0.6400159811229853,0.008145090626802732,0.18084691040205172,0.13927857416498574,43.15245294570923,cpu
126,maccs,autogluon,8,0,47015,47015,1.0,1328,5,0.8015266327664927,0.0,0.13451889055771704,0.0924155141441342,302.2577669620514,cpu
126,rdkit2d,xgb,8,0,47015,47015,1.0,1680,5,0.745365612385714,0.006723783251706794,0.15210026036358024,0.11316940630836023,7.306554317474365,cuda
126,rdkit2d,rf,8,0,47015,47015,1.0,1680,5,0.7734771245453962,0.004347248595339683,0.14346565950663648,0.09091365840024082,405.82380175590515,cpu
126,rdkit2d,svm,8,0,47015,47015,1.0,1680,5,0.6399749781982419,0.00874618714973841,0.18085475887099461,0.13908284109406335,42.44796848297119,cpu
126,rdkit2d,autogluon,8,0,47015,47015,1.0,1680,5,0.8079467020578851,0.0,0.1323253473069209,0.08937320203867444,302.99216985702515,cpu
126,fisd,xgb,8,0,47015,47015,1.0,400,5,0.7289651022326664,0.005548198239114761,0.1569282259733721,0.11809556518579205,4.649746894836426,cuda
126,fisd,rf,8,0,47015,47015,1.0,400,5,0.7644509103585414,0.006196240016511359,0.1462883589931912,0.09956450336062692,581.1384963989258,cpu
126,fisd,svm,8,0,47015,47015,1.0,400,5,-0.0217578221275176,0.005561687253501259,0.3047109892452592,0.2663982793788764,112.00769662857056,cpu
126,fisd,autogluon,8,0,47015,47015,1.0,400,5,0.7740245521679713,0.0,0.14353664330496432,0.10410591986306166,306.07976722717285,cpu
126,molmetalm,xgb,8,0,47015,47015,1.0,6144,5,0.7047875029941292,0.008486109073856772,0.16376846866207934,0.1225476207264744,29.378576040267944,cuda
126,molmetalm,rf,8,0,47015,47015,1.0,6144,5,0.7083679717747493,0.0074982548357323915,0.16277362269747114,0.10725571202991682,5040.097226142883,cpu
126,molmetalm,svm,8,0,47015,47015,1.0,6144,5,-0.021938646119923532,0.005632557381254394,0.3047379119970423,0.2663920896149176,82.67839336395264,cpu
126,molmetalm,autogluon,8,0,47015,47015,1.0,6144,5,0.738904603411397,0.0,0.15428786353276086,0.11272875553956183,303.71914744377136,cpu
126,maf,xgb,8,0,47015,47015,1.0,1024,5,0.7164726136015813,0.006654798618623845,0.1605006941874381,0.12263786521572859,3.904675245285034,cuda
126,maf,rf,8,0,47015,47015,1.0,1024,5,0.7691176196302508,0.003637855760701726,0.1448405455178129,0.09301302626441263,189.37236142158508,cpu
126,maf,svm,8,0,47015,47015,1.0,1024,5,0.6505195852144936,0.006721900254753616,0.17819329276612111,0.13864007116000873,46.31649875640869,cpu
126,maf,autogluon,8,0,47015,47015,1.0,1024,5,0.8105289352288527,0.0,0.13143275330359477,0.08940089426575218,302.2118413448334,cpu
1267,morgan,xgb,8,0,47015,47015,1.0,8192,5,0.6871927640453551,0.006674969060040743,0.16858888194357452,0.13059991739067153,16.655712604522705,cuda
1267,morgan,rf,8,0,47015,47015,1.0,8192,5,0.7659733823881372,0.0035710283034322116,0.14582382722293138,0.09259344421745748,1133.2799260616302,cpu
1267,morgan,svm,8,0,47015,47015,1.0,8192,5,0.6428341919384538,0.007075847319794354,0.1801416572504302,0.14021362582812974,69.38073062896729,cpu
1267,morgan,autogluon,8,0,47015,47015,1.0,8192,5,0.8110316797493489,0.0,0.13125826495287377,0.09002054531278283,389.76606154441833,cpu
1267,maccs,xgb,8,0,47015,47015,1.0,1328,5,0.7013138935152231,0.004819460602379127,0.16474077936614756,0.12563882126504827,4.808851957321167,cuda
1267,maccs,rf,8,0,47015,47015,1.0,1328,5,0.7585946167011588,0.004744208005878593,0.14810099410802766,0.0957217560851344,135.65139961242676,cpu
1267,maccs,svm,8,0,47015,47015,1.0,1328,5,0.6400159811229853,0.008145090626802732,0.18084691040205172,0.13927857416498574,45.92173385620117,cpu
1267,maccs,autogluon,8,0,47015,47015,1.0,1328,5,0.8015266327664927,0.0,0.13451889055771704,0.0924155141441342,302.07531905174255,cpu
1267,rdkit2d,xgb,8,0,47015,47015,1.0,1680,5,0.745365612385714,0.006723783251706794,0.15210026036358024,0.11316940630836023,7.20026707649231,cuda
1267,rdkit2d,rf,8,0,47015,47015,1.0,1680,5,0.7734771245453962,0.004347248595339683,0.14346565950663648,0.09091365840024082,405.80547404289246,cpu
1267,rdkit2d,svm,8,0,47015,47015,1.0,1680,5,0.6399749781982419,0.00874618714973841,0.18085475887099461,0.13908284109406335,43.742807388305664,cpu
1267,rdkit2d,autogluon,8,0,47015,47015,1.0,1680,5,0.8079735143823411,0.0,0.13231611009510613,0.08927116738649071,303.10482597351074,cpu
1267,fisd,xgb,8,0,47015,47015,1.0,400,5,0.728632852773597,0.0069975784487279835,0.15701969489410597,0.11806015690030132,4.591688871383667,cuda
1267,fisd,rf,8,0,47015,47015,1.0,400,5,0.7653512510286404,0.007028045447775591,0.14600533426287426,0.09942251331710858,580.3836812973022,cpu
1267,fisd,svm,8,0,47015,47015,1.0,400,5,-0.02175782213670341,0.005561687252824515,0.30471098924662793,0.2663982793799925,116.4368793964386,cpu
1267,fisd,autogluon,8,0,47015,47015,1.0,400,5,0.7894962019786678,0.0,0.138535834750559,0.0968067616689255,421.63867592811584,cpu
1267,molmetalm,xgb,8,0,47015,47015,1.0,6144,5,0.7047875029941292,0.008486109073856772,0.16376846866207934,0.1225476207264744,29.469470739364624,cuda
1267,molmetalm,rf,8,0,47015,47015,1.0,6144,5,0.7083679717747493,0.0074982548357323915,0.16277362269747114,0.10725571202991682,5069.251888751984,cpu
1267,molmetalm,svm,8,0,47015,47015,1.0,6144,5,-0.021938646119923532,0.005632557381254394,0.3047379119970423,0.2663920896149176,83.46412897109985,cpu
1267,molmetalm,autogluon,8,0,47015,47015,1.0,6144,5,0.7391004606684477,0.0,0.1542299841766865,0.1126209552501452,303.56448793411255,cpu
1267,maf,xgb,8,0,47015,47015,1.0,1024,5,0.7164726136015813,0.006654798618623845,0.1605006941874381,0.12263786521572859,3.889737844467163,cuda
1267,maf,rf,8,0,47015,47015,1.0,1024,5,0.7691176196302508,0.003637855760701726,0.14484054551781286,0.09301302626441263,186.96015763282776,cpu
1267,maf,svm,8,0,47015,47015,1.0,1024,5,0.6505195852144936,0.006721900254753616,0.17819329276612111,0.13864007116000873,44.69883346557617,cpu
1267,maf,autogluon,8,0,47015,47015,1.0,1024,5,0.8104885424096615,0.0,0.1314467624519758,0.08945233688845694,302.0773112773895,cpu
127,morgan,xgb,8,0,47015,47015,1.0,8192,5,0.6871927640453551,0.006674969060040743,0.16858888194357452,0.13059991739067153,16.70352339744568,cuda
127,morgan,rf,8,0,47015,47015,1.0,8192,5,0.7659733823881372,0.0035710283034322116,0.14582382722293138,0.09259344421745748,1129.160251379013,cpu
127,morgan,svm,8,0,47015,47015,1.0,8192,5,0.6428341919384538,0.007075847319794354,0.1801416572504302,0.14021362582812974,71.65499758720398,cpu
127,morgan,autogluon,8,0,47015,47015,1.0,8192,5,0.8110316797493489,0.0,0.13125826495287377,0.09002054531278283,380.87312483787537,cpu
127,maccs,xgb,8,0,47015,47015,1.0,1328,5,0.7013138935152231,0.004819460602379127,0.16474077936614756,0.12563882126504827,4.808984041213989,cuda
127,maccs,rf,8,0,47015,47015,1.0,1328,5,0.7585946167011588,0.004744208005878593,0.14810099410802766,0.0957217560851344,134.20856428146362,cpu
127,maccs,svm,8,0,47015,47015,1.0,1328,5,0.6400159811229853,0.008145090626802732,0.18084691040205172,0.13927857416498574,41.42931056022644,cpu
127,maccs,autogluon,8,0,47015,47015,1.0,1328,5,0.8015266327664927,0.0,0.13451889055771704,0.0924155141441342,302.26669454574585,cpu
127,rdkit2d,xgb,8,0,47015,47015,1.0,1680,5,0.745365612385714,0.006723783251706794,0.15210026036358024,0.11316940630836023,7.211423635482788,cuda
127,rdkit2d,rf,8,0,47015,47015,1.0,1680,5,0.7734771245453962,0.004347248595339683,0.14346565950663648,0.09091365840024082,404.39824175834656,cpu
127,rdkit2d,svm,8,0,47015,47015,1.0,1680,5,0.6399749781982419,0.00874618714973841,0.18085475887099461,0.13908284109406335,45.53303074836731,cpu
127,rdkit2d,autogluon,8,0,47015,47015,1.0,1680,5,0.807937867341653,0.0,0.13232839084603754,0.08937836113276765,303.18971490859985,cpu
127,fisd,xgb,8,0,47015,47015,1.0,400,5,0.7287759361234141,0.006087735059834866,0.1569808393383336,0.11800512222548523,4.785972595214844,cuda
127,fisd,rf,8,0,47015,47015,1.0,400,5,0.7656444804613842,0.006673973900393001,0.14591484889064757,0.09938029199089725,586.1068086624146,cpu
127,fisd,svm,8,0,47015,47015,1.0,400,5,-0.02175782215973614,0.005561687251559165,0.30471098925006385,0.2663982793829136,119.91345834732056,cpu
127,fisd,autogluon,8,0,47015,47015,1.0,400,5,0.7731653452530779,0.0,0.1438092628980365,0.10420408966063326,307.01015067100525,cpu
127,molmetalm,xgb,8,0,47015,47015,1.0,6144,5,0.7047875029941292,0.008486109073856772,0.16376846866207934,0.1225476207264744,29.183380126953125,cuda
127,molmetalm,rf,8,0,47015,47015,1.0,6144,5,0.7083679717747493,0.0074982548357323915,0.16277362269747114,0.10725571202991682,5062.328729629517,cpu
127,molmetalm,svm,8,0,47015,47015,1.0,6144,5,-0.021938646119923532,0.005632557381254394,0.3047379119970423,0.2663920896149176,82.71889591217041,cpu
127,molmetalm,autogluon,8,0,47015,47015,1.0,6144,5,0.7391557293608821,0.0,0.15421364735013843,0.11260167832980657,303.717321395874,cpu
127,maf,xgb,8,0,47015,47015,1.0,1024,5,0.7164726136015813,0.006654798618623845,0.1605006941874381,0.12263786521572859,3.868257522583008,cuda
127,maf,rf,8,0,47015,47015,1.0,1024,5,0.7691176196302508,0.003637855760701726,0.1448405455178129,0.09301302626441263,185.79489612579346,cpu
127,maf,svm,8,0,47015,47015,1.0,1024,5,0.6505195852144936,0.006721900254753616,0.17819329276612111,0.13864007116000873,45.99467158317566,cpu
127,maf,autogluon,8,0,47015,47015,1.0,1024,5,0.810566350088793,0.0,0.13141977564694587,0.0894280431854589,302.78665137290955,cpu
