sample_id,source_id,source_row_index,source_row_key,yield,a_smiles,b_smiles,p_smiles,a_source_smiles,b_source_smiles,p_source_smiles,c_catalyst_smiles,c_catalyst_source,c_catalyst_status,c_solvent_smiles,c_solvent_source,c_solvent_status,non_p_input_group_id
liao_dhp:000001,liao_dhp,0,1,0.27376,O=C(O)Cc1ccc(Br)cc1,c1ccc([Se][Se]c2ccccc2)cc1,Brc1ccc(C[Se]c2ccccc2)cc1,BrC1=CC=C(CC(O)=O)C=C1,C1([Se][Se]C2=CC=CC=C2)=CC=CC=C1,BrC1=CC=C(C[Se]C2=CC=CC=C2)C=C1,COc1ccc(CN2C=CCC(C(N)=O)=C2)cc1,NC(C1=CN(CC2=CC=C(OC)C=C2)C=CC1)=O,valid,CS(C)=O,CS(C)=O,valid,nonp-d2651cb24919c641cfc39458
liao_dhp:000002,liao_dhp,1,2,0.215354,O=C(O)Cc1ccc(Br)cc1,c1ccc([Se][Se]c2ccccc2)cc1,Brc1ccc(C[Se]c2ccccc2)cc1,BrC1=CC=C(CC(O)=O)C=C1,C1([Se][Se]C2=CC=CC=C2)=CC=CC=C1,BrC1=CC=C(C[Se]C2=CC=CC=C2)C=C1,NC(=O)C1=CN(Cc2ccccc2)C=C(C(N)=O)C1c1ccccc1,NC(C1=CN(CC2=CC=CC=C2)C=C(C(N)=O)C1C3=CC=CC=C3)=O,valid,CS(C)=O,CS(C)=O,valid,nonp-1cac65ca142a9d21917b6b3c
liao_dhp:000003,liao_dhp,2,3,0.726506274,O=C(O)CCCc1c[nH]c2ccccc12,c1ccc([Se][Se]c2ccccc2)cc1,c1ccc([Se]CCCc2c[nH]c3ccccc23)cc1,O=C(CCCC1=CNC2=C1C=CC=C2)O,C1([Se][Se]C2=CC=CC=C2)=CC=CC=C1,C1(CCC[Se]C2=CC=CC=C2)=CNC3=C1C=CC=C3,NC(=O)C1=CN(Cc2ccc(C(F)(F)F)cc2)C=CC1,NC(C1=CN(CC2=CC=C(C(F)(F)F)C=C2)C=CC1)=O,valid,CS(C)=O,CS(C)=O,valid,nonp-51e3bb7db655d663c116372c
liao_dhp:000004,liao_dhp,3,4,0.564985768,O=C(O)CCCc1c[nH]c2ccccc12,c1ccc([Se][Se]c2ccccc2)cc1,c1ccc([Se]CCCc2c[nH]c3ccccc23)cc1,O=C(CCCC1=CNC2=C1C=CC=C2)O,C1([Se][Se]C2=CC=CC=C2)=CC=CC=C1,C1(CCC[Se]C2=CC=CC=C2)=CNC3=C1C=CC=C3,NC(=O)C1=CN(Cc2ccccc2)C=C(C(N)=O)C1c1ccccc1,NC(C1=CN(CC2=CC=CC=C2)C=C(C(N)=O)C1C3=CC=CC=C3)=O,valid,CS(C)=O,CS(C)=O,valid,nonp-a73fc63b7a7844d50cf91ad7
liao_dhp:000005,liao_dhp,4,5,0.99,Cc1ccc(S(=O)(=O)N2CCC(C(=O)O)CC2)cc1,c1ccc([Se][Se]c2ccccc2)cc1,Cc1ccc(S(=O)(=O)N2CCC([Se]c3ccccc3)CC2)cc1,CC1=CC=C(S(N2CCC(C(O)=O)CC2)(=O)=O)C=C1,C1([Se][Se]C2=CC=CC=C2)=CC=CC=C1,CC1=CC=C(S(N2CCC([Se]C3=CC=CC=C3)CC2)(=O)=O)C=C1,NC(=O)C1=CN(Cc2ccccc2)C=CC1,NC(C1=CN(CC2=CC=CC=C2)C=CC1)=O,valid,CS(C)=O,CS(C)=O,valid,nonp-46ba34311070f41fa0dd3ab3
liao_dhp:000006,liao_dhp,5,6,0.99,Cc1ccc(S(=O)(=O)N2CCC(C(=O)O)CC2)cc1,c1ccc([Se][Se]c2ccccc2)cc1,Cc1ccc(S(=O)(=O)N2CCC([Se]c3ccccc3)CC2)cc1,CC1=CC=C(S(N2CCC(C(O)=O)CC2)(=O)=O)C=C1,C1([Se][Se]C2=CC=CC=C2)=CC=CC=C1,CC1=CC=C(S(N2CCC([Se]C3=CC=CC=C3)CC2)(=O)=O)C=C1,COc1ccc(CN2C=CCC(C(N)=O)=C2)cc1,NC(C1=CN(CC2=CC=C(OC)C=C2)C=CC1)=O,valid,CS(C)=O,CS(C)=O,valid,nonp-31f6c70892bc76b293640f7c
liao_dhp:000007,liao_dhp,6,7,0.99,Cc1ccc(S(=O)(=O)N2CCC(C(=O)O)CC2)cc1,c1ccc([Se][Se]c2ccccc2)cc1,Cc1ccc(S(=O)(=O)N2CCC([Se]c3ccccc3)CC2)cc1,CC1=CC=C(S(N2CCC(C(O)=O)CC2)(=O)=O)C=C1,C1([Se][Se]C2=CC=CC=C2)=CC=CC=C1,CC1=CC=C(S(N2CCC([Se]C3=CC=CC=C3)CC2)(=O)=O)C=C1,NC(=O)C1=CN(Cc2ccc(C(F)(F)F)cc2)C=CC1,NC(C1=CN(CC2=CC=C(C(F)(F)F)C=C2)C=CC1)=O,valid,CS(C)=O,CS(C)=O,valid,nonp-7e2dd2d3ca167191a9660a9f
liao_dhp:000008,liao_dhp,7,8,0.769536617,O=C(O)Cc1ccc2c(c1)C(=O)c1ccccc1CO2,c1ccc([Se][Se]c2ccccc2)cc1,O=C1c2ccccc2COc2ccc(C[Se]c3ccccc3)cc21,O=C1C2=CC(CC(O)=O)=CC=C2OCC3=CC=CC=C13,C1([Se][Se]C2=CC=CC=C2)=CC=CC=C1,O=C1C2=CC(C[Se]C3=CC=CC=C3)=CC=C2OCC4=CC=CC=C14,NC(=O)C1=CN(Cc2ccccc2)C=CC1,NC(C1=CN(CC2=CC=CC=C2)C=CC1)=O,valid,CS(C)=O,CS(C)=O,valid,nonp-a5b9fccb9c20b40b20feba66
liao_dhp:000009,liao_dhp,8,9,0.85450422,O=C(O)C1CCN(C(=O)OCc2ccccc2)CC1,c1ccc([Se][Se]c2ccccc2)cc1,O=C(OCc1ccccc1)N1CCC([Se]c2ccccc2)CC1,O=C(N1CCC(C(O)=O)CC1)OCC2=CC=CC=C2,C1([Se][Se]C2=CC=CC=C2)=CC=CC=C1,O=C(N1CCC([Se]C2=CC=CC=C2)CC1)OCC3=CC=CC=C3,COc1ccc(CN2C=CCC(C(N)=O)=C2)cc1,NC(C1=CN(CC2=CC=C(OC)C=C2)C=CC1)=O,valid,CS(C)=O,CS(C)=O,valid,nonp-0471f289586081377564dfd4
liao_dhp:000010,liao_dhp,9,10,0.830445505,O=C(O)C1CCN(C(=O)OCc2ccccc2)CC1,c1ccc([Se][Se]c2ccccc2)cc1,O=C(OCc1ccccc1)N1CCC([Se]c2ccccc2)CC1,O=C(N1CCC(C(O)=O)CC1)OCC2=CC=CC=C2,C1([Se][Se]C2=CC=CC=C2)=CC=CC=C1,O=C(N1CCC([Se]C2=CC=CC=C2)CC1)OCC3=CC=CC=C3,NC(=O)C1=CN(Cc2ccccc2)C=C(C(N)=O)C1,NC(C1=CN(CC2=CC=CC=C2)C=C(C(N)=O)C1)=O,valid,CS(C)=O,CS(C)=O,valid,nonp-da10277b207ac9c57ddccbdc
liao_dhp:000011,liao_dhp,10,11,0.8581288,CC(C)(C)OC(=O)N[C@H](CC(=O)O)C(=O)OCc1ccccc1,c1ccc([Se][Se]c2ccccc2)cc1,CC(C)(C)OC(=O)N[C@H](C[Se]c1ccccc1)C(=O)OCc1ccccc1,O=C(OCC1=CC=CC=C1)[C@H](NC(OC(C)(C)C)=O)CC(O)=O,C1([Se][Se]C2=CC=CC=C2)=CC=CC=C1,O=C(OCC1=CC=CC=C1)[C@H](NC(OC(C)(C)C)=O)C[Se]C2=CC=CC=C2,NC(=O)C1=CN(Cc2ccccc2)C=C(C(N)=O)C1,NC(C1=CN(CC2=CC=CC=C2)C=C(C(N)=O)C1)=O,valid,CS(C)=O,CS(C)=O,valid,nonp-f176186479d81e0391313481
liao_dhp:000012,liao_dhp,11,12,0.60557355,COc1ccc2cc(C(C)C(=O)O)ccc2c1,c1ccc([Se][Se]c2ccccc2)cc1,COc1ccc2cc(C(C)[Se]c3ccccc3)ccc2c1,CC(C1=CC=C2C=C(OC)C=CC2=C1)C(O)=O,C1([Se][Se]C2=CC=CC=C2)=CC=CC=C1,CC(C1=CC=C2C=C(OC)C=CC2=C1)[Se]C3=CC=CC=C3,COc1ccc(CN2C=CCC(C(N)=O)=C2)cc1,NC(C1=CN(CC2=CC=C(OC)C=C2)C=CC1)=O,valid,CS(C)=O,CS(C)=O,valid,nonp-3c7c7a499de3c36396eb5cad
liao_dhp:000013,liao_dhp,12,13,0.78,O=C(O)C1(c2ccccc2)CC1,c1ccc([Se][Se]c2ccccc2)cc1,c1ccc([Se]C2(c3ccccc3)CC2)cc1,O=C(C1(C2=CC=CC=C2)CC1)O,C1([Se][Se]C2=CC=CC=C2)=CC=CC=C1,C1(C2([Se]C3=CC=CC=C3)CC2)=CC=CC=C1,COc1ccc(CN2C=CCC(C(N)=O)=C2)cc1,NC(C1=CN(CC2=CC=C(OC)C=C2)C=CC1)=O,valid,CS(C)=O,CS(C)=O,valid,nonp-32d5de9b41f84d81f33f042a
liao_dhp:000014,liao_dhp,13,14,0.6512618,O=C(O)C1(c2ccccc2)CC1,c1ccc([Se][Se]c2ccccc2)cc1,c1ccc([Se]C2(c3ccccc3)CC2)cc1,O=C(C1(C2=CC=CC=C2)CC1)O,C1([Se][Se]C2=CC=CC=C2)=CC=CC=C1,C1(C2([Se]C3=CC=CC=C3)CC2)=CC=CC=C1,NC(=O)C1=CN(Cc2ccc(C(F)(F)F)cc2)C=CC1,NC(C1=CN(CC2=CC=C(C(F)(F)F)C=C2)C=CC1)=O,valid,CS(C)=O,CS(C)=O,valid,nonp-a7c927bbf022329ea6a6fe86
liao_dhp:000015,liao_dhp,14,15,0.5866294,O=C(O)C1(c2ccccc2)CC1,c1ccc([Se][Se]c2ccccc2)cc1,c1ccc([Se]C2(c3ccccc3)CC2)cc1,O=C(C1(C2=CC=CC=C2)CC1)O,C1([Se][Se]C2=CC=CC=C2)=CC=CC=C1,C1(C2([Se]C3=CC=CC=C3)CC2)=CC=CC=C1,NC(=O)C1=CN(Cc2ccccc2)C=C(C(N)=O)C1,NC(C1=CN(CC2=CC=CC=C2)C=C(C(N)=O)C1)=O,valid,CS(C)=O,CS(C)=O,valid,nonp-806ca8be8589c1c24d623682
liao_dhp:000016,liao_dhp,15,16,0.64071525,Cc1ccc(S(=O)(=O)N2CCC(C(=O)O)CC2)cc1,c1ccc([Se][Se]c2ccccc2)cc1,Cc1ccc(S(=O)(=O)N2CCC([Se]c3ccccc3)CC2)cc1,CC1=CC=C(S(N2CCC(C(O)=O)CC2)(=O)=O)C=C1,C1([Se][Se]C2=CC=CC=C2)=CC=CC=C1,CC1=CC=C(S(N2CCC([Se]C3=CC=CC=C3)CC2)(=O)=O)C=C1,COc1ccc(CN2C=CCC(C(N)=O)=C2)cc1,NC(C1=CN(CC2=CC=C(OC)C=C2)C=CC1)=O,valid,CN(C)C=O,[H]C(N(C)C)=O,valid,nonp-adbf2f1860769cb9b78da1ea
liao_dhp:000017,liao_dhp,16,17,0.25033125,O=C(O)C1CCC(F)(F)CC1,c1ccc([Se][Se]c2ccccc2)cc1,FC1(F)CCC([Se]c2ccccc2)CC1,FC1(F)CCC(C(O)=O)CC1,C1([Se][Se]C2=CC=CC=C2)=CC=CC=C1,FC1(F)CCC([Se]C2=CC=CC=C2)CC1,NC(=O)C1=CN(Cc2ccccc2)C=CC1,NC(C1=CN(CC2=CC=CC=C2)C=CC1)=O,valid,CN(C)C=O,[H]C(N(C)C)=O,valid,nonp-1dc678533def9ea912ccf4c2
liao_dhp:000018,liao_dhp,17,18,0.24931275,O=C(O)C1CCC(F)(F)CC1,c1ccc([Se][Se]c2ccccc2)cc1,FC1(F)CCC([Se]c2ccccc2)CC1,FC1(F)CCC(C(O)=O)CC1,C1([Se][Se]C2=CC=CC=C2)=CC=CC=C1,FC1(F)CCC([Se]C2=CC=CC=C2)CC1,COc1ccc(CN2C=CCC(C(N)=O)=C2)cc1,NC(C1=CN(CC2=CC=C(OC)C=C2)C=CC1)=O,valid,CN(C)C=O,[H]C(N(C)C)=O,valid,nonp-e2896bd00a9fd6010bbab688
liao_dhp:000019,liao_dhp,18,19,0.1489905,O=C(O)C1CCC(F)(F)CC1,c1ccc([Se][Se]c2ccccc2)cc1,FC1(F)CCC([Se]c2ccccc2)CC1,FC1(F)CCC(C(O)=O)CC1,C1([Se][Se]C2=CC=CC=C2)=CC=CC=C1,FC1(F)CCC([Se]C2=CC=CC=C2)CC1,NC(=O)C1=CN(Cc2ccccc2)C=C(C(N)=O)C1c1ccccc1,NC(C1=CN(CC2=CC=CC=C2)C=C(C(N)=O)C1C3=CC=CC=C3)=O,valid,CN(C)C=O,[H]C(N(C)C)=O,valid,nonp-81ac0072196d8c98819b818e
liao_dhp:000020,liao_dhp,19,20,0.00954165,CC(C(=O)O)c1ccc(CC2CCCC2=O)cc1,c1ccc([Se][Se]c2ccccc2)cc1,CC([Se]c1ccccc1)c1ccc(CC2CCCC2=O)cc1,CC(C1=CC=C(CC2C(CCC2)=O)C=C1)C(O)=O,C1([Se][Se]C2=CC=CC=C2)=CC=CC=C1,CC(C1=CC=C(CC2C(CCC2)=O)C=C1)[Se]C3=CC=CC=C3,NC(=O)C1=CN(Cc2ccccc2)C=C(C(N)=O)C1c1ccccc1,NC(C1=CN(CC2=CC=CC=C2)C=C(C(N)=O)C1C3=CC=CC=C3)=O,valid,CN(C)C=O,[H]C(N(C)C)=O,valid,nonp-fe60f1f9abd7908921c61b26
liao_dhp:000021,liao_dhp,20,21,0.45433425,COc1ccc2c(c1)c(CC(=O)O)c(C)n2C(=O)c1ccc(Cl)cc1,c1ccc([Se][Se]c2ccccc2)cc1,COc1ccc2c(c1)c(C[Se]c1ccccc1)c(C)n2C(=O)c1ccc(Cl)cc1,CC(N1C(C2=CC=C(Cl)C=C2)=O)=C(CC(O)=O)C3=C1C=CC(OC)=C3,C1([Se][Se]C2=CC=CC=C2)=CC=CC=C1,CC(N1C(C2=CC=C(Cl)C=C2)=O)=C(C[Se]C3=CC=CC=C3)C4=C1C=CC(OC)=C4,NC(=O)C1=CN(Cc2ccccc2)C=C(C(N)=O)C1,NC(C1=CN(CC2=CC=CC=C2)C=C(C(N)=O)C1)=O,valid,CN(C)C=O,[H]C(N(C)C)=O,valid,nonp-65e3290c847ba4f4a4f85cc7
liao_dhp:000022,liao_dhp,21,22,0.32048065,COc1ccc2c(c1)c(CC(=O)O)c(C)n2C(=O)c1ccc(Cl)cc1,c1ccc([Se][Se]c2ccccc2)cc1,COc1ccc2c(c1)c(C[Se]c1ccccc1)c(C)n2C(=O)c1ccc(Cl)cc1,CC(N1C(C2=CC=C(Cl)C=C2)=O)=C(CC(O)=O)C3=C1C=CC(OC)=C3,C1([Se][Se]C2=CC=CC=C2)=CC=CC=C1,CC(N1C(C2=CC=C(Cl)C=C2)=O)=C(C[Se]C3=CC=CC=C3)C4=C1C=CC(OC)=C4,NC(=O)C1=CN(Cc2ccccc2)C=C(C(N)=O)C1c1ccccc1,NC(C1=CN(CC2=CC=CC=C2)C=C(C(N)=O)C1C3=CC=CC=C3)=O,valid,CN(C)C=O,[H]C(N(C)C)=O,valid,nonp-d384d4e96db7d70fd8dc57b6
liao_dhp:000023,liao_dhp,22,23,0.30245455,COc1ccc(CC(=O)O)cc1,c1ccc([Se][Se]c2ccccc2)cc1,COc1ccc(C[Se]c2ccccc2)cc1,COC1=CC=C(CC(O)=O)C=C1,C1([Se][Se]C2=CC=CC=C2)=CC=CC=C1,COC1=CC=C(C[Se]C2=CC=CC=C2)C=C1,NC(=O)C1=CN(Cc2ccccc2)C=C(C(N)=O)C1c1ccccc1,NC(C1=CN(CC2=CC=CC=C2)C=C(C(N)=O)C1C3=CC=CC=C3)=O,valid,CN(C)C=O,[H]C(N(C)C)=O,valid,nonp-38775cd21161048f3bd91304
liao_dhp:000024,liao_dhp,23,24,0.753973295,O=C(O)C1CCOCC1,c1ccc([Se][Se]c2ccccc2)cc1,c1ccc([Se]C2CCOCC2)cc1,O=C(C1CCOCC1)O,C1([Se][Se]C2=CC=CC=C2)=CC=CC=C1,C1([Se]C2=CC=CC=C2)CCOCC1,NC(=O)C1=CN(Cc2ccccc2)C=CC1,NC(C1=CN(CC2=CC=CC=C2)C=CC1)=O,valid,CN(C)C=O,[H]C(N(C)C)=O,valid,nonp-a5145bb84b7520f2dba19d2e
liao_dhp:000025,liao_dhp,24,25,0.763301603,O=C(O)C1CCOCC1,c1ccc([Se][Se]c2ccccc2)cc1,c1ccc([Se]C2CCOCC2)cc1,O=C(C1CCOCC1)O,C1([Se][Se]C2=CC=CC=C2)=CC=CC=C1,C1([Se]C2=CC=CC=C2)CCOCC1,NC(=O)C1=CN(Cc2ccc(C(F)(F)F)cc2)C=CC1,NC(C1=CN(CC2=CC=C(C(F)(F)F)C=C2)C=CC1)=O,valid,CN(C)C=O,[H]C(N(C)C)=O,valid,nonp-a2baed4cf0bb57cb17a6281b
liao_dhp:000026,liao_dhp,25,26,0.622515464,O=C(O)C1CCN(C(=O)OCc2ccccc2)CC1,c1ccc([Se][Se]c2ccccc2)cc1,O=C(OCc1ccccc1)N1CCC([Se]c2ccccc2)CC1,O=C(N1CCC(C(O)=O)CC1)OCC2=CC=CC=C2,C1([Se][Se]C2=CC=CC=C2)=CC=CC=C1,O=C(N1CCC([Se]C2=CC=CC=C2)CC1)OCC3=CC=CC=C3,NC(=O)C1=CN(Cc2ccccc2)C=C(C(N)=O)C1c1ccccc1,NC(C1=CN(CC2=CC=CC=C2)C=C(C(N)=O)C1C3=CC=CC=C3)=O,valid,CN(C)C=O,[H]C(N(C)C)=O,valid,nonp-7afb1013457f57746218774e
liao_dhp:000027,liao_dhp,26,27,0.6404824,O=C(O)C1CCC1,c1ccc([Se][Se]c2ccccc2)cc1,c1ccc([Se]C2CCC2)cc1,O=C(C1CCC1)O,C1([Se][Se]C2=CC=CC=C2)=CC=CC=C1,C1([Se]C2=CC=CC=C2)CCC1,COc1ccc(CN2C=CCC(C(N)=O)=C2)cc1,NC(C1=CN(CC2=CC=C(OC)C=C2)C=CC1)=O,valid,CN(C)C=O,[H]C(N(C)C)=O,valid,nonp-974cabb210d8b7329bf8b32e
liao_dhp:000028,liao_dhp,27,28,0.6802298,O=C(O)C1CCC1,c1ccc([Se][Se]c2ccccc2)cc1,c1ccc([Se]C2CCC2)cc1,O=C(C1CCC1)O,C1([Se][Se]C2=CC=CC=C2)=CC=CC=C1,C1([Se]C2=CC=CC=C2)CCC1,NC(=O)C1=CN(Cc2ccc(C(F)(F)F)cc2)C=CC1,NC(C1=CN(CC2=CC=C(C(F)(F)F)C=C2)C=CC1)=O,valid,CN(C)C=O,[H]C(N(C)C)=O,valid,nonp-d31c50fc98a3389e7ba5617f
liao_dhp:000029,liao_dhp,28,29,0.4830414,O=C(O)C1CCC1,c1ccc([Se][Se]c2ccccc2)cc1,c1ccc([Se]C2CCC2)cc1,O=C(C1CCC1)O,C1([Se][Se]C2=CC=CC=C2)=CC=CC=C1,C1([Se]C2=CC=CC=C2)CCC1,NC(=O)C1=CN(Cc2ccccc2)C=C(C(N)=O)C1c1ccccc1,NC(C1=CN(CC2=CC=CC=C2)C=C(C(N)=O)C1C3=CC=CC=C3)=O,valid,CN(C)C=O,[H]C(N(C)C)=O,valid,nonp-c78c3772c40a4a8d6692bf9d
liao_dhp:000030,liao_dhp,29,30,0.64247285,COc1ccc2cc(C(C)C(=O)O)ccc2c1,c1ccc([Se][Se]c2ccccc2)cc1,COc1ccc2cc(C(C)[Se]c3ccccc3)ccc2c1,CC(C1=CC=C2C=C(OC)C=CC2=C1)C(O)=O,C1([Se][Se]C2=CC=CC=C2)=CC=CC=C1,CC(C1=CC=C2C=C(OC)C=CC2=C1)[Se]C3=CC=CC=C3,NC(=O)C1=CN(Cc2ccccc2)C=CC1,NC(C1=CN(CC2=CC=CC=C2)C=CC1)=O,valid,CN(C)C=O,[H]C(N(C)C)=O,valid,nonp-9bd45944652572d5cc585a84
liao_dhp:000031,liao_dhp,30,31,0.6216426,COc1ccc2cc(C(C)C(=O)O)ccc2c1,c1ccc([Se][Se]c2ccccc2)cc1,COc1ccc2cc(C(C)[Se]c3ccccc3)ccc2c1,CC(C1=CC=C2C=C(OC)C=CC2=C1)C(O)=O,C1([Se][Se]C2=CC=CC=C2)=CC=CC=C1,CC(C1=CC=C2C=C(OC)C=CC2=C1)[Se]C3=CC=CC=C3,NC(=O)C1=CN(Cc2ccc(C(F)(F)F)cc2)C=CC1,NC(C1=CN(CC2=CC=C(C(F)(F)F)C=C2)C=CC1)=O,valid,CN(C)C=O,[H]C(N(C)C)=O,valid,nonp-cfa254d86b9a7d545774aa96
liao_dhp:000032,liao_dhp,31,32,0.0,O=C(O)C1(c2ccccc2)CC1,c1ccc([Se][Se]c2ccccc2)cc1,c1ccc([Se]C2(c3ccccc3)CC2)cc1,O=C(C1(C2=CC=CC=C2)CC1)O,C1([Se][Se]C2=CC=CC=C2)=CC=CC=C1,C1(C2([Se]C3=CC=CC=C3)CC2)=CC=CC=C1,COc1ccc(CN2C=CCC(C(N)=O)=C2)cc1,NC(C1=CN(CC2=CC=C(OC)C=C2)C=CC1)=O,valid,CN(C)C=O,[H]C(N(C)C)=O,valid,nonp-d1443451a8af43aefb47f337
liao_dhp:000033,liao_dhp,32,33,0.667358723,O=C(O)CCCc1c[nH]c2ccccc12,c1ccc([Se][Se]c2ccccc2)cc1,c1ccc([Se]CCCc2c[nH]c3ccccc23)cc1,O=C(CCCC1=CNC2=C1C=CC=C2)O,C1([Se][Se]C2=CC=CC=C2)=CC=CC=C1,C1(CCC[Se]C2=CC=CC=C2)=CNC3=C1C=CC=C3,COc1ccc(CN2C=CCC(C(N)=O)=C2)cc1,NC(C1=CN(CC2=CC=C(OC)C=C2)C=CC1)=O,valid,CC#N,CC#N,valid,nonp-cc0a143ac9a455a547b78fef
liao_dhp:000034,liao_dhp,33,34,0.593209815,O=C(O)CCCc1c[nH]c2ccccc12,c1ccc([Se][Se]c2ccccc2)cc1,c1ccc([Se]CCCc2c[nH]c3ccccc23)cc1,O=C(CCCC1=CNC2=C1C=CC=C2)O,C1([Se][Se]C2=CC=CC=C2)=CC=CC=C1,C1(CCC[Se]C2=CC=CC=C2)=CNC3=C1C=CC=C3,NC(=O)C1=CN(Cc2ccc(C(F)(F)F)cc2)C=CC1,NC(C1=CN(CC2=CC=C(C(F)(F)F)C=C2)C=CC1)=O,valid,CC#N,CC#N,valid,nonp-9be78c2a4e2b174022e17325
liao_dhp:000035,liao_dhp,34,35,0.35878725,Cc1ccc(S(=O)(=O)N2CCC(C(=O)O)CC2)cc1,c1ccc([Se][Se]c2ccccc2)cc1,Cc1ccc(S(=O)(=O)N2CCC([Se]c3ccccc3)CC2)cc1,CC1=CC=C(S(N2CCC(C(O)=O)CC2)(=O)=O)C=C1,C1([Se][Se]C2=CC=CC=C2)=CC=CC=C1,CC1=CC=C(S(N2CCC([Se]C3=CC=CC=C3)CC2)(=O)=O)C=C1,NC(=O)C1=CN(Cc2ccccc2)C=C(C(N)=O)C1,NC(C1=CN(CC2=CC=CC=C2)C=C(C(N)=O)C1)=O,valid,CC#N,CC#N,valid,nonp-cc0a248686088cd7b6107b02
liao_dhp:000036,liao_dhp,35,36,0.07064025,Cc1ccc(S(=O)(=O)N2CCC(C(=O)O)CC2)cc1,c1ccc([Se][Se]c2ccccc2)cc1,Cc1ccc(S(=O)(=O)N2CCC([Se]c3ccccc3)CC2)cc1,CC1=CC=C(S(N2CCC(C(O)=O)CC2)(=O)=O)C=C1,C1([Se][Se]C2=CC=CC=C2)=CC=CC=C1,CC1=CC=C(S(N2CCC([Se]C3=CC=CC=C3)CC2)(=O)=O)C=C1,NC(=O)C1=CN(Cc2ccccc2)C=C(C(N)=O)C1c1ccccc1,NC(C1=CN(CC2=CC=CC=C2)C=C(C(N)=O)C1C3=CC=CC=C3)=O,valid,CC#N,CC#N,valid,nonp-5148adef261a6240c673d69d
liao_dhp:000037,liao_dhp,36,37,0.0,O=C(O)CCc1ccccc1,c1ccc([Se][Se]c2ccccc2)cc1,c1ccc(CC[Se]c2ccccc2)cc1,O=C(CCC1=CC=CC=C1)O,C1([Se][Se]C2=CC=CC=C2)=CC=CC=C1,C1(CC[Se]C2=CC=CC=C2)=CC=CC=C1,NC(=O)C1=CN(Cc2ccccc2)C=C(C(N)=O)C1c1ccccc1,NC(C1=CN(CC2=CC=CC=C2)C=C(C(N)=O)C1C3=CC=CC=C3)=O,valid,CC#N,CC#N,valid,nonp-c737ec33651897a6b6afc220
liao_dhp:000038,liao_dhp,37,38,0.18412875,O=C(O)C1CCC(F)(F)CC1,c1ccc([Se][Se]c2ccccc2)cc1,FC1(F)CCC([Se]c2ccccc2)CC1,FC1(F)CCC(C(O)=O)CC1,C1([Se][Se]C2=CC=CC=C2)=CC=CC=C1,FC1(F)CCC([Se]C2=CC=CC=C2)CC1,NC(=O)C1=CN(Cc2ccccc2)C=C(C(N)=O)C1,NC(C1=CN(CC2=CC=CC=C2)C=C(C(N)=O)C1)=O,valid,CC#N,CC#N,valid,nonp-56576ec45324bca5f4143f32
liao_dhp:000039,liao_dhp,38,39,0.47649905,O=C(O)Cc1ccc2c(c1)C(=O)c1ccccc1CO2,c1ccc([Se][Se]c2ccccc2)cc1,O=C1c2ccccc2COc2ccc(C[Se]c3ccccc3)cc21,O=C1C2=CC(CC(O)=O)=CC=C2OCC3=CC=CC=C13,C1([Se][Se]C2=CC=CC=C2)=CC=CC=C1,O=C1C2=CC(C[Se]C3=CC=CC=C3)=CC=C2OCC4=CC=CC=C14,NC(=O)C1=CN(Cc2ccccc2)C=C(C(N)=O)C1,NC(C1=CN(CC2=CC=CC=C2)C=C(C(N)=O)C1)=O,valid,CC#N,CC#N,valid,nonp-114290030b842ee5cd626a91
liao_dhp:000040,liao_dhp,39,40,0.54983895,CC(C(=O)O)c1ccc(CC2CCCC2=O)cc1,c1ccc([Se][Se]c2ccccc2)cc1,CC([Se]c1ccccc1)c1ccc(CC2CCCC2=O)cc1,CC(C1=CC=C(CC2C(CCC2)=O)C=C1)C(O)=O,C1([Se][Se]C2=CC=CC=C2)=CC=CC=C1,CC(C1=CC=C(CC2C(CCC2)=O)C=C1)[Se]C3=CC=CC=C3,NC(=O)C1=CN(Cc2ccccc2)C=CC1,NC(C1=CN(CC2=CC=CC=C2)C=CC1)=O,valid,CC#N,CC#N,valid,nonp-84cce796b0432ce9f348d9bc
liao_dhp:000041,liao_dhp,40,41,0.1181789,Cc1ccc(CC(=O)O)cc1,c1ccc([Se][Se]c2ccccc2)cc1,Cc1ccc(C[Se]c2ccccc2)cc1,CC1=CC=C(CC(O)=O)C=C1,C1([Se][Se]C2=CC=CC=C2)=CC=CC=C1,CC1=CC=C(C[Se]C2=CC=CC=C2)C=C1,NC(=O)C1=CN(Cc2ccc(C(F)(F)F)cc2)C=CC1,NC(C1=CN(CC2=CC=C(C(F)(F)F)C=C2)C=CC1)=O,valid,CC#N,CC#N,valid,nonp-81b49ddef2fc39c50d5c1a1b
liao_dhp:000042,liao_dhp,41,42,0.0,Cc1ccc(CC(=O)O)cc1,c1ccc([Se][Se]c2ccccc2)cc1,Cc1ccc(C[Se]c2ccccc2)cc1,CC1=CC=C(CC(O)=O)C=C1,C1([Se][Se]C2=CC=CC=C2)=CC=CC=C1,CC1=CC=C(C[Se]C2=CC=CC=C2)C=C1,NC(=O)C1=CN(Cc2ccccc2)C=C(C(N)=O)C1c1ccccc1,NC(C1=CN(CC2=CC=CC=C2)C=C(C(N)=O)C1C3=CC=CC=C3)=O,valid,CC#N,CC#N,valid,nonp-82631dddf8a7d58035bfd8be
liao_dhp:000043,liao_dhp,42,43,0.271746,O=C(O)Cc1ccc(Br)cc1,c1ccc([Se][Se]c2ccccc2)cc1,Brc1ccc(C[Se]c2ccccc2)cc1,BrC1=CC=C(CC(O)=O)C=C1,C1([Se][Se]C2=CC=CC=C2)=CC=CC=C1,BrC1=CC=C(C[Se]C2=CC=CC=C2)C=C1,COc1ccc(CN2C=CCC(C(N)=O)=C2)cc1,NC(C1=CN(CC2=CC=C(OC)C=C2)C=CC1)=O,valid,CC#N,CC#N,valid,nonp-9728e77182df028bbead7e53
liao_dhp:000044,liao_dhp,43,44,0.0,COc1ccc(CC(=O)O)cc1,c1ccc([Se][Se]c2ccccc2)cc1,COc1ccc(C[Se]c2ccccc2)cc1,COC1=CC=C(CC(O)=O)C=C1,C1([Se][Se]C2=CC=CC=C2)=CC=CC=C1,COC1=CC=C(C[Se]C2=CC=CC=C2)C=C1,NC(=O)C1=CN(Cc2ccccc2)C=C(C(N)=O)C1c1ccccc1,NC(C1=CN(CC2=CC=CC=C2)C=C(C(N)=O)C1C3=CC=CC=C3)=O,valid,CC#N,CC#N,valid,nonp-d4ac2a11e2fe7673ca94539d
liao_dhp:000045,liao_dhp,44,45,0.59056,O=C(O)C1CCN(C(=O)OCc2ccccc2)CC1,c1ccc([Se][Se]c2ccccc2)cc1,O=C(OCc1ccccc1)N1CCC([Se]c2ccccc2)CC1,O=C(N1CCC(C(O)=O)CC1)OCC2=CC=CC=C2,C1([Se][Se]C2=CC=CC=C2)=CC=CC=C1,O=C(N1CCC([Se]C2=CC=CC=C2)CC1)OCC3=CC=CC=C3,NC(=O)C1=CN(Cc2ccc(C(F)(F)F)cc2)C=CC1,NC(C1=CN(CC2=CC=C(C(F)(F)F)C=C2)C=CC1)=O,valid,CC#N,CC#N,valid,nonp-1c64cc776699a0967a1fca39
liao_dhp:000046,liao_dhp,45,46,0.7520618,CC(C)(C)OC(=O)N[C@H](CC(=O)O)C(=O)OCc1ccccc1,c1ccc([Se][Se]c2ccccc2)cc1,CC(C)(C)OC(=O)N[C@H](C[Se]c1ccccc1)C(=O)OCc1ccccc1,O=C(OCC1=CC=CC=C1)[C@H](NC(OC(C)(C)C)=O)CC(O)=O,C1([Se][Se]C2=CC=CC=C2)=CC=CC=C1,O=C(OCC1=CC=CC=C1)[C@H](NC(OC(C)(C)C)=O)C[Se]C2=CC=CC=C2,NC(=O)C1=CN(Cc2ccccc2)C=CC1,NC(C1=CN(CC2=CC=CC=C2)C=CC1)=O,valid,CC#N,CC#N,valid,nonp-b07392d3f0285935b696ff89
liao_dhp:000047,liao_dhp,46,47,0.9010226,CC(C)(C)OC(=O)N[C@H](CC(=O)O)C(=O)OCc1ccccc1,c1ccc([Se][Se]c2ccccc2)cc1,CC(C)(C)OC(=O)N[C@H](C[Se]c1ccccc1)C(=O)OCc1ccccc1,O=C(OCC1=CC=CC=C1)[C@H](NC(OC(C)(C)C)=O)CC(O)=O,C1([Se][Se]C2=CC=CC=C2)=CC=CC=C1,O=C(OCC1=CC=CC=C1)[C@H](NC(OC(C)(C)C)=O)C[Se]C2=CC=CC=C2,COc1ccc(CN2C=CCC(C(N)=O)=C2)cc1,NC(C1=CN(CC2=CC=C(OC)C=C2)C=CC1)=O,valid,CC#N,CC#N,valid,nonp-3719af681ae73ae374e394be
liao_dhp:000048,liao_dhp,47,48,0.084659,CC(C)(C)OC(=O)N[C@H](CC(=O)O)C(=O)OCc1ccccc1,c1ccc([Se][Se]c2ccccc2)cc1,CC(C)(C)OC(=O)N[C@H](C[Se]c1ccccc1)C(=O)OCc1ccccc1,O=C(OCC1=CC=CC=C1)[C@H](NC(OC(C)(C)C)=O)CC(O)=O,C1([Se][Se]C2=CC=CC=C2)=CC=CC=C1,O=C(OCC1=CC=CC=C1)[C@H](NC(OC(C)(C)C)=O)C[Se]C2=CC=CC=C2,NC(=O)C1=CN(Cc2ccccc2)C=C(C(N)=O)C1c1ccccc1,NC(C1=CN(CC2=CC=CC=C2)C=C(C(N)=O)C1C3=CC=CC=C3)=O,valid,CC#N,CC#N,valid,nonp-994ea065dee3574e3ba136d7
liao_dhp:000049,liao_dhp,48,49,0.198208,CC(C(=O)O)N1C(=O)c2ccccc2C1=O,c1ccc(C[Se][Se]Cc2ccccc2)cc1,CC([Se]Cc1ccccc1)N1C(=O)c2ccccc2C1=O,CC(N(C(C1=C2C=CC=C1)=O)C2=O)C(O)=O,C1(C[Se][Se]CC2=CC=CC=C2)=CC=CC=C1,CC(N(C(C1=C2C=CC=C1)=O)C2=O)[Se]CC3=CC=CC=C3,NC(=O)C1=CN(Cc2ccc(C(F)(F)F)cc2)C=CC1,NC(C1=CN(CC2=CC=C(C(F)(F)F)C=C2)C=CC1)=O,valid,CS(C)=O,CS(C)=O,valid,nonp-ccb2f15276bc444f0cc87237
liao_dhp:000050,liao_dhp,49,50,0.1349803,O=C(O)CCCc1c[nH]c2ccccc12,c1ccc(C[Se][Se]Cc2ccccc2)cc1,c1ccc(C[Se]CCCc2c[nH]c3ccccc23)cc1,O=C(CCCC1=CNC2=C1C=CC=C2)O,C1(C[Se][Se]CC2=CC=CC=C2)=CC=CC=C1,C1(CCC[Se]CC2=CC=CC=C2)=CNC3=C1C=CC=C3,COc1ccc(CN2C=CCC(C(N)=O)=C2)cc1,NC(C1=CN(CC2=CC=C(OC)C=C2)C=CC1)=O,valid,CS(C)=O,CS(C)=O,valid,nonp-54fa4d74f01428178e960dcf
liao_dhp:000051,liao_dhp,50,51,0.0768673,O=C(O)CCCc1c[nH]c2ccccc12,c1ccc(C[Se][Se]Cc2ccccc2)cc1,c1ccc(C[Se]CCCc2c[nH]c3ccccc23)cc1,O=C(CCCC1=CNC2=C1C=CC=C2)O,C1(C[Se][Se]CC2=CC=CC=C2)=CC=CC=C1,C1(CCC[Se]CC2=CC=CC=C2)=CNC3=C1C=CC=C3,NC(=O)C1=CN(Cc2ccc(C(F)(F)F)cc2)C=CC1,NC(C1=CN(CC2=CC=C(C(F)(F)F)C=C2)C=CC1)=O,valid,CS(C)=O,CS(C)=O,valid,nonp-25cccb30b8f3b2ac3d80ea21
liao_dhp:000052,liao_dhp,51,52,0.2740478,O=C(O)Cc1ccc2c(c1)C(=O)c1ccccc1CO2,c1ccc(C[Se][Se]Cc2ccccc2)cc1,O=C1c2ccccc2COc2ccc(C[Se]Cc3ccccc3)cc21,O=C1C2=CC(CC(O)=O)=CC=C2OCC3=CC=CC=C13,C1(C[Se][Se]CC2=CC=CC=C2)=CC=CC=C1,O=C1C2=CC(C[Se]CC3=CC=CC=C3)=CC=C2OCC4=CC=CC=C14,NC(=O)C1=CN(Cc2ccc(C(F)(F)F)cc2)C=CC1,NC(C1=CN(CC2=CC=C(C(F)(F)F)C=C2)C=CC1)=O,valid,CS(C)=O,CS(C)=O,valid,nonp-f1e33ffea64d5c829e75a55f
liao_dhp:000053,liao_dhp,52,53,0.2760982,O=C(O)Cc1ccc2c(c1)C(=O)c1ccccc1CO2,c1ccc(C[Se][Se]Cc2ccccc2)cc1,O=C1c2ccccc2COc2ccc(C[Se]Cc3ccccc3)cc21,O=C1C2=CC(CC(O)=O)=CC=C2OCC3=CC=CC=C13,C1(C[Se][Se]CC2=CC=CC=C2)=CC=CC=C1,O=C1C2=CC(C[Se]CC3=CC=CC=C3)=CC=C2OCC4=CC=CC=C14,NC(=O)C1=CN(Cc2ccccc2)C=C(C(N)=O)C1,NC(C1=CN(CC2=CC=CC=C2)C=C(C(N)=O)C1)=O,valid,CS(C)=O,CS(C)=O,valid,nonp-978323afb528e45ac2616999
liao_dhp:000054,liao_dhp,53,54,0.1665091,CC(C(=O)O)c1ccc(CC2CCCC2=O)cc1,c1ccc(C[Se][Se]Cc2ccccc2)cc1,CC([Se]Cc1ccccc1)c1ccc(CC2CCCC2=O)cc1,CC(C1=CC=C(CC2C(CCC2)=O)C=C1)C(O)=O,C1(C[Se][Se]CC2=CC=CC=C2)=CC=CC=C1,CC(C1=CC=C(CC2C(CCC2)=O)C=C1)[Se]CC3=CC=CC=C3,COc1ccc(CN2C=CCC(C(N)=O)=C2)cc1,NC(C1=CN(CC2=CC=C(OC)C=C2)C=CC1)=O,valid,CS(C)=O,CS(C)=O,valid,nonp-9a3f00566782442114d0c623
liao_dhp:000055,liao_dhp,54,55,0.20253875,CC(C(=O)O)N1C(=O)c2ccccc2C1=O,c1ccc(C[Se][Se]Cc2ccccc2)cc1,CC([Se]Cc1ccccc1)N1C(=O)c2ccccc2C1=O,CC(N(C(C1=C2C=CC=C1)=O)C2=O)C(O)=O,C1(C[Se][Se]CC2=CC=CC=C2)=CC=CC=C1,CC(N(C(C1=C2C=CC=C1)=O)C2=O)[Se]CC3=CC=CC=C3,NC(=O)C1=CN(Cc2ccccc2)C=CC1,NC(C1=CN(CC2=CC=CC=C2)C=CC1)=O,valid,CN(C)C=O,[H]C(N(C)C)=O,valid,nonp-e1a7d9c7070debf36508d1d4
liao_dhp:000056,liao_dhp,55,56,0.157108,Cc1ccc(S(=O)(=O)N2CCC(C(=O)O)CC2)cc1,c1ccc(C[Se][Se]Cc2ccccc2)cc1,Cc1ccc(S(=O)(=O)N2CCC([Se]Cc3ccccc3)CC2)cc1,CC1=CC=C(S(N2CCC(C(O)=O)CC2)(=O)=O)C=C1,C1(C[Se][Se]CC2=CC=CC=C2)=CC=CC=C1,CC1=CC=C(S(N2CCC([Se]CC3=CC=CC=C3)CC2)(=O)=O)C=C1,COc1ccc(CN2C=CCC(C(N)=O)=C2)cc1,NC(C1=CN(CC2=CC=C(OC)C=C2)C=CC1)=O,valid,CN(C)C=O,[H]C(N(C)C)=O,valid,nonp-dbfcddb0a1a4bfeda4a14dc4
liao_dhp:000057,liao_dhp,56,57,0.2771234,O=C(O)Cc1ccc2c(c1)C(=O)c1ccccc1CO2,c1ccc(C[Se][Se]Cc2ccccc2)cc1,O=C1c2ccccc2COc2ccc(C[Se]Cc3ccccc3)cc21,O=C1C2=CC(CC(O)=O)=CC=C2OCC3=CC=CC=C13,C1(C[Se][Se]CC2=CC=CC=C2)=CC=CC=C1,O=C1C2=CC(C[Se]CC3=CC=CC=C3)=CC=C2OCC4=CC=CC=C14,NC(=O)C1=CN(Cc2ccc(C(F)(F)F)cc2)C=CC1,NC(C1=CN(CC2=CC=C(C(F)(F)F)C=C2)C=CC1)=O,valid,CN(C)C=O,[H]C(N(C)C)=O,valid,nonp-6599388cdb035da0312fde05
liao_dhp:000058,liao_dhp,57,58,0.285325,O=C(O)Cc1ccc2c(c1)C(=O)c1ccccc1CO2,c1ccc(C[Se][Se]Cc2ccccc2)cc1,O=C1c2ccccc2COc2ccc(C[Se]Cc3ccccc3)cc21,O=C1C2=CC(CC(O)=O)=CC=C2OCC3=CC=CC=C13,C1(C[Se][Se]CC2=CC=CC=C2)=CC=CC=C1,O=C1C2=CC(C[Se]CC3=CC=CC=C3)=CC=C2OCC4=CC=CC=C14,NC(=O)C1=CN(Cc2ccccc2)C=C(C(N)=O)C1,NC(C1=CN(CC2=CC=CC=C2)C=C(C(N)=O)C1)=O,valid,CN(C)C=O,[H]C(N(C)C)=O,valid,nonp-ea45e147a3e1c8cf1e48b29a
liao_dhp:000059,liao_dhp,58,59,0.2832746,O=C(O)Cc1ccc2c(c1)C(=O)c1ccccc1CO2,c1ccc(C[Se][Se]Cc2ccccc2)cc1,O=C1c2ccccc2COc2ccc(C[Se]Cc3ccccc3)cc21,O=C1C2=CC(CC(O)=O)=CC=C2OCC3=CC=CC=C13,C1(C[Se][Se]CC2=CC=CC=C2)=CC=CC=C1,O=C1C2=CC(C[Se]CC3=CC=CC=C3)=CC=C2OCC4=CC=CC=C14,NC(=O)C1=CN(Cc2ccccc2)C=C(C(N)=O)C1c1ccccc1,NC(C1=CN(CC2=CC=CC=C2)C=C(C(N)=O)C1C3=CC=CC=C3)=O,valid,CN(C)C=O,[H]C(N(C)C)=O,valid,nonp-4fbefdc887387b2393b6e58e
liao_dhp:000060,liao_dhp,59,60,0.0,CC(C(=O)O)c1ccc(CC2CCCC2=O)cc1,c1ccc(C[Se][Se]Cc2ccccc2)cc1,CC([Se]Cc1ccccc1)c1ccc(CC2CCCC2=O)cc1,CC(C1=CC=C(CC2C(CCC2)=O)C=C1)C(O)=O,C1(C[Se][Se]CC2=CC=CC=C2)=CC=CC=C1,CC(C1=CC=C(CC2C(CCC2)=O)C=C1)[Se]CC3=CC=CC=C3,NC(=O)C1=CN(Cc2ccccc2)C=C(C(N)=O)C1,NC(C1=CN(CC2=CC=CC=C2)C=C(C(N)=O)C1)=O,valid,CN(C)C=O,[H]C(N(C)C)=O,valid,nonp-c30e99cbf8dd60ed04d181fd
liao_dhp:000061,liao_dhp,60,61,0.0226881,COc1ccc2c(c1)c(CC(=O)O)c(C)n2C(=O)c1ccc(Cl)cc1,c1ccc(C[Se][Se]Cc2ccccc2)cc1,COc1ccc2c(c1)c(C[Se]Cc1ccccc1)c(C)n2C(=O)c1ccc(Cl)cc1,CC(N1C(C2=CC=C(Cl)C=C2)=O)=C(CC(O)=O)C3=C1C=CC(OC)=C3,C1(C[Se][Se]CC2=CC=CC=C2)=CC=CC=C1,CC(N1C(C2=CC=C(Cl)C=C2)=O)=C(C[Se]CC3=CC=CC=C3)C4=C1C=CC(OC)=C4,COc1ccc(CN2C=CCC(C(N)=O)=C2)cc1,NC(C1=CN(CC2=CC=C(OC)C=C2)C=CC1)=O,valid,CN(C)C=O,[H]C(N(C)C)=O,valid,nonp-4bcac22344bc989cd1de90c4
liao_dhp:000062,liao_dhp,61,62,0.24568725,CC(C(=O)O)N1C(=O)c2ccccc2C1=O,c1ccc(C[Se][Se]Cc2ccccc2)cc1,CC([Se]Cc1ccccc1)N1C(=O)c2ccccc2C1=O,CC(N(C(C1=C2C=CC=C1)=O)C2=O)C(O)=O,C1(C[Se][Se]CC2=CC=CC=C2)=CC=CC=C1,CC(N(C(C1=C2C=CC=C1)=O)C2=O)[Se]CC3=CC=CC=C3,NC(=O)C1=CN(Cc2ccc(C(F)(F)F)cc2)C=CC1,NC(C1=CN(CC2=CC=C(C(F)(F)F)C=C2)C=CC1)=O,valid,CC#N,CC#N,valid,nonp-2459289559739086d2f727c9
liao_dhp:000063,liao_dhp,62,63,0.0,Cc1ccc(S(=O)(=O)N2CCC(C(=O)O)CC2)cc1,c1ccc(C[Se][Se]Cc2ccccc2)cc1,Cc1ccc(S(=O)(=O)N2CCC([Se]Cc3ccccc3)CC2)cc1,CC1=CC=C(S(N2CCC(C(O)=O)CC2)(=O)=O)C=C1,C1(C[Se][Se]CC2=CC=CC=C2)=CC=CC=C1,CC1=CC=C(S(N2CCC([Se]CC3=CC=CC=C3)CC2)(=O)=O)C=C1,NC(=O)C1=CN(Cc2ccccc2)C=C(C(N)=O)C1,NC(C1=CN(CC2=CC=CC=C2)C=C(C(N)=O)C1)=O,valid,CC#N,CC#N,valid,nonp-daee6f0ac5b05e34855c4401
liao_dhp:000064,liao_dhp,63,64,0.0,COc1ccc2c(c1)c(CC(=O)O)c(C)n2C(=O)c1ccc(Cl)cc1,c1ccc(C[Se][Se]Cc2ccccc2)cc1,COc1ccc2c(c1)c(C[Se]Cc1ccccc1)c(C)n2C(=O)c1ccc(Cl)cc1,CC(N1C(C2=CC=C(Cl)C=C2)=O)=C(CC(O)=O)C3=C1C=CC(OC)=C3,C1(C[Se][Se]CC2=CC=CC=C2)=CC=CC=C1,CC(N1C(C2=CC=C(Cl)C=C2)=O)=C(C[Se]CC3=CC=CC=C3)C4=C1C=CC(OC)=C4,NC(=O)C1=CN(Cc2ccccc2)C=C(C(N)=O)C1c1ccccc1,NC(C1=CN(CC2=CC=CC=C2)C=C(C(N)=O)C1C3=CC=CC=C3)=O,valid,CC#N,CC#N,valid,nonp-627006a804e324bd8e60e5d6
liao_dhp:000065,liao_dhp,64,65,0.0106761,O=C(O)C1CCN(C(=O)OCc2ccccc2)CC1,c1ccc(C[Se][Se]Cc2ccccc2)cc1,O=C(OCc1ccccc1)N1CCC([Se]Cc2ccccc2)CC1,O=C(N1CCC(C(O)=O)CC1)OCC2=CC=CC=C2,C1(C[Se][Se]CC2=CC=CC=C2)=CC=CC=C1,O=C(N1CCC([Se]CC2=CC=CC=C2)CC1)OCC3=CC=CC=C3,NC(=O)C1=CN(Cc2ccccc2)C=C(C(N)=O)C1c1ccccc1,NC(C1=CN(CC2=CC=CC=C2)C=C(C(N)=O)C1C3=CC=CC=C3)=O,valid,CS(C)=O,CS(C)=O,valid,nonp-86aad346dc0eae8ef75a2037
liao_dhp:000066,liao_dhp,65,66,0.0975506,COc1ccc2cc(C(C)C(=O)O)ccc2c1,c1ccc(C[Se][Se]Cc2ccccc2)cc1,COc1ccc2cc(C(C)[Se]Cc3ccccc3)ccc2c1,CC(C1=CC=C2C=C(OC)C=CC2=C1)C(O)=O,C1(C[Se][Se]CC2=CC=CC=C2)=CC=CC=C1,CC(C1=CC=C2C=C(OC)C=CC2=C1)[Se]CC3=CC=CC=C3,COc1ccc(CN2C=CCC(C(N)=O)=C2)cc1,NC(C1=CN(CC2=CC=C(OC)C=C2)C=CC1)=O,valid,CS(C)=O,CS(C)=O,valid,nonp-59c24d083d491b2db3dd142d
liao_dhp:000067,liao_dhp,66,67,0.005,COc1ccc2cc(C(C)C(=O)O)ccc2c1,c1ccc(C[Se][Se]Cc2ccccc2)cc1,COc1ccc2cc(C(C)[Se]Cc3ccccc3)ccc2c1,CC(C1=CC=C2C=C(OC)C=CC2=C1)C(O)=O,C1(C[Se][Se]CC2=CC=CC=C2)=CC=CC=C1,CC(C1=CC=C2C=C(OC)C=CC2=C1)[Se]CC3=CC=CC=C3,NC(=O)C1=CN(Cc2ccccc2)C=C(C(N)=O)C1,NC(C1=CN(CC2=CC=CC=C2)C=C(C(N)=O)C1)=O,valid,CS(C)=O,CS(C)=O,valid,nonp-1918cdc6bd327b40a001c9c2
liao_dhp:000068,liao_dhp,67,68,0.0,O=C(O)C1CCCCC1,c1ccc(C[Se][Se]Cc2ccccc2)cc1,c1ccc(C[Se]C2CCCCC2)cc1,O=C(C1CCCCC1)O,C1(C[Se][Se]CC2=CC=CC=C2)=CC=CC=C1,C1([Se]CC2=CC=CC=C2)CCCCC1,NC(=O)C1=CN(Cc2ccccc2)C=C(C(N)=O)C1c1ccccc1,NC(C1=CN(CC2=CC=CC=C2)C=C(C(N)=O)C1C3=CC=CC=C3)=O,valid,CN(C)C=O,[H]C(N(C)C)=O,valid,nonp-0e56c2ccb88a98050236b03c
liao_dhp:000069,liao_dhp,68,69,0.0495984,O=C(O)C1CCN(C(=O)OCc2ccccc2)CC1,c1ccc(C[Se][Se]Cc2ccccc2)cc1,O=C(OCc1ccccc1)N1CCC([Se]Cc2ccccc2)CC1,O=C(N1CCC(C(O)=O)CC1)OCC2=CC=CC=C2,C1(C[Se][Se]CC2=CC=CC=C2)=CC=CC=C1,O=C(N1CCC([Se]CC2=CC=CC=C2)CC1)OCC3=CC=CC=C3,NC(=O)C1=CN(Cc2ccc(C(F)(F)F)cc2)C=CC1,NC(C1=CN(CC2=CC=C(C(F)(F)F)C=C2)C=CC1)=O,valid,CN(C)C=O,[H]C(N(C)C)=O,valid,nonp-e103da3d9a40a678ac40cba8
liao_dhp:000070,liao_dhp,69,70,0.006010895,CC(C)(C)OC(=O)N[C@H](CC(=O)O)C(=O)OCc1ccccc1,c1ccc(C[Se][Se]Cc2ccccc2)cc1,CC(C)(C)OC(=O)N[C@H](C[Se]Cc1ccccc1)C(=O)OCc1ccccc1,O=C(OCC1=CC=CC=C1)[C@H](NC(OC(C)(C)C)=O)CC(O)=O,C1(C[Se][Se]CC2=CC=CC=C2)=CC=CC=C1,O=C(OCC1=CC=CC=C1)[C@H](NC(OC(C)(C)C)=O)C[Se]CC2=CC=CC=C2,NC(=O)C1=CN(Cc2ccccc2)C=CC1,NC(C1=CN(CC2=CC=CC=C2)C=CC1)=O,valid,CN(C)C=O,[H]C(N(C)C)=O,valid,nonp-250fedd85ba55d90344607af
liao_dhp:000071,liao_dhp,70,71,0.0,CC(C)(C)OC(=O)N[C@H](CC(=O)O)C(=O)OCc1ccccc1,c1ccc(C[Se][Se]Cc2ccccc2)cc1,CC(C)(C)OC(=O)N[C@H](C[Se]Cc1ccccc1)C(=O)OCc1ccccc1,O=C(OCC1=CC=CC=C1)[C@H](NC(OC(C)(C)C)=O)CC(O)=O,C1(C[Se][Se]CC2=CC=CC=C2)=CC=CC=C1,O=C(OCC1=CC=CC=C1)[C@H](NC(OC(C)(C)C)=O)C[Se]CC2=CC=CC=C2,NC(=O)C1=CN(Cc2ccccc2)C=C(C(N)=O)C1c1ccccc1,NC(C1=CN(CC2=CC=CC=C2)C=C(C(N)=O)C1C3=CC=CC=C3)=O,valid,CN(C)C=O,[H]C(N(C)C)=O,valid,nonp-fbc1d9f667445132967c4e6e
liao_dhp:000072,liao_dhp,71,72,0.0,O=C(O)C1CCCCC1,c1ccc(C[Se][Se]Cc2ccccc2)cc1,c1ccc(C[Se]C2CCCCC2)cc1,O=C(C1CCCCC1)O,C1(C[Se][Se]CC2=CC=CC=C2)=CC=CC=C1,C1([Se]CC2=CC=CC=C2)CCCCC1,NC(=O)C1=CN(Cc2ccccc2)C=CC1,NC(C1=CN(CC2=CC=CC=C2)C=CC1)=O,valid,CC#N,CC#N,valid,nonp-ffae4c3b76b414a46fbaeb40
liao_dhp:000073,liao_dhp,72,73,0.02252365,O=C(O)C1CCC1,c1ccc(C[Se][Se]Cc2ccccc2)cc1,c1ccc(C[Se]C2CCC2)cc1,O=C(C1CCC1)O,C1(C[Se][Se]CC2=CC=CC=C2)=CC=CC=C1,C1([Se]CC2=CC=CC=C2)CCC1,NC(=O)C1=CN(Cc2ccccc2)C=CC1,NC(C1=CN(CC2=CC=CC=C2)C=CC1)=O,valid,CC#N,CC#N,valid,nonp-7ccf9accf139695565e3cb80
liao_dhp:000074,liao_dhp,73,74,0.0156096,O=C(O)C1CCC1,c1ccc(C[Se][Se]Cc2ccccc2)cc1,c1ccc(C[Se]C2CCC2)cc1,O=C(C1CCC1)O,C1(C[Se][Se]CC2=CC=CC=C2)=CC=CC=C1,C1([Se]CC2=CC=CC=C2)CCC1,NC(=O)C1=CN(Cc2ccc(C(F)(F)F)cc2)C=CC1,NC(C1=CN(CC2=CC=C(C(F)(F)F)C=C2)C=CC1)=O,valid,CC#N,CC#N,valid,nonp-7f7d9645929b593d13b0440d
liao_dhp:000075,liao_dhp,74,75,0.0145459,O=C(O)C1CCC1,c1ccc(C[Se][Se]Cc2ccccc2)cc1,c1ccc(C[Se]C2CCC2)cc1,O=C(C1CCC1)O,C1(C[Se][Se]CC2=CC=CC=C2)=CC=CC=C1,C1([Se]CC2=CC=CC=C2)CCC1,NC(=O)C1=CN(Cc2ccccc2)C=C(C(N)=O)C1,NC(C1=CN(CC2=CC=CC=C2)C=C(C(N)=O)C1)=O,valid,CC#N,CC#N,valid,nonp-50fb21ef813621ac4dcde469
liao_dhp:000076,liao_dhp,75,76,0.0471642,COc1ccc2cc(C(C)C(=O)O)ccc2c1,c1ccc(C[Se][Se]Cc2ccccc2)cc1,COc1ccc2cc(C(C)[Se]Cc3ccccc3)ccc2c1,CC(C1=CC=C2C=C(OC)C=CC2=C1)C(O)=O,C1(C[Se][Se]CC2=CC=CC=C2)=CC=CC=C1,CC(C1=CC=C2C=C(OC)C=CC2=C1)[Se]CC3=CC=CC=C3,NC(=O)C1=CN(Cc2ccccc2)C=CC1,NC(C1=CN(CC2=CC=CC=C2)C=CC1)=O,valid,CC#N,CC#N,valid,nonp-a177adf42ff20cbd0e959896
liao_dhp:000077,liao_dhp,76,77,0.0,CC(C(=O)O)N1C(=O)c2ccccc2C1=O,CC[Se][Se]CC,CC[Se]C(C)N1C(=O)c2ccccc2C1=O,CC(N(C(C1=C2C=CC=C1)=O)C2=O)C(O)=O,CC[Se][Se]CC,CC(N(C(C1=C2C=CC=C1)=O)C2=O)[Se]CC,COc1ccc(CN2C=CCC(C(N)=O)=C2)cc1,NC(C1=CN(CC2=CC=C(OC)C=C2)C=CC1)=O,valid,CS(C)=O,CS(C)=O,valid,nonp-1fdf331e4f34e53522bf997a
liao_dhp:000078,liao_dhp,77,78,0.435427,O=C(O)CCCc1c[nH]c2ccccc12,CC[Se][Se]CC,CC[Se]CCCc1c[nH]c2ccccc12,O=C(CCCC1=CNC2=C1C=CC=C2)O,CC[Se][Se]CC,CC[Se]CCCC1=CNC2=C1C=CC=C2,NC(=O)C1=CN(Cc2ccccc2)C=CC1,NC(C1=CN(CC2=CC=CC=C2)C=CC1)=O,valid,CS(C)=O,CS(C)=O,valid,nonp-0cd0f6bd366d0615233a6b5b
liao_dhp:000079,liao_dhp,78,79,0.52931185,O=C(O)CCCc1c[nH]c2ccccc12,CC[Se][Se]CC,CC[Se]CCCc1c[nH]c2ccccc12,O=C(CCCC1=CNC2=C1C=CC=C2)O,CC[Se][Se]CC,CC[Se]CCCC1=CNC2=C1C=CC=C2,COc1ccc(CN2C=CCC(C(N)=O)=C2)cc1,NC(C1=CN(CC2=CC=C(OC)C=C2)C=CC1)=O,valid,CS(C)=O,CS(C)=O,valid,nonp-3f6073f5c90bc49904d53e79
liao_dhp:000080,liao_dhp,79,80,0.13845945,Cc1ccc(S(=O)(=O)N2CCC(C(=O)O)CC2)cc1,CC[Se][Se]CC,CC[Se]C1CCN(S(=O)(=O)c2ccc(C)cc2)CC1,CC1=CC=C(S(N2CCC(C(O)=O)CC2)(=O)=O)C=C1,CC[Se][Se]CC,CC1=CC=C(S(N2CCC([Se]CC)CC2)(=O)=O)C=C1,NC(=O)C1=CN(Cc2ccccc2)C=C(C(N)=O)C1,NC(C1=CN(CC2=CC=CC=C2)C=C(C(N)=O)C1)=O,valid,CS(C)=O,CS(C)=O,valid,nonp-ad6b7f827d1fed8d8a796695
liao_dhp:000081,liao_dhp,80,81,0.0182695,CC(C(=O)O)c1ccc(CC2CCCC2=O)cc1,CC[Se][Se]CC,CC[Se]C(C)c1ccc(CC2CCCC2=O)cc1,CC(C1=CC=C(CC2C(CCC2)=O)C=C1)C(O)=O,CC[Se][Se]CC,CC(C1=CC=C(CC2C(CCC2)=O)C=C1)[Se]CC,NC(=O)C1=CN(Cc2ccccc2)C=C(C(N)=O)C1c1ccccc1,NC(C1=CN(CC2=CC=CC=C2)C=C(C(N)=O)C1C3=CC=CC=C3)=O,valid,CS(C)=O,CS(C)=O,valid,nonp-6379db718a01b95e1ee619c7
liao_dhp:000082,liao_dhp,81,82,0.1401475,CC(C(=O)O)c1ccc(CC2CCCC2=O)cc1,CC[Se][Se]CC,CC[Se]C(C)c1ccc(CC2CCCC2=O)cc1,CC(C1=CC=C(CC2C(CCC2)=O)C=C1)C(O)=O,CC[Se][Se]CC,CC(C1=CC=C(CC2C(CCC2)=O)C=C1)[Se]CC,COc1ccc(CN2C=CCC(C(N)=O)=C2)cc1,NC(C1=CN(CC2=CC=C(OC)C=C2)C=CC1)=O,valid,CN(C)C=O,[H]C(N(C)C)=O,valid,nonp-64b3d4e0bf446865c8e7057b
liao_dhp:000083,liao_dhp,82,83,0.0132745,CC(C(=O)O)c1ccc(CC2CCCC2=O)cc1,CC[Se][Se]CC,CC[Se]C(C)c1ccc(CC2CCCC2=O)cc1,CC(C1=CC=C(CC2C(CCC2)=O)C=C1)C(O)=O,CC[Se][Se]CC,CC(C1=CC=C(CC2C(CCC2)=O)C=C1)[Se]CC,NC(=O)C1=CN(Cc2ccccc2)C=C(C(N)=O)C1c1ccccc1,NC(C1=CN(CC2=CC=CC=C2)C=C(C(N)=O)C1C3=CC=CC=C3)=O,valid,CN(C)C=O,[H]C(N(C)C)=O,valid,nonp-3c30a9ab3cffc7274b074396
liao_dhp:000084,liao_dhp,83,84,0.0,COc1ccc2c(c1)c(CC(=O)O)c(C)n2C(=O)c1ccc(Cl)cc1,CC[Se][Se]CC,CC[Se]Cc1c(C)n(C(=O)c2ccc(Cl)cc2)c2ccc(OC)cc12,CC(N1C(C2=CC=C(Cl)C=C2)=O)=C(CC(O)=O)C3=C1C=CC(OC)=C3,CC[Se][Se]CC,CC(N1C(C2=CC=C(Cl)C=C2)=O)=C(C[Se]CC)C3=C1C=CC(OC)=C3,NC(=O)C1=CN(Cc2ccc(C(F)(F)F)cc2)C=CC1,NC(C1=CN(CC2=CC=C(C(F)(F)F)C=C2)C=CC1)=O,valid,CN(C)C=O,[H]C(N(C)C)=O,valid,nonp-118f5a064e3f2ea56f61122c
liao_dhp:000085,liao_dhp,84,85,0.0285,COc1ccc2c(c1)c(CC(=O)O)c(C)n2C(=O)c1ccc(Cl)cc1,CC[Se][Se]CC,CC[Se]Cc1c(C)n(C(=O)c2ccc(Cl)cc2)c2ccc(OC)cc12,CC(N1C(C2=CC=C(Cl)C=C2)=O)=C(CC(O)=O)C3=C1C=CC(OC)=C3,CC[Se][Se]CC,CC(N1C(C2=CC=C(Cl)C=C2)=O)=C(C[Se]CC)C3=C1C=CC(OC)=C3,NC(=O)C1=CN(Cc2ccccc2)C=C(C(N)=O)C1c1ccccc1,NC(C1=CN(CC2=CC=CC=C2)C=C(C(N)=O)C1C3=CC=CC=C3)=O,valid,CN(C)C=O,[H]C(N(C)C)=O,valid,nonp-c88205483c4caa29a6ec52e2
liao_dhp:000086,liao_dhp,85,86,0.0,CC(C(=O)O)N1C(=O)c2ccccc2C1=O,CC[Se][Se]CC,CC[Se]C(C)N1C(=O)c2ccccc2C1=O,CC(N(C(C1=C2C=CC=C1)=O)C2=O)C(O)=O,CC[Se][Se]CC,CC(N(C(C1=C2C=CC=C1)=O)C2=O)[Se]CC,NC(=O)C1=CN(Cc2ccccc2)C=CC1,NC(C1=CN(CC2=CC=CC=C2)C=CC1)=O,valid,CC#N,CC#N,valid,nonp-9368c31ddb07b4c900b7efc7
liao_dhp:000087,liao_dhp,86,87,0.0,CC(C(=O)O)N1C(=O)c2ccccc2C1=O,CC[Se][Se]CC,CC[Se]C(C)N1C(=O)c2ccccc2C1=O,CC(N(C(C1=C2C=CC=C1)=O)C2=O)C(O)=O,CC[Se][Se]CC,CC(N(C(C1=C2C=CC=C1)=O)C2=O)[Se]CC,NC(=O)C1=CN(Cc2ccccc2)C=C(C(N)=O)C1c1ccccc1,NC(C1=CN(CC2=CC=CC=C2)C=C(C(N)=O)C1C3=CC=CC=C3)=O,valid,CC#N,CC#N,valid,nonp-0060e6559200d840e9f1c5ff
liao_dhp:000088,liao_dhp,87,88,0.0549438,O=C(O)CCCc1c[nH]c2ccccc12,CC[Se][Se]CC,CC[Se]CCCc1c[nH]c2ccccc12,O=C(CCCC1=CNC2=C1C=CC=C2)O,CC[Se][Se]CC,CC[Se]CCCC1=CNC2=C1C=CC=C2,COc1ccc(CN2C=CCC(C(N)=O)=C2)cc1,NC(C1=CN(CC2=CC=C(OC)C=C2)C=CC1)=O,valid,CC#N,CC#N,valid,nonp-1b772b2e4aeda16c97276489
liao_dhp:000089,liao_dhp,88,89,0.1184824,O=C(O)CCCc1c[nH]c2ccccc12,CC[Se][Se]CC,CC[Se]CCCc1c[nH]c2ccccc12,O=C(CCCC1=CNC2=C1C=CC=C2)O,CC[Se][Se]CC,CC[Se]CCCC1=CNC2=C1C=CC=C2,NC(=O)C1=CN(Cc2ccccc2)C=C(C(N)=O)C1,NC(C1=CN(CC2=CC=CC=C2)C=C(C(N)=O)C1)=O,valid,CC#N,CC#N,valid,nonp-4d9deeea504cdd7685a10ed6
liao_dhp:000090,liao_dhp,89,90,0.16975285,O=C(O)CCCc1c[nH]c2ccccc12,CC[Se][Se]CC,CC[Se]CCCc1c[nH]c2ccccc12,O=C(CCCC1=CNC2=C1C=CC=C2)O,CC[Se][Se]CC,CC[Se]CCCC1=CNC2=C1C=CC=C2,NC(=O)C1=CN(Cc2ccccc2)C=C(C(N)=O)C1c1ccccc1,NC(C1=CN(CC2=CC=CC=C2)C=C(C(N)=O)C1C3=CC=CC=C3)=O,valid,CC#N,CC#N,valid,nonp-20acfc5c751acb879f3c2a2d
liao_dhp:000091,liao_dhp,90,91,0.0,O=C(O)Cc1ccc2c(c1)C(=O)c1ccccc1CO2,CC[Se][Se]CC,CC[Se]Cc1ccc2c(c1)C(=O)c1ccccc1CO2,O=C1C2=CC(CC(O)=O)=CC=C2OCC3=CC=CC=C13,CC[Se][Se]CC,O=C1C2=CC(C[Se]CC)=CC=C2OCC3=CC=CC=C13,NC(=O)C1=CN(Cc2ccccc2)C=C(C(N)=O)C1,NC(C1=CN(CC2=CC=CC=C2)C=C(C(N)=O)C1)=O,valid,CC#N,CC#N,valid,nonp-ff159c6a7db3c6bef33fcf30
liao_dhp:000092,liao_dhp,91,92,0.0,O=C(O)Cc1ccc2c(c1)C(=O)c1ccccc1CO2,CC[Se][Se]CC,CC[Se]Cc1ccc2c(c1)C(=O)c1ccccc1CO2,O=C1C2=CC(CC(O)=O)=CC=C2OCC3=CC=CC=C13,CC[Se][Se]CC,O=C1C2=CC(C[Se]CC)=CC=C2OCC3=CC=CC=C13,NC(=O)C1=CN(Cc2ccccc2)C=C(C(N)=O)C1c1ccccc1,NC(C1=CN(CC2=CC=CC=C2)C=C(C(N)=O)C1C3=CC=CC=C3)=O,valid,CC#N,CC#N,valid,nonp-016d0b233044dd8ff9b638f7
liao_dhp:000093,liao_dhp,92,93,0.025762,CC(C(=O)O)c1ccc(CC2CCCC2=O)cc1,CC[Se][Se]CC,CC[Se]C(C)c1ccc(CC2CCCC2=O)cc1,CC(C1=CC=C(CC2C(CCC2)=O)C=C1)C(O)=O,CC[Se][Se]CC,CC(C1=CC=C(CC2C(CCC2)=O)C=C1)[Se]CC,NC(=O)C1=CN(Cc2ccccc2)C=C(C(N)=O)C1,NC(C1=CN(CC2=CC=CC=C2)C=C(C(N)=O)C1)=O,valid,CC#N,CC#N,valid,nonp-44329155e9223e190afd8a39
liao_dhp:000094,liao_dhp,93,94,0.0,COc1ccc2c(c1)c(CC(=O)O)c(C)n2C(=O)c1ccc(Cl)cc1,CC[Se][Se]CC,CC[Se]Cc1c(C)n(C(=O)c2ccc(Cl)cc2)c2ccc(OC)cc12,CC(N1C(C2=CC=C(Cl)C=C2)=O)=C(CC(O)=O)C3=C1C=CC(OC)=C3,CC[Se][Se]CC,CC(N1C(C2=CC=C(Cl)C=C2)=O)=C(C[Se]CC)C3=C1C=CC(OC)=C3,NC(=O)C1=CN(Cc2ccccc2)C=C(C(N)=O)C1c1ccccc1,NC(C1=CN(CC2=CC=CC=C2)C=C(C(N)=O)C1C3=CC=CC=C3)=O,valid,CC#N,CC#N,valid,nonp-f05b313d6246f09f9726da8e
liao_dhp:000095,liao_dhp,94,95,0.0,Cc1ccc(CC(=O)O)cc1,CC[Se][Se]CC,CC[Se]Cc1ccc(C)cc1,CC1=CC=C(CC(O)=O)C=C1,CC[Se][Se]CC,CC1=CC=C(C[Se]CC)C=C1,NC(=O)C1=CN(Cc2ccccc2)C=C(C(N)=O)C1,NC(C1=CN(CC2=CC=CC=C2)C=C(C(N)=O)C1)=O,valid,CS(C)=O,CS(C)=O,valid,nonp-c2fb8a1834a874bfb32fe18d
liao_dhp:000096,liao_dhp,95,96,0.018456,O=C(O)Cc1ccc(Br)cc1,CC[Se][Se]CC,CC[Se]Cc1ccc(Br)cc1,BrC1=CC=C(CC(O)=O)C=C1,CC[Se][Se]CC,BrC1=CC=C(C[Se]CC)C=C1,COc1ccc(CN2C=CCC(C(N)=O)=C2)cc1,NC(C1=CN(CC2=CC=C(OC)C=C2)C=CC1)=O,valid,CS(C)=O,CS(C)=O,valid,nonp-fa937ff8281b4de8d70cdb4a
liao_dhp:000097,liao_dhp,96,97,0.2825576,COc1ccc(CC(=O)O)cc1,CC[Se][Se]CC,CC[Se]Cc1ccc(OC)cc1,COC1=CC=C(CC(O)=O)C=C1,CC[Se][Se]CC,COC1=CC=C(C[Se]CC)C=C1,NC(=O)C1=CN(Cc2ccccc2)C=CC1,NC(C1=CN(CC2=CC=CC=C2)C=CC1)=O,valid,CS(C)=O,CS(C)=O,valid,nonp-491706438e6c1be838b7d14d
liao_dhp:000098,liao_dhp,97,98,0.5808059,O=C(O)Cc1c[nH]c2ccccc12,CC[Se][Se]CC,CC[Se]Cc1c[nH]c2ccccc12,O=C(CC1=CNC2=C1C=CC=C2)O,CC[Se][Se]CC,CC[Se]CC1=CNC2=C1C=CC=C2,NC(=O)C1=CN(Cc2ccccc2)C=CC1,NC(C1=CN(CC2=CC=CC=C2)C=CC1)=O,valid,CS(C)=O,CS(C)=O,valid,nonp-b31ca910783958fe222dc2e1
liao_dhp:000099,liao_dhp,98,99,0.5532497,O=C(O)Cc1c[nH]c2ccccc12,CC[Se][Se]CC,CC[Se]Cc1c[nH]c2ccccc12,O=C(CC1=CNC2=C1C=CC=C2)O,CC[Se][Se]CC,CC[Se]CC1=CNC2=C1C=CC=C2,NC(=O)C1=CN(Cc2ccc(C(F)(F)F)cc2)C=CC1,NC(C1=CN(CC2=CC=C(C(F)(F)F)C=C2)C=CC1)=O,valid,CS(C)=O,CS(C)=O,valid,nonp-09be3eaf3ecbfc42589f6015
liao_dhp:000100,liao_dhp,99,100,0.0,O=C(O)Cc1ccc(Br)cc1,CC[Se][Se]CC,CC[Se]Cc1ccc(Br)cc1,BrC1=CC=C(CC(O)=O)C=C1,CC[Se][Se]CC,BrC1=CC=C(C[Se]CC)C=C1,NC(=O)C1=CN(Cc2ccc(C(F)(F)F)cc2)C=CC1,NC(C1=CN(CC2=CC=C(C(F)(F)F)C=C2)C=CC1)=O,valid,CN(C)C=O,[H]C(N(C)C)=O,valid,nonp-c3f289260d16f6f1b22bf36b
liao_dhp:000101,liao_dhp,100,101,0.0905168,COc1ccc(CC(=O)O)cc1,CC[Se][Se]CC,CC[Se]Cc1ccc(OC)cc1,COC1=CC=C(CC(O)=O)C=C1,CC[Se][Se]CC,COC1=CC=C(C[Se]CC)C=C1,NC(=O)C1=CN(Cc2ccccc2)C=CC1,NC(C1=CN(CC2=CC=CC=C2)C=CC1)=O,valid,CN(C)C=O,[H]C(N(C)C)=O,valid,nonp-1bb2125791c8e46e124212c7
liao_dhp:000102,liao_dhp,101,102,0.0494888,COc1ccc(CC(=O)O)cc1,CC[Se][Se]CC,CC[Se]Cc1ccc(OC)cc1,COC1=CC=C(CC(O)=O)C=C1,CC[Se][Se]CC,COC1=CC=C(C[Se]CC)C=C1,NC(=O)C1=CN(Cc2ccccc2)C=C(C(N)=O)C1,NC(C1=CN(CC2=CC=CC=C2)C=C(C(N)=O)C1)=O,valid,CN(C)C=O,[H]C(N(C)C)=O,valid,nonp-dbaa07a3b19d9fdd3da47a3e
liao_dhp:000103,liao_dhp,102,103,0.007317,Cc1ccccc1CC(=O)O,CC[Se][Se]CC,CC[Se]Cc1ccccc1C,CC1=C(CC(O)=O)C=CC=C1,CC[Se][Se]CC,CC1=C(C[Se]CC)C=CC=C1,NC(=O)C1=CN(Cc2ccccc2)C=CC1,NC(C1=CN(CC2=CC=CC=C2)C=CC1)=O,valid,CN(C)C=O,[H]C(N(C)C)=O,valid,nonp-cabbee07f8af559d62b1ab76
liao_dhp:000104,liao_dhp,103,104,0.0,Cc1ccccc1CC(=O)O,CC[Se][Se]CC,CC[Se]Cc1ccccc1C,CC1=C(CC(O)=O)C=CC=C1,CC[Se][Se]CC,CC1=C(C[Se]CC)C=CC=C1,NC(=O)C1=CN(Cc2ccccc2)C=C(C(N)=O)C1,NC(C1=CN(CC2=CC=CC=C2)C=C(C(N)=O)C1)=O,valid,CN(C)C=O,[H]C(N(C)C)=O,valid,nonp-c3154ab592caa13637b82067
liao_dhp:000105,liao_dhp,104,105,0.0,Cc1ccccc1CC(=O)O,CC[Se][Se]CC,CC[Se]Cc1ccccc1C,CC1=C(CC(O)=O)C=CC=C1,CC[Se][Se]CC,CC1=C(C[Se]CC)C=CC=C1,NC(=O)C1=CN(Cc2ccccc2)C=C(C(N)=O)C1c1ccccc1,NC(C1=CN(CC2=CC=CC=C2)C=C(C(N)=O)C1C3=CC=CC=C3)=O,valid,CN(C)C=O,[H]C(N(C)C)=O,valid,nonp-3a6e24c1a0dcd9062cadd23d
liao_dhp:000106,liao_dhp,105,106,0.0602192,COc1ccc(CC(=O)O)cc1,CC[Se][Se]CC,CC[Se]Cc1ccc(OC)cc1,COC1=CC=C(CC(O)=O)C=C1,CC[Se][Se]CC,COC1=CC=C(C[Se]CC)C=C1,NC(=O)C1=CN(Cc2ccccc2)C=C(C(N)=O)C1,NC(C1=CN(CC2=CC=CC=C2)C=C(C(N)=O)C1)=O,valid,CC#N,CC#N,valid,nonp-922b2cbe8f85678b7a0c54a4
liao_dhp:000107,liao_dhp,106,107,0.0,Cc1ccccc1CC(=O)O,CC[Se][Se]CC,CC[Se]Cc1ccccc1C,CC1=C(CC(O)=O)C=CC=C1,CC[Se][Se]CC,CC1=C(C[Se]CC)C=CC=C1,NC(=O)C1=CN(Cc2ccccc2)C=CC1,NC(C1=CN(CC2=CC=CC=C2)C=CC1)=O,valid,CC#N,CC#N,valid,nonp-97524251445ed55e859d3f62
liao_dhp:000108,liao_dhp,107,108,0.0075,Cc1ccccc1CC(=O)O,CC[Se][Se]CC,CC[Se]Cc1ccccc1C,CC1=C(CC(O)=O)C=CC=C1,CC[Se][Se]CC,CC1=C(C[Se]CC)C=CC=C1,NC(=O)C1=CN(Cc2ccccc2)C=C(C(N)=O)C1,NC(C1=CN(CC2=CC=CC=C2)C=C(C(N)=O)C1)=O,valid,CC#N,CC#N,valid,nonp-b6506de6690c335cd6270491
liao_dhp:000109,liao_dhp,108,109,0.596631783,CC(C(=O)O)c1ccc(CC2CCCC2=O)cc1,c1ccc([Se][Se]c2ccccc2)cc1,CC([Se]c1ccccc1)c1ccc(CC2CCCC2=O)cc1,CC(C1=CC=C(CC2C(CCC2)=O)C=C1)C(O)=O,C1([Se][Se]C2=CC=CC=C2)=CC=CC=C1,CC(C1=CC=C(CC2C(CCC2)=O)C=C1)[Se]C3=CC=CC=C3,COc1ccc(CN2C=CCC(C(N)=O)=C2)cc1,NC(C1=CN(CC2=CC=C(OC)C=C2)C=CC1)=O,valid,CS(C)=O,CS(C)=O,valid,nonp-3ecacc3eb22cad92693666f5
liao_dhp:000110,liao_dhp,109,110,0.675111067,COc1ccc2c(c1)c(CC(=O)O)c(C)n2C(=O)c1ccc(Cl)cc1,c1ccc([Se][Se]c2ccccc2)cc1,COc1ccc2c(c1)c(C[Se]c1ccccc1)c(C)n2C(=O)c1ccc(Cl)cc1,CC(N1C(C2=CC=C(Cl)C=C2)=O)=C(CC(O)=O)C3=C1C=CC(OC)=C3,C1([Se][Se]C2=CC=CC=C2)=CC=CC=C1,CC(N1C(C2=CC=C(Cl)C=C2)=O)=C(C[Se]C3=CC=CC=C3)C4=C1C=CC(OC)=C4,NC(=O)C1=CN(Cc2ccccc2)C=C(C(N)=O)C1,NC(C1=CN(CC2=CC=CC=C2)C=C(C(N)=O)C1)=O,valid,CS(C)=O,CS(C)=O,valid,nonp-f6fedf2bb5739ba4012153d7
liao_dhp:000111,liao_dhp,110,111,0.772925583,Cc1ccc(CC(=O)O)cc1,c1ccc([Se][Se]c2ccccc2)cc1,Cc1ccc(C[Se]c2ccccc2)cc1,CC1=CC=C(CC(O)=O)C=C1,C1([Se][Se]C2=CC=CC=C2)=CC=CC=C1,CC1=CC=C(C[Se]C2=CC=CC=C2)C=C1,NC(=O)C1=CN(Cc2ccccc2)C=CC1,NC(C1=CN(CC2=CC=CC=C2)C=CC1)=O,valid,CS(C)=O,CS(C)=O,valid,nonp-94dd7d9bdbb25e087426014c
liao_dhp:000112,liao_dhp,111,112,0.266711,O=C(O)Cc1ccc(Br)cc1,c1ccc([Se][Se]c2ccccc2)cc1,Brc1ccc(C[Se]c2ccccc2)cc1,BrC1=CC=C(CC(O)=O)C=C1,C1([Se][Se]C2=CC=CC=C2)=CC=CC=C1,BrC1=CC=C(C[Se]C2=CC=CC=C2)C=C1,NC(=O)C1=CN(Cc2ccc(C(F)(F)F)cc2)C=CC1,NC(C1=CN(CC2=CC=C(C(F)(F)F)C=C2)C=CC1)=O,valid,CS(C)=O,CS(C)=O,valid,nonp-0f44afc340e7292fc5dfcf0e
liao_dhp:000113,liao_dhp,112,113,0.241536,O=C(O)Cc1ccc(Br)cc1,c1ccc([Se][Se]c2ccccc2)cc1,Brc1ccc(C[Se]c2ccccc2)cc1,BrC1=CC=C(CC(O)=O)C=C1,C1([Se][Se]C2=CC=CC=C2)=CC=CC=C1,BrC1=CC=C(C[Se]C2=CC=CC=C2)C=C1,NC(=O)C1=CN(Cc2ccccc2)C=C(C(N)=O)C1,NC(C1=CN(CC2=CC=CC=C2)C=C(C(N)=O)C1)=O,valid,CS(C)=O,CS(C)=O,valid,nonp-4e7e79cf2037fdbb0991fc55
liao_dhp:000114,liao_dhp,113,114,0.0,COc1ccc(CC(=O)O)cc1,c1ccc([Se][Se]c2ccccc2)cc1,COc1ccc(C[Se]c2ccccc2)cc1,COC1=CC=C(CC(O)=O)C=C1,C1([Se][Se]C2=CC=CC=C2)=CC=CC=C1,COC1=CC=C(C[Se]C2=CC=CC=C2)C=C1,NC(=O)C1=CN(Cc2ccccc2)C=C(C(N)=O)C1c1ccccc1,NC(C1=CN(CC2=CC=CC=C2)C=C(C(N)=O)C1C3=CC=CC=C3)=O,valid,CS(C)=O,CS(C)=O,valid,nonp-67dc9e850fbec97dc873b373
liao_dhp:000115,liao_dhp,114,115,0.2614318,Cc1ccccc1CC(=O)O,c1ccc([Se][Se]c2ccccc2)cc1,Cc1ccccc1C[Se]c1ccccc1,CC1=C(CC(O)=O)C=CC=C1,C1([Se][Se]C2=CC=CC=C2)=CC=CC=C1,CC1=C(C[Se]C2=CC=CC=C2)C=CC=C1,COc1ccc(CN2C=CCC(C(N)=O)=C2)cc1,NC(C1=CN(CC2=CC=C(OC)C=C2)C=CC1)=O,valid,CS(C)=O,CS(C)=O,valid,nonp-282838e9e4ec987e9e75efd8
liao_dhp:000116,liao_dhp,115,116,0.0,Cc1ccccc1CC(=O)O,c1ccc([Se][Se]c2ccccc2)cc1,Cc1ccccc1C[Se]c1ccccc1,CC1=C(CC(O)=O)C=CC=C1,C1([Se][Se]C2=CC=CC=C2)=CC=CC=C1,CC1=C(C[Se]C2=CC=CC=C2)C=CC=C1,NC(=O)C1=CN(Cc2ccccc2)C=C(C(N)=O)C1c1ccccc1,NC(C1=CN(CC2=CC=CC=C2)C=C(C(N)=O)C1C3=CC=CC=C3)=O,valid,CS(C)=O,CS(C)=O,valid,nonp-9997e3dd70b15b258c84ba88
liao_dhp:000117,liao_dhp,116,117,0.731550989,O=C(O)CCCc1c[nH]c2ccccc12,c1ccc([Se][Se]c2ccccc2)cc1,c1ccc([Se]CCCc2c[nH]c3ccccc23)cc1,O=C(CCCC1=CNC2=C1C=CC=C2)O,C1([Se][Se]C2=CC=CC=C2)=CC=CC=C1,C1(CCC[Se]C2=CC=CC=C2)=CNC3=C1C=CC=C3,COc1ccc(CN2C=CCC(C(N)=O)=C2)cc1,NC(C1=CN(CC2=CC=C(OC)C=C2)C=CC1)=O,valid,CS(C)=O,CS(C)=O,valid,nonp-f1d2e4c47cc2e8f3ab7a775f
liao_dhp:000118,liao_dhp,117,118,0.2589885,O=C(O)C1CCC(F)(F)CC1,c1ccc([Se][Se]c2ccccc2)cc1,FC1(F)CCC([Se]c2ccccc2)CC1,FC1(F)CCC(C(O)=O)CC1,C1([Se][Se]C2=CC=CC=C2)=CC=CC=C1,FC1(F)CCC([Se]C2=CC=CC=C2)CC1,COc1ccc(CN2C=CCC(C(N)=O)=C2)cc1,NC(C1=CN(CC2=CC=C(OC)C=C2)C=CC1)=O,valid,CS(C)=O,CS(C)=O,valid,nonp-7ec687ff29ba4c015c7e8701
liao_dhp:000119,liao_dhp,118,119,0.27579375,O=C(O)C1CCC(F)(F)CC1,c1ccc([Se][Se]c2ccccc2)cc1,FC1(F)CCC([Se]c2ccccc2)CC1,FC1(F)CCC(C(O)=O)CC1,C1([Se][Se]C2=CC=CC=C2)=CC=CC=C1,FC1(F)CCC([Se]C2=CC=CC=C2)CC1,NC(=O)C1=CN(Cc2ccc(C(F)(F)F)cc2)C=CC1,NC(C1=CN(CC2=CC=C(C(F)(F)F)C=C2)C=CC1)=O,valid,CS(C)=O,CS(C)=O,valid,nonp-58527b29dd014f51c609c9b9
liao_dhp:000120,liao_dhp,119,120,0.8694185,O=C(O)C1CCOCC1,c1ccc([Se][Se]c2ccccc2)cc1,c1ccc([Se]C2CCOCC2)cc1,O=C(C1CCOCC1)O,C1([Se][Se]C2=CC=CC=C2)=CC=CC=C1,C1([Se]C2=CC=CC=C2)CCOCC1,NC(=O)C1=CN(Cc2ccccc2)C=CC1,NC(C1=CN(CC2=CC=CC=C2)C=CC1)=O,valid,CS(C)=O,CS(C)=O,valid,nonp-c5f8cb5f93defafc0fae0817
liao_dhp:000121,liao_dhp,120,121,0.87904411,O=C(O)C1CCN(C(=O)OCc2ccccc2)CC1,c1ccc([Se][Se]c2ccccc2)cc1,O=C(OCc1ccccc1)N1CCC([Se]c2ccccc2)CC1,O=C(N1CCC(C(O)=O)CC1)OCC2=CC=CC=C2,C1([Se][Se]C2=CC=CC=C2)=CC=CC=C1,O=C(N1CCC([Se]C2=CC=CC=C2)CC1)OCC3=CC=CC=C3,NC(=O)C1=CN(Cc2ccccc2)C=CC1,NC(C1=CN(CC2=CC=CC=C2)C=CC1)=O,valid,CS(C)=O,CS(C)=O,valid,nonp-7811e9ebdb9114f20a41c9e6
liao_dhp:000122,liao_dhp,121,122,0.650005138,O=C(O)C1CCN(C(=O)OCc2ccccc2)CC1,c1ccc([Se][Se]c2ccccc2)cc1,O=C(OCc1ccccc1)N1CCC([Se]c2ccccc2)CC1,O=C(N1CCC(C(O)=O)CC1)OCC2=CC=CC=C2,C1([Se][Se]C2=CC=CC=C2)=CC=CC=C1,O=C(N1CCC([Se]C2=CC=CC=C2)CC1)OCC3=CC=CC=C3,NC(=O)C1=CN(Cc2ccccc2)C=C(C(N)=O)C1c1ccccc1,NC(C1=CN(CC2=CC=CC=C2)C=C(C(N)=O)C1C3=CC=CC=C3)=O,valid,CS(C)=O,CS(C)=O,valid,nonp-1c49196615c8d0bf49367080
liao_dhp:000123,liao_dhp,122,123,0.8718146,CC(C)(C)OC(=O)N[C@H](CC(=O)O)C(=O)OCc1ccccc1,c1ccc([Se][Se]c2ccccc2)cc1,CC(C)(C)OC(=O)N[C@H](C[Se]c1ccccc1)C(=O)OCc1ccccc1,O=C(OCC1=CC=CC=C1)[C@H](NC(OC(C)(C)C)=O)CC(O)=O,C1([Se][Se]C2=CC=CC=C2)=CC=CC=C1,O=C(OCC1=CC=CC=C1)[C@H](NC(OC(C)(C)C)=O)C[Se]C2=CC=CC=C2,NC(=O)C1=CN(Cc2ccccc2)C=CC1,NC(C1=CN(CC2=CC=CC=C2)C=CC1)=O,valid,CS(C)=O,CS(C)=O,valid,nonp-33e9d4670f69e62a941bf3f6
liao_dhp:000124,liao_dhp,123,124,0.8126684,CC(C)(C)OC(=O)N[C@H](CC(=O)O)C(=O)OCc1ccccc1,c1ccc([Se][Se]c2ccccc2)cc1,CC(C)(C)OC(=O)N[C@H](C[Se]c1ccccc1)C(=O)OCc1ccccc1,O=C(OCC1=CC=CC=C1)[C@H](NC(OC(C)(C)C)=O)CC(O)=O,C1([Se][Se]C2=CC=CC=C2)=CC=CC=C1,O=C(OCC1=CC=CC=C1)[C@H](NC(OC(C)(C)C)=O)C[Se]C2=CC=CC=C2,NC(=O)C1=CN(Cc2ccc(C(F)(F)F)cc2)C=CC1,NC(C1=CN(CC2=CC=C(C(F)(F)F)C=C2)C=CC1)=O,valid,CS(C)=O,CS(C)=O,valid,nonp-4845ee026d6fead90934e022
liao_dhp:000125,liao_dhp,124,125,0.4830414,O=C(O)C1CCC1,c1ccc([Se][Se]c2ccccc2)cc1,c1ccc([Se]C2CCC2)cc1,O=C(C1CCC1)O,C1([Se][Se]C2=CC=CC=C2)=CC=CC=C1,C1([Se]C2=CC=CC=C2)CCC1,NC(=O)C1=CN(Cc2ccccc2)C=C(C(N)=O)C1c1ccccc1,NC(C1=CN(CC2=CC=CC=C2)C=C(C(N)=O)C1C3=CC=CC=C3)=O,valid,CS(C)=O,CS(C)=O,valid,nonp-b87987cffe8af6770a8c1f27
liao_dhp:000126,liao_dhp,125,126,0.6216426,COc1ccc2cc(C(C)C(=O)O)ccc2c1,c1ccc([Se][Se]c2ccccc2)cc1,COc1ccc2cc(C(C)[Se]c3ccccc3)ccc2c1,CC(C1=CC=C2C=C(OC)C=CC2=C1)C(O)=O,C1([Se][Se]C2=CC=CC=C2)=CC=CC=C1,CC(C1=CC=C2C=C(OC)C=CC2=C1)[Se]C3=CC=CC=C3,NC(=O)C1=CN(Cc2ccc(C(F)(F)F)cc2)C=CC1,NC(C1=CN(CC2=CC=C(C(F)(F)F)C=C2)C=CC1)=O,valid,CS(C)=O,CS(C)=O,valid,nonp-1d8a11cf2a106843f95a42d6
liao_dhp:000127,liao_dhp,126,127,0.091216,O=C(O)CCCc1c[nH]c2ccccc12,c1ccc([Se][Se]c2ccccc2)cc1,c1ccc([Se]CCCc2c[nH]c3ccccc23)cc1,O=C(CCCC1=CNC2=C1C=CC=C2)O,C1([Se][Se]C2=CC=CC=C2)=CC=CC=C1,C1(CCC[Se]C2=CC=CC=C2)=CNC3=C1C=CC=C3,NC(=O)C1=CN(Cc2ccccc2)C=C(C(N)=O)C1c1ccccc1,NC(C1=CN(CC2=CC=CC=C2)C=C(C(N)=O)C1C3=CC=CC=C3)=O,valid,CN(C)C=O,[H]C(N(C)C)=O,valid,nonp-5f7f57f9cd56bb3c5d4638dc
liao_dhp:000128,liao_dhp,127,128,0.53291925,Cc1ccc(S(=O)(=O)N2CCC(C(=O)O)CC2)cc1,c1ccc([Se][Se]c2ccccc2)cc1,Cc1ccc(S(=O)(=O)N2CCC([Se]c3ccccc3)CC2)cc1,CC1=CC=C(S(N2CCC(C(O)=O)CC2)(=O)=O)C=C1,C1([Se][Se]C2=CC=CC=C2)=CC=CC=C1,CC1=CC=C(S(N2CCC([Se]C3=CC=CC=C3)CC2)(=O)=O)C=C1,NC(=O)C1=CN(Cc2ccccc2)C=CC1,NC(C1=CN(CC2=CC=CC=C2)C=CC1)=O,valid,CN(C)C=O,[H]C(N(C)C)=O,valid,nonp-877bfdc7b927748d137c09bf
liao_dhp:000129,liao_dhp,128,129,0.0,O=C(O)CCc1ccccc1,c1ccc([Se][Se]c2ccccc2)cc1,c1ccc(CC[Se]c2ccccc2)cc1,O=C(CCC1=CC=CC=C1)O,C1([Se][Se]C2=CC=CC=C2)=CC=CC=C1,C1(CC[Se]C2=CC=CC=C2)=CC=CC=C1,NC(=O)C1=CN(Cc2ccccc2)C=C(C(N)=O)C1c1ccccc1,NC(C1=CN(CC2=CC=CC=C2)C=C(C(N)=O)C1C3=CC=CC=C3)=O,valid,CN(C)C=O,[H]C(N(C)C)=O,valid,nonp-fde0ae20044f12bcdf758a00
liao_dhp:000130,liao_dhp,129,130,0.5452008,CC(C(=O)O)c1ccc(CC2CCCC2=O)cc1,c1ccc([Se][Se]c2ccccc2)cc1,CC([Se]c1ccccc1)c1ccc(CC2CCCC2=O)cc1,CC(C1=CC=C(CC2C(CCC2)=O)C=C1)C(O)=O,C1([Se][Se]C2=CC=CC=C2)=CC=CC=C1,CC(C1=CC=C(CC2C(CCC2)=O)C=C1)[Se]C3=CC=CC=C3,NC(=O)C1=CN(Cc2ccc(C(F)(F)F)cc2)C=CC1,NC(C1=CN(CC2=CC=C(C(F)(F)F)C=C2)C=CC1)=O,valid,CN(C)C=O,[H]C(N(C)C)=O,valid,nonp-7c40479fde6ac1097631e616
liao_dhp:000131,liao_dhp,130,131,0.3359687,CC(C(=O)O)c1ccc(CC2CCCC2=O)cc1,c1ccc([Se][Se]c2ccccc2)cc1,CC([Se]c1ccccc1)c1ccc(CC2CCCC2=O)cc1,CC(C1=CC=C(CC2C(CCC2)=O)C=C1)C(O)=O,C1([Se][Se]C2=CC=CC=C2)=CC=CC=C1,CC(C1=CC=C(CC2C(CCC2)=O)C=C1)[Se]C3=CC=CC=C3,NC(=O)C1=CN(Cc2ccccc2)C=C(C(N)=O)C1,NC(C1=CN(CC2=CC=CC=C2)C=C(C(N)=O)C1)=O,valid,CN(C)C=O,[H]C(N(C)C)=O,valid,nonp-30633c5e58cb9ec1c1754492
liao_dhp:000132,liao_dhp,131,132,0.422796,O=C(O)Cc1ccc(Br)cc1,c1ccc([Se][Se]c2ccccc2)cc1,Brc1ccc(C[Se]c2ccccc2)cc1,BrC1=CC=C(CC(O)=O)C=C1,C1([Se][Se]C2=CC=CC=C2)=CC=CC=C1,BrC1=CC=C(C[Se]C2=CC=CC=C2)C=C1,NC(=O)C1=CN(Cc2ccccc2)C=CC1,NC(C1=CN(CC2=CC=CC=C2)C=CC1)=O,valid,CN(C)C=O,[H]C(N(C)C)=O,valid,nonp-d7f06c86da136620fc328137
liao_dhp:000133,liao_dhp,132,133,0.3417265,O=C(O)Cc1ccc(Br)cc1,c1ccc([Se][Se]c2ccccc2)cc1,Brc1ccc(C[Se]c2ccccc2)cc1,BrC1=CC=C(CC(O)=O)C=C1,C1([Se][Se]C2=CC=CC=C2)=CC=CC=C1,BrC1=CC=C(C[Se]C2=CC=CC=C2)C=C1,NC(=O)C1=CN(Cc2ccccc2)C=C(C(N)=O)C1,NC(C1=CN(CC2=CC=CC=C2)C=C(C(N)=O)C1)=O,valid,CN(C)C=O,[H]C(N(C)C)=O,valid,nonp-ba880b757895abb358c43b79
liao_dhp:000134,liao_dhp,133,134,0.227438,O=C(O)Cc1ccc(Br)cc1,c1ccc([Se][Se]c2ccccc2)cc1,Brc1ccc(C[Se]c2ccccc2)cc1,BrC1=CC=C(CC(O)=O)C=C1,C1([Se][Se]C2=CC=CC=C2)=CC=CC=C1,BrC1=CC=C(C[Se]C2=CC=CC=C2)C=C1,NC(=O)C1=CN(Cc2ccccc2)C=C(C(N)=O)C1c1ccccc1,NC(C1=CN(CC2=CC=CC=C2)C=C(C(N)=O)C1C3=CC=CC=C3)=O,valid,CN(C)C=O,[H]C(N(C)C)=O,valid,nonp-47c7c5d41697cc226d2f3960
liao_dhp:000135,liao_dhp,134,135,0.6784278,COc1ccc(CC(=O)O)cc1,c1ccc([Se][Se]c2ccccc2)cc1,COc1ccc(C[Se]c2ccccc2)cc1,COC1=CC=C(CC(O)=O)C=C1,C1([Se][Se]C2=CC=CC=C2)=CC=CC=C1,COC1=CC=C(C[Se]C2=CC=CC=C2)C=C1,COc1ccc(CN2C=CCC(C(N)=O)=C2)cc1,NC(C1=CN(CC2=CC=C(OC)C=C2)C=CC1)=O,valid,CN(C)C=O,[H]C(N(C)C)=O,valid,nonp-08f917b3fadd9382cfc63865
liao_dhp:000136,liao_dhp,135,136,0.770297833,O=C(O)C1CCOCC1,c1ccc([Se][Se]c2ccccc2)cc1,c1ccc([Se]C2CCOCC2)cc1,O=C(C1CCOCC1)O,C1([Se][Se]C2=CC=CC=C2)=CC=CC=C1,C1([Se]C2=CC=CC=C2)CCOCC1,COc1ccc(CN2C=CCC(C(N)=O)=C2)cc1,NC(C1=CN(CC2=CC=C(OC)C=C2)C=CC1)=O,valid,CN(C)C=O,[H]C(N(C)C)=O,valid,nonp-68f28d5a923b729f0e196536
liao_dhp:000137,liao_dhp,136,137,0.86214433,O=C(O)C1CCN(C(=O)OCc2ccccc2)CC1,c1ccc([Se][Se]c2ccccc2)cc1,O=C(OCc1ccccc1)N1CCC([Se]c2ccccc2)CC1,O=C(N1CCC(C(O)=O)CC1)OCC2=CC=CC=C2,C1([Se][Se]C2=CC=CC=C2)=CC=CC=C1,O=C(N1CCC([Se]C2=CC=CC=C2)CC1)OCC3=CC=CC=C3,NC(=O)C1=CN(Cc2ccc(C(F)(F)F)cc2)C=CC1,NC(C1=CN(CC2=CC=C(C(F)(F)F)C=C2)C=CC1)=O,valid,CN(C)C=O,[H]C(N(C)C)=O,valid,nonp-28d1209e3305d465fafc8925
liao_dhp:000138,liao_dhp,137,138,0.85502,CC(C)(C)OC(=O)N[C@H](CC(=O)O)C(=O)OCc1ccccc1,c1ccc([Se][Se]c2ccccc2)cc1,CC(C)(C)OC(=O)N[C@H](C[Se]c1ccccc1)C(=O)OCc1ccccc1,O=C(OCC1=CC=CC=C1)[C@H](NC(OC(C)(C)C)=O)CC(O)=O,C1([Se][Se]C2=CC=CC=C2)=CC=CC=C1,O=C(OCC1=CC=CC=C1)[C@H](NC(OC(C)(C)C)=O)C[Se]C2=CC=CC=C2,COc1ccc(CN2C=CCC(C(N)=O)=C2)cc1,NC(C1=CN(CC2=CC=C(OC)C=C2)C=CC1)=O,valid,CN(C)C=O,[H]C(N(C)C)=O,valid,nonp-20e8cb5897f03e492842f096
liao_dhp:000139,liao_dhp,138,139,0.31871125,COc1ccc2cc(C(C)C(=O)O)ccc2c1,c1ccc([Se][Se]c2ccccc2)cc1,COc1ccc2cc(C(C)[Se]c3ccccc3)ccc2c1,CC(C1=CC=C2C=C(OC)C=CC2=C1)C(O)=O,C1([Se][Se]C2=CC=CC=C2)=CC=CC=C1,CC(C1=CC=C2C=C(OC)C=CC2=C1)[Se]C3=CC=CC=C3,NC(=O)C1=CN(Cc2ccccc2)C=C(C(N)=O)C1c1ccccc1,NC(C1=CN(CC2=CC=CC=C2)C=C(C(N)=O)C1C3=CC=CC=C3)=O,valid,CN(C)C=O,[H]C(N(C)C)=O,valid,nonp-7df74259b95000f303f12b8e
liao_dhp:000140,liao_dhp,139,140,0.0,O=C(O)C1(c2ccccc2)CC1,c1ccc([Se][Se]c2ccccc2)cc1,c1ccc([Se]C2(c3ccccc3)CC2)cc1,O=C(C1(C2=CC=CC=C2)CC1)O,C1([Se][Se]C2=CC=CC=C2)=CC=CC=C1,C1(C2([Se]C3=CC=CC=C3)CC2)=CC=CC=C1,NC(=O)C1=CN(Cc2ccccc2)C=C(C(N)=O)C1,NC(C1=CN(CC2=CC=CC=C2)C=C(C(N)=O)C1)=O,valid,CN(C)C=O,[H]C(N(C)C)=O,valid,nonp-96ecb19de7ebdc26eda24ff4
liao_dhp:000141,liao_dhp,140,141,0.99,Cc1ccc(S(=O)(=O)N2CCC(C(=O)O)CC2)cc1,c1ccc([Se][Se]c2ccccc2)cc1,Cc1ccc(S(=O)(=O)N2CCC([Se]c3ccccc3)CC2)cc1,CC1=CC=C(S(N2CCC(C(O)=O)CC2)(=O)=O)C=C1,C1([Se][Se]C2=CC=CC=C2)=CC=CC=C1,CC1=CC=C(S(N2CCC([Se]C3=CC=CC=C3)CC2)(=O)=O)C=C1,COc1ccc(CN2C=CCC(C(N)=O)=C2)cc1,NC(C1=CN(CC2=CC=C(OC)C=C2)C=CC1)=O,valid,CC#N,CC#N,valid,nonp-cfb9785d184182035c1b25b6
liao_dhp:000142,liao_dhp,141,142,0.5782263,O=C(O)Cc1ccc2c(c1)C(=O)c1ccccc1CO2,c1ccc([Se][Se]c2ccccc2)cc1,O=C1c2ccccc2COc2ccc(C[Se]c3ccccc3)cc21,O=C1C2=CC(CC(O)=O)=CC=C2OCC3=CC=CC=C13,C1([Se][Se]C2=CC=CC=C2)=CC=CC=C1,O=C1C2=CC(C[Se]C3=CC=CC=C3)=CC=C2OCC4=CC=CC=C14,NC(=O)C1=CN(Cc2ccccc2)C=CC1,NC(C1=CN(CC2=CC=CC=C2)C=CC1)=O,valid,CC#N,CC#N,valid,nonp-1e1f9e17253d5bae4b617d14
liao_dhp:000143,liao_dhp,142,143,0.53565065,COc1ccc2c(c1)c(CC(=O)O)c(C)n2C(=O)c1ccc(Cl)cc1,c1ccc([Se][Se]c2ccccc2)cc1,COc1ccc2c(c1)c(C[Se]c1ccccc1)c(C)n2C(=O)c1ccc(Cl)cc1,CC(N1C(C2=CC=C(Cl)C=C2)=O)=C(CC(O)=O)C3=C1C=CC(OC)=C3,C1([Se][Se]C2=CC=CC=C2)=CC=CC=C1,CC(N1C(C2=CC=C(Cl)C=C2)=O)=C(C[Se]C3=CC=CC=C3)C4=C1C=CC(OC)=C4,NC(=O)C1=CN(Cc2ccccc2)C=CC1,NC(C1=CN(CC2=CC=CC=C2)C=CC1)=O,valid,CC#N,CC#N,valid,nonp-c10d5be154725787744ae1dc
liao_dhp:000144,liao_dhp,143,144,0.1424551,Cc1ccc(CC(=O)O)cc1,c1ccc([Se][Se]c2ccccc2)cc1,Cc1ccc(C[Se]c2ccccc2)cc1,CC1=CC=C(CC(O)=O)C=C1,C1([Se][Se]C2=CC=CC=C2)=CC=CC=C1,CC1=CC=C(C[Se]C2=CC=CC=C2)C=C1,NC(=O)C1=CN(Cc2ccccc2)C=CC1,NC(C1=CN(CC2=CC=CC=C2)C=CC1)=O,valid,CC#N,CC#N,valid,nonp-1ee79b4e71c66bc9c881d750
liao_dhp:000145,liao_dhp,144,145,0.19827525,COc1ccc(CC(=O)O)cc1,c1ccc([Se][Se]c2ccccc2)cc1,COc1ccc(C[Se]c2ccccc2)cc1,COC1=CC=C(CC(O)=O)C=C1,C1([Se][Se]C2=CC=CC=C2)=CC=CC=C1,COC1=CC=C(C[Se]C2=CC=CC=C2)C=C1,NC(=O)C1=CN(Cc2ccccc2)C=CC1,NC(C1=CN(CC2=CC=CC=C2)C=CC1)=O,valid,CC#N,CC#N,valid,nonp-08f9e437dc9699b16168c004
liao_dhp:000146,liao_dhp,145,146,0.2062996,Cc1ccccc1CC(=O)O,c1ccc([Se][Se]c2ccccc2)cc1,Cc1ccccc1C[Se]c1ccccc1,CC1=C(CC(O)=O)C=CC=C1,C1([Se][Se]C2=CC=CC=C2)=CC=CC=C1,CC1=C(C[Se]C2=CC=CC=C2)C=CC=C1,NC(=O)C1=CN(Cc2ccccc2)C=CC1,NC(C1=CN(CC2=CC=CC=C2)C=CC1)=O,valid,CC#N,CC#N,valid,nonp-b3d2645ac1d2685eeefb678c
liao_dhp:000147,liao_dhp,146,147,0.0,Cc1ccccc1CC(=O)O,c1ccc([Se][Se]c2ccccc2)cc1,Cc1ccccc1C[Se]c1ccccc1,CC1=C(CC(O)=O)C=CC=C1,C1([Se][Se]C2=CC=CC=C2)=CC=CC=C1,CC1=C(C[Se]C2=CC=CC=C2)C=CC=C1,NC(=O)C1=CN(Cc2ccccc2)C=C(C(N)=O)C1c1ccccc1,NC(C1=CN(CC2=CC=CC=C2)C=C(C(N)=O)C1C3=CC=CC=C3)=O,valid,CC#N,CC#N,valid,nonp-1bcd13594191a93f2ea8fb98
liao_dhp:000148,liao_dhp,147,148,0.03,O=C(O)C1CCOCC1,c1ccc([Se][Se]c2ccccc2)cc1,c1ccc([Se]C2CCOCC2)cc1,O=C(C1CCOCC1)O,C1([Se][Se]C2=CC=CC=C2)=CC=CC=C1,C1([Se]C2=CC=CC=C2)CCOCC1,NC(=O)C1=CN(Cc2ccc(C(F)(F)F)cc2)C=CC1,NC(C1=CN(CC2=CC=C(C(F)(F)F)C=C2)C=CC1)=O,valid,CC#N,CC#N,valid,nonp-6a95d4d46402a3f1c0a8b3f3
liao_dhp:000149,liao_dhp,148,149,0.680556,O=C(O)C1CCN(C(=O)OCc2ccccc2)CC1,c1ccc([Se][Se]c2ccccc2)cc1,O=C(OCc1ccccc1)N1CCC([Se]c2ccccc2)CC1,O=C(N1CCC(C(O)=O)CC1)OCC2=CC=CC=C2,C1([Se][Se]C2=CC=CC=C2)=CC=CC=C1,O=C(N1CCC([Se]C2=CC=CC=C2)CC1)OCC3=CC=CC=C3,COc1ccc(CN2C=CCC(C(N)=O)=C2)cc1,NC(C1=CN(CC2=CC=C(OC)C=C2)C=CC1)=O,valid,CC#N,CC#N,valid,nonp-80624433cdda4b532bb3f97a
liao_dhp:000150,liao_dhp,149,150,0.070848,O=C(O)C1CCN(C(=O)OCc2ccccc2)CC1,c1ccc([Se][Se]c2ccccc2)cc1,O=C(OCc1ccccc1)N1CCC([Se]c2ccccc2)CC1,O=C(N1CCC(C(O)=O)CC1)OCC2=CC=CC=C2,C1([Se][Se]C2=CC=CC=C2)=CC=CC=C1,O=C(N1CCC([Se]C2=CC=CC=C2)CC1)OCC3=CC=CC=C3,NC(=O)C1=CN(Cc2ccccc2)C=C(C(N)=O)C1c1ccccc1,NC(C1=CN(CC2=CC=CC=C2)C=C(C(N)=O)C1C3=CC=CC=C3)=O,valid,CC#N,CC#N,valid,nonp-9d8fc96305271ef3b45cbc1f
liao_dhp:000151,liao_dhp,150,151,0.0076212,O=C(O)C1CCC1,c1ccc([Se][Se]c2ccccc2)cc1,c1ccc([Se]C2CCC2)cc1,O=C(C1CCC1)O,C1([Se][Se]C2=CC=CC=C2)=CC=CC=C1,C1([Se]C2=CC=CC=C2)CCC1,NC(=O)C1=CN(Cc2ccccc2)C=C(C(N)=O)C1c1ccccc1,NC(C1=CN(CC2=CC=CC=C2)C=C(C(N)=O)C1C3=CC=CC=C3)=O,valid,CC#N,CC#N,valid,nonp-3f2fe488d57f187321d1fbb0
liao_dhp:000152,liao_dhp,151,152,0.2333426,O=C(O)C1(c2ccccc2)CC1,c1ccc([Se][Se]c2ccccc2)cc1,c1ccc([Se]C2(c3ccccc3)CC2)cc1,O=C(C1(C2=CC=CC=C2)CC1)O,C1([Se][Se]C2=CC=CC=C2)=CC=CC=C1,C1(C2([Se]C3=CC=CC=C3)CC2)=CC=CC=C1,NC(=O)C1=CN(Cc2ccc(C(F)(F)F)cc2)C=CC1,NC(C1=CN(CC2=CC=C(C(F)(F)F)C=C2)C=CC1)=O,valid,CC#N,CC#N,valid,nonp-efe1076c25d61cf947ad69d0
liao_dhp:000153,liao_dhp,152,153,0.0870504,O=C(O)C1(c2ccccc2)CC1,c1ccc([Se][Se]c2ccccc2)cc1,c1ccc([Se]C2(c3ccccc3)CC2)cc1,O=C(C1(C2=CC=CC=C2)CC1)O,C1([Se][Se]C2=CC=CC=C2)=CC=CC=C1,C1(C2([Se]C3=CC=CC=C3)CC2)=CC=CC=C1,NC(=O)C1=CN(Cc2ccccc2)C=C(C(N)=O)C1,NC(C1=CN(CC2=CC=CC=C2)C=C(C(N)=O)C1)=O,valid,CC#N,CC#N,valid,nonp-a885ad853a5359a3962dd18a
liao_dhp:000154,liao_dhp,153,154,0.258731,CC(C(=O)O)N1C(=O)c2ccccc2C1=O,c1ccc(C[Se][Se]Cc2ccccc2)cc1,CC([Se]Cc1ccccc1)N1C(=O)c2ccccc2C1=O,CC(N(C(C1=C2C=CC=C1)=O)C2=O)C(O)=O,C1(C[Se][Se]CC2=CC=CC=C2)=CC=CC=C1,CC(N(C(C1=C2C=CC=C1)=O)C2=O)[Se]CC3=CC=CC=C3,NC(=O)C1=CN(Cc2ccccc2)C=CC1,NC(C1=CN(CC2=CC=CC=C2)C=CC1)=O,valid,CS(C)=O,CS(C)=O,valid,nonp-dbd533fe82bdc8d588a560f6
liao_dhp:000155,liao_dhp,154,155,0.3265585,CC(C(=O)O)N1C(=O)c2ccccc2C1=O,c1ccc(C[Se][Se]Cc2ccccc2)cc1,CC([Se]Cc1ccccc1)N1C(=O)c2ccccc2C1=O,CC(N(C(C1=C2C=CC=C1)=O)C2=O)C(O)=O,C1(C[Se][Se]CC2=CC=CC=C2)=CC=CC=C1,CC(N(C(C1=C2C=CC=C1)=O)C2=O)[Se]CC3=CC=CC=C3,COc1ccc(CN2C=CCC(C(N)=O)=C2)cc1,NC(C1=CN(CC2=CC=C(OC)C=C2)C=CC1)=O,valid,CS(C)=O,CS(C)=O,valid,nonp-6f137b67bd9336918c2409f3
liao_dhp:000156,liao_dhp,155,156,0.16116375,CC(C(=O)O)N1C(=O)c2ccccc2C1=O,c1ccc(C[Se][Se]Cc2ccccc2)cc1,CC([Se]Cc1ccccc1)N1C(=O)c2ccccc2C1=O,CC(N(C(C1=C2C=CC=C1)=O)C2=O)C(O)=O,C1(C[Se][Se]CC2=CC=CC=C2)=CC=CC=C1,CC(N(C(C1=C2C=CC=C1)=O)C2=O)[Se]CC3=CC=CC=C3,NC(=O)C1=CN(Cc2ccccc2)C=C(C(N)=O)C1c1ccccc1,NC(C1=CN(CC2=CC=CC=C2)C=C(C(N)=O)C1C3=CC=CC=C3)=O,valid,CS(C)=O,CS(C)=O,valid,nonp-fc55a7c83aa113d2e280af05
liao_dhp:000157,liao_dhp,156,157,0.08914,Cc1ccc(S(=O)(=O)N2CCC(C(=O)O)CC2)cc1,c1ccc(C[Se][Se]Cc2ccccc2)cc1,Cc1ccc(S(=O)(=O)N2CCC([Se]Cc3ccccc3)CC2)cc1,CC1=CC=C(S(N2CCC(C(O)=O)CC2)(=O)=O)C=C1,C1(C[Se][Se]CC2=CC=CC=C2)=CC=CC=C1,CC1=CC=C(S(N2CCC([Se]CC3=CC=CC=C3)CC2)(=O)=O)C=C1,NC(=O)C1=CN(Cc2ccc(C(F)(F)F)cc2)C=CC1,NC(C1=CN(CC2=CC=C(C(F)(F)F)C=C2)C=CC1)=O,valid,CS(C)=O,CS(C)=O,valid,nonp-30de936f642238dbbba374c3
liao_dhp:000158,liao_dhp,157,158,0.2796864,O=C(O)Cc1ccc2c(c1)C(=O)c1ccccc1CO2,c1ccc(C[Se][Se]Cc2ccccc2)cc1,O=C1c2ccccc2COc2ccc(C[Se]Cc3ccccc3)cc21,O=C1C2=CC(CC(O)=O)=CC=C2OCC3=CC=CC=C13,C1(C[Se][Se]CC2=CC=CC=C2)=CC=CC=C1,O=C1C2=CC(C[Se]CC3=CC=CC=C3)=CC=C2OCC4=CC=CC=C14,NC(=O)C1=CN(Cc2ccccc2)C=CC1,NC(C1=CN(CC2=CC=CC=C2)C=CC1)=O,valid,CS(C)=O,CS(C)=O,valid,nonp-afc67f99486157e28a2ca3ec
liao_dhp:000159,liao_dhp,158,159,0.0083612,CC(C(=O)O)c1ccc(CC2CCCC2=O)cc1,c1ccc(C[Se][Se]Cc2ccccc2)cc1,CC([Se]Cc1ccccc1)c1ccc(CC2CCCC2=O)cc1,CC(C1=CC=C(CC2C(CCC2)=O)C=C1)C(O)=O,C1(C[Se][Se]CC2=CC=CC=C2)=CC=CC=C1,CC(C1=CC=C(CC2C(CCC2)=O)C=C1)[Se]CC3=CC=CC=C3,NC(=O)C1=CN(Cc2ccccc2)C=C(C(N)=O)C1,NC(C1=CN(CC2=CC=CC=C2)C=C(C(N)=O)C1)=O,valid,CS(C)=O,CS(C)=O,valid,nonp-4a44563f858c4689d12805c9
liao_dhp:000160,liao_dhp,159,160,0.0,CC(C(=O)O)c1ccc(CC2CCCC2=O)cc1,c1ccc(C[Se][Se]Cc2ccccc2)cc1,CC([Se]Cc1ccccc1)c1ccc(CC2CCCC2=O)cc1,CC(C1=CC=C(CC2C(CCC2)=O)C=C1)C(O)=O,C1(C[Se][Se]CC2=CC=CC=C2)=CC=CC=C1,CC(C1=CC=C(CC2C(CCC2)=O)C=C1)[Se]CC3=CC=CC=C3,NC(=O)C1=CN(Cc2ccccc2)C=C(C(N)=O)C1c1ccccc1,NC(C1=CN(CC2=CC=CC=C2)C=C(C(N)=O)C1C3=CC=CC=C3)=O,valid,CS(C)=O,CS(C)=O,valid,nonp-3de928508fc0b3e288e6fdae
liao_dhp:000161,liao_dhp,160,161,0.23629575,CC(C(=O)O)N1C(=O)c2ccccc2C1=O,c1ccc(C[Se][Se]Cc2ccccc2)cc1,CC([Se]Cc1ccccc1)N1C(=O)c2ccccc2C1=O,CC(N(C(C1=C2C=CC=C1)=O)C2=O)C(O)=O,C1(C[Se][Se]CC2=CC=CC=C2)=CC=CC=C1,CC(N(C(C1=C2C=CC=C1)=O)C2=O)[Se]CC3=CC=CC=C3,COc1ccc(CN2C=CCC(C(N)=O)=C2)cc1,NC(C1=CN(CC2=CC=C(OC)C=C2)C=CC1)=O,valid,CN(C)C=O,[H]C(N(C)C)=O,valid,nonp-f9e8477aff35dbfdcb4d2331
liao_dhp:000162,liao_dhp,161,162,0.14029375,CC(C(=O)O)N1C(=O)c2ccccc2C1=O,c1ccc(C[Se][Se]Cc2ccccc2)cc1,CC([Se]Cc1ccccc1)N1C(=O)c2ccccc2C1=O,CC(N(C(C1=C2C=CC=C1)=O)C2=O)C(O)=O,C1(C[Se][Se]CC2=CC=CC=C2)=CC=CC=C1,CC(N(C(C1=C2C=CC=C1)=O)C2=O)[Se]CC3=CC=CC=C3,NC(=O)C1=CN(Cc2ccc(C(F)(F)F)cc2)C=CC1,NC(C1=CN(CC2=CC=C(C(F)(F)F)C=C2)C=CC1)=O,valid,CN(C)C=O,[H]C(N(C)C)=O,valid,nonp-b6435656d461c51f64750244
liao_dhp:000163,liao_dhp,162,163,0.098032,CC(C(=O)O)N1C(=O)c2ccccc2C1=O,c1ccc(C[Se][Se]Cc2ccccc2)cc1,CC([Se]Cc1ccccc1)N1C(=O)c2ccccc2C1=O,CC(N(C(C1=C2C=CC=C1)=O)C2=O)C(O)=O,C1(C[Se][Se]CC2=CC=CC=C2)=CC=CC=C1,CC(N(C(C1=C2C=CC=C1)=O)C2=O)[Se]CC3=CC=CC=C3,NC(=O)C1=CN(Cc2ccccc2)C=C(C(N)=O)C1,NC(C1=CN(CC2=CC=CC=C2)C=C(C(N)=O)C1)=O,valid,CN(C)C=O,[H]C(N(C)C)=O,valid,nonp-1f299528514cc03d1e2634f8
liao_dhp:000164,liao_dhp,163,164,0.0239199,O=C(O)CCCc1c[nH]c2ccccc12,c1ccc(C[Se][Se]Cc2ccccc2)cc1,c1ccc(C[Se]CCCc2c[nH]c3ccccc23)cc1,O=C(CCCC1=CNC2=C1C=CC=C2)O,C1(C[Se][Se]CC2=CC=CC=C2)=CC=CC=C1,C1(CCC[Se]CC2=CC=CC=C2)=CNC3=C1C=CC=C3,NC(=O)C1=CN(Cc2ccccc2)C=C(C(N)=O)C1c1ccccc1,NC(C1=CN(CC2=CC=CC=C2)C=C(C(N)=O)C1C3=CC=CC=C3)=O,valid,CN(C)C=O,[H]C(N(C)C)=O,valid,nonp-a037004dbf1fb47c1ec60ca1
liao_dhp:000165,liao_dhp,164,165,0.11873,Cc1ccc(S(=O)(=O)N2CCC(C(=O)O)CC2)cc1,c1ccc(C[Se][Se]Cc2ccccc2)cc1,Cc1ccc(S(=O)(=O)N2CCC([Se]Cc3ccccc3)CC2)cc1,CC1=CC=C(S(N2CCC(C(O)=O)CC2)(=O)=O)C=C1,C1(C[Se][Se]CC2=CC=CC=C2)=CC=CC=C1,CC1=CC=C(S(N2CCC([Se]CC3=CC=CC=C3)CC2)(=O)=O)C=C1,NC(=O)C1=CN(Cc2ccccc2)C=CC1,NC(C1=CN(CC2=CC=CC=C2)C=CC1)=O,valid,CN(C)C=O,[H]C(N(C)C)=O,valid,nonp-69ec9cdcd64c65ef6e368d7d
liao_dhp:000166,liao_dhp,165,166,0.0421288,Cc1ccc(S(=O)(=O)N2CCC(C(=O)O)CC2)cc1,c1ccc(C[Se][Se]Cc2ccccc2)cc1,Cc1ccc(S(=O)(=O)N2CCC([Se]Cc3ccccc3)CC2)cc1,CC1=CC=C(S(N2CCC(C(O)=O)CC2)(=O)=O)C=C1,C1(C[Se][Se]CC2=CC=CC=C2)=CC=CC=C1,CC1=CC=C(S(N2CCC([Se]CC3=CC=CC=C3)CC2)(=O)=O)C=C1,NC(=O)C1=CN(Cc2ccccc2)C=C(C(N)=O)C1,NC(C1=CN(CC2=CC=CC=C2)C=C(C(N)=O)C1)=O,valid,CN(C)C=O,[H]C(N(C)C)=O,valid,nonp-38d3834244af9653a12045d8
liao_dhp:000167,liao_dhp,166,167,0.0,CC(C(=O)O)c1ccc(CC2CCCC2=O)cc1,c1ccc(C[Se][Se]Cc2ccccc2)cc1,CC([Se]Cc1ccccc1)c1ccc(CC2CCCC2=O)cc1,CC(C1=CC=C(CC2C(CCC2)=O)C=C1)C(O)=O,C1(C[Se][Se]CC2=CC=CC=C2)=CC=CC=C1,CC(C1=CC=C(CC2C(CCC2)=O)C=C1)[Se]CC3=CC=CC=C3,NC(=O)C1=CN(Cc2ccc(C(F)(F)F)cc2)C=CC1,NC(C1=CN(CC2=CC=C(C(F)(F)F)C=C2)C=CC1)=O,valid,CN(C)C=O,[H]C(N(C)C)=O,valid,nonp-bcdc7400218d369f3c431cc8
liao_dhp:000168,liao_dhp,167,168,0.0,Cc1ccc(S(=O)(=O)N2CCC(C(=O)O)CC2)cc1,c1ccc(C[Se][Se]Cc2ccccc2)cc1,Cc1ccc(S(=O)(=O)N2CCC([Se]Cc3ccccc3)CC2)cc1,CC1=CC=C(S(N2CCC(C(O)=O)CC2)(=O)=O)C=C1,C1(C[Se][Se]CC2=CC=CC=C2)=CC=CC=C1,CC1=CC=C(S(N2CCC([Se]CC3=CC=CC=C3)CC2)(=O)=O)C=C1,NC(=O)C1=CN(Cc2ccccc2)C=C(C(N)=O)C1c1ccccc1,NC(C1=CN(CC2=CC=CC=C2)C=C(C(N)=O)C1C3=CC=CC=C3)=O,valid,CC#N,CC#N,valid,nonp-c8836b16ed138d5d10ec6f95
liao_dhp:000169,liao_dhp,168,169,0.012167,CC(C(=O)O)c1ccc(CC2CCCC2=O)cc1,c1ccc(C[Se][Se]Cc2ccccc2)cc1,CC([Se]Cc1ccccc1)c1ccc(CC2CCCC2=O)cc1,CC(C1=CC=C(CC2C(CCC2)=O)C=C1)C(O)=O,C1(C[Se][Se]CC2=CC=CC=C2)=CC=CC=C1,CC(C1=CC=C(CC2C(CCC2)=O)C=C1)[Se]CC3=CC=CC=C3,NC(=O)C1=CN(Cc2ccccc2)C=C(C(N)=O)C1,NC(C1=CN(CC2=CC=CC=C2)C=C(C(N)=O)C1)=O,valid,CC#N,CC#N,valid,nonp-02648cfa03a2fdecd0bc1f1a
liao_dhp:000170,liao_dhp,169,170,0.0,COc1ccc2c(c1)c(CC(=O)O)c(C)n2C(=O)c1ccc(Cl)cc1,c1ccc(C[Se][Se]Cc2ccccc2)cc1,COc1ccc2c(c1)c(C[Se]Cc1ccccc1)c(C)n2C(=O)c1ccc(Cl)cc1,CC(N1C(C2=CC=C(Cl)C=C2)=O)=C(CC(O)=O)C3=C1C=CC(OC)=C3,C1(C[Se][Se]CC2=CC=CC=C2)=CC=CC=C1,CC(N1C(C2=CC=C(Cl)C=C2)=O)=C(C[Se]CC3=CC=CC=C3)C4=C1C=CC(OC)=C4,NC(=O)C1=CN(Cc2ccc(C(F)(F)F)cc2)C=CC1,NC(C1=CN(CC2=CC=C(C(F)(F)F)C=C2)C=CC1)=O,valid,CC#N,CC#N,valid,nonp-1ee3f345fe88f86ba152fef5
liao_dhp:000171,liao_dhp,170,171,0.0,COc1ccc2c(c1)c(CC(=O)O)c(C)n2C(=O)c1ccc(Cl)cc1,c1ccc(C[Se][Se]Cc2ccccc2)cc1,COc1ccc2c(c1)c(C[Se]Cc1ccccc1)c(C)n2C(=O)c1ccc(Cl)cc1,CC(N1C(C2=CC=C(Cl)C=C2)=O)=C(CC(O)=O)C3=C1C=CC(OC)=C3,C1(C[Se][Se]CC2=CC=CC=C2)=CC=CC=C1,CC(N1C(C2=CC=C(Cl)C=C2)=O)=C(C[Se]CC3=CC=CC=C3)C4=C1C=CC(OC)=C4,NC(=O)C1=CN(Cc2ccccc2)C=C(C(N)=O)C1,NC(C1=CN(CC2=CC=CC=C2)C=C(C(N)=O)C1)=O,valid,CC#N,CC#N,valid,nonp-638a3dd38cbfaf3f43efdbc8
liao_dhp:000172,liao_dhp,171,172,0.0314784,O=C(O)C1CCCCC1,c1ccc(C[Se][Se]Cc2ccccc2)cc1,c1ccc(C[Se]C2CCCCC2)cc1,O=C(C1CCCCC1)O,C1(C[Se][Se]CC2=CC=CC=C2)=CC=CC=C1,C1([Se]CC2=CC=CC=C2)CCCCC1,NC(=O)C1=CN(Cc2ccc(C(F)(F)F)cc2)C=CC1,NC(C1=CN(CC2=CC=C(C(F)(F)F)C=C2)C=CC1)=O,valid,CS(C)=O,CS(C)=O,valid,nonp-2aa9b394511c842e619bf31b
liao_dhp:000173,liao_dhp,172,173,0.048279,O=C(O)C1CCN(C(=O)OCc2ccccc2)CC1,c1ccc(C[Se][Se]Cc2ccccc2)cc1,O=C(OCc1ccccc1)N1CCC([Se]Cc2ccccc2)CC1,O=C(N1CCC(C(O)=O)CC1)OCC2=CC=CC=C2,C1(C[Se][Se]CC2=CC=CC=C2)=CC=CC=C1,O=C(N1CCC([Se]CC2=CC=CC=C2)CC1)OCC3=CC=CC=C3,NC(=O)C1=CN(Cc2ccc(C(F)(F)F)cc2)C=CC1,NC(C1=CN(CC2=CC=C(C(F)(F)F)C=C2)C=CC1)=O,valid,CS(C)=O,CS(C)=O,valid,nonp-88066004b637453c8691403f
liao_dhp:000174,liao_dhp,173,174,0.044813,CC(C)(C)OC(=O)N[C@H](CC(=O)O)C(=O)OCc1ccccc1,c1ccc(C[Se][Se]Cc2ccccc2)cc1,CC(C)(C)OC(=O)N[C@H](C[Se]Cc1ccccc1)C(=O)OCc1ccccc1,O=C(OCC1=CC=CC=C1)[C@H](NC(OC(C)(C)C)=O)CC(O)=O,C1(C[Se][Se]CC2=CC=CC=C2)=CC=CC=C1,O=C(OCC1=CC=CC=C1)[C@H](NC(OC(C)(C)C)=O)C[Se]CC2=CC=CC=C2,NC(=O)C1=CN(Cc2ccccc2)C=CC1,NC(C1=CN(CC2=CC=CC=C2)C=CC1)=O,valid,CS(C)=O,CS(C)=O,valid,nonp-c208f24d535bf3c31a48190b
liao_dhp:000175,liao_dhp,174,175,0.0081975,CC(C)(C)OC(=O)N[C@H](CC(=O)O)C(=O)OCc1ccccc1,c1ccc(C[Se][Se]Cc2ccccc2)cc1,CC(C)(C)OC(=O)N[C@H](C[Se]Cc1ccccc1)C(=O)OCc1ccccc1,O=C(OCC1=CC=CC=C1)[C@H](NC(OC(C)(C)C)=O)CC(O)=O,C1(C[Se][Se]CC2=CC=CC=C2)=CC=CC=C1,O=C(OCC1=CC=CC=C1)[C@H](NC(OC(C)(C)C)=O)C[Se]CC2=CC=CC=C2,NC(=O)C1=CN(Cc2ccccc2)C=C(C(N)=O)C1c1ccccc1,NC(C1=CN(CC2=CC=CC=C2)C=C(C(N)=O)C1C3=CC=CC=C3)=O,valid,CS(C)=O,CS(C)=O,valid,nonp-18134850a63bdd2d7252fdad
liao_dhp:000176,liao_dhp,175,176,0.0475206,O=C(O)C1CCC1,c1ccc(C[Se][Se]Cc2ccccc2)cc1,c1ccc(C[Se]C2CCC2)cc1,O=C(C1CCC1)O,C1(C[Se][Se]CC2=CC=CC=C2)=CC=CC=C1,C1([Se]CC2=CC=CC=C2)CCC1,NC(=O)C1=CN(Cc2ccc(C(F)(F)F)cc2)C=CC1,NC(C1=CN(CC2=CC=C(C(F)(F)F)C=C2)C=CC1)=O,valid,CS(C)=O,CS(C)=O,valid,nonp-54626afb4669562f0afc1440
liao_dhp:000177,liao_dhp,176,177,0.01188665,O=C(O)C1CCC1,c1ccc(C[Se][Se]Cc2ccccc2)cc1,c1ccc(C[Se]C2CCC2)cc1,O=C(C1CCC1)O,C1(C[Se][Se]CC2=CC=CC=C2)=CC=CC=C1,C1([Se]CC2=CC=CC=C2)CCC1,NC(=O)C1=CN(Cc2ccccc2)C=C(C(N)=O)C1,NC(C1=CN(CC2=CC=CC=C2)C=C(C(N)=O)C1)=O,valid,CS(C)=O,CS(C)=O,valid,nonp-490bea86b7cb8ee25f0c5cbb
liao_dhp:000178,liao_dhp,177,178,0.0466375,COc1ccc2cc(C(C)C(=O)O)ccc2c1,c1ccc(C[Se][Se]Cc2ccccc2)cc1,COc1ccc2cc(C(C)[Se]Cc3ccccc3)ccc2c1,CC(C1=CC=C2C=C(OC)C=CC2=C1)C(O)=O,C1(C[Se][Se]CC2=CC=CC=C2)=CC=CC=C1,CC(C1=CC=C2C=C(OC)C=CC2=C1)[Se]CC3=CC=CC=C3,NC(=O)C1=CN(Cc2ccccc2)C=CC1,NC(C1=CN(CC2=CC=CC=C2)C=CC1)=O,valid,CS(C)=O,CS(C)=O,valid,nonp-a5f113517840eada5b3ab182
liao_dhp:000179,liao_dhp,178,179,0.0495984,O=C(O)C1CCN(C(=O)OCc2ccccc2)CC1,c1ccc(C[Se][Se]Cc2ccccc2)cc1,O=C(OCc1ccccc1)N1CCC([Se]Cc2ccccc2)CC1,O=C(N1CCC(C(O)=O)CC1)OCC2=CC=CC=C2,C1(C[Se][Se]CC2=CC=CC=C2)=CC=CC=C1,O=C(N1CCC([Se]CC2=CC=CC=C2)CC1)OCC3=CC=CC=C3,NC(=O)C1=CN(Cc2ccccc2)C=CC1,NC(C1=CN(CC2=CC=CC=C2)C=CC1)=O,valid,CN(C)C=O,[H]C(N(C)C)=O,valid,nonp-1e9da2f286d4e51ebe05d82a
liao_dhp:000180,liao_dhp,179,180,0.0654312,O=C(O)C1CCN(C(=O)OCc2ccccc2)CC1,c1ccc(C[Se][Se]Cc2ccccc2)cc1,O=C(OCc1ccccc1)N1CCC([Se]Cc2ccccc2)CC1,O=C(N1CCC(C(O)=O)CC1)OCC2=CC=CC=C2,C1(C[Se][Se]CC2=CC=CC=C2)=CC=CC=C1,O=C(N1CCC([Se]CC2=CC=CC=C2)CC1)OCC3=CC=CC=C3,COc1ccc(CN2C=CCC(C(N)=O)=C2)cc1,NC(C1=CN(CC2=CC=C(OC)C=C2)C=CC1)=O,valid,CN(C)C=O,[H]C(N(C)C)=O,valid,nonp-4def000d7a8961916625109e
liao_dhp:000181,liao_dhp,180,181,0.015294,O=C(O)C1CCN(C(=O)OCc2ccccc2)CC1,c1ccc(C[Se][Se]Cc2ccccc2)cc1,O=C(OCc1ccccc1)N1CCC([Se]Cc2ccccc2)CC1,O=C(N1CCC(C(O)=O)CC1)OCC2=CC=CC=C2,C1(C[Se][Se]CC2=CC=CC=C2)=CC=CC=C1,O=C(N1CCC([Se]CC2=CC=CC=C2)CC1)OCC3=CC=CC=C3,NC(=O)C1=CN(Cc2ccccc2)C=C(C(N)=O)C1,NC(C1=CN(CC2=CC=CC=C2)C=C(C(N)=O)C1)=O,valid,CN(C)C=O,[H]C(N(C)C)=O,valid,nonp-82c524941130df3ff5297070
liao_dhp:000182,liao_dhp,181,182,0.0159537,O=C(O)C1CCN(C(=O)OCc2ccccc2)CC1,c1ccc(C[Se][Se]Cc2ccccc2)cc1,O=C(OCc1ccccc1)N1CCC([Se]Cc2ccccc2)CC1,O=C(N1CCC(C(O)=O)CC1)OCC2=CC=CC=C2,C1(C[Se][Se]CC2=CC=CC=C2)=CC=CC=C1,O=C(N1CCC([Se]CC2=CC=CC=C2)CC1)OCC3=CC=CC=C3,NC(=O)C1=CN(Cc2ccccc2)C=C(C(N)=O)C1c1ccccc1,NC(C1=CN(CC2=CC=CC=C2)C=C(C(N)=O)C1C3=CC=CC=C3)=O,valid,CN(C)C=O,[H]C(N(C)C)=O,valid,nonp-625d59161cd5c0c4b998814b
liao_dhp:000183,liao_dhp,182,183,0.02159084,O=C(O)C1CCC1,c1ccc(C[Se][Se]Cc2ccccc2)cc1,c1ccc(C[Se]C2CCC2)cc1,O=C(C1CCC1)O,C1(C[Se][Se]CC2=CC=CC=C2)=CC=CC=C1,C1([Se]CC2=CC=CC=C2)CCC1,NC(=O)C1=CN(Cc2ccccc2)C=CC1,NC(C1=CN(CC2=CC=CC=C2)C=CC1)=O,valid,CN(C)C=O,[H]C(N(C)C)=O,valid,nonp-94a18edc3bb0fe304c328ba0
liao_dhp:000184,liao_dhp,183,184,0.0,O=C(O)C1CCC1,c1ccc(C[Se][Se]Cc2ccccc2)cc1,c1ccc(C[Se]C2CCC2)cc1,O=C(C1CCC1)O,C1(C[Se][Se]CC2=CC=CC=C2)=CC=CC=C1,C1([Se]CC2=CC=CC=C2)CCC1,NC(=O)C1=CN(Cc2ccccc2)C=C(C(N)=O)C1c1ccccc1,NC(C1=CN(CC2=CC=CC=C2)C=C(C(N)=O)C1C3=CC=CC=C3)=O,valid,CN(C)C=O,[H]C(N(C)C)=O,valid,nonp-b09448ce97d7b0116db08b56
liao_dhp:000185,liao_dhp,184,185,0.0251895,O=C(O)C1CCN(C(=O)OCc2ccccc2)CC1,c1ccc(C[Se][Se]Cc2ccccc2)cc1,O=C(OCc1ccccc1)N1CCC([Se]Cc2ccccc2)CC1,O=C(N1CCC(C(O)=O)CC1)OCC2=CC=CC=C2,C1(C[Se][Se]CC2=CC=CC=C2)=CC=CC=C1,O=C(N1CCC([Se]CC2=CC=CC=C2)CC1)OCC3=CC=CC=C3,COc1ccc(CN2C=CCC(C(N)=O)=C2)cc1,NC(C1=CN(CC2=CC=C(OC)C=C2)C=CC1)=O,valid,CC#N,CC#N,valid,nonp-030397e8e6aad66e366e7eeb
liao_dhp:000186,liao_dhp,185,186,0.0100164,O=C(O)C1CCN(C(=O)OCc2ccccc2)CC1,c1ccc(C[Se][Se]Cc2ccccc2)cc1,O=C(OCc1ccccc1)N1CCC([Se]Cc2ccccc2)CC1,O=C(N1CCC(C(O)=O)CC1)OCC2=CC=CC=C2,C1(C[Se][Se]CC2=CC=CC=C2)=CC=CC=C1,O=C(N1CCC([Se]CC2=CC=CC=C2)CC1)OCC3=CC=CC=C3,NC(=O)C1=CN(Cc2ccc(C(F)(F)F)cc2)C=CC1,NC(C1=CN(CC2=CC=C(C(F)(F)F)C=C2)C=CC1)=O,valid,CC#N,CC#N,valid,nonp-f94a70ad41158165c9db65e5
liao_dhp:000187,liao_dhp,186,187,0.04401015,CC(C)(C)OC(=O)N[C@H](CC(=O)O)C(=O)OCc1ccccc1,c1ccc(C[Se][Se]Cc2ccccc2)cc1,CC(C)(C)OC(=O)N[C@H](C[Se]Cc1ccccc1)C(=O)OCc1ccccc1,O=C(OCC1=CC=CC=C1)[C@H](NC(OC(C)(C)C)=O)CC(O)=O,C1(C[Se][Se]CC2=CC=CC=C2)=CC=CC=C1,O=C(OCC1=CC=CC=C1)[C@H](NC(OC(C)(C)C)=O)C[Se]CC2=CC=CC=C2,NC(=O)C1=CN(Cc2ccc(C(F)(F)F)cc2)C=CC1,NC(C1=CN(CC2=CC=C(C(F)(F)F)C=C2)C=CC1)=O,valid,CC#N,CC#N,valid,nonp-3e17c3ce934f77aa4488ec96
liao_dhp:000188,liao_dhp,187,188,0.0,CC(C)(C)OC(=O)N[C@H](CC(=O)O)C(=O)OCc1ccccc1,c1ccc(C[Se][Se]Cc2ccccc2)cc1,CC(C)(C)OC(=O)N[C@H](C[Se]Cc1ccccc1)C(=O)OCc1ccccc1,O=C(OCC1=CC=CC=C1)[C@H](NC(OC(C)(C)C)=O)CC(O)=O,C1(C[Se][Se]CC2=CC=CC=C2)=CC=CC=C1,O=C(OCC1=CC=CC=C1)[C@H](NC(OC(C)(C)C)=O)C[Se]CC2=CC=CC=C2,NC(=O)C1=CN(Cc2ccccc2)C=C(C(N)=O)C1,NC(C1=CN(CC2=CC=CC=C2)C=C(C(N)=O)C1)=O,valid,CC#N,CC#N,valid,nonp-b33d56e5f688b7cbb09fbb1f
liao_dhp:000189,liao_dhp,188,189,0.0,CC(C(=O)O)N1C(=O)c2ccccc2C1=O,CC[Se][Se]CC,CC[Se]C(C)N1C(=O)c2ccccc2C1=O,CC(N(C(C1=C2C=CC=C1)=O)C2=O)C(O)=O,CC[Se][Se]CC,CC(N(C(C1=C2C=CC=C1)=O)C2=O)[Se]CC,NC(=O)C1=CN(Cc2ccccc2)C=CC1,NC(C1=CN(CC2=CC=CC=C2)C=CC1)=O,valid,CS(C)=O,CS(C)=O,valid,nonp-a66656cc315743c4765fef0e
liao_dhp:000190,liao_dhp,189,190,0.2620255,CC(C(=O)O)c1ccc(CC2CCCC2=O)cc1,CC[Se][Se]CC,CC[Se]C(C)c1ccc(CC2CCCC2=O)cc1,CC(C1=CC=C(CC2C(CCC2)=O)C=C1)C(O)=O,CC[Se][Se]CC,CC(C1=CC=C(CC2C(CCC2)=O)C=C1)[Se]CC,NC(=O)C1=CN(Cc2ccccc2)C=CC1,NC(C1=CN(CC2=CC=CC=C2)C=CC1)=O,valid,CS(C)=O,CS(C)=O,valid,nonp-59a5d8a14a15ac430fc13f42
liao_dhp:000191,liao_dhp,190,191,0.2919955,CC(C(=O)O)c1ccc(CC2CCCC2=O)cc1,CC[Se][Se]CC,CC[Se]C(C)c1ccc(CC2CCCC2=O)cc1,CC(C1=CC=C(CC2C(CCC2)=O)C=C1)C(O)=O,CC[Se][Se]CC,CC(C1=CC=C(CC2C(CCC2)=O)C=C1)[Se]CC,COc1ccc(CN2C=CCC(C(N)=O)=C2)cc1,NC(C1=CN(CC2=CC=C(OC)C=C2)C=CC1)=O,valid,CS(C)=O,CS(C)=O,valid,nonp-65d599b48f0b7ed3ea860014
liao_dhp:000192,liao_dhp,191,192,0.1811928,COc1ccc2c(c1)c(CC(=O)O)c(C)n2C(=O)c1ccc(Cl)cc1,CC[Se][Se]CC,CC[Se]Cc1c(C)n(C(=O)c2ccc(Cl)cc2)c2ccc(OC)cc12,CC(N1C(C2=CC=C(Cl)C=C2)=O)=C(CC(O)=O)C3=C1C=CC(OC)=C3,CC[Se][Se]CC,CC(N1C(C2=CC=C(Cl)C=C2)=O)=C(C[Se]CC)C3=C1C=CC(OC)=C3,COc1ccc(CN2C=CCC(C(N)=O)=C2)cc1,NC(C1=CN(CC2=CC=C(OC)C=C2)C=CC1)=O,valid,CS(C)=O,CS(C)=O,valid,nonp-14acd096b166c19fd8467c1c
liao_dhp:000193,liao_dhp,192,193,0.16243805,COc1ccc2c(c1)c(CC(=O)O)c(C)n2C(=O)c1ccc(Cl)cc1,CC[Se][Se]CC,CC[Se]Cc1c(C)n(C(=O)c2ccc(Cl)cc2)c2ccc(OC)cc12,CC(N1C(C2=CC=C(Cl)C=C2)=O)=C(CC(O)=O)C3=C1C=CC(OC)=C3,CC[Se][Se]CC,CC(N1C(C2=CC=C(Cl)C=C2)=O)=C(C[Se]CC)C3=C1C=CC(OC)=C3,NC(=O)C1=CN(Cc2ccccc2)C=C(C(N)=O)C1,NC(C1=CN(CC2=CC=CC=C2)C=C(C(N)=O)C1)=O,valid,CS(C)=O,CS(C)=O,valid,nonp-ef8bff7ffd0774a48f4c6e63
liao_dhp:000194,liao_dhp,193,194,0.0,O=C(O)Cc1ccc2c(c1)C(=O)c1ccccc1CO2,CC[Se][Se]CC,CC[Se]Cc1ccc2c(c1)C(=O)c1ccccc1CO2,O=C1C2=CC(CC(O)=O)=CC=C2OCC3=CC=CC=C13,CC[Se][Se]CC,O=C1C2=CC(C[Se]CC)=CC=C2OCC3=CC=CC=C13,NC(=O)C1=CN(Cc2ccccc2)C=CC1,NC(C1=CN(CC2=CC=CC=C2)C=CC1)=O,valid,CN(C)C=O,[H]C(N(C)C)=O,valid,nonp-fe67b6fa69045fef08018d3b
liao_dhp:000195,liao_dhp,194,195,0.0,O=C(O)Cc1ccc2c(c1)C(=O)c1ccccc1CO2,CC[Se][Se]CC,CC[Se]Cc1ccc2c(c1)C(=O)c1ccccc1CO2,O=C1C2=CC(CC(O)=O)=CC=C2OCC3=CC=CC=C13,CC[Se][Se]CC,O=C1C2=CC(C[Se]CC)=CC=C2OCC3=CC=CC=C13,NC(=O)C1=CN(Cc2ccccc2)C=C(C(N)=O)C1,NC(C1=CN(CC2=CC=CC=C2)C=C(C(N)=O)C1)=O,valid,CN(C)C=O,[H]C(N(C)C)=O,valid,nonp-f576c00ddc4d60437af4643e
liao_dhp:000196,liao_dhp,195,196,0.131822,CC(C(=O)O)c1ccc(CC2CCCC2=O)cc1,CC[Se][Se]CC,CC[Se]C(C)c1ccc(CC2CCCC2=O)cc1,CC(C1=CC=C(CC2C(CCC2)=O)C=C1)C(O)=O,CC[Se][Se]CC,CC(C1=CC=C(CC2C(CCC2)=O)C=C1)[Se]CC,NC(=O)C1=CN(Cc2ccccc2)C=CC1,NC(C1=CN(CC2=CC=CC=C2)C=CC1)=O,valid,CN(C)C=O,[H]C(N(C)C)=O,valid,nonp-bc614c2a777eb028fe97885b
liao_dhp:000197,liao_dhp,196,197,0.133654,CC(C(=O)O)c1ccc(CC2CCCC2=O)cc1,CC[Se][Se]CC,CC[Se]C(C)c1ccc(CC2CCCC2=O)cc1,CC(C1=CC=C(CC2C(CCC2)=O)C=C1)C(O)=O,CC[Se][Se]CC,CC(C1=CC=C(CC2C(CCC2)=O)C=C1)[Se]CC,NC(=O)C1=CN(Cc2ccccc2)C=C(C(N)=O)C1,NC(C1=CN(CC2=CC=CC=C2)C=C(C(N)=O)C1)=O,valid,CN(C)C=O,[H]C(N(C)C)=O,valid,nonp-9449aa9811784b2bf6f9ca09
liao_dhp:000198,liao_dhp,197,198,0.0,CC(C(=O)O)N1C(=O)c2ccccc2C1=O,CC[Se][Se]CC,CC[Se]C(C)N1C(=O)c2ccccc2C1=O,CC(N(C(C1=C2C=CC=C1)=O)C2=O)C(O)=O,CC[Se][Se]CC,CC(N(C(C1=C2C=CC=C1)=O)C2=O)[Se]CC,COc1ccc(CN2C=CCC(C(N)=O)=C2)cc1,NC(C1=CN(CC2=CC=C(OC)C=C2)C=CC1)=O,valid,CC#N,CC#N,valid,nonp-903c8ef455ef072f013afd98
liao_dhp:000199,liao_dhp,198,199,0.0082048,Cc1ccc(S(=O)(=O)N2CCC(C(=O)O)CC2)cc1,CC[Se][Se]CC,CC[Se]C1CCN(S(=O)(=O)c2ccc(C)cc2)CC1,CC1=CC=C(S(N2CCC(C(O)=O)CC2)(=O)=O)C=C1,CC[Se][Se]CC,CC1=CC=C(S(N2CCC([Se]CC)CC2)(=O)=O)C=C1,COc1ccc(CN2C=CCC(C(N)=O)=C2)cc1,NC(C1=CN(CC2=CC=C(OC)C=C2)C=CC1)=O,valid,CC#N,CC#N,valid,nonp-71e2039437dfbae4b012563e
liao_dhp:000200,liao_dhp,199,200,0.0,O=C(O)Cc1ccc2c(c1)C(=O)c1ccccc1CO2,CC[Se][Se]CC,CC[Se]Cc1ccc2c(c1)C(=O)c1ccccc1CO2,O=C1C2=CC(CC(O)=O)=CC=C2OCC3=CC=CC=C13,CC[Se][Se]CC,O=C1C2=CC(C[Se]CC)=CC=C2OCC3=CC=CC=C13,NC(=O)C1=CN(Cc2ccccc2)C=CC1,NC(C1=CN(CC2=CC=CC=C2)C=CC1)=O,valid,CC#N,CC#N,valid,nonp-1b41c285b31b558bbc775348
liao_dhp:000201,liao_dhp,200,201,0.1182736,Cc1ccc(CC(=O)O)cc1,CC[Se][Se]CC,CC[Se]Cc1ccc(C)cc1,CC1=CC=C(CC(O)=O)C=C1,CC[Se][Se]CC,CC1=CC=C(C[Se]CC)C=C1,NC(=O)C1=CN(Cc2ccccc2)C=CC1,NC(C1=CN(CC2=CC=CC=C2)C=CC1)=O,valid,CS(C)=O,CS(C)=O,valid,nonp-2172852dbc0b4b9931e88dde
liao_dhp:000202,liao_dhp,201,202,0.0170032,Cc1ccc(CC(=O)O)cc1,CC[Se][Se]CC,CC[Se]Cc1ccc(C)cc1,CC1=CC=C(CC(O)=O)C=C1,CC[Se][Se]CC,CC1=CC=C(C[Se]CC)C=C1,NC(=O)C1=CN(Cc2ccccc2)C=C(C(N)=O)C1c1ccccc1,NC(C1=CN(CC2=CC=CC=C2)C=C(C(N)=O)C1C3=CC=CC=C3)=O,valid,CS(C)=O,CS(C)=O,valid,nonp-ac287074821a5af5d325b45a
liao_dhp:000203,liao_dhp,202,203,0.318536,COc1ccc(CC(=O)O)cc1,CC[Se][Se]CC,CC[Se]Cc1ccc(OC)cc1,COC1=CC=C(CC(O)=O)C=C1,CC[Se][Se]CC,COC1=CC=C(C[Se]CC)C=C1,COc1ccc(CN2C=CCC(C(N)=O)=C2)cc1,NC(C1=CN(CC2=CC=C(OC)C=C2)C=CC1)=O,valid,CS(C)=O,CS(C)=O,valid,nonp-678774652a76874e23421221
liao_dhp:000204,liao_dhp,203,204,0.22,Cc1ccccc1CC(=O)O,CC[Se][Se]CC,CC[Se]Cc1ccccc1C,CC1=C(CC(O)=O)C=CC=C1,CC[Se][Se]CC,CC1=C(C[Se]CC)C=CC=C1,NC(=O)C1=CN(Cc2ccccc2)C=C(C(N)=O)C1,NC(C1=CN(CC2=CC=CC=C2)C=C(C(N)=O)C1)=O,valid,CS(C)=O,CS(C)=O,valid,nonp-974f18b476269c944caba5a0
liao_dhp:000205,liao_dhp,204,205,0.1940152,O=C(O)Cc1c[nH]c2ccccc12,CC[Se][Se]CC,CC[Se]Cc1c[nH]c2ccccc12,O=C(CC1=CNC2=C1C=CC=C2)O,CC[Se][Se]CC,CC[Se]CC1=CNC2=C1C=CC=C2,NC(=O)C1=CN(Cc2ccccc2)C=C(C(N)=O)C1c1ccccc1,NC(C1=CN(CC2=CC=CC=C2)C=C(C(N)=O)C1C3=CC=CC=C3)=O,valid,CS(C)=O,CS(C)=O,valid,nonp-c1ca0bbca2a12a271d3a9d03
liao_dhp:000206,liao_dhp,205,206,0.0525136,Cc1ccc(CC(=O)O)cc1,CC[Se][Se]CC,CC[Se]Cc1ccc(C)cc1,CC1=CC=C(CC(O)=O)C=C1,CC[Se][Se]CC,CC1=CC=C(C[Se]CC)C=C1,NC(=O)C1=CN(Cc2ccccc2)C=CC1,NC(C1=CN(CC2=CC=CC=C2)C=CC1)=O,valid,CN(C)C=O,[H]C(N(C)C)=O,valid,nonp-9bc47a199a0e1914ba4c807e
liao_dhp:000207,liao_dhp,206,207,0.059588,COc1ccc(CC(=O)O)cc1,CC[Se][Se]CC,CC[Se]Cc1ccc(OC)cc1,COC1=CC=C(CC(O)=O)C=C1,CC[Se][Se]CC,COC1=CC=C(C[Se]CC)C=C1,COc1ccc(CN2C=CCC(C(N)=O)=C2)cc1,NC(C1=CN(CC2=CC=C(OC)C=C2)C=CC1)=O,valid,CN(C)C=O,[H]C(N(C)C)=O,valid,nonp-088b12e8d82c4fced8009540
liao_dhp:000208,liao_dhp,207,208,0.069056,COc1ccc(CC(=O)O)cc1,CC[Se][Se]CC,CC[Se]Cc1ccc(OC)cc1,COC1=CC=C(CC(O)=O)C=C1,CC[Se][Se]CC,COC1=CC=C(C[Se]CC)C=C1,NC(=O)C1=CN(Cc2ccc(C(F)(F)F)cc2)C=CC1,NC(C1=CN(CC2=CC=C(C(F)(F)F)C=C2)C=CC1)=O,valid,CN(C)C=O,[H]C(N(C)C)=O,valid,nonp-cc699c5a1f5b85c8ae468ed4
liao_dhp:000209,liao_dhp,208,209,0.014725,O=C(O)Cc1c[nH]c2ccccc12,CC[Se][Se]CC,CC[Se]Cc1c[nH]c2ccccc12,O=C(CC1=CNC2=C1C=CC=C2)O,CC[Se][Se]CC,CC[Se]CC1=CNC2=C1C=CC=C2,NC(=O)C1=CN(Cc2ccccc2)C=CC1,NC(C1=CN(CC2=CC=CC=C2)C=CC1)=O,valid,CN(C)C=O,[H]C(N(C)C)=O,valid,nonp-ca7eff57561a326648ca670b
liao_dhp:000210,liao_dhp,209,210,0.0,Cc1ccc(CC(=O)O)cc1,CC[Se][Se]CC,CC[Se]Cc1ccc(C)cc1,CC1=CC=C(CC(O)=O)C=C1,CC[Se][Se]CC,CC1=CC=C(C[Se]CC)C=C1,NC(=O)C1=CN(Cc2ccccc2)C=C(C(N)=O)C1,NC(C1=CN(CC2=CC=CC=C2)C=C(C(N)=O)C1)=O,valid,CC#N,CC#N,valid,nonp-348f1b0f719ae0a9dbbd33d4
liao_dhp:000211,liao_dhp,210,211,0.0,Cc1ccc(CC(=O)O)cc1,CC[Se][Se]CC,CC[Se]Cc1ccc(C)cc1,CC1=CC=C(CC(O)=O)C=C1,CC[Se][Se]CC,CC1=CC=C(C[Se]CC)C=C1,NC(=O)C1=CN(Cc2ccccc2)C=C(C(N)=O)C1c1ccccc1,NC(C1=CN(CC2=CC=CC=C2)C=C(C(N)=O)C1C3=CC=CC=C3)=O,valid,CC#N,CC#N,valid,nonp-9096672f0d3ca03b00f160b5
liao_dhp:000212,liao_dhp,211,212,0.06125,Cc1ccccc1CC(=O)O,CC[Se][Se]CC,CC[Se]Cc1ccccc1C,CC1=C(CC(O)=O)C=CC=C1,CC[Se][Se]CC,CC1=C(C[Se]CC)C=CC=C1,NC(=O)C1=CN(Cc2ccc(C(F)(F)F)cc2)C=CC1,NC(C1=CN(CC2=CC=C(C(F)(F)F)C=C2)C=CC1)=O,valid,CC#N,CC#N,valid,nonp-d9eae4701857eb4a8d5127cf
liao_dhp:000213,liao_dhp,212,213,0.592784783,CC(C(=O)O)c1ccc(CC2CCCC2=O)cc1,c1ccc([Se][Se]c2ccccc2)cc1,CC([Se]c1ccccc1)c1ccc(CC2CCCC2=O)cc1,CC(C1=CC=C(CC2C(CCC2)=O)C=C1)C(O)=O,C1([Se][Se]C2=CC=CC=C2)=CC=CC=C1,CC(C1=CC=C(CC2C(CCC2)=O)C=C1)[Se]C3=CC=CC=C3,NC(=O)C1=CN(Cc2ccccc2)C=C(C(N)=O)C1,NC(C1=CN(CC2=CC=CC=C2)C=C(C(N)=O)C1)=O,valid,CS(C)=O,CS(C)=O,valid,nonp-6e0d68c406be2d266f7e1dc5
liao_dhp:000214,liao_dhp,213,214,0.37,CC(C(=O)O)c1ccc(CC2CCCC2=O)cc1,c1ccc([Se][Se]c2ccccc2)cc1,CC([Se]c1ccccc1)c1ccc(CC2CCCC2=O)cc1,CC(C1=CC=C(CC2C(CCC2)=O)C=C1)C(O)=O,C1([Se][Se]C2=CC=CC=C2)=CC=CC=C1,CC(C1=CC=C(CC2C(CCC2)=O)C=C1)[Se]C3=CC=CC=C3,NC(=O)C1=CN(Cc2ccccc2)C=C(C(N)=O)C1c1ccccc1,NC(C1=CN(CC2=CC=CC=C2)C=C(C(N)=O)C1C3=CC=CC=C3)=O,valid,CS(C)=O,CS(C)=O,valid,nonp-2e40416625f66187eb187996
liao_dhp:000215,liao_dhp,214,215,0.643429533,COc1ccc2c(c1)c(CC(=O)O)c(C)n2C(=O)c1ccc(Cl)cc1,c1ccc([Se][Se]c2ccccc2)cc1,COc1ccc2c(c1)c(C[Se]c1ccccc1)c(C)n2C(=O)c1ccc(Cl)cc1,CC(N1C(C2=CC=C(Cl)C=C2)=O)=C(CC(O)=O)C3=C1C=CC(OC)=C3,C1([Se][Se]C2=CC=CC=C2)=CC=CC=C1,CC(N1C(C2=CC=C(Cl)C=C2)=O)=C(C[Se]C3=CC=CC=C3)C4=C1C=CC(OC)=C4,COc1ccc(CN2C=CCC(C(N)=O)=C2)cc1,NC(C1=CN(CC2=CC=C(OC)C=C2)C=CC1)=O,valid,CS(C)=O,CS(C)=O,valid,nonp-22afc95733e8341eae1424e9
liao_dhp:000216,liao_dhp,215,216,0.394748067,COc1ccc2c(c1)c(CC(=O)O)c(C)n2C(=O)c1ccc(Cl)cc1,c1ccc([Se][Se]c2ccccc2)cc1,COc1ccc2c(c1)c(C[Se]c1ccccc1)c(C)n2C(=O)c1ccc(Cl)cc1,CC(N1C(C2=CC=C(Cl)C=C2)=O)=C(CC(O)=O)C3=C1C=CC(OC)=C3,C1([Se][Se]C2=CC=CC=C2)=CC=CC=C1,CC(N1C(C2=CC=C(Cl)C=C2)=O)=C(C[Se]C3=CC=CC=C3)C4=C1C=CC(OC)=C4,NC(=O)C1=CN(Cc2ccccc2)C=C(C(N)=O)C1c1ccccc1,NC(C1=CN(CC2=CC=CC=C2)C=C(C(N)=O)C1C3=CC=CC=C3)=O,valid,CS(C)=O,CS(C)=O,valid,nonp-ab53fd514ada8dd4c55b548b
liao_dhp:000217,liao_dhp,216,217,0.783245667,Cc1ccc(CC(=O)O)cc1,c1ccc([Se][Se]c2ccccc2)cc1,Cc1ccc(C[Se]c2ccccc2)cc1,CC1=CC=C(CC(O)=O)C=C1,C1([Se][Se]C2=CC=CC=C2)=CC=CC=C1,CC1=CC=C(C[Se]C2=CC=CC=C2)C=C1,NC(=O)C1=CN(Cc2ccccc2)C=C(C(N)=O)C1,NC(C1=CN(CC2=CC=CC=C2)C=C(C(N)=O)C1)=O,valid,CS(C)=O,CS(C)=O,valid,nonp-299f85e0891d34eb6ed74516
liao_dhp:000218,liao_dhp,217,218,0.797100463,O=C(O)CCCc1c[nH]c2ccccc12,c1ccc([Se][Se]c2ccccc2)cc1,c1ccc([Se]CCCc2c[nH]c3ccccc23)cc1,O=C(CCCC1=CNC2=C1C=CC=C2)O,C1([Se][Se]C2=CC=CC=C2)=CC=CC=C1,C1(CCC[Se]C2=CC=CC=C2)=CNC3=C1C=CC=C3,NC(=O)C1=CN(Cc2ccccc2)C=CC1,NC(C1=CN(CC2=CC=CC=C2)C=CC1)=O,valid,CS(C)=O,CS(C)=O,valid,nonp-cfc0afc8980bf79983530c85
liao_dhp:000219,liao_dhp,218,219,0.8891,O=C(O)CCc1ccccc1,c1ccc([Se][Se]c2ccccc2)cc1,c1ccc(CC[Se]c2ccccc2)cc1,O=C(CCC1=CC=CC=C1)O,C1([Se][Se]C2=CC=CC=C2)=CC=CC=C1,C1(CC[Se]C2=CC=CC=C2)=CC=CC=C1,NC(=O)C1=CN(Cc2ccc(C(F)(F)F)cc2)C=CC1,NC(C1=CN(CC2=CC=C(C(F)(F)F)C=C2)C=CC1)=O,valid,CS(C)=O,CS(C)=O,valid,nonp-038f32852ae7fd8934f891a1
liao_dhp:000220,liao_dhp,219,220,0.180564,O=C(O)C1CCC(F)(F)CC1,c1ccc([Se][Se]c2ccccc2)cc1,FC1(F)CCC([Se]c2ccccc2)CC1,FC1(F)CCC(C(O)=O)CC1,C1([Se][Se]C2=CC=CC=C2)=CC=CC=C1,FC1(F)CCC([Se]C2=CC=CC=C2)CC1,NC(=O)C1=CN(Cc2ccccc2)C=C(C(N)=O)C1c1ccccc1,NC(C1=CN(CC2=CC=CC=C2)C=C(C(N)=O)C1C3=CC=CC=C3)=O,valid,CS(C)=O,CS(C)=O,valid,nonp-ea4744df08427c9c9bf294f7
liao_dhp:000221,liao_dhp,220,221,0.624032383,O=C(O)Cc1ccc2c(c1)C(=O)c1ccccc1CO2,c1ccc([Se][Se]c2ccccc2)cc1,O=C1c2ccccc2COc2ccc(C[Se]c3ccccc3)cc21,O=C1C2=CC(CC(O)=O)=CC=C2OCC3=CC=CC=C13,C1([Se][Se]C2=CC=CC=C2)=CC=CC=C1,O=C1C2=CC(C[Se]C3=CC=CC=C3)=CC=C2OCC4=CC=CC=C14,NC(=O)C1=CN(Cc2ccccc2)C=C(C(N)=O)C1c1ccccc1,NC(C1=CN(CC2=CC=CC=C2)C=C(C(N)=O)C1C3=CC=CC=C3)=O,valid,CS(C)=O,CS(C)=O,valid,nonp-3772917fcbdb36d7839e4f93
liao_dhp:000222,liao_dhp,221,222,0.837362,O=C(O)C1CCOCC1,c1ccc([Se][Se]c2ccccc2)cc1,c1ccc([Se]C2CCOCC2)cc1,O=C(C1CCOCC1)O,C1([Se][Se]C2=CC=CC=C2)=CC=CC=C1,C1([Se]C2=CC=CC=C2)CCOCC1,COc1ccc(CN2C=CCC(C(N)=O)=C2)cc1,NC(C1=CN(CC2=CC=C(OC)C=C2)C=CC1)=O,valid,CS(C)=O,CS(C)=O,valid,nonp-8ee17e5f8aa2603dfa8a2169
liao_dhp:000223,liao_dhp,222,223,0.495,O=C(O)C1CCOCC1,c1ccc([Se][Se]c2ccccc2)cc1,c1ccc([Se]C2CCOCC2)cc1,O=C(C1CCOCC1)O,C1([Se][Se]C2=CC=CC=C2)=CC=CC=C1,C1([Se]C2=CC=CC=C2)CCOCC1,NC(=O)C1=CN(Cc2ccccc2)C=C(C(N)=O)C1c1ccccc1,NC(C1=CN(CC2=CC=CC=C2)C=C(C(N)=O)C1C3=CC=CC=C3)=O,valid,CS(C)=O,CS(C)=O,valid,nonp-f1580e1f36623917efe66f7b
liao_dhp:000224,liao_dhp,223,224,0.90021578,O=C(O)C1CCN(C(=O)OCc2ccccc2)CC1,c1ccc([Se][Se]c2ccccc2)cc1,O=C(OCc1ccccc1)N1CCC([Se]c2ccccc2)CC1,O=C(N1CCC(C(O)=O)CC1)OCC2=CC=CC=C2,C1([Se][Se]C2=CC=CC=C2)=CC=CC=C1,O=C(N1CCC([Se]C2=CC=CC=C2)CC1)OCC3=CC=CC=C3,NC(=O)C1=CN(Cc2ccc(C(F)(F)F)cc2)C=CC1,NC(C1=CN(CC2=CC=C(C(F)(F)F)C=C2)C=CC1)=O,valid,CS(C)=O,CS(C)=O,valid,nonp-8aa2a8adcd4e20635aaa8faa
liao_dhp:000225,liao_dhp,224,225,0.64247285,COc1ccc2cc(C(C)C(=O)O)ccc2c1,c1ccc([Se][Se]c2ccccc2)cc1,COc1ccc2cc(C(C)[Se]c3ccccc3)ccc2c1,CC(C1=CC=C2C=C(OC)C=CC2=C1)C(O)=O,C1([Se][Se]C2=CC=CC=C2)=CC=CC=C1,CC(C1=CC=C2C=C(OC)C=CC2=C1)[Se]C3=CC=CC=C3,NC(=O)C1=CN(Cc2ccccc2)C=CC1,NC(C1=CN(CC2=CC=CC=C2)C=CC1)=O,valid,CS(C)=O,CS(C)=O,valid,nonp-e6119014446bb61f67234394
liao_dhp:000226,liao_dhp,225,226,0.57680685,O=C(O)Cc1ccc2c(c1)C(=O)c1ccccc1CO2,c1ccc([Se][Se]c2ccccc2)cc1,O=C1c2ccccc2COc2ccc(C[Se]c3ccccc3)cc21,O=C1C2=CC(CC(O)=O)=CC=C2OCC3=CC=CC=C13,C1([Se][Se]C2=CC=CC=C2)=CC=CC=C1,O=C1C2=CC(C[Se]C3=CC=CC=C3)=CC=C2OCC4=CC=CC=C14,NC(=O)C1=CN(Cc2ccccc2)C=C(C(N)=O)C1,NC(C1=CN(CC2=CC=CC=C2)C=C(C(N)=O)C1)=O,valid,CN(C)C=O,[H]C(N(C)C)=O,valid,nonp-04caec730c141c898db9edc7
liao_dhp:000227,liao_dhp,226,227,0.6489722,COc1ccc2c(c1)c(CC(=O)O)c(C)n2C(=O)c1ccc(Cl)cc1,c1ccc([Se][Se]c2ccccc2)cc1,COc1ccc2c(c1)c(C[Se]c1ccccc1)c(C)n2C(=O)c1ccc(Cl)cc1,CC(N1C(C2=CC=C(Cl)C=C2)=O)=C(CC(O)=O)C3=C1C=CC(OC)=C3,C1([Se][Se]C2=CC=CC=C2)=CC=CC=C1,CC(N1C(C2=CC=C(Cl)C=C2)=O)=C(C[Se]C3=CC=CC=C3)C4=C1C=CC(OC)=C4,NC(=O)C1=CN(Cc2ccccc2)C=CC1,NC(C1=CN(CC2=CC=CC=C2)C=CC1)=O,valid,CN(C)C=O,[H]C(N(C)C)=O,valid,nonp-ae490689df069a2076b9d2bd
liao_dhp:000228,liao_dhp,227,228,0.6595684,COc1ccc2c(c1)c(CC(=O)O)c(C)n2C(=O)c1ccc(Cl)cc1,c1ccc([Se][Se]c2ccccc2)cc1,COc1ccc2c(c1)c(C[Se]c1ccccc1)c(C)n2C(=O)c1ccc(Cl)cc1,CC(N1C(C2=CC=C(Cl)C=C2)=O)=C(CC(O)=O)C3=C1C=CC(OC)=C3,C1([Se][Se]C2=CC=CC=C2)=CC=CC=C1,CC(N1C(C2=CC=C(Cl)C=C2)=O)=C(C[Se]C3=CC=CC=C3)C4=C1C=CC(OC)=C4,COc1ccc(CN2C=CCC(C(N)=O)=C2)cc1,NC(C1=CN(CC2=CC=C(OC)C=C2)C=CC1)=O,valid,CN(C)C=O,[H]C(N(C)C)=O,valid,nonp-37c238a4d4e0c66c0579580b
liao_dhp:000229,liao_dhp,228,229,0.7034813,COc1ccc2c(c1)c(CC(=O)O)c(C)n2C(=O)c1ccc(Cl)cc1,c1ccc([Se][Se]c2ccccc2)cc1,COc1ccc2c(c1)c(C[Se]c1ccccc1)c(C)n2C(=O)c1ccc(Cl)cc1,CC(N1C(C2=CC=C(Cl)C=C2)=O)=C(CC(O)=O)C3=C1C=CC(OC)=C3,C1([Se][Se]C2=CC=CC=C2)=CC=CC=C1,CC(N1C(C2=CC=C(Cl)C=C2)=O)=C(C[Se]C3=CC=CC=C3)C4=C1C=CC(OC)=C4,NC(=O)C1=CN(Cc2ccc(C(F)(F)F)cc2)C=CC1,NC(C1=CN(CC2=CC=C(C(F)(F)F)C=C2)C=CC1)=O,valid,CN(C)C=O,[H]C(N(C)C)=O,valid,nonp-4ac155cb5594cc17ed0e21fb
liao_dhp:000230,liao_dhp,229,230,0.4182645,O=C(O)Cc1ccc(Br)cc1,c1ccc([Se][Se]c2ccccc2)cc1,Brc1ccc(C[Se]c2ccccc2)cc1,BrC1=CC=C(CC(O)=O)C=C1,C1([Se][Se]C2=CC=CC=C2)=CC=CC=C1,BrC1=CC=C(C[Se]C2=CC=CC=C2)C=C1,NC(=O)C1=CN(Cc2ccc(C(F)(F)F)cc2)C=CC1,NC(C1=CN(CC2=CC=C(C(F)(F)F)C=C2)C=CC1)=O,valid,CN(C)C=O,[H]C(N(C)C)=O,valid,nonp-b1ea131de304a24f5796b245
liao_dhp:000231,liao_dhp,230,231,0.69914955,COc1ccc(CC(=O)O)cc1,c1ccc([Se][Se]c2ccccc2)cc1,COc1ccc(C[Se]c2ccccc2)cc1,COC1=CC=C(CC(O)=O)C=C1,C1([Se][Se]C2=CC=CC=C2)=CC=CC=C1,COC1=CC=C(C[Se]C2=CC=CC=C2)C=C1,NC(=O)C1=CN(Cc2ccccc2)C=CC1,NC(C1=CN(CC2=CC=CC=C2)C=CC1)=O,valid,CN(C)C=O,[H]C(N(C)C)=O,valid,nonp-b0530f591e8d28ceeaa076a3
liao_dhp:000232,liao_dhp,231,232,0.795324742,O=C(O)C1CCN(C(=O)OCc2ccccc2)CC1,c1ccc([Se][Se]c2ccccc2)cc1,O=C(OCc1ccccc1)N1CCC([Se]c2ccccc2)CC1,O=C(N1CCC(C(O)=O)CC1)OCC2=CC=CC=C2,C1([Se][Se]C2=CC=CC=C2)=CC=CC=C1,O=C(N1CCC([Se]C2=CC=CC=C2)CC1)OCC3=CC=CC=C3,NC(=O)C1=CN(Cc2ccccc2)C=C(C(N)=O)C1,NC(C1=CN(CC2=CC=CC=C2)C=C(C(N)=O)C1)=O,valid,CN(C)C=O,[H]C(N(C)C)=O,valid,nonp-8900b12eae63b0eca28aff15
liao_dhp:000233,liao_dhp,232,233,0.5950568,O=C(O)C1CCC1,c1ccc([Se][Se]c2ccccc2)cc1,c1ccc([Se]C2CCC2)cc1,O=C(C1CCC1)O,C1([Se][Se]C2=CC=CC=C2)=CC=CC=C1,C1([Se]C2=CC=CC=C2)CCC1,NC(=O)C1=CN(Cc2ccccc2)C=C(C(N)=O)C1,NC(C1=CN(CC2=CC=CC=C2)C=C(C(N)=O)C1)=O,valid,CN(C)C=O,[H]C(N(C)C)=O,valid,nonp-6545f7881905f8943202cdb3
liao_dhp:000234,liao_dhp,233,234,0.0,O=C(O)C1(c2ccccc2)CC1,c1ccc([Se][Se]c2ccccc2)cc1,c1ccc([Se]C2(c3ccccc3)CC2)cc1,O=C(C1(C2=CC=CC=C2)CC1)O,C1([Se][Se]C2=CC=CC=C2)=CC=CC=C1,C1(C2([Se]C3=CC=CC=C3)CC2)=CC=CC=C1,NC(=O)C1=CN(Cc2ccccc2)C=C(C(N)=O)C1c1ccccc1,NC(C1=CN(CC2=CC=CC=C2)C=C(C(N)=O)C1C3=CC=CC=C3)=O,valid,CN(C)C=O,[H]C(N(C)C)=O,valid,nonp-f6e2351b3247d29d67ccf2d2
liao_dhp:000235,liao_dhp,234,235,0.293044,O=C(O)CCCc1c[nH]c2ccccc12,c1ccc([Se][Se]c2ccccc2)cc1,c1ccc([Se]CCCc2c[nH]c3ccccc23)cc1,O=C(CCCC1=CNC2=C1C=CC=C2)O,C1([Se][Se]C2=CC=CC=C2)=CC=CC=C1,C1(CCC[Se]C2=CC=CC=C2)=CNC3=C1C=CC=C3,NC(=O)C1=CN(Cc2ccccc2)C=C(C(N)=O)C1c1ccccc1,NC(C1=CN(CC2=CC=CC=C2)C=C(C(N)=O)C1C3=CC=CC=C3)=O,valid,CC#N,CC#N,valid,nonp-38ecd88f5b79440d874bb821
liao_dhp:000236,liao_dhp,235,236,0.1929002,O=C(O)CCc1ccccc1,c1ccc([Se][Se]c2ccccc2)cc1,c1ccc(CC[Se]c2ccccc2)cc1,O=C(CCC1=CC=CC=C1)O,C1([Se][Se]C2=CC=CC=C2)=CC=CC=C1,C1(CC[Se]C2=CC=CC=C2)=CC=CC=C1,NC(=O)C1=CN(Cc2ccc(C(F)(F)F)cc2)C=CC1,NC(C1=CN(CC2=CC=C(C(F)(F)F)C=C2)C=CC1)=O,valid,CC#N,CC#N,valid,nonp-3047057907d29883df4cd716
liao_dhp:000237,liao_dhp,236,237,0.0410295,O=C(O)C1CCC(F)(F)CC1,c1ccc([Se][Se]c2ccccc2)cc1,FC1(F)CCC([Se]c2ccccc2)CC1,FC1(F)CCC(C(O)=O)CC1,C1([Se][Se]C2=CC=CC=C2)=CC=CC=C1,FC1(F)CCC([Se]C2=CC=CC=C2)CC1,NC(=O)C1=CN(Cc2ccccc2)C=C(C(N)=O)C1c1ccccc1,NC(C1=CN(CC2=CC=CC=C2)C=C(C(N)=O)C1C3=CC=CC=C3)=O,valid,CC#N,CC#N,valid,nonp-b2cf705efd06c728f571aa9f
liao_dhp:000238,liao_dhp,237,238,0.290879,O=C(O)Cc1ccc(Br)cc1,c1ccc([Se][Se]c2ccccc2)cc1,Brc1ccc(C[Se]c2ccccc2)cc1,BrC1=CC=C(CC(O)=O)C=C1,C1([Se][Se]C2=CC=CC=C2)=CC=CC=C1,BrC1=CC=C(C[Se]C2=CC=CC=C2)C=C1,NC(=O)C1=CN(Cc2ccccc2)C=CC1,NC(C1=CN(CC2=CC=CC=C2)C=CC1)=O,valid,CC#N,CC#N,valid,nonp-0c4c73585893bfb364fa1098
liao_dhp:000239,liao_dhp,238,239,0.22314135,COc1ccc(CC(=O)O)cc1,c1ccc([Se][Se]c2ccccc2)cc1,COc1ccc(C[Se]c2ccccc2)cc1,COC1=CC=C(CC(O)=O)C=C1,C1([Se][Se]C2=CC=CC=C2)=CC=CC=C1,COC1=CC=C(C[Se]C2=CC=CC=C2)C=C1,NC(=O)C1=CN(Cc2ccc(C(F)(F)F)cc2)C=CC1,NC(C1=CN(CC2=CC=C(C(F)(F)F)C=C2)C=CC1)=O,valid,CC#N,CC#N,valid,nonp-76a409c85a887eeb50a382cb
liao_dhp:000240,liao_dhp,239,240,0.02720355,COc1ccc(CC(=O)O)cc1,c1ccc([Se][Se]c2ccccc2)cc1,COc1ccc(C[Se]c2ccccc2)cc1,COC1=CC=C(CC(O)=O)C=C1,C1([Se][Se]C2=CC=CC=C2)=CC=CC=C1,COC1=CC=C(C[Se]C2=CC=CC=C2)C=C1,NC(=O)C1=CN(Cc2ccccc2)C=C(C(N)=O)C1,NC(C1=CN(CC2=CC=CC=C2)C=C(C(N)=O)C1)=O,valid,CC#N,CC#N,valid,nonp-9143c70da61153456da11d0b
liao_dhp:000241,liao_dhp,240,241,0.2865326,Cc1ccccc1CC(=O)O,c1ccc([Se][Se]c2ccccc2)cc1,Cc1ccccc1C[Se]c1ccccc1,CC1=C(CC(O)=O)C=CC=C1,C1([Se][Se]C2=CC=CC=C2)=CC=CC=C1,CC1=C(C[Se]C2=CC=CC=C2)C=CC=C1,COc1ccc(CN2C=CCC(C(N)=O)=C2)cc1,NC(C1=CN(CC2=CC=C(OC)C=C2)C=CC1)=O,valid,CC#N,CC#N,valid,nonp-78d56c49f9f6555b542304f6
liao_dhp:000242,liao_dhp,241,242,0.0,O=C(O)C1CCOCC1,c1ccc([Se][Se]c2ccccc2)cc1,c1ccc([Se]C2CCOCC2)cc1,O=C(C1CCOCC1)O,C1([Se][Se]C2=CC=CC=C2)=CC=CC=C1,C1([Se]C2=CC=CC=C2)CCOCC1,NC(=O)C1=CN(Cc2ccccc2)C=C(C(N)=O)C1,NC(C1=CN(CC2=CC=CC=C2)C=C(C(N)=O)C1)=O,valid,CC#N,CC#N,valid,nonp-82d363bf400214b33b27f63c
liao_dhp:000243,liao_dhp,242,243,0.0,O=C(O)C1CCOCC1,c1ccc([Se][Se]c2ccccc2)cc1,c1ccc([Se]C2CCOCC2)cc1,O=C(C1CCOCC1)O,C1([Se][Se]C2=CC=CC=C2)=CC=CC=C1,C1([Se]C2=CC=CC=C2)CCOCC1,NC(=O)C1=CN(Cc2ccccc2)C=C(C(N)=O)C1c1ccccc1,NC(C1=CN(CC2=CC=CC=C2)C=C(C(N)=O)C1C3=CC=CC=C3)=O,valid,CC#N,CC#N,valid,nonp-b30ae0caf0b50d3bde2c1519
liao_dhp:000244,liao_dhp,243,244,0.8130792,CC(C)(C)OC(=O)N[C@H](CC(=O)O)C(=O)OCc1ccccc1,c1ccc([Se][Se]c2ccccc2)cc1,CC(C)(C)OC(=O)N[C@H](C[Se]c1ccccc1)C(=O)OCc1ccccc1,O=C(OCC1=CC=CC=C1)[C@H](NC(OC(C)(C)C)=O)CC(O)=O,C1([Se][Se]C2=CC=CC=C2)=CC=CC=C1,O=C(OCC1=CC=CC=C1)[C@H](NC(OC(C)(C)C)=O)C[Se]C2=CC=CC=C2,NC(=O)C1=CN(Cc2ccc(C(F)(F)F)cc2)C=CC1,NC(C1=CN(CC2=CC=C(C(F)(F)F)C=C2)C=CC1)=O,valid,CC#N,CC#N,valid,nonp-76de91111d98fefca1ab7fee
liao_dhp:000245,liao_dhp,244,245,0.1759024,O=C(O)C1CCC1,c1ccc([Se][Se]c2ccccc2)cc1,c1ccc([Se]C2CCC2)cc1,O=C(C1CCC1)O,C1([Se][Se]C2=CC=CC=C2)=CC=CC=C1,C1([Se]C2=CC=CC=C2)CCC1,NC(=O)C1=CN(Cc2ccccc2)C=C(C(N)=O)C1,NC(C1=CN(CC2=CC=CC=C2)C=C(C(N)=O)C1)=O,valid,CC#N,CC#N,valid,nonp-8a71a4d378f2a938fdb5247c
liao_dhp:000246,liao_dhp,245,246,0.2943101,COc1ccc2cc(C(C)C(=O)O)ccc2c1,c1ccc([Se][Se]c2ccccc2)cc1,COc1ccc2cc(C(C)[Se]c3ccccc3)ccc2c1,CC(C1=CC=C2C=C(OC)C=CC2=C1)C(O)=O,C1([Se][Se]C2=CC=CC=C2)=CC=CC=C1,CC(C1=CC=C2C=C(OC)C=CC2=C1)[Se]C3=CC=CC=C3,COc1ccc(CN2C=CCC(C(N)=O)=C2)cc1,NC(C1=CN(CC2=CC=C(OC)C=C2)C=CC1)=O,valid,CC#N,CC#N,valid,nonp-fcd0ae9d61415abbcdeb08af
liao_dhp:000247,liao_dhp,246,247,0.0,COc1ccc2cc(C(C)C(=O)O)ccc2c1,c1ccc([Se][Se]c2ccccc2)cc1,COc1ccc2cc(C(C)[Se]c3ccccc3)ccc2c1,CC(C1=CC=C2C=C(OC)C=CC2=C1)C(O)=O,C1([Se][Se]C2=CC=CC=C2)=CC=CC=C1,CC(C1=CC=C2C=C(OC)C=CC2=C1)[Se]C3=CC=CC=C3,NC(=O)C1=CN(Cc2ccccc2)C=C(C(N)=O)C1c1ccccc1,NC(C1=CN(CC2=CC=CC=C2)C=C(C(N)=O)C1C3=CC=CC=C3)=O,valid,CC#N,CC#N,valid,nonp-7315a6188a393966fd4d8de3
liao_dhp:000248,liao_dhp,247,248,0.0271484,O=C(O)CCCc1c[nH]c2ccccc12,c1ccc(C[Se][Se]Cc2ccccc2)cc1,c1ccc(C[Se]CCCc2c[nH]c3ccccc23)cc1,O=C(CCCC1=CNC2=C1C=CC=C2)O,C1(C[Se][Se]CC2=CC=CC=C2)=CC=CC=C1,C1(CCC[Se]CC2=CC=CC=C2)=CNC3=C1C=CC=C3,NC(=O)C1=CN(Cc2ccccc2)C=C(C(N)=O)C1,NC(C1=CN(CC2=CC=CC=C2)C=C(C(N)=O)C1)=O,valid,CS(C)=O,CS(C)=O,valid,nonp-73a64b03ed17de8e2ff4764e
liao_dhp:000249,liao_dhp,248,249,0.0358984,Cc1ccc(S(=O)(=O)N2CCC(C(=O)O)CC2)cc1,c1ccc(C[Se][Se]Cc2ccccc2)cc1,Cc1ccc(S(=O)(=O)N2CCC([Se]Cc3ccccc3)CC2)cc1,CC1=CC=C(S(N2CCC(C(O)=O)CC2)(=O)=O)C=C1,C1(C[Se][Se]CC2=CC=CC=C2)=CC=CC=C1,CC1=CC=C(S(N2CCC([Se]CC3=CC=CC=C3)CC2)(=O)=O)C=C1,NC(=O)C1=CN(Cc2ccccc2)C=C(C(N)=O)C1c1ccccc1,NC(C1=CN(CC2=CC=CC=C2)C=C(C(N)=O)C1C3=CC=CC=C3)=O,valid,CS(C)=O,CS(C)=O,valid,nonp-cda6eb59c9620f03717787b2
liao_dhp:000250,liao_dhp,249,250,0.2837872,O=C(O)Cc1ccc2c(c1)C(=O)c1ccccc1CO2,c1ccc(C[Se][Se]Cc2ccccc2)cc1,O=C1c2ccccc2COc2ccc(C[Se]Cc3ccccc3)cc21,O=C1C2=CC(CC(O)=O)=CC=C2OCC3=CC=CC=C13,C1(C[Se][Se]CC2=CC=CC=C2)=CC=CC=C1,O=C1C2=CC(C[Se]CC3=CC=CC=C3)=CC=C2OCC4=CC=CC=C14,COc1ccc(CN2C=CCC(C(N)=O)=C2)cc1,NC(C1=CN(CC2=CC=C(OC)C=C2)C=CC1)=O,valid,CS(C)=O,CS(C)=O,valid,nonp-ba0349200f540265e0a7a6fc
liao_dhp:000251,liao_dhp,250,251,0.11,CC(C(=O)O)c1ccc(CC2CCCC2=O)cc1,c1ccc(C[Se][Se]Cc2ccccc2)cc1,CC([Se]Cc1ccccc1)c1ccc(CC2CCCC2=O)cc1,CC(C1=CC=C(CC2C(CCC2)=O)C=C1)C(O)=O,C1(C[Se][Se]CC2=CC=CC=C2)=CC=CC=C1,CC(C1=CC=C(CC2C(CCC2)=O)C=C1)[Se]CC3=CC=CC=C3,NC(=O)C1=CN(Cc2ccccc2)C=CC1,NC(C1=CN(CC2=CC=CC=C2)C=CC1)=O,valid,CS(C)=O,CS(C)=O,valid,nonp-a26bdc7b0a8a6005a07ee721
liao_dhp:000252,liao_dhp,251,252,0.0,COc1ccc2c(c1)c(CC(=O)O)c(C)n2C(=O)c1ccc(Cl)cc1,c1ccc(C[Se][Se]Cc2ccccc2)cc1,COc1ccc2c(c1)c(C[Se]Cc1ccccc1)c(C)n2C(=O)c1ccc(Cl)cc1,CC(N1C(C2=CC=C(Cl)C=C2)=O)=C(CC(O)=O)C3=C1C=CC(OC)=C3,C1(C[Se][Se]CC2=CC=CC=C2)=CC=CC=C1,CC(N1C(C2=CC=C(Cl)C=C2)=O)=C(C[Se]CC3=CC=CC=C3)C4=C1C=CC(OC)=C4,NC(=O)C1=CN(Cc2ccccc2)C=C(C(N)=O)C1,NC(C1=CN(CC2=CC=CC=C2)C=C(C(N)=O)C1)=O,valid,CS(C)=O,CS(C)=O,valid,nonp-a792651b5569991872820d86
liao_dhp:000253,liao_dhp,252,253,0.1342775,CC(C(=O)O)N1C(=O)c2ccccc2C1=O,c1ccc(C[Se][Se]Cc2ccccc2)cc1,CC([Se]Cc1ccccc1)N1C(=O)c2ccccc2C1=O,CC(N(C(C1=C2C=CC=C1)=O)C2=O)C(O)=O,C1(C[Se][Se]CC2=CC=CC=C2)=CC=CC=C1,CC(N(C(C1=C2C=CC=C1)=O)C2=O)[Se]CC3=CC=CC=C3,NC(=O)C1=CN(Cc2ccccc2)C=C(C(N)=O)C1c1ccccc1,NC(C1=CN(CC2=CC=CC=C2)C=C(C(N)=O)C1C3=CC=CC=C3)=O,valid,CN(C)C=O,[H]C(N(C)C)=O,valid,nonp-4c8f6baafd7da5c048ac8b39
liao_dhp:000254,liao_dhp,253,254,0.0594334,O=C(O)CCCc1c[nH]c2ccccc12,c1ccc(C[Se][Se]Cc2ccccc2)cc1,c1ccc(C[Se]CCCc2c[nH]c3ccccc23)cc1,O=C(CCCC1=CNC2=C1C=CC=C2)O,C1(C[Se][Se]CC2=CC=CC=C2)=CC=CC=C1,C1(CCC[Se]CC2=CC=CC=C2)=CNC3=C1C=CC=C3,NC(=O)C1=CN(Cc2ccccc2)C=CC1,NC(C1=CN(CC2=CC=CC=C2)C=CC1)=O,valid,CN(C)C=O,[H]C(N(C)C)=O,valid,nonp-05f227f5a9427df94a589251
liao_dhp:000255,liao_dhp,254,255,0.0265027,O=C(O)CCCc1c[nH]c2ccccc12,c1ccc(C[Se][Se]Cc2ccccc2)cc1,c1ccc(C[Se]CCCc2c[nH]c3ccccc23)cc1,O=C(CCCC1=CNC2=C1C=CC=C2)O,C1(C[Se][Se]CC2=CC=CC=C2)=CC=CC=C1,C1(CCC[Se]CC2=CC=CC=C2)=CNC3=C1C=CC=C3,NC(=O)C1=CN(Cc2ccccc2)C=C(C(N)=O)C1,NC(C1=CN(CC2=CC=CC=C2)C=C(C(N)=O)C1)=O,valid,CN(C)C=O,[H]C(N(C)C)=O,valid,nonp-33feae4b196cc94ea6d6537d
liao_dhp:000256,liao_dhp,255,256,0.0364648,Cc1ccc(S(=O)(=O)N2CCC(C(=O)O)CC2)cc1,c1ccc(C[Se][Se]Cc2ccccc2)cc1,Cc1ccc(S(=O)(=O)N2CCC([Se]Cc3ccccc3)CC2)cc1,CC1=CC=C(S(N2CCC(C(O)=O)CC2)(=O)=O)C=C1,C1(C[Se][Se]CC2=CC=CC=C2)=CC=CC=C1,CC1=CC=C(S(N2CCC([Se]CC3=CC=CC=C3)CC2)(=O)=O)C=C1,NC(=O)C1=CN(Cc2ccccc2)C=C(C(N)=O)C1c1ccccc1,NC(C1=CN(CC2=CC=CC=C2)C=C(C(N)=O)C1C3=CC=CC=C3)=O,valid,CN(C)C=O,[H]C(N(C)C)=O,valid,nonp-2d0b689d45fbab801f90e7df
liao_dhp:000257,liao_dhp,256,257,0.0386538,COc1ccc2c(c1)c(CC(=O)O)c(C)n2C(=O)c1ccc(Cl)cc1,c1ccc(C[Se][Se]Cc2ccccc2)cc1,COc1ccc2c(c1)c(C[Se]Cc1ccccc1)c(C)n2C(=O)c1ccc(Cl)cc1,CC(N1C(C2=CC=C(Cl)C=C2)=O)=C(CC(O)=O)C3=C1C=CC(OC)=C3,C1(C[Se][Se]CC2=CC=CC=C2)=CC=CC=C1,CC(N1C(C2=CC=C(Cl)C=C2)=O)=C(C[Se]CC3=CC=CC=C3)C4=C1C=CC(OC)=C4,NC(=O)C1=CN(Cc2ccccc2)C=C(C(N)=O)C1c1ccccc1,NC(C1=CN(CC2=CC=CC=C2)C=C(C(N)=O)C1C3=CC=CC=C3)=O,valid,CN(C)C=O,[H]C(N(C)C)=O,valid,nonp-7717075dcfdd04cdc012904f
liao_dhp:000258,liao_dhp,257,258,0.18986,CC(C(=O)O)N1C(=O)c2ccccc2C1=O,c1ccc(C[Se][Se]Cc2ccccc2)cc1,CC([Se]Cc1ccccc1)N1C(=O)c2ccccc2C1=O,CC(N(C(C1=C2C=CC=C1)=O)C2=O)C(O)=O,C1(C[Se][Se]CC2=CC=CC=C2)=CC=CC=C1,CC(N(C(C1=C2C=CC=C1)=O)C2=O)[Se]CC3=CC=CC=C3,NC(=O)C1=CN(Cc2ccccc2)C=C(C(N)=O)C1,NC(C1=CN(CC2=CC=CC=C2)C=C(C(N)=O)C1)=O,valid,CC#N,CC#N,valid,nonp-dd4df0d07f4f2bc6db123524
liao_dhp:000259,liao_dhp,258,259,0.02726095,O=C(O)CCCc1c[nH]c2ccccc12,c1ccc(C[Se][Se]Cc2ccccc2)cc1,c1ccc(C[Se]CCCc2c[nH]c3ccccc23)cc1,O=C(CCCC1=CNC2=C1C=CC=C2)O,C1(C[Se][Se]CC2=CC=CC=C2)=CC=CC=C1,C1(CCC[Se]CC2=CC=CC=C2)=CNC3=C1C=CC=C3,NC(=O)C1=CN(Cc2ccccc2)C=CC1,NC(C1=CN(CC2=CC=CC=C2)C=CC1)=O,valid,CC#N,CC#N,valid,nonp-821c661809f3b08e01ce8c55
liao_dhp:000260,liao_dhp,259,260,0.1184824,O=C(O)CCCc1c[nH]c2ccccc12,c1ccc(C[Se][Se]Cc2ccccc2)cc1,c1ccc(C[Se]CCCc2c[nH]c3ccccc23)cc1,O=C(CCCC1=CNC2=C1C=CC=C2)O,C1(C[Se][Se]CC2=CC=CC=C2)=CC=CC=C1,C1(CCC[Se]CC2=CC=CC=C2)=CNC3=C1C=CC=C3,NC(=O)C1=CN(Cc2ccccc2)C=C(C(N)=O)C1,NC(C1=CN(CC2=CC=CC=C2)C=C(C(N)=O)C1)=O,valid,CC#N,CC#N,valid,nonp-768a2a8a13dba274eae370f5
liao_dhp:000261,liao_dhp,260,261,0.16975285,O=C(O)CCCc1c[nH]c2ccccc12,c1ccc(C[Se][Se]Cc2ccccc2)cc1,c1ccc(C[Se]CCCc2c[nH]c3ccccc23)cc1,O=C(CCCC1=CNC2=C1C=CC=C2)O,C1(C[Se][Se]CC2=CC=CC=C2)=CC=CC=C1,C1(CCC[Se]CC2=CC=CC=C2)=CNC3=C1C=CC=C3,NC(=O)C1=CN(Cc2ccccc2)C=C(C(N)=O)C1c1ccccc1,NC(C1=CN(CC2=CC=CC=C2)C=C(C(N)=O)C1C3=CC=CC=C3)=O,valid,CC#N,CC#N,valid,nonp-194aa1831b1746a42de1ecb4
liao_dhp:000262,liao_dhp,261,262,0.0,Cc1ccc(S(=O)(=O)N2CCC(C(=O)O)CC2)cc1,c1ccc(C[Se][Se]Cc2ccccc2)cc1,Cc1ccc(S(=O)(=O)N2CCC([Se]Cc3ccccc3)CC2)cc1,CC1=CC=C(S(N2CCC(C(O)=O)CC2)(=O)=O)C=C1,C1(C[Se][Se]CC2=CC=CC=C2)=CC=CC=C1,CC1=CC=C(S(N2CCC([Se]CC3=CC=CC=C3)CC2)(=O)=O)C=C1,NC(=O)C1=CN(Cc2ccccc2)C=CC1,NC(C1=CN(CC2=CC=CC=C2)C=CC1)=O,valid,CC#N,CC#N,valid,nonp-f8793b2c03705decadf42fce
liao_dhp:000263,liao_dhp,262,263,0.34863685,O=C(O)Cc1ccc2c(c1)C(=O)c1ccccc1CO2,c1ccc(C[Se][Se]Cc2ccccc2)cc1,O=C1c2ccccc2COc2ccc(C[Se]Cc3ccccc3)cc21,O=C1C2=CC(CC(O)=O)=CC=C2OCC3=CC=CC=C13,C1(C[Se][Se]CC2=CC=CC=C2)=CC=CC=C1,O=C1C2=CC(C[Se]CC3=CC=CC=C3)=CC=C2OCC4=CC=CC=C14,NC(=O)C1=CN(Cc2ccccc2)C=CC1,NC(C1=CN(CC2=CC=CC=C2)C=CC1)=O,valid,CC#N,CC#N,valid,nonp-d7e7c07d7677fa501a134d61
liao_dhp:000264,liao_dhp,263,264,0.3228335,O=C(O)Cc1ccc2c(c1)C(=O)c1ccccc1CO2,c1ccc(C[Se][Se]Cc2ccccc2)cc1,O=C1c2ccccc2COc2ccc(C[Se]Cc3ccccc3)cc21,O=C1C2=CC(CC(O)=O)=CC=C2OCC3=CC=CC=C13,C1(C[Se][Se]CC2=CC=CC=C2)=CC=CC=C1,O=C1C2=CC(C[Se]CC3=CC=CC=C3)=CC=C2OCC4=CC=CC=C14,NC(=O)C1=CN(Cc2ccccc2)C=C(C(N)=O)C1c1ccccc1,NC(C1=CN(CC2=CC=CC=C2)C=C(C(N)=O)C1C3=CC=CC=C3)=O,valid,CC#N,CC#N,valid,nonp-3cfe0698607cd72785b30c99
liao_dhp:000265,liao_dhp,264,265,0.0,CC(C(=O)O)c1ccc(CC2CCCC2=O)cc1,c1ccc(C[Se][Se]Cc2ccccc2)cc1,CC([Se]Cc1ccccc1)c1ccc(CC2CCCC2=O)cc1,CC(C1=CC=C(CC2C(CCC2)=O)C=C1)C(O)=O,C1(C[Se][Se]CC2=CC=CC=C2)=CC=CC=C1,CC(C1=CC=C(CC2C(CCC2)=O)C=C1)[Se]CC3=CC=CC=C3,NC(=O)C1=CN(Cc2ccccc2)C=CC1,NC(C1=CN(CC2=CC=CC=C2)C=CC1)=O,valid,CC#N,CC#N,valid,nonp-05018458f4b2e9d481c8a4b0
liao_dhp:000266,liao_dhp,265,266,0.0473248,O=C(O)C1CCCCC1,c1ccc(C[Se][Se]Cc2ccccc2)cc1,c1ccc(C[Se]C2CCCCC2)cc1,O=C(C1CCCCC1)O,C1(C[Se][Se]CC2=CC=CC=C2)=CC=CC=C1,C1([Se]CC2=CC=CC=C2)CCCCC1,NC(=O)C1=CN(Cc2ccccc2)C=CC1,NC(C1=CN(CC2=CC=CC=C2)C=CC1)=O,valid,CS(C)=O,CS(C)=O,valid,nonp-f6088e6cc001ccc706da0043
liao_dhp:000267,liao_dhp,266,267,0.0661424,O=C(O)C1CCCCC1,c1ccc(C[Se][Se]Cc2ccccc2)cc1,c1ccc(C[Se]C2CCCCC2)cc1,O=C(C1CCCCC1)O,C1(C[Se][Se]CC2=CC=CC=C2)=CC=CC=C1,C1([Se]CC2=CC=CC=C2)CCCCC1,COc1ccc(CN2C=CCC(C(N)=O)=C2)cc1,NC(C1=CN(CC2=CC=C(OC)C=C2)C=CC1)=O,valid,CS(C)=O,CS(C)=O,valid,nonp-867c0bfba4b7625e90eb9475
liao_dhp:000268,liao_dhp,267,268,0.048279,O=C(O)C1CCN(C(=O)OCc2ccccc2)CC1,c1ccc(C[Se][Se]Cc2ccccc2)cc1,O=C(OCc1ccccc1)N1CCC([Se]Cc2ccccc2)CC1,O=C(N1CCC(C(O)=O)CC1)OCC2=CC=CC=C2,C1(C[Se][Se]CC2=CC=CC=C2)=CC=CC=C1,O=C(N1CCC([Se]CC2=CC=CC=C2)CC1)OCC3=CC=CC=C3,NC(=O)C1=CN(Cc2ccccc2)C=CC1,NC(C1=CN(CC2=CC=CC=C2)C=CC1)=O,valid,CS(C)=O,CS(C)=O,valid,nonp-68f9a5a1a9c2d7c95e8ea2d6
liao_dhp:000269,liao_dhp,268,269,0.0786252,O=C(O)C1CCN(C(=O)OCc2ccccc2)CC1,c1ccc(C[Se][Se]Cc2ccccc2)cc1,O=C(OCc1ccccc1)N1CCC([Se]Cc2ccccc2)CC1,O=C(N1CCC(C(O)=O)CC1)OCC2=CC=CC=C2,C1(C[Se][Se]CC2=CC=CC=C2)=CC=CC=C1,O=C(N1CCC([Se]CC2=CC=CC=C2)CC1)OCC3=CC=CC=C3,COc1ccc(CN2C=CCC(C(N)=O)=C2)cc1,NC(C1=CN(CC2=CC=C(OC)C=C2)C=CC1)=O,valid,CS(C)=O,CS(C)=O,valid,nonp-6dc236c159900b25ac0942dd
liao_dhp:000270,liao_dhp,269,270,0.0158485,CC(C)(C)OC(=O)N[C@H](CC(=O)O)C(=O)OCc1ccccc1,c1ccc(C[Se][Se]Cc2ccccc2)cc1,CC(C)(C)OC(=O)N[C@H](C[Se]Cc1ccccc1)C(=O)OCc1ccccc1,O=C(OCC1=CC=CC=C1)[C@H](NC(OC(C)(C)C)=O)CC(O)=O,C1(C[Se][Se]CC2=CC=CC=C2)=CC=CC=C1,O=C(OCC1=CC=CC=C1)[C@H](NC(OC(C)(C)C)=O)C[Se]CC2=CC=CC=C2,NC(=O)C1=CN(Cc2ccccc2)C=C(C(N)=O)C1,NC(C1=CN(CC2=CC=CC=C2)C=C(C(N)=O)C1)=O,valid,CS(C)=O,CS(C)=O,valid,nonp-bda646285f80e49e99a9ccd1
liao_dhp:000271,liao_dhp,270,271,0.018108,O=C(O)C1CCCCC1,c1ccc(C[Se][Se]Cc2ccccc2)cc1,c1ccc(C[Se]C2CCCCC2)cc1,O=C(C1CCCCC1)O,C1(C[Se][Se]CC2=CC=CC=C2)=CC=CC=C1,C1([Se]CC2=CC=CC=C2)CCCCC1,NC(=O)C1=CN(Cc2ccccc2)C=CC1,NC(C1=CN(CC2=CC=CC=C2)C=CC1)=O,valid,CN(C)C=O,[H]C(N(C)C)=O,valid,nonp-c5f7a2645163a6858cd565ff
liao_dhp:000272,liao_dhp,271,272,0.008204,O=C(O)C1CCCCC1,c1ccc(C[Se][Se]Cc2ccccc2)cc1,c1ccc(C[Se]C2CCCCC2)cc1,O=C(C1CCCCC1)O,C1(C[Se][Se]CC2=CC=CC=C2)=CC=CC=C1,C1([Se]CC2=CC=CC=C2)CCCCC1,NC(=O)C1=CN(Cc2ccc(C(F)(F)F)cc2)C=CC1,NC(C1=CN(CC2=CC=C(C(F)(F)F)C=C2)C=CC1)=O,valid,CN(C)C=O,[H]C(N(C)C)=O,valid,nonp-769c55e96e2f1924bda2802f
liao_dhp:000273,liao_dhp,272,273,0.0,O=C(O)C1CCCCC1,c1ccc(C[Se][Se]Cc2ccccc2)cc1,c1ccc(C[Se]C2CCCCC2)cc1,O=C(C1CCCCC1)O,C1(C[Se][Se]CC2=CC=CC=C2)=CC=CC=C1,C1([Se]CC2=CC=CC=C2)CCCCC1,NC(=O)C1=CN(Cc2ccccc2)C=C(C(N)=O)C1,NC(C1=CN(CC2=CC=CC=C2)C=C(C(N)=O)C1)=O,valid,CN(C)C=O,[H]C(N(C)C)=O,valid,nonp-c0aa40f86f1afbd41eebf502
liao_dhp:000274,liao_dhp,273,274,0.02748624,CC(C)(C)OC(=O)N[C@H](CC(=O)O)C(=O)OCc1ccccc1,c1ccc(C[Se][Se]Cc2ccccc2)cc1,CC(C)(C)OC(=O)N[C@H](C[Se]Cc1ccccc1)C(=O)OCc1ccccc1,O=C(OCC1=CC=CC=C1)[C@H](NC(OC(C)(C)C)=O)CC(O)=O,C1(C[Se][Se]CC2=CC=CC=C2)=CC=CC=C1,O=C(OCC1=CC=CC=C1)[C@H](NC(OC(C)(C)C)=O)C[Se]CC2=CC=CC=C2,NC(=O)C1=CN(Cc2ccc(C(F)(F)F)cc2)C=CC1,NC(C1=CN(CC2=CC=C(C(F)(F)F)C=C2)C=CC1)=O,valid,CN(C)C=O,[H]C(N(C)C)=O,valid,nonp-20ed85690c0196325b36a294
liao_dhp:000275,liao_dhp,274,275,0.00546445,CC(C)(C)OC(=O)N[C@H](CC(=O)O)C(=O)OCc1ccccc1,c1ccc(C[Se][Se]Cc2ccccc2)cc1,CC(C)(C)OC(=O)N[C@H](C[Se]Cc1ccccc1)C(=O)OCc1ccccc1,O=C(OCC1=CC=CC=C1)[C@H](NC(OC(C)(C)C)=O)CC(O)=O,C1(C[Se][Se]CC2=CC=CC=C2)=CC=CC=C1,O=C(OCC1=CC=CC=C1)[C@H](NC(OC(C)(C)C)=O)C[Se]CC2=CC=CC=C2,NC(=O)C1=CN(Cc2ccccc2)C=C(C(N)=O)C1,NC(C1=CN(CC2=CC=CC=C2)C=C(C(N)=O)C1)=O,valid,CN(C)C=O,[H]C(N(C)C)=O,valid,nonp-a2d1c6f07e801442aa40d7cb
liao_dhp:000276,liao_dhp,275,276,0.0,O=C(O)C1CCC1,c1ccc(C[Se][Se]Cc2ccccc2)cc1,c1ccc(C[Se]C2CCC2)cc1,O=C(C1CCC1)O,C1(C[Se][Se]CC2=CC=CC=C2)=CC=CC=C1,C1([Se]CC2=CC=CC=C2)CCC1,NC(=O)C1=CN(Cc2ccc(C(F)(F)F)cc2)C=CC1,NC(C1=CN(CC2=CC=C(C(F)(F)F)C=C2)C=CC1)=O,valid,CN(C)C=O,[H]C(N(C)C)=O,valid,nonp-995ef2165f76b7ba28b740c6
liao_dhp:000277,liao_dhp,276,277,0.0,O=C(O)C1CCC1,c1ccc(C[Se][Se]Cc2ccccc2)cc1,c1ccc(C[Se]C2CCC2)cc1,O=C(C1CCC1)O,C1(C[Se][Se]CC2=CC=CC=C2)=CC=CC=C1,C1([Se]CC2=CC=CC=C2)CCC1,NC(=O)C1=CN(Cc2ccccc2)C=C(C(N)=O)C1,NC(C1=CN(CC2=CC=CC=C2)C=C(C(N)=O)C1)=O,valid,CN(C)C=O,[H]C(N(C)C)=O,valid,nonp-f56979a87d2ad065580b8e65
liao_dhp:000278,liao_dhp,277,278,0.05572,COc1ccc2cc(C(C)C(=O)O)ccc2c1,c1ccc(C[Se][Se]Cc2ccccc2)cc1,COc1ccc2cc(C(C)[Se]Cc3ccccc3)ccc2c1,CC(C1=CC=C2C=C(OC)C=CC2=C1)C(O)=O,C1(C[Se][Se]CC2=CC=CC=C2)=CC=CC=C1,CC(C1=CC=C2C=C(OC)C=CC2=C1)[Se]CC3=CC=CC=C3,NC(=O)C1=CN(Cc2ccccc2)C=CC1,NC(C1=CN(CC2=CC=CC=C2)C=CC1)=O,valid,CN(C)C=O,[H]C(N(C)C)=O,valid,nonp-23cf670108330393a93a59ec
liao_dhp:000279,liao_dhp,278,279,0.0800975,COc1ccc2cc(C(C)C(=O)O)ccc2c1,c1ccc(C[Se][Se]Cc2ccccc2)cc1,COc1ccc2cc(C(C)[Se]Cc3ccccc3)ccc2c1,CC(C1=CC=C2C=C(OC)C=CC2=C1)C(O)=O,C1(C[Se][Se]CC2=CC=CC=C2)=CC=CC=C1,CC(C1=CC=C2C=C(OC)C=CC2=C1)[Se]CC3=CC=CC=C3,COc1ccc(CN2C=CCC(C(N)=O)=C2)cc1,NC(C1=CN(CC2=CC=C(OC)C=C2)C=CC1)=O,valid,CN(C)C=O,[H]C(N(C)C)=O,valid,nonp-69484fc8968ac2778adee0be
liao_dhp:000280,liao_dhp,279,280,0.0,COc1ccc2cc(C(C)C(=O)O)ccc2c1,c1ccc(C[Se][Se]Cc2ccccc2)cc1,COc1ccc2cc(C(C)[Se]Cc3ccccc3)ccc2c1,CC(C1=CC=C2C=C(OC)C=CC2=C1)C(O)=O,C1(C[Se][Se]CC2=CC=CC=C2)=CC=CC=C1,CC(C1=CC=C2C=C(OC)C=CC2=C1)[Se]CC3=CC=CC=C3,NC(=O)C1=CN(Cc2ccccc2)C=C(C(N)=O)C1c1ccccc1,NC(C1=CN(CC2=CC=CC=C2)C=C(C(N)=O)C1C3=CC=CC=C3)=O,valid,CN(C)C=O,[H]C(N(C)C)=O,valid,nonp-407a86ef5da6036cc0d6635f
liao_dhp:000281,liao_dhp,280,281,0.0,O=C(O)C1CCCCC1,c1ccc(C[Se][Se]Cc2ccccc2)cc1,c1ccc(C[Se]C2CCCCC2)cc1,O=C(C1CCCCC1)O,C1(C[Se][Se]CC2=CC=CC=C2)=CC=CC=C1,C1([Se]CC2=CC=CC=C2)CCCCC1,COc1ccc(CN2C=CCC(C(N)=O)=C2)cc1,NC(C1=CN(CC2=CC=C(OC)C=C2)C=CC1)=O,valid,CC#N,CC#N,valid,nonp-8dd60a72caedbdf573e87255
liao_dhp:000282,liao_dhp,281,282,0.0,O=C(O)C1CCCCC1,c1ccc(C[Se][Se]Cc2ccccc2)cc1,c1ccc(C[Se]C2CCCCC2)cc1,O=C(C1CCCCC1)O,C1(C[Se][Se]CC2=CC=CC=C2)=CC=CC=C1,C1([Se]CC2=CC=CC=C2)CCCCC1,NC(=O)C1=CN(Cc2ccc(C(F)(F)F)cc2)C=CC1,NC(C1=CN(CC2=CC=C(C(F)(F)F)C=C2)C=CC1)=O,valid,CC#N,CC#N,valid,nonp-e2e7d90fa71d6961f289f6f0
liao_dhp:000283,liao_dhp,282,283,0.0,O=C(O)C1CCCCC1,c1ccc(C[Se][Se]Cc2ccccc2)cc1,c1ccc(C[Se]C2CCCCC2)cc1,O=C(C1CCCCC1)O,C1(C[Se][Se]CC2=CC=CC=C2)=CC=CC=C1,C1([Se]CC2=CC=CC=C2)CCCCC1,NC(=O)C1=CN(Cc2ccccc2)C=C(C(N)=O)C1,NC(C1=CN(CC2=CC=CC=C2)C=C(C(N)=O)C1)=O,valid,CC#N,CC#N,valid,nonp-15f61d66b82d1e7e9f34b103
liao_dhp:000284,liao_dhp,283,284,0.0124185,O=C(O)C1CCC1,c1ccc(C[Se][Se]Cc2ccccc2)cc1,c1ccc(C[Se]C2CCC2)cc1,O=C(C1CCC1)O,C1(C[Se][Se]CC2=CC=CC=C2)=CC=CC=C1,C1([Se]CC2=CC=CC=C2)CCC1,NC(=O)C1=CN(Cc2ccccc2)C=C(C(N)=O)C1c1ccccc1,NC(C1=CN(CC2=CC=CC=C2)C=C(C(N)=O)C1C3=CC=CC=C3)=O,valid,CC#N,CC#N,valid,nonp-0cc0f6d11205c44133e21111
liao_dhp:000285,liao_dhp,284,285,0.0,COc1ccc2cc(C(C)C(=O)O)ccc2c1,c1ccc(C[Se][Se]Cc2ccccc2)cc1,COc1ccc2cc(C(C)[Se]Cc3ccccc3)ccc2c1,CC(C1=CC=C2C=C(OC)C=CC2=C1)C(O)=O,C1(C[Se][Se]CC2=CC=CC=C2)=CC=CC=C1,CC(C1=CC=C2C=C(OC)C=CC2=C1)[Se]CC3=CC=CC=C3,NC(=O)C1=CN(Cc2ccccc2)C=C(C(N)=O)C1c1ccccc1,NC(C1=CN(CC2=CC=CC=C2)C=C(C(N)=O)C1C3=CC=CC=C3)=O,valid,CC#N,CC#N,valid,nonp-47a8127057877c1d76e5d4db
liao_dhp:000286,liao_dhp,285,286,0.0,CC(C(=O)O)N1C(=O)c2ccccc2C1=O,CC[Se][Se]CC,CC[Se]C(C)N1C(=O)c2ccccc2C1=O,CC(N(C(C1=C2C=CC=C1)=O)C2=O)C(O)=O,CC[Se][Se]CC,CC(N(C(C1=C2C=CC=C1)=O)C2=O)[Se]CC,NC(=O)C1=CN(Cc2ccccc2)C=C(C(N)=O)C1,NC(C1=CN(CC2=CC=CC=C2)C=C(C(N)=O)C1)=O,valid,CS(C)=O,CS(C)=O,valid,nonp-5d0af2a0ec331d3c5e5a22ce
liao_dhp:000287,liao_dhp,286,287,0.0,CC(C(=O)O)N1C(=O)c2ccccc2C1=O,CC[Se][Se]CC,CC[Se]C(C)N1C(=O)c2ccccc2C1=O,CC(N(C(C1=C2C=CC=C1)=O)C2=O)C(O)=O,CC[Se][Se]CC,CC(N(C(C1=C2C=CC=C1)=O)C2=O)[Se]CC,NC(=O)C1=CN(Cc2ccccc2)C=C(C(N)=O)C1c1ccccc1,NC(C1=CN(CC2=CC=CC=C2)C=C(C(N)=O)C1C3=CC=CC=C3)=O,valid,CS(C)=O,CS(C)=O,valid,nonp-5687c264eaead0d1ecf2c76d
liao_dhp:000288,liao_dhp,287,288,0.183805,CC(C(=O)O)c1ccc(CC2CCCC2=O)cc1,CC[Se][Se]CC,CC[Se]C(C)c1ccc(CC2CCCC2=O)cc1,CC(C1=CC=C(CC2C(CCC2)=O)C=C1)C(O)=O,CC[Se][Se]CC,CC(C1=CC=C(CC2C(CCC2)=O)C=C1)[Se]CC,NC(=O)C1=CN(Cc2ccccc2)C=C(C(N)=O)C1,NC(C1=CN(CC2=CC=CC=C2)C=C(C(N)=O)C1)=O,valid,CS(C)=O,CS(C)=O,valid,nonp-a23eae1f8f4d2572fa7a7040
liao_dhp:000289,liao_dhp,288,289,0.18280035,COc1ccc2c(c1)c(CC(=O)O)c(C)n2C(=O)c1ccc(Cl)cc1,CC[Se][Se]CC,CC[Se]Cc1c(C)n(C(=O)c2ccc(Cl)cc2)c2ccc(OC)cc12,CC(N1C(C2=CC=C(Cl)C=C2)=O)=C(CC(O)=O)C3=C1C=CC(OC)=C3,CC[Se][Se]CC,CC(N1C(C2=CC=C(Cl)C=C2)=O)=C(C[Se]CC)C3=C1C=CC(OC)=C3,NC(=O)C1=CN(Cc2ccccc2)C=CC1,NC(C1=CN(CC2=CC=CC=C2)C=CC1)=O,valid,CS(C)=O,CS(C)=O,valid,nonp-76192505b5e0d5b59b5f4d1f
liao_dhp:000290,liao_dhp,289,290,0.0,CC(C(=O)O)N1C(=O)c2ccccc2C1=O,CC[Se][Se]CC,CC[Se]C(C)N1C(=O)c2ccccc2C1=O,CC(N(C(C1=C2C=CC=C1)=O)C2=O)C(O)=O,CC[Se][Se]CC,CC(N(C(C1=C2C=CC=C1)=O)C2=O)[Se]CC,NC(=O)C1=CN(Cc2ccc(C(F)(F)F)cc2)C=CC1,NC(C1=CN(CC2=CC=C(C(F)(F)F)C=C2)C=CC1)=O,valid,CN(C)C=O,[H]C(N(C)C)=O,valid,nonp-3c8aa83ded0640439ad95845
liao_dhp:000291,liao_dhp,290,291,0.10050445,O=C(O)CCCc1c[nH]c2ccccc12,CC[Se][Se]CC,CC[Se]CCCc1c[nH]c2ccccc12,O=C(CCCC1=CNC2=C1C=CC=C2)O,CC[Se][Se]CC,CC[Se]CCCC1=CNC2=C1C=CC=C2,NC(=O)C1=CN(Cc2ccccc2)C=CC1,NC(C1=CN(CC2=CC=CC=C2)C=CC1)=O,valid,CN(C)C=O,[H]C(N(C)C)=O,valid,nonp-b1ae5adebdcfdd9d905cf5fa
liao_dhp:000292,liao_dhp,291,292,0.15110905,O=C(O)CCCc1c[nH]c2ccccc12,CC[Se][Se]CC,CC[Se]CCCc1c[nH]c2ccccc12,O=C(CCCC1=CNC2=C1C=CC=C2)O,CC[Se][Se]CC,CC[Se]CCCC1=CNC2=C1C=CC=C2,NC(=O)C1=CN(Cc2ccc(C(F)(F)F)cc2)C=CC1,NC(C1=CN(CC2=CC=C(C(F)(F)F)C=C2)C=CC1)=O,valid,CN(C)C=O,[H]C(N(C)C)=O,valid,nonp-8848af74e8d56e012cc4417a
liao_dhp:000293,liao_dhp,292,293,0.10849465,O=C(O)CCCc1c[nH]c2ccccc12,CC[Se][Se]CC,CC[Se]CCCc1c[nH]c2ccccc12,O=C(CCCC1=CNC2=C1C=CC=C2)O,CC[Se][Se]CC,CC[Se]CCCC1=CNC2=C1C=CC=C2,NC(=O)C1=CN(Cc2ccccc2)C=C(C(N)=O)C1c1ccccc1,NC(C1=CN(CC2=CC=CC=C2)C=C(C(N)=O)C1C3=CC=CC=C3)=O,valid,CN(C)C=O,[H]C(N(C)C)=O,valid,nonp-df7808178c8393141c52d6df
liao_dhp:000294,liao_dhp,293,294,0.0,Cc1ccc(S(=O)(=O)N2CCC(C(=O)O)CC2)cc1,CC[Se][Se]CC,CC[Se]C1CCN(S(=O)(=O)c2ccc(C)cc2)CC1,CC1=CC=C(S(N2CCC(C(O)=O)CC2)(=O)=O)C=C1,CC[Se][Se]CC,CC1=CC=C(S(N2CCC([Se]CC)CC2)(=O)=O)C=C1,NC(=O)C1=CN(Cc2ccc(C(F)(F)F)cc2)C=CC1,NC(C1=CN(CC2=CC=C(C(F)(F)F)C=C2)C=CC1)=O,valid,CN(C)C=O,[H]C(N(C)C)=O,valid,nonp-9fa0915d6fc27af1e1b89ed9
liao_dhp:000295,liao_dhp,294,295,0.0,O=C(O)Cc1ccc2c(c1)C(=O)c1ccccc1CO2,CC[Se][Se]CC,CC[Se]Cc1ccc2c(c1)C(=O)c1ccccc1CO2,O=C1C2=CC(CC(O)=O)=CC=C2OCC3=CC=CC=C13,CC[Se][Se]CC,O=C1C2=CC(C[Se]CC)=CC=C2OCC3=CC=CC=C13,NC(=O)C1=CN(Cc2ccc(C(F)(F)F)cc2)C=CC1,NC(C1=CN(CC2=CC=C(C(F)(F)F)C=C2)C=CC1)=O,valid,CN(C)C=O,[H]C(N(C)C)=O,valid,nonp-9524a611e22d0e0013859426
liao_dhp:000296,liao_dhp,295,296,0.0,O=C(O)Cc1ccc2c(c1)C(=O)c1ccccc1CO2,CC[Se][Se]CC,CC[Se]Cc1ccc2c(c1)C(=O)c1ccccc1CO2,O=C1C2=CC(CC(O)=O)=CC=C2OCC3=CC=CC=C13,CC[Se][Se]CC,O=C1C2=CC(C[Se]CC)=CC=C2OCC3=CC=CC=C13,NC(=O)C1=CN(Cc2ccccc2)C=C(C(N)=O)C1c1ccccc1,NC(C1=CN(CC2=CC=CC=C2)C=C(C(N)=O)C1C3=CC=CC=C3)=O,valid,CN(C)C=O,[H]C(N(C)C)=O,valid,nonp-d2a5335d8d33c1006ed58ad2
liao_dhp:000297,liao_dhp,296,297,0.02359575,COc1ccc2c(c1)c(CC(=O)O)c(C)n2C(=O)c1ccc(Cl)cc1,CC[Se][Se]CC,CC[Se]Cc1c(C)n(C(=O)c2ccc(Cl)cc2)c2ccc(OC)cc12,CC(N1C(C2=CC=C(Cl)C=C2)=O)=C(CC(O)=O)C3=C1C=CC(OC)=C3,CC[Se][Se]CC,CC(N1C(C2=CC=C(Cl)C=C2)=O)=C(C[Se]CC)C3=C1C=CC(OC)=C3,NC(=O)C1=CN(Cc2ccccc2)C=CC1,NC(C1=CN(CC2=CC=CC=C2)C=CC1)=O,valid,CN(C)C=O,[H]C(N(C)C)=O,valid,nonp-f532e7867fabaf2afe61f1be
liao_dhp:000298,liao_dhp,297,298,0.0,CC(C(=O)O)N1C(=O)c2ccccc2C1=O,CC[Se][Se]CC,CC[Se]C(C)N1C(=O)c2ccccc2C1=O,CC(N(C(C1=C2C=CC=C1)=O)C2=O)C(O)=O,CC[Se][Se]CC,CC(N(C(C1=C2C=CC=C1)=O)C2=O)[Se]CC,NC(=O)C1=CN(Cc2ccccc2)C=C(C(N)=O)C1,NC(C1=CN(CC2=CC=CC=C2)C=C(C(N)=O)C1)=O,valid,CC#N,CC#N,valid,nonp-5f05defd824c3f920e223f5f
liao_dhp:000299,liao_dhp,298,299,0.02726095,O=C(O)CCCc1c[nH]c2ccccc12,CC[Se][Se]CC,CC[Se]CCCc1c[nH]c2ccccc12,O=C(CCCC1=CNC2=C1C=CC=C2)O,CC[Se][Se]CC,CC[Se]CCCC1=CNC2=C1C=CC=C2,NC(=O)C1=CN(Cc2ccccc2)C=CC1,NC(C1=CN(CC2=CC=CC=C2)C=CC1)=O,valid,CC#N,CC#N,valid,nonp-c2ee344e8b4812abb2f07522
liao_dhp:000300,liao_dhp,299,300,0.0265951,O=C(O)CCCc1c[nH]c2ccccc12,CC[Se][Se]CC,CC[Se]CCCc1c[nH]c2ccccc12,O=C(CCCC1=CNC2=C1C=CC=C2)O,CC[Se][Se]CC,CC[Se]CCCC1=CNC2=C1C=CC=C2,NC(=O)C1=CN(Cc2ccc(C(F)(F)F)cc2)C=CC1,NC(C1=CN(CC2=CC=C(C(F)(F)F)C=C2)C=CC1)=O,valid,CC#N,CC#N,valid,nonp-bcf8db8219859dabdaf3c2a2
liao_dhp:000301,liao_dhp,300,301,0.0,Cc1ccc(S(=O)(=O)N2CCC(C(=O)O)CC2)cc1,CC[Se][Se]CC,CC[Se]C1CCN(S(=O)(=O)c2ccc(C)cc2)CC1,CC1=CC=C(S(N2CCC(C(O)=O)CC2)(=O)=O)C=C1,CC[Se][Se]CC,CC1=CC=C(S(N2CCC([Se]CC)CC2)(=O)=O)C=C1,NC(=O)C1=CN(Cc2ccccc2)C=CC1,NC(C1=CN(CC2=CC=CC=C2)C=CC1)=O,valid,CC#N,CC#N,valid,nonp-6ff6ce3ecf53a1ec827bb964
liao_dhp:000302,liao_dhp,301,302,0.0,Cc1ccc(S(=O)(=O)N2CCC(C(=O)O)CC2)cc1,CC[Se][Se]CC,CC[Se]C1CCN(S(=O)(=O)c2ccc(C)cc2)CC1,CC1=CC=C(S(N2CCC(C(O)=O)CC2)(=O)=O)C=C1,CC[Se][Se]CC,CC1=CC=C(S(N2CCC([Se]CC)CC2)(=O)=O)C=C1,NC(=O)C1=CN(Cc2ccc(C(F)(F)F)cc2)C=CC1,NC(C1=CN(CC2=CC=C(C(F)(F)F)C=C2)C=CC1)=O,valid,CC#N,CC#N,valid,nonp-7d79383ba4aaec85d8634ed5
liao_dhp:000303,liao_dhp,302,303,0.0,COc1ccc2c(c1)c(CC(=O)O)c(C)n2C(=O)c1ccc(Cl)cc1,CC[Se][Se]CC,CC[Se]Cc1c(C)n(C(=O)c2ccc(Cl)cc2)c2ccc(OC)cc12,CC(N1C(C2=CC=C(Cl)C=C2)=O)=C(CC(O)=O)C3=C1C=CC(OC)=C3,CC[Se][Se]CC,CC(N1C(C2=CC=C(Cl)C=C2)=O)=C(C[Se]CC)C3=C1C=CC(OC)=C3,COc1ccc(CN2C=CCC(C(N)=O)=C2)cc1,NC(C1=CN(CC2=CC=C(OC)C=C2)C=CC1)=O,valid,CC#N,CC#N,valid,nonp-661d08c6fa848f64a3146ff2
liao_dhp:000304,liao_dhp,303,304,0.0,COc1ccc2c(c1)c(CC(=O)O)c(C)n2C(=O)c1ccc(Cl)cc1,CC[Se][Se]CC,CC[Se]Cc1c(C)n(C(=O)c2ccc(Cl)cc2)c2ccc(OC)cc12,CC(N1C(C2=CC=C(Cl)C=C2)=O)=C(CC(O)=O)C3=C1C=CC(OC)=C3,CC[Se][Se]CC,CC(N1C(C2=CC=C(Cl)C=C2)=O)=C(C[Se]CC)C3=C1C=CC(OC)=C3,NC(=O)C1=CN(Cc2ccccc2)C=C(C(N)=O)C1,NC(C1=CN(CC2=CC=CC=C2)C=C(C(N)=O)C1)=O,valid,CC#N,CC#N,valid,nonp-862d3cc13c5787f83bea76af
liao_dhp:000305,liao_dhp,304,305,0.00769,O=C(O)Cc1ccc(Br)cc1,CC[Se][Se]CC,CC[Se]Cc1ccc(Br)cc1,BrC1=CC=C(CC(O)=O)C=C1,CC[Se][Se]CC,BrC1=CC=C(C[Se]CC)C=C1,NC(=O)C1=CN(Cc2ccc(C(F)(F)F)cc2)C=CC1,NC(C1=CN(CC2=CC=C(C(F)(F)F)C=C2)C=CC1)=O,valid,CS(C)=O,CS(C)=O,valid,nonp-0a9912e9097b42f1e3dbbb4c
liao_dhp:000306,liao_dhp,305,306,0.1834592,COc1ccc(CC(=O)O)cc1,CC[Se][Se]CC,CC[Se]Cc1ccc(OC)cc1,COC1=CC=C(CC(O)=O)C=C1,CC[Se][Se]CC,COC1=CC=C(C[Se]CC)C=C1,NC(=O)C1=CN(Cc2ccccc2)C=C(C(N)=O)C1,NC(C1=CN(CC2=CC=CC=C2)C=C(C(N)=O)C1)=O,valid,CS(C)=O,CS(C)=O,valid,nonp-e5330c60ba1ffb1a700e0fb9
liao_dhp:000307,liao_dhp,306,307,0.4922724,Cc1ccccc1CC(=O)O,CC[Se][Se]CC,CC[Se]Cc1ccccc1C,CC1=C(CC(O)=O)C=CC=C1,CC[Se][Se]CC,CC1=C(C[Se]CC)C=CC=C1,NC(=O)C1=CN(Cc2ccccc2)C=CC1,NC(C1=CN(CC2=CC=CC=C2)C=CC1)=O,valid,CS(C)=O,CS(C)=O,valid,nonp-cb144138906daa7bd6712e58
liao_dhp:000308,liao_dhp,307,308,0.0,Cc1ccccc1CC(=O)O,CC[Se][Se]CC,CC[Se]Cc1ccccc1C,CC1=C(CC(O)=O)C=CC=C1,CC[Se][Se]CC,CC1=C(C[Se]CC)C=CC=C1,NC(=O)C1=CN(Cc2ccccc2)C=C(C(N)=O)C1c1ccccc1,NC(C1=CN(CC2=CC=CC=C2)C=C(C(N)=O)C1C3=CC=CC=C3)=O,valid,CS(C)=O,CS(C)=O,valid,nonp-c909dfdd339313896807156e
liao_dhp:000309,liao_dhp,308,309,0.5685888,O=C(O)Cc1c[nH]c2ccccc12,CC[Se][Se]CC,CC[Se]Cc1c[nH]c2ccccc12,O=C(CC1=CNC2=C1C=CC=C2)O,CC[Se][Se]CC,CC[Se]CC1=CNC2=C1C=CC=C2,COc1ccc(CN2C=CCC(C(N)=O)=C2)cc1,NC(C1=CN(CC2=CC=C(OC)C=C2)C=CC1)=O,valid,CS(C)=O,CS(C)=O,valid,nonp-7fdb138b238ed11a6ce7ca42
liao_dhp:000310,liao_dhp,309,310,0.101176,Cc1ccc(CC(=O)O)cc1,CC[Se][Se]CC,CC[Se]Cc1ccc(C)cc1,CC1=CC=C(CC(O)=O)C=C1,CC[Se][Se]CC,CC1=CC=C(C[Se]CC)C=C1,COc1ccc(CN2C=CCC(C(N)=O)=C2)cc1,NC(C1=CN(CC2=CC=C(OC)C=C2)C=CC1)=O,valid,CN(C)C=O,[H]C(N(C)C)=O,valid,nonp-65b59ef33b628db8183b2780
liao_dhp:000311,liao_dhp,310,311,0.0,O=C(O)Cc1ccc(Br)cc1,CC[Se][Se]CC,CC[Se]Cc1ccc(Br)cc1,BrC1=CC=C(CC(O)=O)C=C1,CC[Se][Se]CC,BrC1=CC=C(C[Se]CC)C=C1,NC(=O)C1=CN(Cc2ccccc2)C=C(C(N)=O)C1,NC(C1=CN(CC2=CC=CC=C2)C=C(C(N)=O)C1)=O,valid,CN(C)C=O,[H]C(N(C)C)=O,valid,nonp-672e790fc135f705437cf571
liao_dhp:000312,liao_dhp,311,312,0.00813,Cc1ccccc1CC(=O)O,CC[Se][Se]CC,CC[Se]Cc1ccccc1C,CC1=C(CC(O)=O)C=CC=C1,CC[Se][Se]CC,CC1=C(C[Se]CC)C=CC=C1,NC(=O)C1=CN(Cc2ccc(C(F)(F)F)cc2)C=CC1,NC(C1=CN(CC2=CC=C(C(F)(F)F)C=C2)C=CC1)=O,valid,CN(C)C=O,[H]C(N(C)C)=O,valid,nonp-c3fc1fef75403cbf9d2bd8d6
liao_dhp:000313,liao_dhp,312,313,0.03255,O=C(O)Cc1c[nH]c2ccccc12,CC[Se][Se]CC,CC[Se]Cc1c[nH]c2ccccc12,O=C(CC1=CNC2=C1C=CC=C2)O,CC[Se][Se]CC,CC[Se]CC1=CNC2=C1C=CC=C2,COc1ccc(CN2C=CCC(C(N)=O)=C2)cc1,NC(C1=CN(CC2=CC=C(OC)C=C2)C=CC1)=O,valid,CN(C)C=O,[H]C(N(C)C)=O,valid,nonp-5eb92b7d997c9b4cb6849482
liao_dhp:000314,liao_dhp,313,314,0.0,Cc1ccc(CC(=O)O)cc1,CC[Se][Se]CC,CC[Se]Cc1ccc(C)cc1,CC1=CC=C(CC(O)=O)C=C1,CC[Se][Se]CC,CC1=CC=C(C[Se]CC)C=C1,NC(=O)C1=CN(Cc2ccc(C(F)(F)F)cc2)C=CC1,NC(C1=CN(CC2=CC=C(C(F)(F)F)C=C2)C=CC1)=O,valid,CC#N,CC#N,valid,nonp-68c8ceb43ca11d851dba9dd6
liao_dhp:000315,liao_dhp,314,315,0.0,O=C(O)Cc1ccc(Br)cc1,CC[Se][Se]CC,CC[Se]Cc1ccc(Br)cc1,BrC1=CC=C(CC(O)=O)C=C1,CC[Se][Se]CC,BrC1=CC=C(C[Se]CC)C=C1,NC(=O)C1=CN(Cc2ccccc2)C=C(C(N)=O)C1c1ccccc1,NC(C1=CN(CC2=CC=CC=C2)C=C(C(N)=O)C1C3=CC=CC=C3)=O,valid,CC#N,CC#N,valid,nonp-f99aa2cd260d322b94cf8125
liao_dhp:000316,liao_dhp,315,316,0.0987224,COc1ccc(CC(=O)O)cc1,CC[Se][Se]CC,CC[Se]Cc1ccc(OC)cc1,COC1=CC=C(CC(O)=O)C=C1,CC[Se][Se]CC,COC1=CC=C(C[Se]CC)C=C1,NC(=O)C1=CN(Cc2ccccc2)C=CC1,NC(C1=CN(CC2=CC=CC=C2)C=CC1)=O,valid,CC#N,CC#N,valid,nonp-e279df40c56f8e88907e497a
liao_dhp:000317,liao_dhp,316,317,0.0652688,COc1ccc(CC(=O)O)cc1,CC[Se][Se]CC,CC[Se]Cc1ccc(OC)cc1,COC1=CC=C(CC(O)=O)C=C1,CC[Se][Se]CC,COC1=CC=C(C[Se]CC)C=C1,NC(=O)C1=CN(Cc2ccc(C(F)(F)F)cc2)C=CC1,NC(C1=CN(CC2=CC=C(C(F)(F)F)C=C2)C=CC1)=O,valid,CC#N,CC#N,valid,nonp-fe6231686052ac7ccedeae71
liao_dhp:000318,liao_dhp,317,318,0.0475952,COc1ccc(CC(=O)O)cc1,CC[Se][Se]CC,CC[Se]Cc1ccc(OC)cc1,COC1=CC=C(CC(O)=O)C=C1,CC[Se][Se]CC,COC1=CC=C(C[Se]CC)C=C1,NC(=O)C1=CN(Cc2ccccc2)C=C(C(N)=O)C1c1ccccc1,NC(C1=CN(CC2=CC=CC=C2)C=C(C(N)=O)C1C3=CC=CC=C3)=O,valid,CC#N,CC#N,valid,nonp-4d1072fa639a9b20e357e8c7
liao_dhp:000319,liao_dhp,318,319,0.1225003,O=C(O)Cc1c[nH]c2ccccc12,CC[Se][Se]CC,CC[Se]Cc1c[nH]c2ccccc12,O=C(CC1=CNC2=C1C=CC=C2)O,CC[Se][Se]CC,CC[Se]CC1=CNC2=C1C=CC=C2,COc1ccc(CN2C=CCC(C(N)=O)=C2)cc1,NC(C1=CN(CC2=CC=C(OC)C=C2)C=CC1)=O,valid,CC#N,CC#N,valid,nonp-dd6adfb96f894598c42dfb00
liao_dhp:000320,liao_dhp,319,320,0.638294767,CC(C(=O)O)c1ccc(CC2CCCC2=O)cc1,c1ccc([Se][Se]c2ccccc2)cc1,CC([Se]c1ccccc1)c1ccc(CC2CCCC2=O)cc1,CC(C1=CC=C(CC2C(CCC2)=O)C=C1)C(O)=O,C1([Se][Se]C2=CC=CC=C2)=CC=CC=C1,CC(C1=CC=C(CC2C(CCC2)=O)C=C1)[Se]C3=CC=CC=C3,NC(=O)C1=CN(Cc2ccc(C(F)(F)F)cc2)C=CC1,NC(C1=CN(CC2=CC=C(C(F)(F)F)C=C2)C=CC1)=O,valid,CS(C)=O,CS(C)=O,valid,nonp-fe6e123e4a39fcee5f202db9
liao_dhp:000321,liao_dhp,320,321,0.2692285,O=C(O)Cc1ccc(Br)cc1,c1ccc([Se][Se]c2ccccc2)cc1,Brc1ccc(C[Se]c2ccccc2)cc1,BrC1=CC=C(CC(O)=O)C=C1,C1([Se][Se]C2=CC=CC=C2)=CC=CC=C1,BrC1=CC=C(C[Se]C2=CC=CC=C2)C=C1,NC(=O)C1=CN(Cc2ccccc2)C=CC1,NC(C1=CN(CC2=CC=CC=C2)C=CC1)=O,valid,CS(C)=O,CS(C)=O,valid,nonp-aa76552e2640d3ef77dc934a
liao_dhp:000322,liao_dhp,321,322,0.1609761,COc1ccc(CC(=O)O)cc1,c1ccc([Se][Se]c2ccccc2)cc1,COc1ccc(C[Se]c2ccccc2)cc1,COC1=CC=C(CC(O)=O)C=C1,C1([Se][Se]C2=CC=CC=C2)=CC=CC=C1,COC1=CC=C(C[Se]C2=CC=CC=C2)C=C1,NC(=O)C1=CN(Cc2ccc(C(F)(F)F)cc2)C=CC1,NC(C1=CN(CC2=CC=C(C(F)(F)F)C=C2)C=CC1)=O,valid,CS(C)=O,CS(C)=O,valid,nonp-39667e28e66d292c62bbefb2
liao_dhp:000323,liao_dhp,322,323,0.1609761,COc1ccc(CC(=O)O)cc1,c1ccc([Se][Se]c2ccccc2)cc1,COc1ccc(C[Se]c2ccccc2)cc1,COC1=CC=C(CC(O)=O)C=C1,C1([Se][Se]C2=CC=CC=C2)=CC=CC=C1,COC1=CC=C(C[Se]C2=CC=CC=C2)C=C1,NC(=O)C1=CN(Cc2ccccc2)C=C(C(N)=O)C1,NC(C1=CN(CC2=CC=CC=C2)C=C(C(N)=O)C1)=O,valid,CS(C)=O,CS(C)=O,valid,nonp-8f7cd7985dea231e01ca5825
liao_dhp:000324,liao_dhp,323,324,0.9094932,O=C(O)CCc1ccccc1,c1ccc([Se][Se]c2ccccc2)cc1,c1ccc(CC[Se]c2ccccc2)cc1,O=C(CCC1=CC=CC=C1)O,C1([Se][Se]C2=CC=CC=C2)=CC=CC=C1,C1(CC[Se]C2=CC=CC=C2)=CC=CC=C1,NC(=O)C1=CN(Cc2ccccc2)C=C(C(N)=O)C1,NC(C1=CN(CC2=CC=CC=C2)C=C(C(N)=O)C1)=O,valid,CS(C)=O,CS(C)=O,valid,nonp-1a5ab05bc8ad4a0068ecef02
liao_dhp:000325,liao_dhp,324,325,0.25797,O=C(O)C1CCC(F)(F)CC1,c1ccc([Se][Se]c2ccccc2)cc1,FC1(F)CCC([Se]c2ccccc2)CC1,FC1(F)CCC(C(O)=O)CC1,C1([Se][Se]C2=CC=CC=C2)=CC=CC=C1,FC1(F)CCC([Se]C2=CC=CC=C2)CC1,NC(=O)C1=CN(Cc2ccccc2)C=C(C(N)=O)C1,NC(C1=CN(CC2=CC=CC=C2)C=C(C(N)=O)C1)=O,valid,CS(C)=O,CS(C)=O,valid,nonp-034094cc3ef496abbf29568c
liao_dhp:000326,liao_dhp,325,326,0.71591295,O=C(O)Cc1ccc2c(c1)C(=O)c1ccccc1CO2,c1ccc([Se][Se]c2ccccc2)cc1,O=C1c2ccccc2COc2ccc(C[Se]c3ccccc3)cc21,O=C1C2=CC(CC(O)=O)=CC=C2OCC3=CC=CC=C13,C1([Se][Se]C2=CC=CC=C2)=CC=CC=C1,O=C1C2=CC(C[Se]C3=CC=CC=C3)=CC=C2OCC4=CC=CC=C14,NC(=O)C1=CN(Cc2ccc(C(F)(F)F)cc2)C=CC1,NC(C1=CN(CC2=CC=C(C(F)(F)F)C=C2)C=CC1)=O,valid,CS(C)=O,CS(C)=O,valid,nonp-403a5b2ce93a2ddb7d345693
liao_dhp:000327,liao_dhp,326,327,0.76563575,O=C(O)Cc1ccc2c(c1)C(=O)c1ccccc1CO2,c1ccc([Se][Se]c2ccccc2)cc1,O=C1c2ccccc2COc2ccc(C[Se]c3ccccc3)cc21,O=C1C2=CC(CC(O)=O)=CC=C2OCC3=CC=CC=C13,C1([Se][Se]C2=CC=CC=C2)=CC=CC=C1,O=C1C2=CC(C[Se]C3=CC=CC=C3)=CC=C2OCC4=CC=CC=C14,NC(=O)C1=CN(Cc2ccccc2)C=C(C(N)=O)C1,NC(C1=CN(CC2=CC=CC=C2)C=C(C(N)=O)C1)=O,valid,CS(C)=O,CS(C)=O,valid,nonp-7dd8cfcfb483ca1ee85e5964
liao_dhp:000328,liao_dhp,327,328,0.6404824,O=C(O)C1CCC1,c1ccc([Se][Se]c2ccccc2)cc1,c1ccc([Se]C2CCC2)cc1,O=C(C1CCC1)O,C1([Se][Se]C2=CC=CC=C2)=CC=CC=C1,C1([Se]C2=CC=CC=C2)CCC1,COc1ccc(CN2C=CCC(C(N)=O)=C2)cc1,NC(C1=CN(CC2=CC=C(OC)C=C2)C=CC1)=O,valid,CS(C)=O,CS(C)=O,valid,nonp-1bc081e4f82bd11674089a3d
liao_dhp:000329,liao_dhp,328,329,0.5950568,O=C(O)C1CCC1,c1ccc([Se][Se]c2ccccc2)cc1,c1ccc([Se]C2CCC2)cc1,O=C(C1CCC1)O,C1([Se][Se]C2=CC=CC=C2)=CC=CC=C1,C1([Se]C2=CC=CC=C2)CCC1,NC(=O)C1=CN(Cc2ccccc2)C=C(C(N)=O)C1,NC(C1=CN(CC2=CC=CC=C2)C=C(C(N)=O)C1)=O,valid,CS(C)=O,CS(C)=O,valid,nonp-4c0635f42a5c0a615cebfb6e
liao_dhp:000330,liao_dhp,329,330,0.37848075,Cc1ccc(S(=O)(=O)N2CCC(C(=O)O)CC2)cc1,c1ccc([Se][Se]c2ccccc2)cc1,Cc1ccc(S(=O)(=O)N2CCC([Se]c3ccccc3)CC2)cc1,CC1=CC=C(S(N2CCC(C(O)=O)CC2)(=O)=O)C=C1,C1([Se][Se]C2=CC=CC=C2)=CC=CC=C1,CC1=CC=C(S(N2CCC([Se]C3=CC=CC=C3)CC2)(=O)=O)C=C1,NC(=O)C1=CN(Cc2ccccc2)C=C(C(N)=O)C1,NC(C1=CN(CC2=CC=CC=C2)C=C(C(N)=O)C1)=O,valid,CN(C)C=O,[H]C(N(C)C)=O,valid,nonp-5a89177788c6215496f66f3a
liao_dhp:000331,liao_dhp,330,331,0.1011929,O=C(O)CCc1ccccc1,c1ccc([Se][Se]c2ccccc2)cc1,c1ccc(CC[Se]c2ccccc2)cc1,O=C(CCC1=CC=CC=C1)O,C1([Se][Se]C2=CC=CC=C2)=CC=CC=C1,C1(CC[Se]C2=CC=CC=C2)=CC=CC=C1,COc1ccc(CN2C=CCC(C(N)=O)=C2)cc1,NC(C1=CN(CC2=CC=C(OC)C=C2)C=CC1)=O,valid,CN(C)C=O,[H]C(N(C)C)=O,valid,nonp-e156689d43b48a640ef144f1
liao_dhp:000332,liao_dhp,331,332,0.0236157,O=C(O)CCc1ccccc1,c1ccc([Se][Se]c2ccccc2)cc1,c1ccc(CC[Se]c2ccccc2)cc1,O=C(CCC1=CC=CC=C1)O,C1([Se][Se]C2=CC=CC=C2)=CC=CC=C1,C1(CC[Se]C2=CC=CC=C2)=CC=CC=C1,NC(=O)C1=CN(Cc2ccccc2)C=C(C(N)=O)C1,NC(C1=CN(CC2=CC=CC=C2)C=C(C(N)=O)C1)=O,valid,CN(C)C=O,[H]C(N(C)C)=O,valid,nonp-e01672b9234d911e0c9563ed
liao_dhp:000333,liao_dhp,332,333,0.24523875,O=C(O)C1CCC(F)(F)CC1,c1ccc([Se][Se]c2ccccc2)cc1,FC1(F)CCC([Se]c2ccccc2)CC1,FC1(F)CCC(C(O)=O)CC1,C1([Se][Se]C2=CC=CC=C2)=CC=CC=C1,FC1(F)CCC([Se]C2=CC=CC=C2)CC1,NC(=O)C1=CN(Cc2ccccc2)C=C(C(N)=O)C1,NC(C1=CN(CC2=CC=CC=C2)C=C(C(N)=O)C1)=O,valid,CN(C)C=O,[H]C(N(C)C)=O,valid,nonp-85e00d0f06205657e1e61833
liao_dhp:000334,liao_dhp,333,334,0.5565385,CC(C(=O)O)c1ccc(CC2CCCC2=O)cc1,c1ccc([Se][Se]c2ccccc2)cc1,CC([Se]c1ccccc1)c1ccc(CC2CCCC2=O)cc1,CC(C1=CC=C(CC2C(CCC2)=O)C=C1)C(O)=O,C1([Se][Se]C2=CC=CC=C2)=CC=CC=C1,CC(C1=CC=C(CC2C(CCC2)=O)C=C1)[Se]C3=CC=CC=C3,NC(=O)C1=CN(Cc2ccccc2)C=CC1,NC(C1=CN(CC2=CC=CC=C2)C=CC1)=O,valid,CN(C)C=O,[H]C(N(C)C)=O,valid,nonp-1ff792431e80f7e6a9b1de86
liao_dhp:000335,liao_dhp,334,335,0.52304075,CC(C(=O)O)c1ccc(CC2CCCC2=O)cc1,c1ccc([Se][Se]c2ccccc2)cc1,CC([Se]c1ccccc1)c1ccc(CC2CCCC2=O)cc1,CC(C1=CC=C(CC2C(CCC2)=O)C=C1)C(O)=O,C1([Se][Se]C2=CC=CC=C2)=CC=CC=C1,CC(C1=CC=C(CC2C(CCC2)=O)C=C1)[Se]C3=CC=CC=C3,COc1ccc(CN2C=CCC(C(N)=O)=C2)cc1,NC(C1=CN(CC2=CC=C(OC)C=C2)C=CC1)=O,valid,CN(C)C=O,[H]C(N(C)C)=O,valid,nonp-ae26fc01ded438f40ee21b84
liao_dhp:000336,liao_dhp,335,336,0.5002305,Cc1ccc(CC(=O)O)cc1,c1ccc([Se][Se]c2ccccc2)cc1,Cc1ccc(C[Se]c2ccccc2)cc1,CC1=CC=C(CC(O)=O)C=C1,C1([Se][Se]C2=CC=CC=C2)=CC=CC=C1,CC1=CC=C(C[Se]C2=CC=CC=C2)C=C1,COc1ccc(CN2C=CCC(C(N)=O)=C2)cc1,NC(C1=CN(CC2=CC=C(OC)C=C2)C=CC1)=O,valid,CN(C)C=O,[H]C(N(C)C)=O,valid,nonp-ccd8976a1cc299ea0a0b21bc
liao_dhp:000337,liao_dhp,336,337,0.3890615,O=C(O)Cc1ccc(Br)cc1,c1ccc([Se][Se]c2ccccc2)cc1,Brc1ccc(C[Se]c2ccccc2)cc1,BrC1=CC=C(CC(O)=O)C=C1,C1([Se][Se]C2=CC=CC=C2)=CC=CC=C1,BrC1=CC=C(C[Se]C2=CC=CC=C2)C=C1,COc1ccc(CN2C=CCC(C(N)=O)=C2)cc1,NC(C1=CN(CC2=CC=C(OC)C=C2)C=CC1)=O,valid,CN(C)C=O,[H]C(N(C)C)=O,valid,nonp-87e6e8bda906fa17090924af
liao_dhp:000338,liao_dhp,337,338,0.6306658,Cc1ccccc1CC(=O)O,c1ccc([Se][Se]c2ccccc2)cc1,Cc1ccccc1C[Se]c1ccccc1,CC1=C(CC(O)=O)C=CC=C1,C1([Se][Se]C2=CC=CC=C2)=CC=CC=C1,CC1=C(C[Se]C2=CC=CC=C2)C=CC=C1,NC(=O)C1=CN(Cc2ccccc2)C=CC1,NC(C1=CN(CC2=CC=CC=C2)C=CC1)=O,valid,CN(C)C=O,[H]C(N(C)C)=O,valid,nonp-0cdbd19dd787dd1b759c3b22
liao_dhp:000339,liao_dhp,338,339,0.6306658,Cc1ccccc1CC(=O)O,c1ccc([Se][Se]c2ccccc2)cc1,Cc1ccccc1C[Se]c1ccccc1,CC1=C(CC(O)=O)C=CC=C1,C1([Se][Se]C2=CC=CC=C2)=CC=CC=C1,CC1=C(C[Se]C2=CC=CC=C2)C=CC=C1,NC(=O)C1=CN(Cc2ccc(C(F)(F)F)cc2)C=CC1,NC(C1=CN(CC2=CC=C(C(F)(F)F)C=C2)C=CC1)=O,valid,CN(C)C=O,[H]C(N(C)C)=O,valid,nonp-f7f266297abc6f761a330a68
liao_dhp:000340,liao_dhp,339,340,0.4058272,Cc1ccccc1CC(=O)O,c1ccc([Se][Se]c2ccccc2)cc1,Cc1ccccc1C[Se]c1ccccc1,CC1=C(CC(O)=O)C=CC=C1,C1([Se][Se]C2=CC=CC=C2)=CC=CC=C1,CC1=C(C[Se]C2=CC=CC=C2)C=CC=C1,NC(=O)C1=CN(Cc2ccccc2)C=C(C(N)=O)C1,NC(C1=CN(CC2=CC=CC=C2)C=C(C(N)=O)C1)=O,valid,CN(C)C=O,[H]C(N(C)C)=O,valid,nonp-d38869619701d74fc41b6b27
liao_dhp:000341,liao_dhp,340,341,0.351923077,O=C(O)C1CCOCC1,c1ccc([Se][Se]c2ccccc2)cc1,c1ccc([Se]C2CCOCC2)cc1,O=C(C1CCOCC1)O,C1([Se][Se]C2=CC=CC=C2)=CC=CC=C1,C1([Se]C2=CC=CC=C2)CCOCC1,NC(=O)C1=CN(Cc2ccccc2)C=C(C(N)=O)C1,NC(C1=CN(CC2=CC=CC=C2)C=C(C(N)=O)C1)=O,valid,CN(C)C=O,[H]C(N(C)C)=O,valid,nonp-a589a2f22389c1b7b48d8d4e
liao_dhp:000342,liao_dhp,341,342,0.818365979,O=C(O)C1CCN(C(=O)OCc2ccccc2)CC1,c1ccc([Se][Se]c2ccccc2)cc1,O=C(OCc1ccccc1)N1CCC([Se]c2ccccc2)CC1,O=C(N1CCC(C(O)=O)CC1)OCC2=CC=CC=C2,C1([Se][Se]C2=CC=CC=C2)=CC=CC=C1,O=C(N1CCC([Se]C2=CC=CC=C2)CC1)OCC3=CC=CC=C3,COc1ccc(CN2C=CCC(C(N)=O)=C2)cc1,NC(C1=CN(CC2=CC=C(OC)C=C2)C=CC1)=O,valid,CN(C)C=O,[H]C(N(C)C)=O,valid,nonp-03de074753b464b44ecb3940
liao_dhp:000343,liao_dhp,342,343,0.6406874,COc1ccc2cc(C(C)C(=O)O)ccc2c1,c1ccc([Se][Se]c2ccccc2)cc1,COc1ccc2cc(C(C)[Se]c3ccccc3)ccc2c1,CC(C1=CC=C2C=C(OC)C=CC2=C1)C(O)=O,C1([Se][Se]C2=CC=CC=C2)=CC=CC=C1,CC(C1=CC=C2C=C(OC)C=CC2=C1)[Se]C3=CC=CC=C3,NC(=O)C1=CN(Cc2ccccc2)C=C(C(N)=O)C1,NC(C1=CN(CC2=CC=CC=C2)C=C(C(N)=O)C1)=O,valid,CN(C)C=O,[H]C(N(C)C)=O,valid,nonp-4aba92e64e52f1cddffbc2cd
liao_dhp:000344,liao_dhp,343,344,0.618355966,O=C(O)CCCc1c[nH]c2ccccc12,c1ccc([Se][Se]c2ccccc2)cc1,c1ccc([Se]CCCc2c[nH]c3ccccc23)cc1,O=C(CCCC1=CNC2=C1C=CC=C2)O,C1([Se][Se]C2=CC=CC=C2)=CC=CC=C1,C1(CCC[Se]C2=CC=CC=C2)=CNC3=C1C=CC=C3,NC(=O)C1=CN(Cc2ccccc2)C=CC1,NC(C1=CN(CC2=CC=CC=C2)C=CC1)=O,valid,CC#N,CC#N,valid,nonp-7bfe641bd91a90acfef955ab
liao_dhp:000345,liao_dhp,344,345,0.401389815,O=C(O)CCCc1c[nH]c2ccccc12,c1ccc([Se][Se]c2ccccc2)cc1,c1ccc([Se]CCCc2c[nH]c3ccccc23)cc1,O=C(CCCC1=CNC2=C1C=CC=C2)O,C1([Se][Se]C2=CC=CC=C2)=CC=CC=C1,C1(CCC[Se]C2=CC=CC=C2)=CNC3=C1C=CC=C3,NC(=O)C1=CN(Cc2ccccc2)C=C(C(N)=O)C1,NC(C1=CN(CC2=CC=CC=C2)C=C(C(N)=O)C1)=O,valid,CC#N,CC#N,valid,nonp-744a702eddca66c2ce9f404b
liao_dhp:000346,liao_dhp,345,346,0.91020525,Cc1ccc(S(=O)(=O)N2CCC(C(=O)O)CC2)cc1,c1ccc([Se][Se]c2ccccc2)cc1,Cc1ccc(S(=O)(=O)N2CCC([Se]c3ccccc3)CC2)cc1,CC1=CC=C(S(N2CCC(C(O)=O)CC2)(=O)=O)C=C1,C1([Se][Se]C2=CC=CC=C2)=CC=CC=C1,CC1=CC=C(S(N2CCC([Se]C3=CC=CC=C3)CC2)(=O)=O)C=C1,NC(=O)C1=CN(Cc2ccc(C(F)(F)F)cc2)C=CC1,NC(C1=CN(CC2=CC=C(C(F)(F)F)C=C2)C=CC1)=O,valid,CC#N,CC#N,valid,nonp-e13b7bc241e99bdb4e15e469
liao_dhp:000347,liao_dhp,346,347,0.055,O=C(O)CCc1ccccc1,c1ccc([Se][Se]c2ccccc2)cc1,c1ccc(CC[Se]c2ccccc2)cc1,O=C(CCC1=CC=CC=C1)O,C1([Se][Se]C2=CC=CC=C2)=CC=CC=C1,C1(CC[Se]C2=CC=CC=C2)=CC=CC=C1,NC(=O)C1=CN(Cc2ccccc2)C=CC1,NC(C1=CN(CC2=CC=CC=C2)C=CC1)=O,valid,CC#N,CC#N,valid,nonp-00b749564ad1b8fbc2b973d2
liao_dhp:000348,liao_dhp,347,348,0.2750657,O=C(O)CCc1ccccc1,c1ccc([Se][Se]c2ccccc2)cc1,c1ccc(CC[Se]c2ccccc2)cc1,O=C(CCC1=CC=CC=C1)O,C1([Se][Se]C2=CC=CC=C2)=CC=CC=C1,C1(CC[Se]C2=CC=CC=C2)=CC=CC=C1,COc1ccc(CN2C=CCC(C(N)=O)=C2)cc1,NC(C1=CN(CC2=CC=C(OC)C=C2)C=CC1)=O,valid,CC#N,CC#N,valid,nonp-7074ee68f065ea32a4eff3c1
liao_dhp:000349,liao_dhp,348,349,0.147972,O=C(O)C1CCC(F)(F)CC1,c1ccc([Se][Se]c2ccccc2)cc1,FC1(F)CCC([Se]c2ccccc2)CC1,FC1(F)CCC(C(O)=O)CC1,C1([Se][Se]C2=CC=CC=C2)=CC=CC=C1,FC1(F)CCC([Se]C2=CC=CC=C2)CC1,COc1ccc(CN2C=CCC(C(N)=O)=C2)cc1,NC(C1=CN(CC2=CC=C(OC)C=C2)C=CC1)=O,valid,CC#N,CC#N,valid,nonp-1eb238ac32da55b990ab928b
liao_dhp:000350,liao_dhp,349,350,0.59100135,O=C(O)Cc1ccc2c(c1)C(=O)c1ccccc1CO2,c1ccc([Se][Se]c2ccccc2)cc1,O=C1c2ccccc2COc2ccc(C[Se]c3ccccc3)cc21,O=C1C2=CC(CC(O)=O)=CC=C2OCC3=CC=CC=C13,C1([Se][Se]C2=CC=CC=C2)=CC=CC=C1,O=C1C2=CC(C[Se]C3=CC=CC=C3)=CC=C2OCC4=CC=CC=C14,NC(=O)C1=CN(Cc2ccc(C(F)(F)F)cc2)C=CC1,NC(C1=CN(CC2=CC=C(C(F)(F)F)C=C2)C=CC1)=O,valid,CC#N,CC#N,valid,nonp-ca24a3d2763a532586a8127d
liao_dhp:000351,liao_dhp,350,351,0.58385205,CC(C(=O)O)c1ccc(CC2CCCC2=O)cc1,c1ccc([Se][Se]c2ccccc2)cc1,CC([Se]c1ccccc1)c1ccc(CC2CCCC2=O)cc1,CC(C1=CC=C(CC2C(CCC2)=O)C=C1)C(O)=O,C1([Se][Se]C2=CC=CC=C2)=CC=CC=C1,CC(C1=CC=C(CC2C(CCC2)=O)C=C1)[Se]C3=CC=CC=C3,COc1ccc(CN2C=CCC(C(N)=O)=C2)cc1,NC(C1=CN(CC2=CC=C(OC)C=C2)C=CC1)=O,valid,CC#N,CC#N,valid,nonp-56ed4a9eb37cc9930f8a61e8
liao_dhp:000352,liao_dhp,351,352,0.2100305,COc1ccc2c(c1)c(CC(=O)O)c(C)n2C(=O)c1ccc(Cl)cc1,c1ccc([Se][Se]c2ccccc2)cc1,COc1ccc2c(c1)c(C[Se]c1ccccc1)c(C)n2C(=O)c1ccc(Cl)cc1,CC(N1C(C2=CC=C(Cl)C=C2)=O)=C(CC(O)=O)C3=C1C=CC(OC)=C3,C1([Se][Se]C2=CC=CC=C2)=CC=CC=C1,CC(N1C(C2=CC=C(Cl)C=C2)=O)=C(C[Se]C3=CC=CC=C3)C4=C1C=CC(OC)=C4,NC(=O)C1=CN(Cc2ccccc2)C=C(C(N)=O)C1c1ccccc1,NC(C1=CN(CC2=CC=CC=C2)C=C(C(N)=O)C1C3=CC=CC=C3)=O,valid,CC#N,CC#N,valid,nonp-0e97c5e3878d67cd90e4e920
liao_dhp:000353,liao_dhp,352,353,0.1579755,Cc1ccc(CC(=O)O)cc1,c1ccc([Se][Se]c2ccccc2)cc1,Cc1ccc(C[Se]c2ccccc2)cc1,CC1=CC=C(CC(O)=O)C=C1,C1([Se][Se]C2=CC=CC=C2)=CC=CC=C1,CC1=CC=C(C[Se]C2=CC=CC=C2)C=C1,NC(=O)C1=CN(Cc2ccccc2)C=C(C(N)=O)C1,NC(C1=CN(CC2=CC=CC=C2)C=C(C(N)=O)C1)=O,valid,CC#N,CC#N,valid,nonp-6248602c0e32ae3c0e7b755b
liao_dhp:000354,liao_dhp,353,354,0.320082,O=C(O)Cc1ccc(Br)cc1,c1ccc([Se][Se]c2ccccc2)cc1,Brc1ccc(C[Se]c2ccccc2)cc1,BrC1=CC=C(CC(O)=O)C=C1,C1([Se][Se]C2=CC=CC=C2)=CC=CC=C1,BrC1=CC=C(C[Se]C2=CC=CC=C2)C=C1,NC(=O)C1=CN(Cc2ccc(C(F)(F)F)cc2)C=CC1,NC(C1=CN(CC2=CC=C(C(F)(F)F)C=C2)C=CC1)=O,valid,CC#N,CC#N,valid,nonp-5c104998f89d1aafaf7c6e31
liao_dhp:000355,liao_dhp,354,355,0.2437288,Cc1ccccc1CC(=O)O,c1ccc([Se][Se]c2ccccc2)cc1,Cc1ccccc1C[Se]c1ccccc1,CC1=C(CC(O)=O)C=CC=C1,C1([Se][Se]C2=CC=CC=C2)=CC=CC=C1,CC1=C(C[Se]C2=CC=CC=C2)C=CC=C1,NC(=O)C1=CN(Cc2ccc(C(F)(F)F)cc2)C=CC1,NC(C1=CN(CC2=CC=C(C(F)(F)F)C=C2)C=CC1)=O,valid,CC#N,CC#N,valid,nonp-95759dcfb5ffb64ecba1f76e
liao_dhp:000356,liao_dhp,355,356,0.27467015,COc1ccc2cc(C(C)C(=O)O)ccc2c1,c1ccc([Se][Se]c2ccccc2)cc1,COc1ccc2cc(C(C)[Se]c3ccccc3)ccc2c1,CC(C1=CC=C2C=C(OC)C=CC2=C1)C(O)=O,C1([Se][Se]C2=CC=CC=C2)=CC=CC=C1,CC(C1=CC=C2C=C(OC)C=CC2=C1)[Se]C3=CC=CC=C3,NC(=O)C1=CN(Cc2ccccc2)C=CC1,NC(C1=CN(CC2=CC=CC=C2)C=CC1)=O,valid,CC#N,CC#N,valid,nonp-06cb22c58d210b41d9114c33
liao_dhp:000357,liao_dhp,356,357,0.10683785,COc1ccc2cc(C(C)C(=O)O)ccc2c1,c1ccc([Se][Se]c2ccccc2)cc1,COc1ccc2cc(C(C)[Se]c3ccccc3)ccc2c1,CC(C1=CC=C2C=C(OC)C=CC2=C1)C(O)=O,C1([Se][Se]C2=CC=CC=C2)=CC=CC=C1,CC(C1=CC=C2C=C(OC)C=CC2=C1)[Se]C3=CC=CC=C3,NC(=O)C1=CN(Cc2ccc(C(F)(F)F)cc2)C=CC1,NC(C1=CN(CC2=CC=C(C(F)(F)F)C=C2)C=CC1)=O,valid,CC#N,CC#N,valid,nonp-a945751dac1acf3853bbe8f0
liao_dhp:000358,liao_dhp,357,358,0.0229217,COc1ccc2cc(C(C)C(=O)O)ccc2c1,c1ccc([Se][Se]c2ccccc2)cc1,COc1ccc2cc(C(C)[Se]c3ccccc3)ccc2c1,CC(C1=CC=C2C=C(OC)C=CC2=C1)C(O)=O,C1([Se][Se]C2=CC=CC=C2)=CC=CC=C1,CC(C1=CC=C2C=C(OC)C=CC2=C1)[Se]C3=CC=CC=C3,NC(=O)C1=CN(Cc2ccccc2)C=C(C(N)=O)C1,NC(C1=CN(CC2=CC=CC=C2)C=C(C(N)=O)C1)=O,valid,CC#N,CC#N,valid,nonp-052048229960d040f29d7dda
liao_dhp:000359,liao_dhp,358,359,0.26250845,O=C(O)C1(c2ccccc2)CC1,c1ccc([Se][Se]c2ccccc2)cc1,c1ccc([Se]C2(c3ccccc3)CC2)cc1,O=C(C1(C2=CC=CC=C2)CC1)O,C1([Se][Se]C2=CC=CC=C2)=CC=CC=C1,C1(C2([Se]C3=CC=CC=C3)CC2)=CC=CC=C1,NC(=O)C1=CN(Cc2ccccc2)C=CC1,NC(C1=CN(CC2=CC=CC=C2)C=CC1)=O,valid,CC#N,CC#N,valid,nonp-310533979eab0290caef7077
liao_dhp:000360,liao_dhp,359,360,0.0,O=C(O)C1(c2ccccc2)CC1,c1ccc([Se][Se]c2ccccc2)cc1,c1ccc([Se]C2(c3ccccc3)CC2)cc1,O=C(C1(C2=CC=CC=C2)CC1)O,C1([Se][Se]C2=CC=CC=C2)=CC=CC=C1,C1(C2([Se]C3=CC=CC=C3)CC2)=CC=CC=C1,NC(=O)C1=CN(Cc2ccccc2)C=C(C(N)=O)C1c1ccccc1,NC(C1=CN(CC2=CC=CC=C2)C=C(C(N)=O)C1C3=CC=CC=C3)=O,valid,CC#N,CC#N,valid,nonp-a01c83c46e8705631101ad41
liao_dhp:000361,liao_dhp,360,361,0.0955926,O=C(O)CCCc1c[nH]c2ccccc12,c1ccc(C[Se][Se]Cc2ccccc2)cc1,c1ccc(C[Se]CCCc2c[nH]c3ccccc23)cc1,O=C(CCCC1=CNC2=C1C=CC=C2)O,C1(C[Se][Se]CC2=CC=CC=C2)=CC=CC=C1,C1(CCC[Se]CC2=CC=CC=C2)=CNC3=C1C=CC=C3,NC(=O)C1=CN(Cc2ccccc2)C=CC1,NC(C1=CN(CC2=CC=CC=C2)C=CC1)=O,valid,CS(C)=O,CS(C)=O,valid,nonp-7c5e20789e708eb5384cc74a
liao_dhp:000362,liao_dhp,361,362,0.1395496,Cc1ccc(S(=O)(=O)N2CCC(C(=O)O)CC2)cc1,c1ccc(C[Se][Se]Cc2ccccc2)cc1,Cc1ccc(S(=O)(=O)N2CCC([Se]Cc3ccccc3)CC2)cc1,CC1=CC=C(S(N2CCC(C(O)=O)CC2)(=O)=O)C=C1,C1(C[Se][Se]CC2=CC=CC=C2)=CC=CC=C1,CC1=CC=C(S(N2CCC([Se]CC3=CC=CC=C3)CC2)(=O)=O)C=C1,NC(=O)C1=CN(Cc2ccccc2)C=CC1,NC(C1=CN(CC2=CC=CC=C2)C=CC1)=O,valid,CS(C)=O,CS(C)=O,valid,nonp-795f705f581d3522901c4845
liao_dhp:000363,liao_dhp,362,363,0.1565416,Cc1ccc(S(=O)(=O)N2CCC(C(=O)O)CC2)cc1,c1ccc(C[Se][Se]Cc2ccccc2)cc1,Cc1ccc(S(=O)(=O)N2CCC([Se]Cc3ccccc3)CC2)cc1,CC1=CC=C(S(N2CCC(C(O)=O)CC2)(=O)=O)C=C1,C1(C[Se][Se]CC2=CC=CC=C2)=CC=CC=C1,CC1=CC=C(S(N2CCC([Se]CC3=CC=CC=C3)CC2)(=O)=O)C=C1,COc1ccc(CN2C=CCC(C(N)=O)=C2)cc1,NC(C1=CN(CC2=CC=C(OC)C=C2)C=CC1)=O,valid,CS(C)=O,CS(C)=O,valid,nonp-ad4e408a87396cb86f263001
liao_dhp:000364,liao_dhp,363,364,0.2817676,O=C(O)Cc1ccc2c(c1)C(=O)c1ccccc1CO2,c1ccc(C[Se][Se]Cc2ccccc2)cc1,O=C1c2ccccc2COc2ccc(C[Se]Cc3ccccc3)cc21,O=C1C2=CC(CC(O)=O)=CC=C2OCC3=CC=CC=C13,C1(C[Se][Se]CC2=CC=CC=C2)=CC=CC=C1,O=C1C2=CC(C[Se]CC3=CC=CC=C3)=CC=C2OCC4=CC=CC=C14,NC(=O)C1=CN(Cc2ccccc2)C=C(C(N)=O)C1c1ccccc1,NC(C1=CN(CC2=CC=CC=C2)C=C(C(N)=O)C1C3=CC=CC=C3)=O,valid,CS(C)=O,CS(C)=O,valid,nonp-c1647101bbf45bb4c606a6a5
liao_dhp:000365,liao_dhp,364,365,0.1253419,CC(C(=O)O)c1ccc(CC2CCCC2=O)cc1,c1ccc(C[Se][Se]Cc2ccccc2)cc1,CC([Se]Cc1ccccc1)c1ccc(CC2CCCC2=O)cc1,CC(C1=CC=C(CC2C(CCC2)=O)C=C1)C(O)=O,C1(C[Se][Se]CC2=CC=CC=C2)=CC=CC=C1,CC(C1=CC=C(CC2C(CCC2)=O)C=C1)[Se]CC3=CC=CC=C3,NC(=O)C1=CN(Cc2ccccc2)C=CC1,NC(C1=CN(CC2=CC=CC=C2)C=CC1)=O,valid,CN(C)C=O,[H]C(N(C)C)=O,valid,nonp-d1c848e9552123642a866f3e
liao_dhp:000366,liao_dhp,365,366,0.17737725,CC(C(=O)O)c1ccc(CC2CCCC2=O)cc1,c1ccc(C[Se][Se]Cc2ccccc2)cc1,CC([Se]Cc1ccccc1)c1ccc(CC2CCCC2=O)cc1,CC(C1=CC=C(CC2C(CCC2)=O)C=C1)C(O)=O,C1(C[Se][Se]CC2=CC=CC=C2)=CC=CC=C1,CC(C1=CC=C(CC2C(CCC2)=O)C=C1)[Se]CC3=CC=CC=C3,COc1ccc(CN2C=CCC(C(N)=O)=C2)cc1,NC(C1=CN(CC2=CC=C(OC)C=C2)C=CC1)=O,valid,CN(C)C=O,[H]C(N(C)C)=O,valid,nonp-652bf766fa67651ece99b17d
liao_dhp:000367,liao_dhp,366,367,0.0,CC(C(=O)O)c1ccc(CC2CCCC2=O)cc1,c1ccc(C[Se][Se]Cc2ccccc2)cc1,CC([Se]Cc1ccccc1)c1ccc(CC2CCCC2=O)cc1,CC(C1=CC=C(CC2C(CCC2)=O)C=C1)C(O)=O,C1(C[Se][Se]CC2=CC=CC=C2)=CC=CC=C1,CC(C1=CC=C(CC2C(CCC2)=O)C=C1)[Se]CC3=CC=CC=C3,NC(=O)C1=CN(Cc2ccccc2)C=C(C(N)=O)C1c1ccccc1,NC(C1=CN(CC2=CC=CC=C2)C=C(C(N)=O)C1C3=CC=CC=C3)=O,valid,CN(C)C=O,[H]C(N(C)C)=O,valid,nonp-3bf0e76aafcc5f6ec59b8b41
liao_dhp:000368,liao_dhp,367,368,0.0,COc1ccc2c(c1)c(CC(=O)O)c(C)n2C(=O)c1ccc(Cl)cc1,c1ccc(C[Se][Se]Cc2ccccc2)cc1,COc1ccc2c(c1)c(C[Se]Cc1ccccc1)c(C)n2C(=O)c1ccc(Cl)cc1,CC(N1C(C2=CC=C(Cl)C=C2)=O)=C(CC(O)=O)C3=C1C=CC(OC)=C3,C1(C[Se][Se]CC2=CC=CC=C2)=CC=CC=C1,CC(N1C(C2=CC=C(Cl)C=C2)=O)=C(C[Se]CC3=CC=CC=C3)C4=C1C=CC(OC)=C4,NC(=O)C1=CN(Cc2ccc(C(F)(F)F)cc2)C=CC1,NC(C1=CN(CC2=CC=C(C(F)(F)F)C=C2)C=CC1)=O,valid,CN(C)C=O,[H]C(N(C)C)=O,valid,nonp-3fa88493ec389d36684afc9b
liao_dhp:000369,liao_dhp,368,369,0.244122,CC(C(=O)O)N1C(=O)c2ccccc2C1=O,c1ccc(C[Se][Se]Cc2ccccc2)cc1,CC([Se]Cc1ccccc1)N1C(=O)c2ccccc2C1=O,CC(N(C(C1=C2C=CC=C1)=O)C2=O)C(O)=O,C1(C[Se][Se]CC2=CC=CC=C2)=CC=CC=C1,CC(N(C(C1=C2C=CC=C1)=O)C2=O)[Se]CC3=CC=CC=C3,COc1ccc(CN2C=CCC(C(N)=O)=C2)cc1,NC(C1=CN(CC2=CC=C(OC)C=C2)C=CC1)=O,valid,CC#N,CC#N,valid,nonp-6ea684b0028a4385dce03691
liao_dhp:000370,liao_dhp,369,370,0.0,Cc1ccc(S(=O)(=O)N2CCC(C(=O)O)CC2)cc1,c1ccc(C[Se][Se]Cc2ccccc2)cc1,Cc1ccc(S(=O)(=O)N2CCC([Se]Cc3ccccc3)CC2)cc1,CC1=CC=C(S(N2CCC(C(O)=O)CC2)(=O)=O)C=C1,C1(C[Se][Se]CC2=CC=CC=C2)=CC=CC=C1,CC1=CC=C(S(N2CCC([Se]CC3=CC=CC=C3)CC2)(=O)=O)C=C1,NC(=O)C1=CN(Cc2ccc(C(F)(F)F)cc2)C=CC1,NC(C1=CN(CC2=CC=C(C(F)(F)F)C=C2)C=CC1)=O,valid,CC#N,CC#N,valid,nonp-2c303246a922b679efd030e6
liao_dhp:000371,liao_dhp,370,371,0.3605945,O=C(O)Cc1ccc2c(c1)C(=O)c1ccccc1CO2,c1ccc(C[Se][Se]Cc2ccccc2)cc1,O=C1c2ccccc2COc2ccc(C[Se]Cc3ccccc3)cc21,O=C1C2=CC(CC(O)=O)=CC=C2OCC3=CC=CC=C13,C1(C[Se][Se]CC2=CC=CC=C2)=CC=CC=C1,O=C1C2=CC(C[Se]CC3=CC=CC=C3)=CC=C2OCC4=CC=CC=C14,COc1ccc(CN2C=CCC(C(N)=O)=C2)cc1,NC(C1=CN(CC2=CC=C(OC)C=C2)C=CC1)=O,valid,CC#N,CC#N,valid,nonp-76024e5be9e87743c8afa6ff
liao_dhp:000372,liao_dhp,371,372,0.0,CC(C(=O)O)c1ccc(CC2CCCC2=O)cc1,c1ccc(C[Se][Se]Cc2ccccc2)cc1,CC([Se]Cc1ccccc1)c1ccc(CC2CCCC2=O)cc1,CC(C1=CC=C(CC2C(CCC2)=O)C=C1)C(O)=O,C1(C[Se][Se]CC2=CC=CC=C2)=CC=CC=C1,CC(C1=CC=C(CC2C(CCC2)=O)C=C1)[Se]CC3=CC=CC=C3,NC(=O)C1=CN(Cc2ccc(C(F)(F)F)cc2)C=CC1,NC(C1=CN(CC2=CC=C(C(F)(F)F)C=C2)C=CC1)=O,valid,CC#N,CC#N,valid,nonp-f92f484f6f9df60efbe7001b
liao_dhp:000373,liao_dhp,372,373,0.0,CC(C(=O)O)c1ccc(CC2CCCC2=O)cc1,c1ccc(C[Se][Se]Cc2ccccc2)cc1,CC([Se]Cc1ccccc1)c1ccc(CC2CCCC2=O)cc1,CC(C1=CC=C(CC2C(CCC2)=O)C=C1)C(O)=O,C1(C[Se][Se]CC2=CC=CC=C2)=CC=CC=C1,CC(C1=CC=C(CC2C(CCC2)=O)C=C1)[Se]CC3=CC=CC=C3,NC(=O)C1=CN(Cc2ccccc2)C=C(C(N)=O)C1c1ccccc1,NC(C1=CN(CC2=CC=CC=C2)C=C(C(N)=O)C1C3=CC=CC=C3)=O,valid,CC#N,CC#N,valid,nonp-56387f32dab1830d59e563d6
liao_dhp:000374,liao_dhp,373,374,0.0,COc1ccc2c(c1)c(CC(=O)O)c(C)n2C(=O)c1ccc(Cl)cc1,c1ccc(C[Se][Se]Cc2ccccc2)cc1,COc1ccc2c(c1)c(C[Se]Cc1ccccc1)c(C)n2C(=O)c1ccc(Cl)cc1,CC(N1C(C2=CC=C(Cl)C=C2)=O)=C(CC(O)=O)C3=C1C=CC(OC)=C3,C1(C[Se][Se]CC2=CC=CC=C2)=CC=CC=C1,CC(N1C(C2=CC=C(Cl)C=C2)=O)=C(C[Se]CC3=CC=CC=C3)C4=C1C=CC(OC)=C4,NC(=O)C1=CN(Cc2ccccc2)C=CC1,NC(C1=CN(CC2=CC=CC=C2)C=CC1)=O,valid,CC#N,CC#N,valid,nonp-a391ccd6ab5c876c74e24997
liao_dhp:000375,liao_dhp,374,375,0.0,O=C(O)C1CCCCC1,c1ccc(C[Se][Se]Cc2ccccc2)cc1,c1ccc(C[Se]C2CCCCC2)cc1,O=C(C1CCCCC1)O,C1(C[Se][Se]CC2=CC=CC=C2)=CC=CC=C1,C1([Se]CC2=CC=CC=C2)CCCCC1,NC(=O)C1=CN(Cc2ccccc2)C=C(C(N)=O)C1c1ccccc1,NC(C1=CN(CC2=CC=CC=C2)C=C(C(N)=O)C1C3=CC=CC=C3)=O,valid,CS(C)=O,CS(C)=O,valid,nonp-72b77cd5791729e0334da319
liao_dhp:000376,liao_dhp,375,376,0.06719905,O=C(O)C1CCC1,c1ccc(C[Se][Se]Cc2ccccc2)cc1,c1ccc(C[Se]C2CCC2)cc1,O=C(C1CCC1)O,C1(C[Se][Se]CC2=CC=CC=C2)=CC=CC=C1,C1([Se]CC2=CC=CC=C2)CCC1,NC(=O)C1=CN(Cc2ccccc2)C=CC1,NC(C1=CN(CC2=CC=CC=C2)C=CC1)=O,valid,CS(C)=O,CS(C)=O,valid,nonp-c22a89edf52e5d4a960c7a2d
liao_dhp:000377,liao_dhp,376,377,0.07464495,O=C(O)C1CCC1,c1ccc(C[Se][Se]Cc2ccccc2)cc1,c1ccc(C[Se]C2CCC2)cc1,O=C(C1CCC1)O,C1(C[Se][Se]CC2=CC=CC=C2)=CC=CC=C1,C1([Se]CC2=CC=CC=C2)CCC1,COc1ccc(CN2C=CCC(C(N)=O)=C2)cc1,NC(C1=CN(CC2=CC=C(OC)C=C2)C=CC1)=O,valid,CS(C)=O,CS(C)=O,valid,nonp-1cb74bee694bf760ca1cc962
liao_dhp:000378,liao_dhp,377,378,0.0092274,O=C(O)C1CCC1,c1ccc(C[Se][Se]Cc2ccccc2)cc1,c1ccc(C[Se]C2CCC2)cc1,O=C(C1CCC1)O,C1(C[Se][Se]CC2=CC=CC=C2)=CC=CC=C1,C1([Se]CC2=CC=CC=C2)CCC1,NC(=O)C1=CN(Cc2ccccc2)C=C(C(N)=O)C1c1ccccc1,NC(C1=CN(CC2=CC=CC=C2)C=C(C(N)=O)C1C3=CC=CC=C3)=O,valid,CS(C)=O,CS(C)=O,valid,nonp-b02a4bcbcd18bff18dfb2220
liao_dhp:000379,liao_dhp,378,379,0.0324166,COc1ccc2cc(C(C)C(=O)O)ccc2c1,c1ccc(C[Se][Se]Cc2ccccc2)cc1,COc1ccc2cc(C(C)[Se]Cc3ccccc3)ccc2c1,CC(C1=CC=C2C=C(OC)C=CC2=C1)C(O)=O,C1(C[Se][Se]CC2=CC=CC=C2)=CC=CC=C1,CC(C1=CC=C2C=C(OC)C=CC2=C1)[Se]CC3=CC=CC=C3,NC(=O)C1=CN(Cc2ccc(C(F)(F)F)cc2)C=CC1,NC(C1=CN(CC2=CC=C(C(F)(F)F)C=C2)C=CC1)=O,valid,CS(C)=O,CS(C)=O,valid,nonp-03bc288e805f6a0f82dfb0e8
liao_dhp:000380,liao_dhp,379,380,0.0,COc1ccc2cc(C(C)C(=O)O)ccc2c1,c1ccc(C[Se][Se]Cc2ccccc2)cc1,COc1ccc2cc(C(C)[Se]Cc3ccccc3)ccc2c1,CC(C1=CC=C2C=C(OC)C=CC2=C1)C(O)=O,C1(C[Se][Se]CC2=CC=CC=C2)=CC=CC=C1,CC(C1=CC=C2C=C(OC)C=CC2=C1)[Se]CC3=CC=CC=C3,NC(=O)C1=CN(Cc2ccccc2)C=C(C(N)=O)C1c1ccccc1,NC(C1=CN(CC2=CC=CC=C2)C=C(C(N)=O)C1C3=CC=CC=C3)=O,valid,CS(C)=O,CS(C)=O,valid,nonp-fcb1544a89d1b51079293e5e
liao_dhp:000381,liao_dhp,380,381,0.01761358,O=C(O)C1CCC1,c1ccc(C[Se][Se]Cc2ccccc2)cc1,c1ccc(C[Se]C2CCC2)cc1,O=C(C1CCC1)O,C1(C[Se][Se]CC2=CC=CC=C2)=CC=CC=C1,C1([Se]CC2=CC=CC=C2)CCC1,COc1ccc(CN2C=CCC(C(N)=O)=C2)cc1,NC(C1=CN(CC2=CC=C(OC)C=C2)C=CC1)=O,valid,CN(C)C=O,[H]C(N(C)C)=O,valid,nonp-0ada5b4f4b48e1bbc2205bbb
liao_dhp:000382,liao_dhp,381,382,0.0622875,COc1ccc2cc(C(C)C(=O)O)ccc2c1,c1ccc(C[Se][Se]Cc2ccccc2)cc1,COc1ccc2cc(C(C)[Se]Cc3ccccc3)ccc2c1,CC(C1=CC=C2C=C(OC)C=CC2=C1)C(O)=O,C1(C[Se][Se]CC2=CC=CC=C2)=CC=CC=C1,CC(C1=CC=C2C=C(OC)C=CC2=C1)[Se]CC3=CC=CC=C3,NC(=O)C1=CN(Cc2ccc(C(F)(F)F)cc2)C=CC1,NC(C1=CN(CC2=CC=C(C(F)(F)F)C=C2)C=CC1)=O,valid,CN(C)C=O,[H]C(N(C)C)=O,valid,nonp-6180818e95f063a780fc6dbd
liao_dhp:000383,liao_dhp,382,383,0.0245298,O=C(O)C1CCN(C(=O)OCc2ccccc2)CC1,c1ccc(C[Se][Se]Cc2ccccc2)cc1,O=C(OCc1ccccc1)N1CCC([Se]Cc2ccccc2)CC1,O=C(N1CCC(C(O)=O)CC1)OCC2=CC=CC=C2,C1(C[Se][Se]CC2=CC=CC=C2)=CC=CC=C1,O=C(N1CCC([Se]CC2=CC=CC=C2)CC1)OCC3=CC=CC=C3,NC(=O)C1=CN(Cc2ccccc2)C=CC1,NC(C1=CN(CC2=CC=CC=C2)C=CC1)=O,valid,CC#N,CC#N,valid,nonp-d182c0e9b2d541712abab8c3
liao_dhp:000384,liao_dhp,383,384,0.05083445,CC(C)(C)OC(=O)N[C@H](CC(=O)O)C(=O)OCc1ccccc1,c1ccc(C[Se][Se]Cc2ccccc2)cc1,CC(C)(C)OC(=O)N[C@H](C[Se]Cc1ccccc1)C(=O)OCc1ccccc1,O=C(OCC1=CC=CC=C1)[C@H](NC(OC(C)(C)C)=O)CC(O)=O,C1(C[Se][Se]CC2=CC=CC=C2)=CC=CC=C1,O=C(OCC1=CC=CC=C1)[C@H](NC(OC(C)(C)C)=O)C[Se]CC2=CC=CC=C2,NC(=O)C1=CN(Cc2ccccc2)C=CC1,NC(C1=CN(CC2=CC=CC=C2)C=CC1)=O,valid,CC#N,CC#N,valid,nonp-84af2352688a895b999fba87
liao_dhp:000385,liao_dhp,384,385,0.0,CC(C(=O)O)N1C(=O)c2ccccc2C1=O,CC[Se][Se]CC,CC[Se]C(C)N1C(=O)c2ccccc2C1=O,CC(N(C(C1=C2C=CC=C1)=O)C2=O)C(O)=O,CC[Se][Se]CC,CC(N(C(C1=C2C=CC=C1)=O)C2=O)[Se]CC,NC(=O)C1=CN(Cc2ccc(C(F)(F)F)cc2)C=CC1,NC(C1=CN(CC2=CC=C(C(F)(F)F)C=C2)C=CC1)=O,valid,CS(C)=O,CS(C)=O,valid,nonp-d8158b6c2a7005f86a171d29
liao_dhp:000386,liao_dhp,385,386,0.58657495,O=C(O)CCCc1c[nH]c2ccccc12,CC[Se][Se]CC,CC[Se]CCCc1c[nH]c2ccccc12,O=C(CCCC1=CNC2=C1C=CC=C2)O,CC[Se][Se]CC,CC[Se]CCCC1=CNC2=C1C=CC=C2,NC(=O)C1=CN(Cc2ccc(C(F)(F)F)cc2)C=CC1,NC(C1=CN(CC2=CC=C(C(F)(F)F)C=C2)C=CC1)=O,valid,CS(C)=O,CS(C)=O,valid,nonp-47ea2e06e4c649f4bc41890f
liao_dhp:000387,liao_dhp,386,387,0.2902717,O=C(O)CCCc1c[nH]c2ccccc12,CC[Se][Se]CC,CC[Se]CCCc1c[nH]c2ccccc12,O=C(CCCC1=CNC2=C1C=CC=C2)O,CC[Se][Se]CC,CC[Se]CCCC1=CNC2=C1C=CC=C2,NC(=O)C1=CN(Cc2ccccc2)C=C(C(N)=O)C1,NC(C1=CN(CC2=CC=CC=C2)C=C(C(N)=O)C1)=O,valid,CS(C)=O,CS(C)=O,valid,nonp-294ea6ee745fd318a832b881
liao_dhp:000388,liao_dhp,387,388,0.3674342,Cc1ccc(S(=O)(=O)N2CCC(C(=O)O)CC2)cc1,CC[Se][Se]CC,CC[Se]C1CCN(S(=O)(=O)c2ccc(C)cc2)CC1,CC1=CC=C(S(N2CCC(C(O)=O)CC2)(=O)=O)C=C1,CC[Se][Se]CC,CC1=CC=C(S(N2CCC([Se]CC)CC2)(=O)=O)C=C1,NC(=O)C1=CN(Cc2ccc(C(F)(F)F)cc2)C=CC1,NC(C1=CN(CC2=CC=C(C(F)(F)F)C=C2)C=CC1)=O,valid,CS(C)=O,CS(C)=O,valid,nonp-4094b95395f45e84a955f2f4
liao_dhp:000389,liao_dhp,388,389,0.0111798,O=C(O)Cc1ccc2c(c1)C(=O)c1ccccc1CO2,CC[Se][Se]CC,CC[Se]Cc1ccc2c(c1)C(=O)c1ccccc1CO2,O=C1C2=CC(CC(O)=O)=CC=C2OCC3=CC=CC=C13,CC[Se][Se]CC,O=C1C2=CC(C[Se]CC)=CC=C2OCC3=CC=CC=C13,NC(=O)C1=CN(Cc2ccccc2)C=CC1,NC(C1=CN(CC2=CC=CC=C2)C=CC1)=O,valid,CS(C)=O,CS(C)=O,valid,nonp-b3a647435d92471e0769d9af
liao_dhp:000390,liao_dhp,389,390,0.0,O=C(O)Cc1ccc2c(c1)C(=O)c1ccccc1CO2,CC[Se][Se]CC,CC[Se]Cc1ccc2c(c1)C(=O)c1ccccc1CO2,O=C1C2=CC(CC(O)=O)=CC=C2OCC3=CC=CC=C13,CC[Se][Se]CC,O=C1C2=CC(C[Se]CC)=CC=C2OCC3=CC=CC=C13,COc1ccc(CN2C=CCC(C(N)=O)=C2)cc1,NC(C1=CN(CC2=CC=C(OC)C=C2)C=CC1)=O,valid,CS(C)=O,CS(C)=O,valid,nonp-29ac1cbb7d223d616dca9134
liao_dhp:000391,liao_dhp,390,391,0.371416,CC(C(=O)O)c1ccc(CC2CCCC2=O)cc1,CC[Se][Se]CC,CC[Se]C(C)c1ccc(CC2CCCC2=O)cc1,CC(C1=CC=C(CC2C(CCC2)=O)C=C1)C(O)=O,CC[Se][Se]CC,CC(C1=CC=C(CC2C(CCC2)=O)C=C1)[Se]CC,NC(=O)C1=CN(Cc2ccc(C(F)(F)F)cc2)C=CC1,NC(C1=CN(CC2=CC=C(C(F)(F)F)C=C2)C=CC1)=O,valid,CS(C)=O,CS(C)=O,valid,nonp-48ab28ba78dd141fe1c2d3c5
liao_dhp:000392,liao_dhp,391,392,0.0086491,COc1ccc2c(c1)c(CC(=O)O)c(C)n2C(=O)c1ccc(Cl)cc1,CC[Se][Se]CC,CC[Se]Cc1c(C)n(C(=O)c2ccc(Cl)cc2)c2ccc(OC)cc12,CC(N1C(C2=CC=C(Cl)C=C2)=O)=C(CC(O)=O)C3=C1C=CC(OC)=C3,CC[Se][Se]CC,CC(N1C(C2=CC=C(Cl)C=C2)=O)=C(C[Se]CC)C3=C1C=CC(OC)=C3,NC(=O)C1=CN(Cc2ccccc2)C=C(C(N)=O)C1c1ccccc1,NC(C1=CN(CC2=CC=CC=C2)C=C(C(N)=O)C1C3=CC=CC=C3)=O,valid,CS(C)=O,CS(C)=O,valid,nonp-7d31774b847ca1d31de9ab56
liao_dhp:000393,liao_dhp,392,393,0.0,CC(C(=O)O)N1C(=O)c2ccccc2C1=O,CC[Se][Se]CC,CC[Se]C(C)N1C(=O)c2ccccc2C1=O,CC(N(C(C1=C2C=CC=C1)=O)C2=O)C(O)=O,CC[Se][Se]CC,CC(N(C(C1=C2C=CC=C1)=O)C2=O)[Se]CC,NC(=O)C1=CN(Cc2ccccc2)C=CC1,NC(C1=CN(CC2=CC=CC=C2)C=CC1)=O,valid,CN(C)C=O,[H]C(N(C)C)=O,valid,nonp-ab26381d832ec0f225d0beb7
liao_dhp:000394,liao_dhp,393,394,0.0,CC(C(=O)O)N1C(=O)c2ccccc2C1=O,CC[Se][Se]CC,CC[Se]C(C)N1C(=O)c2ccccc2C1=O,CC(N(C(C1=C2C=CC=C1)=O)C2=O)C(O)=O,CC[Se][Se]CC,CC(N(C(C1=C2C=CC=C1)=O)C2=O)[Se]CC,COc1ccc(CN2C=CCC(C(N)=O)=C2)cc1,NC(C1=CN(CC2=CC=C(OC)C=C2)C=CC1)=O,valid,CN(C)C=O,[H]C(N(C)C)=O,valid,nonp-d71be0eb1543880d622496a6
liao_dhp:000395,liao_dhp,394,395,0.09917275,O=C(O)CCCc1c[nH]c2ccccc12,CC[Se][Se]CC,CC[Se]CCCc1c[nH]c2ccccc12,O=C(CCCC1=CNC2=C1C=CC=C2)O,CC[Se][Se]CC,CC[Se]CCCC1=CNC2=C1C=CC=C2,NC(=O)C1=CN(Cc2ccccc2)C=C(C(N)=O)C1,NC(C1=CN(CC2=CC=CC=C2)C=C(C(N)=O)C1)=O,valid,CN(C)C=O,[H]C(N(C)C)=O,valid,nonp-27ad1e5719175b7add18f5d4
liao_dhp:000396,liao_dhp,395,396,0.0,Cc1ccc(S(=O)(=O)N2CCC(C(=O)O)CC2)cc1,CC[Se][Se]CC,CC[Se]C1CCN(S(=O)(=O)c2ccc(C)cc2)CC1,CC1=CC=C(S(N2CCC(C(O)=O)CC2)(=O)=O)C=C1,CC[Se][Se]CC,CC1=CC=C(S(N2CCC([Se]CC)CC2)(=O)=O)C=C1,NC(=O)C1=CN(Cc2ccccc2)C=CC1,NC(C1=CN(CC2=CC=CC=C2)C=CC1)=O,valid,CN(C)C=O,[H]C(N(C)C)=O,valid,nonp-2aa7bb78efbf0aa196504677
liao_dhp:000397,liao_dhp,396,397,0.0,COc1ccc2c(c1)c(CC(=O)O)c(C)n2C(=O)c1ccc(Cl)cc1,CC[Se][Se]CC,CC[Se]Cc1c(C)n(C(=O)c2ccc(Cl)cc2)c2ccc(OC)cc12,CC(N1C(C2=CC=C(Cl)C=C2)=O)=C(CC(O)=O)C3=C1C=CC(OC)=C3,CC[Se][Se]CC,CC(N1C(C2=CC=C(Cl)C=C2)=O)=C(C[Se]CC)C3=C1C=CC(OC)=C3,COc1ccc(CN2C=CCC(C(N)=O)=C2)cc1,NC(C1=CN(CC2=CC=C(OC)C=C2)C=CC1)=O,valid,CN(C)C=O,[H]C(N(C)C)=O,valid,nonp-cee8bb38e0fdeccbfda73f8f
liao_dhp:000398,liao_dhp,397,398,0.08634735,COc1ccc2c(c1)c(CC(=O)O)c(C)n2C(=O)c1ccc(Cl)cc1,CC[Se][Se]CC,CC[Se]Cc1c(C)n(C(=O)c2ccc(Cl)cc2)c2ccc(OC)cc12,CC(N1C(C2=CC=C(Cl)C=C2)=O)=C(CC(O)=O)C3=C1C=CC(OC)=C3,CC[Se][Se]CC,CC(N1C(C2=CC=C(Cl)C=C2)=O)=C(C[Se]CC)C3=C1C=CC(OC)=C3,NC(=O)C1=CN(Cc2ccccc2)C=C(C(N)=O)C1,NC(C1=CN(CC2=CC=CC=C2)C=C(C(N)=O)C1)=O,valid,CN(C)C=O,[H]C(N(C)C)=O,valid,nonp-abd838eff275057599e0b1b3
liao_dhp:000399,liao_dhp,398,399,0.0,Cc1ccc(S(=O)(=O)N2CCC(C(=O)O)CC2)cc1,CC[Se][Se]CC,CC[Se]C1CCN(S(=O)(=O)c2ccc(C)cc2)CC1,CC1=CC=C(S(N2CCC(C(O)=O)CC2)(=O)=O)C=C1,CC[Se][Se]CC,CC1=CC=C(S(N2CCC([Se]CC)CC2)(=O)=O)C=C1,NC(=O)C1=CN(Cc2ccccc2)C=C(C(N)=O)C1c1ccccc1,NC(C1=CN(CC2=CC=CC=C2)C=C(C(N)=O)C1C3=CC=CC=C3)=O,valid,CC#N,CC#N,valid,nonp-827f98afb35c313e49b0afff
liao_dhp:000400,liao_dhp,399,400,0.0,O=C(O)Cc1ccc2c(c1)C(=O)c1ccccc1CO2,CC[Se][Se]CC,CC[Se]Cc1ccc2c(c1)C(=O)c1ccccc1CO2,O=C1C2=CC(CC(O)=O)=CC=C2OCC3=CC=CC=C13,CC[Se][Se]CC,O=C1C2=CC(C[Se]CC)=CC=C2OCC3=CC=CC=C13,COc1ccc(CN2C=CCC(C(N)=O)=C2)cc1,NC(C1=CN(CC2=CC=C(OC)C=C2)C=CC1)=O,valid,CC#N,CC#N,valid,nonp-0adc16cf56e475a4e4e975f6
liao_dhp:000401,liao_dhp,400,401,0.0252625,CC(C(=O)O)c1ccc(CC2CCCC2=O)cc1,CC[Se][Se]CC,CC[Se]C(C)c1ccc(CC2CCCC2=O)cc1,CC(C1=CC=C(CC2C(CCC2)=O)C=C1)C(O)=O,CC[Se][Se]CC,CC(C1=CC=C(CC2C(CCC2)=O)C=C1)[Se]CC,NC(=O)C1=CN(Cc2ccc(C(F)(F)F)cc2)C=CC1,NC(C1=CN(CC2=CC=C(C(F)(F)F)C=C2)C=CC1)=O,valid,CC#N,CC#N,valid,nonp-104a9aec93432cc052e58233
liao_dhp:000402,liao_dhp,401,402,0.0,COc1ccc2c(c1)c(CC(=O)O)c(C)n2C(=O)c1ccc(Cl)cc1,CC[Se][Se]CC,CC[Se]Cc1c(C)n(C(=O)c2ccc(Cl)cc2)c2ccc(OC)cc12,CC(N1C(C2=CC=C(Cl)C=C2)=O)=C(CC(O)=O)C3=C1C=CC(OC)=C3,CC[Se][Se]CC,CC(N1C(C2=CC=C(Cl)C=C2)=O)=C(C[Se]CC)C3=C1C=CC(OC)=C3,NC(=O)C1=CN(Cc2ccccc2)C=CC1,NC(C1=CN(CC2=CC=CC=C2)C=CC1)=O,valid,CC#N,CC#N,valid,nonp-528d09cc95a5954f7a90a26b
liao_dhp:000403,liao_dhp,402,403,0.0,COc1ccc2c(c1)c(CC(=O)O)c(C)n2C(=O)c1ccc(Cl)cc1,CC[Se][Se]CC,CC[Se]Cc1c(C)n(C(=O)c2ccc(Cl)cc2)c2ccc(OC)cc12,CC(N1C(C2=CC=C(Cl)C=C2)=O)=C(CC(O)=O)C3=C1C=CC(OC)=C3,CC[Se][Se]CC,CC(N1C(C2=CC=C(Cl)C=C2)=O)=C(C[Se]CC)C3=C1C=CC(OC)=C3,NC(=O)C1=CN(Cc2ccc(C(F)(F)F)cc2)C=CC1,NC(C1=CN(CC2=CC=C(C(F)(F)F)C=C2)C=CC1)=O,valid,CC#N,CC#N,valid,nonp-d14dd5bcbc13bb7f5a83d921
liao_dhp:000404,liao_dhp,403,404,0.1478656,Cc1ccc(CC(=O)O)cc1,CC[Se][Se]CC,CC[Se]Cc1ccc(C)cc1,CC1=CC=C(CC(O)=O)C=C1,CC[Se][Se]CC,CC1=CC=C(C[Se]CC)C=C1,COc1ccc(CN2C=CCC(C(N)=O)=C2)cc1,NC(C1=CN(CC2=CC=C(OC)C=C2)C=CC1)=O,valid,CS(C)=O,CS(C)=O,valid,nonp-495050b2c1e7263c7eecf835
liao_dhp:000405,liao_dhp,404,405,0.0,O=C(O)Cc1ccc(Br)cc1,CC[Se][Se]CC,CC[Se]Cc1ccc(Br)cc1,BrC1=CC=C(CC(O)=O)C=C1,CC[Se][Se]CC,BrC1=CC=C(C[Se]CC)C=C1,NC(=O)C1=CN(Cc2ccccc2)C=C(C(N)=O)C1c1ccccc1,NC(C1=CN(CC2=CC=CC=C2)C=C(C(N)=O)C1C3=CC=CC=C3)=O,valid,CS(C)=O,CS(C)=O,valid,nonp-d64da4cfd9d5d88a03f76e85
liao_dhp:000406,liao_dhp,405,406,0.2951816,COc1ccc(CC(=O)O)cc1,CC[Se][Se]CC,CC[Se]Cc1ccc(OC)cc1,COC1=CC=C(CC(O)=O)C=C1,CC[Se][Se]CC,COC1=CC=C(C[Se]CC)C=C1,NC(=O)C1=CN(Cc2ccc(C(F)(F)F)cc2)C=CC1,NC(C1=CN(CC2=CC=C(C(F)(F)F)C=C2)C=CC1)=O,valid,CS(C)=O,CS(C)=O,valid,nonp-ae2a16ed4d2aa2123696ba60
liao_dhp:000407,liao_dhp,406,407,0.0673184,COc1ccc(CC(=O)O)cc1,CC[Se][Se]CC,CC[Se]Cc1ccc(OC)cc1,COC1=CC=C(CC(O)=O)C=C1,CC[Se][Se]CC,COC1=CC=C(C[Se]CC)C=C1,NC(=O)C1=CN(Cc2ccccc2)C=C(C(N)=O)C1c1ccccc1,NC(C1=CN(CC2=CC=CC=C2)C=C(C(N)=O)C1C3=CC=CC=C3)=O,valid,CS(C)=O,CS(C)=O,valid,nonp-10593d5b31ada276ac9804e5
liao_dhp:000408,liao_dhp,407,408,0.5420558,Cc1ccccc1CC(=O)O,CC[Se][Se]CC,CC[Se]Cc1ccccc1C,CC1=C(CC(O)=O)C=CC=C1,CC[Se][Se]CC,CC1=C(C[Se]CC)C=CC=C1,COc1ccc(CN2C=CCC(C(N)=O)=C2)cc1,NC(C1=CN(CC2=CC=C(OC)C=C2)C=CC1)=O,valid,CS(C)=O,CS(C)=O,valid,nonp-dd8043e11ba60e6b87a5222a
liao_dhp:000409,liao_dhp,408,409,0.215,O=C(O)Cc1c[nH]c2ccccc12,CC[Se][Se]CC,CC[Se]Cc1c[nH]c2ccccc12,O=C(CC1=CNC2=C1C=CC=C2)O,CC[Se][Se]CC,CC[Se]CC1=CNC2=C1C=CC=C2,NC(=O)C1=CN(Cc2ccccc2)C=C(C(N)=O)C1,NC(C1=CN(CC2=CC=CC=C2)C=C(C(N)=O)C1)=O,valid,CS(C)=O,CS(C)=O,valid,nonp-364ed3656c38085728eb110f
liao_dhp:000410,liao_dhp,409,410,0.0722416,Cc1ccc(CC(=O)O)cc1,CC[Se][Se]CC,CC[Se]Cc1ccc(C)cc1,CC1=CC=C(CC(O)=O)C=C1,CC[Se][Se]CC,CC1=CC=C(C[Se]CC)C=C1,NC(=O)C1=CN(Cc2ccccc2)C=C(C(N)=O)C1,NC(C1=CN(CC2=CC=CC=C2)C=C(C(N)=O)C1)=O,valid,CN(C)C=O,[H]C(N(C)C)=O,valid,nonp-9d1999a10f66bc36c8bd3f3b
liao_dhp:000411,liao_dhp,410,411,0.043808,COc1ccc(CC(=O)O)cc1,CC[Se][Se]CC,CC[Se]Cc1ccc(OC)cc1,COC1=CC=C(CC(O)=O)C=C1,CC[Se][Se]CC,COC1=CC=C(C[Se]CC)C=C1,NC(=O)C1=CN(Cc2ccccc2)C=C(C(N)=O)C1c1ccccc1,NC(C1=CN(CC2=CC=CC=C2)C=C(C(N)=O)C1C3=CC=CC=C3)=O,valid,CN(C)C=O,[H]C(N(C)C)=O,valid,nonp-088068a30824989aeb425516
liao_dhp:000412,liao_dhp,411,412,0.026829,Cc1ccccc1CC(=O)O,CC[Se][Se]CC,CC[Se]Cc1ccccc1C,CC1=C(CC(O)=O)C=CC=C1,CC[Se][Se]CC,CC1=C(C[Se]CC)C=CC=C1,COc1ccc(CN2C=CCC(C(N)=O)=C2)cc1,NC(C1=CN(CC2=CC=C(OC)C=C2)C=CC1)=O,valid,CN(C)C=O,[H]C(N(C)C)=O,valid,nonp-d6c6151ad5750d91892994cb
liao_dhp:000413,liao_dhp,412,413,0.018175,O=C(O)Cc1c[nH]c2ccccc12,CC[Se][Se]CC,CC[Se]Cc1c[nH]c2ccccc12,O=C(CC1=CNC2=C1C=CC=C2)O,CC[Se][Se]CC,CC[Se]CC1=CNC2=C1C=CC=C2,NC(=O)C1=CN(Cc2ccc(C(F)(F)F)cc2)C=CC1,NC(C1=CN(CC2=CC=C(C(F)(F)F)C=C2)C=CC1)=O,valid,CN(C)C=O,[H]C(N(C)C)=O,valid,nonp-5d08851099a2580faaf97a4b
liao_dhp:000414,liao_dhp,413,414,0.0,O=C(O)Cc1c[nH]c2ccccc12,CC[Se][Se]CC,CC[Se]Cc1c[nH]c2ccccc12,O=C(CC1=CNC2=C1C=CC=C2)O,CC[Se][Se]CC,CC[Se]CC1=CNC2=C1C=CC=C2,NC(=O)C1=CN(Cc2ccccc2)C=C(C(N)=O)C1c1ccccc1,NC(C1=CN(CC2=CC=CC=C2)C=C(C(N)=O)C1C3=CC=CC=C3)=O,valid,CN(C)C=O,[H]C(N(C)C)=O,valid,nonp-7b06e55953033a8d79f59138
liao_dhp:000415,liao_dhp,414,415,0.0,O=C(O)Cc1ccc(Br)cc1,CC[Se][Se]CC,CC[Se]Cc1ccc(Br)cc1,BrC1=CC=C(CC(O)=O)C=C1,CC[Se][Se]CC,BrC1=CC=C(C[Se]CC)C=C1,NC(=O)C1=CN(Cc2ccccc2)C=CC1,NC(C1=CN(CC2=CC=CC=C2)C=CC1)=O,valid,CC#N,CC#N,valid,nonp-e30d3628ba1fac135f930ea8
liao_dhp:000416,liao_dhp,415,416,0.0,O=C(O)Cc1ccc(Br)cc1,CC[Se][Se]CC,CC[Se]Cc1ccc(Br)cc1,BrC1=CC=C(CC(O)=O)C=C1,CC[Se][Se]CC,BrC1=CC=C(C[Se]CC)C=C1,COc1ccc(CN2C=CCC(C(N)=O)=C2)cc1,NC(C1=CN(CC2=CC=C(OC)C=C2)C=CC1)=O,valid,CC#N,CC#N,valid,nonp-065ff03c50568db77df56154
liao_dhp:000417,liao_dhp,416,417,0.0,O=C(O)Cc1ccc(Br)cc1,CC[Se][Se]CC,CC[Se]Cc1ccc(Br)cc1,BrC1=CC=C(CC(O)=O)C=C1,CC[Se][Se]CC,BrC1=CC=C(C[Se]CC)C=C1,NC(=O)C1=CN(Cc2ccc(C(F)(F)F)cc2)C=CC1,NC(C1=CN(CC2=CC=C(C(F)(F)F)C=C2)C=CC1)=O,valid,CC#N,CC#N,valid,nonp-4c063fe2fb066152ad34be44
liao_dhp:000418,liao_dhp,417,418,0.0175,Cc1ccccc1CC(=O)O,CC[Se][Se]CC,CC[Se]Cc1ccccc1C,CC1=C(CC(O)=O)C=CC=C1,CC[Se][Se]CC,CC1=C(C[Se]CC)C=CC=C1,COc1ccc(CN2C=CCC(C(N)=O)=C2)cc1,NC(C1=CN(CC2=CC=C(OC)C=C2)C=CC1)=O,valid,CC#N,CC#N,valid,nonp-f1fc9063fd4be1a2cfceafb0
liao_dhp:000419,liao_dhp,418,419,0.0,Cc1ccccc1CC(=O)O,CC[Se][Se]CC,CC[Se]Cc1ccccc1C,CC1=C(CC(O)=O)C=CC=C1,CC[Se][Se]CC,CC1=C(C[Se]CC)C=CC=C1,NC(=O)C1=CN(Cc2ccccc2)C=C(C(N)=O)C1c1ccccc1,NC(C1=CN(CC2=CC=CC=C2)C=C(C(N)=O)C1C3=CC=CC=C3)=O,valid,CC#N,CC#N,valid,nonp-bfff2243d35a6a1f7c86b20a
liao_dhp:000420,liao_dhp,419,420,0.1329979,O=C(O)Cc1c[nH]c2ccccc12,CC[Se][Se]CC,CC[Se]Cc1c[nH]c2ccccc12,O=C(CC1=CNC2=C1C=CC=C2)O,CC[Se][Se]CC,CC[Se]CC1=CNC2=C1C=CC=C2,NC(=O)C1=CN(Cc2ccccc2)C=CC1,NC(C1=CN(CC2=CC=CC=C2)C=CC1)=O,valid,CC#N,CC#N,valid,nonp-c0b96877666345d8aaba13f7
liao_dhp:000421,liao_dhp,420,421,0.1625224,O=C(O)Cc1c[nH]c2ccccc12,CC[Se][Se]CC,CC[Se]Cc1c[nH]c2ccccc12,O=C(CC1=CNC2=C1C=CC=C2)O,CC[Se][Se]CC,CC[Se]CC1=CNC2=C1C=CC=C2,NC(=O)C1=CN(Cc2ccc(C(F)(F)F)cc2)C=CC1,NC(C1=CN(CC2=CC=C(C(F)(F)F)C=C2)C=CC1)=O,valid,CC#N,CC#N,valid,nonp-10f4178333447734a1de2258
liao_dhp:000422,liao_dhp,421,422,0.0,O=C(O)Cc1c[nH]c2ccccc12,CC[Se][Se]CC,CC[Se]Cc1c[nH]c2ccccc12,O=C(CC1=CNC2=C1C=CC=C2)O,CC[Se][Se]CC,CC[Se]CC1=CNC2=C1C=CC=C2,NC(=O)C1=CN(Cc2ccccc2)C=C(C(N)=O)C1c1ccccc1,NC(C1=CN(CC2=CC=CC=C2)C=C(C(N)=O)C1C3=CC=CC=C3)=O,valid,CC#N,CC#N,valid,nonp-4885c0b60a843db3744d8507
liao_dhp:000423,liao_dhp,422,423,0.676829083,CC(C(=O)O)c1ccc(CC2CCCC2=O)cc1,c1ccc([Se][Se]c2ccccc2)cc1,CC([Se]c1ccccc1)c1ccc(CC2CCCC2=O)cc1,CC(C1=CC=C(CC2C(CCC2)=O)C=C1)C(O)=O,C1([Se][Se]C2=CC=CC=C2)=CC=CC=C1,CC(C1=CC=C(CC2C(CCC2)=O)C=C1)[Se]C3=CC=CC=C3,NC(=O)C1=CN(Cc2ccccc2)C=CC1,NC(C1=CN(CC2=CC=CC=C2)C=CC1)=O,valid,CS(C)=O,CS(C)=O,valid,nonp-7de8c6b642a637ed4fc3c1a3
liao_dhp:000424,liao_dhp,423,424,0.794648567,COc1ccc2c(c1)c(CC(=O)O)c(C)n2C(=O)c1ccc(Cl)cc1,c1ccc([Se][Se]c2ccccc2)cc1,COc1ccc2c(c1)c(C[Se]c1ccccc1)c(C)n2C(=O)c1ccc(Cl)cc1,CC(N1C(C2=CC=C(Cl)C=C2)=O)=C(CC(O)=O)C3=C1C=CC(OC)=C3,C1([Se][Se]C2=CC=CC=C2)=CC=CC=C1,CC(N1C(C2=CC=C(Cl)C=C2)=O)=C(C[Se]C3=CC=CC=C3)C4=C1C=CC(OC)=C4,NC(=O)C1=CN(Cc2ccc(C(F)(F)F)cc2)C=CC1,NC(C1=CN(CC2=CC=C(C(F)(F)F)C=C2)C=CC1)=O,valid,CS(C)=O,CS(C)=O,valid,nonp-77757a611e7f09cdc30518b6
liao_dhp:000425,liao_dhp,424,425,0.16393635,COc1ccc(CC(=O)O)cc1,c1ccc([Se][Se]c2ccccc2)cc1,COc1ccc(C[Se]c2ccccc2)cc1,COC1=CC=C(CC(O)=O)C=C1,C1([Se][Se]C2=CC=CC=C2)=CC=CC=C1,COC1=CC=C(C[Se]C2=CC=CC=C2)C=C1,NC(=O)C1=CN(Cc2ccccc2)C=CC1,NC(C1=CN(CC2=CC=CC=C2)C=CC1)=O,valid,CS(C)=O,CS(C)=O,valid,nonp-6e10d4aba6b91d194e8c731f
liao_dhp:000426,liao_dhp,425,426,0.15801585,COc1ccc(CC(=O)O)cc1,c1ccc([Se][Se]c2ccccc2)cc1,COc1ccc(C[Se]c2ccccc2)cc1,COC1=CC=C(CC(O)=O)C=C1,C1([Se][Se]C2=CC=CC=C2)=CC=CC=C1,COC1=CC=C(C[Se]C2=CC=CC=C2)C=C1,COc1ccc(CN2C=CCC(C(N)=O)=C2)cc1,NC(C1=CN(CC2=CC=C(OC)C=C2)C=CC1)=O,valid,CS(C)=O,CS(C)=O,valid,nonp-9ea2adb38606e8183d91e9bf
liao_dhp:000427,liao_dhp,426,427,0.3069538,Cc1ccccc1CC(=O)O,c1ccc([Se][Se]c2ccccc2)cc1,Cc1ccccc1C[Se]c1ccccc1,CC1=C(CC(O)=O)C=CC=C1,C1([Se][Se]C2=CC=CC=C2)=CC=CC=C1,CC1=C(C[Se]C2=CC=CC=C2)C=CC=C1,NC(=O)C1=CN(Cc2ccccc2)C=CC1,NC(C1=CN(CC2=CC=CC=C2)C=CC1)=O,valid,CS(C)=O,CS(C)=O,valid,nonp-6f254659fb5f4ca9c2d3034b
liao_dhp:000428,liao_dhp,427,428,0.2594086,Cc1ccccc1CC(=O)O,c1ccc([Se][Se]c2ccccc2)cc1,Cc1ccccc1C[Se]c1ccccc1,CC1=C(CC(O)=O)C=CC=C1,C1([Se][Se]C2=CC=CC=C2)=CC=CC=C1,CC1=C(C[Se]C2=CC=CC=C2)C=CC=C1,NC(=O)C1=CN(Cc2ccc(C(F)(F)F)cc2)C=CC1,NC(C1=CN(CC2=CC=C(C(F)(F)F)C=C2)C=CC1)=O,valid,CS(C)=O,CS(C)=O,valid,nonp-35e2740780bcfb641df5db5b
liao_dhp:000429,liao_dhp,428,429,0.2062996,Cc1ccccc1CC(=O)O,c1ccc([Se][Se]c2ccccc2)cc1,Cc1ccccc1C[Se]c1ccccc1,CC1=C(CC(O)=O)C=CC=C1,C1([Se][Se]C2=CC=CC=C2)=CC=CC=C1,CC1=C(C[Se]C2=CC=CC=C2)C=CC=C1,NC(=O)C1=CN(Cc2ccccc2)C=C(C(N)=O)C1,NC(C1=CN(CC2=CC=CC=C2)C=C(C(N)=O)C1)=O,valid,CS(C)=O,CS(C)=O,valid,nonp-113913b727bbe387243a715d
liao_dhp:000430,liao_dhp,429,430,0.749577095,O=C(O)CCCc1c[nH]c2ccccc12,c1ccc([Se][Se]c2ccccc2)cc1,c1ccc([Se]CCCc2c[nH]c3ccccc23)cc1,O=C(CCCC1=CNC2=C1C=CC=C2)O,C1([Se][Se]C2=CC=CC=C2)=CC=CC=C1,C1(CCC[Se]C2=CC=CC=C2)=CNC3=C1C=CC=C3,NC(=O)C1=CN(Cc2ccccc2)C=C(C(N)=O)C1,NC(C1=CN(CC2=CC=CC=C2)C=C(C(N)=O)C1)=O,valid,CS(C)=O,CS(C)=O,valid,nonp-bbb57ba18f4112ad045ae357
liao_dhp:000431,liao_dhp,430,431,0.99,Cc1ccc(S(=O)(=O)N2CCC(C(=O)O)CC2)cc1,c1ccc([Se][Se]c2ccccc2)cc1,Cc1ccc(S(=O)(=O)N2CCC([Se]c3ccccc3)CC2)cc1,CC1=CC=C(S(N2CCC(C(O)=O)CC2)(=O)=O)C=C1,C1([Se][Se]C2=CC=CC=C2)=CC=CC=C1,CC1=CC=C(S(N2CCC([Se]C3=CC=CC=C3)CC2)(=O)=O)C=C1,NC(=O)C1=CN(Cc2ccccc2)C=C(C(N)=O)C1,NC(C1=CN(CC2=CC=CC=C2)C=C(C(N)=O)C1)=O,valid,CS(C)=O,CS(C)=O,valid,nonp-9cf23b76bc1353fc06d078f8
liao_dhp:000432,liao_dhp,431,432,0.646181,O=C(O)CCc1ccccc1,c1ccc([Se][Se]c2ccccc2)cc1,c1ccc(CC[Se]c2ccccc2)cc1,O=C(CCC1=CC=CC=C1)O,C1([Se][Se]C2=CC=CC=C2)=CC=CC=C1,C1(CC[Se]C2=CC=CC=C2)=CC=CC=C1,NC(=O)C1=CN(Cc2ccccc2)C=C(C(N)=O)C1c1ccccc1,NC(C1=CN(CC2=CC=CC=C2)C=C(C(N)=O)C1C3=CC=CC=C3)=O,valid,CS(C)=O,CS(C)=O,valid,nonp-a10ef4a34c92238f23451009
liao_dhp:000433,liao_dhp,432,433,0.26764575,O=C(O)C1CCC(F)(F)CC1,c1ccc([Se][Se]c2ccccc2)cc1,FC1(F)CCC([Se]c2ccccc2)CC1,FC1(F)CCC(C(O)=O)CC1,C1([Se][Se]C2=CC=CC=C2)=CC=CC=C1,FC1(F)CCC([Se]C2=CC=CC=C2)CC1,NC(=O)C1=CN(Cc2ccccc2)C=CC1,NC(C1=CN(CC2=CC=CC=C2)C=CC1)=O,valid,CS(C)=O,CS(C)=O,valid,nonp-5b751b8654e3c1c7311e8501
liao_dhp:000434,liao_dhp,433,434,0.711339167,O=C(O)Cc1ccc2c(c1)C(=O)c1ccccc1CO2,c1ccc([Se][Se]c2ccccc2)cc1,O=C1c2ccccc2COc2ccc(C[Se]c3ccccc3)cc21,O=C1C2=CC(CC(O)=O)=CC=C2OCC3=CC=CC=C13,C1([Se][Se]C2=CC=CC=C2)=CC=CC=C1,O=C1C2=CC(C[Se]C3=CC=CC=C3)=CC=C2OCC4=CC=CC=C14,COc1ccc(CN2C=CCC(C(N)=O)=C2)cc1,NC(C1=CN(CC2=CC=C(OC)C=C2)C=CC1)=O,valid,CS(C)=O,CS(C)=O,valid,nonp-19b79c83d56902320f95b56e
liao_dhp:000435,liao_dhp,434,435,0.85502,CC(C)(C)OC(=O)N[C@H](CC(=O)O)C(=O)OCc1ccccc1,c1ccc([Se][Se]c2ccccc2)cc1,CC(C)(C)OC(=O)N[C@H](C[Se]c1ccccc1)C(=O)OCc1ccccc1,O=C(OCC1=CC=CC=C1)[C@H](NC(OC(C)(C)C)=O)CC(O)=O,C1([Se][Se]C2=CC=CC=C2)=CC=CC=C1,O=C(OCC1=CC=CC=C1)[C@H](NC(OC(C)(C)C)=O)C[Se]C2=CC=CC=C2,COc1ccc(CN2C=CCC(C(N)=O)=C2)cc1,NC(C1=CN(CC2=CC=C(OC)C=C2)C=CC1)=O,valid,CS(C)=O,CS(C)=O,valid,nonp-0dd28b1e7b488ee056046fee
liao_dhp:000436,liao_dhp,435,436,0.6802298,O=C(O)C1CCC1,c1ccc([Se][Se]c2ccccc2)cc1,c1ccc([Se]C2CCC2)cc1,O=C(C1CCC1)O,C1([Se][Se]C2=CC=CC=C2)=CC=CC=C1,C1([Se]C2=CC=CC=C2)CCC1,NC(=O)C1=CN(Cc2ccc(C(F)(F)F)cc2)C=CC1,NC(C1=CN(CC2=CC=C(C(F)(F)F)C=C2)C=CC1)=O,valid,CS(C)=O,CS(C)=O,valid,nonp-4d10d8f052933a2271e22338
liao_dhp:000437,liao_dhp,436,437,0.6406874,COc1ccc2cc(C(C)C(=O)O)ccc2c1,c1ccc([Se][Se]c2ccccc2)cc1,COc1ccc2cc(C(C)[Se]c3ccccc3)ccc2c1,CC(C1=CC=C2C=C(OC)C=CC2=C1)C(O)=O,C1([Se][Se]C2=CC=CC=C2)=CC=CC=C1,CC(C1=CC=C2C=C(OC)C=CC2=C1)[Se]C3=CC=CC=C3,NC(=O)C1=CN(Cc2ccccc2)C=C(C(N)=O)C1,NC(C1=CN(CC2=CC=CC=C2)C=C(C(N)=O)C1)=O,valid,CS(C)=O,CS(C)=O,valid,nonp-4276e960f8308092a159b5ff
liao_dhp:000438,liao_dhp,437,438,0.31871125,COc1ccc2cc(C(C)C(=O)O)ccc2c1,c1ccc([Se][Se]c2ccccc2)cc1,COc1ccc2cc(C(C)[Se]c3ccccc3)ccc2c1,CC(C1=CC=C2C=C(OC)C=CC2=C1)C(O)=O,C1([Se][Se]C2=CC=CC=C2)=CC=CC=C1,CC(C1=CC=C2C=C(OC)C=CC2=C1)[Se]C3=CC=CC=C3,NC(=O)C1=CN(Cc2ccccc2)C=C(C(N)=O)C1c1ccccc1,NC(C1=CN(CC2=CC=CC=C2)C=C(C(N)=O)C1C3=CC=CC=C3)=O,valid,CS(C)=O,CS(C)=O,valid,nonp-1edde28639f818befa065e78
liao_dhp:000439,liao_dhp,438,439,0.8,O=C(O)C1(c2ccccc2)CC1,c1ccc([Se][Se]c2ccccc2)cc1,c1ccc([Se]C2(c3ccccc3)CC2)cc1,O=C(C1(C2=CC=CC=C2)CC1)O,C1([Se][Se]C2=CC=CC=C2)=CC=CC=C1,C1(C2([Se]C3=CC=CC=C3)CC2)=CC=CC=C1,NC(=O)C1=CN(Cc2ccccc2)C=CC1,NC(C1=CN(CC2=CC=CC=C2)C=CC1)=O,valid,CS(C)=O,CS(C)=O,valid,nonp-9c52a4ebd3a3e9729ad83dd9
liao_dhp:000440,liao_dhp,439,440,0.4187428,O=C(O)C1(c2ccccc2)CC1,c1ccc([Se][Se]c2ccccc2)cc1,c1ccc([Se]C2(c3ccccc3)CC2)cc1,O=C(C1(C2=CC=CC=C2)CC1)O,C1([Se][Se]C2=CC=CC=C2)=CC=CC=C1,C1(C2([Se]C3=CC=CC=C3)CC2)=CC=CC=C1,NC(=O)C1=CN(Cc2ccccc2)C=C(C(N)=O)C1c1ccccc1,NC(C1=CN(CC2=CC=CC=C2)C=C(C(N)=O)C1C3=CC=CC=C3)=O,valid,CS(C)=O,CS(C)=O,valid,nonp-abde997396d901d92f97bc5f
liao_dhp:000441,liao_dhp,440,441,0.629424,O=C(O)CCCc1c[nH]c2ccccc12,c1ccc([Se][Se]c2ccccc2)cc1,c1ccc([Se]CCCc2c[nH]c3ccccc23)cc1,O=C(CCCC1=CNC2=C1C=CC=C2)O,C1([Se][Se]C2=CC=CC=C2)=CC=CC=C1,C1(CCC[Se]C2=CC=CC=C2)=CNC3=C1C=CC=C3,NC(=O)C1=CN(Cc2ccc(C(F)(F)F)cc2)C=CC1,NC(C1=CN(CC2=CC=C(C(F)(F)F)C=C2)C=CC1)=O,valid,CN(C)C=O,[H]C(N(C)C)=O,valid,nonp-e759657523275c790e492391
liao_dhp:000442,liao_dhp,441,442,0.51044,O=C(O)CCCc1c[nH]c2ccccc12,c1ccc([Se][Se]c2ccccc2)cc1,c1ccc([Se]CCCc2c[nH]c3ccccc23)cc1,O=C(CCCC1=CNC2=C1C=CC=C2)O,C1([Se][Se]C2=CC=CC=C2)=CC=CC=C1,C1(CCC[Se]C2=CC=CC=C2)=CNC3=C1C=CC=C3,NC(=O)C1=CN(Cc2ccccc2)C=C(C(N)=O)C1,NC(C1=CN(CC2=CC=CC=C2)C=C(C(N)=O)C1)=O,valid,CN(C)C=O,[H]C(N(C)C)=O,valid,nonp-37e61b3a3494a4696ccf530a
liao_dhp:000443,liao_dhp,442,443,0.0821093,O=C(O)CCc1ccccc1,c1ccc([Se][Se]c2ccccc2)cc1,c1ccc(CC[Se]c2ccccc2)cc1,O=C(CCC1=CC=CC=C1)O,C1([Se][Se]C2=CC=CC=C2)=CC=CC=C1,C1(CC[Se]C2=CC=CC=C2)=CC=CC=C1,NC(=O)C1=CN(Cc2ccccc2)C=CC1,NC(C1=CN(CC2=CC=CC=C2)C=CC1)=O,valid,CN(C)C=O,[H]C(N(C)C)=O,valid,nonp-03586c1aa97f3c63b704a3ed
liao_dhp:000444,liao_dhp,443,444,0.251859,O=C(O)C1CCC(F)(F)CC1,c1ccc([Se][Se]c2ccccc2)cc1,FC1(F)CCC([Se]c2ccccc2)CC1,FC1(F)CCC(C(O)=O)CC1,C1([Se][Se]C2=CC=CC=C2)=CC=CC=C1,FC1(F)CCC([Se]C2=CC=CC=C2)CC1,NC(=O)C1=CN(Cc2ccc(C(F)(F)F)cc2)C=CC1,NC(C1=CN(CC2=CC=C(C(F)(F)F)C=C2)C=CC1)=O,valid,CN(C)C=O,[H]C(N(C)C)=O,valid,nonp-defc9cf36b8c90bd3fac30ee
liao_dhp:000445,liao_dhp,444,445,0.6974601,O=C(O)Cc1ccc2c(c1)C(=O)c1ccccc1CO2,c1ccc([Se][Se]c2ccccc2)cc1,O=C1c2ccccc2COc2ccc(C[Se]c3ccccc3)cc21,O=C1C2=CC(CC(O)=O)=CC=C2OCC3=CC=CC=C13,C1([Se][Se]C2=CC=CC=C2)=CC=CC=C1,O=C1C2=CC(C[Se]C3=CC=CC=C3)=CC=C2OCC4=CC=CC=C14,NC(=O)C1=CN(Cc2ccccc2)C=CC1,NC(C1=CN(CC2=CC=CC=C2)C=CC1)=O,valid,CN(C)C=O,[H]C(N(C)C)=O,valid,nonp-1aec298beeaf21b4bab7f689
liao_dhp:000446,liao_dhp,445,446,0.235,O=C(O)Cc1ccc2c(c1)C(=O)c1ccccc1CO2,c1ccc([Se][Se]c2ccccc2)cc1,O=C1c2ccccc2COc2ccc(C[Se]c3ccccc3)cc21,O=C1C2=CC(CC(O)=O)=CC=C2OCC3=CC=CC=C13,C1([Se][Se]C2=CC=CC=C2)=CC=CC=C1,O=C1C2=CC(C[Se]C3=CC=CC=C3)=CC=C2OCC4=CC=CC=C14,NC(=O)C1=CN(Cc2ccccc2)C=C(C(N)=O)C1c1ccccc1,NC(C1=CN(CC2=CC=CC=C2)C=C(C(N)=O)C1C3=CC=CC=C3)=O,valid,CN(C)C=O,[H]C(N(C)C)=O,valid,nonp-48e53cd849bf5c76287b9451
liao_dhp:000447,liao_dhp,446,447,0.6256078,Cc1ccccc1CC(=O)O,c1ccc([Se][Se]c2ccccc2)cc1,Cc1ccccc1C[Se]c1ccccc1,CC1=C(CC(O)=O)C=CC=C1,C1([Se][Se]C2=CC=CC=C2)=CC=CC=C1,CC1=C(C[Se]C2=CC=CC=C2)C=CC=C1,COc1ccc(CN2C=CCC(C(N)=O)=C2)cc1,NC(C1=CN(CC2=CC=C(OC)C=C2)C=CC1)=O,valid,CN(C)C=O,[H]C(N(C)C)=O,valid,nonp-6d42d28fb076b44183f223c9
liao_dhp:000448,liao_dhp,447,448,0.2867218,Cc1ccccc1CC(=O)O,c1ccc([Se][Se]c2ccccc2)cc1,Cc1ccccc1C[Se]c1ccccc1,CC1=C(CC(O)=O)C=CC=C1,C1([Se][Se]C2=CC=CC=C2)=CC=CC=C1,CC1=C(C[Se]C2=CC=CC=C2)C=CC=C1,NC(=O)C1=CN(Cc2ccccc2)C=C(C(N)=O)C1c1ccccc1,NC(C1=CN(CC2=CC=CC=C2)C=C(C(N)=O)C1C3=CC=CC=C3)=O,valid,CN(C)C=O,[H]C(N(C)C)=O,valid,nonp-b36bd14696666a02cfc83c3b
liao_dhp:000449,liao_dhp,448,449,0.841868041,O=C(O)C1CCN(C(=O)OCc2ccccc2)CC1,c1ccc([Se][Se]c2ccccc2)cc1,O=C(OCc1ccccc1)N1CCC([Se]c2ccccc2)CC1,O=C(N1CCC(C(O)=O)CC1)OCC2=CC=CC=C2,C1([Se][Se]C2=CC=CC=C2)=CC=CC=C1,O=C(N1CCC([Se]C2=CC=CC=C2)CC1)OCC3=CC=CC=C3,NC(=O)C1=CN(Cc2ccccc2)C=CC1,NC(C1=CN(CC2=CC=CC=C2)C=CC1)=O,valid,CN(C)C=O,[H]C(N(C)C)=O,valid,nonp-c8daed2c74df7716edfd902a
liao_dhp:000450,liao_dhp,449,450,0.8718146,CC(C)(C)OC(=O)N[C@H](CC(=O)O)C(=O)OCc1ccccc1,c1ccc([Se][Se]c2ccccc2)cc1,CC(C)(C)OC(=O)N[C@H](C[Se]c1ccccc1)C(=O)OCc1ccccc1,O=C(OCC1=CC=CC=C1)[C@H](NC(OC(C)(C)C)=O)CC(O)=O,C1([Se][Se]C2=CC=CC=C2)=CC=CC=C1,O=C(OCC1=CC=CC=C1)[C@H](NC(OC(C)(C)C)=O)C[Se]C2=CC=CC=C2,NC(=O)C1=CN(Cc2ccccc2)C=CC1,NC(C1=CN(CC2=CC=CC=C2)C=CC1)=O,valid,CN(C)C=O,[H]C(N(C)C)=O,valid,nonp-432ad10893bab68f41616dd6
liao_dhp:000451,liao_dhp,450,451,0.8126684,CC(C)(C)OC(=O)N[C@H](CC(=O)O)C(=O)OCc1ccccc1,c1ccc([Se][Se]c2ccccc2)cc1,CC(C)(C)OC(=O)N[C@H](C[Se]c1ccccc1)C(=O)OCc1ccccc1,O=C(OCC1=CC=CC=C1)[C@H](NC(OC(C)(C)C)=O)CC(O)=O,C1([Se][Se]C2=CC=CC=C2)=CC=CC=C1,O=C(OCC1=CC=CC=C1)[C@H](NC(OC(C)(C)C)=O)C[Se]C2=CC=CC=C2,NC(=O)C1=CN(Cc2ccc(C(F)(F)F)cc2)C=CC1,NC(C1=CN(CC2=CC=C(C(F)(F)F)C=C2)C=CC1)=O,valid,CN(C)C=O,[H]C(N(C)C)=O,valid,nonp-c075e223704f8edf83438ba2
liao_dhp:000452,liao_dhp,451,452,0.60557355,COc1ccc2cc(C(C)C(=O)O)ccc2c1,c1ccc([Se][Se]c2ccccc2)cc1,COc1ccc2cc(C(C)[Se]c3ccccc3)ccc2c1,CC(C1=CC=C2C=C(OC)C=CC2=C1)C(O)=O,C1([Se][Se]C2=CC=CC=C2)=CC=CC=C1,CC(C1=CC=C2C=C(OC)C=CC2=C1)[Se]C3=CC=CC=C3,COc1ccc(CN2C=CCC(C(N)=O)=C2)cc1,NC(C1=CN(CC2=CC=C(OC)C=C2)C=CC1)=O,valid,CN(C)C=O,[H]C(N(C)C)=O,valid,nonp-672e406d1d4af7d4c84353bd
liao_dhp:000453,liao_dhp,452,453,0.0640859,O=C(O)CCc1ccccc1,c1ccc([Se][Se]c2ccccc2)cc1,c1ccc(CC[Se]c2ccccc2)cc1,O=C(CCC1=CC=CC=C1)O,C1([Se][Se]C2=CC=CC=C2)=CC=CC=C1,C1(CC[Se]C2=CC=CC=C2)=CC=CC=C1,NC(=O)C1=CN(Cc2ccccc2)C=C(C(N)=O)C1,NC(C1=CN(CC2=CC=CC=C2)C=C(C(N)=O)C1)=O,valid,CC#N,CC#N,valid,nonp-3ea85f03e860fac4a4a4341d
liao_dhp:000454,liao_dhp,453,454,0.23301675,O=C(O)C1CCC(F)(F)CC1,c1ccc([Se][Se]c2ccccc2)cc1,FC1(F)CCC([Se]c2ccccc2)CC1,FC1(F)CCC(C(O)=O)CC1,C1([Se][Se]C2=CC=CC=C2)=CC=CC=C1,FC1(F)CCC([Se]C2=CC=CC=C2)CC1,NC(=O)C1=CN(Cc2ccccc2)C=CC1,NC(C1=CN(CC2=CC=CC=C2)C=CC1)=O,valid,CC#N,CC#N,valid,nonp-db64ce100fe5f168e90e1037
liao_dhp:000455,liao_dhp,454,455,0.22385025,O=C(O)C1CCC(F)(F)CC1,c1ccc([Se][Se]c2ccccc2)cc1,FC1(F)CCC([Se]c2ccccc2)CC1,FC1(F)CCC(C(O)=O)CC1,C1([Se][Se]C2=CC=CC=C2)=CC=CC=C1,FC1(F)CCC([Se]C2=CC=CC=C2)CC1,NC(=O)C1=CN(Cc2ccc(C(F)(F)F)cc2)C=CC1,NC(C1=CN(CC2=CC=C(C(F)(F)F)C=C2)C=CC1)=O,valid,CC#N,CC#N,valid,nonp-278650085da58392a1339c4c
liao_dhp:000456,liao_dhp,455,456,0.3804496,O=C(O)Cc1ccc2c(c1)C(=O)c1ccccc1CO2,c1ccc([Se][Se]c2ccccc2)cc1,O=C1c2ccccc2COc2ccc(C[Se]c3ccccc3)cc21,O=C1C2=CC(CC(O)=O)=CC=C2OCC3=CC=CC=C13,C1([Se][Se]C2=CC=CC=C2)=CC=CC=C1,O=C1C2=CC(C[Se]C3=CC=CC=C3)=CC=C2OCC4=CC=CC=C14,NC(=O)C1=CN(Cc2ccccc2)C=C(C(N)=O)C1c1ccccc1,NC(C1=CN(CC2=CC=CC=C2)C=C(C(N)=O)C1C3=CC=CC=C3)=O,valid,CC#N,CC#N,valid,nonp-30ec9ca8d441e2b5817fd714
liao_dhp:000457,liao_dhp,456,457,0.58282135,CC(C(=O)O)c1ccc(CC2CCCC2=O)cc1,c1ccc([Se][Se]c2ccccc2)cc1,CC([Se]c1ccccc1)c1ccc(CC2CCCC2=O)cc1,CC(C1=CC=C(CC2C(CCC2)=O)C=C1)C(O)=O,C1([Se][Se]C2=CC=CC=C2)=CC=CC=C1,CC(C1=CC=C(CC2C(CCC2)=O)C=C1)[Se]C3=CC=CC=C3,NC(=O)C1=CN(Cc2ccc(C(F)(F)F)cc2)C=CC1,NC(C1=CN(CC2=CC=C(C(F)(F)F)C=C2)C=CC1)=O,valid,CC#N,CC#N,valid,nonp-e994fdd1b5158d1643d8a1d1
liao_dhp:000458,liao_dhp,457,458,0.2166577,CC(C(=O)O)c1ccc(CC2CCCC2=O)cc1,c1ccc([Se][Se]c2ccccc2)cc1,CC([Se]c1ccccc1)c1ccc(CC2CCCC2=O)cc1,CC(C1=CC=C(CC2C(CCC2)=O)C=C1)C(O)=O,C1([Se][Se]C2=CC=CC=C2)=CC=CC=C1,CC(C1=CC=C(CC2C(CCC2)=O)C=C1)[Se]C3=CC=CC=C3,NC(=O)C1=CN(Cc2ccccc2)C=C(C(N)=O)C1c1ccccc1,NC(C1=CN(CC2=CC=CC=C2)C=C(C(N)=O)C1C3=CC=CC=C3)=O,valid,CC#N,CC#N,valid,nonp-37dccba3e41f44988f4db5a5
liao_dhp:000459,liao_dhp,458,459,0.5409103,COc1ccc2c(c1)c(CC(=O)O)c(C)n2C(=O)c1ccc(Cl)cc1,c1ccc([Se][Se]c2ccccc2)cc1,COc1ccc2c(c1)c(C[Se]c1ccccc1)c(C)n2C(=O)c1ccc(Cl)cc1,CC(N1C(C2=CC=C(Cl)C=C2)=O)=C(CC(O)=O)C3=C1C=CC(OC)=C3,C1([Se][Se]C2=CC=CC=C2)=CC=CC=C1,CC(N1C(C2=CC=C(Cl)C=C2)=O)=C(C[Se]C3=CC=CC=C3)C4=C1C=CC(OC)=C4,COc1ccc(CN2C=CCC(C(N)=O)=C2)cc1,NC(C1=CN(CC2=CC=C(OC)C=C2)C=CC1)=O,valid,CC#N,CC#N,valid,nonp-f31cc2012380dbc7036926a7
liao_dhp:000460,liao_dhp,459,460,0.5246532,COc1ccc2c(c1)c(CC(=O)O)c(C)n2C(=O)c1ccc(Cl)cc1,c1ccc([Se][Se]c2ccccc2)cc1,COc1ccc2c(c1)c(C[Se]c1ccccc1)c(C)n2C(=O)c1ccc(Cl)cc1,CC(N1C(C2=CC=C(Cl)C=C2)=O)=C(CC(O)=O)C3=C1C=CC(OC)=C3,C1([Se][Se]C2=CC=CC=C2)=CC=CC=C1,CC(N1C(C2=CC=C(Cl)C=C2)=O)=C(C[Se]C3=CC=CC=C3)C4=C1C=CC(OC)=C4,NC(=O)C1=CN(Cc2ccc(C(F)(F)F)cc2)C=CC1,NC(C1=CN(CC2=CC=C(C(F)(F)F)C=C2)C=CC1)=O,valid,CC#N,CC#N,valid,nonp-f720d44a8a2bf9c13e92750f
liao_dhp:000461,liao_dhp,460,461,0.0522798,Cc1ccccc1CC(=O)O,c1ccc([Se][Se]c2ccccc2)cc1,Cc1ccccc1C[Se]c1ccccc1,CC1=C(CC(O)=O)C=CC=C1,C1([Se][Se]C2=CC=CC=C2)=CC=CC=C1,CC1=C(C[Se]C2=CC=CC=C2)C=CC=C1,NC(=O)C1=CN(Cc2ccccc2)C=C(C(N)=O)C1,NC(C1=CN(CC2=CC=CC=C2)C=C(C(N)=O)C1)=O,valid,CC#N,CC#N,valid,nonp-7f1db64fc610610a178b95d8
liao_dhp:000462,liao_dhp,461,462,0.158555,CC(C(=O)O)N1C(=O)c2ccccc2C1=O,c1ccc(C[Se][Se]Cc2ccccc2)cc1,CC([Se]Cc1ccccc1)N1C(=O)c2ccccc2C1=O,CC(N(C(C1=C2C=CC=C1)=O)C2=O)C(O)=O,C1(C[Se][Se]CC2=CC=CC=C2)=CC=CC=C1,CC(N(C(C1=C2C=CC=C1)=O)C2=O)[Se]CC3=CC=CC=C3,NC(=O)C1=CN(Cc2ccccc2)C=C(C(N)=O)C1,NC(C1=CN(CC2=CC=CC=C2)C=C(C(N)=O)C1)=O,valid,CS(C)=O,CS(C)=O,valid,nonp-89b166dc2838c047b68b77d5
liao_dhp:000463,liao_dhp,462,463,0.0219828,O=C(O)CCCc1c[nH]c2ccccc12,c1ccc(C[Se][Se]Cc2ccccc2)cc1,c1ccc(C[Se]CCCc2c[nH]c3ccccc23)cc1,O=C(CCCC1=CNC2=C1C=CC=C2)O,C1(C[Se][Se]CC2=CC=CC=C2)=CC=CC=C1,C1(CCC[Se]CC2=CC=CC=C2)=CNC3=C1C=CC=C3,NC(=O)C1=CN(Cc2ccccc2)C=C(C(N)=O)C1c1ccccc1,NC(C1=CN(CC2=CC=CC=C2)C=C(C(N)=O)C1C3=CC=CC=C3)=O,valid,CS(C)=O,CS(C)=O,valid,nonp-7a79a750923677a2f9f1d98b
liao_dhp:000464,liao_dhp,463,464,0.04666,Cc1ccc(S(=O)(=O)N2CCC(C(=O)O)CC2)cc1,c1ccc(C[Se][Se]Cc2ccccc2)cc1,Cc1ccc(S(=O)(=O)N2CCC([Se]Cc3ccccc3)CC2)cc1,CC1=CC=C(S(N2CCC(C(O)=O)CC2)(=O)=O)C=C1,C1(C[Se][Se]CC2=CC=CC=C2)=CC=CC=C1,CC1=CC=C(S(N2CCC([Se]CC3=CC=CC=C3)CC2)(=O)=O)C=C1,NC(=O)C1=CN(Cc2ccccc2)C=C(C(N)=O)C1,NC(C1=CN(CC2=CC=CC=C2)C=C(C(N)=O)C1)=O,valid,CS(C)=O,CS(C)=O,valid,nonp-8a913122e896dd58877d8f0d
liao_dhp:000465,liao_dhp,464,465,0.105,CC(C(=O)O)c1ccc(CC2CCCC2=O)cc1,c1ccc(C[Se][Se]Cc2ccccc2)cc1,CC([Se]Cc1ccccc1)c1ccc(CC2CCCC2=O)cc1,CC(C1=CC=C(CC2C(CCC2)=O)C=C1)C(O)=O,C1(C[Se][Se]CC2=CC=CC=C2)=CC=CC=C1,CC(C1=CC=C(CC2C(CCC2)=O)C=C1)[Se]CC3=CC=CC=C3,NC(=O)C1=CN(Cc2ccc(C(F)(F)F)cc2)C=CC1,NC(C1=CN(CC2=CC=C(C(F)(F)F)C=C2)C=CC1)=O,valid,CS(C)=O,CS(C)=O,valid,nonp-d3aa4e879c686870da639d2e
liao_dhp:000466,liao_dhp,465,466,0.1123184,COc1ccc2c(c1)c(CC(=O)O)c(C)n2C(=O)c1ccc(Cl)cc1,c1ccc(C[Se][Se]Cc2ccccc2)cc1,COc1ccc2c(c1)c(C[Se]Cc1ccccc1)c(C)n2C(=O)c1ccc(Cl)cc1,CC(N1C(C2=CC=C(Cl)C=C2)=O)=C(CC(O)=O)C3=C1C=CC(OC)=C3,C1(C[Se][Se]CC2=CC=CC=C2)=CC=CC=C1,CC(N1C(C2=CC=C(Cl)C=C2)=O)=C(C[Se]CC3=CC=CC=C3)C4=C1C=CC(OC)=C4,NC(=O)C1=CN(Cc2ccccc2)C=CC1,NC(C1=CN(CC2=CC=CC=C2)C=CC1)=O,valid,CS(C)=O,CS(C)=O,valid,nonp-0377023c5e4be930e0232957
liao_dhp:000467,liao_dhp,466,467,0.1467392,COc1ccc2c(c1)c(CC(=O)O)c(C)n2C(=O)c1ccc(Cl)cc1,c1ccc(C[Se][Se]Cc2ccccc2)cc1,COc1ccc2c(c1)c(C[Se]Cc1ccccc1)c(C)n2C(=O)c1ccc(Cl)cc1,CC(N1C(C2=CC=C(Cl)C=C2)=O)=C(CC(O)=O)C3=C1C=CC(OC)=C3,C1(C[Se][Se]CC2=CC=CC=C2)=CC=CC=C1,CC(N1C(C2=CC=C(Cl)C=C2)=O)=C(C[Se]CC3=CC=CC=C3)C4=C1C=CC(OC)=C4,COc1ccc(CN2C=CCC(C(N)=O)=C2)cc1,NC(C1=CN(CC2=CC=C(OC)C=C2)C=CC1)=O,valid,CS(C)=O,CS(C)=O,valid,nonp-691463732e468ee9f9e81eca
liao_dhp:000468,liao_dhp,467,468,0.0824514,COc1ccc2c(c1)c(CC(=O)O)c(C)n2C(=O)c1ccc(Cl)cc1,c1ccc(C[Se][Se]Cc2ccccc2)cc1,COc1ccc2c(c1)c(C[Se]Cc1ccccc1)c(C)n2C(=O)c1ccc(Cl)cc1,CC(N1C(C2=CC=C(Cl)C=C2)=O)=C(CC(O)=O)C3=C1C=CC(OC)=C3,C1(C[Se][Se]CC2=CC=CC=C2)=CC=CC=C1,CC(N1C(C2=CC=C(Cl)C=C2)=O)=C(C[Se]CC3=CC=CC=C3)C4=C1C=CC(OC)=C4,NC(=O)C1=CN(Cc2ccc(C(F)(F)F)cc2)C=CC1,NC(C1=CN(CC2=CC=C(C(F)(F)F)C=C2)C=CC1)=O,valid,CS(C)=O,CS(C)=O,valid,nonp-c5b7d7795a1d8e7719c3282c
liao_dhp:000469,liao_dhp,468,469,0.05,COc1ccc2c(c1)c(CC(=O)O)c(C)n2C(=O)c1ccc(Cl)cc1,c1ccc(C[Se][Se]Cc2ccccc2)cc1,COc1ccc2c(c1)c(C[Se]Cc1ccccc1)c(C)n2C(=O)c1ccc(Cl)cc1,CC(N1C(C2=CC=C(Cl)C=C2)=O)=C(CC(O)=O)C3=C1C=CC(OC)=C3,C1(C[Se][Se]CC2=CC=CC=C2)=CC=CC=C1,CC(N1C(C2=CC=C(Cl)C=C2)=O)=C(C[Se]CC3=CC=CC=C3)C4=C1C=CC(OC)=C4,NC(=O)C1=CN(Cc2ccccc2)C=C(C(N)=O)C1c1ccccc1,NC(C1=CN(CC2=CC=CC=C2)C=C(C(N)=O)C1C3=CC=CC=C3)=O,valid,CS(C)=O,CS(C)=O,valid,nonp-10e75ef15ed1a827170612bf
liao_dhp:000470,liao_dhp,469,470,0.1323975,O=C(O)CCCc1c[nH]c2ccccc12,c1ccc(C[Se][Se]Cc2ccccc2)cc1,c1ccc(C[Se]CCCc2c[nH]c3ccccc23)cc1,O=C(CCCC1=CNC2=C1C=CC=C2)O,C1(C[Se][Se]CC2=CC=CC=C2)=CC=CC=C1,C1(CCC[Se]CC2=CC=CC=C2)=CNC3=C1C=CC=C3,COc1ccc(CN2C=CCC(C(N)=O)=C2)cc1,NC(C1=CN(CC2=CC=C(OC)C=C2)C=CC1)=O,valid,CN(C)C=O,[H]C(N(C)C)=O,valid,nonp-989e33a1255388ff699bc37c
liao_dhp:000471,liao_dhp,470,471,0.0671818,O=C(O)CCCc1c[nH]c2ccccc12,c1ccc(C[Se][Se]Cc2ccccc2)cc1,c1ccc(C[Se]CCCc2c[nH]c3ccccc23)cc1,O=C(CCCC1=CNC2=C1C=CC=C2)O,C1(C[Se][Se]CC2=CC=CC=C2)=CC=CC=C1,C1(CCC[Se]CC2=CC=CC=C2)=CNC3=C1C=CC=C3,NC(=O)C1=CN(Cc2ccc(C(F)(F)F)cc2)C=CC1,NC(C1=CN(CC2=CC=C(C(F)(F)F)C=C2)C=CC1)=O,valid,CN(C)C=O,[H]C(N(C)C)=O,valid,nonp-f52c4a7e1b773011be09238a
liao_dhp:000472,liao_dhp,471,472,0.0993352,Cc1ccc(S(=O)(=O)N2CCC(C(=O)O)CC2)cc1,c1ccc(C[Se][Se]Cc2ccccc2)cc1,Cc1ccc(S(=O)(=O)N2CCC([Se]Cc3ccccc3)CC2)cc1,CC1=CC=C(S(N2CCC(C(O)=O)CC2)(=O)=O)C=C1,C1(C[Se][Se]CC2=CC=CC=C2)=CC=CC=C1,CC1=CC=C(S(N2CCC([Se]CC3=CC=CC=C3)CC2)(=O)=O)C=C1,NC(=O)C1=CN(Cc2ccc(C(F)(F)F)cc2)C=CC1,NC(C1=CN(CC2=CC=C(C(F)(F)F)C=C2)C=CC1)=O,valid,CN(C)C=O,[H]C(N(C)C)=O,valid,nonp-c2a5735490191cc989b23fac
liao_dhp:000473,liao_dhp,472,473,0.2960896,O=C(O)Cc1ccc2c(c1)C(=O)c1ccccc1CO2,c1ccc(C[Se][Se]Cc2ccccc2)cc1,O=C1c2ccccc2COc2ccc(C[Se]Cc3ccccc3)cc21,O=C1C2=CC(CC(O)=O)=CC=C2OCC3=CC=CC=C13,C1(C[Se][Se]CC2=CC=CC=C2)=CC=CC=C1,O=C1C2=CC(C[Se]CC3=CC=CC=C3)=CC=C2OCC4=CC=CC=C14,NC(=O)C1=CN(Cc2ccccc2)C=CC1,NC(C1=CN(CC2=CC=CC=C2)C=CC1)=O,valid,CN(C)C=O,[H]C(N(C)C)=O,valid,nonp-53e487559343756274f12329
liao_dhp:000474,liao_dhp,473,474,0.3145432,O=C(O)Cc1ccc2c(c1)C(=O)c1ccccc1CO2,c1ccc(C[Se][Se]Cc2ccccc2)cc1,O=C1c2ccccc2COc2ccc(C[Se]Cc3ccccc3)cc21,O=C1C2=CC(CC(O)=O)=CC=C2OCC3=CC=CC=C13,C1(C[Se][Se]CC2=CC=CC=C2)=CC=CC=C1,O=C1C2=CC(C[Se]CC3=CC=CC=C3)=CC=C2OCC4=CC=CC=C14,COc1ccc(CN2C=CCC(C(N)=O)=C2)cc1,NC(C1=CN(CC2=CC=C(OC)C=C2)C=CC1)=O,valid,CN(C)C=O,[H]C(N(C)C)=O,valid,nonp-3e612ea7219f0a755731cec9
liao_dhp:000475,liao_dhp,474,475,0.016806,COc1ccc2c(c1)c(CC(=O)O)c(C)n2C(=O)c1ccc(Cl)cc1,c1ccc(C[Se][Se]Cc2ccccc2)cc1,COc1ccc2c(c1)c(C[Se]Cc1ccccc1)c(C)n2C(=O)c1ccc(Cl)cc1,CC(N1C(C2=CC=C(Cl)C=C2)=O)=C(CC(O)=O)C3=C1C=CC(OC)=C3,C1(C[Se][Se]CC2=CC=CC=C2)=CC=CC=C1,CC(N1C(C2=CC=C(Cl)C=C2)=O)=C(C[Se]CC3=CC=CC=C3)C4=C1C=CC(OC)=C4,NC(=O)C1=CN(Cc2ccccc2)C=CC1,NC(C1=CN(CC2=CC=CC=C2)C=CC1)=O,valid,CN(C)C=O,[H]C(N(C)C)=O,valid,nonp-d1774aafc46e99f3f1657e3d
liao_dhp:000476,liao_dhp,475,476,0.0151254,COc1ccc2c(c1)c(CC(=O)O)c(C)n2C(=O)c1ccc(Cl)cc1,c1ccc(C[Se][Se]Cc2ccccc2)cc1,COc1ccc2c(c1)c(C[Se]Cc1ccccc1)c(C)n2C(=O)c1ccc(Cl)cc1,CC(N1C(C2=CC=C(Cl)C=C2)=O)=C(CC(O)=O)C3=C1C=CC(OC)=C3,C1(C[Se][Se]CC2=CC=CC=C2)=CC=CC=C1,CC(N1C(C2=CC=C(Cl)C=C2)=O)=C(C[Se]CC3=CC=CC=C3)C4=C1C=CC(OC)=C4,NC(=O)C1=CN(Cc2ccccc2)C=C(C(N)=O)C1,NC(C1=CN(CC2=CC=CC=C2)C=C(C(N)=O)C1)=O,valid,CN(C)C=O,[H]C(N(C)C)=O,valid,nonp-78fb49f3292388ec1af838d7
liao_dhp:000477,liao_dhp,476,477,0.0265951,O=C(O)CCCc1c[nH]c2ccccc12,c1ccc(C[Se][Se]Cc2ccccc2)cc1,c1ccc(C[Se]CCCc2c[nH]c3ccccc23)cc1,O=C(CCCC1=CNC2=C1C=CC=C2)O,C1(C[Se][Se]CC2=CC=CC=C2)=CC=CC=C1,C1(CCC[Se]CC2=CC=CC=C2)=CNC3=C1C=CC=C3,NC(=O)C1=CN(Cc2ccc(C(F)(F)F)cc2)C=CC1,NC(C1=CN(CC2=CC=C(C(F)(F)F)C=C2)C=CC1)=O,valid,CC#N,CC#N,valid,nonp-6093b764f4372cc3c0551949
liao_dhp:000478,liao_dhp,477,478,0.0082048,Cc1ccc(S(=O)(=O)N2CCC(C(=O)O)CC2)cc1,c1ccc(C[Se][Se]Cc2ccccc2)cc1,Cc1ccc(S(=O)(=O)N2CCC([Se]Cc3ccccc3)CC2)cc1,CC1=CC=C(S(N2CCC(C(O)=O)CC2)(=O)=O)C=C1,C1(C[Se][Se]CC2=CC=CC=C2)=CC=CC=C1,CC1=CC=C(S(N2CCC([Se]CC3=CC=CC=C3)CC2)(=O)=O)C=C1,COc1ccc(CN2C=CCC(C(N)=O)=C2)cc1,NC(C1=CN(CC2=CC=C(OC)C=C2)C=CC1)=O,valid,CC#N,CC#N,valid,nonp-95470ad02cb1ba2c84d509a8
liao_dhp:000479,liao_dhp,478,479,0.34737815,O=C(O)Cc1ccc2c(c1)C(=O)c1ccccc1CO2,c1ccc(C[Se][Se]Cc2ccccc2)cc1,O=C1c2ccccc2COc2ccc(C[Se]Cc3ccccc3)cc21,O=C1C2=CC(CC(O)=O)=CC=C2OCC3=CC=CC=C13,C1(C[Se][Se]CC2=CC=CC=C2)=CC=CC=C1,O=C1C2=CC(C[Se]CC3=CC=CC=C3)=CC=C2OCC4=CC=CC=C14,NC(=O)C1=CN(Cc2ccc(C(F)(F)F)cc2)C=CC1,NC(C1=CN(CC2=CC=C(C(F)(F)F)C=C2)C=CC1)=O,valid,CC#N,CC#N,valid,nonp-4df62e159641b2b8b793263e
liao_dhp:000480,liao_dhp,479,480,0.34486075,O=C(O)Cc1ccc2c(c1)C(=O)c1ccccc1CO2,c1ccc(C[Se][Se]Cc2ccccc2)cc1,O=C1c2ccccc2COc2ccc(C[Se]Cc3ccccc3)cc21,O=C1C2=CC(CC(O)=O)=CC=C2OCC3=CC=CC=C13,C1(C[Se][Se]CC2=CC=CC=C2)=CC=CC=C1,O=C1C2=CC(C[Se]CC3=CC=CC=C3)=CC=C2OCC4=CC=CC=C14,NC(=O)C1=CN(Cc2ccccc2)C=C(C(N)=O)C1,NC(C1=CN(CC2=CC=CC=C2)C=C(C(N)=O)C1)=O,valid,CC#N,CC#N,valid,nonp-7cdfa17f79d76934306bd841
liao_dhp:000481,liao_dhp,480,481,0.03,CC(C(=O)O)c1ccc(CC2CCCC2=O)cc1,c1ccc(C[Se][Se]Cc2ccccc2)cc1,CC([Se]Cc1ccccc1)c1ccc(CC2CCCC2=O)cc1,CC(C1=CC=C(CC2C(CCC2)=O)C=C1)C(O)=O,C1(C[Se][Se]CC2=CC=CC=C2)=CC=CC=C1,CC(C1=CC=C(CC2C(CCC2)=O)C=C1)[Se]CC3=CC=CC=C3,COc1ccc(CN2C=CCC(C(N)=O)=C2)cc1,NC(C1=CN(CC2=CC=C(OC)C=C2)C=CC1)=O,valid,CC#N,CC#N,valid,nonp-7182223bbc2a1ece96194627
liao_dhp:000482,liao_dhp,481,482,0.0,COc1ccc2c(c1)c(CC(=O)O)c(C)n2C(=O)c1ccc(Cl)cc1,c1ccc(C[Se][Se]Cc2ccccc2)cc1,COc1ccc2c(c1)c(C[Se]Cc1ccccc1)c(C)n2C(=O)c1ccc(Cl)cc1,CC(N1C(C2=CC=C(Cl)C=C2)=O)=C(CC(O)=O)C3=C1C=CC(OC)=C3,C1(C[Se][Se]CC2=CC=CC=C2)=CC=CC=C1,CC(N1C(C2=CC=C(Cl)C=C2)=O)=C(C[Se]CC3=CC=CC=C3)C4=C1C=CC(OC)=C4,COc1ccc(CN2C=CCC(C(N)=O)=C2)cc1,NC(C1=CN(CC2=CC=C(OC)C=C2)C=CC1)=O,valid,CC#N,CC#N,valid,nonp-9867139393bee1946417f152
liao_dhp:000483,liao_dhp,482,483,0.0,O=C(O)C1CCCCC1,c1ccc(C[Se][Se]Cc2ccccc2)cc1,c1ccc(C[Se]C2CCCCC2)cc1,O=C(C1CCCCC1)O,C1(C[Se][Se]CC2=CC=CC=C2)=CC=CC=C1,C1([Se]CC2=CC=CC=C2)CCCCC1,NC(=O)C1=CN(Cc2ccccc2)C=C(C(N)=O)C1,NC(C1=CN(CC2=CC=CC=C2)C=C(C(N)=O)C1)=O,valid,CS(C)=O,CS(C)=O,valid,nonp-139b975e334ac70133fbfca6
liao_dhp:000484,liao_dhp,483,484,0.0172731,O=C(O)C1CCN(C(=O)OCc2ccccc2)CC1,c1ccc(C[Se][Se]Cc2ccccc2)cc1,O=C(OCc1ccccc1)N1CCC([Se]Cc2ccccc2)CC1,O=C(N1CCC(C(O)=O)CC1)OCC2=CC=CC=C2,C1(C[Se][Se]CC2=CC=CC=C2)=CC=CC=C1,O=C(N1CCC([Se]CC2=CC=CC=C2)CC1)OCC3=CC=CC=C3,NC(=O)C1=CN(Cc2ccccc2)C=C(C(N)=O)C1,NC(C1=CN(CC2=CC=CC=C2)C=C(C(N)=O)C1)=O,valid,CS(C)=O,CS(C)=O,valid,nonp-4d5e63d53a2d695642e73d49
liao_dhp:000485,liao_dhp,484,485,0.0442665,CC(C)(C)OC(=O)N[C@H](CC(=O)O)C(=O)OCc1ccccc1,c1ccc(C[Se][Se]Cc2ccccc2)cc1,CC(C)(C)OC(=O)N[C@H](C[Se]Cc1ccccc1)C(=O)OCc1ccccc1,O=C(OCC1=CC=CC=C1)[C@H](NC(OC(C)(C)C)=O)CC(O)=O,C1(C[Se][Se]CC2=CC=CC=C2)=CC=CC=C1,O=C(OCC1=CC=CC=C1)[C@H](NC(OC(C)(C)C)=O)C[Se]CC2=CC=CC=C2,COc1ccc(CN2C=CCC(C(N)=O)=C2)cc1,NC(C1=CN(CC2=CC=C(OC)C=C2)C=CC1)=O,valid,CS(C)=O,CS(C)=O,valid,nonp-ecbb5e9eea3d7ac5e579c3b5
liao_dhp:000486,liao_dhp,485,486,0.036069,CC(C)(C)OC(=O)N[C@H](CC(=O)O)C(=O)OCc1ccccc1,c1ccc(C[Se][Se]Cc2ccccc2)cc1,CC(C)(C)OC(=O)N[C@H](C[Se]Cc1ccccc1)C(=O)OCc1ccccc1,O=C(OCC1=CC=CC=C1)[C@H](NC(OC(C)(C)C)=O)CC(O)=O,C1(C[Se][Se]CC2=CC=CC=C2)=CC=CC=C1,O=C(OCC1=CC=CC=C1)[C@H](NC(OC(C)(C)C)=O)C[Se]CC2=CC=CC=C2,NC(=O)C1=CN(Cc2ccc(C(F)(F)F)cc2)C=CC1,NC(C1=CN(CC2=CC=C(C(F)(F)F)C=C2)C=CC1)=O,valid,CS(C)=O,CS(C)=O,valid,nonp-7740f8ea5c92fd1284322524
liao_dhp:000487,liao_dhp,486,487,0.0260312,O=C(O)C1CCCCC1,c1ccc(C[Se][Se]Cc2ccccc2)cc1,c1ccc(C[Se]C2CCCCC2)cc1,O=C(C1CCCCC1)O,C1(C[Se][Se]CC2=CC=CC=C2)=CC=CC=C1,C1([Se]CC2=CC=CC=C2)CCCCC1,COc1ccc(CN2C=CCC(C(N)=O)=C2)cc1,NC(C1=CN(CC2=CC=C(OC)C=C2)C=CC1)=O,valid,CN(C)C=O,[H]C(N(C)C)=O,valid,nonp-455843c98817f68772037062
liao_dhp:000488,liao_dhp,487,488,0.03622936,CC(C)(C)OC(=O)N[C@H](CC(=O)O)C(=O)OCc1ccccc1,c1ccc(C[Se][Se]Cc2ccccc2)cc1,CC(C)(C)OC(=O)N[C@H](C[Se]Cc1ccccc1)C(=O)OCc1ccccc1,O=C(OCC1=CC=CC=C1)[C@H](NC(OC(C)(C)C)=O)CC(O)=O,C1(C[Se][Se]CC2=CC=CC=C2)=CC=CC=C1,O=C(OCC1=CC=CC=C1)[C@H](NC(OC(C)(C)C)=O)C[Se]CC2=CC=CC=C2,COc1ccc(CN2C=CCC(C(N)=O)=C2)cc1,NC(C1=CN(CC2=CC=C(OC)C=C2)C=CC1)=O,valid,CN(C)C=O,[H]C(N(C)C)=O,valid,nonp-af012940f81331cac1363fbc
liao_dhp:000489,liao_dhp,488,489,0.0084575,COc1ccc2cc(C(C)C(=O)O)ccc2c1,c1ccc(C[Se][Se]Cc2ccccc2)cc1,COc1ccc2cc(C(C)[Se]Cc3ccccc3)ccc2c1,CC(C1=CC=C2C=C(OC)C=CC2=C1)C(O)=O,C1(C[Se][Se]CC2=CC=CC=C2)=CC=CC=C1,CC(C1=CC=C2C=C(OC)C=CC2=C1)[Se]CC3=CC=CC=C3,NC(=O)C1=CN(Cc2ccccc2)C=C(C(N)=O)C1,NC(C1=CN(CC2=CC=CC=C2)C=C(C(N)=O)C1)=O,valid,CN(C)C=O,[H]C(N(C)C)=O,valid,nonp-346716dc66136a1e2d9758ad
liao_dhp:000490,liao_dhp,489,490,0.0,O=C(O)C1CCCCC1,c1ccc(C[Se][Se]Cc2ccccc2)cc1,c1ccc(C[Se]C2CCCCC2)cc1,O=C(C1CCCCC1)O,C1(C[Se][Se]CC2=CC=CC=C2)=CC=CC=C1,C1([Se]CC2=CC=CC=C2)CCCCC1,NC(=O)C1=CN(Cc2ccccc2)C=C(C(N)=O)C1c1ccccc1,NC(C1=CN(CC2=CC=CC=C2)C=C(C(N)=O)C1C3=CC=CC=C3)=O,valid,CC#N,CC#N,valid,nonp-9b904853e72585d057564d82
liao_dhp:000491,liao_dhp,490,491,0.0,O=C(O)C1CCN(C(=O)OCc2ccccc2)CC1,c1ccc(C[Se][Se]Cc2ccccc2)cc1,O=C(OCc1ccccc1)N1CCC([Se]Cc2ccccc2)CC1,O=C(N1CCC(C(O)=O)CC1)OCC2=CC=CC=C2,C1(C[Se][Se]CC2=CC=CC=C2)=CC=CC=C1,O=C(N1CCC([Se]CC2=CC=CC=C2)CC1)OCC3=CC=CC=C3,NC(=O)C1=CN(Cc2ccccc2)C=C(C(N)=O)C1,NC(C1=CN(CC2=CC=CC=C2)C=C(C(N)=O)C1)=O,valid,CC#N,CC#N,valid,nonp-31119f024f2891d48ae97c6d
liao_dhp:000492,liao_dhp,491,492,0.0,O=C(O)C1CCN(C(=O)OCc2ccccc2)CC1,c1ccc(C[Se][Se]Cc2ccccc2)cc1,O=C(OCc1ccccc1)N1CCC([Se]Cc2ccccc2)CC1,O=C(N1CCC(C(O)=O)CC1)OCC2=CC=CC=C2,C1(C[Se][Se]CC2=CC=CC=C2)=CC=CC=C1,O=C(N1CCC([Se]CC2=CC=CC=C2)CC1)OCC3=CC=CC=C3,NC(=O)C1=CN(Cc2ccccc2)C=C(C(N)=O)C1c1ccccc1,NC(C1=CN(CC2=CC=CC=C2)C=C(C(N)=O)C1C3=CC=CC=C3)=O,valid,CC#N,CC#N,valid,nonp-88ee311c7692fd06af439a6a
liao_dhp:000493,liao_dhp,492,493,0.05570895,CC(C)(C)OC(=O)N[C@H](CC(=O)O)C(=O)OCc1ccccc1,c1ccc(C[Se][Se]Cc2ccccc2)cc1,CC(C)(C)OC(=O)N[C@H](C[Se]Cc1ccccc1)C(=O)OCc1ccccc1,O=C(OCC1=CC=CC=C1)[C@H](NC(OC(C)(C)C)=O)CC(O)=O,C1(C[Se][Se]CC2=CC=CC=C2)=CC=CC=C1,O=C(OCC1=CC=CC=C1)[C@H](NC(OC(C)(C)C)=O)C[Se]CC2=CC=CC=C2,COc1ccc(CN2C=CCC(C(N)=O)=C2)cc1,NC(C1=CN(CC2=CC=C(OC)C=C2)C=CC1)=O,valid,CC#N,CC#N,valid,nonp-6dfada93c119d0d6e674cf86
liao_dhp:000494,liao_dhp,493,494,0.01298725,CC(C)(C)OC(=O)N[C@H](CC(=O)O)C(=O)OCc1ccccc1,c1ccc(C[Se][Se]Cc2ccccc2)cc1,CC(C)(C)OC(=O)N[C@H](C[Se]Cc1ccccc1)C(=O)OCc1ccccc1,O=C(OCC1=CC=CC=C1)[C@H](NC(OC(C)(C)C)=O)CC(O)=O,C1(C[Se][Se]CC2=CC=CC=C2)=CC=CC=C1,O=C(OCC1=CC=CC=C1)[C@H](NC(OC(C)(C)C)=O)C[Se]CC2=CC=CC=C2,NC(=O)C1=CN(Cc2ccccc2)C=C(C(N)=O)C1c1ccccc1,NC(C1=CN(CC2=CC=CC=C2)C=C(C(N)=O)C1C3=CC=CC=C3)=O,valid,CC#N,CC#N,valid,nonp-9941d1f060a2da61d2e075a5
liao_dhp:000495,liao_dhp,494,495,0.0305014,O=C(O)C1CCC1,c1ccc(C[Se][Se]Cc2ccccc2)cc1,c1ccc(C[Se]C2CCC2)cc1,O=C(C1CCC1)O,C1(C[Se][Se]CC2=CC=CC=C2)=CC=CC=C1,C1([Se]CC2=CC=CC=C2)CCC1,COc1ccc(CN2C=CCC(C(N)=O)=C2)cc1,NC(C1=CN(CC2=CC=C(OC)C=C2)C=CC1)=O,valid,CC#N,CC#N,valid,nonp-3eb404c53d4b0dc3396c15b8
liao_dhp:000496,liao_dhp,495,496,0.0687589,COc1ccc2cc(C(C)C(=O)O)ccc2c1,c1ccc(C[Se][Se]Cc2ccccc2)cc1,COc1ccc2cc(C(C)[Se]Cc3ccccc3)ccc2c1,CC(C1=CC=C2C=C(OC)C=CC2=C1)C(O)=O,C1(C[Se][Se]CC2=CC=CC=C2)=CC=CC=C1,CC(C1=CC=C2C=C(OC)C=CC2=C1)[Se]CC3=CC=CC=C3,COc1ccc(CN2C=CCC(C(N)=O)=C2)cc1,NC(C1=CN(CC2=CC=C(OC)C=C2)C=CC1)=O,valid,CC#N,CC#N,valid,nonp-c87b79149655c966246a42e8
liao_dhp:000497,liao_dhp,496,497,0.0255695,COc1ccc2cc(C(C)C(=O)O)ccc2c1,c1ccc(C[Se][Se]Cc2ccccc2)cc1,COc1ccc2cc(C(C)[Se]Cc3ccccc3)ccc2c1,CC(C1=CC=C2C=C(OC)C=CC2=C1)C(O)=O,C1(C[Se][Se]CC2=CC=CC=C2)=CC=CC=C1,CC(C1=CC=C2C=C(OC)C=CC2=C1)[Se]CC3=CC=CC=C3,NC(=O)C1=CN(Cc2ccc(C(F)(F)F)cc2)C=CC1,NC(C1=CN(CC2=CC=C(C(F)(F)F)C=C2)C=CC1)=O,valid,CC#N,CC#N,valid,nonp-4845c490ab17f69484843feb
liao_dhp:000498,liao_dhp,497,498,0.0019874,COc1ccc2cc(C(C)C(=O)O)ccc2c1,c1ccc(C[Se][Se]Cc2ccccc2)cc1,COc1ccc2cc(C(C)[Se]Cc3ccccc3)ccc2c1,CC(C1=CC=C2C=C(OC)C=CC2=C1)C(O)=O,C1(C[Se][Se]CC2=CC=CC=C2)=CC=CC=C1,CC(C1=CC=C2C=C(OC)C=CC2=C1)[Se]CC3=CC=CC=C3,NC(=O)C1=CN(Cc2ccccc2)C=C(C(N)=O)C1,NC(C1=CN(CC2=CC=CC=C2)C=C(C(N)=O)C1)=O,valid,CC#N,CC#N,valid,nonp-47961f1b2c88d7f83e2e17fc
liao_dhp:000499,liao_dhp,498,499,0.3211247,Cc1ccc(S(=O)(=O)N2CCC(C(=O)O)CC2)cc1,CC[Se][Se]CC,CC[Se]C1CCN(S(=O)(=O)c2ccc(C)cc2)CC1,CC1=CC=C(S(N2CCC(C(O)=O)CC2)(=O)=O)C=C1,CC[Se][Se]CC,CC1=CC=C(S(N2CCC([Se]CC)CC2)(=O)=O)C=C1,NC(=O)C1=CN(Cc2ccccc2)C=CC1,NC(C1=CN(CC2=CC=CC=C2)C=CC1)=O,valid,CS(C)=O,CS(C)=O,valid,nonp-389e268163e9a08c4f163d3d
liao_dhp:000500,liao_dhp,499,500,0.3777252,Cc1ccc(S(=O)(=O)N2CCC(C(=O)O)CC2)cc1,CC[Se][Se]CC,CC[Se]C1CCN(S(=O)(=O)c2ccc(C)cc2)CC1,CC1=CC=C(S(N2CCC(C(O)=O)CC2)(=O)=O)C=C1,CC[Se][Se]CC,CC1=CC=C(S(N2CCC([Se]CC)CC2)(=O)=O)C=C1,COc1ccc(CN2C=CCC(C(N)=O)=C2)cc1,NC(C1=CN(CC2=CC=C(OC)C=C2)C=CC1)=O,valid,CS(C)=O,CS(C)=O,valid,nonp-2ba22968fdb21d1408c1e33d
liao_dhp:000501,liao_dhp,500,501,0.0,Cc1ccc(S(=O)(=O)N2CCC(C(=O)O)CC2)cc1,CC[Se][Se]CC,CC[Se]C1CCN(S(=O)(=O)c2ccc(C)cc2)CC1,CC1=CC=C(S(N2CCC(C(O)=O)CC2)(=O)=O)C=C1,CC[Se][Se]CC,CC1=CC=C(S(N2CCC([Se]CC)CC2)(=O)=O)C=C1,NC(=O)C1=CN(Cc2ccccc2)C=C(C(N)=O)C1c1ccccc1,NC(C1=CN(CC2=CC=CC=C2)C=C(C(N)=O)C1C3=CC=CC=C3)=O,valid,CS(C)=O,CS(C)=O,valid,nonp-64045634a9993d70c60c2c50
liao_dhp:000502,liao_dhp,501,502,0.0,O=C(O)Cc1ccc2c(c1)C(=O)c1ccccc1CO2,CC[Se][Se]CC,CC[Se]Cc1ccc2c(c1)C(=O)c1ccccc1CO2,O=C1C2=CC(CC(O)=O)=CC=C2OCC3=CC=CC=C13,CC[Se][Se]CC,O=C1C2=CC(C[Se]CC)=CC=C2OCC3=CC=CC=C13,NC(=O)C1=CN(Cc2ccc(C(F)(F)F)cc2)C=CC1,NC(C1=CN(CC2=CC=C(C(F)(F)F)C=C2)C=CC1)=O,valid,CS(C)=O,CS(C)=O,valid,nonp-375e5904a1ec89e47ca65170
liao_dhp:000503,liao_dhp,502,503,0.0,O=C(O)Cc1ccc2c(c1)C(=O)c1ccccc1CO2,CC[Se][Se]CC,CC[Se]Cc1ccc2c(c1)C(=O)c1ccccc1CO2,O=C1C2=CC(CC(O)=O)=CC=C2OCC3=CC=CC=C13,CC[Se][Se]CC,O=C1C2=CC(C[Se]CC)=CC=C2OCC3=CC=CC=C13,NC(=O)C1=CN(Cc2ccccc2)C=C(C(N)=O)C1,NC(C1=CN(CC2=CC=CC=C2)C=C(C(N)=O)C1)=O,valid,CS(C)=O,CS(C)=O,valid,nonp-adda418ae01247c405498d53
liao_dhp:000504,liao_dhp,503,504,0.0,O=C(O)Cc1ccc2c(c1)C(=O)c1ccccc1CO2,CC[Se][Se]CC,CC[Se]Cc1ccc2c(c1)C(=O)c1ccccc1CO2,O=C1C2=CC(CC(O)=O)=CC=C2OCC3=CC=CC=C13,CC[Se][Se]CC,O=C1C2=CC(C[Se]CC)=CC=C2OCC3=CC=CC=C13,NC(=O)C1=CN(Cc2ccccc2)C=C(C(N)=O)C1c1ccccc1,NC(C1=CN(CC2=CC=CC=C2)C=C(C(N)=O)C1C3=CC=CC=C3)=O,valid,CS(C)=O,CS(C)=O,valid,nonp-ba13a37a341b08ff1618500b
liao_dhp:000505,liao_dhp,504,505,0.1480945,COc1ccc2c(c1)c(CC(=O)O)c(C)n2C(=O)c1ccc(Cl)cc1,CC[Se][Se]CC,CC[Se]Cc1c(C)n(C(=O)c2ccc(Cl)cc2)c2ccc(OC)cc12,CC(N1C(C2=CC=C(Cl)C=C2)=O)=C(CC(O)=O)C3=C1C=CC(OC)=C3,CC[Se][Se]CC,CC(N1C(C2=CC=C(Cl)C=C2)=O)=C(C[Se]CC)C3=C1C=CC(OC)=C3,NC(=O)C1=CN(Cc2ccc(C(F)(F)F)cc2)C=CC1,NC(C1=CN(CC2=CC=C(C(F)(F)F)C=C2)C=CC1)=O,valid,CS(C)=O,CS(C)=O,valid,nonp-c6e9535f87cc361264088f57
liao_dhp:000506,liao_dhp,505,506,0.0,CC(C(=O)O)N1C(=O)c2ccccc2C1=O,CC[Se][Se]CC,CC[Se]C(C)N1C(=O)c2ccccc2C1=O,CC(N(C(C1=C2C=CC=C1)=O)C2=O)C(O)=O,CC[Se][Se]CC,CC(N(C(C1=C2C=CC=C1)=O)C2=O)[Se]CC,NC(=O)C1=CN(Cc2ccccc2)C=C(C(N)=O)C1,NC(C1=CN(CC2=CC=CC=C2)C=C(C(N)=O)C1)=O,valid,CN(C)C=O,[H]C(N(C)C)=O,valid,nonp-fe40a6643b74d427f3772e3f
liao_dhp:000507,liao_dhp,506,507,0.0,CC(C(=O)O)N1C(=O)c2ccccc2C1=O,CC[Se][Se]CC,CC[Se]C(C)N1C(=O)c2ccccc2C1=O,CC(N(C(C1=C2C=CC=C1)=O)C2=O)C(O)=O,CC[Se][Se]CC,CC(N(C(C1=C2C=CC=C1)=O)C2=O)[Se]CC,NC(=O)C1=CN(Cc2ccccc2)C=C(C(N)=O)C1c1ccccc1,NC(C1=CN(CC2=CC=CC=C2)C=C(C(N)=O)C1C3=CC=CC=C3)=O,valid,CN(C)C=O,[H]C(N(C)C)=O,valid,nonp-0255f5506006e295ad55b7d6
liao_dhp:000508,liao_dhp,507,508,0.0,Cc1ccc(S(=O)(=O)N2CCC(C(=O)O)CC2)cc1,CC[Se][Se]CC,CC[Se]C1CCN(S(=O)(=O)c2ccc(C)cc2)CC1,CC1=CC=C(S(N2CCC(C(O)=O)CC2)(=O)=O)C=C1,CC[Se][Se]CC,CC1=CC=C(S(N2CCC([Se]CC)CC2)(=O)=O)C=C1,COc1ccc(CN2C=CCC(C(N)=O)=C2)cc1,NC(C1=CN(CC2=CC=C(OC)C=C2)C=CC1)=O,valid,CN(C)C=O,[H]C(N(C)C)=O,valid,nonp-bfdb754a15767816f535e4f7
liao_dhp:000509,liao_dhp,508,509,0.0,Cc1ccc(S(=O)(=O)N2CCC(C(=O)O)CC2)cc1,CC[Se][Se]CC,CC[Se]C1CCN(S(=O)(=O)c2ccc(C)cc2)CC1,CC1=CC=C(S(N2CCC(C(O)=O)CC2)(=O)=O)C=C1,CC[Se][Se]CC,CC1=CC=C(S(N2CCC([Se]CC)CC2)(=O)=O)C=C1,NC(=O)C1=CN(Cc2ccccc2)C=C(C(N)=O)C1,NC(C1=CN(CC2=CC=CC=C2)C=C(C(N)=O)C1)=O,valid,CN(C)C=O,[H]C(N(C)C)=O,valid,nonp-64878fd237a5398c9b72c6cf
liao_dhp:000510,liao_dhp,509,510,0.0,Cc1ccc(S(=O)(=O)N2CCC(C(=O)O)CC2)cc1,CC[Se][Se]CC,CC[Se]C1CCN(S(=O)(=O)c2ccc(C)cc2)CC1,CC1=CC=C(S(N2CCC(C(O)=O)CC2)(=O)=O)C=C1,CC[Se][Se]CC,CC1=CC=C(S(N2CCC([Se]CC)CC2)(=O)=O)C=C1,NC(=O)C1=CN(Cc2ccccc2)C=C(C(N)=O)C1c1ccccc1,NC(C1=CN(CC2=CC=CC=C2)C=C(C(N)=O)C1C3=CC=CC=C3)=O,valid,CN(C)C=O,[H]C(N(C)C)=O,valid,nonp-0ed0c1a96f1d83bfe04ec22e
liao_dhp:000511,liao_dhp,510,511,0.0,O=C(O)Cc1ccc2c(c1)C(=O)c1ccccc1CO2,CC[Se][Se]CC,CC[Se]Cc1ccc2c(c1)C(=O)c1ccccc1CO2,O=C1C2=CC(CC(O)=O)=CC=C2OCC3=CC=CC=C13,CC[Se][Se]CC,O=C1C2=CC(C[Se]CC)=CC=C2OCC3=CC=CC=C13,COc1ccc(CN2C=CCC(C(N)=O)=C2)cc1,NC(C1=CN(CC2=CC=C(OC)C=C2)C=CC1)=O,valid,CN(C)C=O,[H]C(N(C)C)=O,valid,nonp-3cda9befaef008e7e7395d3d
liao_dhp:000512,liao_dhp,511,512,0.011776,CC(C(=O)O)c1ccc(CC2CCCC2=O)cc1,CC[Se][Se]CC,CC[Se]C(C)c1ccc(CC2CCCC2=O)cc1,CC(C1=CC=C(CC2C(CCC2)=O)C=C1)C(O)=O,CC[Se][Se]CC,CC(C1=CC=C(CC2C(CCC2)=O)C=C1)[Se]CC,NC(=O)C1=CN(Cc2ccc(C(F)(F)F)cc2)C=CC1,NC(C1=CN(CC2=CC=C(C(F)(F)F)C=C2)C=CC1)=O,valid,CN(C)C=O,[H]C(N(C)C)=O,valid,nonp-4698dd094aae88293ee6de5c
liao_dhp:000513,liao_dhp,512,513,0.0,CC(C(=O)O)N1C(=O)c2ccccc2C1=O,CC[Se][Se]CC,CC[Se]C(C)N1C(=O)c2ccccc2C1=O,CC(N(C(C1=C2C=CC=C1)=O)C2=O)C(O)=O,CC[Se][Se]CC,CC(N(C(C1=C2C=CC=C1)=O)C2=O)[Se]CC,NC(=O)C1=CN(Cc2ccc(C(F)(F)F)cc2)C=CC1,NC(C1=CN(CC2=CC=C(C(F)(F)F)C=C2)C=CC1)=O,valid,CC#N,CC#N,valid,nonp-8c27636ba60ee5add99194be
liao_dhp:000514,liao_dhp,513,514,0.0,Cc1ccc(S(=O)(=O)N2CCC(C(=O)O)CC2)cc1,CC[Se][Se]CC,CC[Se]C1CCN(S(=O)(=O)c2ccc(C)cc2)CC1,CC1=CC=C(S(N2CCC(C(O)=O)CC2)(=O)=O)C=C1,CC[Se][Se]CC,CC1=CC=C(S(N2CCC([Se]CC)CC2)(=O)=O)C=C1,NC(=O)C1=CN(Cc2ccccc2)C=C(C(N)=O)C1,NC(C1=CN(CC2=CC=CC=C2)C=C(C(N)=O)C1)=O,valid,CC#N,CC#N,valid,nonp-4f3929c96d5f836fce13cae7
liao_dhp:000515,liao_dhp,514,515,0.0,O=C(O)Cc1ccc2c(c1)C(=O)c1ccccc1CO2,CC[Se][Se]CC,CC[Se]Cc1ccc2c(c1)C(=O)c1ccccc1CO2,O=C1C2=CC(CC(O)=O)=CC=C2OCC3=CC=CC=C13,CC[Se][Se]CC,O=C1C2=CC(C[Se]CC)=CC=C2OCC3=CC=CC=C13,NC(=O)C1=CN(Cc2ccc(C(F)(F)F)cc2)C=CC1,NC(C1=CN(CC2=CC=C(C(F)(F)F)C=C2)C=CC1)=O,valid,CC#N,CC#N,valid,nonp-f9b28039879135ff6f8a1506
liao_dhp:000516,liao_dhp,515,516,0.025762,CC(C(=O)O)c1ccc(CC2CCCC2=O)cc1,CC[Se][Se]CC,CC[Se]C(C)c1ccc(CC2CCCC2=O)cc1,CC(C1=CC=C(CC2C(CCC2)=O)C=C1)C(O)=O,CC[Se][Se]CC,CC(C1=CC=C(CC2C(CCC2)=O)C=C1)[Se]CC,NC(=O)C1=CN(Cc2ccccc2)C=CC1,NC(C1=CN(CC2=CC=CC=C2)C=CC1)=O,valid,CC#N,CC#N,valid,nonp-ba81b3078ef9706be02b5234
liao_dhp:000517,liao_dhp,516,517,0.038749,CC(C(=O)O)c1ccc(CC2CCCC2=O)cc1,CC[Se][Se]CC,CC[Se]C(C)c1ccc(CC2CCCC2=O)cc1,CC(C1=CC=C(CC2C(CCC2)=O)C=C1)C(O)=O,CC[Se][Se]CC,CC(C1=CC=C(CC2C(CCC2)=O)C=C1)[Se]CC,COc1ccc(CN2C=CCC(C(N)=O)=C2)cc1,NC(C1=CN(CC2=CC=C(OC)C=C2)C=CC1)=O,valid,CC#N,CC#N,valid,nonp-6bc45f916f808081dbab1a90
liao_dhp:000518,liao_dhp,517,518,0.019768,CC(C(=O)O)c1ccc(CC2CCCC2=O)cc1,CC[Se][Se]CC,CC[Se]C(C)c1ccc(CC2CCCC2=O)cc1,CC(C1=CC=C(CC2C(CCC2)=O)C=C1)C(O)=O,CC[Se][Se]CC,CC(C1=CC=C(CC2C(CCC2)=O)C=C1)[Se]CC,NC(=O)C1=CN(Cc2ccccc2)C=C(C(N)=O)C1c1ccccc1,NC(C1=CN(CC2=CC=CC=C2)C=C(C(N)=O)C1C3=CC=CC=C3)=O,valid,CC#N,CC#N,valid,nonp-25fe9117b1fce3b23084f62c
liao_dhp:000519,liao_dhp,518,519,0.1149856,Cc1ccc(CC(=O)O)cc1,CC[Se][Se]CC,CC[Se]Cc1ccc(C)cc1,CC1=CC=C(CC(O)=O)C=C1,CC[Se][Se]CC,CC1=CC=C(C[Se]CC)C=C1,NC(=O)C1=CN(Cc2ccc(C(F)(F)F)cc2)C=CC1,NC(C1=CN(CC2=CC=C(C(F)(F)F)C=C2)C=CC1)=O,valid,CS(C)=O,CS(C)=O,valid,nonp-6dd2372fde9e6d2e263e6d8d
liao_dhp:000520,liao_dhp,519,520,0.016918,O=C(O)Cc1ccc(Br)cc1,CC[Se][Se]CC,CC[Se]Cc1ccc(Br)cc1,BrC1=CC=C(CC(O)=O)C=C1,CC[Se][Se]CC,BrC1=CC=C(C[Se]CC)C=C1,NC(=O)C1=CN(Cc2ccccc2)C=CC1,NC(C1=CN(CC2=CC=CC=C2)C=CC1)=O,valid,CS(C)=O,CS(C)=O,valid,nonp-ab60faa3d2d97e040dbaefd8
liao_dhp:000521,liao_dhp,520,521,0.0,O=C(O)Cc1ccc(Br)cc1,CC[Se][Se]CC,CC[Se]Cc1ccc(Br)cc1,BrC1=CC=C(CC(O)=O)C=C1,CC[Se][Se]CC,BrC1=CC=C(C[Se]CC)C=C1,NC(=O)C1=CN(Cc2ccccc2)C=C(C(N)=O)C1,NC(C1=CN(CC2=CC=CC=C2)C=C(C(N)=O)C1)=O,valid,CS(C)=O,CS(C)=O,valid,nonp-8f601ed184fd68ce27eb4c89
liao_dhp:000522,liao_dhp,521,522,0.4047016,Cc1ccccc1CC(=O)O,CC[Se][Se]CC,CC[Se]Cc1ccccc1C,CC1=C(CC(O)=O)C=CC=C1,CC[Se][Se]CC,CC1=C(C[Se]CC)C=CC=C1,NC(=O)C1=CN(Cc2ccc(C(F)(F)F)cc2)C=CC1,NC(C1=CN(CC2=CC=C(C(F)(F)F)C=C2)C=CC1)=O,valid,CS(C)=O,CS(C)=O,valid,nonp-25f86970243f65a241e01d8e
liao_dhp:000523,liao_dhp,522,523,0.022264,Cc1ccc(CC(=O)O)cc1,CC[Se][Se]CC,CC[Se]Cc1ccc(C)cc1,CC1=CC=C(CC(O)=O)C=C1,CC[Se][Se]CC,CC1=CC=C(C[Se]CC)C=C1,NC(=O)C1=CN(Cc2ccccc2)C=C(C(N)=O)C1c1ccccc1,NC(C1=CN(CC2=CC=CC=C2)C=C(C(N)=O)C1C3=CC=CC=C3)=O,valid,CN(C)C=O,[H]C(N(C)C)=O,valid,nonp-bb56627eb26375ce0623ca5c
liao_dhp:000524,liao_dhp,523,524,0.0,O=C(O)Cc1ccc(Br)cc1,CC[Se][Se]CC,CC[Se]Cc1ccc(Br)cc1,BrC1=CC=C(CC(O)=O)C=C1,CC[Se][Se]CC,BrC1=CC=C(C[Se]CC)C=C1,NC(=O)C1=CN(Cc2ccccc2)C=CC1,NC(C1=CN(CC2=CC=CC=C2)C=CC1)=O,valid,CN(C)C=O,[H]C(N(C)C)=O,valid,nonp-858eb083efef19287d7cfded
liao_dhp:000525,liao_dhp,524,525,0.0,O=C(O)Cc1ccc(Br)cc1,CC[Se][Se]CC,CC[Se]Cc1ccc(Br)cc1,BrC1=CC=C(CC(O)=O)C=C1,CC[Se][Se]CC,BrC1=CC=C(C[Se]CC)C=C1,COc1ccc(CN2C=CCC(C(N)=O)=C2)cc1,NC(C1=CN(CC2=CC=C(OC)C=C2)C=CC1)=O,valid,CN(C)C=O,[H]C(N(C)C)=O,valid,nonp-10adae21d675ee351eded09f
liao_dhp:000526,liao_dhp,525,526,0.0,O=C(O)Cc1ccc(Br)cc1,CC[Se][Se]CC,CC[Se]Cc1ccc(Br)cc1,BrC1=CC=C(CC(O)=O)C=C1,CC[Se][Se]CC,BrC1=CC=C(C[Se]CC)C=C1,NC(=O)C1=CN(Cc2ccccc2)C=C(C(N)=O)C1c1ccccc1,NC(C1=CN(CC2=CC=CC=C2)C=C(C(N)=O)C1C3=CC=CC=C3)=O,valid,CN(C)C=O,[H]C(N(C)C)=O,valid,nonp-4e15f6a2a59193cc2caa6dda
liao_dhp:000527,liao_dhp,526,527,0.0,O=C(O)Cc1c[nH]c2ccccc12,CC[Se][Se]CC,CC[Se]Cc1c[nH]c2ccccc12,O=C(CC1=CNC2=C1C=CC=C2)O,CC[Se][Se]CC,CC[Se]CC1=CNC2=C1C=CC=C2,NC(=O)C1=CN(Cc2ccccc2)C=C(C(N)=O)C1,NC(C1=CN(CC2=CC=CC=C2)C=C(C(N)=O)C1)=O,valid,CN(C)C=O,[H]C(N(C)C)=O,valid,nonp-7dbb10e2a5e92da32199e382
liao_dhp:000528,liao_dhp,527,528,0.0,Cc1ccc(CC(=O)O)cc1,CC[Se][Se]CC,CC[Se]Cc1ccc(C)cc1,CC1=CC=C(CC(O)=O)C=C1,CC[Se][Se]CC,CC1=CC=C(C[Se]CC)C=C1,NC(=O)C1=CN(Cc2ccccc2)C=CC1,NC(C1=CN(CC2=CC=CC=C2)C=CC1)=O,valid,CC#N,CC#N,valid,nonp-ddf378f151660a78ec2ba1d1
liao_dhp:000529,liao_dhp,528,529,0.0,Cc1ccc(CC(=O)O)cc1,CC[Se][Se]CC,CC[Se]Cc1ccc(C)cc1,CC1=CC=C(CC(O)=O)C=C1,CC[Se][Se]CC,CC1=CC=C(C[Se]CC)C=C1,COc1ccc(CN2C=CCC(C(N)=O)=C2)cc1,NC(C1=CN(CC2=CC=C(OC)C=C2)C=CC1)=O,valid,CC#N,CC#N,valid,nonp-2a3ccc0ccc72eaa5939eb66d
liao_dhp:000530,liao_dhp,529,530,0.0,O=C(O)Cc1ccc(Br)cc1,CC[Se][Se]CC,CC[Se]Cc1ccc(Br)cc1,BrC1=CC=C(CC(O)=O)C=C1,CC[Se][Se]CC,BrC1=CC=C(C[Se]CC)C=C1,NC(=O)C1=CN(Cc2ccccc2)C=C(C(N)=O)C1,NC(C1=CN(CC2=CC=CC=C2)C=C(C(N)=O)C1)=O,valid,CC#N,CC#N,valid,nonp-c70bc55927d78ad0c069c810
liao_dhp:000531,liao_dhp,530,531,0.110084,COc1ccc(CC(=O)O)cc1,CC[Se][Se]CC,CC[Se]Cc1ccc(OC)cc1,COC1=CC=C(CC(O)=O)C=C1,CC[Se][Se]CC,COC1=CC=C(C[Se]CC)C=C1,COc1ccc(CN2C=CCC(C(N)=O)=C2)cc1,NC(C1=CN(CC2=CC=C(OC)C=C2)C=CC1)=O,valid,CC#N,CC#N,valid,nonp-1e4c19848fc2092abf988ec4
liao_dhp:000532,liao_dhp,531,532,0.0,O=C(O)Cc1c[nH]c2ccccc12,CC[Se][Se]CC,CC[Se]Cc1c[nH]c2ccccc12,O=C(CC1=CNC2=C1C=CC=C2)O,CC[Se][Se]CC,CC[Se]CC1=CNC2=C1C=CC=C2,NC(=O)C1=CN(Cc2ccccc2)C=C(C(N)=O)C1,NC(C1=CN(CC2=CC=CC=C2)C=C(C(N)=O)C1)=O,valid,CC#N,CC#N,valid,nonp-6867aaf0f7f7e8ad20435bae
liao_dhp:000533,liao_dhp,532,1,0.0,O=C(O)C1CCCCC1,c1ccc(C[Se][Se]Cc2ccccc2)cc1,c1ccc(C[Se]C2CCCCC2)cc1,O=C(C1CCCCC1)O,C1(C[Se][Se]CC2=CC=CC=C2)=CC=CC=C1,C1([Se]CC2=CC=CC=C2)CCCCC1,O=C(O)C1=CN(Cc2ccccc2)C=CC1,OC(C1=CN(CC2=CC=CC=C2)C=CC1)=O,valid,CC#N,CC#N,valid,nonp-b978f96eeaf55d6efc726a7d
liao_dhp:000534,liao_dhp,533,2,0.0,O=C(O)Cc1ccc2c(c1)C(=O)c1ccccc1CO2,CC[Se][Se]CC,CC[Se]Cc1ccc2c(c1)C(=O)c1ccccc1CO2,O=C1C2=CC(CC(O)=O)=CC=C2OCC3=CC=CC=C13,CC[Se][Se]CC,O=C1C2=CC(C[Se]CC)=CC=C2OCC3=CC=CC=C13,CCOC(=O)C1=C(C)NC(C)=C(C(=O)OCC)C1,CC1=C(C(OCC)=O)CC(C(OCC)=O)=C(C)N1,valid,CN(C)C=O,[H]C(N(C)C)=O,valid,nonp-17c75d9362ba3159e71f33c4
liao_dhp:000535,liao_dhp,534,3,0.0,O=C(O)Cc1ccc2c(c1)C(=O)c1ccccc1CO2,CC[Se][Se]CC,CC[Se]Cc1ccc2c(c1)C(=O)c1ccccc1CO2,O=C1C2=CC(CC(O)=O)=CC=C2OCC3=CC=CC=C13,CC[Se][Se]CC,O=C1C2=CC(C[Se]CC)=CC=C2OCC3=CC=CC=C13,CCOC(=O)C1=C(C)NC(C)=C(C(=O)OCC)C1,CC1=C(C(OCC)=O)CC(C(OCC)=O)=C(C)N1,valid,CC#N,CC#N,valid,nonp-70feb11688a8722e4b4d31da
liao_dhp:000536,liao_dhp,535,4,0.0,COc1ccc(CC(=O)O)cc1,c1ccc([Se][Se]c2ccccc2)cc1,COc1ccc(C[Se]c2ccccc2)cc1,COC1=CC=C(CC(O)=O)C=C1,C1([Se][Se]C2=CC=CC=C2)=CC=CC=C1,COC1=CC=C(C[Se]C2=CC=CC=C2)C=C1,O=C(O)C1=CN(Cc2ccccc2)C=CC1,OC(C1=CN(CC2=CC=CC=C2)C=CC1)=O,valid,CS(C)=O,CS(C)=O,valid,nonp-0c1195b66b6228b5a14e4638
liao_dhp:000537,liao_dhp,536,5,0.0,Cc1ccc(CC(=O)O)cc1,CC[Se][Se]CC,CC[Se]Cc1ccc(C)cc1,CC1=CC=C(CC(O)=O)C=C1,CC[Se][Se]CC,CC1=CC=C(C[Se]CC)C=C1,CCOC(=O)C1=C(C)NC(C)=C(C(=O)OCC)C1,CC1=C(C(OCC)=O)CC(C(OCC)=O)=C(C)N1,valid,CC#N,CC#N,valid,nonp-bcac0703aa529df8434a683e
liao_dhp:000538,liao_dhp,537,6,0.0,Cc1ccc(S(=O)(=O)N2CCC(C(=O)O)CC2)cc1,CC[Se][Se]CC,CC[Se]C1CCN(S(=O)(=O)c2ccc(C)cc2)CC1,CC1=CC=C(S(N2CCC(C(O)=O)CC2)(=O)=O)C=C1,CC[Se][Se]CC,CC1=CC=C(S(N2CCC([Se]CC)CC2)(=O)=O)C=C1,CCOC(=O)C1=C(C)NC(C)=C(C(=O)OCC)C1,CC1=C(C(OCC)=O)CC(C(OCC)=O)=C(C)N1,valid,CN(C)C=O,[H]C(N(C)C)=O,valid,nonp-62e7af1ed7efced545f2a92b
liao_dhp:000539,liao_dhp,538,7,0.0,Cc1ccc(S(=O)(=O)N2CCC(C(=O)O)CC2)cc1,CC[Se][Se]CC,CC[Se]C1CCN(S(=O)(=O)c2ccc(C)cc2)CC1,CC1=CC=C(S(N2CCC(C(O)=O)CC2)(=O)=O)C=C1,CC[Se][Se]CC,CC1=CC=C(S(N2CCC([Se]CC)CC2)(=O)=O)C=C1,CCOC(=O)C1=C(C)NC(C)=C(C(=O)OCC)C1,CC1=C(C(OCC)=O)CC(C(OCC)=O)=C(C)N1,valid,CC#N,CC#N,valid,nonp-d162e9842b77f82a08d1a916
liao_dhp:000540,liao_dhp,539,8,0.0,Cc1ccc(S(=O)(=O)N2CCC(C(=O)O)CC2)cc1,c1ccc(C[Se][Se]Cc2ccccc2)cc1,Cc1ccc(S(=O)(=O)N2CCC([Se]Cc3ccccc3)CC2)cc1,CC1=CC=C(S(N2CCC(C(O)=O)CC2)(=O)=O)C=C1,C1(C[Se][Se]CC2=CC=CC=C2)=CC=CC=C1,CC1=CC=C(S(N2CCC([Se]CC3=CC=CC=C3)CC2)(=O)=O)C=C1,CCOC(=O)C1=C(C)NC(C)=C(C(=O)OCC)C1,CC1=C(C(OCC)=O)CC(C(OCC)=O)=C(C)N1,valid,CC#N,CC#N,valid,nonp-fedc56acea57b586b0fd7ce3
liao_dhp:000541,liao_dhp,540,9,0.0,O=C(O)Cc1ccc(Br)cc1,CC[Se][Se]CC,CC[Se]Cc1ccc(Br)cc1,BrC1=CC=C(CC(O)=O)C=C1,CC[Se][Se]CC,BrC1=CC=C(C[Se]CC)C=C1,CCOC(=O)C1=C(C)NC(C)=C(C(=O)OCC)C1,CC1=C(C(OCC)=O)CC(C(OCC)=O)=C(C)N1,valid,CN(C)C=O,[H]C(N(C)C)=O,valid,nonp-cb3e3ce988b5f190d8018103
liao_dhp:000542,liao_dhp,541,10,0.0,COc1ccc2c(c1)c(CC(=O)O)c(C)n2C(=O)c1ccc(Cl)cc1,CC[Se][Se]CC,CC[Se]Cc1c(C)n(C(=O)c2ccc(Cl)cc2)c2ccc(OC)cc12,CC(N1C(C2=CC=C(Cl)C=C2)=O)=C(CC(O)=O)C3=C1C=CC(OC)=C3,CC[Se][Se]CC,CC(N1C(C2=CC=C(Cl)C=C2)=O)=C(C[Se]CC)C3=C1C=CC(OC)=C3,CCOC(=O)C1=C(C)NC(C)=C(C(=O)OCC)C1,CC1=C(C(OCC)=O)CC(C(OCC)=O)=C(C)N1,valid,CC#N,CC#N,valid,nonp-f69b04d3dcde4fae8971f846
liao_dhp:000543,liao_dhp,542,11,0.0,COc1ccc2cc(C(C)C(=O)O)ccc2c1,c1ccc(C[Se][Se]Cc2ccccc2)cc1,COc1ccc2cc(C(C)[Se]Cc3ccccc3)ccc2c1,CC(C1=CC=C2C=C(OC)C=CC2=C1)C(O)=O,C1(C[Se][Se]CC2=CC=CC=C2)=CC=CC=C1,CC(C1=CC=C2C=C(OC)C=CC2=C1)[Se]CC3=CC=CC=C3,O=C(O)C1=CN(Cc2ccccc2)C=CC1,OC(C1=CN(CC2=CC=CC=C2)C=CC1)=O,valid,CS(C)=O,CS(C)=O,valid,nonp-3c58ffbf349180209f0d00e2
liao_dhp:000544,liao_dhp,543,12,0.0,O=C(O)Cc1ccc(Br)cc1,CC[Se][Se]CC,CC[Se]Cc1ccc(Br)cc1,BrC1=CC=C(CC(O)=O)C=C1,CC[Se][Se]CC,BrC1=CC=C(C[Se]CC)C=C1,CCOC(=O)C1=C(C)NC(C)=C(C(=O)OCC)C1,CC1=C(C(OCC)=O)CC(C(OCC)=O)=C(C)N1,valid,CC#N,CC#N,valid,nonp-b4fa4b246052450383a24cbf
liao_dhp:000545,liao_dhp,544,13,0.0,O=C(O)C1(c2ccccc2)CC1,c1ccc([Se][Se]c2ccccc2)cc1,c1ccc([Se]C2(c3ccccc3)CC2)cc1,O=C(C1(C2=CC=CC=C2)CC1)O,C1([Se][Se]C2=CC=CC=C2)=CC=CC=C1,C1(C2([Se]C3=CC=CC=C3)CC2)=CC=CC=C1,N#CC1=CN(Cc2ccccc2)C=CC1,N#CC1=CN(CC2=CC=CC=C2)C=CC1,valid,CC#N,CC#N,valid,nonp-ed8e526c901ad859dbbb21ff
liao_dhp:000546,liao_dhp,545,14,0.0,COc1ccc2c(c1)c(CC(=O)O)c(C)n2C(=O)c1ccc(Cl)cc1,c1ccc(C[Se][Se]Cc2ccccc2)cc1,COc1ccc2c(c1)c(C[Se]Cc1ccccc1)c(C)n2C(=O)c1ccc(Cl)cc1,CC(N1C(C2=CC=C(Cl)C=C2)=O)=C(CC(O)=O)C3=C1C=CC(OC)=C3,C1(C[Se][Se]CC2=CC=CC=C2)=CC=CC=C1,CC(N1C(C2=CC=C(Cl)C=C2)=O)=C(C[Se]CC3=CC=CC=C3)C4=C1C=CC(OC)=C4,CCOC(=O)C1=C(C)NC(C)=C(C(=O)OCC)C1,CC1=C(C(OCC)=O)CC(C(OCC)=O)=C(C)N1,valid,CC#N,CC#N,valid,nonp-fb4af8242d9a7bf5d2bf6a86
liao_dhp:000547,liao_dhp,546,15,0.0,Cc1ccccc1CC(=O)O,c1ccc([Se][Se]c2ccccc2)cc1,Cc1ccccc1C[Se]c1ccccc1,CC1=C(CC(O)=O)C=CC=C1,C1([Se][Se]C2=CC=CC=C2)=CC=CC=C1,CC1=C(C[Se]C2=CC=CC=C2)C=CC=C1,CCOC(=O)C1=C(C)NC(C)=C(C(=O)OCC)C1,CC1=C(C(OCC)=O)CC(C(OCC)=O)=C(C)N1,valid,CC#N,CC#N,valid,nonp-902ac8b6861d76fbd77d5d29
liao_dhp:000548,liao_dhp,547,16,0.0,Cc1ccccc1CC(=O)O,CC[Se][Se]CC,CC[Se]Cc1ccccc1C,CC1=C(CC(O)=O)C=CC=C1,CC[Se][Se]CC,CC1=C(C[Se]CC)C=CC=C1,CCOC(=O)C1=C(C)NC(C)=C(C(=O)OCC)C1,CC1=C(C(OCC)=O)CC(C(OCC)=O)=C(C)N1,valid,CC#N,CC#N,valid,nonp-a726c8a1a48287d8ef651a48
liao_dhp:000549,liao_dhp,548,17,0.0,COc1ccc2c(c1)c(CC(=O)O)c(C)n2C(=O)c1ccc(Cl)cc1,CC[Se][Se]CC,CC[Se]Cc1c(C)n(C(=O)c2ccc(Cl)cc2)c2ccc(OC)cc12,CC(N1C(C2=CC=C(Cl)C=C2)=O)=C(CC(O)=O)C3=C1C=CC(OC)=C3,CC[Se][Se]CC,CC(N1C(C2=CC=C(Cl)C=C2)=O)=C(C[Se]CC)C3=C1C=CC(OC)=C3,CCCCN1C=CCC(C(N)=O)=C1,NC(C1=CN(CCCC)C=CC1)=O,valid,CC#N,CC#N,valid,nonp-a85822dc18a73f99908dfa9d
liao_dhp:000550,liao_dhp,549,18,0.0,Cc1ccc(CC(=O)O)cc1,CC[Se][Se]CC,CC[Se]Cc1ccc(C)cc1,CC1=CC=C(CC(O)=O)C=C1,CC[Se][Se]CC,CC1=CC=C(C[Se]CC)C=C1,CCCCN1C=CCC(C(N)=O)=C1,NC(C1=CN(CCCC)C=CC1)=O,valid,CC#N,CC#N,valid,nonp-00070ed3497b9de7aad3cb17
liao_dhp:000551,liao_dhp,550,19,0.0,Cc1ccccc1CC(=O)O,CC[Se][Se]CC,CC[Se]Cc1ccccc1C,CC1=C(CC(O)=O)C=CC=C1,CC[Se][Se]CC,CC1=C(C[Se]CC)C=CC=C1,O=C(O)C1=CN(Cc2ccccc2)C=CC1,OC(C1=CN(CC2=CC=CC=C2)C=CC1)=O,valid,CC#N,CC#N,valid,nonp-946bb52250b92559ffec19cc
liao_dhp:000552,liao_dhp,551,20,0.0,O=C(O)Cc1ccc(Br)cc1,CC[Se][Se]CC,CC[Se]Cc1ccc(Br)cc1,BrC1=CC=C(CC(O)=O)C=C1,CC[Se][Se]CC,BrC1=CC=C(C[Se]CC)C=C1,O=C(O)C1=CN(Cc2ccccc2)C=CC1,OC(C1=CN(CC2=CC=CC=C2)C=CC1)=O,valid,CC#N,CC#N,valid,nonp-ef5c370bf0c1dd153e663116
liao_dhp:000553,liao_dhp,552,21,0.0,O=C(O)Cc1ccc2c(c1)C(=O)c1ccccc1CO2,CC[Se][Se]CC,CC[Se]Cc1ccc2c(c1)C(=O)c1ccccc1CO2,O=C1C2=CC(CC(O)=O)=CC=C2OCC3=CC=CC=C13,CC[Se][Se]CC,O=C1C2=CC(C[Se]CC)=CC=C2OCC3=CC=CC=C13,O=C(O)C1=CN(Cc2ccccc2)C=CC1,OC(C1=CN(CC2=CC=CC=C2)C=CC1)=O,valid,CC#N,CC#N,valid,nonp-32d142a5d26fca3e6ee6173f
liao_dhp:000554,liao_dhp,553,22,0.0,COc1ccc(CC(=O)O)cc1,c1ccc([Se][Se]c2ccccc2)cc1,COc1ccc(C[Se]c2ccccc2)cc1,COC1=CC=C(CC(O)=O)C=C1,C1([Se][Se]C2=CC=CC=C2)=CC=CC=C1,COC1=CC=C(C[Se]C2=CC=CC=C2)C=C1,CCOC(=O)C1=C(C)NC(C)=C(C(=O)OCC)C1,CC1=C(C(OCC)=O)CC(C(OCC)=O)=C(C)N1,valid,CC#N,CC#N,valid,nonp-b8777fe48ce9d77a68747970
liao_dhp:000555,liao_dhp,554,23,0.0,Cc1ccc(S(=O)(=O)N2CCC(C(=O)O)CC2)cc1,CC[Se][Se]CC,CC[Se]C1CCN(S(=O)(=O)c2ccc(C)cc2)CC1,CC1=CC=C(S(N2CCC(C(O)=O)CC2)(=O)=O)C=C1,CC[Se][Se]CC,CC1=CC=C(S(N2CCC([Se]CC)CC2)(=O)=O)C=C1,CCCCN1C=CCC(C(N)=O)=C1,NC(C1=CN(CCCC)C=CC1)=O,valid,CN(C)C=O,[H]C(N(C)C)=O,valid,nonp-c1781a80ffa2d3271bd4cfd4
liao_dhp:000556,liao_dhp,555,24,0.0,Cc1ccc(S(=O)(=O)N2CCC(C(=O)O)CC2)cc1,CC[Se][Se]CC,CC[Se]C1CCN(S(=O)(=O)c2ccc(C)cc2)CC1,CC1=CC=C(S(N2CCC(C(O)=O)CC2)(=O)=O)C=C1,CC[Se][Se]CC,CC1=CC=C(S(N2CCC([Se]CC)CC2)(=O)=O)C=C1,O=C(O)C1=CN(Cc2ccccc2)C=CC1,OC(C1=CN(CC2=CC=CC=C2)C=CC1)=O,valid,CN(C)C=O,[H]C(N(C)C)=O,valid,nonp-986b948ca78fbcc91fae5cc6
liao_dhp:000557,liao_dhp,556,25,0.0,O=C(O)Cc1ccc2c(c1)C(=O)c1ccccc1CO2,CC[Se][Se]CC,CC[Se]Cc1ccc2c(c1)C(=O)c1ccccc1CO2,O=C1C2=CC(CC(O)=O)=CC=C2OCC3=CC=CC=C13,CC[Se][Se]CC,O=C1C2=CC(C[Se]CC)=CC=C2OCC3=CC=CC=C13,CCCCN1C=CCC(C(N)=O)=C1,NC(C1=CN(CCCC)C=CC1)=O,valid,CN(C)C=O,[H]C(N(C)C)=O,valid,nonp-b171739b2161cdd1e62a9e88
liao_dhp:000558,liao_dhp,557,26,0.0,O=C(O)Cc1ccc2c(c1)C(=O)c1ccccc1CO2,CC[Se][Se]CC,CC[Se]Cc1ccc2c(c1)C(=O)c1ccccc1CO2,O=C1C2=CC(CC(O)=O)=CC=C2OCC3=CC=CC=C13,CC[Se][Se]CC,O=C1C2=CC(C[Se]CC)=CC=C2OCC3=CC=CC=C13,O=C(O)C1=CN(Cc2ccccc2)C=CC1,OC(C1=CN(CC2=CC=CC=C2)C=CC1)=O,valid,CN(C)C=O,[H]C(N(C)C)=O,valid,nonp-16f22d4b99b8f9d65124763b
liao_dhp:000559,liao_dhp,558,27,0.0,O=C(O)Cc1ccc2c(c1)C(=O)c1ccccc1CO2,CC[Se][Se]CC,CC[Se]Cc1ccc2c(c1)C(=O)c1ccccc1CO2,O=C1C2=CC(CC(O)=O)=CC=C2OCC3=CC=CC=C13,CC[Se][Se]CC,O=C1C2=CC(C[Se]CC)=CC=C2OCC3=CC=CC=C13,CCCCN1C=CCC(C(N)=O)=C1,NC(C1=CN(CCCC)C=CC1)=O,valid,CC#N,CC#N,valid,nonp-9a21eef47f7bbb0a12b2d158
liao_dhp:000560,liao_dhp,559,28,0.0,COc1ccc2c(c1)c(CC(=O)O)c(C)n2C(=O)c1ccc(Cl)cc1,CC[Se][Se]CC,CC[Se]Cc1c(C)n(C(=O)c2ccc(Cl)cc2)c2ccc(OC)cc12,CC(N1C(C2=CC=C(Cl)C=C2)=O)=C(CC(O)=O)C3=C1C=CC(OC)=C3,CC[Se][Se]CC,CC(N1C(C2=CC=C(Cl)C=C2)=O)=C(C[Se]CC)C3=C1C=CC(OC)=C3,O=C(O)C1=CN(Cc2ccccc2)C=CC1,OC(C1=CN(CC2=CC=CC=C2)C=CC1)=O,valid,CC#N,CC#N,valid,nonp-602291bd98f3d92aa015e63c
liao_dhp:000561,liao_dhp,560,29,0.0,O=C(O)Cc1ccc(Br)cc1,CC[Se][Se]CC,CC[Se]Cc1ccc(Br)cc1,BrC1=CC=C(CC(O)=O)C=C1,CC[Se][Se]CC,BrC1=CC=C(C[Se]CC)C=C1,CCCCN1C=CCC(C(N)=O)=C1,NC(C1=CN(CCCC)C=CC1)=O,valid,CN(C)C=O,[H]C(N(C)C)=O,valid,nonp-053e9995d698baf6527f5143
liao_dhp:000562,liao_dhp,561,30,0.0,O=C(O)Cc1ccc(Br)cc1,CC[Se][Se]CC,CC[Se]Cc1ccc(Br)cc1,BrC1=CC=C(CC(O)=O)C=C1,CC[Se][Se]CC,BrC1=CC=C(C[Se]CC)C=C1,O=C(O)C1=CN(Cc2ccccc2)C=CC1,OC(C1=CN(CC2=CC=CC=C2)C=CC1)=O,valid,CN(C)C=O,[H]C(N(C)C)=O,valid,nonp-36496b72045187ab7ef4c539
liao_dhp:000563,liao_dhp,562,31,0.0,Cc1ccc(CC(=O)O)cc1,CC[Se][Se]CC,CC[Se]Cc1ccc(C)cc1,CC1=CC=C(CC(O)=O)C=C1,CC[Se][Se]CC,CC1=CC=C(C[Se]CC)C=C1,O=C(O)C1=CN(Cc2ccccc2)C=CC1,OC(C1=CN(CC2=CC=CC=C2)C=CC1)=O,valid,CC#N,CC#N,valid,nonp-69f26f0393162423c8572ef6
liao_dhp:000564,liao_dhp,563,32,0.0,O=C(O)Cc1ccc(Br)cc1,CC[Se][Se]CC,CC[Se]Cc1ccc(Br)cc1,BrC1=CC=C(CC(O)=O)C=C1,CC[Se][Se]CC,BrC1=CC=C(C[Se]CC)C=C1,CCCCN1C=CCC(C(N)=O)=C1,NC(C1=CN(CCCC)C=CC1)=O,valid,CC#N,CC#N,valid,nonp-311024243ffbada6d2442755
liao_dhp:000565,liao_dhp,564,33,0.0,Cc1ccc(S(=O)(=O)N2CCC(C(=O)O)CC2)cc1,c1ccc(C[Se][Se]Cc2ccccc2)cc1,Cc1ccc(S(=O)(=O)N2CCC([Se]Cc3ccccc3)CC2)cc1,CC1=CC=C(S(N2CCC(C(O)=O)CC2)(=O)=O)C=C1,C1(C[Se][Se]CC2=CC=CC=C2)=CC=CC=C1,CC1=CC=C(S(N2CCC([Se]CC3=CC=CC=C3)CC2)(=O)=O)C=C1,O=C(O)C1=CN(Cc2ccccc2)C=CC1,OC(C1=CN(CC2=CC=CC=C2)C=CC1)=O,valid,CC#N,CC#N,valid,nonp-0b95f8c89dc16820a80932bf
liao_dhp:000566,liao_dhp,565,34,0.0,Cc1ccc(S(=O)(=O)N2CCC(C(=O)O)CC2)cc1,CC[Se][Se]CC,CC[Se]C1CCN(S(=O)(=O)c2ccc(C)cc2)CC1,CC1=CC=C(S(N2CCC(C(O)=O)CC2)(=O)=O)C=C1,CC[Se][Se]CC,CC1=CC=C(S(N2CCC([Se]CC)CC2)(=O)=O)C=C1,O=C(O)C1=CN(Cc2ccccc2)C=CC1,OC(C1=CN(CC2=CC=CC=C2)C=CC1)=O,valid,CC#N,CC#N,valid,nonp-b2279ed85e3f9a3ec47b04f0
liao_dhp:000567,liao_dhp,566,35,0.0,O=C(O)C1CCCCC1,c1ccc(C[Se][Se]Cc2ccccc2)cc1,c1ccc(C[Se]C2CCCCC2)cc1,O=C(C1CCCCC1)O,C1(C[Se][Se]CC2=CC=CC=C2)=CC=CC=C1,C1([Se]CC2=CC=CC=C2)CCCCC1,CCOC(=O)C1=C(C)NC(C)=C(C(=O)OCC)C1,CC1=C(C(OCC)=O)CC(C(OCC)=O)=C(C)N1,valid,CC#N,CC#N,valid,nonp-44d379f304d36de087365152
liao_dhp:000568,liao_dhp,567,36,0.0,Cc1ccccc1CC(=O)O,CC[Se][Se]CC,CC[Se]Cc1ccccc1C,CC1=C(CC(O)=O)C=CC=C1,CC[Se][Se]CC,CC1=C(C[Se]CC)C=CC=C1,CCOC(=O)C1=C(C)NC(C)=C(C(=O)OCC)C1,CC1=C(C(OCC)=O)CC(C(OCC)=O)=C(C)N1,valid,CN(C)C=O,[H]C(N(C)C)=O,valid,nonp-5f92578d79397d11d8fff7e9
liao_dhp:000569,liao_dhp,568,37,0.0,CC(C)(C)OC(=O)N[C@H](CC(=O)O)C(=O)OCc1ccccc1,c1ccc(C[Se][Se]Cc2ccccc2)cc1,CC(C)(C)OC(=O)N[C@H](C[Se]Cc1ccccc1)C(=O)OCc1ccccc1,O=C(OCC1=CC=CC=C1)[C@H](NC(OC(C)(C)C)=O)CC(O)=O,C1(C[Se][Se]CC2=CC=CC=C2)=CC=CC=C1,O=C(OCC1=CC=CC=C1)[C@H](NC(OC(C)(C)C)=O)C[Se]CC2=CC=CC=C2,O=C(O)C1=CN(Cc2ccccc2)C=CC1,OC(C1=CN(CC2=CC=CC=C2)C=CC1)=O,valid,CN(C)C=O,[H]C(N(C)C)=O,valid,nonp-67cc37755411437a0408321f
liao_dhp:000570,liao_dhp,569,38,0.0,O=C(O)C1CCC1,c1ccc(C[Se][Se]Cc2ccccc2)cc1,c1ccc(C[Se]C2CCC2)cc1,O=C(C1CCC1)O,C1(C[Se][Se]CC2=CC=CC=C2)=CC=CC=C1,C1([Se]CC2=CC=CC=C2)CCC1,CCOC(=O)C1=C(C)NC(C)=C(C(=O)OCC)C1,CC1=C(C(OCC)=O)CC(C(OCC)=O)=C(C)N1,valid,CN(C)C=O,[H]C(N(C)C)=O,valid,nonp-81d7cb256bb2726a71a746c2
liao_dhp:000571,liao_dhp,570,39,0.0,O=C(O)C1CCC1,c1ccc(C[Se][Se]Cc2ccccc2)cc1,c1ccc(C[Se]C2CCC2)cc1,O=C(C1CCC1)O,C1(C[Se][Se]CC2=CC=CC=C2)=CC=CC=C1,C1([Se]CC2=CC=CC=C2)CCC1,O=C(O)C1=CN(Cc2ccccc2)C=CC1,OC(C1=CN(CC2=CC=CC=C2)C=CC1)=O,valid,CN(C)C=O,[H]C(N(C)C)=O,valid,nonp-82ec023b279204e97c3a2721
liao_dhp:000572,liao_dhp,571,40,0.0,CC(C(=O)O)c1ccc(CC2CCCC2=O)cc1,c1ccc(C[Se][Se]Cc2ccccc2)cc1,CC([Se]Cc1ccccc1)c1ccc(CC2CCCC2=O)cc1,CC(C1=CC=C(CC2C(CCC2)=O)C=C1)C(O)=O,C1(C[Se][Se]CC2=CC=CC=C2)=CC=CC=C1,CC(C1=CC=C(CC2C(CCC2)=O)C=C1)[Se]CC3=CC=CC=C3,O=C(O)C1=CN(Cc2ccccc2)C=CC1,OC(C1=CN(CC2=CC=CC=C2)C=CC1)=O,valid,CC#N,CC#N,valid,nonp-69edf3cc7b6dad58451ad623
liao_dhp:000573,liao_dhp,572,41,0.0,COc1ccc2c(c1)c(CC(=O)O)c(C)n2C(=O)c1ccc(Cl)cc1,c1ccc(C[Se][Se]Cc2ccccc2)cc1,COc1ccc2c(c1)c(C[Se]Cc1ccccc1)c(C)n2C(=O)c1ccc(Cl)cc1,CC(N1C(C2=CC=C(Cl)C=C2)=O)=C(CC(O)=O)C3=C1C=CC(OC)=C3,C1(C[Se][Se]CC2=CC=CC=C2)=CC=CC=C1,CC(N1C(C2=CC=C(Cl)C=C2)=O)=C(C[Se]CC3=CC=CC=C3)C4=C1C=CC(OC)=C4,CCOC(=O)C1=C(C)NC(C)=C(C(=O)OCC)C1,CC1=C(C(OCC)=O)CC(C(OCC)=O)=C(C)N1,valid,CN(C)C=O,[H]C(N(C)C)=O,valid,nonp-8080131a411e6a90a4bb40e3
liao_dhp:000574,liao_dhp,573,42,0.0,O=C(O)Cc1ccc2c(c1)C(=O)c1ccccc1CO2,CC[Se][Se]CC,CC[Se]Cc1ccc2c(c1)C(=O)c1ccccc1CO2,O=C1C2=CC(CC(O)=O)=CC=C2OCC3=CC=CC=C13,CC[Se][Se]CC,O=C1C2=CC(C[Se]CC)=CC=C2OCC3=CC=CC=C13,CCCCN1C=CCC(C(N)=O)=C1,NC(C1=CN(CCCC)C=CC1)=O,valid,CS(C)=O,CS(C)=O,valid,nonp-fa074c64e9fc2c1b4414796e
liao_dhp:000575,liao_dhp,574,43,0.0,O=C(O)Cc1ccc2c(c1)C(=O)c1ccccc1CO2,CC[Se][Se]CC,CC[Se]Cc1ccc2c(c1)C(=O)c1ccccc1CO2,O=C1C2=CC(CC(O)=O)=CC=C2OCC3=CC=CC=C13,CC[Se][Se]CC,O=C1C2=CC(C[Se]CC)=CC=C2OCC3=CC=CC=C13,O=C(O)C1=CN(Cc2ccccc2)C=CC1,OC(C1=CN(CC2=CC=CC=C2)C=CC1)=O,valid,CS(C)=O,CS(C)=O,valid,nonp-817726e1306dbc19acbe38c2
liao_dhp:000576,liao_dhp,575,44,0.0,O=C(O)C1CCCCC1,c1ccc(C[Se][Se]Cc2ccccc2)cc1,c1ccc(C[Se]C2CCCCC2)cc1,O=C(C1CCCCC1)O,C1(C[Se][Se]CC2=CC=CC=C2)=CC=CC=C1,C1([Se]CC2=CC=CC=C2)CCCCC1,CCCCN1C=CCC(C(N)=O)=C1,NC(C1=CN(CCCC)C=CC1)=O,valid,CC#N,CC#N,valid,nonp-07c4fc6852b4ae61a66d285f
liao_dhp:000577,liao_dhp,576,45,0.0,O=C(O)Cc1ccc(Br)cc1,CC[Se][Se]CC,CC[Se]Cc1ccc(Br)cc1,BrC1=CC=C(CC(O)=O)C=C1,CC[Se][Se]CC,BrC1=CC=C(C[Se]CC)C=C1,O=C(O)C1=CN(Cc2ccccc2)C=CC1,OC(C1=CN(CC2=CC=CC=C2)C=CC1)=O,valid,CS(C)=O,CS(C)=O,valid,nonp-1db0bb1a93f010704e03d75c
liao_dhp:000578,liao_dhp,577,46,0.0,Cc1ccccc1CC(=O)O,CC[Se][Se]CC,CC[Se]Cc1ccccc1C,CC1=C(CC(O)=O)C=CC=C1,CC[Se][Se]CC,CC1=C(C[Se]CC)C=CC=C1,O=C(O)C1=CN(Cc2ccccc2)C=CC1,OC(C1=CN(CC2=CC=CC=C2)C=CC1)=O,valid,CN(C)C=O,[H]C(N(C)C)=O,valid,nonp-1955dd90fcc9f6420281e155
liao_dhp:000579,liao_dhp,578,47,0.0,COc1ccc2c(c1)c(CC(=O)O)c(C)n2C(=O)c1ccc(Cl)cc1,c1ccc(C[Se][Se]Cc2ccccc2)cc1,COc1ccc2c(c1)c(C[Se]Cc1ccccc1)c(C)n2C(=O)c1ccc(Cl)cc1,CC(N1C(C2=CC=C(Cl)C=C2)=O)=C(CC(O)=O)C3=C1C=CC(OC)=C3,C1(C[Se][Se]CC2=CC=CC=C2)=CC=CC=C1,CC(N1C(C2=CC=C(Cl)C=C2)=O)=C(C[Se]CC3=CC=CC=C3)C4=C1C=CC(OC)=C4,CCCCN1C=CCC(C(N)=O)=C1,NC(C1=CN(CCCC)C=CC1)=O,valid,CC#N,CC#N,valid,nonp-d735a2428c3bef8a64b48415
liao_dhp:000580,liao_dhp,579,48,0.0,O=C(O)Cc1ccc(Br)cc1,CC[Se][Se]CC,CC[Se]Cc1ccc(Br)cc1,BrC1=CC=C(CC(O)=O)C=C1,CC[Se][Se]CC,BrC1=CC=C(C[Se]CC)C=C1,CCOC(=O)C1=C(C)NC(C)=C(C(=O)OCC)C1,CC1=C(C(OCC)=O)CC(C(OCC)=O)=C(C)N1,valid,CS(C)=O,CS(C)=O,valid,nonp-74e1807f28f64b4b4b953cf0
liao_dhp:000581,liao_dhp,580,49,0.0,CC(C(=O)O)c1ccc(CC2CCCC2=O)cc1,c1ccc(C[Se][Se]Cc2ccccc2)cc1,CC([Se]Cc1ccccc1)c1ccc(CC2CCCC2=O)cc1,CC(C1=CC=C(CC2C(CCC2)=O)C=C1)C(O)=O,C1(C[Se][Se]CC2=CC=CC=C2)=CC=CC=C1,CC(C1=CC=C(CC2C(CCC2)=O)C=C1)[Se]CC3=CC=CC=C3,CCOC(=O)C1=C(C)NC(C)=C(C(=O)OCC)C1,CC1=C(C(OCC)=O)CC(C(OCC)=O)=C(C)N1,valid,CN(C)C=O,[H]C(N(C)C)=O,valid,nonp-8feee7409fabd8066d8a3d35
liao_dhp:000582,liao_dhp,581,50,0.0,COc1ccc2c(c1)c(CC(=O)O)c(C)n2C(=O)c1ccc(Cl)cc1,c1ccc(C[Se][Se]Cc2ccccc2)cc1,COc1ccc2c(c1)c(C[Se]Cc1ccccc1)c(C)n2C(=O)c1ccc(Cl)cc1,CC(N1C(C2=CC=C(Cl)C=C2)=O)=C(CC(O)=O)C3=C1C=CC(OC)=C3,C1(C[Se][Se]CC2=CC=CC=C2)=CC=CC=C1,CC(N1C(C2=CC=C(Cl)C=C2)=O)=C(C[Se]CC3=CC=CC=C3)C4=C1C=CC(OC)=C4,O=C(O)C1=CN(Cc2ccccc2)C=CC1,OC(C1=CN(CC2=CC=CC=C2)C=CC1)=O,valid,CN(C)C=O,[H]C(N(C)C)=O,valid,nonp-92ec39476e49d8510025e5be
liao_dhp:000583,liao_dhp,582,51,0.0,O=C(O)Cc1c[nH]c2ccccc12,CC[Se][Se]CC,CC[Se]Cc1c[nH]c2ccccc12,O=C(CC1=CNC2=C1C=CC=C2)O,CC[Se][Se]CC,CC[Se]CC1=CNC2=C1C=CC=C2,CCOC(=O)C1=C(C)NC(C)=C(C(=O)OCC)C1,CC1=C(C(OCC)=O)CC(C(OCC)=O)=C(C)N1,valid,CN(C)C=O,[H]C(N(C)C)=O,valid,nonp-51419a8257f14a23b51f32d9
liao_dhp:000584,liao_dhp,583,52,0.01,COc1ccc2cc(C(C)C(=O)O)ccc2c1,c1ccc(C[Se][Se]Cc2ccccc2)cc1,COc1ccc2cc(C(C)[Se]Cc3ccccc3)ccc2c1,CC(C1=CC=C2C=C(OC)C=CC2=C1)C(O)=O,C1(C[Se][Se]CC2=CC=CC=C2)=CC=CC=C1,CC(C1=CC=C2C=C(OC)C=CC2=C1)[Se]CC3=CC=CC=C3,CCOC(=O)C1=C(C)NC(C)=C(C(=O)OCC)C1,CC1=C(C(OCC)=O)CC(C(OCC)=O)=C(C)N1,valid,CS(C)=O,CS(C)=O,valid,nonp-711dda19073d76731fef9cc7
liao_dhp:000585,liao_dhp,584,53,0.01,O=C(O)CCc1ccccc1,c1ccc([Se][Se]c2ccccc2)cc1,c1ccc(CC[Se]c2ccccc2)cc1,O=C(CCC1=CC=CC=C1)O,C1([Se][Se]C2=CC=CC=C2)=CC=CC=C1,C1(CC[Se]C2=CC=CC=C2)=CC=CC=C1,N#CC1=CN(Cc2ccccc2)C=CC1,N#CC1=CN(CC2=CC=CC=C2)C=CC1,valid,CC#N,CC#N,valid,nonp-aa617a0aeea67d0fdba6a0f0
liao_dhp:000586,liao_dhp,585,54,0.01,CC(C(=O)O)c1ccc(CC2CCCC2=O)cc1,c1ccc(C[Se][Se]Cc2ccccc2)cc1,CC([Se]Cc1ccccc1)c1ccc(CC2CCCC2=O)cc1,CC(C1=CC=C(CC2C(CCC2)=O)C=C1)C(O)=O,C1(C[Se][Se]CC2=CC=CC=C2)=CC=CC=C1,CC(C1=CC=C(CC2C(CCC2)=O)C=C1)[Se]CC3=CC=CC=C3,O=C(O)C1=CN(Cc2ccccc2)C=CC1,OC(C1=CN(CC2=CC=CC=C2)C=CC1)=O,valid,CN(C)C=O,[H]C(N(C)C)=O,valid,nonp-bf1975117d5f8d6b5795b5ef
liao_dhp:000587,liao_dhp,586,55,0.01,O=C(O)C1CCCCC1,c1ccc(C[Se][Se]Cc2ccccc2)cc1,c1ccc(C[Se]C2CCCCC2)cc1,O=C(C1CCCCC1)O,C1(C[Se][Se]CC2=CC=CC=C2)=CC=CC=C1,C1([Se]CC2=CC=CC=C2)CCCCC1,CCOC(=O)C1=C(C)NC(C)=C(C(=O)OCC)C1,CC1=C(C(OCC)=O)CC(C(OCC)=O)=C(C)N1,valid,CN(C)C=O,[H]C(N(C)C)=O,valid,nonp-715391e856f7c1c903bde636
liao_dhp:000588,liao_dhp,587,56,0.01,CC(C(=O)O)c1ccc(CC2CCCC2=O)cc1,c1ccc(C[Se][Se]Cc2ccccc2)cc1,CC([Se]Cc1ccccc1)c1ccc(CC2CCCC2=O)cc1,CC(C1=CC=C(CC2C(CCC2)=O)C=C1)C(O)=O,C1(C[Se][Se]CC2=CC=CC=C2)=CC=CC=C1,CC(C1=CC=C(CC2C(CCC2)=O)C=C1)[Se]CC3=CC=CC=C3,CCOC(=O)C1=C(C)NC(C)=C(C(=O)OCC)C1,CC1=C(C(OCC)=O)CC(C(OCC)=O)=C(C)N1,valid,CC#N,CC#N,valid,nonp-c4207e053626b50179aa4726
liao_dhp:000589,liao_dhp,588,57,0.01,COc1ccc2cc(C(C)C(=O)O)ccc2c1,c1ccc(C[Se][Se]Cc2ccccc2)cc1,COc1ccc2cc(C(C)[Se]Cc3ccccc3)ccc2c1,CC(C1=CC=C2C=C(OC)C=CC2=C1)C(O)=O,C1(C[Se][Se]CC2=CC=CC=C2)=CC=CC=C1,CC(C1=CC=C2C=C(OC)C=CC2=C1)[Se]CC3=CC=CC=C3,CCOC(=O)C1=C(C)NC(C)=C(C(=O)OCC)C1,CC1=C(C(OCC)=O)CC(C(OCC)=O)=C(C)N1,valid,CN(C)C=O,[H]C(N(C)C)=O,valid,nonp-e4aef2ce59673a5a62571214
liao_dhp:000590,liao_dhp,589,58,0.01,CC(C)(C)OC(=O)N[C@H](CC(=O)O)C(=O)OCc1ccccc1,c1ccc(C[Se][Se]Cc2ccccc2)cc1,CC(C)(C)OC(=O)N[C@H](C[Se]Cc1ccccc1)C(=O)OCc1ccccc1,O=C(OCC1=CC=CC=C1)[C@H](NC(OC(C)(C)C)=O)CC(O)=O,C1(C[Se][Se]CC2=CC=CC=C2)=CC=CC=C1,O=C(OCC1=CC=CC=C1)[C@H](NC(OC(C)(C)C)=O)C[Se]CC2=CC=CC=C2,CCOC(=O)C1=C(C)NC(C)=C(C(=O)OCC)C1,CC1=C(C(OCC)=O)CC(C(OCC)=O)=C(C)N1,valid,CN(C)C=O,[H]C(N(C)C)=O,valid,nonp-a97f1eef84df30419a29bce1
liao_dhp:000591,liao_dhp,590,59,0.01,O=C(O)Cc1c[nH]c2ccccc12,CC[Se][Se]CC,CC[Se]Cc1c[nH]c2ccccc12,O=C(CC1=CNC2=C1C=CC=C2)O,CC[Se][Se]CC,CC[Se]CC1=CNC2=C1C=CC=C2,CCOC(=O)C1=C(C)NC(C)=C(C(=O)OCC)C1,CC1=C(C(OCC)=O)CC(C(OCC)=O)=C(C)N1,valid,CC#N,CC#N,valid,nonp-eda78ddc12bf5c5681140460
liao_dhp:000592,liao_dhp,591,60,0.01,O=C(O)C1CCCCC1,c1ccc(C[Se][Se]Cc2ccccc2)cc1,c1ccc(C[Se]C2CCCCC2)cc1,O=C(C1CCCCC1)O,C1(C[Se][Se]CC2=CC=CC=C2)=CC=CC=C1,C1([Se]CC2=CC=CC=C2)CCCCC1,CCOC(=O)C1=C(C)NC(C)=C(C(=O)OCC)C1,CC1=C(C(OCC)=O)CC(C(OCC)=O)=C(C)N1,valid,CS(C)=O,CS(C)=O,valid,nonp-e87ba9381e6af406e23535aa
liao_dhp:000593,liao_dhp,592,61,0.01,Cc1ccc(S(=O)(=O)N2CCC(C(=O)O)CC2)cc1,CC[Se][Se]CC,CC[Se]C1CCN(S(=O)(=O)c2ccc(C)cc2)CC1,CC1=CC=C(S(N2CCC(C(O)=O)CC2)(=O)=O)C=C1,CC[Se][Se]CC,CC1=CC=C(S(N2CCC([Se]CC)CC2)(=O)=O)C=C1,CCCCN1C=CCC(C(N)=O)=C1,NC(C1=CN(CCCC)C=CC1)=O,valid,CC#N,CC#N,valid,nonp-fb31c408f4a0f53bc06b5f7f
liao_dhp:000594,liao_dhp,593,62,0.01,Cc1ccc(S(=O)(=O)N2CCC(C(=O)O)CC2)cc1,c1ccc(C[Se][Se]Cc2ccccc2)cc1,Cc1ccc(S(=O)(=O)N2CCC([Se]Cc3ccccc3)CC2)cc1,CC1=CC=C(S(N2CCC(C(O)=O)CC2)(=O)=O)C=C1,C1(C[Se][Se]CC2=CC=CC=C2)=CC=CC=C1,CC1=CC=C(S(N2CCC([Se]CC3=CC=CC=C3)CC2)(=O)=O)C=C1,CCCCN1C=CCC(C(N)=O)=C1,NC(C1=CN(CCCC)C=CC1)=O,valid,CC#N,CC#N,valid,nonp-246304183fe07607d8bf79e4
liao_dhp:000595,liao_dhp,594,63,0.01,COc1ccc2cc(C(C)C(=O)O)ccc2c1,c1ccc([Se][Se]c2ccccc2)cc1,COc1ccc2cc(C(C)[Se]c3ccccc3)ccc2c1,CC(C1=CC=C2C=C(OC)C=CC2=C1)C(O)=O,C1([Se][Se]C2=CC=CC=C2)=CC=CC=C1,CC(C1=CC=C2C=C(OC)C=CC2=C1)[Se]C3=CC=CC=C3,O=C(O)C1=CN(Cc2ccccc2)C=CC1,OC(C1=CN(CC2=CC=CC=C2)C=CC1)=O,valid,CC#N,CC#N,valid,nonp-31a2e5947e4e74ebb2802093
liao_dhp:000596,liao_dhp,595,64,0.01,CC(C)(C)OC(=O)N[C@H](CC(=O)O)C(=O)OCc1ccccc1,c1ccc(C[Se][Se]Cc2ccccc2)cc1,CC(C)(C)OC(=O)N[C@H](C[Se]Cc1ccccc1)C(=O)OCc1ccccc1,O=C(OCC1=CC=CC=C1)[C@H](NC(OC(C)(C)C)=O)CC(O)=O,C1(C[Se][Se]CC2=CC=CC=C2)=CC=CC=C1,O=C(OCC1=CC=CC=C1)[C@H](NC(OC(C)(C)C)=O)C[Se]CC2=CC=CC=C2,CCCCN1C=CCC(C(N)=O)=C1,NC(C1=CN(CCCC)C=CC1)=O,valid,CN(C)C=O,[H]C(N(C)C)=O,valid,nonp-549ebf438fa139c003658556
liao_dhp:000597,liao_dhp,596,65,0.01,O=C(O)C1CCCCC1,c1ccc(C[Se][Se]Cc2ccccc2)cc1,c1ccc(C[Se]C2CCCCC2)cc1,O=C(C1CCCCC1)O,C1(C[Se][Se]CC2=CC=CC=C2)=CC=CC=C1,C1([Se]CC2=CC=CC=C2)CCCCC1,O=C(O)C1=CN(Cc2ccccc2)C=CC1,OC(C1=CN(CC2=CC=CC=C2)C=CC1)=O,valid,CS(C)=O,CS(C)=O,valid,nonp-a2521f1ca2926b60c5540ff2
liao_dhp:000598,liao_dhp,597,66,0.01,O=C(O)C1CCC(F)(F)CC1,c1ccc([Se][Se]c2ccccc2)cc1,FC1(F)CCC([Se]c2ccccc2)CC1,FC1(F)CCC(C(O)=O)CC1,C1([Se][Se]C2=CC=CC=C2)=CC=CC=C1,FC1(F)CCC([Se]C2=CC=CC=C2)CC1,N#CC1=CN(Cc2ccccc2)C=CC1,N#CC1=CN(CC2=CC=CC=C2)C=CC1,valid,CC#N,CC#N,valid,nonp-3e55a43dfc3f96d89f6b372f
liao_dhp:000599,liao_dhp,598,67,0.01,COc1ccc2cc(C(C)C(=O)O)ccc2c1,c1ccc(C[Se][Se]Cc2ccccc2)cc1,COc1ccc2cc(C(C)[Se]Cc3ccccc3)ccc2c1,CC(C1=CC=C2C=C(OC)C=CC2=C1)C(O)=O,C1(C[Se][Se]CC2=CC=CC=C2)=CC=CC=C1,CC(C1=CC=C2C=C(OC)C=CC2=C1)[Se]CC3=CC=CC=C3,CCOC(=O)C1=C(C)NC(C)=C(C(=O)OCC)C1,CC1=C(C(OCC)=O)CC(C(OCC)=O)=C(C)N1,valid,CC#N,CC#N,valid,nonp-36cacc1b4e8c8e058816f5e3
liao_dhp:000600,liao_dhp,599,68,0.0101848,O=C(O)C1CCCCC1,c1ccc(C[Se][Se]Cc2ccccc2)cc1,c1ccc(C[Se]C2CCCCC2)cc1,O=C(C1CCCCC1)O,C1(C[Se][Se]CC2=CC=CC=C2)=CC=CC=C1,C1([Se]CC2=CC=CC=C2)CCCCC1,O=C(O)C1=CN(Cc2ccccc2)C=CC1,OC(C1=CN(CC2=CC=CC=C2)C=CC1)=O,valid,CN(C)C=O,[H]C(N(C)C)=O,valid,nonp-714d29047cbbdb2e6b13ea0a
liao_dhp:000601,liao_dhp,600,69,0.01081,COc1ccc2cc(C(C)C(=O)O)ccc2c1,c1ccc([Se][Se]c2ccccc2)cc1,COc1ccc2cc(C(C)[Se]c3ccccc3)ccc2c1,CC(C1=CC=C2C=C(OC)C=CC2=C1)C(O)=O,C1([Se][Se]C2=CC=CC=C2)=CC=CC=C1,CC(C1=CC=C2C=C(OC)C=CC2=C1)[Se]C3=CC=CC=C3,CCOC(=O)C1=C(C)NC(C)=C(C(=O)OCC)C1,CC1=C(C(OCC)=O)CC(C(OCC)=O)=C(C)N1,valid,CC#N,CC#N,valid,nonp-08b3db98c545909ba1621d0c
liao_dhp:000602,liao_dhp,601,70,0.0109239,COc1ccc2c(c1)c(CC(=O)O)c(C)n2C(=O)c1ccc(Cl)cc1,c1ccc(C[Se][Se]Cc2ccccc2)cc1,COc1ccc2c(c1)c(C[Se]Cc1ccccc1)c(C)n2C(=O)c1ccc(Cl)cc1,CC(N1C(C2=CC=C(Cl)C=C2)=O)=C(CC(O)=O)C3=C1C=CC(OC)=C3,C1(C[Se][Se]CC2=CC=CC=C2)=CC=CC=C1,CC(N1C(C2=CC=C(Cl)C=C2)=O)=C(C[Se]CC3=CC=CC=C3)C4=C1C=CC(OC)=C4,O=C(O)C1=CN(Cc2ccccc2)C=CC1,OC(C1=CN(CC2=CC=CC=C2)C=CC1)=O,valid,CC#N,CC#N,valid,nonp-6be91ebf865f30d573775230
liao_dhp:000603,liao_dhp,602,71,0.0113358,O=C(O)C1CCN(C(=O)OCc2ccccc2)CC1,c1ccc(C[Se][Se]Cc2ccccc2)cc1,O=C(OCc1ccccc1)N1CCC([Se]Cc2ccccc2)CC1,O=C(N1CCC(C(O)=O)CC1)OCC2=CC=CC=C2,C1(C[Se][Se]CC2=CC=CC=C2)=CC=CC=C1,O=C(N1CCC([Se]CC2=CC=CC=C2)CC1)OCC3=CC=CC=C3,O=C(O)C1=CN(Cc2ccccc2)C=CC1,OC(C1=CN(CC2=CC=CC=C2)C=CC1)=O,valid,CC#N,CC#N,valid,nonp-572a49170fc04a88759c314d
liao_dhp:000604,liao_dhp,603,72,0.0118753,COc1ccc2cc(C(C)C(=O)O)ccc2c1,c1ccc(C[Se][Se]Cc2ccccc2)cc1,COc1ccc2cc(C(C)[Se]Cc3ccccc3)ccc2c1,CC(C1=CC=C2C=C(OC)C=CC2=C1)C(O)=O,C1(C[Se][Se]CC2=CC=CC=C2)=CC=CC=C1,CC(C1=CC=C2C=C(OC)C=CC2=C1)[Se]CC3=CC=CC=C3,O=C(O)C1=CN(Cc2ccccc2)C=CC1,OC(C1=CN(CC2=CC=CC=C2)C=CC1)=O,valid,CC#N,CC#N,valid,nonp-95bc0d8ff202e7df1ba268e5
liao_dhp:000605,liao_dhp,604,73,0.0122755,CC(C(=O)O)c1ccc(CC2CCCC2=O)cc1,CC[Se][Se]CC,CC[Se]C(C)c1ccc(CC2CCCC2=O)cc1,CC(C1=CC=C(CC2C(CCC2)=O)C=C1)C(O)=O,CC[Se][Se]CC,CC(C1=CC=C(CC2C(CCC2)=O)C=C1)[Se]CC,CCCCN1C=CCC(C(N)=O)=C1,NC(C1=CN(CCCC)C=CC1)=O,valid,CN(C)C=O,[H]C(N(C)C)=O,valid,nonp-0d0f82723f2148460cf4544e
liao_dhp:000606,liao_dhp,605,74,0.01295035,O=C(O)C1CCC1,c1ccc(C[Se][Se]Cc2ccccc2)cc1,c1ccc(C[Se]C2CCC2)cc1,O=C(C1CCC1)O,C1(C[Se][Se]CC2=CC=CC=C2)=CC=CC=C1,C1([Se]CC2=CC=CC=C2)CCC1,O=C(O)C1=CN(Cc2ccccc2)C=CC1,OC(C1=CN(CC2=CC=CC=C2)C=CC1)=O,valid,CS(C)=O,CS(C)=O,valid,nonp-840dbb17f4691cae8e1a80cf
liao_dhp:000607,liao_dhp,606,75,0.0134822,O=C(O)C1CCC1,c1ccc(C[Se][Se]Cc2ccccc2)cc1,c1ccc(C[Se]C2CCC2)cc1,O=C(C1CCC1)O,C1(C[Se][Se]CC2=CC=CC=C2)=CC=CC=C1,C1([Se]CC2=CC=CC=C2)CCC1,CCOC(=O)C1=C(C)NC(C)=C(C(=O)OCC)C1,CC1=C(C(OCC)=O)CC(C(OCC)=O)=C(C)N1,valid,CS(C)=O,CS(C)=O,valid,nonp-2806e48ade7b2cdc7a21933b
liao_dhp:000608,liao_dhp,607,76,0.0136625,CC(C)(C)OC(=O)N[C@H](CC(=O)O)C(=O)OCc1ccccc1,c1ccc(C[Se][Se]Cc2ccccc2)cc1,CC(C)(C)OC(=O)N[C@H](C[Se]Cc1ccccc1)C(=O)OCc1ccccc1,O=C(OCC1=CC=CC=C1)[C@H](NC(OC(C)(C)C)=O)CC(O)=O,C1(C[Se][Se]CC2=CC=CC=C2)=CC=CC=C1,O=C(OCC1=CC=CC=C1)[C@H](NC(OC(C)(C)C)=O)C[Se]CC2=CC=CC=C2,O=C(O)C1=CN(Cc2ccccc2)C=CC1,OC(C1=CN(CC2=CC=CC=C2)C=CC1)=O,valid,CS(C)=O,CS(C)=O,valid,nonp-83661d50dc98b3ee21312ffc
liao_dhp:000609,liao_dhp,608,77,0.0142851,CC(C(=O)O)c1ccc(CC2CCCC2=O)cc1,c1ccc(C[Se][Se]Cc2ccccc2)cc1,CC([Se]Cc1ccccc1)c1ccc(CC2CCCC2=O)cc1,CC(C1=CC=C(CC2C(CCC2)=O)C=C1)C(O)=O,C1(C[Se][Se]CC2=CC=CC=C2)=CC=CC=C1,CC(C1=CC=C(CC2C(CCC2)=O)C=C1)[Se]CC3=CC=CC=C3,O=C(O)C1=CN(Cc2ccccc2)C=CC1,OC(C1=CN(CC2=CC=CC=C2)C=CC1)=O,valid,CS(C)=O,CS(C)=O,valid,nonp-b113671204d3275099e8170d
liao_dhp:000610,liao_dhp,609,78,0.015,O=C(O)CCCc1c[nH]c2ccccc12,CC[Se][Se]CC,CC[Se]CCCc1c[nH]c2ccccc12,O=C(CCCC1=CNC2=C1C=CC=C2)O,CC[Se][Se]CC,CC[Se]CCCC1=CNC2=C1C=CC=C2,CCOC(=O)C1=C(C)NC(C)=C(C(=O)OCC)C1,CC1=C(C(OCC)=O)CC(C(OCC)=O)=C(C)N1,valid,CC#N,CC#N,valid,nonp-da7519c54d788f41d62d0e26
liao_dhp:000611,liao_dhp,610,79,0.015,Cc1ccccc1CC(=O)O,c1ccc([Se][Se]c2ccccc2)cc1,Cc1ccccc1C[Se]c1ccccc1,CC1=C(CC(O)=O)C=CC=C1,C1([Se][Se]C2=CC=CC=C2)=CC=CC=C1,CC1=C(C[Se]C2=CC=CC=C2)C=CC=C1,N#CC1=CN(Cc2ccccc2)C=CC1,N#CC1=CN(CC2=CC=CC=C2)C=CC1,valid,CC#N,CC#N,valid,nonp-efaff998b86c30c517ce7ea6
liao_dhp:000612,liao_dhp,611,80,0.015294,O=C(O)C1CCN(C(=O)OCc2ccccc2)CC1,c1ccc(C[Se][Se]Cc2ccccc2)cc1,O=C(OCc1ccccc1)N1CCC([Se]Cc2ccccc2)CC1,O=C(N1CCC(C(O)=O)CC1)OCC2=CC=CC=C2,C1(C[Se][Se]CC2=CC=CC=C2)=CC=CC=C1,O=C(N1CCC([Se]CC2=CC=CC=C2)CC1)OCC3=CC=CC=C3,CCOC(=O)C1=C(C)NC(C)=C(C(=O)OCC)C1,CC1=C(C(OCC)=O)CC(C(OCC)=O)=C(C)N1,valid,CS(C)=O,CS(C)=O,valid,nonp-5ae8523c7242b09f572597dd
liao_dhp:000613,liao_dhp,612,81,0.0159537,O=C(O)C1CCN(C(=O)OCc2ccccc2)CC1,c1ccc(C[Se][Se]Cc2ccccc2)cc1,O=C(OCc1ccccc1)N1CCC([Se]Cc2ccccc2)CC1,O=C(N1CCC(C(O)=O)CC1)OCC2=CC=CC=C2,C1(C[Se][Se]CC2=CC=CC=C2)=CC=CC=C1,O=C(N1CCC([Se]CC2=CC=CC=C2)CC1)OCC3=CC=CC=C3,CCOC(=O)C1=C(C)NC(C)=C(C(=O)OCC)C1,CC1=C(C(OCC)=O)CC(C(OCC)=O)=C(C)N1,valid,CN(C)C=O,[H]C(N(C)C)=O,valid,nonp-4b4cfc05b1d11228004caa38
liao_dhp:000614,liao_dhp,613,82,0.0159537,O=C(O)C1CCN(C(=O)OCc2ccccc2)CC1,c1ccc(C[Se][Se]Cc2ccccc2)cc1,O=C(OCc1ccccc1)N1CCC([Se]Cc2ccccc2)CC1,O=C(N1CCC(C(O)=O)CC1)OCC2=CC=CC=C2,C1(C[Se][Se]CC2=CC=CC=C2)=CC=CC=C1,O=C(N1CCC([Se]CC2=CC=CC=C2)CC1)OCC3=CC=CC=C3,O=C(O)C1=CN(Cc2ccccc2)C=CC1,OC(C1=CN(CC2=CC=CC=C2)C=CC1)=O,valid,CS(C)=O,CS(C)=O,valid,nonp-6a1ba87cf57add22b3aaa745
liao_dhp:000615,liao_dhp,614,83,0.01720515,O=C(O)C1CCC1,c1ccc(C[Se][Se]Cc2ccccc2)cc1,c1ccc(C[Se]C2CCC2)cc1,O=C(C1CCC1)O,C1(C[Se][Se]CC2=CC=CC=C2)=CC=CC=C1,C1([Se]CC2=CC=CC=C2)CCC1,O=C(O)C1=CN(Cc2ccccc2)C=CC1,OC(C1=CN(CC2=CC=CC=C2)C=CC1)=O,valid,CC#N,CC#N,valid,nonp-50af3fd893c83e0a30c8f39d
liao_dhp:000616,liao_dhp,615,84,0.01720515,O=C(O)C1CCC1,c1ccc(C[Se][Se]Cc2ccccc2)cc1,c1ccc(C[Se]C2CCC2)cc1,O=C(C1CCC1)O,C1(C[Se][Se]CC2=CC=CC=C2)=CC=CC=C1,C1([Se]CC2=CC=CC=C2)CCC1,CCOC(=O)C1=C(C)NC(C)=C(C(=O)OCC)C1,CC1=C(C(OCC)=O)CC(C(OCC)=O)=C(C)N1,valid,CC#N,CC#N,valid,nonp-220bd54c5df933d0a4cb0e04
liao_dhp:000617,liao_dhp,616,85,0.0185925,O=C(O)C1CCN(C(=O)OCc2ccccc2)CC1,c1ccc(C[Se][Se]Cc2ccccc2)cc1,O=C(OCc1ccccc1)N1CCC([Se]Cc2ccccc2)CC1,O=C(N1CCC(C(O)=O)CC1)OCC2=CC=CC=C2,C1(C[Se][Se]CC2=CC=CC=C2)=CC=CC=C1,O=C(N1CCC([Se]CC2=CC=CC=C2)CC1)OCC3=CC=CC=C3,CCOC(=O)C1=C(C)NC(C)=C(C(=O)OCC)C1,CC1=C(C(OCC)=O)CC(C(OCC)=O)=C(C)N1,valid,CC#N,CC#N,valid,nonp-846ef63b897db3d3731da420
liao_dhp:000618,liao_dhp,617,86,0.0201672,COc1ccc2c(c1)c(CC(=O)O)c(C)n2C(=O)c1ccc(Cl)cc1,c1ccc(C[Se][Se]Cc2ccccc2)cc1,COc1ccc2c(c1)c(C[Se]Cc1ccccc1)c(C)n2C(=O)c1ccc(Cl)cc1,CC(N1C(C2=CC=C(Cl)C=C2)=O)=C(CC(O)=O)C3=C1C=CC(OC)=C3,C1(C[Se][Se]CC2=CC=CC=C2)=CC=CC=C1,CC(N1C(C2=CC=C(Cl)C=C2)=O)=C(C[Se]CC3=CC=CC=C3)C4=C1C=CC(OC)=C4,CCCCN1C=CCC(C(N)=O)=C1,NC(C1=CN(CCCC)C=CC1)=O,valid,CN(C)C=O,[H]C(N(C)C)=O,valid,nonp-6f846cfda280046b3db4a726
liao_dhp:000619,liao_dhp,618,87,0.021766,CC(C(=O)O)c1ccc(CC2CCCC2=O)cc1,CC[Se][Se]CC,CC[Se]C(C)c1ccc(CC2CCCC2=O)cc1,CC(C1=CC=C(CC2C(CCC2)=O)C=C1)C(O)=O,CC[Se][Se]CC,CC(C1=CC=C(CC2C(CCC2)=O)C=C1)[Se]CC,CCOC(=O)C1=C(C)NC(C)=C(C(=O)OCC)C1,CC1=C(C(OCC)=O)CC(C(OCC)=O)=C(C)N1,valid,CC#N,CC#N,valid,nonp-dc114aa8282095ae7de311ec
liao_dhp:000620,liao_dhp,619,88,0.0222655,CC(C(=O)O)c1ccc(CC2CCCC2=O)cc1,CC[Se][Se]CC,CC[Se]C(C)c1ccc(CC2CCCC2=O)cc1,CC(C1=CC=C(CC2C(CCC2)=O)C=C1)C(O)=O,CC[Se][Se]CC,CC(C1=CC=C(CC2C(CCC2)=O)C=C1)[Se]CC,O=C(O)C1=CN(Cc2ccccc2)C=CC1,OC(C1=CN(CC2=CC=CC=C2)C=CC1)=O,valid,CC#N,CC#N,valid,nonp-aaf045bde2edfc059614e9e4
liao_dhp:000621,liao_dhp,620,89,0.023,COc1ccc2c(c1)c(CC(=O)O)c(C)n2C(=O)c1ccc(Cl)cc1,CC[Se][Se]CC,CC[Se]Cc1c(C)n(C(=O)c2ccc(Cl)cc2)c2ccc(OC)cc12,CC(N1C(C2=CC=C(Cl)C=C2)=O)=C(CC(O)=O)C3=C1C=CC(OC)=C3,CC[Se][Se]CC,CC(N1C(C2=CC=C(Cl)C=C2)=O)=C(C[Se]CC)C3=C1C=CC(OC)=C3,CCCCN1C=CCC(C(N)=O)=C1,NC(C1=CN(CCCC)C=CC1)=O,valid,CN(C)C=O,[H]C(N(C)C)=O,valid,nonp-db81941426e266b25f3b5d8a
liao_dhp:000622,liao_dhp,621,90,0.025203,Cc1ccccc1CC(=O)O,CC[Se][Se]CC,CC[Se]Cc1ccccc1C,CC1=C(CC(O)=O)C=CC=C1,CC[Se][Se]CC,CC1=C(C[Se]CC)C=CC=C1,CCCCN1C=CCC(C(N)=O)=C1,NC(C1=CN(CCCC)C=CC1)=O,valid,CN(C)C=O,[H]C(N(C)C)=O,valid,nonp-c666bfc462d8780c4d397164
liao_dhp:000623,liao_dhp,622,91,0.027125,O=C(O)Cc1c[nH]c2ccccc12,CC[Se][Se]CC,CC[Se]Cc1c[nH]c2ccccc12,O=C(CC1=CNC2=C1C=CC=C2)O,CC[Se][Se]CC,CC[Se]CC1=CNC2=C1C=CC=C2,O=C(O)C1=CN(Cc2ccccc2)C=CC1,OC(C1=CN(CC2=CC=CC=C2)C=CC1)=O,valid,CN(C)C=O,[H]C(N(C)C)=O,valid,nonp-029a90d5b8184f658d42d80d
liao_dhp:000624,liao_dhp,623,92,0.0271607,Cc1ccc(CC(=O)O)cc1,c1ccc([Se][Se]c2ccccc2)cc1,Cc1ccc(C[Se]c2ccccc2)cc1,CC1=CC=C(CC(O)=O)C=C1,C1([Se][Se]C2=CC=CC=C2)=CC=CC=C1,CC1=CC=C(C[Se]C2=CC=CC=C2)C=C1,CCOC(=O)C1=C(C)NC(C)=C(C(=O)OCC)C1,CC1=C(C(OCC)=O)CC(C(OCC)=O)=C(C)N1,valid,CC#N,CC#N,valid,nonp-1297b7bf6e5f811fe016d533
liao_dhp:000625,liao_dhp,624,93,0.0273625,COc1ccc2cc(C(C)C(=O)O)ccc2c1,c1ccc(C[Se][Se]Cc2ccccc2)cc1,COc1ccc2cc(C(C)[Se]Cc3ccccc3)ccc2c1,CC(C1=CC=C2C=C(OC)C=CC2=C1)C(O)=O,C1(C[Se][Se]CC2=CC=CC=C2)=CC=CC=C1,CC(C1=CC=C2C=C(OC)C=CC2=C1)[Se]CC3=CC=CC=C3,O=C(O)C1=CN(Cc2ccccc2)C=CC1,OC(C1=CN(CC2=CC=CC=C2)C=CC1)=O,valid,CN(C)C=O,[H]C(N(C)C)=O,valid,nonp-7c1a15e39d87b47f6db8a76f
liao_dhp:000626,liao_dhp,625,94,0.02859265,O=C(O)CCCc1c[nH]c2ccccc12,c1ccc(C[Se][Se]Cc2ccccc2)cc1,c1ccc(C[Se]CCCc2c[nH]c3ccccc23)cc1,O=C(CCCC1=CNC2=C1C=CC=C2)O,C1(C[Se][Se]CC2=CC=CC=C2)=CC=CC=C1,C1(CCC[Se]CC2=CC=CC=C2)=CNC3=C1C=CC=C3,O=C(O)C1=CN(Cc2ccccc2)C=CC1,OC(C1=CN(CC2=CC=CC=C2)C=CC1)=O,valid,CC#N,CC#N,valid,nonp-a61fbf8cd281058627b99161
liao_dhp:000627,liao_dhp,626,95,0.02859265,O=C(O)CCCc1c[nH]c2ccccc12,CC[Se][Se]CC,CC[Se]CCCc1c[nH]c2ccccc12,O=C(CCCC1=CNC2=C1C=CC=C2)O,CC[Se][Se]CC,CC[Se]CCCC1=CNC2=C1C=CC=C2,O=C(O)C1=CN(Cc2ccccc2)C=CC1,OC(C1=CN(CC2=CC=CC=C2)C=CC1)=O,valid,CC#N,CC#N,valid,nonp-0f4d1dca6c52a403bc45896b
liao_dhp:000628,liao_dhp,627,96,0.03,COc1ccc(CC(=O)O)cc1,c1ccc([Se][Se]c2ccccc2)cc1,COc1ccc(C[Se]c2ccccc2)cc1,COC1=CC=C(CC(O)=O)C=C1,C1([Se][Se]C2=CC=CC=C2)=CC=CC=C1,COC1=CC=C(C[Se]C2=CC=CC=C2)C=C1,N#CC1=CN(Cc2ccccc2)C=CC1,N#CC1=CN(CC2=CC=CC=C2)C=CC1,valid,CC#N,CC#N,valid,nonp-740bf5a663670ee810a844f6
liao_dhp:000629,liao_dhp,628,97,0.0304671,O=C(O)C1CCN(C(=O)OCc2ccccc2)CC1,c1ccc(C[Se][Se]Cc2ccccc2)cc1,O=C(OCc1ccccc1)N1CCC([Se]Cc2ccccc2)CC1,O=C(N1CCC(C(O)=O)CC1)OCC2=CC=CC=C2,C1(C[Se][Se]CC2=CC=CC=C2)=CC=CC=C1,O=C(N1CCC([Se]CC2=CC=CC=C2)CC1)OCC3=CC=CC=C3,O=C(O)C1=CN(Cc2ccccc2)C=CC1,OC(C1=CN(CC2=CC=CC=C2)C=CC1)=O,valid,CN(C)C=O,[H]C(N(C)C)=O,valid,nonp-919fb10c21e9b9035248653e
liao_dhp:000630,liao_dhp,629,98,0.0322799,O=C(O)CCc1ccccc1,c1ccc([Se][Se]c2ccccc2)cc1,c1ccc(CC[Se]c2ccccc2)cc1,O=C(CCC1=CC=CC=C1)O,C1([Se][Se]C2=CC=CC=C2)=CC=CC=C1,C1(CC[Se]C2=CC=CC=C2)=CC=CC=C1,CCOC(=O)C1=C(C)NC(C)=C(C(=O)OCC)C1,CC1=C(C(OCC)=O)CC(C(OCC)=O)=C(C)N1,valid,CN(C)C=O,[H]C(N(C)C)=O,valid,nonp-c7ab97e600bc8276ba86d3c1
liao_dhp:000631,liao_dhp,630,99,0.03231135,CC(C)(C)OC(=O)N[C@H](CC(=O)O)C(=O)OCc1ccccc1,c1ccc(C[Se][Se]Cc2ccccc2)cc1,CC(C)(C)OC(=O)N[C@H](C[Se]Cc1ccccc1)C(=O)OCc1ccccc1,O=C(OCC1=CC=CC=C1)[C@H](NC(OC(C)(C)C)=O)CC(O)=O,C1(C[Se][Se]CC2=CC=CC=C2)=CC=CC=C1,O=C(OCC1=CC=CC=C1)[C@H](NC(OC(C)(C)C)=O)C[Se]CC2=CC=CC=C2,O=C(O)C1=CN(Cc2ccccc2)C=CC1,OC(C1=CN(CC2=CC=CC=C2)C=CC1)=O,valid,CC#N,CC#N,valid,nonp-047e9635c37ba8ce59daf916
liao_dhp:000632,liao_dhp,631,100,0.0342535,CC(C(=O)O)c1ccc(CC2CCCC2=O)cc1,CC[Se][Se]CC,CC[Se]C(C)c1ccc(CC2CCCC2=O)cc1,CC(C1=CC=C(CC2C(CCC2)=O)C=C1)C(O)=O,CC[Se][Se]CC,CC(C1=CC=C(CC2C(CCC2)=O)C=C1)[Se]CC,CCOC(=O)C1=C(C)NC(C)=C(C(=O)OCC)C1,CC1=C(C(OCC)=O)CC(C(OCC)=O)=C(C)N1,valid,CN(C)C=O,[H]C(N(C)C)=O,valid,nonp-3cf0540af5a0340e07f7b7ba
liao_dhp:000633,liao_dhp,632,101,0.035,COc1ccc2c(c1)c(CC(=O)O)c(C)n2C(=O)c1ccc(Cl)cc1,c1ccc(C[Se][Se]Cc2ccccc2)cc1,COc1ccc2c(c1)c(C[Se]Cc1ccccc1)c(C)n2C(=O)c1ccc(Cl)cc1,CC(N1C(C2=CC=C(Cl)C=C2)=O)=C(CC(O)=O)C3=C1C=CC(OC)=C3,C1(C[Se][Se]CC2=CC=CC=C2)=CC=CC=C1,CC(N1C(C2=CC=C(Cl)C=C2)=O)=C(C[Se]CC3=CC=CC=C3)C4=C1C=CC(OC)=C4,CCOC(=O)C1=C(C)NC(C)=C(C(=O)OCC)C1,CC1=C(C(OCC)=O)CC(C(OCC)=O)=C(C)N1,valid,CS(C)=O,CS(C)=O,valid,nonp-1f5c0088a705468b640885d6
liao_dhp:000634,liao_dhp,633,102,0.035,CC(C(=O)O)N1C(=O)c2ccccc2C1=O,c1ccc([Se][Se]c2ccccc2)cc1,CC([Se]c1ccccc1)N1C(=O)c2ccccc2C1=O,CC(N(C(C1=C2C=CC=C1)=O)C2=O)C(O)=O,C1([Se][Se]C2=CC=CC=C2)=CC=CC=C1,CC(N(C(C1=C2C=CC=C1)=O)C2=O)[Se]C3=CC=CC=C3,N#CC1=CN(Cc2ccccc2)C=CC1,N#CC1=CN(CC2=CC=CC=C2)C=CC1,valid,CC#N,CC#N,valid,nonp-ace01fbfb698db9645d68799
liao_dhp:000635,liao_dhp,634,103,0.03522716,O=C(O)C1CCC1,c1ccc(C[Se][Se]Cc2ccccc2)cc1,c1ccc(C[Se]C2CCC2)cc1,O=C(C1CCC1)O,C1(C[Se][Se]CC2=CC=CC=C2)=CC=CC=C1,C1([Se]CC2=CC=CC=C2)CCC1,CCCCN1C=CCC(C(N)=O)=C1,NC(C1=CN(CCCC)C=CC1)=O,valid,CN(C)C=O,[H]C(N(C)C)=O,valid,nonp-57cafa4f2bbad9330e0665db
liao_dhp:000636,liao_dhp,635,104,0.0358199,O=C(O)C1CCC1,c1ccc(C[Se][Se]Cc2ccccc2)cc1,c1ccc(C[Se]C2CCC2)cc1,O=C(C1CCC1)O,C1(C[Se][Se]CC2=CC=CC=C2)=CC=CC=C1,C1([Se]CC2=CC=CC=C2)CCC1,CCCCN1C=CCC(C(N)=O)=C1,NC(C1=CN(CCCC)C=CC1)=O,valid,CC#N,CC#N,valid,nonp-10bd92bff82d03524a1a7656
liao_dhp:000637,liao_dhp,636,105,0.03621095,CC(C)(C)OC(=O)N[C@H](CC(=O)O)C(=O)OCc1ccccc1,c1ccc(C[Se][Se]Cc2ccccc2)cc1,CC(C)(C)OC(=O)N[C@H](C[Se]Cc1ccccc1)C(=O)OCc1ccccc1,O=C(OCC1=CC=CC=C1)[C@H](NC(OC(C)(C)C)=O)CC(O)=O,C1(C[Se][Se]CC2=CC=CC=C2)=CC=CC=C1,O=C(OCC1=CC=CC=C1)[C@H](NC(OC(C)(C)C)=O)C[Se]CC2=CC=CC=C2,CCOC(=O)C1=C(C)NC(C)=C(C(=O)OCC)C1,CC1=C(C(OCC)=O)CC(C(OCC)=O)=C(C)N1,valid,CC#N,CC#N,valid,nonp-4297a493b1d66969cecefc66
liao_dhp:000638,liao_dhp,637,106,0.0375809,O=C(O)CCc1ccccc1,c1ccc([Se][Se]c2ccccc2)cc1,c1ccc(CC[Se]c2ccccc2)cc1,O=C(CCC1=CC=CC=C1)O,C1([Se][Se]C2=CC=CC=C2)=CC=CC=C1,C1(CC[Se]C2=CC=CC=C2)=CC=CC=C1,CCOC(=O)C1=C(C)NC(C)=C(C(=O)OCC)C1,CC1=C(C(OCC)=O)CC(C(OCC)=O)=C(C)N1,valid,CC#N,CC#N,valid,nonp-9079419d8e8faeccf8254d73
liao_dhp:000639,liao_dhp,638,107,0.03791455,O=C(O)CCCc1c[nH]c2ccccc12,CC[Se][Se]CC,CC[Se]CCCc1c[nH]c2ccccc12,O=C(CCCC1=CNC2=C1C=CC=C2)O,CC[Se][Se]CC,CC[Se]CCCC1=CNC2=C1C=CC=C2,CCCCN1C=CCC(C(N)=O)=C1,NC(C1=CN(CCCC)C=CC1)=O,valid,CN(C)C=O,[H]C(N(C)C)=O,valid,nonp-d6d3e28ddde0ef4d5c0f820b
liao_dhp:000640,liao_dhp,639,108,0.03827755,COc1ccc2c(c1)c(CC(=O)O)c(C)n2C(=O)c1ccc(Cl)cc1,CC[Se][Se]CC,CC[Se]Cc1c(C)n(C(=O)c2ccc(Cl)cc2)c2ccc(OC)cc12,CC(N1C(C2=CC=C(Cl)C=C2)=O)=C(CC(O)=O)C3=C1C=CC(OC)=C3,CC[Se][Se]CC,CC(N1C(C2=CC=C(Cl)C=C2)=O)=C(C[Se]CC)C3=C1C=CC(OC)=C3,O=C(O)C1=CN(Cc2ccccc2)C=CC1,OC(C1=CN(CC2=CC=CC=C2)C=CC1)=O,valid,CN(C)C=O,[H]C(N(C)C)=O,valid,nonp-aab541720b93a108c9f65fe1
liao_dhp:000641,liao_dhp,640,109,0.0394167,O=C(O)CCCc1c[nH]c2ccccc12,c1ccc(C[Se][Se]Cc2ccccc2)cc1,c1ccc(C[Se]CCCc2c[nH]c3ccccc23)cc1,O=C(CCCC1=CNC2=C1C=CC=C2)O,C1(C[Se][Se]CC2=CC=CC=C2)=CC=CC=C1,C1(CCC[Se]CC2=CC=CC=C2)=CNC3=C1C=CC=C3,CCOC(=O)C1=C(C)NC(C)=C(C(=O)OCC)C1,CC1=C(C(OCC)=O)CC(C(OCC)=O)=C(C)N1,valid,CN(C)C=O,[H]C(N(C)C)=O,valid,nonp-880ce927245a8c6ea6e7e9ca
liao_dhp:000642,liao_dhp,641,110,0.04,O=C(O)C1CCC1,c1ccc([Se][Se]c2ccccc2)cc1,c1ccc([Se]C2CCC2)cc1,O=C(C1CCC1)O,C1([Se][Se]C2=CC=CC=C2)=CC=CC=C1,C1([Se]C2=CC=CC=C2)CCC1,N#CC1=CN(Cc2ccccc2)C=CC1,N#CC1=CN(CC2=CC=CC=C2)C=CC1,valid,CC#N,CC#N,valid,nonp-7a8beb069d2dd6b95701bf6f
liao_dhp:000643,liao_dhp,642,111,0.0402475,CC(C(=O)O)c1ccc(CC2CCCC2=O)cc1,CC[Se][Se]CC,CC[Se]C(C)c1ccc(CC2CCCC2=O)cc1,CC(C1=CC=C(CC2C(CCC2)=O)C=C1)C(O)=O,CC[Se][Se]CC,CC(C1=CC=C(CC2C(CCC2)=O)C=C1)[Se]CC,CCCCN1C=CCC(C(N)=O)=C1,NC(C1=CN(CCCC)C=CC1)=O,valid,CC#N,CC#N,valid,nonp-ef3ba3eb995bf3d095449c19
liao_dhp:000644,liao_dhp,643,112,0.040757,O=C(O)Cc1ccc(Br)cc1,CC[Se][Se]CC,CC[Se]Cc1ccc(Br)cc1,BrC1=CC=C(CC(O)=O)C=C1,CC[Se][Se]CC,BrC1=CC=C(C[Se]CC)C=C1,CCCCN1C=CCC(C(N)=O)=C1,NC(C1=CN(CCCC)C=CC1)=O,valid,CS(C)=O,CS(C)=O,valid,nonp-0d96dc2547b0945bb7fb3c6e
liao_dhp:000645,liao_dhp,644,113,0.0423417,O=C(O)C1CCN(C(=O)OCc2ccccc2)CC1,c1ccc(C[Se][Se]Cc2ccccc2)cc1,O=C(OCc1ccccc1)N1CCC([Se]Cc2ccccc2)CC1,O=C(N1CCC(C(O)=O)CC1)OCC2=CC=CC=C2,C1(C[Se][Se]CC2=CC=CC=C2)=CC=CC=C1,O=C(N1CCC([Se]CC2=CC=CC=C2)CC1)OCC3=CC=CC=C3,CCCCN1C=CCC(C(N)=O)=C1,NC(C1=CN(CCCC)C=CC1)=O,valid,CC#N,CC#N,valid,nonp-82b69c55635a0db7bab99f13
liao_dhp:000646,liao_dhp,645,114,0.0433072,Cc1ccc(CC(=O)O)cc1,CC[Se][Se]CC,CC[Se]Cc1ccc(C)cc1,CC1=CC=C(CC(O)=O)C=C1,CC[Se][Se]CC,CC1=CC=C(C[Se]CC)C=C1,CCOC(=O)C1=C(C)NC(C)=C(C(=O)OCC)C1,CC1=C(C(OCC)=O)CC(C(OCC)=O)=C(C)N1,valid,CS(C)=O,CS(C)=O,valid,nonp-6dcc67e1b213f5fe9f6b7dd1
liao_dhp:000647,liao_dhp,646,115,0.0438584,O=C(O)C1CCCCC1,c1ccc(C[Se][Se]Cc2ccccc2)cc1,c1ccc(C[Se]C2CCCCC2)cc1,O=C(C1CCCCC1)O,C1(C[Se][Se]CC2=CC=CC=C2)=CC=CC=C1,C1([Se]CC2=CC=CC=C2)CCCCC1,CCCCN1C=CCC(C(N)=O)=C1,NC(C1=CN(CCCC)C=CC1)=O,valid,CN(C)C=O,[H]C(N(C)C)=O,valid,nonp-e9f8adb5ac9026762f6db8d6
liao_dhp:000648,liao_dhp,647,116,0.0439366,O=C(O)CCCc1c[nH]c2ccccc12,c1ccc(C[Se][Se]Cc2ccccc2)cc1,c1ccc(C[Se]CCCc2c[nH]c3ccccc23)cc1,O=C(CCCC1=CNC2=C1C=CC=C2)O,C1(C[Se][Se]CC2=CC=CC=C2)=CC=CC=C1,C1(CCC[Se]CC2=CC=CC=C2)=CNC3=C1C=CC=C3,O=C(O)C1=CN(Cc2ccccc2)C=CC1,OC(C1=CN(CC2=CC=CC=C2)C=CC1)=O,valid,CS(C)=O,CS(C)=O,valid,nonp-5c753e61ea8ff0fc145b0ea9
liao_dhp:000649,liao_dhp,648,117,0.0449875,COc1ccc2c(c1)c(CC(=O)O)c(C)n2C(=O)c1ccc(Cl)cc1,c1ccc(C[Se][Se]Cc2ccccc2)cc1,COc1ccc2c(c1)c(C[Se]Cc1ccccc1)c(C)n2C(=O)c1ccc(Cl)cc1,CC(N1C(C2=CC=C(Cl)C=C2)=O)=C(CC(O)=O)C3=C1C=CC(OC)=C3,C1(C[Se][Se]CC2=CC=CC=C2)=CC=CC=C1,CC(N1C(C2=CC=C(Cl)C=C2)=O)=C(C[Se]CC3=CC=CC=C3)C4=C1C=CC(OC)=C4,O=C(O)C1=CN(Cc2ccccc2)C=CC1,OC(C1=CN(CC2=CC=CC=C2)C=CC1)=O,valid,CS(C)=O,CS(C)=O,valid,nonp-2d38864b2f2d9b83d3f8a21b
liao_dhp:000650,liao_dhp,649,118,0.0457016,COc1ccc(CC(=O)O)cc1,CC[Se][Se]CC,CC[Se]Cc1ccc(OC)cc1,COC1=CC=C(CC(O)=O)C=C1,CC[Se][Se]CC,COC1=CC=C(C[Se]CC)C=C1,CCOC(=O)C1=C(C)NC(C)=C(C(=O)OCC)C1,CC1=C(C(OCC)=O)CC(C(OCC)=O)=C(C)N1,valid,CN(C)C=O,[H]C(N(C)C)=O,valid,nonp-7666535a28516334e8667413
liao_dhp:000651,liao_dhp,650,119,0.0472528,Cc1ccc(CC(=O)O)cc1,CC[Se][Se]CC,CC[Se]Cc1ccc(C)cc1,CC1=CC=C(CC(O)=O)C=C1,CC[Se][Se]CC,CC1=CC=C(C[Se]CC)C=C1,CCOC(=O)C1=C(C)NC(C)=C(C(=O)OCC)C1,CC1=C(C(OCC)=O)CC(C(OCC)=O)=C(C)N1,valid,CN(C)C=O,[H]C(N(C)C)=O,valid,nonp-f1fe57b077b8ba0daff7dc7e
liao_dhp:000652,liao_dhp,651,120,0.048092,CC(C)(C)OC(=O)N[C@H](CC(=O)O)C(=O)OCc1ccccc1,c1ccc(C[Se][Se]Cc2ccccc2)cc1,CC(C)(C)OC(=O)N[C@H](C[Se]Cc1ccccc1)C(=O)OCc1ccccc1,O=C(OCC1=CC=CC=C1)[C@H](NC(OC(C)(C)C)=O)CC(O)=O,C1(C[Se][Se]CC2=CC=CC=C2)=CC=CC=C1,O=C(OCC1=CC=CC=C1)[C@H](NC(OC(C)(C)C)=O)C[Se]CC2=CC=CC=C2,CCCCN1C=CCC(C(N)=O)=C1,NC(C1=CN(CCCC)C=CC1)=O,valid,CS(C)=O,CS(C)=O,valid,nonp-6f4f96c13a25c76a2ee1d01b
liao_dhp:000653,liao_dhp,652,121,0.0494888,COc1ccc(CC(=O)O)cc1,CC[Se][Se]CC,CC[Se]Cc1ccc(OC)cc1,COC1=CC=C(CC(O)=O)C=C1,CC[Se][Se]CC,COC1=CC=C(C[Se]CC)C=C1,CCOC(=O)C1=C(C)NC(C)=C(C(=O)OCC)C1,CC1=C(C(OCC)=O)CC(C(OCC)=O)=C(C)N1,valid,CC#N,CC#N,valid,nonp-b4ad5d7bc079b18a0df998e9
liao_dhp:000654,liao_dhp,653,122,0.0497479,O=C(O)CCCc1c[nH]c2ccccc12,c1ccc(C[Se][Se]Cc2ccccc2)cc1,c1ccc(C[Se]CCCc2c[nH]c3ccccc23)cc1,O=C(CCCC1=CNC2=C1C=CC=C2)O,C1(C[Se][Se]CC2=CC=CC=C2)=CC=CC=C1,C1(CCC[Se]CC2=CC=CC=C2)=CNC3=C1C=CC=C3,O=C(O)C1=CN(Cc2ccccc2)C=CC1,OC(C1=CN(CC2=CC=CC=C2)C=CC1)=O,valid,CN(C)C=O,[H]C(N(C)C)=O,valid,nonp-fcb6ec0aba546af19ffc0352
liao_dhp:000655,liao_dhp,654,123,0.0507512,COc1ccc(CC(=O)O)cc1,CC[Se][Se]CC,CC[Se]Cc1ccc(OC)cc1,COC1=CC=C(CC(O)=O)C=C1,CC[Se][Se]CC,COC1=CC=C(C[Se]CC)C=C1,O=C(O)C1=CN(Cc2ccccc2)C=CC1,OC(C1=CN(CC2=CC=CC=C2)C=CC1)=O,valid,CC#N,CC#N,valid,nonp-ce739632041eaf5c8ac98482
liao_dhp:000656,liao_dhp,655,124,0.052324,Cc1ccc(S(=O)(=O)N2CCC(C(=O)O)CC2)cc1,c1ccc(C[Se][Se]Cc2ccccc2)cc1,Cc1ccc(S(=O)(=O)N2CCC([Se]Cc3ccccc3)CC2)cc1,CC1=CC=C(S(N2CCC(C(O)=O)CC2)(=O)=O)C=C1,C1(C[Se][Se]CC2=CC=CC=C2)=CC=CC=C1,CC1=CC=C(S(N2CCC([Se]CC3=CC=CC=C3)CC2)(=O)=O)C=C1,CCOC(=O)C1=C(C)NC(C)=C(C(=O)OCC)C1,CC1=C(C(OCC)=O)CC(C(OCC)=O)=C(C)N1,valid,CN(C)C=O,[H]C(N(C)C)=O,valid,nonp-8db8d8d89c89d9abdfb23360
liao_dhp:000657,liao_dhp,656,125,0.0525848,COc1ccc(CC(=O)O)cc1,CC[Se][Se]CC,CC[Se]Cc1ccc(OC)cc1,COC1=CC=C(CC(O)=O)C=C1,CC[Se][Se]CC,COC1=CC=C(C[Se]CC)C=C1,CCCCN1C=CCC(C(N)=O)=C1,NC(C1=CN(CCCC)C=CC1)=O,valid,CC#N,CC#N,valid,nonp-c2835830c0fb69df74e52f4e
liao_dhp:000658,liao_dhp,657,126,0.054876,O=C(O)C1CCN(C(=O)OCc2ccccc2)CC1,c1ccc(C[Se][Se]Cc2ccccc2)cc1,O=C(OCc1ccccc1)N1CCC([Se]Cc2ccccc2)CC1,O=C(N1CCC(C(O)=O)CC1)OCC2=CC=CC=C2,C1(C[Se][Se]CC2=CC=CC=C2)=CC=CC=C1,O=C(N1CCC([Se]CC2=CC=CC=C2)CC1)OCC3=CC=CC=C3,CCCCN1C=CCC(C(N)=O)=C1,NC(C1=CN(CCCC)C=CC1)=O,valid,CN(C)C=O,[H]C(N(C)C)=O,valid,nonp-8e39c2a985893faff935b9b0
liao_dhp:000659,liao_dhp,658,127,0.0557224,Cc1ccc(S(=O)(=O)N2CCC(C(=O)O)CC2)cc1,c1ccc(C[Se][Se]Cc2ccccc2)cc1,Cc1ccc(S(=O)(=O)N2CCC([Se]Cc3ccccc3)CC2)cc1,CC1=CC=C(S(N2CCC(C(O)=O)CC2)(=O)=O)C=C1,C1(C[Se][Se]CC2=CC=CC=C2)=CC=CC=C1,CC1=CC=C(S(N2CCC([Se]CC3=CC=CC=C3)CC2)(=O)=O)C=C1,CCOC(=O)C1=C(C)NC(C)=C(C(=O)OCC)C1,CC1=C(C(OCC)=O)CC(C(OCC)=O)=C(C)N1,valid,CS(C)=O,CS(C)=O,valid,nonp-ad05fc7928acccf117afc5cc
liao_dhp:000660,liao_dhp,659,128,0.06,Cc1ccccc1CC(=O)O,CC[Se][Se]CC,CC[Se]Cc1ccccc1C,CC1=C(CC(O)=O)C=CC=C1,CC[Se][Se]CC,CC1=C(C[Se]CC)C=CC=C1,CCCCN1C=CCC(C(N)=O)=C1,NC(C1=CN(CCCC)C=CC1)=O,valid,CC#N,CC#N,valid,nonp-690b9498b2599da73ac7e220
liao_dhp:000661,liao_dhp,660,129,0.0610709,CC(C)(C)OC(=O)N[C@H](CC(=O)O)C(=O)OCc1ccccc1,c1ccc(C[Se][Se]Cc2ccccc2)cc1,CC(C)(C)OC(=O)N[C@H](C[Se]Cc1ccccc1)C(=O)OCc1ccccc1,O=C(OCC1=CC=CC=C1)[C@H](NC(OC(C)(C)C)=O)CC(O)=O,C1(C[Se][Se]CC2=CC=CC=C2)=CC=CC=C1,O=C(OCC1=CC=CC=C1)[C@H](NC(OC(C)(C)C)=O)C[Se]CC2=CC=CC=C2,CCCCN1C=CCC(C(N)=O)=C1,NC(C1=CN(CCCC)C=CC1)=O,valid,CC#N,CC#N,valid,nonp-709c42e739d48b2d7a89b917
liao_dhp:000662,liao_dhp,661,130,0.0621128,COc1ccc(CC(=O)O)cc1,CC[Se][Se]CC,CC[Se]Cc1ccc(OC)cc1,COC1=CC=C(CC(O)=O)C=C1,CC[Se][Se]CC,COC1=CC=C(C[Se]CC)C=C1,O=C(O)C1=CN(Cc2ccccc2)C=CC1,OC(C1=CN(CC2=CC=CC=C2)C=CC1)=O,valid,CN(C)C=O,[H]C(N(C)C)=O,valid,nonp-1f724ad118db238ae1f853f8
liao_dhp:000663,liao_dhp,662,131,0.0640859,O=C(O)CCc1ccccc1,c1ccc([Se][Se]c2ccccc2)cc1,c1ccc(CC[Se]c2ccccc2)cc1,O=C(CCC1=CC=CC=C1)O,C1([Se][Se]C2=CC=CC=C2)=CC=CC=C1,C1(CC[Se]C2=CC=CC=C2)=CC=CC=C1,O=C(O)C1=CN(Cc2ccccc2)C=CC1,OC(C1=CN(CC2=CC=CC=C2)C=CC1)=O,valid,CN(C)C=O,[H]C(N(C)C)=O,valid,nonp-12a19b10383086c32b33fbe2
liao_dhp:000664,liao_dhp,663,132,0.067425,O=C(O)Cc1c[nH]c2ccccc12,CC[Se][Se]CC,CC[Se]Cc1c[nH]c2ccccc12,O=C(CC1=CNC2=C1C=CC=C2)O,CC[Se][Se]CC,CC[Se]CC1=CNC2=C1C=CC=C2,CCCCN1C=CCC(C(N)=O)=C1,NC(C1=CN(CCCC)C=CC1)=O,valid,CN(C)C=O,[H]C(N(C)C)=O,valid,nonp-3cde65b00baaac68e230ebe4
liao_dhp:000665,liao_dhp,664,133,0.0676168,Cc1ccc(S(=O)(=O)N2CCC(C(=O)O)CC2)cc1,c1ccc(C[Se][Se]Cc2ccccc2)cc1,Cc1ccc(S(=O)(=O)N2CCC([Se]Cc3ccccc3)CC2)cc1,CC1=CC=C(S(N2CCC(C(O)=O)CC2)(=O)=O)C=C1,C1(C[Se][Se]CC2=CC=CC=C2)=CC=CC=C1,CC1=CC=C(S(N2CCC([Se]CC3=CC=CC=C3)CC2)(=O)=O)C=C1,O=C(O)C1=CN(Cc2ccccc2)C=CC1,OC(C1=CN(CC2=CC=CC=C2)C=CC1)=O,valid,CS(C)=O,CS(C)=O,valid,nonp-b7356a5749d2112907547722
liao_dhp:000666,liao_dhp,665,134,0.0676168,Cc1ccc(S(=O)(=O)N2CCC(C(=O)O)CC2)cc1,c1ccc(C[Se][Se]Cc2ccccc2)cc1,Cc1ccc(S(=O)(=O)N2CCC([Se]Cc3ccccc3)CC2)cc1,CC1=CC=C(S(N2CCC(C(O)=O)CC2)(=O)=O)C=C1,C1(C[Se][Se]CC2=CC=CC=C2)=CC=CC=C1,CC1=CC=C(S(N2CCC([Se]CC3=CC=CC=C3)CC2)(=O)=O)C=C1,O=C(O)C1=CN(Cc2ccccc2)C=CC1,OC(C1=CN(CC2=CC=CC=C2)C=CC1)=O,valid,CN(C)C=O,[H]C(N(C)C)=O,valid,nonp-5280d7079e77e0ff511b25f7
liao_dhp:000667,liao_dhp,666,135,0.068006,O=C(O)C1CCOCC1,c1ccc([Se][Se]c2ccccc2)cc1,c1ccc([Se]C2CCOCC2)cc1,O=C(C1CCOCC1)O,C1([Se][Se]C2=CC=CC=C2)=CC=CC=C1,C1([Se]C2=CC=CC=C2)CCOCC1,CCOC(=O)C1=C(C)NC(C)=C(C(=O)OCC)C1,CC1=C(C(OCC)=O)CC(C(OCC)=O)=C(C)N1,valid,CC#N,CC#N,valid,nonp-b4d281e8a2d1aa94ab41a483
liao_dhp:000668,liao_dhp,667,136,0.07039245,COc1ccc(CC(=O)O)cc1,c1ccc([Se][Se]c2ccccc2)cc1,COc1ccc(C[Se]c2ccccc2)cc1,COC1=CC=C(CC(O)=O)C=C1,C1([Se][Se]C2=CC=CC=C2)=CC=CC=C1,COC1=CC=C(C[Se]C2=CC=CC=C2)C=C1,CCOC(=O)C1=C(C)NC(C)=C(C(=O)OCC)C1,CC1=C(C(OCC)=O)CC(C(OCC)=O)=C(C)N1,valid,CS(C)=O,CS(C)=O,valid,nonp-d20a79fa88f2565c527a641b
liao_dhp:000669,liao_dhp,668,137,0.07520215,O=C(O)CCCc1c[nH]c2ccccc12,CC[Se][Se]CC,CC[Se]CCCc1c[nH]c2ccccc12,O=C(CCCC1=CNC2=C1C=CC=C2)O,CC[Se][Se]CC,CC[Se]CCCC1=CNC2=C1C=CC=C2,CCCCN1C=CCC(C(N)=O)=C1,NC(C1=CN(CCCC)C=CC1)=O,valid,CC#N,CC#N,valid,nonp-28ebc237fc11597197370c04
liao_dhp:000670,liao_dhp,669,138,0.07520215,O=C(O)CCCc1c[nH]c2ccccc12,c1ccc(C[Se][Se]Cc2ccccc2)cc1,c1ccc(C[Se]CCCc2c[nH]c3ccccc23)cc1,O=C(CCCC1=CNC2=C1C=CC=C2)O,C1(C[Se][Se]CC2=CC=CC=C2)=CC=CC=C1,C1(CCC[Se]CC2=CC=CC=C2)=CNC3=C1C=CC=C3,CCCCN1C=CCC(C(N)=O)=C1,NC(C1=CN(CCCC)C=CC1)=O,valid,CC#N,CC#N,valid,nonp-444b57da21ea354a8a429d66
liao_dhp:000671,liao_dhp,670,139,0.08,O=C(O)C1CCC(F)(F)CC1,c1ccc([Se][Se]c2ccccc2)cc1,FC1(F)CCC([Se]c2ccccc2)CC1,FC1(F)CCC(C(O)=O)CC1,C1([Se][Se]C2=CC=CC=C2)=CC=CC=C1,FC1(F)CCC([Se]C2=CC=CC=C2)CC1,N#CC1=CN(Cc2ccccc2)C=CC1,N#CC1=CN(CC2=CC=CC=C2)C=CC1,valid,CS(C)=O,CS(C)=O,valid,nonp-e4d9fac1aed89692232718fd
liao_dhp:000672,liao_dhp,671,140,0.083896,Cc1ccccc1CC(=O)O,c1ccc([Se][Se]c2ccccc2)cc1,Cc1ccccc1C[Se]c1ccccc1,CC1=C(CC(O)=O)C=CC=C1,C1([Se][Se]C2=CC=CC=C2)=CC=CC=C1,CC1=C(C[Se]C2=CC=CC=C2)C=CC=C1,CCOC(=O)C1=C(C)NC(C)=C(C(=O)OCC)C1,CC1=C(C(OCC)=O)CC(C(OCC)=O)=C(C)N1,valid,CS(C)=O,CS(C)=O,valid,nonp-bc795db9364df684c25ad51c
liao_dhp:000673,liao_dhp,672,141,0.0847398,COc1ccc2c(c1)c(CC(=O)O)c(C)n2C(=O)c1ccc(Cl)cc1,CC[Se][Se]CC,CC[Se]Cc1c(C)n(C(=O)c2ccc(Cl)cc2)c2ccc(OC)cc12,CC(N1C(C2=CC=C(Cl)C=C2)=O)=C(CC(O)=O)C3=C1C=CC(OC)=C3,CC[Se][Se]CC,CC(N1C(C2=CC=C(Cl)C=C2)=O)=C(C[Se]CC)C3=C1C=CC(OC)=C3,CCOC(=O)C1=C(C)NC(C)=C(C(=O)OCC)C1,CC1=C(C(OCC)=O)CC(C(OCC)=O)=C(C)N1,valid,CN(C)C=O,[H]C(N(C)C)=O,valid,nonp-05aaacd1365710b689808015
liao_dhp:000674,liao_dhp,673,142,0.0871934,COc1ccc2cc(C(C)C(=O)O)ccc2c1,c1ccc(C[Se][Se]Cc2ccccc2)cc1,COc1ccc2cc(C(C)[Se]Cc3ccccc3)ccc2c1,CC(C1=CC=C2C=C(OC)C=CC2=C1)C(O)=O,C1(C[Se][Se]CC2=CC=CC=C2)=CC=CC=C1,CC(C1=CC=C2C=C(OC)C=CC2=C1)[Se]CC3=CC=CC=C3,CCCCN1C=CCC(C(N)=O)=C1,NC(C1=CN(CCCC)C=CC1)=O,valid,CC#N,CC#N,valid,nonp-2c3f59bc6b4c30003cb51604
liao_dhp:000675,liao_dhp,674,143,0.0889216,O=C(O)C1CCCCC1,c1ccc(C[Se][Se]Cc2ccccc2)cc1,c1ccc(C[Se]C2CCCCC2)cc1,O=C(C1CCCCC1)O,C1(C[Se][Se]CC2=CC=CC=C2)=CC=CC=C1,C1([Se]CC2=CC=CC=C2)CCCCC1,CCCCN1C=CCC(C(N)=O)=C1,NC(C1=CN(CCCC)C=CC1)=O,valid,CS(C)=O,CS(C)=O,valid,nonp-38a46ac1952b3bacbb3c67df
liao_dhp:000676,liao_dhp,675,144,0.0899175,O=C(O)C1CCC(F)(F)CC1,c1ccc([Se][Se]c2ccccc2)cc1,FC1(F)CCC([Se]c2ccccc2)CC1,FC1(F)CCC(C(O)=O)CC1,C1([Se][Se]C2=CC=CC=C2)=CC=CC=C1,FC1(F)CCC([Se]C2=CC=CC=C2)CC1,CCOC(=O)C1=C(C)NC(C)=C(C(=O)OCC)C1,CC1=C(C(OCC)=O)CC(C(OCC)=O)=C(C)N1,valid,CC#N,CC#N,valid,nonp-240233e506a56b23a941911e
liao_dhp:000677,liao_dhp,676,145,0.09,O=C(O)Cc1ccc(Br)cc1,c1ccc([Se][Se]c2ccccc2)cc1,Brc1ccc(C[Se]c2ccccc2)cc1,BrC1=CC=C(CC(O)=O)C=C1,C1([Se][Se]C2=CC=CC=C2)=CC=CC=C1,BrC1=CC=C(C[Se]C2=CC=CC=C2)C=C1,N#CC1=CN(Cc2ccccc2)C=CC1,N#CC1=CN(CC2=CC=CC=C2)C=CC1,valid,CN(C)C=O,[H]C(N(C)C)=O,valid,nonp-afcad5f35ce8670eab437261
liao_dhp:000678,liao_dhp,677,146,0.0940275,COc1ccc2cc(C(C)C(=O)O)ccc2c1,c1ccc(C[Se][Se]Cc2ccccc2)cc1,COc1ccc2cc(C(C)[Se]Cc3ccccc3)ccc2c1,CC(C1=CC=C2C=C(OC)C=CC2=C1)C(O)=O,C1(C[Se][Se]CC2=CC=CC=C2)=CC=CC=C1,CC(C1=CC=C2C=C(OC)C=CC2=C1)[Se]CC3=CC=CC=C3,CCCCN1C=CCC(C(N)=O)=C1,NC(C1=CN(CCCC)C=CC1)=O,valid,CN(C)C=O,[H]C(N(C)C)=O,valid,nonp-75cace85c53510f4b5de53c3
liao_dhp:000679,liao_dhp,678,147,0.0955664,COc1ccc(CC(=O)O)cc1,CC[Se][Se]CC,CC[Se]Cc1ccc(OC)cc1,COC1=CC=C(CC(O)=O)C=C1,CC[Se][Se]CC,COC1=CC=C(C[Se]CC)C=C1,CCCCN1C=CCC(C(N)=O)=C1,NC(C1=CN(CCCC)C=CC1)=O,valid,CN(C)C=O,[H]C(N(C)C)=O,valid,nonp-5f6788af08a7a450e1ff2317
liao_dhp:000680,liao_dhp,679,148,0.0969124,O=C(O)Cc1c[nH]c2ccccc12,CC[Se][Se]CC,CC[Se]Cc1c[nH]c2ccccc12,O=C(CC1=CNC2=C1C=CC=C2)O,CC[Se][Se]CC,CC[Se]CC1=CNC2=C1C=CC=C2,O=C(O)C1=CN(Cc2ccccc2)C=CC1,OC(C1=CN(CC2=CC=CC=C2)C=CC1)=O,valid,CC#N,CC#N,valid,nonp-82d1345c861d94e03012f100
liao_dhp:000681,liao_dhp,680,149,0.101176,Cc1ccc(CC(=O)O)cc1,CC[Se][Se]CC,CC[Se]Cc1ccc(C)cc1,CC1=CC=C(CC(O)=O)C=C1,CC[Se][Se]CC,CC1=CC=C(C[Se]CC)C=C1,O=C(O)C1=CN(Cc2ccccc2)C=CC1,OC(C1=CN(CC2=CC=CC=C2)C=CC1)=O,valid,CN(C)C=O,[H]C(N(C)C)=O,valid,nonp-abac24cedaad9cad4d45c7f7
liao_dhp:000682,liao_dhp,681,150,0.1031845,CC(C(=O)O)c1ccc(CC2CCCC2=O)cc1,CC[Se][Se]CC,CC[Se]C(C)c1ccc(CC2CCCC2=O)cc1,CC(C1=CC=C(CC2C(CCC2)=O)C=C1)C(O)=O,CC[Se][Se]CC,CC(C1=CC=C(CC2C(CCC2)=O)C=C1)[Se]CC,O=C(O)C1=CN(Cc2ccccc2)C=CC1,OC(C1=CN(CC2=CC=CC=C2)C=CC1)=O,valid,CN(C)C=O,[H]C(N(C)C)=O,valid,nonp-7b58c44bddd628f024caa3df
liao_dhp:000683,liao_dhp,682,151,0.103684,CC(C(=O)O)c1ccc(CC2CCCC2=O)cc1,CC[Se][Se]CC,CC[Se]C(C)c1ccc(CC2CCCC2=O)cc1,CC(C1=CC=C(CC2C(CCC2)=O)C=C1)C(O)=O,CC[Se][Se]CC,CC(C1=CC=C(CC2C(CCC2)=O)C=C1)[Se]CC,CCOC(=O)C1=C(C)NC(C)=C(C(=O)OCC)C1,CC1=C(C(OCC)=O)CC(C(OCC)=O)=C(C)N1,valid,CS(C)=O,CS(C)=O,valid,nonp-b542bce590c4379e32310b03
liao_dhp:000684,liao_dhp,683,152,0.1051654,O=C(O)CCCc1c[nH]c2ccccc12,CC[Se][Se]CC,CC[Se]CCCc1c[nH]c2ccccc12,O=C(CCCC1=CNC2=C1C=CC=C2)O,CC[Se][Se]CC,CC[Se]CCCC1=CNC2=C1C=CC=C2,O=C(O)C1=CN(Cc2ccccc2)C=CC1,OC(C1=CN(CC2=CC=CC=C2)C=CC1)=O,valid,CN(C)C=O,[H]C(N(C)C)=O,valid,nonp-e550a8fa0fbcc7e2f910bb4c
liao_dhp:000685,liao_dhp,684,153,0.10868335,O=C(O)C1CCC1,c1ccc(C[Se][Se]Cc2ccccc2)cc1,c1ccc(C[Se]C2CCC2)cc1,O=C(C1CCC1)O,C1(C[Se][Se]CC2=CC=CC=C2)=CC=CC=C1,C1([Se]CC2=CC=CC=C2)CCC1,CCCCN1C=CCC(C(N)=O)=C1,NC(C1=CN(CCCC)C=CC1)=O,valid,CS(C)=O,CS(C)=O,valid,nonp-86f782efbe7a7fb1098acbea
liao_dhp:000686,liao_dhp,685,154,0.1098415,COc1ccc2cc(C(C)C(=O)O)ccc2c1,c1ccc(C[Se][Se]Cc2ccccc2)cc1,COc1ccc2cc(C(C)[Se]Cc3ccccc3)ccc2c1,CC(C1=CC=C2C=C(OC)C=CC2=C1)C(O)=O,C1(C[Se][Se]CC2=CC=CC=C2)=CC=CC=C1,CC(C1=CC=C2C=C(OC)C=CC2=C1)[Se]CC3=CC=CC=C3,CCCCN1C=CCC(C(N)=O)=C1,NC(C1=CN(CCCC)C=CC1)=O,valid,CS(C)=O,CS(C)=O,valid,nonp-cfd327382b2e7561bba710b7
liao_dhp:000687,liao_dhp,686,155,0.1155684,O=C(O)C1CCN(C(=O)OCc2ccccc2)CC1,c1ccc(C[Se][Se]Cc2ccccc2)cc1,O=C(OCc1ccccc1)N1CCC([Se]Cc2ccccc2)CC1,O=C(N1CCC(C(O)=O)CC1)OCC2=CC=CC=C2,C1(C[Se][Se]CC2=CC=CC=C2)=CC=CC=C1,O=C(N1CCC([Se]CC2=CC=CC=C2)CC1)OCC3=CC=CC=C3,CCCCN1C=CCC(C(N)=O)=C1,NC(C1=CN(CCCC)C=CC1)=O,valid,CS(C)=O,CS(C)=O,valid,nonp-ef98796bed0f0ab3342c0fa2
liao_dhp:000688,liao_dhp,687,156,0.1171507,O=C(O)CCCc1c[nH]c2ccccc12,CC[Se][Se]CC,CC[Se]CCCc1c[nH]c2ccccc12,O=C(CCCC1=CNC2=C1C=CC=C2)O,CC[Se][Se]CC,CC[Se]CCCC1=CNC2=C1C=CC=C2,CCOC(=O)C1=C(C)NC(C)=C(C(=O)OCC)C1,CC1=C(C(OCC)=O)CC(C(OCC)=O)=C(C)N1,valid,CN(C)C=O,[H]C(N(C)C)=O,valid,nonp-b09b7f8909cc0877ea381a84
liao_dhp:000689,liao_dhp,688,157,0.12,O=C(O)C1CCC(F)(F)CC1,c1ccc([Se][Se]c2ccccc2)cc1,FC1(F)CCC([Se]c2ccccc2)CC1,FC1(F)CCC(C(O)=O)CC1,C1([Se][Se]C2=CC=CC=C2)=CC=CC=C1,FC1(F)CCC([Se]C2=CC=CC=C2)CC1,N#CC1=CN(Cc2ccccc2)C=CC1,N#CC1=CN(CC2=CC=CC=C2)C=CC1,valid,CN(C)C=O,[H]C(N(C)C)=O,valid,nonp-773e30be98a4659a78f8811c
liao_dhp:000690,liao_dhp,689,158,0.124192,Cc1ccc(CC(=O)O)cc1,CC[Se][Se]CC,CC[Se]Cc1ccc(C)cc1,CC1=CC=C(CC(O)=O)C=C1,CC[Se][Se]CC,CC1=CC=C(C[Se]CC)C=C1,CCCCN1C=CCC(C(N)=O)=C1,NC(C1=CN(CCCC)C=CC1)=O,valid,CN(C)C=O,[H]C(N(C)C)=O,valid,nonp-a1d0892681345753febda712
liao_dhp:000691,liao_dhp,690,159,0.125,O=C(O)C1CCC(F)(F)CC1,c1ccc([Se][Se]c2ccccc2)cc1,FC1(F)CCC([Se]c2ccccc2)CC1,FC1(F)CCC(C(O)=O)CC1,C1([Se][Se]C2=CC=CC=C2)=CC=CC=C1,FC1(F)CCC([Se]C2=CC=CC=C2)CC1,CCCCN1C=CCC(C(N)=O)=C1,NC(C1=CN(CCCC)C=CC1)=O,valid,CC#N,CC#N,valid,nonp-e407e207d53f3a51e5dc42c8
liao_dhp:000692,liao_dhp,691,160,0.1255775,O=C(O)CCc1ccccc1,c1ccc([Se][Se]c2ccccc2)cc1,c1ccc(CC[Se]c2ccccc2)cc1,O=C(CCC1=CC=CC=C1)O,C1([Se][Se]C2=CC=CC=C2)=CC=CC=C1,C1(CC[Se]C2=CC=CC=C2)=CC=CC=C1,CCCCN1C=CCC(C(N)=O)=C1,NC(C1=CN(CCCC)C=CC1)=O,valid,CN(C)C=O,[H]C(N(C)C)=O,valid,nonp-77ac56d13a5204c6946144b3
liao_dhp:000693,liao_dhp,692,161,0.1260053,O=C(O)CCc1ccccc1,c1ccc([Se][Se]c2ccccc2)cc1,c1ccc(CC[Se]c2ccccc2)cc1,O=C(CCC1=CC=CC=C1)O,C1([Se][Se]C2=CC=CC=C2)=CC=CC=C1,C1(CC[Se]C2=CC=CC=C2)=CC=CC=C1,O=C(O)C1=CN(Cc2ccccc2)C=CC1,OC(C1=CN(CC2=CC=CC=C2)C=CC1)=O,valid,CC#N,CC#N,valid,nonp-69e435a8bcd00823067b6e99
liao_dhp:000694,liao_dhp,693,162,0.1281376,Cc1ccc(CC(=O)O)cc1,CC[Se][Se]CC,CC[Se]Cc1ccc(C)cc1,CC1=CC=C(CC(O)=O)C=C1,CC[Se][Se]CC,CC1=CC=C(C[Se]CC)C=C1,O=C(O)C1=CN(Cc2ccccc2)C=CC1,OC(C1=CN(CC2=CC=CC=C2)C=CC1)=O,valid,CS(C)=O,CS(C)=O,valid,nonp-d273206375905c67e144584e
liao_dhp:000695,liao_dhp,694,163,0.13473425,O=C(O)C1(c2ccccc2)CC1,c1ccc([Se][Se]c2ccccc2)cc1,c1ccc([Se]C2(c3ccccc3)CC2)cc1,O=C(C1(C2=CC=CC=C2)CC1)O,C1([Se][Se]C2=CC=CC=C2)=CC=CC=C1,C1(C2([Se]C3=CC=CC=C3)CC2)=CC=CC=C1,CCOC(=O)C1=C(C)NC(C)=C(C(=O)OCC)C1,CC1=C(C(OCC)=O)CC(C(OCC)=O)=C(C)N1,valid,CC#N,CC#N,valid,nonp-90bd321ac2bf1191e06e17c5
liao_dhp:000696,liao_dhp,695,164,0.1373816,COc1ccc(CC(=O)O)cc1,CC[Se][Se]CC,CC[Se]Cc1ccc(OC)cc1,COC1=CC=C(CC(O)=O)C=C1,CC[Se][Se]CC,COC1=CC=C(C[Se]CC)C=C1,CCOC(=O)C1=C(C)NC(C)=C(C(=O)OCC)C1,CC1=C(C(OCC)=O)CC(C(OCC)=O)=C(C)N1,valid,CS(C)=O,CS(C)=O,valid,nonp-e8ee4e61a8f31e14922909b4
liao_dhp:000697,liao_dhp,696,165,0.14,Cc1ccc(CC(=O)O)cc1,c1ccc([Se][Se]c2ccccc2)cc1,Cc1ccc(C[Se]c2ccccc2)cc1,CC1=CC=C(CC(O)=O)C=C1,C1([Se][Se]C2=CC=CC=C2)=CC=CC=C1,CC1=CC=C(C[Se]C2=CC=CC=C2)C=C1,N#CC1=CN(Cc2ccccc2)C=CC1,N#CC1=CN(CC2=CC=CC=C2)C=CC1,valid,CC#N,CC#N,valid,nonp-cedde38783a66907aeb52ee9
liao_dhp:000698,liao_dhp,697,166,0.1451486,Cc1ccc(S(=O)(=O)N2CCC(C(=O)O)CC2)cc1,CC[Se][Se]CC,CC[Se]C1CCN(S(=O)(=O)c2ccc(C)cc2)CC1,CC1=CC=C(S(N2CCC(C(O)=O)CC2)(=O)=O)C=C1,CC[Se][Se]CC,CC1=CC=C(S(N2CCC([Se]CC)CC2)(=O)=O)C=C1,O=C(O)C1=CN(Cc2ccccc2)C=CC1,OC(C1=CN(CC2=CC=CC=C2)C=CC1)=O,valid,CS(C)=O,CS(C)=O,valid,nonp-2087cd48ff13be9898682043
liao_dhp:000699,liao_dhp,698,167,0.14676365,CC(C(=O)O)c1ccc(CC2CCCC2=O)cc1,c1ccc(C[Se][Se]Cc2ccccc2)cc1,CC([Se]Cc1ccccc1)c1ccc(CC2CCCC2=O)cc1,CC(C1=CC=C(CC2C(CCC2)=O)C=C1)C(O)=O,C1(C[Se][Se]CC2=CC=CC=C2)=CC=CC=C1,CC(C1=CC=C(CC2C(CCC2)=O)C=C1)[Se]CC3=CC=CC=C3,CCCCN1C=CCC(C(N)=O)=C1,NC(C1=CN(CCCC)C=CC1)=O,valid,CN(C)C=O,[H]C(N(C)C)=O,valid,nonp-7b6c807c0e339bb59c566c96
liao_dhp:000700,liao_dhp,699,168,0.1537056,O=C(O)CCCc1c[nH]c2ccccc12,c1ccc(C[Se][Se]Cc2ccccc2)cc1,c1ccc(C[Se]CCCc2c[nH]c3ccccc23)cc1,O=C(CCCC1=CNC2=C1C=CC=C2)O,C1(C[Se][Se]CC2=CC=CC=C2)=CC=CC=C1,C1(CCC[Se]CC2=CC=CC=C2)=CNC3=C1C=CC=C3,CCCCN1C=CCC(C(N)=O)=C1,NC(C1=CN(CCCC)C=CC1)=O,valid,CN(C)C=O,[H]C(N(C)C)=O,valid,nonp-7a0aed50fa82bac5236cdcdc
liao_dhp:000701,liao_dhp,700,169,0.1573597,COc1ccc2c(c1)c(CC(=O)O)c(C)n2C(=O)c1ccc(Cl)cc1,c1ccc(C[Se][Se]Cc2ccccc2)cc1,COc1ccc2c(c1)c(C[Se]Cc1ccccc1)c(C)n2C(=O)c1ccc(Cl)cc1,CC(N1C(C2=CC=C(Cl)C=C2)=O)=C(CC(O)=O)C3=C1C=CC(OC)=C3,C1(C[Se][Se]CC2=CC=CC=C2)=CC=CC=C1,CC(N1C(C2=CC=C(Cl)C=C2)=O)=C(C[Se]CC3=CC=CC=C3)C4=C1C=CC(OC)=C4,CCCCN1C=CCC(C(N)=O)=C1,NC(C1=CN(CCCC)C=CC1)=O,valid,CS(C)=O,CS(C)=O,valid,nonp-5149e9dd141ef67ec867f1b3
liao_dhp:000702,liao_dhp,701,170,0.16,COc1ccc2cc(C(C)C(=O)O)ccc2c1,c1ccc([Se][Se]c2ccccc2)cc1,COc1ccc2cc(C(C)[Se]c3ccccc3)ccc2c1,CC(C1=CC=C2C=C(OC)C=CC2=C1)C(O)=O,C1([Se][Se]C2=CC=CC=C2)=CC=CC=C1,CC(C1=CC=C2C=C(OC)C=CC2=C1)[Se]C3=CC=CC=C3,CC(=O)C1=CN(Cc2ccccc2)C=CC1,CC(C1=CN(CC2=CC=CC=C2)C=CC1)=O,valid,CC#N,CC#N,valid,nonp-3fa2c1f11642f7ae4288bfd3
liao_dhp:000703,liao_dhp,702,171,0.1664595,Cc1ccc(CC(=O)O)cc1,c1ccc([Se][Se]c2ccccc2)cc1,Cc1ccc(C[Se]c2ccccc2)cc1,CC1=CC=C(CC(O)=O)C=C1,C1([Se][Se]C2=CC=CC=C2)=CC=CC=C1,CC1=CC=C(C[Se]C2=CC=CC=C2)C=C1,O=C(O)C1=CN(Cc2ccccc2)C=CC1,OC(C1=CN(CC2=CC=CC=C2)C=CC1)=O,valid,CC#N,CC#N,valid,nonp-608c846c84ebf5fbc9a21199
liao_dhp:000704,liao_dhp,703,172,0.1678588,Cc1ccccc1CC(=O)O,c1ccc([Se][Se]c2ccccc2)cc1,Cc1ccccc1C[Se]c1ccccc1,CC1=C(CC(O)=O)C=CC=C1,C1([Se][Se]C2=CC=CC=C2)=CC=CC=C1,CC1=C(C[Se]C2=CC=CC=C2)C=CC=C1,O=C(O)C1=CN(Cc2ccccc2)C=CC1,OC(C1=CN(CC2=CC=CC=C2)C=CC1)=O,valid,CS(C)=O,CS(C)=O,valid,nonp-c75c081deec420bc0e335d65
liao_dhp:000705,liao_dhp,704,173,0.17472925,CC(C(=O)O)N1C(=O)c2ccccc2C1=O,c1ccc(C[Se][Se]Cc2ccccc2)cc1,CC([Se]Cc1ccccc1)N1C(=O)c2ccccc2C1=O,CC(N(C(C1=C2C=CC=C1)=O)C2=O)C(O)=O,C1(C[Se][Se]CC2=CC=CC=C2)=CC=CC=C1,CC(N(C(C1=C2C=CC=C1)=O)C2=O)[Se]CC3=CC=CC=C3,CCOC(=O)C1=C(C)NC(C)=C(C(=O)OCC)C1,CC1=C(C(OCC)=O)CC(C(OCC)=O)=C(C)N1,valid,CS(C)=O,CS(C)=O,valid,nonp-5e92e7738f70f3cf61a6e78d
liao_dhp:000706,liao_dhp,705,174,0.17625,Cc1ccccc1CC(=O)O,CC[Se][Se]CC,CC[Se]Cc1ccccc1C,CC1=C(CC(O)=O)C=CC=C1,CC[Se][Se]CC,CC1=C(C[Se]CC)C=CC=C1,O=C(O)C1=CN(Cc2ccccc2)C=CC1,OC(C1=CN(CC2=CC=CC=C2)C=CC1)=O,valid,CS(C)=O,CS(C)=O,valid,nonp-3a2b49fc49e68facb9db1277
liao_dhp:000707,liao_dhp,706,175,0.1786312,Cc1ccc(S(=O)(=O)N2CCC(C(=O)O)CC2)cc1,c1ccc(C[Se][Se]Cc2ccccc2)cc1,Cc1ccc(S(=O)(=O)N2CCC([Se]Cc3ccccc3)CC2)cc1,CC1=CC=C(S(N2CCC(C(O)=O)CC2)(=O)=O)C=C1,C1(C[Se][Se]CC2=CC=CC=C2)=CC=CC=C1,CC1=CC=C(S(N2CCC([Se]CC3=CC=CC=C3)CC2)(=O)=O)C=C1,CCCCN1C=CCC(C(N)=O)=C1,NC(C1=CN(CCCC)C=CC1)=O,valid,CN(C)C=O,[H]C(N(C)C)=O,valid,nonp-fd305e7c4aec90adf91e2449
liao_dhp:000708,liao_dhp,707,176,0.1804685,CC(C(=O)O)N1C(=O)c2ccccc2C1=O,c1ccc(C[Se][Se]Cc2ccccc2)cc1,CC([Se]Cc1ccccc1)N1C(=O)c2ccccc2C1=O,CC(N(C(C1=C2C=CC=C1)=O)C2=O)C(O)=O,C1(C[Se][Se]CC2=CC=CC=C2)=CC=CC=C1,CC(N(C(C1=C2C=CC=C1)=O)C2=O)[Se]CC3=CC=CC=C3,O=C(O)C1=CN(Cc2ccccc2)C=CC1,OC(C1=CN(CC2=CC=CC=C2)C=CC1)=O,valid,CN(C)C=O,[H]C(N(C)C)=O,valid,nonp-2f3847300a50e3a4b5354266
liao_dhp:000709,liao_dhp,708,177,0.18051375,COc1ccc(CC(=O)O)cc1,c1ccc([Se][Se]c2ccccc2)cc1,COc1ccc(C[Se]c2ccccc2)cc1,COC1=CC=C(CC(O)=O)C=C1,C1([Se][Se]C2=CC=CC=C2)=CC=CC=C1,COC1=CC=C(C[Se]C2=CC=CC=C2)C=C1,O=C(O)C1=CN(Cc2ccccc2)C=CC1,OC(C1=CN(CC2=CC=CC=C2)C=CC1)=O,valid,CC#N,CC#N,valid,nonp-656ddabf4db8ce6b13bc770b
liao_dhp:000710,liao_dhp,709,178,0.18077375,COc1ccc2c(c1)c(CC(=O)O)c(C)n2C(=O)c1ccc(Cl)cc1,CC[Se][Se]CC,CC[Se]Cc1c(C)n(C(=O)c2ccc(Cl)cc2)c2ccc(OC)cc12,CC(N1C(C2=CC=C(Cl)C=C2)=O)=C(CC(O)=O)C3=C1C=CC(OC)=C3,CC[Se][Se]CC,CC(N1C(C2=CC=C(Cl)C=C2)=O)=C(C[Se]CC)C3=C1C=CC(OC)=C3,CCCCN1C=CCC(C(N)=O)=C1,NC(C1=CN(CCCC)C=CC1)=O,valid,CS(C)=O,CS(C)=O,valid,nonp-1d90c4b82d29bcb7455f2d4d
liao_dhp:000711,liao_dhp,710,179,0.1811058,COc1ccc(CC(=O)O)cc1,c1ccc([Se][Se]c2ccccc2)cc1,COc1ccc(C[Se]c2ccccc2)cc1,COC1=CC=C(CC(O)=O)C=C1,C1([Se][Se]C2=CC=CC=C2)=CC=CC=C1,COC1=CC=C(C[Se]C2=CC=CC=C2)C=C1,CCCCN1C=CCC(C(N)=O)=C1,NC(C1=CN(CCCC)C=CC1)=O,valid,CS(C)=O,CS(C)=O,valid,nonp-310228dc294d5aa60274d78e
liao_dhp:000712,liao_dhp,711,180,0.1811928,COc1ccc2c(c1)c(CC(=O)O)c(C)n2C(=O)c1ccc(Cl)cc1,CC[Se][Se]CC,CC[Se]Cc1c(C)n(C(=O)c2ccc(Cl)cc2)c2ccc(OC)cc12,CC(N1C(C2=CC=C(Cl)C=C2)=O)=C(CC(O)=O)C3=C1C=CC(OC)=C3,CC[Se][Se]CC,CC(N1C(C2=CC=C(Cl)C=C2)=O)=C(C[Se]CC)C3=C1C=CC(OC)=C3,O=C(O)C1=CN(Cc2ccccc2)C=CC1,OC(C1=CN(CC2=CC=CC=C2)C=CC1)=O,valid,CS(C)=O,CS(C)=O,valid,nonp-532458e071f1979dc82cd696
liao_dhp:000713,liao_dhp,712,181,0.18307725,CC(C(=O)O)N1C(=O)c2ccccc2C1=O,c1ccc(C[Se][Se]Cc2ccccc2)cc1,CC([Se]Cc1ccccc1)N1C(=O)c2ccccc2C1=O,CC(N(C(C1=C2C=CC=C1)=O)C2=O)C(O)=O,C1(C[Se][Se]CC2=CC=CC=C2)=CC=CC=C1,CC(N(C(C1=C2C=CC=C1)=O)C2=O)[Se]CC3=CC=CC=C3,CCOC(=O)C1=C(C)NC(C)=C(C(=O)OCC)C1,CC1=C(C(OCC)=O)CC(C(OCC)=O)=C(C)N1,valid,CN(C)C=O,[H]C(N(C)C)=O,valid,nonp-675c38679355361b465d8d9e
liao_dhp:000714,liao_dhp,713,182,0.184213,CC(C(=O)O)c1ccc(CC2CCCC2=O)cc1,c1ccc(C[Se][Se]Cc2ccccc2)cc1,CC([Se]Cc1ccccc1)c1ccc(CC2CCCC2=O)cc1,CC(C1=CC=C(CC2C(CCC2)=O)C=C1)C(O)=O,C1(C[Se][Se]CC2=CC=CC=C2)=CC=CC=C1,CC(C1=CC=C(CC2C(CCC2)=O)C=C1)[Se]CC3=CC=CC=C3,CCCCN1C=CCC(C(N)=O)=C1,NC(C1=CN(CCCC)C=CC1)=O,valid,CC#N,CC#N,valid,nonp-9853e2ebb74f9479fc5966f8
liao_dhp:000715,liao_dhp,714,183,0.1862264,O=C(O)C1CCC1,c1ccc([Se][Se]c2ccccc2)cc1,c1ccc([Se]C2CCC2)cc1,O=C(C1CCC1)O,C1([Se][Se]C2=CC=CC=C2)=CC=CC=C1,C1([Se]C2=CC=CC=C2)CCC1,CCOC(=O)C1=C(C)NC(C)=C(C(=O)OCC)C1,CC1=C(C(OCC)=O)CC(C(OCC)=O)=C(C)N1,valid,CC#N,CC#N,valid,nonp-2a34a5d0258e00c308e5bc5a
liao_dhp:000716,liao_dhp,715,184,0.18792075,O=C(O)C1CCC(F)(F)CC1,c1ccc([Se][Se]c2ccccc2)cc1,FC1(F)CCC([Se]c2ccccc2)CC1,FC1(F)CCC(C(O)=O)CC1,C1([Se][Se]C2=CC=CC=C2)=CC=CC=C1,FC1(F)CCC([Se]C2=CC=CC=C2)CC1,CCOC(=O)C1=C(C)NC(C)=C(C(=O)OCC)C1,CC1=C(C(OCC)=O)CC(C(OCC)=O)=C(C)N1,valid,CN(C)C=O,[H]C(N(C)C)=O,valid,nonp-05b576ea8fadaf917dae44dd
liao_dhp:000717,liao_dhp,716,185,0.191947,CC(C(=O)O)N1C(=O)c2ccccc2C1=O,c1ccc(C[Se][Se]Cc2ccccc2)cc1,CC([Se]Cc1ccccc1)N1C(=O)c2ccccc2C1=O,CC(N(C(C1=C2C=CC=C1)=O)C2=O)C(O)=O,C1(C[Se][Se]CC2=CC=CC=C2)=CC=CC=C1,CC(N(C(C1=C2C=CC=C1)=O)C2=O)[Se]CC3=CC=CC=C3,O=C(O)C1=CN(Cc2ccccc2)C=CC1,OC(C1=CN(CC2=CC=CC=C2)C=CC1)=O,valid,CS(C)=O,CS(C)=O,valid,nonp-35239f16c9f4878a77c8a0f0
liao_dhp:000718,liao_dhp,717,186,0.1932,O=C(O)Cc1ccc(Br)cc1,c1ccc([Se][Se]c2ccccc2)cc1,Brc1ccc(C[Se]c2ccccc2)cc1,BrC1=CC=C(CC(O)=O)C=C1,C1([Se][Se]C2=CC=CC=C2)=CC=CC=C1,BrC1=CC=C(C[Se]C2=CC=CC=C2)C=C1,O=C(O)C1=CN(Cc2ccccc2)C=CC1,OC(C1=CN(CC2=CC=CC=C2)C=CC1)=O,valid,CC#N,CC#N,valid,nonp-71c5720e2070b285ab930b94
liao_dhp:000719,liao_dhp,718,187,0.2037138,O=C(O)C1(c2ccccc2)CC1,c1ccc([Se][Se]c2ccccc2)cc1,c1ccc([Se]C2(c3ccccc3)CC2)cc1,O=C(C1(C2=CC=CC=C2)CC1)O,C1([Se][Se]C2=CC=CC=C2)=CC=CC=C1,C1(C2([Se]C3=CC=CC=C3)CC2)=CC=CC=C1,O=C(O)C1=CN(Cc2ccccc2)C=CC1,OC(C1=CN(CC2=CC=CC=C2)C=CC1)=O,valid,CC#N,CC#N,valid,nonp-08d1e5c05aee7b7c4169f3ac
liao_dhp:000720,liao_dhp,719,188,0.205,O=C(O)C1CCOCC1,c1ccc([Se][Se]c2ccccc2)cc1,c1ccc([Se]C2CCOCC2)cc1,O=C(C1CCOCC1)O,C1([Se][Se]C2=CC=CC=C2)=CC=CC=C1,C1([Se]C2=CC=CC=C2)CCOCC1,O=C(O)C1=CN(Cc2ccccc2)C=CC1,OC(C1=CN(CC2=CC=CC=C2)C=CC1)=O,valid,CC#N,CC#N,valid,nonp-d4c0d8868b3225b5cc6e3bdf
liao_dhp:000721,liao_dhp,720,189,0.2055125,CC(C(=O)O)N1C(=O)c2ccccc2C1=O,c1ccc(C[Se][Se]Cc2ccccc2)cc1,CC([Se]Cc1ccccc1)N1C(=O)c2ccccc2C1=O,CC(N(C(C1=C2C=CC=C1)=O)C2=O)C(O)=O,C1(C[Se][Se]CC2=CC=CC=C2)=CC=CC=C1,CC(N(C(C1=C2C=CC=C1)=O)C2=O)[Se]CC3=CC=CC=C3,O=C(O)C1=CN(Cc2ccccc2)C=CC1,OC(C1=CN(CC2=CC=CC=C2)C=CC1)=O,valid,CC#N,CC#N,valid,nonp-d475943f0021f97d7d8015d3
liao_dhp:000722,liao_dhp,721,190,0.2075541,CC(C(=O)O)c1ccc(CC2CCCC2=O)cc1,c1ccc(C[Se][Se]Cc2ccccc2)cc1,CC([Se]Cc1ccccc1)c1ccc(CC2CCCC2=O)cc1,CC(C1=CC=C(CC2C(CCC2)=O)C=C1)C(O)=O,C1(C[Se][Se]CC2=CC=CC=C2)=CC=CC=C1,CC(C1=CC=C(CC2C(CCC2)=O)C=C1)[Se]CC3=CC=CC=C3,CCCCN1C=CCC(C(N)=O)=C1,NC(C1=CN(CCCC)C=CC1)=O,valid,CS(C)=O,CS(C)=O,valid,nonp-a16924452c0c60646c7179f3
liao_dhp:000723,liao_dhp,722,191,0.2208925,O=C(O)Cc1ccc(Br)cc1,c1ccc([Se][Se]c2ccccc2)cc1,Brc1ccc(C[Se]c2ccccc2)cc1,BrC1=CC=C(CC(O)=O)C=C1,C1([Se][Se]C2=CC=CC=C2)=CC=CC=C1,BrC1=CC=C(C[Se]C2=CC=CC=C2)C=C1,O=C(O)C1=CN(Cc2ccccc2)C=CC1,OC(C1=CN(CC2=CC=CC=C2)C=CC1)=O,valid,CS(C)=O,CS(C)=O,valid,nonp-ce5b26af84cae41a333e94b9
liao_dhp:000724,liao_dhp,723,192,0.2229065,O=C(O)Cc1ccc(Br)cc1,c1ccc([Se][Se]c2ccccc2)cc1,Brc1ccc(C[Se]c2ccccc2)cc1,BrC1=CC=C(CC(O)=O)C=C1,C1([Se][Se]C2=CC=CC=C2)=CC=CC=C1,BrC1=CC=C(C[Se]C2=CC=CC=C2)C=C1,CCOC(=O)C1=C(C)NC(C)=C(C(=O)OCC)C1,CC1=C(C(OCC)=O)CC(C(OCC)=O)=C(C)N1,valid,CS(C)=O,CS(C)=O,valid,nonp-781e0f03b75da564dbcbd9da
liao_dhp:000725,liao_dhp,724,193,0.222991,Cc1ccccc1CC(=O)O,c1ccc([Se][Se]c2ccccc2)cc1,Cc1ccccc1C[Se]c1ccccc1,CC1=C(CC(O)=O)C=CC=C1,C1([Se][Se]C2=CC=CC=C2)=CC=CC=C1,CC1=C(C[Se]C2=CC=CC=C2)C=CC=C1,O=C(O)C1=CN(Cc2ccccc2)C=CC1,OC(C1=CN(CC2=CC=CC=C2)C=CC1)=O,valid,CC#N,CC#N,valid,nonp-1b30e0bb224186ced448503f
liao_dhp:000726,liao_dhp,725,194,0.22792425,O=C(O)C1CCC(F)(F)CC1,c1ccc([Se][Se]c2ccccc2)cc1,FC1(F)CCC([Se]c2ccccc2)CC1,FC1(F)CCC(C(O)=O)CC1,C1([Se][Se]C2=CC=CC=C2)=CC=CC=C1,FC1(F)CCC([Se]C2=CC=CC=C2)CC1,O=C(O)C1=CN(Cc2ccccc2)C=CC1,OC(C1=CN(CC2=CC=CC=C2)C=CC1)=O,valid,CC#N,CC#N,valid,nonp-46c2e190671f9979cb7dce76
liao_dhp:000727,liao_dhp,726,195,0.2292525,O=C(O)CCCc1c[nH]c2ccccc12,c1ccc(C[Se][Se]Cc2ccccc2)cc1,c1ccc(C[Se]CCCc2c[nH]c3ccccc23)cc1,O=C(CCCC1=CNC2=C1C=CC=C2)O,C1(C[Se][Se]CC2=CC=CC=C2)=CC=CC=C1,C1(CCC[Se]CC2=CC=CC=C2)=CNC3=C1C=CC=C3,CCCCN1C=CCC(C(N)=O)=C1,NC(C1=CN(CCCC)C=CC1)=O,valid,CS(C)=O,CS(C)=O,valid,nonp-e28f77a3f9bf3dba5e0bbe57
liao_dhp:000728,liao_dhp,727,196,0.2341384,Cc1ccc(S(=O)(=O)N2CCC(C(=O)O)CC2)cc1,c1ccc(C[Se][Se]Cc2ccccc2)cc1,Cc1ccc(S(=O)(=O)N2CCC([Se]Cc3ccccc3)CC2)cc1,CC1=CC=C(S(N2CCC(C(O)=O)CC2)(=O)=O)C=C1,C1(C[Se][Se]CC2=CC=CC=C2)=CC=CC=C1,CC1=CC=C(S(N2CCC([Se]CC3=CC=CC=C3)CC2)(=O)=O)C=C1,CCCCN1C=CCC(C(N)=O)=C1,NC(C1=CN(CCCC)C=CC1)=O,valid,CS(C)=O,CS(C)=O,valid,nonp-e207e2037ee6c998ec109686
liao_dhp:000729,liao_dhp,728,197,0.235,CC(C(=O)O)N1C(=O)c2ccccc2C1=O,c1ccc(C[Se][Se]Cc2ccccc2)cc1,CC([Se]Cc1ccccc1)N1C(=O)c2ccccc2C1=O,CC(N(C(C1=C2C=CC=C1)=O)C2=O)C(O)=O,C1(C[Se][Se]CC2=CC=CC=C2)=CC=CC=C1,CC(N(C(C1=C2C=CC=C1)=O)C2=O)[Se]CC3=CC=CC=C3,CCOC(=O)C1=C(C)NC(C)=C(C(=O)OCC)C1,CC1=C(C(OCC)=O)CC(C(OCC)=O)=C(C)N1,valid,CC#N,CC#N,valid,nonp-75a56ad9ccf2781dd776673c
liao_dhp:000730,liao_dhp,729,198,0.23505375,O=C(O)C1CCC(F)(F)CC1,c1ccc([Se][Se]c2ccccc2)cc1,FC1(F)CCC([Se]c2ccccc2)CC1,FC1(F)CCC(C(O)=O)CC1,C1([Se][Se]C2=CC=CC=C2)=CC=CC=C1,FC1(F)CCC([Se]C2=CC=CC=C2)CC1,CCOC(=O)C1=C(C)NC(C)=C(C(=O)OCC)C1,CC1=C(C(OCC)=O)CC(C(OCC)=O)=C(C)N1,valid,CS(C)=O,CS(C)=O,valid,nonp-90a0c74c25a5dba87cda14bc
liao_dhp:000731,liao_dhp,730,199,0.2352785,CC(C(=O)O)c1ccc(CC2CCCC2=O)cc1,CC[Se][Se]CC,CC[Se]C(C)c1ccc(CC2CCCC2=O)cc1,CC(C1=CC=C(CC2C(CCC2)=O)C=C1)C(O)=O,CC[Se][Se]CC,CC(C1=CC=C(CC2C(CCC2)=O)C=C1)[Se]CC,O=C(O)C1=CN(Cc2ccccc2)C=CC1,OC(C1=CN(CC2=CC=CC=C2)C=CC1)=O,valid,CS(C)=O,CS(C)=O,valid,nonp-6244b3c9f9789acbe4c6188a
liao_dhp:000732,liao_dhp,731,200,0.249822,O=C(O)C1CCC(F)(F)CC1,c1ccc([Se][Se]c2ccccc2)cc1,FC1(F)CCC([Se]c2ccccc2)CC1,FC1(F)CCC(C(O)=O)CC1,C1([Se][Se]C2=CC=CC=C2)=CC=CC=C1,FC1(F)CCC([Se]C2=CC=CC=C2)CC1,O=C(O)C1=CN(Cc2ccccc2)C=CC1,OC(C1=CN(CC2=CC=CC=C2)C=CC1)=O,valid,CN(C)C=O,[H]C(N(C)C)=O,valid,nonp-19b631a36d82c801f2c52feb
liao_dhp:000733,liao_dhp,732,201,0.2541536,COc1ccc(CC(=O)O)cc1,CC[Se][Se]CC,CC[Se]Cc1ccc(OC)cc1,COC1=CC=C(CC(O)=O)C=C1,CC[Se][Se]CC,COC1=CC=C(C[Se]CC)C=C1,O=C(O)C1=CN(Cc2ccccc2)C=CC1,OC(C1=CN(CC2=CC=CC=C2)C=CC1)=O,valid,CS(C)=O,CS(C)=O,valid,nonp-6ff82586399700e2b1745059
liao_dhp:000734,liao_dhp,733,202,0.25644225,O=C(O)C1CCC(F)(F)CC1,c1ccc([Se][Se]c2ccccc2)cc1,FC1(F)CCC([Se]c2ccccc2)CC1,FC1(F)CCC(C(O)=O)CC1,C1([Se][Se]C2=CC=CC=C2)=CC=CC=C1,FC1(F)CCC([Se]C2=CC=CC=C2)CC1,O=C(O)C1=CN(Cc2ccccc2)C=CC1,OC(C1=CN(CC2=CC=CC=C2)C=CC1)=O,valid,CS(C)=O,CS(C)=O,valid,nonp-f17dee577979b6192d87aab0
liao_dhp:000735,liao_dhp,734,203,0.26255325,O=C(O)C1CCC(F)(F)CC1,c1ccc([Se][Se]c2ccccc2)cc1,FC1(F)CCC([Se]c2ccccc2)CC1,FC1(F)CCC(C(O)=O)CC1,C1([Se][Se]C2=CC=CC=C2)=CC=CC=C1,FC1(F)CCC([Se]C2=CC=CC=C2)CC1,CCCCN1C=CCC(C(N)=O)=C1,NC(C1=CN(CCCC)C=CC1)=O,valid,CN(C)C=O,[H]C(N(C)C)=O,valid,nonp-a848a194f9307744bef70ce9
liao_dhp:000736,liao_dhp,735,204,0.26459025,O=C(O)C1CCC(F)(F)CC1,c1ccc([Se][Se]c2ccccc2)cc1,FC1(F)CCC([Se]c2ccccc2)CC1,FC1(F)CCC(C(O)=O)CC1,C1([Se][Se]C2=CC=CC=C2)=CC=CC=C1,FC1(F)CCC([Se]C2=CC=CC=C2)CC1,CCCCN1C=CCC(C(N)=O)=C1,NC(C1=CN(CCCC)C=CC1)=O,valid,CS(C)=O,CS(C)=O,valid,nonp-ed3303e8c7ff31fb45a8a8c4
liao_dhp:000737,liao_dhp,736,205,0.2714848,O=C(O)Cc1ccc2c(c1)C(=O)c1ccccc1CO2,c1ccc(C[Se][Se]Cc2ccccc2)cc1,O=C1c2ccccc2COc2ccc(C[Se]Cc3ccccc3)cc21,O=C1C2=CC(CC(O)=O)=CC=C2OCC3=CC=CC=C13,C1(C[Se][Se]CC2=CC=CC=C2)=CC=CC=C1,O=C1C2=CC(C[Se]CC3=CC=CC=C3)=CC=C2OCC4=CC=CC=C14,CCOC(=O)C1=C(C)NC(C)=C(C(=O)OCC)C1,CC1=C(C(OCC)=O)CC(C(OCC)=O)=C(C)N1,valid,CN(C)C=O,[H]C(N(C)C)=O,valid,nonp-04174ceedbea4c72b4a2032b
liao_dhp:000738,liao_dhp,737,206,0.2719974,O=C(O)Cc1ccc2c(c1)C(=O)c1ccccc1CO2,c1ccc(C[Se][Se]Cc2ccccc2)cc1,O=C1c2ccccc2COc2ccc(C[Se]Cc3ccccc3)cc21,O=C1C2=CC(CC(O)=O)=CC=C2OCC3=CC=CC=C13,C1(C[Se][Se]CC2=CC=CC=C2)=CC=CC=C1,O=C1C2=CC(C[Se]CC3=CC=CC=C3)=CC=C2OCC4=CC=CC=C14,O=C(O)C1=CN(Cc2ccccc2)C=CC1,OC(C1=CN(CC2=CC=CC=C2)C=CC1)=O,valid,CN(C)C=O,[H]C(N(C)C)=O,valid,nonp-10b694501e1b51051549045b
liao_dhp:000739,liao_dhp,738,207,0.2730226,O=C(O)Cc1ccc2c(c1)C(=O)c1ccccc1CO2,c1ccc(C[Se][Se]Cc2ccccc2)cc1,O=C1c2ccccc2COc2ccc(C[Se]Cc3ccccc3)cc21,O=C1C2=CC(CC(O)=O)=CC=C2OCC3=CC=CC=C13,C1(C[Se][Se]CC2=CC=CC=C2)=CC=CC=C1,O=C1C2=CC(C[Se]CC3=CC=CC=C3)=CC=C2OCC4=CC=CC=C14,CCOC(=O)C1=C(C)NC(C)=C(C(=O)OCC)C1,CC1=C(C(OCC)=O)CC(C(OCC)=O)=C(C)N1,valid,CS(C)=O,CS(C)=O,valid,nonp-a4bd6c8913f8235ab249974a
liao_dhp:000740,liao_dhp,739,208,0.275,O=C(O)CCc1ccccc1,c1ccc([Se][Se]c2ccccc2)cc1,c1ccc(CC[Se]c2ccccc2)cc1,O=C(CCC1=CC=CC=C1)O,C1([Se][Se]C2=CC=CC=C2)=CC=CC=C1,C1(CC[Se]C2=CC=CC=C2)=CC=CC=C1,CC(=O)C1=CN(Cc2ccccc2)C=CC1,CC(C1=CN(CC2=CC=CC=C2)C=CC1)=O,valid,CC#N,CC#N,valid,nonp-114683dab8cd9897ee11e113
liao_dhp:000741,liao_dhp,740,209,0.2786612,O=C(O)Cc1ccc2c(c1)C(=O)c1ccccc1CO2,c1ccc(C[Se][Se]Cc2ccccc2)cc1,O=C1c2ccccc2COc2ccc(C[Se]Cc3ccccc3)cc21,O=C1C2=CC(CC(O)=O)=CC=C2OCC3=CC=CC=C13,C1(C[Se][Se]CC2=CC=CC=C2)=CC=CC=C1,O=C1C2=CC(C[Se]CC3=CC=CC=C3)=CC=C2OCC4=CC=CC=C14,O=C(O)C1=CN(Cc2ccccc2)C=CC1,OC(C1=CN(CC2=CC=CC=C2)C=CC1)=O,valid,CS(C)=O,CS(C)=O,valid,nonp-14e1f1b6caf88772a4b8afe5
liao_dhp:000742,liao_dhp,741,210,0.2792802,CC(C(=O)O)c1ccc(CC2CCCC2=O)cc1,c1ccc([Se][Se]c2ccccc2)cc1,CC([Se]c1ccccc1)c1ccc(CC2CCCC2=O)cc1,CC(C1=CC=C(CC2C(CCC2)=O)C=C1)C(O)=O,C1([Se][Se]C2=CC=CC=C2)=CC=CC=C1,CC(C1=CC=C(CC2C(CCC2)=O)C=C1)[Se]C3=CC=CC=C3,CCOC(=O)C1=C(C)NC(C)=C(C(=O)OCC)C1,CC1=C(C(OCC)=O)CC(C(OCC)=O)=C(C)N1,valid,CN(C)C=O,[H]C(N(C)C)=O,valid,nonp-995e25bcfc3145f1573b64e0
liao_dhp:000743,liao_dhp,742,211,0.28104975,Cc1ccc(S(=O)(=O)N2CCC(C(=O)O)CC2)cc1,c1ccc([Se][Se]c2ccccc2)cc1,Cc1ccc(S(=O)(=O)N2CCC([Se]c3ccccc3)CC2)cc1,CC1=CC=C(S(N2CCC(C(O)=O)CC2)(=O)=O)C=C1,C1([Se][Se]C2=CC=CC=C2)=CC=CC=C1,CC1=CC=C(S(N2CCC([Se]C3=CC=CC=C3)CC2)(=O)=O)C=C1,CCOC(=O)C1=C(C)NC(C)=C(C(=O)OCC)C1,CC1=C(C(OCC)=O)CC(C(OCC)=O)=C(C)N1,valid,CN(C)C=O,[H]C(N(C)C)=O,valid,nonp-88929ef73ac4638f05cc279a
liao_dhp:000744,liao_dhp,743,212,0.281568,Cc1ccc(S(=O)(=O)N2CCC(C(=O)O)CC2)cc1,c1ccc([Se][Se]c2ccccc2)cc1,Cc1ccc(S(=O)(=O)N2CCC([Se]c3ccccc3)CC2)cc1,CC1=CC=C(S(N2CCC(C(O)=O)CC2)(=O)=O)C=C1,C1([Se][Se]C2=CC=CC=C2)=CC=CC=C1,CC1=CC=C(S(N2CCC([Se]C3=CC=CC=C3)CC2)(=O)=O)C=C1,CCOC(=O)C1=C(C)NC(C)=C(C(=O)OCC)C1,CC1=C(C(OCC)=O)CC(C(OCC)=O)=C(C)N1,valid,CC#N,CC#N,valid,nonp-bae29c2e68bf29254aa7f4e1
liao_dhp:000745,liao_dhp,744,213,0.28530895,CC(C(=O)O)c1ccc(CC2CCCC2=O)cc1,c1ccc([Se][Se]c2ccccc2)cc1,CC([Se]c1ccccc1)c1ccc(CC2CCCC2=O)cc1,CC(C1=CC=C(CC2C(CCC2)=O)C=C1)C(O)=O,C1([Se][Se]C2=CC=CC=C2)=CC=CC=C1,CC(C1=CC=C(CC2C(CCC2)=O)C=C1)[Se]C3=CC=CC=C3,CCOC(=O)C1=C(C)NC(C)=C(C(=O)OCC)C1,CC1=C(C(OCC)=O)CC(C(OCC)=O)=C(C)N1,valid,CC#N,CC#N,valid,nonp-08d6b5f5f6e4124dce122f7e
liao_dhp:000746,liao_dhp,745,214,0.2923895,O=C(O)Cc1ccc(Br)cc1,c1ccc([Se][Se]c2ccccc2)cc1,Brc1ccc(C[Se]c2ccccc2)cc1,BrC1=CC=C(CC(O)=O)C=C1,C1([Se][Se]C2=CC=CC=C2)=CC=CC=C1,BrC1=CC=C(C[Se]C2=CC=CC=C2)C=C1,CCCCN1C=CCC(C(N)=O)=C1,NC(C1=CN(CCCC)C=CC1)=O,valid,CS(C)=O,CS(C)=O,valid,nonp-11208ad9db51d032a3b0d021
liao_dhp:000747,liao_dhp,746,215,0.29759605,O=C(O)CCCc1c[nH]c2ccccc12,CC[Se][Se]CC,CC[Se]CCCc1c[nH]c2ccccc12,O=C(CCCC1=CNC2=C1C=CC=C2)O,CC[Se][Se]CC,CC[Se]CCCC1=CNC2=C1C=CC=C2,O=C(O)C1=CN(Cc2ccccc2)C=CC1,OC(C1=CN(CC2=CC=CC=C2)C=CC1)=O,valid,CS(C)=O,CS(C)=O,valid,nonp-b92e5c9e029912e0bc37019c
liao_dhp:000748,liao_dhp,747,216,0.304645,CC(C(=O)O)N1C(=O)c2ccccc2C1=O,c1ccc(C[Se][Se]Cc2ccccc2)cc1,CC([Se]Cc1ccccc1)N1C(=O)c2ccccc2C1=O,CC(N(C(C1=C2C=CC=C1)=O)C2=O)C(O)=O,C1(C[Se][Se]CC2=CC=CC=C2)=CC=CC=C1,CC(N(C(C1=C2C=CC=C1)=O)C2=O)[Se]CC3=CC=CC=C3,CCCCN1C=CCC(C(N)=O)=C1,NC(C1=CN(CCCC)C=CC1)=O,valid,CC#N,CC#N,valid,nonp-6b203912aaa87781ae5b5fdb
liao_dhp:000749,liao_dhp,748,217,0.3068542,O=C(O)Cc1ccc2c(c1)C(=O)c1ccccc1CO2,c1ccc(C[Se][Se]Cc2ccccc2)cc1,O=C1c2ccccc2COc2ccc(C[Se]Cc3ccccc3)cc21,O=C1C2=CC(CC(O)=O)=CC=C2OCC3=CC=CC=C13,C1(C[Se][Se]CC2=CC=CC=C2)=CC=CC=C1,O=C1C2=CC(C[Se]CC3=CC=CC=C3)=CC=C2OCC4=CC=CC=C14,CCCCN1C=CCC(C(N)=O)=C1,NC(C1=CN(CCCC)C=CC1)=O,valid,CS(C)=O,CS(C)=O,valid,nonp-cdc5493cfc8ce5ff6ca4b59c
liao_dhp:000750,liao_dhp,749,218,0.308392,O=C(O)Cc1ccc2c(c1)C(=O)c1ccccc1CO2,c1ccc(C[Se][Se]Cc2ccccc2)cc1,O=C1c2ccccc2COc2ccc(C[Se]Cc3ccccc3)cc21,O=C1C2=CC(CC(O)=O)=CC=C2OCC3=CC=CC=C13,C1(C[Se][Se]CC2=CC=CC=C2)=CC=CC=C1,O=C1C2=CC(C[Se]CC3=CC=CC=C3)=CC=C2OCC4=CC=CC=C14,CCCCN1C=CCC(C(N)=O)=C1,NC(C1=CN(CCCC)C=CC1)=O,valid,CN(C)C=O,[H]C(N(C)C)=O,valid,nonp-e5fafd84bd865ea8c1a8214a
liao_dhp:000751,liao_dhp,750,219,0.3095085,O=C(O)Cc1ccc(Br)cc1,c1ccc([Se][Se]c2ccccc2)cc1,Brc1ccc(C[Se]c2ccccc2)cc1,BrC1=CC=C(CC(O)=O)C=C1,C1([Se][Se]C2=CC=CC=C2)=CC=CC=C1,BrC1=CC=C(C[Se]C2=CC=CC=C2)C=C1,CCCCN1C=CCC(C(N)=O)=C1,NC(C1=CN(CCCC)C=CC1)=O,valid,CC#N,CC#N,valid,nonp-516de30aec819d5c12fdb614
liao_dhp:000752,liao_dhp,751,220,0.31297,O=C(O)C1(c2ccccc2)CC1,c1ccc([Se][Se]c2ccccc2)cc1,c1ccc([Se]C2(c3ccccc3)CC2)cc1,O=C(C1(C2=CC=CC=C2)CC1)O,C1([Se][Se]C2=CC=CC=C2)=CC=CC=C1,C1(C2([Se]C3=CC=CC=C3)CC2)=CC=CC=C1,CCCCN1C=CCC(C(N)=O)=C1,NC(C1=CN(CCCC)C=CC1)=O,valid,CC#N,CC#N,valid,nonp-76e3251152e1f88b544598fb
liao_dhp:000753,liao_dhp,752,221,0.31342,O=C(O)C1CCN(C(=O)OCc2ccccc2)CC1,c1ccc([Se][Se]c2ccccc2)cc1,O=C(OCc1ccccc1)N1CCC([Se]c2ccccc2)CC1,O=C(N1CCC(C(O)=O)CC1)OCC2=CC=CC=C2,C1([Se][Se]C2=CC=CC=C2)=CC=CC=C1,O=C(N1CCC([Se]C2=CC=CC=C2)CC1)OCC3=CC=CC=C3,CCOC(=O)C1=C(C)NC(C)=C(C(=O)OCC)C1,CC1=C(C(OCC)=O)CC(C(OCC)=O)=C(C)N1,valid,CC#N,CC#N,valid,nonp-d9b37e25a677a39babe32066
liao_dhp:000754,liao_dhp,753,222,0.31465195,O=C(O)Cc1ccc2c(c1)C(=O)c1ccccc1CO2,c1ccc(C[Se][Se]Cc2ccccc2)cc1,O=C1c2ccccc2COc2ccc(C[Se]Cc3ccccc3)cc21,O=C1C2=CC(CC(O)=O)=CC=C2OCC3=CC=CC=C13,C1(C[Se][Se]CC2=CC=CC=C2)=CC=CC=C1,O=C1C2=CC(C[Se]CC3=CC=CC=C3)=CC=C2OCC4=CC=CC=C14,O=C(O)C1=CN(Cc2ccccc2)C=CC1,OC(C1=CN(CC2=CC=CC=C2)C=CC1)=O,valid,CC#N,CC#N,valid,nonp-4ee6755455fdf578fc82fef2
liao_dhp:000755,liao_dhp,754,223,0.3162112,Cc1ccc(CC(=O)O)cc1,CC[Se][Se]CC,CC[Se]Cc1ccc(C)cc1,CC1=CC=C(CC(O)=O)C=C1,CC[Se][Se]CC,CC1=CC=C(C[Se]CC)C=C1,CCCCN1C=CCC(C(N)=O)=C1,NC(C1=CN(CCCC)C=CC1)=O,valid,CS(C)=O,CS(C)=O,valid,nonp-bbbdd451c8601056f36948df
liao_dhp:000756,liao_dhp,755,224,0.3170698,Cc1ccccc1CC(=O)O,c1ccc([Se][Se]c2ccccc2)cc1,Cc1ccccc1C[Se]c1ccccc1,CC1=C(CC(O)=O)C=CC=C1,C1([Se][Se]C2=CC=CC=C2)=CC=CC=C1,CC1=C(C[Se]C2=CC=CC=C2)C=CC=C1,CCCCN1C=CCC(C(N)=O)=C1,NC(C1=CN(CCCC)C=CC1)=O,valid,CS(C)=O,CS(C)=O,valid,nonp-9286805c70612600232a2492
liao_dhp:000757,liao_dhp,756,225,0.31977575,CC(C(=O)O)N1C(=O)c2ccccc2C1=O,c1ccc(C[Se][Se]Cc2ccccc2)cc1,CC([Se]Cc1ccccc1)N1C(=O)c2ccccc2C1=O,CC(N(C(C1=C2C=CC=C1)=O)C2=O)C(O)=O,C1(C[Se][Se]CC2=CC=CC=C2)=CC=CC=C1,CC(N(C(C1=C2C=CC=C1)=O)C2=O)[Se]CC3=CC=CC=C3,CCCCN1C=CCC(C(N)=O)=C1,NC(C1=CN(CCCC)C=CC1)=O,valid,CS(C)=O,CS(C)=O,valid,nonp-2e296422e5aca58eee57d29f
liao_dhp:000758,liao_dhp,757,226,0.3227042,CC(C)(C)OC(=O)N[C@H](CC(=O)O)C(=O)OCc1ccccc1,c1ccc([Se][Se]c2ccccc2)cc1,CC(C)(C)OC(=O)N[C@H](C[Se]c1ccccc1)C(=O)OCc1ccccc1,O=C(OCC1=CC=CC=C1)[C@H](NC(OC(C)(C)C)=O)CC(O)=O,C1([Se][Se]C2=CC=CC=C2)=CC=CC=C1,O=C(OCC1=CC=CC=C1)[C@H](NC(OC(C)(C)C)=O)C[Se]C2=CC=CC=C2,CCOC(=O)C1=C(C)NC(C)=C(C(=O)OCC)C1,CC1=C(C(OCC)=O)CC(C(OCC)=O)=C(C)N1,valid,CC#N,CC#N,valid,nonp-bf58c287e8c18585b27a10cc
liao_dhp:000759,liao_dhp,758,227,0.331456,CC(C(=O)O)c1ccc(CC2CCCC2=O)cc1,CC[Se][Se]CC,CC[Se]C(C)c1ccc(CC2CCCC2=O)cc1,CC(C1=CC=C(CC2C(CCC2)=O)C=C1)C(O)=O,CC[Se][Se]CC,CC(C1=CC=C(CC2C(CCC2)=O)C=C1)[Se]CC,CCCCN1C=CCC(C(N)=O)=C1,NC(C1=CN(CCCC)C=CC1)=O,valid,CS(C)=O,CS(C)=O,valid,nonp-1a35d79d34b6370831f7fa6d
liao_dhp:000760,liao_dhp,759,228,0.33349675,CC(C(=O)O)N1C(=O)c2ccccc2C1=O,c1ccc(C[Se][Se]Cc2ccccc2)cc1,CC([Se]Cc1ccccc1)N1C(=O)c2ccccc2C1=O,CC(N(C(C1=C2C=CC=C1)=O)C2=O)C(O)=O,C1(C[Se][Se]CC2=CC=CC=C2)=CC=CC=C1,CC(N(C(C1=C2C=CC=C1)=O)C2=O)[Se]CC3=CC=CC=C3,CCCCN1C=CCC(C(N)=O)=C1,NC(C1=CN(CCCC)C=CC1)=O,valid,CN(C)C=O,[H]C(N(C)C)=O,valid,nonp-f231b2647a543b72cb93f1e2
liao_dhp:000761,liao_dhp,760,229,0.3344206,O=C(O)Cc1c[nH]c2ccccc12,CC[Se][Se]CC,CC[Se]Cc1c[nH]c2ccccc12,O=C(CC1=CNC2=C1C=CC=C2)O,CC[Se][Se]CC,CC[Se]CC1=CNC2=C1C=CC=C2,CCCCN1C=CCC(C(N)=O)=C1,NC(C1=CN(CCCC)C=CC1)=O,valid,CC#N,CC#N,valid,nonp-6beb3fe1aaf0e47f7888d149
liao_dhp:000762,liao_dhp,761,230,0.3366792,O=C(O)Cc1ccc2c(c1)C(=O)c1ccccc1CO2,c1ccc(C[Se][Se]Cc2ccccc2)cc1,O=C1c2ccccc2COc2ccc(C[Se]Cc3ccccc3)cc21,O=C1C2=CC(CC(O)=O)=CC=C2OCC3=CC=CC=C13,C1(C[Se][Se]CC2=CC=CC=C2)=CC=CC=C1,O=C1C2=CC(C[Se]CC3=CC=CC=C3)=CC=C2OCC4=CC=CC=C14,CCOC(=O)C1=C(C)NC(C)=C(C(=O)OCC)C1,CC1=C(C(OCC)=O)CC(C(OCC)=O)=C(C)N1,valid,CC#N,CC#N,valid,nonp-f772e8a80a7ca777899df79f
liao_dhp:000763,liao_dhp,762,231,0.339131,COc1ccc2c(c1)c(CC(=O)O)c(C)n2C(=O)c1ccc(Cl)cc1,c1ccc([Se][Se]c2ccccc2)cc1,COc1ccc2c(c1)c(C[Se]c1ccccc1)c(C)n2C(=O)c1ccc(Cl)cc1,CC(N1C(C2=CC=C(Cl)C=C2)=O)=C(CC(O)=O)C3=C1C=CC(OC)=C3,C1([Se][Se]C2=CC=CC=C2)=CC=CC=C1,CC(N1C(C2=CC=C(Cl)C=C2)=O)=C(C[Se]C3=CC=CC=C3)C4=C1C=CC(OC)=C4,CCOC(=O)C1=C(C)NC(C)=C(C(=O)OCC)C1,CC1=C(C(OCC)=O)CC(C(OCC)=O)=C(C)N1,valid,CC#N,CC#N,valid,nonp-0aefd7f6b014045c16206892
liao_dhp:000764,liao_dhp,763,232,0.34,Cc1ccc(CC(=O)O)cc1,c1ccc([Se][Se]c2ccccc2)cc1,Cc1ccc(C[Se]c2ccccc2)cc1,CC1=CC=C(CC(O)=O)C=C1,C1([Se][Se]C2=CC=CC=C2)=CC=CC=C1,CC1=CC=C(C[Se]C2=CC=CC=C2)C=C1,N#CC1=CN(Cc2ccccc2)C=CC1,N#CC1=CN(CC2=CC=CC=C2)C=CC1,valid,CN(C)C=O,[H]C(N(C)C)=O,valid,nonp-1d8c5d64c86ab6739d88eaa0
liao_dhp:000765,liao_dhp,764,233,0.34,O=C(O)Cc1ccc2c(c1)C(=O)c1ccccc1CO2,c1ccc([Se][Se]c2ccccc2)cc1,O=C1c2ccccc2COc2ccc(C[Se]c3ccccc3)cc21,O=C1C2=CC(CC(O)=O)=CC=C2OCC3=CC=CC=C13,C1([Se][Se]C2=CC=CC=C2)=CC=CC=C1,O=C1C2=CC(C[Se]C3=CC=CC=C3)=CC=C2OCC4=CC=CC=C14,CCOC(=O)C1=C(C)NC(C)=C(C(=O)OCC)C1,CC1=C(C(OCC)=O)CC(C(OCC)=O)=C(C)N1,valid,CN(C)C=O,[H]C(N(C)C)=O,valid,nonp-188362b650527ed3b5e35e81
liao_dhp:000766,liao_dhp,765,234,0.3588215,O=C(O)CCc1ccccc1,c1ccc([Se][Se]c2ccccc2)cc1,c1ccc(CC[Se]c2ccccc2)cc1,O=C(CCC1=CC=CC=C1)O,C1([Se][Se]C2=CC=CC=C2)=CC=CC=C1,C1(CC[Se]C2=CC=CC=C2)=CC=CC=C1,CCCCN1C=CCC(C(N)=O)=C1,NC(C1=CN(CCCC)C=CC1)=O,valid,CC#N,CC#N,valid,nonp-206cb91820d37c16ca97c659
liao_dhp:000767,liao_dhp,766,235,0.362746,Cc1ccc(CC(=O)O)cc1,c1ccc([Se][Se]c2ccccc2)cc1,Cc1ccc(C[Se]c2ccccc2)cc1,CC1=CC=C(CC(O)=O)C=C1,C1([Se][Se]C2=CC=CC=C2)=CC=CC=C1,CC1=CC=C(C[Se]C2=CC=CC=C2)C=C1,O=C(O)C1=CN(Cc2ccccc2)C=CC1,OC(C1=CN(CC2=CC=CC=C2)C=CC1)=O,valid,CN(C)C=O,[H]C(N(C)C)=O,valid,nonp-688535b5f173a72cf20cb11f
liao_dhp:000768,liao_dhp,767,236,0.3681556,Cc1ccccc1CC(=O)O,c1ccc([Se][Se]c2ccccc2)cc1,Cc1ccccc1C[Se]c1ccccc1,CC1=C(CC(O)=O)C=CC=C1,C1([Se][Se]C2=CC=CC=C2)=CC=CC=C1,CC1=C(C[Se]C2=CC=CC=C2)C=CC=C1,CCOC(=O)C1=C(C)NC(C)=C(C(=O)OCC)C1,CC1=C(C(OCC)=O)CC(C(OCC)=O)=C(C)N1,valid,CN(C)C=O,[H]C(N(C)C)=O,valid,nonp-6a4813d212d0d7fbaebc1231
liao_dhp:000769,liao_dhp,768,237,0.3709256,COc1ccc(CC(=O)O)cc1,CC[Se][Se]CC,CC[Se]Cc1ccc(OC)cc1,COC1=CC=C(CC(O)=O)C=C1,CC[Se][Se]CC,COC1=CC=C(C[Se]CC)C=C1,CCCCN1C=CCC(C(N)=O)=C1,NC(C1=CN(CCCC)C=CC1)=O,valid,CS(C)=O,CS(C)=O,valid,nonp-a4b20136f079e242a2fb2de1
liao_dhp:000770,liao_dhp,769,238,0.3724896,Cc1ccc(CC(=O)O)cc1,c1ccc([Se][Se]c2ccccc2)cc1,Cc1ccc(C[Se]c2ccccc2)cc1,CC1=CC=C(CC(O)=O)C=C1,C1([Se][Se]C2=CC=CC=C2)=CC=CC=C1,CC1=CC=C(C[Se]C2=CC=CC=C2)C=C1,CCCCN1C=CCC(C(N)=O)=C1,NC(C1=CN(CCCC)C=CC1)=O,valid,CC#N,CC#N,valid,nonp-a2b0f1b4c12f476f089858a7
liao_dhp:000771,liao_dhp,770,239,0.375,O=C(O)Cc1ccc(Br)cc1,c1ccc([Se][Se]c2ccccc2)cc1,Brc1ccc(C[Se]c2ccccc2)cc1,BrC1=CC=C(CC(O)=O)C=C1,C1([Se][Se]C2=CC=CC=C2)=CC=CC=C1,BrC1=CC=C(C[Se]C2=CC=CC=C2)C=C1,N#CC1=CN(Cc2ccccc2)C=CC1,N#CC1=CN(CC2=CC=CC=C2)C=CC1,valid,CC#N,CC#N,valid,nonp-ed8a361139660821b31dbd94
liao_dhp:000772,liao_dhp,771,240,0.40084195,COc1ccc2cc(C(C)C(=O)O)ccc2c1,c1ccc([Se][Se]c2ccccc2)cc1,COc1ccc2cc(C(C)[Se]c3ccccc3)ccc2c1,CC(C1=CC=C2C=C(OC)C=CC2=C1)C(O)=O,C1([Se][Se]C2=CC=CC=C2)=CC=CC=C1,CC(C1=CC=C2C=C(OC)C=CC2=C1)[Se]C3=CC=CC=C3,CCCCN1C=CCC(C(N)=O)=C1,NC(C1=CN(CCCC)C=CC1)=O,valid,CC#N,CC#N,valid,nonp-a002710684dc954758641d07
liao_dhp:000773,liao_dhp,772,241,0.4011455,O=C(O)Cc1ccc(Br)cc1,c1ccc([Se][Se]c2ccccc2)cc1,Brc1ccc(C[Se]c2ccccc2)cc1,BrC1=CC=C(CC(O)=O)C=C1,C1([Se][Se]C2=CC=CC=C2)=CC=CC=C1,BrC1=CC=C(C[Se]C2=CC=CC=C2)C=C1,O=C(O)C1=CN(Cc2ccccc2)C=CC1,OC(C1=CN(CC2=CC=CC=C2)C=CC1)=O,valid,CN(C)C=O,[H]C(N(C)C)=O,valid,nonp-b7040a0af6a72030ee76f75c
liao_dhp:000774,liao_dhp,773,242,0.42207015,COc1ccc(CC(=O)O)cc1,c1ccc([Se][Se]c2ccccc2)cc1,COc1ccc(C[Se]c2ccccc2)cc1,COC1=CC=C(CC(O)=O)C=C1,C1([Se][Se]C2=CC=CC=C2)=CC=CC=C1,COC1=CC=C(C[Se]C2=CC=CC=C2)C=C1,CCOC(=O)C1=C(C)NC(C)=C(C(=O)OCC)C1,CC1=C(C(OCC)=O)CC(C(OCC)=O)=C(C)N1,valid,CN(C)C=O,[H]C(N(C)C)=O,valid,nonp-8b8aeb09b5c319a8d03ed670
liao_dhp:000775,liao_dhp,774,243,0.4235782,CC(C(=O)O)c1ccc(CC2CCCC2=O)cc1,c1ccc([Se][Se]c2ccccc2)cc1,CC([Se]c1ccccc1)c1ccc(CC2CCCC2=O)cc1,CC(C1=CC=C(CC2C(CCC2)=O)C=C1)C(O)=O,C1([Se][Se]C2=CC=CC=C2)=CC=CC=C1,CC(C1=CC=C(CC2C(CCC2)=O)C=C1)[Se]C3=CC=CC=C3,O=C(O)C1=CN(Cc2ccccc2)C=CC1,OC(C1=CN(CC2=CC=CC=C2)C=CC1)=O,valid,CN(C)C=O,[H]C(N(C)C)=O,valid,nonp-1ba8cfc86b81c9c219a24a20
liao_dhp:000776,liao_dhp,775,244,0.4260469,O=C(O)Cc1ccc2c(c1)C(=O)c1ccccc1CO2,c1ccc(C[Se][Se]Cc2ccccc2)cc1,O=C1c2ccccc2COc2ccc(C[Se]Cc3ccccc3)cc21,O=C1C2=CC(CC(O)=O)=CC=C2OCC3=CC=CC=C13,C1(C[Se][Se]CC2=CC=CC=C2)=CC=CC=C1,O=C1C2=CC(C[Se]CC3=CC=CC=C3)=CC=C2OCC4=CC=CC=C14,CCCCN1C=CCC(C(N)=O)=C1,NC(C1=CN(CCCC)C=CC1)=O,valid,CC#N,CC#N,valid,nonp-03b37faeaaa90faa3b759648
liao_dhp:000777,liao_dhp,776,245,0.43586935,Cc1ccc(S(=O)(=O)N2CCC(C(=O)O)CC2)cc1,CC[Se][Se]CC,CC[Se]C1CCN(S(=O)(=O)c2ccc(C)cc2)CC1,CC1=CC=C(S(N2CCC(C(O)=O)CC2)(=O)=O)C=C1,CC[Se][Se]CC,CC1=CC=C(S(N2CCC([Se]CC)CC2)(=O)=O)C=C1,CCCCN1C=CCC(C(N)=O)=C1,NC(C1=CN(CCCC)C=CC1)=O,valid,CS(C)=O,CS(C)=O,valid,nonp-8960b33c8c38500c4a49f8b4
liao_dhp:000778,liao_dhp,777,246,0.4376299,COc1ccc2c(c1)c(CC(=O)O)c(C)n2C(=O)c1ccc(Cl)cc1,c1ccc([Se][Se]c2ccccc2)cc1,COc1ccc2c(c1)c(C[Se]c1ccccc1)c(C)n2C(=O)c1ccc(Cl)cc1,CC(N1C(C2=CC=C(Cl)C=C2)=O)=C(CC(O)=O)C3=C1C=CC(OC)=C3,C1([Se][Se]C2=CC=CC=C2)=CC=CC=C1,CC(N1C(C2=CC=C(Cl)C=C2)=O)=C(C[Se]C3=CC=CC=C3)C4=C1C=CC(OC)=C4,CCOC(=O)C1=C(C)NC(C)=C(C(=O)OCC)C1,CC1=C(C(OCC)=O)CC(C(OCC)=O)=C(C)N1,valid,CN(C)C=O,[H]C(N(C)C)=O,valid,nonp-c22f71a1af0b6b52f1271ad4
liao_dhp:000779,liao_dhp,778,247,0.441929,O=C(O)Cc1ccc(Br)cc1,c1ccc([Se][Se]c2ccccc2)cc1,Brc1ccc(C[Se]c2ccccc2)cc1,BrC1=CC=C(CC(O)=O)C=C1,C1([Se][Se]C2=CC=CC=C2)=CC=CC=C1,BrC1=CC=C(C[Se]C2=CC=CC=C2)C=C1,CCCCN1C=CCC(C(N)=O)=C1,NC(C1=CN(CCCC)C=CC1)=O,valid,CN(C)C=O,[H]C(N(C)C)=O,valid,nonp-ddf7cea094dc2df46f54a2f3
liao_dhp:000780,liao_dhp,779,248,0.4441575,CC(C(=O)O)c1ccc(CC2CCCC2=O)cc1,c1ccc([Se][Se]c2ccccc2)cc1,CC([Se]c1ccccc1)c1ccc(CC2CCCC2=O)cc1,CC(C1=CC=C(CC2C(CCC2)=O)C=C1)C(O)=O,C1([Se][Se]C2=CC=CC=C2)=CC=CC=C1,CC(C1=CC=C(CC2C(CCC2)=O)C=C1)[Se]C3=CC=CC=C3,CCOC(=O)C1=C(C)NC(C)=C(C(=O)OCC)C1,CC1=C(C(OCC)=O)CC(C(OCC)=O)=C(C)N1,valid,CS(C)=O,CS(C)=O,valid,nonp-e53c17dae31eebf48b563aa3
liao_dhp:000781,liao_dhp,780,249,0.444324,COc1ccc2c(c1)c(CC(=O)O)c(C)n2C(=O)c1ccc(Cl)cc1,c1ccc([Se][Se]c2ccccc2)cc1,COc1ccc2c(c1)c(C[Se]c1ccccc1)c(C)n2C(=O)c1ccc(Cl)cc1,CC(N1C(C2=CC=C(Cl)C=C2)=O)=C(CC(O)=O)C3=C1C=CC(OC)=C3,C1([Se][Se]C2=CC=CC=C2)=CC=CC=C1,CC(N1C(C2=CC=C(Cl)C=C2)=O)=C(C[Se]C3=CC=CC=C3)C4=C1C=CC(OC)=C4,O=C(O)C1=CN(Cc2ccccc2)C=CC1,OC(C1=CN(CC2=CC=CC=C2)C=CC1)=O,valid,CC#N,CC#N,valid,nonp-f578a5d866095bcd2ee85ce5
liao_dhp:000782,liao_dhp,781,250,0.45414525,Cc1ccc(S(=O)(=O)N2CCC(C(=O)O)CC2)cc1,c1ccc([Se][Se]c2ccccc2)cc1,Cc1ccc(S(=O)(=O)N2CCC([Se]c3ccccc3)CC2)cc1,CC1=CC=C(S(N2CCC(C(O)=O)CC2)(=O)=O)C=C1,C1([Se][Se]C2=CC=CC=C2)=CC=CC=C1,CC1=CC=C(S(N2CCC([Se]C3=CC=CC=C3)CC2)(=O)=O)C=C1,O=C(O)C1=CN(Cc2ccccc2)C=CC1,OC(C1=CN(CC2=CC=CC=C2)C=CC1)=O,valid,CN(C)C=O,[H]C(N(C)C)=O,valid,nonp-ed71bd4211724f91f74406f3
liao_dhp:000783,liao_dhp,782,251,0.4575375,O=C(O)Cc1ccc(Br)cc1,c1ccc([Se][Se]c2ccccc2)cc1,Brc1ccc(C[Se]c2ccccc2)cc1,BrC1=CC=C(CC(O)=O)C=C1,C1([Se][Se]C2=CC=CC=C2)=CC=CC=C1,BrC1=CC=C(C[Se]C2=CC=CC=C2)C=C1,CCOC(=O)C1=C(C)NC(C)=C(C(=O)OCC)C1,CC1=C(C(OCC)=O)CC(C(OCC)=O)=C(C)N1,valid,CC#N,CC#N,valid,nonp-c37b77acc86cdb8d2696732b
liao_dhp:000784,liao_dhp,783,252,0.4656406,O=C(O)Cc1c[nH]c2ccccc12,CC[Se][Se]CC,CC[Se]Cc1c[nH]c2ccccc12,O=C(CC1=CNC2=C1C=CC=C2)O,CC[Se][Se]CC,CC[Se]CC1=CNC2=C1C=CC=C2,CCOC(=O)C1=C(C)NC(C)=C(C(=O)OCC)C1,CC1=C(C(OCC)=O)CC(C(OCC)=O)=C(C)N1,valid,CS(C)=O,CS(C)=O,valid,nonp-6781bb335f263551ecc50b33
liao_dhp:000785,liao_dhp,784,253,0.467628,O=C(O)CCCc1c[nH]c2ccccc12,c1ccc([Se][Se]c2ccccc2)cc1,c1ccc([Se]CCCc2c[nH]c3ccccc23)cc1,O=C(CCCC1=CNC2=C1C=CC=C2)O,C1([Se][Se]C2=CC=CC=C2)=CC=CC=C1,C1(CCC[Se]C2=CC=CC=C2)=CNC3=C1C=CC=C3,CCOC(=O)C1=C(C)NC(C)=C(C(=O)OCC)C1,CC1=C(C(OCC)=O)CC(C(OCC)=O)=C(C)N1,valid,CN(C)C=O,[H]C(N(C)C)=O,valid,nonp-9e20b894d224744f8cc5f619
liao_dhp:000786,liao_dhp,785,254,0.485,O=C(O)Cc1ccc2c(c1)C(=O)c1ccccc1CO2,c1ccc([Se][Se]c2ccccc2)cc1,O=C1c2ccccc2COc2ccc(C[Se]c3ccccc3)cc21,O=C1C2=CC(CC(O)=O)=CC=C2OCC3=CC=CC=C13,C1([Se][Se]C2=CC=CC=C2)=CC=CC=C1,O=C1C2=CC(C[Se]C3=CC=CC=C3)=CC=C2OCC4=CC=CC=C14,CCCCN1C=CCC(C(N)=O)=C1,NC(C1=CN(CCCC)C=CC1)=O,valid,CN(C)C=O,[H]C(N(C)C)=O,valid,nonp-fff2608ff8ff9ebd86655c85
liao_dhp:000787,liao_dhp,786,255,0.485,CC(C(=O)O)c1ccc(CC2CCCC2=O)cc1,c1ccc([Se][Se]c2ccccc2)cc1,CC([Se]c1ccccc1)c1ccc(CC2CCCC2=O)cc1,CC(C1=CC=C(CC2C(CCC2)=O)C=C1)C(O)=O,C1([Se][Se]C2=CC=CC=C2)=CC=CC=C1,CC(C1=CC=C(CC2C(CCC2)=O)C=C1)[Se]C3=CC=CC=C3,O=C(O)C1=CN(Cc2ccccc2)C=CC1,OC(C1=CN(CC2=CC=CC=C2)C=CC1)=O,valid,CC#N,CC#N,valid,nonp-9d9250f4a436e0469809ce1b
liao_dhp:000788,liao_dhp,787,256,0.4877877,COc1ccc(CC(=O)O)cc1,c1ccc([Se][Se]c2ccccc2)cc1,COc1ccc(C[Se]c2ccccc2)cc1,COC1=CC=C(CC(O)=O)C=C1,C1([Se][Se]C2=CC=CC=C2)=CC=CC=C1,COC1=CC=C(C[Se]C2=CC=CC=C2)C=C1,CCCCN1C=CCC(C(N)=O)=C1,NC(C1=CN(CCCC)C=CC1)=O,valid,CC#N,CC#N,valid,nonp-ab519f6d14fccd4de3d72bb1
liao_dhp:000789,liao_dhp,788,257,0.494872,O=C(O)CCCc1c[nH]c2ccccc12,c1ccc([Se][Se]c2ccccc2)cc1,c1ccc([Se]CCCc2c[nH]c3ccccc23)cc1,O=C(CCCC1=CNC2=C1C=CC=C2)O,C1([Se][Se]C2=CC=CC=C2)=CC=CC=C1,C1(CCC[Se]C2=CC=CC=C2)=CNC3=C1C=CC=C3,CCOC(=O)C1=C(C)NC(C)=C(C(=O)OCC)C1,CC1=C(C(OCC)=O)CC(C(OCC)=O)=C(C)N1,valid,CC#N,CC#N,valid,nonp-5f9b297715f7f269aa2095ee
liao_dhp:000790,liao_dhp,789,258,0.4991392,O=C(O)C1(c2ccccc2)CC1,c1ccc([Se][Se]c2ccccc2)cc1,c1ccc([Se]C2(c3ccccc3)CC2)cc1,O=C(C1(C2=CC=CC=C2)CC1)O,C1([Se][Se]C2=CC=CC=C2)=CC=CC=C1,C1(C2([Se]C3=CC=CC=C3)CC2)=CC=CC=C1,CCOC(=O)C1=C(C)NC(C)=C(C(=O)OCC)C1,CC1=C(C(OCC)=O)CC(C(OCC)=O)=C(C)N1,valid,CS(C)=O,CS(C)=O,valid,nonp-debc6306a9e9795a1790391c
liao_dhp:000791,liao_dhp,790,259,0.5019114,CC(C(=O)O)c1ccc(CC2CCCC2=O)cc1,c1ccc([Se][Se]c2ccccc2)cc1,CC([Se]c1ccccc1)c1ccc(CC2CCCC2=O)cc1,CC(C1=CC=C(CC2C(CCC2)=O)C=C1)C(O)=O,C1([Se][Se]C2=CC=CC=C2)=CC=CC=C1,CC(C1=CC=C(CC2C(CCC2)=O)C=C1)[Se]C3=CC=CC=C3,CCCCN1C=CCC(C(N)=O)=C1,NC(C1=CN(CCCC)C=CC1)=O,valid,CN(C)C=O,[H]C(N(C)C)=O,valid,nonp-c3930a9735aa6b840d087a3c
liao_dhp:000792,liao_dhp,791,260,0.5175962,CC(C)(C)OC(=O)N[C@H](CC(=O)O)C(=O)OCc1ccccc1,c1ccc([Se][Se]c2ccccc2)cc1,CC(C)(C)OC(=O)N[C@H](C[Se]c1ccccc1)C(=O)OCc1ccccc1,O=C(OCC1=CC=CC=C1)[C@H](NC(OC(C)(C)C)=O)CC(O)=O,C1([Se][Se]C2=CC=CC=C2)=CC=CC=C1,O=C(OCC1=CC=CC=C1)[C@H](NC(OC(C)(C)C)=O)C[Se]C2=CC=CC=C2,O=C(O)C1=CN(Cc2ccccc2)C=CC1,OC(C1=CN(CC2=CC=CC=C2)C=CC1)=O,valid,CC#N,CC#N,valid,nonp-dc8fd1618c9c8a6ebffa070f
liao_dhp:000793,liao_dhp,792,261,0.5189942,Cc1ccccc1CC(=O)O,c1ccc([Se][Se]c2ccccc2)cc1,Cc1ccccc1C[Se]c1ccccc1,CC1=C(CC(O)=O)C=CC=C1,C1([Se][Se]C2=CC=CC=C2)=CC=CC=C1,CC1=C(C[Se]C2=CC=CC=C2)C=CC=C1,CCCCN1C=CCC(C(N)=O)=C1,NC(C1=CN(CCCC)C=CC1)=O,valid,CC#N,CC#N,valid,nonp-a6c256009a4a096159b626c2
liao_dhp:000794,liao_dhp,793,262,0.52097515,O=C(O)Cc1ccc2c(c1)C(=O)c1ccccc1CO2,c1ccc([Se][Se]c2ccccc2)cc1,O=C1c2ccccc2COc2ccc(C[Se]c3ccccc3)cc21,O=C1C2=CC(CC(O)=O)=CC=C2OCC3=CC=CC=C13,C1([Se][Se]C2=CC=CC=C2)=CC=CC=C1,O=C1C2=CC(C[Se]C3=CC=CC=C3)=CC=C2OCC4=CC=CC=C14,O=C(O)C1=CN(Cc2ccccc2)C=CC1,OC(C1=CN(CC2=CC=CC=C2)C=CC1)=O,valid,CC#N,CC#N,valid,nonp-ab72d857d923bb0be436e814
liao_dhp:000795,liao_dhp,794,263,0.52381405,O=C(O)Cc1ccc2c(c1)C(=O)c1ccccc1CO2,c1ccc([Se][Se]c2ccccc2)cc1,O=C1c2ccccc2COc2ccc(C[Se]c3ccccc3)cc21,O=C1C2=CC(CC(O)=O)=CC=C2OCC3=CC=CC=C13,C1([Se][Se]C2=CC=CC=C2)=CC=CC=C1,O=C1C2=CC(C[Se]C3=CC=CC=C3)=CC=C2OCC4=CC=CC=C14,CCOC(=O)C1=C(C)NC(C)=C(C(=O)OCC)C1,CC1=C(C(OCC)=O)CC(C(OCC)=O)=C(C)N1,valid,CC#N,CC#N,valid,nonp-cc61ae2ba019794476c2c281
liao_dhp:000796,liao_dhp,795,264,0.5284894,O=C(O)C1CCC1,c1ccc([Se][Se]c2ccccc2)cc1,c1ccc([Se]C2CCC2)cc1,O=C(C1CCC1)O,C1([Se][Se]C2=CC=CC=C2)=CC=CC=C1,C1([Se]C2=CC=CC=C2)CCC1,CCCCN1C=CCC(C(N)=O)=C1,NC(C1=CN(CCCC)C=CC1)=O,valid,CC#N,CC#N,valid,nonp-5617d37e1743f30de8448e6a
liao_dhp:000797,liao_dhp,796,265,0.53,Cc1ccc(CC(=O)O)cc1,c1ccc([Se][Se]c2ccccc2)cc1,Cc1ccc(C[Se]c2ccccc2)cc1,CC1=CC=C(CC(O)=O)C=C1,C1([Se][Se]C2=CC=CC=C2)=CC=CC=C1,CC1=CC=C(C[Se]C2=CC=CC=C2)C=C1,CC(=O)C1=CN(Cc2ccccc2)C=CC1,CC(C1=CN(CC2=CC=CC=C2)C=CC1)=O,valid,CN(C)C=O,[H]C(N(C)C)=O,valid,nonp-eaeb486454dd7a765c3283ae
liao_dhp:000798,liao_dhp,797,266,0.535,CC(C(=O)O)c1ccc(CC2CCCC2=O)cc1,c1ccc([Se][Se]c2ccccc2)cc1,CC([Se]c1ccccc1)c1ccc(CC2CCCC2=O)cc1,CC(C1=CC=C(CC2C(CCC2)=O)C=C1)C(O)=O,C1([Se][Se]C2=CC=CC=C2)=CC=CC=C1,CC(C1=CC=C(CC2C(CCC2)=O)C=C1)[Se]C3=CC=CC=C3,N#CC1=CN(Cc2ccccc2)C=CC1,N#CC1=CN(CC2=CC=CC=C2)C=CC1,valid,CN(C)C=O,[H]C(N(C)C)=O,valid,nonp-0d7fe8320fc16f9ac5f0bbb6
liao_dhp:000799,liao_dhp,798,267,0.5369728,O=C(O)C1(c2ccccc2)CC1,c1ccc([Se][Se]c2ccccc2)cc1,c1ccc([Se]C2(c3ccccc3)CC2)cc1,O=C(C1(C2=CC=CC=C2)CC1)O,C1([Se][Se]C2=CC=CC=C2)=CC=CC=C1,C1(C2([Se]C3=CC=CC=C3)CC2)=CC=CC=C1,O=C(O)C1=CN(Cc2ccccc2)C=CC1,OC(C1=CN(CC2=CC=CC=C2)C=CC1)=O,valid,CS(C)=O,CS(C)=O,valid,nonp-f89eff3b1ff1cc9bf193e99c
liao_dhp:000800,liao_dhp,799,268,0.53891675,COc1ccc2cc(C(C)C(=O)O)ccc2c1,c1ccc([Se][Se]c2ccccc2)cc1,COc1ccc2cc(C(C)[Se]c3ccccc3)ccc2c1,CC(C1=CC=C2C=C(OC)C=CC2=C1)C(O)=O,C1([Se][Se]C2=CC=CC=C2)=CC=CC=C1,CC(C1=CC=C2C=C(OC)C=CC2=C1)[Se]C3=CC=CC=C3,O=C(O)C1=CN(Cc2ccccc2)C=CC1,OC(C1=CN(CC2=CC=CC=C2)C=CC1)=O,valid,CS(C)=O,CS(C)=O,valid,nonp-244a3091a5bbeba502a13833
liao_dhp:000801,liao_dhp,800,269,0.53891675,COc1ccc2cc(C(C)C(=O)O)ccc2c1,c1ccc([Se][Se]c2ccccc2)cc1,COc1ccc2cc(C(C)[Se]c3ccccc3)ccc2c1,CC(C1=CC=C2C=C(OC)C=CC2=C1)C(O)=O,C1([Se][Se]C2=CC=CC=C2)=CC=CC=C1,CC(C1=CC=C2C=C(OC)C=CC2=C1)[Se]C3=CC=CC=C3,O=C(O)C1=CN(Cc2ccccc2)C=CC1,OC(C1=CN(CC2=CC=CC=C2)C=CC1)=O,valid,CN(C)C=O,[H]C(N(C)C)=O,valid,nonp-5c8b9c110cb0ed2ba3a6251c
liao_dhp:000802,liao_dhp,801,270,0.542272739,O=C(O)CCCc1c[nH]c2ccccc12,c1ccc([Se][Se]c2ccccc2)cc1,c1ccc([Se]CCCc2c[nH]c3ccccc23)cc1,O=C(CCCC1=CNC2=C1C=CC=C2)O,C1([Se][Se]C2=CC=CC=C2)=CC=CC=C1,C1(CCC[Se]C2=CC=CC=C2)=CNC3=C1C=CC=C3,O=C(O)C1=CN(Cc2ccccc2)C=CC1,OC(C1=CN(CC2=CC=CC=C2)C=CC1)=O,valid,CC#N,CC#N,valid,nonp-c65e486aa43ac163ba2f0c7e
liao_dhp:000803,liao_dhp,802,271,0.5493236,CC(C(=O)O)c1ccc(CC2CCCC2=O)cc1,c1ccc([Se][Se]c2ccccc2)cc1,CC([Se]c1ccccc1)c1ccc(CC2CCCC2=O)cc1,CC(C1=CC=C(CC2C(CCC2)=O)C=C1)C(O)=O,C1([Se][Se]C2=CC=CC=C2)=CC=CC=C1,CC(C1=CC=C(CC2C(CCC2)=O)C=C1)[Se]C3=CC=CC=C3,O=C(O)C1=CN(Cc2ccccc2)C=CC1,OC(C1=CN(CC2=CC=CC=C2)C=CC1)=O,valid,CS(C)=O,CS(C)=O,valid,nonp-3e1fcf97f7a22a4eeb053e88
liao_dhp:000804,liao_dhp,803,272,0.5630855,O=C(O)Cc1ccc2c(c1)C(=O)c1ccccc1CO2,c1ccc([Se][Se]c2ccccc2)cc1,O=C1c2ccccc2COc2ccc(C[Se]c3ccccc3)cc21,O=C1C2=CC(CC(O)=O)=CC=C2OCC3=CC=CC=C13,C1([Se][Se]C2=CC=CC=C2)=CC=CC=C1,O=C1C2=CC(C[Se]C3=CC=CC=C3)=CC=C2OCC4=CC=CC=C14,CCCCN1C=CCC(C(N)=O)=C1,NC(C1=CN(CCCC)C=CC1)=O,valid,CC#N,CC#N,valid,nonp-e3af705cd5c3b68e3a80f005
liao_dhp:000805,liao_dhp,804,273,0.56582425,Cc1ccc(CC(=O)O)cc1,c1ccc([Se][Se]c2ccccc2)cc1,Cc1ccc(C[Se]c2ccccc2)cc1,CC1=CC=C(CC(O)=O)C=C1,C1([Se][Se]C2=CC=CC=C2)=CC=CC=C1,CC1=CC=C(C[Se]C2=CC=CC=C2)C=C1,CCCCN1C=CCC(C(N)=O)=C1,NC(C1=CN(CCCC)C=CC1)=O,valid,CN(C)C=O,[H]C(N(C)C)=O,valid,nonp-30411cda70fd59e75bce7446
liao_dhp:000806,liao_dhp,805,274,0.5667304,COc1ccc2c(c1)c(CC(=O)O)c(C)n2C(=O)c1ccc(Cl)cc1,c1ccc([Se][Se]c2ccccc2)cc1,COc1ccc2c(c1)c(C[Se]c1ccccc1)c(C)n2C(=O)c1ccc(Cl)cc1,CC(N1C(C2=CC=C(Cl)C=C2)=O)=C(CC(O)=O)C3=C1C=CC(OC)=C3,C1([Se][Se]C2=CC=CC=C2)=CC=CC=C1,CC(N1C(C2=CC=C(Cl)C=C2)=O)=C(C[Se]C3=CC=CC=C3)C4=C1C=CC(OC)=C4,O=C(O)C1=CN(Cc2ccccc2)C=CC1,OC(C1=CN(CC2=CC=CC=C2)C=CC1)=O,valid,CN(C)C=O,[H]C(N(C)C)=O,valid,nonp-ecc24c2f69d9bc729a97e797
liao_dhp:000807,liao_dhp,806,275,0.5695993,COc1ccc2c(c1)c(CC(=O)O)c(C)n2C(=O)c1ccc(Cl)cc1,c1ccc([Se][Se]c2ccccc2)cc1,COc1ccc2c(c1)c(C[Se]c1ccccc1)c(C)n2C(=O)c1ccc(Cl)cc1,CC(N1C(C2=CC=C(Cl)C=C2)=O)=C(CC(O)=O)C3=C1C=CC(OC)=C3,C1([Se][Se]C2=CC=CC=C2)=CC=CC=C1,CC(N1C(C2=CC=C(Cl)C=C2)=O)=C(C[Se]C3=CC=CC=C3)C4=C1C=CC(OC)=C4,CCCCN1C=CCC(C(N)=O)=C1,NC(C1=CN(CCCC)C=CC1)=O,valid,CC#N,CC#N,valid,nonp-9a3165617be84dadfcf87014
liao_dhp:000808,liao_dhp,807,276,0.5738452,Cc1ccccc1CC(=O)O,CC[Se][Se]CC,CC[Se]Cc1ccccc1C,CC1=C(CC(O)=O)C=CC=C1,CC[Se][Se]CC,CC1=C(C[Se]CC)C=CC=C1,CCCCN1C=CCC(C(N)=O)=C1,NC(C1=CN(CCCC)C=CC1)=O,valid,CS(C)=O,CS(C)=O,valid,nonp-c6c7f4c9032aba379cad565d
liao_dhp:000809,liao_dhp,808,277,0.5811194,O=C(O)C1CCC1,c1ccc([Se][Se]c2ccccc2)cc1,c1ccc([Se]C2CCC2)cc1,O=C(C1CCC1)O,C1([Se][Se]C2=CC=CC=C2)=CC=CC=C1,C1([Se]C2=CC=CC=C2)CCC1,O=C(O)C1=CN(Cc2ccccc2)C=CC1,OC(C1=CN(CC2=CC=CC=C2)C=CC1)=O,valid,CN(C)C=O,[H]C(N(C)C)=O,valid,nonp-f9b95bcb0fd57a2dea4796b2
liao_dhp:000810,liao_dhp,809,278,0.5811194,O=C(O)C1CCC1,c1ccc([Se][Se]c2ccccc2)cc1,c1ccc([Se]C2CCC2)cc1,O=C(C1CCC1)O,C1([Se][Se]C2=CC=CC=C2)=CC=CC=C1,C1([Se]C2=CC=CC=C2)CCC1,O=C(O)C1=CN(Cc2ccccc2)C=CC1,OC(C1=CN(CC2=CC=CC=C2)C=CC1)=O,valid,CS(C)=O,CS(C)=O,valid,nonp-3ed2e8830357c4e87c432c50
liao_dhp:000811,liao_dhp,810,279,0.585,Cc1ccc(CC(=O)O)cc1,c1ccc([Se][Se]c2ccccc2)cc1,Cc1ccc(C[Se]c2ccccc2)cc1,CC1=CC=C(CC(O)=O)C=C1,C1([Se][Se]C2=CC=CC=C2)=CC=CC=C1,CC1=CC=C(C[Se]C2=CC=CC=C2)C=C1,N#CC1=CN(Cc2ccccc2)C=CC1,N#CC1=CN(CC2=CC=CC=C2)C=CC1,valid,CS(C)=O,CS(C)=O,valid,nonp-cf357be0941daab65a085bd0
liao_dhp:000812,liao_dhp,811,280,0.5853981,CC(C(=O)O)c1ccc(CC2CCCC2=O)cc1,c1ccc([Se][Se]c2ccccc2)cc1,CC([Se]c1ccccc1)c1ccc(CC2CCCC2=O)cc1,CC(C1=CC=C(CC2C(CCC2)=O)C=C1)C(O)=O,C1([Se][Se]C2=CC=CC=C2)=CC=CC=C1,CC(C1=CC=C(CC2C(CCC2)=O)C=C1)[Se]C3=CC=CC=C3,CCCCN1C=CCC(C(N)=O)=C1,NC(C1=CN(CCCC)C=CC1)=O,valid,CC#N,CC#N,valid,nonp-f76fba5274178c3d58cd8180
liao_dhp:000813,liao_dhp,812,281,0.6,O=C(O)C1CCC1,c1ccc([Se][Se]c2ccccc2)cc1,c1ccc([Se]C2CCC2)cc1,O=C(C1CCC1)O,C1([Se][Se]C2=CC=CC=C2)=CC=CC=C1,C1([Se]C2=CC=CC=C2)CCC1,CCCCN1C=CCC(C(N)=O)=C1,NC(C1=CN(CCCC)C=CC1)=O,valid,CS(C)=O,CS(C)=O,valid,nonp-a580bffc235c74f4743d8a9e
liao_dhp:000814,liao_dhp,813,282,0.60212915,COc1ccc2cc(C(C)C(=O)O)ccc2c1,c1ccc([Se][Se]c2ccccc2)cc1,COc1ccc2cc(C(C)[Se]c3ccccc3)ccc2c1,CC(C1=CC=C2C=C(OC)C=CC2=C1)C(O)=O,C1([Se][Se]C2=CC=CC=C2)=CC=CC=C1,CC(C1=CC=C2C=C(OC)C=CC2=C1)[Se]C3=CC=CC=C3,CCCCN1C=CCC(C(N)=O)=C1,NC(C1=CN(CCCC)C=CC1)=O,valid,CS(C)=O,CS(C)=O,valid,nonp-35115c3c97627ab85e872b1f
liao_dhp:000815,liao_dhp,814,283,0.60212915,COc1ccc2cc(C(C)C(=O)O)ccc2c1,c1ccc([Se][Se]c2ccccc2)cc1,COc1ccc2cc(C(C)[Se]c3ccccc3)ccc2c1,CC(C1=CC=C2C=C(OC)C=CC2=C1)C(O)=O,C1([Se][Se]C2=CC=CC=C2)=CC=CC=C1,CC(C1=CC=C2C=C(OC)C=CC2=C1)[Se]C3=CC=CC=C3,CCCCN1C=CCC(C(N)=O)=C1,NC(C1=CN(CCCC)C=CC1)=O,valid,CN(C)C=O,[H]C(N(C)C)=O,valid,nonp-ab96111f7df49b3495bb2b24
liao_dhp:000816,liao_dhp,815,284,0.60443775,Cc1ccc(S(=O)(=O)N2CCC(C(=O)O)CC2)cc1,c1ccc([Se][Se]c2ccccc2)cc1,Cc1ccc(S(=O)(=O)N2CCC([Se]c3ccccc3)CC2)cc1,CC1=CC=C(S(N2CCC(C(O)=O)CC2)(=O)=O)C=C1,C1([Se][Se]C2=CC=CC=C2)=CC=CC=C1,CC1=CC=C(S(N2CCC([Se]C3=CC=CC=C3)CC2)(=O)=O)C=C1,CCCCN1C=CCC(C(N)=O)=C1,NC(C1=CN(CCCC)C=CC1)=O,valid,CN(C)C=O,[H]C(N(C)C)=O,valid,nonp-a1812bbc48f151ad62828b91
liao_dhp:000817,liao_dhp,816,285,0.608801506,O=C(O)C1CCOCC1,c1ccc([Se][Se]c2ccccc2)cc1,c1ccc([Se]C2CCOCC2)cc1,O=C(C1CCOCC1)O,C1([Se][Se]C2=CC=CC=C2)=CC=CC=C1,C1([Se]C2=CC=CC=C2)CCOCC1,CCOC(=O)C1=C(C)NC(C)=C(C(=O)OCC)C1,CC1=C(C(OCC)=O)CC(C(OCC)=O)=C(C)N1,valid,CN(C)C=O,[H]C(N(C)C)=O,valid,nonp-77cf20b67cff1f1028eb9026
liao_dhp:000818,liao_dhp,817,286,0.62810355,COc1ccc(CC(=O)O)cc1,c1ccc([Se][Se]c2ccccc2)cc1,COc1ccc(C[Se]c2ccccc2)cc1,COC1=CC=C(CC(O)=O)C=C1,C1([Se][Se]C2=CC=CC=C2)=CC=CC=C1,COC1=CC=C(C[Se]C2=CC=CC=C2)C=C1,O=C(O)C1=CN(Cc2ccccc2)C=CC1,OC(C1=CN(CC2=CC=CC=C2)C=CC1)=O,valid,CN(C)C=O,[H]C(N(C)C)=O,valid,nonp-5645252f665e1c550487d30e
liao_dhp:000819,liao_dhp,818,287,0.63,O=C(O)Cc1ccc2c(c1)C(=O)c1ccccc1CO2,c1ccc([Se][Se]c2ccccc2)cc1,O=C1c2ccccc2COc2ccc(C[Se]c3ccccc3)cc21,O=C1C2=CC(CC(O)=O)=CC=C2OCC3=CC=CC=C13,C1([Se][Se]C2=CC=CC=C2)=CC=CC=C1,O=C1C2=CC(C[Se]C3=CC=CC=C3)=CC=C2OCC4=CC=CC=C14,CC(=O)C1=CN(Cc2ccccc2)C=CC1,CC(C1=CN(CC2=CC=CC=C2)C=CC1)=O,valid,CN(C)C=O,[H]C(N(C)C)=O,valid,nonp-7d938881e86e190a914e2739
liao_dhp:000820,liao_dhp,819,288,0.630164967,COc1ccc2c(c1)c(CC(=O)O)c(C)n2C(=O)c1ccc(Cl)cc1,c1ccc([Se][Se]c2ccccc2)cc1,COc1ccc2c(c1)c(C[Se]c1ccccc1)c(C)n2C(=O)c1ccc(Cl)cc1,CC(N1C(C2=CC=C(Cl)C=C2)=O)=C(CC(O)=O)C3=C1C=CC(OC)=C3,C1([Se][Se]C2=CC=CC=C2)=CC=CC=C1,CC(N1C(C2=CC=C(Cl)C=C2)=O)=C(C[Se]C3=CC=CC=C3)C4=C1C=CC(OC)=C4,CCOC(=O)C1=C(C)NC(C)=C(C(=O)OCC)C1,CC1=C(C(OCC)=O)CC(C(OCC)=O)=C(C)N1,valid,CS(C)=O,CS(C)=O,valid,nonp-b67b17a57524dd393f019636
liao_dhp:000821,liao_dhp,820,289,0.6414754,O=C(O)Cc1c[nH]c2ccccc12,CC[Se][Se]CC,CC[Se]Cc1c[nH]c2ccccc12,O=C(CC1=CNC2=C1C=CC=C2)O,CC[Se][Se]CC,CC[Se]CC1=CNC2=C1C=CC=C2,O=C(O)C1=CN(Cc2ccccc2)C=CC1,OC(C1=CN(CC2=CC=CC=C2)C=CC1)=O,valid,CS(C)=O,CS(C)=O,valid,nonp-db6b3e41c5f2c45fb10c0ac3
liao_dhp:000822,liao_dhp,821,290,0.6418034,O=C(O)C1(c2ccccc2)CC1,c1ccc([Se][Se]c2ccccc2)cc1,c1ccc([Se]C2(c3ccccc3)CC2)cc1,O=C(C1(C2=CC=CC=C2)CC1)O,C1([Se][Se]C2=CC=CC=C2)=CC=CC=C1,C1(C2([Se]C3=CC=CC=C3)CC2)=CC=CC=C1,CCCCN1C=CCC(C(N)=O)=C1,NC(C1=CN(CCCC)C=CC1)=O,valid,CS(C)=O,CS(C)=O,valid,nonp-c8c650c53a046d018df6acd6
liao_dhp:000823,liao_dhp,822,291,0.6448282,Cc1ccccc1CC(=O)O,c1ccc([Se][Se]c2ccccc2)cc1,Cc1ccccc1C[Se]c1ccccc1,CC1=C(CC(O)=O)C=CC=C1,C1([Se][Se]C2=CC=CC=C2)=CC=CC=C1,CC1=C(C[Se]C2=CC=CC=C2)C=CC=C1,O=C(O)C1=CN(Cc2ccccc2)C=CC1,OC(C1=CN(CC2=CC=CC=C2)C=CC1)=O,valid,CN(C)C=O,[H]C(N(C)C)=O,valid,nonp-b9d22805b7fcd28328384f52
liao_dhp:000824,liao_dhp,823,292,0.645,O=C(O)C1CCN(C(=O)OCc2ccccc2)CC1,c1ccc([Se][Se]c2ccccc2)cc1,O=C(OCc1ccccc1)N1CCC([Se]c2ccccc2)CC1,O=C(N1CCC(C(O)=O)CC1)OCC2=CC=CC=C2,C1([Se][Se]C2=CC=CC=C2)=CC=CC=C1,O=C(N1CCC([Se]C2=CC=CC=C2)CC1)OCC3=CC=CC=C3,N#CC1=CN(Cc2ccccc2)C=CC1,N#CC1=CN(CC2=CC=CC=C2)C=CC1,valid,CN(C)C=O,[H]C(N(C)C)=O,valid,nonp-ff26ff72d8379e5f5d58a999
liao_dhp:000825,liao_dhp,824,293,0.6461033,COc1ccc2c(c1)c(CC(=O)O)c(C)n2C(=O)c1ccc(Cl)cc1,c1ccc([Se][Se]c2ccccc2)cc1,COc1ccc2c(c1)c(C[Se]c1ccccc1)c(C)n2C(=O)c1ccc(Cl)cc1,CC(N1C(C2=CC=C(Cl)C=C2)=O)=C(CC(O)=O)C3=C1C=CC(OC)=C3,C1([Se][Se]C2=CC=CC=C2)=CC=CC=C1,CC(N1C(C2=CC=C(Cl)C=C2)=O)=C(C[Se]C3=CC=CC=C3)C4=C1C=CC(OC)=C4,CCCCN1C=CCC(C(N)=O)=C1,NC(C1=CN(CCCC)C=CC1)=O,valid,CN(C)C=O,[H]C(N(C)C)=O,valid,nonp-9dc288e8d9063002cc27471b
liao_dhp:000826,liao_dhp,825,294,0.6618504,COc1ccc(CC(=O)O)cc1,c1ccc([Se][Se]c2ccccc2)cc1,COc1ccc(C[Se]c2ccccc2)cc1,COC1=CC=C(CC(O)=O)C=C1,C1([Se][Se]C2=CC=CC=C2)=CC=CC=C1,COC1=CC=C(C[Se]C2=CC=CC=C2)C=C1,CCCCN1C=CCC(C(N)=O)=C1,NC(C1=CN(CCCC)C=CC1)=O,valid,CN(C)C=O,[H]C(N(C)C)=O,valid,nonp-5ba79c543be16c0e49573f9b
liao_dhp:000827,liao_dhp,826,295,0.6637114,O=C(O)C1CCC1,c1ccc([Se][Se]c2ccccc2)cc1,c1ccc([Se]C2CCC2)cc1,O=C(C1CCC1)O,C1([Se][Se]C2=CC=CC=C2)=CC=CC=C1,C1([Se]C2=CC=CC=C2)CCC1,CCOC(=O)C1=C(C)NC(C)=C(C(=O)OCC)C1,CC1=C(C(OCC)=O)CC(C(OCC)=O)=C(C)N1,valid,CS(C)=O,CS(C)=O,valid,nonp-154782b3be93c9259e6b3c59
liao_dhp:000828,liao_dhp,827,296,0.6637114,O=C(O)C1CCC1,c1ccc([Se][Se]c2ccccc2)cc1,c1ccc([Se]C2CCC2)cc1,O=C(C1CCC1)O,C1([Se][Se]C2=CC=CC=C2)=CC=CC=C1,C1([Se]C2=CC=CC=C2)CCC1,CCOC(=O)C1=C(C)NC(C)=C(C(=O)OCC)C1,CC1=C(C(OCC)=O)CC(C(OCC)=O)=C(C)N1,valid,CN(C)C=O,[H]C(N(C)C)=O,valid,nonp-f7b9f76a85f364853b753486
liao_dhp:000829,liao_dhp,828,297,0.6671428,O=C(O)CCCc1c[nH]c2ccccc12,CC[Se][Se]CC,CC[Se]CCCc1c[nH]c2ccccc12,O=C(CCCC1=CNC2=C1C=CC=C2)O,CC[Se][Se]CC,CC[Se]CCCC1=CNC2=C1C=CC=C2,CCCCN1C=CCC(C(N)=O)=C1,NC(C1=CN(CCCC)C=CC1)=O,valid,CS(C)=O,CS(C)=O,valid,nonp-f9a90595517dc21efcfb0dbf
liao_dhp:000830,liao_dhp,829,298,0.6715038,CC(C(=O)O)c1ccc(CC2CCCC2=O)cc1,c1ccc([Se][Se]c2ccccc2)cc1,CC([Se]c1ccccc1)c1ccc(CC2CCCC2=O)cc1,CC(C1=CC=C(CC2C(CCC2)=O)C=C1)C(O)=O,C1([Se][Se]C2=CC=CC=C2)=CC=CC=C1,CC(C1=CC=C(CC2C(CCC2)=O)C=C1)[Se]C3=CC=CC=C3,CCCCN1C=CCC(C(N)=O)=C1,NC(C1=CN(CCCC)C=CC1)=O,valid,CS(C)=O,CS(C)=O,valid,nonp-75269117b752afc10b9d3356
liao_dhp:000831,liao_dhp,830,299,0.690856,Cc1ccccc1CC(=O)O,c1ccc([Se][Se]c2ccccc2)cc1,Cc1ccccc1C[Se]c1ccccc1,CC1=C(CC(O)=O)C=CC=C1,C1([Se][Se]C2=CC=CC=C2)=CC=CC=C1,CC1=C(C[Se]C2=CC=CC=C2)C=CC=C1,CCCCN1C=CCC(C(N)=O)=C1,NC(C1=CN(CCCC)C=CC1)=O,valid,CN(C)C=O,[H]C(N(C)C)=O,valid,nonp-948d96db452ea7668a0f9613
liao_dhp:000832,liao_dhp,831,300,0.698120758,O=C(O)CCCc1c[nH]c2ccccc12,c1ccc([Se][Se]c2ccccc2)cc1,c1ccc([Se]CCCc2c[nH]c3ccccc23)cc1,O=C(CCCC1=CNC2=C1C=CC=C2)O,C1([Se][Se]C2=CC=CC=C2)=CC=CC=C1,C1(CCC[Se]C2=CC=CC=C2)=CNC3=C1C=CC=C3,O=C(O)C1=CN(Cc2ccccc2)C=CC1,OC(C1=CN(CC2=CC=CC=C2)C=CC1)=O,valid,CS(C)=O,CS(C)=O,valid,nonp-fe9d6d7457ac86e9014b62c9
liao_dhp:000833,liao_dhp,832,301,0.69979575,Cc1ccc(S(=O)(=O)N2CCC(C(=O)O)CC2)cc1,c1ccc([Se][Se]c2ccccc2)cc1,Cc1ccc(S(=O)(=O)N2CCC([Se]c3ccccc3)CC2)cc1,CC1=CC=C(S(N2CCC(C(O)=O)CC2)(=O)=O)C=C1,C1([Se][Se]C2=CC=CC=C2)=CC=CC=C1,CC1=CC=C(S(N2CCC([Se]C3=CC=CC=C3)CC2)(=O)=O)C=C1,O=C(O)C1=CN(Cc2ccccc2)C=CC1,OC(C1=CN(CC2=CC=CC=C2)C=CC1)=O,valid,CC#N,CC#N,valid,nonp-31c575d2c0193a7c6f757d8b
liao_dhp:000834,liao_dhp,833,302,0.700742737,O=C(O)CCCc1c[nH]c2ccccc12,c1ccc([Se][Se]c2ccccc2)cc1,c1ccc([Se]CCCc2c[nH]c3ccccc23)cc1,O=C(CCCC1=CNC2=C1C=CC=C2)O,C1([Se][Se]C2=CC=CC=C2)=CC=CC=C1,C1(CCC[Se]C2=CC=CC=C2)=CNC3=C1C=CC=C3,CCOC(=O)C1=C(C)NC(C)=C(C(=O)OCC)C1,CC1=C(C(OCC)=O)CC(C(OCC)=O)=C(C)N1,valid,CS(C)=O,CS(C)=O,valid,nonp-d741d417a65fe19482696cdd
liao_dhp:000835,liao_dhp,834,303,0.7018366,O=C(O)Cc1c[nH]c2ccccc12,CC[Se][Se]CC,CC[Se]Cc1c[nH]c2ccccc12,O=C(CC1=CNC2=C1C=CC=C2)O,CC[Se][Se]CC,CC[Se]CC1=CNC2=C1C=CC=C2,CCCCN1C=CCC(C(N)=O)=C1,NC(C1=CN(CCCC)C=CC1)=O,valid,CS(C)=O,CS(C)=O,valid,nonp-7e6dba82ea70339b124b4cae
liao_dhp:000836,liao_dhp,835,304,0.71,CC(C(=O)O)c1ccc(CC2CCCC2=O)cc1,c1ccc([Se][Se]c2ccccc2)cc1,CC([Se]c1ccccc1)c1ccc(CC2CCCC2=O)cc1,CC(C1=CC=C(CC2C(CCC2)=O)C=C1)C(O)=O,C1([Se][Se]C2=CC=CC=C2)=CC=CC=C1,CC(C1=CC=C(CC2C(CCC2)=O)C=C1)[Se]C3=CC=CC=C3,CC(=O)C1=CN(Cc2ccccc2)C=CC1,CC(C1=CN(CC2=CC=CC=C2)C=CC1)=O,valid,CC#N,CC#N,valid,nonp-22673f965039a53cdb7053e8
liao_dhp:000837,liao_dhp,836,305,0.72,O=C(O)Cc1ccc2c(c1)C(=O)c1ccccc1CO2,c1ccc([Se][Se]c2ccccc2)cc1,O=C1c2ccccc2COc2ccc(C[Se]c3ccccc3)cc21,O=C1C2=CC(CC(O)=O)=CC=C2OCC3=CC=CC=C13,C1([Se][Se]C2=CC=CC=C2)=CC=CC=C1,O=C1C2=CC(C[Se]C3=CC=CC=C3)=CC=C2OCC4=CC=CC=C14,CC(=O)C1=CN(Cc2ccccc2)C=CC1,CC(C1=CN(CC2=CC=CC=C2)C=CC1)=O,valid,CC#N,CC#N,valid,nonp-3454e06517b485cef2b32123
liao_dhp:000838,liao_dhp,837,306,0.721013467,COc1ccc2c(c1)c(CC(=O)O)c(C)n2C(=O)c1ccc(Cl)cc1,c1ccc([Se][Se]c2ccccc2)cc1,COc1ccc2c(c1)c(C[Se]c1ccccc1)c(C)n2C(=O)c1ccc(Cl)cc1,CC(N1C(C2=CC=C(Cl)C=C2)=O)=C(CC(O)=O)C3=C1C=CC(OC)=C3,C1([Se][Se]C2=CC=CC=C2)=CC=CC=C1,CC(N1C(C2=CC=C(Cl)C=C2)=O)=C(C[Se]C3=CC=CC=C3)C4=C1C=CC(OC)=C4,O=C(O)C1=CN(Cc2ccccc2)C=CC1,OC(C1=CN(CC2=CC=CC=C2)C=CC1)=O,valid,CS(C)=O,CS(C)=O,valid,nonp-e39c4f01c3de1724da2c4d46
liao_dhp:000839,liao_dhp,838,307,0.740957732,O=C(O)C1CCN(C(=O)OCc2ccccc2)CC1,c1ccc([Se][Se]c2ccccc2)cc1,O=C(OCc1ccccc1)N1CCC([Se]c2ccccc2)CC1,O=C(N1CCC(C(O)=O)CC1)OCC2=CC=CC=C2,C1([Se][Se]C2=CC=CC=C2)=CC=CC=C1,O=C(N1CCC([Se]C2=CC=CC=C2)CC1)OCC3=CC=CC=C3,CCOC(=O)C1=C(C)NC(C)=C(C(=O)OCC)C1,CC1=C(C(OCC)=O)CC(C(OCC)=O)=C(C)N1,valid,CN(C)C=O,[H]C(N(C)C)=O,valid,nonp-a430f046a684693b13652787
liao_dhp:000840,liao_dhp,839,308,0.7428825,O=C(O)Cc1ccc2c(c1)C(=O)c1ccccc1CO2,c1ccc([Se][Se]c2ccccc2)cc1,O=C1c2ccccc2COc2ccc(C[Se]c3ccccc3)cc21,O=C1C2=CC(CC(O)=O)=CC=C2OCC3=CC=CC=C13,C1([Se][Se]C2=CC=CC=C2)=CC=CC=C1,O=C1C2=CC(C[Se]C3=CC=CC=C3)=CC=C2OCC4=CC=CC=C14,O=C(O)C1=CN(Cc2ccccc2)C=CC1,OC(C1=CN(CC2=CC=CC=C2)C=CC1)=O,valid,CN(C)C=O,[H]C(N(C)C)=O,valid,nonp-7dddcfbaece6bf29cde94fe5
liao_dhp:000841,liao_dhp,840,309,0.743712371,O=C(O)C1CCN(C(=O)OCc2ccccc2)CC1,c1ccc([Se][Se]c2ccccc2)cc1,O=C(OCc1ccccc1)N1CCC([Se]c2ccccc2)CC1,O=C(N1CCC(C(O)=O)CC1)OCC2=CC=CC=C2,C1([Se][Se]C2=CC=CC=C2)=CC=CC=C1,O=C(N1CCC([Se]C2=CC=CC=C2)CC1)OCC3=CC=CC=C3,O=C(O)C1=CN(Cc2ccccc2)C=CC1,OC(C1=CN(CC2=CC=CC=C2)C=CC1)=O,valid,CN(C)C=O,[H]C(N(C)C)=O,valid,nonp-8bd16924857c795ccf6eece3
liao_dhp:000842,liao_dhp,841,310,0.755,COc1ccc2cc(C(C)C(=O)O)ccc2c1,c1ccc([Se][Se]c2ccccc2)cc1,COc1ccc2cc(C(C)[Se]c3ccccc3)ccc2c1,CC(C1=CC=C2C=C(OC)C=CC2=C1)C(O)=O,C1([Se][Se]C2=CC=CC=C2)=CC=CC=C1,CC(C1=CC=C2C=C(OC)C=CC2=C1)[Se]C3=CC=CC=C3,CC(=O)C1=CN(Cc2ccccc2)C=CC1,CC(C1=CN(CC2=CC=CC=C2)C=CC1)=O,valid,CS(C)=O,CS(C)=O,valid,nonp-fc2fb9b34f9b290297d90b38
liao_dhp:000843,liao_dhp,842,311,0.758054429,O=C(O)C1CCOCC1,c1ccc([Se][Se]c2ccccc2)cc1,c1ccc([Se]C2CCOCC2)cc1,O=C(C1CCOCC1)O,C1([Se][Se]C2=CC=CC=C2)=CC=CC=C1,C1([Se]C2=CC=CC=C2)CCOCC1,O=C(O)C1=CN(Cc2ccccc2)C=CC1,OC(C1=CN(CC2=CC=CC=C2)C=CC1)=O,valid,CN(C)C=O,[H]C(N(C)C)=O,valid,nonp-9cd31e837923743834a30887
liao_dhp:000844,liao_dhp,843,312,0.759737263,O=C(O)CCCc1c[nH]c2ccccc12,c1ccc([Se][Se]c2ccccc2)cc1,c1ccc([Se]CCCc2c[nH]c3ccccc23)cc1,O=C(CCCC1=CNC2=C1C=CC=C2)O,C1([Se][Se]C2=CC=CC=C2)=CC=CC=C1,C1(CCC[Se]C2=CC=CC=C2)=CNC3=C1C=CC=C3,CCCCN1C=CCC(C(N)=O)=C1,NC(C1=CN(CCCC)C=CC1)=O,valid,CS(C)=O,CS(C)=O,valid,nonp-95bf0224deb4ad2040b7b372
liao_dhp:000845,liao_dhp,844,313,0.776553982,O=C(O)C1CCN(C(=O)OCc2ccccc2)CC1,c1ccc([Se][Se]c2ccccc2)cc1,O=C(OCc1ccccc1)N1CCC([Se]c2ccccc2)CC1,O=C(N1CCC(C(O)=O)CC1)OCC2=CC=CC=C2,C1([Se][Se]C2=CC=CC=C2)=CC=CC=C1,O=C(N1CCC([Se]C2=CC=CC=C2)CC1)OCC3=CC=CC=C3,O=C(O)C1=CN(Cc2ccccc2)C=CC1,OC(C1=CN(CC2=CC=CC=C2)C=CC1)=O,valid,CS(C)=O,CS(C)=O,valid,nonp-abbc0e3867a52864d6ffb0c2
liao_dhp:000846,liao_dhp,845,314,0.7841906,CC(C)(C)OC(=O)N[C@H](CC(=O)O)C(=O)OCc1ccccc1,c1ccc([Se][Se]c2ccccc2)cc1,CC(C)(C)OC(=O)N[C@H](C[Se]c1ccccc1)C(=O)OCc1ccccc1,O=C(OCC1=CC=CC=C1)[C@H](NC(OC(C)(C)C)=O)CC(O)=O,C1([Se][Se]C2=CC=CC=C2)=CC=CC=C1,O=C(OCC1=CC=CC=C1)[C@H](NC(OC(C)(C)C)=O)C[Se]C2=CC=CC=C2,O=C(O)C1=CN(Cc2ccccc2)C=CC1,OC(C1=CN(CC2=CC=CC=C2)C=CC1)=O,valid,CS(C)=O,CS(C)=O,valid,nonp-006411d50946cf10cfdf63f2
liao_dhp:000847,liao_dhp,846,315,0.7841906,CC(C)(C)OC(=O)N[C@H](CC(=O)O)C(=O)OCc1ccccc1,c1ccc([Se][Se]c2ccccc2)cc1,CC(C)(C)OC(=O)N[C@H](C[Se]c1ccccc1)C(=O)OCc1ccccc1,O=C(OCC1=CC=CC=C1)[C@H](NC(OC(C)(C)C)=O)CC(O)=O,C1([Se][Se]C2=CC=CC=C2)=CC=CC=C1,O=C(OCC1=CC=CC=C1)[C@H](NC(OC(C)(C)C)=O)C[Se]C2=CC=CC=C2,O=C(O)C1=CN(Cc2ccccc2)C=CC1,OC(C1=CN(CC2=CC=CC=C2)C=CC1)=O,valid,CN(C)C=O,[H]C(N(C)C)=O,valid,nonp-3966856174da348bd78b9aa0
liao_dhp:000848,liao_dhp,847,316,0.7900322,CC(C)(C)OC(=O)N[C@H](CC(=O)O)C(=O)OCc1ccccc1,c1ccc([Se][Se]c2ccccc2)cc1,CC(C)(C)OC(=O)N[C@H](C[Se]c1ccccc1)C(=O)OCc1ccccc1,O=C(OCC1=CC=CC=C1)[C@H](NC(OC(C)(C)C)=O)CC(O)=O,C1([Se][Se]C2=CC=CC=C2)=CC=CC=C1,O=C(OCC1=CC=CC=C1)[C@H](NC(OC(C)(C)C)=O)C[Se]C2=CC=CC=C2,CCOC(=O)C1=C(C)NC(C)=C(C(=O)OCC)C1,CC1=C(C(OCC)=O)CC(C(OCC)=O)=C(C)N1,valid,CS(C)=O,CS(C)=O,valid,nonp-f84a91145f5972dc109475e1
liao_dhp:000849,liao_dhp,848,317,0.7900322,CC(C)(C)OC(=O)N[C@H](CC(=O)O)C(=O)OCc1ccccc1,c1ccc([Se][Se]c2ccccc2)cc1,CC(C)(C)OC(=O)N[C@H](C[Se]c1ccccc1)C(=O)OCc1ccccc1,O=C(OCC1=CC=CC=C1)[C@H](NC(OC(C)(C)C)=O)CC(O)=O,C1([Se][Se]C2=CC=CC=C2)=CC=CC=C1,O=C(OCC1=CC=CC=C1)[C@H](NC(OC(C)(C)C)=O)C[Se]C2=CC=CC=C2,CCOC(=O)C1=C(C)NC(C)=C(C(=O)OCC)C1,CC1=C(C(OCC)=O)CC(C(OCC)=O)=C(C)N1,valid,CN(C)C=O,[H]C(N(C)C)=O,valid,nonp-7c7348957f2725f6144cec4d
liao_dhp:000850,liao_dhp,849,318,0.798556483,O=C(O)Cc1ccc2c(c1)C(=O)c1ccccc1CO2,c1ccc([Se][Se]c2ccccc2)cc1,O=C1c2ccccc2COc2ccc(C[Se]c3ccccc3)cc21,O=C1C2=CC(CC(O)=O)=CC=C2OCC3=CC=CC=C13,C1([Se][Se]C2=CC=CC=C2)=CC=CC=C1,O=C1C2=CC(C[Se]C3=CC=CC=C3)=CC=C2OCC4=CC=CC=C14,CCCCN1C=CCC(C(N)=O)=C1,NC(C1=CN(CCCC)C=CC1)=O,valid,CS(C)=O,CS(C)=O,valid,nonp-d11e6bc13018fe8a42e0bc51
liao_dhp:000851,liao_dhp,850,319,0.808194083,O=C(O)C1CCOCC1,c1ccc([Se][Se]c2ccccc2)cc1,c1ccc([Se]C2CCOCC2)cc1,O=C(C1CCOCC1)O,C1([Se][Se]C2=CC=CC=C2)=CC=CC=C1,C1([Se]C2=CC=CC=C2)CCOCC1,CCCCN1C=CCC(C(N)=O)=C1,NC(C1=CN(CCCC)C=CC1)=O,valid,CN(C)C=O,[H]C(N(C)C)=O,valid,nonp-7c5284c6bc461c334e3024fd
liao_dhp:000852,liao_dhp,851,320,0.815255417,Cc1ccc(CC(=O)O)cc1,c1ccc([Se][Se]c2ccccc2)cc1,Cc1ccc(C[Se]c2ccccc2)cc1,CC1=CC=C(CC(O)=O)C=C1,C1([Se][Se]C2=CC=CC=C2)=CC=CC=C1,CC1=CC=C(C[Se]C2=CC=CC=C2)C=C1,CCOC(=O)C1=C(C)NC(C)=C(C(=O)OCC)C1,CC1=C(C(OCC)=O)CC(C(OCC)=O)=C(C)N1,valid,CS(C)=O,CS(C)=O,valid,nonp-f2c82bbcb5374a83424f5b72
liao_dhp:000853,liao_dhp,852,321,0.8323838,CC(C)(C)OC(=O)N[C@H](CC(=O)O)C(=O)OCc1ccccc1,c1ccc([Se][Se]c2ccccc2)cc1,CC(C)(C)OC(=O)N[C@H](C[Se]c1ccccc1)C(=O)OCc1ccccc1,O=C(OCC1=CC=CC=C1)[C@H](NC(OC(C)(C)C)=O)CC(O)=O,C1([Se][Se]C2=CC=CC=C2)=CC=CC=C1,O=C(OCC1=CC=CC=C1)[C@H](NC(OC(C)(C)C)=O)C[Se]C2=CC=CC=C2,CCCCN1C=CCC(C(N)=O)=C1,NC(C1=CN(CCCC)C=CC1)=O,valid,CN(C)C=O,[H]C(N(C)C)=O,valid,nonp-af81cd96f2304260dbadaa44
liao_dhp:000854,liao_dhp,853,322,0.8323838,CC(C)(C)OC(=O)N[C@H](CC(=O)O)C(=O)OCc1ccccc1,c1ccc([Se][Se]c2ccccc2)cc1,CC(C)(C)OC(=O)N[C@H](C[Se]c1ccccc1)C(=O)OCc1ccccc1,O=C(OCC1=CC=CC=C1)[C@H](NC(OC(C)(C)C)=O)CC(O)=O,C1([Se][Se]C2=CC=CC=C2)=CC=CC=C1,O=C(OCC1=CC=CC=C1)[C@H](NC(OC(C)(C)C)=O)C[Se]C2=CC=CC=C2,CCCCN1C=CCC(C(N)=O)=C1,NC(C1=CN(CCCC)C=CC1)=O,valid,CS(C)=O,CS(C)=O,valid,nonp-b466cb243fc77348fb9c0aac
liao_dhp:000855,liao_dhp,854,323,0.843250515,O=C(O)C1CCN(C(=O)OCc2ccccc2)CC1,c1ccc([Se][Se]c2ccccc2)cc1,O=C(OCc1ccccc1)N1CCC([Se]c2ccccc2)CC1,O=C(N1CCC(C(O)=O)CC1)OCC2=CC=CC=C2,C1([Se][Se]C2=CC=CC=C2)=CC=CC=C1,O=C(N1CCC([Se]C2=CC=CC=C2)CC1)OCC3=CC=CC=C3,CCCCN1C=CCC(C(N)=O)=C1,NC(C1=CN(CCCC)C=CC1)=O,valid,CN(C)C=O,[H]C(N(C)C)=O,valid,nonp-aff66679eae1900b4f47eef2
liao_dhp:000856,liao_dhp,855,324,0.8476053,O=C(O)Cc1ccc2c(c1)C(=O)c1ccccc1CO2,c1ccc([Se][Se]c2ccccc2)cc1,O=C1c2ccccc2COc2ccc(C[Se]c3ccccc3)cc21,O=C1C2=CC(CC(O)=O)=CC=C2OCC3=CC=CC=C13,C1([Se][Se]C2=CC=CC=C2)=CC=CC=C1,O=C1C2=CC(C[Se]C3=CC=CC=C3)=CC=C2OCC4=CC=CC=C14,CCOC(=O)C1=C(C)NC(C)=C(C(=O)OCC)C1,CC1=C(C(OCC)=O)CC(C(OCC)=O)=C(C)N1,valid,CS(C)=O,CS(C)=O,valid,nonp-194d7a3423d7a057431771c7
liao_dhp:000857,liao_dhp,856,325,0.847793033,O=C(O)Cc1ccc2c(c1)C(=O)c1ccccc1CO2,c1ccc([Se][Se]c2ccccc2)cc1,O=C1c2ccccc2COc2ccc(C[Se]c3ccccc3)cc21,O=C1C2=CC(CC(O)=O)=CC=C2OCC3=CC=CC=C13,C1([Se][Se]C2=CC=CC=C2)=CC=CC=C1,O=C1C2=CC(C[Se]C3=CC=CC=C3)=CC=C2OCC4=CC=CC=C14,O=C(O)C1=CN(Cc2ccccc2)C=CC1,OC(C1=CN(CC2=CC=CC=C2)C=CC1)=O,valid,CS(C)=O,CS(C)=O,valid,nonp-54c80eafff4a654b7bb56a10
liao_dhp:000858,liao_dhp,857,326,0.8585102,O=C(O)CCc1ccccc1,c1ccc([Se][Se]c2ccccc2)cc1,c1ccc(CC[Se]c2ccccc2)cc1,O=C(CCC1=CC=CC=C1)O,C1([Se][Se]C2=CC=CC=C2)=CC=CC=C1,C1(CC[Se]C2=CC=CC=C2)=CC=CC=C1,CCOC(=O)C1=C(C)NC(C)=C(C(=O)OCC)C1,CC1=C(C(OCC)=O)CC(C(OCC)=O)=C(C)N1,valid,CS(C)=O,CS(C)=O,valid,nonp-689279705870369137579005
liao_dhp:000859,liao_dhp,858,327,0.864477417,Cc1ccc(CC(=O)O)cc1,c1ccc([Se][Se]c2ccccc2)cc1,Cc1ccc(C[Se]c2ccccc2)cc1,CC1=CC=C(CC(O)=O)C=C1,C1([Se][Se]C2=CC=CC=C2)=CC=CC=C1,CC1=CC=C(C[Se]C2=CC=CC=C2)C=C1,CCCCN1C=CCC(C(N)=O)=C1,NC(C1=CN(CCCC)C=CC1)=O,valid,CS(C)=O,CS(C)=O,valid,nonp-02db25a10a9b279582384d92
liao_dhp:000860,liao_dhp,859,328,0.8667915,O=C(O)C1CCOCC1,c1ccc([Se][Se]c2ccccc2)cc1,c1ccc([Se]C2CCOCC2)cc1,O=C(C1CCOCC1)O,C1([Se][Se]C2=CC=CC=C2)=CC=CC=C1,C1([Se]C2=CC=CC=C2)CCOCC1,CCCCN1C=CCC(C(N)=O)=C1,NC(C1=CN(CCCC)C=CC1)=O,valid,CS(C)=O,CS(C)=O,valid,nonp-1c13803c560d9a1527a9c229
liao_dhp:000861,liao_dhp,860,329,0.880487633,O=C(O)C1CCN(C(=O)OCc2ccccc2)CC1,c1ccc([Se][Se]c2ccccc2)cc1,O=C(OCc1ccccc1)N1CCC([Se]c2ccccc2)CC1,O=C(N1CCC(C(O)=O)CC1)OCC2=CC=CC=C2,C1([Se][Se]C2=CC=CC=C2)=CC=CC=C1,O=C(N1CCC([Se]C2=CC=CC=C2)CC1)OCC3=CC=CC=C3,CCCCN1C=CCC(C(N)=O)=C1,NC(C1=CN(CCCC)C=CC1)=O,valid,CS(C)=O,CS(C)=O,valid,nonp-2225efe83c3c63baf27edd45
liao_dhp:000862,liao_dhp,861,330,0.892393667,Cc1ccc(CC(=O)O)cc1,c1ccc([Se][Se]c2ccccc2)cc1,Cc1ccc(C[Se]c2ccccc2)cc1,CC1=CC=C(CC(O)=O)C=C1,C1([Se][Se]C2=CC=CC=C2)=CC=CC=C1,CC1=CC=C(C[Se]C2=CC=CC=C2)C=C1,O=C(O)C1=CN(Cc2ccccc2)C=CC1,OC(C1=CN(CC2=CC=CC=C2)C=CC1)=O,valid,CS(C)=O,CS(C)=O,valid,nonp-86127b66f9b84fa6abec639c
liao_dhp:000863,liao_dhp,862,331,0.9052946,O=C(O)CCc1ccccc1,c1ccc([Se][Se]c2ccccc2)cc1,c1ccc(CC[Se]c2ccccc2)cc1,O=C(CCC1=CC=CC=C1)O,C1([Se][Se]C2=CC=CC=C2)=CC=CC=C1,C1(CC[Se]C2=CC=CC=C2)=CC=CC=C1,O=C(O)C1=CN(Cc2ccccc2)C=CC1,OC(C1=CN(CC2=CC=CC=C2)C=CC1)=O,valid,CS(C)=O,CS(C)=O,valid,nonp-0ecf5bda1077e8e2f6d67da0
liao_dhp:000864,liao_dhp,863,332,0.9454812,O=C(O)CCc1ccccc1,c1ccc([Se][Se]c2ccccc2)cc1,c1ccc(CC[Se]c2ccccc2)cc1,O=C(CCC1=CC=CC=C1)O,C1([Se][Se]C2=CC=CC=C2)=CC=CC=C1,C1(CC[Se]C2=CC=CC=C2)=CC=CC=C1,CCCCN1C=CCC(C(N)=O)=C1,NC(C1=CN(CCCC)C=CC1)=O,valid,CS(C)=O,CS(C)=O,valid,nonp-62a8a25121520c8507625108
liao_dhp:000865,liao_dhp,864,333,0.98042025,Cc1ccc(S(=O)(=O)N2CCC(C(=O)O)CC2)cc1,c1ccc([Se][Se]c2ccccc2)cc1,Cc1ccc(S(=O)(=O)N2CCC([Se]c3ccccc3)CC2)cc1,CC1=CC=C(S(N2CCC(C(O)=O)CC2)(=O)=O)C=C1,C1([Se][Se]C2=CC=CC=C2)=CC=CC=C1,CC1=CC=C(S(N2CCC([Se]C3=CC=CC=C3)CC2)(=O)=O)C=C1,CCCCN1C=CCC(C(N)=O)=C1,NC(C1=CN(CCCC)C=CC1)=O,valid,CC#N,CC#N,valid,nonp-75a60aa37a0c0710d9f68fc1
liao_dhp:000866,liao_dhp,865,334,0.9832785,Cc1ccc(S(=O)(=O)N2CCC(C(=O)O)CC2)cc1,c1ccc([Se][Se]c2ccccc2)cc1,Cc1ccc(S(=O)(=O)N2CCC([Se]c3ccccc3)CC2)cc1,CC1=CC=C(S(N2CCC(C(O)=O)CC2)(=O)=O)C=C1,C1([Se][Se]C2=CC=CC=C2)=CC=CC=C1,CC1=CC=C(S(N2CCC([Se]C3=CC=CC=C3)CC2)(=O)=O)C=C1,CCOC(=O)C1=C(C)NC(C)=C(C(=O)OCC)C1,CC1=C(C(OCC)=O)CC(C(OCC)=O)=C(C)N1,valid,CS(C)=O,CS(C)=O,valid,nonp-1cc41b14473851219f0ab6cb
liao_dhp:000867,liao_dhp,866,335,0.99,Cc1ccc(S(=O)(=O)N2CCC(C(=O)O)CC2)cc1,c1ccc([Se][Se]c2ccccc2)cc1,Cc1ccc(S(=O)(=O)N2CCC([Se]c3ccccc3)CC2)cc1,CC1=CC=C(S(N2CCC(C(O)=O)CC2)(=O)=O)C=C1,C1([Se][Se]C2=CC=CC=C2)=CC=CC=C1,CC1=CC=C(S(N2CCC([Se]C3=CC=CC=C3)CC2)(=O)=O)C=C1,O=C(O)C1=CN(Cc2ccccc2)C=CC1,OC(C1=CN(CC2=CC=CC=C2)C=CC1)=O,valid,CS(C)=O,CS(C)=O,valid,nonp-81272cd8139bbd75b600f742
liao_dhp:000868,liao_dhp,867,336,0.99,Cc1ccc(S(=O)(=O)N2CCC(C(=O)O)CC2)cc1,c1ccc([Se][Se]c2ccccc2)cc1,Cc1ccc(S(=O)(=O)N2CCC([Se]c3ccccc3)CC2)cc1,CC1=CC=C(S(N2CCC(C(O)=O)CC2)(=O)=O)C=C1,C1([Se][Se]C2=CC=CC=C2)=CC=CC=C1,CC1=CC=C(S(N2CCC([Se]C3=CC=CC=C3)CC2)(=O)=O)C=C1,CCCCN1C=CCC(C(N)=O)=C1,NC(C1=CN(CCCC)C=CC1)=O,valid,CS(C)=O,CS(C)=O,valid,nonp-a3825971211ccb7fc4a4ed67
