Reaction_No,Reactant_1_Name,Reactant_1_Short_Hand,Reactant_1_eq,Reactant_1_mmol,Reactant_2_Name,Reactant_2_eq,Catalyst_1_Short_Hand,Catalyst_1_eq,Ligand_Short_Hand,Ligand_eq,Reagent_1_Short_Hand,Reagent_1_eq,Solvent_1_Short_Hand,Product_Yield_PCT_Area_UV,Product_Yield_Mass_Ion_Count
1,6-chloroquinoline,"1a, 6-Cl-Q",1,0.0004,"2a, Boronic Acid",1,Pd(OAc)2,0.0625,P(tBu)3,0.125,NaOH,2.5,MeCN,4.76410921845962,6262.058821813955
2,6-chloroquinoline,"1a, 6-Cl-Q",1,0.0004,"2a, Boronic Acid",1,Pd(OAc)2,0.0625,P(Ph)3 ,0.125,NaOH,2.5,MeCN,4.12096203597114,13245.57090855121
3,6-chloroquinoline,"1a, 6-Cl-Q",1,0.0004,"2a, Boronic Acid",1,Pd(OAc)2,0.0625,AmPhos,0.125,NaOH,2.5,MeCN,2.58383665286105,3009.1659457901496
4,6-chloroquinoline,"1a, 6-Cl-Q",1,0.0004,"2a, Boronic Acid",1,Pd(OAc)2,0.0625,P(Cy)3,0.125,NaOH,2.5,MeCN,4.44317065372505,30860.698262181253
5,6-chloroquinoline,"1a, 6-Cl-Q",1,0.0004,"2a, Boronic Acid",1,Pd(OAc)2,0.0625,P(o-Tol)3,0.125,NaOH,2.5,MeCN,1.94987400815928,2486.306422970617
6,6-chloroquinoline,"1a, 6-Cl-Q",1,0.0004,"2a, Boronic Acid",1,Pd(OAc)2,0.0625,CataCXium A,0.125,NaOH,2.5,MeCN,3.25080927899943,9592.454299772224
7,6-chloroquinoline,"1a, 6-Cl-Q",1,0.0004,"2a, Boronic Acid",1,Pd(OAc)2,0.0625,SPhos,0.125,NaOH,2.5,MeCN,86.2621224841378,108343.14193028907
8,6-chloroquinoline,"1a, 6-Cl-Q",1,0.0004,"2a, Boronic Acid",1,Pd(OAc)2,0.0625,dtbpf,0.125,NaOH,2.5,MeCN,7.54607987344501,9373.40334717397
9,6-chloroquinoline,"1a, 6-Cl-Q",1,0.0004,"2a, Boronic Acid",1,Pd(OAc)2,0.0625,XPhos,0.125,NaOH,2.5,MeCN,93.6745145376158,27239.202785752026
10,6-chloroquinoline,"1a, 6-Cl-Q",1,0.0004,"2a, Boronic Acid",1,Pd(OAc)2,0.0625,dppf,0.125,NaOH,2.5,MeCN,14.3214354734956,7746.462857488274
11,6-chloroquinoline,"1a, 6-Cl-Q",1,0.0004,"2a, Boronic Acid",1,Pd(OAc)2,0.0625,Xantphos,0.125,NaOH,2.5,MeCN,2.10830716745609,897.8153797202951
12,6-chloroquinoline,"1a, 6-Cl-Q",1,0.0004,"2a, Boronic Acid",1,Pd(OAc)2,0.0625,,,NaOH,2.5,MeCN,17.0852310620033,81111.31911548092
13,6-chloroquinoline,"1a, 6-Cl-Q",1,0.0004,"2a, Boronic Acid",1,Pd(OAc)2,0.0625,P(tBu)3,0.125,NaHCO3,2.5,MeCN,3.15768624811382,4185.915963125082
14,6-chloroquinoline,"1a, 6-Cl-Q",1,0.0004,"2a, Boronic Acid",1,Pd(OAc)2,0.0625,P(Ph)3 ,0.125,NaHCO3,2.5,MeCN,4.75379053091498,12755.633755157703
15,6-chloroquinoline,"1a, 6-Cl-Q",1,0.0004,"2a, Boronic Acid",1,Pd(OAc)2,0.0625,AmPhos,0.125,NaHCO3,2.5,MeCN,2.46181658212302,2850.543621406481
16,6-chloroquinoline,"1a, 6-Cl-Q",1,0.0004,"2a, Boronic Acid",1,Pd(OAc)2,0.0625,P(Cy)3,0.125,NaHCO3,2.5,MeCN,5.26714086508017,35567.24537626748
17,6-chloroquinoline,"1a, 6-Cl-Q",1,0.0004,"2a, Boronic Acid",1,Pd(OAc)2,0.0625,P(o-Tol)3,0.125,NaHCO3,2.5,MeCN,1.95634116073256,2606.6432180868387
18,6-chloroquinoline,"1a, 6-Cl-Q",1,0.0004,"2a, Boronic Acid",1,Pd(OAc)2,0.0625,CataCXium A,0.125,NaHCO3,2.5,MeCN,3.34705214713383,11110.368884144671
19,6-chloroquinoline,"1a, 6-Cl-Q",1,0.0004,"2a, Boronic Acid",1,Pd(OAc)2,0.0625,SPhos,0.125,NaHCO3,2.5,MeCN,69.22093433688,80639.82765705751
20,6-chloroquinoline,"1a, 6-Cl-Q",1,0.0004,"2a, Boronic Acid",1,Pd(OAc)2,0.0625,dtbpf,0.125,NaHCO3,2.5,MeCN,5.10255242912967,6992.255830387697
21,6-chloroquinoline,"1a, 6-Cl-Q",1,0.0004,"2a, Boronic Acid",1,Pd(OAc)2,0.0625,XPhos,0.125,NaHCO3,2.5,MeCN,83.1906321409627,93978.65302501473
22,6-chloroquinoline,"1a, 6-Cl-Q",1,0.0004,"2a, Boronic Acid",1,Pd(OAc)2,0.0625,dppf,0.125,NaHCO3,2.5,MeCN,13.6803816727274,7748.875678221728
23,6-chloroquinoline,"1a, 6-Cl-Q",1,0.0004,"2a, Boronic Acid",1,Pd(OAc)2,0.0625,Xantphos,0.125,NaHCO3,2.5,MeCN,1.82471592243866,511.7345945587691
24,6-chloroquinoline,"1a, 6-Cl-Q",1,0.0004,"2a, Boronic Acid",1,Pd(OAc)2,0.0625,,,NaHCO3,2.5,MeCN,10.994082002904,49531.99193236164
25,6-chloroquinoline,"1a, 6-Cl-Q",1,0.0004,"2a, Boronic Acid",1,Pd(OAc)2,0.0625,P(tBu)3,0.125,CsF,2.5,MeCN,1.78675303928125,3366.805139531979
26,6-chloroquinoline,"1a, 6-Cl-Q",1,0.0004,"2a, Boronic Acid",1,Pd(OAc)2,0.0625,P(Ph)3 ,0.125,CsF,2.5,MeCN,4.35920116829955,14015.838653012372
27,6-chloroquinoline,"1a, 6-Cl-Q",1,0.0004,"2a, Boronic Acid",1,Pd(OAc)2,0.0625,AmPhos,0.125,CsF,2.5,MeCN,2.70970319261194,4001.5984936129703
28,6-chloroquinoline,"1a, 6-Cl-Q",1,0.0004,"2a, Boronic Acid",1,Pd(OAc)2,0.0625,P(Cy)3,0.125,CsF,2.5,MeCN,6.48652823683892,37162.73626856838
29,6-chloroquinoline,"1a, 6-Cl-Q",1,0.0004,"2a, Boronic Acid",1,Pd(OAc)2,0.0625,P(o-Tol)3,0.125,CsF,2.5,MeCN,2.10068590036068,2770.5078635229947
30,6-chloroquinoline,"1a, 6-Cl-Q",1,0.0004,"2a, Boronic Acid",1,Pd(OAc)2,0.0625,CataCXium A,0.125,CsF,2.5,MeCN,3.32272956618858,9690.6075654321
31,6-chloroquinoline,"1a, 6-Cl-Q",1,0.0004,"2a, Boronic Acid",1,Pd(OAc)2,0.0625,SPhos,0.125,CsF,2.5,MeCN,68.4440016475539,77744.35161688754
32,6-chloroquinoline,"1a, 6-Cl-Q",1,0.0004,"2a, Boronic Acid",1,Pd(OAc)2,0.0625,dtbpf,0.125,CsF,2.5,MeCN,5.83810017338261,6065.995417916585
33,6-chloroquinoline,"1a, 6-Cl-Q",1,0.0004,"2a, Boronic Acid",1,Pd(OAc)2,0.0625,XPhos,0.125,CsF,2.5,MeCN,73.0197105076637,83146.07624823158
34,6-chloroquinoline,"1a, 6-Cl-Q",1,0.0004,"2a, Boronic Acid",1,Pd(OAc)2,0.0625,dppf,0.125,CsF,2.5,MeCN,13.1958561281243,4335.303848588511
35,6-chloroquinoline,"1a, 6-Cl-Q",1,0.0004,"2a, Boronic Acid",1,Pd(OAc)2,0.0625,Xantphos,0.125,CsF,2.5,MeCN,2.10098201074023,517.9272222688003
36,6-chloroquinoline,"1a, 6-Cl-Q",1,0.0004,"2a, Boronic Acid",1,Pd(OAc)2,0.0625,,,CsF,2.5,MeCN,10.218888659788,40428.33430056378
37,6-chloroquinoline,"1a, 6-Cl-Q",1,0.0004,"2a, Boronic Acid",1,Pd(OAc)2,0.0625,P(tBu)3,0.125,K3PO4,2.5,MeCN,3.00400388935548,4636.026037546893
38,6-chloroquinoline,"1a, 6-Cl-Q",1,0.0004,"2a, Boronic Acid",1,Pd(OAc)2,0.0625,P(Ph)3 ,0.125,K3PO4,2.5,MeCN,4.7313701172475,11853.52678067898
39,6-chloroquinoline,"1a, 6-Cl-Q",1,0.0004,"2a, Boronic Acid",1,Pd(OAc)2,0.0625,AmPhos,0.125,K3PO4,2.5,MeCN,2.5779797728445,3677.1402176716088
40,6-chloroquinoline,"1a, 6-Cl-Q",1,0.0004,"2a, Boronic Acid",1,Pd(OAc)2,0.0625,P(Cy)3,0.125,K3PO4,2.5,MeCN,5.8267255162714,36076.51022392463
41,6-chloroquinoline,"1a, 6-Cl-Q",1,0.0004,"2a, Boronic Acid",1,Pd(OAc)2,0.0625,P(o-Tol)3,0.125,K3PO4,2.5,MeCN,1.88178466778928,2827.8228377588443
42,6-chloroquinoline,"1a, 6-Cl-Q",1,0.0004,"2a, Boronic Acid",1,Pd(OAc)2,0.0625,CataCXium A,0.125,K3PO4,2.5,MeCN,3.68610190848114,10833.313275864612
43,6-chloroquinoline,"1a, 6-Cl-Q",1,0.0004,"2a, Boronic Acid",1,Pd(OAc)2,0.0625,SPhos,0.125,K3PO4,2.5,MeCN,53.3442477399675,63071.20299854804
44,6-chloroquinoline,"1a, 6-Cl-Q",1,0.0004,"2a, Boronic Acid",1,Pd(OAc)2,0.0625,dtbpf,0.125,K3PO4,2.5,MeCN,5.80499299101468,5469.157526058632
45,6-chloroquinoline,"1a, 6-Cl-Q",1,0.0004,"2a, Boronic Acid",1,Pd(OAc)2,0.0625,XPhos,0.125,K3PO4,2.5,MeCN,60.6695362355924,63192.89681813961
46,6-chloroquinoline,"1a, 6-Cl-Q",1,0.0004,"2a, Boronic Acid",1,Pd(OAc)2,0.0625,dppf,0.125,K3PO4,2.5,MeCN,14.3933392770758,3661.0249033172454
47,6-chloroquinoline,"1a, 6-Cl-Q",1,0.0004,"2a, Boronic Acid",1,Pd(OAc)2,0.0625,Xantphos,0.125,K3PO4,2.5,MeCN,2.26866296700559,700.1501613916316
48,6-chloroquinoline,"1a, 6-Cl-Q",1,0.0004,"2a, Boronic Acid",1,Pd(OAc)2,0.0625,,,K3PO4,2.5,MeCN,10.0003095895518,39301.81570015984
49,6-chloroquinoline,"1a, 6-Cl-Q",1,0.0004,"2a, Boronic Acid",1,Pd(OAc)2,0.0625,P(tBu)3,0.125,KOH,2.5,MeCN,5.5969019412474,9067.922490089475
50,6-chloroquinoline,"1a, 6-Cl-Q",1,0.0004,"2a, Boronic Acid",1,Pd(OAc)2,0.0625,P(Ph)3 ,0.125,KOH,2.5,MeCN,4.82196101450088,11886.080251706297
51,6-chloroquinoline,"1a, 6-Cl-Q",1,0.0004,"2a, Boronic Acid",1,Pd(OAc)2,0.0625,AmPhos,0.125,KOH,2.5,MeCN,2.48590898286748,4111.191900439674
52,6-chloroquinoline,"1a, 6-Cl-Q",1,0.0004,"2a, Boronic Acid",1,Pd(OAc)2,0.0625,P(Cy)3,0.125,KOH,2.5,MeCN,6.45624672939622,38789.50200862312
53,6-chloroquinoline,"1a, 6-Cl-Q",1,0.0004,"2a, Boronic Acid",1,Pd(OAc)2,0.0625,P(o-Tol)3,0.125,KOH,2.5,MeCN,2.05952841211658,3781.084833336814
54,6-chloroquinoline,"1a, 6-Cl-Q",1,0.0004,"2a, Boronic Acid",1,Pd(OAc)2,0.0625,CataCXium A,0.125,KOH,2.5,MeCN,3.21864784308256,8983.79833744841
55,6-chloroquinoline,"1a, 6-Cl-Q",1,0.0004,"2a, Boronic Acid",1,Pd(OAc)2,0.0625,SPhos,0.125,KOH,2.5,MeCN,78.4174228193668,90780.3810652756
56,6-chloroquinoline,"1a, 6-Cl-Q",1,0.0004,"2a, Boronic Acid",1,Pd(OAc)2,0.0625,dtbpf,0.125,KOH,2.5,MeCN,8.93977444085733,8182.368759776755
57,6-chloroquinoline,"1a, 6-Cl-Q",1,0.0004,"2a, Boronic Acid",1,Pd(OAc)2,0.0625,XPhos,0.125,KOH,2.5,MeCN,92.2242386465952,111091.47839928833
58,6-chloroquinoline,"1a, 6-Cl-Q",1,0.0004,"2a, Boronic Acid",1,Pd(OAc)2,0.0625,dppf,0.125,KOH,2.5,MeCN,14.2206754932286,7878.910117856517
59,6-chloroquinoline,"1a, 6-Cl-Q",1,0.0004,"2a, Boronic Acid",1,Pd(OAc)2,0.0625,Xantphos,0.125,KOH,2.5,MeCN,2.3455596596732,1067.0814588382377
60,6-chloroquinoline,"1a, 6-Cl-Q",1,0.0004,"2a, Boronic Acid",1,Pd(OAc)2,0.0625,,,KOH,2.5,MeCN,18.1597678162321,67813.47277129363
61,6-chloroquinoline,"1a, 6-Cl-Q",1,0.0004,"2a, Boronic Acid",1,Pd(OAc)2,0.0625,P(tBu)3,0.125,LiOtBu,2.5,MeCN,7.0788779533304,11614.379987424683
62,6-chloroquinoline,"1a, 6-Cl-Q",1,0.0004,"2a, Boronic Acid",1,Pd(OAc)2,0.0625,P(Ph)3 ,0.125,LiOtBu,2.5,MeCN,5.4483808696152,12111.775553424073
63,6-chloroquinoline,"1a, 6-Cl-Q",1,0.0004,"2a, Boronic Acid",1,Pd(OAc)2,0.0625,AmPhos,0.125,LiOtBu,2.5,MeCN,1.99054888114825,3362.715470780438
64,6-chloroquinoline,"1a, 6-Cl-Q",1,0.0004,"2a, Boronic Acid",1,Pd(OAc)2,0.0625,P(Cy)3,0.125,LiOtBu,2.5,MeCN,6.08313547812363,32427.2008441609
65,6-chloroquinoline,"1a, 6-Cl-Q",1,0.0004,"2a, Boronic Acid",1,Pd(OAc)2,0.0625,P(o-Tol)3,0.125,LiOtBu,2.5,MeCN,2.45280550760324,4340.437798036643
66,6-chloroquinoline,"1a, 6-Cl-Q",1,0.0004,"2a, Boronic Acid",1,Pd(OAc)2,0.0625,CataCXium A,0.125,LiOtBu,2.5,MeCN,3.56636244233208,9150.864970562869
67,6-chloroquinoline,"1a, 6-Cl-Q",1,0.0004,"2a, Boronic Acid",1,Pd(OAc)2,0.0625,SPhos,0.125,LiOtBu,2.5,MeCN,85.7734226150222,95117.7549181346
68,6-chloroquinoline,"1a, 6-Cl-Q",1,0.0004,"2a, Boronic Acid",1,Pd(OAc)2,0.0625,dtbpf,0.125,LiOtBu,2.5,MeCN,9.78109907191012,9542.2689937389
69,6-chloroquinoline,"1a, 6-Cl-Q",1,0.0004,"2a, Boronic Acid",1,Pd(OAc)2,0.0625,XPhos,0.125,LiOtBu,2.5,MeCN,92.8344072930483,102595.85853211362
70,6-chloroquinoline,"1a, 6-Cl-Q",1,0.0004,"2a, Boronic Acid",1,Pd(OAc)2,0.0625,dppf,0.125,LiOtBu,2.5,MeCN,15.410461843799,6378.369333380235
71,6-chloroquinoline,"1a, 6-Cl-Q",1,0.0004,"2a, Boronic Acid",1,Pd(OAc)2,0.0625,Xantphos,0.125,LiOtBu,2.5,MeCN,2.42654830002009,1126.0007060482944
72,6-chloroquinoline,"1a, 6-Cl-Q",1,0.0004,"2a, Boronic Acid",1,Pd(OAc)2,0.0625,,,LiOtBu,2.5,MeCN,17.1759038844819,68542.4835177396
73,6-chloroquinoline,"1a, 6-Cl-Q",1,0.0004,"2a, Boronic Acid",1,Pd(OAc)2,0.0625,P(tBu)3,0.125,Et3N,2.5,MeCN,7.82316946168684,13319.805458275476
74,6-chloroquinoline,"1a, 6-Cl-Q",1,0.0004,"2a, Boronic Acid",1,Pd(OAc)2,0.0625,P(Ph)3 ,0.125,Et3N,2.5,MeCN,6.14029657993896,11270.706322042955
75,6-chloroquinoline,"1a, 6-Cl-Q",1,0.0004,"2a, Boronic Acid",1,Pd(OAc)2,0.0625,AmPhos,0.125,Et3N,2.5,MeCN,2.13374309510393,3474.5508331245883
76,6-chloroquinoline,"1a, 6-Cl-Q",1,0.0004,"2a, Boronic Acid",1,Pd(OAc)2,0.0625,P(Cy)3,0.125,Et3N,2.5,MeCN,5.05213723181808,26015.729807013628
77,6-chloroquinoline,"1a, 6-Cl-Q",1,0.0004,"2a, Boronic Acid",1,Pd(OAc)2,0.0625,P(o-Tol)3,0.125,Et3N,2.5,MeCN,1.98028622008522,3662.185744582736
78,6-chloroquinoline,"1a, 6-Cl-Q",1,0.0004,"2a, Boronic Acid",1,Pd(OAc)2,0.0625,CataCXium A,0.125,Et3N,2.5,MeCN,4.46807824701397,11625.466171598817
79,6-chloroquinoline,"1a, 6-Cl-Q",1,0.0004,"2a, Boronic Acid",1,Pd(OAc)2,0.0625,SPhos,0.125,Et3N,2.5,MeCN,78.957919561643,96066.2453620434
80,6-chloroquinoline,"1a, 6-Cl-Q",1,0.0004,"2a, Boronic Acid",1,Pd(OAc)2,0.0625,dtbpf,0.125,Et3N,2.5,MeCN,6.99621084980946,7068.834635536467
81,6-chloroquinoline,"1a, 6-Cl-Q",1,0.0004,"2a, Boronic Acid",1,Pd(OAc)2,0.0625,XPhos,0.125,Et3N,2.5,MeCN,90.3017535211921,95108.57054827729
82,6-chloroquinoline,"1a, 6-Cl-Q",1,0.0004,"2a, Boronic Acid",1,Pd(OAc)2,0.0625,dppf,0.125,Et3N,2.5,MeCN,15.3607442237364,7148.572266724967
83,6-chloroquinoline,"1a, 6-Cl-Q",1,0.0004,"2a, Boronic Acid",1,Pd(OAc)2,0.0625,Xantphos,0.125,Et3N,2.5,MeCN,2.50927994144339,989.1130125788102
84,6-chloroquinoline,"1a, 6-Cl-Q",1,0.0004,"2a, Boronic Acid",1,Pd(OAc)2,0.0625,,,Et3N,2.5,MeCN,19.5108844387778,70616.91568667487
85,6-chloroquinoline,"1a, 6-Cl-Q",1,0.0004,"2a, Boronic Acid",1,Pd(OAc)2,0.0625,P(tBu)3,0.125,,2.5,MeCN,9.75908286686094,16376.611297220717
86,6-chloroquinoline,"1a, 6-Cl-Q",1,0.0004,"2a, Boronic Acid",1,Pd(OAc)2,0.0625,P(Ph)3 ,0.125,,2.5,MeCN,4.15312486926772,13262.256850242684
87,6-chloroquinoline,"1a, 6-Cl-Q",1,0.0004,"2a, Boronic Acid",1,Pd(OAc)2,0.0625,AmPhos,0.125,,2.5,MeCN,1.53223611769088,3331.0823034149616
88,6-chloroquinoline,"1a, 6-Cl-Q",1,0.0004,"2a, Boronic Acid",1,Pd(OAc)2,0.0625,P(Cy)3,0.125,,2.5,MeCN,5.79692311337673,30328.132315438466
89,6-chloroquinoline,"1a, 6-Cl-Q",1,0.0004,"2a, Boronic Acid",1,Pd(OAc)2,0.0625,P(o-Tol)3,0.125,,2.5,MeCN,2.64661537803254,4243.240794081221
90,6-chloroquinoline,"1a, 6-Cl-Q",1,0.0004,"2a, Boronic Acid",1,Pd(OAc)2,0.0625,CataCXium A,0.125,,2.5,MeCN,4.42903768983828,12910.258084925134
91,6-chloroquinoline,"1a, 6-Cl-Q",1,0.0004,"2a, Boronic Acid",1,Pd(OAc)2,0.0625,SPhos,0.125,,2.5,MeCN,66.8041426775335,75956.1999385143
92,6-chloroquinoline,"1a, 6-Cl-Q",1,0.0004,"2a, Boronic Acid",1,Pd(OAc)2,0.0625,dtbpf,0.125,,2.5,MeCN,6.42130859194569,6849.334331370883
93,6-chloroquinoline,"1a, 6-Cl-Q",1,0.0004,"2a, Boronic Acid",1,Pd(OAc)2,0.0625,XPhos,0.125,,2.5,MeCN,78.2264541946686,83904.55303231288
94,6-chloroquinoline,"1a, 6-Cl-Q",1,0.0004,"2a, Boronic Acid",1,Pd(OAc)2,0.0625,dppf,0.125,,2.5,MeCN,13.9540113252438,6493.07578483087
95,6-chloroquinoline,"1a, 6-Cl-Q",1,0.0004,"2a, Boronic Acid",1,Pd(OAc)2,0.0625,Xantphos,0.125,,2.5,MeCN,2.1103931503683,809.6433904247472
96,6-chloroquinoline,"1a, 6-Cl-Q",1,0.0004,"2a, Boronic Acid",1,Pd(OAc)2,0.0625,,,,2.5,MeCN,8.28740356846637,28481.3613260311
97,6-chloroquinoline,"1a, 6-Cl-Q",1,0.0004,"2a, Boronic Acid",1,Pd(OAc)2,0.0625,P(tBu)3,0.125,NaOH,2.5,THF,33.7884226000348,46748.73878510851
98,6-chloroquinoline,"1a, 6-Cl-Q",1,0.0004,"2a, Boronic Acid",1,Pd(OAc)2,0.0625,P(Ph)3 ,0.125,NaOH,2.5,THF,8.08389406174481,9823.262021931167
99,6-chloroquinoline,"1a, 6-Cl-Q",1,0.0004,"2a, Boronic Acid",1,Pd(OAc)2,0.0625,AmPhos,0.125,NaOH,2.5,THF,61.2000810462792,65207.403432748666
100,6-chloroquinoline,"1a, 6-Cl-Q",1,0.0004,"2a, Boronic Acid",1,Pd(OAc)2,0.0625,P(Cy)3,0.125,NaOH,2.5,THF,69.9420492553848,237558.37612815073
101,6-chloroquinoline,"1a, 6-Cl-Q",1,0.0004,"2a, Boronic Acid",1,Pd(OAc)2,0.0625,P(o-Tol)3,0.125,NaOH,2.5,THF,7.2041205533469,13194.996728541826
102,6-chloroquinoline,"1a, 6-Cl-Q",1,0.0004,"2a, Boronic Acid",1,Pd(OAc)2,0.0625,CataCXium A,0.125,NaOH,2.5,THF,79.46758861973,256433.68485545483
103,6-chloroquinoline,"1a, 6-Cl-Q",1,0.0004,"2a, Boronic Acid",1,Pd(OAc)2,0.0625,SPhos,0.125,NaOH,2.5,THF,87.0599138552419,94998.11384440472
104,6-chloroquinoline,"1a, 6-Cl-Q",1,0.0004,"2a, Boronic Acid",1,Pd(OAc)2,0.0625,dtbpf,0.125,NaOH,2.5,THF,12.7035086532037,27853.76086821393
105,6-chloroquinoline,"1a, 6-Cl-Q",1,0.0004,"2a, Boronic Acid",1,Pd(OAc)2,0.0625,XPhos,0.125,NaOH,2.5,THF,88.966679030845,85607.99392311752
106,6-chloroquinoline,"1a, 6-Cl-Q",1,0.0004,"2a, Boronic Acid",1,Pd(OAc)2,0.0625,dppf,0.125,NaOH,2.5,THF,27.9254607314512,16943.262750917776
107,6-chloroquinoline,"1a, 6-Cl-Q",1,0.0004,"2a, Boronic Acid",1,Pd(OAc)2,0.0625,Xantphos,0.125,NaOH,2.5,THF,6.1056671566937,10507.553254619037
108,6-chloroquinoline,"1a, 6-Cl-Q",1,0.0004,"2a, Boronic Acid",1,Pd(OAc)2,0.0625,,,NaOH,2.5,THF,19.9964908124804,51980.556095372005
109,6-chloroquinoline,"1a, 6-Cl-Q",1,0.0004,"2a, Boronic Acid",1,Pd(OAc)2,0.0625,P(tBu)3,0.125,NaHCO3,2.5,THF,66.7358043675789,66473.5802913171
110,6-chloroquinoline,"1a, 6-Cl-Q",1,0.0004,"2a, Boronic Acid",1,Pd(OAc)2,0.0625,P(Ph)3 ,0.125,NaHCO3,2.5,THF,8.11170620285451,12207.88724652932
111,6-chloroquinoline,"1a, 6-Cl-Q",1,0.0004,"2a, Boronic Acid",1,Pd(OAc)2,0.0625,AmPhos,0.125,NaHCO3,2.5,THF,57.4844178119219,71710.57922074593
112,6-chloroquinoline,"1a, 6-Cl-Q",1,0.0004,"2a, Boronic Acid",1,Pd(OAc)2,0.0625,P(Cy)3,0.125,NaHCO3,2.5,THF,61.8864221022104,263714.7607098264
113,6-chloroquinoline,"1a, 6-Cl-Q",1,0.0004,"2a, Boronic Acid",1,Pd(OAc)2,0.0625,P(o-Tol)3,0.125,NaHCO3,2.5,THF,2.22984552488196,5509.060136294502
114,6-chloroquinoline,"1a, 6-Cl-Q",1,0.0004,"2a, Boronic Acid",1,Pd(OAc)2,0.0625,CataCXium A,0.125,NaHCO3,2.5,THF,70.4548780030343,229816.31359674578
115,6-chloroquinoline,"1a, 6-Cl-Q",1,0.0004,"2a, Boronic Acid",1,Pd(OAc)2,0.0625,SPhos,0.125,NaHCO3,2.5,THF,79.8467095458273,87916.28587719276
116,6-chloroquinoline,"1a, 6-Cl-Q",1,0.0004,"2a, Boronic Acid",1,Pd(OAc)2,0.0625,dtbpf,0.125,NaHCO3,2.5,THF,9.59942646989435,32750.30986304387
117,6-chloroquinoline,"1a, 6-Cl-Q",1,0.0004,"2a, Boronic Acid",1,Pd(OAc)2,0.0625,XPhos,0.125,NaHCO3,2.5,THF,80.76770744439,90618.74691573746
118,6-chloroquinoline,"1a, 6-Cl-Q",1,0.0004,"2a, Boronic Acid",1,Pd(OAc)2,0.0625,dppf,0.125,NaHCO3,2.5,THF,19.2431786290427,16490.130389029862
119,6-chloroquinoline,"1a, 6-Cl-Q",1,0.0004,"2a, Boronic Acid",1,Pd(OAc)2,0.0625,Xantphos,0.125,NaHCO3,2.5,THF,5.19691979065473,13373.463740717374
120,6-chloroquinoline,"1a, 6-Cl-Q",1,0.0004,"2a, Boronic Acid",1,Pd(OAc)2,0.0625,,,NaHCO3,2.5,THF,8.33159713932573,24316.817523744878
121,6-chloroquinoline,"1a, 6-Cl-Q",1,0.0004,"2a, Boronic Acid",1,Pd(OAc)2,0.0625,P(tBu)3,0.125,CsF,2.5,THF,39.1692242242229,55746.73810240659
122,6-chloroquinoline,"1a, 6-Cl-Q",1,0.0004,"2a, Boronic Acid",1,Pd(OAc)2,0.0625,P(Ph)3 ,0.125,CsF,2.5,THF,7.24196612769955,14962.327711702297
123,6-chloroquinoline,"1a, 6-Cl-Q",1,0.0004,"2a, Boronic Acid",1,Pd(OAc)2,0.0625,AmPhos,0.125,CsF,2.5,THF,44.9830827378729,46546.91070455745
124,6-chloroquinoline,"1a, 6-Cl-Q",1,0.0004,"2a, Boronic Acid",1,Pd(OAc)2,0.0625,P(Cy)3,0.125,CsF,2.5,THF,50.9504664551199,221587.36834868402
125,6-chloroquinoline,"1a, 6-Cl-Q",1,0.0004,"2a, Boronic Acid",1,Pd(OAc)2,0.0625,P(o-Tol)3,0.125,CsF,2.5,THF,2.22798897357048,5386.735842498855
126,6-chloroquinoline,"1a, 6-Cl-Q",1,0.0004,"2a, Boronic Acid",1,Pd(OAc)2,0.0625,CataCXium A,0.125,CsF,2.5,THF,61.2922927162518,217114.7862056553
127,6-chloroquinoline,"1a, 6-Cl-Q",1,0.0004,"2a, Boronic Acid",1,Pd(OAc)2,0.0625,SPhos,0.125,CsF,2.5,THF,60.8255886967309,72183.6784026581
128,6-chloroquinoline,"1a, 6-Cl-Q",1,0.0004,"2a, Boronic Acid",1,Pd(OAc)2,0.0625,dtbpf,0.125,CsF,2.5,THF,9.94355662711232,30859.04814618178
129,6-chloroquinoline,"1a, 6-Cl-Q",1,0.0004,"2a, Boronic Acid",1,Pd(OAc)2,0.0625,XPhos,0.125,CsF,2.5,THF,53.5151293766415,65529.004093441996
130,6-chloroquinoline,"1a, 6-Cl-Q",1,0.0004,"2a, Boronic Acid",1,Pd(OAc)2,0.0625,dppf,0.125,CsF,2.5,THF,18.1815583251708,11452.797506150033
131,6-chloroquinoline,"1a, 6-Cl-Q",1,0.0004,"2a, Boronic Acid",1,Pd(OAc)2,0.0625,Xantphos,0.125,CsF,2.5,THF,3.68200738399539,560.8328666621884
132,6-chloroquinoline,"1a, 6-Cl-Q",1,0.0004,"2a, Boronic Acid",1,Pd(OAc)2,0.0625,,,CsF,2.5,THF,8.41663218738277,25981.953313682563
133,6-chloroquinoline,"1a, 6-Cl-Q",1,0.0004,"2a, Boronic Acid",1,Pd(OAc)2,0.0625,P(tBu)3,0.125,K3PO4,2.5,THF,41.2342188004141,49419.38714865696
134,6-chloroquinoline,"1a, 6-Cl-Q",1,0.0004,"2a, Boronic Acid",1,Pd(OAc)2,0.0625,P(Ph)3 ,0.125,K3PO4,2.5,THF,6.65750525584473,10124.350757568789
135,6-chloroquinoline,"1a, 6-Cl-Q",1,0.0004,"2a, Boronic Acid",1,Pd(OAc)2,0.0625,AmPhos,0.125,K3PO4,2.5,THF,33.0190433761406,42027.5439500837
136,6-chloroquinoline,"1a, 6-Cl-Q",1,0.0004,"2a, Boronic Acid",1,Pd(OAc)2,0.0625,P(Cy)3,0.125,K3PO4,2.5,THF,50.0570187984233,183695.9888238838
137,6-chloroquinoline,"1a, 6-Cl-Q",1,0.0004,"2a, Boronic Acid",1,Pd(OAc)2,0.0625,P(o-Tol)3,0.125,K3PO4,2.5,THF,2.67563431152105,7336.677240737175
138,6-chloroquinoline,"1a, 6-Cl-Q",1,0.0004,"2a, Boronic Acid",1,Pd(OAc)2,0.0625,CataCXium A,0.125,K3PO4,2.5,THF,55.8517248007788,204776.2432299129
139,6-chloroquinoline,"1a, 6-Cl-Q",1,0.0004,"2a, Boronic Acid",1,Pd(OAc)2,0.0625,SPhos,0.125,K3PO4,2.5,THF,47.9422368676178,57820.99157954293
140,6-chloroquinoline,"1a, 6-Cl-Q",1,0.0004,"2a, Boronic Acid",1,Pd(OAc)2,0.0625,dtbpf,0.125,K3PO4,2.5,THF,9.3691441148368,24803.312429693713
141,6-chloroquinoline,"1a, 6-Cl-Q",1,0.0004,"2a, Boronic Acid",1,Pd(OAc)2,0.0625,XPhos,0.125,K3PO4,2.5,THF,52.3254982462699,62079.68310105705
142,6-chloroquinoline,"1a, 6-Cl-Q",1,0.0004,"2a, Boronic Acid",1,Pd(OAc)2,0.0625,dppf,0.125,K3PO4,2.5,THF,20.1771290379512,11350.120429572333
143,6-chloroquinoline,"1a, 6-Cl-Q",1,0.0004,"2a, Boronic Acid",1,Pd(OAc)2,0.0625,Xantphos,0.125,K3PO4,2.5,THF,4.24818416198782,2472.0909754318686
144,6-chloroquinoline,"1a, 6-Cl-Q",1,0.0004,"2a, Boronic Acid",1,Pd(OAc)2,0.0625,,,K3PO4,2.5,THF,7.97581747645899,22295.71661999271
145,6-chloroquinoline,"1a, 6-Cl-Q",1,0.0004,"2a, Boronic Acid",1,Pd(OAc)2,0.0625,P(tBu)3,0.125,KOH,2.5,THF,48.5611407266501,54417.4240934078
146,6-chloroquinoline,"1a, 6-Cl-Q",1,0.0004,"2a, Boronic Acid",1,Pd(OAc)2,0.0625,P(Ph)3 ,0.125,KOH,2.5,THF,7.7717477094714,10113.475783979808
147,6-chloroquinoline,"1a, 6-Cl-Q",1,0.0004,"2a, Boronic Acid",1,Pd(OAc)2,0.0625,AmPhos,0.125,KOH,2.5,THF,42.7329765527711,48015.65770378169
148,6-chloroquinoline,"1a, 6-Cl-Q",1,0.0004,"2a, Boronic Acid",1,Pd(OAc)2,0.0625,P(Cy)3,0.125,KOH,2.5,THF,55.0785260954863,203826.3550436291
149,6-chloroquinoline,"1a, 6-Cl-Q",1,0.0004,"2a, Boronic Acid",1,Pd(OAc)2,0.0625,P(o-Tol)3,0.125,KOH,2.5,THF,3.03273678853182,6519.409487713108
150,6-chloroquinoline,"1a, 6-Cl-Q",1,0.0004,"2a, Boronic Acid",1,Pd(OAc)2,0.0625,CataCXium A,0.125,KOH,2.5,THF,62.3266043134165,190660.17882228852
151,6-chloroquinoline,"1a, 6-Cl-Q",1,0.0004,"2a, Boronic Acid",1,Pd(OAc)2,0.0625,SPhos,0.125,KOH,2.5,THF,73.3055406932652,75482.93728205378
152,6-chloroquinoline,"1a, 6-Cl-Q",1,0.0004,"2a, Boronic Acid",1,Pd(OAc)2,0.0625,dtbpf,0.125,KOH,2.5,THF,12.3022393545058,21790.382008479246
153,6-chloroquinoline,"1a, 6-Cl-Q",1,0.0004,"2a, Boronic Acid",1,Pd(OAc)2,0.0625,XPhos,0.125,KOH,2.5,THF,72.0008032847844,66944.05858030524
154,6-chloroquinoline,"1a, 6-Cl-Q",1,0.0004,"2a, Boronic Acid",1,Pd(OAc)2,0.0625,dppf,0.125,KOH,2.5,THF,26.1379482896069,20002.933701149424
155,6-chloroquinoline,"1a, 6-Cl-Q",1,0.0004,"2a, Boronic Acid",1,Pd(OAc)2,0.0625,Xantphos,0.125,KOH,2.5,THF,4.54255057271249,655.5088245088542
156,6-chloroquinoline,"1a, 6-Cl-Q",1,0.0004,"2a, Boronic Acid",1,Pd(OAc)2,0.0625,,,KOH,2.5,THF,17.8334601652192,49843.32765489621
157,6-chloroquinoline,"1a, 6-Cl-Q",1,0.0004,"2a, Boronic Acid",1,Pd(OAc)2,0.0625,P(tBu)3,0.125,LiOtBu,2.5,THF,66.1567482939123,70107.76079626393
158,6-chloroquinoline,"1a, 6-Cl-Q",1,0.0004,"2a, Boronic Acid",1,Pd(OAc)2,0.0625,P(Ph)3 ,0.125,LiOtBu,2.5,THF,9.91938795360429,10341.301439285353
159,6-chloroquinoline,"1a, 6-Cl-Q",1,0.0004,"2a, Boronic Acid",1,Pd(OAc)2,0.0625,AmPhos,0.125,LiOtBu,2.5,THF,58.5147171501637,56193.511271899246
160,6-chloroquinoline,"1a, 6-Cl-Q",1,0.0004,"2a, Boronic Acid",1,Pd(OAc)2,0.0625,P(Cy)3,0.125,LiOtBu,2.5,THF,78.151358455536,209458.82149966617
161,6-chloroquinoline,"1a, 6-Cl-Q",1,0.0004,"2a, Boronic Acid",1,Pd(OAc)2,0.0625,P(o-Tol)3,0.125,LiOtBu,2.5,THF,5.12136157916158,7813.623327770502
162,6-chloroquinoline,"1a, 6-Cl-Q",1,0.0004,"2a, Boronic Acid",1,Pd(OAc)2,0.0625,CataCXium A,0.125,LiOtBu,2.5,THF,62.0179115853534,151551.58888994725
163,6-chloroquinoline,"1a, 6-Cl-Q",1,0.0004,"2a, Boronic Acid",1,Pd(OAc)2,0.0625,SPhos,0.125,LiOtBu,2.5,THF,85.9474312367647,81248.63719597572
164,6-chloroquinoline,"1a, 6-Cl-Q",1,0.0004,"2a, Boronic Acid",1,Pd(OAc)2,0.0625,dtbpf,0.125,LiOtBu,2.5,THF,13.9143476624983,24225.32260519546
165,6-chloroquinoline,"1a, 6-Cl-Q",1,0.0004,"2a, Boronic Acid",1,Pd(OAc)2,0.0625,XPhos,0.125,LiOtBu,2.5,THF,85.2124687491059,76725.19778449438
166,6-chloroquinoline,"1a, 6-Cl-Q",1,0.0004,"2a, Boronic Acid",1,Pd(OAc)2,0.0625,dppf,0.125,LiOtBu,2.5,THF,26.8267891505492,8388.387758380513
167,6-chloroquinoline,"1a, 6-Cl-Q",1,0.0004,"2a, Boronic Acid",1,Pd(OAc)2,0.0625,Xantphos,0.125,LiOtBu,2.5,THF,0.0,0.0
168,6-chloroquinoline,"1a, 6-Cl-Q",1,0.0004,"2a, Boronic Acid",1,Pd(OAc)2,0.0625,,,LiOtBu,2.5,THF,35.3664697718892,83297.45490550643
169,6-chloroquinoline,"1a, 6-Cl-Q",1,0.0004,"2a, Boronic Acid",1,Pd(OAc)2,0.0625,P(tBu)3,0.125,Et3N,2.5,THF,68.7222976760338,72856.0904561346
170,6-chloroquinoline,"1a, 6-Cl-Q",1,0.0004,"2a, Boronic Acid",1,Pd(OAc)2,0.0625,P(Ph)3 ,0.125,Et3N,2.5,THF,10.1595027610281,13324.939975110427
171,6-chloroquinoline,"1a, 6-Cl-Q",1,0.0004,"2a, Boronic Acid",1,Pd(OAc)2,0.0625,AmPhos,0.125,Et3N,2.5,THF,48.8032043067135,48965.84874212572
172,6-chloroquinoline,"1a, 6-Cl-Q",1,0.0004,"2a, Boronic Acid",1,Pd(OAc)2,0.0625,P(Cy)3,0.125,Et3N,2.5,THF,82.6474738914186,240353.8443475188
173,6-chloroquinoline,"1a, 6-Cl-Q",1,0.0004,"2a, Boronic Acid",1,Pd(OAc)2,0.0625,P(o-Tol)3,0.125,Et3N,2.5,THF,5.9704378754713,10295.60619240408
174,6-chloroquinoline,"1a, 6-Cl-Q",1,0.0004,"2a, Boronic Acid",1,Pd(OAc)2,0.0625,CataCXium A,0.125,Et3N,2.5,THF,80.7441453073069,244764.6186300644
175,6-chloroquinoline,"1a, 6-Cl-Q",1,0.0004,"2a, Boronic Acid",1,Pd(OAc)2,0.0625,SPhos,0.125,Et3N,2.5,THF,87.8200709579917,90083.17189354148
176,6-chloroquinoline,"1a, 6-Cl-Q",1,0.0004,"2a, Boronic Acid",1,Pd(OAc)2,0.0625,dtbpf,0.125,Et3N,2.5,THF,13.5554979726139,29227.74545960022
177,6-chloroquinoline,"1a, 6-Cl-Q",1,0.0004,"2a, Boronic Acid",1,Pd(OAc)2,0.0625,XPhos,0.125,Et3N,2.5,THF,88.9252912767351,84613.03077982197
178,6-chloroquinoline,"1a, 6-Cl-Q",1,0.0004,"2a, Boronic Acid",1,Pd(OAc)2,0.0625,dppf,0.125,Et3N,2.5,THF,21.6492415106935,9602.584449182588
179,6-chloroquinoline,"1a, 6-Cl-Q",1,0.0004,"2a, Boronic Acid",1,Pd(OAc)2,0.0625,Xantphos,0.125,Et3N,2.5,THF,3.63674229125296,596.000186273901
180,6-chloroquinoline,"1a, 6-Cl-Q",1,0.0004,"2a, Boronic Acid",1,Pd(OAc)2,0.0625,,,Et3N,2.5,THF,14.6678415787048,43513.747106652445
181,6-chloroquinoline,"1a, 6-Cl-Q",1,0.0004,"2a, Boronic Acid",1,Pd(OAc)2,0.0625,P(tBu)3,0.125,,2.5,THF,67.5734596649153,71020.34262894456
182,6-chloroquinoline,"1a, 6-Cl-Q",1,0.0004,"2a, Boronic Acid",1,Pd(OAc)2,0.0625,P(Ph)3 ,0.125,,2.5,THF,9.43637372825409,13470.536163896295
183,6-chloroquinoline,"1a, 6-Cl-Q",1,0.0004,"2a, Boronic Acid",1,Pd(OAc)2,0.0625,AmPhos,0.125,,2.5,THF,64.558328683964,71647.5261469142
184,6-chloroquinoline,"1a, 6-Cl-Q",1,0.0004,"2a, Boronic Acid",1,Pd(OAc)2,0.0625,P(Cy)3,0.125,,2.5,THF,73.9667254408659,250627.02991872342
185,6-chloroquinoline,"1a, 6-Cl-Q",1,0.0004,"2a, Boronic Acid",1,Pd(OAc)2,0.0625,P(o-Tol)3,0.125,,2.5,THF,4.81262088058821,9423.820910684608
186,6-chloroquinoline,"1a, 6-Cl-Q",1,0.0004,"2a, Boronic Acid",1,Pd(OAc)2,0.0625,CataCXium A,0.125,,2.5,THF,83.6189452391671,253988.59786062015
187,6-chloroquinoline,"1a, 6-Cl-Q",1,0.0004,"2a, Boronic Acid",1,Pd(OAc)2,0.0625,SPhos,0.125,,2.5,THF,89.1672083813658,94300.40659575391
188,6-chloroquinoline,"1a, 6-Cl-Q",1,0.0004,"2a, Boronic Acid",1,Pd(OAc)2,0.0625,dtbpf,0.125,,2.5,THF,10.9695470256029,27643.82279922142
189,6-chloroquinoline,"1a, 6-Cl-Q",1,0.0004,"2a, Boronic Acid",1,Pd(OAc)2,0.0625,XPhos,0.125,,2.5,THF,91.3485106189053,91692.69996282422
190,6-chloroquinoline,"1a, 6-Cl-Q",1,0.0004,"2a, Boronic Acid",1,Pd(OAc)2,0.0625,dppf,0.125,,2.5,THF,21.872895631487,19546.305069370075
191,6-chloroquinoline,"1a, 6-Cl-Q",1,0.0004,"2a, Boronic Acid",1,Pd(OAc)2,0.0625,Xantphos,0.125,,2.5,THF,4.57266154042595,2953.411706715859
192,6-chloroquinoline,"1a, 6-Cl-Q",1,0.0004,"2a, Boronic Acid",1,Pd(OAc)2,0.0625,,,,2.5,THF,11.5267206773054,39514.17743286249
193,6-chloroquinoline,"1a, 6-Cl-Q",1,0.0004,"2a, Boronic Acid",1,Pd(OAc)2,0.0625,P(tBu)3,0.125,NaOH,2.5,DMF,17.3301256176142,24718.361928888095
194,6-chloroquinoline,"1a, 6-Cl-Q",1,0.0004,"2a, Boronic Acid",1,Pd(OAc)2,0.0625,P(Ph)3 ,0.125,NaOH,2.5,DMF,6.27155688817173,7528.298767659944
195,6-chloroquinoline,"1a, 6-Cl-Q",1,0.0004,"2a, Boronic Acid",1,Pd(OAc)2,0.0625,AmPhos,0.125,NaOH,2.5,DMF,5.33782869968364,8328.127806166633
196,6-chloroquinoline,"1a, 6-Cl-Q",1,0.0004,"2a, Boronic Acid",1,Pd(OAc)2,0.0625,P(Cy)3,0.125,NaOH,2.5,DMF,12.7404449315301,54270.155432269625
197,6-chloroquinoline,"1a, 6-Cl-Q",1,0.0004,"2a, Boronic Acid",1,Pd(OAc)2,0.0625,P(o-Tol)3,0.125,NaOH,2.5,DMF,5.37201523252886,8183.3404301338605
198,6-chloroquinoline,"1a, 6-Cl-Q",1,0.0004,"2a, Boronic Acid",1,Pd(OAc)2,0.0625,CataCXium A,0.125,NaOH,2.5,DMF,8.59920402539801,26348.407835415503
199,6-chloroquinoline,"1a, 6-Cl-Q",1,0.0004,"2a, Boronic Acid",1,Pd(OAc)2,0.0625,SPhos,0.125,NaOH,2.5,DMF,77.8488912544994,87857.73288065547
200,6-chloroquinoline,"1a, 6-Cl-Q",1,0.0004,"2a, Boronic Acid",1,Pd(OAc)2,0.0625,dtbpf,0.125,NaOH,2.5,DMF,10.0341310578617,19606.216520700338
201,6-chloroquinoline,"1a, 6-Cl-Q",1,0.0004,"2a, Boronic Acid",1,Pd(OAc)2,0.0625,XPhos,0.125,NaOH,2.5,DMF,88.2753685705748,97337.82039119162
202,6-chloroquinoline,"1a, 6-Cl-Q",1,0.0004,"2a, Boronic Acid",1,Pd(OAc)2,0.0625,dppf,0.125,NaOH,2.5,DMF,13.8715355750171,6359.039212860686
203,6-chloroquinoline,"1a, 6-Cl-Q",1,0.0004,"2a, Boronic Acid",1,Pd(OAc)2,0.0625,Xantphos,0.125,NaOH,2.5,DMF,4.79652923515851,655.6195125332016
204,6-chloroquinoline,"1a, 6-Cl-Q",1,0.0004,"2a, Boronic Acid",1,Pd(OAc)2,0.0625,,,NaOH,2.5,DMF,8.31483573997866,31065.068734081997
205,6-chloroquinoline,"1a, 6-Cl-Q",1,0.0004,"2a, Boronic Acid",1,Pd(OAc)2,0.0625,P(tBu)3,0.125,NaHCO3,2.5,DMF,3.49558510672879,6295.1698971969445
206,6-chloroquinoline,"1a, 6-Cl-Q",1,0.0004,"2a, Boronic Acid",1,Pd(OAc)2,0.0625,P(Ph)3 ,0.125,NaHCO3,2.5,DMF,6.83848609348724,8214.458337398353
207,6-chloroquinoline,"1a, 6-Cl-Q",1,0.0004,"2a, Boronic Acid",1,Pd(OAc)2,0.0625,AmPhos,0.125,NaHCO3,2.5,DMF,2.53680423569808,4152.304436236249
208,6-chloroquinoline,"1a, 6-Cl-Q",1,0.0004,"2a, Boronic Acid",1,Pd(OAc)2,0.0625,P(Cy)3,0.125,NaHCO3,2.5,DMF,10.591735254912,45881.39838758061
209,6-chloroquinoline,"1a, 6-Cl-Q",1,0.0004,"2a, Boronic Acid",1,Pd(OAc)2,0.0625,P(o-Tol)3,0.125,NaHCO3,2.5,DMF,1.18744561040868,2340.6843506988293
210,6-chloroquinoline,"1a, 6-Cl-Q",1,0.0004,"2a, Boronic Acid",1,Pd(OAc)2,0.0625,CataCXium A,0.125,NaHCO3,2.5,DMF,7.85287792876654,29570.86014781649
211,6-chloroquinoline,"1a, 6-Cl-Q",1,0.0004,"2a, Boronic Acid",1,Pd(OAc)2,0.0625,SPhos,0.125,NaHCO3,2.5,DMF,42.1325982495637,50255.851216338095
212,6-chloroquinoline,"1a, 6-Cl-Q",1,0.0004,"2a, Boronic Acid",1,Pd(OAc)2,0.0625,dtbpf,0.125,NaHCO3,2.5,DMF,6.81416606240708,5739.176397663461
213,6-chloroquinoline,"1a, 6-Cl-Q",1,0.0004,"2a, Boronic Acid",1,Pd(OAc)2,0.0625,XPhos,0.125,NaHCO3,2.5,DMF,37.0149598879938,44467.91797639443
214,6-chloroquinoline,"1a, 6-Cl-Q",1,0.0004,"2a, Boronic Acid",1,Pd(OAc)2,0.0625,dppf,0.125,NaHCO3,2.5,DMF,16.2395448252491,12564.867232474782
215,6-chloroquinoline,"1a, 6-Cl-Q",1,0.0004,"2a, Boronic Acid",1,Pd(OAc)2,0.0625,Xantphos,0.125,NaHCO3,2.5,DMF,0.0,0.0
216,6-chloroquinoline,"1a, 6-Cl-Q",1,0.0004,"2a, Boronic Acid",1,Pd(OAc)2,0.0625,,,NaHCO3,2.5,DMF,5.29566936703616,5458.017879423403
217,6-chloroquinoline,"1a, 6-Cl-Q",1,0.0004,"2a, Boronic Acid",1,Pd(OAc)2,0.0625,P(tBu)3,0.125,CsF,2.5,DMF,1.22082393118261,2309.1473326977407
218,6-chloroquinoline,"1a, 6-Cl-Q",1,0.0004,"2a, Boronic Acid",1,Pd(OAc)2,0.0625,P(Ph)3 ,0.125,CsF,2.5,DMF,6.23649990796415,7540.005437622003
219,6-chloroquinoline,"1a, 6-Cl-Q",1,0.0004,"2a, Boronic Acid",1,Pd(OAc)2,0.0625,AmPhos,0.125,CsF,2.5,DMF,4.24741026607013,7006.688616772822
220,6-chloroquinoline,"1a, 6-Cl-Q",1,0.0004,"2a, Boronic Acid",1,Pd(OAc)2,0.0625,P(Cy)3,0.125,CsF,2.5,DMF,42.5433025739575,139599.5017333199
221,6-chloroquinoline,"1a, 6-Cl-Q",1,0.0004,"2a, Boronic Acid",1,Pd(OAc)2,0.0625,P(o-Tol)3,0.125,CsF,2.5,DMF,1.0494159569144,1868.3433732072936
222,6-chloroquinoline,"1a, 6-Cl-Q",1,0.0004,"2a, Boronic Acid",1,Pd(OAc)2,0.0625,CataCXium A,0.125,CsF,2.5,DMF,12.8923037782901,41438.09266008423
223,6-chloroquinoline,"1a, 6-Cl-Q",1,0.0004,"2a, Boronic Acid",1,Pd(OAc)2,0.0625,SPhos,0.125,CsF,2.5,DMF,63.8780654995044,64457.054683934264
224,6-chloroquinoline,"1a, 6-Cl-Q",1,0.0004,"2a, Boronic Acid",1,Pd(OAc)2,0.0625,dtbpf,0.125,CsF,2.5,DMF,8.6697734089286,13095.466923717757
225,6-chloroquinoline,"1a, 6-Cl-Q",1,0.0004,"2a, Boronic Acid",1,Pd(OAc)2,0.0625,XPhos,0.125,CsF,2.5,DMF,60.8803891772562,67185.25880738272
226,6-chloroquinoline,"1a, 6-Cl-Q",1,0.0004,"2a, Boronic Acid",1,Pd(OAc)2,0.0625,dppf,0.125,CsF,2.5,DMF,8.6697734089286,13095.466923717757
227,6-chloroquinoline,"1a, 6-Cl-Q",1,0.0004,"2a, Boronic Acid",1,Pd(OAc)2,0.0625,Xantphos,0.125,CsF,2.5,DMF,5.14533327418496,331.919203067414
228,6-chloroquinoline,"1a, 6-Cl-Q",1,0.0004,"2a, Boronic Acid",1,Pd(OAc)2,0.0625,,,CsF,2.5,DMF,18.7347029866182,11222.712778233104
229,6-chloroquinoline,"1a, 6-Cl-Q",1,0.0004,"2a, Boronic Acid",1,Pd(OAc)2,0.0625,P(tBu)3,0.125,K3PO4,2.5,DMF,3.69254079562934,6501.012420429402
230,6-chloroquinoline,"1a, 6-Cl-Q",1,0.0004,"2a, Boronic Acid",1,Pd(OAc)2,0.0625,P(Ph)3 ,0.125,K3PO4,2.5,DMF,5.29918108178033,5242.611560889433
231,6-chloroquinoline,"1a, 6-Cl-Q",1,0.0004,"2a, Boronic Acid",1,Pd(OAc)2,0.0625,AmPhos,0.125,K3PO4,2.5,DMF,5.07709453930326,8859.678414603946
232,6-chloroquinoline,"1a, 6-Cl-Q",1,0.0004,"2a, Boronic Acid",1,Pd(OAc)2,0.0625,P(Cy)3,0.125,K3PO4,2.5,DMF,6.96579609147833,6565.957051114121
233,6-chloroquinoline,"1a, 6-Cl-Q",1,0.0004,"2a, Boronic Acid",1,Pd(OAc)2,0.0625,P(o-Tol)3,0.125,K3PO4,2.5,DMF,0.988129766326499,1416.1690090596715
234,6-chloroquinoline,"1a, 6-Cl-Q",1,0.0004,"2a, Boronic Acid",1,Pd(OAc)2,0.0625,CataCXium A,0.125,K3PO4,2.5,DMF,11.9091592748023,51295.445271795696
235,6-chloroquinoline,"1a, 6-Cl-Q",1,0.0004,"2a, Boronic Acid",1,Pd(OAc)2,0.0625,SPhos,0.125,K3PO4,2.5,DMF,39.8296539843221,46718.43838853906
236,6-chloroquinoline,"1a, 6-Cl-Q",1,0.0004,"2a, Boronic Acid",1,Pd(OAc)2,0.0625,dtbpf,0.125,K3PO4,2.5,DMF,7.57878835945558,21645.889698513332
237,6-chloroquinoline,"1a, 6-Cl-Q",1,0.0004,"2a, Boronic Acid",1,Pd(OAc)2,0.0625,XPhos,0.125,K3PO4,2.5,DMF,39.4896466660449,46691.67321130988
238,6-chloroquinoline,"1a, 6-Cl-Q",1,0.0004,"2a, Boronic Acid",1,Pd(OAc)2,0.0625,dppf,0.125,K3PO4,2.5,DMF,9.03276836431198,12991.6283290746
239,6-chloroquinoline,"1a, 6-Cl-Q",1,0.0004,"2a, Boronic Acid",1,Pd(OAc)2,0.0625,Xantphos,0.125,K3PO4,2.5,DMF,0.0,0.0
240,6-chloroquinoline,"1a, 6-Cl-Q",1,0.0004,"2a, Boronic Acid",1,Pd(OAc)2,0.0625,,,K3PO4,2.5,DMF,14.0786736549013,2959.4283329035457
241,6-chloroquinoline,"1a, 6-Cl-Q",1,0.0004,"2a, Boronic Acid",1,Pd(OAc)2,0.0625,P(tBu)3,0.125,KOH,2.5,DMF,13.5475398975478,19818.351448240624
242,6-chloroquinoline,"1a, 6-Cl-Q",1,0.0004,"2a, Boronic Acid",1,Pd(OAc)2,0.0625,P(Ph)3 ,0.125,KOH,2.5,DMF,4.35998536352889,3723.8137542826744
243,6-chloroquinoline,"1a, 6-Cl-Q",1,0.0004,"2a, Boronic Acid",1,Pd(OAc)2,0.0625,AmPhos,0.125,KOH,2.5,DMF,3.2970915716778,5789.416676133844
244,6-chloroquinoline,"1a, 6-Cl-Q",1,0.0004,"2a, Boronic Acid",1,Pd(OAc)2,0.0625,P(Cy)3,0.125,KOH,2.5,DMF,7.47024695482382,7020.309201379626
245,6-chloroquinoline,"1a, 6-Cl-Q",1,0.0004,"2a, Boronic Acid",1,Pd(OAc)2,0.0625,P(o-Tol)3,0.125,KOH,2.5,DMF,3.54390034048101,6230.068050805513
246,6-chloroquinoline,"1a, 6-Cl-Q",1,0.0004,"2a, Boronic Acid",1,Pd(OAc)2,0.0625,CataCXium A,0.125,KOH,2.5,DMF,10.6667507465437,44994.31464418885
247,6-chloroquinoline,"1a, 6-Cl-Q",1,0.0004,"2a, Boronic Acid",1,Pd(OAc)2,0.0625,SPhos,0.125,KOH,2.5,DMF,62.7748205525383,68293.2959196402
248,6-chloroquinoline,"1a, 6-Cl-Q",1,0.0004,"2a, Boronic Acid",1,Pd(OAc)2,0.0625,dtbpf,0.125,KOH,2.5,DMF,8.83069339666964,23602.659330306204
249,6-chloroquinoline,"1a, 6-Cl-Q",1,0.0004,"2a, Boronic Acid",1,Pd(OAc)2,0.0625,XPhos,0.125,KOH,2.5,DMF,79.1448787933051,78869.83309770629
250,6-chloroquinoline,"1a, 6-Cl-Q",1,0.0004,"2a, Boronic Acid",1,Pd(OAc)2,0.0625,dppf,0.125,KOH,2.5,DMF,10.0736710415608,19256.083410491075
251,6-chloroquinoline,"1a, 6-Cl-Q",1,0.0004,"2a, Boronic Acid",1,Pd(OAc)2,0.0625,Xantphos,0.125,KOH,2.5,DMF,4.45873996881102,571.8399193859034
252,6-chloroquinoline,"1a, 6-Cl-Q",1,0.0004,"2a, Boronic Acid",1,Pd(OAc)2,0.0625,,,KOH,2.5,DMF,15.8812147205277,5760.542977191596
253,6-chloroquinoline,"1a, 6-Cl-Q",1,0.0004,"2a, Boronic Acid",1,Pd(OAc)2,0.0625,P(tBu)3,0.125,LiOtBu,2.5,DMF,23.0725794554218,30709.07547618756
254,6-chloroquinoline,"1a, 6-Cl-Q",1,0.0004,"2a, Boronic Acid",1,Pd(OAc)2,0.0625,P(Ph)3 ,0.125,LiOtBu,2.5,DMF,7.06662929503855,20762.596671310206
255,6-chloroquinoline,"1a, 6-Cl-Q",1,0.0004,"2a, Boronic Acid",1,Pd(OAc)2,0.0625,AmPhos,0.125,LiOtBu,2.5,DMF,4.12097046908743,6526.234284049447
256,6-chloroquinoline,"1a, 6-Cl-Q",1,0.0004,"2a, Boronic Acid",1,Pd(OAc)2,0.0625,P(Cy)3,0.125,LiOtBu,2.5,DMF,6.70759985076743,8015.989590234167
257,6-chloroquinoline,"1a, 6-Cl-Q",1,0.0004,"2a, Boronic Acid",1,Pd(OAc)2,0.0625,P(o-Tol)3,0.125,LiOtBu,2.5,DMF,2.66690196995924,4236.392496184227
258,6-chloroquinoline,"1a, 6-Cl-Q",1,0.0004,"2a, Boronic Acid",1,Pd(OAc)2,0.0625,CataCXium A,0.125,LiOtBu,2.5,DMF,6.26688976583805,19317.035847389285
259,6-chloroquinoline,"1a, 6-Cl-Q",1,0.0004,"2a, Boronic Acid",1,Pd(OAc)2,0.0625,SPhos,0.125,LiOtBu,2.5,DMF,71.5426743156485,81731.5477133897
260,6-chloroquinoline,"1a, 6-Cl-Q",1,0.0004,"2a, Boronic Acid",1,Pd(OAc)2,0.0625,dtbpf,0.125,LiOtBu,2.5,DMF,10.0123867012383,24128.47835521557
261,6-chloroquinoline,"1a, 6-Cl-Q",1,0.0004,"2a, Boronic Acid",1,Pd(OAc)2,0.0625,XPhos,0.125,LiOtBu,2.5,DMF,61.4736557075014,60868.66336210515
262,6-chloroquinoline,"1a, 6-Cl-Q",1,0.0004,"2a, Boronic Acid",1,Pd(OAc)2,0.0625,dppf,0.125,LiOtBu,2.5,DMF,9.53958263011332,16883.802574973713
263,6-chloroquinoline,"1a, 6-Cl-Q",1,0.0004,"2a, Boronic Acid",1,Pd(OAc)2,0.0625,Xantphos,0.125,LiOtBu,2.5,DMF,0.0,0.0
264,6-chloroquinoline,"1a, 6-Cl-Q",1,0.0004,"2a, Boronic Acid",1,Pd(OAc)2,0.0625,,,LiOtBu,2.5,DMF,15.8867821005092,3317.8714326271606
265,6-chloroquinoline,"1a, 6-Cl-Q",1,0.0004,"2a, Boronic Acid",1,Pd(OAc)2,0.0625,P(tBu)3,0.125,Et3N,2.5,DMF,17.90385630688,23048.478982883662
266,6-chloroquinoline,"1a, 6-Cl-Q",1,0.0004,"2a, Boronic Acid",1,Pd(OAc)2,0.0625,P(Ph)3 ,0.125,Et3N,2.5,DMF,4.61300437773432,9397.229100876766
267,6-chloroquinoline,"1a, 6-Cl-Q",1,0.0004,"2a, Boronic Acid",1,Pd(OAc)2,0.0625,AmPhos,0.125,Et3N,2.5,DMF,4.59642896981618,7168.318348735665
268,6-chloroquinoline,"1a, 6-Cl-Q",1,0.0004,"2a, Boronic Acid",1,Pd(OAc)2,0.0625,P(Cy)3,0.125,Et3N,2.5,DMF,7.56429582547112,5533.400794185433
269,6-chloroquinoline,"1a, 6-Cl-Q",1,0.0004,"2a, Boronic Acid",1,Pd(OAc)2,0.0625,P(o-Tol)3,0.125,Et3N,2.5,DMF,2.55668127054664,3714.793046154357
270,6-chloroquinoline,"1a, 6-Cl-Q",1,0.0004,"2a, Boronic Acid",1,Pd(OAc)2,0.0625,CataCXium A,0.125,Et3N,2.5,DMF,6.26426095027396,23127.266686480594
271,6-chloroquinoline,"1a, 6-Cl-Q",1,0.0004,"2a, Boronic Acid",1,Pd(OAc)2,0.0625,SPhos,0.125,Et3N,2.5,DMF,72.8355518057598,80673.39157251752
272,6-chloroquinoline,"1a, 6-Cl-Q",1,0.0004,"2a, Boronic Acid",1,Pd(OAc)2,0.0625,dtbpf,0.125,Et3N,2.5,DMF,10.1667402091094,26623.899511853233
273,6-chloroquinoline,"1a, 6-Cl-Q",1,0.0004,"2a, Boronic Acid",1,Pd(OAc)2,0.0625,XPhos,0.125,Et3N,2.5,DMF,67.4843767651673,70499.48981414479
274,6-chloroquinoline,"1a, 6-Cl-Q",1,0.0004,"2a, Boronic Acid",1,Pd(OAc)2,0.0625,dppf,0.125,Et3N,2.5,DMF,9.64307010994259,15943.641805331885
275,6-chloroquinoline,"1a, 6-Cl-Q",1,0.0004,"2a, Boronic Acid",1,Pd(OAc)2,0.0625,Xantphos,0.125,Et3N,2.5,DMF,0.0,0.0
276,6-chloroquinoline,"1a, 6-Cl-Q",1,0.0004,"2a, Boronic Acid",1,Pd(OAc)2,0.0625,,,Et3N,2.5,DMF,15.0524628547964,3012.016074523827
277,6-chloroquinoline,"1a, 6-Cl-Q",1,0.0004,"2a, Boronic Acid",1,Pd(OAc)2,0.0625,P(tBu)3,0.125,,2.5,DMF,19.0765245632751,23964.805081093295
278,6-chloroquinoline,"1a, 6-Cl-Q",1,0.0004,"2a, Boronic Acid",1,Pd(OAc)2,0.0625,P(Ph)3 ,0.125,,2.5,DMF,4.8825316301071,12553.798673827658
279,6-chloroquinoline,"1a, 6-Cl-Q",1,0.0004,"2a, Boronic Acid",1,Pd(OAc)2,0.0625,AmPhos,0.125,,2.5,DMF,5.4275666476843,9045.297606705359
280,6-chloroquinoline,"1a, 6-Cl-Q",1,0.0004,"2a, Boronic Acid",1,Pd(OAc)2,0.0625,P(Cy)3,0.125,,2.5,DMF,7.06177507228769,6774.792367242908
281,6-chloroquinoline,"1a, 6-Cl-Q",1,0.0004,"2a, Boronic Acid",1,Pd(OAc)2,0.0625,P(o-Tol)3,0.125,,2.5,DMF,1.21874963064015,2204.4982879556806
282,6-chloroquinoline,"1a, 6-Cl-Q",1,0.0004,"2a, Boronic Acid",1,Pd(OAc)2,0.0625,CataCXium A,0.125,,2.5,DMF,8.88760394948024,36044.494678530515
283,6-chloroquinoline,"1a, 6-Cl-Q",1,0.0004,"2a, Boronic Acid",1,Pd(OAc)2,0.0625,SPhos,0.125,,2.5,DMF,49.1231313338811,53073.76122892013
284,6-chloroquinoline,"1a, 6-Cl-Q",1,0.0004,"2a, Boronic Acid",1,Pd(OAc)2,0.0625,dtbpf,0.125,,2.5,DMF,11.1450714863157,30547.134954917612
285,6-chloroquinoline,"1a, 6-Cl-Q",1,0.0004,"2a, Boronic Acid",1,Pd(OAc)2,0.0625,XPhos,0.125,,2.5,DMF,43.5209625584725,48387.17911256681
286,6-chloroquinoline,"1a, 6-Cl-Q",1,0.0004,"2a, Boronic Acid",1,Pd(OAc)2,0.0625,dppf,0.125,,2.5,DMF,8.85908616746079,11900.978470958451
287,6-chloroquinoline,"1a, 6-Cl-Q",1,0.0004,"2a, Boronic Acid",1,Pd(OAc)2,0.0625,Xantphos,0.125,,2.5,DMF,0.0,0.0
288,6-chloroquinoline,"1a, 6-Cl-Q",1,0.0004,"2a, Boronic Acid",1,Pd(OAc)2,0.0625,,,,2.5,DMF,15.1234882786008,5314.201109298461
289,6-chloroquinoline,"1a, 6-Cl-Q",1,0.0004,"2a, Boronic Acid",1,Pd(OAc)2,0.0625,P(tBu)3,0.125,NaOH,2.5,MeOH,33.3686246020695,8449.866383045912
290,6-chloroquinoline,"1a, 6-Cl-Q",1,0.0004,"2a, Boronic Acid",1,Pd(OAc)2,0.0625,P(Ph)3 ,0.125,NaOH,2.5,MeOH,15.3450097553135,1943.0020287293185
291,6-chloroquinoline,"1a, 6-Cl-Q",1,0.0004,"2a, Boronic Acid",1,Pd(OAc)2,0.0625,AmPhos,0.125,NaOH,2.5,MeOH,30.95888171549,8288.999277171775
292,6-chloroquinoline,"1a, 6-Cl-Q",1,0.0004,"2a, Boronic Acid",1,Pd(OAc)2,0.0625,P(Cy)3,0.125,NaOH,2.5,MeOH,32.7228107743226,7755.364531933679
293,6-chloroquinoline,"1a, 6-Cl-Q",1,0.0004,"2a, Boronic Acid",1,Pd(OAc)2,0.0625,P(o-Tol)3,0.125,NaOH,2.5,MeOH,34.2365736501709,5380.284229294416
294,6-chloroquinoline,"1a, 6-Cl-Q",1,0.0004,"2a, Boronic Acid",1,Pd(OAc)2,0.0625,CataCXium A,0.125,NaOH,2.5,MeOH,14.9072004805931,5190.776083399491
295,6-chloroquinoline,"1a, 6-Cl-Q",1,0.0004,"2a, Boronic Acid",1,Pd(OAc)2,0.0625,SPhos,0.125,NaOH,2.5,MeOH,43.2999917758306,32620.60648676018
296,6-chloroquinoline,"1a, 6-Cl-Q",1,0.0004,"2a, Boronic Acid",1,Pd(OAc)2,0.0625,dtbpf,0.125,NaOH,2.5,MeOH,17.5681639214071,2948.894357690546
297,6-chloroquinoline,"1a, 6-Cl-Q",1,0.0004,"2a, Boronic Acid",1,Pd(OAc)2,0.0625,XPhos,0.125,NaOH,2.5,MeOH,37.6451431377011,44253.81107733396
298,6-chloroquinoline,"1a, 6-Cl-Q",1,0.0004,"2a, Boronic Acid",1,Pd(OAc)2,0.0625,dppf,0.125,NaOH,2.5,MeOH,14.5861369323008,883.0784112735488
299,6-chloroquinoline,"1a, 6-Cl-Q",1,0.0004,"2a, Boronic Acid",1,Pd(OAc)2,0.0625,Xantphos,0.125,NaOH,2.5,MeOH,13.0965528838726,829.0090077172878
300,6-chloroquinoline,"1a, 6-Cl-Q",1,0.0004,"2a, Boronic Acid",1,Pd(OAc)2,0.0625,,,NaOH,2.5,MeOH,15.3287751335987,8820.160802542583
301,6-chloroquinoline,"1a, 6-Cl-Q",1,0.0004,"2a, Boronic Acid",1,Pd(OAc)2,0.0625,P(tBu)3,0.125,NaHCO3,2.5,MeOH,27.2988732434407,5678.322571342006
302,6-chloroquinoline,"1a, 6-Cl-Q",1,0.0004,"2a, Boronic Acid",1,Pd(OAc)2,0.0625,P(Ph)3 ,0.125,NaHCO3,2.5,MeOH,37.4724646797757,8083.242141022725
303,6-chloroquinoline,"1a, 6-Cl-Q",1,0.0004,"2a, Boronic Acid",1,Pd(OAc)2,0.0625,AmPhos,0.125,NaHCO3,2.5,MeOH,13.0775640329684,1516.9410271901204
304,6-chloroquinoline,"1a, 6-Cl-Q",1,0.0004,"2a, Boronic Acid",1,Pd(OAc)2,0.0625,P(Cy)3,0.125,NaHCO3,2.5,MeOH,27.8870043258673,6237.554266413145
305,6-chloroquinoline,"1a, 6-Cl-Q",1,0.0004,"2a, Boronic Acid",1,Pd(OAc)2,0.0625,P(o-Tol)3,0.125,NaHCO3,2.5,MeOH,14.4047483719651,1132.7552613497332
306,6-chloroquinoline,"1a, 6-Cl-Q",1,0.0004,"2a, Boronic Acid",1,Pd(OAc)2,0.0625,CataCXium A,0.125,NaHCO3,2.5,MeOH,25.151362606933,7077.684904804788
307,6-chloroquinoline,"1a, 6-Cl-Q",1,0.0004,"2a, Boronic Acid",1,Pd(OAc)2,0.0625,SPhos,0.125,NaHCO3,2.5,MeOH,16.5132712003237,10441.330863426003
308,6-chloroquinoline,"1a, 6-Cl-Q",1,0.0004,"2a, Boronic Acid",1,Pd(OAc)2,0.0625,dtbpf,0.125,NaHCO3,2.5,MeOH,27.5595545053442,2860.3765081094884
309,6-chloroquinoline,"1a, 6-Cl-Q",1,0.0004,"2a, Boronic Acid",1,Pd(OAc)2,0.0625,XPhos,0.125,NaHCO3,2.5,MeOH,30.9778179622142,19234.853476756307
310,6-chloroquinoline,"1a, 6-Cl-Q",1,0.0004,"2a, Boronic Acid",1,Pd(OAc)2,0.0625,dppf,0.125,NaHCO3,2.5,MeOH,20.1635057853027,196.1474296696201
311,6-chloroquinoline,"1a, 6-Cl-Q",1,0.0004,"2a, Boronic Acid",1,Pd(OAc)2,0.0625,Xantphos,0.125,NaHCO3,2.5,MeOH,25.8984372557193,324.94641968684977
312,6-chloroquinoline,"1a, 6-Cl-Q",1,0.0004,"2a, Boronic Acid",1,Pd(OAc)2,0.0625,,,NaHCO3,2.5,MeOH,12.6453446261064,3197.3135508273617
313,6-chloroquinoline,"1a, 6-Cl-Q",1,0.0004,"2a, Boronic Acid",1,Pd(OAc)2,0.0625,P(tBu)3,0.125,CsF,2.5,MeOH,28.4479307780546,2166.0620589111722
314,6-chloroquinoline,"1a, 6-Cl-Q",1,0.0004,"2a, Boronic Acid",1,Pd(OAc)2,0.0625,P(Ph)3 ,0.125,CsF,2.5,MeOH,13.6437201709157,997.9843113581323
315,6-chloroquinoline,"1a, 6-Cl-Q",1,0.0004,"2a, Boronic Acid",1,Pd(OAc)2,0.0625,AmPhos,0.125,CsF,2.5,MeOH,31.8161138612688,2894.162495510473
316,6-chloroquinoline,"1a, 6-Cl-Q",1,0.0004,"2a, Boronic Acid",1,Pd(OAc)2,0.0625,P(Cy)3,0.125,CsF,2.5,MeOH,30.9443734111355,7073.219633606605
317,6-chloroquinoline,"1a, 6-Cl-Q",1,0.0004,"2a, Boronic Acid",1,Pd(OAc)2,0.0625,P(o-Tol)3,0.125,CsF,2.5,MeOH,31.9778129957951,1654.614543018537
318,6-chloroquinoline,"1a, 6-Cl-Q",1,0.0004,"2a, Boronic Acid",1,Pd(OAc)2,0.0625,CataCXium A,0.125,CsF,2.5,MeOH,28.1257991939562,6219.250763023078
319,6-chloroquinoline,"1a, 6-Cl-Q",1,0.0004,"2a, Boronic Acid",1,Pd(OAc)2,0.0625,SPhos,0.125,CsF,2.5,MeOH,18.416637401632,21916.32630671775
320,6-chloroquinoline,"1a, 6-Cl-Q",1,0.0004,"2a, Boronic Acid",1,Pd(OAc)2,0.0625,dtbpf,0.125,CsF,2.5,MeOH,15.4551816393562,3193.019314824544
321,6-chloroquinoline,"1a, 6-Cl-Q",1,0.0004,"2a, Boronic Acid",1,Pd(OAc)2,0.0625,XPhos,0.125,CsF,2.5,MeOH,35.0038934121785,45451.5820289502
322,6-chloroquinoline,"1a, 6-Cl-Q",1,0.0004,"2a, Boronic Acid",1,Pd(OAc)2,0.0625,dppf,0.125,CsF,2.5,MeOH,20.7051019464025,159.03388957643804
323,6-chloroquinoline,"1a, 6-Cl-Q",1,0.0004,"2a, Boronic Acid",1,Pd(OAc)2,0.0625,Xantphos,0.125,CsF,2.5,MeOH,32.2370735366268,285.92552623723293
324,6-chloroquinoline,"1a, 6-Cl-Q",1,0.0004,"2a, Boronic Acid",1,Pd(OAc)2,0.0625,,,CsF,2.5,MeOH,33.681629409575,4692.653714061212
325,6-chloroquinoline,"1a, 6-Cl-Q",1,0.0004,"2a, Boronic Acid",1,Pd(OAc)2,0.0625,P(tBu)3,0.125,K3PO4,2.5,MeOH,26.8502682369668,4179.421304861048
326,6-chloroquinoline,"1a, 6-Cl-Q",1,0.0004,"2a, Boronic Acid",1,Pd(OAc)2,0.0625,P(Ph)3 ,0.125,K3PO4,2.5,MeOH,15.4977983662797,864.7172010692609
327,6-chloroquinoline,"1a, 6-Cl-Q",1,0.0004,"2a, Boronic Acid",1,Pd(OAc)2,0.0625,AmPhos,0.125,K3PO4,2.5,MeOH,12.5657929576163,1584.2359676372096
328,6-chloroquinoline,"1a, 6-Cl-Q",1,0.0004,"2a, Boronic Acid",1,Pd(OAc)2,0.0625,P(Cy)3,0.125,K3PO4,2.5,MeOH,14.3965448980969,1347.5068667213447
329,6-chloroquinoline,"1a, 6-Cl-Q",1,0.0004,"2a, Boronic Acid",1,Pd(OAc)2,0.0625,P(o-Tol)3,0.125,K3PO4,2.5,MeOH,13.0393494127328,1242.2515858851457
330,6-chloroquinoline,"1a, 6-Cl-Q",1,0.0004,"2a, Boronic Acid",1,Pd(OAc)2,0.0625,CataCXium A,0.125,K3PO4,2.5,MeOH,15.2281211654499,2731.339630956235
331,6-chloroquinoline,"1a, 6-Cl-Q",1,0.0004,"2a, Boronic Acid",1,Pd(OAc)2,0.0625,SPhos,0.125,K3PO4,2.5,MeOH,22.2538143040283,31120.913545388754
332,6-chloroquinoline,"1a, 6-Cl-Q",1,0.0004,"2a, Boronic Acid",1,Pd(OAc)2,0.0625,dtbpf,0.125,K3PO4,2.5,MeOH,17.2841815723781,2714.3375149719473
333,6-chloroquinoline,"1a, 6-Cl-Q",1,0.0004,"2a, Boronic Acid",1,Pd(OAc)2,0.0625,XPhos,0.125,K3PO4,2.5,MeOH,22.2397467111818,27784.146460963777
334,6-chloroquinoline,"1a, 6-Cl-Q",1,0.0004,"2a, Boronic Acid",1,Pd(OAc)2,0.0625,dppf,0.125,K3PO4,2.5,MeOH,15.8290195173318,162.9730111787146
335,6-chloroquinoline,"1a, 6-Cl-Q",1,0.0004,"2a, Boronic Acid",1,Pd(OAc)2,0.0625,Xantphos,0.125,K3PO4,2.5,MeOH,14.9743801158487,123.42255713288931
336,6-chloroquinoline,"1a, 6-Cl-Q",1,0.0004,"2a, Boronic Acid",1,Pd(OAc)2,0.0625,,,K3PO4,2.5,MeOH,13.7673419168311,2661.1623180235683
337,6-chloroquinoline,"1a, 6-Cl-Q",1,0.0004,"2a, Boronic Acid",1,Pd(OAc)2,0.0625,P(tBu)3,0.125,KOH,2.5,MeOH,14.9066264798925,4895.950348588339
338,6-chloroquinoline,"1a, 6-Cl-Q",1,0.0004,"2a, Boronic Acid",1,Pd(OAc)2,0.0625,P(Ph)3 ,0.125,KOH,2.5,MeOH,18.3726199510341,1871.8008289989716
339,6-chloroquinoline,"1a, 6-Cl-Q",1,0.0004,"2a, Boronic Acid",1,Pd(OAc)2,0.0625,AmPhos,0.125,KOH,2.5,MeOH,22.5196257527756,7659.289528534247
340,6-chloroquinoline,"1a, 6-Cl-Q",1,0.0004,"2a, Boronic Acid",1,Pd(OAc)2,0.0625,P(Cy)3,0.125,KOH,2.5,MeOH,39.3059281212376,16813.908632832445
341,6-chloroquinoline,"1a, 6-Cl-Q",1,0.0004,"2a, Boronic Acid",1,Pd(OAc)2,0.0625,P(o-Tol)3,0.125,KOH,2.5,MeOH,18.2419588944286,10131.052508838033
342,6-chloroquinoline,"1a, 6-Cl-Q",1,0.0004,"2a, Boronic Acid",1,Pd(OAc)2,0.0625,CataCXium A,0.125,KOH,2.5,MeOH,30.7733784438108,6064.056612072258
343,6-chloroquinoline,"1a, 6-Cl-Q",1,0.0004,"2a, Boronic Acid",1,Pd(OAc)2,0.0625,SPhos,0.125,KOH,2.5,MeOH,19.0166173545135,13899.622391337985
344,6-chloroquinoline,"1a, 6-Cl-Q",1,0.0004,"2a, Boronic Acid",1,Pd(OAc)2,0.0625,dtbpf,0.125,KOH,2.5,MeOH,16.0317911160499,5770.057656890663
345,6-chloroquinoline,"1a, 6-Cl-Q",1,0.0004,"2a, Boronic Acid",1,Pd(OAc)2,0.0625,XPhos,0.125,KOH,2.5,MeOH,40.249292419005,76362.58008987797
346,6-chloroquinoline,"1a, 6-Cl-Q",1,0.0004,"2a, Boronic Acid",1,Pd(OAc)2,0.0625,dppf,0.125,KOH,2.5,MeOH,17.6788364487885,1024.5041377762896
347,6-chloroquinoline,"1a, 6-Cl-Q",1,0.0004,"2a, Boronic Acid",1,Pd(OAc)2,0.0625,Xantphos,0.125,KOH,2.5,MeOH,15.6421247051227,1808.238731455001
348,6-chloroquinoline,"1a, 6-Cl-Q",1,0.0004,"2a, Boronic Acid",1,Pd(OAc)2,0.0625,,,KOH,2.5,MeOH,26.2732573639549,7353.77298455383
349,6-chloroquinoline,"1a, 6-Cl-Q",1,0.0004,"2a, Boronic Acid",1,Pd(OAc)2,0.0625,P(tBu)3,0.125,LiOtBu,2.5,MeOH,12.8483834861798,4833.818164504163
350,6-chloroquinoline,"1a, 6-Cl-Q",1,0.0004,"2a, Boronic Acid",1,Pd(OAc)2,0.0625,P(Ph)3 ,0.125,LiOtBu,2.5,MeOH,22.9308714939199,2907.310059015715
351,6-chloroquinoline,"1a, 6-Cl-Q",1,0.0004,"2a, Boronic Acid",1,Pd(OAc)2,0.0625,AmPhos,0.125,LiOtBu,2.5,MeOH,12.7863872944682,1385.7612391642292
352,6-chloroquinoline,"1a, 6-Cl-Q",1,0.0004,"2a, Boronic Acid",1,Pd(OAc)2,0.0625,P(Cy)3,0.125,LiOtBu,2.5,MeOH,13.3134959058639,1661.4297143100016
353,6-chloroquinoline,"1a, 6-Cl-Q",1,0.0004,"2a, Boronic Acid",1,Pd(OAc)2,0.0625,P(o-Tol)3,0.125,LiOtBu,2.5,MeOH,11.6387643881743,4275.752205548454
354,6-chloroquinoline,"1a, 6-Cl-Q",1,0.0004,"2a, Boronic Acid",1,Pd(OAc)2,0.0625,CataCXium A,0.125,LiOtBu,2.5,MeOH,13.562445184587,1598.4000146888188
355,6-chloroquinoline,"1a, 6-Cl-Q",1,0.0004,"2a, Boronic Acid",1,Pd(OAc)2,0.0625,SPhos,0.125,LiOtBu,2.5,MeOH,16.8303425941005,6670.449908747853
356,6-chloroquinoline,"1a, 6-Cl-Q",1,0.0004,"2a, Boronic Acid",1,Pd(OAc)2,0.0625,dtbpf,0.125,LiOtBu,2.5,MeOH,21.5478088287407,832.2821757185196
357,6-chloroquinoline,"1a, 6-Cl-Q",1,0.0004,"2a, Boronic Acid",1,Pd(OAc)2,0.0625,XPhos,0.125,LiOtBu,2.5,MeOH,27.3315804937304,22537.617241932814
358,6-chloroquinoline,"1a, 6-Cl-Q",1,0.0004,"2a, Boronic Acid",1,Pd(OAc)2,0.0625,dppf,0.125,LiOtBu,2.5,MeOH,26.9660172151336,421.43451574897165
359,6-chloroquinoline,"1a, 6-Cl-Q",1,0.0004,"2a, Boronic Acid",1,Pd(OAc)2,0.0625,Xantphos,0.125,LiOtBu,2.5,MeOH,25.5475487427508,349.5032384895218
360,6-chloroquinoline,"1a, 6-Cl-Q",1,0.0004,"2a, Boronic Acid",1,Pd(OAc)2,0.0625,,,LiOtBu,2.5,MeOH,15.4193357422559,6671.47198305979
361,6-chloroquinoline,"1a, 6-Cl-Q",1,0.0004,"2a, Boronic Acid",1,Pd(OAc)2,0.0625,P(tBu)3,0.125,Et3N,2.5,MeOH,12.6211260525753,1276.2498545660605
362,6-chloroquinoline,"1a, 6-Cl-Q",1,0.0004,"2a, Boronic Acid",1,Pd(OAc)2,0.0625,P(Ph)3 ,0.125,Et3N,2.5,MeOH,17.4322145602985,988.672479806181
363,6-chloroquinoline,"1a, 6-Cl-Q",1,0.0004,"2a, Boronic Acid",1,Pd(OAc)2,0.0625,AmPhos,0.125,Et3N,2.5,MeOH,13.3461992881114,2980.5632183857833
364,6-chloroquinoline,"1a, 6-Cl-Q",1,0.0004,"2a, Boronic Acid",1,Pd(OAc)2,0.0625,P(Cy)3,0.125,Et3N,2.5,MeOH,27.8880804699825,4591.784179102586
365,6-chloroquinoline,"1a, 6-Cl-Q",1,0.0004,"2a, Boronic Acid",1,Pd(OAc)2,0.0625,P(o-Tol)3,0.125,Et3N,2.5,MeOH,14.6491021576651,855.8411709761978
366,6-chloroquinoline,"1a, 6-Cl-Q",1,0.0004,"2a, Boronic Acid",1,Pd(OAc)2,0.0625,CataCXium A,0.125,Et3N,2.5,MeOH,31.023366249855,6487.520976600522
367,6-chloroquinoline,"1a, 6-Cl-Q",1,0.0004,"2a, Boronic Acid",1,Pd(OAc)2,0.0625,SPhos,0.125,Et3N,2.5,MeOH,18.0202351501091,18530.002312368844
368,6-chloroquinoline,"1a, 6-Cl-Q",1,0.0004,"2a, Boronic Acid",1,Pd(OAc)2,0.0625,dtbpf,0.125,Et3N,2.5,MeOH,16.245242834377,3297.9479686417185
369,6-chloroquinoline,"1a, 6-Cl-Q",1,0.0004,"2a, Boronic Acid",1,Pd(OAc)2,0.0625,XPhos,0.125,Et3N,2.5,MeOH,32.8601183833549,21327.3083529414
370,6-chloroquinoline,"1a, 6-Cl-Q",1,0.0004,"2a, Boronic Acid",1,Pd(OAc)2,0.0625,dppf,0.125,Et3N,2.5,MeOH,37.8531778947501,221.7889000691654
371,6-chloroquinoline,"1a, 6-Cl-Q",1,0.0004,"2a, Boronic Acid",1,Pd(OAc)2,0.0625,Xantphos,0.125,Et3N,2.5,MeOH,15.1811923219777,92.7571698071887
372,6-chloroquinoline,"1a, 6-Cl-Q",1,0.0004,"2a, Boronic Acid",1,Pd(OAc)2,0.0625,,,Et3N,2.5,MeOH,15.3646328869685,1744.4409667121622
373,6-chloroquinoline,"1a, 6-Cl-Q",1,0.0004,"2a, Boronic Acid",1,Pd(OAc)2,0.0625,P(tBu)3,0.125,,2.5,MeOH,13.8795032738065,4946.716010833337
374,6-chloroquinoline,"1a, 6-Cl-Q",1,0.0004,"2a, Boronic Acid",1,Pd(OAc)2,0.0625,P(Ph)3 ,0.125,,2.5,MeOH,14.6994500838519,2735.4002329055893
375,6-chloroquinoline,"1a, 6-Cl-Q",1,0.0004,"2a, Boronic Acid",1,Pd(OAc)2,0.0625,AmPhos,0.125,,2.5,MeOH,32.2546483838239,13423.656548805411
376,6-chloroquinoline,"1a, 6-Cl-Q",1,0.0004,"2a, Boronic Acid",1,Pd(OAc)2,0.0625,P(Cy)3,0.125,,2.5,MeOH,17.6510887581189,15175.539522456274
377,6-chloroquinoline,"1a, 6-Cl-Q",1,0.0004,"2a, Boronic Acid",1,Pd(OAc)2,0.0625,P(o-Tol)3,0.125,,2.5,MeOH,16.9869857765644,2596.818326530882
378,6-chloroquinoline,"1a, 6-Cl-Q",1,0.0004,"2a, Boronic Acid",1,Pd(OAc)2,0.0625,CataCXium A,0.125,,2.5,MeOH,41.5918731867168,23184.846471961886
379,6-chloroquinoline,"1a, 6-Cl-Q",1,0.0004,"2a, Boronic Acid",1,Pd(OAc)2,0.0625,SPhos,0.125,,2.5,MeOH,21.4729131753127,32392.65826022523
380,6-chloroquinoline,"1a, 6-Cl-Q",1,0.0004,"2a, Boronic Acid",1,Pd(OAc)2,0.0625,dtbpf,0.125,,2.5,MeOH,18.2506178025478,7811.650545296043
381,6-chloroquinoline,"1a, 6-Cl-Q",1,0.0004,"2a, Boronic Acid",1,Pd(OAc)2,0.0625,XPhos,0.125,,2.5,MeOH,37.8712785830679,37785.502240403854
382,6-chloroquinoline,"1a, 6-Cl-Q",1,0.0004,"2a, Boronic Acid",1,Pd(OAc)2,0.0625,dppf,0.125,,2.5,MeOH,30.355572946107,255.70801408455554
383,6-chloroquinoline,"1a, 6-Cl-Q",1,0.0004,"2a, Boronic Acid",1,Pd(OAc)2,0.0625,Xantphos,0.125,,2.5,MeOH,35.3158860812902,735.7809598116547
384,6-chloroquinoline,"1a, 6-Cl-Q",1,0.0004,"2a, Boronic Acid",1,Pd(OAc)2,0.0625,,,,2.5,MeOH,13.9066953068002,1498.1261798942987
385,6-Bromoquinoline,"1b, 6-Br-Q",1,0.0004,"2a, Boronic Acid",1,Pd(OAc)2,0.0625,P(tBu)3,0.125,NaOH,2.5,MeCN,79.3058735089457,86207.43395097714
386,6-Bromoquinoline,"1b, 6-Br-Q",1,0.0004,"2a, Boronic Acid",1,Pd(OAc)2,0.0625,P(Ph)3 ,0.125,NaOH,2.5,MeCN,85.4323885219076,325583.42961441085
387,6-Bromoquinoline,"1b, 6-Br-Q",1,0.0004,"2a, Boronic Acid",1,Pd(OAc)2,0.0625,AmPhos,0.125,NaOH,2.5,MeCN,86.8237536420014,102294.48529304446
388,6-Bromoquinoline,"1b, 6-Br-Q",1,0.0004,"2a, Boronic Acid",1,Pd(OAc)2,0.0625,P(Cy)3,0.125,NaOH,2.5,MeCN,75.9827678379371,286107.7160702097
389,6-Bromoquinoline,"1b, 6-Br-Q",1,0.0004,"2a, Boronic Acid",1,Pd(OAc)2,0.0625,P(o-Tol)3,0.125,NaOH,2.5,MeCN,41.7981680436534,47953.639314121145
390,6-Bromoquinoline,"1b, 6-Br-Q",1,0.0004,"2a, Boronic Acid",1,Pd(OAc)2,0.0625,CataCXium A,0.125,NaOH,2.5,MeCN,96.3777560137793,309256.8037222636
391,6-Bromoquinoline,"1b, 6-Br-Q",1,0.0004,"2a, Boronic Acid",1,Pd(OAc)2,0.0625,SPhos,0.125,NaOH,2.5,MeCN,92.6348539875478,100888.61486254021
392,6-Bromoquinoline,"1b, 6-Br-Q",1,0.0004,"2a, Boronic Acid",1,Pd(OAc)2,0.0625,dtbpf,0.125,NaOH,2.5,MeCN,46.7942717832163,142996.5608320052
393,6-Bromoquinoline,"1b, 6-Br-Q",1,0.0004,"2a, Boronic Acid",1,Pd(OAc)2,0.0625,XPhos,0.125,NaOH,2.5,MeCN,90.2063870232358,100552.53509505848
394,6-Bromoquinoline,"1b, 6-Br-Q",1,0.0004,"2a, Boronic Acid",1,Pd(OAc)2,0.0625,dppf,0.125,NaOH,2.5,MeCN,26.0223686397464,59397.40325757012
395,6-Bromoquinoline,"1b, 6-Br-Q",1,0.0004,"2a, Boronic Acid",1,Pd(OAc)2,0.0625,Xantphos,0.125,NaOH,2.5,MeCN,10.7375169949463,15001.602229465023
396,6-Bromoquinoline,"1b, 6-Br-Q",1,0.0004,"2a, Boronic Acid",1,Pd(OAc)2,0.0625,,,NaOH,2.5,MeCN,43.1542127455493,116257.83232887746
397,6-Bromoquinoline,"1b, 6-Br-Q",1,0.0004,"2a, Boronic Acid",1,Pd(OAc)2,0.0625,P(tBu)3,0.125,NaHCO3,2.5,MeCN,93.2964339654533,101295.60321346094
398,6-Bromoquinoline,"1b, 6-Br-Q",1,0.0004,"2a, Boronic Acid",1,Pd(OAc)2,0.0625,P(Ph)3 ,0.125,NaHCO3,2.5,MeCN,90.8868932305634,296764.7656599635
399,6-Bromoquinoline,"1b, 6-Br-Q",1,0.0004,"2a, Boronic Acid",1,Pd(OAc)2,0.0625,AmPhos,0.125,NaHCO3,2.5,MeCN,93.4429714882574,112826.87365145439
400,6-Bromoquinoline,"1b, 6-Br-Q",1,0.0004,"2a, Boronic Acid",1,Pd(OAc)2,0.0625,P(Cy)3,0.125,NaHCO3,2.5,MeCN,86.1336620157903,295155.8366187819
401,6-Bromoquinoline,"1b, 6-Br-Q",1,0.0004,"2a, Boronic Acid",1,Pd(OAc)2,0.0625,P(o-Tol)3,0.125,NaHCO3,2.5,MeCN,28.21750835074,35498.524770098185
402,6-Bromoquinoline,"1b, 6-Br-Q",1,0.0004,"2a, Boronic Acid",1,Pd(OAc)2,0.0625,CataCXium A,0.125,NaHCO3,2.5,MeCN,93.9401097845464,290653.05769604765
403,6-Bromoquinoline,"1b, 6-Br-Q",1,0.0004,"2a, Boronic Acid",1,Pd(OAc)2,0.0625,SPhos,0.125,NaHCO3,2.5,MeCN,71.1085639689835,74508.32320506385
404,6-Bromoquinoline,"1b, 6-Br-Q",1,0.0004,"2a, Boronic Acid",1,Pd(OAc)2,0.0625,dtbpf,0.125,NaHCO3,2.5,MeCN,33.6087400359218,97090.78307355207
405,6-Bromoquinoline,"1b, 6-Br-Q",1,0.0004,"2a, Boronic Acid",1,Pd(OAc)2,0.0625,XPhos,0.125,NaHCO3,2.5,MeCN,56.9614281729532,59185.43663679793
406,6-Bromoquinoline,"1b, 6-Br-Q",1,0.0004,"2a, Boronic Acid",1,Pd(OAc)2,0.0625,dppf,0.125,NaHCO3,2.5,MeCN,59.5377034789116,164022.654925678
407,6-Bromoquinoline,"1b, 6-Br-Q",1,0.0004,"2a, Boronic Acid",1,Pd(OAc)2,0.0625,Xantphos,0.125,NaHCO3,2.5,MeCN,0.637304967732702,3770.195467303421
408,6-Bromoquinoline,"1b, 6-Br-Q",1,0.0004,"2a, Boronic Acid",1,Pd(OAc)2,0.0625,,,NaHCO3,2.5,MeCN,23.1702052678754,69922.58643562825
409,6-Bromoquinoline,"1b, 6-Br-Q",1,0.0004,"2a, Boronic Acid",1,Pd(OAc)2,0.0625,P(tBu)3,0.125,CsF,2.5,MeCN,76.514431100806,81453.44972076677
410,6-Bromoquinoline,"1b, 6-Br-Q",1,0.0004,"2a, Boronic Acid",1,Pd(OAc)2,0.0625,P(Ph)3 ,0.125,CsF,2.5,MeCN,68.499153125392,254361.82381177758
411,6-Bromoquinoline,"1b, 6-Br-Q",1,0.0004,"2a, Boronic Acid",1,Pd(OAc)2,0.0625,AmPhos,0.125,CsF,2.5,MeCN,83.5978581948845,95322.88249433236
412,6-Bromoquinoline,"1b, 6-Br-Q",1,0.0004,"2a, Boronic Acid",1,Pd(OAc)2,0.0625,P(Cy)3,0.125,CsF,2.5,MeCN,70.9954176663073,250842.8712456077
413,6-Bromoquinoline,"1b, 6-Br-Q",1,0.0004,"2a, Boronic Acid",1,Pd(OAc)2,0.0625,P(o-Tol)3,0.125,CsF,2.5,MeCN,39.9838434308955,45090.087981044395
414,6-Bromoquinoline,"1b, 6-Br-Q",1,0.0004,"2a, Boronic Acid",1,Pd(OAc)2,0.0625,CataCXium A,0.125,CsF,2.5,MeCN,84.0207059542337,248434.8661855204
415,6-Bromoquinoline,"1b, 6-Br-Q",1,0.0004,"2a, Boronic Acid",1,Pd(OAc)2,0.0625,SPhos,0.125,CsF,2.5,MeCN,46.8052214906064,50545.46623937672
416,6-Bromoquinoline,"1b, 6-Br-Q",1,0.0004,"2a, Boronic Acid",1,Pd(OAc)2,0.0625,dtbpf,0.125,CsF,2.5,MeCN,37.3575208499762,110702.3937824065
417,6-Bromoquinoline,"1b, 6-Br-Q",1,0.0004,"2a, Boronic Acid",1,Pd(OAc)2,0.0625,XPhos,0.125,CsF,2.5,MeCN,46.081145490547,48451.06911977834
418,6-Bromoquinoline,"1b, 6-Br-Q",1,0.0004,"2a, Boronic Acid",1,Pd(OAc)2,0.0625,dppf,0.125,CsF,2.5,MeCN,47.4619966140896,156919.56127025638
419,6-Bromoquinoline,"1b, 6-Br-Q",1,0.0004,"2a, Boronic Acid",1,Pd(OAc)2,0.0625,Xantphos,0.125,CsF,2.5,MeCN,1.21200968231036,2446.139963521493
420,6-Bromoquinoline,"1b, 6-Br-Q",1,0.0004,"2a, Boronic Acid",1,Pd(OAc)2,0.0625,,,CsF,2.5,MeCN,19.090403327123,54755.081748817334
421,6-Bromoquinoline,"1b, 6-Br-Q",1,0.0004,"2a, Boronic Acid",1,Pd(OAc)2,0.0625,P(tBu)3,0.125,K3PO4,2.5,MeCN,67.1406210140979,69327.75745625069
422,6-Bromoquinoline,"1b, 6-Br-Q",1,0.0004,"2a, Boronic Acid",1,Pd(OAc)2,0.0625,P(Ph)3 ,0.125,K3PO4,2.5,MeCN,62.5643020715499,262670.6170573997
423,6-Bromoquinoline,"1b, 6-Br-Q",1,0.0004,"2a, Boronic Acid",1,Pd(OAc)2,0.0625,AmPhos,0.125,K3PO4,2.5,MeCN,77.7103431674678,97756.62632660764
424,6-Bromoquinoline,"1b, 6-Br-Q",1,0.0004,"2a, Boronic Acid",1,Pd(OAc)2,0.0625,P(Cy)3,0.125,K3PO4,2.5,MeCN,48.1714185233041,174554.19628535485
425,6-Bromoquinoline,"1b, 6-Br-Q",1,0.0004,"2a, Boronic Acid",1,Pd(OAc)2,0.0625,P(o-Tol)3,0.125,K3PO4,2.5,MeCN,30.4007597011851,35359.94941923553
426,6-Bromoquinoline,"1b, 6-Br-Q",1,0.0004,"2a, Boronic Acid",1,Pd(OAc)2,0.0625,CataCXium A,0.125,K3PO4,2.5,MeCN,82.6873381679497,198501.4525508616
427,6-Bromoquinoline,"1b, 6-Br-Q",1,0.0004,"2a, Boronic Acid",1,Pd(OAc)2,0.0625,SPhos,0.125,K3PO4,2.5,MeCN,36.0816610133423,45449.61897308872
428,6-Bromoquinoline,"1b, 6-Br-Q",1,0.0004,"2a, Boronic Acid",1,Pd(OAc)2,0.0625,dtbpf,0.125,K3PO4,2.5,MeCN,36.4170291581118,98926.00061151799
429,6-Bromoquinoline,"1b, 6-Br-Q",1,0.0004,"2a, Boronic Acid",1,Pd(OAc)2,0.0625,XPhos,0.125,K3PO4,2.5,MeCN,34.0325267208681,39802.69288269955
430,6-Bromoquinoline,"1b, 6-Br-Q",1,0.0004,"2a, Boronic Acid",1,Pd(OAc)2,0.0625,dppf,0.125,K3PO4,2.5,MeCN,46.7290772717741,122170.22513889716
431,6-Bromoquinoline,"1b, 6-Br-Q",1,0.0004,"2a, Boronic Acid",1,Pd(OAc)2,0.0625,Xantphos,0.125,K3PO4,2.5,MeCN,1.04773556690246,1728.721946656715
432,6-Bromoquinoline,"1b, 6-Br-Q",1,0.0004,"2a, Boronic Acid",1,Pd(OAc)2,0.0625,,,K3PO4,2.5,MeCN,10.1332077670422,35021.98449678026
433,6-Bromoquinoline,"1b, 6-Br-Q",1,0.0004,"2a, Boronic Acid",1,Pd(OAc)2,0.0625,P(tBu)3,0.125,KOH,2.5,MeCN,78.7463949865354,78257.32947890175
434,6-Bromoquinoline,"1b, 6-Br-Q",1,0.0004,"2a, Boronic Acid",1,Pd(OAc)2,0.0625,P(Ph)3 ,0.125,KOH,2.5,MeCN,76.7222979653099,245416.2092906192
435,6-Bromoquinoline,"1b, 6-Br-Q",1,0.0004,"2a, Boronic Acid",1,Pd(OAc)2,0.0625,AmPhos,0.125,KOH,2.5,MeCN,87.4742953227683,94710.77407037925
436,6-Bromoquinoline,"1b, 6-Br-Q",1,0.0004,"2a, Boronic Acid",1,Pd(OAc)2,0.0625,P(Cy)3,0.125,KOH,2.5,MeCN,63.2027274804215,205281.93562257127
437,6-Bromoquinoline,"1b, 6-Br-Q",1,0.0004,"2a, Boronic Acid",1,Pd(OAc)2,0.0625,P(o-Tol)3,0.125,KOH,2.5,MeCN,40.0559059542472,44179.43222787414
438,6-Bromoquinoline,"1b, 6-Br-Q",1,0.0004,"2a, Boronic Acid",1,Pd(OAc)2,0.0625,CataCXium A,0.125,KOH,2.5,MeCN,95.568229157529,278728.7968112767
439,6-Bromoquinoline,"1b, 6-Br-Q",1,0.0004,"2a, Boronic Acid",1,Pd(OAc)2,0.0625,SPhos,0.125,KOH,2.5,MeCN,71.7120513627811,81284.5949699201
440,6-Bromoquinoline,"1b, 6-Br-Q",1,0.0004,"2a, Boronic Acid",1,Pd(OAc)2,0.0625,dtbpf,0.125,KOH,2.5,MeCN,39.9796885856858,124118.57198766366
441,6-Bromoquinoline,"1b, 6-Br-Q",1,0.0004,"2a, Boronic Acid",1,Pd(OAc)2,0.0625,XPhos,0.125,KOH,2.5,MeCN,74.1514156057469,69419.18930840233
442,6-Bromoquinoline,"1b, 6-Br-Q",1,0.0004,"2a, Boronic Acid",1,Pd(OAc)2,0.0625,dppf,0.125,KOH,2.5,MeCN,49.2451569795546,135947.8168796697
443,6-Bromoquinoline,"1b, 6-Br-Q",1,0.0004,"2a, Boronic Acid",1,Pd(OAc)2,0.0625,Xantphos,0.125,KOH,2.5,MeCN,9.38703929805834,10683.381843642237
444,6-Bromoquinoline,"1b, 6-Br-Q",1,0.0004,"2a, Boronic Acid",1,Pd(OAc)2,0.0625,,,KOH,2.5,MeCN,20.9446895988713,70640.95135876574
445,6-Bromoquinoline,"1b, 6-Br-Q",1,0.0004,"2a, Boronic Acid",1,Pd(OAc)2,0.0625,P(tBu)3,0.125,LiOtBu,2.5,MeCN,90.9881000089726,96078.89805257678
446,6-Bromoquinoline,"1b, 6-Br-Q",1,0.0004,"2a, Boronic Acid",1,Pd(OAc)2,0.0625,P(Ph)3 ,0.125,LiOtBu,2.5,MeCN,96.7609424689599,335160.05882084306
447,6-Bromoquinoline,"1b, 6-Br-Q",1,0.0004,"2a, Boronic Acid",1,Pd(OAc)2,0.0625,AmPhos,0.125,LiOtBu,2.5,MeCN,91.9298669617397,100408.38396443918
448,6-Bromoquinoline,"1b, 6-Br-Q",1,0.0004,"2a, Boronic Acid",1,Pd(OAc)2,0.0625,P(Cy)3,0.125,LiOtBu,2.5,MeCN,87.4932311504694,276592.75221478124
449,6-Bromoquinoline,"1b, 6-Br-Q",1,0.0004,"2a, Boronic Acid",1,Pd(OAc)2,0.0625,P(o-Tol)3,0.125,LiOtBu,2.5,MeCN,34.7271754713206,37595.65740187533
450,6-Bromoquinoline,"1b, 6-Br-Q",1,0.0004,"2a, Boronic Acid",1,Pd(OAc)2,0.0625,CataCXium A,0.125,LiOtBu,2.5,MeCN,95.8759745965932,245156.88723013064
451,6-Bromoquinoline,"1b, 6-Br-Q",1,0.0004,"2a, Boronic Acid",1,Pd(OAc)2,0.0625,SPhos,0.125,LiOtBu,2.5,MeCN,92.5255059883806,91829.63331194638
452,6-Bromoquinoline,"1b, 6-Br-Q",1,0.0004,"2a, Boronic Acid",1,Pd(OAc)2,0.0625,dtbpf,0.125,LiOtBu,2.5,MeCN,48.9937734631707,138700.51923623396
453,6-Bromoquinoline,"1b, 6-Br-Q",1,0.0004,"2a, Boronic Acid",1,Pd(OAc)2,0.0625,XPhos,0.125,LiOtBu,2.5,MeCN,75.5378037867353,77450.48341483848
454,6-Bromoquinoline,"1b, 6-Br-Q",1,0.0004,"2a, Boronic Acid",1,Pd(OAc)2,0.0625,dppf,0.125,LiOtBu,2.5,MeCN,31.6507527894339,71970.54629532018
455,6-Bromoquinoline,"1b, 6-Br-Q",1,0.0004,"2a, Boronic Acid",1,Pd(OAc)2,0.0625,Xantphos,0.125,LiOtBu,2.5,MeCN,9.99382486028393,14226.080484128586
456,6-Bromoquinoline,"1b, 6-Br-Q",1,0.0004,"2a, Boronic Acid",1,Pd(OAc)2,0.0625,,,LiOtBu,2.5,MeCN,27.9360056540966,86737.85934961069
457,6-Bromoquinoline,"1b, 6-Br-Q",1,0.0004,"2a, Boronic Acid",1,Pd(OAc)2,0.0625,P(tBu)3,0.125,Et3N,2.5,MeCN,91.952898933144,101936.68555750696
458,6-Bromoquinoline,"1b, 6-Br-Q",1,0.0004,"2a, Boronic Acid",1,Pd(OAc)2,0.0625,P(Ph)3 ,0.125,Et3N,2.5,MeCN,88.8995505132022,306946.5770312116
459,6-Bromoquinoline,"1b, 6-Br-Q",1,0.0004,"2a, Boronic Acid",1,Pd(OAc)2,0.0625,AmPhos,0.125,Et3N,2.5,MeCN,91.3153320096311,96483.55957731382
460,6-Bromoquinoline,"1b, 6-Br-Q",1,0.0004,"2a, Boronic Acid",1,Pd(OAc)2,0.0625,P(Cy)3,0.125,Et3N,2.5,MeCN,90.6035200560835,298241.24397903355
461,6-Bromoquinoline,"1b, 6-Br-Q",1,0.0004,"2a, Boronic Acid",1,Pd(OAc)2,0.0625,P(o-Tol)3,0.125,Et3N,2.5,MeCN,25.7204000110791,31145.385818945375
462,6-Bromoquinoline,"1b, 6-Br-Q",1,0.0004,"2a, Boronic Acid",1,Pd(OAc)2,0.0625,CataCXium A,0.125,Et3N,2.5,MeCN,96.0522956516848,234365.07341706986
463,6-Bromoquinoline,"1b, 6-Br-Q",1,0.0004,"2a, Boronic Acid",1,Pd(OAc)2,0.0625,SPhos,0.125,Et3N,2.5,MeCN,81.1565378298123,89408.75125851121
464,6-Bromoquinoline,"1b, 6-Br-Q",1,0.0004,"2a, Boronic Acid",1,Pd(OAc)2,0.0625,dtbpf,0.125,Et3N,2.5,MeCN,38.8778316787673,123429.99597325861
465,6-Bromoquinoline,"1b, 6-Br-Q",1,0.0004,"2a, Boronic Acid",1,Pd(OAc)2,0.0625,XPhos,0.125,Et3N,2.5,MeCN,64.301145622985,65575.22131706396
466,6-Bromoquinoline,"1b, 6-Br-Q",1,0.0004,"2a, Boronic Acid",1,Pd(OAc)2,0.0625,dppf,0.125,Et3N,2.5,MeCN,57.4149395882363,134614.69553455216
467,6-Bromoquinoline,"1b, 6-Br-Q",1,0.0004,"2a, Boronic Acid",1,Pd(OAc)2,0.0625,Xantphos,0.125,Et3N,2.5,MeCN,5.49381764253294,8808.663359702345
468,6-Bromoquinoline,"1b, 6-Br-Q",1,0.0004,"2a, Boronic Acid",1,Pd(OAc)2,0.0625,,,Et3N,2.5,MeCN,16.8188211369926,54114.893885779005
469,6-Bromoquinoline,"1b, 6-Br-Q",1,0.0004,"2a, Boronic Acid",1,Pd(OAc)2,0.0625,P(tBu)3,0.125,,2.5,MeCN,91.087222813388,95875.01821704028
470,6-Bromoquinoline,"1b, 6-Br-Q",1,0.0004,"2a, Boronic Acid",1,Pd(OAc)2,0.0625,P(Ph)3 ,0.125,,2.5,MeCN,83.3435681093434,275004.3974406089
471,6-Bromoquinoline,"1b, 6-Br-Q",1,0.0004,"2a, Boronic Acid",1,Pd(OAc)2,0.0625,AmPhos,0.125,,2.5,MeCN,90.3447421927081,99102.51019073157
472,6-Bromoquinoline,"1b, 6-Br-Q",1,0.0004,"2a, Boronic Acid",1,Pd(OAc)2,0.0625,P(Cy)3,0.125,,2.5,MeCN,67.7254172018757,230645.08171582935
473,6-Bromoquinoline,"1b, 6-Br-Q",1,0.0004,"2a, Boronic Acid",1,Pd(OAc)2,0.0625,P(o-Tol)3,0.125,,2.5,MeCN,21.433123768133,28436.02040612765
474,6-Bromoquinoline,"1b, 6-Br-Q",1,0.0004,"2a, Boronic Acid",1,Pd(OAc)2,0.0625,CataCXium A,0.125,,2.5,MeCN,91.8076837260175,260741.70849410965
475,6-Bromoquinoline,"1b, 6-Br-Q",1,0.0004,"2a, Boronic Acid",1,Pd(OAc)2,0.0625,SPhos,0.125,,2.5,MeCN,61.6028054419406,64981.20112579088
476,6-Bromoquinoline,"1b, 6-Br-Q",1,0.0004,"2a, Boronic Acid",1,Pd(OAc)2,0.0625,dtbpf,0.125,,2.5,MeCN,47.6692785469898,158153.65455206475
477,6-Bromoquinoline,"1b, 6-Br-Q",1,0.0004,"2a, Boronic Acid",1,Pd(OAc)2,0.0625,XPhos,0.125,,2.5,MeCN,42.6910274728034,48054.35283070039
478,6-Bromoquinoline,"1b, 6-Br-Q",1,0.0004,"2a, Boronic Acid",1,Pd(OAc)2,0.0625,dppf,0.125,,2.5,MeCN,62.1278487707647,152770.85421999876
479,6-Bromoquinoline,"1b, 6-Br-Q",1,0.0004,"2a, Boronic Acid",1,Pd(OAc)2,0.0625,Xantphos,0.125,,2.5,MeCN,0.458217175311709,4632.428288478951
480,6-Bromoquinoline,"1b, 6-Br-Q",1,0.0004,"2a, Boronic Acid",1,Pd(OAc)2,0.0625,,,,2.5,MeCN,14.5607995062144,43547.254915211895
481,6-Bromoquinoline,"1b, 6-Br-Q",1,0.0004,"2a, Boronic Acid",1,Pd(OAc)2,0.0625,P(tBu)3,0.125,NaOH,2.5,THF,87.8245536400365,105894.6253186118
482,6-Bromoquinoline,"1b, 6-Br-Q",1,0.0004,"2a, Boronic Acid",1,Pd(OAc)2,0.0625,P(Ph)3 ,0.125,NaOH,2.5,THF,90.2136774697692,336000.6147759163
483,6-Bromoquinoline,"1b, 6-Br-Q",1,0.0004,"2a, Boronic Acid",1,Pd(OAc)2,0.0625,AmPhos,0.125,NaOH,2.5,THF,86.2537450976159,101859.0374190125
484,6-Bromoquinoline,"1b, 6-Br-Q",1,0.0004,"2a, Boronic Acid",1,Pd(OAc)2,0.0625,P(Cy)3,0.125,NaOH,2.5,THF,78.2581508508703,243279.74614773964
485,6-Bromoquinoline,"1b, 6-Br-Q",1,0.0004,"2a, Boronic Acid",1,Pd(OAc)2,0.0625,P(o-Tol)3,0.125,NaOH,2.5,THF,70.1811220855057,69970.36323169857
486,6-Bromoquinoline,"1b, 6-Br-Q",1,0.0004,"2a, Boronic Acid",1,Pd(OAc)2,0.0625,CataCXium A,0.125,NaOH,2.5,THF,96.5742563881931,245870.1476794973
487,6-Bromoquinoline,"1b, 6-Br-Q",1,0.0004,"2a, Boronic Acid",1,Pd(OAc)2,0.0625,SPhos,0.125,NaOH,2.5,THF,72.4440734093253,71270.70627822036
488,6-Bromoquinoline,"1b, 6-Br-Q",1,0.0004,"2a, Boronic Acid",1,Pd(OAc)2,0.0625,dtbpf,0.125,NaOH,2.5,THF,67.8914276877671,185011.69285246314
489,6-Bromoquinoline,"1b, 6-Br-Q",1,0.0004,"2a, Boronic Acid",1,Pd(OAc)2,0.0625,XPhos,0.125,NaOH,2.5,THF,71.6397837522583,65190.54496863363
490,6-Bromoquinoline,"1b, 6-Br-Q",1,0.0004,"2a, Boronic Acid",1,Pd(OAc)2,0.0625,dppf,0.125,NaOH,2.5,THF,24.99949167947,23114.66075575686
491,6-Bromoquinoline,"1b, 6-Br-Q",1,0.0004,"2a, Boronic Acid",1,Pd(OAc)2,0.0625,Xantphos,0.125,NaOH,2.5,THF,11.9653152002239,19490.85141689258
492,6-Bromoquinoline,"1b, 6-Br-Q",1,0.0004,"2a, Boronic Acid",1,Pd(OAc)2,0.0625,,,NaOH,2.5,THF,8.09832261440754,13247.466321094655
493,6-Bromoquinoline,"1b, 6-Br-Q",1,0.0004,"2a, Boronic Acid",1,Pd(OAc)2,0.0625,P(tBu)3,0.125,NaHCO3,2.5,THF,93.9902832501499,95814.94890641377
494,6-Bromoquinoline,"1b, 6-Br-Q",1,0.0004,"2a, Boronic Acid",1,Pd(OAc)2,0.0625,P(Ph)3 ,0.125,NaHCO3,2.5,THF,95.9307105913055,301465.6364474913
495,6-Bromoquinoline,"1b, 6-Br-Q",1,0.0004,"2a, Boronic Acid",1,Pd(OAc)2,0.0625,AmPhos,0.125,NaHCO3,2.5,THF,91.6885429745619,100026.48541449769
496,6-Bromoquinoline,"1b, 6-Br-Q",1,0.0004,"2a, Boronic Acid",1,Pd(OAc)2,0.0625,P(Cy)3,0.125,NaHCO3,2.5,THF,74.1853900605132,259447.494874877
497,6-Bromoquinoline,"1b, 6-Br-Q",1,0.0004,"2a, Boronic Acid",1,Pd(OAc)2,0.0625,P(o-Tol)3,0.125,NaHCO3,2.5,THF,56.1983758180648,63285.54198467954
498,6-Bromoquinoline,"1b, 6-Br-Q",1,0.0004,"2a, Boronic Acid",1,Pd(OAc)2,0.0625,CataCXium A,0.125,NaHCO3,2.5,THF,96.8863406821135,268570.3925377102
499,6-Bromoquinoline,"1b, 6-Br-Q",1,0.0004,"2a, Boronic Acid",1,Pd(OAc)2,0.0625,SPhos,0.125,NaHCO3,2.5,THF,67.2010429909318,73640.12481424095
500,6-Bromoquinoline,"1b, 6-Br-Q",1,0.0004,"2a, Boronic Acid",1,Pd(OAc)2,0.0625,dtbpf,0.125,NaHCO3,2.5,THF,55.3833057978863,169462.6387307891
501,6-Bromoquinoline,"1b, 6-Br-Q",1,0.0004,"2a, Boronic Acid",1,Pd(OAc)2,0.0625,XPhos,0.125,NaHCO3,2.5,THF,48.3684732939015,56028.67740357911
502,6-Bromoquinoline,"1b, 6-Br-Q",1,0.0004,"2a, Boronic Acid",1,Pd(OAc)2,0.0625,dppf,0.125,NaHCO3,2.5,THF,17.1275562376447,18194.59403084982
503,6-Bromoquinoline,"1b, 6-Br-Q",1,0.0004,"2a, Boronic Acid",1,Pd(OAc)2,0.0625,Xantphos,0.125,NaHCO3,2.5,THF,4.65600176222329,10804.772166326673
504,6-Bromoquinoline,"1b, 6-Br-Q",1,0.0004,"2a, Boronic Acid",1,Pd(OAc)2,0.0625,,,NaHCO3,2.5,THF,5.90294347881147,8554.141655081386
505,6-Bromoquinoline,"1b, 6-Br-Q",1,0.0004,"2a, Boronic Acid",1,Pd(OAc)2,0.0625,P(tBu)3,0.125,CsF,2.5,THF,72.8229959217303,85819.60151124046
506,6-Bromoquinoline,"1b, 6-Br-Q",1,0.0004,"2a, Boronic Acid",1,Pd(OAc)2,0.0625,P(Ph)3 ,0.125,CsF,2.5,THF,75.0848473232507,269596.0740806118
507,6-Bromoquinoline,"1b, 6-Br-Q",1,0.0004,"2a, Boronic Acid",1,Pd(OAc)2,0.0625,AmPhos,0.125,CsF,2.5,THF,74.7880048332898,86838.83755469565
508,6-Bromoquinoline,"1b, 6-Br-Q",1,0.0004,"2a, Boronic Acid",1,Pd(OAc)2,0.0625,P(Cy)3,0.125,CsF,2.5,THF,55.5129970068263,217878.48668226617
509,6-Bromoquinoline,"1b, 6-Br-Q",1,0.0004,"2a, Boronic Acid",1,Pd(OAc)2,0.0625,P(o-Tol)3,0.125,CsF,2.5,THF,51.7094621897423,57679.176402159595
510,6-Bromoquinoline,"1b, 6-Br-Q",1,0.0004,"2a, Boronic Acid",1,Pd(OAc)2,0.0625,CataCXium A,0.125,CsF,2.5,THF,75.6178577194961,212602.1842204622
511,6-Bromoquinoline,"1b, 6-Br-Q",1,0.0004,"2a, Boronic Acid",1,Pd(OAc)2,0.0625,SPhos,0.125,CsF,2.5,THF,32.5581006087268,42066.57999841098
512,6-Bromoquinoline,"1b, 6-Br-Q",1,0.0004,"2a, Boronic Acid",1,Pd(OAc)2,0.0625,dtbpf,0.125,CsF,2.5,THF,44.377692349185,123822.09444569558
513,6-Bromoquinoline,"1b, 6-Br-Q",1,0.0004,"2a, Boronic Acid",1,Pd(OAc)2,0.0625,XPhos,0.125,CsF,2.5,THF,19.3260381662172,32269.420997253008
514,6-Bromoquinoline,"1b, 6-Br-Q",1,0.0004,"2a, Boronic Acid",1,Pd(OAc)2,0.0625,dppf,0.125,CsF,2.5,THF,23.5314107277607,42079.203380926105
515,6-Bromoquinoline,"1b, 6-Br-Q",1,0.0004,"2a, Boronic Acid",1,Pd(OAc)2,0.0625,Xantphos,0.125,CsF,2.5,THF,6.45032151958811,3453.473423267266
516,6-Bromoquinoline,"1b, 6-Br-Q",1,0.0004,"2a, Boronic Acid",1,Pd(OAc)2,0.0625,,,CsF,2.5,THF,6.81172692824835,6294.157385875079
517,6-Bromoquinoline,"1b, 6-Br-Q",1,0.0004,"2a, Boronic Acid",1,Pd(OAc)2,0.0625,P(tBu)3,0.125,K3PO4,2.5,THF,60.1984165966287,64884.54662137583
518,6-Bromoquinoline,"1b, 6-Br-Q",1,0.0004,"2a, Boronic Acid",1,Pd(OAc)2,0.0625,P(Ph)3 ,0.125,K3PO4,2.5,THF,70.7778455537634,247407.14014559734
519,6-Bromoquinoline,"1b, 6-Br-Q",1,0.0004,"2a, Boronic Acid",1,Pd(OAc)2,0.0625,AmPhos,0.125,K3PO4,2.5,THF,70.1577090937428,79480.14443866757
520,6-Bromoquinoline,"1b, 6-Br-Q",1,0.0004,"2a, Boronic Acid",1,Pd(OAc)2,0.0625,P(Cy)3,0.125,K3PO4,2.5,THF,34.6100805617181,126581.14828627354
521,6-Bromoquinoline,"1b, 6-Br-Q",1,0.0004,"2a, Boronic Acid",1,Pd(OAc)2,0.0625,P(o-Tol)3,0.125,K3PO4,2.5,THF,34.5428487761742,40236.07276349476
522,6-Bromoquinoline,"1b, 6-Br-Q",1,0.0004,"2a, Boronic Acid",1,Pd(OAc)2,0.0625,CataCXium A,0.125,K3PO4,2.5,THF,79.6570581407781,194133.36646839086
523,6-Bromoquinoline,"1b, 6-Br-Q",1,0.0004,"2a, Boronic Acid",1,Pd(OAc)2,0.0625,SPhos,0.125,K3PO4,2.5,THF,34.879591683823,34228.13131145508
524,6-Bromoquinoline,"1b, 6-Br-Q",1,0.0004,"2a, Boronic Acid",1,Pd(OAc)2,0.0625,dtbpf,0.125,K3PO4,2.5,THF,44.6507776028046,127030.14264960062
525,6-Bromoquinoline,"1b, 6-Br-Q",1,0.0004,"2a, Boronic Acid",1,Pd(OAc)2,0.0625,XPhos,0.125,K3PO4,2.5,THF,24.4798434278746,29150.4309193906
526,6-Bromoquinoline,"1b, 6-Br-Q",1,0.0004,"2a, Boronic Acid",1,Pd(OAc)2,0.0625,dppf,0.125,K3PO4,2.5,THF,19.2382473012842,22209.53496656457
527,6-Bromoquinoline,"1b, 6-Br-Q",1,0.0004,"2a, Boronic Acid",1,Pd(OAc)2,0.0625,Xantphos,0.125,K3PO4,2.5,THF,1.40580220488972,3834.278995836206
528,6-Bromoquinoline,"1b, 6-Br-Q",1,0.0004,"2a, Boronic Acid",1,Pd(OAc)2,0.0625,,,K3PO4,2.5,THF,6.80509238951124,5990.4705860272725
529,6-Bromoquinoline,"1b, 6-Br-Q",1,0.0004,"2a, Boronic Acid",1,Pd(OAc)2,0.0625,P(tBu)3,0.125,KOH,2.5,THF,66.6811783264176,68493.35141140374
530,6-Bromoquinoline,"1b, 6-Br-Q",1,0.0004,"2a, Boronic Acid",1,Pd(OAc)2,0.0625,P(Ph)3 ,0.125,KOH,2.5,THF,73.7977063530636,238219.73086041526
531,6-Bromoquinoline,"1b, 6-Br-Q",1,0.0004,"2a, Boronic Acid",1,Pd(OAc)2,0.0625,AmPhos,0.125,KOH,2.5,THF,75.628373690597,78174.70601984764
532,6-Bromoquinoline,"1b, 6-Br-Q",1,0.0004,"2a, Boronic Acid",1,Pd(OAc)2,0.0625,P(Cy)3,0.125,KOH,2.5,THF,44.0980301035265,147056.7972507498
533,6-Bromoquinoline,"1b, 6-Br-Q",1,0.0004,"2a, Boronic Acid",1,Pd(OAc)2,0.0625,P(o-Tol)3,0.125,KOH,2.5,THF,52.4534202188087,53216.48915662468
534,6-Bromoquinoline,"1b, 6-Br-Q",1,0.0004,"2a, Boronic Acid",1,Pd(OAc)2,0.0625,CataCXium A,0.125,KOH,2.5,THF,87.8847493040702,213318.47310832818
535,6-Bromoquinoline,"1b, 6-Br-Q",1,0.0004,"2a, Boronic Acid",1,Pd(OAc)2,0.0625,SPhos,0.125,KOH,2.5,THF,51.1474832866481,53967.7660174924
536,6-Bromoquinoline,"1b, 6-Br-Q",1,0.0004,"2a, Boronic Acid",1,Pd(OAc)2,0.0625,dtbpf,0.125,KOH,2.5,THF,57.3629519109205,133327.3080917944
537,6-Bromoquinoline,"1b, 6-Br-Q",1,0.0004,"2a, Boronic Acid",1,Pd(OAc)2,0.0625,XPhos,0.125,KOH,2.5,THF,50.1164060379576,47567.378720041634
538,6-Bromoquinoline,"1b, 6-Br-Q",1,0.0004,"2a, Boronic Acid",1,Pd(OAc)2,0.0625,dppf,0.125,KOH,2.5,THF,22.2208420041598,16086.519748585435
539,6-Bromoquinoline,"1b, 6-Br-Q",1,0.0004,"2a, Boronic Acid",1,Pd(OAc)2,0.0625,Xantphos,0.125,KOH,2.5,THF,5.3141049830774,9844.235161538405
540,6-Bromoquinoline,"1b, 6-Br-Q",1,0.0004,"2a, Boronic Acid",1,Pd(OAc)2,0.0625,,,KOH,2.5,THF,11.9263665213213,22984.06898493326
541,6-Bromoquinoline,"1b, 6-Br-Q",1,0.0004,"2a, Boronic Acid",1,Pd(OAc)2,0.0625,P(tBu)3,0.125,LiOtBu,2.5,THF,92.7695400124084,86224.00545622756
542,6-Bromoquinoline,"1b, 6-Br-Q",1,0.0004,"2a, Boronic Acid",1,Pd(OAc)2,0.0625,P(Ph)3 ,0.125,LiOtBu,2.5,THF,87.7846242598397,265149.90132309456
543,6-Bromoquinoline,"1b, 6-Br-Q",1,0.0004,"2a, Boronic Acid",1,Pd(OAc)2,0.0625,AmPhos,0.125,LiOtBu,2.5,THF,89.2205501146468,87131.10744511095
544,6-Bromoquinoline,"1b, 6-Br-Q",1,0.0004,"2a, Boronic Acid",1,Pd(OAc)2,0.0625,P(Cy)3,0.125,LiOtBu,2.5,THF,73.6036044569098,206273.4389030607
545,6-Bromoquinoline,"1b, 6-Br-Q",1,0.0004,"2a, Boronic Acid",1,Pd(OAc)2,0.0625,P(o-Tol)3,0.125,LiOtBu,2.5,THF,73.3338474319106,62635.15992318957
546,6-Bromoquinoline,"1b, 6-Br-Q",1,0.0004,"2a, Boronic Acid",1,Pd(OAc)2,0.0625,CataCXium A,0.125,LiOtBu,2.5,THF,97.2927783508637,206920.20686290224
547,6-Bromoquinoline,"1b, 6-Br-Q",1,0.0004,"2a, Boronic Acid",1,Pd(OAc)2,0.0625,SPhos,0.125,LiOtBu,2.5,THF,68.315418658157,58229.732813174
548,6-Bromoquinoline,"1b, 6-Br-Q",1,0.0004,"2a, Boronic Acid",1,Pd(OAc)2,0.0625,dtbpf,0.125,LiOtBu,2.5,THF,67.3962945873497,156680.37123774446
549,6-Bromoquinoline,"1b, 6-Br-Q",1,0.0004,"2a, Boronic Acid",1,Pd(OAc)2,0.0625,XPhos,0.125,LiOtBu,2.5,THF,45.5844892420162,40265.11892059698
550,6-Bromoquinoline,"1b, 6-Br-Q",1,0.0004,"2a, Boronic Acid",1,Pd(OAc)2,0.0625,dppf,0.125,LiOtBu,2.5,THF,24.0433571694587,18026.36112801925
551,6-Bromoquinoline,"1b, 6-Br-Q",1,0.0004,"2a, Boronic Acid",1,Pd(OAc)2,0.0625,Xantphos,0.125,LiOtBu,2.5,THF,9.87931331828491,13843.487476335386
552,6-Bromoquinoline,"1b, 6-Br-Q",1,0.0004,"2a, Boronic Acid",1,Pd(OAc)2,0.0625,,,LiOtBu,2.5,THF,7.45828675729199,6339.684009549796
553,6-Bromoquinoline,"1b, 6-Br-Q",1,0.0004,"2a, Boronic Acid",1,Pd(OAc)2,0.0625,P(tBu)3,0.125,Et3N,2.5,THF,94.6706088357039,89557.60235702444
554,6-Bromoquinoline,"1b, 6-Br-Q",1,0.0004,"2a, Boronic Acid",1,Pd(OAc)2,0.0625,P(Ph)3 ,0.125,Et3N,2.5,THF,94.8844182938414,281411.8408017892
555,6-Bromoquinoline,"1b, 6-Br-Q",1,0.0004,"2a, Boronic Acid",1,Pd(OAc)2,0.0625,AmPhos,0.125,Et3N,2.5,THF,91.8801535351221,88924.25365442298
556,6-Bromoquinoline,"1b, 6-Br-Q",1,0.0004,"2a, Boronic Acid",1,Pd(OAc)2,0.0625,P(Cy)3,0.125,Et3N,2.5,THF,80.4301847393417,238835.00952512465
557,6-Bromoquinoline,"1b, 6-Br-Q",1,0.0004,"2a, Boronic Acid",1,Pd(OAc)2,0.0625,P(o-Tol)3,0.125,Et3N,2.5,THF,41.2847585417364,38703.44610083965
558,6-Bromoquinoline,"1b, 6-Br-Q",1,0.0004,"2a, Boronic Acid",1,Pd(OAc)2,0.0625,CataCXium A,0.125,Et3N,2.5,THF,97.8329449296663,233836.5456055481
559,6-Bromoquinoline,"1b, 6-Br-Q",1,0.0004,"2a, Boronic Acid",1,Pd(OAc)2,0.0625,SPhos,0.125,Et3N,2.5,THF,70.4539794179044,66862.19885375394
560,6-Bromoquinoline,"1b, 6-Br-Q",1,0.0004,"2a, Boronic Acid",1,Pd(OAc)2,0.0625,dtbpf,0.125,Et3N,2.5,THF,68.6649873364607,166227.2896588845
561,6-Bromoquinoline,"1b, 6-Br-Q",1,0.0004,"2a, Boronic Acid",1,Pd(OAc)2,0.0625,XPhos,0.125,Et3N,2.5,THF,60.9473840012232,57229.64241226614
562,6-Bromoquinoline,"1b, 6-Br-Q",1,0.0004,"2a, Boronic Acid",1,Pd(OAc)2,0.0625,dppf,0.125,Et3N,2.5,THF,21.5709525743314,25996.54052548155
563,6-Bromoquinoline,"1b, 6-Br-Q",1,0.0004,"2a, Boronic Acid",1,Pd(OAc)2,0.0625,Xantphos,0.125,Et3N,2.5,THF,9.13806490058328,16434.83297541114
564,6-Bromoquinoline,"1b, 6-Br-Q",1,0.0004,"2a, Boronic Acid",1,Pd(OAc)2,0.0625,,,Et3N,2.5,THF,10.5255738483675,24795.7172558623
565,6-Bromoquinoline,"1b, 6-Br-Q",1,0.0004,"2a, Boronic Acid",1,Pd(OAc)2,0.0625,P(tBu)3,0.125,,2.5,THF,92.980256996138,89250.20573769095
566,6-Bromoquinoline,"1b, 6-Br-Q",1,0.0004,"2a, Boronic Acid",1,Pd(OAc)2,0.0625,P(Ph)3 ,0.125,,2.5,THF,95.4822007995574,302727.9295591315
567,6-Bromoquinoline,"1b, 6-Br-Q",1,0.0004,"2a, Boronic Acid",1,Pd(OAc)2,0.0625,AmPhos,0.125,,2.5,THF,92.2207396406297,91266.03006864608
568,6-Bromoquinoline,"1b, 6-Br-Q",1,0.0004,"2a, Boronic Acid",1,Pd(OAc)2,0.0625,P(Cy)3,0.125,,2.5,THF,81.4650291558576,240026.37069001992
569,6-Bromoquinoline,"1b, 6-Br-Q",1,0.0004,"2a, Boronic Acid",1,Pd(OAc)2,0.0625,P(o-Tol)3,0.125,,2.5,THF,65.1398748588359,63268.909954193
570,6-Bromoquinoline,"1b, 6-Br-Q",1,0.0004,"2a, Boronic Acid",1,Pd(OAc)2,0.0625,CataCXium A,0.125,,2.5,THF,97.8636516109226,254283.60175319825
571,6-Bromoquinoline,"1b, 6-Br-Q",1,0.0004,"2a, Boronic Acid",1,Pd(OAc)2,0.0625,SPhos,0.125,,2.5,THF,61.3868800661312,29075.470456671468
572,6-Bromoquinoline,"1b, 6-Br-Q",1,0.0004,"2a, Boronic Acid",1,Pd(OAc)2,0.0625,dtbpf,0.125,,2.5,THF,63.9798819268596,169231.2090485229
573,6-Bromoquinoline,"1b, 6-Br-Q",1,0.0004,"2a, Boronic Acid",1,Pd(OAc)2,0.0625,XPhos,0.125,,2.5,THF,63.0416834902842,62352.25239939472
574,6-Bromoquinoline,"1b, 6-Br-Q",1,0.0004,"2a, Boronic Acid",1,Pd(OAc)2,0.0625,dppf,0.125,,2.5,THF,20.4537082140744,26981.276432386356
575,6-Bromoquinoline,"1b, 6-Br-Q",1,0.0004,"2a, Boronic Acid",1,Pd(OAc)2,0.0625,Xantphos,0.125,,2.5,THF,8.35701625669272,13235.865703902964
576,6-Bromoquinoline,"1b, 6-Br-Q",1,0.0004,"2a, Boronic Acid",1,Pd(OAc)2,0.0625,,,,2.5,THF,14.3384568520245,40422.975760528694
577,6-Bromoquinoline,"1b, 6-Br-Q",1,0.0004,"2a, Boronic Acid",1,Pd(OAc)2,0.0625,P(tBu)3,0.125,NaOH,2.5,DMF,72.5681439468749,77453.11479673718
578,6-Bromoquinoline,"1b, 6-Br-Q",1,0.0004,"2a, Boronic Acid",1,Pd(OAc)2,0.0625,P(Ph)3 ,0.125,NaOH,2.5,DMF,75.9382372891943,258394.79261807833
579,6-Bromoquinoline,"1b, 6-Br-Q",1,0.0004,"2a, Boronic Acid",1,Pd(OAc)2,0.0625,AmPhos,0.125,NaOH,2.5,DMF,66.3680829291307,75048.1798401726
580,6-Bromoquinoline,"1b, 6-Br-Q",1,0.0004,"2a, Boronic Acid",1,Pd(OAc)2,0.0625,P(Cy)3,0.125,NaOH,2.5,DMF,55.5596087584328,207926.66614390071
581,6-Bromoquinoline,"1b, 6-Br-Q",1,0.0004,"2a, Boronic Acid",1,Pd(OAc)2,0.0625,P(o-Tol)3,0.125,NaOH,2.5,DMF,17.0987293894825,23251.635627815696
582,6-Bromoquinoline,"1b, 6-Br-Q",1,0.0004,"2a, Boronic Acid",1,Pd(OAc)2,0.0625,CataCXium A,0.125,NaOH,2.5,DMF,81.0890389157721,190006.97922482796
583,6-Bromoquinoline,"1b, 6-Br-Q",1,0.0004,"2a, Boronic Acid",1,Pd(OAc)2,0.0625,SPhos,0.125,NaOH,2.5,DMF,59.547952691366,67839.24582685671
584,6-Bromoquinoline,"1b, 6-Br-Q",1,0.0004,"2a, Boronic Acid",1,Pd(OAc)2,0.0625,dtbpf,0.125,NaOH,2.5,DMF,37.6611857663036,107179.37065840469
585,6-Bromoquinoline,"1b, 6-Br-Q",1,0.0004,"2a, Boronic Acid",1,Pd(OAc)2,0.0625,XPhos,0.125,NaOH,2.5,DMF,26.4382139838733,33113.25695995837
586,6-Bromoquinoline,"1b, 6-Br-Q",1,0.0004,"2a, Boronic Acid",1,Pd(OAc)2,0.0625,dppf,0.125,NaOH,2.5,DMF,13.839477147164,25902.504508592272
587,6-Bromoquinoline,"1b, 6-Br-Q",1,0.0004,"2a, Boronic Acid",1,Pd(OAc)2,0.0625,Xantphos,0.125,NaOH,2.5,DMF,9.74042083910438,15819.515333526135
588,6-Bromoquinoline,"1b, 6-Br-Q",1,0.0004,"2a, Boronic Acid",1,Pd(OAc)2,0.0625,,,NaOH,2.5,DMF,10.4238372442602,27217.961360991576
589,6-Bromoquinoline,"1b, 6-Br-Q",1,0.0004,"2a, Boronic Acid",1,Pd(OAc)2,0.0625,P(tBu)3,0.125,NaHCO3,2.5,DMF,13.1975023241021,20114.01767493144
590,6-Bromoquinoline,"1b, 6-Br-Q",1,0.0004,"2a, Boronic Acid",1,Pd(OAc)2,0.0625,P(Ph)3 ,0.125,NaHCO3,2.5,DMF,84.3936138940596,307648.1097220231
591,6-Bromoquinoline,"1b, 6-Br-Q",1,0.0004,"2a, Boronic Acid",1,Pd(OAc)2,0.0625,AmPhos,0.125,NaHCO3,2.5,DMF,29.9760743566376,40822.900707611916
592,6-Bromoquinoline,"1b, 6-Br-Q",1,0.0004,"2a, Boronic Acid",1,Pd(OAc)2,0.0625,P(Cy)3,0.125,NaHCO3,2.5,DMF,37.3363489131913,154910.31107091613
593,6-Bromoquinoline,"1b, 6-Br-Q",1,0.0004,"2a, Boronic Acid",1,Pd(OAc)2,0.0625,P(o-Tol)3,0.125,NaHCO3,2.5,DMF,11.55581858807,17047.33354167291
594,6-Bromoquinoline,"1b, 6-Br-Q",1,0.0004,"2a, Boronic Acid",1,Pd(OAc)2,0.0625,CataCXium A,0.125,NaHCO3,2.5,DMF,50.7894203045131,147645.98531038154
595,6-Bromoquinoline,"1b, 6-Br-Q",1,0.0004,"2a, Boronic Acid",1,Pd(OAc)2,0.0625,SPhos,0.125,NaHCO3,2.5,DMF,27.2758750869207,37610.59943577154
596,6-Bromoquinoline,"1b, 6-Br-Q",1,0.0004,"2a, Boronic Acid",1,Pd(OAc)2,0.0625,dtbpf,0.125,NaHCO3,2.5,DMF,14.7802820427768,22730.723291349215
597,6-Bromoquinoline,"1b, 6-Br-Q",1,0.0004,"2a, Boronic Acid",1,Pd(OAc)2,0.0625,XPhos,0.125,NaHCO3,2.5,DMF,10.8792165969558,16225.16997261567
598,6-Bromoquinoline,"1b, 6-Br-Q",1,0.0004,"2a, Boronic Acid",1,Pd(OAc)2,0.0625,dppf,0.125,NaHCO3,2.5,DMF,17.4514865277172,32296.809888052663
599,6-Bromoquinoline,"1b, 6-Br-Q",1,0.0004,"2a, Boronic Acid",1,Pd(OAc)2,0.0625,Xantphos,0.125,NaHCO3,2.5,DMF,1.48080868173631,2589.839249200073
600,6-Bromoquinoline,"1b, 6-Br-Q",1,0.0004,"2a, Boronic Acid",1,Pd(OAc)2,0.0625,,,NaHCO3,2.5,DMF,7.86774284701017,17062.190511652676
601,6-Bromoquinoline,"1b, 6-Br-Q",1,0.0004,"2a, Boronic Acid",1,Pd(OAc)2,0.0625,P(tBu)3,0.125,CsF,2.5,DMF,9.48398984280171,15111.857089102357
602,6-Bromoquinoline,"1b, 6-Br-Q",1,0.0004,"2a, Boronic Acid",1,Pd(OAc)2,0.0625,P(Ph)3 ,0.125,CsF,2.5,DMF,84.6113522629119,287915.29853852093
603,6-Bromoquinoline,"1b, 6-Br-Q",1,0.0004,"2a, Boronic Acid",1,Pd(OAc)2,0.0625,AmPhos,0.125,CsF,2.5,DMF,57.9442477840885,69096.83438770559
604,6-Bromoquinoline,"1b, 6-Br-Q",1,0.0004,"2a, Boronic Acid",1,Pd(OAc)2,0.0625,P(Cy)3,0.125,CsF,2.5,DMF,57.5607390442796,211889.82087154302
605,6-Bromoquinoline,"1b, 6-Br-Q",1,0.0004,"2a, Boronic Acid",1,Pd(OAc)2,0.0625,P(o-Tol)3,0.125,CsF,2.5,DMF,14.5094890033714,22114.906388230618
606,6-Bromoquinoline,"1b, 6-Br-Q",1,0.0004,"2a, Boronic Acid",1,Pd(OAc)2,0.0625,CataCXium A,0.125,CsF,2.5,DMF,80.3624975734139,202798.85040027415
607,6-Bromoquinoline,"1b, 6-Br-Q",1,0.0004,"2a, Boronic Acid",1,Pd(OAc)2,0.0625,SPhos,0.125,CsF,2.5,DMF,62.2567151765963,71078.47505399722
608,6-Bromoquinoline,"1b, 6-Br-Q",1,0.0004,"2a, Boronic Acid",1,Pd(OAc)2,0.0625,dtbpf,0.125,CsF,2.5,DMF,28.7090078193735,76078.50376019809
609,6-Bromoquinoline,"1b, 6-Br-Q",1,0.0004,"2a, Boronic Acid",1,Pd(OAc)2,0.0625,XPhos,0.125,CsF,2.5,DMF,44.8113249722399,51624.20537641016
610,6-Bromoquinoline,"1b, 6-Br-Q",1,0.0004,"2a, Boronic Acid",1,Pd(OAc)2,0.0625,dppf,0.125,CsF,2.5,DMF,14.3777820569795,17380.976247306346
611,6-Bromoquinoline,"1b, 6-Br-Q",1,0.0004,"2a, Boronic Acid",1,Pd(OAc)2,0.0625,Xantphos,0.125,CsF,2.5,DMF,1.87759395380552,3587.8479141367206
612,6-Bromoquinoline,"1b, 6-Br-Q",1,0.0004,"2a, Boronic Acid",1,Pd(OAc)2,0.0625,,,CsF,2.5,DMF,15.9980770024943,48996.01792294109
613,6-Bromoquinoline,"1b, 6-Br-Q",1,0.0004,"2a, Boronic Acid",1,Pd(OAc)2,0.0625,P(tBu)3,0.125,K3PO4,2.5,DMF,50.7930970534666,56751.91931108798
614,6-Bromoquinoline,"1b, 6-Br-Q",1,0.0004,"2a, Boronic Acid",1,Pd(OAc)2,0.0625,P(Ph)3 ,0.125,K3PO4,2.5,DMF,72.9421829125822,255114.58767587098
615,6-Bromoquinoline,"1b, 6-Br-Q",1,0.0004,"2a, Boronic Acid",1,Pd(OAc)2,0.0625,AmPhos,0.125,K3PO4,2.5,DMF,56.6516915891652,69145.48204621661
616,6-Bromoquinoline,"1b, 6-Br-Q",1,0.0004,"2a, Boronic Acid",1,Pd(OAc)2,0.0625,P(Cy)3,0.125,K3PO4,2.5,DMF,29.9625890070721,119968.82161320496
617,6-Bromoquinoline,"1b, 6-Br-Q",1,0.0004,"2a, Boronic Acid",1,Pd(OAc)2,0.0625,P(o-Tol)3,0.125,K3PO4,2.5,DMF,16.1955295563684,23064.347342385285
618,6-Bromoquinoline,"1b, 6-Br-Q",1,0.0004,"2a, Boronic Acid",1,Pd(OAc)2,0.0625,CataCXium A,0.125,K3PO4,2.5,DMF,65.7088022570905,155126.33199210238
619,6-Bromoquinoline,"1b, 6-Br-Q",1,0.0004,"2a, Boronic Acid",1,Pd(OAc)2,0.0625,SPhos,0.125,K3PO4,2.5,DMF,22.2386181001037,30476.770481928215
620,6-Bromoquinoline,"1b, 6-Br-Q",1,0.0004,"2a, Boronic Acid",1,Pd(OAc)2,0.0625,dtbpf,0.125,K3PO4,2.5,DMF,23.1055221734932,55791.62283152746
621,6-Bromoquinoline,"1b, 6-Br-Q",1,0.0004,"2a, Boronic Acid",1,Pd(OAc)2,0.0625,XPhos,0.125,K3PO4,2.5,DMF,29.3491578440422,34825.806243783096
622,6-Bromoquinoline,"1b, 6-Br-Q",1,0.0004,"2a, Boronic Acid",1,Pd(OAc)2,0.0625,dppf,0.125,K3PO4,2.5,DMF,12.7626401227081,11648.598248833177
623,6-Bromoquinoline,"1b, 6-Br-Q",1,0.0004,"2a, Boronic Acid",1,Pd(OAc)2,0.0625,Xantphos,0.125,K3PO4,2.5,DMF,1.37662012200758,2268.8659722275356
624,6-Bromoquinoline,"1b, 6-Br-Q",1,0.0004,"2a, Boronic Acid",1,Pd(OAc)2,0.0625,,,K3PO4,2.5,DMF,7.44927318264341,13794.43421728506
625,6-Bromoquinoline,"1b, 6-Br-Q",1,0.0004,"2a, Boronic Acid",1,Pd(OAc)2,0.0625,P(tBu)3,0.125,KOH,2.5,DMF,49.1500974013581,56395.51354187689
626,6-Bromoquinoline,"1b, 6-Br-Q",1,0.0004,"2a, Boronic Acid",1,Pd(OAc)2,0.0625,P(Ph)3 ,0.125,KOH,2.5,DMF,80.1808959600576,267034.1626168725
627,6-Bromoquinoline,"1b, 6-Br-Q",1,0.0004,"2a, Boronic Acid",1,Pd(OAc)2,0.0625,AmPhos,0.125,KOH,2.5,DMF,67.2247896803707,74118.01449563139
628,6-Bromoquinoline,"1b, 6-Br-Q",1,0.0004,"2a, Boronic Acid",1,Pd(OAc)2,0.0625,P(Cy)3,0.125,KOH,2.5,DMF,60.7144456479283,203042.75546108745
629,6-Bromoquinoline,"1b, 6-Br-Q",1,0.0004,"2a, Boronic Acid",1,Pd(OAc)2,0.0625,P(o-Tol)3,0.125,KOH,2.5,DMF,20.5741854292756,25844.52905097679
630,6-Bromoquinoline,"1b, 6-Br-Q",1,0.0004,"2a, Boronic Acid",1,Pd(OAc)2,0.0625,CataCXium A,0.125,KOH,2.5,DMF,84.9881268158938,192275.3888008031
631,6-Bromoquinoline,"1b, 6-Br-Q",1,0.0004,"2a, Boronic Acid",1,Pd(OAc)2,0.0625,SPhos,0.125,KOH,2.5,DMF,62.6649492990998,64422.78132997386
632,6-Bromoquinoline,"1b, 6-Br-Q",1,0.0004,"2a, Boronic Acid",1,Pd(OAc)2,0.0625,dtbpf,0.125,KOH,2.5,DMF,40.3218965509842,94930.96624557998
633,6-Bromoquinoline,"1b, 6-Br-Q",1,0.0004,"2a, Boronic Acid",1,Pd(OAc)2,0.0625,XPhos,0.125,KOH,2.5,DMF,30.5543683112688,36168.55655984697
634,6-Bromoquinoline,"1b, 6-Br-Q",1,0.0004,"2a, Boronic Acid",1,Pd(OAc)2,0.0625,dppf,0.125,KOH,2.5,DMF,15.7445634310627,20104.522721932233
635,6-Bromoquinoline,"1b, 6-Br-Q",1,0.0004,"2a, Boronic Acid",1,Pd(OAc)2,0.0625,Xantphos,0.125,KOH,2.5,DMF,14.104415596125,20337.057921329033
636,6-Bromoquinoline,"1b, 6-Br-Q",1,0.0004,"2a, Boronic Acid",1,Pd(OAc)2,0.0625,,,KOH,2.5,DMF,21.5208583335199,68444.5317663049
637,6-Bromoquinoline,"1b, 6-Br-Q",1,0.0004,"2a, Boronic Acid",1,Pd(OAc)2,0.0625,P(tBu)3,0.125,LiOtBu,2.5,DMF,82.0745895787561,92482.38954663041
638,6-Bromoquinoline,"1b, 6-Br-Q",1,0.0004,"2a, Boronic Acid",1,Pd(OAc)2,0.0625,P(Ph)3 ,0.125,LiOtBu,2.5,DMF,81.2281961321919,277237.93536289106
639,6-Bromoquinoline,"1b, 6-Br-Q",1,0.0004,"2a, Boronic Acid",1,Pd(OAc)2,0.0625,AmPhos,0.125,LiOtBu,2.5,DMF,59.0223325743143,67087.37369102244
640,6-Bromoquinoline,"1b, 6-Br-Q",1,0.0004,"2a, Boronic Acid",1,Pd(OAc)2,0.0625,P(Cy)3,0.125,LiOtBu,2.5,DMF,64.1297453220397,214238.31260698038
641,6-Bromoquinoline,"1b, 6-Br-Q",1,0.0004,"2a, Boronic Acid",1,Pd(OAc)2,0.0625,P(o-Tol)3,0.125,LiOtBu,2.5,DMF,16.8704748717046,24165.91604223043
642,6-Bromoquinoline,"1b, 6-Br-Q",1,0.0004,"2a, Boronic Acid",1,Pd(OAc)2,0.0625,CataCXium A,0.125,LiOtBu,2.5,DMF,77.377505060751,178746.37067497478
643,6-Bromoquinoline,"1b, 6-Br-Q",1,0.0004,"2a, Boronic Acid",1,Pd(OAc)2,0.0625,SPhos,0.125,LiOtBu,2.5,DMF,48.5045497988158,60321.85609976652
644,6-Bromoquinoline,"1b, 6-Br-Q",1,0.0004,"2a, Boronic Acid",1,Pd(OAc)2,0.0625,dtbpf,0.125,LiOtBu,2.5,DMF,39.143080387714,98301.26428182774
645,6-Bromoquinoline,"1b, 6-Br-Q",1,0.0004,"2a, Boronic Acid",1,Pd(OAc)2,0.0625,XPhos,0.125,LiOtBu,2.5,DMF,18.9501409993351,24068.0540713233
646,6-Bromoquinoline,"1b, 6-Br-Q",1,0.0004,"2a, Boronic Acid",1,Pd(OAc)2,0.0625,dppf,0.125,LiOtBu,2.5,DMF,14.0695732314952,18413.91892421467
647,6-Bromoquinoline,"1b, 6-Br-Q",1,0.0004,"2a, Boronic Acid",1,Pd(OAc)2,0.0625,Xantphos,0.125,LiOtBu,2.5,DMF,3.85447870248434,6409.303742936961
648,6-Bromoquinoline,"1b, 6-Br-Q",1,0.0004,"2a, Boronic Acid",1,Pd(OAc)2,0.0625,,,LiOtBu,2.5,DMF,8.38810446521811,15371.505358349625
649,6-Bromoquinoline,"1b, 6-Br-Q",1,0.0004,"2a, Boronic Acid",1,Pd(OAc)2,0.0625,P(tBu)3,0.125,Et3N,2.5,DMF,66.9668696437728,64666.05431438733
650,6-Bromoquinoline,"1b, 6-Br-Q",1,0.0004,"2a, Boronic Acid",1,Pd(OAc)2,0.0625,P(Ph)3 ,0.125,Et3N,2.5,DMF,69.5766895379131,217410.1032679053
651,6-Bromoquinoline,"1b, 6-Br-Q",1,0.0004,"2a, Boronic Acid",1,Pd(OAc)2,0.0625,AmPhos,0.125,Et3N,2.5,DMF,50.0621215487161,56957.68927071256
652,6-Bromoquinoline,"1b, 6-Br-Q",1,0.0004,"2a, Boronic Acid",1,Pd(OAc)2,0.0625,P(Cy)3,0.125,Et3N,2.5,DMF,38.2452775476815,132247.4482616647
653,6-Bromoquinoline,"1b, 6-Br-Q",1,0.0004,"2a, Boronic Acid",1,Pd(OAc)2,0.0625,P(o-Tol)3,0.125,Et3N,2.5,DMF,23.2348796643026,28102.861724549897
654,6-Bromoquinoline,"1b, 6-Br-Q",1,0.0004,"2a, Boronic Acid",1,Pd(OAc)2,0.0625,CataCXium A,0.125,Et3N,2.5,DMF,65.0272107611885,148510.30737313683
655,6-Bromoquinoline,"1b, 6-Br-Q",1,0.0004,"2a, Boronic Acid",1,Pd(OAc)2,0.0625,SPhos,0.125,Et3N,2.5,DMF,22.7624891162868,30301.46422598724
656,6-Bromoquinoline,"1b, 6-Br-Q",1,0.0004,"2a, Boronic Acid",1,Pd(OAc)2,0.0625,dtbpf,0.125,Et3N,2.5,DMF,19.5661151843113,43179.597349633645
657,6-Bromoquinoline,"1b, 6-Br-Q",1,0.0004,"2a, Boronic Acid",1,Pd(OAc)2,0.0625,XPhos,0.125,Et3N,2.5,DMF,22.2675182453823,26976.151227281087
658,6-Bromoquinoline,"1b, 6-Br-Q",1,0.0004,"2a, Boronic Acid",1,Pd(OAc)2,0.0625,dppf,0.125,Et3N,2.5,DMF,12.8104931066352,8036.748724026135
659,6-Bromoquinoline,"1b, 6-Br-Q",1,0.0004,"2a, Boronic Acid",1,Pd(OAc)2,0.0625,Xantphos,0.125,Et3N,2.5,DMF,0.928452792167654,1501.047568128086
660,6-Bromoquinoline,"1b, 6-Br-Q",1,0.0004,"2a, Boronic Acid",1,Pd(OAc)2,0.0625,,,Et3N,2.5,DMF,8.21072307916277,12082.531767006507
661,6-Bromoquinoline,"1b, 6-Br-Q",1,0.0004,"2a, Boronic Acid",1,Pd(OAc)2,0.0625,P(tBu)3,0.125,,2.5,DMF,68.4985292339853,69034.72076122077
662,6-Bromoquinoline,"1b, 6-Br-Q",1,0.0004,"2a, Boronic Acid",1,Pd(OAc)2,0.0625,P(Ph)3 ,0.125,,2.5,DMF,72.8530605514499,254135.79542027475
663,6-Bromoquinoline,"1b, 6-Br-Q",1,0.0004,"2a, Boronic Acid",1,Pd(OAc)2,0.0625,AmPhos,0.125,,2.5,DMF,57.5416056423877,64824.870193501934
664,6-Bromoquinoline,"1b, 6-Br-Q",1,0.0004,"2a, Boronic Acid",1,Pd(OAc)2,0.0625,P(Cy)3,0.125,,2.5,DMF,28.695308959908,105449.73460209649
665,6-Bromoquinoline,"1b, 6-Br-Q",1,0.0004,"2a, Boronic Acid",1,Pd(OAc)2,0.0625,P(o-Tol)3,0.125,,2.5,DMF,17.9095920727159,24556.629523157935
666,6-Bromoquinoline,"1b, 6-Br-Q",1,0.0004,"2a, Boronic Acid",1,Pd(OAc)2,0.0625,CataCXium A,0.125,,2.5,DMF,62.3247780010914,158252.6857075823
667,6-Bromoquinoline,"1b, 6-Br-Q",1,0.0004,"2a, Boronic Acid",1,Pd(OAc)2,0.0625,SPhos,0.125,,2.5,DMF,20.7688599140117,28352.220759005322
668,6-Bromoquinoline,"1b, 6-Br-Q",1,0.0004,"2a, Boronic Acid",1,Pd(OAc)2,0.0625,dtbpf,0.125,,2.5,DMF,20.5855716235825,55037.33109892526
669,6-Bromoquinoline,"1b, 6-Br-Q",1,0.0004,"2a, Boronic Acid",1,Pd(OAc)2,0.0625,XPhos,0.125,,2.5,DMF,15.0951798029309,20768.918764951733
670,6-Bromoquinoline,"1b, 6-Br-Q",1,0.0004,"2a, Boronic Acid",1,Pd(OAc)2,0.0625,dppf,0.125,,2.5,DMF,17.1519852139986,24790.94039304669
671,6-Bromoquinoline,"1b, 6-Br-Q",1,0.0004,"2a, Boronic Acid",1,Pd(OAc)2,0.0625,Xantphos,0.125,,2.5,DMF,1.01001034345685,1414.1130535364105
672,6-Bromoquinoline,"1b, 6-Br-Q",1,0.0004,"2a, Boronic Acid",1,Pd(OAc)2,0.0625,,,,2.5,DMF,8.91484336587966,14603.29830683218
673,6-Bromoquinoline,"1b, 6-Br-Q",1,0.0004,"2a, Boronic Acid",1,Pd(OAc)2,0.0625,P(tBu)3,0.125,NaOH,2.5,MeOH,85.0483265751374,99899.32993964702
674,6-Bromoquinoline,"1b, 6-Br-Q",1,0.0004,"2a, Boronic Acid",1,Pd(OAc)2,0.0625,P(Ph)3 ,0.125,NaOH,2.5,MeOH,92.8013860243797,375922.7862908807
675,6-Bromoquinoline,"1b, 6-Br-Q",1,0.0004,"2a, Boronic Acid",1,Pd(OAc)2,0.0625,AmPhos,0.125,NaOH,2.5,MeOH,77.3378235730568,88479.79774771027
676,6-Bromoquinoline,"1b, 6-Br-Q",1,0.0004,"2a, Boronic Acid",1,Pd(OAc)2,0.0625,P(Cy)3,0.125,NaOH,2.5,MeOH,91.2400176727293,346174.78185093455
677,6-Bromoquinoline,"1b, 6-Br-Q",1,0.0004,"2a, Boronic Acid",1,Pd(OAc)2,0.0625,P(o-Tol)3,0.125,NaOH,2.5,MeOH,86.9986862489349,105461.8586945942
678,6-Bromoquinoline,"1b, 6-Br-Q",1,0.0004,"2a, Boronic Acid",1,Pd(OAc)2,0.0625,CataCXium A,0.125,NaOH,2.5,MeOH,91.5767925526937,282291.1611349944
679,6-Bromoquinoline,"1b, 6-Br-Q",1,0.0004,"2a, Boronic Acid",1,Pd(OAc)2,0.0625,SPhos,0.125,NaOH,2.5,MeOH,92.8840274278229,102562.51931610984
680,6-Bromoquinoline,"1b, 6-Br-Q",1,0.0004,"2a, Boronic Acid",1,Pd(OAc)2,0.0625,dtbpf,0.125,NaOH,2.5,MeOH,54.5191484610738,158684.52700792238
681,6-Bromoquinoline,"1b, 6-Br-Q",1,0.0004,"2a, Boronic Acid",1,Pd(OAc)2,0.0625,XPhos,0.125,NaOH,2.5,MeOH,91.2733224586022,92705.22211492379
682,6-Bromoquinoline,"1b, 6-Br-Q",1,0.0004,"2a, Boronic Acid",1,Pd(OAc)2,0.0625,dppf,0.125,NaOH,2.5,MeOH,55.1599121311216,197067.05161069488
683,6-Bromoquinoline,"1b, 6-Br-Q",1,0.0004,"2a, Boronic Acid",1,Pd(OAc)2,0.0625,Xantphos,0.125,NaOH,2.5,MeOH,0.803506760227879,6111.328158155629
684,6-Bromoquinoline,"1b, 6-Br-Q",1,0.0004,"2a, Boronic Acid",1,Pd(OAc)2,0.0625,,,NaOH,2.5,MeOH,71.4860589273228,203345.5969590876
685,6-Bromoquinoline,"1b, 6-Br-Q",1,0.0004,"2a, Boronic Acid",1,Pd(OAc)2,0.0625,P(tBu)3,0.125,NaHCO3,2.5,MeOH,77.8848124982425,84586.07257302855
686,6-Bromoquinoline,"1b, 6-Br-Q",1,0.0004,"2a, Boronic Acid",1,Pd(OAc)2,0.0625,P(Ph)3 ,0.125,NaHCO3,2.5,MeOH,92.6045511468057,330759.56102350116
687,6-Bromoquinoline,"1b, 6-Br-Q",1,0.0004,"2a, Boronic Acid",1,Pd(OAc)2,0.0625,AmPhos,0.125,NaHCO3,2.5,MeOH,81.7343994274407,90033.93603754413
688,6-Bromoquinoline,"1b, 6-Br-Q",1,0.0004,"2a, Boronic Acid",1,Pd(OAc)2,0.0625,P(Cy)3,0.125,NaHCO3,2.5,MeOH,92.2432268639483,334918.1157721413
689,6-Bromoquinoline,"1b, 6-Br-Q",1,0.0004,"2a, Boronic Acid",1,Pd(OAc)2,0.0625,P(o-Tol)3,0.125,NaHCO3,2.5,MeOH,93.790441521871,99920.2916950295
690,6-Bromoquinoline,"1b, 6-Br-Q",1,0.0004,"2a, Boronic Acid",1,Pd(OAc)2,0.0625,CataCXium A,0.125,NaHCO3,2.5,MeOH,86.9794015893373,205784.31318503045
691,6-Bromoquinoline,"1b, 6-Br-Q",1,0.0004,"2a, Boronic Acid",1,Pd(OAc)2,0.0625,SPhos,0.125,NaHCO3,2.5,MeOH,85.6902652639527,91272.64664825083
692,6-Bromoquinoline,"1b, 6-Br-Q",1,0.0004,"2a, Boronic Acid",1,Pd(OAc)2,0.0625,dtbpf,0.125,NaHCO3,2.5,MeOH,31.2726420533381,90389.84130334502
693,6-Bromoquinoline,"1b, 6-Br-Q",1,0.0004,"2a, Boronic Acid",1,Pd(OAc)2,0.0625,XPhos,0.125,NaHCO3,2.5,MeOH,82.1929700063523,84751.21585764964
694,6-Bromoquinoline,"1b, 6-Br-Q",1,0.0004,"2a, Boronic Acid",1,Pd(OAc)2,0.0625,dppf,0.125,NaHCO3,2.5,MeOH,27.3703223526524,109841.40900776589
695,6-Bromoquinoline,"1b, 6-Br-Q",1,0.0004,"2a, Boronic Acid",1,Pd(OAc)2,0.0625,Xantphos,0.125,NaHCO3,2.5,MeOH,2.17615695536244,3135.7180199733825
696,6-Bromoquinoline,"1b, 6-Br-Q",1,0.0004,"2a, Boronic Acid",1,Pd(OAc)2,0.0625,,,NaHCO3,2.5,MeOH,51.1038546033731,169250.87412294044
697,6-Bromoquinoline,"1b, 6-Br-Q",1,0.0004,"2a, Boronic Acid",1,Pd(OAc)2,0.0625,P(tBu)3,0.125,CsF,2.5,MeOH,69.5588793934555,82034.69879396436
698,6-Bromoquinoline,"1b, 6-Br-Q",1,0.0004,"2a, Boronic Acid",1,Pd(OAc)2,0.0625,P(Ph)3 ,0.125,CsF,2.5,MeOH,75.4556933365002,276172.75195733755
699,6-Bromoquinoline,"1b, 6-Br-Q",1,0.0004,"2a, Boronic Acid",1,Pd(OAc)2,0.0625,AmPhos,0.125,CsF,2.5,MeOH,75.5841945577877,85849.44213399866
700,6-Bromoquinoline,"1b, 6-Br-Q",1,0.0004,"2a, Boronic Acid",1,Pd(OAc)2,0.0625,P(Cy)3,0.125,CsF,2.5,MeOH,75.4250494436815,296536.8339177402
701,6-Bromoquinoline,"1b, 6-Br-Q",1,0.0004,"2a, Boronic Acid",1,Pd(OAc)2,0.0625,P(o-Tol)3,0.125,CsF,2.5,MeOH,87.4063595646459,87772.72579747337
702,6-Bromoquinoline,"1b, 6-Br-Q",1,0.0004,"2a, Boronic Acid",1,Pd(OAc)2,0.0625,CataCXium A,0.125,CsF,2.5,MeOH,80.4993374094072,225927.60244281963
703,6-Bromoquinoline,"1b, 6-Br-Q",1,0.0004,"2a, Boronic Acid",1,Pd(OAc)2,0.0625,SPhos,0.125,CsF,2.5,MeOH,56.6404005273951,58480.854321241095
704,6-Bromoquinoline,"1b, 6-Br-Q",1,0.0004,"2a, Boronic Acid",1,Pd(OAc)2,0.0625,dtbpf,0.125,CsF,2.5,MeOH,37.6545099606549,81413.68849137028
705,6-Bromoquinoline,"1b, 6-Br-Q",1,0.0004,"2a, Boronic Acid",1,Pd(OAc)2,0.0625,XPhos,0.125,CsF,2.5,MeOH,45.6400175571482,46847.15741184363
706,6-Bromoquinoline,"1b, 6-Br-Q",1,0.0004,"2a, Boronic Acid",1,Pd(OAc)2,0.0625,dppf,0.125,CsF,2.5,MeOH,16.3951275981791,67263.47559018912
707,6-Bromoquinoline,"1b, 6-Br-Q",1,0.0004,"2a, Boronic Acid",1,Pd(OAc)2,0.0625,Xantphos,0.125,CsF,2.5,MeOH,1.60133740786695,2168.189615681239
708,6-Bromoquinoline,"1b, 6-Br-Q",1,0.0004,"2a, Boronic Acid",1,Pd(OAc)2,0.0625,,,CsF,2.5,MeOH,31.9265419430075,110209.14304594263
709,6-Bromoquinoline,"1b, 6-Br-Q",1,0.0004,"2a, Boronic Acid",1,Pd(OAc)2,0.0625,P(tBu)3,0.125,K3PO4,2.5,MeOH,84.6207648737311,79891.94001252961
710,6-Bromoquinoline,"1b, 6-Br-Q",1,0.0004,"2a, Boronic Acid",1,Pd(OAc)2,0.0625,P(Ph)3 ,0.125,K3PO4,2.5,MeOH,94.6676063364959,324399.2977000861
711,6-Bromoquinoline,"1b, 6-Br-Q",1,0.0004,"2a, Boronic Acid",1,Pd(OAc)2,0.0625,AmPhos,0.125,K3PO4,2.5,MeOH,76.3101406236479,77952.2422432023
712,6-Bromoquinoline,"1b, 6-Br-Q",1,0.0004,"2a, Boronic Acid",1,Pd(OAc)2,0.0625,P(Cy)3,0.125,K3PO4,2.5,MeOH,88.8441056172128,278732.8980170699
713,6-Bromoquinoline,"1b, 6-Br-Q",1,0.0004,"2a, Boronic Acid",1,Pd(OAc)2,0.0625,P(o-Tol)3,0.125,K3PO4,2.5,MeOH,90.3122427258495,89096.37054538057
714,6-Bromoquinoline,"1b, 6-Br-Q",1,0.0004,"2a, Boronic Acid",1,Pd(OAc)2,0.0625,CataCXium A,0.125,K3PO4,2.5,MeOH,89.4195705834737,173835.05191237814
715,6-Bromoquinoline,"1b, 6-Br-Q",1,0.0004,"2a, Boronic Acid",1,Pd(OAc)2,0.0625,SPhos,0.125,K3PO4,2.5,MeOH,92.5420444110879,89206.94879085218
716,6-Bromoquinoline,"1b, 6-Br-Q",1,0.0004,"2a, Boronic Acid",1,Pd(OAc)2,0.0625,dtbpf,0.125,K3PO4,2.5,MeOH,46.3999368904516,104225.14487396413
717,6-Bromoquinoline,"1b, 6-Br-Q",1,0.0004,"2a, Boronic Acid",1,Pd(OAc)2,0.0625,XPhos,0.125,K3PO4,2.5,MeOH,90.686354031853,87752.09383134978
718,6-Bromoquinoline,"1b, 6-Br-Q",1,0.0004,"2a, Boronic Acid",1,Pd(OAc)2,0.0625,dppf,0.125,K3PO4,2.5,MeOH,21.6094387834433,63738.233290487355
719,6-Bromoquinoline,"1b, 6-Br-Q",1,0.0004,"2a, Boronic Acid",1,Pd(OAc)2,0.0625,Xantphos,0.125,K3PO4,2.5,MeOH,3.03077028963596,4300.542609567848
720,6-Bromoquinoline,"1b, 6-Br-Q",1,0.0004,"2a, Boronic Acid",1,Pd(OAc)2,0.0625,,,K3PO4,2.5,MeOH,66.5335641000812,186750.88494819342
721,6-Bromoquinoline,"1b, 6-Br-Q",1,0.0004,"2a, Boronic Acid",1,Pd(OAc)2,0.0625,P(tBu)3,0.125,KOH,2.5,MeOH,81.3252940387323,81247.23326436088
722,6-Bromoquinoline,"1b, 6-Br-Q",1,0.0004,"2a, Boronic Acid",1,Pd(OAc)2,0.0625,P(Ph)3 ,0.125,KOH,2.5,MeOH,92.6084980761211,371850.32965345704
723,6-Bromoquinoline,"1b, 6-Br-Q",1,0.0004,"2a, Boronic Acid",1,Pd(OAc)2,0.0625,AmPhos,0.125,KOH,2.5,MeOH,71.6189434652238,75160.4378305104
724,6-Bromoquinoline,"1b, 6-Br-Q",1,0.0004,"2a, Boronic Acid",1,Pd(OAc)2,0.0625,P(Cy)3,0.125,KOH,2.5,MeOH,89.7435135864189,320709.70985928306
725,6-Bromoquinoline,"1b, 6-Br-Q",1,0.0004,"2a, Boronic Acid",1,Pd(OAc)2,0.0625,P(o-Tol)3,0.125,KOH,2.5,MeOH,88.2403317307475,93720.27677352077
726,6-Bromoquinoline,"1b, 6-Br-Q",1,0.0004,"2a, Boronic Acid",1,Pd(OAc)2,0.0625,CataCXium A,0.125,KOH,2.5,MeOH,85.4580015949466,170520.7710455631
727,6-Bromoquinoline,"1b, 6-Br-Q",1,0.0004,"2a, Boronic Acid",1,Pd(OAc)2,0.0625,SPhos,0.125,KOH,2.5,MeOH,91.1439099249928,103289.25814024557
728,6-Bromoquinoline,"1b, 6-Br-Q",1,0.0004,"2a, Boronic Acid",1,Pd(OAc)2,0.0625,dtbpf,0.125,KOH,2.5,MeOH,54.6839227713693,141998.15783214607
729,6-Bromoquinoline,"1b, 6-Br-Q",1,0.0004,"2a, Boronic Acid",1,Pd(OAc)2,0.0625,XPhos,0.125,KOH,2.5,MeOH,90.5472946483825,89518.61416525189
730,6-Bromoquinoline,"1b, 6-Br-Q",1,0.0004,"2a, Boronic Acid",1,Pd(OAc)2,0.0625,dppf,0.125,KOH,2.5,MeOH,34.0032370939738,109640.38709639129
731,6-Bromoquinoline,"1b, 6-Br-Q",1,0.0004,"2a, Boronic Acid",1,Pd(OAc)2,0.0625,Xantphos,0.125,KOH,2.5,MeOH,1.02296018856456,5762.433488979781
732,6-Bromoquinoline,"1b, 6-Br-Q",1,0.0004,"2a, Boronic Acid",1,Pd(OAc)2,0.0625,,,KOH,2.5,MeOH,68.8942947434202,194260.2431193611
733,6-Bromoquinoline,"1b, 6-Br-Q",1,0.0004,"2a, Boronic Acid",1,Pd(OAc)2,0.0625,P(tBu)3,0.125,LiOtBu,2.5,MeOH,82.4407782264567,75595.78440946406
734,6-Bromoquinoline,"1b, 6-Br-Q",1,0.0004,"2a, Boronic Acid",1,Pd(OAc)2,0.0625,P(Ph)3 ,0.125,LiOtBu,2.5,MeOH,92.897086028179,305694.4016490914
735,6-Bromoquinoline,"1b, 6-Br-Q",1,0.0004,"2a, Boronic Acid",1,Pd(OAc)2,0.0625,AmPhos,0.125,LiOtBu,2.5,MeOH,69.6042882926731,68765.65508748111
736,6-Bromoquinoline,"1b, 6-Br-Q",1,0.0004,"2a, Boronic Acid",1,Pd(OAc)2,0.0625,P(Cy)3,0.125,LiOtBu,2.5,MeOH,89.3372501650704,314718.08403199766
737,6-Bromoquinoline,"1b, 6-Br-Q",1,0.0004,"2a, Boronic Acid",1,Pd(OAc)2,0.0625,P(o-Tol)3,0.125,LiOtBu,2.5,MeOH,88.0919300917306,79697.59460600097
738,6-Bromoquinoline,"1b, 6-Br-Q",1,0.0004,"2a, Boronic Acid",1,Pd(OAc)2,0.0625,CataCXium A,0.125,LiOtBu,2.5,MeOH,85.5838032171892,152496.91635845855
739,6-Bromoquinoline,"1b, 6-Br-Q",1,0.0004,"2a, Boronic Acid",1,Pd(OAc)2,0.0625,SPhos,0.125,LiOtBu,2.5,MeOH,92.2723911352374,112858.1860080744
740,6-Bromoquinoline,"1b, 6-Br-Q",1,0.0004,"2a, Boronic Acid",1,Pd(OAc)2,0.0625,dtbpf,0.125,LiOtBu,2.5,MeOH,48.6042918754773,123015.89838136907
741,6-Bromoquinoline,"1b, 6-Br-Q",1,0.0004,"2a, Boronic Acid",1,Pd(OAc)2,0.0625,XPhos,0.125,LiOtBu,2.5,MeOH,90.6165000399185,101160.87402601533
742,6-Bromoquinoline,"1b, 6-Br-Q",1,0.0004,"2a, Boronic Acid",1,Pd(OAc)2,0.0625,dppf,0.125,LiOtBu,2.5,MeOH,21.4079797275444,61993.18130983876
743,6-Bromoquinoline,"1b, 6-Br-Q",1,0.0004,"2a, Boronic Acid",1,Pd(OAc)2,0.0625,Xantphos,0.125,LiOtBu,2.5,MeOH,1.22184090817358,8423.72201879584
744,6-Bromoquinoline,"1b, 6-Br-Q",1,0.0004,"2a, Boronic Acid",1,Pd(OAc)2,0.0625,,,LiOtBu,2.5,MeOH,71.3433377825613,213456.6418159921
745,6-Bromoquinoline,"1b, 6-Br-Q",1,0.0004,"2a, Boronic Acid",1,Pd(OAc)2,0.0625,P(tBu)3,0.125,Et3N,2.5,MeOH,74.1544370200562,77628.0149505645
746,6-Bromoquinoline,"1b, 6-Br-Q",1,0.0004,"2a, Boronic Acid",1,Pd(OAc)2,0.0625,P(Ph)3 ,0.125,Et3N,2.5,MeOH,82.9883888481488,303373.0609288125
747,6-Bromoquinoline,"1b, 6-Br-Q",1,0.0004,"2a, Boronic Acid",1,Pd(OAc)2,0.0625,AmPhos,0.125,Et3N,2.5,MeOH,73.005947963626,81200.62935305461
748,6-Bromoquinoline,"1b, 6-Br-Q",1,0.0004,"2a, Boronic Acid",1,Pd(OAc)2,0.0625,P(Cy)3,0.125,Et3N,2.5,MeOH,75.9927239896771,278971.5607553972
749,6-Bromoquinoline,"1b, 6-Br-Q",1,0.0004,"2a, Boronic Acid",1,Pd(OAc)2,0.0625,P(o-Tol)3,0.125,Et3N,2.5,MeOH,85.2766918015115,85494.06199654915
750,6-Bromoquinoline,"1b, 6-Br-Q",1,0.0004,"2a, Boronic Acid",1,Pd(OAc)2,0.0625,CataCXium A,0.125,Et3N,2.5,MeOH,82.8384743612249,213420.47197815691
751,6-Bromoquinoline,"1b, 6-Br-Q",1,0.0004,"2a, Boronic Acid",1,Pd(OAc)2,0.0625,SPhos,0.125,Et3N,2.5,MeOH,58.7873369140485,67142.46074818942
752,6-Bromoquinoline,"1b, 6-Br-Q",1,0.0004,"2a, Boronic Acid",1,Pd(OAc)2,0.0625,dtbpf,0.125,Et3N,2.5,MeOH,37.1233539502411,102682.95368452667
753,6-Bromoquinoline,"1b, 6-Br-Q",1,0.0004,"2a, Boronic Acid",1,Pd(OAc)2,0.0625,XPhos,0.125,Et3N,2.5,MeOH,52.3663941685067,55145.973774903745
754,6-Bromoquinoline,"1b, 6-Br-Q",1,0.0004,"2a, Boronic Acid",1,Pd(OAc)2,0.0625,dppf,0.125,Et3N,2.5,MeOH,21.1139704927221,88774.5809398138
755,6-Bromoquinoline,"1b, 6-Br-Q",1,0.0004,"2a, Boronic Acid",1,Pd(OAc)2,0.0625,Xantphos,0.125,Et3N,2.5,MeOH,0.502307775377253,1931.137385368944
756,6-Bromoquinoline,"1b, 6-Br-Q",1,0.0004,"2a, Boronic Acid",1,Pd(OAc)2,0.0625,,,Et3N,2.5,MeOH,29.2574785463871,95610.73012603993
757,6-Bromoquinoline,"1b, 6-Br-Q",1,0.0004,"2a, Boronic Acid",1,Pd(OAc)2,0.0625,P(tBu)3,0.125,,2.5,MeOH,53.804358256689,55904.014811426256
758,6-Bromoquinoline,"1b, 6-Br-Q",1,0.0004,"2a, Boronic Acid",1,Pd(OAc)2,0.0625,P(Ph)3 ,0.125,,2.5,MeOH,62.7803795146716,209696.07555215454
759,6-Bromoquinoline,"1b, 6-Br-Q",1,0.0004,"2a, Boronic Acid",1,Pd(OAc)2,0.0625,AmPhos,0.125,,2.5,MeOH,61.5727585372283,67137.7198594966
760,6-Bromoquinoline,"1b, 6-Br-Q",1,0.0004,"2a, Boronic Acid",1,Pd(OAc)2,0.0625,P(Cy)3,0.125,,2.5,MeOH,52.5439565272585,189257.04811388755
761,6-Bromoquinoline,"1b, 6-Br-Q",1,0.0004,"2a, Boronic Acid",1,Pd(OAc)2,0.0625,P(o-Tol)3,0.125,,2.5,MeOH,63.7819400768771,67008.63406367104
762,6-Bromoquinoline,"1b, 6-Br-Q",1,0.0004,"2a, Boronic Acid",1,Pd(OAc)2,0.0625,CataCXium A,0.125,,2.5,MeOH,62.3651842739079,160937.22531026858
763,6-Bromoquinoline,"1b, 6-Br-Q",1,0.0004,"2a, Boronic Acid",1,Pd(OAc)2,0.0625,SPhos,0.125,,2.5,MeOH,36.2016322981768,42297.64534476446
764,6-Bromoquinoline,"1b, 6-Br-Q",1,0.0004,"2a, Boronic Acid",1,Pd(OAc)2,0.0625,dtbpf,0.125,,2.5,MeOH,26.2645291258123,58202.55334804057
765,6-Bromoquinoline,"1b, 6-Br-Q",1,0.0004,"2a, Boronic Acid",1,Pd(OAc)2,0.0625,XPhos,0.125,,2.5,MeOH,26.6943881989596,31094.389355574283
766,6-Bromoquinoline,"1b, 6-Br-Q",1,0.0004,"2a, Boronic Acid",1,Pd(OAc)2,0.0625,dppf,0.125,,2.5,MeOH,15.942398141039,61004.76405457452
767,6-Bromoquinoline,"1b, 6-Br-Q",1,0.0004,"2a, Boronic Acid",1,Pd(OAc)2,0.0625,Xantphos,0.125,,2.5,MeOH,1.18343325595829,1882.5606747646934
768,6-Bromoquinoline,"1b, 6-Br-Q",1,0.0004,"2a, Boronic Acid",1,Pd(OAc)2,0.0625,,,,2.5,MeOH,20.8242814001963,74330.185948856
769,6-triflatequinoline,"1c, 6-OTf-Q",1,0.0004,"2a, Boronic Acid",1,Pd(OAc)2,0.0625,P(tBu)3,0.125,NaOH,2.5,MeCN,56.3815376680642,76547.83524896881
770,6-triflatequinoline,"1c, 6-OTf-Q",1,0.0004,"2a, Boronic Acid",1,Pd(OAc)2,0.0625,P(Ph)3 ,0.125,NaOH,2.5,MeCN,96.6033244317233,391944.0794193125
771,6-triflatequinoline,"1c, 6-OTf-Q",1,0.0004,"2a, Boronic Acid",1,Pd(OAc)2,0.0625,AmPhos,0.125,NaOH,2.5,MeCN,83.7851628591261,86536.12818419067
772,6-triflatequinoline,"1c, 6-OTf-Q",1,0.0004,"2a, Boronic Acid",1,Pd(OAc)2,0.0625,P(Cy)3,0.125,NaOH,2.5,MeCN,87.5698654957988,329913.8134095637
773,6-triflatequinoline,"1c, 6-OTf-Q",1,0.0004,"2a, Boronic Acid",1,Pd(OAc)2,0.0625,P(o-Tol)3,0.125,NaOH,2.5,MeCN,69.9934154181919,81521.60703565471
774,6-triflatequinoline,"1c, 6-OTf-Q",1,0.0004,"2a, Boronic Acid",1,Pd(OAc)2,0.0625,CataCXium A,0.125,NaOH,2.5,MeCN,91.4651756598927,336771.4706059282
775,6-triflatequinoline,"1c, 6-OTf-Q",1,0.0004,"2a, Boronic Acid",1,Pd(OAc)2,0.0625,SPhos,0.125,NaOH,2.5,MeCN,91.4671013624199,97275.66415637263
776,6-triflatequinoline,"1c, 6-OTf-Q",1,0.0004,"2a, Boronic Acid",1,Pd(OAc)2,0.0625,dtbpf,0.125,NaOH,2.5,MeCN,84.9527381024769,151941.8412596848
777,6-triflatequinoline,"1c, 6-OTf-Q",1,0.0004,"2a, Boronic Acid",1,Pd(OAc)2,0.0625,XPhos,0.125,NaOH,2.5,MeCN,92.6924265819583,99544.77773615628
778,6-triflatequinoline,"1c, 6-OTf-Q",1,0.0004,"2a, Boronic Acid",1,Pd(OAc)2,0.0625,dppf,0.125,NaOH,2.5,MeCN,52.3962683095524,195898.76037127597
779,6-triflatequinoline,"1c, 6-OTf-Q",1,0.0004,"2a, Boronic Acid",1,Pd(OAc)2,0.0625,Xantphos,0.125,NaOH,2.5,MeCN,22.7751187971528,26346.112940604562
780,6-triflatequinoline,"1c, 6-OTf-Q",1,0.0004,"2a, Boronic Acid",1,Pd(OAc)2,0.0625,,,NaOH,2.5,MeCN,63.9115409185702,167751.37061130692
781,6-triflatequinoline,"1c, 6-OTf-Q",1,0.0004,"2a, Boronic Acid",1,Pd(OAc)2,0.0625,P(tBu)3,0.125,NaHCO3,2.5,MeCN,66.8574734170733,70735.5326811831
782,6-triflatequinoline,"1c, 6-OTf-Q",1,0.0004,"2a, Boronic Acid",1,Pd(OAc)2,0.0625,P(Ph)3 ,0.125,NaHCO3,2.5,MeCN,98.5294270039544,428913.42306671385
783,6-triflatequinoline,"1c, 6-OTf-Q",1,0.0004,"2a, Boronic Acid",1,Pd(OAc)2,0.0625,AmPhos,0.125,NaHCO3,2.5,MeCN,94.2640845367367,110866.76701805541
784,6-triflatequinoline,"1c, 6-OTf-Q",1,0.0004,"2a, Boronic Acid",1,Pd(OAc)2,0.0625,P(Cy)3,0.125,NaHCO3,2.5,MeCN,93.0472592121996,357897.969062533
785,6-triflatequinoline,"1c, 6-OTf-Q",1,0.0004,"2a, Boronic Acid",1,Pd(OAc)2,0.0625,P(o-Tol)3,0.125,NaHCO3,2.5,MeCN,78.4358729204544,83950.34796699953
786,6-triflatequinoline,"1c, 6-OTf-Q",1,0.0004,"2a, Boronic Acid",1,Pd(OAc)2,0.0625,CataCXium A,0.125,NaHCO3,2.5,MeCN,92.7683860927582,321654.3911180342
787,6-triflatequinoline,"1c, 6-OTf-Q",1,0.0004,"2a, Boronic Acid",1,Pd(OAc)2,0.0625,SPhos,0.125,NaHCO3,2.5,MeCN,78.306905317854,95345.12198774557
788,6-triflatequinoline,"1c, 6-OTf-Q",1,0.0004,"2a, Boronic Acid",1,Pd(OAc)2,0.0625,dtbpf,0.125,NaHCO3,2.5,MeCN,40.6774291372956,137653.81405807775
789,6-triflatequinoline,"1c, 6-OTf-Q",1,0.0004,"2a, Boronic Acid",1,Pd(OAc)2,0.0625,XPhos,0.125,NaHCO3,2.5,MeCN,78.0771599783398,80853.47694787836
790,6-triflatequinoline,"1c, 6-OTf-Q",1,0.0004,"2a, Boronic Acid",1,Pd(OAc)2,0.0625,dppf,0.125,NaHCO3,2.5,MeCN,79.6108269330847,293687.4076959205
791,6-triflatequinoline,"1c, 6-OTf-Q",1,0.0004,"2a, Boronic Acid",1,Pd(OAc)2,0.0625,Xantphos,0.125,NaHCO3,2.5,MeCN,0.69913436702769,12437.834730599565
792,6-triflatequinoline,"1c, 6-OTf-Q",1,0.0004,"2a, Boronic Acid",1,Pd(OAc)2,0.0625,,,NaHCO3,2.5,MeCN,53.1092423344983,150304.57337621087
793,6-triflatequinoline,"1c, 6-OTf-Q",1,0.0004,"2a, Boronic Acid",1,Pd(OAc)2,0.0625,P(tBu)3,0.125,CsF,2.5,MeCN,66.1273142303805,79182.62300944712
794,6-triflatequinoline,"1c, 6-OTf-Q",1,0.0004,"2a, Boronic Acid",1,Pd(OAc)2,0.0625,P(Ph)3 ,0.125,CsF,2.5,MeCN,96.4859324691571,455245.8271479583
795,6-triflatequinoline,"1c, 6-OTf-Q",1,0.0004,"2a, Boronic Acid",1,Pd(OAc)2,0.0625,AmPhos,0.125,CsF,2.5,MeCN,93.6890469217555,105192.71375252082
796,6-triflatequinoline,"1c, 6-OTf-Q",1,0.0004,"2a, Boronic Acid",1,Pd(OAc)2,0.0625,P(Cy)3,0.125,CsF,2.5,MeCN,76.4555138905104,331519.46024144127
797,6-triflatequinoline,"1c, 6-OTf-Q",1,0.0004,"2a, Boronic Acid",1,Pd(OAc)2,0.0625,P(o-Tol)3,0.125,CsF,2.5,MeCN,61.3870175474844,66088.91894064356
798,6-triflatequinoline,"1c, 6-OTf-Q",1,0.0004,"2a, Boronic Acid",1,Pd(OAc)2,0.0625,CataCXium A,0.125,CsF,2.5,MeCN,88.3121472963714,345174.6470261217
799,6-triflatequinoline,"1c, 6-OTf-Q",1,0.0004,"2a, Boronic Acid",1,Pd(OAc)2,0.0625,SPhos,0.125,CsF,2.5,MeCN,45.4580856020021,74806.67822722523
800,6-triflatequinoline,"1c, 6-OTf-Q",1,0.0004,"2a, Boronic Acid",1,Pd(OAc)2,0.0625,dtbpf,0.125,CsF,2.5,MeCN,34.9337289324742,123253.17764859763
801,6-triflatequinoline,"1c, 6-OTf-Q",1,0.0004,"2a, Boronic Acid",1,Pd(OAc)2,0.0625,XPhos,0.125,CsF,2.5,MeCN,66.4591789670594,69802.50081673767
802,6-triflatequinoline,"1c, 6-OTf-Q",1,0.0004,"2a, Boronic Acid",1,Pd(OAc)2,0.0625,dppf,0.125,CsF,2.5,MeCN,72.2655923297278,261707.72555086974
803,6-triflatequinoline,"1c, 6-OTf-Q",1,0.0004,"2a, Boronic Acid",1,Pd(OAc)2,0.0625,Xantphos,0.125,CsF,2.5,MeCN,2.96090179603678,7711.930532445007
804,6-triflatequinoline,"1c, 6-OTf-Q",1,0.0004,"2a, Boronic Acid",1,Pd(OAc)2,0.0625,,,CsF,2.5,MeCN,35.5723204921242,114003.12674130572
805,6-triflatequinoline,"1c, 6-OTf-Q",1,0.0004,"2a, Boronic Acid",1,Pd(OAc)2,0.0625,P(tBu)3,0.125,K3PO4,2.5,MeCN,70.2507677157494,74876.33026058423
806,6-triflatequinoline,"1c, 6-OTf-Q",1,0.0004,"2a, Boronic Acid",1,Pd(OAc)2,0.0625,P(Ph)3 ,0.125,K3PO4,2.5,MeCN,87.6806814105779,366215.2687411116
807,6-triflatequinoline,"1c, 6-OTf-Q",1,0.0004,"2a, Boronic Acid",1,Pd(OAc)2,0.0625,AmPhos,0.125,K3PO4,2.5,MeCN,87.9108904068517,95638.43910420405
808,6-triflatequinoline,"1c, 6-OTf-Q",1,0.0004,"2a, Boronic Acid",1,Pd(OAc)2,0.0625,P(Cy)3,0.125,K3PO4,2.5,MeCN,41.0773449584371,230248.09948794844
809,6-triflatequinoline,"1c, 6-OTf-Q",1,0.0004,"2a, Boronic Acid",1,Pd(OAc)2,0.0625,P(o-Tol)3,0.125,K3PO4,2.5,MeCN,44.2565920200468,50207.25791787171
810,6-triflatequinoline,"1c, 6-OTf-Q",1,0.0004,"2a, Boronic Acid",1,Pd(OAc)2,0.0625,CataCXium A,0.125,K3PO4,2.5,MeCN,82.4072207924869,297339.70372877223
811,6-triflatequinoline,"1c, 6-OTf-Q",1,0.0004,"2a, Boronic Acid",1,Pd(OAc)2,0.0625,SPhos,0.125,K3PO4,2.5,MeCN,44.1143164462206,57563.73074853026
812,6-triflatequinoline,"1c, 6-OTf-Q",1,0.0004,"2a, Boronic Acid",1,Pd(OAc)2,0.0625,dtbpf,0.125,K3PO4,2.5,MeCN,34.264771112272,132163.60760925902
813,6-triflatequinoline,"1c, 6-OTf-Q",1,0.0004,"2a, Boronic Acid",1,Pd(OAc)2,0.0625,XPhos,0.125,K3PO4,2.5,MeCN,47.0845518291229,53124.39052519987
814,6-triflatequinoline,"1c, 6-OTf-Q",1,0.0004,"2a, Boronic Acid",1,Pd(OAc)2,0.0625,dppf,0.125,K3PO4,2.5,MeCN,78.4189705942294,210159.09831486773
815,6-triflatequinoline,"1c, 6-OTf-Q",1,0.0004,"2a, Boronic Acid",1,Pd(OAc)2,0.0625,Xantphos,0.125,K3PO4,2.5,MeCN,4.32255279155978,8561.902193363789
816,6-triflatequinoline,"1c, 6-OTf-Q",1,0.0004,"2a, Boronic Acid",1,Pd(OAc)2,0.0625,,,K3PO4,2.5,MeCN,36.590434153333,122532.81015456501
817,6-triflatequinoline,"1c, 6-OTf-Q",1,0.0004,"2a, Boronic Acid",1,Pd(OAc)2,0.0625,P(tBu)3,0.125,KOH,2.5,MeCN,68.0572566589148,77189.55310732883
818,6-triflatequinoline,"1c, 6-OTf-Q",1,0.0004,"2a, Boronic Acid",1,Pd(OAc)2,0.0625,P(Ph)3 ,0.125,KOH,2.5,MeCN,96.489796574186,377291.2610744529
819,6-triflatequinoline,"1c, 6-OTf-Q",1,0.0004,"2a, Boronic Acid",1,Pd(OAc)2,0.0625,AmPhos,0.125,KOH,2.5,MeCN,90.2318088677183,95707.41921170222
820,6-triflatequinoline,"1c, 6-OTf-Q",1,0.0004,"2a, Boronic Acid",1,Pd(OAc)2,0.0625,P(Cy)3,0.125,KOH,2.5,MeCN,81.837322100041,265363.7973333628
821,6-triflatequinoline,"1c, 6-OTf-Q",1,0.0004,"2a, Boronic Acid",1,Pd(OAc)2,0.0625,P(o-Tol)3,0.125,KOH,2.5,MeCN,64.2896330104911,67482.66813208768
822,6-triflatequinoline,"1c, 6-OTf-Q",1,0.0004,"2a, Boronic Acid",1,Pd(OAc)2,0.0625,CataCXium A,0.125,KOH,2.5,MeCN,92.9608440086605,272452.5937988126
823,6-triflatequinoline,"1c, 6-OTf-Q",1,0.0004,"2a, Boronic Acid",1,Pd(OAc)2,0.0625,SPhos,0.125,KOH,2.5,MeCN,80.7287818434782,88179.35870742518
824,6-triflatequinoline,"1c, 6-OTf-Q",1,0.0004,"2a, Boronic Acid",1,Pd(OAc)2,0.0625,dtbpf,0.125,KOH,2.5,MeCN,62.3644080548464,154652.4634901781
825,6-triflatequinoline,"1c, 6-OTf-Q",1,0.0004,"2a, Boronic Acid",1,Pd(OAc)2,0.0625,XPhos,0.125,KOH,2.5,MeCN,84.6748239353971,80950.47076291425
826,6-triflatequinoline,"1c, 6-OTf-Q",1,0.0004,"2a, Boronic Acid",1,Pd(OAc)2,0.0625,dppf,0.125,KOH,2.5,MeCN,86.9195801897391,239388.88404731068
827,6-triflatequinoline,"1c, 6-OTf-Q",1,0.0004,"2a, Boronic Acid",1,Pd(OAc)2,0.0625,Xantphos,0.125,KOH,2.5,MeCN,10.9215691582193,21154.9088160061
828,6-triflatequinoline,"1c, 6-OTf-Q",1,0.0004,"2a, Boronic Acid",1,Pd(OAc)2,0.0625,,,KOH,2.5,MeCN,55.1875022371497,152587.57750602753
829,6-triflatequinoline,"1c, 6-OTf-Q",1,0.0004,"2a, Boronic Acid",1,Pd(OAc)2,0.0625,P(tBu)3,0.125,LiOtBu,2.5,MeCN,68.4307728084983,78928.47777866494
830,6-triflatequinoline,"1c, 6-OTf-Q",1,0.0004,"2a, Boronic Acid",1,Pd(OAc)2,0.0625,P(Ph)3 ,0.125,LiOtBu,2.5,MeCN,97.4247377479216,413672.40309631475
831,6-triflatequinoline,"1c, 6-OTf-Q",1,0.0004,"2a, Boronic Acid",1,Pd(OAc)2,0.0625,AmPhos,0.125,LiOtBu,2.5,MeCN,84.7396825858562,102540.56523517675
832,6-triflatequinoline,"1c, 6-OTf-Q",1,0.0004,"2a, Boronic Acid",1,Pd(OAc)2,0.0625,P(Cy)3,0.125,LiOtBu,2.5,MeCN,92.0925007637893,368553.8454775465
833,6-triflatequinoline,"1c, 6-OTf-Q",1,0.0004,"2a, Boronic Acid",1,Pd(OAc)2,0.0625,P(o-Tol)3,0.125,LiOtBu,2.5,MeCN,82.7709335345633,83867.69425870232
834,6-triflatequinoline,"1c, 6-OTf-Q",1,0.0004,"2a, Boronic Acid",1,Pd(OAc)2,0.0625,CataCXium A,0.125,LiOtBu,2.5,MeCN,91.1687837777769,295455.3760404131
835,6-triflatequinoline,"1c, 6-OTf-Q",1,0.0004,"2a, Boronic Acid",1,Pd(OAc)2,0.0625,SPhos,0.125,LiOtBu,2.5,MeCN,90.8939561818585,101424.69500645784
836,6-triflatequinoline,"1c, 6-OTf-Q",1,0.0004,"2a, Boronic Acid",1,Pd(OAc)2,0.0625,dtbpf,0.125,LiOtBu,2.5,MeCN,85.4105546398034,139709.4257025376
837,6-triflatequinoline,"1c, 6-OTf-Q",1,0.0004,"2a, Boronic Acid",1,Pd(OAc)2,0.0625,XPhos,0.125,LiOtBu,2.5,MeCN,91.0997314536534,93872.4791381733
838,6-triflatequinoline,"1c, 6-OTf-Q",1,0.0004,"2a, Boronic Acid",1,Pd(OAc)2,0.0625,dppf,0.125,LiOtBu,2.5,MeCN,27.3944628344096,92750.83670623548
839,6-triflatequinoline,"1c, 6-OTf-Q",1,0.0004,"2a, Boronic Acid",1,Pd(OAc)2,0.0625,Xantphos,0.125,LiOtBu,2.5,MeCN,16.0373806385924,22127.405613411473
840,6-triflatequinoline,"1c, 6-OTf-Q",1,0.0004,"2a, Boronic Acid",1,Pd(OAc)2,0.0625,,,LiOtBu,2.5,MeCN,36.7026825496247,118319.29633959183
841,6-triflatequinoline,"1c, 6-OTf-Q",1,0.0004,"2a, Boronic Acid",1,Pd(OAc)2,0.0625,P(tBu)3,0.125,Et3N,2.5,MeCN,67.5935998582195,72395.7425208352
842,6-triflatequinoline,"1c, 6-OTf-Q",1,0.0004,"2a, Boronic Acid",1,Pd(OAc)2,0.0625,P(Ph)3 ,0.125,Et3N,2.5,MeCN,97.4549141405387,353068.61636599584
843,6-triflatequinoline,"1c, 6-OTf-Q",1,0.0004,"2a, Boronic Acid",1,Pd(OAc)2,0.0625,AmPhos,0.125,Et3N,2.5,MeCN,85.0384910294823,87261.26481345677
844,6-triflatequinoline,"1c, 6-OTf-Q",1,0.0004,"2a, Boronic Acid",1,Pd(OAc)2,0.0625,P(Cy)3,0.125,Et3N,2.5,MeCN,92.6953164510429,359496.61207284936
845,6-triflatequinoline,"1c, 6-OTf-Q",1,0.0004,"2a, Boronic Acid",1,Pd(OAc)2,0.0625,P(o-Tol)3,0.125,Et3N,2.5,MeCN,70.4521026988636,68968.60383030308
846,6-triflatequinoline,"1c, 6-OTf-Q",1,0.0004,"2a, Boronic Acid",1,Pd(OAc)2,0.0625,CataCXium A,0.125,Et3N,2.5,MeCN,92.5187532871576,76023.27691564296
847,6-triflatequinoline,"1c, 6-OTf-Q",1,0.0004,"2a, Boronic Acid",1,Pd(OAc)2,0.0625,SPhos,0.125,Et3N,2.5,MeCN,91.3685791204355,93015.64636761068
848,6-triflatequinoline,"1c, 6-OTf-Q",1,0.0004,"2a, Boronic Acid",1,Pd(OAc)2,0.0625,dtbpf,0.125,Et3N,2.5,MeCN,41.668135399844,156309.61065705583
849,6-triflatequinoline,"1c, 6-OTf-Q",1,0.0004,"2a, Boronic Acid",1,Pd(OAc)2,0.0625,XPhos,0.125,Et3N,2.5,MeCN,80.5863442755513,76541.63566239257
850,6-triflatequinoline,"1c, 6-OTf-Q",1,0.0004,"2a, Boronic Acid",1,Pd(OAc)2,0.0625,dppf,0.125,Et3N,2.5,MeCN,81.210639342736,255155.7506593073
851,6-triflatequinoline,"1c, 6-OTf-Q",1,0.0004,"2a, Boronic Acid",1,Pd(OAc)2,0.0625,Xantphos,0.125,Et3N,2.5,MeCN,9.06215943388742,17980.874010836356
852,6-triflatequinoline,"1c, 6-OTf-Q",1,0.0004,"2a, Boronic Acid",1,Pd(OAc)2,0.0625,,,Et3N,2.5,MeCN,61.6132790973319,115547.32229167272
853,6-triflatequinoline,"1c, 6-OTf-Q",1,0.0004,"2a, Boronic Acid",1,Pd(OAc)2,0.0625,P(tBu)3,0.125,,2.5,MeCN,74.7407477880316,92126.56074668327
854,6-triflatequinoline,"1c, 6-OTf-Q",1,0.0004,"2a, Boronic Acid",1,Pd(OAc)2,0.0625,P(Ph)3 ,0.125,,2.5,MeCN,97.4616278783623,376425.33173132484
855,6-triflatequinoline,"1c, 6-OTf-Q",1,0.0004,"2a, Boronic Acid",1,Pd(OAc)2,0.0625,AmPhos,0.125,,2.5,MeCN,90.6742989713622,101057.50314820209
856,6-triflatequinoline,"1c, 6-OTf-Q",1,0.0004,"2a, Boronic Acid",1,Pd(OAc)2,0.0625,P(Cy)3,0.125,,2.5,MeCN,84.0502275333941,321095.65580229467
857,6-triflatequinoline,"1c, 6-OTf-Q",1,0.0004,"2a, Boronic Acid",1,Pd(OAc)2,0.0625,P(o-Tol)3,0.125,,2.5,MeCN,58.4379303982543,67536.68165209112
858,6-triflatequinoline,"1c, 6-OTf-Q",1,0.0004,"2a, Boronic Acid",1,Pd(OAc)2,0.0625,CataCXium A,0.125,,2.5,MeCN,88.704418844604,305865.60711873206
859,6-triflatequinoline,"1c, 6-OTf-Q",1,0.0004,"2a, Boronic Acid",1,Pd(OAc)2,0.0625,SPhos,0.125,,2.5,MeCN,71.3468860497993,80637.90381375252
860,6-triflatequinoline,"1c, 6-OTf-Q",1,0.0004,"2a, Boronic Acid",1,Pd(OAc)2,0.0625,dtbpf,0.125,,2.5,MeCN,35.9547249921109,148390.95629317386
861,6-triflatequinoline,"1c, 6-OTf-Q",1,0.0004,"2a, Boronic Acid",1,Pd(OAc)2,0.0625,XPhos,0.125,,2.5,MeCN,66.7695535917472,79169.08709697588
862,6-triflatequinoline,"1c, 6-OTf-Q",1,0.0004,"2a, Boronic Acid",1,Pd(OAc)2,0.0625,dppf,0.125,,2.5,MeCN,76.6500045927144,259912.89393972914
863,6-triflatequinoline,"1c, 6-OTf-Q",1,0.0004,"2a, Boronic Acid",1,Pd(OAc)2,0.0625,Xantphos,0.125,,2.5,MeCN,7.36454758988074,15163.842689565938
864,6-triflatequinoline,"1c, 6-OTf-Q",1,0.0004,"2a, Boronic Acid",1,Pd(OAc)2,0.0625,,,,2.5,MeCN,39.4718743525235,103355.59347254504
865,6-triflatequinoline,"1c, 6-OTf-Q",1,0.0004,"2a, Boronic Acid",1,Pd(OAc)2,0.0625,P(tBu)3,0.125,NaOH,2.5,THF,51.2197691003402,48263.434102755025
866,6-triflatequinoline,"1c, 6-OTf-Q",1,0.0004,"2a, Boronic Acid",1,Pd(OAc)2,0.0625,P(Ph)3 ,0.125,NaOH,2.5,THF,96.3242391228999,365082.07594175526
867,6-triflatequinoline,"1c, 6-OTf-Q",1,0.0004,"2a, Boronic Acid",1,Pd(OAc)2,0.0625,AmPhos,0.125,NaOH,2.5,THF,33.566714168107,41650.584712654396
868,6-triflatequinoline,"1c, 6-OTf-Q",1,0.0004,"2a, Boronic Acid",1,Pd(OAc)2,0.0625,P(Cy)3,0.125,NaOH,2.5,THF,89.3539201368415,281182.6351339514
869,6-triflatequinoline,"1c, 6-OTf-Q",1,0.0004,"2a, Boronic Acid",1,Pd(OAc)2,0.0625,P(o-Tol)3,0.125,NaOH,2.5,THF,60.6843891405642,52741.40681199412
870,6-triflatequinoline,"1c, 6-OTf-Q",1,0.0004,"2a, Boronic Acid",1,Pd(OAc)2,0.0625,CataCXium A,0.125,NaOH,2.5,THF,29.570330814129,106417.3868451082
871,6-triflatequinoline,"1c, 6-OTf-Q",1,0.0004,"2a, Boronic Acid",1,Pd(OAc)2,0.0625,SPhos,0.125,NaOH,2.5,THF,93.8583499330187,90713.42058687175
872,6-triflatequinoline,"1c, 6-OTf-Q",1,0.0004,"2a, Boronic Acid",1,Pd(OAc)2,0.0625,dtbpf,0.125,NaOH,2.5,THF,51.3820782848313,179460.63888135093
873,6-triflatequinoline,"1c, 6-OTf-Q",1,0.0004,"2a, Boronic Acid",1,Pd(OAc)2,0.0625,XPhos,0.125,NaOH,2.5,THF,95.8014618260403,83734.33123897086
874,6-triflatequinoline,"1c, 6-OTf-Q",1,0.0004,"2a, Boronic Acid",1,Pd(OAc)2,0.0625,dppf,0.125,NaOH,2.5,THF,27.4717090885366,76094.26572593629
875,6-triflatequinoline,"1c, 6-OTf-Q",1,0.0004,"2a, Boronic Acid",1,Pd(OAc)2,0.0625,Xantphos,0.125,NaOH,2.5,THF,47.2141258243317,57515.34218544162
876,6-triflatequinoline,"1c, 6-OTf-Q",1,0.0004,"2a, Boronic Acid",1,Pd(OAc)2,0.0625,,,NaOH,2.5,THF,64.1477031280232,166666.0429670454
877,6-triflatequinoline,"1c, 6-OTf-Q",1,0.0004,"2a, Boronic Acid",1,Pd(OAc)2,0.0625,P(tBu)3,0.125,NaHCO3,2.5,THF,54.8505815180369,44044.643893617016
878,6-triflatequinoline,"1c, 6-OTf-Q",1,0.0004,"2a, Boronic Acid",1,Pd(OAc)2,0.0625,P(Ph)3 ,0.125,NaHCO3,2.5,THF,87.2486387938509,345098.70693248697
879,6-triflatequinoline,"1c, 6-OTf-Q",1,0.0004,"2a, Boronic Acid",1,Pd(OAc)2,0.0625,AmPhos,0.125,NaHCO3,2.5,THF,25.7214813415071,37443.46612004756
880,6-triflatequinoline,"1c, 6-OTf-Q",1,0.0004,"2a, Boronic Acid",1,Pd(OAc)2,0.0625,P(Cy)3,0.125,NaHCO3,2.5,THF,92.6982495813368,323013.5565948895
881,6-triflatequinoline,"1c, 6-OTf-Q",1,0.0004,"2a, Boronic Acid",1,Pd(OAc)2,0.0625,P(o-Tol)3,0.125,NaHCO3,2.5,THF,43.7483084080667,43226.746350887806
882,6-triflatequinoline,"1c, 6-OTf-Q",1,0.0004,"2a, Boronic Acid",1,Pd(OAc)2,0.0625,CataCXium A,0.125,NaHCO3,2.5,THF,30.6044457630202,137300.9719553198
883,6-triflatequinoline,"1c, 6-OTf-Q",1,0.0004,"2a, Boronic Acid",1,Pd(OAc)2,0.0625,SPhos,0.125,NaHCO3,2.5,THF,86.6954853801412,91962.31793039467
884,6-triflatequinoline,"1c, 6-OTf-Q",1,0.0004,"2a, Boronic Acid",1,Pd(OAc)2,0.0625,dtbpf,0.125,NaHCO3,2.5,THF,44.1228855777834,157186.0218263713
885,6-triflatequinoline,"1c, 6-OTf-Q",1,0.0004,"2a, Boronic Acid",1,Pd(OAc)2,0.0625,XPhos,0.125,NaHCO3,2.5,THF,87.6529306878723,83170.22655105682
886,6-triflatequinoline,"1c, 6-OTf-Q",1,0.0004,"2a, Boronic Acid",1,Pd(OAc)2,0.0625,dppf,0.125,NaHCO3,2.5,THF,65.2477154725794,201601.62368393864
887,6-triflatequinoline,"1c, 6-OTf-Q",1,0.0004,"2a, Boronic Acid",1,Pd(OAc)2,0.0625,Xantphos,0.125,NaHCO3,2.5,THF,8.25821294321349,25291.422194319457
888,6-triflatequinoline,"1c, 6-OTf-Q",1,0.0004,"2a, Boronic Acid",1,Pd(OAc)2,0.0625,,,NaHCO3,2.5,THF,22.8739644621073,111368.67182408573
889,6-triflatequinoline,"1c, 6-OTf-Q",1,0.0004,"2a, Boronic Acid",1,Pd(OAc)2,0.0625,P(tBu)3,0.125,CsF,2.5,THF,22.3722230897266,27191.662082188832
890,6-triflatequinoline,"1c, 6-OTf-Q",1,0.0004,"2a, Boronic Acid",1,Pd(OAc)2,0.0625,P(Ph)3 ,0.125,CsF,2.5,THF,67.8762954701526,287951.4108194082
891,6-triflatequinoline,"1c, 6-OTf-Q",1,0.0004,"2a, Boronic Acid",1,Pd(OAc)2,0.0625,AmPhos,0.125,CsF,2.5,THF,15.150091463067,35045.836889371225
892,6-triflatequinoline,"1c, 6-OTf-Q",1,0.0004,"2a, Boronic Acid",1,Pd(OAc)2,0.0625,P(Cy)3,0.125,CsF,2.5,THF,83.8380654852272,323845.6457632525
893,6-triflatequinoline,"1c, 6-OTf-Q",1,0.0004,"2a, Boronic Acid",1,Pd(OAc)2,0.0625,P(o-Tol)3,0.125,CsF,2.5,THF,11.8312935386201,29032.885213034497
894,6-triflatequinoline,"1c, 6-OTf-Q",1,0.0004,"2a, Boronic Acid",1,Pd(OAc)2,0.0625,CataCXium A,0.125,CsF,2.5,THF,29.452670500198,123807.92452483272
895,6-triflatequinoline,"1c, 6-OTf-Q",1,0.0004,"2a, Boronic Acid",1,Pd(OAc)2,0.0625,SPhos,0.125,CsF,2.5,THF,52.9065760960835,67908.82189531883
896,6-triflatequinoline,"1c, 6-OTf-Q",1,0.0004,"2a, Boronic Acid",1,Pd(OAc)2,0.0625,dtbpf,0.125,CsF,2.5,THF,40.8470724018374,155451.16228671523
897,6-triflatequinoline,"1c, 6-OTf-Q",1,0.0004,"2a, Boronic Acid",1,Pd(OAc)2,0.0625,XPhos,0.125,CsF,2.5,THF,55.6587667829784,64454.218553335515
898,6-triflatequinoline,"1c, 6-OTf-Q",1,0.0004,"2a, Boronic Acid",1,Pd(OAc)2,0.0625,dppf,0.125,CsF,2.5,THF,52.3201995887355,176211.71979513974
899,6-triflatequinoline,"1c, 6-OTf-Q",1,0.0004,"2a, Boronic Acid",1,Pd(OAc)2,0.0625,Xantphos,0.125,CsF,2.5,THF,4.36798550716311,14148.236327759992
900,6-triflatequinoline,"1c, 6-OTf-Q",1,0.0004,"2a, Boronic Acid",1,Pd(OAc)2,0.0625,,,CsF,2.5,THF,14.4321771976119,73832.72423911888
901,6-triflatequinoline,"1c, 6-OTf-Q",1,0.0004,"2a, Boronic Acid",1,Pd(OAc)2,0.0625,P(tBu)3,0.125,K3PO4,2.5,THF,27.6307724280606,30833.260955937607
902,6-triflatequinoline,"1c, 6-OTf-Q",1,0.0004,"2a, Boronic Acid",1,Pd(OAc)2,0.0625,P(Ph)3 ,0.125,K3PO4,2.5,THF,65.6644245180106,260435.28643373586
903,6-triflatequinoline,"1c, 6-OTf-Q",1,0.0004,"2a, Boronic Acid",1,Pd(OAc)2,0.0625,AmPhos,0.125,K3PO4,2.5,THF,14.9881622405924,34046.60272608091
904,6-triflatequinoline,"1c, 6-OTf-Q",1,0.0004,"2a, Boronic Acid",1,Pd(OAc)2,0.0625,P(Cy)3,0.125,K3PO4,2.5,THF,73.0684767120241,295379.19336594315
905,6-triflatequinoline,"1c, 6-OTf-Q",1,0.0004,"2a, Boronic Acid",1,Pd(OAc)2,0.0625,P(o-Tol)3,0.125,K3PO4,2.5,THF,9.33043179541265,24251.28366947862
906,6-triflatequinoline,"1c, 6-OTf-Q",1,0.0004,"2a, Boronic Acid",1,Pd(OAc)2,0.0625,CataCXium A,0.125,K3PO4,2.5,THF,23.7805766149116,97411.58196871656
907,6-triflatequinoline,"1c, 6-OTf-Q",1,0.0004,"2a, Boronic Acid",1,Pd(OAc)2,0.0625,SPhos,0.125,K3PO4,2.5,THF,54.7774361939601,65404.8150536015
908,6-triflatequinoline,"1c, 6-OTf-Q",1,0.0004,"2a, Boronic Acid",1,Pd(OAc)2,0.0625,dtbpf,0.125,K3PO4,2.5,THF,42.6590673293004,159691.97303690534
909,6-triflatequinoline,"1c, 6-OTf-Q",1,0.0004,"2a, Boronic Acid",1,Pd(OAc)2,0.0625,XPhos,0.125,K3PO4,2.5,THF,47.9034110346946,63151.10352714138
910,6-triflatequinoline,"1c, 6-OTf-Q",1,0.0004,"2a, Boronic Acid",1,Pd(OAc)2,0.0625,dppf,0.125,K3PO4,2.5,THF,43.1539636009296,144941.31161061677
911,6-triflatequinoline,"1c, 6-OTf-Q",1,0.0004,"2a, Boronic Acid",1,Pd(OAc)2,0.0625,Xantphos,0.125,K3PO4,2.5,THF,5.76242081536026,16620.64283257776
912,6-triflatequinoline,"1c, 6-OTf-Q",1,0.0004,"2a, Boronic Acid",1,Pd(OAc)2,0.0625,,,K3PO4,2.5,THF,18.7550331840985,92650.05955277475
913,6-triflatequinoline,"1c, 6-OTf-Q",1,0.0004,"2a, Boronic Acid",1,Pd(OAc)2,0.0625,P(tBu)3,0.125,KOH,2.5,THF,33.2611153922379,36670.91451908452
914,6-triflatequinoline,"1c, 6-OTf-Q",1,0.0004,"2a, Boronic Acid",1,Pd(OAc)2,0.0625,P(Ph)3 ,0.125,KOH,2.5,THF,84.5103391623804,354622.43948850664
915,6-triflatequinoline,"1c, 6-OTf-Q",1,0.0004,"2a, Boronic Acid",1,Pd(OAc)2,0.0625,AmPhos,0.125,KOH,2.5,THF,11.464075044506,28090.187194247967
916,6-triflatequinoline,"1c, 6-OTf-Q",1,0.0004,"2a, Boronic Acid",1,Pd(OAc)2,0.0625,P(Cy)3,0.125,KOH,2.5,THF,65.6365072356089,253058.64503506446
917,6-triflatequinoline,"1c, 6-OTf-Q",1,0.0004,"2a, Boronic Acid",1,Pd(OAc)2,0.0625,P(o-Tol)3,0.125,KOH,2.5,THF,26.9869378125437,30984.760566939935
918,6-triflatequinoline,"1c, 6-OTf-Q",1,0.0004,"2a, Boronic Acid",1,Pd(OAc)2,0.0625,CataCXium A,0.125,KOH,2.5,THF,24.5422273410823,91257.59080908995
919,6-triflatequinoline,"1c, 6-OTf-Q",1,0.0004,"2a, Boronic Acid",1,Pd(OAc)2,0.0625,SPhos,0.125,KOH,2.5,THF,61.3484918120441,70134.36856599172
920,6-triflatequinoline,"1c, 6-OTf-Q",1,0.0004,"2a, Boronic Acid",1,Pd(OAc)2,0.0625,dtbpf,0.125,KOH,2.5,THF,47.0368624273923,147656.95387539393
921,6-triflatequinoline,"1c, 6-OTf-Q",1,0.0004,"2a, Boronic Acid",1,Pd(OAc)2,0.0625,XPhos,0.125,KOH,2.5,THF,80.8285029571526,64804.71606085031
922,6-triflatequinoline,"1c, 6-OTf-Q",1,0.0004,"2a, Boronic Acid",1,Pd(OAc)2,0.0625,dppf,0.125,KOH,2.5,THF,27.8327925718935,84238.48244677843
923,6-triflatequinoline,"1c, 6-OTf-Q",1,0.0004,"2a, Boronic Acid",1,Pd(OAc)2,0.0625,Xantphos,0.125,KOH,2.5,THF,17.7630172905313,32621.386417021473
924,6-triflatequinoline,"1c, 6-OTf-Q",1,0.0004,"2a, Boronic Acid",1,Pd(OAc)2,0.0625,,,KOH,2.5,THF,29.9519317390657,123656.87341687284
925,6-triflatequinoline,"1c, 6-OTf-Q",1,0.0004,"2a, Boronic Acid",1,Pd(OAc)2,0.0625,P(tBu)3,0.125,LiOtBu,2.5,THF,53.7756378178781,39793.49213359457
926,6-triflatequinoline,"1c, 6-OTf-Q",1,0.0004,"2a, Boronic Acid",1,Pd(OAc)2,0.0625,P(Ph)3 ,0.125,LiOtBu,2.5,THF,85.8779367670267,294030.74214461667
927,6-triflatequinoline,"1c, 6-OTf-Q",1,0.0004,"2a, Boronic Acid",1,Pd(OAc)2,0.0625,AmPhos,0.125,LiOtBu,2.5,THF,23.6308425238582,29896.388687514747
928,6-triflatequinoline,"1c, 6-OTf-Q",1,0.0004,"2a, Boronic Acid",1,Pd(OAc)2,0.0625,P(Cy)3,0.125,LiOtBu,2.5,THF,65.7421098292381,238761.29615766948
929,6-triflatequinoline,"1c, 6-OTf-Q",1,0.0004,"2a, Boronic Acid",1,Pd(OAc)2,0.0625,P(o-Tol)3,0.125,LiOtBu,2.5,THF,48.3261494617316,34984.03866201085
930,6-triflatequinoline,"1c, 6-OTf-Q",1,0.0004,"2a, Boronic Acid",1,Pd(OAc)2,0.0625,CataCXium A,0.125,LiOtBu,2.5,THF,26.7105163103183,85937.59493053422
931,6-triflatequinoline,"1c, 6-OTf-Q",1,0.0004,"2a, Boronic Acid",1,Pd(OAc)2,0.0625,SPhos,0.125,LiOtBu,2.5,THF,93.6678684812441,82113.68105505547
932,6-triflatequinoline,"1c, 6-OTf-Q",1,0.0004,"2a, Boronic Acid",1,Pd(OAc)2,0.0625,dtbpf,0.125,LiOtBu,2.5,THF,49.6304477267633,168896.55434442585
933,6-triflatequinoline,"1c, 6-OTf-Q",1,0.0004,"2a, Boronic Acid",1,Pd(OAc)2,0.0625,XPhos,0.125,LiOtBu,2.5,THF,95.4958948847799,76823.90603775614
934,6-triflatequinoline,"1c, 6-OTf-Q",1,0.0004,"2a, Boronic Acid",1,Pd(OAc)2,0.0625,dppf,0.125,LiOtBu,2.5,THF,24.1005232974831,55724.87743910887
935,6-triflatequinoline,"1c, 6-OTf-Q",1,0.0004,"2a, Boronic Acid",1,Pd(OAc)2,0.0625,Xantphos,0.125,LiOtBu,2.5,THF,42.8940158162194,43479.46064225158
936,6-triflatequinoline,"1c, 6-OTf-Q",1,0.0004,"2a, Boronic Acid",1,Pd(OAc)2,0.0625,,,LiOtBu,2.5,THF,62.9966030221791,144964.35977027874
937,6-triflatequinoline,"1c, 6-OTf-Q",1,0.0004,"2a, Boronic Acid",1,Pd(OAc)2,0.0625,P(tBu)3,0.125,Et3N,2.5,THF,49.0170408129729,42115.30199690072
938,6-triflatequinoline,"1c, 6-OTf-Q",1,0.0004,"2a, Boronic Acid",1,Pd(OAc)2,0.0625,P(Ph)3 ,0.125,Et3N,2.5,THF,86.0696699684853,296279.554626253
939,6-triflatequinoline,"1c, 6-OTf-Q",1,0.0004,"2a, Boronic Acid",1,Pd(OAc)2,0.0625,AmPhos,0.125,Et3N,2.5,THF,28.0777869794065,31157.551848676016
940,6-triflatequinoline,"1c, 6-OTf-Q",1,0.0004,"2a, Boronic Acid",1,Pd(OAc)2,0.0625,P(Cy)3,0.125,Et3N,2.5,THF,75.261012861474,254370.9694077787
941,6-triflatequinoline,"1c, 6-OTf-Q",1,0.0004,"2a, Boronic Acid",1,Pd(OAc)2,0.0625,P(o-Tol)3,0.125,Et3N,2.5,THF,54.0637459059965,39454.44789539981
942,6-triflatequinoline,"1c, 6-OTf-Q",1,0.0004,"2a, Boronic Acid",1,Pd(OAc)2,0.0625,CataCXium A,0.125,Et3N,2.5,THF,26.6110715140147,83436.28470957273
943,6-triflatequinoline,"1c, 6-OTf-Q",1,0.0004,"2a, Boronic Acid",1,Pd(OAc)2,0.0625,SPhos,0.125,Et3N,2.5,THF,93.8081162096646,79768.09410005507
944,6-triflatequinoline,"1c, 6-OTf-Q",1,0.0004,"2a, Boronic Acid",1,Pd(OAc)2,0.0625,dtbpf,0.125,Et3N,2.5,THF,49.74444552099,144709.7646003097
945,6-triflatequinoline,"1c, 6-OTf-Q",1,0.0004,"2a, Boronic Acid",1,Pd(OAc)2,0.0625,XPhos,0.125,Et3N,2.5,THF,95.8452599626901,82938.19616301816
946,6-triflatequinoline,"1c, 6-OTf-Q",1,0.0004,"2a, Boronic Acid",1,Pd(OAc)2,0.0625,dppf,0.125,Et3N,2.5,THF,27.0272772906929,72669.86780814685
947,6-triflatequinoline,"1c, 6-OTf-Q",1,0.0004,"2a, Boronic Acid",1,Pd(OAc)2,0.0625,Xantphos,0.125,Et3N,2.5,THF,37.8788146058671,45431.481055086915
948,6-triflatequinoline,"1c, 6-OTf-Q",1,0.0004,"2a, Boronic Acid",1,Pd(OAc)2,0.0625,,,Et3N,2.5,THF,56.0634797667103,138604.46483553146
949,6-triflatequinoline,"1c, 6-OTf-Q",1,0.0004,"2a, Boronic Acid",1,Pd(OAc)2,0.0625,P(tBu)3,0.125,,2.5,THF,56.777297291904,38573.180075317585
950,6-triflatequinoline,"1c, 6-OTf-Q",1,0.0004,"2a, Boronic Acid",1,Pd(OAc)2,0.0625,P(Ph)3 ,0.125,,2.5,THF,82.299024541829,294748.30223787756
951,6-triflatequinoline,"1c, 6-OTf-Q",1,0.0004,"2a, Boronic Acid",1,Pd(OAc)2,0.0625,AmPhos,0.125,,2.5,THF,42.797180466122,33567.74223901077
952,6-triflatequinoline,"1c, 6-OTf-Q",1,0.0004,"2a, Boronic Acid",1,Pd(OAc)2,0.0625,P(Cy)3,0.125,,2.5,THF,75.6424717510945,253237.27600346724
953,6-triflatequinoline,"1c, 6-OTf-Q",1,0.0004,"2a, Boronic Acid",1,Pd(OAc)2,0.0625,P(o-Tol)3,0.125,,2.5,THF,55.9591173174982,43794.5469795172
954,6-triflatequinoline,"1c, 6-OTf-Q",1,0.0004,"2a, Boronic Acid",1,Pd(OAc)2,0.0625,CataCXium A,0.125,,2.5,THF,25.6642445847855,91558.38582551468
955,6-triflatequinoline,"1c, 6-OTf-Q",1,0.0004,"2a, Boronic Acid",1,Pd(OAc)2,0.0625,SPhos,0.125,,2.5,THF,95.2137226541972,86419.67050015353
956,6-triflatequinoline,"1c, 6-OTf-Q",1,0.0004,"2a, Boronic Acid",1,Pd(OAc)2,0.0625,dtbpf,0.125,,2.5,THF,46.1256886470727,152766.81541665195
957,6-triflatequinoline,"1c, 6-OTf-Q",1,0.0004,"2a, Boronic Acid",1,Pd(OAc)2,0.0625,XPhos,0.125,,2.5,THF,95.190311998544,84412.6834100634
958,6-triflatequinoline,"1c, 6-OTf-Q",1,0.0004,"2a, Boronic Acid",1,Pd(OAc)2,0.0625,dppf,0.125,,2.5,THF,28.4752672789179,88766.98716573765
959,6-triflatequinoline,"1c, 6-OTf-Q",1,0.0004,"2a, Boronic Acid",1,Pd(OAc)2,0.0625,Xantphos,0.125,,2.5,THF,32.0983522115381,40885.40612955805
960,6-triflatequinoline,"1c, 6-OTf-Q",1,0.0004,"2a, Boronic Acid",1,Pd(OAc)2,0.0625,,,,2.5,THF,54.3610791860469,136528.08304886645
961,6-triflatequinoline,"1c, 6-OTf-Q",1,0.0004,"2a, Boronic Acid",1,Pd(OAc)2,0.0625,P(tBu)3,0.125,NaOH,2.5,DMF,40.2016779071846,26349.092624342302
962,6-triflatequinoline,"1c, 6-OTf-Q",1,0.0004,"2a, Boronic Acid",1,Pd(OAc)2,0.0625,P(Ph)3 ,0.125,NaOH,2.5,DMF,66.316553568736,121514.6501520271
963,6-triflatequinoline,"1c, 6-OTf-Q",1,0.0004,"2a, Boronic Acid",1,Pd(OAc)2,0.0625,AmPhos,0.125,NaOH,2.5,DMF,43.1762239449345,27068.65342205912
964,6-triflatequinoline,"1c, 6-OTf-Q",1,0.0004,"2a, Boronic Acid",1,Pd(OAc)2,0.0625,P(Cy)3,0.125,NaOH,2.5,DMF,57.0848317866516,106078.5237332587
965,6-triflatequinoline,"1c, 6-OTf-Q",1,0.0004,"2a, Boronic Acid",1,Pd(OAc)2,0.0625,P(o-Tol)3,0.125,NaOH,2.5,DMF,33.9176191326349,20598.766139626707
966,6-triflatequinoline,"1c, 6-OTf-Q",1,0.0004,"2a, Boronic Acid",1,Pd(OAc)2,0.0625,CataCXium A,0.125,NaOH,2.5,DMF,54.3002285368659,76435.08478673527
967,6-triflatequinoline,"1c, 6-OTf-Q",1,0.0004,"2a, Boronic Acid",1,Pd(OAc)2,0.0625,SPhos,0.125,NaOH,2.5,DMF,55.2657618023296,33082.320718918236
968,6-triflatequinoline,"1c, 6-OTf-Q",1,0.0004,"2a, Boronic Acid",1,Pd(OAc)2,0.0625,dtbpf,0.125,NaOH,2.5,DMF,41.8738778286835,59975.004428027154
969,6-triflatequinoline,"1c, 6-OTf-Q",1,0.0004,"2a, Boronic Acid",1,Pd(OAc)2,0.0625,XPhos,0.125,NaOH,2.5,DMF,47.2239119947404,28659.428325798137
970,6-triflatequinoline,"1c, 6-OTf-Q",1,0.0004,"2a, Boronic Acid",1,Pd(OAc)2,0.0625,dppf,0.125,NaOH,2.5,DMF,40.0320325336921,49472.77184835474
971,6-triflatequinoline,"1c, 6-OTf-Q",1,0.0004,"2a, Boronic Acid",1,Pd(OAc)2,0.0625,Xantphos,0.125,NaOH,2.5,DMF,26.733989167063,17897.846397803434
972,6-triflatequinoline,"1c, 6-OTf-Q",1,0.0004,"2a, Boronic Acid",1,Pd(OAc)2,0.0625,,,NaOH,2.5,DMF,25.5504262192032,52913.63895714827
973,6-triflatequinoline,"1c, 6-OTf-Q",1,0.0004,"2a, Boronic Acid",1,Pd(OAc)2,0.0625,P(tBu)3,0.125,NaHCO3,2.5,DMF,9.29353091704395,8492.66396882748
974,6-triflatequinoline,"1c, 6-OTf-Q",1,0.0004,"2a, Boronic Acid",1,Pd(OAc)2,0.0625,P(Ph)3 ,0.125,NaHCO3,2.5,DMF,92.2769390802099,179571.3278835612
975,6-triflatequinoline,"1c, 6-OTf-Q",1,0.0004,"2a, Boronic Acid",1,Pd(OAc)2,0.0625,AmPhos,0.125,NaHCO3,2.5,DMF,54.3634752974235,33089.62834410313
976,6-triflatequinoline,"1c, 6-OTf-Q",1,0.0004,"2a, Boronic Acid",1,Pd(OAc)2,0.0625,P(Cy)3,0.125,NaHCO3,2.5,DMF,88.5465979213025,173567.32804768055
977,6-triflatequinoline,"1c, 6-OTf-Q",1,0.0004,"2a, Boronic Acid",1,Pd(OAc)2,0.0625,P(o-Tol)3,0.125,NaHCO3,2.5,DMF,27.5512880242055,19292.15097846663
978,6-triflatequinoline,"1c, 6-OTf-Q",1,0.0004,"2a, Boronic Acid",1,Pd(OAc)2,0.0625,CataCXium A,0.125,NaHCO3,2.5,DMF,43.1959070349507,93818.59421480416
979,6-triflatequinoline,"1c, 6-OTf-Q",1,0.0004,"2a, Boronic Acid",1,Pd(OAc)2,0.0625,SPhos,0.125,NaHCO3,2.5,DMF,64.6909291947542,35996.31975176739
980,6-triflatequinoline,"1c, 6-OTf-Q",1,0.0004,"2a, Boronic Acid",1,Pd(OAc)2,0.0625,dtbpf,0.125,NaHCO3,2.5,DMF,26.736582859779,49044.668231977375
981,6-triflatequinoline,"1c, 6-OTf-Q",1,0.0004,"2a, Boronic Acid",1,Pd(OAc)2,0.0625,XPhos,0.125,NaHCO3,2.5,DMF,52.8515237001515,31146.313943241235
982,6-triflatequinoline,"1c, 6-OTf-Q",1,0.0004,"2a, Boronic Acid",1,Pd(OAc)2,0.0625,dppf,0.125,NaHCO3,2.5,DMF,80.2761512511913,126961.33560364289
983,6-triflatequinoline,"1c, 6-OTf-Q",1,0.0004,"2a, Boronic Acid",1,Pd(OAc)2,0.0625,Xantphos,0.125,NaHCO3,2.5,DMF,0.576354581847615,6823.840928050139
984,6-triflatequinoline,"1c, 6-OTf-Q",1,0.0004,"2a, Boronic Acid",1,Pd(OAc)2,0.0625,,,NaHCO3,2.5,DMF,25.691197237042,53027.45315387982
985,6-triflatequinoline,"1c, 6-OTf-Q",1,0.0004,"2a, Boronic Acid",1,Pd(OAc)2,0.0625,P(tBu)3,0.125,CsF,2.5,DMF,8.71215607848777,8078.702943311204
986,6-triflatequinoline,"1c, 6-OTf-Q",1,0.0004,"2a, Boronic Acid",1,Pd(OAc)2,0.0625,P(Ph)3 ,0.125,CsF,2.5,DMF,91.1445698800749,167916.08182379723
987,6-triflatequinoline,"1c, 6-OTf-Q",1,0.0004,"2a, Boronic Acid",1,Pd(OAc)2,0.0625,AmPhos,0.125,CsF,2.5,DMF,76.4355701961598,45012.563131378425
988,6-triflatequinoline,"1c, 6-OTf-Q",1,0.0004,"2a, Boronic Acid",1,Pd(OAc)2,0.0625,P(Cy)3,0.125,CsF,2.5,DMF,94.4626212201736,176790.08381788307
989,6-triflatequinoline,"1c, 6-OTf-Q",1,0.0004,"2a, Boronic Acid",1,Pd(OAc)2,0.0625,P(o-Tol)3,0.125,CsF,2.5,DMF,60.0045218174972,35807.10815924727
990,6-triflatequinoline,"1c, 6-OTf-Q",1,0.0004,"2a, Boronic Acid",1,Pd(OAc)2,0.0625,CataCXium A,0.125,CsF,2.5,DMF,94.8036555322924,149507.46167813495
991,6-triflatequinoline,"1c, 6-OTf-Q",1,0.0004,"2a, Boronic Acid",1,Pd(OAc)2,0.0625,SPhos,0.125,CsF,2.5,DMF,77.8951815355133,43601.406243567755
992,6-triflatequinoline,"1c, 6-OTf-Q",1,0.0004,"2a, Boronic Acid",1,Pd(OAc)2,0.0625,dtbpf,0.125,CsF,2.5,DMF,54.8864102297303,83692.70783421338
993,6-triflatequinoline,"1c, 6-OTf-Q",1,0.0004,"2a, Boronic Acid",1,Pd(OAc)2,0.0625,XPhos,0.125,CsF,2.5,DMF,87.9862874986363,49237.781373059115
994,6-triflatequinoline,"1c, 6-OTf-Q",1,0.0004,"2a, Boronic Acid",1,Pd(OAc)2,0.0625,dppf,0.125,CsF,2.5,DMF,97.3170157569852,149238.9525702679
995,6-triflatequinoline,"1c, 6-OTf-Q",1,0.0004,"2a, Boronic Acid",1,Pd(OAc)2,0.0625,Xantphos,0.125,CsF,2.5,DMF,6.68843758003913,8395.649257568486
996,6-triflatequinoline,"1c, 6-OTf-Q",1,0.0004,"2a, Boronic Acid",1,Pd(OAc)2,0.0625,,,CsF,2.5,DMF,46.8416411184166,81581.05240024875
997,6-triflatequinoline,"1c, 6-OTf-Q",1,0.0004,"2a, Boronic Acid",1,Pd(OAc)2,0.0625,P(tBu)3,0.125,K3PO4,2.5,DMF,19.6209213859596,15249.570605265913
998,6-triflatequinoline,"1c, 6-OTf-Q",1,0.0004,"2a, Boronic Acid",1,Pd(OAc)2,0.0625,P(Ph)3 ,0.125,K3PO4,2.5,DMF,89.868453870243,166482.21836970613
999,6-triflatequinoline,"1c, 6-OTf-Q",1,0.0004,"2a, Boronic Acid",1,Pd(OAc)2,0.0625,AmPhos,0.125,K3PO4,2.5,DMF,69.9271913427484,41154.471328237385
1000,6-triflatequinoline,"1c, 6-OTf-Q",1,0.0004,"2a, Boronic Acid",1,Pd(OAc)2,0.0625,P(Cy)3,0.125,K3PO4,2.5,DMF,55.6445065342882,124416.34897865793
1001,6-triflatequinoline,"1c, 6-OTf-Q",1,0.0004,"2a, Boronic Acid",1,Pd(OAc)2,0.0625,P(o-Tol)3,0.125,K3PO4,2.5,DMF,46.8284635075335,28130.497634875996
1002,6-triflatequinoline,"1c, 6-OTf-Q",1,0.0004,"2a, Boronic Acid",1,Pd(OAc)2,0.0625,CataCXium A,0.125,K3PO4,2.5,DMF,69.4849051478207,116104.87226506231
1003,6-triflatequinoline,"1c, 6-OTf-Q",1,0.0004,"2a, Boronic Acid",1,Pd(OAc)2,0.0625,SPhos,0.125,K3PO4,2.5,DMF,46.4440818732198,30720.85155201901
1004,6-triflatequinoline,"1c, 6-OTf-Q",1,0.0004,"2a, Boronic Acid",1,Pd(OAc)2,0.0625,dtbpf,0.125,K3PO4,2.5,DMF,35.1183819899968,67353.0064387987
1005,6-triflatequinoline,"1c, 6-OTf-Q",1,0.0004,"2a, Boronic Acid",1,Pd(OAc)2,0.0625,XPhos,0.125,K3PO4,2.5,DMF,43.4972344170685,26783.52081489847
1006,6-triflatequinoline,"1c, 6-OTf-Q",1,0.0004,"2a, Boronic Acid",1,Pd(OAc)2,0.0625,dppf,0.125,K3PO4,2.5,DMF,65.4814855584207,102292.84185266512
1007,6-triflatequinoline,"1c, 6-OTf-Q",1,0.0004,"2a, Boronic Acid",1,Pd(OAc)2,0.0625,Xantphos,0.125,K3PO4,2.5,DMF,7.08940603391516,8982.551178181528
1008,6-triflatequinoline,"1c, 6-OTf-Q",1,0.0004,"2a, Boronic Acid",1,Pd(OAc)2,0.0625,,,K3PO4,2.5,DMF,20.917749974372,45523.01085423281
1009,6-triflatequinoline,"1c, 6-OTf-Q",1,0.0004,"2a, Boronic Acid",1,Pd(OAc)2,0.0625,P(tBu)3,0.125,KOH,2.5,DMF,27.9622055828012,19469.376383108833
1010,6-triflatequinoline,"1c, 6-OTf-Q",1,0.0004,"2a, Boronic Acid",1,Pd(OAc)2,0.0625,P(Ph)3 ,0.125,KOH,2.5,DMF,83.9539768451087,146405.61917028503
1011,6-triflatequinoline,"1c, 6-OTf-Q",1,0.0004,"2a, Boronic Acid",1,Pd(OAc)2,0.0625,AmPhos,0.125,KOH,2.5,DMF,56.6497527312536,34049.722885632385
1012,6-triflatequinoline,"1c, 6-OTf-Q",1,0.0004,"2a, Boronic Acid",1,Pd(OAc)2,0.0625,P(Cy)3,0.125,KOH,2.5,DMF,74.2172962488379,129893.24799314057
1013,6-triflatequinoline,"1c, 6-OTf-Q",1,0.0004,"2a, Boronic Acid",1,Pd(OAc)2,0.0625,P(o-Tol)3,0.125,KOH,2.5,DMF,40.1087287963718,24367.160554334845
1014,6-triflatequinoline,"1c, 6-OTf-Q",1,0.0004,"2a, Boronic Acid",1,Pd(OAc)2,0.0625,CataCXium A,0.125,KOH,2.5,DMF,64.5438718982218,97626.53775593966
1015,6-triflatequinoline,"1c, 6-OTf-Q",1,0.0004,"2a, Boronic Acid",1,Pd(OAc)2,0.0625,SPhos,0.125,KOH,2.5,DMF,67.1643904286913,36791.86452271196
1016,6-triflatequinoline,"1c, 6-OTf-Q",1,0.0004,"2a, Boronic Acid",1,Pd(OAc)2,0.0625,dtbpf,0.125,KOH,2.5,DMF,48.6092693827022,79639.63164292712
1017,6-triflatequinoline,"1c, 6-OTf-Q",1,0.0004,"2a, Boronic Acid",1,Pd(OAc)2,0.0625,XPhos,0.125,KOH,2.5,DMF,64.39250914538,36235.61004997918
1018,6-triflatequinoline,"1c, 6-OTf-Q",1,0.0004,"2a, Boronic Acid",1,Pd(OAc)2,0.0625,dppf,0.125,KOH,2.5,DMF,62.4816607995947,82680.26809221649
1019,6-triflatequinoline,"1c, 6-OTf-Q",1,0.0004,"2a, Boronic Acid",1,Pd(OAc)2,0.0625,Xantphos,0.125,KOH,2.5,DMF,24.4153806316805,17172.367705276658
1020,6-triflatequinoline,"1c, 6-OTf-Q",1,0.0004,"2a, Boronic Acid",1,Pd(OAc)2,0.0625,,,KOH,2.5,DMF,26.0734007213043,53366.225400595875
1021,6-triflatequinoline,"1c, 6-OTf-Q",1,0.0004,"2a, Boronic Acid",1,Pd(OAc)2,0.0625,P(tBu)3,0.125,LiOtBu,2.5,DMF,52.5757458703708,35078.94944886366
1022,6-triflatequinoline,"1c, 6-OTf-Q",1,0.0004,"2a, Boronic Acid",1,Pd(OAc)2,0.0625,P(Ph)3 ,0.125,LiOtBu,2.5,DMF,82.9642939198487,133134.45207884713
1023,6-triflatequinoline,"1c, 6-OTf-Q",1,0.0004,"2a, Boronic Acid",1,Pd(OAc)2,0.0625,AmPhos,0.125,LiOtBu,2.5,DMF,56.07328117278,33543.71803791548
1024,6-triflatequinoline,"1c, 6-OTf-Q",1,0.0004,"2a, Boronic Acid",1,Pd(OAc)2,0.0625,P(Cy)3,0.125,LiOtBu,2.5,DMF,75.3635845832302,118322.44648723821
1025,6-triflatequinoline,"1c, 6-OTf-Q",1,0.0004,"2a, Boronic Acid",1,Pd(OAc)2,0.0625,P(o-Tol)3,0.125,LiOtBu,2.5,DMF,37.3506814878029,22393.78559467723
1026,6-triflatequinoline,"1c, 6-OTf-Q",1,0.0004,"2a, Boronic Acid",1,Pd(OAc)2,0.0625,CataCXium A,0.125,LiOtBu,2.5,DMF,60.9434238483504,75695.42424123036
1027,6-triflatequinoline,"1c, 6-OTf-Q",1,0.0004,"2a, Boronic Acid",1,Pd(OAc)2,0.0625,SPhos,0.125,LiOtBu,2.5,DMF,68.7015095605056,37925.3823986372
1028,6-triflatequinoline,"1c, 6-OTf-Q",1,0.0004,"2a, Boronic Acid",1,Pd(OAc)2,0.0625,dtbpf,0.125,LiOtBu,2.5,DMF,51.9343215040013,70970.69620076557
1029,6-triflatequinoline,"1c, 6-OTf-Q",1,0.0004,"2a, Boronic Acid",1,Pd(OAc)2,0.0625,XPhos,0.125,LiOtBu,2.5,DMF,66.9289625681925,37298.806967371034
1030,6-triflatequinoline,"1c, 6-OTf-Q",1,0.0004,"2a, Boronic Acid",1,Pd(OAc)2,0.0625,dppf,0.125,LiOtBu,2.5,DMF,25.7225058779189,33499.133659176216
1031,6-triflatequinoline,"1c, 6-OTf-Q",1,0.0004,"2a, Boronic Acid",1,Pd(OAc)2,0.0625,Xantphos,0.125,LiOtBu,2.5,DMF,20.1212940993627,15307.977407761613
1032,6-triflatequinoline,"1c, 6-OTf-Q",1,0.0004,"2a, Boronic Acid",1,Pd(OAc)2,0.0625,,,LiOtBu,2.5,DMF,24.8452650814288,49267.140364996136
1033,6-triflatequinoline,"1c, 6-OTf-Q",1,0.0004,"2a, Boronic Acid",1,Pd(OAc)2,0.0625,P(tBu)3,0.125,Et3N,2.5,DMF,20.7434378656279,25924.08943858668
1034,6-triflatequinoline,"1c, 6-OTf-Q",1,0.0004,"2a, Boronic Acid",1,Pd(OAc)2,0.0625,P(Ph)3 ,0.125,Et3N,2.5,DMF,60.1765986747185,95550.08498492892
1035,6-triflatequinoline,"1c, 6-OTf-Q",1,0.0004,"2a, Boronic Acid",1,Pd(OAc)2,0.0625,AmPhos,0.125,Et3N,2.5,DMF,35.8824473094312,73200.0367066915
1036,6-triflatequinoline,"1c, 6-OTf-Q",1,0.0004,"2a, Boronic Acid",1,Pd(OAc)2,0.0625,P(Cy)3,0.125,Et3N,2.5,DMF,34.247122938991,48517.37543041169
1037,6-triflatequinoline,"1c, 6-OTf-Q",1,0.0004,"2a, Boronic Acid",1,Pd(OAc)2,0.0625,P(o-Tol)3,0.125,Et3N,2.5,DMF,27.0998772262528,38497.24598151458
1038,6-triflatequinoline,"1c, 6-OTf-Q",1,0.0004,"2a, Boronic Acid",1,Pd(OAc)2,0.0625,CataCXium A,0.125,Et3N,2.5,DMF,43.0192330840722,47153.024136265056
1039,6-triflatequinoline,"1c, 6-OTf-Q",1,0.0004,"2a, Boronic Acid",1,Pd(OAc)2,0.0625,SPhos,0.125,Et3N,2.5,DMF,23.3258000694708,18049.553426327995
1040,6-triflatequinoline,"1c, 6-OTf-Q",1,0.0004,"2a, Boronic Acid",1,Pd(OAc)2,0.0625,dtbpf,0.125,Et3N,2.5,DMF,30.2554172667768,21010.487411722883
1041,6-triflatequinoline,"1c, 6-OTf-Q",1,0.0004,"2a, Boronic Acid",1,Pd(OAc)2,0.0625,XPhos,0.125,Et3N,2.5,DMF,27.9060864761281,21916.5545550904
1042,6-triflatequinoline,"1c, 6-OTf-Q",1,0.0004,"2a, Boronic Acid",1,Pd(OAc)2,0.0625,dppf,0.125,Et3N,2.5,DMF,30.6828657268812,18812.505727455537
1043,6-triflatequinoline,"1c, 6-OTf-Q",1,0.0004,"2a, Boronic Acid",1,Pd(OAc)2,0.0625,Xantphos,0.125,Et3N,2.5,DMF,21.2863441371028,1680.74799243161
1044,6-triflatequinoline,"1c, 6-OTf-Q",1,0.0004,"2a, Boronic Acid",1,Pd(OAc)2,0.0625,,,Et3N,2.5,DMF,24.9719287531734,21038.259701388462
1045,6-triflatequinoline,"1c, 6-OTf-Q",1,0.0004,"2a, Boronic Acid",1,Pd(OAc)2,0.0625,P(tBu)3,0.125,,2.5,DMF,20.900093620436,29862.474674852707
1046,6-triflatequinoline,"1c, 6-OTf-Q",1,0.0004,"2a, Boronic Acid",1,Pd(OAc)2,0.0625,P(Ph)3 ,0.125,,2.5,DMF,57.1911827769484,104425.68459550056
1047,6-triflatequinoline,"1c, 6-OTf-Q",1,0.0004,"2a, Boronic Acid",1,Pd(OAc)2,0.0625,AmPhos,0.125,,2.5,DMF,41.0239934866346,85515.57460529961
1048,6-triflatequinoline,"1c, 6-OTf-Q",1,0.0004,"2a, Boronic Acid",1,Pd(OAc)2,0.0625,P(Cy)3,0.125,,2.5,DMF,33.7838254817375,51499.697323306464
1049,6-triflatequinoline,"1c, 6-OTf-Q",1,0.0004,"2a, Boronic Acid",1,Pd(OAc)2,0.0625,P(o-Tol)3,0.125,,2.5,DMF,31.6665626730205,45508.154204470586
1050,6-triflatequinoline,"1c, 6-OTf-Q",1,0.0004,"2a, Boronic Acid",1,Pd(OAc)2,0.0625,CataCXium A,0.125,,2.5,DMF,48.4813742902846,55243.53668641206
1051,6-triflatequinoline,"1c, 6-OTf-Q",1,0.0004,"2a, Boronic Acid",1,Pd(OAc)2,0.0625,SPhos,0.125,,2.5,DMF,26.4701529672198,37897.479723278346
1052,6-triflatequinoline,"1c, 6-OTf-Q",1,0.0004,"2a, Boronic Acid",1,Pd(OAc)2,0.0625,dtbpf,0.125,,2.5,DMF,29.2948138767359,24526.45531431657
1053,6-triflatequinoline,"1c, 6-OTf-Q",1,0.0004,"2a, Boronic Acid",1,Pd(OAc)2,0.0625,XPhos,0.125,,2.5,DMF,26.2816060986418,19415.101869979913
1054,6-triflatequinoline,"1c, 6-OTf-Q",1,0.0004,"2a, Boronic Acid",1,Pd(OAc)2,0.0625,dppf,0.125,,2.5,DMF,37.572139017487,32577.198013049812
1055,6-triflatequinoline,"1c, 6-OTf-Q",1,0.0004,"2a, Boronic Acid",1,Pd(OAc)2,0.0625,Xantphos,0.125,,2.5,DMF,21.0286801294353,2886.0236139139415
1056,6-triflatequinoline,"1c, 6-OTf-Q",1,0.0004,"2a, Boronic Acid",1,Pd(OAc)2,0.0625,,,,2.5,DMF,24.5716861758776,18245.05381460849
1057,6-triflatequinoline,"1c, 6-OTf-Q",1,0.0004,"2a, Boronic Acid",1,Pd(OAc)2,0.0625,P(tBu)3,0.125,NaOH,2.5,MeOH,45.0304228777805,74912.88396240995
1058,6-triflatequinoline,"1c, 6-OTf-Q",1,0.0004,"2a, Boronic Acid",1,Pd(OAc)2,0.0625,P(Ph)3 ,0.125,NaOH,2.5,MeOH,96.700831389957,152088.13865728286
1059,6-triflatequinoline,"1c, 6-OTf-Q",1,0.0004,"2a, Boronic Acid",1,Pd(OAc)2,0.0625,AmPhos,0.125,NaOH,2.5,MeOH,70.7580503474366,106955.8202800549
1060,6-triflatequinoline,"1c, 6-OTf-Q",1,0.0004,"2a, Boronic Acid",1,Pd(OAc)2,0.0625,P(Cy)3,0.125,NaOH,2.5,MeOH,93.326538000153,144819.65410375423
1061,6-triflatequinoline,"1c, 6-OTf-Q",1,0.0004,"2a, Boronic Acid",1,Pd(OAc)2,0.0625,P(o-Tol)3,0.125,NaOH,2.5,MeOH,63.2786528917237,96753.48039743947
1062,6-triflatequinoline,"1c, 6-OTf-Q",1,0.0004,"2a, Boronic Acid",1,Pd(OAc)2,0.0625,CataCXium A,0.125,NaOH,2.5,MeOH,61.1317292976072,69018.40864347147
1063,6-triflatequinoline,"1c, 6-OTf-Q",1,0.0004,"2a, Boronic Acid",1,Pd(OAc)2,0.0625,SPhos,0.125,NaOH,2.5,MeOH,94.817516544428,149976.26389595703
1064,6-triflatequinoline,"1c, 6-OTf-Q",1,0.0004,"2a, Boronic Acid",1,Pd(OAc)2,0.0625,dtbpf,0.125,NaOH,2.5,MeOH,47.1332101183847,65480.15779843753
1065,6-triflatequinoline,"1c, 6-OTf-Q",1,0.0004,"2a, Boronic Acid",1,Pd(OAc)2,0.0625,XPhos,0.125,NaOH,2.5,MeOH,88.9674829238713,130426.73871809732
1066,6-triflatequinoline,"1c, 6-OTf-Q",1,0.0004,"2a, Boronic Acid",1,Pd(OAc)2,0.0625,dppf,0.125,NaOH,2.5,MeOH,87.4800479546904,120033.79316104166
1067,6-triflatequinoline,"1c, 6-OTf-Q",1,0.0004,"2a, Boronic Acid",1,Pd(OAc)2,0.0625,Xantphos,0.125,NaOH,2.5,MeOH,33.879875959112,42414.4540366285
1068,6-triflatequinoline,"1c, 6-OTf-Q",1,0.0004,"2a, Boronic Acid",1,Pd(OAc)2,0.0625,,,NaOH,2.5,MeOH,77.509842501393,108316.8940239349
1069,6-triflatequinoline,"1c, 6-OTf-Q",1,0.0004,"2a, Boronic Acid",1,Pd(OAc)2,0.0625,P(tBu)3,0.125,NaHCO3,2.5,MeOH,40.7327328326207,70987.76411847478
1070,6-triflatequinoline,"1c, 6-OTf-Q",1,0.0004,"2a, Boronic Acid",1,Pd(OAc)2,0.0625,P(Ph)3 ,0.125,NaHCO3,2.5,MeOH,88.5877021457918,127228.9018212223
1071,6-triflatequinoline,"1c, 6-OTf-Q",1,0.0004,"2a, Boronic Acid",1,Pd(OAc)2,0.0625,AmPhos,0.125,NaHCO3,2.5,MeOH,58.4297079987316,97187.87434481473
1072,6-triflatequinoline,"1c, 6-OTf-Q",1,0.0004,"2a, Boronic Acid",1,Pd(OAc)2,0.0625,P(Cy)3,0.125,NaHCO3,2.5,MeOH,89.1317517896594,120611.19335418363
1073,6-triflatequinoline,"1c, 6-OTf-Q",1,0.0004,"2a, Boronic Acid",1,Pd(OAc)2,0.0625,P(o-Tol)3,0.125,NaHCO3,2.5,MeOH,55.7163145629262,88364.29050734897
1074,6-triflatequinoline,"1c, 6-OTf-Q",1,0.0004,"2a, Boronic Acid",1,Pd(OAc)2,0.0625,CataCXium A,0.125,NaHCO3,2.5,MeOH,64.5182134995584,65090.05279451367
1075,6-triflatequinoline,"1c, 6-OTf-Q",1,0.0004,"2a, Boronic Acid",1,Pd(OAc)2,0.0625,SPhos,0.125,NaHCO3,2.5,MeOH,81.7288209420188,129221.25408593714
1076,6-triflatequinoline,"1c, 6-OTf-Q",1,0.0004,"2a, Boronic Acid",1,Pd(OAc)2,0.0625,dtbpf,0.125,NaHCO3,2.5,MeOH,40.0443007422297,37808.882554825796
1077,6-triflatequinoline,"1c, 6-OTf-Q",1,0.0004,"2a, Boronic Acid",1,Pd(OAc)2,0.0625,XPhos,0.125,NaHCO3,2.5,MeOH,75.348387241279,121731.72672923461
1078,6-triflatequinoline,"1c, 6-OTf-Q",1,0.0004,"2a, Boronic Acid",1,Pd(OAc)2,0.0625,dppf,0.125,NaHCO3,2.5,MeOH,64.4970307953099,74834.46790553385
1079,6-triflatequinoline,"1c, 6-OTf-Q",1,0.0004,"2a, Boronic Acid",1,Pd(OAc)2,0.0625,Xantphos,0.125,NaHCO3,2.5,MeOH,22.6652814403909,18839.44941043606
1080,6-triflatequinoline,"1c, 6-OTf-Q",1,0.0004,"2a, Boronic Acid",1,Pd(OAc)2,0.0625,,,NaHCO3,2.5,MeOH,56.2287508910648,76288.8409699696
1081,6-triflatequinoline,"1c, 6-OTf-Q",1,0.0004,"2a, Boronic Acid",1,Pd(OAc)2,0.0625,P(tBu)3,0.125,CsF,2.5,MeOH,43.132174190208,28562.633853538788
1082,6-triflatequinoline,"1c, 6-OTf-Q",1,0.0004,"2a, Boronic Acid",1,Pd(OAc)2,0.0625,P(Ph)3 ,0.125,CsF,2.5,MeOH,85.7260101933299,165295.48160059212
1083,6-triflatequinoline,"1c, 6-OTf-Q",1,0.0004,"2a, Boronic Acid",1,Pd(OAc)2,0.0625,AmPhos,0.125,CsF,2.5,MeOH,77.7197626673195,45555.88665455893
1084,6-triflatequinoline,"1c, 6-OTf-Q",1,0.0004,"2a, Boronic Acid",1,Pd(OAc)2,0.0625,P(Cy)3,0.125,CsF,2.5,MeOH,89.8101985060876,186236.4818230926
1085,6-triflatequinoline,"1c, 6-OTf-Q",1,0.0004,"2a, Boronic Acid",1,Pd(OAc)2,0.0625,P(o-Tol)3,0.125,CsF,2.5,MeOH,48.9138381009802,29043.868915258518
1086,6-triflatequinoline,"1c, 6-OTf-Q",1,0.0004,"2a, Boronic Acid",1,Pd(OAc)2,0.0625,CataCXium A,0.125,CsF,2.5,MeOH,86.5126793232394,157191.32384097966
1087,6-triflatequinoline,"1c, 6-OTf-Q",1,0.0004,"2a, Boronic Acid",1,Pd(OAc)2,0.0625,SPhos,0.125,CsF,2.5,MeOH,71.8753492455074,42711.50466618329
1088,6-triflatequinoline,"1c, 6-OTf-Q",1,0.0004,"2a, Boronic Acid",1,Pd(OAc)2,0.0625,dtbpf,0.125,CsF,2.5,MeOH,46.7022227025361,73023.73568086604
1089,6-triflatequinoline,"1c, 6-OTf-Q",1,0.0004,"2a, Boronic Acid",1,Pd(OAc)2,0.0625,XPhos,0.125,CsF,2.5,MeOH,60.5121130014356,37082.189771634105
1090,6-triflatequinoline,"1c, 6-OTf-Q",1,0.0004,"2a, Boronic Acid",1,Pd(OAc)2,0.0625,dppf,0.125,CsF,2.5,MeOH,37.6724129480636,88055.37127563429
1091,6-triflatequinoline,"1c, 6-OTf-Q",1,0.0004,"2a, Boronic Acid",1,Pd(OAc)2,0.0625,Xantphos,0.125,CsF,2.5,MeOH,8.04031681925384,10436.902603223165
1092,6-triflatequinoline,"1c, 6-OTf-Q",1,0.0004,"2a, Boronic Acid",1,Pd(OAc)2,0.0625,,,CsF,2.5,MeOH,47.2354483452669,89120.52446782487
1093,6-triflatequinoline,"1c, 6-OTf-Q",1,0.0004,"2a, Boronic Acid",1,Pd(OAc)2,0.0625,P(tBu)3,0.125,K3PO4,2.5,MeOH,32.1468820196592,17245.658476619818
1094,6-triflatequinoline,"1c, 6-OTf-Q",1,0.0004,"2a, Boronic Acid",1,Pd(OAc)2,0.0625,P(Ph)3 ,0.125,K3PO4,2.5,MeOH,94.1499649419957,170910.58041378992
1095,6-triflatequinoline,"1c, 6-OTf-Q",1,0.0004,"2a, Boronic Acid",1,Pd(OAc)2,0.0625,AmPhos,0.125,K3PO4,2.5,MeOH,61.8438709765428,30867.171590544298
1096,6-triflatequinoline,"1c, 6-OTf-Q",1,0.0004,"2a, Boronic Acid",1,Pd(OAc)2,0.0625,P(Cy)3,0.125,K3PO4,2.5,MeOH,83.8321660568754,134786.27442123077
1097,6-triflatequinoline,"1c, 6-OTf-Q",1,0.0004,"2a, Boronic Acid",1,Pd(OAc)2,0.0625,P(o-Tol)3,0.125,K3PO4,2.5,MeOH,58.9444246196872,29512.799781390335
1098,6-triflatequinoline,"1c, 6-OTf-Q",1,0.0004,"2a, Boronic Acid",1,Pd(OAc)2,0.0625,CataCXium A,0.125,K3PO4,2.5,MeOH,59.6691306469937,91982.81420161141
1099,6-triflatequinoline,"1c, 6-OTf-Q",1,0.0004,"2a, Boronic Acid",1,Pd(OAc)2,0.0625,SPhos,0.125,K3PO4,2.5,MeOH,90.1013537444111,45597.25489089753
1100,6-triflatequinoline,"1c, 6-OTf-Q",1,0.0004,"2a, Boronic Acid",1,Pd(OAc)2,0.0625,dtbpf,0.125,K3PO4,2.5,MeOH,69.1646106227169,81720.61784356368
1101,6-triflatequinoline,"1c, 6-OTf-Q",1,0.0004,"2a, Boronic Acid",1,Pd(OAc)2,0.0625,XPhos,0.125,K3PO4,2.5,MeOH,83.350419880264,42613.84045724667
1102,6-triflatequinoline,"1c, 6-OTf-Q",1,0.0004,"2a, Boronic Acid",1,Pd(OAc)2,0.0625,dppf,0.125,K3PO4,2.5,MeOH,94.6759971229246,149512.87502580788
1103,6-triflatequinoline,"1c, 6-OTf-Q",1,0.0004,"2a, Boronic Acid",1,Pd(OAc)2,0.0625,Xantphos,0.125,K3PO4,2.5,MeOH,14.1987917137883,10905.588201123475
1104,6-triflatequinoline,"1c, 6-OTf-Q",1,0.0004,"2a, Boronic Acid",1,Pd(OAc)2,0.0625,,,K3PO4,2.5,MeOH,74.9734076808384,108488.77451077818
1105,6-triflatequinoline,"1c, 6-OTf-Q",1,0.0004,"2a, Boronic Acid",1,Pd(OAc)2,0.0625,P(tBu)3,0.125,KOH,2.5,MeOH,33.0192631689675,22979.720821798048
1106,6-triflatequinoline,"1c, 6-OTf-Q",1,0.0004,"2a, Boronic Acid",1,Pd(OAc)2,0.0625,P(Ph)3 ,0.125,KOH,2.5,MeOH,93.9385774065647,191048.93315895353
1107,6-triflatequinoline,"1c, 6-OTf-Q",1,0.0004,"2a, Boronic Acid",1,Pd(OAc)2,0.0625,AmPhos,0.125,KOH,2.5,MeOH,61.9580940195727,39691.16985059688
1108,6-triflatequinoline,"1c, 6-OTf-Q",1,0.0004,"2a, Boronic Acid",1,Pd(OAc)2,0.0625,P(Cy)3,0.125,KOH,2.5,MeOH,82.1049549613392,169493.18722984334
1109,6-triflatequinoline,"1c, 6-OTf-Q",1,0.0004,"2a, Boronic Acid",1,Pd(OAc)2,0.0625,P(o-Tol)3,0.125,KOH,2.5,MeOH,55.1292974217532,36477.40125467535
1110,6-triflatequinoline,"1c, 6-OTf-Q",1,0.0004,"2a, Boronic Acid",1,Pd(OAc)2,0.0625,CataCXium A,0.125,KOH,2.5,MeOH,62.9561815228122,120207.98789298396
1111,6-triflatequinoline,"1c, 6-OTf-Q",1,0.0004,"2a, Boronic Acid",1,Pd(OAc)2,0.0625,SPhos,0.125,KOH,2.5,MeOH,88.1348000097184,55793.854016881196
1112,6-triflatequinoline,"1c, 6-OTf-Q",1,0.0004,"2a, Boronic Acid",1,Pd(OAc)2,0.0625,dtbpf,0.125,KOH,2.5,MeOH,67.6398571648146,96727.02258453157
1113,6-triflatequinoline,"1c, 6-OTf-Q",1,0.0004,"2a, Boronic Acid",1,Pd(OAc)2,0.0625,XPhos,0.125,KOH,2.5,MeOH,82.3213880387697,47215.35150020039
1114,6-triflatequinoline,"1c, 6-OTf-Q",1,0.0004,"2a, Boronic Acid",1,Pd(OAc)2,0.0625,dppf,0.125,KOH,2.5,MeOH,91.6452876915113,184677.9066587479
1115,6-triflatequinoline,"1c, 6-OTf-Q",1,0.0004,"2a, Boronic Acid",1,Pd(OAc)2,0.0625,Xantphos,0.125,KOH,2.5,MeOH,26.4091474925865,21130.833635877607
1116,6-triflatequinoline,"1c, 6-OTf-Q",1,0.0004,"2a, Boronic Acid",1,Pd(OAc)2,0.0625,,,KOH,2.5,MeOH,67.6446362480466,117295.72849185707
1117,6-triflatequinoline,"1c, 6-OTf-Q",1,0.0004,"2a, Boronic Acid",1,Pd(OAc)2,0.0625,P(tBu)3,0.125,LiOtBu,2.5,MeOH,33.3655093584347,18268.500338946
1118,6-triflatequinoline,"1c, 6-OTf-Q",1,0.0004,"2a, Boronic Acid",1,Pd(OAc)2,0.0625,P(Ph)3 ,0.125,LiOtBu,2.5,MeOH,95.306313127429,151411.7079104923
1119,6-triflatequinoline,"1c, 6-OTf-Q",1,0.0004,"2a, Boronic Acid",1,Pd(OAc)2,0.0625,AmPhos,0.125,LiOtBu,2.5,MeOH,58.4174409156164,30936.244541161806
1120,6-triflatequinoline,"1c, 6-OTf-Q",1,0.0004,"2a, Boronic Acid",1,Pd(OAc)2,0.0625,P(Cy)3,0.125,LiOtBu,2.5,MeOH,80.675186890207,128367.18242191967
1121,6-triflatequinoline,"1c, 6-OTf-Q",1,0.0004,"2a, Boronic Acid",1,Pd(OAc)2,0.0625,P(o-Tol)3,0.125,LiOtBu,2.5,MeOH,48.8215701263735,25073.612386892
1122,6-triflatequinoline,"1c, 6-OTf-Q",1,0.0004,"2a, Boronic Acid",1,Pd(OAc)2,0.0625,CataCXium A,0.125,LiOtBu,2.5,MeOH,57.0546652155454,77078.04911883023
1123,6-triflatequinoline,"1c, 6-OTf-Q",1,0.0004,"2a, Boronic Acid",1,Pd(OAc)2,0.0625,SPhos,0.125,LiOtBu,2.5,MeOH,90.8987138731707,49837.18460985336
1124,6-triflatequinoline,"1c, 6-OTf-Q",1,0.0004,"2a, Boronic Acid",1,Pd(OAc)2,0.0625,dtbpf,0.125,LiOtBu,2.5,MeOH,73.7243358898002,93239.07832008584
1125,6-triflatequinoline,"1c, 6-OTf-Q",1,0.0004,"2a, Boronic Acid",1,Pd(OAc)2,0.0625,XPhos,0.125,LiOtBu,2.5,MeOH,82.8807292408567,40719.56447474891
1126,6-triflatequinoline,"1c, 6-OTf-Q",1,0.0004,"2a, Boronic Acid",1,Pd(OAc)2,0.0625,dppf,0.125,LiOtBu,2.5,MeOH,93.8212282452386,117515.77071820779
1127,6-triflatequinoline,"1c, 6-OTf-Q",1,0.0004,"2a, Boronic Acid",1,Pd(OAc)2,0.0625,Xantphos,0.125,LiOtBu,2.5,MeOH,35.8298601761844,20326.640150537398
1128,6-triflatequinoline,"1c, 6-OTf-Q",1,0.0004,"2a, Boronic Acid",1,Pd(OAc)2,0.0625,,,LiOtBu,2.5,MeOH,64.0966274353448,96241.41254933056
1129,6-triflatequinoline,"1c, 6-OTf-Q",1,0.0004,"2a, Boronic Acid",1,Pd(OAc)2,0.0625,P(tBu)3,0.125,Et3N,2.5,MeOH,40.2192449568601,26096.06945551815
1130,6-triflatequinoline,"1c, 6-OTf-Q",1,0.0004,"2a, Boronic Acid",1,Pd(OAc)2,0.0625,P(Ph)3 ,0.125,Et3N,2.5,MeOH,88.7417591161115,180489.02516981732
1131,6-triflatequinoline,"1c, 6-OTf-Q",1,0.0004,"2a, Boronic Acid",1,Pd(OAc)2,0.0625,AmPhos,0.125,Et3N,2.5,MeOH,72.9780451596398,47214.80771050315
1132,6-triflatequinoline,"1c, 6-OTf-Q",1,0.0004,"2a, Boronic Acid",1,Pd(OAc)2,0.0625,P(Cy)3,0.125,Et3N,2.5,MeOH,88.0531087309711,164922.84959907935
1133,6-triflatequinoline,"1c, 6-OTf-Q",1,0.0004,"2a, Boronic Acid",1,Pd(OAc)2,0.0625,P(o-Tol)3,0.125,Et3N,2.5,MeOH,56.978594771859,32219.280102982786
1134,6-triflatequinoline,"1c, 6-OTf-Q",1,0.0004,"2a, Boronic Acid",1,Pd(OAc)2,0.0625,CataCXium A,0.125,Et3N,2.5,MeOH,80.8540665581116,132045.78726510474
1135,6-triflatequinoline,"1c, 6-OTf-Q",1,0.0004,"2a, Boronic Acid",1,Pd(OAc)2,0.0625,SPhos,0.125,Et3N,2.5,MeOH,76.8882255240068,46103.856849471296
1136,6-triflatequinoline,"1c, 6-OTf-Q",1,0.0004,"2a, Boronic Acid",1,Pd(OAc)2,0.0625,dtbpf,0.125,Et3N,2.5,MeOH,64.5578151590352,91469.51126241751
1137,6-triflatequinoline,"1c, 6-OTf-Q",1,0.0004,"2a, Boronic Acid",1,Pd(OAc)2,0.0625,XPhos,0.125,Et3N,2.5,MeOH,68.570425753669,40093.40698183334
1138,6-triflatequinoline,"1c, 6-OTf-Q",1,0.0004,"2a, Boronic Acid",1,Pd(OAc)2,0.0625,dppf,0.125,Et3N,2.5,MeOH,91.0623978489854,112117.2838136974
1139,6-triflatequinoline,"1c, 6-OTf-Q",1,0.0004,"2a, Boronic Acid",1,Pd(OAc)2,0.0625,Xantphos,0.125,Et3N,2.5,MeOH,9.94431435509402,8673.490111320536
1140,6-triflatequinoline,"1c, 6-OTf-Q",1,0.0004,"2a, Boronic Acid",1,Pd(OAc)2,0.0625,,,Et3N,2.5,MeOH,45.3749842677043,80269.76331916168
1141,6-triflatequinoline,"1c, 6-OTf-Q",1,0.0004,"2a, Boronic Acid",1,Pd(OAc)2,0.0625,P(tBu)3,0.125,,2.5,MeOH,30.3429889351404,20967.869525135517
1142,6-triflatequinoline,"1c, 6-OTf-Q",1,0.0004,"2a, Boronic Acid",1,Pd(OAc)2,0.0625,P(Ph)3 ,0.125,,2.5,MeOH,75.3648143731827,158320.59612732034
1143,6-triflatequinoline,"1c, 6-OTf-Q",1,0.0004,"2a, Boronic Acid",1,Pd(OAc)2,0.0625,AmPhos,0.125,,2.5,MeOH,53.3804357121031,37801.67944466845
1144,6-triflatequinoline,"1c, 6-OTf-Q",1,0.0004,"2a, Boronic Acid",1,Pd(OAc)2,0.0625,P(Cy)3,0.125,,2.5,MeOH,75.1348432487518,155592.22819115157
1145,6-triflatequinoline,"1c, 6-OTf-Q",1,0.0004,"2a, Boronic Acid",1,Pd(OAc)2,0.0625,P(o-Tol)3,0.125,,2.5,MeOH,37.0552971086306,27240.616550671468
1146,6-triflatequinoline,"1c, 6-OTf-Q",1,0.0004,"2a, Boronic Acid",1,Pd(OAc)2,0.0625,CataCXium A,0.125,,2.5,MeOH,58.7761205895082,108467.61440641707
1147,6-triflatequinoline,"1c, 6-OTf-Q",1,0.0004,"2a, Boronic Acid",1,Pd(OAc)2,0.0625,SPhos,0.125,,2.5,MeOH,40.2126731528118,25904.592500879913
1148,6-triflatequinoline,"1c, 6-OTf-Q",1,0.0004,"2a, Boronic Acid",1,Pd(OAc)2,0.0625,dtbpf,0.125,,2.5,MeOH,50.2903958080208,35945.49243925896
1149,6-triflatequinoline,"1c, 6-OTf-Q",1,0.0004,"2a, Boronic Acid",1,Pd(OAc)2,0.0625,XPhos,0.125,,2.5,MeOH,29.4236695683706,19350.76029904393
1150,6-triflatequinoline,"1c, 6-OTf-Q",1,0.0004,"2a, Boronic Acid",1,Pd(OAc)2,0.0625,dppf,0.125,,2.5,MeOH,22.9046049849926,53700.0372330112
1151,6-triflatequinoline,"1c, 6-OTf-Q",1,0.0004,"2a, Boronic Acid",1,Pd(OAc)2,0.0625,Xantphos,0.125,,2.5,MeOH,4.99588280540645,6860.276130946958
1152,6-triflatequinoline,"1c, 6-OTf-Q",1,0.0004,"2a, Boronic Acid",1,Pd(OAc)2,0.0625,,,,2.5,MeOH,26.8815426316681,52863.8051400515
1153,6-Iodoquinoline,"1d, 6-I-Q",1,0.0004,"2a, Boronic Acid",1,Pd(OAc)2,0.0625,P(tBu)3,0.125,NaOH,2.5,MeCN,93.3082818823666,159263.80933422397
1154,6-Iodoquinoline,"1d, 6-I-Q",1,0.0004,"2a, Boronic Acid",1,Pd(OAc)2,0.0625,P(Ph)3 ,0.125,NaOH,2.5,MeCN,93.6990334539363,155753.78003770177
1155,6-Iodoquinoline,"1d, 6-I-Q",1,0.0004,"2a, Boronic Acid",1,Pd(OAc)2,0.0625,AmPhos,0.125,NaOH,2.5,MeCN,94.3269134940277,158356.34647518495
1156,6-Iodoquinoline,"1d, 6-I-Q",1,0.0004,"2a, Boronic Acid",1,Pd(OAc)2,0.0625,P(Cy)3,0.125,NaOH,2.5,MeCN,87.351296880299,158794.51420572176
1157,6-Iodoquinoline,"1d, 6-I-Q",1,0.0004,"2a, Boronic Acid",1,Pd(OAc)2,0.0625,P(o-Tol)3,0.125,NaOH,2.5,MeCN,84.0866082377077,131654.59152247553
1158,6-Iodoquinoline,"1d, 6-I-Q",1,0.0004,"2a, Boronic Acid",1,Pd(OAc)2,0.0625,CataCXium A,0.125,NaOH,2.5,MeCN,95.6509037806468,124065.80916430689
1159,6-Iodoquinoline,"1d, 6-I-Q",1,0.0004,"2a, Boronic Acid",1,Pd(OAc)2,0.0625,SPhos,0.125,NaOH,2.5,MeCN,87.6038615592912,137752.53333577042
1160,6-Iodoquinoline,"1d, 6-I-Q",1,0.0004,"2a, Boronic Acid",1,Pd(OAc)2,0.0625,dtbpf,0.125,NaOH,2.5,MeCN,89.7228353947852,131128.92197325992
1161,6-Iodoquinoline,"1d, 6-I-Q",1,0.0004,"2a, Boronic Acid",1,Pd(OAc)2,0.0625,XPhos,0.125,NaOH,2.5,MeCN,86.6045434976675,134016.1928234816
1162,6-Iodoquinoline,"1d, 6-I-Q",1,0.0004,"2a, Boronic Acid",1,Pd(OAc)2,0.0625,dppf,0.125,NaOH,2.5,MeCN,47.1364813572141,56828.54197498492
1163,6-Iodoquinoline,"1d, 6-I-Q",1,0.0004,"2a, Boronic Acid",1,Pd(OAc)2,0.0625,Xantphos,0.125,NaOH,2.5,MeCN,34.8043384048705,36337.244651433255
1164,6-Iodoquinoline,"1d, 6-I-Q",1,0.0004,"2a, Boronic Acid",1,Pd(OAc)2,0.0625,,,NaOH,2.5,MeCN,76.5155368256539,121235.4217950736
1165,6-Iodoquinoline,"1d, 6-I-Q",1,0.0004,"2a, Boronic Acid",1,Pd(OAc)2,0.0625,P(tBu)3,0.125,NaHCO3,2.5,MeCN,91.4672174360979,83298.27391975958
1166,6-Iodoquinoline,"1d, 6-I-Q",1,0.0004,"2a, Boronic Acid",1,Pd(OAc)2,0.0625,P(Ph)3 ,0.125,NaHCO3,2.5,MeCN,93.27071104035,320470.5390495741
1167,6-Iodoquinoline,"1d, 6-I-Q",1,0.0004,"2a, Boronic Acid",1,Pd(OAc)2,0.0625,AmPhos,0.125,NaHCO3,2.5,MeCN,94.032958135965,72386.81945973921
1168,6-Iodoquinoline,"1d, 6-I-Q",1,0.0004,"2a, Boronic Acid",1,Pd(OAc)2,0.0625,P(Cy)3,0.125,NaHCO3,2.5,MeCN,84.03586230822,274009.52588301915
1169,6-Iodoquinoline,"1d, 6-I-Q",1,0.0004,"2a, Boronic Acid",1,Pd(OAc)2,0.0625,P(o-Tol)3,0.125,NaHCO3,2.5,MeCN,86.9236749146928,66202.6171305746
1170,6-Iodoquinoline,"1d, 6-I-Q",1,0.0004,"2a, Boronic Acid",1,Pd(OAc)2,0.0625,CataCXium A,0.125,NaHCO3,2.5,MeCN,92.0089236481985,266449.5177948883
1171,6-Iodoquinoline,"1d, 6-I-Q",1,0.0004,"2a, Boronic Acid",1,Pd(OAc)2,0.0625,SPhos,0.125,NaHCO3,2.5,MeCN,87.4885851759647,75181.29455576214
1172,6-Iodoquinoline,"1d, 6-I-Q",1,0.0004,"2a, Boronic Acid",1,Pd(OAc)2,0.0625,dtbpf,0.125,NaHCO3,2.5,MeCN,87.1835116108245,221372.41953441585
1173,6-Iodoquinoline,"1d, 6-I-Q",1,0.0004,"2a, Boronic Acid",1,Pd(OAc)2,0.0625,XPhos,0.125,NaHCO3,2.5,MeCN,84.9418316480437,65430.35992667056
1174,6-Iodoquinoline,"1d, 6-I-Q",1,0.0004,"2a, Boronic Acid",1,Pd(OAc)2,0.0625,dppf,0.125,NaHCO3,2.5,MeCN,96.1995249325649,241097.06751875457
1175,6-Iodoquinoline,"1d, 6-I-Q",1,0.0004,"2a, Boronic Acid",1,Pd(OAc)2,0.0625,Xantphos,0.125,NaHCO3,2.5,MeCN,37.0279576495932,30035.54070449301
1176,6-Iodoquinoline,"1d, 6-I-Q",1,0.0004,"2a, Boronic Acid",1,Pd(OAc)2,0.0625,,,NaHCO3,2.5,MeCN,76.2237990556464,114671.90679038652
1177,6-Iodoquinoline,"1d, 6-I-Q",1,0.0004,"2a, Boronic Acid",1,Pd(OAc)2,0.0625,P(tBu)3,0.125,CsF,2.5,MeCN,87.6071010218673,64730.1667701735
1178,6-Iodoquinoline,"1d, 6-I-Q",1,0.0004,"2a, Boronic Acid",1,Pd(OAc)2,0.0625,P(Ph)3 ,0.125,CsF,2.5,MeCN,95.8536427987951,288360.96797603613
1179,6-Iodoquinoline,"1d, 6-I-Q",1,0.0004,"2a, Boronic Acid",1,Pd(OAc)2,0.0625,AmPhos,0.125,CsF,2.5,MeCN,90.3020191219918,74075.01406952665
1180,6-Iodoquinoline,"1d, 6-I-Q",1,0.0004,"2a, Boronic Acid",1,Pd(OAc)2,0.0625,P(Cy)3,0.125,CsF,2.5,MeCN,88.9916881963926,254839.15031251463
1181,6-Iodoquinoline,"1d, 6-I-Q",1,0.0004,"2a, Boronic Acid",1,Pd(OAc)2,0.0625,P(o-Tol)3,0.125,CsF,2.5,MeCN,80.5498334225993,59134.59825160909
1182,6-Iodoquinoline,"1d, 6-I-Q",1,0.0004,"2a, Boronic Acid",1,Pd(OAc)2,0.0625,CataCXium A,0.125,CsF,2.5,MeCN,91.074319336334,239153.93263338576
1183,6-Iodoquinoline,"1d, 6-I-Q",1,0.0004,"2a, Boronic Acid",1,Pd(OAc)2,0.0625,SPhos,0.125,CsF,2.5,MeCN,83.9804750691562,65938.91855764684
1184,6-Iodoquinoline,"1d, 6-I-Q",1,0.0004,"2a, Boronic Acid",1,Pd(OAc)2,0.0625,dtbpf,0.125,CsF,2.5,MeCN,82.9780870716018,192875.25905641902
1185,6-Iodoquinoline,"1d, 6-I-Q",1,0.0004,"2a, Boronic Acid",1,Pd(OAc)2,0.0625,XPhos,0.125,CsF,2.5,MeCN,79.9341010821554,55455.616425513006
1186,6-Iodoquinoline,"1d, 6-I-Q",1,0.0004,"2a, Boronic Acid",1,Pd(OAc)2,0.0625,dppf,0.125,CsF,2.5,MeCN,89.1916912410665,205706.6003671323
1187,6-Iodoquinoline,"1d, 6-I-Q",1,0.0004,"2a, Boronic Acid",1,Pd(OAc)2,0.0625,Xantphos,0.125,CsF,2.5,MeCN,62.0338796876499,43014.4042625846
1188,6-Iodoquinoline,"1d, 6-I-Q",1,0.0004,"2a, Boronic Acid",1,Pd(OAc)2,0.0625,,,CsF,2.5,MeCN,70.2910101398674,113425.31721100502
1189,6-Iodoquinoline,"1d, 6-I-Q",1,0.0004,"2a, Boronic Acid",1,Pd(OAc)2,0.0625,P(tBu)3,0.125,K3PO4,2.5,MeCN,83.5448646021132,59972.2269366633
1190,6-Iodoquinoline,"1d, 6-I-Q",1,0.0004,"2a, Boronic Acid",1,Pd(OAc)2,0.0625,P(Ph)3 ,0.125,K3PO4,2.5,MeCN,91.1760889441438,274410.28988409985
1191,6-Iodoquinoline,"1d, 6-I-Q",1,0.0004,"2a, Boronic Acid",1,Pd(OAc)2,0.0625,AmPhos,0.125,K3PO4,2.5,MeCN,86.9220127369118,71505.11128283435
1192,6-Iodoquinoline,"1d, 6-I-Q",1,0.0004,"2a, Boronic Acid",1,Pd(OAc)2,0.0625,P(Cy)3,0.125,K3PO4,2.5,MeCN,81.3061456981463,220845.66784009166
1193,6-Iodoquinoline,"1d, 6-I-Q",1,0.0004,"2a, Boronic Acid",1,Pd(OAc)2,0.0625,P(o-Tol)3,0.125,K3PO4,2.5,MeCN,73.718500511608,51763.59932575056
1194,6-Iodoquinoline,"1d, 6-I-Q",1,0.0004,"2a, Boronic Acid",1,Pd(OAc)2,0.0625,CataCXium A,0.125,K3PO4,2.5,MeCN,85.7456037486109,233686.11801560555
1195,6-Iodoquinoline,"1d, 6-I-Q",1,0.0004,"2a, Boronic Acid",1,Pd(OAc)2,0.0625,SPhos,0.125,K3PO4,2.5,MeCN,71.7751005605803,52745.66260014004
1196,6-Iodoquinoline,"1d, 6-I-Q",1,0.0004,"2a, Boronic Acid",1,Pd(OAc)2,0.0625,dtbpf,0.125,K3PO4,2.5,MeCN,75.6856446559635,190994.2371027595
1197,6-Iodoquinoline,"1d, 6-I-Q",1,0.0004,"2a, Boronic Acid",1,Pd(OAc)2,0.0625,XPhos,0.125,K3PO4,2.5,MeCN,65.6898753516825,43638.4886770875
1198,6-Iodoquinoline,"1d, 6-I-Q",1,0.0004,"2a, Boronic Acid",1,Pd(OAc)2,0.0625,dppf,0.125,K3PO4,2.5,MeCN,79.4505063010448,159713.9753038959
1199,6-Iodoquinoline,"1d, 6-I-Q",1,0.0004,"2a, Boronic Acid",1,Pd(OAc)2,0.0625,Xantphos,0.125,K3PO4,2.5,MeCN,43.211259683526,33097.02276740334
1200,6-Iodoquinoline,"1d, 6-I-Q",1,0.0004,"2a, Boronic Acid",1,Pd(OAc)2,0.0625,,,K3PO4,2.5,MeCN,50.0622552282643,94035.09444871117
1201,6-Iodoquinoline,"1d, 6-I-Q",1,0.0004,"2a, Boronic Acid",1,Pd(OAc)2,0.0625,P(tBu)3,0.125,KOH,2.5,MeCN,82.2894396767116,53420.96915074563
1202,6-Iodoquinoline,"1d, 6-I-Q",1,0.0004,"2a, Boronic Acid",1,Pd(OAc)2,0.0625,P(Ph)3 ,0.125,KOH,2.5,MeCN,91.353764505891,248995.15121214153
1203,6-Iodoquinoline,"1d, 6-I-Q",1,0.0004,"2a, Boronic Acid",1,Pd(OAc)2,0.0625,AmPhos,0.125,KOH,2.5,MeCN,89.7383680766021,64091.02222568994
1204,6-Iodoquinoline,"1d, 6-I-Q",1,0.0004,"2a, Boronic Acid",1,Pd(OAc)2,0.0625,P(Cy)3,0.125,KOH,2.5,MeCN,83.9061270241134,225456.53384785957
1205,6-Iodoquinoline,"1d, 6-I-Q",1,0.0004,"2a, Boronic Acid",1,Pd(OAc)2,0.0625,P(o-Tol)3,0.125,KOH,2.5,MeCN,81.2492124439384,52239.00836847689
1206,6-Iodoquinoline,"1d, 6-I-Q",1,0.0004,"2a, Boronic Acid",1,Pd(OAc)2,0.0625,CataCXium A,0.125,KOH,2.5,MeCN,93.119800141071,222030.6026527078
1207,6-Iodoquinoline,"1d, 6-I-Q",1,0.0004,"2a, Boronic Acid",1,Pd(OAc)2,0.0625,SPhos,0.125,KOH,2.5,MeCN,86.6361652507039,60698.544894823484
1208,6-Iodoquinoline,"1d, 6-I-Q",1,0.0004,"2a, Boronic Acid",1,Pd(OAc)2,0.0625,dtbpf,0.125,KOH,2.5,MeCN,89.2666484008556,199044.167775721
1209,6-Iodoquinoline,"1d, 6-I-Q",1,0.0004,"2a, Boronic Acid",1,Pd(OAc)2,0.0625,XPhos,0.125,KOH,2.5,MeCN,85.9545161109764,55088.72744086367
1210,6-Iodoquinoline,"1d, 6-I-Q",1,0.0004,"2a, Boronic Acid",1,Pd(OAc)2,0.0625,dppf,0.125,KOH,2.5,MeCN,92.133944503925,193523.98039195835
1211,6-Iodoquinoline,"1d, 6-I-Q",1,0.0004,"2a, Boronic Acid",1,Pd(OAc)2,0.0625,Xantphos,0.125,KOH,2.5,MeCN,69.0874901334299,47920.13633061516
1212,6-Iodoquinoline,"1d, 6-I-Q",1,0.0004,"2a, Boronic Acid",1,Pd(OAc)2,0.0625,,,KOH,2.5,MeCN,81.2877921735839,116159.82110617239
1213,6-Iodoquinoline,"1d, 6-I-Q",1,0.0004,"2a, Boronic Acid",1,Pd(OAc)2,0.0625,P(tBu)3,0.125,LiOtBu,2.5,MeCN,92.9176319064448,61173.523220979565
1214,6-Iodoquinoline,"1d, 6-I-Q",1,0.0004,"2a, Boronic Acid",1,Pd(OAc)2,0.0625,P(Ph)3 ,0.125,LiOtBu,2.5,MeCN,98.2020524115041,258328.98987325747
1215,6-Iodoquinoline,"1d, 6-I-Q",1,0.0004,"2a, Boronic Acid",1,Pd(OAc)2,0.0625,AmPhos,0.125,LiOtBu,2.5,MeCN,90.9575977334006,68758.50335320648
1216,6-Iodoquinoline,"1d, 6-I-Q",1,0.0004,"2a, Boronic Acid",1,Pd(OAc)2,0.0625,P(Cy)3,0.125,LiOtBu,2.5,MeCN,91.734671431913,220667.25722635165
1217,6-Iodoquinoline,"1d, 6-I-Q",1,0.0004,"2a, Boronic Acid",1,Pd(OAc)2,0.0625,P(o-Tol)3,0.125,LiOtBu,2.5,MeCN,90.0348907764315,52445.78509252024
1218,6-Iodoquinoline,"1d, 6-I-Q",1,0.0004,"2a, Boronic Acid",1,Pd(OAc)2,0.0625,CataCXium A,0.125,LiOtBu,2.5,MeCN,94.6437786467282,187259.1085063139
1219,6-Iodoquinoline,"1d, 6-I-Q",1,0.0004,"2a, Boronic Acid",1,Pd(OAc)2,0.0625,SPhos,0.125,LiOtBu,2.5,MeCN,93.4276246279765,58275.6286916759
1220,6-Iodoquinoline,"1d, 6-I-Q",1,0.0004,"2a, Boronic Acid",1,Pd(OAc)2,0.0625,dtbpf,0.125,LiOtBu,2.5,MeCN,90.2305576407354,210710.07071733565
1221,6-Iodoquinoline,"1d, 6-I-Q",1,0.0004,"2a, Boronic Acid",1,Pd(OAc)2,0.0625,XPhos,0.125,LiOtBu,2.5,MeCN,88.3688647063783,53092.19789908513
1222,6-Iodoquinoline,"1d, 6-I-Q",1,0.0004,"2a, Boronic Acid",1,Pd(OAc)2,0.0625,dppf,0.125,LiOtBu,2.5,MeCN,90.9175990829164,183286.02933469738
1223,6-Iodoquinoline,"1d, 6-I-Q",1,0.0004,"2a, Boronic Acid",1,Pd(OAc)2,0.0625,Xantphos,0.125,LiOtBu,2.5,MeCN,56.2000486259436,36120.08351215077
1224,6-Iodoquinoline,"1d, 6-I-Q",1,0.0004,"2a, Boronic Acid",1,Pd(OAc)2,0.0625,,,LiOtBu,2.5,MeCN,83.3744124170025,124451.66014869075
1225,6-Iodoquinoline,"1d, 6-I-Q",1,0.0004,"2a, Boronic Acid",1,Pd(OAc)2,0.0625,P(tBu)3,0.125,Et3N,2.5,MeCN,91.8878208979331,63644.19821220135
1226,6-Iodoquinoline,"1d, 6-I-Q",1,0.0004,"2a, Boronic Acid",1,Pd(OAc)2,0.0625,P(Ph)3 ,0.125,Et3N,2.5,MeCN,94.8182977053934,192401.30606906526
1227,6-Iodoquinoline,"1d, 6-I-Q",1,0.0004,"2a, Boronic Acid",1,Pd(OAc)2,0.0625,AmPhos,0.125,Et3N,2.5,MeCN,91.2374224066853,61499.219740294255
1228,6-Iodoquinoline,"1d, 6-I-Q",1,0.0004,"2a, Boronic Acid",1,Pd(OAc)2,0.0625,P(Cy)3,0.125,Et3N,2.5,MeCN,91.4014526903169,218020.95855637421
1229,6-Iodoquinoline,"1d, 6-I-Q",1,0.0004,"2a, Boronic Acid",1,Pd(OAc)2,0.0625,P(o-Tol)3,0.125,Et3N,2.5,MeCN,85.8548938473938,51007.244188452576
1230,6-Iodoquinoline,"1d, 6-I-Q",1,0.0004,"2a, Boronic Acid",1,Pd(OAc)2,0.0625,CataCXium A,0.125,Et3N,2.5,MeCN,92.0271360881684,211221.337964931
1231,6-Iodoquinoline,"1d, 6-I-Q",1,0.0004,"2a, Boronic Acid",1,Pd(OAc)2,0.0625,SPhos,0.125,Et3N,2.5,MeCN,85.2084319106705,55766.23589171956
1232,6-Iodoquinoline,"1d, 6-I-Q",1,0.0004,"2a, Boronic Acid",1,Pd(OAc)2,0.0625,dtbpf,0.125,Et3N,2.5,MeCN,85.3048659158004,167175.40628781883
1233,6-Iodoquinoline,"1d, 6-I-Q",1,0.0004,"2a, Boronic Acid",1,Pd(OAc)2,0.0625,XPhos,0.125,Et3N,2.5,MeCN,79.0929497934725,47922.04057059447
1234,6-Iodoquinoline,"1d, 6-I-Q",1,0.0004,"2a, Boronic Acid",1,Pd(OAc)2,0.0625,dppf,0.125,Et3N,2.5,MeCN,87.2958218345057,164665.41817477002
1235,6-Iodoquinoline,"1d, 6-I-Q",1,0.0004,"2a, Boronic Acid",1,Pd(OAc)2,0.0625,Xantphos,0.125,Et3N,2.5,MeCN,56.5115822709545,37573.75419514474
1236,6-Iodoquinoline,"1d, 6-I-Q",1,0.0004,"2a, Boronic Acid",1,Pd(OAc)2,0.0625,,,Et3N,2.5,MeCN,62.7984477470581,104944.37203742652
1237,6-Iodoquinoline,"1d, 6-I-Q",1,0.0004,"2a, Boronic Acid",1,Pd(OAc)2,0.0625,P(tBu)3,0.125,,2.5,MeCN,80.4276839750311,57312.01185754634
1238,6-Iodoquinoline,"1d, 6-I-Q",1,0.0004,"2a, Boronic Acid",1,Pd(OAc)2,0.0625,P(Ph)3 ,0.125,,2.5,MeCN,81.656795696583,165400.30320692604
1239,6-Iodoquinoline,"1d, 6-I-Q",1,0.0004,"2a, Boronic Acid",1,Pd(OAc)2,0.0625,AmPhos,0.125,,2.5,MeCN,80.7068900013572,50701.29135826007
1240,6-Iodoquinoline,"1d, 6-I-Q",1,0.0004,"2a, Boronic Acid",1,Pd(OAc)2,0.0625,P(Cy)3,0.125,,2.5,MeCN,71.3458042911439,186161.1231158384
1241,6-Iodoquinoline,"1d, 6-I-Q",1,0.0004,"2a, Boronic Acid",1,Pd(OAc)2,0.0625,P(o-Tol)3,0.125,,2.5,MeCN,68.8389836041785,46138.81630653214
1242,6-Iodoquinoline,"1d, 6-I-Q",1,0.0004,"2a, Boronic Acid",1,Pd(OAc)2,0.0625,CataCXium A,0.125,,2.5,MeCN,80.7707819426298,184777.77463569585
1243,6-Iodoquinoline,"1d, 6-I-Q",1,0.0004,"2a, Boronic Acid",1,Pd(OAc)2,0.0625,SPhos,0.125,,2.5,MeCN,67.758260315363,49802.95507188921
1244,6-Iodoquinoline,"1d, 6-I-Q",1,0.0004,"2a, Boronic Acid",1,Pd(OAc)2,0.0625,dtbpf,0.125,,2.5,MeCN,70.969492066811,150743.1125675702
1245,6-Iodoquinoline,"1d, 6-I-Q",1,0.0004,"2a, Boronic Acid",1,Pd(OAc)2,0.0625,XPhos,0.125,,2.5,MeCN,63.553935331868,43313.854117164
1246,6-Iodoquinoline,"1d, 6-I-Q",1,0.0004,"2a, Boronic Acid",1,Pd(OAc)2,0.0625,dppf,0.125,,2.5,MeCN,77.9308151541255,162722.17943914369
1247,6-Iodoquinoline,"1d, 6-I-Q",1,0.0004,"2a, Boronic Acid",1,Pd(OAc)2,0.0625,Xantphos,0.125,,2.5,MeCN,45.4087854913226,34465.65996340043
1248,6-Iodoquinoline,"1d, 6-I-Q",1,0.0004,"2a, Boronic Acid",1,Pd(OAc)2,0.0625,,,,2.5,MeCN,48.7367653790129,61847.07651612585
1249,6-Iodoquinoline,"1d, 6-I-Q",1,0.0004,"2a, Boronic Acid",1,Pd(OAc)2,0.0625,P(tBu)3,0.125,NaOH,2.5,THF,88.5035713430579,58681.9809401052
1250,6-Iodoquinoline,"1d, 6-I-Q",1,0.0004,"2a, Boronic Acid",1,Pd(OAc)2,0.0625,P(Ph)3 ,0.125,NaOH,2.5,THF,95.9532385279647,201813.18351736479
1251,6-Iodoquinoline,"1d, 6-I-Q",1,0.0004,"2a, Boronic Acid",1,Pd(OAc)2,0.0625,AmPhos,0.125,NaOH,2.5,THF,94.0778315683606,55970.17502526198
1252,6-Iodoquinoline,"1d, 6-I-Q",1,0.0004,"2a, Boronic Acid",1,Pd(OAc)2,0.0625,P(Cy)3,0.125,NaOH,2.5,THF,88.6029509376872,159411.91457269332
1253,6-Iodoquinoline,"1d, 6-I-Q",1,0.0004,"2a, Boronic Acid",1,Pd(OAc)2,0.0625,P(o-Tol)3,0.125,NaOH,2.5,THF,83.3032689410531,45848.53798218141
1254,6-Iodoquinoline,"1d, 6-I-Q",1,0.0004,"2a, Boronic Acid",1,Pd(OAc)2,0.0625,CataCXium A,0.125,NaOH,2.5,THF,96.1446416304454,164267.37921537604
1255,6-Iodoquinoline,"1d, 6-I-Q",1,0.0004,"2a, Boronic Acid",1,Pd(OAc)2,0.0625,SPhos,0.125,NaOH,2.5,THF,86.8849327266406,43612.5709770988
1256,6-Iodoquinoline,"1d, 6-I-Q",1,0.0004,"2a, Boronic Acid",1,Pd(OAc)2,0.0625,dtbpf,0.125,NaOH,2.5,THF,76.2519576908742,138791.10852762286
1257,6-Iodoquinoline,"1d, 6-I-Q",1,0.0004,"2a, Boronic Acid",1,Pd(OAc)2,0.0625,XPhos,0.125,NaOH,2.5,THF,83.9317779392095,40844.85174445276
1258,6-Iodoquinoline,"1d, 6-I-Q",1,0.0004,"2a, Boronic Acid",1,Pd(OAc)2,0.0625,dppf,0.125,NaOH,2.5,THF,88.5732832728593,112815.65845024645
1259,6-Iodoquinoline,"1d, 6-I-Q",1,0.0004,"2a, Boronic Acid",1,Pd(OAc)2,0.0625,Xantphos,0.125,NaOH,2.5,THF,61.5278331829394,31509.448487444035
1260,6-Iodoquinoline,"1d, 6-I-Q",1,0.0004,"2a, Boronic Acid",1,Pd(OAc)2,0.0625,,,NaOH,2.5,THF,73.1023633956503,112272.81932993777
1261,6-Iodoquinoline,"1d, 6-I-Q",1,0.0004,"2a, Boronic Acid",1,Pd(OAc)2,0.0625,P(tBu)3,0.125,NaHCO3,2.5,THF,83.8205425026489,44782.95376816093
1262,6-Iodoquinoline,"1d, 6-I-Q",1,0.0004,"2a, Boronic Acid",1,Pd(OAc)2,0.0625,P(Ph)3 ,0.125,NaHCO3,2.5,THF,91.3384780171531,155057.6927022028
1263,6-Iodoquinoline,"1d, 6-I-Q",1,0.0004,"2a, Boronic Acid",1,Pd(OAc)2,0.0625,AmPhos,0.125,NaHCO3,2.5,THF,83.053175545778,44514.33784201451
1264,6-Iodoquinoline,"1d, 6-I-Q",1,0.0004,"2a, Boronic Acid",1,Pd(OAc)2,0.0625,P(Cy)3,0.125,NaHCO3,2.5,THF,81.7379913354966,157316.03816827392
1265,6-Iodoquinoline,"1d, 6-I-Q",1,0.0004,"2a, Boronic Acid",1,Pd(OAc)2,0.0625,P(o-Tol)3,0.125,NaHCO3,2.5,THF,64.9813671767804,37201.210904963526
1266,6-Iodoquinoline,"1d, 6-I-Q",1,0.0004,"2a, Boronic Acid",1,Pd(OAc)2,0.0625,CataCXium A,0.125,NaHCO3,2.5,THF,74.4278185007137,138769.829089779
1267,6-Iodoquinoline,"1d, 6-I-Q",1,0.0004,"2a, Boronic Acid",1,Pd(OAc)2,0.0625,SPhos,0.125,NaHCO3,2.5,THF,60.4045841496635,33862.70001421426
1268,6-Iodoquinoline,"1d, 6-I-Q",1,0.0004,"2a, Boronic Acid",1,Pd(OAc)2,0.0625,dtbpf,0.125,NaHCO3,2.5,THF,52.812543551642,98736.0130164235
1269,6-Iodoquinoline,"1d, 6-I-Q",1,0.0004,"2a, Boronic Acid",1,Pd(OAc)2,0.0625,XPhos,0.125,NaHCO3,2.5,THF,55.4718656879997,32300.50542689852
1270,6-Iodoquinoline,"1d, 6-I-Q",1,0.0004,"2a, Boronic Acid",1,Pd(OAc)2,0.0625,dppf,0.125,NaHCO3,2.5,THF,71.5092587828532,110200.5661979931
1271,6-Iodoquinoline,"1d, 6-I-Q",1,0.0004,"2a, Boronic Acid",1,Pd(OAc)2,0.0625,Xantphos,0.125,NaHCO3,2.5,THF,37.372888875971,22367.58710599893
1272,6-Iodoquinoline,"1d, 6-I-Q",1,0.0004,"2a, Boronic Acid",1,Pd(OAc)2,0.0625,,,NaHCO3,2.5,THF,45.2575829683132,83232.90274298225
1273,6-Iodoquinoline,"1d, 6-I-Q",1,0.0004,"2a, Boronic Acid",1,Pd(OAc)2,0.0625,P(tBu)3,0.125,CsF,2.5,THF,55.6235373516957,34760.14700218216
1274,6-Iodoquinoline,"1d, 6-I-Q",1,0.0004,"2a, Boronic Acid",1,Pd(OAc)2,0.0625,P(Ph)3 ,0.125,CsF,2.5,THF,70.4463021933756,138496.95341997984
1275,6-Iodoquinoline,"1d, 6-I-Q",1,0.0004,"2a, Boronic Acid",1,Pd(OAc)2,0.0625,AmPhos,0.125,CsF,2.5,THF,63.7782452612753,37671.18686841
1276,6-Iodoquinoline,"1d, 6-I-Q",1,0.0004,"2a, Boronic Acid",1,Pd(OAc)2,0.0625,P(Cy)3,0.125,CsF,2.5,THF,62.8084348722476,135497.67536830992
1277,6-Iodoquinoline,"1d, 6-I-Q",1,0.0004,"2a, Boronic Acid",1,Pd(OAc)2,0.0625,P(o-Tol)3,0.125,CsF,2.5,THF,48.7748405059496,27339.142928231617
1278,6-Iodoquinoline,"1d, 6-I-Q",1,0.0004,"2a, Boronic Acid",1,Pd(OAc)2,0.0625,CataCXium A,0.125,CsF,2.5,THF,62.8960409330221,120830.71334636777
1279,6-Iodoquinoline,"1d, 6-I-Q",1,0.0004,"2a, Boronic Acid",1,Pd(OAc)2,0.0625,SPhos,0.125,CsF,2.5,THF,39.3966314573599,25206.517596238948
1280,6-Iodoquinoline,"1d, 6-I-Q",1,0.0004,"2a, Boronic Acid",1,Pd(OAc)2,0.0625,dtbpf,0.125,CsF,2.5,THF,43.1326104554081,83540.65565481289
1281,6-Iodoquinoline,"1d, 6-I-Q",1,0.0004,"2a, Boronic Acid",1,Pd(OAc)2,0.0625,XPhos,0.125,CsF,2.5,THF,40.1175834166275,23388.19443068146
1282,6-Iodoquinoline,"1d, 6-I-Q",1,0.0004,"2a, Boronic Acid",1,Pd(OAc)2,0.0625,dppf,0.125,CsF,2.5,THF,54.1338617404061,83470.4882194769
1283,6-Iodoquinoline,"1d, 6-I-Q",1,0.0004,"2a, Boronic Acid",1,Pd(OAc)2,0.0625,Xantphos,0.125,CsF,2.5,THF,24.5111243309589,15267.097423350164
1284,6-Iodoquinoline,"1d, 6-I-Q",1,0.0004,"2a, Boronic Acid",1,Pd(OAc)2,0.0625,,,CsF,2.5,THF,29.2073966212255,57063.05851429018
1285,6-Iodoquinoline,"1d, 6-I-Q",1,0.0004,"2a, Boronic Acid",1,Pd(OAc)2,0.0625,P(tBu)3,0.125,K3PO4,2.5,THF,47.6209950650479,27994.214574636666
1286,6-Iodoquinoline,"1d, 6-I-Q",1,0.0004,"2a, Boronic Acid",1,Pd(OAc)2,0.0625,P(Ph)3 ,0.125,K3PO4,2.5,THF,61.5094020434735,116288.17092914111
1287,6-Iodoquinoline,"1d, 6-I-Q",1,0.0004,"2a, Boronic Acid",1,Pd(OAc)2,0.0625,AmPhos,0.125,K3PO4,2.5,THF,59.1413496620728,32363.922958729952
1288,6-Iodoquinoline,"1d, 6-I-Q",1,0.0004,"2a, Boronic Acid",1,Pd(OAc)2,0.0625,P(Cy)3,0.125,K3PO4,2.5,THF,52.7950947515621,95757.32421686641
1289,6-Iodoquinoline,"1d, 6-I-Q",1,0.0004,"2a, Boronic Acid",1,Pd(OAc)2,0.0625,P(o-Tol)3,0.125,K3PO4,2.5,THF,45.4934855804406,25029.008291336555
1290,6-Iodoquinoline,"1d, 6-I-Q",1,0.0004,"2a, Boronic Acid",1,Pd(OAc)2,0.0625,CataCXium A,0.125,K3PO4,2.5,THF,63.2047946537133,113887.24348553148
1291,6-Iodoquinoline,"1d, 6-I-Q",1,0.0004,"2a, Boronic Acid",1,Pd(OAc)2,0.0625,SPhos,0.125,K3PO4,2.5,THF,39.2139183151422,25921.680363407602
1292,6-Iodoquinoline,"1d, 6-I-Q",1,0.0004,"2a, Boronic Acid",1,Pd(OAc)2,0.0625,dtbpf,0.125,K3PO4,2.5,THF,46.2488609059515,84785.2765184804
1293,6-Iodoquinoline,"1d, 6-I-Q",1,0.0004,"2a, Boronic Acid",1,Pd(OAc)2,0.0625,XPhos,0.125,K3PO4,2.5,THF,38.1683660049286,22860.164212024294
1294,6-Iodoquinoline,"1d, 6-I-Q",1,0.0004,"2a, Boronic Acid",1,Pd(OAc)2,0.0625,dppf,0.125,K3PO4,2.5,THF,56.9404141597475,83668.07697233408
1295,6-Iodoquinoline,"1d, 6-I-Q",1,0.0004,"2a, Boronic Acid",1,Pd(OAc)2,0.0625,Xantphos,0.125,K3PO4,2.5,THF,27.8389593958388,16345.477664301106
1296,6-Iodoquinoline,"1d, 6-I-Q",1,0.0004,"2a, Boronic Acid",1,Pd(OAc)2,0.0625,,,K3PO4,2.5,THF,29.9899616604056,56680.56549346136
1297,6-Iodoquinoline,"1d, 6-I-Q",1,0.0004,"2a, Boronic Acid",1,Pd(OAc)2,0.0625,P(tBu)3,0.125,KOH,2.5,THF,52.9501439791337,29320.550367291224
1298,6-Iodoquinoline,"1d, 6-I-Q",1,0.0004,"2a, Boronic Acid",1,Pd(OAc)2,0.0625,P(Ph)3 ,0.125,KOH,2.5,THF,65.4545043323783,132028.51241056196
1299,6-Iodoquinoline,"1d, 6-I-Q",1,0.0004,"2a, Boronic Acid",1,Pd(OAc)2,0.0625,AmPhos,0.125,KOH,2.5,THF,68.9006768841882,34423.889222711325
1300,6-Iodoquinoline,"1d, 6-I-Q",1,0.0004,"2a, Boronic Acid",1,Pd(OAc)2,0.0625,P(Cy)3,0.125,KOH,2.5,THF,65.7359936064121,128169.69246933577
1301,6-Iodoquinoline,"1d, 6-I-Q",1,0.0004,"2a, Boronic Acid",1,Pd(OAc)2,0.0625,P(o-Tol)3,0.125,KOH,2.5,THF,48.97946962291,25943.6280753725
1302,6-Iodoquinoline,"1d, 6-I-Q",1,0.0004,"2a, Boronic Acid",1,Pd(OAc)2,0.0625,CataCXium A,0.125,KOH,2.5,THF,69.9341107699935,121692.48679547566
1303,6-Iodoquinoline,"1d, 6-I-Q",1,0.0004,"2a, Boronic Acid",1,Pd(OAc)2,0.0625,SPhos,0.125,KOH,2.5,THF,59.5446242882578,28023.21813856766
1304,6-Iodoquinoline,"1d, 6-I-Q",1,0.0004,"2a, Boronic Acid",1,Pd(OAc)2,0.0625,dtbpf,0.125,KOH,2.5,THF,64.696266967661,113810.18141047278
1305,6-Iodoquinoline,"1d, 6-I-Q",1,0.0004,"2a, Boronic Acid",1,Pd(OAc)2,0.0625,XPhos,0.125,KOH,2.5,THF,60.6150494853475,31907.025997919587
1306,6-Iodoquinoline,"1d, 6-I-Q",1,0.0004,"2a, Boronic Acid",1,Pd(OAc)2,0.0625,dppf,0.125,KOH,2.5,THF,71.7343918626155,94516.84111006821
1307,6-Iodoquinoline,"1d, 6-I-Q",1,0.0004,"2a, Boronic Acid",1,Pd(OAc)2,0.0625,Xantphos,0.125,KOH,2.5,THF,48.6218702572822,26605.101037936263
1308,6-Iodoquinoline,"1d, 6-I-Q",1,0.0004,"2a, Boronic Acid",1,Pd(OAc)2,0.0625,,,KOH,2.5,THF,55.94276745554,78709.60104992974
1309,6-Iodoquinoline,"1d, 6-I-Q",1,0.0004,"2a, Boronic Acid",1,Pd(OAc)2,0.0625,P(tBu)3,0.125,LiOtBu,2.5,THF,73.1994081296784,35820.3771248697
1310,6-Iodoquinoline,"1d, 6-I-Q",1,0.0004,"2a, Boronic Acid",1,Pd(OAc)2,0.0625,P(Ph)3 ,0.125,LiOtBu,2.5,THF,81.7686620469832,133587.5352059829
1311,6-Iodoquinoline,"1d, 6-I-Q",1,0.0004,"2a, Boronic Acid",1,Pd(OAc)2,0.0625,AmPhos,0.125,LiOtBu,2.5,THF,77.1281633604583,36857.15776471354
1312,6-Iodoquinoline,"1d, 6-I-Q",1,0.0004,"2a, Boronic Acid",1,Pd(OAc)2,0.0625,P(Cy)3,0.125,LiOtBu,2.5,THF,77.5655651145343,115577.9446733547
1313,6-Iodoquinoline,"1d, 6-I-Q",1,0.0004,"2a, Boronic Acid",1,Pd(OAc)2,0.0625,P(o-Tol)3,0.125,LiOtBu,2.5,THF,67.7502442601315,30970.79602857794
1314,6-Iodoquinoline,"1d, 6-I-Q",1,0.0004,"2a, Boronic Acid",1,Pd(OAc)2,0.0625,CataCXium A,0.125,LiOtBu,2.5,THF,84.7166455727105,121714.11879488558
1315,6-Iodoquinoline,"1d, 6-I-Q",1,0.0004,"2a, Boronic Acid",1,Pd(OAc)2,0.0625,SPhos,0.125,LiOtBu,2.5,THF,73.4982694142338,35373.68031090028
1316,6-Iodoquinoline,"1d, 6-I-Q",1,0.0004,"2a, Boronic Acid",1,Pd(OAc)2,0.0625,dtbpf,0.125,LiOtBu,2.5,THF,66.0144884095047,97736.77406854277
1317,6-Iodoquinoline,"1d, 6-I-Q",1,0.0004,"2a, Boronic Acid",1,Pd(OAc)2,0.0625,XPhos,0.125,LiOtBu,2.5,THF,73.9491449890844,33284.27166903079
1318,6-Iodoquinoline,"1d, 6-I-Q",1,0.0004,"2a, Boronic Acid",1,Pd(OAc)2,0.0625,dppf,0.125,LiOtBu,2.5,THF,81.2795805713486,88743.89990596939
1319,6-Iodoquinoline,"1d, 6-I-Q",1,0.0004,"2a, Boronic Acid",1,Pd(OAc)2,0.0625,Xantphos,0.125,LiOtBu,2.5,THF,55.2493495234842,25847.96194259439
1320,6-Iodoquinoline,"1d, 6-I-Q",1,0.0004,"2a, Boronic Acid",1,Pd(OAc)2,0.0625,,,LiOtBu,2.5,THF,66.1650194789064,86958.7857149986
1321,6-Iodoquinoline,"1d, 6-I-Q",1,0.0004,"2a, Boronic Acid",1,Pd(OAc)2,0.0625,P(tBu)3,0.125,Et3N,2.5,THF,81.906463117405,39773.80354362707
1322,6-Iodoquinoline,"1d, 6-I-Q",1,0.0004,"2a, Boronic Acid",1,Pd(OAc)2,0.0625,P(Ph)3 ,0.125,Et3N,2.5,THF,87.6426565100184,136753.08247698817
1323,6-Iodoquinoline,"1d, 6-I-Q",1,0.0004,"2a, Boronic Acid",1,Pd(OAc)2,0.0625,AmPhos,0.125,Et3N,2.5,THF,84.8998816422074,41266.251124173956
1324,6-Iodoquinoline,"1d, 6-I-Q",1,0.0004,"2a, Boronic Acid",1,Pd(OAc)2,0.0625,P(Cy)3,0.125,Et3N,2.5,THF,80.1338109965821,129633.5031180074
1325,6-Iodoquinoline,"1d, 6-I-Q",1,0.0004,"2a, Boronic Acid",1,Pd(OAc)2,0.0625,P(o-Tol)3,0.125,Et3N,2.5,THF,70.1437777255678,34113.89159714339
1326,6-Iodoquinoline,"1d, 6-I-Q",1,0.0004,"2a, Boronic Acid",1,Pd(OAc)2,0.0625,CataCXium A,0.125,Et3N,2.5,THF,87.8719622749359,130154.70058792757
1327,6-Iodoquinoline,"1d, 6-I-Q",1,0.0004,"2a, Boronic Acid",1,Pd(OAc)2,0.0625,SPhos,0.125,Et3N,2.5,THF,74.2944336036606,34648.793702796625
1328,6-Iodoquinoline,"1d, 6-I-Q",1,0.0004,"2a, Boronic Acid",1,Pd(OAc)2,0.0625,dtbpf,0.125,Et3N,2.5,THF,65.381847150158,98145.28156237386
1329,6-Iodoquinoline,"1d, 6-I-Q",1,0.0004,"2a, Boronic Acid",1,Pd(OAc)2,0.0625,XPhos,0.125,Et3N,2.5,THF,67.9723756312897,33122.30978158464
1330,6-Iodoquinoline,"1d, 6-I-Q",1,0.0004,"2a, Boronic Acid",1,Pd(OAc)2,0.0625,dppf,0.125,Et3N,2.5,THF,73.4164294906005,88898.928564465
1331,6-Iodoquinoline,"1d, 6-I-Q",1,0.0004,"2a, Boronic Acid",1,Pd(OAc)2,0.0625,Xantphos,0.125,Et3N,2.5,THF,52.6964411853623,23417.82125225222
1332,6-Iodoquinoline,"1d, 6-I-Q",1,0.0004,"2a, Boronic Acid",1,Pd(OAc)2,0.0625,,,Et3N,2.5,THF,67.5724930571385,116218.34282947308
1333,6-Iodoquinoline,"1d, 6-I-Q",1,0.0004,"2a, Boronic Acid",1,Pd(OAc)2,0.0625,P(tBu)3,0.125,,2.5,THF,81.0783110720897,40192.920565124536
1334,6-Iodoquinoline,"1d, 6-I-Q",1,0.0004,"2a, Boronic Acid",1,Pd(OAc)2,0.0625,P(Ph)3 ,0.125,,2.5,THF,88.6709048868025,143818.15683084386
1335,6-Iodoquinoline,"1d, 6-I-Q",1,0.0004,"2a, Boronic Acid",1,Pd(OAc)2,0.0625,AmPhos,0.125,,2.5,THF,84.6701390055562,41664.09353069084
1336,6-Iodoquinoline,"1d, 6-I-Q",1,0.0004,"2a, Boronic Acid",1,Pd(OAc)2,0.0625,P(Cy)3,0.125,,2.5,THF,82.5848481138865,131162.22284542286
1337,6-Iodoquinoline,"1d, 6-I-Q",1,0.0004,"2a, Boronic Acid",1,Pd(OAc)2,0.0625,P(o-Tol)3,0.125,,2.5,THF,69.3233923401167,35050.384813434874
1338,6-Iodoquinoline,"1d, 6-I-Q",1,0.0004,"2a, Boronic Acid",1,Pd(OAc)2,0.0625,CataCXium A,0.125,,2.5,THF,81.6046494819723,134784.0706940536
1339,6-Iodoquinoline,"1d, 6-I-Q",1,0.0004,"2a, Boronic Acid",1,Pd(OAc)2,0.0625,SPhos,0.125,,2.5,THF,70.566664550898,33527.10294954566
1340,6-Iodoquinoline,"1d, 6-I-Q",1,0.0004,"2a, Boronic Acid",1,Pd(OAc)2,0.0625,dtbpf,0.125,,2.5,THF,61.8424718029844,95149.34629776813
1341,6-Iodoquinoline,"1d, 6-I-Q",1,0.0004,"2a, Boronic Acid",1,Pd(OAc)2,0.0625,XPhos,0.125,,2.5,THF,62.6153389510912,32001.517510573958
1342,6-Iodoquinoline,"1d, 6-I-Q",1,0.0004,"2a, Boronic Acid",1,Pd(OAc)2,0.0625,dppf,0.125,,2.5,THF,75.4866871068105,107389.01767263164
1343,6-Iodoquinoline,"1d, 6-I-Q",1,0.0004,"2a, Boronic Acid",1,Pd(OAc)2,0.0625,Xantphos,0.125,,2.5,THF,44.8804094332413,23208.50248698441
1344,6-Iodoquinoline,"1d, 6-I-Q",1,0.0004,"2a, Boronic Acid",1,Pd(OAc)2,0.0625,,,,2.5,THF,52.8361854277602,75478.8408607178
1345,6-Iodoquinoline,"1d, 6-I-Q",1,0.0004,"2a, Boronic Acid",1,Pd(OAc)2,0.0625,P(tBu)3,0.125,NaOH,2.5,DMF,64.9472636430934,36489.42068493795
1346,6-Iodoquinoline,"1d, 6-I-Q",1,0.0004,"2a, Boronic Acid",1,Pd(OAc)2,0.0625,P(Ph)3 ,0.125,NaOH,2.5,DMF,93.3752893757165,161594.90134117455
1347,6-Iodoquinoline,"1d, 6-I-Q",1,0.0004,"2a, Boronic Acid",1,Pd(OAc)2,0.0625,AmPhos,0.125,NaOH,2.5,DMF,89.5120857149761,50875.636772186845
1348,6-Iodoquinoline,"1d, 6-I-Q",1,0.0004,"2a, Boronic Acid",1,Pd(OAc)2,0.0625,P(Cy)3,0.125,NaOH,2.5,DMF,91.2890335559942,149423.72712924652
1349,6-Iodoquinoline,"1d, 6-I-Q",1,0.0004,"2a, Boronic Acid",1,Pd(OAc)2,0.0625,P(o-Tol)3,0.125,NaOH,2.5,DMF,74.8669163156693,41334.86268078305
1350,6-Iodoquinoline,"1d, 6-I-Q",1,0.0004,"2a, Boronic Acid",1,Pd(OAc)2,0.0625,CataCXium A,0.125,NaOH,2.5,DMF,91.7927499831188,138316.24604031295
1351,6-Iodoquinoline,"1d, 6-I-Q",1,0.0004,"2a, Boronic Acid",1,Pd(OAc)2,0.0625,SPhos,0.125,NaOH,2.5,DMF,83.0248873940869,45232.50446327806
1352,6-Iodoquinoline,"1d, 6-I-Q",1,0.0004,"2a, Boronic Acid",1,Pd(OAc)2,0.0625,dtbpf,0.125,NaOH,2.5,DMF,87.7232276167012,125072.25064529834
1353,6-Iodoquinoline,"1d, 6-I-Q",1,0.0004,"2a, Boronic Acid",1,Pd(OAc)2,0.0625,XPhos,0.125,NaOH,2.5,DMF,75.6219070666031,40412.33397641009
1354,6-Iodoquinoline,"1d, 6-I-Q",1,0.0004,"2a, Boronic Acid",1,Pd(OAc)2,0.0625,dppf,0.125,NaOH,2.5,DMF,80.6642909161992,113412.79794713971
1355,6-Iodoquinoline,"1d, 6-I-Q",1,0.0004,"2a, Boronic Acid",1,Pd(OAc)2,0.0625,Xantphos,0.125,NaOH,2.5,DMF,63.8998051889429,35648.221212106226
1356,6-Iodoquinoline,"1d, 6-I-Q",1,0.0004,"2a, Boronic Acid",1,Pd(OAc)2,0.0625,,,NaOH,2.5,DMF,55.6786598466945,87044.87128514041
1357,6-Iodoquinoline,"1d, 6-I-Q",1,0.0004,"2a, Boronic Acid",1,Pd(OAc)2,0.0625,P(tBu)3,0.125,NaHCO3,2.5,DMF,9.6200400943588,7744.541224883989
1358,6-Iodoquinoline,"1d, 6-I-Q",1,0.0004,"2a, Boronic Acid",1,Pd(OAc)2,0.0625,P(Ph)3 ,0.125,NaHCO3,2.5,DMF,89.4511954993892,175358.1644299575
1359,6-Iodoquinoline,"1d, 6-I-Q",1,0.0004,"2a, Boronic Acid",1,Pd(OAc)2,0.0625,AmPhos,0.125,NaHCO3,2.5,DMF,81.2926448425775,45243.33442943179
1360,6-Iodoquinoline,"1d, 6-I-Q",1,0.0004,"2a, Boronic Acid",1,Pd(OAc)2,0.0625,P(Cy)3,0.125,NaHCO3,2.5,DMF,84.9750732307847,155789.62847731894
1361,6-Iodoquinoline,"1d, 6-I-Q",1,0.0004,"2a, Boronic Acid",1,Pd(OAc)2,0.0625,P(o-Tol)3,0.125,NaHCO3,2.5,DMF,65.6893279851293,38546.56101287593
1362,6-Iodoquinoline,"1d, 6-I-Q",1,0.0004,"2a, Boronic Acid",1,Pd(OAc)2,0.0625,CataCXium A,0.125,NaHCO3,2.5,DMF,73.0818561691866,132872.35214471328
1363,6-Iodoquinoline,"1d, 6-I-Q",1,0.0004,"2a, Boronic Acid",1,Pd(OAc)2,0.0625,SPhos,0.125,NaHCO3,2.5,DMF,68.0702243069637,37568.965681658665
1364,6-Iodoquinoline,"1d, 6-I-Q",1,0.0004,"2a, Boronic Acid",1,Pd(OAc)2,0.0625,dtbpf,0.125,NaHCO3,2.5,DMF,60.7066463197139,89471.20337081063
1365,6-Iodoquinoline,"1d, 6-I-Q",1,0.0004,"2a, Boronic Acid",1,Pd(OAc)2,0.0625,XPhos,0.125,NaHCO3,2.5,DMF,72.4431404746132,39528.89594520791
1366,6-Iodoquinoline,"1d, 6-I-Q",1,0.0004,"2a, Boronic Acid",1,Pd(OAc)2,0.0625,dppf,0.125,NaHCO3,2.5,DMF,80.6267957935389,114857.1185964668
1367,6-Iodoquinoline,"1d, 6-I-Q",1,0.0004,"2a, Boronic Acid",1,Pd(OAc)2,0.0625,Xantphos,0.125,NaHCO3,2.5,DMF,23.3262169990586,16193.529458428544
1368,6-Iodoquinoline,"1d, 6-I-Q",1,0.0004,"2a, Boronic Acid",1,Pd(OAc)2,0.0625,,,NaHCO3,2.5,DMF,61.2570924572004,96107.32226959284
1369,6-Iodoquinoline,"1d, 6-I-Q",1,0.0004,"2a, Boronic Acid",1,Pd(OAc)2,0.0625,P(tBu)3,0.125,CsF,2.5,DMF,8.80382606203384,7525.492417519323
1370,6-Iodoquinoline,"1d, 6-I-Q",1,0.0004,"2a, Boronic Acid",1,Pd(OAc)2,0.0625,P(Ph)3 ,0.125,CsF,2.5,DMF,90.6075320076731,166210.89610506617
1371,6-Iodoquinoline,"1d, 6-I-Q",1,0.0004,"2a, Boronic Acid",1,Pd(OAc)2,0.0625,AmPhos,0.125,CsF,2.5,DMF,87.351974159486,47979.35877312743
1372,6-Iodoquinoline,"1d, 6-I-Q",1,0.0004,"2a, Boronic Acid",1,Pd(OAc)2,0.0625,P(Cy)3,0.125,CsF,2.5,DMF,89.7799217035857,154911.05094505314
1373,6-Iodoquinoline,"1d, 6-I-Q",1,0.0004,"2a, Boronic Acid",1,Pd(OAc)2,0.0625,P(o-Tol)3,0.125,CsF,2.5,DMF,79.4698492803934,43158.397476583144
1374,6-Iodoquinoline,"1d, 6-I-Q",1,0.0004,"2a, Boronic Acid",1,Pd(OAc)2,0.0625,CataCXium A,0.125,CsF,2.5,DMF,90.1839525147503,152975.38204397008
1375,6-Iodoquinoline,"1d, 6-I-Q",1,0.0004,"2a, Boronic Acid",1,Pd(OAc)2,0.0625,SPhos,0.125,CsF,2.5,DMF,83.1047866530652,45527.13375501547
1376,6-Iodoquinoline,"1d, 6-I-Q",1,0.0004,"2a, Boronic Acid",1,Pd(OAc)2,0.0625,dtbpf,0.125,CsF,2.5,DMF,76.607498040446,112184.13094583586
1377,6-Iodoquinoline,"1d, 6-I-Q",1,0.0004,"2a, Boronic Acid",1,Pd(OAc)2,0.0625,XPhos,0.125,CsF,2.5,DMF,85.4792032061926,45947.75756450705
1378,6-Iodoquinoline,"1d, 6-I-Q",1,0.0004,"2a, Boronic Acid",1,Pd(OAc)2,0.0625,dppf,0.125,CsF,2.5,DMF,91.3231611771534,128878.6328716654
1379,6-Iodoquinoline,"1d, 6-I-Q",1,0.0004,"2a, Boronic Acid",1,Pd(OAc)2,0.0625,Xantphos,0.125,CsF,2.5,DMF,24.7472644417066,17366.022456904055
1380,6-Iodoquinoline,"1d, 6-I-Q",1,0.0004,"2a, Boronic Acid",1,Pd(OAc)2,0.0625,,,CsF,2.5,DMF,79.8280779313199,115368.13811546101
1381,6-Iodoquinoline,"1d, 6-I-Q",1,0.0004,"2a, Boronic Acid",1,Pd(OAc)2,0.0625,P(tBu)3,0.125,K3PO4,2.5,DMF,12.0720206549954,9191.043936458835
1382,6-Iodoquinoline,"1d, 6-I-Q",1,0.0004,"2a, Boronic Acid",1,Pd(OAc)2,0.0625,P(Ph)3 ,0.125,K3PO4,2.5,DMF,88.26531310448,154396.17669830561
1383,6-Iodoquinoline,"1d, 6-I-Q",1,0.0004,"2a, Boronic Acid",1,Pd(OAc)2,0.0625,AmPhos,0.125,K3PO4,2.5,DMF,82.9233530958889,45551.54291149944
1384,6-Iodoquinoline,"1d, 6-I-Q",1,0.0004,"2a, Boronic Acid",1,Pd(OAc)2,0.0625,P(Cy)3,0.125,K3PO4,2.5,DMF,80.3543238981893,138472.62342339757
1385,6-Iodoquinoline,"1d, 6-I-Q",1,0.0004,"2a, Boronic Acid",1,Pd(OAc)2,0.0625,P(o-Tol)3,0.125,K3PO4,2.5,DMF,66.7182501897971,36134.237949135095
1386,6-Iodoquinoline,"1d, 6-I-Q",1,0.0004,"2a, Boronic Acid",1,Pd(OAc)2,0.0625,CataCXium A,0.125,K3PO4,2.5,DMF,83.5604492058407,135438.01301641675
1387,6-Iodoquinoline,"1d, 6-I-Q",1,0.0004,"2a, Boronic Acid",1,Pd(OAc)2,0.0625,SPhos,0.125,K3PO4,2.5,DMF,59.9095345029385,34907.44049053442
1388,6-Iodoquinoline,"1d, 6-I-Q",1,0.0004,"2a, Boronic Acid",1,Pd(OAc)2,0.0625,dtbpf,0.125,K3PO4,2.5,DMF,56.6706834377251,75552.84621188705
1389,6-Iodoquinoline,"1d, 6-I-Q",1,0.0004,"2a, Boronic Acid",1,Pd(OAc)2,0.0625,XPhos,0.125,K3PO4,2.5,DMF,57.9831979353366,30386.117661698263
1390,6-Iodoquinoline,"1d, 6-I-Q",1,0.0004,"2a, Boronic Acid",1,Pd(OAc)2,0.0625,dppf,0.125,K3PO4,2.5,DMF,71.548144439022,94954.96628726975
1391,6-Iodoquinoline,"1d, 6-I-Q",1,0.0004,"2a, Boronic Acid",1,Pd(OAc)2,0.0625,Xantphos,0.125,K3PO4,2.5,DMF,25.4594039714626,16506.38224370431
1392,6-Iodoquinoline,"1d, 6-I-Q",1,0.0004,"2a, Boronic Acid",1,Pd(OAc)2,0.0625,,,K3PO4,2.5,DMF,38.0402524706954,66319.96848363151
1393,6-Iodoquinoline,"1d, 6-I-Q",1,0.0004,"2a, Boronic Acid",1,Pd(OAc)2,0.0625,P(tBu)3,0.125,KOH,2.5,DMF,49.9940553586149,27470.252255152183
1394,6-Iodoquinoline,"1d, 6-I-Q",1,0.0004,"2a, Boronic Acid",1,Pd(OAc)2,0.0625,P(Ph)3 ,0.125,KOH,2.5,DMF,92.7344040614844,166122.5818144704
1395,6-Iodoquinoline,"1d, 6-I-Q",1,0.0004,"2a, Boronic Acid",1,Pd(OAc)2,0.0625,AmPhos,0.125,KOH,2.5,DMF,90.1442890183986,49324.975364422025
1396,6-Iodoquinoline,"1d, 6-I-Q",1,0.0004,"2a, Boronic Acid",1,Pd(OAc)2,0.0625,P(Cy)3,0.125,KOH,2.5,DMF,90.7863605852858,155019.4901381107
1397,6-Iodoquinoline,"1d, 6-I-Q",1,0.0004,"2a, Boronic Acid",1,Pd(OAc)2,0.0625,P(o-Tol)3,0.125,KOH,2.5,DMF,67.9192161486874,34833.6624858233
1398,6-Iodoquinoline,"1d, 6-I-Q",1,0.0004,"2a, Boronic Acid",1,Pd(OAc)2,0.0625,CataCXium A,0.125,KOH,2.5,DMF,92.6997567854367,133287.59755569085
1399,6-Iodoquinoline,"1d, 6-I-Q",1,0.0004,"2a, Boronic Acid",1,Pd(OAc)2,0.0625,SPhos,0.125,KOH,2.5,DMF,85.3651142162517,44937.10580338139
1400,6-Iodoquinoline,"1d, 6-I-Q",1,0.0004,"2a, Boronic Acid",1,Pd(OAc)2,0.0625,dtbpf,0.125,KOH,2.5,DMF,81.8952806735479,111816.83043230163
1401,6-Iodoquinoline,"1d, 6-I-Q",1,0.0004,"2a, Boronic Acid",1,Pd(OAc)2,0.0625,XPhos,0.125,KOH,2.5,DMF,66.050815896564,35130.87804500784
1402,6-Iodoquinoline,"1d, 6-I-Q",1,0.0004,"2a, Boronic Acid",1,Pd(OAc)2,0.0625,dppf,0.125,KOH,2.5,DMF,70.9866818265069,88500.48020883759
1403,6-Iodoquinoline,"1d, 6-I-Q",1,0.0004,"2a, Boronic Acid",1,Pd(OAc)2,0.0625,Xantphos,0.125,KOH,2.5,DMF,65.8132431711666,34281.14782043145
1404,6-Iodoquinoline,"1d, 6-I-Q",1,0.0004,"2a, Boronic Acid",1,Pd(OAc)2,0.0625,,,KOH,2.5,DMF,47.6932440880613,76376.26091785089
1405,6-Iodoquinoline,"1d, 6-I-Q",1,0.0004,"2a, Boronic Acid",1,Pd(OAc)2,0.0625,P(tBu)3,0.125,LiOtBu,2.5,DMF,76.2018479366771,43369.15495186806
1406,6-Iodoquinoline,"1d, 6-I-Q",1,0.0004,"2a, Boronic Acid",1,Pd(OAc)2,0.0625,P(Ph)3 ,0.125,LiOtBu,2.5,DMF,96.4196020294068,158268.97845440148
1407,6-Iodoquinoline,"1d, 6-I-Q",1,0.0004,"2a, Boronic Acid",1,Pd(OAc)2,0.0625,AmPhos,0.125,LiOtBu,2.5,DMF,94.5733750904256,53912.524537407466
1408,6-Iodoquinoline,"1d, 6-I-Q",1,0.0004,"2a, Boronic Acid",1,Pd(OAc)2,0.0625,P(Cy)3,0.125,LiOtBu,2.5,DMF,92.7984928496172,162166.79599027362
1409,6-Iodoquinoline,"1d, 6-I-Q",1,0.0004,"2a, Boronic Acid",1,Pd(OAc)2,0.0625,P(o-Tol)3,0.125,LiOtBu,2.5,DMF,73.6819392461041,40603.598221707936
1410,6-Iodoquinoline,"1d, 6-I-Q",1,0.0004,"2a, Boronic Acid",1,Pd(OAc)2,0.0625,CataCXium A,0.125,LiOtBu,2.5,DMF,94.5749207830065,147687.47096059748
1411,6-Iodoquinoline,"1d, 6-I-Q",1,0.0004,"2a, Boronic Acid",1,Pd(OAc)2,0.0625,SPhos,0.125,LiOtBu,2.5,DMF,86.0815396695893,50089.219038706105
1412,6-Iodoquinoline,"1d, 6-I-Q",1,0.0004,"2a, Boronic Acid",1,Pd(OAc)2,0.0625,dtbpf,0.125,LiOtBu,2.5,DMF,83.9601648066985,112543.27846225325
1413,6-Iodoquinoline,"1d, 6-I-Q",1,0.0004,"2a, Boronic Acid",1,Pd(OAc)2,0.0625,XPhos,0.125,LiOtBu,2.5,DMF,75.2941043352629,40350.88770433066
1414,6-Iodoquinoline,"1d, 6-I-Q",1,0.0004,"2a, Boronic Acid",1,Pd(OAc)2,0.0625,dppf,0.125,LiOtBu,2.5,DMF,34.869117814154,48423.88990535592
1415,6-Iodoquinoline,"1d, 6-I-Q",1,0.0004,"2a, Boronic Acid",1,Pd(OAc)2,0.0625,Xantphos,0.125,LiOtBu,2.5,DMF,51.765670320219,30234.57597258076
1416,6-Iodoquinoline,"1d, 6-I-Q",1,0.0004,"2a, Boronic Acid",1,Pd(OAc)2,0.0625,,,LiOtBu,2.5,DMF,54.2015291161046,87437.42158066678
1417,6-Iodoquinoline,"1d, 6-I-Q",1,0.0004,"2a, Boronic Acid",1,Pd(OAc)2,0.0625,P(tBu)3,0.125,Et3N,2.5,DMF,82.54107529168,43008.131085234374
1418,6-Iodoquinoline,"1d, 6-I-Q",1,0.0004,"2a, Boronic Acid",1,Pd(OAc)2,0.0625,P(Ph)3 ,0.125,Et3N,2.5,DMF,87.2657695571432,143517.4850817155
1419,6-Iodoquinoline,"1d, 6-I-Q",1,0.0004,"2a, Boronic Acid",1,Pd(OAc)2,0.0625,AmPhos,0.125,Et3N,2.5,DMF,80.0675568012807,42628.23128165955
1420,6-Iodoquinoline,"1d, 6-I-Q",1,0.0004,"2a, Boronic Acid",1,Pd(OAc)2,0.0625,P(Cy)3,0.125,Et3N,2.5,DMF,62.3403824889598,109222.08900392495
1421,6-Iodoquinoline,"1d, 6-I-Q",1,0.0004,"2a, Boronic Acid",1,Pd(OAc)2,0.0625,P(o-Tol)3,0.125,Et3N,2.5,DMF,60.0318151557615,32436.05810539112
1422,6-Iodoquinoline,"1d, 6-I-Q",1,0.0004,"2a, Boronic Acid",1,Pd(OAc)2,0.0625,CataCXium A,0.125,Et3N,2.5,DMF,79.4558269871585,126737.95518353669
1423,6-Iodoquinoline,"1d, 6-I-Q",1,0.0004,"2a, Boronic Acid",1,Pd(OAc)2,0.0625,SPhos,0.125,Et3N,2.5,DMF,52.4314644176922,29331.87767521015
1424,6-Iodoquinoline,"1d, 6-I-Q",1,0.0004,"2a, Boronic Acid",1,Pd(OAc)2,0.0625,dtbpf,0.125,Et3N,2.5,DMF,49.2794219097397,64657.10961987831
1425,6-Iodoquinoline,"1d, 6-I-Q",1,0.0004,"2a, Boronic Acid",1,Pd(OAc)2,0.0625,XPhos,0.125,Et3N,2.5,DMF,50.8471638858617,28004.074950408994
1426,6-Iodoquinoline,"1d, 6-I-Q",1,0.0004,"2a, Boronic Acid",1,Pd(OAc)2,0.0625,dppf,0.125,Et3N,2.5,DMF,56.7770993547277,72356.4640572754
1427,6-Iodoquinoline,"1d, 6-I-Q",1,0.0004,"2a, Boronic Acid",1,Pd(OAc)2,0.0625,Xantphos,0.125,Et3N,2.5,DMF,16.0319927649936,11147.51388392225
1428,6-Iodoquinoline,"1d, 6-I-Q",1,0.0004,"2a, Boronic Acid",1,Pd(OAc)2,0.0625,,,Et3N,2.5,DMF,24.4878511486375,43948.019348465925
1429,6-Iodoquinoline,"1d, 6-I-Q",1,0.0004,"2a, Boronic Acid",1,Pd(OAc)2,0.0625,P(tBu)3,0.125,,2.5,DMF,71.3194985869433,38072.702632505214
1430,6-Iodoquinoline,"1d, 6-I-Q",1,0.0004,"2a, Boronic Acid",1,Pd(OAc)2,0.0625,P(Ph)3 ,0.125,,2.5,DMF,84.4717098953415,157256.08354127733
1431,6-Iodoquinoline,"1d, 6-I-Q",1,0.0004,"2a, Boronic Acid",1,Pd(OAc)2,0.0625,AmPhos,0.125,,2.5,DMF,78.2423167871712,43804.988752449506
1432,6-Iodoquinoline,"1d, 6-I-Q",1,0.0004,"2a, Boronic Acid",1,Pd(OAc)2,0.0625,P(Cy)3,0.125,,2.5,DMF,66.8720042573773,114426.79976010413
1433,6-Iodoquinoline,"1d, 6-I-Q",1,0.0004,"2a, Boronic Acid",1,Pd(OAc)2,0.0625,P(o-Tol)3,0.125,,2.5,DMF,56.8617678630696,31249.35020241554
1434,6-Iodoquinoline,"1d, 6-I-Q",1,0.0004,"2a, Boronic Acid",1,Pd(OAc)2,0.0625,CataCXium A,0.125,,2.5,DMF,72.3770263118878,121450.13474270115
1435,6-Iodoquinoline,"1d, 6-I-Q",1,0.0004,"2a, Boronic Acid",1,Pd(OAc)2,0.0625,SPhos,0.125,,2.5,DMF,47.9026471416584,27247.64496349752
1436,6-Iodoquinoline,"1d, 6-I-Q",1,0.0004,"2a, Boronic Acid",1,Pd(OAc)2,0.0625,dtbpf,0.125,,2.5,DMF,47.6685976251887,64955.46283051093
1437,6-Iodoquinoline,"1d, 6-I-Q",1,0.0004,"2a, Boronic Acid",1,Pd(OAc)2,0.0625,XPhos,0.125,,2.5,DMF,48.2538858959639,25427.03478452553
1438,6-Iodoquinoline,"1d, 6-I-Q",1,0.0004,"2a, Boronic Acid",1,Pd(OAc)2,0.0625,dppf,0.125,,2.5,DMF,60.4233901960798,92085.21455617118
1439,6-Iodoquinoline,"1d, 6-I-Q",1,0.0004,"2a, Boronic Acid",1,Pd(OAc)2,0.0625,Xantphos,0.125,,2.5,DMF,1.61151042451017,13127.358421859815
1440,6-Iodoquinoline,"1d, 6-I-Q",1,0.0004,"2a, Boronic Acid",1,Pd(OAc)2,0.0625,,,,2.5,DMF,27.795833202073,51307.40649939686
1441,6-Iodoquinoline,"1d, 6-I-Q",1,0.0004,"2a, Boronic Acid",1,Pd(OAc)2,0.0625,P(tBu)3,0.125,NaOH,2.5,MeOH,86.1091687113022,51075.439760582325
1442,6-Iodoquinoline,"1d, 6-I-Q",1,0.0004,"2a, Boronic Acid",1,Pd(OAc)2,0.0625,P(Ph)3 ,0.125,NaOH,2.5,MeOH,93.6487172275639,193528.0495669448
1443,6-Iodoquinoline,"1d, 6-I-Q",1,0.0004,"2a, Boronic Acid",1,Pd(OAc)2,0.0625,AmPhos,0.125,NaOH,2.5,MeOH,92.0669339153271,75732.33855160548
1444,6-Iodoquinoline,"1d, 6-I-Q",1,0.0004,"2a, Boronic Acid",1,Pd(OAc)2,0.0625,P(Cy)3,0.125,NaOH,2.5,MeOH,93.781765674746,259620.03543926473
1445,6-Iodoquinoline,"1d, 6-I-Q",1,0.0004,"2a, Boronic Acid",1,Pd(OAc)2,0.0625,P(o-Tol)3,0.125,NaOH,2.5,MeOH,91.8252223519439,65070.70756683209
1446,6-Iodoquinoline,"1d, 6-I-Q",1,0.0004,"2a, Boronic Acid",1,Pd(OAc)2,0.0625,CataCXium A,0.125,NaOH,2.5,MeOH,94.1467620779593,241112.0897773572
1447,6-Iodoquinoline,"1d, 6-I-Q",1,0.0004,"2a, Boronic Acid",1,Pd(OAc)2,0.0625,SPhos,0.125,NaOH,2.5,MeOH,90.2571937587943,74048.9277445874
1448,6-Iodoquinoline,"1d, 6-I-Q",1,0.0004,"2a, Boronic Acid",1,Pd(OAc)2,0.0625,dtbpf,0.125,NaOH,2.5,MeOH,88.4328406478941,312194.50453893567
1449,6-Iodoquinoline,"1d, 6-I-Q",1,0.0004,"2a, Boronic Acid",1,Pd(OAc)2,0.0625,XPhos,0.125,NaOH,2.5,MeOH,91.4527281466888,79861.7123781335
1450,6-Iodoquinoline,"1d, 6-I-Q",1,0.0004,"2a, Boronic Acid",1,Pd(OAc)2,0.0625,dppf,0.125,NaOH,2.5,MeOH,91.5721069675891,274855.2987413616
1451,6-Iodoquinoline,"1d, 6-I-Q",1,0.0004,"2a, Boronic Acid",1,Pd(OAc)2,0.0625,Xantphos,0.125,NaOH,2.5,MeOH,82.5929257619085,74288.44070227232
1452,6-Iodoquinoline,"1d, 6-I-Q",1,0.0004,"2a, Boronic Acid",1,Pd(OAc)2,0.0625,,,NaOH,2.5,MeOH,90.0532939247157,198483.62990727404
1453,6-Iodoquinoline,"1d, 6-I-Q",1,0.0004,"2a, Boronic Acid",1,Pd(OAc)2,0.0625,P(tBu)3,0.125,NaHCO3,2.5,MeOH,71.7176779733418,56417.08628310951
1454,6-Iodoquinoline,"1d, 6-I-Q",1,0.0004,"2a, Boronic Acid",1,Pd(OAc)2,0.0625,P(Ph)3 ,0.125,NaHCO3,2.5,MeOH,93.8157601820839,270106.9989395487
1455,6-Iodoquinoline,"1d, 6-I-Q",1,0.0004,"2a, Boronic Acid",1,Pd(OAc)2,0.0625,AmPhos,0.125,NaHCO3,2.5,MeOH,92.516503860365,84189.46864799058
1456,6-Iodoquinoline,"1d, 6-I-Q",1,0.0004,"2a, Boronic Acid",1,Pd(OAc)2,0.0625,P(Cy)3,0.125,NaHCO3,2.5,MeOH,92.4342451564313,262022.44983166008
1457,6-Iodoquinoline,"1d, 6-I-Q",1,0.0004,"2a, Boronic Acid",1,Pd(OAc)2,0.0625,P(o-Tol)3,0.125,NaHCO3,2.5,MeOH,91.0793941748596,78096.73403598309
1458,6-Iodoquinoline,"1d, 6-I-Q",1,0.0004,"2a, Boronic Acid",1,Pd(OAc)2,0.0625,CataCXium A,0.125,NaHCO3,2.5,MeOH,93.1337812573883,265068.2543936877
1459,6-Iodoquinoline,"1d, 6-I-Q",1,0.0004,"2a, Boronic Acid",1,Pd(OAc)2,0.0625,SPhos,0.125,NaHCO3,2.5,MeOH,86.6268166767732,72894.8538605693
1460,6-Iodoquinoline,"1d, 6-I-Q",1,0.0004,"2a, Boronic Acid",1,Pd(OAc)2,0.0625,dtbpf,0.125,NaHCO3,2.5,MeOH,75.006723547921,203483.56780520317
1461,6-Iodoquinoline,"1d, 6-I-Q",1,0.0004,"2a, Boronic Acid",1,Pd(OAc)2,0.0625,XPhos,0.125,NaHCO3,2.5,MeOH,86.3627571903601,76176.72884717878
1462,6-Iodoquinoline,"1d, 6-I-Q",1,0.0004,"2a, Boronic Acid",1,Pd(OAc)2,0.0625,dppf,0.125,NaHCO3,2.5,MeOH,89.6285603349695,257820.08816146024
1463,6-Iodoquinoline,"1d, 6-I-Q",1,0.0004,"2a, Boronic Acid",1,Pd(OAc)2,0.0625,Xantphos,0.125,NaHCO3,2.5,MeOH,53.6163430073465,44054.15318082556
1464,6-Iodoquinoline,"1d, 6-I-Q",1,0.0004,"2a, Boronic Acid",1,Pd(OAc)2,0.0625,,,NaHCO3,2.5,MeOH,88.8005918484547,162931.8227901842
1465,6-Iodoquinoline,"1d, 6-I-Q",1,0.0004,"2a, Boronic Acid",1,Pd(OAc)2,0.0625,P(tBu)3,0.125,CsF,2.5,MeOH,75.9145045329842,72956.43132388048
1466,6-Iodoquinoline,"1d, 6-I-Q",1,0.0004,"2a, Boronic Acid",1,Pd(OAc)2,0.0625,P(Ph)3 ,0.125,CsF,2.5,MeOH,89.2862717770382,247563.48443398462
1467,6-Iodoquinoline,"1d, 6-I-Q",1,0.0004,"2a, Boronic Acid",1,Pd(OAc)2,0.0625,AmPhos,0.125,CsF,2.5,MeOH,85.7602869331088,76890.13800460211
1468,6-Iodoquinoline,"1d, 6-I-Q",1,0.0004,"2a, Boronic Acid",1,Pd(OAc)2,0.0625,P(Cy)3,0.125,CsF,2.5,MeOH,88.0054742215321,239691.83279660353
1469,6-Iodoquinoline,"1d, 6-I-Q",1,0.0004,"2a, Boronic Acid",1,Pd(OAc)2,0.0625,P(o-Tol)3,0.125,CsF,2.5,MeOH,88.6040493446914,78510.3946860194
1470,6-Iodoquinoline,"1d, 6-I-Q",1,0.0004,"2a, Boronic Acid",1,Pd(OAc)2,0.0625,CataCXium A,0.125,CsF,2.5,MeOH,90.3935587402495,260875.06504648115
1471,6-Iodoquinoline,"1d, 6-I-Q",1,0.0004,"2a, Boronic Acid",1,Pd(OAc)2,0.0625,SPhos,0.125,CsF,2.5,MeOH,65.603575095592,49015.6175565166
1472,6-Iodoquinoline,"1d, 6-I-Q",1,0.0004,"2a, Boronic Acid",1,Pd(OAc)2,0.0625,dtbpf,0.125,CsF,2.5,MeOH,67.4504501380843,192202.3016421902
1473,6-Iodoquinoline,"1d, 6-I-Q",1,0.0004,"2a, Boronic Acid",1,Pd(OAc)2,0.0625,XPhos,0.125,CsF,2.5,MeOH,77.7172041512128,54886.04092662173
1474,6-Iodoquinoline,"1d, 6-I-Q",1,0.0004,"2a, Boronic Acid",1,Pd(OAc)2,0.0625,dppf,0.125,CsF,2.5,MeOH,82.9879632500711,223271.23728079133
1475,6-Iodoquinoline,"1d, 6-I-Q",1,0.0004,"2a, Boronic Acid",1,Pd(OAc)2,0.0625,Xantphos,0.125,CsF,2.5,MeOH,32.3170389016353,33067.74240656727
1476,6-Iodoquinoline,"1d, 6-I-Q",1,0.0004,"2a, Boronic Acid",1,Pd(OAc)2,0.0625,,,CsF,2.5,MeOH,75.0749609442436,163976.5449228637
1477,6-Iodoquinoline,"1d, 6-I-Q",1,0.0004,"2a, Boronic Acid",1,Pd(OAc)2,0.0625,P(tBu)3,0.125,K3PO4,2.5,MeOH,91.2878952800186,55806.95857480228
1478,6-Iodoquinoline,"1d, 6-I-Q",1,0.0004,"2a, Boronic Acid",1,Pd(OAc)2,0.0625,P(Ph)3 ,0.125,K3PO4,2.5,MeOH,96.7376643226456,253635.69731707987
1479,6-Iodoquinoline,"1d, 6-I-Q",1,0.0004,"2a, Boronic Acid",1,Pd(OAc)2,0.0625,AmPhos,0.125,K3PO4,2.5,MeOH,92.8242218597128,61787.165881119836
1480,6-Iodoquinoline,"1d, 6-I-Q",1,0.0004,"2a, Boronic Acid",1,Pd(OAc)2,0.0625,P(Cy)3,0.125,K3PO4,2.5,MeOH,96.2965551611922,200502.73040442413
1481,6-Iodoquinoline,"1d, 6-I-Q",1,0.0004,"2a, Boronic Acid",1,Pd(OAc)2,0.0625,P(o-Tol)3,0.125,K3PO4,2.5,MeOH,93.7275077399634,54160.681383019284
1482,6-Iodoquinoline,"1d, 6-I-Q",1,0.0004,"2a, Boronic Acid",1,Pd(OAc)2,0.0625,CataCXium A,0.125,K3PO4,2.5,MeOH,95.3713771253362,188475.82439307676
1483,6-Iodoquinoline,"1d, 6-I-Q",1,0.0004,"2a, Boronic Acid",1,Pd(OAc)2,0.0625,SPhos,0.125,K3PO4,2.5,MeOH,91.373833626165,52994.37283217692
1484,6-Iodoquinoline,"1d, 6-I-Q",1,0.0004,"2a, Boronic Acid",1,Pd(OAc)2,0.0625,dtbpf,0.125,K3PO4,2.5,MeOH,88.1280570060825,181065.30096041155
1485,6-Iodoquinoline,"1d, 6-I-Q",1,0.0004,"2a, Boronic Acid",1,Pd(OAc)2,0.0625,XPhos,0.125,K3PO4,2.5,MeOH,90.7940163477808,50908.951816623696
1486,6-Iodoquinoline,"1d, 6-I-Q",1,0.0004,"2a, Boronic Acid",1,Pd(OAc)2,0.0625,dppf,0.125,K3PO4,2.5,MeOH,92.2981313084391,148544.72003184285
1487,6-Iodoquinoline,"1d, 6-I-Q",1,0.0004,"2a, Boronic Acid",1,Pd(OAc)2,0.0625,Xantphos,0.125,K3PO4,2.5,MeOH,67.916947190213,38606.87418160848
1488,6-Iodoquinoline,"1d, 6-I-Q",1,0.0004,"2a, Boronic Acid",1,Pd(OAc)2,0.0625,,,K3PO4,2.5,MeOH,91.2140138328445,136725.43021333916
1489,6-Iodoquinoline,"1d, 6-I-Q",1,0.0004,"2a, Boronic Acid",1,Pd(OAc)2,0.0625,P(tBu)3,0.125,KOH,2.5,MeOH,92.0579578313443,69265.65216357271
1490,6-Iodoquinoline,"1d, 6-I-Q",1,0.0004,"2a, Boronic Acid",1,Pd(OAc)2,0.0625,P(Ph)3 ,0.125,KOH,2.5,MeOH,94.4707023347858,211503.37204123146
1491,6-Iodoquinoline,"1d, 6-I-Q",1,0.0004,"2a, Boronic Acid",1,Pd(OAc)2,0.0625,AmPhos,0.125,KOH,2.5,MeOH,92.0840839272525,73732.99171437148
1492,6-Iodoquinoline,"1d, 6-I-Q",1,0.0004,"2a, Boronic Acid",1,Pd(OAc)2,0.0625,P(Cy)3,0.125,KOH,2.5,MeOH,92.5177803257656,257304.8741419798
1493,6-Iodoquinoline,"1d, 6-I-Q",1,0.0004,"2a, Boronic Acid",1,Pd(OAc)2,0.0625,P(o-Tol)3,0.125,KOH,2.5,MeOH,91.9936132845425,67283.14573983714
1494,6-Iodoquinoline,"1d, 6-I-Q",1,0.0004,"2a, Boronic Acid",1,Pd(OAc)2,0.0625,CataCXium A,0.125,KOH,2.5,MeOH,95.0559187355325,248421.54162105967
1495,6-Iodoquinoline,"1d, 6-I-Q",1,0.0004,"2a, Boronic Acid",1,Pd(OAc)2,0.0625,SPhos,0.125,KOH,2.5,MeOH,90.5313326603922,65201.287834808754
1496,6-Iodoquinoline,"1d, 6-I-Q",1,0.0004,"2a, Boronic Acid",1,Pd(OAc)2,0.0625,dtbpf,0.125,KOH,2.5,MeOH,88.1775757631044,208320.91827809942
1497,6-Iodoquinoline,"1d, 6-I-Q",1,0.0004,"2a, Boronic Acid",1,Pd(OAc)2,0.0625,XPhos,0.125,KOH,2.5,MeOH,90.5730870845968,57284.78973628527
1498,6-Iodoquinoline,"1d, 6-I-Q",1,0.0004,"2a, Boronic Acid",1,Pd(OAc)2,0.0625,dppf,0.125,KOH,2.5,MeOH,92.2488403922945,258651.7367009845
1499,6-Iodoquinoline,"1d, 6-I-Q",1,0.0004,"2a, Boronic Acid",1,Pd(OAc)2,0.0625,Xantphos,0.125,KOH,2.5,MeOH,65.8031215609106,48418.234342670716
1500,6-Iodoquinoline,"1d, 6-I-Q",1,0.0004,"2a, Boronic Acid",1,Pd(OAc)2,0.0625,,,KOH,2.5,MeOH,90.7888162800506,147834.23444451767
1501,6-Iodoquinoline,"1d, 6-I-Q",1,0.0004,"2a, Boronic Acid",1,Pd(OAc)2,0.0625,P(tBu)3,0.125,LiOtBu,2.5,MeOH,94.0103735997673,61064.19839546901
1502,6-Iodoquinoline,"1d, 6-I-Q",1,0.0004,"2a, Boronic Acid",1,Pd(OAc)2,0.0625,P(Ph)3 ,0.125,LiOtBu,2.5,MeOH,98.6922177153939,203351.47307271996
1503,6-Iodoquinoline,"1d, 6-I-Q",1,0.0004,"2a, Boronic Acid",1,Pd(OAc)2,0.0625,AmPhos,0.125,LiOtBu,2.5,MeOH,93.2824954358793,59586.34649928728
1504,6-Iodoquinoline,"1d, 6-I-Q",1,0.0004,"2a, Boronic Acid",1,Pd(OAc)2,0.0625,P(Cy)3,0.125,LiOtBu,2.5,MeOH,92.968105197347,170752.10618547213
1505,6-Iodoquinoline,"1d, 6-I-Q",1,0.0004,"2a, Boronic Acid",1,Pd(OAc)2,0.0625,P(o-Tol)3,0.125,LiOtBu,2.5,MeOH,92.6467307723407,53626.28307868129
1506,6-Iodoquinoline,"1d, 6-I-Q",1,0.0004,"2a, Boronic Acid",1,Pd(OAc)2,0.0625,CataCXium A,0.125,LiOtBu,2.5,MeOH,96.0383758115784,163696.91428359417
1507,6-Iodoquinoline,"1d, 6-I-Q",1,0.0004,"2a, Boronic Acid",1,Pd(OAc)2,0.0625,SPhos,0.125,LiOtBu,2.5,MeOH,91.753601201934,57009.41362536395
1508,6-Iodoquinoline,"1d, 6-I-Q",1,0.0004,"2a, Boronic Acid",1,Pd(OAc)2,0.0625,dtbpf,0.125,LiOtBu,2.5,MeOH,90.3263933331388,152044.90187004168
1509,6-Iodoquinoline,"1d, 6-I-Q",1,0.0004,"2a, Boronic Acid",1,Pd(OAc)2,0.0625,XPhos,0.125,LiOtBu,2.5,MeOH,91.4483127261543,49474.29375698827
1510,6-Iodoquinoline,"1d, 6-I-Q",1,0.0004,"2a, Boronic Acid",1,Pd(OAc)2,0.0625,dppf,0.125,LiOtBu,2.5,MeOH,93.0482496471217,169938.9378901745
1511,6-Iodoquinoline,"1d, 6-I-Q",1,0.0004,"2a, Boronic Acid",1,Pd(OAc)2,0.0625,Xantphos,0.125,LiOtBu,2.5,MeOH,77.6324398271037,46999.89835484016
1512,6-Iodoquinoline,"1d, 6-I-Q",1,0.0004,"2a, Boronic Acid",1,Pd(OAc)2,0.0625,,,LiOtBu,2.5,MeOH,91.817884928389,145634.6040034136
1513,6-Iodoquinoline,"1d, 6-I-Q",1,0.0004,"2a, Boronic Acid",1,Pd(OAc)2,0.0625,P(tBu)3,0.125,Et3N,2.5,MeOH,81.5817380719798,62513.033421561595
1514,6-Iodoquinoline,"1d, 6-I-Q",1,0.0004,"2a, Boronic Acid",1,Pd(OAc)2,0.0625,P(Ph)3 ,0.125,Et3N,2.5,MeOH,89.8002920661409,225584.73019627764
1515,6-Iodoquinoline,"1d, 6-I-Q",1,0.0004,"2a, Boronic Acid",1,Pd(OAc)2,0.0625,AmPhos,0.125,Et3N,2.5,MeOH,86.5439407339856,70522.57266514764
1516,6-Iodoquinoline,"1d, 6-I-Q",1,0.0004,"2a, Boronic Acid",1,Pd(OAc)2,0.0625,P(Cy)3,0.125,Et3N,2.5,MeOH,88.0602480794513,207004.27086184872
1517,6-Iodoquinoline,"1d, 6-I-Q",1,0.0004,"2a, Boronic Acid",1,Pd(OAc)2,0.0625,P(o-Tol)3,0.125,Et3N,2.5,MeOH,87.7643022399226,58200.20616312638
1518,6-Iodoquinoline,"1d, 6-I-Q",1,0.0004,"2a, Boronic Acid",1,Pd(OAc)2,0.0625,CataCXium A,0.125,Et3N,2.5,MeOH,89.0948351177002,165154.8787556429
1519,6-Iodoquinoline,"1d, 6-I-Q",1,0.0004,"2a, Boronic Acid",1,Pd(OAc)2,0.0625,SPhos,0.125,Et3N,2.5,MeOH,72.5074637956826,45810.72343743402
1520,6-Iodoquinoline,"1d, 6-I-Q",1,0.0004,"2a, Boronic Acid",1,Pd(OAc)2,0.0625,dtbpf,0.125,Et3N,2.5,MeOH,72.4492752083549,171177.88135861387
1521,6-Iodoquinoline,"1d, 6-I-Q",1,0.0004,"2a, Boronic Acid",1,Pd(OAc)2,0.0625,XPhos,0.125,Et3N,2.5,MeOH,73.7652474463156,44407.261960636504
1522,6-Iodoquinoline,"1d, 6-I-Q",1,0.0004,"2a, Boronic Acid",1,Pd(OAc)2,0.0625,dppf,0.125,Et3N,2.5,MeOH,84.4946188244028,170104.4431372517
1523,6-Iodoquinoline,"1d, 6-I-Q",1,0.0004,"2a, Boronic Acid",1,Pd(OAc)2,0.0625,Xantphos,0.125,Et3N,2.5,MeOH,57.4065432301584,39306.84366553905
1524,6-Iodoquinoline,"1d, 6-I-Q",1,0.0004,"2a, Boronic Acid",1,Pd(OAc)2,0.0625,,,Et3N,2.5,MeOH,78.3908611308876,130148.83434193273
1525,6-Iodoquinoline,"1d, 6-I-Q",1,0.0004,"2a, Boronic Acid",1,Pd(OAc)2,0.0625,P(tBu)3,0.125,,2.5,MeOH,59.5370722322467,43943.77046911457
1526,6-Iodoquinoline,"1d, 6-I-Q",1,0.0004,"2a, Boronic Acid",1,Pd(OAc)2,0.0625,P(Ph)3 ,0.125,,2.5,MeOH,46.2831217824458,72843.98610384055
1527,6-Iodoquinoline,"1d, 6-I-Q",1,0.0004,"2a, Boronic Acid",1,Pd(OAc)2,0.0625,AmPhos,0.125,,2.5,MeOH,72.0344021343468,48041.5051680152
1528,6-Iodoquinoline,"1d, 6-I-Q",1,0.0004,"2a, Boronic Acid",1,Pd(OAc)2,0.0625,P(Cy)3,0.125,,2.5,MeOH,73.6485616659474,164498.55409017726
1529,6-Iodoquinoline,"1d, 6-I-Q",1,0.0004,"2a, Boronic Acid",1,Pd(OAc)2,0.0625,P(o-Tol)3,0.125,,2.5,MeOH,68.9568539102562,49391.59741854245
1530,6-Iodoquinoline,"1d, 6-I-Q",1,0.0004,"2a, Boronic Acid",1,Pd(OAc)2,0.0625,CataCXium A,0.125,,2.5,MeOH,72.1760945936615,152424.0387890951
1531,6-Iodoquinoline,"1d, 6-I-Q",1,0.0004,"2a, Boronic Acid",1,Pd(OAc)2,0.0625,SPhos,0.125,,2.5,MeOH,48.8245504317897,38393.31839963134
1532,6-Iodoquinoline,"1d, 6-I-Q",1,0.0004,"2a, Boronic Acid",1,Pd(OAc)2,0.0625,dtbpf,0.125,,2.5,MeOH,56.0405667104939,106092.13616678654
1533,6-Iodoquinoline,"1d, 6-I-Q",1,0.0004,"2a, Boronic Acid",1,Pd(OAc)2,0.0625,XPhos,0.125,,2.5,MeOH,48.5891761316497,33678.50548718831
1534,6-Iodoquinoline,"1d, 6-I-Q",1,0.0004,"2a, Boronic Acid",1,Pd(OAc)2,0.0625,dppf,0.125,,2.5,MeOH,52.0585262632616,110842.88335147833
1535,6-Iodoquinoline,"1d, 6-I-Q",1,0.0004,"2a, Boronic Acid",1,Pd(OAc)2,0.0625,Xantphos,0.125,,2.5,MeOH,25.769502775829,21512.543063879733
1536,6-Iodoquinoline,"1d, 6-I-Q",1,0.0004,"2a, Boronic Acid",1,Pd(OAc)2,0.0625,,,,2.5,MeOH,50.7498318365167,79441.83580934632
1537,6-triflatequinoline,"1c, 6-OTf-Q",1,0.0004,"2b, Boronic Ester",1,Pd(OAc)2,0.0625,P(tBu)3,0.125,NaOH,2.5,MeCN,34.3021522875566,1188693.0
1538,6-triflatequinoline,"1c, 6-OTf-Q",1,0.0004,"2b, Boronic Ester",1,Pd(OAc)2,0.0625,P(Ph)3 ,0.125,NaOH,2.5,MeCN,78.0345702790737,26312946.0
1539,6-triflatequinoline,"1c, 6-OTf-Q",1,0.0004,"2b, Boronic Ester",1,Pd(OAc)2,0.0625,AmPhos,0.125,NaOH,2.5,MeCN,62.5931351515949,2992202.25
1540,6-triflatequinoline,"1c, 6-OTf-Q",1,0.0004,"2b, Boronic Ester",1,Pd(OAc)2,0.0625,P(Cy)3,0.125,NaOH,2.5,MeCN,50.2461944405667,16016990.0
1541,6-triflatequinoline,"1c, 6-OTf-Q",1,0.0004,"2b, Boronic Ester",1,Pd(OAc)2,0.0625,P(o-Tol)3,0.125,NaOH,2.5,MeCN,50.5597785763222,2143695.5
1542,6-triflatequinoline,"1c, 6-OTf-Q",1,0.0004,"2b, Boronic Ester",1,Pd(OAc)2,0.0625,CataCXium A,0.125,NaOH,2.5,MeCN,95.6179576142578,20831064.0
1543,6-triflatequinoline,"1c, 6-OTf-Q",1,0.0004,"2b, Boronic Ester",1,Pd(OAc)2,0.0625,SPhos,0.125,NaOH,2.5,MeCN,74.8444068275277,3752138.0
1544,6-triflatequinoline,"1c, 6-OTf-Q",1,0.0004,"2b, Boronic Ester",1,Pd(OAc)2,0.0625,dtbpf,0.125,NaOH,2.5,MeCN,33.5237002036175,9962443.0
1545,6-triflatequinoline,"1c, 6-OTf-Q",1,0.0004,"2b, Boronic Ester",1,Pd(OAc)2,0.0625,XPhos,0.125,NaOH,2.5,MeCN,67.9652029875628,3259340.0
1546,6-triflatequinoline,"1c, 6-OTf-Q",1,0.0004,"2b, Boronic Ester",1,Pd(OAc)2,0.0625,dppf,0.125,NaOH,2.5,MeCN,43.5992429644484,13738366.0
1547,6-triflatequinoline,"1c, 6-OTf-Q",1,0.0004,"2b, Boronic Ester",1,Pd(OAc)2,0.0625,Xantphos,0.125,NaOH,2.5,MeCN,14.5337918808092,655965.5
1548,6-triflatequinoline,"1c, 6-OTf-Q",1,0.0004,"2b, Boronic Ester",1,Pd(OAc)2,0.0625,,,NaOH,2.5,MeCN,16.9499137297865,8273786.5
1549,6-triflatequinoline,"1c, 6-OTf-Q",1,0.0004,"2b, Boronic Ester",1,Pd(OAc)2,0.0625,P(tBu)3,0.125,NaHCO3,2.5,MeCN,44.2399831020995,2029660.75
1550,6-triflatequinoline,"1c, 6-OTf-Q",1,0.0004,"2b, Boronic Ester",1,Pd(OAc)2,0.0625,P(Ph)3 ,0.125,NaHCO3,2.5,MeCN,87.3063254584504,28627232.0
1551,6-triflatequinoline,"1c, 6-OTf-Q",1,0.0004,"2b, Boronic Ester",1,Pd(OAc)2,0.0625,AmPhos,0.125,NaHCO3,2.5,MeCN,89.5447145100221,4703583.0
1552,6-triflatequinoline,"1c, 6-OTf-Q",1,0.0004,"2b, Boronic Ester",1,Pd(OAc)2,0.0625,P(Cy)3,0.125,NaHCO3,2.5,MeCN,60.2086569753873,16669555.0
1553,6-triflatequinoline,"1c, 6-OTf-Q",1,0.0004,"2b, Boronic Ester",1,Pd(OAc)2,0.0625,P(o-Tol)3,0.125,NaHCO3,2.5,MeCN,52.951945134082,2238544.0
1554,6-triflatequinoline,"1c, 6-OTf-Q",1,0.0004,"2b, Boronic Ester",1,Pd(OAc)2,0.0625,CataCXium A,0.125,NaHCO3,2.5,MeCN,80.6409016371755,23130516.0
1555,6-triflatequinoline,"1c, 6-OTf-Q",1,0.0004,"2b, Boronic Ester",1,Pd(OAc)2,0.0625,SPhos,0.125,NaHCO3,2.5,MeCN,60.4908003692653,2566877.5
1556,6-triflatequinoline,"1c, 6-OTf-Q",1,0.0004,"2b, Boronic Ester",1,Pd(OAc)2,0.0625,dtbpf,0.125,NaHCO3,2.5,MeCN,35.4593831235752,7800648.0
1557,6-triflatequinoline,"1c, 6-OTf-Q",1,0.0004,"2b, Boronic Ester",1,Pd(OAc)2,0.0625,XPhos,0.125,NaHCO3,2.5,MeCN,50.2041758388827,2114907.25
1558,6-triflatequinoline,"1c, 6-OTf-Q",1,0.0004,"2b, Boronic Ester",1,Pd(OAc)2,0.0625,dppf,0.125,NaHCO3,2.5,MeCN,61.6163920814564,16562298.0
1559,6-triflatequinoline,"1c, 6-OTf-Q",1,0.0004,"2b, Boronic Ester",1,Pd(OAc)2,0.0625,Xantphos,0.125,NaHCO3,2.5,MeCN,7.6786360715506,326397.46875
1560,6-triflatequinoline,"1c, 6-OTf-Q",1,0.0004,"2b, Boronic Ester",1,Pd(OAc)2,0.0625,,,NaHCO3,2.5,MeCN,27.9544842370796,12155128.0
1561,6-triflatequinoline,"1c, 6-OTf-Q",1,0.0004,"2b, Boronic Ester",1,Pd(OAc)2,0.0625,P(tBu)3,0.125,CsF,2.5,MeCN,42.5691960088876,1648638.125
1562,6-triflatequinoline,"1c, 6-OTf-Q",1,0.0004,"2b, Boronic Ester",1,Pd(OAc)2,0.0625,P(Ph)3 ,0.125,CsF,2.5,MeCN,83.0476407049367,24192474.0
1563,6-triflatequinoline,"1c, 6-OTf-Q",1,0.0004,"2b, Boronic Ester",1,Pd(OAc)2,0.0625,AmPhos,0.125,CsF,2.5,MeCN,88.276759045408,4118012.75
1564,6-triflatequinoline,"1c, 6-OTf-Q",1,0.0004,"2b, Boronic Ester",1,Pd(OAc)2,0.0625,P(Cy)3,0.125,CsF,2.5,MeCN,73.2534614580344,22692502.0
1565,6-triflatequinoline,"1c, 6-OTf-Q",1,0.0004,"2b, Boronic Ester",1,Pd(OAc)2,0.0625,P(o-Tol)3,0.125,CsF,2.5,MeCN,69.4606104683676,3090727.0
1566,6-triflatequinoline,"1c, 6-OTf-Q",1,0.0004,"2b, Boronic Ester",1,Pd(OAc)2,0.0625,CataCXium A,0.125,CsF,2.5,MeCN,98.6075170849878,20899338.0
1567,6-triflatequinoline,"1c, 6-OTf-Q",1,0.0004,"2b, Boronic Ester",1,Pd(OAc)2,0.0625,SPhos,0.125,CsF,2.5,MeCN,68.9533763116145,3171364.0
1568,6-triflatequinoline,"1c, 6-OTf-Q",1,0.0004,"2b, Boronic Ester",1,Pd(OAc)2,0.0625,dtbpf,0.125,CsF,2.5,MeCN,49.278610174424,9345295.0
1569,6-triflatequinoline,"1c, 6-OTf-Q",1,0.0004,"2b, Boronic Ester",1,Pd(OAc)2,0.0625,XPhos,0.125,CsF,2.5,MeCN,60.1379434228891,2798405.0
1570,6-triflatequinoline,"1c, 6-OTf-Q",1,0.0004,"2b, Boronic Ester",1,Pd(OAc)2,0.0625,dppf,0.125,CsF,2.5,MeCN,71.1636829120658,18851276.0
1571,6-triflatequinoline,"1c, 6-OTf-Q",1,0.0004,"2b, Boronic Ester",1,Pd(OAc)2,0.0625,Xantphos,0.125,CsF,2.5,MeCN,7.39102754671288,395117.1875
1572,6-triflatequinoline,"1c, 6-OTf-Q",1,0.0004,"2b, Boronic Ester",1,Pd(OAc)2,0.0625,,,CsF,2.5,MeCN,25.7615027500093,9862645.0
1573,6-triflatequinoline,"1c, 6-OTf-Q",1,0.0004,"2b, Boronic Ester",1,Pd(OAc)2,0.0625,P(tBu)3,0.125,K3PO4,2.5,MeCN,42.9072489088978,1846601.625
1574,6-triflatequinoline,"1c, 6-OTf-Q",1,0.0004,"2b, Boronic Ester",1,Pd(OAc)2,0.0625,P(Ph)3 ,0.125,K3PO4,2.5,MeCN,74.445840138102,22020588.0
1575,6-triflatequinoline,"1c, 6-OTf-Q",1,0.0004,"2b, Boronic Ester",1,Pd(OAc)2,0.0625,AmPhos,0.125,K3PO4,2.5,MeCN,84.2336765235272,4195850.0
1576,6-triflatequinoline,"1c, 6-OTf-Q",1,0.0004,"2b, Boronic Ester",1,Pd(OAc)2,0.0625,P(Cy)3,0.125,K3PO4,2.5,MeCN,42.5534837680731,12309631.0
1577,6-triflatequinoline,"1c, 6-OTf-Q",1,0.0004,"2b, Boronic Ester",1,Pd(OAc)2,0.0625,P(o-Tol)3,0.125,K3PO4,2.5,MeCN,58.613227044268,2352723.5
1578,6-triflatequinoline,"1c, 6-OTf-Q",1,0.0004,"2b, Boronic Ester",1,Pd(OAc)2,0.0625,CataCXium A,0.125,K3PO4,2.5,MeCN,70.5177521911792,17088604.0
1579,6-triflatequinoline,"1c, 6-OTf-Q",1,0.0004,"2b, Boronic Ester",1,Pd(OAc)2,0.0625,SPhos,0.125,K3PO4,2.5,MeCN,61.2076244552951,3063348.5
1580,6-triflatequinoline,"1c, 6-OTf-Q",1,0.0004,"2b, Boronic Ester",1,Pd(OAc)2,0.0625,dtbpf,0.125,K3PO4,2.5,MeCN,46.6971920293133,9320348.0
1581,6-triflatequinoline,"1c, 6-OTf-Q",1,0.0004,"2b, Boronic Ester",1,Pd(OAc)2,0.0625,XPhos,0.125,K3PO4,2.5,MeCN,55.9417180226987,2515173.25
1582,6-triflatequinoline,"1c, 6-OTf-Q",1,0.0004,"2b, Boronic Ester",1,Pd(OAc)2,0.0625,dppf,0.125,K3PO4,2.5,MeCN,15.8982033601282,13155322.0
1583,6-triflatequinoline,"1c, 6-OTf-Q",1,0.0004,"2b, Boronic Ester",1,Pd(OAc)2,0.0625,Xantphos,0.125,K3PO4,2.5,MeCN,9.63301475876354,558870.8125
1584,6-triflatequinoline,"1c, 6-OTf-Q",1,0.0004,"2b, Boronic Ester",1,Pd(OAc)2,0.0625,,,K3PO4,2.5,MeCN,36.223676067953,12829759.0
1585,6-triflatequinoline,"1c, 6-OTf-Q",1,0.0004,"2b, Boronic Ester",1,Pd(OAc)2,0.0625,P(tBu)3,0.125,KOH,2.5,MeCN,65.8566581439841,2809152.25
1586,6-triflatequinoline,"1c, 6-OTf-Q",1,0.0004,"2b, Boronic Ester",1,Pd(OAc)2,0.0625,P(Ph)3 ,0.125,KOH,2.5,MeCN,91.4627139853268,26187628.0
1587,6-triflatequinoline,"1c, 6-OTf-Q",1,0.0004,"2b, Boronic Ester",1,Pd(OAc)2,0.0625,AmPhos,0.125,KOH,2.5,MeCN,90.3954300901974,3996821.5
1588,6-triflatequinoline,"1c, 6-OTf-Q",1,0.0004,"2b, Boronic Ester",1,Pd(OAc)2,0.0625,P(Cy)3,0.125,KOH,2.5,MeCN,71.7755099294642,21751562.0
1589,6-triflatequinoline,"1c, 6-OTf-Q",1,0.0004,"2b, Boronic Ester",1,Pd(OAc)2,0.0625,P(o-Tol)3,0.125,KOH,2.5,MeCN,71.6602537586644,3497573.5
1590,6-triflatequinoline,"1c, 6-OTf-Q",1,0.0004,"2b, Boronic Ester",1,Pd(OAc)2,0.0625,CataCXium A,0.125,KOH,2.5,MeCN,96.148597400099,22429550.0
1591,6-triflatequinoline,"1c, 6-OTf-Q",1,0.0004,"2b, Boronic Ester",1,Pd(OAc)2,0.0625,SPhos,0.125,KOH,2.5,MeCN,84.762071368733,4408667.0
1592,6-triflatequinoline,"1c, 6-OTf-Q",1,0.0004,"2b, Boronic Ester",1,Pd(OAc)2,0.0625,dtbpf,0.125,KOH,2.5,MeCN,49.1912790370873,10706128.0
1593,6-triflatequinoline,"1c, 6-OTf-Q",1,0.0004,"2b, Boronic Ester",1,Pd(OAc)2,0.0625,XPhos,0.125,KOH,2.5,MeCN,79.4428104441856,3989853.5
1594,6-triflatequinoline,"1c, 6-OTf-Q",1,0.0004,"2b, Boronic Ester",1,Pd(OAc)2,0.0625,dppf,0.125,KOH,2.5,MeCN,14.559379909691,12815478.0
1595,6-triflatequinoline,"1c, 6-OTf-Q",1,0.0004,"2b, Boronic Ester",1,Pd(OAc)2,0.0625,Xantphos,0.125,KOH,2.5,MeCN,17.0368422320381,877733.4375
1596,6-triflatequinoline,"1c, 6-OTf-Q",1,0.0004,"2b, Boronic Ester",1,Pd(OAc)2,0.0625,,,KOH,2.5,MeCN,25.634819059642,10549781.0
1597,6-triflatequinoline,"1c, 6-OTf-Q",1,0.0004,"2b, Boronic Ester",1,Pd(OAc)2,0.0625,P(tBu)3,0.125,LiOtBu,2.5,MeCN,72.9003288029776,3294831.5
1598,6-triflatequinoline,"1c, 6-OTf-Q",1,0.0004,"2b, Boronic Ester",1,Pd(OAc)2,0.0625,P(Ph)3 ,0.125,LiOtBu,2.5,MeCN,95.8566280976642,28639610.0
1599,6-triflatequinoline,"1c, 6-OTf-Q",1,0.0004,"2b, Boronic Ester",1,Pd(OAc)2,0.0625,AmPhos,0.125,LiOtBu,2.5,MeCN,93.8427090696509,4423783.0
1600,6-triflatequinoline,"1c, 6-OTf-Q",1,0.0004,"2b, Boronic Ester",1,Pd(OAc)2,0.0625,P(Cy)3,0.125,LiOtBu,2.5,MeCN,71.1167616095841,19474090.0
1601,6-triflatequinoline,"1c, 6-OTf-Q",1,0.0004,"2b, Boronic Ester",1,Pd(OAc)2,0.0625,P(o-Tol)3,0.125,LiOtBu,2.5,MeCN,59.4659273679963,2849336.0
1602,6-triflatequinoline,"1c, 6-OTf-Q",1,0.0004,"2b, Boronic Ester",1,Pd(OAc)2,0.0625,CataCXium A,0.125,LiOtBu,2.5,MeCN,95.7750298246301,22087286.0
1603,6-triflatequinoline,"1c, 6-OTf-Q",1,0.0004,"2b, Boronic Ester",1,Pd(OAc)2,0.0625,SPhos,0.125,LiOtBu,2.5,MeCN,86.2817314535841,4316395.5
1604,6-triflatequinoline,"1c, 6-OTf-Q",1,0.0004,"2b, Boronic Ester",1,Pd(OAc)2,0.0625,dtbpf,0.125,LiOtBu,2.5,MeCN,51.0400696784113,10940668.0
1605,6-triflatequinoline,"1c, 6-OTf-Q",1,0.0004,"2b, Boronic Ester",1,Pd(OAc)2,0.0625,XPhos,0.125,LiOtBu,2.5,MeCN,60.5377955317527,3042411.25
1606,6-triflatequinoline,"1c, 6-OTf-Q",1,0.0004,"2b, Boronic Ester",1,Pd(OAc)2,0.0625,dppf,0.125,LiOtBu,2.5,MeCN,11.12480288486,7890561.0
1607,6-triflatequinoline,"1c, 6-OTf-Q",1,0.0004,"2b, Boronic Ester",1,Pd(OAc)2,0.0625,Xantphos,0.125,LiOtBu,2.5,MeCN,23.5426960015292,1086328.25
1608,6-triflatequinoline,"1c, 6-OTf-Q",1,0.0004,"2b, Boronic Ester",1,Pd(OAc)2,0.0625,,,LiOtBu,2.5,MeCN,15.5165106552229,6966572.0
1609,6-triflatequinoline,"1c, 6-OTf-Q",1,0.0004,"2b, Boronic Ester",1,Pd(OAc)2,0.0625,P(tBu)3,0.125,Et3N,2.5,MeCN,72.092917725331,3030254.25
1610,6-triflatequinoline,"1c, 6-OTf-Q",1,0.0004,"2b, Boronic Ester",1,Pd(OAc)2,0.0625,P(Ph)3 ,0.125,Et3N,2.5,MeCN,92.4345423756653,26956018.0
1611,6-triflatequinoline,"1c, 6-OTf-Q",1,0.0004,"2b, Boronic Ester",1,Pd(OAc)2,0.0625,AmPhos,0.125,Et3N,2.5,MeCN,92.4890970281085,4611865.0
1612,6-triflatequinoline,"1c, 6-OTf-Q",1,0.0004,"2b, Boronic Ester",1,Pd(OAc)2,0.0625,P(Cy)3,0.125,Et3N,2.5,MeCN,58.640945906875,17758396.0
1613,6-triflatequinoline,"1c, 6-OTf-Q",1,0.0004,"2b, Boronic Ester",1,Pd(OAc)2,0.0625,P(o-Tol)3,0.125,Et3N,2.5,MeCN,49.7935499750216,2001913.625
1614,6-triflatequinoline,"1c, 6-OTf-Q",1,0.0004,"2b, Boronic Ester",1,Pd(OAc)2,0.0625,CataCXium A,0.125,Et3N,2.5,MeCN,95.3552855834076,16679042.0
1615,6-triflatequinoline,"1c, 6-OTf-Q",1,0.0004,"2b, Boronic Ester",1,Pd(OAc)2,0.0625,SPhos,0.125,Et3N,2.5,MeCN,70.7687000172672,3525511.0
1616,6-triflatequinoline,"1c, 6-OTf-Q",1,0.0004,"2b, Boronic Ester",1,Pd(OAc)2,0.0625,dtbpf,0.125,Et3N,2.5,MeCN,47.9238613129255,10486463.0
1617,6-triflatequinoline,"1c, 6-OTf-Q",1,0.0004,"2b, Boronic Ester",1,Pd(OAc)2,0.0625,XPhos,0.125,Et3N,2.5,MeCN,61.6098836618289,2868137.5
1618,6-triflatequinoline,"1c, 6-OTf-Q",1,0.0004,"2b, Boronic Ester",1,Pd(OAc)2,0.0625,dppf,0.125,Et3N,2.5,MeCN,12.8766493290114,8974897.0
1619,6-triflatequinoline,"1c, 6-OTf-Q",1,0.0004,"2b, Boronic Ester",1,Pd(OAc)2,0.0625,Xantphos,0.125,Et3N,2.5,MeCN,15.8640250029994,762089.0625
1620,6-triflatequinoline,"1c, 6-OTf-Q",1,0.0004,"2b, Boronic Ester",1,Pd(OAc)2,0.0625,,,Et3N,2.5,MeCN,26.7970899225477,10160014.0
1621,6-triflatequinoline,"1c, 6-OTf-Q",1,0.0004,"2b, Boronic Ester",1,Pd(OAc)2,0.0625,P(tBu)3,0.125,,2.5,MeCN,80.9928949729777,3927785.5
1622,6-triflatequinoline,"1c, 6-OTf-Q",1,0.0004,"2b, Boronic Ester",1,Pd(OAc)2,0.0625,P(Ph)3 ,0.125,,2.5,MeCN,86.6255245271108,22582318.0
1623,6-triflatequinoline,"1c, 6-OTf-Q",1,0.0004,"2b, Boronic Ester",1,Pd(OAc)2,0.0625,AmPhos,0.125,,2.5,MeCN,89.0208973919671,4224897.5
1624,6-triflatequinoline,"1c, 6-OTf-Q",1,0.0004,"2b, Boronic Ester",1,Pd(OAc)2,0.0625,P(Cy)3,0.125,,2.5,MeCN,44.8155382456777,11450795.0
1625,6-triflatequinoline,"1c, 6-OTf-Q",1,0.0004,"2b, Boronic Ester",1,Pd(OAc)2,0.0625,P(o-Tol)3,0.125,,2.5,MeCN,52.3945171380442,2425041.75
1626,6-triflatequinoline,"1c, 6-OTf-Q",1,0.0004,"2b, Boronic Ester",1,Pd(OAc)2,0.0625,CataCXium A,0.125,,2.5,MeCN,97.2495656938971,19028356.0
1627,6-triflatequinoline,"1c, 6-OTf-Q",1,0.0004,"2b, Boronic Ester",1,Pd(OAc)2,0.0625,SPhos,0.125,,2.5,MeCN,61.6773872518736,2873466.5
1628,6-triflatequinoline,"1c, 6-OTf-Q",1,0.0004,"2b, Boronic Ester",1,Pd(OAc)2,0.0625,dtbpf,0.125,,2.5,MeCN,40.607308841199,7412561.0
1629,6-triflatequinoline,"1c, 6-OTf-Q",1,0.0004,"2b, Boronic Ester",1,Pd(OAc)2,0.0625,XPhos,0.125,,2.5,MeCN,49.4815240453717,2020857.875
1630,6-triflatequinoline,"1c, 6-OTf-Q",1,0.0004,"2b, Boronic Ester",1,Pd(OAc)2,0.0625,dppf,0.125,,2.5,MeCN,15.8835584007231,12206543.0
1631,6-triflatequinoline,"1c, 6-OTf-Q",1,0.0004,"2b, Boronic Ester",1,Pd(OAc)2,0.0625,Xantphos,0.125,,2.5,MeCN,8.5217315255686,447639.34375
1632,6-triflatequinoline,"1c, 6-OTf-Q",1,0.0004,"2b, Boronic Ester",1,Pd(OAc)2,0.0625,,,,2.5,MeCN,26.4876725518377,9582168.0
1633,6-triflatequinoline,"1c, 6-OTf-Q",1,0.0004,"2b, Boronic Ester",1,Pd(OAc)2,0.0625,P(tBu)3,0.125,NaOH,2.5,THF,31.4522898893397,1506604.0
1634,6-triflatequinoline,"1c, 6-OTf-Q",1,0.0004,"2b, Boronic Ester",1,Pd(OAc)2,0.0625,P(Ph)3 ,0.125,NaOH,2.5,THF,92.889533960699,27222580.0
1635,6-triflatequinoline,"1c, 6-OTf-Q",1,0.0004,"2b, Boronic Ester",1,Pd(OAc)2,0.0625,AmPhos,0.125,NaOH,2.5,THF,23.1972852202628,1141436.125
1636,6-triflatequinoline,"1c, 6-OTf-Q",1,0.0004,"2b, Boronic Ester",1,Pd(OAc)2,0.0625,P(Cy)3,0.125,NaOH,2.5,THF,66.2454444128696,17158398.0
1637,6-triflatequinoline,"1c, 6-OTf-Q",1,0.0004,"2b, Boronic Ester",1,Pd(OAc)2,0.0625,P(o-Tol)3,0.125,NaOH,2.5,THF,32.2949518917565,1527131.875
1638,6-triflatequinoline,"1c, 6-OTf-Q",1,0.0004,"2b, Boronic Ester",1,Pd(OAc)2,0.0625,CataCXium A,0.125,NaOH,2.5,THF,26.795339642649,5446783.0
1639,6-triflatequinoline,"1c, 6-OTf-Q",1,0.0004,"2b, Boronic Ester",1,Pd(OAc)2,0.0625,SPhos,0.125,NaOH,2.5,THF,90.9449375555629,5502791.0
1640,6-triflatequinoline,"1c, 6-OTf-Q",1,0.0004,"2b, Boronic Ester",1,Pd(OAc)2,0.0625,dtbpf,0.125,NaOH,2.5,THF,65.5825588187851,13743674.0
1641,6-triflatequinoline,"1c, 6-OTf-Q",1,0.0004,"2b, Boronic Ester",1,Pd(OAc)2,0.0625,XPhos,0.125,NaOH,2.5,THF,89.9999615029945,5110206.0
1642,6-triflatequinoline,"1c, 6-OTf-Q",1,0.0004,"2b, Boronic Ester",1,Pd(OAc)2,0.0625,dppf,0.125,NaOH,2.5,THF,6.38003592399953,5196786.0
1643,6-triflatequinoline,"1c, 6-OTf-Q",1,0.0004,"2b, Boronic Ester",1,Pd(OAc)2,0.0625,Xantphos,0.125,NaOH,2.5,THF,54.1350738056367,3109429.75
1644,6-triflatequinoline,"1c, 6-OTf-Q",1,0.0004,"2b, Boronic Ester",1,Pd(OAc)2,0.0625,,,NaOH,2.5,THF,40.0786505833032,13557370.0
1645,6-triflatequinoline,"1c, 6-OTf-Q",1,0.0004,"2b, Boronic Ester",1,Pd(OAc)2,0.0625,P(tBu)3,0.125,NaHCO3,2.5,THF,35.0997785045198,1733809.625
1646,6-triflatequinoline,"1c, 6-OTf-Q",1,0.0004,"2b, Boronic Ester",1,Pd(OAc)2,0.0625,P(Ph)3 ,0.125,NaHCO3,2.5,THF,96.1622793545416,30941186.0
1647,6-triflatequinoline,"1c, 6-OTf-Q",1,0.0004,"2b, Boronic Ester",1,Pd(OAc)2,0.0625,AmPhos,0.125,NaHCO3,2.5,THF,22.1938305525881,1244267.875
1648,6-triflatequinoline,"1c, 6-OTf-Q",1,0.0004,"2b, Boronic Ester",1,Pd(OAc)2,0.0625,P(Cy)3,0.125,NaHCO3,2.5,THF,95.2866788864685,27168002.0
1649,6-triflatequinoline,"1c, 6-OTf-Q",1,0.0004,"2b, Boronic Ester",1,Pd(OAc)2,0.0625,P(o-Tol)3,0.125,NaHCO3,2.5,THF,16.7158994806734,942480.625
1650,6-triflatequinoline,"1c, 6-OTf-Q",1,0.0004,"2b, Boronic Ester",1,Pd(OAc)2,0.0625,CataCXium A,0.125,NaHCO3,2.5,THF,30.066263849003,6675445.0
1651,6-triflatequinoline,"1c, 6-OTf-Q",1,0.0004,"2b, Boronic Ester",1,Pd(OAc)2,0.0625,SPhos,0.125,NaHCO3,2.5,THF,76.3741942586495,4268873.0
1652,6-triflatequinoline,"1c, 6-OTf-Q",1,0.0004,"2b, Boronic Ester",1,Pd(OAc)2,0.0625,dtbpf,0.125,NaHCO3,2.5,THF,58.0136687307058,14812898.0
1653,6-triflatequinoline,"1c, 6-OTf-Q",1,0.0004,"2b, Boronic Ester",1,Pd(OAc)2,0.0625,XPhos,0.125,NaHCO3,2.5,THF,80.9606671312747,4863325.5
1654,6-triflatequinoline,"1c, 6-OTf-Q",1,0.0004,"2b, Boronic Ester",1,Pd(OAc)2,0.0625,dppf,0.125,NaHCO3,2.5,THF,14.138821291907,10767332.0
1655,6-triflatequinoline,"1c, 6-OTf-Q",1,0.0004,"2b, Boronic Ester",1,Pd(OAc)2,0.0625,Xantphos,0.125,NaHCO3,2.5,THF,16.7673024035108,1102538.5
1656,6-triflatequinoline,"1c, 6-OTf-Q",1,0.0004,"2b, Boronic Ester",1,Pd(OAc)2,0.0625,,,NaHCO3,2.5,THF,29.3963782371383,11510415.0
1657,6-triflatequinoline,"1c, 6-OTf-Q",1,0.0004,"2b, Boronic Ester",1,Pd(OAc)2,0.0625,P(tBu)3,0.125,CsF,2.5,THF,17.4831506250365,692199.1875
1658,6-triflatequinoline,"1c, 6-OTf-Q",1,0.0004,"2b, Boronic Ester",1,Pd(OAc)2,0.0625,P(Ph)3 ,0.125,CsF,2.5,THF,85.8228318573989,25756924.0
1659,6-triflatequinoline,"1c, 6-OTf-Q",1,0.0004,"2b, Boronic Ester",1,Pd(OAc)2,0.0625,AmPhos,0.125,CsF,2.5,THF,19.1108904724288,1047778.75
1660,6-triflatequinoline,"1c, 6-OTf-Q",1,0.0004,"2b, Boronic Ester",1,Pd(OAc)2,0.0625,P(Cy)3,0.125,CsF,2.5,THF,94.9963250182257,27956920.0
1661,6-triflatequinoline,"1c, 6-OTf-Q",1,0.0004,"2b, Boronic Ester",1,Pd(OAc)2,0.0625,P(o-Tol)3,0.125,CsF,2.5,THF,22.6507182232499,1328654.0
1662,6-triflatequinoline,"1c, 6-OTf-Q",1,0.0004,"2b, Boronic Ester",1,Pd(OAc)2,0.0625,CataCXium A,0.125,CsF,2.5,THF,37.6866323582564,8284892.5
1663,6-triflatequinoline,"1c, 6-OTf-Q",1,0.0004,"2b, Boronic Ester",1,Pd(OAc)2,0.0625,SPhos,0.125,CsF,2.5,THF,53.2291394750904,2946576.25
1664,6-triflatequinoline,"1c, 6-OTf-Q",1,0.0004,"2b, Boronic Ester",1,Pd(OAc)2,0.0625,dtbpf,0.125,CsF,2.5,THF,51.1293642445377,12319710.0
1665,6-triflatequinoline,"1c, 6-OTf-Q",1,0.0004,"2b, Boronic Ester",1,Pd(OAc)2,0.0625,XPhos,0.125,CsF,2.5,THF,70.5068421279761,4046734.0
1666,6-triflatequinoline,"1c, 6-OTf-Q",1,0.0004,"2b, Boronic Ester",1,Pd(OAc)2,0.0625,dppf,0.125,CsF,2.5,THF,69.0917820500898,15593590.0
1667,6-triflatequinoline,"1c, 6-OTf-Q",1,0.0004,"2b, Boronic Ester",1,Pd(OAc)2,0.0625,Xantphos,0.125,CsF,2.5,THF,12.0576195929311,838811.6875
1668,6-triflatequinoline,"1c, 6-OTf-Q",1,0.0004,"2b, Boronic Ester",1,Pd(OAc)2,0.0625,,,CsF,2.5,THF,21.1102760439389,7098674.0
1669,6-triflatequinoline,"1c, 6-OTf-Q",1,0.0004,"2b, Boronic Ester",1,Pd(OAc)2,0.0625,P(tBu)3,0.125,K3PO4,2.5,THF,21.4424225089512,1298469.5
1670,6-triflatequinoline,"1c, 6-OTf-Q",1,0.0004,"2b, Boronic Ester",1,Pd(OAc)2,0.0625,P(Ph)3 ,0.125,K3PO4,2.5,THF,83.612594167887,26143226.0
1671,6-triflatequinoline,"1c, 6-OTf-Q",1,0.0004,"2b, Boronic Ester",1,Pd(OAc)2,0.0625,AmPhos,0.125,K3PO4,2.5,THF,29.8566209569868,1526407.125
1672,6-triflatequinoline,"1c, 6-OTf-Q",1,0.0004,"2b, Boronic Ester",1,Pd(OAc)2,0.0625,P(Cy)3,0.125,K3PO4,2.5,THF,77.5912804233638,23789064.0
1673,6-triflatequinoline,"1c, 6-OTf-Q",1,0.0004,"2b, Boronic Ester",1,Pd(OAc)2,0.0625,P(o-Tol)3,0.125,K3PO4,2.5,THF,20.3524328828996,1175873.0
1674,6-triflatequinoline,"1c, 6-OTf-Q",1,0.0004,"2b, Boronic Ester",1,Pd(OAc)2,0.0625,CataCXium A,0.125,K3PO4,2.5,THF,31.6934060437886,7241506.5
1675,6-triflatequinoline,"1c, 6-OTf-Q",1,0.0004,"2b, Boronic Ester",1,Pd(OAc)2,0.0625,SPhos,0.125,K3PO4,2.5,THF,55.0741782679718,2985342.0
1676,6-triflatequinoline,"1c, 6-OTf-Q",1,0.0004,"2b, Boronic Ester",1,Pd(OAc)2,0.0625,dtbpf,0.125,K3PO4,2.5,THF,54.9521596332503,11921065.0
1677,6-triflatequinoline,"1c, 6-OTf-Q",1,0.0004,"2b, Boronic Ester",1,Pd(OAc)2,0.0625,XPhos,0.125,K3PO4,2.5,THF,65.7963337255518,3551089.0
1678,6-triflatequinoline,"1c, 6-OTf-Q",1,0.0004,"2b, Boronic Ester",1,Pd(OAc)2,0.0625,dppf,0.125,K3PO4,2.5,THF,12.5364994109969,8143929.5
1679,6-triflatequinoline,"1c, 6-OTf-Q",1,0.0004,"2b, Boronic Ester",1,Pd(OAc)2,0.0625,Xantphos,0.125,K3PO4,2.5,THF,10.9748204883925,891493.25
1680,6-triflatequinoline,"1c, 6-OTf-Q",1,0.0004,"2b, Boronic Ester",1,Pd(OAc)2,0.0625,,,K3PO4,2.5,THF,29.2598147809964,10294901.0
1681,6-triflatequinoline,"1c, 6-OTf-Q",1,0.0004,"2b, Boronic Ester",1,Pd(OAc)2,0.0625,P(tBu)3,0.125,KOH,2.5,THF,37.3100853235787,1650805.875
1682,6-triflatequinoline,"1c, 6-OTf-Q",1,0.0004,"2b, Boronic Ester",1,Pd(OAc)2,0.0625,P(Ph)3 ,0.125,KOH,2.5,THF,90.7496609075897,25953378.0
1683,6-triflatequinoline,"1c, 6-OTf-Q",1,0.0004,"2b, Boronic Ester",1,Pd(OAc)2,0.0625,AmPhos,0.125,KOH,2.5,THF,23.7712415718316,1144794.625
1684,6-triflatequinoline,"1c, 6-OTf-Q",1,0.0004,"2b, Boronic Ester",1,Pd(OAc)2,0.0625,P(Cy)3,0.125,KOH,2.5,THF,75.0155939023614,22811378.0
1685,6-triflatequinoline,"1c, 6-OTf-Q",1,0.0004,"2b, Boronic Ester",1,Pd(OAc)2,0.0625,P(o-Tol)3,0.125,KOH,2.5,THF,33.9210947845839,1961079.875
1686,6-triflatequinoline,"1c, 6-OTf-Q",1,0.0004,"2b, Boronic Ester",1,Pd(OAc)2,0.0625,CataCXium A,0.125,KOH,2.5,THF,23.2214655862868,4056976.0
1687,6-triflatequinoline,"1c, 6-OTf-Q",1,0.0004,"2b, Boronic Ester",1,Pd(OAc)2,0.0625,SPhos,0.125,KOH,2.5,THF,82.3075352644986,4309489.0
1688,6-triflatequinoline,"1c, 6-OTf-Q",1,0.0004,"2b, Boronic Ester",1,Pd(OAc)2,0.0625,dtbpf,0.125,KOH,2.5,THF,64.353004166667,15293629.0
1689,6-triflatequinoline,"1c, 6-OTf-Q",1,0.0004,"2b, Boronic Ester",1,Pd(OAc)2,0.0625,XPhos,0.125,KOH,2.5,THF,84.3449496355327,4910547.5
1690,6-triflatequinoline,"1c, 6-OTf-Q",1,0.0004,"2b, Boronic Ester",1,Pd(OAc)2,0.0625,dppf,0.125,KOH,2.5,THF,9.25174730363101,4803537.0
1691,6-triflatequinoline,"1c, 6-OTf-Q",1,0.0004,"2b, Boronic Ester",1,Pd(OAc)2,0.0625,Xantphos,0.125,KOH,2.5,THF,43.2963546934232,2621809.75
1692,6-triflatequinoline,"1c, 6-OTf-Q",1,0.0004,"2b, Boronic Ester",1,Pd(OAc)2,0.0625,,,KOH,2.5,THF,46.9105641321907,16430633.0
1693,6-triflatequinoline,"1c, 6-OTf-Q",1,0.0004,"2b, Boronic Ester",1,Pd(OAc)2,0.0625,P(tBu)3,0.125,LiOtBu,2.5,THF,38.8824045021113,2019605.875
1694,6-triflatequinoline,"1c, 6-OTf-Q",1,0.0004,"2b, Boronic Ester",1,Pd(OAc)2,0.0625,P(Ph)3 ,0.125,LiOtBu,2.5,THF,94.449621217418,29667678.0
1695,6-triflatequinoline,"1c, 6-OTf-Q",1,0.0004,"2b, Boronic Ester",1,Pd(OAc)2,0.0625,AmPhos,0.125,LiOtBu,2.5,THF,20.5132302231248,1092574.375
1696,6-triflatequinoline,"1c, 6-OTf-Q",1,0.0004,"2b, Boronic Ester",1,Pd(OAc)2,0.0625,P(Cy)3,0.125,LiOtBu,2.5,THF,79.1043411958871,23962614.0
1697,6-triflatequinoline,"1c, 6-OTf-Q",1,0.0004,"2b, Boronic Ester",1,Pd(OAc)2,0.0625,P(o-Tol)3,0.125,LiOtBu,2.5,THF,30.2905859938007,1427431.5
1698,6-triflatequinoline,"1c, 6-OTf-Q",1,0.0004,"2b, Boronic Ester",1,Pd(OAc)2,0.0625,CataCXium A,0.125,LiOtBu,2.5,THF,18.5495815258272,3240164.0
1699,6-triflatequinoline,"1c, 6-OTf-Q",1,0.0004,"2b, Boronic Ester",1,Pd(OAc)2,0.0625,SPhos,0.125,LiOtBu,2.5,THF,94.2656985182625,5393727.0
1700,6-triflatequinoline,"1c, 6-OTf-Q",1,0.0004,"2b, Boronic Ester",1,Pd(OAc)2,0.0625,dtbpf,0.125,LiOtBu,2.5,THF,57.3866884073415,14823349.0
1701,6-triflatequinoline,"1c, 6-OTf-Q",1,0.0004,"2b, Boronic Ester",1,Pd(OAc)2,0.0625,XPhos,0.125,LiOtBu,2.5,THF,93.606893609443,5451300.5
1702,6-triflatequinoline,"1c, 6-OTf-Q",1,0.0004,"2b, Boronic Ester",1,Pd(OAc)2,0.0625,dppf,0.125,LiOtBu,2.5,THF,33.5312057497017,6941392.0
1703,6-triflatequinoline,"1c, 6-OTf-Q",1,0.0004,"2b, Boronic Ester",1,Pd(OAc)2,0.0625,Xantphos,0.125,LiOtBu,2.5,THF,48.9053938479338,2938223.25
1704,6-triflatequinoline,"1c, 6-OTf-Q",1,0.0004,"2b, Boronic Ester",1,Pd(OAc)2,0.0625,,,LiOtBu,2.5,THF,46.5915446149973,16135383.0
1705,6-triflatequinoline,"1c, 6-OTf-Q",1,0.0004,"2b, Boronic Ester",1,Pd(OAc)2,0.0625,P(tBu)3,0.125,Et3N,2.5,THF,37.7963795153632,2049699.75
1706,6-triflatequinoline,"1c, 6-OTf-Q",1,0.0004,"2b, Boronic Ester",1,Pd(OAc)2,0.0625,P(Ph)3 ,0.125,Et3N,2.5,THF,96.0192350813869,30387574.0
1707,6-triflatequinoline,"1c, 6-OTf-Q",1,0.0004,"2b, Boronic Ester",1,Pd(OAc)2,0.0625,AmPhos,0.125,Et3N,2.5,THF,15.0531754577844,763297.8125
1708,6-triflatequinoline,"1c, 6-OTf-Q",1,0.0004,"2b, Boronic Ester",1,Pd(OAc)2,0.0625,P(Cy)3,0.125,Et3N,2.5,THF,73.2668876390455,21757338.0
1709,6-triflatequinoline,"1c, 6-OTf-Q",1,0.0004,"2b, Boronic Ester",1,Pd(OAc)2,0.0625,P(o-Tol)3,0.125,Et3N,2.5,THF,35.3231416019895,2209178.0
1710,6-triflatequinoline,"1c, 6-OTf-Q",1,0.0004,"2b, Boronic Ester",1,Pd(OAc)2,0.0625,CataCXium A,0.125,Et3N,2.5,THF,28.8593243155484,6571882.0
1711,6-triflatequinoline,"1c, 6-OTf-Q",1,0.0004,"2b, Boronic Ester",1,Pd(OAc)2,0.0625,SPhos,0.125,Et3N,2.5,THF,95.0609493152231,5462145.0
1712,6-triflatequinoline,"1c, 6-OTf-Q",1,0.0004,"2b, Boronic Ester",1,Pd(OAc)2,0.0625,dtbpf,0.125,Et3N,2.5,THF,57.2514742086903,15298195.0
1713,6-triflatequinoline,"1c, 6-OTf-Q",1,0.0004,"2b, Boronic Ester",1,Pd(OAc)2,0.0625,XPhos,0.125,Et3N,2.5,THF,91.6976801673678,5855840.5
1714,6-triflatequinoline,"1c, 6-OTf-Q",1,0.0004,"2b, Boronic Ester",1,Pd(OAc)2,0.0625,dppf,0.125,Et3N,2.5,THF,8.73547513596425,5305631.5
1715,6-triflatequinoline,"1c, 6-OTf-Q",1,0.0004,"2b, Boronic Ester",1,Pd(OAc)2,0.0625,Xantphos,0.125,Et3N,2.5,THF,44.4177808130703,2768792.75
1716,6-triflatequinoline,"1c, 6-OTf-Q",1,0.0004,"2b, Boronic Ester",1,Pd(OAc)2,0.0625,,,Et3N,2.5,THF,43.2714310577919,15679422.0
1717,6-triflatequinoline,"1c, 6-OTf-Q",1,0.0004,"2b, Boronic Ester",1,Pd(OAc)2,0.0625,P(tBu)3,0.125,,2.5,THF,39.9117372671661,2225559.75
1718,6-triflatequinoline,"1c, 6-OTf-Q",1,0.0004,"2b, Boronic Ester",1,Pd(OAc)2,0.0625,P(Ph)3 ,0.125,,2.5,THF,96.1461333003187,29006816.0
1719,6-triflatequinoline,"1c, 6-OTf-Q",1,0.0004,"2b, Boronic Ester",1,Pd(OAc)2,0.0625,AmPhos,0.125,,2.5,THF,25.9658318424576,1618921.75
1720,6-triflatequinoline,"1c, 6-OTf-Q",1,0.0004,"2b, Boronic Ester",1,Pd(OAc)2,0.0625,P(Cy)3,0.125,,2.5,THF,94.3048446792551,28578316.0
1721,6-triflatequinoline,"1c, 6-OTf-Q",1,0.0004,"2b, Boronic Ester",1,Pd(OAc)2,0.0625,P(o-Tol)3,0.125,,2.5,THF,25.4790723003758,1353014.625
1722,6-triflatequinoline,"1c, 6-OTf-Q",1,0.0004,"2b, Boronic Ester",1,Pd(OAc)2,0.0625,CataCXium A,0.125,,2.5,THF,26.3131455002272,5646889.0
1723,6-triflatequinoline,"1c, 6-OTf-Q",1,0.0004,"2b, Boronic Ester",1,Pd(OAc)2,0.0625,SPhos,0.125,,2.5,THF,82.2413526625027,4713323.5
1724,6-triflatequinoline,"1c, 6-OTf-Q",1,0.0004,"2b, Boronic Ester",1,Pd(OAc)2,0.0625,dtbpf,0.125,,2.5,THF,60.2014070631786,14276764.0
1725,6-triflatequinoline,"1c, 6-OTf-Q",1,0.0004,"2b, Boronic Ester",1,Pd(OAc)2,0.0625,XPhos,0.125,,2.5,THF,81.880979089443,5038834.5
1726,6-triflatequinoline,"1c, 6-OTf-Q",1,0.0004,"2b, Boronic Ester",1,Pd(OAc)2,0.0625,dppf,0.125,,2.5,THF,16.6049628933958,12705058.0
1727,6-triflatequinoline,"1c, 6-OTf-Q",1,0.0004,"2b, Boronic Ester",1,Pd(OAc)2,0.0625,Xantphos,0.125,,2.5,THF,21.4581819379207,1529838.625
1728,6-triflatequinoline,"1c, 6-OTf-Q",1,0.0004,"2b, Boronic Ester",1,Pd(OAc)2,0.0625,,,,2.5,THF,34.1556744446873,11818527.0
1729,6-triflatequinoline,"1c, 6-OTf-Q",1,0.0004,"2b, Boronic Ester",1,Pd(OAc)2,0.0625,P(tBu)3,0.125,NaOH,2.5,DMF,52.8703389987893,2702419.0
1730,6-triflatequinoline,"1c, 6-OTf-Q",1,0.0004,"2b, Boronic Ester",1,Pd(OAc)2,0.0625,P(Ph)3 ,0.125,NaOH,2.5,DMF,71.4136881312888,15721479.0
1731,6-triflatequinoline,"1c, 6-OTf-Q",1,0.0004,"2b, Boronic Ester",1,Pd(OAc)2,0.0625,AmPhos,0.125,NaOH,2.5,DMF,43.5355809991752,1982755.0
1732,6-triflatequinoline,"1c, 6-OTf-Q",1,0.0004,"2b, Boronic Ester",1,Pd(OAc)2,0.0625,P(Cy)3,0.125,NaOH,2.5,DMF,54.6781378903793,13617631.0
1733,6-triflatequinoline,"1c, 6-OTf-Q",1,0.0004,"2b, Boronic Ester",1,Pd(OAc)2,0.0625,P(o-Tol)3,0.125,NaOH,2.5,DMF,29.2018796736577,282315.375
1734,6-triflatequinoline,"1c, 6-OTf-Q",1,0.0004,"2b, Boronic Ester",1,Pd(OAc)2,0.0625,CataCXium A,0.125,NaOH,2.5,DMF,23.2854035152769,588691.875
1735,6-triflatequinoline,"1c, 6-OTf-Q",1,0.0004,"2b, Boronic Ester",1,Pd(OAc)2,0.0625,SPhos,0.125,NaOH,2.5,DMF,70.6321103481065,262298.6875
1736,6-triflatequinoline,"1c, 6-OTf-Q",1,0.0004,"2b, Boronic Ester",1,Pd(OAc)2,0.0625,dtbpf,0.125,NaOH,2.5,DMF,40.8648169742733,1389124.375
1737,6-triflatequinoline,"1c, 6-OTf-Q",1,0.0004,"2b, Boronic Ester",1,Pd(OAc)2,0.0625,XPhos,0.125,NaOH,2.5,DMF,68.9225985088905,1903996.125
1738,6-triflatequinoline,"1c, 6-OTf-Q",1,0.0004,"2b, Boronic Ester",1,Pd(OAc)2,0.0625,dppf,0.125,NaOH,2.5,DMF,4.68375633431901,1931275.5
1739,6-triflatequinoline,"1c, 6-OTf-Q",1,0.0004,"2b, Boronic Ester",1,Pd(OAc)2,0.0625,Xantphos,0.125,NaOH,2.5,DMF,24.9744723580533,1040304.25
1740,6-triflatequinoline,"1c, 6-OTf-Q",1,0.0004,"2b, Boronic Ester",1,Pd(OAc)2,0.0625,,,NaOH,2.5,DMF,28.4812368020202,7605996.0
1741,6-triflatequinoline,"1c, 6-OTf-Q",1,0.0004,"2b, Boronic Ester",1,Pd(OAc)2,0.0625,P(tBu)3,0.125,NaHCO3,2.5,DMF,22.7979134555778,853099.5
1742,6-triflatequinoline,"1c, 6-OTf-Q",1,0.0004,"2b, Boronic Ester",1,Pd(OAc)2,0.0625,P(Ph)3 ,0.125,NaHCO3,2.5,DMF,90.9901316585558,20607580.0
1743,6-triflatequinoline,"1c, 6-OTf-Q",1,0.0004,"2b, Boronic Ester",1,Pd(OAc)2,0.0625,AmPhos,0.125,NaHCO3,2.5,DMF,46.1716126737958,2003370.75
1744,6-triflatequinoline,"1c, 6-OTf-Q",1,0.0004,"2b, Boronic Ester",1,Pd(OAc)2,0.0625,P(Cy)3,0.125,NaHCO3,2.5,DMF,60.2510112423356,13636926.0
1745,6-triflatequinoline,"1c, 6-OTf-Q",1,0.0004,"2b, Boronic Ester",1,Pd(OAc)2,0.0625,P(o-Tol)3,0.125,NaHCO3,2.5,DMF,31.4535470200849,1368584.875
1746,6-triflatequinoline,"1c, 6-OTf-Q",1,0.0004,"2b, Boronic Ester",1,Pd(OAc)2,0.0625,CataCXium A,0.125,NaHCO3,2.5,DMF,68.3124557073936,11905629.0
1747,6-triflatequinoline,"1c, 6-OTf-Q",1,0.0004,"2b, Boronic Ester",1,Pd(OAc)2,0.0625,SPhos,0.125,NaHCO3,2.5,DMF,66.3450315049921,3312754.5
1748,6-triflatequinoline,"1c, 6-OTf-Q",1,0.0004,"2b, Boronic Ester",1,Pd(OAc)2,0.0625,dtbpf,0.125,NaHCO3,2.5,DMF,38.5070027645484,5745594.0
1749,6-triflatequinoline,"1c, 6-OTf-Q",1,0.0004,"2b, Boronic Ester",1,Pd(OAc)2,0.0625,XPhos,0.125,NaHCO3,2.5,DMF,52.6271709938845,2289164.75
1750,6-triflatequinoline,"1c, 6-OTf-Q",1,0.0004,"2b, Boronic Ester",1,Pd(OAc)2,0.0625,dppf,0.125,NaHCO3,2.5,DMF,13.1162954921524,10200992.0
1751,6-triflatequinoline,"1c, 6-OTf-Q",1,0.0004,"2b, Boronic Ester",1,Pd(OAc)2,0.0625,Xantphos,0.125,NaHCO3,2.5,DMF,16.143581323278,705186.8125
1752,6-triflatequinoline,"1c, 6-OTf-Q",1,0.0004,"2b, Boronic Ester",1,Pd(OAc)2,0.0625,,,NaHCO3,2.5,DMF,27.0390557065737,7289690.5
1753,6-triflatequinoline,"1c, 6-OTf-Q",1,0.0004,"2b, Boronic Ester",1,Pd(OAc)2,0.0625,P(tBu)3,0.125,CsF,2.5,DMF,10.3282009692704,613953.3125
1754,6-triflatequinoline,"1c, 6-OTf-Q",1,0.0004,"2b, Boronic Ester",1,Pd(OAc)2,0.0625,P(Ph)3 ,0.125,CsF,2.5,DMF,92.0432386364945,24403434.0
1755,6-triflatequinoline,"1c, 6-OTf-Q",1,0.0004,"2b, Boronic Ester",1,Pd(OAc)2,0.0625,AmPhos,0.125,CsF,2.5,DMF,66.5562436230106,2870140.0
1756,6-triflatequinoline,"1c, 6-OTf-Q",1,0.0004,"2b, Boronic Ester",1,Pd(OAc)2,0.0625,P(Cy)3,0.125,CsF,2.5,DMF,93.1015628202002,21775724.0
1757,6-triflatequinoline,"1c, 6-OTf-Q",1,0.0004,"2b, Boronic Ester",1,Pd(OAc)2,0.0625,P(o-Tol)3,0.125,CsF,2.5,DMF,58.7930091183782,2625419.5
1758,6-triflatequinoline,"1c, 6-OTf-Q",1,0.0004,"2b, Boronic Ester",1,Pd(OAc)2,0.0625,CataCXium A,0.125,CsF,2.5,DMF,91.2628421258705,14936959.0
1759,6-triflatequinoline,"1c, 6-OTf-Q",1,0.0004,"2b, Boronic Ester",1,Pd(OAc)2,0.0625,SPhos,0.125,CsF,2.5,DMF,72.8203662105258,3722521.25
1760,6-triflatequinoline,"1c, 6-OTf-Q",1,0.0004,"2b, Boronic Ester",1,Pd(OAc)2,0.0625,dtbpf,0.125,CsF,2.5,DMF,54.5215659776639,9297395.0
1761,6-triflatequinoline,"1c, 6-OTf-Q",1,0.0004,"2b, Boronic Ester",1,Pd(OAc)2,0.0625,XPhos,0.125,CsF,2.5,DMF,67.0233470050889,3337054.25
1762,6-triflatequinoline,"1c, 6-OTf-Q",1,0.0004,"2b, Boronic Ester",1,Pd(OAc)2,0.0625,dppf,0.125,CsF,2.5,DMF,77.0066732224419,13714203.0
1763,6-triflatequinoline,"1c, 6-OTf-Q",1,0.0004,"2b, Boronic Ester",1,Pd(OAc)2,0.0625,Xantphos,0.125,CsF,2.5,DMF,13.0325873676274,781051.5
1764,6-triflatequinoline,"1c, 6-OTf-Q",1,0.0004,"2b, Boronic Ester",1,Pd(OAc)2,0.0625,,,CsF,2.5,DMF,47.8041454582162,12117412.0
1765,6-triflatequinoline,"1c, 6-OTf-Q",1,0.0004,"2b, Boronic Ester",1,Pd(OAc)2,0.0625,P(tBu)3,0.125,K3PO4,2.5,DMF,23.7920971354994,1349421.5
1766,6-triflatequinoline,"1c, 6-OTf-Q",1,0.0004,"2b, Boronic Ester",1,Pd(OAc)2,0.0625,P(Ph)3 ,0.125,K3PO4,2.5,DMF,83.3602527071705,19988322.0
1767,6-triflatequinoline,"1c, 6-OTf-Q",1,0.0004,"2b, Boronic Ester",1,Pd(OAc)2,0.0625,AmPhos,0.125,K3PO4,2.5,DMF,66.0885062196838,2789957.75
1768,6-triflatequinoline,"1c, 6-OTf-Q",1,0.0004,"2b, Boronic Ester",1,Pd(OAc)2,0.0625,P(Cy)3,0.125,K3PO4,2.5,DMF,52.8829767612839,13969074.0
1769,6-triflatequinoline,"1c, 6-OTf-Q",1,0.0004,"2b, Boronic Ester",1,Pd(OAc)2,0.0625,P(o-Tol)3,0.125,K3PO4,2.5,DMF,43.9629277789052,1780413.25
1770,6-triflatequinoline,"1c, 6-OTf-Q",1,0.0004,"2b, Boronic Ester",1,Pd(OAc)2,0.0625,CataCXium A,0.125,K3PO4,2.5,DMF,65.0952304380114,11555577.0
1771,6-triflatequinoline,"1c, 6-OTf-Q",1,0.0004,"2b, Boronic Ester",1,Pd(OAc)2,0.0625,SPhos,0.125,K3PO4,2.5,DMF,47.5954418256477,2152158.75
1772,6-triflatequinoline,"1c, 6-OTf-Q",1,0.0004,"2b, Boronic Ester",1,Pd(OAc)2,0.0625,dtbpf,0.125,K3PO4,2.5,DMF,50.7454913248354,8923952.0
1773,6-triflatequinoline,"1c, 6-OTf-Q",1,0.0004,"2b, Boronic Ester",1,Pd(OAc)2,0.0625,XPhos,0.125,K3PO4,2.5,DMF,48.0170639000037,2195151.75
1774,6-triflatequinoline,"1c, 6-OTf-Q",1,0.0004,"2b, Boronic Ester",1,Pd(OAc)2,0.0625,dppf,0.125,K3PO4,2.5,DMF,9.48658416159843,6364711.5
1775,6-triflatequinoline,"1c, 6-OTf-Q",1,0.0004,"2b, Boronic Ester",1,Pd(OAc)2,0.0625,Xantphos,0.125,K3PO4,2.5,DMF,12.693076452366,576091.375
1776,6-triflatequinoline,"1c, 6-OTf-Q",1,0.0004,"2b, Boronic Ester",1,Pd(OAc)2,0.0625,,,K3PO4,2.5,DMF,30.263147357056,8544421.0
1777,6-triflatequinoline,"1c, 6-OTf-Q",1,0.0004,"2b, Boronic Ester",1,Pd(OAc)2,0.0625,P(tBu)3,0.125,KOH,2.5,DMF,39.7933943065932,2017957.75
1778,6-triflatequinoline,"1c, 6-OTf-Q",1,0.0004,"2b, Boronic Ester",1,Pd(OAc)2,0.0625,P(Ph)3 ,0.125,KOH,2.5,DMF,83.8747797373195,19709348.0
1779,6-triflatequinoline,"1c, 6-OTf-Q",1,0.0004,"2b, Boronic Ester",1,Pd(OAc)2,0.0625,AmPhos,0.125,KOH,2.5,DMF,61.519189246293,2766510.5
1780,6-triflatequinoline,"1c, 6-OTf-Q",1,0.0004,"2b, Boronic Ester",1,Pd(OAc)2,0.0625,P(Cy)3,0.125,KOH,2.5,DMF,89.0100607487542,17732774.0
1781,6-triflatequinoline,"1c, 6-OTf-Q",1,0.0004,"2b, Boronic Ester",1,Pd(OAc)2,0.0625,P(o-Tol)3,0.125,KOH,2.5,DMF,54.7785853863385,2644487.25
1782,6-triflatequinoline,"1c, 6-OTf-Q",1,0.0004,"2b, Boronic Ester",1,Pd(OAc)2,0.0625,CataCXium A,0.125,KOH,2.5,DMF,52.040426733477,9108387.0
1783,6-triflatequinoline,"1c, 6-OTf-Q",1,0.0004,"2b, Boronic Ester",1,Pd(OAc)2,0.0625,SPhos,0.125,KOH,2.5,DMF,74.7962474629178,3617832.5
1784,6-triflatequinoline,"1c, 6-OTf-Q",1,0.0004,"2b, Boronic Ester",1,Pd(OAc)2,0.0625,dtbpf,0.125,KOH,2.5,DMF,55.2907699935107,9904037.0
1785,6-triflatequinoline,"1c, 6-OTf-Q",1,0.0004,"2b, Boronic Ester",1,Pd(OAc)2,0.0625,XPhos,0.125,KOH,2.5,DMF,71.3611552730965,3373636.25
1786,6-triflatequinoline,"1c, 6-OTf-Q",1,0.0004,"2b, Boronic Ester",1,Pd(OAc)2,0.0625,dppf,0.125,KOH,2.5,DMF,10.7223850912646,5580039.0
1787,6-triflatequinoline,"1c, 6-OTf-Q",1,0.0004,"2b, Boronic Ester",1,Pd(OAc)2,0.0625,Xantphos,0.125,KOH,2.5,DMF,44.0037219412688,2187037.25
1788,6-triflatequinoline,"1c, 6-OTf-Q",1,0.0004,"2b, Boronic Ester",1,Pd(OAc)2,0.0625,,,KOH,2.5,DMF,45.3211553724902,12756488.0
1789,6-triflatequinoline,"1c, 6-OTf-Q",1,0.0004,"2b, Boronic Ester",1,Pd(OAc)2,0.0625,P(tBu)3,0.125,LiOtBu,2.5,DMF,61.8831367290825,3181618.0
1790,6-triflatequinoline,"1c, 6-OTf-Q",1,0.0004,"2b, Boronic Ester",1,Pd(OAc)2,0.0625,P(Ph)3 ,0.125,LiOtBu,2.5,DMF,89.0406974714526,21517188.0
1791,6-triflatequinoline,"1c, 6-OTf-Q",1,0.0004,"2b, Boronic Ester",1,Pd(OAc)2,0.0625,AmPhos,0.125,LiOtBu,2.5,DMF,67.2404425194176,2866138.25
1792,6-triflatequinoline,"1c, 6-OTf-Q",1,0.0004,"2b, Boronic Ester",1,Pd(OAc)2,0.0625,P(Cy)3,0.125,LiOtBu,2.5,DMF,71.2086646934789,16567390.0
1793,6-triflatequinoline,"1c, 6-OTf-Q",1,0.0004,"2b, Boronic Ester",1,Pd(OAc)2,0.0625,P(o-Tol)3,0.125,LiOtBu,2.5,DMF,57.620045613151,2808868.5
1794,6-triflatequinoline,"1c, 6-OTf-Q",1,0.0004,"2b, Boronic Ester",1,Pd(OAc)2,0.0625,CataCXium A,0.125,LiOtBu,2.5,DMF,53.6672126470195,9151215.0
1795,6-triflatequinoline,"1c, 6-OTf-Q",1,0.0004,"2b, Boronic Ester",1,Pd(OAc)2,0.0625,SPhos,0.125,LiOtBu,2.5,DMF,77.0618356353546,3746374.0
1796,6-triflatequinoline,"1c, 6-OTf-Q",1,0.0004,"2b, Boronic Ester",1,Pd(OAc)2,0.0625,dtbpf,0.125,LiOtBu,2.5,DMF,57.4510604032353,10556956.0
1797,6-triflatequinoline,"1c, 6-OTf-Q",1,0.0004,"2b, Boronic Ester",1,Pd(OAc)2,0.0625,XPhos,0.125,LiOtBu,2.5,DMF,74.9969421432298,3571000.75
1798,6-triflatequinoline,"1c, 6-OTf-Q",1,0.0004,"2b, Boronic Ester",1,Pd(OAc)2,0.0625,dppf,0.125,LiOtBu,2.5,DMF,4.94387827210926,4907027.5
1799,6-triflatequinoline,"1c, 6-OTf-Q",1,0.0004,"2b, Boronic Ester",1,Pd(OAc)2,0.0625,Xantphos,0.125,LiOtBu,2.5,DMF,45.2639557385591,2165880.0
1800,6-triflatequinoline,"1c, 6-OTf-Q",1,0.0004,"2b, Boronic Ester",1,Pd(OAc)2,0.0625,,,LiOtBu,2.5,DMF,30.4370219792946,8374831.5
1801,6-triflatequinoline,"1c, 6-OTf-Q",1,0.0004,"2b, Boronic Ester",1,Pd(OAc)2,0.0625,P(tBu)3,0.125,Et3N,2.5,DMF,65.3162936511765,2988103.75
1802,6-triflatequinoline,"1c, 6-OTf-Q",1,0.0004,"2b, Boronic Ester",1,Pd(OAc)2,0.0625,P(Ph)3 ,0.125,Et3N,2.5,DMF,85.9027242254183,19881188.0
1803,6-triflatequinoline,"1c, 6-OTf-Q",1,0.0004,"2b, Boronic Ester",1,Pd(OAc)2,0.0625,AmPhos,0.125,Et3N,2.5,DMF,57.7839535147763,2435287.0
1804,6-triflatequinoline,"1c, 6-OTf-Q",1,0.0004,"2b, Boronic Ester",1,Pd(OAc)2,0.0625,P(Cy)3,0.125,Et3N,2.5,DMF,70.5507249393609,16060738.0
1805,6-triflatequinoline,"1c, 6-OTf-Q",1,0.0004,"2b, Boronic Ester",1,Pd(OAc)2,0.0625,P(o-Tol)3,0.125,Et3N,2.5,DMF,45.4056560270184,2013465.625
1806,6-triflatequinoline,"1c, 6-OTf-Q",1,0.0004,"2b, Boronic Ester",1,Pd(OAc)2,0.0625,CataCXium A,0.125,Et3N,2.5,DMF,53.7769027688631,8435787.0
1807,6-triflatequinoline,"1c, 6-OTf-Q",1,0.0004,"2b, Boronic Ester",1,Pd(OAc)2,0.0625,SPhos,0.125,Et3N,2.5,DMF,75.3261979260384,3613073.5
1808,6-triflatequinoline,"1c, 6-OTf-Q",1,0.0004,"2b, Boronic Ester",1,Pd(OAc)2,0.0625,dtbpf,0.125,Et3N,2.5,DMF,60.3323951344361,10685369.0
1809,6-triflatequinoline,"1c, 6-OTf-Q",1,0.0004,"2b, Boronic Ester",1,Pd(OAc)2,0.0625,XPhos,0.125,Et3N,2.5,DMF,65.5683038126891,2857832.0
1810,6-triflatequinoline,"1c, 6-OTf-Q",1,0.0004,"2b, Boronic Ester",1,Pd(OAc)2,0.0625,dppf,0.125,Et3N,2.5,DMF,7.6556131659557,4275661.0
1811,6-triflatequinoline,"1c, 6-OTf-Q",1,0.0004,"2b, Boronic Ester",1,Pd(OAc)2,0.0625,Xantphos,0.125,Et3N,2.5,DMF,42.8386958233556,2005711.5
1812,6-triflatequinoline,"1c, 6-OTf-Q",1,0.0004,"2b, Boronic Ester",1,Pd(OAc)2,0.0625,,,Et3N,2.5,DMF,38.7902792904652,10247765.0
1813,6-triflatequinoline,"1c, 6-OTf-Q",1,0.0004,"2b, Boronic Ester",1,Pd(OAc)2,0.0625,P(tBu)3,0.125,,2.5,DMF,60.0520602257696,2777062.5
1814,6-triflatequinoline,"1c, 6-OTf-Q",1,0.0004,"2b, Boronic Ester",1,Pd(OAc)2,0.0625,P(Ph)3 ,0.125,,2.5,DMF,79.6559222678897,18119036.0
1815,6-triflatequinoline,"1c, 6-OTf-Q",1,0.0004,"2b, Boronic Ester",1,Pd(OAc)2,0.0625,AmPhos,0.125,,2.5,DMF,45.6558266724162,1955596.125
1816,6-triflatequinoline,"1c, 6-OTf-Q",1,0.0004,"2b, Boronic Ester",1,Pd(OAc)2,0.0625,P(Cy)3,0.125,,2.5,DMF,68.0274531014674,15706137.0
1817,6-triflatequinoline,"1c, 6-OTf-Q",1,0.0004,"2b, Boronic Ester",1,Pd(OAc)2,0.0625,P(o-Tol)3,0.125,,2.5,DMF,52.1344929593985,2426257.0
1818,6-triflatequinoline,"1c, 6-OTf-Q",1,0.0004,"2b, Boronic Ester",1,Pd(OAc)2,0.0625,CataCXium A,0.125,,2.5,DMF,49.8188603527536,8691747.0
1819,6-triflatequinoline,"1c, 6-OTf-Q",1,0.0004,"2b, Boronic Ester",1,Pd(OAc)2,0.0625,SPhos,0.125,,2.5,DMF,71.1206097853512,3444218.5
1820,6-triflatequinoline,"1c, 6-OTf-Q",1,0.0004,"2b, Boronic Ester",1,Pd(OAc)2,0.0625,dtbpf,0.125,,2.5,DMF,48.2065927164787,8334061.5
1821,6-triflatequinoline,"1c, 6-OTf-Q",1,0.0004,"2b, Boronic Ester",1,Pd(OAc)2,0.0625,XPhos,0.125,,2.5,DMF,74.0788205454093,3663967.75
1822,6-triflatequinoline,"1c, 6-OTf-Q",1,0.0004,"2b, Boronic Ester",1,Pd(OAc)2,0.0625,dppf,0.125,,2.5,DMF,10.3934816187321,6315785.5
1823,6-triflatequinoline,"1c, 6-OTf-Q",1,0.0004,"2b, Boronic Ester",1,Pd(OAc)2,0.0625,Xantphos,0.125,,2.5,DMF,41.872192422396,2100080.0
1824,6-triflatequinoline,"1c, 6-OTf-Q",1,0.0004,"2b, Boronic Ester",1,Pd(OAc)2,0.0625,,,,2.5,DMF,27.7555246917895,7717838.5
1825,6-triflatequinoline,"1c, 6-OTf-Q",1,0.0004,"2b, Boronic Ester",1,Pd(OAc)2,0.0625,P(tBu)3,0.125,NaOH,2.5,MeOH,28.737720360611,1331901.375
1826,6-triflatequinoline,"1c, 6-OTf-Q",1,0.0004,"2b, Boronic Ester",1,Pd(OAc)2,0.0625,P(Ph)3 ,0.125,NaOH,2.5,MeOH,90.9965779946587,19532634.0
1827,6-triflatequinoline,"1c, 6-OTf-Q",1,0.0004,"2b, Boronic Ester",1,Pd(OAc)2,0.0625,AmPhos,0.125,NaOH,2.5,MeOH,46.0091172593127,1963413.125
1828,6-triflatequinoline,"1c, 6-OTf-Q",1,0.0004,"2b, Boronic Ester",1,Pd(OAc)2,0.0625,P(Cy)3,0.125,NaOH,2.5,MeOH,62.3415638329921,12460931.0
1829,6-triflatequinoline,"1c, 6-OTf-Q",1,0.0004,"2b, Boronic Ester",1,Pd(OAc)2,0.0625,P(o-Tol)3,0.125,NaOH,2.5,MeOH,54.1211014769654,2247134.25
1830,6-triflatequinoline,"1c, 6-OTf-Q",1,0.0004,"2b, Boronic Ester",1,Pd(OAc)2,0.0625,CataCXium A,0.125,NaOH,2.5,MeOH,36.2985958783815,5962395.5
1831,6-triflatequinoline,"1c, 6-OTf-Q",1,0.0004,"2b, Boronic Ester",1,Pd(OAc)2,0.0625,SPhos,0.125,NaOH,2.5,MeOH,72.6265853885394,3246571.75
1832,6-triflatequinoline,"1c, 6-OTf-Q",1,0.0004,"2b, Boronic Ester",1,Pd(OAc)2,0.0625,dtbpf,0.125,NaOH,2.5,MeOH,39.8029498314909,7212123.0
1833,6-triflatequinoline,"1c, 6-OTf-Q",1,0.0004,"2b, Boronic Ester",1,Pd(OAc)2,0.0625,XPhos,0.125,NaOH,2.5,MeOH,63.6098491089908,2743850.5
1834,6-triflatequinoline,"1c, 6-OTf-Q",1,0.0004,"2b, Boronic Ester",1,Pd(OAc)2,0.0625,dppf,0.125,NaOH,2.5,MeOH,55.9954957684824,10428041.0
1835,6-triflatequinoline,"1c, 6-OTf-Q",1,0.0004,"2b, Boronic Ester",1,Pd(OAc)2,0.0625,Xantphos,0.125,NaOH,2.5,MeOH,13.5067412156354,605059.4375
1836,6-triflatequinoline,"1c, 6-OTf-Q",1,0.0004,"2b, Boronic Ester",1,Pd(OAc)2,0.0625,,,NaOH,2.5,MeOH,56.7099807154069,16386373.0
1837,6-triflatequinoline,"1c, 6-OTf-Q",1,0.0004,"2b, Boronic Ester",1,Pd(OAc)2,0.0625,P(tBu)3,0.125,NaHCO3,2.5,MeOH,26.251519340239,1107408.375
1838,6-triflatequinoline,"1c, 6-OTf-Q",1,0.0004,"2b, Boronic Ester",1,Pd(OAc)2,0.0625,P(Ph)3 ,0.125,NaHCO3,2.5,MeOH,92.5414293181436,18938720.0
1839,6-triflatequinoline,"1c, 6-OTf-Q",1,0.0004,"2b, Boronic Ester",1,Pd(OAc)2,0.0625,AmPhos,0.125,NaHCO3,2.5,MeOH,54.7532502589442,2353662.5
1840,6-triflatequinoline,"1c, 6-OTf-Q",1,0.0004,"2b, Boronic Ester",1,Pd(OAc)2,0.0625,P(Cy)3,0.125,NaHCO3,2.5,MeOH,89.2167721152442,19752498.0
1841,6-triflatequinoline,"1c, 6-OTf-Q",1,0.0004,"2b, Boronic Ester",1,Pd(OAc)2,0.0625,P(o-Tol)3,0.125,NaHCO3,2.5,MeOH,55.2836116638502,2300511.75
1842,6-triflatequinoline,"1c, 6-OTf-Q",1,0.0004,"2b, Boronic Ester",1,Pd(OAc)2,0.0625,CataCXium A,0.125,NaHCO3,2.5,MeOH,46.3398813311612,7217163.5
1843,6-triflatequinoline,"1c, 6-OTf-Q",1,0.0004,"2b, Boronic Ester",1,Pd(OAc)2,0.0625,SPhos,0.125,NaHCO3,2.5,MeOH,57.3805946113847,2320640.0
1844,6-triflatequinoline,"1c, 6-OTf-Q",1,0.0004,"2b, Boronic Ester",1,Pd(OAc)2,0.0625,dtbpf,0.125,NaHCO3,2.5,MeOH,34.963030867406,5437989.5
1845,6-triflatequinoline,"1c, 6-OTf-Q",1,0.0004,"2b, Boronic Ester",1,Pd(OAc)2,0.0625,XPhos,0.125,NaHCO3,2.5,MeOH,56.0304790291231,2140098.5
1846,6-triflatequinoline,"1c, 6-OTf-Q",1,0.0004,"2b, Boronic Ester",1,Pd(OAc)2,0.0625,dppf,0.125,NaHCO3,2.5,MeOH,60.0656048406233,11392238.0
1847,6-triflatequinoline,"1c, 6-OTf-Q",1,0.0004,"2b, Boronic Ester",1,Pd(OAc)2,0.0625,Xantphos,0.125,NaHCO3,2.5,MeOH,8.14493179134905,221851.265625
1848,6-triflatequinoline,"1c, 6-OTf-Q",1,0.0004,"2b, Boronic Ester",1,Pd(OAc)2,0.0625,,,NaHCO3,2.5,MeOH,48.0428262451302,12907427.0
1849,6-triflatequinoline,"1c, 6-OTf-Q",1,0.0004,"2b, Boronic Ester",1,Pd(OAc)2,0.0625,P(tBu)3,0.125,CsF,2.5,MeOH,30.5438700170705,1327528.75
1850,6-triflatequinoline,"1c, 6-OTf-Q",1,0.0004,"2b, Boronic Ester",1,Pd(OAc)2,0.0625,P(Ph)3 ,0.125,CsF,2.5,MeOH,80.7684981175122,16487344.0
1851,6-triflatequinoline,"1c, 6-OTf-Q",1,0.0004,"2b, Boronic Ester",1,Pd(OAc)2,0.0625,AmPhos,0.125,CsF,2.5,MeOH,38.1509670196038,1582928.125
1852,6-triflatequinoline,"1c, 6-OTf-Q",1,0.0004,"2b, Boronic Ester",1,Pd(OAc)2,0.0625,P(Cy)3,0.125,CsF,2.5,MeOH,79.5580286946691,17953730.0
1853,6-triflatequinoline,"1c, 6-OTf-Q",1,0.0004,"2b, Boronic Ester",1,Pd(OAc)2,0.0625,P(o-Tol)3,0.125,CsF,2.5,MeOH,48.8196197220795,2165529.75
1854,6-triflatequinoline,"1c, 6-OTf-Q",1,0.0004,"2b, Boronic Ester",1,Pd(OAc)2,0.0625,CataCXium A,0.125,CsF,2.5,MeOH,41.5353006062813,6279223.0
1855,6-triflatequinoline,"1c, 6-OTf-Q",1,0.0004,"2b, Boronic Ester",1,Pd(OAc)2,0.0625,SPhos,0.125,CsF,2.5,MeOH,31.3556222311822,1338290.75
1856,6-triflatequinoline,"1c, 6-OTf-Q",1,0.0004,"2b, Boronic Ester",1,Pd(OAc)2,0.0625,dtbpf,0.125,CsF,2.5,MeOH,41.4067136185596,3667471.75
1857,6-triflatequinoline,"1c, 6-OTf-Q",1,0.0004,"2b, Boronic Ester",1,Pd(OAc)2,0.0625,XPhos,0.125,CsF,2.5,MeOH,36.0825607102773,1447539.5
1858,6-triflatequinoline,"1c, 6-OTf-Q",1,0.0004,"2b, Boronic Ester",1,Pd(OAc)2,0.0625,dppf,0.125,CsF,2.5,MeOH,36.3395992354291,6858156.0
1859,6-triflatequinoline,"1c, 6-OTf-Q",1,0.0004,"2b, Boronic Ester",1,Pd(OAc)2,0.0625,Xantphos,0.125,CsF,2.5,MeOH,3.81735754458126,162398.359375
1860,6-triflatequinoline,"1c, 6-OTf-Q",1,0.0004,"2b, Boronic Ester",1,Pd(OAc)2,0.0625,,,CsF,2.5,MeOH,25.2377015988282,6826150.5
1861,6-triflatequinoline,"1c, 6-OTf-Q",1,0.0004,"2b, Boronic Ester",1,Pd(OAc)2,0.0625,P(tBu)3,0.125,K3PO4,2.5,MeOH,25.4721833120706,1373015.625
1862,6-triflatequinoline,"1c, 6-OTf-Q",1,0.0004,"2b, Boronic Ester",1,Pd(OAc)2,0.0625,P(Ph)3 ,0.125,K3PO4,2.5,MeOH,94.7374867685552,20916812.0
1863,6-triflatequinoline,"1c, 6-OTf-Q",1,0.0004,"2b, Boronic Ester",1,Pd(OAc)2,0.0625,AmPhos,0.125,K3PO4,2.5,MeOH,55.379515367567,2706678.0
1864,6-triflatequinoline,"1c, 6-OTf-Q",1,0.0004,"2b, Boronic Ester",1,Pd(OAc)2,0.0625,P(Cy)3,0.125,K3PO4,2.5,MeOH,83.072299382657,19013708.0
1865,6-triflatequinoline,"1c, 6-OTf-Q",1,0.0004,"2b, Boronic Ester",1,Pd(OAc)2,0.0625,P(o-Tol)3,0.125,K3PO4,2.5,MeOH,61.2357911071971,3033937.0
1866,6-triflatequinoline,"1c, 6-OTf-Q",1,0.0004,"2b, Boronic Ester",1,Pd(OAc)2,0.0625,CataCXium A,0.125,K3PO4,2.5,MeOH,40.4037784002745,6766544.0
1867,6-triflatequinoline,"1c, 6-OTf-Q",1,0.0004,"2b, Boronic Ester",1,Pd(OAc)2,0.0625,SPhos,0.125,K3PO4,2.5,MeOH,74.2866106906315,3595022.75
1868,6-triflatequinoline,"1c, 6-OTf-Q",1,0.0004,"2b, Boronic Ester",1,Pd(OAc)2,0.0625,dtbpf,0.125,K3PO4,2.5,MeOH,43.5645620592601,6333190.0
1869,6-triflatequinoline,"1c, 6-OTf-Q",1,0.0004,"2b, Boronic Ester",1,Pd(OAc)2,0.0625,XPhos,0.125,K3PO4,2.5,MeOH,68.5232165033068,3160833.25
1870,6-triflatequinoline,"1c, 6-OTf-Q",1,0.0004,"2b, Boronic Ester",1,Pd(OAc)2,0.0625,dppf,0.125,K3PO4,2.5,MeOH,72.7800988842574,15589857.0
1871,6-triflatequinoline,"1c, 6-OTf-Q",1,0.0004,"2b, Boronic Ester",1,Pd(OAc)2,0.0625,Xantphos,0.125,K3PO4,2.5,MeOH,7.85982615196756,354717.625
1872,6-triflatequinoline,"1c, 6-OTf-Q",1,0.0004,"2b, Boronic Ester",1,Pd(OAc)2,0.0625,,,K3PO4,2.5,MeOH,56.8274795573803,14228842.0
1873,6-triflatequinoline,"1c, 6-OTf-Q",1,0.0004,"2b, Boronic Ester",1,Pd(OAc)2,0.0625,P(tBu)3,0.125,KOH,2.5,MeOH,19.3283093839103,1011775.0625
1874,6-triflatequinoline,"1c, 6-OTf-Q",1,0.0004,"2b, Boronic Ester",1,Pd(OAc)2,0.0625,P(Ph)3 ,0.125,KOH,2.5,MeOH,94.2023130760561,21440310.0
1875,6-triflatequinoline,"1c, 6-OTf-Q",1,0.0004,"2b, Boronic Ester",1,Pd(OAc)2,0.0625,AmPhos,0.125,KOH,2.5,MeOH,51.0969624505909,2662507.5
1876,6-triflatequinoline,"1c, 6-OTf-Q",1,0.0004,"2b, Boronic Ester",1,Pd(OAc)2,0.0625,P(Cy)3,0.125,KOH,2.5,MeOH,82.8691030168198,18758404.0
1877,6-triflatequinoline,"1c, 6-OTf-Q",1,0.0004,"2b, Boronic Ester",1,Pd(OAc)2,0.0625,P(o-Tol)3,0.125,KOH,2.5,MeOH,58.2135210324476,2553912.75
1878,6-triflatequinoline,"1c, 6-OTf-Q",1,0.0004,"2b, Boronic Ester",1,Pd(OAc)2,0.0625,CataCXium A,0.125,KOH,2.5,MeOH,35.0018335072565,5682875.5
1879,6-triflatequinoline,"1c, 6-OTf-Q",1,0.0004,"2b, Boronic Ester",1,Pd(OAc)2,0.0625,SPhos,0.125,KOH,2.5,MeOH,73.5144781527612,3590126.25
1880,6-triflatequinoline,"1c, 6-OTf-Q",1,0.0004,"2b, Boronic Ester",1,Pd(OAc)2,0.0625,dtbpf,0.125,KOH,2.5,MeOH,50.3925305831656,8153398.5
1881,6-triflatequinoline,"1c, 6-OTf-Q",1,0.0004,"2b, Boronic Ester",1,Pd(OAc)2,0.0625,XPhos,0.125,KOH,2.5,MeOH,71.6004474314773,3433855.0
1882,6-triflatequinoline,"1c, 6-OTf-Q",1,0.0004,"2b, Boronic Ester",1,Pd(OAc)2,0.0625,dppf,0.125,KOH,2.5,MeOH,73.8427400196465,13561568.0
1883,6-triflatequinoline,"1c, 6-OTf-Q",1,0.0004,"2b, Boronic Ester",1,Pd(OAc)2,0.0625,Xantphos,0.125,KOH,2.5,MeOH,8.77430872991212,472824.03125
1884,6-triflatequinoline,"1c, 6-OTf-Q",1,0.0004,"2b, Boronic Ester",1,Pd(OAc)2,0.0625,,,KOH,2.5,MeOH,60.3018152559396,15821829.0
1885,6-triflatequinoline,"1c, 6-OTf-Q",1,0.0004,"2b, Boronic Ester",1,Pd(OAc)2,0.0625,P(tBu)3,0.125,LiOtBu,2.5,MeOH,22.3829584260028,1115884.125
1886,6-triflatequinoline,"1c, 6-OTf-Q",1,0.0004,"2b, Boronic Ester",1,Pd(OAc)2,0.0625,P(Ph)3 ,0.125,LiOtBu,2.5,MeOH,94.7395154972839,18383950.0
1887,6-triflatequinoline,"1c, 6-OTf-Q",1,0.0004,"2b, Boronic Ester",1,Pd(OAc)2,0.0625,AmPhos,0.125,LiOtBu,2.5,MeOH,50.1500654546992,2517936.0
1888,6-triflatequinoline,"1c, 6-OTf-Q",1,0.0004,"2b, Boronic Ester",1,Pd(OAc)2,0.0625,P(Cy)3,0.125,LiOtBu,2.5,MeOH,86.7848694235697,19385412.0
1889,6-triflatequinoline,"1c, 6-OTf-Q",1,0.0004,"2b, Boronic Ester",1,Pd(OAc)2,0.0625,P(o-Tol)3,0.125,LiOtBu,2.5,MeOH,58.0748228983472,2681826.75
1890,6-triflatequinoline,"1c, 6-OTf-Q",1,0.0004,"2b, Boronic Ester",1,Pd(OAc)2,0.0625,CataCXium A,0.125,LiOtBu,2.5,MeOH,36.2704614801243,6180188.5
1891,6-triflatequinoline,"1c, 6-OTf-Q",1,0.0004,"2b, Boronic Ester",1,Pd(OAc)2,0.0625,SPhos,0.125,LiOtBu,2.5,MeOH,76.4886339893108,3466353.25
1892,6-triflatequinoline,"1c, 6-OTf-Q",1,0.0004,"2b, Boronic Ester",1,Pd(OAc)2,0.0625,dtbpf,0.125,LiOtBu,2.5,MeOH,51.8673922580198,8669814.0
1893,6-triflatequinoline,"1c, 6-OTf-Q",1,0.0004,"2b, Boronic Ester",1,Pd(OAc)2,0.0625,XPhos,0.125,LiOtBu,2.5,MeOH,76.3815582154522,3581719.5
1894,6-triflatequinoline,"1c, 6-OTf-Q",1,0.0004,"2b, Boronic Ester",1,Pd(OAc)2,0.0625,dppf,0.125,LiOtBu,2.5,MeOH,60.6261395282826,11682603.0
1895,6-triflatequinoline,"1c, 6-OTf-Q",1,0.0004,"2b, Boronic Ester",1,Pd(OAc)2,0.0625,Xantphos,0.125,LiOtBu,2.5,MeOH,9.71585349581309,439231.65625
1896,6-triflatequinoline,"1c, 6-OTf-Q",1,0.0004,"2b, Boronic Ester",1,Pd(OAc)2,0.0625,,,LiOtBu,2.5,MeOH,65.0863610187377,17303308.0
1897,6-triflatequinoline,"1c, 6-OTf-Q",1,0.0004,"2b, Boronic Ester",1,Pd(OAc)2,0.0625,P(tBu)3,0.125,Et3N,2.5,MeOH,22.3016853415226,1376254.25
1898,6-triflatequinoline,"1c, 6-OTf-Q",1,0.0004,"2b, Boronic Ester",1,Pd(OAc)2,0.0625,P(Ph)3 ,0.125,Et3N,2.5,MeOH,86.3474248411526,20278296.0
1899,6-triflatequinoline,"1c, 6-OTf-Q",1,0.0004,"2b, Boronic Ester",1,Pd(OAc)2,0.0625,AmPhos,0.125,Et3N,2.5,MeOH,39.9564259246016,1803599.875
1900,6-triflatequinoline,"1c, 6-OTf-Q",1,0.0004,"2b, Boronic Ester",1,Pd(OAc)2,0.0625,P(Cy)3,0.125,Et3N,2.5,MeOH,74.9876095218663,16807690.0
1901,6-triflatequinoline,"1c, 6-OTf-Q",1,0.0004,"2b, Boronic Ester",1,Pd(OAc)2,0.0625,P(o-Tol)3,0.125,Et3N,2.5,MeOH,48.5850542923935,2480596.0
1902,6-triflatequinoline,"1c, 6-OTf-Q",1,0.0004,"2b, Boronic Ester",1,Pd(OAc)2,0.0625,CataCXium A,0.125,Et3N,2.5,MeOH,42.816124263151,7163659.0
1903,6-triflatequinoline,"1c, 6-OTf-Q",1,0.0004,"2b, Boronic Ester",1,Pd(OAc)2,0.0625,SPhos,0.125,Et3N,2.5,MeOH,38.9260899233888,1740592.125
1904,6-triflatequinoline,"1c, 6-OTf-Q",1,0.0004,"2b, Boronic Ester",1,Pd(OAc)2,0.0625,dtbpf,0.125,Et3N,2.5,MeOH,31.2694417666723,5425877.5
1905,6-triflatequinoline,"1c, 6-OTf-Q",1,0.0004,"2b, Boronic Ester",1,Pd(OAc)2,0.0625,XPhos,0.125,Et3N,2.5,MeOH,40.3195272391227,1667124.875
1906,6-triflatequinoline,"1c, 6-OTf-Q",1,0.0004,"2b, Boronic Ester",1,Pd(OAc)2,0.0625,dppf,0.125,Et3N,2.5,MeOH,46.0645713469855,8712042.0
1907,6-triflatequinoline,"1c, 6-OTf-Q",1,0.0004,"2b, Boronic Ester",1,Pd(OAc)2,0.0625,Xantphos,0.125,Et3N,2.5,MeOH,4.62994606584677,170385.609375
1908,6-triflatequinoline,"1c, 6-OTf-Q",1,0.0004,"2b, Boronic Ester",1,Pd(OAc)2,0.0625,,,Et3N,2.5,MeOH,30.4428813532659,8921568.0
1909,6-triflatequinoline,"1c, 6-OTf-Q",1,0.0004,"2b, Boronic Ester",1,Pd(OAc)2,0.0625,P(tBu)3,0.125,,2.5,MeOH,24.8454943725315,1076704.0
1910,6-triflatequinoline,"1c, 6-OTf-Q",1,0.0004,"2b, Boronic Ester",1,Pd(OAc)2,0.0625,P(Ph)3 ,0.125,,2.5,MeOH,67.6717404378413,13324461.0
1911,6-triflatequinoline,"1c, 6-OTf-Q",1,0.0004,"2b, Boronic Ester",1,Pd(OAc)2,0.0625,AmPhos,0.125,,2.5,MeOH,31.3330177594192,1448182.625
1912,6-triflatequinoline,"1c, 6-OTf-Q",1,0.0004,"2b, Boronic Ester",1,Pd(OAc)2,0.0625,P(Cy)3,0.125,,2.5,MeOH,60.5673380318994,12031211.0
1913,6-triflatequinoline,"1c, 6-OTf-Q",1,0.0004,"2b, Boronic Ester",1,Pd(OAc)2,0.0625,P(o-Tol)3,0.125,,2.5,MeOH,39.7556918466916,1637389.375
1914,6-triflatequinoline,"1c, 6-OTf-Q",1,0.0004,"2b, Boronic Ester",1,Pd(OAc)2,0.0625,CataCXium A,0.125,,2.5,MeOH,34.1820987938066,5436244.5
1915,6-triflatequinoline,"1c, 6-OTf-Q",1,0.0004,"2b, Boronic Ester",1,Pd(OAc)2,0.0625,SPhos,0.125,,2.5,MeOH,29.215048626243,1306894.125
1916,6-triflatequinoline,"1c, 6-OTf-Q",1,0.0004,"2b, Boronic Ester",1,Pd(OAc)2,0.0625,dtbpf,0.125,,2.5,MeOH,31.2425283803562,3765793.5
1917,6-triflatequinoline,"1c, 6-OTf-Q",1,0.0004,"2b, Boronic Ester",1,Pd(OAc)2,0.0625,XPhos,0.125,,2.5,MeOH,28.8667107841666,958183.375
1918,6-triflatequinoline,"1c, 6-OTf-Q",1,0.0004,"2b, Boronic Ester",1,Pd(OAc)2,0.0625,dppf,0.125,,2.5,MeOH,30.6110395010146,5043106.5
1919,6-triflatequinoline,"1c, 6-OTf-Q",1,0.0004,"2b, Boronic Ester",1,Pd(OAc)2,0.0625,Xantphos,0.125,,2.5,MeOH,5.16649124084242,180255.359375
1920,6-triflatequinoline,"1c, 6-OTf-Q",1,0.0004,"2b, Boronic Ester",1,Pd(OAc)2,0.0625,,,,2.5,MeOH,24.9627268481002,7632607.0
1921,6-Iodoquinoline,"1d, 6-I-Q",1,0.0004,"2b, Boronic Ester",1,Pd(OAc)2,0.0625,P(tBu)3,0.125,NaOH,2.5,MeCN,93.4500474296557,4642609.5
1922,6-Iodoquinoline,"1d, 6-I-Q",1,0.0004,"2b, Boronic Ester",1,Pd(OAc)2,0.0625,P(Ph)3 ,0.125,NaOH,2.5,MeCN,91.7709557266964,24487518.0
1923,6-Iodoquinoline,"1d, 6-I-Q",1,0.0004,"2b, Boronic Ester",1,Pd(OAc)2,0.0625,AmPhos,0.125,NaOH,2.5,MeCN,94.8302362359257,4121666.5
1924,6-Iodoquinoline,"1d, 6-I-Q",1,0.0004,"2b, Boronic Ester",1,Pd(OAc)2,0.0625,P(Cy)3,0.125,NaOH,2.5,MeCN,85.6593135940838,24533608.0
1925,6-Iodoquinoline,"1d, 6-I-Q",1,0.0004,"2b, Boronic Ester",1,Pd(OAc)2,0.0625,P(o-Tol)3,0.125,NaOH,2.5,MeCN,84.8863469499335,3929599.5
1926,6-Iodoquinoline,"1d, 6-I-Q",1,0.0004,"2b, Boronic Ester",1,Pd(OAc)2,0.0625,CataCXium A,0.125,NaOH,2.5,MeCN,94.3892609041672,23191718.0
1927,6-Iodoquinoline,"1d, 6-I-Q",1,0.0004,"2b, Boronic Ester",1,Pd(OAc)2,0.0625,SPhos,0.125,NaOH,2.5,MeCN,91.9647568082568,4816225.5
1928,6-Iodoquinoline,"1d, 6-I-Q",1,0.0004,"2b, Boronic Ester",1,Pd(OAc)2,0.0625,dtbpf,0.125,NaOH,2.5,MeCN,91.5930623081787,23937432.0
1929,6-Iodoquinoline,"1d, 6-I-Q",1,0.0004,"2b, Boronic Ester",1,Pd(OAc)2,0.0625,XPhos,0.125,NaOH,2.5,MeCN,90.64146442219,4218058.0
1930,6-Iodoquinoline,"1d, 6-I-Q",1,0.0004,"2b, Boronic Ester",1,Pd(OAc)2,0.0625,dppf,0.125,NaOH,2.5,MeCN,48.6052315231434,11650882.0
1931,6-Iodoquinoline,"1d, 6-I-Q",1,0.0004,"2b, Boronic Ester",1,Pd(OAc)2,0.0625,Xantphos,0.125,NaOH,2.5,MeCN,38.4515803168798,1747456.5
1932,6-Iodoquinoline,"1d, 6-I-Q",1,0.0004,"2b, Boronic Ester",1,Pd(OAc)2,0.0625,,,NaOH,2.5,MeCN,76.7942898061624,28584460.0
1933,6-Iodoquinoline,"1d, 6-I-Q",1,0.0004,"2b, Boronic Ester",1,Pd(OAc)2,0.0625,P(tBu)3,0.125,NaHCO3,2.5,MeCN,90.2111313515345,4744440.5
1934,6-Iodoquinoline,"1d, 6-I-Q",1,0.0004,"2b, Boronic Ester",1,Pd(OAc)2,0.0625,P(Ph)3 ,0.125,NaHCO3,2.5,MeCN,86.3098309205961,21705572.0
1935,6-Iodoquinoline,"1d, 6-I-Q",1,0.0004,"2b, Boronic Ester",1,Pd(OAc)2,0.0625,AmPhos,0.125,NaHCO3,2.5,MeCN,94.4100235155341,4780498.0
1936,6-Iodoquinoline,"1d, 6-I-Q",1,0.0004,"2b, Boronic Ester",1,Pd(OAc)2,0.0625,P(Cy)3,0.125,NaHCO3,2.5,MeCN,83.4398164780506,25630672.0
1937,6-Iodoquinoline,"1d, 6-I-Q",1,0.0004,"2b, Boronic Ester",1,Pd(OAc)2,0.0625,P(o-Tol)3,0.125,NaHCO3,2.5,MeCN,78.903401132295,3200901.5
1938,6-Iodoquinoline,"1d, 6-I-Q",1,0.0004,"2b, Boronic Ester",1,Pd(OAc)2,0.0625,CataCXium A,0.125,NaHCO3,2.5,MeCN,87.1176005027116,23064050.0
1939,6-Iodoquinoline,"1d, 6-I-Q",1,0.0004,"2b, Boronic Ester",1,Pd(OAc)2,0.0625,SPhos,0.125,NaHCO3,2.5,MeCN,73.9404068093,3610960.75
1940,6-Iodoquinoline,"1d, 6-I-Q",1,0.0004,"2b, Boronic Ester",1,Pd(OAc)2,0.0625,dtbpf,0.125,NaHCO3,2.5,MeCN,73.1546503477806,18603628.0
1941,6-Iodoquinoline,"1d, 6-I-Q",1,0.0004,"2b, Boronic Ester",1,Pd(OAc)2,0.0625,XPhos,0.125,NaHCO3,2.5,MeCN,74.9914681926067,3686167.5
1942,6-Iodoquinoline,"1d, 6-I-Q",1,0.0004,"2b, Boronic Ester",1,Pd(OAc)2,0.0625,dppf,0.125,NaHCO3,2.5,MeCN,76.8844420088051,20237172.0
1943,6-Iodoquinoline,"1d, 6-I-Q",1,0.0004,"2b, Boronic Ester",1,Pd(OAc)2,0.0625,Xantphos,0.125,NaHCO3,2.5,MeCN,27.6563080810322,1448538.125
1944,6-Iodoquinoline,"1d, 6-I-Q",1,0.0004,"2b, Boronic Ester",1,Pd(OAc)2,0.0625,,,NaHCO3,2.5,MeCN,50.9828020981991,19334446.0
1945,6-Iodoquinoline,"1d, 6-I-Q",1,0.0004,"2b, Boronic Ester",1,Pd(OAc)2,0.0625,P(tBu)3,0.125,CsF,2.5,MeCN,77.2902434645098,3659025.25
1946,6-Iodoquinoline,"1d, 6-I-Q",1,0.0004,"2b, Boronic Ester",1,Pd(OAc)2,0.0625,P(Ph)3 ,0.125,CsF,2.5,MeCN,82.9028217765128,25496652.0
1947,6-Iodoquinoline,"1d, 6-I-Q",1,0.0004,"2b, Boronic Ester",1,Pd(OAc)2,0.0625,AmPhos,0.125,CsF,2.5,MeCN,91.1772977676256,4654196.5
1948,6-Iodoquinoline,"1d, 6-I-Q",1,0.0004,"2b, Boronic Ester",1,Pd(OAc)2,0.0625,P(Cy)3,0.125,CsF,2.5,MeCN,73.9796704654368,22457256.0
1949,6-Iodoquinoline,"1d, 6-I-Q",1,0.0004,"2b, Boronic Ester",1,Pd(OAc)2,0.0625,P(o-Tol)3,0.125,CsF,2.5,MeCN,77.1499986550364,3599335.75
1950,6-Iodoquinoline,"1d, 6-I-Q",1,0.0004,"2b, Boronic Ester",1,Pd(OAc)2,0.0625,CataCXium A,0.125,CsF,2.5,MeCN,88.5789488090743,25721366.0
1951,6-Iodoquinoline,"1d, 6-I-Q",1,0.0004,"2b, Boronic Ester",1,Pd(OAc)2,0.0625,SPhos,0.125,CsF,2.5,MeCN,76.2008805861603,3484275.25
1952,6-Iodoquinoline,"1d, 6-I-Q",1,0.0004,"2b, Boronic Ester",1,Pd(OAc)2,0.0625,dtbpf,0.125,CsF,2.5,MeCN,71.7538045941638,17419574.0
1953,6-Iodoquinoline,"1d, 6-I-Q",1,0.0004,"2b, Boronic Ester",1,Pd(OAc)2,0.0625,XPhos,0.125,CsF,2.5,MeCN,72.2509474545263,3372723.0
1954,6-Iodoquinoline,"1d, 6-I-Q",1,0.0004,"2b, Boronic Ester",1,Pd(OAc)2,0.0625,dppf,0.125,CsF,2.5,MeCN,72.9210012249829,19930886.0
1955,6-Iodoquinoline,"1d, 6-I-Q",1,0.0004,"2b, Boronic Ester",1,Pd(OAc)2,0.0625,Xantphos,0.125,CsF,2.5,MeCN,29.5449209074604,1473604.125
1956,6-Iodoquinoline,"1d, 6-I-Q",1,0.0004,"2b, Boronic Ester",1,Pd(OAc)2,0.0625,,,CsF,2.5,MeCN,44.2147148290608,14393399.0
1957,6-Iodoquinoline,"1d, 6-I-Q",1,0.0004,"2b, Boronic Ester",1,Pd(OAc)2,0.0625,P(tBu)3,0.125,K3PO4,2.5,MeCN,73.5134299691255,3350242.5
1958,6-Iodoquinoline,"1d, 6-I-Q",1,0.0004,"2b, Boronic Ester",1,Pd(OAc)2,0.0625,P(Ph)3 ,0.125,K3PO4,2.5,MeCN,76.5770470450674,20392014.0
1959,6-Iodoquinoline,"1d, 6-I-Q",1,0.0004,"2b, Boronic Ester",1,Pd(OAc)2,0.0625,AmPhos,0.125,K3PO4,2.5,MeCN,85.1387821692071,4010208.0
1960,6-Iodoquinoline,"1d, 6-I-Q",1,0.0004,"2b, Boronic Ester",1,Pd(OAc)2,0.0625,P(Cy)3,0.125,K3PO4,2.5,MeCN,65.6077062655911,17443358.0
1961,6-Iodoquinoline,"1d, 6-I-Q",1,0.0004,"2b, Boronic Ester",1,Pd(OAc)2,0.0625,P(o-Tol)3,0.125,K3PO4,2.5,MeCN,66.3779665734137,3345092.0
1962,6-Iodoquinoline,"1d, 6-I-Q",1,0.0004,"2b, Boronic Ester",1,Pd(OAc)2,0.0625,CataCXium A,0.125,K3PO4,2.5,MeCN,83.9815084844873,23078166.0
1963,6-Iodoquinoline,"1d, 6-I-Q",1,0.0004,"2b, Boronic Ester",1,Pd(OAc)2,0.0625,SPhos,0.125,K3PO4,2.5,MeCN,81.3228842989582,3878597.5
1964,6-Iodoquinoline,"1d, 6-I-Q",1,0.0004,"2b, Boronic Ester",1,Pd(OAc)2,0.0625,dtbpf,0.125,K3PO4,2.5,MeCN,76.9085383002269,18171158.0
1965,6-Iodoquinoline,"1d, 6-I-Q",1,0.0004,"2b, Boronic Ester",1,Pd(OAc)2,0.0625,XPhos,0.125,K3PO4,2.5,MeCN,71.2243136905789,3127587.5
1966,6-Iodoquinoline,"1d, 6-I-Q",1,0.0004,"2b, Boronic Ester",1,Pd(OAc)2,0.0625,dppf,0.125,K3PO4,2.5,MeCN,72.5429401171845,20130842.0
1967,6-Iodoquinoline,"1d, 6-I-Q",1,0.0004,"2b, Boronic Ester",1,Pd(OAc)2,0.0625,Xantphos,0.125,K3PO4,2.5,MeCN,35.1514910274836,1744003.625
1968,6-Iodoquinoline,"1d, 6-I-Q",1,0.0004,"2b, Boronic Ester",1,Pd(OAc)2,0.0625,,,K3PO4,2.5,MeCN,59.6356785263903,20778166.0
1969,6-Iodoquinoline,"1d, 6-I-Q",1,0.0004,"2b, Boronic Ester",1,Pd(OAc)2,0.0625,P(tBu)3,0.125,KOH,2.5,MeCN,91.2803780460153,4303108.0
1970,6-Iodoquinoline,"1d, 6-I-Q",1,0.0004,"2b, Boronic Ester",1,Pd(OAc)2,0.0625,P(Ph)3 ,0.125,KOH,2.5,MeCN,94.1314481033206,25662204.0
1971,6-Iodoquinoline,"1d, 6-I-Q",1,0.0004,"2b, Boronic Ester",1,Pd(OAc)2,0.0625,AmPhos,0.125,KOH,2.5,MeCN,99.0461739945196,5027959.5
1972,6-Iodoquinoline,"1d, 6-I-Q",1,0.0004,"2b, Boronic Ester",1,Pd(OAc)2,0.0625,P(Cy)3,0.125,KOH,2.5,MeCN,91.0745797480946,26569114.0
1973,6-Iodoquinoline,"1d, 6-I-Q",1,0.0004,"2b, Boronic Ester",1,Pd(OAc)2,0.0625,P(o-Tol)3,0.125,KOH,2.5,MeCN,86.9685852171353,3791069.0
1974,6-Iodoquinoline,"1d, 6-I-Q",1,0.0004,"2b, Boronic Ester",1,Pd(OAc)2,0.0625,CataCXium A,0.125,KOH,2.5,MeCN,95.9684303993261,24053752.0
1975,6-Iodoquinoline,"1d, 6-I-Q",1,0.0004,"2b, Boronic Ester",1,Pd(OAc)2,0.0625,SPhos,0.125,KOH,2.5,MeCN,93.9498802955308,5113424.5
1976,6-Iodoquinoline,"1d, 6-I-Q",1,0.0004,"2b, Boronic Ester",1,Pd(OAc)2,0.0625,dtbpf,0.125,KOH,2.5,MeCN,93.5159507509761,22350412.0
1977,6-Iodoquinoline,"1d, 6-I-Q",1,0.0004,"2b, Boronic Ester",1,Pd(OAc)2,0.0625,XPhos,0.125,KOH,2.5,MeCN,93.0578567469301,4631544.0
1978,6-Iodoquinoline,"1d, 6-I-Q",1,0.0004,"2b, Boronic Ester",1,Pd(OAc)2,0.0625,dppf,0.125,KOH,2.5,MeCN,78.3562112043142,18226624.0
1979,6-Iodoquinoline,"1d, 6-I-Q",1,0.0004,"2b, Boronic Ester",1,Pd(OAc)2,0.0625,Xantphos,0.125,KOH,2.5,MeCN,55.0019058291789,2707378.0
1980,6-Iodoquinoline,"1d, 6-I-Q",1,0.0004,"2b, Boronic Ester",1,Pd(OAc)2,0.0625,,,KOH,2.5,MeCN,81.8629369868263,27749392.0
1981,6-Iodoquinoline,"1d, 6-I-Q",1,0.0004,"2b, Boronic Ester",1,Pd(OAc)2,0.0625,P(tBu)3,0.125,LiOtBu,2.5,MeCN,98.4242664555904,4846685.5
1982,6-Iodoquinoline,"1d, 6-I-Q",1,0.0004,"2b, Boronic Ester",1,Pd(OAc)2,0.0625,P(Ph)3 ,0.125,LiOtBu,2.5,MeCN,94.6976018111647,26376408.0
1983,6-Iodoquinoline,"1d, 6-I-Q",1,0.0004,"2b, Boronic Ester",1,Pd(OAc)2,0.0625,AmPhos,0.125,LiOtBu,2.5,MeCN,99.147081696691,5228444.0
1984,6-Iodoquinoline,"1d, 6-I-Q",1,0.0004,"2b, Boronic Ester",1,Pd(OAc)2,0.0625,P(Cy)3,0.125,LiOtBu,2.5,MeCN,92.4161915710919,25736732.0
1985,6-Iodoquinoline,"1d, 6-I-Q",1,0.0004,"2b, Boronic Ester",1,Pd(OAc)2,0.0625,P(o-Tol)3,0.125,LiOtBu,2.5,MeCN,88.63643191874,4160809.0
1986,6-Iodoquinoline,"1d, 6-I-Q",1,0.0004,"2b, Boronic Ester",1,Pd(OAc)2,0.0625,CataCXium A,0.125,LiOtBu,2.5,MeCN,96.4794106334075,24085490.0
1987,6-Iodoquinoline,"1d, 6-I-Q",1,0.0004,"2b, Boronic Ester",1,Pd(OAc)2,0.0625,SPhos,0.125,LiOtBu,2.5,MeCN,93.4379969374087,4658208.0
1988,6-Iodoquinoline,"1d, 6-I-Q",1,0.0004,"2b, Boronic Ester",1,Pd(OAc)2,0.0625,dtbpf,0.125,LiOtBu,2.5,MeCN,91.8577745587637,23089584.0
1989,6-Iodoquinoline,"1d, 6-I-Q",1,0.0004,"2b, Boronic Ester",1,Pd(OAc)2,0.0625,XPhos,0.125,LiOtBu,2.5,MeCN,92.7650943797636,4921597.5
1990,6-Iodoquinoline,"1d, 6-I-Q",1,0.0004,"2b, Boronic Ester",1,Pd(OAc)2,0.0625,dppf,0.125,LiOtBu,2.5,MeCN,51.045416899753,11254959.0
1991,6-Iodoquinoline,"1d, 6-I-Q",1,0.0004,"2b, Boronic Ester",1,Pd(OAc)2,0.0625,Xantphos,0.125,LiOtBu,2.5,MeCN,42.3735378679123,1829173.375
1992,6-Iodoquinoline,"1d, 6-I-Q",1,0.0004,"2b, Boronic Ester",1,Pd(OAc)2,0.0625,,,LiOtBu,2.5,MeCN,65.4905089572615,20384498.0
1993,6-Iodoquinoline,"1d, 6-I-Q",1,0.0004,"2b, Boronic Ester",1,Pd(OAc)2,0.0625,P(tBu)3,0.125,Et3N,2.5,MeCN,96.2958316166789,4988666.0
1994,6-Iodoquinoline,"1d, 6-I-Q",1,0.0004,"2b, Boronic Ester",1,Pd(OAc)2,0.0625,P(Ph)3 ,0.125,Et3N,2.5,MeCN,94.3763791256126,23665398.0
1995,6-Iodoquinoline,"1d, 6-I-Q",1,0.0004,"2b, Boronic Ester",1,Pd(OAc)2,0.0625,AmPhos,0.125,Et3N,2.5,MeCN,97.9833024580542,4369847.0
1996,6-Iodoquinoline,"1d, 6-I-Q",1,0.0004,"2b, Boronic Ester",1,Pd(OAc)2,0.0625,P(Cy)3,0.125,Et3N,2.5,MeCN,85.5651934186358,21465974.0
1997,6-Iodoquinoline,"1d, 6-I-Q",1,0.0004,"2b, Boronic Ester",1,Pd(OAc)2,0.0625,P(o-Tol)3,0.125,Et3N,2.5,MeCN,83.2591202092241,3995567.25
1998,6-Iodoquinoline,"1d, 6-I-Q",1,0.0004,"2b, Boronic Ester",1,Pd(OAc)2,0.0625,CataCXium A,0.125,Et3N,2.5,MeCN,94.3215498667971,21568786.0
1999,6-Iodoquinoline,"1d, 6-I-Q",1,0.0004,"2b, Boronic Ester",1,Pd(OAc)2,0.0625,SPhos,0.125,Et3N,2.5,MeCN,84.8979196226979,3765627.5
2000,6-Iodoquinoline,"1d, 6-I-Q",1,0.0004,"2b, Boronic Ester",1,Pd(OAc)2,0.0625,dtbpf,0.125,Et3N,2.5,MeCN,79.8874539369461,16718915.0
2001,6-Iodoquinoline,"1d, 6-I-Q",1,0.0004,"2b, Boronic Ester",1,Pd(OAc)2,0.0625,XPhos,0.125,Et3N,2.5,MeCN,72.3674569289408,3182566.0
2002,6-Iodoquinoline,"1d, 6-I-Q",1,0.0004,"2b, Boronic Ester",1,Pd(OAc)2,0.0625,dppf,0.125,Et3N,2.5,MeCN,69.769453352364,16456441.0
2003,6-Iodoquinoline,"1d, 6-I-Q",1,0.0004,"2b, Boronic Ester",1,Pd(OAc)2,0.0625,Xantphos,0.125,Et3N,2.5,MeCN,30.2916015754925,1584133.625
2004,6-Iodoquinoline,"1d, 6-I-Q",1,0.0004,"2b, Boronic Ester",1,Pd(OAc)2,0.0625,,,Et3N,2.5,MeCN,46.0472423223681,14799322.0
2005,6-Iodoquinoline,"1d, 6-I-Q",1,0.0004,"2b, Boronic Ester",1,Pd(OAc)2,0.0625,P(tBu)3,0.125,,2.5,MeCN,90.8768825589622,4053660.0
2006,6-Iodoquinoline,"1d, 6-I-Q",1,0.0004,"2b, Boronic Ester",1,Pd(OAc)2,0.0625,P(Ph)3 ,0.125,,2.5,MeCN,79.8252312729648,19353020.0
2007,6-Iodoquinoline,"1d, 6-I-Q",1,0.0004,"2b, Boronic Ester",1,Pd(OAc)2,0.0625,AmPhos,0.125,,2.5,MeCN,86.1598365566837,3831959.0
2008,6-Iodoquinoline,"1d, 6-I-Q",1,0.0004,"2b, Boronic Ester",1,Pd(OAc)2,0.0625,P(Cy)3,0.125,,2.5,MeCN,61.840326392814,14391386.0
2009,6-Iodoquinoline,"1d, 6-I-Q",1,0.0004,"2b, Boronic Ester",1,Pd(OAc)2,0.0625,P(o-Tol)3,0.125,,2.5,MeCN,58.4171299739657,2101494.25
2010,6-Iodoquinoline,"1d, 6-I-Q",1,0.0004,"2b, Boronic Ester",1,Pd(OAc)2,0.0625,CataCXium A,0.125,,2.5,MeCN,71.9842756980722,17092166.0
2011,6-Iodoquinoline,"1d, 6-I-Q",1,0.0004,"2b, Boronic Ester",1,Pd(OAc)2,0.0625,SPhos,0.125,,2.5,MeCN,63.6996109430719,2790918.75
2012,6-Iodoquinoline,"1d, 6-I-Q",1,0.0004,"2b, Boronic Ester",1,Pd(OAc)2,0.0625,dtbpf,0.125,,2.5,MeCN,62.2324872843968,12170917.0
2013,6-Iodoquinoline,"1d, 6-I-Q",1,0.0004,"2b, Boronic Ester",1,Pd(OAc)2,0.0625,XPhos,0.125,,2.5,MeCN,48.2363623672125,2041749.875
2014,6-Iodoquinoline,"1d, 6-I-Q",1,0.0004,"2b, Boronic Ester",1,Pd(OAc)2,0.0625,dppf,0.125,,2.5,MeCN,48.846961485259,11529869.0
2015,6-Iodoquinoline,"1d, 6-I-Q",1,0.0004,"2b, Boronic Ester",1,Pd(OAc)2,0.0625,Xantphos,0.125,,2.5,MeCN,16.3100906162278,799169.125
2016,6-Iodoquinoline,"1d, 6-I-Q",1,0.0004,"2b, Boronic Ester",1,Pd(OAc)2,0.0625,,,,2.5,MeCN,36.3462814244189,13352322.0
2017,6-Iodoquinoline,"1d, 6-I-Q",1,0.0004,"2b, Boronic Ester",1,Pd(OAc)2,0.0625,P(tBu)3,0.125,NaOH,2.5,THF,87.5240083686633,4311521.5
2018,6-Iodoquinoline,"1d, 6-I-Q",1,0.0004,"2b, Boronic Ester",1,Pd(OAc)2,0.0625,P(Ph)3 ,0.125,NaOH,2.5,THF,86.3981327733766,24315062.0
2019,6-Iodoquinoline,"1d, 6-I-Q",1,0.0004,"2b, Boronic Ester",1,Pd(OAc)2,0.0625,AmPhos,0.125,NaOH,2.5,THF,91.170968729632,4526223.5
2020,6-Iodoquinoline,"1d, 6-I-Q",1,0.0004,"2b, Boronic Ester",1,Pd(OAc)2,0.0625,P(Cy)3,0.125,NaOH,2.5,THF,75.1728804768018,20135680.0
2021,6-Iodoquinoline,"1d, 6-I-Q",1,0.0004,"2b, Boronic Ester",1,Pd(OAc)2,0.0625,P(o-Tol)3,0.125,NaOH,2.5,THF,73.6069841438197,3355526.25
2022,6-Iodoquinoline,"1d, 6-I-Q",1,0.0004,"2b, Boronic Ester",1,Pd(OAc)2,0.0625,CataCXium A,0.125,NaOH,2.5,THF,92.5924935381104,24105668.0
2023,6-Iodoquinoline,"1d, 6-I-Q",1,0.0004,"2b, Boronic Ester",1,Pd(OAc)2,0.0625,SPhos,0.125,NaOH,2.5,THF,81.4107146476389,3712420.75
2024,6-Iodoquinoline,"1d, 6-I-Q",1,0.0004,"2b, Boronic Ester",1,Pd(OAc)2,0.0625,dtbpf,0.125,NaOH,2.5,THF,76.0065664519641,17087798.0
2025,6-Iodoquinoline,"1d, 6-I-Q",1,0.0004,"2b, Boronic Ester",1,Pd(OAc)2,0.0625,XPhos,0.125,NaOH,2.5,THF,82.6882632651604,3869340.75
2026,6-Iodoquinoline,"1d, 6-I-Q",1,0.0004,"2b, Boronic Ester",1,Pd(OAc)2,0.0625,dppf,0.125,NaOH,2.5,THF,42.5699415715324,7861367.0
2027,6-Iodoquinoline,"1d, 6-I-Q",1,0.0004,"2b, Boronic Ester",1,Pd(OAc)2,0.0625,Xantphos,0.125,NaOH,2.5,THF,57.1731507683341,2567920.25
2028,6-Iodoquinoline,"1d, 6-I-Q",1,0.0004,"2b, Boronic Ester",1,Pd(OAc)2,0.0625,,,NaOH,2.5,THF,82.2364158842793,27550676.0
2029,6-Iodoquinoline,"1d, 6-I-Q",1,0.0004,"2b, Boronic Ester",1,Pd(OAc)2,0.0625,P(tBu)3,0.125,NaHCO3,2.5,THF,95.5822292817741,5324542.5
2030,6-Iodoquinoline,"1d, 6-I-Q",1,0.0004,"2b, Boronic Ester",1,Pd(OAc)2,0.0625,P(Ph)3 ,0.125,NaHCO3,2.5,THF,94.2329208243244,29629622.0
2031,6-Iodoquinoline,"1d, 6-I-Q",1,0.0004,"2b, Boronic Ester",1,Pd(OAc)2,0.0625,AmPhos,0.125,NaHCO3,2.5,THF,91.4693063670746,4904266.5
2032,6-Iodoquinoline,"1d, 6-I-Q",1,0.0004,"2b, Boronic Ester",1,Pd(OAc)2,0.0625,P(Cy)3,0.125,NaHCO3,2.5,THF,75.4171106157705,21588886.0
2033,6-Iodoquinoline,"1d, 6-I-Q",1,0.0004,"2b, Boronic Ester",1,Pd(OAc)2,0.0625,P(o-Tol)3,0.125,NaHCO3,2.5,THF,63.7994621407727,2925493.0
2034,6-Iodoquinoline,"1d, 6-I-Q",1,0.0004,"2b, Boronic Ester",1,Pd(OAc)2,0.0625,CataCXium A,0.125,NaHCO3,2.5,THF,87.4972758362143,24081946.0
2035,6-Iodoquinoline,"1d, 6-I-Q",1,0.0004,"2b, Boronic Ester",1,Pd(OAc)2,0.0625,SPhos,0.125,NaHCO3,2.5,THF,68.7877879150992,3317924.25
2036,6-Iodoquinoline,"1d, 6-I-Q",1,0.0004,"2b, Boronic Ester",1,Pd(OAc)2,0.0625,dtbpf,0.125,NaHCO3,2.5,THF,51.2281776414129,13527093.0
2037,6-Iodoquinoline,"1d, 6-I-Q",1,0.0004,"2b, Boronic Ester",1,Pd(OAc)2,0.0625,XPhos,0.125,NaHCO3,2.5,THF,56.9619858820029,2482491.0
2038,6-Iodoquinoline,"1d, 6-I-Q",1,0.0004,"2b, Boronic Ester",1,Pd(OAc)2,0.0625,dppf,0.125,NaHCO3,2.5,THF,31.6533357416048,5648581.0
2039,6-Iodoquinoline,"1d, 6-I-Q",1,0.0004,"2b, Boronic Ester",1,Pd(OAc)2,0.0625,Xantphos,0.125,NaHCO3,2.5,THF,34.7240602162097,1799445.125
2040,6-Iodoquinoline,"1d, 6-I-Q",1,0.0004,"2b, Boronic Ester",1,Pd(OAc)2,0.0625,,,NaHCO3,2.5,THF,49.3830327515439,16886384.0
2041,6-Iodoquinoline,"1d, 6-I-Q",1,0.0004,"2b, Boronic Ester",1,Pd(OAc)2,0.0625,P(tBu)3,0.125,CsF,2.5,THF,70.0980243579033,3281685.0
2042,6-Iodoquinoline,"1d, 6-I-Q",1,0.0004,"2b, Boronic Ester",1,Pd(OAc)2,0.0625,P(Ph)3 ,0.125,CsF,2.5,THF,73.1921702198081,19462224.0
2043,6-Iodoquinoline,"1d, 6-I-Q",1,0.0004,"2b, Boronic Ester",1,Pd(OAc)2,0.0625,AmPhos,0.125,CsF,2.5,THF,79.3767763563565,3936532.0
2044,6-Iodoquinoline,"1d, 6-I-Q",1,0.0004,"2b, Boronic Ester",1,Pd(OAc)2,0.0625,P(Cy)3,0.125,CsF,2.5,THF,64.7374833149791,19589570.0
2045,6-Iodoquinoline,"1d, 6-I-Q",1,0.0004,"2b, Boronic Ester",1,Pd(OAc)2,0.0625,P(o-Tol)3,0.125,CsF,2.5,THF,51.3131590835915,2356811.5
2046,6-Iodoquinoline,"1d, 6-I-Q",1,0.0004,"2b, Boronic Ester",1,Pd(OAc)2,0.0625,CataCXium A,0.125,CsF,2.5,THF,73.7386969140256,17518176.0
2047,6-Iodoquinoline,"1d, 6-I-Q",1,0.0004,"2b, Boronic Ester",1,Pd(OAc)2,0.0625,SPhos,0.125,CsF,2.5,THF,50.9770825681794,2487315.5
2048,6-Iodoquinoline,"1d, 6-I-Q",1,0.0004,"2b, Boronic Ester",1,Pd(OAc)2,0.0625,dtbpf,0.125,CsF,2.5,THF,45.021128540438,11270262.0
2049,6-Iodoquinoline,"1d, 6-I-Q",1,0.0004,"2b, Boronic Ester",1,Pd(OAc)2,0.0625,XPhos,0.125,CsF,2.5,THF,41.2084244002088,1911069.0
2050,6-Iodoquinoline,"1d, 6-I-Q",1,0.0004,"2b, Boronic Ester",1,Pd(OAc)2,0.0625,dppf,0.125,CsF,2.5,THF,27.4798555260015,3978732.25
2051,6-Iodoquinoline,"1d, 6-I-Q",1,0.0004,"2b, Boronic Ester",1,Pd(OAc)2,0.0625,Xantphos,0.125,CsF,2.5,THF,25.1224559173225,1334893.875
2052,6-Iodoquinoline,"1d, 6-I-Q",1,0.0004,"2b, Boronic Ester",1,Pd(OAc)2,0.0625,,,CsF,2.5,THF,35.6475675053292,11708111.0
2053,6-Iodoquinoline,"1d, 6-I-Q",1,0.0004,"2b, Boronic Ester",1,Pd(OAc)2,0.0625,P(tBu)3,0.125,K3PO4,2.5,THF,62.6449193064634,2466958.75
2054,6-Iodoquinoline,"1d, 6-I-Q",1,0.0004,"2b, Boronic Ester",1,Pd(OAc)2,0.0625,P(Ph)3 ,0.125,K3PO4,2.5,THF,63.2382170775438,18115594.0
2055,6-Iodoquinoline,"1d, 6-I-Q",1,0.0004,"2b, Boronic Ester",1,Pd(OAc)2,0.0625,AmPhos,0.125,K3PO4,2.5,THF,72.7773514676318,3516697.5
2056,6-Iodoquinoline,"1d, 6-I-Q",1,0.0004,"2b, Boronic Ester",1,Pd(OAc)2,0.0625,P(Cy)3,0.125,K3PO4,2.5,THF,53.8829294564947,14806461.0
2057,6-Iodoquinoline,"1d, 6-I-Q",1,0.0004,"2b, Boronic Ester",1,Pd(OAc)2,0.0625,P(o-Tol)3,0.125,K3PO4,2.5,THF,46.3713604197854,2222926.25
2058,6-Iodoquinoline,"1d, 6-I-Q",1,0.0004,"2b, Boronic Ester",1,Pd(OAc)2,0.0625,CataCXium A,0.125,K3PO4,2.5,THF,70.7014633702007,18042418.0
2059,6-Iodoquinoline,"1d, 6-I-Q",1,0.0004,"2b, Boronic Ester",1,Pd(OAc)2,0.0625,SPhos,0.125,K3PO4,2.5,THF,47.4688380805165,2297982.75
2060,6-Iodoquinoline,"1d, 6-I-Q",1,0.0004,"2b, Boronic Ester",1,Pd(OAc)2,0.0625,dtbpf,0.125,K3PO4,2.5,THF,48.3979615878383,12229050.0
2061,6-Iodoquinoline,"1d, 6-I-Q",1,0.0004,"2b, Boronic Ester",1,Pd(OAc)2,0.0625,XPhos,0.125,K3PO4,2.5,THF,43.9255152078705,2052883.5
2062,6-Iodoquinoline,"1d, 6-I-Q",1,0.0004,"2b, Boronic Ester",1,Pd(OAc)2,0.0625,dppf,0.125,K3PO4,2.5,THF,30.1285633962036,5157075.5
2063,6-Iodoquinoline,"1d, 6-I-Q",1,0.0004,"2b, Boronic Ester",1,Pd(OAc)2,0.0625,Xantphos,0.125,K3PO4,2.5,THF,26.2653841354806,1350130.75
2064,6-Iodoquinoline,"1d, 6-I-Q",1,0.0004,"2b, Boronic Ester",1,Pd(OAc)2,0.0625,,,K3PO4,2.5,THF,36.0131580676609,11947263.0
2065,6-Iodoquinoline,"1d, 6-I-Q",1,0.0004,"2b, Boronic Ester",1,Pd(OAc)2,0.0625,P(tBu)3,0.125,KOH,2.5,THF,79.7740939295461,3843974.0
2066,6-Iodoquinoline,"1d, 6-I-Q",1,0.0004,"2b, Boronic Ester",1,Pd(OAc)2,0.0625,P(Ph)3 ,0.125,KOH,2.5,THF,77.3161239814449,17810752.0
2067,6-Iodoquinoline,"1d, 6-I-Q",1,0.0004,"2b, Boronic Ester",1,Pd(OAc)2,0.0625,AmPhos,0.125,KOH,2.5,THF,84.2280628343773,4314814.5
2068,6-Iodoquinoline,"1d, 6-I-Q",1,0.0004,"2b, Boronic Ester",1,Pd(OAc)2,0.0625,P(Cy)3,0.125,KOH,2.5,THF,68.446213267915,18520754.0
2069,6-Iodoquinoline,"1d, 6-I-Q",1,0.0004,"2b, Boronic Ester",1,Pd(OAc)2,0.0625,P(o-Tol)3,0.125,KOH,2.5,THF,64.8468788833468,2784122.25
2070,6-Iodoquinoline,"1d, 6-I-Q",1,0.0004,"2b, Boronic Ester",1,Pd(OAc)2,0.0625,CataCXium A,0.125,KOH,2.5,THF,86.1214628813997,20557130.0
2071,6-Iodoquinoline,"1d, 6-I-Q",1,0.0004,"2b, Boronic Ester",1,Pd(OAc)2,0.0625,SPhos,0.125,KOH,2.5,THF,73.7016952948523,3530386.75
2072,6-Iodoquinoline,"1d, 6-I-Q",1,0.0004,"2b, Boronic Ester",1,Pd(OAc)2,0.0625,dtbpf,0.125,KOH,2.5,THF,67.8392299383743,16957982.0
2073,6-Iodoquinoline,"1d, 6-I-Q",1,0.0004,"2b, Boronic Ester",1,Pd(OAc)2,0.0625,XPhos,0.125,KOH,2.5,THF,72.7079578882939,3513372.0
2074,6-Iodoquinoline,"1d, 6-I-Q",1,0.0004,"2b, Boronic Ester",1,Pd(OAc)2,0.0625,dppf,0.125,KOH,2.5,THF,34.3290110309316,6372867.5
2075,6-Iodoquinoline,"1d, 6-I-Q",1,0.0004,"2b, Boronic Ester",1,Pd(OAc)2,0.0625,Xantphos,0.125,KOH,2.5,THF,48.3676376644789,2216995.5
2076,6-Iodoquinoline,"1d, 6-I-Q",1,0.0004,"2b, Boronic Ester",1,Pd(OAc)2,0.0625,,,KOH,2.5,THF,65.6954822014856,21331098.0
2077,6-Iodoquinoline,"1d, 6-I-Q",1,0.0004,"2b, Boronic Ester",1,Pd(OAc)2,0.0625,P(tBu)3,0.125,LiOtBu,2.5,THF,93.5478641593407,4909782.5
2078,6-Iodoquinoline,"1d, 6-I-Q",1,0.0004,"2b, Boronic Ester",1,Pd(OAc)2,0.0625,P(Ph)3 ,0.125,LiOtBu,2.5,THF,94.7130894737261,27704208.0
2079,6-Iodoquinoline,"1d, 6-I-Q",1,0.0004,"2b, Boronic Ester",1,Pd(OAc)2,0.0625,AmPhos,0.125,LiOtBu,2.5,THF,95.5272763997614,4964342.5
2080,6-Iodoquinoline,"1d, 6-I-Q",1,0.0004,"2b, Boronic Ester",1,Pd(OAc)2,0.0625,P(Cy)3,0.125,LiOtBu,2.5,THF,82.1878492588126,22773900.0
2081,6-Iodoquinoline,"1d, 6-I-Q",1,0.0004,"2b, Boronic Ester",1,Pd(OAc)2,0.0625,P(o-Tol)3,0.125,LiOtBu,2.5,THF,87.0434135174461,4597647.0
2082,6-Iodoquinoline,"1d, 6-I-Q",1,0.0004,"2b, Boronic Ester",1,Pd(OAc)2,0.0625,CataCXium A,0.125,LiOtBu,2.5,THF,96.6116219614579,23699664.0
2083,6-Iodoquinoline,"1d, 6-I-Q",1,0.0004,"2b, Boronic Ester",1,Pd(OAc)2,0.0625,SPhos,0.125,LiOtBu,2.5,THF,95.3415782669254,5176130.0
2084,6-Iodoquinoline,"1d, 6-I-Q",1,0.0004,"2b, Boronic Ester",1,Pd(OAc)2,0.0625,dtbpf,0.125,LiOtBu,2.5,THF,80.2319711050195,18893524.0
2085,6-Iodoquinoline,"1d, 6-I-Q",1,0.0004,"2b, Boronic Ester",1,Pd(OAc)2,0.0625,XPhos,0.125,LiOtBu,2.5,THF,93.6723772665667,4837360.0
2086,6-Iodoquinoline,"1d, 6-I-Q",1,0.0004,"2b, Boronic Ester",1,Pd(OAc)2,0.0625,dppf,0.125,LiOtBu,2.5,THF,38.9627465193466,8438789.0
2087,6-Iodoquinoline,"1d, 6-I-Q",1,0.0004,"2b, Boronic Ester",1,Pd(OAc)2,0.0625,Xantphos,0.125,LiOtBu,2.5,THF,66.4073365906501,3487726.5
2088,6-Iodoquinoline,"1d, 6-I-Q",1,0.0004,"2b, Boronic Ester",1,Pd(OAc)2,0.0625,,,LiOtBu,2.5,THF,89.1660085500534,28409162.0
2089,6-Iodoquinoline,"1d, 6-I-Q",1,0.0004,"2b, Boronic Ester",1,Pd(OAc)2,0.0625,P(tBu)3,0.125,Et3N,2.5,THF,96.2539095257209,5138970.0
2090,6-Iodoquinoline,"1d, 6-I-Q",1,0.0004,"2b, Boronic Ester",1,Pd(OAc)2,0.0625,P(Ph)3 ,0.125,Et3N,2.5,THF,97.0914501027814,28488800.0
2091,6-Iodoquinoline,"1d, 6-I-Q",1,0.0004,"2b, Boronic Ester",1,Pd(OAc)2,0.0625,AmPhos,0.125,Et3N,2.5,THF,96.0017905650996,5493562.0
2092,6-Iodoquinoline,"1d, 6-I-Q",1,0.0004,"2b, Boronic Ester",1,Pd(OAc)2,0.0625,P(Cy)3,0.125,Et3N,2.5,THF,90.2904168236702,27610010.0
2093,6-Iodoquinoline,"1d, 6-I-Q",1,0.0004,"2b, Boronic Ester",1,Pd(OAc)2,0.0625,P(o-Tol)3,0.125,Et3N,2.5,THF,84.8706034167385,4390592.0
2094,6-Iodoquinoline,"1d, 6-I-Q",1,0.0004,"2b, Boronic Ester",1,Pd(OAc)2,0.0625,CataCXium A,0.125,Et3N,2.5,THF,94.8496423663079,23641952.0
2095,6-Iodoquinoline,"1d, 6-I-Q",1,0.0004,"2b, Boronic Ester",1,Pd(OAc)2,0.0625,SPhos,0.125,Et3N,2.5,THF,85.3706850086672,4493166.0
2096,6-Iodoquinoline,"1d, 6-I-Q",1,0.0004,"2b, Boronic Ester",1,Pd(OAc)2,0.0625,dtbpf,0.125,Et3N,2.5,THF,69.7133789399681,16678310.0
2097,6-Iodoquinoline,"1d, 6-I-Q",1,0.0004,"2b, Boronic Ester",1,Pd(OAc)2,0.0625,XPhos,0.125,Et3N,2.5,THF,80.3432679701127,4209995.0
2098,6-Iodoquinoline,"1d, 6-I-Q",1,0.0004,"2b, Boronic Ester",1,Pd(OAc)2,0.0625,dppf,0.125,Et3N,2.5,THF,38.0796733943818,6528769.5
2099,6-Iodoquinoline,"1d, 6-I-Q",1,0.0004,"2b, Boronic Ester",1,Pd(OAc)2,0.0625,Xantphos,0.125,Et3N,2.5,THF,45.7371982369901,2336769.0
2100,6-Iodoquinoline,"1d, 6-I-Q",1,0.0004,"2b, Boronic Ester",1,Pd(OAc)2,0.0625,,,Et3N,2.5,THF,67.6194611537279,22776982.0
2101,6-Iodoquinoline,"1d, 6-I-Q",1,0.0004,"2b, Boronic Ester",1,Pd(OAc)2,0.0625,P(tBu)3,0.125,,2.5,THF,89.609719376382,4877198.0
2102,6-Iodoquinoline,"1d, 6-I-Q",1,0.0004,"2b, Boronic Ester",1,Pd(OAc)2,0.0625,P(Ph)3 ,0.125,,2.5,THF,88.9453950587196,26071666.0
2103,6-Iodoquinoline,"1d, 6-I-Q",1,0.0004,"2b, Boronic Ester",1,Pd(OAc)2,0.0625,AmPhos,0.125,,2.5,THF,89.9468449326943,4695841.0
2104,6-Iodoquinoline,"1d, 6-I-Q",1,0.0004,"2b, Boronic Ester",1,Pd(OAc)2,0.0625,P(Cy)3,0.125,,2.5,THF,77.557991410664,21855168.0
2105,6-Iodoquinoline,"1d, 6-I-Q",1,0.0004,"2b, Boronic Ester",1,Pd(OAc)2,0.0625,P(o-Tol)3,0.125,,2.5,THF,65.7953216209245,3260831.0
2106,6-Iodoquinoline,"1d, 6-I-Q",1,0.0004,"2b, Boronic Ester",1,Pd(OAc)2,0.0625,CataCXium A,0.125,,2.5,THF,86.346395143195,22105366.0
2107,6-Iodoquinoline,"1d, 6-I-Q",1,0.0004,"2b, Boronic Ester",1,Pd(OAc)2,0.0625,SPhos,0.125,,2.5,THF,67.9992345723152,3265348.0
2108,6-Iodoquinoline,"1d, 6-I-Q",1,0.0004,"2b, Boronic Ester",1,Pd(OAc)2,0.0625,dtbpf,0.125,,2.5,THF,58.2070033791308,12857150.0
2109,6-Iodoquinoline,"1d, 6-I-Q",1,0.0004,"2b, Boronic Ester",1,Pd(OAc)2,0.0625,XPhos,0.125,,2.5,THF,61.645116052751,3090116.25
2110,6-Iodoquinoline,"1d, 6-I-Q",1,0.0004,"2b, Boronic Ester",1,Pd(OAc)2,0.0625,dppf,0.125,,2.5,THF,38.2422295076499,7150245.5
2111,6-Iodoquinoline,"1d, 6-I-Q",1,0.0004,"2b, Boronic Ester",1,Pd(OAc)2,0.0625,Xantphos,0.125,,2.5,THF,35.706469160154,1774320.375
2112,6-Iodoquinoline,"1d, 6-I-Q",1,0.0004,"2b, Boronic Ester",1,Pd(OAc)2,0.0625,,,,2.5,THF,45.0688444638412,14375082.0
2113,6-Iodoquinoline,"1d, 6-I-Q",1,0.0004,"2b, Boronic Ester",1,Pd(OAc)2,0.0625,P(tBu)3,0.125,NaOH,2.5,DMF,74.7107367489958,3662933.25
2114,6-Iodoquinoline,"1d, 6-I-Q",1,0.0004,"2b, Boronic Ester",1,Pd(OAc)2,0.0625,P(Ph)3 ,0.125,NaOH,2.5,DMF,88.532284294614,23015334.0
2115,6-Iodoquinoline,"1d, 6-I-Q",1,0.0004,"2b, Boronic Ester",1,Pd(OAc)2,0.0625,AmPhos,0.125,NaOH,2.5,DMF,93.0855007197971,4561299.5
2116,6-Iodoquinoline,"1d, 6-I-Q",1,0.0004,"2b, Boronic Ester",1,Pd(OAc)2,0.0625,P(Cy)3,0.125,NaOH,2.5,DMF,93.8091802548288,23542056.0
2117,6-Iodoquinoline,"1d, 6-I-Q",1,0.0004,"2b, Boronic Ester",1,Pd(OAc)2,0.0625,P(o-Tol)3,0.125,NaOH,2.5,DMF,82.4480351390072,3809566.0
2118,6-Iodoquinoline,"1d, 6-I-Q",1,0.0004,"2b, Boronic Ester",1,Pd(OAc)2,0.0625,CataCXium A,0.125,NaOH,2.5,DMF,94.601976666177,18163984.0
2119,6-Iodoquinoline,"1d, 6-I-Q",1,0.0004,"2b, Boronic Ester",1,Pd(OAc)2,0.0625,SPhos,0.125,NaOH,2.5,DMF,91.0893124319501,4268764.5
2120,6-Iodoquinoline,"1d, 6-I-Q",1,0.0004,"2b, Boronic Ester",1,Pd(OAc)2,0.0625,dtbpf,0.125,NaOH,2.5,DMF,88.0938042386207,17833794.0
2121,6-Iodoquinoline,"1d, 6-I-Q",1,0.0004,"2b, Boronic Ester",1,Pd(OAc)2,0.0625,XPhos,0.125,NaOH,2.5,DMF,90.3412869547784,4576490.0
2122,6-Iodoquinoline,"1d, 6-I-Q",1,0.0004,"2b, Boronic Ester",1,Pd(OAc)2,0.0625,dppf,0.125,NaOH,2.5,DMF,23.2354720304938,4195011.0
2123,6-Iodoquinoline,"1d, 6-I-Q",1,0.0004,"2b, Boronic Ester",1,Pd(OAc)2,0.0625,Xantphos,0.125,NaOH,2.5,DMF,69.5565385435371,3278269.75
2124,6-Iodoquinoline,"1d, 6-I-Q",1,0.0004,"2b, Boronic Ester",1,Pd(OAc)2,0.0625,,,NaOH,2.5,DMF,49.4133548515836,13128756.0
2125,6-Iodoquinoline,"1d, 6-I-Q",1,0.0004,"2b, Boronic Ester",1,Pd(OAc)2,0.0625,P(tBu)3,0.125,NaHCO3,2.5,DMF,9.75878431939576,575101.875
2126,6-Iodoquinoline,"1d, 6-I-Q",1,0.0004,"2b, Boronic Ester",1,Pd(OAc)2,0.0625,P(Ph)3 ,0.125,NaHCO3,2.5,DMF,93.0902146037854,21650122.0
2127,6-Iodoquinoline,"1d, 6-I-Q",1,0.0004,"2b, Boronic Ester",1,Pd(OAc)2,0.0625,AmPhos,0.125,NaHCO3,2.5,DMF,88.6373281578888,4273074.0
2128,6-Iodoquinoline,"1d, 6-I-Q",1,0.0004,"2b, Boronic Ester",1,Pd(OAc)2,0.0625,P(Cy)3,0.125,NaHCO3,2.5,DMF,70.0526683935628,15195731.0
2129,6-Iodoquinoline,"1d, 6-I-Q",1,0.0004,"2b, Boronic Ester",1,Pd(OAc)2,0.0625,P(o-Tol)3,0.125,NaHCO3,2.5,DMF,62.6097213043807,2711034.5
2130,6-Iodoquinoline,"1d, 6-I-Q",1,0.0004,"2b, Boronic Ester",1,Pd(OAc)2,0.0625,CataCXium A,0.125,NaHCO3,2.5,DMF,84.4858978893051,15702663.0
2131,6-Iodoquinoline,"1d, 6-I-Q",1,0.0004,"2b, Boronic Ester",1,Pd(OAc)2,0.0625,SPhos,0.125,NaHCO3,2.5,DMF,75.8656482134119,3323533.25
2132,6-Iodoquinoline,"1d, 6-I-Q",1,0.0004,"2b, Boronic Ester",1,Pd(OAc)2,0.0625,dtbpf,0.125,NaHCO3,2.5,DMF,55.340408136272,9952338.0
2133,6-Iodoquinoline,"1d, 6-I-Q",1,0.0004,"2b, Boronic Ester",1,Pd(OAc)2,0.0625,XPhos,0.125,NaHCO3,2.5,DMF,72.621856344,3061057.75
2134,6-Iodoquinoline,"1d, 6-I-Q",1,0.0004,"2b, Boronic Ester",1,Pd(OAc)2,0.0625,dppf,0.125,NaHCO3,2.5,DMF,52.3618595877525,8624300.0
2135,6-Iodoquinoline,"1d, 6-I-Q",1,0.0004,"2b, Boronic Ester",1,Pd(OAc)2,0.0625,Xantphos,0.125,NaHCO3,2.5,DMF,18.7774664113161,933206.3125
2136,6-Iodoquinoline,"1d, 6-I-Q",1,0.0004,"2b, Boronic Ester",1,Pd(OAc)2,0.0625,,,NaHCO3,2.5,DMF,38.7453403193097,9944528.0
2137,6-Iodoquinoline,"1d, 6-I-Q",1,0.0004,"2b, Boronic Ester",1,Pd(OAc)2,0.0625,P(tBu)3,0.125,CsF,2.5,DMF,8.71938376765906,551153.5625
2138,6-Iodoquinoline,"1d, 6-I-Q",1,0.0004,"2b, Boronic Ester",1,Pd(OAc)2,0.0625,P(Ph)3 ,0.125,CsF,2.5,DMF,90.9211934221638,21391110.0
2139,6-Iodoquinoline,"1d, 6-I-Q",1,0.0004,"2b, Boronic Ester",1,Pd(OAc)2,0.0625,AmPhos,0.125,CsF,2.5,DMF,91.8318109216193,4058586.75
2140,6-Iodoquinoline,"1d, 6-I-Q",1,0.0004,"2b, Boronic Ester",1,Pd(OAc)2,0.0625,P(Cy)3,0.125,CsF,2.5,DMF,82.679711652724,19516204.0
2141,6-Iodoquinoline,"1d, 6-I-Q",1,0.0004,"2b, Boronic Ester",1,Pd(OAc)2,0.0625,P(o-Tol)3,0.125,CsF,2.5,DMF,77.7167898849177,3512262.5
2142,6-Iodoquinoline,"1d, 6-I-Q",1,0.0004,"2b, Boronic Ester",1,Pd(OAc)2,0.0625,CataCXium A,0.125,CsF,2.5,DMF,94.6864418133215,20768540.0
2143,6-Iodoquinoline,"1d, 6-I-Q",1,0.0004,"2b, Boronic Ester",1,Pd(OAc)2,0.0625,SPhos,0.125,CsF,2.5,DMF,82.5833913998959,3665527.0
2144,6-Iodoquinoline,"1d, 6-I-Q",1,0.0004,"2b, Boronic Ester",1,Pd(OAc)2,0.0625,dtbpf,0.125,CsF,2.5,DMF,65.4211949280103,11667704.0
2145,6-Iodoquinoline,"1d, 6-I-Q",1,0.0004,"2b, Boronic Ester",1,Pd(OAc)2,0.0625,XPhos,0.125,CsF,2.5,DMF,75.7049127480775,3348745.5
2146,6-Iodoquinoline,"1d, 6-I-Q",1,0.0004,"2b, Boronic Ester",1,Pd(OAc)2,0.0625,dppf,0.125,CsF,2.5,DMF,80.0178129343554,16290714.0
2147,6-Iodoquinoline,"1d, 6-I-Q",1,0.0004,"2b, Boronic Ester",1,Pd(OAc)2,0.0625,Xantphos,0.125,CsF,2.5,DMF,20.8546302579408,1091545.5
2148,6-Iodoquinoline,"1d, 6-I-Q",1,0.0004,"2b, Boronic Ester",1,Pd(OAc)2,0.0625,,,CsF,2.5,DMF,45.4238189927164,12254825.0
2149,6-Iodoquinoline,"1d, 6-I-Q",1,0.0004,"2b, Boronic Ester",1,Pd(OAc)2,0.0625,P(tBu)3,0.125,K3PO4,2.5,DMF,67.2050803870218,2942636.25
2150,6-Iodoquinoline,"1d, 6-I-Q",1,0.0004,"2b, Boronic Ester",1,Pd(OAc)2,0.0625,P(Ph)3 ,0.125,K3PO4,2.5,DMF,82.4890050607835,18558252.0
2151,6-Iodoquinoline,"1d, 6-I-Q",1,0.0004,"2b, Boronic Ester",1,Pd(OAc)2,0.0625,AmPhos,0.125,K3PO4,2.5,DMF,85.3787430856845,3776452.25
2152,6-Iodoquinoline,"1d, 6-I-Q",1,0.0004,"2b, Boronic Ester",1,Pd(OAc)2,0.0625,P(Cy)3,0.125,K3PO4,2.5,DMF,60.8675075980687,13645015.0
2153,6-Iodoquinoline,"1d, 6-I-Q",1,0.0004,"2b, Boronic Ester",1,Pd(OAc)2,0.0625,P(o-Tol)3,0.125,K3PO4,2.5,DMF,55.4336642740937,2177376.5
2154,6-Iodoquinoline,"1d, 6-I-Q",1,0.0004,"2b, Boronic Ester",1,Pd(OAc)2,0.0625,CataCXium A,0.125,K3PO4,2.5,DMF,80.2289198175065,16714475.0
2155,6-Iodoquinoline,"1d, 6-I-Q",1,0.0004,"2b, Boronic Ester",1,Pd(OAc)2,0.0625,SPhos,0.125,K3PO4,2.5,DMF,65.9115894046656,2817541.5
2156,6-Iodoquinoline,"1d, 6-I-Q",1,0.0004,"2b, Boronic Ester",1,Pd(OAc)2,0.0625,dtbpf,0.125,K3PO4,2.5,DMF,60.6225682272502,9583763.0
2157,6-Iodoquinoline,"1d, 6-I-Q",1,0.0004,"2b, Boronic Ester",1,Pd(OAc)2,0.0625,XPhos,0.125,K3PO4,2.5,DMF,51.2806986262864,1996620.875
2158,6-Iodoquinoline,"1d, 6-I-Q",1,0.0004,"2b, Boronic Ester",1,Pd(OAc)2,0.0625,dppf,0.125,K3PO4,2.5,DMF,33.2179446989488,5245969.5
2159,6-Iodoquinoline,"1d, 6-I-Q",1,0.0004,"2b, Boronic Ester",1,Pd(OAc)2,0.0625,Xantphos,0.125,K3PO4,2.5,DMF,19.1249564076949,903342.8125
2160,6-Iodoquinoline,"1d, 6-I-Q",1,0.0004,"2b, Boronic Ester",1,Pd(OAc)2,0.0625,,,K3PO4,2.5,DMF,40.0716017551912,10591962.0
2161,6-Iodoquinoline,"1d, 6-I-Q",1,0.0004,"2b, Boronic Ester",1,Pd(OAc)2,0.0625,P(tBu)3,0.125,KOH,2.5,DMF,56.5577572317963,2535159.25
2162,6-Iodoquinoline,"1d, 6-I-Q",1,0.0004,"2b, Boronic Ester",1,Pd(OAc)2,0.0625,P(Ph)3 ,0.125,KOH,2.5,DMF,93.4633997767608,23328716.0
2163,6-Iodoquinoline,"1d, 6-I-Q",1,0.0004,"2b, Boronic Ester",1,Pd(OAc)2,0.0625,AmPhos,0.125,KOH,2.5,DMF,91.3490076349663,4439501.5
2164,6-Iodoquinoline,"1d, 6-I-Q",1,0.0004,"2b, Boronic Ester",1,Pd(OAc)2,0.0625,P(Cy)3,0.125,KOH,2.5,DMF,93.6177290076976,24059054.0
2165,6-Iodoquinoline,"1d, 6-I-Q",1,0.0004,"2b, Boronic Ester",1,Pd(OAc)2,0.0625,P(o-Tol)3,0.125,KOH,2.5,DMF,82.1428956832824,3791431.5
2166,6-Iodoquinoline,"1d, 6-I-Q",1,0.0004,"2b, Boronic Ester",1,Pd(OAc)2,0.0625,CataCXium A,0.125,KOH,2.5,DMF,94.1253984509341,19413844.0
2167,6-Iodoquinoline,"1d, 6-I-Q",1,0.0004,"2b, Boronic Ester",1,Pd(OAc)2,0.0625,SPhos,0.125,KOH,2.5,DMF,88.8943279017714,4207415.5
2168,6-Iodoquinoline,"1d, 6-I-Q",1,0.0004,"2b, Boronic Ester",1,Pd(OAc)2,0.0625,dtbpf,0.125,KOH,2.5,DMF,81.2116415511972,15569692.0
2169,6-Iodoquinoline,"1d, 6-I-Q",1,0.0004,"2b, Boronic Ester",1,Pd(OAc)2,0.0625,XPhos,0.125,KOH,2.5,DMF,85.9595559123163,4070370.75
2170,6-Iodoquinoline,"1d, 6-I-Q",1,0.0004,"2b, Boronic Ester",1,Pd(OAc)2,0.0625,dppf,0.125,KOH,2.5,DMF,42.2352668094115,7276736.5
2171,6-Iodoquinoline,"1d, 6-I-Q",1,0.0004,"2b, Boronic Ester",1,Pd(OAc)2,0.0625,Xantphos,0.125,KOH,2.5,DMF,72.1694382931371,3427047.75
2172,6-Iodoquinoline,"1d, 6-I-Q",1,0.0004,"2b, Boronic Ester",1,Pd(OAc)2,0.0625,,,KOH,2.5,DMF,59.380777959232,14973448.0
2173,6-Iodoquinoline,"1d, 6-I-Q",1,0.0004,"2b, Boronic Ester",1,Pd(OAc)2,0.0625,P(tBu)3,0.125,LiOtBu,2.5,DMF,88.3293993186939,3968125.25
2174,6-Iodoquinoline,"1d, 6-I-Q",1,0.0004,"2b, Boronic Ester",1,Pd(OAc)2,0.0625,P(Ph)3 ,0.125,LiOtBu,2.5,DMF,95.4927179445054,22957396.0
2175,6-Iodoquinoline,"1d, 6-I-Q",1,0.0004,"2b, Boronic Ester",1,Pd(OAc)2,0.0625,AmPhos,0.125,LiOtBu,2.5,DMF,96.2821728647772,4521996.5
2176,6-Iodoquinoline,"1d, 6-I-Q",1,0.0004,"2b, Boronic Ester",1,Pd(OAc)2,0.0625,P(Cy)3,0.125,LiOtBu,2.5,DMF,89.0252438637742,19742418.0
2177,6-Iodoquinoline,"1d, 6-I-Q",1,0.0004,"2b, Boronic Ester",1,Pd(OAc)2,0.0625,P(o-Tol)3,0.125,LiOtBu,2.5,DMF,82.5802142075651,3638194.75
2178,6-Iodoquinoline,"1d, 6-I-Q",1,0.0004,"2b, Boronic Ester",1,Pd(OAc)2,0.0625,CataCXium A,0.125,LiOtBu,2.5,DMF,96.9708115437621,18585278.0
2179,6-Iodoquinoline,"1d, 6-I-Q",1,0.0004,"2b, Boronic Ester",1,Pd(OAc)2,0.0625,SPhos,0.125,LiOtBu,2.5,DMF,93.7907153740685,4322048.0
2180,6-Iodoquinoline,"1d, 6-I-Q",1,0.0004,"2b, Boronic Ester",1,Pd(OAc)2,0.0625,dtbpf,0.125,LiOtBu,2.5,DMF,83.3408706737341,15177728.0
2181,6-Iodoquinoline,"1d, 6-I-Q",1,0.0004,"2b, Boronic Ester",1,Pd(OAc)2,0.0625,XPhos,0.125,LiOtBu,2.5,DMF,82.1370367674715,3650715.25
2182,6-Iodoquinoline,"1d, 6-I-Q",1,0.0004,"2b, Boronic Ester",1,Pd(OAc)2,0.0625,dppf,0.125,LiOtBu,2.5,DMF,29.8366945744184,5417779.5
2183,6-Iodoquinoline,"1d, 6-I-Q",1,0.0004,"2b, Boronic Ester",1,Pd(OAc)2,0.0625,Xantphos,0.125,LiOtBu,2.5,DMF,68.6410849149179,3180095.75
2184,6-Iodoquinoline,"1d, 6-I-Q",1,0.0004,"2b, Boronic Ester",1,Pd(OAc)2,0.0625,,,LiOtBu,2.5,DMF,61.7916966268352,14565537.0
2185,6-Iodoquinoline,"1d, 6-I-Q",1,0.0004,"2b, Boronic Ester",1,Pd(OAc)2,0.0625,P(tBu)3,0.125,Et3N,2.5,DMF,92.9553083325161,4220567.5
2186,6-Iodoquinoline,"1d, 6-I-Q",1,0.0004,"2b, Boronic Ester",1,Pd(OAc)2,0.0625,P(Ph)3 ,0.125,Et3N,2.5,DMF,89.1461143519818,20739278.0
2187,6-Iodoquinoline,"1d, 6-I-Q",1,0.0004,"2b, Boronic Ester",1,Pd(OAc)2,0.0625,AmPhos,0.125,Et3N,2.5,DMF,90.808720851855,4314321.5
2188,6-Iodoquinoline,"1d, 6-I-Q",1,0.0004,"2b, Boronic Ester",1,Pd(OAc)2,0.0625,P(Cy)3,0.125,Et3N,2.5,DMF,76.9789541189289,17354554.0
2189,6-Iodoquinoline,"1d, 6-I-Q",1,0.0004,"2b, Boronic Ester",1,Pd(OAc)2,0.0625,P(o-Tol)3,0.125,Et3N,2.5,DMF,71.3362160160166,3090016.25
2190,6-Iodoquinoline,"1d, 6-I-Q",1,0.0004,"2b, Boronic Ester",1,Pd(OAc)2,0.0625,CataCXium A,0.125,Et3N,2.5,DMF,86.4445852720067,16065693.0
2191,6-Iodoquinoline,"1d, 6-I-Q",1,0.0004,"2b, Boronic Ester",1,Pd(OAc)2,0.0625,SPhos,0.125,Et3N,2.5,DMF,73.0162610888146,3067594.25
2192,6-Iodoquinoline,"1d, 6-I-Q",1,0.0004,"2b, Boronic Ester",1,Pd(OAc)2,0.0625,dtbpf,0.125,Et3N,2.5,DMF,69.9025228149654,12480631.0
2193,6-Iodoquinoline,"1d, 6-I-Q",1,0.0004,"2b, Boronic Ester",1,Pd(OAc)2,0.0625,XPhos,0.125,Et3N,2.5,DMF,72.7517695659985,3360154.5
2194,6-Iodoquinoline,"1d, 6-I-Q",1,0.0004,"2b, Boronic Ester",1,Pd(OAc)2,0.0625,dppf,0.125,Et3N,2.5,DMF,32.1479564362231,4991003.0
2195,6-Iodoquinoline,"1d, 6-I-Q",1,0.0004,"2b, Boronic Ester",1,Pd(OAc)2,0.0625,Xantphos,0.125,Et3N,2.5,DMF,42.0944788588569,2004359.625
2196,6-Iodoquinoline,"1d, 6-I-Q",1,0.0004,"2b, Boronic Ester",1,Pd(OAc)2,0.0625,,,Et3N,2.5,DMF,31.4989415232435,8569023.0
2197,6-Iodoquinoline,"1d, 6-I-Q",1,0.0004,"2b, Boronic Ester",1,Pd(OAc)2,0.0625,P(tBu)3,0.125,,2.5,DMF,90.9169612457583,4350944.5
2198,6-Iodoquinoline,"1d, 6-I-Q",1,0.0004,"2b, Boronic Ester",1,Pd(OAc)2,0.0625,P(Ph)3 ,0.125,,2.5,DMF,95.1802310856127,23813776.0
2199,6-Iodoquinoline,"1d, 6-I-Q",1,0.0004,"2b, Boronic Ester",1,Pd(OAc)2,0.0625,AmPhos,0.125,,2.5,DMF,95.7802758865213,4415177.0
2200,6-Iodoquinoline,"1d, 6-I-Q",1,0.0004,"2b, Boronic Ester",1,Pd(OAc)2,0.0625,P(Cy)3,0.125,,2.5,DMF,62.8996998357009,13659143.0
2201,6-Iodoquinoline,"1d, 6-I-Q",1,0.0004,"2b, Boronic Ester",1,Pd(OAc)2,0.0625,P(o-Tol)3,0.125,,2.5,DMF,51.6180680309116,2091557.0
2202,6-Iodoquinoline,"1d, 6-I-Q",1,0.0004,"2b, Boronic Ester",1,Pd(OAc)2,0.0625,CataCXium A,0.125,,2.5,DMF,74.5325442406221,14038106.0
2203,6-Iodoquinoline,"1d, 6-I-Q",1,0.0004,"2b, Boronic Ester",1,Pd(OAc)2,0.0625,SPhos,0.125,,2.5,DMF,55.905079901377,2232587.0
2204,6-Iodoquinoline,"1d, 6-I-Q",1,0.0004,"2b, Boronic Ester",1,Pd(OAc)2,0.0625,dtbpf,0.125,,2.5,DMF,52.6650852461007,8284257.5
2205,6-Iodoquinoline,"1d, 6-I-Q",1,0.0004,"2b, Boronic Ester",1,Pd(OAc)2,0.0625,XPhos,0.125,,2.5,DMF,44.362265857243,1730603.125
2206,6-Iodoquinoline,"1d, 6-I-Q",1,0.0004,"2b, Boronic Ester",1,Pd(OAc)2,0.0625,dppf,0.125,,2.5,DMF,33.1165102409529,5148746.5
2207,6-Iodoquinoline,"1d, 6-I-Q",1,0.0004,"2b, Boronic Ester",1,Pd(OAc)2,0.0625,Xantphos,0.125,,2.5,DMF,15.4613611576148,736537.5625
2208,6-Iodoquinoline,"1d, 6-I-Q",1,0.0004,"2b, Boronic Ester",1,Pd(OAc)2,0.0625,,,,2.5,DMF,30.2758848928958,8366701.5
2209,6-Iodoquinoline,"1d, 6-I-Q",1,0.0004,"2b, Boronic Ester",1,Pd(OAc)2,0.0625,P(tBu)3,0.125,NaOH,2.5,MeOH,80.0180316247857,2705669.25
2210,6-Iodoquinoline,"1d, 6-I-Q",1,0.0004,"2b, Boronic Ester",1,Pd(OAc)2,0.0625,P(Ph)3 ,0.125,NaOH,2.5,MeOH,89.9633319381226,20054148.0
2211,6-Iodoquinoline,"1d, 6-I-Q",1,0.0004,"2b, Boronic Ester",1,Pd(OAc)2,0.0625,AmPhos,0.125,NaOH,2.5,MeOH,90.3641871583172,2776702.5
2212,6-Iodoquinoline,"1d, 6-I-Q",1,0.0004,"2b, Boronic Ester",1,Pd(OAc)2,0.0625,P(Cy)3,0.125,NaOH,2.5,MeOH,84.380228086177,9099818.0
2213,6-Iodoquinoline,"1d, 6-I-Q",1,0.0004,"2b, Boronic Ester",1,Pd(OAc)2,0.0625,P(o-Tol)3,0.125,NaOH,2.5,MeOH,83.2549988558846,1872232.125
2214,6-Iodoquinoline,"1d, 6-I-Q",1,0.0004,"2b, Boronic Ester",1,Pd(OAc)2,0.0625,CataCXium A,0.125,NaOH,2.5,MeOH,84.7999059097482,9257291.0
2215,6-Iodoquinoline,"1d, 6-I-Q",1,0.0004,"2b, Boronic Ester",1,Pd(OAc)2,0.0625,SPhos,0.125,NaOH,2.5,MeOH,83.8977514718059,1724233.375
2216,6-Iodoquinoline,"1d, 6-I-Q",1,0.0004,"2b, Boronic Ester",1,Pd(OAc)2,0.0625,dtbpf,0.125,NaOH,2.5,MeOH,74.9427798770225,6023882.5
2217,6-Iodoquinoline,"1d, 6-I-Q",1,0.0004,"2b, Boronic Ester",1,Pd(OAc)2,0.0625,XPhos,0.125,NaOH,2.5,MeOH,81.0500694745825,1434672.625
2218,6-Iodoquinoline,"1d, 6-I-Q",1,0.0004,"2b, Boronic Ester",1,Pd(OAc)2,0.0625,dppf,0.125,NaOH,2.5,MeOH,80.9916748142986,6217437.0
2219,6-Iodoquinoline,"1d, 6-I-Q",1,0.0004,"2b, Boronic Ester",1,Pd(OAc)2,0.0625,Xantphos,0.125,NaOH,2.5,MeOH,48.4150872239126,752778.625
2220,6-Iodoquinoline,"1d, 6-I-Q",1,0.0004,"2b, Boronic Ester",1,Pd(OAc)2,0.0625,,,NaOH,2.5,MeOH,75.4720499943282,10655088.0
2221,6-Iodoquinoline,"1d, 6-I-Q",1,0.0004,"2b, Boronic Ester",1,Pd(OAc)2,0.0625,P(tBu)3,0.125,NaHCO3,2.5,MeOH,77.2731767702569,721803.9375
2222,6-Iodoquinoline,"1d, 6-I-Q",1,0.0004,"2b, Boronic Ester",1,Pd(OAc)2,0.0625,P(Ph)3 ,0.125,NaHCO3,2.5,MeOH,87.8391577701505,6133626.0
2223,6-Iodoquinoline,"1d, 6-I-Q",1,0.0004,"2b, Boronic Ester",1,Pd(OAc)2,0.0625,AmPhos,0.125,NaHCO3,2.5,MeOH,90.0727586381624,913578.75
2224,6-Iodoquinoline,"1d, 6-I-Q",1,0.0004,"2b, Boronic Ester",1,Pd(OAc)2,0.0625,P(Cy)3,0.125,NaHCO3,2.5,MeOH,86.5816582241256,4140501.75
2225,6-Iodoquinoline,"1d, 6-I-Q",1,0.0004,"2b, Boronic Ester",1,Pd(OAc)2,0.0625,P(o-Tol)3,0.125,NaHCO3,2.5,MeOH,86.8204767499704,698198.375
2226,6-Iodoquinoline,"1d, 6-I-Q",1,0.0004,"2b, Boronic Ester",1,Pd(OAc)2,0.0625,CataCXium A,0.125,NaHCO3,2.5,MeOH,83.7480902579149,5100867.5
2227,6-Iodoquinoline,"1d, 6-I-Q",1,0.0004,"2b, Boronic Ester",1,Pd(OAc)2,0.0625,SPhos,0.125,NaHCO3,2.5,MeOH,82.5043652181915,660684.5
2228,6-Iodoquinoline,"1d, 6-I-Q",1,0.0004,"2b, Boronic Ester",1,Pd(OAc)2,0.0625,dtbpf,0.125,NaHCO3,2.5,MeOH,67.2349451275788,2410161.25
2229,6-Iodoquinoline,"1d, 6-I-Q",1,0.0004,"2b, Boronic Ester",1,Pd(OAc)2,0.0625,XPhos,0.125,NaHCO3,2.5,MeOH,81.5162601766665,448316.6875
2230,6-Iodoquinoline,"1d, 6-I-Q",1,0.0004,"2b, Boronic Ester",1,Pd(OAc)2,0.0625,dppf,0.125,NaHCO3,2.5,MeOH,79.8836204385111,3240813.25
2231,6-Iodoquinoline,"1d, 6-I-Q",1,0.0004,"2b, Boronic Ester",1,Pd(OAc)2,0.0625,Xantphos,0.125,NaHCO3,2.5,MeOH,46.6970685650974,211180.640625
2232,6-Iodoquinoline,"1d, 6-I-Q",1,0.0004,"2b, Boronic Ester",1,Pd(OAc)2,0.0625,,,NaHCO3,2.5,MeOH,74.8954851450335,9323048.0
2233,6-Iodoquinoline,"1d, 6-I-Q",1,0.0004,"2b, Boronic Ester",1,Pd(OAc)2,0.0625,P(tBu)3,0.125,CsF,2.5,MeOH,67.0780084524069,267526.0
2234,6-Iodoquinoline,"1d, 6-I-Q",1,0.0004,"2b, Boronic Ester",1,Pd(OAc)2,0.0625,P(Ph)3 ,0.125,CsF,2.5,MeOH,67.9992271937513,2098604.25
2235,6-Iodoquinoline,"1d, 6-I-Q",1,0.0004,"2b, Boronic Ester",1,Pd(OAc)2,0.0625,AmPhos,0.125,CsF,2.5,MeOH,75.6767912108961,432417.78125
2236,6-Iodoquinoline,"1d, 6-I-Q",1,0.0004,"2b, Boronic Ester",1,Pd(OAc)2,0.0625,P(Cy)3,0.125,CsF,2.5,MeOH,77.4069125784292,2838134.5
2237,6-Iodoquinoline,"1d, 6-I-Q",1,0.0004,"2b, Boronic Ester",1,Pd(OAc)2,0.0625,P(o-Tol)3,0.125,CsF,2.5,MeOH,72.91904038225,613770.875
2238,6-Iodoquinoline,"1d, 6-I-Q",1,0.0004,"2b, Boronic Ester",1,Pd(OAc)2,0.0625,CataCXium A,0.125,CsF,2.5,MeOH,76.0810736907673,2693623.25
2239,6-Iodoquinoline,"1d, 6-I-Q",1,0.0004,"2b, Boronic Ester",1,Pd(OAc)2,0.0625,SPhos,0.125,CsF,2.5,MeOH,52.179758534187,332277.0
2240,6-Iodoquinoline,"1d, 6-I-Q",1,0.0004,"2b, Boronic Ester",1,Pd(OAc)2,0.0625,dtbpf,0.125,CsF,2.5,MeOH,50.9059845404208,1908253.75
2241,6-Iodoquinoline,"1d, 6-I-Q",1,0.0004,"2b, Boronic Ester",1,Pd(OAc)2,0.0625,XPhos,0.125,CsF,2.5,MeOH,49.6133732169736,678454.75
2242,6-Iodoquinoline,"1d, 6-I-Q",1,0.0004,"2b, Boronic Ester",1,Pd(OAc)2,0.0625,dppf,0.125,CsF,2.5,MeOH,60.3397001213641,5089426.0
2243,6-Iodoquinoline,"1d, 6-I-Q",1,0.0004,"2b, Boronic Ester",1,Pd(OAc)2,0.0625,Xantphos,0.125,CsF,2.5,MeOH,21.0869811958156,85947.2109375
2244,6-Iodoquinoline,"1d, 6-I-Q",1,0.0004,"2b, Boronic Ester",1,Pd(OAc)2,0.0625,,,CsF,2.5,MeOH,40.4005890123846,3807783.25
2245,6-Iodoquinoline,"1d, 6-I-Q",1,0.0004,"2b, Boronic Ester",1,Pd(OAc)2,0.0625,P(tBu)3,0.125,K3PO4,2.5,MeOH,83.0418373777861,999265.8125
2246,6-Iodoquinoline,"1d, 6-I-Q",1,0.0004,"2b, Boronic Ester",1,Pd(OAc)2,0.0625,P(Ph)3 ,0.125,K3PO4,2.5,MeOH,90.3565709926078,6493513.0
2247,6-Iodoquinoline,"1d, 6-I-Q",1,0.0004,"2b, Boronic Ester",1,Pd(OAc)2,0.0625,AmPhos,0.125,K3PO4,2.5,MeOH,92.580425598343,1338850.875
2248,6-Iodoquinoline,"1d, 6-I-Q",1,0.0004,"2b, Boronic Ester",1,Pd(OAc)2,0.0625,P(Cy)3,0.125,K3PO4,2.5,MeOH,88.0449321718005,8551042.0
2249,6-Iodoquinoline,"1d, 6-I-Q",1,0.0004,"2b, Boronic Ester",1,Pd(OAc)2,0.0625,P(o-Tol)3,0.125,K3PO4,2.5,MeOH,88.19228280512,1049498.25
2250,6-Iodoquinoline,"1d, 6-I-Q",1,0.0004,"2b, Boronic Ester",1,Pd(OAc)2,0.0625,CataCXium A,0.125,K3PO4,2.5,MeOH,91.1514820193712,8839411.0
2251,6-Iodoquinoline,"1d, 6-I-Q",1,0.0004,"2b, Boronic Ester",1,Pd(OAc)2,0.0625,SPhos,0.125,K3PO4,2.5,MeOH,88.9598857495884,1454084.625
2252,6-Iodoquinoline,"1d, 6-I-Q",1,0.0004,"2b, Boronic Ester",1,Pd(OAc)2,0.0625,dtbpf,0.125,K3PO4,2.5,MeOH,77.5480591052496,4756263.5
2253,6-Iodoquinoline,"1d, 6-I-Q",1,0.0004,"2b, Boronic Ester",1,Pd(OAc)2,0.0625,XPhos,0.125,K3PO4,2.5,MeOH,85.092178075327,868947.5
2254,6-Iodoquinoline,"1d, 6-I-Q",1,0.0004,"2b, Boronic Ester",1,Pd(OAc)2,0.0625,dppf,0.125,K3PO4,2.5,MeOH,78.7805943318803,4055401.5
2255,6-Iodoquinoline,"1d, 6-I-Q",1,0.0004,"2b, Boronic Ester",1,Pd(OAc)2,0.0625,Xantphos,0.125,K3PO4,2.5,MeOH,39.7995572365253,280819.34375
2256,6-Iodoquinoline,"1d, 6-I-Q",1,0.0004,"2b, Boronic Ester",1,Pd(OAc)2,0.0625,,,K3PO4,2.5,MeOH,75.4157913836285,6571500.5
2257,6-Iodoquinoline,"1d, 6-I-Q",1,0.0004,"2b, Boronic Ester",1,Pd(OAc)2,0.0625,P(tBu)3,0.125,KOH,2.5,MeOH,80.9135379771421,608507.875
2258,6-Iodoquinoline,"1d, 6-I-Q",1,0.0004,"2b, Boronic Ester",1,Pd(OAc)2,0.0625,P(Ph)3 ,0.125,KOH,2.5,MeOH,83.2141932965879,3745811.25
2259,6-Iodoquinoline,"1d, 6-I-Q",1,0.0004,"2b, Boronic Ester",1,Pd(OAc)2,0.0625,AmPhos,0.125,KOH,2.5,MeOH,83.8040660458964,697174.1875
2260,6-Iodoquinoline,"1d, 6-I-Q",1,0.0004,"2b, Boronic Ester",1,Pd(OAc)2,0.0625,P(Cy)3,0.125,KOH,2.5,MeOH,78.5633428373669,3211354.5
2261,6-Iodoquinoline,"1d, 6-I-Q",1,0.0004,"2b, Boronic Ester",1,Pd(OAc)2,0.0625,P(o-Tol)3,0.125,KOH,2.5,MeOH,86.4020620342603,453022.625
2262,6-Iodoquinoline,"1d, 6-I-Q",1,0.0004,"2b, Boronic Ester",1,Pd(OAc)2,0.0625,CataCXium A,0.125,KOH,2.5,MeOH,83.7144551706374,2866473.25
2263,6-Iodoquinoline,"1d, 6-I-Q",1,0.0004,"2b, Boronic Ester",1,Pd(OAc)2,0.0625,SPhos,0.125,KOH,2.5,MeOH,87.8139516657921,507557.375
2264,6-Iodoquinoline,"1d, 6-I-Q",1,0.0004,"2b, Boronic Ester",1,Pd(OAc)2,0.0625,dtbpf,0.125,KOH,2.5,MeOH,78.4836956896188,2795731.0
2265,6-Iodoquinoline,"1d, 6-I-Q",1,0.0004,"2b, Boronic Ester",1,Pd(OAc)2,0.0625,XPhos,0.125,KOH,2.5,MeOH,82.3457149952457,452431.15625
2266,6-Iodoquinoline,"1d, 6-I-Q",1,0.0004,"2b, Boronic Ester",1,Pd(OAc)2,0.0625,dppf,0.125,KOH,2.5,MeOH,84.8291348184061,1943440.0
2267,6-Iodoquinoline,"1d, 6-I-Q",1,0.0004,"2b, Boronic Ester",1,Pd(OAc)2,0.0625,Xantphos,0.125,KOH,2.5,MeOH,75.0570288082755,265045.5625
2268,6-Iodoquinoline,"1d, 6-I-Q",1,0.0004,"2b, Boronic Ester",1,Pd(OAc)2,0.0625,,,KOH,2.5,MeOH,68.0752183831305,3557539.75
2269,6-Iodoquinoline,"1d, 6-I-Q",1,0.0004,"2b, Boronic Ester",1,Pd(OAc)2,0.0625,P(tBu)3,0.125,LiOtBu,2.5,MeOH,85.9243229100607,229752.75
2270,6-Iodoquinoline,"1d, 6-I-Q",1,0.0004,"2b, Boronic Ester",1,Pd(OAc)2,0.0625,P(Ph)3 ,0.125,LiOtBu,2.5,MeOH,92.3311863723015,3328933.75
2271,6-Iodoquinoline,"1d, 6-I-Q",1,0.0004,"2b, Boronic Ester",1,Pd(OAc)2,0.0625,AmPhos,0.125,LiOtBu,2.5,MeOH,100.0,508171.625
2272,6-Iodoquinoline,"1d, 6-I-Q",1,0.0004,"2b, Boronic Ester",1,Pd(OAc)2,0.0625,P(Cy)3,0.125,LiOtBu,2.5,MeOH,89.2742346152498,3336679.5
2273,6-Iodoquinoline,"1d, 6-I-Q",1,0.0004,"2b, Boronic Ester",1,Pd(OAc)2,0.0625,P(o-Tol)3,0.125,LiOtBu,2.5,MeOH,100.0,499096.28125
2274,6-Iodoquinoline,"1d, 6-I-Q",1,0.0004,"2b, Boronic Ester",1,Pd(OAc)2,0.0625,CataCXium A,0.125,LiOtBu,2.5,MeOH,86.188448296281,2940464.0
2275,6-Iodoquinoline,"1d, 6-I-Q",1,0.0004,"2b, Boronic Ester",1,Pd(OAc)2,0.0625,SPhos,0.125,LiOtBu,2.5,MeOH,100.0,379670.5625
2276,6-Iodoquinoline,"1d, 6-I-Q",1,0.0004,"2b, Boronic Ester",1,Pd(OAc)2,0.0625,dtbpf,0.125,LiOtBu,2.5,MeOH,88.7147174243862,2920767.5
2277,6-Iodoquinoline,"1d, 6-I-Q",1,0.0004,"2b, Boronic Ester",1,Pd(OAc)2,0.0625,XPhos,0.125,LiOtBu,2.5,MeOH,91.9010709994208,317414.90625
2278,6-Iodoquinoline,"1d, 6-I-Q",1,0.0004,"2b, Boronic Ester",1,Pd(OAc)2,0.0625,dppf,0.125,LiOtBu,2.5,MeOH,85.3539605436256,3139500.75
2279,6-Iodoquinoline,"1d, 6-I-Q",1,0.0004,"2b, Boronic Ester",1,Pd(OAc)2,0.0625,Xantphos,0.125,LiOtBu,2.5,MeOH,85.4205716095521,263190.3125
2280,6-Iodoquinoline,"1d, 6-I-Q",1,0.0004,"2b, Boronic Ester",1,Pd(OAc)2,0.0625,,,LiOtBu,2.5,MeOH,64.0959235700096,2327041.5
2281,6-Iodoquinoline,"1d, 6-I-Q",1,0.0004,"2b, Boronic Ester",1,Pd(OAc)2,0.0625,P(tBu)3,0.125,Et3N,2.5,MeOH,70.6510462667117,570315.5
2282,6-Iodoquinoline,"1d, 6-I-Q",1,0.0004,"2b, Boronic Ester",1,Pd(OAc)2,0.0625,P(Ph)3 ,0.125,Et3N,2.5,MeOH,78.7705003461351,1467428.5
2283,6-Iodoquinoline,"1d, 6-I-Q",1,0.0004,"2b, Boronic Ester",1,Pd(OAc)2,0.0625,AmPhos,0.125,Et3N,2.5,MeOH,73.9561555015255,294206.875
2284,6-Iodoquinoline,"1d, 6-I-Q",1,0.0004,"2b, Boronic Ester",1,Pd(OAc)2,0.0625,P(Cy)3,0.125,Et3N,2.5,MeOH,84.0520696358255,2417373.25
2285,6-Iodoquinoline,"1d, 6-I-Q",1,0.0004,"2b, Boronic Ester",1,Pd(OAc)2,0.0625,P(o-Tol)3,0.125,Et3N,2.5,MeOH,72.1828507181212,223695.046875
2286,6-Iodoquinoline,"1d, 6-I-Q",1,0.0004,"2b, Boronic Ester",1,Pd(OAc)2,0.0625,CataCXium A,0.125,Et3N,2.5,MeOH,73.5317109522169,1933285.625
2287,6-Iodoquinoline,"1d, 6-I-Q",1,0.0004,"2b, Boronic Ester",1,Pd(OAc)2,0.0625,SPhos,0.125,Et3N,2.5,MeOH,76.4303161907336,304412.9375
2288,6-Iodoquinoline,"1d, 6-I-Q",1,0.0004,"2b, Boronic Ester",1,Pd(OAc)2,0.0625,dtbpf,0.125,Et3N,2.5,MeOH,59.7263839509863,1470229.25
2289,6-Iodoquinoline,"1d, 6-I-Q",1,0.0004,"2b, Boronic Ester",1,Pd(OAc)2,0.0625,XPhos,0.125,Et3N,2.5,MeOH,78.3561095070292,167936.265625
2290,6-Iodoquinoline,"1d, 6-I-Q",1,0.0004,"2b, Boronic Ester",1,Pd(OAc)2,0.0625,dppf,0.125,Et3N,2.5,MeOH,67.8204655748234,1219024.0
2291,6-Iodoquinoline,"1d, 6-I-Q",1,0.0004,"2b, Boronic Ester",1,Pd(OAc)2,0.0625,Xantphos,0.125,Et3N,2.5,MeOH,58.7965982080213,142750.4375
2292,6-Iodoquinoline,"1d, 6-I-Q",1,0.0004,"2b, Boronic Ester",1,Pd(OAc)2,0.0625,,,Et3N,2.5,MeOH,49.3675205588431,2573658.25
2293,6-Iodoquinoline,"1d, 6-I-Q",1,0.0004,"2b, Boronic Ester",1,Pd(OAc)2,0.0625,P(tBu)3,0.125,,2.5,MeOH,41.3940946931951,104065.9609375
2294,6-Iodoquinoline,"1d, 6-I-Q",1,0.0004,"2b, Boronic Ester",1,Pd(OAc)2,0.0625,P(Ph)3 ,0.125,,2.5,MeOH,47.4041199501663,1167435.0
2295,6-Iodoquinoline,"1d, 6-I-Q",1,0.0004,"2b, Boronic Ester",1,Pd(OAc)2,0.0625,AmPhos,0.125,,2.5,MeOH,66.1405625629358,164851.875
2296,6-Iodoquinoline,"1d, 6-I-Q",1,0.0004,"2b, Boronic Ester",1,Pd(OAc)2,0.0625,P(Cy)3,0.125,,2.5,MeOH,72.1646607047369,1744113.375
2297,6-Iodoquinoline,"1d, 6-I-Q",1,0.0004,"2b, Boronic Ester",1,Pd(OAc)2,0.0625,P(o-Tol)3,0.125,,2.5,MeOH,64.7277810747058,182430.71875
2298,6-Iodoquinoline,"1d, 6-I-Q",1,0.0004,"2b, Boronic Ester",1,Pd(OAc)2,0.0625,CataCXium A,0.125,,2.5,MeOH,55.705023218713,1418733.125
2299,6-Iodoquinoline,"1d, 6-I-Q",1,0.0004,"2b, Boronic Ester",1,Pd(OAc)2,0.0625,SPhos,0.125,,2.5,MeOH,63.7472036760534,164912.484375
2300,6-Iodoquinoline,"1d, 6-I-Q",1,0.0004,"2b, Boronic Ester",1,Pd(OAc)2,0.0625,dtbpf,0.125,,2.5,MeOH,39.6867087040593,827227.625
2301,6-Iodoquinoline,"1d, 6-I-Q",1,0.0004,"2b, Boronic Ester",1,Pd(OAc)2,0.0625,XPhos,0.125,,2.5,MeOH,66.051033651894,89600.625
2302,6-Iodoquinoline,"1d, 6-I-Q",1,0.0004,"2b, Boronic Ester",1,Pd(OAc)2,0.0625,dppf,0.125,,2.5,MeOH,41.8990494734965,662419.5625
2303,6-Iodoquinoline,"1d, 6-I-Q",1,0.0004,"2b, Boronic Ester",1,Pd(OAc)2,0.0625,Xantphos,0.125,,2.5,MeOH,39.8871882027571,74028.375
2304,6-Iodoquinoline,"1d, 6-I-Q",1,0.0004,"2b, Boronic Ester",1,Pd(OAc)2,0.0625,,,,2.5,MeOH,25.826927068334,7975930.5
2305,6-Bromoquinoline,"1b, 6-Br-Q",1,0.0004,"2b, Boronic Ester",1,Pd(OAc)2,0.0625,P(tBu)3,0.125,NaOH,2.5,MeCN,54.0920535044988,129360.203125
2306,6-Bromoquinoline,"1b, 6-Br-Q",1,0.0004,"2b, Boronic Ester",1,Pd(OAc)2,0.0625,P(Ph)3 ,0.125,NaOH,2.5,MeCN,89.8939852422203,11961260.0
2307,6-Bromoquinoline,"1b, 6-Br-Q",1,0.0004,"2b, Boronic Ester",1,Pd(OAc)2,0.0625,AmPhos,0.125,NaOH,2.5,MeCN,88.2290064473181,529779.1875
2308,6-Bromoquinoline,"1b, 6-Br-Q",1,0.0004,"2b, Boronic Ester",1,Pd(OAc)2,0.0625,P(Cy)3,0.125,NaOH,2.5,MeCN,71.7396021770258,2190283.5
2309,6-Bromoquinoline,"1b, 6-Br-Q",1,0.0004,"2b, Boronic Ester",1,Pd(OAc)2,0.0625,P(o-Tol)3,0.125,NaOH,2.5,MeCN,75.7408794329119,371672.78125
2310,6-Bromoquinoline,"1b, 6-Br-Q",1,0.0004,"2b, Boronic Ester",1,Pd(OAc)2,0.0625,CataCXium A,0.125,NaOH,2.5,MeCN,87.8882029016042,2456511.25
2311,6-Bromoquinoline,"1b, 6-Br-Q",1,0.0004,"2b, Boronic Ester",1,Pd(OAc)2,0.0625,SPhos,0.125,NaOH,2.5,MeCN,85.6360096869866,456255.09375
2312,6-Bromoquinoline,"1b, 6-Br-Q",1,0.0004,"2b, Boronic Ester",1,Pd(OAc)2,0.0625,dtbpf,0.125,NaOH,2.5,MeCN,71.3519512090794,1482862.0
2313,6-Bromoquinoline,"1b, 6-Br-Q",1,0.0004,"2b, Boronic Ester",1,Pd(OAc)2,0.0625,XPhos,0.125,NaOH,2.5,MeCN,73.2138647871774,172014.265625
2314,6-Bromoquinoline,"1b, 6-Br-Q",1,0.0004,"2b, Boronic Ester",1,Pd(OAc)2,0.0625,dppf,0.125,NaOH,2.5,MeCN,67.2579971703993,1952936.5
2315,6-Bromoquinoline,"1b, 6-Br-Q",1,0.0004,"2b, Boronic Ester",1,Pd(OAc)2,0.0625,Xantphos,0.125,NaOH,2.5,MeCN,38.0447344769527,51491.1484375
2316,6-Bromoquinoline,"1b, 6-Br-Q",1,0.0004,"2b, Boronic Ester",1,Pd(OAc)2,0.0625,,,NaOH,2.5,MeCN,28.996397625965,724088.375
2317,6-Bromoquinoline,"1b, 6-Br-Q",1,0.0004,"2b, Boronic Ester",1,Pd(OAc)2,0.0625,P(tBu)3,0.125,NaHCO3,2.5,MeCN,60.9948873781767,67154.8046875
2318,6-Bromoquinoline,"1b, 6-Br-Q",1,0.0004,"2b, Boronic Ester",1,Pd(OAc)2,0.0625,P(Ph)3 ,0.125,NaHCO3,2.5,MeCN,68.2273517216589,1363887.375
2319,6-Bromoquinoline,"1b, 6-Br-Q",1,0.0004,"2b, Boronic Ester",1,Pd(OAc)2,0.0625,AmPhos,0.125,NaHCO3,2.5,MeCN,66.8927498701853,140697.5625
2320,6-Bromoquinoline,"1b, 6-Br-Q",1,0.0004,"2b, Boronic Ester",1,Pd(OAc)2,0.0625,P(Cy)3,0.125,NaHCO3,2.5,MeCN,70.1439846392079,1486608.375
2321,6-Bromoquinoline,"1b, 6-Br-Q",1,0.0004,"2b, Boronic Ester",1,Pd(OAc)2,0.0625,P(o-Tol)3,0.125,NaHCO3,2.5,MeCN,59.0381854005292,85574.5390625
2322,6-Bromoquinoline,"1b, 6-Br-Q",1,0.0004,"2b, Boronic Ester",1,Pd(OAc)2,0.0625,CataCXium A,0.125,NaHCO3,2.5,MeCN,56.6810707673839,555009.3125
2323,6-Bromoquinoline,"1b, 6-Br-Q",1,0.0004,"2b, Boronic Ester",1,Pd(OAc)2,0.0625,SPhos,0.125,NaHCO3,2.5,MeCN,73.4970292338345,156220.515625
2324,6-Bromoquinoline,"1b, 6-Br-Q",1,0.0004,"2b, Boronic Ester",1,Pd(OAc)2,0.0625,dtbpf,0.125,NaHCO3,2.5,MeCN,70.9111633526801,808672.625
2325,6-Bromoquinoline,"1b, 6-Br-Q",1,0.0004,"2b, Boronic Ester",1,Pd(OAc)2,0.0625,XPhos,0.125,NaHCO3,2.5,MeCN,60.4739468127168,48518.17578125
2326,6-Bromoquinoline,"1b, 6-Br-Q",1,0.0004,"2b, Boronic Ester",1,Pd(OAc)2,0.0625,dppf,0.125,NaHCO3,2.5,MeCN,51.1416160070433,485246.875
2327,6-Bromoquinoline,"1b, 6-Br-Q",1,0.0004,"2b, Boronic Ester",1,Pd(OAc)2,0.0625,Xantphos,0.125,NaHCO3,2.5,MeCN,0.0,20989.24609375
2328,6-Bromoquinoline,"1b, 6-Br-Q",1,0.0004,"2b, Boronic Ester",1,Pd(OAc)2,0.0625,,,NaHCO3,2.5,MeCN,10.0159789922027,152445.921875
2329,6-Bromoquinoline,"1b, 6-Br-Q",1,0.0004,"2b, Boronic Ester",1,Pd(OAc)2,0.0625,P(tBu)3,0.125,CsF,2.5,MeCN,0.0,13171.046875
2330,6-Bromoquinoline,"1b, 6-Br-Q",1,0.0004,"2b, Boronic Ester",1,Pd(OAc)2,0.0625,P(Ph)3 ,0.125,CsF,2.5,MeCN,53.5099354598604,611910.4375
2331,6-Bromoquinoline,"1b, 6-Br-Q",1,0.0004,"2b, Boronic Ester",1,Pd(OAc)2,0.0625,AmPhos,0.125,CsF,2.5,MeCN,68.3271978265171,104710.5546875
2332,6-Bromoquinoline,"1b, 6-Br-Q",1,0.0004,"2b, Boronic Ester",1,Pd(OAc)2,0.0625,P(Cy)3,0.125,CsF,2.5,MeCN,72.8671714484684,1345591.5
2333,6-Bromoquinoline,"1b, 6-Br-Q",1,0.0004,"2b, Boronic Ester",1,Pd(OAc)2,0.0625,P(o-Tol)3,0.125,CsF,2.5,MeCN,70.1337798276558,101428.34375
2334,6-Bromoquinoline,"1b, 6-Br-Q",1,0.0004,"2b, Boronic Ester",1,Pd(OAc)2,0.0625,CataCXium A,0.125,CsF,2.5,MeCN,57.4957816064175,1761918.625
2335,6-Bromoquinoline,"1b, 6-Br-Q",1,0.0004,"2b, Boronic Ester",1,Pd(OAc)2,0.0625,SPhos,0.125,CsF,2.5,MeCN,73.4038335755176,232651.640625
2336,6-Bromoquinoline,"1b, 6-Br-Q",1,0.0004,"2b, Boronic Ester",1,Pd(OAc)2,0.0625,dtbpf,0.125,CsF,2.5,MeCN,60.5464480192687,979672.625
2337,6-Bromoquinoline,"1b, 6-Br-Q",1,0.0004,"2b, Boronic Ester",1,Pd(OAc)2,0.0625,XPhos,0.125,CsF,2.5,MeCN,58.38739897076,164029.15625
2338,6-Bromoquinoline,"1b, 6-Br-Q",1,0.0004,"2b, Boronic Ester",1,Pd(OAc)2,0.0625,dppf,0.125,CsF,2.5,MeCN,36.7366437501859,457594.375
2339,6-Bromoquinoline,"1b, 6-Br-Q",1,0.0004,"2b, Boronic Ester",1,Pd(OAc)2,0.0625,Xantphos,0.125,CsF,2.5,MeCN,0.0,17335.412109375
2340,6-Bromoquinoline,"1b, 6-Br-Q",1,0.0004,"2b, Boronic Ester",1,Pd(OAc)2,0.0625,,,CsF,2.5,MeCN,9.87284646581632,253875.140625
2341,6-Bromoquinoline,"1b, 6-Br-Q",1,0.0004,"2b, Boronic Ester",1,Pd(OAc)2,0.0625,P(tBu)3,0.125,K3PO4,2.5,MeCN,38.5609154498418,81630.2734375
2342,6-Bromoquinoline,"1b, 6-Br-Q",1,0.0004,"2b, Boronic Ester",1,Pd(OAc)2,0.0625,P(Ph)3 ,0.125,K3PO4,2.5,MeCN,59.5864310522226,843465.375
2343,6-Bromoquinoline,"1b, 6-Br-Q",1,0.0004,"2b, Boronic Ester",1,Pd(OAc)2,0.0625,AmPhos,0.125,K3PO4,2.5,MeCN,61.853738797466,146977.0625
2344,6-Bromoquinoline,"1b, 6-Br-Q",1,0.0004,"2b, Boronic Ester",1,Pd(OAc)2,0.0625,P(Cy)3,0.125,K3PO4,2.5,MeCN,40.1090783351513,783440.0625
2345,6-Bromoquinoline,"1b, 6-Br-Q",1,0.0004,"2b, Boronic Ester",1,Pd(OAc)2,0.0625,P(o-Tol)3,0.125,K3PO4,2.5,MeCN,35.1721275964495,91084.84375
2346,6-Bromoquinoline,"1b, 6-Br-Q",1,0.0004,"2b, Boronic Ester",1,Pd(OAc)2,0.0625,CataCXium A,0.125,K3PO4,2.5,MeCN,48.020061762583,1180924.25
2347,6-Bromoquinoline,"1b, 6-Br-Q",1,0.0004,"2b, Boronic Ester",1,Pd(OAc)2,0.0625,SPhos,0.125,K3PO4,2.5,MeCN,53.7776320429293,168309.453125
2348,6-Bromoquinoline,"1b, 6-Br-Q",1,0.0004,"2b, Boronic Ester",1,Pd(OAc)2,0.0625,dtbpf,0.125,K3PO4,2.5,MeCN,40.118208055159,574655.3125
2349,6-Bromoquinoline,"1b, 6-Br-Q",1,0.0004,"2b, Boronic Ester",1,Pd(OAc)2,0.0625,XPhos,0.125,K3PO4,2.5,MeCN,55.0280169495892,78280.59375
2350,6-Bromoquinoline,"1b, 6-Br-Q",1,0.0004,"2b, Boronic Ester",1,Pd(OAc)2,0.0625,dppf,0.125,K3PO4,2.5,MeCN,40.0428794492232,388992.1875
2351,6-Bromoquinoline,"1b, 6-Br-Q",1,0.0004,"2b, Boronic Ester",1,Pd(OAc)2,0.0625,Xantphos,0.125,K3PO4,2.5,MeCN,0.0,21539.10546875
2352,6-Bromoquinoline,"1b, 6-Br-Q",1,0.0004,"2b, Boronic Ester",1,Pd(OAc)2,0.0625,,,K3PO4,2.5,MeCN,9.96186850649028,162863.4375
2353,6-Bromoquinoline,"1b, 6-Br-Q",1,0.0004,"2b, Boronic Ester",1,Pd(OAc)2,0.0625,P(tBu)3,0.125,KOH,2.5,MeCN,54.0920535044988,129360.203125
2354,6-Bromoquinoline,"1b, 6-Br-Q",1,0.0004,"2b, Boronic Ester",1,Pd(OAc)2,0.0625,P(Ph)3 ,0.125,KOH,2.5,MeCN,70.8182488119032,1990120.875
2355,6-Bromoquinoline,"1b, 6-Br-Q",1,0.0004,"2b, Boronic Ester",1,Pd(OAc)2,0.0625,AmPhos,0.125,KOH,2.5,MeCN,81.7040225182311,228021.40625
2356,6-Bromoquinoline,"1b, 6-Br-Q",1,0.0004,"2b, Boronic Ester",1,Pd(OAc)2,0.0625,P(Cy)3,0.125,KOH,2.5,MeCN,74.204696318823,2100517.5
2357,6-Bromoquinoline,"1b, 6-Br-Q",1,0.0004,"2b, Boronic Ester",1,Pd(OAc)2,0.0625,P(o-Tol)3,0.125,KOH,2.5,MeCN,61.1004479356087,162925.359375
2358,6-Bromoquinoline,"1b, 6-Br-Q",1,0.0004,"2b, Boronic Ester",1,Pd(OAc)2,0.0625,CataCXium A,0.125,KOH,2.5,MeCN,78.0891978694366,1630839.25
2359,6-Bromoquinoline,"1b, 6-Br-Q",1,0.0004,"2b, Boronic Ester",1,Pd(OAc)2,0.0625,SPhos,0.125,KOH,2.5,MeCN,89.929632660548,392902.25
2360,6-Bromoquinoline,"1b, 6-Br-Q",1,0.0004,"2b, Boronic Ester",1,Pd(OAc)2,0.0625,dtbpf,0.125,KOH,2.5,MeCN,74.2866091441001,1548713.625
2361,6-Bromoquinoline,"1b, 6-Br-Q",1,0.0004,"2b, Boronic Ester",1,Pd(OAc)2,0.0625,XPhos,0.125,KOH,2.5,MeCN,70.6484578725807,199191.53125
2362,6-Bromoquinoline,"1b, 6-Br-Q",1,0.0004,"2b, Boronic Ester",1,Pd(OAc)2,0.0625,dppf,0.125,KOH,2.5,MeCN,38.5944348048135,903053.75
2363,6-Bromoquinoline,"1b, 6-Br-Q",1,0.0004,"2b, Boronic Ester",1,Pd(OAc)2,0.0625,Xantphos,0.125,KOH,2.5,MeCN,20.335979781228,44502.14453125
2364,6-Bromoquinoline,"1b, 6-Br-Q",1,0.0004,"2b, Boronic Ester",1,Pd(OAc)2,0.0625,,,KOH,2.5,MeCN,21.3053734047076,1074931.875
2365,6-Bromoquinoline,"1b, 6-Br-Q",1,0.0004,"2b, Boronic Ester",1,Pd(OAc)2,0.0625,P(tBu)3,0.125,LiOtBu,2.5,MeCN,92.0646733485587,364805.375
2366,6-Bromoquinoline,"1b, 6-Br-Q",1,0.0004,"2b, Boronic Ester",1,Pd(OAc)2,0.0625,P(Ph)3 ,0.125,LiOtBu,2.5,MeCN,73.0683075724633,2121006.0
2367,6-Bromoquinoline,"1b, 6-Br-Q",1,0.0004,"2b, Boronic Ester",1,Pd(OAc)2,0.0625,AmPhos,0.125,LiOtBu,2.5,MeCN,85.2614518045575,455809.34375
2368,6-Bromoquinoline,"1b, 6-Br-Q",1,0.0004,"2b, Boronic Ester",1,Pd(OAc)2,0.0625,P(Cy)3,0.125,LiOtBu,2.5,MeCN,87.1234619226744,3012239.75
2369,6-Bromoquinoline,"1b, 6-Br-Q",1,0.0004,"2b, Boronic Ester",1,Pd(OAc)2,0.0625,P(o-Tol)3,0.125,LiOtBu,2.5,MeCN,76.3932226467668,198583.890625
2370,6-Bromoquinoline,"1b, 6-Br-Q",1,0.0004,"2b, Boronic Ester",1,Pd(OAc)2,0.0625,CataCXium A,0.125,LiOtBu,2.5,MeCN,70.4498293358704,1189325.5
2371,6-Bromoquinoline,"1b, 6-Br-Q",1,0.0004,"2b, Boronic Ester",1,Pd(OAc)2,0.0625,SPhos,0.125,LiOtBu,2.5,MeCN,82.0774526988059,337070.78125
2372,6-Bromoquinoline,"1b, 6-Br-Q",1,0.0004,"2b, Boronic Ester",1,Pd(OAc)2,0.0625,dtbpf,0.125,LiOtBu,2.5,MeCN,67.7714786122454,1417653.875
2373,6-Bromoquinoline,"1b, 6-Br-Q",1,0.0004,"2b, Boronic Ester",1,Pd(OAc)2,0.0625,XPhos,0.125,LiOtBu,2.5,MeCN,77.2100376940361,205030.734375
2374,6-Bromoquinoline,"1b, 6-Br-Q",1,0.0004,"2b, Boronic Ester",1,Pd(OAc)2,0.0625,dppf,0.125,LiOtBu,2.5,MeCN,35.2788103334107,823625.0
2375,6-Bromoquinoline,"1b, 6-Br-Q",1,0.0004,"2b, Boronic Ester",1,Pd(OAc)2,0.0625,Xantphos,0.125,LiOtBu,2.5,MeCN,0.0,25768.068359375
2376,6-Bromoquinoline,"1b, 6-Br-Q",1,0.0004,"2b, Boronic Ester",1,Pd(OAc)2,0.0625,,,LiOtBu,2.5,MeCN,6.74141613873167,486007.625
2377,6-Bromoquinoline,"1b, 6-Br-Q",1,0.0004,"2b, Boronic Ester",1,Pd(OAc)2,0.0625,P(tBu)3,0.125,Et3N,2.5,MeCN,91.8719731243222,755930.4375
2378,6-Bromoquinoline,"1b, 6-Br-Q",1,0.0004,"2b, Boronic Ester",1,Pd(OAc)2,0.0625,P(Ph)3 ,0.125,Et3N,2.5,MeCN,86.040232186205,2467933.0
2379,6-Bromoquinoline,"1b, 6-Br-Q",1,0.0004,"2b, Boronic Ester",1,Pd(OAc)2,0.0625,AmPhos,0.125,Et3N,2.5,MeCN,81.1411959626159,483773.1875
2380,6-Bromoquinoline,"1b, 6-Br-Q",1,0.0004,"2b, Boronic Ester",1,Pd(OAc)2,0.0625,P(Cy)3,0.125,Et3N,2.5,MeCN,58.7119212869255,1919144.875
2381,6-Bromoquinoline,"1b, 6-Br-Q",1,0.0004,"2b, Boronic Ester",1,Pd(OAc)2,0.0625,P(o-Tol)3,0.125,Et3N,2.5,MeCN,53.6923691788303,194185.5625
2382,6-Bromoquinoline,"1b, 6-Br-Q",1,0.0004,"2b, Boronic Ester",1,Pd(OAc)2,0.0625,CataCXium A,0.125,Et3N,2.5,MeCN,82.9199179933664,2847765.5
2383,6-Bromoquinoline,"1b, 6-Br-Q",1,0.0004,"2b, Boronic Ester",1,Pd(OAc)2,0.0625,SPhos,0.125,Et3N,2.5,MeCN,74.653263183873,348939.1875
2384,6-Bromoquinoline,"1b, 6-Br-Q",1,0.0004,"2b, Boronic Ester",1,Pd(OAc)2,0.0625,dtbpf,0.125,Et3N,2.5,MeCN,40.374931202608,1088689.875
2385,6-Bromoquinoline,"1b, 6-Br-Q",1,0.0004,"2b, Boronic Ester",1,Pd(OAc)2,0.0625,XPhos,0.125,Et3N,2.5,MeCN,60.5786119248579,174366.640625
2386,6-Bromoquinoline,"1b, 6-Br-Q",1,0.0004,"2b, Boronic Ester",1,Pd(OAc)2,0.0625,dppf,0.125,Et3N,2.5,MeCN,48.2424359760645,521903.21875
2387,6-Bromoquinoline,"1b, 6-Br-Q",1,0.0004,"2b, Boronic Ester",1,Pd(OAc)2,0.0625,Xantphos,0.125,Et3N,2.5,MeCN,8.86325474259145,26167.064453125
2388,6-Bromoquinoline,"1b, 6-Br-Q",1,0.0004,"2b, Boronic Ester",1,Pd(OAc)2,0.0625,,,Et3N,2.5,MeCN,12.7026933618309,650970.1875
2389,6-Bromoquinoline,"1b, 6-Br-Q",1,0.0004,"2b, Boronic Ester",1,Pd(OAc)2,0.0625,P(tBu)3,0.125,,2.5,MeCN,90.4140764813548,550407.3125
2390,6-Bromoquinoline,"1b, 6-Br-Q",1,0.0004,"2b, Boronic Ester",1,Pd(OAc)2,0.0625,P(Ph)3 ,0.125,,2.5,MeCN,73.1057789140218,1883057.125
2391,6-Bromoquinoline,"1b, 6-Br-Q",1,0.0004,"2b, Boronic Ester",1,Pd(OAc)2,0.0625,AmPhos,0.125,,2.5,MeCN,83.8908302867805,1302008.875
2392,6-Bromoquinoline,"1b, 6-Br-Q",1,0.0004,"2b, Boronic Ester",1,Pd(OAc)2,0.0625,P(Cy)3,0.125,,2.5,MeCN,51.1273034712434,2873167.75
2393,6-Bromoquinoline,"1b, 6-Br-Q",1,0.0004,"2b, Boronic Ester",1,Pd(OAc)2,0.0625,P(o-Tol)3,0.125,,2.5,MeCN,53.8504535819066,672963.0
2394,6-Bromoquinoline,"1b, 6-Br-Q",1,0.0004,"2b, Boronic Ester",1,Pd(OAc)2,0.0625,CataCXium A,0.125,,2.5,MeCN,75.672613825853,4129624.0
2395,6-Bromoquinoline,"1b, 6-Br-Q",1,0.0004,"2b, Boronic Ester",1,Pd(OAc)2,0.0625,SPhos,0.125,,2.5,MeCN,58.4625721569154,469311.625
2396,6-Bromoquinoline,"1b, 6-Br-Q",1,0.0004,"2b, Boronic Ester",1,Pd(OAc)2,0.0625,dtbpf,0.125,,2.5,MeCN,41.6713481036202,1349799.0
2397,6-Bromoquinoline,"1b, 6-Br-Q",1,0.0004,"2b, Boronic Ester",1,Pd(OAc)2,0.0625,XPhos,0.125,,2.5,MeCN,56.1391395746856,242486.953125
2398,6-Bromoquinoline,"1b, 6-Br-Q",1,0.0004,"2b, Boronic Ester",1,Pd(OAc)2,0.0625,dppf,0.125,,2.5,MeCN,38.4800276712475,1607199.125
2399,6-Bromoquinoline,"1b, 6-Br-Q",1,0.0004,"2b, Boronic Ester",1,Pd(OAc)2,0.0625,Xantphos,0.125,,2.5,MeCN,11.1636366738022,33651.50390625
2400,6-Bromoquinoline,"1b, 6-Br-Q",1,0.0004,"2b, Boronic Ester",1,Pd(OAc)2,0.0625,,,,2.5,MeCN,9.53495376035401,2851642.0
2401,6-Bromoquinoline,"1b, 6-Br-Q",1,0.0004,"2b, Boronic Ester",1,Pd(OAc)2,0.0625,P(tBu)3,0.125,NaOH,2.5,THF,91.5825188298456,5113190.5
2402,6-Bromoquinoline,"1b, 6-Br-Q",1,0.0004,"2b, Boronic Ester",1,Pd(OAc)2,0.0625,P(Ph)3 ,0.125,NaOH,2.5,THF,78.76937120492,18349436.0
2403,6-Bromoquinoline,"1b, 6-Br-Q",1,0.0004,"2b, Boronic Ester",1,Pd(OAc)2,0.0625,AmPhos,0.125,NaOH,2.5,THF,91.5656561862911,4932781.0
2404,6-Bromoquinoline,"1b, 6-Br-Q",1,0.0004,"2b, Boronic Ester",1,Pd(OAc)2,0.0625,P(Cy)3,0.125,NaOH,2.5,THF,72.2304581872591,19999292.0
2405,6-Bromoquinoline,"1b, 6-Br-Q",1,0.0004,"2b, Boronic Ester",1,Pd(OAc)2,0.0625,P(o-Tol)3,0.125,NaOH,2.5,THF,55.8968187248135,2456293.5
2406,6-Bromoquinoline,"1b, 6-Br-Q",1,0.0004,"2b, Boronic Ester",1,Pd(OAc)2,0.0625,CataCXium A,0.125,NaOH,2.5,THF,95.9869565780276,22720840.0
2407,6-Bromoquinoline,"1b, 6-Br-Q",1,0.0004,"2b, Boronic Ester",1,Pd(OAc)2,0.0625,SPhos,0.125,NaOH,2.5,THF,87.2360128876829,4434007.5
2408,6-Bromoquinoline,"1b, 6-Br-Q",1,0.0004,"2b, Boronic Ester",1,Pd(OAc)2,0.0625,dtbpf,0.125,NaOH,2.5,THF,61.488521771366,13084032.0
2409,6-Bromoquinoline,"1b, 6-Br-Q",1,0.0004,"2b, Boronic Ester",1,Pd(OAc)2,0.0625,XPhos,0.125,NaOH,2.5,THF,79.2679734558002,3451482.75
2410,6-Bromoquinoline,"1b, 6-Br-Q",1,0.0004,"2b, Boronic Ester",1,Pd(OAc)2,0.0625,dppf,0.125,NaOH,2.5,THF,13.8140833999435,1793194.625
2411,6-Bromoquinoline,"1b, 6-Br-Q",1,0.0004,"2b, Boronic Ester",1,Pd(OAc)2,0.0625,Xantphos,0.125,NaOH,2.5,THF,19.7728469525852,1005872.75
2412,6-Bromoquinoline,"1b, 6-Br-Q",1,0.0004,"2b, Boronic Ester",1,Pd(OAc)2,0.0625,,,NaOH,2.5,THF,6.9314202604836,1866425.625
2413,6-Bromoquinoline,"1b, 6-Br-Q",1,0.0004,"2b, Boronic Ester",1,Pd(OAc)2,0.0625,P(tBu)3,0.125,NaHCO3,2.5,THF,94.759016291567,5085677.5
2414,6-Bromoquinoline,"1b, 6-Br-Q",1,0.0004,"2b, Boronic Ester",1,Pd(OAc)2,0.0625,P(Ph)3 ,0.125,NaHCO3,2.5,THF,84.054790163906,24363024.0
2415,6-Bromoquinoline,"1b, 6-Br-Q",1,0.0004,"2b, Boronic Ester",1,Pd(OAc)2,0.0625,AmPhos,0.125,NaHCO3,2.5,THF,83.024919320651,4304336.5
2416,6-Bromoquinoline,"1b, 6-Br-Q",1,0.0004,"2b, Boronic Ester",1,Pd(OAc)2,0.0625,P(Cy)3,0.125,NaHCO3,2.5,THF,51.0468530903619,14108942.0
2417,6-Bromoquinoline,"1b, 6-Br-Q",1,0.0004,"2b, Boronic Ester",1,Pd(OAc)2,0.0625,P(o-Tol)3,0.125,NaHCO3,2.5,THF,57.1382266652478,2524754.25
2418,6-Bromoquinoline,"1b, 6-Br-Q",1,0.0004,"2b, Boronic Ester",1,Pd(OAc)2,0.0625,CataCXium A,0.125,NaHCO3,2.5,THF,87.7911126617764,21320812.0
2419,6-Bromoquinoline,"1b, 6-Br-Q",1,0.0004,"2b, Boronic Ester",1,Pd(OAc)2,0.0625,SPhos,0.125,NaHCO3,2.5,THF,58.8998141073101,2638432.25
2420,6-Bromoquinoline,"1b, 6-Br-Q",1,0.0004,"2b, Boronic Ester",1,Pd(OAc)2,0.0625,dtbpf,0.125,NaHCO3,2.5,THF,40.2356575343603,9642127.0
2421,6-Bromoquinoline,"1b, 6-Br-Q",1,0.0004,"2b, Boronic Ester",1,Pd(OAc)2,0.0625,XPhos,0.125,NaHCO3,2.5,THF,46.824025856413,2311960.0
2422,6-Bromoquinoline,"1b, 6-Br-Q",1,0.0004,"2b, Boronic Ester",1,Pd(OAc)2,0.0625,dppf,0.125,NaHCO3,2.5,THF,16.8990477442593,794619.8125
2423,6-Bromoquinoline,"1b, 6-Br-Q",1,0.0004,"2b, Boronic Ester",1,Pd(OAc)2,0.0625,Xantphos,0.125,NaHCO3,2.5,THF,8.79331979589144,355918.34375
2424,6-Bromoquinoline,"1b, 6-Br-Q",1,0.0004,"2b, Boronic Ester",1,Pd(OAc)2,0.0625,,,NaHCO3,2.5,THF,3.83397584421714,651686.375
2425,6-Bromoquinoline,"1b, 6-Br-Q",1,0.0004,"2b, Boronic Ester",1,Pd(OAc)2,0.0625,P(tBu)3,0.125,CsF,2.5,THF,62.7454593843346,2974275.5
2426,6-Bromoquinoline,"1b, 6-Br-Q",1,0.0004,"2b, Boronic Ester",1,Pd(OAc)2,0.0625,P(Ph)3 ,0.125,CsF,2.5,THF,67.3395971164507,18560288.0
2427,6-Bromoquinoline,"1b, 6-Br-Q",1,0.0004,"2b, Boronic Ester",1,Pd(OAc)2,0.0625,AmPhos,0.125,CsF,2.5,THF,72.4507676775002,3904949.5
2428,6-Bromoquinoline,"1b, 6-Br-Q",1,0.0004,"2b, Boronic Ester",1,Pd(OAc)2,0.0625,P(Cy)3,0.125,CsF,2.5,THF,35.8635562025547,9537899.0
2429,6-Bromoquinoline,"1b, 6-Br-Q",1,0.0004,"2b, Boronic Ester",1,Pd(OAc)2,0.0625,P(o-Tol)3,0.125,CsF,2.5,THF,50.3057809270717,2183918.5
2430,6-Bromoquinoline,"1b, 6-Br-Q",1,0.0004,"2b, Boronic Ester",1,Pd(OAc)2,0.0625,CataCXium A,0.125,CsF,2.5,THF,77.0157224798441,17796906.0
2431,6-Bromoquinoline,"1b, 6-Br-Q",1,0.0004,"2b, Boronic Ester",1,Pd(OAc)2,0.0625,SPhos,0.125,CsF,2.5,THF,44.121565736509,1959838.5
2432,6-Bromoquinoline,"1b, 6-Br-Q",1,0.0004,"2b, Boronic Ester",1,Pd(OAc)2,0.0625,dtbpf,0.125,CsF,2.5,THF,38.8990395609926,9125126.0
2433,6-Bromoquinoline,"1b, 6-Br-Q",1,0.0004,"2b, Boronic Ester",1,Pd(OAc)2,0.0625,XPhos,0.125,CsF,2.5,THF,35.2719551438374,1712229.25
2434,6-Bromoquinoline,"1b, 6-Br-Q",1,0.0004,"2b, Boronic Ester",1,Pd(OAc)2,0.0625,dppf,0.125,CsF,2.5,THF,15.3532127786902,714527.0625
2435,6-Bromoquinoline,"1b, 6-Br-Q",1,0.0004,"2b, Boronic Ester",1,Pd(OAc)2,0.0625,Xantphos,0.125,CsF,2.5,THF,3.88993433542378,293953.59375
2436,6-Bromoquinoline,"1b, 6-Br-Q",1,0.0004,"2b, Boronic Ester",1,Pd(OAc)2,0.0625,,,CsF,2.5,THF,3.60888525222781,633596.375
2437,6-Bromoquinoline,"1b, 6-Br-Q",1,0.0004,"2b, Boronic Ester",1,Pd(OAc)2,0.0625,P(tBu)3,0.125,K3PO4,2.5,THF,63.8600423016889,3377126.5
2438,6-Bromoquinoline,"1b, 6-Br-Q",1,0.0004,"2b, Boronic Ester",1,Pd(OAc)2,0.0625,P(Ph)3 ,0.125,K3PO4,2.5,THF,57.8342715185746,15604753.0
2439,6-Bromoquinoline,"1b, 6-Br-Q",1,0.0004,"2b, Boronic Ester",1,Pd(OAc)2,0.0625,AmPhos,0.125,K3PO4,2.5,THF,69.6042303984851,3413721.75
2440,6-Bromoquinoline,"1b, 6-Br-Q",1,0.0004,"2b, Boronic Ester",1,Pd(OAc)2,0.0625,P(Cy)3,0.125,K3PO4,2.5,THF,30.4947480541587,9027810.00000001
2441,6-Bromoquinoline,"1b, 6-Br-Q",1,0.0004,"2b, Boronic Ester",1,Pd(OAc)2,0.0625,P(o-Tol)3,0.125,K3PO4,2.5,THF,35.3637429503223,1519040.25
2442,6-Bromoquinoline,"1b, 6-Br-Q",1,0.0004,"2b, Boronic Ester",1,Pd(OAc)2,0.0625,CataCXium A,0.125,K3PO4,2.5,THF,76.5989002462978,17149778.0
2443,6-Bromoquinoline,"1b, 6-Br-Q",1,0.0004,"2b, Boronic Ester",1,Pd(OAc)2,0.0625,SPhos,0.125,K3PO4,2.5,THF,43.0043335882556,2088695.875
2444,6-Bromoquinoline,"1b, 6-Br-Q",1,0.0004,"2b, Boronic Ester",1,Pd(OAc)2,0.0625,dtbpf,0.125,K3PO4,2.5,THF,36.7830173819224,7913578.0
2445,6-Bromoquinoline,"1b, 6-Br-Q",1,0.0004,"2b, Boronic Ester",1,Pd(OAc)2,0.0625,XPhos,0.125,K3PO4,2.5,THF,41.2965747708337,1806043.5
2446,6-Bromoquinoline,"1b, 6-Br-Q",1,0.0004,"2b, Boronic Ester",1,Pd(OAc)2,0.0625,dppf,0.125,K3PO4,2.5,THF,19.5064395015793,794036.5
2447,6-Bromoquinoline,"1b, 6-Br-Q",1,0.0004,"2b, Boronic Ester",1,Pd(OAc)2,0.0625,Xantphos,0.125,K3PO4,2.5,THF,10.609253239584,582608.1875
2448,6-Bromoquinoline,"1b, 6-Br-Q",1,0.0004,"2b, Boronic Ester",1,Pd(OAc)2,0.0625,,,K3PO4,2.5,THF,5.36038470460954,1445282.125
2449,6-Bromoquinoline,"1b, 6-Br-Q",1,0.0004,"2b, Boronic Ester",1,Pd(OAc)2,0.0625,P(tBu)3,0.125,KOH,2.5,THF,84.6337265031197,4054185.25
2450,6-Bromoquinoline,"1b, 6-Br-Q",1,0.0004,"2b, Boronic Ester",1,Pd(OAc)2,0.0625,P(Ph)3 ,0.125,KOH,2.5,THF,66.7684671393478,17768400.0
2451,6-Bromoquinoline,"1b, 6-Br-Q",1,0.0004,"2b, Boronic Ester",1,Pd(OAc)2,0.0625,AmPhos,0.125,KOH,2.5,THF,82.3323838216524,4492928.0
2452,6-Bromoquinoline,"1b, 6-Br-Q",1,0.0004,"2b, Boronic Ester",1,Pd(OAc)2,0.0625,P(Cy)3,0.125,KOH,2.5,THF,51.6797037521841,13422534.0
2453,6-Bromoquinoline,"1b, 6-Br-Q",1,0.0004,"2b, Boronic Ester",1,Pd(OAc)2,0.0625,P(o-Tol)3,0.125,KOH,2.5,THF,47.0931748804007,1934671.5
2454,6-Bromoquinoline,"1b, 6-Br-Q",1,0.0004,"2b, Boronic Ester",1,Pd(OAc)2,0.0625,CataCXium A,0.125,KOH,2.5,THF,87.4938125845465,18578022.0
2455,6-Bromoquinoline,"1b, 6-Br-Q",1,0.0004,"2b, Boronic Ester",1,Pd(OAc)2,0.0625,SPhos,0.125,KOH,2.5,THF,65.4910790551794,3571358.5
2456,6-Bromoquinoline,"1b, 6-Br-Q",1,0.0004,"2b, Boronic Ester",1,Pd(OAc)2,0.0625,dtbpf,0.125,KOH,2.5,THF,45.6337979757376,10142963.0
2457,6-Bromoquinoline,"1b, 6-Br-Q",1,0.0004,"2b, Boronic Ester",1,Pd(OAc)2,0.0625,XPhos,0.125,KOH,2.5,THF,58.5788176507977,2768333.25
2458,6-Bromoquinoline,"1b, 6-Br-Q",1,0.0004,"2b, Boronic Ester",1,Pd(OAc)2,0.0625,dppf,0.125,KOH,2.5,THF,23.2200764942077,1303409.625
2459,6-Bromoquinoline,"1b, 6-Br-Q",1,0.0004,"2b, Boronic Ester",1,Pd(OAc)2,0.0625,Xantphos,0.125,KOH,2.5,THF,20.5907691192393,1034554.9375
2460,6-Bromoquinoline,"1b, 6-Br-Q",1,0.0004,"2b, Boronic Ester",1,Pd(OAc)2,0.0625,,,KOH,2.5,THF,5.90316548586359,1319045.625
2461,6-Bromoquinoline,"1b, 6-Br-Q",1,0.0004,"2b, Boronic Ester",1,Pd(OAc)2,0.0625,P(tBu)3,0.125,LiOtBu,2.5,THF,95.9562823315668,5394632.0
2462,6-Bromoquinoline,"1b, 6-Br-Q",1,0.0004,"2b, Boronic Ester",1,Pd(OAc)2,0.0625,P(Ph)3 ,0.125,LiOtBu,2.5,THF,84.0743852094091,22539278.0
2463,6-Bromoquinoline,"1b, 6-Br-Q",1,0.0004,"2b, Boronic Ester",1,Pd(OAc)2,0.0625,AmPhos,0.125,LiOtBu,2.5,THF,89.1623944753559,4820803.5
2464,6-Bromoquinoline,"1b, 6-Br-Q",1,0.0004,"2b, Boronic Ester",1,Pd(OAc)2,0.0625,P(Cy)3,0.125,LiOtBu,2.5,THF,69.9316137913881,19227640.0
2465,6-Bromoquinoline,"1b, 6-Br-Q",1,0.0004,"2b, Boronic Ester",1,Pd(OAc)2,0.0625,P(o-Tol)3,0.125,LiOtBu,2.5,THF,48.1599517628836,2130750.25
2466,6-Bromoquinoline,"1b, 6-Br-Q",1,0.0004,"2b, Boronic Ester",1,Pd(OAc)2,0.0625,CataCXium A,0.125,LiOtBu,2.5,THF,96.1897895055492,21473194.0
2467,6-Bromoquinoline,"1b, 6-Br-Q",1,0.0004,"2b, Boronic Ester",1,Pd(OAc)2,0.0625,SPhos,0.125,LiOtBu,2.5,THF,84.960722132447,3864385.25
2468,6-Bromoquinoline,"1b, 6-Br-Q",1,0.0004,"2b, Boronic Ester",1,Pd(OAc)2,0.0625,dtbpf,0.125,LiOtBu,2.5,THF,44.6890074493298,10610566.0
2469,6-Bromoquinoline,"1b, 6-Br-Q",1,0.0004,"2b, Boronic Ester",1,Pd(OAc)2,0.0625,XPhos,0.125,LiOtBu,2.5,THF,62.7744625468968,3071446.0
2470,6-Bromoquinoline,"1b, 6-Br-Q",1,0.0004,"2b, Boronic Ester",1,Pd(OAc)2,0.0625,dppf,0.125,LiOtBu,2.5,THF,24.7735636010018,2392432.5
2471,6-Bromoquinoline,"1b, 6-Br-Q",1,0.0004,"2b, Boronic Ester",1,Pd(OAc)2,0.0625,Xantphos,0.125,LiOtBu,2.5,THF,15.3102254392046,751182.25
2472,6-Bromoquinoline,"1b, 6-Br-Q",1,0.0004,"2b, Boronic Ester",1,Pd(OAc)2,0.0625,,,LiOtBu,2.5,THF,3.89908287303162,674319.0
2473,6-Bromoquinoline,"1b, 6-Br-Q",1,0.0004,"2b, Boronic Ester",1,Pd(OAc)2,0.0625,P(tBu)3,0.125,Et3N,2.5,THF,96.746795103067,5565561.5
2474,6-Bromoquinoline,"1b, 6-Br-Q",1,0.0004,"2b, Boronic Ester",1,Pd(OAc)2,0.0625,P(Ph)3 ,0.125,Et3N,2.5,THF,89.5321925857556,25680808.0
2475,6-Bromoquinoline,"1b, 6-Br-Q",1,0.0004,"2b, Boronic Ester",1,Pd(OAc)2,0.0625,AmPhos,0.125,Et3N,2.5,THF,83.5060849480762,4216151.0
2476,6-Bromoquinoline,"1b, 6-Br-Q",1,0.0004,"2b, Boronic Ester",1,Pd(OAc)2,0.0625,P(Cy)3,0.125,Et3N,2.5,THF,73.5358960398878,20813568.0
2477,6-Bromoquinoline,"1b, 6-Br-Q",1,0.0004,"2b, Boronic Ester",1,Pd(OAc)2,0.0625,P(o-Tol)3,0.125,Et3N,2.5,THF,50.2452795195059,2429481.75
2478,6-Bromoquinoline,"1b, 6-Br-Q",1,0.0004,"2b, Boronic Ester",1,Pd(OAc)2,0.0625,CataCXium A,0.125,Et3N,2.5,THF,94.0717773269755,23116500.0
2479,6-Bromoquinoline,"1b, 6-Br-Q",1,0.0004,"2b, Boronic Ester",1,Pd(OAc)2,0.0625,SPhos,0.125,Et3N,2.5,THF,87.019775091636,4596058.5
2480,6-Bromoquinoline,"1b, 6-Br-Q",1,0.0004,"2b, Boronic Ester",1,Pd(OAc)2,0.0625,dtbpf,0.125,Et3N,2.5,THF,49.5009136078122,12517272.0
2481,6-Bromoquinoline,"1b, 6-Br-Q",1,0.0004,"2b, Boronic Ester",1,Pd(OAc)2,0.0625,XPhos,0.125,Et3N,2.5,THF,77.9979899133337,4059765.5
2482,6-Bromoquinoline,"1b, 6-Br-Q",1,0.0004,"2b, Boronic Ester",1,Pd(OAc)2,0.0625,dppf,0.125,Et3N,2.5,THF,13.8899301904103,1687866.0
2483,6-Bromoquinoline,"1b, 6-Br-Q",1,0.0004,"2b, Boronic Ester",1,Pd(OAc)2,0.0625,Xantphos,0.125,Et3N,2.5,THF,30.6278839898289,1811122.75
2484,6-Bromoquinoline,"1b, 6-Br-Q",1,0.0004,"2b, Boronic Ester",1,Pd(OAc)2,0.0625,,,Et3N,2.5,THF,4.37443952368204,791934.125
2485,6-Bromoquinoline,"1b, 6-Br-Q",1,0.0004,"2b, Boronic Ester",1,Pd(OAc)2,0.0625,P(tBu)3,0.125,,2.5,THF,95.6273299444037,5227120.5
2486,6-Bromoquinoline,"1b, 6-Br-Q",1,0.0004,"2b, Boronic Ester",1,Pd(OAc)2,0.0625,P(Ph)3 ,0.125,,2.5,THF,90.2810247642196,25834962.0
2487,6-Bromoquinoline,"1b, 6-Br-Q",1,0.0004,"2b, Boronic Ester",1,Pd(OAc)2,0.0625,AmPhos,0.125,,2.5,THF,89.0081403314771,4774376.5
2488,6-Bromoquinoline,"1b, 6-Br-Q",1,0.0004,"2b, Boronic Ester",1,Pd(OAc)2,0.0625,P(Cy)3,0.125,,2.5,THF,68.9350080444119,18075382.0
2489,6-Bromoquinoline,"1b, 6-Br-Q",1,0.0004,"2b, Boronic Ester",1,Pd(OAc)2,0.0625,P(o-Tol)3,0.125,,2.5,THF,58.1881971694514,2509063.5
2490,6-Bromoquinoline,"1b, 6-Br-Q",1,0.0004,"2b, Boronic Ester",1,Pd(OAc)2,0.0625,CataCXium A,0.125,,2.5,THF,93.1498522158593,22541318.0
2491,6-Bromoquinoline,"1b, 6-Br-Q",1,0.0004,"2b, Boronic Ester",1,Pd(OAc)2,0.0625,SPhos,0.125,,2.5,THF,74.9380087976924,3936477.5
2492,6-Bromoquinoline,"1b, 6-Br-Q",1,0.0004,"2b, Boronic Ester",1,Pd(OAc)2,0.0625,dtbpf,0.125,,2.5,THF,47.6661267853537,10791116.0
2493,6-Bromoquinoline,"1b, 6-Br-Q",1,0.0004,"2b, Boronic Ester",1,Pd(OAc)2,0.0625,XPhos,0.125,,2.5,THF,62.8568385588947,2923942.25
2494,6-Bromoquinoline,"1b, 6-Br-Q",1,0.0004,"2b, Boronic Ester",1,Pd(OAc)2,0.0625,dppf,0.125,,2.5,THF,16.1106035737868,950327.1875
2495,6-Bromoquinoline,"1b, 6-Br-Q",1,0.0004,"2b, Boronic Ester",1,Pd(OAc)2,0.0625,Xantphos,0.125,,2.5,THF,20.6969893963096,1126192.625
2496,6-Bromoquinoline,"1b, 6-Br-Q",1,0.0004,"2b, Boronic Ester",1,Pd(OAc)2,0.0625,,,,2.5,THF,5.52966671300205,1018060.4375
2497,6-Bromoquinoline,"1b, 6-Br-Q",1,0.0004,"2b, Boronic Ester",1,Pd(OAc)2,0.0625,P(tBu)3,0.125,NaOH,2.5,DMF,76.4977948189027,3369349.25
2498,6-Bromoquinoline,"1b, 6-Br-Q",1,0.0004,"2b, Boronic Ester",1,Pd(OAc)2,0.0625,P(Ph)3 ,0.125,NaOH,2.5,DMF,73.7808586444618,16343113.0
2499,6-Bromoquinoline,"1b, 6-Br-Q",1,0.0004,"2b, Boronic Ester",1,Pd(OAc)2,0.0625,AmPhos,0.125,NaOH,2.5,DMF,79.7022937556954,3719172.75
2500,6-Bromoquinoline,"1b, 6-Br-Q",1,0.0004,"2b, Boronic Ester",1,Pd(OAc)2,0.0625,P(Cy)3,0.125,NaOH,2.5,DMF,64.7761177713041,14763256.0
2501,6-Bromoquinoline,"1b, 6-Br-Q",1,0.0004,"2b, Boronic Ester",1,Pd(OAc)2,0.0625,P(o-Tol)3,0.125,NaOH,2.5,DMF,24.5597182841315,1077899.375
2502,6-Bromoquinoline,"1b, 6-Br-Q",1,0.0004,"2b, Boronic Ester",1,Pd(OAc)2,0.0625,CataCXium A,0.125,NaOH,2.5,DMF,65.9494323923091,11599409.0
2503,6-Bromoquinoline,"1b, 6-Br-Q",1,0.0004,"2b, Boronic Ester",1,Pd(OAc)2,0.0625,SPhos,0.125,NaOH,2.5,DMF,65.9999959979532,2950401.5
2504,6-Bromoquinoline,"1b, 6-Br-Q",1,0.0004,"2b, Boronic Ester",1,Pd(OAc)2,0.0625,dtbpf,0.125,NaOH,2.5,DMF,47.0440395231028,8883405.0
2505,6-Bromoquinoline,"1b, 6-Br-Q",1,0.0004,"2b, Boronic Ester",1,Pd(OAc)2,0.0625,XPhos,0.125,NaOH,2.5,DMF,34.7415795283047,1558090.375
2506,6-Bromoquinoline,"1b, 6-Br-Q",1,0.0004,"2b, Boronic Ester",1,Pd(OAc)2,0.0625,dppf,0.125,NaOH,2.5,DMF,14.0815058468064,1054568.25
2507,6-Bromoquinoline,"1b, 6-Br-Q",1,0.0004,"2b, Boronic Ester",1,Pd(OAc)2,0.0625,Xantphos,0.125,NaOH,2.5,DMF,6.49647795193301,363715.1875
2508,6-Bromoquinoline,"1b, 6-Br-Q",1,0.0004,"2b, Boronic Ester",1,Pd(OAc)2,0.0625,,,NaOH,2.5,DMF,6.22527335265479,1437357.625
2509,6-Bromoquinoline,"1b, 6-Br-Q",1,0.0004,"2b, Boronic Ester",1,Pd(OAc)2,0.0625,P(tBu)3,0.125,NaHCO3,2.5,DMF,46.4702844454661,1927745.25
2510,6-Bromoquinoline,"1b, 6-Br-Q",1,0.0004,"2b, Boronic Ester",1,Pd(OAc)2,0.0625,P(Ph)3 ,0.125,NaHCO3,2.5,DMF,69.0430919771669,14859741.0
2511,6-Bromoquinoline,"1b, 6-Br-Q",1,0.0004,"2b, Boronic Ester",1,Pd(OAc)2,0.0625,AmPhos,0.125,NaHCO3,2.5,DMF,48.0652592350593,2086306.25
2512,6-Bromoquinoline,"1b, 6-Br-Q",1,0.0004,"2b, Boronic Ester",1,Pd(OAc)2,0.0625,P(Cy)3,0.125,NaHCO3,2.5,DMF,51.210799887072,12443684.0
2513,6-Bromoquinoline,"1b, 6-Br-Q",1,0.0004,"2b, Boronic Ester",1,Pd(OAc)2,0.0625,P(o-Tol)3,0.125,NaHCO3,2.5,DMF,14.8143117404816,595382.25
2514,6-Bromoquinoline,"1b, 6-Br-Q",1,0.0004,"2b, Boronic Ester",1,Pd(OAc)2,0.0625,CataCXium A,0.125,NaHCO3,2.5,DMF,49.0564544927625,7826853.5
2515,6-Bromoquinoline,"1b, 6-Br-Q",1,0.0004,"2b, Boronic Ester",1,Pd(OAc)2,0.0625,SPhos,0.125,NaHCO3,2.5,DMF,26.040918815247,1065006.125
2516,6-Bromoquinoline,"1b, 6-Br-Q",1,0.0004,"2b, Boronic Ester",1,Pd(OAc)2,0.0625,dtbpf,0.125,NaHCO3,2.5,DMF,21.1949923436969,2899890.25
2517,6-Bromoquinoline,"1b, 6-Br-Q",1,0.0004,"2b, Boronic Ester",1,Pd(OAc)2,0.0625,XPhos,0.125,NaHCO3,2.5,DMF,22.1288965681187,904676.875
2518,6-Bromoquinoline,"1b, 6-Br-Q",1,0.0004,"2b, Boronic Ester",1,Pd(OAc)2,0.0625,dppf,0.125,NaHCO3,2.5,DMF,13.7090810522631,531824.3125
2519,6-Bromoquinoline,"1b, 6-Br-Q",1,0.0004,"2b, Boronic Ester",1,Pd(OAc)2,0.0625,Xantphos,0.125,NaHCO3,2.5,DMF,3.2623200193116,148654.421875
2520,6-Bromoquinoline,"1b, 6-Br-Q",1,0.0004,"2b, Boronic Ester",1,Pd(OAc)2,0.0625,,,NaHCO3,2.5,DMF,8.05972907047392,1897362.5
2521,6-Bromoquinoline,"1b, 6-Br-Q",1,0.0004,"2b, Boronic Ester",1,Pd(OAc)2,0.0625,P(tBu)3,0.125,CsF,2.5,DMF,36.0251076185983,1649535.5
2522,6-Bromoquinoline,"1b, 6-Br-Q",1,0.0004,"2b, Boronic Ester",1,Pd(OAc)2,0.0625,P(Ph)3 ,0.125,CsF,2.5,DMF,73.1184305145627,16402426.0
2523,6-Bromoquinoline,"1b, 6-Br-Q",1,0.0004,"2b, Boronic Ester",1,Pd(OAc)2,0.0625,AmPhos,0.125,CsF,2.5,DMF,46.2696158969521,1947548.0
2524,6-Bromoquinoline,"1b, 6-Br-Q",1,0.0004,"2b, Boronic Ester",1,Pd(OAc)2,0.0625,P(Cy)3,0.125,CsF,2.5,DMF,36.7498930707264,8404939.0
2525,6-Bromoquinoline,"1b, 6-Br-Q",1,0.0004,"2b, Boronic Ester",1,Pd(OAc)2,0.0625,P(o-Tol)3,0.125,CsF,2.5,DMF,24.7732016917544,1183542.625
2526,6-Bromoquinoline,"1b, 6-Br-Q",1,0.0004,"2b, Boronic Ester",1,Pd(OAc)2,0.0625,CataCXium A,0.125,CsF,2.5,DMF,71.446886548998,11952787.0
2527,6-Bromoquinoline,"1b, 6-Br-Q",1,0.0004,"2b, Boronic Ester",1,Pd(OAc)2,0.0625,SPhos,0.125,CsF,2.5,DMF,46.3426409378071,1965631.875
2528,6-Bromoquinoline,"1b, 6-Br-Q",1,0.0004,"2b, Boronic Ester",1,Pd(OAc)2,0.0625,dtbpf,0.125,CsF,2.5,DMF,22.2537727714045,3790286.75
2529,6-Bromoquinoline,"1b, 6-Br-Q",1,0.0004,"2b, Boronic Ester",1,Pd(OAc)2,0.0625,XPhos,0.125,CsF,2.5,DMF,21.8679716073896,947360.875
2530,6-Bromoquinoline,"1b, 6-Br-Q",1,0.0004,"2b, Boronic Ester",1,Pd(OAc)2,0.0625,dppf,0.125,CsF,2.5,DMF,12.0016592145149,737300.3125
2531,6-Bromoquinoline,"1b, 6-Br-Q",1,0.0004,"2b, Boronic Ester",1,Pd(OAc)2,0.0625,Xantphos,0.125,CsF,2.5,DMF,3.95149617783057,201109.40625
2532,6-Bromoquinoline,"1b, 6-Br-Q",1,0.0004,"2b, Boronic Ester",1,Pd(OAc)2,0.0625,,,CsF,2.5,DMF,7.53180772643522,1726065.25
2533,6-Bromoquinoline,"1b, 6-Br-Q",1,0.0004,"2b, Boronic Ester",1,Pd(OAc)2,0.0625,P(tBu)3,0.125,K3PO4,2.5,DMF,48.7276409549358,2186064.0
2534,6-Bromoquinoline,"1b, 6-Br-Q",1,0.0004,"2b, Boronic Ester",1,Pd(OAc)2,0.0625,P(Ph)3 ,0.125,K3PO4,2.5,DMF,61.3793062008001,14457490.0
2535,6-Bromoquinoline,"1b, 6-Br-Q",1,0.0004,"2b, Boronic Ester",1,Pd(OAc)2,0.0625,AmPhos,0.125,K3PO4,2.5,DMF,54.4724614794504,2374915.5
2536,6-Bromoquinoline,"1b, 6-Br-Q",1,0.0004,"2b, Boronic Ester",1,Pd(OAc)2,0.0625,P(Cy)3,0.125,K3PO4,2.5,DMF,20.6432747388988,5248756.0
2537,6-Bromoquinoline,"1b, 6-Br-Q",1,0.0004,"2b, Boronic Ester",1,Pd(OAc)2,0.0625,P(o-Tol)3,0.125,K3PO4,2.5,DMF,11.8133736835549,528536.875
2538,6-Bromoquinoline,"1b, 6-Br-Q",1,0.0004,"2b, Boronic Ester",1,Pd(OAc)2,0.0625,CataCXium A,0.125,K3PO4,2.5,DMF,54.2307156449755,8952357.0
2539,6-Bromoquinoline,"1b, 6-Br-Q",1,0.0004,"2b, Boronic Ester",1,Pd(OAc)2,0.0625,SPhos,0.125,K3PO4,2.5,DMF,29.1568163361999,1310852.375
2540,6-Bromoquinoline,"1b, 6-Br-Q",1,0.0004,"2b, Boronic Ester",1,Pd(OAc)2,0.0625,dtbpf,0.125,K3PO4,2.5,DMF,22.1155414652685,3488454.75
2541,6-Bromoquinoline,"1b, 6-Br-Q",1,0.0004,"2b, Boronic Ester",1,Pd(OAc)2,0.0625,XPhos,0.125,K3PO4,2.5,DMF,15.4584201258111,670386.9375
2542,6-Bromoquinoline,"1b, 6-Br-Q",1,0.0004,"2b, Boronic Ester",1,Pd(OAc)2,0.0625,dppf,0.125,K3PO4,2.5,DMF,14.1894556574202,619277.3125
2543,6-Bromoquinoline,"1b, 6-Br-Q",1,0.0004,"2b, Boronic Ester",1,Pd(OAc)2,0.0625,Xantphos,0.125,K3PO4,2.5,DMF,3.02396704995803,149390.796875
2544,6-Bromoquinoline,"1b, 6-Br-Q",1,0.0004,"2b, Boronic Ester",1,Pd(OAc)2,0.0625,,,K3PO4,2.5,DMF,8.30006442709662,1541860.125
2545,6-Bromoquinoline,"1b, 6-Br-Q",1,0.0004,"2b, Boronic Ester",1,Pd(OAc)2,0.0625,P(tBu)3,0.125,KOH,2.5,DMF,48.0559209732778,2218903.0
2546,6-Bromoquinoline,"1b, 6-Br-Q",1,0.0004,"2b, Boronic Ester",1,Pd(OAc)2,0.0625,P(Ph)3 ,0.125,KOH,2.5,DMF,64.7831168100418,14846253.0
2547,6-Bromoquinoline,"1b, 6-Br-Q",1,0.0004,"2b, Boronic Ester",1,Pd(OAc)2,0.0625,AmPhos,0.125,KOH,2.5,DMF,66.6159268765964,3087866.75
2548,6-Bromoquinoline,"1b, 6-Br-Q",1,0.0004,"2b, Boronic Ester",1,Pd(OAc)2,0.0625,P(Cy)3,0.125,KOH,2.5,DMF,67.8280881189768,15983740.0
2549,6-Bromoquinoline,"1b, 6-Br-Q",1,0.0004,"2b, Boronic Ester",1,Pd(OAc)2,0.0625,P(o-Tol)3,0.125,KOH,2.5,DMF,30.730199900877,1340787.0
2550,6-Bromoquinoline,"1b, 6-Br-Q",1,0.0004,"2b, Boronic Ester",1,Pd(OAc)2,0.0625,CataCXium A,0.125,KOH,2.5,DMF,64.7543840218683,10748437.0
2551,6-Bromoquinoline,"1b, 6-Br-Q",1,0.0004,"2b, Boronic Ester",1,Pd(OAc)2,0.0625,SPhos,0.125,KOH,2.5,DMF,63.9633723238879,2854387.25
2552,6-Bromoquinoline,"1b, 6-Br-Q",1,0.0004,"2b, Boronic Ester",1,Pd(OAc)2,0.0625,dtbpf,0.125,KOH,2.5,DMF,45.0397945183573,8418666.0
2553,6-Bromoquinoline,"1b, 6-Br-Q",1,0.0004,"2b, Boronic Ester",1,Pd(OAc)2,0.0625,XPhos,0.125,KOH,2.5,DMF,43.5120520736486,1935714.375
2554,6-Bromoquinoline,"1b, 6-Br-Q",1,0.0004,"2b, Boronic Ester",1,Pd(OAc)2,0.0625,dppf,0.125,KOH,2.5,DMF,13.4303280555806,1506897.375
2555,6-Bromoquinoline,"1b, 6-Br-Q",1,0.0004,"2b, Boronic Ester",1,Pd(OAc)2,0.0625,Xantphos,0.125,KOH,2.5,DMF,14.2344846948719,771169.25
2556,6-Bromoquinoline,"1b, 6-Br-Q",1,0.0004,"2b, Boronic Ester",1,Pd(OAc)2,0.0625,,,KOH,2.5,DMF,18.9442664281521,5797213.0
2557,6-Bromoquinoline,"1b, 6-Br-Q",1,0.0004,"2b, Boronic Ester",1,Pd(OAc)2,0.0625,P(tBu)3,0.125,LiOtBu,2.5,DMF,78.7069252397725,3492871.25
2558,6-Bromoquinoline,"1b, 6-Br-Q",1,0.0004,"2b, Boronic Ester",1,Pd(OAc)2,0.0625,P(Ph)3 ,0.125,LiOtBu,2.5,DMF,75.3938224757461,16941684.0
2559,6-Bromoquinoline,"1b, 6-Br-Q",1,0.0004,"2b, Boronic Ester",1,Pd(OAc)2,0.0625,AmPhos,0.125,LiOtBu,2.5,DMF,69.8946644887368,2990737.25
2560,6-Bromoquinoline,"1b, 6-Br-Q",1,0.0004,"2b, Boronic Ester",1,Pd(OAc)2,0.0625,P(Cy)3,0.125,LiOtBu,2.5,DMF,64.266141455095,13921153.0
2561,6-Bromoquinoline,"1b, 6-Br-Q",1,0.0004,"2b, Boronic Ester",1,Pd(OAc)2,0.0625,P(o-Tol)3,0.125,LiOtBu,2.5,DMF,26.2645200113588,967944.4375
2562,6-Bromoquinoline,"1b, 6-Br-Q",1,0.0004,"2b, Boronic Ester",1,Pd(OAc)2,0.0625,CataCXium A,0.125,LiOtBu,2.5,DMF,82.6188805431717,13157213.0
2563,6-Bromoquinoline,"1b, 6-Br-Q",1,0.0004,"2b, Boronic Ester",1,Pd(OAc)2,0.0625,SPhos,0.125,LiOtBu,2.5,DMF,33.9434435951087,1381891.625
2564,6-Bromoquinoline,"1b, 6-Br-Q",1,0.0004,"2b, Boronic Ester",1,Pd(OAc)2,0.0625,dtbpf,0.125,LiOtBu,2.5,DMF,82.6188805431717,13157213.0
2565,6-Bromoquinoline,"1b, 6-Br-Q",1,0.0004,"2b, Boronic Ester",1,Pd(OAc)2,0.0625,XPhos,0.125,LiOtBu,2.5,DMF,15.3187557376871,620906.25
2566,6-Bromoquinoline,"1b, 6-Br-Q",1,0.0004,"2b, Boronic Ester",1,Pd(OAc)2,0.0625,dppf,0.125,LiOtBu,2.5,DMF,13.8961081134738,860194.0
2567,6-Bromoquinoline,"1b, 6-Br-Q",1,0.0004,"2b, Boronic Ester",1,Pd(OAc)2,0.0625,Xantphos,0.125,LiOtBu,2.5,DMF,7.16311708385818,320324.1875
2568,6-Bromoquinoline,"1b, 6-Br-Q",1,0.0004,"2b, Boronic Ester",1,Pd(OAc)2,0.0625,,,LiOtBu,2.5,DMF,4.91099216253518,628359.625
2569,6-Bromoquinoline,"1b, 6-Br-Q",1,0.0004,"2b, Boronic Ester",1,Pd(OAc)2,0.0625,P(tBu)3,0.125,Et3N,2.5,DMF,80.7643604334905,3561735.0
2570,6-Bromoquinoline,"1b, 6-Br-Q",1,0.0004,"2b, Boronic Ester",1,Pd(OAc)2,0.0625,P(Ph)3 ,0.125,Et3N,2.5,DMF,64.9049830329806,14003659.0
2571,6-Bromoquinoline,"1b, 6-Br-Q",1,0.0004,"2b, Boronic Ester",1,Pd(OAc)2,0.0625,AmPhos,0.125,Et3N,2.5,DMF,75.1753061215778,3540789.0
2572,6-Bromoquinoline,"1b, 6-Br-Q",1,0.0004,"2b, Boronic Ester",1,Pd(OAc)2,0.0625,P(Cy)3,0.125,Et3N,2.5,DMF,49.0174427026045,9799341.0
2573,6-Bromoquinoline,"1b, 6-Br-Q",1,0.0004,"2b, Boronic Ester",1,Pd(OAc)2,0.0625,P(o-Tol)3,0.125,Et3N,2.5,DMF,6.62394660290153,271581.625
2574,6-Bromoquinoline,"1b, 6-Br-Q",1,0.0004,"2b, Boronic Ester",1,Pd(OAc)2,0.0625,CataCXium A,0.125,Et3N,2.5,DMF,72.3208980104317,11489481.0
2575,6-Bromoquinoline,"1b, 6-Br-Q",1,0.0004,"2b, Boronic Ester",1,Pd(OAc)2,0.0625,SPhos,0.125,Et3N,2.5,DMF,42.8036671325266,1822048.25
2576,6-Bromoquinoline,"1b, 6-Br-Q",1,0.0004,"2b, Boronic Ester",1,Pd(OAc)2,0.0625,dtbpf,0.125,Et3N,2.5,DMF,26.8835220167975,4896178.0
2577,6-Bromoquinoline,"1b, 6-Br-Q",1,0.0004,"2b, Boronic Ester",1,Pd(OAc)2,0.0625,XPhos,0.125,Et3N,2.5,DMF,12.0627554003008,475697.71875
2578,6-Bromoquinoline,"1b, 6-Br-Q",1,0.0004,"2b, Boronic Ester",1,Pd(OAc)2,0.0625,dppf,0.125,Et3N,2.5,DMF,7.2466164164885,681751.25
2579,6-Bromoquinoline,"1b, 6-Br-Q",1,0.0004,"2b, Boronic Ester",1,Pd(OAc)2,0.0625,Xantphos,0.125,Et3N,2.5,DMF,9.18848220225247,488848.6875
2580,6-Bromoquinoline,"1b, 6-Br-Q",1,0.0004,"2b, Boronic Ester",1,Pd(OAc)2,0.0625,,,Et3N,2.5,DMF,5.77202640299252,887105.0625
2581,6-Bromoquinoline,"1b, 6-Br-Q",1,0.0004,"2b, Boronic Ester",1,Pd(OAc)2,0.0625,P(tBu)3,0.125,,2.5,DMF,80.9411305338202,3586624.0
2582,6-Bromoquinoline,"1b, 6-Br-Q",1,0.0004,"2b, Boronic Ester",1,Pd(OAc)2,0.0625,P(Ph)3 ,0.125,,2.5,DMF,45.5436187281665,10159760.0
2583,6-Bromoquinoline,"1b, 6-Br-Q",1,0.0004,"2b, Boronic Ester",1,Pd(OAc)2,0.0625,AmPhos,0.125,,2.5,DMF,57.7619061384486,2432714.0
2584,6-Bromoquinoline,"1b, 6-Br-Q",1,0.0004,"2b, Boronic Ester",1,Pd(OAc)2,0.0625,P(Cy)3,0.125,,2.5,DMF,45.1100385219198,10371106.0
2585,6-Bromoquinoline,"1b, 6-Br-Q",1,0.0004,"2b, Boronic Ester",1,Pd(OAc)2,0.0625,P(o-Tol)3,0.125,,2.5,DMF,12.4369769954043,530879.5625
2586,6-Bromoquinoline,"1b, 6-Br-Q",1,0.0004,"2b, Boronic Ester",1,Pd(OAc)2,0.0625,CataCXium A,0.125,,2.5,DMF,64.7975373042168,10377281.0
2587,6-Bromoquinoline,"1b, 6-Br-Q",1,0.0004,"2b, Boronic Ester",1,Pd(OAc)2,0.0625,SPhos,0.125,,2.5,DMF,23.4740394455843,1005503.5
2588,6-Bromoquinoline,"1b, 6-Br-Q",1,0.0004,"2b, Boronic Ester",1,Pd(OAc)2,0.0625,dtbpf,0.125,,2.5,DMF,23.113141899058,4171693.5
2589,6-Bromoquinoline,"1b, 6-Br-Q",1,0.0004,"2b, Boronic Ester",1,Pd(OAc)2,0.0625,XPhos,0.125,,2.5,DMF,17.5720438479683,760564.1875
2590,6-Bromoquinoline,"1b, 6-Br-Q",1,0.0004,"2b, Boronic Ester",1,Pd(OAc)2,0.0625,dppf,0.125,,2.5,DMF,14.7856752476347,485583.8125
2591,6-Bromoquinoline,"1b, 6-Br-Q",1,0.0004,"2b, Boronic Ester",1,Pd(OAc)2,0.0625,Xantphos,0.125,,2.5,DMF,3.79601221483607,107278.3671875
2592,6-Bromoquinoline,"1b, 6-Br-Q",1,0.0004,"2b, Boronic Ester",1,Pd(OAc)2,0.0625,,,,2.5,DMF,8.82794458097431,1908531.375
2593,6-Bromoquinoline,"1b, 6-Br-Q",1,0.0004,"2b, Boronic Ester",1,Pd(OAc)2,0.0625,P(tBu)3,0.125,NaOH,2.5,MeOH,59.5869211694652,2068734.625
2594,6-Bromoquinoline,"1b, 6-Br-Q",1,0.0004,"2b, Boronic Ester",1,Pd(OAc)2,0.0625,P(Ph)3 ,0.125,NaOH,2.5,MeOH,79.1008259375175,16220114.0
2595,6-Bromoquinoline,"1b, 6-Br-Q",1,0.0004,"2b, Boronic Ester",1,Pd(OAc)2,0.0625,AmPhos,0.125,NaOH,2.5,MeOH,68.5422502236483,3177641.5
2596,6-Bromoquinoline,"1b, 6-Br-Q",1,0.0004,"2b, Boronic Ester",1,Pd(OAc)2,0.0625,P(Cy)3,0.125,NaOH,2.5,MeOH,61.9182108960878,12022868.0
2597,6-Bromoquinoline,"1b, 6-Br-Q",1,0.0004,"2b, Boronic Ester",1,Pd(OAc)2,0.0625,P(o-Tol)3,0.125,NaOH,2.5,MeOH,64.0773246171434,2520749.25
2598,6-Bromoquinoline,"1b, 6-Br-Q",1,0.0004,"2b, Boronic Ester",1,Pd(OAc)2,0.0625,CataCXium A,0.125,NaOH,2.5,MeOH,64.2457164755485,10126055.0
2599,6-Bromoquinoline,"1b, 6-Br-Q",1,0.0004,"2b, Boronic Ester",1,Pd(OAc)2,0.0625,SPhos,0.125,NaOH,2.5,MeOH,54.0906393517141,2187776.5
2600,6-Bromoquinoline,"1b, 6-Br-Q",1,0.0004,"2b, Boronic Ester",1,Pd(OAc)2,0.0625,dtbpf,0.125,NaOH,2.5,MeOH,25.5023023684009,4369236.0
2601,6-Bromoquinoline,"1b, 6-Br-Q",1,0.0004,"2b, Boronic Ester",1,Pd(OAc)2,0.0625,XPhos,0.125,NaOH,2.5,MeOH,52.8177029834646,2172678.0
2602,6-Bromoquinoline,"1b, 6-Br-Q",1,0.0004,"2b, Boronic Ester",1,Pd(OAc)2,0.0625,dppf,0.125,NaOH,2.5,MeOH,9.04572769254407,1007668.9375
2603,6-Bromoquinoline,"1b, 6-Br-Q",1,0.0004,"2b, Boronic Ester",1,Pd(OAc)2,0.0625,Xantphos,0.125,NaOH,2.5,MeOH,3.77677586966687,104398.0625
2604,6-Bromoquinoline,"1b, 6-Br-Q",1,0.0004,"2b, Boronic Ester",1,Pd(OAc)2,0.0625,,,NaOH,2.5,MeOH,42.8974736802609,11513077.0
2605,6-Bromoquinoline,"1b, 6-Br-Q",1,0.0004,"2b, Boronic Ester",1,Pd(OAc)2,0.0625,P(tBu)3,0.125,NaHCO3,2.5,MeOH,31.5811337318611,1279056.875
2606,6-Bromoquinoline,"1b, 6-Br-Q",1,0.0004,"2b, Boronic Ester",1,Pd(OAc)2,0.0625,P(Ph)3 ,0.125,NaHCO3,2.5,MeOH,68.4605717426728,14234454.0
2607,6-Bromoquinoline,"1b, 6-Br-Q",1,0.0004,"2b, Boronic Ester",1,Pd(OAc)2,0.0625,AmPhos,0.125,NaHCO3,2.5,MeOH,56.1445045271822,2349769.0
2608,6-Bromoquinoline,"1b, 6-Br-Q",1,0.0004,"2b, Boronic Ester",1,Pd(OAc)2,0.0625,P(Cy)3,0.125,NaHCO3,2.5,MeOH,47.0705668983345,9430069.0
2609,6-Bromoquinoline,"1b, 6-Br-Q",1,0.0004,"2b, Boronic Ester",1,Pd(OAc)2,0.0625,P(o-Tol)3,0.125,NaHCO3,2.5,MeOH,64.5715496753202,2614299.75
2610,6-Bromoquinoline,"1b, 6-Br-Q",1,0.0004,"2b, Boronic Ester",1,Pd(OAc)2,0.0625,CataCXium A,0.125,NaHCO3,2.5,MeOH,58.3275366477236,8650409.0
2611,6-Bromoquinoline,"1b, 6-Br-Q",1,0.0004,"2b, Boronic Ester",1,Pd(OAc)2,0.0625,SPhos,0.125,NaHCO3,2.5,MeOH,35.8094165591069,1441042.875
2612,6-Bromoquinoline,"1b, 6-Br-Q",1,0.0004,"2b, Boronic Ester",1,Pd(OAc)2,0.0625,dtbpf,0.125,NaHCO3,2.5,MeOH,17.872632788702,1864332.75
2613,6-Bromoquinoline,"1b, 6-Br-Q",1,0.0004,"2b, Boronic Ester",1,Pd(OAc)2,0.0625,XPhos,0.125,NaHCO3,2.5,MeOH,29.6203866812903,1178162.375
2614,6-Bromoquinoline,"1b, 6-Br-Q",1,0.0004,"2b, Boronic Ester",1,Pd(OAc)2,0.0625,dppf,0.125,NaHCO3,2.5,MeOH,10.2816570807583,1126310.625
2615,6-Bromoquinoline,"1b, 6-Br-Q",1,0.0004,"2b, Boronic Ester",1,Pd(OAc)2,0.0625,Xantphos,0.125,NaHCO3,2.5,MeOH,2.25122955440194,53857.47265625
2616,6-Bromoquinoline,"1b, 6-Br-Q",1,0.0004,"2b, Boronic Ester",1,Pd(OAc)2,0.0625,,,NaHCO3,2.5,MeOH,19.4577717486751,5139216.5
2617,6-Bromoquinoline,"1b, 6-Br-Q",1,0.0004,"2b, Boronic Ester",1,Pd(OAc)2,0.0625,P(tBu)3,0.125,CsF,2.5,MeOH,43.2704285718877,1776642.75
2618,6-Bromoquinoline,"1b, 6-Br-Q",1,0.0004,"2b, Boronic Ester",1,Pd(OAc)2,0.0625,P(Ph)3 ,0.125,CsF,2.5,MeOH,46.6820745667589,10134070.0
2619,6-Bromoquinoline,"1b, 6-Br-Q",1,0.0004,"2b, Boronic Ester",1,Pd(OAc)2,0.0625,AmPhos,0.125,CsF,2.5,MeOH,51.2487615301835,2122736.5
2620,6-Bromoquinoline,"1b, 6-Br-Q",1,0.0004,"2b, Boronic Ester",1,Pd(OAc)2,0.0625,P(Cy)3,0.125,CsF,2.5,MeOH,24.5134022603973,5007895.5
2621,6-Bromoquinoline,"1b, 6-Br-Q",1,0.0004,"2b, Boronic Ester",1,Pd(OAc)2,0.0625,P(o-Tol)3,0.125,CsF,2.5,MeOH,48.5113721138405,1773099.375
2622,6-Bromoquinoline,"1b, 6-Br-Q",1,0.0004,"2b, Boronic Ester",1,Pd(OAc)2,0.0625,CataCXium A,0.125,CsF,2.5,MeOH,42.4344069858118,6736304.5
2623,6-Bromoquinoline,"1b, 6-Br-Q",1,0.0004,"2b, Boronic Ester",1,Pd(OAc)2,0.0625,SPhos,0.125,CsF,2.5,MeOH,17.8666157191774,750654.0
2624,6-Bromoquinoline,"1b, 6-Br-Q",1,0.0004,"2b, Boronic Ester",1,Pd(OAc)2,0.0625,dtbpf,0.125,CsF,2.5,MeOH,0.0,1018207.0625
2625,6-Bromoquinoline,"1b, 6-Br-Q",1,0.0004,"2b, Boronic Ester",1,Pd(OAc)2,0.0625,XPhos,0.125,CsF,2.5,MeOH,16.1852471350164,469245.34375
2626,6-Bromoquinoline,"1b, 6-Br-Q",1,0.0004,"2b, Boronic Ester",1,Pd(OAc)2,0.0625,dppf,0.125,CsF,2.5,MeOH,12.4359122318423,507198.03125
2627,6-Bromoquinoline,"1b, 6-Br-Q",1,0.0004,"2b, Boronic Ester",1,Pd(OAc)2,0.0625,Xantphos,0.125,CsF,2.5,MeOH,1.4839714725258,49970.6640625
2628,6-Bromoquinoline,"1b, 6-Br-Q",1,0.0004,"2b, Boronic Ester",1,Pd(OAc)2,0.0625,,,CsF,2.5,MeOH,9.48424248908904,2334194.5
2629,6-Bromoquinoline,"1b, 6-Br-Q",1,0.0004,"2b, Boronic Ester",1,Pd(OAc)2,0.0625,P(tBu)3,0.125,K3PO4,2.5,MeOH,42.5514158959722,1491422.875
2630,6-Bromoquinoline,"1b, 6-Br-Q",1,0.0004,"2b, Boronic Ester",1,Pd(OAc)2,0.0625,P(Ph)3 ,0.125,K3PO4,2.5,MeOH,66.7804425409009,14660551.0
2631,6-Bromoquinoline,"1b, 6-Br-Q",1,0.0004,"2b, Boronic Ester",1,Pd(OAc)2,0.0625,AmPhos,0.125,K3PO4,2.5,MeOH,63.1709054253688,2446182.5
2632,6-Bromoquinoline,"1b, 6-Br-Q",1,0.0004,"2b, Boronic Ester",1,Pd(OAc)2,0.0625,P(Cy)3,0.125,K3PO4,2.5,MeOH,57.3047545816069,13253136.0
2633,6-Bromoquinoline,"1b, 6-Br-Q",1,0.0004,"2b, Boronic Ester",1,Pd(OAc)2,0.0625,P(o-Tol)3,0.125,K3PO4,2.5,MeOH,60.9014648889427,2346049.25
2634,6-Bromoquinoline,"1b, 6-Br-Q",1,0.0004,"2b, Boronic Ester",1,Pd(OAc)2,0.0625,CataCXium A,0.125,K3PO4,2.5,MeOH,65.2874072865544,8498962.0
2635,6-Bromoquinoline,"1b, 6-Br-Q",1,0.0004,"2b, Boronic Ester",1,Pd(OAc)2,0.0625,SPhos,0.125,K3PO4,2.5,MeOH,50.118640234579,1890164.375
2636,6-Bromoquinoline,"1b, 6-Br-Q",1,0.0004,"2b, Boronic Ester",1,Pd(OAc)2,0.0625,dtbpf,0.125,K3PO4,2.5,MeOH,27.7884154513842,3734685.5
2637,6-Bromoquinoline,"1b, 6-Br-Q",1,0.0004,"2b, Boronic Ester",1,Pd(OAc)2,0.0625,XPhos,0.125,K3PO4,2.5,MeOH,43.980945389189,1799865.25
2638,6-Bromoquinoline,"1b, 6-Br-Q",1,0.0004,"2b, Boronic Ester",1,Pd(OAc)2,0.0625,dppf,0.125,K3PO4,2.5,MeOH,9.76601449382814,813875.5625
2639,6-Bromoquinoline,"1b, 6-Br-Q",1,0.0004,"2b, Boronic Ester",1,Pd(OAc)2,0.0625,Xantphos,0.125,K3PO4,2.5,MeOH,1.79404991984808,79250.1875
2640,6-Bromoquinoline,"1b, 6-Br-Q",1,0.0004,"2b, Boronic Ester",1,Pd(OAc)2,0.0625,,,K3PO4,2.5,MeOH,30.8047340497371,8979726.0
2641,6-Bromoquinoline,"1b, 6-Br-Q",1,0.0004,"2b, Boronic Ester",1,Pd(OAc)2,0.0625,P(tBu)3,0.125,KOH,2.5,MeOH,39.6326909475235,1811602.125
2642,6-Bromoquinoline,"1b, 6-Br-Q",1,0.0004,"2b, Boronic Ester",1,Pd(OAc)2,0.0625,P(Ph)3 ,0.125,KOH,2.5,MeOH,71.1662163117527,16786116.0
2643,6-Bromoquinoline,"1b, 6-Br-Q",1,0.0004,"2b, Boronic Ester",1,Pd(OAc)2,0.0625,AmPhos,0.125,KOH,2.5,MeOH,62.5901003557028,2770339.25
2644,6-Bromoquinoline,"1b, 6-Br-Q",1,0.0004,"2b, Boronic Ester",1,Pd(OAc)2,0.0625,P(Cy)3,0.125,KOH,2.5,MeOH,59.7110836286512,12709405.0
2645,6-Bromoquinoline,"1b, 6-Br-Q",1,0.0004,"2b, Boronic Ester",1,Pd(OAc)2,0.0625,P(o-Tol)3,0.125,KOH,2.5,MeOH,67.6795977368238,2842319.0
2646,6-Bromoquinoline,"1b, 6-Br-Q",1,0.0004,"2b, Boronic Ester",1,Pd(OAc)2,0.0625,CataCXium A,0.125,KOH,2.5,MeOH,69.0477404859142,10195977.0
2647,6-Bromoquinoline,"1b, 6-Br-Q",1,0.0004,"2b, Boronic Ester",1,Pd(OAc)2,0.0625,SPhos,0.125,KOH,2.5,MeOH,60.6183333793201,2698375.5
2648,6-Bromoquinoline,"1b, 6-Br-Q",1,0.0004,"2b, Boronic Ester",1,Pd(OAc)2,0.0625,dtbpf,0.125,KOH,2.5,MeOH,27.7396473154882,3521985.0
2649,6-Bromoquinoline,"1b, 6-Br-Q",1,0.0004,"2b, Boronic Ester",1,Pd(OAc)2,0.0625,XPhos,0.125,KOH,2.5,MeOH,53.6436856390168,2097044.0
2650,6-Bromoquinoline,"1b, 6-Br-Q",1,0.0004,"2b, Boronic Ester",1,Pd(OAc)2,0.0625,dppf,0.125,KOH,2.5,MeOH,11.9457969558481,1194812.625
2651,6-Bromoquinoline,"1b, 6-Br-Q",1,0.0004,"2b, Boronic Ester",1,Pd(OAc)2,0.0625,Xantphos,0.125,KOH,2.5,MeOH,0.527912468979002,111334.46875
2652,6-Bromoquinoline,"1b, 6-Br-Q",1,0.0004,"2b, Boronic Ester",1,Pd(OAc)2,0.0625,,,KOH,2.5,MeOH,33.6228773736327,9641354.00000001
2653,6-Bromoquinoline,"1b, 6-Br-Q",1,0.0004,"2b, Boronic Ester",1,Pd(OAc)2,0.0625,P(tBu)3,0.125,LiOtBu,2.5,MeOH,44.8044602309298,1808624.875
2654,6-Bromoquinoline,"1b, 6-Br-Q",1,0.0004,"2b, Boronic Ester",1,Pd(OAc)2,0.0625,P(Ph)3 ,0.125,LiOtBu,2.5,MeOH,77.9213130159205,17072824.0
2655,6-Bromoquinoline,"1b, 6-Br-Q",1,0.0004,"2b, Boronic Ester",1,Pd(OAc)2,0.0625,AmPhos,0.125,LiOtBu,2.5,MeOH,63.7659041002719,2536426.5
2656,6-Bromoquinoline,"1b, 6-Br-Q",1,0.0004,"2b, Boronic Ester",1,Pd(OAc)2,0.0625,P(Cy)3,0.125,LiOtBu,2.5,MeOH,69.8122924346663,14595763.0
2657,6-Bromoquinoline,"1b, 6-Br-Q",1,0.0004,"2b, Boronic Ester",1,Pd(OAc)2,0.0625,P(o-Tol)3,0.125,LiOtBu,2.5,MeOH,71.5889678993942,1613140.375
2658,6-Bromoquinoline,"1b, 6-Br-Q",1,0.0004,"2b, Boronic Ester",1,Pd(OAc)2,0.0625,CataCXium A,0.125,LiOtBu,2.5,MeOH,58.8569154275866,8624112.0
2659,6-Bromoquinoline,"1b, 6-Br-Q",1,0.0004,"2b, Boronic Ester",1,Pd(OAc)2,0.0625,SPhos,0.125,LiOtBu,2.5,MeOH,51.5657854887724,2652522.5
2660,6-Bromoquinoline,"1b, 6-Br-Q",1,0.0004,"2b, Boronic Ester",1,Pd(OAc)2,0.0625,dtbpf,0.125,LiOtBu,2.5,MeOH,25.8919720932694,4404483.5
2661,6-Bromoquinoline,"1b, 6-Br-Q",1,0.0004,"2b, Boronic Ester",1,Pd(OAc)2,0.0625,XPhos,0.125,LiOtBu,2.5,MeOH,58.4537356209573,160651.328125
2662,6-Bromoquinoline,"1b, 6-Br-Q",1,0.0004,"2b, Boronic Ester",1,Pd(OAc)2,0.0625,dppf,0.125,LiOtBu,2.5,MeOH,9.51186412103616,976685.875
2663,6-Bromoquinoline,"1b, 6-Br-Q",1,0.0004,"2b, Boronic Ester",1,Pd(OAc)2,0.0625,Xantphos,0.125,LiOtBu,2.5,MeOH,1.32221975332034,1258174.375
2664,6-Bromoquinoline,"1b, 6-Br-Q",1,0.0004,"2b, Boronic Ester",1,Pd(OAc)2,0.0625,,,LiOtBu,2.5,MeOH,29.5597214650177,7792497.0
2665,6-Bromoquinoline,"1b, 6-Br-Q",1,0.0004,"2b, Boronic Ester",1,Pd(OAc)2,0.0625,P(tBu)3,0.125,Et3N,2.5,MeOH,29.0959427043556,2157624.25
2666,6-Bromoquinoline,"1b, 6-Br-Q",1,0.0004,"2b, Boronic Ester",1,Pd(OAc)2,0.0625,P(Ph)3 ,0.125,Et3N,2.5,MeOH,53.8966504380561,11768155.0
2667,6-Bromoquinoline,"1b, 6-Br-Q",1,0.0004,"2b, Boronic Ester",1,Pd(OAc)2,0.0625,AmPhos,0.125,Et3N,2.5,MeOH,52.8178409893278,2487945.5
2668,6-Bromoquinoline,"1b, 6-Br-Q",1,0.0004,"2b, Boronic Ester",1,Pd(OAc)2,0.0625,P(Cy)3,0.125,Et3N,2.5,MeOH,23.644544523272,5949776.5
2669,6-Bromoquinoline,"1b, 6-Br-Q",1,0.0004,"2b, Boronic Ester",1,Pd(OAc)2,0.0625,P(o-Tol)3,0.125,Et3N,2.5,MeOH,56.6968894834854,1016922.3125
2670,6-Bromoquinoline,"1b, 6-Br-Q",1,0.0004,"2b, Boronic Ester",1,Pd(OAc)2,0.0625,CataCXium A,0.125,Et3N,2.5,MeOH,58.1758364883022,9788770.0
2671,6-Bromoquinoline,"1b, 6-Br-Q",1,0.0004,"2b, Boronic Ester",1,Pd(OAc)2,0.0625,SPhos,0.125,Et3N,2.5,MeOH,24.9802345450057,601585.9375
2672,6-Bromoquinoline,"1b, 6-Br-Q",1,0.0004,"2b, Boronic Ester",1,Pd(OAc)2,0.0625,dtbpf,0.125,Et3N,2.5,MeOH,14.4094099422302,1128955.75
2673,6-Bromoquinoline,"1b, 6-Br-Q",1,0.0004,"2b, Boronic Ester",1,Pd(OAc)2,0.0625,XPhos,0.125,Et3N,2.5,MeOH,17.110177326432,45462.171875
2674,6-Bromoquinoline,"1b, 6-Br-Q",1,0.0004,"2b, Boronic Ester",1,Pd(OAc)2,0.0625,dppf,0.125,Et3N,2.5,MeOH,10.5162253126458,493358.3125
2675,6-Bromoquinoline,"1b, 6-Br-Q",1,0.0004,"2b, Boronic Ester",1,Pd(OAc)2,0.0625,Xantphos,0.125,Et3N,2.5,MeOH,3.8192236461343,872160.9375
2676,6-Bromoquinoline,"1b, 6-Br-Q",1,0.0004,"2b, Boronic Ester",1,Pd(OAc)2,0.0625,,,Et3N,2.5,MeOH,13.4719672373391,3738991.0
2677,6-Bromoquinoline,"1b, 6-Br-Q",1,0.0004,"2b, Boronic Ester",1,Pd(OAc)2,0.0625,P(tBu)3,0.125,,2.5,MeOH,23.9502535579356,1585088.875
2678,6-Bromoquinoline,"1b, 6-Br-Q",1,0.0004,"2b, Boronic Ester",1,Pd(OAc)2,0.0625,P(Ph)3 ,0.125,,2.5,MeOH,34.16656251117,7139814.0
2679,6-Bromoquinoline,"1b, 6-Br-Q",1,0.0004,"2b, Boronic Ester",1,Pd(OAc)2,0.0625,AmPhos,0.125,,2.5,MeOH,42.5503938509877,1554294.625
2680,6-Bromoquinoline,"1b, 6-Br-Q",1,0.0004,"2b, Boronic Ester",1,Pd(OAc)2,0.0625,P(Cy)3,0.125,,2.5,MeOH,22.0128345776522,4527036.5
2681,6-Bromoquinoline,"1b, 6-Br-Q",1,0.0004,"2b, Boronic Ester",1,Pd(OAc)2,0.0625,P(o-Tol)3,0.125,,2.5,MeOH,45.8009386507602,892344.875
2682,6-Bromoquinoline,"1b, 6-Br-Q",1,0.0004,"2b, Boronic Ester",1,Pd(OAc)2,0.0625,CataCXium A,0.125,,2.5,MeOH,44.0080731410714,6057212.5
2683,6-Bromoquinoline,"1b, 6-Br-Q",1,0.0004,"2b, Boronic Ester",1,Pd(OAc)2,0.0625,SPhos,0.125,,2.5,MeOH,21.4812260425813,501386.03125
2684,6-Bromoquinoline,"1b, 6-Br-Q",1,0.0004,"2b, Boronic Ester",1,Pd(OAc)2,0.0625,dtbpf,0.125,,2.5,MeOH,16.7406089975124,1193342.5
2685,6-Bromoquinoline,"1b, 6-Br-Q",1,0.0004,"2b, Boronic Ester",1,Pd(OAc)2,0.0625,XPhos,0.125,,2.5,MeOH,17.7712172114827,50673.8984375
2686,6-Bromoquinoline,"1b, 6-Br-Q",1,0.0004,"2b, Boronic Ester",1,Pd(OAc)2,0.0625,dppf,0.125,,2.5,MeOH,8.94086474638032,372095.96875
2687,6-Bromoquinoline,"1b, 6-Br-Q",1,0.0004,"2b, Boronic Ester",1,Pd(OAc)2,0.0625,Xantphos,0.125,,2.5,MeOH,2.05024563626456,187079.34375
2688,6-Bromoquinoline,"1b, 6-Br-Q",1,0.0004,"2b, Boronic Ester",1,Pd(OAc)2,0.0625,,,,2.5,MeOH,12.4285362598183,3464280.25
2689,6-chloroquinoline,"1a, 6-Cl-Q",1,0.0004,"2b, Boronic Ester",1,Pd(OAc)2,0.0625,P(tBu)3,0.125,NaOH,2.5,MeCN,1.19940381668157,88180.6484375
2690,6-chloroquinoline,"1a, 6-Cl-Q",1,0.0004,"2b, Boronic Ester",1,Pd(OAc)2,0.0625,P(Ph)3 ,0.125,NaOH,2.5,MeCN,18.9358380514993,3642678.0
2691,6-chloroquinoline,"1a, 6-Cl-Q",1,0.0004,"2b, Boronic Ester",1,Pd(OAc)2,0.0625,AmPhos,0.125,NaOH,2.5,MeCN,4.01656971553394,187079.34375
2692,6-chloroquinoline,"1a, 6-Cl-Q",1,0.0004,"2b, Boronic Ester",1,Pd(OAc)2,0.0625,P(Cy)3,0.125,NaOH,2.5,MeCN,16.4746680143826,2898778.5
2693,6-chloroquinoline,"1a, 6-Cl-Q",1,0.0004,"2b, Boronic Ester",1,Pd(OAc)2,0.0625,P(o-Tol)3,0.125,NaOH,2.5,MeCN,2.61503867571083,209171.25
2694,6-chloroquinoline,"1a, 6-Cl-Q",1,0.0004,"2b, Boronic Ester",1,Pd(OAc)2,0.0625,CataCXium A,0.125,NaOH,2.5,MeCN,15.972671252428,2105361.75
2695,6-chloroquinoline,"1a, 6-Cl-Q",1,0.0004,"2b, Boronic Ester",1,Pd(OAc)2,0.0625,SPhos,0.125,NaOH,2.5,MeCN,41.8980306254446,2246021.5
2696,6-chloroquinoline,"1a, 6-Cl-Q",1,0.0004,"2b, Boronic Ester",1,Pd(OAc)2,0.0625,dtbpf,0.125,NaOH,2.5,MeCN,18.0216477223819,3872461.75
2697,6-chloroquinoline,"1a, 6-Cl-Q",1,0.0004,"2b, Boronic Ester",1,Pd(OAc)2,0.0625,XPhos,0.125,NaOH,2.5,MeCN,56.6571611094779,2560286.25
2698,6-chloroquinoline,"1a, 6-Cl-Q",1,0.0004,"2b, Boronic Ester",1,Pd(OAc)2,0.0625,dppf,0.125,NaOH,2.5,MeCN,19.4068857750423,2851658.75
2699,6-chloroquinoline,"1a, 6-Cl-Q",1,0.0004,"2b, Boronic Ester",1,Pd(OAc)2,0.0625,Xantphos,0.125,NaOH,2.5,MeCN,1.25178380347857,87661.7890625
2700,6-chloroquinoline,"1a, 6-Cl-Q",1,0.0004,"2b, Boronic Ester",1,Pd(OAc)2,0.0625,,,NaOH,2.5,MeCN,17.2875469313084,3445004.75
2701,6-chloroquinoline,"1a, 6-Cl-Q",1,0.0004,"2b, Boronic Ester",1,Pd(OAc)2,0.0625,P(tBu)3,0.125,NaHCO3,2.5,MeCN,10.725525147372,546043.125
2702,6-chloroquinoline,"1a, 6-Cl-Q",1,0.0004,"2b, Boronic Ester",1,Pd(OAc)2,0.0625,P(Ph)3 ,0.125,NaHCO3,2.5,MeCN,14.7391704665241,2530264.5
2703,6-chloroquinoline,"1a, 6-Cl-Q",1,0.0004,"2b, Boronic Ester",1,Pd(OAc)2,0.0625,AmPhos,0.125,NaHCO3,2.5,MeCN,11.2240659899822,503893.5
2704,6-chloroquinoline,"1a, 6-Cl-Q",1,0.0004,"2b, Boronic Ester",1,Pd(OAc)2,0.0625,P(Cy)3,0.125,NaHCO3,2.5,MeCN,12.7952766120511,2651674.5
2705,6-chloroquinoline,"1a, 6-Cl-Q",1,0.0004,"2b, Boronic Ester",1,Pd(OAc)2,0.0625,P(o-Tol)3,0.125,NaHCO3,2.5,MeCN,6.60643327015147,289064.84375
2706,6-chloroquinoline,"1a, 6-Cl-Q",1,0.0004,"2b, Boronic Ester",1,Pd(OAc)2,0.0625,CataCXium A,0.125,NaHCO3,2.5,MeCN,12.9334697609275,1841369.875
2707,6-chloroquinoline,"1a, 6-Cl-Q",1,0.0004,"2b, Boronic Ester",1,Pd(OAc)2,0.0625,SPhos,0.125,NaHCO3,2.5,MeCN,76.924402688556,3549546.0
2708,6-chloroquinoline,"1a, 6-Cl-Q",1,0.0004,"2b, Boronic Ester",1,Pd(OAc)2,0.0625,dtbpf,0.125,NaHCO3,2.5,MeCN,14.4444780962046,1918508.875
2709,6-chloroquinoline,"1a, 6-Cl-Q",1,0.0004,"2b, Boronic Ester",1,Pd(OAc)2,0.0625,XPhos,0.125,NaHCO3,2.5,MeCN,76.6092540402725,3358542.5
2710,6-chloroquinoline,"1a, 6-Cl-Q",1,0.0004,"2b, Boronic Ester",1,Pd(OAc)2,0.0625,dppf,0.125,NaHCO3,2.5,MeCN,22.1319989243227,1468180.375
2711,6-chloroquinoline,"1a, 6-Cl-Q",1,0.0004,"2b, Boronic Ester",1,Pd(OAc)2,0.0625,Xantphos,0.125,NaHCO3,2.5,MeCN,5.81714326273182,275015.53125
2712,6-chloroquinoline,"1a, 6-Cl-Q",1,0.0004,"2b, Boronic Ester",1,Pd(OAc)2,0.0625,,,NaHCO3,2.5,MeCN,15.0811103538641,3969473.75
2713,6-chloroquinoline,"1a, 6-Cl-Q",1,0.0004,"2b, Boronic Ester",1,Pd(OAc)2,0.0625,P(tBu)3,0.125,CsF,2.5,MeCN,9.98495479326621,454324.21875
2714,6-chloroquinoline,"1a, 6-Cl-Q",1,0.0004,"2b, Boronic Ester",1,Pd(OAc)2,0.0625,P(Ph)3 ,0.125,CsF,2.5,MeCN,13.8859858217239,2183900.0
2715,6-chloroquinoline,"1a, 6-Cl-Q",1,0.0004,"2b, Boronic Ester",1,Pd(OAc)2,0.0625,AmPhos,0.125,CsF,2.5,MeCN,7.66360081007827,400339.0
2716,6-chloroquinoline,"1a, 6-Cl-Q",1,0.0004,"2b, Boronic Ester",1,Pd(OAc)2,0.0625,P(Cy)3,0.125,CsF,2.5,MeCN,13.9159300193246,3575967.25
2717,6-chloroquinoline,"1a, 6-Cl-Q",1,0.0004,"2b, Boronic Ester",1,Pd(OAc)2,0.0625,P(o-Tol)3,0.125,CsF,2.5,MeCN,7.79520587587677,333702.71875
2718,6-chloroquinoline,"1a, 6-Cl-Q",1,0.0004,"2b, Boronic Ester",1,Pd(OAc)2,0.0625,CataCXium A,0.125,CsF,2.5,MeCN,15.1621150809192,2610446.75
2719,6-chloroquinoline,"1a, 6-Cl-Q",1,0.0004,"2b, Boronic Ester",1,Pd(OAc)2,0.0625,SPhos,0.125,CsF,2.5,MeCN,72.088283247455,3319578.25
2720,6-chloroquinoline,"1a, 6-Cl-Q",1,0.0004,"2b, Boronic Ester",1,Pd(OAc)2,0.0625,dtbpf,0.125,CsF,2.5,MeCN,16.6412766979627,2410753.5
2721,6-chloroquinoline,"1a, 6-Cl-Q",1,0.0004,"2b, Boronic Ester",1,Pd(OAc)2,0.0625,XPhos,0.125,CsF,2.5,MeCN,77.7775757863656,3982548.5
2722,6-chloroquinoline,"1a, 6-Cl-Q",1,0.0004,"2b, Boronic Ester",1,Pd(OAc)2,0.0625,dppf,0.125,CsF,2.5,MeCN,22.9215706950641,1731726.875
2723,6-chloroquinoline,"1a, 6-Cl-Q",1,0.0004,"2b, Boronic Ester",1,Pd(OAc)2,0.0625,Xantphos,0.125,CsF,2.5,MeCN,0.944095392622653,524226.03125
2724,6-chloroquinoline,"1a, 6-Cl-Q",1,0.0004,"2b, Boronic Ester",1,Pd(OAc)2,0.0625,,,CsF,2.5,MeCN,14.5649858898082,3421580.5
2725,6-chloroquinoline,"1a, 6-Cl-Q",1,0.0004,"2b, Boronic Ester",1,Pd(OAc)2,0.0625,P(tBu)3,0.125,K3PO4,2.5,MeCN,8.7309276280328,544688.25
2726,6-chloroquinoline,"1a, 6-Cl-Q",1,0.0004,"2b, Boronic Ester",1,Pd(OAc)2,0.0625,P(Ph)3 ,0.125,K3PO4,2.5,MeCN,14.0167754065969,2433953.5
2727,6-chloroquinoline,"1a, 6-Cl-Q",1,0.0004,"2b, Boronic Ester",1,Pd(OAc)2,0.0625,AmPhos,0.125,K3PO4,2.5,MeCN,9.67931777294212,504985.9375
2728,6-chloroquinoline,"1a, 6-Cl-Q",1,0.0004,"2b, Boronic Ester",1,Pd(OAc)2,0.0625,P(Cy)3,0.125,K3PO4,2.5,MeCN,12.5452894223222,2918980.75
2729,6-chloroquinoline,"1a, 6-Cl-Q",1,0.0004,"2b, Boronic Ester",1,Pd(OAc)2,0.0625,P(o-Tol)3,0.125,K3PO4,2.5,MeCN,5.78692333912203,305768.9375
2730,6-chloroquinoline,"1a, 6-Cl-Q",1,0.0004,"2b, Boronic Ester",1,Pd(OAc)2,0.0625,CataCXium A,0.125,K3PO4,2.5,MeCN,15.4669586680189,3041424.25
2731,6-chloroquinoline,"1a, 6-Cl-Q",1,0.0004,"2b, Boronic Ester",1,Pd(OAc)2,0.0625,SPhos,0.125,K3PO4,2.5,MeCN,69.4164078627972,3583373.0
2732,6-chloroquinoline,"1a, 6-Cl-Q",1,0.0004,"2b, Boronic Ester",1,Pd(OAc)2,0.0625,dtbpf,0.125,K3PO4,2.5,MeCN,15.4927837625559,2499095.5
2733,6-chloroquinoline,"1a, 6-Cl-Q",1,0.0004,"2b, Boronic Ester",1,Pd(OAc)2,0.0625,XPhos,0.125,K3PO4,2.5,MeCN,68.0519218040055,3281027.75
2734,6-chloroquinoline,"1a, 6-Cl-Q",1,0.0004,"2b, Boronic Ester",1,Pd(OAc)2,0.0625,dppf,0.125,K3PO4,2.5,MeCN,21.1958606695324,1674350.25
2735,6-chloroquinoline,"1a, 6-Cl-Q",1,0.0004,"2b, Boronic Ester",1,Pd(OAc)2,0.0625,Xantphos,0.125,K3PO4,2.5,MeCN,0.9579968292291,325012.875
2736,6-chloroquinoline,"1a, 6-Cl-Q",1,0.0004,"2b, Boronic Ester",1,Pd(OAc)2,0.0625,,,K3PO4,2.5,MeCN,16.5872668388656,4375905.0
2737,6-chloroquinoline,"1a, 6-Cl-Q",1,0.0004,"2b, Boronic Ester",1,Pd(OAc)2,0.0625,P(tBu)3,0.125,KOH,2.5,MeCN,10.4765812639733,572435.25
2738,6-chloroquinoline,"1a, 6-Cl-Q",1,0.0004,"2b, Boronic Ester",1,Pd(OAc)2,0.0625,P(Ph)3 ,0.125,KOH,2.5,MeCN,13.8878617944491,2706245.75
2739,6-chloroquinoline,"1a, 6-Cl-Q",1,0.0004,"2b, Boronic Ester",1,Pd(OAc)2,0.0625,AmPhos,0.125,KOH,2.5,MeCN,8.09157710038664,420507.0625
2740,6-chloroquinoline,"1a, 6-Cl-Q",1,0.0004,"2b, Boronic Ester",1,Pd(OAc)2,0.0625,P(Cy)3,0.125,KOH,2.5,MeCN,12.1052138263984,3678041.75
2741,6-chloroquinoline,"1a, 6-Cl-Q",1,0.0004,"2b, Boronic Ester",1,Pd(OAc)2,0.0625,P(o-Tol)3,0.125,KOH,2.5,MeCN,6.60154057188266,354045.15625
2742,6-chloroquinoline,"1a, 6-Cl-Q",1,0.0004,"2b, Boronic Ester",1,Pd(OAc)2,0.0625,CataCXium A,0.125,KOH,2.5,MeCN,12.6420385996347,2132447.5
2743,6-chloroquinoline,"1a, 6-Cl-Q",1,0.0004,"2b, Boronic Ester",1,Pd(OAc)2,0.0625,SPhos,0.125,KOH,2.5,MeCN,74.5397780882317,3884707.0
2744,6-chloroquinoline,"1a, 6-Cl-Q",1,0.0004,"2b, Boronic Ester",1,Pd(OAc)2,0.0625,dtbpf,0.125,KOH,2.5,MeCN,15.9518092932657,2506381.5
2745,6-chloroquinoline,"1a, 6-Cl-Q",1,0.0004,"2b, Boronic Ester",1,Pd(OAc)2,0.0625,XPhos,0.125,KOH,2.5,MeCN,81.1725460071156,4330423.0
2746,6-chloroquinoline,"1a, 6-Cl-Q",1,0.0004,"2b, Boronic Ester",1,Pd(OAc)2,0.0625,dppf,0.125,KOH,2.5,MeCN,20.7888093170631,1532522.25
2747,6-chloroquinoline,"1a, 6-Cl-Q",1,0.0004,"2b, Boronic Ester",1,Pd(OAc)2,0.0625,Xantphos,0.125,KOH,2.5,MeCN,0.522685148097459,325118.96875
2748,6-chloroquinoline,"1a, 6-Cl-Q",1,0.0004,"2b, Boronic Ester",1,Pd(OAc)2,0.0625,,,KOH,2.5,MeCN,14.4219691387995,4017160.25
2749,6-chloroquinoline,"1a, 6-Cl-Q",1,0.0004,"2b, Boronic Ester",1,Pd(OAc)2,0.0625,P(tBu)3,0.125,LiOtBu,2.5,MeCN,12.3907583067565,784774.0625
2750,6-chloroquinoline,"1a, 6-Cl-Q",1,0.0004,"2b, Boronic Ester",1,Pd(OAc)2,0.0625,P(Ph)3 ,0.125,LiOtBu,2.5,MeCN,14.6312585960074,1883532.375
2751,6-chloroquinoline,"1a, 6-Cl-Q",1,0.0004,"2b, Boronic Ester",1,Pd(OAc)2,0.0625,AmPhos,0.125,LiOtBu,2.5,MeCN,8.69965651811787,427202.0
2752,6-chloroquinoline,"1a, 6-Cl-Q",1,0.0004,"2b, Boronic Ester",1,Pd(OAc)2,0.0625,P(Cy)3,0.125,LiOtBu,2.5,MeCN,12.0026121044083,3562773.0
2753,6-chloroquinoline,"1a, 6-Cl-Q",1,0.0004,"2b, Boronic Ester",1,Pd(OAc)2,0.0625,P(o-Tol)3,0.125,LiOtBu,2.5,MeCN,7.07575678856054,425001.34375
2754,6-chloroquinoline,"1a, 6-Cl-Q",1,0.0004,"2b, Boronic Ester",1,Pd(OAc)2,0.0625,CataCXium A,0.125,LiOtBu,2.5,MeCN,14.5072624201736,2736469.75
2755,6-chloroquinoline,"1a, 6-Cl-Q",1,0.0004,"2b, Boronic Ester",1,Pd(OAc)2,0.0625,SPhos,0.125,LiOtBu,2.5,MeCN,75.4951621434809,3823223.5
2756,6-chloroquinoline,"1a, 6-Cl-Q",1,0.0004,"2b, Boronic Ester",1,Pd(OAc)2,0.0625,dtbpf,0.125,LiOtBu,2.5,MeCN,14.8935851619062,2418704.0
2757,6-chloroquinoline,"1a, 6-Cl-Q",1,0.0004,"2b, Boronic Ester",1,Pd(OAc)2,0.0625,XPhos,0.125,LiOtBu,2.5,MeCN,76.5580614420357,4243336.0
2758,6-chloroquinoline,"1a, 6-Cl-Q",1,0.0004,"2b, Boronic Ester",1,Pd(OAc)2,0.0625,dppf,0.125,LiOtBu,2.5,MeCN,21.2734668519549,1822305.5
2759,6-chloroquinoline,"1a, 6-Cl-Q",1,0.0004,"2b, Boronic Ester",1,Pd(OAc)2,0.0625,Xantphos,0.125,LiOtBu,2.5,MeCN,5.71184146681234,314134.84375
2760,6-chloroquinoline,"1a, 6-Cl-Q",1,0.0004,"2b, Boronic Ester",1,Pd(OAc)2,0.0625,,,LiOtBu,2.5,MeCN,11.4980970099218,2710828.5
2761,6-chloroquinoline,"1a, 6-Cl-Q",1,0.0004,"2b, Boronic Ester",1,Pd(OAc)2,0.0625,P(tBu)3,0.125,Et3N,2.5,MeCN,9.27563517498969,540740.6875
2762,6-chloroquinoline,"1a, 6-Cl-Q",1,0.0004,"2b, Boronic Ester",1,Pd(OAc)2,0.0625,P(Ph)3 ,0.125,Et3N,2.5,MeCN,14.614273933251,2420062.75
2763,6-chloroquinoline,"1a, 6-Cl-Q",1,0.0004,"2b, Boronic Ester",1,Pd(OAc)2,0.0625,AmPhos,0.125,Et3N,2.5,MeCN,10.1281453773855,565275.4375
2764,6-chloroquinoline,"1a, 6-Cl-Q",1,0.0004,"2b, Boronic Ester",1,Pd(OAc)2,0.0625,P(Cy)3,0.125,Et3N,2.5,MeCN,11.6013487285606,3439262.75
2765,6-chloroquinoline,"1a, 6-Cl-Q",1,0.0004,"2b, Boronic Ester",1,Pd(OAc)2,0.0625,P(o-Tol)3,0.125,Et3N,2.5,MeCN,5.9292821927916,372704.96875
2766,6-chloroquinoline,"1a, 6-Cl-Q",1,0.0004,"2b, Boronic Ester",1,Pd(OAc)2,0.0625,CataCXium A,0.125,Et3N,2.5,MeCN,14.4378254779288,2662217.5
2767,6-chloroquinoline,"1a, 6-Cl-Q",1,0.0004,"2b, Boronic Ester",1,Pd(OAc)2,0.0625,SPhos,0.125,Et3N,2.5,MeCN,72.118145583544,3812420.25
2768,6-chloroquinoline,"1a, 6-Cl-Q",1,0.0004,"2b, Boronic Ester",1,Pd(OAc)2,0.0625,dtbpf,0.125,Et3N,2.5,MeCN,14.3133366151467,2530022.75
2769,6-chloroquinoline,"1a, 6-Cl-Q",1,0.0004,"2b, Boronic Ester",1,Pd(OAc)2,0.0625,XPhos,0.125,Et3N,2.5,MeCN,67.7324624045333,3493474.0
2770,6-chloroquinoline,"1a, 6-Cl-Q",1,0.0004,"2b, Boronic Ester",1,Pd(OAc)2,0.0625,dppf,0.125,Et3N,2.5,MeCN,23.7060297736621,1559505.375
2771,6-chloroquinoline,"1a, 6-Cl-Q",1,0.0004,"2b, Boronic Ester",1,Pd(OAc)2,0.0625,Xantphos,0.125,Et3N,2.5,MeCN,5.54323546451042,334676.9375
2772,6-chloroquinoline,"1a, 6-Cl-Q",1,0.0004,"2b, Boronic Ester",1,Pd(OAc)2,0.0625,,,Et3N,2.5,MeCN,15.1963795206905,3592316.25
2773,6-chloroquinoline,"1a, 6-Cl-Q",1,0.0004,"2b, Boronic Ester",1,Pd(OAc)2,0.0625,P(tBu)3,0.125,,2.5,MeCN,12.1587254040839,683202.25
2774,6-chloroquinoline,"1a, 6-Cl-Q",1,0.0004,"2b, Boronic Ester",1,Pd(OAc)2,0.0625,P(Ph)3 ,0.125,,2.5,MeCN,14.3000335108066,2635387.5
2775,6-chloroquinoline,"1a, 6-Cl-Q",1,0.0004,"2b, Boronic Ester",1,Pd(OAc)2,0.0625,AmPhos,0.125,,2.5,MeCN,8.87580128606084,455334.28125
2776,6-chloroquinoline,"1a, 6-Cl-Q",1,0.0004,"2b, Boronic Ester",1,Pd(OAc)2,0.0625,P(Cy)3,0.125,,2.5,MeCN,12.4415249977356,4120673.5
2777,6-chloroquinoline,"1a, 6-Cl-Q",1,0.0004,"2b, Boronic Ester",1,Pd(OAc)2,0.0625,P(o-Tol)3,0.125,,2.5,MeCN,7.41429803690884,403154.46875
2778,6-chloroquinoline,"1a, 6-Cl-Q",1,0.0004,"2b, Boronic Ester",1,Pd(OAc)2,0.0625,CataCXium A,0.125,,2.5,MeCN,18.0563360671451,3823867.5
2779,6-chloroquinoline,"1a, 6-Cl-Q",1,0.0004,"2b, Boronic Ester",1,Pd(OAc)2,0.0625,SPhos,0.125,,2.5,MeCN,64.6627069040365,3025872.5
2780,6-chloroquinoline,"1a, 6-Cl-Q",1,0.0004,"2b, Boronic Ester",1,Pd(OAc)2,0.0625,dtbpf,0.125,,2.5,MeCN,14.4811868348585,2509516.0
2781,6-chloroquinoline,"1a, 6-Cl-Q",1,0.0004,"2b, Boronic Ester",1,Pd(OAc)2,0.0625,XPhos,0.125,,2.5,MeCN,66.3693436136256,3463252.25
2782,6-chloroquinoline,"1a, 6-Cl-Q",1,0.0004,"2b, Boronic Ester",1,Pd(OAc)2,0.0625,dppf,0.125,,2.5,MeCN,22.7624460517114,1891135.25
2783,6-chloroquinoline,"1a, 6-Cl-Q",1,0.0004,"2b, Boronic Ester",1,Pd(OAc)2,0.0625,Xantphos,0.125,,2.5,MeCN,0.442896511402934,288951.96875
2784,6-chloroquinoline,"1a, 6-Cl-Q",1,0.0004,"2b, Boronic Ester",1,Pd(OAc)2,0.0625,,,,2.5,MeCN,14.523254853373,3128259.75
2785,6-chloroquinoline,"1a, 6-Cl-Q",1,0.0004,"2b, Boronic Ester",1,Pd(OAc)2,0.0625,P(tBu)3,0.125,NaOH,2.5,THF,22.0948823206334,1525050.0
2786,6-chloroquinoline,"1a, 6-Cl-Q",1,0.0004,"2b, Boronic Ester",1,Pd(OAc)2,0.0625,P(Ph)3 ,0.125,NaOH,2.5,THF,16.7943467238378,2583134.5
2787,6-chloroquinoline,"1a, 6-Cl-Q",1,0.0004,"2b, Boronic Ester",1,Pd(OAc)2,0.0625,AmPhos,0.125,NaOH,2.5,THF,16.9435694840254,903228.3125
2788,6-chloroquinoline,"1a, 6-Cl-Q",1,0.0004,"2b, Boronic Ester",1,Pd(OAc)2,0.0625,P(Cy)3,0.125,NaOH,2.5,THF,31.8588415954007,8302152.5
2789,6-chloroquinoline,"1a, 6-Cl-Q",1,0.0004,"2b, Boronic Ester",1,Pd(OAc)2,0.0625,P(o-Tol)3,0.125,NaOH,2.5,THF,10.9210781494998,644877.4375
2790,6-chloroquinoline,"1a, 6-Cl-Q",1,0.0004,"2b, Boronic Ester",1,Pd(OAc)2,0.0625,CataCXium A,0.125,NaOH,2.5,THF,49.9088585701545,10339145.0
2791,6-chloroquinoline,"1a, 6-Cl-Q",1,0.0004,"2b, Boronic Ester",1,Pd(OAc)2,0.0625,SPhos,0.125,NaOH,2.5,THF,78.4124864174597,4467220.0
2792,6-chloroquinoline,"1a, 6-Cl-Q",1,0.0004,"2b, Boronic Ester",1,Pd(OAc)2,0.0625,dtbpf,0.125,NaOH,2.5,THF,19.1356350540762,3641497.0
2793,6-chloroquinoline,"1a, 6-Cl-Q",1,0.0004,"2b, Boronic Ester",1,Pd(OAc)2,0.0625,XPhos,0.125,NaOH,2.5,THF,92.1586992235599,5436838.0
2794,6-chloroquinoline,"1a, 6-Cl-Q",1,0.0004,"2b, Boronic Ester",1,Pd(OAc)2,0.0625,dppf,0.125,NaOH,2.5,THF,28.1106156020993,1728423.125
2795,6-chloroquinoline,"1a, 6-Cl-Q",1,0.0004,"2b, Boronic Ester",1,Pd(OAc)2,0.0625,Xantphos,0.125,NaOH,2.5,THF,4.68684976756067,348510.875
2796,6-chloroquinoline,"1a, 6-Cl-Q",1,0.0004,"2b, Boronic Ester",1,Pd(OAc)2,0.0625,,,NaOH,2.5,THF,17.0427715381606,3692448.5
2797,6-chloroquinoline,"1a, 6-Cl-Q",1,0.0004,"2b, Boronic Ester",1,Pd(OAc)2,0.0625,P(tBu)3,0.125,NaHCO3,2.5,THF,51.1318889283443,3080186.5
2798,6-chloroquinoline,"1a, 6-Cl-Q",1,0.0004,"2b, Boronic Ester",1,Pd(OAc)2,0.0625,P(Ph)3 ,0.125,NaHCO3,2.5,THF,15.6288752625118,3258473.75
2799,6-chloroquinoline,"1a, 6-Cl-Q",1,0.0004,"2b, Boronic Ester",1,Pd(OAc)2,0.0625,AmPhos,0.125,NaHCO3,2.5,THF,30.8867534362406,1950506.625
2800,6-chloroquinoline,"1a, 6-Cl-Q",1,0.0004,"2b, Boronic Ester",1,Pd(OAc)2,0.0625,P(Cy)3,0.125,NaHCO3,2.5,THF,48.7538022047724,12704809.0
2801,6-chloroquinoline,"1a, 6-Cl-Q",1,0.0004,"2b, Boronic Ester",1,Pd(OAc)2,0.0625,P(o-Tol)3,0.125,NaHCO3,2.5,THF,7.818749068235,500080.3125
2802,6-chloroquinoline,"1a, 6-Cl-Q",1,0.0004,"2b, Boronic Ester",1,Pd(OAc)2,0.0625,CataCXium A,0.125,NaHCO3,2.5,THF,67.7962033099342,15924089.0
2803,6-chloroquinoline,"1a, 6-Cl-Q",1,0.0004,"2b, Boronic Ester",1,Pd(OAc)2,0.0625,SPhos,0.125,NaHCO3,2.5,THF,50.6622092531357,2910562.25
2804,6-chloroquinoline,"1a, 6-Cl-Q",1,0.0004,"2b, Boronic Ester",1,Pd(OAc)2,0.0625,dtbpf,0.125,NaHCO3,2.5,THF,18.1643115729666,3309324.75
2805,6-chloroquinoline,"1a, 6-Cl-Q",1,0.0004,"2b, Boronic Ester",1,Pd(OAc)2,0.0625,XPhos,0.125,NaHCO3,2.5,THF,56.4987863777223,3208710.5
2806,6-chloroquinoline,"1a, 6-Cl-Q",1,0.0004,"2b, Boronic Ester",1,Pd(OAc)2,0.0625,dppf,0.125,NaHCO3,2.5,THF,26.1044873752637,1681233.625
2807,6-chloroquinoline,"1a, 6-Cl-Q",1,0.0004,"2b, Boronic Ester",1,Pd(OAc)2,0.0625,Xantphos,0.125,NaHCO3,2.5,THF,3.8781475078955,277307.9375
2808,6-chloroquinoline,"1a, 6-Cl-Q",1,0.0004,"2b, Boronic Ester",1,Pd(OAc)2,0.0625,,,NaHCO3,2.5,THF,14.7624146477281,2543810.25
2809,6-chloroquinoline,"1a, 6-Cl-Q",1,0.0004,"2b, Boronic Ester",1,Pd(OAc)2,0.0625,P(tBu)3,0.125,CsF,2.5,THF,21.1854620140884,1539998.25
2810,6-chloroquinoline,"1a, 6-Cl-Q",1,0.0004,"2b, Boronic Ester",1,Pd(OAc)2,0.0625,P(Ph)3 ,0.125,CsF,2.5,THF,15.5459285810292,3044231.0
2811,6-chloroquinoline,"1a, 6-Cl-Q",1,0.0004,"2b, Boronic Ester",1,Pd(OAc)2,0.0625,AmPhos,0.125,CsF,2.5,THF,25.8106467403461,1648394.0
2812,6-chloroquinoline,"1a, 6-Cl-Q",1,0.0004,"2b, Boronic Ester",1,Pd(OAc)2,0.0625,P(Cy)3,0.125,CsF,2.5,THF,43.7752308026992,12249831.0
2813,6-chloroquinoline,"1a, 6-Cl-Q",1,0.0004,"2b, Boronic Ester",1,Pd(OAc)2,0.0625,P(o-Tol)3,0.125,CsF,2.5,THF,5.56346498793106,391291.46875
2814,6-chloroquinoline,"1a, 6-Cl-Q",1,0.0004,"2b, Boronic Ester",1,Pd(OAc)2,0.0625,CataCXium A,0.125,CsF,2.5,THF,48.3270816076639,11809332.0
2815,6-chloroquinoline,"1a, 6-Cl-Q",1,0.0004,"2b, Boronic Ester",1,Pd(OAc)2,0.0625,SPhos,0.125,CsF,2.5,THF,46.5878542619352,2798952.75
2816,6-chloroquinoline,"1a, 6-Cl-Q",1,0.0004,"2b, Boronic Ester",1,Pd(OAc)2,0.0625,dtbpf,0.125,CsF,2.5,THF,19.3010010887499,3850028.0
2817,6-chloroquinoline,"1a, 6-Cl-Q",1,0.0004,"2b, Boronic Ester",1,Pd(OAc)2,0.0625,XPhos,0.125,CsF,2.5,THF,57.5547947710567,3393845.75
2818,6-chloroquinoline,"1a, 6-Cl-Q",1,0.0004,"2b, Boronic Ester",1,Pd(OAc)2,0.0625,dppf,0.125,CsF,2.5,THF,26.2076143500747,1609342.375
2819,6-chloroquinoline,"1a, 6-Cl-Q",1,0.0004,"2b, Boronic Ester",1,Pd(OAc)2,0.0625,Xantphos,0.125,CsF,2.5,THF,3.28342953469326,285850.3125
2820,6-chloroquinoline,"1a, 6-Cl-Q",1,0.0004,"2b, Boronic Ester",1,Pd(OAc)2,0.0625,,,CsF,2.5,THF,16.8416654349466,3136560.5
2821,6-chloroquinoline,"1a, 6-Cl-Q",1,0.0004,"2b, Boronic Ester",1,Pd(OAc)2,0.0625,P(tBu)3,0.125,K3PO4,2.5,THF,30.599503910659,2139922.25
2822,6-chloroquinoline,"1a, 6-Cl-Q",1,0.0004,"2b, Boronic Ester",1,Pd(OAc)2,0.0625,P(Ph)3 ,0.125,K3PO4,2.5,THF,16.4097258097076,3252317.75
2823,6-chloroquinoline,"1a, 6-Cl-Q",1,0.0004,"2b, Boronic Ester",1,Pd(OAc)2,0.0625,AmPhos,0.125,K3PO4,2.5,THF,23.8159236468295,1600339.125
2824,6-chloroquinoline,"1a, 6-Cl-Q",1,0.0004,"2b, Boronic Ester",1,Pd(OAc)2,0.0625,P(Cy)3,0.125,K3PO4,2.5,THF,37.1568630995484,10170154.0
2825,6-chloroquinoline,"1a, 6-Cl-Q",1,0.0004,"2b, Boronic Ester",1,Pd(OAc)2,0.0625,P(o-Tol)3,0.125,K3PO4,2.5,THF,6.44764795854343,429740.9375
2826,6-chloroquinoline,"1a, 6-Cl-Q",1,0.0004,"2b, Boronic Ester",1,Pd(OAc)2,0.0625,CataCXium A,0.125,K3PO4,2.5,THF,46.6536252837742,10673253.0
2827,6-chloroquinoline,"1a, 6-Cl-Q",1,0.0004,"2b, Boronic Ester",1,Pd(OAc)2,0.0625,SPhos,0.125,K3PO4,2.5,THF,53.7176698377169,3074466.0
2828,6-chloroquinoline,"1a, 6-Cl-Q",1,0.0004,"2b, Boronic Ester",1,Pd(OAc)2,0.0625,dtbpf,0.125,K3PO4,2.5,THF,18.3132022620615,3937766.5
2829,6-chloroquinoline,"1a, 6-Cl-Q",1,0.0004,"2b, Boronic Ester",1,Pd(OAc)2,0.0625,XPhos,0.125,K3PO4,2.5,THF,68.3132515465746,4064385.0
2830,6-chloroquinoline,"1a, 6-Cl-Q",1,0.0004,"2b, Boronic Ester",1,Pd(OAc)2,0.0625,dppf,0.125,K3PO4,2.5,THF,25.5111256911231,1297004.75
2831,6-chloroquinoline,"1a, 6-Cl-Q",1,0.0004,"2b, Boronic Ester",1,Pd(OAc)2,0.0625,Xantphos,0.125,K3PO4,2.5,THF,3.54059076082544,282258.5
2832,6-chloroquinoline,"1a, 6-Cl-Q",1,0.0004,"2b, Boronic Ester",1,Pd(OAc)2,0.0625,,,K3PO4,2.5,THF,15.1605629013557,3016133.75
2833,6-chloroquinoline,"1a, 6-Cl-Q",1,0.0004,"2b, Boronic Ester",1,Pd(OAc)2,0.0625,P(tBu)3,0.125,KOH,2.5,THF,44.6338571272874,2544067.25
2834,6-chloroquinoline,"1a, 6-Cl-Q",1,0.0004,"2b, Boronic Ester",1,Pd(OAc)2,0.0625,P(Ph)3 ,0.125,KOH,2.5,THF,17.782460577228,2859605.25
2835,6-chloroquinoline,"1a, 6-Cl-Q",1,0.0004,"2b, Boronic Ester",1,Pd(OAc)2,0.0625,AmPhos,0.125,KOH,2.5,THF,25.2179093318411,1616123.25
2836,6-chloroquinoline,"1a, 6-Cl-Q",1,0.0004,"2b, Boronic Ester",1,Pd(OAc)2,0.0625,P(Cy)3,0.125,KOH,2.5,THF,46.2136129632182,11547573.0
2837,6-chloroquinoline,"1a, 6-Cl-Q",1,0.0004,"2b, Boronic Ester",1,Pd(OAc)2,0.0625,P(o-Tol)3,0.125,KOH,2.5,THF,7.62239229987642,378762.0625
2838,6-chloroquinoline,"1a, 6-Cl-Q",1,0.0004,"2b, Boronic Ester",1,Pd(OAc)2,0.0625,CataCXium A,0.125,KOH,2.5,THF,33.6116801631244,6272064.0
2839,6-chloroquinoline,"1a, 6-Cl-Q",1,0.0004,"2b, Boronic Ester",1,Pd(OAc)2,0.0625,SPhos,0.125,KOH,2.5,THF,70.6705789591617,3749245.0
2840,6-chloroquinoline,"1a, 6-Cl-Q",1,0.0004,"2b, Boronic Ester",1,Pd(OAc)2,0.0625,dtbpf,0.125,KOH,2.5,THF,22.1836020480512,3763662.25
2841,6-chloroquinoline,"1a, 6-Cl-Q",1,0.0004,"2b, Boronic Ester",1,Pd(OAc)2,0.0625,XPhos,0.125,KOH,2.5,THF,79.9376389195338,4037992.5
2842,6-chloroquinoline,"1a, 6-Cl-Q",1,0.0004,"2b, Boronic Ester",1,Pd(OAc)2,0.0625,dppf,0.125,KOH,2.5,THF,28.721040092551,1227147.625
2843,6-chloroquinoline,"1a, 6-Cl-Q",1,0.0004,"2b, Boronic Ester",1,Pd(OAc)2,0.0625,Xantphos,0.125,KOH,2.5,THF,4.56206774208026,354267.0625
2844,6-chloroquinoline,"1a, 6-Cl-Q",1,0.0004,"2b, Boronic Ester",1,Pd(OAc)2,0.0625,,,KOH,2.5,THF,20.747790263427,5120858.0
2845,6-chloroquinoline,"1a, 6-Cl-Q",1,0.0004,"2b, Boronic Ester",1,Pd(OAc)2,0.0625,P(tBu)3,0.125,LiOtBu,2.5,THF,52.9510152434429,2676829.25
2846,6-chloroquinoline,"1a, 6-Cl-Q",1,0.0004,"2b, Boronic Ester",1,Pd(OAc)2,0.0625,P(Ph)3 ,0.125,LiOtBu,2.5,THF,18.2892233041311,2564470.25
2847,6-chloroquinoline,"1a, 6-Cl-Q",1,0.0004,"2b, Boronic Ester",1,Pd(OAc)2,0.0625,AmPhos,0.125,LiOtBu,2.5,THF,15.1192034239659,856250.9375
2848,6-chloroquinoline,"1a, 6-Cl-Q",1,0.0004,"2b, Boronic Ester",1,Pd(OAc)2,0.0625,P(Cy)3,0.125,LiOtBu,2.5,THF,18.5113368883629,4083928.0
2849,6-chloroquinoline,"1a, 6-Cl-Q",1,0.0004,"2b, Boronic Ester",1,Pd(OAc)2,0.0625,P(o-Tol)3,0.125,LiOtBu,2.5,THF,9.06666542323443,454991.25
2850,6-chloroquinoline,"1a, 6-Cl-Q",1,0.0004,"2b, Boronic Ester",1,Pd(OAc)2,0.0625,CataCXium A,0.125,LiOtBu,2.5,THF,30.618049521742,5507842.5
2851,6-chloroquinoline,"1a, 6-Cl-Q",1,0.0004,"2b, Boronic Ester",1,Pd(OAc)2,0.0625,SPhos,0.125,LiOtBu,2.5,THF,77.1262037718349,4044308.5
2852,6-chloroquinoline,"1a, 6-Cl-Q",1,0.0004,"2b, Boronic Ester",1,Pd(OAc)2,0.0625,dtbpf,0.125,LiOtBu,2.5,THF,18.223165974597,3620247.25
2853,6-chloroquinoline,"1a, 6-Cl-Q",1,0.0004,"2b, Boronic Ester",1,Pd(OAc)2,0.0625,XPhos,0.125,LiOtBu,2.5,THF,92.5289663983344,4932660.0
2854,6-chloroquinoline,"1a, 6-Cl-Q",1,0.0004,"2b, Boronic Ester",1,Pd(OAc)2,0.0625,dppf,0.125,LiOtBu,2.5,THF,31.8491579295088,1399299.125
2855,6-chloroquinoline,"1a, 6-Cl-Q",1,0.0004,"2b, Boronic Ester",1,Pd(OAc)2,0.0625,Xantphos,0.125,LiOtBu,2.5,THF,3.50718475053777,313819.84375
2856,6-chloroquinoline,"1a, 6-Cl-Q",1,0.0004,"2b, Boronic Ester",1,Pd(OAc)2,0.0625,,,LiOtBu,2.5,THF,23.3341547932659,5930031.0
2857,6-chloroquinoline,"1a, 6-Cl-Q",1,0.0004,"2b, Boronic Ester",1,Pd(OAc)2,0.0625,P(tBu)3,0.125,Et3N,2.5,THF,58.57305324678,3213819.5
2858,6-chloroquinoline,"1a, 6-Cl-Q",1,0.0004,"2b, Boronic Ester",1,Pd(OAc)2,0.0625,P(Ph)3 ,0.125,Et3N,2.5,THF,18.1100922253163,2918481.75
2859,6-chloroquinoline,"1a, 6-Cl-Q",1,0.0004,"2b, Boronic Ester",1,Pd(OAc)2,0.0625,AmPhos,0.125,Et3N,2.5,THF,11.4717514841347,701219.4375
2860,6-chloroquinoline,"1a, 6-Cl-Q",1,0.0004,"2b, Boronic Ester",1,Pd(OAc)2,0.0625,P(Cy)3,0.125,Et3N,2.5,THF,15.7452155799897,3519854.5
2861,6-chloroquinoline,"1a, 6-Cl-Q",1,0.0004,"2b, Boronic Ester",1,Pd(OAc)2,0.0625,P(o-Tol)3,0.125,Et3N,2.5,THF,7.29734546571524,556351.5
2862,6-chloroquinoline,"1a, 6-Cl-Q",1,0.0004,"2b, Boronic Ester",1,Pd(OAc)2,0.0625,CataCXium A,0.125,Et3N,2.5,THF,33.6974393630585,5664371.0
2863,6-chloroquinoline,"1a, 6-Cl-Q",1,0.0004,"2b, Boronic Ester",1,Pd(OAc)2,0.0625,SPhos,0.125,Et3N,2.5,THF,76.2244035462949,4134198.25
2864,6-chloroquinoline,"1a, 6-Cl-Q",1,0.0004,"2b, Boronic Ester",1,Pd(OAc)2,0.0625,dtbpf,0.125,Et3N,2.5,THF,17.9262397210478,3252103.0
2865,6-chloroquinoline,"1a, 6-Cl-Q",1,0.0004,"2b, Boronic Ester",1,Pd(OAc)2,0.0625,XPhos,0.125,Et3N,2.5,THF,91.7637282185701,5549021.5
2866,6-chloroquinoline,"1a, 6-Cl-Q",1,0.0004,"2b, Boronic Ester",1,Pd(OAc)2,0.0625,dppf,0.125,Et3N,2.5,THF,24.9842117194858,1486753.125
2867,6-chloroquinoline,"1a, 6-Cl-Q",1,0.0004,"2b, Boronic Ester",1,Pd(OAc)2,0.0625,Xantphos,0.125,Et3N,2.5,THF,5.14344850139238,480841.6875
2868,6-chloroquinoline,"1a, 6-Cl-Q",1,0.0004,"2b, Boronic Ester",1,Pd(OAc)2,0.0625,,,Et3N,2.5,THF,18.4463321075095,3714506.75
2869,6-chloroquinoline,"1a, 6-Cl-Q",1,0.0004,"2b, Boronic Ester",1,Pd(OAc)2,0.0625,P(tBu)3,0.125,,2.5,THF,51.1005377742195,3043528.5
2870,6-chloroquinoline,"1a, 6-Cl-Q",1,0.0004,"2b, Boronic Ester",1,Pd(OAc)2,0.0625,P(Ph)3 ,0.125,,2.5,THF,17.4877961134686,3220206.5
2871,6-chloroquinoline,"1a, 6-Cl-Q",1,0.0004,"2b, Boronic Ester",1,Pd(OAc)2,0.0625,AmPhos,0.125,,2.5,THF,31.0517660664837,2005464.5
2872,6-chloroquinoline,"1a, 6-Cl-Q",1,0.0004,"2b, Boronic Ester",1,Pd(OAc)2,0.0625,P(Cy)3,0.125,,2.5,THF,51.234272779709,13547272.0
2873,6-chloroquinoline,"1a, 6-Cl-Q",1,0.0004,"2b, Boronic Ester",1,Pd(OAc)2,0.0625,P(o-Tol)3,0.125,,2.5,THF,6.84288029696772,449385.5625
2874,6-chloroquinoline,"1a, 6-Cl-Q",1,0.0004,"2b, Boronic Ester",1,Pd(OAc)2,0.0625,CataCXium A,0.125,,2.5,THF,77.0574012684736,19301484.0
2875,6-chloroquinoline,"1a, 6-Cl-Q",1,0.0004,"2b, Boronic Ester",1,Pd(OAc)2,0.0625,SPhos,0.125,,2.5,THF,69.2980458270741,4086460.25
2876,6-chloroquinoline,"1a, 6-Cl-Q",1,0.0004,"2b, Boronic Ester",1,Pd(OAc)2,0.0625,dtbpf,0.125,,2.5,THF,19.3177627258165,3728881.0
2877,6-chloroquinoline,"1a, 6-Cl-Q",1,0.0004,"2b, Boronic Ester",1,Pd(OAc)2,0.0625,XPhos,0.125,,2.5,THF,84.829543443316,5068238.0
2878,6-chloroquinoline,"1a, 6-Cl-Q",1,0.0004,"2b, Boronic Ester",1,Pd(OAc)2,0.0625,dppf,0.125,,2.5,THF,24.2499639701194,1123599.625
2879,6-chloroquinoline,"1a, 6-Cl-Q",1,0.0004,"2b, Boronic Ester",1,Pd(OAc)2,0.0625,Xantphos,0.125,,2.5,THF,7.35429088462442,591828.5
2880,6-chloroquinoline,"1a, 6-Cl-Q",1,0.0004,"2b, Boronic Ester",1,Pd(OAc)2,0.0625,,,,2.5,THF,21.2056780187312,5263897.5
2881,6-chloroquinoline,"1a, 6-Cl-Q",1,0.0004,"2b, Boronic Ester",1,Pd(OAc)2,0.0625,P(tBu)3,0.125,NaOH,2.5,DMF,25.3391267800029,1173901.5
2882,6-chloroquinoline,"1a, 6-Cl-Q",1,0.0004,"2b, Boronic Ester",1,Pd(OAc)2,0.0625,P(Ph)3 ,0.125,NaOH,2.5,DMF,13.3206136403882,2430055.25
2883,6-chloroquinoline,"1a, 6-Cl-Q",1,0.0004,"2b, Boronic Ester",1,Pd(OAc)2,0.0625,AmPhos,0.125,NaOH,2.5,DMF,11.9300710239763,569290.8125
2884,6-chloroquinoline,"1a, 6-Cl-Q",1,0.0004,"2b, Boronic Ester",1,Pd(OAc)2,0.0625,P(Cy)3,0.125,NaOH,2.5,DMF,13.9178950610633,2771868.0
2885,6-chloroquinoline,"1a, 6-Cl-Q",1,0.0004,"2b, Boronic Ester",1,Pd(OAc)2,0.0625,P(o-Tol)3,0.125,NaOH,2.5,DMF,7.67713629354787,392699.84375
2886,6-chloroquinoline,"1a, 6-Cl-Q",1,0.0004,"2b, Boronic Ester",1,Pd(OAc)2,0.0625,CataCXium A,0.125,NaOH,2.5,DMF,12.2949455798745,1355803.5
2887,6-chloroquinoline,"1a, 6-Cl-Q",1,0.0004,"2b, Boronic Ester",1,Pd(OAc)2,0.0625,SPhos,0.125,NaOH,2.5,DMF,72.3828332961881,3276145.75
2888,6-chloroquinoline,"1a, 6-Cl-Q",1,0.0004,"2b, Boronic Ester",1,Pd(OAc)2,0.0625,dtbpf,0.125,NaOH,2.5,DMF,18.4497562460196,2822078.5
2889,6-chloroquinoline,"1a, 6-Cl-Q",1,0.0004,"2b, Boronic Ester",1,Pd(OAc)2,0.0625,XPhos,0.125,NaOH,2.5,DMF,86.5310085687301,4099936.25
2890,6-chloroquinoline,"1a, 6-Cl-Q",1,0.0004,"2b, Boronic Ester",1,Pd(OAc)2,0.0625,dppf,0.125,NaOH,2.5,DMF,16.9961315834885,1163065.375
2891,6-chloroquinoline,"1a, 6-Cl-Q",1,0.0004,"2b, Boronic Ester",1,Pd(OAc)2,0.0625,Xantphos,0.125,NaOH,2.5,DMF,5.26135782679675,257151.34375
2892,6-chloroquinoline,"1a, 6-Cl-Q",1,0.0004,"2b, Boronic Ester",1,Pd(OAc)2,0.0625,,,NaOH,2.5,DMF,17.1882076974384,4167761.5
2893,6-chloroquinoline,"1a, 6-Cl-Q",1,0.0004,"2b, Boronic Ester",1,Pd(OAc)2,0.0625,P(tBu)3,0.125,NaHCO3,2.5,DMF,11.1345906354541,607654.75
2894,6-chloroquinoline,"1a, 6-Cl-Q",1,0.0004,"2b, Boronic Ester",1,Pd(OAc)2,0.0625,P(Ph)3 ,0.125,NaHCO3,2.5,DMF,17.024995491507,2283028.25
2895,6-chloroquinoline,"1a, 6-Cl-Q",1,0.0004,"2b, Boronic Ester",1,Pd(OAc)2,0.0625,AmPhos,0.125,NaHCO3,2.5,DMF,8.52838747256135,339879.5625
2896,6-chloroquinoline,"1a, 6-Cl-Q",1,0.0004,"2b, Boronic Ester",1,Pd(OAc)2,0.0625,P(Cy)3,0.125,NaHCO3,2.5,DMF,32.4954010344593,8265355.50000001
2897,6-chloroquinoline,"1a, 6-Cl-Q",1,0.0004,"2b, Boronic Ester",1,Pd(OAc)2,0.0625,P(o-Tol)3,0.125,NaHCO3,2.5,DMF,6.25169695439722,289927.40625
2898,6-chloroquinoline,"1a, 6-Cl-Q",1,0.0004,"2b, Boronic Ester",1,Pd(OAc)2,0.0625,CataCXium A,0.125,NaHCO3,2.5,DMF,21.7912313114325,3179270.5
2899,6-chloroquinoline,"1a, 6-Cl-Q",1,0.0004,"2b, Boronic Ester",1,Pd(OAc)2,0.0625,SPhos,0.125,NaHCO3,2.5,DMF,46.4988288588876,1867114.5
2900,6-chloroquinoline,"1a, 6-Cl-Q",1,0.0004,"2b, Boronic Ester",1,Pd(OAc)2,0.0625,dtbpf,0.125,NaHCO3,2.5,DMF,15.4480762420764,1843393.0
2901,6-chloroquinoline,"1a, 6-Cl-Q",1,0.0004,"2b, Boronic Ester",1,Pd(OAc)2,0.0625,XPhos,0.125,NaHCO3,2.5,DMF,52.9348424626596,2240546.5
2902,6-chloroquinoline,"1a, 6-Cl-Q",1,0.0004,"2b, Boronic Ester",1,Pd(OAc)2,0.0625,dppf,0.125,NaHCO3,2.5,DMF,24.4595044579894,1527491.5
2903,6-chloroquinoline,"1a, 6-Cl-Q",1,0.0004,"2b, Boronic Ester",1,Pd(OAc)2,0.0625,Xantphos,0.125,NaHCO3,2.5,DMF,0.583867504427913,197315.234375
2904,6-chloroquinoline,"1a, 6-Cl-Q",1,0.0004,"2b, Boronic Ester",1,Pd(OAc)2,0.0625,,,NaHCO3,2.5,DMF,13.3389888127399,1592875.75
2905,6-chloroquinoline,"1a, 6-Cl-Q",1,0.0004,"2b, Boronic Ester",1,Pd(OAc)2,0.0625,P(tBu)3,0.125,CsF,2.5,DMF,4.29756830533561,237106.625
2906,6-chloroquinoline,"1a, 6-Cl-Q",1,0.0004,"2b, Boronic Ester",1,Pd(OAc)2,0.0625,P(Ph)3 ,0.125,CsF,2.5,DMF,16.3174193822416,2341312.75
2907,6-chloroquinoline,"1a, 6-Cl-Q",1,0.0004,"2b, Boronic Ester",1,Pd(OAc)2,0.0625,AmPhos,0.125,CsF,2.5,DMF,9.25177884213519,444431.46875
2908,6-chloroquinoline,"1a, 6-Cl-Q",1,0.0004,"2b, Boronic Ester",1,Pd(OAc)2,0.0625,P(Cy)3,0.125,CsF,2.5,DMF,31.1837712138121,7332393.0
2909,6-chloroquinoline,"1a, 6-Cl-Q",1,0.0004,"2b, Boronic Ester",1,Pd(OAc)2,0.0625,P(o-Tol)3,0.125,CsF,2.5,DMF,5.96447605163282,267680.5
2910,6-chloroquinoline,"1a, 6-Cl-Q",1,0.0004,"2b, Boronic Ester",1,Pd(OAc)2,0.0625,CataCXium A,0.125,CsF,2.5,DMF,21.0209381786324,3129187.75
2911,6-chloroquinoline,"1a, 6-Cl-Q",1,0.0004,"2b, Boronic Ester",1,Pd(OAc)2,0.0625,SPhos,0.125,CsF,2.5,DMF,56.8578535603396,2487034.5
2912,6-chloroquinoline,"1a, 6-Cl-Q",1,0.0004,"2b, Boronic Ester",1,Pd(OAc)2,0.0625,dtbpf,0.125,CsF,2.5,DMF,16.62688827567,2259430.75
2913,6-chloroquinoline,"1a, 6-Cl-Q",1,0.0004,"2b, Boronic Ester",1,Pd(OAc)2,0.0625,XPhos,0.125,CsF,2.5,DMF,47.9799634702394,2064124.0
2914,6-chloroquinoline,"1a, 6-Cl-Q",1,0.0004,"2b, Boronic Ester",1,Pd(OAc)2,0.0625,dppf,0.125,CsF,2.5,DMF,24.0776255302199,1572660.75
2915,6-chloroquinoline,"1a, 6-Cl-Q",1,0.0004,"2b, Boronic Ester",1,Pd(OAc)2,0.0625,Xantphos,0.125,CsF,2.5,DMF,0.560305606125589,207291.515625
2916,6-chloroquinoline,"1a, 6-Cl-Q",1,0.0004,"2b, Boronic Ester",1,Pd(OAc)2,0.0625,,,CsF,2.5,DMF,12.7573867507533,2282008.75
2917,6-chloroquinoline,"1a, 6-Cl-Q",1,0.0004,"2b, Boronic Ester",1,Pd(OAc)2,0.0625,P(tBu)3,0.125,K3PO4,2.5,DMF,12.778903211057,719971.8125
2918,6-chloroquinoline,"1a, 6-Cl-Q",1,0.0004,"2b, Boronic Ester",1,Pd(OAc)2,0.0625,P(Ph)3 ,0.125,K3PO4,2.5,DMF,15.29332694984,2179274.5
2919,6-chloroquinoline,"1a, 6-Cl-Q",1,0.0004,"2b, Boronic Ester",1,Pd(OAc)2,0.0625,AmPhos,0.125,K3PO4,2.5,DMF,9.31753002037266,410133.28125
2920,6-chloroquinoline,"1a, 6-Cl-Q",1,0.0004,"2b, Boronic Ester",1,Pd(OAc)2,0.0625,P(Cy)3,0.125,K3PO4,2.5,DMF,26.2538649893708,6294247.5
2921,6-chloroquinoline,"1a, 6-Cl-Q",1,0.0004,"2b, Boronic Ester",1,Pd(OAc)2,0.0625,P(o-Tol)3,0.125,K3PO4,2.5,DMF,7.24249243796525,320210.375
2922,6-chloroquinoline,"1a, 6-Cl-Q",1,0.0004,"2b, Boronic Ester",1,Pd(OAc)2,0.0625,CataCXium A,0.125,K3PO4,2.5,DMF,20.5848350146786,3146009.25
2923,6-chloroquinoline,"1a, 6-Cl-Q",1,0.0004,"2b, Boronic Ester",1,Pd(OAc)2,0.0625,SPhos,0.125,K3PO4,2.5,DMF,40.4291945086649,1766060.5
2924,6-chloroquinoline,"1a, 6-Cl-Q",1,0.0004,"2b, Boronic Ester",1,Pd(OAc)2,0.0625,dtbpf,0.125,K3PO4,2.5,DMF,15.784439073552,2226935.25
2925,6-chloroquinoline,"1a, 6-Cl-Q",1,0.0004,"2b, Boronic Ester",1,Pd(OAc)2,0.0625,XPhos,0.125,K3PO4,2.5,DMF,40.4565645651837,1709850.125
2926,6-chloroquinoline,"1a, 6-Cl-Q",1,0.0004,"2b, Boronic Ester",1,Pd(OAc)2,0.0625,dppf,0.125,K3PO4,2.5,DMF,24.7112538420999,1589317.625
2927,6-chloroquinoline,"1a, 6-Cl-Q",1,0.0004,"2b, Boronic Ester",1,Pd(OAc)2,0.0625,Xantphos,0.125,K3PO4,2.5,DMF,0.595087307513961,231914.015625
2928,6-chloroquinoline,"1a, 6-Cl-Q",1,0.0004,"2b, Boronic Ester",1,Pd(OAc)2,0.0625,,,K3PO4,2.5,DMF,0.0,69711.9609375
2929,6-chloroquinoline,"1a, 6-Cl-Q",1,0.0004,"2b, Boronic Ester",1,Pd(OAc)2,0.0625,P(tBu)3,0.125,KOH,2.5,DMF,0.0,0.0
2930,6-chloroquinoline,"1a, 6-Cl-Q",1,0.0004,"2b, Boronic Ester",1,Pd(OAc)2,0.0625,P(Ph)3 ,0.125,KOH,2.5,DMF,16.1887481233549,2116423.25
2931,6-chloroquinoline,"1a, 6-Cl-Q",1,0.0004,"2b, Boronic Ester",1,Pd(OAc)2,0.0625,AmPhos,0.125,KOH,2.5,DMF,10.767191562488,308820.34375
2932,6-chloroquinoline,"1a, 6-Cl-Q",1,0.0004,"2b, Boronic Ester",1,Pd(OAc)2,0.0625,P(Cy)3,0.125,KOH,2.5,DMF,14.0852192885319,2593956.75
2933,6-chloroquinoline,"1a, 6-Cl-Q",1,0.0004,"2b, Boronic Ester",1,Pd(OAc)2,0.0625,P(o-Tol)3,0.125,KOH,2.5,DMF,7.58361455522154,378010.5625
2934,6-chloroquinoline,"1a, 6-Cl-Q",1,0.0004,"2b, Boronic Ester",1,Pd(OAc)2,0.0625,CataCXium A,0.125,KOH,2.5,DMF,18.4708108012471,2469495.0
2935,6-chloroquinoline,"1a, 6-Cl-Q",1,0.0004,"2b, Boronic Ester",1,Pd(OAc)2,0.0625,SPhos,0.125,KOH,2.5,DMF,13.5319907640115,576300.875
2936,6-chloroquinoline,"1a, 6-Cl-Q",1,0.0004,"2b, Boronic Ester",1,Pd(OAc)2,0.0625,dtbpf,0.125,KOH,2.5,DMF,18.0450480728185,3120469.25
2937,6-chloroquinoline,"1a, 6-Cl-Q",1,0.0004,"2b, Boronic Ester",1,Pd(OAc)2,0.0625,XPhos,0.125,KOH,2.5,DMF,10.452581264233,427736.3125
2938,6-chloroquinoline,"1a, 6-Cl-Q",1,0.0004,"2b, Boronic Ester",1,Pd(OAc)2,0.0625,dppf,0.125,KOH,2.5,DMF,21.854865986212,1411659.125
2939,6-chloroquinoline,"1a, 6-Cl-Q",1,0.0004,"2b, Boronic Ester",1,Pd(OAc)2,0.0625,Xantphos,0.125,KOH,2.5,DMF,7.37411353086134,264240.4375
2940,6-chloroquinoline,"1a, 6-Cl-Q",1,0.0004,"2b, Boronic Ester",1,Pd(OAc)2,0.0625,,,KOH,2.5,DMF,16.5840239696931,3249666.5
2941,6-chloroquinoline,"1a, 6-Cl-Q",1,0.0004,"2b, Boronic Ester",1,Pd(OAc)2,0.0625,P(tBu)3,0.125,LiOtBu,2.5,DMF,9.53792180377604,471182.65625
2942,6-chloroquinoline,"1a, 6-Cl-Q",1,0.0004,"2b, Boronic Ester",1,Pd(OAc)2,0.0625,P(Ph)3 ,0.125,LiOtBu,2.5,DMF,14.9597480080317,2332293.75
2943,6-chloroquinoline,"1a, 6-Cl-Q",1,0.0004,"2b, Boronic Ester",1,Pd(OAc)2,0.0625,AmPhos,0.125,LiOtBu,2.5,DMF,10.978700781405,285901.1875
2944,6-chloroquinoline,"1a, 6-Cl-Q",1,0.0004,"2b, Boronic Ester",1,Pd(OAc)2,0.0625,P(Cy)3,0.125,LiOtBu,2.5,DMF,13.095564184075,2450936.25
2945,6-chloroquinoline,"1a, 6-Cl-Q",1,0.0004,"2b, Boronic Ester",1,Pd(OAc)2,0.0625,P(o-Tol)3,0.125,LiOtBu,2.5,DMF,8.04133501142731,339756.65625
2946,6-chloroquinoline,"1a, 6-Cl-Q",1,0.0004,"2b, Boronic Ester",1,Pd(OAc)2,0.0625,CataCXium A,0.125,LiOtBu,2.5,DMF,17.2562368352961,2180156.0
2947,6-chloroquinoline,"1a, 6-Cl-Q",1,0.0004,"2b, Boronic Ester",1,Pd(OAc)2,0.0625,SPhos,0.125,LiOtBu,2.5,DMF,12.3981992071494,499029.46875
2948,6-chloroquinoline,"1a, 6-Cl-Q",1,0.0004,"2b, Boronic Ester",1,Pd(OAc)2,0.0625,dtbpf,0.125,LiOtBu,2.5,DMF,17.2579179473289,2229369.75
2949,6-chloroquinoline,"1a, 6-Cl-Q",1,0.0004,"2b, Boronic Ester",1,Pd(OAc)2,0.0625,XPhos,0.125,LiOtBu,2.5,DMF,11.1300801891241,318896.46875
2950,6-chloroquinoline,"1a, 6-Cl-Q",1,0.0004,"2b, Boronic Ester",1,Pd(OAc)2,0.0625,dppf,0.125,LiOtBu,2.5,DMF,21.355838404611,1263930.25
2951,6-chloroquinoline,"1a, 6-Cl-Q",1,0.0004,"2b, Boronic Ester",1,Pd(OAc)2,0.0625,Xantphos,0.125,LiOtBu,2.5,DMF,6.47518145704488,224219.5
2952,6-chloroquinoline,"1a, 6-Cl-Q",1,0.0004,"2b, Boronic Ester",1,Pd(OAc)2,0.0625,,,LiOtBu,2.5,DMF,12.2050797469804,1867991.75
2953,6-chloroquinoline,"1a, 6-Cl-Q",1,0.0004,"2b, Boronic Ester",1,Pd(OAc)2,0.0625,P(tBu)3,0.125,Et3N,2.5,DMF,5.84011060215166,271626.3125
2954,6-chloroquinoline,"1a, 6-Cl-Q",1,0.0004,"2b, Boronic Ester",1,Pd(OAc)2,0.0625,P(Ph)3 ,0.125,Et3N,2.5,DMF,15.6966544082588,2426566.0
2955,6-chloroquinoline,"1a, 6-Cl-Q",1,0.0004,"2b, Boronic Ester",1,Pd(OAc)2,0.0625,AmPhos,0.125,Et3N,2.5,DMF,9.80181803994616,304157.0
2956,6-chloroquinoline,"1a, 6-Cl-Q",1,0.0004,"2b, Boronic Ester",1,Pd(OAc)2,0.0625,P(Cy)3,0.125,Et3N,2.5,DMF,13.1332444044815,2966235.25
2957,6-chloroquinoline,"1a, 6-Cl-Q",1,0.0004,"2b, Boronic Ester",1,Pd(OAc)2,0.0625,P(o-Tol)3,0.125,Et3N,2.5,DMF,8.18523886426928,357113.96875
2958,6-chloroquinoline,"1a, 6-Cl-Q",1,0.0004,"2b, Boronic Ester",1,Pd(OAc)2,0.0625,CataCXium A,0.125,Et3N,2.5,DMF,16.1204859657885,1950507.875
2959,6-chloroquinoline,"1a, 6-Cl-Q",1,0.0004,"2b, Boronic Ester",1,Pd(OAc)2,0.0625,SPhos,0.125,Et3N,2.5,DMF,10.7537614552375,449075.90625
2960,6-chloroquinoline,"1a, 6-Cl-Q",1,0.0004,"2b, Boronic Ester",1,Pd(OAc)2,0.0625,dtbpf,0.125,Et3N,2.5,DMF,17.3942781541442,2592792.5
2961,6-chloroquinoline,"1a, 6-Cl-Q",1,0.0004,"2b, Boronic Ester",1,Pd(OAc)2,0.0625,XPhos,0.125,Et3N,2.5,DMF,9.90224675884415,337959.84375
2962,6-chloroquinoline,"1a, 6-Cl-Q",1,0.0004,"2b, Boronic Ester",1,Pd(OAc)2,0.0625,dppf,0.125,Et3N,2.5,DMF,22.8061525274985,1364184.5
2963,6-chloroquinoline,"1a, 6-Cl-Q",1,0.0004,"2b, Boronic Ester",1,Pd(OAc)2,0.0625,Xantphos,0.125,Et3N,2.5,DMF,7.88061116630647,231737.75
2964,6-chloroquinoline,"1a, 6-Cl-Q",1,0.0004,"2b, Boronic Ester",1,Pd(OAc)2,0.0625,,,Et3N,2.5,DMF,12.9098218911143,2049785.625
2965,6-chloroquinoline,"1a, 6-Cl-Q",1,0.0004,"2b, Boronic Ester",1,Pd(OAc)2,0.0625,P(tBu)3,0.125,,2.5,DMF,6.69124874096873,287484.9375
2966,6-chloroquinoline,"1a, 6-Cl-Q",1,0.0004,"2b, Boronic Ester",1,Pd(OAc)2,0.0625,P(Ph)3 ,0.125,,2.5,DMF,15.9272433860581,1933193.625
2967,6-chloroquinoline,"1a, 6-Cl-Q",1,0.0004,"2b, Boronic Ester",1,Pd(OAc)2,0.0625,AmPhos,0.125,,2.5,DMF,8.94332020348582,300060.34375
2968,6-chloroquinoline,"1a, 6-Cl-Q",1,0.0004,"2b, Boronic Ester",1,Pd(OAc)2,0.0625,P(Cy)3,0.125,,2.5,DMF,15.1547223949761,3527460.0
2969,6-chloroquinoline,"1a, 6-Cl-Q",1,0.0004,"2b, Boronic Ester",1,Pd(OAc)2,0.0625,P(o-Tol)3,0.125,,2.5,DMF,10.9182545406988,468650.84375
2970,6-chloroquinoline,"1a, 6-Cl-Q",1,0.0004,"2b, Boronic Ester",1,Pd(OAc)2,0.0625,CataCXium A,0.125,,2.5,DMF,19.5335430947473,2752980.75
2971,6-chloroquinoline,"1a, 6-Cl-Q",1,0.0004,"2b, Boronic Ester",1,Pd(OAc)2,0.0625,SPhos,0.125,,2.5,DMF,15.418249173578,621863.625
2972,6-chloroquinoline,"1a, 6-Cl-Q",1,0.0004,"2b, Boronic Ester",1,Pd(OAc)2,0.0625,dtbpf,0.125,,2.5,DMF,16.8772032061103,2400734.5
2973,6-chloroquinoline,"1a, 6-Cl-Q",1,0.0004,"2b, Boronic Ester",1,Pd(OAc)2,0.0625,XPhos,0.125,,2.5,DMF,8.47463424340721,321772.40625
2974,6-chloroquinoline,"1a, 6-Cl-Q",1,0.0004,"2b, Boronic Ester",1,Pd(OAc)2,0.0625,dppf,0.125,,2.5,DMF,24.3001073896368,1486146.25
2975,6-chloroquinoline,"1a, 6-Cl-Q",1,0.0004,"2b, Boronic Ester",1,Pd(OAc)2,0.0625,Xantphos,0.125,,2.5,DMF,8.47972125605049,269584.5
2976,6-chloroquinoline,"1a, 6-Cl-Q",1,0.0004,"2b, Boronic Ester",1,Pd(OAc)2,0.0625,,,,2.5,DMF,13.9691696310488,1656299.125
2977,6-chloroquinoline,"1a, 6-Cl-Q",1,0.0004,"2b, Boronic Ester",1,Pd(OAc)2,0.0625,P(tBu)3,0.125,NaOH,2.5,MeOH,20.1859356078399,1052530.125
2978,6-chloroquinoline,"1a, 6-Cl-Q",1,0.0004,"2b, Boronic Ester",1,Pd(OAc)2,0.0625,P(Ph)3 ,0.125,NaOH,2.5,MeOH,12.8456037208057,1632534.25
2979,6-chloroquinoline,"1a, 6-Cl-Q",1,0.0004,"2b, Boronic Ester",1,Pd(OAc)2,0.0625,AmPhos,0.125,NaOH,2.5,MeOH,8.81983656269208,345169.1875
2980,6-chloroquinoline,"1a, 6-Cl-Q",1,0.0004,"2b, Boronic Ester",1,Pd(OAc)2,0.0625,P(Cy)3,0.125,NaOH,2.5,MeOH,21.0690533833327,5034598.0
2981,6-chloroquinoline,"1a, 6-Cl-Q",1,0.0004,"2b, Boronic Ester",1,Pd(OAc)2,0.0625,P(o-Tol)3,0.125,NaOH,2.5,MeOH,7.45025125131147,340494.375
2982,6-chloroquinoline,"1a, 6-Cl-Q",1,0.0004,"2b, Boronic Ester",1,Pd(OAc)2,0.0625,CataCXium A,0.125,NaOH,2.5,MeOH,42.9834041719186,6126892.0
2983,6-chloroquinoline,"1a, 6-Cl-Q",1,0.0004,"2b, Boronic Ester",1,Pd(OAc)2,0.0625,SPhos,0.125,NaOH,2.5,MeOH,63.0567027454006,2544584.25
2984,6-chloroquinoline,"1a, 6-Cl-Q",1,0.0004,"2b, Boronic Ester",1,Pd(OAc)2,0.0625,dtbpf,0.125,NaOH,2.5,MeOH,13.9406202290719,2170169.0
2985,6-chloroquinoline,"1a, 6-Cl-Q",1,0.0004,"2b, Boronic Ester",1,Pd(OAc)2,0.0625,XPhos,0.125,NaOH,2.5,MeOH,58.9724928690913,2117914.0
2986,6-chloroquinoline,"1a, 6-Cl-Q",1,0.0004,"2b, Boronic Ester",1,Pd(OAc)2,0.0625,dppf,0.125,NaOH,2.5,MeOH,15.368952366778,1587732.625
2987,6-chloroquinoline,"1a, 6-Cl-Q",1,0.0004,"2b, Boronic Ester",1,Pd(OAc)2,0.0625,Xantphos,0.125,NaOH,2.5,MeOH,1.14247002564213,220931.890625
2988,6-chloroquinoline,"1a, 6-Cl-Q",1,0.0004,"2b, Boronic Ester",1,Pd(OAc)2,0.0625,,,NaOH,2.5,MeOH,17.7386177835443,3581264.25
2989,6-chloroquinoline,"1a, 6-Cl-Q",1,0.0004,"2b, Boronic Ester",1,Pd(OAc)2,0.0625,P(tBu)3,0.125,NaHCO3,2.5,MeOH,21.1987745133346,814233.4375
2990,6-chloroquinoline,"1a, 6-Cl-Q",1,0.0004,"2b, Boronic Ester",1,Pd(OAc)2,0.0625,P(Ph)3 ,0.125,NaHCO3,2.5,MeOH,11.9074170090498,1080769.375
2991,6-chloroquinoline,"1a, 6-Cl-Q",1,0.0004,"2b, Boronic Ester",1,Pd(OAc)2,0.0625,AmPhos,0.125,NaHCO3,2.5,MeOH,12.2049802793206,413617.875
2992,6-chloroquinoline,"1a, 6-Cl-Q",1,0.0004,"2b, Boronic Ester",1,Pd(OAc)2,0.0625,P(Cy)3,0.125,NaHCO3,2.5,MeOH,30.4880748110243,4414495.0
2993,6-chloroquinoline,"1a, 6-Cl-Q",1,0.0004,"2b, Boronic Ester",1,Pd(OAc)2,0.0625,P(o-Tol)3,0.125,NaHCO3,2.5,MeOH,7.67297495504328,222421.046875
2994,6-chloroquinoline,"1a, 6-Cl-Q",1,0.0004,"2b, Boronic Ester",1,Pd(OAc)2,0.0625,CataCXium A,0.125,NaHCO3,2.5,MeOH,16.2716325438169,1280394.0
2995,6-chloroquinoline,"1a, 6-Cl-Q",1,0.0004,"2b, Boronic Ester",1,Pd(OAc)2,0.0625,SPhos,0.125,NaHCO3,2.5,MeOH,35.9372787401744,356986.21875
2996,6-chloroquinoline,"1a, 6-Cl-Q",1,0.0004,"2b, Boronic Ester",1,Pd(OAc)2,0.0625,dtbpf,0.125,NaHCO3,2.5,MeOH,13.1594440400603,1554135.125
2997,6-chloroquinoline,"1a, 6-Cl-Q",1,0.0004,"2b, Boronic Ester",1,Pd(OAc)2,0.0625,XPhos,0.125,NaHCO3,2.5,MeOH,34.1638218789543,582198.5
2998,6-chloroquinoline,"1a, 6-Cl-Q",1,0.0004,"2b, Boronic Ester",1,Pd(OAc)2,0.0625,dppf,0.125,NaHCO3,2.5,MeOH,15.4328565948889,1154916.375
2999,6-chloroquinoline,"1a, 6-Cl-Q",1,0.0004,"2b, Boronic Ester",1,Pd(OAc)2,0.0625,Xantphos,0.125,NaHCO3,2.5,MeOH,5.37815028599075,179292.328125
3000,6-chloroquinoline,"1a, 6-Cl-Q",1,0.0004,"2b, Boronic Ester",1,Pd(OAc)2,0.0625,,,NaHCO3,2.5,MeOH,15.7474954937413,1590995.5
3001,6-chloroquinoline,"1a, 6-Cl-Q",1,0.0004,"2b, Boronic Ester",1,Pd(OAc)2,0.0625,P(tBu)3,0.125,CsF,2.5,MeOH,23.3940211864483,427678.375
3002,6-chloroquinoline,"1a, 6-Cl-Q",1,0.0004,"2b, Boronic Ester",1,Pd(OAc)2,0.0625,P(Ph)3 ,0.125,CsF,2.5,MeOH,11.677342260852,610211.375
3003,6-chloroquinoline,"1a, 6-Cl-Q",1,0.0004,"2b, Boronic Ester",1,Pd(OAc)2,0.0625,AmPhos,0.125,CsF,2.5,MeOH,9.80432992048675,246043.296875
3004,6-chloroquinoline,"1a, 6-Cl-Q",1,0.0004,"2b, Boronic Ester",1,Pd(OAc)2,0.0625,P(Cy)3,0.125,CsF,2.5,MeOH,18.0669504205091,2151265.25
3005,6-chloroquinoline,"1a, 6-Cl-Q",1,0.0004,"2b, Boronic Ester",1,Pd(OAc)2,0.0625,P(o-Tol)3,0.125,CsF,2.5,MeOH,8.14930684110489,167788.8125
3006,6-chloroquinoline,"1a, 6-Cl-Q",1,0.0004,"2b, Boronic Ester",1,Pd(OAc)2,0.0625,CataCXium A,0.125,CsF,2.5,MeOH,21.7651827171444,1723807.375
3007,6-chloroquinoline,"1a, 6-Cl-Q",1,0.0004,"2b, Boronic Ester",1,Pd(OAc)2,0.0625,SPhos,0.125,CsF,2.5,MeOH,14.3812080003946,405658.9375
3008,6-chloroquinoline,"1a, 6-Cl-Q",1,0.0004,"2b, Boronic Ester",1,Pd(OAc)2,0.0625,dtbpf,0.125,CsF,2.5,MeOH,16.9109138824936,1085139.5
3009,6-chloroquinoline,"1a, 6-Cl-Q",1,0.0004,"2b, Boronic Ester",1,Pd(OAc)2,0.0625,XPhos,0.125,CsF,2.5,MeOH,16.1847436904213,477881.90625
3010,6-chloroquinoline,"1a, 6-Cl-Q",1,0.0004,"2b, Boronic Ester",1,Pd(OAc)2,0.0625,dppf,0.125,CsF,2.5,MeOH,12.6909228440322,394364.6875
3011,6-chloroquinoline,"1a, 6-Cl-Q",1,0.0004,"2b, Boronic Ester",1,Pd(OAc)2,0.0625,Xantphos,0.125,CsF,2.5,MeOH,3.85756078294583,147024.640625
3012,6-chloroquinoline,"1a, 6-Cl-Q",1,0.0004,"2b, Boronic Ester",1,Pd(OAc)2,0.0625,,,CsF,2.5,MeOH,12.0843230526967,885817.8125
3013,6-chloroquinoline,"1a, 6-Cl-Q",1,0.0004,"2b, Boronic Ester",1,Pd(OAc)2,0.0625,P(tBu)3,0.125,K3PO4,2.5,MeOH,15.69481779376,681204.5
3014,6-chloroquinoline,"1a, 6-Cl-Q",1,0.0004,"2b, Boronic Ester",1,Pd(OAc)2,0.0625,P(Ph)3 ,0.125,K3PO4,2.5,MeOH,12.0430502679999,928665.75
3015,6-chloroquinoline,"1a, 6-Cl-Q",1,0.0004,"2b, Boronic Ester",1,Pd(OAc)2,0.0625,AmPhos,0.125,K3PO4,2.5,MeOH,10.0937420858264,319803.875
3016,6-chloroquinoline,"1a, 6-Cl-Q",1,0.0004,"2b, Boronic Ester",1,Pd(OAc)2,0.0625,P(Cy)3,0.125,K3PO4,2.5,MeOH,19.3495645498422,2106624.25
3017,6-chloroquinoline,"1a, 6-Cl-Q",1,0.0004,"2b, Boronic Ester",1,Pd(OAc)2,0.0625,P(o-Tol)3,0.125,K3PO4,2.5,MeOH,5.87430749692781,243659.546875
3018,6-chloroquinoline,"1a, 6-Cl-Q",1,0.0004,"2b, Boronic Ester",1,Pd(OAc)2,0.0625,CataCXium A,0.125,K3PO4,2.5,MeOH,15.4224792783607,946277.125
3019,6-chloroquinoline,"1a, 6-Cl-Q",1,0.0004,"2b, Boronic Ester",1,Pd(OAc)2,0.0625,SPhos,0.125,K3PO4,2.5,MeOH,60.4457773137239,1818540.375
3020,6-chloroquinoline,"1a, 6-Cl-Q",1,0.0004,"2b, Boronic Ester",1,Pd(OAc)2,0.0625,dtbpf,0.125,K3PO4,2.5,MeOH,14.4413966784056,1178410.375
3021,6-chloroquinoline,"1a, 6-Cl-Q",1,0.0004,"2b, Boronic Ester",1,Pd(OAc)2,0.0625,XPhos,0.125,K3PO4,2.5,MeOH,51.7529372406415,2005372.875
3022,6-chloroquinoline,"1a, 6-Cl-Q",1,0.0004,"2b, Boronic Ester",1,Pd(OAc)2,0.0625,dppf,0.125,K3PO4,2.5,MeOH,16.1295131125156,1226730.5
3023,6-chloroquinoline,"1a, 6-Cl-Q",1,0.0004,"2b, Boronic Ester",1,Pd(OAc)2,0.0625,Xantphos,0.125,K3PO4,2.5,MeOH,7.55598166835026,300869.28125
3024,6-chloroquinoline,"1a, 6-Cl-Q",1,0.0004,"2b, Boronic Ester",1,Pd(OAc)2,0.0625,,,K3PO4,2.5,MeOH,14.4106811209717,1554043.375
3025,6-chloroquinoline,"1a, 6-Cl-Q",1,0.0004,"2b, Boronic Ester",1,Pd(OAc)2,0.0625,P(tBu)3,0.125,KOH,2.5,MeOH,15.3189390984768,537986.875
3026,6-chloroquinoline,"1a, 6-Cl-Q",1,0.0004,"2b, Boronic Ester",1,Pd(OAc)2,0.0625,P(Ph)3 ,0.125,KOH,2.5,MeOH,11.8123470961083,1002004.875
3027,6-chloroquinoline,"1a, 6-Cl-Q",1,0.0004,"2b, Boronic Ester",1,Pd(OAc)2,0.0625,AmPhos,0.125,KOH,2.5,MeOH,11.199889148643,241544.734375
3028,6-chloroquinoline,"1a, 6-Cl-Q",1,0.0004,"2b, Boronic Ester",1,Pd(OAc)2,0.0625,P(Cy)3,0.125,KOH,2.5,MeOH,21.4170295948898,2861117.25
3029,6-chloroquinoline,"1a, 6-Cl-Q",1,0.0004,"2b, Boronic Ester",1,Pd(OAc)2,0.0625,P(o-Tol)3,0.125,KOH,2.5,MeOH,6.27505425888356,181919.40625
3030,6-chloroquinoline,"1a, 6-Cl-Q",1,0.0004,"2b, Boronic Ester",1,Pd(OAc)2,0.0625,CataCXium A,0.125,KOH,2.5,MeOH,13.2933729352841,1049494.625
3031,6-chloroquinoline,"1a, 6-Cl-Q",1,0.0004,"2b, Boronic Ester",1,Pd(OAc)2,0.0625,SPhos,0.125,KOH,2.5,MeOH,60.3987888424428,1919016.0
3032,6-chloroquinoline,"1a, 6-Cl-Q",1,0.0004,"2b, Boronic Ester",1,Pd(OAc)2,0.0625,dtbpf,0.125,KOH,2.5,MeOH,14.5698319881619,1250646.375
3033,6-chloroquinoline,"1a, 6-Cl-Q",1,0.0004,"2b, Boronic Ester",1,Pd(OAc)2,0.0625,XPhos,0.125,KOH,2.5,MeOH,60.8505861657784,1681666.0
3034,6-chloroquinoline,"1a, 6-Cl-Q",1,0.0004,"2b, Boronic Ester",1,Pd(OAc)2,0.0625,dppf,0.125,KOH,2.5,MeOH,17.1836017768633,1029870.375
3035,6-chloroquinoline,"1a, 6-Cl-Q",1,0.0004,"2b, Boronic Ester",1,Pd(OAc)2,0.0625,Xantphos,0.125,KOH,2.5,MeOH,6.85925842616394,177431.15625
3036,6-chloroquinoline,"1a, 6-Cl-Q",1,0.0004,"2b, Boronic Ester",1,Pd(OAc)2,0.0625,,,KOH,2.5,MeOH,16.2870326134265,1591588.375
3037,6-chloroquinoline,"1a, 6-Cl-Q",1,0.0004,"2b, Boronic Ester",1,Pd(OAc)2,0.0625,P(tBu)3,0.125,LiOtBu,2.5,MeOH,17.4330973547232,202411.796875
3038,6-chloroquinoline,"1a, 6-Cl-Q",1,0.0004,"2b, Boronic Ester",1,Pd(OAc)2,0.0625,P(Ph)3 ,0.125,LiOtBu,2.5,MeOH,9.2060346046,271583.8125
3039,6-chloroquinoline,"1a, 6-Cl-Q",1,0.0004,"2b, Boronic Ester",1,Pd(OAc)2,0.0625,AmPhos,0.125,LiOtBu,2.5,MeOH,12.7939614208456,194826.234375
3040,6-chloroquinoline,"1a, 6-Cl-Q",1,0.0004,"2b, Boronic Ester",1,Pd(OAc)2,0.0625,P(Cy)3,0.125,LiOtBu,2.5,MeOH,23.4474962012335,1874166.25
3041,6-chloroquinoline,"1a, 6-Cl-Q",1,0.0004,"2b, Boronic Ester",1,Pd(OAc)2,0.0625,P(o-Tol)3,0.125,LiOtBu,2.5,MeOH,8.06715497208743,185923.640625
3042,6-chloroquinoline,"1a, 6-Cl-Q",1,0.0004,"2b, Boronic Ester",1,Pd(OAc)2,0.0625,CataCXium A,0.125,LiOtBu,2.5,MeOH,21.1761610005137,1144137.5
3043,6-chloroquinoline,"1a, 6-Cl-Q",1,0.0004,"2b, Boronic Ester",1,Pd(OAc)2,0.0625,SPhos,0.125,LiOtBu,2.5,MeOH,60.0166409624427,1496696.0
3044,6-chloroquinoline,"1a, 6-Cl-Q",1,0.0004,"2b, Boronic Ester",1,Pd(OAc)2,0.0625,dtbpf,0.125,LiOtBu,2.5,MeOH,16.5615487313444,855601.1875
3045,6-chloroquinoline,"1a, 6-Cl-Q",1,0.0004,"2b, Boronic Ester",1,Pd(OAc)2,0.0625,XPhos,0.125,LiOtBu,2.5,MeOH,65.5352270099713,1397299.625
3046,6-chloroquinoline,"1a, 6-Cl-Q",1,0.0004,"2b, Boronic Ester",1,Pd(OAc)2,0.0625,dppf,0.125,LiOtBu,2.5,MeOH,17.7416235342643,866878.8125
3047,6-chloroquinoline,"1a, 6-Cl-Q",1,0.0004,"2b, Boronic Ester",1,Pd(OAc)2,0.0625,Xantphos,0.125,LiOtBu,2.5,MeOH,8.53318205604855,117094.9296875
3048,6-chloroquinoline,"1a, 6-Cl-Q",1,0.0004,"2b, Boronic Ester",1,Pd(OAc)2,0.0625,,,LiOtBu,2.5,MeOH,16.4838578206392,865531.75
3049,6-chloroquinoline,"1a, 6-Cl-Q",1,0.0004,"2b, Boronic Ester",1,Pd(OAc)2,0.0625,P(tBu)3,0.125,Et3N,2.5,MeOH,15.0548970265397,794160.25
3050,6-chloroquinoline,"1a, 6-Cl-Q",1,0.0004,"2b, Boronic Ester",1,Pd(OAc)2,0.0625,P(Ph)3 ,0.125,Et3N,2.5,MeOH,11.9134249536534,1110910.75
3051,6-chloroquinoline,"1a, 6-Cl-Q",1,0.0004,"2b, Boronic Ester",1,Pd(OAc)2,0.0625,AmPhos,0.125,Et3N,2.5,MeOH,10.8727308233507,408784.40625
3052,6-chloroquinoline,"1a, 6-Cl-Q",1,0.0004,"2b, Boronic Ester",1,Pd(OAc)2,0.0625,P(Cy)3,0.125,Et3N,2.5,MeOH,22.1991561321321,2626389.25
3053,6-chloroquinoline,"1a, 6-Cl-Q",1,0.0004,"2b, Boronic Ester",1,Pd(OAc)2,0.0625,P(o-Tol)3,0.125,Et3N,2.5,MeOH,6.69607059608773,262747.46875
3054,6-chloroquinoline,"1a, 6-Cl-Q",1,0.0004,"2b, Boronic Ester",1,Pd(OAc)2,0.0625,CataCXium A,0.125,Et3N,2.5,MeOH,23.4421381824155,2524504.0
3055,6-chloroquinoline,"1a, 6-Cl-Q",1,0.0004,"2b, Boronic Ester",1,Pd(OAc)2,0.0625,SPhos,0.125,Et3N,2.5,MeOH,18.8651287107215,754312.6875
3056,6-chloroquinoline,"1a, 6-Cl-Q",1,0.0004,"2b, Boronic Ester",1,Pd(OAc)2,0.0625,dtbpf,0.125,Et3N,2.5,MeOH,13.1388937986527,1055544.25
3057,6-chloroquinoline,"1a, 6-Cl-Q",1,0.0004,"2b, Boronic Ester",1,Pd(OAc)2,0.0625,XPhos,0.125,Et3N,2.5,MeOH,16.2340488604052,622633.4375
3058,6-chloroquinoline,"1a, 6-Cl-Q",1,0.0004,"2b, Boronic Ester",1,Pd(OAc)2,0.0625,dppf,0.125,Et3N,2.5,MeOH,14.7294368192105,809843.5
3059,6-chloroquinoline,"1a, 6-Cl-Q",1,0.0004,"2b, Boronic Ester",1,Pd(OAc)2,0.0625,Xantphos,0.125,Et3N,2.5,MeOH,5.75063336835041,196021.5
3060,6-chloroquinoline,"1a, 6-Cl-Q",1,0.0004,"2b, Boronic Ester",1,Pd(OAc)2,0.0625,,,Et3N,2.5,MeOH,14.210915649871,1044478.875
3061,6-chloroquinoline,"1a, 6-Cl-Q",1,0.0004,"2b, Boronic Ester",1,Pd(OAc)2,0.0625,P(tBu)3,0.125,,2.5,MeOH,12.2285007142035,192642.59375
3062,6-chloroquinoline,"1a, 6-Cl-Q",1,0.0004,"2b, Boronic Ester",1,Pd(OAc)2,0.0625,P(Ph)3 ,0.125,,2.5,MeOH,11.6077606719487,333678.78125
3063,6-chloroquinoline,"1a, 6-Cl-Q",1,0.0004,"2b, Boronic Ester",1,Pd(OAc)2,0.0625,AmPhos,0.125,,2.5,MeOH,7.19566202823315,184354.703125
3064,6-chloroquinoline,"1a, 6-Cl-Q",1,0.0004,"2b, Boronic Ester",1,Pd(OAc)2,0.0625,P(Cy)3,0.125,,2.5,MeOH,15.0517470800588,695034.25
3065,6-chloroquinoline,"1a, 6-Cl-Q",1,0.0004,"2b, Boronic Ester",1,Pd(OAc)2,0.0625,P(o-Tol)3,0.125,,2.5,MeOH,7.86188377642378,126492.71875
3066,6-chloroquinoline,"1a, 6-Cl-Q",1,0.0004,"2b, Boronic Ester",1,Pd(OAc)2,0.0625,CataCXium A,0.125,,2.5,MeOH,19.7559419036668,777341.6875
3067,6-chloroquinoline,"1a, 6-Cl-Q",1,0.0004,"2b, Boronic Ester",1,Pd(OAc)2,0.0625,SPhos,0.125,,2.5,MeOH,9.61889860611315,344516.0625
3068,6-chloroquinoline,"1a, 6-Cl-Q",1,0.0004,"2b, Boronic Ester",1,Pd(OAc)2,0.0625,dtbpf,0.125,,2.5,MeOH,10.8217609211578,639103.25
3069,6-chloroquinoline,"1a, 6-Cl-Q",1,0.0004,"2b, Boronic Ester",1,Pd(OAc)2,0.0625,XPhos,0.125,,2.5,MeOH,10.3080022213509,309538.6875
3070,6-chloroquinoline,"1a, 6-Cl-Q",1,0.0004,"2b, Boronic Ester",1,Pd(OAc)2,0.0625,dppf,0.125,,2.5,MeOH,13.6338934880661,263871.6875
3071,6-chloroquinoline,"1a, 6-Cl-Q",1,0.0004,"2b, Boronic Ester",1,Pd(OAc)2,0.0625,Xantphos,0.125,,2.5,MeOH,6.73702017075448,64452.25390625
3072,6-chloroquinoline,"1a, 6-Cl-Q",1,0.0004,"2b, Boronic Ester",1,Pd(OAc)2,0.0625,,,,2.5,MeOH,15.5312194455369,1952070.75
3073,6-triflatequinoline,"1c, 6-OTf-Q",1,0.0004,"2c, Trifluoroborate",1,Pd(OAc)2,0.0625,,,,2.5,MeCN,13.9813817502571,39759.32421875
3074,6-triflatequinoline,"1c, 6-OTf-Q",1,0.0004,"2c, Trifluoroborate",1,Pd(OAc)2,0.0625,P(tBu)3,0.125,,2.5,MeCN,7.96618514464345,312537.15625
3075,6-triflatequinoline,"1c, 6-OTf-Q",1,0.0004,"2c, Trifluoroborate",1,Pd(OAc)2,0.0625,P(Ph)3 ,0.125,,2.5,MeCN,12.283464395397,1537346.875
3076,6-triflatequinoline,"1c, 6-OTf-Q",1,0.0004,"2c, Trifluoroborate",1,Pd(OAc)2,0.0625,AmPhos,0.125,,2.5,MeCN,7.24593769335972,2349765.25
3077,6-triflatequinoline,"1c, 6-OTf-Q",1,0.0004,"2c, Trifluoroborate",1,Pd(OAc)2,0.0625,P(Cy)3,0.125,,2.5,MeCN,5.74548073733737,698852.25
3078,6-triflatequinoline,"1c, 6-OTf-Q",1,0.0004,"2c, Trifluoroborate",1,Pd(OAc)2,0.0625,P(o-Tol)3,0.125,,2.5,MeCN,9.45582157026869,694242.1875
3079,6-triflatequinoline,"1c, 6-OTf-Q",1,0.0004,"2c, Trifluoroborate",1,Pd(OAc)2,0.0625,CataCXium A,0.125,,2.5,MeCN,8.70577131696553,1005624.25
3080,6-triflatequinoline,"1c, 6-OTf-Q",1,0.0004,"2c, Trifluoroborate",1,Pd(OAc)2,0.0625,SPhos,0.125,,2.5,MeCN,9.45561160805415,325063.625
3081,6-triflatequinoline,"1c, 6-OTf-Q",1,0.0004,"2c, Trifluoroborate",1,Pd(OAc)2,0.0625,dtbpf,0.125,,2.5,MeCN,10.979336965789,383955.90625
3082,6-triflatequinoline,"1c, 6-OTf-Q",1,0.0004,"2c, Trifluoroborate",1,Pd(OAc)2,0.0625,XPhos,0.125,,2.5,MeCN,10.6694105270891,148122.3125
3083,6-triflatequinoline,"1c, 6-OTf-Q",1,0.0004,"2c, Trifluoroborate",1,Pd(OAc)2,0.0625,dppf,0.125,,2.5,MeCN,15.3439595456848,276124.625
3084,6-triflatequinoline,"1c, 6-OTf-Q",1,0.0004,"2c, Trifluoroborate",1,Pd(OAc)2,0.0625,Xantphos,0.125,,2.5,MeCN,12.1591487850837,141184.359375
3085,6-triflatequinoline,"1c, 6-OTf-Q",1,0.0004,"2c, Trifluoroborate",1,Pd(OAc)2,0.0625,,,NaOH,2.5,MeCN,15.1387228001966,191087.671875
3086,6-triflatequinoline,"1c, 6-OTf-Q",1,0.0004,"2c, Trifluoroborate",1,Pd(OAc)2,0.0625,P(tBu)3,0.125,NaOH,2.5,MeCN,17.903382796436,449927.65625
3087,6-triflatequinoline,"1c, 6-OTf-Q",1,0.0004,"2c, Trifluoroborate",1,Pd(OAc)2,0.0625,P(Ph)3 ,0.125,NaOH,2.5,MeCN,16.7577155104904,1145288.5
3088,6-triflatequinoline,"1c, 6-OTf-Q",1,0.0004,"2c, Trifluoroborate",1,Pd(OAc)2,0.0625,AmPhos,0.125,NaOH,2.5,MeCN,15.5264191505195,1615532.875
3089,6-triflatequinoline,"1c, 6-OTf-Q",1,0.0004,"2c, Trifluoroborate",1,Pd(OAc)2,0.0625,P(Cy)3,0.125,NaOH,2.5,MeCN,15.4482855869851,225725.484375
3090,6-triflatequinoline,"1c, 6-OTf-Q",1,0.0004,"2c, Trifluoroborate",1,Pd(OAc)2,0.0625,P(o-Tol)3,0.125,NaOH,2.5,MeCN,16.5799580398529,616811.3125
3091,6-triflatequinoline,"1c, 6-OTf-Q",1,0.0004,"2c, Trifluoroborate",1,Pd(OAc)2,0.0625,CataCXium A,0.125,NaOH,2.5,MeCN,17.0860943832161,644307.25
3092,6-triflatequinoline,"1c, 6-OTf-Q",1,0.0004,"2c, Trifluoroborate",1,Pd(OAc)2,0.0625,SPhos,0.125,NaOH,2.5,MeCN,15.6249280875702,752844.5
3093,6-triflatequinoline,"1c, 6-OTf-Q",1,0.0004,"2c, Trifluoroborate",1,Pd(OAc)2,0.0625,dtbpf,0.125,NaOH,2.5,MeCN,18.5577496439466,960398.4375
3094,6-triflatequinoline,"1c, 6-OTf-Q",1,0.0004,"2c, Trifluoroborate",1,Pd(OAc)2,0.0625,XPhos,0.125,NaOH,2.5,MeCN,16.8336656142609,381554.1875
3095,6-triflatequinoline,"1c, 6-OTf-Q",1,0.0004,"2c, Trifluoroborate",1,Pd(OAc)2,0.0625,dppf,0.125,NaOH,2.5,MeCN,19.3591027066034,778517.125
3096,6-triflatequinoline,"1c, 6-OTf-Q",1,0.0004,"2c, Trifluoroborate",1,Pd(OAc)2,0.0625,Xantphos,0.125,NaOH,2.5,MeCN,15.817425114025,94987.234375
3097,6-triflatequinoline,"1c, 6-OTf-Q",1,0.0004,"2c, Trifluoroborate",1,Pd(OAc)2,0.0625,,,KOH,2.5,MeCN,18.170754640549,693387.8125
3098,6-triflatequinoline,"1c, 6-OTf-Q",1,0.0004,"2c, Trifluoroborate",1,Pd(OAc)2,0.0625,P(tBu)3,0.125,KOH,2.5,MeCN,13.5887462269256,1429435.25
3099,6-triflatequinoline,"1c, 6-OTf-Q",1,0.0004,"2c, Trifluoroborate",1,Pd(OAc)2,0.0625,P(Ph)3 ,0.125,KOH,2.5,MeCN,13.2402803955205,1602850.5
3100,6-triflatequinoline,"1c, 6-OTf-Q",1,0.0004,"2c, Trifluoroborate",1,Pd(OAc)2,0.0625,AmPhos,0.125,KOH,2.5,MeCN,12.0337584598898,1422151.875
3101,6-triflatequinoline,"1c, 6-OTf-Q",1,0.0004,"2c, Trifluoroborate",1,Pd(OAc)2,0.0625,P(Cy)3,0.125,KOH,2.5,MeCN,12.9696118021582,317227.125
3102,6-triflatequinoline,"1c, 6-OTf-Q",1,0.0004,"2c, Trifluoroborate",1,Pd(OAc)2,0.0625,P(o-Tol)3,0.125,KOH,2.5,MeCN,12.549630723454,1283470.5
3103,6-triflatequinoline,"1c, 6-OTf-Q",1,0.0004,"2c, Trifluoroborate",1,Pd(OAc)2,0.0625,CataCXium A,0.125,KOH,2.5,MeCN,14.2231025963931,1134406.875
3104,6-triflatequinoline,"1c, 6-OTf-Q",1,0.0004,"2c, Trifluoroborate",1,Pd(OAc)2,0.0625,SPhos,0.125,KOH,2.5,MeCN,8.8268058755857,429640.75
3105,6-triflatequinoline,"1c, 6-OTf-Q",1,0.0004,"2c, Trifluoroborate",1,Pd(OAc)2,0.0625,dtbpf,0.125,KOH,2.5,MeCN,11.3796676987372,689789.3125
3106,6-triflatequinoline,"1c, 6-OTf-Q",1,0.0004,"2c, Trifluoroborate",1,Pd(OAc)2,0.0625,XPhos,0.125,KOH,2.5,MeCN,10.5906782556119,256547.0
3107,6-triflatequinoline,"1c, 6-OTf-Q",1,0.0004,"2c, Trifluoroborate",1,Pd(OAc)2,0.0625,dppf,0.125,KOH,2.5,MeCN,16.6853434671347,2276604.25
3108,6-triflatequinoline,"1c, 6-OTf-Q",1,0.0004,"2c, Trifluoroborate",1,Pd(OAc)2,0.0625,Xantphos,0.125,KOH,2.5,MeCN,10.4207654828931,210362.125
3109,6-triflatequinoline,"1c, 6-OTf-Q",1,0.0004,"2c, Trifluoroborate",1,Pd(OAc)2,0.0625,,,LiOtBu,2.5,MeCN,11.5856308341075,394822.875
3110,6-triflatequinoline,"1c, 6-OTf-Q",1,0.0004,"2c, Trifluoroborate",1,Pd(OAc)2,0.0625,P(tBu)3,0.125,LiOtBu,2.5,MeCN,9.69691544956879,642489.875
3111,6-triflatequinoline,"1c, 6-OTf-Q",1,0.0004,"2c, Trifluoroborate",1,Pd(OAc)2,0.0625,P(Ph)3 ,0.125,LiOtBu,2.5,MeCN,16.6562808102567,2190162.5
3112,6-triflatequinoline,"1c, 6-OTf-Q",1,0.0004,"2c, Trifluoroborate",1,Pd(OAc)2,0.0625,AmPhos,0.125,LiOtBu,2.5,MeCN,13.7568454795212,2883710.5
3113,6-triflatequinoline,"1c, 6-OTf-Q",1,0.0004,"2c, Trifluoroborate",1,Pd(OAc)2,0.0625,P(Cy)3,0.125,LiOtBu,2.5,MeCN,9.29087016008621,485391.96875
3114,6-triflatequinoline,"1c, 6-OTf-Q",1,0.0004,"2c, Trifluoroborate",1,Pd(OAc)2,0.0625,P(o-Tol)3,0.125,LiOtBu,2.5,MeCN,10.1114722448411,540740.25
3115,6-triflatequinoline,"1c, 6-OTf-Q",1,0.0004,"2c, Trifluoroborate",1,Pd(OAc)2,0.0625,CataCXium A,0.125,LiOtBu,2.5,MeCN,10.1786229144552,452010.25
3116,6-triflatequinoline,"1c, 6-OTf-Q",1,0.0004,"2c, Trifluoroborate",1,Pd(OAc)2,0.0625,SPhos,0.125,LiOtBu,2.5,MeCN,9.43287329586196,426109.78125
3117,6-triflatequinoline,"1c, 6-OTf-Q",1,0.0004,"2c, Trifluoroborate",1,Pd(OAc)2,0.0625,dtbpf,0.125,LiOtBu,2.5,MeCN,14.2051813957515,1265034.625
3118,6-triflatequinoline,"1c, 6-OTf-Q",1,0.0004,"2c, Trifluoroborate",1,Pd(OAc)2,0.0625,XPhos,0.125,LiOtBu,2.5,MeCN,12.7195477067076,339779.34375
3119,6-triflatequinoline,"1c, 6-OTf-Q",1,0.0004,"2c, Trifluoroborate",1,Pd(OAc)2,0.0625,dppf,0.125,LiOtBu,2.5,MeCN,14.0083193415379,151202.140625
3120,6-triflatequinoline,"1c, 6-OTf-Q",1,0.0004,"2c, Trifluoroborate",1,Pd(OAc)2,0.0625,Xantphos,0.125,LiOtBu,2.5,MeCN,11.2831087832879,171550.234375
3121,6-triflatequinoline,"1c, 6-OTf-Q",1,0.0004,"2c, Trifluoroborate",1,Pd(OAc)2,0.0625,,,NaHCO3,2.5,MeCN,11.8436960539052,580973.375
3122,6-triflatequinoline,"1c, 6-OTf-Q",1,0.0004,"2c, Trifluoroborate",1,Pd(OAc)2,0.0625,P(tBu)3,0.125,NaHCO3,2.5,MeCN,11.5472153593606,813256.6875
3123,6-triflatequinoline,"1c, 6-OTf-Q",1,0.0004,"2c, Trifluoroborate",1,Pd(OAc)2,0.0625,P(Ph)3 ,0.125,NaHCO3,2.5,MeCN,15.6064723979092,1635639.75
3124,6-triflatequinoline,"1c, 6-OTf-Q",1,0.0004,"2c, Trifluoroborate",1,Pd(OAc)2,0.0625,AmPhos,0.125,NaHCO3,2.5,MeCN,13.445608059374,2647783.0
3125,6-triflatequinoline,"1c, 6-OTf-Q",1,0.0004,"2c, Trifluoroborate",1,Pd(OAc)2,0.0625,P(Cy)3,0.125,NaHCO3,2.5,MeCN,11.6282541939316,1246817.0
3126,6-triflatequinoline,"1c, 6-OTf-Q",1,0.0004,"2c, Trifluoroborate",1,Pd(OAc)2,0.0625,P(o-Tol)3,0.125,NaHCO3,2.5,MeCN,11.8306017627577,963642.062500001
3127,6-triflatequinoline,"1c, 6-OTf-Q",1,0.0004,"2c, Trifluoroborate",1,Pd(OAc)2,0.0625,CataCXium A,0.125,NaHCO3,2.5,MeCN,15.6800503463876,994668.5625
3128,6-triflatequinoline,"1c, 6-OTf-Q",1,0.0004,"2c, Trifluoroborate",1,Pd(OAc)2,0.0625,SPhos,0.125,NaHCO3,2.5,MeCN,10.5371402526377,947374.3125
3129,6-triflatequinoline,"1c, 6-OTf-Q",1,0.0004,"2c, Trifluoroborate",1,Pd(OAc)2,0.0625,dtbpf,0.125,NaHCO3,2.5,MeCN,14.1269721773027,1113634.375
3130,6-triflatequinoline,"1c, 6-OTf-Q",1,0.0004,"2c, Trifluoroborate",1,Pd(OAc)2,0.0625,XPhos,0.125,NaHCO3,2.5,MeCN,12.7478415502865,502805.75
3131,6-triflatequinoline,"1c, 6-OTf-Q",1,0.0004,"2c, Trifluoroborate",1,Pd(OAc)2,0.0625,dppf,0.125,NaHCO3,2.5,MeCN,15.5420342478759,1178173.25
3132,6-triflatequinoline,"1c, 6-OTf-Q",1,0.0004,"2c, Trifluoroborate",1,Pd(OAc)2,0.0625,Xantphos,0.125,NaHCO3,2.5,MeCN,12.2513383007263,226199.5
3133,6-triflatequinoline,"1c, 6-OTf-Q",1,0.0004,"2c, Trifluoroborate",1,Pd(OAc)2,0.0625,,,Et3N,2.5,MeCN,14.7116515867077,905549.125
3134,6-triflatequinoline,"1c, 6-OTf-Q",1,0.0004,"2c, Trifluoroborate",1,Pd(OAc)2,0.0625,P(tBu)3,0.125,Et3N,2.5,MeCN,12.9602971695568,1214153.5
3135,6-triflatequinoline,"1c, 6-OTf-Q",1,0.0004,"2c, Trifluoroborate",1,Pd(OAc)2,0.0625,P(Ph)3 ,0.125,Et3N,2.5,MeCN,16.5418183464726,1469834.25
3136,6-triflatequinoline,"1c, 6-OTf-Q",1,0.0004,"2c, Trifluoroborate",1,Pd(OAc)2,0.0625,AmPhos,0.125,Et3N,2.5,MeCN,12.9683792074711,1206403.75
3137,6-triflatequinoline,"1c, 6-OTf-Q",1,0.0004,"2c, Trifluoroborate",1,Pd(OAc)2,0.0625,P(Cy)3,0.125,Et3N,2.5,MeCN,10.4134473242587,303500.15625
3138,6-triflatequinoline,"1c, 6-OTf-Q",1,0.0004,"2c, Trifluoroborate",1,Pd(OAc)2,0.0625,P(o-Tol)3,0.125,Et3N,2.5,MeCN,13.9331516369427,1195482.375
3139,6-triflatequinoline,"1c, 6-OTf-Q",1,0.0004,"2c, Trifluoroborate",1,Pd(OAc)2,0.0625,CataCXium A,0.125,Et3N,2.5,MeCN,12.9173039172971,820787.3125
3140,6-triflatequinoline,"1c, 6-OTf-Q",1,0.0004,"2c, Trifluoroborate",1,Pd(OAc)2,0.0625,SPhos,0.125,Et3N,2.5,MeCN,9.89374412916546,225419.53125
3141,6-triflatequinoline,"1c, 6-OTf-Q",1,0.0004,"2c, Trifluoroborate",1,Pd(OAc)2,0.0625,dtbpf,0.125,Et3N,2.5,MeCN,11.9429670598749,454159.1875
3142,6-triflatequinoline,"1c, 6-OTf-Q",1,0.0004,"2c, Trifluoroborate",1,Pd(OAc)2,0.0625,XPhos,0.125,Et3N,2.5,MeCN,12.1239115186235,270831.875
3143,6-triflatequinoline,"1c, 6-OTf-Q",1,0.0004,"2c, Trifluoroborate",1,Pd(OAc)2,0.0625,dppf,0.125,Et3N,2.5,MeCN,18.5012589116952,990172.8125
3144,6-triflatequinoline,"1c, 6-OTf-Q",1,0.0004,"2c, Trifluoroborate",1,Pd(OAc)2,0.0625,Xantphos,0.125,Et3N,2.5,MeCN,13.2111938776953,68846.9140625
3145,6-triflatequinoline,"1c, 6-OTf-Q",1,0.0004,"2c, Trifluoroborate",1,Pd(OAc)2,0.0625,,,CsF,2.5,MeCN,13.1992388672452,181240.546875
3146,6-triflatequinoline,"1c, 6-OTf-Q",1,0.0004,"2c, Trifluoroborate",1,Pd(OAc)2,0.0625,P(tBu)3,0.125,CsF,2.5,MeCN,10.0810432302034,610832.375
3147,6-triflatequinoline,"1c, 6-OTf-Q",1,0.0004,"2c, Trifluoroborate",1,Pd(OAc)2,0.0625,P(Ph)3 ,0.125,CsF,2.5,MeCN,15.5577773911709,1847240.5
3148,6-triflatequinoline,"1c, 6-OTf-Q",1,0.0004,"2c, Trifluoroborate",1,Pd(OAc)2,0.0625,AmPhos,0.125,CsF,2.5,MeCN,13.24785899779,2299888.75
3149,6-triflatequinoline,"1c, 6-OTf-Q",1,0.0004,"2c, Trifluoroborate",1,Pd(OAc)2,0.0625,P(Cy)3,0.125,CsF,2.5,MeCN,10.2227443502833,183897.71875
3150,6-triflatequinoline,"1c, 6-OTf-Q",1,0.0004,"2c, Trifluoroborate",1,Pd(OAc)2,0.0625,P(o-Tol)3,0.125,CsF,2.5,MeCN,13.25483498922,640022.0
3151,6-triflatequinoline,"1c, 6-OTf-Q",1,0.0004,"2c, Trifluoroborate",1,Pd(OAc)2,0.0625,CataCXium A,0.125,CsF,2.5,MeCN,14.2723870689527,962835.6875
3152,6-triflatequinoline,"1c, 6-OTf-Q",1,0.0004,"2c, Trifluoroborate",1,Pd(OAc)2,0.0625,SPhos,0.125,CsF,2.5,MeCN,11.9325542618328,587183.8125
3153,6-triflatequinoline,"1c, 6-OTf-Q",1,0.0004,"2c, Trifluoroborate",1,Pd(OAc)2,0.0625,dtbpf,0.125,CsF,2.5,MeCN,13.0226210099603,791283.1875
3154,6-triflatequinoline,"1c, 6-OTf-Q",1,0.0004,"2c, Trifluoroborate",1,Pd(OAc)2,0.0625,XPhos,0.125,CsF,2.5,MeCN,12.1894742651211,195752.828125
3155,6-triflatequinoline,"1c, 6-OTf-Q",1,0.0004,"2c, Trifluoroborate",1,Pd(OAc)2,0.0625,dppf,0.125,CsF,2.5,MeCN,16.0311583180556,749799.875
3156,6-triflatequinoline,"1c, 6-OTf-Q",1,0.0004,"2c, Trifluoroborate",1,Pd(OAc)2,0.0625,Xantphos,0.125,CsF,2.5,MeCN,12.8835501799019,119546.9609375
3157,6-triflatequinoline,"1c, 6-OTf-Q",1,0.0004,"2c, Trifluoroborate",1,Pd(OAc)2,0.0625,,,K3PO4,2.5,MeCN,11.9580296434501,375566.5
3158,6-triflatequinoline,"1c, 6-OTf-Q",1,0.0004,"2c, Trifluoroborate",1,Pd(OAc)2,0.0625,P(tBu)3,0.125,K3PO4,2.5,MeCN,11.1180313310752,687662.1875
3159,6-triflatequinoline,"1c, 6-OTf-Q",1,0.0004,"2c, Trifluoroborate",1,Pd(OAc)2,0.0625,P(Ph)3 ,0.125,K3PO4,2.5,MeCN,15.9475628558898,1159238.5
3160,6-triflatequinoline,"1c, 6-OTf-Q",1,0.0004,"2c, Trifluoroborate",1,Pd(OAc)2,0.0625,AmPhos,0.125,K3PO4,2.5,MeCN,13.5083055354462,2158973.25
3161,6-triflatequinoline,"1c, 6-OTf-Q",1,0.0004,"2c, Trifluoroborate",1,Pd(OAc)2,0.0625,P(Cy)3,0.125,K3PO4,2.5,MeCN,11.8936254506122,238886.6875
3162,6-triflatequinoline,"1c, 6-OTf-Q",1,0.0004,"2c, Trifluoroborate",1,Pd(OAc)2,0.0625,P(o-Tol)3,0.125,K3PO4,2.5,MeCN,13.5471822094147,917627.3125
3163,6-triflatequinoline,"1c, 6-OTf-Q",1,0.0004,"2c, Trifluoroborate",1,Pd(OAc)2,0.0625,CataCXium A,0.125,K3PO4,2.5,MeCN,13.5472462282795,712731.25
3164,6-triflatequinoline,"1c, 6-OTf-Q",1,0.0004,"2c, Trifluoroborate",1,Pd(OAc)2,0.0625,SPhos,0.125,K3PO4,2.5,MeCN,12.0542436465268,531670.3125
3165,6-triflatequinoline,"1c, 6-OTf-Q",1,0.0004,"2c, Trifluoroborate",1,Pd(OAc)2,0.0625,dtbpf,0.125,K3PO4,2.5,MeCN,12.4496115641737,1032334.25
3166,6-triflatequinoline,"1c, 6-OTf-Q",1,0.0004,"2c, Trifluoroborate",1,Pd(OAc)2,0.0625,XPhos,0.125,K3PO4,2.5,MeCN,13.520555856704,231965.671875
3167,6-triflatequinoline,"1c, 6-OTf-Q",1,0.0004,"2c, Trifluoroborate",1,Pd(OAc)2,0.0625,dppf,0.125,K3PO4,2.5,MeCN,17.6607161889171,799920.875
3168,6-triflatequinoline,"1c, 6-OTf-Q",1,0.0004,"2c, Trifluoroborate",1,Pd(OAc)2,0.0625,Xantphos,0.125,K3PO4,2.5,MeCN,11.1442526407221,65083.71875
3169,6-triflatequinoline,"1c, 6-OTf-Q",1,0.0004,"2c, Trifluoroborate",1,Pd(OAc)2,0.0625,,,,2.5,THF,24.9554862039997,1282826.5
3170,6-triflatequinoline,"1c, 6-OTf-Q",1,0.0004,"2c, Trifluoroborate",1,Pd(OAc)2,0.0625,P(tBu)3,0.125,,2.5,THF,14.002081864653,339246.90625
3171,6-triflatequinoline,"1c, 6-OTf-Q",1,0.0004,"2c, Trifluoroborate",1,Pd(OAc)2,0.0625,P(Ph)3 ,0.125,,2.5,THF,47.5932920393071,7612245.5
3172,6-triflatequinoline,"1c, 6-OTf-Q",1,0.0004,"2c, Trifluoroborate",1,Pd(OAc)2,0.0625,AmPhos,0.125,,2.5,THF,23.8625708490752,3619789.75
3173,6-triflatequinoline,"1c, 6-OTf-Q",1,0.0004,"2c, Trifluoroborate",1,Pd(OAc)2,0.0625,P(Cy)3,0.125,,2.5,THF,60.5647504659502,14982233.0
3174,6-triflatequinoline,"1c, 6-OTf-Q",1,0.0004,"2c, Trifluoroborate",1,Pd(OAc)2,0.0625,P(o-Tol)3,0.125,,2.5,THF,20.057249801141,1830291.0
3175,6-triflatequinoline,"1c, 6-OTf-Q",1,0.0004,"2c, Trifluoroborate",1,Pd(OAc)2,0.0625,CataCXium A,0.125,,2.5,THF,21.2785957602165,2355309.25
3176,6-triflatequinoline,"1c, 6-OTf-Q",1,0.0004,"2c, Trifluoroborate",1,Pd(OAc)2,0.0625,SPhos,0.125,,2.5,THF,24.0913953193732,6999209.5
3177,6-triflatequinoline,"1c, 6-OTf-Q",1,0.0004,"2c, Trifluoroborate",1,Pd(OAc)2,0.0625,dtbpf,0.125,,2.5,THF,35.8471337342164,7565810.0
3178,6-triflatequinoline,"1c, 6-OTf-Q",1,0.0004,"2c, Trifluoroborate",1,Pd(OAc)2,0.0625,XPhos,0.125,,2.5,THF,30.498473353789,8150250.0
3179,6-triflatequinoline,"1c, 6-OTf-Q",1,0.0004,"2c, Trifluoroborate",1,Pd(OAc)2,0.0625,dppf,0.125,,2.5,THF,69.7771142735587,12133860.0
3180,6-triflatequinoline,"1c, 6-OTf-Q",1,0.0004,"2c, Trifluoroborate",1,Pd(OAc)2,0.0625,Xantphos,0.125,,2.5,THF,16.8389113586287,561999.1875
3181,6-triflatequinoline,"1c, 6-OTf-Q",1,0.0004,"2c, Trifluoroborate",1,Pd(OAc)2,0.0625,,,NaOH,2.5,THF,19.8249609181152,2780086.75
3182,6-triflatequinoline,"1c, 6-OTf-Q",1,0.0004,"2c, Trifluoroborate",1,Pd(OAc)2,0.0625,P(tBu)3,0.125,NaOH,2.5,THF,21.0940130700656,820308.75
3183,6-triflatequinoline,"1c, 6-OTf-Q",1,0.0004,"2c, Trifluoroborate",1,Pd(OAc)2,0.0625,P(Ph)3 ,0.125,NaOH,2.5,THF,70.5488204564249,16732631.0
3184,6-triflatequinoline,"1c, 6-OTf-Q",1,0.0004,"2c, Trifluoroborate",1,Pd(OAc)2,0.0625,AmPhos,0.125,NaOH,2.5,THF,20.0578745072958,2010699.625
3185,6-triflatequinoline,"1c, 6-OTf-Q",1,0.0004,"2c, Trifluoroborate",1,Pd(OAc)2,0.0625,P(Cy)3,0.125,NaOH,2.5,THF,40.0135712199086,9731031.0
3186,6-triflatequinoline,"1c, 6-OTf-Q",1,0.0004,"2c, Trifluoroborate",1,Pd(OAc)2,0.0625,P(o-Tol)3,0.125,NaOH,2.5,THF,20.0322814801361,1615637.125
3187,6-triflatequinoline,"1c, 6-OTf-Q",1,0.0004,"2c, Trifluoroborate",1,Pd(OAc)2,0.0625,CataCXium A,0.125,NaOH,2.5,THF,23.2392445652335,3020051.75
3188,6-triflatequinoline,"1c, 6-OTf-Q",1,0.0004,"2c, Trifluoroborate",1,Pd(OAc)2,0.0625,SPhos,0.125,NaOH,2.5,THF,22.4048582422802,2429034.75
3189,6-triflatequinoline,"1c, 6-OTf-Q",1,0.0004,"2c, Trifluoroborate",1,Pd(OAc)2,0.0625,dtbpf,0.125,NaOH,2.5,THF,32.8375782925033,7909967.5
3190,6-triflatequinoline,"1c, 6-OTf-Q",1,0.0004,"2c, Trifluoroborate",1,Pd(OAc)2,0.0625,XPhos,0.125,NaOH,2.5,THF,30.0880746906032,6818281.5
3191,6-triflatequinoline,"1c, 6-OTf-Q",1,0.0004,"2c, Trifluoroborate",1,Pd(OAc)2,0.0625,dppf,0.125,NaOH,2.5,THF,29.3985213892106,1862902.875
3192,6-triflatequinoline,"1c, 6-OTf-Q",1,0.0004,"2c, Trifluoroborate",1,Pd(OAc)2,0.0625,Xantphos,0.125,NaOH,2.5,THF,17.2398359278094,393541.71875
3193,6-triflatequinoline,"1c, 6-OTf-Q",1,0.0004,"2c, Trifluoroborate",1,Pd(OAc)2,0.0625,,,KOH,2.5,THF,19.5869310875714,2104738.0
3194,6-triflatequinoline,"1c, 6-OTf-Q",1,0.0004,"2c, Trifluoroborate",1,Pd(OAc)2,0.0625,P(tBu)3,0.125,KOH,2.5,THF,14.4924331536993,397814.15625
3195,6-triflatequinoline,"1c, 6-OTf-Q",1,0.0004,"2c, Trifluoroborate",1,Pd(OAc)2,0.0625,P(Ph)3 ,0.125,KOH,2.5,THF,71.0899548475236,16260517.0
3196,6-triflatequinoline,"1c, 6-OTf-Q",1,0.0004,"2c, Trifluoroborate",1,Pd(OAc)2,0.0625,AmPhos,0.125,KOH,2.5,THF,12.5532536846128,1760781.75
3197,6-triflatequinoline,"1c, 6-OTf-Q",1,0.0004,"2c, Trifluoroborate",1,Pd(OAc)2,0.0625,P(Cy)3,0.125,KOH,2.5,THF,41.5714510032228,10784423.0
3198,6-triflatequinoline,"1c, 6-OTf-Q",1,0.0004,"2c, Trifluoroborate",1,Pd(OAc)2,0.0625,P(o-Tol)3,0.125,KOH,2.5,THF,17.5369378517119,1044269.25
3199,6-triflatequinoline,"1c, 6-OTf-Q",1,0.0004,"2c, Trifluoroborate",1,Pd(OAc)2,0.0625,CataCXium A,0.125,KOH,2.5,THF,17.4625403069894,559863.6875
3200,6-triflatequinoline,"1c, 6-OTf-Q",1,0.0004,"2c, Trifluoroborate",1,Pd(OAc)2,0.0625,SPhos,0.125,KOH,2.5,THF,16.5976071121009,1516811.25
3201,6-triflatequinoline,"1c, 6-OTf-Q",1,0.0004,"2c, Trifluoroborate",1,Pd(OAc)2,0.0625,dtbpf,0.125,KOH,2.5,THF,26.286627686377,2931026.25
3202,6-triflatequinoline,"1c, 6-OTf-Q",1,0.0004,"2c, Trifluoroborate",1,Pd(OAc)2,0.0625,XPhos,0.125,KOH,2.5,THF,18.4099755047024,2690132.25
3203,6-triflatequinoline,"1c, 6-OTf-Q",1,0.0004,"2c, Trifluoroborate",1,Pd(OAc)2,0.0625,dppf,0.125,KOH,2.5,THF,25.9188737218202,3075508.5
3204,6-triflatequinoline,"1c, 6-OTf-Q",1,0.0004,"2c, Trifluoroborate",1,Pd(OAc)2,0.0625,Xantphos,0.125,KOH,2.5,THF,12.7250206566696,632710.375
3205,6-triflatequinoline,"1c, 6-OTf-Q",1,0.0004,"2c, Trifluoroborate",1,Pd(OAc)2,0.0625,,,LiOtBu,2.5,THF,19.5931040205759,2669987.25
3206,6-triflatequinoline,"1c, 6-OTf-Q",1,0.0004,"2c, Trifluoroborate",1,Pd(OAc)2,0.0625,P(tBu)3,0.125,LiOtBu,2.5,THF,13.0291408114708,459927.9375
3207,6-triflatequinoline,"1c, 6-OTf-Q",1,0.0004,"2c, Trifluoroborate",1,Pd(OAc)2,0.0625,P(Ph)3 ,0.125,LiOtBu,2.5,THF,60.4681785931212,11869890.0
3208,6-triflatequinoline,"1c, 6-OTf-Q",1,0.0004,"2c, Trifluoroborate",1,Pd(OAc)2,0.0625,AmPhos,0.125,LiOtBu,2.5,THF,12.1985652582072,888735.75
3209,6-triflatequinoline,"1c, 6-OTf-Q",1,0.0004,"2c, Trifluoroborate",1,Pd(OAc)2,0.0625,P(Cy)3,0.125,LiOtBu,2.5,THF,23.1676351407463,4225311.0
3210,6-triflatequinoline,"1c, 6-OTf-Q",1,0.0004,"2c, Trifluoroborate",1,Pd(OAc)2,0.0625,P(o-Tol)3,0.125,LiOtBu,2.5,THF,14.5489435311789,1401743.625
3211,6-triflatequinoline,"1c, 6-OTf-Q",1,0.0004,"2c, Trifluoroborate",1,Pd(OAc)2,0.0625,CataCXium A,0.125,LiOtBu,2.5,THF,13.7487702335013,628508.625
3212,6-triflatequinoline,"1c, 6-OTf-Q",1,0.0004,"2c, Trifluoroborate",1,Pd(OAc)2,0.0625,SPhos,0.125,LiOtBu,2.5,THF,13.9619031882978,1722571.125
3213,6-triflatequinoline,"1c, 6-OTf-Q",1,0.0004,"2c, Trifluoroborate",1,Pd(OAc)2,0.0625,dtbpf,0.125,LiOtBu,2.5,THF,24.3631014788687,2004612.625
3214,6-triflatequinoline,"1c, 6-OTf-Q",1,0.0004,"2c, Trifluoroborate",1,Pd(OAc)2,0.0625,XPhos,0.125,LiOtBu,2.5,THF,15.2903976384162,2486904.0
3215,6-triflatequinoline,"1c, 6-OTf-Q",1,0.0004,"2c, Trifluoroborate",1,Pd(OAc)2,0.0625,dppf,0.125,LiOtBu,2.5,THF,16.4542626923428,161815.71875
3216,6-triflatequinoline,"1c, 6-OTf-Q",1,0.0004,"2c, Trifluoroborate",1,Pd(OAc)2,0.0625,Xantphos,0.125,LiOtBu,2.5,THF,12.2316858036963,725516.875
3217,6-triflatequinoline,"1c, 6-OTf-Q",1,0.0004,"2c, Trifluoroborate",1,Pd(OAc)2,0.0625,,,NaHCO3,2.5,THF,15.2930413270299,743205.25
3218,6-triflatequinoline,"1c, 6-OTf-Q",1,0.0004,"2c, Trifluoroborate",1,Pd(OAc)2,0.0625,P(tBu)3,0.125,NaHCO3,2.5,THF,16.4526753610067,518359.6875
3219,6-triflatequinoline,"1c, 6-OTf-Q",1,0.0004,"2c, Trifluoroborate",1,Pd(OAc)2,0.0625,P(Ph)3 ,0.125,NaHCO3,2.5,THF,53.5380199567919,10276525.0
3220,6-triflatequinoline,"1c, 6-OTf-Q",1,0.0004,"2c, Trifluoroborate",1,Pd(OAc)2,0.0625,AmPhos,0.125,NaHCO3,2.5,THF,15.5892273464859,1701617.375
3221,6-triflatequinoline,"1c, 6-OTf-Q",1,0.0004,"2c, Trifluoroborate",1,Pd(OAc)2,0.0625,P(Cy)3,0.125,NaHCO3,2.5,THF,44.3243261268643,8892188.0
3222,6-triflatequinoline,"1c, 6-OTf-Q",1,0.0004,"2c, Trifluoroborate",1,Pd(OAc)2,0.0625,P(o-Tol)3,0.125,NaHCO3,2.5,THF,15.2149277004721,1451540.375
3223,6-triflatequinoline,"1c, 6-OTf-Q",1,0.0004,"2c, Trifluoroborate",1,Pd(OAc)2,0.0625,CataCXium A,0.125,NaHCO3,2.5,THF,24.9612783155452,2054202.875
3224,6-triflatequinoline,"1c, 6-OTf-Q",1,0.0004,"2c, Trifluoroborate",1,Pd(OAc)2,0.0625,SPhos,0.125,NaHCO3,2.5,THF,15.4145394024866,1552451.375
3225,6-triflatequinoline,"1c, 6-OTf-Q",1,0.0004,"2c, Trifluoroborate",1,Pd(OAc)2,0.0625,dtbpf,0.125,NaHCO3,2.5,THF,26.7960316790787,2840793.5
3226,6-triflatequinoline,"1c, 6-OTf-Q",1,0.0004,"2c, Trifluoroborate",1,Pd(OAc)2,0.0625,XPhos,0.125,NaHCO3,2.5,THF,19.4683756860681,2801201.5
3227,6-triflatequinoline,"1c, 6-OTf-Q",1,0.0004,"2c, Trifluoroborate",1,Pd(OAc)2,0.0625,dppf,0.125,NaHCO3,2.5,THF,75.7031991925831,14548684.0
3228,6-triflatequinoline,"1c, 6-OTf-Q",1,0.0004,"2c, Trifluoroborate",1,Pd(OAc)2,0.0625,Xantphos,0.125,NaHCO3,2.5,THF,13.9163598836222,688734.6875
3229,6-triflatequinoline,"1c, 6-OTf-Q",1,0.0004,"2c, Trifluoroborate",1,Pd(OAc)2,0.0625,,,Et3N,2.5,THF,17.1021248390777,1756646.0
3230,6-triflatequinoline,"1c, 6-OTf-Q",1,0.0004,"2c, Trifluoroborate",1,Pd(OAc)2,0.0625,P(tBu)3,0.125,Et3N,2.5,THF,15.9984558083709,534420.8125
3231,6-triflatequinoline,"1c, 6-OTf-Q",1,0.0004,"2c, Trifluoroborate",1,Pd(OAc)2,0.0625,P(Ph)3 ,0.125,Et3N,2.5,THF,44.2487982595684,10142075.0
3232,6-triflatequinoline,"1c, 6-OTf-Q",1,0.0004,"2c, Trifluoroborate",1,Pd(OAc)2,0.0625,AmPhos,0.125,Et3N,2.5,THF,19.0891241836576,3239589.75
3233,6-triflatequinoline,"1c, 6-OTf-Q",1,0.0004,"2c, Trifluoroborate",1,Pd(OAc)2,0.0625,P(Cy)3,0.125,Et3N,2.5,THF,61.1428273344365,12674671.0
3234,6-triflatequinoline,"1c, 6-OTf-Q",1,0.0004,"2c, Trifluoroborate",1,Pd(OAc)2,0.0625,P(o-Tol)3,0.125,Et3N,2.5,THF,16.173364764184,1497483.25
3235,6-triflatequinoline,"1c, 6-OTf-Q",1,0.0004,"2c, Trifluoroborate",1,Pd(OAc)2,0.0625,CataCXium A,0.125,Et3N,2.5,THF,23.7397722535834,3343517.5
3236,6-triflatequinoline,"1c, 6-OTf-Q",1,0.0004,"2c, Trifluoroborate",1,Pd(OAc)2,0.0625,SPhos,0.125,Et3N,2.5,THF,23.2805123259458,5972591.0
3237,6-triflatequinoline,"1c, 6-OTf-Q",1,0.0004,"2c, Trifluoroborate",1,Pd(OAc)2,0.0625,dtbpf,0.125,Et3N,2.5,THF,32.7201930900508,5369644.5
3238,6-triflatequinoline,"1c, 6-OTf-Q",1,0.0004,"2c, Trifluoroborate",1,Pd(OAc)2,0.0625,XPhos,0.125,Et3N,2.5,THF,21.0153415777165,4146898.5
3239,6-triflatequinoline,"1c, 6-OTf-Q",1,0.0004,"2c, Trifluoroborate",1,Pd(OAc)2,0.0625,dppf,0.125,Et3N,2.5,THF,62.8632604103496,11320647.0
3240,6-triflatequinoline,"1c, 6-OTf-Q",1,0.0004,"2c, Trifluoroborate",1,Pd(OAc)2,0.0625,Xantphos,0.125,Et3N,2.5,THF,14.9377364206417,763858.6875
3241,6-triflatequinoline,"1c, 6-OTf-Q",1,0.0004,"2c, Trifluoroborate",1,Pd(OAc)2,0.0625,,,CsF,2.5,THF,17.2256020366738,2898043.5
3242,6-triflatequinoline,"1c, 6-OTf-Q",1,0.0004,"2c, Trifluoroborate",1,Pd(OAc)2,0.0625,P(tBu)3,0.125,CsF,2.5,THF,17.3863156318529,502803.9375
3243,6-triflatequinoline,"1c, 6-OTf-Q",1,0.0004,"2c, Trifluoroborate",1,Pd(OAc)2,0.0625,P(Ph)3 ,0.125,CsF,2.5,THF,43.1343374789686,9490810.00000001
3244,6-triflatequinoline,"1c, 6-OTf-Q",1,0.0004,"2c, Trifluoroborate",1,Pd(OAc)2,0.0625,AmPhos,0.125,CsF,2.5,THF,19.0715767020015,2723365.0
3245,6-triflatequinoline,"1c, 6-OTf-Q",1,0.0004,"2c, Trifluoroborate",1,Pd(OAc)2,0.0625,P(Cy)3,0.125,CsF,2.5,THF,84.6404458728798,19188142.0
3246,6-triflatequinoline,"1c, 6-OTf-Q",1,0.0004,"2c, Trifluoroborate",1,Pd(OAc)2,0.0625,P(o-Tol)3,0.125,CsF,2.5,THF,18.3648379644691,1711576.875
3247,6-triflatequinoline,"1c, 6-OTf-Q",1,0.0004,"2c, Trifluoroborate",1,Pd(OAc)2,0.0625,CataCXium A,0.125,CsF,2.5,THF,29.1162125068673,2671944.75
3248,6-triflatequinoline,"1c, 6-OTf-Q",1,0.0004,"2c, Trifluoroborate",1,Pd(OAc)2,0.0625,SPhos,0.125,CsF,2.5,THF,18.2730032417943,3796572.75
3249,6-triflatequinoline,"1c, 6-OTf-Q",1,0.0004,"2c, Trifluoroborate",1,Pd(OAc)2,0.0625,dtbpf,0.125,CsF,2.5,THF,35.7445045713785,7984152.0
3250,6-triflatequinoline,"1c, 6-OTf-Q",1,0.0004,"2c, Trifluoroborate",1,Pd(OAc)2,0.0625,XPhos,0.125,CsF,2.5,THF,35.3915640277623,8751633.0
3251,6-triflatequinoline,"1c, 6-OTf-Q",1,0.0004,"2c, Trifluoroborate",1,Pd(OAc)2,0.0625,dppf,0.125,CsF,2.5,THF,62.7090313204027,9460699.0
3252,6-triflatequinoline,"1c, 6-OTf-Q",1,0.0004,"2c, Trifluoroborate",1,Pd(OAc)2,0.0625,Xantphos,0.125,CsF,2.5,THF,13.4512020553384,578897.25
3253,6-triflatequinoline,"1c, 6-OTf-Q",1,0.0004,"2c, Trifluoroborate",1,Pd(OAc)2,0.0625,,,K3PO4,2.5,THF,29.5560779294257,4306906.5
3254,6-triflatequinoline,"1c, 6-OTf-Q",1,0.0004,"2c, Trifluoroborate",1,Pd(OAc)2,0.0625,P(tBu)3,0.125,K3PO4,2.5,THF,20.983005182969,668055.1875
3255,6-triflatequinoline,"1c, 6-OTf-Q",1,0.0004,"2c, Trifluoroborate",1,Pd(OAc)2,0.0625,P(Ph)3 ,0.125,K3PO4,2.5,THF,42.26155119154,10768531.0
3256,6-triflatequinoline,"1c, 6-OTf-Q",1,0.0004,"2c, Trifluoroborate",1,Pd(OAc)2,0.0625,AmPhos,0.125,K3PO4,2.5,THF,18.0599954124354,3574963.0
3257,6-triflatequinoline,"1c, 6-OTf-Q",1,0.0004,"2c, Trifluoroborate",1,Pd(OAc)2,0.0625,P(Cy)3,0.125,K3PO4,2.5,THF,71.9583494589114,17371626.0
3258,6-triflatequinoline,"1c, 6-OTf-Q",1,0.0004,"2c, Trifluoroborate",1,Pd(OAc)2,0.0625,P(o-Tol)3,0.125,K3PO4,2.5,THF,16.8493832225944,2660460.25
3259,6-triflatequinoline,"1c, 6-OTf-Q",1,0.0004,"2c, Trifluoroborate",1,Pd(OAc)2,0.0625,CataCXium A,0.125,K3PO4,2.5,THF,30.4782642931376,5469565.0
3260,6-triflatequinoline,"1c, 6-OTf-Q",1,0.0004,"2c, Trifluoroborate",1,Pd(OAc)2,0.0625,SPhos,0.125,K3PO4,2.5,THF,24.6953946753198,4782992.5
3261,6-triflatequinoline,"1c, 6-OTf-Q",1,0.0004,"2c, Trifluoroborate",1,Pd(OAc)2,0.0625,dtbpf,0.125,K3PO4,2.5,THF,32.0271474984895,6342952.0
3262,6-triflatequinoline,"1c, 6-OTf-Q",1,0.0004,"2c, Trifluoroborate",1,Pd(OAc)2,0.0625,XPhos,0.125,K3PO4,2.5,THF,32.0663494954603,8386388.5
3263,6-triflatequinoline,"1c, 6-OTf-Q",1,0.0004,"2c, Trifluoroborate",1,Pd(OAc)2,0.0625,dppf,0.125,K3PO4,2.5,THF,74.6494969270156,14048064.0
3264,6-triflatequinoline,"1c, 6-OTf-Q",1,0.0004,"2c, Trifluoroborate",1,Pd(OAc)2,0.0625,Xantphos,0.125,K3PO4,2.5,THF,13.2711808023002,704306.0
3265,6-triflatequinoline,"1c, 6-OTf-Q",1,0.0004,"2c, Trifluoroborate",1,Pd(OAc)2,0.0625,,,,2.5,DMF,16.3092805790633,52484.7734375
3266,6-triflatequinoline,"1c, 6-OTf-Q",1,0.0004,"2c, Trifluoroborate",1,Pd(OAc)2,0.0625,P(tBu)3,0.125,,2.5,DMF,11.2857832615135,207518.21875
3267,6-triflatequinoline,"1c, 6-OTf-Q",1,0.0004,"2c, Trifluoroborate",1,Pd(OAc)2,0.0625,P(Ph)3 ,0.125,,2.5,DMF,15.1372759585714,755833.25
3268,6-triflatequinoline,"1c, 6-OTf-Q",1,0.0004,"2c, Trifluoroborate",1,Pd(OAc)2,0.0625,AmPhos,0.125,,2.5,DMF,10.5338934349014,444812.96875
3269,6-triflatequinoline,"1c, 6-OTf-Q",1,0.0004,"2c, Trifluoroborate",1,Pd(OAc)2,0.0625,P(Cy)3,0.125,,2.5,DMF,11.9785920882898,173021.578125
3270,6-triflatequinoline,"1c, 6-OTf-Q",1,0.0004,"2c, Trifluoroborate",1,Pd(OAc)2,0.0625,P(o-Tol)3,0.125,,2.5,DMF,12.0993094958254,700686.5
3271,6-triflatequinoline,"1c, 6-OTf-Q",1,0.0004,"2c, Trifluoroborate",1,Pd(OAc)2,0.0625,CataCXium A,0.125,,2.5,DMF,12.0477516445614,213165.625
3272,6-triflatequinoline,"1c, 6-OTf-Q",1,0.0004,"2c, Trifluoroborate",1,Pd(OAc)2,0.0625,SPhos,0.125,,2.5,DMF,12.2117178735198,259159.484375
3273,6-triflatequinoline,"1c, 6-OTf-Q",1,0.0004,"2c, Trifluoroborate",1,Pd(OAc)2,0.0625,dtbpf,0.125,,2.5,DMF,16.1846293097072,522593.0625
3274,6-triflatequinoline,"1c, 6-OTf-Q",1,0.0004,"2c, Trifluoroborate",1,Pd(OAc)2,0.0625,XPhos,0.125,,2.5,DMF,14.923585948678,78142.1953125
3275,6-triflatequinoline,"1c, 6-OTf-Q",1,0.0004,"2c, Trifluoroborate",1,Pd(OAc)2,0.0625,dppf,0.125,,2.5,DMF,22.9104949880054,133837.34375
3276,6-triflatequinoline,"1c, 6-OTf-Q",1,0.0004,"2c, Trifluoroborate",1,Pd(OAc)2,0.0625,Xantphos,0.125,,2.5,DMF,19.1463589152089,62210.96484375
3277,6-triflatequinoline,"1c, 6-OTf-Q",1,0.0004,"2c, Trifluoroborate",1,Pd(OAc)2,0.0625,,,NaOH,2.5,DMF,20.6184619395423,66098.4609375
3278,6-triflatequinoline,"1c, 6-OTf-Q",1,0.0004,"2c, Trifluoroborate",1,Pd(OAc)2,0.0625,P(tBu)3,0.125,NaOH,2.5,DMF,18.7754489678554,103705.4765625
3279,6-triflatequinoline,"1c, 6-OTf-Q",1,0.0004,"2c, Trifluoroborate",1,Pd(OAc)2,0.0625,P(Ph)3 ,0.125,NaOH,2.5,DMF,19.4799693510119,260763.90625
3280,6-triflatequinoline,"1c, 6-OTf-Q",1,0.0004,"2c, Trifluoroborate",1,Pd(OAc)2,0.0625,AmPhos,0.125,NaOH,2.5,DMF,17.7875454059063,145612.25
3281,6-triflatequinoline,"1c, 6-OTf-Q",1,0.0004,"2c, Trifluoroborate",1,Pd(OAc)2,0.0625,P(Cy)3,0.125,NaOH,2.5,DMF,19.4959973250796,119955.0234375
3282,6-triflatequinoline,"1c, 6-OTf-Q",1,0.0004,"2c, Trifluoroborate",1,Pd(OAc)2,0.0625,P(o-Tol)3,0.125,NaOH,2.5,DMF,17.9618083730067,105914.03125
3283,6-triflatequinoline,"1c, 6-OTf-Q",1,0.0004,"2c, Trifluoroborate",1,Pd(OAc)2,0.0625,CataCXium A,0.125,NaOH,2.5,DMF,18.4066392595125,85394.4921875
3284,6-triflatequinoline,"1c, 6-OTf-Q",1,0.0004,"2c, Trifluoroborate",1,Pd(OAc)2,0.0625,SPhos,0.125,NaOH,2.5,DMF,17.8207228377336,70897.9140625
3285,6-triflatequinoline,"1c, 6-OTf-Q",1,0.0004,"2c, Trifluoroborate",1,Pd(OAc)2,0.0625,dtbpf,0.125,NaOH,2.5,DMF,23.7261671520116,121644.8203125
3286,6-triflatequinoline,"1c, 6-OTf-Q",1,0.0004,"2c, Trifluoroborate",1,Pd(OAc)2,0.0625,XPhos,0.125,NaOH,2.5,DMF,20.8382105453213,73193.859375
3287,6-triflatequinoline,"1c, 6-OTf-Q",1,0.0004,"2c, Trifluoroborate",1,Pd(OAc)2,0.0625,dppf,0.125,NaOH,2.5,DMF,19.9426963541867,34462.4921875
3288,6-triflatequinoline,"1c, 6-OTf-Q",1,0.0004,"2c, Trifluoroborate",1,Pd(OAc)2,0.0625,Xantphos,0.125,NaOH,2.5,DMF,17.2618977237444,63816.984375
3289,6-triflatequinoline,"1c, 6-OTf-Q",1,0.0004,"2c, Trifluoroborate",1,Pd(OAc)2,0.0625,,,KOH,2.5,DMF,12.1633085563089,55162.00390625
3290,6-triflatequinoline,"1c, 6-OTf-Q",1,0.0004,"2c, Trifluoroborate",1,Pd(OAc)2,0.0625,P(tBu)3,0.125,KOH,2.5,DMF,18.271032644894,88422.25
3291,6-triflatequinoline,"1c, 6-OTf-Q",1,0.0004,"2c, Trifluoroborate",1,Pd(OAc)2,0.0625,P(Ph)3 ,0.125,KOH,2.5,DMF,11.7749739436103,185320.90625
3292,6-triflatequinoline,"1c, 6-OTf-Q",1,0.0004,"2c, Trifluoroborate",1,Pd(OAc)2,0.0625,AmPhos,0.125,KOH,2.5,DMF,11.4304569443028,163013.4375
3293,6-triflatequinoline,"1c, 6-OTf-Q",1,0.0004,"2c, Trifluoroborate",1,Pd(OAc)2,0.0625,P(Cy)3,0.125,KOH,2.5,DMF,14.019704831261,376664.59375
3294,6-triflatequinoline,"1c, 6-OTf-Q",1,0.0004,"2c, Trifluoroborate",1,Pd(OAc)2,0.0625,P(o-Tol)3,0.125,KOH,2.5,DMF,11.7386465958028,117513.1875
3295,6-triflatequinoline,"1c, 6-OTf-Q",1,0.0004,"2c, Trifluoroborate",1,Pd(OAc)2,0.0625,CataCXium A,0.125,KOH,2.5,DMF,12.1963505729516,46816.61328125
3296,6-triflatequinoline,"1c, 6-OTf-Q",1,0.0004,"2c, Trifluoroborate",1,Pd(OAc)2,0.0625,SPhos,0.125,KOH,2.5,DMF,11.9378216952845,84855.1484375
3297,6-triflatequinoline,"1c, 6-OTf-Q",1,0.0004,"2c, Trifluoroborate",1,Pd(OAc)2,0.0625,dtbpf,0.125,KOH,2.5,DMF,13.7822083654791,99639.421875
3298,6-triflatequinoline,"1c, 6-OTf-Q",1,0.0004,"2c, Trifluoroborate",1,Pd(OAc)2,0.0625,XPhos,0.125,KOH,2.5,DMF,23.3747434067799,44439.65234375
3299,6-triflatequinoline,"1c, 6-OTf-Q",1,0.0004,"2c, Trifluoroborate",1,Pd(OAc)2,0.0625,dppf,0.125,KOH,2.5,DMF,17.004512908215,34314.83203125
3300,6-triflatequinoline,"1c, 6-OTf-Q",1,0.0004,"2c, Trifluoroborate",1,Pd(OAc)2,0.0625,Xantphos,0.125,KOH,2.5,DMF,12.8004588689694,498438.375
3301,6-triflatequinoline,"1c, 6-OTf-Q",1,0.0004,"2c, Trifluoroborate",1,Pd(OAc)2,0.0625,,,LiOtBu,2.5,DMF,14.718328972451,60607.3671875
3302,6-triflatequinoline,"1c, 6-OTf-Q",1,0.0004,"2c, Trifluoroborate",1,Pd(OAc)2,0.0625,P(tBu)3,0.125,LiOtBu,2.5,DMF,12.3824430602611,67333.40625
3303,6-triflatequinoline,"1c, 6-OTf-Q",1,0.0004,"2c, Trifluoroborate",1,Pd(OAc)2,0.0625,P(Ph)3 ,0.125,LiOtBu,2.5,DMF,13.0977039213548,410423.0625
3304,6-triflatequinoline,"1c, 6-OTf-Q",1,0.0004,"2c, Trifluoroborate",1,Pd(OAc)2,0.0625,AmPhos,0.125,LiOtBu,2.5,DMF,10.4858120296492,95711.5390625
3305,6-triflatequinoline,"1c, 6-OTf-Q",1,0.0004,"2c, Trifluoroborate",1,Pd(OAc)2,0.0625,P(Cy)3,0.125,LiOtBu,2.5,DMF,11.4538628867978,45296.6015625
3306,6-triflatequinoline,"1c, 6-OTf-Q",1,0.0004,"2c, Trifluoroborate",1,Pd(OAc)2,0.0625,P(o-Tol)3,0.125,LiOtBu,2.5,DMF,11.4656459017803,60785.69140625
3307,6-triflatequinoline,"1c, 6-OTf-Q",1,0.0004,"2c, Trifluoroborate",1,Pd(OAc)2,0.0625,CataCXium A,0.125,LiOtBu,2.5,DMF,15.8833684447874,89927.7109375
3308,6-triflatequinoline,"1c, 6-OTf-Q",1,0.0004,"2c, Trifluoroborate",1,Pd(OAc)2,0.0625,SPhos,0.125,LiOtBu,2.5,DMF,11.1751592290316,60467.234375
3309,6-triflatequinoline,"1c, 6-OTf-Q",1,0.0004,"2c, Trifluoroborate",1,Pd(OAc)2,0.0625,dtbpf,0.125,LiOtBu,2.5,DMF,25.7142604663828,0.0
3310,6-triflatequinoline,"1c, 6-OTf-Q",1,0.0004,"2c, Trifluoroborate",1,Pd(OAc)2,0.0625,XPhos,0.125,LiOtBu,2.5,DMF,11.7187583850453,44385.0703125
3311,6-triflatequinoline,"1c, 6-OTf-Q",1,0.0004,"2c, Trifluoroborate",1,Pd(OAc)2,0.0625,dppf,0.125,LiOtBu,2.5,DMF,16.748110240482,213241.375
3312,6-triflatequinoline,"1c, 6-OTf-Q",1,0.0004,"2c, Trifluoroborate",1,Pd(OAc)2,0.0625,Xantphos,0.125,LiOtBu,2.5,DMF,12.907972317108,84640.5
3313,6-triflatequinoline,"1c, 6-OTf-Q",1,0.0004,"2c, Trifluoroborate",1,Pd(OAc)2,0.0625,,,NaHCO3,2.5,DMF,23.4445137241161,36696.28125
3314,6-triflatequinoline,"1c, 6-OTf-Q",1,0.0004,"2c, Trifluoroborate",1,Pd(OAc)2,0.0625,P(tBu)3,0.125,NaHCO3,2.5,DMF,11.7825525556778,197567.71875
3315,6-triflatequinoline,"1c, 6-OTf-Q",1,0.0004,"2c, Trifluoroborate",1,Pd(OAc)2,0.0625,P(Ph)3 ,0.125,NaHCO3,2.5,DMF,14.485147473463,196816.859375
3316,6-triflatequinoline,"1c, 6-OTf-Q",1,0.0004,"2c, Trifluoroborate",1,Pd(OAc)2,0.0625,AmPhos,0.125,NaHCO3,2.5,DMF,11.213000690492,143321.1875
3317,6-triflatequinoline,"1c, 6-OTf-Q",1,0.0004,"2c, Trifluoroborate",1,Pd(OAc)2,0.0625,P(Cy)3,0.125,NaHCO3,2.5,DMF,20.7748133896845,107962.265625
3318,6-triflatequinoline,"1c, 6-OTf-Q",1,0.0004,"2c, Trifluoroborate",1,Pd(OAc)2,0.0625,P(o-Tol)3,0.125,NaHCO3,2.5,DMF,12.1980145262394,90793.84375
3319,6-triflatequinoline,"1c, 6-OTf-Q",1,0.0004,"2c, Trifluoroborate",1,Pd(OAc)2,0.0625,CataCXium A,0.125,NaHCO3,2.5,DMF,13.0360981000497,135485.53125
3320,6-triflatequinoline,"1c, 6-OTf-Q",1,0.0004,"2c, Trifluoroborate",1,Pd(OAc)2,0.0625,SPhos,0.125,NaHCO3,2.5,DMF,11.9010480099764,88343.0546875
3321,6-triflatequinoline,"1c, 6-OTf-Q",1,0.0004,"2c, Trifluoroborate",1,Pd(OAc)2,0.0625,dtbpf,0.125,NaHCO3,2.5,DMF,15.2347927569306,64063.60546875
3322,6-triflatequinoline,"1c, 6-OTf-Q",1,0.0004,"2c, Trifluoroborate",1,Pd(OAc)2,0.0625,XPhos,0.125,NaHCO3,2.5,DMF,14.7257636749002,120814.125
3323,6-triflatequinoline,"1c, 6-OTf-Q",1,0.0004,"2c, Trifluoroborate",1,Pd(OAc)2,0.0625,dppf,0.125,NaHCO3,2.5,DMF,18.0184980055971,95606.0
3324,6-triflatequinoline,"1c, 6-OTf-Q",1,0.0004,"2c, Trifluoroborate",1,Pd(OAc)2,0.0625,Xantphos,0.125,NaHCO3,2.5,DMF,13.2271976492137,63220.53515625
3325,6-triflatequinoline,"1c, 6-OTf-Q",1,0.0004,"2c, Trifluoroborate",1,Pd(OAc)2,0.0625,,,Et3N,2.5,DMF,32.4224859369742,33481.4765625
3326,6-triflatequinoline,"1c, 6-OTf-Q",1,0.0004,"2c, Trifluoroborate",1,Pd(OAc)2,0.0625,P(tBu)3,0.125,Et3N,2.5,DMF,28.7347562512332,80334.140625
3327,6-triflatequinoline,"1c, 6-OTf-Q",1,0.0004,"2c, Trifluoroborate",1,Pd(OAc)2,0.0625,P(Ph)3 ,0.125,Et3N,2.5,DMF,31.1659507499146,152449.96875
3328,6-triflatequinoline,"1c, 6-OTf-Q",1,0.0004,"2c, Trifluoroborate",1,Pd(OAc)2,0.0625,AmPhos,0.125,Et3N,2.5,DMF,11.4763793107893,273014.5625
3329,6-triflatequinoline,"1c, 6-OTf-Q",1,0.0004,"2c, Trifluoroborate",1,Pd(OAc)2,0.0625,P(Cy)3,0.125,Et3N,2.5,DMF,29.5413906635846,55034.19921875
3330,6-triflatequinoline,"1c, 6-OTf-Q",1,0.0004,"2c, Trifluoroborate",1,Pd(OAc)2,0.0625,P(o-Tol)3,0.125,Et3N,2.5,DMF,13.8816279494787,335074.6875
3331,6-triflatequinoline,"1c, 6-OTf-Q",1,0.0004,"2c, Trifluoroborate",1,Pd(OAc)2,0.0625,CataCXium A,0.125,Et3N,2.5,DMF,30.1781587136509,66946.8203125
3332,6-triflatequinoline,"1c, 6-OTf-Q",1,0.0004,"2c, Trifluoroborate",1,Pd(OAc)2,0.0625,SPhos,0.125,Et3N,2.5,DMF,12.9303514479421,97469.5390625
3333,6-triflatequinoline,"1c, 6-OTf-Q",1,0.0004,"2c, Trifluoroborate",1,Pd(OAc)2,0.0625,dtbpf,0.125,Et3N,2.5,DMF,16.4801757358596,100602.9453125
3334,6-triflatequinoline,"1c, 6-OTf-Q",1,0.0004,"2c, Trifluoroborate",1,Pd(OAc)2,0.0625,XPhos,0.125,Et3N,2.5,DMF,16.191901262884,85252.7734375
3335,6-triflatequinoline,"1c, 6-OTf-Q",1,0.0004,"2c, Trifluoroborate",1,Pd(OAc)2,0.0625,dppf,0.125,Et3N,2.5,DMF,20.1593924060191,170310.703125
3336,6-triflatequinoline,"1c, 6-OTf-Q",1,0.0004,"2c, Trifluoroborate",1,Pd(OAc)2,0.0625,Xantphos,0.125,Et3N,2.5,DMF,13.4218250331621,66054.6484375
3337,6-triflatequinoline,"1c, 6-OTf-Q",1,0.0004,"2c, Trifluoroborate",1,Pd(OAc)2,0.0625,,,CsF,2.5,DMF,36.9123529350052,94336.3203125
3338,6-triflatequinoline,"1c, 6-OTf-Q",1,0.0004,"2c, Trifluoroborate",1,Pd(OAc)2,0.0625,P(tBu)3,0.125,CsF,2.5,DMF,11.6677258671328,129276.078125
3339,6-triflatequinoline,"1c, 6-OTf-Q",1,0.0004,"2c, Trifluoroborate",1,Pd(OAc)2,0.0625,P(Ph)3 ,0.125,CsF,2.5,DMF,32.4849579686562,153888.140625
3340,6-triflatequinoline,"1c, 6-OTf-Q",1,0.0004,"2c, Trifluoroborate",1,Pd(OAc)2,0.0625,AmPhos,0.125,CsF,2.5,DMF,10.8816834898281,262319.71875
3341,6-triflatequinoline,"1c, 6-OTf-Q",1,0.0004,"2c, Trifluoroborate",1,Pd(OAc)2,0.0625,P(Cy)3,0.125,CsF,2.5,DMF,13.6480559030092,99146.7578125
3342,6-triflatequinoline,"1c, 6-OTf-Q",1,0.0004,"2c, Trifluoroborate",1,Pd(OAc)2,0.0625,P(o-Tol)3,0.125,CsF,2.5,DMF,12.8005515183376,223271.96875
3343,6-triflatequinoline,"1c, 6-OTf-Q",1,0.0004,"2c, Trifluoroborate",1,Pd(OAc)2,0.0625,CataCXium A,0.125,CsF,2.5,DMF,14.0470015401942,241115.640625
3344,6-triflatequinoline,"1c, 6-OTf-Q",1,0.0004,"2c, Trifluoroborate",1,Pd(OAc)2,0.0625,SPhos,0.125,CsF,2.5,DMF,12.5338684615432,145464.296875
3345,6-triflatequinoline,"1c, 6-OTf-Q",1,0.0004,"2c, Trifluoroborate",1,Pd(OAc)2,0.0625,dtbpf,0.125,CsF,2.5,DMF,34.9179073793248,67108.765625
3346,6-triflatequinoline,"1c, 6-OTf-Q",1,0.0004,"2c, Trifluoroborate",1,Pd(OAc)2,0.0625,XPhos,0.125,CsF,2.5,DMF,33.0919911483077,78088.875
3347,6-triflatequinoline,"1c, 6-OTf-Q",1,0.0004,"2c, Trifluoroborate",1,Pd(OAc)2,0.0625,dppf,0.125,CsF,2.5,DMF,17.2836310764969,295616.28125
3348,6-triflatequinoline,"1c, 6-OTf-Q",1,0.0004,"2c, Trifluoroborate",1,Pd(OAc)2,0.0625,Xantphos,0.125,CsF,2.5,DMF,12.8587415824765,103929.890625
3349,6-triflatequinoline,"1c, 6-OTf-Q",1,0.0004,"2c, Trifluoroborate",1,Pd(OAc)2,0.0625,,,K3PO4,2.5,DMF,12.897160865105,119631.1640625
3350,6-triflatequinoline,"1c, 6-OTf-Q",1,0.0004,"2c, Trifluoroborate",1,Pd(OAc)2,0.0625,P(tBu)3,0.125,K3PO4,2.5,DMF,11.8604916698108,139696.25
3351,6-triflatequinoline,"1c, 6-OTf-Q",1,0.0004,"2c, Trifluoroborate",1,Pd(OAc)2,0.0625,P(Ph)3 ,0.125,K3PO4,2.5,DMF,13.7023790133604,321964.4375
3352,6-triflatequinoline,"1c, 6-OTf-Q",1,0.0004,"2c, Trifluoroborate",1,Pd(OAc)2,0.0625,AmPhos,0.125,K3PO4,2.5,DMF,11.9345969640502,334099.15625
3353,6-triflatequinoline,"1c, 6-OTf-Q",1,0.0004,"2c, Trifluoroborate",1,Pd(OAc)2,0.0625,P(Cy)3,0.125,K3PO4,2.5,DMF,11.7905843376287,87200.3671875
3354,6-triflatequinoline,"1c, 6-OTf-Q",1,0.0004,"2c, Trifluoroborate",1,Pd(OAc)2,0.0625,P(o-Tol)3,0.125,K3PO4,2.5,DMF,25.4135862918583,83982.6328125
3355,6-triflatequinoline,"1c, 6-OTf-Q",1,0.0004,"2c, Trifluoroborate",1,Pd(OAc)2,0.0625,CataCXium A,0.125,K3PO4,2.5,DMF,33.1402302558114,59737.5
3356,6-triflatequinoline,"1c, 6-OTf-Q",1,0.0004,"2c, Trifluoroborate",1,Pd(OAc)2,0.0625,SPhos,0.125,K3PO4,2.5,DMF,12.9610193720666,109714.7421875
3357,6-triflatequinoline,"1c, 6-OTf-Q",1,0.0004,"2c, Trifluoroborate",1,Pd(OAc)2,0.0625,dtbpf,0.125,K3PO4,2.5,DMF,16.4853647722647,89183.1171875
3358,6-triflatequinoline,"1c, 6-OTf-Q",1,0.0004,"2c, Trifluoroborate",1,Pd(OAc)2,0.0625,XPhos,0.125,K3PO4,2.5,DMF,35.7829273680027,32389.5078125
3359,6-triflatequinoline,"1c, 6-OTf-Q",1,0.0004,"2c, Trifluoroborate",1,Pd(OAc)2,0.0625,dppf,0.125,K3PO4,2.5,DMF,43.6600285086756,41039.08984375
3360,6-triflatequinoline,"1c, 6-OTf-Q",1,0.0004,"2c, Trifluoroborate",1,Pd(OAc)2,0.0625,Xantphos,0.125,K3PO4,2.5,DMF,13.5224115695209,66872.6875
3361,6-triflatequinoline,"1c, 6-OTf-Q",1,0.0004,"2c, Trifluoroborate",1,Pd(OAc)2,0.0625,,,,2.5,MeOH,19.9935756468829,0.0
3362,6-triflatequinoline,"1c, 6-OTf-Q",1,0.0004,"2c, Trifluoroborate",1,Pd(OAc)2,0.0625,P(tBu)3,0.125,,2.5,MeOH,24.5657867963505,6192443.0
3363,6-triflatequinoline,"1c, 6-OTf-Q",1,0.0004,"2c, Trifluoroborate",1,Pd(OAc)2,0.0625,P(Ph)3 ,0.125,,2.5,MeOH,48.0834590546864,11601735.0
3364,6-triflatequinoline,"1c, 6-OTf-Q",1,0.0004,"2c, Trifluoroborate",1,Pd(OAc)2,0.0625,AmPhos,0.125,,2.5,MeOH,54.9935857533148,15230014.0
3365,6-triflatequinoline,"1c, 6-OTf-Q",1,0.0004,"2c, Trifluoroborate",1,Pd(OAc)2,0.0625,P(Cy)3,0.125,,2.5,MeOH,26.0951520401067,6518785.5
3366,6-triflatequinoline,"1c, 6-OTf-Q",1,0.0004,"2c, Trifluoroborate",1,Pd(OAc)2,0.0625,P(o-Tol)3,0.125,,2.5,MeOH,38.197917897583,9957023.00000001
3367,6-triflatequinoline,"1c, 6-OTf-Q",1,0.0004,"2c, Trifluoroborate",1,Pd(OAc)2,0.0625,CataCXium A,0.125,,2.5,MeOH,71.945649893486,15638682.0
3368,6-triflatequinoline,"1c, 6-OTf-Q",1,0.0004,"2c, Trifluoroborate",1,Pd(OAc)2,0.0625,SPhos,0.125,,2.5,MeOH,25.8923570243323,6703877.5
3369,6-triflatequinoline,"1c, 6-OTf-Q",1,0.0004,"2c, Trifluoroborate",1,Pd(OAc)2,0.0625,dtbpf,0.125,,2.5,MeOH,21.1556122680987,3217771.75
3370,6-triflatequinoline,"1c, 6-OTf-Q",1,0.0004,"2c, Trifluoroborate",1,Pd(OAc)2,0.0625,XPhos,0.125,,2.5,MeOH,27.6853289645105,5403098.5
3371,6-triflatequinoline,"1c, 6-OTf-Q",1,0.0004,"2c, Trifluoroborate",1,Pd(OAc)2,0.0625,dppf,0.125,,2.5,MeOH,28.3172580418119,4801608.0
3372,6-triflatequinoline,"1c, 6-OTf-Q",1,0.0004,"2c, Trifluoroborate",1,Pd(OAc)2,0.0625,Xantphos,0.125,,2.5,MeOH,14.6379906443844,929345.5625
3373,6-triflatequinoline,"1c, 6-OTf-Q",1,0.0004,"2c, Trifluoroborate",1,Pd(OAc)2,0.0625,,,NaOH,2.5,MeOH,43.6932180845099,9391256.0
3374,6-triflatequinoline,"1c, 6-OTf-Q",1,0.0004,"2c, Trifluoroborate",1,Pd(OAc)2,0.0625,P(tBu)3,0.125,NaOH,2.5,MeOH,23.7716075711478,5804549.0
3375,6-triflatequinoline,"1c, 6-OTf-Q",1,0.0004,"2c, Trifluoroborate",1,Pd(OAc)2,0.0625,P(Ph)3 ,0.125,NaOH,2.5,MeOH,72.5634351152034,16326479.0
3376,6-triflatequinoline,"1c, 6-OTf-Q",1,0.0004,"2c, Trifluoroborate",1,Pd(OAc)2,0.0625,AmPhos,0.125,NaOH,2.5,MeOH,39.1075542953166,9902390.0
3377,6-triflatequinoline,"1c, 6-OTf-Q",1,0.0004,"2c, Trifluoroborate",1,Pd(OAc)2,0.0625,P(Cy)3,0.125,NaOH,2.5,MeOH,61.5260085324535,14378329.0
3378,6-triflatequinoline,"1c, 6-OTf-Q",1,0.0004,"2c, Trifluoroborate",1,Pd(OAc)2,0.0625,P(o-Tol)3,0.125,NaOH,2.5,MeOH,35.6433689430426,8907001.0
3379,6-triflatequinoline,"1c, 6-OTf-Q",1,0.0004,"2c, Trifluoroborate",1,Pd(OAc)2,0.0625,CataCXium A,0.125,NaOH,2.5,MeOH,35.2712045363027,6439333.5
3380,6-triflatequinoline,"1c, 6-OTf-Q",1,0.0004,"2c, Trifluoroborate",1,Pd(OAc)2,0.0625,SPhos,0.125,NaOH,2.5,MeOH,47.0332195697094,11240668.0
3381,6-triflatequinoline,"1c, 6-OTf-Q",1,0.0004,"2c, Trifluoroborate",1,Pd(OAc)2,0.0625,dtbpf,0.125,NaOH,2.5,MeOH,39.1730346342093,6500163.5
3382,6-triflatequinoline,"1c, 6-OTf-Q",1,0.0004,"2c, Trifluoroborate",1,Pd(OAc)2,0.0625,XPhos,0.125,NaOH,2.5,MeOH,51.1744244009224,10677923.0
3383,6-triflatequinoline,"1c, 6-OTf-Q",1,0.0004,"2c, Trifluoroborate",1,Pd(OAc)2,0.0625,dppf,0.125,NaOH,2.5,MeOH,60.6823342257887,11128142.0
3384,6-triflatequinoline,"1c, 6-OTf-Q",1,0.0004,"2c, Trifluoroborate",1,Pd(OAc)2,0.0625,Xantphos,0.125,NaOH,2.5,MeOH,18.9618492130354,3273377.5
3385,6-triflatequinoline,"1c, 6-OTf-Q",1,0.0004,"2c, Trifluoroborate",1,Pd(OAc)2,0.0625,,,KOH,2.5,MeOH,43.881411396365,9263078.0
3386,6-triflatequinoline,"1c, 6-OTf-Q",1,0.0004,"2c, Trifluoroborate",1,Pd(OAc)2,0.0625,P(tBu)3,0.125,KOH,2.5,MeOH,20.755355279881,4572438.5
3387,6-triflatequinoline,"1c, 6-OTf-Q",1,0.0004,"2c, Trifluoroborate",1,Pd(OAc)2,0.0625,P(Ph)3 ,0.125,KOH,2.5,MeOH,73.5172855597278,16560959.0
3388,6-triflatequinoline,"1c, 6-OTf-Q",1,0.0004,"2c, Trifluoroborate",1,Pd(OAc)2,0.0625,AmPhos,0.125,KOH,2.5,MeOH,30.2209181780418,7497970.0
3389,6-triflatequinoline,"1c, 6-OTf-Q",1,0.0004,"2c, Trifluoroborate",1,Pd(OAc)2,0.0625,P(Cy)3,0.125,KOH,2.5,MeOH,49.1491585224786,11134760.0
3390,6-triflatequinoline,"1c, 6-OTf-Q",1,0.0004,"2c, Trifluoroborate",1,Pd(OAc)2,0.0625,P(o-Tol)3,0.125,KOH,2.5,MeOH,37.7236457267285,9991068.0
3391,6-triflatequinoline,"1c, 6-OTf-Q",1,0.0004,"2c, Trifluoroborate",1,Pd(OAc)2,0.0625,CataCXium A,0.125,KOH,2.5,MeOH,36.0519875321961,6639140.0
3392,6-triflatequinoline,"1c, 6-OTf-Q",1,0.0004,"2c, Trifluoroborate",1,Pd(OAc)2,0.0625,SPhos,0.125,KOH,2.5,MeOH,45.3801296707231,11397075.0
3393,6-triflatequinoline,"1c, 6-OTf-Q",1,0.0004,"2c, Trifluoroborate",1,Pd(OAc)2,0.0625,dtbpf,0.125,KOH,2.5,MeOH,34.6066728020279,5639326.0
3394,6-triflatequinoline,"1c, 6-OTf-Q",1,0.0004,"2c, Trifluoroborate",1,Pd(OAc)2,0.0625,XPhos,0.125,KOH,2.5,MeOH,47.3777024240727,10061720.0
3395,6-triflatequinoline,"1c, 6-OTf-Q",1,0.0004,"2c, Trifluoroborate",1,Pd(OAc)2,0.0625,dppf,0.125,KOH,2.5,MeOH,61.3352768812904,11813812.0
3396,6-triflatequinoline,"1c, 6-OTf-Q",1,0.0004,"2c, Trifluoroborate",1,Pd(OAc)2,0.0625,Xantphos,0.125,KOH,2.5,MeOH,20.3384528541815,3809752.0
3397,6-triflatequinoline,"1c, 6-OTf-Q",1,0.0004,"2c, Trifluoroborate",1,Pd(OAc)2,0.0625,,,LiOtBu,2.5,MeOH,46.0686127404338,10875223.0
3398,6-triflatequinoline,"1c, 6-OTf-Q",1,0.0004,"2c, Trifluoroborate",1,Pd(OAc)2,0.0625,P(tBu)3,0.125,LiOtBu,2.5,MeOH,20.8482959813437,3479252.0
3399,6-triflatequinoline,"1c, 6-OTf-Q",1,0.0004,"2c, Trifluoroborate",1,Pd(OAc)2,0.0625,P(Ph)3 ,0.125,LiOtBu,2.5,MeOH,74.4115583247324,16201347.0
3400,6-triflatequinoline,"1c, 6-OTf-Q",1,0.0004,"2c, Trifluoroborate",1,Pd(OAc)2,0.0625,AmPhos,0.125,LiOtBu,2.5,MeOH,25.4927639691642,6816924.0
3401,6-triflatequinoline,"1c, 6-OTf-Q",1,0.0004,"2c, Trifluoroborate",1,Pd(OAc)2,0.0625,P(Cy)3,0.125,LiOtBu,2.5,MeOH,47.9197337735284,11257685.0
3402,6-triflatequinoline,"1c, 6-OTf-Q",1,0.0004,"2c, Trifluoroborate",1,Pd(OAc)2,0.0625,P(o-Tol)3,0.125,LiOtBu,2.5,MeOH,31.7840312964973,8324766.5
3403,6-triflatequinoline,"1c, 6-OTf-Q",1,0.0004,"2c, Trifluoroborate",1,Pd(OAc)2,0.0625,CataCXium A,0.125,LiOtBu,2.5,MeOH,29.2140612239258,5023217.0
3404,6-triflatequinoline,"1c, 6-OTf-Q",1,0.0004,"2c, Trifluoroborate",1,Pd(OAc)2,0.0625,SPhos,0.125,LiOtBu,2.5,MeOH,50.6894771681975,12189831.0
3405,6-triflatequinoline,"1c, 6-OTf-Q",1,0.0004,"2c, Trifluoroborate",1,Pd(OAc)2,0.0625,dtbpf,0.125,LiOtBu,2.5,MeOH,32.7250221410801,4867930.5
3406,6-triflatequinoline,"1c, 6-OTf-Q",1,0.0004,"2c, Trifluoroborate",1,Pd(OAc)2,0.0625,XPhos,0.125,LiOtBu,2.5,MeOH,43.2173263787572,9587194.0
3407,6-triflatequinoline,"1c, 6-OTf-Q",1,0.0004,"2c, Trifluoroborate",1,Pd(OAc)2,0.0625,dppf,0.125,LiOtBu,2.5,MeOH,59.0579431186908,11291736.0
3408,6-triflatequinoline,"1c, 6-OTf-Q",1,0.0004,"2c, Trifluoroborate",1,Pd(OAc)2,0.0625,Xantphos,0.125,LiOtBu,2.5,MeOH,21.7453080091762,4776282.5
3409,6-triflatequinoline,"1c, 6-OTf-Q",1,0.0004,"2c, Trifluoroborate",1,Pd(OAc)2,0.0625,,,NaHCO3,2.5,MeOH,40.2152246179884,9261571.0
3410,6-triflatequinoline,"1c, 6-OTf-Q",1,0.0004,"2c, Trifluoroborate",1,Pd(OAc)2,0.0625,P(tBu)3,0.125,NaHCO3,2.5,MeOH,21.3223108335775,3699805.75
3411,6-triflatequinoline,"1c, 6-OTf-Q",1,0.0004,"2c, Trifluoroborate",1,Pd(OAc)2,0.0625,P(Ph)3 ,0.125,NaHCO3,2.5,MeOH,83.6605274417068,19674762.0
3412,6-triflatequinoline,"1c, 6-OTf-Q",1,0.0004,"2c, Trifluoroborate",1,Pd(OAc)2,0.0625,AmPhos,0.125,NaHCO3,2.5,MeOH,36.8170703978088,8752160.0
3413,6-triflatequinoline,"1c, 6-OTf-Q",1,0.0004,"2c, Trifluoroborate",1,Pd(OAc)2,0.0625,P(Cy)3,0.125,NaHCO3,2.5,MeOH,63.0475459489068,13704613.0
3414,6-triflatequinoline,"1c, 6-OTf-Q",1,0.0004,"2c, Trifluoroborate",1,Pd(OAc)2,0.0625,P(o-Tol)3,0.125,NaHCO3,2.5,MeOH,37.0532937563623,8658535.0
3415,6-triflatequinoline,"1c, 6-OTf-Q",1,0.0004,"2c, Trifluoroborate",1,Pd(OAc)2,0.0625,CataCXium A,0.125,NaHCO3,2.5,MeOH,40.7782361962649,7677784.0
3416,6-triflatequinoline,"1c, 6-OTf-Q",1,0.0004,"2c, Trifluoroborate",1,Pd(OAc)2,0.0625,SPhos,0.125,NaHCO3,2.5,MeOH,53.2753387957894,13327422.0
3417,6-triflatequinoline,"1c, 6-OTf-Q",1,0.0004,"2c, Trifluoroborate",1,Pd(OAc)2,0.0625,dtbpf,0.125,NaHCO3,2.5,MeOH,15.8552079794361,4011399.75
3418,6-triflatequinoline,"1c, 6-OTf-Q",1,0.0004,"2c, Trifluoroborate",1,Pd(OAc)2,0.0625,XPhos,0.125,NaHCO3,2.5,MeOH,46.272784431897,8917569.0
3419,6-triflatequinoline,"1c, 6-OTf-Q",1,0.0004,"2c, Trifluoroborate",1,Pd(OAc)2,0.0625,dppf,0.125,NaHCO3,2.5,MeOH,50.4156901344273,9905243.0
3420,6-triflatequinoline,"1c, 6-OTf-Q",1,0.0004,"2c, Trifluoroborate",1,Pd(OAc)2,0.0625,Xantphos,0.125,NaHCO3,2.5,MeOH,21.5749993374428,4867696.5
3421,6-triflatequinoline,"1c, 6-OTf-Q",1,0.0004,"2c, Trifluoroborate",1,Pd(OAc)2,0.0625,,,Et3N,2.5,MeOH,37.2376986279346,8596270.0
3422,6-triflatequinoline,"1c, 6-OTf-Q",1,0.0004,"2c, Trifluoroborate",1,Pd(OAc)2,0.0625,P(tBu)3,0.125,Et3N,2.5,MeOH,18.2891137348556,3004143.25
3423,6-triflatequinoline,"1c, 6-OTf-Q",1,0.0004,"2c, Trifluoroborate",1,Pd(OAc)2,0.0625,P(Ph)3 ,0.125,Et3N,2.5,MeOH,71.3114005882294,16358892.0
3424,6-triflatequinoline,"1c, 6-OTf-Q",1,0.0004,"2c, Trifluoroborate",1,Pd(OAc)2,0.0625,AmPhos,0.125,Et3N,2.5,MeOH,31.0094996993573,8136806.0
3425,6-triflatequinoline,"1c, 6-OTf-Q",1,0.0004,"2c, Trifluoroborate",1,Pd(OAc)2,0.0625,P(Cy)3,0.125,Et3N,2.5,MeOH,69.2606060621488,16245016.0
3426,6-triflatequinoline,"1c, 6-OTf-Q",1,0.0004,"2c, Trifluoroborate",1,Pd(OAc)2,0.0625,P(o-Tol)3,0.125,Et3N,2.5,MeOH,37.5888013957429,8672865.0
3427,6-triflatequinoline,"1c, 6-OTf-Q",1,0.0004,"2c, Trifluoroborate",1,Pd(OAc)2,0.0625,CataCXium A,0.125,Et3N,2.5,MeOH,37.9102600856248,7365617.0
3428,6-triflatequinoline,"1c, 6-OTf-Q",1,0.0004,"2c, Trifluoroborate",1,Pd(OAc)2,0.0625,SPhos,0.125,Et3N,2.5,MeOH,23.2047598342163,4513085.5
3429,6-triflatequinoline,"1c, 6-OTf-Q",1,0.0004,"2c, Trifluoroborate",1,Pd(OAc)2,0.0625,dtbpf,0.125,Et3N,2.5,MeOH,16.2061966918441,2721323.25
3430,6-triflatequinoline,"1c, 6-OTf-Q",1,0.0004,"2c, Trifluoroborate",1,Pd(OAc)2,0.0625,XPhos,0.125,Et3N,2.5,MeOH,30.6201453950248,6337991.0
3431,6-triflatequinoline,"1c, 6-OTf-Q",1,0.0004,"2c, Trifluoroborate",1,Pd(OAc)2,0.0625,dppf,0.125,Et3N,2.5,MeOH,35.993234583831,6625696.5
3432,6-triflatequinoline,"1c, 6-OTf-Q",1,0.0004,"2c, Trifluoroborate",1,Pd(OAc)2,0.0625,Xantphos,0.125,Et3N,2.5,MeOH,13.4298063760126,472367.6875
3433,6-triflatequinoline,"1c, 6-OTf-Q",1,0.0004,"2c, Trifluoroborate",1,Pd(OAc)2,0.0625,,,CsF,2.5,MeOH,41.0665165152118,8952107.0
3434,6-triflatequinoline,"1c, 6-OTf-Q",1,0.0004,"2c, Trifluoroborate",1,Pd(OAc)2,0.0625,P(tBu)3,0.125,CsF,2.5,MeOH,23.6486827530694,4747047.0
3435,6-triflatequinoline,"1c, 6-OTf-Q",1,0.0004,"2c, Trifluoroborate",1,Pd(OAc)2,0.0625,P(Ph)3 ,0.125,CsF,2.5,MeOH,62.9490622962332,15713410.0
3436,6-triflatequinoline,"1c, 6-OTf-Q",1,0.0004,"2c, Trifluoroborate",1,Pd(OAc)2,0.0625,AmPhos,0.125,CsF,2.5,MeOH,45.3235270032473,11069870.0
3437,6-triflatequinoline,"1c, 6-OTf-Q",1,0.0004,"2c, Trifluoroborate",1,Pd(OAc)2,0.0625,P(Cy)3,0.125,CsF,2.5,MeOH,83.058392216765,17609998.0
3438,6-triflatequinoline,"1c, 6-OTf-Q",1,0.0004,"2c, Trifluoroborate",1,Pd(OAc)2,0.0625,P(o-Tol)3,0.125,CsF,2.5,MeOH,38.4242718546827,8803736.0
3439,6-triflatequinoline,"1c, 6-OTf-Q",1,0.0004,"2c, Trifluoroborate",1,Pd(OAc)2,0.0625,CataCXium A,0.125,CsF,2.5,MeOH,43.3014167346659,7971806.5
3440,6-triflatequinoline,"1c, 6-OTf-Q",1,0.0004,"2c, Trifluoroborate",1,Pd(OAc)2,0.0625,SPhos,0.125,CsF,2.5,MeOH,27.7926170575499,6046271.0
3441,6-triflatequinoline,"1c, 6-OTf-Q",1,0.0004,"2c, Trifluoroborate",1,Pd(OAc)2,0.0625,dtbpf,0.125,CsF,2.5,MeOH,18.1183795623603,3202552.5
3442,6-triflatequinoline,"1c, 6-OTf-Q",1,0.0004,"2c, Trifluoroborate",1,Pd(OAc)2,0.0625,XPhos,0.125,CsF,2.5,MeOH,48.3467942383239,10467649.0
3443,6-triflatequinoline,"1c, 6-OTf-Q",1,0.0004,"2c, Trifluoroborate",1,Pd(OAc)2,0.0625,dppf,0.125,CsF,2.5,MeOH,37.2498339322766,7280935.5
3444,6-triflatequinoline,"1c, 6-OTf-Q",1,0.0004,"2c, Trifluoroborate",1,Pd(OAc)2,0.0625,Xantphos,0.125,CsF,2.5,MeOH,15.0864088499012,1455880.875
3445,6-triflatequinoline,"1c, 6-OTf-Q",1,0.0004,"2c, Trifluoroborate",1,Pd(OAc)2,0.0625,,,K3PO4,2.5,MeOH,37.728791091416,8087679.0
3446,6-triflatequinoline,"1c, 6-OTf-Q",1,0.0004,"2c, Trifluoroborate",1,Pd(OAc)2,0.0625,P(tBu)3,0.125,K3PO4,2.5,MeOH,20.5888434810722,4413683.5
3447,6-triflatequinoline,"1c, 6-OTf-Q",1,0.0004,"2c, Trifluoroborate",1,Pd(OAc)2,0.0625,P(Ph)3 ,0.125,K3PO4,2.5,MeOH,84.5362992933467,19810928.0
3448,6-triflatequinoline,"1c, 6-OTf-Q",1,0.0004,"2c, Trifluoroborate",1,Pd(OAc)2,0.0625,AmPhos,0.125,K3PO4,2.5,MeOH,31.2803530491708,7259035.0
3449,6-triflatequinoline,"1c, 6-OTf-Q",1,0.0004,"2c, Trifluoroborate",1,Pd(OAc)2,0.0625,P(Cy)3,0.125,K3PO4,2.5,MeOH,64.6273988097727,13736359.0
3450,6-triflatequinoline,"1c, 6-OTf-Q",1,0.0004,"2c, Trifluoroborate",1,Pd(OAc)2,0.0625,P(o-Tol)3,0.125,K3PO4,2.5,MeOH,44.6284996158435,9976575.0
3451,6-triflatequinoline,"1c, 6-OTf-Q",1,0.0004,"2c, Trifluoroborate",1,Pd(OAc)2,0.0625,CataCXium A,0.125,K3PO4,2.5,MeOH,31.5100055067856,5821376.0
3452,6-triflatequinoline,"1c, 6-OTf-Q",1,0.0004,"2c, Trifluoroborate",1,Pd(OAc)2,0.0625,SPhos,0.125,K3PO4,2.5,MeOH,52.7824422076565,12684656.0
3453,6-triflatequinoline,"1c, 6-OTf-Q",1,0.0004,"2c, Trifluoroborate",1,Pd(OAc)2,0.0625,dtbpf,0.125,K3PO4,2.5,MeOH,18.7506938512069,4583457.5
3454,6-triflatequinoline,"1c, 6-OTf-Q",1,0.0004,"2c, Trifluoroborate",1,Pd(OAc)2,0.0625,XPhos,0.125,K3PO4,2.5,MeOH,42.6209630103521,8802528.0
3455,6-triflatequinoline,"1c, 6-OTf-Q",1,0.0004,"2c, Trifluoroborate",1,Pd(OAc)2,0.0625,dppf,0.125,K3PO4,2.5,MeOH,66.5469013332365,12897612.0
3456,6-triflatequinoline,"1c, 6-OTf-Q",1,0.0004,"2c, Trifluoroborate",1,Pd(OAc)2,0.0625,Xantphos,0.125,K3PO4,2.5,MeOH,18.2188665111988,2676478.0
3457,6-Iodoquinoline,"1d, 6-I-Q",1,0.0004,"2c, Trifluoroborate",1,Pd(OAc)2,0.0625,,,,2.5,MeCN,15.6881688723221,1448445.5
3458,6-Iodoquinoline,"1d, 6-I-Q",1,0.0004,"2c, Trifluoroborate",1,Pd(OAc)2,0.0625,P(tBu)3,0.125,,2.5,MeCN,14.7780268354717,1632086.75
3459,6-Iodoquinoline,"1d, 6-I-Q",1,0.0004,"2c, Trifluoroborate",1,Pd(OAc)2,0.0625,P(Ph)3 ,0.125,,2.5,MeCN,15.691686650067,1904851.75
3460,6-Iodoquinoline,"1d, 6-I-Q",1,0.0004,"2c, Trifluoroborate",1,Pd(OAc)2,0.0625,AmPhos,0.125,,2.5,MeCN,16.014599064044,3249672.75
3461,6-Iodoquinoline,"1d, 6-I-Q",1,0.0004,"2c, Trifluoroborate",1,Pd(OAc)2,0.0625,P(Cy)3,0.125,,2.5,MeCN,19.3499384114338,3265095.25
3462,6-Iodoquinoline,"1d, 6-I-Q",1,0.0004,"2c, Trifluoroborate",1,Pd(OAc)2,0.0625,P(o-Tol)3,0.125,,2.5,MeCN,17.3705755341663,2265968.75
3463,6-Iodoquinoline,"1d, 6-I-Q",1,0.0004,"2c, Trifluoroborate",1,Pd(OAc)2,0.0625,CataCXium A,0.125,,2.5,MeCN,15.1558847402676,2111061.25
3464,6-Iodoquinoline,"1d, 6-I-Q",1,0.0004,"2c, Trifluoroborate",1,Pd(OAc)2,0.0625,SPhos,0.125,,2.5,MeCN,14.4800539327886,2218307.5
3465,6-Iodoquinoline,"1d, 6-I-Q",1,0.0004,"2c, Trifluoroborate",1,Pd(OAc)2,0.0625,dtbpf,0.125,,2.5,MeCN,19.5034311457582,3553830.75
3466,6-Iodoquinoline,"1d, 6-I-Q",1,0.0004,"2c, Trifluoroborate",1,Pd(OAc)2,0.0625,XPhos,0.125,,2.5,MeCN,16.1165137377012,2305054.5
3467,6-Iodoquinoline,"1d, 6-I-Q",1,0.0004,"2c, Trifluoroborate",1,Pd(OAc)2,0.0625,dppf,0.125,,2.5,MeCN,18.1618975604197,2055722.0
3468,6-Iodoquinoline,"1d, 6-I-Q",1,0.0004,"2c, Trifluoroborate",1,Pd(OAc)2,0.0625,Xantphos,0.125,,2.5,MeCN,14.5720403177964,1539363.5
3469,6-Iodoquinoline,"1d, 6-I-Q",1,0.0004,"2c, Trifluoroborate",1,Pd(OAc)2,0.0625,,,NaOH,2.5,MeCN,17.9320470359251,265052.28125
3470,6-Iodoquinoline,"1d, 6-I-Q",1,0.0004,"2c, Trifluoroborate",1,Pd(OAc)2,0.0625,P(tBu)3,0.125,NaOH,2.5,MeCN,17.8158752599758,508657.40625
3471,6-Iodoquinoline,"1d, 6-I-Q",1,0.0004,"2c, Trifluoroborate",1,Pd(OAc)2,0.0625,P(Ph)3 ,0.125,NaOH,2.5,MeCN,19.4600541890312,760428.4375
3472,6-Iodoquinoline,"1d, 6-I-Q",1,0.0004,"2c, Trifluoroborate",1,Pd(OAc)2,0.0625,AmPhos,0.125,NaOH,2.5,MeCN,20.6713011262588,2248957.5
3473,6-Iodoquinoline,"1d, 6-I-Q",1,0.0004,"2c, Trifluoroborate",1,Pd(OAc)2,0.0625,P(Cy)3,0.125,NaOH,2.5,MeCN,19.6401573018221,2341784.5
3474,6-Iodoquinoline,"1d, 6-I-Q",1,0.0004,"2c, Trifluoroborate",1,Pd(OAc)2,0.0625,P(o-Tol)3,0.125,NaOH,2.5,MeCN,29.5345148422211,404635.9375
3475,6-Iodoquinoline,"1d, 6-I-Q",1,0.0004,"2c, Trifluoroborate",1,Pd(OAc)2,0.0625,CataCXium A,0.125,NaOH,2.5,MeCN,19.4152903559553,1286234.875
3476,6-Iodoquinoline,"1d, 6-I-Q",1,0.0004,"2c, Trifluoroborate",1,Pd(OAc)2,0.0625,SPhos,0.125,NaOH,2.5,MeCN,19.1489948203758,1185890.625
3477,6-Iodoquinoline,"1d, 6-I-Q",1,0.0004,"2c, Trifluoroborate",1,Pd(OAc)2,0.0625,dtbpf,0.125,NaOH,2.5,MeCN,25.2669140448225,1537023.625
3478,6-Iodoquinoline,"1d, 6-I-Q",1,0.0004,"2c, Trifluoroborate",1,Pd(OAc)2,0.0625,XPhos,0.125,NaOH,2.5,MeCN,20.139128134188,966408.8125
3479,6-Iodoquinoline,"1d, 6-I-Q",1,0.0004,"2c, Trifluoroborate",1,Pd(OAc)2,0.0625,dppf,0.125,NaOH,2.5,MeCN,20.6834625640573,1089938.5
3480,6-Iodoquinoline,"1d, 6-I-Q",1,0.0004,"2c, Trifluoroborate",1,Pd(OAc)2,0.0625,Xantphos,0.125,NaOH,2.5,MeCN,19.9558628924438,273445.15625
3481,6-Iodoquinoline,"1d, 6-I-Q",1,0.0004,"2c, Trifluoroborate",1,Pd(OAc)2,0.0625,,,KOH,2.5,MeCN,19.6957307857286,1839314.75
3482,6-Iodoquinoline,"1d, 6-I-Q",1,0.0004,"2c, Trifluoroborate",1,Pd(OAc)2,0.0625,P(tBu)3,0.125,KOH,2.5,MeCN,18.8558171526689,1384211.125
3483,6-Iodoquinoline,"1d, 6-I-Q",1,0.0004,"2c, Trifluoroborate",1,Pd(OAc)2,0.0625,P(Ph)3 ,0.125,KOH,2.5,MeCN,16.1174354557888,1719727.5
3484,6-Iodoquinoline,"1d, 6-I-Q",1,0.0004,"2c, Trifluoroborate",1,Pd(OAc)2,0.0625,AmPhos,0.125,KOH,2.5,MeCN,16.6350881112689,2459540.25
3485,6-Iodoquinoline,"1d, 6-I-Q",1,0.0004,"2c, Trifluoroborate",1,Pd(OAc)2,0.0625,P(Cy)3,0.125,KOH,2.5,MeCN,16.0654647028531,2384924.75
3486,6-Iodoquinoline,"1d, 6-I-Q",1,0.0004,"2c, Trifluoroborate",1,Pd(OAc)2,0.0625,P(o-Tol)3,0.125,KOH,2.5,MeCN,17.9719265622092,1771330.0
3487,6-Iodoquinoline,"1d, 6-I-Q",1,0.0004,"2c, Trifluoroborate",1,Pd(OAc)2,0.0625,CataCXium A,0.125,KOH,2.5,MeCN,17.6066747426996,2355112.5
3488,6-Iodoquinoline,"1d, 6-I-Q",1,0.0004,"2c, Trifluoroborate",1,Pd(OAc)2,0.0625,SPhos,0.125,KOH,2.5,MeCN,17.3086383948149,2647299.5
3489,6-Iodoquinoline,"1d, 6-I-Q",1,0.0004,"2c, Trifluoroborate",1,Pd(OAc)2,0.0625,dtbpf,0.125,KOH,2.5,MeCN,18.4246936533001,2234885.0
3490,6-Iodoquinoline,"1d, 6-I-Q",1,0.0004,"2c, Trifluoroborate",1,Pd(OAc)2,0.0625,XPhos,0.125,KOH,2.5,MeCN,16.9247001261907,1826626.75
3491,6-Iodoquinoline,"1d, 6-I-Q",1,0.0004,"2c, Trifluoroborate",1,Pd(OAc)2,0.0625,dppf,0.125,KOH,2.5,MeCN,23.2558821726605,1944497.125
3492,6-Iodoquinoline,"1d, 6-I-Q",1,0.0004,"2c, Trifluoroborate",1,Pd(OAc)2,0.0625,Xantphos,0.125,KOH,2.5,MeCN,19.2221953681851,2516849.25
3493,6-Iodoquinoline,"1d, 6-I-Q",1,0.0004,"2c, Trifluoroborate",1,Pd(OAc)2,0.0625,,,LiOtBu,2.5,MeCN,19.8008071912585,397564.71875
3494,6-Iodoquinoline,"1d, 6-I-Q",1,0.0004,"2c, Trifluoroborate",1,Pd(OAc)2,0.0625,P(tBu)3,0.125,LiOtBu,2.5,MeCN,16.7247505821641,1157810.125
3495,6-Iodoquinoline,"1d, 6-I-Q",1,0.0004,"2c, Trifluoroborate",1,Pd(OAc)2,0.0625,P(Ph)3 ,0.125,LiOtBu,2.5,MeCN,18.9124870841653,2663834.0
3496,6-Iodoquinoline,"1d, 6-I-Q",1,0.0004,"2c, Trifluoroborate",1,Pd(OAc)2,0.0625,AmPhos,0.125,LiOtBu,2.5,MeCN,16.3535285776771,2470202.5
3497,6-Iodoquinoline,"1d, 6-I-Q",1,0.0004,"2c, Trifluoroborate",1,Pd(OAc)2,0.0625,P(Cy)3,0.125,LiOtBu,2.5,MeCN,15.8968116377885,1311104.0
3498,6-Iodoquinoline,"1d, 6-I-Q",1,0.0004,"2c, Trifluoroborate",1,Pd(OAc)2,0.0625,P(o-Tol)3,0.125,LiOtBu,2.5,MeCN,36.6791443198554,252488.5
3499,6-Iodoquinoline,"1d, 6-I-Q",1,0.0004,"2c, Trifluoroborate",1,Pd(OAc)2,0.0625,CataCXium A,0.125,LiOtBu,2.5,MeCN,24.0671062224911,259.487701416016
3500,6-Iodoquinoline,"1d, 6-I-Q",1,0.0004,"2c, Trifluoroborate",1,Pd(OAc)2,0.0625,SPhos,0.125,LiOtBu,2.5,MeCN,16.4310165504598,2163450.0
3501,6-Iodoquinoline,"1d, 6-I-Q",1,0.0004,"2c, Trifluoroborate",1,Pd(OAc)2,0.0625,dtbpf,0.125,LiOtBu,2.5,MeCN,22.3832971808848,1691579.0
3502,6-Iodoquinoline,"1d, 6-I-Q",1,0.0004,"2c, Trifluoroborate",1,Pd(OAc)2,0.0625,XPhos,0.125,LiOtBu,2.5,MeCN,4.65579277680126,1032615.9375
3503,6-Iodoquinoline,"1d, 6-I-Q",1,0.0004,"2c, Trifluoroborate",1,Pd(OAc)2,0.0625,dppf,0.125,LiOtBu,2.5,MeCN,20.8234040273494,1198637.75
3504,6-Iodoquinoline,"1d, 6-I-Q",1,0.0004,"2c, Trifluoroborate",1,Pd(OAc)2,0.0625,Xantphos,0.125,LiOtBu,2.5,MeCN,16.0562107671994,1979329.5
3505,6-Iodoquinoline,"1d, 6-I-Q",1,0.0004,"2c, Trifluoroborate",1,Pd(OAc)2,0.0625,,,NaHCO3,2.5,MeCN,15.9489733167676,2114898.5
3506,6-Iodoquinoline,"1d, 6-I-Q",1,0.0004,"2c, Trifluoroborate",1,Pd(OAc)2,0.0625,P(tBu)3,0.125,NaHCO3,2.5,MeCN,15.8251177191189,1594706.625
3507,6-Iodoquinoline,"1d, 6-I-Q",1,0.0004,"2c, Trifluoroborate",1,Pd(OAc)2,0.0625,P(Ph)3 ,0.125,NaHCO3,2.5,MeCN,15.3395319557996,1803143.5
3508,6-Iodoquinoline,"1d, 6-I-Q",1,0.0004,"2c, Trifluoroborate",1,Pd(OAc)2,0.0625,AmPhos,0.125,NaHCO3,2.5,MeCN,15.0921203104379,2397909.5
3509,6-Iodoquinoline,"1d, 6-I-Q",1,0.0004,"2c, Trifluoroborate",1,Pd(OAc)2,0.0625,P(Cy)3,0.125,NaHCO3,2.5,MeCN,15.7347553304842,2430261.0
3510,6-Iodoquinoline,"1d, 6-I-Q",1,0.0004,"2c, Trifluoroborate",1,Pd(OAc)2,0.0625,P(o-Tol)3,0.125,NaHCO3,2.5,MeCN,13.6122592797861,2014898.875
3511,6-Iodoquinoline,"1d, 6-I-Q",1,0.0004,"2c, Trifluoroborate",1,Pd(OAc)2,0.0625,CataCXium A,0.125,NaHCO3,2.5,MeCN,15.6169338834515,1667402.375
3512,6-Iodoquinoline,"1d, 6-I-Q",1,0.0004,"2c, Trifluoroborate",1,Pd(OAc)2,0.0625,SPhos,0.125,NaHCO3,2.5,MeCN,15.3920298293464,3035535.25
3513,6-Iodoquinoline,"1d, 6-I-Q",1,0.0004,"2c, Trifluoroborate",1,Pd(OAc)2,0.0625,dtbpf,0.125,NaHCO3,2.5,MeCN,19.0582909283896,3132256.25
3514,6-Iodoquinoline,"1d, 6-I-Q",1,0.0004,"2c, Trifluoroborate",1,Pd(OAc)2,0.0625,XPhos,0.125,NaHCO3,2.5,MeCN,14.067462658379,2046115.625
3515,6-Iodoquinoline,"1d, 6-I-Q",1,0.0004,"2c, Trifluoroborate",1,Pd(OAc)2,0.0625,dppf,0.125,NaHCO3,2.5,MeCN,19.5163272465481,1454563.75
3516,6-Iodoquinoline,"1d, 6-I-Q",1,0.0004,"2c, Trifluoroborate",1,Pd(OAc)2,0.0625,Xantphos,0.125,NaHCO3,2.5,MeCN,12.2274411120822,1297506.75
3517,6-Iodoquinoline,"1d, 6-I-Q",1,0.0004,"2c, Trifluoroborate",1,Pd(OAc)2,0.0625,,,Et3N,2.5,MeCN,17.0559523269666,2066037.25
3518,6-Iodoquinoline,"1d, 6-I-Q",1,0.0004,"2c, Trifluoroborate",1,Pd(OAc)2,0.0625,P(tBu)3,0.125,Et3N,2.5,MeCN,16.0037584792056,1977699.5
3519,6-Iodoquinoline,"1d, 6-I-Q",1,0.0004,"2c, Trifluoroborate",1,Pd(OAc)2,0.0625,P(Ph)3 ,0.125,Et3N,2.5,MeCN,16.2314310996198,2072137.75
3520,6-Iodoquinoline,"1d, 6-I-Q",1,0.0004,"2c, Trifluoroborate",1,Pd(OAc)2,0.0625,AmPhos,0.125,Et3N,2.5,MeCN,12.4024892036141,1587971.125
3521,6-Iodoquinoline,"1d, 6-I-Q",1,0.0004,"2c, Trifluoroborate",1,Pd(OAc)2,0.0625,P(Cy)3,0.125,Et3N,2.5,MeCN,14.3231355152906,2175480.25
3522,6-Iodoquinoline,"1d, 6-I-Q",1,0.0004,"2c, Trifluoroborate",1,Pd(OAc)2,0.0625,P(o-Tol)3,0.125,Et3N,2.5,MeCN,15.5884542821281,2303564.0
3523,6-Iodoquinoline,"1d, 6-I-Q",1,0.0004,"2c, Trifluoroborate",1,Pd(OAc)2,0.0625,CataCXium A,0.125,Et3N,2.5,MeCN,16.371397401874,1909068.0
3524,6-Iodoquinoline,"1d, 6-I-Q",1,0.0004,"2c, Trifluoroborate",1,Pd(OAc)2,0.0625,SPhos,0.125,Et3N,2.5,MeCN,13.2469411389931,1371025.75
3525,6-Iodoquinoline,"1d, 6-I-Q",1,0.0004,"2c, Trifluoroborate",1,Pd(OAc)2,0.0625,dtbpf,0.125,Et3N,2.5,MeCN,15.9972703865402,2322200.5
3526,6-Iodoquinoline,"1d, 6-I-Q",1,0.0004,"2c, Trifluoroborate",1,Pd(OAc)2,0.0625,XPhos,0.125,Et3N,2.5,MeCN,15.7975197629559,2381814.0
3527,6-Iodoquinoline,"1d, 6-I-Q",1,0.0004,"2c, Trifluoroborate",1,Pd(OAc)2,0.0625,dppf,0.125,Et3N,2.5,MeCN,20.2955310077288,1602060.375
3528,6-Iodoquinoline,"1d, 6-I-Q",1,0.0004,"2c, Trifluoroborate",1,Pd(OAc)2,0.0625,Xantphos,0.125,Et3N,2.5,MeCN,12.4810898939066,805485.0625
3529,6-Iodoquinoline,"1d, 6-I-Q",1,0.0004,"2c, Trifluoroborate",1,Pd(OAc)2,0.0625,,,CsF,2.5,MeCN,14.4360136738683,1895974.5
3530,6-Iodoquinoline,"1d, 6-I-Q",1,0.0004,"2c, Trifluoroborate",1,Pd(OAc)2,0.0625,P(tBu)3,0.125,CsF,2.5,MeCN,17.1721770202694,2754623.25
3531,6-Iodoquinoline,"1d, 6-I-Q",1,0.0004,"2c, Trifluoroborate",1,Pd(OAc)2,0.0625,P(Ph)3 ,0.125,CsF,2.5,MeCN,19.7517306971114,2834883.0
3532,6-Iodoquinoline,"1d, 6-I-Q",1,0.0004,"2c, Trifluoroborate",1,Pd(OAc)2,0.0625,AmPhos,0.125,CsF,2.5,MeCN,12.93833150216,1974942.25
3533,6-Iodoquinoline,"1d, 6-I-Q",1,0.0004,"2c, Trifluoroborate",1,Pd(OAc)2,0.0625,P(Cy)3,0.125,CsF,2.5,MeCN,14.180829721977,877653.75
3534,6-Iodoquinoline,"1d, 6-I-Q",1,0.0004,"2c, Trifluoroborate",1,Pd(OAc)2,0.0625,P(o-Tol)3,0.125,CsF,2.5,MeCN,15.6909433114875,2303386.25
3535,6-Iodoquinoline,"1d, 6-I-Q",1,0.0004,"2c, Trifluoroborate",1,Pd(OAc)2,0.0625,CataCXium A,0.125,CsF,2.5,MeCN,22.5052598289871,3311933.25
3536,6-Iodoquinoline,"1d, 6-I-Q",1,0.0004,"2c, Trifluoroborate",1,Pd(OAc)2,0.0625,SPhos,0.125,CsF,2.5,MeCN,15.1384181472258,2237005.0
3537,6-Iodoquinoline,"1d, 6-I-Q",1,0.0004,"2c, Trifluoroborate",1,Pd(OAc)2,0.0625,dtbpf,0.125,CsF,2.5,MeCN,15.4376725348955,1718377.875
3538,6-Iodoquinoline,"1d, 6-I-Q",1,0.0004,"2c, Trifluoroborate",1,Pd(OAc)2,0.0625,XPhos,0.125,CsF,2.5,MeCN,14.170070484359,1785033.875
3539,6-Iodoquinoline,"1d, 6-I-Q",1,0.0004,"2c, Trifluoroborate",1,Pd(OAc)2,0.0625,dppf,0.125,CsF,2.5,MeCN,22.4549012703175,2566150.25
3540,6-Iodoquinoline,"1d, 6-I-Q",1,0.0004,"2c, Trifluoroborate",1,Pd(OAc)2,0.0625,Xantphos,0.125,CsF,2.5,MeCN,16.6626585995442,2252092.0
3541,6-Iodoquinoline,"1d, 6-I-Q",1,0.0004,"2c, Trifluoroborate",1,Pd(OAc)2,0.0625,,,K3PO4,2.5,MeCN,16.7894257622833,1841404.5
3542,6-Iodoquinoline,"1d, 6-I-Q",1,0.0004,"2c, Trifluoroborate",1,Pd(OAc)2,0.0625,P(tBu)3,0.125,K3PO4,2.5,MeCN,14.1382460560395,1314382.25
3543,6-Iodoquinoline,"1d, 6-I-Q",1,0.0004,"2c, Trifluoroborate",1,Pd(OAc)2,0.0625,P(Ph)3 ,0.125,K3PO4,2.5,MeCN,15.1927559954978,2251264.25
3544,6-Iodoquinoline,"1d, 6-I-Q",1,0.0004,"2c, Trifluoroborate",1,Pd(OAc)2,0.0625,AmPhos,0.125,K3PO4,2.5,MeCN,16.4935027479413,3607577.0
3545,6-Iodoquinoline,"1d, 6-I-Q",1,0.0004,"2c, Trifluoroborate",1,Pd(OAc)2,0.0625,P(Cy)3,0.125,K3PO4,2.5,MeCN,16.0208015093494,2016151.375
3546,6-Iodoquinoline,"1d, 6-I-Q",1,0.0004,"2c, Trifluoroborate",1,Pd(OAc)2,0.0625,P(o-Tol)3,0.125,K3PO4,2.5,MeCN,15.2485521100638,1843640.125
3547,6-Iodoquinoline,"1d, 6-I-Q",1,0.0004,"2c, Trifluoroborate",1,Pd(OAc)2,0.0625,CataCXium A,0.125,K3PO4,2.5,MeCN,13.5281321205867,1580387.125
3548,6-Iodoquinoline,"1d, 6-I-Q",1,0.0004,"2c, Trifluoroborate",1,Pd(OAc)2,0.0625,SPhos,0.125,K3PO4,2.5,MeCN,14.335160487124,1897358.375
3549,6-Iodoquinoline,"1d, 6-I-Q",1,0.0004,"2c, Trifluoroborate",1,Pd(OAc)2,0.0625,dtbpf,0.125,K3PO4,2.5,MeCN,16.430799016293,2792634.0
3550,6-Iodoquinoline,"1d, 6-I-Q",1,0.0004,"2c, Trifluoroborate",1,Pd(OAc)2,0.0625,XPhos,0.125,K3PO4,2.5,MeCN,15.2729378493191,1890055.75
3551,6-Iodoquinoline,"1d, 6-I-Q",1,0.0004,"2c, Trifluoroborate",1,Pd(OAc)2,0.0625,dppf,0.125,K3PO4,2.5,MeCN,19.1997905447476,1512713.125
3552,6-Iodoquinoline,"1d, 6-I-Q",1,0.0004,"2c, Trifluoroborate",1,Pd(OAc)2,0.0625,Xantphos,0.125,K3PO4,2.5,MeCN,15.2034708178685,1470173.75
3553,6-Iodoquinoline,"1d, 6-I-Q",1,0.0004,"2c, Trifluoroborate",1,Pd(OAc)2,0.0625,,,,2.5,THF,26.7901931378176,2075361.625
3554,6-Iodoquinoline,"1d, 6-I-Q",1,0.0004,"2c, Trifluoroborate",1,Pd(OAc)2,0.0625,P(tBu)3,0.125,,2.5,THF,31.7632771207974,1987065.375
3555,6-Iodoquinoline,"1d, 6-I-Q",1,0.0004,"2c, Trifluoroborate",1,Pd(OAc)2,0.0625,P(Ph)3 ,0.125,,2.5,THF,51.6819475304057,8727487.0
3556,6-Iodoquinoline,"1d, 6-I-Q",1,0.0004,"2c, Trifluoroborate",1,Pd(OAc)2,0.0625,AmPhos,0.125,,2.5,THF,37.5697415498692,7338696.0
3557,6-Iodoquinoline,"1d, 6-I-Q",1,0.0004,"2c, Trifluoroborate",1,Pd(OAc)2,0.0625,P(Cy)3,0.125,,2.5,THF,47.5966671471257,7885047.0
3558,6-Iodoquinoline,"1d, 6-I-Q",1,0.0004,"2c, Trifluoroborate",1,Pd(OAc)2,0.0625,P(o-Tol)3,0.125,,2.5,THF,34.7458135761026,7988592.5
3559,6-Iodoquinoline,"1d, 6-I-Q",1,0.0004,"2c, Trifluoroborate",1,Pd(OAc)2,0.0625,CataCXium A,0.125,,2.5,THF,55.1125757011294,9833628.0
3560,6-Iodoquinoline,"1d, 6-I-Q",1,0.0004,"2c, Trifluoroborate",1,Pd(OAc)2,0.0625,SPhos,0.125,,2.5,THF,31.8465129327459,8534241.0
3561,6-Iodoquinoline,"1d, 6-I-Q",1,0.0004,"2c, Trifluoroborate",1,Pd(OAc)2,0.0625,dtbpf,0.125,,2.5,THF,35.6248309679565,6015136.0
3562,6-Iodoquinoline,"1d, 6-I-Q",1,0.0004,"2c, Trifluoroborate",1,Pd(OAc)2,0.0625,XPhos,0.125,,2.5,THF,29.9206692293622,2436623.25
3563,6-Iodoquinoline,"1d, 6-I-Q",1,0.0004,"2c, Trifluoroborate",1,Pd(OAc)2,0.0625,dppf,0.125,,2.5,THF,38.2874115019426,3700598.0
3564,6-Iodoquinoline,"1d, 6-I-Q",1,0.0004,"2c, Trifluoroborate",1,Pd(OAc)2,0.0625,Xantphos,0.125,,2.5,THF,25.5131456221865,2951410.25
3565,6-Iodoquinoline,"1d, 6-I-Q",1,0.0004,"2c, Trifluoroborate",1,Pd(OAc)2,0.0625,,,NaOH,2.5,THF,27.403374583058,4774250.0
3566,6-Iodoquinoline,"1d, 6-I-Q",1,0.0004,"2c, Trifluoroborate",1,Pd(OAc)2,0.0625,P(tBu)3,0.125,NaOH,2.5,THF,27.1610137965696,5594389.0
3567,6-Iodoquinoline,"1d, 6-I-Q",1,0.0004,"2c, Trifluoroborate",1,Pd(OAc)2,0.0625,P(Ph)3 ,0.125,NaOH,2.5,THF,47.69994280623,8130170.5
3568,6-Iodoquinoline,"1d, 6-I-Q",1,0.0004,"2c, Trifluoroborate",1,Pd(OAc)2,0.0625,AmPhos,0.125,NaOH,2.5,THF,43.3026280105973,5642172.0
3569,6-Iodoquinoline,"1d, 6-I-Q",1,0.0004,"2c, Trifluoroborate",1,Pd(OAc)2,0.0625,P(Cy)3,0.125,NaOH,2.5,THF,44.3966039489299,7383670.5
3570,6-Iodoquinoline,"1d, 6-I-Q",1,0.0004,"2c, Trifluoroborate",1,Pd(OAc)2,0.0625,P(o-Tol)3,0.125,NaOH,2.5,THF,34.1056485272955,7805540.5
3571,6-Iodoquinoline,"1d, 6-I-Q",1,0.0004,"2c, Trifluoroborate",1,Pd(OAc)2,0.0625,CataCXium A,0.125,NaOH,2.5,THF,46.4292129672355,10764761.0
3572,6-Iodoquinoline,"1d, 6-I-Q",1,0.0004,"2c, Trifluoroborate",1,Pd(OAc)2,0.0625,SPhos,0.125,NaOH,2.5,THF,27.5793676986704,7136851.5
3573,6-Iodoquinoline,"1d, 6-I-Q",1,0.0004,"2c, Trifluoroborate",1,Pd(OAc)2,0.0625,dtbpf,0.125,NaOH,2.5,THF,33.3054087721085,7084137.0
3574,6-Iodoquinoline,"1d, 6-I-Q",1,0.0004,"2c, Trifluoroborate",1,Pd(OAc)2,0.0625,XPhos,0.125,NaOH,2.5,THF,23.6469515123528,5058252.0
3575,6-Iodoquinoline,"1d, 6-I-Q",1,0.0004,"2c, Trifluoroborate",1,Pd(OAc)2,0.0625,dppf,0.125,NaOH,2.5,THF,30.5757997925851,3767784.5
3576,6-Iodoquinoline,"1d, 6-I-Q",1,0.0004,"2c, Trifluoroborate",1,Pd(OAc)2,0.0625,Xantphos,0.125,NaOH,2.5,THF,26.0619130236653,3898672.75
3577,6-Iodoquinoline,"1d, 6-I-Q",1,0.0004,"2c, Trifluoroborate",1,Pd(OAc)2,0.0625,,,KOH,2.5,THF,19.6790628792633,2045495.5
3578,6-Iodoquinoline,"1d, 6-I-Q",1,0.0004,"2c, Trifluoroborate",1,Pd(OAc)2,0.0625,P(tBu)3,0.125,KOH,2.5,THF,21.2642371990921,3811808.0
3579,6-Iodoquinoline,"1d, 6-I-Q",1,0.0004,"2c, Trifluoroborate",1,Pd(OAc)2,0.0625,P(Ph)3 ,0.125,KOH,2.5,THF,42.4386394690166,8810573.0
3580,6-Iodoquinoline,"1d, 6-I-Q",1,0.0004,"2c, Trifluoroborate",1,Pd(OAc)2,0.0625,AmPhos,0.125,KOH,2.5,THF,30.952782309096,9270416.0
3581,6-Iodoquinoline,"1d, 6-I-Q",1,0.0004,"2c, Trifluoroborate",1,Pd(OAc)2,0.0625,P(Cy)3,0.125,KOH,2.5,THF,27.3066834835241,4714582.0
3582,6-Iodoquinoline,"1d, 6-I-Q",1,0.0004,"2c, Trifluoroborate",1,Pd(OAc)2,0.0625,P(o-Tol)3,0.125,KOH,2.5,THF,34.8184114690091,7740095.5
3583,6-Iodoquinoline,"1d, 6-I-Q",1,0.0004,"2c, Trifluoroborate",1,Pd(OAc)2,0.0625,CataCXium A,0.125,KOH,2.5,THF,56.3663730831563,11394826.0
3584,6-Iodoquinoline,"1d, 6-I-Q",1,0.0004,"2c, Trifluoroborate",1,Pd(OAc)2,0.0625,SPhos,0.125,KOH,2.5,THF,27.0334777086946,4556353.0
3585,6-Iodoquinoline,"1d, 6-I-Q",1,0.0004,"2c, Trifluoroborate",1,Pd(OAc)2,0.0625,dtbpf,0.125,KOH,2.5,THF,31.1776658400704,10809280.0
3586,6-Iodoquinoline,"1d, 6-I-Q",1,0.0004,"2c, Trifluoroborate",1,Pd(OAc)2,0.0625,XPhos,0.125,KOH,2.5,THF,23.3978021847755,7497163.0
3587,6-Iodoquinoline,"1d, 6-I-Q",1,0.0004,"2c, Trifluoroborate",1,Pd(OAc)2,0.0625,dppf,0.125,KOH,2.5,THF,35.4943203363119,5383842.5
3588,6-Iodoquinoline,"1d, 6-I-Q",1,0.0004,"2c, Trifluoroborate",1,Pd(OAc)2,0.0625,Xantphos,0.125,KOH,2.5,THF,17.3050673542388,2774563.75
3589,6-Iodoquinoline,"1d, 6-I-Q",1,0.0004,"2c, Trifluoroborate",1,Pd(OAc)2,0.0625,,,LiOtBu,2.5,THF,20.4062691971075,2668778.25
3590,6-Iodoquinoline,"1d, 6-I-Q",1,0.0004,"2c, Trifluoroborate",1,Pd(OAc)2,0.0625,P(tBu)3,0.125,LiOtBu,2.5,THF,22.1209733993878,4248383.5
3591,6-Iodoquinoline,"1d, 6-I-Q",1,0.0004,"2c, Trifluoroborate",1,Pd(OAc)2,0.0625,P(Ph)3 ,0.125,LiOtBu,2.5,THF,34.4878315370157,6653072.0
3592,6-Iodoquinoline,"1d, 6-I-Q",1,0.0004,"2c, Trifluoroborate",1,Pd(OAc)2,0.0625,AmPhos,0.125,LiOtBu,2.5,THF,36.4414487242266,11530913.0
3593,6-Iodoquinoline,"1d, 6-I-Q",1,0.0004,"2c, Trifluoroborate",1,Pd(OAc)2,0.0625,P(Cy)3,0.125,LiOtBu,2.5,THF,32.7663095363371,7077602.0
3594,6-Iodoquinoline,"1d, 6-I-Q",1,0.0004,"2c, Trifluoroborate",1,Pd(OAc)2,0.0625,P(o-Tol)3,0.125,LiOtBu,2.5,THF,35.0082040100736,10786651.0
3595,6-Iodoquinoline,"1d, 6-I-Q",1,0.0004,"2c, Trifluoroborate",1,Pd(OAc)2,0.0625,CataCXium A,0.125,LiOtBu,2.5,THF,41.1400134648727,8763898.0
3596,6-Iodoquinoline,"1d, 6-I-Q",1,0.0004,"2c, Trifluoroborate",1,Pd(OAc)2,0.0625,SPhos,0.125,LiOtBu,2.5,THF,23.8887932749006,4711467.0
3597,6-Iodoquinoline,"1d, 6-I-Q",1,0.0004,"2c, Trifluoroborate",1,Pd(OAc)2,0.0625,dtbpf,0.125,LiOtBu,2.5,THF,32.2212190472954,7267641.0
3598,6-Iodoquinoline,"1d, 6-I-Q",1,0.0004,"2c, Trifluoroborate",1,Pd(OAc)2,0.0625,XPhos,0.125,LiOtBu,2.5,THF,23.111664415671,5085365.0
3599,6-Iodoquinoline,"1d, 6-I-Q",1,0.0004,"2c, Trifluoroborate",1,Pd(OAc)2,0.0625,dppf,0.125,LiOtBu,2.5,THF,25.7804985060659,4367495.5
3600,6-Iodoquinoline,"1d, 6-I-Q",1,0.0004,"2c, Trifluoroborate",1,Pd(OAc)2,0.0625,Xantphos,0.125,LiOtBu,2.5,THF,16.569573280956,3378872.75
3601,6-Iodoquinoline,"1d, 6-I-Q",1,0.0004,"2c, Trifluoroborate",1,Pd(OAc)2,0.0625,,,NaHCO3,2.5,THF,24.8053192516976,4060316.25
3602,6-Iodoquinoline,"1d, 6-I-Q",1,0.0004,"2c, Trifluoroborate",1,Pd(OAc)2,0.0625,P(tBu)3,0.125,NaHCO3,2.5,THF,26.4418397567262,5521980.0
3603,6-Iodoquinoline,"1d, 6-I-Q",1,0.0004,"2c, Trifluoroborate",1,Pd(OAc)2,0.0625,P(Ph)3 ,0.125,NaHCO3,2.5,THF,42.519879881738,8335239.0
3604,6-Iodoquinoline,"1d, 6-I-Q",1,0.0004,"2c, Trifluoroborate",1,Pd(OAc)2,0.0625,AmPhos,0.125,NaHCO3,2.5,THF,27.309904762991,7865563.5
3605,6-Iodoquinoline,"1d, 6-I-Q",1,0.0004,"2c, Trifluoroborate",1,Pd(OAc)2,0.0625,P(Cy)3,0.125,NaHCO3,2.5,THF,23.9628024638645,5001107.5
3606,6-Iodoquinoline,"1d, 6-I-Q",1,0.0004,"2c, Trifluoroborate",1,Pd(OAc)2,0.0625,P(o-Tol)3,0.125,NaHCO3,2.5,THF,37.3369532390744,10076492.0
3607,6-Iodoquinoline,"1d, 6-I-Q",1,0.0004,"2c, Trifluoroborate",1,Pd(OAc)2,0.0625,CataCXium A,0.125,NaHCO3,2.5,THF,49.386037101096,11871226.0
3608,6-Iodoquinoline,"1d, 6-I-Q",1,0.0004,"2c, Trifluoroborate",1,Pd(OAc)2,0.0625,SPhos,0.125,NaHCO3,2.5,THF,22.8496111277808,5046348.0
3609,6-Iodoquinoline,"1d, 6-I-Q",1,0.0004,"2c, Trifluoroborate",1,Pd(OAc)2,0.0625,dtbpf,0.125,NaHCO3,2.5,THF,29.9080836297566,6438732.0
3610,6-Iodoquinoline,"1d, 6-I-Q",1,0.0004,"2c, Trifluoroborate",1,Pd(OAc)2,0.0625,XPhos,0.125,NaHCO3,2.5,THF,24.2582885189593,5279150.0
3611,6-Iodoquinoline,"1d, 6-I-Q",1,0.0004,"2c, Trifluoroborate",1,Pd(OAc)2,0.0625,dppf,0.125,NaHCO3,2.5,THF,31.1506427876105,4817822.5
3612,6-Iodoquinoline,"1d, 6-I-Q",1,0.0004,"2c, Trifluoroborate",1,Pd(OAc)2,0.0625,Xantphos,0.125,NaHCO3,2.5,THF,16.4915296666167,2042226.375
3613,6-Iodoquinoline,"1d, 6-I-Q",1,0.0004,"2c, Trifluoroborate",1,Pd(OAc)2,0.0625,,,Et3N,2.5,THF,22.5217348449113,4025866.25
3614,6-Iodoquinoline,"1d, 6-I-Q",1,0.0004,"2c, Trifluoroborate",1,Pd(OAc)2,0.0625,P(tBu)3,0.125,Et3N,2.5,THF,26.6096390108531,7751650.5
3615,6-Iodoquinoline,"1d, 6-I-Q",1,0.0004,"2c, Trifluoroborate",1,Pd(OAc)2,0.0625,P(Ph)3 ,0.125,Et3N,2.5,THF,47.1655664997612,10406137.0
3616,6-Iodoquinoline,"1d, 6-I-Q",1,0.0004,"2c, Trifluoroborate",1,Pd(OAc)2,0.0625,AmPhos,0.125,Et3N,2.5,THF,41.9652355246745,12509034.0
3617,6-Iodoquinoline,"1d, 6-I-Q",1,0.0004,"2c, Trifluoroborate",1,Pd(OAc)2,0.0625,P(Cy)3,0.125,Et3N,2.5,THF,30.5644301177783,6698847.5
3618,6-Iodoquinoline,"1d, 6-I-Q",1,0.0004,"2c, Trifluoroborate",1,Pd(OAc)2,0.0625,P(o-Tol)3,0.125,Et3N,2.5,THF,37.9111784103353,10661069.0
3619,6-Iodoquinoline,"1d, 6-I-Q",1,0.0004,"2c, Trifluoroborate",1,Pd(OAc)2,0.0625,CataCXium A,0.125,Et3N,2.5,THF,60.2988302760986,14407022.0
3620,6-Iodoquinoline,"1d, 6-I-Q",1,0.0004,"2c, Trifluoroborate",1,Pd(OAc)2,0.0625,SPhos,0.125,Et3N,2.5,THF,30.3094891905861,7602508.0
3621,6-Iodoquinoline,"1d, 6-I-Q",1,0.0004,"2c, Trifluoroborate",1,Pd(OAc)2,0.0625,dtbpf,0.125,Et3N,2.5,THF,35.3114738368117,7126157.0
3622,6-Iodoquinoline,"1d, 6-I-Q",1,0.0004,"2c, Trifluoroborate",1,Pd(OAc)2,0.0625,XPhos,0.125,Et3N,2.5,THF,29.0339311536707,8080205.0
3623,6-Iodoquinoline,"1d, 6-I-Q",1,0.0004,"2c, Trifluoroborate",1,Pd(OAc)2,0.0625,dppf,0.125,Et3N,2.5,THF,34.8398268565955,5820579.0
3624,6-Iodoquinoline,"1d, 6-I-Q",1,0.0004,"2c, Trifluoroborate",1,Pd(OAc)2,0.0625,Xantphos,0.125,Et3N,2.5,THF,20.9756470176704,4551021.0
3625,6-Iodoquinoline,"1d, 6-I-Q",1,0.0004,"2c, Trifluoroborate",1,Pd(OAc)2,0.0625,,,CsF,2.5,THF,22.816167384215,3371207.0
3626,6-Iodoquinoline,"1d, 6-I-Q",1,0.0004,"2c, Trifluoroborate",1,Pd(OAc)2,0.0625,P(tBu)3,0.125,CsF,2.5,THF,29.0989427905432,6743908.0
3627,6-Iodoquinoline,"1d, 6-I-Q",1,0.0004,"2c, Trifluoroborate",1,Pd(OAc)2,0.0625,P(Ph)3 ,0.125,CsF,2.5,THF,53.7670014008291,12344536.0
3628,6-Iodoquinoline,"1d, 6-I-Q",1,0.0004,"2c, Trifluoroborate",1,Pd(OAc)2,0.0625,AmPhos,0.125,CsF,2.5,THF,42.7549855077323,11623987.0
3629,6-Iodoquinoline,"1d, 6-I-Q",1,0.0004,"2c, Trifluoroborate",1,Pd(OAc)2,0.0625,P(Cy)3,0.125,CsF,2.5,THF,38.7099545286215,7937704.5
3630,6-Iodoquinoline,"1d, 6-I-Q",1,0.0004,"2c, Trifluoroborate",1,Pd(OAc)2,0.0625,P(o-Tol)3,0.125,CsF,2.5,THF,35.4156522963782,7279284.5
3631,6-Iodoquinoline,"1d, 6-I-Q",1,0.0004,"2c, Trifluoroborate",1,Pd(OAc)2,0.0625,CataCXium A,0.125,CsF,2.5,THF,60.0658580464526,13305686.0
3632,6-Iodoquinoline,"1d, 6-I-Q",1,0.0004,"2c, Trifluoroborate",1,Pd(OAc)2,0.0625,SPhos,0.125,CsF,2.5,THF,32.0402589891117,7870897.0
3633,6-Iodoquinoline,"1d, 6-I-Q",1,0.0004,"2c, Trifluoroborate",1,Pd(OAc)2,0.0625,dtbpf,0.125,CsF,2.5,THF,41.0559694365097,7818840.5
3634,6-Iodoquinoline,"1d, 6-I-Q",1,0.0004,"2c, Trifluoroborate",1,Pd(OAc)2,0.0625,XPhos,0.125,CsF,2.5,THF,28.83239162528,5476392.5
3635,6-Iodoquinoline,"1d, 6-I-Q",1,0.0004,"2c, Trifluoroborate",1,Pd(OAc)2,0.0625,dppf,0.125,CsF,2.5,THF,39.8662967636342,5553420.5
3636,6-Iodoquinoline,"1d, 6-I-Q",1,0.0004,"2c, Trifluoroborate",1,Pd(OAc)2,0.0625,Xantphos,0.125,CsF,2.5,THF,23.3310415661207,4963555.5
3637,6-Iodoquinoline,"1d, 6-I-Q",1,0.0004,"2c, Trifluoroborate",1,Pd(OAc)2,0.0625,,,K3PO4,2.5,THF,21.2431326766762,2908217.5
3638,6-Iodoquinoline,"1d, 6-I-Q",1,0.0004,"2c, Trifluoroborate",1,Pd(OAc)2,0.0625,P(tBu)3,0.125,K3PO4,2.5,THF,23.754197934025,4472638.0
3639,6-Iodoquinoline,"1d, 6-I-Q",1,0.0004,"2c, Trifluoroborate",1,Pd(OAc)2,0.0625,P(Ph)3 ,0.125,K3PO4,2.5,THF,55.8914816206912,11999173.0
3640,6-Iodoquinoline,"1d, 6-I-Q",1,0.0004,"2c, Trifluoroborate",1,Pd(OAc)2,0.0625,AmPhos,0.125,K3PO4,2.5,THF,44.9804032016286,10856028.0
3641,6-Iodoquinoline,"1d, 6-I-Q",1,0.0004,"2c, Trifluoroborate",1,Pd(OAc)2,0.0625,P(Cy)3,0.125,K3PO4,2.5,THF,43.3202169693786,9498430.0
3642,6-Iodoquinoline,"1d, 6-I-Q",1,0.0004,"2c, Trifluoroborate",1,Pd(OAc)2,0.0625,P(o-Tol)3,0.125,K3PO4,2.5,THF,40.6499156482224,9707086.0
3643,6-Iodoquinoline,"1d, 6-I-Q",1,0.0004,"2c, Trifluoroborate",1,Pd(OAc)2,0.0625,CataCXium A,0.125,K3PO4,2.5,THF,58.1992783162919,12723862.0
3644,6-Iodoquinoline,"1d, 6-I-Q",1,0.0004,"2c, Trifluoroborate",1,Pd(OAc)2,0.0625,SPhos,0.125,K3PO4,2.5,THF,30.7564235196156,6746235.0
3645,6-Iodoquinoline,"1d, 6-I-Q",1,0.0004,"2c, Trifluoroborate",1,Pd(OAc)2,0.0625,dtbpf,0.125,K3PO4,2.5,THF,37.8376914691619,8784306.0
3646,6-Iodoquinoline,"1d, 6-I-Q",1,0.0004,"2c, Trifluoroborate",1,Pd(OAc)2,0.0625,XPhos,0.125,K3PO4,2.5,THF,31.5059851578663,8215621.0
3647,6-Iodoquinoline,"1d, 6-I-Q",1,0.0004,"2c, Trifluoroborate",1,Pd(OAc)2,0.0625,dppf,0.125,K3PO4,2.5,THF,38.7094371708939,5915495.5
3648,6-Iodoquinoline,"1d, 6-I-Q",1,0.0004,"2c, Trifluoroborate",1,Pd(OAc)2,0.0625,Xantphos,0.125,K3PO4,2.5,THF,22.2010193671679,3366368.75
3649,6-Iodoquinoline,"1d, 6-I-Q",1,0.0004,"2c, Trifluoroborate",1,Pd(OAc)2,0.0625,,,,2.5,DMF,14.9059398677293,51438.77734375
3650,6-Iodoquinoline,"1d, 6-I-Q",1,0.0004,"2c, Trifluoroborate",1,Pd(OAc)2,0.0625,P(tBu)3,0.125,,2.5,DMF,13.0542278995477,258217.5
3651,6-Iodoquinoline,"1d, 6-I-Q",1,0.0004,"2c, Trifluoroborate",1,Pd(OAc)2,0.0625,P(Ph)3 ,0.125,,2.5,DMF,15.8611628014356,594582.125
3652,6-Iodoquinoline,"1d, 6-I-Q",1,0.0004,"2c, Trifluoroborate",1,Pd(OAc)2,0.0625,AmPhos,0.125,,2.5,DMF,21.9907768614629,584356.125
3653,6-Iodoquinoline,"1d, 6-I-Q",1,0.0004,"2c, Trifluoroborate",1,Pd(OAc)2,0.0625,P(Cy)3,0.125,,2.5,DMF,17.5308015431549,1836581.125
3654,6-Iodoquinoline,"1d, 6-I-Q",1,0.0004,"2c, Trifluoroborate",1,Pd(OAc)2,0.0625,P(o-Tol)3,0.125,,2.5,DMF,14.7945756547157,442788.0
3655,6-Iodoquinoline,"1d, 6-I-Q",1,0.0004,"2c, Trifluoroborate",1,Pd(OAc)2,0.0625,CataCXium A,0.125,,2.5,DMF,13.9658476451378,770837.0
3656,6-Iodoquinoline,"1d, 6-I-Q",1,0.0004,"2c, Trifluoroborate",1,Pd(OAc)2,0.0625,SPhos,0.125,,2.5,DMF,14.8945288409416,599895.8125
3657,6-Iodoquinoline,"1d, 6-I-Q",1,0.0004,"2c, Trifluoroborate",1,Pd(OAc)2,0.0625,dtbpf,0.125,,2.5,DMF,23.0574311204559,351207.0
3658,6-Iodoquinoline,"1d, 6-I-Q",1,0.0004,"2c, Trifluoroborate",1,Pd(OAc)2,0.0625,XPhos,0.125,,2.5,DMF,22.3901076122702,304657.90625
3659,6-Iodoquinoline,"1d, 6-I-Q",1,0.0004,"2c, Trifluoroborate",1,Pd(OAc)2,0.0625,dppf,0.125,,2.5,DMF,23.3784327214012,465341.09375
3660,6-Iodoquinoline,"1d, 6-I-Q",1,0.0004,"2c, Trifluoroborate",1,Pd(OAc)2,0.0625,Xantphos,0.125,,2.5,DMF,14.5555510169496,201860.9375
3661,6-Iodoquinoline,"1d, 6-I-Q",1,0.0004,"2c, Trifluoroborate",1,Pd(OAc)2,0.0625,,,NaOH,2.5,DMF,23.6657395280234,75423.1640625
3662,6-Iodoquinoline,"1d, 6-I-Q",1,0.0004,"2c, Trifluoroborate",1,Pd(OAc)2,0.0625,P(tBu)3,0.125,NaOH,2.5,DMF,16.212147075983,198351.1875
3663,6-Iodoquinoline,"1d, 6-I-Q",1,0.0004,"2c, Trifluoroborate",1,Pd(OAc)2,0.0625,P(Ph)3 ,0.125,NaOH,2.5,DMF,20.233016292172,344675.09375
3664,6-Iodoquinoline,"1d, 6-I-Q",1,0.0004,"2c, Trifluoroborate",1,Pd(OAc)2,0.0625,AmPhos,0.125,NaOH,2.5,DMF,19.903109699024,159825.015625
3665,6-Iodoquinoline,"1d, 6-I-Q",1,0.0004,"2c, Trifluoroborate",1,Pd(OAc)2,0.0625,P(Cy)3,0.125,NaOH,2.5,DMF,16.8580436947127,204125.375
3666,6-Iodoquinoline,"1d, 6-I-Q",1,0.0004,"2c, Trifluoroborate",1,Pd(OAc)2,0.0625,P(o-Tol)3,0.125,NaOH,2.5,DMF,19.2160842271495,208864.828125
3667,6-Iodoquinoline,"1d, 6-I-Q",1,0.0004,"2c, Trifluoroborate",1,Pd(OAc)2,0.0625,CataCXium A,0.125,NaOH,2.5,DMF,18.8321502719919,105136.8515625
3668,6-Iodoquinoline,"1d, 6-I-Q",1,0.0004,"2c, Trifluoroborate",1,Pd(OAc)2,0.0625,SPhos,0.125,NaOH,2.5,DMF,18.6582556149359,104979.8671875
3669,6-Iodoquinoline,"1d, 6-I-Q",1,0.0004,"2c, Trifluoroborate",1,Pd(OAc)2,0.0625,dtbpf,0.125,NaOH,2.5,DMF,27.3247606905449,108291.8828125
3670,6-Iodoquinoline,"1d, 6-I-Q",1,0.0004,"2c, Trifluoroborate",1,Pd(OAc)2,0.0625,XPhos,0.125,NaOH,2.5,DMF,19.7787849405763,81515.8515625
3671,6-Iodoquinoline,"1d, 6-I-Q",1,0.0004,"2c, Trifluoroborate",1,Pd(OAc)2,0.0625,dppf,0.125,NaOH,2.5,DMF,29.4189858956879,25437.42578125
3672,6-Iodoquinoline,"1d, 6-I-Q",1,0.0004,"2c, Trifluoroborate",1,Pd(OAc)2,0.0625,Xantphos,0.125,NaOH,2.5,DMF,17.9146053904125,86959.984375
3673,6-Iodoquinoline,"1d, 6-I-Q",1,0.0004,"2c, Trifluoroborate",1,Pd(OAc)2,0.0625,,,KOH,2.5,DMF,15.3130560291833,121623.8828125
3674,6-Iodoquinoline,"1d, 6-I-Q",1,0.0004,"2c, Trifluoroborate",1,Pd(OAc)2,0.0625,P(tBu)3,0.125,KOH,2.5,DMF,19.0910786971542,391682.75
3675,6-Iodoquinoline,"1d, 6-I-Q",1,0.0004,"2c, Trifluoroborate",1,Pd(OAc)2,0.0625,P(Ph)3 ,0.125,KOH,2.5,DMF,16.5850953548946,268027.59375
3676,6-Iodoquinoline,"1d, 6-I-Q",1,0.0004,"2c, Trifluoroborate",1,Pd(OAc)2,0.0625,AmPhos,0.125,KOH,2.5,DMF,13.8155557367,360359.96875
3677,6-Iodoquinoline,"1d, 6-I-Q",1,0.0004,"2c, Trifluoroborate",1,Pd(OAc)2,0.0625,P(Cy)3,0.125,KOH,2.5,DMF,16.6681887407604,167968.34375
3678,6-Iodoquinoline,"1d, 6-I-Q",1,0.0004,"2c, Trifluoroborate",1,Pd(OAc)2,0.0625,P(o-Tol)3,0.125,KOH,2.5,DMF,20.6109796757417,184199.21875
3679,6-Iodoquinoline,"1d, 6-I-Q",1,0.0004,"2c, Trifluoroborate",1,Pd(OAc)2,0.0625,CataCXium A,0.125,KOH,2.5,DMF,15.8467335228627,167654.921875
3680,6-Iodoquinoline,"1d, 6-I-Q",1,0.0004,"2c, Trifluoroborate",1,Pd(OAc)2,0.0625,SPhos,0.125,KOH,2.5,DMF,14.7033641087878,167597.9375
3681,6-Iodoquinoline,"1d, 6-I-Q",1,0.0004,"2c, Trifluoroborate",1,Pd(OAc)2,0.0625,dtbpf,0.125,KOH,2.5,DMF,22.403857154667,230705.765625
3682,6-Iodoquinoline,"1d, 6-I-Q",1,0.0004,"2c, Trifluoroborate",1,Pd(OAc)2,0.0625,XPhos,0.125,KOH,2.5,DMF,16.5083402583799,142272.1875
3683,6-Iodoquinoline,"1d, 6-I-Q",1,0.0004,"2c, Trifluoroborate",1,Pd(OAc)2,0.0625,dppf,0.125,KOH,2.5,DMF,19.722751496206,116347.6328125
3684,6-Iodoquinoline,"1d, 6-I-Q",1,0.0004,"2c, Trifluoroborate",1,Pd(OAc)2,0.0625,Xantphos,0.125,KOH,2.5,DMF,17.5415758984048,120605.296875
3685,6-Iodoquinoline,"1d, 6-I-Q",1,0.0004,"2c, Trifluoroborate",1,Pd(OAc)2,0.0625,,,LiOtBu,2.5,DMF,14.5659678718254,74386.796875
3686,6-Iodoquinoline,"1d, 6-I-Q",1,0.0004,"2c, Trifluoroborate",1,Pd(OAc)2,0.0625,P(tBu)3,0.125,LiOtBu,2.5,DMF,18.8663752276703,254899.234375
3687,6-Iodoquinoline,"1d, 6-I-Q",1,0.0004,"2c, Trifluoroborate",1,Pd(OAc)2,0.0625,P(Ph)3 ,0.125,LiOtBu,2.5,DMF,15.1668044289183,531872.8125
3688,6-Iodoquinoline,"1d, 6-I-Q",1,0.0004,"2c, Trifluoroborate",1,Pd(OAc)2,0.0625,AmPhos,0.125,LiOtBu,2.5,DMF,12.5229385041126,299360.40625
3689,6-Iodoquinoline,"1d, 6-I-Q",1,0.0004,"2c, Trifluoroborate",1,Pd(OAc)2,0.0625,P(Cy)3,0.125,LiOtBu,2.5,DMF,14.0373047743535,126682.109375
3690,6-Iodoquinoline,"1d, 6-I-Q",1,0.0004,"2c, Trifluoroborate",1,Pd(OAc)2,0.0625,P(o-Tol)3,0.125,LiOtBu,2.5,DMF,14.4100134248879,127101.7265625
3691,6-Iodoquinoline,"1d, 6-I-Q",1,0.0004,"2c, Trifluoroborate",1,Pd(OAc)2,0.0625,CataCXium A,0.125,LiOtBu,2.5,DMF,14.158622948775,98605.15625
3692,6-Iodoquinoline,"1d, 6-I-Q",1,0.0004,"2c, Trifluoroborate",1,Pd(OAc)2,0.0625,SPhos,0.125,LiOtBu,2.5,DMF,8.88771532362329,102935.96875
3693,6-Iodoquinoline,"1d, 6-I-Q",1,0.0004,"2c, Trifluoroborate",1,Pd(OAc)2,0.0625,dtbpf,0.125,LiOtBu,2.5,DMF,15.6419893960582,226164.4375
3694,6-Iodoquinoline,"1d, 6-I-Q",1,0.0004,"2c, Trifluoroborate",1,Pd(OAc)2,0.0625,XPhos,0.125,LiOtBu,2.5,DMF,5.86580903274626,146683.75
3695,6-Iodoquinoline,"1d, 6-I-Q",1,0.0004,"2c, Trifluoroborate",1,Pd(OAc)2,0.0625,dppf,0.125,LiOtBu,2.5,DMF,18.0297440130328,80562.9140625
3696,6-Iodoquinoline,"1d, 6-I-Q",1,0.0004,"2c, Trifluoroborate",1,Pd(OAc)2,0.0625,Xantphos,0.125,LiOtBu,2.5,DMF,11.8240958016408,181884.9375
3697,6-Iodoquinoline,"1d, 6-I-Q",1,0.0004,"2c, Trifluoroborate",1,Pd(OAc)2,0.0625,,,NaHCO3,2.5,DMF,15.2511670292274,108132.453125
3698,6-Iodoquinoline,"1d, 6-I-Q",1,0.0004,"2c, Trifluoroborate",1,Pd(OAc)2,0.0625,P(tBu)3,0.125,NaHCO3,2.5,DMF,14.8491968293494,540026.4375
3699,6-Iodoquinoline,"1d, 6-I-Q",1,0.0004,"2c, Trifluoroborate",1,Pd(OAc)2,0.0625,P(Ph)3 ,0.125,NaHCO3,2.5,DMF,15.2368803804395,367268.25
3700,6-Iodoquinoline,"1d, 6-I-Q",1,0.0004,"2c, Trifluoroborate",1,Pd(OAc)2,0.0625,AmPhos,0.125,NaHCO3,2.5,DMF,13.7459976380914,454168.25
3701,6-Iodoquinoline,"1d, 6-I-Q",1,0.0004,"2c, Trifluoroborate",1,Pd(OAc)2,0.0625,P(Cy)3,0.125,NaHCO3,2.5,DMF,13.4980268015851,142603.625
3702,6-Iodoquinoline,"1d, 6-I-Q",1,0.0004,"2c, Trifluoroborate",1,Pd(OAc)2,0.0625,P(o-Tol)3,0.125,NaHCO3,2.5,DMF,15.9260488234943,180487.359375
3703,6-Iodoquinoline,"1d, 6-I-Q",1,0.0004,"2c, Trifluoroborate",1,Pd(OAc)2,0.0625,CataCXium A,0.125,NaHCO3,2.5,DMF,14.9375503579623,273953.84375
3704,6-Iodoquinoline,"1d, 6-I-Q",1,0.0004,"2c, Trifluoroborate",1,Pd(OAc)2,0.0625,SPhos,0.125,NaHCO3,2.5,DMF,13.8892949041685,121068.765625
3705,6-Iodoquinoline,"1d, 6-I-Q",1,0.0004,"2c, Trifluoroborate",1,Pd(OAc)2,0.0625,dtbpf,0.125,NaHCO3,2.5,DMF,15.4867170507133,250104.59375
3706,6-Iodoquinoline,"1d, 6-I-Q",1,0.0004,"2c, Trifluoroborate",1,Pd(OAc)2,0.0625,XPhos,0.125,NaHCO3,2.5,DMF,15.1534675503182,81979.359375
3707,6-Iodoquinoline,"1d, 6-I-Q",1,0.0004,"2c, Trifluoroborate",1,Pd(OAc)2,0.0625,dppf,0.125,NaHCO3,2.5,DMF,19.3633831981644,151136.5625
3708,6-Iodoquinoline,"1d, 6-I-Q",1,0.0004,"2c, Trifluoroborate",1,Pd(OAc)2,0.0625,Xantphos,0.125,NaHCO3,2.5,DMF,14.8133327105075,76505.4921875
3709,6-Iodoquinoline,"1d, 6-I-Q",1,0.0004,"2c, Trifluoroborate",1,Pd(OAc)2,0.0625,,,Et3N,2.5,DMF,17.8300016286417,79696.59375
3710,6-Iodoquinoline,"1d, 6-I-Q",1,0.0004,"2c, Trifluoroborate",1,Pd(OAc)2,0.0625,P(tBu)3,0.125,Et3N,2.5,DMF,15.3324535019382,499953.21875
3711,6-Iodoquinoline,"1d, 6-I-Q",1,0.0004,"2c, Trifluoroborate",1,Pd(OAc)2,0.0625,P(Ph)3 ,0.125,Et3N,2.5,DMF,15.5674245092998,302088.46875
3712,6-Iodoquinoline,"1d, 6-I-Q",1,0.0004,"2c, Trifluoroborate",1,Pd(OAc)2,0.0625,AmPhos,0.125,Et3N,2.5,DMF,14.340035743036,479191.90625
3713,6-Iodoquinoline,"1d, 6-I-Q",1,0.0004,"2c, Trifluoroborate",1,Pd(OAc)2,0.0625,P(Cy)3,0.125,Et3N,2.5,DMF,16.5594510722834,292920.46875
3714,6-Iodoquinoline,"1d, 6-I-Q",1,0.0004,"2c, Trifluoroborate",1,Pd(OAc)2,0.0625,P(o-Tol)3,0.125,Et3N,2.5,DMF,14.666445164957,207953.671875
3715,6-Iodoquinoline,"1d, 6-I-Q",1,0.0004,"2c, Trifluoroborate",1,Pd(OAc)2,0.0625,CataCXium A,0.125,Et3N,2.5,DMF,13.1039120692299,161962.46875
3716,6-Iodoquinoline,"1d, 6-I-Q",1,0.0004,"2c, Trifluoroborate",1,Pd(OAc)2,0.0625,SPhos,0.125,Et3N,2.5,DMF,14.385334677654,78731.078125
3717,6-Iodoquinoline,"1d, 6-I-Q",1,0.0004,"2c, Trifluoroborate",1,Pd(OAc)2,0.0625,dtbpf,0.125,Et3N,2.5,DMF,16.3041580161282,152142.21875
3718,6-Iodoquinoline,"1d, 6-I-Q",1,0.0004,"2c, Trifluoroborate",1,Pd(OAc)2,0.0625,XPhos,0.125,Et3N,2.5,DMF,15.6290667618539,110808.2109375
3719,6-Iodoquinoline,"1d, 6-I-Q",1,0.0004,"2c, Trifluoroborate",1,Pd(OAc)2,0.0625,dppf,0.125,Et3N,2.5,DMF,17.463483259776,248073.15625
3720,6-Iodoquinoline,"1d, 6-I-Q",1,0.0004,"2c, Trifluoroborate",1,Pd(OAc)2,0.0625,Xantphos,0.125,Et3N,2.5,DMF,15.4332684035717,62566.58984375
3721,6-Iodoquinoline,"1d, 6-I-Q",1,0.0004,"2c, Trifluoroborate",1,Pd(OAc)2,0.0625,,,CsF,2.5,DMF,14.3635950523749,123303.765625
3722,6-Iodoquinoline,"1d, 6-I-Q",1,0.0004,"2c, Trifluoroborate",1,Pd(OAc)2,0.0625,P(tBu)3,0.125,CsF,2.5,DMF,13.4561364248408,603218.5625
3723,6-Iodoquinoline,"1d, 6-I-Q",1,0.0004,"2c, Trifluoroborate",1,Pd(OAc)2,0.0625,P(Ph)3 ,0.125,CsF,2.5,DMF,15.0952684873105,423161.46875
3724,6-Iodoquinoline,"1d, 6-I-Q",1,0.0004,"2c, Trifluoroborate",1,Pd(OAc)2,0.0625,AmPhos,0.125,CsF,2.5,DMF,13.1377975189612,538652.625
3725,6-Iodoquinoline,"1d, 6-I-Q",1,0.0004,"2c, Trifluoroborate",1,Pd(OAc)2,0.0625,P(Cy)3,0.125,CsF,2.5,DMF,14.7316185510617,185670.625
3726,6-Iodoquinoline,"1d, 6-I-Q",1,0.0004,"2c, Trifluoroborate",1,Pd(OAc)2,0.0625,P(o-Tol)3,0.125,CsF,2.5,DMF,14.4507658656202,279122.15625
3727,6-Iodoquinoline,"1d, 6-I-Q",1,0.0004,"2c, Trifluoroborate",1,Pd(OAc)2,0.0625,CataCXium A,0.125,CsF,2.5,DMF,19.5754001245159,353796.0625
3728,6-Iodoquinoline,"1d, 6-I-Q",1,0.0004,"2c, Trifluoroborate",1,Pd(OAc)2,0.0625,SPhos,0.125,CsF,2.5,DMF,13.6084387569873,175421.046875
3729,6-Iodoquinoline,"1d, 6-I-Q",1,0.0004,"2c, Trifluoroborate",1,Pd(OAc)2,0.0625,dtbpf,0.125,CsF,2.5,DMF,27.9478531558983,206308.203125
3730,6-Iodoquinoline,"1d, 6-I-Q",1,0.0004,"2c, Trifluoroborate",1,Pd(OAc)2,0.0625,XPhos,0.125,CsF,2.5,DMF,15.964708931255,111170.1953125
3731,6-Iodoquinoline,"1d, 6-I-Q",1,0.0004,"2c, Trifluoroborate",1,Pd(OAc)2,0.0625,dppf,0.125,CsF,2.5,DMF,19.5085881539364,229772.3125
3732,6-Iodoquinoline,"1d, 6-I-Q",1,0.0004,"2c, Trifluoroborate",1,Pd(OAc)2,0.0625,Xantphos,0.125,CsF,2.5,DMF,16.3261983744739,113072.359375
3733,6-Iodoquinoline,"1d, 6-I-Q",1,0.0004,"2c, Trifluoroborate",1,Pd(OAc)2,0.0625,,,K3PO4,2.5,DMF,14.0999504250751,82555.296875
3734,6-Iodoquinoline,"1d, 6-I-Q",1,0.0004,"2c, Trifluoroborate",1,Pd(OAc)2,0.0625,P(tBu)3,0.125,K3PO4,2.5,DMF,31.5747261529548,149405.90625
3735,6-Iodoquinoline,"1d, 6-I-Q",1,0.0004,"2c, Trifluoroborate",1,Pd(OAc)2,0.0625,P(Ph)3 ,0.125,K3PO4,2.5,DMF,19.0848375844463,376467.4375
3736,6-Iodoquinoline,"1d, 6-I-Q",1,0.0004,"2c, Trifluoroborate",1,Pd(OAc)2,0.0625,AmPhos,0.125,K3PO4,2.5,DMF,26.7728849060903,186553.328125
3737,6-Iodoquinoline,"1d, 6-I-Q",1,0.0004,"2c, Trifluoroborate",1,Pd(OAc)2,0.0625,P(Cy)3,0.125,K3PO4,2.5,DMF,13.6915461041426,175746.765625
3738,6-Iodoquinoline,"1d, 6-I-Q",1,0.0004,"2c, Trifluoroborate",1,Pd(OAc)2,0.0625,P(o-Tol)3,0.125,K3PO4,2.5,DMF,14.1292603914138,198280.703125
3739,6-Iodoquinoline,"1d, 6-I-Q",1,0.0004,"2c, Trifluoroborate",1,Pd(OAc)2,0.0625,CataCXium A,0.125,K3PO4,2.5,DMF,14.5537168323904,339077.09375
3740,6-Iodoquinoline,"1d, 6-I-Q",1,0.0004,"2c, Trifluoroborate",1,Pd(OAc)2,0.0625,SPhos,0.125,K3PO4,2.5,DMF,31.3482251595535,71297.8984375
3741,6-Iodoquinoline,"1d, 6-I-Q",1,0.0004,"2c, Trifluoroborate",1,Pd(OAc)2,0.0625,dtbpf,0.125,K3PO4,2.5,DMF,34.3718624816686,81873.7265625
3742,6-Iodoquinoline,"1d, 6-I-Q",1,0.0004,"2c, Trifluoroborate",1,Pd(OAc)2,0.0625,XPhos,0.125,K3PO4,2.5,DMF,15.824820763377,81810.03125
3743,6-Iodoquinoline,"1d, 6-I-Q",1,0.0004,"2c, Trifluoroborate",1,Pd(OAc)2,0.0625,dppf,0.125,K3PO4,2.5,DMF,39.4168018510119,74434.65625
3744,6-Iodoquinoline,"1d, 6-I-Q",1,0.0004,"2c, Trifluoroborate",1,Pd(OAc)2,0.0625,Xantphos,0.125,K3PO4,2.5,DMF,14.2652786667629,54772.7109375
3745,6-Iodoquinoline,"1d, 6-I-Q",1,0.0004,"2c, Trifluoroborate",1,Pd(OAc)2,0.0625,,,,2.5,MeOH,28.4952020661514,1438479.875
3746,6-Iodoquinoline,"1d, 6-I-Q",1,0.0004,"2c, Trifluoroborate",1,Pd(OAc)2,0.0625,P(tBu)3,0.125,,2.5,MeOH,16.4443472478812,3831866.5
3747,6-Iodoquinoline,"1d, 6-I-Q",1,0.0004,"2c, Trifluoroborate",1,Pd(OAc)2,0.0625,P(Ph)3 ,0.125,,2.5,MeOH,56.5604437882675,11223322.0
3748,6-Iodoquinoline,"1d, 6-I-Q",1,0.0004,"2c, Trifluoroborate",1,Pd(OAc)2,0.0625,AmPhos,0.125,,2.5,MeOH,45.1715878483393,10503649.0
3749,6-Iodoquinoline,"1d, 6-I-Q",1,0.0004,"2c, Trifluoroborate",1,Pd(OAc)2,0.0625,P(Cy)3,0.125,,2.5,MeOH,21.8786447398918,3671688.5
3750,6-Iodoquinoline,"1d, 6-I-Q",1,0.0004,"2c, Trifluoroborate",1,Pd(OAc)2,0.0625,P(o-Tol)3,0.125,,2.5,MeOH,56.2904853106707,12515489.0
3751,6-Iodoquinoline,"1d, 6-I-Q",1,0.0004,"2c, Trifluoroborate",1,Pd(OAc)2,0.0625,CataCXium A,0.125,,2.5,MeOH,43.9449063439494,7851029.0
3752,6-Iodoquinoline,"1d, 6-I-Q",1,0.0004,"2c, Trifluoroborate",1,Pd(OAc)2,0.0625,SPhos,0.125,,2.5,MeOH,29.6731068807604,4594633.0
3753,6-Iodoquinoline,"1d, 6-I-Q",1,0.0004,"2c, Trifluoroborate",1,Pd(OAc)2,0.0625,dtbpf,0.125,,2.5,MeOH,27.2605300677344,4046197.75
3754,6-Iodoquinoline,"1d, 6-I-Q",1,0.0004,"2c, Trifluoroborate",1,Pd(OAc)2,0.0625,XPhos,0.125,,2.5,MeOH,30.1439605561664,5453445.5
3755,6-Iodoquinoline,"1d, 6-I-Q",1,0.0004,"2c, Trifluoroborate",1,Pd(OAc)2,0.0625,dppf,0.125,,2.5,MeOH,37.1767710759476,5295618.0
3756,6-Iodoquinoline,"1d, 6-I-Q",1,0.0004,"2c, Trifluoroborate",1,Pd(OAc)2,0.0625,Xantphos,0.125,,2.5,MeOH,19.5553399998139,3500275.5
3757,6-Iodoquinoline,"1d, 6-I-Q",1,0.0004,"2c, Trifluoroborate",1,Pd(OAc)2,0.0625,,,NaOH,2.5,MeOH,54.6793661911336,10148716.0
3758,6-Iodoquinoline,"1d, 6-I-Q",1,0.0004,"2c, Trifluoroborate",1,Pd(OAc)2,0.0625,P(tBu)3,0.125,NaOH,2.5,MeOH,48.3027504646496,9470409.0
3759,6-Iodoquinoline,"1d, 6-I-Q",1,0.0004,"2c, Trifluoroborate",1,Pd(OAc)2,0.0625,P(Ph)3 ,0.125,NaOH,2.5,MeOH,75.1777102333432,16551565.0
3760,6-Iodoquinoline,"1d, 6-I-Q",1,0.0004,"2c, Trifluoroborate",1,Pd(OAc)2,0.0625,AmPhos,0.125,NaOH,2.5,MeOH,63.0354014912605,15500930.0
3761,6-Iodoquinoline,"1d, 6-I-Q",1,0.0004,"2c, Trifluoroborate",1,Pd(OAc)2,0.0625,P(Cy)3,0.125,NaOH,2.5,MeOH,75.0566199656418,15412327.0
3762,6-Iodoquinoline,"1d, 6-I-Q",1,0.0004,"2c, Trifluoroborate",1,Pd(OAc)2,0.0625,P(o-Tol)3,0.125,NaOH,2.5,MeOH,72.1499976246691,16136537.0
3763,6-Iodoquinoline,"1d, 6-I-Q",1,0.0004,"2c, Trifluoroborate",1,Pd(OAc)2,0.0625,CataCXium A,0.125,NaOH,2.5,MeOH,70.3077737334652,11576454.0
3764,6-Iodoquinoline,"1d, 6-I-Q",1,0.0004,"2c, Trifluoroborate",1,Pd(OAc)2,0.0625,SPhos,0.125,NaOH,2.5,MeOH,62.5704687145466,12404996.0
3765,6-Iodoquinoline,"1d, 6-I-Q",1,0.0004,"2c, Trifluoroborate",1,Pd(OAc)2,0.0625,dtbpf,0.125,NaOH,2.5,MeOH,53.27788409521,7753565.0
3766,6-Iodoquinoline,"1d, 6-I-Q",1,0.0004,"2c, Trifluoroborate",1,Pd(OAc)2,0.0625,XPhos,0.125,NaOH,2.5,MeOH,61.9532903371179,13464117.0
3767,6-Iodoquinoline,"1d, 6-I-Q",1,0.0004,"2c, Trifluoroborate",1,Pd(OAc)2,0.0625,dppf,0.125,NaOH,2.5,MeOH,69.9954687958913,14520059.0
3768,6-Iodoquinoline,"1d, 6-I-Q",1,0.0004,"2c, Trifluoroborate",1,Pd(OAc)2,0.0625,Xantphos,0.125,NaOH,2.5,MeOH,48.0464943422101,8859799.0
3769,6-Iodoquinoline,"1d, 6-I-Q",1,0.0004,"2c, Trifluoroborate",1,Pd(OAc)2,0.0625,,,KOH,2.5,MeOH,55.5509404106655,9642739.0
3770,6-Iodoquinoline,"1d, 6-I-Q",1,0.0004,"2c, Trifluoroborate",1,Pd(OAc)2,0.0625,P(tBu)3,0.125,KOH,2.5,MeOH,42.644654454378,8270949.0
3771,6-Iodoquinoline,"1d, 6-I-Q",1,0.0004,"2c, Trifluoroborate",1,Pd(OAc)2,0.0625,P(Ph)3 ,0.125,KOH,2.5,MeOH,69.3909615131461,13143290.0
3772,6-Iodoquinoline,"1d, 6-I-Q",1,0.0004,"2c, Trifluoroborate",1,Pd(OAc)2,0.0625,AmPhos,0.125,KOH,2.5,MeOH,60.0701933742825,14524262.0
3773,6-Iodoquinoline,"1d, 6-I-Q",1,0.0004,"2c, Trifluoroborate",1,Pd(OAc)2,0.0625,P(Cy)3,0.125,KOH,2.5,MeOH,68.6446353298661,13009231.0
3774,6-Iodoquinoline,"1d, 6-I-Q",1,0.0004,"2c, Trifluoroborate",1,Pd(OAc)2,0.0625,P(o-Tol)3,0.125,KOH,2.5,MeOH,69.9205879445981,16129223.0
3775,6-Iodoquinoline,"1d, 6-I-Q",1,0.0004,"2c, Trifluoroborate",1,Pd(OAc)2,0.0625,CataCXium A,0.125,KOH,2.5,MeOH,64.0428212149805,12899195.0
3776,6-Iodoquinoline,"1d, 6-I-Q",1,0.0004,"2c, Trifluoroborate",1,Pd(OAc)2,0.0625,SPhos,0.125,KOH,2.5,MeOH,51.0815096478882,11695147.0
3777,6-Iodoquinoline,"1d, 6-I-Q",1,0.0004,"2c, Trifluoroborate",1,Pd(OAc)2,0.0625,dtbpf,0.125,KOH,2.5,MeOH,57.3464860772497,9509777.0
3778,6-Iodoquinoline,"1d, 6-I-Q",1,0.0004,"2c, Trifluoroborate",1,Pd(OAc)2,0.0625,XPhos,0.125,KOH,2.5,MeOH,57.9241399555181,12069759.0
3779,6-Iodoquinoline,"1d, 6-I-Q",1,0.0004,"2c, Trifluoroborate",1,Pd(OAc)2,0.0625,dppf,0.125,KOH,2.5,MeOH,63.8837599416262,12915471.0
3780,6-Iodoquinoline,"1d, 6-I-Q",1,0.0004,"2c, Trifluoroborate",1,Pd(OAc)2,0.0625,Xantphos,0.125,KOH,2.5,MeOH,49.9399488188488,13302029.0
3781,6-Iodoquinoline,"1d, 6-I-Q",1,0.0004,"2c, Trifluoroborate",1,Pd(OAc)2,0.0625,,,LiOtBu,2.5,MeOH,62.3317685542718,11843771.0
3782,6-Iodoquinoline,"1d, 6-I-Q",1,0.0004,"2c, Trifluoroborate",1,Pd(OAc)2,0.0625,P(tBu)3,0.125,LiOtBu,2.5,MeOH,44.2254998793742,8103611.5
3783,6-Iodoquinoline,"1d, 6-I-Q",1,0.0004,"2c, Trifluoroborate",1,Pd(OAc)2,0.0625,P(Ph)3 ,0.125,LiOtBu,2.5,MeOH,78.3072922141363,13557474.0
3784,6-Iodoquinoline,"1d, 6-I-Q",1,0.0004,"2c, Trifluoroborate",1,Pd(OAc)2,0.0625,AmPhos,0.125,LiOtBu,2.5,MeOH,61.4808968074545,13582781.0
3785,6-Iodoquinoline,"1d, 6-I-Q",1,0.0004,"2c, Trifluoroborate",1,Pd(OAc)2,0.0625,P(Cy)3,0.125,LiOtBu,2.5,MeOH,73.7211079989132,14049498.0
3786,6-Iodoquinoline,"1d, 6-I-Q",1,0.0004,"2c, Trifluoroborate",1,Pd(OAc)2,0.0625,P(o-Tol)3,0.125,LiOtBu,2.5,MeOH,73.2366037014242,15575049.0
3787,6-Iodoquinoline,"1d, 6-I-Q",1,0.0004,"2c, Trifluoroborate",1,Pd(OAc)2,0.0625,CataCXium A,0.125,LiOtBu,2.5,MeOH,63.4211190262383,11609199.0
3788,6-Iodoquinoline,"1d, 6-I-Q",1,0.0004,"2c, Trifluoroborate",1,Pd(OAc)2,0.0625,SPhos,0.125,LiOtBu,2.5,MeOH,69.8226988849497,15155154.0
3789,6-Iodoquinoline,"1d, 6-I-Q",1,0.0004,"2c, Trifluoroborate",1,Pd(OAc)2,0.0625,dtbpf,0.125,LiOtBu,2.5,MeOH,54.2186905963502,9133354.0
3790,6-Iodoquinoline,"1d, 6-I-Q",1,0.0004,"2c, Trifluoroborate",1,Pd(OAc)2,0.0625,XPhos,0.125,LiOtBu,2.5,MeOH,64.548881757529,12693674.0
3791,6-Iodoquinoline,"1d, 6-I-Q",1,0.0004,"2c, Trifluoroborate",1,Pd(OAc)2,0.0625,dppf,0.125,LiOtBu,2.5,MeOH,76.7321761861174,15325619.0
3792,6-Iodoquinoline,"1d, 6-I-Q",1,0.0004,"2c, Trifluoroborate",1,Pd(OAc)2,0.0625,Xantphos,0.125,LiOtBu,2.5,MeOH,62.3763996706254,16215766.0
3793,6-Iodoquinoline,"1d, 6-I-Q",1,0.0004,"2c, Trifluoroborate",1,Pd(OAc)2,0.0625,,,NaHCO3,2.5,MeOH,65.8414540762397,11453578.0
3794,6-Iodoquinoline,"1d, 6-I-Q",1,0.0004,"2c, Trifluoroborate",1,Pd(OAc)2,0.0625,P(tBu)3,0.125,NaHCO3,2.5,MeOH,53.0919246082213,11127161.0
3795,6-Iodoquinoline,"1d, 6-I-Q",1,0.0004,"2c, Trifluoroborate",1,Pd(OAc)2,0.0625,P(Ph)3 ,0.125,NaHCO3,2.5,MeOH,81.4821066058961,14988125.0
3796,6-Iodoquinoline,"1d, 6-I-Q",1,0.0004,"2c, Trifluoroborate",1,Pd(OAc)2,0.0625,AmPhos,0.125,NaHCO3,2.5,MeOH,70.1449301402921,14036047.0
3797,6-Iodoquinoline,"1d, 6-I-Q",1,0.0004,"2c, Trifluoroborate",1,Pd(OAc)2,0.0625,P(Cy)3,0.125,NaHCO3,2.5,MeOH,69.9503085016821,13832141.0
3798,6-Iodoquinoline,"1d, 6-I-Q",1,0.0004,"2c, Trifluoroborate",1,Pd(OAc)2,0.0625,P(o-Tol)3,0.125,NaHCO3,2.5,MeOH,80.6547188959674,16466405.0
3799,6-Iodoquinoline,"1d, 6-I-Q",1,0.0004,"2c, Trifluoroborate",1,Pd(OAc)2,0.0625,CataCXium A,0.125,NaHCO3,2.5,MeOH,82.2284092138906,14675250.0
3800,6-Iodoquinoline,"1d, 6-I-Q",1,0.0004,"2c, Trifluoroborate",1,Pd(OAc)2,0.0625,SPhos,0.125,NaHCO3,2.5,MeOH,66.3970082094299,12130635.0
3801,6-Iodoquinoline,"1d, 6-I-Q",1,0.0004,"2c, Trifluoroborate",1,Pd(OAc)2,0.0625,dtbpf,0.125,NaHCO3,2.5,MeOH,57.505889606042,8727041.00000001
3802,6-Iodoquinoline,"1d, 6-I-Q",1,0.0004,"2c, Trifluoroborate",1,Pd(OAc)2,0.0625,XPhos,0.125,NaHCO3,2.5,MeOH,61.0296924597366,10309707.0
3803,6-Iodoquinoline,"1d, 6-I-Q",1,0.0004,"2c, Trifluoroborate",1,Pd(OAc)2,0.0625,dppf,0.125,NaHCO3,2.5,MeOH,75.9982892387165,14064337.0
3804,6-Iodoquinoline,"1d, 6-I-Q",1,0.0004,"2c, Trifluoroborate",1,Pd(OAc)2,0.0625,Xantphos,0.125,NaHCO3,2.5,MeOH,51.9097806824974,13589722.0
3805,6-Iodoquinoline,"1d, 6-I-Q",1,0.0004,"2c, Trifluoroborate",1,Pd(OAc)2,0.0625,,,Et3N,2.5,MeOH,55.5200505523389,9576449.0
3806,6-Iodoquinoline,"1d, 6-I-Q",1,0.0004,"2c, Trifluoroborate",1,Pd(OAc)2,0.0625,P(tBu)3,0.125,Et3N,2.5,MeOH,46.6139037102528,8914206.0
3807,6-Iodoquinoline,"1d, 6-I-Q",1,0.0004,"2c, Trifluoroborate",1,Pd(OAc)2,0.0625,P(Ph)3 ,0.125,Et3N,2.5,MeOH,80.0940271373007,15589188.0
3808,6-Iodoquinoline,"1d, 6-I-Q",1,0.0004,"2c, Trifluoroborate",1,Pd(OAc)2,0.0625,AmPhos,0.125,Et3N,2.5,MeOH,74.7421070293837,15958672.0
3809,6-Iodoquinoline,"1d, 6-I-Q",1,0.0004,"2c, Trifluoroborate",1,Pd(OAc)2,0.0625,P(Cy)3,0.125,Et3N,2.5,MeOH,73.9090576305505,14387410.0
3810,6-Iodoquinoline,"1d, 6-I-Q",1,0.0004,"2c, Trifluoroborate",1,Pd(OAc)2,0.0625,P(o-Tol)3,0.125,Et3N,2.5,MeOH,79.3981316603031,12240199.0
3811,6-Iodoquinoline,"1d, 6-I-Q",1,0.0004,"2c, Trifluoroborate",1,Pd(OAc)2,0.0625,CataCXium A,0.125,Et3N,2.5,MeOH,81.2458349131119,17193692.0
3812,6-Iodoquinoline,"1d, 6-I-Q",1,0.0004,"2c, Trifluoroborate",1,Pd(OAc)2,0.0625,SPhos,0.125,Et3N,2.5,MeOH,58.7483355388874,11594187.0
3813,6-Iodoquinoline,"1d, 6-I-Q",1,0.0004,"2c, Trifluoroborate",1,Pd(OAc)2,0.0625,dtbpf,0.125,Et3N,2.5,MeOH,50.9265262934118,7566782.5
3814,6-Iodoquinoline,"1d, 6-I-Q",1,0.0004,"2c, Trifluoroborate",1,Pd(OAc)2,0.0625,XPhos,0.125,Et3N,2.5,MeOH,44.3453518104686,9332267.0
3815,6-Iodoquinoline,"1d, 6-I-Q",1,0.0004,"2c, Trifluoroborate",1,Pd(OAc)2,0.0625,dppf,0.125,Et3N,2.5,MeOH,68.0510194454965,13159969.0
3816,6-Iodoquinoline,"1d, 6-I-Q",1,0.0004,"2c, Trifluoroborate",1,Pd(OAc)2,0.0625,Xantphos,0.125,Et3N,2.5,MeOH,34.8500681171297,9251919.0
3817,6-Iodoquinoline,"1d, 6-I-Q",1,0.0004,"2c, Trifluoroborate",1,Pd(OAc)2,0.0625,,,CsF,2.5,MeOH,62.045933973464,9611659.0
3818,6-Iodoquinoline,"1d, 6-I-Q",1,0.0004,"2c, Trifluoroborate",1,Pd(OAc)2,0.0625,P(tBu)3,0.125,CsF,2.5,MeOH,53.8193123547784,9677072.0
3819,6-Iodoquinoline,"1d, 6-I-Q",1,0.0004,"2c, Trifluoroborate",1,Pd(OAc)2,0.0625,P(Ph)3 ,0.125,CsF,2.5,MeOH,82.9046166312952,16091335.0
3820,6-Iodoquinoline,"1d, 6-I-Q",1,0.0004,"2c, Trifluoroborate",1,Pd(OAc)2,0.0625,AmPhos,0.125,CsF,2.5,MeOH,78.9240917491657,15163378.0
3821,6-Iodoquinoline,"1d, 6-I-Q",1,0.0004,"2c, Trifluoroborate",1,Pd(OAc)2,0.0625,P(Cy)3,0.125,CsF,2.5,MeOH,66.1337527890555,12752109.0
3822,6-Iodoquinoline,"1d, 6-I-Q",1,0.0004,"2c, Trifluoroborate",1,Pd(OAc)2,0.0625,P(o-Tol)3,0.125,CsF,2.5,MeOH,84.7733854491986,13534491.0
3823,6-Iodoquinoline,"1d, 6-I-Q",1,0.0004,"2c, Trifluoroborate",1,Pd(OAc)2,0.0625,CataCXium A,0.125,CsF,2.5,MeOH,74.9555518376032,14358462.0
3824,6-Iodoquinoline,"1d, 6-I-Q",1,0.0004,"2c, Trifluoroborate",1,Pd(OAc)2,0.0625,SPhos,0.125,CsF,2.5,MeOH,59.4661586003598,12251716.0
3825,6-Iodoquinoline,"1d, 6-I-Q",1,0.0004,"2c, Trifluoroborate",1,Pd(OAc)2,0.0625,dtbpf,0.125,CsF,2.5,MeOH,60.6513241273071,8759354.0
3826,6-Iodoquinoline,"1d, 6-I-Q",1,0.0004,"2c, Trifluoroborate",1,Pd(OAc)2,0.0625,XPhos,0.125,CsF,2.5,MeOH,50.8693311192704,10235277.0
3827,6-Iodoquinoline,"1d, 6-I-Q",1,0.0004,"2c, Trifluoroborate",1,Pd(OAc)2,0.0625,dppf,0.125,CsF,2.5,MeOH,68.6230574433106,13491020.0
3828,6-Iodoquinoline,"1d, 6-I-Q",1,0.0004,"2c, Trifluoroborate",1,Pd(OAc)2,0.0625,Xantphos,0.125,CsF,2.5,MeOH,39.216159409312,9861634.0
3829,6-Iodoquinoline,"1d, 6-I-Q",1,0.0004,"2c, Trifluoroborate",1,Pd(OAc)2,0.0625,,,K3PO4,2.5,MeOH,59.0365709597526,10198912.0
3830,6-Iodoquinoline,"1d, 6-I-Q",1,0.0004,"2c, Trifluoroborate",1,Pd(OAc)2,0.0625,P(tBu)3,0.125,K3PO4,2.5,MeOH,49.7427052492114,7456220.5
3831,6-Iodoquinoline,"1d, 6-I-Q",1,0.0004,"2c, Trifluoroborate",1,Pd(OAc)2,0.0625,P(Ph)3 ,0.125,K3PO4,2.5,MeOH,78.9020845745036,14291072.0
3832,6-Iodoquinoline,"1d, 6-I-Q",1,0.0004,"2c, Trifluoroborate",1,Pd(OAc)2,0.0625,AmPhos,0.125,K3PO4,2.5,MeOH,70.7674475133563,13434487.0
3833,6-Iodoquinoline,"1d, 6-I-Q",1,0.0004,"2c, Trifluoroborate",1,Pd(OAc)2,0.0625,P(Cy)3,0.125,K3PO4,2.5,MeOH,78.5853448223002,16198052.0
3834,6-Iodoquinoline,"1d, 6-I-Q",1,0.0004,"2c, Trifluoroborate",1,Pd(OAc)2,0.0625,P(o-Tol)3,0.125,K3PO4,2.5,MeOH,71.8185918465951,12471583.0
3835,6-Iodoquinoline,"1d, 6-I-Q",1,0.0004,"2c, Trifluoroborate",1,Pd(OAc)2,0.0625,CataCXium A,0.125,K3PO4,2.5,MeOH,76.9818268296818,11271109.0
3836,6-Iodoquinoline,"1d, 6-I-Q",1,0.0004,"2c, Trifluoroborate",1,Pd(OAc)2,0.0625,SPhos,0.125,K3PO4,2.5,MeOH,68.5057573371533,11137969.0
3837,6-Iodoquinoline,"1d, 6-I-Q",1,0.0004,"2c, Trifluoroborate",1,Pd(OAc)2,0.0625,dtbpf,0.125,K3PO4,2.5,MeOH,66.4300763091381,10319284.0
3838,6-Iodoquinoline,"1d, 6-I-Q",1,0.0004,"2c, Trifluoroborate",1,Pd(OAc)2,0.0625,XPhos,0.125,K3PO4,2.5,MeOH,67.0199222196961,12046575.0
3839,6-Iodoquinoline,"1d, 6-I-Q",1,0.0004,"2c, Trifluoroborate",1,Pd(OAc)2,0.0625,dppf,0.125,K3PO4,2.5,MeOH,71.1210279413871,13807982.0
3840,6-Iodoquinoline,"1d, 6-I-Q",1,0.0004,"2c, Trifluoroborate",1,Pd(OAc)2,0.0625,Xantphos,0.125,K3PO4,2.5,MeOH,40.8769317904903,6918384.0
3841,6-Bromoquinoline,"1b, 6-Br-Q",1,0.0004,"2c, Trifluoroborate",1,Pd(OAc)2,0.0625,,,,2.5,MeCN,16.5303321260305,385743.53125
3842,6-Bromoquinoline,"1b, 6-Br-Q",1,0.0004,"2c, Trifluoroborate",1,Pd(OAc)2,0.0625,P(tBu)3,0.125,,2.5,MeCN,12.4107209570012,281313.375
3843,6-Bromoquinoline,"1b, 6-Br-Q",1,0.0004,"2c, Trifluoroborate",1,Pd(OAc)2,0.0625,P(Ph)3 ,0.125,,2.5,MeCN,23.0208433871824,1244121.25
3844,6-Bromoquinoline,"1b, 6-Br-Q",1,0.0004,"2c, Trifluoroborate",1,Pd(OAc)2,0.0625,AmPhos,0.125,,2.5,MeCN,20.7027245626601,3142848.5
3845,6-Bromoquinoline,"1b, 6-Br-Q",1,0.0004,"2c, Trifluoroborate",1,Pd(OAc)2,0.0625,P(Cy)3,0.125,,2.5,MeCN,12.9376085216106,164524.484375
3846,6-Bromoquinoline,"1b, 6-Br-Q",1,0.0004,"2c, Trifluoroborate",1,Pd(OAc)2,0.0625,P(o-Tol)3,0.125,,2.5,MeCN,15.2323973593782,235542.375
3847,6-Bromoquinoline,"1b, 6-Br-Q",1,0.0004,"2c, Trifluoroborate",1,Pd(OAc)2,0.0625,CataCXium A,0.125,,2.5,MeCN,14.7878278593665,511234.90625
3848,6-Bromoquinoline,"1b, 6-Br-Q",1,0.0004,"2c, Trifluoroborate",1,Pd(OAc)2,0.0625,SPhos,0.125,,2.5,MeCN,13.0113019135555,398345.125
3849,6-Bromoquinoline,"1b, 6-Br-Q",1,0.0004,"2c, Trifluoroborate",1,Pd(OAc)2,0.0625,dtbpf,0.125,,2.5,MeCN,22.2685236228263,1538208.375
3850,6-Bromoquinoline,"1b, 6-Br-Q",1,0.0004,"2c, Trifluoroborate",1,Pd(OAc)2,0.0625,XPhos,0.125,,2.5,MeCN,13.8766717240713,111208.53125
3851,6-Bromoquinoline,"1b, 6-Br-Q",1,0.0004,"2c, Trifluoroborate",1,Pd(OAc)2,0.0625,dppf,0.125,,2.5,MeCN,17.3273157267264,279258.21875
3852,6-Bromoquinoline,"1b, 6-Br-Q",1,0.0004,"2c, Trifluoroborate",1,Pd(OAc)2,0.0625,Xantphos,0.125,,2.5,MeCN,13.3237650172296,74518.5625
3853,6-Bromoquinoline,"1b, 6-Br-Q",1,0.0004,"2c, Trifluoroborate",1,Pd(OAc)2,0.0625,,,NaOH,2.5,MeCN,18.6962773997355,100618.8828125
3854,6-Bromoquinoline,"1b, 6-Br-Q",1,0.0004,"2c, Trifluoroborate",1,Pd(OAc)2,0.0625,P(tBu)3,0.125,NaOH,2.5,MeCN,15.813947030338,138628.890625
3855,6-Bromoquinoline,"1b, 6-Br-Q",1,0.0004,"2c, Trifluoroborate",1,Pd(OAc)2,0.0625,P(Ph)3 ,0.125,NaOH,2.5,MeCN,18.1783243472374,546013.8125
3856,6-Bromoquinoline,"1b, 6-Br-Q",1,0.0004,"2c, Trifluoroborate",1,Pd(OAc)2,0.0625,AmPhos,0.125,NaOH,2.5,MeCN,17.4453874590467,553232.0625
3857,6-Bromoquinoline,"1b, 6-Br-Q",1,0.0004,"2c, Trifluoroborate",1,Pd(OAc)2,0.0625,P(Cy)3,0.125,NaOH,2.5,MeCN,17.8627565009368,81833.28125
3858,6-Bromoquinoline,"1b, 6-Br-Q",1,0.0004,"2c, Trifluoroborate",1,Pd(OAc)2,0.0625,P(o-Tol)3,0.125,NaOH,2.5,MeCN,17.2900536225997,77801.90625
3859,6-Bromoquinoline,"1b, 6-Br-Q",1,0.0004,"2c, Trifluoroborate",1,Pd(OAc)2,0.0625,CataCXium A,0.125,NaOH,2.5,MeCN,18.9611927112506,29603.693359375
3860,6-Bromoquinoline,"1b, 6-Br-Q",1,0.0004,"2c, Trifluoroborate",1,Pd(OAc)2,0.0625,SPhos,0.125,NaOH,2.5,MeCN,17.7898057975307,63551.0390625
3861,6-Bromoquinoline,"1b, 6-Br-Q",1,0.0004,"2c, Trifluoroborate",1,Pd(OAc)2,0.0625,dtbpf,0.125,NaOH,2.5,MeCN,17.8124356775525,107603.0234375
3862,6-Bromoquinoline,"1b, 6-Br-Q",1,0.0004,"2c, Trifluoroborate",1,Pd(OAc)2,0.0625,XPhos,0.125,NaOH,2.5,MeCN,21.2559661994207,67931.953125
3863,6-Bromoquinoline,"1b, 6-Br-Q",1,0.0004,"2c, Trifluoroborate",1,Pd(OAc)2,0.0625,dppf,0.125,NaOH,2.5,MeCN,20.9957159459615,34581.625
3864,6-Bromoquinoline,"1b, 6-Br-Q",1,0.0004,"2c, Trifluoroborate",1,Pd(OAc)2,0.0625,Xantphos,0.125,NaOH,2.5,MeCN,19.1182780915266,56019.37109375
3865,6-Bromoquinoline,"1b, 6-Br-Q",1,0.0004,"2c, Trifluoroborate",1,Pd(OAc)2,0.0625,,,KOH,2.5,MeCN,12.9252399010177,71623.3203125
3866,6-Bromoquinoline,"1b, 6-Br-Q",1,0.0004,"2c, Trifluoroborate",1,Pd(OAc)2,0.0625,P(tBu)3,0.125,KOH,2.5,MeCN,12.1712675259246,319515.40625
3867,6-Bromoquinoline,"1b, 6-Br-Q",1,0.0004,"2c, Trifluoroborate",1,Pd(OAc)2,0.0625,P(Ph)3 ,0.125,KOH,2.5,MeCN,17.7479626288931,1636061.875
3868,6-Bromoquinoline,"1b, 6-Br-Q",1,0.0004,"2c, Trifluoroborate",1,Pd(OAc)2,0.0625,AmPhos,0.125,KOH,2.5,MeCN,13.1628371040252,928105.5
3869,6-Bromoquinoline,"1b, 6-Br-Q",1,0.0004,"2c, Trifluoroborate",1,Pd(OAc)2,0.0625,P(Cy)3,0.125,KOH,2.5,MeCN,10.9904059371559,98276.3984375
3870,6-Bromoquinoline,"1b, 6-Br-Q",1,0.0004,"2c, Trifluoroborate",1,Pd(OAc)2,0.0625,P(o-Tol)3,0.125,KOH,2.5,MeCN,12.4102508459562,140135.921875
3871,6-Bromoquinoline,"1b, 6-Br-Q",1,0.0004,"2c, Trifluoroborate",1,Pd(OAc)2,0.0625,CataCXium A,0.125,KOH,2.5,MeCN,14.153984925477,466019.71875
3872,6-Bromoquinoline,"1b, 6-Br-Q",1,0.0004,"2c, Trifluoroborate",1,Pd(OAc)2,0.0625,SPhos,0.125,KOH,2.5,MeCN,12.904770851569,564181.3125
3873,6-Bromoquinoline,"1b, 6-Br-Q",1,0.0004,"2c, Trifluoroborate",1,Pd(OAc)2,0.0625,dtbpf,0.125,KOH,2.5,MeCN,19.9088749423748,450377.0625
3874,6-Bromoquinoline,"1b, 6-Br-Q",1,0.0004,"2c, Trifluoroborate",1,Pd(OAc)2,0.0625,XPhos,0.125,KOH,2.5,MeCN,12.0064887596766,139421.75
3875,6-Bromoquinoline,"1b, 6-Br-Q",1,0.0004,"2c, Trifluoroborate",1,Pd(OAc)2,0.0625,dppf,0.125,KOH,2.5,MeCN,20.9032953558158,42888.125
3876,6-Bromoquinoline,"1b, 6-Br-Q",1,0.0004,"2c, Trifluoroborate",1,Pd(OAc)2,0.0625,Xantphos,0.125,KOH,2.5,MeCN,12.347997567963,88113.8515625
3877,6-Bromoquinoline,"1b, 6-Br-Q",1,0.0004,"2c, Trifluoroborate",1,Pd(OAc)2,0.0625,,,LiOtBu,2.5,MeCN,13.0653481013617,109592.109375
3878,6-Bromoquinoline,"1b, 6-Br-Q",1,0.0004,"2c, Trifluoroborate",1,Pd(OAc)2,0.0625,P(tBu)3,0.125,LiOtBu,2.5,MeCN,14.142066300106,92457.40625
3879,6-Bromoquinoline,"1b, 6-Br-Q",1,0.0004,"2c, Trifluoroborate",1,Pd(OAc)2,0.0625,P(Ph)3 ,0.125,LiOtBu,2.5,MeCN,22.0913610451257,334137.15625
3880,6-Bromoquinoline,"1b, 6-Br-Q",1,0.0004,"2c, Trifluoroborate",1,Pd(OAc)2,0.0625,AmPhos,0.125,LiOtBu,2.5,MeCN,11.5397564506299,392430.5625
3881,6-Bromoquinoline,"1b, 6-Br-Q",1,0.0004,"2c, Trifluoroborate",1,Pd(OAc)2,0.0625,P(Cy)3,0.125,LiOtBu,2.5,MeCN,10.1004806862349,425103.5625
3882,6-Bromoquinoline,"1b, 6-Br-Q",1,0.0004,"2c, Trifluoroborate",1,Pd(OAc)2,0.0625,P(o-Tol)3,0.125,LiOtBu,2.5,MeCN,10.8741307570354,288888.25
3883,6-Bromoquinoline,"1b, 6-Br-Q",1,0.0004,"2c, Trifluoroborate",1,Pd(OAc)2,0.0625,CataCXium A,0.125,LiOtBu,2.5,MeCN,11.881057125102,177735.828125
3884,6-Bromoquinoline,"1b, 6-Br-Q",1,0.0004,"2c, Trifluoroborate",1,Pd(OAc)2,0.0625,SPhos,0.125,LiOtBu,2.5,MeCN,13.927412066974,81934.6484375
3885,6-Bromoquinoline,"1b, 6-Br-Q",1,0.0004,"2c, Trifluoroborate",1,Pd(OAc)2,0.0625,dtbpf,0.125,LiOtBu,2.5,MeCN,16.7797656098198,320292.125
3886,6-Bromoquinoline,"1b, 6-Br-Q",1,0.0004,"2c, Trifluoroborate",1,Pd(OAc)2,0.0625,XPhos,0.125,LiOtBu,2.5,MeCN,12.8928002461428,211140.0
3887,6-Bromoquinoline,"1b, 6-Br-Q",1,0.0004,"2c, Trifluoroborate",1,Pd(OAc)2,0.0625,dppf,0.125,LiOtBu,2.5,MeCN,22.7096687770233,25389.205078125
3888,6-Bromoquinoline,"1b, 6-Br-Q",1,0.0004,"2c, Trifluoroborate",1,Pd(OAc)2,0.0625,Xantphos,0.125,LiOtBu,2.5,MeCN,12.9703284223806,37881.8203125
3889,6-Bromoquinoline,"1b, 6-Br-Q",1,0.0004,"2c, Trifluoroborate",1,Pd(OAc)2,0.0625,,,NaHCO3,2.5,MeCN,12.4080137718424,60351.515625
3890,6-Bromoquinoline,"1b, 6-Br-Q",1,0.0004,"2c, Trifluoroborate",1,Pd(OAc)2,0.0625,P(tBu)3,0.125,NaHCO3,2.5,MeCN,10.1791355231639,185739.890625
3891,6-Bromoquinoline,"1b, 6-Br-Q",1,0.0004,"2c, Trifluoroborate",1,Pd(OAc)2,0.0625,P(Ph)3 ,0.125,NaHCO3,2.5,MeCN,14.4775564121699,934240.6875
3892,6-Bromoquinoline,"1b, 6-Br-Q",1,0.0004,"2c, Trifluoroborate",1,Pd(OAc)2,0.0625,AmPhos,0.125,NaHCO3,2.5,MeCN,23.1223215507468,7478654.5
3893,6-Bromoquinoline,"1b, 6-Br-Q",1,0.0004,"2c, Trifluoroborate",1,Pd(OAc)2,0.0625,P(Cy)3,0.125,NaHCO3,2.5,MeCN,30.8774282360636,9526352.0
3894,6-Bromoquinoline,"1b, 6-Br-Q",1,0.0004,"2c, Trifluoroborate",1,Pd(OAc)2,0.0625,P(o-Tol)3,0.125,NaHCO3,2.5,MeCN,15.0513912667319,2688102.25
3895,6-Bromoquinoline,"1b, 6-Br-Q",1,0.0004,"2c, Trifluoroborate",1,Pd(OAc)2,0.0625,CataCXium A,0.125,NaHCO3,2.5,MeCN,15.784512966748,2273011.25
3896,6-Bromoquinoline,"1b, 6-Br-Q",1,0.0004,"2c, Trifluoroborate",1,Pd(OAc)2,0.0625,SPhos,0.125,NaHCO3,2.5,MeCN,13.7881721435859,912249.8125
3897,6-Bromoquinoline,"1b, 6-Br-Q",1,0.0004,"2c, Trifluoroborate",1,Pd(OAc)2,0.0625,dtbpf,0.125,NaHCO3,2.5,MeCN,13.4639376484243,382938.03125
3898,6-Bromoquinoline,"1b, 6-Br-Q",1,0.0004,"2c, Trifluoroborate",1,Pd(OAc)2,0.0625,XPhos,0.125,NaHCO3,2.5,MeCN,12.7203172978365,131234.078125
3899,6-Bromoquinoline,"1b, 6-Br-Q",1,0.0004,"2c, Trifluoroborate",1,Pd(OAc)2,0.0625,dppf,0.125,NaHCO3,2.5,MeCN,20.7260570344574,595078.0
3900,6-Bromoquinoline,"1b, 6-Br-Q",1,0.0004,"2c, Trifluoroborate",1,Pd(OAc)2,0.0625,Xantphos,0.125,NaHCO3,2.5,MeCN,12.5096780136704,151274.28125
3901,6-Bromoquinoline,"1b, 6-Br-Q",1,0.0004,"2c, Trifluoroborate",1,Pd(OAc)2,0.0625,,,Et3N,2.5,MeCN,12.9963117255977,80609.546875
3902,6-Bromoquinoline,"1b, 6-Br-Q",1,0.0004,"2c, Trifluoroborate",1,Pd(OAc)2,0.0625,P(tBu)3,0.125,Et3N,2.5,MeCN,11.9746106912651,300031.09375
3903,6-Bromoquinoline,"1b, 6-Br-Q",1,0.0004,"2c, Trifluoroborate",1,Pd(OAc)2,0.0625,P(Ph)3 ,0.125,Et3N,2.5,MeCN,15.4286862804683,787347.5
3904,6-Bromoquinoline,"1b, 6-Br-Q",1,0.0004,"2c, Trifluoroborate",1,Pd(OAc)2,0.0625,AmPhos,0.125,Et3N,2.5,MeCN,14.4666755535584,1205961.75
3905,6-Bromoquinoline,"1b, 6-Br-Q",1,0.0004,"2c, Trifluoroborate",1,Pd(OAc)2,0.0625,P(Cy)3,0.125,Et3N,2.5,MeCN,13.3392446003212,336535.15625
3906,6-Bromoquinoline,"1b, 6-Br-Q",1,0.0004,"2c, Trifluoroborate",1,Pd(OAc)2,0.0625,P(o-Tol)3,0.125,Et3N,2.5,MeCN,13.0403530502945,376240.15625
3907,6-Bromoquinoline,"1b, 6-Br-Q",1,0.0004,"2c, Trifluoroborate",1,Pd(OAc)2,0.0625,CataCXium A,0.125,Et3N,2.5,MeCN,14.290912412724,316587.46875
3908,6-Bromoquinoline,"1b, 6-Br-Q",1,0.0004,"2c, Trifluoroborate",1,Pd(OAc)2,0.0625,SPhos,0.125,Et3N,2.5,MeCN,12.4794001332314,289912.1875
3909,6-Bromoquinoline,"1b, 6-Br-Q",1,0.0004,"2c, Trifluoroborate",1,Pd(OAc)2,0.0625,dtbpf,0.125,Et3N,2.5,MeCN,16.0437755110856,573352.75
3910,6-Bromoquinoline,"1b, 6-Br-Q",1,0.0004,"2c, Trifluoroborate",1,Pd(OAc)2,0.0625,XPhos,0.125,Et3N,2.5,MeCN,12.467561854787,182805.140625
3911,6-Bromoquinoline,"1b, 6-Br-Q",1,0.0004,"2c, Trifluoroborate",1,Pd(OAc)2,0.0625,dppf,0.125,Et3N,2.5,MeCN,21.0364006564294,174675.859375
3912,6-Bromoquinoline,"1b, 6-Br-Q",1,0.0004,"2c, Trifluoroborate",1,Pd(OAc)2,0.0625,Xantphos,0.125,Et3N,2.5,MeCN,12.7058431240814,45734.78125
3913,6-Bromoquinoline,"1b, 6-Br-Q",1,0.0004,"2c, Trifluoroborate",1,Pd(OAc)2,0.0625,,,CsF,2.5,MeCN,13.9558749461689,110304.4765625
3914,6-Bromoquinoline,"1b, 6-Br-Q",1,0.0004,"2c, Trifluoroborate",1,Pd(OAc)2,0.0625,P(tBu)3,0.125,CsF,2.5,MeCN,15.0919841109037,666825.625
3915,6-Bromoquinoline,"1b, 6-Br-Q",1,0.0004,"2c, Trifluoroborate",1,Pd(OAc)2,0.0625,P(Ph)3 ,0.125,CsF,2.5,MeCN,16.4250487565644,1523362.625
3916,6-Bromoquinoline,"1b, 6-Br-Q",1,0.0004,"2c, Trifluoroborate",1,Pd(OAc)2,0.0625,AmPhos,0.125,CsF,2.5,MeCN,12.8917091201748,890810.1875
3917,6-Bromoquinoline,"1b, 6-Br-Q",1,0.0004,"2c, Trifluoroborate",1,Pd(OAc)2,0.0625,P(Cy)3,0.125,CsF,2.5,MeCN,11.2889763350482,278095.875
3918,6-Bromoquinoline,"1b, 6-Br-Q",1,0.0004,"2c, Trifluoroborate",1,Pd(OAc)2,0.0625,P(o-Tol)3,0.125,CsF,2.5,MeCN,13.8230680892582,735146.5625
3919,6-Bromoquinoline,"1b, 6-Br-Q",1,0.0004,"2c, Trifluoroborate",1,Pd(OAc)2,0.0625,CataCXium A,0.125,CsF,2.5,MeCN,14.8776957978118,1042475.0
3920,6-Bromoquinoline,"1b, 6-Br-Q",1,0.0004,"2c, Trifluoroborate",1,Pd(OAc)2,0.0625,SPhos,0.125,CsF,2.5,MeCN,12.2010010560295,394200.78125
3921,6-Bromoquinoline,"1b, 6-Br-Q",1,0.0004,"2c, Trifluoroborate",1,Pd(OAc)2,0.0625,dtbpf,0.125,CsF,2.5,MeCN,14.088859016586,376247.46875
3922,6-Bromoquinoline,"1b, 6-Br-Q",1,0.0004,"2c, Trifluoroborate",1,Pd(OAc)2,0.0625,XPhos,0.125,CsF,2.5,MeCN,13.0440950688018,149193.546875
3923,6-Bromoquinoline,"1b, 6-Br-Q",1,0.0004,"2c, Trifluoroborate",1,Pd(OAc)2,0.0625,dppf,0.125,CsF,2.5,MeCN,21.2683975574131,727635.8125
3924,6-Bromoquinoline,"1b, 6-Br-Q",1,0.0004,"2c, Trifluoroborate",1,Pd(OAc)2,0.0625,Xantphos,0.125,CsF,2.5,MeCN,12.8320495720887,114577.2421875
3925,6-Bromoquinoline,"1b, 6-Br-Q",1,0.0004,"2c, Trifluoroborate",1,Pd(OAc)2,0.0625,,,K3PO4,2.5,MeCN,16.9248697498483,78506.8984375
3926,6-Bromoquinoline,"1b, 6-Br-Q",1,0.0004,"2c, Trifluoroborate",1,Pd(OAc)2,0.0625,P(tBu)3,0.125,K3PO4,2.5,MeCN,12.8602628892346,320163.15625
3927,6-Bromoquinoline,"1b, 6-Br-Q",1,0.0004,"2c, Trifluoroborate",1,Pd(OAc)2,0.0625,P(Ph)3 ,0.125,K3PO4,2.5,MeCN,17.7682777679585,1359402.375
3928,6-Bromoquinoline,"1b, 6-Br-Q",1,0.0004,"2c, Trifluoroborate",1,Pd(OAc)2,0.0625,AmPhos,0.125,K3PO4,2.5,MeCN,17.8764241294788,524017.03125
3929,6-Bromoquinoline,"1b, 6-Br-Q",1,0.0004,"2c, Trifluoroborate",1,Pd(OAc)2,0.0625,P(Cy)3,0.125,K3PO4,2.5,MeCN,12.9875924442688,284296.09375
3930,6-Bromoquinoline,"1b, 6-Br-Q",1,0.0004,"2c, Trifluoroborate",1,Pd(OAc)2,0.0625,P(o-Tol)3,0.125,K3PO4,2.5,MeCN,13.5260942374049,239794.859375
3931,6-Bromoquinoline,"1b, 6-Br-Q",1,0.0004,"2c, Trifluoroborate",1,Pd(OAc)2,0.0625,CataCXium A,0.125,K3PO4,2.5,MeCN,13.827473510766,370766.25
3932,6-Bromoquinoline,"1b, 6-Br-Q",1,0.0004,"2c, Trifluoroborate",1,Pd(OAc)2,0.0625,SPhos,0.125,K3PO4,2.5,MeCN,12.6760654995039,408655.125
3933,6-Bromoquinoline,"1b, 6-Br-Q",1,0.0004,"2c, Trifluoroborate",1,Pd(OAc)2,0.0625,dtbpf,0.125,K3PO4,2.5,MeCN,15.901689030784,813832.6875
3934,6-Bromoquinoline,"1b, 6-Br-Q",1,0.0004,"2c, Trifluoroborate",1,Pd(OAc)2,0.0625,XPhos,0.125,K3PO4,2.5,MeCN,12.8343307240686,130479.7734375
3935,6-Bromoquinoline,"1b, 6-Br-Q",1,0.0004,"2c, Trifluoroborate",1,Pd(OAc)2,0.0625,dppf,0.125,K3PO4,2.5,MeCN,21.4523223557977,193105.9375
3936,6-Bromoquinoline,"1b, 6-Br-Q",1,0.0004,"2c, Trifluoroborate",1,Pd(OAc)2,0.0625,Xantphos,0.125,K3PO4,2.5,MeCN,12.5457099664959,43274.4375
3937,6-Bromoquinoline,"1b, 6-Br-Q",1,0.0004,"2c, Trifluoroborate",1,Pd(OAc)2,0.0625,,,,2.5,THF,15.7667180386815,95564.65625
3938,6-Bromoquinoline,"1b, 6-Br-Q",1,0.0004,"2c, Trifluoroborate",1,Pd(OAc)2,0.0625,P(tBu)3,0.125,,2.5,THF,20.6909012249903,7329785.5
3939,6-Bromoquinoline,"1b, 6-Br-Q",1,0.0004,"2c, Trifluoroborate",1,Pd(OAc)2,0.0625,P(Ph)3 ,0.125,,2.5,THF,53.112336492035,14293969.0
3940,6-Bromoquinoline,"1b, 6-Br-Q",1,0.0004,"2c, Trifluoroborate",1,Pd(OAc)2,0.0625,AmPhos,0.125,,2.5,THF,46.4640149627061,17613236.0
3941,6-Bromoquinoline,"1b, 6-Br-Q",1,0.0004,"2c, Trifluoroborate",1,Pd(OAc)2,0.0625,P(Cy)3,0.125,,2.5,THF,18.3771051234799,2830406.0
3942,6-Bromoquinoline,"1b, 6-Br-Q",1,0.0004,"2c, Trifluoroborate",1,Pd(OAc)2,0.0625,P(o-Tol)3,0.125,,2.5,THF,20.1381564304942,5006972.5
3943,6-Bromoquinoline,"1b, 6-Br-Q",1,0.0004,"2c, Trifluoroborate",1,Pd(OAc)2,0.0625,CataCXium A,0.125,,2.5,THF,58.6909428325632,13806898.0
3944,6-Bromoquinoline,"1b, 6-Br-Q",1,0.0004,"2c, Trifluoroborate",1,Pd(OAc)2,0.0625,SPhos,0.125,,2.5,THF,13.9953394600167,799711.5
3945,6-Bromoquinoline,"1b, 6-Br-Q",1,0.0004,"2c, Trifluoroborate",1,Pd(OAc)2,0.0625,dtbpf,0.125,,2.5,THF,30.8930414430964,7447370.5
3946,6-Bromoquinoline,"1b, 6-Br-Q",1,0.0004,"2c, Trifluoroborate",1,Pd(OAc)2,0.0625,XPhos,0.125,,2.5,THF,16.7429665665234,1488218.125
3947,6-Bromoquinoline,"1b, 6-Br-Q",1,0.0004,"2c, Trifluoroborate",1,Pd(OAc)2,0.0625,dppf,0.125,,2.5,THF,24.6346603971697,1561312.375
3948,6-Bromoquinoline,"1b, 6-Br-Q",1,0.0004,"2c, Trifluoroborate",1,Pd(OAc)2,0.0625,Xantphos,0.125,,2.5,THF,15.6408520779533,303128.8125
3949,6-Bromoquinoline,"1b, 6-Br-Q",1,0.0004,"2c, Trifluoroborate",1,Pd(OAc)2,0.0625,,,NaOH,2.5,THF,23.5191941540809,98841.6953125
3950,6-Bromoquinoline,"1b, 6-Br-Q",1,0.0004,"2c, Trifluoroborate",1,Pd(OAc)2,0.0625,P(tBu)3,0.125,NaOH,2.5,THF,17.7034758199175,378726.96875
3951,6-Bromoquinoline,"1b, 6-Br-Q",1,0.0004,"2c, Trifluoroborate",1,Pd(OAc)2,0.0625,P(Ph)3 ,0.125,NaOH,2.5,THF,32.1025878589512,4715046.0
3952,6-Bromoquinoline,"1b, 6-Br-Q",1,0.0004,"2c, Trifluoroborate",1,Pd(OAc)2,0.0625,AmPhos,0.125,NaOH,2.5,THF,17.8705829394058,972348.625
3953,6-Bromoquinoline,"1b, 6-Br-Q",1,0.0004,"2c, Trifluoroborate",1,Pd(OAc)2,0.0625,P(Cy)3,0.125,NaOH,2.5,THF,18.7165126061604,109134.8671875
3954,6-Bromoquinoline,"1b, 6-Br-Q",1,0.0004,"2c, Trifluoroborate",1,Pd(OAc)2,0.0625,P(o-Tol)3,0.125,NaOH,2.5,THF,16.3200246509561,261897.953125
3955,6-Bromoquinoline,"1b, 6-Br-Q",1,0.0004,"2c, Trifluoroborate",1,Pd(OAc)2,0.0625,CataCXium A,0.125,NaOH,2.5,THF,17.7669226591237,242234.15625
3956,6-Bromoquinoline,"1b, 6-Br-Q",1,0.0004,"2c, Trifluoroborate",1,Pd(OAc)2,0.0625,SPhos,0.125,NaOH,2.5,THF,16.4910394585762,95188.875
3957,6-Bromoquinoline,"1b, 6-Br-Q",1,0.0004,"2c, Trifluoroborate",1,Pd(OAc)2,0.0625,dtbpf,0.125,NaOH,2.5,THF,23.3365464539622,1154091.125
3958,6-Bromoquinoline,"1b, 6-Br-Q",1,0.0004,"2c, Trifluoroborate",1,Pd(OAc)2,0.0625,XPhos,0.125,NaOH,2.5,THF,16.0683218788889,175990.234375
3959,6-Bromoquinoline,"1b, 6-Br-Q",1,0.0004,"2c, Trifluoroborate",1,Pd(OAc)2,0.0625,dppf,0.125,NaOH,2.5,THF,20.4948051760428,36882.96484375
3960,6-Bromoquinoline,"1b, 6-Br-Q",1,0.0004,"2c, Trifluoroborate",1,Pd(OAc)2,0.0625,Xantphos,0.125,NaOH,2.5,THF,17.9807085872222,67173.1953125
3961,6-Bromoquinoline,"1b, 6-Br-Q",1,0.0004,"2c, Trifluoroborate",1,Pd(OAc)2,0.0625,,,KOH,2.5,THF,14.821702539847,300682.34375
3962,6-Bromoquinoline,"1b, 6-Br-Q",1,0.0004,"2c, Trifluoroborate",1,Pd(OAc)2,0.0625,P(tBu)3,0.125,KOH,2.5,THF,28.529801166053,10038274.0
3963,6-Bromoquinoline,"1b, 6-Br-Q",1,0.0004,"2c, Trifluoroborate",1,Pd(OAc)2,0.0625,P(Ph)3 ,0.125,KOH,2.5,THF,37.8639307267408,8335925.5
3964,6-Bromoquinoline,"1b, 6-Br-Q",1,0.0004,"2c, Trifluoroborate",1,Pd(OAc)2,0.0625,AmPhos,0.125,KOH,2.5,THF,24.6935860610764,6887315.5
3965,6-Bromoquinoline,"1b, 6-Br-Q",1,0.0004,"2c, Trifluoroborate",1,Pd(OAc)2,0.0625,P(Cy)3,0.125,KOH,2.5,THF,16.0245688357878,1221021.0
3966,6-Bromoquinoline,"1b, 6-Br-Q",1,0.0004,"2c, Trifluoroborate",1,Pd(OAc)2,0.0625,P(o-Tol)3,0.125,KOH,2.5,THF,17.5264808917886,1317851.375
3967,6-Bromoquinoline,"1b, 6-Br-Q",1,0.0004,"2c, Trifluoroborate",1,Pd(OAc)2,0.0625,CataCXium A,0.125,KOH,2.5,THF,19.016909525014,1518402.125
3968,6-Bromoquinoline,"1b, 6-Br-Q",1,0.0004,"2c, Trifluoroborate",1,Pd(OAc)2,0.0625,SPhos,0.125,KOH,2.5,THF,15.3649546161143,348000.59375
3969,6-Bromoquinoline,"1b, 6-Br-Q",1,0.0004,"2c, Trifluoroborate",1,Pd(OAc)2,0.0625,dtbpf,0.125,KOH,2.5,THF,25.4619907651635,2752717.25
3970,6-Bromoquinoline,"1b, 6-Br-Q",1,0.0004,"2c, Trifluoroborate",1,Pd(OAc)2,0.0625,XPhos,0.125,KOH,2.5,THF,16.5178003374803,654264.6875
3971,6-Bromoquinoline,"1b, 6-Br-Q",1,0.0004,"2c, Trifluoroborate",1,Pd(OAc)2,0.0625,dppf,0.125,KOH,2.5,THF,21.2526051319947,67877.171875
3972,6-Bromoquinoline,"1b, 6-Br-Q",1,0.0004,"2c, Trifluoroborate",1,Pd(OAc)2,0.0625,Xantphos,0.125,KOH,2.5,THF,15.7578506124017,97925.0859375001
3973,6-Bromoquinoline,"1b, 6-Br-Q",1,0.0004,"2c, Trifluoroborate",1,Pd(OAc)2,0.0625,,,LiOtBu,2.5,THF,17.2404232240611,79568.0546875
3974,6-Bromoquinoline,"1b, 6-Br-Q",1,0.0004,"2c, Trifluoroborate",1,Pd(OAc)2,0.0625,P(tBu)3,0.125,LiOtBu,2.5,THF,18.3973693067571,959240.5625
3975,6-Bromoquinoline,"1b, 6-Br-Q",1,0.0004,"2c, Trifluoroborate",1,Pd(OAc)2,0.0625,P(Ph)3 ,0.125,LiOtBu,2.5,THF,32.6040294801367,6885095.5
3976,6-Bromoquinoline,"1b, 6-Br-Q",1,0.0004,"2c, Trifluoroborate",1,Pd(OAc)2,0.0625,AmPhos,0.125,LiOtBu,2.5,THF,21.0122990379066,3835087.75
3977,6-Bromoquinoline,"1b, 6-Br-Q",1,0.0004,"2c, Trifluoroborate",1,Pd(OAc)2,0.0625,P(Cy)3,0.125,LiOtBu,2.5,THF,14.7519844375044,398135.28125
3978,6-Bromoquinoline,"1b, 6-Br-Q",1,0.0004,"2c, Trifluoroborate",1,Pd(OAc)2,0.0625,P(o-Tol)3,0.125,LiOtBu,2.5,THF,22.2467564537038,4084530.25
3979,6-Bromoquinoline,"1b, 6-Br-Q",1,0.0004,"2c, Trifluoroborate",1,Pd(OAc)2,0.0625,CataCXium A,0.125,LiOtBu,2.5,THF,21.3897561202857,1254722.375
3980,6-Bromoquinoline,"1b, 6-Br-Q",1,0.0004,"2c, Trifluoroborate",1,Pd(OAc)2,0.0625,SPhos,0.125,LiOtBu,2.5,THF,15.4080483345732,233073.53125
3981,6-Bromoquinoline,"1b, 6-Br-Q",1,0.0004,"2c, Trifluoroborate",1,Pd(OAc)2,0.0625,dtbpf,0.125,LiOtBu,2.5,THF,25.8564502811331,2490756.25
3982,6-Bromoquinoline,"1b, 6-Br-Q",1,0.0004,"2c, Trifluoroborate",1,Pd(OAc)2,0.0625,XPhos,0.125,LiOtBu,2.5,THF,20.1448688843564,996551.625
3983,6-Bromoquinoline,"1b, 6-Br-Q",1,0.0004,"2c, Trifluoroborate",1,Pd(OAc)2,0.0625,dppf,0.125,LiOtBu,2.5,THF,27.7164055819481,29656.875
3984,6-Bromoquinoline,"1b, 6-Br-Q",1,0.0004,"2c, Trifluoroborate",1,Pd(OAc)2,0.0625,Xantphos,0.125,LiOtBu,2.5,THF,17.5951478268442,131784.296875
3985,6-Bromoquinoline,"1b, 6-Br-Q",1,0.0004,"2c, Trifluoroborate",1,Pd(OAc)2,0.0625,,,NaHCO3,2.5,THF,20.2544573766243,132817.046875
3986,6-Bromoquinoline,"1b, 6-Br-Q",1,0.0004,"2c, Trifluoroborate",1,Pd(OAc)2,0.0625,P(tBu)3,0.125,NaHCO3,2.5,THF,19.6395921780882,641257.9375
3987,6-Bromoquinoline,"1b, 6-Br-Q",1,0.0004,"2c, Trifluoroborate",1,Pd(OAc)2,0.0625,P(Ph)3 ,0.125,NaHCO3,2.5,THF,37.2267218939317,8094370.00000001
3988,6-Bromoquinoline,"1b, 6-Br-Q",1,0.0004,"2c, Trifluoroborate",1,Pd(OAc)2,0.0625,AmPhos,0.125,NaHCO3,2.5,THF,20.8181722101892,2606477.25
3989,6-Bromoquinoline,"1b, 6-Br-Q",1,0.0004,"2c, Trifluoroborate",1,Pd(OAc)2,0.0625,P(Cy)3,0.125,NaHCO3,2.5,THF,18.826680471828,694054.1875
3990,6-Bromoquinoline,"1b, 6-Br-Q",1,0.0004,"2c, Trifluoroborate",1,Pd(OAc)2,0.0625,P(o-Tol)3,0.125,NaHCO3,2.5,THF,18.3493064013225,366975.65625
3991,6-Bromoquinoline,"1b, 6-Br-Q",1,0.0004,"2c, Trifluoroborate",1,Pd(OAc)2,0.0625,CataCXium A,0.125,NaHCO3,2.5,THF,33.4837564765717,5507728.5
3992,6-Bromoquinoline,"1b, 6-Br-Q",1,0.0004,"2c, Trifluoroborate",1,Pd(OAc)2,0.0625,SPhos,0.125,NaHCO3,2.5,THF,16.1562184853638,139026.890625
3993,6-Bromoquinoline,"1b, 6-Br-Q",1,0.0004,"2c, Trifluoroborate",1,Pd(OAc)2,0.0625,dtbpf,0.125,NaHCO3,2.5,THF,27.8908657967793,2928840.25
3994,6-Bromoquinoline,"1b, 6-Br-Q",1,0.0004,"2c, Trifluoroborate",1,Pd(OAc)2,0.0625,XPhos,0.125,NaHCO3,2.5,THF,17.4101567797745,226251.015625
3995,6-Bromoquinoline,"1b, 6-Br-Q",1,0.0004,"2c, Trifluoroborate",1,Pd(OAc)2,0.0625,dppf,0.125,NaHCO3,2.5,THF,24.1696035865454,160038.859375
3996,6-Bromoquinoline,"1b, 6-Br-Q",1,0.0004,"2c, Trifluoroborate",1,Pd(OAc)2,0.0625,Xantphos,0.125,NaHCO3,2.5,THF,20.0890295044399,65100.68359375
3997,6-Bromoquinoline,"1b, 6-Br-Q",1,0.0004,"2c, Trifluoroborate",1,Pd(OAc)2,0.0625,,,Et3N,2.5,THF,19.0835388316796,87970.625
3998,6-Bromoquinoline,"1b, 6-Br-Q",1,0.0004,"2c, Trifluoroborate",1,Pd(OAc)2,0.0625,P(tBu)3,0.125,Et3N,2.5,THF,22.9271419587939,4010838.0
3999,6-Bromoquinoline,"1b, 6-Br-Q",1,0.0004,"2c, Trifluoroborate",1,Pd(OAc)2,0.0625,P(Ph)3 ,0.125,Et3N,2.5,THF,57.6827370474121,13403425.0
4000,6-Bromoquinoline,"1b, 6-Br-Q",1,0.0004,"2c, Trifluoroborate",1,Pd(OAc)2,0.0625,AmPhos,0.125,Et3N,2.5,THF,40.6524822352502,10874544.0
4001,6-Bromoquinoline,"1b, 6-Br-Q",1,0.0004,"2c, Trifluoroborate",1,Pd(OAc)2,0.0625,P(Cy)3,0.125,Et3N,2.5,THF,20.3814390190546,1008489.875
4002,6-Bromoquinoline,"1b, 6-Br-Q",1,0.0004,"2c, Trifluoroborate",1,Pd(OAc)2,0.0625,P(o-Tol)3,0.125,Et3N,2.5,THF,17.7730899432375,702450.125
4003,6-Bromoquinoline,"1b, 6-Br-Q",1,0.0004,"2c, Trifluoroborate",1,Pd(OAc)2,0.0625,CataCXium A,0.125,Et3N,2.5,THF,57.8852205235802,10945610.0
4004,6-Bromoquinoline,"1b, 6-Br-Q",1,0.0004,"2c, Trifluoroborate",1,Pd(OAc)2,0.0625,SPhos,0.125,Et3N,2.5,THF,17.0363838720475,721623.25
4005,6-Bromoquinoline,"1b, 6-Br-Q",1,0.0004,"2c, Trifluoroborate",1,Pd(OAc)2,0.0625,dtbpf,0.125,Et3N,2.5,THF,33.7383053552015,4987063.0
4006,6-Bromoquinoline,"1b, 6-Br-Q",1,0.0004,"2c, Trifluoroborate",1,Pd(OAc)2,0.0625,XPhos,0.125,Et3N,2.5,THF,15.9999333401678,243310.828125
4007,6-Bromoquinoline,"1b, 6-Br-Q",1,0.0004,"2c, Trifluoroborate",1,Pd(OAc)2,0.0625,dppf,0.125,Et3N,2.5,THF,28.4109264591555,349782.6875
4008,6-Bromoquinoline,"1b, 6-Br-Q",1,0.0004,"2c, Trifluoroborate",1,Pd(OAc)2,0.0625,Xantphos,0.125,Et3N,2.5,THF,18.3607159457543,261135.09375
4009,6-Bromoquinoline,"1b, 6-Br-Q",1,0.0004,"2c, Trifluoroborate",1,Pd(OAc)2,0.0625,,,CsF,2.5,THF,21.7315177162737,164890.828125
4010,6-Bromoquinoline,"1b, 6-Br-Q",1,0.0004,"2c, Trifluoroborate",1,Pd(OAc)2,0.0625,P(tBu)3,0.125,CsF,2.5,THF,25.2036778910408,3774887.75
4011,6-Bromoquinoline,"1b, 6-Br-Q",1,0.0004,"2c, Trifluoroborate",1,Pd(OAc)2,0.0625,P(Ph)3 ,0.125,CsF,2.5,THF,47.5451490150284,11787529.0
4012,6-Bromoquinoline,"1b, 6-Br-Q",1,0.0004,"2c, Trifluoroborate",1,Pd(OAc)2,0.0625,AmPhos,0.125,CsF,2.5,THF,52.1342567728515,15379341.0
4013,6-Bromoquinoline,"1b, 6-Br-Q",1,0.0004,"2c, Trifluoroborate",1,Pd(OAc)2,0.0625,P(Cy)3,0.125,CsF,2.5,THF,24.8094737496901,3450362.75
4014,6-Bromoquinoline,"1b, 6-Br-Q",1,0.0004,"2c, Trifluoroborate",1,Pd(OAc)2,0.0625,P(o-Tol)3,0.125,CsF,2.5,THF,20.8970803624696,1650691.625
4015,6-Bromoquinoline,"1b, 6-Br-Q",1,0.0004,"2c, Trifluoroborate",1,Pd(OAc)2,0.0625,CataCXium A,0.125,CsF,2.5,THF,57.2064930087038,10697209.0
4016,6-Bromoquinoline,"1b, 6-Br-Q",1,0.0004,"2c, Trifluoroborate",1,Pd(OAc)2,0.0625,SPhos,0.125,CsF,2.5,THF,17.1991460022776,403127.0625
4017,6-Bromoquinoline,"1b, 6-Br-Q",1,0.0004,"2c, Trifluoroborate",1,Pd(OAc)2,0.0625,dtbpf,0.125,CsF,2.5,THF,39.7215404385379,8316937.5
4018,6-Bromoquinoline,"1b, 6-Br-Q",1,0.0004,"2c, Trifluoroborate",1,Pd(OAc)2,0.0625,XPhos,0.125,CsF,2.5,THF,18.9075030148708,625345.3125
4019,6-Bromoquinoline,"1b, 6-Br-Q",1,0.0004,"2c, Trifluoroborate",1,Pd(OAc)2,0.0625,dppf,0.125,CsF,2.5,THF,26.6706662761019,183944.59375
4020,6-Bromoquinoline,"1b, 6-Br-Q",1,0.0004,"2c, Trifluoroborate",1,Pd(OAc)2,0.0625,Xantphos,0.125,CsF,2.5,THF,18.8098529526093,149494.796875
4021,6-Bromoquinoline,"1b, 6-Br-Q",1,0.0004,"2c, Trifluoroborate",1,Pd(OAc)2,0.0625,,,K3PO4,2.5,THF,20.7308113268397,92082.6796875
4022,6-Bromoquinoline,"1b, 6-Br-Q",1,0.0004,"2c, Trifluoroborate",1,Pd(OAc)2,0.0625,P(tBu)3,0.125,K3PO4,2.5,THF,28.0661395808034,6349146.5
4023,6-Bromoquinoline,"1b, 6-Br-Q",1,0.0004,"2c, Trifluoroborate",1,Pd(OAc)2,0.0625,P(Ph)3 ,0.125,K3PO4,2.5,THF,67.4856067345959,15402182.0
4024,6-Bromoquinoline,"1b, 6-Br-Q",1,0.0004,"2c, Trifluoroborate",1,Pd(OAc)2,0.0625,AmPhos,0.125,K3PO4,2.5,THF,50.0508182027367,14548921.0
4025,6-Bromoquinoline,"1b, 6-Br-Q",1,0.0004,"2c, Trifluoroborate",1,Pd(OAc)2,0.0625,P(Cy)3,0.125,K3PO4,2.5,THF,20.7663521595584,2170303.5
4026,6-Bromoquinoline,"1b, 6-Br-Q",1,0.0004,"2c, Trifluoroborate",1,Pd(OAc)2,0.0625,P(o-Tol)3,0.125,K3PO4,2.5,THF,20.8774317442202,1270752.0
4027,6-Bromoquinoline,"1b, 6-Br-Q",1,0.0004,"2c, Trifluoroborate",1,Pd(OAc)2,0.0625,CataCXium A,0.125,K3PO4,2.5,THF,67.6100198682185,13258607.0
4028,6-Bromoquinoline,"1b, 6-Br-Q",1,0.0004,"2c, Trifluoroborate",1,Pd(OAc)2,0.0625,SPhos,0.125,K3PO4,2.5,THF,17.2964046576797,708321.0625
4029,6-Bromoquinoline,"1b, 6-Br-Q",1,0.0004,"2c, Trifluoroborate",1,Pd(OAc)2,0.0625,dtbpf,0.125,K3PO4,2.5,THF,37.7755339223614,6507310.5
4030,6-Bromoquinoline,"1b, 6-Br-Q",1,0.0004,"2c, Trifluoroborate",1,Pd(OAc)2,0.0625,XPhos,0.125,K3PO4,2.5,THF,16.2324709707721,192123.796875
4031,6-Bromoquinoline,"1b, 6-Br-Q",1,0.0004,"2c, Trifluoroborate",1,Pd(OAc)2,0.0625,dppf,0.125,K3PO4,2.5,THF,23.6711332269804,163359.6875
4032,6-Bromoquinoline,"1b, 6-Br-Q",1,0.0004,"2c, Trifluoroborate",1,Pd(OAc)2,0.0625,Xantphos,0.125,K3PO4,2.5,THF,17.32386163814,217616.71875
4033,6-Bromoquinoline,"1b, 6-Br-Q",1,0.0004,"2c, Trifluoroborate",1,Pd(OAc)2,0.0625,,,,2.5,DMF,13.7846800353616,89773.6484375
4034,6-Bromoquinoline,"1b, 6-Br-Q",1,0.0004,"2c, Trifluoroborate",1,Pd(OAc)2,0.0625,P(tBu)3,0.125,,2.5,DMF,12.0222576458252,243184.453125
4035,6-Bromoquinoline,"1b, 6-Br-Q",1,0.0004,"2c, Trifluoroborate",1,Pd(OAc)2,0.0625,P(Ph)3 ,0.125,,2.5,DMF,13.7221830615036,550846.125
4036,6-Bromoquinoline,"1b, 6-Br-Q",1,0.0004,"2c, Trifluoroborate",1,Pd(OAc)2,0.0625,AmPhos,0.125,,2.5,DMF,12.4650690131646,418077.71875
4037,6-Bromoquinoline,"1b, 6-Br-Q",1,0.0004,"2c, Trifluoroborate",1,Pd(OAc)2,0.0625,P(Cy)3,0.125,,2.5,DMF,11.6543858946689,123311.46875
4038,6-Bromoquinoline,"1b, 6-Br-Q",1,0.0004,"2c, Trifluoroborate",1,Pd(OAc)2,0.0625,P(o-Tol)3,0.125,,2.5,DMF,13.8955671263702,135919.546875
4039,6-Bromoquinoline,"1b, 6-Br-Q",1,0.0004,"2c, Trifluoroborate",1,Pd(OAc)2,0.0625,CataCXium A,0.125,,2.5,DMF,13.5624211918866,178569.953125
4040,6-Bromoquinoline,"1b, 6-Br-Q",1,0.0004,"2c, Trifluoroborate",1,Pd(OAc)2,0.0625,SPhos,0.125,,2.5,DMF,13.7450452588558,128817.421875
4041,6-Bromoquinoline,"1b, 6-Br-Q",1,0.0004,"2c, Trifluoroborate",1,Pd(OAc)2,0.0625,dtbpf,0.125,,2.5,DMF,15.3592610620309,234450.609375
4042,6-Bromoquinoline,"1b, 6-Br-Q",1,0.0004,"2c, Trifluoroborate",1,Pd(OAc)2,0.0625,XPhos,0.125,,2.5,DMF,14.2996032138205,104030.6484375
4043,6-Bromoquinoline,"1b, 6-Br-Q",1,0.0004,"2c, Trifluoroborate",1,Pd(OAc)2,0.0625,dppf,0.125,,2.5,DMF,22.1398876701656,160616.21875
4044,6-Bromoquinoline,"1b, 6-Br-Q",1,0.0004,"2c, Trifluoroborate",1,Pd(OAc)2,0.0625,Xantphos,0.125,,2.5,DMF,13.1605471106343,94614.75
4045,6-Bromoquinoline,"1b, 6-Br-Q",1,0.0004,"2c, Trifluoroborate",1,Pd(OAc)2,0.0625,,,NaOH,2.5,DMF,18.7864818560697,39421.95703125
4046,6-Bromoquinoline,"1b, 6-Br-Q",1,0.0004,"2c, Trifluoroborate",1,Pd(OAc)2,0.0625,P(tBu)3,0.125,NaOH,2.5,DMF,16.90039164156,63005.34765625
4047,6-Bromoquinoline,"1b, 6-Br-Q",1,0.0004,"2c, Trifluoroborate",1,Pd(OAc)2,0.0625,P(Ph)3 ,0.125,NaOH,2.5,DMF,18.3002220540458,69702.796875
4048,6-Bromoquinoline,"1b, 6-Br-Q",1,0.0004,"2c, Trifluoroborate",1,Pd(OAc)2,0.0625,AmPhos,0.125,NaOH,2.5,DMF,17.0932770947037,62132.5625
4049,6-Bromoquinoline,"1b, 6-Br-Q",1,0.0004,"2c, Trifluoroborate",1,Pd(OAc)2,0.0625,P(Cy)3,0.125,NaOH,2.5,DMF,18.6385110186351,62454.47265625
4050,6-Bromoquinoline,"1b, 6-Br-Q",1,0.0004,"2c, Trifluoroborate",1,Pd(OAc)2,0.0625,P(o-Tol)3,0.125,NaOH,2.5,DMF,20.274016370864,40638.41015625
4051,6-Bromoquinoline,"1b, 6-Br-Q",1,0.0004,"2c, Trifluoroborate",1,Pd(OAc)2,0.0625,CataCXium A,0.125,NaOH,2.5,DMF,22.5291413511458,16081.90234375
4052,6-Bromoquinoline,"1b, 6-Br-Q",1,0.0004,"2c, Trifluoroborate",1,Pd(OAc)2,0.0625,SPhos,0.125,NaOH,2.5,DMF,17.3226162500905,41914.484375
4053,6-Bromoquinoline,"1b, 6-Br-Q",1,0.0004,"2c, Trifluoroborate",1,Pd(OAc)2,0.0625,dtbpf,0.125,NaOH,2.5,DMF,21.2802639968391,45637.703125
4054,6-Bromoquinoline,"1b, 6-Br-Q",1,0.0004,"2c, Trifluoroborate",1,Pd(OAc)2,0.0625,XPhos,0.125,NaOH,2.5,DMF,17.0901741627672,42141.74609375
4055,6-Bromoquinoline,"1b, 6-Br-Q",1,0.0004,"2c, Trifluoroborate",1,Pd(OAc)2,0.0625,dppf,0.125,NaOH,2.5,DMF,23.5936407014896,20748.892578125
4056,6-Bromoquinoline,"1b, 6-Br-Q",1,0.0004,"2c, Trifluoroborate",1,Pd(OAc)2,0.0625,Xantphos,0.125,NaOH,2.5,DMF,19.346238624056,46456.27734375
4057,6-Bromoquinoline,"1b, 6-Br-Q",1,0.0004,"2c, Trifluoroborate",1,Pd(OAc)2,0.0625,,,KOH,2.5,DMF,14.4810033510321,93249.28125
4058,6-Bromoquinoline,"1b, 6-Br-Q",1,0.0004,"2c, Trifluoroborate",1,Pd(OAc)2,0.0625,P(tBu)3,0.125,KOH,2.5,DMF,13.0352717241765,166074.875
4059,6-Bromoquinoline,"1b, 6-Br-Q",1,0.0004,"2c, Trifluoroborate",1,Pd(OAc)2,0.0625,P(Ph)3 ,0.125,KOH,2.5,DMF,13.5079650171132,207955.109375
4060,6-Bromoquinoline,"1b, 6-Br-Q",1,0.0004,"2c, Trifluoroborate",1,Pd(OAc)2,0.0625,AmPhos,0.125,KOH,2.5,DMF,12.3630571590628,122119.078125
4061,6-Bromoquinoline,"1b, 6-Br-Q",1,0.0004,"2c, Trifluoroborate",1,Pd(OAc)2,0.0625,P(Cy)3,0.125,KOH,2.5,DMF,14.0571181085843,174191.828125
4062,6-Bromoquinoline,"1b, 6-Br-Q",1,0.0004,"2c, Trifluoroborate",1,Pd(OAc)2,0.0625,P(o-Tol)3,0.125,KOH,2.5,DMF,14.2216613497428,121069.8203125
4063,6-Bromoquinoline,"1b, 6-Br-Q",1,0.0004,"2c, Trifluoroborate",1,Pd(OAc)2,0.0625,CataCXium A,0.125,KOH,2.5,DMF,13.7385358653544,86460.34375
4064,6-Bromoquinoline,"1b, 6-Br-Q",1,0.0004,"2c, Trifluoroborate",1,Pd(OAc)2,0.0625,SPhos,0.125,KOH,2.5,DMF,14.1046761776718,139772.40625
4065,6-Bromoquinoline,"1b, 6-Br-Q",1,0.0004,"2c, Trifluoroborate",1,Pd(OAc)2,0.0625,dtbpf,0.125,KOH,2.5,DMF,15.5344632065188,158205.421875
4066,6-Bromoquinoline,"1b, 6-Br-Q",1,0.0004,"2c, Trifluoroborate",1,Pd(OAc)2,0.0625,XPhos,0.125,KOH,2.5,DMF,14.1032999235711,147094.921875
4067,6-Bromoquinoline,"1b, 6-Br-Q",1,0.0004,"2c, Trifluoroborate",1,Pd(OAc)2,0.0625,dppf,0.125,KOH,2.5,DMF,20.8831981475224,41180.14453125
4068,6-Bromoquinoline,"1b, 6-Br-Q",1,0.0004,"2c, Trifluoroborate",1,Pd(OAc)2,0.0625,Xantphos,0.125,KOH,2.5,DMF,15.3312232304861,315389.53125
4069,6-Bromoquinoline,"1b, 6-Br-Q",1,0.0004,"2c, Trifluoroborate",1,Pd(OAc)2,0.0625,,,LiOtBu,2.5,DMF,13.7638644736428,59761.140625
4070,6-Bromoquinoline,"1b, 6-Br-Q",1,0.0004,"2c, Trifluoroborate",1,Pd(OAc)2,0.0625,P(tBu)3,0.125,LiOtBu,2.5,DMF,14.4813013548654,74318.1640625
4071,6-Bromoquinoline,"1b, 6-Br-Q",1,0.0004,"2c, Trifluoroborate",1,Pd(OAc)2,0.0625,P(Ph)3 ,0.125,LiOtBu,2.5,DMF,17.9882638902038,99502.1640625
4072,6-Bromoquinoline,"1b, 6-Br-Q",1,0.0004,"2c, Trifluoroborate",1,Pd(OAc)2,0.0625,AmPhos,0.125,LiOtBu,2.5,DMF,11.6044696210543,125238.375
4073,6-Bromoquinoline,"1b, 6-Br-Q",1,0.0004,"2c, Trifluoroborate",1,Pd(OAc)2,0.0625,P(Cy)3,0.125,LiOtBu,2.5,DMF,12.4409795105378,91886.9140625
4074,6-Bromoquinoline,"1b, 6-Br-Q",1,0.0004,"2c, Trifluoroborate",1,Pd(OAc)2,0.0625,P(o-Tol)3,0.125,LiOtBu,2.5,DMF,16.2675009284686,95838.21875
4075,6-Bromoquinoline,"1b, 6-Br-Q",1,0.0004,"2c, Trifluoroborate",1,Pd(OAc)2,0.0625,CataCXium A,0.125,LiOtBu,2.5,DMF,12.3641252111026,54977.01171875
4076,6-Bromoquinoline,"1b, 6-Br-Q",1,0.0004,"2c, Trifluoroborate",1,Pd(OAc)2,0.0625,SPhos,0.125,LiOtBu,2.5,DMF,13.531307330593,93249.609375
4077,6-Bromoquinoline,"1b, 6-Br-Q",1,0.0004,"2c, Trifluoroborate",1,Pd(OAc)2,0.0625,dtbpf,0.125,LiOtBu,2.5,DMF,16.5722622140949,113846.9765625
4078,6-Bromoquinoline,"1b, 6-Br-Q",1,0.0004,"2c, Trifluoroborate",1,Pd(OAc)2,0.0625,XPhos,0.125,LiOtBu,2.5,DMF,13.4971772002512,91806.0078125
4079,6-Bromoquinoline,"1b, 6-Br-Q",1,0.0004,"2c, Trifluoroborate",1,Pd(OAc)2,0.0625,dppf,0.125,LiOtBu,2.5,DMF,19.0417798225373,48020.9375
4080,6-Bromoquinoline,"1b, 6-Br-Q",1,0.0004,"2c, Trifluoroborate",1,Pd(OAc)2,0.0625,Xantphos,0.125,LiOtBu,2.5,DMF,12.8350359185449,103457.5859375
4081,6-Bromoquinoline,"1b, 6-Br-Q",1,0.0004,"2c, Trifluoroborate",1,Pd(OAc)2,0.0625,,,NaHCO3,2.5,DMF,13.8504215739468,111642.265625
4082,6-Bromoquinoline,"1b, 6-Br-Q",1,0.0004,"2c, Trifluoroborate",1,Pd(OAc)2,0.0625,P(tBu)3,0.125,NaHCO3,2.5,DMF,13.1182092310219,105013.8046875
4083,6-Bromoquinoline,"1b, 6-Br-Q",1,0.0004,"2c, Trifluoroborate",1,Pd(OAc)2,0.0625,P(Ph)3 ,0.125,NaHCO3,2.5,DMF,15.2298560409573,177623.328125
4084,6-Bromoquinoline,"1b, 6-Br-Q",1,0.0004,"2c, Trifluoroborate",1,Pd(OAc)2,0.0625,AmPhos,0.125,NaHCO3,2.5,DMF,11.8322516796093,176595.765625
4085,6-Bromoquinoline,"1b, 6-Br-Q",1,0.0004,"2c, Trifluoroborate",1,Pd(OAc)2,0.0625,P(Cy)3,0.125,NaHCO3,2.5,DMF,13.0859463834636,110119.1171875
4086,6-Bromoquinoline,"1b, 6-Br-Q",1,0.0004,"2c, Trifluoroborate",1,Pd(OAc)2,0.0625,P(o-Tol)3,0.125,NaHCO3,2.5,DMF,13.7689996143366,93290.25
4087,6-Bromoquinoline,"1b, 6-Br-Q",1,0.0004,"2c, Trifluoroborate",1,Pd(OAc)2,0.0625,CataCXium A,0.125,NaHCO3,2.5,DMF,12.1442001384959,63104.01953125
4088,6-Bromoquinoline,"1b, 6-Br-Q",1,0.0004,"2c, Trifluoroborate",1,Pd(OAc)2,0.0625,SPhos,0.125,NaHCO3,2.5,DMF,12.6152135765429,73248.046875
4089,6-Bromoquinoline,"1b, 6-Br-Q",1,0.0004,"2c, Trifluoroborate",1,Pd(OAc)2,0.0625,dtbpf,0.125,NaHCO3,2.5,DMF,13.6768837944507,137660.8125
4090,6-Bromoquinoline,"1b, 6-Br-Q",1,0.0004,"2c, Trifluoroborate",1,Pd(OAc)2,0.0625,XPhos,0.125,NaHCO3,2.5,DMF,14.0776301663524,93053.3984375
4091,6-Bromoquinoline,"1b, 6-Br-Q",1,0.0004,"2c, Trifluoroborate",1,Pd(OAc)2,0.0625,dppf,0.125,NaHCO3,2.5,DMF,19.8004833031364,94775.1640625
4092,6-Bromoquinoline,"1b, 6-Br-Q",1,0.0004,"2c, Trifluoroborate",1,Pd(OAc)2,0.0625,Xantphos,0.125,NaHCO3,2.5,DMF,13.9300385998948,107649.953125
4093,6-Bromoquinoline,"1b, 6-Br-Q",1,0.0004,"2c, Trifluoroborate",1,Pd(OAc)2,0.0625,,,Et3N,2.5,DMF,17.560042818593,78601.03125
4094,6-Bromoquinoline,"1b, 6-Br-Q",1,0.0004,"2c, Trifluoroborate",1,Pd(OAc)2,0.0625,P(tBu)3,0.125,Et3N,2.5,DMF,13.2149792109131,218890.171875
4095,6-Bromoquinoline,"1b, 6-Br-Q",1,0.0004,"2c, Trifluoroborate",1,Pd(OAc)2,0.0625,P(Ph)3 ,0.125,Et3N,2.5,DMF,15.7094027542723,262685.90625
4096,6-Bromoquinoline,"1b, 6-Br-Q",1,0.0004,"2c, Trifluoroborate",1,Pd(OAc)2,0.0625,AmPhos,0.125,Et3N,2.5,DMF,12.6149698821401,192323.296875
4097,6-Bromoquinoline,"1b, 6-Br-Q",1,0.0004,"2c, Trifluoroborate",1,Pd(OAc)2,0.0625,P(Cy)3,0.125,Et3N,2.5,DMF,12.7775784469084,118057.875
4098,6-Bromoquinoline,"1b, 6-Br-Q",1,0.0004,"2c, Trifluoroborate",1,Pd(OAc)2,0.0625,P(o-Tol)3,0.125,Et3N,2.5,DMF,14.7437208357412,89875.1484375
4099,6-Bromoquinoline,"1b, 6-Br-Q",1,0.0004,"2c, Trifluoroborate",1,Pd(OAc)2,0.0625,CataCXium A,0.125,Et3N,2.5,DMF,13.8664369591983,114172.46875
4100,6-Bromoquinoline,"1b, 6-Br-Q",1,0.0004,"2c, Trifluoroborate",1,Pd(OAc)2,0.0625,SPhos,0.125,Et3N,2.5,DMF,13.3651056586886,112706.7734375
4101,6-Bromoquinoline,"1b, 6-Br-Q",1,0.0004,"2c, Trifluoroborate",1,Pd(OAc)2,0.0625,dtbpf,0.125,Et3N,2.5,DMF,15.7275061072589,142549.8125
4102,6-Bromoquinoline,"1b, 6-Br-Q",1,0.0004,"2c, Trifluoroborate",1,Pd(OAc)2,0.0625,XPhos,0.125,Et3N,2.5,DMF,14.5750959734398,75082.2734375
4103,6-Bromoquinoline,"1b, 6-Br-Q",1,0.0004,"2c, Trifluoroborate",1,Pd(OAc)2,0.0625,dppf,0.125,Et3N,2.5,DMF,23.8611228253346,74304.046875
4104,6-Bromoquinoline,"1b, 6-Br-Q",1,0.0004,"2c, Trifluoroborate",1,Pd(OAc)2,0.0625,Xantphos,0.125,Et3N,2.5,DMF,14.0733543623327,112512.0234375
4105,6-Bromoquinoline,"1b, 6-Br-Q",1,0.0004,"2c, Trifluoroborate",1,Pd(OAc)2,0.0625,,,CsF,2.5,DMF,14.4128895658084,86032.671875
4106,6-Bromoquinoline,"1b, 6-Br-Q",1,0.0004,"2c, Trifluoroborate",1,Pd(OAc)2,0.0625,P(tBu)3,0.125,CsF,2.5,DMF,12.4914486375428,193048.71875
4107,6-Bromoquinoline,"1b, 6-Br-Q",1,0.0004,"2c, Trifluoroborate",1,Pd(OAc)2,0.0625,P(Ph)3 ,0.125,CsF,2.5,DMF,20.3585618551679,394848.53125
4108,6-Bromoquinoline,"1b, 6-Br-Q",1,0.0004,"2c, Trifluoroborate",1,Pd(OAc)2,0.0625,AmPhos,0.125,CsF,2.5,DMF,13.0122255451101,238811.328125
4109,6-Bromoquinoline,"1b, 6-Br-Q",1,0.0004,"2c, Trifluoroborate",1,Pd(OAc)2,0.0625,P(Cy)3,0.125,CsF,2.5,DMF,13.93896553128,98472.546875
4110,6-Bromoquinoline,"1b, 6-Br-Q",1,0.0004,"2c, Trifluoroborate",1,Pd(OAc)2,0.0625,P(o-Tol)3,0.125,CsF,2.5,DMF,14.4832608653352,100555.875
4111,6-Bromoquinoline,"1b, 6-Br-Q",1,0.0004,"2c, Trifluoroborate",1,Pd(OAc)2,0.0625,CataCXium A,0.125,CsF,2.5,DMF,14.1413943090496,107708.375
4112,6-Bromoquinoline,"1b, 6-Br-Q",1,0.0004,"2c, Trifluoroborate",1,Pd(OAc)2,0.0625,SPhos,0.125,CsF,2.5,DMF,13.1436049106743,113054.5078125
4113,6-Bromoquinoline,"1b, 6-Br-Q",1,0.0004,"2c, Trifluoroborate",1,Pd(OAc)2,0.0625,dtbpf,0.125,CsF,2.5,DMF,15.5339789140177,208732.1875
4114,6-Bromoquinoline,"1b, 6-Br-Q",1,0.0004,"2c, Trifluoroborate",1,Pd(OAc)2,0.0625,XPhos,0.125,CsF,2.5,DMF,13.6899778981536,144270.921875
4115,6-Bromoquinoline,"1b, 6-Br-Q",1,0.0004,"2c, Trifluoroborate",1,Pd(OAc)2,0.0625,dppf,0.125,CsF,2.5,DMF,21.5532398711431,127586.984375
4116,6-Bromoquinoline,"1b, 6-Br-Q",1,0.0004,"2c, Trifluoroborate",1,Pd(OAc)2,0.0625,Xantphos,0.125,CsF,2.5,DMF,14.7027602311817,134714.125
4117,6-Bromoquinoline,"1b, 6-Br-Q",1,0.0004,"2c, Trifluoroborate",1,Pd(OAc)2,0.0625,,,K3PO4,2.5,DMF,13.8428090633842,85789.15625
4118,6-Bromoquinoline,"1b, 6-Br-Q",1,0.0004,"2c, Trifluoroborate",1,Pd(OAc)2,0.0625,P(tBu)3,0.125,K3PO4,2.5,DMF,13.1499948254695,262030.296875
4119,6-Bromoquinoline,"1b, 6-Br-Q",1,0.0004,"2c, Trifluoroborate",1,Pd(OAc)2,0.0625,P(Ph)3 ,0.125,K3PO4,2.5,DMF,16.1427979179794,316815.375
4120,6-Bromoquinoline,"1b, 6-Br-Q",1,0.0004,"2c, Trifluoroborate",1,Pd(OAc)2,0.0625,AmPhos,0.125,K3PO4,2.5,DMF,12.2590170781746,199806.4375
4121,6-Bromoquinoline,"1b, 6-Br-Q",1,0.0004,"2c, Trifluoroborate",1,Pd(OAc)2,0.0625,P(Cy)3,0.125,K3PO4,2.5,DMF,14.596984024445,88281.6171875
4122,6-Bromoquinoline,"1b, 6-Br-Q",1,0.0004,"2c, Trifluoroborate",1,Pd(OAc)2,0.0625,P(o-Tol)3,0.125,K3PO4,2.5,DMF,14.3544170010869,86131.75
4123,6-Bromoquinoline,"1b, 6-Br-Q",1,0.0004,"2c, Trifluoroborate",1,Pd(OAc)2,0.0625,CataCXium A,0.125,K3PO4,2.5,DMF,15.3421227394386,178008.71875
4124,6-Bromoquinoline,"1b, 6-Br-Q",1,0.0004,"2c, Trifluoroborate",1,Pd(OAc)2,0.0625,SPhos,0.125,K3PO4,2.5,DMF,13.6371353329144,67139.609375
4125,6-Bromoquinoline,"1b, 6-Br-Q",1,0.0004,"2c, Trifluoroborate",1,Pd(OAc)2,0.0625,dtbpf,0.125,K3PO4,2.5,DMF,14.7456926157356,154863.359375
4126,6-Bromoquinoline,"1b, 6-Br-Q",1,0.0004,"2c, Trifluoroborate",1,Pd(OAc)2,0.0625,XPhos,0.125,K3PO4,2.5,DMF,14.7816360379137,73373.3984375
4127,6-Bromoquinoline,"1b, 6-Br-Q",1,0.0004,"2c, Trifluoroborate",1,Pd(OAc)2,0.0625,dppf,0.125,K3PO4,2.5,DMF,21.7159773434973,84253.546875
4128,6-Bromoquinoline,"1b, 6-Br-Q",1,0.0004,"2c, Trifluoroborate",1,Pd(OAc)2,0.0625,Xantphos,0.125,K3PO4,2.5,DMF,15.0921258786779,53079.22265625
4129,6-Bromoquinoline,"1b, 6-Br-Q",1,0.0004,"2c, Trifluoroborate",1,Pd(OAc)2,0.0625,,,,2.5,MeOH,30.8741632604921,4745296.5
4130,6-Bromoquinoline,"1b, 6-Br-Q",1,0.0004,"2c, Trifluoroborate",1,Pd(OAc)2,0.0625,P(tBu)3,0.125,,2.5,MeOH,56.1454745054319,8653907.0
4131,6-Bromoquinoline,"1b, 6-Br-Q",1,0.0004,"2c, Trifluoroborate",1,Pd(OAc)2,0.0625,P(Ph)3 ,0.125,,2.5,MeOH,48.5013581842736,7965071.0
4132,6-Bromoquinoline,"1b, 6-Br-Q",1,0.0004,"2c, Trifluoroborate",1,Pd(OAc)2,0.0625,AmPhos,0.125,,2.5,MeOH,62.1212181554759,12153421.0
4133,6-Bromoquinoline,"1b, 6-Br-Q",1,0.0004,"2c, Trifluoroborate",1,Pd(OAc)2,0.0625,P(Cy)3,0.125,,2.5,MeOH,20.205564444607,2532508.25
4134,6-Bromoquinoline,"1b, 6-Br-Q",1,0.0004,"2c, Trifluoroborate",1,Pd(OAc)2,0.0625,P(o-Tol)3,0.125,,2.5,MeOH,74.7085038250401,9788414.0
4135,6-Bromoquinoline,"1b, 6-Br-Q",1,0.0004,"2c, Trifluoroborate",1,Pd(OAc)2,0.0625,CataCXium A,0.125,,2.5,MeOH,60.4833747943336,9426646.0
4136,6-Bromoquinoline,"1b, 6-Br-Q",1,0.0004,"2c, Trifluoroborate",1,Pd(OAc)2,0.0625,SPhos,0.125,,2.5,MeOH,18.9062677804161,2550925.0
4137,6-Bromoquinoline,"1b, 6-Br-Q",1,0.0004,"2c, Trifluoroborate",1,Pd(OAc)2,0.0625,dtbpf,0.125,,2.5,MeOH,25.6090339098859,3671377.0
4138,6-Bromoquinoline,"1b, 6-Br-Q",1,0.0004,"2c, Trifluoroborate",1,Pd(OAc)2,0.0625,XPhos,0.125,,2.5,MeOH,29.2240501882185,3906620.25
4139,6-Bromoquinoline,"1b, 6-Br-Q",1,0.0004,"2c, Trifluoroborate",1,Pd(OAc)2,0.0625,dppf,0.125,,2.5,MeOH,23.6268915989399,2058715.25
4140,6-Bromoquinoline,"1b, 6-Br-Q",1,0.0004,"2c, Trifluoroborate",1,Pd(OAc)2,0.0625,Xantphos,0.125,,2.5,MeOH,13.9920924049399,241780.96875
4141,6-Bromoquinoline,"1b, 6-Br-Q",1,0.0004,"2c, Trifluoroborate",1,Pd(OAc)2,0.0625,,,NaOH,2.5,MeOH,28.8868762610549,7076604.5
4142,6-Bromoquinoline,"1b, 6-Br-Q",1,0.0004,"2c, Trifluoroborate",1,Pd(OAc)2,0.0625,P(tBu)3,0.125,NaOH,2.5,MeOH,38.5248611667414,8718480.0
4143,6-Bromoquinoline,"1b, 6-Br-Q",1,0.0004,"2c, Trifluoroborate",1,Pd(OAc)2,0.0625,P(Ph)3 ,0.125,NaOH,2.5,MeOH,58.9432338594002,13661719.0
4144,6-Bromoquinoline,"1b, 6-Br-Q",1,0.0004,"2c, Trifluoroborate",1,Pd(OAc)2,0.0625,AmPhos,0.125,NaOH,2.5,MeOH,46.3216103136523,12975328.0
4145,6-Bromoquinoline,"1b, 6-Br-Q",1,0.0004,"2c, Trifluoroborate",1,Pd(OAc)2,0.0625,P(Cy)3,0.125,NaOH,2.5,MeOH,27.2909202293205,8778390.0
4146,6-Bromoquinoline,"1b, 6-Br-Q",1,0.0004,"2c, Trifluoroborate",1,Pd(OAc)2,0.0625,P(o-Tol)3,0.125,NaOH,2.5,MeOH,51.257470425806,12986467.0
4147,6-Bromoquinoline,"1b, 6-Br-Q",1,0.0004,"2c, Trifluoroborate",1,Pd(OAc)2,0.0625,CataCXium A,0.125,NaOH,2.5,MeOH,44.7847849075776,8583373.0
4148,6-Bromoquinoline,"1b, 6-Br-Q",1,0.0004,"2c, Trifluoroborate",1,Pd(OAc)2,0.0625,SPhos,0.125,NaOH,2.5,MeOH,47.0211120779634,9946841.0
4149,6-Bromoquinoline,"1b, 6-Br-Q",1,0.0004,"2c, Trifluoroborate",1,Pd(OAc)2,0.0625,dtbpf,0.125,NaOH,2.5,MeOH,24.7171760029062,1871721.875
4150,6-Bromoquinoline,"1b, 6-Br-Q",1,0.0004,"2c, Trifluoroborate",1,Pd(OAc)2,0.0625,XPhos,0.125,NaOH,2.5,MeOH,41.2883698922374,9050476.0
4151,6-Bromoquinoline,"1b, 6-Br-Q",1,0.0004,"2c, Trifluoroborate",1,Pd(OAc)2,0.0625,dppf,0.125,NaOH,2.5,MeOH,12.8894688714399,5196314.0
4152,6-Bromoquinoline,"1b, 6-Br-Q",1,0.0004,"2c, Trifluoroborate",1,Pd(OAc)2,0.0625,Xantphos,0.125,NaOH,2.5,MeOH,23.8393500606967,1000981.0
4153,6-Bromoquinoline,"1b, 6-Br-Q",1,0.0004,"2c, Trifluoroborate",1,Pd(OAc)2,0.0625,,,KOH,2.5,MeOH,40.656923874167,6583847.0
4154,6-Bromoquinoline,"1b, 6-Br-Q",1,0.0004,"2c, Trifluoroborate",1,Pd(OAc)2,0.0625,P(tBu)3,0.125,KOH,2.5,MeOH,46.827426269938,5789499.0
4155,6-Bromoquinoline,"1b, 6-Br-Q",1,0.0004,"2c, Trifluoroborate",1,Pd(OAc)2,0.0625,P(Ph)3 ,0.125,KOH,2.5,MeOH,68.1536301442521,9569506.0
4156,6-Bromoquinoline,"1b, 6-Br-Q",1,0.0004,"2c, Trifluoroborate",1,Pd(OAc)2,0.0625,AmPhos,0.125,KOH,2.5,MeOH,57.9808232374379,8207548.0
4157,6-Bromoquinoline,"1b, 6-Br-Q",1,0.0004,"2c, Trifluoroborate",1,Pd(OAc)2,0.0625,P(Cy)3,0.125,KOH,2.5,MeOH,31.0766415402017,5173348.0
4158,6-Bromoquinoline,"1b, 6-Br-Q",1,0.0004,"2c, Trifluoroborate",1,Pd(OAc)2,0.0625,P(o-Tol)3,0.125,KOH,2.5,MeOH,74.837727223048,11936353.0
4159,6-Bromoquinoline,"1b, 6-Br-Q",1,0.0004,"2c, Trifluoroborate",1,Pd(OAc)2,0.0625,CataCXium A,0.125,KOH,2.5,MeOH,66.6749070871076,9423051.0
4160,6-Bromoquinoline,"1b, 6-Br-Q",1,0.0004,"2c, Trifluoroborate",1,Pd(OAc)2,0.0625,SPhos,0.125,KOH,2.5,MeOH,51.0382743640328,5659652.0
4161,6-Bromoquinoline,"1b, 6-Br-Q",1,0.0004,"2c, Trifluoroborate",1,Pd(OAc)2,0.0625,dtbpf,0.125,KOH,2.5,MeOH,44.0824501093761,4083034.75
4162,6-Bromoquinoline,"1b, 6-Br-Q",1,0.0004,"2c, Trifluoroborate",1,Pd(OAc)2,0.0625,XPhos,0.125,KOH,2.5,MeOH,49.8255199378269,8091158.0
4163,6-Bromoquinoline,"1b, 6-Br-Q",1,0.0004,"2c, Trifluoroborate",1,Pd(OAc)2,0.0625,dppf,0.125,KOH,2.5,MeOH,35.6271073122269,4927862.0
4164,6-Bromoquinoline,"1b, 6-Br-Q",1,0.0004,"2c, Trifluoroborate",1,Pd(OAc)2,0.0625,Xantphos,0.125,KOH,2.5,MeOH,13.9645623316443,731262.0625
4165,6-Bromoquinoline,"1b, 6-Br-Q",1,0.0004,"2c, Trifluoroborate",1,Pd(OAc)2,0.0625,,,LiOtBu,2.5,MeOH,41.0119942854448,6886338.0
4166,6-Bromoquinoline,"1b, 6-Br-Q",1,0.0004,"2c, Trifluoroborate",1,Pd(OAc)2,0.0625,P(tBu)3,0.125,LiOtBu,2.5,MeOH,39.9542842391586,5376867.5
4167,6-Bromoquinoline,"1b, 6-Br-Q",1,0.0004,"2c, Trifluoroborate",1,Pd(OAc)2,0.0625,P(Ph)3 ,0.125,LiOtBu,2.5,MeOH,73.1179926465945,11210241.0
4168,6-Bromoquinoline,"1b, 6-Br-Q",1,0.0004,"2c, Trifluoroborate",1,Pd(OAc)2,0.0625,AmPhos,0.125,LiOtBu,2.5,MeOH,6.65067279893314,689289.0625
4169,6-Bromoquinoline,"1b, 6-Br-Q",1,0.0004,"2c, Trifluoroborate",1,Pd(OAc)2,0.0625,P(Cy)3,0.125,LiOtBu,2.5,MeOH,0.0,324093.1875
4170,6-Bromoquinoline,"1b, 6-Br-Q",1,0.0004,"2c, Trifluoroborate",1,Pd(OAc)2,0.0625,P(o-Tol)3,0.125,LiOtBu,2.5,MeOH,63.0085606622623,6737798.0
4171,6-Bromoquinoline,"1b, 6-Br-Q",1,0.0004,"2c, Trifluoroborate",1,Pd(OAc)2,0.0625,CataCXium A,0.125,LiOtBu,2.5,MeOH,61.8445482535692,8033571.5
4172,6-Bromoquinoline,"1b, 6-Br-Q",1,0.0004,"2c, Trifluoroborate",1,Pd(OAc)2,0.0625,SPhos,0.125,LiOtBu,2.5,MeOH,59.4301197359005,6439720.5
4173,6-Bromoquinoline,"1b, 6-Br-Q",1,0.0004,"2c, Trifluoroborate",1,Pd(OAc)2,0.0625,dtbpf,0.125,LiOtBu,2.5,MeOH,58.5738011874635,15630784.0
4174,6-Bromoquinoline,"1b, 6-Br-Q",1,0.0004,"2c, Trifluoroborate",1,Pd(OAc)2,0.0625,XPhos,0.125,LiOtBu,2.5,MeOH,58.3938754579828,15653435.0
4175,6-Bromoquinoline,"1b, 6-Br-Q",1,0.0004,"2c, Trifluoroborate",1,Pd(OAc)2,0.0625,dppf,0.125,LiOtBu,2.5,MeOH,58.488378693634,15930810.0
4176,6-Bromoquinoline,"1b, 6-Br-Q",1,0.0004,"2c, Trifluoroborate",1,Pd(OAc)2,0.0625,Xantphos,0.125,LiOtBu,2.5,MeOH,59.7541021391158,15636612.0
4177,6-Bromoquinoline,"1b, 6-Br-Q",1,0.0004,"2c, Trifluoroborate",1,Pd(OAc)2,0.0625,,,NaHCO3,2.5,MeOH,59.2428419134598,15456814.0
4178,6-Bromoquinoline,"1b, 6-Br-Q",1,0.0004,"2c, Trifluoroborate",1,Pd(OAc)2,0.0625,P(tBu)3,0.125,NaHCO3,2.5,MeOH,57.6557740224179,15947077.0
4179,6-Bromoquinoline,"1b, 6-Br-Q",1,0.0004,"2c, Trifluoroborate",1,Pd(OAc)2,0.0625,P(Ph)3 ,0.125,NaHCO3,2.5,MeOH,40.923926863244,971877.5
4180,6-Bromoquinoline,"1b, 6-Br-Q",1,0.0004,"2c, Trifluoroborate",1,Pd(OAc)2,0.0625,AmPhos,0.125,NaHCO3,2.5,MeOH,52.7397029495539,11219549.0
4181,6-Bromoquinoline,"1b, 6-Br-Q",1,0.0004,"2c, Trifluoroborate",1,Pd(OAc)2,0.0625,P(Cy)3,0.125,NaHCO3,2.5,MeOH,35.4142356240434,6771703.0
4182,6-Bromoquinoline,"1b, 6-Br-Q",1,0.0004,"2c, Trifluoroborate",1,Pd(OAc)2,0.0625,P(o-Tol)3,0.125,NaHCO3,2.5,MeOH,74.0524027565889,11077595.0
4183,6-Bromoquinoline,"1b, 6-Br-Q",1,0.0004,"2c, Trifluoroborate",1,Pd(OAc)2,0.0625,CataCXium A,0.125,NaHCO3,2.5,MeOH,57.4366346899551,9796516.0
4184,6-Bromoquinoline,"1b, 6-Br-Q",1,0.0004,"2c, Trifluoroborate",1,Pd(OAc)2,0.0625,SPhos,0.125,NaHCO3,2.5,MeOH,39.3247777041026,8170156.0
4185,6-Bromoquinoline,"1b, 6-Br-Q",1,0.0004,"2c, Trifluoroborate",1,Pd(OAc)2,0.0625,dtbpf,0.125,NaHCO3,2.5,MeOH,26.9557615946915,1880584.0
4186,6-Bromoquinoline,"1b, 6-Br-Q",1,0.0004,"2c, Trifluoroborate",1,Pd(OAc)2,0.0625,XPhos,0.125,NaHCO3,2.5,MeOH,46.0255781894583,9942213.0
4187,6-Bromoquinoline,"1b, 6-Br-Q",1,0.0004,"2c, Trifluoroborate",1,Pd(OAc)2,0.0625,dppf,0.125,NaHCO3,2.5,MeOH,26.7190463615463,2703559.5
4188,6-Bromoquinoline,"1b, 6-Br-Q",1,0.0004,"2c, Trifluoroborate",1,Pd(OAc)2,0.0625,Xantphos,0.125,NaHCO3,2.5,MeOH,14.242800862372,300685.46875
4189,6-Bromoquinoline,"1b, 6-Br-Q",1,0.0004,"2c, Trifluoroborate",1,Pd(OAc)2,0.0625,,,Et3N,2.5,MeOH,20.0951285548444,2324174.0
4190,6-Bromoquinoline,"1b, 6-Br-Q",1,0.0004,"2c, Trifluoroborate",1,Pd(OAc)2,0.0625,P(tBu)3,0.125,Et3N,2.5,MeOH,40.8003469985751,7123798.0
4191,6-Bromoquinoline,"1b, 6-Br-Q",1,0.0004,"2c, Trifluoroborate",1,Pd(OAc)2,0.0625,P(Ph)3 ,0.125,Et3N,2.5,MeOH,64.1131169504598,12778442.0
4192,6-Bromoquinoline,"1b, 6-Br-Q",1,0.0004,"2c, Trifluoroborate",1,Pd(OAc)2,0.0625,AmPhos,0.125,Et3N,2.5,MeOH,57.236121169228,10307340.0
4193,6-Bromoquinoline,"1b, 6-Br-Q",1,0.0004,"2c, Trifluoroborate",1,Pd(OAc)2,0.0625,P(Cy)3,0.125,Et3N,2.5,MeOH,17.866928818871,2445063.25
4194,6-Bromoquinoline,"1b, 6-Br-Q",1,0.0004,"2c, Trifluoroborate",1,Pd(OAc)2,0.0625,P(o-Tol)3,0.125,Et3N,2.5,MeOH,71.9874455773977,13316863.0
4195,6-Bromoquinoline,"1b, 6-Br-Q",1,0.0004,"2c, Trifluoroborate",1,Pd(OAc)2,0.0625,CataCXium A,0.125,Et3N,2.5,MeOH,65.6939035520421,11355962.0
4196,6-Bromoquinoline,"1b, 6-Br-Q",1,0.0004,"2c, Trifluoroborate",1,Pd(OAc)2,0.0625,SPhos,0.125,Et3N,2.5,MeOH,21.099551458945,2860131.25
4197,6-Bromoquinoline,"1b, 6-Br-Q",1,0.0004,"2c, Trifluoroborate",1,Pd(OAc)2,0.0625,dtbpf,0.125,Et3N,2.5,MeOH,21.1341210685597,2352970.25
4198,6-Bromoquinoline,"1b, 6-Br-Q",1,0.0004,"2c, Trifluoroborate",1,Pd(OAc)2,0.0625,XPhos,0.125,Et3N,2.5,MeOH,24.85572101321,4058934.0
4199,6-Bromoquinoline,"1b, 6-Br-Q",1,0.0004,"2c, Trifluoroborate",1,Pd(OAc)2,0.0625,dppf,0.125,Et3N,2.5,MeOH,25.4938791640752,3406356.25
4200,6-Bromoquinoline,"1b, 6-Br-Q",1,0.0004,"2c, Trifluoroborate",1,Pd(OAc)2,0.0625,Xantphos,0.125,Et3N,2.5,MeOH,13.9491347637,223026.71875
4201,6-Bromoquinoline,"1b, 6-Br-Q",1,0.0004,"2c, Trifluoroborate",1,Pd(OAc)2,0.0625,,,CsF,2.5,MeOH,34.1057544244803,4762515.0
4202,6-Bromoquinoline,"1b, 6-Br-Q",1,0.0004,"2c, Trifluoroborate",1,Pd(OAc)2,0.0625,P(tBu)3,0.125,CsF,2.5,MeOH,57.0845017543643,9486396.0
4203,6-Bromoquinoline,"1b, 6-Br-Q",1,0.0004,"2c, Trifluoroborate",1,Pd(OAc)2,0.0625,P(Ph)3 ,0.125,CsF,2.5,MeOH,64.7314378248345,11956671.0
4204,6-Bromoquinoline,"1b, 6-Br-Q",1,0.0004,"2c, Trifluoroborate",1,Pd(OAc)2,0.0625,AmPhos,0.125,CsF,2.5,MeOH,71.1663865106315,13028932.0
4205,6-Bromoquinoline,"1b, 6-Br-Q",1,0.0004,"2c, Trifluoroborate",1,Pd(OAc)2,0.0625,P(Cy)3,0.125,CsF,2.5,MeOH,28.0118513675815,4795414.5
4206,6-Bromoquinoline,"1b, 6-Br-Q",1,0.0004,"2c, Trifluoroborate",1,Pd(OAc)2,0.0625,P(o-Tol)3,0.125,CsF,2.5,MeOH,74.3355724189074,11170983.0
4207,6-Bromoquinoline,"1b, 6-Br-Q",1,0.0004,"2c, Trifluoroborate",1,Pd(OAc)2,0.0625,CataCXium A,0.125,CsF,2.5,MeOH,56.6792016786544,9337499.0
4208,6-Bromoquinoline,"1b, 6-Br-Q",1,0.0004,"2c, Trifluoroborate",1,Pd(OAc)2,0.0625,SPhos,0.125,CsF,2.5,MeOH,32.2318413240432,4987467.5
4209,6-Bromoquinoline,"1b, 6-Br-Q",1,0.0004,"2c, Trifluoroborate",1,Pd(OAc)2,0.0625,dtbpf,0.125,CsF,2.5,MeOH,39.5027847665864,4701651.0
4210,6-Bromoquinoline,"1b, 6-Br-Q",1,0.0004,"2c, Trifluoroborate",1,Pd(OAc)2,0.0625,XPhos,0.125,CsF,2.5,MeOH,33.4533748662001,4608537.0
4211,6-Bromoquinoline,"1b, 6-Br-Q",1,0.0004,"2c, Trifluoroborate",1,Pd(OAc)2,0.0625,dppf,0.125,CsF,2.5,MeOH,23.8316419608784,2147918.75
4212,6-Bromoquinoline,"1b, 6-Br-Q",1,0.0004,"2c, Trifluoroborate",1,Pd(OAc)2,0.0625,Xantphos,0.125,CsF,2.5,MeOH,13.6080348259786,239003.9375
4213,6-Bromoquinoline,"1b, 6-Br-Q",1,0.0004,"2c, Trifluoroborate",1,Pd(OAc)2,0.0625,,,K3PO4,2.5,MeOH,38.0799007311109,5619292.5
4214,6-Bromoquinoline,"1b, 6-Br-Q",1,0.0004,"2c, Trifluoroborate",1,Pd(OAc)2,0.0625,P(tBu)3,0.125,K3PO4,2.5,MeOH,45.8146971357405,6287330.5
4215,6-Bromoquinoline,"1b, 6-Br-Q",1,0.0004,"2c, Trifluoroborate",1,Pd(OAc)2,0.0625,P(Ph)3 ,0.125,K3PO4,2.5,MeOH,72.192374131825,12335767.0
4216,6-Bromoquinoline,"1b, 6-Br-Q",1,0.0004,"2c, Trifluoroborate",1,Pd(OAc)2,0.0625,AmPhos,0.125,K3PO4,2.5,MeOH,52.9200687349179,7905616.0
4217,6-Bromoquinoline,"1b, 6-Br-Q",1,0.0004,"2c, Trifluoroborate",1,Pd(OAc)2,0.0625,P(Cy)3,0.125,K3PO4,2.5,MeOH,28.3156458852862,4820746.0
4218,6-Bromoquinoline,"1b, 6-Br-Q",1,0.0004,"2c, Trifluoroborate",1,Pd(OAc)2,0.0625,P(o-Tol)3,0.125,K3PO4,2.5,MeOH,68.8556788386141,11264277.0
4219,6-Bromoquinoline,"1b, 6-Br-Q",1,0.0004,"2c, Trifluoroborate",1,Pd(OAc)2,0.0625,CataCXium A,0.125,K3PO4,2.5,MeOH,59.4357633096213,9404695.0
4220,6-Bromoquinoline,"1b, 6-Br-Q",1,0.0004,"2c, Trifluoroborate",1,Pd(OAc)2,0.0625,SPhos,0.125,K3PO4,2.5,MeOH,54.7958929854348,8038531.5
4221,6-Bromoquinoline,"1b, 6-Br-Q",1,0.0004,"2c, Trifluoroborate",1,Pd(OAc)2,0.0625,dtbpf,0.125,K3PO4,2.5,MeOH,33.6034884225437,2285310.75
4222,6-Bromoquinoline,"1b, 6-Br-Q",1,0.0004,"2c, Trifluoroborate",1,Pd(OAc)2,0.0625,XPhos,0.125,K3PO4,2.5,MeOH,42.5483758796606,7542726.5
4223,6-Bromoquinoline,"1b, 6-Br-Q",1,0.0004,"2c, Trifluoroborate",1,Pd(OAc)2,0.0625,dppf,0.125,K3PO4,2.5,MeOH,41.3122287051186,6101234.0
4224,6-Bromoquinoline,"1b, 6-Br-Q",1,0.0004,"2c, Trifluoroborate",1,Pd(OAc)2,0.0625,Xantphos,0.125,K3PO4,2.5,MeOH,13.9692311862331,288040.46875
4225,6-chloroquinoline,"1a, 6-Cl-Q",1,0.0004,"2c, Trifluoroborate",1,Pd(OAc)2,0.0625,,,,2.5,MeCN,24.2041020608554,16796.767578125
4226,6-chloroquinoline,"1a, 6-Cl-Q",1,0.0004,"2c, Trifluoroborate",1,Pd(OAc)2,0.0625,P(tBu)3,0.125,,2.5,MeCN,16.5625554278696,27169.359375
4227,6-chloroquinoline,"1a, 6-Cl-Q",1,0.0004,"2c, Trifluoroborate",1,Pd(OAc)2,0.0625,P(Ph)3 ,0.125,,2.5,MeCN,19.5766539161988,102998.0859375
4228,6-chloroquinoline,"1a, 6-Cl-Q",1,0.0004,"2c, Trifluoroborate",1,Pd(OAc)2,0.0625,AmPhos,0.125,,2.5,MeCN,17.0942057280374,394789.84375
4229,6-chloroquinoline,"1a, 6-Cl-Q",1,0.0004,"2c, Trifluoroborate",1,Pd(OAc)2,0.0625,P(Cy)3,0.125,,2.5,MeCN,17.2663138832526,139749.828125
4230,6-chloroquinoline,"1a, 6-Cl-Q",1,0.0004,"2c, Trifluoroborate",1,Pd(OAc)2,0.0625,P(o-Tol)3,0.125,,2.5,MeCN,18.4619011017419,119187.34375
4231,6-chloroquinoline,"1a, 6-Cl-Q",1,0.0004,"2c, Trifluoroborate",1,Pd(OAc)2,0.0625,CataCXium A,0.125,,2.5,MeCN,21.8892777277113,72082.109375
4232,6-chloroquinoline,"1a, 6-Cl-Q",1,0.0004,"2c, Trifluoroborate",1,Pd(OAc)2,0.0625,SPhos,0.125,,2.5,MeCN,16.0884919564781,186202.484375
4233,6-chloroquinoline,"1a, 6-Cl-Q",1,0.0004,"2c, Trifluoroborate",1,Pd(OAc)2,0.0625,dtbpf,0.125,,2.5,MeCN,20.6594518374744,67735.359375
4234,6-chloroquinoline,"1a, 6-Cl-Q",1,0.0004,"2c, Trifluoroborate",1,Pd(OAc)2,0.0625,XPhos,0.125,,2.5,MeCN,17.2545200335192,54925.26171875
4235,6-chloroquinoline,"1a, 6-Cl-Q",1,0.0004,"2c, Trifluoroborate",1,Pd(OAc)2,0.0625,dppf,0.125,,2.5,MeCN,31.0490454115387,45616.69140625
4236,6-chloroquinoline,"1a, 6-Cl-Q",1,0.0004,"2c, Trifluoroborate",1,Pd(OAc)2,0.0625,Xantphos,0.125,,2.5,MeCN,19.5240821405113,106016.0625
4237,6-chloroquinoline,"1a, 6-Cl-Q",1,0.0004,"2c, Trifluoroborate",1,Pd(OAc)2,0.0625,,,NaOH,2.5,MeCN,18.7889639881634,41549.609375
4238,6-chloroquinoline,"1a, 6-Cl-Q",1,0.0004,"2c, Trifluoroborate",1,Pd(OAc)2,0.0625,P(tBu)3,0.125,NaOH,2.5,MeCN,16.1748578478414,49465.6484375
4239,6-chloroquinoline,"1a, 6-Cl-Q",1,0.0004,"2c, Trifluoroborate",1,Pd(OAc)2,0.0625,P(Ph)3 ,0.125,NaOH,2.5,MeCN,18.3672161577411,74434.2421875
4240,6-chloroquinoline,"1a, 6-Cl-Q",1,0.0004,"2c, Trifluoroborate",1,Pd(OAc)2,0.0625,AmPhos,0.125,NaOH,2.5,MeCN,15.9153715401995,61681.57421875
4241,6-chloroquinoline,"1a, 6-Cl-Q",1,0.0004,"2c, Trifluoroborate",1,Pd(OAc)2,0.0625,P(Cy)3,0.125,NaOH,2.5,MeCN,20.3281112174861,48089.60546875
4242,6-chloroquinoline,"1a, 6-Cl-Q",1,0.0004,"2c, Trifluoroborate",1,Pd(OAc)2,0.0625,P(o-Tol)3,0.125,NaOH,2.5,MeCN,15.5214547980677,57926.78515625
4243,6-chloroquinoline,"1a, 6-Cl-Q",1,0.0004,"2c, Trifluoroborate",1,Pd(OAc)2,0.0625,CataCXium A,0.125,NaOH,2.5,MeCN,16.6478933922796,23596.2890625
4244,6-chloroquinoline,"1a, 6-Cl-Q",1,0.0004,"2c, Trifluoroborate",1,Pd(OAc)2,0.0625,SPhos,0.125,NaOH,2.5,MeCN,17.5964453719452,28485.69140625
4245,6-chloroquinoline,"1a, 6-Cl-Q",1,0.0004,"2c, Trifluoroborate",1,Pd(OAc)2,0.0625,dtbpf,0.125,NaOH,2.5,MeCN,17.0627723827936,68163.359375
4246,6-chloroquinoline,"1a, 6-Cl-Q",1,0.0004,"2c, Trifluoroborate",1,Pd(OAc)2,0.0625,XPhos,0.125,NaOH,2.5,MeCN,16.822743114282,36718.16015625
4247,6-chloroquinoline,"1a, 6-Cl-Q",1,0.0004,"2c, Trifluoroborate",1,Pd(OAc)2,0.0625,dppf,0.125,NaOH,2.5,MeCN,24.7911739933646,21848.037109375
4248,6-chloroquinoline,"1a, 6-Cl-Q",1,0.0004,"2c, Trifluoroborate",1,Pd(OAc)2,0.0625,Xantphos,0.125,NaOH,2.5,MeCN,16.8696423952309,34014.921875
4249,6-chloroquinoline,"1a, 6-Cl-Q",1,0.0004,"2c, Trifluoroborate",1,Pd(OAc)2,0.0625,,,KOH,2.5,MeCN,15.5781345282494,20596.408203125
4250,6-chloroquinoline,"1a, 6-Cl-Q",1,0.0004,"2c, Trifluoroborate",1,Pd(OAc)2,0.0625,P(tBu)3,0.125,KOH,2.5,MeCN,19.0166414989097,58326.5546875
4251,6-chloroquinoline,"1a, 6-Cl-Q",1,0.0004,"2c, Trifluoroborate",1,Pd(OAc)2,0.0625,P(Ph)3 ,0.125,KOH,2.5,MeCN,17.073476360997,70495.96875
4252,6-chloroquinoline,"1a, 6-Cl-Q",1,0.0004,"2c, Trifluoroborate",1,Pd(OAc)2,0.0625,AmPhos,0.125,KOH,2.5,MeCN,19.4110907409446,29505.26953125
4253,6-chloroquinoline,"1a, 6-Cl-Q",1,0.0004,"2c, Trifluoroborate",1,Pd(OAc)2,0.0625,P(Cy)3,0.125,KOH,2.5,MeCN,19.054668708328,28081.43359375
4254,6-chloroquinoline,"1a, 6-Cl-Q",1,0.0004,"2c, Trifluoroborate",1,Pd(OAc)2,0.0625,P(o-Tol)3,0.125,KOH,2.5,MeCN,18.4617591076552,34560.3125
4255,6-chloroquinoline,"1a, 6-Cl-Q",1,0.0004,"2c, Trifluoroborate",1,Pd(OAc)2,0.0625,CataCXium A,0.125,KOH,2.5,MeCN,16.0512061920982,41574.6171875
4256,6-chloroquinoline,"1a, 6-Cl-Q",1,0.0004,"2c, Trifluoroborate",1,Pd(OAc)2,0.0625,SPhos,0.125,KOH,2.5,MeCN,17.8414540743926,49717.48046875
4257,6-chloroquinoline,"1a, 6-Cl-Q",1,0.0004,"2c, Trifluoroborate",1,Pd(OAc)2,0.0625,dtbpf,0.125,KOH,2.5,MeCN,21.0125692391603,81082.5546875
4258,6-chloroquinoline,"1a, 6-Cl-Q",1,0.0004,"2c, Trifluoroborate",1,Pd(OAc)2,0.0625,XPhos,0.125,KOH,2.5,MeCN,16.1610253000598,84591.125
4259,6-chloroquinoline,"1a, 6-Cl-Q",1,0.0004,"2c, Trifluoroborate",1,Pd(OAc)2,0.0625,dppf,0.125,KOH,2.5,MeCN,23.8459294972451,20155.22265625
4260,6-chloroquinoline,"1a, 6-Cl-Q",1,0.0004,"2c, Trifluoroborate",1,Pd(OAc)2,0.0625,Xantphos,0.125,KOH,2.5,MeCN,18.9777492373928,43424.57421875
4261,6-chloroquinoline,"1a, 6-Cl-Q",1,0.0004,"2c, Trifluoroborate",1,Pd(OAc)2,0.0625,,,LiOtBu,2.5,MeCN,14.7542828983911,33150.7734375
4262,6-chloroquinoline,"1a, 6-Cl-Q",1,0.0004,"2c, Trifluoroborate",1,Pd(OAc)2,0.0625,P(tBu)3,0.125,LiOtBu,2.5,MeCN,15.7722699072932,40117.796875
4263,6-chloroquinoline,"1a, 6-Cl-Q",1,0.0004,"2c, Trifluoroborate",1,Pd(OAc)2,0.0625,P(Ph)3 ,0.125,LiOtBu,2.5,MeCN,15.0096599868865,116442.953125
4264,6-chloroquinoline,"1a, 6-Cl-Q",1,0.0004,"2c, Trifluoroborate",1,Pd(OAc)2,0.0625,AmPhos,0.125,LiOtBu,2.5,MeCN,12.5486320240479,72368.234375
4265,6-chloroquinoline,"1a, 6-Cl-Q",1,0.0004,"2c, Trifluoroborate",1,Pd(OAc)2,0.0625,P(Cy)3,0.125,LiOtBu,2.5,MeCN,14.5730001905339,35072.14453125
4266,6-chloroquinoline,"1a, 6-Cl-Q",1,0.0004,"2c, Trifluoroborate",1,Pd(OAc)2,0.0625,P(o-Tol)3,0.125,LiOtBu,2.5,MeCN,14.9958234307647,65284.34375
4267,6-chloroquinoline,"1a, 6-Cl-Q",1,0.0004,"2c, Trifluoroborate",1,Pd(OAc)2,0.0625,CataCXium A,0.125,LiOtBu,2.5,MeCN,13.5105112975866,43865.58203125
4268,6-chloroquinoline,"1a, 6-Cl-Q",1,0.0004,"2c, Trifluoroborate",1,Pd(OAc)2,0.0625,SPhos,0.125,LiOtBu,2.5,MeCN,15.8497049317143,364081.875
4269,6-chloroquinoline,"1a, 6-Cl-Q",1,0.0004,"2c, Trifluoroborate",1,Pd(OAc)2,0.0625,dtbpf,0.125,LiOtBu,2.5,MeCN,19.1876292021726,80623.8046875
4270,6-chloroquinoline,"1a, 6-Cl-Q",1,0.0004,"2c, Trifluoroborate",1,Pd(OAc)2,0.0625,XPhos,0.125,LiOtBu,2.5,MeCN,14.190093366588,121224.7890625
4271,6-chloroquinoline,"1a, 6-Cl-Q",1,0.0004,"2c, Trifluoroborate",1,Pd(OAc)2,0.0625,dppf,0.125,LiOtBu,2.5,MeCN,22.20293128787,272683.84375
4272,6-chloroquinoline,"1a, 6-Cl-Q",1,0.0004,"2c, Trifluoroborate",1,Pd(OAc)2,0.0625,Xantphos,0.125,LiOtBu,2.5,MeCN,18.6592232889132,91548.2421875
4273,6-chloroquinoline,"1a, 6-Cl-Q",1,0.0004,"2c, Trifluoroborate",1,Pd(OAc)2,0.0625,,,NaHCO3,2.5,MeCN,17.5325103107514,137456.609375
4274,6-chloroquinoline,"1a, 6-Cl-Q",1,0.0004,"2c, Trifluoroborate",1,Pd(OAc)2,0.0625,P(tBu)3,0.125,NaHCO3,2.5,MeCN,13.0749609069623,537363.5
4275,6-chloroquinoline,"1a, 6-Cl-Q",1,0.0004,"2c, Trifluoroborate",1,Pd(OAc)2,0.0625,P(Ph)3 ,0.125,NaHCO3,2.5,MeCN,18.4437293775315,109648.328125
4276,6-chloroquinoline,"1a, 6-Cl-Q",1,0.0004,"2c, Trifluoroborate",1,Pd(OAc)2,0.0625,AmPhos,0.125,NaHCO3,2.5,MeCN,15.3224492269451,200057.453125
4277,6-chloroquinoline,"1a, 6-Cl-Q",1,0.0004,"2c, Trifluoroborate",1,Pd(OAc)2,0.0625,P(Cy)3,0.125,NaHCO3,2.5,MeCN,16.1767892287996,115569.75
4278,6-chloroquinoline,"1a, 6-Cl-Q",1,0.0004,"2c, Trifluoroborate",1,Pd(OAc)2,0.0625,P(o-Tol)3,0.125,NaHCO3,2.5,MeCN,16.9053716059687,65620.5078125
4279,6-chloroquinoline,"1a, 6-Cl-Q",1,0.0004,"2c, Trifluoroborate",1,Pd(OAc)2,0.0625,CataCXium A,0.125,NaHCO3,2.5,MeCN,16.0309765354551,30758.021484375
4280,6-chloroquinoline,"1a, 6-Cl-Q",1,0.0004,"2c, Trifluoroborate",1,Pd(OAc)2,0.0625,SPhos,0.125,NaHCO3,2.5,MeCN,16.0778241779264,262998.125
4281,6-chloroquinoline,"1a, 6-Cl-Q",1,0.0004,"2c, Trifluoroborate",1,Pd(OAc)2,0.0625,dtbpf,0.125,NaHCO3,2.5,MeCN,20.2142690095793,65735.265625
4282,6-chloroquinoline,"1a, 6-Cl-Q",1,0.0004,"2c, Trifluoroborate",1,Pd(OAc)2,0.0625,XPhos,0.125,NaHCO3,2.5,MeCN,17.5860434947643,203181.125
4283,6-chloroquinoline,"1a, 6-Cl-Q",1,0.0004,"2c, Trifluoroborate",1,Pd(OAc)2,0.0625,dppf,0.125,NaHCO3,2.5,MeCN,26.1568915740509,48687.93359375
4284,6-chloroquinoline,"1a, 6-Cl-Q",1,0.0004,"2c, Trifluoroborate",1,Pd(OAc)2,0.0625,Xantphos,0.125,NaHCO3,2.5,MeCN,19.803422187794,44345.375
4285,6-chloroquinoline,"1a, 6-Cl-Q",1,0.0004,"2c, Trifluoroborate",1,Pd(OAc)2,0.0625,,,Et3N,2.5,MeCN,19.2939840801785,85197.5625
4286,6-chloroquinoline,"1a, 6-Cl-Q",1,0.0004,"2c, Trifluoroborate",1,Pd(OAc)2,0.0625,P(tBu)3,0.125,Et3N,2.5,MeCN,12.9162828294213,72716.65625
4287,6-chloroquinoline,"1a, 6-Cl-Q",1,0.0004,"2c, Trifluoroborate",1,Pd(OAc)2,0.0625,P(Ph)3 ,0.125,Et3N,2.5,MeCN,14.6097419549048,48303.71484375
4288,6-chloroquinoline,"1a, 6-Cl-Q",1,0.0004,"2c, Trifluoroborate",1,Pd(OAc)2,0.0625,AmPhos,0.125,Et3N,2.5,MeCN,13.9718211498022,296622.90625
4289,6-chloroquinoline,"1a, 6-Cl-Q",1,0.0004,"2c, Trifluoroborate",1,Pd(OAc)2,0.0625,P(Cy)3,0.125,Et3N,2.5,MeCN,12.8303056362919,238470.328125
4290,6-chloroquinoline,"1a, 6-Cl-Q",1,0.0004,"2c, Trifluoroborate",1,Pd(OAc)2,0.0625,P(o-Tol)3,0.125,Et3N,2.5,MeCN,13.527643954306,186942.734375
4291,6-chloroquinoline,"1a, 6-Cl-Q",1,0.0004,"2c, Trifluoroborate",1,Pd(OAc)2,0.0625,CataCXium A,0.125,Et3N,2.5,MeCN,14.3912838388211,267533.40625
4292,6-chloroquinoline,"1a, 6-Cl-Q",1,0.0004,"2c, Trifluoroborate",1,Pd(OAc)2,0.0625,SPhos,0.125,Et3N,2.5,MeCN,12.6787143477488,207963.171875
4293,6-chloroquinoline,"1a, 6-Cl-Q",1,0.0004,"2c, Trifluoroborate",1,Pd(OAc)2,0.0625,dtbpf,0.125,Et3N,2.5,MeCN,17.2167948588549,551272.8125
4294,6-chloroquinoline,"1a, 6-Cl-Q",1,0.0004,"2c, Trifluoroborate",1,Pd(OAc)2,0.0625,XPhos,0.125,Et3N,2.5,MeCN,14.3074252820515,342734.34375
4295,6-chloroquinoline,"1a, 6-Cl-Q",1,0.0004,"2c, Trifluoroborate",1,Pd(OAc)2,0.0625,dppf,0.125,Et3N,2.5,MeCN,23.5743018862419,193682.328125
4296,6-chloroquinoline,"1a, 6-Cl-Q",1,0.0004,"2c, Trifluoroborate",1,Pd(OAc)2,0.0625,Xantphos,0.125,Et3N,2.5,MeCN,17.7692336632117,116082.6015625
4297,6-chloroquinoline,"1a, 6-Cl-Q",1,0.0004,"2c, Trifluoroborate",1,Pd(OAc)2,0.0625,,,CsF,2.5,MeCN,16.8138250151684,273199.53125
4298,6-chloroquinoline,"1a, 6-Cl-Q",1,0.0004,"2c, Trifluoroborate",1,Pd(OAc)2,0.0625,P(tBu)3,0.125,CsF,2.5,MeCN,14.6828141858498,193058.203125
4299,6-chloroquinoline,"1a, 6-Cl-Q",1,0.0004,"2c, Trifluoroborate",1,Pd(OAc)2,0.0625,P(Ph)3 ,0.125,CsF,2.5,MeCN,16.7903224406293,1091077.625
4300,6-chloroquinoline,"1a, 6-Cl-Q",1,0.0004,"2c, Trifluoroborate",1,Pd(OAc)2,0.0625,AmPhos,0.125,CsF,2.5,MeCN,15.8278119610477,680103.0625
4301,6-chloroquinoline,"1a, 6-Cl-Q",1,0.0004,"2c, Trifluoroborate",1,Pd(OAc)2,0.0625,P(Cy)3,0.125,CsF,2.5,MeCN,16.6436434838082,495211.4375
4302,6-chloroquinoline,"1a, 6-Cl-Q",1,0.0004,"2c, Trifluoroborate",1,Pd(OAc)2,0.0625,P(o-Tol)3,0.125,CsF,2.5,MeCN,14.6634168433932,497296.65625
4303,6-chloroquinoline,"1a, 6-Cl-Q",1,0.0004,"2c, Trifluoroborate",1,Pd(OAc)2,0.0625,CataCXium A,0.125,CsF,2.5,MeCN,13.8504965422735,393136.625
4304,6-chloroquinoline,"1a, 6-Cl-Q",1,0.0004,"2c, Trifluoroborate",1,Pd(OAc)2,0.0625,SPhos,0.125,CsF,2.5,MeCN,14.7761248579395,546747.5625
4305,6-chloroquinoline,"1a, 6-Cl-Q",1,0.0004,"2c, Trifluoroborate",1,Pd(OAc)2,0.0625,dtbpf,0.125,CsF,2.5,MeCN,16.1713038800624,445381.65625
4306,6-chloroquinoline,"1a, 6-Cl-Q",1,0.0004,"2c, Trifluoroborate",1,Pd(OAc)2,0.0625,XPhos,0.125,CsF,2.5,MeCN,15.6181635361702,656198.8125
4307,6-chloroquinoline,"1a, 6-Cl-Q",1,0.0004,"2c, Trifluoroborate",1,Pd(OAc)2,0.0625,dppf,0.125,CsF,2.5,MeCN,26.9657531357785,282643.21875
4308,6-chloroquinoline,"1a, 6-Cl-Q",1,0.0004,"2c, Trifluoroborate",1,Pd(OAc)2,0.0625,Xantphos,0.125,CsF,2.5,MeCN,15.8920685207456,245397.328125
4309,6-chloroquinoline,"1a, 6-Cl-Q",1,0.0004,"2c, Trifluoroborate",1,Pd(OAc)2,0.0625,,,K3PO4,2.5,MeCN,14.56912234366,319427.78125
4310,6-chloroquinoline,"1a, 6-Cl-Q",1,0.0004,"2c, Trifluoroborate",1,Pd(OAc)2,0.0625,P(tBu)3,0.125,K3PO4,2.5,MeCN,13.7538503353363,215284.359375
4311,6-chloroquinoline,"1a, 6-Cl-Q",1,0.0004,"2c, Trifluoroborate",1,Pd(OAc)2,0.0625,P(Ph)3 ,0.125,K3PO4,2.5,MeCN,16.4678406242343,236520.625
4312,6-chloroquinoline,"1a, 6-Cl-Q",1,0.0004,"2c, Trifluoroborate",1,Pd(OAc)2,0.0625,AmPhos,0.125,K3PO4,2.5,MeCN,14.3529075718945,294022.8125
4313,6-chloroquinoline,"1a, 6-Cl-Q",1,0.0004,"2c, Trifluoroborate",1,Pd(OAc)2,0.0625,P(Cy)3,0.125,K3PO4,2.5,MeCN,19.0432706921682,247932.890625
4314,6-chloroquinoline,"1a, 6-Cl-Q",1,0.0004,"2c, Trifluoroborate",1,Pd(OAc)2,0.0625,P(o-Tol)3,0.125,K3PO4,2.5,MeCN,14.4973457703085,303467.125
4315,6-chloroquinoline,"1a, 6-Cl-Q",1,0.0004,"2c, Trifluoroborate",1,Pd(OAc)2,0.0625,CataCXium A,0.125,K3PO4,2.5,MeCN,14.5000796959666,196317.484375
4316,6-chloroquinoline,"1a, 6-Cl-Q",1,0.0004,"2c, Trifluoroborate",1,Pd(OAc)2,0.0625,SPhos,0.125,K3PO4,2.5,MeCN,15.6359449045608,206009.484375
4317,6-chloroquinoline,"1a, 6-Cl-Q",1,0.0004,"2c, Trifluoroborate",1,Pd(OAc)2,0.0625,dtbpf,0.125,K3PO4,2.5,MeCN,18.5000319314194,150357.75
4318,6-chloroquinoline,"1a, 6-Cl-Q",1,0.0004,"2c, Trifluoroborate",1,Pd(OAc)2,0.0625,XPhos,0.125,K3PO4,2.5,MeCN,16.1674486830495,64245.12890625
4319,6-chloroquinoline,"1a, 6-Cl-Q",1,0.0004,"2c, Trifluoroborate",1,Pd(OAc)2,0.0625,dppf,0.125,K3PO4,2.5,MeCN,24.5768912286804,111057.484375
4320,6-chloroquinoline,"1a, 6-Cl-Q",1,0.0004,"2c, Trifluoroborate",1,Pd(OAc)2,0.0625,Xantphos,0.125,K3PO4,2.5,MeCN,17.7220932854007,79889.515625
4321,6-chloroquinoline,"1a, 6-Cl-Q",1,0.0004,"2c, Trifluoroborate",1,Pd(OAc)2,0.0625,,,,2.5,THF,21.8958326229938,86139.28125
4322,6-chloroquinoline,"1a, 6-Cl-Q",1,0.0004,"2c, Trifluoroborate",1,Pd(OAc)2,0.0625,P(tBu)3,0.125,,2.5,THF,15.0003237629478,571062.5
4323,6-chloroquinoline,"1a, 6-Cl-Q",1,0.0004,"2c, Trifluoroborate",1,Pd(OAc)2,0.0625,P(Ph)3 ,0.125,,2.5,THF,23.9229838489146,699510.375
4324,6-chloroquinoline,"1a, 6-Cl-Q",1,0.0004,"2c, Trifluoroborate",1,Pd(OAc)2,0.0625,AmPhos,0.125,,2.5,THF,16.4138298409094,1664421.875
4325,6-chloroquinoline,"1a, 6-Cl-Q",1,0.0004,"2c, Trifluoroborate",1,Pd(OAc)2,0.0625,P(Cy)3,0.125,,2.5,THF,18.7171419979322,903044.6875
4326,6-chloroquinoline,"1a, 6-Cl-Q",1,0.0004,"2c, Trifluoroborate",1,Pd(OAc)2,0.0625,P(o-Tol)3,0.125,,2.5,THF,17.5938519120973,158515.15625
4327,6-chloroquinoline,"1a, 6-Cl-Q",1,0.0004,"2c, Trifluoroborate",1,Pd(OAc)2,0.0625,CataCXium A,0.125,,2.5,THF,30.0523196270938,1386882.5
4328,6-chloroquinoline,"1a, 6-Cl-Q",1,0.0004,"2c, Trifluoroborate",1,Pd(OAc)2,0.0625,SPhos,0.125,,2.5,THF,17.7600468561551,1738071.625
4329,6-chloroquinoline,"1a, 6-Cl-Q",1,0.0004,"2c, Trifluoroborate",1,Pd(OAc)2,0.0625,dtbpf,0.125,,2.5,THF,22.3317595901766,1285236.125
4330,6-chloroquinoline,"1a, 6-Cl-Q",1,0.0004,"2c, Trifluoroborate",1,Pd(OAc)2,0.0625,XPhos,0.125,,2.5,THF,20.2769450987949,1992843.125
4331,6-chloroquinoline,"1a, 6-Cl-Q",1,0.0004,"2c, Trifluoroborate",1,Pd(OAc)2,0.0625,dppf,0.125,,2.5,THF,33.4024138500628,89357.828125
4332,6-chloroquinoline,"1a, 6-Cl-Q",1,0.0004,"2c, Trifluoroborate",1,Pd(OAc)2,0.0625,Xantphos,0.125,,2.5,THF,18.6885647854885,58603.80859375
4333,6-chloroquinoline,"1a, 6-Cl-Q",1,0.0004,"2c, Trifluoroborate",1,Pd(OAc)2,0.0625,,,NaOH,2.5,THF,21.1476191066839,106786.3046875
4334,6-chloroquinoline,"1a, 6-Cl-Q",1,0.0004,"2c, Trifluoroborate",1,Pd(OAc)2,0.0625,P(tBu)3,0.125,NaOH,2.5,THF,13.2352533518613,334475.5625
4335,6-chloroquinoline,"1a, 6-Cl-Q",1,0.0004,"2c, Trifluoroborate",1,Pd(OAc)2,0.0625,P(Ph)3 ,0.125,NaOH,2.5,THF,24.2547610950468,459788.0
4336,6-chloroquinoline,"1a, 6-Cl-Q",1,0.0004,"2c, Trifluoroborate",1,Pd(OAc)2,0.0625,AmPhos,0.125,NaOH,2.5,THF,18.0686800712834,663574.125
4337,6-chloroquinoline,"1a, 6-Cl-Q",1,0.0004,"2c, Trifluoroborate",1,Pd(OAc)2,0.0625,P(Cy)3,0.125,NaOH,2.5,THF,23.9545198907143,178303.234375
4338,6-chloroquinoline,"1a, 6-Cl-Q",1,0.0004,"2c, Trifluoroborate",1,Pd(OAc)2,0.0625,P(o-Tol)3,0.125,NaOH,2.5,THF,17.4616430517476,74431.8046875
4339,6-chloroquinoline,"1a, 6-Cl-Q",1,0.0004,"2c, Trifluoroborate",1,Pd(OAc)2,0.0625,CataCXium A,0.125,NaOH,2.5,THF,20.2755814875088,637982.0
4340,6-chloroquinoline,"1a, 6-Cl-Q",1,0.0004,"2c, Trifluoroborate",1,Pd(OAc)2,0.0625,SPhos,0.125,NaOH,2.5,THF,17.3928827365495,1151524.875
4341,6-chloroquinoline,"1a, 6-Cl-Q",1,0.0004,"2c, Trifluoroborate",1,Pd(OAc)2,0.0625,dtbpf,0.125,NaOH,2.5,THF,22.1959922243815,482840.375
4342,6-chloroquinoline,"1a, 6-Cl-Q",1,0.0004,"2c, Trifluoroborate",1,Pd(OAc)2,0.0625,XPhos,0.125,NaOH,2.5,THF,15.9011170951669,785153.375
4343,6-chloroquinoline,"1a, 6-Cl-Q",1,0.0004,"2c, Trifluoroborate",1,Pd(OAc)2,0.0625,dppf,0.125,NaOH,2.5,THF,21.6060293779218,36295.875
4344,6-chloroquinoline,"1a, 6-Cl-Q",1,0.0004,"2c, Trifluoroborate",1,Pd(OAc)2,0.0625,Xantphos,0.125,NaOH,2.5,THF,20.7909051512092,79209.9296875
4345,6-chloroquinoline,"1a, 6-Cl-Q",1,0.0004,"2c, Trifluoroborate",1,Pd(OAc)2,0.0625,,,KOH,2.5,THF,18.3132931905307,251369.875
4346,6-chloroquinoline,"1a, 6-Cl-Q",1,0.0004,"2c, Trifluoroborate",1,Pd(OAc)2,0.0625,P(tBu)3,0.125,KOH,2.5,THF,15.3731212552237,362576.4375
4347,6-chloroquinoline,"1a, 6-Cl-Q",1,0.0004,"2c, Trifluoroborate",1,Pd(OAc)2,0.0625,P(Ph)3 ,0.125,KOH,2.5,THF,20.7251250141586,369944.21875
4348,6-chloroquinoline,"1a, 6-Cl-Q",1,0.0004,"2c, Trifluoroborate",1,Pd(OAc)2,0.0625,AmPhos,0.125,KOH,2.5,THF,16.1378803387636,310527.09375
4349,6-chloroquinoline,"1a, 6-Cl-Q",1,0.0004,"2c, Trifluoroborate",1,Pd(OAc)2,0.0625,P(Cy)3,0.125,KOH,2.5,THF,21.0777858641896,311244.96875
4350,6-chloroquinoline,"1a, 6-Cl-Q",1,0.0004,"2c, Trifluoroborate",1,Pd(OAc)2,0.0625,P(o-Tol)3,0.125,KOH,2.5,THF,16.3204318122727,141769.328125
4351,6-chloroquinoline,"1a, 6-Cl-Q",1,0.0004,"2c, Trifluoroborate",1,Pd(OAc)2,0.0625,CataCXium A,0.125,KOH,2.5,THF,21.3664711283516,200083.28125
4352,6-chloroquinoline,"1a, 6-Cl-Q",1,0.0004,"2c, Trifluoroborate",1,Pd(OAc)2,0.0625,SPhos,0.125,KOH,2.5,THF,15.133274670707,246013.140625
4353,6-chloroquinoline,"1a, 6-Cl-Q",1,0.0004,"2c, Trifluoroborate",1,Pd(OAc)2,0.0625,dtbpf,0.125,KOH,2.5,THF,21.6015425123598,331597.84375
4354,6-chloroquinoline,"1a, 6-Cl-Q",1,0.0004,"2c, Trifluoroborate",1,Pd(OAc)2,0.0625,XPhos,0.125,KOH,2.5,THF,17.4027500460291,1143376.375
4355,6-chloroquinoline,"1a, 6-Cl-Q",1,0.0004,"2c, Trifluoroborate",1,Pd(OAc)2,0.0625,dppf,0.125,KOH,2.5,THF,24.4959760137799,41144.8828125
4356,6-chloroquinoline,"1a, 6-Cl-Q",1,0.0004,"2c, Trifluoroborate",1,Pd(OAc)2,0.0625,Xantphos,0.125,KOH,2.5,THF,18.825978315795,72042.4140625
4357,6-chloroquinoline,"1a, 6-Cl-Q",1,0.0004,"2c, Trifluoroborate",1,Pd(OAc)2,0.0625,,,LiOtBu,2.5,THF,17.2127512091088,170450.1875
4358,6-chloroquinoline,"1a, 6-Cl-Q",1,0.0004,"2c, Trifluoroborate",1,Pd(OAc)2,0.0625,P(tBu)3,0.125,LiOtBu,2.5,THF,14.7306270993678,500489.34375
4359,6-chloroquinoline,"1a, 6-Cl-Q",1,0.0004,"2c, Trifluoroborate",1,Pd(OAc)2,0.0625,P(Ph)3 ,0.125,LiOtBu,2.5,THF,17.572260786346,373345.75
4360,6-chloroquinoline,"1a, 6-Cl-Q",1,0.0004,"2c, Trifluoroborate",1,Pd(OAc)2,0.0625,AmPhos,0.125,LiOtBu,2.5,THF,15.2438839430575,350336.59375
4361,6-chloroquinoline,"1a, 6-Cl-Q",1,0.0004,"2c, Trifluoroborate",1,Pd(OAc)2,0.0625,P(Cy)3,0.125,LiOtBu,2.5,THF,18.6506223482094,100658.015625
4362,6-chloroquinoline,"1a, 6-Cl-Q",1,0.0004,"2c, Trifluoroborate",1,Pd(OAc)2,0.0625,P(o-Tol)3,0.125,LiOtBu,2.5,THF,18.2451991148184,85292.28125
4363,6-chloroquinoline,"1a, 6-Cl-Q",1,0.0004,"2c, Trifluoroborate",1,Pd(OAc)2,0.0625,CataCXium A,0.125,LiOtBu,2.5,THF,17.9901207005228,373651.21875
4364,6-chloroquinoline,"1a, 6-Cl-Q",1,0.0004,"2c, Trifluoroborate",1,Pd(OAc)2,0.0625,SPhos,0.125,LiOtBu,2.5,THF,15.9298397408832,600974.375
4365,6-chloroquinoline,"1a, 6-Cl-Q",1,0.0004,"2c, Trifluoroborate",1,Pd(OAc)2,0.0625,dtbpf,0.125,LiOtBu,2.5,THF,19.713423211275,209018.859375
4366,6-chloroquinoline,"1a, 6-Cl-Q",1,0.0004,"2c, Trifluoroborate",1,Pd(OAc)2,0.0625,XPhos,0.125,LiOtBu,2.5,THF,15.9410393876556,310490.71875
4367,6-chloroquinoline,"1a, 6-Cl-Q",1,0.0004,"2c, Trifluoroborate",1,Pd(OAc)2,0.0625,dppf,0.125,LiOtBu,2.5,THF,19.7901290675001,40515.81640625
4368,6-chloroquinoline,"1a, 6-Cl-Q",1,0.0004,"2c, Trifluoroborate",1,Pd(OAc)2,0.0625,Xantphos,0.125,LiOtBu,2.5,THF,15.5677597712784,96260.2421875
4369,6-chloroquinoline,"1a, 6-Cl-Q",1,0.0004,"2c, Trifluoroborate",1,Pd(OAc)2,0.0625,,,NaHCO3,2.5,THF,18.7656527371058,163824.734375
4370,6-chloroquinoline,"1a, 6-Cl-Q",1,0.0004,"2c, Trifluoroborate",1,Pd(OAc)2,0.0625,P(tBu)3,0.125,NaHCO3,2.5,THF,15.3820358281571,558230.9375
4371,6-chloroquinoline,"1a, 6-Cl-Q",1,0.0004,"2c, Trifluoroborate",1,Pd(OAc)2,0.0625,P(Ph)3 ,0.125,NaHCO3,2.5,THF,21.3052621997714,587598.9375
4372,6-chloroquinoline,"1a, 6-Cl-Q",1,0.0004,"2c, Trifluoroborate",1,Pd(OAc)2,0.0625,AmPhos,0.125,NaHCO3,2.5,THF,14.9568565267218,1082373.625
4373,6-chloroquinoline,"1a, 6-Cl-Q",1,0.0004,"2c, Trifluoroborate",1,Pd(OAc)2,0.0625,P(Cy)3,0.125,NaHCO3,2.5,THF,20.821366033309,584345.375
4374,6-chloroquinoline,"1a, 6-Cl-Q",1,0.0004,"2c, Trifluoroborate",1,Pd(OAc)2,0.0625,P(o-Tol)3,0.125,NaHCO3,2.5,THF,17.0694414344617,127446.125
4375,6-chloroquinoline,"1a, 6-Cl-Q",1,0.0004,"2c, Trifluoroborate",1,Pd(OAc)2,0.0625,CataCXium A,0.125,NaHCO3,2.5,THF,18.002405230576,546403.5
4376,6-chloroquinoline,"1a, 6-Cl-Q",1,0.0004,"2c, Trifluoroborate",1,Pd(OAc)2,0.0625,SPhos,0.125,NaHCO3,2.5,THF,15.821531735476,935605.9375
4377,6-chloroquinoline,"1a, 6-Cl-Q",1,0.0004,"2c, Trifluoroborate",1,Pd(OAc)2,0.0625,dtbpf,0.125,NaHCO3,2.5,THF,23.6128356286464,1427644.125
4378,6-chloroquinoline,"1a, 6-Cl-Q",1,0.0004,"2c, Trifluoroborate",1,Pd(OAc)2,0.0625,XPhos,0.125,NaHCO3,2.5,THF,17.5627809201362,1121140.375
4379,6-chloroquinoline,"1a, 6-Cl-Q",1,0.0004,"2c, Trifluoroborate",1,Pd(OAc)2,0.0625,dppf,0.125,NaHCO3,2.5,THF,23.1441729201129,45115.2578125
4380,6-chloroquinoline,"1a, 6-Cl-Q",1,0.0004,"2c, Trifluoroborate",1,Pd(OAc)2,0.0625,Xantphos,0.125,NaHCO3,2.5,THF,15.7894157579019,61778.23828125
4381,6-chloroquinoline,"1a, 6-Cl-Q",1,0.0004,"2c, Trifluoroborate",1,Pd(OAc)2,0.0625,,,Et3N,2.5,THF,14.9206875188538,213694.5
4382,6-chloroquinoline,"1a, 6-Cl-Q",1,0.0004,"2c, Trifluoroborate",1,Pd(OAc)2,0.0625,P(tBu)3,0.125,Et3N,2.5,THF,13.1051457049997,861841.75
4383,6-chloroquinoline,"1a, 6-Cl-Q",1,0.0004,"2c, Trifluoroborate",1,Pd(OAc)2,0.0625,P(Ph)3 ,0.125,Et3N,2.5,THF,17.0972123976396,536472.4375
4384,6-chloroquinoline,"1a, 6-Cl-Q",1,0.0004,"2c, Trifluoroborate",1,Pd(OAc)2,0.0625,AmPhos,0.125,Et3N,2.5,THF,15.4687223024566,830543.25
4385,6-chloroquinoline,"1a, 6-Cl-Q",1,0.0004,"2c, Trifluoroborate",1,Pd(OAc)2,0.0625,P(Cy)3,0.125,Et3N,2.5,THF,16.7977535767663,721028.0
4386,6-chloroquinoline,"1a, 6-Cl-Q",1,0.0004,"2c, Trifluoroborate",1,Pd(OAc)2,0.0625,P(o-Tol)3,0.125,Et3N,2.5,THF,15.1248033170734,289610.96875
4387,6-chloroquinoline,"1a, 6-Cl-Q",1,0.0004,"2c, Trifluoroborate",1,Pd(OAc)2,0.0625,CataCXium A,0.125,Et3N,2.5,THF,23.6166858242021,748055.375
4388,6-chloroquinoline,"1a, 6-Cl-Q",1,0.0004,"2c, Trifluoroborate",1,Pd(OAc)2,0.0625,SPhos,0.125,Et3N,2.5,THF,15.907112002115,425060.65625
4389,6-chloroquinoline,"1a, 6-Cl-Q",1,0.0004,"2c, Trifluoroborate",1,Pd(OAc)2,0.0625,dtbpf,0.125,Et3N,2.5,THF,22.1281993825409,1105985.0
4390,6-chloroquinoline,"1a, 6-Cl-Q",1,0.0004,"2c, Trifluoroborate",1,Pd(OAc)2,0.0625,XPhos,0.125,Et3N,2.5,THF,18.7159964347128,2216904.75
4391,6-chloroquinoline,"1a, 6-Cl-Q",1,0.0004,"2c, Trifluoroborate",1,Pd(OAc)2,0.0625,dppf,0.125,Et3N,2.5,THF,26.7189840998509,71485.859375
4392,6-chloroquinoline,"1a, 6-Cl-Q",1,0.0004,"2c, Trifluoroborate",1,Pd(OAc)2,0.0625,Xantphos,0.125,Et3N,2.5,THF,16.8181240810742,56720.29296875
4393,6-chloroquinoline,"1a, 6-Cl-Q",1,0.0004,"2c, Trifluoroborate",1,Pd(OAc)2,0.0625,,,CsF,2.5,THF,22.3273816629032,122442.0625
4394,6-chloroquinoline,"1a, 6-Cl-Q",1,0.0004,"2c, Trifluoroborate",1,Pd(OAc)2,0.0625,P(tBu)3,0.125,CsF,2.5,THF,17.8800456894309,722290.8125
4395,6-chloroquinoline,"1a, 6-Cl-Q",1,0.0004,"2c, Trifluoroborate",1,Pd(OAc)2,0.0625,P(Ph)3 ,0.125,CsF,2.5,THF,24.5450290119482,688243.0
4396,6-chloroquinoline,"1a, 6-Cl-Q",1,0.0004,"2c, Trifluoroborate",1,Pd(OAc)2,0.0625,AmPhos,0.125,CsF,2.5,THF,17.4078827708919,1211179.375
4397,6-chloroquinoline,"1a, 6-Cl-Q",1,0.0004,"2c, Trifluoroborate",1,Pd(OAc)2,0.0625,P(Cy)3,0.125,CsF,2.5,THF,22.8380884571246,856765.0
4398,6-chloroquinoline,"1a, 6-Cl-Q",1,0.0004,"2c, Trifluoroborate",1,Pd(OAc)2,0.0625,P(o-Tol)3,0.125,CsF,2.5,THF,16.9898817601921,288528.25
4399,6-chloroquinoline,"1a, 6-Cl-Q",1,0.0004,"2c, Trifluoroborate",1,Pd(OAc)2,0.0625,CataCXium A,0.125,CsF,2.5,THF,27.2739697875137,1666146.5
4400,6-chloroquinoline,"1a, 6-Cl-Q",1,0.0004,"2c, Trifluoroborate",1,Pd(OAc)2,0.0625,SPhos,0.125,CsF,2.5,THF,19.8110296591984,1450637.5
4401,6-chloroquinoline,"1a, 6-Cl-Q",1,0.0004,"2c, Trifluoroborate",1,Pd(OAc)2,0.0625,dtbpf,0.125,CsF,2.5,THF,25.3725299920958,1322782.75
4402,6-chloroquinoline,"1a, 6-Cl-Q",1,0.0004,"2c, Trifluoroborate",1,Pd(OAc)2,0.0625,XPhos,0.125,CsF,2.5,THF,23.5534690171973,3361272.5
4403,6-chloroquinoline,"1a, 6-Cl-Q",1,0.0004,"2c, Trifluoroborate",1,Pd(OAc)2,0.0625,dppf,0.125,CsF,2.5,THF,29.9412556000617,70774.21875
4404,6-chloroquinoline,"1a, 6-Cl-Q",1,0.0004,"2c, Trifluoroborate",1,Pd(OAc)2,0.0625,Xantphos,0.125,CsF,2.5,THF,19.6307799314961,97150.9375
4405,6-chloroquinoline,"1a, 6-Cl-Q",1,0.0004,"2c, Trifluoroborate",1,Pd(OAc)2,0.0625,,,K3PO4,2.5,THF,22.6442049874895,329397.1875
4406,6-chloroquinoline,"1a, 6-Cl-Q",1,0.0004,"2c, Trifluoroborate",1,Pd(OAc)2,0.0625,P(tBu)3,0.125,K3PO4,2.5,THF,18.1843943169362,607067.125
4407,6-chloroquinoline,"1a, 6-Cl-Q",1,0.0004,"2c, Trifluoroborate",1,Pd(OAc)2,0.0625,P(Ph)3 ,0.125,K3PO4,2.5,THF,25.4907356037059,622740.625
4408,6-chloroquinoline,"1a, 6-Cl-Q",1,0.0004,"2c, Trifluoroborate",1,Pd(OAc)2,0.0625,AmPhos,0.125,K3PO4,2.5,THF,20.4860497497955,2587377.5
4409,6-chloroquinoline,"1a, 6-Cl-Q",1,0.0004,"2c, Trifluoroborate",1,Pd(OAc)2,0.0625,P(Cy)3,0.125,K3PO4,2.5,THF,25.2465029470301,1882431.625
4410,6-chloroquinoline,"1a, 6-Cl-Q",1,0.0004,"2c, Trifluoroborate",1,Pd(OAc)2,0.0625,P(o-Tol)3,0.125,K3PO4,2.5,THF,20.0179487369952,260517.8125
4411,6-chloroquinoline,"1a, 6-Cl-Q",1,0.0004,"2c, Trifluoroborate",1,Pd(OAc)2,0.0625,CataCXium A,0.125,K3PO4,2.5,THF,27.5170543147037,1939374.75
4412,6-chloroquinoline,"1a, 6-Cl-Q",1,0.0004,"2c, Trifluoroborate",1,Pd(OAc)2,0.0625,SPhos,0.125,K3PO4,2.5,THF,23.942960831204,3841474.75
4413,6-chloroquinoline,"1a, 6-Cl-Q",1,0.0004,"2c, Trifluoroborate",1,Pd(OAc)2,0.0625,dtbpf,0.125,K3PO4,2.5,THF,27.567535494634,1858098.125
4414,6-chloroquinoline,"1a, 6-Cl-Q",1,0.0004,"2c, Trifluoroborate",1,Pd(OAc)2,0.0625,XPhos,0.125,K3PO4,2.5,THF,23.2151416622732,3447276.5
4415,6-chloroquinoline,"1a, 6-Cl-Q",1,0.0004,"2c, Trifluoroborate",1,Pd(OAc)2,0.0625,dppf,0.125,K3PO4,2.5,THF,31.0065968045148,91501.1484375
4416,6-chloroquinoline,"1a, 6-Cl-Q",1,0.0004,"2c, Trifluoroborate",1,Pd(OAc)2,0.0625,Xantphos,0.125,K3PO4,2.5,THF,20.0667029951876,97590.9921875
4417,6-chloroquinoline,"1a, 6-Cl-Q",1,0.0004,"2c, Trifluoroborate",1,Pd(OAc)2,0.0625,,,,2.5,DMF,18.4778622027099,66253.828125
4418,6-chloroquinoline,"1a, 6-Cl-Q",1,0.0004,"2c, Trifluoroborate",1,Pd(OAc)2,0.0625,P(tBu)3,0.125,,2.5,DMF,16.0725928476393,72744.140625
4419,6-chloroquinoline,"1a, 6-Cl-Q",1,0.0004,"2c, Trifluoroborate",1,Pd(OAc)2,0.0625,P(Ph)3 ,0.125,,2.5,DMF,18.377976864799,112769.5625
4420,6-chloroquinoline,"1a, 6-Cl-Q",1,0.0004,"2c, Trifluoroborate",1,Pd(OAc)2,0.0625,AmPhos,0.125,,2.5,DMF,15.5732293455886,107764.90625
4421,6-chloroquinoline,"1a, 6-Cl-Q",1,0.0004,"2c, Trifluoroborate",1,Pd(OAc)2,0.0625,P(Cy)3,0.125,,2.5,DMF,18.4753596827961,97304.0703125
4422,6-chloroquinoline,"1a, 6-Cl-Q",1,0.0004,"2c, Trifluoroborate",1,Pd(OAc)2,0.0625,P(o-Tol)3,0.125,,2.5,DMF,14.4763534574803,60366.4921875
4423,6-chloroquinoline,"1a, 6-Cl-Q",1,0.0004,"2c, Trifluoroborate",1,Pd(OAc)2,0.0625,CataCXium A,0.125,,2.5,DMF,18.575819770615,101034.859375
4424,6-chloroquinoline,"1a, 6-Cl-Q",1,0.0004,"2c, Trifluoroborate",1,Pd(OAc)2,0.0625,SPhos,0.125,,2.5,DMF,15.3454836016149,95033.3515625
4425,6-chloroquinoline,"1a, 6-Cl-Q",1,0.0004,"2c, Trifluoroborate",1,Pd(OAc)2,0.0625,dtbpf,0.125,,2.5,DMF,21.3002952200883,87477.4296875
4426,6-chloroquinoline,"1a, 6-Cl-Q",1,0.0004,"2c, Trifluoroborate",1,Pd(OAc)2,0.0625,XPhos,0.125,,2.5,DMF,19.2001952082668,92572.9609375
4427,6-chloroquinoline,"1a, 6-Cl-Q",1,0.0004,"2c, Trifluoroborate",1,Pd(OAc)2,0.0625,dppf,0.125,,2.5,DMF,22.5980291970043,39145.65625
4428,6-chloroquinoline,"1a, 6-Cl-Q",1,0.0004,"2c, Trifluoroborate",1,Pd(OAc)2,0.0625,Xantphos,0.125,,2.5,DMF,16.9128578179957,41872.51171875
4429,6-chloroquinoline,"1a, 6-Cl-Q",1,0.0004,"2c, Trifluoroborate",1,Pd(OAc)2,0.0625,,,NaOH,2.5,DMF,17.556540699606,46038.78125
4430,6-chloroquinoline,"1a, 6-Cl-Q",1,0.0004,"2c, Trifluoroborate",1,Pd(OAc)2,0.0625,P(tBu)3,0.125,NaOH,2.5,DMF,15.7202914291868,47356.78515625
4431,6-chloroquinoline,"1a, 6-Cl-Q",1,0.0004,"2c, Trifluoroborate",1,Pd(OAc)2,0.0625,P(Ph)3 ,0.125,NaOH,2.5,DMF,22.6611029800933,92449.0703125
4432,6-chloroquinoline,"1a, 6-Cl-Q",1,0.0004,"2c, Trifluoroborate",1,Pd(OAc)2,0.0625,AmPhos,0.125,NaOH,2.5,DMF,15.2974852834486,57246.94921875
4433,6-chloroquinoline,"1a, 6-Cl-Q",1,0.0004,"2c, Trifluoroborate",1,Pd(OAc)2,0.0625,P(Cy)3,0.125,NaOH,2.5,DMF,18.473867935604,74148.9609375
4434,6-chloroquinoline,"1a, 6-Cl-Q",1,0.0004,"2c, Trifluoroborate",1,Pd(OAc)2,0.0625,P(o-Tol)3,0.125,NaOH,2.5,DMF,15.0532562807673,52512.10546875
4435,6-chloroquinoline,"1a, 6-Cl-Q",1,0.0004,"2c, Trifluoroborate",1,Pd(OAc)2,0.0625,CataCXium A,0.125,NaOH,2.5,DMF,17.2301266478893,33324.14453125
4436,6-chloroquinoline,"1a, 6-Cl-Q",1,0.0004,"2c, Trifluoroborate",1,Pd(OAc)2,0.0625,SPhos,0.125,NaOH,2.5,DMF,17.2603057195031,90718.75
4437,6-chloroquinoline,"1a, 6-Cl-Q",1,0.0004,"2c, Trifluoroborate",1,Pd(OAc)2,0.0625,dtbpf,0.125,NaOH,2.5,DMF,22.501239396076,50429.84375
4438,6-chloroquinoline,"1a, 6-Cl-Q",1,0.0004,"2c, Trifluoroborate",1,Pd(OAc)2,0.0625,XPhos,0.125,NaOH,2.5,DMF,16.9367555090247,104071.1171875
4439,6-chloroquinoline,"1a, 6-Cl-Q",1,0.0004,"2c, Trifluoroborate",1,Pd(OAc)2,0.0625,dppf,0.125,NaOH,2.5,DMF,20.3409556686407,33026.9140625
4440,6-chloroquinoline,"1a, 6-Cl-Q",1,0.0004,"2c, Trifluoroborate",1,Pd(OAc)2,0.0625,Xantphos,0.125,NaOH,2.5,DMF,18.0471775974517,52095.5546875
4441,6-chloroquinoline,"1a, 6-Cl-Q",1,0.0004,"2c, Trifluoroborate",1,Pd(OAc)2,0.0625,,,KOH,2.5,DMF,18.6369345787505,52435.875
4442,6-chloroquinoline,"1a, 6-Cl-Q",1,0.0004,"2c, Trifluoroborate",1,Pd(OAc)2,0.0625,P(tBu)3,0.125,KOH,2.5,DMF,15.7795997792635,50717.84375
4443,6-chloroquinoline,"1a, 6-Cl-Q",1,0.0004,"2c, Trifluoroborate",1,Pd(OAc)2,0.0625,P(Ph)3 ,0.125,KOH,2.5,DMF,18.8679305004403,68842.453125
4444,6-chloroquinoline,"1a, 6-Cl-Q",1,0.0004,"2c, Trifluoroborate",1,Pd(OAc)2,0.0625,AmPhos,0.125,KOH,2.5,DMF,16.4614505724336,60291.03125
4445,6-chloroquinoline,"1a, 6-Cl-Q",1,0.0004,"2c, Trifluoroborate",1,Pd(OAc)2,0.0625,P(Cy)3,0.125,KOH,2.5,DMF,18.4026215734594,80769.6640625
4446,6-chloroquinoline,"1a, 6-Cl-Q",1,0.0004,"2c, Trifluoroborate",1,Pd(OAc)2,0.0625,P(o-Tol)3,0.125,KOH,2.5,DMF,14.8722909551475,65722.15625
4447,6-chloroquinoline,"1a, 6-Cl-Q",1,0.0004,"2c, Trifluoroborate",1,Pd(OAc)2,0.0625,CataCXium A,0.125,KOH,2.5,DMF,21.6882540925751,41548.73046875
4448,6-chloroquinoline,"1a, 6-Cl-Q",1,0.0004,"2c, Trifluoroborate",1,Pd(OAc)2,0.0625,SPhos,0.125,KOH,2.5,DMF,15.2717294745948,71087.0390625
4449,6-chloroquinoline,"1a, 6-Cl-Q",1,0.0004,"2c, Trifluoroborate",1,Pd(OAc)2,0.0625,dtbpf,0.125,KOH,2.5,DMF,21.8719663937311,58534.46875
4450,6-chloroquinoline,"1a, 6-Cl-Q",1,0.0004,"2c, Trifluoroborate",1,Pd(OAc)2,0.0625,XPhos,0.125,KOH,2.5,DMF,17.072042693713,90766.75
4451,6-chloroquinoline,"1a, 6-Cl-Q",1,0.0004,"2c, Trifluoroborate",1,Pd(OAc)2,0.0625,dppf,0.125,KOH,2.5,DMF,21.1872112941101,23852.798828125
4452,6-chloroquinoline,"1a, 6-Cl-Q",1,0.0004,"2c, Trifluoroborate",1,Pd(OAc)2,0.0625,Xantphos,0.125,KOH,2.5,DMF,18.258761584768,41008.6015625
4453,6-chloroquinoline,"1a, 6-Cl-Q",1,0.0004,"2c, Trifluoroborate",1,Pd(OAc)2,0.0625,,,LiOtBu,2.5,DMF,50.9337025338294,16135.7470703125
4454,6-chloroquinoline,"1a, 6-Cl-Q",1,0.0004,"2c, Trifluoroborate",1,Pd(OAc)2,0.0625,P(tBu)3,0.125,LiOtBu,2.5,DMF,16.4381550615815,43825.61328125
4455,6-chloroquinoline,"1a, 6-Cl-Q",1,0.0004,"2c, Trifluoroborate",1,Pd(OAc)2,0.0625,P(Ph)3 ,0.125,LiOtBu,2.5,DMF,18.5646657613782,70960.734375
4456,6-chloroquinoline,"1a, 6-Cl-Q",1,0.0004,"2c, Trifluoroborate",1,Pd(OAc)2,0.0625,AmPhos,0.125,LiOtBu,2.5,DMF,13.9953547517573,55489.37890625
4457,6-chloroquinoline,"1a, 6-Cl-Q",1,0.0004,"2c, Trifluoroborate",1,Pd(OAc)2,0.0625,P(Cy)3,0.125,LiOtBu,2.5,DMF,20.0475788695261,49582.30859375
4458,6-chloroquinoline,"1a, 6-Cl-Q",1,0.0004,"2c, Trifluoroborate",1,Pd(OAc)2,0.0625,P(o-Tol)3,0.125,LiOtBu,2.5,DMF,16.2119038508757,54052.01171875
4459,6-chloroquinoline,"1a, 6-Cl-Q",1,0.0004,"2c, Trifluoroborate",1,Pd(OAc)2,0.0625,CataCXium A,0.125,LiOtBu,2.5,DMF,16.6663982885376,32181.373046875
4460,6-chloroquinoline,"1a, 6-Cl-Q",1,0.0004,"2c, Trifluoroborate",1,Pd(OAc)2,0.0625,SPhos,0.125,LiOtBu,2.5,DMF,16.3931778746499,54132.3515625
4461,6-chloroquinoline,"1a, 6-Cl-Q",1,0.0004,"2c, Trifluoroborate",1,Pd(OAc)2,0.0625,dtbpf,0.125,LiOtBu,2.5,DMF,21.3679239217187,39563.3515625
4462,6-chloroquinoline,"1a, 6-Cl-Q",1,0.0004,"2c, Trifluoroborate",1,Pd(OAc)2,0.0625,XPhos,0.125,LiOtBu,2.5,DMF,16.0147873377175,50887.39453125
4463,6-chloroquinoline,"1a, 6-Cl-Q",1,0.0004,"2c, Trifluoroborate",1,Pd(OAc)2,0.0625,dppf,0.125,LiOtBu,2.5,DMF,20.5203978024226,35124.41796875
4464,6-chloroquinoline,"1a, 6-Cl-Q",1,0.0004,"2c, Trifluoroborate",1,Pd(OAc)2,0.0625,Xantphos,0.125,LiOtBu,2.5,DMF,17.9575691098933,43949.87890625
4465,6-chloroquinoline,"1a, 6-Cl-Q",1,0.0004,"2c, Trifluoroborate",1,Pd(OAc)2,0.0625,,,NaHCO3,2.5,DMF,19.5885908902229,41539.30859375
4466,6-chloroquinoline,"1a, 6-Cl-Q",1,0.0004,"2c, Trifluoroborate",1,Pd(OAc)2,0.0625,P(tBu)3,0.125,NaHCO3,2.5,DMF,16.1827556517824,42344.21484375
4467,6-chloroquinoline,"1a, 6-Cl-Q",1,0.0004,"2c, Trifluoroborate",1,Pd(OAc)2,0.0625,P(Ph)3 ,0.125,NaHCO3,2.5,DMF,20.3544258247649,76023.2890625
4468,6-chloroquinoline,"1a, 6-Cl-Q",1,0.0004,"2c, Trifluoroborate",1,Pd(OAc)2,0.0625,AmPhos,0.125,NaHCO3,2.5,DMF,14.8953411552196,54232.203125
4469,6-chloroquinoline,"1a, 6-Cl-Q",1,0.0004,"2c, Trifluoroborate",1,Pd(OAc)2,0.0625,P(Cy)3,0.125,NaHCO3,2.5,DMF,16.9563435574462,58839.12109375
4470,6-chloroquinoline,"1a, 6-Cl-Q",1,0.0004,"2c, Trifluoroborate",1,Pd(OAc)2,0.0625,P(o-Tol)3,0.125,NaHCO3,2.5,DMF,15.5781278638681,36717.77734375
4471,6-chloroquinoline,"1a, 6-Cl-Q",1,0.0004,"2c, Trifluoroborate",1,Pd(OAc)2,0.0625,CataCXium A,0.125,NaHCO3,2.5,DMF,18.9710429364326,23022.73046875
4472,6-chloroquinoline,"1a, 6-Cl-Q",1,0.0004,"2c, Trifluoroborate",1,Pd(OAc)2,0.0625,SPhos,0.125,NaHCO3,2.5,DMF,17.1339597937795,36286.51171875
4473,6-chloroquinoline,"1a, 6-Cl-Q",1,0.0004,"2c, Trifluoroborate",1,Pd(OAc)2,0.0625,dtbpf,0.125,NaHCO3,2.5,DMF,21.1267997279706,38588.78125
4474,6-chloroquinoline,"1a, 6-Cl-Q",1,0.0004,"2c, Trifluoroborate",1,Pd(OAc)2,0.0625,XPhos,0.125,NaHCO3,2.5,DMF,17.2116090943595,29431.55859375
4475,6-chloroquinoline,"1a, 6-Cl-Q",1,0.0004,"2c, Trifluoroborate",1,Pd(OAc)2,0.0625,dppf,0.125,NaHCO3,2.5,DMF,24.6332353908216,19189.11328125
4476,6-chloroquinoline,"1a, 6-Cl-Q",1,0.0004,"2c, Trifluoroborate",1,Pd(OAc)2,0.0625,Xantphos,0.125,NaHCO3,2.5,DMF,21.1343148460606,32225.27734375
4477,6-chloroquinoline,"1a, 6-Cl-Q",1,0.0004,"2c, Trifluoroborate",1,Pd(OAc)2,0.0625,,,Et3N,2.5,DMF,17.7736469963938,39916.93359375
4478,6-chloroquinoline,"1a, 6-Cl-Q",1,0.0004,"2c, Trifluoroborate",1,Pd(OAc)2,0.0625,P(tBu)3,0.125,Et3N,2.5,DMF,17.9694922118974,30713.390625
4479,6-chloroquinoline,"1a, 6-Cl-Q",1,0.0004,"2c, Trifluoroborate",1,Pd(OAc)2,0.0625,P(Ph)3 ,0.125,Et3N,2.5,DMF,18.6323097004289,48872.203125
4480,6-chloroquinoline,"1a, 6-Cl-Q",1,0.0004,"2c, Trifluoroborate",1,Pd(OAc)2,0.0625,AmPhos,0.125,Et3N,2.5,DMF,17.2547927305823,38429.1328125
4481,6-chloroquinoline,"1a, 6-Cl-Q",1,0.0004,"2c, Trifluoroborate",1,Pd(OAc)2,0.0625,P(Cy)3,0.125,Et3N,2.5,DMF,15.6660565784715,45017.625
4482,6-chloroquinoline,"1a, 6-Cl-Q",1,0.0004,"2c, Trifluoroborate",1,Pd(OAc)2,0.0625,P(o-Tol)3,0.125,Et3N,2.5,DMF,20.3272477763266,29673.751953125
4483,6-chloroquinoline,"1a, 6-Cl-Q",1,0.0004,"2c, Trifluoroborate",1,Pd(OAc)2,0.0625,CataCXium A,0.125,Et3N,2.5,DMF,23.8349693742641,21226.671875
4484,6-chloroquinoline,"1a, 6-Cl-Q",1,0.0004,"2c, Trifluoroborate",1,Pd(OAc)2,0.0625,SPhos,0.125,Et3N,2.5,DMF,20.5495805648052,41683.5
4485,6-chloroquinoline,"1a, 6-Cl-Q",1,0.0004,"2c, Trifluoroborate",1,Pd(OAc)2,0.0625,dtbpf,0.125,Et3N,2.5,DMF,23.5224258781044,27212.443359375
4486,6-chloroquinoline,"1a, 6-Cl-Q",1,0.0004,"2c, Trifluoroborate",1,Pd(OAc)2,0.0625,XPhos,0.125,Et3N,2.5,DMF,21.7356260112482,33034.6328125
4487,6-chloroquinoline,"1a, 6-Cl-Q",1,0.0004,"2c, Trifluoroborate",1,Pd(OAc)2,0.0625,dppf,0.125,Et3N,2.5,DMF,34.0077888254683,13166.2099609375
4488,6-chloroquinoline,"1a, 6-Cl-Q",1,0.0004,"2c, Trifluoroborate",1,Pd(OAc)2,0.0625,Xantphos,0.125,Et3N,2.5,DMF,18.229957183823,40204.33984375
4489,6-chloroquinoline,"1a, 6-Cl-Q",1,0.0004,"2c, Trifluoroborate",1,Pd(OAc)2,0.0625,,,CsF,2.5,DMF,25.8321531261809,25236.138671875
4490,6-chloroquinoline,"1a, 6-Cl-Q",1,0.0004,"2c, Trifluoroborate",1,Pd(OAc)2,0.0625,P(tBu)3,0.125,CsF,2.5,DMF,16.3771258547634,38644.38671875
4491,6-chloroquinoline,"1a, 6-Cl-Q",1,0.0004,"2c, Trifluoroborate",1,Pd(OAc)2,0.0625,P(Ph)3 ,0.125,CsF,2.5,DMF,24.4837123827333,50219.96484375
4492,6-chloroquinoline,"1a, 6-Cl-Q",1,0.0004,"2c, Trifluoroborate",1,Pd(OAc)2,0.0625,AmPhos,0.125,CsF,2.5,DMF,15.6547552307526,51605.9453125
4493,6-chloroquinoline,"1a, 6-Cl-Q",1,0.0004,"2c, Trifluoroborate",1,Pd(OAc)2,0.0625,P(Cy)3,0.125,CsF,2.5,DMF,15.0789546778312,69157.125
4494,6-chloroquinoline,"1a, 6-Cl-Q",1,0.0004,"2c, Trifluoroborate",1,Pd(OAc)2,0.0625,P(o-Tol)3,0.125,CsF,2.5,DMF,17.5610727550816,34129.828125
4495,6-chloroquinoline,"1a, 6-Cl-Q",1,0.0004,"2c, Trifluoroborate",1,Pd(OAc)2,0.0625,CataCXium A,0.125,CsF,2.5,DMF,17.6336155522544,38376.890625
4496,6-chloroquinoline,"1a, 6-Cl-Q",1,0.0004,"2c, Trifluoroborate",1,Pd(OAc)2,0.0625,SPhos,0.125,CsF,2.5,DMF,20.9123802280894,44375.43359375
4497,6-chloroquinoline,"1a, 6-Cl-Q",1,0.0004,"2c, Trifluoroborate",1,Pd(OAc)2,0.0625,dtbpf,0.125,CsF,2.5,DMF,29.8370885541043,44568.68359375
4498,6-chloroquinoline,"1a, 6-Cl-Q",1,0.0004,"2c, Trifluoroborate",1,Pd(OAc)2,0.0625,XPhos,0.125,CsF,2.5,DMF,20.8273870124278,40743.390625
4499,6-chloroquinoline,"1a, 6-Cl-Q",1,0.0004,"2c, Trifluoroborate",1,Pd(OAc)2,0.0625,dppf,0.125,CsF,2.5,DMF,35.2313993677834,15386.5625
4500,6-chloroquinoline,"1a, 6-Cl-Q",1,0.0004,"2c, Trifluoroborate",1,Pd(OAc)2,0.0625,Xantphos,0.125,CsF,2.5,DMF,18.0895932638592,40089.87109375
4501,6-chloroquinoline,"1a, 6-Cl-Q",1,0.0004,"2c, Trifluoroborate",1,Pd(OAc)2,0.0625,,,K3PO4,2.5,DMF,24.5317891999898,21924.48046875
4502,6-chloroquinoline,"1a, 6-Cl-Q",1,0.0004,"2c, Trifluoroborate",1,Pd(OAc)2,0.0625,P(tBu)3,0.125,K3PO4,2.5,DMF,16.5886538532166,26770.119140625
4503,6-chloroquinoline,"1a, 6-Cl-Q",1,0.0004,"2c, Trifluoroborate",1,Pd(OAc)2,0.0625,P(Ph)3 ,0.125,K3PO4,2.5,DMF,18.5757416100608,287718.09375
4504,6-chloroquinoline,"1a, 6-Cl-Q",1,0.0004,"2c, Trifluoroborate",1,Pd(OAc)2,0.0625,AmPhos,0.125,K3PO4,2.5,DMF,18.4468064971958,45320.44921875
4505,6-chloroquinoline,"1a, 6-Cl-Q",1,0.0004,"2c, Trifluoroborate",1,Pd(OAc)2,0.0625,P(Cy)3,0.125,K3PO4,2.5,DMF,19.8655509604828,37741.12109375
4506,6-chloroquinoline,"1a, 6-Cl-Q",1,0.0004,"2c, Trifluoroborate",1,Pd(OAc)2,0.0625,P(o-Tol)3,0.125,K3PO4,2.5,DMF,24.1886125300639,37322.07421875
4507,6-chloroquinoline,"1a, 6-Cl-Q",1,0.0004,"2c, Trifluoroborate",1,Pd(OAc)2,0.0625,CataCXium A,0.125,K3PO4,2.5,DMF,20.3039697520014,35162.49609375
4508,6-chloroquinoline,"1a, 6-Cl-Q",1,0.0004,"2c, Trifluoroborate",1,Pd(OAc)2,0.0625,SPhos,0.125,K3PO4,2.5,DMF,19.5855185351118,36348.5234375
4509,6-chloroquinoline,"1a, 6-Cl-Q",1,0.0004,"2c, Trifluoroborate",1,Pd(OAc)2,0.0625,dtbpf,0.125,K3PO4,2.5,DMF,21.9352455299947,51424.83203125
4510,6-chloroquinoline,"1a, 6-Cl-Q",1,0.0004,"2c, Trifluoroborate",1,Pd(OAc)2,0.0625,XPhos,0.125,K3PO4,2.5,DMF,17.9642716858527,54153.80859375
4511,6-chloroquinoline,"1a, 6-Cl-Q",1,0.0004,"2c, Trifluoroborate",1,Pd(OAc)2,0.0625,dppf,0.125,K3PO4,2.5,DMF,24.196041011149,24906.298828125
4512,6-chloroquinoline,"1a, 6-Cl-Q",1,0.0004,"2c, Trifluoroborate",1,Pd(OAc)2,0.0625,Xantphos,0.125,K3PO4,2.5,DMF,16.5030401604203,38928.65234375
4513,6-chloroquinoline,"1a, 6-Cl-Q",1,0.0004,"2c, Trifluoroborate",1,Pd(OAc)2,0.0625,,,,2.5,MeOH,17.9033863944158,354819.59375
4514,6-chloroquinoline,"1a, 6-Cl-Q",1,0.0004,"2c, Trifluoroborate",1,Pd(OAc)2,0.0625,P(tBu)3,0.125,,2.5,MeOH,20.8147527802289,2696987.75
4515,6-chloroquinoline,"1a, 6-Cl-Q",1,0.0004,"2c, Trifluoroborate",1,Pd(OAc)2,0.0625,P(Ph)3 ,0.125,,2.5,MeOH,19.7519267484284,1227550.0
4516,6-chloroquinoline,"1a, 6-Cl-Q",1,0.0004,"2c, Trifluoroborate",1,Pd(OAc)2,0.0625,AmPhos,0.125,,2.5,MeOH,18.2070358209637,3115598.25
4517,6-chloroquinoline,"1a, 6-Cl-Q",1,0.0004,"2c, Trifluoroborate",1,Pd(OAc)2,0.0625,P(Cy)3,0.125,,2.5,MeOH,15.9022946676703,342854.875
4518,6-chloroquinoline,"1a, 6-Cl-Q",1,0.0004,"2c, Trifluoroborate",1,Pd(OAc)2,0.0625,P(o-Tol)3,0.125,,2.5,MeOH,16.4202440719814,388037.09375
4519,6-chloroquinoline,"1a, 6-Cl-Q",1,0.0004,"2c, Trifluoroborate",1,Pd(OAc)2,0.0625,CataCXium A,0.125,,2.5,MeOH,24.6880345562596,2831166.75
4520,6-chloroquinoline,"1a, 6-Cl-Q",1,0.0004,"2c, Trifluoroborate",1,Pd(OAc)2,0.0625,SPhos,0.125,,2.5,MeOH,20.7269500438884,2361652.5
4521,6-chloroquinoline,"1a, 6-Cl-Q",1,0.0004,"2c, Trifluoroborate",1,Pd(OAc)2,0.0625,dtbpf,0.125,,2.5,MeOH,19.3211283705197,800265.75
4522,6-chloroquinoline,"1a, 6-Cl-Q",1,0.0004,"2c, Trifluoroborate",1,Pd(OAc)2,0.0625,XPhos,0.125,,2.5,MeOH,22.6720053608294,2487587.5
4523,6-chloroquinoline,"1a, 6-Cl-Q",1,0.0004,"2c, Trifluoroborate",1,Pd(OAc)2,0.0625,dppf,0.125,,2.5,MeOH,20.2803227581135,84646.7890625
4524,6-chloroquinoline,"1a, 6-Cl-Q",1,0.0004,"2c, Trifluoroborate",1,Pd(OAc)2,0.0625,Xantphos,0.125,,2.5,MeOH,19.9885375978742,205031.09375
4525,6-chloroquinoline,"1a, 6-Cl-Q",1,0.0004,"2c, Trifluoroborate",1,Pd(OAc)2,0.0625,,,NaOH,2.5,MeOH,23.1385457313737,3436438.75
4526,6-chloroquinoline,"1a, 6-Cl-Q",1,0.0004,"2c, Trifluoroborate",1,Pd(OAc)2,0.0625,P(tBu)3,0.125,NaOH,2.5,MeOH,24.9345519017724,3880036.0
4527,6-chloroquinoline,"1a, 6-Cl-Q",1,0.0004,"2c, Trifluoroborate",1,Pd(OAc)2,0.0625,P(Ph)3 ,0.125,NaOH,2.5,MeOH,18.7161798604888,628711.125
4528,6-chloroquinoline,"1a, 6-Cl-Q",1,0.0004,"2c, Trifluoroborate",1,Pd(OAc)2,0.0625,AmPhos,0.125,NaOH,2.5,MeOH,18.1451192154842,1603359.25
4529,6-chloroquinoline,"1a, 6-Cl-Q",1,0.0004,"2c, Trifluoroborate",1,Pd(OAc)2,0.0625,P(Cy)3,0.125,NaOH,2.5,MeOH,19.9063569517887,1132006.25
4530,6-chloroquinoline,"1a, 6-Cl-Q",1,0.0004,"2c, Trifluoroborate",1,Pd(OAc)2,0.0625,P(o-Tol)3,0.125,NaOH,2.5,MeOH,18.3008646618592,1594838.875
4531,6-chloroquinoline,"1a, 6-Cl-Q",1,0.0004,"2c, Trifluoroborate",1,Pd(OAc)2,0.0625,CataCXium A,0.125,NaOH,2.5,MeOH,21.3923928024353,1300399.875
4532,6-chloroquinoline,"1a, 6-Cl-Q",1,0.0004,"2c, Trifluoroborate",1,Pd(OAc)2,0.0625,SPhos,0.125,NaOH,2.5,MeOH,49.994714159326,13591104.0
4533,6-chloroquinoline,"1a, 6-Cl-Q",1,0.0004,"2c, Trifluoroborate",1,Pd(OAc)2,0.0625,dtbpf,0.125,NaOH,2.5,MeOH,28.0684398637675,1305852.25
4534,6-chloroquinoline,"1a, 6-Cl-Q",1,0.0004,"2c, Trifluoroborate",1,Pd(OAc)2,0.0625,XPhos,0.125,NaOH,2.5,MeOH,48.273728327325,11003161.0
4535,6-chloroquinoline,"1a, 6-Cl-Q",1,0.0004,"2c, Trifluoroborate",1,Pd(OAc)2,0.0625,dppf,0.125,NaOH,2.5,MeOH,24.6833379291349,1158349.25
4536,6-chloroquinoline,"1a, 6-Cl-Q",1,0.0004,"2c, Trifluoroborate",1,Pd(OAc)2,0.0625,Xantphos,0.125,NaOH,2.5,MeOH,21.6765184721993,1253251.625
4537,6-chloroquinoline,"1a, 6-Cl-Q",1,0.0004,"2c, Trifluoroborate",1,Pd(OAc)2,0.0625,,,KOH,2.5,MeOH,23.5647903613781,1596091.875
4538,6-chloroquinoline,"1a, 6-Cl-Q",1,0.0004,"2c, Trifluoroborate",1,Pd(OAc)2,0.0625,P(tBu)3,0.125,KOH,2.5,MeOH,22.0987725253555,3280373.25
4539,6-chloroquinoline,"1a, 6-Cl-Q",1,0.0004,"2c, Trifluoroborate",1,Pd(OAc)2,0.0625,P(Ph)3 ,0.125,KOH,2.5,MeOH,21.9469342345694,462939.1875
4540,6-chloroquinoline,"1a, 6-Cl-Q",1,0.0004,"2c, Trifluoroborate",1,Pd(OAc)2,0.0625,AmPhos,0.125,KOH,2.5,MeOH,18.3119463869131,1532835.875
4541,6-chloroquinoline,"1a, 6-Cl-Q",1,0.0004,"2c, Trifluoroborate",1,Pd(OAc)2,0.0625,P(Cy)3,0.125,KOH,2.5,MeOH,18.1169726667185,1086785.875
4542,6-chloroquinoline,"1a, 6-Cl-Q",1,0.0004,"2c, Trifluoroborate",1,Pd(OAc)2,0.0625,P(o-Tol)3,0.125,KOH,2.5,MeOH,17.5994321229657,785652.3125
4543,6-chloroquinoline,"1a, 6-Cl-Q",1,0.0004,"2c, Trifluoroborate",1,Pd(OAc)2,0.0625,CataCXium A,0.125,KOH,2.5,MeOH,22.0016891725476,779657.125
4544,6-chloroquinoline,"1a, 6-Cl-Q",1,0.0004,"2c, Trifluoroborate",1,Pd(OAc)2,0.0625,SPhos,0.125,KOH,2.5,MeOH,41.1946761873601,10488600.0
4545,6-chloroquinoline,"1a, 6-Cl-Q",1,0.0004,"2c, Trifluoroborate",1,Pd(OAc)2,0.0625,dtbpf,0.125,KOH,2.5,MeOH,22.4795236348515,956103.375
4546,6-chloroquinoline,"1a, 6-Cl-Q",1,0.0004,"2c, Trifluoroborate",1,Pd(OAc)2,0.0625,XPhos,0.125,KOH,2.5,MeOH,47.0069561627249,9406506.0
4547,6-chloroquinoline,"1a, 6-Cl-Q",1,0.0004,"2c, Trifluoroborate",1,Pd(OAc)2,0.0625,dppf,0.125,KOH,2.5,MeOH,24.7144824606393,716403.375
4548,6-chloroquinoline,"1a, 6-Cl-Q",1,0.0004,"2c, Trifluoroborate",1,Pd(OAc)2,0.0625,Xantphos,0.125,KOH,2.5,MeOH,18.7560106682742,512896.3125
4549,6-chloroquinoline,"1a, 6-Cl-Q",1,0.0004,"2c, Trifluoroborate",1,Pd(OAc)2,0.0625,,,LiOtBu,2.5,MeOH,22.3147306812057,1108328.125
4550,6-chloroquinoline,"1a, 6-Cl-Q",1,0.0004,"2c, Trifluoroborate",1,Pd(OAc)2,0.0625,P(tBu)3,0.125,LiOtBu,2.5,MeOH,21.3524682507061,1728465.0
4551,6-chloroquinoline,"1a, 6-Cl-Q",1,0.0004,"2c, Trifluoroborate",1,Pd(OAc)2,0.0625,P(Ph)3 ,0.125,LiOtBu,2.5,MeOH,17.6311322258592,406682.21875
4552,6-chloroquinoline,"1a, 6-Cl-Q",1,0.0004,"2c, Trifluoroborate",1,Pd(OAc)2,0.0625,AmPhos,0.125,LiOtBu,2.5,MeOH,15.262297399948,595986.625
4553,6-chloroquinoline,"1a, 6-Cl-Q",1,0.0004,"2c, Trifluoroborate",1,Pd(OAc)2,0.0625,P(Cy)3,0.125,LiOtBu,2.5,MeOH,16.9786867022265,534325.5625
4554,6-chloroquinoline,"1a, 6-Cl-Q",1,0.0004,"2c, Trifluoroborate",1,Pd(OAc)2,0.0625,P(o-Tol)3,0.125,LiOtBu,2.5,MeOH,15.1626706688503,445733.03125
4555,6-chloroquinoline,"1a, 6-Cl-Q",1,0.0004,"2c, Trifluoroborate",1,Pd(OAc)2,0.0625,CataCXium A,0.125,LiOtBu,2.5,MeOH,26.2377434317628,4027121.5
4556,6-chloroquinoline,"1a, 6-Cl-Q",1,0.0004,"2c, Trifluoroborate",1,Pd(OAc)2,0.0625,SPhos,0.125,LiOtBu,2.5,MeOH,41.967098465394,8282828.0
4557,6-chloroquinoline,"1a, 6-Cl-Q",1,0.0004,"2c, Trifluoroborate",1,Pd(OAc)2,0.0625,dtbpf,0.125,LiOtBu,2.5,MeOH,25.0037034399708,456850.0
4558,6-chloroquinoline,"1a, 6-Cl-Q",1,0.0004,"2c, Trifluoroborate",1,Pd(OAc)2,0.0625,XPhos,0.125,LiOtBu,2.5,MeOH,59.0774065713956,9574565.0
4559,6-chloroquinoline,"1a, 6-Cl-Q",1,0.0004,"2c, Trifluoroborate",1,Pd(OAc)2,0.0625,dppf,0.125,LiOtBu,2.5,MeOH,39.337718750502,1117773.125
4560,6-chloroquinoline,"1a, 6-Cl-Q",1,0.0004,"2c, Trifluoroborate",1,Pd(OAc)2,0.0625,Xantphos,0.125,LiOtBu,2.5,MeOH,17.4301383142363,140722.03125
4561,6-chloroquinoline,"1a, 6-Cl-Q",1,0.0004,"2c, Trifluoroborate",1,Pd(OAc)2,0.0625,,,NaHCO3,2.5,MeOH,21.0632707305662,804339.3125
4562,6-chloroquinoline,"1a, 6-Cl-Q",1,0.0004,"2c, Trifluoroborate",1,Pd(OAc)2,0.0625,P(tBu)3,0.125,NaHCO3,2.5,MeOH,23.2332324680959,2937322.75
4563,6-chloroquinoline,"1a, 6-Cl-Q",1,0.0004,"2c, Trifluoroborate",1,Pd(OAc)2,0.0625,P(Ph)3 ,0.125,NaHCO3,2.5,MeOH,21.3038392152817,609916.4375
4564,6-chloroquinoline,"1a, 6-Cl-Q",1,0.0004,"2c, Trifluoroborate",1,Pd(OAc)2,0.0625,AmPhos,0.125,NaHCO3,2.5,MeOH,14.7820429806916,1213551.125
4565,6-chloroquinoline,"1a, 6-Cl-Q",1,0.0004,"2c, Trifluoroborate",1,Pd(OAc)2,0.0625,P(Cy)3,0.125,NaHCO3,2.5,MeOH,19.1024379848062,770796.8125
4566,6-chloroquinoline,"1a, 6-Cl-Q",1,0.0004,"2c, Trifluoroborate",1,Pd(OAc)2,0.0625,P(o-Tol)3,0.125,NaHCO3,2.5,MeOH,14.9751821667703,908891.5625
4567,6-chloroquinoline,"1a, 6-Cl-Q",1,0.0004,"2c, Trifluoroborate",1,Pd(OAc)2,0.0625,CataCXium A,0.125,NaHCO3,2.5,MeOH,7.73223836486673,2601463.5
4568,6-chloroquinoline,"1a, 6-Cl-Q",1,0.0004,"2c, Trifluoroborate",1,Pd(OAc)2,0.0625,SPhos,0.125,NaHCO3,2.5,MeOH,34.8546433855992,7292181.0
4569,6-chloroquinoline,"1a, 6-Cl-Q",1,0.0004,"2c, Trifluoroborate",1,Pd(OAc)2,0.0625,dtbpf,0.125,NaHCO3,2.5,MeOH,22.8828223573241,790228.8125
4570,6-chloroquinoline,"1a, 6-Cl-Q",1,0.0004,"2c, Trifluoroborate",1,Pd(OAc)2,0.0625,XPhos,0.125,NaHCO3,2.5,MeOH,38.1387889581217,7660793.5
4571,6-chloroquinoline,"1a, 6-Cl-Q",1,0.0004,"2c, Trifluoroborate",1,Pd(OAc)2,0.0625,dppf,0.125,NaHCO3,2.5,MeOH,22.5468844955266,519106.8125
4572,6-chloroquinoline,"1a, 6-Cl-Q",1,0.0004,"2c, Trifluoroborate",1,Pd(OAc)2,0.0625,Xantphos,0.125,NaHCO3,2.5,MeOH,19.0397408475386,339846.875
4573,6-chloroquinoline,"1a, 6-Cl-Q",1,0.0004,"2c, Trifluoroborate",1,Pd(OAc)2,0.0625,,,Et3N,2.5,MeOH,22.8882543920985,240893.890625
4574,6-chloroquinoline,"1a, 6-Cl-Q",1,0.0004,"2c, Trifluoroborate",1,Pd(OAc)2,0.0625,P(tBu)3,0.125,Et3N,2.5,MeOH,18.9653802216036,1448194.0
4575,6-chloroquinoline,"1a, 6-Cl-Q",1,0.0004,"2c, Trifluoroborate",1,Pd(OAc)2,0.0625,P(Ph)3 ,0.125,Et3N,2.5,MeOH,38.7941952151816,369452.84375
4576,6-chloroquinoline,"1a, 6-Cl-Q",1,0.0004,"2c, Trifluoroborate",1,Pd(OAc)2,0.0625,AmPhos,0.125,Et3N,2.5,MeOH,16.735839326703,716429.5
4577,6-chloroquinoline,"1a, 6-Cl-Q",1,0.0004,"2c, Trifluoroborate",1,Pd(OAc)2,0.0625,P(Cy)3,0.125,Et3N,2.5,MeOH,17.0155473206814,188892.9375
4578,6-chloroquinoline,"1a, 6-Cl-Q",1,0.0004,"2c, Trifluoroborate",1,Pd(OAc)2,0.0625,P(o-Tol)3,0.125,Et3N,2.5,MeOH,18.2739008476155,423297.9375
4579,6-chloroquinoline,"1a, 6-Cl-Q",1,0.0004,"2c, Trifluoroborate",1,Pd(OAc)2,0.0625,CataCXium A,0.125,Et3N,2.5,MeOH,20.1636635398123,692939.3125
4580,6-chloroquinoline,"1a, 6-Cl-Q",1,0.0004,"2c, Trifluoroborate",1,Pd(OAc)2,0.0625,SPhos,0.125,Et3N,2.5,MeOH,21.0556483618235,2032832.875
4581,6-chloroquinoline,"1a, 6-Cl-Q",1,0.0004,"2c, Trifluoroborate",1,Pd(OAc)2,0.0625,dtbpf,0.125,Et3N,2.5,MeOH,22.2128778031019,276625.5
4582,6-chloroquinoline,"1a, 6-Cl-Q",1,0.0004,"2c, Trifluoroborate",1,Pd(OAc)2,0.0625,XPhos,0.125,Et3N,2.5,MeOH,23.1489965714703,1727417.875
4583,6-chloroquinoline,"1a, 6-Cl-Q",1,0.0004,"2c, Trifluoroborate",1,Pd(OAc)2,0.0625,dppf,0.125,Et3N,2.5,MeOH,22.2710179095998,62868.203125
4584,6-chloroquinoline,"1a, 6-Cl-Q",1,0.0004,"2c, Trifluoroborate",1,Pd(OAc)2,0.0625,Xantphos,0.125,Et3N,2.5,MeOH,17.1217266405571,60467.55859375
4585,6-chloroquinoline,"1a, 6-Cl-Q",1,0.0004,"2c, Trifluoroborate",1,Pd(OAc)2,0.0625,,,CsF,2.5,MeOH,22.2972669216611,431344.46875
4586,6-chloroquinoline,"1a, 6-Cl-Q",1,0.0004,"2c, Trifluoroborate",1,Pd(OAc)2,0.0625,P(tBu)3,0.125,CsF,2.5,MeOH,21.1175457450216,1991551.0
4587,6-chloroquinoline,"1a, 6-Cl-Q",1,0.0004,"2c, Trifluoroborate",1,Pd(OAc)2,0.0625,P(Ph)3 ,0.125,CsF,2.5,MeOH,22.3059588132792,326330.78125
4588,6-chloroquinoline,"1a, 6-Cl-Q",1,0.0004,"2c, Trifluoroborate",1,Pd(OAc)2,0.0625,AmPhos,0.125,CsF,2.5,MeOH,16.3471198689114,1672394.5
4589,6-chloroquinoline,"1a, 6-Cl-Q",1,0.0004,"2c, Trifluoroborate",1,Pd(OAc)2,0.0625,P(Cy)3,0.125,CsF,2.5,MeOH,19.7216294400158,376554.5
4590,6-chloroquinoline,"1a, 6-Cl-Q",1,0.0004,"2c, Trifluoroborate",1,Pd(OAc)2,0.0625,P(o-Tol)3,0.125,CsF,2.5,MeOH,17.7674854495982,544973.8125
4591,6-chloroquinoline,"1a, 6-Cl-Q",1,0.0004,"2c, Trifluoroborate",1,Pd(OAc)2,0.0625,CataCXium A,0.125,CsF,2.5,MeOH,26.2775099565301,2361994.0
4592,6-chloroquinoline,"1a, 6-Cl-Q",1,0.0004,"2c, Trifluoroborate",1,Pd(OAc)2,0.0625,SPhos,0.125,CsF,2.5,MeOH,19.9335003352562,1858016.75
4593,6-chloroquinoline,"1a, 6-Cl-Q",1,0.0004,"2c, Trifluoroborate",1,Pd(OAc)2,0.0625,dtbpf,0.125,CsF,2.5,MeOH,20.95362206191,643770.4375
4594,6-chloroquinoline,"1a, 6-Cl-Q",1,0.0004,"2c, Trifluoroborate",1,Pd(OAc)2,0.0625,XPhos,0.125,CsF,2.5,MeOH,29.0329135474822,4915296.5
4595,6-chloroquinoline,"1a, 6-Cl-Q",1,0.0004,"2c, Trifluoroborate",1,Pd(OAc)2,0.0625,dppf,0.125,CsF,2.5,MeOH,26.5032549898113,90026.859375
4596,6-chloroquinoline,"1a, 6-Cl-Q",1,0.0004,"2c, Trifluoroborate",1,Pd(OAc)2,0.0625,Xantphos,0.125,CsF,2.5,MeOH,19.4448620252168,101969.390625
4597,6-chloroquinoline,"1a, 6-Cl-Q",1,0.0004,"2c, Trifluoroborate",1,Pd(OAc)2,0.0625,,,K3PO4,2.5,MeOH,22.0105650045537,1014576.25
4598,6-chloroquinoline,"1a, 6-Cl-Q",1,0.0004,"2c, Trifluoroborate",1,Pd(OAc)2,0.0625,P(tBu)3,0.125,K3PO4,2.5,MeOH,19.8190661099679,2012957.0
4599,6-chloroquinoline,"1a, 6-Cl-Q",1,0.0004,"2c, Trifluoroborate",1,Pd(OAc)2,0.0625,P(Ph)3 ,0.125,K3PO4,2.5,MeOH,19.2847444738594,544318.9375
4600,6-chloroquinoline,"1a, 6-Cl-Q",1,0.0004,"2c, Trifluoroborate",1,Pd(OAc)2,0.0625,AmPhos,0.125,K3PO4,2.5,MeOH,18.1435988108429,664528.875
4601,6-chloroquinoline,"1a, 6-Cl-Q",1,0.0004,"2c, Trifluoroborate",1,Pd(OAc)2,0.0625,P(Cy)3,0.125,K3PO4,2.5,MeOH,21.3885257631692,609707.625
4602,6-chloroquinoline,"1a, 6-Cl-Q",1,0.0004,"2c, Trifluoroborate",1,Pd(OAc)2,0.0625,P(o-Tol)3,0.125,K3PO4,2.5,MeOH,17.8312759244375,597172.0625
4603,6-chloroquinoline,"1a, 6-Cl-Q",1,0.0004,"2c, Trifluoroborate",1,Pd(OAc)2,0.0625,CataCXium A,0.125,K3PO4,2.5,MeOH,20.8862029912608,1036370.625
4604,6-chloroquinoline,"1a, 6-Cl-Q",1,0.0004,"2c, Trifluoroborate",1,Pd(OAc)2,0.0625,SPhos,0.125,K3PO4,2.5,MeOH,48.6564394760715,9491255.0
4605,6-chloroquinoline,"1a, 6-Cl-Q",1,0.0004,"2c, Trifluoroborate",1,Pd(OAc)2,0.0625,dtbpf,0.125,K3PO4,2.5,MeOH,21.3787262868951,636268.5
4606,6-chloroquinoline,"1a, 6-Cl-Q",1,0.0004,"2c, Trifluoroborate",1,Pd(OAc)2,0.0625,XPhos,0.125,K3PO4,2.5,MeOH,43.4465161484757,9246316.0
4607,6-chloroquinoline,"1a, 6-Cl-Q",1,0.0004,"2c, Trifluoroborate",1,Pd(OAc)2,0.0625,dppf,0.125,K3PO4,2.5,MeOH,24.6370699987248,851817.5
4608,6-chloroquinoline,"1a, 6-Cl-Q",1,0.0004,"2c, Trifluoroborate",1,Pd(OAc)2,0.0625,Xantphos,0.125,K3PO4,2.5,MeOH,18.508735042501,376199.71875
4609,6-quinoline-boronic acid hydrochloride,"1e, 6-BOH2-Q",1,0.0004,"2d, Bromide",1,Pd(OAc)2,0.0625,P(tBu)3,0.125,,2.5,MeOH/H2O_V2 9:1,40.5405050475936,7175407.0
4610,6-quinoline-boronic acid hydrochloride,"1e, 6-BOH2-Q",1,0.0004,"2d, Bromide",1,Pd(OAc)2,0.0625,P(Ph)3 ,0.125,,2.5,MeOH/H2O_V2 9:1,54.6314946031964,11546850.0
4611,6-quinoline-boronic acid hydrochloride,"1e, 6-BOH2-Q",1,0.0004,"2d, Bromide",1,Pd(OAc)2,0.0625,AmPhos,0.125,,2.5,MeOH/H2O_V2 9:1,46.2039524327386,11398206.0
4612,6-quinoline-boronic acid hydrochloride,"1e, 6-BOH2-Q",1,0.0004,"2d, Bromide",1,Pd(OAc)2,0.0625,P(Cy)3,0.125,,2.5,MeOH/H2O_V2 9:1,48.2657181725258,9396995.0
4613,6-quinoline-boronic acid hydrochloride,"1e, 6-BOH2-Q",1,0.0004,"2d, Bromide",1,Pd(OAc)2,0.0625,P(o-Tol)3,0.125,,2.5,MeOH/H2O_V2 9:1,71.2281066041578,15189527.0
4614,6-quinoline-boronic acid hydrochloride,"1e, 6-BOH2-Q",1,0.0004,"2d, Bromide",1,Pd(OAc)2,0.0625,CataCXium A,0.125,,2.5,MeOH/H2O_V2 9:1,68.0859170939943,12883853.0
4615,6-quinoline-boronic acid hydrochloride,"1e, 6-BOH2-Q",1,0.0004,"2d, Bromide",1,Pd(OAc)2,0.0625,SPhos,0.125,,2.5,MeOH/H2O_V2 9:1,49.8039141874241,12470617.0
4616,6-quinoline-boronic acid hydrochloride,"1e, 6-BOH2-Q",1,0.0004,"2d, Bromide",1,Pd(OAc)2,0.0625,dtbpf,0.125,,2.5,MeOH/H2O_V2 9:1,45.9467383597279,8664474.0
4617,6-quinoline-boronic acid hydrochloride,"1e, 6-BOH2-Q",1,0.0004,"2d, Bromide",1,Pd(OAc)2,0.0625,XPhos,0.125,,2.5,MeOH/H2O_V2 9:1,66.5206596990281,17127834.0
4618,6-quinoline-boronic acid hydrochloride,"1e, 6-BOH2-Q",1,0.0004,"2d, Bromide",1,Pd(OAc)2,0.0625,dppf,0.125,,2.5,MeOH/H2O_V2 9:1,44.0556427835481,8000856.5
4619,6-quinoline-boronic acid hydrochloride,"1e, 6-BOH2-Q",1,0.0004,"2d, Bromide",1,Pd(OAc)2,0.0625,Xantphos,0.125,,2.5,MeOH/H2O_V2 9:1,29.8390870330192,5423777.0
4620,6-quinoline-boronic acid hydrochloride,"1e, 6-BOH2-Q",1,0.0004,"2d, Bromide",1,Pd(OAc)2,0.0625,,,,2.5,MeOH/H2O_V2 9:1,54.2915241198965,15453940.0
4621,6-quinoline-boronic acid hydrochloride,"1e, 6-BOH2-Q",1,0.0004,"2d, Bromide",1,Pd(OAc)2,0.0625,P(tBu)3,0.125,NaOH,2.5,MeOH/H2O_V2 9:1,54.5072216462346,11397217.0
4622,6-quinoline-boronic acid hydrochloride,"1e, 6-BOH2-Q",1,0.0004,"2d, Bromide",1,Pd(OAc)2,0.0625,P(Ph)3 ,0.125,NaOH,2.5,MeOH/H2O_V2 9:1,63.6951525868476,12529527.0
4623,6-quinoline-boronic acid hydrochloride,"1e, 6-BOH2-Q",1,0.0004,"2d, Bromide",1,Pd(OAc)2,0.0625,AmPhos,0.125,NaOH,2.5,MeOH/H2O_V2 9:1,47.3149248325767,10735478.0
4624,6-quinoline-boronic acid hydrochloride,"1e, 6-BOH2-Q",1,0.0004,"2d, Bromide",1,Pd(OAc)2,0.0625,P(Cy)3,0.125,NaOH,2.5,MeOH/H2O_V2 9:1,50.681604713316,9901592.0
4625,6-quinoline-boronic acid hydrochloride,"1e, 6-BOH2-Q",1,0.0004,"2d, Bromide",1,Pd(OAc)2,0.0625,P(o-Tol)3,0.125,NaOH,2.5,MeOH/H2O_V2 9:1,66.8697789860257,16327858.0
4626,6-quinoline-boronic acid hydrochloride,"1e, 6-BOH2-Q",1,0.0004,"2d, Bromide",1,Pd(OAc)2,0.0625,CataCXium A,0.125,NaOH,2.5,MeOH/H2O_V2 9:1,71.1653340135928,14781294.0
4627,6-quinoline-boronic acid hydrochloride,"1e, 6-BOH2-Q",1,0.0004,"2d, Bromide",1,Pd(OAc)2,0.0625,SPhos,0.125,NaOH,2.5,MeOH/H2O_V2 9:1,48.2521939276366,11970503.0
4628,6-quinoline-boronic acid hydrochloride,"1e, 6-BOH2-Q",1,0.0004,"2d, Bromide",1,Pd(OAc)2,0.0625,dtbpf,0.125,NaOH,2.5,MeOH/H2O_V2 9:1,47.3995521515276,8533032.0
4629,6-quinoline-boronic acid hydrochloride,"1e, 6-BOH2-Q",1,0.0004,"2d, Bromide",1,Pd(OAc)2,0.0625,XPhos,0.125,NaOH,2.5,MeOH/H2O_V2 9:1,54.8645895107187,13256965.0
4630,6-quinoline-boronic acid hydrochloride,"1e, 6-BOH2-Q",1,0.0004,"2d, Bromide",1,Pd(OAc)2,0.0625,dppf,0.125,NaOH,2.5,MeOH/H2O_V2 9:1,48.8784466034534,10939137.0
4631,6-quinoline-boronic acid hydrochloride,"1e, 6-BOH2-Q",1,0.0004,"2d, Bromide",1,Pd(OAc)2,0.0625,Xantphos,0.125,NaOH,2.5,MeOH/H2O_V2 9:1,27.1405798189702,4737031.0
4632,6-quinoline-boronic acid hydrochloride,"1e, 6-BOH2-Q",1,0.0004,"2d, Bromide",1,Pd(OAc)2,0.0625,,,NaOH,2.5,MeOH/H2O_V2 9:1,51.2391630687325,15769757.0
4633,6-quinoline-boronic acid hydrochloride,"1e, 6-BOH2-Q",1,0.0004,"2d, Bromide",1,Pd(OAc)2,0.0625,P(tBu)3,0.125,KOH,2.5,MeOH/H2O_V2 9:1,45.3511385147187,9240132.0
4634,6-quinoline-boronic acid hydrochloride,"1e, 6-BOH2-Q",1,0.0004,"2d, Bromide",1,Pd(OAc)2,0.0625,P(Ph)3 ,0.125,KOH,2.5,MeOH/H2O_V2 9:1,71.2547868389221,12727535.0
4635,6-quinoline-boronic acid hydrochloride,"1e, 6-BOH2-Q",1,0.0004,"2d, Bromide",1,Pd(OAc)2,0.0625,AmPhos,0.125,KOH,2.5,MeOH/H2O_V2 9:1,42.2850091838307,9038418.0
4636,6-quinoline-boronic acid hydrochloride,"1e, 6-BOH2-Q",1,0.0004,"2d, Bromide",1,Pd(OAc)2,0.0625,P(Cy)3,0.125,KOH,2.5,MeOH/H2O_V2 9:1,49.5763451234986,5648693.0
4637,6-quinoline-boronic acid hydrochloride,"1e, 6-BOH2-Q",1,0.0004,"2d, Bromide",1,Pd(OAc)2,0.0625,P(o-Tol)3,0.125,KOH,2.5,MeOH/H2O_V2 9:1,80.8645676232827,15007399.0
4638,6-quinoline-boronic acid hydrochloride,"1e, 6-BOH2-Q",1,0.0004,"2d, Bromide",1,Pd(OAc)2,0.0625,CataCXium A,0.125,KOH,2.5,MeOH/H2O_V2 9:1,79.7125206708563,13758404.0
4639,6-quinoline-boronic acid hydrochloride,"1e, 6-BOH2-Q",1,0.0004,"2d, Bromide",1,Pd(OAc)2,0.0625,SPhos,0.125,KOH,2.5,MeOH/H2O_V2 9:1,65.4437297038207,14197429.0
4640,6-quinoline-boronic acid hydrochloride,"1e, 6-BOH2-Q",1,0.0004,"2d, Bromide",1,Pd(OAc)2,0.0625,dtbpf,0.125,KOH,2.5,MeOH/H2O_V2 9:1,29.7244984135559,3952419.75
4641,6-quinoline-boronic acid hydrochloride,"1e, 6-BOH2-Q",1,0.0004,"2d, Bromide",1,Pd(OAc)2,0.0625,XPhos,0.125,KOH,2.5,MeOH/H2O_V2 9:1,78.0389257359208,14766654.0
4642,6-quinoline-boronic acid hydrochloride,"1e, 6-BOH2-Q",1,0.0004,"2d, Bromide",1,Pd(OAc)2,0.0625,dppf,0.125,KOH,2.5,MeOH/H2O_V2 9:1,35.5235162376546,4991033.5
4643,6-quinoline-boronic acid hydrochloride,"1e, 6-BOH2-Q",1,0.0004,"2d, Bromide",1,Pd(OAc)2,0.0625,Xantphos,0.125,KOH,2.5,MeOH/H2O_V2 9:1,0.0,1091629.875
4644,6-quinoline-boronic acid hydrochloride,"1e, 6-BOH2-Q",1,0.0004,"2d, Bromide",1,Pd(OAc)2,0.0625,,,KOH,2.5,MeOH/H2O_V2 9:1,65.3553052860884,15725442.0
4645,6-quinoline-boronic acid hydrochloride,"1e, 6-BOH2-Q",1,0.0004,"2d, Bromide",1,Pd(OAc)2,0.0625,P(tBu)3,0.125,LiOtBu,2.5,MeOH/H2O_V2 9:1,33.7879429839494,3029731.75
4646,6-quinoline-boronic acid hydrochloride,"1e, 6-BOH2-Q",1,0.0004,"2d, Bromide",1,Pd(OAc)2,0.0625,P(Ph)3 ,0.125,LiOtBu,2.5,MeOH/H2O_V2 9:1,0.0,330720.53125
4647,6-quinoline-boronic acid hydrochloride,"1e, 6-BOH2-Q",1,0.0004,"2d, Bromide",1,Pd(OAc)2,0.0625,AmPhos,0.125,LiOtBu,2.5,MeOH/H2O_V2 9:1,0.0,2783907.5
4648,6-quinoline-boronic acid hydrochloride,"1e, 6-BOH2-Q",1,0.0004,"2d, Bromide",1,Pd(OAc)2,0.0625,P(Cy)3,0.125,LiOtBu,2.5,MeOH/H2O_V2 9:1,19.5069136112674,3517605.5
4649,6-quinoline-boronic acid hydrochloride,"1e, 6-BOH2-Q",1,0.0004,"2d, Bromide",1,Pd(OAc)2,0.0625,P(o-Tol)3,0.125,LiOtBu,2.5,MeOH/H2O_V2 9:1,69.0598882971141,15241399.0
4650,6-quinoline-boronic acid hydrochloride,"1e, 6-BOH2-Q",1,0.0004,"2d, Bromide",1,Pd(OAc)2,0.0625,CataCXium A,0.125,LiOtBu,2.5,MeOH/H2O_V2 9:1,83.3610639865646,13484706.0
4651,6-quinoline-boronic acid hydrochloride,"1e, 6-BOH2-Q",1,0.0004,"2d, Bromide",1,Pd(OAc)2,0.0625,SPhos,0.125,LiOtBu,2.5,MeOH/H2O_V2 9:1,0.0,2757163.5
4652,6-quinoline-boronic acid hydrochloride,"1e, 6-BOH2-Q",1,0.0004,"2d, Bromide",1,Pd(OAc)2,0.0625,dtbpf,0.125,LiOtBu,2.5,MeOH/H2O_V2 9:1,0.0,1233889.75
4653,6-quinoline-boronic acid hydrochloride,"1e, 6-BOH2-Q",1,0.0004,"2d, Bromide",1,Pd(OAc)2,0.0625,XPhos,0.125,LiOtBu,2.5,MeOH/H2O_V2 9:1,92.1947956172235,10894679.0
4654,6-quinoline-boronic acid hydrochloride,"1e, 6-BOH2-Q",1,0.0004,"2d, Bromide",1,Pd(OAc)2,0.0625,dppf,0.125,LiOtBu,2.5,MeOH/H2O_V2 9:1,0.0,578292.125
4655,6-quinoline-boronic acid hydrochloride,"1e, 6-BOH2-Q",1,0.0004,"2d, Bromide",1,Pd(OAc)2,0.0625,Xantphos,0.125,LiOtBu,2.5,MeOH/H2O_V2 9:1,0.0,1134365.5
4656,6-quinoline-boronic acid hydrochloride,"1e, 6-BOH2-Q",1,0.0004,"2d, Bromide",1,Pd(OAc)2,0.0625,,,LiOtBu,2.5,MeOH/H2O_V2 9:1,58.2147017423796,3051757.25
4657,6-quinoline-boronic acid hydrochloride,"1e, 6-BOH2-Q",1,0.0004,"2d, Bromide",1,Pd(OAc)2,0.0625,P(tBu)3,0.125,NaHCO3,2.5,MeOH/H2O_V2 9:1,56.2038957874574,12309718.0
4658,6-quinoline-boronic acid hydrochloride,"1e, 6-BOH2-Q",1,0.0004,"2d, Bromide",1,Pd(OAc)2,0.0625,P(Ph)3 ,0.125,NaHCO3,2.5,MeOH/H2O_V2 9:1,50.5566734457544,9034659.0
4659,6-quinoline-boronic acid hydrochloride,"1e, 6-BOH2-Q",1,0.0004,"2d, Bromide",1,Pd(OAc)2,0.0625,AmPhos,0.125,NaHCO3,2.5,MeOH/H2O_V2 9:1,40.5988770363944,9159064.0
4660,6-quinoline-boronic acid hydrochloride,"1e, 6-BOH2-Q",1,0.0004,"2d, Bromide",1,Pd(OAc)2,0.0625,P(Cy)3,0.125,NaHCO3,2.5,MeOH/H2O_V2 9:1,41.5577763479258,8257490.0
4661,6-quinoline-boronic acid hydrochloride,"1e, 6-BOH2-Q",1,0.0004,"2d, Bromide",1,Pd(OAc)2,0.0625,P(o-Tol)3,0.125,NaHCO3,2.5,MeOH/H2O_V2 9:1,66.9204178444905,14476746.0
4662,6-quinoline-boronic acid hydrochloride,"1e, 6-BOH2-Q",1,0.0004,"2d, Bromide",1,Pd(OAc)2,0.0625,CataCXium A,0.125,NaHCO3,2.5,MeOH/H2O_V2 9:1,66.5098819019332,12509083.0
4663,6-quinoline-boronic acid hydrochloride,"1e, 6-BOH2-Q",1,0.0004,"2d, Bromide",1,Pd(OAc)2,0.0625,SPhos,0.125,NaHCO3,2.5,MeOH/H2O_V2 9:1,23.0130802933337,3631242.75
4664,6-quinoline-boronic acid hydrochloride,"1e, 6-BOH2-Q",1,0.0004,"2d, Bromide",1,Pd(OAc)2,0.0625,dtbpf,0.125,NaHCO3,2.5,MeOH/H2O_V2 9:1,31.3692520934428,5628792.5
4665,6-quinoline-boronic acid hydrochloride,"1e, 6-BOH2-Q",1,0.0004,"2d, Bromide",1,Pd(OAc)2,0.0625,XPhos,0.125,NaHCO3,2.5,MeOH/H2O_V2 9:1,36.2836233855746,8272050.0
4666,6-quinoline-boronic acid hydrochloride,"1e, 6-BOH2-Q",1,0.0004,"2d, Bromide",1,Pd(OAc)2,0.0625,dppf,0.125,NaHCO3,2.5,MeOH/H2O_V2 9:1,0.0,1311977.125
4667,6-quinoline-boronic acid hydrochloride,"1e, 6-BOH2-Q",1,0.0004,"2d, Bromide",1,Pd(OAc)2,0.0625,Xantphos,0.125,NaHCO3,2.5,MeOH/H2O_V2 9:1,0.0,648509.75
4668,6-quinoline-boronic acid hydrochloride,"1e, 6-BOH2-Q",1,0.0004,"2d, Bromide",1,Pd(OAc)2,0.0625,,,NaHCO3,2.5,MeOH/H2O_V2 9:1,31.4915345364433,8473372.0
4669,6-quinoline-boronic acid hydrochloride,"1e, 6-BOH2-Q",1,0.0004,"2d, Bromide",1,Pd(OAc)2,0.0625,P(tBu)3,0.125,Et3N,2.5,MeOH/H2O_V2 9:1,0.0,0.0
4670,6-quinoline-boronic acid hydrochloride,"1e, 6-BOH2-Q",1,0.0004,"2d, Bromide",1,Pd(OAc)2,0.0625,P(Ph)3 ,0.125,Et3N,2.5,MeOH/H2O_V2 9:1,39.7195880641831,7112112.0
4671,6-quinoline-boronic acid hydrochloride,"1e, 6-BOH2-Q",1,0.0004,"2d, Bromide",1,Pd(OAc)2,0.0625,AmPhos,0.125,Et3N,2.5,MeOH/H2O_V2 9:1,42.2282509284134,9849672.0
4672,6-quinoline-boronic acid hydrochloride,"1e, 6-BOH2-Q",1,0.0004,"2d, Bromide",1,Pd(OAc)2,0.0625,P(Cy)3,0.125,Et3N,2.5,MeOH/H2O_V2 9:1,37.2585015255499,6414405.0
4673,6-quinoline-boronic acid hydrochloride,"1e, 6-BOH2-Q",1,0.0004,"2d, Bromide",1,Pd(OAc)2,0.0625,P(o-Tol)3,0.125,Et3N,2.5,MeOH/H2O_V2 9:1,58.8382000721172,13461301.0
4674,6-quinoline-boronic acid hydrochloride,"1e, 6-BOH2-Q",1,0.0004,"2d, Bromide",1,Pd(OAc)2,0.0625,CataCXium A,0.125,Et3N,2.5,MeOH/H2O_V2 9:1,56.7438710464413,12149080.0
4675,6-quinoline-boronic acid hydrochloride,"1e, 6-BOH2-Q",1,0.0004,"2d, Bromide",1,Pd(OAc)2,0.0625,SPhos,0.125,Et3N,2.5,MeOH/H2O_V2 9:1,21.71085291934,3190456.25
4676,6-quinoline-boronic acid hydrochloride,"1e, 6-BOH2-Q",1,0.0004,"2d, Bromide",1,Pd(OAc)2,0.0625,dtbpf,0.125,Et3N,2.5,MeOH/H2O_V2 9:1,35.0282518698904,7280822.5
4677,6-quinoline-boronic acid hydrochloride,"1e, 6-BOH2-Q",1,0.0004,"2d, Bromide",1,Pd(OAc)2,0.0625,XPhos,0.125,Et3N,2.5,MeOH/H2O_V2 9:1,26.8682881495876,4936779.5
4678,6-quinoline-boronic acid hydrochloride,"1e, 6-BOH2-Q",1,0.0004,"2d, Bromide",1,Pd(OAc)2,0.0625,dppf,0.125,Et3N,2.5,MeOH/H2O_V2 9:1,0.0,434106.75
4679,6-quinoline-boronic acid hydrochloride,"1e, 6-BOH2-Q",1,0.0004,"2d, Bromide",1,Pd(OAc)2,0.0625,Xantphos,0.125,Et3N,2.5,MeOH/H2O_V2 9:1,0.0,913989.9375
4680,6-quinoline-boronic acid hydrochloride,"1e, 6-BOH2-Q",1,0.0004,"2d, Bromide",1,Pd(OAc)2,0.0625,,,Et3N,2.5,MeOH/H2O_V2 9:1,27.0359358475633,6035948.5
4681,6-quinoline-boronic acid hydrochloride,"1e, 6-BOH2-Q",1,0.0004,"2d, Bromide",1,Pd(OAc)2,0.0625,P(tBu)3,0.125,CsF,2.5,MeOH/H2O_V2 9:1,54.0154963544849,10888348.0
4682,6-quinoline-boronic acid hydrochloride,"1e, 6-BOH2-Q",1,0.0004,"2d, Bromide",1,Pd(OAc)2,0.0625,P(Ph)3 ,0.125,CsF,2.5,MeOH/H2O_V2 9:1,65.5383489179878,13819203.0
4683,6-quinoline-boronic acid hydrochloride,"1e, 6-BOH2-Q",1,0.0004,"2d, Bromide",1,Pd(OAc)2,0.0625,AmPhos,0.125,CsF,2.5,MeOH/H2O_V2 9:1,54.5412519261605,12920938.0
4684,6-quinoline-boronic acid hydrochloride,"1e, 6-BOH2-Q",1,0.0004,"2d, Bromide",1,Pd(OAc)2,0.0625,P(Cy)3,0.125,CsF,2.5,MeOH/H2O_V2 9:1,59.3684961803891,10632500.0
4685,6-quinoline-boronic acid hydrochloride,"1e, 6-BOH2-Q",1,0.0004,"2d, Bromide",1,Pd(OAc)2,0.0625,P(o-Tol)3,0.125,CsF,2.5,MeOH/H2O_V2 9:1,68.5729186465659,15396931.0
4686,6-quinoline-boronic acid hydrochloride,"1e, 6-BOH2-Q",1,0.0004,"2d, Bromide",1,Pd(OAc)2,0.0625,CataCXium A,0.125,CsF,2.5,MeOH/H2O_V2 9:1,69.7154975670233,14555870.0
4687,6-quinoline-boronic acid hydrochloride,"1e, 6-BOH2-Q",1,0.0004,"2d, Bromide",1,Pd(OAc)2,0.0625,SPhos,0.125,CsF,2.5,MeOH/H2O_V2 9:1,57.9904134195736,13853244.0
4688,6-quinoline-boronic acid hydrochloride,"1e, 6-BOH2-Q",1,0.0004,"2d, Bromide",1,Pd(OAc)2,0.0625,dtbpf,0.125,CsF,2.5,MeOH/H2O_V2 9:1,59.6618107817848,12063643.0
4689,6-quinoline-boronic acid hydrochloride,"1e, 6-BOH2-Q",1,0.0004,"2d, Bromide",1,Pd(OAc)2,0.0625,XPhos,0.125,CsF,2.5,MeOH/H2O_V2 9:1,72.3572452585857,17627480.0
4690,6-quinoline-boronic acid hydrochloride,"1e, 6-BOH2-Q",1,0.0004,"2d, Bromide",1,Pd(OAc)2,0.0625,dppf,0.125,CsF,2.5,MeOH/H2O_V2 9:1,43.6405791843987,8019224.0
4691,6-quinoline-boronic acid hydrochloride,"1e, 6-BOH2-Q",1,0.0004,"2d, Bromide",1,Pd(OAc)2,0.0625,Xantphos,0.125,CsF,2.5,MeOH/H2O_V2 9:1,28.2574992448781,4995704.0
4692,6-quinoline-boronic acid hydrochloride,"1e, 6-BOH2-Q",1,0.0004,"2d, Bromide",1,Pd(OAc)2,0.0625,,,CsF,2.5,MeOH/H2O_V2 9:1,49.8237345298752,14017753.0
4693,6-quinoline-boronic acid hydrochloride,"1e, 6-BOH2-Q",1,0.0004,"2d, Bromide",1,Pd(OAc)2,0.0625,P(tBu)3,0.125,K3PO4,2.5,MeOH/H2O_V2 9:1,40.9935727739344,9880837.0
4694,6-quinoline-boronic acid hydrochloride,"1e, 6-BOH2-Q",1,0.0004,"2d, Bromide",1,Pd(OAc)2,0.0625,P(Ph)3 ,0.125,K3PO4,2.5,MeOH/H2O_V2 9:1,48.9521516572203,9708399.00000001
4695,6-quinoline-boronic acid hydrochloride,"1e, 6-BOH2-Q",1,0.0004,"2d, Bromide",1,Pd(OAc)2,0.0625,AmPhos,0.125,K3PO4,2.5,MeOH/H2O_V2 9:1,34.6403163664218,7025238.0
4696,6-quinoline-boronic acid hydrochloride,"1e, 6-BOH2-Q",1,0.0004,"2d, Bromide",1,Pd(OAc)2,0.0625,P(Cy)3,0.125,K3PO4,2.5,MeOH/H2O_V2 9:1,27.9394495256371,4016904.0
4697,6-quinoline-boronic acid hydrochloride,"1e, 6-BOH2-Q",1,0.0004,"2d, Bromide",1,Pd(OAc)2,0.0625,P(o-Tol)3,0.125,K3PO4,2.5,MeOH/H2O_V2 9:1,51.9931110528669,11513816.0
4698,6-quinoline-boronic acid hydrochloride,"1e, 6-BOH2-Q",1,0.0004,"2d, Bromide",1,Pd(OAc)2,0.0625,CataCXium A,0.125,K3PO4,2.5,MeOH/H2O_V2 9:1,52.5576921862409,11916554.0
4699,6-quinoline-boronic acid hydrochloride,"1e, 6-BOH2-Q",1,0.0004,"2d, Bromide",1,Pd(OAc)2,0.0625,SPhos,0.125,K3PO4,2.5,MeOH/H2O_V2 9:1,0.0,1867470.875
4700,6-quinoline-boronic acid hydrochloride,"1e, 6-BOH2-Q",1,0.0004,"2d, Bromide",1,Pd(OAc)2,0.0625,dtbpf,0.125,K3PO4,2.5,MeOH/H2O_V2 9:1,21.3259505426222,2496457.75
4701,6-quinoline-boronic acid hydrochloride,"1e, 6-BOH2-Q",1,0.0004,"2d, Bromide",1,Pd(OAc)2,0.0625,XPhos,0.125,K3PO4,2.5,MeOH/H2O_V2 9:1,21.7822498542321,2501026.0
4702,6-quinoline-boronic acid hydrochloride,"1e, 6-BOH2-Q",1,0.0004,"2d, Bromide",1,Pd(OAc)2,0.0625,dppf,0.125,K3PO4,2.5,MeOH/H2O_V2 9:1,0.0,738269.9375
4703,6-quinoline-boronic acid hydrochloride,"1e, 6-BOH2-Q",1,0.0004,"2d, Bromide",1,Pd(OAc)2,0.0625,Xantphos,0.125,K3PO4,2.5,MeOH/H2O_V2 9:1,0.0,462674.875
4704,6-quinoline-boronic acid hydrochloride,"1e, 6-BOH2-Q",1,0.0004,"2d, Bromide",1,Pd(OAc)2,0.0625,,,K3PO4,2.5,MeOH/H2O_V2 9:1,22.5370111703063,3765478.25
4705,6-quinoline-boronic acid hydrochloride,"1e, 6-BOH2-Q",1,0.0004,"2d, Bromide",1,Pd(OAc)2,0.0625,P(tBu)3,0.125,,2.5,MeCN,0.0,24451.49609375
4706,6-quinoline-boronic acid hydrochloride,"1e, 6-BOH2-Q",1,0.0004,"2d, Bromide",1,Pd(OAc)2,0.0625,P(Ph)3 ,0.125,,2.5,MeCN,0.0,28367.94921875
4707,6-quinoline-boronic acid hydrochloride,"1e, 6-BOH2-Q",1,0.0004,"2d, Bromide",1,Pd(OAc)2,0.0625,AmPhos,0.125,,2.5,MeCN,0.0,74272.46875
4708,6-quinoline-boronic acid hydrochloride,"1e, 6-BOH2-Q",1,0.0004,"2d, Bromide",1,Pd(OAc)2,0.0625,P(Cy)3,0.125,,2.5,MeCN,0.0,46665.3125
4709,6-quinoline-boronic acid hydrochloride,"1e, 6-BOH2-Q",1,0.0004,"2d, Bromide",1,Pd(OAc)2,0.0625,P(o-Tol)3,0.125,,2.5,MeCN,0.0,28084.693359375
4710,6-quinoline-boronic acid hydrochloride,"1e, 6-BOH2-Q",1,0.0004,"2d, Bromide",1,Pd(OAc)2,0.0625,CataCXium A,0.125,,2.5,MeCN,0.0,30715.833984375
4711,6-quinoline-boronic acid hydrochloride,"1e, 6-BOH2-Q",1,0.0004,"2d, Bromide",1,Pd(OAc)2,0.0625,SPhos,0.125,,2.5,MeCN,0.0,11425.6220703125
4712,6-quinoline-boronic acid hydrochloride,"1e, 6-BOH2-Q",1,0.0004,"2d, Bromide",1,Pd(OAc)2,0.0625,dtbpf,0.125,,2.5,MeCN,0.0,15696.205078125
4713,6-quinoline-boronic acid hydrochloride,"1e, 6-BOH2-Q",1,0.0004,"2d, Bromide",1,Pd(OAc)2,0.0625,XPhos,0.125,,2.5,MeCN,0.0,153460.609375
4714,6-quinoline-boronic acid hydrochloride,"1e, 6-BOH2-Q",1,0.0004,"2d, Bromide",1,Pd(OAc)2,0.0625,dppf,0.125,,2.5,MeCN,0.0,28330.298828125
4715,6-quinoline-boronic acid hydrochloride,"1e, 6-BOH2-Q",1,0.0004,"2d, Bromide",1,Pd(OAc)2,0.0625,Xantphos,0.125,,2.5,MeCN,0.0,26436.423828125
4716,6-quinoline-boronic acid hydrochloride,"1e, 6-BOH2-Q",1,0.0004,"2d, Bromide",1,Pd(OAc)2,0.0625,,,,2.5,MeCN,0.0,74276.953125
4717,6-quinoline-boronic acid hydrochloride,"1e, 6-BOH2-Q",1,0.0004,"2d, Bromide",1,Pd(OAc)2,0.0625,P(tBu)3,0.125,NaOH,2.5,MeCN,0.0,121865.1640625
4718,6-quinoline-boronic acid hydrochloride,"1e, 6-BOH2-Q",1,0.0004,"2d, Bromide",1,Pd(OAc)2,0.0625,P(Ph)3 ,0.125,NaOH,2.5,MeCN,0.0,1201616.875
4719,6-quinoline-boronic acid hydrochloride,"1e, 6-BOH2-Q",1,0.0004,"2d, Bromide",1,Pd(OAc)2,0.0625,AmPhos,0.125,NaOH,2.5,MeCN,21.095199789337,4356094.0
4720,6-quinoline-boronic acid hydrochloride,"1e, 6-BOH2-Q",1,0.0004,"2d, Bromide",1,Pd(OAc)2,0.0625,P(Cy)3,0.125,NaOH,2.5,MeCN,0.0,967823.1875
4721,6-quinoline-boronic acid hydrochloride,"1e, 6-BOH2-Q",1,0.0004,"2d, Bromide",1,Pd(OAc)2,0.0625,P(o-Tol)3,0.125,NaOH,2.5,MeCN,18.8123347795281,3510796.25
4722,6-quinoline-boronic acid hydrochloride,"1e, 6-BOH2-Q",1,0.0004,"2d, Bromide",1,Pd(OAc)2,0.0625,CataCXium A,0.125,NaOH,2.5,MeCN,35.8026344469478,9906325.0
4723,6-quinoline-boronic acid hydrochloride,"1e, 6-BOH2-Q",1,0.0004,"2d, Bromide",1,Pd(OAc)2,0.0625,SPhos,0.125,NaOH,2.5,MeCN,19.5428145165623,4187510.25
4724,6-quinoline-boronic acid hydrochloride,"1e, 6-BOH2-Q",1,0.0004,"2d, Bromide",1,Pd(OAc)2,0.0625,dtbpf,0.125,NaOH,2.5,MeCN,35.0495637172088,10366301.0
4725,6-quinoline-boronic acid hydrochloride,"1e, 6-BOH2-Q",1,0.0004,"2d, Bromide",1,Pd(OAc)2,0.0625,XPhos,0.125,NaOH,2.5,MeCN,16.3529086131536,2466198.25
4726,6-quinoline-boronic acid hydrochloride,"1e, 6-BOH2-Q",1,0.0004,"2d, Bromide",1,Pd(OAc)2,0.0625,dppf,0.125,NaOH,2.5,MeCN,19.9559208809091,2700577.5
4727,6-quinoline-boronic acid hydrochloride,"1e, 6-BOH2-Q",1,0.0004,"2d, Bromide",1,Pd(OAc)2,0.0625,Xantphos,0.125,NaOH,2.5,MeCN,0.0,237736.46875
4728,6-quinoline-boronic acid hydrochloride,"1e, 6-BOH2-Q",1,0.0004,"2d, Bromide",1,Pd(OAc)2,0.0625,,,NaOH,2.5,MeCN,19.7049270559482,5544951.5
4729,6-quinoline-boronic acid hydrochloride,"1e, 6-BOH2-Q",1,0.0004,"2d, Bromide",1,Pd(OAc)2,0.0625,P(tBu)3,0.125,KOH,2.5,MeCN,40.2439303822655,9282334.0
4730,6-quinoline-boronic acid hydrochloride,"1e, 6-BOH2-Q",1,0.0004,"2d, Bromide",1,Pd(OAc)2,0.0625,P(Ph)3 ,0.125,KOH,2.5,MeCN,45.856448024225,11084464.0
4731,6-quinoline-boronic acid hydrochloride,"1e, 6-BOH2-Q",1,0.0004,"2d, Bromide",1,Pd(OAc)2,0.0625,AmPhos,0.125,KOH,2.5,MeCN,52.7013539830445,13303179.0
4732,6-quinoline-boronic acid hydrochloride,"1e, 6-BOH2-Q",1,0.0004,"2d, Bromide",1,Pd(OAc)2,0.0625,P(Cy)3,0.125,KOH,2.5,MeCN,30.5005829425026,7274316.0
4733,6-quinoline-boronic acid hydrochloride,"1e, 6-BOH2-Q",1,0.0004,"2d, Bromide",1,Pd(OAc)2,0.0625,P(o-Tol)3,0.125,KOH,2.5,MeCN,27.5584273396117,7416200.5
4734,6-quinoline-boronic acid hydrochloride,"1e, 6-BOH2-Q",1,0.0004,"2d, Bromide",1,Pd(OAc)2,0.0625,CataCXium A,0.125,KOH,2.5,MeCN,48.6871788825483,9651306.0
4735,6-quinoline-boronic acid hydrochloride,"1e, 6-BOH2-Q",1,0.0004,"2d, Bromide",1,Pd(OAc)2,0.0625,SPhos,0.125,KOH,2.5,MeCN,29.3442456112348,8694314.0
4736,6-quinoline-boronic acid hydrochloride,"1e, 6-BOH2-Q",1,0.0004,"2d, Bromide",1,Pd(OAc)2,0.0625,dtbpf,0.125,KOH,2.5,MeCN,33.2252857572933,8856548.0
4737,6-quinoline-boronic acid hydrochloride,"1e, 6-BOH2-Q",1,0.0004,"2d, Bromide",1,Pd(OAc)2,0.0625,XPhos,0.125,KOH,2.5,MeCN,26.6329606618062,6639091.0
4738,6-quinoline-boronic acid hydrochloride,"1e, 6-BOH2-Q",1,0.0004,"2d, Bromide",1,Pd(OAc)2,0.0625,dppf,0.125,KOH,2.5,MeCN,28.0775871631717,5064672.0
4739,6-quinoline-boronic acid hydrochloride,"1e, 6-BOH2-Q",1,0.0004,"2d, Bromide",1,Pd(OAc)2,0.0625,Xantphos,0.125,KOH,2.5,MeCN,0.0,865190.9375
4740,6-quinoline-boronic acid hydrochloride,"1e, 6-BOH2-Q",1,0.0004,"2d, Bromide",1,Pd(OAc)2,0.0625,,,KOH,2.5,MeCN,26.674657272195,9141087.0
4741,6-quinoline-boronic acid hydrochloride,"1e, 6-BOH2-Q",1,0.0004,"2d, Bromide",1,Pd(OAc)2,0.0625,P(tBu)3,0.125,LiOtBu,2.5,MeCN,54.0798294610491,12527919.0
4742,6-quinoline-boronic acid hydrochloride,"1e, 6-BOH2-Q",1,0.0004,"2d, Bromide",1,Pd(OAc)2,0.0625,P(Ph)3 ,0.125,LiOtBu,2.5,MeCN,46.7466113247265,10159746.0
4743,6-quinoline-boronic acid hydrochloride,"1e, 6-BOH2-Q",1,0.0004,"2d, Bromide",1,Pd(OAc)2,0.0625,AmPhos,0.125,LiOtBu,2.5,MeCN,46.6488794236493,10277746.0
4744,6-quinoline-boronic acid hydrochloride,"1e, 6-BOH2-Q",1,0.0004,"2d, Bromide",1,Pd(OAc)2,0.0625,P(Cy)3,0.125,LiOtBu,2.5,MeCN,30.638662945371,7233262.5
4745,6-quinoline-boronic acid hydrochloride,"1e, 6-BOH2-Q",1,0.0004,"2d, Bromide",1,Pd(OAc)2,0.0625,P(o-Tol)3,0.125,LiOtBu,2.5,MeCN,15.1078423915307,5008413.5
4746,6-quinoline-boronic acid hydrochloride,"1e, 6-BOH2-Q",1,0.0004,"2d, Bromide",1,Pd(OAc)2,0.0625,CataCXium A,0.125,LiOtBu,2.5,MeCN,42.9918986626171,8029850.0
4747,6-quinoline-boronic acid hydrochloride,"1e, 6-BOH2-Q",1,0.0004,"2d, Bromide",1,Pd(OAc)2,0.0625,SPhos,0.125,LiOtBu,2.5,MeCN,24.2700050032468,6765023.5
4748,6-quinoline-boronic acid hydrochloride,"1e, 6-BOH2-Q",1,0.0004,"2d, Bromide",1,Pd(OAc)2,0.0625,dtbpf,0.125,LiOtBu,2.5,MeCN,25.7059265500513,5254409.0
4749,6-quinoline-boronic acid hydrochloride,"1e, 6-BOH2-Q",1,0.0004,"2d, Bromide",1,Pd(OAc)2,0.0625,XPhos,0.125,LiOtBu,2.5,MeCN,21.361571501051,5679668.0
4750,6-quinoline-boronic acid hydrochloride,"1e, 6-BOH2-Q",1,0.0004,"2d, Bromide",1,Pd(OAc)2,0.0625,dppf,0.125,LiOtBu,2.5,MeCN,19.4655623209512,2203281.5
4751,6-quinoline-boronic acid hydrochloride,"1e, 6-BOH2-Q",1,0.0004,"2d, Bromide",1,Pd(OAc)2,0.0625,Xantphos,0.125,LiOtBu,2.5,MeCN,0.0,902674.125
4752,6-quinoline-boronic acid hydrochloride,"1e, 6-BOH2-Q",1,0.0004,"2d, Bromide",1,Pd(OAc)2,0.0625,,,LiOtBu,2.5,MeCN,15.5756885631068,2549020.5
4753,6-quinoline-boronic acid hydrochloride,"1e, 6-BOH2-Q",1,0.0004,"2d, Bromide",1,Pd(OAc)2,0.0625,P(tBu)3,0.125,NaHCO3,2.5,MeCN,49.0130472739151,12114056.0
4754,6-quinoline-boronic acid hydrochloride,"1e, 6-BOH2-Q",1,0.0004,"2d, Bromide",1,Pd(OAc)2,0.0625,P(Ph)3 ,0.125,NaHCO3,2.5,MeCN,38.1709391920061,11262212.0
4755,6-quinoline-boronic acid hydrochloride,"1e, 6-BOH2-Q",1,0.0004,"2d, Bromide",1,Pd(OAc)2,0.0625,AmPhos,0.125,NaHCO3,2.5,MeCN,43.4835476156268,11664856.0
4756,6-quinoline-boronic acid hydrochloride,"1e, 6-BOH2-Q",1,0.0004,"2d, Bromide",1,Pd(OAc)2,0.0625,P(Cy)3,0.125,NaHCO3,2.5,MeCN,15.9018074761319,7502302.0
4757,6-quinoline-boronic acid hydrochloride,"1e, 6-BOH2-Q",1,0.0004,"2d, Bromide",1,Pd(OAc)2,0.0625,P(o-Tol)3,0.125,NaHCO3,2.5,MeCN,29.5930085418043,6786574.5
4758,6-quinoline-boronic acid hydrochloride,"1e, 6-BOH2-Q",1,0.0004,"2d, Bromide",1,Pd(OAc)2,0.0625,CataCXium A,0.125,NaHCO3,2.5,MeCN,57.0973494710886,13243107.0
4759,6-quinoline-boronic acid hydrochloride,"1e, 6-BOH2-Q",1,0.0004,"2d, Bromide",1,Pd(OAc)2,0.0625,SPhos,0.125,NaHCO3,2.5,MeCN,16.86914810048,5295206.5
4760,6-quinoline-boronic acid hydrochloride,"1e, 6-BOH2-Q",1,0.0004,"2d, Bromide",1,Pd(OAc)2,0.0625,dtbpf,0.125,NaHCO3,2.5,MeCN,19.720693014294,2933248.25
4761,6-quinoline-boronic acid hydrochloride,"1e, 6-BOH2-Q",1,0.0004,"2d, Bromide",1,Pd(OAc)2,0.0625,XPhos,0.125,NaHCO3,2.5,MeCN,17.4672421967389,3443643.25
4762,6-quinoline-boronic acid hydrochloride,"1e, 6-BOH2-Q",1,0.0004,"2d, Bromide",1,Pd(OAc)2,0.0625,dppf,0.125,NaHCO3,2.5,MeCN,38.4732461473112,7128854.0
4763,6-quinoline-boronic acid hydrochloride,"1e, 6-BOH2-Q",1,0.0004,"2d, Bromide",1,Pd(OAc)2,0.0625,Xantphos,0.125,NaHCO3,2.5,MeCN,0.0,976126.6875
4764,6-quinoline-boronic acid hydrochloride,"1e, 6-BOH2-Q",1,0.0004,"2d, Bromide",1,Pd(OAc)2,0.0625,,,NaHCO3,2.5,MeCN,15.1347296545095,2642137.0
4765,6-quinoline-boronic acid hydrochloride,"1e, 6-BOH2-Q",1,0.0004,"2d, Bromide",1,Pd(OAc)2,0.0625,P(tBu)3,0.125,Et3N,2.5,MeCN,25.6419385981005,5422480.5
4766,6-quinoline-boronic acid hydrochloride,"1e, 6-BOH2-Q",1,0.0004,"2d, Bromide",1,Pd(OAc)2,0.0625,P(Ph)3 ,0.125,Et3N,2.5,MeCN,27.6666918662725,6040157.0
4767,6-quinoline-boronic acid hydrochloride,"1e, 6-BOH2-Q",1,0.0004,"2d, Bromide",1,Pd(OAc)2,0.0625,AmPhos,0.125,Et3N,2.5,MeCN,42.8689659842538,9822723.00000001
4768,6-quinoline-boronic acid hydrochloride,"1e, 6-BOH2-Q",1,0.0004,"2d, Bromide",1,Pd(OAc)2,0.0625,P(Cy)3,0.125,Et3N,2.5,MeCN,14.2101958486669,2139756.0
4769,6-quinoline-boronic acid hydrochloride,"1e, 6-BOH2-Q",1,0.0004,"2d, Bromide",1,Pd(OAc)2,0.0625,P(o-Tol)3,0.125,Et3N,2.5,MeCN,15.3881241810768,2383001.25
4770,6-quinoline-boronic acid hydrochloride,"1e, 6-BOH2-Q",1,0.0004,"2d, Bromide",1,Pd(OAc)2,0.0625,CataCXium A,0.125,Et3N,2.5,MeCN,30.9689629321045,4829292.0
4771,6-quinoline-boronic acid hydrochloride,"1e, 6-BOH2-Q",1,0.0004,"2d, Bromide",1,Pd(OAc)2,0.0625,SPhos,0.125,Et3N,2.5,MeCN,0.0,1907262.0
4772,6-quinoline-boronic acid hydrochloride,"1e, 6-BOH2-Q",1,0.0004,"2d, Bromide",1,Pd(OAc)2,0.0625,dtbpf,0.125,Et3N,2.5,MeCN,0.0,1835471.5
4773,6-quinoline-boronic acid hydrochloride,"1e, 6-BOH2-Q",1,0.0004,"2d, Bromide",1,Pd(OAc)2,0.0625,XPhos,0.125,Et3N,2.5,MeCN,0.0,881851.437500001
4774,6-quinoline-boronic acid hydrochloride,"1e, 6-BOH2-Q",1,0.0004,"2d, Bromide",1,Pd(OAc)2,0.0625,dppf,0.125,Et3N,2.5,MeCN,0.0,1916431.25
4775,6-quinoline-boronic acid hydrochloride,"1e, 6-BOH2-Q",1,0.0004,"2d, Bromide",1,Pd(OAc)2,0.0625,Xantphos,0.125,Et3N,2.5,MeCN,0.0,365224.6875
4776,6-quinoline-boronic acid hydrochloride,"1e, 6-BOH2-Q",1,0.0004,"2d, Bromide",1,Pd(OAc)2,0.0625,,,Et3N,2.5,MeCN,0.0,631423.25
4777,6-quinoline-boronic acid hydrochloride,"1e, 6-BOH2-Q",1,0.0004,"2d, Bromide",1,Pd(OAc)2,0.0625,P(tBu)3,0.125,CsF,2.5,MeCN,18.6942520373895,2973241.75
4778,6-quinoline-boronic acid hydrochloride,"1e, 6-BOH2-Q",1,0.0004,"2d, Bromide",1,Pd(OAc)2,0.0625,P(Ph)3 ,0.125,CsF,2.5,MeCN,23.545808860016,4952932.5
4779,6-quinoline-boronic acid hydrochloride,"1e, 6-BOH2-Q",1,0.0004,"2d, Bromide",1,Pd(OAc)2,0.0625,AmPhos,0.125,CsF,2.5,MeCN,22.9783708500715,7291626.5
4780,6-quinoline-boronic acid hydrochloride,"1e, 6-BOH2-Q",1,0.0004,"2d, Bromide",1,Pd(OAc)2,0.0625,P(Cy)3,0.125,CsF,2.5,MeCN,14.4513791832174,2494721.0
4781,6-quinoline-boronic acid hydrochloride,"1e, 6-BOH2-Q",1,0.0004,"2d, Bromide",1,Pd(OAc)2,0.0625,P(o-Tol)3,0.125,CsF,2.5,MeCN,21.3307522816307,4077251.25
4782,6-quinoline-boronic acid hydrochloride,"1e, 6-BOH2-Q",1,0.0004,"2d, Bromide",1,Pd(OAc)2,0.0625,CataCXium A,0.125,CsF,2.5,MeCN,42.121864213122,9074559.0
4783,6-quinoline-boronic acid hydrochloride,"1e, 6-BOH2-Q",1,0.0004,"2d, Bromide",1,Pd(OAc)2,0.0625,SPhos,0.125,CsF,2.5,MeCN,25.4474253352618,7303552.0
4784,6-quinoline-boronic acid hydrochloride,"1e, 6-BOH2-Q",1,0.0004,"2d, Bromide",1,Pd(OAc)2,0.0625,dtbpf,0.125,CsF,2.5,MeCN,27.5769217549637,6937823.0
4785,6-quinoline-boronic acid hydrochloride,"1e, 6-BOH2-Q",1,0.0004,"2d, Bromide",1,Pd(OAc)2,0.0625,XPhos,0.125,CsF,2.5,MeCN,23.4547093505904,5265958.5
4786,6-quinoline-boronic acid hydrochloride,"1e, 6-BOH2-Q",1,0.0004,"2d, Bromide",1,Pd(OAc)2,0.0625,dppf,0.125,CsF,2.5,MeCN,39.3319974567885,7050350.5
4787,6-quinoline-boronic acid hydrochloride,"1e, 6-BOH2-Q",1,0.0004,"2d, Bromide",1,Pd(OAc)2,0.0625,Xantphos,0.125,CsF,2.5,MeCN,0.0,756108.125
4788,6-quinoline-boronic acid hydrochloride,"1e, 6-BOH2-Q",1,0.0004,"2d, Bromide",1,Pd(OAc)2,0.0625,,,CsF,2.5,MeCN,24.4507331253865,7252179.5
4789,6-quinoline-boronic acid hydrochloride,"1e, 6-BOH2-Q",1,0.0004,"2d, Bromide",1,Pd(OAc)2,0.0625,P(tBu)3,0.125,K3PO4,2.5,MeCN,42.2429357685219,10851351.0
4790,6-quinoline-boronic acid hydrochloride,"1e, 6-BOH2-Q",1,0.0004,"2d, Bromide",1,Pd(OAc)2,0.0625,P(Ph)3 ,0.125,K3PO4,2.5,MeCN,40.8863376317639,9985291.0
4791,6-quinoline-boronic acid hydrochloride,"1e, 6-BOH2-Q",1,0.0004,"2d, Bromide",1,Pd(OAc)2,0.0625,AmPhos,0.125,K3PO4,2.5,MeCN,55.0058129356748,11979900.0
4792,6-quinoline-boronic acid hydrochloride,"1e, 6-BOH2-Q",1,0.0004,"2d, Bromide",1,Pd(OAc)2,0.0625,P(Cy)3,0.125,K3PO4,2.5,MeCN,33.9991694530971,9169411.0
4793,6-quinoline-boronic acid hydrochloride,"1e, 6-BOH2-Q",1,0.0004,"2d, Bromide",1,Pd(OAc)2,0.0625,P(o-Tol)3,0.125,K3PO4,2.5,MeCN,33.1783340395266,9639963.0
4794,6-quinoline-boronic acid hydrochloride,"1e, 6-BOH2-Q",1,0.0004,"2d, Bromide",1,Pd(OAc)2,0.0625,CataCXium A,0.125,K3PO4,2.5,MeCN,53.9994377838315,11413123.0
4795,6-quinoline-boronic acid hydrochloride,"1e, 6-BOH2-Q",1,0.0004,"2d, Bromide",1,Pd(OAc)2,0.0625,SPhos,0.125,K3PO4,2.5,MeCN,25.0243202361812,7328337.0
4796,6-quinoline-boronic acid hydrochloride,"1e, 6-BOH2-Q",1,0.0004,"2d, Bromide",1,Pd(OAc)2,0.0625,dtbpf,0.125,K3PO4,2.5,MeCN,29.8029063352454,8119450.0
4797,6-quinoline-boronic acid hydrochloride,"1e, 6-BOH2-Q",1,0.0004,"2d, Bromide",1,Pd(OAc)2,0.0625,XPhos,0.125,K3PO4,2.5,MeCN,28.4802958866149,8534112.0
4798,6-quinoline-boronic acid hydrochloride,"1e, 6-BOH2-Q",1,0.0004,"2d, Bromide",1,Pd(OAc)2,0.0625,dppf,0.125,K3PO4,2.5,MeCN,44.0678311835166,7687601.0
4799,6-quinoline-boronic acid hydrochloride,"1e, 6-BOH2-Q",1,0.0004,"2d, Bromide",1,Pd(OAc)2,0.0625,Xantphos,0.125,K3PO4,2.5,MeCN,0.0,976507.25
4800,6-quinoline-boronic acid hydrochloride,"1e, 6-BOH2-Q",1,0.0004,"2d, Bromide",1,Pd(OAc)2,0.0625,,,K3PO4,2.5,MeCN,21.140243589312,5272909.5
4801,6-quinoline-boronic acid hydrochloride,"1e, 6-BOH2-Q",1,0.0004,"2d, Bromide",1,Pd(OAc)2,0.0625,P(tBu)3,0.125,,2.5,THF_V2,25.6971960146957,7357245.5
4802,6-quinoline-boronic acid hydrochloride,"1e, 6-BOH2-Q",1,0.0004,"2d, Bromide",1,Pd(OAc)2,0.0625,P(Ph)3 ,0.125,,2.5,THF_V2,25.7441357934166,7029538.5
4803,6-quinoline-boronic acid hydrochloride,"1e, 6-BOH2-Q",1,0.0004,"2d, Bromide",1,Pd(OAc)2,0.0625,AmPhos,0.125,,2.5,THF_V2,22.5905272184984,6318380.0
4804,6-quinoline-boronic acid hydrochloride,"1e, 6-BOH2-Q",1,0.0004,"2d, Bromide",1,Pd(OAc)2,0.0625,P(Cy)3,0.125,,2.5,THF_V2,0.0,327753.125
4805,6-quinoline-boronic acid hydrochloride,"1e, 6-BOH2-Q",1,0.0004,"2d, Bromide",1,Pd(OAc)2,0.0625,P(o-Tol)3,0.125,,2.5,THF_V2,0.0,1467820.125
4806,6-quinoline-boronic acid hydrochloride,"1e, 6-BOH2-Q",1,0.0004,"2d, Bromide",1,Pd(OAc)2,0.0625,CataCXium A,0.125,,2.5,THF_V2,0.0,1455692.875
4807,6-quinoline-boronic acid hydrochloride,"1e, 6-BOH2-Q",1,0.0004,"2d, Bromide",1,Pd(OAc)2,0.0625,SPhos,0.125,,2.5,THF_V2,0.0,805813.8125
4808,6-quinoline-boronic acid hydrochloride,"1e, 6-BOH2-Q",1,0.0004,"2d, Bromide",1,Pd(OAc)2,0.0625,dtbpf,0.125,,2.5,THF_V2,18.966079390314,2610106.5
4809,6-quinoline-boronic acid hydrochloride,"1e, 6-BOH2-Q",1,0.0004,"2d, Bromide",1,Pd(OAc)2,0.0625,XPhos,0.125,,2.5,THF_V2,15.8627568372741,2607028.25
4810,6-quinoline-boronic acid hydrochloride,"1e, 6-BOH2-Q",1,0.0004,"2d, Bromide",1,Pd(OAc)2,0.0625,dppf,0.125,,2.5,THF_V2,0.0,1060914.75
4811,6-quinoline-boronic acid hydrochloride,"1e, 6-BOH2-Q",1,0.0004,"2d, Bromide",1,Pd(OAc)2,0.0625,Xantphos,0.125,,2.5,THF_V2,0.0,526635.1875
4812,6-quinoline-boronic acid hydrochloride,"1e, 6-BOH2-Q",1,0.0004,"2d, Bromide",1,Pd(OAc)2,0.0625,,,,2.5,THF_V2,0.0,305663.15625
4813,6-quinoline-boronic acid hydrochloride,"1e, 6-BOH2-Q",1,0.0004,"2d, Bromide",1,Pd(OAc)2,0.0625,P(tBu)3,0.125,NaOH,2.5,THF_V2,30.1332294672132,6701751.0
4814,6-quinoline-boronic acid hydrochloride,"1e, 6-BOH2-Q",1,0.0004,"2d, Bromide",1,Pd(OAc)2,0.0625,P(Ph)3 ,0.125,NaOH,2.5,THF_V2,0.0,4382213.5
4815,6-quinoline-boronic acid hydrochloride,"1e, 6-BOH2-Q",1,0.0004,"2d, Bromide",1,Pd(OAc)2,0.0625,AmPhos,0.125,NaOH,2.5,THF_V2,28.492346941329,7669980.5
4816,6-quinoline-boronic acid hydrochloride,"1e, 6-BOH2-Q",1,0.0004,"2d, Bromide",1,Pd(OAc)2,0.0625,P(Cy)3,0.125,NaOH,2.5,THF_V2,21.737650098077,3723666.75
4817,6-quinoline-boronic acid hydrochloride,"1e, 6-BOH2-Q",1,0.0004,"2d, Bromide",1,Pd(OAc)2,0.0625,P(o-Tol)3,0.125,NaOH,2.5,THF_V2,27.6627308063785,6824577.0
4818,6-quinoline-boronic acid hydrochloride,"1e, 6-BOH2-Q",1,0.0004,"2d, Bromide",1,Pd(OAc)2,0.0625,CataCXium A,0.125,NaOH,2.5,THF_V2,35.7598569740842,8019313.0
4819,6-quinoline-boronic acid hydrochloride,"1e, 6-BOH2-Q",1,0.0004,"2d, Bromide",1,Pd(OAc)2,0.0625,SPhos,0.125,NaOH,2.5,THF_V2,30.2432375388826,8876706.0
4820,6-quinoline-boronic acid hydrochloride,"1e, 6-BOH2-Q",1,0.0004,"2d, Bromide",1,Pd(OAc)2,0.0625,dtbpf,0.125,NaOH,2.5,THF_V2,41.2736260055726,11511517.0
4821,6-quinoline-boronic acid hydrochloride,"1e, 6-BOH2-Q",1,0.0004,"2d, Bromide",1,Pd(OAc)2,0.0625,XPhos,0.125,NaOH,2.5,THF_V2,23.7224478866646,6735900.5
4822,6-quinoline-boronic acid hydrochloride,"1e, 6-BOH2-Q",1,0.0004,"2d, Bromide",1,Pd(OAc)2,0.0625,dppf,0.125,NaOH,2.5,THF_V2,0.0,1441354.5
4823,6-quinoline-boronic acid hydrochloride,"1e, 6-BOH2-Q",1,0.0004,"2d, Bromide",1,Pd(OAc)2,0.0625,Xantphos,0.125,NaOH,2.5,THF_V2,19.462159963952,2621954.25
4824,6-quinoline-boronic acid hydrochloride,"1e, 6-BOH2-Q",1,0.0004,"2d, Bromide",1,Pd(OAc)2,0.0625,,,NaOH,2.5,THF_V2,26.6172683508653,5824435.0
4825,6-quinoline-boronic acid hydrochloride,"1e, 6-BOH2-Q",1,0.0004,"2d, Bromide",1,Pd(OAc)2,0.0625,P(tBu)3,0.125,KOH,2.5,THF_V2,0.0,5568543.0
4826,6-quinoline-boronic acid hydrochloride,"1e, 6-BOH2-Q",1,0.0004,"2d, Bromide",1,Pd(OAc)2,0.0625,P(Ph)3 ,0.125,KOH,2.5,THF_V2,44.9508840659366,7920439.5
4827,6-quinoline-boronic acid hydrochloride,"1e, 6-BOH2-Q",1,0.0004,"2d, Bromide",1,Pd(OAc)2,0.0625,AmPhos,0.125,KOH,2.5,THF_V2,41.8683830698244,12301752.0
4828,6-quinoline-boronic acid hydrochloride,"1e, 6-BOH2-Q",1,0.0004,"2d, Bromide",1,Pd(OAc)2,0.0625,P(Cy)3,0.125,KOH,2.5,THF_V2,30.9365742941766,5707116.0
4829,6-quinoline-boronic acid hydrochloride,"1e, 6-BOH2-Q",1,0.0004,"2d, Bromide",1,Pd(OAc)2,0.0625,P(o-Tol)3,0.125,KOH,2.5,THF_V2,0.0,5623960.0
4830,6-quinoline-boronic acid hydrochloride,"1e, 6-BOH2-Q",1,0.0004,"2d, Bromide",1,Pd(OAc)2,0.0625,CataCXium A,0.125,KOH,2.5,THF_V2,38.9859309997999,7287843.0
4831,6-quinoline-boronic acid hydrochloride,"1e, 6-BOH2-Q",1,0.0004,"2d, Bromide",1,Pd(OAc)2,0.0625,SPhos,0.125,KOH,2.5,THF_V2,38.2013247681786,7680240.0
4832,6-quinoline-boronic acid hydrochloride,"1e, 6-BOH2-Q",1,0.0004,"2d, Bromide",1,Pd(OAc)2,0.0625,dtbpf,0.125,KOH,2.5,THF_V2,49.9661027735402,10491121.0
4833,6-quinoline-boronic acid hydrochloride,"1e, 6-BOH2-Q",1,0.0004,"2d, Bromide",1,Pd(OAc)2,0.0625,XPhos,0.125,KOH,2.5,THF_V2,46.2116705140599,11704953.0
4834,6-quinoline-boronic acid hydrochloride,"1e, 6-BOH2-Q",1,0.0004,"2d, Bromide",1,Pd(OAc)2,0.0625,dppf,0.125,KOH,2.5,THF_V2,0.0,3690561.75
4835,6-quinoline-boronic acid hydrochloride,"1e, 6-BOH2-Q",1,0.0004,"2d, Bromide",1,Pd(OAc)2,0.0625,Xantphos,0.125,KOH,2.5,THF_V2,19.2710962027893,2270009.0
4836,6-quinoline-boronic acid hydrochloride,"1e, 6-BOH2-Q",1,0.0004,"2d, Bromide",1,Pd(OAc)2,0.0625,,,KOH,2.5,THF_V2,34.9989172313956,7316134.0
4837,6-quinoline-boronic acid hydrochloride,"1e, 6-BOH2-Q",1,0.0004,"2d, Bromide",1,Pd(OAc)2,0.0625,P(tBu)3,0.125,LiOtBu,2.5,THF_V2,52.4719296011214,10602398.0
4838,6-quinoline-boronic acid hydrochloride,"1e, 6-BOH2-Q",1,0.0004,"2d, Bromide",1,Pd(OAc)2,0.0625,P(Ph)3 ,0.125,LiOtBu,2.5,THF_V2,0.0,5811171.0
4839,6-quinoline-boronic acid hydrochloride,"1e, 6-BOH2-Q",1,0.0004,"2d, Bromide",1,Pd(OAc)2,0.0625,AmPhos,0.125,LiOtBu,2.5,THF_V2,0.0,8323791.5
4840,6-quinoline-boronic acid hydrochloride,"1e, 6-BOH2-Q",1,0.0004,"2d, Bromide",1,Pd(OAc)2,0.0625,P(Cy)3,0.125,LiOtBu,2.5,THF_V2,35.1034608282083,6463801.0
4841,6-quinoline-boronic acid hydrochloride,"1e, 6-BOH2-Q",1,0.0004,"2d, Bromide",1,Pd(OAc)2,0.0625,P(o-Tol)3,0.125,LiOtBu,2.5,THF_V2,40.6886235683916,10318980.0
4842,6-quinoline-boronic acid hydrochloride,"1e, 6-BOH2-Q",1,0.0004,"2d, Bromide",1,Pd(OAc)2,0.0625,CataCXium A,0.125,LiOtBu,2.5,THF_V2,0.0,3977211.0
4843,6-quinoline-boronic acid hydrochloride,"1e, 6-BOH2-Q",1,0.0004,"2d, Bromide",1,Pd(OAc)2,0.0625,SPhos,0.125,LiOtBu,2.5,THF_V2,35.2168500434486,7038869.5
4844,6-quinoline-boronic acid hydrochloride,"1e, 6-BOH2-Q",1,0.0004,"2d, Bromide",1,Pd(OAc)2,0.0625,dtbpf,0.125,LiOtBu,2.5,THF_V2,0.0,6460796.5
4845,6-quinoline-boronic acid hydrochloride,"1e, 6-BOH2-Q",1,0.0004,"2d, Bromide",1,Pd(OAc)2,0.0625,XPhos,0.125,LiOtBu,2.5,THF_V2,41.4185963376097,12761438.0
4846,6-quinoline-boronic acid hydrochloride,"1e, 6-BOH2-Q",1,0.0004,"2d, Bromide",1,Pd(OAc)2,0.0625,dppf,0.125,LiOtBu,2.5,THF_V2,23.7681054107928,2284292.25
4847,6-quinoline-boronic acid hydrochloride,"1e, 6-BOH2-Q",1,0.0004,"2d, Bromide",1,Pd(OAc)2,0.0625,Xantphos,0.125,LiOtBu,2.5,THF_V2,17.9787210615856,2712322.5
4848,6-quinoline-boronic acid hydrochloride,"1e, 6-BOH2-Q",1,0.0004,"2d, Bromide",1,Pd(OAc)2,0.0625,,,LiOtBu,2.5,THF_V2,0.0,5053243.5
4849,6-quinoline-boronic acid hydrochloride,"1e, 6-BOH2-Q",1,0.0004,"2d, Bromide",1,Pd(OAc)2,0.0625,P(tBu)3,0.125,NaHCO3,2.5,THF_V2,0.0,7315061.0
4850,6-quinoline-boronic acid hydrochloride,"1e, 6-BOH2-Q",1,0.0004,"2d, Bromide",1,Pd(OAc)2,0.0625,P(Ph)3 ,0.125,NaHCO3,2.5,THF_V2,65.6934908541084,9220190.0
4851,6-quinoline-boronic acid hydrochloride,"1e, 6-BOH2-Q",1,0.0004,"2d, Bromide",1,Pd(OAc)2,0.0625,AmPhos,0.125,NaHCO3,2.5,THF_V2,60.4993448803632,15462394.0
4852,6-quinoline-boronic acid hydrochloride,"1e, 6-BOH2-Q",1,0.0004,"2d, Bromide",1,Pd(OAc)2,0.0625,P(Cy)3,0.125,NaHCO3,2.5,THF_V2,26.6631486656218,5595432.5
4853,6-quinoline-boronic acid hydrochloride,"1e, 6-BOH2-Q",1,0.0004,"2d, Bromide",1,Pd(OAc)2,0.0625,P(o-Tol)3,0.125,NaHCO3,2.5,THF_V2,36.9222683664951,9138475.0
4854,6-quinoline-boronic acid hydrochloride,"1e, 6-BOH2-Q",1,0.0004,"2d, Bromide",1,Pd(OAc)2,0.0625,CataCXium A,0.125,NaHCO3,2.5,THF_V2,0.0,4692777.5
4855,6-quinoline-boronic acid hydrochloride,"1e, 6-BOH2-Q",1,0.0004,"2d, Bromide",1,Pd(OAc)2,0.0625,SPhos,0.125,NaHCO3,2.5,THF_V2,21.2966698555221,5354542.0
4856,6-quinoline-boronic acid hydrochloride,"1e, 6-BOH2-Q",1,0.0004,"2d, Bromide",1,Pd(OAc)2,0.0625,dtbpf,0.125,NaHCO3,2.5,THF_V2,50.1770683856292,12054744.0
4857,6-quinoline-boronic acid hydrochloride,"1e, 6-BOH2-Q",1,0.0004,"2d, Bromide",1,Pd(OAc)2,0.0625,XPhos,0.125,NaHCO3,2.5,THF_V2,42.1841088212454,10733496.0
4858,6-quinoline-boronic acid hydrochloride,"1e, 6-BOH2-Q",1,0.0004,"2d, Bromide",1,Pd(OAc)2,0.0625,dppf,0.125,NaHCO3,2.5,THF_V2,49.1206490252276,6791522.5
4859,6-quinoline-boronic acid hydrochloride,"1e, 6-BOH2-Q",1,0.0004,"2d, Bromide",1,Pd(OAc)2,0.0625,Xantphos,0.125,NaHCO3,2.5,THF_V2,0.0,0.0
4860,6-quinoline-boronic acid hydrochloride,"1e, 6-BOH2-Q",1,0.0004,"2d, Bromide",1,Pd(OAc)2,0.0625,,,NaHCO3,2.5,THF_V2,22.9306439275464,4974755.0
4861,6-quinoline-boronic acid hydrochloride,"1e, 6-BOH2-Q",1,0.0004,"2d, Bromide",1,Pd(OAc)2,0.0625,P(tBu)3,0.125,Et3N,2.5,THF_V2,38.9025643582392,9500675.0
4862,6-quinoline-boronic acid hydrochloride,"1e, 6-BOH2-Q",1,0.0004,"2d, Bromide",1,Pd(OAc)2,0.0625,P(Ph)3 ,0.125,Et3N,2.5,THF_V2,35.7872428090058,9804262.0
4863,6-quinoline-boronic acid hydrochloride,"1e, 6-BOH2-Q",1,0.0004,"2d, Bromide",1,Pd(OAc)2,0.0625,AmPhos,0.125,Et3N,2.5,THF_V2,35.7353331838505,8144652.0
4864,6-quinoline-boronic acid hydrochloride,"1e, 6-BOH2-Q",1,0.0004,"2d, Bromide",1,Pd(OAc)2,0.0625,P(Cy)3,0.125,Et3N,2.5,THF_V2,17.5647169938363,4291503.5
4865,6-quinoline-boronic acid hydrochloride,"1e, 6-BOH2-Q",1,0.0004,"2d, Bromide",1,Pd(OAc)2,0.0625,P(o-Tol)3,0.125,Et3N,2.5,THF_V2,0.0,3600579.75
4866,6-quinoline-boronic acid hydrochloride,"1e, 6-BOH2-Q",1,0.0004,"2d, Bromide",1,Pd(OAc)2,0.0625,CataCXium A,0.125,Et3N,2.5,THF_V2,32.0524529714214,6552852.5
4867,6-quinoline-boronic acid hydrochloride,"1e, 6-BOH2-Q",1,0.0004,"2d, Bromide",1,Pd(OAc)2,0.0625,SPhos,0.125,Et3N,2.5,THF_V2,19.251614787724,4351218.0
4868,6-quinoline-boronic acid hydrochloride,"1e, 6-BOH2-Q",1,0.0004,"2d, Bromide",1,Pd(OAc)2,0.0625,dtbpf,0.125,Et3N,2.5,THF_V2,0.0,3602571.5
4869,6-quinoline-boronic acid hydrochloride,"1e, 6-BOH2-Q",1,0.0004,"2d, Bromide",1,Pd(OAc)2,0.0625,XPhos,0.125,Et3N,2.5,THF_V2,24.6663269236064,6327532.5
4870,6-quinoline-boronic acid hydrochloride,"1e, 6-BOH2-Q",1,0.0004,"2d, Bromide",1,Pd(OAc)2,0.0625,dppf,0.125,Et3N,2.5,THF_V2,27.8663569271257,2619269.25
4871,6-quinoline-boronic acid hydrochloride,"1e, 6-BOH2-Q",1,0.0004,"2d, Bromide",1,Pd(OAc)2,0.0625,Xantphos,0.125,Et3N,2.5,THF_V2,0.0,1212940.5
4872,6-quinoline-boronic acid hydrochloride,"1e, 6-BOH2-Q",1,0.0004,"2d, Bromide",1,Pd(OAc)2,0.0625,,,Et3N,2.5,THF_V2,0.0,1144886.125
4873,6-quinoline-boronic acid hydrochloride,"1e, 6-BOH2-Q",1,0.0004,"2d, Bromide",1,Pd(OAc)2,0.0625,P(tBu)3,0.125,CsF,2.5,THF_V2,25.7135426482769,7129826.5
4874,6-quinoline-boronic acid hydrochloride,"1e, 6-BOH2-Q",1,0.0004,"2d, Bromide",1,Pd(OAc)2,0.0625,P(Ph)3 ,0.125,CsF,2.5,THF_V2,36.7451692076121,10457276.0
4875,6-quinoline-boronic acid hydrochloride,"1e, 6-BOH2-Q",1,0.0004,"2d, Bromide",1,Pd(OAc)2,0.0625,AmPhos,0.125,CsF,2.5,THF_V2,44.5185390058507,13753513.0
4876,6-quinoline-boronic acid hydrochloride,"1e, 6-BOH2-Q",1,0.0004,"2d, Bromide",1,Pd(OAc)2,0.0625,P(Cy)3,0.125,CsF,2.5,THF_V2,0.0,795440.5
4877,6-quinoline-boronic acid hydrochloride,"1e, 6-BOH2-Q",1,0.0004,"2d, Bromide",1,Pd(OAc)2,0.0625,P(o-Tol)3,0.125,CsF,2.5,THF_V2,26.7863104866736,8200269.5
4878,6-quinoline-boronic acid hydrochloride,"1e, 6-BOH2-Q",1,0.0004,"2d, Bromide",1,Pd(OAc)2,0.0625,CataCXium A,0.125,CsF,2.5,THF_V2,36.7358407872455,5704838.5
4879,6-quinoline-boronic acid hydrochloride,"1e, 6-BOH2-Q",1,0.0004,"2d, Bromide",1,Pd(OAc)2,0.0625,SPhos,0.125,CsF,2.5,THF_V2,28.6677655448648,8921161.0
4880,6-quinoline-boronic acid hydrochloride,"1e, 6-BOH2-Q",1,0.0004,"2d, Bromide",1,Pd(OAc)2,0.0625,dtbpf,0.125,CsF,2.5,THF_V2,42.8097016860582,11233842.0
4881,6-quinoline-boronic acid hydrochloride,"1e, 6-BOH2-Q",1,0.0004,"2d, Bromide",1,Pd(OAc)2,0.0625,XPhos,0.125,CsF,2.5,THF_V2,15.2003609862855,3295471.25
4882,6-quinoline-boronic acid hydrochloride,"1e, 6-BOH2-Q",1,0.0004,"2d, Bromide",1,Pd(OAc)2,0.0625,dppf,0.125,CsF,2.5,THF_V2,37.1303584041165,5571631.5
4883,6-quinoline-boronic acid hydrochloride,"1e, 6-BOH2-Q",1,0.0004,"2d, Bromide",1,Pd(OAc)2,0.0625,Xantphos,0.125,CsF,2.5,THF_V2,0.0,594454.5
4884,6-quinoline-boronic acid hydrochloride,"1e, 6-BOH2-Q",1,0.0004,"2d, Bromide",1,Pd(OAc)2,0.0625,,,CsF,2.5,THF_V2,0.0,1845046.375
4885,6-quinoline-boronic acid hydrochloride,"1e, 6-BOH2-Q",1,0.0004,"2d, Bromide",1,Pd(OAc)2,0.0625,P(tBu)3,0.125,K3PO4,2.5,THF_V2,30.9680268770552,9199582.0
4886,6-quinoline-boronic acid hydrochloride,"1e, 6-BOH2-Q",1,0.0004,"2d, Bromide",1,Pd(OAc)2,0.0625,P(Ph)3 ,0.125,K3PO4,2.5,THF_V2,33.2516832578732,8064884.0
4887,6-quinoline-boronic acid hydrochloride,"1e, 6-BOH2-Q",1,0.0004,"2d, Bromide",1,Pd(OAc)2,0.0625,AmPhos,0.125,K3PO4,2.5,THF_V2,42.5240403393453,13373931.0
4888,6-quinoline-boronic acid hydrochloride,"1e, 6-BOH2-Q",1,0.0004,"2d, Bromide",1,Pd(OAc)2,0.0625,P(Cy)3,0.125,K3PO4,2.5,THF_V2,17.5246577405026,2734127.25
4889,6-quinoline-boronic acid hydrochloride,"1e, 6-BOH2-Q",1,0.0004,"2d, Bromide",1,Pd(OAc)2,0.0625,P(o-Tol)3,0.125,K3PO4,2.5,THF_V2,30.6447804574248,8697164.0
4890,6-quinoline-boronic acid hydrochloride,"1e, 6-BOH2-Q",1,0.0004,"2d, Bromide",1,Pd(OAc)2,0.0625,CataCXium A,0.125,K3PO4,2.5,THF_V2,39.7255116428075,9152354.0
4891,6-quinoline-boronic acid hydrochloride,"1e, 6-BOH2-Q",1,0.0004,"2d, Bromide",1,Pd(OAc)2,0.0625,SPhos,0.125,K3PO4,2.5,THF_V2,21.7742964782331,4894310.5
4892,6-quinoline-boronic acid hydrochloride,"1e, 6-BOH2-Q",1,0.0004,"2d, Bromide",1,Pd(OAc)2,0.0625,dtbpf,0.125,K3PO4,2.5,THF_V2,44.0041930084065,10127937.0
4893,6-quinoline-boronic acid hydrochloride,"1e, 6-BOH2-Q",1,0.0004,"2d, Bromide",1,Pd(OAc)2,0.0625,XPhos,0.125,K3PO4,2.5,THF_V2,33.3251921704611,10168310.0
4894,6-quinoline-boronic acid hydrochloride,"1e, 6-BOH2-Q",1,0.0004,"2d, Bromide",1,Pd(OAc)2,0.0625,dppf,0.125,K3PO4,2.5,THF_V2,34.5062877645475,3631840.0
4895,6-quinoline-boronic acid hydrochloride,"1e, 6-BOH2-Q",1,0.0004,"2d, Bromide",1,Pd(OAc)2,0.0625,Xantphos,0.125,K3PO4,2.5,THF_V2,0.0,1598689.5
4896,6-quinoline-boronic acid hydrochloride,"1e, 6-BOH2-Q",1,0.0004,"2d, Bromide",1,Pd(OAc)2,0.0625,,,K3PO4,2.5,THF_V2,19.1539986468249,4064074.25
4897,6-quinoline-boronic acid hydrochloride,"1e, 6-BOH2-Q",1,0.0004,"2d, Bromide",1,Pd(OAc)2,0.0625,P(tBu)3,0.125,,2.5,DMF,0.0,278584.875
4898,6-quinoline-boronic acid hydrochloride,"1e, 6-BOH2-Q",1,0.0004,"2d, Bromide",1,Pd(OAc)2,0.0625,P(Ph)3 ,0.125,,2.5,DMF,0.0,348097.15625
4899,6-quinoline-boronic acid hydrochloride,"1e, 6-BOH2-Q",1,0.0004,"2d, Bromide",1,Pd(OAc)2,0.0625,AmPhos,0.125,,2.5,DMF,0.0,256376.46875
4900,6-quinoline-boronic acid hydrochloride,"1e, 6-BOH2-Q",1,0.0004,"2d, Bromide",1,Pd(OAc)2,0.0625,P(Cy)3,0.125,,2.5,DMF,0.0,49168.34375
4901,6-quinoline-boronic acid hydrochloride,"1e, 6-BOH2-Q",1,0.0004,"2d, Bromide",1,Pd(OAc)2,0.0625,P(o-Tol)3,0.125,,2.5,DMF,0.0,53674.125
4902,6-quinoline-boronic acid hydrochloride,"1e, 6-BOH2-Q",1,0.0004,"2d, Bromide",1,Pd(OAc)2,0.0625,CataCXium A,0.125,,2.5,DMF,0.0,37868.94140625
4903,6-quinoline-boronic acid hydrochloride,"1e, 6-BOH2-Q",1,0.0004,"2d, Bromide",1,Pd(OAc)2,0.0625,SPhos,0.125,,2.5,DMF,0.0,12057.9375
4904,6-quinoline-boronic acid hydrochloride,"1e, 6-BOH2-Q",1,0.0004,"2d, Bromide",1,Pd(OAc)2,0.0625,dtbpf,0.125,,2.5,DMF,0.0,12944.775390625
4905,6-quinoline-boronic acid hydrochloride,"1e, 6-BOH2-Q",1,0.0004,"2d, Bromide",1,Pd(OAc)2,0.0625,XPhos,0.125,,2.5,DMF,0.0,15810.9453125
4906,6-quinoline-boronic acid hydrochloride,"1e, 6-BOH2-Q",1,0.0004,"2d, Bromide",1,Pd(OAc)2,0.0625,dppf,0.125,,2.5,DMF,0.0,0.0
4907,6-quinoline-boronic acid hydrochloride,"1e, 6-BOH2-Q",1,0.0004,"2d, Bromide",1,Pd(OAc)2,0.0625,Xantphos,0.125,,2.5,DMF,0.0,0.0
4908,6-quinoline-boronic acid hydrochloride,"1e, 6-BOH2-Q",1,0.0004,"2d, Bromide",1,Pd(OAc)2,0.0625,,,,2.5,DMF,0.0,0.0
4909,6-quinoline-boronic acid hydrochloride,"1e, 6-BOH2-Q",1,0.0004,"2d, Bromide",1,Pd(OAc)2,0.0625,P(tBu)3,0.125,NaOH,2.5,DMF,19.6283912951202,7233903.5
4910,6-quinoline-boronic acid hydrochloride,"1e, 6-BOH2-Q",1,0.0004,"2d, Bromide",1,Pd(OAc)2,0.0625,P(Ph)3 ,0.125,NaOH,2.5,DMF,58.216798698374,17365620.0
4911,6-quinoline-boronic acid hydrochloride,"1e, 6-BOH2-Q",1,0.0004,"2d, Bromide",1,Pd(OAc)2,0.0625,AmPhos,0.125,NaOH,2.5,DMF,32.1187402290781,8555594.0
4912,6-quinoline-boronic acid hydrochloride,"1e, 6-BOH2-Q",1,0.0004,"2d, Bromide",1,Pd(OAc)2,0.0625,P(Cy)3,0.125,NaOH,2.5,DMF,35.0234931987856,10059871.0
4913,6-quinoline-boronic acid hydrochloride,"1e, 6-BOH2-Q",1,0.0004,"2d, Bromide",1,Pd(OAc)2,0.0625,P(o-Tol)3,0.125,NaOH,2.5,DMF,17.4603760288065,7119628.5
4914,6-quinoline-boronic acid hydrochloride,"1e, 6-BOH2-Q",1,0.0004,"2d, Bromide",1,Pd(OAc)2,0.0625,CataCXium A,0.125,NaOH,2.5,DMF,40.9734416691097,8785070.0
4915,6-quinoline-boronic acid hydrochloride,"1e, 6-BOH2-Q",1,0.0004,"2d, Bromide",1,Pd(OAc)2,0.0625,SPhos,0.125,NaOH,2.5,DMF,39.479527463434,10554668.0
4916,6-quinoline-boronic acid hydrochloride,"1e, 6-BOH2-Q",1,0.0004,"2d, Bromide",1,Pd(OAc)2,0.0625,dtbpf,0.125,NaOH,2.5,DMF,55.7469225143572,17521516.0
4917,6-quinoline-boronic acid hydrochloride,"1e, 6-BOH2-Q",1,0.0004,"2d, Bromide",1,Pd(OAc)2,0.0625,XPhos,0.125,NaOH,2.5,DMF,33.6728203224897,8552843.0
4918,6-quinoline-boronic acid hydrochloride,"1e, 6-BOH2-Q",1,0.0004,"2d, Bromide",1,Pd(OAc)2,0.0625,dppf,0.125,NaOH,2.5,DMF,0.0,611040.75
4919,6-quinoline-boronic acid hydrochloride,"1e, 6-BOH2-Q",1,0.0004,"2d, Bromide",1,Pd(OAc)2,0.0625,Xantphos,0.125,NaOH,2.5,DMF,0.0,566151.0625
4920,6-quinoline-boronic acid hydrochloride,"1e, 6-BOH2-Q",1,0.0004,"2d, Bromide",1,Pd(OAc)2,0.0625,,,NaOH,2.5,DMF,20.8610864146939,7216184.5
4921,6-quinoline-boronic acid hydrochloride,"1e, 6-BOH2-Q",1,0.0004,"2d, Bromide",1,Pd(OAc)2,0.0625,P(tBu)3,0.125,KOH,2.5,DMF,43.959882467879,10304498.0
4922,6-quinoline-boronic acid hydrochloride,"1e, 6-BOH2-Q",1,0.0004,"2d, Bromide",1,Pd(OAc)2,0.0625,P(Ph)3 ,0.125,KOH,2.5,DMF,65.5847523989013,19845266.0
4923,6-quinoline-boronic acid hydrochloride,"1e, 6-BOH2-Q",1,0.0004,"2d, Bromide",1,Pd(OAc)2,0.0625,AmPhos,0.125,KOH,2.5,DMF,44.7312707843749,11763936.0
4924,6-quinoline-boronic acid hydrochloride,"1e, 6-BOH2-Q",1,0.0004,"2d, Bromide",1,Pd(OAc)2,0.0625,P(Cy)3,0.125,KOH,2.5,DMF,56.097220651197,16968954.0
4925,6-quinoline-boronic acid hydrochloride,"1e, 6-BOH2-Q",1,0.0004,"2d, Bromide",1,Pd(OAc)2,0.0625,P(o-Tol)3,0.125,KOH,2.5,DMF,52.9600788353373,13786146.0
4926,6-quinoline-boronic acid hydrochloride,"1e, 6-BOH2-Q",1,0.0004,"2d, Bromide",1,Pd(OAc)2,0.0625,CataCXium A,0.125,KOH,2.5,DMF,56.9274822043813,12405818.0
4927,6-quinoline-boronic acid hydrochloride,"1e, 6-BOH2-Q",1,0.0004,"2d, Bromide",1,Pd(OAc)2,0.0625,SPhos,0.125,KOH,2.5,DMF,44.2519905545838,11761445.0
4928,6-quinoline-boronic acid hydrochloride,"1e, 6-BOH2-Q",1,0.0004,"2d, Bromide",1,Pd(OAc)2,0.0625,dtbpf,0.125,KOH,2.5,DMF,71.8784474728149,19795014.0
4929,6-quinoline-boronic acid hydrochloride,"1e, 6-BOH2-Q",1,0.0004,"2d, Bromide",1,Pd(OAc)2,0.0625,XPhos,0.125,KOH,2.5,DMF,54.9519692840107,14275464.0
4930,6-quinoline-boronic acid hydrochloride,"1e, 6-BOH2-Q",1,0.0004,"2d, Bromide",1,Pd(OAc)2,0.0625,dppf,0.125,KOH,2.5,DMF,0.0,705165.0
4931,6-quinoline-boronic acid hydrochloride,"1e, 6-BOH2-Q",1,0.0004,"2d, Bromide",1,Pd(OAc)2,0.0625,Xantphos,0.125,KOH,2.5,DMF,0.0,828475.1875
4932,6-quinoline-boronic acid hydrochloride,"1e, 6-BOH2-Q",1,0.0004,"2d, Bromide",1,Pd(OAc)2,0.0625,,,KOH,2.5,DMF,28.9365605632373,10552053.0
4933,6-quinoline-boronic acid hydrochloride,"1e, 6-BOH2-Q",1,0.0004,"2d, Bromide",1,Pd(OAc)2,0.0625,P(tBu)3,0.125,LiOtBu,2.5,DMF,42.2789620293894,10751518.0
4934,6-quinoline-boronic acid hydrochloride,"1e, 6-BOH2-Q",1,0.0004,"2d, Bromide",1,Pd(OAc)2,0.0625,P(Ph)3 ,0.125,LiOtBu,2.5,DMF,65.0045368425212,19136036.0
4935,6-quinoline-boronic acid hydrochloride,"1e, 6-BOH2-Q",1,0.0004,"2d, Bromide",1,Pd(OAc)2,0.0625,AmPhos,0.125,LiOtBu,2.5,DMF,36.8907384314677,8684106.0
4936,6-quinoline-boronic acid hydrochloride,"1e, 6-BOH2-Q",1,0.0004,"2d, Bromide",1,Pd(OAc)2,0.0625,P(Cy)3,0.125,LiOtBu,2.5,DMF,37.3748975738136,11760826.0
4937,6-quinoline-boronic acid hydrochloride,"1e, 6-BOH2-Q",1,0.0004,"2d, Bromide",1,Pd(OAc)2,0.0625,P(o-Tol)3,0.125,LiOtBu,2.5,DMF,31.2897083286461,8684506.0
4938,6-quinoline-boronic acid hydrochloride,"1e, 6-BOH2-Q",1,0.0004,"2d, Bromide",1,Pd(OAc)2,0.0625,CataCXium A,0.125,LiOtBu,2.5,DMF,45.6345702377566,8171985.5
4939,6-quinoline-boronic acid hydrochloride,"1e, 6-BOH2-Q",1,0.0004,"2d, Bromide",1,Pd(OAc)2,0.0625,SPhos,0.125,LiOtBu,2.5,DMF,27.0443037945477,6644637.0
4940,6-quinoline-boronic acid hydrochloride,"1e, 6-BOH2-Q",1,0.0004,"2d, Bromide",1,Pd(OAc)2,0.0625,dtbpf,0.125,LiOtBu,2.5,DMF,64.133506684271,17811052.0
4941,6-quinoline-boronic acid hydrochloride,"1e, 6-BOH2-Q",1,0.0004,"2d, Bromide",1,Pd(OAc)2,0.0625,XPhos,0.125,LiOtBu,2.5,DMF,30.9714883438018,8681947.0
4942,6-quinoline-boronic acid hydrochloride,"1e, 6-BOH2-Q",1,0.0004,"2d, Bromide",1,Pd(OAc)2,0.0625,dppf,0.125,LiOtBu,2.5,DMF,0.0,397854.71875
4943,6-quinoline-boronic acid hydrochloride,"1e, 6-BOH2-Q",1,0.0004,"2d, Bromide",1,Pd(OAc)2,0.0625,Xantphos,0.125,LiOtBu,2.5,DMF,0.0,383057.09375
4944,6-quinoline-boronic acid hydrochloride,"1e, 6-BOH2-Q",1,0.0004,"2d, Bromide",1,Pd(OAc)2,0.0625,,,LiOtBu,2.5,DMF,15.3457515363051,3434465.75
4945,6-quinoline-boronic acid hydrochloride,"1e, 6-BOH2-Q",1,0.0004,"2d, Bromide",1,Pd(OAc)2,0.0625,P(tBu)3,0.125,NaHCO3,2.5,DMF,23.3488912851887,5525853.0
4946,6-quinoline-boronic acid hydrochloride,"1e, 6-BOH2-Q",1,0.0004,"2d, Bromide",1,Pd(OAc)2,0.0625,P(Ph)3 ,0.125,NaHCO3,2.5,DMF,43.7336946599735,12607922.0
4947,6-quinoline-boronic acid hydrochloride,"1e, 6-BOH2-Q",1,0.0004,"2d, Bromide",1,Pd(OAc)2,0.0625,AmPhos,0.125,NaHCO3,2.5,DMF,24.6728173705838,5181369.0
4948,6-quinoline-boronic acid hydrochloride,"1e, 6-BOH2-Q",1,0.0004,"2d, Bromide",1,Pd(OAc)2,0.0625,P(Cy)3,0.125,NaHCO3,2.5,DMF,18.8827174362814,2845791.0
4949,6-quinoline-boronic acid hydrochloride,"1e, 6-BOH2-Q",1,0.0004,"2d, Bromide",1,Pd(OAc)2,0.0625,P(o-Tol)3,0.125,NaHCO3,2.5,DMF,21.3470535806391,3915052.25
4950,6-quinoline-boronic acid hydrochloride,"1e, 6-BOH2-Q",1,0.0004,"2d, Bromide",1,Pd(OAc)2,0.0625,CataCXium A,0.125,NaHCO3,2.5,DMF,26.6894943269646,4365961.5
4951,6-quinoline-boronic acid hydrochloride,"1e, 6-BOH2-Q",1,0.0004,"2d, Bromide",1,Pd(OAc)2,0.0625,SPhos,0.125,NaHCO3,2.5,DMF,27.5672004474569,4741604.0
4952,6-quinoline-boronic acid hydrochloride,"1e, 6-BOH2-Q",1,0.0004,"2d, Bromide",1,Pd(OAc)2,0.0625,dtbpf,0.125,NaHCO3,2.5,DMF,26.2785245239158,6165292.0
4953,6-quinoline-boronic acid hydrochloride,"1e, 6-BOH2-Q",1,0.0004,"2d, Bromide",1,Pd(OAc)2,0.0625,XPhos,0.125,NaHCO3,2.5,DMF,21.650467872347,3844151.25
4954,6-quinoline-boronic acid hydrochloride,"1e, 6-BOH2-Q",1,0.0004,"2d, Bromide",1,Pd(OAc)2,0.0625,dppf,0.125,NaHCO3,2.5,DMF,33.4609155851335,3354504.75
4955,6-quinoline-boronic acid hydrochloride,"1e, 6-BOH2-Q",1,0.0004,"2d, Bromide",1,Pd(OAc)2,0.0625,Xantphos,0.125,NaHCO3,2.5,DMF,0.0,251866.265625
4956,6-quinoline-boronic acid hydrochloride,"1e, 6-BOH2-Q",1,0.0004,"2d, Bromide",1,Pd(OAc)2,0.0625,,,NaHCO3,2.5,DMF,18.6299930968584,3012729.75
4957,6-quinoline-boronic acid hydrochloride,"1e, 6-BOH2-Q",1,0.0004,"2d, Bromide",1,Pd(OAc)2,0.0625,P(tBu)3,0.125,Et3N,2.5,DMF,23.6057782794006,3423385.5
4958,6-quinoline-boronic acid hydrochloride,"1e, 6-BOH2-Q",1,0.0004,"2d, Bromide",1,Pd(OAc)2,0.0625,P(Ph)3 ,0.125,Et3N,2.5,DMF,35.7227607380553,9754046.0
4959,6-quinoline-boronic acid hydrochloride,"1e, 6-BOH2-Q",1,0.0004,"2d, Bromide",1,Pd(OAc)2,0.0625,AmPhos,0.125,Et3N,2.5,DMF,22.8976770969601,6202123.0
4960,6-quinoline-boronic acid hydrochloride,"1e, 6-BOH2-Q",1,0.0004,"2d, Bromide",1,Pd(OAc)2,0.0625,P(Cy)3,0.125,Et3N,2.5,DMF,17.237635100333,3810524.5
4961,6-quinoline-boronic acid hydrochloride,"1e, 6-BOH2-Q",1,0.0004,"2d, Bromide",1,Pd(OAc)2,0.0625,P(o-Tol)3,0.125,Et3N,2.5,DMF,20.1595188427504,2817517.5
4962,6-quinoline-boronic acid hydrochloride,"1e, 6-BOH2-Q",1,0.0004,"2d, Bromide",1,Pd(OAc)2,0.0625,CataCXium A,0.125,Et3N,2.5,DMF,21.2779240214026,3171060.0
4963,6-quinoline-boronic acid hydrochloride,"1e, 6-BOH2-Q",1,0.0004,"2d, Bromide",1,Pd(OAc)2,0.0625,SPhos,0.125,Et3N,2.5,DMF,0.0,701010.875
4964,6-quinoline-boronic acid hydrochloride,"1e, 6-BOH2-Q",1,0.0004,"2d, Bromide",1,Pd(OAc)2,0.0625,dtbpf,0.125,Et3N,2.5,DMF,0.0,1725566.125
4965,6-quinoline-boronic acid hydrochloride,"1e, 6-BOH2-Q",1,0.0004,"2d, Bromide",1,Pd(OAc)2,0.0625,XPhos,0.125,Et3N,2.5,DMF,0.0,469796.5
4966,6-quinoline-boronic acid hydrochloride,"1e, 6-BOH2-Q",1,0.0004,"2d, Bromide",1,Pd(OAc)2,0.0625,dppf,0.125,Et3N,2.5,DMF,0.0,872295.6875
4967,6-quinoline-boronic acid hydrochloride,"1e, 6-BOH2-Q",1,0.0004,"2d, Bromide",1,Pd(OAc)2,0.0625,Xantphos,0.125,Et3N,2.5,DMF,0.0,47024.23046875
4968,6-quinoline-boronic acid hydrochloride,"1e, 6-BOH2-Q",1,0.0004,"2d, Bromide",1,Pd(OAc)2,0.0625,,,Et3N,2.5,DMF,0.0,75215.078125
4969,6-quinoline-boronic acid hydrochloride,"1e, 6-BOH2-Q",1,0.0004,"2d, Bromide",1,Pd(OAc)2,0.0625,P(tBu)3,0.125,CsF,2.5,DMF,0.0,1940164.5
4970,6-quinoline-boronic acid hydrochloride,"1e, 6-BOH2-Q",1,0.0004,"2d, Bromide",1,Pd(OAc)2,0.0625,P(Ph)3 ,0.125,CsF,2.5,DMF,19.9171987310919,8983689.0
4971,6-quinoline-boronic acid hydrochloride,"1e, 6-BOH2-Q",1,0.0004,"2d, Bromide",1,Pd(OAc)2,0.0625,AmPhos,0.125,CsF,2.5,DMF,28.8698295773023,7719338.5
4972,6-quinoline-boronic acid hydrochloride,"1e, 6-BOH2-Q",1,0.0004,"2d, Bromide",1,Pd(OAc)2,0.0625,P(Cy)3,0.125,CsF,2.5,DMF,0.0,1767278.75
4973,6-quinoline-boronic acid hydrochloride,"1e, 6-BOH2-Q",1,0.0004,"2d, Bromide",1,Pd(OAc)2,0.0625,P(o-Tol)3,0.125,CsF,2.5,DMF,18.3556458388311,7161919.0
4974,6-quinoline-boronic acid hydrochloride,"1e, 6-BOH2-Q",1,0.0004,"2d, Bromide",1,Pd(OAc)2,0.0625,CataCXium A,0.125,CsF,2.5,DMF,45.1118992997996,9669825.0
4975,6-quinoline-boronic acid hydrochloride,"1e, 6-BOH2-Q",1,0.0004,"2d, Bromide",1,Pd(OAc)2,0.0625,SPhos,0.125,CsF,2.5,DMF,21.0665035340973,5163302.0
4976,6-quinoline-boronic acid hydrochloride,"1e, 6-BOH2-Q",1,0.0004,"2d, Bromide",1,Pd(OAc)2,0.0625,dtbpf,0.125,CsF,2.5,DMF,39.0312254489609,11002325.0
4977,6-quinoline-boronic acid hydrochloride,"1e, 6-BOH2-Q",1,0.0004,"2d, Bromide",1,Pd(OAc)2,0.0625,XPhos,0.125,CsF,2.5,DMF,16.2323565923565,3020594.0
4978,6-quinoline-boronic acid hydrochloride,"1e, 6-BOH2-Q",1,0.0004,"2d, Bromide",1,Pd(OAc)2,0.0625,dppf,0.125,CsF,2.5,DMF,39.7103322328166,7459098.0
4979,6-quinoline-boronic acid hydrochloride,"1e, 6-BOH2-Q",1,0.0004,"2d, Bromide",1,Pd(OAc)2,0.0625,Xantphos,0.125,CsF,2.5,DMF,0.0,432700.09375
4980,6-quinoline-boronic acid hydrochloride,"1e, 6-BOH2-Q",1,0.0004,"2d, Bromide",1,Pd(OAc)2,0.0625,,,CsF,2.5,DMF,15.8202001792667,3093078.0
4981,6-quinoline-boronic acid hydrochloride,"1e, 6-BOH2-Q",1,0.0004,"2d, Bromide",1,Pd(OAc)2,0.0625,P(tBu)3,0.125,K3PO4,2.5,DMF,28.1483162683852,6452414.5
4982,6-quinoline-boronic acid hydrochloride,"1e, 6-BOH2-Q",1,0.0004,"2d, Bromide",1,Pd(OAc)2,0.0625,P(Ph)3 ,0.125,K3PO4,2.5,DMF,55.6097730349426,16818066.0
4983,6-quinoline-boronic acid hydrochloride,"1e, 6-BOH2-Q",1,0.0004,"2d, Bromide",1,Pd(OAc)2,0.0625,AmPhos,0.125,K3PO4,2.5,DMF,39.6525312858064,10443045.0
4984,6-quinoline-boronic acid hydrochloride,"1e, 6-BOH2-Q",1,0.0004,"2d, Bromide",1,Pd(OAc)2,0.0625,P(Cy)3,0.125,K3PO4,2.5,DMF,38.9182731785928,11553660.0
4985,6-quinoline-boronic acid hydrochloride,"1e, 6-BOH2-Q",1,0.0004,"2d, Bromide",1,Pd(OAc)2,0.0625,P(o-Tol)3,0.125,K3PO4,2.5,DMF,43.0505557713552,11210546.0
4986,6-quinoline-boronic acid hydrochloride,"1e, 6-BOH2-Q",1,0.0004,"2d, Bromide",1,Pd(OAc)2,0.0625,CataCXium A,0.125,K3PO4,2.5,DMF,55.9745242720116,11062006.0
4987,6-quinoline-boronic acid hydrochloride,"1e, 6-BOH2-Q",1,0.0004,"2d, Bromide",1,Pd(OAc)2,0.0625,SPhos,0.125,K3PO4,2.5,DMF,47.4590268519888,12305712.0
4988,6-quinoline-boronic acid hydrochloride,"1e, 6-BOH2-Q",1,0.0004,"2d, Bromide",1,Pd(OAc)2,0.0625,dtbpf,0.125,K3PO4,2.5,DMF,59.3040767356095,15764138.0
4989,6-quinoline-boronic acid hydrochloride,"1e, 6-BOH2-Q",1,0.0004,"2d, Bromide",1,Pd(OAc)2,0.0625,XPhos,0.125,K3PO4,2.5,DMF,44.397155007003,11545166.0
4990,6-quinoline-boronic acid hydrochloride,"1e, 6-BOH2-Q",1,0.0004,"2d, Bromide",1,Pd(OAc)2,0.0625,dppf,0.125,K3PO4,2.5,DMF,29.0156217275374,3698116.25
4991,6-quinoline-boronic acid hydrochloride,"1e, 6-BOH2-Q",1,0.0004,"2d, Bromide",1,Pd(OAc)2,0.0625,Xantphos,0.125,K3PO4,2.5,DMF,0.0,1126702.0
4992,6-quinoline-boronic acid hydrochloride,"1e, 6-BOH2-Q",1,0.0004,"2d, Bromide",1,Pd(OAc)2,0.0625,,,K3PO4,2.5,DMF,43.6095708900787,12897571.0
4993,Potassium quinoline-6-trifluoroborate,"1g, 6-BF3K-Q",1,0.0004,"2d, Bromide",1,Pd(OAc)2,0.0625,P(tBu)3,0.125,,2.5,MeOH,32.0836076734582,7182190.0
4994,Potassium quinoline-6-trifluoroborate,"1g, 6-BF3K-Q",1,0.0004,"2d, Bromide",1,Pd(OAc)2,0.0625,P(Ph)3 ,0.125,,2.5,MeOH,36.1913904734168,8640696.0
4995,Potassium quinoline-6-trifluoroborate,"1g, 6-BF3K-Q",1,0.0004,"2d, Bromide",1,Pd(OAc)2,0.0625,AmPhos,0.125,,2.5,MeOH,36.0678499438707,7755538.5
4996,Potassium quinoline-6-trifluoroborate,"1g, 6-BF3K-Q",1,0.0004,"2d, Bromide",1,Pd(OAc)2,0.0625,P(Cy)3,0.125,,2.5,MeOH,24.7278318819857,4623540.0
4997,Potassium quinoline-6-trifluoroborate,"1g, 6-BF3K-Q",1,0.0004,"2d, Bromide",1,Pd(OAc)2,0.0625,P(o-Tol)3,0.125,,2.5,MeOH,44.1656774760949,9396139.0
4998,Potassium quinoline-6-trifluoroborate,"1g, 6-BF3K-Q",1,0.0004,"2d, Bromide",1,Pd(OAc)2,0.0625,CataCXium A,0.125,,2.5,MeOH,39.5858049713457,8767409.0
4999,Potassium quinoline-6-trifluoroborate,"1g, 6-BF3K-Q",1,0.0004,"2d, Bromide",1,Pd(OAc)2,0.0625,SPhos,0.125,,2.5,MeOH,23.5972106658604,2481579.0
5000,Potassium quinoline-6-trifluoroborate,"1g, 6-BF3K-Q",1,0.0004,"2d, Bromide",1,Pd(OAc)2,0.0625,dtbpf,0.125,,2.5,MeOH,22.310874112294,3778511.75
5001,Potassium quinoline-6-trifluoroborate,"1g, 6-BF3K-Q",1,0.0004,"2d, Bromide",1,Pd(OAc)2,0.0625,XPhos,0.125,,2.5,MeOH,24.1034426275582,2814950.75
5002,Potassium quinoline-6-trifluoroborate,"1g, 6-BF3K-Q",1,0.0004,"2d, Bromide",1,Pd(OAc)2,0.0625,dppf,0.125,,2.5,MeOH,0.0,653998.0625
5003,Potassium quinoline-6-trifluoroborate,"1g, 6-BF3K-Q",1,0.0004,"2d, Bromide",1,Pd(OAc)2,0.0625,Xantphos,0.125,,2.5,MeOH,0.0,326215.3125
5004,Potassium quinoline-6-trifluoroborate,"1g, 6-BF3K-Q",1,0.0004,"2d, Bromide",1,Pd(OAc)2,0.0625,,,,2.5,MeOH,24.1312940506273,4587911.0
5005,Potassium quinoline-6-trifluoroborate,"1g, 6-BF3K-Q",1,0.0004,"2d, Bromide",1,Pd(OAc)2,0.0625,P(tBu)3,0.125,NaOH,2.5,MeOH,59.7120039972868,12393547.0
5006,Potassium quinoline-6-trifluoroborate,"1g, 6-BF3K-Q",1,0.0004,"2d, Bromide",1,Pd(OAc)2,0.0625,P(Ph)3 ,0.125,NaOH,2.5,MeOH,57.9934027132002,14194812.0
5007,Potassium quinoline-6-trifluoroborate,"1g, 6-BF3K-Q",1,0.0004,"2d, Bromide",1,Pd(OAc)2,0.0625,AmPhos,0.125,NaOH,2.5,MeOH,57.6937055064357,12989713.0
5008,Potassium quinoline-6-trifluoroborate,"1g, 6-BF3K-Q",1,0.0004,"2d, Bromide",1,Pd(OAc)2,0.0625,P(Cy)3,0.125,NaOH,2.5,MeOH,41.6320235046268,9928463.0
5009,Potassium quinoline-6-trifluoroborate,"1g, 6-BF3K-Q",1,0.0004,"2d, Bromide",1,Pd(OAc)2,0.0625,P(o-Tol)3,0.125,NaOH,2.5,MeOH,73.8441999679272,16740090.0
5010,Potassium quinoline-6-trifluoroborate,"1g, 6-BF3K-Q",1,0.0004,"2d, Bromide",1,Pd(OAc)2,0.0625,CataCXium A,0.125,NaOH,2.5,MeOH,60.2526159862109,10631439.0
5011,Potassium quinoline-6-trifluoroborate,"1g, 6-BF3K-Q",1,0.0004,"2d, Bromide",1,Pd(OAc)2,0.0625,SPhos,0.125,NaOH,2.5,MeOH,59.6328103634999,12924276.0
5012,Potassium quinoline-6-trifluoroborate,"1g, 6-BF3K-Q",1,0.0004,"2d, Bromide",1,Pd(OAc)2,0.0625,dtbpf,0.125,NaOH,2.5,MeOH,49.5531461089131,11141200.0
5013,Potassium quinoline-6-trifluoroborate,"1g, 6-BF3K-Q",1,0.0004,"2d, Bromide",1,Pd(OAc)2,0.0625,XPhos,0.125,NaOH,2.5,MeOH,67.7860989405092,14392013.0
5014,Potassium quinoline-6-trifluoroborate,"1g, 6-BF3K-Q",1,0.0004,"2d, Bromide",1,Pd(OAc)2,0.0625,dppf,0.125,NaOH,2.5,MeOH,68.5807237251388,16916976.0
5015,Potassium quinoline-6-trifluoroborate,"1g, 6-BF3K-Q",1,0.0004,"2d, Bromide",1,Pd(OAc)2,0.0625,Xantphos,0.125,NaOH,2.5,MeOH,33.8813881079206,6603691.0
5016,Potassium quinoline-6-trifluoroborate,"1g, 6-BF3K-Q",1,0.0004,"2d, Bromide",1,Pd(OAc)2,0.0625,,,NaOH,2.5,MeOH,50.9364782312912,14591443.0
5017,Potassium quinoline-6-trifluoroborate,"1g, 6-BF3K-Q",1,0.0004,"2d, Bromide",1,Pd(OAc)2,0.0625,P(tBu)3,0.125,KOH,2.5,MeOH,59.160858944156,12711668.0
5018,Potassium quinoline-6-trifluoroborate,"1g, 6-BF3K-Q",1,0.0004,"2d, Bromide",1,Pd(OAc)2,0.0625,P(Ph)3 ,0.125,KOH,2.5,MeOH,64.5917821856057,15094433.0
5019,Potassium quinoline-6-trifluoroborate,"1g, 6-BF3K-Q",1,0.0004,"2d, Bromide",1,Pd(OAc)2,0.0625,AmPhos,0.125,KOH,2.5,MeOH,55.8886751946386,12408649.0
5020,Potassium quinoline-6-trifluoroborate,"1g, 6-BF3K-Q",1,0.0004,"2d, Bromide",1,Pd(OAc)2,0.0625,P(Cy)3,0.125,KOH,2.5,MeOH,50.7922188061246,11698236.0
5021,Potassium quinoline-6-trifluoroborate,"1g, 6-BF3K-Q",1,0.0004,"2d, Bromide",1,Pd(OAc)2,0.0625,P(o-Tol)3,0.125,KOH,2.5,MeOH,72.3578202042961,17006206.0
5022,Potassium quinoline-6-trifluoroborate,"1g, 6-BF3K-Q",1,0.0004,"2d, Bromide",1,Pd(OAc)2,0.0625,CataCXium A,0.125,KOH,2.5,MeOH,55.5126819499755,9228732.0
5023,Potassium quinoline-6-trifluoroborate,"1g, 6-BF3K-Q",1,0.0004,"2d, Bromide",1,Pd(OAc)2,0.0625,SPhos,0.125,KOH,2.5,MeOH,56.9192968120574,12398315.0
5024,Potassium quinoline-6-trifluoroborate,"1g, 6-BF3K-Q",1,0.0004,"2d, Bromide",1,Pd(OAc)2,0.0625,dtbpf,0.125,KOH,2.5,MeOH,55.6004216959361,12241132.0
5025,Potassium quinoline-6-trifluoroborate,"1g, 6-BF3K-Q",1,0.0004,"2d, Bromide",1,Pd(OAc)2,0.0625,XPhos,0.125,KOH,2.5,MeOH,62.1390799249698,14906445.0
5026,Potassium quinoline-6-trifluoroborate,"1g, 6-BF3K-Q",1,0.0004,"2d, Bromide",1,Pd(OAc)2,0.0625,dppf,0.125,KOH,2.5,MeOH,51.2896388650289,10155950.0
5027,Potassium quinoline-6-trifluoroborate,"1g, 6-BF3K-Q",1,0.0004,"2d, Bromide",1,Pd(OAc)2,0.0625,Xantphos,0.125,KOH,2.5,MeOH,32.323249694379,6862890.0
5028,Potassium quinoline-6-trifluoroborate,"1g, 6-BF3K-Q",1,0.0004,"2d, Bromide",1,Pd(OAc)2,0.0625,,,KOH,2.5,MeOH,54.031851298399,16260001.0
5029,Potassium quinoline-6-trifluoroborate,"1g, 6-BF3K-Q",1,0.0004,"2d, Bromide",1,Pd(OAc)2,0.0625,P(tBu)3,0.125,LiOtBu,2.5,MeOH,26.2463780929874,6286978.5
5030,Potassium quinoline-6-trifluoroborate,"1g, 6-BF3K-Q",1,0.0004,"2d, Bromide",1,Pd(OAc)2,0.0625,P(Ph)3 ,0.125,LiOtBu,2.5,MeOH,70.5022622417337,15088725.0
5031,Potassium quinoline-6-trifluoroborate,"1g, 6-BF3K-Q",1,0.0004,"2d, Bromide",1,Pd(OAc)2,0.0625,AmPhos,0.125,LiOtBu,2.5,MeOH,42.7147626976037,8531316.0
5032,Potassium quinoline-6-trifluoroborate,"1g, 6-BF3K-Q",1,0.0004,"2d, Bromide",1,Pd(OAc)2,0.0625,P(Cy)3,0.125,LiOtBu,2.5,MeOH,42.8220528994178,8728661.0
5033,Potassium quinoline-6-trifluoroborate,"1g, 6-BF3K-Q",1,0.0004,"2d, Bromide",1,Pd(OAc)2,0.0625,P(o-Tol)3,0.125,LiOtBu,2.5,MeOH,71.7092857565289,15269722.0
5034,Potassium quinoline-6-trifluoroborate,"1g, 6-BF3K-Q",1,0.0004,"2d, Bromide",1,Pd(OAc)2,0.0625,CataCXium A,0.125,LiOtBu,2.5,MeOH,46.4876388460594,5782907.0
5035,Potassium quinoline-6-trifluoroborate,"1g, 6-BF3K-Q",1,0.0004,"2d, Bromide",1,Pd(OAc)2,0.0625,SPhos,0.125,LiOtBu,2.5,MeOH,54.151199939502,9589358.0
5036,Potassium quinoline-6-trifluoroborate,"1g, 6-BF3K-Q",1,0.0004,"2d, Bromide",1,Pd(OAc)2,0.0625,dtbpf,0.125,LiOtBu,2.5,MeOH,32.0646337425688,6034074.5
5037,Potassium quinoline-6-trifluoroborate,"1g, 6-BF3K-Q",1,0.0004,"2d, Bromide",1,Pd(OAc)2,0.0625,XPhos,0.125,LiOtBu,2.5,MeOH,75.3138954726551,15920435.0
5038,Potassium quinoline-6-trifluoroborate,"1g, 6-BF3K-Q",1,0.0004,"2d, Bromide",1,Pd(OAc)2,0.0625,dppf,0.125,LiOtBu,2.5,MeOH,26.5964022886045,4813679.0
5039,Potassium quinoline-6-trifluoroborate,"1g, 6-BF3K-Q",1,0.0004,"2d, Bromide",1,Pd(OAc)2,0.0625,Xantphos,0.125,LiOtBu,2.5,MeOH,22.2100733742875,2749829.25
5040,Potassium quinoline-6-trifluoroborate,"1g, 6-BF3K-Q",1,0.0004,"2d, Bromide",1,Pd(OAc)2,0.0625,,,LiOtBu,2.5,MeOH,52.9787756301324,12510790.0
5041,Potassium quinoline-6-trifluoroborate,"1g, 6-BF3K-Q",1,0.0004,"2d, Bromide",1,Pd(OAc)2,0.0625,P(tBu)3,0.125,NaHCO3,2.5,MeOH,45.2370031183737,9977857.0
5042,Potassium quinoline-6-trifluoroborate,"1g, 6-BF3K-Q",1,0.0004,"2d, Bromide",1,Pd(OAc)2,0.0625,P(Ph)3 ,0.125,NaHCO3,2.5,MeOH,64.8112856537349,14618906.0
5043,Potassium quinoline-6-trifluoroborate,"1g, 6-BF3K-Q",1,0.0004,"2d, Bromide",1,Pd(OAc)2,0.0625,AmPhos,0.125,NaHCO3,2.5,MeOH,30.560729677424,7606487.0
5044,Potassium quinoline-6-trifluoroborate,"1g, 6-BF3K-Q",1,0.0004,"2d, Bromide",1,Pd(OAc)2,0.0625,P(Cy)3,0.125,NaHCO3,2.5,MeOH,27.4103749918428,5703282.0
5045,Potassium quinoline-6-trifluoroborate,"1g, 6-BF3K-Q",1,0.0004,"2d, Bromide",1,Pd(OAc)2,0.0625,P(o-Tol)3,0.125,NaHCO3,2.5,MeOH,62.7491681635483,13633646.0
5046,Potassium quinoline-6-trifluoroborate,"1g, 6-BF3K-Q",1,0.0004,"2d, Bromide",1,Pd(OAc)2,0.0625,CataCXium A,0.125,NaHCO3,2.5,MeOH,31.1715802852824,4117582.0
5047,Potassium quinoline-6-trifluoroborate,"1g, 6-BF3K-Q",1,0.0004,"2d, Bromide",1,Pd(OAc)2,0.0625,SPhos,0.125,NaHCO3,2.5,MeOH,35.4340933407361,7651745.5
5048,Potassium quinoline-6-trifluoroborate,"1g, 6-BF3K-Q",1,0.0004,"2d, Bromide",1,Pd(OAc)2,0.0625,dtbpf,0.125,NaHCO3,2.5,MeOH,24.1685685991425,5895659.0
5049,Potassium quinoline-6-trifluoroborate,"1g, 6-BF3K-Q",1,0.0004,"2d, Bromide",1,Pd(OAc)2,0.0625,XPhos,0.125,NaHCO3,2.5,MeOH,0.0,11074535.0
5050,Potassium quinoline-6-trifluoroborate,"1g, 6-BF3K-Q",1,0.0004,"2d, Bromide",1,Pd(OAc)2,0.0625,dppf,0.125,NaHCO3,2.5,MeOH,0.0,1247738.625
5051,Potassium quinoline-6-trifluoroborate,"1g, 6-BF3K-Q",1,0.0004,"2d, Bromide",1,Pd(OAc)2,0.0625,Xantphos,0.125,NaHCO3,2.5,MeOH,0.0,393973.125
5052,Potassium quinoline-6-trifluoroborate,"1g, 6-BF3K-Q",1,0.0004,"2d, Bromide",1,Pd(OAc)2,0.0625,,,NaHCO3,2.5,MeOH,32.3285202769552,9921206.0
5053,Potassium quinoline-6-trifluoroborate,"1g, 6-BF3K-Q",1,0.0004,"2d, Bromide",1,Pd(OAc)2,0.0625,P(tBu)3,0.125,Et3N,2.5,MeOH,50.0804885380743,10124797.0
5054,Potassium quinoline-6-trifluoroborate,"1g, 6-BF3K-Q",1,0.0004,"2d, Bromide",1,Pd(OAc)2,0.0625,P(Ph)3 ,0.125,Et3N,2.5,MeOH,49.1017532871276,10794933.0
5055,Potassium quinoline-6-trifluoroborate,"1g, 6-BF3K-Q",1,0.0004,"2d, Bromide",1,Pd(OAc)2,0.0625,AmPhos,0.125,Et3N,2.5,MeOH,37.79580499279,7583070.5
5056,Potassium quinoline-6-trifluoroborate,"1g, 6-BF3K-Q",1,0.0004,"2d, Bromide",1,Pd(OAc)2,0.0625,P(Cy)3,0.125,Et3N,2.5,MeOH,29.7649100573591,5271589.5
5057,Potassium quinoline-6-trifluoroborate,"1g, 6-BF3K-Q",1,0.0004,"2d, Bromide",1,Pd(OAc)2,0.0625,P(o-Tol)3,0.125,Et3N,2.5,MeOH,70.0685934087637,13719683.0
5058,Potassium quinoline-6-trifluoroborate,"1g, 6-BF3K-Q",1,0.0004,"2d, Bromide",1,Pd(OAc)2,0.0625,CataCXium A,0.125,Et3N,2.5,MeOH,44.5535342330147,5944771.5
5059,Potassium quinoline-6-trifluoroborate,"1g, 6-BF3K-Q",1,0.0004,"2d, Bromide",1,Pd(OAc)2,0.0625,SPhos,0.125,Et3N,2.5,MeOH,26.6574935945881,3407944.5
5060,Potassium quinoline-6-trifluoroborate,"1g, 6-BF3K-Q",1,0.0004,"2d, Bromide",1,Pd(OAc)2,0.0625,dtbpf,0.125,Et3N,2.5,MeOH,28.7268002224517,4545321.0
5061,Potassium quinoline-6-trifluoroborate,"1g, 6-BF3K-Q",1,0.0004,"2d, Bromide",1,Pd(OAc)2,0.0625,XPhos,0.125,Et3N,2.5,MeOH,36.4617739024877,7584449.5
5062,Potassium quinoline-6-trifluoroborate,"1g, 6-BF3K-Q",1,0.0004,"2d, Bromide",1,Pd(OAc)2,0.0625,dppf,0.125,Et3N,2.5,MeOH,0.0,1724956.25
5063,Potassium quinoline-6-trifluoroborate,"1g, 6-BF3K-Q",1,0.0004,"2d, Bromide",1,Pd(OAc)2,0.0625,Xantphos,0.125,Et3N,2.5,MeOH,0.0,763240.375
5064,Potassium quinoline-6-trifluoroborate,"1g, 6-BF3K-Q",1,0.0004,"2d, Bromide",1,Pd(OAc)2,0.0625,,,Et3N,2.5,MeOH,32.3149999273897,7039398.5
5065,Potassium quinoline-6-trifluoroborate,"1g, 6-BF3K-Q",1,0.0004,"2d, Bromide",1,Pd(OAc)2,0.0625,P(tBu)3,0.125,CsF,2.5,MeOH,41.745600902935,9348058.0
5066,Potassium quinoline-6-trifluoroborate,"1g, 6-BF3K-Q",1,0.0004,"2d, Bromide",1,Pd(OAc)2,0.0625,P(Ph)3 ,0.125,CsF,2.5,MeOH,46.1211762414897,10043650.0
5067,Potassium quinoline-6-trifluoroborate,"1g, 6-BF3K-Q",1,0.0004,"2d, Bromide",1,Pd(OAc)2,0.0625,AmPhos,0.125,CsF,2.5,MeOH,44.9447629043515,10202594.0
5068,Potassium quinoline-6-trifluoroborate,"1g, 6-BF3K-Q",1,0.0004,"2d, Bromide",1,Pd(OAc)2,0.0625,P(Cy)3,0.125,CsF,2.5,MeOH,28.5158469100382,5182617.0
5069,Potassium quinoline-6-trifluoroborate,"1g, 6-BF3K-Q",1,0.0004,"2d, Bromide",1,Pd(OAc)2,0.0625,P(o-Tol)3,0.125,CsF,2.5,MeOH,56.9164688024597,13156546.0
5070,Potassium quinoline-6-trifluoroborate,"1g, 6-BF3K-Q",1,0.0004,"2d, Bromide",1,Pd(OAc)2,0.0625,CataCXium A,0.125,CsF,2.5,MeOH,42.9165452873925,6966835.0
5071,Potassium quinoline-6-trifluoroborate,"1g, 6-BF3K-Q",1,0.0004,"2d, Bromide",1,Pd(OAc)2,0.0625,SPhos,0.125,CsF,2.5,MeOH,29.4684004820384,4949464.0
5072,Potassium quinoline-6-trifluoroborate,"1g, 6-BF3K-Q",1,0.0004,"2d, Bromide",1,Pd(OAc)2,0.0625,dtbpf,0.125,CsF,2.5,MeOH,27.6698023890861,5042006.0
5073,Potassium quinoline-6-trifluoroborate,"1g, 6-BF3K-Q",1,0.0004,"2d, Bromide",1,Pd(OAc)2,0.0625,XPhos,0.125,CsF,2.5,MeOH,30.9955219813284,6398721.5
5074,Potassium quinoline-6-trifluoroborate,"1g, 6-BF3K-Q",1,0.0004,"2d, Bromide",1,Pd(OAc)2,0.0625,dppf,0.125,CsF,2.5,MeOH,0.0,734997.9375
5075,Potassium quinoline-6-trifluoroborate,"1g, 6-BF3K-Q",1,0.0004,"2d, Bromide",1,Pd(OAc)2,0.0625,Xantphos,0.125,CsF,2.5,MeOH,0.0,1251984.25
5076,Potassium quinoline-6-trifluoroborate,"1g, 6-BF3K-Q",1,0.0004,"2d, Bromide",1,Pd(OAc)2,0.0625,,,CsF,2.5,MeOH,30.1302306724253,6527668.5
5077,Potassium quinoline-6-trifluoroborate,"1g, 6-BF3K-Q",1,0.0004,"2d, Bromide",1,Pd(OAc)2,0.0625,P(tBu)3,0.125,K3PO4,2.5,MeOH,55.8715910994218,13141983.0
5078,Potassium quinoline-6-trifluoroborate,"1g, 6-BF3K-Q",1,0.0004,"2d, Bromide",1,Pd(OAc)2,0.0625,P(Ph)3 ,0.125,K3PO4,2.5,MeOH,64.9770982314504,14423276.0
5079,Potassium quinoline-6-trifluoroborate,"1g, 6-BF3K-Q",1,0.0004,"2d, Bromide",1,Pd(OAc)2,0.0625,AmPhos,0.125,K3PO4,2.5,MeOH,47.7856240172684,11021781.0
5080,Potassium quinoline-6-trifluoroborate,"1g, 6-BF3K-Q",1,0.0004,"2d, Bromide",1,Pd(OAc)2,0.0625,P(Cy)3,0.125,K3PO4,2.5,MeOH,51.4706207273855,11406777.0
5081,Potassium quinoline-6-trifluoroborate,"1g, 6-BF3K-Q",1,0.0004,"2d, Bromide",1,Pd(OAc)2,0.0625,P(o-Tol)3,0.125,K3PO4,2.5,MeOH,71.2123481972507,16459068.0
5082,Potassium quinoline-6-trifluoroborate,"1g, 6-BF3K-Q",1,0.0004,"2d, Bromide",1,Pd(OAc)2,0.0625,CataCXium A,0.125,K3PO4,2.5,MeOH,49.6659455614965,7367562.5
5083,Potassium quinoline-6-trifluoroborate,"1g, 6-BF3K-Q",1,0.0004,"2d, Bromide",1,Pd(OAc)2,0.0625,SPhos,0.125,K3PO4,2.5,MeOH,51.630151822775,11996338.0
5084,Potassium quinoline-6-trifluoroborate,"1g, 6-BF3K-Q",1,0.0004,"2d, Bromide",1,Pd(OAc)2,0.0625,dtbpf,0.125,K3PO4,2.5,MeOH,42.8436622948171,9194918.0
5085,Potassium quinoline-6-trifluoroborate,"1g, 6-BF3K-Q",1,0.0004,"2d, Bromide",1,Pd(OAc)2,0.0625,XPhos,0.125,K3PO4,2.5,MeOH,71.6712204728133,16435746.0
5086,Potassium quinoline-6-trifluoroborate,"1g, 6-BF3K-Q",1,0.0004,"2d, Bromide",1,Pd(OAc)2,0.0625,dppf,0.125,K3PO4,2.5,MeOH,50.8408513058598,8399097.0
5087,Potassium quinoline-6-trifluoroborate,"1g, 6-BF3K-Q",1,0.0004,"2d, Bromide",1,Pd(OAc)2,0.0625,Xantphos,0.125,K3PO4,2.5,MeOH,26.3321784360547,4491671.0
5088,Potassium quinoline-6-trifluoroborate,"1g, 6-BF3K-Q",1,0.0004,"2d, Bromide",1,Pd(OAc)2,0.0625,,,K3PO4,2.5,MeOH,54.073033421256,11691857.0
5089,Potassium quinoline-6-trifluoroborate,"1g, 6-BF3K-Q",1,0.0004,"2d, Bromide",1,Pd(OAc)2,0.0625,P(tBu)3,0.125,,2.5,MeCN,47.915905351615,13029119.0
5090,Potassium quinoline-6-trifluoroborate,"1g, 6-BF3K-Q",1,0.0004,"2d, Bromide",1,Pd(OAc)2,0.0625,P(Ph)3 ,0.125,,2.5,MeCN,44.0112240551127,11459530.0
5091,Potassium quinoline-6-trifluoroborate,"1g, 6-BF3K-Q",1,0.0004,"2d, Bromide",1,Pd(OAc)2,0.0625,AmPhos,0.125,,2.5,MeCN,64.9166424296162,13074702.0
5092,Potassium quinoline-6-trifluoroborate,"1g, 6-BF3K-Q",1,0.0004,"2d, Bromide",1,Pd(OAc)2,0.0625,P(Cy)3,0.125,,2.5,MeCN,29.5105149839073,8609414.0
5093,Potassium quinoline-6-trifluoroborate,"1g, 6-BF3K-Q",1,0.0004,"2d, Bromide",1,Pd(OAc)2,0.0625,P(o-Tol)3,0.125,,2.5,MeCN,40.5958940198152,8198381.0
5094,Potassium quinoline-6-trifluoroborate,"1g, 6-BF3K-Q",1,0.0004,"2d, Bromide",1,Pd(OAc)2,0.0625,CataCXium A,0.125,,2.5,MeCN,56.2854293302899,9885947.0
5095,Potassium quinoline-6-trifluoroborate,"1g, 6-BF3K-Q",1,0.0004,"2d, Bromide",1,Pd(OAc)2,0.0625,SPhos,0.125,,2.5,MeCN,44.7269243483041,10088164.0
5096,Potassium quinoline-6-trifluoroborate,"1g, 6-BF3K-Q",1,0.0004,"2d, Bromide",1,Pd(OAc)2,0.0625,dtbpf,0.125,,2.5,MeCN,38.36256640266,9596528.0
5097,Potassium quinoline-6-trifluoroborate,"1g, 6-BF3K-Q",1,0.0004,"2d, Bromide",1,Pd(OAc)2,0.0625,XPhos,0.125,,2.5,MeCN,0.0,7007619.0
5098,Potassium quinoline-6-trifluoroborate,"1g, 6-BF3K-Q",1,0.0004,"2d, Bromide",1,Pd(OAc)2,0.0625,dppf,0.125,,2.5,MeCN,37.0395253033552,6003689.0
5099,Potassium quinoline-6-trifluoroborate,"1g, 6-BF3K-Q",1,0.0004,"2d, Bromide",1,Pd(OAc)2,0.0625,Xantphos,0.125,,2.5,MeCN,0.0,964106.875
5100,Potassium quinoline-6-trifluoroborate,"1g, 6-BF3K-Q",1,0.0004,"2d, Bromide",1,Pd(OAc)2,0.0625,,,,2.5,MeCN,23.8315702046612,4574205.5
5101,Potassium quinoline-6-trifluoroborate,"1g, 6-BF3K-Q",1,0.0004,"2d, Bromide",1,Pd(OAc)2,0.0625,P(tBu)3,0.125,NaOH,2.5,MeCN,46.4826718525274,9617778.0
5102,Potassium quinoline-6-trifluoroborate,"1g, 6-BF3K-Q",1,0.0004,"2d, Bromide",1,Pd(OAc)2,0.0625,P(Ph)3 ,0.125,NaOH,2.5,MeCN,41.9499466545432,8207620.5
5103,Potassium quinoline-6-trifluoroborate,"1g, 6-BF3K-Q",1,0.0004,"2d, Bromide",1,Pd(OAc)2,0.0625,AmPhos,0.125,NaOH,2.5,MeCN,52.3549498273543,11278068.0
5104,Potassium quinoline-6-trifluoroborate,"1g, 6-BF3K-Q",1,0.0004,"2d, Bromide",1,Pd(OAc)2,0.0625,P(Cy)3,0.125,NaOH,2.5,MeCN,29.4904148967571,4768558.5
5105,Potassium quinoline-6-trifluoroborate,"1g, 6-BF3K-Q",1,0.0004,"2d, Bromide",1,Pd(OAc)2,0.0625,P(o-Tol)3,0.125,NaOH,2.5,MeCN,45.9146088667477,10164340.0
5106,Potassium quinoline-6-trifluoroborate,"1g, 6-BF3K-Q",1,0.0004,"2d, Bromide",1,Pd(OAc)2,0.0625,CataCXium A,0.125,NaOH,2.5,MeCN,59.2066333688517,8506288.00000001
5107,Potassium quinoline-6-trifluoroborate,"1g, 6-BF3K-Q",1,0.0004,"2d, Bromide",1,Pd(OAc)2,0.0625,SPhos,0.125,NaOH,2.5,MeCN,49.139300778538,10727089.0
5108,Potassium quinoline-6-trifluoroborate,"1g, 6-BF3K-Q",1,0.0004,"2d, Bromide",1,Pd(OAc)2,0.0625,dtbpf,0.125,NaOH,2.5,MeCN,36.6081621490316,7178839.0
5109,Potassium quinoline-6-trifluoroborate,"1g, 6-BF3K-Q",1,0.0004,"2d, Bromide",1,Pd(OAc)2,0.0625,XPhos,0.125,NaOH,2.5,MeCN,49.528378413932,10561966.0
5110,Potassium quinoline-6-trifluoroborate,"1g, 6-BF3K-Q",1,0.0004,"2d, Bromide",1,Pd(OAc)2,0.0625,dppf,0.125,NaOH,2.5,MeCN,0.0,710083.5
5111,Potassium quinoline-6-trifluoroborate,"1g, 6-BF3K-Q",1,0.0004,"2d, Bromide",1,Pd(OAc)2,0.0625,Xantphos,0.125,NaOH,2.5,MeCN,0.0,728171.0
5112,Potassium quinoline-6-trifluoroborate,"1g, 6-BF3K-Q",1,0.0004,"2d, Bromide",1,Pd(OAc)2,0.0625,,,NaOH,2.5,MeCN,37.4258783448613,11029533.0
5113,Potassium quinoline-6-trifluoroborate,"1g, 6-BF3K-Q",1,0.0004,"2d, Bromide",1,Pd(OAc)2,0.0625,P(tBu)3,0.125,KOH,2.5,MeCN,57.1261530487719,12741853.0
5114,Potassium quinoline-6-trifluoroborate,"1g, 6-BF3K-Q",1,0.0004,"2d, Bromide",1,Pd(OAc)2,0.0625,P(Ph)3 ,0.125,KOH,2.5,MeCN,47.1475734744484,12246564.0
5115,Potassium quinoline-6-trifluoroborate,"1g, 6-BF3K-Q",1,0.0004,"2d, Bromide",1,Pd(OAc)2,0.0625,AmPhos,0.125,KOH,2.5,MeCN,57.5158214540996,14369456.0
5116,Potassium quinoline-6-trifluoroborate,"1g, 6-BF3K-Q",1,0.0004,"2d, Bromide",1,Pd(OAc)2,0.0625,P(Cy)3,0.125,KOH,2.5,MeCN,48.3608781589042,9882903.0
5117,Potassium quinoline-6-trifluoroborate,"1g, 6-BF3K-Q",1,0.0004,"2d, Bromide",1,Pd(OAc)2,0.0625,P(o-Tol)3,0.125,KOH,2.5,MeCN,44.7173233095891,11116944.0
5118,Potassium quinoline-6-trifluoroborate,"1g, 6-BF3K-Q",1,0.0004,"2d, Bromide",1,Pd(OAc)2,0.0625,CataCXium A,0.125,KOH,2.5,MeCN,53.8449043286596,8343280.5
5119,Potassium quinoline-6-trifluoroborate,"1g, 6-BF3K-Q",1,0.0004,"2d, Bromide",1,Pd(OAc)2,0.0625,SPhos,0.125,KOH,2.5,MeCN,0.0,0.0
5120,Potassium quinoline-6-trifluoroborate,"1g, 6-BF3K-Q",1,0.0004,"2d, Bromide",1,Pd(OAc)2,0.0625,dtbpf,0.125,KOH,2.5,MeCN,35.6358973749064,9062481.0
5121,Potassium quinoline-6-trifluoroborate,"1g, 6-BF3K-Q",1,0.0004,"2d, Bromide",1,Pd(OAc)2,0.0625,XPhos,0.125,KOH,2.5,MeCN,51.2880401731898,12442083.0
5122,Potassium quinoline-6-trifluoroborate,"1g, 6-BF3K-Q",1,0.0004,"2d, Bromide",1,Pd(OAc)2,0.0625,dppf,0.125,KOH,2.5,MeCN,0.0,730928.6875
5123,Potassium quinoline-6-trifluoroborate,"1g, 6-BF3K-Q",1,0.0004,"2d, Bromide",1,Pd(OAc)2,0.0625,Xantphos,0.125,KOH,2.5,MeCN,0.0,673463.3125
5124,Potassium quinoline-6-trifluoroborate,"1g, 6-BF3K-Q",1,0.0004,"2d, Bromide",1,Pd(OAc)2,0.0625,,,KOH,2.5,MeCN,40.9753331979291,12870961.0
5125,Potassium quinoline-6-trifluoroborate,"1g, 6-BF3K-Q",1,0.0004,"2d, Bromide",1,Pd(OAc)2,0.0625,P(tBu)3,0.125,LiOtBu,2.5,MeCN,66.9766759933163,13756090.0
5126,Potassium quinoline-6-trifluoroborate,"1g, 6-BF3K-Q",1,0.0004,"2d, Bromide",1,Pd(OAc)2,0.0625,P(Ph)3 ,0.125,LiOtBu,2.5,MeCN,59.6888669969646,9267333.0
5127,Potassium quinoline-6-trifluoroborate,"1g, 6-BF3K-Q",1,0.0004,"2d, Bromide",1,Pd(OAc)2,0.0625,AmPhos,0.125,LiOtBu,2.5,MeCN,62.5110088484946,11982490.0
5128,Potassium quinoline-6-trifluoroborate,"1g, 6-BF3K-Q",1,0.0004,"2d, Bromide",1,Pd(OAc)2,0.0625,P(Cy)3,0.125,LiOtBu,2.5,MeCN,59.3600080452804,11379996.0
5129,Potassium quinoline-6-trifluoroborate,"1g, 6-BF3K-Q",1,0.0004,"2d, Bromide",1,Pd(OAc)2,0.0625,P(o-Tol)3,0.125,LiOtBu,2.5,MeCN,59.9363161720667,11643863.0
5130,Potassium quinoline-6-trifluoroborate,"1g, 6-BF3K-Q",1,0.0004,"2d, Bromide",1,Pd(OAc)2,0.0625,CataCXium A,0.125,LiOtBu,2.5,MeCN,60.6093750375786,6997000.0
5131,Potassium quinoline-6-trifluoroborate,"1g, 6-BF3K-Q",1,0.0004,"2d, Bromide",1,Pd(OAc)2,0.0625,SPhos,0.125,LiOtBu,2.5,MeCN,62.3169189690616,10969125.0
5132,Potassium quinoline-6-trifluoroborate,"1g, 6-BF3K-Q",1,0.0004,"2d, Bromide",1,Pd(OAc)2,0.0625,dtbpf,0.125,LiOtBu,2.5,MeCN,40.9634577585403,8451484.0
5133,Potassium quinoline-6-trifluoroborate,"1g, 6-BF3K-Q",1,0.0004,"2d, Bromide",1,Pd(OAc)2,0.0625,XPhos,0.125,LiOtBu,2.5,MeCN,59.4490457613426,11916497.0
5134,Potassium quinoline-6-trifluoroborate,"1g, 6-BF3K-Q",1,0.0004,"2d, Bromide",1,Pd(OAc)2,0.0625,dppf,0.125,LiOtBu,2.5,MeCN,0.0,687685.75
5135,Potassium quinoline-6-trifluoroborate,"1g, 6-BF3K-Q",1,0.0004,"2d, Bromide",1,Pd(OAc)2,0.0625,Xantphos,0.125,LiOtBu,2.5,MeCN,0.0,484255.25
5136,Potassium quinoline-6-trifluoroborate,"1g, 6-BF3K-Q",1,0.0004,"2d, Bromide",1,Pd(OAc)2,0.0625,,,LiOtBu,2.5,MeCN,38.51474702517,10281655.0
5137,Potassium quinoline-6-trifluoroborate,"1g, 6-BF3K-Q",1,0.0004,"2d, Bromide",1,Pd(OAc)2,0.0625,P(tBu)3,0.125,NaHCO3,2.5,MeCN,66.8356248728526,14638774.0
5138,Potassium quinoline-6-trifluoroborate,"1g, 6-BF3K-Q",1,0.0004,"2d, Bromide",1,Pd(OAc)2,0.0625,P(Ph)3 ,0.125,NaHCO3,2.5,MeCN,63.3332718059195,11814584.0
5139,Potassium quinoline-6-trifluoroborate,"1g, 6-BF3K-Q",1,0.0004,"2d, Bromide",1,Pd(OAc)2,0.0625,AmPhos,0.125,NaHCO3,2.5,MeCN,71.9988439603713,11858595.0
5140,Potassium quinoline-6-trifluoroborate,"1g, 6-BF3K-Q",1,0.0004,"2d, Bromide",1,Pd(OAc)2,0.0625,P(Cy)3,0.125,NaHCO3,2.5,MeCN,56.6573862150855,9439268.0
5141,Potassium quinoline-6-trifluoroborate,"1g, 6-BF3K-Q",1,0.0004,"2d, Bromide",1,Pd(OAc)2,0.0625,P(o-Tol)3,0.125,NaHCO3,2.5,MeCN,54.8356506680669,10867444.0
5142,Potassium quinoline-6-trifluoroborate,"1g, 6-BF3K-Q",1,0.0004,"2d, Bromide",1,Pd(OAc)2,0.0625,CataCXium A,0.125,NaHCO3,2.5,MeCN,64.8175070839724,7253397.5
5143,Potassium quinoline-6-trifluoroborate,"1g, 6-BF3K-Q",1,0.0004,"2d, Bromide",1,Pd(OAc)2,0.0625,SPhos,0.125,NaHCO3,2.5,MeCN,81.8166481057112,10298772.0
5144,Potassium quinoline-6-trifluoroborate,"1g, 6-BF3K-Q",1,0.0004,"2d, Bromide",1,Pd(OAc)2,0.0625,dtbpf,0.125,NaHCO3,2.5,MeCN,32.7623597861794,7337200.5
5145,Potassium quinoline-6-trifluoroborate,"1g, 6-BF3K-Q",1,0.0004,"2d, Bromide",1,Pd(OAc)2,0.0625,XPhos,0.125,NaHCO3,2.5,MeCN,52.0539604739311,9314684.0
5146,Potassium quinoline-6-trifluoroborate,"1g, 6-BF3K-Q",1,0.0004,"2d, Bromide",1,Pd(OAc)2,0.0625,dppf,0.125,NaHCO3,2.5,MeCN,0.0,631332.9375
5147,Potassium quinoline-6-trifluoroborate,"1g, 6-BF3K-Q",1,0.0004,"2d, Bromide",1,Pd(OAc)2,0.0625,Xantphos,0.125,NaHCO3,2.5,MeCN,0.0,898904.0625
5148,Potassium quinoline-6-trifluoroborate,"1g, 6-BF3K-Q",1,0.0004,"2d, Bromide",1,Pd(OAc)2,0.0625,,,NaHCO3,2.5,MeCN,58.8729536584047,8212234.0
5149,Potassium quinoline-6-trifluoroborate,"1g, 6-BF3K-Q",1,0.0004,"2d, Bromide",1,Pd(OAc)2,0.0625,P(tBu)3,0.125,Et3N,2.5,MeCN,66.2857103568699,12262039.0
5150,Potassium quinoline-6-trifluoroborate,"1g, 6-BF3K-Q",1,0.0004,"2d, Bromide",1,Pd(OAc)2,0.0625,P(Ph)3 ,0.125,Et3N,2.5,MeCN,59.8055915581325,12420417.0
5151,Potassium quinoline-6-trifluoroborate,"1g, 6-BF3K-Q",1,0.0004,"2d, Bromide",1,Pd(OAc)2,0.0625,AmPhos,0.125,Et3N,2.5,MeCN,69.6928971502578,14341462.0
5152,Potassium quinoline-6-trifluoroborate,"1g, 6-BF3K-Q",1,0.0004,"2d, Bromide",1,Pd(OAc)2,0.0625,P(Cy)3,0.125,Et3N,2.5,MeCN,44.5009535162519,8264855.5
5153,Potassium quinoline-6-trifluoroborate,"1g, 6-BF3K-Q",1,0.0004,"2d, Bromide",1,Pd(OAc)2,0.0625,P(o-Tol)3,0.125,Et3N,2.5,MeCN,48.6312674236379,9305921.0
5154,Potassium quinoline-6-trifluoroborate,"1g, 6-BF3K-Q",1,0.0004,"2d, Bromide",1,Pd(OAc)2,0.0625,CataCXium A,0.125,Et3N,2.5,MeCN,58.3011095513189,6610203.5
5155,Potassium quinoline-6-trifluoroborate,"1g, 6-BF3K-Q",1,0.0004,"2d, Bromide",1,Pd(OAc)2,0.0625,SPhos,0.125,Et3N,2.5,MeCN,52.3417054330053,10696635.0
5156,Potassium quinoline-6-trifluoroborate,"1g, 6-BF3K-Q",1,0.0004,"2d, Bromide",1,Pd(OAc)2,0.0625,dtbpf,0.125,Et3N,2.5,MeCN,36.3539164922321,7054921.5
5157,Potassium quinoline-6-trifluoroborate,"1g, 6-BF3K-Q",1,0.0004,"2d, Bromide",1,Pd(OAc)2,0.0625,XPhos,0.125,Et3N,2.5,MeCN,39.4873666531023,7395826.5
5158,Potassium quinoline-6-trifluoroborate,"1g, 6-BF3K-Q",1,0.0004,"2d, Bromide",1,Pd(OAc)2,0.0625,dppf,0.125,Et3N,2.5,MeCN,33.1344773339763,2893816.25
5159,Potassium quinoline-6-trifluoroborate,"1g, 6-BF3K-Q",1,0.0004,"2d, Bromide",1,Pd(OAc)2,0.0625,Xantphos,0.125,Et3N,2.5,MeCN,0.0,871112.75
5160,Potassium quinoline-6-trifluoroborate,"1g, 6-BF3K-Q",1,0.0004,"2d, Bromide",1,Pd(OAc)2,0.0625,,,Et3N,2.5,MeCN,28.5830764255571,5384516.0
5161,Potassium quinoline-6-trifluoroborate,"1g, 6-BF3K-Q",1,0.0004,"2d, Bromide",1,Pd(OAc)2,0.0625,P(tBu)3,0.125,CsF,2.5,MeCN,47.7477732686522,9844690.0
5162,Potassium quinoline-6-trifluoroborate,"1g, 6-BF3K-Q",1,0.0004,"2d, Bromide",1,Pd(OAc)2,0.0625,P(Ph)3 ,0.125,CsF,2.5,MeCN,57.0620592902954,9390339.0
5163,Potassium quinoline-6-trifluoroborate,"1g, 6-BF3K-Q",1,0.0004,"2d, Bromide",1,Pd(OAc)2,0.0625,AmPhos,0.125,CsF,2.5,MeCN,63.3308927929793,13722896.0
5164,Potassium quinoline-6-trifluoroborate,"1g, 6-BF3K-Q",1,0.0004,"2d, Bromide",1,Pd(OAc)2,0.0625,P(Cy)3,0.125,CsF,2.5,MeCN,23.6111626774262,5852120.0
5165,Potassium quinoline-6-trifluoroborate,"1g, 6-BF3K-Q",1,0.0004,"2d, Bromide",1,Pd(OAc)2,0.0625,P(o-Tol)3,0.125,CsF,2.5,MeCN,46.9481478551274,10298215.0
5166,Potassium quinoline-6-trifluoroborate,"1g, 6-BF3K-Q",1,0.0004,"2d, Bromide",1,Pd(OAc)2,0.0625,CataCXium A,0.125,CsF,2.5,MeCN,62.5839394967693,9727806.0
5167,Potassium quinoline-6-trifluoroborate,"1g, 6-BF3K-Q",1,0.0004,"2d, Bromide",1,Pd(OAc)2,0.0625,SPhos,0.125,CsF,2.5,MeCN,46.8678440192968,9814719.0
5168,Potassium quinoline-6-trifluoroborate,"1g, 6-BF3K-Q",1,0.0004,"2d, Bromide",1,Pd(OAc)2,0.0625,dtbpf,0.125,CsF,2.5,MeCN,40.6614639593331,9688023.0
5169,Potassium quinoline-6-trifluoroborate,"1g, 6-BF3K-Q",1,0.0004,"2d, Bromide",1,Pd(OAc)2,0.0625,XPhos,0.125,CsF,2.5,MeCN,0.0,9395378.0
5170,Potassium quinoline-6-trifluoroborate,"1g, 6-BF3K-Q",1,0.0004,"2d, Bromide",1,Pd(OAc)2,0.0625,dppf,0.125,CsF,2.5,MeCN,0.0,649502.0
5171,Potassium quinoline-6-trifluoroborate,"1g, 6-BF3K-Q",1,0.0004,"2d, Bromide",1,Pd(OAc)2,0.0625,Xantphos,0.125,CsF,2.5,MeCN,0.0,585259.5
5172,Potassium quinoline-6-trifluoroborate,"1g, 6-BF3K-Q",1,0.0004,"2d, Bromide",1,Pd(OAc)2,0.0625,,,CsF,2.5,MeCN,21.9412475116018,4819122.0
5173,Potassium quinoline-6-trifluoroborate,"1g, 6-BF3K-Q",1,0.0004,"2d, Bromide",1,Pd(OAc)2,0.0625,P(tBu)3,0.125,K3PO4,2.5,MeCN,57.0784834531423,12850789.0
5174,Potassium quinoline-6-trifluoroborate,"1g, 6-BF3K-Q",1,0.0004,"2d, Bromide",1,Pd(OAc)2,0.0625,P(Ph)3 ,0.125,K3PO4,2.5,MeCN,55.831659284213,11756526.0
5175,Potassium quinoline-6-trifluoroborate,"1g, 6-BF3K-Q",1,0.0004,"2d, Bromide",1,Pd(OAc)2,0.0625,AmPhos,0.125,K3PO4,2.5,MeCN,61.3206351910101,13408452.0
5176,Potassium quinoline-6-trifluoroborate,"1g, 6-BF3K-Q",1,0.0004,"2d, Bromide",1,Pd(OAc)2,0.0625,P(Cy)3,0.125,K3PO4,2.5,MeCN,0.0,3738022.0
5177,Potassium quinoline-6-trifluoroborate,"1g, 6-BF3K-Q",1,0.0004,"2d, Bromide",1,Pd(OAc)2,0.0625,P(o-Tol)3,0.125,K3PO4,2.5,MeCN,35.3093997064567,8623671.0
5178,Potassium quinoline-6-trifluoroborate,"1g, 6-BF3K-Q",1,0.0004,"2d, Bromide",1,Pd(OAc)2,0.0625,CataCXium A,0.125,K3PO4,2.5,MeCN,0.0,8439898.0
5179,Potassium quinoline-6-trifluoroborate,"1g, 6-BF3K-Q",1,0.0004,"2d, Bromide",1,Pd(OAc)2,0.0625,SPhos,0.125,K3PO4,2.5,MeCN,46.7093529068898,11411457.0
5180,Potassium quinoline-6-trifluoroborate,"1g, 6-BF3K-Q",1,0.0004,"2d, Bromide",1,Pd(OAc)2,0.0625,dtbpf,0.125,K3PO4,2.5,MeCN,0.0,4293847.5
5181,Potassium quinoline-6-trifluoroborate,"1g, 6-BF3K-Q",1,0.0004,"2d, Bromide",1,Pd(OAc)2,0.0625,XPhos,0.125,K3PO4,2.5,MeCN,0.0,7431450.0
5182,Potassium quinoline-6-trifluoroborate,"1g, 6-BF3K-Q",1,0.0004,"2d, Bromide",1,Pd(OAc)2,0.0625,dppf,0.125,K3PO4,2.5,MeCN,0.0,576868.4375
5183,Potassium quinoline-6-trifluoroborate,"1g, 6-BF3K-Q",1,0.0004,"2d, Bromide",1,Pd(OAc)2,0.0625,Xantphos,0.125,K3PO4,2.5,MeCN,0.0,510423.8125
5184,Potassium quinoline-6-trifluoroborate,"1g, 6-BF3K-Q",1,0.0004,"2d, Bromide",1,Pd(OAc)2,0.0625,,,K3PO4,2.5,MeCN,37.9586480460289,7790460.5
5185,Potassium quinoline-6-trifluoroborate,"1g, 6-BF3K-Q",1,0.0004,"2d, Bromide",1,Pd(OAc)2,0.0625,P(tBu)3,0.125,,2.5,THF,0.0,2385792.25
5186,Potassium quinoline-6-trifluoroborate,"1g, 6-BF3K-Q",1,0.0004,"2d, Bromide",1,Pd(OAc)2,0.0625,P(Ph)3 ,0.125,,2.5,THF,0.0,3123783.0
5187,Potassium quinoline-6-trifluoroborate,"1g, 6-BF3K-Q",1,0.0004,"2d, Bromide",1,Pd(OAc)2,0.0625,AmPhos,0.125,,2.5,THF,25.3645588350467,8235445.0
5188,Potassium quinoline-6-trifluoroborate,"1g, 6-BF3K-Q",1,0.0004,"2d, Bromide",1,Pd(OAc)2,0.0625,P(Cy)3,0.125,,2.5,THF,22.4895529546653,4406528.5
5189,Potassium quinoline-6-trifluoroborate,"1g, 6-BF3K-Q",1,0.0004,"2d, Bromide",1,Pd(OAc)2,0.0625,P(o-Tol)3,0.125,,2.5,THF,31.0557218351055,6783614.5
5190,Potassium quinoline-6-trifluoroborate,"1g, 6-BF3K-Q",1,0.0004,"2d, Bromide",1,Pd(OAc)2,0.0625,CataCXium A,0.125,,2.5,THF,53.1954505975985,4180841.5
5191,Potassium quinoline-6-trifluoroborate,"1g, 6-BF3K-Q",1,0.0004,"2d, Bromide",1,Pd(OAc)2,0.0625,SPhos,0.125,,2.5,THF,32.5901247268989,6813478.0
5192,Potassium quinoline-6-trifluoroborate,"1g, 6-BF3K-Q",1,0.0004,"2d, Bromide",1,Pd(OAc)2,0.0625,dtbpf,0.125,,2.5,THF,40.9918930519913,13924505.0
5193,Potassium quinoline-6-trifluoroborate,"1g, 6-BF3K-Q",1,0.0004,"2d, Bromide",1,Pd(OAc)2,0.0625,XPhos,0.125,,2.5,THF,26.9657211156278,6778120.0
5194,Potassium quinoline-6-trifluoroborate,"1g, 6-BF3K-Q",1,0.0004,"2d, Bromide",1,Pd(OAc)2,0.0625,dppf,0.125,,2.5,THF,30.6195215466143,5349060.5
5195,Potassium quinoline-6-trifluoroborate,"1g, 6-BF3K-Q",1,0.0004,"2d, Bromide",1,Pd(OAc)2,0.0625,Xantphos,0.125,,2.5,THF,0.0,904958.9375
5196,Potassium quinoline-6-trifluoroborate,"1g, 6-BF3K-Q",1,0.0004,"2d, Bromide",1,Pd(OAc)2,0.0625,,,,2.5,THF,21.1819791799418,4832636.0
5197,Potassium quinoline-6-trifluoroborate,"1g, 6-BF3K-Q",1,0.0004,"2d, Bromide",1,Pd(OAc)2,0.0625,P(tBu)3,0.125,NaOH,2.5,THF,29.1352764645515,6520479.5
5198,Potassium quinoline-6-trifluoroborate,"1g, 6-BF3K-Q",1,0.0004,"2d, Bromide",1,Pd(OAc)2,0.0625,P(Ph)3 ,0.125,NaOH,2.5,THF,35.6453169996179,8783331.0
5199,Potassium quinoline-6-trifluoroborate,"1g, 6-BF3K-Q",1,0.0004,"2d, Bromide",1,Pd(OAc)2,0.0625,AmPhos,0.125,NaOH,2.5,THF,41.5918482266529,12154582.0
5200,Potassium quinoline-6-trifluoroborate,"1g, 6-BF3K-Q",1,0.0004,"2d, Bromide",1,Pd(OAc)2,0.0625,P(Cy)3,0.125,NaOH,2.5,THF,26.9356940353174,6797170.0
5201,Potassium quinoline-6-trifluoroborate,"1g, 6-BF3K-Q",1,0.0004,"2d, Bromide",1,Pd(OAc)2,0.0625,P(o-Tol)3,0.125,NaOH,2.5,THF,28.274451454514,6284814.5
5202,Potassium quinoline-6-trifluoroborate,"1g, 6-BF3K-Q",1,0.0004,"2d, Bromide",1,Pd(OAc)2,0.0625,CataCXium A,0.125,NaOH,2.5,THF,39.4799131708278,7366154.5
5203,Potassium quinoline-6-trifluoroborate,"1g, 6-BF3K-Q",1,0.0004,"2d, Bromide",1,Pd(OAc)2,0.0625,SPhos,0.125,NaOH,2.5,THF,27.913139696793,6864554.5
5204,Potassium quinoline-6-trifluoroborate,"1g, 6-BF3K-Q",1,0.0004,"2d, Bromide",1,Pd(OAc)2,0.0625,dtbpf,0.125,NaOH,2.5,THF,46.4133269629687,16425150.0
5205,Potassium quinoline-6-trifluoroborate,"1g, 6-BF3K-Q",1,0.0004,"2d, Bromide",1,Pd(OAc)2,0.0625,XPhos,0.125,NaOH,2.5,THF,0.0,0.0
5206,Potassium quinoline-6-trifluoroborate,"1g, 6-BF3K-Q",1,0.0004,"2d, Bromide",1,Pd(OAc)2,0.0625,dppf,0.125,NaOH,2.5,THF,28.0102716113553,3154651.25
5207,Potassium quinoline-6-trifluoroborate,"1g, 6-BF3K-Q",1,0.0004,"2d, Bromide",1,Pd(OAc)2,0.0625,Xantphos,0.125,NaOH,2.5,THF,0.0,678111.125
5208,Potassium quinoline-6-trifluoroborate,"1g, 6-BF3K-Q",1,0.0004,"2d, Bromide",1,Pd(OAc)2,0.0625,,,NaOH,2.5,THF,28.8076256742924,10330629.0
5209,Potassium quinoline-6-trifluoroborate,"1g, 6-BF3K-Q",1,0.0004,"2d, Bromide",1,Pd(OAc)2,0.0625,P(tBu)3,0.125,KOH,2.5,THF,42.2331091959298,11619626.0
5210,Potassium quinoline-6-trifluoroborate,"1g, 6-BF3K-Q",1,0.0004,"2d, Bromide",1,Pd(OAc)2,0.0625,P(Ph)3 ,0.125,KOH,2.5,THF,39.3401110032604,12790131.0
5211,Potassium quinoline-6-trifluoroborate,"1g, 6-BF3K-Q",1,0.0004,"2d, Bromide",1,Pd(OAc)2,0.0625,AmPhos,0.125,KOH,2.5,THF,33.064998308048,9899353.0
5212,Potassium quinoline-6-trifluoroborate,"1g, 6-BF3K-Q",1,0.0004,"2d, Bromide",1,Pd(OAc)2,0.0625,P(Cy)3,0.125,KOH,2.5,THF,26.7147754460796,6219218.0
5213,Potassium quinoline-6-trifluoroborate,"1g, 6-BF3K-Q",1,0.0004,"2d, Bromide",1,Pd(OAc)2,0.0625,P(o-Tol)3,0.125,KOH,2.5,THF,33.4095498405342,9346873.0
5214,Potassium quinoline-6-trifluoroborate,"1g, 6-BF3K-Q",1,0.0004,"2d, Bromide",1,Pd(OAc)2,0.0625,CataCXium A,0.125,KOH,2.5,THF,47.9493168732983,11535932.0
5215,Potassium quinoline-6-trifluoroborate,"1g, 6-BF3K-Q",1,0.0004,"2d, Bromide",1,Pd(OAc)2,0.0625,SPhos,0.125,KOH,2.5,THF,34.321208683027,9258670.0
5216,Potassium quinoline-6-trifluoroborate,"1g, 6-BF3K-Q",1,0.0004,"2d, Bromide",1,Pd(OAc)2,0.0625,dtbpf,0.125,KOH,2.5,THF,47.2758398404752,16547679.0
5217,Potassium quinoline-6-trifluoroborate,"1g, 6-BF3K-Q",1,0.0004,"2d, Bromide",1,Pd(OAc)2,0.0625,XPhos,0.125,KOH,2.5,THF,31.9666445944624,9259489.0
5218,Potassium quinoline-6-trifluoroborate,"1g, 6-BF3K-Q",1,0.0004,"2d, Bromide",1,Pd(OAc)2,0.0625,dppf,0.125,KOH,2.5,THF,30.5655218281944,4538812.0
5219,Potassium quinoline-6-trifluoroborate,"1g, 6-BF3K-Q",1,0.0004,"2d, Bromide",1,Pd(OAc)2,0.0625,Xantphos,0.125,KOH,2.5,THF,0.0,1544491.0
5220,Potassium quinoline-6-trifluoroborate,"1g, 6-BF3K-Q",1,0.0004,"2d, Bromide",1,Pd(OAc)2,0.0625,,,KOH,2.5,THF,28.565686601064,9316859.0
5221,Potassium quinoline-6-trifluoroborate,"1g, 6-BF3K-Q",1,0.0004,"2d, Bromide",1,Pd(OAc)2,0.0625,P(tBu)3,0.125,LiOtBu,2.5,THF,44.1337441153065,11166273.0
5222,Potassium quinoline-6-trifluoroborate,"1g, 6-BF3K-Q",1,0.0004,"2d, Bromide",1,Pd(OAc)2,0.0625,P(Ph)3 ,0.125,LiOtBu,2.5,THF,38.9121975416543,11871404.0
5223,Potassium quinoline-6-trifluoroborate,"1g, 6-BF3K-Q",1,0.0004,"2d, Bromide",1,Pd(OAc)2,0.0625,AmPhos,0.125,LiOtBu,2.5,THF,40.1432339226419,11177458.0
5224,Potassium quinoline-6-trifluoroborate,"1g, 6-BF3K-Q",1,0.0004,"2d, Bromide",1,Pd(OAc)2,0.0625,P(Cy)3,0.125,LiOtBu,2.5,THF,29.2426853091284,9262372.0
5225,Potassium quinoline-6-trifluoroborate,"1g, 6-BF3K-Q",1,0.0004,"2d, Bromide",1,Pd(OAc)2,0.0625,P(o-Tol)3,0.125,LiOtBu,2.5,THF,34.8509282639488,10564831.0
5226,Potassium quinoline-6-trifluoroborate,"1g, 6-BF3K-Q",1,0.0004,"2d, Bromide",1,Pd(OAc)2,0.0625,CataCXium A,0.125,LiOtBu,2.5,THF,38.8891215380803,7997550.5
5227,Potassium quinoline-6-trifluoroborate,"1g, 6-BF3K-Q",1,0.0004,"2d, Bromide",1,Pd(OAc)2,0.0625,SPhos,0.125,LiOtBu,2.5,THF,24.7311804295758,7242678.5
5228,Potassium quinoline-6-trifluoroborate,"1g, 6-BF3K-Q",1,0.0004,"2d, Bromide",1,Pd(OAc)2,0.0625,dtbpf,0.125,LiOtBu,2.5,THF,42.8219234754758,15029124.0
5229,Potassium quinoline-6-trifluoroborate,"1g, 6-BF3K-Q",1,0.0004,"2d, Bromide",1,Pd(OAc)2,0.0625,XPhos,0.125,LiOtBu,2.5,THF,29.502820801423,8974429.0
5230,Potassium quinoline-6-trifluoroborate,"1g, 6-BF3K-Q",1,0.0004,"2d, Bromide",1,Pd(OAc)2,0.0625,dppf,0.125,LiOtBu,2.5,THF,0.0,937826.6875
5231,Potassium quinoline-6-trifluoroborate,"1g, 6-BF3K-Q",1,0.0004,"2d, Bromide",1,Pd(OAc)2,0.0625,Xantphos,0.125,LiOtBu,2.5,THF,0.0,311406.71875
5232,Potassium quinoline-6-trifluoroborate,"1g, 6-BF3K-Q",1,0.0004,"2d, Bromide",1,Pd(OAc)2,0.0625,,,LiOtBu,2.5,THF,23.6924583665896,8988129.0
5233,Potassium quinoline-6-trifluoroborate,"1g, 6-BF3K-Q",1,0.0004,"2d, Bromide",1,Pd(OAc)2,0.0625,P(tBu)3,0.125,NaHCO3,2.5,THF,51.9166647506828,14005402.0
5234,Potassium quinoline-6-trifluoroborate,"1g, 6-BF3K-Q",1,0.0004,"2d, Bromide",1,Pd(OAc)2,0.0625,P(Ph)3 ,0.125,NaHCO3,2.5,THF,0.0,12140613.0
5235,Potassium quinoline-6-trifluoroborate,"1g, 6-BF3K-Q",1,0.0004,"2d, Bromide",1,Pd(OAc)2,0.0625,AmPhos,0.125,NaHCO3,2.5,THF,57.5563303281221,16152362.0
5236,Potassium quinoline-6-trifluoroborate,"1g, 6-BF3K-Q",1,0.0004,"2d, Bromide",1,Pd(OAc)2,0.0625,P(Cy)3,0.125,NaHCO3,2.5,THF,42.0165349363745,14765232.0
5237,Potassium quinoline-6-trifluoroborate,"1g, 6-BF3K-Q",1,0.0004,"2d, Bromide",1,Pd(OAc)2,0.0625,P(o-Tol)3,0.125,NaHCO3,2.5,THF,43.1207393100559,12212109.0
5238,Potassium quinoline-6-trifluoroborate,"1g, 6-BF3K-Q",1,0.0004,"2d, Bromide",1,Pd(OAc)2,0.0625,CataCXium A,0.125,NaHCO3,2.5,THF,59.2022986372636,15291847.0
5239,Potassium quinoline-6-trifluoroborate,"1g, 6-BF3K-Q",1,0.0004,"2d, Bromide",1,Pd(OAc)2,0.0625,SPhos,0.125,NaHCO3,2.5,THF,35.0713567750831,10252417.0
5240,Potassium quinoline-6-trifluoroborate,"1g, 6-BF3K-Q",1,0.0004,"2d, Bromide",1,Pd(OAc)2,0.0625,dtbpf,0.125,NaHCO3,2.5,THF,53.5045838122049,18200372.0
5241,Potassium quinoline-6-trifluoroborate,"1g, 6-BF3K-Q",1,0.0004,"2d, Bromide",1,Pd(OAc)2,0.0625,XPhos,0.125,NaHCO3,2.5,THF,32.6397920045409,8882097.0
5242,Potassium quinoline-6-trifluoroborate,"1g, 6-BF3K-Q",1,0.0004,"2d, Bromide",1,Pd(OAc)2,0.0625,dppf,0.125,NaHCO3,2.5,THF,42.4995129057201,8916631.0
5243,Potassium quinoline-6-trifluoroborate,"1g, 6-BF3K-Q",1,0.0004,"2d, Bromide",1,Pd(OAc)2,0.0625,Xantphos,0.125,NaHCO3,2.5,THF,0.0,788427.75
5244,Potassium quinoline-6-trifluoroborate,"1g, 6-BF3K-Q",1,0.0004,"2d, Bromide",1,Pd(OAc)2,0.0625,,,NaHCO3,2.5,THF,29.8014983830232,10290562.0
5245,Potassium quinoline-6-trifluoroborate,"1g, 6-BF3K-Q",1,0.0004,"2d, Bromide",1,Pd(OAc)2,0.0625,P(tBu)3,0.125,Et3N,2.5,THF,40.9741198660857,11177522.0
5246,Potassium quinoline-6-trifluoroborate,"1g, 6-BF3K-Q",1,0.0004,"2d, Bromide",1,Pd(OAc)2,0.0625,P(Ph)3 ,0.125,Et3N,2.5,THF,46.1211887118985,15351064.0
5247,Potassium quinoline-6-trifluoroborate,"1g, 6-BF3K-Q",1,0.0004,"2d, Bromide",1,Pd(OAc)2,0.0625,AmPhos,0.125,Et3N,2.5,THF,47.2310655937922,12931300.0
5248,Potassium quinoline-6-trifluoroborate,"1g, 6-BF3K-Q",1,0.0004,"2d, Bromide",1,Pd(OAc)2,0.0625,P(Cy)3,0.125,Et3N,2.5,THF,25.2470795056581,7296845.5
5249,Potassium quinoline-6-trifluoroborate,"1g, 6-BF3K-Q",1,0.0004,"2d, Bromide",1,Pd(OAc)2,0.0625,P(o-Tol)3,0.125,Et3N,2.5,THF,36.3134829121972,9577186.0
5250,Potassium quinoline-6-trifluoroborate,"1g, 6-BF3K-Q",1,0.0004,"2d, Bromide",1,Pd(OAc)2,0.0625,CataCXium A,0.125,Et3N,2.5,THF,52.6083563735873,11950452.0
5251,Potassium quinoline-6-trifluoroborate,"1g, 6-BF3K-Q",1,0.0004,"2d, Bromide",1,Pd(OAc)2,0.0625,SPhos,0.125,Et3N,2.5,THF,38.7773244602065,9155369.0
5252,Potassium quinoline-6-trifluoroborate,"1g, 6-BF3K-Q",1,0.0004,"2d, Bromide",1,Pd(OAc)2,0.0625,dtbpf,0.125,Et3N,2.5,THF,40.6524899970467,10407895.0
5253,Potassium quinoline-6-trifluoroborate,"1g, 6-BF3K-Q",1,0.0004,"2d, Bromide",1,Pd(OAc)2,0.0625,XPhos,0.125,Et3N,2.5,THF,33.413938815419,9372062.0
5254,Potassium quinoline-6-trifluoroborate,"1g, 6-BF3K-Q",1,0.0004,"2d, Bromide",1,Pd(OAc)2,0.0625,dppf,0.125,Et3N,2.5,THF,38.6995428313974,8222867.5
5255,Potassium quinoline-6-trifluoroborate,"1g, 6-BF3K-Q",1,0.0004,"2d, Bromide",1,Pd(OAc)2,0.0625,Xantphos,0.125,Et3N,2.5,THF,0.0,392310.65625
5256,Potassium quinoline-6-trifluoroborate,"1g, 6-BF3K-Q",1,0.0004,"2d, Bromide",1,Pd(OAc)2,0.0625,,,Et3N,2.5,THF,20.7212335370838,3351883.75
5257,Potassium quinoline-6-trifluoroborate,"1g, 6-BF3K-Q",1,0.0004,"2d, Bromide",1,Pd(OAc)2,0.0625,P(tBu)3,0.125,CsF,2.5,THF,33.830231608427,8449610.0
5258,Potassium quinoline-6-trifluoroborate,"1g, 6-BF3K-Q",1,0.0004,"2d, Bromide",1,Pd(OAc)2,0.0625,P(Ph)3 ,0.125,CsF,2.5,THF,39.5625547010457,10251592.0
5259,Potassium quinoline-6-trifluoroborate,"1g, 6-BF3K-Q",1,0.0004,"2d, Bromide",1,Pd(OAc)2,0.0625,AmPhos,0.125,CsF,2.5,THF,46.2507239783349,12511143.0
5260,Potassium quinoline-6-trifluoroborate,"1g, 6-BF3K-Q",1,0.0004,"2d, Bromide",1,Pd(OAc)2,0.0625,P(Cy)3,0.125,CsF,2.5,THF,21.6059151049742,3075867.5
5261,Potassium quinoline-6-trifluoroborate,"1g, 6-BF3K-Q",1,0.0004,"2d, Bromide",1,Pd(OAc)2,0.0625,P(o-Tol)3,0.125,CsF,2.5,THF,28.1404463477474,4946949.5
5262,Potassium quinoline-6-trifluoroborate,"1g, 6-BF3K-Q",1,0.0004,"2d, Bromide",1,Pd(OAc)2,0.0625,CataCXium A,0.125,CsF,2.5,THF,45.1058220720133,10671695.0
5263,Potassium quinoline-6-trifluoroborate,"1g, 6-BF3K-Q",1,0.0004,"2d, Bromide",1,Pd(OAc)2,0.0625,SPhos,0.125,CsF,2.5,THF,33.7940038537166,7301735.0
5264,Potassium quinoline-6-trifluoroborate,"1g, 6-BF3K-Q",1,0.0004,"2d, Bromide",1,Pd(OAc)2,0.0625,dtbpf,0.125,CsF,2.5,THF,41.1401855150197,8703860.0
5265,Potassium quinoline-6-trifluoroborate,"1g, 6-BF3K-Q",1,0.0004,"2d, Bromide",1,Pd(OAc)2,0.0625,XPhos,0.125,CsF,2.5,THF,33.6049054446635,9230048.0
5266,Potassium quinoline-6-trifluoroborate,"1g, 6-BF3K-Q",1,0.0004,"2d, Bromide",1,Pd(OAc)2,0.0625,dppf,0.125,CsF,2.5,THF,34.5321027224,4640937.5
5267,Potassium quinoline-6-trifluoroborate,"1g, 6-BF3K-Q",1,0.0004,"2d, Bromide",1,Pd(OAc)2,0.0625,Xantphos,0.125,CsF,2.5,THF,0.0,1670591.0
5268,Potassium quinoline-6-trifluoroborate,"1g, 6-BF3K-Q",1,0.0004,"2d, Bromide",1,Pd(OAc)2,0.0625,,,CsF,2.5,THF,27.0004239655068,5517673.5
5269,Potassium quinoline-6-trifluoroborate,"1g, 6-BF3K-Q",1,0.0004,"2d, Bromide",1,Pd(OAc)2,0.0625,P(tBu)3,0.125,K3PO4,2.5,THF,41.7449368747039,10361245.0
5270,Potassium quinoline-6-trifluoroborate,"1g, 6-BF3K-Q",1,0.0004,"2d, Bromide",1,Pd(OAc)2,0.0625,P(Ph)3 ,0.125,K3PO4,2.5,THF,0.0,4004314.25
5271,Potassium quinoline-6-trifluoroborate,"1g, 6-BF3K-Q",1,0.0004,"2d, Bromide",1,Pd(OAc)2,0.0625,AmPhos,0.125,K3PO4,2.5,THF,39.662357581969,8841333.0
5272,Potassium quinoline-6-trifluoroborate,"1g, 6-BF3K-Q",1,0.0004,"2d, Bromide",1,Pd(OAc)2,0.0625,P(Cy)3,0.125,K3PO4,2.5,THF,30.662309778452,6125082.5
5273,Potassium quinoline-6-trifluoroborate,"1g, 6-BF3K-Q",1,0.0004,"2d, Bromide",1,Pd(OAc)2,0.0625,P(o-Tol)3,0.125,K3PO4,2.5,THF,38.5783331989582,12099824.0
5274,Potassium quinoline-6-trifluoroborate,"1g, 6-BF3K-Q",1,0.0004,"2d, Bromide",1,Pd(OAc)2,0.0625,CataCXium A,0.125,K3PO4,2.5,THF,50.818824199483,2511028.0
5275,Potassium quinoline-6-trifluoroborate,"1g, 6-BF3K-Q",1,0.0004,"2d, Bromide",1,Pd(OAc)2,0.0625,SPhos,0.125,K3PO4,2.5,THF,23.9201582783133,2488949.0
5276,Potassium quinoline-6-trifluoroborate,"1g, 6-BF3K-Q",1,0.0004,"2d, Bromide",1,Pd(OAc)2,0.0625,dtbpf,0.125,K3PO4,2.5,THF,43.4161103297815,10099290.0
5277,Potassium quinoline-6-trifluoroborate,"1g, 6-BF3K-Q",1,0.0004,"2d, Bromide",1,Pd(OAc)2,0.0625,XPhos,0.125,K3PO4,2.5,THF,37.6131834144616,11873032.0
5278,Potassium quinoline-6-trifluoroborate,"1g, 6-BF3K-Q",1,0.0004,"2d, Bromide",1,Pd(OAc)2,0.0625,dppf,0.125,K3PO4,2.5,THF,36.4049032455528,7410442.5
5279,Potassium quinoline-6-trifluoroborate,"1g, 6-BF3K-Q",1,0.0004,"2d, Bromide",1,Pd(OAc)2,0.0625,Xantphos,0.125,K3PO4,2.5,THF,0.0,1193618.375
5280,Potassium quinoline-6-trifluoroborate,"1g, 6-BF3K-Q",1,0.0004,"2d, Bromide",1,Pd(OAc)2,0.0625,,,K3PO4,2.5,THF,19.9764122584977,2745189.25
5281,Potassium quinoline-6-trifluoroborate,"1g, 6-BF3K-Q",1,0.0004,"2d, Bromide",1,Pd(OAc)2,0.0625,P(tBu)3,0.125,,2.5,DMF,33.7890098837487,7138271.0
5282,Potassium quinoline-6-trifluoroborate,"1g, 6-BF3K-Q",1,0.0004,"2d, Bromide",1,Pd(OAc)2,0.0625,P(Ph)3 ,0.125,,2.5,DMF,54.4272475100811,14205624.0
5283,Potassium quinoline-6-trifluoroborate,"1g, 6-BF3K-Q",1,0.0004,"2d, Bromide",1,Pd(OAc)2,0.0625,AmPhos,0.125,,2.5,DMF,49.3507250916787,11781180.0
5284,Potassium quinoline-6-trifluoroborate,"1g, 6-BF3K-Q",1,0.0004,"2d, Bromide",1,Pd(OAc)2,0.0625,P(Cy)3,0.125,,2.5,DMF,29.2652074150692,5943891.0
5285,Potassium quinoline-6-trifluoroborate,"1g, 6-BF3K-Q",1,0.0004,"2d, Bromide",1,Pd(OAc)2,0.0625,P(o-Tol)3,0.125,,2.5,DMF,25.052854766698,8030733.5
5286,Potassium quinoline-6-trifluoroborate,"1g, 6-BF3K-Q",1,0.0004,"2d, Bromide",1,Pd(OAc)2,0.0625,CataCXium A,0.125,,2.5,DMF,58.9034115062089,10365332.0
5287,Potassium quinoline-6-trifluoroborate,"1g, 6-BF3K-Q",1,0.0004,"2d, Bromide",1,Pd(OAc)2,0.0625,SPhos,0.125,,2.5,DMF,0.0,4315422.5
5288,Potassium quinoline-6-trifluoroborate,"1g, 6-BF3K-Q",1,0.0004,"2d, Bromide",1,Pd(OAc)2,0.0625,dtbpf,0.125,,2.5,DMF,47.9751857900665,11991210.0
5289,Potassium quinoline-6-trifluoroborate,"1g, 6-BF3K-Q",1,0.0004,"2d, Bromide",1,Pd(OAc)2,0.0625,XPhos,0.125,,2.5,DMF,0.0,4112719.25
5290,Potassium quinoline-6-trifluoroborate,"1g, 6-BF3K-Q",1,0.0004,"2d, Bromide",1,Pd(OAc)2,0.0625,dppf,0.125,,2.5,DMF,0.0,138286.84375
5291,Potassium quinoline-6-trifluoroborate,"1g, 6-BF3K-Q",1,0.0004,"2d, Bromide",1,Pd(OAc)2,0.0625,Xantphos,0.125,,2.5,DMF,0.0,622325.5625
5292,Potassium quinoline-6-trifluoroborate,"1g, 6-BF3K-Q",1,0.0004,"2d, Bromide",1,Pd(OAc)2,0.0625,,,,2.5,DMF,14.2661818912641,4019668.25
5293,Potassium quinoline-6-trifluoroborate,"1g, 6-BF3K-Q",1,0.0004,"2d, Bromide",1,Pd(OAc)2,0.0625,P(tBu)3,0.125,NaOH,2.5,DMF,0.0,3642242.25
5294,Potassium quinoline-6-trifluoroborate,"1g, 6-BF3K-Q",1,0.0004,"2d, Bromide",1,Pd(OAc)2,0.0625,P(Ph)3 ,0.125,NaOH,2.5,DMF,0.0,3335035.0
5295,Potassium quinoline-6-trifluoroborate,"1g, 6-BF3K-Q",1,0.0004,"2d, Bromide",1,Pd(OAc)2,0.0625,AmPhos,0.125,NaOH,2.5,DMF,25.4690989856331,8700017.0
5296,Potassium quinoline-6-trifluoroborate,"1g, 6-BF3K-Q",1,0.0004,"2d, Bromide",1,Pd(OAc)2,0.0625,P(Cy)3,0.125,NaOH,2.5,DMF,0.0,5540805.5
5297,Potassium quinoline-6-trifluoroborate,"1g, 6-BF3K-Q",1,0.0004,"2d, Bromide",1,Pd(OAc)2,0.0625,P(o-Tol)3,0.125,NaOH,2.5,DMF,0.0,5280289.5
5298,Potassium quinoline-6-trifluoroborate,"1g, 6-BF3K-Q",1,0.0004,"2d, Bromide",1,Pd(OAc)2,0.0625,CataCXium A,0.125,NaOH,2.5,DMF,0.0,2087568.875
5299,Potassium quinoline-6-trifluoroborate,"1g, 6-BF3K-Q",1,0.0004,"2d, Bromide",1,Pd(OAc)2,0.0625,SPhos,0.125,NaOH,2.5,DMF,43.8250898987279,10301012.0
5300,Potassium quinoline-6-trifluoroborate,"1g, 6-BF3K-Q",1,0.0004,"2d, Bromide",1,Pd(OAc)2,0.0625,dtbpf,0.125,NaOH,2.5,DMF,49.886289187077,12095240.0
5301,Potassium quinoline-6-trifluoroborate,"1g, 6-BF3K-Q",1,0.0004,"2d, Bromide",1,Pd(OAc)2,0.0625,XPhos,0.125,NaOH,2.5,DMF,0.0,225665.34375
5302,Potassium quinoline-6-trifluoroborate,"1g, 6-BF3K-Q",1,0.0004,"2d, Bromide",1,Pd(OAc)2,0.0625,dppf,0.125,NaOH,2.5,DMF,0.0,145421.421875
5303,Potassium quinoline-6-trifluoroborate,"1g, 6-BF3K-Q",1,0.0004,"2d, Bromide",1,Pd(OAc)2,0.0625,Xantphos,0.125,NaOH,2.5,DMF,0.0,96733.53125
5304,Potassium quinoline-6-trifluoroborate,"1g, 6-BF3K-Q",1,0.0004,"2d, Bromide",1,Pd(OAc)2,0.0625,,,NaOH,2.5,DMF,0.0,389002.1875
5305,Potassium quinoline-6-trifluoroborate,"1g, 6-BF3K-Q",1,0.0004,"2d, Bromide",1,Pd(OAc)2,0.0625,P(tBu)3,0.125,KOH,2.5,DMF,0.0,353866.03125
5306,Potassium quinoline-6-trifluoroborate,"1g, 6-BF3K-Q",1,0.0004,"2d, Bromide",1,Pd(OAc)2,0.0625,P(Ph)3 ,0.125,KOH,2.5,DMF,52.9371751551838,4414638.0
5307,Potassium quinoline-6-trifluoroborate,"1g, 6-BF3K-Q",1,0.0004,"2d, Bromide",1,Pd(OAc)2,0.0625,AmPhos,0.125,KOH,2.5,DMF,0.0,2115571.5
5308,Potassium quinoline-6-trifluoroborate,"1g, 6-BF3K-Q",1,0.0004,"2d, Bromide",1,Pd(OAc)2,0.0625,P(Cy)3,0.125,KOH,2.5,DMF,0.0,5664494.5
5309,Potassium quinoline-6-trifluoroborate,"1g, 6-BF3K-Q",1,0.0004,"2d, Bromide",1,Pd(OAc)2,0.0625,P(o-Tol)3,0.125,KOH,2.5,DMF,47.4294033624065,11212296.0
5310,Potassium quinoline-6-trifluoroborate,"1g, 6-BF3K-Q",1,0.0004,"2d, Bromide",1,Pd(OAc)2,0.0625,CataCXium A,0.125,KOH,2.5,DMF,0.0,2531855.0
5311,Potassium quinoline-6-trifluoroborate,"1g, 6-BF3K-Q",1,0.0004,"2d, Bromide",1,Pd(OAc)2,0.0625,SPhos,0.125,KOH,2.5,DMF,0.0,2665204.25
5312,Potassium quinoline-6-trifluoroborate,"1g, 6-BF3K-Q",1,0.0004,"2d, Bromide",1,Pd(OAc)2,0.0625,dtbpf,0.125,KOH,2.5,DMF,0.0,5040916.5
5313,Potassium quinoline-6-trifluoroborate,"1g, 6-BF3K-Q",1,0.0004,"2d, Bromide",1,Pd(OAc)2,0.0625,XPhos,0.125,KOH,2.5,DMF,0.0,132542.796875
5314,Potassium quinoline-6-trifluoroborate,"1g, 6-BF3K-Q",1,0.0004,"2d, Bromide",1,Pd(OAc)2,0.0625,dppf,0.125,KOH,2.5,DMF,0.0,257184.390625
5315,Potassium quinoline-6-trifluoroborate,"1g, 6-BF3K-Q",1,0.0004,"2d, Bromide",1,Pd(OAc)2,0.0625,Xantphos,0.125,KOH,2.5,DMF,0.0,209058.484375
5316,Potassium quinoline-6-trifluoroborate,"1g, 6-BF3K-Q",1,0.0004,"2d, Bromide",1,Pd(OAc)2,0.0625,,,KOH,2.5,DMF,22.686721998969,9708617.0
5317,Potassium quinoline-6-trifluoroborate,"1g, 6-BF3K-Q",1,0.0004,"2d, Bromide",1,Pd(OAc)2,0.0625,P(tBu)3,0.125,LiOtBu,2.5,DMF,27.8654430088563,6279264.0
5318,Potassium quinoline-6-trifluoroborate,"1g, 6-BF3K-Q",1,0.0004,"2d, Bromide",1,Pd(OAc)2,0.0625,P(Ph)3 ,0.125,LiOtBu,2.5,DMF,23.0006247643433,6076423.5
5319,Potassium quinoline-6-trifluoroborate,"1g, 6-BF3K-Q",1,0.0004,"2d, Bromide",1,Pd(OAc)2,0.0625,AmPhos,0.125,LiOtBu,2.5,DMF,18.545030867032,6527385.5
5320,Potassium quinoline-6-trifluoroborate,"1g, 6-BF3K-Q",1,0.0004,"2d, Bromide",1,Pd(OAc)2,0.0625,P(Cy)3,0.125,LiOtBu,2.5,DMF,25.3658142923221,5876713.5
5321,Potassium quinoline-6-trifluoroborate,"1g, 6-BF3K-Q",1,0.0004,"2d, Bromide",1,Pd(OAc)2,0.0625,P(o-Tol)3,0.125,LiOtBu,2.5,DMF,38.3959816871218,9643882.0
5322,Potassium quinoline-6-trifluoroborate,"1g, 6-BF3K-Q",1,0.0004,"2d, Bromide",1,Pd(OAc)2,0.0625,CataCXium A,0.125,LiOtBu,2.5,DMF,32.9062049591838,3897238.5
5323,Potassium quinoline-6-trifluoroborate,"1g, 6-BF3K-Q",1,0.0004,"2d, Bromide",1,Pd(OAc)2,0.0625,SPhos,0.125,LiOtBu,2.5,DMF,0.0,1009647.8125
5324,Potassium quinoline-6-trifluoroborate,"1g, 6-BF3K-Q",1,0.0004,"2d, Bromide",1,Pd(OAc)2,0.0625,dtbpf,0.125,LiOtBu,2.5,DMF,42.3481450987611,8597097.0
5325,Potassium quinoline-6-trifluoroborate,"1g, 6-BF3K-Q",1,0.0004,"2d, Bromide",1,Pd(OAc)2,0.0625,XPhos,0.125,LiOtBu,2.5,DMF,91.2810818952801,9110363.0
5326,Potassium quinoline-6-trifluoroborate,"1g, 6-BF3K-Q",1,0.0004,"2d, Bromide",1,Pd(OAc)2,0.0625,dppf,0.125,LiOtBu,2.5,DMF,0.0,274657.40625
5327,Potassium quinoline-6-trifluoroborate,"1g, 6-BF3K-Q",1,0.0004,"2d, Bromide",1,Pd(OAc)2,0.0625,Xantphos,0.125,LiOtBu,2.5,DMF,0.0,297222.09375
5328,Potassium quinoline-6-trifluoroborate,"1g, 6-BF3K-Q",1,0.0004,"2d, Bromide",1,Pd(OAc)2,0.0625,,,LiOtBu,2.5,DMF,0.0,1361070.875
5329,Potassium quinoline-6-trifluoroborate,"1g, 6-BF3K-Q",1,0.0004,"2d, Bromide",1,Pd(OAc)2,0.0625,P(tBu)3,0.125,NaHCO3,2.5,DMF,0.0,1967354.5
5330,Potassium quinoline-6-trifluoroborate,"1g, 6-BF3K-Q",1,0.0004,"2d, Bromide",1,Pd(OAc)2,0.0625,P(Ph)3 ,0.125,NaHCO3,2.5,DMF,54.4816612746565,13704093.0
5331,Potassium quinoline-6-trifluoroborate,"1g, 6-BF3K-Q",1,0.0004,"2d, Bromide",1,Pd(OAc)2,0.0625,AmPhos,0.125,NaHCO3,2.5,DMF,0.0,1088047.25
5332,Potassium quinoline-6-trifluoroborate,"1g, 6-BF3K-Q",1,0.0004,"2d, Bromide",1,Pd(OAc)2,0.0625,P(Cy)3,0.125,NaHCO3,2.5,DMF,0.0,356678.9375
5333,Potassium quinoline-6-trifluoroborate,"1g, 6-BF3K-Q",1,0.0004,"2d, Bromide",1,Pd(OAc)2,0.0625,P(o-Tol)3,0.125,NaHCO3,2.5,DMF,0.0,704295.0
5334,Potassium quinoline-6-trifluoroborate,"1g, 6-BF3K-Q",1,0.0004,"2d, Bromide",1,Pd(OAc)2,0.0625,CataCXium A,0.125,NaHCO3,2.5,DMF,0.0,234000.1875
5335,Potassium quinoline-6-trifluoroborate,"1g, 6-BF3K-Q",1,0.0004,"2d, Bromide",1,Pd(OAc)2,0.0625,SPhos,0.125,NaHCO3,2.5,DMF,0.0,768682.25
5336,Potassium quinoline-6-trifluoroborate,"1g, 6-BF3K-Q",1,0.0004,"2d, Bromide",1,Pd(OAc)2,0.0625,dtbpf,0.125,NaHCO3,2.5,DMF,0.0,143574.765625
5337,Potassium quinoline-6-trifluoroborate,"1g, 6-BF3K-Q",1,0.0004,"2d, Bromide",1,Pd(OAc)2,0.0625,XPhos,0.125,NaHCO3,2.5,DMF,0.0,13571.5986328125
5338,Potassium quinoline-6-trifluoroborate,"1g, 6-BF3K-Q",1,0.0004,"2d, Bromide",1,Pd(OAc)2,0.0625,dppf,0.125,NaHCO3,2.5,DMF,0.0,13038.701171875
5339,Potassium quinoline-6-trifluoroborate,"1g, 6-BF3K-Q",1,0.0004,"2d, Bromide",1,Pd(OAc)2,0.0625,Xantphos,0.125,NaHCO3,2.5,DMF,0.0,35994.70703125
5340,Potassium quinoline-6-trifluoroborate,"1g, 6-BF3K-Q",1,0.0004,"2d, Bromide",1,Pd(OAc)2,0.0625,,,NaHCO3,2.5,DMF,0.0,232783.75
5341,Potassium quinoline-6-trifluoroborate,"1g, 6-BF3K-Q",1,0.0004,"2d, Bromide",1,Pd(OAc)2,0.0625,P(tBu)3,0.125,Et3N,2.5,DMF,26.8584370045693,4798012.5
5342,Potassium quinoline-6-trifluoroborate,"1g, 6-BF3K-Q",1,0.0004,"2d, Bromide",1,Pd(OAc)2,0.0625,P(Ph)3 ,0.125,Et3N,2.5,DMF,50.1213576439423,11539803.0
5343,Potassium quinoline-6-trifluoroborate,"1g, 6-BF3K-Q",1,0.0004,"2d, Bromide",1,Pd(OAc)2,0.0625,AmPhos,0.125,Et3N,2.5,DMF,0.0,1210337.5
5344,Potassium quinoline-6-trifluoroborate,"1g, 6-BF3K-Q",1,0.0004,"2d, Bromide",1,Pd(OAc)2,0.0625,P(Cy)3,0.125,Et3N,2.5,DMF,18.6259604743037,4169637.5
5345,Potassium quinoline-6-trifluoroborate,"1g, 6-BF3K-Q",1,0.0004,"2d, Bromide",1,Pd(OAc)2,0.0625,P(o-Tol)3,0.125,Et3N,2.5,DMF,41.5703172510417,9597887.0
5346,Potassium quinoline-6-trifluoroborate,"1g, 6-BF3K-Q",1,0.0004,"2d, Bromide",1,Pd(OAc)2,0.0625,CataCXium A,0.125,Et3N,2.5,DMF,33.1615774149796,4292497.5
5347,Potassium quinoline-6-trifluoroborate,"1g, 6-BF3K-Q",1,0.0004,"2d, Bromide",1,Pd(OAc)2,0.0625,SPhos,0.125,Et3N,2.5,DMF,23.1331439935014,5245311.5
5348,Potassium quinoline-6-trifluoroborate,"1g, 6-BF3K-Q",1,0.0004,"2d, Bromide",1,Pd(OAc)2,0.0625,dtbpf,0.125,Et3N,2.5,DMF,37.3640469215065,7485330.0
5349,Potassium quinoline-6-trifluoroborate,"1g, 6-BF3K-Q",1,0.0004,"2d, Bromide",1,Pd(OAc)2,0.0625,XPhos,0.125,Et3N,2.5,DMF,33.2712375657057,6554453.5
5350,Potassium quinoline-6-trifluoroborate,"1g, 6-BF3K-Q",1,0.0004,"2d, Bromide",1,Pd(OAc)2,0.0625,dppf,0.125,Et3N,2.5,DMF,0.0,175234.09375
5351,Potassium quinoline-6-trifluoroborate,"1g, 6-BF3K-Q",1,0.0004,"2d, Bromide",1,Pd(OAc)2,0.0625,Xantphos,0.125,Et3N,2.5,DMF,0.0,278610.375
5352,Potassium quinoline-6-trifluoroborate,"1g, 6-BF3K-Q",1,0.0004,"2d, Bromide",1,Pd(OAc)2,0.0625,,,Et3N,2.5,DMF,21.6659412467468,2387308.25
5353,Potassium quinoline-6-trifluoroborate,"1g, 6-BF3K-Q",1,0.0004,"2d, Bromide",1,Pd(OAc)2,0.0625,P(tBu)3,0.125,CsF,2.5,DMF,29.7726698952916,5995937.0
5354,Potassium quinoline-6-trifluoroborate,"1g, 6-BF3K-Q",1,0.0004,"2d, Bromide",1,Pd(OAc)2,0.0625,P(Ph)3 ,0.125,CsF,2.5,DMF,0.0,6511252.5
5355,Potassium quinoline-6-trifluoroborate,"1g, 6-BF3K-Q",1,0.0004,"2d, Bromide",1,Pd(OAc)2,0.0625,AmPhos,0.125,CsF,2.5,DMF,0.0,3614427.75
5356,Potassium quinoline-6-trifluoroborate,"1g, 6-BF3K-Q",1,0.0004,"2d, Bromide",1,Pd(OAc)2,0.0625,P(Cy)3,0.125,CsF,2.5,DMF,0.0,435042.03125
5357,Potassium quinoline-6-trifluoroborate,"1g, 6-BF3K-Q",1,0.0004,"2d, Bromide",1,Pd(OAc)2,0.0625,P(o-Tol)3,0.125,CsF,2.5,DMF,46.6449168760912,10770865.0
5358,Potassium quinoline-6-trifluoroborate,"1g, 6-BF3K-Q",1,0.0004,"2d, Bromide",1,Pd(OAc)2,0.0625,CataCXium A,0.125,CsF,2.5,DMF,49.6806625912312,8002252.0
5359,Potassium quinoline-6-trifluoroborate,"1g, 6-BF3K-Q",1,0.0004,"2d, Bromide",1,Pd(OAc)2,0.0625,SPhos,0.125,CsF,2.5,DMF,38.2177841343151,8626809.0
5360,Potassium quinoline-6-trifluoroborate,"1g, 6-BF3K-Q",1,0.0004,"2d, Bromide",1,Pd(OAc)2,0.0625,dtbpf,0.125,CsF,2.5,DMF,38.7101930984327,8962313.0
5361,Potassium quinoline-6-trifluoroborate,"1g, 6-BF3K-Q",1,0.0004,"2d, Bromide",1,Pd(OAc)2,0.0625,XPhos,0.125,CsF,2.5,DMF,0.0,3104284.25
5362,Potassium quinoline-6-trifluoroborate,"1g, 6-BF3K-Q",1,0.0004,"2d, Bromide",1,Pd(OAc)2,0.0625,dppf,0.125,CsF,2.5,DMF,0.0,310372.625
5363,Potassium quinoline-6-trifluoroborate,"1g, 6-BF3K-Q",1,0.0004,"2d, Bromide",1,Pd(OAc)2,0.0625,Xantphos,0.125,CsF,2.5,DMF,0.0,114504.140625
5364,Potassium quinoline-6-trifluoroborate,"1g, 6-BF3K-Q",1,0.0004,"2d, Bromide",1,Pd(OAc)2,0.0625,,,CsF,2.5,DMF,0.0,428829.625
5365,Potassium quinoline-6-trifluoroborate,"1g, 6-BF3K-Q",1,0.0004,"2d, Bromide",1,Pd(OAc)2,0.0625,P(tBu)3,0.125,K3PO4,2.5,DMF,0.0,1684298.75
5366,Potassium quinoline-6-trifluoroborate,"1g, 6-BF3K-Q",1,0.0004,"2d, Bromide",1,Pd(OAc)2,0.0625,P(Ph)3 ,0.125,K3PO4,2.5,DMF,61.0384856603632,13380333.0
5367,Potassium quinoline-6-trifluoroborate,"1g, 6-BF3K-Q",1,0.0004,"2d, Bromide",1,Pd(OAc)2,0.0625,AmPhos,0.125,K3PO4,2.5,DMF,29.5277196936559,7086051.5
5368,Potassium quinoline-6-trifluoroborate,"1g, 6-BF3K-Q",1,0.0004,"2d, Bromide",1,Pd(OAc)2,0.0625,P(Cy)3,0.125,K3PO4,2.5,DMF,44.905653049543,11049873.0
5369,Potassium quinoline-6-trifluoroborate,"1g, 6-BF3K-Q",1,0.0004,"2d, Bromide",1,Pd(OAc)2,0.0625,P(o-Tol)3,0.125,K3PO4,2.5,DMF,53.9294870729643,12537171.0
5370,Potassium quinoline-6-trifluoroborate,"1g, 6-BF3K-Q",1,0.0004,"2d, Bromide",1,Pd(OAc)2,0.0625,CataCXium A,0.125,K3PO4,2.5,DMF,0.0,2864806.25
5371,Potassium quinoline-6-trifluoroborate,"1g, 6-BF3K-Q",1,0.0004,"2d, Bromide",1,Pd(OAc)2,0.0625,SPhos,0.125,K3PO4,2.5,DMF,53.9222135542845,13313189.0
5372,Potassium quinoline-6-trifluoroborate,"1g, 6-BF3K-Q",1,0.0004,"2d, Bromide",1,Pd(OAc)2,0.0625,dtbpf,0.125,K3PO4,2.5,DMF,0.0,5167298.5
5373,Potassium quinoline-6-trifluoroborate,"1g, 6-BF3K-Q",1,0.0004,"2d, Bromide",1,Pd(OAc)2,0.0625,XPhos,0.125,K3PO4,2.5,DMF,0.0,7332763.0
5374,Potassium quinoline-6-trifluoroborate,"1g, 6-BF3K-Q",1,0.0004,"2d, Bromide",1,Pd(OAc)2,0.0625,dppf,0.125,K3PO4,2.5,DMF,0.0,193740.078125
5375,Potassium quinoline-6-trifluoroborate,"1g, 6-BF3K-Q",1,0.0004,"2d, Bromide",1,Pd(OAc)2,0.0625,Xantphos,0.125,K3PO4,2.5,DMF,0.0,154154.421875
5376,Potassium quinoline-6-trifluoroborate,"1g, 6-BF3K-Q",1,0.0004,"2d, Bromide",1,Pd(OAc)2,0.0625,,,K3PO4,2.5,DMF,0.0,1119802.625
5377,6-Quinolineboronic acid pinacol ester,"1f, 6-BPin-Q",1,0.0004,"2d, Bromide",1,Pd(OAc)2,0.0625,P(tBu)3,0.125,,2.5,MeOH,24.841274688509,5036939.0
5378,6-Quinolineboronic acid pinacol ester,"1f, 6-BPin-Q",1,0.0004,"2d, Bromide",1,Pd(OAc)2,0.0625,P(Ph)3 ,0.125,,2.5,MeOH,18.3562785267775,7556060.5
5379,6-Quinolineboronic acid pinacol ester,"1f, 6-BPin-Q",1,0.0004,"2d, Bromide",1,Pd(OAc)2,0.0625,AmPhos,0.125,,2.5,MeOH,20.6396276150278,5889742.0
5380,6-Quinolineboronic acid pinacol ester,"1f, 6-BPin-Q",1,0.0004,"2d, Bromide",1,Pd(OAc)2,0.0625,P(Cy)3,0.125,,2.5,MeOH,18.5477439406674,3359025.25
5381,6-Quinolineboronic acid pinacol ester,"1f, 6-BPin-Q",1,0.0004,"2d, Bromide",1,Pd(OAc)2,0.0625,P(o-Tol)3,0.125,,2.5,MeOH,37.0749821176005,8574848.00000001
5382,6-Quinolineboronic acid pinacol ester,"1f, 6-BPin-Q",1,0.0004,"2d, Bromide",1,Pd(OAc)2,0.0625,CataCXium A,0.125,,2.5,MeOH,27.1418773055402,5333705.5
5383,6-Quinolineboronic acid pinacol ester,"1f, 6-BPin-Q",1,0.0004,"2d, Bromide",1,Pd(OAc)2,0.0625,SPhos,0.125,,2.5,MeOH,0.0,1994153.625
5384,6-Quinolineboronic acid pinacol ester,"1f, 6-BPin-Q",1,0.0004,"2d, Bromide",1,Pd(OAc)2,0.0625,dtbpf,0.125,,2.5,MeOH,0.0,1901022.25
5385,6-Quinolineboronic acid pinacol ester,"1f, 6-BPin-Q",1,0.0004,"2d, Bromide",1,Pd(OAc)2,0.0625,XPhos,0.125,,2.5,MeOH,0.0,574325.0
5386,6-Quinolineboronic acid pinacol ester,"1f, 6-BPin-Q",1,0.0004,"2d, Bromide",1,Pd(OAc)2,0.0625,dppf,0.125,,2.5,MeOH,0.0,141843.53125
5387,6-Quinolineboronic acid pinacol ester,"1f, 6-BPin-Q",1,0.0004,"2d, Bromide",1,Pd(OAc)2,0.0625,Xantphos,0.125,,2.5,MeOH,0.0,380397.78125
5388,6-Quinolineboronic acid pinacol ester,"1f, 6-BPin-Q",1,0.0004,"2d, Bromide",1,Pd(OAc)2,0.0625,,,,2.5,MeOH,20.4875629432689,4170258.75
5389,6-Quinolineboronic acid pinacol ester,"1f, 6-BPin-Q",1,0.0004,"2d, Bromide",1,Pd(OAc)2,0.0625,P(tBu)3,0.125,NaOH,2.5,MeOH,28.877304573494,5324264.0
5390,6-Quinolineboronic acid pinacol ester,"1f, 6-BPin-Q",1,0.0004,"2d, Bromide",1,Pd(OAc)2,0.0625,P(Ph)3 ,0.125,NaOH,2.5,MeOH,66.5279253510639,20579806.0
5391,6-Quinolineboronic acid pinacol ester,"1f, 6-BPin-Q",1,0.0004,"2d, Bromide",1,Pd(OAc)2,0.0625,AmPhos,0.125,NaOH,2.5,MeOH,38.2177461732409,8772744.0
5392,6-Quinolineboronic acid pinacol ester,"1f, 6-BPin-Q",1,0.0004,"2d, Bromide",1,Pd(OAc)2,0.0625,P(Cy)3,0.125,NaOH,2.5,MeOH,47.3402405974046,13829915.0
5393,6-Quinolineboronic acid pinacol ester,"1f, 6-BPin-Q",1,0.0004,"2d, Bromide",1,Pd(OAc)2,0.0625,P(o-Tol)3,0.125,NaOH,2.5,MeOH,73.0801554548424,16291124.0
5394,6-Quinolineboronic acid pinacol ester,"1f, 6-BPin-Q",1,0.0004,"2d, Bromide",1,Pd(OAc)2,0.0625,CataCXium A,0.125,NaOH,2.5,MeOH,40.7518868915935,6893417.5
5395,6-Quinolineboronic acid pinacol ester,"1f, 6-BPin-Q",1,0.0004,"2d, Bromide",1,Pd(OAc)2,0.0625,SPhos,0.125,NaOH,2.5,MeOH,53.9333404757138,11683549.0
5396,6-Quinolineboronic acid pinacol ester,"1f, 6-BPin-Q",1,0.0004,"2d, Bromide",1,Pd(OAc)2,0.0625,dtbpf,0.125,NaOH,2.5,MeOH,24.185975974127,4903888.0
5397,6-Quinolineboronic acid pinacol ester,"1f, 6-BPin-Q",1,0.0004,"2d, Bromide",1,Pd(OAc)2,0.0625,XPhos,0.125,NaOH,2.5,MeOH,71.1820242260303,17608660.0
5398,6-Quinolineboronic acid pinacol ester,"1f, 6-BPin-Q",1,0.0004,"2d, Bromide",1,Pd(OAc)2,0.0625,dppf,0.125,NaOH,2.5,MeOH,52.8726284113731,12673781.0
5399,6-Quinolineboronic acid pinacol ester,"1f, 6-BPin-Q",1,0.0004,"2d, Bromide",1,Pd(OAc)2,0.0625,Xantphos,0.125,NaOH,2.5,MeOH,23.6706972930782,2822784.75
5400,6-Quinolineboronic acid pinacol ester,"1f, 6-BPin-Q",1,0.0004,"2d, Bromide",1,Pd(OAc)2,0.0625,,,NaOH,2.5,MeOH,53.8314814797408,18522574.0
5401,6-Quinolineboronic acid pinacol ester,"1f, 6-BPin-Q",1,0.0004,"2d, Bromide",1,Pd(OAc)2,0.0625,P(tBu)3,0.125,KOH,2.5,MeOH,29.5154080221205,5798271.0
5402,6-Quinolineboronic acid pinacol ester,"1f, 6-BPin-Q",1,0.0004,"2d, Bromide",1,Pd(OAc)2,0.0625,P(Ph)3 ,0.125,KOH,2.5,MeOH,71.3110098922589,18063844.0
5403,6-Quinolineboronic acid pinacol ester,"1f, 6-BPin-Q",1,0.0004,"2d, Bromide",1,Pd(OAc)2,0.0625,AmPhos,0.125,KOH,2.5,MeOH,23.1606087025778,8165530.0
5404,6-Quinolineboronic acid pinacol ester,"1f, 6-BPin-Q",1,0.0004,"2d, Bromide",1,Pd(OAc)2,0.0625,P(Cy)3,0.125,KOH,2.5,MeOH,45.179975925884,11608936.0
5405,6-Quinolineboronic acid pinacol ester,"1f, 6-BPin-Q",1,0.0004,"2d, Bromide",1,Pd(OAc)2,0.0625,P(o-Tol)3,0.125,KOH,2.5,MeOH,75.9688770685739,18967944.0
5406,6-Quinolineboronic acid pinacol ester,"1f, 6-BPin-Q",1,0.0004,"2d, Bromide",1,Pd(OAc)2,0.0625,CataCXium A,0.125,KOH,2.5,MeOH,43.3308004350089,7165222.5
5407,6-Quinolineboronic acid pinacol ester,"1f, 6-BPin-Q",1,0.0004,"2d, Bromide",1,Pd(OAc)2,0.0625,SPhos,0.125,KOH,2.5,MeOH,49.8770301981968,10614984.0
5408,6-Quinolineboronic acid pinacol ester,"1f, 6-BPin-Q",1,0.0004,"2d, Bromide",1,Pd(OAc)2,0.0625,dtbpf,0.125,KOH,2.5,MeOH,26.7080197652115,5945466.0
5409,6-Quinolineboronic acid pinacol ester,"1f, 6-BPin-Q",1,0.0004,"2d, Bromide",1,Pd(OAc)2,0.0625,XPhos,0.125,KOH,2.5,MeOH,75.7715038482424,17382604.0
5410,6-Quinolineboronic acid pinacol ester,"1f, 6-BPin-Q",1,0.0004,"2d, Bromide",1,Pd(OAc)2,0.0625,dppf,0.125,KOH,2.5,MeOH,59.7764383835837,15843741.0
5411,6-Quinolineboronic acid pinacol ester,"1f, 6-BPin-Q",1,0.0004,"2d, Bromide",1,Pd(OAc)2,0.0625,Xantphos,0.125,KOH,2.5,MeOH,0.0,0.0
5412,6-Quinolineboronic acid pinacol ester,"1f, 6-BPin-Q",1,0.0004,"2d, Bromide",1,Pd(OAc)2,0.0625,,,KOH,2.5,MeOH,52.4048889951171,16414341.0
5413,6-Quinolineboronic acid pinacol ester,"1f, 6-BPin-Q",1,0.0004,"2d, Bromide",1,Pd(OAc)2,0.0625,P(tBu)3,0.125,LiOtBu,2.5,MeOH,27.4113872369646,4460721.5
5414,6-Quinolineboronic acid pinacol ester,"1f, 6-BPin-Q",1,0.0004,"2d, Bromide",1,Pd(OAc)2,0.0625,P(Ph)3 ,0.125,LiOtBu,2.5,MeOH,77.1357833590615,18470584.0
5415,6-Quinolineboronic acid pinacol ester,"1f, 6-BPin-Q",1,0.0004,"2d, Bromide",1,Pd(OAc)2,0.0625,AmPhos,0.125,LiOtBu,2.5,MeOH,30.7161961409996,6036727.5
5416,6-Quinolineboronic acid pinacol ester,"1f, 6-BPin-Q",1,0.0004,"2d, Bromide",1,Pd(OAc)2,0.0625,P(Cy)3,0.125,LiOtBu,2.5,MeOH,41.504841107864,9553919.0
5417,6-Quinolineboronic acid pinacol ester,"1f, 6-BPin-Q",1,0.0004,"2d, Bromide",1,Pd(OAc)2,0.0625,P(o-Tol)3,0.125,LiOtBu,2.5,MeOH,66.0488013796859,14134903.0
5418,6-Quinolineboronic acid pinacol ester,"1f, 6-BPin-Q",1,0.0004,"2d, Bromide",1,Pd(OAc)2,0.0625,CataCXium A,0.125,LiOtBu,2.5,MeOH,23.9678541848028,5338356.0
5419,6-Quinolineboronic acid pinacol ester,"1f, 6-BPin-Q",1,0.0004,"2d, Bromide",1,Pd(OAc)2,0.0625,SPhos,0.125,LiOtBu,2.5,MeOH,48.6974014782604,10578919.0
5420,6-Quinolineboronic acid pinacol ester,"1f, 6-BPin-Q",1,0.0004,"2d, Bromide",1,Pd(OAc)2,0.0625,dtbpf,0.125,LiOtBu,2.5,MeOH,22.8094878292688,3148791.5
5421,6-Quinolineboronic acid pinacol ester,"1f, 6-BPin-Q",1,0.0004,"2d, Bromide",1,Pd(OAc)2,0.0625,XPhos,0.125,LiOtBu,2.5,MeOH,0.0,14576542.0
5422,6-Quinolineboronic acid pinacol ester,"1f, 6-BPin-Q",1,0.0004,"2d, Bromide",1,Pd(OAc)2,0.0625,dppf,0.125,LiOtBu,2.5,MeOH,44.9442579986169,9618206.0
5423,6-Quinolineboronic acid pinacol ester,"1f, 6-BPin-Q",1,0.0004,"2d, Bromide",1,Pd(OAc)2,0.0625,Xantphos,0.125,LiOtBu,2.5,MeOH,22.6416658373551,2934914.25
5424,6-Quinolineboronic acid pinacol ester,"1f, 6-BPin-Q",1,0.0004,"2d, Bromide",1,Pd(OAc)2,0.0625,,,LiOtBu,2.5,MeOH,48.0854136483853,14031003.0
5425,6-Quinolineboronic acid pinacol ester,"1f, 6-BPin-Q",1,0.0004,"2d, Bromide",1,Pd(OAc)2,0.0625,P(tBu)3,0.125,NaHCO3,2.5,MeOH,31.5251472071856,6405287.0
5426,6-Quinolineboronic acid pinacol ester,"1f, 6-BPin-Q",1,0.0004,"2d, Bromide",1,Pd(OAc)2,0.0625,P(Ph)3 ,0.125,NaHCO3,2.5,MeOH,61.6724830892804,16833202.0
5427,6-Quinolineboronic acid pinacol ester,"1f, 6-BPin-Q",1,0.0004,"2d, Bromide",1,Pd(OAc)2,0.0625,AmPhos,0.125,NaHCO3,2.5,MeOH,39.8203665423228,9421431.0
5428,6-Quinolineboronic acid pinacol ester,"1f, 6-BPin-Q",1,0.0004,"2d, Bromide",1,Pd(OAc)2,0.0625,P(Cy)3,0.125,NaHCO3,2.5,MeOH,38.4336426217981,9172048.0
5429,6-Quinolineboronic acid pinacol ester,"1f, 6-BPin-Q",1,0.0004,"2d, Bromide",1,Pd(OAc)2,0.0625,P(o-Tol)3,0.125,NaHCO3,2.5,MeOH,77.9442331719087,16984424.0
5430,6-Quinolineboronic acid pinacol ester,"1f, 6-BPin-Q",1,0.0004,"2d, Bromide",1,Pd(OAc)2,0.0625,CataCXium A,0.125,NaHCO3,2.5,MeOH,39.3077452238168,6262218.5
5431,6-Quinolineboronic acid pinacol ester,"1f, 6-BPin-Q",1,0.0004,"2d, Bromide",1,Pd(OAc)2,0.0625,SPhos,0.125,NaHCO3,2.5,MeOH,51.9693547548403,12361343.0
5432,6-Quinolineboronic acid pinacol ester,"1f, 6-BPin-Q",1,0.0004,"2d, Bromide",1,Pd(OAc)2,0.0625,dtbpf,0.125,NaHCO3,2.5,MeOH,27.0579680868067,5588235.5
5433,6-Quinolineboronic acid pinacol ester,"1f, 6-BPin-Q",1,0.0004,"2d, Bromide",1,Pd(OAc)2,0.0625,XPhos,0.125,NaHCO3,2.5,MeOH,55.1541748774632,14465991.0
5434,6-Quinolineboronic acid pinacol ester,"1f, 6-BPin-Q",1,0.0004,"2d, Bromide",1,Pd(OAc)2,0.0625,dppf,0.125,NaHCO3,2.5,MeOH,0.0,1384693.125
5435,6-Quinolineboronic acid pinacol ester,"1f, 6-BPin-Q",1,0.0004,"2d, Bromide",1,Pd(OAc)2,0.0625,Xantphos,0.125,NaHCO3,2.5,MeOH,23.2369834744725,3962174.75
5436,6-Quinolineboronic acid pinacol ester,"1f, 6-BPin-Q",1,0.0004,"2d, Bromide",1,Pd(OAc)2,0.0625,,,NaHCO3,2.5,MeOH,42.1427827509586,13274571.0
5437,6-Quinolineboronic acid pinacol ester,"1f, 6-BPin-Q",1,0.0004,"2d, Bromide",1,Pd(OAc)2,0.0625,P(tBu)3,0.125,Et3N,2.5,MeOH,0.0,7310361.5
5438,6-Quinolineboronic acid pinacol ester,"1f, 6-BPin-Q",1,0.0004,"2d, Bromide",1,Pd(OAc)2,0.0625,P(Ph)3 ,0.125,Et3N,2.5,MeOH,0.0,12271177.0
5439,6-Quinolineboronic acid pinacol ester,"1f, 6-BPin-Q",1,0.0004,"2d, Bromide",1,Pd(OAc)2,0.0625,AmPhos,0.125,Et3N,2.5,MeOH,0.0,5744240.0
5440,6-Quinolineboronic acid pinacol ester,"1f, 6-BPin-Q",1,0.0004,"2d, Bromide",1,Pd(OAc)2,0.0625,P(Cy)3,0.125,Et3N,2.5,MeOH,18.1001747564954,6992754.0
5441,6-Quinolineboronic acid pinacol ester,"1f, 6-BPin-Q",1,0.0004,"2d, Bromide",1,Pd(OAc)2,0.0625,P(o-Tol)3,0.125,Et3N,2.5,MeOH,0.0,15255291.0
5442,6-Quinolineboronic acid pinacol ester,"1f, 6-BPin-Q",1,0.0004,"2d, Bromide",1,Pd(OAc)2,0.0625,CataCXium A,0.125,Et3N,2.5,MeOH,0.0,4317743.5
5443,6-Quinolineboronic acid pinacol ester,"1f, 6-BPin-Q",1,0.0004,"2d, Bromide",1,Pd(OAc)2,0.0625,SPhos,0.125,Et3N,2.5,MeOH,0.0,5952260.0
5444,6-Quinolineboronic acid pinacol ester,"1f, 6-BPin-Q",1,0.0004,"2d, Bromide",1,Pd(OAc)2,0.0625,dtbpf,0.125,Et3N,2.5,MeOH,0.0,3926019.75
5445,6-Quinolineboronic acid pinacol ester,"1f, 6-BPin-Q",1,0.0004,"2d, Bromide",1,Pd(OAc)2,0.0625,XPhos,0.125,Et3N,2.5,MeOH,0.0,9002066.0
5446,6-Quinolineboronic acid pinacol ester,"1f, 6-BPin-Q",1,0.0004,"2d, Bromide",1,Pd(OAc)2,0.0625,dppf,0.125,Et3N,2.5,MeOH,21.5019099698158,2536203.25
5447,6-Quinolineboronic acid pinacol ester,"1f, 6-BPin-Q",1,0.0004,"2d, Bromide",1,Pd(OAc)2,0.0625,Xantphos,0.125,Et3N,2.5,MeOH,0.0,1351239.625
5448,6-Quinolineboronic acid pinacol ester,"1f, 6-BPin-Q",1,0.0004,"2d, Bromide",1,Pd(OAc)2,0.0625,,,Et3N,2.5,MeOH,18.2305711928921,9521740.0
5449,6-Quinolineboronic acid pinacol ester,"1f, 6-BPin-Q",1,0.0004,"2d, Bromide",1,Pd(OAc)2,0.0625,P(tBu)3,0.125,CsF,2.5,MeOH,20.1853058088853,8128764.0
5450,6-Quinolineboronic acid pinacol ester,"1f, 6-BPin-Q",1,0.0004,"2d, Bromide",1,Pd(OAc)2,0.0625,P(Ph)3 ,0.125,CsF,2.5,MeOH,46.9379761231237,11781461.0
5451,6-Quinolineboronic acid pinacol ester,"1f, 6-BPin-Q",1,0.0004,"2d, Bromide",1,Pd(OAc)2,0.0625,AmPhos,0.125,CsF,2.5,MeOH,21.6495291733106,7883028.5
5452,6-Quinolineboronic acid pinacol ester,"1f, 6-BPin-Q",1,0.0004,"2d, Bromide",1,Pd(OAc)2,0.0625,P(Cy)3,0.125,CsF,2.5,MeOH,11.5258782119851,5576128.0
5453,6-Quinolineboronic acid pinacol ester,"1f, 6-BPin-Q",1,0.0004,"2d, Bromide",1,Pd(OAc)2,0.0625,P(o-Tol)3,0.125,CsF,2.5,MeOH,60.5947657939917,14692574.0
5454,6-Quinolineboronic acid pinacol ester,"1f, 6-BPin-Q",1,0.0004,"2d, Bromide",1,Pd(OAc)2,0.0625,CataCXium A,0.125,CsF,2.5,MeOH,43.3371347965603,6929089.5
5455,6-Quinolineboronic acid pinacol ester,"1f, 6-BPin-Q",1,0.0004,"2d, Bromide",1,Pd(OAc)2,0.0625,SPhos,0.125,CsF,2.5,MeOH,16.6443256312243,6783534.5
5456,6-Quinolineboronic acid pinacol ester,"1f, 6-BPin-Q",1,0.0004,"2d, Bromide",1,Pd(OAc)2,0.0625,dtbpf,0.125,CsF,2.5,MeOH,11.7356672742211,5494466.0
5457,6-Quinolineboronic acid pinacol ester,"1f, 6-BPin-Q",1,0.0004,"2d, Bromide",1,Pd(OAc)2,0.0625,XPhos,0.125,CsF,2.5,MeOH,23.7653048473957,9137352.0
5458,6-Quinolineboronic acid pinacol ester,"1f, 6-BPin-Q",1,0.0004,"2d, Bromide",1,Pd(OAc)2,0.0625,dppf,0.125,CsF,2.5,MeOH,22.5403965489951,3214163.5
5459,6-Quinolineboronic acid pinacol ester,"1f, 6-BPin-Q",1,0.0004,"2d, Bromide",1,Pd(OAc)2,0.0625,Xantphos,0.125,CsF,2.5,MeOH,22.1962732327678,3222684.75
5460,6-Quinolineboronic acid pinacol ester,"1f, 6-BPin-Q",1,0.0004,"2d, Bromide",1,Pd(OAc)2,0.0625,,,CsF,2.5,MeOH,21.2771475279255,10881378.0
5461,6-Quinolineboronic acid pinacol ester,"1f, 6-BPin-Q",1,0.0004,"2d, Bromide",1,Pd(OAc)2,0.0625,P(tBu)3,0.125,K3PO4,2.5,MeOH,15.4280250536412,6966141.0
5462,6-Quinolineboronic acid pinacol ester,"1f, 6-BPin-Q",1,0.0004,"2d, Bromide",1,Pd(OAc)2,0.0625,P(Ph)3 ,0.125,K3PO4,2.5,MeOH,75.4983589633199,18418186.0
5463,6-Quinolineboronic acid pinacol ester,"1f, 6-BPin-Q",1,0.0004,"2d, Bromide",1,Pd(OAc)2,0.0625,AmPhos,0.125,K3PO4,2.5,MeOH,28.0642418393694,9038224.0
5464,6-Quinolineboronic acid pinacol ester,"1f, 6-BPin-Q",1,0.0004,"2d, Bromide",1,Pd(OAc)2,0.0625,P(Cy)3,0.125,K3PO4,2.5,MeOH,46.5332439744952,11146657.0
5465,6-Quinolineboronic acid pinacol ester,"1f, 6-BPin-Q",1,0.0004,"2d, Bromide",1,Pd(OAc)2,0.0625,P(o-Tol)3,0.125,K3PO4,2.5,MeOH,76.2605498964281,18155762.0
5466,6-Quinolineboronic acid pinacol ester,"1f, 6-BPin-Q",1,0.0004,"2d, Bromide",1,Pd(OAc)2,0.0625,CataCXium A,0.125,K3PO4,2.5,MeOH,44.4460819964174,6915390.0
5467,6-Quinolineboronic acid pinacol ester,"1f, 6-BPin-Q",1,0.0004,"2d, Bromide",1,Pd(OAc)2,0.0625,SPhos,0.125,K3PO4,2.5,MeOH,62.9823548893002,13898592.0
5468,6-Quinolineboronic acid pinacol ester,"1f, 6-BPin-Q",1,0.0004,"2d, Bromide",1,Pd(OAc)2,0.0625,dtbpf,0.125,K3PO4,2.5,MeOH,9.18801857462258,4525493.5
5469,6-Quinolineboronic acid pinacol ester,"1f, 6-BPin-Q",1,0.0004,"2d, Bromide",1,Pd(OAc)2,0.0625,XPhos,0.125,K3PO4,2.5,MeOH,80.3991080677073,18712254.0
5470,6-Quinolineboronic acid pinacol ester,"1f, 6-BPin-Q",1,0.0004,"2d, Bromide",1,Pd(OAc)2,0.0625,dppf,0.125,K3PO4,2.5,MeOH,41.3612704226996,7829057.5
5471,6-Quinolineboronic acid pinacol ester,"1f, 6-BPin-Q",1,0.0004,"2d, Bromide",1,Pd(OAc)2,0.0625,Xantphos,0.125,K3PO4,2.5,MeOH,22.5665449126186,3081806.25
5472,6-Quinolineboronic acid pinacol ester,"1f, 6-BPin-Q",1,0.0004,"2d, Bromide",1,Pd(OAc)2,0.0625,,,K3PO4,2.5,MeOH,61.1506249004639,14799149.0
5473,6-Quinolineboronic acid pinacol ester,"1f, 6-BPin-Q",1,0.0004,"2d, Bromide",1,Pd(OAc)2,0.0625,P(tBu)3,0.125,,2.5,MeCN,31.4775204963594,7754564.5
5474,6-Quinolineboronic acid pinacol ester,"1f, 6-BPin-Q",1,0.0004,"2d, Bromide",1,Pd(OAc)2,0.0625,P(Ph)3 ,0.125,,2.5,MeCN,20.983093706741,6258806.0
5475,6-Quinolineboronic acid pinacol ester,"1f, 6-BPin-Q",1,0.0004,"2d, Bromide",1,Pd(OAc)2,0.0625,AmPhos,0.125,,2.5,MeCN,38.9034633829692,8569165.0
5476,6-Quinolineboronic acid pinacol ester,"1f, 6-BPin-Q",1,0.0004,"2d, Bromide",1,Pd(OAc)2,0.0625,P(Cy)3,0.125,,2.5,MeCN,18.6466524193813,2422580.75
5477,6-Quinolineboronic acid pinacol ester,"1f, 6-BPin-Q",1,0.0004,"2d, Bromide",1,Pd(OAc)2,0.0625,P(o-Tol)3,0.125,,2.5,MeCN,23.4325859045804,4444896.0
5478,6-Quinolineboronic acid pinacol ester,"1f, 6-BPin-Q",1,0.0004,"2d, Bromide",1,Pd(OAc)2,0.0625,CataCXium A,0.125,,2.5,MeCN,37.8749206648674,5678114.0
5479,6-Quinolineboronic acid pinacol ester,"1f, 6-BPin-Q",1,0.0004,"2d, Bromide",1,Pd(OAc)2,0.0625,SPhos,0.125,,2.5,MeCN,22.7153693692804,3707341.5
5480,6-Quinolineboronic acid pinacol ester,"1f, 6-BPin-Q",1,0.0004,"2d, Bromide",1,Pd(OAc)2,0.0625,dtbpf,0.125,,2.5,MeCN,23.020850712346,4489072.0
5481,6-Quinolineboronic acid pinacol ester,"1f, 6-BPin-Q",1,0.0004,"2d, Bromide",1,Pd(OAc)2,0.0625,XPhos,0.125,,2.5,MeCN,19.7410079404211,2262784.75
5482,6-Quinolineboronic acid pinacol ester,"1f, 6-BPin-Q",1,0.0004,"2d, Bromide",1,Pd(OAc)2,0.0625,dppf,0.125,,2.5,MeCN,0.0,1866561.75
5483,6-Quinolineboronic acid pinacol ester,"1f, 6-BPin-Q",1,0.0004,"2d, Bromide",1,Pd(OAc)2,0.0625,Xantphos,0.125,,2.5,MeCN,0.0,563587.125
5484,6-Quinolineboronic acid pinacol ester,"1f, 6-BPin-Q",1,0.0004,"2d, Bromide",1,Pd(OAc)2,0.0625,,,,2.5,MeCN,19.5240303334181,2062927.375
5485,6-Quinolineboronic acid pinacol ester,"1f, 6-BPin-Q",1,0.0004,"2d, Bromide",1,Pd(OAc)2,0.0625,P(tBu)3,0.125,NaOH,2.5,MeCN,58.9575833633508,12564797.0
5486,6-Quinolineboronic acid pinacol ester,"1f, 6-BPin-Q",1,0.0004,"2d, Bromide",1,Pd(OAc)2,0.0625,P(Ph)3 ,0.125,NaOH,2.5,MeCN,61.1408518888483,13593693.0
5487,6-Quinolineboronic acid pinacol ester,"1f, 6-BPin-Q",1,0.0004,"2d, Bromide",1,Pd(OAc)2,0.0625,AmPhos,0.125,NaOH,2.5,MeCN,61.9260442150707,14987859.0
5488,6-Quinolineboronic acid pinacol ester,"1f, 6-BPin-Q",1,0.0004,"2d, Bromide",1,Pd(OAc)2,0.0625,P(Cy)3,0.125,NaOH,2.5,MeCN,35.7353129695352,6959004.0
5489,6-Quinolineboronic acid pinacol ester,"1f, 6-BPin-Q",1,0.0004,"2d, Bromide",1,Pd(OAc)2,0.0625,P(o-Tol)3,0.125,NaOH,2.5,MeCN,47.4068475733949,12149435.0
5490,6-Quinolineboronic acid pinacol ester,"1f, 6-BPin-Q",1,0.0004,"2d, Bromide",1,Pd(OAc)2,0.0625,CataCXium A,0.125,NaOH,2.5,MeCN,55.2488098382907,9116231.0
5491,6-Quinolineboronic acid pinacol ester,"1f, 6-BPin-Q",1,0.0004,"2d, Bromide",1,Pd(OAc)2,0.0625,SPhos,0.125,NaOH,2.5,MeCN,60.1995084354716,13828262.0
5492,6-Quinolineboronic acid pinacol ester,"1f, 6-BPin-Q",1,0.0004,"2d, Bromide",1,Pd(OAc)2,0.0625,dtbpf,0.125,NaOH,2.5,MeCN,29.277270932675,5916541.5
5493,6-Quinolineboronic acid pinacol ester,"1f, 6-BPin-Q",1,0.0004,"2d, Bromide",1,Pd(OAc)2,0.0625,XPhos,0.125,NaOH,2.5,MeCN,54.5733650401276,13817691.0
5494,6-Quinolineboronic acid pinacol ester,"1f, 6-BPin-Q",1,0.0004,"2d, Bromide",1,Pd(OAc)2,0.0625,dppf,0.125,NaOH,2.5,MeCN,0.0,936683.625
5495,6-Quinolineboronic acid pinacol ester,"1f, 6-BPin-Q",1,0.0004,"2d, Bromide",1,Pd(OAc)2,0.0625,Xantphos,0.125,NaOH,2.5,MeCN,0.0,918385.1875
5496,6-Quinolineboronic acid pinacol ester,"1f, 6-BPin-Q",1,0.0004,"2d, Bromide",1,Pd(OAc)2,0.0625,,,NaOH,2.5,MeCN,53.4944815748451,15794103.0
5497,6-Quinolineboronic acid pinacol ester,"1f, 6-BPin-Q",1,0.0004,"2d, Bromide",1,Pd(OAc)2,0.0625,P(tBu)3,0.125,KOH,2.5,MeCN,79.0135295458613,17581786.0
5498,6-Quinolineboronic acid pinacol ester,"1f, 6-BPin-Q",1,0.0004,"2d, Bromide",1,Pd(OAc)2,0.0625,P(Ph)3 ,0.125,KOH,2.5,MeCN,65.0562476098084,13030976.0
5499,6-Quinolineboronic acid pinacol ester,"1f, 6-BPin-Q",1,0.0004,"2d, Bromide",1,Pd(OAc)2,0.0625,AmPhos,0.125,KOH,2.5,MeCN,77.7768660163031,18652642.0
5500,6-Quinolineboronic acid pinacol ester,"1f, 6-BPin-Q",1,0.0004,"2d, Bromide",1,Pd(OAc)2,0.0625,P(Cy)3,0.125,KOH,2.5,MeCN,69.461656181469,15660429.0
5501,6-Quinolineboronic acid pinacol ester,"1f, 6-BPin-Q",1,0.0004,"2d, Bromide",1,Pd(OAc)2,0.0625,P(o-Tol)3,0.125,KOH,2.5,MeCN,54.9848519450319,12750200.0
5502,6-Quinolineboronic acid pinacol ester,"1f, 6-BPin-Q",1,0.0004,"2d, Bromide",1,Pd(OAc)2,0.0625,CataCXium A,0.125,KOH,2.5,MeCN,51.7527646321079,7098801.0
5503,6-Quinolineboronic acid pinacol ester,"1f, 6-BPin-Q",1,0.0004,"2d, Bromide",1,Pd(OAc)2,0.0625,SPhos,0.125,KOH,2.5,MeCN,49.6922740290008,11740769.0
5504,6-Quinolineboronic acid pinacol ester,"1f, 6-BPin-Q",1,0.0004,"2d, Bromide",1,Pd(OAc)2,0.0625,dtbpf,0.125,KOH,2.5,MeCN,33.58569157847,6743757.5
5505,6-Quinolineboronic acid pinacol ester,"1f, 6-BPin-Q",1,0.0004,"2d, Bromide",1,Pd(OAc)2,0.0625,XPhos,0.125,KOH,2.5,MeCN,58.8105314600502,13684820.0
5506,6-Quinolineboronic acid pinacol ester,"1f, 6-BPin-Q",1,0.0004,"2d, Bromide",1,Pd(OAc)2,0.0625,dppf,0.125,KOH,2.5,MeCN,0.0,615805.75
5507,6-Quinolineboronic acid pinacol ester,"1f, 6-BPin-Q",1,0.0004,"2d, Bromide",1,Pd(OAc)2,0.0625,Xantphos,0.125,KOH,2.5,MeCN,0.0,336637.03125
5508,6-Quinolineboronic acid pinacol ester,"1f, 6-BPin-Q",1,0.0004,"2d, Bromide",1,Pd(OAc)2,0.0625,,,KOH,2.5,MeCN,39.2170404200376,11638056.0
5509,6-Quinolineboronic acid pinacol ester,"1f, 6-BPin-Q",1,0.0004,"2d, Bromide",1,Pd(OAc)2,0.0625,P(tBu)3,0.125,LiOtBu,2.5,MeCN,75.2707580813476,15363268.0
5510,6-Quinolineboronic acid pinacol ester,"1f, 6-BPin-Q",1,0.0004,"2d, Bromide",1,Pd(OAc)2,0.0625,P(Ph)3 ,0.125,LiOtBu,2.5,MeCN,60.2767663412792,11290943.0
5511,6-Quinolineboronic acid pinacol ester,"1f, 6-BPin-Q",1,0.0004,"2d, Bromide",1,Pd(OAc)2,0.0625,AmPhos,0.125,LiOtBu,2.5,MeCN,59.8846832428938,13114933.0
5512,6-Quinolineboronic acid pinacol ester,"1f, 6-BPin-Q",1,0.0004,"2d, Bromide",1,Pd(OAc)2,0.0625,P(Cy)3,0.125,LiOtBu,2.5,MeCN,33.9179800068685,6530970.0
5513,6-Quinolineboronic acid pinacol ester,"1f, 6-BPin-Q",1,0.0004,"2d, Bromide",1,Pd(OAc)2,0.0625,P(o-Tol)3,0.125,LiOtBu,2.5,MeCN,46.3998222835864,10650648.0
5514,6-Quinolineboronic acid pinacol ester,"1f, 6-BPin-Q",1,0.0004,"2d, Bromide",1,Pd(OAc)2,0.0625,CataCXium A,0.125,LiOtBu,2.5,MeCN,56.5148544119644,7950128.0
5515,6-Quinolineboronic acid pinacol ester,"1f, 6-BPin-Q",1,0.0004,"2d, Bromide",1,Pd(OAc)2,0.0625,SPhos,0.125,LiOtBu,2.5,MeCN,50.7104664860982,11869593.0
5516,6-Quinolineboronic acid pinacol ester,"1f, 6-BPin-Q",1,0.0004,"2d, Bromide",1,Pd(OAc)2,0.0625,dtbpf,0.125,LiOtBu,2.5,MeCN,25.7838841025207,4403626.5
5517,6-Quinolineboronic acid pinacol ester,"1f, 6-BPin-Q",1,0.0004,"2d, Bromide",1,Pd(OAc)2,0.0625,XPhos,0.125,LiOtBu,2.5,MeCN,44.7152285728022,11875207.0
5518,6-Quinolineboronic acid pinacol ester,"1f, 6-BPin-Q",1,0.0004,"2d, Bromide",1,Pd(OAc)2,0.0625,dppf,0.125,LiOtBu,2.5,MeCN,0.0,783652.875
5519,6-Quinolineboronic acid pinacol ester,"1f, 6-BPin-Q",1,0.0004,"2d, Bromide",1,Pd(OAc)2,0.0625,Xantphos,0.125,LiOtBu,2.5,MeCN,0.0,417231.09375
5520,6-Quinolineboronic acid pinacol ester,"1f, 6-BPin-Q",1,0.0004,"2d, Bromide",1,Pd(OAc)2,0.0625,,,LiOtBu,2.5,MeCN,51.334598789855,14980278.0
5521,6-Quinolineboronic acid pinacol ester,"1f, 6-BPin-Q",1,0.0004,"2d, Bromide",1,Pd(OAc)2,0.0625,P(tBu)3,0.125,NaHCO3,2.5,MeCN,88.2209840463928,19003122.0
5522,6-Quinolineboronic acid pinacol ester,"1f, 6-BPin-Q",1,0.0004,"2d, Bromide",1,Pd(OAc)2,0.0625,P(Ph)3 ,0.125,NaHCO3,2.5,MeCN,75.1400086893048,15757298.0
5523,6-Quinolineboronic acid pinacol ester,"1f, 6-BPin-Q",1,0.0004,"2d, Bromide",1,Pd(OAc)2,0.0625,AmPhos,0.125,NaHCO3,2.5,MeCN,81.9438213480984,18581650.0
5524,6-Quinolineboronic acid pinacol ester,"1f, 6-BPin-Q",1,0.0004,"2d, Bromide",1,Pd(OAc)2,0.0625,P(Cy)3,0.125,NaHCO3,2.5,MeCN,61.38292019902,11750183.0
5525,6-Quinolineboronic acid pinacol ester,"1f, 6-BPin-Q",1,0.0004,"2d, Bromide",1,Pd(OAc)2,0.0625,P(o-Tol)3,0.125,NaHCO3,2.5,MeCN,56.1186651236832,12195946.0
5526,6-Quinolineboronic acid pinacol ester,"1f, 6-BPin-Q",1,0.0004,"2d, Bromide",1,Pd(OAc)2,0.0625,CataCXium A,0.125,NaHCO3,2.5,MeCN,61.7467073140738,7832740.0
5527,6-Quinolineboronic acid pinacol ester,"1f, 6-BPin-Q",1,0.0004,"2d, Bromide",1,Pd(OAc)2,0.0625,SPhos,0.125,NaHCO3,2.5,MeCN,48.4118691779439,13607133.0
5528,6-Quinolineboronic acid pinacol ester,"1f, 6-BPin-Q",1,0.0004,"2d, Bromide",1,Pd(OAc)2,0.0625,dtbpf,0.125,NaHCO3,2.5,MeCN,29.1703087850775,5130854.0
5529,6-Quinolineboronic acid pinacol ester,"1f, 6-BPin-Q",1,0.0004,"2d, Bromide",1,Pd(OAc)2,0.0625,XPhos,0.125,NaHCO3,2.5,MeCN,54.6068519663725,10272918.0
5530,6-Quinolineboronic acid pinacol ester,"1f, 6-BPin-Q",1,0.0004,"2d, Bromide",1,Pd(OAc)2,0.0625,dppf,0.125,NaHCO3,2.5,MeCN,28.4839340642934,5405125.5
5531,6-Quinolineboronic acid pinacol ester,"1f, 6-BPin-Q",1,0.0004,"2d, Bromide",1,Pd(OAc)2,0.0625,Xantphos,0.125,NaHCO3,2.5,MeCN,0.0,1183529.5
5532,6-Quinolineboronic acid pinacol ester,"1f, 6-BPin-Q",1,0.0004,"2d, Bromide",1,Pd(OAc)2,0.0625,,,NaHCO3,2.5,MeCN,40.6415194894481,12302769.0
5533,6-Quinolineboronic acid pinacol ester,"1f, 6-BPin-Q",1,0.0004,"2d, Bromide",1,Pd(OAc)2,0.0625,P(tBu)3,0.125,Et3N,2.5,MeCN,64.227244085631,16013559.0
5534,6-Quinolineboronic acid pinacol ester,"1f, 6-BPin-Q",1,0.0004,"2d, Bromide",1,Pd(OAc)2,0.0625,P(Ph)3 ,0.125,Et3N,2.5,MeCN,57.0635633655689,10843225.0
5535,6-Quinolineboronic acid pinacol ester,"1f, 6-BPin-Q",1,0.0004,"2d, Bromide",1,Pd(OAc)2,0.0625,AmPhos,0.125,Et3N,2.5,MeCN,70.113106485117,16051965.0
5536,6-Quinolineboronic acid pinacol ester,"1f, 6-BPin-Q",1,0.0004,"2d, Bromide",1,Pd(OAc)2,0.0625,P(Cy)3,0.125,Et3N,2.5,MeCN,38.2055979619143,7716455.0
5537,6-Quinolineboronic acid pinacol ester,"1f, 6-BPin-Q",1,0.0004,"2d, Bromide",1,Pd(OAc)2,0.0625,P(o-Tol)3,0.125,Et3N,2.5,MeCN,45.2611246248379,10963087.0
5538,6-Quinolineboronic acid pinacol ester,"1f, 6-BPin-Q",1,0.0004,"2d, Bromide",1,Pd(OAc)2,0.0625,CataCXium A,0.125,Et3N,2.5,MeCN,59.7280220221039,8386134.5
5539,6-Quinolineboronic acid pinacol ester,"1f, 6-BPin-Q",1,0.0004,"2d, Bromide",1,Pd(OAc)2,0.0625,SPhos,0.125,Et3N,2.5,MeCN,39.8725027249995,8581313.0
5540,6-Quinolineboronic acid pinacol ester,"1f, 6-BPin-Q",1,0.0004,"2d, Bromide",1,Pd(OAc)2,0.0625,dtbpf,0.125,Et3N,2.5,MeCN,20.7221426558964,6751857.0
5541,6-Quinolineboronic acid pinacol ester,"1f, 6-BPin-Q",1,0.0004,"2d, Bromide",1,Pd(OAc)2,0.0625,XPhos,0.125,Et3N,2.5,MeCN,35.988446165376,8697849.0
5542,6-Quinolineboronic acid pinacol ester,"1f, 6-BPin-Q",1,0.0004,"2d, Bromide",1,Pd(OAc)2,0.0625,dppf,0.125,Et3N,2.5,MeCN,27.9568154671562,4509714.5
5543,6-Quinolineboronic acid pinacol ester,"1f, 6-BPin-Q",1,0.0004,"2d, Bromide",1,Pd(OAc)2,0.0625,Xantphos,0.125,Et3N,2.5,MeCN,0.0,710653.6875
5544,6-Quinolineboronic acid pinacol ester,"1f, 6-BPin-Q",1,0.0004,"2d, Bromide",1,Pd(OAc)2,0.0625,,,Et3N,2.5,MeCN,28.3707266756728,7325518.5
5545,6-Quinolineboronic acid pinacol ester,"1f, 6-BPin-Q",1,0.0004,"2d, Bromide",1,Pd(OAc)2,0.0625,P(tBu)3,0.125,CsF,2.5,MeCN,54.8281752530539,11324527.0
5546,6-Quinolineboronic acid pinacol ester,"1f, 6-BPin-Q",1,0.0004,"2d, Bromide",1,Pd(OAc)2,0.0625,P(Ph)3 ,0.125,CsF,2.5,MeCN,52.1307659906051,11766144.0
5547,6-Quinolineboronic acid pinacol ester,"1f, 6-BPin-Q",1,0.0004,"2d, Bromide",1,Pd(OAc)2,0.0625,AmPhos,0.125,CsF,2.5,MeCN,62.4670932186642,13942814.0
5548,6-Quinolineboronic acid pinacol ester,"1f, 6-BPin-Q",1,0.0004,"2d, Bromide",1,Pd(OAc)2,0.0625,P(Cy)3,0.125,CsF,2.5,MeCN,40.5611516012835,8330084.5
5549,6-Quinolineboronic acid pinacol ester,"1f, 6-BPin-Q",1,0.0004,"2d, Bromide",1,Pd(OAc)2,0.0625,P(o-Tol)3,0.125,CsF,2.5,MeCN,58.3640272130923,13008030.0
5550,6-Quinolineboronic acid pinacol ester,"1f, 6-BPin-Q",1,0.0004,"2d, Bromide",1,Pd(OAc)2,0.0625,CataCXium A,0.125,CsF,2.5,MeCN,65.7934483066571,10655535.0
5551,6-Quinolineboronic acid pinacol ester,"1f, 6-BPin-Q",1,0.0004,"2d, Bromide",1,Pd(OAc)2,0.0625,SPhos,0.125,CsF,2.5,MeCN,58.4700003325361,13540413.0
5552,6-Quinolineboronic acid pinacol ester,"1f, 6-BPin-Q",1,0.0004,"2d, Bromide",1,Pd(OAc)2,0.0625,dtbpf,0.125,CsF,2.5,MeCN,36.5695082111923,7726123.0
5553,6-Quinolineboronic acid pinacol ester,"1f, 6-BPin-Q",1,0.0004,"2d, Bromide",1,Pd(OAc)2,0.0625,XPhos,0.125,CsF,2.5,MeCN,68.9479003409007,16168456.0
5554,6-Quinolineboronic acid pinacol ester,"1f, 6-BPin-Q",1,0.0004,"2d, Bromide",1,Pd(OAc)2,0.0625,dppf,0.125,CsF,2.5,MeCN,43.835018929293,7817258.5
5555,6-Quinolineboronic acid pinacol ester,"1f, 6-BPin-Q",1,0.0004,"2d, Bromide",1,Pd(OAc)2,0.0625,Xantphos,0.125,CsF,2.5,MeCN,0.0,1218890.0
5556,6-Quinolineboronic acid pinacol ester,"1f, 6-BPin-Q",1,0.0004,"2d, Bromide",1,Pd(OAc)2,0.0625,,,CsF,2.5,MeCN,44.4313003194407,12058399.0
5557,6-Quinolineboronic acid pinacol ester,"1f, 6-BPin-Q",1,0.0004,"2d, Bromide",1,Pd(OAc)2,0.0625,P(tBu)3,0.125,K3PO4,2.5,MeCN,80.5675305457297,17744734.0
5558,6-Quinolineboronic acid pinacol ester,"1f, 6-BPin-Q",1,0.0004,"2d, Bromide",1,Pd(OAc)2,0.0625,P(Ph)3 ,0.125,K3PO4,2.5,MeCN,70.5789958844365,18086554.0
5559,6-Quinolineboronic acid pinacol ester,"1f, 6-BPin-Q",1,0.0004,"2d, Bromide",1,Pd(OAc)2,0.0625,AmPhos,0.125,K3PO4,2.5,MeCN,81.5085438292165,16692293.0
5560,6-Quinolineboronic acid pinacol ester,"1f, 6-BPin-Q",1,0.0004,"2d, Bromide",1,Pd(OAc)2,0.0625,P(Cy)3,0.125,K3PO4,2.5,MeCN,44.0670274743756,7009126.5
5561,6-Quinolineboronic acid pinacol ester,"1f, 6-BPin-Q",1,0.0004,"2d, Bromide",1,Pd(OAc)2,0.0625,P(o-Tol)3,0.125,K3PO4,2.5,MeCN,67.8803607765313,18906012.0
5562,6-Quinolineboronic acid pinacol ester,"1f, 6-BPin-Q",1,0.0004,"2d, Bromide",1,Pd(OAc)2,0.0625,CataCXium A,0.125,K3PO4,2.5,MeCN,74.7328140998358,13904015.0
5563,6-Quinolineboronic acid pinacol ester,"1f, 6-BPin-Q",1,0.0004,"2d, Bromide",1,Pd(OAc)2,0.0625,SPhos,0.125,K3PO4,2.5,MeCN,67.832553692968,16445683.0
5564,6-Quinolineboronic acid pinacol ester,"1f, 6-BPin-Q",1,0.0004,"2d, Bromide",1,Pd(OAc)2,0.0625,dtbpf,0.125,K3PO4,2.5,MeCN,0.0,5789540.0
5565,6-Quinolineboronic acid pinacol ester,"1f, 6-BPin-Q",1,0.0004,"2d, Bromide",1,Pd(OAc)2,0.0625,XPhos,0.125,K3PO4,2.5,MeCN,71.0490658915541,21182632.0
5566,6-Quinolineboronic acid pinacol ester,"1f, 6-BPin-Q",1,0.0004,"2d, Bromide",1,Pd(OAc)2,0.0625,dppf,0.125,K3PO4,2.5,MeCN,36.4733396766695,6910642.5
5567,6-Quinolineboronic acid pinacol ester,"1f, 6-BPin-Q",1,0.0004,"2d, Bromide",1,Pd(OAc)2,0.0625,Xantphos,0.125,K3PO4,2.5,MeCN,0.0,1368429.375
5568,6-Quinolineboronic acid pinacol ester,"1f, 6-BPin-Q",1,0.0004,"2d, Bromide",1,Pd(OAc)2,0.0625,,,K3PO4,2.5,MeCN,52.1959774520314,11700997.0
5569,6-Quinolineboronic acid pinacol ester,"1f, 6-BPin-Q",1,0.0004,"2d, Bromide",1,Pd(OAc)2,0.0625,P(tBu)3,0.125,,2.5,THF,70.2957524391419,21378738.0
5570,6-Quinolineboronic acid pinacol ester,"1f, 6-BPin-Q",1,0.0004,"2d, Bromide",1,Pd(OAc)2,0.0625,P(Ph)3 ,0.125,,2.5,THF,56.0306908770842,14463990.0
5571,6-Quinolineboronic acid pinacol ester,"1f, 6-BPin-Q",1,0.0004,"2d, Bromide",1,Pd(OAc)2,0.0625,AmPhos,0.125,,2.5,THF,50.4121024624117,14677406.0
5572,6-Quinolineboronic acid pinacol ester,"1f, 6-BPin-Q",1,0.0004,"2d, Bromide",1,Pd(OAc)2,0.0625,P(Cy)3,0.125,,2.5,THF,37.8060935832344,10260810.0
5573,6-Quinolineboronic acid pinacol ester,"1f, 6-BPin-Q",1,0.0004,"2d, Bromide",1,Pd(OAc)2,0.0625,P(o-Tol)3,0.125,,2.5,THF,50.0439689167549,14185505.0
5574,6-Quinolineboronic acid pinacol ester,"1f, 6-BPin-Q",1,0.0004,"2d, Bromide",1,Pd(OAc)2,0.0625,CataCXium A,0.125,,2.5,THF,56.7188093810919,10566554.0
5575,6-Quinolineboronic acid pinacol ester,"1f, 6-BPin-Q",1,0.0004,"2d, Bromide",1,Pd(OAc)2,0.0625,SPhos,0.125,,2.5,THF,35.855337370817,10124548.0
5576,6-Quinolineboronic acid pinacol ester,"1f, 6-BPin-Q",1,0.0004,"2d, Bromide",1,Pd(OAc)2,0.0625,dtbpf,0.125,,2.5,THF,47.1289026401478,13147141.0
5577,6-Quinolineboronic acid pinacol ester,"1f, 6-BPin-Q",1,0.0004,"2d, Bromide",1,Pd(OAc)2,0.0625,XPhos,0.125,,2.5,THF,35.78830188517,10918850.0
5578,6-Quinolineboronic acid pinacol ester,"1f, 6-BPin-Q",1,0.0004,"2d, Bromide",1,Pd(OAc)2,0.0625,dppf,0.125,,2.5,THF,27.7682498149256,3508956.0
5579,6-Quinolineboronic acid pinacol ester,"1f, 6-BPin-Q",1,0.0004,"2d, Bromide",1,Pd(OAc)2,0.0625,Xantphos,0.125,,2.5,THF,19.1247465596454,2680592.5
5580,6-Quinolineboronic acid pinacol ester,"1f, 6-BPin-Q",1,0.0004,"2d, Bromide",1,Pd(OAc)2,0.0625,,,,2.5,THF,30.2546546454029,9226752.0
5581,6-Quinolineboronic acid pinacol ester,"1f, 6-BPin-Q",1,0.0004,"2d, Bromide",1,Pd(OAc)2,0.0625,P(tBu)3,0.125,NaOH,2.5,THF,67.5024588056303,17029712.0
5582,6-Quinolineboronic acid pinacol ester,"1f, 6-BPin-Q",1,0.0004,"2d, Bromide",1,Pd(OAc)2,0.0625,P(Ph)3 ,0.125,NaOH,2.5,THF,64.1378120057272,15928607.0
5583,6-Quinolineboronic acid pinacol ester,"1f, 6-BPin-Q",1,0.0004,"2d, Bromide",1,Pd(OAc)2,0.0625,AmPhos,0.125,NaOH,2.5,THF,47.9218535921522,13022397.0
5584,6-Quinolineboronic acid pinacol ester,"1f, 6-BPin-Q",1,0.0004,"2d, Bromide",1,Pd(OAc)2,0.0625,P(Cy)3,0.125,NaOH,2.5,THF,35.3959511086483,8772945.0
5585,6-Quinolineboronic acid pinacol ester,"1f, 6-BPin-Q",1,0.0004,"2d, Bromide",1,Pd(OAc)2,0.0625,P(o-Tol)3,0.125,NaOH,2.5,THF,61.3286343610776,17008014.0
5586,6-Quinolineboronic acid pinacol ester,"1f, 6-BPin-Q",1,0.0004,"2d, Bromide",1,Pd(OAc)2,0.0625,CataCXium A,0.125,NaOH,2.5,THF,56.0641281595338,9820263.0
5587,6-Quinolineboronic acid pinacol ester,"1f, 6-BPin-Q",1,0.0004,"2d, Bromide",1,Pd(OAc)2,0.0625,SPhos,0.125,NaOH,2.5,THF,57.7806086862015,15979451.0
5588,6-Quinolineboronic acid pinacol ester,"1f, 6-BPin-Q",1,0.0004,"2d, Bromide",1,Pd(OAc)2,0.0625,dtbpf,0.125,NaOH,2.5,THF,60.1766506324625,14901375.0
5589,6-Quinolineboronic acid pinacol ester,"1f, 6-BPin-Q",1,0.0004,"2d, Bromide",1,Pd(OAc)2,0.0625,XPhos,0.125,NaOH,2.5,THF,63.0817502545375,19084818.0
5590,6-Quinolineboronic acid pinacol ester,"1f, 6-BPin-Q",1,0.0004,"2d, Bromide",1,Pd(OAc)2,0.0625,dppf,0.125,NaOH,2.5,THF,0.0,936341.375
5591,6-Quinolineboronic acid pinacol ester,"1f, 6-BPin-Q",1,0.0004,"2d, Bromide",1,Pd(OAc)2,0.0625,Xantphos,0.125,NaOH,2.5,THF,0.0,1158269.875
5592,6-Quinolineboronic acid pinacol ester,"1f, 6-BPin-Q",1,0.0004,"2d, Bromide",1,Pd(OAc)2,0.0625,,,NaOH,2.5,THF,54.302535968556,17335842.0
5593,6-Quinolineboronic acid pinacol ester,"1f, 6-BPin-Q",1,0.0004,"2d, Bromide",1,Pd(OAc)2,0.0625,P(tBu)3,0.125,KOH,2.5,THF,77.7850022403559,21479738.0
5594,6-Quinolineboronic acid pinacol ester,"1f, 6-BPin-Q",1,0.0004,"2d, Bromide",1,Pd(OAc)2,0.0625,P(Ph)3 ,0.125,KOH,2.5,THF,63.1860930159467,15442739.0
5595,6-Quinolineboronic acid pinacol ester,"1f, 6-BPin-Q",1,0.0004,"2d, Bromide",1,Pd(OAc)2,0.0625,AmPhos,0.125,KOH,2.5,THF,36.7493200716029,10200750.0
5596,6-Quinolineboronic acid pinacol ester,"1f, 6-BPin-Q",1,0.0004,"2d, Bromide",1,Pd(OAc)2,0.0625,P(Cy)3,0.125,KOH,2.5,THF,38.1033932706236,10388796.0
5597,6-Quinolineboronic acid pinacol ester,"1f, 6-BPin-Q",1,0.0004,"2d, Bromide",1,Pd(OAc)2,0.0625,P(o-Tol)3,0.125,KOH,2.5,THF,71.557088365774,20904276.0
5598,6-Quinolineboronic acid pinacol ester,"1f, 6-BPin-Q",1,0.0004,"2d, Bromide",1,Pd(OAc)2,0.0625,CataCXium A,0.125,KOH,2.5,THF,53.8335040106834,8873977.0
5599,6-Quinolineboronic acid pinacol ester,"1f, 6-BPin-Q",1,0.0004,"2d, Bromide",1,Pd(OAc)2,0.0625,SPhos,0.125,KOH,2.5,THF,50.0973159699773,13273034.0
5600,6-Quinolineboronic acid pinacol ester,"1f, 6-BPin-Q",1,0.0004,"2d, Bromide",1,Pd(OAc)2,0.0625,dtbpf,0.125,KOH,2.5,THF,57.9321875790688,15202583.0
5601,6-Quinolineboronic acid pinacol ester,"1f, 6-BPin-Q",1,0.0004,"2d, Bromide",1,Pd(OAc)2,0.0625,XPhos,0.125,KOH,2.5,THF,70.58607733839,20149660.0
5602,6-Quinolineboronic acid pinacol ester,"1f, 6-BPin-Q",1,0.0004,"2d, Bromide",1,Pd(OAc)2,0.0625,dppf,0.125,KOH,2.5,THF,0.0,1849340.625
5603,6-Quinolineboronic acid pinacol ester,"1f, 6-BPin-Q",1,0.0004,"2d, Bromide",1,Pd(OAc)2,0.0625,Xantphos,0.125,KOH,2.5,THF,0.0,1119926.375
5604,6-Quinolineboronic acid pinacol ester,"1f, 6-BPin-Q",1,0.0004,"2d, Bromide",1,Pd(OAc)2,0.0625,,,KOH,2.5,THF,56.9316978948369,19116682.0
5605,6-Quinolineboronic acid pinacol ester,"1f, 6-BPin-Q",1,0.0004,"2d, Bromide",1,Pd(OAc)2,0.0625,P(tBu)3,0.125,LiOtBu,2.5,THF,70.286674828684,17226844.0
5606,6-Quinolineboronic acid pinacol ester,"1f, 6-BPin-Q",1,0.0004,"2d, Bromide",1,Pd(OAc)2,0.0625,P(Ph)3 ,0.125,LiOtBu,2.5,THF,68.3541510299353,18090170.0
5607,6-Quinolineboronic acid pinacol ester,"1f, 6-BPin-Q",1,0.0004,"2d, Bromide",1,Pd(OAc)2,0.0625,AmPhos,0.125,LiOtBu,2.5,THF,38.8028869039984,9916547.0
5608,6-Quinolineboronic acid pinacol ester,"1f, 6-BPin-Q",1,0.0004,"2d, Bromide",1,Pd(OAc)2,0.0625,P(Cy)3,0.125,LiOtBu,2.5,THF,28.756321384313,5005046.0
5609,6-Quinolineboronic acid pinacol ester,"1f, 6-BPin-Q",1,0.0004,"2d, Bromide",1,Pd(OAc)2,0.0625,P(o-Tol)3,0.125,LiOtBu,2.5,THF,62.6593761992153,16497188.0
5610,6-Quinolineboronic acid pinacol ester,"1f, 6-BPin-Q",1,0.0004,"2d, Bromide",1,Pd(OAc)2,0.0625,CataCXium A,0.125,LiOtBu,2.5,THF,47.8671317646804,5977132.5
5611,6-Quinolineboronic acid pinacol ester,"1f, 6-BPin-Q",1,0.0004,"2d, Bromide",1,Pd(OAc)2,0.0625,SPhos,0.125,LiOtBu,2.5,THF,48.3344079651511,12804056.0
5612,6-Quinolineboronic acid pinacol ester,"1f, 6-BPin-Q",1,0.0004,"2d, Bromide",1,Pd(OAc)2,0.0625,dtbpf,0.125,LiOtBu,2.5,THF,43.1713921873563,10250960.0
5613,6-Quinolineboronic acid pinacol ester,"1f, 6-BPin-Q",1,0.0004,"2d, Bromide",1,Pd(OAc)2,0.0625,XPhos,0.125,LiOtBu,2.5,THF,58.607013357456,15908210.0
5614,6-Quinolineboronic acid pinacol ester,"1f, 6-BPin-Q",1,0.0004,"2d, Bromide",1,Pd(OAc)2,0.0625,dppf,0.125,LiOtBu,2.5,THF,0.0,565208.625
5615,6-Quinolineboronic acid pinacol ester,"1f, 6-BPin-Q",1,0.0004,"2d, Bromide",1,Pd(OAc)2,0.0625,Xantphos,0.125,LiOtBu,2.5,THF,0.0,1759536.375
5616,6-Quinolineboronic acid pinacol ester,"1f, 6-BPin-Q",1,0.0004,"2d, Bromide",1,Pd(OAc)2,0.0625,,,LiOtBu,2.5,THF,40.5491871942897,11089488.0
5617,6-Quinolineboronic acid pinacol ester,"1f, 6-BPin-Q",1,0.0004,"2d, Bromide",1,Pd(OAc)2,0.0625,P(tBu)3,0.125,NaHCO3,2.5,THF,77.3480116259125,19464796.0
5618,6-Quinolineboronic acid pinacol ester,"1f, 6-BPin-Q",1,0.0004,"2d, Bromide",1,Pd(OAc)2,0.0625,P(Ph)3 ,0.125,NaHCO3,2.5,THF,79.1217805116348,18840626.0
5619,6-Quinolineboronic acid pinacol ester,"1f, 6-BPin-Q",1,0.0004,"2d, Bromide",1,Pd(OAc)2,0.0625,AmPhos,0.125,NaHCO3,2.5,THF,53.5328366445931,14446346.0
5620,6-Quinolineboronic acid pinacol ester,"1f, 6-BPin-Q",1,0.0004,"2d, Bromide",1,Pd(OAc)2,0.0625,P(Cy)3,0.125,NaHCO3,2.5,THF,58.56091950808,15136830.0
5621,6-Quinolineboronic acid pinacol ester,"1f, 6-BPin-Q",1,0.0004,"2d, Bromide",1,Pd(OAc)2,0.0625,P(o-Tol)3,0.125,NaHCO3,2.5,THF,80.2718189961346,21346318.0
5622,6-Quinolineboronic acid pinacol ester,"1f, 6-BPin-Q",1,0.0004,"2d, Bromide",1,Pd(OAc)2,0.0625,CataCXium A,0.125,NaHCO3,2.5,THF,70.1797748947199,11810454.0
5623,6-Quinolineboronic acid pinacol ester,"1f, 6-BPin-Q",1,0.0004,"2d, Bromide",1,Pd(OAc)2,0.0625,SPhos,0.125,NaHCO3,2.5,THF,65.0548750158145,18577058.0
5624,6-Quinolineboronic acid pinacol ester,"1f, 6-BPin-Q",1,0.0004,"2d, Bromide",1,Pd(OAc)2,0.0625,dtbpf,0.125,NaHCO3,2.5,THF,64.8464359725625,16870576.0
5625,6-Quinolineboronic acid pinacol ester,"1f, 6-BPin-Q",1,0.0004,"2d, Bromide",1,Pd(OAc)2,0.0625,XPhos,0.125,NaHCO3,2.5,THF,71.1418779605743,19400192.0
5626,6-Quinolineboronic acid pinacol ester,"1f, 6-BPin-Q",1,0.0004,"2d, Bromide",1,Pd(OAc)2,0.0625,dppf,0.125,NaHCO3,2.5,THF,24.6595013693757,2380783.0
5627,6-Quinolineboronic acid pinacol ester,"1f, 6-BPin-Q",1,0.0004,"2d, Bromide",1,Pd(OAc)2,0.0625,Xantphos,0.125,NaHCO3,2.5,THF,0.0,1013813.625
5628,6-Quinolineboronic acid pinacol ester,"1f, 6-BPin-Q",1,0.0004,"2d, Bromide",1,Pd(OAc)2,0.0625,,,NaHCO3,2.5,THF,42.4894886973011,12918883.0
5629,6-Quinolineboronic acid pinacol ester,"1f, 6-BPin-Q",1,0.0004,"2d, Bromide",1,Pd(OAc)2,0.0625,P(tBu)3,0.125,Et3N,2.5,THF,68.2124419101407,17134320.0
5630,6-Quinolineboronic acid pinacol ester,"1f, 6-BPin-Q",1,0.0004,"2d, Bromide",1,Pd(OAc)2,0.0625,P(Ph)3 ,0.125,Et3N,2.5,THF,72.7188298655934,16560847.0
5631,6-Quinolineboronic acid pinacol ester,"1f, 6-BPin-Q",1,0.0004,"2d, Bromide",1,Pd(OAc)2,0.0625,AmPhos,0.125,Et3N,2.5,THF,0.0,13399985.0
5632,6-Quinolineboronic acid pinacol ester,"1f, 6-BPin-Q",1,0.0004,"2d, Bromide",1,Pd(OAc)2,0.0625,P(Cy)3,0.125,Et3N,2.5,THF,40.1264812291235,9276137.0
5633,6-Quinolineboronic acid pinacol ester,"1f, 6-BPin-Q",1,0.0004,"2d, Bromide",1,Pd(OAc)2,0.0625,P(o-Tol)3,0.125,Et3N,2.5,THF,68.7152945875485,16665387.0
5634,6-Quinolineboronic acid pinacol ester,"1f, 6-BPin-Q",1,0.0004,"2d, Bromide",1,Pd(OAc)2,0.0625,CataCXium A,0.125,Et3N,2.5,THF,60.6020077720916,2610991.25
5635,6-Quinolineboronic acid pinacol ester,"1f, 6-BPin-Q",1,0.0004,"2d, Bromide",1,Pd(OAc)2,0.0625,SPhos,0.125,Et3N,2.5,THF,42.0199649937649,11398275.0
5636,6-Quinolineboronic acid pinacol ester,"1f, 6-BPin-Q",1,0.0004,"2d, Bromide",1,Pd(OAc)2,0.0625,dtbpf,0.125,Et3N,2.5,THF,48.3376619280575,11111876.0
5637,6-Quinolineboronic acid pinacol ester,"1f, 6-BPin-Q",1,0.0004,"2d, Bromide",1,Pd(OAc)2,0.0625,XPhos,0.125,Et3N,2.5,THF,53.7665846026904,15122047.0
5638,6-Quinolineboronic acid pinacol ester,"1f, 6-BPin-Q",1,0.0004,"2d, Bromide",1,Pd(OAc)2,0.0625,dppf,0.125,Et3N,2.5,THF,0.0,1941079.5
5639,6-Quinolineboronic acid pinacol ester,"1f, 6-BPin-Q",1,0.0004,"2d, Bromide",1,Pd(OAc)2,0.0625,Xantphos,0.125,Et3N,2.5,THF,0.0,1735861.5
5640,6-Quinolineboronic acid pinacol ester,"1f, 6-BPin-Q",1,0.0004,"2d, Bromide",1,Pd(OAc)2,0.0625,,,Et3N,2.5,THF,35.3163155116507,9699371.0
5641,6-Quinolineboronic acid pinacol ester,"1f, 6-BPin-Q",1,0.0004,"2d, Bromide",1,Pd(OAc)2,0.0625,P(tBu)3,0.125,CsF,2.5,THF,60.8872116351561,16723324.0
5642,6-Quinolineboronic acid pinacol ester,"1f, 6-BPin-Q",1,0.0004,"2d, Bromide",1,Pd(OAc)2,0.0625,P(Ph)3 ,0.125,CsF,2.5,THF,59.8914483664978,14302213.0
5643,6-Quinolineboronic acid pinacol ester,"1f, 6-BPin-Q",1,0.0004,"2d, Bromide",1,Pd(OAc)2,0.0625,AmPhos,0.125,CsF,2.5,THF,54.9114586836727,15685736.0
5644,6-Quinolineboronic acid pinacol ester,"1f, 6-BPin-Q",1,0.0004,"2d, Bromide",1,Pd(OAc)2,0.0625,P(Cy)3,0.125,CsF,2.5,THF,37.7631671312199,8854978.0
5645,6-Quinolineboronic acid pinacol ester,"1f, 6-BPin-Q",1,0.0004,"2d, Bromide",1,Pd(OAc)2,0.0625,P(o-Tol)3,0.125,CsF,2.5,THF,52.3428548638396,15249376.0
5646,6-Quinolineboronic acid pinacol ester,"1f, 6-BPin-Q",1,0.0004,"2d, Bromide",1,Pd(OAc)2,0.0625,CataCXium A,0.125,CsF,2.5,THF,60.0642302604528,12830829.0
5647,6-Quinolineboronic acid pinacol ester,"1f, 6-BPin-Q",1,0.0004,"2d, Bromide",1,Pd(OAc)2,0.0625,SPhos,0.125,CsF,2.5,THF,36.7317689128947,11197510.0
5648,6-Quinolineboronic acid pinacol ester,"1f, 6-BPin-Q",1,0.0004,"2d, Bromide",1,Pd(OAc)2,0.0625,dtbpf,0.125,CsF,2.5,THF,46.5057792739368,12958817.0
5649,6-Quinolineboronic acid pinacol ester,"1f, 6-BPin-Q",1,0.0004,"2d, Bromide",1,Pd(OAc)2,0.0625,XPhos,0.125,CsF,2.5,THF,40.8554374556183,12120256.0
5650,6-Quinolineboronic acid pinacol ester,"1f, 6-BPin-Q",1,0.0004,"2d, Bromide",1,Pd(OAc)2,0.0625,dppf,0.125,CsF,2.5,THF,0.0,1797803.375
5651,6-Quinolineboronic acid pinacol ester,"1f, 6-BPin-Q",1,0.0004,"2d, Bromide",1,Pd(OAc)2,0.0625,Xantphos,0.125,CsF,2.5,THF,0.0,1050604.75
5652,6-Quinolineboronic acid pinacol ester,"1f, 6-BPin-Q",1,0.0004,"2d, Bromide",1,Pd(OAc)2,0.0625,,,CsF,2.5,THF,33.4610945229337,10466803.0
5653,6-Quinolineboronic acid pinacol ester,"1f, 6-BPin-Q",1,0.0004,"2d, Bromide",1,Pd(OAc)2,0.0625,P(tBu)3,0.125,K3PO4,2.5,THF,61.2986349662821,16117734.0
5654,6-Quinolineboronic acid pinacol ester,"1f, 6-BPin-Q",1,0.0004,"2d, Bromide",1,Pd(OAc)2,0.0625,P(Ph)3 ,0.125,K3PO4,2.5,THF,57.1672162152015,16027261.0
5655,6-Quinolineboronic acid pinacol ester,"1f, 6-BPin-Q",1,0.0004,"2d, Bromide",1,Pd(OAc)2,0.0625,AmPhos,0.125,K3PO4,2.5,THF,51.1924782569157,15652559.0
5656,6-Quinolineboronic acid pinacol ester,"1f, 6-BPin-Q",1,0.0004,"2d, Bromide",1,Pd(OAc)2,0.0625,P(Cy)3,0.125,K3PO4,2.5,THF,35.3886712441939,9763014.0
5657,6-Quinolineboronic acid pinacol ester,"1f, 6-BPin-Q",1,0.0004,"2d, Bromide",1,Pd(OAc)2,0.0625,P(o-Tol)3,0.125,K3PO4,2.5,THF,55.4814932936932,16612524.0
5658,6-Quinolineboronic acid pinacol ester,"1f, 6-BPin-Q",1,0.0004,"2d, Bromide",1,Pd(OAc)2,0.0625,CataCXium A,0.125,K3PO4,2.5,THF,50.5918131985395,9637017.0
5659,6-Quinolineboronic acid pinacol ester,"1f, 6-BPin-Q",1,0.0004,"2d, Bromide",1,Pd(OAc)2,0.0625,SPhos,0.125,K3PO4,2.5,THF,45.9835978967173,14509485.0
5660,6-Quinolineboronic acid pinacol ester,"1f, 6-BPin-Q",1,0.0004,"2d, Bromide",1,Pd(OAc)2,0.0625,dtbpf,0.125,K3PO4,2.5,THF,58.3927858468441,16146329.0
5661,6-Quinolineboronic acid pinacol ester,"1f, 6-BPin-Q",1,0.0004,"2d, Bromide",1,Pd(OAc)2,0.0625,XPhos,0.125,K3PO4,2.5,THF,49.5122298999355,15905224.0
5662,6-Quinolineboronic acid pinacol ester,"1f, 6-BPin-Q",1,0.0004,"2d, Bromide",1,Pd(OAc)2,0.0625,dppf,0.125,K3PO4,2.5,THF,0.0,1223778.5
5663,6-Quinolineboronic acid pinacol ester,"1f, 6-BPin-Q",1,0.0004,"2d, Bromide",1,Pd(OAc)2,0.0625,Xantphos,0.125,K3PO4,2.5,THF,0.0,845348.3125
5664,6-Quinolineboronic acid pinacol ester,"1f, 6-BPin-Q",1,0.0004,"2d, Bromide",1,Pd(OAc)2,0.0625,,,K3PO4,2.5,THF,44.9185744718561,13407706.0
5665,6-Quinolineboronic acid pinacol ester,"1f, 6-BPin-Q",1,0.0004,"2d, Bromide",1,Pd(OAc)2,0.0625,P(tBu)3,0.125,,2.5,DMF,42.350156790759,11109215.0
5666,6-Quinolineboronic acid pinacol ester,"1f, 6-BPin-Q",1,0.0004,"2d, Bromide",1,Pd(OAc)2,0.0625,P(Ph)3 ,0.125,,2.5,DMF,46.4794126473778,13663059.0
5667,6-Quinolineboronic acid pinacol ester,"1f, 6-BPin-Q",1,0.0004,"2d, Bromide",1,Pd(OAc)2,0.0625,AmPhos,0.125,,2.5,DMF,52.3317855536389,12271644.0
5668,6-Quinolineboronic acid pinacol ester,"1f, 6-BPin-Q",1,0.0004,"2d, Bromide",1,Pd(OAc)2,0.0625,P(Cy)3,0.125,,2.5,DMF,34.2913935387131,11157060.0
5669,6-Quinolineboronic acid pinacol ester,"1f, 6-BPin-Q",1,0.0004,"2d, Bromide",1,Pd(OAc)2,0.0625,P(o-Tol)3,0.125,,2.5,DMF,37.8487475652315,10330081.0
5670,6-Quinolineboronic acid pinacol ester,"1f, 6-BPin-Q",1,0.0004,"2d, Bromide",1,Pd(OAc)2,0.0625,CataCXium A,0.125,,2.5,DMF,51.0096573047405,11076456.0
5671,6-Quinolineboronic acid pinacol ester,"1f, 6-BPin-Q",1,0.0004,"2d, Bromide",1,Pd(OAc)2,0.0625,SPhos,0.125,,2.5,DMF,30.0377112700302,7741030.0
5672,6-Quinolineboronic acid pinacol ester,"1f, 6-BPin-Q",1,0.0004,"2d, Bromide",1,Pd(OAc)2,0.0625,dtbpf,0.125,,2.5,DMF,33.3696816781211,9259050.0
5673,6-Quinolineboronic acid pinacol ester,"1f, 6-BPin-Q",1,0.0004,"2d, Bromide",1,Pd(OAc)2,0.0625,XPhos,0.125,,2.5,DMF,29.8034754370022,8763483.0
5674,6-Quinolineboronic acid pinacol ester,"1f, 6-BPin-Q",1,0.0004,"2d, Bromide",1,Pd(OAc)2,0.0625,dppf,0.125,,2.5,DMF,34.2653980231845,6516000.5
5675,6-Quinolineboronic acid pinacol ester,"1f, 6-BPin-Q",1,0.0004,"2d, Bromide",1,Pd(OAc)2,0.0625,Xantphos,0.125,,2.5,DMF,0.0,553014.125
5676,6-Quinolineboronic acid pinacol ester,"1f, 6-BPin-Q",1,0.0004,"2d, Bromide",1,Pd(OAc)2,0.0625,,,,2.5,DMF,20.9674424602933,5006998.5
5677,6-Quinolineboronic acid pinacol ester,"1f, 6-BPin-Q",1,0.0004,"2d, Bromide",1,Pd(OAc)2,0.0625,P(tBu)3,0.125,NaOH,2.5,DMF,29.7552190686288,7631051.0
5678,6-Quinolineboronic acid pinacol ester,"1f, 6-BPin-Q",1,0.0004,"2d, Bromide",1,Pd(OAc)2,0.0625,P(Ph)3 ,0.125,NaOH,2.5,DMF,62.1855558699314,15516686.0
5679,6-Quinolineboronic acid pinacol ester,"1f, 6-BPin-Q",1,0.0004,"2d, Bromide",1,Pd(OAc)2,0.0625,AmPhos,0.125,NaOH,2.5,DMF,33.1333206725589,8757722.0
5680,6-Quinolineboronic acid pinacol ester,"1f, 6-BPin-Q",1,0.0004,"2d, Bromide",1,Pd(OAc)2,0.0625,P(Cy)3,0.125,NaOH,2.5,DMF,33.2217832555593,10057182.0
5681,6-Quinolineboronic acid pinacol ester,"1f, 6-BPin-Q",1,0.0004,"2d, Bromide",1,Pd(OAc)2,0.0625,P(o-Tol)3,0.125,NaOH,2.5,DMF,30.3300312396963,8598900.0
5682,6-Quinolineboronic acid pinacol ester,"1f, 6-BPin-Q",1,0.0004,"2d, Bromide",1,Pd(OAc)2,0.0625,CataCXium A,0.125,NaOH,2.5,DMF,31.9018551814307,5678671.0
5683,6-Quinolineboronic acid pinacol ester,"1f, 6-BPin-Q",1,0.0004,"2d, Bromide",1,Pd(OAc)2,0.0625,SPhos,0.125,NaOH,2.5,DMF,33.2132568223898,9142072.0
5684,6-Quinolineboronic acid pinacol ester,"1f, 6-BPin-Q",1,0.0004,"2d, Bromide",1,Pd(OAc)2,0.0625,dtbpf,0.125,NaOH,2.5,DMF,27.9678179250988,7951611.5
5685,6-Quinolineboronic acid pinacol ester,"1f, 6-BPin-Q",1,0.0004,"2d, Bromide",1,Pd(OAc)2,0.0625,XPhos,0.125,NaOH,2.5,DMF,15.1989665828146,7263431.0
5686,6-Quinolineboronic acid pinacol ester,"1f, 6-BPin-Q",1,0.0004,"2d, Bromide",1,Pd(OAc)2,0.0625,dppf,0.125,NaOH,2.5,DMF,0.0,389126.9375
5687,6-Quinolineboronic acid pinacol ester,"1f, 6-BPin-Q",1,0.0004,"2d, Bromide",1,Pd(OAc)2,0.0625,Xantphos,0.125,NaOH,2.5,DMF,0.0,554068.625
5688,6-Quinolineboronic acid pinacol ester,"1f, 6-BPin-Q",1,0.0004,"2d, Bromide",1,Pd(OAc)2,0.0625,,,NaOH,2.5,DMF,8.66784085282458,6366196.5
5689,6-Quinolineboronic acid pinacol ester,"1f, 6-BPin-Q",1,0.0004,"2d, Bromide",1,Pd(OAc)2,0.0625,P(tBu)3,0.125,KOH,2.5,DMF,9.41640641932071,4712890.0
5690,6-Quinolineboronic acid pinacol ester,"1f, 6-BPin-Q",1,0.0004,"2d, Bromide",1,Pd(OAc)2,0.0625,P(Ph)3 ,0.125,KOH,2.5,DMF,46.0931890452055,12119781.0
5691,6-Quinolineboronic acid pinacol ester,"1f, 6-BPin-Q",1,0.0004,"2d, Bromide",1,Pd(OAc)2,0.0625,AmPhos,0.125,KOH,2.5,DMF,13.9762663331884,6837874.0
5692,6-Quinolineboronic acid pinacol ester,"1f, 6-BPin-Q",1,0.0004,"2d, Bromide",1,Pd(OAc)2,0.0625,P(Cy)3,0.125,KOH,2.5,DMF,45.4505065344436,13182912.0
5693,6-Quinolineboronic acid pinacol ester,"1f, 6-BPin-Q",1,0.0004,"2d, Bromide",1,Pd(OAc)2,0.0625,P(o-Tol)3,0.125,KOH,2.5,DMF,35.4192775580225,9258402.0
5694,6-Quinolineboronic acid pinacol ester,"1f, 6-BPin-Q",1,0.0004,"2d, Bromide",1,Pd(OAc)2,0.0625,CataCXium A,0.125,KOH,2.5,DMF,24.8446025807812,3629268.75
5695,6-Quinolineboronic acid pinacol ester,"1f, 6-BPin-Q",1,0.0004,"2d, Bromide",1,Pd(OAc)2,0.0625,SPhos,0.125,KOH,2.5,DMF,28.4319654293046,7267257.5
5696,6-Quinolineboronic acid pinacol ester,"1f, 6-BPin-Q",1,0.0004,"2d, Bromide",1,Pd(OAc)2,0.0625,dtbpf,0.125,KOH,2.5,DMF,27.4837027343722,7931613.0
5697,6-Quinolineboronic acid pinacol ester,"1f, 6-BPin-Q",1,0.0004,"2d, Bromide",1,Pd(OAc)2,0.0625,XPhos,0.125,KOH,2.5,DMF,45.6730115852093,12466799.0
5698,6-Quinolineboronic acid pinacol ester,"1f, 6-BPin-Q",1,0.0004,"2d, Bromide",1,Pd(OAc)2,0.0625,dppf,0.125,KOH,2.5,DMF,0.0,517462.34375
5699,6-Quinolineboronic acid pinacol ester,"1f, 6-BPin-Q",1,0.0004,"2d, Bromide",1,Pd(OAc)2,0.0625,Xantphos,0.125,KOH,2.5,DMF,0.0,536120.375
5700,6-Quinolineboronic acid pinacol ester,"1f, 6-BPin-Q",1,0.0004,"2d, Bromide",1,Pd(OAc)2,0.0625,,,KOH,2.5,DMF,17.1160077707442,4498562.5
5701,6-Quinolineboronic acid pinacol ester,"1f, 6-BPin-Q",1,0.0004,"2d, Bromide",1,Pd(OAc)2,0.0625,P(tBu)3,0.125,LiOtBu,2.5,DMF,33.6896326831097,8938558.0
5702,6-Quinolineboronic acid pinacol ester,"1f, 6-BPin-Q",1,0.0004,"2d, Bromide",1,Pd(OAc)2,0.0625,P(Ph)3 ,0.125,LiOtBu,2.5,DMF,57.7836945703638,14614744.0
5703,6-Quinolineboronic acid pinacol ester,"1f, 6-BPin-Q",1,0.0004,"2d, Bromide",1,Pd(OAc)2,0.0625,AmPhos,0.125,LiOtBu,2.5,DMF,0.0,7330217.5
5704,6-Quinolineboronic acid pinacol ester,"1f, 6-BPin-Q",1,0.0004,"2d, Bromide",1,Pd(OAc)2,0.0625,P(Cy)3,0.125,LiOtBu,2.5,DMF,30.2641448124927,8850636.0
5705,6-Quinolineboronic acid pinacol ester,"1f, 6-BPin-Q",1,0.0004,"2d, Bromide",1,Pd(OAc)2,0.0625,P(o-Tol)3,0.125,LiOtBu,2.5,DMF,48.5615720445563,12839182.0
5706,6-Quinolineboronic acid pinacol ester,"1f, 6-BPin-Q",1,0.0004,"2d, Bromide",1,Pd(OAc)2,0.0625,CataCXium A,0.125,LiOtBu,2.5,DMF,36.0276921126573,6138029.0
5707,6-Quinolineboronic acid pinacol ester,"1f, 6-BPin-Q",1,0.0004,"2d, Bromide",1,Pd(OAc)2,0.0625,SPhos,0.125,LiOtBu,2.5,DMF,0.0,10019385.0
5708,6-Quinolineboronic acid pinacol ester,"1f, 6-BPin-Q",1,0.0004,"2d, Bromide",1,Pd(OAc)2,0.0625,dtbpf,0.125,LiOtBu,2.5,DMF,29.9764584600993,7879798.0
5709,6-Quinolineboronic acid pinacol ester,"1f, 6-BPin-Q",1,0.0004,"2d, Bromide",1,Pd(OAc)2,0.0625,XPhos,0.125,LiOtBu,2.5,DMF,39.5768962374163,10199265.0
5710,6-Quinolineboronic acid pinacol ester,"1f, 6-BPin-Q",1,0.0004,"2d, Bromide",1,Pd(OAc)2,0.0625,dppf,0.125,LiOtBu,2.5,DMF,0.0,259458.53125
5711,6-Quinolineboronic acid pinacol ester,"1f, 6-BPin-Q",1,0.0004,"2d, Bromide",1,Pd(OAc)2,0.0625,Xantphos,0.125,LiOtBu,2.5,DMF,0.0,634400.375
5712,6-Quinolineboronic acid pinacol ester,"1f, 6-BPin-Q",1,0.0004,"2d, Bromide",1,Pd(OAc)2,0.0625,,,LiOtBu,2.5,DMF,9.17966243292544,6270664.0
5713,6-Quinolineboronic acid pinacol ester,"1f, 6-BPin-Q",1,0.0004,"2d, Bromide",1,Pd(OAc)2,0.0625,P(tBu)3,0.125,NaHCO3,2.5,DMF,11.3558628697027,6514133.5
5714,6-Quinolineboronic acid pinacol ester,"1f, 6-BPin-Q",1,0.0004,"2d, Bromide",1,Pd(OAc)2,0.0625,P(Ph)3 ,0.125,NaHCO3,2.5,DMF,77.2899937361538,19668578.0
5715,6-Quinolineboronic acid pinacol ester,"1f, 6-BPin-Q",1,0.0004,"2d, Bromide",1,Pd(OAc)2,0.0625,AmPhos,0.125,NaHCO3,2.5,DMF,44.6362138559576,11476683.0
5716,6-Quinolineboronic acid pinacol ester,"1f, 6-BPin-Q",1,0.0004,"2d, Bromide",1,Pd(OAc)2,0.0625,P(Cy)3,0.125,NaHCO3,2.5,DMF,44.5335911298453,12596220.0
5717,6-Quinolineboronic acid pinacol ester,"1f, 6-BPin-Q",1,0.0004,"2d, Bromide",1,Pd(OAc)2,0.0625,P(o-Tol)3,0.125,NaHCO3,2.5,DMF,50.2615146613904,13134160.0
5718,6-Quinolineboronic acid pinacol ester,"1f, 6-BPin-Q",1,0.0004,"2d, Bromide",1,Pd(OAc)2,0.0625,CataCXium A,0.125,NaHCO3,2.5,DMF,35.6494683657828,6370185.0
5719,6-Quinolineboronic acid pinacol ester,"1f, 6-BPin-Q",1,0.0004,"2d, Bromide",1,Pd(OAc)2,0.0625,SPhos,0.125,NaHCO3,2.5,DMF,0.0,13066206.0
5720,6-Quinolineboronic acid pinacol ester,"1f, 6-BPin-Q",1,0.0004,"2d, Bromide",1,Pd(OAc)2,0.0625,dtbpf,0.125,NaHCO3,2.5,DMF,15.8049638761666,2985091.0
5721,6-Quinolineboronic acid pinacol ester,"1f, 6-BPin-Q",1,0.0004,"2d, Bromide",1,Pd(OAc)2,0.0625,XPhos,0.125,NaHCO3,2.5,DMF,56.1570604468078,13882214.0
5722,6-Quinolineboronic acid pinacol ester,"1f, 6-BPin-Q",1,0.0004,"2d, Bromide",1,Pd(OAc)2,0.0625,dppf,0.125,NaHCO3,2.5,DMF,0.0,620551.0625
5723,6-Quinolineboronic acid pinacol ester,"1f, 6-BPin-Q",1,0.0004,"2d, Bromide",1,Pd(OAc)2,0.0625,Xantphos,0.125,NaHCO3,2.5,DMF,0.0,748381.4375
5724,6-Quinolineboronic acid pinacol ester,"1f, 6-BPin-Q",1,0.0004,"2d, Bromide",1,Pd(OAc)2,0.0625,,,NaHCO3,2.5,DMF,31.2596177746856,10313827.0
5725,6-Quinolineboronic acid pinacol ester,"1f, 6-BPin-Q",1,0.0004,"2d, Bromide",1,Pd(OAc)2,0.0625,P(tBu)3,0.125,Et3N,2.5,DMF,38.1468213448889,10611507.0
5726,6-Quinolineboronic acid pinacol ester,"1f, 6-BPin-Q",1,0.0004,"2d, Bromide",1,Pd(OAc)2,0.0625,P(Ph)3 ,0.125,Et3N,2.5,DMF,51.8617448707822,14108559.0
5727,6-Quinolineboronic acid pinacol ester,"1f, 6-BPin-Q",1,0.0004,"2d, Bromide",1,Pd(OAc)2,0.0625,AmPhos,0.125,Et3N,2.5,DMF,48.3998129555984,12947690.0
5728,6-Quinolineboronic acid pinacol ester,"1f, 6-BPin-Q",1,0.0004,"2d, Bromide",1,Pd(OAc)2,0.0625,P(Cy)3,0.125,Et3N,2.5,DMF,46.7346002887979,13873999.0
5729,6-Quinolineboronic acid pinacol ester,"1f, 6-BPin-Q",1,0.0004,"2d, Bromide",1,Pd(OAc)2,0.0625,P(o-Tol)3,0.125,Et3N,2.5,DMF,49.5188615203373,12481361.0
5730,6-Quinolineboronic acid pinacol ester,"1f, 6-BPin-Q",1,0.0004,"2d, Bromide",1,Pd(OAc)2,0.0625,CataCXium A,0.125,Et3N,2.5,DMF,53.7410475113383,10570492.0
5731,6-Quinolineboronic acid pinacol ester,"1f, 6-BPin-Q",1,0.0004,"2d, Bromide",1,Pd(OAc)2,0.0625,SPhos,0.125,Et3N,2.5,DMF,38.0405773621634,9719667.0
5732,6-Quinolineboronic acid pinacol ester,"1f, 6-BPin-Q",1,0.0004,"2d, Bromide",1,Pd(OAc)2,0.0625,dtbpf,0.125,Et3N,2.5,DMF,25.787341564137,7623856.0
5733,6-Quinolineboronic acid pinacol ester,"1f, 6-BPin-Q",1,0.0004,"2d, Bromide",1,Pd(OAc)2,0.0625,XPhos,0.125,Et3N,2.5,DMF,44.8152509956986,11640761.0
5734,6-Quinolineboronic acid pinacol ester,"1f, 6-BPin-Q",1,0.0004,"2d, Bromide",1,Pd(OAc)2,0.0625,dppf,0.125,Et3N,2.5,DMF,13.2571873565445,4573920.0
5735,6-Quinolineboronic acid pinacol ester,"1f, 6-BPin-Q",1,0.0004,"2d, Bromide",1,Pd(OAc)2,0.0625,Xantphos,0.125,Et3N,2.5,DMF,0.0,662736.5625
5736,6-Quinolineboronic acid pinacol ester,"1f, 6-BPin-Q",1,0.0004,"2d, Bromide",1,Pd(OAc)2,0.0625,,,Et3N,2.5,DMF,11.6413562439221,7516696.5
5737,6-Quinolineboronic acid pinacol ester,"1f, 6-BPin-Q",1,0.0004,"2d, Bromide",1,Pd(OAc)2,0.0625,P(tBu)3,0.125,CsF,2.5,DMF,0.0,4850247.5
5738,6-Quinolineboronic acid pinacol ester,"1f, 6-BPin-Q",1,0.0004,"2d, Bromide",1,Pd(OAc)2,0.0625,P(Ph)3 ,0.125,CsF,2.5,DMF,59.8883671659017,15694732.0
5739,6-Quinolineboronic acid pinacol ester,"1f, 6-BPin-Q",1,0.0004,"2d, Bromide",1,Pd(OAc)2,0.0625,AmPhos,0.125,CsF,2.5,DMF,0.0,5958540.5
5740,6-Quinolineboronic acid pinacol ester,"1f, 6-BPin-Q",1,0.0004,"2d, Bromide",1,Pd(OAc)2,0.0625,P(Cy)3,0.125,CsF,2.5,DMF,29.4859539574103,8814969.0
5741,6-Quinolineboronic acid pinacol ester,"1f, 6-BPin-Q",1,0.0004,"2d, Bromide",1,Pd(OAc)2,0.0625,P(o-Tol)3,0.125,CsF,2.5,DMF,45.6722474679803,12557904.0
5742,6-Quinolineboronic acid pinacol ester,"1f, 6-BPin-Q",1,0.0004,"2d, Bromide",1,Pd(OAc)2,0.0625,CataCXium A,0.125,CsF,2.5,DMF,31.5464361443666,5495822.0
5743,6-Quinolineboronic acid pinacol ester,"1f, 6-BPin-Q",1,0.0004,"2d, Bromide",1,Pd(OAc)2,0.0625,SPhos,0.125,CsF,2.5,DMF,35.6324713972808,9248879.0
5744,6-Quinolineboronic acid pinacol ester,"1f, 6-BPin-Q",1,0.0004,"2d, Bromide",1,Pd(OAc)2,0.0625,dtbpf,0.125,CsF,2.5,DMF,5.35876926071132,3256977.25
5745,6-Quinolineboronic acid pinacol ester,"1f, 6-BPin-Q",1,0.0004,"2d, Bromide",1,Pd(OAc)2,0.0625,XPhos,0.125,CsF,2.5,DMF,48.4671626104731,12646416.0
5746,6-Quinolineboronic acid pinacol ester,"1f, 6-BPin-Q",1,0.0004,"2d, Bromide",1,Pd(OAc)2,0.0625,dppf,0.125,CsF,2.5,DMF,54.3226468847994,10086792.0
5747,6-Quinolineboronic acid pinacol ester,"1f, 6-BPin-Q",1,0.0004,"2d, Bromide",1,Pd(OAc)2,0.0625,Xantphos,0.125,CsF,2.5,DMF,0.0,830610.875
5748,6-Quinolineboronic acid pinacol ester,"1f, 6-BPin-Q",1,0.0004,"2d, Bromide",1,Pd(OAc)2,0.0625,,,CsF,2.5,DMF,29.8355233115295,9624825.0
5749,6-Quinolineboronic acid pinacol ester,"1f, 6-BPin-Q",1,0.0004,"2d, Bromide",1,Pd(OAc)2,0.0625,P(tBu)3,0.125,K3PO4,2.5,DMF,0.0,9414610.0
5750,6-Quinolineboronic acid pinacol ester,"1f, 6-BPin-Q",1,0.0004,"2d, Bromide",1,Pd(OAc)2,0.0625,P(Ph)3 ,0.125,K3PO4,2.5,DMF,77.4676197869978,20941444.0
5751,6-Quinolineboronic acid pinacol ester,"1f, 6-BPin-Q",1,0.0004,"2d, Bromide",1,Pd(OAc)2,0.0625,AmPhos,0.125,K3PO4,2.5,DMF,55.9835667827498,14908254.0
5752,6-Quinolineboronic acid pinacol ester,"1f, 6-BPin-Q",1,0.0004,"2d, Bromide",1,Pd(OAc)2,0.0625,P(Cy)3,0.125,K3PO4,2.5,DMF,51.741545478348,14598558.0
5753,6-Quinolineboronic acid pinacol ester,"1f, 6-BPin-Q",1,0.0004,"2d, Bromide",1,Pd(OAc)2,0.0625,P(o-Tol)3,0.125,K3PO4,2.5,DMF,63.3827338220575,16427579.0
5754,6-Quinolineboronic acid pinacol ester,"1f, 6-BPin-Q",1,0.0004,"2d, Bromide",1,Pd(OAc)2,0.0625,CataCXium A,0.125,K3PO4,2.5,DMF,56.8377819658741,10933180.0
5755,6-Quinolineboronic acid pinacol ester,"1f, 6-BPin-Q",1,0.0004,"2d, Bromide",1,Pd(OAc)2,0.0625,SPhos,0.125,K3PO4,2.5,DMF,69.7069616473282,17515112.0
5756,6-Quinolineboronic acid pinacol ester,"1f, 6-BPin-Q",1,0.0004,"2d, Bromide",1,Pd(OAc)2,0.0625,dtbpf,0.125,K3PO4,2.5,DMF,47.2114308818817,11649235.0
5757,6-Quinolineboronic acid pinacol ester,"1f, 6-BPin-Q",1,0.0004,"2d, Bromide",1,Pd(OAc)2,0.0625,XPhos,0.125,K3PO4,2.5,DMF,0.0,14735630.0
5758,6-Quinolineboronic acid pinacol ester,"1f, 6-BPin-Q",1,0.0004,"2d, Bromide",1,Pd(OAc)2,0.0625,dppf,0.125,K3PO4,2.5,DMF,31.443681011116,4665383.0
5759,6-Quinolineboronic acid pinacol ester,"1f, 6-BPin-Q",1,0.0004,"2d, Bromide",1,Pd(OAc)2,0.0625,Xantphos,0.125,K3PO4,2.5,DMF,0.0,1335187.375
5760,6-Quinolineboronic acid pinacol ester,"1f, 6-BPin-Q",1,0.0004,"2d, Bromide",1,Pd(OAc)2,0.0625,,,K3PO4,2.5,DMF,54.1973760523868,16030396.0
