usage: run_different_order_tasks.py [-h] [--tasks TASKS [TASKS ...]]
                                    [--new-only] [--csv CSV] [--python PYTHON]
                                    [--main MAIN] [--dry-run]
                                    [--continue-on-error]
run_different_order_tasks.py: error: unrecognized arguments:  
[1/1] 34567: /home/wangzh685/miniconda3/envs/yonod/bin/python /home/wangzh685/桌面/YONOD/main.py --config /home/wangzh685/桌面/YONOD/ablation_experiments/amide-coupling/34567/34567_yonod_config.json --csv /home/wangzh685/桌面/YONOD/ablation_experiments/amide-coupling/amide-coupling(additive_fixed)_normalized_dataset.csv
[config] 已从配置文件加载: /home/wangzh685/桌面/YONOD/ablation_experiments/amide-coupling/34567/34567_yonod_config.json
[config] 数据集路径: /home/wangzh685/桌面/YONOD/ablation_experiments/amide-coupling/amide-coupling(additive_fixed)_normalized_dataset.csv
[17:36:57] [init] 任务：134567
[17:36:57] [init] CSV：/home/wangzh685/桌面/YONOD/ablation_experiments/amide-coupling/amide-coupling(additive_fixed)_normalized_dataset.csv  nrows=all
[17:36:57] [init] 输出目录：/home/wangzh685/桌面/YONOD/ablation_experiments/amide-coupling/34567
[17:36:57] [加载] amide-coupling(additive_fixed)_normalized_dataset.csv  47015 行 × 9 列
[17:36:57] [三分类模式] 反应物列：['reactant-amide', 'reactant-acid']
[17:36:57] [三分类模式] 产物列：['product']
[17:36:57] [三分类模式] 其他参与者列：['activation-1', 'activation-2', 'additive', 'base', 'solvent']
[17:36:57] [数值辅助列] []
[17:36:57] [完成] 角色确认：SMILES=['reactant-amide', 'reactant-acid', 'product', 'activation-1', 'activation-2', 'additive', 'base', 'solvent']，数值辅助=（无），标签='yield'，有效行数=47015

[17:36:57] [INFO] SMILES 列角色分类：
[17:36:57]   反应物列: reactant-amide, reactant-acid
[17:36:57]   产物列: product
[17:36:57]   其他参与者列: activation-1, activation-2, additive, base, solvent
[17:36:57] [load] n_rows=47015  SMILES列=['reactant-amide', 'reactant-acid', 'product', 'activation-1', 'activation-2', 'additive', 'base', 'solvent']  数值列=无  标签列='yield'
[17:36:57] [grid] 描述符=['morgan', 'maccs', 'rdkit2d', 'fisd', 'molmetalm', 'maf']  模型=['xgb', 'rf', 'svm', 'autogluon']  cv=5

[17:36:57] [desc] 计算描述符: morgan ...
[17:36:57]   [config] 模式: concat
[17:36:57]   [config] 使用列 (6): product, activation-1, activation-2, additive, base, solvent
[17:37:09] [desc] morgan: n_valid=47015  X_smiles.shape=(47015, 6144)
[17:37:09] [eval] 开始: morgan x xgb (1/24)
[17:38:08]   [hb] morgan x xgb (1/24) still running, 59s
[21:23:48]   [hb] morgan x xgb (1/24) still running, 13600s
[21:24:18]   [hb] morgan x xgb (1/24) still running, 13630s
[21:24:48]   [hb] morgan x xgb (1/24) still running, 13660s
[21:25:18]   [hb] morgan x xgb (1/24) still running, 13690s
[21:25:48]   [hb] morgan x xgb (1/24) still running, 13720s
[21:26:18]   [hb] morgan x xgb (1/24) still running, 13750s
[21:26:48]   [hb] morgan x xgb (1/24) still running, 13780s
[21:27:18]   [hb] morgan x xgb (1/24) still running, 13810s
[21:27:48]   [hb] morgan x xgb (1/24) still running, 13840s
[21:28:18]   [hb] morgan x xgb (1/24) still running, 13870s
[21:28:48]   [hb] morgan x xgb (1/24) still running, 13900s
[21:29:18]   [hb] morgan x xgb (1/24) still running, 13930s
[21:29:48]   [hb] morgan x xgb (1/24) still running, 13960s
[21:30:18]   [hb] morgan x xgb (1/24) still running, 13990s
[21:30:48]   [hb] morgan x xgb (1/24) still running, 14020s
[21:31:18]   [hb] morgan x xgb (1/24) still running, 14050s
[21:31:48]   [hb] morgan x xgb (1/24) still running, 14080s
[21:32:18]   [hb] morgan x xgb (1/24) still running, 14110s
[21:32:48]   [hb] morgan x xgb (1/24) still running, 14140s
[21:33:18]   [hb] morgan x xgb (1/24) still running, 14170s
[21:33:48]   [hb] morgan x xgb (1/24) still running, 14200s
[21:34:18]   [hb] morgan x xgb (1/24) still running, 14230s
[21:34:48]   [hb] morgan x xgb (1/24) still running, 14260s
[21:35:18]   [hb] morgan x xgb (1/24) still running, 14290s
[21:35:48]   [hb] morgan x xgb (1/24) still running, 14320s
[21:36:18]   [hb] morgan x xgb (1/24) still running, 14350s
[21:36:48]   [hb] morgan x xgb (1/24) still running, 14380s
[21:37:18]   [hb] morgan x xgb (1/24) still running, 14410s
[21:37:48]   [hb] morgan x xgb (1/24) still running, 14440s
[21:38:18]   [hb] morgan x xgb (1/24) still running, 14470s
[21:38:48]   [hb] morgan x xgb (1/24) still running, 14500s
[21:39:18]   [hb] morgan x xgb (1/24) still running, 14530s
[21:39:48]   [hb] morgan x xgb (1/24) still running, 14560s
[21:40:18]   [hb] morgan x xgb (1/24) still running, 14590s
[21:40:48]   [hb] morgan x xgb (1/24) still running, 14620s
[21:41:18]   [hb] morgan x xgb (1/24) still running, 14650s
[21:41:48]   [hb] morgan x xgb (1/24) still running, 14680s
[21:42:18]   [hb] morgan x xgb (1/24) still running, 14710s
[21:42:48]   [hb] morgan x xgb (1/24) still running, 14740s
[21:43:18]   [hb] morgan x xgb (1/24) still running, 14770s
[21:43:48]   [hb] morgan x xgb (1/24) still running, 14800s
[21:44:18]   [hb] morgan x xgb (1/24) still running, 14830s
[21:44:48]   [hb] morgan x xgb (1/24) still running, 14860s
[21:45:18]   [hb] morgan x xgb (1/24) still running, 14890s
[21:45:48]   [hb] morgan x xgb (1/24) still running, 14920s
[21:46:18]   [hb] morgan x xgb (1/24) still running, 14950s
[21:46:48]   [hb] morgan x xgb (1/24) still running, 14980s
[21:47:18]   [hb] morgan x xgb (1/24) still running, 15010s
[21:47:48]   [hb] morgan x xgb (1/24) still running, 15040s
[21:48:18]   [hb] morgan x xgb (1/24) still running, 15070s
[21:48:48]   [hb] morgan x xgb (1/24) still running, 15100s
[21:49:18]   [hb] morgan x xgb (1/24) still running, 15130s
[21:49:48]   [hb] morgan x xgb (1/24) still running, 15160s
[21:50:18]   [hb] morgan x xgb (1/24) still running, 15190s
[21:50:48]   [hb] morgan x xgb (1/24) still running, 15220s
[21:51:18]   [hb] morgan x xgb (1/24) still running, 15250s
[21:51:48]   [hb] morgan x xgb (1/24) still running, 15280s
[21:52:18]   [hb] morgan x xgb (1/24) still running, 15310s
[21:52:48]   [hb] morgan x xgb (1/24) still running, 15340s
[21:53:18]   [hb] morgan x xgb (1/24) still running, 15370s
[21:53:48]   [hb] morgan x xgb (1/24) still running, 15400s
[21:54:18]   [hb] morgan x xgb (1/24) still running, 15430s
[21:54:48]   [hb] morgan x xgb (1/24) still running, 15460s
[21:55:18]   [hb] morgan x xgb (1/24) still running, 15490s
[21:55:48]   [hb] morgan x xgb (1/24) still running, 15520s
[21:56:18]   [hb] morgan x xgb (1/24) still running, 15550s
[21:56:48]   [hb] morgan x xgb (1/24) still running, 15580s
[21:57:18]   [hb] morgan x xgb (1/24) still running, 15610s
[21:57:48]   [hb] morgan x xgb (1/24) still running, 15640s
[21:58:18]   [hb] morgan x xgb (1/24) still running, 15670s
[21:58:48]   [hb] morgan x xgb (1/24) still running, 15700s
[21:59:18]   [hb] morgan x xgb (1/24) still running, 15730s
[21:59:48]   [hb] morgan x xgb (1/24) still running, 15760s
[22:00:18]   [hb] morgan x xgb (1/24) still running, 15790s
[22:00:48]   [hb] morgan x xgb (1/24) still running, 15820s
[22:01:18]   [hb] morgan x xgb (1/24) still running, 15850s
[22:01:48]   [hb] morgan x xgb (1/24) still running, 15880s
[22:02:18]   [hb] morgan x xgb (1/24) still running, 15910s
[22:02:48]   [hb] morgan x xgb (1/24) still running, 15940s
[22:03:18]   [hb] morgan x xgb (1/24) still running, 15970s
[22:03:48]   [hb] morgan x xgb (1/24) still running, 16000s
[22:04:18]   [hb] morgan x xgb (1/24) still running, 16030s
[22:04:48]   [hb] morgan x xgb (1/24) still running, 16060s
[22:05:18]   [hb] morgan x xgb (1/24) still running, 16090s
[22:05:48]   [hb] morgan x xgb (1/24) still running, 16120s
[22:06:18]   [hb] morgan x xgb (1/24) still running, 16150s
[22:06:48]   [hb] morgan x xgb (1/24) still running, 16180s
[22:07:18]   [hb] morgan x xgb (1/24) still running, 16210s
[22:07:48]   [hb] morgan x xgb (1/24) still running, 16240s
[22:08:18]   [hb] morgan x xgb (1/24) still running, 16270s
[22:08:48]   [hb] morgan x xgb (1/24) still running, 16300s
[22:09:18]   [hb] morgan x xgb (1/24) still running, 16330s
[22:09:48]   [hb] morgan x xgb (1/24) still running, 16360s
[22:10:18]   [hb] morgan x xgb (1/24) still running, 16390s
[22:10:48]   [hb] morgan x xgb (1/24) still running, 16420s
[22:11:18]   [hb] morgan x xgb (1/24) still running, 16450s
[22:11:48]   [hb] morgan x xgb (1/24) still running, 16480s
[22:12:18]   [hb] morgan x xgb (1/24) still running, 16510s
[22:12:48]   [hb] morgan x xgb (1/24) still running, 16540s
[22:13:18]   [hb] morgan x xgb (1/24) still running, 16570s
[22:13:48]   [hb] morgan x xgb (1/24) still running, 16600s
[22:14:18]   [hb] morgan x xgb (1/24) still running, 16630s
[22:14:48]   [hb] morgan x xgb (1/24) still running, 16660s
[22:15:18]   [hb] morgan x xgb (1/24) still running, 16690s
[22:15:48]   [hb] morgan x xgb (1/24) still running, 16720s
[22:16:18]   [hb] morgan x xgb (1/24) still running, 16750s
[22:16:48]   [hb] morgan x xgb (1/24) still running, 16780s
[22:17:18]   [hb] morgan x xgb (1/24) still running, 16810s
[22:17:48]   [hb] morgan x xgb (1/24) still running, 16840s
[22:18:18]   [hb] morgan x xgb (1/24) still running, 16870s
[22:18:48]   [hb] morgan x xgb (1/24) still running, 16900s
[22:19:18]   [hb] morgan x xgb (1/24) still running, 16930s
[22:19:48]   [hb] morgan x xgb (1/24) still running, 16960s
[22:20:18]   [hb] morgan x xgb (1/24) still running, 16990s
[22:20:48]   [hb] morgan x xgb (1/24) still running, 17020s
[22:21:18]   [hb] morgan x xgb (1/24) still running, 17050s
[22:21:48]   [hb] morgan x xgb (1/24) still running, 17080s
[22:22:18]   [hb] morgan x xgb (1/24) still running, 17110s
[22:22:48]   [hb] morgan x xgb (1/24) still running, 17140s
[22:23:18]   [hb] morgan x xgb (1/24) still running, 17170s
[22:23:48]   [hb] morgan x xgb (1/24) still running, 17200s
[22:24:18]   [hb] morgan x xgb (1/24) still running, 17230s
[22:24:48]   [hb] morgan x xgb (1/24) still running, 17260s
[22:25:18]   [hb] morgan x xgb (1/24) still running, 17290s
[22:25:48]   [hb] morgan x xgb (1/24) still running, 17320s
[22:26:18]   [hb] morgan x xgb (1/24) still running, 17350s
[22:26:48]   [hb] morgan x xgb (1/24) still running, 17380s
[22:27:18]   [hb] morgan x xgb (1/24) still running, 17410s
[22:27:48]   [hb] morgan x xgb (1/24) still running, 17440s
[22:28:18]   [hb] morgan x xgb (1/24) still running, 17470s
[22:28:48]   [hb] morgan x xgb (1/24) still running, 17500s
[22:29:18]   [hb] morgan x xgb (1/24) still running, 17530s
[22:29:48]   [hb] morgan x xgb (1/24) still running, 17560s
[22:30:18]   [hb] morgan x xgb (1/24) still running, 17590s
[22:30:48]   [hb] morgan x xgb (1/24) still running, 17620s
[22:31:18]   [hb] morgan x xgb (1/24) still running, 17650s
[22:31:48]   [hb] morgan x xgb (1/24) still running, 17680s
[22:32:18]   [hb] morgan x xgb (1/24) still running, 17710s
[22:32:48]   [hb] morgan x xgb (1/24) still running, 17740s
[22:33:18]   [hb] morgan x xgb (1/24) still running, 17770s
[22:33:48]   [hb] morgan x xgb (1/24) still running, 17800s
[22:34:18]   [hb] morgan x xgb (1/24) still running, 17830s
[22:34:48]   [hb] morgan x xgb (1/24) still running, 17860s
[22:35:18]   [hb] morgan x xgb (1/24) still running, 17890s
[22:35:48]   [hb] morgan x xgb (1/24) still running, 17920s
[22:36:18]   [hb] morgan x xgb (1/24) still running, 17950s
[22:36:48]   [hb] morgan x xgb (1/24) still running, 17980s
[22:37:18]   [hb] morgan x xgb (1/24) still running, 18010s
[22:37:48]   [hb] morgan x xgb (1/24) still running, 18040s
[22:38:18]   [hb] morgan x xgb (1/24) still running, 18070s
[22:38:48]   [hb] morgan x xgb (1/24) still running, 18100s
[22:39:18]   [hb] morgan x xgb (1/24) still running, 18130s
[22:39:48]   [hb] morgan x xgb (1/24) still running, 18160s
[22:40:18]   [hb] morgan x xgb (1/24) still running, 18190s
[22:40:48]   [hb] morgan x xgb (1/24) still running, 18220s
[22:41:18]   [hb] morgan x xgb (1/24) still running, 18250s
[22:41:48]   [hb] morgan x xgb (1/24) still running, 18280s
[22:42:18]   [hb] morgan x xgb (1/24) still running, 18310s
[22:42:48]   [hb] morgan x xgb (1/24) still running, 18340s
[22:43:18]   [hb] morgan x xgb (1/24) still running, 18370s
[22:43:48]   [hb] morgan x xgb (1/24) still running, 18400s
[22:44:18]   [hb] morgan x xgb (1/24) still running, 18430s
[22:44:48]   [hb] morgan x xgb (1/24) still running, 18460s
[22:45:18]   [hb] morgan x xgb (1/24) still running, 18490s
[22:45:48]   [hb] morgan x xgb (1/24) still running, 18520s
[22:46:18]   [hb] morgan x xgb (1/24) still running, 18550s
[22:46:48]   [hb] morgan x xgb (1/24) still running, 18580s
[22:47:18]   [hb] morgan x xgb (1/24) still running, 18610s
[22:47:48]   [hb] morgan x xgb (1/24) still running, 18640s
[22:48:18]   [hb] morgan x xgb (1/24) still running, 18670s
[22:48:48]   [hb] morgan x xgb (1/24) still running, 18700s
[22:49:18]   [hb] morgan x xgb (1/24) still running, 18730s
[22:49:48]   [hb] morgan x xgb (1/24) still running, 18760s
[22:50:18]   [hb] morgan x xgb (1/24) still running, 18790s
[22:50:48]   [hb] morgan x xgb (1/24) still running, 18820s
[22:51:18]   [hb] morgan x xgb (1/24) still running, 18850s
[22:51:48]   [hb] morgan x xgb (1/24) still running, 18880s
[22:52:18]   [hb] morgan x xgb (1/24) still running, 18910s
[22:52:48]   [hb] morgan x xgb (1/24) still running, 18940s
[22:53:18]   [hb] morgan x xgb (1/24) still running, 18970s
[22:53:48]   [hb] morgan x xgb (1/24) still running, 19000s
[22:54:18]   [hb] morgan x xgb (1/24) still running, 19030s
[22:54:48]   [hb] morgan x xgb (1/24) still running, 19060s
[22:55:18]   [hb] morgan x xgb (1/24) still running, 19090s
[22:55:48]   [hb] morgan x xgb (1/24) still running, 19120s
[22:56:18]   [hb] morgan x xgb (1/24) still running, 19150s
[22:56:48]   [hb] morgan x xgb (1/24) still running, 19180s
[22:57:18]   [hb] morgan x xgb (1/24) still running, 19210s
[22:57:48]   [hb] morgan x xgb (1/24) still running, 19240s
[22:58:18]   [hb] morgan x xgb (1/24) still running, 19270s
[22:58:48]   [hb] morgan x xgb (1/24) still running, 19300s
[22:59:18]   [hb] morgan x xgb (1/24) still running, 19330s
[22:59:48]   [hb] morgan x xgb (1/24) still running, 19360s
[23:00:18]   [hb] morgan x xgb (1/24) still running, 19390s
[23:00:48]   [hb] morgan x xgb (1/24) still running, 19420s
[23:01:18]   [hb] morgan x xgb (1/24) still running, 19450s
[23:01:48]   [hb] morgan x xgb (1/24) still running, 19480s
[23:02:18]   [hb] morgan x xgb (1/24) still running, 19510s
[23:02:48]   [hb] morgan x xgb (1/24) still running, 19540s
[23:03:18]   [hb] morgan x xgb (1/24) still running, 19570s
[23:03:48]   [hb] morgan x xgb (1/24) still running, 19600s
[23:04:18]   [hb] morgan x xgb (1/24) still running, 19630s
[23:04:48]   [hb] morgan x xgb (1/24) still running, 19660s
[23:05:18]   [hb] morgan x xgb (1/24) still running, 19690s
[23:05:48]   [hb] morgan x xgb (1/24) still running, 19720s
[23:06:18]   [hb] morgan x xgb (1/24) still running, 19750s
[23:06:48]   [hb] morgan x xgb (1/24) still running, 19780s
[23:07:18]   [hb] morgan x xgb (1/24) still running, 19810s
[23:07:48]   [hb] morgan x xgb (1/24) still running, 19840s
[23:08:18]   [hb] morgan x xgb (1/24) still running, 19870s
[23:08:48]   [hb] morgan x xgb (1/24) still running, 19900s
[23:09:18]   [hb] morgan x xgb (1/24) still running, 19930s
[23:09:48]   [hb] morgan x xgb (1/24) still running, 19960s
[23:10:18]   [hb] morgan x xgb (1/24) still running, 19990s
[23:10:48]   [hb] morgan x xgb (1/24) still running, 20020s
[23:11:18]   [hb] morgan x xgb (1/24) still running, 20050s
[23:11:48]   [hb] morgan x xgb (1/24) still running, 20080s
[23:12:18]   [hb] morgan x xgb (1/24) still running, 20110s
[23:12:48]   [hb] morgan x xgb (1/24) still running, 20140s
[23:13:18]   [hb] morgan x xgb (1/24) still running, 20170s
[23:13:48]   [hb] morgan x xgb (1/24) still running, 20200s
[23:14:18]   [hb] morgan x xgb (1/24) still running, 20230s
[23:14:48]   [hb] morgan x xgb (1/24) still running, 20260s
[23:15:18]   [hb] morgan x xgb (1/24) still running, 20290s
[23:15:48]   [hb] morgan x xgb (1/24) still running, 20320s
[23:16:18]   [hb] morgan x xgb (1/24) still running, 20350s
[23:16:48]   [hb] morgan x xgb (1/24) still running, 20380s
[23:17:18]   [hb] morgan x xgb (1/24) still running, 20410s
[23:17:48]   [hb] morgan x xgb (1/24) still running, 20440s
[23:18:18]   [hb] morgan x xgb (1/24) still running, 20470s
[23:18:48]   [hb] morgan x xgb (1/24) still running, 20500s
[23:19:18]   [hb] morgan x xgb (1/24) still running, 20530s
[23:19:48]   [hb] morgan x xgb (1/24) still running, 20560s
[23:20:18]   [hb] morgan x xgb (1/24) still running, 20590s
[23:20:48]   [hb] morgan x xgb (1/24) still running, 20620s
[23:21:18]   [hb] morgan x xgb (1/24) still running, 20650s
[23:21:48]   [hb] morgan x xgb (1/24) still running, 20680s
[23:22:18]   [hb] morgan x xgb (1/24) still running, 20710s
[23:22:48]   [hb] morgan x xgb (1/24) still running, 20740s
[23:23:18]   [hb] morgan x xgb (1/24) still running, 20770s
[23:23:48]   [hb] morgan x xgb (1/24) still running, 20800s
[23:24:18]   [hb] morgan x xgb (1/24) still running, 20830s
[23:24:48]   [hb] morgan x xgb (1/24) still running, 20860s
[23:25:18]   [hb] morgan x xgb (1/24) still running, 20890s
[23:25:48]   [hb] morgan x xgb (1/24) still running, 20920s
[23:26:18]   [hb] morgan x xgb (1/24) still running, 20950s
[23:26:48]   [hb] morgan x xgb (1/24) still running, 20980s
[23:27:18]   [hb] morgan x xgb (1/24) still running, 21010s
[23:27:48]   [hb] morgan x xgb (1/24) still running, 21040s
[23:28:18]   [hb] morgan x xgb (1/24) still running, 21070s
[23:28:48]   [hb] morgan x xgb (1/24) still running, 21100s
[23:29:18]   [hb] morgan x xgb (1/24) still running, 21130s
[23:29:48]   [hb] morgan x xgb (1/24) still running, 21160s
[23:30:18]   [hb] morgan x xgb (1/24) still running, 21190s
[23:30:48]   [hb] morgan x xgb (1/24) still running, 21220s
[23:31:18]   [hb] morgan x xgb (1/24) still running, 21250s
[23:31:48]   [hb] morgan x xgb (1/24) still running, 21280s
[23:32:18]   [hb] morgan x xgb (1/24) still running, 21310s
[23:32:48]   [hb] morgan x xgb (1/24) still running, 21340s
[23:33:18]   [hb] morgan x xgb (1/24) still running, 21370s
[23:33:48]   [hb] morgan x xgb (1/24) still running, 21400s
[23:34:18]   [hb] morgan x xgb (1/24) still running, 21430s
[23:34:48]   [hb] morgan x xgb (1/24) still running, 21460s
[23:35:18]   [hb] morgan x xgb (1/24) still running, 21490s
[23:35:48]   [hb] morgan x xgb (1/24) still running, 21520s
[23:36:18]   [hb] morgan x xgb (1/24) still running, 21550s
[23:36:48]   [hb] morgan x xgb (1/24) still running, 21580s
[23:37:18]   [hb] morgan x xgb (1/24) still running, 21610s
[23:37:48]   [hb] morgan x xgb (1/24) still running, 21640s
[23:38:18]   [hb] morgan x xgb (1/24) still running, 21670s
[23:38:48]   [hb] morgan x xgb (1/24) still running, 21700s
[23:39:18]   [hb] morgan x xgb (1/24) still running, 21730s
[23:39:48]   [hb] morgan x xgb (1/24) still running, 21760s
[23:40:18]   [hb] morgan x xgb (1/24) still running, 21790s
[23:40:48]   [hb] morgan x xgb (1/24) still running, 21820s
[23:41:18]   [hb] morgan x xgb (1/24) still running, 21850s
[23:41:48]   [hb] morgan x xgb (1/24) still running, 21880s
[23:42:18]   [hb] morgan x xgb (1/24) still running, 21910s
[23:42:48]   [hb] morgan x xgb (1/24) still running, 21940s
[23:43:18]   [hb] morgan x xgb (1/24) still running, 21970s
[23:43:48]   [hb] morgan x xgb (1/24) still running, 22000s
[23:44:18]   [hb] morgan x xgb (1/24) still running, 22030s
[23:44:48]   [hb] morgan x xgb (1/24) still running, 22060s
[23:45:18]   [hb] morgan x xgb (1/24) still running, 22090s
[23:45:48]   [hb] morgan x xgb (1/24) still running, 22120s
[23:46:18]   [hb] morgan x xgb (1/24) still running, 22150s
[23:46:48]   [hb] morgan x xgb (1/24) still running, 22180s
[23:47:18]   [hb] morgan x xgb (1/24) still running, 22210s
[23:47:48]   [hb] morgan x xgb (1/24) still running, 22240s
[23:48:18]   [hb] morgan x xgb (1/24) still running, 22270s
[23:48:48]   [hb] morgan x xgb (1/24) still running, 22300s
[23:49:18]   [hb] morgan x xgb (1/24) still running, 22330s
[23:49:48]   [hb] morgan x xgb (1/24) still running, 22360s
[23:50:18]   [hb] morgan x xgb (1/24) still running, 22390s
[23:50:48]   [hb] morgan x xgb (1/24) still running, 22420s
[23:51:18]   [hb] morgan x xgb (1/24) still running, 22450s
[23:51:48]   [hb] morgan x xgb (1/24) still running, 22480s
[23:52:18]   [hb] morgan x xgb (1/24) still running, 22510s
[23:52:48]   [hb] morgan x xgb (1/24) still running, 22540s
[23:53:18]   [hb] morgan x xgb (1/24) still running, 22570s
[23:53:48]   [hb] morgan x xgb (1/24) still running, 22600s
[23:54:18]   [hb] morgan x xgb (1/24) still running, 22630s
[23:54:48]   [hb] morgan x xgb (1/24) still running, 22660s
[23:55:18]   [hb] morgan x xgb (1/24) still running, 22690s
[23:55:48]   [hb] morgan x xgb (1/24) still running, 22720s
[23:56:18]   [hb] morgan x xgb (1/24) still running, 22750s
[23:56:48]   [hb] morgan x xgb (1/24) still running, 22780s
[23:57:18]   [hb] morgan x xgb (1/24) still running, 22810s
[23:57:48]   [hb] morgan x xgb (1/24) still running, 22840s
[23:58:18]   [hb] morgan x xgb (1/24) still running, 22870s
[23:58:48]   [hb] morgan x xgb (1/24) still running, 22900s
[23:59:18]   [hb] morgan x xgb (1/24) still running, 22930s
[23:59:48]   [hb] morgan x xgb (1/24) still running, 22960s
[00:00:18]   [hb] morgan x xgb (1/24) still running, 22990s
[00:00:48]   [hb] morgan x xgb (1/24) still running, 23020s
[00:01:18]   [hb] morgan x xgb (1/24) still running, 23050s
[00:01:48]   [hb] morgan x xgb (1/24) still running, 23080s
[00:02:18]   [hb] morgan x xgb (1/24) still running, 23110s
[00:02:48]   [hb] morgan x xgb (1/24) still running, 23140s
[00:03:18]   [hb] morgan x xgb (1/24) still running, 23170s
[00:03:48]   [hb] morgan x xgb (1/24) still running, 23200s
[00:04:18]   [hb] morgan x xgb (1/24) still running, 23230s
[00:04:48]   [hb] morgan x xgb (1/24) still running, 23260s
[00:05:18]   [hb] morgan x xgb (1/24) still running, 23290s
[00:05:48]   [hb] morgan x xgb (1/24) still running, 23320s
[00:06:18]   [hb] morgan x xgb (1/24) still running, 23350s
[00:06:48]   [hb] morgan x xgb (1/24) still running, 23380s
[00:07:18]   [hb] morgan x xgb (1/24) still running, 23410s
[00:07:48]   [hb] morgan x xgb (1/24) still running, 23440s
[00:08:18]   [hb] morgan x xgb (1/24) still running, 23470s
[00:08:48]   [hb] morgan x xgb (1/24) still running, 23500s
[00:09:18]   [hb] morgan x xgb (1/24) still running, 23530s
[00:09:48]   [hb] morgan x xgb (1/24) still running, 23560s
[00:10:18]   [hb] morgan x xgb (1/24) still running, 23590s
[00:10:48]   [hb] morgan x xgb (1/24) still running, 23620s
[00:11:18]   [hb] morgan x xgb (1/24) still running, 23650s
[00:11:48]   [hb] morgan x xgb (1/24) still running, 23680s
[00:12:18]   [hb] morgan x xgb (1/24) still running, 23710s
[00:12:48]   [hb] morgan x xgb (1/24) still running, 23740s
[00:13:18]   [hb] morgan x xgb (1/24) still running, 23770s
[00:13:48]   [hb] morgan x xgb (1/24) still running, 23800s
[00:14:18]   [hb] morgan x xgb (1/24) still running, 23830s
[00:14:48]   [hb] morgan x xgb (1/24) still running, 23860s
[00:15:18]   [hb] morgan x xgb (1/24) still running, 23890s
[00:15:48]   [hb] morgan x xgb (1/24) still running, 23920s
[00:16:18]   [hb] morgan x xgb (1/24) still running, 23950s
[00:16:48]   [hb] morgan x xgb (1/24) still running, 23980s
[00:17:18]   [hb] morgan x xgb (1/24) still running, 24010s
[00:17:48]   [hb] morgan x xgb (1/24) still running, 24040s
[00:18:18]   [hb] morgan x xgb (1/24) still running, 24070s
[00:18:48]   [hb] morgan x xgb (1/24) still running, 24100s
[00:19:18]   [hb] morgan x xgb (1/24) still running, 24130s
[00:19:48]   [hb] morgan x xgb (1/24) still running, 24160s
[00:20:18]   [hb] morgan x xgb (1/24) still running, 24190s
[00:20:48]   [hb] morgan x xgb (1/24) still running, 24220s
[00:21:18]   [hb] morgan x xgb (1/24) still running, 24250s
[00:21:48]   [hb] morgan x xgb (1/24) still running, 24280s
[00:22:18]   [hb] morgan x xgb (1/24) still running, 24310s
[00:22:48]   [hb] morgan x xgb (1/24) still running, 24340s
[00:23:18]   [hb] morgan x xgb (1/24) still running, 24370s
[00:23:48]   [hb] morgan x xgb (1/24) still running, 24400s
[00:24:18]   [hb] morgan x xgb (1/24) still running, 24430s
[00:24:48]   [hb] morgan x xgb (1/24) still running, 24460s
[00:25:18]   [hb] morgan x xgb (1/24) still running, 24490s
[00:25:48]   [hb] morgan x xgb (1/24) still running, 24520s
[00:26:18]   [hb] morgan x xgb (1/24) still running, 24550s
[00:26:48]   [hb] morgan x xgb (1/24) still running, 24580s
[00:27:18]   [hb] morgan x xgb (1/24) still running, 24610s
[00:27:48]   [hb] morgan x xgb (1/24) still running, 24640s
[00:28:18]   [hb] morgan x xgb (1/24) still running, 24670s
[00:28:48]   [hb] morgan x xgb (1/24) still running, 24700s
[00:29:18]   [hb] morgan x xgb (1/24) still running, 24730s
[00:29:48]   [hb] morgan x xgb (1/24) still running, 24760s
[00:30:18]   [hb] morgan x xgb (1/24) still running, 24790s
[00:30:48]   [hb] morgan x xgb (1/24) still running, 24820s
[00:31:18]   [hb] morgan x xgb (1/24) still running, 24850s
[00:31:48]   [hb] morgan x xgb (1/24) still running, 24880s
[00:32:18]   [hb] morgan x xgb (1/24) still running, 24910s
[00:32:48]   [hb] morgan x xgb (1/24) still running, 24940s
[00:33:18]   [hb] morgan x xgb (1/24) still running, 24970s
[00:33:48]   [hb] morgan x xgb (1/24) still running, 25000s
[00:34:18]   [hb] morgan x xgb (1/24) still running, 25030s
[00:34:48]   [hb] morgan x xgb (1/24) still running, 25060s
[00:35:18]   [hb] morgan x xgb (1/24) still running, 25090s
[00:35:48]   [hb] morgan x xgb (1/24) still running, 25120s
[00:36:18]   [hb] morgan x xgb (1/24) still running, 25150s
[00:36:48]   [hb] morgan x xgb (1/24) still running, 25180s
[00:37:18]   [hb] morgan x xgb (1/24) still running, 25210s
[00:37:48]   [hb] morgan x xgb (1/24) still running, 25240s
[00:38:18]   [hb] morgan x xgb (1/24) still running, 25270s
[00:38:48]   [hb] morgan x xgb (1/24) still running, 25300s
[00:39:18]   [hb] morgan x xgb (1/24) still running, 25330s
[00:39:48]   [hb] morgan x xgb (1/24) still running, 25360s
[00:40:18]   [hb] morgan x xgb (1/24) still running, 25390s
[00:40:48]   [hb] morgan x xgb (1/24) still running, 25420s
[00:41:18]   [hb] morgan x xgb (1/24) still running, 25450s
[00:41:48]   [hb] morgan x xgb (1/24) still running, 25480s
[00:42:18]   [hb] morgan x xgb (1/24) still running, 25510s
[00:42:48]   [hb] morgan x xgb (1/24) still running, 25540s
[00:43:18]   [hb] morgan x xgb (1/24) still running, 25570s
[00:43:48]   [hb] morgan x xgb (1/24) still running, 25600s
[00:44:18]   [hb] morgan x xgb (1/24) still running, 25630s
[00:44:48]   [hb] morgan x xgb (1/24) still running, 25660s
[00:45:18]   [hb] morgan x xgb (1/24) still running, 25690s
[00:45:48]   [hb] morgan x xgb (1/24) still running, 25720s
[00:46:18]   [hb] morgan x xgb (1/24) still running, 25750s
[00:46:48]   [hb] morgan x xgb (1/24) still running, 25780s
[00:47:18]   [hb] morgan x xgb (1/24) still running, 25810s
[00:47:48]   [hb] morgan x xgb (1/24) still running, 25840s
[00:48:18]   [hb] morgan x xgb (1/24) still running, 25870s
[00:48:48]   [hb] morgan x xgb (1/24) still running, 25900s
[00:49:18]   [hb] morgan x xgb (1/24) still running, 25930s
[00:49:48]   [hb] morgan x xgb (1/24) still running, 25960s
[00:50:18]   [hb] morgan x xgb (1/24) still running, 25990s
[00:50:48]   [hb] morgan x xgb (1/24) still running, 26020s
[00:51:18]   [hb] morgan x xgb (1/24) still running, 26050s
[00:51:48]   [hb] morgan x xgb (1/24) still running, 26080s
[00:52:18]   [hb] morgan x xgb (1/24) still running, 26110s
[00:52:48]   [hb] morgan x xgb (1/24) still running, 26140s
[00:53:18]   [hb] morgan x xgb (1/24) still running, 26170s
[00:53:48]   [hb] morgan x xgb (1/24) still running, 26200s
[00:54:18]   [hb] morgan x xgb (1/24) still running, 26230s
[00:54:48]   [hb] morgan x xgb (1/24) still running, 26260s
[00:55:18]   [hb] morgan x xgb (1/24) still running, 26290s
[00:55:48]   [hb] morgan x xgb (1/24) still running, 26320s
[00:56:18]   [hb] morgan x xgb (1/24) still running, 26350s
[00:56:48]   [hb] morgan x xgb (1/24) still running, 26380s
[00:57:18]   [hb] morgan x xgb (1/24) still running, 26410s
[00:57:48]   [hb] morgan x xgb (1/24) still running, 26440s
[00:58:18]   [hb] morgan x xgb (1/24) still running, 26470s
[00:58:48]   [hb] morgan x xgb (1/24) still running, 26500s
[00:59:18]   [hb] morgan x xgb (1/24) still running, 26530s
[00:59:48]   [hb] morgan x xgb (1/24) still running, 26560s
[01:00:18]   [hb] morgan x xgb (1/24) still running, 26590s
[01:00:48]   [hb] morgan x xgb (1/24) still running, 26620s
[01:01:18]   [hb] morgan x xgb (1/24) still running, 26650s
[01:01:48]   [hb] morgan x xgb (1/24) still running, 26680s
[01:02:18]   [hb] morgan x xgb (1/24) still running, 26710s
[01:02:48]   [hb] morgan x xgb (1/24) still running, 26740s
[01:03:18]   [hb] morgan x xgb (1/24) still running, 26770s
[01:03:48]   [hb] morgan x xgb (1/24) still running, 26800s
[01:04:18]   [hb] morgan x xgb (1/24) still running, 26830s
[01:04:48]   [hb] morgan x xgb (1/24) still running, 26860s
[01:05:18]   [hb] morgan x xgb (1/24) still running, 26890s
[01:05:48]   [hb] morgan x xgb (1/24) still running, 26920s
[01:06:18]   [hb] morgan x xgb (1/24) still running, 26950s
[01:06:48]   [hb] morgan x xgb (1/24) still running, 26980s
[01:07:18]   [hb] morgan x xgb (1/24) still running, 27010s
[01:07:48]   [hb] morgan x xgb (1/24) still running, 27040s
[01:08:18]   [hb] morgan x xgb (1/24) still running, 27070s
[01:08:48]   [hb] morgan x xgb (1/24) still running, 27100s
[01:09:18]   [hb] morgan x xgb (1/24) still running, 27130s
[01:09:48]   [hb] morgan x xgb (1/24) still running, 27160s
[01:10:18]   [hb] morgan x xgb (1/24) still running, 27190s
[01:10:48]   [hb] morgan x xgb (1/24) still running, 27220s
[01:11:18]   [hb] morgan x xgb (1/24) still running, 27250s
[01:11:48]   [hb] morgan x xgb (1/24) still running, 27280s
[01:12:18]   [hb] morgan x xgb (1/24) still running, 27310s
[01:12:48]   [hb] morgan x xgb (1/24) still running, 27340s
[01:13:18]   [hb] morgan x xgb (1/24) still running, 27370s
[01:13:48]   [hb] morgan x xgb (1/24) still running, 27400s
[01:14:18]   [hb] morgan x xgb (1/24) still running, 27430s
[01:14:48]   [hb] morgan x xgb (1/24) still running, 27460s
[01:15:18]   [hb] morgan x xgb (1/24) still running, 27490s
[01:15:48]   [hb] morgan x xgb (1/24) still running, 27520s
[01:16:18]   [hb] morgan x xgb (1/24) still running, 27550s
[01:16:48]   [hb] morgan x xgb (1/24) still running, 27580s
[01:17:18]   [hb] morgan x xgb (1/24) still running, 27610s
[01:17:48]   [hb] morgan x xgb (1/24) still running, 27640s
[01:18:18]   [hb] morgan x xgb (1/24) still running, 27670s
[01:18:48]   [hb] morgan x xgb (1/24) still running, 27700s
[01:19:18]   [hb] morgan x xgb (1/24) still running, 27730s
[01:19:48]   [hb] morgan x xgb (1/24) still running, 27760s
[01:20:18]   [hb] morgan x xgb (1/24) still running, 27790s
[01:20:48]   [hb] morgan x xgb (1/24) still running, 27820s
[01:21:18]   [hb] morgan x xgb (1/24) still running, 27850s
[01:21:48]   [hb] morgan x xgb (1/24) still running, 27880s
[01:22:18]   [hb] morgan x xgb (1/24) still running, 27910s
[01:22:48]   [hb] morgan x xgb (1/24) still running, 27940s
[01:23:18]   [hb] morgan x xgb (1/24) still running, 27970s
[01:23:48]   [hb] morgan x xgb (1/24) still running, 28000s
[01:24:18]   [hb] morgan x xgb (1/24) still running, 28030s
[01:24:48]   [hb] morgan x xgb (1/24) still running, 28060s
[01:25:18]   [hb] morgan x xgb (1/24) still running, 28090s
[01:25:48]   [hb] morgan x xgb (1/24) still running, 28120s
[01:26:18]   [hb] morgan x xgb (1/24) still running, 28150s
[01:26:48]   [hb] morgan x xgb (1/24) still running, 28180s
[01:27:18]   [hb] morgan x xgb (1/24) still running, 28210s
[01:27:48]   [hb] morgan x xgb (1/24) still running, 28240s
[01:28:18]   [hb] morgan x xgb (1/24) still running, 28270s
[01:28:48]   [hb] morgan x xgb (1/24) still running, 28300s
[01:29:18]   [hb] morgan x xgb (1/24) still running, 28330s
[01:29:48]   [hb] morgan x xgb (1/24) still running, 28360s
[01:30:18]   [hb] morgan x xgb (1/24) still running, 28390s
[01:30:48]   [hb] morgan x xgb (1/24) still running, 28420s
[01:31:18]   [hb] morgan x xgb (1/24) still running, 28450s
[01:31:48]   [hb] morgan x xgb (1/24) still running, 28480s
[01:32:18]   [hb] morgan x xgb (1/24) still running, 28510s
[01:32:48]   [hb] morgan x xgb (1/24) still running, 28540s
[01:33:18]   [hb] morgan x xgb (1/24) still running, 28570s
[01:33:48]   [hb] morgan x xgb (1/24) still running, 28600s
[01:34:18]   [hb] morgan x xgb (1/24) still running, 28630s
[01:34:48]   [hb] morgan x xgb (1/24) still running, 28660s
[01:35:18]   [hb] morgan x xgb (1/24) still running, 28690s
[01:35:48]   [hb] morgan x xgb (1/24) still running, 28720s
[01:36:18]   [hb] morgan x xgb (1/24) still running, 28750s
[01:36:48]   [hb] morgan x xgb (1/24) still running, 28780s
[01:37:18]   [hb] morgan x xgb (1/24) still running, 28810s
[01:37:48]   [hb] morgan x xgb (1/24) still running, 28840s
[01:38:18]   [hb] morgan x xgb (1/24) still running, 28870s
[01:38:48]   [hb] morgan x xgb (1/24) still running, 28900s
[01:39:18]   [hb] morgan x xgb (1/24) still running, 28930s
[01:39:48]   [hb] morgan x xgb (1/24) still running, 28960s
[01:40:18]   [hb] morgan x xgb (1/24) still running, 28990s
[01:40:48]   [hb] morgan x xgb (1/24) still running, 29020s
[01:41:18]   [hb] morgan x xgb (1/24) still running, 29050s
[01:41:48]   [hb] morgan x xgb (1/24) still running, 29080s
[01:42:18]   [hb] morgan x xgb (1/24) still running, 29110s
[01:42:48]   [hb] morgan x xgb (1/24) still running, 29140s
[01:43:18]   [hb] morgan x xgb (1/24) still running, 29170s
[01:43:48]   [hb] morgan x xgb (1/24) still running, 29200s
[01:44:18]   [hb] morgan x xgb (1/24) still running, 29230s
[01:44:48]   [hb] morgan x xgb (1/24) still running, 29260s
[01:45:18]   [hb] morgan x xgb (1/24) still running, 29290s
[01:45:48]   [hb] morgan x xgb (1/24) still running, 29320s
[01:46:18]   [hb] morgan x xgb (1/24) still running, 29350s
[01:46:48]   [hb] morgan x xgb (1/24) still running, 29380s
[01:47:18]   [hb] morgan x xgb (1/24) still running, 29410s
[01:47:48]   [hb] morgan x xgb (1/24) still running, 29440s
[01:48:18]   [hb] morgan x xgb (1/24) still running, 29470s
[01:48:48]   [hb] morgan x xgb (1/24) still running, 29500s
[01:49:18]   [hb] morgan x xgb (1/24) still running, 29530s
[01:49:48]   [hb] morgan x xgb (1/24) still running, 29560s
[01:50:18]   [hb] morgan x xgb (1/24) still running, 29590s
[01:50:48]   [hb] morgan x xgb (1/24) still running, 29620s
[01:51:18]   [hb] morgan x xgb (1/24) still running, 29650s
[01:51:48]   [hb] morgan x xgb (1/24) still running, 29680s
[01:52:18]   [hb] morgan x xgb (1/24) still running, 29710s
[01:52:48]   [hb] morgan x xgb (1/24) still running, 29740s
[01:53:18]   [hb] morgan x xgb (1/24) still running, 29770s
[01:53:48]   [hb] morgan x xgb (1/24) still running, 29800s
[01:54:18]   [hb] morgan x xgb (1/24) still running, 29830s
[01:54:48]   [hb] morgan x xgb (1/24) still running, 29860s
[01:55:18]   [hb] morgan x xgb (1/24) still running, 29890s
[01:55:48]   [hb] morgan x xgb (1/24) still running, 29920s
[01:56:18]   [hb] morgan x xgb (1/24) still running, 29950s
[01:56:48]   [hb] morgan x xgb (1/24) still running, 29980s
[01:57:18]   [hb] morgan x xgb (1/24) still running, 30010s
[01:57:48]   [hb] morgan x xgb (1/24) still running, 30040s
[01:58:18]   [hb] morgan x xgb (1/24) still running, 30070s
[01:58:48]   [hb] morgan x xgb (1/24) still running, 30100s
[01:59:18]   [hb] morgan x xgb (1/24) still running, 30130s
[01:59:48]   [hb] morgan x xgb (1/24) still running, 30160s
[02:00:18]   [hb] morgan x xgb (1/24) still running, 30190s
[02:00:48]   [hb] morgan x xgb (1/24) still running, 30220s
[02:01:18]   [hb] morgan x xgb (1/24) still running, 30250s
[02:01:48]   [hb] morgan x xgb (1/24) still running, 30280s
[02:02:18]   [hb] morgan x xgb (1/24) still running, 30310s
[02:02:48]   [hb] morgan x xgb (1/24) still running, 30340s
[02:03:18]   [hb] morgan x xgb (1/24) still running, 30370s
[02:03:48]   [hb] morgan x xgb (1/24) still running, 30400s
[02:04:18]   [hb] morgan x xgb (1/24) still running, 30430s
[02:04:48]   [hb] morgan x xgb (1/24) still running, 30460s
[02:05:18]   [hb] morgan x xgb (1/24) still running, 30490s
[02:05:48]   [hb] morgan x xgb (1/24) still running, 30520s
[02:06:18]   [hb] morgan x xgb (1/24) still running, 30550s
[02:06:48]   [hb] morgan x xgb (1/24) still running, 30580s
[02:07:18]   [hb] morgan x xgb (1/24) still running, 30610s
[02:07:48]   [hb] morgan x xgb (1/24) still running, 30640s
[02:08:18]   [hb] morgan x xgb (1/24) still running, 30670s
[02:08:48]   [hb] morgan x xgb (1/24) still running, 30700s
[02:09:18]   [hb] morgan x xgb (1/24) still running, 30730s
[02:09:48]   [hb] morgan x xgb (1/24) still running, 30760s
[02:10:18]   [hb] morgan x xgb (1/24) still running, 30790s
[02:10:48]   [hb] morgan x xgb (1/24) still running, 30820s
[02:11:18]   [hb] morgan x xgb (1/24) still running, 30850s
[02:11:48]   [hb] morgan x xgb (1/24) still running, 30880s
[02:12:18]   [hb] morgan x xgb (1/24) still running, 30910s
[02:12:48]   [hb] morgan x xgb (1/24) still running, 30940s
[02:13:18]   [hb] morgan x xgb (1/24) still running, 30970s
[02:13:48]   [hb] morgan x xgb (1/24) still running, 31000s
[02:14:18]   [hb] morgan x xgb (1/24) still running, 31030s
[02:14:48]   [hb] morgan x xgb (1/24) still running, 31060s
[02:15:18]   [hb] morgan x xgb (1/24) still running, 31090s
[02:15:48]   [hb] morgan x xgb (1/24) still running, 31120s
[02:16:18]   [hb] morgan x xgb (1/24) still running, 31150s
[02:16:48]   [hb] morgan x xgb (1/24) still running, 31180s
[02:17:18]   [hb] morgan x xgb (1/24) still running, 31210s
[02:17:48]   [hb] morgan x xgb (1/24) still running, 31240s
[02:18:18]   [hb] morgan x xgb (1/24) still running, 31270s
[02:18:48]   [hb] morgan x xgb (1/24) still running, 31300s
[02:19:18]   [hb] morgan x xgb (1/24) still running, 31330s
[02:19:48]   [hb] morgan x xgb (1/24) still running, 31360s
[02:20:18]   [hb] morgan x xgb (1/24) still running, 31390s
[02:20:48]   [hb] morgan x xgb (1/24) still running, 31420s
[02:21:18]   [hb] morgan x xgb (1/24) still running, 31450s
[02:21:48]   [hb] morgan x xgb (1/24) still running, 31480s
[02:22:18]   [hb] morgan x xgb (1/24) still running, 31510s
[02:22:48]   [hb] morgan x xgb (1/24) still running, 31540s
[02:23:18]   [hb] morgan x xgb (1/24) still running, 31570s
[02:23:48]   [hb] morgan x xgb (1/24) still running, 31600s
[02:24:18]   [hb] morgan x xgb (1/24) still running, 31630s
[02:24:48]   [hb] morgan x xgb (1/24) still running, 31660s
[02:25:18]   [hb] morgan x xgb (1/24) still running, 31690s
[02:25:48]   [hb] morgan x xgb (1/24) still running, 31720s
[02:26:18]   [hb] morgan x xgb (1/24) still running, 31750s
[02:26:48]   [hb] morgan x xgb (1/24) still running, 31780s
[02:27:18]   [hb] morgan x xgb (1/24) still running, 31810s
[02:27:48]   [hb] morgan x xgb (1/24) still running, 31840s
[02:28:18]   [hb] morgan x xgb (1/24) still running, 31870s
[02:28:48]   [hb] morgan x xgb (1/24) still running, 31900s
[02:29:18]   [hb] morgan x xgb (1/24) still running, 31930s
[02:29:48]   [hb] morgan x xgb (1/24) still running, 31960s
[02:30:18]   [hb] morgan x xgb (1/24) still running, 31990s
[02:30:48]   [hb] morgan x xgb (1/24) still running, 32020s
[02:31:18]   [hb] morgan x xgb (1/24) still running, 32050s
[02:31:48]   [hb] morgan x xgb (1/24) still running, 32080s
[02:32:18]   [hb] morgan x xgb (1/24) still running, 32110s
[02:32:48]   [hb] morgan x xgb (1/24) still running, 32140s
[02:33:18]   [hb] morgan x xgb (1/24) still running, 32170s
[02:33:48]   [hb] morgan x xgb (1/24) still running, 32200s
[02:34:18]   [hb] morgan x xgb (1/24) still running, 32230s
[02:34:48]   [hb] morgan x xgb (1/24) still running, 32260s
[02:35:18]   [hb] morgan x xgb (1/24) still running, 32290s
[02:35:48]   [hb] morgan x xgb (1/24) still running, 32320s
[02:36:18]   [hb] morgan x xgb (1/24) still running, 32350s
[02:36:48]   [hb] morgan x xgb (1/24) still running, 32380s
[02:37:18]   [hb] morgan x xgb (1/24) still running, 32410s
[02:37:48]   [hb] morgan x xgb (1/24) still running, 32440s
[02:38:18]   [hb] morgan x xgb (1/24) still running, 32470s
[02:38:48]   [hb] morgan x xgb (1/24) still running, 32500s
[02:39:18]   [hb] morgan x xgb (1/24) still running, 32530s
[02:39:48]   [hb] morgan x xgb (1/24) still running, 32560s
[02:40:18]   [hb] morgan x xgb (1/24) still running, 32590s
[02:40:48]   [hb] morgan x xgb (1/24) still running, 32620s
[02:41:18]   [hb] morgan x xgb (1/24) still running, 32650s
[02:41:48]   [hb] morgan x xgb (1/24) still running, 32680s
[02:42:18]   [hb] morgan x xgb (1/24) still running, 32710s
[02:42:48]   [hb] morgan x xgb (1/24) still running, 32740s
[02:43:18]   [hb] morgan x xgb (1/24) still running, 32770s
[02:43:48]   [hb] morgan x xgb (1/24) still running, 32800s
[02:44:18]   [hb] morgan x xgb (1/24) still running, 32830s
[02:44:48]   [hb] morgan x xgb (1/24) still running, 32860s
[02:45:18]   [hb] morgan x xgb (1/24) still running, 32890s
[02:45:48]   [hb] morgan x xgb (1/24) still running, 32920s
[02:46:18]   [hb] morgan x xgb (1/24) still running, 32950s
[02:46:48]   [hb] morgan x xgb (1/24) still running, 32980s
[02:47:18]   [hb] morgan x xgb (1/24) still running, 33010s
[02:47:48]   [hb] morgan x xgb (1/24) still running, 33040s
[02:48:18]   [hb] morgan x xgb (1/24) still running, 33070s
[02:48:48]   [hb] morgan x xgb (1/24) still running, 33100s
[02:49:18]   [hb] morgan x xgb (1/24) still running, 33130s
[02:49:48]   [hb] morgan x xgb (1/24) still running, 33160s
[02:50:18]   [hb] morgan x xgb (1/24) still running, 33190s
[02:50:48]   [hb] morgan x xgb (1/24) still running, 33220s
[02:51:18]   [hb] morgan x xgb (1/24) still running, 33250s
[02:51:48]   [hb] morgan x xgb (1/24) still running, 33280s
[02:52:18]   [hb] morgan x xgb (1/24) still running, 33310s
[02:52:48]   [hb] morgan x xgb (1/24) still running, 33340s
[02:53:18]   [hb] morgan x xgb (1/24) still running, 33370s
[02:53:48]   [hb] morgan x xgb (1/24) still running, 33400s
[02:54:18]   [hb] morgan x xgb (1/24) still running, 33430s
[02:54:48]   [hb] morgan x xgb (1/24) still running, 33460s
[02:55:18]   [hb] morgan x xgb (1/24) still running, 33490s
[02:55:48]   [hb] morgan x xgb (1/24) still running, 33520s
[02:56:18]   [hb] morgan x xgb (1/24) still running, 33550s
[02:56:48]   [hb] morgan x xgb (1/24) still running, 33580s
[02:57:18]   [hb] morgan x xgb (1/24) still running, 33610s
[02:57:48]   [hb] morgan x xgb (1/24) still running, 33640s
[02:58:18]   [hb] morgan x xgb (1/24) still running, 33670s
[02:58:48]   [hb] morgan x xgb (1/24) still running, 33700s
[02:59:18]   [hb] morgan x xgb (1/24) still running, 33730s
[02:59:48]   [hb] morgan x xgb (1/24) still running, 33760s
[03:00:18]   [hb] morgan x xgb (1/24) still running, 33790s
[03:00:48]   [hb] morgan x xgb (1/24) still running, 33820s
[03:01:18]   [hb] morgan x xgb (1/24) still running, 33850s
[03:01:48]   [hb] morgan x xgb (1/24) still running, 33880s
[03:02:18]   [hb] morgan x xgb (1/24) still running, 33910s
[03:02:48]   [hb] morgan x xgb (1/24) still running, 33940s
[03:03:18]   [hb] morgan x xgb (1/24) still running, 33970s
[03:03:48]   [hb] morgan x xgb (1/24) still running, 34000s
[03:04:18]   [hb] morgan x xgb (1/24) still running, 34030s
[03:04:48]   [hb] morgan x xgb (1/24) still running, 34060s
[03:05:18]   [hb] morgan x xgb (1/24) still running, 34090s
[03:05:48]   [hb] morgan x xgb (1/24) still running, 34120s
[03:06:18]   [hb] morgan x xgb (1/24) still running, 34150s
[03:06:48]   [hb] morgan x xgb (1/24) still running, 34180s
[03:07:18]   [hb] morgan x xgb (1/24) still running, 34210s
[03:07:48]   [hb] morgan x xgb (1/24) still running, 34240s
[03:08:18]   [hb] morgan x xgb (1/24) still running, 34270s
[03:08:48]   [hb] morgan x xgb (1/24) still running, 34300s
[03:09:18]   [hb] morgan x xgb (1/24) still running, 34330s
[03:09:48]   [hb] morgan x xgb (1/24) still running, 34360s
[03:10:18]   [hb] morgan x xgb (1/24) still running, 34390s
[03:10:48]   [hb] morgan x xgb (1/24) still running, 34420s
[03:11:18]   [hb] morgan x xgb (1/24) still running, 34450s
[03:11:48]   [hb] morgan x xgb (1/24) still running, 34480s
[03:12:18]   [hb] morgan x xgb (1/24) still running, 34510s
[03:12:48]   [hb] morgan x xgb (1/24) still running, 34540s
[03:13:18]   [hb] morgan x xgb (1/24) still running, 34570s
[03:13:48]   [hb] morgan x xgb (1/24) still running, 34600s
[03:14:18]   [hb] morgan x xgb (1/24) still running, 34630s
[03:14:48]   [hb] morgan x xgb (1/24) still running, 34660s
[03:15:18]   [hb] morgan x xgb (1/24) still running, 34690s
[03:15:48]   [hb] morgan x xgb (1/24) still running, 34720s
[03:16:18]   [hb] morgan x xgb (1/24) still running, 34750s
[03:16:48]   [hb] morgan x xgb (1/24) still running, 34780s
[03:17:18]   [hb] morgan x xgb (1/24) still running, 34810s
[03:17:48]   [hb] morgan x xgb (1/24) still running, 34840s
[03:18:18]   [hb] morgan x xgb (1/24) still running, 34870s
[03:18:48]   [hb] morgan x xgb (1/24) still running, 34900s
[03:19:18]   [hb] morgan x xgb (1/24) still running, 34930s
[03:19:48]   [hb] morgan x xgb (1/24) still running, 34960s
[03:20:18]   [hb] morgan x xgb (1/24) still running, 34990s
[03:20:48]   [hb] morgan x xgb (1/24) still running, 35020s
[03:21:18]   [hb] morgan x xgb (1/24) still running, 35050s
[03:21:48]   [hb] morgan x xgb (1/24) still running, 35080s
[03:22:18]   [hb] morgan x xgb (1/24) still running, 35110s
[03:22:48]   [hb] morgan x xgb (1/24) still running, 35140s
[03:23:18]   [hb] morgan x xgb (1/24) still running, 35170s
[03:23:48]   [hb] morgan x xgb (1/24) still running, 35200s
[03:24:18]   [hb] morgan x xgb (1/24) still running, 35230s
[03:24:48]   [hb] morgan x xgb (1/24) still running, 35260s
[03:25:18]   [hb] morgan x xgb (1/24) still running, 35290s
[03:25:48]   [hb] morgan x xgb (1/24) still running, 35320s
[03:26:18]   [hb] morgan x xgb (1/24) still running, 35350s
[03:26:48]   [hb] morgan x xgb (1/24) still running, 35380s
[03:27:18]   [hb] morgan x xgb (1/24) still running, 35410s
[03:27:48]   [hb] morgan x xgb (1/24) still running, 35440s
[03:28:18]   [hb] morgan x xgb (1/24) still running, 35470s
[03:28:48]   [hb] morgan x xgb (1/24) still running, 35500s
[03:29:18]   [hb] morgan x xgb (1/24) still running, 35530s
[03:29:48]   [hb] morgan x xgb (1/24) still running, 35560s
[03:30:18]   [hb] morgan x xgb (1/24) still running, 35590s
[03:30:48]   [hb] morgan x xgb (1/24) still running, 35620s
[03:31:18]   [hb] morgan x xgb (1/24) still running, 35650s
[03:31:48]   [hb] morgan x xgb (1/24) still running, 35680s
[03:32:18]   [hb] morgan x xgb (1/24) still running, 35710s
[03:32:48]   [hb] morgan x xgb (1/24) still running, 35740s
[03:33:18]   [hb] morgan x xgb (1/24) still running, 35770s
[03:33:48]   [hb] morgan x xgb (1/24) still running, 35800s
[03:34:18]   [hb] morgan x xgb (1/24) still running, 35830s
[03:34:48]   [hb] morgan x xgb (1/24) still running, 35860s
[03:35:18]   [hb] morgan x xgb (1/24) still running, 35890s
[03:35:48]   [hb] morgan x xgb (1/24) still running, 35920s
[03:36:18]   [hb] morgan x xgb (1/24) still running, 35950s
[03:36:48]   [hb] morgan x xgb (1/24) still running, 35980s
[03:37:18]   [hb] morgan x xgb (1/24) still running, 36010s
[03:37:48]   [hb] morgan x xgb (1/24) still running, 36040s
[03:38:18]   [hb] morgan x xgb (1/24) still running, 36070s
[03:38:48]   [hb] morgan x xgb (1/24) still running, 36100s
[03:39:18]   [hb] morgan x xgb (1/24) still running, 36130s
[03:39:48]   [hb] morgan x xgb (1/24) still running, 36160s
[03:40:18]   [hb] morgan x xgb (1/24) still running, 36190s
[03:40:48]   [hb] morgan x xgb (1/24) still running, 36220s
[03:41:18]   [hb] morgan x xgb (1/24) still running, 36250s
[03:41:48]   [hb] morgan x xgb (1/24) still running, 36280s
[03:42:18]   [hb] morgan x xgb (1/24) still running, 36310s
[03:42:48]   [hb] morgan x xgb (1/24) still running, 36340s
[03:43:18]   [hb] morgan x xgb (1/24) still running, 36370s
[03:43:48]   [hb] morgan x xgb (1/24) still running, 36400s
[03:44:18]   [hb] morgan x xgb (1/24) still running, 36430s
[03:44:48]   [hb] morgan x xgb (1/24) still running, 36460s
[03:45:18]   [hb] morgan x xgb (1/24) still running, 36490s
[03:45:48]   [hb] morgan x xgb (1/24) still running, 36520s
[03:46:18]   [hb] morgan x xgb (1/24) still running, 36550s
[03:46:48]   [hb] morgan x xgb (1/24) still running, 36580s
[03:47:18]   [hb] morgan x xgb (1/24) still running, 36610s
[03:47:48]   [hb] morgan x xgb (1/24) still running, 36640s
[03:48:18]   [hb] morgan x xgb (1/24) still running, 36670s
[03:48:48]   [hb] morgan x xgb (1/24) still running, 36700s
[03:49:18]   [hb] morgan x xgb (1/24) still running, 36730s
[03:49:48]   [hb] morgan x xgb (1/24) still running, 36760s
[03:50:18]   [hb] morgan x xgb (1/24) still running, 36790s
[03:50:48]   [hb] morgan x xgb (1/24) still running, 36820s
[03:51:18]   [hb] morgan x xgb (1/24) still running, 36850s
[03:51:48]   [hb] morgan x xgb (1/24) still running, 36880s
[03:52:18]   [hb] morgan x xgb (1/24) still running, 36910s
[03:52:48]   [hb] morgan x xgb (1/24) still running, 36940s
[03:53:18]   [hb] morgan x xgb (1/24) still running, 36970s
[03:53:48]   [hb] morgan x xgb (1/24) still running, 37000s
[03:54:18]   [hb] morgan x xgb (1/24) still running, 37030s
[03:54:48]   [hb] morgan x xgb (1/24) still running, 37060s
[03:55:18]   [hb] morgan x xgb (1/24) still running, 37090s
[03:55:48]   [hb] morgan x xgb (1/24) still running, 37120s
[03:56:18]   [hb] morgan x xgb (1/24) still running, 37150s
[03:56:48]   [hb] morgan x xgb (1/24) still running, 37180s
[03:57:18]   [hb] morgan x xgb (1/24) still running, 37210s
[03:57:48]   [hb] morgan x xgb (1/24) still running, 37240s
[03:58:18]   [hb] morgan x xgb (1/24) still running, 37270s
[03:58:48]   [hb] morgan x xgb (1/24) still running, 37300s
[03:59:18]   [hb] morgan x xgb (1/24) still running, 37330s
[03:59:48]   [hb] morgan x xgb (1/24) still running, 37360s
[04:00:18]   [hb] morgan x xgb (1/24) still running, 37390s
[04:00:48]   [hb] morgan x xgb (1/24) still running, 37420s
[04:01:18]   [hb] morgan x xgb (1/24) still running, 37450s
[04:01:48]   [hb] morgan x xgb (1/24) still running, 37480s
[04:02:18]   [hb] morgan x xgb (1/24) still running, 37510s
[04:02:48]   [hb] morgan x xgb (1/24) still running, 37540s
[04:03:18]   [hb] morgan x xgb (1/24) still running, 37570s
[04:03:48]   [hb] morgan x xgb (1/24) still running, 37600s
[04:04:18]   [hb] morgan x xgb (1/24) still running, 37630s
[04:04:48]   [hb] morgan x xgb (1/24) still running, 37660s
[04:05:18]   [hb] morgan x xgb (1/24) still running, 37690s
[04:05:48]   [hb] morgan x xgb (1/24) still running, 37720s
[04:06:18]   [hb] morgan x xgb (1/24) still running, 37750s
[04:06:48]   [hb] morgan x xgb (1/24) still running, 37780s
[04:07:18]   [hb] morgan x xgb (1/24) still running, 37810s
[04:07:48]   [hb] morgan x xgb (1/24) still running, 37840s
[04:08:18]   [hb] morgan x xgb (1/24) still running, 37870s
[04:08:48]   [hb] morgan x xgb (1/24) still running, 37900s
[04:09:18]   [hb] morgan x xgb (1/24) still running, 37930s
[04:09:48]   [hb] morgan x xgb (1/24) still running, 37960s
[04:10:18]   [hb] morgan x xgb (1/24) still running, 37990s
[04:10:48]   [hb] morgan x xgb (1/24) still running, 38020s
[04:11:18]   [hb] morgan x xgb (1/24) still running, 38050s
[04:11:48]   [hb] morgan x xgb (1/24) still running, 38080s
[04:12:18]   [hb] morgan x xgb (1/24) still running, 38110s
[04:12:48]   [hb] morgan x xgb (1/24) still running, 38140s
[04:13:18]   [hb] morgan x xgb (1/24) still running, 38170s
[04:13:48]   [hb] morgan x xgb (1/24) still running, 38200s
[04:14:18]   [hb] morgan x xgb (1/24) still running, 38230s
[04:14:48]   [hb] morgan x xgb (1/24) still running, 38260s
[04:15:18]   [hb] morgan x xgb (1/24) still running, 38290s
[04:15:48]   [hb] morgan x xgb (1/24) still running, 38320s
[04:16:18]   [hb] morgan x xgb (1/24) still running, 38350s
[04:16:48]   [hb] morgan x xgb (1/24) still running, 38380s
[04:17:18]   [hb] morgan x xgb (1/24) still running, 38410s
[04:17:48]   [hb] morgan x xgb (1/24) still running, 38440s
[04:18:18]   [hb] morgan x xgb (1/24) still running, 38470s
[04:18:48]   [hb] morgan x xgb (1/24) still running, 38500s
[04:19:18]   [hb] morgan x xgb (1/24) still running, 38530s
[04:19:48]   [hb] morgan x xgb (1/24) still running, 38560s
[04:20:18]   [hb] morgan x xgb (1/24) still running, 38590s
[04:20:48]   [hb] morgan x xgb (1/24) still running, 38620s
[04:21:18]   [hb] morgan x xgb (1/24) still running, 38650s
[04:21:48]   [hb] morgan x xgb (1/24) still running, 38680s
[04:22:18]   [hb] morgan x xgb (1/24) still running, 38710s
[04:22:48]   [hb] morgan x xgb (1/24) still running, 38740s
[04:23:18]   [hb] morgan x xgb (1/24) still running, 38770s
[04:23:48]   [hb] morgan x xgb (1/24) still running, 38800s
[04:24:18]   [hb] morgan x xgb (1/24) still running, 38830s
[04:24:48]   [hb] morgan x xgb (1/24) still running, 38860s
[04:25:18]   [hb] morgan x xgb (1/24) still running, 38890s
[04:25:48]   [hb] morgan x xgb (1/24) still running, 38920s
[04:26:18]   [hb] morgan x xgb (1/24) still running, 38950s
[04:26:48]   [hb] morgan x xgb (1/24) still running, 38980s
[04:27:18]   [hb] morgan x xgb (1/24) still running, 39010s
[04:27:48]   [hb] morgan x xgb (1/24) still running, 39040s
[04:28:18]   [hb] morgan x xgb (1/24) still running, 39070s
[04:28:48]   [hb] morgan x xgb (1/24) still running, 39100s
[04:29:18]   [hb] morgan x xgb (1/24) still running, 39130s
[04:29:48]   [hb] morgan x xgb (1/24) still running, 39160s
[04:30:18]   [hb] morgan x xgb (1/24) still running, 39190s
[04:30:48]   [hb] morgan x xgb (1/24) still running, 39220s
[04:31:18]   [hb] morgan x xgb (1/24) still running, 39250s
[04:31:48]   [hb] morgan x xgb (1/24) still running, 39280s
[04:32:18]   [hb] morgan x xgb (1/24) still running, 39310s
[04:32:48]   [hb] morgan x xgb (1/24) still running, 39340s
[04:33:18]   [hb] morgan x xgb (1/24) still running, 39370s
[04:33:48]   [hb] morgan x xgb (1/24) still running, 39400s
[04:34:18]   [hb] morgan x xgb (1/24) still running, 39430s
[04:34:48]   [hb] morgan x xgb (1/24) still running, 39460s
[04:35:18]   [hb] morgan x xgb (1/24) still running, 39490s
[04:35:48]   [hb] morgan x xgb (1/24) still running, 39520s
[04:36:18]   [hb] morgan x xgb (1/24) still running, 39550s
[04:36:48]   [hb] morgan x xgb (1/24) still running, 39580s
[04:37:18]   [hb] morgan x xgb (1/24) still running, 39610s
[04:37:48]   [hb] morgan x xgb (1/24) still running, 39640s
[04:38:18]   [hb] morgan x xgb (1/24) still running, 39670s
[04:38:48]   [hb] morgan x xgb (1/24) still running, 39700s
[04:39:18]   [hb] morgan x xgb (1/24) still running, 39730s
[04:39:48]   [hb] morgan x xgb (1/24) still running, 39760s
[04:40:18]   [hb] morgan x xgb (1/24) still running, 39790s
[04:40:48]   [hb] morgan x xgb (1/24) still running, 39820s
[04:41:18]   [hb] morgan x xgb (1/24) still running, 39850s
[04:41:48]   [hb] morgan x xgb (1/24) still running, 39880s
[04:42:18]   [hb] morgan x xgb (1/24) still running, 39910s
[04:42:48]   [hb] morgan x xgb (1/24) still running, 39940s
[04:43:18]   [hb] morgan x xgb (1/24) still running, 39970s
[04:43:48]   [hb] morgan x xgb (1/24) still running, 40000s
[04:44:18]   [hb] morgan x xgb (1/24) still running, 40030s
[04:44:48]   [hb] morgan x xgb (1/24) still running, 40060s
[04:45:18]   [hb] morgan x xgb (1/24) still running, 40090s
[04:45:48]   [hb] morgan x xgb (1/24) still running, 40120s
[04:46:18]   [hb] morgan x xgb (1/24) still running, 40150s
[04:46:48]   [hb] morgan x xgb (1/24) still running, 40180s
[04:47:18]   [hb] morgan x xgb (1/24) still running, 40210s
[04:47:48]   [hb] morgan x xgb (1/24) still running, 40240s
[04:48:18]   [hb] morgan x xgb (1/24) still running, 40270s
[04:48:48]   [hb] morgan x xgb (1/24) still running, 40300s
[04:49:18]   [hb] morgan x xgb (1/24) still running, 40330s
[04:49:48]   [hb] morgan x xgb (1/24) still running, 40360s
[04:50:18]   [hb] morgan x xgb (1/24) still running, 40390s
[04:50:48]   [hb] morgan x xgb (1/24) still running, 40420s
[04:51:18]   [hb] morgan x xgb (1/24) still running, 40450s
[04:51:48]   [hb] morgan x xgb (1/24) still running, 40480s
[04:52:18]   [hb] morgan x xgb (1/24) still running, 40510s
[04:52:48]   [hb] morgan x xgb (1/24) still running, 40540s
[04:53:18]   [hb] morgan x xgb (1/24) still running, 40570s
[04:53:48]   [hb] morgan x xgb (1/24) still running, 40600s
[04:54:18]   [hb] morgan x xgb (1/24) still running, 40630s
[04:54:48]   [hb] morgan x xgb (1/24) still running, 40660s
[04:55:18]   [hb] morgan x xgb (1/24) still running, 40690s
[04:55:48]   [hb] morgan x xgb (1/24) still running, 40720s
[04:56:18]   [hb] morgan x xgb (1/24) still running, 40750s
[04:56:48]   [hb] morgan x xgb (1/24) still running, 40780s
[04:57:18]   [hb] morgan x xgb (1/24) still running, 40810s
[04:57:48]   [hb] morgan x xgb (1/24) still running, 40840s
[04:58:18]   [hb] morgan x xgb (1/24) still running, 40870s
[04:58:48]   [hb] morgan x xgb (1/24) still running, 40900s
[04:59:18]   [hb] morgan x xgb (1/24) still running, 40930s
[04:59:48]   [hb] morgan x xgb (1/24) still running, 40960s
[05:00:18]   [hb] morgan x xgb (1/24) still running, 40990s
[05:00:48]   [hb] morgan x xgb (1/24) still running, 41020s
[05:01:18]   [hb] morgan x xgb (1/24) still running, 41050s
[05:01:48]   [hb] morgan x xgb (1/24) still running, 41080s
[05:02:18]   [hb] morgan x xgb (1/24) still running, 41110s
[05:02:48]   [hb] morgan x xgb (1/24) still running, 41140s
[05:03:18]   [hb] morgan x xgb (1/24) still running, 41170s
[05:03:48]   [hb] morgan x xgb (1/24) still running, 41200s
[05:04:18]   [hb] morgan x xgb (1/24) still running, 41230s
[05:04:48]   [hb] morgan x xgb (1/24) still running, 41260s
[05:05:18]   [hb] morgan x xgb (1/24) still running, 41290s
[05:05:48]   [hb] morgan x xgb (1/24) still running, 41320s
[05:06:18]   [hb] morgan x xgb (1/24) still running, 41350s
[05:06:48]   [hb] morgan x xgb (1/24) still running, 41380s
[05:07:18]   [hb] morgan x xgb (1/24) still running, 41410s
[05:07:48]   [hb] morgan x xgb (1/24) still running, 41440s
[05:08:18]   [hb] morgan x xgb (1/24) still running, 41470s
[05:08:48]   [hb] morgan x xgb (1/24) still running, 41500s
[05:09:18]   [hb] morgan x xgb (1/24) still running, 41530s
[05:09:48]   [hb] morgan x xgb (1/24) still running, 41560s
[05:10:18]   [hb] morgan x xgb (1/24) still running, 41590s
[05:10:48]   [hb] morgan x xgb (1/24) still running, 41620s
[05:11:18]   [hb] morgan x xgb (1/24) still running, 41650s
[05:11:48]   [hb] morgan x xgb (1/24) still running, 41680s
[05:12:18]   [hb] morgan x xgb (1/24) still running, 41710s
[05:12:48]   [hb] morgan x xgb (1/24) still running, 41740s
[05:13:18]   [hb] morgan x xgb (1/24) still running, 41770s
[05:13:48]   [hb] morgan x xgb (1/24) still running, 41800s
[05:14:18]   [hb] morgan x xgb (1/24) still running, 41830s
[05:14:48]   [hb] morgan x xgb (1/24) still running, 41860s
[05:15:18]   [hb] morgan x xgb (1/24) still running, 41890s
[05:15:48]   [hb] morgan x xgb (1/24) still running, 41920s
[05:16:18]   [hb] morgan x xgb (1/24) still running, 41950s
[05:16:48]   [hb] morgan x xgb (1/24) still running, 41980s
[05:17:18]   [hb] morgan x xgb (1/24) still running, 42010s
[05:17:48]   [hb] morgan x xgb (1/24) still running, 42040s
[05:18:18]   [hb] morgan x xgb (1/24) still running, 42070s
[05:18:48]   [hb] morgan x xgb (1/24) still running, 42100s
[05:19:18]   [hb] morgan x xgb (1/24) still running, 42130s
[05:19:48]   [hb] morgan x xgb (1/24) still running, 42160s
[05:20:18]   [hb] morgan x xgb (1/24) still running, 42190s
[05:20:48]   [hb] morgan x xgb (1/24) still running, 42220s
[05:21:18]   [hb] morgan x xgb (1/24) still running, 42250s
[05:21:48]   [hb] morgan x xgb (1/24) still running, 42280s
[05:22:18]   [hb] morgan x xgb (1/24) still running, 42310s
[05:22:48]   [hb] morgan x xgb (1/24) still running, 42340s
[05:23:18]   [hb] morgan x xgb (1/24) still running, 42370s
[05:23:48]   [hb] morgan x xgb (1/24) still running, 42400s
[05:24:18]   [hb] morgan x xgb (1/24) still running, 42430s
[05:24:48]   [hb] morgan x xgb (1/24) still running, 42460s
[05:25:18]   [hb] morgan x xgb (1/24) still running, 42490s
[05:25:48]   [hb] morgan x xgb (1/24) still running, 42520s
[05:26:18]   [hb] morgan x xgb (1/24) still running, 42550s
[05:26:48]   [hb] morgan x xgb (1/24) still running, 42580s
[05:27:18]   [hb] morgan x xgb (1/24) still running, 42610s
[05:27:48]   [hb] morgan x xgb (1/24) still running, 42640s
[05:28:18]   [hb] morgan x xgb (1/24) still running, 42670s
[05:28:48]   [hb] morgan x xgb (1/24) still running, 42700s
[05:29:18]   [hb] morgan x xgb (1/24) still running, 42730s
[05:29:48]   [hb] morgan x xgb (1/24) still running, 42760s
[05:30:18]   [hb] morgan x xgb (1/24) still running, 42790s
[05:30:48]   [hb] morgan x xgb (1/24) still running, 42820s
[05:31:18]   [hb] morgan x xgb (1/24) still running, 42850s
[05:31:48]   [hb] morgan x xgb (1/24) still running, 42880s
[05:32:18]   [hb] morgan x xgb (1/24) still running, 42910s
[05:32:48]   [hb] morgan x xgb (1/24) still running, 42940s
[05:33:18]   [hb] morgan x xgb (1/24) still running, 42970s
[05:33:48]   [hb] morgan x xgb (1/24) still running, 43000s
[05:34:18]   [hb] morgan x xgb (1/24) still running, 43030s
[05:34:48]   [hb] morgan x xgb (1/24) still running, 43060s
[05:35:18]   [hb] morgan x xgb (1/24) still running, 43090s
[05:35:48]   [hb] morgan x xgb (1/24) still running, 43120s
[05:36:18]   [hb] morgan x xgb (1/24) still running, 43150s
[05:36:48]   [hb] morgan x xgb (1/24) still running, 43180s
[05:37:18]   [hb] morgan x xgb (1/24) still running, 43210s
[05:37:48]   [hb] morgan x xgb (1/24) still running, 43240s
[05:38:18]   [hb] morgan x xgb (1/24) still running, 43270s
[05:38:48]   [hb] morgan x xgb (1/24) still running, 43300s
[05:39:18]   [hb] morgan x xgb (1/24) still running, 43330s
[05:39:48]   [hb] morgan x xgb (1/24) still running, 43360s
[05:40:18]   [hb] morgan x xgb (1/24) still running, 43390s
[05:40:48]   [hb] morgan x xgb (1/24) still running, 43420s
[05:41:18]   [hb] morgan x xgb (1/24) still running, 43450s
[05:41:48]   [hb] morgan x xgb (1/24) still running, 43480s
[05:42:18]   [hb] morgan x xgb (1/24) still running, 43510s
[05:42:48]   [hb] morgan x xgb (1/24) still running, 43540s
[05:43:18]   [hb] morgan x xgb (1/24) still running, 43570s
[05:43:48]   [hb] morgan x xgb (1/24) still running, 43600s
[05:44:18]   [hb] morgan x xgb (1/24) still running, 43630s
[05:44:48]   [hb] morgan x xgb (1/24) still running, 43660s
[05:45:18]   [hb] morgan x xgb (1/24) still running, 43690s
[05:45:48]   [hb] morgan x xgb (1/24) still running, 43720s
[05:46:18]   [hb] morgan x xgb (1/24) still running, 43750s
[05:46:48]   [hb] morgan x xgb (1/24) still running, 43780s
[05:47:18]   [hb] morgan x xgb (1/24) still running, 43810s
[05:47:48]   [hb] morgan x xgb (1/24) still running, 43840s
[05:48:18]   [hb] morgan x xgb (1/24) still running, 43870s
[05:48:48]   [hb] morgan x xgb (1/24) still running, 43900s
[05:49:18]   [hb] morgan x xgb (1/24) still running, 43930s
[05:49:48]   [hb] morgan x xgb (1/24) still running, 43960s
[05:50:18]   [hb] morgan x xgb (1/24) still running, 43990s
[05:50:48]   [hb] morgan x xgb (1/24) still running, 44020s
[05:51:18]   [hb] morgan x xgb (1/24) still running, 44050s
[05:51:48]   [hb] morgan x xgb (1/24) still running, 44080s
[05:52:18]   [hb] morgan x xgb (1/24) still running, 44110s
[05:52:48]   [hb] morgan x xgb (1/24) still running, 44140s
[05:53:18]   [hb] morgan x xgb (1/24) still running, 44170s
[05:53:48]   [hb] morgan x xgb (1/24) still running, 44200s
[05:54:18]   [hb] morgan x xgb (1/24) still running, 44230s
[05:54:48]   [hb] morgan x xgb (1/24) still running, 44260s
[05:55:18]   [hb] morgan x xgb (1/24) still running, 44290s
[05:55:48]   [hb] morgan x xgb (1/24) still running, 44320s
[05:56:18]   [hb] morgan x xgb (1/24) still running, 44350s
[05:56:48]   [hb] morgan x xgb (1/24) still running, 44380s
[05:57:18]   [hb] morgan x xgb (1/24) still running, 44410s
[05:57:48]   [hb] morgan x xgb (1/24) still running, 44440s
[05:58:18]   [hb] morgan x xgb (1/24) still running, 44470s
[05:58:48]   [hb] morgan x xgb (1/24) still running, 44500s
[05:59:18]   [hb] morgan x xgb (1/24) still running, 44530s
[05:59:48]   [hb] morgan x xgb (1/24) still running, 44560s
[06:00:18]   [hb] morgan x xgb (1/24) still running, 44590s
[06:00:48]   [hb] morgan x xgb (1/24) still running, 44620s
[06:01:18]   [hb] morgan x xgb (1/24) still running, 44650s
[06:01:48]   [hb] morgan x xgb (1/24) still running, 44680s
[06:02:18]   [hb] morgan x xgb (1/24) still running, 44710s
[06:02:48]   [hb] morgan x xgb (1/24) still running, 44740s
[06:03:18]   [hb] morgan x xgb (1/24) still running, 44770s
[06:03:48]   [hb] morgan x xgb (1/24) still running, 44800s
[06:04:18]   [hb] morgan x xgb (1/24) still running, 44830s
[06:04:48]   [hb] morgan x xgb (1/24) still running, 44860s
[06:05:18]   [hb] morgan x xgb (1/24) still running, 44890s
[06:05:48]   [hb] morgan x xgb (1/24) still running, 44920s
[06:06:18]   [hb] morgan x xgb (1/24) still running, 44950s
[06:06:48]   [hb] morgan x xgb (1/24) still running, 44980s
[06:07:18]   [hb] morgan x xgb (1/24) still running, 45010s
[06:07:48]   [hb] morgan x xgb (1/24) still running, 45040s
[06:08:18]   [hb] morgan x xgb (1/24) still running, 45070s
[06:08:48]   [hb] morgan x xgb (1/24) still running, 45100s
[06:09:18]   [hb] morgan x xgb (1/24) still running, 45130s
[06:09:48]   [hb] morgan x xgb (1/24) still running, 45160s
[06:10:18]   [hb] morgan x xgb (1/24) still running, 45190s
[06:10:48]   [hb] morgan x xgb (1/24) still running, 45220s
[06:11:18]   [hb] morgan x xgb (1/24) still running, 45250s
[06:11:48]   [hb] morgan x xgb (1/24) still running, 45280s
[06:12:18]   [hb] morgan x xgb (1/24) still running, 45310s
[06:12:48]   [hb] morgan x xgb (1/24) still running, 45340s
[06:13:18]   [hb] morgan x xgb (1/24) still running, 45370s
[06:13:48]   [hb] morgan x xgb (1/24) still running, 45400s
[06:14:18]   [hb] morgan x xgb (1/24) still running, 45430s
[06:14:48]   [hb] morgan x xgb (1/24) still running, 45460s
[06:15:18]   [hb] morgan x xgb (1/24) still running, 45490s
[06:15:48]   [hb] morgan x xgb (1/24) still running, 45520s
[06:16:18]   [hb] morgan x xgb (1/24) still running, 45550s
[06:16:48]   [hb] morgan x xgb (1/24) still running, 45580s
[06:17:18]   [hb] morgan x xgb (1/24) still running, 45610s
[06:17:48]   [hb] morgan x xgb (1/24) still running, 45640s
[06:18:18]   [hb] morgan x xgb (1/24) still running, 45670s
[06:18:48]   [hb] morgan x xgb (1/24) still running, 45700s
[06:19:18]   [hb] morgan x xgb (1/24) still running, 45730s
[06:19:48]   [hb] morgan x xgb (1/24) still running, 45760s
[06:20:18]   [hb] morgan x xgb (1/24) still running, 45790s
[06:20:48]   [hb] morgan x xgb (1/24) still running, 45820s
[06:21:18]   [hb] morgan x xgb (1/24) still running, 45850s
[06:21:48]   [hb] morgan x xgb (1/24) still running, 45880s
[06:22:18]   [hb] morgan x xgb (1/24) still running, 45910s
[06:22:48]   [hb] morgan x xgb (1/24) still running, 45940s
[06:23:18]   [hb] morgan x xgb (1/24) still running, 45970s
[06:23:48]   [hb] morgan x xgb (1/24) still running, 46000s
[06:24:18]   [hb] morgan x xgb (1/24) still running, 46030s
[06:24:48]   [hb] morgan x xgb (1/24) still running, 46060s
[06:25:18]   [hb] morgan x xgb (1/24) still running, 46090s
[06:25:48]   [hb] morgan x xgb (1/24) still running, 46120s
[06:26:18]   [hb] morgan x xgb (1/24) still running, 46150s
[06:26:48]   [hb] morgan x xgb (1/24) still running, 46180s
[06:27:18]   [hb] morgan x xgb (1/24) still running, 46210s
[06:27:48]   [hb] morgan x xgb (1/24) still running, 46240s
[06:28:18]   [hb] morgan x xgb (1/24) still running, 46270s
[06:28:48]   [hb] morgan x xgb (1/24) still running, 46300s
[06:29:18]   [hb] morgan x xgb (1/24) still running, 46330s
[06:29:48]   [hb] morgan x xgb (1/24) still running, 46360s
[06:30:18]   [hb] morgan x xgb (1/24) still running, 46390s
[06:30:48]   [hb] morgan x xgb (1/24) still running, 46420s
[06:31:18]   [hb] morgan x xgb (1/24) still running, 46450s
[06:31:48]   [hb] morgan x xgb (1/24) still running, 46480s
[06:32:18]   [hb] morgan x xgb (1/24) still running, 46510s
[06:32:48]   [hb] morgan x xgb (1/24) still running, 46540s
[06:33:18]   [hb] morgan x xgb (1/24) still running, 46570s
[06:33:48]   [hb] morgan x xgb (1/24) still running, 46600s
[06:34:18]   [hb] morgan x xgb (1/24) still running, 46630s
[06:34:48]   [hb] morgan x xgb (1/24) still running, 46660s
[06:35:18]   [hb] morgan x xgb (1/24) still running, 46690s
[06:35:48]   [hb] morgan x xgb (1/24) still running, 46720s
[06:36:18]   [hb] morgan x xgb (1/24) still running, 46750s
[06:36:48]   [hb] morgan x xgb (1/24) still running, 46780s
[06:37:18]   [hb] morgan x xgb (1/24) still running, 46810s
[06:37:48]   [hb] morgan x xgb (1/24) still running, 46840s
[06:38:18]   [hb] morgan x xgb (1/24) still running, 46870s
[06:38:48]   [hb] morgan x xgb (1/24) still running, 46900s
[06:39:18]   [hb] morgan x xgb (1/24) still running, 46930s
[06:39:48]   [hb] morgan x xgb (1/24) still running, 46960s
[06:40:18]   [hb] morgan x xgb (1/24) still running, 46990s
[06:40:48]   [hb] morgan x xgb (1/24) still running, 47020s
[06:41:18]   [hb] morgan x xgb (1/24) still running, 47050s
[06:41:48]   [hb] morgan x xgb (1/24) still running, 47080s
[06:42:18]   [hb] morgan x xgb (1/24) still running, 47110s
[06:42:48]   [hb] morgan x xgb (1/24) still running, 47140s
[06:43:18]   [hb] morgan x xgb (1/24) still running, 47170s
[06:43:48]   [hb] morgan x xgb (1/24) still running, 47200s
[06:44:18]   [hb] morgan x xgb (1/24) still running, 47230s
[06:44:48]   [hb] morgan x xgb (1/24) still running, 47260s
[06:45:18]   [hb] morgan x xgb (1/24) still running, 47290s
[06:45:48]   [hb] morgan x xgb (1/24) still running, 47320s
[06:46:18]   [hb] morgan x xgb (1/24) still running, 47350s
[06:46:48]   [hb] morgan x xgb (1/24) still running, 47380s
[06:47:18]   [hb] morgan x xgb (1/24) still running, 47410s
[06:47:48]   [hb] morgan x xgb (1/24) still running, 47440s
[06:48:18]   [hb] morgan x xgb (1/24) still running, 47470s
[06:48:48]   [hb] morgan x xgb (1/24) still running, 47500s
[06:49:18]   [hb] morgan x xgb (1/24) still running, 47530s
[06:49:48]   [hb] morgan x xgb (1/24) still running, 47560s
[06:50:18]   [hb] morgan x xgb (1/24) still running, 47590s
[06:50:48]   [hb] morgan x xgb (1/24) still running, 47620s
[06:51:18]   [hb] morgan x xgb (1/24) still running, 47650s
[06:51:48]   [hb] morgan x xgb (1/24) still running, 47680s
[06:52:18]   [hb] morgan x xgb (1/24) still running, 47710s
[06:52:48]   [hb] morgan x xgb (1/24) still running, 47740s
[06:53:18]   [hb] morgan x xgb (1/24) still running, 47770s
[06:53:48]   [hb] morgan x xgb (1/24) still running, 47800s
[06:54:18]   [hb] morgan x xgb (1/24) still running, 47830s
[06:54:48]   [hb] morgan x xgb (1/24) still running, 47860s
[06:55:18]   [hb] morgan x xgb (1/24) still running, 47890s
[06:55:48]   [hb] morgan x xgb (1/24) still running, 47920s
[06:56:18]   [hb] morgan x xgb (1/24) still running, 47950s
[06:56:48]   [hb] morgan x xgb (1/24) still running, 47980s
[06:57:18]   [hb] morgan x xgb (1/24) still running, 48010s
[06:57:48]   [hb] morgan x xgb (1/24) still running, 48040s
[06:58:18]   [hb] morgan x xgb (1/24) still running, 48070s
[06:58:48]   [hb] morgan x xgb (1/24) still running, 48100s
[06:59:18]   [hb] morgan x xgb (1/24) still running, 48130s
[06:59:48]   [hb] morgan x xgb (1/24) still running, 48160s
[07:00:18]   [hb] morgan x xgb (1/24) still running, 48190s
[07:00:48]   [hb] morgan x xgb (1/24) still running, 48220s
[07:01:18]   [hb] morgan x xgb (1/24) still running, 48250s
[07:01:48]   [hb] morgan x xgb (1/24) still running, 48280s
[07:02:18]   [hb] morgan x xgb (1/24) still running, 48310s
[07:02:48]   [hb] morgan x xgb (1/24) still running, 48340s
[07:03:18]   [hb] morgan x xgb (1/24) still running, 48370s
[07:03:48]   [hb] morgan x xgb (1/24) still running, 48400s
[07:04:18]   [hb] morgan x xgb (1/24) still running, 48430s
[07:04:48]   [hb] morgan x xgb (1/24) still running, 48460s
[07:05:18]   [hb] morgan x xgb (1/24) still running, 48490s
[07:05:48]   [hb] morgan x xgb (1/24) still running, 48520s
[07:06:18]   [hb] morgan x xgb (1/24) still running, 48550s
[07:06:48]   [hb] morgan x xgb (1/24) still running, 48580s
[07:07:18]   [hb] morgan x xgb (1/24) still running, 48610s
[07:07:48]   [hb] morgan x xgb (1/24) still running, 48640s
[07:08:18]   [hb] morgan x xgb (1/24) still running, 48670s
[07:08:48]   [hb] morgan x xgb (1/24) still running, 48700s
[07:09:18]   [hb] morgan x xgb (1/24) still running, 48730s
[07:09:48]   [hb] morgan x xgb (1/24) still running, 48760s
[07:10:18]   [hb] morgan x xgb (1/24) still running, 48790s
[07:10:48]   [hb] morgan x xgb (1/24) still running, 48820s
[07:11:18]   [hb] morgan x xgb (1/24) still running, 48850s
[07:11:48]   [hb] morgan x xgb (1/24) still running, 48880s
[07:12:18]   [hb] morgan x xgb (1/24) still running, 48910s
[07:12:48]   [hb] morgan x xgb (1/24) still running, 48940s
[07:13:18]   [hb] morgan x xgb (1/24) still running, 48970s
[07:13:48]   [hb] morgan x xgb (1/24) still running, 49000s
[07:14:18]   [hb] morgan x xgb (1/24) still running, 49030s
[07:14:48]   [hb] morgan x xgb (1/24) still running, 49060s
[07:15:18]   [hb] morgan x xgb (1/24) still running, 49090s
[07:15:48]   [hb] morgan x xgb (1/24) still running, 49120s
[07:16:18]   [hb] morgan x xgb (1/24) still running, 49150s
[07:16:48]   [hb] morgan x xgb (1/24) still running, 49180s
[07:17:18]   [hb] morgan x xgb (1/24) still running, 49210s
[07:17:48]   [hb] morgan x xgb (1/24) still running, 49240s
[07:18:18]   [hb] morgan x xgb (1/24) still running, 49270s
[07:18:48]   [hb] morgan x xgb (1/24) still running, 49300s
[07:19:18]   [hb] morgan x xgb (1/24) still running, 49330s
[07:19:48]   [hb] morgan x xgb (1/24) still running, 49360s
[07:20:18]   [hb] morgan x xgb (1/24) still running, 49390s
[07:20:48]   [hb] morgan x xgb (1/24) still running, 49420s
[07:21:18]   [hb] morgan x xgb (1/24) still running, 49450s
[07:21:48]   [hb] morgan x xgb (1/24) still running, 49480s
[07:22:18]   [hb] morgan x xgb (1/24) still running, 49510s
[07:22:48]   [hb] morgan x xgb (1/24) still running, 49540s
[07:23:18]   [hb] morgan x xgb (1/24) still running, 49570s
[07:23:48]   [hb] morgan x xgb (1/24) still running, 49600s
[07:24:18]   [hb] morgan x xgb (1/24) still running, 49630s
[07:24:48]   [hb] morgan x xgb (1/24) still running, 49660s
[07:25:18]   [hb] morgan x xgb (1/24) still running, 49690s
[07:25:48]   [hb] morgan x xgb (1/24) still running, 49720s
[07:26:18]   [hb] morgan x xgb (1/24) still running, 49750s
[07:26:48]   [hb] morgan x xgb (1/24) still running, 49780s
[07:27:18]   [hb] morgan x xgb (1/24) still running, 49810s
[07:27:48]   [hb] morgan x xgb (1/24) still running, 49840s
[07:28:18]   [hb] morgan x xgb (1/24) still running, 49870s
[07:28:48]   [hb] morgan x xgb (1/24) still running, 49900s
[07:29:18]   [hb] morgan x xgb (1/24) still running, 49930s
[07:29:48]   [hb] morgan x xgb (1/24) still running, 49960s
[07:30:18]   [hb] morgan x xgb (1/24) still running, 49990s
[07:30:48]   [hb] morgan x xgb (1/24) still running, 50020s
[07:31:18]   [hb] morgan x xgb (1/24) still running, 50050s
[07:31:48]   [hb] morgan x xgb (1/24) still running, 50080s
[07:32:18]   [hb] morgan x xgb (1/24) still running, 50110s
[07:32:48]   [hb] morgan x xgb (1/24) still running, 50140s
[07:33:18]   [hb] morgan x xgb (1/24) still running, 50170s
[07:33:48]   [hb] morgan x xgb (1/24) still running, 50200s
[07:34:18]   [hb] morgan x xgb (1/24) still running, 50230s
[07:34:48]   [hb] morgan x xgb (1/24) still running, 50260s
[07:35:18]   [hb] morgan x xgb (1/24) still running, 50290s
[07:35:48]   [hb] morgan x xgb (1/24) still running, 50320s
[07:36:18]   [hb] morgan x xgb (1/24) still running, 50350s
[07:36:48]   [hb] morgan x xgb (1/24) still running, 50380s
[07:37:18]   [hb] morgan x xgb (1/24) still running, 50410s
[07:37:48]   [hb] morgan x xgb (1/24) still running, 50440s
[07:38:18]   [hb] morgan x xgb (1/24) still running, 50470s
[07:38:48]   [hb] morgan x xgb (1/24) still running, 50500s
[07:39:18]   [hb] morgan x xgb (1/24) still running, 50530s
[07:39:48]   [hb] morgan x xgb (1/24) still running, 50560s
[07:40:18]   [hb] morgan x xgb (1/24) still running, 50590s
[07:40:48]   [hb] morgan x xgb (1/24) still running, 50620s
[07:41:18]   [hb] morgan x xgb (1/24) still running, 50650s
[07:41:48]   [hb] morgan x xgb (1/24) still running, 50680s
[07:42:18]   [hb] morgan x xgb (1/24) still running, 50710s
[07:42:48]   [hb] morgan x xgb (1/24) still running, 50740s
[07:43:18]   [hb] morgan x xgb (1/24) still running, 50770s
[07:43:48]   [hb] morgan x xgb (1/24) still running, 50800s
[07:44:18]   [hb] morgan x xgb (1/24) still running, 50830s
[07:44:48]   [hb] morgan x xgb (1/24) still running, 50860s
[07:45:18]   [hb] morgan x xgb (1/24) still running, 50890s
[07:45:48]   [hb] morgan x xgb (1/24) still running, 50920s
[07:46:18]   [hb] morgan x xgb (1/24) still running, 50950s
[07:46:48]   [hb] morgan x xgb (1/24) still running, 50980s
[07:47:18]   [hb] morgan x xgb (1/24) still running, 51010s
[07:47:48]   [hb] morgan x xgb (1/24) still running, 51040s
[07:48:18]   [hb] morgan x xgb (1/24) still running, 51070s
[07:48:48]   [hb] morgan x xgb (1/24) still running, 51100s
[07:49:18]   [hb] morgan x xgb (1/24) still running, 51130s
[07:49:48]   [hb] morgan x xgb (1/24) still running, 51160s
[07:50:18]   [hb] morgan x xgb (1/24) still running, 51190s
[07:50:48]   [hb] morgan x xgb (1/24) still running, 51220s
[07:51:18]   [hb] morgan x xgb (1/24) still running, 51250s
[07:51:48]   [hb] morgan x xgb (1/24) still running, 51280s
[07:52:18]   [hb] morgan x xgb (1/24) still running, 51310s
[07:52:48]   [hb] morgan x xgb (1/24) still running, 51340s
[07:53:18]   [hb] morgan x xgb (1/24) still running, 51370s
[07:53:48]   [hb] morgan x xgb (1/24) still running, 51400s
[07:54:18]   [hb] morgan x xgb (1/24) still running, 51430s
[07:54:48]   [hb] morgan x xgb (1/24) still running, 51460s
[07:55:18]   [hb] morgan x xgb (1/24) still running, 51490s
[07:55:48]   [hb] morgan x xgb (1/24) still running, 51520s
[07:56:18]   [hb] morgan x xgb (1/24) still running, 51550s
[07:56:48]   [hb] morgan x xgb (1/24) still running, 51580s
[07:57:18]   [hb] morgan x xgb (1/24) still running, 51610s
[07:57:48]   [hb] morgan x xgb (1/24) still running, 51640s
[07:58:18]   [hb] morgan x xgb (1/24) still running, 51670s
[07:58:48]   [hb] morgan x xgb (1/24) still running, 51700s
[07:59:18]   [hb] morgan x xgb (1/24) still running, 51730s
[07:59:48]   [hb] morgan x xgb (1/24) still running, 51760s
[08:00:18]   [hb] morgan x xgb (1/24) still running, 51790s
[08:00:48]   [hb] morgan x xgb (1/24) still running, 51820s
[08:01:18]   [hb] morgan x xgb (1/24) still running, 51850s
[08:01:48]   [hb] morgan x xgb (1/24) still running, 51880s
[08:02:18]   [hb] morgan x xgb (1/24) still running, 51910s
[08:02:48]   [hb] morgan x xgb (1/24) still running, 51940s
[08:03:18]   [hb] morgan x xgb (1/24) still running, 51970s
[08:03:48]   [hb] morgan x xgb (1/24) still running, 52000s
[08:04:18]   [hb] morgan x xgb (1/24) still running, 52030s
[08:04:48]   [hb] morgan x xgb (1/24) still running, 52060s
[08:05:18]   [hb] morgan x xgb (1/24) still running, 52090s
[08:05:48]   [hb] morgan x xgb (1/24) still running, 52120s
[08:06:18]   [hb] morgan x xgb (1/24) still running, 52150s
[08:06:48]   [hb] morgan x xgb (1/24) still running, 52180s
[08:07:18]   [hb] morgan x xgb (1/24) still running, 52210s
[08:07:48]   [hb] morgan x xgb (1/24) still running, 52240s
[08:08:18]   [hb] morgan x xgb (1/24) still running, 52270s
[08:08:48]   [hb] morgan x xgb (1/24) still running, 52300s
[08:09:18]   [hb] morgan x xgb (1/24) still running, 52330s
[08:09:48]   [hb] morgan x xgb (1/24) still running, 52360s
[08:10:18]   [hb] morgan x xgb (1/24) still running, 52390s
[08:10:48]   [hb] morgan x xgb (1/24) still running, 52420s
[08:11:18]   [hb] morgan x xgb (1/24) still running, 52450s
[08:11:48]   [hb] morgan x xgb (1/24) still running, 52480s
[08:12:18]   [hb] morgan x xgb (1/24) still running, 52510s
[08:12:48]   [hb] morgan x xgb (1/24) still running, 52540s
[08:13:18]   [hb] morgan x xgb (1/24) still running, 52570s
[08:13:48]   [hb] morgan x xgb (1/24) still running, 52600s
[08:14:18]   [hb] morgan x xgb (1/24) still running, 52630s
[08:14:48]   [hb] morgan x xgb (1/24) still running, 52660s
[08:15:18]   [hb] morgan x xgb (1/24) still running, 52690s
[08:15:48]   [hb] morgan x xgb (1/24) still running, 52720s
[08:16:18]   [hb] morgan x xgb (1/24) still running, 52750s
[08:16:48]   [hb] morgan x xgb (1/24) still running, 52780s
[08:17:18]   [hb] morgan x xgb (1/24) still running, 52810s
[08:17:48]   [hb] morgan x xgb (1/24) still running, 52840s
[08:18:18]   [hb] morgan x xgb (1/24) still running, 52870s
[08:18:48]   [hb] morgan x xgb (1/24) still running, 52900s
[08:19:18]   [hb] morgan x xgb (1/24) still running, 52930s
[08:19:48]   [hb] morgan x xgb (1/24) still running, 52960s
[08:20:18]   [hb] morgan x xgb (1/24) still running, 52990s
[08:20:48]   [hb] morgan x xgb (1/24) still running, 53020s
[08:21:18]   [hb] morgan x xgb (1/24) still running, 53050s
[08:21:48]   [hb] morgan x xgb (1/24) still running, 53080s
[08:22:18]   [hb] morgan x xgb (1/24) still running, 53110s
[08:22:48]   [hb] morgan x xgb (1/24) still running, 53140s
[08:23:18]   [hb] morgan x xgb (1/24) still running, 53170s
[08:23:48]   [hb] morgan x xgb (1/24) still running, 53200s
[08:24:18]   [hb] morgan x xgb (1/24) still running, 53230s
[08:24:48]   [hb] morgan x xgb (1/24) still running, 53260s
[08:25:18]   [hb] morgan x xgb (1/24) still running, 53290s
[08:25:48]   [hb] morgan x xgb (1/24) still running, 53320s
[08:26:18]   [hb] morgan x xgb (1/24) still running, 53350s
[08:26:48]   [hb] morgan x xgb (1/24) still running, 53380s
[08:27:18]   [hb] morgan x xgb (1/24) still running, 53410s
[08:27:48]   [hb] morgan x xgb (1/24) still running, 53440s
[08:28:18]   [hb] morgan x xgb (1/24) still running, 53470s
[08:28:48]   [hb] morgan x xgb (1/24) still running, 53500s
[08:29:18]   [hb] morgan x xgb (1/24) still running, 53530s
[08:29:48]   [hb] morgan x xgb (1/24) still running, 53560s
[08:30:18]   [hb] morgan x xgb (1/24) still running, 53590s
[08:30:48]   [hb] morgan x xgb (1/24) still running, 53620s
[08:31:18]   [hb] morgan x xgb (1/24) still running, 53650s
[08:31:48]   [hb] morgan x xgb (1/24) still running, 53680s
[08:32:18]   [hb] morgan x xgb (1/24) still running, 53710s
[08:32:48]   [hb] morgan x xgb (1/24) still running, 53740s
[08:33:18]   [hb] morgan x xgb (1/24) still running, 53770s
[08:33:48]   [hb] morgan x xgb (1/24) still running, 53800s
[08:34:18]   [hb] morgan x xgb (1/24) still running, 53830s
[08:34:48]   [hb] morgan x xgb (1/24) still running, 53860s
[08:35:18]   [hb] morgan x xgb (1/24) still running, 53890s
[08:35:48]   [hb] morgan x xgb (1/24) still running, 53920s
[08:36:18]   [hb] morgan x xgb (1/24) still running, 53950s
[08:36:48]   [hb] morgan x xgb (1/24) still running, 53980s
[08:37:18]   [hb] morgan x xgb (1/24) still running, 54010s
[08:37:48]   [hb] morgan x xgb (1/24) still running, 54040s
[08:38:18]   [hb] morgan x xgb (1/24) still running, 54070s
[08:38:48]   [hb] morgan x xgb (1/24) still running, 54100s
[08:39:18]   [hb] morgan x xgb (1/24) still running, 54130s
[08:39:48]   [hb] morgan x xgb (1/24) still running, 54160s
[08:40:18]   [hb] morgan x xgb (1/24) still running, 54190s
[08:40:48]   [hb] morgan x xgb (1/24) still running, 54220s
[08:41:18]   [hb] morgan x xgb (1/24) still running, 54250s
[08:41:48]   [hb] morgan x xgb (1/24) still running, 54280s
[08:42:18]   [hb] morgan x xgb (1/24) still running, 54310s
[08:42:48]   [hb] morgan x xgb (1/24) still running, 54340s
[08:43:18]   [hb] morgan x xgb (1/24) still running, 54370s
[08:43:54]   [hb] morgan x xgb (1/24) still running, 54405s
[08:44:24]   [hb] morgan x xgb (1/24) still running, 54435s
[08:44:54]   [hb] morgan x xgb (1/24) still running, 54465s
[08:45:24]   [hb] morgan x xgb (1/24) still running, 54495s
[08:45:54]   [hb] morgan x xgb (1/24) still running, 54525s
[08:46:24]   [hb] morgan x xgb (1/24) still running, 54555s
[08:46:54]   [hb] morgan x xgb (1/24) still running, 54585s
[08:47:24]   [hb] morgan x xgb (1/24) still running, 54615s
[08:47:54]   [hb] morgan x xgb (1/24) still running, 54645s
[08:48:24]   [hb] morgan x xgb (1/24) still running, 54675s
[08:48:54]   [hb] morgan x xgb (1/24) still running, 54705s
[08:49:24]   [hb] morgan x xgb (1/24) still running, 54735s
[08:49:54]   [hb] morgan x xgb (1/24) still running, 54765s
[08:50:24]   [hb] morgan x xgb (1/24) still running, 54795s
[08:50:54]   [hb] morgan x xgb (1/24) still running, 54825s
[08:51:24]   [hb] morgan x xgb (1/24) still running, 54855s
[08:51:54]   [hb] morgan x xgb (1/24) still running, 54885s
[08:52:24]   [hb] morgan x xgb (1/24) still running, 54915s
[08:52:54]   [hb] morgan x xgb (1/24) still running, 54945s
[08:53:24]   [hb] morgan x xgb (1/24) still running, 54975s
[08:53:54]   [hb] morgan x xgb (1/24) still running, 55005s
[08:54:24]   [hb] morgan x xgb (1/24) still running, 55035s
[08:54:54]   [hb] morgan x xgb (1/24) still running, 55065s
[08:55:24]   [hb] morgan x xgb (1/24) still running, 55095s
[08:55:54]   [hb] morgan x xgb (1/24) still running, 55125s
[08:56:24]   [hb] morgan x xgb (1/24) still running, 55155s
[08:56:54]   [hb] morgan x xgb (1/24) still running, 55185s
[08:57:24]   [hb] morgan x xgb (1/24) still running, 55215s
[08:57:54]   [hb] morgan x xgb (1/24) still running, 55245s
[08:58:24]   [hb] morgan x xgb (1/24) still running, 55275s
[08:58:54]   [hb] morgan x xgb (1/24) still running, 55305s
[08:59:24]   [hb] morgan x xgb (1/24) still running, 55335s
[08:59:54]   [hb] morgan x xgb (1/24) still running, 55365s
[09:00:24]   [hb] morgan x xgb (1/24) still running, 55395s
[09:00:54]   [hb] morgan x xgb (1/24) still running, 55425s
[09:01:24]   [hb] morgan x xgb (1/24) still running, 55455s
[09:01:54]   [hb] morgan x xgb (1/24) still running, 55485s
[09:02:24]   [hb] morgan x xgb (1/24) still running, 55515s
[09:02:54]   [hb] morgan x xgb (1/24) still running, 55545s
[09:03:24]   [hb] morgan x xgb (1/24) still running, 55575s
[09:03:54]   [hb] morgan x xgb (1/24) still running, 55605s
[09:04:24]   [hb] morgan x xgb (1/24) still running, 55635s
[09:04:54]   [hb] morgan x xgb (1/24) still running, 55665s
[09:05:24]   [hb] morgan x xgb (1/24) still running, 55695s
[09:05:54]   [hb] morgan x xgb (1/24) still running, 55725s
[09:06:24]   [hb] morgan x xgb (1/24) still running, 55755s
[09:06:54]   [hb] morgan x xgb (1/24) still running, 55785s
[09:07:24]   [hb] morgan x xgb (1/24) still running, 55815s
[09:07:54]   [hb] morgan x xgb (1/24) still running, 55845s
[09:08:24]   [hb] morgan x xgb (1/24) still running, 55875s
[09:08:54]   [hb] morgan x xgb (1/24) still running, 55905s
[09:09:24]   [hb] morgan x xgb (1/24) still running, 55935s
[09:09:54]   [hb] morgan x xgb (1/24) still running, 55965s
[09:10:24]   [hb] morgan x xgb (1/24) still running, 55995s
[09:10:54]   [hb] morgan x xgb (1/24) still running, 56025s
[09:11:24]   [hb] morgan x xgb (1/24) still running, 56055s
[09:11:54]   [hb] morgan x xgb (1/24) still running, 56085s
[09:12:24]   [hb] morgan x xgb (1/24) still running, 56115s
[09:12:54]   [hb] morgan x xgb (1/24) still running, 56145s
[09:13:24]   [hb] morgan x xgb (1/24) still running, 56175s
[09:13:54]   [hb] morgan x xgb (1/24) still running, 56205s
[09:14:24]   [hb] morgan x xgb (1/24) still running, 56235s
[09:14:54]   [hb] morgan x xgb (1/24) still running, 56265s
[09:15:24]   [hb] morgan x xgb (1/24) still running, 56295s
[09:15:54]   [hb] morgan x xgb (1/24) still running, 56325s
[09:16:24]   [hb] morgan x xgb (1/24) still running, 56355s
[09:16:54]   [hb] morgan x xgb (1/24) still running, 56385s
[09:17:24]   [hb] morgan x xgb (1/24) still running, 56415s
[09:17:54]   [hb] morgan x xgb (1/24) still running, 56445s
[09:18:24]   [hb] morgan x xgb (1/24) still running, 56475s
[09:18:54]   [hb] morgan x xgb (1/24) still running, 56505s
[09:19:24]   [hb] morgan x xgb (1/24) still running, 56535s
[09:19:54]   [hb] morgan x xgb (1/24) still running, 56565s
[09:20:24]   [hb] morgan x xgb (1/24) still running, 56595s
[09:20:54]   [hb] morgan x xgb (1/24) still running, 56625s
[09:21:24]   [hb] morgan x xgb (1/24) still running, 56655s
[09:21:54]   [hb] morgan x xgb (1/24) still running, 56685s
[09:22:24]   [hb] morgan x xgb (1/24) still running, 56715s
[09:22:54]   [hb] morgan x xgb (1/24) still running, 56745s
[09:23:24]   [hb] morgan x xgb (1/24) still running, 56775s
[09:23:54]   [hb] morgan x xgb (1/24) still running, 56805s
[09:24:24]   [hb] morgan x xgb (1/24) still running, 56835s
[09:24:54]   [hb] morgan x xgb (1/24) still running, 56865s
[09:25:24]   [hb] morgan x xgb (1/24) still running, 56895s
[09:25:54]   [hb] morgan x xgb (1/24) still running, 56925s
[09:26:24]   [hb] morgan x xgb (1/24) still running, 56955s
[09:26:54]   [hb] morgan x xgb (1/24) still running, 56985s
[09:27:24]   [hb] morgan x xgb (1/24) still running, 57015s
[09:27:54]   [hb] morgan x xgb (1/24) still running, 57045s
[09:28:24]   [hb] morgan x xgb (1/24) still running, 57075s
[09:28:54]   [hb] morgan x xgb (1/24) still running, 57105s
[09:29:24]   [hb] morgan x xgb (1/24) still running, 57135s
[09:29:54]   [hb] morgan x xgb (1/24) still running, 57165s
[09:30:24]   [hb] morgan x xgb (1/24) still running, 57195s
[09:30:54]   [hb] morgan x xgb (1/24) still running, 57225s
[09:31:24]   [hb] morgan x xgb (1/24) still running, 57255s
[09:31:54]   [hb] morgan x xgb (1/24) still running, 57285s
[09:32:24]   [hb] morgan x xgb (1/24) still running, 57315s
[09:32:54]   [hb] morgan x xgb (1/24) still running, 57345s
[09:33:24]   [hb] morgan x xgb (1/24) still running, 57375s
[09:33:54]   [hb] morgan x xgb (1/24) still running, 57405s
[09:34:24]   [hb] morgan x xgb (1/24) still running, 57435s
[09:34:54]   [hb] morgan x xgb (1/24) still running, 57465s
[09:35:24]   [hb] morgan x xgb (1/24) still running, 57495s
[09:35:54]   [hb] morgan x xgb (1/24) still running, 57525s
[09:36:24]   [hb] morgan x xgb (1/24) still running, 57555s
[09:36:54]   [hb] morgan x xgb (1/24) still running, 57585s
[09:37:24]   [hb] morgan x xgb (1/24) still running, 57615s
[09:37:54]   [hb] morgan x xgb (1/24) still running, 57645s
[09:38:24]   [hb] morgan x xgb (1/24) still running, 57675s
[09:38:54]   [hb] morgan x xgb (1/24) still running, 57705s
[09:39:24]   [hb] morgan x xgb (1/24) still running, 57735s
[09:39:54]   [hb] morgan x xgb (1/24) still running, 57765s
[09:40:24]   [hb] morgan x xgb (1/24) still running, 57795s
[09:40:54]   [hb] morgan x xgb (1/24) still running, 57825s
[09:41:24]   [hb] morgan x xgb (1/24) still running, 57855s
[09:41:54]   [hb] morgan x xgb (1/24) still running, 57885s
[09:42:24]   [hb] morgan x xgb (1/24) still running, 57915s
[09:42:54]   [hb] morgan x xgb (1/24) still running, 57945s
[09:43:24]   [hb] morgan x xgb (1/24) still running, 57975s
[09:43:54]   [hb] morgan x xgb (1/24) still running, 58005s
[09:44:24]   [hb] morgan x xgb (1/24) still running, 58035s
[09:44:54]   [hb] morgan x xgb (1/24) still running, 58065s
[09:45:24]   [hb] morgan x xgb (1/24) still running, 58095s
[09:45:54]   [hb] morgan x xgb (1/24) still running, 58125s
[09:46:24]   [hb] morgan x xgb (1/24) still running, 58155s
[09:46:54]   [hb] morgan x xgb (1/24) still running, 58185s
[09:47:24]   [hb] morgan x xgb (1/24) still running, 58215s
[09:47:54]   [hb] morgan x xgb (1/24) still running, 58245s
[09:48:24]   [hb] morgan x xgb (1/24) still running, 58275s
[09:48:54]   [hb] morgan x xgb (1/24) still running, 58305s
[09:49:24]   [hb] morgan x xgb (1/24) still running, 58335s
[09:49:54]   [hb] morgan x xgb (1/24) still running, 58365s
[09:50:24]   [hb] morgan x xgb (1/24) still running, 58395s
[09:50:54]   [hb] morgan x xgb (1/24) still running, 58425s
[09:51:24]   [hb] morgan x xgb (1/24) still running, 58455s
[09:51:54]   [hb] morgan x xgb (1/24) still running, 58485s
[09:52:24]   [hb] morgan x xgb (1/24) still running, 58515s
[09:52:54]   [hb] morgan x xgb (1/24) still running, 58545s
[09:53:41]   [hb] morgan x xgb (1/24) still running, 58592s
[09:54:11]   [hb] morgan x xgb (1/24) still running, 58622s
[09:54:41]   [hb] morgan x xgb (1/24) still running, 58652s
[09:55:11]   [hb] morgan x xgb (1/24) still running, 58682s
[09:55:41]   [hb] morgan x xgb (1/24) still running, 58712s
[09:56:11]   [hb] morgan x xgb (1/24) still running, 58742s
[09:56:41]   [hb] morgan x xgb (1/24) still running, 58772s
[09:57:11]   [hb] morgan x xgb (1/24) still running, 58802s
[09:57:41]   [hb] morgan x xgb (1/24) still running, 58832s
[09:58:11]   [hb] morgan x xgb (1/24) still running, 58862s
[09:58:41]   [hb] morgan x xgb (1/24) still running, 58892s
[09:59:11]   [hb] morgan x xgb (1/24) still running, 58922s
[09:59:41]   [hb] morgan x xgb (1/24) still running, 58952s
[10:00:11]   [hb] morgan x xgb (1/24) still running, 58982s
[10:00:41]   [hb] morgan x xgb (1/24) still running, 59012s
[10:01:11]   [hb] morgan x xgb (1/24) still running, 59042s
[10:01:41]   [hb] morgan x xgb (1/24) still running, 59072s
[10:02:11]   [hb] morgan x xgb (1/24) still running, 59102s
[10:02:41]   [hb] morgan x xgb (1/24) still running, 59132s
[10:03:11]   [hb] morgan x xgb (1/24) still running, 59162s
[10:03:41]   [hb] morgan x xgb (1/24) still running, 59192s
[10:04:11]   [hb] morgan x xgb (1/24) still running, 59222s
[10:04:41]   [hb] morgan x xgb (1/24) still running, 59252s
[10:05:11]   [hb] morgan x xgb (1/24) still running, 59282s
[10:05:41]   [hb] morgan x xgb (1/24) still running, 59312s
[10:06:11]   [hb] morgan x xgb (1/24) still running, 59342s
[10:06:41]   [hb] morgan x xgb (1/24) still running, 59372s
[10:07:11]   [hb] morgan x xgb (1/24) still running, 59402s
[10:07:41]   [hb] morgan x xgb (1/24) still running, 59432s
[10:08:11]   [hb] morgan x xgb (1/24) still running, 59462s
[10:08:41]   [hb] morgan x xgb (1/24) still running, 59492s
[10:09:11]   [hb] morgan x xgb (1/24) still running, 59522s
[10:09:41]   [hb] morgan x xgb (1/24) still running, 59552s
[10:10:11]   [hb] morgan x xgb (1/24) still running, 59582s
[10:10:41]   [hb] morgan x xgb (1/24) still running, 59612s
[10:11:11]   [hb] morgan x xgb (1/24) still running, 59642s
[10:11:41]   [hb] morgan x xgb (1/24) still running, 59672s
[10:12:11]   [hb] morgan x xgb (1/24) still running, 59702s
[10:12:41]   [hb] morgan x xgb (1/24) still running, 59732s
[10:13:11]   [hb] morgan x xgb (1/24) still running, 59762s
[10:13:41]   [hb] morgan x xgb (1/24) still running, 59792s
[10:14:11]   [hb] morgan x xgb (1/24) still running, 59822s
[10:14:41]   [hb] morgan x xgb (1/24) still running, 59852s
[10:15:11]   [hb] morgan x xgb (1/24) still running, 59882s
[10:15:41]   [hb] morgan x xgb (1/24) still running, 59912s
[10:16:11]   [hb] morgan x xgb (1/24) still running, 59942s
[10:16:41]   [hb] morgan x xgb (1/24) still running, 59972s
[10:17:11]   [hb] morgan x xgb (1/24) still running, 60002s
[10:17:41]   [hb] morgan x xgb (1/24) still running, 60032s
[10:18:11]   [hb] morgan x xgb (1/24) still running, 60062s
[10:18:41]   [hb] morgan x xgb (1/24) still running, 60092s
[10:19:11]   [hb] morgan x xgb (1/24) still running, 60122s
[10:19:41]   [hb] morgan x xgb (1/24) still running, 60152s
[10:20:11]   [hb] morgan x xgb (1/24) still running, 60182s
[10:20:41]   [hb] morgan x xgb (1/24) still running, 60212s
[10:21:11]   [hb] morgan x xgb (1/24) still running, 60242s
[10:21:41]   [hb] morgan x xgb (1/24) still running, 60272s
[10:22:11]   [hb] morgan x xgb (1/24) still running, 60302s
[10:22:41]   [hb] morgan x xgb (1/24) still running, 60332s
[10:23:11]   [hb] morgan x xgb (1/24) still running, 60362s
[10:23:41]   [hb] morgan x xgb (1/24) still running, 60392s
[10:24:11]   [hb] morgan x xgb (1/24) still running, 60422s
[10:24:41]   [hb] morgan x xgb (1/24) still running, 60452s
[10:25:11]   [hb] morgan x xgb (1/24) still running, 60482s
[10:25:41]   [hb] morgan x xgb (1/24) still running, 60512s
[10:26:11]   [hb] morgan x xgb (1/24) still running, 60542s
[10:26:41]   [hb] morgan x xgb (1/24) still running, 60572s
[10:27:11]   [hb] morgan x xgb (1/24) still running, 60602s
[10:27:41]   [hb] morgan x xgb (1/24) still running, 60632s
[10:28:11]   [hb] morgan x xgb (1/24) still running, 60662s
[10:28:41]   [hb] morgan x xgb (1/24) still running, 60692s
[10:29:11]   [hb] morgan x xgb (1/24) still running, 60722s
[10:29:41]   [hb] morgan x xgb (1/24) still running, 60752s
[10:30:11]   [hb] morgan x xgb (1/24) still running, 60782s
[10:30:41]   [hb] morgan x xgb (1/24) still running, 60812s
[10:31:11]   [hb] morgan x xgb (1/24) still running, 60842s
[10:31:41]   [hb] morgan x xgb (1/24) still running, 60872s
[10:32:11]   [hb] morgan x xgb (1/24) still running, 60902s
[10:32:41]   [hb] morgan x xgb (1/24) still running, 60932s
[10:33:11]   [hb] morgan x xgb (1/24) still running, 60962s
[10:33:41]   [hb] morgan x xgb (1/24) still running, 60992s
[10:34:11]   [hb] morgan x xgb (1/24) still running, 61022s
[10:34:41]   [hb] morgan x xgb (1/24) still running, 61052s
[10:35:11]   [hb] morgan x xgb (1/24) still running, 61082s
[10:35:41]   [hb] morgan x xgb (1/24) still running, 61112s
[10:36:11]   [hb] morgan x xgb (1/24) still running, 61142s
[10:36:41]   [hb] morgan x xgb (1/24) still running, 61172s
[10:37:11]   [hb] morgan x xgb (1/24) still running, 61202s
[10:37:41]   [hb] morgan x xgb (1/24) still running, 61232s
[10:38:11]   [hb] morgan x xgb (1/24) still running, 61262s
[10:38:41]   [hb] morgan x xgb (1/24) still running, 61292s
[10:39:11]   [hb] morgan x xgb (1/24) still running, 61322s
[10:39:41]   [hb] morgan x xgb (1/24) still running, 61352s
[10:40:11]   [hb] morgan x xgb (1/24) still running, 61382s
[10:40:41]   [hb] morgan x xgb (1/24) still running, 61412s
[10:41:11]   [hb] morgan x xgb (1/24) still running, 61442s
[10:41:41]   [hb] morgan x xgb (1/24) still running, 61472s
[10:42:11]   [hb] morgan x xgb (1/24) still running, 61502s
[10:42:41]   [hb] morgan x xgb (1/24) still running, 61532s
[10:43:11]   [hb] morgan x xgb (1/24) still running, 61562s
[10:43:41]   [hb] morgan x xgb (1/24) still running, 61592s
[10:44:11]   [hb] morgan x xgb (1/24) still running, 61622s
[10:44:41]   [hb] morgan x xgb (1/24) still running, 61652s
[10:45:11]   [hb] morgan x xgb (1/24) still running, 61682s
[10:45:41]   [hb] morgan x xgb (1/24) still running, 61712s
[10:46:11]   [hb] morgan x xgb (1/24) still running, 61742s
[10:46:41]   [hb] morgan x xgb (1/24) still running, 61772s
[10:47:11]   [hb] morgan x xgb (1/24) still running, 61802s
[10:47:41]   [hb] morgan x xgb (1/24) still running, 61832s
[10:48:11]   [hb] morgan x xgb (1/24) still running, 61862s
[10:48:41]   [hb] morgan x xgb (1/24) still running, 61892s
[10:49:11]   [hb] morgan x xgb (1/24) still running, 61922s
[10:49:41]   [hb] morgan x xgb (1/24) still running, 61952s
[10:50:11]   [hb] morgan x xgb (1/24) still running, 61982s
[10:50:41]   [hb] morgan x xgb (1/24) still running, 62012s
[10:51:11]   [hb] morgan x xgb (1/24) still running, 62042s
[10:51:41]   [hb] morgan x xgb (1/24) still running, 62072s
[10:52:11]   [hb] morgan x xgb (1/24) still running, 62102s
[10:52:41]   [hb] morgan x xgb (1/24) still running, 62132s
[10:53:11]   [hb] morgan x xgb (1/24) still running, 62162s
[10:53:41]   [hb] morgan x xgb (1/24) still running, 62192s
[10:54:11]   [hb] morgan x xgb (1/24) still running, 62222s
[10:54:41]   [hb] morgan x xgb (1/24) still running, 62252s
[10:55:11]   [hb] morgan x xgb (1/24) still running, 62282s
[10:55:41]   [hb] morgan x xgb (1/24) still running, 62312s
[10:56:11]   [hb] morgan x xgb (1/24) still running, 62342s
[10:56:41]   [hb] morgan x xgb (1/24) still running, 62372s
[10:57:11]   [hb] morgan x xgb (1/24) still running, 62402s
[10:57:41]   [hb] morgan x xgb (1/24) still running, 62432s
[10:58:11]   [hb] morgan x xgb (1/24) still running, 62462s
[10:58:41]   [hb] morgan x xgb (1/24) still running, 62492s
[10:59:11]   [hb] morgan x xgb (1/24) still running, 62522s
[10:59:41]   [hb] morgan x xgb (1/24) still running, 62552s
[11:00:11]   [hb] morgan x xgb (1/24) still running, 62582s
[11:00:41]   [hb] morgan x xgb (1/24) still running, 62612s
[11:01:11]   [hb] morgan x xgb (1/24) still running, 62642s
[11:01:41]   [hb] morgan x xgb (1/24) still running, 62672s
[11:02:11]   [hb] morgan x xgb (1/24) still running, 62702s
[11:02:41]   [hb] morgan x xgb (1/24) still running, 62732s
[11:03:11]   [hb] morgan x xgb (1/24) still running, 62762s
[11:03:41]   [hb] morgan x xgb (1/24) still running, 62792s
[11:04:11]   [hb] morgan x xgb (1/24) still running, 62822s
[11:04:41]   [hb] morgan x xgb (1/24) still running, 62852s
[11:05:11]   [hb] morgan x xgb (1/24) still running, 62882s
[11:05:41]   [hb] morgan x xgb (1/24) still running, 62912s
[11:06:11]   [hb] morgan x xgb (1/24) still running, 62942s
[11:06:41]   [hb] morgan x xgb (1/24) still running, 62972s
[11:07:11]   [hb] morgan x xgb (1/24) still running, 63002s
[11:07:41]   [hb] morgan x xgb (1/24) still running, 63032s
[11:08:11]   [hb] morgan x xgb (1/24) still running, 63062s
[11:08:41]   [hb] morgan x xgb (1/24) still running, 63092s
[11:09:11]   [hb] morgan x xgb (1/24) still running, 63122s
[11:09:41]   [hb] morgan x xgb (1/24) still running, 63152s
[11:10:11]   [hb] morgan x xgb (1/24) still running, 63182s
[11:10:41]   [hb] morgan x xgb (1/24) still running, 63212s
[11:11:11]   [hb] morgan x xgb (1/24) still running, 63242s
[11:11:41]   [hb] morgan x xgb (1/24) still running, 63272s
[11:12:11]   [hb] morgan x xgb (1/24) still running, 63302s
[11:12:41]   [hb] morgan x xgb (1/24) still running, 63332s
[11:13:11]   [hb] morgan x xgb (1/24) still running, 63362s
[11:13:41]   [hb] morgan x xgb (1/24) still running, 63392s
[11:14:11]   [hb] morgan x xgb (1/24) still running, 63422s
[11:14:41]   [hb] morgan x xgb (1/24) still running, 63452s
[11:15:11]   [hb] morgan x xgb (1/24) still running, 63482s
[11:15:41]   [hb] morgan x xgb (1/24) still running, 63512s
[11:16:11]   [hb] morgan x xgb (1/24) still running, 63542s
[11:16:41]   [hb] morgan x xgb (1/24) still running, 63572s
[11:17:11]   [hb] morgan x xgb (1/24) still running, 63602s
[11:17:41]   [hb] morgan x xgb (1/24) still running, 63632s
[11:18:11]   [hb] morgan x xgb (1/24) still running, 63662s
[11:18:41]   [hb] morgan x xgb (1/24) still running, 63692s
[11:19:11]   [hb] morgan x xgb (1/24) still running, 63722s
[11:19:41]   [hb] morgan x xgb (1/24) still running, 63752s
[11:20:11]   [hb] morgan x xgb (1/24) still running, 63782s
[11:20:41]   [hb] morgan x xgb (1/24) still running, 63812s
[11:21:11]   [hb] morgan x xgb (1/24) still running, 63842s
[11:21:41]   [hb] morgan x xgb (1/24) still running, 63872s
[11:22:11]   [hb] morgan x xgb (1/24) still running, 63902s
[11:22:41]   [hb] morgan x xgb (1/24) still running, 63932s
[11:23:11]   [hb] morgan x xgb (1/24) still running, 63962s
[11:23:41]   [hb] morgan x xgb (1/24) still running, 63992s
[11:24:11]   [hb] morgan x xgb (1/24) still running, 64022s
[11:24:41]   [hb] morgan x xgb (1/24) still running, 64052s
[11:25:11]   [hb] morgan x xgb (1/24) still running, 64082s
[11:25:41]   [hb] morgan x xgb (1/24) still running, 64112s
[11:26:11]   [hb] morgan x xgb (1/24) still running, 64142s
[11:26:41]   [hb] morgan x xgb (1/24) still running, 64172s
[11:27:11]   [hb] morgan x xgb (1/24) still running, 64202s
[11:27:41]   [hb] morgan x xgb (1/24) still running, 64232s
[11:28:11]   [hb] morgan x xgb (1/24) still running, 64262s
[11:28:41]   [hb] morgan x xgb (1/24) still running, 64292s
[11:29:11]   [hb] morgan x xgb (1/24) still running, 64322s
[11:29:41]   [hb] morgan x xgb (1/24) still running, 64352s
[11:30:11]   [hb] morgan x xgb (1/24) still running, 64382s
[11:30:41]   [hb] morgan x xgb (1/24) still running, 64412s
[11:31:11]   [hb] morgan x xgb (1/24) still running, 64442s
[11:31:41]   [hb] morgan x xgb (1/24) still running, 64472s
[11:32:11]   [hb] morgan x xgb (1/24) still running, 64502s
[11:32:41]   [hb] morgan x xgb (1/24) still running, 64532s
[11:33:11]   [hb] morgan x xgb (1/24) still running, 64562s
[11:33:41]   [hb] morgan x xgb (1/24) still running, 64592s
[11:34:11]   [hb] morgan x xgb (1/24) still running, 64622s
[11:34:41]   [hb] morgan x xgb (1/24) still running, 64652s
[11:35:11]   [hb] morgan x xgb (1/24) still running, 64682s
[11:35:41]   [hb] morgan x xgb (1/24) still running, 64712s
[11:36:11]   [hb] morgan x xgb (1/24) still running, 64742s
[11:36:41]   [hb] morgan x xgb (1/24) still running, 64772s
[11:37:11]   [hb] morgan x xgb (1/24) still running, 64802s
[11:37:41]   [hb] morgan x xgb (1/24) still running, 64832s
[11:38:11]   [hb] morgan x xgb (1/24) still running, 64862s
[11:38:41]   [hb] morgan x xgb (1/24) still running, 64892s
[11:39:11]   [hb] morgan x xgb (1/24) still running, 64922s
[11:39:41]   [hb] morgan x xgb (1/24) still running, 64952s
[11:40:11]   [hb] morgan x xgb (1/24) still running, 64982s
[11:40:41]   [hb] morgan x xgb (1/24) still running, 65012s
[11:41:11]   [hb] morgan x xgb (1/24) still running, 65042s
[11:41:41]   [hb] morgan x xgb (1/24) still running, 65072s
[11:42:11]   [hb] morgan x xgb (1/24) still running, 65102s
[11:42:41]   [hb] morgan x xgb (1/24) still running, 65132s
[11:43:11]   [hb] morgan x xgb (1/24) still running, 65162s
[11:43:41]   [hb] morgan x xgb (1/24) still running, 65192s
[11:44:11]   [hb] morgan x xgb (1/24) still running, 65222s
[11:44:41]   [hb] morgan x xgb (1/24) still running, 65252s
[11:45:11]   [hb] morgan x xgb (1/24) still running, 65282s
[11:45:41]   [hb] morgan x xgb (1/24) still running, 65312s
[11:46:11]   [hb] morgan x xgb (1/24) still running, 65342s
[11:46:41]   [hb] morgan x xgb (1/24) still running, 65372s
[11:47:11]   [hb] morgan x xgb (1/24) still running, 65402s
[11:47:41]   [hb] morgan x xgb (1/24) still running, 65432s
[11:48:11]   [hb] morgan x xgb (1/24) still running, 65462s
[11:48:41]   [hb] morgan x xgb (1/24) still running, 65492s
[11:49:11]   [hb] morgan x xgb (1/24) still running, 65522s
[11:49:41]   [hb] morgan x xgb (1/24) still running, 65552s
[11:50:11]   [hb] morgan x xgb (1/24) still running, 65582s
[11:50:41]   [hb] morgan x xgb (1/24) still running, 65612s
[11:51:11]   [hb] morgan x xgb (1/24) still running, 65642s
[11:51:41]   [hb] morgan x xgb (1/24) still running, 65672s
[11:52:11]   [hb] morgan x xgb (1/24) still running, 65702s
[11:52:41]   [hb] morgan x xgb (1/24) still running, 65732s
[11:53:11]   [hb] morgan x xgb (1/24) still running, 65762s
[11:53:41]   [hb] morgan x xgb (1/24) still running, 65792s
[11:54:11]   [hb] morgan x xgb (1/24) still running, 65822s
[11:54:41]   [hb] morgan x xgb (1/24) still running, 65852s
[11:55:11]   [hb] morgan x xgb (1/24) still running, 65882s
[11:55:41]   [hb] morgan x xgb (1/24) still running, 65912s
[11:56:11]   [hb] morgan x xgb (1/24) still running, 65942s
[11:56:41]   [hb] morgan x xgb (1/24) still running, 65972s
[11:57:11]   [hb] morgan x xgb (1/24) still running, 66002s
[11:57:41]   [hb] morgan x xgb (1/24) still running, 66032s
[11:58:11]   [hb] morgan x xgb (1/24) still running, 66062s
[11:58:41]   [hb] morgan x xgb (1/24) still running, 66092s
[11:59:11]   [hb] morgan x xgb (1/24) still running, 66122s
[11:59:41]   [hb] morgan x xgb (1/24) still running, 66152s
[12:00:11]   [hb] morgan x xgb (1/24) still running, 66182s
[12:00:41]   [hb] morgan x xgb (1/24) still running, 66212s
[12:01:11]   [hb] morgan x xgb (1/24) still running, 66242s
[12:01:41]   [hb] morgan x xgb (1/24) still running, 66272s
[12:02:11]   [hb] morgan x xgb (1/24) still running, 66302s
[12:02:41]   [hb] morgan x xgb (1/24) still running, 66332s
[12:03:11]   [hb] morgan x xgb (1/24) still running, 66362s
[12:03:41]   [hb] morgan x xgb (1/24) still running, 66392s
[12:04:11]   [hb] morgan x xgb (1/24) still running, 66422s
[12:04:41]   [hb] morgan x xgb (1/24) still running, 66452s
[12:05:11]   [hb] morgan x xgb (1/24) still running, 66482s
[12:05:41]   [hb] morgan x xgb (1/24) still running, 66512s
[12:06:11]   [hb] morgan x xgb (1/24) still running, 66542s
[12:06:41]   [hb] morgan x xgb (1/24) still running, 66572s
[12:07:11]   [hb] morgan x xgb (1/24) still running, 66602s
[12:07:41]   [hb] morgan x xgb (1/24) still running, 66632s
[12:08:11]   [hb] morgan x xgb (1/24) still running, 66662s
[12:08:41]   [hb] morgan x xgb (1/24) still running, 66692s
[12:09:11]   [hb] morgan x xgb (1/24) still running, 66722s
[12:09:41]   [hb] morgan x xgb (1/24) still running, 66752s
[12:10:11]   [hb] morgan x xgb (1/24) still running, 66782s
[12:10:41]   [hb] morgan x xgb (1/24) still running, 66812s
[12:11:11]   [hb] morgan x xgb (1/24) still running, 66842s
[12:11:41]   [hb] morgan x xgb (1/24) still running, 66872s
[12:12:11]   [hb] morgan x xgb (1/24) still running, 66902s
[12:12:41]   [hb] morgan x xgb (1/24) still running, 66932s
[12:13:11]   [hb] morgan x xgb (1/24) still running, 66962s
[12:13:41]   [hb] morgan x xgb (1/24) still running, 66992s
[12:14:11]   [hb] morgan x xgb (1/24) still running, 67022s
[12:14:41]   [hb] morgan x xgb (1/24) still running, 67052s
[12:15:11]   [hb] morgan x xgb (1/24) still running, 67082s
[12:15:41]   [hb] morgan x xgb (1/24) still running, 67112s
[12:16:11]   [hb] morgan x xgb (1/24) still running, 67142s
[12:16:41]   [hb] morgan x xgb (1/24) still running, 67172s
[12:17:11]   [hb] morgan x xgb (1/24) still running, 67202s
[12:17:41]   [hb] morgan x xgb (1/24) still running, 67232s
[12:18:11]   [hb] morgan x xgb (1/24) still running, 67262s
[12:18:41]   [hb] morgan x xgb (1/24) still running, 67292s
[12:19:11]   [hb] morgan x xgb (1/24) still running, 67322s
[12:19:41]   [hb] morgan x xgb (1/24) still running, 67352s
[12:20:11]   [hb] morgan x xgb (1/24) still running, 67382s
[12:20:41]   [hb] morgan x xgb (1/24) still running, 67412s
[12:21:11]   [hb] morgan x xgb (1/24) still running, 67442s
[12:21:41]   [hb] morgan x xgb (1/24) still running, 67472s
[12:22:11]   [hb] morgan x xgb (1/24) still running, 67502s
[12:22:41]   [hb] morgan x xgb (1/24) still running, 67532s
[12:23:11]   [hb] morgan x xgb (1/24) still running, 67562s
[12:23:41]   [hb] morgan x xgb (1/24) still running, 67592s
[12:24:11]   [hb] morgan x xgb (1/24) still running, 67622s
[12:24:41]   [hb] morgan x xgb (1/24) still running, 67652s
[12:25:11]   [hb] morgan x xgb (1/24) still running, 67682s
[12:25:41]   [hb] morgan x xgb (1/24) still running, 67712s
[12:26:11]   [hb] morgan x xgb (1/24) still running, 67742s
[12:26:41]   [hb] morgan x xgb (1/24) still running, 67772s
[12:27:11]   [hb] morgan x xgb (1/24) still running, 67802s
[12:27:41]   [hb] morgan x xgb (1/24) still running, 67832s
[12:28:11]   [hb] morgan x xgb (1/24) still running, 67862s
[12:28:41]   [hb] morgan x xgb (1/24) still running, 67892s
[12:29:11]   [hb] morgan x xgb (1/24) still running, 67922s
[12:29:41]   [hb] morgan x xgb (1/24) still running, 67952s
[12:30:11]   [hb] morgan x xgb (1/24) still running, 67982s
[12:30:41]   [hb] morgan x xgb (1/24) still running, 68012s
[12:31:11]   [hb] morgan x xgb (1/24) still running, 68042s
[12:31:41]   [hb] morgan x xgb (1/24) still running, 68072s
[12:32:11]   [hb] morgan x xgb (1/24) still running, 68102s
[12:32:41]   [hb] morgan x xgb (1/24) still running, 68132s
[12:33:11]   [hb] morgan x xgb (1/24) still running, 68162s
[12:33:41]   [hb] morgan x xgb (1/24) still running, 68192s
[12:34:11]   [hb] morgan x xgb (1/24) still running, 68222s
[12:34:41]   [hb] morgan x xgb (1/24) still running, 68252s
[12:35:11]   [hb] morgan x xgb (1/24) still running, 68282s
[12:35:41]   [hb] morgan x xgb (1/24) still running, 68312s
[12:36:11]   [hb] morgan x xgb (1/24) still running, 68342s
[12:36:41]   [hb] morgan x xgb (1/24) still running, 68372s
[12:37:11]   [hb] morgan x xgb (1/24) still running, 68402s
[12:37:41]   [hb] morgan x xgb (1/24) still running, 68432s
[12:38:11]   [hb] morgan x xgb (1/24) still running, 68462s
[12:38:41]   [hb] morgan x xgb (1/24) still running, 68492s
[12:39:11]   [hb] morgan x xgb (1/24) still running, 68522s
[12:39:41]   [hb] morgan x xgb (1/24) still running, 68552s
[12:40:11]   [hb] morgan x xgb (1/24) still running, 68582s
[12:40:41]   [hb] morgan x xgb (1/24) still running, 68612s
[12:41:11]   [hb] morgan x xgb (1/24) still running, 68642s
[12:41:41]   [hb] morgan x xgb (1/24) still running, 68672s
[12:42:11]   [hb] morgan x xgb (1/24) still running, 68702s
[12:42:41]   [hb] morgan x xgb (1/24) still running, 68732s
[12:43:11]   [hb] morgan x xgb (1/24) still running, 68762s
[12:43:41]   [hb] morgan x xgb (1/24) still running, 68792s
[12:44:11]   [hb] morgan x xgb (1/24) still running, 68822s
[12:44:41]   [hb] morgan x xgb (1/24) still running, 68852s
[12:45:11]   [hb] morgan x xgb (1/24) still running, 68882s
[12:45:41]   [hb] morgan x xgb (1/24) still running, 68912s
[12:46:11]   [hb] morgan x xgb (1/24) still running, 68942s
[12:46:41]   [hb] morgan x xgb (1/24) still running, 68972s
[12:47:11]   [hb] morgan x xgb (1/24) still running, 69002s
[12:47:41]   [hb] morgan x xgb (1/24) still running, 69032s
[12:48:11]   [hb] morgan x xgb (1/24) still running, 69062s
[12:48:41]   [hb] morgan x xgb (1/24) still running, 69092s
[12:49:11]   [hb] morgan x xgb (1/24) still running, 69122s
[12:49:41]   [hb] morgan x xgb (1/24) still running, 69152s
[12:50:11]   [hb] morgan x xgb (1/24) still running, 69182s
[12:50:41]   [hb] morgan x xgb (1/24) still running, 69212s
[12:51:11]   [hb] morgan x xgb (1/24) still running, 69242s
[12:51:41]   [hb] morgan x xgb (1/24) still running, 69272s
[12:52:11]   [hb] morgan x xgb (1/24) still running, 69302s
[12:52:41]   [hb] morgan x xgb (1/24) still running, 69332s
[12:53:11]   [hb] morgan x xgb (1/24) still running, 69362s
[12:53:41]   [hb] morgan x xgb (1/24) still running, 69392s
[12:54:11]   [hb] morgan x xgb (1/24) still running, 69422s
[12:54:41]   [hb] morgan x xgb (1/24) still running, 69452s
[12:55:11]   [hb] morgan x xgb (1/24) still running, 69482s
[12:55:41]   [hb] morgan x xgb (1/24) still running, 69512s
[12:56:11]   [hb] morgan x xgb (1/24) still running, 69542s
[12:56:41]   [hb] morgan x xgb (1/24) still running, 69572s
[12:57:11]   [hb] morgan x xgb (1/24) still running, 69602s
[12:57:41]   [hb] morgan x xgb (1/24) still running, 69632s
[12:58:11]   [hb] morgan x xgb (1/24) still running, 69662s
[12:58:41]   [hb] morgan x xgb (1/24) still running, 69692s
[12:59:11]   [hb] morgan x xgb (1/24) still running, 69722s
[12:59:41]   [hb] morgan x xgb (1/24) still running, 69752s
[13:00:11]   [hb] morgan x xgb (1/24) still running, 69782s
[13:00:41]   [hb] morgan x xgb (1/24) still running, 69812s
[13:01:11]   [hb] morgan x xgb (1/24) still running, 69842s
[13:01:41]   [hb] morgan x xgb (1/24) still running, 69872s
[13:02:11]   [hb] morgan x xgb (1/24) still running, 69902s
[13:02:41]   [hb] morgan x xgb (1/24) still running, 69932s
[13:03:11]   [hb] morgan x xgb (1/24) still running, 69962s
[13:03:41]   [hb] morgan x xgb (1/24) still running, 69992s
[13:04:11]   [hb] morgan x xgb (1/24) still running, 70022s
[13:04:41]   [hb] morgan x xgb (1/24) still running, 70052s
[13:05:11]   [hb] morgan x xgb (1/24) still running, 70082s
[13:05:41]   [hb] morgan x xgb (1/24) still running, 70112s
[13:06:11]   [hb] morgan x xgb (1/24) still running, 70142s
[13:06:41]   [hb] morgan x xgb (1/24) still running, 70172s
[13:07:11]   [hb] morgan x xgb (1/24) still running, 70202s
[13:07:41]   [hb] morgan x xgb (1/24) still running, 70232s
[13:08:11]   [hb] morgan x xgb (1/24) still running, 70262s
[13:08:41]   [hb] morgan x xgb (1/24) still running, 70293s
[13:09:11]   [hb] morgan x xgb (1/24) still running, 70323s
[13:09:41]   [hb] morgan x xgb (1/24) still running, 70353s
[13:10:11]   [hb] morgan x xgb (1/24) still running, 70383s
[13:10:41]   [hb] morgan x xgb (1/24) still running, 70413s
[13:11:11]   [hb] morgan x xgb (1/24) still running, 70443s
[13:11:41]   [hb] morgan x xgb (1/24) still running, 70473s
[13:12:11]   [hb] morgan x xgb (1/24) still running, 70503s
[13:12:41]   [hb] morgan x xgb (1/24) still running, 70533s
[13:13:11]   [hb] morgan x xgb (1/24) still running, 70563s
[13:13:41]   [hb] morgan x xgb (1/24) still running, 70593s
[13:14:11]   [hb] morgan x xgb (1/24) still running, 70623s
[13:14:41]   [hb] morgan x xgb (1/24) still running, 70653s
[13:15:11]   [hb] morgan x xgb (1/24) still running, 70683s
[13:15:41]   [hb] morgan x xgb (1/24) still running, 70713s
[13:16:11]   [hb] morgan x xgb (1/24) still running, 70743s
[13:16:41]   [hb] morgan x xgb (1/24) still running, 70773s
[13:17:11]   [hb] morgan x xgb (1/24) still running, 70803s
[13:17:41]   [hb] morgan x xgb (1/24) still running, 70833s
[13:18:11]   [hb] morgan x xgb (1/24) still running, 70863s
[13:18:41]   [hb] morgan x xgb (1/24) still running, 70893s
[13:19:11]   [hb] morgan x xgb (1/24) still running, 70923s
[13:19:41]   [hb] morgan x xgb (1/24) still running, 70953s
[13:20:11]   [hb] morgan x xgb (1/24) still running, 70983s
[13:20:41]   [hb] morgan x xgb (1/24) still running, 71013s
[13:21:11]   [hb] morgan x xgb (1/24) still running, 71043s
[13:21:41]   [hb] morgan x xgb (1/24) still running, 71073s
[13:22:11]   [hb] morgan x xgb (1/24) still running, 71103s
[13:22:41]   [hb] morgan x xgb (1/24) still running, 71133s
[13:23:11]   [hb] morgan x xgb (1/24) still running, 71163s
[13:23:41]   [hb] morgan x xgb (1/24) still running, 71193s
[13:24:11]   [hb] morgan x xgb (1/24) still running, 71223s
[13:24:41]   [hb] morgan x xgb (1/24) still running, 71253s
[13:25:11]   [hb] morgan x xgb (1/24) still running, 71283s
[13:25:41]   [hb] morgan x xgb (1/24) still running, 71313s
[13:26:11]   [hb] morgan x xgb (1/24) still running, 71343s
[13:26:41]   [hb] morgan x xgb (1/24) still running, 71373s
[13:27:11]   [hb] morgan x xgb (1/24) still running, 71403s
[13:27:41]   [hb] morgan x xgb (1/24) still running, 71433s
[13:28:11]   [hb] morgan x xgb (1/24) still running, 71463s
[13:28:41]   [hb] morgan x xgb (1/24) still running, 71493s
[13:29:11]   [hb] morgan x xgb (1/24) still running, 71523s
[13:29:41]   [hb] morgan x xgb (1/24) still running, 71553s
[13:30:11]   [hb] morgan x xgb (1/24) still running, 71583s
[13:30:41]   [hb] morgan x xgb (1/24) still running, 71613s
[13:31:11]   [hb] morgan x xgb (1/24) still running, 71643s
[13:31:41]   [hb] morgan x xgb (1/24) still running, 71673s
[13:32:11]   [hb] morgan x xgb (1/24) still running, 71703s
[13:32:41]   [hb] morgan x xgb (1/24) still running, 71733s
[13:33:11]   [hb] morgan x xgb (1/24) still running, 71763s
[13:33:41]   [hb] morgan x xgb (1/24) still running, 71793s
[13:34:11]   [hb] morgan x xgb (1/24) still running, 71823s
[13:34:13] [done] morgan x xgb (1/24)  R²=0.6719  RMSE=0.1727  t=58224.4s
[13:34:13] [eval] 开始: morgan x rf (2/24)
[13:34:43]   [hb] morgan x rf (2/24) still running, 30s
[13:35:13]   [hb] morgan x rf (2/24) still running, 60s
[13:35:43]   [hb] morgan x rf (2/24) still running, 90s
[13:36:13]   [hb] morgan x rf (2/24) still running, 120s
[13:36:43]   [hb] morgan x rf (2/24) still running, 150s
[13:37:13]   [hb] morgan x rf (2/24) still running, 180s
[13:37:43]   [hb] morgan x rf (2/24) still running, 210s
[13:38:13]   [hb] morgan x rf (2/24) still running, 240s
[13:38:43]   [hb] morgan x rf (2/24) still running, 270s
[13:39:13]   [hb] morgan x rf (2/24) still running, 300s
[13:39:43]   [hb] morgan x rf (2/24) still running, 330s
[13:40:13]   [hb] morgan x rf (2/24) still running, 360s
[13:40:43]   [hb] morgan x rf (2/24) still running, 390s
[13:41:13]   [hb] morgan x rf (2/24) still running, 420s
[13:41:43]   [hb] morgan x rf (2/24) still running, 450s
[13:42:13]   [hb] morgan x rf (2/24) still running, 480s
[13:42:43]   [hb] morgan x rf (2/24) still running, 510s
[13:43:13]   [hb] morgan x rf (2/24) still running, 540s
[13:43:43]   [hb] morgan x rf (2/24) still running, 570s
[13:44:13]   [hb] morgan x rf (2/24) still running, 600s
[13:44:43]   [hb] morgan x rf (2/24) still running, 630s
[13:45:13]   [hb] morgan x rf (2/24) still running, 660s
[13:45:43]   [hb] morgan x rf (2/24) still running, 690s
[13:46:13]   [hb] morgan x rf (2/24) still running, 720s
[13:46:25] [done] morgan x rf (2/24)  R²=0.7638  RMSE=0.1465  t=731.7s
[13:46:25] [eval] 开始: morgan x svm (3/24)
[13:46:55]   [hb] morgan x svm (3/24) still running, 30s
[13:47:25]   [hb] morgan x svm (3/24) still running, 60s
[13:47:55]   [hb] morgan x svm (3/24) still running, 90s
Warning: path already exists! This predictor may overwrite an existing predictor! path="/tmp/yonod_ag_7rk9rn8t"
/home/wangzh685/miniconda3/envs/yonod/lib/python3.9/site-packages/autogluon/common/utils/utils.py:73: UserWarning: pkg_resources is deprecated as an API. See https://setuptools.pypa.io/en/latest/pkg_resources.html. The pkg_resources package is slated for removal as early as 2025-11-30. Refrain from using this package or pin to Setuptools<81.
  import pkg_resources
	No valid features to train KNeighborsUnif... Skipping this model.
	No valid features to train KNeighborsDist... Skipping this model.
[13:48:10] [done] morgan x svm (3/24)  R²=0.6382  RMSE=0.1813  t=105.4s
[13:48:11] [eval] 开始: morgan x autogluon (4/24)
[13:48:41]   [hb] morgan x autogluon (4/24) still running, 30s
[13:49:11]   [hb] morgan x autogluon (4/24) still running, 60s
[13:49:41]   [hb] morgan x autogluon (4/24) still running, 90s
[13:50:11]   [hb] morgan x autogluon (4/24) still running, 120s
[13:50:41]   [hb] morgan x autogluon (4/24) still running, 150s
[13:51:11]   [hb] morgan x autogluon (4/24) still running, 180s
[13:51:41]   [hb] morgan x autogluon (4/24) still running, 210s
[13:52:11]   [hb] morgan x autogluon (4/24) still running, 240s
[13:52:41]   [hb] morgan x autogluon (4/24) still running, 270s
[13:53:11]   [hb] morgan x autogluon (4/24) still running, 300s
[13:53:41]   [hb] morgan x autogluon (4/24) still running, 330s
[13:54:11]   [hb] morgan x autogluon (4/24) still running, 360s
[13:54:41]   [hb] morgan x autogluon (4/24) still running, 390s
[13:55:11]   [hb] morgan x autogluon (4/24) still running, 420s
[13:55:41]   [hb] morgan x autogluon (4/24) still running, 450s
[13:56:11]   [hb] morgan x autogluon (4/24) still running, 480s
[13:56:41]   [hb] morgan x autogluon (4/24) still running, 510s
[13:56:46] [done] morgan x autogluon (4/24)  R²=0.8036  RMSE=0.1338  t=515.2s

[13:56:46] [desc] 计算描述符: maccs ...
[13:56:46]   [config] 模式: concat
[13:56:46]   [config] 使用列 (6): product, activation-1, activation-2, additive, base, solvent
[13:57:17] [desc] maccs: n_valid=47015  X_smiles.shape=(47015, 996)
[13:57:17] [eval] 开始: maccs x xgb (5/24)
[13:57:47]   [hb] maccs x xgb (5/24) still running, 30s
[13:58:17]   [hb] maccs x xgb (5/24) still running, 60s
[13:58:47]   [hb] maccs x xgb (5/24) still running, 90s
[13:59:17]   [hb] maccs x xgb (5/24) still running, 120s
[13:59:47]   [hb] maccs x xgb (5/24) still running, 150s
[14:00:17]   [hb] maccs x xgb (5/24) still running, 180s
[14:00:47]   [hb] maccs x xgb (5/24) still running, 210s
[14:01:17]   [hb] maccs x xgb (5/24) still running, 240s
[14:01:47]   [hb] maccs x xgb (5/24) still running, 270s
[14:02:17]   [hb] maccs x xgb (5/24) still running, 300s
[14:02:47]   [hb] maccs x xgb (5/24) still running, 330s
[14:03:17]   [hb] maccs x xgb (5/24) still running, 360s
[14:03:47]   [hb] maccs x xgb (5/24) still running, 390s
[14:04:17]   [hb] maccs x xgb (5/24) still running, 420s
[14:04:47]   [hb] maccs x xgb (5/24) still running, 450s
[14:05:17]   [hb] maccs x xgb (5/24) still running, 480s
[14:05:47]   [hb] maccs x xgb (5/24) still running, 510s
[14:06:17]   [hb] maccs x xgb (5/24) still running, 540s
[14:06:47]   [hb] maccs x xgb (5/24) still running, 570s
[14:07:17]   [hb] maccs x xgb (5/24) still running, 600s
[14:07:47]   [hb] maccs x xgb (5/24) still running, 630s
[14:08:17]   [hb] maccs x xgb (5/24) still running, 660s
[14:08:47]   [hb] maccs x xgb (5/24) still running, 690s
[14:09:17]   [hb] maccs x xgb (5/24) still running, 720s
[14:09:47]   [hb] maccs x xgb (5/24) still running, 750s
[14:10:17]   [hb] maccs x xgb (5/24) still running, 780s
[14:10:47]   [hb] maccs x xgb (5/24) still running, 810s
[14:11:17]   [hb] maccs x xgb (5/24) still running, 840s
[14:11:47]   [hb] maccs x xgb (5/24) still running, 870s
[14:12:17]   [hb] maccs x xgb (5/24) still running, 900s
[14:12:47]   [hb] maccs x xgb (5/24) still running, 930s
[14:13:17]   [hb] maccs x xgb (5/24) still running, 960s
[14:13:47]   [hb] maccs x xgb (5/24) still running, 990s
[14:14:17]   [hb] maccs x xgb (5/24) still running, 1020s
[14:14:47]   [hb] maccs x xgb (5/24) still running, 1050s
[14:15:17]   [hb] maccs x xgb (5/24) still running, 1080s
[14:15:47]   [hb] maccs x xgb (5/24) still running, 1110s
[14:16:17]   [hb] maccs x xgb (5/24) still running, 1140s
[14:16:47]   [hb] maccs x xgb (5/24) still running, 1170s
[14:17:17]   [hb] maccs x xgb (5/24) still running, 1200s
[14:17:47]   [hb] maccs x xgb (5/24) still running, 1230s
[14:18:17]   [hb] maccs x xgb (5/24) still running, 1260s
[14:18:47]   [hb] maccs x xgb (5/24) still running, 1290s
[14:19:17]   [hb] maccs x xgb (5/24) still running, 1320s
[14:19:47]   [hb] maccs x xgb (5/24) still running, 1350s
[14:20:17]   [hb] maccs x xgb (5/24) still running, 1380s
[14:20:47]   [hb] maccs x xgb (5/24) still running, 1410s
[14:21:17]   [hb] maccs x xgb (5/24) still running, 1440s
[14:21:47] [done] maccs x xgb (5/24)  R²=0.6839  RMSE=0.1695  t=1469.3s
[14:21:47] [eval] 开始: maccs x rf (6/24)
[14:22:17]   [hb] maccs x rf (6/24) still running, 30s
[14:22:47]   [hb] maccs x rf (6/24) still running, 60s
[14:23:17]   [hb] maccs x rf (6/24) still running, 90s
[14:23:43] [done] maccs x rf (6/24)  R²=0.7268  RMSE=0.1576  t=115.9s
[14:23:43] [eval] 开始: maccs x svm (7/24)
[14:24:13]   [hb] maccs x svm (7/24) still running, 30s
[14:24:43]   [hb] maccs x svm (7/24) still running, 60s
Warning: path already exists! This predictor may overwrite an existing predictor! path="/tmp/yonod_ag_6dl8b2x4"
	No valid features to train KNeighborsUnif... Skipping this model.
	No valid features to train KNeighborsDist... Skipping this model.
[14:24:47] [done] maccs x svm (7/24)  R²=0.5824  RMSE=0.1948  t=64.3s
[14:24:47] [eval] 开始: maccs x autogluon (8/24)
[14:25:17]   [hb] maccs x autogluon (8/24) still running, 30s
[14:25:47]   [hb] maccs x autogluon (8/24) still running, 60s
[14:26:17]   [hb] maccs x autogluon (8/24) still running, 90s
[14:26:47]   [hb] maccs x autogluon (8/24) still running, 120s
[14:27:17]   [hb] maccs x autogluon (8/24) still running, 150s
[14:27:47]   [hb] maccs x autogluon (8/24) still running, 180s
[14:28:17]   [hb] maccs x autogluon (8/24) still running, 210s
[14:28:47]   [hb] maccs x autogluon (8/24) still running, 240s
[14:29:17]   [hb] maccs x autogluon (8/24) still running, 270s
[14:29:47]   [hb] maccs x autogluon (8/24) still running, 300s
[14:30:17]   [hb] maccs x autogluon (8/24) still running, 330s
[14:30:47]   [hb] maccs x autogluon (8/24) still running, 360s
[14:31:17]   [hb] maccs x autogluon (8/24) still running, 390s
[14:31:47]   [hb] maccs x autogluon (8/24) still running, 420s
[14:32:17]   [hb] maccs x autogluon (8/24) still running, 450s
[14:32:47]   [hb] maccs x autogluon (8/24) still running, 480s
[14:33:17]   [hb] maccs x autogluon (8/24) still running, 510s
[14:33:47]   [hb] maccs x autogluon (8/24) still running, 540s
[14:34:17]   [hb] maccs x autogluon (8/24) still running, 570s
[14:34:18] [done] maccs x autogluon (8/24)  R²=0.7760  RMSE=0.1429  t=571.0s

[14:34:18] [desc] 计算描述符: rdkit2d ...
[14:34:18]   [config] 模式: concat
[14:34:18]   [config] 使用列 (6): product, activation-1, activation-2, additive, base, solvent
[14:41:56] [desc] rdkit2d: n_valid=47015  X_smiles.shape=(47015, 1260)
[14:41:56] [eval] 开始: rdkit2d x xgb (9/24)
[14:42:26]   [hb] rdkit2d x xgb (9/24) still running, 30s
[14:42:56]   [hb] rdkit2d x xgb (9/24) still running, 60s
[14:43:26]   [hb] rdkit2d x xgb (9/24) still running, 90s
[14:43:56]   [hb] rdkit2d x xgb (9/24) still running, 120s
[14:44:26]   [hb] rdkit2d x xgb (9/24) still running, 150s
[14:44:56]   [hb] rdkit2d x xgb (9/24) still running, 180s
[14:45:26]   [hb] rdkit2d x xgb (9/24) still running, 210s
[14:45:56]   [hb] rdkit2d x xgb (9/24) still running, 240s
[14:46:26]   [hb] rdkit2d x xgb (9/24) still running, 270s
[14:46:56]   [hb] rdkit2d x xgb (9/24) still running, 300s
[14:47:26]   [hb] rdkit2d x xgb (9/24) still running, 330s
[14:47:56]   [hb] rdkit2d x xgb (9/24) still running, 360s
[14:48:26]   [hb] rdkit2d x xgb (9/24) still running, 390s
[14:48:56]   [hb] rdkit2d x xgb (9/24) still running, 420s
[14:49:26]   [hb] rdkit2d x xgb (9/24) still running, 450s
[14:49:56]   [hb] rdkit2d x xgb (9/24) still running, 480s
[14:50:26]   [hb] rdkit2d x xgb (9/24) still running, 510s
[14:50:56]   [hb] rdkit2d x xgb (9/24) still running, 540s
[14:51:26]   [hb] rdkit2d x xgb (9/24) still running, 570s
[14:51:56]   [hb] rdkit2d x xgb (9/24) still running, 600s
[14:52:26]   [hb] rdkit2d x xgb (9/24) still running, 630s
[14:52:56]   [hb] rdkit2d x xgb (9/24) still running, 660s
[14:53:26]   [hb] rdkit2d x xgb (9/24) still running, 690s
[14:53:56]   [hb] rdkit2d x xgb (9/24) still running, 720s
[14:54:26]   [hb] rdkit2d x xgb (9/24) still running, 750s
[14:54:56]   [hb] rdkit2d x xgb (9/24) still running, 780s
[14:55:26]   [hb] rdkit2d x xgb (9/24) still running, 810s
[14:55:56]   [hb] rdkit2d x xgb (9/24) still running, 840s
[14:56:26]   [hb] rdkit2d x xgb (9/24) still running, 870s
[14:56:56]   [hb] rdkit2d x xgb (9/24) still running, 900s
[14:57:26]   [hb] rdkit2d x xgb (9/24) still running, 930s
[14:57:56]   [hb] rdkit2d x xgb (9/24) still running, 960s
[14:58:26]   [hb] rdkit2d x xgb (9/24) still running, 990s
[14:58:56]   [hb] rdkit2d x xgb (9/24) still running, 1020s
[14:59:26]   [hb] rdkit2d x xgb (9/24) still running, 1050s
[14:59:56]   [hb] rdkit2d x xgb (9/24) still running, 1080s
[15:00:26]   [hb] rdkit2d x xgb (9/24) still running, 1110s
[15:00:56]   [hb] rdkit2d x xgb (9/24) still running, 1140s
[15:01:26]   [hb] rdkit2d x xgb (9/24) still running, 1170s
[15:01:56]   [hb] rdkit2d x xgb (9/24) still running, 1200s
[15:02:26]   [hb] rdkit2d x xgb (9/24) still running, 1230s
[15:02:56]   [hb] rdkit2d x xgb (9/24) still running, 1260s
[15:03:26]   [hb] rdkit2d x xgb (9/24) still running, 1290s
[15:03:56]   [hb] rdkit2d x xgb (9/24) still running, 1320s
[15:04:26]   [hb] rdkit2d x xgb (9/24) still running, 1350s
[15:04:56]   [hb] rdkit2d x xgb (9/24) still running, 1380s
[15:05:26]   [hb] rdkit2d x xgb (9/24) still running, 1410s
[15:05:56]   [hb] rdkit2d x xgb (9/24) still running, 1440s
[15:06:26]   [hb] rdkit2d x xgb (9/24) still running, 1470s
[15:06:50] [done] rdkit2d x xgb (9/24)  R²=0.7251  RMSE=0.1580  t=1494.8s
[15:06:51] [eval] 开始: rdkit2d x rf (10/24)
[15:07:21]   [hb] rdkit2d x rf (10/24) still running, 30s
[15:07:51]   [hb] rdkit2d x rf (10/24) still running, 60s
[15:08:21]   [hb] rdkit2d x rf (10/24) still running, 90s
[15:08:51]   [hb] rdkit2d x rf (10/24) still running, 120s
[15:09:21]   [hb] rdkit2d x rf (10/24) still running, 150s
[15:09:51]   [hb] rdkit2d x rf (10/24) still running, 180s
[15:10:21]   [hb] rdkit2d x rf (10/24) still running, 210s
[15:10:51]   [hb] rdkit2d x rf (10/24) still running, 240s
[15:11:21]   [hb] rdkit2d x rf (10/24) still running, 270s
[15:11:51]   [hb] rdkit2d x rf (10/24) still running, 300s
[15:12:21]   [hb] rdkit2d x rf (10/24) still running, 330s
[15:12:51]   [hb] rdkit2d x rf (10/24) still running, 360s
[15:13:00] [done] rdkit2d x rf (10/24)  R²=0.7632  RMSE=0.1467  t=369.6s
[15:13:00] [eval] 开始: rdkit2d x svm (11/24)
[15:13:31]   [hb] rdkit2d x svm (11/24) still running, 30s
Warning: path already exists! This predictor may overwrite an existing predictor! path="/tmp/yonod_ag_e23bcp3n"
[15:13:48] [done] rdkit2d x svm (11/24)  R²=0.5685  RMSE=0.1980  t=47.2s
[15:13:48] [eval] 开始: rdkit2d x autogluon (12/24)
[15:14:18]   [hb] rdkit2d x autogluon (12/24) still running, 30s
[15:14:48]   [hb] rdkit2d x autogluon (12/24) still running, 60s
[15:15:18]   [hb] rdkit2d x autogluon (12/24) still running, 90s
[15:15:48]   [hb] rdkit2d x autogluon (12/24) still running, 120s
[15:16:18]   [hb] rdkit2d x autogluon (12/24) still running, 150s
[15:16:48]   [hb] rdkit2d x autogluon (12/24) still running, 180s
[15:17:18]   [hb] rdkit2d x autogluon (12/24) still running, 210s
[15:17:48]   [hb] rdkit2d x autogluon (12/24) still running, 240s
[15:18:18]   [hb] rdkit2d x autogluon (12/24) still running, 270s
[15:18:48]   [hb] rdkit2d x autogluon (12/24) still running, 300s
[15:19:18]   [hb] rdkit2d x autogluon (12/24) still running, 330s
[15:19:48]   [hb] rdkit2d x autogluon (12/24) still running, 360s
[15:20:18]   [hb] rdkit2d x autogluon (12/24) still running, 390s
[15:20:48]   [hb] rdkit2d x autogluon (12/24) still running, 420s
[15:21:18]   [hb] rdkit2d x autogluon (12/24) still running, 450s
[15:21:48]   [hb] rdkit2d x autogluon (12/24) still running, 480s
[15:21:52] [done] rdkit2d x autogluon (12/24)  R²=0.7955  RMSE=0.1365  t=484.2s

[15:21:52] [desc] 计算描述符: fisd ...
[15:21:52]   [config] 模式: concat
[15:21:52]   [config] 使用列 (6): product, activation-1, activation-2, additive, base, solvent
Traceback (most recent call last):
  File "/home/wangzh685/miniconda3/envs/yonod/lib/python3.9/site-packages/torch/cuda/__init__.py", line 383, in _lazy_init
    queued_call()
  File "/home/wangzh685/miniconda3/envs/yonod/lib/python3.9/site-packages/torch/cuda/__init__.py", line 252, in _check_capability
    capability = get_device_capability(d)
  File "/home/wangzh685/miniconda3/envs/yonod/lib/python3.9/site-packages/torch/cuda/__init__.py", line 560, in get_device_capability
    prop = get_device_properties(device)
  File "/home/wangzh685/miniconda3/envs/yonod/lib/python3.9/site-packages/torch/cuda/__init__.py", line 580, in get_device_properties
    return _get_device_properties(device)  # type: ignore[name-defined]
RuntimeError: device >= 0 && device < num_gpus INTERNAL ASSERT FAILED at "/pytorch/aten/src/ATen/cuda/CUDAContext.cpp":52, please report a bug to PyTorch. device=1, num_gpus=1

The above exception was the direct cause of the following exception:

Traceback (most recent call last):
  File "/home/wangzh685/桌面/YONOD/main.py", line 923, in <module>
    sys.exit(main())
  File "/home/wangzh685/桌面/YONOD/main.py", line 756, in main
    X_smiles, X_numeric, mask = build_universal_features(
  File "/home/wangzh685/桌面/YONOD/yonod/universal/feature_builder.py", line 207, in build_universal_features
    feats, mask = descriptor.featurize(smiles_list)
  File "/home/wangzh685/桌面/YONOD/yonod/descriptors/fisd.py", line 229, in featurize
    self._load()
  File "/home/wangzh685/桌面/YONOD/yonod/descriptors/fisd.py", line 196, in _load
    torch.load(self.model_dir / MSE_CKPT, map_location=self.device)
  File "/home/wangzh685/miniconda3/envs/yonod/lib/python3.9/site-packages/torch/serialization.py", line 1516, in load
    return _load(
  File "/home/wangzh685/miniconda3/envs/yonod/lib/python3.9/site-packages/torch/serialization.py", line 2114, in _load
    result = unpickler.load()
  File "/home/wangzh685/miniconda3/envs/yonod/lib/python3.9/site-packages/torch/_weights_only_unpickler.py", line 532, in load
    self.append(self.persistent_load(pid))
  File "/home/wangzh685/miniconda3/envs/yonod/lib/python3.9/site-packages/torch/serialization.py", line 2078, in persistent_load
    typed_storage = load_tensor(
  File "/home/wangzh685/miniconda3/envs/yonod/lib/python3.9/site-packages/torch/serialization.py", line 2044, in load_tensor
    wrap_storage = restore_location(storage, location)
  File "/home/wangzh685/miniconda3/envs/yonod/lib/python3.9/site-packages/torch/serialization.py", line 1854, in restore_location
    return default_restore_location(storage, map_location)
  File "/home/wangzh685/miniconda3/envs/yonod/lib/python3.9/site-packages/torch/serialization.py", line 698, in default_restore_location
    result = fn(storage, location)
  File "/home/wangzh685/miniconda3/envs/yonod/lib/python3.9/site-packages/torch/serialization.py", line 636, in _deserialize
    device = _validate_device(location, backend_name)
  File "/home/wangzh685/miniconda3/envs/yonod/lib/python3.9/site-packages/torch/serialization.py", line 599, in _validate_device
    device_index = device_module._utils._get_device_index(location, True)
  File "/home/wangzh685/miniconda3/envs/yonod/lib/python3.9/site-packages/torch/cuda/_utils.py", line 38, in _get_device_index
    return _torch_get_device_index(device, optional, allow_cpu)
  File "/home/wangzh685/miniconda3/envs/yonod/lib/python3.9/site-packages/torch/_utils.py", line 851, in _get_device_index
    device_idx = _get_current_device_index()
  File "/home/wangzh685/miniconda3/envs/yonod/lib/python3.9/site-packages/torch/_utils.py", line 788, in _get_current_device_index
    return _get_device_attr(lambda m: m.current_device())
  File "/home/wangzh685/miniconda3/envs/yonod/lib/python3.9/site-packages/torch/_utils.py", line 773, in _get_device_attr
    return get_member(torch.cuda)
  File "/home/wangzh685/miniconda3/envs/yonod/lib/python3.9/site-packages/torch/_utils.py", line 788, in <lambda>
    return _get_device_attr(lambda m: m.current_device())
  File "/home/wangzh685/miniconda3/envs/yonod/lib/python3.9/site-packages/torch/cuda/__init__.py", line 1026, in current_device
    _lazy_init()
  File "/home/wangzh685/miniconda3/envs/yonod/lib/python3.9/site-packages/torch/cuda/__init__.py", line 389, in _lazy_init
    raise DeferredCudaCallError(msg) from e
torch.cuda.DeferredCudaCallError: CUDA call failed lazily at initialization with error: device >= 0 && device < num_gpus INTERNAL ASSERT FAILED at "/pytorch/aten/src/ATen/cuda/CUDAContext.cpp":52, please report a bug to PyTorch. device=1, num_gpus=1

CUDA call was originally invoked at:

  File "/home/wangzh685/桌面/YONOD/main.py", line 923, in <module>
    sys.exit(main())
  File "/home/wangzh685/桌面/YONOD/main.py", line 782, in main
    model = _make_model(model_name, args)
  File "/home/wangzh685/桌面/YONOD/main.py", line 124, in _make_model
    return XGBYieldModel()
  File "/home/wangzh685/桌面/YONOD/yonod/models/xgb_model.py", line 52, in __init__
    device = _auto_device()
  File "/home/wangzh685/桌面/YONOD/yonod/models/xgb_model.py", line 30, in _auto_device
    import torch  # type: ignore
  File "<frozen importlib._bootstrap>", line 1007, in _find_and_load
  File "<frozen importlib._bootstrap>", line 986, in _find_and_load_unlocked
  File "<frozen importlib._bootstrap>", line 680, in _load_unlocked
  File "<frozen importlib._bootstrap_external>", line 850, in exec_module
  File "<frozen importlib._bootstrap>", line 228, in _call_with_frames_removed
  File "/home/wangzh685/miniconda3/envs/yonod/lib/python3.9/site-packages/torch/__init__.py", line 2064, in <module>
    _C._initExtension(_manager_path())
  File "<frozen importlib._bootstrap>", line 1007, in _find_and_load
  File "<frozen importlib._bootstrap>", line 986, in _find_and_load_unlocked
  File "<frozen importlib._bootstrap>", line 680, in _load_unlocked
  File "<frozen importlib._bootstrap_external>", line 850, in exec_module
  File "<frozen importlib._bootstrap>", line 228, in _call_with_frames_removed
  File "/home/wangzh685/miniconda3/envs/yonod/lib/python3.9/site-packages/torch/cuda/__init__.py", line 317, in <module>
    _lazy_call(_check_capability)
  File "/home/wangzh685/miniconda3/envs/yonod/lib/python3.9/site-packages/torch/cuda/__init__.py", line 314, in _lazy_call
    _queued_calls.append((callable, traceback.format_stack()))

[error] task 34567 failed with exit code 1
