sample_id,source_row_index,yield,yield_percent,c_base_smiles,a_smiles,b_smiles,p_smiles,c_solvent_smiles,c_additive1_smiles,c_additive2_smiles,c_equiv_base,c_equiv_reactant1,c_equiv_reactant2,c_dielectric_constant,c_time_h,c_temperature_c,c_equiv_additive1,c_equiv_additive2,c_ms,c_mwi
sufex_000001,1,0.99,99,CCN(C(C)C)C(C)C,CC(C)(C)N,CC1=CC(S(=O)(=O)F)=C(P(C2=CC=CC=C2)C2=CC=CC=C2)C=C1,CC1=CC(S(=O)(=O)NC(C)(C)C)=C(P(C2=CC=CC=C2)C2=CC=CC=C2)C=C1,CS(=O)C,C1=CC=C2C(=C1)N=NN2O,C[Si](O[Si]([H])(C)C)([H])C,1.666666667,0.833333333,1,46.8,24,25,0.008333333,1.666666667,0,0
sufex_000002,2,0.99,99,CCN(C(C)C)C(C)C,C[C@H](N)C1=CC=C(Cl)C=C1,CC1=CC(S(=O)(=O)F)=C(P(C2=CC=CC=C2)C2=CC=CC=C2)C=C1,CC1=CC(S(=O)(=O)N[C@@H](C)C2=CC=C(Cl)C=C2)=C(P(C2=CC=CC=C2)C2=CC=CC=C2)C=C1,CS(=O)C,C1=CC=C2C(=C1)N=NN2O,C[Si](O[Si]([H])(C)C)([H])C,1.666666667,0.833333333,1,46.8,24,25,0.008333333,1.666666667,0,0
sufex_000003,3,0.98,98,CCN(C(C)C)C(C)C,CC(C)(C)N,CC1=CC(C)=C(S(=O)(=O)F)C(C)=C1,CC1=CC(C)=C(S(=O)(=O)NC(C)(C)C)C(C)=C1,CS(=O)C,C1=CC=C2C(=C1)N=NN2O,C[Si](O[Si]([H])(C)C)([H])C,1.666666667,0.833333333,1,46.8,24,25,0.008333333,1.666666667,0,0
sufex_000004,4,0.98,98,CCN(C(C)C)C(C)C,NC12CC3CC(CC(C3)C1)C2,CC1=CC=C(S(=O)(=O)F)C=C1,CC1=CC=C(S(=O)(=O)NC23CC4CC(CC(C4)C2)C3)C=C1,CS(=O)C,C1=CC=C2C(=C1)N=NN2O,C[Si](O[Si]([H])(C)C)([H])C,1.666666667,0.833333333,1,46.8,24,25,0.008333333,1.666666667,0,0
sufex_000005,5,0.97,97,CCN(C(C)C)C(C)C,CC(C)(C)N,CC1=C(S(=O)(=O)F)C=CC=C1,CC1=C(S(=O)(=O)NC(C)(C)C)C=CC=C1,CS(=O)C,C1=CC=C2C(=C1)N=NN2O,C[Si](O[Si]([H])(C)C)([H])C,1.666666667,0.833333333,1,46.8,24,25,0.008333333,1.666666667,0,0
sufex_000006,6,0.96,96,CCN(C(C)C)C(C)C,COC1=CC=C(CN)C=C1,CC1=CC(C)=C(S(=O)(=O)F)C(C)=C1,COC1=CC=C(CNS(=O)(=O)C2=C(C)C=C(C)C=C2C)C=C1,CS(=O)C,C1=CC=C2C(=C1)N=NN2O,C[Si](O[Si]([H])(C)C)([H])C,1.666666667,0.833333333,1,46.8,24,25,0.008333333,1.666666667,0,0
sufex_000007,7,0.96,96,CCN(C(C)C)C(C)C,C[C@@H](N)C1=CC=CC2=C1C=CC=C2,C[C@@H](C1=CC(OS(=O)(=O)F)=CC=C1)N(C)C,C[C@@H](NS(=O)(=O)OC1=CC([C@H](C)N(C)C)=CC=C1)C1=CC=CC2=C1C=CC=C2,CS(=O)C,C1=CC=C2C(=C1)N=NN2O,C[Si](O[Si]([H])(C)C)([H])C,0.5,0.5,1,46.8,24,25,0.025,1,0,0
sufex_000008,8,0.96,96,CCN(C(C)C)C(C)C,COC(=O)[C@@H](N)CC1=CNC2=CC=CC=C12,CC1=CC(C)=C(S(=O)(=O)F)C(C)=C1,COC(=O)[C@H](CC1=CNC2=CC=CC=C12)NS(=O)(=O)C1=C(C)C=C(C)C=C1C,CS(=O)C,C1=CC=C2C(=C1)N=NN2O,C[Si](O[Si]([H])(C)C)([H])C,1.666666667,0.833333333,1,46.8,24,25,0.008333333,1.666666667,0,0
sufex_000009,9,0.95,95,CCN(C(C)C)C(C)C,C1=CC=C(CNCC2=CC=CC=C2)C=C1,[H][C@@]12CC[C@@](CS(=O)(=O)F)(C(=O)C1)C2(C)C,[H][C@@]12CC[C@@](CS(=O)(=O)N(CC3=CC=CC=C3)CC3=CC=CC=C3)(C(=O)C1)C2(C)C,CS(=O)C,C1=CC=C2C(=C1)N=NN2O,C[Si](O[Si]([H])(C)C)([H])C,1.333333333,0.666666667,1,46.8,48,25,0.006666667,1.333333333,0,0
sufex_000010,10,0.95,95,CCN(C(C)C)C(C)C,COC1=CC=C(N)C=C1,CC1=CC=C(S(=O)(=O)F)C=C1,COC1=CC=C(NS(=O)(=O)C2=CC=C(C)C=C2)C=C1,CS(=O)C,C1=CC=C2C(=C1)N=NN2O,C[Si](O[Si]([H])(C)C)([H])C,2,2,1,46.8,24,25,0.01,2,0,0
sufex_000011,11,0.95,95,CCN(C(C)C)C(C)C,CC(C)(N)C1=CC=CC=C1,CC(C)(C)C1=CC=C(S(=O)(=O)F)C=C1,CC(C)(C)C1=CC=C(S(=O)(=O)NC(C)(C)C2=CC=CC=C2)C=C1,CS(=O)C,C1=CC=C2C(=C1)N=NN2O,C[Si](O[Si]([H])(C)C)([H])C,1.666666667,0.833333333,1,46.8,24,25,0.008333333,1.666666667,0,0
sufex_000012,12,0.95,95,CCN(C(C)C)C(C)C,CC(N)CCC1=CC=CC=C1,CC(C)C1=CC=C(OS(=O)(=O)F)C=C1,CC(CCC1=CC=CC=C1)NS(=O)(=O)OC1=CC=C(C(C)C)C=C1,CN1CCCC1=O,C1=CC=C2C(=C1)N=NN2O,C[Si](O[Si]([H])(C)C)([H])C,0.5,0.5,1,32.2,24,25,0.025,1,0,0
sufex_000013,13,0.95,95,CCN(C(C)C)C(C)C,CC(C)(N)C1=CC=CC=C1,O=S(=O)(F)C1=CC=CC=C1,CC(C)(NS(=O)(=O)C1=CC=CC=C1)C1=CC=CC=C1,CS(=O)C,C1=CC=C2C(=C1)N=NN2O,C[Si](O[Si]([H])(C)C)([H])C,1.666666667,0.833333333,1,46.8,24,25,0.008333333,1.666666667,0,0
sufex_000014,14,0.95,95,CCN(C(C)C)C(C)C,NC12CC3CC(C1)CC(O)(C3)C2,O=S(=O)(F)C1=CC=C(F)C=C1,O=S(=O)(NC12CC3CC(CC(O)(C3)C1)C2)C1=CC=C(F)C=C1,CS(=O)C,C1=CC=C2C(=C1)N=NN2O,C[Si](O[Si]([H])(C)C)([H])C,1.666666667,0.833333333,1,46.8,24,25,0.008333333,1.666666667,0,0
sufex_000015,15,0.95,95,CCN(C(C)C)C(C)C,CC(N)C1=CC=CC=C1,COC1=CC=C(S(=O)(=O)F)C=C1,COC1=CC=C(S(=O)(=O)NC(C)C2=CC=CC=C2)C=C1,CS(=O)C,C1=CC=C2C(=C1)N=NN2O,C[Si](O[Si]([H])(C)C)([H])C,1.666666667,0.833333333,1,46.8,24,25,0.008333333,1.666666667,0,0
sufex_000016,16,0.94,94,CCN(C(C)C)C(C)C,CC1=CC=C(N)C=C1,CC1=CC=C(S(=O)(=O)F)C=C1,CC1=CC=C(NS(=O)(=O)C2=CC=C(C)C=C2)C=C1,CS(=O)C,C1=CC=C2C(=C1)N=NN2O,C[Si](O[Si]([H])(C)C)([H])C,2,2,1,46.8,24,25,0.01,2,0,0
sufex_000017,17,0.94,94,CCN(C(C)C)C(C)C,C[C@H]1COCCN1,O=S(=O)(F)OC1=CC=C(Br)C=C1,C[C@H]1COCCN1S(=O)(=O)OC1=CC=C(Br)C=C1,CS(=O)C,C1=CC=C2C(=C1)N=NN2O,C[Si](O[Si]([H])(C)C)([H])C,1,2,1,46.8,48,25,0.05,2,0,0
sufex_000018,18,0.94,94,CCN(C(C)C)C(C)C,C[C@H](N)C1=CC=CC=C1,CC(C)C1=CC=C(OS(=O)(=O)F)C=C1,CC(C)C1=CC=C(OS(=O)(=O)N[C@@H](C)C2=CC=CC=C2)C=C1,CS(=O)C,C1=CC=C2C(=C1)N=NN2O,C[Si](O[Si]([H])(C)C)([H])C,0.5,0.5,1,46.8,24,25,0.025,1,0,0
sufex_000019,19,0.94,94,CCN(C(C)C)C(C)C,CC(C)(C)N,COC1=CC=C(S(=O)(=O)F)C=C1,COC1=CC=C(S(=O)(=O)NC(C)(C)C)C=C1,CS(=O)C,C1=CC=C2C(=C1)N=NN2O,C[Si](O[Si]([H])(C)C)([H])C,1.666666667,0.833333333,1,46.8,24,25,0.008333333,1.666666667,0,0
sufex_000020,20,0.94,94,CCN(C(C)C)C(C)C,NCC1=CC=CC=N1,CC1=CC(C)=C(S(=O)(=O)F)C(C)=C1,CC1=CC(C)=C(S(=O)(=O)NCC2=CC=CC=N2)C(C)=C1,CS(=O)C,C1=CC=C2C(=C1)N=NN2O,C[Si](O[Si]([H])(C)C)([H])C,1.666666667,0.833333333,1,46.8,24,25,0.008333333,1.666666667,0,0
sufex_000021,21,0.94,94,CCN(C(C)C)C(C)C,NC(C1=CC=CC=C1)C1=CC=CC=C1,O=S(=O)(F)C1=CC=CS1,O=S(=O)(NC(C1=CC=CC=C1)C1=CC=CC=C1)C1=CC=CS1,CS(=O)C,C1=CC=C2C(=C1)N=NN2O,C[Si](O[Si]([H])(C)C)([H])C,1.666666667,0.833333333,1,46.8,24,25,0.008333333,1.666666667,0,0
sufex_000022,22,0.93,93,CCN(C(C)C)C(C)C,NC1=CC=C(N)C=C1,CC1=CC=C(S(=O)(=O)F)C=C1,CC1=CC=C(S(=O)(=O)NC2=CC=C(N)C=C2)C=C1,CS(=O)C,C1=CC=C2C(=C1)N=NN2O,C[Si](O[Si]([H])(C)C)([H])C,1.666666667,0.833333333,1,46.8,24,25,0.008333333,1.666666667,0,0
sufex_000023,23,0.93,93,CCN(C(C)C)C(C)C,C=CCNCC=C,O=S(=O)(F)OC1=CC=C(I)C=C1,C=CCN(CC=C)S(=O)(=O)OC1=CC=C(I)C=C1,CS(=O)C,C1=CC=C2C(=C1)N=NN2O,C[Si](O[Si]([H])(C)C)([H])C,0.5,0.5,1,46.8,24,25,0.025,1,0,0
sufex_000024,24,0.93,93,CCN(C(C)C)C(C)C,CCCNCCC,COC1=CC=C(OS(=O)(=O)F)C=C1,CCCN(CCC)S(=O)(=O)OC1=CC=C(OC)C=C1,CS(=O)C,C1=CC=C2C(=C1)N=NN2O,C[Si](O[Si]([H])(C)C)([H])C,0.5,0.5,1,46.8,24,25,0.025,1,0,0
sufex_000025,25,0.93,93,CCN(C(C)C)C(C)C,C1CC2(CCN1)OCCO2,CC(C)(C)C1=CC(OS(=O)(=O)F)=CC(C(C)(C)C)=C1,CC(C)(C)C1=CC(OS(=O)(=O)N2CCC3(CC2)OCCO3)=CC(C(C)(C)C)=C1,CN1CCCC1=O,C1=CC=C2C(=C1)N=NN2O,C[Si](C)(C)O[Si](C)(C)C,0.5,0.5,1,32.2,24,50,0.025,1,0,0
sufex_000026,26,0.93,93,CCN(C(C)C)C(C)C,N[C@H](C1=CC=CC=C1)[C@H](N)C1=CC=CC=C1,CC1=CC(S(=O)(=O)F)=C(P(C2=CC=CC=C2)C2=CC=CC=C2)C=C1,CC1=CC(S(=O)(=O)N[C@H](C2=CC=CC=C2)[C@H](N)C2=CC=CC=C2)=C(P(C2=CC=CC=C2)C2=CC=CC=C2)C=C1,CS(=O)C,C1=CC=C2C(=C1)N=NN2O,C[Si](O[Si]([H])(C)C)([H])C,1.666666667,0.833333333,1,46.8,24,25,0.008333333,1.666666667,0,0
sufex_000027,27,0.93,93,CCN(C(C)C)C(C)C,NC1=CC=C(N2CCOCC2)C=C1,O=S(=O)(F)C1=CC=CC2=C1C=CC=C2,O=S(=O)(NC1=CC=C(N2CCOCC2)C=C1)C1=CC=CC2=C1C=CC=C2,CS(=O)C,C1=CC=C2C(=C1)N=NN2O,C[Si](O[Si]([H])(C)C)([H])C,2,2,1,46.8,24,25,0.01,2,0,0
sufex_000028,28,0.93,93,CCN(C(C)C)C(C)C,C[C@@H](N)C1=CC=CC2=C1C=CC=C2,CC[C@H]1CC[C@H](C2=CC=C(OS(=O)(=O)F)C=C2)CC1,CC[C@H]1CC[C@H](C2=CC=C(OS(=O)(=O)N[C@H](C)C3=CC=CC4=C3C=CC=C4)C=C2)CC1,CS(=O)C,C1=CC=C2C(=C1)N=NN2O,C[Si](O[Si]([H])(C)C)([H])C,0.5,0.5,1,46.8,24,25,0.025,1,0,0
sufex_000029,29,0.93,93,CCN(C(C)C)C(C)C,CC(C)(C)N,CC1=CN=C(NC2=CC=C(OCCN3CCCC3)C=C2)N=C1NC1=CC(S(=O)(=O)F)=CC=C1,CC1=CN=C(NC2=CC=C(OCCN3CCCC3)C=C2)N=C1NC1=CC=CC(S(=O)(=O)NC(C)(C)C)=C1,CS(=O)C,C1=CC=C2C(=C1)N=NN2O,C[Si](O[Si]([H])(C)C)([H])C,1.666666667,0.833333333,1,46.8,24,25,0.008333333,1.666666667,0,0
sufex_000030,30,0.93,93,CCN(C(C)C)C(C)C,NC12CC3CC(CC(C3)C1)C2,COC1=CC=C(OS(=O)(=O)F)C=C1,COC1=CC=C(OS(=O)(=O)NC23CC4CC(CC(C4)C2)C3)C=C1,CS(=O)C,C1=CC=C2C(=C1)N=NN2O,C[Si](O[Si]([H])(C)C)([H])C,0.5,0.5,1,46.8,24,25,0.025,1,0,0
sufex_000031,31,0.92,92,CCN(C(C)C)C(C)C,[H][C@@]12CC[N@]([C@]([C@@H](C3=CC=NC4=C3C=C(C=C4)OC)N)(C2)[H])C[C@@H]1C=C,CC1=CC=C(S(=O)(=O)F)C=C1,[H][C@@]12CC[N@@](C[C@@H]1C=C)[C@]([H])([C@@H](NS(=O)(=O)C1=CC=C(C)C=C1)C1=CC=NC3=C1C=C(OC)C=C3)C2,CS(=O)C,C1=CC=C2C(=C1)N=NN2O,C[Si](O[Si]([H])(C)C)([H])C,1.666666667,0.833333333,1,46.8,24,25,0.008333333,1.666666667,0,0
sufex_000032,32,0.92,92,CCN(C(C)C)C(C)C,CC(C)(C)N,CC(C)C1=CC=C(OS(=O)(=O)F)C=C1,CC(C)C1=CC=C(OS(=O)(=O)NC(C)(C)C)C=C1,CS(=O)C,C1=CC=C2C(=C1)N=NN2O,C[Si](O[Si]([H])(C)C)([H])C,0.5,0.5,1,46.8,24,25,0.025,1,0,0
sufex_000033,33,0.92,92,CCN(C(C)C)C(C)C,C[C@H](N)C1=CC=CC=C1,COC1=CC=C(OS(=O)(=O)F)C=C1,COC1=CC=C(OS(=O)(=O)N[C@@H](C)C2=CC=CC=C2)C=C1,CS(=O)C,C1=CC=C2C(=C1)N=NN2O,C[Si](O[Si]([H])(C)C)([H])C,0.5,0.5,1,46.8,24,25,0.025,1,0,0
sufex_000034,34,0.92,92,CCN(C(C)C)C(C)C,[H][C@@]12OC(C)(C)O[C@]1([H])[C@@H](OCCO)C[C@H]2N,CC1=CC(C)=C(S(=O)(=O)F)C(C)=C1,[H][C@@]12OC(C)(C)O[C@]1([H])[C@@H](OCCO)C[C@H]2NS(=O)(=O)C1=C(C)C=C(C)C=C1C,CS(=O)C,C1=CC=C2C(=C1)N=NN2O,C[Si](O[Si]([H])(C)C)([H])C,1.333333333,0.666666667,1,46.8,24,25,0.006666667,1.333333333,0,0
sufex_000035,35,0.92,92,CCN(C(C)C)C(C)C,NC1=CC=CC=C1,O=S(=O)(F)C1=CC=C(C(F)(F)F)C=C1,O=S(=O)(NC1=CC=CC=C1)C1=CC=C(C(F)(F)F)C=C1,CS(=O)C,C1=CC=C2C(=C1)N=NN2O,C[Si](O[Si]([H])(C)C)([H])C,2,2,1,46.8,24,25,0.01,2,0,0
sufex_000036,36,0.91,91,CCN(C(C)C)C(C)C,CC(C)(C)N,[H][C@@]12CCC3=CC(OS(=O)(=O)F)=CC=C3[C@@]1([H])CC[C@]1(C)C(=O)CC[C@@]21[H],[H][C@@]12CCC3=CC(OS(=O)(=O)NC(C)(C)C)=CC=C3[C@@]1([H])CC[C@]1(C)C(=O)CC[C@@]21[H],CS(=O)C,C1=CC=C2C(=C1)N=NN2O,C[Si](O[Si]([H])(C)C)([H])C,0.5,0.5,1,46.8,24,25,0.025,1,0,0
sufex_000037,37,0.91,91,CCN(C(C)C)C(C)C,NC12CC3CC(CC(C3)C1)C2,CN1C=C(S(=O)(=O)F)C=N1,CN1C=C(S(=O)(=O)NC23CC4CC(CC(C4)C2)C3)C=N1,CS(=O)C,C1=CC=C2C(=C1)N=NN2O,C[Si](O[Si]([H])(C)C)([H])C,1.666666667,0.833333333,1,46.8,24,60,0.041666667,1.666666667,0,0
sufex_000038,38,0.91,91,CCN(C(C)C)C(C)C,CC(N)CCC1=CC=CC=C1,O=S(=O)(F)OC1=CC=CC=C1,CC(CCC1=CC=CC=C1)NS(=O)(=O)OC1=CC=CC=C1,CN1CCCC1=O,C1=CC=C2C(=C1)N=NN2O,C[Si](O[Si]([H])(C)C)([H])C,0.5,0.5,1,32.2,24,25,0.025,1,0,0
sufex_000039,39,0.91,91,CCN(C(C)C)C(C)C,CC(C)(C)N,COC1=CC=C(OS(=O)(=O)F)C=C1,COC1=CC=C(OS(=O)(=O)NC(C)(C)C)C=C1,CS(=O)C,C1=CC=C2C(=C1)N=NN2O,C[Si](O[Si]([H])(C)C)([H])C,0.5,0.5,1,46.8,24,25,0.025,1,0,0
sufex_000040,40,0.91,91,CCN(C(C)C)C(C)C,CC(C)(C)N,CN(C)C1=CC=C(OS(=O)(=O)F)C=C1,CN(C)C1=CC=C(OS(=O)(=O)NC(C)(C)C)C=C1,CS(=O)C,C1=CC=C2C(=C1)N=NN2O,C[Si](O[Si]([H])(C)C)([H])C,0.5,0.5,1,46.8,24,25,0.025,1,0,0
sufex_000041,41,0.9,90,CCN(C(C)C)C(C)C,N[C@H]1CCCC2=CC=CC=C21,O=S(=O)(F)OC1=CC=C2OCOC2=C1,O=S(=O)(N[C@H]1CCCC2=CC=CC=C21)OC1=CC=C2OCOC2=C1,CS(=O)C,C1=CC=C2C(=C1)N=NN2O,C[Si](O[Si]([H])(C)C)([H])C,0.5,0.5,1,46.8,24,25,0.025,1,0,0
sufex_000042,42,0.9,90,CCN(C(C)C)C(C)C,CC[C@@H](N)C1=CC=CC=C1,[H][C@@]12CC[C@@](O)(C#C)[C@@]1(C)CC[C@]1([H])C3=CC=C(OS(=O)(=O)F)C=C3CC[C@@]21[H],[H][C@@]12CC[C@@](O)(C#C)[C@@]1(C)CC[C@]1([H])C3=CC=C(OS(=O)(=O)N[C@H](CC)C4=CC=CC=C4)C=C3CC[C@@]21[H],CS(=O)C,C1=CC=C2C(=C1)N=NN2O,C[Si](O[Si]([H])(C)C)([H])C,0.5,0.5,1,46.8,24,25,0.025,1,0,0
sufex_000043,43,0.9,90,CCN(C(C)C)C(C)C,N[C@H]1CCCC[C@@H]1N,C=CCC1(S(=O)(=O)F)CC1,C=CCC1(S(=O)(=O)N[C@H]2CCCC[C@@H]2N)CC1,CS(=O)C,C1=CC=C2C(=C1)N=NN2O,C[Si](O[Si]([H])(C)C)([H])C,1,0.5,1,46.8,24,60,0.025,1,0,0
sufex_000044,44,0.9,90,CCN(C(C)C)C(C)C,C[C@@H](N)C1CCCCC1,CCN(CC)C1=CC(OS(=O)(=O)F)=CC=C1,CCN(CC)C1=CC(OS(=O)(=O)N[C@H](C)C2CCCCC2)=CC=C1,CS(=O)C,C1=CC=C2C(=C1)N=NN2O,C[Si](O[Si]([H])(C)C)([H])C,0.5,0.5,1,46.8,24,25,0.025,1,0,0
sufex_000045,45,0.9,90,CCN(C(C)C)C(C)C,C[C@H](N)C1=CC=CC=C1,O=S(=O)(F)OC1=CC=CC=C1,C[C@H](NS(=O)(=O)OC1=CC=CC=C1)C1=CC=CC=C1,CN1CCCC1=O,C1=CC=C2C(=C1)N=NN2O,C[Si](O[Si]([H])(C)C)([H])C,0.5,0.5,1,32.2,24,25,0.025,1,0,0
sufex_000046,46,0.9,90,,NC12CC3CC(CC(C3)C1)C2,O=S(=O)(F)C1=CC=CC=C1,O=S(=O)(NC12CC3CC(CC(C3)C1)C2)C1=CC=CC=C1,CS(=O)C,C1=CC=C2C(=C1)N=NN2O,C[Si](O[Si]([H])(C)C)([H])C,0,2,1,46.8,24,60,0.0002,2,0,0
sufex_000047,47,0.9,90,CCN(C(C)C)C(C)C,C=CC1=CC=C(CN)C=C1,CC1=CC(C)=C(S(=O)(=O)F)C(C)=C1,C=CC1=CC=C(CNS(=O)(=O)C2=C(C)C=C(C)C=C2C)C=C1,CS(=O)C,C1=CC=C2C(=C1)N=NN2O,C[Si](O[Si]([H])(C)C)([H])C,1.666666667,0.833333333,1,46.8,24,25,0.008333333,1.666666667,0,0
sufex_000048,48,0.9,90,CCN(C(C)C)C(C)C,COC1=CC=C([C@H](C)N)C=C1,O=S(=O)(F)OC1=CC=C(C2=CC=CC=C2)C=C1,COC1=CC=C([C@H](C)NS(=O)(=O)OC2=CC=C(C3=CC=CC=C3)C=C2)C=C1,CS(=O)C,C1=CC=C2C(=C1)N=NN2O,C[Si](O[Si]([H])(C)C)([H])C,0.5,0.5,1,46.8,24,25,0.025,1,0,0
sufex_000049,49,0.9,90,CCN(C(C)C)C(C)C,NC12CC3CC(C1)CC(O)(C3)C2,COC1=CC=C(OS(=O)(=O)F)C=C1,COC1=CC=C(OS(=O)(=O)NC23CC4CC(CC(O)(C4)C2)C3)C=C1,CS(=O)C,C1=CC=C2C(=C1)N=NN2O,C[Si](O[Si]([H])(C)C)([H])C,0.5,0.5,1,46.8,24,25,0.025,1,0,0
sufex_000050,50,0.89,89,CCN(C(C)C)C(C)C,NCC1=CC(N)=CC=C1,CC1=CC(C)=C(S(=O)(=O)F)C(C)=C1,CC1=CC(C)=C(S(=O)(=O)NCC2=CC(N)=CC=C2)C(C)=C1,CS(=O)C,C1=CC=C2C(=C1)N=NN2O,C[Si](O[Si]([H])(C)C)([H])C,1.666666667,0.833333333,1,46.8,24,25,0.008333333,1.666666667,0,0
sufex_000051,51,0.88,88,CCN(C(C)C)C(C)C,NC12CC3CC(CC(C3)C1)C2,CN(C)C1=CC=C(OS(=O)(=O)F)C=C1,CN(C)C1=CC=C(OS(=O)(=O)NC23CC4CC(CC(C4)C2)C3)C=C1,CS(=O)C,C1=CC=C2C(=C1)N=NN2O,C[Si](O[Si]([H])(C)C)([H])C,0.5,0.5,1,46.8,24,25,0.025,1,0,0
sufex_000052,52,0.87,87,CCN(C(C)C)C(C)C,NC12CC3CC(C1)CC(O)(C3)C2,CC1=CC(C)=CC(OS(=O)(=O)F)=C1,CC1=CC(C)=CC(OS(=O)(=O)NC23CC4CC(CC(O)(C4)C2)C3)=C1,CS(=O)C,C1=CC=C2C(=C1)N=NN2O,C[Si](O[Si]([H])(C)C)([H])C,0.5,0.5,1,46.8,24,25,0.025,1,0,0
sufex_000053,53,0,0,,CC(C)(C)N,CC1=CC(S(=O)(=O)F)=C(P(C2=CC=CC=C2)C2=CC=CC=C2)C=C1,CC1=CC(S(=O)(=O)NC(C)(C)C)=C(P(C2=CC=CC=C2)C2=CC=CC=C2)C=C1,CS(=O)C,SC1=CC=C([N+]([O-])=O)C=C1,,0,3,1,46.8,24,40,1,0,0,0
sufex_000054,54,0,0,,CC(C)(C)N,CC1=CC(S(=O)(=O)F)=C(P(C2=CC=CC=C2)C2=CC=CC=C2)C=C1,CC1=CC(S(=O)(=O)NC(C)(C)C)=C(P(C2=CC=CC=C2)C2=CC=CC=C2)C=C1,CN(C=O)C,,,0,10,1,37.2,24,80,0,0,0,0
sufex_000055,55,0,0,CCN(CC)CC,CC(C)(C)N,CC1=CC(S(=O)(=O)F)=C(P(C2=CC=CC=C2)C2=CC=CC=C2)C=C1,CC1=CC(S(=O)(=O)NC(C)(C)C)=C(P(C2=CC=CC=C2)C2=CC=CC=C2)C=C1,CN(C=O)C,,,20,10,1,37.2,24,80,0,0,0,0
sufex_000056,56,0,0,O=C([O-])[O-].[Cs+].[Cs+],CC(C)(C)N,CC1=CC(S(=O)(=O)F)=C(P(C2=CC=CC=C2)C2=CC=CC=C2)C=C1,CC1=CC(S(=O)(=O)NC(C)(C)C)=C(P(C2=CC=CC=C2)C2=CC=CC=C2)C=C1,CC#N,,,2.5,1.1,1,35.7,24,25,0,0,0,0
sufex_000057,57,0,0,,CC(C)(C)N,CC1=CC(S(=O)(=O)F)=C(P(C2=CC=CC=C2)C2=CC=CC=C2)C=C1,CC1=CC(S(=O)(=O)NC(C)(C)C)=C(P(C2=CC=CC=C2)C2=CC=CC=C2)C=C1,C(Cl)Cl,,,0,3,1,8.9,24,25,0,0,0,0
sufex_000058,58,0.02,2,,CC(C)(C)N,CC1=CC(S(=O)(=O)F)=C(P(C2=CC=CC=C2)C2=CC=CC=C2)C=C1,CC1=CC(S(=O)(=O)NC(C)(C)C)=C(P(C2=CC=CC=C2)C2=CC=CC=C2)C=C1,CS(=O)C,CN(C)C1=CC=NC=C1,,0,1,1,46.8,24,80,1,0,0,0
sufex_000059,59,0,0,C12=NCCCN1CCCCC2,CC(C)(C)N,CC1=CC(S(=O)(=O)F)=C(P(C2=CC=CC=C2)C2=CC=CC=C2)C=C1,CC1=CC(S(=O)(=O)NC(C)(C)C)=C(P(C2=CC=CC=C2)C2=CC=CC=C2)C=C1,C1CCCO1,,,0.3,2,1,7.4,24,25,0,0,0,0
sufex_000060,60,0,0,C12=NCCCN1CCCCC2,CC(C)(C)N,CC1=CC(S(=O)(=O)F)=C(P(C2=CC=CC=C2)C2=CC=CC=C2)C=C1,CC1=CC(S(=O)(=O)NC(C)(C)C)=C(P(C2=CC=CC=C2)C2=CC=CC=C2)C=C1,CS(=O)C,,,1,1,1,46.8,24,80,0,0,0,0
sufex_000061,61,0.01,1,C12=NCCCN1CCCCC2,CC(C)(C)N,CC1=CC(S(=O)(=O)F)=C(P(C2=CC=CC=C2)C2=CC=CC=C2)C=C1,CC1=CC(S(=O)(=O)NC(C)(C)C)=C(P(C2=CC=CC=C2)C2=CC=CC=C2)C=C1,CN(C=O)C,,,1,1,1,37.2,24,80,0,0,0,0
sufex_000062,62,0.01,1,C12=NCCCN1CCCCC2,CC(C)(C)N,CC1=CC(S(=O)(=O)F)=C(P(C2=CC=CC=C2)C2=CC=CC=C2)C=C1,CC1=CC(S(=O)(=O)NC(C)(C)C)=C(P(C2=CC=CC=C2)C2=CC=CC=C2)C=C1,CN1CCCC1=O,,,1,1,1,32.2,24,80,0,0,0,0
sufex_000063,63,0,0,C12=NCCCN1CCCCC2,CC(C)(C)N,CC1=CC(S(=O)(=O)F)=C(P(C2=CC=CC=C2)C2=CC=CC=C2)C=C1,CC1=CC(S(=O)(=O)NC(C)(C)C)=C(P(C2=CC=CC=C2)C2=CC=CC=C2)C=C1,CC#N,,,0.1,1,1,35.7,24,25,0,0,0,0
sufex_000064,64,0.02,2,,CC(C)(C)N,CC1=CC(S(=O)(=O)F)=C(P(C2=CC=CC=C2)C2=CC=CC=C2)C=C1,CC1=CC(S(=O)(=O)NC(C)(C)C)=C(P(C2=CC=CC=C2)C2=CC=CC=C2)C=C1,CS(=O)C,,,0,3,1,46.8,24,40,0,0,0,0
sufex_000065,65,0,0,,CC(C)(C)N,CC1=CC(S(=O)(=O)F)=C(P(C2=CC=CC=C2)C2=CC=CC=C2)C=C1,CC1=CC(S(=O)(=O)NC(C)(C)C)=C(P(C2=CC=CC=C2)C2=CC=CC=C2)C=C1,CS(=O)C,CC1=CC=C(O)C=C1,,0,3,1,46.8,24,40,1,0,0,0
sufex_000066,66,0,0,,CC(C)(C)N,CC1=CC(S(=O)(=O)F)=C(P(C2=CC=CC=C2)C2=CC=CC=C2)C=C1,CC1=CC(S(=O)(=O)NC(C)(C)C)=C(P(C2=CC=CC=C2)C2=CC=CC=C2)C=C1,CS(=O)C,O=C1C(C=CC=C2)=C2C(N1O)=O,,0,3,1,46.8,24,40,1,0,0,0
sufex_000067,67,0.04,4,,CC(C)(C)N,CC1=CC(S(=O)(=O)F)=C(P(C2=CC=CC=C2)C2=CC=CC=C2)C=C1,CC1=CC(S(=O)(=O)NC(C)(C)C)=C(P(C2=CC=CC=C2)C2=CC=CC=C2)C=C1,CS(=O)C,OC1=CC=C([N+]([O-])=O)C=C1,,0,3,1,46.8,24,40,1,0,0,0
sufex_000068,68,0.07,7,,CC(C)(C)N,CC1=CC(S(=O)(=O)F)=C(P(C2=CC=CC=C2)C2=CC=CC=C2)C=C1,CC1=CC(S(=O)(=O)NC(C)(C)C)=C(P(C2=CC=CC=C2)C2=CC=CC=C2)C=C1,CS(=O)C,FC1=C(F)C(F)=C(O)C(F)=C1F,,0,3,1,46.8,24,40,1,0,0,0
sufex_000069,69,0,0,,CC(C)(C)N,CC1=CC(S(=O)(=O)F)=C(P(C2=CC=CC=C2)C2=CC=CC=C2)C=C1,CC1=CC(S(=O)(=O)NC(C)(C)C)=C(P(C2=CC=CC=C2)C2=CC=CC=C2)C=C1,CS(=O)C,SC1=CC=CC=C1,,0,3,1,46.8,24,40,1,0,0,0
sufex_000070,70,0.58,58,,CC(C)(C)N,CC1=CC(S(=O)(=O)F)=C(P(C2=CC=CC=C2)C2=CC=CC=C2)C=C1,CC1=CC(S(=O)(=O)NC(C)(C)C)=C(P(C2=CC=CC=C2)C2=CC=CC=C2)C=C1,CS(=O)C,F[B-](F)(F)F.CN(C)/C(ON1C2=CC=CC=C2N=N1)=[N+](C)\C,,0,3,1,46.8,24,40,1,0,0,0
sufex_000071,71,0.02,2,,CC(C)(C)N,CC1=CC(S(=O)(=O)F)=C(P(C2=CC=CC=C2)C2=CC=CC=C2)C=C1,CC1=CC(S(=O)(=O)NC(C)(C)C)=C(P(C2=CC=CC=C2)C2=CC=CC=C2)C=C1,CS(=O)C,SC1=NC2=CC=CC=C2S1,,0,3,1,46.8,24,40,1,0,0,0
sufex_000072,72,0,0,,CC(C)(C)N,CC1=CC(S(=O)(=O)F)=C(P(C2=CC=CC=C2)C2=CC=CC=C2)C=C1,CC1=CC(S(=O)(=O)NC(C)(C)C)=C(P(C2=CC=CC=C2)C2=CC=CC=C2)C=C1,CS(=O)C,O=C1CCC(N1O)=O,,0,3,1,46.8,24,40,1,0,0,0
sufex_000073,73,0.01,1,,CC(C)(C)N,CC1=CC(S(=O)(=O)F)=C(P(C2=CC=CC=C2)C2=CC=CC=C2)C=C1,CC1=CC(S(=O)(=O)NC(C)(C)C)=C(P(C2=CC=CC=C2)C2=CC=CC=C2)C=C1,CS(=O)C,CCCC[N+](CCCC)(CCCC)CCCC.[Cl-],,0,3,1,46.8,24,40,1,0,0,0
sufex_000074,74,0,0,,CC(C)(C)N,CC1=CC(S(=O)(=O)F)=C(P(C2=CC=CC=C2)C2=CC=CC=C2)C=C1,CC1=CC(S(=O)(=O)NC(C)(C)C)=C(P(C2=CC=CC=C2)C2=CC=CC=C2)C=C1,CS(=O)C,O=C1C(C(Cl)=C(Cl)C(Cl)=C2Cl)=C2C(N1O)=O,,0,3,1,46.8,24,40,1,0,0,0
sufex_000075,75,0.65,65,,CC(C)(C)N,CC1=CC(S(=O)(=O)F)=C(P(C2=CC=CC=C2)C2=CC=CC=C2)C=C1,CC1=CC(S(=O)(=O)NC(C)(C)C)=C(P(C2=CC=CC=C2)C2=CC=CC=C2)C=C1,CS(=O)C,ON1C2=NC=CC=C2N=N1,,0,3,1,46.8,24,40,1,0,0,0
sufex_000076,76,0.61,61,,CC(C)(C)N,CC1=CC(S(=O)(=O)F)=C(P(C2=CC=CC=C2)C2=CC=CC=C2)C=C1,CC1=CC(S(=O)(=O)NC(C)(C)C)=C(P(C2=CC=CC=C2)C2=CC=CC=C2)C=C1,CS(=O)C,CN(C)/C(ON1C2=CC=CC=C2N=N1)=[N+](C)\C.F[P-](F)(F)(F)(F)F,,0,3,1,46.8,24,40,1,0,0,0
sufex_000077,77,0,0,,CC(C)(C)N,CC1=CC(S(=O)(=O)F)=C(P(C2=CC=CC=C2)C2=CC=CC=C2)C=C1,CC1=CC(S(=O)(=O)NC(C)(C)C)=C(P(C2=CC=CC=C2)C2=CC=CC=C2)C=C1,CS(=O)C,C1=CC=C2C(=C1)N=NN2O,C[Si](C)(Cl)C,0,3,1,46.8,24,40,1,2,0,0
sufex_000078,78,0.87,87,,CC(C)(C)N,CC1=CC(S(=O)(=O)F)=C(P(C2=CC=CC=C2)C2=CC=CC=C2)C=C1,CC1=CC(S(=O)(=O)NC(C)(C)C)=C(P(C2=CC=CC=C2)C2=CC=CC=C2)C=C1,CS(=O)C,C1=CC=C2C(=C1)N=NN2O,,0,3,1,46.8,24,40,1,0,0,0
sufex_000079,79,0.01,1,,CC(C)(C)N,CC1=CC(S(=O)(=O)F)=C(P(C2=CC=CC=C2)C2=CC=CC=C2)C=C1,CC1=CC(S(=O)(=O)NC(C)(C)C)=C(P(C2=CC=CC=C2)C2=CC=CC=C2)C=C1,CS(=O)C,CCCC[N+](CCCC)(CCCC)CCCC.[I-],,0,3,1,46.8,24,40,1,0,0,0
sufex_000080,80,0.01,1,,CC(C)(C)N,CC1=CC(S(=O)(=O)F)=C(P(C2=CC=CC=C2)C2=CC=CC=C2)C=C1,CC1=CC(S(=O)(=O)NC(C)(C)C)=C(P(C2=CC=CC=C2)C2=CC=CC=C2)C=C1,CS(=O)C,CCCC[N+](CCCC)(CCCC)CCCC.[Br-],,0,3,1,46.8,24,40,1,0,0,0
sufex_000081,81,0,0,,CC(C)(C)N,CC1=CC(S(=O)(=O)F)=C(P(C2=CC=CC=C2)C2=CC=CC=C2)C=C1,CC1=CC(S(=O)(=O)NC(C)(C)C)=C(P(C2=CC=CC=C2)C2=CC=CC=C2)C=C1,CS(=O)C,O=C(N1C=NC=C1)N2C=CN=C2,,0,3,1,46.8,24,40,1,0,0,0
sufex_000082,82,0.07,7,,CC(C)(C)N,CC1=CC(S(=O)(=O)F)=C(P(C2=CC=CC=C2)C2=CC=CC=C2)C=C1,CC1=CC(S(=O)(=O)NC(C)(C)C)=C(P(C2=CC=CC=C2)C2=CC=CC=C2)C=C1,CS(=O)C,CCOC(/C(C#N)=N/O)=O,,0,3,1,46.8,24,40,1,0,0,0
sufex_000083,83,0.01,1,,CC(C)(C)N,CC1=CC(S(=O)(=O)F)=C(P(C2=CC=CC=C2)C2=CC=CC=C2)C=C1,CC1=CC(S(=O)(=O)NC(C)(C)C)=C(P(C2=CC=CC=C2)C2=CC=CC=C2)C=C1,CS(=O)C,C1(CCCCC1)N=C=NC2CCCCC2,,0,3,1,46.8,24,40,1,0,0,0
sufex_000084,84,0.02,2,,CC(C)(C)N,CC1=CC(S(=O)(=O)F)=C(P(C2=CC=CC=C2)C2=CC=CC=C2)C=C1,CC1=CC(S(=O)(=O)NC(C)(C)C)=C(P(C2=CC=CC=C2)C2=CC=CC=C2)C=C1,CS(=O)C,CN1C=CN=C1,,0,3,1,46.8,24,40,1,0,0,0
sufex_000085,85,0.02,2,,CC(C)(C)N,CC1=CC(S(=O)(=O)F)=C(P(C2=CC=CC=C2)C2=CC=CC=C2)C=C1,CC1=CC(S(=O)(=O)NC(C)(C)C)=C(P(C2=CC=CC=C2)C2=CC=CC=C2)C=C1,CS(=O)C,CCN=C=NCCCN(C)C,,0,3,1,46.8,24,40,1,0,0,0
sufex_000086,86,0,0,,CC(C)(C)N,CC1=CC(S(=O)(=O)F)=C(P(C2=CC=CC=C2)C2=CC=CC=C2)C=C1,CC1=CC(S(=O)(=O)NC(C)(C)C)=C(P(C2=CC=CC=C2)C2=CC=CC=C2)C=C1,CS(=O)C,C1=CC=C2C(=C1)N=NN2O,[H][Si](Cl)(Cl)Cl,0,3,1,46.8,24,40,1,2,0,0
sufex_000087,87,0.92,92,,CC(C)(C)N,CC1=CC(S(=O)(=O)F)=C(P(C2=CC=CC=C2)C2=CC=CC=C2)C=C1,CC1=CC(S(=O)(=O)NC(C)(C)C)=C(P(C2=CC=CC=C2)C2=CC=CC=C2)C=C1,CS(=O)C,C1=CC=C2C(=C1)N=NN2O,C/C(O[Si](C)(C)C)=N\[Si](C)(C)C,0,3,1,46.8,24,40,1,2,0,0
sufex_000088,88,0.94,94,,CC(C)(C)N,CC1=CC(S(=O)(=O)F)=C(P(C2=CC=CC=C2)C2=CC=CC=C2)C=C1,CC1=CC(S(=O)(=O)NC(C)(C)C)=C(P(C2=CC=CC=C2)C2=CC=CC=C2)C=C1,CS(=O)C,C1=CC=C2C(=C1)N=NN2O,C[Si](O[Si](C)(C)C)(C)C,0,3,1,46.8,24,40,1,2,0,0
sufex_000089,89,0.99,99,,CC(C)(C)N,CC1=CC(S(=O)(=O)F)=C(P(C2=CC=CC=C2)C2=CC=CC=C2)C=C1,CC1=CC(S(=O)(=O)NC(C)(C)C)=C(P(C2=CC=CC=C2)C2=CC=CC=C2)C=C1,CS(=O)C,C1=CC=C2C(=C1)N=NN2O,O=C(N[Si](C)(C)C)N[Si](C)(C)C,0,3,1,46.8,24,40,1,2,0,0
sufex_000090,90,0.96,96,,CC(C)(C)N,CC1=CC(S(=O)(=O)F)=C(P(C2=CC=CC=C2)C2=CC=CC=C2)C=C1,CC1=CC(S(=O)(=O)NC(C)(C)C)=C(P(C2=CC=CC=C2)C2=CC=CC=C2)C=C1,CS(=O)C,C1=CC=C2C(=C1)N=NN2O,C[Si]([H])(OCC)OCC,0,3,1,46.8,24,40,1,2,0,0
sufex_000091,91,0.94,94,,CC(C)(C)N,CC1=CC(S(=O)(=O)F)=C(P(C2=CC=CC=C2)C2=CC=CC=C2)C=C1,CC1=CC(S(=O)(=O)NC(C)(C)C)=C(P(C2=CC=CC=C2)C2=CC=CC=C2)C=C1,CS(=O)C,C1=CC=C2C(=C1)N=NN2O,C[Si](O[Si]([H])(C)C)(C)[H],0,3,1,46.8,24,40,1,2,0,0
sufex_000092,92,0.97,97,,CC(C)(C)N,CC1=CC(S(=O)(=O)F)=C(P(C2=CC=CC=C2)C2=CC=CC=C2)C=C1,CC1=CC(S(=O)(=O)NC(C)(C)C)=C(P(C2=CC=CC=C2)C2=CC=CC=C2)C=C1,CS(=O)C,C1=CC=C2C(=C1)N=NN2O,C[Si]1(C)O[Si](C)(C)O[Si](C)(C)O1,0,3,1,46.8,24,40,1,2,0,0
sufex_000093,93,0.58,58,,CC(C)(C)N,CC1=CC(S(=O)(=O)F)=C(P(C2=CC=CC=C2)C2=CC=CC=C2)C=C1,CC1=CC(S(=O)(=O)NC(C)(C)C)=C(P(C2=CC=CC=C2)C2=CC=CC=C2)C=C1,CS(=O)C,C1=CC=C2C(=C1)N=NN2O,[H][Si]([H])(C1=CC=CC=C1)[H],0,3,1,46.8,24,40,1,2,0,0
sufex_000094,94,0,0,,CC(C)(C)N,CC1=CC(S(=O)(=O)F)=C(P(C2=CC=CC=C2)C2=CC=CC=C2)C=C1,CC1=CC(S(=O)(=O)NC(C)(C)C)=C(P(C2=CC=CC=C2)C2=CC=CC=C2)C=C1,CS(=O)C,BrC1=CC=C(O)C=C1,,0,3,1,46.8,24,40,1,0,0,0
sufex_000095,95,0.87,87,,CC(C)(C)N,CC1=CC(S(=O)(=O)F)=C(P(C2=CC=CC=C2)C2=CC=CC=C2)C=C1,CC1=CC(S(=O)(=O)NC(C)(C)C)=C(P(C2=CC=CC=C2)C2=CC=CC=C2)C=C1,CS(=O)C,C1=CC=C2C(=C1)N=NN2O,[H][Si](C1=CC=CC=C1)([H])C2=CC=CC=C2,0,3,1,46.8,24,40,1,2,0,0
sufex_000096,96,0.95,95,,CC(C)(C)N,CC1=CC(S(=O)(=O)F)=C(P(C2=CC=CC=C2)C2=CC=CC=C2)C=C1,CC1=CC(S(=O)(=O)NC(C)(C)C)=C(P(C2=CC=CC=C2)C2=CC=CC=C2)C=C1,CS(=O)C,C1=CC=C2C(=C1)N=NN2O,CCO[Ti](OCC)(OCC)OCC,0,3,1,46.8,24,40,1,2,0,0
sufex_000097,97,0.67,67,,CC(C)(C)N,CC1=CC(S(=O)(=O)F)=C(P(C2=CC=CC=C2)C2=CC=CC=C2)C=C1,CC1=CC(S(=O)(=O)NC(C)(C)C)=C(P(C2=CC=CC=C2)C2=CC=CC=C2)C=C1,CS(=O)C,C1=CC=C2C(=C1)N=NN2O,C[Si](C)(C)N[Si](C)(C)C,0,3,1,46.8,24,40,1,2,0,0
sufex_000098,98,0.94,94,,CC(C)(C)N,CC1=CC(S(=O)(=O)F)=C(P(C2=CC=CC=C2)C2=CC=CC=C2)C=C1,CC1=CC(S(=O)(=O)NC(C)(C)C)=C(P(C2=CC=CC=C2)C2=CC=CC=C2)C=C1,CS(=O)C,C1=CC=C2C(=C1)N=NN2O,CCO[Si](OCC)(OCC)OCC,0,3,1,46.8,24,40,1,2,0,0
sufex_000099,99,0.84,84,CCN(C(C)C)C(C)C,CC(C)(C)N,CC1=CC(S(=O)(=O)F)=C(P(C2=CC=CC=C2)C2=CC=CC=C2)C=C1,CC1=CC(S(=O)(=O)NC(C)(C)C)=C(P(C2=CC=CC=C2)C2=CC=CC=C2)C=C1,CS(=O)C,C1=CC=C2C(=C1)N=NN2O,O=C(N[Si](C)(C)C)N[Si](C)(C)C,1.666666667,0.833333333,1,46.8,24,25,0.008333333,1.666666667,0,0
sufex_000100,100,0.06,6,CCN(C(C)C)C(C)C,CC(C)(C)N,CC1=CC(S(=O)(=O)F)=C(P(C2=CC=CC=C2)C2=CC=CC=C2)C=C1,CC1=CC(S(=O)(=O)NC(C)(C)C)=C(P(C2=CC=CC=C2)C2=CC=CC=C2)C=C1,CS(=O)C,C1=CC=C2C(=C1)N=NN2O,C[Si](C)(C)/N=C(O[Si](C)(C)C)\C(F)(F)F,1.666666667,0.833333333,1,46.8,24,25,0.008333333,1.666666667,0,0
sufex_000101,101,0.31,31,CCN(C(C)C)C(C)C,CC(C)(C)N,CC1=CC(S(=O)(=O)F)=C(P(C2=CC=CC=C2)C2=CC=CC=C2)C=C1,CC1=CC(S(=O)(=O)NC(C)(C)C)=C(P(C2=CC=CC=C2)C2=CC=CC=C2)C=C1,CS(=O)C,C1=CC=C2C(=C1)N=NN2O,C[Si]1(C)O[Si](C)(C)O[Si](C)(C)O1,1.666666667,0.833333333,1,46.8,24,25,0.008333333,1.666666667,0,0
sufex_000102,102,0.14,14,CCN(C(C)C)C(C)C,CC(C)(C)N,CC1=CC(S(=O)(=O)F)=C(P(C2=CC=CC=C2)C2=CC=CC=C2)C=C1,CC1=CC(S(=O)(=O)NC(C)(C)C)=C(P(C2=CC=CC=C2)C2=CC=CC=C2)C=C1,CS(=O)C,C1=CC=C2C(=C1)N=NN2O,[H][Si](CC)(CC)CC,1.666666667,0.833333333,1,46.8,24,25,0.008333333,1.666666667,0,0
sufex_000103,103,0.56,56,CCN(C(C)C)C(C)C,CC(C)(C)N,CC1=CC(S(=O)(=O)F)=C(P(C2=CC=CC=C2)C2=CC=CC=C2)C=C1,CC1=CC(S(=O)(=O)NC(C)(C)C)=C(P(C2=CC=CC=C2)C2=CC=CC=C2)C=C1,CS(=O)C,C1=CC=C2C(=C1)N=NN2O,[H][Si](C1=CC=CC=C1)([H])C2=CC=CC=C2,1.666666667,0.833333333,1,46.8,24,25,0.008333333,1.666666667,0,0
sufex_000104,104,0.37,37,CCN(C(C)C)C(C)C,CC(C)(C)N,CC1=CC(S(=O)(=O)F)=C(P(C2=CC=CC=C2)C2=CC=CC=C2)C=C1,CC1=CC(S(=O)(=O)NC(C)(C)C)=C(P(C2=CC=CC=C2)C2=CC=CC=C2)C=C1,CS(=O)C,C1=CC=C2C(=C1)N=NN2O,CCO[Ti](OCC)(OCC)OCC,1.666666667,0.833333333,1,46.8,24,25,0.008333333,1.666666667,0,0
sufex_000105,105,0,0,CCN(C(C)C)C(C)C,CC(C)(C)N,CC1=CC(S(=O)(=O)F)=C(P(C2=CC=CC=C2)C2=CC=CC=C2)C=C1,CC1=CC(S(=O)(=O)NC(C)(C)C)=C(P(C2=CC=CC=C2)C2=CC=CC=C2)C=C1,CS(=O)C,C1=CC=C2C(=C1)N=NN2O,C/C(O[Si](C)(C)C)=N\[Si](C)(C)C,1.666666667,0.833333333,1,46.8,24,25,0.008333333,1.666666667,0,0
sufex_000106,106,0.28,28,CCN(C(C)C)C(C)C,CC(C)(C)N,CC1=CC(S(=O)(=O)F)=C(P(C2=CC=CC=C2)C2=CC=CC=C2)C=C1,CC1=CC(S(=O)(=O)NC(C)(C)C)=C(P(C2=CC=CC=C2)C2=CC=CC=C2)C=C1,CS(=O)C,C1=CC=C2C(=C1)N=NN2O,CCO[Si](OCC)(OCC)OCC,1.666666667,0.833333333,1,46.8,24,25,0.008333333,1.666666667,0,0
sufex_000107,107,0.6,60,CCN(C(C)C)C(C)C,NC(C1=CC=CC=C1)C,O=S(C1=CC=C(OC)C=C1)(F)=O,O=S(C1=CC=C(OC)C=C1)(NC(C2=CC=CC=C2)C)=O,CS(=O)C,C1=CC=C2C(=C1)N=NN2O,,1.666666667,0.833333333,1,46.8,24,25,0.041666667,0,0,0
sufex_000108,108,0.97,97,CCN(C(C)C)C(C)C,CCCNCCC,O=C(O)C1=CC=C(S(=O)(=O)F)C=C1,CCCN(CCC)S(=O)(=O)C1=CC=C(C(=O)O)C=C1,CS(=O)C,C1=CC=C2C(=C1)N=NN2O,C[Si](O[Si]([H])(C)C)([H])C,1.666666667,0.833333333,1,46.8,24,25,0.008333333,1.666666667,0,0
sufex_000109,109,0.08,8,CCN(C(C)C)C(C)C,CCCNCCC,O=C(O)C1=CC=C(S(=O)(=O)F)C=C1,CCCN(CCC)S(=O)(=O)C1=CC=C(C(=O)O)C=C1,CS(=O)C,,,1.666666667,0.833333333,1,46.8,24,25,0,0,0,0
sufex_000110,110,0.87,87,CCN(C(C)C)C(C)C,C1COCCN1,O=S(=O)(F)C1=CC=C(O)C=C1,O=S(=O)(C1=CC=C(O)C=C1)N1CCOCC1,CS(=O)C,C1=CC=C2C(=C1)N=NN2O,C[Si](O[Si]([H])(C)C)([H])C,1.666666667,0.833333333,1,46.8,24,25,0.008333333,1.666666667,0,0
sufex_000111,111,1,100,CCN(C(C)C)C(C)C,CC(C)(C)N,O=S(=O)(F)CC1=CC=CC=C1,CC(C)(C)NS(=O)(=O)CC1=CC=CC=C1,CS(=O)C,C1=CC=C2C(=C1)N=NN2O,C[Si](O[Si]([H])(C)C)([H])C,1.666666667,0.833333333,1,46.8,24,25,0.008333333,1.666666667,0,0
sufex_000112,112,0.62,62,CCN(C(C)C)C(C)C,CC(C)(C)N,O=S(=O)(F)CC1=CC=CC=C1,CC(C)(C)NS(=O)(=O)CC1=CC=CC=C1,CS(=O)C,,,1.666666667,0.833333333,1,46.8,24,25,0,0,0,0
sufex_000113,113,1,100,CCN(C(C)C)C(C)C,COC1=CC=C([C@H](C)N)C=C1,O=S(=O)(F)CC1=CC=CC=C1,COC1=CC=C([C@H](C)NS(=O)(=O)CC2=CC=CC=C2)C=C1,CS(=O)C,C1=CC=C2C(=C1)N=NN2O,C[Si](O[Si]([H])(C)C)([H])C,1.666666667,0.833333333,1,46.8,24,25,0.008333333,1.666666667,0,0
sufex_000114,114,1,100,CCN(C(C)C)C(C)C,CC(C)(C)N,[H][C@@]12CC[C@@](CS(=O)(=O)F)(C(=O)C1)C2(C)C,[H][C@@]12CC[C@@](CS(=O)(=O)NC(C)(C)C)(C(=O)C1)C2(C)C,CS(=O)C,C1=CC=C2C(=C1)N=NN2O,C[Si](O[Si]([H])(C)C)([H])C,1.666666667,0.833333333,1,46.8,24,25,0.008333333,1.666666667,0,0
sufex_000115,115,0.56,56,CCN(C(C)C)C(C)C,CC(C)(C)N,[H][C@@]12CC[C@@](CS(=O)(=O)F)(C(=O)C1)C2(C)C,[H][C@@]12CC[C@@](CS(=O)(=O)NC(C)(C)C)(C(=O)C1)C2(C)C,CS(=O)C,,,1.666666667,0.833333333,1,46.8,24,25,0,0,0,0
sufex_000116,116,1,100,CCN(C(C)C)C(C)C,C1COCCN1,O=S(=O)(F)OC1=CC=C(C(F)(F)F)C=C1,O=S(=O)(OC1=CC=C(C(F)(F)F)C=C1)N1CCOCC1,CN1CCCC1=O,C1=CC=C2C(=C1)N=NN2O,C[Si](O[Si]([H])(C)C)([H])C,0.5,0.5,1,32.2,24,25,0.025,1,0,0
sufex_000117,117,0.69,69,CCN(C(C)C)C(C)C,C1COCCN1,O=S(=O)(F)OC1=CC=C(C(F)(F)F)C=C1,O=S(=O)(OC1=CC=C(C(F)(F)F)C=C1)N1CCOCC1,CN1CCCC1=O,,,0.5,0.5,1,32.2,24,25,0,0,0,0
sufex_000118,118,0.03,3,CCN(C(C)C)C(C)C,CC(C)(C)N,CC1=CC(S(=O)(=O)F)=C(P(C2=CC=CC=C2)C2=CC=CC=C2)C=C1,CC1=CC(S(=O)(=O)NC(C)(C)C)=C(P(C2=CC=CC=C2)C2=CC=CC=C2)C=C1,CS(=O)C,,,1.666666667,0.833333333,1,46.8,24,25,0,0,0,0
sufex_000119,119,0.01,1,CCN(C(C)C)C(C)C,C[C@H](N)C1=CC=C(Cl)C=C1,CC1=CC(S(=O)(=O)F)=C(P(C2=CC=CC=C2)C2=CC=CC=C2)C=C1,CC1=CC(S(=O)(=O)N[C@@H](C)C2=CC=C(Cl)C=C2)=C(P(C2=CC=CC=C2)C2=CC=CC=C2)C=C1,CS(=O)C,,,1.666666667,0.833333333,1,46.8,24,25,0,0,0,0
sufex_000120,120,0,0,CCN(C(C)C)C(C)C,CC(C)(C)N,CC1=CC(C)=C(S(=O)(=O)F)C(C)=C1,CC1=CC(C)=C(S(=O)(=O)NC(C)(C)C)C(C)=C1,CS(=O)C,,,1.666666667,0.833333333,1,46.8,24,25,0,0,0,0
sufex_000121,121,0.01,1,CCN(C(C)C)C(C)C,NC12CC3CC(CC(C3)C1)C2,CC1=CC=C(S(=O)(=O)F)C=C1,CC1=CC=C(S(=O)(=O)NC23CC4CC(CC(C4)C2)C3)C=C1,CS(=O)C,,,1.666666667,0.833333333,1,46.8,24,25,0,0,0,0
sufex_000122,122,0.02,2,CCN(C(C)C)C(C)C,CC(C)(C)N,CC1=C(S(=O)(=O)F)C=CC=C1,CC1=C(S(=O)(=O)NC(C)(C)C)C=CC=C1,CS(=O)C,,,1.666666667,0.833333333,1,46.8,24,25,0,0,0,0
sufex_000123,123,0.02,2,CCN(C(C)C)C(C)C,COC1=CC=C(CN)C=C1,CC1=CC(C)=C(S(=O)(=O)F)C(C)=C1,COC1=CC=C(CNS(=O)(=O)C2=C(C)C=C(C)C=C2C)C=C1,CS(=O)C,,,1.666666667,0.833333333,1,46.8,24,25,0,0,0,0
sufex_000124,124,0,0,CCN(C(C)C)C(C)C,C[C@@H](N)C1=CC=CC2=C1C=CC=C2,C[C@@H](C1=CC(OS(=O)(=O)F)=CC=C1)N(C)C,C[C@@H](NS(=O)(=O)OC1=CC([C@H](C)N(C)C)=CC=C1)C1=CC=CC2=C1C=CC=C2,CS(=O)C,,,0.5,0.5,1,46.8,24,25,0,0,0,0
sufex_000125,125,0,0,CCN(C(C)C)C(C)C,COC(=O)[C@@H](N)CC1=CNC2=CC=CC=C12,CC1=CC(C)=C(S(=O)(=O)F)C(C)=C1,COC(=O)[C@H](CC1=CNC2=CC=CC=C12)NS(=O)(=O)C1=C(C)C=C(C)C=C1C,CS(=O)C,,,1.666666667,0.833333333,1,46.8,24,25,0,0,0,0
sufex_000126,126,0,0,CCN(C(C)C)C(C)C,COC1=CC=C(N)C=C1,CC1=CC=C(S(=O)(=O)F)C=C1,COC1=CC=C(NS(=O)(=O)C2=CC=C(C)C=C2)C=C1,CS(=O)C,,,2,2,1,46.8,24,25,0,0,0,0
sufex_000127,127,0,0,CCN(C(C)C)C(C)C,CC(C)(N)C1=CC=CC=C1,CC(C)(C)C1=CC=C(S(=O)(=O)F)C=C1,CC(C)(C)C1=CC=C(S(=O)(=O)NC(C)(C)C2=CC=CC=C2)C=C1,CS(=O)C,,,1.666666667,0.833333333,1,46.8,24,25,0,0,0,0
sufex_000128,128,0.02,2,CCN(C(C)C)C(C)C,CC(N)CCC1=CC=CC=C1,CC(C)C1=CC=C(OS(=O)(=O)F)C=C1,CC(CCC1=CC=CC=C1)NS(=O)(=O)OC1=CC=C(C(C)C)C=C1,CN1CCCC1=O,,,0.5,0.5,1,32.2,24,25,0,0,0,0
sufex_000129,129,0,0,CCN(C(C)C)C(C)C,CC(C)(N)C1=CC=CC=C1,O=S(=O)(F)C1=CC=CC=C1,CC(C)(NS(=O)(=O)C1=CC=CC=C1)C1=CC=CC=C1,CS(=O)C,,,1.666666667,0.833333333,1,46.8,24,25,0,0,0,0
sufex_000130,130,0.05,5,CCN(C(C)C)C(C)C,NC12CC3CC(C1)CC(O)(C3)C2,O=S(=O)(F)C1=CC=C(F)C=C1,O=S(=O)(NC12CC3CC(CC(O)(C3)C1)C2)C1=CC=C(F)C=C1,CS(=O)C,,,1.666666667,0.833333333,1,46.8,24,25,0,0,0,0
sufex_000131,131,0.01,1,CCN(C(C)C)C(C)C,CC(N)C1=CC=CC=C1,COC1=CC=C(S(=O)(=O)F)C=C1,COC1=CC=C(S(=O)(=O)NC(C)C2=CC=CC=C2)C=C1,CS(=O)C,,,1.666666667,0.833333333,1,46.8,24,25,0,0,0,0
sufex_000132,132,0,0,CCN(C(C)C)C(C)C,CC1=CC=C(N)C=C1,CC1=CC=C(S(=O)(=O)F)C=C1,CC1=CC=C(NS(=O)(=O)C2=CC=C(C)C=C2)C=C1,CS(=O)C,,,2,2,1,46.8,24,25,0,0,0,0
sufex_000133,133,0,0,CCN(C(C)C)C(C)C,C[C@H](N)C1=CC=CC=C1,CC(C)C1=CC=C(OS(=O)(=O)F)C=C1,CC(C)C1=CC=C(OS(=O)(=O)N[C@@H](C)C2=CC=CC=C2)C=C1,CS(=O)C,,,0.5,0.5,1,46.8,24,25,0,0,0,0
sufex_000134,134,0.02,2,CCN(C(C)C)C(C)C,CC(C)(C)N,COC1=CC=C(S(=O)(=O)F)C=C1,COC1=CC=C(S(=O)(=O)NC(C)(C)C)C=C1,CS(=O)C,,,1.666666667,0.833333333,1,46.8,24,25,0,0,0,0
sufex_000135,135,0,0,CCN(C(C)C)C(C)C,NCC1=CC=CC=N1,CC1=CC(C)=C(S(=O)(=O)F)C(C)=C1,CC1=CC(C)=C(S(=O)(=O)NCC2=CC=CC=N2)C(C)=C1,CS(=O)C,,,1.666666667,0.833333333,1,46.8,24,25,0,0,0,0
sufex_000136,136,0,0,CCN(C(C)C)C(C)C,NC(C1=CC=CC=C1)C1=CC=CC=C1,O=S(=O)(F)C1=CC=CS1,O=S(=O)(NC(C1=CC=CC=C1)C1=CC=CC=C1)C1=CC=CS1,CS(=O)C,,,1.666666667,0.833333333,1,46.8,24,25,0,0,0,0
sufex_000137,137,0,0,CCN(C(C)C)C(C)C,NC1=CC=C(N)C=C1,CC1=CC=C(S(=O)(=O)F)C=C1,CC1=CC=C(S(=O)(=O)NC2=CC=C(N)C=C2)C=C1,CS(=O)C,,,1.666666667,0.833333333,1,46.8,24,25,0,0,0,0
sufex_000138,138,0,0,CCN(C(C)C)C(C)C,C=CCNCC=C,O=S(=O)(F)OC1=CC=C(I)C=C1,C=CCN(CC=C)S(=O)(=O)OC1=CC=C(I)C=C1,CS(=O)C,,,0.5,0.5,1,46.8,24,25,0,0,0,0
sufex_000139,139,0,0,CCN(C(C)C)C(C)C,CCCNCCC,COC1=CC=C(OS(=O)(=O)F)C=C1,CCCN(CCC)S(=O)(=O)OC1=CC=C(OC)C=C1,CS(=O)C,,,0.5,0.5,1,46.8,24,25,0,0,0,0
sufex_000140,140,0,0,CCN(C(C)C)C(C)C,N[C@H](C1=CC=CC=C1)[C@H](N)C1=CC=CC=C1,CC1=CC(S(=O)(=O)F)=C(P(C2=CC=CC=C2)C2=CC=CC=C2)C=C1,CC1=CC(S(=O)(=O)N[C@H](C2=CC=CC=C2)[C@H](N)C2=CC=CC=C2)=C(P(C2=CC=CC=C2)C2=CC=CC=C2)C=C1,CS(=O)C,,,1.666666667,0.833333333,1,46.8,24,25,0,0,0,0
sufex_000141,141,0,0,CCN(C(C)C)C(C)C,NC1=CC=C(N2CCOCC2)C=C1,O=S(=O)(F)C1=CC=CC2=C1C=CC=C2,O=S(=O)(NC1=CC=C(N2CCOCC2)C=C1)C1=CC=CC2=C1C=CC=C2,CS(=O)C,,,2,2,1,46.8,24,25,0,0,0,0
sufex_000142,142,0,0,CCN(C(C)C)C(C)C,C[C@@H](N)C1=CC=CC2=C1C=CC=C2,CC[C@H]1CC[C@H](C2=CC=C(OS(=O)(=O)F)C=C2)CC1,CC[C@H]1CC[C@H](C2=CC=C(OS(=O)(=O)N[C@H](C)C3=CC=CC4=C3C=CC=C4)C=C2)CC1,CS(=O)C,,,0.5,0.5,1,46.8,24,25,0,0,0,0
sufex_000143,143,0,0,CCN(C(C)C)C(C)C,NC12CC3CC(CC(C3)C1)C2,COC1=CC=C(OS(=O)(=O)F)C=C1,COC1=CC=C(OS(=O)(=O)NC23CC4CC(CC(C4)C2)C3)C=C1,CS(=O)C,,,0.5,0.5,1,46.8,24,25,0,0,0,0
sufex_000144,144,0,0,CCN(C(C)C)C(C)C,[H][C@@]12CC[N@]([C@]([C@@H](C3=CC=NC4=C3C=C(C=C4)OC)N)(C2)[H])C[C@@H]1C=C,CC1=CC=C(S(=O)(=O)F)C=C1,[H][C@@]12CC[N@@](C[C@@H]1C=C)[C@]([H])([C@@H](NS(=O)(=O)C1=CC=C(C)C=C1)C1=CC=NC3=C1C=C(OC)C=C3)C2,CS(=O)C,,,1.666666667,0.833333333,1,46.8,24,25,0,0,0,0
sufex_000145,145,0,0,CCN(C(C)C)C(C)C,CC(C)(C)N,CC(C)C1=CC=C(OS(=O)(=O)F)C=C1,CC(C)C1=CC=C(OS(=O)(=O)NC(C)(C)C)C=C1,CS(=O)C,,,0.5,0.5,1,46.8,24,25,0,0,0,0
sufex_000146,146,0.02,2,CCN(C(C)C)C(C)C,C[C@H](N)C1=CC=CC=C1,COC1=CC=C(OS(=O)(=O)F)C=C1,COC1=CC=C(OS(=O)(=O)N[C@@H](C)C2=CC=CC=C2)C=C1,CS(=O)C,,,0.5,0.5,1,46.8,24,25,0,0,0,0
sufex_000147,147,0.01,1,CCN(C(C)C)C(C)C,[H][C@@]12OC(C)(C)O[C@]1([H])[C@@H](OCCO)C[C@H]2N,CC1=CC(C)=C(S(=O)(=O)F)C(C)=C1,[H][C@@]12OC(C)(C)O[C@]1([H])[C@@H](OCCO)C[C@H]2NS(=O)(=O)C1=C(C)C=C(C)C=C1C,CS(=O)C,,,1.333333333,0.666666667,1,46.8,24,25,0,0,0,0
sufex_000148,148,0,0,CCN(C(C)C)C(C)C,NC1=CC=CC=C1,O=S(=O)(F)C1=CC=C(C(F)(F)F)C=C1,O=S(=O)(NC1=CC=CC=C1)C1=CC=C(C(F)(F)F)C=C1,CS(=O)C,,,2,2,1,46.8,24,25,0,0,0,0
sufex_000149,149,0,0,CCN(C(C)C)C(C)C,NC12CC3CC(CC(C3)C1)C2,CN1C=C(S(=O)(=O)F)C=N1,CN1C=C(S(=O)(=O)NC23CC4CC(CC(C4)C2)C3)C=N1,CS(=O)C,,,1.666666667,0.833333333,1,46.8,24,60,0,0,0,0
sufex_000150,150,0.02,2,CCN(C(C)C)C(C)C,CC(N)CCC1=CC=CC=C1,O=S(=O)(F)OC1=CC=CC=C1,CC(CCC1=CC=CC=C1)NS(=O)(=O)OC1=CC=CC=C1,CN1CCCC1=O,,,0.5,0.5,1,32.2,24,25,0,0,0,0
sufex_000151,151,0,0,CCN(C(C)C)C(C)C,CC(C)(C)N,COC1=CC=C(OS(=O)(=O)F)C=C1,COC1=CC=C(OS(=O)(=O)NC(C)(C)C)C=C1,CS(=O)C,,,0.5,0.5,1,46.8,24,25,0,0,0,0
sufex_000152,152,0,0,CCN(C(C)C)C(C)C,CC(C)(C)N,CN(C)C1=CC=C(OS(=O)(=O)F)C=C1,CN(C)C1=CC=C(OS(=O)(=O)NC(C)(C)C)C=C1,CS(=O)C,,,0.5,0.5,1,46.8,24,25,0,0,0,0
sufex_000153,153,0,0,CCN(C(C)C)C(C)C,N[C@H]1CCCC2=CC=CC=C21,O=S(=O)(F)OC1=CC=C2OCOC2=C1,O=S(=O)(N[C@H]1CCCC2=CC=CC=C21)OC1=CC=C2OCOC2=C1,CS(=O)C,,,0.5,0.5,1,46.8,24,25,0,0,0,0
sufex_000154,154,0,0,CCN(C(C)C)C(C)C,N[C@H]1CCCC[C@@H]1N,C=CCC1(S(=O)(=O)F)CC1,C=CCC1(S(=O)(=O)N[C@H]2CCCC[C@@H]2N)CC1,CS(=O)C,,,1,0.5,1,46.8,24,60,0,0,0,0
sufex_000155,155,0,0,CCN(C(C)C)C(C)C,C[C@@H](N)C1CCCCC1,CCN(CC)C1=CC(OS(=O)(=O)F)=CC=C1,CCN(CC)C1=CC(OS(=O)(=O)N[C@H](C)C2CCCCC2)=CC=C1,CS(=O)C,,,0.5,0.5,1,46.8,24,25,0,0,0,0
sufex_000156,156,0,0,CCN(C(C)C)C(C)C,C[C@H](N)C1=CC=CC=C1,O=S(=O)(F)OC1=CC=CC=C1,C[C@H](NS(=O)(=O)OC1=CC=CC=C1)C1=CC=CC=C1,CN1CCCC1=O,,,0.5,0.5,1,32.2,24,25,0,0,0,0
sufex_000157,157,0,0,CCN(C(C)C)C(C)C,C=CC1=CC=C(CN)C=C1,CC1=CC(C)=C(S(=O)(=O)F)C(C)=C1,C=CC1=CC=C(CNS(=O)(=O)C2=C(C)C=C(C)C=C2C)C=C1,CS(=O)C,,,1.666666667,0.833333333,1,46.8,24,25,0,0,0,0
sufex_000158,158,0.05,5,CCN(C(C)C)C(C)C,COC1=CC=C([C@H](C)N)C=C1,O=S(=O)(F)OC1=CC=C(C2=CC=CC=C2)C=C1,COC1=CC=C([C@H](C)NS(=O)(=O)OC2=CC=C(C3=CC=CC=C3)C=C2)C=C1,CS(=O)C,,,0.5,0.5,1,46.8,24,25,0,0,0,0
sufex_000159,159,0,0,CCN(C(C)C)C(C)C,NC12CC3CC(C1)CC(O)(C3)C2,COC1=CC=C(OS(=O)(=O)F)C=C1,COC1=CC=C(OS(=O)(=O)NC23CC4CC(CC(O)(C4)C2)C3)C=C1,CS(=O)C,,,0.5,0.5,1,46.8,24,25,0,0,0,0
sufex_000160,160,0,0,CCN(C(C)C)C(C)C,NCC1=CC(N)=CC=C1,CC1=CC(C)=C(S(=O)(=O)F)C(C)=C1,CC1=CC(C)=C(S(=O)(=O)NCC2=CC(N)=CC=C2)C(C)=C1,CS(=O)C,,,1.666666667,0.833333333,1,46.8,24,25,0,0,0,0
sufex_000161,161,0,0,CCN(C(C)C)C(C)C,NC12CC3CC(CC(C3)C1)C2,CN(C)C1=CC=C(OS(=O)(=O)F)C=C1,CN(C)C1=CC=C(OS(=O)(=O)NC23CC4CC(CC(C4)C2)C3)C=C1,CS(=O)C,,,0.5,0.5,1,46.8,24,25,0,0,0,0
sufex_000162,162,0,0,CCN(C(C)C)C(C)C,NC12CC3CC(C1)CC(O)(C3)C2,CC1=CC(C)=CC(OS(=O)(=O)F)=C1,CC1=CC(C)=CC(OS(=O)(=O)NC23CC4CC(CC(O)(C4)C2)C3)=C1,CS(=O)C,,,0.5,0.5,1,46.8,24,25,0,0,0,0
sufex_000163,163,0.91,91,[O-]P(=O)([O-])[O-].[K+].[K+].[K+],CCOC(=O)C1=C(COCCN)NC(C)=C(C(=O)OC)C1C1=C(Cl)C=CC=C1,[H][C@@]12CC[C@]3([H])[C@]([H])(CC[C@]4(C)[C@@H](OC(=O)NS(=O)(=O)F)CC[C@@]34[H])[C@@]1(C)CCC(=O)C2,[H][C@@]12CC[C@]3([H])[C@]([H])(CC[C@]4(C)[C@@H](OC(=O)NS(=O)(=O)NCCOCC5=C(C(=O)OCC)C(C6=C(Cl)C=CC=C6)C(C(=O)OC)=C(C)N5)CC[C@@]34[H])[C@@]1(C)CCC(=O)C2,O,,,3,1.5,1,78.4,16,80,0,0,0,0
sufex_000164,164,0.88,88,[O-]C([O-])=O.[Cs+].[Cs+],O=C(NC1CCNCC1)C1=CC=CC=C1,O=C(NS(=O)(=O)F)OCCCC1=CC=CC=C1,O=C(NS(=O)(=O)N1CCC(NC(=O)C2=CC=CC=C2)CC1)OCCCC1=CC=CC=C1,O,,,2,2,1,78.4,3,80,0,0,0,0
sufex_000165,165,0.74,74,[O-]P(=O)([O-])[O-].[K+].[K+].[K+],O=C(NC1CCNCC1)C1=CC=CC=C1,O=C(NCCC1=CC=CC=C1)NS(=O)(=O)F,O=C(NCCC1=CC=CC=C1)NS(=O)(=O)N1CCC(NC(=O)C2=CC=CC=C2)CC1,O,,,3,1.5,1,78.4,2,80,0,0,0,0
sufex_000166,166,0.74,74,[O-]P(=O)([O-])[O-].[K+].[K+].[K+],N[C@@H](CC1=CNC2=CC=CC=C12)C(=O)O,O=C(NS(=O)(=O)F)OCCCC1=CC=CC=C1,O=C(NS(=O)(=O)N[C@@H](CC1=CNC2=CC=CC=C12)C(=O)O)OCCCC1=CC=CC=C1,O,,,3,1.5,1,78.4,4,80,0,0,0,0
sufex_000167,167,0.67,67,[O-]P(=O)([O-])[O-].[K+].[K+].[K+],[H][C@@]12CCC3=CC(C(C)C)=CC=C3[C@@]1(C)CCC[C@@]2(C)CN,[H][C@@]12CC[N@@](C[C@@H]1C=C)[C@]([H])([C@H](OC(=O)NS(=O)(=O)F)C1=CC=NC3=C1C=C(OC)C=C3)C2,Cl.[H][C@@]12CC[N@@](C[C@@H]1C=C)[C@]([H])([C@H](OC(=O)NS(=O)(=O)NC[C@]1(C)CCC[C@]3(C)C4=CC=C(C(C)C)C=C4CC[C@@]13[H])C1=CC=NC3=C1C=C(OC)C=C3)C2,O,,,3,1.5,1,78.4,4,80,0,0,0,0
sufex_000168,168,0.66,66,[O-]P(=O)([O-])[O-].[K+].[K+].[K+],NC1=CC=C(O[C@@H]2O[C@H](CO)[C@H](O)[C@H](O)[C@H]2O)C=C1,O=C(NS(=O)(=O)F)OCCCC1=CC=CC=C1,O=C(NS(=O)(=O)NC1=CC=C(O[C@@H]2O[C@H](CO)[C@H](O)[C@H](O)[C@H]2O)C=C1)OCCCC1=CC=CC=C1,O,,,3,1.5,1,78.4,8,80,0,0,0,0
sufex_000169,169,0.56,56,[O-]P(=O)([O-])[O-].[K+].[K+].[K+],CC1=CN([C@H]2C[C@H](N)[C@@H](CO)O2)C(=O)NC1=O,O=C(NS(=O)(=O)F)OCCCC1=CC=CC=C1,CC1=CN([C@H]2C[C@H](NS(=O)(=O)NC(=O)OCCCC3=CC=CC=C3)[C@@H](CO)O2)C(=O)NC1=O,O,,,3,1.5,1,78.4,10,80,0,0,0,0
sufex_000170,170,0.55,55,[O-]P(=O)([O-])[O-].[K+].[K+].[K+],CN1C(=O)C=C(N2CCC[C@@H](N)C2)N(CC2=C(C#N)C=CC=C2)C1=O,[H][C@]12CCC3=CC(C(C)C)=CC=C3[C@]1(C)CCC[C@]2(C)CNC(=O)NS(=O)(=O)F,[H][C@@]12CCC3=CC(C(C)C)=CC=C3[C@@]1(C)CCC[C@@]2(C)CNC(=O)NS(=O)(=O)N[C@@H]1CCCN(C2=CC(=O)N(C)C(=O)N2CC2=C(C#N)C=CC=C2)C1,O,,,3,1.5,1,78.4,6,80,0,0,0,0
sufex_000171,171,0.4,40,[O-]P(=O)([O-])[O-].[K+].[K+].[K+],NN1C=CC=C1,COC1=NC(NC(=O)NS(=O)(=O)F)=NC(OC)=N1,COC1=NC(NC(=O)NS(=O)(=O)NN2C=CC=C2)=NC(OC)=N1,O,,,3,1.5,1,78.4,3,80,0,0,0,0
sufex_000172,172,0.88,88,[O-]C([O-])=O.[Na+].[Na+],O=C(NC1CCNCC1)C1=CC=CC=C1,O=C(NS(=O)(=O)F)OCCCC1=CC=CC=C1,O=C(NS(=O)(=O)N1CCC(NC(=O)C2=CC=CC=C2)CC1)OCCCC1=CC=CC=C1,O,,,2,2,1,78.4,4,80,0,0,0,0
sufex_000173,173,0.58,58,N12CCN(CC2)CC1,CC(C)(C)OC(=O)N[C@H]1C[C@@H](N)C1,O=C(NS(=O)(=O)F)OCCCC1=CC=CC=C1,CC(C)(C)OC(=O)N[C@H]1C[C@@H](NS(=O)(=O)NC(=O)OCCCC2=CC=CC=C2)C1,C1CCCO1,FC(F)(S(=O)([N-]S(=O)(C(F)(F)F)=O)=O)F.FC(F)(S(=O)([N-]S(=O)(C(F)(F)F)=O)=O)F.[Ca+2],,1.5,1.05,1,7.4,24,25,1.1,0,0,0
sufex_000174,174,0.87,87,[O-]C([O-])=O.[K+].[K+],O=C(NC1CCNCC1)C1=CC=CC=C1,O=C(NS(=O)(=O)F)OCCCC1=CC=CC=C1,O=C(NS(=O)(=O)N1CCC(NC(=O)C2=CC=CC=C2)CC1)OCCCC1=CC=CC=C1,O,,,2,2,1,78.4,4,80,0,0,0,0
sufex_000175,175,0.74,74,[O-]C([O-])=O.[Na+].[Na+],O=C(NC1CCNCC1)C1=CC=CC=C1,O=C(NS(=O)(=O)F)OCCCC1=CC=CC=C1,O=C(NS(=O)(=O)N1CCC(NC(=O)C2=CC=CC=C2)CC1)OCCCC1=CC=CC=C1,C1CCCO1,,,2,2,1,7.4,4,80,0,0,0,0
sufex_000176,176,0.52,52,[O-]C(O)=O.[Na+],O=C(NC1CCNCC1)C1=CC=CC=C1,O=C(NS(=O)(=O)F)OCCCC1=CC=CC=C1,O=C(NS(=O)(=O)N1CCC(NC(=O)C2=CC=CC=C2)CC1)OCCCC1=CC=CC=C1,O,,,2,2,1,78.4,9,80,0,0,0,0
sufex_000177,177,0.05,5,[O-]C([O-])=O.[Na+].[Na+],O=C(NC1CCNCC1)C1=CC=CC=C1,O=C(NS(=O)(=O)F)OCCCC1=CC=CC=C1,O=C(NS(=O)(=O)N1CCC(NC(=O)C2=CC=CC=C2)CC1)OCCCC1=CC=CC=C1,CS(=O)C,,,2,2,1,46.8,8,80,0,0,0,0
sufex_000178,178,0.75,75,[O-]C([O-])=O.[Na+].[Na+],O=C(NC1CCNCC1)C1=CC=CC=C1,O=C(NS(=O)(=O)F)OCCCC1=CC=CC=C1,O=C(NS(=O)(=O)N1CCC(NC(=O)C2=CC=CC=C2)CC1)OCCCC1=CC=CC=C1,CC#N,,,2,2,1,35.7,6,80,0,0,0,0
sufex_000179,179,0.89,89,[O-]P([O-])([O-])=O.[K+].[K+].[K+],O=C(NC1CCNCC1)C1=CC=CC=C1,O=C(NS(=O)(=O)F)OCCCC1=CC=CC=C1,O=C(NS(=O)(=O)N1CCC(NC(=O)C2=CC=CC=C2)CC1)OCCCC1=CC=CC=C1,O,,,2,1.5,1,78.4,2,80,0,0,0,0
sufex_000180,180,0.41,41,CCN(CC)CC,NCC1=CC=C(F)C=C1,O=S(F)(F)(F)C1=CC=CC(Br)=N1,O=S(F)(=NCC1=CC=C(F)C=C1)C1=CC=CC(Br)=N1,CC#N,,,3,2.5,1,35.7,18,25,0,0,0,0
sufex_000181,181,0.89,89,[O-]P([O-])([O-])=O.[K+].[K+].[K+],O=C(NC1CCNCC1)C1=CC=CC=C1,O=C(NS(=O)(=O)F)OCCCC1=CC=CC=C1,O=C(NS(=O)(=O)N1CCC(NC(=O)C2=CC=CC=C2)CC1)OCCCC1=CC=CC=C1,O,,,2,2,1,78.4,2,80,0,0,0,0
sufex_000182,182,0.88,88,[O-]P([O-])([O-])=O.[Na+].[Na+].[Na+],O=C(NC1CCNCC1)C1=CC=CC=C1,O=C(NS(=O)(=O)F)OCCCC1=CC=CC=C1,O=C(NS(=O)(=O)N1CCC(NC(=O)C2=CC=CC=C2)CC1)OCCCC1=CC=CC=C1,O,,,2,2,1,78.4,2,80,0,0,0,0
sufex_000183,183,0.33,33,C1=CN=CC=C1,O=C(NC1CCNCC1)C1=CC=CC=C1,O=C(NS(=O)(=O)F)OCCCC1=CC=CC=C1,O=C(NS(=O)(=O)N1CCC(NC(=O)C2=CC=CC=C2)CC1)OCCCC1=CC=CC=C1,O,,,2,2,1,78.4,9,80,0,0,0,0
sufex_000184,184,0.59,59,CCN(CC)CC,O=C(NC1CCNCC1)C1=CC=CC=C1,O=C(NS(=O)(=O)F)OCCCC1=CC=CC=C1,O=C(NS(=O)(=O)N1CCC(NC(=O)C2=CC=CC=C2)CC1)OCCCC1=CC=CC=C1,O,,,2,2,1,78.4,6,80,0,0,0,0
sufex_000185,185,0.37,37,,O=C(NC1CCNCC1)C1=CC=CC=C1,O=C(NS(=O)(=O)F)OCCCC1=CC=CC=C1,O=C(NS(=O)(=O)N1CCC(NC(=O)C2=CC=CC=C2)CC1)OCCCC1=CC=CC=C1,O,C1=CN=CN1,,0,2,1,78.4,10,80,5,0,0,0
sufex_000186,186,0.43,43,,O=C(NC1CCNCC1)C1=CC=CC=C1,O=C(NS(=O)(=O)F)OCCCC1=CC=CC=C1,O=C(NS(=O)(=O)N1CCC(NC(=O)C2=CC=CC=C2)CC1)OCCCC1=CC=CC=C1,O,CN1C=CN=C1,,0,2,1,78.4,10,80,5,0,0,0
sufex_000187,187,0.87,87,[O-]P(=O)([O-])[O-].[K+].[K+].[K+],CC(C)(C)OC(=O)N[C@H]1C[C@@H](N)C1,O=C(NS(=O)(=O)F)OCCCC1=CC=CC=C1,CC(C)(C)OC(=O)N[C@H]1C[C@@H](NS(=O)(=O)NC(=O)OCCCC2=CC=CC=C2)C1,O,,,3,1.5,1,78.4,4,80,0,0,0,0
sufex_000188,188,0.71,71,CCN(CC)CC,C1COCCN1,CCCCCCCCCCCCCCCCS(=O)(=O)F,CCCCCCCCCCCCCCCCS(=O)(=O)N1CCOCC1,CC#N,,,2,2,1,35.7,24,80,0,0,0,0
sufex_000189,189,0.81,81,CCN(CC)CC,NCC1CC1,O=S(F)(F)(F)C1=CC=C(Br)C=C1,O=S(F)(=NCC1CC1)C1=CC=C(Br)C=C1,CC#N,,,3,2.5,1,35.7,18,25,0,0,0,0
sufex_000190,190,0.8,80,CCN(CC)CC,NCC1=CC=C(F)C=C1,O=S(F)(F)(F)C1=CC=C(Br)C=C1,O=S(F)(=NCC1=CC=C(F)C=C1)C1=CC=C(Br)C=C1,CC#N,,,3,2.5,1,35.7,18,25,0,0,0,0
sufex_000191,191,0.78,78,CCN(CC)CC,COC1=CC=C(CN)C=C1,O=S(F)(F)(F)C1=CC=C(Br)C=C1,COC1=CC=C(CN=S(=O)(F)C2=CC=C(Br)C=C2)C=C1,CC#N,,,3,2.5,1,35.7,18,25,0,0,0,0
sufex_000192,192,0.77,77,CCN(CC)CC,NCC1=CC=C(F)C=C1,O=S(F)(F)(F)C1=CC(F)=C(C2=CC=CC=C2)C=C1,O=S(F)(=NCC1=CC=C(F)C=C1)C1=CC(F)=C(C2=CC=CC=C2)C=C1,CC#N,,,3,2.5,1,35.7,18,25,0,0,0,0
sufex_000193,193,0.76,76,CCN(CC)CC,NC1CCCCC1,O=S(F)(F)(F)C1=CC=C(Br)C=C1,O=S(F)(=NC1CCCCC1)C1=CC=C(Br)C=C1,CC#N,,,3,2.5,1,35.7,18,25,0,0,0,0
sufex_000194,194,0.73,73,CCN(CC)CC,NCC1=CC=C(C(F)(F)F)C=C1,O=S(F)(F)(F)C1=CC=C(Cl)C=C1,O=S(F)(=NCC1=CC=C(C(F)(F)F)C=C1)C1=CC=C(Cl)C=C1,CC#N,,,3,2.5,1,35.7,18,25,0,0,0,0
sufex_000195,195,0.7,70,CCN(CC)CC,NCC1=CC=C(F)C=C1,O=S(F)(F)(F)C1=CC=C(C2=CC=CC=C2)C=C1,O=S(F)(=NCC1=CC=C(F)C=C1)C1=CC=C(C2=CC=CC=C2)C=C1,CC#N,,,3,2.5,1,35.7,18,25,0,0,0,0
sufex_000196,196,0.7,70,CCN(CC)CC,NC1=CC=C(I)C=C1,O=S(F)(F)(F)C1=CC=C(Br)C=C1,O=S(F)(=NC1=CC=C(I)C=C1)C1=CC=C(Br)C=C1,CC#N,,,3,2.5,1,35.7,18,25,0,0,0,0
sufex_000197,197,0.68,68,CCN(CC)CC,C#CCC(C)(C)N,O=S(F)(F)(F)C1=CC=C(Br)C=C1,C#CC(C)(C)N=S(=O)(F)C1=CC=C(Br)C=C1,CC#N,,,3,2.5,1,35.7,18,25,0,0,0,0
sufex_000198,198,0.68,68,CCN(CC)CC,C=C(C)C1=C(N)C=CC=C1,O=S(F)(F)(F)C1=CC=C(Br)C=C1,C=C(C)C1=C(N=S(=O)(F)C2=CC=C(Br)C=C2)C=CC=C1,CC#N,,,3,2.5,1,35.7,18,25,0,0,0,0
sufex_000199,199,0.67,67,CCN(CC)CC,NCC1CC1,N#CC1=CC=CC(S(=O)(F)(F)F)=C1,N#CC1=CC=CC(S(=O)(F)=NCC2CC2)=C1,CC#N,,,3,2.5,1,35.7,18,25,0,0,0,0
sufex_000200,200,0.63,63,CCN(CC)CC,NC1=C(F)C=CC=C1,O=S(F)(F)(F)C1=CC=C(Br)C=C1,O=S(F)(=NC1=C(F)C=CC=C1)C1=CC=C(Br)C=C1,CC#N,,,3,2.5,1,35.7,18,25,0,0,0,0
sufex_000201,201,0.47,47,CCN(CC)CC,NCC1=CC=C(F)C=C1,O=S(F)(F)(F)C1=CC=C(C(F)(F)F)C=N1,O=S(F)(=NCC1=CC=C(F)C=C1)C1=CC=C(C(F)(F)F)C=N1,CC#N,,,3,2.5,1,35.7,18,25,0,0,0,0
sufex_000202,202,0.32,32,[O-]C([O-])=O.[Na+].[Na+],O=C(NC1CCNCC1)C1=CC=CC=C1,O=C(NS(=O)(=O)F)OCCCC1=CC=CC=C1,O=C(NS(=O)(=O)N1CCC(NC(=O)C2=CC=CC=C2)CC1)OCCCC1=CC=CC=C1,ClCCCl,,,2,2,1,10.1,8,80,0,0,0,0
sufex_000203,203,0.64,64,CCN(CC)CC,C[C@H](N)C1=CC=CC=C1,O=S(C1=CC=C(C=C1)Br)(F)(F)F,C[C@H](N=S(F)(C1=CC=C(C=C1)Br)=O)C2=CC=CC=C2,CC#N,,,3,2.5,1,35.7,18,25,0,0,0,0
sufex_000204,204,0.64,64,CCN(CC)CC,C[C@H](N)C1=CC=CC=C1OC,O=S(C1=CC=C(C=C1)Br)(F)(F)F,C[C@H](N=S(F)(C1=CC=C(C=C1)Br)=O)C2=CC=CC=C2OC,CC#N,,,3,2.5,1,35.7,18,25,0,0,0,0
sufex_000205,205,0.94,94,,C1CNCCN1,CC1=CC=C(S(=O)(=O)N(CCCC(=O)[O-])C(=O)C2=C3C=CC=CC3=[N+](CCCS(=O)(=O)F)C3=C2C=CC=C3)C=C1,CC1=CC=C(S(=O)(=O)N(CCCC(=O)[O-])C(=O)C2=C3C=CC=CC3=[N+](CCCS(=O)(=O)N3CCNCC3)C3=C2C=CC=C3)C=C1,C(Cl)Cl,,,0,10,1,8.9,18,25,0,0,0,0
sufex_000206,206,0.94,94,,C1CCNCC1,CC1=CC=C(S(=O)(=O)N(CCCC(=O)[O-])C(=O)C2=C3C=CC=CC3=[N+](CCCS(=O)(=O)F)C3=C2C=CC=C3)C=C1,CC1=CC=C(S(=O)(=O)N(CCCC(=O)[O-])C(=O)C2=C3C=CC=CC3=[N+](CCCS(=O)(=O)N3CCCCC3)C3=C2C=CC=C3)C=C1,C(Cl)Cl,,,0,10,1,8.9,18,25,0,0,0,0
sufex_000207,207,0.94,94,,CNCCOCCOCCNC,CC1=CC=C(S(=O)(=O)N(CCCC(=O)[O-])C(=O)C2=C3C=CC=CC3=[N+](CCCS(=O)(=O)F)C3=C2C=CC=C3)C=C1,CNCCOCCOCCN(C)S(=O)(=O)CCC[N+]1=C2C=CC=CC2=C(C(=O)N(CCCC(=O)[O-])S(=O)(=O)C2=CC=C(C)C=C2)C2=C1C=CC=C2,C(Cl)Cl,,,0,10,1,8.9,18,25,0,0,0,0
sufex_000208,208,1,100,C1CN2CCN1CC2,FC(F)(F)C1=NC(N2CCNCC2)=CC=C1,O=S(=O)(F)OC1=CC=C(OC2=CN=CC=C2)C=C1,O=S(=O)(OC1=CC=C(OC2=CN=CC=C2)C=C1)N1CCN(C2=CC=CC(C(F)(F)F)=N2)CC1,C1CCCO1,C(F)(F)(F)S(=O)(=O)[N-]S(=O)(=O)C(F)(F)F.C(F)(F)(F)S(=O)(=O)[N-]S(=O)(=O)C(F)(F)F.[Ca+2],,1.5,1.05,1,7.4,24,25,1.1,0,0,0
sufex_000209,209,0.99,99,C1CN2CCN1CC2,CCNCC,[H][C@@]12CCC3=CC(OS(=O)(=O)F)=CC=C3[C@@]1([H])CC[C@]1(C)C(=O)CC[C@@]21[H],[H][C@@]12CCC3=CC(OS(=O)(=O)N(CC)CC)=CC=C3[C@@]1([H])CC[C@]1(C)C(=O)CC[C@@]21[H],C1CCCO1,C(F)(F)(F)S(=O)(=O)[N-]S(=O)(=O)C(F)(F)F.C(F)(F)(F)S(=O)(=O)[N-]S(=O)(=O)C(F)(F)F.[Ca+2],,1.5,1.05,1,7.4,17,25,1.1,0,0,0
sufex_000210,210,0.98,98,C1CN2CCN1CC2,FC(F)(F)C1=NC(N2CCNCC2)=CC=C1,N#CC1=CC=C(OS(=O)(=O)F)C=C1,N#CC1=CC=C(OS(=O)(=O)N2CCN(C3=CC=CC(C(F)(F)F)=N3)CC2)C=C1,C1CCCO1,C(F)(F)(F)S(=O)(=O)[N-]S(=O)(=O)C(F)(F)F.C(F)(F)(F)S(=O)(=O)[N-]S(=O)(=O)C(F)(F)F.[Ca+2],,1.5,1.05,1,7.4,24,25,1.1,0,0,0
sufex_000211,211,0.97,97,C1CN2CCN1CC2,FC(F)(F)C1=NC(N2CCNCC2)=CC=C1,CC(C)(C)OC(=O)N1CCC2(CC1)CC(NS(=O)(=O)F)C2,CC(C)(C)OC(=O)N1CCC2(CC1)CC(NS(=O)(=O)N1CCN(C3=CC=CC(C(F)(F)F)=N3)CC1)C2,C1CCCO1,C(F)(F)(F)S(=O)(=O)[N-]S(=O)(=O)C(F)(F)F.C(F)(F)(F)S(=O)(=O)[N-]S(=O)(=O)C(F)(F)F.[Ca+2],,1.5,1.05,1,7.4,1,25,1.1,0,0,0
sufex_000212,212,0.94,94,C1CN2CCN1CC2,FC(F)(F)C1=NC(N2CCNCC2)=CC=C1,CC(C)(C)OC(=O)N1CCC2(CC1)CC(NS(=O)(=O)F)C2,CC(C)(C)OC(=O)N1CCC2(CC1)CC(NS(=O)(=O)N1CCN(C3=CC=CC(C(F)(F)F)=N3)CC1)C2,C1CCCO1,,,1.5,1.05,1,7.4,1,25,0,0,0,0
sufex_000213,213,0.97,97,C1CN2CCN1CC2,COC1=CC=C([C@H](C)N)C=C1,CC(C)(C)OC(=O)N1CCC2(CC1)CC(NS(=O)(=O)F)C2,COC1=CC=C([C@H](C)NS(=O)(=O)NC2CC3(CCN(C(=O)OC(C)(C)C)CC3)C2)C=C1,C1CCCO1,C(F)(F)(F)S(=O)(=O)[N-]S(=O)(=O)C(F)(F)F.C(F)(F)(F)S(=O)(=O)[N-]S(=O)(=O)C(F)(F)F.[Ca+2],,1.5,1.05,1,7.4,1,25,1.1,0,0,0
sufex_000214,214,0.92,92,C1CN2CCN1CC2,COC1=CC=C([C@H](C)N)C=C1,CC(C)(C)OC(=O)N1CCC2(CC1)CC(NS(=O)(=O)F)C2,COC1=CC=C([C@H](C)NS(=O)(=O)NC2CC3(CCN(C(=O)OC(C)(C)C)CC3)C2)C=C1,C1CCCO1,,,1.5,1.05,1,7.4,1,25,0,0,0,0
sufex_000215,215,0.93,93,C1CN2CCN1CC2,FC(F)(F)C1=NC(N2CCNCC2)=CC=C1,O=S(=O)(F)N1CCN(C2=CC=CC(C(F)(F)F)=N2)CC1,O=S(=O)(N1CCN(C2=CC=CC(C(F)(F)F)=N2)CC1)N1CCN(C2=CC=CC(C(F)(F)F)=N2)CC1,C1CCCO1,C(F)(F)(F)S(=O)(=O)[N-]S(=O)(=O)C(F)(F)F.C(F)(F)(F)S(=O)(=O)[N-]S(=O)(=O)C(F)(F)F.[Ca+2],,1.5,1.05,1,7.4,24,25,1.1,0,0,0
sufex_000216,216,0.96,96,C1CN2CCN1CC2,C1CC2(CCN1)OCCO2,O=S(=O)(F)N1CC2CC(C1)C1=CC3=NC=CN=C3C=C12,O=S(=O)(N1CCC2(CC1)OCCO2)N1CC2CC(C1)C1=CC3=NC=CN=C3C=C12,C1CCCO1,C(F)(F)(F)S(=O)(=O)[N-]S(=O)(=O)C(F)(F)F.C(F)(F)(F)S(=O)(=O)[N-]S(=O)(=O)C(F)(F)F.[Ca+2],,1.5,1.05,1,7.4,24,25,1.1,0,0,0
sufex_000217,217,0.95,95,C1CN2CCN1CC2,C#CCOC1=CC=C(C(=O)C2=CC=C(CN)C=C2)C=C1,O=S(=O)(F)N1CCC2(CC1)OCCO2,C#CCOC1=CC=C(C(=O)C2=CC=C(CNS(=O)(=O)N3CCC4(CC3)OCCO4)C=C2)C=C1,C1CCCO1,C(F)(F)(F)S(=O)(=O)[N-]S(=O)(=O)C(F)(F)F.C(F)(F)(F)S(=O)(=O)[N-]S(=O)(=O)C(F)(F)F.[Ca+2],,1.5,1.05,1,7.4,24,25,1.1,0,0,0
sufex_000218,218,0,0,C1CN2CCN1CC2,CC1=NC=CN1,O=S(=O)(F)N1CCN(C2=CC=CC(C(F)(F)F)=N2)CC1,CC1=NC=CN1S(=O)(=O)N1CCN(C2=CC=CC(C(F)(F)F)=N2)CC1,C1CCCO1,,,1.5,1.05,1,7.4,24,25,0,0,0,0
sufex_000219,219,0.95,95,C1CN2CCN1CC2,CC(C)(C)OC(=O)N[C@H]1C[C@H](N)C1,O=S(=O)(F)N1CCCN(CC2=CC=CC=C2)CC1,CC(C)(C)OC(=O)N[C@H]1C[C@H](NS(=O)(=O)N2CCCN(CC3=CC=CC=C3)CC2)C1,C1CCCO1,C(F)(F)(F)S(=O)(=O)[N-]S(=O)(=O)C(F)(F)F.C(F)(F)(F)S(=O)(=O)[N-]S(=O)(=O)C(F)(F)F.[Ca+2],,1.5,1.05,1,7.4,24,25,1.1,0,0,0
sufex_000220,220,0.94,94,C1CN2CCN1CC2,C1COCCN1,CCN(CC1=CN(C)N=C1)S(=O)(=O)F,CCN(CC1=CN(C)N=C1)S(=O)(=O)N1CCOCC1,C1CCCO1,C(F)(F)(F)S(=O)(=O)[N-]S(=O)(=O)C(F)(F)F.C(F)(F)(F)S(=O)(=O)[N-]S(=O)(=O)C(F)(F)F.[Ca+2],,1.5,1.05,1,7.4,24,25,1.1,0,0,0
sufex_000221,221,0.94,94,C1CN2CCN1CC2,FC(F)(F)C1=NC(N2CCNCC2)=CC=C1,O=S(=O)(F)C1=CC=CC=C1,O=S(=O)(C1=CC=CC=C1)N1CCN(C2=CC=CC(C(F)(F)F)=N2)CC1,C1CCCO1,C(F)(F)(F)S(=O)(=O)[N-]S(=O)(=O)C(F)(F)F.C(F)(F)(F)S(=O)(=O)[N-]S(=O)(=O)C(F)(F)F.[Ca+2],,1.5,1.05,1,7.4,0.5,25,1.1,0,0,0
sufex_000222,222,0.94,94,C1CN2CCN1CC2,NC(=O)C1CCCNC1,O=S(=O)(F)N1CCN(CC2=C(F)C=C(Br)C=C2)CC1,NC(=O)C1CCCN(S(=O)(=O)N2CCN(CC3=C(F)C=C(Br)C=C3)CC2)C1,C1CCCO1,C(F)(F)(F)S(=O)(=O)[N-]S(=O)(=O)C(F)(F)F.C(F)(F)(F)S(=O)(=O)[N-]S(=O)(=O)C(F)(F)F.[Ca+2],,1.5,1.05,1,7.4,24,25,1.1,0,0,0
sufex_000223,223,0.93,93,C1CN2CCN1CC2,FC(F)(F)C1=NC(N2CCNCC2)=CC=C1,COC1=CC=C(S(=O)(=O)F)C=C1,COC1=CC=C(S(=O)(=O)N2CCN(C3=CC=CC(C(F)(F)F)=N3)CC2)C=C1,C1CCCO1,C(F)(F)(F)S(=O)(=O)[N-]S(=O)(=O)C(F)(F)F.C(F)(F)(F)S(=O)(=O)[N-]S(=O)(=O)C(F)(F)F.[Ca+2],,1.5,1.05,1,7.4,0.5,25,1.1,0,0,0
sufex_000224,224,0.92,92,C1CN2CCN1CC2,FC1=CC=C(N2CCNCC2)C=C1,O=S(=O)(F)N1CC2=CC=CC(Br)=C2C1,O=S(=O)(N1CCN(C2=CC=C(F)C=C2)CC1)N1CC2=CC=CC(Br)=C2C1,C1CCCO1,C(F)(F)(F)S(=O)(=O)[N-]S(=O)(=O)C(F)(F)F.C(F)(F)(F)S(=O)(=O)[N-]S(=O)(=O)C(F)(F)F.[Ca+2],,1.5,1.05,1,7.4,24,25,1.1,0,0,0
sufex_000225,225,0.91,91,C1CN2CCN1CC2,COC1=CC=C([C@H](C)N)C=C1,O=S(=O)(F)N1CCN(C2=CC=CC(C(F)(F)F)=N2)CC1,COC1=CC=C([C@H](C)NS(=O)(=O)N2CCN(C3=CC=CC(C(F)(F)F)=N3)CC2)C=C1,C1CCCO1,C(F)(F)(F)S(=O)(=O)[N-]S(=O)(=O)C(F)(F)F.C(F)(F)(F)S(=O)(=O)[N-]S(=O)(=O)C(F)(F)F.[Ca+2],,1.5,1.05,1,7.4,24,25,1.1,0,0,0
sufex_000226,226,0,0,C1CN2CCN1CC2,COC1=CC=C([C@H](C)N)C=C1,O=S(=O)(F)N1CCN(C2=CC=CC(C(F)(F)F)=N2)CC1,COC1=CC=C([C@H](C)NS(=O)(=O)N2CCN(C3=CC=CC(C(F)(F)F)=N3)CC2)C=C1,C1CCCO1,,,1.5,1.05,1,7.4,24,25,0,0,0,0
sufex_000227,227,0.89,89,C1CN2CCN1CC2,FC1=CC=C(N2CCNCC2)C=C1,O=S(=O)(F)OC1=CC=C(C2=COC=N2)C=C1,O=S(=O)(OC1=CC=C(C2=COC=N2)C=C1)N1CCN(C2=CC=C(F)C=C2)CC1,C1CCCO1,C(F)(F)(F)S(=O)(=O)[N-]S(=O)(=O)C(F)(F)F.C(F)(F)(F)S(=O)(=O)[N-]S(=O)(=O)C(F)(F)F.[Ca+2],,1.5,1.05,1,7.4,24,25,1.1,0,0,0
sufex_000228,228,0.86,86,C1CN2CCN1CC2,CNCC(OC)OC,O=S(=O)(F)N1CCN2C=C(C(F)(F)F)N=C2C1,COC(CN(C)S(=O)(=O)N1CCN2C=C(C(F)(F)F)N=C2C1)OC,C1CCCO1,C(F)(F)(F)S(=O)(=O)[N-]S(=O)(=O)C(F)(F)F.C(F)(F)(F)S(=O)(=O)[N-]S(=O)(=O)C(F)(F)F.[Ca+2],,1.5,1.05,1,7.4,24,25,1.1,0,0,0
sufex_000229,229,0.84,84,C1CN2CCN1CC2,FC(F)(F)[C@H]1CCCNC1,O=S(=O)(F)N1CCN2C=C(C(F)(F)F)N=C2C1,O=S(=O)(N1CCN2C=C(C(F)(F)F)N=C2C1)N1CCC[C@H](C(F)(F)F)C1,C1CCCO1,C(F)(F)(F)S(=O)(=O)[N-]S(=O)(=O)C(F)(F)F.C(F)(F)(F)S(=O)(=O)[N-]S(=O)(=O)C(F)(F)F.[Ca+2],,1.5,1.05,1,7.4,24,25,1.1,0,0,0
sufex_000230,230,0.84,84,C1CN2CCN1CC2,CN(C)C(=N)N(C)C,O=S(=O)(F)N1CCN(C2=CC=CC(C(F)(F)F)=N2)CC1,CN(C)C(=NS(=O)(=O)N1CCN(C2=CC=CC(C(F)(F)F)=N2)CC1)N(C)C,C1CCCO1,C(F)(F)(F)S(=O)(=O)[N-]S(=O)(=O)C(F)(F)F.C(F)(F)(F)S(=O)(=O)[N-]S(=O)(=O)C(F)(F)F.[Ca+2],,1.5,1.05,1,7.4,24,25,1.1,0,0,0
sufex_000231,231,0,0,C1CN2CCN1CC2,CN(C)C(=N)N(C)C,O=S(=O)(F)N1CCN(C2=CC=CC(C(F)(F)F)=N2)CC1,CN(C)C(=NS(=O)(=O)N1CCN(C2=CC=CC(C(F)(F)F)=N2)CC1)N(C)C,C1CCCO1,,,1.5,1.05,1,7.4,24,25,0,0,0,0
sufex_000232,232,0.84,84,C1CN2CCN1CC2,CNCCOC1=CC=CC=C1,COC1=C(N2C=NC(C)=C2)C=CC(OS(=O)(=O)F)=C1,COC1=C(N2C=NC(C)=C2)C=CC(OS(=O)(=O)N(C)CCOC2=CC=CC=C2)=C1,C1CCCO1,C(F)(F)(F)S(=O)(=O)[N-]S(=O)(=O)C(F)(F)F.C(F)(F)(F)S(=O)(=O)[N-]S(=O)(=O)C(F)(F)F.[Ca+2],,1.5,1.05,1,7.4,24,25,1.1,0,0,0
sufex_000233,233,0.83,83,C1CN2CCN1CC2,CCOC(=O)C1CCNCC1,O=S(=O)(F)OC1=CC=C(C2=COC=N2)C=C1,CCOC(=O)C1CCN(S(=O)(=O)OC2=CC=C(C3=COC=N3)C=C2)CC1,C1CCCO1,C(F)(F)(F)S(=O)(=O)[N-]S(=O)(=O)C(F)(F)F.C(F)(F)(F)S(=O)(=O)[N-]S(=O)(=O)C(F)(F)F.[Ca+2],,1.5,1.05,1,7.4,18,25,1.1,0,0,0
sufex_000234,234,0.82,82,C1CN2CCN1CC2,FC(F)(F)C1=CC=C(N2CCNCC2)N=C1,O=S(=O)(F)C1=CC=CC=C1,O=S(=O)(C1=CC=CC=C1)N1CCN(C2=CC=C(C(F)(F)F)C=N2)CC1,C1CCCO1,C(F)(F)(F)S(=O)(=O)[N-]S(=O)(=O)C(F)(F)F.C(F)(F)(F)S(=O)(=O)[N-]S(=O)(=O)C(F)(F)F.[Ca+2],,1.5,1.05,1,7.4,0.5,25,1.1,0,0,0
sufex_000235,235,0.79,79,C1CN2CCN1CC2,FC(F)(F)C1=NC(N2CCNCC2)=CC=C1,O=S(=O)(F)C1=C(Br)C=CC=C1,O=S(=O)(C1=C(Br)C=CC=C1)N1CCN(C2=CC=CC(C(F)(F)F)=N2)CC1,C1CCCO1,C(F)(F)(F)S(=O)(=O)[N-]S(=O)(=O)C(F)(F)F.C(F)(F)(F)S(=O)(=O)[N-]S(=O)(=O)C(F)(F)F.[Ca+2],,1.5,1.05,1,7.4,1,25,1.1,0,0,0
sufex_000236,236,0.78,78,C1CN2CCN1CC2,NC1=CC=CC=C1,O=S(=O)(F)N1CCN(C2=CC=CC(C(F)(F)F)=N2)CC1,O=S(=O)(NC1=CC=CC=C1)N1CCN(C2=CC=CC(C(F)(F)F)=N2)CC1,C1CCCO1,C(F)(F)(F)S(=O)(=O)[N-]S(=O)(=O)C(F)(F)F.C(F)(F)(F)S(=O)(=O)[N-]S(=O)(=O)C(F)(F)F.[Ca+2],,1.5,1.05,1,7.4,24,25,1.1,0,0,0
sufex_000237,237,0,0,C1CN2CCN1CC2,NC1=CC=CC=C1,O=S(=O)(F)N1CCN(C2=CC=CC(C(F)(F)F)=N2)CC1,O=S(=O)(NC1=CC=CC=C1)N1CCN(C2=CC=CC(C(F)(F)F)=N2)CC1,C1CCCO1,,,1.5,1.05,1,7.4,24,25,0,0,0,0
sufex_000238,238,0.71,71,C1CN2CCN1CC2,OC1CCNC1,O=S(=O)(F)OC1=CC=C(C2=COC=N2)C=C1,O=S(=O)(OC1=CC=C(C2=COC=N2)C=C1)N1CCC(O)C1,C1CCCO1,C(F)(F)(F)S(=O)(=O)[N-]S(=O)(=O)C(F)(F)F.C(F)(F)(F)S(=O)(=O)[N-]S(=O)(=O)C(F)(F)F.[Ca+2],,1.5,1.05,1,7.4,24,25,1.1,0,0,0
sufex_000239,239,0.71,71,C1CN2CCN1CC2,COC1=CC=C([C@H](C)N)C=C1,COC1=CC=C(OS(=O)(=O)F)C=C1,COC1=CC=C(OS(=O)(=O)N[C@@H](C)C2=CC=C(OC)C=C2)C=C1,C1CCCO1,C(F)(F)(F)S(=O)(=O)[N-]S(=O)(=O)C(F)(F)F.C(F)(F)(F)S(=O)(=O)[N-]S(=O)(=O)C(F)(F)F.[Ca+2],,1.5,1.05,1,7.4,24,25,1.1,0,0,0
sufex_000240,240,0.68,68,C1CN2CCN1CC2,C1CC2(CCN1)OCCO2,CN1CCN(S(=O)(=O)F)C(C2=CC=CC=C2)C1,CN1CCN(S(=O)(=O)N2CCC3(CC2)OCCO3)C(C2=CC=CC=C2)C1,C1CCCO1,C(F)(F)(F)S(=O)(=O)[N-]S(=O)(=O)C(F)(F)F.C(F)(F)(F)S(=O)(=O)[N-]S(=O)(=O)C(F)(F)F.[Ca+2],,1.5,1.05,1,7.4,24,25,1.1,0,0,0
sufex_000241,241,0.64,64,C1CN2CCN1CC2,CN(C)C(=N)N(C)C,O=S(=O)(F)C1=C(Br)C=CC=C1,CN(C)C(=NS(=O)(=O)C1=C(Br)C=CC=C1)N(C)C,C1CCCO1,C(F)(F)(F)S(=O)(=O)[N-]S(=O)(=O)C(F)(F)F.C(F)(F)(F)S(=O)(=O)[N-]S(=O)(=O)C(F)(F)F.[Ca+2],,1.5,1.05,1,7.4,1,25,1.1,0,0,0
sufex_000242,242,0.7,70,,FC(F)(F)C1=NC(N2CCNCC2)=CC=C1,O=S(=O)(F)N1CCN(C2=CC=CC(C(F)(F)F)=N2)CC1,O=S(=O)(N1CCN(C2=CC=CC(C(F)(F)F)=N2)CC1)N1CCN(C2=CC=CC(C(F)(F)F)=N2)CC1,CCC(C)(C)O,C(F)(F)(F)S(=O)(=O)[N-]S(=O)(=O)C(F)(F)F.C(F)(F)(F)S(=O)(=O)[N-]S(=O)(=O)C(F)(F)F.[Ca+2],,0,2,1,11.7,24,60,1,0,0,0
sufex_000243,243,0.89,89,,FC(F)(F)C1=NC(N2CCNCC2)=CC=C1,O=S(=O)(F)N1CCN(C2=CC=CC(C(F)(F)F)=N2)CC1,O=S(=O)(N1CCN(C2=CC=CC(C(F)(F)F)=N2)CC1)N1CCN(C2=CC=CC(C(F)(F)F)=N2)CC1,CCC(C)(C)O,C(F)(F)(F)S(=O)(=O)[N-]S(=O)(=O)C(F)(F)F.C(F)(F)(F)S(=O)(=O)[N-]S(=O)(=O)C(F)(F)F.[Ca+2],,0,2,1,11.7,24,90,1,0,0,0
sufex_000244,244,0.92,92,,FC(F)(F)C1=NC(N2CCNCC2)=CC=C1,O=S(=O)(F)N1CCN(C2=CC=CC(C(F)(F)F)=N2)CC1,O=S(=O)(N1CCN(C2=CC=CC(C(F)(F)F)=N2)CC1)N1CCN(C2=CC=CC(C(F)(F)F)=N2)CC1,CCC(C)(C)O,C(F)(F)(F)S(=O)(=O)[N-]S(=O)(=O)C(F)(F)F.C(F)(F)(F)S(=O)(=O)[N-]S(=O)(=O)C(F)(F)F.[Ca+2],,0,2,1,11.7,24,100,1.1,0,0,0
sufex_000245,245,0.96,96,,FC(F)(F)C1=NC(N2CCNCC2)=CC=C1,O=S(=O)(F)N1CCN(C2=CC=CC(C(F)(F)F)=N2)CC1,O=S(=O)(N1CCN(C2=CC=CC(C(F)(F)F)=N2)CC1)N1CCN(C2=CC=CC(C(F)(F)F)=N2)CC1,CCC(C)(C)O,C(F)(F)(F)S(=O)(=O)[N-]S(=O)(=O)C(F)(F)F.C(F)(F)(F)S(=O)(=O)[N-]S(=O)(=O)C(F)(F)F.[Ca+2],,0,2,1,11.7,2,90,1.1,0,0,0
sufex_000246,246,0.95,95,CC(C)N(CC)C(C)C,FC(F)(F)C1=NC(N2CCNCC2)=CC=C1,O=S(=O)(F)N1CCN(C2=CC=CC(C(F)(F)F)=N2)CC1,O=S(=O)(N1CCN(C2=CC=CC(C(F)(F)F)=N2)CC1)N1CCN(C2=CC=CC(C(F)(F)F)=N2)CC1,CCC(C)(C)O,C(F)(F)(F)S(=O)(=O)[N-]S(=O)(=O)C(F)(F)F.C(F)(F)(F)S(=O)(=O)[N-]S(=O)(=O)C(F)(F)F.[Ca+2],,1.5,1.05,1,11.7,2,90,1.1,0,0,0
sufex_000247,247,0.96,96,C1CN2CCN1CC2,FC(F)(F)C1=NC(N2CCNCC2)=CC=C1,O=S(=O)(F)N1CCN(C2=CC=CC(C(F)(F)F)=N2)CC1,O=S(=O)(N1CCN(C2=CC=CC(C(F)(F)F)=N2)CC1)N1CCN(C2=CC=CC(C(F)(F)F)=N2)CC1,CCC(C)(C)O,C(F)(F)(F)S(=O)(=O)[N-]S(=O)(=O)C(F)(F)F.C(F)(F)(F)S(=O)(=O)[N-]S(=O)(=O)C(F)(F)F.[Ca+2],,1.5,1.05,1,11.7,2,90,1.1,0,0,0
sufex_000248,248,0,0,C1CN2CCN1CC2,FC(F)(F)C1=NC(N2CCNCC2)=CC=C1,O=S(=O)(F)N1CCN(C2=CC=CC(C(F)(F)F)=N2)CC1,O=S(=O)(N1CCN(C2=CC=CC(C(F)(F)F)=N2)CC1)N1CCN(C2=CC=CC(C(F)(F)F)=N2)CC1,C1CCCO1,,,1.5,1.05,1,7.4,24,25,0,0,0,0
sufex_000249,249,0.89,89,C1CN2CCN1CC2,FC(F)(F)C1=NC(N2CCNCC2)=CC=C1,O=S(=O)(F)N1CCN(C2=CC=CC(C(F)(F)F)=N2)CC1,O=S(=O)(N1CCN(C2=CC=CC(C(F)(F)F)=N2)CC1)N1CCN(C2=CC=CC(C(F)(F)F)=N2)CC1,C1CCCO1,C(F)(F)(F)S(=O)(=O)[N-]S(=O)(=O)C(F)(F)F.C(F)(F)(F)S(=O)(=O)[N-]S(=O)(=O)C(F)(F)F.[Ca+2],,1.5,1.05,1,7.4,24,65,0.55,0,0,0
sufex_000250,250,0.58,58,C1CN2CCN1CC2,FC(F)(F)C1=NC(N2CCNCC2)=CC=C1,O=S(=O)(F)N1CCN(C2=CC=CC(C(F)(F)F)=N2)CC1,O=S(=O)(N1CCN(C2=CC=CC(C(F)(F)F)=N2)CC1)N1CCN(C2=CC=CC(C(F)(F)F)=N2)CC1,C1CCCO1,C(F)(F)(F)S(=O)(=O)[N-]S(=O)(=O)C(F)(F)F.C(F)(F)(F)S(=O)(=O)[N-]S(=O)(=O)C(F)(F)F.[Ca+2],,1.5,1.05,1,7.4,24,65,0.3,0,0,0
sufex_000251,251,0.93,93,C1CN2CCN1CC2,FC(F)(F)C1=NC(N2CCNCC2)=CC=C1,O=S(=O)(F)N1CCN(C2=CC=CC(C(F)(F)F)=N2)CC1,O=S(=O)(N1CCN(C2=CC=CC(C(F)(F)F)=N2)CC1)N1CCN(C2=CC=CC(C(F)(F)F)=N2)CC1,CCC(C)(C)O,C(F)(F)(F)S(=O)(=O)[N-]S(=O)(=O)C(F)(F)F.C(F)(F)(F)S(=O)(=O)[N-]S(=O)(=O)C(F)(F)F.[Ca+2],,1.5,1.05,1,11.7,2,90,0.55,0,0,0
sufex_000252,252,0.77,77,C1CN2CCN1CC2,COC1=CC=C([C@H](C)N)C=C1,O=S(=O)(F)N1CCN(C2=CC=CC(C(F)(F)F)=N2)CC1,COC1=CC=C([C@H](C)NS(=O)(=O)N2CCN(C3=CC=CC(C(F)(F)F)=N3)CC2)C=C1,CCC(C)(C)O,C(F)(F)(F)S(=O)(=O)[N-]S(=O)(=O)C(F)(F)F.C(F)(F)(F)S(=O)(=O)[N-]S(=O)(=O)C(F)(F)F.[Ca+2],,1.5,1.05,1,11.7,2,90,0.55,0,0,0
sufex_000253,253,0.71,71,C1CN2CCN1CC2,N[C@@H](C)C1=CC=C(OC)C=C1,COC1=CC=C(C=C1)OS(=O)(F)=O,COC1=CC=C(C=C1)OS(=O)(N[C@@H](C)C2=CC=C(OC)C=C2)=O,C1CCCO1,C(F)(F)(F)S(=O)(=O)[N-]S(=O)(=O)C(F)(F)F.C(F)(F)(F)S(=O)(=O)[N-]S(=O)(=O)C(F)(F)F.[Ca+2],,1.5,1.05,1,7.4,24,25,1.1,0,0,0
sufex_000254,254,0.96,96,,C#CCNC,O=S(F)(F)=NC1=CN=CC2=C1C=CC=C2,C#CCN(C)S(=O)(F)=NC1=CN=CC2=C1C=CC=C2,CC#N,,,0,2,1,35.7,8,25,0,0,0,0
sufex_000255,255,0.95,95,CCN(CC)CC,CNCC1=CC=C(C2=C3CCNC(=O)C4=C3C(=CC(F)=C4)N2)C=C1,C#CCN=S(=O)(F)F,C#CCN=S(=O)(F)N(C)CC1=CC=C(C2=C3CCNC(=O)C4=C3C(=CC(F)=C4)N2)C=C1,CC#N,,,1,1,1,35.7,8,25,0,0,0,0
sufex_000256,256,0.94,94,,C#CCNC,CC(C)C1=CC=CC(C(C)C)=C1N=S(=O)(F)F,C#CCN(C)S(=O)(F)=NC1=C(C(C)C)C=CC=C1C(C)C,CC#N,,,0,2,1,35.7,8,25,0,0,0,0
sufex_000257,257,0.89,89,CCN(CC)CC,C#CCNC,O=S(F)(F)=NC1=CC(Cl)=C(Cl)C=C1,C#CCN(C)S(=O)(F)=NC1=CC(Cl)=C(Cl)C=C1,CC#N,,,1.5,1.2,1,35.7,8,25,0,0,0,0
sufex_000258,258,0.85,85,CCN(CC)CC,COC(=O)[C@@H]1CCCN1,C#CCOC[C@H]1O[C@@H](N2C=C(C)C(=O)NC2=O)C[C@@H]1N=S(=O)(F)F,C#CCOC[C@H]1O[C@@H](N2C=C(C)C(=O)NC2=O)C[C@@H]1N=S(=O)(F)N1CCC[C@H]1C(=O)OC,CC#N,,,1.5,1.2,1,35.7,8,25,0,0,0,0
sufex_000259,259,0.85,85,CCN(CC)CC,CC(C)(C)OC(=O)NC1CCNCC1,C#CCOC[C@H]1O[C@@H](N2C=C(C)C(=O)NC2=O)C[C@@H]1N=S(=O)(F)F,C#CCOC[C@H]1O[C@@H](N2C=C(C)C(=O)NC2=O)C[C@@H]1N=S(=O)(F)N1CCC(NC(=O)OC(C)(C)C)CC1,CC#N,,,1.5,1.2,1,35.7,8,25,0,0,0,0
sufex_000260,260,0.84,84,CCN(CC)CC,C1COCCN1,C#CCOC[C@H]1O[C@@H](N2C=C(C)C(=O)NC2=O)C[C@@H]1N=S(=O)(F)F,C#CCOC[C@H]1O[C@@H](N2C=C(C)C(=O)NC2=O)C[C@@H]1N=S(=O)(F)N1CCOCC1,CC#N,,,1.5,1.2,1,35.7,8,25,0,0,0,0
sufex_000261,261,0.82,82,CCN(CC)CC,C#CCNC,O=S(F)(F)=NC1=C(F)C=CC=C1F,C#CCN(C)S(=O)(F)=NC1=C(F)C=CC=C1F,CC#N,,,1.5,1.2,1,35.7,8,25,0,0,0,0
sufex_000262,262,0.81,81,CCN(CC)CC,C1CCNCC1,C#CCOC[C@H]1O[C@@H](N2C=C(C)C(=O)NC2=O)C[C@@H]1N=S(=O)(F)F,C#CCOC[C@H]1O[C@@H](N2C=C(C)C(=O)NC2=O)C[C@@H]1N=S(=O)(F)N1CCCCC1,CC#N,,,1.5,1.2,1,35.7,8,25,0,0,0,0
sufex_000263,263,0.62,62,CCN(CC)CC,C#CCNC,[H][C@@]12CCC3=CC(N=S(=O)(F)F)=CC=C3[C@@]1([H])CC[C@]1(C)C(=O)CC[C@@]21[H],[H][C@@]12CCC3=CC(N=S(=O)(F)N(C)CC#C)=CC=C3[C@@]1([H])CC[C@]1(C)C(=O)CC[C@@]21[H],CC#N,,,1.5,1.2,1,35.7,8,25,0,0,0,0
sufex_000264,264,0.58,58,CCN(CC)CC,C1=CNC=N1,C#CCOC[C@H]1O[C@@H](N2C=C(C)C(=O)NC2=O)C[C@@H]1N=S(=O)(F)F,C#CCOC[C@H]1O[C@@H](N2C=C(C)C(=O)NC2=O)C[C@@H]1N=S(=O)(F)N1C=CN=C1,CC#N,,,1.5,1.2,1,35.7,8,25,0,0,0,0
sufex_000265,265,0.55,55,CCN(CC)CC,C#CCNC,C#CCOC[C@H]1O[C@@H](N2C=C(C)C(=O)NC2=O)C[C@@H]1N=S(=O)(F)F,C#CCOC[C@H]1O[C@@H](N2C=C(C)C(=O)NC2=O)C[C@@H]1N=S(=O)(F)N(C)CC#C,CC#N,,,1.5,1.2,1,35.7,8,25,0,0,0,0
sufex_000266,266,0.78,78,,C1CCNC1,C=C(CCS(=O)(=O)F)S(=O)(=O)F,C=C(CCS(=O)(=O)F)S(=O)(=O)N1CCCC1,C(Cl)Cl,,,0,1.5,1,8.9,2,25,0,0,0,0
sufex_000267,267,0.74,74,,BrC1CCNCC1,C=C(CCS(=O)(=O)F)S(=O)(=O)F,C=C(CCS(=O)(=O)F)S(=O)(=O)N1CCC(Br)CC1,C(Cl)Cl,,,0,1.5,1,8.9,2,25,0,0,0,0
sufex_000268,268,0.72,72,,CCNCC,C=C(CCS(=O)(=O)F)S(=O)(=O)F,C=C(CCS(=O)(=O)F)S(=O)(=O)N(CC)CC,C(Cl)Cl,,,0,1.5,1,8.9,2,25,0,0,0,0
sufex_000269,269,0.69,69,,C1CSCCN1,C=C(CCS(=O)(=O)F)S(=O)(=O)F,C=C(CCS(=O)(=O)F)S(=O)(=O)N1CCSCC1,C(Cl)Cl,,,0,1.5,1,8.9,2,25,0,0,0,0
sufex_000270,270,0.67,67,,C1CCNCC1,C=C(CCS(=O)(=O)F)S(=O)(=O)F,C=C(CCS(=O)(=O)F)S(=O)(=O)N1CCCCC1,C(Cl)Cl,,,0,1.5,1,8.9,2,25,0,0,0,0
sufex_000271,271,0.45,45,,C1CCCNCC1,C=C(CCS(=O)(=O)F)S(=O)(=O)F,C=C(CCS(=O)(=O)F)S(=O)(=O)N1CCCCCC1,C(Cl)Cl,,,0,1.5,1,8.9,2,25,0,0,0,0
sufex_000272,272,0.68,68,,C1CCNC1,[H][C@@]12C[C@@H](S(=O)(=O)F)[C@]1([H])C1=CC=CC=C1C(=O)N2,[H][C@@]12C[C@@H](S(=O)(=O)N3CCCC3)[C@]1([H])C1=CC=CC=C1C(=O)N2,CC#N,,,0,2,1,35.7,24,80,0,0,0,0
sufex_000273,273,0.48,48,,C1CCNC1,[H][C@@]12C3=CC=CC=C3C(=O)N(C3=CC=CC=C3)[C@]1([H])C[C@H]2S(=O)(=O)F,[H][C@@]12C3=CC=CC=C3C(=O)N(C3=CC=CC=C3)[C@]1([H])C[C@H]2S(=O)(=O)N1CCCC1,CC#N,,,0,2,1,35.7,24,80,0,0,0,0
sufex_000274,274,0.96,96,C1CCC2=NCCCN2CC1,NCC1=CC=CC=C1,O=S(=O)(F)NCC1=CC=CC=C1,O=S(=O)(NCC1=CC=CC=C1)NCC1=CC=CC=C1,CC#N,,,1,1,1,35.7,4,50,0,0,0,0
sufex_000275,275,0.98,98,C1CCC2=NCCCN2CC1,CNCC1=CC=CC=C1,O=S(=O)(F)NCC1=CC=CC=C1,CN(CC1=CC=CC=C1)S(=O)(=O)NCC1=CC=CC=C1,CC#N,,,1,1,1,35.7,4,50,0,0,0,0
sufex_000276,276,0.83,83,C1CCC2=NCCCN2CC1,NC1=CC=CC=C1,O=S(=O)(F)NCC1=CC=CC=C1,O=S(=O)(NCC1=CC=CC=C1)NC1=CC=CC=C1,CC#N,,,1,1,1,35.7,4,50,0,0,0,0
sufex_000277,277,0.65,65,C12=NCCCN1CCCCC2,NCC1=CC=CC=C1,CC(NC1=CC=C(N(S(F)(=O)=O)S(F)(=O)=O)C=C1)=O,O=S(=O)(F)NCC1=CC=CC=C1,CC#N,,,1.833333333,0.833333333,1,35.7,3,25,0,0,0,0
sufex_000278,278,0.91,91,CCN(CC)CC,NCC1=CC=CC=C1,O=S(F)(NCC1=CC=CC=C1)=O,O=S(NCC1=CC=CC=C1)(NCC2=CC=CC=C2)=O,CC#N,,,1.5,1.5,1,35.7,2,80,0,0,0,0
sufex_000279,279,0.68,68,CCN(CC)CC,NCC1=CC=CC=C1,O=S(F)(NCC1=CC=CC=C1)=O,O=S(NCC1=CC=CC=C1)(NCC2=CC=CC=C2)=O,CN(C=O)C,,,1.5,1.5,1,37.2,2,80,0,0,0,0
sufex_000280,280,0.79,79,CCN(CC)CC,NCC1=CC=CC=C1,O=S(F)(NCC1=CC=CC=C1)=O,O=S(NCC1=CC=CC=C1)(NCC2=CC=CC=C2)=O,ClCCCl,,,1.5,1.5,1,10.1,2,80,0,0,0,0
sufex_000281,281,0.74,74,CCN(CC)CC,NCC1=CC=CC=C1,O=S(F)(NCC1=CC=CC=C1)=O,O=S(NCC1=CC=CC=C1)(NCC2=CC=CC=C2)=O,C1CCCO1,,,1.5,1.5,1,7.4,2,80,0,0,0,0
sufex_000282,282,0.95,95,CCN(CC)CC,NCC1=CC=CC=C1,O=S(F)(NCC1=CC=CC=C1)=O,O=S(NCC1=CC=CC=C1)(NCC2=CC=CC=C2)=O,CC1=CC=CC=C1,,,1.5,1.5,1,2.4,2,80,0,0,0,0
sufex_000283,283,0.89,89,CCN(CC)CC,NCC1=CC=CC=C1,O=S(F)(NCC1=CC=CC=C1)=O,O=S(NCC1=CC=CC=C1)(NCC2=CC=CC=C2)=O,C1=CC=CC=C1,,,1.5,1.5,1,2.3,2,80,0,0,0,0
sufex_000284,284,0.73,73,CCN(CC)CC,NCC1=CC=CC=C1,O=S(F)(NCC1=CC=CC=C1)=O,O=S(NCC1=CC=CC=C1)(NCC2=CC=CC=C2)=O,CN1CCCC1=O,,,1.5,1.5,1,32.2,2,80,0,0,0,0
sufex_000285,285,0.96,96,C12=NCCCN1CCCCC2,NCC1=CC=CC=C1,O=S(F)(NCC1=CC=CC=C1)=O,O=S(NCC1=CC=CC=C1)(NCC2=CC=CC=C2)=O,CC#N,,,1.5,1.5,1,35.7,2,80,0,0,0,0
sufex_000286,286,0.97,97,O=C([O-])[O-].[Cs+].[Cs+],NCC1=CC=CC=C1,O=S(F)(NCC1=CC=CC=C1)=O,O=S(NCC1=CC=CC=C1)(NCC2=CC=CC=C2)=O,CC#N,,,1.5,1.5,1,35.7,2,80,0,0,0,0
sufex_000287,287,0.97,97,C12=NCCCN1CCCCC2,NCC1=CC=CC=C1,O=S(F)(NCC1=CC=CC=C1)=O,O=S(NCC1=CC=CC=C1)(NCC2=CC=CC=C2)=O,CC#N,,,1,1,1,35.7,2,80,0,0,0,0
sufex_000288,288,0.78,78,C12=NCCCN1CCCCC2,NCC1=CC=CC=C1,O=S(F)(NCC1=CC=CC=C1)=O,O=S(NCC1=CC=CC=C1)(NCC2=CC=CC=C2)=O,CC#N,,,0.1,1,1,35.7,2,80,0,0,0,0
sufex_000289,289,0.88,88,C12=NCCCN1CCCCC2,NCC1=CC=CC=C1,O=S(F)(NCC1=CC=CC=C1)=O,O=S(NCC1=CC=CC=C1)(NCC2=CC=CC=C2)=O,CC#N,,,2.5,1,1,35.7,2,80,0,0,0,0
sufex_000290,290,0.76,76,C12=NCCCN1CCCCC2,NCC1=CC=CC=C1,O=S(F)(NCC1=CC=CC=C1)=O,O=S(NCC1=CC=CC=C1)(NCC2=CC=CC=C2)=O,CC#N,,,2.5,1,1,35.7,2,50,0,0,0,0
sufex_000291,291,0.92,92,C12=NCCCN1CCCCC2,NCC1=CC=CC=C1,O=S(F)(NCC1=CC=CC=C1)=O,O=S(NCC1=CC=CC=C1)(NCC2=CC=CC=C2)=O,CC#N,,,2.5,1,1,35.7,8,50,0,0,0,0
sufex_000292,292,0.76,76,C12=NCCCN1CCCCC2,NCC1=CC=CC=C1,O=S(F)(NCC1=CC=CC=C1)=O,O=S(NCC1=CC=CC=C1)(NCC2=CC=CC=C2)=O,CC#N,,,2.5,1,1,35.7,24,25,0,0,0,0
sufex_000293,293,0.7,70,,NCC1=CC=CC=C1,O=S(F)(NCC1=CC=CC=C1)=O,O=S(NCC1=CC=CC=C1)(NCC2=CC=CC=C2)=O,CC#N,,,0,1,1,35.7,4,50,0,0,0,0
sufex_000294,294,0.74,74,,NC1=CC=CC=C1,O=S(F)(NCC1=CC=CC=C1)=O,O=S(NC1=CC=CC=C1)(NCC2=CC=CC=C2)=O,CC#N,,,0,1,1,35.7,4,50,0,0,0,0
sufex_000295,295,0.79,79,,CNCC1=CC=CC=C1,O=S(F)(NCC1=CC=CC=C1)=O,O=S(NCC1=CC=CC=C1)(N(C)CC2=CC=CC=C2)=O,CC#N,,,0,1,1,35.7,4,50,0,0,0,0
sufex_000296,296,0.63,63,,NCC1=CC=CC=C1,O=S(NC1=CC=CC=C1)(F)=O,O=S(NC1=CC=CC=C1)(NCC2=CC=CC=C2)=O,CC#N,,,0,1,1,35.7,4,50,0,0,0,0
sufex_000297,297,0.89,89,C1=CN=CC=C1,NCC1=CC=CC=C1,O=S(NC1=CC=CC=C1)(F)=O,O=S(NC1=CC=CC=C1)(NCC2=CC=CC=C2)=O,CC#N,,,1,1,1,35.7,4,50,0,0,0,0
sufex_000298,298,0.52,52,,CNCC1=CC=CC=C1,O=S(NC1=CC=CC=C1)(F)=O,O=S(NC1=CC=CC=C1)(N(C)CC2=CC=CC=C2)=O,CC#N,,,0,1,1,35.7,4,50,0,0,0,0
sufex_000299,299,0.7,70,,NCC1=CC=CC=C1,O=S(F)(NCC1=CC=CC=C1)=O,O=S(NCC1=CC=CC=C1)(NCC2=CC=CC=C2)=O,CC#N,,,0,1,1,35.7,2,80,0,0,0,0
sufex_000300,300,0.95,95,CCN(CC)CC,NCC1=CC=CC=C1,O=S(F)(NCC1=CC=CC=C1)=O,O=S(NCC1=CC=CC=C1)(NCC2=CC=CC=C2)=O,CC#N,,,1,1,1,35.7,2,80,0,0,0,0
sufex_000301,301,0.94,94,O=C([O-])[O-].[K+].[K+],NCC1=CC=CC=C1,O=S(F)(NCC1=CC=CC=C1)=O,O=S(NCC1=CC=CC=C1)(NCC2=CC=CC=C2)=O,CC#N,,,1,1,1,35.7,2,80,0,0,0,0
sufex_000302,302,0.71,71,C1=CN=CC=C1,NCC1=CC=CC=C1,O=S(F)(NCC1=CC=CC=C1)=O,O=S(NCC1=CC=CC=C1)(NCC2=CC=CC=C2)=O,CC#N,,,1,1,1,35.7,2,80,0,0,0,0
sufex_000303,303,0.89,89,C12=NCCCN1CCCCC2,NCC1=CC=CC=C1,O=S(F)(NCC1=CC=CC=C1)=O,O=S(NCC1=CC=CC=C1)(NCC2=CC=CC=C2)=O,CC1=CC=CC=C1,,,1,1,1,2.4,2,80,0,0,0,0
sufex_000304,304,0.77,77,C12=NCCCN1CCCCC2,NCC1=CC=CC=C1,O=S(F)(NCC1=CC=CC=C1)=O,O=S(NCC1=CC=CC=C1)(NCC2=CC=CC=C2)=O,CN(C=O)C,,,1,1,1,37.2,2,80,0,0,0,0
sufex_000305,305,0.99,99,C1CCC2=NCCCN2CC1,NC(=O)C1=C(Br)C=CC=C1,O=S(=O)(F)F,O=C(NS(=O)(=O)F)C1=C(Br)C=CC=C1,CS(=O)C,,,5,1,1,46.8,12,50,0,0,0,0
sufex_000306,306,0.99,99,C1CCC2=NCCCN2CC1,NC(=O)C1=CC=CC=C1,O=S(=O)(F)F,O=C(NS(=O)(=O)F)C1=CC=CC=C1,CS(=O)C,,,5,1,1,46.8,12,50,0,0,0,0
sufex_000307,307,0.98,98,C1CCC2=NCCCN2CC1,NC(=O)C1=CC=C(F)C=C1,O=S(=O)(F)F,O=C(NS(=O)(=O)F)C1=CC=C(F)C=C1,CS(=O)C,,,5,1,1,46.8,18,50,0,0,0,0
sufex_000308,308,0.94,94,C1CCC2=NCCCN2CC1,NC(=O)C1=CC2=C(C=CC=C2)C=C1,O=S(=O)(F)F,O=C(NS(=O)(=O)F)C1=CC2=C(C=CC=C2)C=C1,CS(=O)C,,,5,1,1,46.8,12,50,0,0,0,0
sufex_000309,309,0.91,91,C1CCC2=NCCCN2CC1,NC(=O)CC1=CC=CC=C1,O=S(=O)(F)F,O=C(CC1=CC=CC=C1)NS(=O)(=O)F,CS(=O)C,,,5,1,1,46.8,12,50,0,0,0,0
sufex_000310,310,0.9,90,C1CCC2=NCCCN2CC1,NC(=O)C1=CC=CS1,O=S(=O)(F)F,O=C(NS(=O)(=O)F)C1=CC=CS1,CS(=O)C,,,5,1,1,46.8,12,50,0,0,0,0
sufex_000311,311,0.87,87,C1CCC2=NCCCN2CC1,NC(=O)C1=CC=C(C(F)(F)F)C=C1,O=S(=O)(F)F,O=C(NS(=O)(=O)F)C1=CC=C(C(F)(F)F)C=C1,CS(=O)C,,,5,1,1,46.8,12,50,0,0,0,0
sufex_000312,312,0.85,85,C1CCC2=NCCCN2CC1,NC(=O)C1=CC2=CC=CC=C2S1,O=S(=O)(F)F,O=C(NS(=O)(=O)F)C1=CC2=CC=CC=C2S1,CS(=O)C,,,5,1,1,46.8,12,50,0,0,0,0
sufex_000313,313,0.85,85,C1CCC2=NCCCN2CC1,C=CC(N)=O,O=S(=O)(F)F,C=CC(=O)NS(=O)(=O)F,CS(=O)C,,,5,1,1,46.8,12,50,0,0,0,0
sufex_000314,314,0.84,84,C1CCC2=NCCCN2CC1,NC(=O)C1=CC=C(Br)C=C1,O=S(=O)(F)F,O=C(NS(=O)(=O)F)C1=CC=C(Br)C=C1,CS(=O)C,,,5,1,1,46.8,12,50,0,0,0,0
sufex_000315,315,0.8,80,C1CCC2=NCCCN2CC1,CC(C)(C)C1=CC=C(C(N)=O)C=C1,O=S(=O)(F)F,CC(C)(C)C1=CC=C(C(=O)NS(=O)(=O)F)C=C1,CS(=O)C,,,5,1,1,46.8,12,50,0,0,0,0
sufex_000316,316,0.79,79,C1CCC2=NCCCN2CC1,CC1=CC(C)=CC(C(N)=O)=C1,O=S(=O)(F)F,CC1=CC(C)=CC(C(=O)NS(=O)(=O)F)=C1,CS(=O)C,,,5,1,1,46.8,12,50,0,0,0,0
sufex_000317,317,0.76,76,C1CCC2=NCCCN2CC1,NC(=O)C1=CC(Br)=CC=C1,O=S(=O)(F)F,O=C(NS(=O)(=O)F)C1=CC(Br)=CC=C1,CS(=O)C,,,5,1,1,46.8,12,50,0,0,0,0
sufex_000318,318,0.76,76,C1CCC2=NCCCN2CC1,NC(=O)C1=CC(Cl)=CC(Cl)=C1,O=S(=O)(F)F,O=C(NS(=O)(=O)F)C1=CC(Cl)=CC(Cl)=C1,CS(=O)C,,,5,1,1,46.8,12,50,0,0,0,0
sufex_000319,319,0.76,76,C1CCC2=NCCCN2CC1,NC(=O)C1=CC=C(Cl)C=C1,O=S(=O)(F)F,O=C(NS(=O)(=O)F)C1=CC=C(Cl)C=C1,CS(=O)C,,,5,1,1,46.8,12,50,0,0,0,0
sufex_000320,320,0.71,71,C1CCC2=NCCCN2CC1,NC(=O)C1=C(Cl)C=CC=C1,O=S(=O)(F)F,O=C(NS(=O)(=O)F)C1=C(Cl)C=CC=C1,CS(=O)C,,,5,1,1,46.8,12,50,0,0,0,0
sufex_000321,321,0.68,68,C1CCC2=NCCCN2CC1,NC(=O)C1=CC=CO1,O=S(=O)(F)F,O=C(NS(=O)(=O)F)C1=CC=CO1,CS(=O)C,,,5,1,1,46.8,12,50,0,0,0,0
sufex_000322,322,0.65,65,C1CCC2=NCCCN2CC1,NC(=O)C1=CC(N(=O)=O)=CC=C1,O=S(=O)(F)F,O=C(NS(=O)(=O)F)C1=CC(N(=O)=O)=CC=C1,CS(=O)C,,,5,1,1,46.8,12,50,0,0,0,0
sufex_000323,323,0.65,65,C1CCC2=NCCCN2CC1,NC=O,O=S(=O)(F)F,O=CNS(=O)(=O)F,CS(=O)C,,,5,1,1,46.8,12,50,0,0,0,0
sufex_000324,324,0.63,63,C1CCC2=NCCCN2CC1,CC1=CC=C(C(N)=O)C=C1,O=S(=O)(F)F,CC1=CC=C(C(=O)NS(=O)(=O)F)C=C1,CS(=O)C,,,5,1,1,46.8,12,50,0,0,0,0
sufex_000325,325,0.6,60,C1CCC2=NCCCN2CC1,NC(=O)CCC1=CC=CC=C1,O=S(=O)(F)F,O=C(CCC1=CC=CC=C1)NS(=O)(=O)F,CS(=O)C,,,5,1,1,46.8,18,50,0,0,0,0
sufex_000326,326,0.6,60,C1CCC2=NCCCN2CC1,CC1=C(C(N)=O)C=CC=C1,O=S(=O)(F)F,CC1=C(C(=O)NS(=O)(=O)F)C=CC=C1,CS(=O)C,,,5,1,1,46.8,12,50,0,0,0,0
sufex_000327,327,0.56,56,C1CCC2=NCCCN2CC1,NC(=O)C1=CC2=CC=CC=C2O1,O=S(=O)(F)F,O=C(NS(=O)(=O)F)C1=CC2=CC=CC=C2O1,CS(=O)C,,,5,1,1,46.8,12,50,0,0,0,0
sufex_000328,328,0.48,48,C1CCC2=NCCCN2CC1,CC(N)=O,O=S(=O)(F)F,CC(=O)NS(=O)(=O)F,CS(=O)C,,,5,1,1,46.8,12,50,0,0,0,0
sufex_000329,329,0.25,25,O=C([O-])[O-].[Cs+].[Cs+],NC(C1=CC=CC=C1)=O,O=S(=O)(F)F,O=C(NS(=O)(=O)F)C1=CC=CC=C1,CS(=O)C,,,5,1,1,46.8,12,50,0,0,0,0
sufex_000330,330,0.13,13,O=C([O-])[O-].[K+].[K+],NC(C1=CC=CC=C1)=O,O=S(=O)(F)F,O=C(NS(=O)(=O)F)C1=CC=CC=C1,CS(=O)C,,,5,1,1,46.8,12,50,0,0,0,0
sufex_000331,331,0.19,19,[OH-].[K+],NC(C1=CC=CC=C1)=O,O=S(=O)(F)F,O=C(NS(=O)(=O)F)C1=CC=CC=C1,CS(=O)C,,,5,1,1,46.8,12,50,0,0,0,0
sufex_000332,332,0.15,15,[OH-].[Na+],NC(C1=CC=CC=C1)=O,O=S(=O)(F)F,O=C(NS(=O)(=O)F)C1=CC=CC=C1,CS(=O)C,,,5,1,1,46.8,12,50,0,0,0,0
sufex_000333,333,0,0,CCN(CC)CC,NC(C1=CC=CC=C1)=O,O=S(=O)(F)F,O=C(NS(=O)(=O)F)C1=CC=CC=C1,CS(=O)C,,,5,1,1,46.8,12,50,0,0,0,0
sufex_000334,334,0,0,CC(C)N(CC)C(C)C,NC(C1=CC=CC=C1)=O,O=S(=O)(F)F,O=C(NS(=O)(=O)F)C1=CC=CC=C1,CS(=O)C,,,5,1,1,46.8,12,50,0,0,0,0
sufex_000335,335,0.81,81,C1CCC2=NCCCN2CC1,NC(C1=CC=CC=C1)=O,O=S(=O)(F)F,O=C(NS(=O)(=O)F)C1=CC=CC=C1,CN1CCCC1=O,,,5,1,1,32.2,12,50,0,0,0,0
sufex_000336,336,0.75,75,C1CCC2=NCCCN2CC1,NC(C1=CC=CC=C1)=O,O=S(=O)(F)F,O=C(NS(=O)(=O)F)C1=CC=CC=C1,CC#N,,,5,1,1,35.7,12,50,0,0,0,0
sufex_000337,337,0.6,60,C1CCC2=NCCCN2CC1,NC(C1=CC=CC=C1)=O,O=S(=O)(F)F,O=C(NS(=O)(=O)F)C1=CC=CC=C1,C1COCCO1,,,5,1,1,2.2,12,50,0,0,0,0
sufex_000338,338,0.79,79,C1CCC2=NCCCN2CC1,NC(C1=CC=CC=C1)=O,O=S(=O)(F)F,O=C(NS(=O)(=O)F)C1=CC=CC=C1,C1CCCO1,,,5,1,1,7.4,12,50,0,0,0,0
sufex_000339,339,0.82,82,C1CCC2=NCCCN2CC1,NC(C1=CC=CC=C1)=O,O=S(=O)(F)F,O=C(NS(=O)(=O)F)C1=CC=CC=C1,CS(=O)C,,,5,1,1,46.8,12,40,0,0,0,0
sufex_000340,340,0.69,69,C1CCC2=NCCCN2CC1,NC(C1=CC=CC=C1)=O,O=S(=O)(F)F,O=C(NS(=O)(=O)F)C1=CC=CC=C1,CS(=O)C,,,4,1,1,46.8,12,50,0,0,0,0
sufex_000341,341,0.76,76,,C1CCNC1,COC1=CC=C(N2N=C(C3=CC=CC=C3)C=C2OS(=O)(=O)F)C=C1,COC1=CC=C(N2N=C(C3=CC=CC=C3)C=C2OS(=O)(=O)N2CCCC2)C=C1,C1CCCO1,,,0,1.2,1,7.4,12,25,0,0,0,0
sufex_000342,342,0.98,98,CCN(CC)CC,C1COCCN1,CC(C)(C)OC(=O)N1CCCC1CCS(=O)(=O)F,CC(C)(C)OC(=O)N1CCCC1CCS(=O)(=O)N1CCOCC1,CC#N,,,2,2,1,35.7,24,80,0,0,0,0
sufex_000343,343,0.7,70,,C1CCNC1,O=C(N[C@]1(CCS(=O)(=O)F)C(=O)N(CC2=CC=CC=C2)C2=CC=CC=C21)C1=CC=CC=C1,O=C(N[C@]1(CCS(=O)(=O)N2CCCC2)C(=O)N(CC2=CC=CC=C2)C2=CC=CC=C21)C1=CC=CC=C1,C1CCCO1,,,0,1.5,1,7.4,12,60,0,0,0,0
sufex_000344,344,0.81,81,CCN(CC)CC,C1COCCN1,COC(=O)[C@H](CC1=CC(/C=C/S(=O)(=O)F)=C(OC)C=C1)N1C(=O)C2=CC=CC=C2C1=O,COC(=O)[C@H](CC1=CC(/C=C/S(=O)(=O)N2CCOCC2)=C(OC)C=C1)N1C(=O)C2=CC=CC=C2C1=O,CC#N,,,1.6,1.6,1,35.7,2,80,0,0,0,0
sufex_000345,345,0.96,96,CCN(CC)CC,COC1=CC=C(C=C1)N2CCNCC2,O=S(F)(F)=O,COC1=CC=C(N2CCN(S(=O)(=O)F)CC2)C=C1,C(Cl)Cl,,,2,1,1,8.9,12,25,0,0,0,0
sufex_000346,346,1,100,C1CN2CCN1CC2,C1CCNCC1,C=C(OS(=O)(=O)F)C1=CC(C)=CC(C)=C1,C=C(OS(=O)(=O)N1CCCCC1)C1=CC(C)=CC(C)=C1,C1CCCO1,C(F)(F)(F)S(=O)(=O)[N-]S(=O)(=O)C(F)(F)F.C(F)(F)(F)S(=O)(=O)[N-]S(=O)(=O)C(F)(F)F.[Ca+2],,1.5,1.05,1,7.4,24,25,1.1,0,0,0
sufex_000347,347,1,100,C1CN2CCN1CC2,C1CCNCC1,C=C(OS(=O)(=O)F)C1=CC=CC=C1,C=C(OS(=O)(=O)N1CCCCC1)C1=CC=CC=C1,C1CCCO1,C(F)(F)(F)S(=O)(=O)[N-]S(=O)(=O)C(F)(F)F.C(F)(F)(F)S(=O)(=O)[N-]S(=O)(=O)C(F)(F)F.[Ca+2],,1.5,1.05,1,7.4,24,25,1.1,0,0,0
sufex_000348,348,0.98,98,C1CN2CCN1CC2,C1CCNC1,O=S(=O)(F)OC1=CCCC2=CC=CC=C21,O=S(=O)(OC1=CCCC2=CC=CC=C21)N1CCCC1,C1CCCO1,C(F)(F)(F)S(=O)(=O)[N-]S(=O)(=O)C(F)(F)F.C(F)(F)(F)S(=O)(=O)[N-]S(=O)(=O)C(F)(F)F.[Ca+2],,1.5,1.05,1,7.4,16,25,1.1,0,0,0
sufex_000349,349,0.98,98,C1CN2CCN1CC2,COC(=O)[C@@H]1CCCN1,O=S(=O)(F)OC1=CCCC2=CC=CC=C21,COC(=O)[C@@H]1CCCN1S(=O)(=O)OC1=CCCC2=CC=CC=C21,C1CCCO1,C(F)(F)(F)S(=O)(=O)[N-]S(=O)(=O)C(F)(F)F.C(F)(F)(F)S(=O)(=O)[N-]S(=O)(=O)C(F)(F)F.[Ca+2],,1.5,1.05,1,7.4,24,25,1.1,0,0,0
sufex_000350,350,0.95,95,C1CN2CCN1CC2,C1CCNCC1,O=S(=O)(F)OC1=CCCC2=CC=CC=C21,O=S(=O)(OC1=CCCC2=CC=CC=C21)N1CCCCC1,C1CCCO1,C(F)(F)(F)S(=O)(=O)[N-]S(=O)(=O)C(F)(F)F.C(F)(F)(F)S(=O)(=O)[N-]S(=O)(=O)C(F)(F)F.[Ca+2],,1.5,1.05,1,7.4,16,25,1.1,0,0,0
sufex_000351,351,0.93,93,C1CN2CCN1CC2,CCCCCCN,O=S(=O)(F)OC1=CCCC2=CC=CC=C21,CCCCCCNS(=O)(=O)OC1=CCCC2=CC=CC=C21,C1CCCO1,C(F)(F)(F)S(=O)(=O)[N-]S(=O)(=O)C(F)(F)F.C(F)(F)(F)S(=O)(=O)[N-]S(=O)(=O)C(F)(F)F.[Ca+2],,1.5,1.05,1,7.4,16,25,1.1,0,0,0
sufex_000352,352,0.8,80,C1CN2CCN1CC2,NCC1=CC=CC=C1,O=S(=O)(F)OC1=CCCC2=CC=CC=C21,O=S(=O)(NCC1=CC=CC=C1)OC1=CCCC2=CC=CC=C21,C1CCCO1,C(F)(F)(F)S(=O)(=O)[N-]S(=O)(=O)C(F)(F)F.C(F)(F)(F)S(=O)(=O)[N-]S(=O)(=O)C(F)(F)F.[Ca+2],,1.5,1.05,1,7.4,16,25,1.1,0,0,0
sufex_000353,353,0.77,77,C1CN2CCN1CC2,C=CCN,O=S(=O)(F)OC1=CCCC2=CC=CC=C21,C=CCNS(=O)(=O)OC1=CCCC2=CC=CC=C21,C1CCCO1,C(F)(F)(F)S(=O)(=O)[N-]S(=O)(=O)C(F)(F)F.C(F)(F)(F)S(=O)(=O)[N-]S(=O)(=O)C(F)(F)F.[Ca+2],,1.5,1.05,1,7.4,24,25,1.1,0,0,0
sufex_000354,354,0.77,77,C1CN2CCN1CC2,C1CCNCC1,COC1=CC=C2CCC=C(OS(=O)(=O)F)C2=C1,COC1=CC=C2CCC=C(OS(=O)(=O)N3CCCCC3)C2=C1,C1CCCO1,C(F)(F)(F)S(=O)(=O)[N-]S(=O)(=O)C(F)(F)F.C(F)(F)(F)S(=O)(=O)[N-]S(=O)(=O)C(F)(F)F.[Ca+2],,1.5,1.05,1,7.4,12,25,1.1,0,0,0
sufex_000355,355,0.77,77,C1CN2CCN1CC2,C1CCCNCC1,O=S(=O)(F)OC1=CCCC2=CC=CC=C21,O=S(=O)(OC1=CCCC2=CC=CC=C21)N1CCCCCC1,C1CCCO1,C(F)(F)(F)S(=O)(=O)[N-]S(=O)(=O)C(F)(F)F.C(F)(F)(F)S(=O)(=O)[N-]S(=O)(=O)C(F)(F)F.[Ca+2],,1.5,1.05,1,7.4,16,25,1.1,0,0,0
sufex_000356,356,0.77,77,C1CN2CCN1CC2,NCC1=CC=C(F)C(C(F)(F)F)=C1,O=S(=O)(F)OC1=CCCC2=CC=CC=C21,O=S(=O)(NCC1=CC(C(F)(F)F)=C(F)C=C1)OC1=CCCC2=CC=CC=C21,C1CCCO1,C(F)(F)(F)S(=O)(=O)[N-]S(=O)(=O)C(F)(F)F.C(F)(F)(F)S(=O)(=O)[N-]S(=O)(=O)C(F)(F)F.[Ca+2],,1.5,1.05,1,7.4,16,25,1.1,0,0,0
sufex_000357,357,0.68,68,C1CN2CCN1CC2,C#CCN,O=S(=O)(F)OC1=CCCC2=CC=CC=C21,C#CCNS(=O)(=O)OC1=CCCC2=CC=CC=C21,C1CCCO1,C(F)(F)(F)S(=O)(=O)[N-]S(=O)(=O)C(F)(F)F.C(F)(F)(F)S(=O)(=O)[N-]S(=O)(=O)C(F)(F)F.[Ca+2],,1.5,1.05,1,7.4,48,25,1.1,0,0,0
sufex_000358,358,0.67,67,C1CN2CCN1CC2,CC(C)=CCCCN,O=S(=O)(F)OC1=CCCC2=CC=CC=C21,CC(C)=CCCCNS(=O)(=O)OC1=CCCC2=CC=CC=C21,C1CCCO1,C(F)(F)(F)S(=O)(=O)[N-]S(=O)(=O)C(F)(F)F.C(F)(F)(F)S(=O)(=O)[N-]S(=O)(=O)C(F)(F)F.[Ca+2],,1.5,1.05,1,7.4,16,25,1.1,0,0,0
sufex_000359,359,0.62,62,C1CN2CCN1CC2,NCC1=C(Cl)C=C(Cl)C=C1,O=S(=O)(F)OC1=CCCC2=CC=CC=C21,O=S(=O)(NCC1=C(Cl)C=C(Cl)C=C1)OC1=CCCC2=CC=CC=C21,C1CCCO1,C(F)(F)(F)S(=O)(=O)[N-]S(=O)(=O)C(F)(F)F.C(F)(F)(F)S(=O)(=O)[N-]S(=O)(=O)C(F)(F)F.[Ca+2],,1.5,1.05,1,7.4,24,25,1.1,0,0,0
sufex_000360,360,0.72,72,,C=CCN,O=S(=O)(F)C1=NC2=CC=CC=C2S1,C=CCNS(=O)(=O)C1=NC2=CC=CC=C2S1,CC#N,,,0,3,1,35.7,12,25,0,0,0,0
sufex_000361,361,0.65,65,,NCC1=CC=CC=C1,O=S(=O)(F)C1=NC2=CC=CC=C2S1,O=S(=O)(NCC1=CC=CC=C1)C1=NC2=CC=CC=C2S1,CC#N,,,0,3,1,35.7,12,25,0,0,0,0
sufex_000362,362,0.45,45,,NCC1=CC=CO1,O=S(=O)(F)C1=NC2=CC=CC=C2S1,O=S(=O)(NCC1=CC=CO1)C1=NC2=CC=CC=C2S1,CC#N,,,0,3,1,35.7,12,25,0,0,0,0
sufex_000363,363,0.56,56,,NCCCC,O=S(=O)(F)C1=NC2=CC=CC=C2S1,O=S(NCCCC)(C1=NC2=CC=CC=C2S1)=O,CC#N,,,0,3,1,35.7,12,25,0,0,0,0
sufex_000364,364,0.24,24,,NC(C)C1=CC=C(Cl)C=C1,O=S(=O)(F)C1=NC2=CC=CC=C2S1,O=S(NC(C)C1=CC=C(Cl)C=C1)(C2=NC3=CC=CC=C3S2)=O,CC#N,,,0,3,1,35.7,12,25,0,0,0,0
sufex_000365,365,0.37,37,,NCC1=CC=CC=C1,O=S(=O)(F)C1=NC2=CC=CC=C2S1,O=S(=O)(NCC1=CC=CC=C1)C1=NC2=CC=CC=C2S1,CC#N,,,0,2,1,35.7,12,25,0,0,0,0
sufex_000366,366,0.64,64,,NCC1=CC=CC=C1,O=S(=O)(F)C1=NC2=CC=CC=C2S1,O=S(=O)(NCC1=CC=CC=C1)C1=NC2=CC=CC=C2S1,CC#N,,,0,5,1,35.7,12,25,0,0,0,0
sufex_000367,367,0,0,CCN(CC)CC,NCC1=CC=CC=C1,O=S(=O)(F)C1=NC2=CC=CC=C2S1,O=S(=O)(NCC1=CC=CC=C1)C1=NC2=CC=CC=C2S1,CC#N,,,2,2,1,35.7,12,25,0,0,0,0
sufex_000368,368,0.48,48,C(=O)([O-])[O-].[Cs+].[Cs+],C1=CNC=N1,C/C(=C(/C1=CC=C(Cl)C=C1)C(F)(F)F)S(=O)(=O)F,C/C(=C(/C1=CC=C(Cl)C=C1)C(F)(F)F)S(=O)(=O)N1C=CN=C1,CC#N,,,2,1.5,1,35.7,1,25,0,0,0,0
sufex_000369,369,0.9,90,CCN(CC)CC,C1COCCN1,O=C1CCC(CS(=O)(=O)F)N1C1=CC=CC=C1,O=C1CCC(CS(=O)(=O)N2CCOCC2)N1C1=CC=CC=C1,CC#N,,,2,2,1,35.7,24,80,0,0,0,0
sufex_000370,370,0.97,97,CCN(CC)CC,C1COCCN1,CC(C#CC1=CC=CC=C1)(CCOC(=O)C1=CC=CC=C1)CS(=O)(=O)F,CC(C#CC1=CC=CC=C1)(CCOC(=O)C1=CC=CC=C1)CS(=O)(=O)N1CCOCC1,CC#N,,,2,2,1,35.7,18,80,0,0,0,0
sufex_000371,371,0.81,81,C1CCC2=NCCCN2CC1,CN[C@H]1CC[C@@H](C2=CC(Cl)=C(Cl)C=C2)C2=CC=CC=C21,CC1=C(C(=O)OCCCS(=O)(=O)F)SC(C2=CC(C#N)=C(OCC(C)C)C=C2)=N1,CC1=C(C(=O)OCCCS(=O)(=O)N(C)[C@H]2CC[C@@H](C3=CC(Cl)=C(Cl)C=C3)C3=CC=CC=C32)SC(C2=CC(C#N)=C(OCC(C)C)C=C2)=N1,CC#N,,,1.5,1.5,1,35.7,6,60,0,0,0,0
sufex_000372,372,0.51,51,C1CCC2=NCCCN2CC1,C1COCCN1,COC1=CC=C(C2=C(S(=O)(=O)F)C3(C4=CC=CC=C4)OC2(C2=CC=CC=C2)C2=CC=CC=C23)C=C1,COC1=CC=C(C2=C(S(=O)(=O)N3CCOCC3)C3(C4=CC=CC=C4)OC2(C2=CC=CC=C2)C2=CC=CC=C23)C=C1,CC#N,,,0.2,1,1,35.7,16,60,0,0,0,0
sufex_000373,373,0.75,75,C1CN2CCN1CC2,FC(F)(F)C1=NC(N2CCNCC2)=CC=C1,O=S(=O)(F)C1=CC=CC=C1,O=S(=O)(C1=CC=CC=C1)N1CCN(C2=CC=CC(C(F)(F)F)=N2)CC1,C1CCCO1,C(F)(F)(F)S(=O)(=O)[N-]S(=O)(=O)C(F)(F)F.C(F)(F)(F)S(=O)(=O)[N-]S(=O)(=O)C(F)(F)F.[Ca+2],[H][Si](C)(C)O[Si]([H])(C)C,0.2,1.05,1,7.4,24,50,0.1,2,0,0
sufex_000374,374,0,0,C1CN2CCN1CC2,FC(F)(F)C1=NC(N2CCNCC2)=CC=C1,O=S(=O)(F)C1=CC=CC=C1,O=S(=O)(C1=CC=CC=C1)N1CCN(C2=CC=CC(C(F)(F)F)=N2)CC1,C1CCCO1,,[H][Si](C)(C)O[Si]([H])(C)C,0.2,1.05,1,7.4,24,50,0,2,0,0
sufex_000375,375,0,0,C1CN2CCN1CC2,FC(F)(F)C1=NC(N2CCNCC2)=CC=C1,O=S(=O)(F)C1=CC=CC=C1,O=S(=O)(C1=CC=CC=C1)N1CCN(C2=CC=CC(C(F)(F)F)=N2)CC1,C1CCCO1,,[H][Si](C)(C)O[Si]([H])(C)C,0.2,1.05,1,7.4,24,25,0,2,0,0
sufex_000376,376,0,0,C1CN2CCN1CC2,FC(F)(F)C1=NC(N2CCNCC2)=CC=C1,O=S(=O)(F)C1=CC=CC=C1,O=S(=O)(C1=CC=CC=C1)N1CCN(C2=CC=CC(C(F)(F)F)=N2)CC1,C1CCCO1,,,0.2,1.05,1,7.4,24,25,0,0,0,0
sufex_000377,377,0.01,1,C1CN2CCN1CC2,FC(F)(F)C1=NC(N2CCNCC2)=CC=C1,O=S(=O)(F)C1=CC=CC=C1,O=S(=O)(C1=CC=CC=C1)N1CCN(C2=CC=CC(C(F)(F)F)=N2)CC1,C1CCCO1,,,0.5,1.05,1,7.4,24,25,0,0,0,0
sufex_000378,378,0,0,C1CN2CCN1CC2,FC(F)(F)C1=NC(N2CCNCC2)=CC=C1,O=S(=O)(F)C1=CC=CC=C1,O=S(=O)(C1=CC=CC=C1)N1CCN(C2=CC=CC(C(F)(F)F)=N2)CC1,C1CCCO1,,,1,1.05,1,7.4,24,25,0,0,0,0
sufex_000379,379,0,0,C1CN2CCN1CC2,FC(F)(F)C1=NC(N2CCNCC2)=CC=C1,O=S(=O)(F)C1=CC=CC=C1,O=S(=O)(C1=CC=CC=C1)N1CCN(C2=CC=CC(C(F)(F)F)=N2)CC1,C1CCCO1,,,2,1.05,1,7.4,24,25,0,0,0,0
sufex_000380,380,0.51,51,C1CN2CCN1CC2,FC(F)(F)C1=NC(N2CCNCC2)=CC=C1,COC1=CC=C(S(=O)(=O)F)C=C1,COC1=CC=C(S(=O)(=O)N2CCN(C3=CC=CC(C(F)(F)F)=N3)CC2)C=C1,C1CCCO1,C(F)(F)(F)S(=O)(=O)[N-]S(=O)(=O)C(F)(F)F.C(F)(F)(F)S(=O)(=O)[N-]S(=O)(=O)C(F)(F)F.[Ca+2],[H][Si](C)(C)O[Si]([H])(C)C,0.2,1.05,1,7.4,24,50,0.1,2,0,0
sufex_000381,381,0.07,7,C1CN2CCN1CC2,FC(F)(F)C1=NC(N2CCNCC2)=CC=C1,COC1=CC=C(S(=O)(=O)F)C=C1,COC1=CC=C(S(=O)(=O)N2CCN(C3=CC=CC(C(F)(F)F)=N3)CC2)C=C1,C1CCCO1,,[H][Si](C)(C)O[Si]([H])(C)C,0.2,1.05,1,7.4,24,50,0,2,0,0
sufex_000382,382,0.53,53,C1CN2CCN1CC2,FC(F)(F)C1=CC=C(N2CCNCC2)N=C1,O=S(=O)(F)C1=CC=CC=C1,O=S(=O)(C1=CC=CC=C1)N1CCN(C2=CC=C(C(F)(F)F)C=N2)CC1,C1CCCO1,C(F)(F)(F)S(=O)(=O)[N-]S(=O)(=O)C(F)(F)F.C(F)(F)(F)S(=O)(=O)[N-]S(=O)(=O)C(F)(F)F.[Ca+2],[H][Si](C)(C)O[Si]([H])(C)C,0.2,1.05,1,7.4,24,50,0.1,2,0,0
sufex_000383,383,0,0,C1CN2CCN1CC2,FC(F)(F)C1=CC=C(N2CCNCC2)N=C1,O=S(=O)(F)C1=CC=CC=C1,O=S(=O)(C1=CC=CC=C1)N1CCN(C2=CC=C(C(F)(F)F)C=N2)CC1,C1CCCO1,,[H][Si](C)(C)O[Si]([H])(C)C,0.2,1.05,1,7.4,24,50,0,2,0,0
sufex_000384,384,0.67,67,C1CN2CCN1CC2,FC(F)(F)C1=NC(N2CCNCC2)=CC=C1,N#CC1=CC=C(S(=O)(=O)F)C=C1,N#CC1=CC=C(S(=O)(=O)N2CCN(C3=CC=CC(C(F)(F)F)=N3)CC2)C=C1,C1CCCO1,C(F)(F)(F)S(=O)(=O)[N-]S(=O)(=O)C(F)(F)F.C(F)(F)(F)S(=O)(=O)[N-]S(=O)(=O)C(F)(F)F.[Ca+2],[H][Si](C)(C)O[Si]([H])(C)C,0.2,1.05,1,7.4,24,50,0.1,2,0,0
sufex_000385,385,0.24,24,C1CN2CCN1CC2,FC(F)(F)C1=NC(N2CCNCC2)=CC=C1,N#CC1=CC=C(S(=O)(=O)F)C=C1,N#CC1=CC=C(S(=O)(=O)N2CCN(C3=CC=CC(C(F)(F)F)=N3)CC2)C=C1,C1CCCO1,,[H][Si](C)(C)O[Si]([H])(C)C,0.2,1.05,1,7.4,24,50,0,2,0,0
sufex_000386,386,0,0,C1CN2CCN1CC2,FC(F)(F)C1=NC(N2CCNCC2)=CC=C1,O=S(=O)(F)C1=CC=CC=C1,O=S(=O)(C1=CC=CC=C1)N1CCN(C2=CC=CC(C(F)(F)F)=N2)CC1,C1CCCO1,,,1.5,1.05,1,7.4,24,25,0,0,0,0
sufex_000387,387,0.42,42,C1CN2CCN1CC2,FC(F)(F)C1=NC(N2CCNCC2)=CC=C1,O=S(=O)(F)C1=CC=CC=C1,O=S(=O)(C1=CC=CC=C1)N1CCN(C2=CC=CC(C(F)(F)F)=N2)CC1,C1CCCO1,C(F)(F)(F)S(=O)(=O)[N-]S(=O)(=O)C(F)(F)F.C(F)(F)(F)S(=O)(=O)[N-]S(=O)(=O)C(F)(F)F.[Ca+2],,1.5,1.05,1,7.4,24,25,0.1,0,0,0
sufex_000388,388,0.35,35,C1CN2CCN1CC2,FC(F)(F)C1=NC(N2CCNCC2)=CC=C1,O=S(=O)(F)C1=CC=CC=C1,O=S(=O)(C1=CC=CC=C1)N1CCN(C2=CC=CC(C(F)(F)F)=N2)CC1,C1CCCO1,C(F)(F)(F)S(=O)(=O)[N-]S(=O)(=O)C(F)(F)F.C(F)(F)(F)S(=O)(=O)[N-]S(=O)(=O)C(F)(F)F.[Ca+2],,0.2,1.05,1,7.4,24,25,0.1,0,0,0
sufex_000389,389,0.65,65,C1CN2CCN1CC2,FC(F)(F)C1=NC(N2CCNCC2)=CC=C1,O=S(=O)(F)C1=CC=CC=C1,O=S(=O)(C1=CC=CC=C1)N1CCN(C2=CC=CC(C(F)(F)F)=N2)CC1,C1CCCO1,C(F)(F)(F)S(=O)(=O)[N-]S(=O)(=O)C(F)(F)F.C(F)(F)(F)S(=O)(=O)[N-]S(=O)(=O)C(F)(F)F.[Ca+2],,0.2,1.05,1,7.4,24,50,0.1,0,0,0
sufex_000390,390,0.01,1,C1CN2CCN1CC2,FC(F)(F)C1=NC(N2CCNCC2)=CC=C1,O=S(=O)(F)C1=CC=CC=C1,O=S(=O)(C1=CC=CC=C1)N1CCN(C2=CC=CC(C(F)(F)F)=N2)CC1,C1CCCO1,,,0.2,1.05,1,7.4,24,50,0,0,0,0
sufex_000391,391,0.64,64,C1CN2CCN1CC2,FC(F)(F)C1=NC(N2CCNCC2)=CC=C1,O=S(=O)(F)C1=CC=CC=C1,O=S(=O)(C1=CC=CC=C1)N1CCN(C2=CC=CC(C(F)(F)F)=N2)CC1,C1CCCO1,C(F)(F)(F)S(=O)(=O)[N-]S(=O)(=O)C(F)(F)F.C(F)(F)(F)S(=O)(=O)[N-]S(=O)(=O)C(F)(F)F.[Ca+2],[H][Si](C)(OCC)OCC,0.2,1.05,1,7.4,24,50,0.1,2,0,0
sufex_000392,392,0.02,2,C1CN2CCN1CC2,FC(F)(F)C1=NC(N2CCNCC2)=CC=C1,O=S(=O)(F)C1=CC=CC=C1,O=S(=O)(C1=CC=CC=C1)N1CCN(C2=CC=CC(C(F)(F)F)=N2)CC1,C1CCCO1,,[H][Si](C)(OCC)OCC,0.2,1.05,1,7.4,24,50,0,2,0,0
sufex_000393,393,0,0,C1CN2CCN1CC2,FC(F)(F)C1=NC(N2CCNCC2)=CC=C1,O=S(=O)(F)C1=CC=CC=C1,O=S(=O)(C1=CC=CC=C1)N1CCN(C2=CC=CC(C(F)(F)F)=N2)CC1,C1CCCO1,,[H][Si](C)(OCC)OCC,0.2,1.05,1,7.4,24,25,0,2,0,0
sufex_000394,394,0.03,3,C1CN2CCN1CC2,FC(F)(F)C1=NC(N2CCNCC2)=CC=C1,O=S(=O)(F)C1=CC=CC=C1,O=S(=O)(C1=CC=CC=C1)N1CCN(C2=CC=CC(C(F)(F)F)=N2)CC1,C1CCCO1,,[H][Si](C)(OCC)OCC,0.5,1.05,1,7.4,24,25,0,2,0,0
sufex_000395,395,0.22,22,,FC(F)(F)C1=NC(N2CCNCC2)=CC=C1,O=S(=O)(F)C1=CC=CC=C1,O=S(=O)(C1=CC=CC=C1)N1CCN(C2=CC=CC(C(F)(F)F)=N2)CC1,C1CCCO1,C(F)(F)(F)S(=O)(=O)[N-]S(=O)(=O)C(F)(F)F.C(F)(F)(F)S(=O)(=O)[N-]S(=O)(=O)C(F)(F)F.[Ca+2],,0,1.05,1,7.4,24,25,0.1,0,0,0
sufex_000396,396,0.39,39,C1CN2CCN1CC2,FC(F)(F)C1=NC(N2CCNCC2)=CC=C1,O=S(=O)(F)C1=CC=CC=C1,O=S(=O)(C1=CC=CC=C1)N1CCN(C2=CC=CC(C(F)(F)F)=N2)CC1,C1CCCO1,C(F)(F)(F)S(=O)(=O)[N-]S(=O)(=O)C(F)(F)F.C(F)(F)(F)S(=O)(=O)[N-]S(=O)(=O)C(F)(F)F.[Ca+2],,0.5,1.05,1,7.4,24,25,0.1,0,0,0
sufex_000397,397,0.41,41,C1CN2CCN1CC2,FC(F)(F)C1=NC(N2CCNCC2)=CC=C1,O=S(=O)(F)C1=CC=CC=C1,O=S(=O)(C1=CC=CC=C1)N1CCN(C2=CC=CC(C(F)(F)F)=N2)CC1,C1CCCO1,C(F)(F)(F)S(=O)(=O)[N-]S(=O)(=O)C(F)(F)F.C(F)(F)(F)S(=O)(=O)[N-]S(=O)(=O)C(F)(F)F.[Ca+2],,1,1.05,1,7.4,24,25,0.1,0,0,0
sufex_000398,398,0.46,46,C1CN2CCN1CC2,FC(F)(F)C1=NC(N2CCNCC2)=CC=C1,O=S(=O)(F)C1=CC=CC=C1,O=S(=O)(C1=CC=CC=C1)N1CCN(C2=CC=CC(C(F)(F)F)=N2)CC1,C1CCCO1,C(F)(F)(F)S(=O)(=O)[N-]S(=O)(=O)C(F)(F)F.C(F)(F)(F)S(=O)(=O)[N-]S(=O)(=O)C(F)(F)F.[Ca+2],,2,1.05,1,7.4,24,25,0.1,0,0,0
sufex_000399,399,0.28,28,,FC(F)(F)C1=NC(N2CCNCC2)=CC=C1,O=S(=O)(F)C1=CC=CC=C1,O=S(=O)(C1=CC=CC=C1)N1CCN(C2=CC=CC(C(F)(F)F)=N2)CC1,C1CCCO1,C(F)(F)(F)S(=O)(=O)[N-]S(=O)(=O)C(F)(F)F.C(F)(F)(F)S(=O)(=O)[N-]S(=O)(=O)C(F)(F)F.[Ca+2],[H][Si](C)(OCC)OCC,0,1.05,1,7.4,24,25,0.1,2,0,0
sufex_000400,400,0.36,36,C1CN2CCN1CC2,FC(F)(F)C1=NC(N2CCNCC2)=CC=C1,O=S(=O)(F)C1=CC=CC=C1,O=S(=O)(C1=CC=CC=C1)N1CCN(C2=CC=CC(C(F)(F)F)=N2)CC1,C1CCCO1,C(F)(F)(F)S(=O)(=O)[N-]S(=O)(=O)C(F)(F)F.C(F)(F)(F)S(=O)(=O)[N-]S(=O)(=O)C(F)(F)F.[Ca+2],[H][Si](C)(OCC)OCC,0.2,1.05,1,7.4,24,25,0.1,2,0,0
sufex_000401,401,0.44,44,C1CN2CCN1CC2,FC(F)(F)C1=NC(N2CCNCC2)=CC=C1,O=S(=O)(F)C1=CC=CC=C1,O=S(=O)(C1=CC=CC=C1)N1CCN(C2=CC=CC(C(F)(F)F)=N2)CC1,C1CCCO1,C(F)(F)(F)S(=O)(=O)[N-]S(=O)(=O)C(F)(F)F.C(F)(F)(F)S(=O)(=O)[N-]S(=O)(=O)C(F)(F)F.[Ca+2],[H][Si](C)(OCC)OCC,0.5,1.05,1,7.4,24,25,0.1,2,0,0
sufex_000402,402,0.35,35,C1CN2CCN1CC2,FC(F)(F)C1=NC(N2CCNCC2)=CC=C1,O=S(=O)(F)C1=CC=CC=C1,O=S(=O)(C1=CC=CC=C1)N1CCN(C2=CC=CC(C(F)(F)F)=N2)CC1,C1CCCO1,C(F)(F)(F)S(=O)(=O)[N-]S(=O)(=O)C(F)(F)F.C(F)(F)(F)S(=O)(=O)[N-]S(=O)(=O)C(F)(F)F.[Ca+2],[H][Si](C)(C)O[Si]([H])(C)C,0.2,1.05,1,7.4,24,25,0.1,2,0,0
sufex_000403,403,0,0,C1CN2CCN1CC2,FC(F)(F)C1=NC(N2CCNCC2)=CC=C1,O=S(=O)(F)C1=CC=CC=C1,O=S(=O)(C1=CC=CC=C1)N1CCN(C2=CC=CC(C(F)(F)F)=N2)CC1,C1CCCO1,,[H][Si](C)(C)O[Si]([H])(C)C,0.2,1.05,1,7.4,72,25,0,2,0,0
sufex_000404,404,0.61,61,C1CN2CCN1CC2,FC(F)(F)C1=NC(N2CCNCC2)=CC=C1,O=S(=O)(F)C1=CC=CC=C1,O=S(=O)(C1=CC=CC=C1)N1CCN(C2=CC=CC(C(F)(F)F)=N2)CC1,C1CCCO1,C(F)(F)(F)S(=O)(=O)[N-]S(=O)(=O)C(F)(F)F.C(F)(F)(F)S(=O)(=O)[N-]S(=O)(=O)C(F)(F)F.[Ca+2],[H][Si](C)(C)O[Si]([H])(C)C,0.2,1.05,1,7.4,72,25,0.1,2,0,0
sufex_000405,405,0,0,CC(C)N(CC)C(C)C,FC(F)(F)C1=NC(N2CCNCC2)=CC=C1,O=S(=O)(F)C1=CC=CC=C1,O=S(=O)(C1=CC=CC=C1)N1CCN(C2=CC=CC(C(F)(F)F)=N2)CC1,C1CCCO1,,,0.2,1.05,1,7.4,24,50,0,0,0,0
sufex_000406,406,0,0,CC(C)N(CC)C(C)C,FC(F)(F)C1=NC(N2CCNCC2)=CC=C1,O=S(=O)(F)C1=CC=CC=C1,O=S(=O)(C1=CC=CC=C1)N1CCN(C2=CC=CC(C(F)(F)F)=N2)CC1,C1CCCO1,,,0.5,1.05,1,7.4,24,50,0,0,0,0
sufex_000407,407,0,0,CC(C)N(CC)C(C)C,FC(F)(F)C1=NC(N2CCNCC2)=CC=C1,O=S(=O)(F)C1=CC=CC=C1,O=S(=O)(C1=CC=CC=C1)N1CCN(C2=CC=CC(C(F)(F)F)=N2)CC1,C1CCCO1,,,1,1.05,1,7.4,24,50,0,0,0,0
sufex_000408,408,0,0,CC(C)N(CC)C(C)C,FC(F)(F)C1=NC(N2CCNCC2)=CC=C1,O=S(=O)(F)C1=CC=CC=C1,O=S(=O)(C1=CC=CC=C1)N1CCN(C2=CC=CC(C(F)(F)F)=N2)CC1,C1CCCO1,,,1.5,1.05,1,7.4,24,50,0,0,0,0
sufex_000409,409,0,0,CC(C)N(CC)C(C)C,FC(F)(F)C1=NC(N2CCNCC2)=CC=C1,O=S(=O)(F)C1=CC=CC=C1,O=S(=O)(C1=CC=CC=C1)N1CCN(C2=CC=CC(C(F)(F)F)=N2)CC1,C1CCCO1,,,2,1.05,1,7.4,24,50,0,0,0,0
sufex_000410,410,0.47,47,CC(C)N(CC)C(C)C,FC(F)(F)C1=NC(N2CCNCC2)=CC=C1,O=S(=O)(F)C1=CC=CC=C1,O=S(=O)(C1=CC=CC=C1)N1CCN(C2=CC=CC(C(F)(F)F)=N2)CC1,C1CCCO1,C(F)(F)(F)S(=O)(=O)[N-]S(=O)(=O)C(F)(F)F.C(F)(F)(F)S(=O)(=O)[N-]S(=O)(=O)C(F)(F)F.[Ca+2],,0.2,1.05,1,7.4,24,50,0.1,0,0,0
sufex_000411,411,0.54,54,CC(C)N(CC)C(C)C,FC(F)(F)C1=NC(N2CCNCC2)=CC=C1,O=S(=O)(F)C1=CC=CC=C1,O=S(=O)(C1=CC=CC=C1)N1CCN(C2=CC=CC(C(F)(F)F)=N2)CC1,C1CCCO1,C(F)(F)(F)S(=O)(=O)[N-]S(=O)(=O)C(F)(F)F.C(F)(F)(F)S(=O)(=O)[N-]S(=O)(=O)C(F)(F)F.[Ca+2],,0.5,1.05,1,7.4,24,50,0.1,0,0,0
sufex_000412,412,0.45,45,CC(C)N(CC)C(C)C,FC(F)(F)C1=NC(N2CCNCC2)=CC=C1,O=S(=O)(F)C1=CC=CC=C1,O=S(=O)(C1=CC=CC=C1)N1CCN(C2=CC=CC(C(F)(F)F)=N2)CC1,C1CCCO1,C(F)(F)(F)S(=O)(=O)[N-]S(=O)(=O)C(F)(F)F.C(F)(F)(F)S(=O)(=O)[N-]S(=O)(=O)C(F)(F)F.[Ca+2],,1,1.05,1,7.4,24,50,0.1,0,0,0
sufex_000413,413,0.44,44,CC(C)N(CC)C(C)C,FC(F)(F)C1=NC(N2CCNCC2)=CC=C1,O=S(=O)(F)C1=CC=CC=C1,O=S(=O)(C1=CC=CC=C1)N1CCN(C2=CC=CC(C(F)(F)F)=N2)CC1,C1CCCO1,C(F)(F)(F)S(=O)(=O)[N-]S(=O)(=O)C(F)(F)F.C(F)(F)(F)S(=O)(=O)[N-]S(=O)(=O)C(F)(F)F.[Ca+2],,1.5,1.05,1,7.4,24,50,0.1,0,0,0
sufex_000414,414,0.44,44,CC(C)N(CC)C(C)C,FC(F)(F)C1=NC(N2CCNCC2)=CC=C1,O=S(=O)(F)C1=CC=CC=C1,O=S(=O)(C1=CC=CC=C1)N1CCN(C2=CC=CC(C(F)(F)F)=N2)CC1,C1CCCO1,C(F)(F)(F)S(=O)(=O)[N-]S(=O)(=O)C(F)(F)F.C(F)(F)(F)S(=O)(=O)[N-]S(=O)(=O)C(F)(F)F.[Ca+2],,2,1.05,1,7.4,24,50,0.1,0,0,0
sufex_000415,415,0,0,CCN(CC)CC,FC(F)(F)C1=NC(N2CCNCC2)=CC=C1,O=S(=O)(F)C1=CC=CC=C1,O=S(=O)(C1=CC=CC=C1)N1CCN(C2=CC=CC(C(F)(F)F)=N2)CC1,C1CCCO1,,[H][Si](C)(C)O[Si]([H])(C)C,0.2,1.05,1,7.4,24,50,0,2,0,0
sufex_000416,416,0,0,N=C(N(C)C)N(C)C,FC(F)(F)C1=NC(N2CCNCC2)=CC=C1,O=S(=O)(F)C1=CC=CC=C1,O=S(=O)(C1=CC=CC=C1)N1CCN(C2=CC=CC(C(F)(F)F)=N2)CC1,C1CCCO1,,[H][Si](C)(C)O[Si]([H])(C)C,0.2,1.05,1,7.4,24,50,0,2,0,0
sufex_000417,417,0,0,C1=CN=CN1,FC(F)(F)C1=NC(N2CCNCC2)=CC=C1,O=S(=O)(F)C1=CC=CC=C1,O=S(=O)(C1=CC=CC=C1)N1CCN(C2=CC=CC(C(F)(F)F)=N2)CC1,C1CCCO1,,[H][Si](C)(C)O[Si]([H])(C)C,0.2,1.05,1,7.4,24,50,0,2,0,0
sufex_000418,418,0.03,3,C12=NCCCN1CCCCC2,FC(F)(F)C1=NC(N2CCNCC2)=CC=C1,O=S(=O)(F)C1=CC=CC=C1,O=S(=O)(C1=CC=CC=C1)N1CCN(C2=CC=CC(C(F)(F)F)=N2)CC1,C1CCCO1,,[H][Si](C)(C)O[Si]([H])(C)C,0.2,1.05,1,7.4,24,50,0,2,0,0
sufex_000419,419,0.59,59,CCN(CC)CC,FC(F)(F)C1=NC(N2CCNCC2)=CC=C1,O=S(=O)(F)C1=CC=CC=C1,O=S(=O)(C1=CC=CC=C1)N1CCN(C2=CC=CC(C(F)(F)F)=N2)CC1,C1CCCO1,C(F)(F)(F)S(=O)(=O)[N-]S(=O)(=O)C(F)(F)F.C(F)(F)(F)S(=O)(=O)[N-]S(=O)(=O)C(F)(F)F.[Ca+2],[H][Si](C)(C)O[Si]([H])(C)C,0.2,1.05,1,7.4,24,50,0.1,2,0,0
sufex_000420,420,0.64,64,C1=CN=CN1,FC(F)(F)C1=NC(N2CCNCC2)=CC=C1,O=S(=O)(F)C1=CC=CC=C1,O=S(=O)(C1=CC=CC=C1)N1CCN(C2=CC=CC(C(F)(F)F)=N2)CC1,C1CCCO1,C(F)(F)(F)S(=O)(=O)[N-]S(=O)(=O)C(F)(F)F.C(F)(F)(F)S(=O)(=O)[N-]S(=O)(=O)C(F)(F)F.[Ca+2],[H][Si](C)(C)O[Si]([H])(C)C,0.2,1.05,1,7.4,24,50,0.1,2,0,0
sufex_000421,421,0.29,29,C12=NCCCN1CCCCC2,FC(F)(F)C1=NC(N2CCNCC2)=CC=C1,O=S(=O)(F)C1=CC=CC=C1,O=S(=O)(C1=CC=CC=C1)N1CCN(C2=CC=CC(C(F)(F)F)=N2)CC1,C1CCCO1,C(F)(F)(F)S(=O)(=O)[N-]S(=O)(=O)C(F)(F)F.C(F)(F)(F)S(=O)(=O)[N-]S(=O)(=O)C(F)(F)F.[Ca+2],[H][Si](C)(C)O[Si]([H])(C)C,0.2,1.05,1,7.4,24,50,0.1,2,0,0
sufex_000422,422,0.86,86,C1CN2CCN1CC2,NC1=CC=CC=C1,O=C(NCC1=CC=CC=C1)C1=CC(S(=O)(=O)F)=NN1,O=C(NCC1=CC=CC=C1)C1=NNC(S(=O)(=O)NC2=CC=CC=C2)=C1,CC#N,C(F)(F)(F)S(=O)(=O)[N-]S(=O)(=O)C(F)(F)F.C(F)(F)(F)S(=O)(=O)[N-]S(=O)(=O)C(F)(F)F.[Ca+2],,2.5,1.05,1,35.7,2,25,1.1,0,0,0
sufex_000423,423,0.81,81,C1CN2CCN1CC2,NCC1=CC=CC=C1,O=C(NCC1=CC=CC=C1)C1=CC(S(=O)(=O)F)=NN1,O=C(NCC1=CC=CC=C1)C1=NNC(S(=O)(=O)NCC2=CC=CC=C2)=C1,CC#N,C(F)(F)(F)S(=O)(=O)[N-]S(=O)(=O)C(F)(F)F.C(F)(F)(F)S(=O)(=O)[N-]S(=O)(=O)C(F)(F)F.[Ca+2],,2.1,1.1,1,35.7,2,25,1.4,0,0,0
sufex_000424,424,0.8,80,C1CN2CCN1CC2,NCC1=CC=CC=C1,CCOC(=O)C1=NNC(S(=O)(=O)F)=C1,CCOC(=O)C1=NNC(S(=O)(=O)NCC2=CC=CC=C2)=C1,CC#N,C(F)(F)(F)S(=O)(=O)[N-]S(=O)(=O)C(F)(F)F.C(F)(F)(F)S(=O)(=O)[N-]S(=O)(=O)C(F)(F)F.[Ca+2],,2.1,1.1,1,35.7,2,25,1.4,0,0,0
sufex_000425,425,0.74,74,C1CN2CCN1CC2,C1COCCN1,O=C(NCC1=CC=CC=C1)C1=CC(S(=O)(=O)F)=NN1,O=C(NCC1=CC=CC=C1)C1=NNC(S(=O)(=O)N2CCOCC2)=C1,CC#N,C(F)(F)(F)S(=O)(=O)[N-]S(=O)(=O)C(F)(F)F.C(F)(F)(F)S(=O)(=O)[N-]S(=O)(=O)C(F)(F)F.[Ca+2],,2.5,1.05,1,35.7,2,25,1.1,0,0,0
sufex_000426,426,0,0,,NCC1=CC=CC=C1,O=C(NCC1=CC=CC=C1)C1=CC(S(=O)(=O)F)=NN1,O=C(NCC1=CC=CC=C1)C1=NNC(S(=O)(=O)NCC2=CC=CC=C2)=C1,CC#N,,,0,2,1,35.7,24,25,0,0,0,0
sufex_000427,427,0,0,,NCC1=CC=CC=C1,O=C(NCC1=CC=CC=C1)C1=CC(S(=O)(=O)F)=NN1,O=C(NCC1=CC=CC=C1)C1=NNC(S(=O)(=O)NCC2=CC=CC=C2)=C1,CC#N,,,0,2,1,35.7,24,80,0,0,0,0
sufex_000428,428,0.16,16,CCN(C(C)C)C(C)C,NCC1=CC=CC=C1,O=C(NCC1=CC=CC=C1)C1=CC(S(=O)(=O)F)=NN1,O=C(NCC1=CC=CC=C1)C1=NNC(S(=O)(=O)NCC2=CC=CC=C2)=C1,CC#N,,,2,2,1,35.7,72,25,0,0,0,0
sufex_000429,429,0.25,25,C1CN2CCN1CC2,NCC1=CC=CC=C1,O=C(NCC1=CC=CC=C1)C1=CC(S(=O)(=O)F)=NN1,O=C(NCC1=CC=CC=C1)C1=NNC(S(=O)(=O)NCC2=CC=CC=C2)=C1,CC#N,,,2.1,1.1,1,35.7,18,25,0,0,0,0
sufex_000430,430,0.8,80,CCN(CC)CC,C1COCCN1,COC(=O)[C@H](CCS(=O)(=O)F)NC(=O)OC(C)(C)C,COC(=O)[C@H](CCS(=O)(=O)N1CCOCC1)NC(=O)OC(C)(C)C,CC#N,,,2,2,1,35.7,12,80,0,0,0,0
sufex_000431,431,0.77,77,,C1CCNC1,O=C1C2=CC=CC=C2CC1S(=O)(=O)F,O=C1C2=CC=CC=C2CC1S(=O)(=O)N1CCCC1,CC#N,,,0,5,1,35.7,8,25,0,0,0,0
sufex_000432,432,0.73,73,,CCCCN,O=C1C2=CC=CC=C2CC1S(=O)(=O)F,CCCCNS(=O)(=O)C1CC2=CC=CC=C2C1=O,CC#N,,,0,4,1,35.7,8,25,0,0,0,0
sufex_000433,433,0.76,76,C1CN2CCN1CC2,C#CC1=CC=C(N)C=C1,CC(=O)OC[C@H]1O[C@@H](N2C=NC3=C(NS(=O)(=O)F)N=CN=C32)[C@H](OC(C)=O)[C@@H]1OC(C)=O,C#CC1=CC=C(NS(=O)(=O)NC2=C3N=CN([C@@H]4O[C@H](COC(C)=O)[C@@H](OC(C)=O)[C@H]4OC(C)=O)C3=NC=N2)C=C1,C(Cl)Cl,C(F)(F)(F)S(=O)(=O)[N-]S(=O)(=O)C(F)(F)F.C(F)(F)(F)S(=O)(=O)[N-]S(=O)(=O)C(F)(F)F.[Ca+2],,1.5,1.2,1,8.9,2,25,1.2,0,0,0
sufex_000434,434,0.7,70,C1CN2CCN1CC2,C1CCNCC1,CC(=O)OC[C@H]1O[C@@H](N2C=NC3=C(NS(=O)(=O)F)N=CN=C32)[C@H](OC(C)=O)[C@@H]1OC(C)=O,CC(=O)OC[C@H]1O[C@@H](N2C=NC3=C(NS(=O)(=O)N4CCCCC4)N=CN=C32)[C@H](OC(C)=O)[C@@H]1OC(C)=O,C(Cl)Cl,C(F)(F)(F)S(=O)(=O)[N-]S(=O)(=O)C(F)(F)F.C(F)(F)(F)S(=O)(=O)[N-]S(=O)(=O)C(F)(F)F.[Ca+2],,1.5,1.2,1,8.9,2,25,1.2,0,0,0
sufex_000435,435,0.7,70,C1CN2CCN1CC2,[N-]=[N+]=NCCOCCN,CC(=O)OC[C@H]1O[C@@H](N2C=NC3=C(NS(=O)(=O)F)N=CN=C32)[C@H](OC(C)=O)[C@@H]1OC(C)=O,CC(=O)OC[C@H]1O[C@@H](N2C=NC3=C(NS(=O)(=O)NCCOCCN=[N+]=[N-])N=CN=C32)[C@H](OC(C)=O)[C@@H]1OC(C)=O,C(Cl)Cl,C(F)(F)(F)S(=O)(=O)[N-]S(=O)(=O)C(F)(F)F.C(F)(F)(F)S(=O)(=O)[N-]S(=O)(=O)C(F)(F)F.[Ca+2],,1.5,1.2,1,8.9,2,25,1.2,0,0,0
sufex_000436,436,0.69,69,C1CN2CCN1CC2,C#CCCCN,CC(=O)OC[C@H]1O[C@@H](N2C=NC3=C(NS(=O)(=O)F)N=CN=C32)[C@H](OC(C)=O)[C@@H]1OC(C)=O,C#CCCCNS(=O)(=O)NC1=C2N=CN([C@@H]3O[C@H](COC(C)=O)[C@@H](OC(C)=O)[C@H]3OC(C)=O)C2=NC=N1,C(Cl)Cl,C(F)(F)(F)S(=O)(=O)[N-]S(=O)(=O)C(F)(F)F.C(F)(F)(F)S(=O)(=O)[N-]S(=O)(=O)C(F)(F)F.[Ca+2],,1.5,1.2,1,8.9,2,25,1.2,0,0,0
sufex_000437,437,0.64,64,C1CN2CCN1CC2,C1COCCN1,CC(=O)OC[C@H]1O[C@@H](N2C=NC3=C(NS(=O)(=O)F)N=CN=C32)[C@H](OC(C)=O)[C@@H]1OC(C)=O,CC(=O)OC[C@H]1O[C@@H](N2C=NC3=C(NS(=O)(=O)N4CCOCC4)N=CN=C32)[C@H](OC(C)=O)[C@@H]1OC(C)=O,C(Cl)Cl,C(F)(F)(F)S(=O)(=O)[N-]S(=O)(=O)C(F)(F)F.C(F)(F)(F)S(=O)(=O)[N-]S(=O)(=O)C(F)(F)F.[Ca+2],,1.5,1.2,1,8.9,2,25,1.2,0,0,0
sufex_000438,438,0.55,55,C1CN2CCN1CC2,CC(C)(C)N,CC(=O)OC[C@H]1O[C@@H](N2C=NC3=C(NS(=O)(=O)F)N=CN=C32)[C@H](OC(C)=O)[C@@H]1OC(C)=O,CC(=O)OC[C@H]1O[C@@H](N2C=NC3=C(NS(=O)(=O)NC(C)(C)C)N=CN=C32)[C@H](OC(C)=O)[C@@H]1OC(C)=O,C(Cl)Cl,C(F)(F)(F)S(=O)(=O)[N-]S(=O)(=O)C(F)(F)F.C(F)(F)(F)S(=O)(=O)[N-]S(=O)(=O)C(F)(F)F.[Ca+2],,1.5,1.2,1,8.9,2,25,1.2,0,0,0
sufex_000439,439,0.52,52,C1CN2CCN1CC2,NCC1=CC=CC=C1,CC(=O)OC[C@H]1O[C@@H](N2C=CC(NS(=O)(=O)F)=NC2=O)[C@H](OC(C)=O)[C@@H]1OC(C)=O,CC(=O)OC[C@H]1O[C@@H](N2C=CC(NS(=O)(=O)NCC3=CC=CC=C3)=NC2=O)[C@H](OC(C)=O)[C@@H]1OC(C)=O,C(Cl)Cl,C(F)(F)(F)S(=O)(=O)[N-]S(=O)(=O)C(F)(F)F.C(F)(F)(F)S(=O)(=O)[N-]S(=O)(=O)C(F)(F)F.[Ca+2],,1.5,1.2,1,8.9,2,25,1.2,0,0,0
sufex_000440,440,0.5,50,C1CN2CCN1CC2,NCC1=CC=CC=C1,CC(=O)OC[C@H]1O[C@@H](N2C=NC3=C(NS(=O)(=O)F)N=CN=C32)[C@H](OC(C)=O)[C@@H]1OC(C)=O,CC(=O)OC[C@H]1O[C@@H](N2C=NC3=C(NS(=O)(=O)NCC4=CC=CC=C4)N=CN=C32)[C@H](OC(C)=O)[C@@H]1OC(C)=O,C(Cl)Cl,C(F)(F)(F)S(=O)(=O)[N-]S(=O)(=O)C(F)(F)F.C(F)(F)(F)S(=O)(=O)[N-]S(=O)(=O)C(F)(F)F.[Ca+2],,1.5,1.2,1,8.9,2,25,1.2,0,0,0
sufex_000441,441,0.5,50,C1CN2CCN1CC2,[N-]=[N+]=NCCOCCN,CC(=O)OC[C@H]1O[C@@H](N2C=CC(NS(=O)(=O)F)=NC2=O)[C@H](OC(C)=O)[C@@H]1OC(C)=O,CC(=O)OC[C@H]1O[C@@H](N2C=CC(NS(=O)(=O)NCCOCCN=[N+]=[N-])=NC2=O)[C@H](OC(C)=O)[C@@H]1OC(C)=O,C(Cl)Cl,C(F)(F)(F)S(=O)(=O)[N-]S(=O)(=O)C(F)(F)F.C(F)(F)(F)S(=O)(=O)[N-]S(=O)(=O)C(F)(F)F.[Ca+2],,1.5,1.2,1,8.9,2,25,1.2,0,0,0
sufex_000442,442,0.45,45,C1CN2CCN1CC2,NC12CC3CC(CC(C3)C1)C2,CC(=O)OC[C@H]1O[C@@H](N2C=NC3=C(NS(=O)(=O)F)N=CN=C32)[C@H](OC(C)=O)[C@@H]1OC(C)=O,CC(=O)OC[C@H]1O[C@@H](N2C=NC3=C(NS(=O)(=O)NC45CC6CC(CC(C6)C4)C5)N=CN=C32)[C@H](OC(C)=O)[C@@H]1OC(C)=O,C(Cl)Cl,C(F)(F)(F)S(=O)(=O)[N-]S(=O)(=O)C(F)(F)F.C(F)(F)(F)S(=O)(=O)[N-]S(=O)(=O)C(F)(F)F.[Ca+2],,1.5,1.2,1,8.9,2,25,1.2,0,0,0
sufex_000443,443,0.44,44,C1CN2CCN1CC2,NC1CC1,CC(=O)OC[C@H]1O[C@@H](N2C=NC3=C(NS(=O)(=O)F)N=CN=C32)[C@H](OC(C)=O)[C@@H]1OC(C)=O,CC(=O)OC[C@H]1O[C@@H](N2C=NC3=C(NS(=O)(=O)NC4CC4)N=CN=C32)[C@H](OC(C)=O)[C@@H]1OC(C)=O,C(Cl)Cl,C(F)(F)(F)S(=O)(=O)[N-]S(=O)(=O)C(F)(F)F.C(F)(F)(F)S(=O)(=O)[N-]S(=O)(=O)C(F)(F)F.[Ca+2],,1.5,1.2,1,8.9,2,25,1.2,0,0,0
sufex_000444,444,0.43,43,C1CN2CCN1CC2,C1COCCN1,CC(=O)OC[C@H]1O[C@@H](N2C=CC(NS(=O)(=O)F)=NC2=O)[C@H](OC(C)=O)[C@@H]1OC(C)=O,CC(=O)OC[C@H]1O[C@@H](N2C=CC(NS(=O)(=O)N3CCOCC3)=NC2=O)[C@H](OC(C)=O)[C@@H]1OC(C)=O,C(Cl)Cl,C(F)(F)(F)S(=O)(=O)[N-]S(=O)(=O)C(F)(F)F.C(F)(F)(F)S(=O)(=O)[N-]S(=O)(=O)C(F)(F)F.[Ca+2],,1.5,1.2,1,8.9,2,25,1.2,0,0,0
sufex_000445,445,0.42,42,C1CN2CCN1CC2,CC(C)(C)N,CC(=O)OC[C@H]1O[C@@H](N2C=CC(NS(=O)(=O)F)=NC2=O)[C@H](OC(C)=O)[C@@H]1OC(C)=O,CC(=O)OC[C@H]1O[C@@H](N2C=CC(NS(=O)(=O)NC(C)(C)C)=NC2=O)[C@H](OC(C)=O)[C@@H]1OC(C)=O,C(Cl)Cl,C(F)(F)(F)S(=O)(=O)[N-]S(=O)(=O)C(F)(F)F.C(F)(F)(F)S(=O)(=O)[N-]S(=O)(=O)C(F)(F)F.[Ca+2],,1.5,1.2,1,8.9,2,25,1.2,0,0,0
sufex_000446,446,0.45,45,C1CN2CCN1CC2,NCC1=CC=CC=C1,CC(=O)OC[C@H]1O[C@@H](N2C=NC3=C(NS(=O)(=O)F)N=CN=C32)[C@H](OC(C)=O)[C@@H]1OC(C)=O,CC(=O)OC[C@H]1O[C@@H](N2C=NC3=C(NS(=O)(=O)NCC4=CC=CC=C4)N=CN=C32)[C@H](OC(C)=O)[C@@H]1OC(C)=O,CC#N,C(F)(F)(F)S(=O)(=O)[N-]S(=O)(=O)C(F)(F)F.C(F)(F)(F)S(=O)(=O)[N-]S(=O)(=O)C(F)(F)F.[Ca+2],,1.6,1.2,1,35.7,2,25,1.2,0,0,0
sufex_000447,447,0.28,28,C1CN2CCN1CC2,NCC1=CC=CC=C1,CC(=O)OC[C@H]1O[C@@H](N2C=NC3=C(NS(=O)(=O)F)N=CN=C32)[C@H](OC(C)=O)[C@@H]1OC(C)=O,CC(=O)OC[C@H]1O[C@@H](N2C=NC3=C(NS(=O)(=O)NCC4=CC=CC=C4)N=CN=C32)[C@H](OC(C)=O)[C@@H]1OC(C)=O,CN(C=O)C,C(F)(F)(F)S(=O)(=O)[N-]S(=O)(=O)C(F)(F)F.C(F)(F)(F)S(=O)(=O)[N-]S(=O)(=O)C(F)(F)F.[Ca+2],,1.6,1.2,1,37.2,2,25,1.2,0,0,0
sufex_000448,448,0.12,12,C1CN2CCN1CC2,NCC1=CC=CC=C1,CC(=O)OC[C@H]1O[C@@H](N2C=NC3=C(NS(=O)(=O)F)N=CN=C32)[C@H](OC(C)=O)[C@@H]1OC(C)=O,CC(=O)OC[C@H]1O[C@@H](N2C=NC3=C(NS(=O)(=O)NCC4=CC=CC=C4)N=CN=C32)[C@H](OC(C)=O)[C@@H]1OC(C)=O,CS(=O)C,C(F)(F)(F)S(=O)(=O)[N-]S(=O)(=O)C(F)(F)F.C(F)(F)(F)S(=O)(=O)[N-]S(=O)(=O)C(F)(F)F.[Ca+2],,1.6,1.2,1,46.8,2,25,1.2,0,0,0
sufex_000449,449,0.17,17,C1CN2CCN1CC2,NCC1=CC=CC=C1,CC(=O)OC[C@H]1O[C@@H](N2C=NC3=C(NS(=O)(=O)F)N=CN=C32)[C@H](OC(C)=O)[C@@H]1OC(C)=O,CC(=O)OC[C@H]1O[C@@H](N2C=NC3=C(NS(=O)(=O)NCC4=CC=CC=C4)N=CN=C32)[C@H](OC(C)=O)[C@@H]1OC(C)=O,CO,C(F)(F)(F)S(=O)(=O)[N-]S(=O)(=O)C(F)(F)F.C(F)(F)(F)S(=O)(=O)[N-]S(=O)(=O)C(F)(F)F.[Ca+2],,1.6,1.2,1,32.6,2,25,1.2,0,0,0
sufex_000450,450,0,0,C1CN2CCN1CC2,C#CCN,CC(=O)OC[C@H]1O[C@@H](N2C=CC(NS(=O)(=O)F)=NC2=O)[C@H](OC(C)=O)[C@@H]1OC(C)=O,C#CCNS(=O)(=O)NC1=NC(=O)N([C@@H]2O[C@H](COC(C)=O)[C@@H](OC(C)=O)[C@H]2OC(C)=O)C=C1,C(Cl)Cl,C(F)(F)(F)S(=O)(=O)[N-]S(=O)(=O)C(F)(F)F.C(F)(F)(F)S(=O)(=O)[N-]S(=O)(=O)C(F)(F)F.[Ca+2],,1.5,1.2,1,8.9,2,25,1.2,0,0,0
sufex_000451,451,0.83,83,CCN(CC)CC,C1COCCN1,O=S(=O)(F)CC1CCOC2=CC=CC=C21,O=S(=O)(CC1CCOC2=CC=CC=C21)N1CCOCC1,CC#N,,,2,2,1,35.7,24,80,0,0,0,0
sufex_000452,452,0.93,93,CCN(CC)CC,C1COCCN1,O=S(=O)(F)CC1=CC=CC=C1,O=S(=O)(CC1=CC=CC=C1)N1CCOCC1,CC#N,,,1.3,1.2,1,35.7,1,60,0,0,0,0
sufex_000453,453,0,0,C(=O)([O-])[O-].[K+].[K+],NC1=CC=CC=C1,COC1=CC=C(C2(S(=O)(=O)F)COC2)C=C1,COC1=CC=C(C2(S(=O)(=O)NC3=CC=CC=C3)COC2)C=C1,CC#N,,,1.3,1.2,1,35.7,2,60,0,0,0,0
sufex_000454,454,0,0,C(=O)([O-])[O-].[K+].[K+],NCC1=CC=CC=C1,COC1=CC=C(C2(S(=O)(=O)F)COC2)C=C1,COC1=CC=C(C2(S(=O)(=O)NCC3=CC=CC=C3)COC2)C=C1,CC#N,,,1.3,1.2,1,35.7,2,60,0,0,0,0
sufex_000455,455,0.56,56,CCN(CC)CC,C1COCCN1,CC(C)CC1=CC=C(C(C)S(=O)(=O)F)C=C1,CC(C)CC1=CC=C(C(C)S(=O)(=O)N2CCOCC2)C=C1,CC#N,,,2,2,1,35.7,24,80,0,0,0,0
sufex_000456,456,0.95,95,,N1CCCC1,O=C1C(CC2=CC=CC=C2)(CCS(F)(=O)=O)C(C3=CC=CC=C3)=NO1,O=C1C(CC2=CC=CC=C2)(CCS(=O)(N3CCCC3)=O)C(C4=CC=CC=C4)=NO1,C1CCCO1,,,0,1.5,1,7.4,12,25,0,0,0,0
sufex_000457,457,0.92,92,,C1COCCN1,O=C1C(CC2=CC=CC=C2)(CCS(F)(=O)=O)C(C3=CC=CC=C3)=NO1,O=C1C(CCS(N2CCOCC2)(=O)=O)(C(C3=CC=CC=C3)=NO1)CC4=CC=CC=C4,C1CCCO1,,,0,1.5,1,7.4,12,60,0,0,0,0
sufex_000458,458,0.83,83,CCN(CC)CC,C1COCCN1,O=C(C1=CC=C(C2=CC=CC=C2)C=C1)C1=NN(CCS(=O)(=O)F)C=C1,O=C(C1=CC=C(C2=CC=CC=C2)C=C1)C1=NN(CCS(=O)(=O)N2CCOCC2)C=C1,CC#N,,,2,2,1,35.7,24,80,0,0,0,0
sufex_000459,459,0.99,99,CCN(CC)CC,C1COCCN1,O=S(=O)(F)C/C=C/C1=CC=CC=C1,O=S(=O)(C/C=C/C1=CC=CC=C1)N1CCOCC1,CC#N,,,2,2,1,35.7,4,80,0,0,0,0
sufex_000460,460,0.9,90,C1CCC2=NCCCN2CC1,C1=CC=C(C2=NNC=C2)C=C1,N#S(F)(F)OC1=CC=C(C2=CC=CC=C2)C=C1,N#S(F)(OC1=CC=C(C2=CC=CC=C2)C=C1)N1C=CC(C2=CC=CC=C2)=N1,CC#N,,,1.05,1,1,35.7,18,25,0,0,0,0
sufex_000461,461,0.78,78,C1CCC2=NCCCN2CC1,CC1=NNC=C1,N#S(F)(F)OC1=CC=C(C2=CC=CC=C2)C=C1,CC1=NN(S(F)(OC2=CC=C(C=C2)C3=CC=CC=C3)#N)C=C1,CC#N,,,1.05,1,1,35.7,18,25,0,0,0,0
sufex_000462,462,0.68,68,C1CCC2=NCCCN2CC1,CSC1=NC2=CC=CC=C2N1,N#S(F)(F)OC1=CC=C(C2=CC=CC=C2)C=C1,CSC1=NC2=CC=CC=C2N1S(#N)(F)OC1=CC=C(C2=CC=CC=C2)C=C1,CC#N,,,1.05,1,1,35.7,18,25,0,0,0,0
sufex_000463,463,0.47,47,[H-].[Na+],CC1=NNC=C1,N#S(F)(F)N1CCN(C2=CC=CC=C2)CC1,CC1=NN(S(#N)(F)N2CCN(C3=CC=CC=C3)CC2)C=C1,CC#N,,,1.05,1,1,35.7,18,25,0,0,0,0
sufex_000464,464,0,0,C(=O)([O-])[O-].[K+].[K+],C1COCCN1,O=S(C1(COC1)C2=CC=CC=C2)(F)=O,O=S(=O)(N1CCOCC1)C1(C2=CC=CC=C2)COC1,CC#N,,,1.3,1.2,1,35.7,2,60,0,0,0,0
sufex_000465,465,0,0,C(=O)([O-])[O-].[K+].[K+],C1COCCN1,COC1=CC=C(C2(S(=O)(=O)F)COC2)C=C1,COC1=CC=C(C2(S(=O)(=O)N3CCOCC3)COC2)C=C1,CC#N,,,1.3,1.2,1,35.7,2,60,0,0,0,0
sufex_000466,466,0,0,C(=O)([O-])[O-].[K+].[K+],NCC1CCCO1,COC1=CC=C(C2(S(=O)(=O)F)COC2)C=C1,COC1=CC=C(C2(S(=O)(=O)NCC3CCCO3)COC2)C=C1,CC#N,,,1.3,1.2,1,35.7,2,60,0,0,0,0
sufex_000467,467,0.45,45,[Na+].[H-],CC(N)=O,[H]C12C3([H])C4([H])C5([H])C1([H])[Fe]23456789C%10([H])C6([H])C7([H])C8([H])C%109S(F)(=O)=O,[H]C12C3(C4(C5(C1([Fe]23456789C%10(C6(C7(C8(C%109S(=O)(NC(C)=O)=O)[H])[H])[H])[H])[H])[H])[H])[H],C1CCCO1,,,2.5,2,1,7.4,14,25,0,0,0,0
sufex_000468,468,0.86,86,C(=O)([O-])[O-].[K+].[K+],NS(=O)(=O)C(F)(F)F,C=CC(=O)OCCCS(=O)(=O)F,C=CC(=O)OCCCS(=O)(=O)NS(=O)(=O)C(F)(F)F.[K],CC#N,,,2.307692308,0.769230769,1,35.7,12,65,0,0,0,0
sufex_000469,469,0.63,63,C(=O)([O-])[O-].[K+].[K+],NS(=O)(=O)C(F)(F)C(F)(F)C(F)(F)C(F)(F)F,C=CC(=O)OCCCS(=O)(=O)F,C=CC(=O)OCCCS(=O)(=O)NS(=O)(=O)C(F)(F)C(F)(F)C(F)(F)C(F)(F)F.[K],CC#N,,,2.307692308,0.769230769,1,35.7,12,65,0,0,0,0
sufex_000470,470,0.66,66,C(=O)([O-])[O-].[K+].[K+],NS(=O)(=O)C(F)(F)C(F)(F)F,C=CC(=O)OCCCS(=O)(=O)F,C=CC(=O)OCCCS(=O)(=O)NS(=O)(=O)C(F)(F)C(F)(F)F.[K],CC#N,,,2.307692308,0.769230769,1,35.7,12,65,0,0,0,0
sufex_000471,471,0.91,91,C1CCC2=NCCCN2CC1,CCCCCCCCN,CCCCCCNS(=O)(=O)F,CCCCCCCCNS(=O)(=O)NCCCCCC,CC#N,,,1,1,1,35.7,4,50,0,0,0,0
sufex_000472,472,0.61,61,,C1COCCN1,CN1C(=O)C(C(CCC2=CC=CC=C2)CS(=O)(=O)F)=NC2=CC=CC=C21,CN1C(=O)C(C(CCC2=CC=CC=C2)CS(=O)(=O)N2CCOCC2)=NC2=CC=CC=C21,CC#N,,,0,10,1,35.7,2,80,0,0,0,0
sufex_000473,473,0.95,95,CCN(CC)CC,C1COCCN1,CC1(C)C(C2=CC=CC=C2)=NN(C2=CC=CC=C2)C1CS(=O)(=O)F,CC1(C)C(C2=CC=CC=C2)=NN(C2=CC=CC=C2)C1CS(=O)(=O)N1CCOCC1,CC#N,,,2,2,1,35.7,24,80,0,0,0,0
sufex_000474,474,0.7,70,C(=O)([O-])[O-].[Cs+].[Cs+],C1=CNC=N1,CC1(C)C(C2=CC=CC=C2)=NN(C2=CC=CC=C2)C1CS(=O)(=O)F,CC1(C)C(C2=CC=CC=C2)=NN(C2=CC=CC=C2)C1CS(=O)(=O)N1C=CN=C1,CC#N,,,2,1.1,1,35.7,12,25,0,0,0,0
sufex_000475,475,0.71,71,CCN(CC)CC,C1COCCN1,CC1=CC=C(/C=C/C(C[Si](C)(C)C)CS(=O)(=O)F)C=C1,CC1=CC=C(/C=C/C(C[Si](C)(C)C)CS(=O)(=O)N2CCOCC2)C=C1,CC#N,,,2,2,1,35.7,24,80,0,0,0,0
sufex_000476,476,0.82,82,C(=O)([O-])[O-].[Cs+].[Cs+],C1COCCN1,O=S(=O)(F)CCC1=CC=CC=C1,O=S(=O)(CCC1=CC=CC=C1)N1CCOCC1,CC#N,,,2,1.1,1,35.7,10,25,0,0,0,0
sufex_000477,477,0.75,75,C(=O)([O-])[O-].[Cs+].[Cs+],C1=CN=C(N2CCNCC2)N=C1,O=S(=O)(F)CCC1=CC=CC=C1,O=S(=O)(CCC1=CC=CC=C1)N1CCN(C2=NC=CC=N2)CC1,CC#N,,,2,1.1,1,35.7,10,25,0,0,0,0
sufex_000478,478,0.91,91,CCN(CC)CC,C1COCCN1,COC1=CC=C(C(=O)CCCS(=O)(=O)F)C=C1,COC1=CC=C(C(=O)CCCS(=O)(=O)N2CCOCC2)C=C1,CC#N,,,2,2,1,35.7,24,80,0,0,0,0
sufex_000479,479,0.78,78,CC(C)N(CC)C(C)C,C1CNCCO1,FS(CC(C(C)(CC(C(OC(C)(C)C)=O)(C(OC(C)(C)C)=O)/N=C(C1=CC=CC=C1)/C2=CC=CC=C2)C)C(C3=CC=CC=C3)=O)(=O)=O,CC(C)(C)OC(=O)C(CC(C)(C)C(CS(=O)(=O)N1CCOCC1)C(=O)C1=CC=CC=C1)(N=C(C1=CC=CC=C1)C1=CC=CC=C1)C(=O)OC(C)(C)C,CC#N,,,2.5,1.2,1,35.7,16,70,0,0,0,0
sufex_000480,480,0.92,92,C(=O)([O-])[O-].[Cs+].[Cs+],C1=CNC=N1,O=C(C1=CC=CC=C1)C1=CC(S(=O)(=O)F)=C2C=CC3=CC=CC=C3N12,O=C(C1=CC=CC=C1)C1=CC(S(=O)(=O)N2C=CN=C2)=C2C=CC3=CC=CC=C3N12,CC#N,,,2,2,1,35.7,2,25,0,0,0,0
sufex_000481,481,0.38,38,[O-]C([O-])=O.[Cs+].[Cs+],C1=CNC=N1,O=S(=O)(F)/C=C/S(=O)(=O)C1=CC=CC=C1,O=S(/C=C/S(=O)(N1C=CN=C1)=O)(C2=CC=CC=C2)=O,CC#N,,,2,2,1,35.7,12,25,0,0,0,0
sufex_000482,482,0.98,98,C1CCC2=NCCCN2CC1,COC1=C(OC)C=C(CCN)C=C1,CC1(C)CC=C(C2=CC=CC=C2)N(C2=CC=CC=C2)C1CS(=O)(=O)F,COC1=C(OC)C=C(CCNS(=O)(=O)CC2N(C3=CC=CC=C3)C(C3=CC=CC=C3)=CCC2(C)C)C=C1,CC#N,,,2,2,1,35.7,8,25,0,0,0,0
sufex_000483,483,0.92,92,C1CCC2=NCCCN2CC1,C1CCNC1,CC1(C)CC=C(C2=CC=CC=C2)N(C2=CC=CC=C2)C1CS(=O)(=O)F,CC1(C)CC=C(C2=CC=CC=C2)N(C2=CC=CC=C2)C1CS(=O)(=O)N1CCCC1,CC#N,,,2,5,1,35.7,8,25,0,0,0,0
sufex_000484,484,0.6,60,C1CCC2=NCCCN2CC1,NC1=CC=CC=C1,CC1(C)CC=C(C2=CC=CC=C2)N(C2=CC=CC=C2)C1CS(=O)(=O)F,CC1(C)CC=C(C2=CC=CC=C2)N(C2=CC=CC=C2)C1CS(=O)(=O)NC1=CC=CC=C1,CC#N,,,2,2,1,35.7,8,25,0,0,0,0
sufex_000485,485,0.77,77,[O-]C([O-])=O.[K+].[K+],FC1=CC=C(CCN)C=C1,COC1=CC=CC=C1N2C=C(CCS(F)(=O)=O)N=N2,COC1=CC=CC=C1N1C=C(CCS(=O)(=O)NCCC2=CC=C(F)C=C2)N=N1,CC#N,,,1.5,1.2,1,35.7,8,25,0,0,0,0
sufex_000486,486,0.85,85,[O-]C([O-])=O.[K+].[K+],ClC1=CC=C(NC=C2CCN)C2=C1,FS(CCC(N=N1)=CN1C2=CC(C)=CC(C)=C2)(=O)=O,CC1=CC(C)=CC(N2C=C(CCS(=O)(=O)NCCC3=CNC4=CC=C(Cl)C=C34)N=N2)=C1,CC#N,,,1.5,1.2,1,35.7,8,25,0,0,0,0
sufex_000487,487,0.81,81,[O-]C([O-])=O.[K+].[K+],COC1=C(OC)C=C2C(CCNC2)=C1,FS(CCC(N=N1)=CN1C2=CC(C)=CC(C)=C2)(=O)=O,COC1=C(OC)C=C2CN(S(=O)(=O)CCC3=CN(C4=CC(C)=CC(C)=C4)N=N3)CCC2=C1,CC#N,,,1.5,1.2,1,35.7,8,25,0,0,0,0
sufex_000488,488,0.84,84,[O-]C([O-])=O.[K+].[K+],COC1=C(OC)C=C2C(CCNC2)=C1,FS(CCC(N=N1)=CN1C2=CC(C=CC=C3)=C3N=C2)(=O)=O,COC1=C(OC)C=C2CN(S(=O)(=O)CCC3=CN(C4=CC5=CC=CC=C5N=C4)N=N3)CCC2=C1,CC#N,,,1.5,1.2,1,35.7,8,25,0,0,0,0
sufex_000489,489,0.75,75,[O-]C([O-])=O.[K+].[K+],NCCC1=CNC2=CC=C(OC)C=C21,FS(CCC(N=N1)=CN1C2=CC(C=CC=C3)=C3N=C2)(=O)=O,COC1=CC=C2NC=C(CCNS(=O)(=O)CCC3=CN(C4=CC5=CC=CC=C5N=C4)N=N3)C2=C1,CC#N,,,1.5,1.2,1,35.7,8,25,0,0,0,0
sufex_000490,490,0.7,70,,C1CCNC1,O=C(N[C@]1(CCS(=O)(=O)F)C(=O)N(CC2=CC=CC=C2)C2=CC=CC=C21)C1=CC=CC=C1,O=C(N[C@]1(CCS(=O)(=O)N2CCCC2)C(=O)N(CC2=CC=CC=C2)C2=CC=CC=C21)C1=CC=CC=C1,C1CCCO1,,,0,1.5,1,7.4,12,60,0,0,0,0
sufex_000491,491,0.56,56,CCN(CC)CC,NCC1=CC=CC=C1,[N-]=[N+]=NCCS(=O)(=O)F,[N-]=[N+]=NCCS(=O)(=O)NCC1=CC=CC=C1,CC#N,,,1.1,1,1,35.7,6,45,0,0,0,0
sufex_000492,492,0.46,46,CCN(CC)CC,ClC1=CC=CC(N2CCNCC2)=C1,[N-]=[N+]=NCCS(=O)(=O)F,[N-]=[N+]=NCCS(=O)(=O)N1CCN(C2=CC(Cl)=CC=C2)CC1,CC#N,,,1.1,1,1,35.7,6,45,0,0,0,0
sufex_000493,493,0.4,40,CCN(CC)CC,NC1=CC=CC=C1,[N-]=[N+]=NCCS(=O)(=O)F,[N-]=[N+]=NCCS(=O)(=O)NC1=CC=CC=C1,CC#N,,,1.1,1,1,35.7,6,45,0,0,0,0
sufex_000494,494,0.48,48,,C1CCNC1,CCOC(=O)C1=C(/C=C/S(=O)(=O)F)C=CC=C1,CCOC(=O)C1=C(/C=C/S(=O)(=O)N2CCCC2)C=CC=C1,C1CCCO1,,,0,1.3,1,7.4,6,50,0,0,0,0
sufex_000495,495,0,0,CN(C)C(=N)N(C)C,CCCCN,FS(=O)(OC1=CC=CC=C1)=O,CCCCNS(=O)(=O)OC1=CC=CC=C1,CS(=O)C,,,1,1,1,46.8,12,25,0,0,0,0
sufex_000496,496,0,0,CN(C)C(=N)N(C)C,N/C(N)=N/CCC,FS(=O)(OC1=CC=CC=C1)=O,CCC/N=C(\N)NS(=O)(=O)OC1=CC=CC=C1,CS(=O)C,,,1,1,1,46.8,12,25,0,0,0,0
sufex_000497,497,0.13,13,CN(C)C(=N)N(C)C,CC1=CNC2=CC=CC=C21,FS(=O)(OC1=CC=CC=C1)=O,CC1=CN(S(=O)(=O)OC2=CC=CC=C2)C2=CC=CC=C12,CS(=O)C,,,1,1,1,46.8,12,25,0,0,0,0
sufex_000498,498,0.57,57,[O-]C([O-])=O.[Cs+].[Cs+],C1=CNC=N1,O=S(F)(CCS(=O)(C1=CC=CC=C1)=O)=O,O=S(=O)(CCS(=O)(=O)N1C=CN=C1)C1=CC=CC=C1,CC#N,,,2,2,1,35.7,12,25,0,0,0,0
sufex_000499,499,0.82,82,CCN(CC)CC,CC1=CC=C(OCCN)C=C1,O=S(=O)(F)CC1=CC=CC=C1,CC1=CC=C(OCCNS(=O)(=O)CC2=CC=CC=C2)C=C1,CC#N,,,1.1,1,1,35.7,6,80,0,0,0,0
sufex_000500,500,0.79,79,CCN(CC)CC,CC(N)CCC1=CC=CC=C1,O=S(=O)(F)CC1=CC=CC=C1,CC(CCC1=CC=CC=C1)NS(=O)(=O)CC1=CC=CC=C1,CC#N,,,1.1,1,1,35.7,6,80,0,0,0,0
sufex_000501,501,0.78,78,CCN(CC)CC,CNC(C)C1=CC=C(F)C=C1,O=S(=O)(F)CC1=C(F)C=C(Br)C=C1,CC(C1=CC=C(F)C=C1)N(C)S(=O)(=O)CC1=C(F)C=C(Br)C=C1,CC#N,,,1.1,1,1,35.7,6,80,0,0,0,0
sufex_000502,502,0.78,78,CCN(CC)CC,CC(C)C(N)C1=CC=CC=C1,O=S(=O)(F)CC1=CC=CC=C1,CC(C)C(NS(=O)(=O)CC1=CC=CC=C1)C1=CC=CC=C1,CC#N,,,1.1,1,1,35.7,6,80,0,0,0,0
sufex_000503,503,0.76,76,CCN(CC)CC,NCC1CCCCC1,O=S(=O)(F)CC1=CC=CC=C1,O=S(=O)(CC1=CC=CC=C1)NCC1CCCCC1,CC#N,,,1.1,1,1,35.7,6,80,0,0,0,0
sufex_000504,504,0.72,72,CCN(CC)CC,CC1=CC=C(OCCN)C=C1,CS(=O)(=O)F,CC1=CC=C(OCCNS(C)(=O)=O)C=C1,CC#N,,,1.1,1,1,35.7,6,80,0,0,0,0
sufex_000505,505,0.72,72,CCN(CC)CC,NC1(C2=CC=C(Br)C=C2)CC1,O=S(=O)(F)CC1=CC=CC=C1,O=S(=O)(CC1=CC=CC=C1)NC1(C2=CC=C(Br)C=C2)CC1,CC#N,,,1.1,1,1,35.7,6,80,0,0,0,0
sufex_000506,506,0.71,71,CCN(CC)CC,CC(O)(CN)C1=CC=CS1,COCCS(=O)(=O)F,COCCS(=O)(=O)NCC(C)(O)C1=CC=CS1,CC#N,,,1.1,1,1,35.7,6,80,0,0,0,0
sufex_000507,507,0.71,71,CCN(CC)CC,OC1(CN2CCOCC2)CCNCC1,O=S(=O)(F)CC1=CC=CC=C1,O=S(=O)(CC1=CC=CC=C1)N1CCC(O)(CN2CCOCC2)CC1,CC#N,,,1.1,1,1,35.7,6,80,0,0,0,0
sufex_000508,508,0.71,71,CCN(CC)CC,NCC1=C(Cl)C=C(N)C=C1,CCCS(=O)(=O)F,CCCS(=O)(=O)NCC1=C(Cl)C=C(N)C=C1,CC#N,,,1.1,1,1,35.7,6,80,0,0,0,0
sufex_000509,509,0.7,70,CCN(CC)CC,NCC1CCCCC1,COCCS(=O)(=O)F,COCCS(=O)(=O)NCC1CCCCC1,CC#N,,,1.1,1,1,35.7,6,80,0,0,0,0
sufex_000510,510,0.7,70,CCN(CC)CC,NCC1(C2=CC=C(F)C=C2)CC1,O=S(=O)(F)CC1=C(F)C=C(Br)C=C1,O=S(=O)(CC1=C(F)C=C(Br)C=C1)NCC1(C2=CC=C(F)C=C2)CC1,CC#N,,,1.1,1,1,35.7,6,80,0,0,0,0
sufex_000511,511,0.7,70,CCN(CC)CC,CC(O)(CN)C1=CC=CS1,CCCS(=O)(=O)F,CCCS(=O)(=O)NCC(C)(O)C1=CC=CS1,CC#N,,,1.1,1,1,35.7,6,80,0,0,0,0
sufex_000512,512,0.69,69,CCN(CC)CC,CC(C)C(N)C1=CC=CC=C1,O=S(=O)(F)CC1=C(F)C=C(Br)C=C1,CC(C)C(NS(=O)(=O)CC1=C(F)C=C(Br)C=C1)C1=CC=CC=C1,CC#N,,,1.1,1,1,35.7,6,80,0,0,0,0
sufex_000513,513,0.68,68,CCN(CC)CC,NCC1=CC=CC(OC2=CC=CC=C2)=C1,O=S(=O)(F)CC1=CC=CC=C1,O=S(=O)(CC1=CC=CC=C1)NCC1=CC(OC2=CC=CC=C2)=CC=C1,CC#N,,,1.1,1,1,35.7,6,80,0,0,0,0
sufex_000514,514,0.66,66,CCN(CC)CC,NC1=CC=CC(C(=O)N2CCCNCC2)=C1,O=S(=O)(F)CC1=CC=CC=C1,NC1=CC=CC(C(=O)N2CCCN(S(=O)(=O)CC3=CC=CC=C3)CC2)=C1,CC#N,,,1.1,1,1,35.7,6,80,0,0,0,0
sufex_000515,515,0.65,65,CCN(CC)CC,NC1CCCCCC1,O=S(=O)(F)CC1=C(F)C=C(Br)C=C1,O=S(=O)(CC1=C(F)C=C(Br)C=C1)NC1CCCCCC1,CC#N,,,1.1,1,1,35.7,6,80,0,0,0,0
sufex_000516,516,0.64,64,CCN(CC)CC,CC(O)(CN)C1=CC=CS1,O=S(F)(CC1CCCCC1)=O,CC(O)(CNS(=O)(=O)CC1CCCCC1)C1=CC=CS1,CC#N,,,1.1,1,1,35.7,6,80,0,0,0,0
sufex_000517,517,0.64,64,CCN(CC)CC,NC1(C2=CC=CC=C2)CCC1,O=S(=O)(F)CC1=CC=CC=C1,O=S(=O)(CC1=CC=CC=C1)NC1(C2=CC=CC=C2)CCC1,CC#N,,,1.1,1,1,35.7,6,80,0,0,0,0
sufex_000518,518,0.63,63,CCN(CC)CC,NCC1=C(Cl)C=C(N)C=C1,O=S(=O)(F)CC1=CC=CC=C1,NC1=CC(Cl)=C(CNS(=O)(=O)CC2=CC=CC=C2)C=C1,CC#N,,,1.1,1,1,35.7,6,80,0,0,0,0
sufex_000519,519,0.63,63,CCN(CC)CC,NCC1=C(Cl)C=C(N)C=C1,O=S(=O)(F)CC1CCCCC1,NC1=CC(Cl)=C(CNS(=O)(=O)CC2CCCCC2)C=C1,CC#N,,,1.1,1,1,35.7,6,80,0,0,0,0
sufex_000520,520,0.63,63,CCN(CC)CC,OC1(CN2CCOCC2)CCNCC1,CCCS(=O)(=O)F,CCCS(=O)(=O)N1CCC(O)(CN2CCOCC2)CC1,CC#N,,,1.1,1,1,35.7,6,80,0,0,0,0
sufex_000521,521,0.62,62,CCN(CC)CC,NCC1=CC=CC(OC2=CC=CC=C2)=C1,CS(=O)(=O)F,CS(=O)(=O)NCC1=CC=CC(OC2=CC=CC=C2)=C1,CC#N,,,1.1,1,1,35.7,6,80,0,0,0,0
sufex_000522,522,0.6,60,CCN(CC)CC,O=C(C1=CC=C2OCOC2=C1)N1CCNCC1,CS(=O)(=O)F,CS(=O)(=O)N1CCN(C(=O)C2=CC=C3OCOC3=C2)CC1,CC#N,,,1.1,1,1,35.7,6,80,0,0,0,0
sufex_000523,523,0.59,59,CCN(CC)CC,NCC1(C2=CC=C(F)C=C2)CC1,O=S(=O)(F)CC1=CC=CC=C1,O=S(=O)(CC1=CC=CC=C1)NCC1(C2=CC=C(F)C=C2)CC1,CC#N,,,1.1,1,1,35.7,6,80,0,0,0,0
sufex_000524,524,0.58,58,CCN(CC)CC,NCC1=CC(=O)NC=C1,O=S(=O)(F)CC1=CC=CC=C1,O=C1C=C(CNS(=O)(=O)CC2=CC=CC=C2)C=CN1,CC#N,,,1.1,1,1,35.7,6,80,0,0,0,0
sufex_000525,525,0.55,55,CCN(CC)CC,CC(O)(CN)C1=CC=CS1,CS(=O)(=O)F,CC(O)(CNS(C)(=O)=O)C1=CC=CS1,CC#N,,,1.1,1,1,35.7,6,80,0,0,0,0
sufex_000526,526,0.51,51,CCN(CC)CC,CC(N)CCC1=CC=CC=C1,CS(=O)(=O)F,CC(CCC1=CC=CC=C1)NS(C)(=O)=O,CC#N,,,1.1,1,1,35.7,6,80,0,0,0,0
sufex_000527,527,0.51,51,CCN(CC)CC,CC(C)(CO)N1CCNCC1,CS(=O)(=O)F,CC(C)(CO)N1CCN(S(C)(=O)=O)CC1,CC#N,,,1.1,1,1,35.7,6,80,0,0,0,0
sufex_000528,528,0.48,48,CCN(CC)CC,NCC1=CC(N)=CC=C1,O=S(=O)(F)CC1CCCCC1,NC1=CC=CC(CNS(=O)(=O)CC2CCCCC2)=C1,CC#N,,,1.1,1,1,35.7,6,80,0,0,0,0
sufex_000529,529,0.47,47,CCN(CC)CC,CC(N)CCC1=CC=CC=C1,COCCS(=O)(=O)F,COCCS(=O)(=O)NC(C)CCC1=CC=CC=C1,CC#N,,,1.1,1,1,35.7,6,80,0,0,0,0
sufex_000530,530,0.47,47,CCN(CC)CC,NCC1=CC=CC(OC2=CC=CC=C2)=C1,COCCS(=O)(=O)F,COCCS(=O)(=O)NCC1=CC=CC(OC2=CC=CC=C2)=C1,CC#N,,,1.1,1,1,35.7,6,80,0,0,0,0
sufex_000531,531,0.47,47,CCN(CC)CC,NC1=CC=C(NC2CC2)C=C1,O=S(=O)(F)CC1=CC=CC=C1,NC1=CC=C(N(C2CC2)S(=O)(=O)CC2=CC=CC=C2)C=C1,CC#N,,,1.1,1,1,35.7,6,80,0,0,0,0
sufex_000532,532,0.46,46,CCN(CC)CC,NC1=CC=CC(C(=O)N2CCCNCC2)=C1,CCCS(=O)(=O)F,CCCS(=O)(=O)N1CCCN(C(=O)C2=CC(N)=CC=C2)CC1,CC#N,,,1.1,1,1,35.7,6,80,0,0,0,0
sufex_000533,533,0.45,45,CCN(CC)CC,NC1CCCCCC1,COCCS(=O)(=O)F,COCCS(=O)(=O)NC1CCCCCC1,CC#N,,,1.1,1,1,35.7,6,80,0,0,0,0
sufex_000534,534,0.44,44,CCN(CC)CC,CNCC(C)O,CCCS(=O)(=O)F,CCCS(=O)(=O)N(C)CC(C)O,CC#N,,,1.1,1,1,35.7,6,80,0,0,0,0
sufex_000535,535,0.42,42,CCN(CC)CC,CC(C)C(N)C1=CC=CC=C1,COCCS(=O)(=O)F,COCCS(=O)(=O)NC(C1=CC=CC=C1)C(C)C,CC#N,,,1.1,1,1,35.7,6,80,0,0,0,0
sufex_000536,536,0.42,42,CCN(CC)CC,NC1CCCCCC1CO,CS(=O)(=O)F,CS(=O)(=O)NC1CCCCCC1CO,CC#N,,,1.1,1,1,35.7,6,80,0,0,0,0
sufex_000537,537,0.4,40,CCN(CC)CC,NC(C1=CC=CC=C1)C1=CC=CC=C1,O=S(=O)(F)CC1=C(F)C=C(Br)C=C1,O=S(=O)(CC1=C(F)C=C(Br)C=C1)NC(C1=CC=CC=C1)C1=CC=CC=C1,CC#N,,,1.1,1,1,35.7,6,80,0,0,0,0
sufex_000538,538,0.4,40,CCN(CC)CC,NCC1=CNC(=O)C=C1,O=S(=O)(F)CC1=CC=CC=C1,O=C1C=CC(CNS(=O)(=O)CC2=CC=CC=C2)=CN1,CC#N,,,1.1,1,1,35.7,6,80,0,0,0,0
sufex_000539,539,0.39,39,CCN(CC)CC,CC1=NNC(=O)C(CN)=C1C,CCCS(=O)(=O)F,CCCS(=O)(=O)NCC1=C(C)C(C)=NNC1=O,CC#N,,,1.1,1,1,35.7,6,80,0,0,0,0
sufex_000540,540,0.38,38,CCN(CC)CC,NC1CCCCCC1CO,O=S(=O)(F)CC1CCCCC1,O=S(=O)(CC1CCCCC1)NC1CCCCCC1CO,CC#N,,,1.1,1,1,35.7,6,80,0,0,0,0
sufex_000541,541,0.36,36,CCN(CC)CC,CC1=NNC(=O)C(CN)=C1C,O=S(=O)(F)CC1=CC=CC=C1,CC1=NNC(=O)C(CNS(=O)(=O)CC2=CC=CC=C2)=C1C,CC#N,,,1.1,1,1,35.7,6,80,0,0,0,0
sufex_000542,542,0.36,36,CCN(CC)CC,NCC1(C2=CC=C(F)C=C2)CC1,CS(=O)(=O)F,CS(=O)(=O)NCC1(C2=CC=C(F)C=C2)CC1,CC#N,,,1.1,1,1,35.7,6,80,0,0,0,0
sufex_000543,543,0.35,35,CCN(CC)CC,CNCC(C)O,O=S(=O)(F)CC1=CC=CC=C1,CC(O)CN(C)S(=O)(=O)CC1=CC=CC=C1,CC#N,,,1.1,1,1,35.7,6,80,0,0,0,0
sufex_000544,544,0.34,34,CCN(CC)CC,OCCCNCC1=CC=NC=C1,O=S(=O)(F)CC1=CC=CC=C1,O=S(=O)(CC1=CC=CC=C1)N(CCCO)CC1=CC=NC=C1,CC#N,,,1.1,1,1,35.7,6,80,0,0,0,0
sufex_000545,545,0.33,33,CCN(CC)CC,O=C(C1=CC=C2OCOC2=C1)N1CCNCC1,COCCS(=O)(=O)F,COCCS(=O)(=O)N1CCN(C(=O)C2=CC=C3OCOC3=C2)CC1,CC#N,,,1.1,1,1,35.7,6,80,0,0,0,0
sufex_000546,546,0.33,33,CCN(CC)CC,CC(C)CNCC(O)C1=CC=CC=C1,O=S(=O)(F)CC1=CC=CC=C1,CC(C)CN(CC(O)C1=CC=CC=C1)S(=O)(=O)CC1=CC=CC=C1,CC#N,,,1.1,1,1,35.7,6,80,0,0,0,0
sufex_000547,547,0.32,32,CCN(CC)CC,NC(C1=CC=CC=C1)C1CC1,CS(=O)(=O)F,CS(=O)(=O)NC(C1=CC=CC=C1)C1CC1,CC#N,,,1.1,1,1,35.7,6,80,0,0,0,0
sufex_000548,548,0.31,31,CCN(CC)CC,OC1=CC(N2CCNCC2)=CC=C1,O=S(=O)(F)CC1=CC=CC=C1,O=S(=O)(CC1=CC=CC=C1)N1CCN(C2=CC=CC(O)=C2)CC1,CC#N,,,1.1,1,1,35.7,6,80,0,0,0,0
sufex_000549,549,0.31,31,CCN(CC)CC,OC1=C(N2CCNCC2)C=CC=C1,O=S(=O)(F)CC1=CC=CC=C1,O=S(=O)(CC1=CC=CC=C1)N1CCN(C2=C(O)C=CC=C2)CC1,CC#N,,,1.1,1,1,35.7,6,80,0,0,0,0
sufex_000550,550,0.31,31,CCN(CC)CC,NCC1=C(C=CC=C1)CN2CCC(CC2)O,O=S(=O)(F)CC1=CC=CC=C1,O=S(=O)(CC1=CC=CC=C1)NCC1=C(CN2CCC(O)CC2)C=CC=C1,CC#N,,,1.1,1,1,35.7,6,80,0,0,0,0
sufex_000551,551,0.31,31,CCN(CC)CC,CC(C)(CO)N1CCNCC1,O=S(=O)(F)CC1CCCCC1,CC(C)(CO)N1CCN(S(=O)(=O)CC2CCCCC2)CC1,CC#N,,,1.1,1,1,35.7,6,80,0,0,0,0
sufex_000552,552,0.3,30,CCN(CC)CC,CC(NCC1=C(O)C=CC=C1)C1=CC=CC=C1,CCCS(=O)(=O)F,CCCS(=O)(=O)N(CC1=C(O)C=CC=C1)C(C)C1=CC=CC=C1,CC#N,,,1.1,1,1,35.7,6,80,0,0,0,0
sufex_000553,553,0.28,28,CCN(CC)CC,CC(C)C(N)C1=C(N)C=CC=C1,O=S(=O)(F)CC1=CC=CC=C1,CC(C)C(NS(=O)(=O)CC1=CC=CC=C1)C1=C(N)C=CC=C1,CC#N,,,1.1,1,1,35.7,6,80,0,0,0,0
sufex_000554,554,0.27,27,CCN(CC)CC,NCC1(CCO)CCCCC1,CCCS(=O)(=O)F,CCCS(=O)(=O)NCC1(CCO)CCCCC1,CC#N,,,1.1,1,1,35.7,6,80,0,0,0,0
sufex_000555,555,0.26,26,CCN(CC)CC,CC1=NNC(C)=C1C1CCCN1,CCCS(=O)(=O)F,CCCS(=O)(=O)N1CCCC1C1=C(C)NN=C1C,CC#N,,,1.1,1,1,35.7,6,80,0,0,0,0
sufex_000556,556,0.25,25,CCN(CC)CC,NC(C1=CC=CC=C1)C1CC1,COCCS(=O)(=O)F,COCCS(=O)(=O)NC(C1=CC=CC=C1)C1CC1,CC#N,,,1.1,1,1,35.7,6,80,0,0,0,0
sufex_000557,557,0.22,22,CCN(CC)CC,CC(C)C(N)C1=CC=CC=C1,CC1=NOC(CS(=O)(=O)F)=C1,CC1=NOC(CS(=O)(=O)NC(C2=CC=CC=C2)C(C)C)=C1,CC#N,,,1.1,1,1,35.7,6,80,0,0,0,0
sufex_000558,558,0.22,22,CCN(CC)CC,NC1CCCCCC1CO,CCCS(=O)(=O)F,CCCS(=O)(=O)NC1CCCCCC1CO,CC#N,,,1.1,1,1,35.7,6,80,0,0,0,0
sufex_000559,559,0.2,20,CCN(CC)CC,CNC(C)C1=CC=C(F)C=C1,CC1=NOC(CS(=O)(=O)F)=C1,CC1=NOC(CS(=O)(=O)N(C)C(C)C2=CC=C(F)C=C2)=C1,CC#N,,,1.1,1,1,35.7,6,80,0,0,0,0
sufex_000560,560,0.2,20,CCN(CC)CC,NCC1=CC=NN1,CCCS(=O)(=O)F,CCCS(=O)(=O)NCC1=NNC=C1,CC#N,,,1.1,1,1,35.7,6,80,0,0,0,0
sufex_000561,561,0.19,19,CCN(CC)CC,OC(C=C1)=CC=C1CNC2CCCCC2,CCCS(=O)(=O)F,CCCS(=O)(=O)N(CC1=CC=C(O)C=C1)C1CCCCC1,CC#N,,,1.1,1,1,35.7,6,80,0,0,0,0
sufex_000562,562,0.17,17,CCN(CC)CC,NCC1=CC(=O)NC=C1,CS(=O)(=O)F,CS(=O)(=O)NCC1=CC(=O)NC=C1,CC#N,,,1.1,1,1,35.7,6,80,0,0,0,0
sufex_000563,563,0.17,17,CCN(CC)CC,NCC1(CCO)CCCCC1,O=S(=O)(F)CC1=CC=CC=C1,O=S(=O)(CC1=CC=CC=C1)NCC1(CCO)CCCCC1,CC#N,,,1.1,1,1,35.7,6,80,0,0,0,0
sufex_000564,564,0.16,16,CCN(CC)CC,NCC1=CC(=O)NC=C1,O=S(=O)(F)CC1CCCCC1,O=C1C=C(CNS(=O)(=O)CC2CCCCC2)C=CN1,CC#N,,,1.1,1,1,35.7,6,80,0,0,0,0
sufex_000565,565,0.15,15,CCN(CC)CC,NCC1(C2=CC=C(F)C=C2)CC1,CC1=NOC(CS(=O)(=O)F)=C1,CC1=NOC(CS(=O)(=O)NCC2(C3=CC=C(F)C=C3)CC2)=C1,CC#N,,,1.1,1,1,35.7,6,80,0,0,0,0
sufex_000566,566,0.15,15,CCN(CC)CC,NCC1=C(C=CC=C1)CN2CCC(CC2)O,CCCS(=O)(=O)F,CCCS(=O)(=O)NCC1=C(CN2CCC(O)CC2)C=CC=C1,CC#N,,,1.1,1,1,35.7,6,80,0,0,0,0
sufex_000567,567,0.14,14,CCN(CC)CC,NC1(C2=CC=C(Br)C=C2)CC1,COCCS(=O)(=O)F,COCCS(=O)(=O)NC1(C2=CC=C(Br)C=C2)CC1,CC#N,,,1.1,1,1,35.7,6,80,0,0,0,0
sufex_000568,568,0.13,13,CCN(CC)CC,NCC1=CNC(=O)C=C1,O=S(=O)(F)CC1CCCCC1,O=C1C=CC(CNS(=O)(=O)CC2CCCCC2)=CN1,CC#N,,,1.1,1,1,35.7,6,80,0,0,0,0
sufex_000569,569,0.08,8,CCN(CC)CC,CC(C)(CO)N1CCNCC1,O=S(=O)(F)CC1=CC=CC=C1,CC(C)(CO)N1CCN(S(=O)(=O)CC2=CC=CC=C2)CC1,CC#N,,,1.1,1,1,35.7,6,80,0,0,0,0
sufex_000570,570,0.05,5,CCN(CC)CC,NC(C1=CC=CC=C1)C1CC1,O=S(=O)(F)CC1CCCCC1,O=S(=O)(CC1CCCCC1)NC(C1=CC=CC=C1)C1CC1,CC#N,,,1.1,1,1,35.7,6,80,0,0,0,0
sufex_000571,571,0.05,5,CCN(CC)CC,NC1(C2=CC=C(Br)C=C2)CC1,O=S(=O)(F)CC1CCCCC1,O=S(=O)(CC1CCCCC1)NC1(C2=CC=C(Br)C=C2)CC1,CC#N,,,1.1,1,1,35.7,6,80,0,0,0,0
sufex_000572,572,0.05,5,CCN(CC)CC,NC1(C2=CC=C(Br)C=C2)CC1,CS(=O)(=O)F,CS(=O)(=O)NC1(C2=CC=C(Br)C=C2)CC1,CC#N,,,1.1,1,1,35.7,6,80,0,0,0,0
sufex_000573,573,0.05,5,CCN(CC)CC,CC(C)C(N)C1=CC=CC=C1,O=S(=O)(F)CC1CCCCC1,CC(C)C(NS(=O)(=O)CC1CCCCC1)C1=CC=CC=C1,CC#N,,,1.1,1,1,35.7,6,80,0,0,0,0
sufex_000574,574,0.05,5,CCN(CC)CC,NCC1(C2=CC=C(F)C=C2)CC1,O=S(=O)(F)CC1CCCCC1,O=S(=O)(CC1CCCCC1)NCC1(C2=CC=C(F)C=C2)CC1,CC#N,,,1.1,1,1,35.7,6,80,0,0,0,0
sufex_000575,575,0.05,5,CCN(CC)CC,NC(C1=CC=CC=C1)C1=CC=CC=C1,CS(=O)(=O)F,CS(=O)(=O)NC(C1=CC=CC=C1)C1=CC=CC=C1,CC#N,,,1.1,1,1,35.7,6,80,0,0,0,0
sufex_000576,576,0.04,4,CCN(CC)CC,NC1(C2=CC=CC=C2)CCC1,COCCS(=O)(=O)F,COCCS(=O)(=O)NC1(C2=CC=CC=C2)CCC1,CC#N,,,1.1,1,1,35.7,6,80,0,0,0,0
sufex_000577,577,0.04,4,CCN(CC)CC,NC1(C2=CC=CC=C2)CCC1,CS(=O)(=O)F,CS(=O)(=O)NC1(C2=CC=CC=C2)CCC1,CC#N,,,1.1,1,1,35.7,6,80,0,0,0,0
sufex_000578,578,0.64,64,CCN(CC)CC,CC(O)(CN)C1=CC=CS1,O=S(=O)(F)CC1CCCCC1,CC(O)(CNS(=O)(=O)CC1CCCCC1)C1=CC=CS1,CC#N,,,1.1,1,1,35.7,6,80,0,0,0,0
sufex_000579,579,0.81,81,,C1COCCN1,O=S(=O)(F)C1=CN(C2=CC=C(C(F)(F)F)C=C2)N=N1,O=S(=O)(C1=CN(C2=CC=C(C(F)(F)F)C=C2)N=N1)N1CCOCC1,CC#N,,,0,3,1,35.7,24,80,0,0,0,0
sufex_000580,580,0.81,81,CCN(CC)CC,CC(C)(C)OC(=O)[C@@H](N)CC1=CC=C(O)C=C1,O=S(=O)(F)C1=CN(C2=CC=C(C(F)(F)F)C=C2)N=N1,CC(C)(C)OC(=O)[C@H](CC1=CC=C(O)C=C1)NS(=O)(=O)C1=CN(C2=CC=C(C(F)(F)F)C=C2)N=N1,CC#N,,,2,2,1,35.7,4,80,0,0,0,0
sufex_000581,581,0.74,74,,[H][C@@]12CO[C@@]([H])(CN1)C2,O=S(=O)(F)C1=CN(C2=CC=C(C3=CC=CC=C3)C=C2)N=N1,[H][C@@]12CN(S(=O)(=O)C3=CN(C4=CC=C(C5=CC=CC=C5)C=C4)N=N3)[C@@]([H])(CO1)C2,CC#N,,,0,3,1,35.7,24,80,0,0,0,0
sufex_000582,582,0.63,63,CCN(CC)CC,[H][C@@]12CC[C@]3([H])[C@]([H])(CC[C@]4(C)[C@@H](C(C)=O)CC[C@@]34[H])[C@@]1(C)CC[C@@H](N)C2,O=S(=O)(F)C1=CN(C2=CC=C(C(F)(F)F)C=C2)N=N1,[H][C@@]12CC[C@]3([H])[C@]([H])(CC[C@]4(C)[C@@H](C(C)=O)CC[C@@]34[H])[C@@]1(C)CC[C@H](NS(=O)(=O)C1=CN(C3=CC=C(C(F)(F)F)C=C3)N=N1)C2,CC#N,,,2,2,1,35.7,48,80,0,0,0,0
sufex_000583,583,0.58,58,CCN(CC)CC,[H][C@@]12CCC3=CC(C(C)C)=CC=C3[C@@]1(C)CCC[C@@]2(C)CN,O=S(=O)(F)C1=CN(CC2=CC=CC=C2)N=N1,[H][C@@]12CCC3=CC(C(C)C)=CC=C3[C@@]1(C)CCC[C@@]2(C)CNS(=O)(=O)C1=CN(CC2=CC=CC=C2)N=N1,CC#N,,,2,2,1,35.7,40,80,0,0,0,0
sufex_000584,584,0.01,1,,FC(F)(F)C1=NC(N2CCNCC2)=CC=C1,O=S(=O)(F)C1=CC=CC=C1,O=S(=O)(C1=CC=CC=N1)N1CCN(C2=CC=CC(C(F)(F)F)=N2)CC1,CCC(C)(C)O,,,0,2,1,11.7,24,60,0,0,0,0
sufex_000585,585,0.95,95,,FC(F)(F)C1=NC(N2CCNCC2)=CC=C1,O=S(=O)(F)C1=CC=CC=C1,O=S(C1=CC=CC=C1)(N2CCN(CC2)C3=CC=CC(C(F)(F)F)=N3)=O,CCC(C)(C)O,C(F)(F)(F)S(=O)(=O)[N-]S(=O)(=O)C(F)(F)F.C(F)(F)(F)S(=O)(=O)[N-]S(=O)(=O)C(F)(F)F.[Ca+2],,0,2,1,11.7,24,60,1,0,0,0
sufex_000586,586,0.46,46,C12=NCCCN1CCCCC2,NC1=CC=CC=C1,O=S(=O)(F)C1=CC=CC=C1,O=S(=O)(NC1=CC=CC=C1)C1=CC=CC=C1,CCC(C)(C)O,C(F)(F)(F)S(=O)(=O)[N-]S(=O)(=O)C(F)(F)F.C(F)(F)(F)S(=O)(=O)[N-]S(=O)(=O)C(F)(F)F.[Ca+2],,1,1,1,11.7,24,60,1,0,0,0
sufex_000587,587,0.71,71,CCN(CC)CC,NC1=CC=CC=C1,O=S(=O)(F)C1=CC=CC=C1,O=S(=O)(NC1=CC=CC=C1)C1=CC=CC=C1,CCC(C)(C)O,C(F)(F)(F)S(=O)(=O)[N-]S(=O)(=O)C(F)(F)F.C(F)(F)(F)S(=O)(=O)[N-]S(=O)(=O)C(F)(F)F.[Ca+2],,1,1,1,11.7,24,60,1,0,0,0
sufex_000588,588,0.88,88,,NC1=CC=CC=C1,O=S(=O)(F)C1=CC=CC=C1,O=S(=O)(NC1=CC=CC=C1)C1=CC=CC=C1,CCC(C)(C)O,C(F)(F)(F)S(=O)(=O)[N-]S(=O)(=O)C(F)(F)F.C(F)(F)(F)S(=O)(=O)[N-]S(=O)(=O)C(F)(F)F.[Ca+2],,0,2,1,11.7,24,60,1,0,0,0
sufex_000589,589,0,0,,O=C(OCC1=CC=CC=C1)N1CCCNCC1,O=S(=O)(F)C1=CC=CC=C1,O=C(OCC1=CC=CC=C1)N1CCCN(S(=O)(=O)C2=CC=CC=C2)CC1,CCC(C)(C)O,,,0,2,1,11.7,24,60,0,0,0,0
sufex_000590,590,0.84,84,,O=C(OCC1=CC=CC=C1)N1CCCNCC1,O=S(=O)(F)C1=CC=CC=C1,O=C(OCC1=CC=CC=C1)N1CCCN(S(=O)(=O)C2=CC=CC=C2)CC1,CCC(C)(C)O,C(F)(F)(F)S(=O)(=O)[N-]S(=O)(=O)C(F)(F)F.C(F)(F)(F)S(=O)(=O)[N-]S(=O)(=O)C(F)(F)F.[Ca+2],,0,2,1,11.7,24,60,1,0,0,0
sufex_000591,591,0,0,,CSC1=CC=C(N)C=C1,O=S(=O)(F)C1=CC=CC=C1,CSC1=CC=C(NS(=O)(=O)C2=CC=CC=C2)C=C1,CCC(C)(C)O,,,0,2,1,11.7,24,60,0,0,0,0
sufex_000592,592,0.81,81,,CSC1=CC=C(N)C=C1,O=S(=O)(F)C1=CC=CC=C1,CSC1=CC=C(NS(=O)(=O)C2=CC=CC=C2)C=C1,CCC(C)(C)O,C(F)(F)(F)S(=O)(=O)[N-]S(=O)(=O)C(F)(F)F.C(F)(F)(F)S(=O)(=O)[N-]S(=O)(=O)C(F)(F)F.[Ca+2],,0,2,1,11.7,24,60,1,0,0,0
sufex_000593,593,0,0,,NC1=CN=CC=C1,O=S(=O)(F)C1=CC=CC=C1,O=S(=O)(NC1=CN=CC=C1)C1=CC=CC=C1,CCC(C)(C)O,,,0,2,1,11.7,24,60,0,0,0,0
sufex_000594,594,0.85,85,,NC1=CN=CC=C1,O=S(=O)(F)C1=CC=CC=C1,O=S(=O)(NC1=CN=CC=C1)C1=CC=CC=C1,CCC(C)(C)O,C(F)(F)(F)S(=O)(=O)[N-]S(=O)(=O)C(F)(F)F.C(F)(F)(F)S(=O)(=O)[N-]S(=O)(=O)C(F)(F)F.[Ca+2],,0,2,1,11.7,24,60,1,0,0,0
sufex_000595,595,0,0,,C1=CNC=N1,O=S(=O)(F)C1=CC=CC=C1,O=S(=O)(C1=CC=CC=C1)N1C=CN=C1,CCC(C)(C)O,,,0,2,1,11.7,24,60,0,0,0,0
sufex_000596,596,0.8,80,,C1=CNC=N1,O=S(=O)(F)C1=CC=CC=C1,O=S(=O)(C1=CC=CC=C1)N1C=CN=C1,CCC(C)(C)O,C(F)(F)(F)S(=O)(=O)[N-]S(=O)(=O)C(F)(F)F.C(F)(F)(F)S(=O)(=O)[N-]S(=O)(=O)C(F)(F)F.[Ca+2],,0,2,1,11.7,24,60,1,0,0,0
sufex_000597,597,0,0,,CC1=NC=CN1,O=S(=O)(F)C1=CC=CC=C1,CC1=NC=CN1S(=O)(=O)C1=CC=CC=C1,CCC(C)(C)O,,,0,2,1,11.7,24,60,0,0,0,0
sufex_000598,598,0.75,75,,CC1=NC=CN1,O=S(=O)(F)C1=CC=CC=C1,CC1=NC=CN1S(=O)(=O)C1=CC=CC=C1,CCC(C)(C)O,C(F)(F)(F)S(=O)(=O)[N-]S(=O)(=O)C(F)(F)F.C(F)(F)(F)S(=O)(=O)[N-]S(=O)(=O)C(F)(F)F.[Ca+2],,0,2,1,11.7,24,60,1,0,0,0
sufex_000599,599,0.11,11,,CC(C)(C)OC(=O)N1CCCC(CCN)C1,O=S(=O)(F)C1=CC=CC=C1,CC(C)(C)OC(=O)N1CCCC(CCNS(=O)(=O)C2=CC=CC=C2)C1,CCC(C)(C)O,,,0,2,1,11.7,24,60,0,0,0,0
sufex_000600,600,0.67,67,,CC(C)(C)OC(=O)N1CCCC(CCN)C1,O=S(=O)(F)C1=CC=CC=C1,CC(C)(C)OC(=O)N1CCCC(CCNS(=O)(=O)C2=CC=CC=C2)C1,CCC(C)(C)O,C(F)(F)(F)S(=O)(=O)[N-]S(=O)(=O)C(F)(F)F.C(F)(F)(F)S(=O)(=O)[N-]S(=O)(=O)C(F)(F)F.[Ca+2],,0,2,1,11.7,24,60,1,0,0,0
sufex_000601,601,0,0,,COC1=CC=C([C@H](C)N)C=C1,O=S(=O)(F)C1=CC=CC=C1,COC1=CC=C([C@H](C)NS(=O)(=O)C2=CC=CC=C2)C=C1,CCC(C)(C)O,,,0,2,1,11.7,24,60,0,0,0,0
sufex_000602,602,0.73,73,,COC1=CC=C([C@H](C)N)C=C1,O=S(=O)(F)C1=CC=CC=C1,COC1=CC=C([C@H](C)NS(=O)(=O)C2=CC=CC=C2)C=C1,CCC(C)(C)O,C(F)(F)(F)S(=O)(=O)[N-]S(=O)(=O)C(F)(F)F.C(F)(F)(F)S(=O)(=O)[N-]S(=O)(=O)C(F)(F)F.[Ca+2],,0,2,1,11.7,24,60,1,0,0,0
sufex_000603,603,0.12,12,,NC1=CC=C(O)C=C1,O=S(=O)(F)C1=CC=CC=C1,O=S(=O)(NC1=CC=C(O)C=C1)C1=CC=CC=C1,CCC(C)(C)O,,,0,2,1,11.7,24,60,0,0,0,0
sufex_000604,604,0.66,66,,NC1=CC=C(O)C=C1,O=S(=O)(F)C1=CC=CC=C1,O=S(=O)(NC1=CC=C(O)C=C1)C1=CC=CC=C1,CCC(C)(C)O,C(F)(F)(F)S(=O)(=O)[N-]S(=O)(=O)C(F)(F)F.C(F)(F)(F)S(=O)(=O)[N-]S(=O)(=O)C(F)(F)F.[Ca+2],,0,2,1,11.7,24,60,1,0,0,0
sufex_000605,605,0,0,,COC1=C(N)C=C2CCN(C)CCC2=N1,O=S(=O)(F)C1=CC=CC=C1,COC1=C(NS(=O)(=O)C2=CC=CC=C2)C=C2CCN(C)CCC2=N1,CCC(C)(C)O,,,0,2,1,11.7,24,60,0,0,0,0
sufex_000606,606,0.63,63,,COC1=C(N)C=C2CCN(C)CCC2=N1,O=S(=O)(F)C1=CC=CC=C1,COC1=C(NS(=O)(=O)C2=CC=CC=C2)C=C2CCN(C)CCC2=N1,CCC(C)(C)O,C(F)(F)(F)S(=O)(=O)[N-]S(=O)(=O)C(F)(F)F.C(F)(F)(F)S(=O)(=O)[N-]S(=O)(=O)C(F)(F)F.[Ca+2],,0,2,1,11.7,24,60,1,0,0,0
sufex_000607,607,0,0,,NC1=CC=NC(F)=C1,O=S(=O)(F)C1=CC=CC=C1,O=S(=O)(NC1=CC=NC(F)=C1)C1=CC=CC=C1,CCC(C)(C)O,,,0,2,1,11.7,24,60,0,0,0,0
sufex_000608,608,0.8,80,,NC1=CC=CC=C1,O=S(=O)(F)C1=CC=CC=C1,O=S(=O)(NC1=CC=CC=C1)C1=CC=CC=C1,CCC(C)(C)O,FC(F)(S(=O)([N-]S(=O)(C(F)(F)F)=O)=O)F.FC(F)(S(=O)([N-]S(=O)(C(F)(F)F)=O)=O)F.[Ba+2],,0,2,1,11.7,24,60,1,0,0,0
sufex_000609,609,0.09,9,,NC1=CC=CC=C1,O=S(=O)(F)C1=CC=CC=C1,O=S(=O)(NC1=CC=CC=C1)C1=CC=CC=C1,CCC(C)(C)O,FC(F)(S(=O)([N-]S(=O)(C(F)(F)F)=O)=O)F.[Li+],,0,2,1,11.7,24,60,1,0,0,0
sufex_000610,610,0,0,,NC1=CC=CC=C1,O=S(=O)(F)C1=CC=CC=C1,O=S(=O)(NC1=CC=CC=C1)C1=CC=CC=C1,CCC(C)(C)O,FC(F)(S(=O)([N-]S(=O)(C(F)(F)F)=O)=O)F.[Ag+],,0,2,1,11.7,24,60,1,0,0,0
sufex_000611,611,0.02,2,,NC1=CC=CC=C1,O=S(=O)(F)C1=CC=CC=C1,O=S(=O)(NC1=CC=CC=C1)C1=CC=CC=C1,CCC(C)(C)O,FC(F)(S(=O)([N-]S(=O)(C(F)(F)F)=O)=O)F.[K+],,0,2,1,11.7,24,60,1,0,0,0
sufex_000612,612,0,0,,NC1=CC=CC=C1,O=S(=O)(F)C1=CC=CC=C1,O=S(=O)(NC1=CC=CC=C1)C1=CC=CC=C1,CCC(C)(C)O,[Ca+2].[F-].[F-],,0,2,1,11.7,24,60,1,0,0,0
sufex_000613,613,0.04,4,,NC1=CC=CC=C1,O=S(=O)(F)C1=CC=CC=C1,O=S(=O)(NC1=CC=CC=C1)C1=CC=CC=C1,CCC(C)(C)O,[O-]S(=O)(C(F)(F)F)=O.[O-]S(=O)(C(F)(F)F)=O.[Ca+2],,0,2,1,11.7,24,60,1,0,0,0
sufex_000614,614,0.3,30,,NC1=CC=CC=C1,O=S(=O)(F)C1=CC=CC=C1,O=S(=O)(NC1=CC=CC=C1)C1=CC=CC=C1,CCC(C)(C)O,[O-]S(=O)(C(F)(F)F)=O.[O-]S(=O)(C(F)(F)F)=O.[O-]S(=O)(C(F)(F)F)=O.[La+3],,0,2,1,11.7,24,60,1,0,0,0
sufex_000615,615,0.02,2,,NC1=CC=CC=C1,O=S(=O)(F)C1=CC=CC=C1,O=S(=O)(NC1=CC=CC=C1)C1=CC=CC=C1,CCC(C)(C)O,[Li+].[Cl-],,0,2,1,11.7,24,60,1,0,0,0
sufex_000616,616,0.03,3,,NC1=CC=CC=C1,O=S(=O)(F)C1=CC=CC=C1,O=S(=O)(NC1=CC=CC=C1)C1=CC=CC=C1,CCC(C)(C)O,FC(F)(S(=O)(N([H])S(=O)(C(F)(F)F)=O)=O)F,,0,2,1,11.7,24,60,1,0,0,0
sufex_000617,617,0,0,,NC1=CC=CC=C1,O=S(=O)(F)C1=CC=CC=C1,O=S(=O)(NC1=CC=CC=C1)C1=CC=CC=C1,CCC(C)(C)O,,,0,2,1,11.7,24,60,0,0,0,0
sufex_000618,618,0.63,63,,NC1=CC=CC=C1,O=S(=O)(F)C1=CC=CC=C1,O=S(=O)(NC1=CC=CC=C1)C1=CC=CC=C1,O,C(F)(F)(F)S(=O)(=O)[N-]S(=O)(=O)C(F)(F)F.C(F)(F)(F)S(=O)(=O)[N-]S(=O)(=O)C(F)(F)F.[Ca+2],,0,2,1,78.4,24,60,1,0,0,0
sufex_000619,619,0.4,40,,NC1=CC=CC=C1,O=S(=O)(F)C1=CC=CC=C1,O=S(=O)(NC1=CC=CC=C1)C1=CC=CC=C1,CO,C(F)(F)(F)S(=O)(=O)[N-]S(=O)(=O)C(F)(F)F.C(F)(F)(F)S(=O)(=O)[N-]S(=O)(=O)C(F)(F)F.[Ca+2],,0,2,1,32.6,24,60,1,0,0,0
sufex_000620,620,0.71,71,,NC1=CC=CC=C1,O=S(=O)(F)C1=CC=CC=C1,O=S(=O)(NC1=CC=CC=C1)C1=CC=CC=C1,OC(C)C,C(F)(F)(F)S(=O)(=O)[N-]S(=O)(=O)C(F)(F)F.C(F)(F)(F)S(=O)(=O)[N-]S(=O)(=O)C(F)(F)F.[Ca+2],,0,2,1,19.3,24,60,1,0,0,0
sufex_000621,621,0.42,42,,NC1=CC=CC=C1,O=S(=O)(F)C1=CC=CC=C1,O=S(=O)(NC1=CC=CC=C1)C1=CC=CC=C1,CC#N,C(F)(F)(F)S(=O)(=O)[N-]S(=O)(=O)C(F)(F)F.C(F)(F)(F)S(=O)(=O)[N-]S(=O)(=O)C(F)(F)F.[Ca+2],,0,2,1,35.7,24,60,1,0,0,0
sufex_000622,622,0.13,13,,NC1=CC=CC=C1,O=S(=O)(F)C1=CC=CC=C1,O=S(=O)(NC1=CC=CC=C1)C1=CC=CC=C1,CN(C=O)C,C(F)(F)(F)S(=O)(=O)[N-]S(=O)(=O)C(F)(F)F.C(F)(F)(F)S(=O)(=O)[N-]S(=O)(=O)C(F)(F)F.[Ca+2],,0,2,1,37.2,24,60,1,0,0,0
sufex_000623,623,0.51,51,,NC1=CC=CC=C1,O=S(=O)(F)C1=CC=CC=C1,O=S(=O)(NC1=CC=CC=C1)C1=CC=CC=C1,CC1=CC=CC=C1,C(F)(F)(F)S(=O)(=O)[N-]S(=O)(=O)C(F)(F)F.C(F)(F)(F)S(=O)(=O)[N-]S(=O)(=O)C(F)(F)F.[Ca+2],,0,2,1,2.4,24,60,1,0,0,0
sufex_000624,624,0.09,9,,NC1=CC=CC=C1,O=S(=O)(F)C1=CC=CC=C1,O=S(=O)(NC1=CC=CC=C1)C1=CC=CC=C1,OC(C(F)(F)F)C(F)(F)F,C(F)(F)(F)S(=O)(=O)[N-]S(=O)(=O)C(F)(F)F.C(F)(F)(F)S(=O)(=O)[N-]S(=O)(=O)C(F)(F)F.[Ca+2],,0,2,1,16.7,24,60,1,0,0,0
sufex_000625,625,0.95,95,,FC(F)(F)C1=NC(N2CCNCC2)=CC=C1,O=S(=O)(F)C1=CC=CC=N1,O=S(=O)(C1=CC=CC=N1)N1CCN(C2=CC=CC(C(F)(F)F)=N2)CC1,CCC(C)(C)O,C(F)(F)(F)S(=O)(=O)[N-]S(=O)(=O)C(F)(F)F.C(F)(F)(F)S(=O)(=O)[N-]S(=O)(=O)C(F)(F)F.[Ca+2],,0,2,1,11.7,24,60,1,0,0,0
sufex_000626,626,0.9,90,,FC(F)(F)C1=NC(N2CCNCC2)=CC=C1,CC1=CC=C(S(=O)(=O)F)N=N1,CC1=CC=C(S(=O)(=O)N2CCN(C3=CC=CC(C(F)(F)F)=N3)CC2)N=N1,CCC(C)(C)O,C(F)(F)(F)S(=O)(=O)[N-]S(=O)(=O)C(F)(F)F.C(F)(F)(F)S(=O)(=O)[N-]S(=O)(=O)C(F)(F)F.[Ca+2],,0,2,1,11.7,24,60,1,0,0,0
sufex_000627,627,0.88,88,,FC(F)(F)C1=NC(N2CCNCC2)=CC=C1,CN1C=C(S(=O)(=O)F)C=CC1=O,CN1C=C(S(=O)(=O)N2CCN(C3=CC=CC(C(F)(F)F)=N3)CC2)C=CC1=O,CCC(C)(C)O,C(F)(F)(F)S(=O)(=O)[N-]S(=O)(=O)C(F)(F)F.C(F)(F)(F)S(=O)(=O)[N-]S(=O)(=O)C(F)(F)F.[Ca+2],,0,2,1,11.7,24,60,1,0,0,0
sufex_000628,628,0,0,,FC(F)(F)C1=NC(N2CCNCC2)=CC=C1,O=S(=O)(F)C1CCCCC1,O=S(=O)(C1CCCCC1)N1CCN(C2=CC=CC(C(F)(F)F)=N2)CC1,CCC(C)(C)O,,,0,2,1,11.7,24,60,0,0,0,0
sufex_000629,629,0.88,88,,FC(F)(F)C1=NC(N2CCNCC2)=CC=C1,O=S(=O)(F)C1CCCCC1,O=S(=O)(C1CCCCC1)N1CCN(C2=CC=CC(C(F)(F)F)=N2)CC1,CCC(C)(C)O,C(F)(F)(F)S(=O)(=O)[N-]S(=O)(=O)C(F)(F)F.C(F)(F)(F)S(=O)(=O)[N-]S(=O)(=O)C(F)(F)F.[Ca+2],,0,2,1,11.7,24,60,1,0,0,0
sufex_000630,630,0,0,,FC(F)(F)C1=NC(N2CCNCC2)=CC=C1,CC1=CC=C(S(=O)(=O)F)C=C1,CC1=CC=C(S(=O)(=O)N2CCN(C3=CC=CC(C(F)(F)F)=N3)CC2)C=C1,CCC(C)(C)O,,,0,2,1,11.7,24,60,0,0,0,0
sufex_000631,631,0.87,87,,FC(F)(F)C1=NC(N2CCNCC2)=CC=C1,CC1=CC=C(S(=O)(=O)F)C=C1,CC1=CC=C(S(=O)(=O)N2CCN(C3=CC=CC(C(F)(F)F)=N3)CC2)C=C1,CCC(C)(C)O,C(F)(F)(F)S(=O)(=O)[N-]S(=O)(=O)C(F)(F)F.C(F)(F)(F)S(=O)(=O)[N-]S(=O)(=O)C(F)(F)F.[Ca+2],,0,2,1,11.7,24,60,1,0,0,0
sufex_000632,632,0.18,18,,FC(F)(F)C1=NC(N2CCNCC2)=CC=C1,CCCCS(=O)(=O)F,CCCCS(=O)(=O)N1CCN(C2=CC=CC(C(F)(F)F)=N2)CC1,CCC(C)(C)O,,,0,2,1,11.7,24,60,0,0,0,0
sufex_000633,633,0.86,86,,FC(F)(F)C1=NC(N2CCNCC2)=CC=C1,CCCCS(=O)(=O)F,CCCCS(=O)(=O)N1CCN(C2=CC=CC(C(F)(F)F)=N2)CC1,CCC(C)(C)O,C(F)(F)(F)S(=O)(=O)[N-]S(=O)(=O)C(F)(F)F.C(F)(F)(F)S(=O)(=O)[N-]S(=O)(=O)C(F)(F)F.[Ca+2],,0,2,1,11.7,24,60,1,0,0,0
sufex_000634,634,0.01,1,,FC(F)(F)C1=NC(N2CCNCC2)=CC=C1,COC1=CC=C(S(=O)(=O)F)C=C1,COC1=CC=C(S(=O)(=O)N2CCN(C3=CC=CC(C(F)(F)F)=N3)CC2)C=C1,CCC(C)(C)O,,,0,2,1,11.7,24,60,0,0,0,0
sufex_000635,635,0.5,50,,FC(F)(F)C1=NC(N2CCNCC2)=CC=C1,COC1=CC=C(S(=O)(=O)F)C=C1,COC1=CC=C(S(=O)(=O)N2CCN(C3=CC=CC(C(F)(F)F)=N3)CC2)C=C1,CCC(C)(C)O,C(F)(F)(F)S(=O)(=O)[N-]S(=O)(=O)C(F)(F)F.C(F)(F)(F)S(=O)(=O)[N-]S(=O)(=O)C(F)(F)F.[Ca+2],,0,0.83,1,11.7,24,60,0.83,0,0,0
sufex_000636,636,0.85,85,,FC(F)(F)C1=NC(N2CCNCC2)=CC=C1,COC1=CC=C(S(=O)(=O)F)C=C1,COC1=CC=C(S(=O)(=O)N2CCN(C3=CC=CC(C(F)(F)F)=N3)CC2)C=C1,CCC(C)(C)O,C(F)(F)(F)S(=O)(=O)[N-]S(=O)(=O)C(F)(F)F.C(F)(F)(F)S(=O)(=O)[N-]S(=O)(=O)C(F)(F)F.[Ca+2],,0,2,1,11.7,24,60,1,0,0,0
sufex_000637,637,0,0,,FC(F)(F)C1=NC(N2CCNCC2)=CC=C1,C#CC1=C(S(=O)(=O)F)C=CC=C1,C#CC1=C(S(=O)(=O)N2CCN(C3=CC=CC(C(F)(F)F)=N3)CC2)C=CC=C1,CCC(C)(C)O,,,0,2,1,11.7,24,60,0,0,0,0
sufex_000638,638,0.82,82,,FC(F)(F)C1=NC(N2CCNCC2)=CC=C1,C#CC1=C(S(=O)(=O)F)C=CC=C1,C#CC1=C(S(=O)(=O)N2CCN(C3=CC=CC(C(F)(F)F)=N3)CC2)C=CC=C1,CCC(C)(C)O,C(F)(F)(F)S(=O)(=O)[N-]S(=O)(=O)C(F)(F)F.C(F)(F)(F)S(=O)(=O)[N-]S(=O)(=O)C(F)(F)F.[Ca+2],,0,2,1,11.7,24,60,1,0,0,0
sufex_000639,639,0.02,2,,FC(F)(F)C1=NC(N2CCNCC2)=CC=C1,O=S(=O)(F)C1=C(Br)C=CC=C1,O=S(=O)(C1=C(Br)C=CC=C1)N1CCN(C2=CC=CC(C(F)(F)F)=N2)CC1,CCC(C)(C)O,,,0,2,1,11.7,24,60,0,0,0,0
sufex_000640,640,0.76,76,,FC(F)(F)C1=NC(N2CCNCC2)=CC=C1,O=S(=O)(F)C1=C(Br)C=CC=C1,O=S(=O)(C1=C(Br)C=CC=C1)N1CCN(C2=CC=CC(C(F)(F)F)=N2)CC1,CCC(C)(C)O,C(F)(F)(F)S(=O)(=O)[N-]S(=O)(=O)C(F)(F)F.C(F)(F)(F)S(=O)(=O)[N-]S(=O)(=O)C(F)(F)F.[Ca+2],,0,2,1,11.7,24,60,1,0,0,0
sufex_000641,641,0.85,85,,NC1=CC=CC=C1,O=S(F)(C1=CC=C(C#N)C=C1)=O,O=S(NC1=CC=CC=C1)(C2=CC=C(C#N)C=C2)=O,CCC(C)(C)O,C(F)(F)(F)S(=O)(=O)[N-]S(=O)(=O)C(F)(F)F.C(F)(F)(F)S(=O)(=O)[N-]S(=O)(=O)C(F)(F)F.[Ca+2],,0,2,1,11.7,24,60,1,0,0,0
sufex_000642,642,0,0,,NC1=CC=CC=C1,O=S(F)(C1=NC=CC=C1)=O,O=S(=O)(NC1=CC=CC=C1)C1=NC=CC=C1,CCC(C)(C)O,,,0,2,1,11.7,24,60,0,0,0,0
sufex_000643,643,0.84,84,,NC1=CN=CC=C1,O=S(=O)(F)C1=CC=C(CN2CCN(S(=O)(=O)C3=CC=CC=C3)CC2)C=C1,O=S(=O)(NC1=CN=CC=C1)C1=CC=C(CN2CCN(S(=O)(=O)C3=CC=CC=C3)CC2)C=C1,CCC(C)(C)O,C(F)(F)(F)S(=O)(=O)[N-]S(=O)(=O)C(F)(F)F.C(F)(F)(F)S(=O)(=O)[N-]S(=O)(=O)C(F)(F)F.[Ca+2],,0,2,1,11.7,4,60,1,0,0,0
sufex_000644,644,0.85,85,[H-].[Na+],CC(N)=O,CC1=CC(C)=CC(OS(=O)(=O)F)=C1,CC(=O)NS(=O)(=O)OC1=CC(C)=CC(C)=C1,C1CCCO1,,,2.3,1.2,1,7.4,2,25,0,0,0,0
sufex_000645,645,0.82,82,[H-].[Na+],CC(N)=O,O=S(=O)(F)OC1=CC=C2OCOC2=C1,CC(=O)NS(=O)(=O)OC1=CC=C2OCOC2=C1,C1CCCO1,,,2.3,1.2,1,7.4,2,25,0,0,0,0
sufex_000646,646,0.8,80,[H-].[Na+],CC(N)=O,COC1=CC=C(OS(=O)(=O)F)C=C1,COC1=CC=C(OS(=O)(=O)NC(C)=O)C=C1,C1CCCO1,,,2.3,1.2,1,7.4,2,25,0,0,0,0
sufex_000647,647,0.78,78,[H-].[Na+],CC(N)=O,O=S(=O)(F)OC1=CC=C(Br)C=C1,CC(=O)NS(=O)(=O)OC1=CC=C(Br)C=C1,C1CCCO1,,,2.3,1.2,1,7.4,2,25,0,0,0,0
sufex_000648,648,0.76,76,[H-].[Na+],CC(N)=O,CC1=CC=CC(C)=C1OS(=O)(=O)F,CC(=O)NS(=O)(=O)OC1=C(C)C=CC=C1C,C1CCCO1,,,2.3,1.2,1,7.4,2,25,0,0,0,0
sufex_000649,649,0.73,73,[H-].[Na+],CC(N)=O,[H][C@@]12CCC3=CC(OS(=O)(=O)F)=CC=C3[C@@]1([H])CC[C@]1(C)C(=O)CC[C@@]21[H],[H][C@@]12CCC3=CC(OS(=O)(=O)NC(C)=O)=CC=C3[C@@]1([H])CC[C@]1(C)C(=O)CC[C@@]21[H],C1CCCO1,,,2.3,1.2,1,7.4,2,25,0,0,0,0
sufex_000650,650,0.72,72,[H-].[Na+],CC(N)=O,N#CC1=CC=CC(OS(=O)(=O)F)=C1,CC(=O)NS(=O)(=O)OC1=CC(C#N)=CC=C1,C1CCCO1,,,2.3,1.2,1,7.4,2,25,0,0,0,0
sufex_000651,651,0.7,70,[H-].[Na+],CC(N)=O,CCOC(=O)C1=CC=C(OS(=O)(=O)F)C=C1,CCOC(=O)C1=CC=C(OS(=O)(=O)NC(C)=O)C=C1,C1CCCO1,,,2.3,1.2,1,7.4,2,25,0,0,0,0
sufex_000652,652,0.69,69,[H-].[Na+],CC(N)=O,C=CCC1=CC(OC)=C(OS(=O)(=O)F)C=C1,C=CCC1=CC(OC)=C(OS(=O)(=O)NC(C)=O)C=C1,C1CCCO1,,,2.3,1.2,1,7.4,2,25,0,0,0,0
sufex_000653,653,0.69,69,[H-].[Na+],CC(N)=O,CC1=C2CC[C@@](C)(CCC[C@H](C)CCC[C@H](C)CCCC(C)C)OC2=C(C)C(C)=C1OS(=O)(=O)F,CC(=O)NS(=O)(=O)OC1=C(C)C(C)=C2O[C@](C)(CCC[C@H](C)CCC[C@H](C)CCCC(C)C)CCC2=C1C,C1CCCO1,,,2.3,1.2,1,7.4,2,25,0,0,0,0
sufex_000654,654,0.68,68,[H-].[Na+],CC(N)=O,O=S(=O)(F)OC1=CC(I)=CC=C1,CC(=O)NS(=O)(=O)OC1=CC(I)=CC=C1,C1CCCO1,,,2.3,1.2,1,7.4,2,25,0,0,0,0
sufex_000655,655,0.67,67,[H-].[Na+],CC(N)=O,O=S(=O)(F)N1C=CC2=CC=CC=C21,CC(=O)NS(=O)(=O)N1C=CC2=CC=CC=C21,C1CCCO1,,,2.3,1.2,1,7.4,2,25,0,0,0,0
sufex_000656,656,0.62,62,[H-].[Na+],CC(N)=O,CS(=O)(=O)C1=CC=C(OS(=O)(=O)F)C=C1,CC(=O)NS(=O)(=O)OC1=CC=C(S(C)(=O)=O)C=C1,C1CCCO1,,,2.3,1.2,1,7.4,2,25,0,0,0,0
sufex_000657,657,0.6,60,[H-].[Na+],CC(N)=O,O=S(=O)(F)OC1=CC(C(F)(F)F)=CC=C1,CC(=O)NS(=O)(=O)OC1=CC=CC(C(F)(F)F)=C1,C1CCCO1,,,2.3,1.2,1,7.4,2,25,0,0,0,0
sufex_000658,658,0.83,83,[H-].[Na+],CC(N)=O,O=S(=O)(F)OC1=CC2=C(C=CC=C2)C=C1,CC(=O)NS(=O)(=O)OC1=CC2=C(C=CC=C2)C=C1,C1CCCO1,,,2.3,1.2,1,7.4,2,25,0,0,0,0
sufex_000659,659,0.69,69,[H-].[Na+],CC(N)=O,O=S(=O)(F)OC1=C(Br)C=CC=C1,CC(=O)NS(=O)(=O)OC1=C(Br)C=CC=C1,C1CCCO1,,,2.3,1.2,1,7.4,2,25,0,0,0,0
sufex_000660,660,0.79,79,[H-].[Na+],NC(=O)C1=CC=C(N(=O)=O)C=C1,CC1=CC(C)=CC(OS(=O)(=O)F)=C1,CC1=CC(C)=CC(OS(=O)(=O)NC(=O)C2=CC=C(N(=O)=O)C=C2)=C1,C1CCCO1,,,2.3,1.2,1,7.4,24,50,0,0,0,0
sufex_000661,661,0.63,63,[H-].[Na+],NC(=O)C1=CC=C(N(=O)=O)C=C1,CC1=CC(C)=CC(OS(=O)(=O)F)=C1,CC1=CC(C)=CC(OS(=O)(=O)NC(=O)C2=CC=C(N(=O)=O)C=C2)=C1,C1CCCO1,,,2.3,1.2,1,7.4,24,25,0,0,0,0
sufex_000662,662,0.5,50,[H-].[Na+],CC(C)(C)OC(=O)N1CCC[C@H]1C(N)=O,CC1=CC(C)=CC(OS(=O)(=O)F)=C1,CC1=CC(C)=CC(OS(=O)(=O)NC(=O)[C@@H]2CCCN2C(=O)OC(C)(C)C)=C1,C1CCCO1,,,2.3,1.2,1,7.4,2,25,0,0,0,0
sufex_000663,663,0.4,40,[H-].[Na+],CC(N)=S,O=S(=O)(F)OC1=CC=C2OCOC2=C1,CC(=S)NS(=O)(=O)OC1=CC=C2OCOC2=C1,C1CCCO1,,,2.3,1.2,1,7.4,24,25,0,0,0,0
sufex_000664,664,0.69,69,[H-].[Na+],CCCC(N)=O,CC1=CC(C)=CC(OS(=O)(=O)F)=C1,CCCC(=O)NS(=O)(=O)OC1=CC(C)=CC(C)=C1,C1CCCO1,,,2.3,1.2,1,7.4,2,25,0,0,0,0
sufex_000665,665,0.69,69,[H-].[Na+],C=C(C)C(N)=O,CC1=CC(C)=CC(OS(=O)(=O)F)=C1,C=C(C)C(=O)NS(=O)(=O)OC1=CC(C)=CC(C)=C1,C1CCCO1,,,2.3,1.2,1,7.4,2,25,0,0,0,0
sufex_000666,666,0.62,62,[H-].[Na+],NC(=O)C1=CC=C(F)C=C1,CC1=CC(C)=CC(OS(=O)(=O)F)=C1,CC1=CC(C)=CC(OS(=O)(=O)NC(=O)C2=CC=C(F)C=C2)=C1,C1CCCO1,,,2.3,1.2,1,7.4,24,25,0,0,0,0
sufex_000667,667,0.25,25,[H-].[Na+],COC1=CC=C(C(N)=O)C=C1,CC1=CC(C)=CC(OS(=O)(=O)F)=C1,COC1=CC=C(C(=O)NS(=O)(=O)OC2=CC(C)=CC(C)=C2)C=C1,C1CCCO1,,,2.3,1.2,1,7.4,24,25,0,0,0,0
sufex_000668,668,0.59,59,[H-].[Na+],CC(N)=O,CC1=CC(C)=CC(OS(=O)(=O)F)=C1,CC(=O)NS(=O)(=O)OC1=CC(C)=CC(C)=C1,C1CCCO1,,,1.5,1.5,1,7.4,2,25,0,0,0,0
sufex_000669,669,0.56,56,[H-].[Na+],CC(N)=O,CC1=CC(C)=CC(OS(=O)(=O)F)=C1,CC(=O)NS(=O)(=O)OC1=CC(C)=CC(C)=C1,C1COCCO1,,,1.5,1.5,1,2.2,2,25,0,0,0,0
sufex_000670,670,0.77,77,[H-].[Na+],CC(N)=O,CC1=CC(C)=CC(OS(=O)(=O)F)=C1,CC(=O)NS(=O)(=O)OC1=CC(C)=CC(C)=C1,C1CCCO1,,,2,1.5,1,7.4,2,25,0,0,0,0
sufex_000671,671,0.85,85,[H-].[Na+],CC(N)=O,CC1=CC(C)=CC(OS(=O)(=O)F)=C1,CC(=O)NS(=O)(=O)OC1=CC(C)=CC(C)=C1,C1CCCO1,,,3,1.5,1,7.4,2,25,0,0,0,0
sufex_000672,672,0.83,83,[H-].[Na+],CC(N)=O,CC1=CC(C)=CC(OS(=O)(=O)F)=C1,CC(=O)NS(=O)(=O)OC1=CC(C)=CC(C)=C1,C1CCCO1,,,3,1.2,1,7.4,2,25,0,0,0,0
sufex_000673,673,0.73,73,[H-].[Na+],CC(N)=O,CC1=CC(C)=CC(OS(=O)(=O)F)=C1,CC(=O)NS(=O)(=O)OC1=CC(C)=CC(C)=C1,C1CCCO1,,,2.3,1.2,1,7.4,0.5,25,0,0,0,0
sufex_000674,674,0.76,76,[H-].[Na+],CC(N)=O,CC1=CC(C)=CC(OS(=O)(=O)F)=C1,CC(=O)NS(=O)(=O)OC1=CC(C)=CC(C)=C1,C1COCCO1,,,2.3,1.2,1,2.2,2,25,0,0,0,0
sufex_000675,675,0.15,15,C12=NCCCN1CCCN2,CC(N)=O,CC1=CC(C)=CC(OS(=O)(=O)F)=C1,CC(=O)NS(=O)(=O)OC1=CC(C)=CC(C)=C1,C1CCCO1,,,2.3,1.2,1,7.4,2,25,0,0,0,0
sufex_000676,676,0.21,21,[H][N-][H].[Na+],CC(N)=O,CC1=CC(C)=CC(OS(=O)(=O)F)=C1,CC(=O)NS(=O)(=O)OC1=CC(C)=CC(C)=C1,C1CCCO1,,,2.3,1.2,1,7.4,2,25,0,0,0,0
sufex_000677,677,0,0,CC(C)N(CC)C(C)C,CC(N)=O,CC1=CC(C)=CC(OS(=O)(=O)F)=C1,CC(=O)NS(=O)(=O)OC1=CC(C)=CC(C)=C1,C1CCCO1,,,2.3,1.2,1,7.4,2,25,0,0,0,0
sufex_000678,678,0.89,89,CCN(CC)CC,CC(C)NCC1=CC=CC=C1,O=S(=O)(F)NC1=CC=CC=C1,CC(C)N(CC1=CC=CC=C1)S(=O)(=O)NC1=CC=CC=C1,CC#N,,,1.5,1.5,1,35.7,2,80,0,0,0,0
sufex_000679,679,0.79,79,[H-].[Na+],NC(C1=CC=CC=C1)=O,CC1=CC(C)=CC(OS(=O)(=O)F)=C1,CC1=CC(C)=CC(OS(=O)(=O)NC(=O)C2=CC=C(F)C=C2)=C1,C1CCCO1,,,2.3,1.2,1,7.4,24,25,0,0,0,0
sufex_000680,680,0.99,99,CC1=CC(C)=C(N2C=CN(C3=C(C)C=C(C)C=C3C)[C]2)C(C)=C1,NCC1=CC=CC=C1,O=S(=O)(F)C1=CC=C(Cl)C=C1,O=S(=O)(NCC1=CC=CC=C1)C1=CC=C(Cl)C=C1,CC1=CC=CC=C1,ON1N=NC2=CC=CC=C21,,0.066666667,0.666666667,1,2.4,24,25,0.066666667,0,1,0
sufex_000681,681,0,0,,NCC1=CC=CC=C1,CC1=CC=C(S(=O)(=O)F)C=C1,CC1=CC=C(S(=O)(=O)NCC2=CC=CC=C2)C=C1,CC1=CC=CC=C1,,,0,0.666666667,1,2.4,24,25,0,0,0,0
sufex_000682,682,0.99,99,CC1=CC(C)=C(N2C=CN(C3=C(C)C=C(C)C=C3C)[C]2)C(C)=C1,NCC1=CC=CC=C1,CC1=CC=C(S(=O)(=O)F)C=C1,CC1=CC=C(S(=O)(=O)NCC2=CC=CC=C2)C=C1,CC1=CC=CC=C1,ON1N=NC2=CC=CC=C21,,0.066666667,0.666666667,1,2.4,24,25,0.066666667,0,1,0
sufex_000683,683,0,0,,CNCC1=CC=CC=C1,CC1=CC=C(S(=O)(=O)F)C=C1,CC1=CC=C(S(=O)(=O)N(C)CC2=CC=CC=C2)C=C1,CC1=CC=CC=C1,,,0,0.666666667,1,2.4,24,25,0,0,0,0
sufex_000684,684,0.99,99,CC1=CC(C)=C(N2C=CN(C3=C(C)C=C(C)C=C3C)[C]2)C(C)=C1,CNCC1=CC=CC=C1,CC1=CC=C(S(=O)(=O)F)C=C1,CC1=CC=C(S(=O)(=O)N(C)CC2=CC=CC=C2)C=C1,CC1=CC=CC=C1,ON1N=NC2=CC=CC=C21,,0.066666667,0.666666667,1,2.4,24,25,0.066666667,0,1,0
sufex_000685,685,0.29,29,,C1CCNCC1,CC1=CC=C(S(=O)(=O)F)C=C1,CC1=CC=C(S(=O)(=O)N2CCCCC2)C=C1,CC1=CC=CC=C1,,,0,0.666666667,1,2.4,24,25,0,0,0,0
sufex_000686,686,0.99,99,CC1=CC(C)=C(N2C=CN(C3=C(C)C=C(C)C=C3C)[C]2)C(C)=C1,C1CCNCC1,CC1=CC=C(S(=O)(=O)F)C=C1,CC1=CC=C(S(=O)(=O)N2CCCCC2)C=C1,CC1=CC=CC=C1,ON1N=NC2=CC=CC=C21,,0.066666667,0.666666667,1,2.4,24,25,0.066666667,0,1,0
sufex_000687,687,0,0,,NCCC1=CC=C(F)C=C1,CC1=CC=C(C=C1)S(=O)(F)=O,CC1=CC=C(S(=O)(=O)NCCC2=CC=C(F)C=C2)C=C1,CC1=CC=CC=C1,,,0,0.666666667,1,2.4,24,25,0,0,0,0
sufex_000688,688,0.99,99,CC1=CC(C)=C(N2C=CN(C3=C(C)C=C(C)C=C3C)[C]2)C(C)=C1,NCCC1=CC=C(F)C=C1,CC1=CC=C(C=C1)S(=O)(F)=O,CC1=CC=C(S(=O)(=O)NCCC2=CC=C(F)C=C2)C=C1,CC1=CC=CC=C1,ON1N=NC2=CC=CC=C21,,0.066666667,0.666666667,1,2.4,24,25,0.066666667,0,1,0
sufex_000689,689,0.98,98,CC1=CC(C)=C(N2C=CN(C3=C(C)C=C(C)C=C3C)[C]2)C(C)=C1,C1CCNC1,O=S(=O)(F)C1=CC=C2OCCC2=C1,O=S(=O)(C1=CC=C2OCCC2=C1)N1CCCC1,CC1=CC=CC=C1,ON1N=NC2=CC=CC=C21,,0.066666667,0.666666667,1,2.4,24,25,0.066666667,0,1,0
sufex_000690,690,0.98,98,CC1=CC(C)=C(N2C=CN(C3=C(C)C=C(C)C=C3C)[C]2)C(C)=C1,C1CCNC1,O=S(=O)(F)C1=CC=CC2=C1C=CC=C2,O=S(=O)(C1=CC=CC2=C1C=CC=C2)N1CCCC1,CC1=CC=CC=C1,ON1N=NC2=CC=CC=C21,,0.066666667,0.666666667,1,2.4,24,25,0.066666667,0,1,0
sufex_000691,691,0.98,98,CC1=CC(C)=C(N2C=CN(C3=C(C)C=C(C)C=C3C)[C]2)C(C)=C1,CC(C)(C)OC(=O)N1CCNCC1,CCCCS(=O)(=O)F,CCCCS(=O)(=O)N1CCN(C(=O)OC(C)(C)C)CC1,CC1=CC=CC=C1,ON1N=NC2=CC=CC=C21,,0.066666667,0.666666667,1,2.4,24,25,0.066666667,0,1,0
sufex_000692,692,0.47,47,,C1CCNC1,CC1=CC=C(S(=O)(=O)F)C=C1,CC1=CC=C(S(=O)(=O)N2CCCC2)C=C1,CC1=CC=CC=C1,,,0,0.666666667,1,2.4,24,25,0,0,0,0
sufex_000693,693,0.97,97,CC1=CC(C)=C(N2C=CN(C3=C(C)C=C(C)C=C3C)[C]2)C(C)=C1,C1CCNC1,CC1=CC=C(S(=O)(=O)F)C=C1,CC1=CC=C(S(=O)(=O)N2CCCC2)C=C1,CC1=CC=CC=C1,ON1N=NC2=CC=CC=C21,,0.066666667,0.666666667,1,2.4,24,25,0.066666667,0,1,0
sufex_000694,694,0,0,,CC(C)(C)OC(=O)N1CCNCC1,CC1=CC=C(S(=O)(=O)F)C=C1,CC1=CC=C(S(=O)(=O)N2CCN(C(=O)OC(C)(C)C)CC2)C=C1,CC1=CC=CC=C1,,,0,0.666666667,1,2.4,24,25,0,0,0,0
sufex_000695,695,0.97,97,CC1=CC(C)=C(N2C=CN(C3=C(C)C=C(C)C=C3C)[C]2)C(C)=C1,CC(C)(C)OC(=O)N1CCNCC1,CC1=CC=C(S(=O)(=O)F)C=C1,CC1=CC=C(S(=O)(=O)N2CCN(C(=O)OC(C)(C)C)CC2)C=C1,CC1=CC=CC=C1,ON1N=NC2=CC=CC=C21,,0.066666667,0.666666667,1,2.4,24,25,0.066666667,0,1,0
sufex_000696,696,0.96,96,CC1=CC(C)=C(N2C=CN(C3=C(C)C=C(C)C=C3C)[C]2)C(C)=C1,CN(C)CCCN,CC1=CC=C(S(=O)(=O)F)C=C1,CC1=CC=C(S(=O)(=O)NCCCN(C)C)C=C1,CC1=CC=CC=C1,ON1N=NC2=CC=CC=C21,,0.066666667,0.666666667,1,2.4,24,25,0.066666667,0,1,0
sufex_000697,697,0.95,95,CC1=CC(C)=C(N2C=CN(C3=C(C)C=C(C)C=C3C)[C]2)C(C)=C1,COC1=CC=C(CN)C=C1,CC1=CC=C(S(=O)(=O)F)C=C1,COC1=CC=C(CNS(=O)(=O)C2=CC=C(C)C=C2)C=C1,CC1=CC=CC=C1,ON1N=NC2=CC=CC=C21,,0.066666667,0.666666667,1,2.4,24,25,0.066666667,0,1,0
sufex_000698,698,0.95,95,CC1=CC(C)=C(N2C=CN(C3=C(C)C=C(C)C=C3C)[C]2)C(C)=C1,CC(N)C1=CC=CC2=C1C=CC=C2,CC1=CC=C(S(=O)(=O)F)C=C1,CC1=CC=C(S(=O)(=O)NC(C)C2=CC=CC3=C2C=CC=C3)C=C1,CC1=CC=CC=C1,ON1N=NC2=CC=CC=C21,,0.066666667,0.666666667,1,2.4,24,25,0.066666667,0,1,0
sufex_000699,699,0.93,93,CC1=CC(C)=C(N2C=CN(C3=C(C)C=C(C)C=C3C)[C]2)C(C)=C1,NC1CCCCCCCCCCC1,CC1=CC=C(S(=O)(=O)F)C=C1,CC1=CC=C(S(=O)(=O)NC2CCCCCCCCCCC2)C=C1,CC1=CC=CC=C1,ON1N=NC2=CC=CC=C21,,0.066666667,0.666666667,1,2.4,24,25,0.066666667,0,1,0
sufex_000700,700,0.92,92,CC1=CC(C)=C(N2C=CN(C3=C(C)C=C(C)C=C3C)[C]2)C(C)=C1,NCC1=CC=CC=C1,CC1=CC=CC(S(=O)(=O)F)=C1,CC1=CC=CC(S(=O)(=O)NCC2=CC=CC=C2)=C1,CC1=CC=CC=C1,ON1N=NC2=CC=CC=C21,,0.066666667,0.666666667,1,2.4,24,25,0.066666667,0,1,0
sufex_000701,701,0.91,91,CC1=CC(C)=C(N2C=CN(C3=C(C)C=C(C)C=C3C)[C]2)C(C)=C1,NCC1=CC=CC=C1,O=S(=O)(F)CCC1=CC=CC=C1,O=S(=O)(CCC1=CC=CC=C1)NCC1=CC=CC=C1,CC1=CC=CC=C1,ON1N=NC2=CC=CC=C21,,0.066666667,0.666666667,1,2.4,24,25,0.066666667,0,1,0
sufex_000702,702,0.91,91,CC1=CC(C)=C(N2C=CN(C3=C(C)C=C(C)C=C3C)[C]2)C(C)=C1,N[C@@H]1CCCC2=CC=CC=C21,O=S(=O)(F)C1=CN=CC=C1,O=S(=O)(N[C@@H]1CCCC2=CC=CC=C21)C1=CN=CC=C1,CC1=CC=CC=C1,ON1N=NC2=CC=CC=C21,,0.066666667,0.666666667,1,2.4,24,25,0.066666667,0,1,0
sufex_000703,703,0.89,89,CC1=CC(C)=C(N2C=CN(C3=C(C)C=C(C)C=C3C)[C]2)C(C)=C1,NCC1=CC=CC=C1,O=S(=O)(F)C1=CC=C(C(F)(F)F)C=C1,O=S(=O)(NCC1=CC=CC=C1)C1=CC=C(C(F)(F)F)C=C1,CC1=CC=CC=C1,ON1N=NC2=CC=CC=C21,,0.066666667,0.666666667,1,2.4,24,25,0.066666667,0,1,0
sufex_000704,704,0.88,88,CC1=CC(C)=C(N2C=CN(C3=C(C)C=C(C)C=C3C)[C]2)C(C)=C1,C1=CC=C(N2CCNCC2)C=C1,[H][C@@]12CC[C@@](CS(=O)(=O)F)(C(=O)C1)C2(C)C,[H][C@@]12CC[C@@](CS(=O)(=O)N3CCN(C4=CC=CC=C4)CC3)(C(=O)C1)C2(C)C,CC1=CC=CC=C1,ON1N=NC2=CC=CC=C21,,0.066666667,0.666666667,1,2.4,24,25,0.066666667,0,1,0
sufex_000705,705,0.87,87,CC1=CC(C)=C(N2C=CN(C3=C(C)C=C(C)C=C3C)[C]2)C(C)=C1,CC1=CC=C(CN)C=C1,CC1=CC=C(S(=O)(=O)F)C=C1,CC1=CC=C(CNS(=O)(=O)C2=CC=C(C)C=C2)C=C1,CC1=CC=CC=C1,ON1N=NC2=CC=CC=C21,,0.066666667,0.666666667,1,2.4,24,25,0.066666667,0,1,0
sufex_000706,706,0,0,,CC(N)CCC1=CC=CC=C1,CC1=CC=C(S(=O)(=O)F)C=C1,CC1=CC=C(S(=O)(=O)NC(C)CCC2=CC=CC=C2)C=C1,CC1=CC=CC=C1,,,0,0.666666667,1,2.4,24,25,0,0,0,0
sufex_000707,707,0.87,87,CC1=CC(C)=C(N2C=CN(C3=C(C)C=C(C)C=C3C)[C]2)C(C)=C1,CC(N)CCC1=CC=CC=C1,CC1=CC=C(S(=O)(=O)F)C=C1,CC1=CC=C(S(=O)(=O)NC(C)CCC2=CC=CC=C2)C=C1,CC1=CC=CC=C1,ON1N=NC2=CC=CC=C21,,0.066666667,0.666666667,1,2.4,24,25,0.066666667,0,1,0
sufex_000708,708,0.86,86,CC1=CC(C)=C(N2C=CN(C3=C(C)C=C(C)C=C3C)[C]2)C(C)=C1,NCC1=CC=CC=C1,O=S(=O)(F)C1=CC2=C(C=CC=C2)C=C1,O=S(=O)(NCC1=CC=CC=C1)C1=CC2=C(C=CC=C2)C=C1,CC1=CC=CC=C1,ON1N=NC2=CC=CC=C21,,0.066666667,0.666666667,1,2.4,24,25,0.066666667,0,1,0
sufex_000709,709,0.08,8,,C1CCCNCC1,CC1=CC=C(S(=O)(=O)F)C=C1,CC1=CC=C(S(=O)(=O)N2CCCCCC2)C=C1,CC1=CC=CC=C1,,,0,0.666666667,1,2.4,24,25,0,0,0,0
sufex_000710,710,0.86,86,CC1=CC(C)=C(N2C=CN(C3=C(C)C=C(C)C=C3C)[C]2)C(C)=C1,C1CCCNCC1,CC1=CC=C(S(=O)(=O)F)C=C1,CC1=CC=C(S(=O)(=O)N2CCCCCC2)C=C1,CC1=CC=CC=C1,ON1N=NC2=CC=CC=C21,,0.066666667,0.666666667,1,2.4,24,25,0.066666667,0,1,0
sufex_000711,711,0,0,,CCCCN,CC1=CC=C(S(=O)(=O)F)C=C1,CCCCNS(=O)(=O)C1=CC=C(C)C=C1,CC1=CC=CC=C1,,,0,0.666666667,1,2.4,24,25,0,0,0,0
sufex_000712,712,0.85,85,CC1=CC(C)=C(N2C=CN(C3=C(C)C=C(C)C=C3C)[C]2)C(C)=C1,CCCCN,CC1=CC=C(S(=O)(=O)F)C=C1,CCCCNS(=O)(=O)C1=CC=C(C)C=C1,CC1=CC=CC=C1,ON1N=NC2=CC=CC=C21,,0.066666667,0.666666667,1,2.4,24,25,0.066666667,0,1,0
sufex_000713,713,0.85,85,CC1=CC(C)=C(N2C=CN(C3=C(C)C=C(C)C=C3C)[C]2)C(C)=C1,N[C@@H]1CCCC2=CC=CC=C21,CC1=CC=C(S(=O)(=O)F)C=C1,CC1=CC=C(S(=O)(=O)N[C@@H]2CCCC3=CC=CC=C32)C=C1,CC1=CC=CC=C1,ON1N=NC2=CC=CC=C21,,0.066666667,0.666666667,1,2.4,24,25,0.066666667,0,1,0
sufex_000714,714,0.85,85,CC1=CC(C)=C(N2C=CN(C3=C(C)C=C(C)C=C3C)[C]2)C(C)=C1,NCC1=CC=C(Br)C=C1,CC1=CC=C(S(=O)(=O)F)C=C1,CC1=CC=C(S(=O)(=O)NCC2=CC=C(Br)C=C2)C=C1,CC1=CC=CC=C1,ON1N=NC2=CC=CC=C21,,0.066666667,0.666666667,1,2.4,24,25,0.066666667,0,1,0
sufex_000715,715,0.84,84,CC1=CC(C)=C(N2C=CN(C3=C(C)C=C(C)C=C3C)[C]2)C(C)=C1,NCC1=CC=C(F)C=C1,CC1=CC=C(S(=O)(=O)F)C=C1,CC1=CC=C(S(=O)(=O)NCC2=CC=C(F)C=C2)C=C1,CC1=CC=CC=C1,ON1N=NC2=CC=CC=C21,,0.066666667,0.666666667,1,2.4,24,25,0.066666667,0,1,0
sufex_000716,716,0.83,83,CC1=CC(C)=C(N2C=CN(C3=C(C)C=C(C)C=C3C)[C]2)C(C)=C1,NCC1=CC=CC=C1,O=S(=O)(F)C1=CC(Br)=CC=C1,O=S(=O)(NCC1=CC=CC=C1)C1=CC(Br)=CC=C1,CC1=CC=CC=C1,ON1N=NC2=CC=CC=C21,,0.066666667,0.666666667,1,2.4,24,25,0.066666667,0,1,0
sufex_000717,717,0.83,83,CC1=CC(C)=C(N2C=CN(C3=C(C)C=C(C)C=C3C)[C]2)C(C)=C1,CCN1CCNCC1,O=S(=O)(F)C1=CC=CS1,CCN1CCN(S(=O)(=O)C2=CC=CS2)CC1,CC1=CC=CC=C1,ON1N=NC2=CC=CC=C21,,0.066666667,0.666666667,1,2.4,24,25,0.066666667,0,1,0
sufex_000718,718,0.82,82,CC1=CC(C)=C(N2C=CN(C3=C(C)C=C(C)C=C3C)[C]2)C(C)=C1,NCC1=CC=CC=C1,CC(=O)C1=CC=C(S(=O)(=O)F)C=C1,CC(=O)C1=CC=C(S(=O)(=O)NCC2=CC=CC=C2)C=C1,CC1=CC=CC=C1,ON1N=NC2=CC=CC=C21,,0.066666667,0.666666667,1,2.4,24,25,0.066666667,0,1,0
sufex_000719,719,0.82,82,CC1=CC(C)=C(N2C=CN(C3=C(C)C=C(C)C=C3C)[C]2)C(C)=C1,NCC1=CC=C(N)C=C1,CC1=CC(C)=C(S(=O)(=O)F)C(C)=C1,CC1=CC(C)=C(S(=O)(=O)NCC2=CC=C(N)C=C2)C(C)=C1,CC1=CC=CC=C1,ON1N=NC2=CC=CC=C21,,0.066666667,0.666666667,1,2.4,24,25,0.066666667,0,1,0
sufex_000720,720,0.8,80,CC1=CC(C)=C(N2C=CN(C3=C(C)C=C(C)C=C3C)[C]2)C(C)=C1,CCCCNC,CC1=CC=C(S(=O)(=O)F)C=C1,CCCCN(C)S(=O)(=O)C1=CC=C(C)C=C1,CC1=CC=CC=C1,ON1N=NC2=CC=CC=C21,,0.066666667,0.666666667,1,2.4,24,25,0.066666667,0,1,0
sufex_000721,721,0,0,,NCC1=CN=CC=C1,CC1=CC=C(S(=O)(=O)F)C=C1,CC1=CC=C(S(=O)(=O)NCC2=CN=CC=C2)C=C1,CC1=CC=CC=C1,,,0,0.666666667,1,2.4,24,25,0,0,0,0
sufex_000722,722,0.77,77,CC1=CC(C)=C(N2C=CN(C3=C(C)C=C(C)C=C3C)[C]2)C(C)=C1,NCC1=CN=CC=C1,CC1=CC=C(S(=O)(=O)F)C=C1,CC1=CC=C(S(=O)(=O)NCC2=CN=CC=C2)C=C1,CC1=CC=CC=C1,ON1N=NC2=CC=CC=C21,,0.066666667,0.666666667,1,2.4,24,25,0.066666667,0,1,0
sufex_000723,723,0.75,75,CC1=CC(C)=C(N2C=CN(C3=C(C)C=C(C)C=C3C)[C]2)C(C)=C1,NCC1=CC=C(Cl)C=C1,CC1=CC=C(S(=O)(=O)F)C=C1,CC1=CC=C(S(=O)(=O)NCC2=CC=C(Cl)C=C2)C=C1,CC1=CC=CC=C1,ON1N=NC2=CC=CC=C21,,0.066666667,0.666666667,1,2.4,24,25,0.066666667,0,1,0
sufex_000724,724,0.71,71,CC1=CC(C)=C(N2C=CN(C3=C(C)C=C(C)C=C3C)[C]2)C(C)=C1,NCC1=CC=CC=C1,COC1=CC=C(S(=O)(=O)F)C=C1,COC1=CC=C(S(=O)(=O)NCC2=CC=CC=C2)C=C1,CC1=CC=CC=C1,ON1N=NC2=CC=CC=C21,,0.066666667,0.666666667,1,2.4,24,25,0.066666667,0,1,0
sufex_000725,725,0,0,,C1COCCN1,CC1=CC=C(S(=O)(=O)F)C=C1,CC1=CC=C(S(=O)(=O)N2CCOCC2)C=C1,CC1=CC=CC=C1,,,0,0.666666667,1,2.4,24,25,0,0,0,0
sufex_000726,726,0.71,71,CC1=CC(C)=C(N2C=CN(C3=C(C)C=C(C)C=C3C)[C]2)C(C)=C1,C1COCCN1,CC1=CC=C(S(=O)(=O)F)C=C1,CC1=CC=C(S(=O)(=O)N2CCOCC2)C=C1,CC1=CC=CC=C1,ON1N=NC2=CC=CC=C21,,0.066666667,0.666666667,1,2.4,24,25,0.066666667,0,1,0
sufex_000727,727,0.71,71,CC1=CC(C)=C(N2C=CN(C3=C(C)C=C(C)C=C3C)[C]2)C(C)=C1,C[C@H](N)C1=CC2=C(C=CC=C2)C=C1,CC1=CC=C(S(=O)(=O)F)C=C1,CC1=CC=C(S(=O)(=O)N[C@@H](C)C2=CC3=C(C=CC=C3)C=C2)C=C1,CC1=CC=CC=C1,ON1N=NC2=CC=CC=C21,,0.066666667,0.666666667,1,2.4,24,25,0.066666667,0,1,0
sufex_000728,728,0.71,71,CC1=CC(C)=C(N2C=CN(C3=C(C)C=C(C)C=C3C)[C]2)C(C)=C1,C[C@@H](N)C1=CC=CC=C1,CC1=CC=C(S(=O)(=O)F)C=C1,CC1=CC=C(S(=O)(=O)N[C@H](C)C2=CC=CC=C2)C=C1,CC1=CC=CC=C1,ON1N=NC2=CC=CC=C21,,0.066666667,0.666666667,1,2.4,24,25,0.066666667,0,1,0
sufex_000729,729,0.7,70,CC1=CC(C)=C(N2C=CN(C3=C(C)C=C(C)C=C3C)[C]2)C(C)=C1,C1CC2(CCN1)OCCO2,CC1=CC=C(S(=O)(=O)F)C=C1,CC1=CC=C(S(=O)(=O)N2CCC3(CC2)OCCO3)C=C1,CC1=CC=CC=C1,ON1N=NC2=CC=CC=C21,,0.066666667,0.666666667,1,2.4,24,25,0.066666667,0,1,0
sufex_000730,730,0.67,67,CC1=CC(C)=C(N2C=CN(C3=C(C)C=C(C)C=C3C)[C]2)C(C)=C1,NCC1=CC=CC=C1,O=S(=O)(F)C1=CC=CC2=C1N=CC=C2,O=S(=O)(NCC1=CC=CC=C1)C1=CC=CC2=C1N=CC=C2,CC1=CC=CC=C1,ON1N=NC2=CC=CC=C21,,0.066666667,0.666666667,1,2.4,24,25,0.066666667,0,1,0
sufex_000731,731,0.67,67,CC1=CC(C)=C(N2C=CN(C3=C(C)C=C(C)C=C3C)[C]2)C(C)=C1,[H][C@@]12CCC3=CC(C(C)C)=CC=C3[C@@]1(C)CCC[C@@]2(C)CN,COC1=CC=C(S(=O)(=O)F)C=C1,[H][C@@]12CCC3=CC(C(C)C)=CC=C3[C@@]1(C)CCC[C@@]2(C)CNS(=O)(=O)C1=CC=C(OC)C=C1,CC1=CC=CC=C1,ON1N=NC2=CC=CC=C21,,0.066666667,0.666666667,1,2.4,24,25,0.066666667,0,1,0
sufex_000732,732,0.66,66,CC1=CC(C)=C(N2C=CN(C3=C(C)C=C(C)C=C3C)[C]2)C(C)=C1,CCOC(=O)[C@@H](N)CC1=CNC2=CC=CC=C12,CC1=CC=C(S(=O)(=O)F)C=C1,CCOC(=O)[C@H](CC1=CNC2=CC=CC=C12)NS(=O)(=O)C1=CC=C(C)C=C1,CC1=CC=CC=C1,ON1N=NC2=CC=CC=C21,,0.066666667,0.666666667,1,2.4,24,25,0.066666667,0,1,0
sufex_000733,733,0,0,,CNC(C)C,CC1=CC=C(S(=O)(=O)F)C=C1,CC1=CC=C(S(=O)(=O)N(C)C(C)C)C=C1,CC1=CC=CC=C1,,,0,0.666666667,1,2.4,24,25,0,0,0,0
sufex_000734,734,0.64,64,CC1=CC(C)=C(N2C=CN(C3=C(C)C=C(C)C=C3C)[C]2)C(C)=C1,CNC(C)C,CC1=CC=C(S(=O)(=O)F)C=C1,CC1=CC=C(S(=O)(=O)N(C)C(C)C)C=C1,CC1=CC=CC=C1,ON1N=NC2=CC=CC=C21,,0.066666667,0.666666667,1,2.4,24,25,0.066666667,0,1,0
sufex_000735,735,0.61,61,CC1=CC(C)=C(N2C=CN(C3=C(C)C=C(C)C=C3C)[C]2)C(C)=C1,CCOC(=O)[C@H](C)N,CC1=CC=C(S(=O)(=O)F)C=C1,CCOC(=O)[C@H](C)NS(=O)(=O)C1=CC=C(C)C=C1,CC1=CC=CC=C1,ON1N=NC2=CC=CC=C21,,0.066666667,0.666666667,1,2.4,24,25,0.066666667,0,1,0
sufex_000736,736,0.58,58,CC1=CC(C)=C(N2C=CN(C3=C(C)C=C(C)C=C3C)[C]2)C(C)=C1,NCC1=CC=CS1,CC1=CC=C(S(=O)(=O)F)C=C1,CC1=CC=C(S(=O)(=O)NCC2=CC=CS2)C=C1,CC1=CC=CC=C1,ON1N=NC2=CC=CC=C21,,0.066666667,0.666666667,1,2.4,24,25,0.066666667,0,1,0
sufex_000737,737,0,0,,C=CCNCC=C,CC1=CC=C(S(=O)(=O)F)C=C1,C=CCN(CC=C)S(=O)(=O)C1=CC=C(C)C=C1,CC1=CC=CC=C1,,,0,0.666666667,1,2.4,24,25,0,0,0,0
sufex_000738,738,0.5,50,CC1=CC(C)=C(N2C=CN(C3=C(C)C=C(C)C=C3C)[C]2)C(C)=C1,C=CCNCC=C,CC1=CC=C(S(=O)(=O)F)C=C1,C=CCN(CC=C)S(=O)(=O)C1=CC=C(C)C=C1,CC1=CC=CC=C1,ON1N=NC2=CC=CC=C21,,0.066666667,0.666666667,1,2.4,24,25,0.066666667,0,1,0
sufex_000739,739,0.92,92,CC1=CC(C)=C(N2C=CN(C3=C(C)C=C(C)C=C3C)[C]2)C(C)=C1,COC1=CC=C(N)C=C1,CC1=CC=C(S(=O)(=O)F)C=C1,COC1=CC=C(NS(=O)(=O)C2=CC=C(C)C=C2)C=C1,CC1=CC=CC=C1,ON1N=NC2=CC=CC=C21,,0.133333333,0.666666667,1,2.4,24,25,0.133333333,0,1,0
sufex_000740,740,0,0,,CC1=CC=C(N)C=C1,O=S(=O)(F)C1=CC=C(Br)C=C1,CC1=CC=C(NS(=O)(=O)C2=CC=C(Br)C=C2)C=C1,CC1=CC=CC=C1,,,0,0.666666667,1,2.4,24,25,0,0,0,0
sufex_000741,741,0.83,83,CC1=CC(C)=C(N2C=CN(C3=C(C)C=C(C)C=C3C)[C]2)C(C)=C1,CC1=CC=C(N)C=C1,O=S(=O)(F)C1=CC=C(Br)C=C1,CC1=CC=C(NS(=O)(=O)C2=CC=C(Br)C=C2)C=C1,CC1=CC=CC=C1,ON1N=NC2=CC=CC=C21,,0.133333333,0.666666667,1,2.4,24,25,0.133333333,0,1,0
sufex_000742,742,0,0,,CC(C)C1=CC=C(N)C=C1,CC1=CC=C(S(=O)(=O)F)C=C1,CC1=CC=C(S(=O)(=O)NC2=CC=C(C(C)C)C=C2)C=C1,CC1=CC=CC=C1,,,0,0.666666667,1,2.4,24,25,0,0,0,0
sufex_000743,743,0.76,76,CC1=CC(C)=C(N2C=CN(C3=C(C)C=C(C)C=C3C)[C]2)C(C)=C1,CC(C)C1=CC=C(N)C=C1,CC1=CC=C(S(=O)(=O)F)C=C1,CC1=CC=C(S(=O)(=O)NC2=CC=C(C(C)C)C=C2)C=C1,CC1=CC=CC=C1,ON1N=NC2=CC=CC=C21,,0.133333333,0.666666667,1,2.4,24,25,0.133333333,0,1,0
sufex_000744,744,0,0,,CC1=C(C)C=C(N)C=C1,CC1=CC=C(S(=O)(=O)F)C=C1,CC1=CC=C(S(=O)(=O)NC2=CC(C)=C(C)C=C2)C=C1,CC1=CC=CC=C1,,,0,0.666666667,1,2.4,24,25,0,0,0,0
sufex_000745,745,0.75,75,CC1=CC(C)=C(N2C=CN(C3=C(C)C=C(C)C=C3C)[C]2)C(C)=C1,CC1=C(C)C=C(N)C=C1,CC1=CC=C(S(=O)(=O)F)C=C1,CC1=CC=C(S(=O)(=O)NC2=CC(C)=C(C)C=C2)C=C1,CC1=CC=CC=C1,ON1N=NC2=CC=CC=C21,,0.133333333,0.666666667,1,2.4,24,25,0.133333333,0,1,0
sufex_000746,746,0,0,,NC1=CC=C(Br)C=C1,CC1=CC=C(S(=O)(=O)F)C=C1,CC1=CC=C(S(=O)(=O)NC2=CC=C(Br)C=C2)C=C1,CC1=CC=CC=C1,,,0,0.666666667,1,2.4,24,25,0,0,0,0
sufex_000747,747,0.7,70,CC1=CC(C)=C(N2C=CN(C3=C(C)C=C(C)C=C3C)[C]2)C(C)=C1,NC1=CC=C(Br)C=C1,CC1=CC=C(S(=O)(=O)F)C=C1,CC1=CC=C(S(=O)(=O)NC2=CC=C(Br)C=C2)C=C1,CC1=CC=CC=C1,ON1N=NC2=CC=CC=C21,,0.133333333,0.666666667,1,2.4,24,25,0.133333333,0,1,0
sufex_000748,748,0,0,,CNC1=CC=CC=C1,O=S(=O)(F)C1=CC=C(Cl)C=C1,CN(C1=CC=CC=C1)S(=O)(=O)C1=CC=C(Cl)C=C1,CC1=CC=CC=C1,,,0,0.666666667,1,2.4,24,25,0,0,0,0
sufex_000749,749,0.66,66,CC1=CC(C)=C(N2C=CN(C3=C(C)C=C(C)C=C3C)[C]2)C(C)=C1,CNC1=CC=CC=C1,O=S(=O)(F)C1=CC=C(Cl)C=C1,CN(C1=CC=CC=C1)S(=O)(=O)C1=CC=C(Cl)C=C1,CC1=CC=CC=C1,ON1N=NC2=CC=CC=C21,,0.133333333,0.666666667,1,2.4,24,25,0.133333333,0,1,0
sufex_000750,750,0.3,30,,C1CCNCC1,CC1=CC=C(OS(=O)(=O)F)C=C1,CC1=CC=C(OS(=O)(=O)N2CCCCC2)C=C1,CC#N,,,0,0.666666667,1,35.7,24,25,0,0,0,0
sufex_000751,751,0.87,87,CC1=CC(C)=C(N2C=CN(C3=C(C)C=C(C)C=C3C)[C]2)C(C)=C1,C1CCNCC1,CC1=CC=C(OS(=O)(=O)F)C=C1,CC1=CC=C(OS(=O)(=O)N2CCCCC2)C=C1,CC#N,ON1N=NC2=CC=CC=C21,,0.133333333,0.666666667,1,35.7,24,25,0.133333333,0,1,0
sufex_000752,752,0,0,,NCCC1=CC=C(F)C=C1,CC1=CC=C(OS(=O)(=O)F)C=C1,CC1=CC=C(OS(=O)(=O)NCCC2=CC=C(F)C=C2)C=C1,CC#N,,,0,0.666666667,1,35.7,24,25,0,0,0,0
sufex_000753,753,0.87,87,CC1=CC(C)=C(N2C=CN(C3=C(C)C=C(C)C=C3C)[C]2)C(C)=C1,NCCC1=CC=C(F)C=C1,CC1=CC=C(OS(=O)(=O)F)C=C1,CC1=CC=C(OS(=O)(=O)NCCC2=CC=C(F)C=C2)C=C1,CC#N,ON1N=NC2=CC=CC=C21,,0.133333333,0.666666667,1,35.7,24,25,0.133333333,0,1,0
sufex_000754,754,0,0,,C1=CC=C(N2CCNCC2)C=C1,CC1=CC=C(OS(=O)(=O)F)C=C1,CC1=CC=C(OS(=O)(=O)N2CCN(C3=CC=CC=C3)CC2)C=C1,CC#N,,,0,0.666666667,1,35.7,24,25,0,0,0,0
sufex_000755,755,0.79,79,CC1=CC(C)=C(N2C=CN(C3=C(C)C=C(C)C=C3C)[C]2)C(C)=C1,C1=CC=C(N2CCNCC2)C=C1,CC1=CC=C(OS(=O)(=O)F)C=C1,CC1=CC=C(OS(=O)(=O)N2CCN(C3=CC=CC=C3)CC2)C=C1,CC#N,ON1N=NC2=CC=CC=C21,,0.133333333,0.666666667,1,35.7,24,25,0.133333333,0,1,0
sufex_000756,756,0.75,75,CC1=CC(C)=C(N2C=CN(C3=C(C)C=C(C)C=C3C)[C]2)C(C)=C1,C1=CC=C(N2CCNCC2)C=C1,O=S(=O)(F)OC1=CC=C2OCOC2=C1,O=S(=O)(OC1=CC=C2OCOC2=C1)N1CCN(C2=CC=CC=C2)CC1,CC#N,ON1N=NC2=CC=CC=C21,,0.133333333,0.666666667,1,35.7,24,25,0.133333333,0,1,0
sufex_000757,757,0.74,74,CC1=CC(C)=C(N2C=CN(C3=C(C)C=C(C)C=C3C)[C]2)C(C)=C1,C1=CC=C(N2CCNCC2)C=C1,O=S(=O)(F)OC1=CN=CC=C1,O=S(=O)(OC1=CN=CC=C1)N1CCN(C2=CC=CC=C2)CC1,CC#N,ON1N=NC2=CC=CC=C21,,0.133333333,0.666666667,1,35.7,24,25,0.133333333,0,1,0
sufex_000758,758,0.74,74,CC1=CC(C)=C(N2C=CN(C3=C(C)C=C(C)C=C3C)[C]2)C(C)=C1,C1=CC=C(N2CCNCC2)C=C1,O=C(/C=C/C1=CC=C(OS(=O)(=O)F)C=C1)C1=CC=CC=C1,O=C(/C=C/C1=CC=C(OS(=O)(=O)N2CCN(C3=CC=CC=C3)CC2)C=C1)C1=CC=CC=C1,CC#N,ON1N=NC2=CC=CC=C21,,0.133333333,0.666666667,1,35.7,24,25,0.133333333,0,1,0
sufex_000759,759,0,0,,C1=CC=C(N2CCNCC2)C=C1,COC1=CC=C(OS(=O)(=O)F)C=C1,COC1=CC=C(OS(=O)(=O)N2CCN(C3=CC=CC=C3)CC2)C=C1,CC#N,,,0,0.666666667,1,35.7,24,25,0,0,0,0
sufex_000760,760,0.74,74,CC1=CC(C)=C(N2C=CN(C3=C(C)C=C(C)C=C3C)[C]2)C(C)=C1,C1=CC=C(N2CCNCC2)C=C1,COC1=CC=C(OS(=O)(=O)F)C=C1,COC1=CC=C(OS(=O)(=O)N2CCN(C3=CC=CC=C3)CC2)C=C1,CC#N,ON1N=NC2=CC=CC=C21,,0.133333333,0.666666667,1,35.7,24,25,0.133333333,0,1,0
sufex_000761,761,0,0,,C1=CC=C(N2CCNCC2)C=C1,CSC1=CC=C(OS(=O)(=O)F)C=C1,CSC1=CC=C(OS(=O)(=O)N2CCN(C3=CC=CC=C3)CC2)C=C1,CC#N,,,0,0.666666667,1,35.7,24,25,0,0,0,0
sufex_000762,762,0.73,73,CC1=CC(C)=C(N2C=CN(C3=C(C)C=C(C)C=C3C)[C]2)C(C)=C1,C1=CC=C(N2CCNCC2)C=C1,CSC1=CC=C(OS(=O)(=O)F)C=C1,CSC1=CC=C(OS(=O)(=O)N2CCN(C3=CC=CC=C3)CC2)C=C1,CC#N,ON1N=NC2=CC=CC=C21,,0.133333333,0.666666667,1,35.7,24,25,0.133333333,0,1,0
sufex_000763,763,0,0,,CNCC1=CC=CC=C1,CC1=CC=C(OS(=O)(=O)F)C=C1,CC1=CC=C(OS(=O)(=O)N(C)CC2=CC=CC=C2)C=C1,CC#N,,,0,0.666666667,1,35.7,24,25,0,0,0,0
sufex_000764,764,0.72,72,CC1=CC(C)=C(N2C=CN(C3=C(C)C=C(C)C=C3C)[C]2)C(C)=C1,CNCC1=CC=CC=C1,CC1=CC=C(OS(=O)(=O)F)C=C1,CC1=CC=C(OS(=O)(=O)N(C)CC2=CC=CC=C2)C=C1,CC#N,ON1N=NC2=CC=CC=C21,,0.133333333,0.666666667,1,35.7,24,25,0.133333333,0,1,0
sufex_000765,765,0.71,71,CC1=CC(C)=C(N2C=CN(C3=C(C)C=C(C)C=C3C)[C]2)C(C)=C1,CCCCNC,CC1=CC=C(OS(=O)(=O)F)C=C1,CCCCN(C)S(=O)(=O)OC1=CC=C(C)C=C1,CC#N,ON1N=NC2=CC=CC=C21,,0.133333333,0.666666667,1,35.7,24,25,0.133333333,0,1,0
sufex_000766,766,0.71,71,CC1=CC(C)=C(N2C=CN(C3=C(C)C=C(C)C=C3C)[C]2)C(C)=C1,C1=CC=C(N2CCNCC2)C=C1,O=S(=O)(F)OC1=CC2=C(C=CC=C2)C=C1,O=S(=O)(OC1=CC2=C(C=CC=C2)C=C1)N1CCN(C2=CC=CC=C2)CC1,CC#N,ON1N=NC2=CC=CC=C21,,0.133333333,0.666666667,1,35.7,24,25,0.133333333,0,1,0
sufex_000767,767,0,0,,C1=CC=C(N2CCNCC2)C=C1,O=S(=O)(F)OC1=CC=CC=C1,O=S(=O)(OC1=CC=CC=C1)N1CCN(C2=CC=CC=C2)CC1,CC#N,,,0,0.666666667,1,35.7,24,25,0,0,0,0
sufex_000768,768,0.7,70,CC1=CC(C)=C(N2C=CN(C3=C(C)C=C(C)C=C3C)[C]2)C(C)=C1,C1=CC=C(N2CCNCC2)C=C1,O=S(=O)(F)OC1=CC=CC=C1,O=S(=O)(OC1=CC=CC=C1)N1CCN(C2=CC=CC=C2)CC1,CC#N,ON1N=NC2=CC=CC=C21,,0.133333333,0.666666667,1,35.7,24,25,0.133333333,0,1,0
sufex_000769,769,0.62,62,CC1=CC(C)=C(N2C=CN(C3=C(C)C=C(C)C=C3C)[C]2)C(C)=C1,CCCCCCCCCCCCCCCCCCN,CC1=CC=C(OS(=O)(=O)F)C=C1,CCCCCCCCCCCCCCCCCCNS(=O)(=O)OC1=CC=C(C)C=C1,CC#N,ON1N=NC2=CC=CC=C21,,0.133333333,0.666666667,1,35.7,24,25,0.133333333,0,1,0
sufex_000770,770,0.6,60,CC1=CC(C)=C(N2C=CN(C3=C(C)C=C(C)C=C3C)[C]2)C(C)=C1,NCCC1=CNC2=CC=CC=C12,CC1=CC=C(OS(=O)(=O)F)C=C1,CC1=CC=C(OS(=O)(=O)NCCC2=CNC3=CC=CC=C23)C=C1,CC#N,ON1N=NC2=CC=CC=C21,,0.133333333,0.666666667,1,35.7,24,25,0.133333333,0,1,0
sufex_000771,771,0.57,57,CC1=CC(C)=C(N2C=CN(C3=C(C)C=C(C)C=C3C)[C]2)C(C)=C1,CC(N)C1=CC=CC2=C1C=CC=C2,CC1=CC=C(C=C1)OS(=O)(F)=O,CC1=CC=C(OS(=O)(=O)NC(C)C2=CC=CC3=C2C=CC=C3)C=C1,CC#N,ON1N=NC2=CC=CC=C21,,0.133333333,0.666666667,1,35.7,24,25,0.133333333,0,1,0
sufex_000772,772,0,0,,C1CC2(CCN1)OCCO2,CC1=CC=C(OS(=O)(=O)F)C=C1,CC1=CC=C(OS(=O)(=O)N2CCC3(CC2)OCCO3)C=C1,CC#N,,,0,0.666666667,1,35.7,24,25,0,0,0,0
sufex_000773,773,0.53,53,CC1=CC(C)=C(N2C=CN(C3=C(C)C=C(C)C=C3C)[C]2)C(C)=C1,C1CC2(CCN1)OCCO2,CC1=CC=C(OS(=O)(=O)F)C=C1,CC1=CC=C(OS(=O)(=O)N2CCC3(CC2)OCCO3)C=C1,CC#N,ON1N=NC2=CC=CC=C21,,0.133333333,0.666666667,1,35.7,24,25,0.133333333,0,1,0
sufex_000774,774,0,0,,CNC(C)C,CC1=CC=C(C=C1)OS(=O)(F)=O,CC1=CC=C(OS(=O)(=O)N(C)C(C)C)C=C1,CC#N,,,0,0.666666667,1,35.7,24,25,0,0,0,0
sufex_000775,775,0.51,51,CC1=CC(C)=C(N2C=CN(C3=C(C)C=C(C)C=C3C)[C]2)C(C)=C1,CNC(C)C,CC1=CC=C(C=C1)OS(=O)(F)=O,CC1=CC=C(OS(=O)(=O)N(C)C(C)C)C=C1,CC#N,ON1N=NC2=CC=CC=C21,,0.133333333,0.666666667,1,35.7,24,25,0.133333333,0,1,0
sufex_000776,776,0.98,98,CC1=CC(C)=C(N2C=CN(C3=C(C)C=C(C)C=C3C)[C]2)C(C)=C1,CCOC(=O)[C@H](N)CC1=CC=CC=C1,O=S(=O)(F)NCC1=CC=CC=C1,CCOC(=O)[C@@H](CC1=CC=CC=C1)NS(=O)(=O)NCC1=CC=CC=C1,COCCOC,,,0.1,1.5,1,7.2,24,25,0,0,1,0
sufex_000777,777,0.94,94,CC1=CC(C)=C(N2C=CN(C3=C(C)C=C(C)C=C3C)[C]2)C(C)=C1,NCCC1=CC=C(F)C=C1,O=S(=O)(F)NCC1=CC=CC=C1,O=S(=O)(NCCC1=CC=C(F)C=C1)NCC1=CC=CC=C1,COCCOC,,,0.1,1.5,1,7.2,24,25,0,0,1,0
sufex_000778,778,0.73,73,,C=CCNCC=C,O=S(=O)(F)NCC1=CC=CC=C1,C=CCN(CC=C)S(=O)(=O)NCC1=CC=CC=C1,COCCOC,,,0,1.5,1,7.2,24,25,0,0,0,0
sufex_000779,779,0.91,91,CC1=CC(C)=C(N2C=CN(C3=C(C)C=C(C)C=C3C)[C]2)C(C)=C1,C=CCNCC=C,O=S(=O)(F)NCC1=CC=CC=C1,C=CCN(CC=C)S(=O)(=O)NCC1=CC=CC=C1,COCCOC,,,0.1,1.5,1,7.2,24,25,0,0,1,0
sufex_000780,780,0.91,91,CC1=CC(C)=C(N2C=CN(C3=C(C)C=C(C)C=C3C)[C]2)C(C)=C1,NC12CC3CC(CC(C3)C1)C2,O=S(=O)(F)NCC1=CC=CC=C1,O=S(=O)(NCC1=CC=CC=C1)NC12CC3CC(CC(C3)C1)C2,COCCOC,,,0.1,1.5,1,7.2,24,25,0,0,1,0
sufex_000781,781,0.69,69,,CNCC1=CC=CC=C1,O=S(=O)(F)NCC1=CC=CC=C1,CN(CC1=CC=CC=C1)S(=O)(=O)NCC1=CC=CC=C1,COCCOC,,,0,1.5,1,7.2,24,25,0,0,0,0
sufex_000782,782,0.9,90,CC1=CC(C)=C(N2C=CN(C3=C(C)C=C(C)C=C3C)[C]2)C(C)=C1,CNCC1=CC=CC=C1,O=S(=O)(F)NCC1=CC=CC=C1,CN(CC1=CC=CC=C1)S(=O)(=O)NCC1=CC=CC=C1,COCCOC,,,0.1,1.5,1,7.2,24,25,0,0,1,0
sufex_000783,783,0.88,88,CC1=CC(C)=C(N2C=CN(C3=C(C)C=C(C)C=C3C)[C]2)C(C)=C1,O=C(OCC1=CC=CC=C1)[C@H]1CCCN1,O=S(=O)(F)NCC1=CC=CC=C1,O=C(OCC1=CC=CC=C1)[C@H]1CCCN1S(=O)(=O)NCC1=CC=CC=C1,COCCOC,,,0.1,1.5,1,7.2,24,25,0,0,1,0
sufex_000784,784,0.85,85,CC1=CC(C)=C(N2C=CN(C3=C(C)C=C(C)C=C3C)[C]2)C(C)=C1,CCNC1=CC=CC=C1,O=S(=O)(F)NCC1=CC=CC=C1,CCN(C1=CC=CC=C1)S(=O)(=O)NCC1=CC=CC=C1,COCCOC,,,0.1,1.5,1,7.2,24,25,0,0,1,0
sufex_000785,785,0.83,83,CC1=CC(C)=C(N2C=CN(C3=C(C)C=C(C)C=C3C)[C]2)C(C)=C1,C1CCCNCC1,O=S(=O)(F)NCC1=CC=CC=C1,O=S(=O)(NCC1=CC=CC=C1)N1CCCCCC1,COCCOC,,,0.1,1.5,1,7.2,24,25,0,0,1,0
sufex_000786,786,0.81,81,CC1=CC(C)=C(N2C=CN(C3=C(C)C=C(C)C=C3C)[C]2)C(C)=C1,C1CC2(CCN1)OCCO2,O=S(=O)(F)NCC1=CC=CC=C1,O=S(=O)(NCC1=CC=CC=C1)N1CCC2(CC1)OCCO2,COCCOC,,,0.1,1.5,1,7.2,24,25,0,0,1,0
sufex_000787,787,0.81,81,CC1=CC(C)=C(N2C=CN(C3=C(C)C=C(C)C=C3C)[C]2)C(C)=C1,CC(C)(C)OC(=O)N1CCNCC1,O=S(=O)(F)NCC1=CC=CC=C1,CC(C)(C)OC(=O)N1CCN(S(=O)(=O)NCC2=CC=CC=C2)CC1,COCCOC,,,0.1,1.5,1,7.2,24,25,0,0,1,0
sufex_000788,788,0.78,78,CC1=CC(C)=C(N2C=CN(C3=C(C)C=C(C)C=C3C)[C]2)C(C)=C1,C1COCCN1,O=S(=O)(F)NCC1=CC=CC=C1,O=S(=O)(NCC1=CC=CC=C1)N1CCOCC1,COCCOC,,,0.1,1.5,1,7.2,24,25,0,0,1,0
sufex_000789,789,0.77,77,CC1=CC(C)=C(N2C=CN(C3=C(C)C=C(C)C=C3C)[C]2)C(C)=C1,NC1=CC=CC2=C1C=CC=C2,O=S(=O)(F)NCC1=CC=CC=C1,O=S(=O)(NCC1=CC=CC=C1)NC1=CC=CC2=C1C=CC=C2,COCCOC,,,0.1,1.5,1,7.2,24,25,0,0,1,0
sufex_000790,790,0.76,76,CC1=CC(C)=C(N2C=CN(C3=C(C)C=C(C)C=C3C)[C]2)C(C)=C1,CNC(C)C,O=S(=O)(F)NCC1=CC=CC=C1,CC(C)N(C)S(=O)(=O)NCC1=CC=CC=C1,COCCOC,,,0.1,1.5,1,7.2,24,25,0,0,1,0
sufex_000791,791,0.72,72,CC1=CC(C)=C(N2C=CN(C3=C(C)C=C(C)C=C3C)[C]2)C(C)=C1,NCCC1=CNC2=CC=CC=C12,O=S(=O)(F)NCC1=CC=CC=C1,O=S(=O)(NCCC1=CNC2=CC=CC=C12)NCC1=CC=CC=C1,COCCOC,,,0.1,1.5,1,7.2,24,25,0,0,1,0
sufex_000792,792,0,0,,NC1=C(I)C=CC=C1,O=S(=O)(F)NCC1=CC=CC=C1,O=S(=O)(NCC1=CC=CC=C1)NC1=C(I)C=CC=C1,COCCOC,,,0,1.5,1,7.2,24,25,0,0,0,0
sufex_000793,793,0.72,72,CC1=CC(C)=C(N2C=CN(C3=C(C)C=C(C)C=C3C)[C]2)C(C)=C1,NC1=C(I)C=CC=C1,O=S(=O)(F)NCC1=CC=CC=C1,O=S(=O)(NCC1=CC=CC=C1)NC1=C(I)C=CC=C1,COCCOC,,,0.1,1.5,1,7.2,24,25,0,0,1,0
sufex_000794,794,0,0,CC1=CC(C)=C(N2C=CN(C3=C(C)C=C(C)C=C3C)[C]2)C(C)=C1,NCCC1=CC=C(F)C=C1,FS(NC1=CC=CC=C1)(=O)=O,O=S(=O)(NCCC1=CC=C(F)C=C1)NC1=CC=CC=C1,COCCOC,,,0.1,1.5,1,7.2,24,25,0,0,1,0
sufex_000795,795,0,0,CC1=CC(C)=C(N2C=CN(C3=C(C)C=C(C)C=C3C)[C]2)C(C)=C1,NCCC1=CC=C(F)C=C1,FS(NC1=CC=C(Br)C=C1)(=O)=O,O=S(=O)(NCCC1=CC=C(F)C=C1)NC1=CC=C(Br)C=C1,COCCOC,,,0.1,1.5,1,7.2,24,25,0,0,1,0
sufex_000796,796,0,0,CC1=CC(C)=C(N2C=CN(C3=C(C)C=C(C)C=C3C)[C]2)C(C)=C1,NCCC1=CC=C(F)C=C1,CN(CC1=CC=CC=C1)S(F)(=O)=O,CN(CC1=CC=CC=C1)S(=O)(=O)NCCC1=CC=C(F)C=C1,COCCOC,,,0.1,1.5,1,7.2,24,25,0,0,1,0
sufex_000797,797,0,0,CC1=CC(C)=C(N2C=CN(C3=C(C)C=C(C)C=C3C)[C]2)C(C)=C1,NCCC1=CC=C(F)C=C1,FS(N1CCC2(OCCO2)CC1)(=O)=O,O=S(=O)(NCCC1=CC=C(F)C=C1)N1CCC2(CC1)OCCO2,COCCOC,,,0.1,1.5,1,7.2,24,25,0,0,1,0
sufex_000798,798,0,0,CC1=CC(C)=C(N2C=CN(C3=C(C)C=C(C)C=C3C)[C]2)C(C)=C1,CC(C)C1=CC(N)=CC=C1,FS(NC1=CC=CC=C1)(=O)=O,CC(C)C1=CC(NS(=O)(=O)NC2=CC=CC=C2)=CC=C1,COCCOC,,,0.1,1.5,1,7.2,24,25,0,0,1,0
sufex_000799,799,0,0,CC1=CC(C)=C(N2C=CN(C3=C(C)C=C(C)C=C3C)[C]2)C(C)=C1,CC(C)C1=CC(N)=CC=C1,FS(NC1=CC=C(Br)C=C1)(=O)=O,CC(C)C1=CC(NS(=O)(=O)NC2=CC=C(Br)C=C2)=CC=C1,COCCOC,,,0.1,1.5,1,7.2,24,25,0,0,1,0
sufex_000800,800,0,0,CC1=CC(C)=C(N2C=CN(C3=C(C)C=C(C)C=C3C)[C]2)C(C)=C1,CC(C)C1=CC(N)=CC=C1,CN(CC1=CC=CC=C1)S(F)(=O)=O,CC(C)C1=CC(NS(=O)(=O)N(C)CC2=CC=CC=C2)=CC=C1,COCCOC,,,0.1,1.5,1,7.2,24,25,0,0,1,0
sufex_000801,801,0,0,CC1=CC(C)=C(N2C=CN(C3=C(C)C=C(C)C=C3C)[C]2)C(C)=C1,CC(C)C1=CC(N)=CC=C1,FS(N1CCC2(OCCO2)CC1)(=O)=O,CC(C)C1=CC(NS(=O)(=O)N2CCC3(CC2)OCCO3)=CC=C1,COCCOC,,,0.1,1.5,1,7.2,24,25,0,0,1,0
sufex_000802,802,0,0,CC1=CC(C)=C(N2C=CN(C3=C(C)C=C(C)C=C3C)[C]2)C(C)=C1,CNCC1=CC=CC=C1,FS(NC1=CC=C(Br)C=C1)(=O)=O,CN(CC1=CC=CC=C1)S(=O)(=O)NC1=CC=C(Br)C=C1,COCCOC,,,0.1,1.5,1,7.2,24,25,0,0,1,0
sufex_000803,803,0,0,CC(C1=CC=CC(C(C)C)=C1N2[C]N(C3=C(C=CC=C3C(C)C)C(C)C)C=C2)C,NCC1=CC=CC=C1,O=S(F)(C1=CC=C(C=C1)C)=O,CC1=CC=C(S(=O)(=O)NCC2=CC=CC=C2)C=C1,CC#N,,,0.066666667,0.666666667,1,35.7,48,25,0,0,1,0
sufex_000804,804,0,0,CC1=CC(C)=C(C(C)=C1)N2C=CN([C]2)C3=C(C=C(C=C3C)C)C,NCC1=CC=CC=C1,O=S(F)(C1=CC=C(C=C1)C)=O,CC1=CC=C(S(=O)(=O)NCC2=CC=CC=C2)C=C1,CC#N,,,0.066666667,0.666666667,1,35.7,48,25,0,0,1,0
sufex_000805,805,0,0,CC(C)(C)N1C=CN(C(C)(C)C)[C]1,NCC1=CC=CC=C1,O=S(F)(C1=CC=C(C=C1)C)=O,CC1=CC=C(S(=O)(=O)NCC2=CC=CC=C2)C=C1,CC#N,,,0.066666667,0.666666667,1,35.7,48,25,0,0,1,0
sufex_000806,806,0,0,C1(CCCCC1)N2C=CN(C3CCCCC3)[C]2,NCC1=CC=CC=C1,O=S(F)(C1=CC=C(C=C1)C)=O,CC1=CC=C(S(=O)(=O)NCC2=CC=CC=C2)C=C1,CC#N,,,0.066666667,0.666666667,1,35.7,48,25,0,0,1,0
sufex_000807,807,0,0,CC(C)C1=CC=CC(C(C)C)=C1N2[C]N(CC2)C3=C(C(C)C)C=CC=C3C(C)C,NCC1=CC=CC=C1,O=S(F)(C1=CC=C(C=C1)C)=O,CC1=CC=C(S(=O)(=O)NCC2=CC=CC=C2)C=C1,CC#N,,,0.066666667,0.666666667,1,35.7,48,25,0,0,1,0
sufex_000808,808,0,0,CC1=C(CCO)S[C]N1CC2=CC=CC=C2,NCC1=CC=CC=C1,O=S(F)(C1=CC=C(C=C1)C)=O,CC1=CC=C(S(=O)(=O)NCC2=CC=CC=C2)C=C1,CC#N,,,0.066666667,0.666666667,1,35.7,48,25,0,0,1,0
sufex_000809,809,0,0,N12CCCC1=NN(C3=CC=CC=C3)[C]2,NCC1=CC=CC=C1,O=S(F)(C1=CC=C(C=C1)C)=O,CC1=CC=C(S(=O)(=O)NCC2=CC=CC=C2)C=C1,CC#N,,,0.066666667,0.666666667,1,35.7,48,25,0,0,1,0
sufex_000810,810,0.17,17,CC1=CC(C)=C(N2C=CN(C3=C(C)C=C(C)C=C3C)[C]2)C(C)=C1,NCC1=CC=CC=C1,O=S(F)(C1=CC=C(C=C1)C)=O,CC1=CC=C(S(=O)(=O)NCC2=CC=CC=C2)C=C1,C(Cl)Cl,,,0.1,2,1,8.9,24,25,0,0,1,0
sufex_000811,811,0.88,88,CC(C1=CC=CC(C(C)C)=C1N2[C]N(C3=C(C=CC=C3C(C)C)C(C)C)C=C2)C,NCC1=CC=CC=C1,O=S(F)(C1=CC=C(C=C1)C)=O,CC1=CC=C(S(=O)(=O)NCC2=CC=CC=C2)C=C1,CC#N,ON1N=NC2=CC=CC=C21,,0.066666667,0.666666667,1,35.7,24,25,0.066666667,0,1,0
sufex_000812,812,0.38,38,CC(C)(C)N1C=CN(C(C)(C)C)[C]1,NCC1=CC=CC=C1,O=S(F)(C1=CC=C(C=C1)C)=O,CC1=CC=C(S(=O)(=O)NCC2=CC=CC=C2)C=C1,CC#N,ON1N=NC2=CC=CC=C21,,0.066666667,0.666666667,1,35.7,24,25,0.066666667,0,1,0
sufex_000813,813,0.71,71,C1(CCCCC1)N2C=CN(C3CCCCC3)[C]2,NCC1=CC=CC=C1,O=S(F)(C1=CC=C(C=C1)C)=O,CC1=CC=C(S(=O)(=O)NCC2=CC=CC=C2)C=C1,CC#N,ON1N=NC2=CC=CC=C21,,0.066666667,0.666666667,1,35.7,24,25,0.066666667,0,1,0
sufex_000814,814,0.7,70,CC(C)C1=CC=CC(C(C)C)=C1N2[C]N(CC2)C3=C(C(C)C)C=CC=C3C(C)C,NCC1=CC=CC=C1,O=S(F)(C1=CC=C(C=C1)C)=O,CC1=CC=C(S(=O)(=O)NCC2=CC=CC=C2)C=C1,CC#N,ON1N=NC2=CC=CC=C21,,0.066666667,0.666666667,1,35.7,24,25,0.066666667,0,1,0
sufex_000815,815,0.28,28,C12=NCCCN1CCCCC2,NCC1=CC=CC=C1,O=S(F)(C1=CC=C(C=C1)C)=O,CC1=CC=C(S(=O)(=O)NCC2=CC=CC=C2)C=C1,CC#N,ON1N=NC2=CC=CC=C21,,0.066666667,0.666666667,1,35.7,24,25,0.066666667,0,1,0
sufex_000816,816,0.26,26,CC1=CC(C)=C(N2C=CN(C3=C(C)C=C(C)C=C3C)[C]2)C(C)=C1,NCC1=CC=CC=C1,O=S(F)(C1=CC=C(C=C1)C)=O,CC1=CC=C(S(=O)(=O)NCC2=CC=CC=C2)C=C1,CC#N,ON1N=NC2=CC=CN=C21,,0.066666667,0.666666667,1,35.7,24,25,0.066666667,0,1,0
sufex_000817,817,0.05,5,CC1=CC(C)=C(N2C=CN(C3=C(C)C=C(C)C=C3C)[C]2)C(C)=C1,NCC1=CC=CC=C1,O=S(F)(C1=CC=C(C=C1)C)=O,O=S(NCC1=CC=CC=C1)(C2=CC=C(C)C=C2)=O,CC#N,C1=CN=CN1,,0.066666667,0.666666667,1,35.7,48,25,0.066666667,0,1,0
sufex_000818,818,0.66,66,CC1=CC(C)=C(N2C=CN(C3=C(C)C=C(C)C=C3C)[C]2)C(C)=C1,NCC1=CC=CC=C1,O=S(F)(C1=CC=C(C=C1)C)=O,O=S(NCC1=CC=CC=C1)(C2=CC=C(C)C=C2)=O,C(Cl)Cl,ON1N=NC2=CC=CC=C21,,0.066666667,0.666666667,1,8.9,24,25,0.066666667,0,1,0
sufex_000819,819,0.68,68,CC1=CC(C)=C(N2C=CN(C3=C(C)C=C(C)C=C3C)[C]2)C(C)=C1,NCC1=CC=CC=C1,O=S(F)(C1=CC=C(C=C1)C)=O,O=S(NCC1=CC=CC=C1)(C2=CC=C(C)C=C2)=O,ClCCCl,ON1N=NC2=CC=CC=C21,,0.066666667,0.666666667,1,10.1,24,25,0.066666667,0,1,0
sufex_000820,820,0.99,99,CC1=CC(C)=C(N2C=CN(C3=C(C)C=C(C)C=C3C)[C]2)C(C)=C1,NCC1=CC=CC=C1,O=S(F)(C1=CC=C(C=C1)C)=O,O=S(NCC1=CC=CC=C1)(C2=CC=C(C)C=C2)=O,CC1=CC=CC=C1,ON1N=NC2=CC=CC=C21,,0.066666667,0.666666667,1,2.4,24,25,0.066666667,0,1,0
sufex_000821,821,0.82,82,CC1=CC(C)=C(N2C=CN(C3=C(C)C=C(C)C=C3C)[C]2)C(C)=C1,NCC1=CC=CC=C1,O=S(F)(C1=CC=C(C=C1)C)=O,O=S(NCC1=CC=CC=C1)(C2=CC=C(C)C=C2)=O,CC1=CC=CC=C1,ON1N=NC2=CC=CC=C21,,0.083333333,0.833333333,1,2.4,24,25,0.083333333,0,1,0
sufex_000822,822,0.96,96,CCN(CC)CC,NC1CN(C(OC(C)(C)C)=O)C1,O=S(F)(F)(F)F,CC(C)(C)OC(=O)N1CC(N=S(=O)(F)F)C1,CC#N,,,2,1,1,35.7,0.5,25,0,0,0,0
sufex_000823,823,0.95,95,CCN(CC)CC,[H][C@@]12CCC3=CC(N)=CC=C3[C@@]1([H])CC[C@]1(C)C(=O)CC[C@@]21[H],O=S(F)(F)(F)F,[H][C@@]12CCC3=CC(N=S(=O)(F)F)=CC=C3[C@@]1([H])CC[C@]1(C)C(=O)CC[C@@]21[H],CC#N,,,2,1,1,35.7,0.5,25,0,0,0,0
sufex_000824,824,0.57,57,,NCCOC1=CC=CC=C1,O=S(F)(F)(F)F,O=S(F)(F)=NCCOC1=CC=CC=C1,CC#N,,,0,1,1,35.7,0.5,25,0,0,0,0
sufex_000825,825,0.93,93,CCN(CC)CC,NCCOC1=CC=CC=C1,O=S(F)(F)(F)F,O=S(F)(F)=NCCOC1=CC=CC=C1,CC#N,,,2,1,1,35.7,0.5,25,0,0,0,0
sufex_000826,826,0.92,92,CCN(CC)CC,NC1=CC=C(S(=O)(=O)F)C=C1,O=S(F)(F)(F)F,O=S(=O)(F)C1=CC=C(N=S(=O)(F)F)C=C1,CC#N,,,2,1,1,35.7,0.5,25,0,0,0,0
sufex_000827,827,0.91,91,CCN(CC)CC,C#CC1=CC=C(C=C1)N,O=S(F)(F)(F)F,C#CC1=CC=C(N=S(F)(F)=O)C=C1,CC#N,,,2,1,1,35.7,0.5,25,0,0,0,0
sufex_000828,828,0.91,91,CCN(CC)CC,NC12CC3CC(CC(C3)C1)C2,O=S(F)(F)(F)F,O=S(F)(F)=NC12CC3CC(CC(C3)C1)C2,CC#N,,,2,1,1,35.7,0.5,25,0,0,0,0
sufex_000829,829,0.9,90,CCN(CC)CC,NC1=CC(Cl)=C(Cl)C=C1,O=S(F)(F)(F)F,O=S(F)(F)=NC1=CC(Cl)=C(Cl)C=C1,CC#N,,,1,1,1,35.7,0.5,25,0,0,0,0
sufex_000830,830,0.85,85,CCN(C(C)C)C(C)C,[H][C@@]12OC(C)(C)O[C@]1([H])[C@@H](CO[Si](C)(C)C(C)(C)C)O[C@H]2N1C=NC2=C(N)N=CN=C21,O=S(F)(F)(F)F,[H][C@@]12OC(C)(C)O[C@]1([H])[C@@H](CO[Si](C)(C)C(C)(C)C)O[C@H]2N1C=NC2=C(N=S(=O)(F)F)N=CN=C21,CC#N,,,2,1,1,35.7,0.5,25,0,0,0,0
sufex_000831,831,0.82,82,CCN(CC)CC,CCCCCCCCCCCCCCCCCCN,O=S(F)(F)(F)F,CCCCCCCCCCCCCCCCCCN=S(=O)(F)F,CC#N,,,2,1,1,35.7,0.5,25,0,0,0,0
sufex_000832,832,0.82,82,CCN(CC)CC,CC1(C)O[C@]2(CN)OC[C@@H]3[C@@H](OC(C)(C)O3)[C@@H]2O1,O=S(F)(F)(F)F,CC1(C)O[C@@H]2[C@@H](CO[C@@]3(CN=S(=O)(F)F)OC(C)(C)O[C@@H]23)O1,CC#N,,,2,1,1,35.7,0.5,25,0,0,0,0
sufex_000833,833,0.81,81,CCN(C(C)C)C(C)C,C#CC1(N)CCCCC1,O=S(F)(F)(F)F,C#CC1(N=S(=O)(F)F)CCCCC1,CC#N,,,2,1,1,35.7,0.5,25,0,0,0,0
sufex_000834,834,0.75,75,CCN(CC)CC,NCCC1=CNC2=CC=CC=C12,O=S(F)(F)(F)F,O=S(F)(F)=NCCC1=CNC2=CC=CC=C12,CC#N,,,2,1,1,35.7,0.5,25,0,0,0,0
sufex_000835,835,0.72,72,CCN(CC)CC,CC(C)(C)[Si](C)(C)OC[C@H](N)C1=CC=CC=C1,O=S(F)(F)(F)F,CC(C)(C)[Si](C)(C)OC[C@H](N=S(=O)(F)F)C1=CC=CC=C1,CC#N,,,2,1,1,35.7,0.5,25,0,0,0,0
sufex_000836,836,1,100,,CNCC1=CC=CC=C1,C#CC1=CC=C(N=S(=O)(F)F)C=C1,C#CC1=CC=C(N=S(=O)(F)N(C)CC2=CC=CC=C2)C=C1,CC#N,,,0,2,1,35.7,0.5,25,0,0,0,0
sufex_000837,837,1,100,,C1CCNCC1,C#CC1=CC=C(N=S(=O)(F)F)C=C1,C#CC1=CC=C(N=S(=O)(F)N2CCCCC2)C=C1,CC#N,,,0,2,1,35.7,0.5,25,0,0,0,0
sufex_000838,838,1,100,,C1CCNC1,C#CC1=CC=C(N=S(=O)(F)F)C=C1,C#CC1=CC=C(N=S(=O)(F)N2CCCC2)C=C1,CC#N,,,0,2,1,35.7,0.5,25,0,0,0,0
sufex_000839,839,0.88,88,,CC1(C)C[C@H]2NC[C@@](C2)(C)C1,C#CC1=CC=C(N=S(=O)(F)F)C=C1,C#CC1=CC=C(N=S(=O)(F)N2C[C@]3(C)C[C@H]2CC(C)(C)C3)C=C1,CC#N,,,0,2,1,35.7,0.5,25,0,0,0,0
sufex_000840,840,1,100,,CNC,C#CC1=CC=C(N=S(=O)(F)F)C=C1,C#CC1=CC=C(N=S(=O)(F)N(C)C)C=C1,CC#N,,,0,2,1,35.7,0.5,25,0,0,0,0
sufex_000841,841,0.99,99,,C1COCCN1,C#CC1=CC=C(N=S(=O)(F)F)C=C1,C#CC1=CC=C(N=S(=O)(F)N2CCOCC2)C=C1,CC#N,,,0,2,1,35.7,0.5,25,0,0,0,0
sufex_000842,842,0.99,99,,C#CCNC,C#CC1=CC=C(N=S(=O)(F)F)C=C1,C#CCN(C)S(=O)(F)=NC1=CC=C(C#C)C=C1,CC#N,,,0,2,1,35.7,12,25,0,0,0,0
sufex_000843,843,0.98,98,,C1CCNCC1,CC(C)C1=CC=C([C@](CCC[C@@]2(C)CN=S(F)(F)=O)(C)[C@@]2([H])CC3)C3=C1,CC(C)C1=CC=C2C(=C1)CC[C@H]1[C@](C)(CN=S(=O)(F)N3CCCCC3)CCC[C@]21C,CC#N,,,0,2,1,35.7,0.5,25,0,0,0,0
sufex_000844,844,0.86,86,,C1CCN1,CC1=CN(C(NC1=O)=O)[C@H]2C[C@H](N=S(F)(F)=O)[C@@H](COCC#C)O2,C#CCOC[C@H]1O[C@@H](N2C=C(C)C(=O)NC2=O)C[C@@H]1N=S(=O)(F)N1CCC1,CC#N,,,0,2,1,35.7,0.5,25,0,0,0,0
sufex_000845,845,0.99,99,CCN(CC)CC,ClC1=CC=C2OC3=CC=CC=C3N=C(N3CCNCC3)C2=C1,C#CC1=CC=C(N=S(=O)(F)F)C=C1,C#CC1=CC=C(N=S(=O)(F)N2CCN(C3=NC4=CC=CC=C4OC4=CC=C(Cl)C=C43)CC2)C=C1,CS(=O)C,,,2,1,1,46.8,2,25,0,0,0,0
sufex_000846,846,0.96,96,CCN(C(C)C)C(C)C,NCC(=O)O,C#CC1=CC=C(N=S(=O)(F)F)C=C1,C#CC1=CC=C(C=C1)N=S(F)(NCC(O)=O)=O,CC#N,,,5,2,1,35.7,20,25,0,0,0,0
sufex_000847,847,0.97,97,CCN(C(C)C)C(C)C,C[C@H](N)C(=O)O,C#CC1=CC=C(N=S(=O)(F)F)C=C1,C#CC1=CC=C(C=C1)N=S(F)(N[C@H](C(O)=O)C)=O,CC#N,,,5,2,1,35.7,20,25,0,0,0,0
sufex_000848,848,0.96,96,CCN(C(C)C)C(C)C,N[C@@H](CC1=CC=CC=C1)C(=O)O,C#CC1=CC=C(N=S(=O)(F)F)C=C1,C#CC1=CC=C(C=C1)N=S(F)(N[C@H](C(O)=O)CC2=CC=CC=C2)=O,CC#N,,,5,2,1,35.7,20,25,0,0,0,0
sufex_000849,849,0.98,98,,C1CCNC1,O=S(F)(=NC1=CC(Cl)=C(Cl)C=C1)OC1=CC=CC=C1,O=S(=NC1=CC(Cl)=C(Cl)C=C1)(OC1=CC=CC=C1)N1CCCC1,CC#N,,,0,2.5,1,35.7,24,25,0,0,0,0
sufex_000850,850,0.45,45,,CCCCNCCCC,CC(=O)OC[C@H]1O[C@H](CCCS(=O)(=O)F)[C@H](OC(C)=O)[C@@H](OC(C)=O)[C@@H]1OC(C)=O,CCCCN(CCCC)S(=O)(=O)CCC[C@H]1O[C@H](COC(C)=O)[C@@H](OC(C)=O)[C@H](OC(C)=O)[C@H]1OC(C)=O,CN(C=O)C,,,0,10,1,37.2,6,80,0,0,0,0
sufex_000851,851,0,0,,NC1=CC=C(C#N)C=C1,CC(=O)OC[C@H]1O[C@H](CCCS(=O)(=O)F)[C@H](OC(C)=O)[C@@H](OC(C)=O)[C@@H]1OC(C)=O,CC(=O)OC[C@H]1O[C@H](CCCS(=O)(=O)NC2=CC=C(C#N)C=C2)[C@H](OC(C)=O)[C@@H](OC(C)=O)[C@@H]1OC(C)=O,CN(C=O)C,,,0,10,1,37.2,15,80,0,0,0,0
sufex_000852,852,0,0,,NC1=CC=C(C=C1)OC,CC(=O)OC[C@H]1O[C@H](CCCS(=O)(=O)F)[C@H](OC(C)=O)[C@@H](OC(C)=O)[C@@H]1OC(C)=O,COC1=CC=C(NS(=O)(=O)CCC[C@H]2O[C@H](COC(C)=O)[C@@H](OC(C)=O)[C@H](OC(C)=O)[C@H]2OC(C)=O)C=C1,CN(C=O)C,,,0,10,1,37.2,15,80,0,0,0,0
sufex_000853,853,0.9,90,,NCC1=CC=CC=C1,CC(=O)OC[C@H]1O[C@H](CCCS(=O)(=O)F)[C@H](OC(C)=O)[C@@H](OC(C)=O)[C@@H]1OC(C)=O,CC(=O)OC[C@H]1O[C@H](CCCS(=O)(=O)NCC2=CC=CC=C2)[C@H](OC(C)=O)[C@@H](OC(C)=O)[C@@H]1OC(C)=O,CN(C=O)C,,,0,10,1,37.2,3,80,0,0,0,0
sufex_000854,854,0.17,17,,NCC1=CC=CC=C1,CC(=O)OC[C@H]1O[C@H](CCCS(=O)(=O)F)[C@H](OC(C)=O)[C@@H](OC(C)=O)[C@@H]1OC(C)=O,CC(=O)OC[C@H]1O[C@H](CCCS(=O)(=O)NCC2=CC=CC=C2)[C@H](OC(C)=O)[C@@H](OC(C)=O)[C@@H]1OC(C)=O,C(Cl)Cl,,,0,10,1,8.9,30,20,0,0,0,0
sufex_000855,855,0.69,69,,NCC1=CC=CC=C1,CC(=O)OC[C@H]1O[C@H](CCCS(=O)(=O)F)[C@H](OC(C)=O)[C@@H](OC(C)=O)[C@@H]1OC(C)=O,CC(=O)OC[C@H]1O[C@H](CCCS(=O)(=O)NCC2=CC=CC=C2)[C@H](OC(C)=O)[C@@H](OC(C)=O)[C@@H]1OC(C)=O,OCC,,,0,10,1,24.9,3,80,0,0,0,0
sufex_000856,856,0.28,28,C1CN2CCN1CC2,CNCC1=CN=C2C=CC=CN12,COC1=CC=C(S(=O)(=O)F)C=C1,COC1=CC=C(S(=O)(=O)N(C)CC2=CN=C3C=CC=CN23)C=C1,C1CCCO1,C(F)(F)(F)S(=O)(=O)[N-]S(=O)(=O)C(F)(F)F.C(F)(F)(F)S(=O)(=O)[N-]S(=O)(=O)C(F)(F)F.[Ca+2],,1.5,1.05,1,7.4,18,25,1.1,0,0,0
sufex_000857,857,0.35,35,C1CN2CCN1CC2,OC1(C2=CC=CC=C2)CCNCC1,COC1=CC=C(S(=O)(=O)F)C=C1,COC1=CC=C(S(=O)(=O)N2CCC(O)(C3=CC=CC=C3)CC2)C=C1,C1CCCO1,C(F)(F)(F)S(=O)(=O)[N-]S(=O)(=O)C(F)(F)F.C(F)(F)(F)S(=O)(=O)[N-]S(=O)(=O)C(F)(F)F.[Ca+2],,1.5,1.05,1,7.4,18,25,1.1,0,0,0
sufex_000858,858,0.39,39,C1CN2CCN1CC2,CC1=NN=C2CCNCCN12,COC1=CC=C(S(=O)(=O)F)C=C1,COC1=CC=C(S(=O)(=O)N2CCC3=NN=C(C)N3CC2)C=C1,C1CCCO1,C(F)(F)(F)S(=O)(=O)[N-]S(=O)(=O)C(F)(F)F.C(F)(F)(F)S(=O)(=O)[N-]S(=O)(=O)C(F)(F)F.[Ca+2],,1.5,1.05,1,7.4,18,25,1.1,0,0,0
sufex_000859,859,0.1,10,C1CN2CCN1CC2,CNCC1=NC2=C(C=CC=C2)O1,COC1=CC=C(S(=O)(=O)F)C=C1,COC1=CC=C(S(=O)(=O)N(C)CC2=NC3=C(C=CC=C3)O2)C=C1,C1CCCO1,C(F)(F)(F)S(=O)(=O)[N-]S(=O)(=O)C(F)(F)F.C(F)(F)(F)S(=O)(=O)[N-]S(=O)(=O)C(F)(F)F.[Ca+2],,1.5,1.05,1,7.4,18,25,1.1,0,0,0
sufex_000860,860,0.29,29,C1CN2CCN1CC2,C1(CN2CCNCC2)CCC1,COC1=CC=C(S(=O)(=O)F)C=C1,COC1=CC=C(S(=O)(=O)N2CCN(CC3CCC3)CC2)C=C1,C1CCCO1,C(F)(F)(F)S(=O)(=O)[N-]S(=O)(=O)C(F)(F)F.C(F)(F)(F)S(=O)(=O)[N-]S(=O)(=O)C(F)(F)F.[Ca+2],,1.5,1.05,1,7.4,18,25,1.1,0,0,0
sufex_000861,861,0,0,C1CN2CCN1CC2,COC1=C(C2CNCCO2)C=CC=C1,COC1=CC=C(S(=O)(=O)F)C=C1,COC1=CC=C(S(=O)(=O)N2CCOC(C3=C(OC)C=CC=C3)C2)C=C1,C1CCCO1,C(F)(F)(F)S(=O)(=O)[N-]S(=O)(=O)C(F)(F)F.C(F)(F)(F)S(=O)(=O)[N-]S(=O)(=O)C(F)(F)F.[Ca+2],,1.5,1.05,1,7.4,18,25,1.1,0,0,0
sufex_000862,862,0,0,C1CN2CCN1CC2,NCC1=CN(CC2=CC=CC=C2)N=C1,COC1=CC=C(S(=O)(=O)F)C=C1,COC1=CC=C(S(=O)(=O)NCC2=CN(CC3=CC=CC=C3)N=C2)C=C1,C1CCCO1,C(F)(F)(F)S(=O)(=O)[N-]S(=O)(=O)C(F)(F)F.C(F)(F)(F)S(=O)(=O)[N-]S(=O)(=O)C(F)(F)F.[Ca+2],,1.5,1.05,1,7.4,18,25,1.1,0,0,0
sufex_000863,863,0.28,28,C1CN2CCN1CC2,N#CC1=C(O[C@H]2CCNC2)C=CC=C1,COC1=CC=C(S(=O)(=O)F)C=C1,COC1=CC=C(S(=O)(=O)N2CC[C@H](OC3=C(C#N)C=CC=C3)C2)C=C1,C1CCCO1,C(F)(F)(F)S(=O)(=O)[N-]S(=O)(=O)C(F)(F)F.C(F)(F)(F)S(=O)(=O)[N-]S(=O)(=O)C(F)(F)F.[Ca+2],,1.5,1.05,1,7.4,18,25,1.1,0,0,0
sufex_000864,864,0.28,28,C1CN2CCN1CC2,COC1=CC2=C(CCNCC2)N=N1,COC1=CC=C(S(=O)(=O)F)C=C1,COC1=CC=C(S(=O)(=O)N2CCC3=C(CC2)N=NC(OC)=C3)C=C1,C1CCCO1,C(F)(F)(F)S(=O)(=O)[N-]S(=O)(=O)C(F)(F)F.C(F)(F)(F)S(=O)(=O)[N-]S(=O)(=O)C(F)(F)F.[Ca+2],,1.5,1.05,1,7.4,18,25,1.1,0,0,0
sufex_000865,865,0.11,11,C1CN2CCN1CC2,CN1C=NN=C1C1CCNCC1,COC1=CC=C(S(=O)(=O)F)C=C1,COC1=CC=C(S(=O)(=O)N2CCC(C3=NN=CN3C)CC2)C=C1,C1CCCO1,C(F)(F)(F)S(=O)(=O)[N-]S(=O)(=O)C(F)(F)F.C(F)(F)(F)S(=O)(=O)[N-]S(=O)(=O)C(F)(F)F.[Ca+2],,1.5,1.05,1,7.4,18,25,1.1,0,0,0
sufex_000866,866,0.3,30,C1CN2CCN1CC2,N#CC1=CC=CC=C1OC1CCNCC1,COC1=CC=C(S(=O)(=O)F)C=C1,COC1=CC=C(S(=O)(=O)N2CCC(OC3=CC=CC=C3C#N)CC2)C=C1,C1CCCO1,C(F)(F)(F)S(=O)(=O)[N-]S(=O)(=O)C(F)(F)F.C(F)(F)(F)S(=O)(=O)[N-]S(=O)(=O)C(F)(F)F.[Ca+2],,1.5,1.05,1,7.4,18,25,1.1,0,0,0
sufex_000867,867,0.33,33,C1CN2CCN1CC2,NCCOCC1=CC=CC=C1,COC1=CC=C(S(=O)(=O)F)C=C1,COC1=CC=C(S(=O)(=O)NCCOCC2=CC=CC=C2)C=C1,C1CCCO1,C(F)(F)(F)S(=O)(=O)[N-]S(=O)(=O)C(F)(F)F.C(F)(F)(F)S(=O)(=O)[N-]S(=O)(=O)C(F)(F)F.[Ca+2],,1.5,1.05,1,7.4,18,25,1.1,0,0,0
sufex_000868,868,0.11,11,C1CN2CCN1CC2,NCCCN1C=CC=CC1=O,COC1=CC=C(S(=O)(=O)F)C=C1,COC1=CC=C(S(=O)(=O)NCCCN2C=CC=CC2=O)C=C1,C1CCCO1,C(F)(F)(F)S(=O)(=O)[N-]S(=O)(=O)C(F)(F)F.C(F)(F)(F)S(=O)(=O)[N-]S(=O)(=O)C(F)(F)F.[Ca+2],,1.5,1.05,1,7.4,18,25,1.1,0,0,0
sufex_000869,869,0.37,37,C1CN2CCN1CC2,FC1=CC=CC(Cl)=C1CN1CCNCC1,COC1=CC=C(S(=O)(=O)F)C=C1,COC1=CC=C(S(=O)(=O)N2CCN(CC3=C(Cl)C=CC=C3F)CC2)C=C1,C1CCCO1,C(F)(F)(F)S(=O)(=O)[N-]S(=O)(=O)C(F)(F)F.C(F)(F)(F)S(=O)(=O)[N-]S(=O)(=O)C(F)(F)F.[Ca+2],,1.5,1.05,1,7.4,18,25,1.1,0,0,0
sufex_000870,870,0.09,9,C1CN2CCN1CC2,COC1=NC=C2CNCCC2=N1,COC1=CC=C(S(=O)(=O)F)C=C1,COC1=CC=C(S(=O)(=O)N2CCC3=NC(OC)=NC=C3C2)C=C1,C1CCCO1,C(F)(F)(F)S(=O)(=O)[N-]S(=O)(=O)C(F)(F)F.C(F)(F)(F)S(=O)(=O)[N-]S(=O)(=O)C(F)(F)F.[Ca+2],,1.5,1.05,1,7.4,18,25,1.1,0,0,0
sufex_000871,871,0.31,31,C1CN2CCN1CC2,CN1C=CN=C1CN1CCNCC1,COC1=CC=C(S(=O)(=O)F)C=C1,COC1=CC=C(S(=O)(=O)N2CCN(CC3=NC=CN3C)CC2)C=C1,C1CCCO1,C(F)(F)(F)S(=O)(=O)[N-]S(=O)(=O)C(F)(F)F.C(F)(F)(F)S(=O)(=O)[N-]S(=O)(=O)C(F)(F)F.[Ca+2],,1.5,1.05,1,7.4,18,25,1.1,0,0,0
sufex_000872,872,0.23,23,C1CN2CCN1CC2,NCC1=CC=C(N2C=CC=N2)C=C1,COC1=CC=C(S(=O)(=O)F)C=C1,COC1=CC=C(S(=O)(=O)NCC2=CC=C(N3C=CC=N3)C=C2)C=C1,C1CCCO1,C(F)(F)(F)S(=O)(=O)[N-]S(=O)(=O)C(F)(F)F.C(F)(F)(F)S(=O)(=O)[N-]S(=O)(=O)C(F)(F)F.[Ca+2],,1.5,1.05,1,7.4,18,25,1.1,0,0,0
sufex_000873,873,0.28,28,C1CN2CCN1CC2,OCC1(CC2=CC=CC=C2)CCNCC1,COC1=CC=C(S(=O)(=O)F)C=C1,COC1=CC=C(S(=O)(=O)N2CCC(CO)(CC3=CC=CC=C3)CC2)C=C1,C1CCCO1,C(F)(F)(F)S(=O)(=O)[N-]S(=O)(=O)C(F)(F)F.C(F)(F)(F)S(=O)(=O)[N-]S(=O)(=O)C(F)(F)F.[Ca+2],,1.5,1.05,1,7.4,18,25,1.1,0,0,0
sufex_000874,874,0.31,31,C1CN2CCN1CC2,CC1=NN2C(C3CCNCC3)=CC=NC2=C1,COC1=CC=C(S(=O)(=O)F)C=C1,COC1=CC=C(S(=O)(=O)N2CCC(C3=CC=NC4=CC(C)=NN34)CC2)C=C1,C1CCCO1,C(F)(F)(F)S(=O)(=O)[N-]S(=O)(=O)C(F)(F)F.C(F)(F)(F)S(=O)(=O)[N-]S(=O)(=O)C(F)(F)F.[Ca+2],,1.5,1.05,1,7.4,18,25,1.1,0,0,0
sufex_000875,875,0.31,31,C1CN2CCN1CC2,C1=CC(COCC2CCNC2)=CN=C1,COC1=CC=C(S(=O)(=O)F)C=C1,COC1=CC=C(S(=O)(=O)N2CCC(COCC3=CN=CC=C3)C2)C=C1,C1CCCO1,C(F)(F)(F)S(=O)(=O)[N-]S(=O)(=O)C(F)(F)F.C(F)(F)(F)S(=O)(=O)[N-]S(=O)(=O)C(F)(F)F.[Ca+2],,1.5,1.05,1,7.4,18,25,1.1,0,0,0
sufex_000876,876,0.16,16,C1CN2CCN1CC2,CN(C)C1=NC2=C(C=N1)CNCC2,COC1=CC=C(S(=O)(=O)F)C=C1,COC1=CC=C(S(=O)(=O)N2CCC3=C(C=NC(N(C)C)=N3)C2)C=C1,C1CCCO1,C(F)(F)(F)S(=O)(=O)[N-]S(=O)(=O)C(F)(F)F.C(F)(F)(F)S(=O)(=O)[N-]S(=O)(=O)C(F)(F)F.[Ca+2],,1.5,1.05,1,7.4,18,25,1.1,0,0,0
sufex_000877,877,0,0,C1CN2CCN1CC2,CC1=CC=C2N=C(CCN)OC2=C1,COC1=CC=C(S(=O)(=O)F)C=C1,COC1=CC=C(S(=O)(=O)NCCC2=NC3=CC=C(C)C=C3O2)C=C1,C1CCCO1,C(F)(F)(F)S(=O)(=O)[N-]S(=O)(=O)C(F)(F)F.C(F)(F)(F)S(=O)(=O)[N-]S(=O)(=O)C(F)(F)F.[Ca+2],,1.5,1.05,1,7.4,18,25,1.1,0,0,0
sufex_000878,878,0.35,35,C1CN2CCN1CC2,C1=NC=C(CC2CCNC2)N=C1,COC1=CC=C(S(=O)(=O)F)C=C1,COC1=CC=C(S(=O)(=O)N2CCC(CC3=CN=CC=N3)C2)C=C1,C1CCCO1,C(F)(F)(F)S(=O)(=O)[N-]S(=O)(=O)C(F)(F)F.C(F)(F)(F)S(=O)(=O)[N-]S(=O)(=O)C(F)(F)F.[Ca+2],,1.5,1.05,1,7.4,18,25,1.1,0,0,0
sufex_000879,879,0.31,31,C1CN2CCN1CC2,BrC1=CC(C2CNCCO2)=CC=C1,COC1=CC=C(S(=O)(=O)F)C=C1,COC1=CC=C(S(=O)(=O)N2CCOC(C3=CC=CC(Br)=C3)C2)C=C1,C1CCCO1,C(F)(F)(F)S(=O)(=O)[N-]S(=O)(=O)C(F)(F)F.C(F)(F)(F)S(=O)(=O)[N-]S(=O)(=O)C(F)(F)F.[Ca+2],,1.5,1.05,1,7.4,18,25,1.1,0,0,0
sufex_000880,880,0.3,30,C1CN2CCN1CC2,CC1=CC2=NC(CCN)=CN2C=C1,COC1=CC=C(S(=O)(=O)F)C=C1,COC1=CC=C(S(=O)(=O)NCCC2=CN3C=CC(C)=CC3=N2)C=C1,C1CCCO1,C(F)(F)(F)S(=O)(=O)[N-]S(=O)(=O)C(F)(F)F.C(F)(F)(F)S(=O)(=O)[N-]S(=O)(=O)C(F)(F)F.[Ca+2],,1.5,1.05,1,7.4,18,25,1.1,0,0,0
sufex_000881,881,0.28,28,C1CN2CCN1CC2,CNCC1=NOC(C2CC2)=N1,COC1=CC=C(S(=O)(=O)F)C=C1,COC1=CC=C(S(=O)(=O)N(C)CC2=NOC(C3CC3)=N2)C=C1,C1CCCO1,C(F)(F)(F)S(=O)(=O)[N-]S(=O)(=O)C(F)(F)F.C(F)(F)(F)S(=O)(=O)[N-]S(=O)(=O)C(F)(F)F.[Ca+2],,1.5,1.05,1,7.4,18,25,1.1,0,0,0
sufex_000882,882,0.24,24,C1CN2CCN1CC2,NCCCN1N=CC2=CC=CC=C21,COC1=CC=C(S(=O)(=O)F)C=C1,COC1=CC=C(S(=O)(=O)NCCCN2N=CC3=CC=CC=C32)C=C1,C1CCCO1,C(F)(F)(F)S(=O)(=O)[N-]S(=O)(=O)C(F)(F)F.C(F)(F)(F)S(=O)(=O)[N-]S(=O)(=O)C(F)(F)F.[Ca+2],,1.5,1.05,1,7.4,18,25,1.1,0,0,0
sufex_000883,883,0.38,38,C1CN2CCN1CC2,NCC1=CC=CC=C1OC(F)F,COC1=CC=C(S(=O)(=O)F)C=C1,COC1=CC=C(S(=O)(=O)NCC2=CC=CC=C2OC(F)F)C=C1,C1CCCO1,C(F)(F)(F)S(=O)(=O)[N-]S(=O)(=O)C(F)(F)F.C(F)(F)(F)S(=O)(=O)[N-]S(=O)(=O)C(F)(F)F.[Ca+2],,1.5,1.05,1,7.4,18,25,1.1,0,0,0
sufex_000884,884,0.13,13,C1CN2CCN1CC2,NCCC1=NC2=CC(Cl)=CC=C2O1,COC1=CC=C(S(=O)(=O)F)C=C1,COC1=CC=C(S(=O)(=O)NCCC2=NC3=CC(Cl)=CC=C3O2)C=C1,C1CCCO1,C(F)(F)(F)S(=O)(=O)[N-]S(=O)(=O)C(F)(F)F.C(F)(F)(F)S(=O)(=O)[N-]S(=O)(=O)C(F)(F)F.[Ca+2],,1.5,1.05,1,7.4,18,25,1.1,0,0,0
sufex_000885,885,0.36,36,C1CN2CCN1CC2,CC1=NOC(C2CCCN2)=C1,COC1=CC=C(S(=O)(=O)F)C=C1,COC1=CC=C(S(=O)(=O)N2CCCC2C2=CC(C)=NO2)C=C1,C1CCCO1,C(F)(F)(F)S(=O)(=O)[N-]S(=O)(=O)C(F)(F)F.C(F)(F)(F)S(=O)(=O)[N-]S(=O)(=O)C(F)(F)F.[Ca+2],,1.5,1.05,1,7.4,18,25,1.1,0,0,0
sufex_000886,886,0.26,26,C1CN2CCN1CC2,COC1=CC=C(C2(CN)CC2)C=C1,COC1=CC=C(S(=O)(=O)F)C=C1,COC1=CC=C(C2(CNS(=O)(=O)C3=CC=C(OC)C=C3)CC2)C=C1,C1CCCO1,C(F)(F)(F)S(=O)(=O)[N-]S(=O)(=O)C(F)(F)F.C(F)(F)(F)S(=O)(=O)[N-]S(=O)(=O)C(F)(F)F.[Ca+2],,1.5,1.05,1,7.4,18,25,1.1,0,0,0
sufex_000887,887,0.31,31,C1CN2CCN1CC2,C1COC(C2=NOC(C3CC3)=N2)CN1,COC1=CC=C(S(=O)(=O)F)C=C1,COC1=CC=C(S(=O)(=O)N2CCOC(C3=NOC(C4CC4)=N3)C2)C=C1,C1CCCO1,C(F)(F)(F)S(=O)(=O)[N-]S(=O)(=O)C(F)(F)F.C(F)(F)(F)S(=O)(=O)[N-]S(=O)(=O)C(F)(F)F.[Ca+2],,1.5,1.05,1,7.4,18,25,1.1,0,0,0
sufex_000888,888,0.31,31,C1CN2CCN1CC2,C1=CC=C(CN2CCC3(CCNC3)C2)C=C1,COC1=CC=C(S(=O)(=O)F)C=C1,COC1=CC=C(S(=O)(=O)N2CCC3(CCN(CC4=CC=CC=C4)C3)C2)C=C1,C1CCCO1,C(F)(F)(F)S(=O)(=O)[N-]S(=O)(=O)C(F)(F)F.C(F)(F)(F)S(=O)(=O)[N-]S(=O)(=O)C(F)(F)F.[Ca+2],,1.5,1.05,1,7.4,18,25,1.1,0,0,0
sufex_000889,889,0.14,14,C1CN2CCN1CC2,N[C@@H]1COC[C@@H]1C2=CC=C(C=C2)F,COC1=CC=C(S(=O)(=O)F)C=C1,COC1=CC=C(S(=O)(=O)N[C@@H]2COC[C@@H]2C2=CC=C(F)C=C2)C=C1,C1CCCO1,C(F)(F)(F)S(=O)(=O)[N-]S(=O)(=O)C(F)(F)F.C(F)(F)(F)S(=O)(=O)[N-]S(=O)(=O)C(F)(F)F.[Ca+2],,1.5,1.05,1,7.4,18,25,1.1,0,0,0
sufex_000890,890,0.27,27,C1CN2CCN1CC2,N[C@@H]1CCN(CC2=CC=CC=N2)C1,COC1=CC=C(S(=O)(=O)F)C=C1,COC1=CC=C(S(=O)(=O)N[C@@H]2CCN(CC3=CC=CC=N3)C2)C=C1,C1CCCO1,C(F)(F)(F)S(=O)(=O)[N-]S(=O)(=O)C(F)(F)F.C(F)(F)(F)S(=O)(=O)[N-]S(=O)(=O)C(F)(F)F.[Ca+2],,1.5,1.05,1,7.4,18,25,1.1,0,0,0
sufex_000891,891,0.36,36,C1CN2CCN1CC2,CC1=NC2=C(CNCC2)S1,COC1=CC=C(S(=O)(=O)F)C=C1,COC1=CC=C(S(=O)(=O)N2CCC3=C(C2)SC(C)=N3)C=C1,C1CCCO1,C(F)(F)(F)S(=O)(=O)[N-]S(=O)(=O)C(F)(F)F.C(F)(F)(F)S(=O)(=O)[N-]S(=O)(=O)C(F)(F)F.[Ca+2],,1.5,1.05,1,7.4,18,25,1.1,0,0,0
sufex_000892,892,0.33,33,C1CN2CCN1CC2,CNCCC1=NSC2=CC=CC=C12,COC1=CC=C(S(=O)(=O)F)C=C1,COC1=CC=C(S(=O)(=O)N(C)CCC2=NSC3=CC=CC=C23)C=C1,C1CCCO1,C(F)(F)(F)S(=O)(=O)[N-]S(=O)(=O)C(F)(F)F.C(F)(F)(F)S(=O)(=O)[N-]S(=O)(=O)C(F)(F)F.[Ca+2],,1.5,1.05,1,7.4,18,25,1.1,0,0,0
sufex_000893,893,0.35,35,C1CN2CCN1CC2,C1=CC2=C(C=C1)N(C1CCNCC1)N=N2,COC1=CC=C(S(=O)(=O)F)C=C1,COC1=CC=C(S(=O)(=O)N2CCC(N3N=NC4=C3C=CC=C4)CC2)C=C1,C1CCCO1,C(F)(F)(F)S(=O)(=O)[N-]S(=O)(=O)C(F)(F)F.C(F)(F)(F)S(=O)(=O)[N-]S(=O)(=O)C(F)(F)F.[Ca+2],,1.5,1.05,1,7.4,18,25,1.1,0,0,0
sufex_000894,894,0.37,37,C1CN2CCN1CC2,C1=CC2=CC=CC(OCC3CCNC3)=C2N=C1,COC1=CC=C(S(=O)(=O)F)C=C1,COC1=CC=C(S(=O)(=O)N2CCC(COC3=C4N=CC=CC4=CC=C3)C2)C=C1,C1CCCO1,C(F)(F)(F)S(=O)(=O)[N-]S(=O)(=O)C(F)(F)F.C(F)(F)(F)S(=O)(=O)[N-]S(=O)(=O)C(F)(F)F.[Ca+2],,1.5,1.05,1,7.4,18,25,1.1,0,0,0
sufex_000895,895,0.33,33,C1CN2CCN1CC2,C1=CN(CC2CCNCC2)N=C1,COC1=CC=C(S(=O)(=O)F)C=C1,COC1=CC=C(S(=O)(=O)N2CCC(CN3C=CC=N3)CC2)C=C1,C1CCCO1,C(F)(F)(F)S(=O)(=O)[N-]S(=O)(=O)C(F)(F)F.C(F)(F)(F)S(=O)(=O)[N-]S(=O)(=O)C(F)(F)F.[Ca+2],,1.5,1.05,1,7.4,18,25,1.1,0,0,0
sufex_000896,896,0.3,30,C1CN2CCN1CC2,CNCC1=CC(C2=CC=CC=N2)=NO1,COC1=CC=C(S(=O)(=O)F)C=C1,COC1=CC=C(S(=O)(=O)N(C)CC2=CC(C3=CC=CC=N3)=NO2)C=C1,C1CCCO1,C(F)(F)(F)S(=O)(=O)[N-]S(=O)(=O)C(F)(F)F.C(F)(F)(F)S(=O)(=O)[N-]S(=O)(=O)C(F)(F)F.[Ca+2],,1.5,1.05,1,7.4,18,25,1.1,0,0,0
sufex_000897,897,0.26,26,C1CN2CCN1CC2,CCCC1=NN=C2CNCCN12,COC1=CC=C(S(=O)(=O)F)C=C1,CCCC1=NN=C2CN(S(=O)(=O)C3=CC=C(OC)C=C3)CCN12,C1CCCO1,C(F)(F)(F)S(=O)(=O)[N-]S(=O)(=O)C(F)(F)F.C(F)(F)(F)S(=O)(=O)[N-]S(=O)(=O)C(F)(F)F.[Ca+2],,1.5,1.05,1,7.4,18,25,1.1,0,0,0
sufex_000898,898,0.18,18,C1CN2CCN1CC2,CN1C(CCN)=NC2=C1N=CC=C2,COC1=CC=C(S(=O)(=O)F)C=C1,COC1=CC=C(S(=O)(=O)NCCC2=NC3=C(N=CC=C3)N2C)C=C1,C1CCCO1,C(F)(F)(F)S(=O)(=O)[N-]S(=O)(=O)C(F)(F)F.C(F)(F)(F)S(=O)(=O)[N-]S(=O)(=O)C(F)(F)F.[Ca+2],,1.5,1.05,1,7.4,18,25,1.1,0,0,0
sufex_000899,899,0.43,43,C1CN2CCN1CC2,FC(F)(F)C1=CC=CC=C1O[C@H]1CCNC1,O=C(C1=CC=CC=C1)C1=CC=C(OS(=O)(=O)F)C=C1,O=C(C1=CC=CC=C1)C1=CC=C(OS(=O)(=O)N2CC[C@H](OC3=CC=CC=C3C(F)(F)F)C2)C=C1,C1CCCO1,C(F)(F)(F)S(=O)(=O)[N-]S(=O)(=O)C(F)(F)F.C(F)(F)(F)S(=O)(=O)[N-]S(=O)(=O)C(F)(F)F.[Ca+2],,1.5,1.05,1,7.4,18,25,1.1,0,0,0
sufex_000900,900,0.18,18,C1CN2CCN1CC2,CNCC1=CN=C2C=CC=CN12,O=C(C1=CC=CC=C1)C1=CC=C(OS(=O)(=O)F)C=C1,CN(CC1=CN=C2C=CC=CN12)S(=O)(=O)OC1=CC=C(C(=O)C2=CC=CC=C2)C=C1,C1CCCO1,C(F)(F)(F)S(=O)(=O)[N-]S(=O)(=O)C(F)(F)F.C(F)(F)(F)S(=O)(=O)[N-]S(=O)(=O)C(F)(F)F.[Ca+2],,1.5,1.05,1,7.4,18,25,1.1,0,0,0
sufex_000901,901,0,0,C1CN2CCN1CC2,OC1(C2=CC=CC=C2)CCNCC1,O=C(C1=CC=CC=C1)C1=CC=C(OS(=O)(=O)F)C=C1,O=C(C1=CC=CC=C1)C1=CC=C(OS(=O)(=O)N2CCC(O)(C3=CC=CC=C3)CC2)C=C1,C1CCCO1,C(F)(F)(F)S(=O)(=O)[N-]S(=O)(=O)C(F)(F)F.C(F)(F)(F)S(=O)(=O)[N-]S(=O)(=O)C(F)(F)F.[Ca+2],,1.5,1.05,1,7.4,18,25,1.1,0,0,0
sufex_000902,902,0.37,37,C1CN2CCN1CC2,CC1=NN=C2CCNCCN12,O=C(C1=CC=CC=C1)C1=CC=C(OS(=O)(=O)F)C=C1,CC1=NN=C2CCN(S(=O)(=O)OC3=CC=C(C(=O)C4=CC=CC=C4)C=C3)CCN12,C1CCCO1,C(F)(F)(F)S(=O)(=O)[N-]S(=O)(=O)C(F)(F)F.C(F)(F)(F)S(=O)(=O)[N-]S(=O)(=O)C(F)(F)F.[Ca+2],,1.5,1.05,1,7.4,18,25,1.1,0,0,0
sufex_000903,903,0,0,C1CN2CCN1CC2,CNCC1=NC2=C(C=CC=C2)O1,O=C(C1=CC=CC=C1)C1=CC=C(OS(=O)(=O)F)C=C1,CN(CC1=NC2=C(C=CC=C2)O1)S(=O)(=O)OC1=CC=C(C(=O)C2=CC=CC=C2)C=C1,C1CCCO1,C(F)(F)(F)S(=O)(=O)[N-]S(=O)(=O)C(F)(F)F.C(F)(F)(F)S(=O)(=O)[N-]S(=O)(=O)C(F)(F)F.[Ca+2],,1.5,1.05,1,7.4,18,25,1.1,0,0,0
sufex_000904,904,0.38,38,C1CN2CCN1CC2,C1(CN2CCNCC2)CCC1,O=C(C1=CC=CC=C1)C1=CC=C(OS(=O)(=O)F)C=C1,O=C(C1=CC=CC=C1)C1=CC=C(OS(=O)(=O)N2CCN(CC3CCC3)CC2)C=C1,C1CCCO1,C(F)(F)(F)S(=O)(=O)[N-]S(=O)(=O)C(F)(F)F.C(F)(F)(F)S(=O)(=O)[N-]S(=O)(=O)C(F)(F)F.[Ca+2],,1.5,1.05,1,7.4,18,25,1.1,0,0,0
sufex_000905,905,0.44,44,C1CN2CCN1CC2,COC1=C(C2CNCCO2)C=CC=C1,O=C(C1=CC=CC=C1)C1=CC=C(OS(=O)(=O)F)C=C1,COC1=C(C2CN(S(=O)(=O)OC3=CC=C(C(=O)C4=CC=CC=C4)C=C3)CCO2)C=CC=C1,C1CCCO1,C(F)(F)(F)S(=O)(=O)[N-]S(=O)(=O)C(F)(F)F.C(F)(F)(F)S(=O)(=O)[N-]S(=O)(=O)C(F)(F)F.[Ca+2],,1.5,1.05,1,7.4,18,25,1.1,0,0,0
sufex_000906,906,0,0,C1CN2CCN1CC2,NCC1=CN(CC2=CC=CC=C2)N=C1,O=C(C1=CC=CC=C1)C1=CC=C(OS(=O)(=O)F)C=C1,O=C(C1=CC=CC=C1)C1=CC=C(OS(=O)(=O)NCC2=CN(CC3=CC=CC=C3)N=C2)C=C1,C1CCCO1,C(F)(F)(F)S(=O)(=O)[N-]S(=O)(=O)C(F)(F)F.C(F)(F)(F)S(=O)(=O)[N-]S(=O)(=O)C(F)(F)F.[Ca+2],,1.5,1.05,1,7.4,18,25,1.1,0,0,0
sufex_000907,907,0.41,41,C1CN2CCN1CC2,N#CC1=C(O[C@H]2CCNC2)C=CC=C1,O=C(C1=CC=CC=C1)C1=CC=C(OS(=O)(=O)F)C=C1,N#CC1=C(O[C@H]2CCN(S(=O)(=O)OC3=CC=C(C(=O)C4=CC=CC=C4)C=C3)C2)C=CC=C1,C1CCCO1,C(F)(F)(F)S(=O)(=O)[N-]S(=O)(=O)C(F)(F)F.C(F)(F)(F)S(=O)(=O)[N-]S(=O)(=O)C(F)(F)F.[Ca+2],,1.5,1.05,1,7.4,18,25,1.1,0,0,0
sufex_000908,908,0.23,23,C1CN2CCN1CC2,COC1=CC2=C(CCNCC2)N=N1,O=C(C1=CC=CC=C1)C1=CC=C(OS(=O)(=O)F)C=C1,COC1=CC2=C(CCN(S(=O)(=O)OC3=CC=C(C(=O)C4=CC=CC=C4)C=C3)CC2)N=N1,C1CCCO1,C(F)(F)(F)S(=O)(=O)[N-]S(=O)(=O)C(F)(F)F.C(F)(F)(F)S(=O)(=O)[N-]S(=O)(=O)C(F)(F)F.[Ca+2],,1.5,1.05,1,7.4,18,25,1.1,0,0,0
sufex_000909,909,0.49,49,C1CN2CCN1CC2,CN1C=NN=C1C1CCNCC1,O=C(C1=CC=CC=C1)C1=CC=C(OS(=O)(=O)F)C=C1,CN1C=NN=C1C1CCN(S(=O)(=O)OC2=CC=C(C(=O)C3=CC=CC=C3)C=C2)CC1,C1CCCO1,C(F)(F)(F)S(=O)(=O)[N-]S(=O)(=O)C(F)(F)F.C(F)(F)(F)S(=O)(=O)[N-]S(=O)(=O)C(F)(F)F.[Ca+2],,1.5,1.05,1,7.4,18,25,1.1,0,0,0
sufex_000910,910,0.39,39,C1CN2CCN1CC2,N#CC1=CC=CC=C1OC1CCNCC1,O=C(C1=CC=CC=C1)C1=CC=C(OS(=O)(=O)F)C=C1,N#CC1=CC=CC=C1OC1CCN(S(=O)(=O)OC2=CC=C(C(=O)C3=CC=CC=C3)C=C2)CC1,C1CCCO1,C(F)(F)(F)S(=O)(=O)[N-]S(=O)(=O)C(F)(F)F.C(F)(F)(F)S(=O)(=O)[N-]S(=O)(=O)C(F)(F)F.[Ca+2],,1.5,1.05,1,7.4,18,25,1.1,0,0,0
sufex_000911,911,0,0,C1CN2CCN1CC2,NCCOCC1=CC=CC=C1,O=C(C1=CC=CC=C1)C1=CC=C(OS(=O)(=O)F)C=C1,O=C(C1=CC=CC=C1)C1=CC=C(OS(=O)(=O)NCCOCC2=CC=CC=C2)C=C1,C1CCCO1,C(F)(F)(F)S(=O)(=O)[N-]S(=O)(=O)C(F)(F)F.C(F)(F)(F)S(=O)(=O)[N-]S(=O)(=O)C(F)(F)F.[Ca+2],,1.5,1.05,1,7.4,18,25,1.1,0,0,0
sufex_000912,912,0,0,C1CN2CCN1CC2,NCCCN1C=CC=CC1=O,O=C(C1=CC=CC=C1)C1=CC=C(OS(=O)(=O)F)C=C1,O=C(C1=CC=CC=C1)C1=CC=C(OS(=O)(=O)NCCCN2C=CC=CC2=O)C=C1,C1CCCO1,C(F)(F)(F)S(=O)(=O)[N-]S(=O)(=O)C(F)(F)F.C(F)(F)(F)S(=O)(=O)[N-]S(=O)(=O)C(F)(F)F.[Ca+2],,1.5,1.05,1,7.4,18,25,1.1,0,0,0
sufex_000913,913,0.46,46,C1CN2CCN1CC2,FC1=CC=CC(Cl)=C1CN1CCNCC1,O=C(C1=CC=CC=C1)C1=CC=C(OS(=O)(=O)F)C=C1,O=C(C1=CC=CC=C1)C1=CC=C(OS(=O)(=O)N2CCN(CC3=C(Cl)C=CC=C3F)CC2)C=C1,C1CCCO1,C(F)(F)(F)S(=O)(=O)[N-]S(=O)(=O)C(F)(F)F.C(F)(F)(F)S(=O)(=O)[N-]S(=O)(=O)C(F)(F)F.[Ca+2],,1.5,1.05,1,7.4,18,25,1.1,0,0,0
sufex_000914,914,0,0,C1CN2CCN1CC2,COC1=NC=C2CNCCC2=N1,O=C(C1=CC=CC=C1)C1=CC=C(OS(=O)(=O)F)C=C1,COC1=NC=C2CN(S(=O)(=O)OC3=CC=C(C(=O)C4=CC=CC=C4)C=C3)CCC2=N1,C1CCCO1,C(F)(F)(F)S(=O)(=O)[N-]S(=O)(=O)C(F)(F)F.C(F)(F)(F)S(=O)(=O)[N-]S(=O)(=O)C(F)(F)F.[Ca+2],,1.5,1.05,1,7.4,18,25,1.1,0,0,0
sufex_000915,915,0.41,41,C1CN2CCN1CC2,CN1C=CN=C1CN1CCNCC1,O=C(C1=CC=CC=C1)C1=CC=C(OS(=O)(=O)F)C=C1,CN1C=CN=C1CN1CCN(S(=O)(=O)OC2=CC=C(C(=O)C3=CC=CC=C3)C=C2)CC1,C1CCCO1,C(F)(F)(F)S(=O)(=O)[N-]S(=O)(=O)C(F)(F)F.C(F)(F)(F)S(=O)(=O)[N-]S(=O)(=O)C(F)(F)F.[Ca+2],,1.5,1.05,1,7.4,18,25,1.1,0,0,0
sufex_000916,916,0,0,C1CN2CCN1CC2,NCC1=CC=C(N2C=CC=N2)C=C1,O=C(C1=CC=CC=C1)C1=CC=C(OS(=O)(=O)F)C=C1,O=C(C1=CC=CC=C1)C1=CC=C(OS(=O)(=O)NCC2=CC=C(N3C=CC=N3)C=C2)C=C1,C1CCCO1,C(F)(F)(F)S(=O)(=O)[N-]S(=O)(=O)C(F)(F)F.C(F)(F)(F)S(=O)(=O)[N-]S(=O)(=O)C(F)(F)F.[Ca+2],,1.5,1.05,1,7.4,18,25,1.1,0,0,0
sufex_000917,917,0.32,32,C1CN2CCN1CC2,OCC1(CC2=CC=CC=C2)CCNCC1,O=C(C1=CC=CC=C1)C1=CC=C(OS(=O)(=O)F)C=C1,O=C(C1=CC=CC=C1)C1=CC=C(OS(=O)(=O)N2CCC(CO)(CC3=CC=CC=C3)CC2)C=C1,C1CCCO1,C(F)(F)(F)S(=O)(=O)[N-]S(=O)(=O)C(F)(F)F.C(F)(F)(F)S(=O)(=O)[N-]S(=O)(=O)C(F)(F)F.[Ca+2],,1.5,1.05,1,7.4,18,25,1.1,0,0,0
sufex_000918,918,0.51,51,C1CN2CCN1CC2,CC1=NN2C(C3CCNCC3)=CC=NC2=C1,O=C(C1=CC=CC=C1)C1=CC=C(OS(=O)(=O)F)C=C1,CC1=NN2C(C3CCN(S(=O)(=O)OC4=CC=C(C(=O)C5=CC=CC=C5)C=C4)CC3)=CC=NC2=C1,C1CCCO1,C(F)(F)(F)S(=O)(=O)[N-]S(=O)(=O)C(F)(F)F.C(F)(F)(F)S(=O)(=O)[N-]S(=O)(=O)C(F)(F)F.[Ca+2],,1.5,1.05,1,7.4,18,25,1.1,0,0,0
sufex_000919,919,0.4,40,C1CN2CCN1CC2,C1=CC(COCC2CCNC2)=CN=C1,O=C(C1=CC=CC=C1)C1=CC=C(OS(=O)(=O)F)C=C1,O=C(C1=CC=CC=C1)C1=CC=C(OS(=O)(=O)N2CCC(COCC3=CN=CC=C3)C2)C=C1,C1CCCO1,C(F)(F)(F)S(=O)(=O)[N-]S(=O)(=O)C(F)(F)F.C(F)(F)(F)S(=O)(=O)[N-]S(=O)(=O)C(F)(F)F.[Ca+2],,1.5,1.05,1,7.4,18,25,1.1,0,0,0
sufex_000920,920,0.19,19,C1CN2CCN1CC2,CN(C)C1=NC2=C(C=N1)CNCC2,O=C(C1=CC=CC=C1)C1=CC=C(OS(=O)(=O)F)C=C1,CN(C)C1=NC2=C(C=N1)CN(S(=O)(=O)OC1=CC=C(C(=O)C3=CC=CC=C3)C=C1)CC2,C1CCCO1,C(F)(F)(F)S(=O)(=O)[N-]S(=O)(=O)C(F)(F)F.C(F)(F)(F)S(=O)(=O)[N-]S(=O)(=O)C(F)(F)F.[Ca+2],,1.5,1.05,1,7.4,18,25,1.1,0,0,0
sufex_000921,921,0,0,C1CN2CCN1CC2,CC1=CC=C2N=C(CCN)OC2=C1,O=C(C1=CC=CC=C1)C1=CC=C(OS(=O)(=O)F)C=C1,CC1=CC=C2N=C(CCNS(=O)(=O)OC3=CC=C(C(=O)C4=CC=CC=C4)C=C3)OC2=C1,C1CCCO1,C(F)(F)(F)S(=O)(=O)[N-]S(=O)(=O)C(F)(F)F.C(F)(F)(F)S(=O)(=O)[N-]S(=O)(=O)C(F)(F)F.[Ca+2],,1.5,1.05,1,7.4,18,25,1.1,0,0,0
sufex_000922,922,0.41,41,C1CN2CCN1CC2,C1=NC=C(CC2CCNC2)N=C1,O=C(C1=CC=CC=C1)C1=CC=C(OS(=O)(=O)F)C=C1,O=C(C1=CC=CC=C1)C1=CC=C(OS(=O)(=O)N2CCC(CC3=CN=CC=N3)C2)C=C1,C1CCCO1,C(F)(F)(F)S(=O)(=O)[N-]S(=O)(=O)C(F)(F)F.C(F)(F)(F)S(=O)(=O)[N-]S(=O)(=O)C(F)(F)F.[Ca+2],,1.5,1.05,1,7.4,18,25,1.1,0,0,0
sufex_000923,923,0.35,35,C1CN2CCN1CC2,BrC1=CC(C2CNCCO2)=CC=C1,O=C(C1=CC=CC=C1)C1=CC=C(OS(=O)(=O)F)C=C1,O=C(C1=CC=CC=C1)C1=CC=C(OS(=O)(=O)N2CCOC(C3=CC=CC(Br)=C3)C2)C=C1,C1CCCO1,C(F)(F)(F)S(=O)(=O)[N-]S(=O)(=O)C(F)(F)F.C(F)(F)(F)S(=O)(=O)[N-]S(=O)(=O)C(F)(F)F.[Ca+2],,1.5,1.05,1,7.4,18,25,1.1,0,0,0
sufex_000924,924,0,0,C1CN2CCN1CC2,CC1=CC2=NC(CCN)=CN2C=C1,O=C(C1=CC=CC=C1)C1=CC=C(OS(=O)(=O)F)C=C1,CC1=CC2=NC(CCNS(=O)(=O)OC3=CC=C(C(=O)C4=CC=CC=C4)C=C3)=CN2C=C1,C1CCCO1,C(F)(F)(F)S(=O)(=O)[N-]S(=O)(=O)C(F)(F)F.C(F)(F)(F)S(=O)(=O)[N-]S(=O)(=O)C(F)(F)F.[Ca+2],,1.5,1.05,1,7.4,18,25,1.1,0,0,0
sufex_000925,925,0.29,29,C1CN2CCN1CC2,CNCC1=NOC(C2CC2)=N1,O=C(C1=CC=CC=C1)C1=CC=C(OS(=O)(=O)F)C=C1,CN(CC1=NOC(C2CC2)=N1)S(=O)(=O)OC1=CC=C(C(=O)C2=CC=CC=C2)C=C1,C1CCCO1,C(F)(F)(F)S(=O)(=O)[N-]S(=O)(=O)C(F)(F)F.C(F)(F)(F)S(=O)(=O)[N-]S(=O)(=O)C(F)(F)F.[Ca+2],,1.5,1.05,1,7.4,18,25,1.1,0,0,0
sufex_000926,926,0,0,C1CN2CCN1CC2,NCCCN1N=CC2=CC=CC=C21,O=C(C1=CC=CC=C1)C1=CC=C(OS(=O)(=O)F)C=C1,O=C(C1=CC=CC=C1)C1=CC=C(OS(=O)(=O)NCCCN2N=CC3=CC=CC=C32)C=C1,C1CCCO1,C(F)(F)(F)S(=O)(=O)[N-]S(=O)(=O)C(F)(F)F.C(F)(F)(F)S(=O)(=O)[N-]S(=O)(=O)C(F)(F)F.[Ca+2],,1.5,1.05,1,7.4,18,25,1.1,0,0,0
sufex_000927,927,0,0,C1CN2CCN1CC2,NCC1=CC=CC=C1OC(F)F,O=C(C1=CC=CC=C1)C1=CC=C(OS(=O)(=O)F)C=C1,O=C(C1=CC=CC=C1)C1=CC=C(OS(=O)(=O)NCC2=CC=CC=C2OC(F)F)C=C1,C1CCCO1,C(F)(F)(F)S(=O)(=O)[N-]S(=O)(=O)C(F)(F)F.C(F)(F)(F)S(=O)(=O)[N-]S(=O)(=O)C(F)(F)F.[Ca+2],,1.5,1.05,1,7.4,18,25,1.1,0,0,0
sufex_000928,928,0,0,C1CN2CCN1CC2,NCCC1=NC2=CC(Cl)=CC=C2O1,O=C(C1=CC=CC=C1)C1=CC=C(OS(=O)(=O)F)C=C1,O=C(C1=CC=CC=C1)C1=CC=C(OS(=O)(=O)NCCC2=NC3=CC(Cl)=CC=C3O2)C=C1,C1CCCO1,C(F)(F)(F)S(=O)(=O)[N-]S(=O)(=O)C(F)(F)F.C(F)(F)(F)S(=O)(=O)[N-]S(=O)(=O)C(F)(F)F.[Ca+2],,1.5,1.05,1,7.4,18,25,1.1,0,0,0
sufex_000929,929,0.48,48,C1CN2CCN1CC2,CC1=NOC(C2CCCN2)=C1,O=C(C1=CC=CC=C1)C1=CC=C(OS(=O)(=O)F)C=C1,CC1=NOC(C2CCCN2S(=O)(=O)OC2=CC=C(C(=O)C3=CC=CC=C3)C=C2)=C1,C1CCCO1,C(F)(F)(F)S(=O)(=O)[N-]S(=O)(=O)C(F)(F)F.C(F)(F)(F)S(=O)(=O)[N-]S(=O)(=O)C(F)(F)F.[Ca+2],,1.5,1.05,1,7.4,18,25,1.1,0,0,0
sufex_000930,930,0,0,C1CN2CCN1CC2,COC1=CC=C(C2(CN)CC2)C=C1,O=C(C1=CC=CC=C1)C1=CC=C(OS(=O)(=O)F)C=C1,COC1=CC=C(C2(CNS(=O)(=O)OC3=CC=C(C(=O)C4=CC=CC=C4)C=C3)CC2)C=C1,C1CCCO1,C(F)(F)(F)S(=O)(=O)[N-]S(=O)(=O)C(F)(F)F.C(F)(F)(F)S(=O)(=O)[N-]S(=O)(=O)C(F)(F)F.[Ca+2],,1.5,1.05,1,7.4,18,25,1.1,0,0,0
sufex_000931,931,0.35,35,C1CN2CCN1CC2,C1COC(C2=NOC(C3CC3)=N2)CN1,O=C(C1=CC=CC=C1)C1=CC=C(OS(=O)(=O)F)C=C1,O=C(C1=CC=CC=C1)C1=CC=C(OS(=O)(=O)N2CCOC(C3=NOC(C4CC4)=N3)C2)C=C1,C1CCCO1,C(F)(F)(F)S(=O)(=O)[N-]S(=O)(=O)C(F)(F)F.C(F)(F)(F)S(=O)(=O)[N-]S(=O)(=O)C(F)(F)F.[Ca+2],,1.5,1.05,1,7.4,18,25,1.1,0,0,0
sufex_000932,932,0.37,37,C1CN2CCN1CC2,C1=CC=C(CN2CCC3(CCNC3)C2)C=C1,O=C(C1=CC=CC=C1)C1=CC=C(OS(=O)(=O)F)C=C1,O=C(C1=CC=CC=C1)C1=CC=C(OS(=O)(=O)N2CCC3(CCN(CC4=CC=CC=C4)C3)C2)C=C1,C1CCCO1,C(F)(F)(F)S(=O)(=O)[N-]S(=O)(=O)C(F)(F)F.C(F)(F)(F)S(=O)(=O)[N-]S(=O)(=O)C(F)(F)F.[Ca+2],,1.5,1.05,1,7.4,18,25,1.1,0,0,0
sufex_000933,933,0,0,C1CN2CCN1CC2,N[C@@H]1COC[C@@H]1C2=CC=C(C=C2)F,O=C(C1=CC=CC=C1)C1=CC=C(OS(=O)(=O)F)C=C1,O=C(C1=CC=CC=C1)C1=CC=C(OS(=O)(=O)N[C@@H]2COC[C@@H]2C2=CC=C(F)C=C2)C=C1,C1CCCO1,C(F)(F)(F)S(=O)(=O)[N-]S(=O)(=O)C(F)(F)F.C(F)(F)(F)S(=O)(=O)[N-]S(=O)(=O)C(F)(F)F.[Ca+2],,1.5,1.05,1,7.4,18,25,1.1,0,0,0
sufex_000934,934,0,0,C1CN2CCN1CC2,N[C@@H]1CCN(CC2=CC=CC=N2)C1,O=C(C1=CC=CC=C1)C1=CC=C(OS(=O)(=O)F)C=C1,O=C(C1=CC=CC=C1)C1=CC=C(OS(=O)(=O)N[C@@H]2CCN(CC3=CC=CC=N3)C2)C=C1,C1CCCO1,C(F)(F)(F)S(=O)(=O)[N-]S(=O)(=O)C(F)(F)F.C(F)(F)(F)S(=O)(=O)[N-]S(=O)(=O)C(F)(F)F.[Ca+2],,1.5,1.05,1,7.4,18,25,1.1,0,0,0
sufex_000935,935,0.41,41,C1CN2CCN1CC2,CC1=NC2=C(CNCC2)S1,O=C(C1=CC=CC=C1)C1=CC=C(OS(=O)(=O)F)C=C1,CC1=NC2=C(CN(S(=O)(=O)OC3=CC=C(C(=O)C4=CC=CC=C4)C=C3)CC2)S1,C1CCCO1,C(F)(F)(F)S(=O)(=O)[N-]S(=O)(=O)C(F)(F)F.C(F)(F)(F)S(=O)(=O)[N-]S(=O)(=O)C(F)(F)F.[Ca+2],,1.5,1.05,1,7.4,18,25,1.1,0,0,0
sufex_000936,936,0.35,35,C1CN2CCN1CC2,CNCCC1=NSC2=CC=CC=C12,O=C(C1=CC=CC=C1)C1=CC=C(OS(=O)(=O)F)C=C1,CN(CCC1=NSC2=CC=CC=C12)S(=O)(=O)OC1=CC=C(C(=O)C2=CC=CC=C2)C=C1,C1CCCO1,C(F)(F)(F)S(=O)(=O)[N-]S(=O)(=O)C(F)(F)F.C(F)(F)(F)S(=O)(=O)[N-]S(=O)(=O)C(F)(F)F.[Ca+2],,1.5,1.05,1,7.4,18,25,1.1,0,0,0
sufex_000937,937,0.43,43,C1CN2CCN1CC2,C1=CC2=C(C=C1)N(C1CCNCC1)N=N2,O=C(C1=CC=CC=C1)C1=CC=C(OS(=O)(=O)F)C=C1,O=C(C1=CC=CC=C1)C1=CC=C(OS(=O)(=O)N2CCC(N3N=NC4=C3C=CC=C4)CC2)C=C1,C1CCCO1,C(F)(F)(F)S(=O)(=O)[N-]S(=O)(=O)C(F)(F)F.C(F)(F)(F)S(=O)(=O)[N-]S(=O)(=O)C(F)(F)F.[Ca+2],,1.5,1.05,1,7.4,18,25,1.1,0,0,0
sufex_000938,938,0.41,41,C1CN2CCN1CC2,C1=CC2=CC=CC(OCC3CCNC3)=C2N=C1,O=C(C1=CC=CC=C1)C1=CC=C(OS(=O)(=O)F)C=C1,O=C(C1=CC=CC=C1)C1=CC=C(OS(=O)(=O)N2CCC(COC3=C4N=CC=CC4=CC=C3)C2)C=C1,C1CCCO1,C(F)(F)(F)S(=O)(=O)[N-]S(=O)(=O)C(F)(F)F.C(F)(F)(F)S(=O)(=O)[N-]S(=O)(=O)C(F)(F)F.[Ca+2],,1.5,1.05,1,7.4,18,25,1.1,0,0,0
sufex_000939,939,0.47,47,C1CN2CCN1CC2,C1=CN(CC2CCNCC2)N=C1,O=C(C1=CC=CC=C1)C1=CC=C(OS(=O)(=O)F)C=C1,O=C(C1=CC=CC=C1)C1=CC=C(OS(=O)(=O)N2CCC(CN3C=CC=N3)CC2)C=C1,C1CCCO1,C(F)(F)(F)S(=O)(=O)[N-]S(=O)(=O)C(F)(F)F.C(F)(F)(F)S(=O)(=O)[N-]S(=O)(=O)C(F)(F)F.[Ca+2],,1.5,1.05,1,7.4,18,25,1.1,0,0,0
sufex_000940,940,0.24,24,C1CN2CCN1CC2,CNCC1=CC(C2=CC=CC=N2)=NO1,O=C(C1=CC=CC=C1)C1=CC=C(OS(=O)(=O)F)C=C1,CN(CC1=CC(C2=CC=CC=N2)=NO1)S(=O)(=O)OC1=CC=C(C(=O)C2=CC=CC=C2)C=C1,C1CCCO1,C(F)(F)(F)S(=O)(=O)[N-]S(=O)(=O)C(F)(F)F.C(F)(F)(F)S(=O)(=O)[N-]S(=O)(=O)C(F)(F)F.[Ca+2],,1.5,1.05,1,7.4,18,25,1.1,0,0,0
sufex_000941,941,0,0,C1CN2CCN1CC2,CN1C(CCN)=NC2=C1N=CC=C2,O=C(C1=CC=CC=C1)C1=CC=C(OS(=O)(=O)F)C=C1,CN1C(CCNS(=O)(=O)OC2=CC=C(C(=O)C3=CC=CC=C3)C=C2)=NC2=C1N=CC=C2,C1CCCO1,C(F)(F)(F)S(=O)(=O)[N-]S(=O)(=O)C(F)(F)F.C(F)(F)(F)S(=O)(=O)[N-]S(=O)(=O)C(F)(F)F.[Ca+2],,1.5,1.05,1,7.4,18,25,1.1,0,0,0
sufex_000942,942,0.28,28,C1CN2CCN1CC2,FC(F)(F)C1=CC=CC=C1O[C@H]1CCNC1,O=S(=O)(F)N1CCN(C2=CC=CC(C(F)(F)F)=N2)CC1,O=S(=O)(N1CCN(C2=CC=CC(C(F)(F)F)=N2)CC1)N1CC[C@H](OC2=CC=CC=C2C(F)(F)F)C1,C1CCCO1,C(F)(F)(F)S(=O)(=O)[N-]S(=O)(=O)C(F)(F)F.C(F)(F)(F)S(=O)(=O)[N-]S(=O)(=O)C(F)(F)F.[Ca+2],,1.5,1.05,1,7.4,18,25,1.1,0,0,0
sufex_000943,943,0.21,21,C1CN2CCN1CC2,CNCC1=CN=C2C=CC=CN12,O=S(=O)(F)N1CCN(C2=CC=CC(C(F)(F)F)=N2)CC1,CN(CC1=CN=C2C=CC=CN12)S(=O)(=O)N1CCN(C2=CC=CC(C(F)(F)F)=N2)CC1,C1CCCO1,C(F)(F)(F)S(=O)(=O)[N-]S(=O)(=O)C(F)(F)F.C(F)(F)(F)S(=O)(=O)[N-]S(=O)(=O)C(F)(F)F.[Ca+2],,1.5,1.05,1,7.4,18,25,1.1,0,0,0
sufex_000944,944,0.43,43,C1CN2CCN1CC2,CC1=NN=C2CCNCCN12,O=S(=O)(F)N1CCN(C2=CC=CC(C(F)(F)F)=N2)CC1,CC1=NN=C2CCN(S(=O)(=O)N3CCN(C4=CC=CC(C(F)(F)F)=N4)CC3)CCN12,C1CCCO1,C(F)(F)(F)S(=O)(=O)[N-]S(=O)(=O)C(F)(F)F.C(F)(F)(F)S(=O)(=O)[N-]S(=O)(=O)C(F)(F)F.[Ca+2],,1.5,1.05,1,7.4,18,25,1.1,0,0,0
sufex_000945,945,0,0,C1CN2CCN1CC2,CNCC1=NC2=C(C=CC=C2)O1,O=S(=O)(F)N1CCN(C2=CC=CC(C(F)(F)F)=N2)CC1,CN(CC1=NC2=C(C=CC=C2)O1)S(=O)(=O)N1CCN(C2=CC=CC(C(F)(F)F)=N2)CC1,C1CCCO1,C(F)(F)(F)S(=O)(=O)[N-]S(=O)(=O)C(F)(F)F.C(F)(F)(F)S(=O)(=O)[N-]S(=O)(=O)C(F)(F)F.[Ca+2],,1.5,1.05,1,7.4,18,25,1.1,0,0,0
sufex_000946,946,0.36,36,C1CN2CCN1CC2,C1(CN2CCNCC2)CCC1,O=S(=O)(F)N1CCN(C2=CC=CC(C(F)(F)F)=N2)CC1,O=S(=O)(N1CCN(CC2CCC2)CC1)N1CCN(C2=CC=CC(C(F)(F)F)=N2)CC1,C1CCCO1,C(F)(F)(F)S(=O)(=O)[N-]S(=O)(=O)C(F)(F)F.C(F)(F)(F)S(=O)(=O)[N-]S(=O)(=O)C(F)(F)F.[Ca+2],,1.5,1.05,1,7.4,18,25,1.1,0,0,0
sufex_000947,947,0.42,42,C1CN2CCN1CC2,COC1=C(C2CNCCO2)C=CC=C1,O=S(=O)(F)N1CCN(C2=CC=CC(C(F)(F)F)=N2)CC1,COC1=C(C2CN(S(=O)(=O)N3CCN(C4=CC=CC(C(F)(F)F)=N4)CC3)CCO2)C=CC=C1,C1CCCO1,C(F)(F)(F)S(=O)(=O)[N-]S(=O)(=O)C(F)(F)F.C(F)(F)(F)S(=O)(=O)[N-]S(=O)(=O)C(F)(F)F.[Ca+2],,1.5,1.05,1,7.4,18,25,1.1,0,0,0
sufex_000948,948,0.34,34,C1CN2CCN1CC2,N#CC1=C(O[C@H]2CCNC2)C=CC=C1,O=S(=O)(F)N1CCN(C2=CC=CC(C(F)(F)F)=N2)CC1,N#CC1=C(O[C@H]2CCN(S(=O)(=O)N3CCN(C4=CC=CC(C(F)(F)F)=N4)CC3)C2)C=CC=C1,C1CCCO1,C(F)(F)(F)S(=O)(=O)[N-]S(=O)(=O)C(F)(F)F.C(F)(F)(F)S(=O)(=O)[N-]S(=O)(=O)C(F)(F)F.[Ca+2],,1.5,1.05,1,7.4,18,25,1.1,0,0,0
sufex_000949,949,0.24,24,C1CN2CCN1CC2,COC1=CC2=C(CCNCC2)N=N1,O=S(=O)(F)N1CCN(C2=CC=CC(C(F)(F)F)=N2)CC1,COC1=CC2=C(CCN(S(=O)(=O)N3CCN(C4=CC=CC(C(F)(F)F)=N4)CC3)CC2)N=N1,C1CCCO1,C(F)(F)(F)S(=O)(=O)[N-]S(=O)(=O)C(F)(F)F.C(F)(F)(F)S(=O)(=O)[N-]S(=O)(=O)C(F)(F)F.[Ca+2],,1.5,1.05,1,7.4,18,25,1.1,0,0,0
sufex_000950,950,0.26,26,C1CN2CCN1CC2,CN1C=NN=C1C1CCNCC1,O=S(=O)(F)N1CCN(C2=CC=CC(C(F)(F)F)=N2)CC1,CN1C=NN=C1C1CCN(S(=O)(=O)N2CCN(C3=CC=CC(C(F)(F)F)=N3)CC2)CC1,C1CCCO1,C(F)(F)(F)S(=O)(=O)[N-]S(=O)(=O)C(F)(F)F.C(F)(F)(F)S(=O)(=O)[N-]S(=O)(=O)C(F)(F)F.[Ca+2],,1.5,1.05,1,7.4,18,25,1.1,0,0,0
sufex_000951,951,0.43,43,C1CN2CCN1CC2,N#CC1=CC=CC=C1OC1CCNCC1,O=S(=O)(F)N1CCN(C2=CC=CC(C(F)(F)F)=N2)CC1,N#CC1=CC=CC=C1OC1CCN(S(=O)(=O)N2CCN(C3=CC=CC(C(F)(F)F)=N3)CC2)CC1,C1CCCO1,C(F)(F)(F)S(=O)(=O)[N-]S(=O)(=O)C(F)(F)F.C(F)(F)(F)S(=O)(=O)[N-]S(=O)(=O)C(F)(F)F.[Ca+2],,1.5,1.05,1,7.4,18,25,1.1,0,0,0
sufex_000952,952,0.34,34,C1CN2CCN1CC2,NCCOCC1=CC=CC=C1,O=S(=O)(F)N1CCN(C2=CC=CC(C(F)(F)F)=N2)CC1,O=S(=O)(NCCOCC1=CC=CC=C1)N1CCN(C2=CC=CC(C(F)(F)F)=N2)CC1,C1CCCO1,C(F)(F)(F)S(=O)(=O)[N-]S(=O)(=O)C(F)(F)F.C(F)(F)(F)S(=O)(=O)[N-]S(=O)(=O)C(F)(F)F.[Ca+2],,1.5,1.05,1,7.4,18,25,1.1,0,0,0
sufex_000953,953,0.25,25,C1CN2CCN1CC2,NCCCN1C=CC=CC1=O,O=S(=O)(F)N1CCN(C2=CC=CC(C(F)(F)F)=N2)CC1,O=C1C=CC=CN1CCCNS(=O)(=O)N1CCN(C2=CC=CC(C(F)(F)F)=N2)CC1,C1CCCO1,C(F)(F)(F)S(=O)(=O)[N-]S(=O)(=O)C(F)(F)F.C(F)(F)(F)S(=O)(=O)[N-]S(=O)(=O)C(F)(F)F.[Ca+2],,1.5,1.05,1,7.4,18,25,1.1,0,0,0
sufex_000954,954,0.63,63,C1CN2CCN1CC2,FC1=CC=CC(Cl)=C1CN1CCNCC1,O=S(=O)(F)N1CCN(C2=CC=CC(C(F)(F)F)=N2)CC1,O=S(=O)(N1CCN(CC2=C(Cl)C=CC=C2F)CC1)N1CCN(C2=CC=CC(C(F)(F)F)=N2)CC1,C1CCCO1,C(F)(F)(F)S(=O)(=O)[N-]S(=O)(=O)C(F)(F)F.C(F)(F)(F)S(=O)(=O)[N-]S(=O)(=O)C(F)(F)F.[Ca+2],,1.5,1.05,1,7.4,18,25,1.1,0,0,0
sufex_000955,955,0.4,40,C1CN2CCN1CC2,CN1C=CN=C1CN1CCNCC1,O=S(=O)(F)N1CCN(C2=CC=CC(C(F)(F)F)=N2)CC1,CN1C=CN=C1CN1CCN(S(=O)(=O)N2CCN(C3=CC=CC(C(F)(F)F)=N3)CC2)CC1,C1CCCO1,C(F)(F)(F)S(=O)(=O)[N-]S(=O)(=O)C(F)(F)F.C(F)(F)(F)S(=O)(=O)[N-]S(=O)(=O)C(F)(F)F.[Ca+2],,1.5,1.05,1,7.4,18,25,1.1,0,0,0
sufex_000956,956,0.32,32,C1CN2CCN1CC2,NCC1=CC=C(N2C=CC=N2)C=C1,O=S(=O)(F)N1CCN(C2=CC=CC(C(F)(F)F)=N2)CC1,O=S(=O)(NCC1=CC=C(N2C=CC=N2)C=C1)N1CCN(C2=CC=CC(C(F)(F)F)=N2)CC1,C1CCCO1,C(F)(F)(F)S(=O)(=O)[N-]S(=O)(=O)C(F)(F)F.C(F)(F)(F)S(=O)(=O)[N-]S(=O)(=O)C(F)(F)F.[Ca+2],,1.5,1.05,1,7.4,18,25,1.1,0,0,0
sufex_000957,957,0.32,32,C1CN2CCN1CC2,OCC1(CC2=CC=CC=C2)CCNCC1,O=S(=O)(F)N1CCN(C2=CC=CC(C(F)(F)F)=N2)CC1,O=S(=O)(N1CCN(C2=CC=CC(C(F)(F)F)=N2)CC1)N1CCC(CO)(CC2=CC=CC=C2)CC1,C1CCCO1,C(F)(F)(F)S(=O)(=O)[N-]S(=O)(=O)C(F)(F)F.C(F)(F)(F)S(=O)(=O)[N-]S(=O)(=O)C(F)(F)F.[Ca+2],,1.5,1.05,1,7.4,18,25,1.1,0,0,0
sufex_000958,958,0.66,66,C1CN2CCN1CC2,CC1=NN2C(C3CCNCC3)=CC=NC2=C1,O=S(=O)(F)N1CCN(C2=CC=CC(C(F)(F)F)=N2)CC1,CC1=NN2C(C3CCN(S(=O)(=O)N4CCN(C5=CC=CC(C(F)(F)F)=N5)CC4)CC3)=CC=NC2=C1,C1CCCO1,C(F)(F)(F)S(=O)(=O)[N-]S(=O)(=O)C(F)(F)F.C(F)(F)(F)S(=O)(=O)[N-]S(=O)(=O)C(F)(F)F.[Ca+2],,1.5,1.05,1,7.4,18,25,1.1,0,0,0
sufex_000959,959,0.45,45,C1CN2CCN1CC2,C1=CC(COCC2CCNC2)=CN=C1,O=S(=O)(F)N1CCN(C2=CC=CC(C(F)(F)F)=N2)CC1,O=S(=O)(N1CCN(C2=CC=CC(C(F)(F)F)=N2)CC1)N1CCC(COCC2=CN=CC=C2)C1,C1CCCO1,C(F)(F)(F)S(=O)(=O)[N-]S(=O)(=O)C(F)(F)F.C(F)(F)(F)S(=O)(=O)[N-]S(=O)(=O)C(F)(F)F.[Ca+2],,1.5,1.05,1,7.4,18,25,1.1,0,0,0
sufex_000960,960,0.1,10,C1CN2CCN1CC2,CN(C)C1=NC2=C(C=N1)CNCC2,O=S(=O)(F)N1CCN(C2=CC=CC(C(F)(F)F)=N2)CC1,CN(C)C1=NC2=C(C=N1)CN(S(=O)(=O)N1CCN(C3=CC=CC(C(F)(F)F)=N3)CC1)CC2,C1CCCO1,C(F)(F)(F)S(=O)(=O)[N-]S(=O)(=O)C(F)(F)F.C(F)(F)(F)S(=O)(=O)[N-]S(=O)(=O)C(F)(F)F.[Ca+2],,1.5,1.05,1,7.4,18,25,1.1,0,0,0
sufex_000961,961,0,0,C1CN2CCN1CC2,CC1=CC=C2N=C(CCN)OC2=C1,O=S(=O)(F)N1CCN(C2=CC=CC(C(F)(F)F)=N2)CC1,CC1=CC=C2N=C(CCNS(=O)(=O)N3CCN(C4=CC=CC(C(F)(F)F)=N4)CC3)OC2=C1,C1CCCO1,C(F)(F)(F)S(=O)(=O)[N-]S(=O)(=O)C(F)(F)F.C(F)(F)(F)S(=O)(=O)[N-]S(=O)(=O)C(F)(F)F.[Ca+2],,1.5,1.05,1,7.4,18,25,1.1,0,0,0
sufex_000962,962,0.48,48,C1CN2CCN1CC2,C1=NC=C(CC2CCNC2)N=C1,O=S(=O)(F)N1CCN(C2=CC=CC(C(F)(F)F)=N2)CC1,O=S(=O)(N1CCN(C2=CC=CC(C(F)(F)F)=N2)CC1)N1CCC(CC2=CN=CC=N2)C1,C1CCCO1,C(F)(F)(F)S(=O)(=O)[N-]S(=O)(=O)C(F)(F)F.C(F)(F)(F)S(=O)(=O)[N-]S(=O)(=O)C(F)(F)F.[Ca+2],,1.5,1.05,1,7.4,18,25,1.1,0,0,0
sufex_000963,963,0.43,43,C1CN2CCN1CC2,BrC1=CC(C2CNCCO2)=CC=C1,O=S(=O)(F)N1CCN(C2=CC=CC(C(F)(F)F)=N2)CC1,O=S(=O)(N1CCN(C2=CC=CC(C(F)(F)F)=N2)CC1)N1CCOC(C2=CC=CC(Br)=C2)C1,C1CCCO1,C(F)(F)(F)S(=O)(=O)[N-]S(=O)(=O)C(F)(F)F.C(F)(F)(F)S(=O)(=O)[N-]S(=O)(=O)C(F)(F)F.[Ca+2],,1.5,1.05,1,7.4,18,25,1.1,0,0,0
sufex_000964,964,0.25,25,C1CN2CCN1CC2,CC1=CC2=NC(CCN)=CN2C=C1,O=S(=O)(F)N1CCN(C2=CC=CC(C(F)(F)F)=N2)CC1,CC1=CC2=NC(CCNS(=O)(=O)N3CCN(C4=CC=CC(C(F)(F)F)=N4)CC3)=CN2C=C1,C1CCCO1,C(F)(F)(F)S(=O)(=O)[N-]S(=O)(=O)C(F)(F)F.C(F)(F)(F)S(=O)(=O)[N-]S(=O)(=O)C(F)(F)F.[Ca+2],,1.5,1.05,1,7.4,18,25,1.1,0,0,0
sufex_000965,965,0.48,48,C1CN2CCN1CC2,CNCC1=NOC(C2CC2)=N1,O=S(=O)(F)N1CCN(C2=CC=CC(C(F)(F)F)=N2)CC1,CN(CC1=NOC(C2CC2)=N1)S(=O)(=O)N1CCN(C2=CC=CC(C(F)(F)F)=N2)CC1,C1CCCO1,C(F)(F)(F)S(=O)(=O)[N-]S(=O)(=O)C(F)(F)F.C(F)(F)(F)S(=O)(=O)[N-]S(=O)(=O)C(F)(F)F.[Ca+2],,1.5,1.05,1,7.4,18,25,1.1,0,0,0
sufex_000966,966,0.19,19,C1CN2CCN1CC2,NCCCN1N=CC2=CC=CC=C21,O=S(=O)(F)N1CCN(C2=CC=CC(C(F)(F)F)=N2)CC1,O=S(=O)(NCCCN1N=CC2=CC=CC=C21)N1CCN(C2=CC=CC(C(F)(F)F)=N2)CC1,C1CCCO1,C(F)(F)(F)S(=O)(=O)[N-]S(=O)(=O)C(F)(F)F.C(F)(F)(F)S(=O)(=O)[N-]S(=O)(=O)C(F)(F)F.[Ca+2],,1.5,1.05,1,7.4,18,25,1.1,0,0,0
sufex_000967,967,0.6,60,C1CN2CCN1CC2,NCC1=CC=CC=C1OC(F)F,O=S(=O)(F)N1CCN(C2=CC=CC(C(F)(F)F)=N2)CC1,O=S(=O)(NCC1=CC=CC=C1OC(F)F)N1CCN(C2=CC=CC(C(F)(F)F)=N2)CC1,C1CCCO1,C(F)(F)(F)S(=O)(=O)[N-]S(=O)(=O)C(F)(F)F.C(F)(F)(F)S(=O)(=O)[N-]S(=O)(=O)C(F)(F)F.[Ca+2],,1.5,1.05,1,7.4,18,25,1.1,0,0,0
sufex_000968,968,0.17,17,C1CN2CCN1CC2,NCCC1=NC2=CC(Cl)=CC=C2O1,O=S(=O)(F)N1CCN(C2=CC=CC(C(F)(F)F)=N2)CC1,O=S(=O)(NCCC1=NC2=CC(Cl)=CC=C2O1)N1CCN(C2=CC=CC(C(F)(F)F)=N2)CC1,C1CCCO1,C(F)(F)(F)S(=O)(=O)[N-]S(=O)(=O)C(F)(F)F.C(F)(F)(F)S(=O)(=O)[N-]S(=O)(=O)C(F)(F)F.[Ca+2],,1.5,1.05,1,7.4,18,25,1.1,0,0,0
sufex_000969,969,0.56,56,C1CN2CCN1CC2,CC1=NOC(C2CCCN2)=C1,O=S(=O)(F)N1CCN(C2=CC=CC(C(F)(F)F)=N2)CC1,CC1=NOC(C2CCCN2S(=O)(=O)N2CCN(C3=CC=CC(C(F)(F)F)=N3)CC2)=C1,C1CCCO1,C(F)(F)(F)S(=O)(=O)[N-]S(=O)(=O)C(F)(F)F.C(F)(F)(F)S(=O)(=O)[N-]S(=O)(=O)C(F)(F)F.[Ca+2],,1.5,1.05,1,7.4,18,25,1.1,0,0,0
sufex_000970,970,0.31,31,C1CN2CCN1CC2,COC1=CC=C(C2(CN)CC2)C=C1,O=S(=O)(F)N1CCN(C2=CC=CC(C(F)(F)F)=N2)CC1,COC1=CC=C(C2(CNS(=O)(=O)N3CCN(C4=CC=CC(C(F)(F)F)=N4)CC3)CC2)C=C1,C1CCCO1,C(F)(F)(F)S(=O)(=O)[N-]S(=O)(=O)C(F)(F)F.C(F)(F)(F)S(=O)(=O)[N-]S(=O)(=O)C(F)(F)F.[Ca+2],,1.5,1.05,1,7.4,18,25,1.1,0,0,0
sufex_000971,971,0.24,24,C1CN2CCN1CC2,C1COC(C2=NOC(C3CC3)=N2)CN1,O=S(=O)(F)N1CCN(C2=CC=CC(C(F)(F)F)=N2)CC1,O=S(=O)(N1CCN(C2=CC=CC(C(F)(F)F)=N2)CC1)N1CCOC(C2=NOC(C3CC3)=N2)C1,C1CCCO1,C(F)(F)(F)S(=O)(=O)[N-]S(=O)(=O)C(F)(F)F.C(F)(F)(F)S(=O)(=O)[N-]S(=O)(=O)C(F)(F)F.[Ca+2],,1.5,1.05,1,7.4,18,25,1.1,0,0,0
sufex_000972,972,0.47,47,C1CN2CCN1CC2,C1=CC=C(CN2CCC3(CCNC3)C2)C=C1,O=S(=O)(F)N1CCN(C2=CC=CC(C(F)(F)F)=N2)CC1,O=S(=O)(N1CCN(C2=CC=CC(C(F)(F)F)=N2)CC1)N1CCC2(CCN(CC3=CC=CC=C3)C2)C1,C1CCCO1,C(F)(F)(F)S(=O)(=O)[N-]S(=O)(=O)C(F)(F)F.C(F)(F)(F)S(=O)(=O)[N-]S(=O)(=O)C(F)(F)F.[Ca+2],,1.5,1.05,1,7.4,18,25,1.1,0,0,0
sufex_000973,973,0.33,33,C1CN2CCN1CC2,N[C@@H]1COC[C@@H]1C2=CC=C(C=C2)F,O=S(=O)(F)N1CCN(C2=CC=CC(C(F)(F)F)=N2)CC1,O=S(=O)(N[C@@H]1COC[C@@H]1C1=CC=C(F)C=C1)N1CCN(C2=CC=CC(C(F)(F)F)=N2)CC1,C1CCCO1,C(F)(F)(F)S(=O)(=O)[N-]S(=O)(=O)C(F)(F)F.C(F)(F)(F)S(=O)(=O)[N-]S(=O)(=O)C(F)(F)F.[Ca+2],,1.5,1.05,1,7.4,18,25,1.1,0,0,0
sufex_000974,974,0.22,22,C1CN2CCN1CC2,N[C@@H]1CCN(CC2=CC=CC=N2)C1,O=S(=O)(F)N1CCN(C2=CC=CC(C(F)(F)F)=N2)CC1,O=S(=O)(N[C@@H]1CCN(CC2=CC=CC=N2)C1)N1CCN(C2=CC=CC(C(F)(F)F)=N2)CC1,C1CCCO1,C(F)(F)(F)S(=O)(=O)[N-]S(=O)(=O)C(F)(F)F.C(F)(F)(F)S(=O)(=O)[N-]S(=O)(=O)C(F)(F)F.[Ca+2],,1.5,1.05,1,7.4,18,25,1.1,0,0,0
sufex_000975,975,0.53,53,C1CN2CCN1CC2,CC1=NC2=C(CNCC2)S1,O=S(=O)(F)N1CCN(C2=CC=CC(C(F)(F)F)=N2)CC1,CC1=NC2=C(CN(S(=O)(=O)N3CCN(C4=CC=CC(C(F)(F)F)=N4)CC3)CC2)S1,C1CCCO1,C(F)(F)(F)S(=O)(=O)[N-]S(=O)(=O)C(F)(F)F.C(F)(F)(F)S(=O)(=O)[N-]S(=O)(=O)C(F)(F)F.[Ca+2],,1.5,1.05,1,7.4,18,25,1.1,0,0,0
sufex_000976,976,0.3,30,C1CN2CCN1CC2,CNCCC1=NSC2=CC=CC=C12,O=S(=O)(F)N1CCN(C2=CC=CC(C(F)(F)F)=N2)CC1,CN(CCC1=NSC2=CC=CC=C12)S(=O)(=O)N1CCN(C2=CC=CC(C(F)(F)F)=N2)CC1,C1CCCO1,C(F)(F)(F)S(=O)(=O)[N-]S(=O)(=O)C(F)(F)F.C(F)(F)(F)S(=O)(=O)[N-]S(=O)(=O)C(F)(F)F.[Ca+2],,1.5,1.05,1,7.4,18,25,1.1,0,0,0
sufex_000977,977,0,0,C1CN2CCN1CC2,CNCC1=CC(C2=CC=CC=N2)=NO1,O=S(=O)(F)N1CCN(C2=CC=CC(C(F)(F)F)=N2)CC1,CN(CC1=CC(C2=CC=CC=N2)=NO1)S(=O)(=O)N1CCN(C2=CC=CC(C(F)(F)F)=N2)CC1,C1CCCO1,C(F)(F)(F)S(=O)(=O)[N-]S(=O)(=O)C(F)(F)F.C(F)(F)(F)S(=O)(=O)[N-]S(=O)(=O)C(F)(F)F.[Ca+2],,1.5,1.05,1,7.4,18,25,1.1,0,0,0
sufex_000978,978,0,0,C1CN2CCN1CC2,CN1C(CCN)=NC2=C1N=CC=C2,O=S(=O)(F)N1CCN(C2=CC=CC(C(F)(F)F)=N2)CC1,CN1C(CCNS(=O)(=O)N2CCN(C3=CC=CC(C(F)(F)F)=N3)CC2)=NC2=C1N=CC=C2,C1CCCO1,C(F)(F)(F)S(=O)(=O)[N-]S(=O)(=O)C(F)(F)F.C(F)(F)(F)S(=O)(=O)[N-]S(=O)(=O)C(F)(F)F.[Ca+2],,1.5,1.05,1,7.4,18,25,1.1,0,0,0
sufex_000979,979,0.69,69,C(=O)([O-])[O-].[Cs+].[Cs+],C1=CNC=N1,O=S(=O)(F)C1=CC=CC2=C1C=CC=C2,O=S(=O)(C1=CC=CC2=C1C=CC=C2)N1C=CN=C1,CC#N,,,2,1.1,1,35.7,1,25,0,0,0,0
sufex_000980,980,0.68,68,C(=O)([O-])[O-].[Cs+].[Cs+],C1=CNN=C1,O=S(=O)(F)C1=CC=CC2=C1C=CC=C2,O=S(=O)(C1=CC=CC2=C1C=CC=C2)N1C=CC=N1,CC#N,,,2,1.1,1,35.7,1,25,0,0,0,0
sufex_000981,981,0.51,51,CCN(CC)CC,CCC1(CCC(NC1=O)=O)C2=CC=C(C=C2)N,O=S(F)(CC1=CC=CC=C1)=O,CCC1(C2=CC=C(NS(=O)(=O)CC3=CC=CC=C3)C=C2)CCC(=O)NC1=O,CC#N,,,1,1,1,35.7,6,60,0,0,0,0
sufex_000982,982,0.5,50,CCN(CC)CC,CCC1(CCC(NC1=O)=O)C2=CC=C(C=C2)N,O=S(F)(C1=CC=C(N)C=C1)=O,CCC1(C2=CC=C(NS(=O)(=O)C3=CC=C(N)C=C3)C=C2)CCC(=O)NC1=O,CC#N,,,1,1,1,35.7,6,60,0,0,0,0
sufex_000983,983,0.39,39,CCN(CC)CC,CCC1(CCC(NC1=O)=O)C2=CC=C(C=C2)N,O=S(F)(C1=CC(N)=CC=C1)=O,CCC1(C2=CC=C(NS(=O)(=O)C3=CC(N)=CC=C3)C=C2)CCC(=O)NC1=O,CC#N,,,1,1,1,35.7,6,60,0,0,0,0
sufex_000984,984,0.77,77,C1CCC2=NCCCN2CC1,C1COCCN1,O=C(C)N1[C@]2([C@]([C@H](S(F)(=O)=O)C2)(C3=CC=CC=C13)C4=CC=CC=C4)[H],[H][C@@]12C[C@H](S(=O)(=O)N3CCOCC3)[C@]1(C1=CC=CC=C1)C1=CC=CC=C1N2C(C)=O,CC#N,,,1.5,1.5,1,35.7,2,80,0,0,0,0
sufex_000985,985,0.61,61,[O-]C([O-])=O.[Cs+].[Cs+],NC1=CC=C(N)C=C1,O=C(C)N1[C@]2([C@]([C@H](S(F)(=O)=O)C2)(C3=CC=CC=C13)C4=CC=CC=C4)[H],[H][C@@]12C[C@H](S(=O)(=O)NC3=CC=C(N)C=C3)[C@]1(C1=CC=CC=C1)C1=CC=CC=C1N2C(C)=O,CC#N,,,1.5,1.5,1,35.7,4,25,0,0,0,0
sufex_000986,986,0.03,3,C12=NCCCN1CCCCC2,C1COCCN1,O=C(NS(=O)(=O)F)C1=CC=CC=C1,O=C(NS(=O)(=O)N1CCOCC1)C1=CC=CC=C1,C1CCCO1,,,3,1,1,7.4,12,25,0,0,0,0
sufex_000987,987,0.05,5,C12=NCCCN1CCCCC2,C1COCCN1,O=C(NS(=O)(=O)F)C1=CC=CC=C1,O=C(NS(=O)(=O)N1CCOCC1)C1=CC=CC=C1,CC#N,,,3,1,1,35.7,12,25,0,0,0,0
sufex_000988,988,0.09,9,C12=NCCCN1CCCCC2,C1COCCN1,O=C(NS(=O)(=O)F)C1=CC=CC=C1,O=C(NS(=O)(=O)N1CCOCC1)C1=CC=CC=C1,CC#N,,,3,1,1,35.7,12,60,0,0,0,0
sufex_000989,989,0.12,12,C12=NCCCN1CCCCC2,C1COCCN1,O=C(NS(=O)(=O)F)C1=CC=CC=C1,O=C(NS(=O)(=O)N1CCOCC1)C1=CC=CC=C1,CC#N,,,3,1,1,35.7,12,80,0,0,0,0
sufex_000990,990,0.08,8,C12=NCCCN1CCCCC2,C1COCCN1,O=C(NS(=O)(=O)F)C1=CC=CC=C1,O=C(NS(=O)(=O)N1CCOCC1)C1=CC=CC=C1,CN(C=O)C,,,3,1,1,37.2,12,25,0,0,0,0
sufex_000991,991,0,0,C12=NCCCN1CCCCC2,C1COCCN1,O=C(NS(=O)(=O)F)C1=CC=CC=C1,O=C(NS(=O)(=O)N1CCOCC1)C1=CC=CC=C1,C(Cl)Cl,,,3,1,1,8.9,12,25,0,0,0,0
sufex_000992,992,0.1,10,C12=NCCCN1CCCCC2,C1COCCN1,O=C(NS(=O)(=O)F)C1=CC=CC=C1,O=C(NS(=O)(=O)N1CCOCC1)C1=CC=CC=C1,CS(=O)C,,,3,1,1,46.8,12,25,0,0,0,0
sufex_000993,993,0.17,17,C12=NCCCN1CCCCC2,C1COCCN1,O=C(NS(=O)(=O)F)C1=CC=CC=C1,O=C(NS(=O)(=O)N1CCOCC1)C1=CC=CC=C1,CS(=O)C,,,3,1,1,46.8,12,60,0,0,0,0
sufex_000994,994,0.43,43,C12=NCCCN1CCCCC2,C1COCCN1,O=C(NS(=O)(=O)F)C1=CC=CC=C1,O=C(NS(=O)(=O)N1CCOCC1)C1=CC=CC=C1,CS(=O)C,,,3,1,1,46.8,12,80,0,0,0,0
sufex_000995,995,0.13,13,C12=NCCCN1CCCCC2,C1COCCN1,O=C(NS(=O)(=O)F)C1=CC=CC=C1,O=C(NS(=O)(=O)N1CCOCC1)C1=CC=CC=C1,O,,,3,1,1,78.4,12,25,0,0,0,0
sufex_000996,996,0.35,35,C12=NCCCN1CCCCC2,C1COCCN1,O=C(NS(=O)(=O)F)C1=CC=CC=C1,O=C(NS(=O)(=O)N1CCOCC1)C1=CC=CC=C1,O,,,3,1,1,78.4,12,60,0,0,0,0
sufex_000997,997,0.55,55,C12=NCCCN1CCCCC2,C1COCCN1,O=C(NS(=O)(=O)F)C1=CC=CC=C1,O=C(NS(=O)(=O)N1CCOCC1)C1=CC=CC=C1,O,,,3,1,1,78.4,12,80,0,0,0,0
sufex_000998,998,0.2,20,CC(C)(/N=C(N(C)C)/N(C)C)C,C1COCCN1,O=C(NS(=O)(=O)F)C1=CC=CC=C1,O=C(NS(=O)(=O)N1CCOCC1)C1=CC=CC=C1,O,,,3,1,1,78.4,12,25,0,0,0,0
sufex_000999,999,0.34,34,CC(C)(/N=C(N(C)C)/N(C)C)C,C1COCCN1,O=C(NS(=O)(=O)F)C1=CC=CC=C1,O=C(NS(=O)(=O)N1CCOCC1)C1=CC=CC=C1,O,,,3,1,1,78.4,12,60,0,0,0,0
sufex_001000,1000,0.47,47,CC(C)(/N=C(N(C)C)/N(C)C)C,C1COCCN1,O=C(NS(=O)(=O)F)C1=CC=CC=C1,O=C(NS(=O)(=O)N1CCOCC1)C1=CC=CC=C1,O,,,3,1,1,78.4,12,80,0,0,0,0
sufex_001001,1001,0.35,35,CC(C)N(CC)C(C)C,C1COCCN1,O=C(NS(=O)(=O)F)C1=CC=CC=C1,O=C(NS(=O)(=O)N1CCOCC1)C1=CC=CC=C1,O,,,3,1,1,78.4,12,80,0,0,0,0
sufex_001002,1002,0.25,25,[O-]C([O-])=O.[Na+].[Na+],C1COCCN1,O=C(NS(=O)(=O)F)C1=CC=CC=C1,O=C(NS(=O)(=O)N1CCOCC1)C1=CC=CC=C1,O,,,3,1,1,78.4,12,25,0,0,0,0
sufex_001003,1003,0.2,20,[O-]C([O-])=O.[K+].[K+],C1COCCN1,O=C(NS(=O)(=O)F)C1=CC=CC=C1,O=C(NS(=O)(=O)N1CCOCC1)C1=CC=CC=C1,O,,,3,1,1,78.4,12,25,0,0,0,0
sufex_001004,1004,0.15,15,[OH-].[K+],C1COCCN1,O=C(NS(=O)(=O)F)C1=CC=CC=C1,O=C(NS(=O)(=O)N1CCOCC1)C1=CC=CC=C1,O,,,3,1,1,78.4,12,25,0,0,0,0
sufex_001005,1005,0.22,22,[OH-].[Na+],C1COCCN1,O=C(NS(=O)(=O)F)C1=CC=CC=C1,O=C(NS(=O)(=O)N1CCOCC1)C1=CC=CC=C1,O,,,3,1,1,78.4,12,25,0,0,0,0
sufex_001006,1006,0.5,50,[O-]C([O-])=O.[Na+].[Na+],C1COCCN1,O=C(NS(=O)(=O)F)C1=CC=CC=C1,O=C(NS(=O)(=O)N1CCOCC1)C1=CC=CC=C1,O,,,3,1,1,78.4,12,50,0,0,0,0
sufex_001007,1007,0.75,75,[O-]C([O-])=O.[Na+].[Na+],C1COCCN1,O=C(NS(=O)(=O)F)C1=CC=CC=C1,O=C(NS(=O)(=O)N1CCOCC1)C1=CC=CC=C1,O,,,25,1,1,78.4,12,60,0,0,0,0
sufex_001008,1008,0.97,97,[O-]C([O-])=O.[Na+].[Na+],C1COCCN1,O=C(NS(=O)(=O)F)C1=CC=CC=C1,O=C(NS(=O)(=O)N1CCOCC1)C1=CC=CC=C1,O,,,25,1,1,78.4,12,80,0,0,0,0
sufex_001009,1009,0.97,97,[O-]C([O-])=O.[Na+].[Na+],C1COCCN1,O=C(NS(=O)(=O)F)C1=CC=CC=C1,O=C(NS(=O)(=O)N1CCOCC1)C1=CC=CC=C1,O,,,25,1.2,1,78.4,12,80,0,0,0,0
sufex_001010,1010,0.72,72,[O-]C([O-])=O.[Na+].[Na+],O=C(O)C1CCCN1,O=C(NS(=O)(=O)F)C1=CC=CC=C1,O=C(NS(=O)(=O)N1CCCC1C(=O)O)C1=CC=CC=C1,O,,,25,1.2,1,78.4,12,80,0,0,0,0
sufex_001011,1011,0.88,88,[O-]C([O-])=O.[Na+].[Na+],C1=CC=C2CNCCC2=C1,O=C(NS(=O)(=O)F)C1=CC=CC=C1,O=C(NS(=O)(=O)N1CCC2=CC=CC=C2C1)C1=CC=CC=C1,O,,,25,1.2,1,78.4,12,80,0,0,0,0
sufex_001012,1012,0.96,96,[O-]C([O-])=O.[Na+].[Na+],NCCC1=CC=CC=C1,O=C(NS(=O)(=O)F)C1=CC=CC=C1,O=C(NS(=O)(=O)NCCC1=CC=CC=C1)C1=CC=CC=C1,O,,,25,1.2,1,78.4,12,80,0,0,0,0
sufex_001013,1013,0.92,92,[O-]C([O-])=O.[Na+].[Na+],C#CC1=CC=C(N)C=C1,O=C(NS(=O)(=O)F)C1=CC=CC=C1,C#CC1=CC=C(NS(=O)(=O)NC(=O)C2=CC=CC=C2)C=C1,O,,,25,1.2,1,78.4,12,80,0,0,0,0
sufex_001014,1014,0.7,70,[O-]C([O-])=O.[Na+].[Na+],C=CCNC1=CC=CC=C1,O=C(NS(=O)(=O)F)C1=CC=CC=C1,C=CCN(C1=CC=CC=C1)S(=O)(=O)NC(=O)C1=CC=CC=C1,O,,,25,1.2,1,78.4,12,80,0,0,0,0
sufex_001015,1015,0.94,94,[O-]C([O-])=O.[Na+].[Na+],COC1=C(OC)C=C(N)C=C1,O=C(NS(=O)(=O)F)C1=CC=CC=C1,COC1=C(OC)C=C(NS(=O)(=O)NC(=O)C2=CC=CC=C2)C=C1,O,,,25,1.2,1,78.4,12,80,0,0,0,0
sufex_001016,1016,0.75,75,[O-]C([O-])=O.[Na+].[Na+],NC1=CC=C(S(=O)(=O)NC2=NC=CC=N2)C=C1,O=C(NS(=O)(=O)F)C1=CC=CC=C1,O=C(NS(=O)(=O)NC1=CC=C(S(=O)(=O)NC2=NC=CC=N2)C=C1)C1=CC=CC=C1,O,,,25,1.2,1,78.4,12,80,0,0,0,0
sufex_001017,1017,0.78,78,[O-]C([O-])=O.[Na+].[Na+],O=C(O)C1=CN(C2CC2)C2=C(C=C(F)C(N3CCNCC3)=C2)C1=O,O=C(NS(=O)(=O)F)C1=CC=CC=C1,O=C(NS(=O)(=O)N1CCN(C2=CC3=C(C=C2F)C(=O)C(C(=O)O)=CN3C2CC2)CC1)C1=CC=CC=C1,O,,,25,1.2,1,78.4,12,80,0,0,0,0
sufex_001018,1018,0.78,78,[O-]C([O-])=O.[Na+].[Na+],NC1CCCCC1,CC(C)CC1=CC=C(C(C)C(=O)NS(=O)(=O)F)C=C1,CC(C)CC1=CC=C(C(C)C(=O)NS(=O)(=O)NC2CCCCC2)C=C1,O,,,25,1.2,1,78.4,12,80,0,0,0,0
sufex_001019,1019,0.8,80,[O-]C([O-])=O.[Na+].[Na+],CC(C)(C)CC(C)(C)N,CC(C)CC1=CC=C(C(C)C(=O)NS(=O)(=O)F)C=C1,CC(C)CC1=CC=C(C(C)C(=O)NS(=O)(=O)NC(C)(C)CC(C)(C)C)C=C1,O,,,25,1.2,1,78.4,12,80,0,0,0,0
sufex_001020,1020,0.82,82,[O-]C([O-])=O.[Na+].[Na+],CC1=CC(C)=CC(N)=C1,CC(C)CC1=CC=C(C(C)C(=O)NS(=O)(=O)F)C=C1,CC1=CC(C)=CC(NS(=O)(=O)NC(=O)C(C)C2=CC=C(CC(C)C)C=C2)=C1,O,,,25,1.2,1,78.4,12,80,0,0,0,0
sufex_001021,1021,0.78,78,[O-]C([O-])=O.[Na+].[Na+],N[C@H]1CCC2=CC=CC=C2C1,CC(C)CC1=CC=C(C(C)C(=O)NS(=O)(=O)F)C=C1,CC(C)CC1=CC=C(C(C)C(=O)NS(=O)(=O)N[C@H]2CCC3=CC=CC=C3C2)C=C1,O,,,25,1.2,1,78.4,12,80,0,0,0,0
sufex_001022,1022,0.74,74,[O-]C([O-])=O.[Na+].[Na+],C1CN[C@@H](CN2CCCC2)C1,CC(C)CC1=CC=C(C(C)C(=O)NS(=O)(=O)F)C=C1,CC(C)CC1=CC=C(C(C)C(=O)NS(=O)(=O)N2CCC[C@@H]2CN2CCCC2)C=C1,O,,,25,1.2,1,78.4,12,80,0,0,0,0
sufex_001023,1023,0.76,76,[O-]C([O-])=O.[Na+].[Na+],COC[C@H]1CCCN1,CC(C)CC1=CC=C(C(C)C(=O)NS(=O)(=O)F)C=C1,COC[C@H]1CCCN1S(=O)(=O)NC(=O)C(C)C1=CC=C(CC(C)C)C=C1,O,,,25,1.2,1,78.4,12,80,0,0,0,0
sufex_001024,1024,0.8,80,[O-]C([O-])=O.[Na+].[Na+],C[C@H](N)C1=CC=CC=C1,CC(C)CC1=CC=C(C(C)C(=O)NS(=O)(=O)F)C=C1,CC(C)CC1=CC=C(C(C)C(=O)NS(=O)(=O)N[C@@H](C)C2=CC=CC=C2)C=C1,O,,,25,1.2,1,78.4,12,80,0,0,0,0
sufex_001025,1025,0.77,77,[O-]C([O-])=O.[Na+].[Na+],C1=CC=C(C(C2=CC=CC=C2)[C@H]2CCCN2)C=C1,CC(C)CC1=CC=C(C(C)C(=O)NS(=O)(=O)F)C=C1,CC(C)CC1=CC=C(C(C)C(=O)NS(=O)(=O)N2CCC[C@@H]2C(C2=CC=CC=C2)C2=CC=CC=C2)C=C1,O,,,25,1.2,1,78.4,12,80,0,0,0,0
sufex_001026,1026,0.93,93,[O-]C([O-])=O.[Na+].[Na+],C#CC1=CC(N)=CC=C1,CC(C)CC1=CC=C(C(C)C(=O)NS(=O)(=O)F)C=C1,C#CC1=CC(NS(=O)(=O)NC(=O)C(C)C2=CC=C(CC(C)C)C=C2)=CC=C1,O,,,25,1.2,1,78.4,12,80,0,0,0,0
sufex_001027,1027,0.92,92,C1CN2CCN1CC2,COC1=CC(N)=CC=C1,N/C(N)=N/S(=O)(F)=O,COC1=CC=CC(NS(=O)(=O)NC(=N)N)=C1,O,,,1,0.5,1,78.4,12,25,0,0,0,0
sufex_001028,1028,0.9,90,C1CN2CCN1CC2,C1=CC=C(N2CCNCC2)C=C1,N/C(N)=N/S(=O)(F)=O,N=C(N)NS(=O)(=O)N1CCN(C2=CC=CC=C2)CC1,O,,,1,0.5,1,78.4,12,25,0,0,0,0
sufex_001029,1029,0.87,87,C1CN2CCN1CC2,NCC1=CC=CC=C1,N/C(N)=N/S(=O)(F)=O,N=C(N)NS(=O)(=O)NCC1=CC=CC=C1,O,,,1,0.5,1,78.4,12,25,0,0,0,0
sufex_001030,1030,0.87,87,C1CN2CCN1CC2,NC1=CC=C(Br)C=C1,N/C(N)=N/S(=O)(F)=O,N=C(N)NS(=O)(=O)NC1=CC=C(Br)C=C1,O,,,1,0.5,1,78.4,12,25,0,0,0,0
sufex_001031,1031,0.86,86,C1CN2CCN1CC2,NC1=CC=C(OC(F)(F)F)C=C1,N/C(N)=N/S(=O)(F)=O,N=C(N)NS(=O)(=O)NC1=CC=C(OC(F)(F)F)C=C1,O,,,1,0.5,1,78.4,12,25,0,0,0,0
sufex_001032,1032,0.85,85,C1CN2CCN1CC2,CC1=C(N)C=CC=C1,N/C(N)=N/S(=O)(F)=O,CC1=C(NS(=O)(=O)NC(=N)N)C=CC=C1,O,,,1,0.5,1,78.4,12,25,0,0,0,0
sufex_001033,1033,0.84,84,C1CN2CCN1CC2,NC1=CC=CC(Cl)=C1,N/C(N)=N/S(=O)(F)=O,N=C(N)NS(=O)(=O)NC1=CC(Cl)=CC=C1,O,,,1,0.5,1,78.4,12,25,0,0,0,0
sufex_001034,1034,0.84,84,C1CN2CCN1CC2,NCC1=CC=C(I)C=C1,N/C(N)=N/S(=O)(F)=O,N=C(N)NS(=O)(=O)NCC1=CC=C(I)C=C1,O,,,1,0.5,1,78.4,12,25,0,0,0,0
sufex_001035,1035,0.83,83,C1CN2CCN1CC2,NC1=CC(Br)=C(F)C=C1,N/C(N)=N/S(=O)(F)=O,N=C(N)NS(=O)(=O)NC1=CC(Br)=C(F)C=C1,O,,,1,0.5,1,78.4,12,25,0,0,0,0
sufex_001036,1036,0.8,80,C1CN2CCN1CC2,NC1=CC=C(Cl)C=C1,N/C(N)=N/S(=O)(F)=O,N=C(N)NS(=O)(=O)NC1=CC=C(Cl)C=C1,O,,,1,0.5,1,78.4,12,25,0,0,0,0
sufex_001037,1037,0.67,67,C1CN2CCN1CC2,NC1=CC=C(I)C=C1,N/C(N)=N/S(=O)(F)=O,N=C(N)NS(=O)(=O)NC1=CC=C(I)C=C1,O,,,1,0.5,1,78.4,12,25,0,0,0,0
sufex_001038,1038,0.59,59,C1CN2CCN1CC2,NC1=CC=CC2=C1C=CC=C2,N/C(N)=N/S(=O)(F)=O,N=C(N)NS(=O)(=O)NC1=CC=CC2=C1C=CC=C2,O,,,1,0.5,1,78.4,12,25,0,0,0,0
sufex_001039,1039,0.4,40,C1CN2CCN1CC2,NC1=CC=C(C(F)(F)F)C=C1,N/C(N)=N/S(=O)(F)=O,N=C(N)NS(=O)(=O)NC1=CC=C(C(F)(F)F)C=C1,O,,,1,0.5,1,78.4,12,25,0,0,0,0
sufex_001040,1040,0.17,17,C1CN2CCN1CC2,NC1=CC=CC=C1,N/C(N)=N/S(=O)(F)=O,N=C(N)NS(=O)(=O)NC1=CC=CC=C1,CCCCCC,,,1,0.5,1,1.9,12,25,0,0,0,0
sufex_001041,1041,0,0,C1CN2CCN1CC2,NC1=CC=CC=C1,N/C(N)=N/S(=O)(F)=O,N=C(N)NS(=O)(=O)NC1=CC=CC=C1,C(Cl)Cl,,,1,0.5,1,8.9,12,25,0,0,0,0
sufex_001042,1042,0,0,C1CN2CCN1CC2,NC1=CC=CC=C1,N/C(N)=N/S(=O)(F)=O,N=C(N)NS(=O)(=O)NC1=CC=CC=C1,COC(C)(C)C,,,1,0.5,1,4.5,12,25,0,0,0,0
sufex_001043,1043,0,0,C1CN2CCN1CC2,NC1=CC=CC=C1,N/C(N)=N/S(=O)(F)=O,N=C(N)NS(=O)(=O)NC1=CC=CC=C1,CCOCC,,,1,0.5,1,4.2,12,25,0,0,0,0
sufex_001044,1044,0,0,C1CN2CCN1CC2,NC1=CC=CC=C1,N/C(N)=N/S(=O)(F)=O,N=C(N)NS(=O)(=O)NC1=CC=CC=C1,CC(OCC)=O,,,1,0.5,1,23,12,25,0,0,0,0
sufex_001045,1045,0,0,C1CN2CCN1CC2,NC1=CC=CC=C1,N/C(N)=N/S(=O)(F)=O,N=C(N)NS(=O)(=O)NC1=CC=CC=C1,C1CCCO1,,,1,0.5,1,7.4,12,25,0,0,0,0
sufex_001046,1046,0,0,C1CN2CCN1CC2,NC1=CC=CC=C1,N/C(N)=N/S(=O)(F)=O,N=C(N)NS(=O)(=O)NC1=CC=CC=C1,C1COCCO1,,,1,0.5,1,2.2,12,25,0,0,0,0
sufex_001047,1047,0.08,8,C1CN2CCN1CC2,NC1=CC=CC=C1,N/C(N)=N/S(=O)(F)=O,N=C(N)NS(=O)(=O)NC1=CC=CC=C1,CO,,,1,0.5,1,32.6,12,25,0,0,0,0
sufex_001048,1048,0.07,7,C1CN2CCN1CC2,NC1=CC=CC=C1,N/C(N)=N/S(=O)(F)=O,N=C(N)NS(=O)(=O)NC1=CC=CC=C1,OCC,,,1,0.5,1,24.9,12,25,0,0,0,0
sufex_001049,1049,0.07,7,C1CN2CCN1CC2,NC1=CC=CC=C1,N/C(N)=N/S(=O)(F)=O,N=C(N)NS(=O)(=O)NC1=CC=CC=C1,OC(C)C,,,1,0.5,1,19.3,12,25,0,0,0,0
sufex_001050,1050,0,0,C1CN2CCN1CC2,NC1=CC=CC=C1,N/C(N)=N/S(=O)(F)=O,N=C(N)NS(=O)(=O)NC1=CC=CC=C1,CN(C=O)C,,,1,0.5,1,37.2,12,25,0,0,0,0
sufex_001051,1051,0.01,1,C1CN2CCN1CC2,NC1=CC=CC=C1,N/C(N)=N/S(=O)(F)=O,N=C(N)NS(=O)(=O)NC1=CC=CC=C1,O=S1(CCCC1)=O,,,1,0.5,1,44,12,25,0,0,0,0
sufex_001052,1052,0,0,C1CN2CCN1CC2,NC1=CC=CC=C1,N/C(N)=N/S(=O)(F)=O,N=C(N)NS(=O)(=O)NC1=CC=CC=C1,CS(=O)C,,,1,0.5,1,46.8,12,25,0,0,0,0
sufex_001053,1053,0.17,17,,NC1=CC=CC=C1,N/C(N)=N/S(=O)(F)=O,N=C(N)NS(=O)(=O)NC1=CC=CC=C1,O,,,0,1,1,78.4,12,25,0,0,0,0
sufex_001054,1054,0.13,13,[O-]C([O-])=O.[Na+].[Na+],NC1=CC=CC=C1,N/C(N)=N/S(=O)(F)=O,N=C(N)NS(=O)(=O)NC1=CC=CC=C1,O,,,1,1,1,78.4,12,25,0,0,0,0
sufex_001055,1055,0.21,21,[O-]C(O)=O.[Na+],NC1=CC=CC=C1,N/C(N)=N/S(=O)(F)=O,N=C(N)NS(=O)(=O)NC1=CC=CC=C1,O,,,1,1,1,78.4,12,25,0,0,0,0
sufex_001056,1056,0.15,15,[O-]C([O-])=O.[K+].[K+],NC1=CC=CC=C1,N/C(N)=N/S(=O)(F)=O,N=C(N)NS(=O)(=O)NC1=CC=CC=C1,O,,,1,1,1,78.4,12,25,0,0,0,0
sufex_001057,1057,0.2,20,[O-]C(O)=O.[K+],NC1=CC=CC=C1,N/C(N)=N/S(=O)(F)=O,N=C(N)NS(=O)(=O)NC1=CC=CC=C1,O,,,1,1,1,78.4,12,25,0,0,0,0
sufex_001058,1058,0.06,6,[OH-].[Na+],NC1=CC=CC=C1,N/C(N)=N/S(=O)(F)=O,N=C(N)NS(=O)(=O)NC1=CC=CC=C1,O,,,1,1,1,78.4,12,25,0,0,0,0
sufex_001059,1059,0.15,15,[O-]P([O-])([O-])=O.[K+].[K+].[K+],NC1=CC=CC=C1,N/C(N)=N/S(=O)(F)=O,N=C(N)NS(=O)(=O)NC1=CC=CC=C1,O,,,1,1,1,78.4,12,25,0,0,0,0
sufex_001060,1060,0.1,10,C12=NCCCN1CCCCC2,NC1=CC=CC=C1,N/C(N)=N/S(=O)(F)=O,N=C(N)NS(=O)(=O)NC1=CC=CC=C1,O,,,1,1,1,78.4,12,25,0,0,0,0
sufex_001061,1061,0.13,13,CCN(CC)CC,NC1=CC=CC=C1,N/C(N)=N/S(=O)(F)=O,N=C(N)NS(=O)(=O)NC1=CC=CC=C1,O,,,1,1,1,78.4,12,25,0,0,0,0
sufex_001062,1062,0.72,72,C1CN2CCN1CC2,NC1=CC=CC=C1,N/C(N)=N/S(=O)(F)=O,N=C(N)NS(=O)(=O)NC1=CC=CC=C1,O,,,1,1,1,78.4,12,25,0,0,0,0
sufex_001063,1063,0.84,84,C1CN2CCN1CC2,NC1=CC=CC=C1,N/C(N)=N/S(=O)(F)=O,N=C(N)NS(=O)(=O)NC1=CC=CC=C1,O,,,1,0.666666667,1,78.4,12,25,0,0,0,0
sufex_001064,1064,0.96,96,[O-]C([O-])=O.[Cs+].[Cs+],N1C=CN=C1,CC1=C(C(C2=C(O1)C=CC=C2)C3=CNC4=CC=CC=C34)S(=O)(F)=O,CC1=C(S(=O)(=O)N2C=CN=C2)C(C2=CNC3=CC=CC=C23)C2=C(C=CC=C2)O1,CC#N,,,2,2,1,35.7,2,25,0,0,0,0
sufex_001065,1065,0.7,70,CCN(CC)CC,C1COCCN1,CCCC(CCCNS(=O)(=O)C1=CC=C(C)C=C1)S(=O)(=O)F,CCCC(CCCNS(=O)(=O)C1=CC=C(C)C=C1)S(=O)(=O)N1CCOCC1,CC#N,,,2,2,1,35.7,24,80,0,0,0,0
sufex_001066,1066,0.84,84,CCN(CC)CC,N1CCCC1,COC(C(CCS(=O)(F)=O)(C1=CC=CC=C1)C#N)=O,COC(=O)C(C#N)(CCS(=O)(=O)N1CCCC1)C1=CC=CC=C1,C(Cl)Cl,,,2,1.1,1,8.9,12,25,0,0,0,0
sufex_001067,1067,0.68,68,CCN(CC)CC,C1COCCN1,COC(C(CCS(=O)(F)=O)(C1=CC=CC=C1)C#N)=O,COC(=O)C(C#N)(CCS(=O)(=O)N1CCOCC1)C1=CC=CC=C1,CC#N,,,2,1,1,35.7,12,60,0,0,0,0
sufex_001068,1068,0.7,70,CCN(CC)CC,NCC1=CC=CC=C1,COC(C(CCS(=O)(F)=O)(C1=CC=CC=C1)C#N)=O,COC(=O)C(C#N)(CCS(=O)(=O)NCC1=CC=CC=C1)C1=CC=CC=C1,CC#N,,,2,2,1,35.7,12,60,0,0,0,0
sufex_001069,1069,0.8,80,C12=NCCCN1CCCCC2,NC12CC3CC(C2)CC(C1)C3,O=S(NC12CC3CC(C2)CC(C1)C3)(F)=O,O=S(=O)(NC12CC3CC(CC(C3)C1)C2)NC12CC3CC(CC(C3)C1)C2,CC#N,,,1,1,1,35.7,4,50,0,0,0,0
sufex_001070,1070,0.92,92,C12=NCCCN1CCCCC2,NC1CCCCC1,O=S(NC12CC3CC(C2)CC(C1)C3)(F)=O,O=S(=O)(NC1CCCCC1)NC12CC3CC(CC(C3)C1)C2,CC#N,,,1,1,1,35.7,4,50,0,0,0,0
sufex_001071,1071,0.92,92,C12=NCCCN1CCCCC2,C[C@H](N)C1CCCCC1,O=S(NC12CC3CC(C2)CC(C1)C3)(F)=O,C[C@H](NS(=O)(=O)NC12CC3CC(CC(C3)C1)C2)C1CCCCC1,CC#N,,,1,1,1,35.7,4,50,0,0,0,0
sufex_001072,1072,0.87,87,C12=NCCCN1CCCCC2,NCCC1=CC=CC=C1,O=S(NC12CC3CC(C2)CC(C1)C3)(F)=O,O=S(=O)(NCCC1=CC=CC=C1)NC12CC3CC(CC(C3)C1)C2,CC#N,,,1,1,1,35.7,4,50,0,0,0,0
sufex_001073,1073,0.72,72,C12=NCCCN1CCCCC2,NCCC1=CC=C2OCOC2=C1,O=S(NC12CC3CC(C2)CC(C1)C3)(F)=O,O=S(=O)(NCCC1=CC=C2OCOC2=C1)NC12CC3CC(CC(C3)C1)C2,CC#N,,,1,1,1,35.7,4,50,0,0,0,0
sufex_001074,1074,0.77,77,C12=NCCCN1CCCCC2,COC(=O)CCCN,O=S(NC12CC3CC(C2)CC(C1)C3)(F)=O,COC(=O)CCCNS(=O)(=O)NC12CC3CC(CC(C3)C1)C2,CC#N,,,1,1,1,35.7,4,50,0,0,0,0
sufex_001075,1075,0.92,92,C12=NCCCN1CCCCC2,NCC1CCOCC1,O=S(NC12CC3CC(C2)CC(C1)C3)(F)=O,O=S(=O)(NCC1CCOCC1)NC12CC3CC(CC(C3)C1)C2,CC#N,,,1,1,1,35.7,4,50,0,0,0,0
sufex_001076,1076,0.77,77,C12=NCCCN1CCCCC2,CC(C)(C)OC(=O)C[C@H]1C[C@@H](CCN)OC(C)(C)O1,O=S(NC12CC3CC(C2)CC(C1)C3)(F)=O,CC(C)(C)OC(=O)C[C@H]1C[C@@H](CCNS(=O)(=O)NC23CC4CC(CC(C4)C2)C3)OC(C)(C)O1,CC#N,,,1,1,1,35.7,4,50,0,0,0,0
sufex_001077,1077,0.77,77,C12=NCCCN1CCCCC2,CC(C)(C)OC(=O)N1C=C(CCN)C2=CC=CC=C21,O=S(NC12CC3CC(C2)CC(C1)C3)(F)=O,CC(C)(C)OC(=O)N1C=C(CCNS(=O)(=O)NC23CC4CC(CC(C4)C2)C3)C2=CC=CC=C21,CC#N,,,1,1,1,35.7,4,50,0,0,0,0
sufex_001078,1078,0.87,87,C12=NCCCN1CCCCC2,NC1=CC=C(C(F)(F)F)C=C1,O=S(NC12CC3CC(C2)CC(C1)C3)(F)=O,O=S(=O)(NC1=CC=C(C(F)(F)F)C=C1)NC12CC3CC(CC(C3)C1)C2,CC#N,,,1,1,1,35.7,4,50,0,0,0,0
sufex_001079,1079,0.82,82,C12=NCCCN1CCCCC2,CC(C)(C)C1=CC=C(N)C=C1,O=S(NC12CC3CC(C2)CC(C1)C3)(F)=O,CC(C)(C)C1=CC=C(NS(=O)(=O)NC23CC4CC(CC(C4)C2)C3)C=C1,CC#N,,,1,1,1,35.7,4,50,0,0,0,0
sufex_001080,1080,0.94,94,C1CCC2=NCCCN2CC1,COC1=C(OC)C=C(CCN)C=C1,CC1=CC=C(C2=CC(C(F)(F)F)=NN2C2=CC=C(S(=O)(=O)N3CCCC3CS(=O)(=O)F)C=C2)C=C1,COC1=C(OC)C=C(CCNS(=O)(=O)CC2CCCN2S(=O)(=O)C2=CC=C(N3N=C(C(F)(F)F)C=C3C3=CC=C(C)C=C3)C=C2)C=C1,CC#N,,,2,2,1,35.7,12,25,0,0,0,0
sufex_001081,1081,0.82,82,C1CCC2=NCCCN2CC1,NC1=CC=CC=C1,CC1=CC=C(C2=CC(C(F)(F)F)=NN2C2=CC=C(S(=O)(=O)N3CCCC3CS(=O)(=O)F)C=C2)C=C1,CC1=CC=C(C2=CC(C(F)(F)F)=NN2C2=CC=C(S(=O)(=O)N3CCCC3CS(=O)(=O)NC3=CC=CC=C3)C=C2)C=C1,CC#N,,,2,2,1,35.7,12,25,0,0,0,0
sufex_001082,1082,0.91,91,C(=O)([O-])[O-].[Cs+].[Cs+],C1=CNC=N1,CC1=CC=C(S(=O)(=O)F)C=C1,CC1=CC=C(S(=O)(=O)N2C=CN=C2)C=C1,CC#N,,,2,1.2,1,35.7,5,25,0,0,0,0
sufex_001083,1083,0.89,89,C(=O)([O-])[O-].[Cs+].[Cs+],C1=CNC=N1,O=S(=O)(F)C1=CC=CC=C1,O=S(=O)(C1=CC=CC=C1)N1C=CN=C1,CC#N,,,2,1.2,1,35.7,5,25,0,0,0,0
sufex_001084,1084,0.61,61,CCN(CC)CC,NCC1=CC=CC=C1,[H][C@@]12C3=CC=CC=C3O[C@]1([H])[C@@H](S(=O)(=O)F)[C@@H]2C1=CC=CC=C1,[H][C@@]12C3=CC=CC=C3O[C@]1([H])[C@@H](S(=O)(=O)NCC1=CC=CC=C1)[C@@H]2C1=CC=CC=C1,CC#N,,,2,2,1,35.7,24,60,0,0,0,0
sufex_001085,1085,0.96,96,CCN(CC)CC,NCCC1=CC=C(Br)C=C1,O=S(F)(F)(F)F,O=S(F)(F)=NCCC1=CC=C(Br)C=C1,C(Cl)Cl,,,2,1,1,8.9,0.5,25,0,0,0,0
sufex_001086,1086,0.95,95,CCN(CC)CC,[H][C@@]12CCC3=CC(C(C)C)=CC=C3[C@@]1(C)CCC[C@@]2(C)CN,O=S(F)(F)(F)F,[H][C@@]12CCC3=CC(C(C)C)=CC=C3[C@@]1(C)CCC[C@@]2(C)CN=S(=O)(F)F,C(Cl)Cl,,,2,1,1,8.9,0.5,25,0,0,0,0
sufex_001087,1087,0.92,92,CCN(CC)CC,NCC1=CC=C(Br)C=C1,O=S(F)(F)(F)F,O=S(F)(F)=NCC1=CC=C(Br)C=C1,C(Cl)Cl,,,2,1,1,8.9,0.5,25,0,0,0,0
sufex_001088,1088,0.9,90,CCN(CC)CC,COC1=C(CN)C=CC=C1,O=S(F)(F)(F)F,COC1=C(CN=S(=O)(F)F)C=CC=C1,C(Cl)Cl,,,2,1,1,8.9,0.5,25,0,0,0,0
sufex_001089,1089,0.89,89,CCN(CC)CC,[H]C12C3(C4(C5(C1([Fe]23456789C%10(C6(C7(C8(C%109CN)[H])[H])[H])[H])[H])[H])[H])[H],O=S(F)(F)(F)F,[H]C12C3([H])C4([H])C5([H])C1([H])[Fe]23456789C%10([H])C6([H])C7([H])C8([H])C%109CN=S(F)(F)=O,C(Cl)Cl,,,2,1,1,8.9,0.5,25,0,0,0,0
sufex_001090,1090,0.81,81,CCN(CC)CC,COC1=CC=C(CN)C=C1,O=S(F)(F)(F)F,COC1=CC=C(CN=S(=O)(F)F)C=C1,C(Cl)Cl,,,2,1,1,8.9,0.5,25,0,0,0,0
sufex_001091,1091,0.81,81,CCN(CC)CC,NCCC1=CCCCC1,O=S(F)(F)(F)F,O=S(F)(F)=NCCC1=CCCCC1,C(Cl)Cl,,,2,1,1,8.9,0.5,25,0,0,0,0
sufex_001092,1092,0.8,80,CCN(CC)CC,C=CC1=CC=C(CN)C=C1,O=S(F)(F)(F)F,C=CC1=CC=C(CN=S(=O)(F)F)C=C1,C(Cl)Cl,,,2,1,1,8.9,0.5,25,0,0,0,0
sufex_001093,1093,0.79,79,CCN(CC)CC,NC1CC2=CC=CC=C2C1,O=S(F)(F)(F)F,O=S(F)(F)=NC1CC2=CC=CC=C2C1,C(Cl)Cl,,,2,1,1,8.9,0.5,25,0,0,0,0
sufex_001094,1094,0.77,77,CCN(CC)CC,NCCCC1=CC=CC=C1,O=S(F)(F)(F)F,O=S(F)(F)=NCCCC1=CC=CC=C1,C(Cl)Cl,,,2,1,1,8.9,0.5,25,0,0,0,0
sufex_001095,1095,0.75,75,CCN(CC)CC,NCCC1=CC=C2OCOC2=C1,O=S(F)(F)(F)F,O=S(F)(F)=NCCC1=CC=C2OCOC2=C1,C(Cl)Cl,,,2,1,1,8.9,0.5,25,0,0,0,0
sufex_001096,1096,0.75,75,CCN(CC)CC,NC1CCCCCC1,O=S(F)(F)(F)F,O=S(F)(F)=NC1CCCCCC1,C(Cl)Cl,,,2,1,1,8.9,0.5,25,0,0,0,0
sufex_001097,1097,0.7,70,CCN(CC)CC,NCC1=CC=C(N2CCOCC2)C=C1,O=S(F)(F)(F)F,O=S(F)(F)=NCC1=CC=C(N2CCOCC2)C=C1,C(Cl)Cl,,,2,1,1,8.9,0.5,25,0,0,0,0
sufex_001098,1098,0.69,69,CCN(CC)CC,NC1CCCCCCC1,O=S(F)(F)(F)F,O=S(F)(F)=NC1CCCCCCC1,C(Cl)Cl,,,2,1,1,8.9,0.5,25,0,0,0,0
sufex_001099,1099,0.69,69,CCN(CC)CC,CCCCCCCCCCCN,O=S(F)(F)(F)F,CCCCCCCCCCCN=S(=O)(F)F,C(Cl)Cl,,,2,1,1,8.9,0.5,25,0,0,0,0
sufex_001100,1100,0.68,68,CCN(CC)CC,NC1CCCCC1,O=S(F)(F)(F)F,O=S(F)(F)=NC1CCCCC1,C(Cl)Cl,,,2,1,1,8.9,0.5,25,0,0,0,0
sufex_001101,1101,0.68,68,CCN(CC)CC,NCC1=CC=CS1,O=S(F)(F)(F)F,O=S(F)(F)=NCC1=CC=CS1,C(Cl)Cl,,,2,1,1,8.9,0.5,25,0,0,0,0
sufex_001102,1102,0.67,67,CCN(CC)CC,NCC1=CC=CO1,O=S(F)(F)(F)F,O=S(F)(F)=NCC1=CC=CO1,C(Cl)Cl,,,2,1,1,8.9,0.5,25,0,0,0,0
sufex_001103,1103,0.57,57,CCN(CC)CC,CC(C)CCN,O=S(F)(F)(F)F,CC(C)CCN=S(=O)(F)F,C(Cl)Cl,,,2,1,1,8.9,0.5,25,0,0,0,0
sufex_001104,1104,0.76,76,CCN(CC)CC,C1COCCN1,CC1=C(S(=O)(=O)F)C(C2=CC=CN2)C2=C(C=CC=C2)O1,CC1=C(S(=O)(=O)N2CCOCC2)C(C2=CC=CN2)C2=C(C=CC=C2)O1,CC#N,,,2,2,1,35.7,8,80,0,0,0,0
sufex_001105,1105,0.78,78,CCN(CC)CC,C1COCCN1,CC1=C(C(C2=C(O1)C=CC=C2)C3=C(C=C(N3)C4=CC=CC=C4F)C=O)S(=O)(F)=O,CC1=C(S(=O)(=O)N2CCOCC2)C(C2=C(C=O)C=C(C3=CC=CC=C3F)N2)C2=C(C=CC=C2)O1,CC#N,,,2,2,1,35.7,8,80,0,0,0,0
sufex_001106,1106,0.91,91,CCN(CC)CC,CC(C)N,O=S(=O)(F)NCC1=CN=C(Cl)S1,CC(C)NS(=O)(=O)NCC1=CN=C(Cl)S1,CC#N,CN(C)C1=CC=NC=C1,,2,1.3,1,35.7,4,80,0.32,0,0,0
sufex_001107,1107,0.91,91,CCN(CC)CC,CC1=C(N)C=CC=C1,O=S(=O)(F)NCC1=CN=C(Cl)S1,CC1=C(NS(=O)(=O)NCC2=CN=C(Cl)S2)C=CC=C1,CC#N,CN(C)C1=CC=NC=C1,,2,1.3,1,35.7,4,80,0.32,0,0,0
sufex_001108,1108,0.85,85,CCN(CC)CC,CC(C)CN,O=S(=O)(F)NCC1=CN=C(Cl)S1,CC(C)CNS(=O)(=O)NCC1=CN=C(Cl)S1,CC#N,CN(C)C1=CC=NC=C1,,2,1.3,1,35.7,4,80,0.32,0,0,0
sufex_001109,1109,0.82,82,CCN(CC)CC,NC1=C2C=CNC2=CC=C1,O=S(=O)(F)NCC1=CN=C(Cl)S1,O=S(=O)(NCC1=CN=C(Cl)S1)NC1=C2C=CNC2=CC=C1,CC#N,CN(C)C1=CC=NC=C1,,2,1.3,1,35.7,4,80,0.32,0,0,0
sufex_001110,1110,0.78,78,CCN(CC)CC,CCC1=CC=C(N)C=C1,O=S(=O)(F)NCC1=CN=C(Cl)S1,CCC1=CC=C(NS(=O)(=O)NCC2=CN=C(Cl)S2)C=C1,CC#N,CN(C)C1=CC=NC=C1,,2,1.3,1,35.7,4,80,0.32,0,0,0
sufex_001111,1111,0.77,77,CCN(CC)CC,COC1=CC=C(N)C=C1,O=S(=O)(F)NCC1=CN=C(Cl)S1,COC1=CC=C(NS(=O)(=O)NCC2=CN=C(Cl)S2)C=C1,CC#N,CN(C)C1=CC=NC=C1,,2,1.3,1,35.7,4,80,0.32,0,0,0
sufex_001112,1112,0.76,76,CCN(CC)CC,NC1CCCCC1,O=S(=O)(F)NCC1=CN=C(Cl)S1,O=S(=O)(NCC1=CN=C(Cl)S1)NC1CCCCC1,CC#N,CN(C)C1=CC=NC=C1,,2,1.3,1,35.7,4,80,0.32,0,0,0
sufex_001113,1113,0.76,76,CCN(CC)CC,NC1=CC=C(C(F)(F)F)C=C1,O=S(=O)(F)NCC1=CN=C(Cl)S1,O=S(=O)(NCC1=CN=C(Cl)S1)NC1=CC=C(C(F)(F)F)C=C1,CC#N,CN(C)C1=CC=NC=C1,,2,1.3,1,35.7,4,80,0.32,0,0,0
sufex_001114,1114,0.7,70,CCN(CC)CC,NCC1=NC2=CC=CC=C2N1,O=S(=O)(F)NCC1=CN=C(Cl)S1,O=S(=O)(NCC1=CN=C(Cl)S1)NCC1=NC2=CC=CC=C2N1,CC#N,CN(C)C1=CC=NC=C1,,2,1.3,1,35.7,4,80,0.32,0,0,0
sufex_001115,1115,0.68,68,CCN(CC)CC,NC1=CC=C2C(=C1)CC1=CC=CC=C12,O=S(=O)(F)NCC1=CN=C(Cl)S1,O=S(=O)(NCC1=CN=C(Cl)S1)NC1=CC=C2C(=C1)CC1=CC=CC=C12,CC#N,CN(C)C1=CC=NC=C1,,2,1.3,1,35.7,4,80,0.32,0,0,0
sufex_001116,1116,0.67,67,CCN(CC)CC,NC1=CC=CC(OC(F)(F)F)=C1,O=S(=O)(F)NCC1=CN=C(Cl)S1,O=S(=O)(NCC1=CN=C(Cl)S1)NC1=CC(OC(F)(F)F)=CC=C1,CC#N,CN(C)C1=CC=NC=C1,,2,1.3,1,35.7,4,80,0.32,0,0,0
sufex_001117,1117,0.67,67,CCN(CC)CC,NCC1=NC2=CC=CC=C2S1,O=S(=O)(F)NCC1=CN=C(Cl)S1,O=S(=O)(NCC1=CN=C(Cl)S1)NCC1=NC2=CC=CC=C2S1,CC#N,CN(C)C1=CC=NC=C1,,2,1.3,1,35.7,4,80,0.32,0,0,0
sufex_001118,1118,0.65,65,CCN(CC)CC,NC1=CC=C(F)C=C1,O=S(=O)(F)NCC1=CN=C(Cl)S1,O=S(=O)(NCC1=CN=C(Cl)S1)NC1=CC=C(F)C=C1,CC#N,CN(C)C1=CC=NC=C1,,2,1.3,1,35.7,4,80,0.32,0,0,0
sufex_001119,1119,0.64,64,CCN(CC)CC,NC1=CC=C2OC(F)(F)OC2=C1,O=S(=O)(F)NCC1=CN=C(Cl)S1,O=S(=O)(NCC1=CN=C(Cl)S1)NC1=CC=C2OC(F)(F)OC2=C1,CC#N,CN(C)C1=CC=NC=C1,,2,1.3,1,35.7,4,80,0.32,0,0,0
sufex_001120,1120,0.63,63,CCN(CC)CC,NCC1=CC=CO1,O=S(=O)(F)NCC1=CN=C(Cl)S1,O=S(=O)(NCC1=CC=CO1)NCC1=CN=C(Cl)S1,CC#N,CN(C)C1=CC=NC=C1,,2,1.3,1,35.7,4,80,0.32,0,0,0
sufex_001121,1121,0.62,62,CCN(CC)CC,NC1=CC=C(Cl)C=C1,O=S(=O)(F)NCC1=CN=C(Cl)S1,O=S(=O)(NCC1=CN=C(Cl)S1)NC1=CC=C(Cl)C=C1,CC#N,CN(C)C1=CC=NC=C1,,2,1.3,1,35.7,4,80,0.32,0,0,0
sufex_001122,1122,0.62,62,CCN(CC)CC,NCC1=CC=CS1,O=S(=O)(F)NCC1=CN=C(Cl)S1,O=S(=O)(NCC1=CC=CS1)NCC1=CN=C(Cl)S1,CC#N,CN(C)C1=CC=NC=C1,,2,1.3,1,35.7,4,80,0.32,0,0,0
sufex_001123,1123,0.59,59,CCN(CC)CC,NCC1=C2C=CNC2=CC=C1,O=S(=O)(F)NCC1=CN=C(Cl)S1,O=S(=O)(NCC1=CN=C(Cl)S1)NCC1=C2C=CNC2=CC=C1,CC#N,CN(C)C1=CC=NC=C1,,2,1.3,1,35.7,4,80,0.32,0,0,0
sufex_001124,1124,0.59,59,CCN(CC)CC,CC(C)(C)N,O=S(=O)(F)NCC1=CN=C(Cl)S1,CC(C)(C)NS(=O)(=O)NCC1=CN=C(Cl)S1,CC#N,CN(C)C1=CC=NC=C1,,2,1.3,1,35.7,4,80,0.32,0,0,0
sufex_001125,1125,0.57,57,CCN(CC)CC,NC1=CC=C(OC(F)(F)F)C=C1,O=S(=O)(F)NCC1=CN=C(Cl)S1,O=S(=O)(NCC1=CN=C(Cl)S1)NC1=CC=C(OC(F)(F)F)C=C1,CC#N,CN(C)C1=CC=NC=C1,,2,1.3,1,35.7,4,80,0.32,0,0,0
sufex_001126,1126,0.55,55,CCN(CC)CC,NCC1=CC=CC2=C1C=CC=C2,O=S(=O)(F)NCC1=CN=C(Cl)S1,O=S(=O)(NCC1=CN=C(Cl)S1)NCC1=CC=CC2=C1C=CC=C2,CC#N,CN(C)C1=CC=NC=C1,,2,1.3,1,35.7,4,80,0.32,0,0,0
sufex_001127,1127,0.55,55,CCN(CC)CC,NC1=CC=CC=C1,O=S(=O)(F)NCC1=CN=C(Cl)S1,O=S(=O)(NCC1=CN=C(Cl)S1)NC1=CC=CC=C1,CC#N,CN(C)C1=CC=NC=C1,,2,1.3,1,35.7,4,80,0.32,0,0,0
sufex_001128,1128,0.55,55,CCN(CC)CC,NC1CC1,O=S(=O)(F)NCC1=CN=C(Cl)S1,O=S(=O)(NCC1=CN=C(Cl)S1)NC1CC1,CC#N,CN(C)C1=CC=NC=C1,,2,1.3,1,35.7,4,80,0.32,0,0,0
sufex_001129,1129,0.51,51,CCN(CC)CC,NCC1=CN=C(Cl)S1,O=S(=O)(F)NCC1=CN=C(Cl)S1,O=S(=O)(NCC1=CN=C(Cl)S1)NCC1=CN=C(Cl)S1,CC#N,CN(C)C1=CC=NC=C1,,2,1.3,1,35.7,4,80,0.32,0,0,0
sufex_001130,1130,0.51,51,CCN(CC)CC,NC1=CC=C2OCOC2=C1,O=S(=O)(F)NCC1=CN=C(Cl)S1,O=S(=O)(NCC1=CN=C(Cl)S1)NC1=CC=C2OCOC2=C1,CC#N,CN(C)C1=CC=NC=C1,,2,1.3,1,35.7,4,80,0.32,0,0,0
sufex_001131,1131,0.51,51,CCN(CC)CC,NC1=CC2=C(C=C1)N=CC=C2,O=S(=O)(F)NCC1=CN=C(Cl)S1,O=S(=O)(NCC1=CN=C(Cl)S1)NC1=CC2=C(C=C1)N=CC=C2,CC#N,CN(C)C1=CC=NC=C1,,2,1.3,1,35.7,4,80,0.32,0,0,0
sufex_001132,1132,0.51,51,CCN(CC)CC,CC1=C(Cl)C=CC(N)=C1,O=S(=O)(F)NCC1=CN=C(Cl)S1,CC1=C(Cl)C=CC(NS(=O)(=O)NCC2=CN=C(Cl)S2)=C1,CC#N,CN(C)C1=CC=NC=C1,,2,1.3,1,35.7,4,80,0.32,0,0,0
sufex_001133,1133,0.94,94,,[H][C@]12CC[C@@H](CN)[C@]([H])(C1)C2(C)C,FS(=O)(C(F)(F)F)=O,[H][C@]12CC[C@@H](CNS(=O)(=O)C(F)(F)F)[C@]([H])(C1)C2(C)C,CC#N,CN(C)C1=CC=NC=C1,,0,0.5,1,35.7,48,25,1.5,0,0,0
sufex_001134,1134,0.85,85,[O-]C([O-])=O.[K+].[K+],CSC1=NC2=CC=CC=C2N1,FS(=O)(C(F)(F)F)=O,CSC1=NC2=CC=CC=C2N1S(=O)(=O)C(F)(F)F,CC#N,,,1,0.666666667,1,35.7,36,25,0,0,0,0
sufex_001135,1135,0.8,80,,C1=CC=C(N2CCNCC2)C=C1,FS(=O)(C(F)(F)F)=O,O=S(=O)(N1CCN(C2=CC=CC=C2)CC1)C(F)(F)F,CC#N,CN(C)C1=CC=NC=C1,,0,0.666666667,1,35.7,18,25,1,0,0,0
sufex_001136,1136,0.71,71,,C1=CC=C(C2=NNC=C2)C=C1,FS(=O)(C(F)(F)F)=O,O=S(=O)(N1C=CC(C2=CC=CC=C2)=N1)C(F)(F)F,CC#N,CN(C)C1=CC=NC=C1,,0,0.666666667,1,35.7,48,25,1,0,0,0
sufex_001137,1137,0.7,70,,CC1=CC(N)=NO1,FS(=O)(C(F)(F)F)=O,CC1=CC(NS(=O)(=O)C(F)(F)F)=NO1,CC#N,CN(C)C1=CC=NC=C1,,0,0.5,1,35.7,48,50,1.5,0,0,0
sufex_001138,1138,0.65,65,,C1(C2CCNCC2)=CC=CC=C1,FS(=O)(C(F)(F)F)=O,O=S(=O)(N1CCC(C2=CC=CC=C2)CC1)C(F)(F)F,CC#N,CN(C)C1=CC=NC=C1,,0,0.666666667,1,35.7,72,25,1,0,0,0
sufex_001139,1139,0.54,54,,C1=CC=C(C2=NCCN2)C=C1,FS(=O)(C(F)(F)F)=O,O=S(=O)(N1CCN=C1C1=CC=CC=C1)C(F)(F)F,CC#N,CN(C)C1=CC=NC=C1,,0,0.666666667,1,35.7,18,25,1,0,0,0
sufex_001140,1140,0.25,25,[O-]C([O-])=O.[K+].[K+],IC1=NNC2=NC=CC=C12,FS(=O)(C(F)(F)F)=O,O=S(=O)(N1N=C(I)C2=CC=CN=C21)C(F)(F)F,CC#N,,,0.75,0.5,1,35.7,72,25,0,0,0,0
sufex_001141,1141,0.54,54,,C12=CC=CC=C1CNCC2,FS(=O)(C(F)(F)F)=O,O=S(N1CCC2=CC=CC=C2C1)(C(F)(F)F)=O,CC#N,CN(C)C1=CC=NC=C1,,0,0.666666667,1,35.7,48,25,1,0,0,0
sufex_001142,1142,0,0,,NCCCC[C@@H](NC(OC(C)(C)C)=O)C(O)=O,FS(=O)(C(F)(F)F)=O,CC(C)(C)OC(=O)N[C@H](CCCCNS(=O)(=O)C(F)(F)F)C(=O)O,CC#N,CN(C)C1=CC=NC=C1,,0,0.666666667,1,35.7,18,25,1,0,0,0
sufex_001143,1143,0,0,,O=[N+](C1=NC=NN1)[O-],FS(=O)(C(F)(F)F)=O,O=[N+]([O-])C1=NC=NN1S(=O)(=O)C(F)(F)F,CC#N,CN(C)C1=CC=NC=C1,,0,0.666666667,1,35.7,18,25,1,0,0,0
sufex_001144,1144,0,0,,CCC1=C2C(C(CCOC3(CC(O)=O)CC)=C3N2)=CC=C1,FS(=O)(C(F)(F)F)=O,CCC1=C2C(=CC=C1)C1=C(N2S(=O)(=O)C(F)(F)F)C(CC)(CC(=O)O)OCC1,CC#N,CN(C)C1=CC=NC=C1,,0,0.666666667,1,35.7,18,25,1,0,0,0
sufex_001145,1145,0,0,,O=C(OC)C1=NNC=N1,FS(=O)(C(F)(F)F)=O,COC(=O)C1=NN(S(=O)(=O)C(F)(F)F)C=N1,CC#N,CN(C)C1=CC=NC=C1,,0,0.666666667,1,35.7,18,25,1,0,0,0
sufex_001146,1146,0,0,,O=C(OC)C1=NNC=N1,FS(=O)(C(F)(F)F)=O,COC(=O)C1=NN(S(=O)(=O)C(F)(F)F)C=N1,CN1CCCC1=O,CN(C)C1=CC=NC=C1,,0,0.666666667,1,32.2,18,25,1,0,0,0
sufex_001147,1147,0,0,,O=C(OC)C1=NNC=N1,FS(=O)(C(F)(F)F)=O,COC(=O)C1=NN(S(=O)(=O)C(F)(F)F)C=N1,CS(=O)C,CN(C)C1=CC=NC=C1,,0,0.666666667,1,46.8,18,25,1,0,0,0
sufex_001148,1148,0,0,[F-].[K+],O=C(OC)C1=NNC=N1,FS(=O)(C(F)(F)F)=O,COC(=O)C1=NN(S(=O)(=O)C(F)(F)F)C=N1,CC#N,,,1,0.666666667,1,35.7,18,25,0,0,0,0
sufex_001149,1149,0.91,91,CC(C)N(CC)C(C)C,CC1=NN(C2=CC=CC=C2)C(=O)C1,O=S(=O)(F)F,CC1=NN(C2=CC=CC=C2)C(OS(=O)(=O)F)=C1,CN(C=O)C,,,1.5,1,1,37.2,10,25,0,0,0,0
sufex_001150,1150,0.49,49,,C1=CC=C(N2CCNCC2)C=C1,FS(=O)(C(F)(F)F)=O,O=S(=O)(N1CCN(C2=CC=CC=C2)CC1)C(F)(F)F,CC#N,,,0,0.666666667,1,35.7,18,25,0,0,0,0
sufex_001151,1151,0.82,82,CCN(CC)CC,C1=CC=C(N2CCNCC2)C=C1,FS(=O)(C(F)(F)F)=O,O=S(=O)(N1CCN(C2=CC=CC=C2)CC1)C(F)(F)F,CC#N,,,1,0.666666667,1,35.7,18,25,0,0,0,0
sufex_001152,1152,0.79,79,,C1=CC=C(N2CCNCC2)C=C1,FS(=O)(C(F)(F)F)=O,O=S(=O)(N1CCN(C2=CC=CC=C2)CC1)C(F)(F)F,CC#N,,,0,2,1,35.7,18,25,0,0,0,0
sufex_001153,1153,0.76,76,CCN(CC)CC,C#CCNCC#C,O=S(F)(F)=O,C#CCN(CC#C)S(=O)(=O)F,C(Cl)Cl,CN(C)C1=CC=NC=C1,,2,1,1,8.9,18,25,1,0,0,0
sufex_001154,1154,0.65,65,CCN(CC)CC,C=CCNCC=C,O=S(F)(F)=O,C=CCN(CC=C)S(=O)(=O)F,C(Cl)Cl,CN(C)C1=CC=NC=C1,,2,1,1,8.9,18,25,1,0,0,0
sufex_001155,1155,0.88,88,CCN(CC)CC,COC(CNC)OC,O=S(F)(F)=O,COC(CN(C)S(=O)(=O)F)OC,C(Cl)Cl,CN(C)C1=CC=NC=C1,,2,1,1,8.9,18,25,1,0,0,0
sufex_001156,1156,0.8,80,CCN(CC)CC,COC1=C(OC)C=C(C(C2=CC=CC=C2)NCC3)C3=C1,O=S(F)(F)=O,COC1=C(OC)C=C2C(=C1)CCN(S(=O)(=O)F)C2C1=CC=CC=C1,C(Cl)Cl,CN(C)C1=CC=NC=C1,,2,1,1,8.9,18,25,1,0,0,0
sufex_001157,1157,0.73,73,CCN(CC)CC,ClC1=CC(C(N2CCNCC2)=NC(C=CC=C3)=C3O4)=C4C=C1,O=S(F)(F)=O,O=S(=O)(F)N1CCN(C2=NC3=C(C=CC=C3)OC3=C2C=C(Cl)C=C3)CC1,C(Cl)Cl,CN(C)C1=CC=NC=C1,,2,1,1,8.9,18,25,0.5,0,0,0
sufex_001158,1158,0.7,70,CCN(CC)CC,CC(C)C/C=N/C1CCNCC1,O=S(F)(F)=O,CC(C)C/C=N/C1CCN(S(=O)(=O)F)CC1,C(Cl)Cl,CN(C)C1=CC=NC=C1,,2,1,1,8.9,18,25,0.5,0,0,0
sufex_001159,1159,0.5,50,,NCC(C)C,FS(=O)(C(C=C1)=CC(Cl)=C1NC([C@](C)(C(F)(F)F)O)=O)=O,CC(C)CNS(=O)(=O)C1=CC=C(NC(=O)[C@@](C)(O)C(F)(F)F)C(Cl)=C1,CC#N,CN(C)C1=CC=NC=C1,,0,2,1,35.7,18,25,1.4,0,0,0
sufex_001160,1160,0.56,56,,NCC=C,FS(=O)(C(C=C1)=CC(Cl)=C1NC([C@](C)(C(F)(F)F)O)=O)=O,C=CCNS(=O)(=O)C1=CC=C(NC(=O)[C@@](C)(O)C(F)(F)F)C(Cl)=C1,CC#N,CN(C)C1=CC=NC=C1,,0,2,1,35.7,18,25,1.4,0,0,0
sufex_001161,1161,0.22,22,,CCNCC,FS(=O)(C(C=C1)=CC(Cl)=C1NC([C@](C)(C(F)(F)F)O)=O)=O,CCN(CC)S(=O)(=O)C1=CC=C(NC(=O)[C@@](C)(O)C(F)(F)F)C(Cl)=C1,CC#N,CN(C)C1=CC=NC=C1,,0,2,1,35.7,18,25,1.4,0,0,0
sufex_001162,1162,0.76,76,,NCCC(C)(C)C,FS(=O)(C(C=C1)=CC(Cl)=C1NC([C@](C)(C(F)(F)F)O)=O)=O,CC(C)(C)CCNS(=O)(=O)C1=CC=C(NC(=O)[C@@](C)(O)C(F)(F)F)C(Cl)=C1,CC#N,CN(C)C1=CC=NC=C1,,0,2,1,35.7,18,25,1.4,0,0,0
sufex_001163,1163,0.63,63,,NCC1CC1,FS(=O)(C(C=C1)=CC(Cl)=C1NC([C@](C)(C(F)(F)F)O)=O)=O,C[C@@](O)(C(=O)NC1=CC=C(S(=O)(=O)NCC2CC2)C=C1Cl)C(F)(F)F,CC#N,CN(C)C1=CC=NC=C1,,0,2,1,35.7,18,25,1.4,0,0,0
sufex_001164,1164,0.67,67,,NCCCCCCCCCC,FS(=O)(C(C=C1)=CC(Cl)=C1NC([C@](C)(C(F)(F)F)O)=O)=O,CCCCCCCCCCNS(=O)(=O)C1=CC=C(NC(=O)[C@@](C)(O)C(F)(F)F)C(Cl)=C1,CC#N,CN(C)C1=CC=NC=C1,,0,2,1,35.7,18,25,1.4,0,0,0
sufex_001165,1165,0.42,42,,NC1CC(N)CCC1,FS(=O)(C(C=C1)=CC(Cl)=C1NC([C@](C)(C(F)(F)F)O)=O)=O,C[C@@](O)(C(=O)NC1=CC=C(S(=O)(=O)NC2CCCC(N)C2)C=C1Cl)C(F)(F)F,CC#N,CN(C)C1=CC=NC=C1,,0,2,1,35.7,18,25,1.4,0,0,0
sufex_001166,1166,0.53,53,,N1CCNCC1,FS(=O)(C(C=C1)=CC(Cl)=C1NC([C@](C)(C(F)(F)F)O)=O)=O,C[C@@](O)(C(=O)NC1=CC=C(S(=O)(=O)N2CCNCC2)C=C1Cl)C(F)(F)F,CC#N,CN(C)C1=CC=NC=C1,,0,2,1,35.7,18,25,1.4,0,0,0
sufex_001167,1167,0.51,51,,N1(C2=NC=CC=C2)CCNCC1,FS(=O)(C(C=C1)=CC(Cl)=C1NC([C@](C)(C(F)(F)F)O)=O)=O,C[C@@](O)(C(=O)NC1=CC=C(S(=O)(=O)N2CCN(C3=NC=CC=C3)CC2)C=C1Cl)C(F)(F)F,CC#N,CN(C)C1=CC=NC=C1,,0,2,1,35.7,18,25,1.4,0,0,0
sufex_001168,1168,0.69,69,,NCC1=CC(OC)=C(OC)C(OC)=C1,FS(=O)(C(C=C1)=CC(Cl)=C1NC([C@](C)(C(F)(F)F)O)=O)=O,COC1=C(OC)C(OC)=CC(CNS(=O)(=O)C2=CC=C(NC(=O)[C@@](C)(O)C(F)(F)F)C(Cl)=C2)=C1,CC#N,CN(C)C1=CC=NC=C1,,0,2,1,35.7,18,25,1.4,0,0,0
sufex_001169,1169,0.59,59,,O=C1N(CCCN)CCC1,FS(=O)(C(C=C1)=CC(Cl)=C1NC([C@](C)(C(F)(F)F)O)=O)=O,C[C@@](O)(C(=O)NC1=CC=C(S(=O)(=O)NCCCN2CCCC2=O)C=C1Cl)C(F)(F)F,CC#N,CN(C)C1=CC=NC=C1,,0,2,1,35.7,18,25,1.4,0,0,0
sufex_001170,1170,0.29,29,,NCCCO,FS(=O)(C(C=C1)=CC(Cl)=C1NC([C@](C)(C(F)(F)F)O)=O)=O,C[C@@](O)(C(=O)NC1=CC=C(S(=O)(=O)NCCCO)C=C1Cl)C(F)(F)F,CC#N,CN(C)C1=CC=NC=C1,,0,2,1,35.7,18,25,1.4,0,0,0
sufex_001171,1171,0.98,98,C(=O)([O-])[O-].[Cs+].[Cs+],C1=CNN=C1,COC1=CC=C(S(=O)(=O)F)C=C1,COC1=CC=C(S(=O)(=O)N2C=CC=N2)C=C1,CC#N,,,2,1.1,1,35.7,3,25,0,0,0,0
sufex_001172,1172,0.93,93,C(=O)([O-])[O-].[Cs+].[Cs+],C1=CNN=C1,CC(C)(C)C1=CC=C(S(=O)(=O)F)C=C1,CC(C)(C)C1=CC=C(S(=O)(=O)N2C=CC=N2)C=C1,CC#N,,,1.1,2,1,35.7,12,25,0,0,0,0
sufex_001173,1173,0.7,70,N12CCN(CC2)CC1,C1=CN=C(N2CCNCC2)N=C1,CC(C)(C)C1=CC=C(S(=O)(=O)F)C=C1,CC(C)(C)C1=CC=C(S(=O)(=O)N2CCN(C3=NC=CC=N3)CC2)C=C1,C1CCCO1,FC(F)(S(=O)([N-]S(=O)(C(F)(F)F)=O)=O)F.FC(F)(S(=O)([N-]S(=O)(C(F)(F)F)=O)=O)F.[Ca+2],,1.5,1.1,1,7.4,24,25,1.1,0,0,0
sufex_001174,1174,0.62,62,C1CN2CCN1CC2,CC1=NC=CN1,CN(C1=CC=CC=C1)S(=O)(=O)F,CC1=NC=CN1S(=O)(=O)N(C)C1=CC=CC=C1,C1CCCO1,C(F)(F)(F)S(=O)(=O)[N-]S(=O)(=O)C(F)(F)F.C(F)(F)(F)S(=O)(=O)[N-]S(=O)(=O)C(F)(F)F.[Ca+2],,1.5,2,1,7.4,24,80,1.2,0,0,0
sufex_001175,1175,0.78,78,C1CCC2=NCCCN2CC1,ClC1=CC=C2C(=C1)CCC1=CC=CN=C1C2=C1CCNCC1,CC(S(=O)(F)=O)CCCC(N1)=NC2=CC=CC=C2C1=O,CC(CCCC1=NC(=O)C2=CC=CC=C2N1)S(=O)(=O)N1CCC(=C2C3=CC=C(Cl)C=C3CCC3=CC=CN=C32)CC1,CC#N,,,0.2,2,1,35.7,24,25,0,0,0,0
sufex_001176,1176,0.71,71,C1CCC2=NCCCN2CC1,C1COCCN1,CC(S(=O)(F)=O)CCCC(N1)=NC2=CC=CC=C2C1=O,CC(CCCC1=NC(=O)C2=CC=CC=C2N1)S(=O)(=O)N1CCOCC1,CC#N,,,0.2,2,1,35.7,24,25,0,0,0,0
sufex_001177,1177,0.71,71,C1CCC2=NCCCN2CC1,[H][C@]12CCC3=CC(C(C)C)=CC=C3[C@]1(C)CCC[C@]2(C)CN,CC(S(=O)(F)=O)CCCC(N1)=NC2=CC=CC=C2C1=O,[H][C@]12CCC3=CC(C(C)C)=CC=C3[C@]1(C)CCC[C@]2(C)CNS(=O)(=O)C(C)CCCC1=NC(=O)C2=CC=CC=C2N1,CC#N,,,0.2,2,1,35.7,24,25,0,0,0,0
sufex_001178,1178,0.5,50,C1CCC2=NCCCN2CC1,CC1=CC(C)=C(SC2=C(N3CCNCC3)C=CC=C2)C=C1,CC(S(=O)(F)=O)CCCC(N1)=NC2=CC=CC=C2C1=O,CC1=CC(C)=C(SC2=C(N3CCN(S(=O)(=O)C(C)CCCC4=NC(=O)C5=CC=CC=C5N4)CC3)C=CC=C2)C=C1,CC#N,,,0.2,2,1,35.7,24,25,0,0,0,0
sufex_001179,1179,1,100,C1CN2CCN1CC2,C[Si](C)(C)N1CCOCC1,O=N(=O)C1=CC=C(S(=O)(=O)F)C=C1,O=N(=O)C1=CC=C(S(=O)(=O)N2CCOCC2)C=C1,C1COCCO1,,,0.5,1.2,1,2.2,24,50,0,0,0,0
sufex_001180,1180,1,100,C1CN2CCN1CC2,C[Si](C)(C)N1CCOCC1,O=N(=O)C1=CC=C(S(=O)(=O)F)C=C1,O=N(=O)C1=CC=C(S(=O)(=O)N2CCOCC2)C=C1,C1COCCO1,C(F)(F)(F)S(=O)(=O)[N-]S(=O)(=O)C(F)(F)F.C(F)(F)(F)S(=O)(=O)[N-]S(=O)(=O)C(F)(F)F.[Ca+2],,0.5,1.2,1,2.2,24,50,0.1,0,0,0
sufex_001181,1181,0.99,99,C1CN2CCN1CC2,C[Si](C)(C)N1CCOCC1,O=N(=O)C1=CC=C(CS(=O)(=O)F)C=C1,O=N(=O)C1=CC=C(CS(=O)(=O)N2CCOCC2)C=C1,C1COCCO1,,,0.5,1.2,1,2.2,24,50,0,0,0,0
sufex_001182,1182,0.99,99,C1CN2CCN1CC2,C[Si](C)(C)N1CCOCC1,O=N(=O)C1=CC=C(CS(=O)(=O)F)C=C1,O=N(=O)C1=CC=C(CS(=O)(=O)N2CCOCC2)C=C1,C1COCCO1,C(F)(F)(F)S(=O)(=O)[N-]S(=O)(=O)C(F)(F)F.C(F)(F)(F)S(=O)(=O)[N-]S(=O)(=O)C(F)(F)F.[Ca+2],,0.5,1.2,1,2.2,24,50,0.1,0,0,0
sufex_001183,1183,0,0,C1CN2CCN1CC2,FC1=CC=C(C=C1)CN2CCN([Si](C)(C)C)CC2,O=S(=O)(F)C1=CC=CC=C1,O=S(=O)(C1=CC=CC=C1)N1CCN(CC2=CC=C(F)C=C2)CC1,C1COCCO1,,,0.5,1.2,1,2.2,16,50,0,0,0,0
sufex_001184,1184,0.75,75,C1CN2CCN1CC2,FC1=CC=C(CN2CCNCC2)C=C1,O=S(=O)(F)C1=CC=CC=C1,O=S(=O)(C1=CC=CC=C1)N1CCN(CC2=CC=C(F)C=C2)CC1,C1COCCO1,C(F)(F)(F)S(=O)(=O)[N-]S(=O)(=O)C(F)(F)F.C(F)(F)(F)S(=O)(=O)[N-]S(=O)(=O)C(F)(F)F.[Ca+2],,0.5,1.2,1,2.2,16,50,0.1,0,0,0
sufex_001185,1185,0.98,98,C1CN2CCN1CC2,FC1=CC=C(C=C1)CN2CCN([Si](C)(C)C)CC2,O=S(=O)(F)C1=CC=CC=C1,O=S(=O)(C1=CC=CC=C1)N1CCN(CC2=CC=C(F)C=C2)CC1,C1COCCO1,C(F)(F)(F)S(=O)(=O)[N-]S(=O)(=O)C(F)(F)F.C(F)(F)(F)S(=O)(=O)[N-]S(=O)(=O)C(F)(F)F.[Ca+2],,0.5,1.2,1,2.2,16,50,0.1,0,0,0
sufex_001186,1186,0.28,28,C1CN2CCN1CC2,C[Si](C)(C)N1CCOCC1,N#CC1=CC=C(S(=O)(=O)F)C=C1,N#CC1=CC=C(S(=O)(=O)N2CCOCC2)C=C1,C1COCCO1,,,0.5,1.2,1,2.2,24,50,0,0,0,0
sufex_001187,1187,0.94,94,C1CN2CCN1CC2,C[Si](C)(C)N1CCOCC1,N#CC1=CC=C(S(=O)(=O)F)C=C1,N#CC1=CC=C(S(=O)(=O)N2CCOCC2)C=C1,C1COCCO1,C(F)(F)(F)S(=O)(=O)[N-]S(=O)(=O)C(F)(F)F.C(F)(F)(F)S(=O)(=O)[N-]S(=O)(=O)C(F)(F)F.[Ca+2],,0.5,1.2,1,2.2,24,50,0.1,0,0,0
sufex_001188,1188,0,0,C1CN2CCN1CC2,FC1=CC=C(C=C1)CN2CCN([Si](C)(C)C)CC2,O=S(=O)(F)C1=CC(Br)=CC=C1,O=S(=O)(C1=CC(Br)=CC=C1)N1CCN(CC2=CC=C(F)C=C2)CC1,C1COCCO1,,,0.5,1.2,1,2.2,16,50,0,0,0,0
sufex_001189,1189,0.97,97,C1CN2CCN1CC2,FC1=CC=C(C=C1)CN2CCN([Si](C)(C)C)CC2,O=S(=O)(F)C1=CC(Br)=CC=C1,O=S(=O)(C1=CC(Br)=CC=C1)N1CCN(CC2=CC=C(F)C=C2)CC1,C1COCCO1,C(F)(F)(F)S(=O)(=O)[N-]S(=O)(=O)C(F)(F)F.C(F)(F)(F)S(=O)(=O)[N-]S(=O)(=O)C(F)(F)F.[Ca+2],,0.5,1.2,1,2.2,16,50,0.1,0,0,0
sufex_001190,1190,0,0,C1CN2CCN1CC2,FC1=CC=C(C=C1)CN2CCN([Si](C)(C)C)CC2,CC1=CC=C(S(=O)(=O)F)C=C1,CC1=CC=C(S(=O)(=O)N2CCN(CC3=CC=C(F)C=C3)CC2)C=C1,C1COCCO1,,,0.5,1.2,1,2.2,16,50,0,0,0,0
sufex_001191,1191,0.97,97,C1CN2CCN1CC2,FC1=CC=C(C=C1)CN2CCN([Si](C)(C)C)CC2,CC1=CC=C(S(=O)(=O)F)C=C1,CC1=CC=C(S(=O)(=O)N2CCN(CC3=CC=C(F)C=C3)CC2)C=C1,C1COCCO1,C(F)(F)(F)S(=O)(=O)[N-]S(=O)(=O)C(F)(F)F.C(F)(F)(F)S(=O)(=O)[N-]S(=O)(=O)C(F)(F)F.[Ca+2],,0.5,1.2,1,2.2,16,50,0.1,0,0,0
sufex_001192,1192,0,0,C1CN2CCN1CC2,FC(F)(C1=CC=C(N=C1)N2CCN([Si](C)(C)C)CC2)F,CC1=CC=C(S(=O)(=O)F)C=C1,CC1=CC=C(S(=O)(=O)N2CCN(C3=CC=C(C(F)(F)F)C=N3)CC2)C=C1,C1COCCO1,,,0.5,1.2,1,2.2,16,50,0,0,0,0
sufex_001193,1193,0.91,91,C1CN2CCN1CC2,FC(F)(C1=CC=C(N=C1)N2CCN([Si](C)(C)C)CC2)F,CC1=CC=C(S(=O)(=O)F)C=C1,CC1=CC=C(S(=O)(=O)N2CCN(C3=CC=C(C(F)(F)F)C=N3)CC2)C=C1,C1COCCO1,C(F)(F)(F)S(=O)(=O)[N-]S(=O)(=O)C(F)(F)F.C(F)(F)(F)S(=O)(=O)[N-]S(=O)(=O)C(F)(F)F.[Ca+2],,0.5,1.2,1,2.2,16,50,0.1,0,0,0
sufex_001194,1194,0,0,C1CN2CCN1CC2,FC1=CC=C(C=C1)CN2CCN([Si](C)(C)C)CC2,O=S(=O)(F)C1=CC=C(OC2=CC=CC=C2)C=C1,O=S(=O)(C1=CC=C(OC2=CC=CC=C2)C=C1)N1CCN(CC2=CC=C(F)C=C2)CC1,C1COCCO1,,,0.5,1.2,1,2.2,16,50,0,0,0,0
sufex_001195,1195,0.89,89,C1CN2CCN1CC2,FC1=CC=C(C=C1)CN2CCN([Si](C)(C)C)CC2,O=S(=O)(F)C1=CC=C(OC2=CC=CC=C2)C=C1,O=S(=O)(C1=CC=C(OC2=CC=CC=C2)C=C1)N1CCN(CC2=CC=C(F)C=C2)CC1,C1COCCO1,C(F)(F)(F)S(=O)(=O)[N-]S(=O)(=O)C(F)(F)F.C(F)(F)(F)S(=O)(=O)[N-]S(=O)(=O)C(F)(F)F.[Ca+2],,0.5,1.2,1,2.2,16,50,0.1,0,0,0
sufex_001196,1196,0,0,C1CN2CCN1CC2,C[Si](C)(C)N1CCOCC1,COC(=O)C1=CC=C(S(=O)(=O)F)C=C1,COC(=O)C1=CC=C(S(=O)(=O)N2CCOCC2)C=C1,C1COCCO1,,,0.5,1.2,1,2.2,24,50,0,0,0,0
sufex_001197,1197,0.88,88,C1CN2CCN1CC2,C[Si](C)(C)N1CCOCC1,COC(=O)C1=CC=C(S(=O)(=O)F)C=C1,COC(=O)C1=CC=C(S(=O)(=O)N2CCOCC2)C=C1,C1COCCO1,C(F)(F)(F)S(=O)(=O)[N-]S(=O)(=O)C(F)(F)F.C(F)(F)(F)S(=O)(=O)[N-]S(=O)(=O)C(F)(F)F.[Ca+2],,0.5,1.2,1,2.2,24,50,0.1,0,0,0
sufex_001198,1198,0.02,2,C1CN2CCN1CC2,C[Si](C)(C)N1CCOCC1,O=S(=O)(F)C1=CC=C(C(F)(F)F)C=C1,O=S(=O)(C1=CC=C(C(F)(F)F)C=C1)N1CCOCC1,C1COCCO1,,,0.5,1.2,1,2.2,24,50,0,0,0,0
sufex_001199,1199,0.88,88,C1CN2CCN1CC2,C[Si](C)(C)N1CCOCC1,O=S(=O)(F)C1=CC=C(C(F)(F)F)C=C1,O=S(=O)(C1=CC=C(C(F)(F)F)C=C1)N1CCOCC1,C1COCCO1,C(F)(F)(F)S(=O)(=O)[N-]S(=O)(=O)C(F)(F)F.C(F)(F)(F)S(=O)(=O)[N-]S(=O)(=O)C(F)(F)F.[Ca+2],,0.5,1.2,1,2.2,24,50,0.1,0,0,0
sufex_001200,1200,0,0,C1CN2CCN1CC2,CN([Si](C)(C)C)CCC(C1=CC=CC=C1)OC2=CC=C(C=C2)C(F)(F)F,O=S(=O)(F)C1=CC=CC=C1,CN(CCC(OC1=CC=C(C(F)(F)F)C=C1)C1=CC=CC=C1)S(=O)(=O)C1=CC=CC=C1,C1COCCO1,,,0.5,1.2,1,2.2,16,50,0,0,0,0
sufex_001201,1201,0.86,86,C1CN2CCN1CC2,CN([Si](C)(C)C)CCC(C1=CC=CC=C1)OC2=CC=C(C=C2)C(F)(F)F,O=S(=O)(F)C1=CC=CC=C1,CN(CCC(OC1=CC=C(C(F)(F)F)C=C1)C1=CC=CC=C1)S(=O)(=O)C1=CC=CC=C1,C1COCCO1,C(F)(F)(F)S(=O)(=O)[N-]S(=O)(=O)C(F)(F)F.C(F)(F)(F)S(=O)(=O)[N-]S(=O)(=O)C(F)(F)F.[Ca+2],,0.5,1.2,1,2.2,16,50,0.1,0,0,0
sufex_001202,1202,0,0,C1CN2CCN1CC2,CC(C)(C)N[Si](C)(C)C,CC1=CC=C(S(=O)(=O)F)C=C1,CC1=CC=C(S(=O)(=O)[NH]C(C)(C)C)C=C1,C1COCCO1,,,0.5,1,1,2.2,24,50,0,0,0,0
sufex_001203,1203,0.86,86,C1CN2CCN1CC2,CC(C)(C)N[Si](C)(C)C,CC1=CC=C(S(=O)(=O)F)C=C1,CC1=CC=C(S(=O)(=O)[NH]C(C)(C)C)C=C1,C1COCCO1,C(F)(F)(F)S(=O)(=O)[N-]S(=O)(=O)C(F)(F)F.C(F)(F)(F)S(=O)(=O)[N-]S(=O)(=O)C(F)(F)F.[Ca+2],,0.5,1,1,2.2,24,50,0.1,0,0,0
sufex_001204,1204,0,0,C1CN2CCN1CC2,C[Si](C)(C)N1CCOCC1,CC1=CC=C(S(=O)(=O)F)C=C1,CC1=CC=C(S(=O)(=O)N2CCOCC2)C=C1,C1COCCO1,,,0.5,1.2,1,2.2,24,50,0,0,0,0
sufex_001205,1205,0.85,85,C1CN2CCN1CC2,C[Si](C)(C)N1CCOCC1,CC1=CC=C(S(=O)(=O)F)C=C1,CC1=CC=C(S(=O)(=O)N2CCOCC2)C=C1,C1COCCO1,C(F)(F)(F)S(=O)(=O)[N-]S(=O)(=O)C(F)(F)F.C(F)(F)(F)S(=O)(=O)[N-]S(=O)(=O)C(F)(F)F.[Ca+2],,0.5,1.2,1,2.2,24,50,0.1,0,0,0
sufex_001206,1206,0,0,C1CN2CCN1CC2,C[Si](C)(C)N1CCOCC1,COC(=O)C1=CC=C(CS(=O)(=O)F)C=C1,COC(=O)C1=CC=C(CS(=O)(=O)N2CCOCC2)C=C1,C1COCCO1,,,0.5,1.2,1,2.2,24,50,0,0,0,0
sufex_001207,1207,0.83,83,C1CN2CCN1CC2,C[Si](C)(C)N1CCOCC1,COC(=O)C1=CC=C(CS(=O)(=O)F)C=C1,COC(=O)C1=CC=C(CS(=O)(=O)N2CCOCC2)C=C1,C1COCCO1,C(F)(F)(F)S(=O)(=O)[N-]S(=O)(=O)C(F)(F)F.C(F)(F)(F)S(=O)(=O)[N-]S(=O)(=O)C(F)(F)F.[Ca+2],,0.5,1.2,1,2.2,24,50,0.1,0,0,0
sufex_001208,1208,0,0,C1CN2CCN1CC2,C[Si](C)(C)NCC1=CC=CC=C1,CC1=CC=C(S(=O)(=O)F)C=C1,CC1=CC=C(S(=O)(=O)[NH]CC2=CC=CC=C2)C=C1,C1COCCO1,,,0.5,1.2,1,2.2,24,50,0,0,0,0
sufex_001209,1209,0.82,82,C1CN2CCN1CC2,C[Si](C)(C)NCC1=CC=CC=C1,CC1=CC=C(S(=O)(=O)F)C=C1,CC1=CC=C(S(=O)(=O)[NH]CC2=CC=CC=C2)C=C1,C1COCCO1,C(F)(F)(F)S(=O)(=O)[N-]S(=O)(=O)C(F)(F)F.C(F)(F)(F)S(=O)(=O)[N-]S(=O)(=O)C(F)(F)F.[Ca+2],,0.5,1.2,1,2.2,24,50,0.1,0,0,0
sufex_001210,1210,0.38,38,C1CN2CCN1CC2,C[Si](C)(C)N1CCOCC1,O=S(=O)(F)CCC1=CC=CC=C1,O=S(=O)(CCC1=CC=CC=C1)N1CCOCC1,C1COCCO1,,,0.5,1.2,1,2.2,24,50,0,0,0,0
sufex_001211,1211,0.81,81,C1CN2CCN1CC2,C[Si](C)(C)N1CCOCC1,O=S(=O)(F)CCC1=CC=CC=C1,O=S(=O)(CCC1=CC=CC=C1)N1CCOCC1,C1COCCO1,C(F)(F)(F)S(=O)(=O)[N-]S(=O)(=O)C(F)(F)F.C(F)(F)(F)S(=O)(=O)[N-]S(=O)(=O)C(F)(F)F.[Ca+2],,0.5,1.2,1,2.2,24,50,0.1,0,0,0
sufex_001212,1212,0,0,C1CN2CCN1CC2,CN(C)[Si](C)(C)C,CC1=CC=C(S(=O)(=O)F)C=C1,CC1=CC=C(S(=O)(=O)N(C)C)C=C1,C1COCCO1,,,0.5,1.4,1,2.2,24,50,0,0,0,0
sufex_001213,1213,0.81,81,C1CN2CCN1CC2,CN(C)[Si](C)(C)C,CC1=CC=C(S(=O)(=O)F)C=C1,CC1=CC=C(S(=O)(=O)N(C)C)C=C1,C1COCCO1,C(F)(F)(F)S(=O)(=O)[N-]S(=O)(=O)C(F)(F)F.C(F)(F)(F)S(=O)(=O)[N-]S(=O)(=O)C(F)(F)F.[Ca+2],,0.5,1.4,1,2.2,24,50,0.1,0,0,0
sufex_001214,1214,0,0,C1CN2CCN1CC2,C[Si](C)(C)N1CCOCC1,C#CCOC1=CC=C(S(=O)(=O)F)C=C1,C#CCOC1=CC=C(S(=O)(=O)N2CCOCC2)C=C1,C1COCCO1,,,0.5,1.2,1,2.2,24,50,0,0,0,0
sufex_001215,1215,0.8,80,C1CN2CCN1CC2,C[Si](C)(C)N1CCOCC1,C#CCOC1=CC=C(S(=O)(=O)F)C=C1,C#CCOC1=CC=C(S(=O)(=O)N2CCOCC2)C=C1,C1COCCO1,C(F)(F)(F)S(=O)(=O)[N-]S(=O)(=O)C(F)(F)F.C(F)(F)(F)S(=O)(=O)[N-]S(=O)(=O)C(F)(F)F.[Ca+2],,0.5,1.2,1,2.2,24,50,0.1,0,0,0
sufex_001216,1216,0,0,C1CN2CCN1CC2,C[Si](C)(C)NC1=CC=CC=C1,CC1=CC=C(S(=O)(=O)F)C=C1,CC1=CC=C(S(=O)(=O)[NH]C2=CC=CC=C2)C=C1,C1COCCO1,,,0.5,1.2,1,2.2,24,50,0,0,0,0
sufex_001217,1217,0.78,78,C1CN2CCN1CC2,C[Si](C)(C)NC1=CC=CC=C1,CC1=CC=C(S(=O)(=O)F)C=C1,CC1=CC=C(S(=O)(=O)[NH]C2=CC=CC=C2)C=C1,C1COCCO1,C(F)(F)(F)S(=O)(=O)[N-]S(=O)(=O)C(F)(F)F.C(F)(F)(F)S(=O)(=O)[N-]S(=O)(=O)C(F)(F)F.[Ca+2],,0.5,1.2,1,2.2,24,50,0.1,0,0,0
sufex_001218,1218,0,0,C1CN2CCN1CC2,CC(=O)N(C)[Si](C)(C)C,CC1=CC=C(S(=O)(=O)F)C=C1,CC(=O)N(C)S(=O)(=O)C1=CC=C(C)C=C1,C1COCCO1,,,0.5,1.2,1,2.2,24,50,0,0,0,0
sufex_001219,1219,0.72,72,C1CN2CCN1CC2,CC(=O)N(C)[Si](C)(C)C,CC1=CC=C(S(=O)(=O)F)C=C1,CC(=O)N(C)S(=O)(=O)C1=CC=C(C)C=C1,C1COCCO1,C(F)(F)(F)S(=O)(=O)[N-]S(=O)(=O)C(F)(F)F.C(F)(F)(F)S(=O)(=O)[N-]S(=O)(=O)C(F)(F)F.[Ca+2],,0.5,1.2,1,2.2,24,50,0.1,0,0,0
sufex_001220,1220,0,0,C1CN2CCN1CC2,C[Si](C)(C)N1C=CN=C1,CC1=CC=C(S(=O)(=O)F)C=C1,CC1=CC=C(S(=O)(=O)N2C=CN=C2)C=C1,C1COCCO1,,,0.5,1.2,1,2.2,24,50,0,0,0,0
sufex_001221,1221,0.71,71,C1CN2CCN1CC2,C[Si](C)(C)N1C=CN=C1,CC1=CC=C(S(=O)(=O)F)C=C1,CC1=CC=C(S(=O)(=O)N2C=CN=C2)C=C1,C1COCCO1,C(F)(F)(F)S(=O)(=O)[N-]S(=O)(=O)C(F)(F)F.C(F)(F)(F)S(=O)(=O)[N-]S(=O)(=O)C(F)(F)F.[Ca+2],,0.5,1.2,1,2.2,24,50,0.1,0,0,0
sufex_001222,1222,0,0,C1CN2CCN1CC2,C[Si](C)(C)N1C=CN=C1,O=S(=O)(F)N1CCN(C2=CC=CC(C(F)(F)F)=N2)CC1,O=S(=O)(N1C=CN=C1)N1CCN(C2=CC=CC(C(F)(F)F)=N2)CC1,C1COCCO1,,,0.5,1.2,1,2.2,24,80,0,0,0,0
sufex_001223,1223,0.65,65,C1CN2CCN1CC2,C[Si](C)(C)N1C=CN=C1,O=S(=O)(F)N1CCN(C2=CC=CC(C(F)(F)F)=N2)CC1,O=S(=O)(N1C=CN=C1)N1CCN(C2=CC=CC(C(F)(F)F)=N2)CC1,C1COCCO1,C(F)(F)(F)S(=O)(=O)[N-]S(=O)(=O)C(F)(F)F.C(F)(F)(F)S(=O)(=O)[N-]S(=O)(=O)C(F)(F)F.[Ca+2],,0.5,1.2,1,2.2,24,80,0.1,0,0,0
sufex_001224,1224,0,0,C1CN2CCN1CC2,C[Si](C)(C)N1CCOCC1,CC1=C(S(=O)(=O)F)C=CC=C1,CC1=C(S(=O)(=O)N2CCOCC2)C=CC=C1,C1COCCO1,,,0.5,1.2,1,2.2,24,50,0,0,0,0
sufex_001225,1225,0.62,62,C1CN2CCN1CC2,C[Si](C)(C)N1CCOCC1,CC1=C(S(=O)(=O)F)C=CC=C1,CC1=C(S(=O)(=O)N2CCOCC2)C=CC=C1,C1COCCO1,C(F)(F)(F)S(=O)(=O)[N-]S(=O)(=O)C(F)(F)F.C(F)(F)(F)S(=O)(=O)[N-]S(=O)(=O)C(F)(F)F.[Ca+2],,0.5,1.2,1,2.2,24,50,0.1,0,0,0
sufex_001226,1226,0.5,50,C1CN2CCN1CC2,C[Si](C)(C)N1C=CN=C1,O=N(=O)C1=C(S(=O)(=O)F)C=CC=C1,O=N(=O)C1=C(S(=O)(=O)N2C=CN=C2)C=CC=C1,C1COCCO1,,,0.5,1.2,1,2.2,24,50,0,0,0,0
sufex_001227,1227,0.62,62,C1CN2CCN1CC2,C[Si](C)(C)N1C=CN=C1,O=N(=O)C1=C(S(=O)(=O)F)C=CC=C1,O=N(=O)C1=C(S(=O)(=O)N2C=CN=C2)C=CC=C1,C1COCCO1,C(F)(F)(F)S(=O)(=O)[N-]S(=O)(=O)C(F)(F)F.C(F)(F)(F)S(=O)(=O)[N-]S(=O)(=O)C(F)(F)F.[Ca+2],,0.5,1.2,1,2.2,24,50,0.1,0,0,0
sufex_001228,1228,0,0,C1CN2CCN1CC2,C[Si](C)(C)N1CCOCC1,O=S(=O)(F)OC1=CC=CC2=C1C=CC=C2,O=S(=O)(OC1=CC=CC2=C1C=CC=C2)N1CCOCC1,C1COCCO1,,,0.5,1.2,1,2.2,24,50,0,0,0,0
sufex_001229,1229,0.39,39,C1CN2CCN1CC2,C[Si](C)(C)N1CCOCC1,O=S(=O)(F)OC1=CC=CC2=C1C=CC=C2,O=S(=O)(OC1=CC=CC2=C1C=CC=C2)N1CCOCC1,C1COCCO1,C(F)(F)(F)S(=O)(=O)[N-]S(=O)(=O)C(F)(F)F.C(F)(F)(F)S(=O)(=O)[N-]S(=O)(=O)C(F)(F)F.[Ca+2],,0.5,1.2,1,2.2,24,50,0.1,0,0,0
sufex_001230,1230,0,0,C1CN2CCN1CC2,C[Si](C)(C)N1CCOCC1,O=S(=O)(F)OC1=CC=CC2=C1C=CC=C2,O=S(=O)(OC1=CC=CC2=C1C=CC=C2)N1CCOCC1,C1COCCO1,,,0.5,1.2,1,2.2,24,80,0,0,0,0
sufex_001231,1231,0.61,61,C1CN2CCN1CC2,C[Si](C)(C)N1CCOCC1,O=S(=O)(F)OC1=CC=CC2=C1C=CC=C2,O=S(=O)(OC1=CC=CC2=C1C=CC=C2)N1CCOCC1,C1COCCO1,C(F)(F)(F)S(=O)(=O)[N-]S(=O)(=O)C(F)(F)F.C(F)(F)(F)S(=O)(=O)[N-]S(=O)(=O)C(F)(F)F.[Ca+2],,0.5,1.2,1,2.2,24,80,0.1,0,0,0
sufex_001232,1232,0.1,10,C1CN2CCN1CC2,C[Si](C)(C)N1C=CN=C1,O=C(C1=CC=CC=C1)C1=CC=C(OS(=O)(=O)F)C=C1,O=C(C1=CC=CC=C1)C1=CC=C(OS(=O)(=O)N2C=CN=C2)C=C1,C1COCCO1,,,0.5,1.2,1,2.2,24,80,0,0,0,0
sufex_001233,1233,0.61,61,C1CN2CCN1CC2,C[Si](C)(C)N1C=CN=C1,O=C(C1=CC=CC=C1)C1=CC=C(OS(=O)(=O)F)C=C1,O=C(C1=CC=CC=C1)C1=CC=C(OS(=O)(=O)N2C=CN=C2)C=C1,C1COCCO1,C(F)(F)(F)S(=O)(=O)[N-]S(=O)(=O)C(F)(F)F.C(F)(F)(F)S(=O)(=O)[N-]S(=O)(=O)C(F)(F)F.[Ca+2],,0.5,1.2,1,2.2,24,80,0.1,0,0,0
sufex_001234,1234,0,0,C1CN2CCN1CC2,C[Si](C)(C)N=CC1=CC=CC=C1,CC1=CC=C(S(=O)(=O)F)C=C1,CC1=CC=C(S(=O)(=O)/N=C/C2=CC=CC=C2)C=C1,C1COCCO1,,,0.5,1.2,1,2.2,24,50,0,0,0,0
sufex_001235,1235,0.59,59,C1CN2CCN1CC2,C[Si](C)(C)N=CC1=CC=CC=C1,CC1=CC=C(S(=O)(=O)F)C=C1,CC1=CC=C(S(=O)(=O)/N=C/C2=CC=CC=C2)C=C1,C1COCCO1,C(F)(F)(F)S(=O)(=O)[N-]S(=O)(=O)C(F)(F)F.C(F)(F)(F)S(=O)(=O)[N-]S(=O)(=O)C(F)(F)F.[Ca+2],,0.5,1.2,1,2.2,24,50,0.1,0,0,0
sufex_001236,1236,0,0,C1CN2CCN1CC2,C[Si](C)(C)N1CCOCC1,O=S(=O)(F)N1CCN(C2=CC=CC(C(F)(F)F)=N2)CC1,O=S(=O)(N1CCOCC1)N1CCN(C2=CC=CC(C(F)(F)F)=N2)CC1,C1COCCO1,,,0.5,1.2,1,2.2,24,80,0,0,0,0
sufex_001237,1237,0.47,47,C1CN2CCN1CC2,C[Si](C)(C)N1CCOCC1,O=S(=O)(F)N1CCN(C2=CC=CC(C(F)(F)F)=N2)CC1,O=S(=O)(N1CCOCC1)N1CCN(C2=CC=CC(C(F)(F)F)=N2)CC1,C1COCCO1,C(F)(F)(F)S(=O)(=O)[N-]S(=O)(=O)C(F)(F)F.C(F)(F)(F)S(=O)(=O)[N-]S(=O)(=O)C(F)(F)F.[Ca+2],,0.5,1.2,1,2.2,24,80,0.1,0,0,0
sufex_001238,1238,0,0,C1CN2CCN1CC2,C[Si](C)(C)N1C=CN=C1,O=S(=O)(F)OC1=CC=CC2=C1C=CC=C2,O=S(=O)(OC1=CC=CC2=C1C=CC=C2)N1C=CN=C1,C1COCCO1,,,0.5,1.2,1,2.2,24,80,0,0,0,0
sufex_001239,1239,0.45,45,C1CN2CCN1CC2,C[Si](C)(C)N1C=CN=C1,O=S(=O)(F)OC1=CC=CC2=C1C=CC=C2,O=S(=O)(OC1=CC=CC2=C1C=CC=C2)N1C=CN=C1,C1COCCO1,C(F)(F)(F)S(=O)(=O)[N-]S(=O)(=O)C(F)(F)F.C(F)(F)(F)S(=O)(=O)[N-]S(=O)(=O)C(F)(F)F.[Ca+2],,0.5,1.2,1,2.2,24,80,0.1,0,0,0
sufex_001240,1240,0,0,C1CN2CCN1CC2,C[Si](C)(C)N1CCCC1=O,CC1=CC=C(S(=O)(=O)F)C=C1,CC1=CC=C(S(=O)(=O)N2CCCC2=O)C=C1,C1COCCO1,,,0.5,1.2,1,2.2,24,50,0,0,0,0
sufex_001241,1241,0.03,3,C1CN2CCN1CC2,C[Si](C)(C)N1CCOCC1,O=C(C1=CC=CC=C1)C1=CC=C(OS(=O)(=O)F)C=C1,O=C(C1=CC=CC=C1)C1=CC=C(OS(=O)(=O)N2CCOCC2)C=C1,C1COCCO1,,,0.5,1.2,1,2.2,24,80,0,0,0,0
sufex_001242,1242,0.35,35,C1CN2CCN1CC2,C[Si](C)(C)N1CCOCC1,O=C(C1=CC=CC=C1)C1=CC=C(OS(=O)(=O)F)C=C1,O=C(C1=CC=CC=C1)C1=CC=C(OS(=O)(=O)N2CCOCC2)C=C1,C1COCCO1,C(F)(F)(F)S(=O)(=O)[N-]S(=O)(=O)C(F)(F)F.C(F)(F)(F)S(=O)(=O)[N-]S(=O)(=O)C(F)(F)F.[Ca+2],,0.5,1.2,1,2.2,24,80,0.1,0,0,0
sufex_001243,1243,0,0,C1CN2CCN1CC2,CC(C)[Si](C(C)C)(C(C)C)N1C=CC(Br)=C1,CC1=CC=C(S(=O)(=O)F)C=C1,CC1=CC=C(S(=O)(=O)N2C=CC(Br)=C2)C=C1,C1COCCO1,C(F)(F)(F)S(=O)(=O)[N-]S(=O)(=O)C(F)(F)F.C(F)(F)(F)S(=O)(=O)[N-]S(=O)(=O)C(F)(F)F.[Ca+2],,0.5,1.2,1,2.2,24,50,0.1,0,0,0
sufex_001244,1244,0.89,89,C1CN2CCN1CC2,C[Si](C)(C)N1CCOCC1,CC1=CC=C(S(=O)(=O)F)C=C1,CC1=CC=C(S(=O)(=O)N2CCOCC2)C=C1,C1COCCO1,[O-]S(=O)(C(F)(F)F)=O.[O-]S(=O)(C(F)(F)F)=O.[Ca+2],,0.5,1.2,1,2.2,24,50,0.1,0,0,0
sufex_001245,1245,0.99,99,C1CN2CCN1CC2,C[Si](C)(C)N1CCOCC1,CC1=CC=C(S(=O)(=O)F)C=C1,CC1=CC=C(S(=O)(=O)N2CCOCC2)C=C1,C1COCCO1,FC(F)(S(=O)([N-]S(=O)(C(F)(F)F)=O)=O)F.FC(F)(S(=O)([N-]S(=O)(C(F)(F)F)=O)=O)F.FC(F)(S(=O)([N-]S(=O)(C(F)(F)F)=O)=O)F.[La+3],,0.5,1.2,1,2.2,24,50,0.1,0,0,0
sufex_001246,1246,0.88,88,C1CN2CCN1CC2,C[Si](C)(C)N1CCOCC1,CC1=CC=C(S(=O)(=O)F)C=C1,CC1=CC=C(S(=O)(=O)N2CCOCC2)C=C1,C1COCCO1,C(F)(F)(F)S(=O)(=O)[N-]S(=O)(=O)C(F)(F)F.C(F)(F)(F)S(=O)(=O)[N-]S(=O)(=O)C(F)(F)F.[Zn+2],,0.5,1.2,1,2.2,24,50,0.1,0,0,0
sufex_001247,1247,0.88,88,C1CN2CCN1CC2,C[Si](C)(C)N1CCOCC1,CC1=CC=C(S(=O)(=O)F)C=C1,CC1=CC=C(S(=O)(=O)N2CCOCC2)C=C1,C1COCCO1,FC(F)(S(=O)([N-]S(=O)(C(F)(F)F)=O)=O)F.[Li+],,0.5,1.2,1,2.2,24,50,0.1,0,0,0
sufex_001248,1248,0.72,72,C1CN2CCN1CC2,C[Si](C)(C)N1CCOCC1,CC1=CC=C(S(=O)(=O)F)C=C1,CC1=CC=C(S(=O)(=O)N2CCOCC2)C=C1,C1COCCO1,[O-]S(=O)(C(F)(F)F)=O.[O-]S(=O)(C(F)(F)F)=O.[O-]S(=O)(C(F)(F)F)=O.[Sc+3],,0.5,1.2,1,2.2,24,50,0.1,0,0,0
sufex_001249,1249,0.74,74,C1CN2CCN1CC2,C[Si](C)(C)N1CCOCC1,CC1=CC=C(S(=O)(=O)F)C=C1,CC1=CC=C(S(=O)(=O)N2CCOCC2)C=C1,C1COCCO1,[O-]S(=O)(C(F)(F)F)=O.[O-]S(=O)(C(F)(F)F)=O.[O-]S(=O)(C(F)(F)F)=O.[La+3],,0.5,1.2,1,2.2,24,50,0.1,0,0,0
sufex_001250,1250,0.64,64,C1CN2CCN1CC2,C[Si](C)(C)NCC1=CC=CC=C1,CC1=CC=C(S(=O)(=O)F)C=C1,CC1=CC=C(S(=O)(=O)[NH]CC2=CC=CC=C2)C=C1,C1COCCO1,[O-]S(=O)(C(F)(F)F)=O.[O-]S(=O)(C(F)(F)F)=O.[Ca+2],,0.5,1.2,1,2.2,24,50,0.1,0,0,0
sufex_001251,1251,0.68,68,C1CN2CCN1CC2,C[Si](C)(C)NCC1=CC=CC=C1,CC1=CC=C(S(=O)(=O)F)C=C1,CC1=CC=C(S(=O)(=O)[NH]CC2=CC=CC=C2)C=C1,C1COCCO1,FC(F)(S(=O)([N-]S(=O)(C(F)(F)F)=O)=O)F.[Li+],,0.5,1.2,1,2.2,24,50,0.1,0,0,0
sufex_001252,1252,0.61,61,C1CN2CCN1CC2,CC(C)(C)N[Si](C)(C)C,CC1=CC=C(S(=O)(=O)F)C=C1,CC1=CC=C(S(=O)(=O)[NH]C(C)(C)C)C=C1,C1COCCO1,[O-]S(=O)(C(F)(F)F)=O.[O-]S(=O)(C(F)(F)F)=O.[Ca+2],,0.5,1,1,2.2,24,50,0.1,0,0,0
sufex_001253,1253,0.65,65,C1CN2CCN1CC2,CC(C)(C)N[Si](C)(C)C,CC1=CC=C(S(=O)(=O)F)C=C1,CC1=CC=C(S(=O)(=O)[NH]C(C)(C)C)C=C1,C1COCCO1,FC(F)(S(=O)([N-]S(=O)(C(F)(F)F)=O)=O)F.[Li+],,0.5,1,1,2.2,24,50,0.1,0,0,0
sufex_001254,1254,0.7,70,C1CN2CCN1CC2,C[Si](C)(C)N1C=CN=C1,CC1=CC=C(S(=O)(=O)F)C=C1,CC1=CC=C(S(=O)(=O)N2C=CN=C2)C=C1,C1COCCO1,[O-]S(=O)(C(F)(F)F)=O.[O-]S(=O)(C(F)(F)F)=O.[Ca+2],,0.5,1.2,1,2.2,24,50,0.1,0,0,0
sufex_001255,1255,0.41,41,C1CN2CCN1CC2,C[Si](C)(C)N1C=CN=C1,CC1=CC=C(S(=O)(=O)F)C=C1,CC1=CC=C(S(=O)(=O)N2C=CN=C2)C=C1,C1COCCO1,FC(F)(S(=O)([N-]S(=O)(C(F)(F)F)=O)=O)F.[Li+],,0.5,1.2,1,2.2,24,50,0.1,0,0,0
sufex_001256,1256,0.5,50,C1CN2CCN1CC2,C[Si](C)(C)N1CCOCC1,O=S(=O)(F)OC1=CC=CC2=C1C=CC=C2,O=S(=O)(OC1=CC=CC2=C1C=CC=C2)N1CCOCC1,C1COCCO1,[O-]S(=O)(C(F)(F)F)=O.[O-]S(=O)(C(F)(F)F)=O.[Ca+2],,0.5,1.2,1,2.2,24,80,0.1,0,0,0
sufex_001257,1257,0.56,56,C1CN2CCN1CC2,C[Si](C)(C)N1CCOCC1,O=S(=O)(F)OC1=CC=CC2=C1C=CC=C2,O=S(=O)(OC1=CC=CC2=C1C=CC=C2)N1CCOCC1,C1COCCO1,FC(F)(S(=O)([N-]S(=O)(C(F)(F)F)=O)=O)F.[Li+],,0.5,1.2,1,2.2,24,80,0.1,0,0,0
sufex_001258,1258,0.72,72,,FC1=CC=C(C=C1)CN2CCN([Si](C)(C)C)CC2,O=S(=O)(F)C1=CC=CC=C1,O=S(=O)(C1=CC=CC=C1)N1CCN(CC2=CC=C(F)C=C2)CC1,C1COCCO1,C(F)(F)(F)S(=O)(=O)[N-]S(=O)(=O)C(F)(F)F.C(F)(F)(F)S(=O)(=O)[N-]S(=O)(=O)C(F)(F)F.[Ca+2],,0,1.2,1,2.2,16,50,0.1,0,0,0
sufex_001259,1259,0.89,89,CC(C)N(CC)C(C)C,FC1=CC=C(C=C1)CN2CCN([Si](C)(C)C)CC2,O=S(=O)(F)C1=CC=CC=C1,O=S(=O)(C1=CC=CC=C1)N1CCN(CC2=CC=C(F)C=C2)CC1,C1COCCO1,C(F)(F)(F)S(=O)(=O)[N-]S(=O)(=O)C(F)(F)F.C(F)(F)(F)S(=O)(=O)[N-]S(=O)(=O)C(F)(F)F.[Ca+2],,0.5,1.2,1,2.2,16,50,0.1,0,0,0
sufex_001260,1260,0.97,97,N12CCC(CC2)CC1,FC1=CC=C(C=C1)CN2CCN([Si](C)(C)C)CC2,O=S(=O)(F)C1=CC=CC=C1,O=S(=O)(C1=CC=CC=C1)N1CCN(CC2=CC=C(F)C=C2)CC1,C1COCCO1,C(F)(F)(F)S(=O)(=O)[N-]S(=O)(=O)C(F)(F)F.C(F)(F)(F)S(=O)(=O)[N-]S(=O)(=O)C(F)(F)F.[Ca+2],,0.5,1.2,1,2.2,16,50,0.1,0,0,0
sufex_001261,1261,0.97,97,CCN(CC)CC,CCCCN,CC1=CC(C)=C(C(C)=C1)CS(=O)(F)=O,CCCCNS(=O)(=O)CC1=C(C)C=C(C)C=C1C,CC#N,,,2,2,1,35.7,2,70,0,0,0,0
sufex_001262,1262,1,100,CCN(CC)CC,C1COCCN1,CC1=CC(C)=C(C(C)=C1)CS(=O)(F)=O,CC1=CC(C)=C(CS(=O)(=O)N2CCOCC2)C(C)=C1,CC#N,,,2,2,1,35.7,2,70,0,0,0,0
sufex_001263,1263,0.82,82,C1CCC2=NCCCN2CC1,CN[C@H]1CC[C@@H](C2=CC(Cl)=C(Cl)C=C2)C2=CC=CC=C21,CC1=CC(C)=C(C(C)=C1)CS(=O)(F)=O,CC1=CC(C)=C(CS(=O)(=O)N(C)[C@H]2CC[C@@H](C3=CC(Cl)=C(Cl)C=C3)C3=CC=CC=C32)C(C)=C1,CC#N,,,2,2,1,35.7,2,70,0,0,0,0
sufex_001264,1264,0.74,74,C1CN2CCN1CC2,C1CCNC1,N#CC(CCC1=CC=CC=C1)CS(=O)(=O)F,N#CC(CCC1=CC=CC=C1)CS(=O)(=O)N1CCCC1,C1CCCO1,C(F)(F)(F)S(=O)(=O)[N-]S(=O)(=O)C(F)(F)F.C(F)(F)(F)S(=O)(=O)[N-]S(=O)(=O)C(F)(F)F.[Ca+2],,1.5,1.5,1,7.4,48,25,1.1,0,0,0
sufex_001265,1265,0.85,85,C1CN2CCN1CC2,C1COCCN1,N#CC(CCC1=CC=CC=C1)CS(=O)(=O)F,N#CC(CCC1=CC=CC=C1)CS(=O)(=O)N1CCOCC1,C1CCCO1,C(F)(F)(F)S(=O)(=O)[N-]S(=O)(=O)C(F)(F)F.C(F)(F)(F)S(=O)(=O)[N-]S(=O)(=O)C(F)(F)F.[Ca+2],,1.5,1.5,1,7.4,48,25,1.1,0,0,0
sufex_001266,1266,0.78,78,C1CN2CCN1CC2,CC(C)(C)OC(=O)[C@@H]1CCCN1,N#CC(CCC1=CC=CC=C1)CS(=O)(=O)F,CC(C)(C)OC(=O)[C@@H]1CCCN1S(=O)(=O)CC(C#N)CCC1=CC=CC=C1,C1CCCO1,C(F)(F)(F)S(=O)(=O)[N-]S(=O)(=O)C(F)(F)F.C(F)(F)(F)S(=O)(=O)[N-]S(=O)(=O)C(F)(F)F.[Ca+2],,1.5,1.5,1,7.4,48,25,1.1,0,0,0
sufex_001267,1267,0.8,80,CCN(CC)CC,C1CNCCO1,O=C(CCCCS(=O)(=O)F)C1=CC=CC=C1,O=C(CCCCS(=O)(=O)N1CCOCC1)C1=CC=CC=C1,CC#N,,,2,2,1,35.7,24,80,0,0,0,0
sufex_001268,1268,0.75,75,CCN(CC)CC,C1CNCCO1,O=S(=O)(F)CCCC1=CC=CC=C1,O=S(=O)(CCCC1=CC=CC=C1)N1CCOCC1,CC#N,,,2,2,1,35.7,24,80,0,0,0,0
sufex_001269,1269,0.52,52,CCC[CH2-].[Li+],C1CNCCO1,O=S(=O)(F)C1=C(C2=CC=CC=C2)N=C(NC2=CC=C(F)C=C2)S1,O=S(=O)(C1=C(C2=CC=CC=C2)N=C(NC2=CC=C(F)C=C2)S1)N1CCOCC1,C1CCCO1,,,2.2,2.4,1,7.4,3,60,0,0,0,0
sufex_001270,1270,0.45,45,CCN(C(C)C)C(C)C,N=C(N)C1=CC=C(Cl)C=C1,O=S(=O)(F)F,N=C(NS(=O)(=O)F)C1=CC=C(Cl)C=C1,CC#N,,,2,1,1,35.7,2,25,0,0,0,0
sufex_001271,1271,0.92,92,C12=NCCCN1CCCCC2,N=C(N)C1=CC=C(Cl)C=C1,O=S(=O)(F)F,N=C(NS(=O)(=O)F)C1=CC=C(Cl)C=C1,CC#N,,,2,1,1,35.7,2,25,0,0,0,0
sufex_001272,1272,0,0,C1=CN=CC=C1,N=C(N)C1=CC=C(Cl)C=C1,O=S(=O)(F)F,N=C(NS(=O)(=O)F)C1=CC=C(Cl)C=C1,CC#N,,,2,1,1,35.7,2,25,0,0,0,0
sufex_001273,1273,0.89,89,CC(C)(C)/N=C(N(C)C)/N(C)C,N=C(N)C1=CC=C(Cl)C=C1,O=S(=O)(F)F,N=C(NS(=O)(=O)F)C1=CC=C(Cl)C=C1,CC#N,,,2,1,1,35.7,2,25,0,0,0,0
sufex_001274,1274,0.46,46,O=C([O-])[O-].[Na+].[Na+],N=C(N)C1=CC=C(Cl)C=C1,O=S(=O)(F)F,N=C(NS(=O)(=O)F)C1=CC=C(Cl)C=C1,CC#N,,,2,1,1,35.7,2,25,0,0,0,0
sufex_001275,1275,0.87,87,C(=O)([O-])[O-].[K+].[K+],N=C(N)C1=CC=C(Cl)C=C1,O=S(=O)(F)F,N=C(NS(=O)(=O)F)C1=CC=C(Cl)C=C1,CC#N,,,2,1,1,35.7,2,25,0,0,0,0
sufex_001276,1276,0.65,65,[O-]C([O-])=O.[Cs+].[Cs+],N=C(N)C1=CC=C(Cl)C=C1,O=S(=O)(F)F,N=C(NS(=O)(=O)F)C1=CC=C(Cl)C=C1,CC#N,,,2,1,1,35.7,2,25,0,0,0,0
sufex_001277,1277,0.01,1,[O-]C([O-])=O.[Li+].[Li+],N=C(N)C1=CC=C(Cl)C=C1,O=S(=O)(F)F,N=C(NS(=O)(=O)F)C1=CC=C(Cl)C=C1,CC#N,,,2,1,1,35.7,2,25,0,0,0,0
sufex_001278,1278,0.06,6,[O-]C(O)=O.[Na+],N=C(N)C1=CC=C(Cl)C=C1,O=S(=O)(F)F,N=C(NS(=O)(=O)F)C1=CC=C(Cl)C=C1,CC#N,,,2,1,1,35.7,2,25,0,0,0,0
sufex_001279,1279,0.33,33,[OH-].[Na+],N=C(N)C1=CC=C(Cl)C=C1,O=S(=O)(F)F,N=C(NS(=O)(=O)F)C1=CC=C(Cl)C=C1,CC#N,,,2,1,1,35.7,2,25,0,0,0,0
sufex_001280,1280,0.83,83,[O-][Si](C)(C)C.[K+],N=C(N)C1=CC=C(Cl)C=C1,O=S(=O)(F)F,N=C(NS(=O)(=O)F)C1=CC=C(Cl)C=C1,CC#N,,,2,1,1,35.7,2,25,0,0,0,0
sufex_001281,1281,0.91,91,C12=NCCCN1CCCCC2,N=C(N)C1=CC=C(Cl)C=C1,O=S(=O)(F)F,N=C(NS(=O)(=O)F)C1=CC=C(Cl)C=C1,CC#N,,,1,1,1,35.7,2,25,0,0,0,0
sufex_001282,1282,0.91,91,C12=NCCCN1CCCCC2,N=C(N)C1=CC=C(Cl)C=C1,O=S(=O)(F)F,N=C(NS(=O)(=O)F)C1=CC=C(Cl)C=C1,CC#N,,,1.5,1,1,35.7,2,25,0,0,0,0
sufex_001283,1283,0.91,91,C(=O)([O-])[O-].[K+].[K+],N=C(N)C1=CC=C(Cl)C=C1,O=S(=O)(F)F,N=C(NS(=O)(=O)F)C1=CC=C(Cl)C=C1,CC#N,,,1,1,1,35.7,2,25,0,0,0,0
sufex_001284,1284,0.9,90,C(=O)([O-])[O-].[K+].[K+],N=C(N)C1=CC=C(Cl)C=C1,O=S(=O)(F)F,N=C(NS(=O)(=O)F)C1=CC=C(Cl)C=C1,CC#N,,,1.5,1,1,35.7,2,25,0,0,0,0
sufex_001285,1285,0.35,35,C12=NCCCN1CCCCC2,N=C(N)C1=CC=C(Cl)C=C1,O=S(=O)(F)F,N=C(NS(=O)(=O)F)C1=CC=C(Cl)C=C1,CCCCCC,,,1.5,1,1,1.9,2,25,0,0,0,0
sufex_001286,1286,0.44,44,C12=NCCCN1CCCCC2,N=C(N)C1=CC=C(Cl)C=C1,O=S(=O)(F)F,N=C(NS(=O)(=O)F)C1=CC=C(Cl)C=C1,C1CCCO1,,,1.5,1,1,7.4,2,25,0,0,0,0
sufex_001287,1287,0.76,76,C12=NCCCN1CCCCC2,N=C(N)C1=CC=C(Cl)C=C1,O=S(=O)(F)F,N=C(NS(=O)(=O)F)C1=CC=C(Cl)C=C1,C(Cl)Cl,,,1.5,1,1,8.9,2,25,0,0,0,0
sufex_001288,1288,0.61,61,C12=NCCCN1CCCCC2,N=C(N)C1=CC=C(Cl)C=C1,O=S(=O)(F)F,N=C(NS(=O)(=O)F)C1=CC=C(Cl)C=C1,CC(C)=O,,,1.5,1,1,20.5,2,25,0,0,0,0
sufex_001289,1289,0.9,90,C12=NCCCN1CCCCC2,N=C(N)C1=CC=C(Cl)C=C1,O=S(=O)(F)F,N=C(NS(=O)(=O)F)C1=CC=C(Cl)C=C1,CN(C=O)C,,,1.5,1,1,37.2,2,25,0,0,0,0
sufex_001290,1290,0.2,20,C12=NCCCN1CCCCC2,N=C(N)C1=CC=C(Cl)C=C1,O=S(=O)(F)F,N=C(NS(=O)(=O)F)C1=CC=C(Cl)C=C1,COC(C)(C)C,,,1.5,1,1,4.5,2,25,0,0,0,0
sufex_001291,1291,0.88,88,C12=NCCCN1CCCCC2,N=C(N)C1=CC=C(Cl)C=C1,O=S(=O)(F)F,N=C(NS(=O)(=O)F)C1=CC=C(Cl)C=C1,CS(=O)C,,,1.5,1,1,46.8,2,25,0,0,0,0
sufex_001292,1292,0.5,50,C(=O)([O-])[O-].[K+].[K+],N=C(N)C1=CC=C(Cl)C=C1,O=S(=O)(F)F,N=C(NS(=O)(=O)F)C1=CC=C(Cl)C=C1,C(Cl)Cl,,,1.5,1,1,8.9,2,25,0,0,0,0
sufex_001293,1293,0.88,88,C(=O)([O-])[O-].[K+].[K+],N=C(N)C1=CC=C(Cl)C=C1,O=S(=O)(F)F,N=C(NS(=O)(=O)F)C1=CC=C(Cl)C=C1,CN(C=O)C,,,1.5,1,1,37.2,2,25,0,0,0,0
sufex_001294,1294,0.93,93,C(=O)([O-])[O-].[K+].[K+],N=C(N)C1=CC=C(Cl)C=C1,O=S(=O)(F)F,N=C(NS(=O)(=O)F)C1=CC=C(Cl)C=C1,CS(=O)C,,,1.5,1,1,46.8,2,25,0,0,0,0
sufex_001295,1295,0.95,95,C(=O)([O-])[O-].[K+].[K+],N=C(N)C1=CC=C(Br)C=C1,O=S(=O)(F)F,N=C(NS(=O)(=O)F)C1=CC=C(Br)C=C1,CC#N,,,1.5,1,1,35.7,2,25,0,0,0,0
sufex_001296,1296,0.93,93,C(=O)([O-])[O-].[K+].[K+],N=C(N)C1=CC(Cl)=CC=C1,O=S(=O)(F)F,N=C(NS(=O)(=O)F)C1=CC(Cl)=CC=C1,CC#N,,,1.5,1,1,35.7,2,25,0,0,0,0
sufex_001297,1297,0.93,93,C(=O)([O-])[O-].[K+].[K+],N=C(N)C1=NN(CC2=C(F)C=CC=C2)C2=NC=CC=C12,O=S(=O)(F)F,N=C(NS(=O)(=O)F)C1=NN(CC2=C(F)C=CC=C2)C2=NC=CC=C12,CC#N,,,1.5,1,1,35.7,2,25,0,0,0,0
sufex_001298,1298,0.93,93,C(=O)([O-])[O-].[K+].[K+],COC1=CC=C(C(=N)N)C=C1,O=S(=O)(F)F,COC1=CC=C(C(=N)NS(=O)(=O)F)C=C1,CC#N,,,1.5,1,1,35.7,2,25,0,0,0,0
sufex_001299,1299,0.92,92,C(=O)([O-])[O-].[K+].[K+],N=C(N)C1=CC=C(C2=CC=CC=C2)C=C1,O=S(=O)(F)F,N=C(NS(=O)(=O)F)C1=CC=C(C2=CC=CC=C2)C=C1,CC#N,,,1.5,1,1,35.7,2,25,0,0,0,0
sufex_001300,1300,0.92,92,C(=O)([O-])[O-].[K+].[K+],N=C(N)C1=CC=CC=C1,O=S(=O)(F)F,N=C(NS(=O)(=O)F)C1=CC=CC=C1,CC#N,,,1.5,1,1,35.7,2,25,0,0,0,0
sufex_001301,1301,0.92,92,C(=O)([O-])[O-].[K+].[K+],N=C(N)C1=CC=C(F)C=C1,O=S(=O)(F)F,N=C(NS(=O)(=O)F)C1=CC=C(F)C=C1,CC#N,,,1.5,1,1,35.7,2,25,0,0,0,0
sufex_001302,1302,0.91,91,C(=O)([O-])[O-].[K+].[K+],CCOC1=C(C(=N)N)C=CC=C1,O=S(=O)(F)F,CCOC1=C(C(=N)NS(=O)(=O)F)C=CC=C1,CC#N,,,1.5,1,1,35.7,2,25,0,0,0,0
sufex_001303,1303,0.89,89,C(=O)([O-])[O-].[K+].[K+],COC(=O)C1=CC=C(C(=N)N)C=C1,O=S(=O)(F)F,COC(=O)C1=CC=C(C(=N)NS(=O)(=O)F)C=C1,CC#N,,,1.5,1,1,35.7,2,25,0,0,0,0
sufex_001304,1304,0.87,87,C(=O)([O-])[O-].[K+].[K+],COC1=C(OC)C=C(C(=N)N)C=C1,O=S(=O)(F)F,COC1=C(OC)C=C(C(=N)NS(=O)(=O)F)C=C1,CC#N,,,1.5,1,1,35.7,2,25,0,0,0,0
sufex_001305,1305,0.86,86,C(=O)([O-])[O-].[K+].[K+],N=C(N)CNC(=O)OCC1=CC=CC=C1,O=S(=O)(F)F,N=C(CNC(=O)OCC1=CC=CC=C1)NS(=O)(=O)F,CC#N,,,1.5,1,1,35.7,2,25,0,0,0,0
sufex_001306,1306,0.85,85,C(=O)([O-])[O-].[K+].[K+],COC(=O)C1=CC(C(=N)N)=CC=C1,O=S(=O)(F)F,COC(=O)C1=CC=CC(C(=N)NS(=O)(=O)F)=C1,CC#N,,,1.5,1,1,35.7,2,25,0,0,0,0
sufex_001307,1307,0.85,85,C(=O)([O-])[O-].[K+].[K+],CS(=O)(=O)C1=CC=C(C(=N)N)C=C1,O=S(=O)(F)F,CS(=O)(=O)C1=CC=C(C(=N)NS(=O)(=O)F)C=C1,CC#N,,,1.5,1,1,35.7,2,25,0,0,0,0
sufex_001308,1308,0.84,84,C(=O)([O-])[O-].[K+].[K+],CCCCC(=N)N,O=S(=O)(F)F,CCCCC(=N)NS(=O)(=O)F,CC#N,,,1.5,1,1,35.7,2,25,0,0,0,0
sufex_001309,1309,0.84,84,C(=O)([O-])[O-].[K+].[K+],N=C(N)C1=CC=C(C(F)(F)F)C=C1,O=S(=O)(F)F,N=C(NS(=O)(=O)F)C1=CC=C(C(F)(F)F)C=C1,CC#N,,,1.5,1,1,35.7,2,25,0,0,0,0
sufex_001310,1310,0.83,83,C(=O)([O-])[O-].[K+].[K+],N=C(N)C1=CN=CC=C1,O=S(=O)(F)F,N=C(NS(=O)(=O)F)C1=CN=CC=C1,CC#N,,,1.5,1,1,35.7,2,25,0,0,0,0
sufex_001311,1311,0.83,83,C(=O)([O-])[O-].[K+].[K+],CCOC(=O)CC(=N)N,O=S(=O)(F)F,CCOC(=O)CC(=N)NS(=O)(=O)F,CC#N,,,1.5,1,1,35.7,2,25,0,0,0,0
sufex_001312,1312,0.81,81,C(=O)([O-])[O-].[K+].[K+],N=C(N)C1=NC=CN=C1,O=S(=O)(F)F,N=C(NS(=O)(=O)F)C1=NC=CN=C1,CC#N,,,1.5,1,1,35.7,2,25,0,0,0,0
sufex_001313,1313,0.81,81,C(=O)([O-])[O-].[K+].[K+],N=C(N)C1=CC=C(N(=O)=O)C=C1,O=S(=O)(F)F,N=C(NS(=O)(=O)F)C1=CC=C(N(=O)=O)C=C1,CC#N,,,1.5,1,1,35.7,2,25,0,0,0,0
sufex_001314,1314,0.79,79,C(=O)([O-])[O-].[K+].[K+],N=C(N)C1=NC=CC=N1,O=S(=O)(F)F,N=C(NS(=O)(=O)F)C1=NC=CC=N1,CC#N,,,1.5,1,1,35.7,2,25,0,0,0,0
sufex_001315,1315,0.79,79,C(=O)([O-])[O-].[K+].[K+],N=C(N)CC1=C(Cl)C=CC=C1Cl,O=S(=O)(F)F,N=C(CC1=C(Cl)C=CC=C1Cl)NS(=O)(=O)F,CC#N,,,1.5,1,1,35.7,2,25,0,0,0,0
sufex_001316,1316,0.76,76,C(=O)([O-])[O-].[K+].[K+],N=C(N)C1=CC=CC=N1,O=S(=O)(F)F,N=C(NS(=O)(=O)F)C1=CC=CC=N1,CC#N,,,1.5,1,1,35.7,2,25,0,0,0,0
sufex_001317,1317,0.75,75,C(=O)([O-])[O-].[K+].[K+],N=C(N)CCl,O=S(=O)(F)F,N=C(CCl)NS(=O)(=O)F,CC#N,,,1.5,1,1,35.7,2,25,0,0,0,0
sufex_001318,1318,0.75,75,C(=O)([O-])[O-].[K+].[K+],N=C(N)C1=NC2=C(C=CC=C2)C=C1,O=S(=O)(F)F,N=C(NS(=O)(=O)F)C1=NC2=C(C=CC=C2)C=C1,CC#N,,,1.5,1,1,35.7,2,25,0,0,0,0
sufex_001319,1319,0.73,73,C(=O)([O-])[O-].[K+].[K+],N=C(N)C1=CC=NC=C1,O=S(=O)(F)F,N=C(NS(=O)(=O)F)C1=CC=NC=C1,CC#N,,,1.5,1,1,35.7,2,25,0,0,0,0
sufex_001320,1320,0.68,68,C(=O)([O-])[O-].[K+].[K+],CC(C)(C)C(=N)N,O=S(=O)(F)F,CC(C)(C)C(=N)NS(=O)(=O)F,CC#N,,,1.5,1,1,35.7,2,25,0,0,0,0
sufex_001321,1321,0.63,63,C(=O)([O-])[O-].[K+].[K+],N=C(N)C1=NC=CS1,O=S(=O)(F)F,N=C(NS(=O)(=O)F)C1=NC=CS1,CC#N,,,1.5,1,1,35.7,2,25,0,0,0,0
sufex_001322,1322,0.58,58,C(=O)([O-])[O-].[K+].[K+],N=C(N)C1CC1,O=S(=O)(F)F,N=C(NS(=O)(=O)F)C1CC1,CC#N,,,1.5,1,1,35.7,2,25,0,0,0,0
sufex_001323,1323,0.57,57,C(=O)([O-])[O-].[K+].[K+],N=C(N)C1=CC=C(C(N)=O)C=C1,O=S(=O)(F)F,N=C(NS(=O)(=O)F)C1=CC=C(C(N)=O)C=C1,CC#N,,,1.5,1,1,35.7,2,25,0,0,0,0
sufex_001324,1324,0.46,46,C12=NCCCN1CCCCC2,N/C(C1=CC=CC=C1)=N\C2=CC=CC=C2,O=S(=O)(F)F,O=S(=O)(F)NC(=NC1=CC=CC=C1)C1=CC=CC=C1,CC#N,,,1.5,1,1,35.7,2,25,0,0,0,0
sufex_001325,1325,0.98,98,CCN(CC)CC,COC1=CC=C2CNCCC2=C1,O=S(=O)(F)F,COC1=CC=C2CN(S(=O)(=O)F)CCC2=C1,CC#N,,,3,1,1,35.7,12,25,0,0,0,0
sufex_001326,1326,0.95,95,C(=O)([O-])[O-].[Na+].[Na+],C1=CCNC1,O=S(=O)(F)F,O=S(=O)(F)N1CC=CC1,CC#N,,,3,1,1,35.7,12,25,0,0,0,0
sufex_001327,1327,0.92,92,CCN(CC)CC,C1=CC2=C(CCNC2)S1,O=S(=O)(F)F,O=S(=O)(F)N1CCC2=C(C=CS2)C1,CC#N,,,3,1,1,35.7,12,25,0,0,0,0
sufex_001328,1328,0.86,86,C(=O)([O-])[O-].[Na+].[Na+],C1CNC1,O=S(=O)(F)F,O=S(=O)(F)N1CCC1,CC#N,,,3,1,1,35.7,12,25,0,0,0,0
sufex_001329,1329,0.76,76,CCN(CC)CC,C1CCNCC1,O=S(=O)(F)F,O=S(=O)(F)N1CCCCC1,CC#N,,,3,1,1,35.7,12,25,0,0,0,0
sufex_001330,1330,0.72,72,CCN(CC)CC,C1CSCCN1,O=S(=O)(F)F,O=S(=O)(F)N1CCSCC1,CC#N,,,3,1,1,35.7,12,25,0,0,0,0
sufex_001331,1331,0.69,69,CCN(CC)CC,C1CCNC1,O=S(=O)(F)F,O=S(=O)(F)N1CCCC1,CC#N,,,3,1,1,35.7,12,25,0,0,0,0
sufex_001332,1332,0.68,68,CCN(CC)CC,CC1(O)CCNCC1,O=S(=O)(F)F,CC1(O)CCN(S(=O)(=O)F)CC1,C(Cl)Cl,,,1.05,1,1,8.9,12,25,0,0,0,0
sufex_001333,1333,0.63,63,CCN(CC)CC,N#CC1CCNC1,O=S(=O)(F)F,N#CC1CCN(S(=O)(=O)F)C1,CC#N,,,3,1,1,35.7,12,25,0,0,0,0
sufex_001334,1334,0.44,44,CCN(CC)CC,C1COCCN1,O=S(=O)(F)F,O=S(=O)(F)N1CCOCC1,CC#N,,,3,1,1,35.7,12,25,0,0,0,0
sufex_001335,1335,0.27,27,[Na+].[H-],OC1CCCC1,O=S(=O)(F)N1CCCC1,O=S(=O)(OC1CCCC1)N1CCCC1,C1CCCO1,,,1.2,1,1,7.4,12,25,0,0,0,0
sufex_001336,1336,0.54,54,C1CN2CCN1CC2,C1CNCCO1,O=S(=O)(F)N1CCCC1,O=S(=O)(N1CCCC1)N1CCOCC1,C1CCCO1,C(F)(F)(F)S(=O)(=O)[N-]S(=O)(=O)C(F)(F)F.C(F)(F)(F)S(=O)(=O)[N-]S(=O)(=O)C(F)(F)F.[Ca+2],,1.5,1.05,1,7.4,12,25,1.1,0,0,0
sufex_001337,1337,0.97,97,CC(C1=CC=CC(C(C)C)=C1N2[C]N(C3=C(C=CC=C3C(C)C)C(C)C)C=C2)C,OC1=CC=CC=C1,CC1=CC=C(S(=O)(=O)F)C=C1,CC1=CC=C(S(=O)(=O)OC2=CC=CC=C2)C=C1,CC#N,,,0.066666667,0.666666667,1,35.7,24,25,0,0,1,0
sufex_001338,1338,0.99,99,CC1=CC(C)=C(C(C)=C1)N2C=CN([C]2)C3=C(C=C(C=C3C)C)C,OC1=CC=CC=C1,CC1=CC=C(S(=O)(=O)F)C=C1,CC1=CC=C(S(=O)(=O)OC2=CC=CC=C2)C=C1,CC#N,,,0.066666667,0.666666667,1,35.7,24,25,0,0,1,0
sufex_001339,1339,0.96,96,CC(C)(C)N1C=CN(C(C)(C)C)[C]1,OC1=CC=CC=C1,CC1=CC=C(S(=O)(=O)F)C=C1,CC1=CC=C(S(=O)(=O)OC2=CC=CC=C2)C=C1,CC#N,,,0.066666667,0.666666667,1,35.7,24,25,0,0,1,0
sufex_001340,1340,0.98,98,C1(CCCCC1)N2C=CN(C3CCCCC3)[C]2,OC1=CC=CC=C1,CC1=CC=C(S(=O)(=O)F)C=C1,CC1=CC=C(S(=O)(=O)OC2=CC=CC=C2)C=C1,CC#N,,,0.066666667,0.666666667,1,35.7,24,25,0,0,1,0
sufex_001341,1341,0.96,96,CC(C)C1=CC=CC(C(C)C)=C1N2[C]N(CC2)C3=C(C(C)C)C=CC=C3C(C)C,OC1=CC=CC=C1,CC1=CC=C(S(=O)(=O)F)C=C1,CC1=CC=C(S(=O)(=O)OC2=CC=CC=C2)C=C1,CC#N,,,0.066666667,0.666666667,1,35.7,24,25,0,0,1,0
sufex_001342,1342,0.94,94,N12CCCC1=NN(C3=CC=CC=C3)[C]2,OC1=CC=CC=C1,CC1=CC=C(S(=O)(=O)F)C=C1,CC1=CC=C(S(=O)(=O)OC2=CC=CC=C2)C=C1,CC#N,,,0.066666667,0.666666667,1,35.7,24,25,0,0,1,0
sufex_001343,1343,0.92,92,CC1=CC(C)=C(N2C=CN(C3=C(C)C=C(C)C=C3C)[C]2)C(C)=C1,OC1=CC=CC=C1,CC1=CC=C(S(=O)(=O)F)C=C1,CC1=CC=C(S(=O)(=O)OC2=CC=CC=C2)C=C1,C(Cl)Cl,,,0.066666667,0.666666667,1,8.9,24,25,0,0,1,0
sufex_001344,1344,0.85,85,CC1=CC(C)=C(N2C=CN(C3=C(C)C=C(C)C=C3C)[C]2)C(C)=C1,OC1=CC=CC=C1,CC1=CC=C(S(=O)(=O)F)C=C1,CC1=CC=C(S(=O)(=O)OC2=CC=CC=C2)C=C1,C1CCCO1,,,0.066666667,0.666666667,1,7.4,24,25,0,0,1,0
sufex_001345,1345,0.52,52,CC1=CC(C)=C(N2C=CN(C3=C(C)C=C(C)C=C3C)[C]2)C(C)=C1,OC1=CC=CC=C1,CC1=CC=C(S(=O)(=O)F)C=C1,CC1=CC=C(S(=O)(=O)OC2=CC=CC=C2)C=C1,ClCCCl,,,0.066666667,0.666666667,1,10.1,24,25,0,0,1,0
sufex_001346,1346,0.64,64,CC1=CC(C)=C(N2C=CN(C3=C(C)C=C(C)C=C3C)[C]2)C(C)=C1,OC1=CC=CC=C1,CC1=CC=C(S(=O)(=O)F)C=C1,CC1=CC=C(S(=O)(=O)OC2=CC=CC=C2)C=C1,C1COCCO1,,,0.066666667,0.666666667,1,2.2,24,25,0,0,1,0
sufex_001347,1347,0.54,54,C12=NCCCN1CCCCC2,OC1=CC=CC=C1,CC1=CC=C(S(=O)(=O)F)C=C1,CC1=CC=C(S(=O)(=O)OC2=CC=CC=C2)C=C1,CC#N,,,0.066666667,0.666666667,1,35.7,24,25,0,0,1,0
sufex_001348,1348,0.38,38,C12=NCCCN1CCCN2,OC1=CC=CC=C1,CC1=CC=C(S(=O)(=O)F)C=C1,CC1=CC=C(S(=O)(=O)OC2=CC=CC=C2)C=C1,CC#N,,,0.066666667,0.666666667,1,35.7,24,25,0,0,1,0
sufex_001349,1349,0.6,60,N=C(N(C)C)N(C)C,OC1=CC=CC=C1,CC1=CC=C(S(=O)(=O)F)C=C1,CC1=CC=C(S(=O)(=O)OC2=CC=CC=C2)C=C1,CC#N,,,0.066666667,0.666666667,1,35.7,24,25,0,0,1,0
sufex_001350,1350,0.11,11,[O-]C([O-])=O.[Cs+].[Cs+],OC1=CC=CC=C1,CC1=CC=C(S(=O)(=O)F)C=C1,CC1=CC=C(S(=O)(=O)OC2=CC=CC=C2)C=C1,CC#N,,,0.066666667,0.666666667,1,35.7,48,25,0,0,1,0
sufex_001351,1351,0,0,[O-]C([O-])=O.[K+].[K+],OC1=CC=CC=C1,CC1=CC=C(S(=O)(=O)F)C=C1,CC1=CC=C(S(=O)(=O)OC2=CC=CC=C2)C=C1,CC#N,,,0.066666667,0.666666667,1,35.7,48,25,0,0,1,0
sufex_001352,1352,0,0,,OC1=CC=CC=C1,CC1=CC=C(S(=O)(=O)F)C=C1,CC1=CC=C(S(=O)(=O)OC2=CC=CC=C2)C=C1,CC#N,,,0,0.666666667,1,35.7,48,25,0,0,0,0
sufex_001353,1353,0,0,,OC1=CC=C(Br)C=C1,CC1=CC=C(S(=O)(=O)F)C=C1,CC1=CC=C(S(=O)(=O)OC2=CC=C(Br)C=C2)C=C1,CC#N,,,0,0.833333333,1,35.7,24,25,0,0,0,0
sufex_001354,1354,0.99,99,CC1=CC(C)=C(N2C=CN(C3=C(C)C=C(C)C=C3C)[C]2)C(C)=C1,OC1=CC=C(Br)C=C1,CC1=CC=C(S(=O)(=O)F)C=C1,CC1=CC=C(S(=O)(=O)OC2=CC=C(Br)C=C2)C=C1,CC#N,,,0.083333333,0.833333333,1,35.7,24,25,0,0,1,0
sufex_001355,1355,0,0,,OC1=CC=C(Cl)C=C1,CC1=CC=C(S(=O)(=O)F)C=C1,CC1=CC=C(S(=O)(=O)OC2=CC=C(Cl)C=C2)C=C1,CC#N,,,0,0.833333333,1,35.7,24,25,0,0,0,0
sufex_001356,1356,0.99,99,CC1=CC(C)=C(N2C=CN(C3=C(C)C=C(C)C=C3C)[C]2)C(C)=C1,OC1=CC=C(Cl)C=C1,CC1=CC=C(S(=O)(=O)F)C=C1,CC1=CC=C(S(=O)(=O)OC2=CC=C(Cl)C=C2)C=C1,CC#N,,,0.083333333,0.833333333,1,35.7,24,25,0,0,1,0
sufex_001357,1357,0.99,99,CC1=CC(C)=C(N2C=CN(C3=C(C)C=C(C)C=C3C)[C]2)C(C)=C1,OC1=CC=CC=C1,CC1=CC=C(S(=O)(=O)F)C=C1,CC1=CC=C(S(=O)(=O)OC2=CC=CC=C2)C=C1,CC#N,,,0.083333333,0.833333333,1,35.7,24,25,0,0,1,0
sufex_001358,1358,0.99,99,CC1=CC(C)=C(N2C=CN(C3=C(C)C=C(C)C=C3C)[C]2)C(C)=C1,COC1=CC=C(O)C=C1,CC1=CC=C(S(=O)(=O)F)C=C1,COC1=CC=C(OS(=O)(=O)C2=CC=C(C)C=C2)C=C1,CC#N,,,0.083333333,0.833333333,1,35.7,24,25,0,0,1,0
sufex_001359,1359,0.99,99,CC1=CC(C)=C(N2C=CN(C3=C(C)C=C(C)C=C3C)[C]2)C(C)=C1,CCCCC(=O)C1=CC=C(O)C=C1,CC1=CC=C(S(=O)(=O)F)C=C1,CCCCC(=O)C1=CC=C(OS(=O)(=O)C2=CC=C(C)C=C2)C=C1,CC#N,,,0.083333333,0.833333333,1,35.7,24,25,0,0,1,0
sufex_001360,1360,0.99,99,CC1=CC(C)=C(N2C=CN(C3=C(C)C=C(C)C=C3C)[C]2)C(C)=C1,COC1=CC(O)=CC(OC)=C1,CC1=CC=C(S(=O)(=O)F)C=C1,COC1=CC(OC)=CC(OS(=O)(=O)C2=CC=C(C)C=C2)=C1,CC#N,,,0.083333333,0.833333333,1,35.7,24,25,0,0,1,0
sufex_001361,1361,0.99,99,CC1=CC(C)=C(N2C=CN(C3=C(C)C=C(C)C=C3C)[C]2)C(C)=C1,OC1=C(I)C=CC=C1,CC1=CC=C(S(=O)(=O)F)C=C1,CC1=CC=C(S(=O)(=O)OC2=C(I)C=CC=C2)C=C1,CC#N,,,0.083333333,0.833333333,1,35.7,24,25,0,0,1,0
sufex_001362,1362,0.99,99,CC1=CC(C)=C(N2C=CN(C3=C(C)C=C(C)C=C3C)[C]2)C(C)=C1,COC1=C(O)C=CC=C1,CC1=CC=C(S(=O)(=O)F)C=C1,COC1=C(OS(=O)(=O)C2=CC=C(C)C=C2)C=CC=C1,CC#N,,,0.083333333,0.833333333,1,35.7,24,25,0,0,1,0
sufex_001363,1363,0.99,99,CC1=CC(C)=C(N2C=CN(C3=C(C)C=C(C)C=C3C)[C]2)C(C)=C1,OC1=C(Br)C=CC=C1,CC1=CC=C(S(=O)(=O)F)C=C1,CC1=CC=C(S(=O)(=O)OC2=C(Br)C=CC=C2)C=C1,CC#N,,,0.083333333,0.833333333,1,35.7,24,25,0,0,1,0
sufex_001364,1364,0.98,98,CC1=CC(C)=C(N2C=CN(C3=C(C)C=C(C)C=C3C)[C]2)C(C)=C1,CSC1=CC=C(O)C=C1,CC1=CC=C(S(=O)(=O)F)C=C1,CSC1=CC=C(OS(=O)(=O)C2=CC=C(C)C=C2)C=C1,CC#N,,,0.083333333,0.833333333,1,35.7,24,25,0,0,1,0
sufex_001365,1365,0.98,98,CC1=CC(C)=C(N2C=CN(C3=C(C)C=C(C)C=C3C)[C]2)C(C)=C1,OC1=CC2=C(C=CC=C2)C=C1,CC1=CC=C(S(=O)(=O)F)C=C1,CC1=CC=C(S(=O)(=O)OC2=CC3=C(C=CC=C3)C=C2)C=C1,CC#N,,,0.083333333,0.833333333,1,35.7,24,25,0,0,1,0
sufex_001366,1366,0.98,98,CC1=CC(C)=C(N2C=CN(C3=C(C)C=C(C)C=C3C)[C]2)C(C)=C1,COC1=CC(Br)=C(O)C=C1,CC1=CC=C(S(=O)(=O)F)C=C1,COC1=CC(Br)=C(OS(=O)(=O)C2=CC=C(C)C=C2)C=C1,CC#N,,,0.083333333,0.833333333,1,35.7,24,25,0,0,1,0
sufex_001367,1367,0,0,,OC1=CC=C(F)C=C1,CC1=CC=C(S(=O)(=O)F)C=C1,CC1=CC=C(S(=O)(=O)OC2=CC=C(F)C=C2)C=C1,CC#N,,,0,0.833333333,1,35.7,24,25,0,0,0,0
sufex_001368,1368,0.98,98,CC1=CC(C)=C(N2C=CN(C3=C(C)C=C(C)C=C3C)[C]2)C(C)=C1,OC1=CC=C(F)C=C1,CC1=CC=C(S(=O)(=O)F)C=C1,CC1=CC=C(S(=O)(=O)OC2=CC=C(F)C=C2)C=C1,CC#N,,,0.083333333,0.833333333,1,35.7,24,25,0,0,1,0
sufex_001369,1369,0.98,98,CC1=CC(C)=C(N2C=CN(C3=C(C)C=C(C)C=C3C)[C]2)C(C)=C1,OC1=CC=C2OCOC2=C1,CC1=CC=C(S(=O)(=O)F)C=C1,CC1=CC=C(S(=O)(=O)OC2=CC=C3OCOC3=C2)C=C1,CC#N,,,0.083333333,0.833333333,1,35.7,24,25,0,0,1,0
sufex_001370,1370,0.98,98,CC1=CC(C)=C(N2C=CN(C3=C(C)C=C(C)C=C3C)[C]2)C(C)=C1,CC(C)C1=CC=C(O)C=C1,CC1=CC=C(S(=O)(=O)F)C=C1,CC1=CC=C(S(=O)(=O)OC2=CC=C(C(C)C)C=C2)C=C1,CC#N,,,0.083333333,0.833333333,1,35.7,24,25,0,0,1,0
sufex_001371,1371,0.97,97,CC1=CC(C)=C(N2C=CN(C3=C(C)C=C(C)C=C3C)[C]2)C(C)=C1,OC1=CC=CC2=C1C=CC=C2,CC1=CC=C(S(=O)(=O)F)C=C1,CC1=CC=C(S(=O)(=O)OC2=CC=CC3=C2C=CC=C3)C=C1,CC#N,,,0.083333333,0.833333333,1,35.7,24,25,0,0,1,0
sufex_001372,1372,0.96,96,CC1=CC(C)=C(N2C=CN(C3=C(C)C=C(C)C=C3C)[C]2)C(C)=C1,OC1=C(C2=CC=CC=C2)C=CC=C1,CC1=CC=C(S(=O)(=O)F)C=C1,CC1=CC=C(S(=O)(=O)OC2=C(C3=CC=CC=C3)C=CC=C2)C=C1,CC#N,,,0.083333333,0.833333333,1,35.7,24,25,0,0,1,0
sufex_001373,1373,0.95,95,CC1=CC(C)=C(N2C=CN(C3=C(C)C=C(C)C=C3C)[C]2)C(C)=C1,OC1=CN=CC=C1,CC1=CC=C(S(=O)(=O)F)C=C1,CC1=CC=C(S(=O)(=O)OC2=CN=CC=C2)C=C1,CC#N,,,0.083333333,0.833333333,1,35.7,24,25,0,0,1,0
sufex_001374,1374,0.95,95,CC1=CC(C)=C(N2C=CN(C3=C(C)C=C(C)C=C3C)[C]2)C(C)=C1,CC1=CC=CC(C)=C1O,CC1=CC=C(S(=O)(=O)F)C=C1,CC1=CC=C(S(=O)(=O)OC2=C(C)C=CC=C2C)C=C1,CC#N,,,0.083333333,0.833333333,1,35.7,24,25,0,0,1,0
sufex_001375,1375,0.95,95,CC1=CC(C)=C(N2C=CN(C3=C(C)C=C(C)C=C3C)[C]2)C(C)=C1,OC1=CC=C(C2=CC=CC=C2)C=C1,CC1=CC=C(S(=O)(=O)F)C=C1,CC1=CC=C(S(=O)(=O)OC2=CC=C(C3=CC=CC=C3)C=C2)C=C1,CC#N,,,0.083333333,0.833333333,1,35.7,24,25,0,0,1,0
sufex_001376,1376,0.92,92,CC1=CC(C)=C(N2C=CN(C3=C(C)C=C(C)C=C3C)[C]2)C(C)=C1,COC(=O)C1=CC=C(O)C=C1,CC1=CC=C(S(=O)(=O)F)C=C1,COC(=O)C1=CC=C(OS(=O)(=O)C2=CC=C(C)C=C2)C=C1,CC#N,,,0.083333333,0.833333333,1,35.7,24,25,0,0,1,0
sufex_001377,1377,0.9,90,CC1=CC(C)=C(N2C=CN(C3=C(C)C=C(C)C=C3C)[C]2)C(C)=C1,CCC1=CC=C(O)C=C1,CC1=CC=C(S(=O)(=O)F)C=C1,CCC1=CC=C(OS(=O)(=O)C2=CC=C(C)C=C2)C=C1,CC#N,,,0.083333333,0.833333333,1,35.7,24,25,0,0,1,0
sufex_001378,1378,0.9,90,CC1=CC(C)=C(N2C=CN(C3=C(C)C=C(C)C=C3C)[C]2)C(C)=C1,N#CC1=CC=C(O)C=C1,CC1=CC=C(S(=O)(=O)F)C=C1,CC1=CC=C(S(=O)(=O)OC2=CC=C(C#N)C=C2)C=C1,CC#N,,,0.083333333,0.833333333,1,35.7,24,25,0,0,1,0
sufex_001379,1379,0.9,90,CC1=CC(C)=C(N2C=CN(C3=C(C)C=C(C)C=C3C)[C]2)C(C)=C1,OC1=C(Cl)C=CC=C1,CC1=CC=C(S(=O)(=O)F)C=C1,CC1=CC=C(S(=O)(=O)OC2=C(Cl)C=CC=C2)C=C1,CC#N,,,0.083333333,0.833333333,1,35.7,24,25,0,0,1,0
sufex_001380,1380,0.89,89,CC1=CC(C)=C(N2C=CN(C3=C(C)C=C(C)C=C3C)[C]2)C(C)=C1,COC1=CC(O)=CC=C1,CC1=CC=C(S(=O)(=O)F)C=C1,COC1=CC=CC(OS(=O)(=O)C2=CC=C(C)C=C2)=C1,CC#N,,,0.083333333,0.833333333,1,35.7,24,25,0,0,1,0
sufex_001381,1381,0.88,88,CC1=CC(C)=C(N2C=CN(C3=C(C)C=C(C)C=C3C)[C]2)C(C)=C1,OC1=C2CCCCC2=CC=C1,CC1=CC=C(S(=O)(=O)F)C=C1,CC1=CC=C(S(=O)(=O)OC2=C3CCCCC3=CC=C2)C=C1,CC#N,,,0.083333333,0.833333333,1,35.7,24,25,0,0,1,0
sufex_001382,1382,0.87,87,CC1=CC(C)=C(N2C=CN(C3=C(C)C=C(C)C=C3C)[C]2)C(C)=C1,CC1=CC(C)=C(O)C=C1,CC1=CC=C(S(=O)(=O)F)C=C1,CC1=CC=C(S(=O)(=O)OC2=C(C)C=C(C)C=C2)C=C1,CC#N,,,0.083333333,0.833333333,1,35.7,24,25,0,0,1,0
sufex_001383,1383,0.87,87,CC1=CC(C)=C(N2C=CN(C3=C(C)C=C(C)C=C3C)[C]2)C(C)=C1,O=CC1=CC=C(O)C=C1,CC1=CC=C(S(=O)(=O)F)C=C1,CC1=CC=C(S(=O)(=O)OC2=CC=C(C=O)C=C2)C=C1,CC#N,,,0.083333333,0.833333333,1,35.7,24,25,0,0,1,0
sufex_001384,1384,0.83,83,CC1=CC(C)=C(N2C=CN(C3=C(C)C=C(C)C=C3C)[C]2)C(C)=C1,NC1=CC=C(O)C=C1,CC1=CC=C(S(=O)(=O)F)C=C1,CC1=CC=C(S(=O)(=O)OC2=CC=C(N)C=C2)C=C1,CC#N,,,0.083333333,0.833333333,1,35.7,24,25,0,0,1,0
sufex_001385,1385,0.83,83,CC1=CC(C)=C(N2C=CN(C3=C(C)C=C(C)C=C3C)[C]2)C(C)=C1,OC1=CC=CC(Br)=C1,CC1=CC=C(S(=O)(=O)F)C=C1,CC1=CC=C(S(=O)(=O)OC2=CC(Br)=CC=C2)C=C1,CC#N,,,0.083333333,0.833333333,1,35.7,24,25,0,0,1,0
sufex_001386,1386,0.76,76,CC1=CC(C)=C(N2C=CN(C3=C(C)C=C(C)C=C3C)[C]2)C(C)=C1,CC1(C)OB(C2=CC=C(O)C=C2)OC1(C)C,CC1=CC=C(S(=O)(=O)F)C=C1,CC1=CC=C(S(=O)(=O)OC2=CC=C(B3OC(C)(C)C(C)(C)O3)C=C2)C=C1,CC#N,,,0.083333333,0.833333333,1,35.7,24,25,0,0,1,0
sufex_001387,1387,0,0,,OC1=CC=CC=C1,O=S(=O)(F)C1=CC=C(Cl)C=C1,O=S(=O)(OC1=CC=CC=C1)C1=CC=C(Cl)C=C1,CC#N,,,0,0.833333333,1,35.7,24,25,0,0,0,0
sufex_001388,1388,0.99,99,CC1=CC(C)=C(N2C=CN(C3=C(C)C=C(C)C=C3C)[C]2)C(C)=C1,OC1=CC=CC=C1,O=S(=O)(F)C1=CC=C(Cl)C=C1,O=S(=O)(OC1=CC=CC=C1)C1=CC=C(Cl)C=C1,CC#N,,,0.083333333,0.833333333,1,35.7,24,25,0,0,1,0
sufex_001389,1389,0.99,99,CC1=CC(C)=C(N2C=CN(C3=C(C)C=C(C)C=C3C)[C]2)C(C)=C1,OC1=CC=CC=C1,O=N(=O)C1=CC=C(S(=O)(=O)F)C=C1,O=N(=O)C1=CC=C(S(=O)(=O)OC2=CC=CC=C2)C=C1,CC#N,,,0.083333333,0.833333333,1,35.7,24,25,0,0,1,0
sufex_001390,1390,0,0,,OC1=CC=CC=C1,O=S(=O)(F)C1=CC=C(F)C=C1,O=S(=O)(OC1=CC=CC=C1)C1=CC=C(F)C=C1,CC#N,,,0,0.833333333,1,35.7,24,25,0,0,0,0
sufex_001391,1391,0.99,99,CC1=CC(C)=C(N2C=CN(C3=C(C)C=C(C)C=C3C)[C]2)C(C)=C1,OC1=CC=CC=C1,O=S(=O)(F)C1=CC=C(F)C=C1,O=S(=O)(OC1=CC=CC=C1)C1=CC=C(F)C=C1,CC#N,,,0.083333333,0.833333333,1,35.7,24,25,0,0,1,0
sufex_001392,1392,0,0,,OC1=CC=CC=C1,COC1=CC=C(S(=O)(=O)F)C=C1,COC1=CC=C(S(=O)(=O)OC2=CC=CC=C2)C=C1,CC#N,,,0,0.833333333,1,35.7,24,25,0,0,0,0
sufex_001393,1393,0.99,99,CC1=CC(C)=C(N2C=CN(C3=C(C)C=C(C)C=C3C)[C]2)C(C)=C1,OC1=CC=CC=C1,COC1=CC=C(S(=O)(=O)F)C=C1,COC1=CC=C(S(=O)(=O)OC2=CC=CC=C2)C=C1,CC#N,,,0.083333333,0.833333333,1,35.7,24,25,0,0,1,0
sufex_001394,1394,0,0,,OC1=CC=CC=C1,O=S(=O)(F)C1=CC=C(Br)C=C1,O=S(=O)(OC1=CC=CC=C1)C1=CC=C(Br)C=C1,CC#N,,,0,0.833333333,1,35.7,24,25,0,0,0,0
sufex_001395,1395,0.99,99,CC1=CC(C)=C(N2C=CN(C3=C(C)C=C(C)C=C3C)[C]2)C(C)=C1,OC1=CC=CC=C1,O=S(=O)(F)C1=CC=C(Br)C=C1,O=S(=O)(OC1=CC=CC=C1)C1=CC=C(Br)C=C1,CC#N,,,0.083333333,0.833333333,1,35.7,24,25,0,0,1,0
sufex_001396,1396,0.99,99,CC1=CC(C)=C(N2C=CN(C3=C(C)C=C(C)C=C3C)[C]2)C(C)=C1,OC1=CC=CC=C1,CCCCS(=O)(=O)F,CCCCS(=O)(=O)OC1=CC=CC=C1,CC#N,,,0.083333333,0.833333333,1,35.7,24,25,0,0,1,0
sufex_001397,1397,0.97,97,CC1=CC(C)=C(N2C=CN(C3=C(C)C=C(C)C=C3C)[C]2)C(C)=C1,OC1=CC=CC=C1,O=S(=O)(F)C1=CN=CC=C1,O=S(=O)(OC1=CC=CC=C1)C1=CN=CC=C1,CC#N,,,0.083333333,0.833333333,1,35.7,24,25,0,0,1,0
sufex_001398,1398,0,0,,OC1=CC=CC=C1,O=S(=O)(F)C1=CC(Cl)=CC=C1,O=S(=O)(OC1=CC=CC=C1)C1=CC(Cl)=CC=C1,CC#N,,,0,0.833333333,1,35.7,24,25,0,0,0,0
sufex_001399,1399,0.96,96,CC1=CC(C)=C(N2C=CN(C3=C(C)C=C(C)C=C3C)[C]2)C(C)=C1,OC1=CC=CC=C1,O=S(=O)(F)C1=CC(Cl)=CC=C1,O=S(=O)(OC1=CC=CC=C1)C1=CC(Cl)=CC=C1,CC#N,,,0.083333333,0.833333333,1,35.7,24,25,0,0,1,0
sufex_001400,1400,0.95,95,CC1=CC(C)=C(N2C=CN(C3=C(C)C=C(C)C=C3C)[C]2)C(C)=C1,OC1=CC=CC=C1,O=S(=O)(F)C1=CC(Br)=CC=C1,O=S(=O)(OC1=CC=CC=C1)C1=CC(Br)=CC=C1,CC#N,,,0.083333333,0.833333333,1,35.7,24,25,0,0,1,0
sufex_001401,1401,0,0,,OC1=CC=CC=C1,O=S(=O)(F)C1=CC=C(C(F)(F)F)C=C1,O=S(=O)(OC1=CC=CC=C1)C1=CC=C(C(F)(F)F)C=C1,CC#N,,,0,0.833333333,1,35.7,24,25,0,0,0,0
sufex_001402,1402,0.94,94,CC1=CC(C)=C(N2C=CN(C3=C(C)C=C(C)C=C3C)[C]2)C(C)=C1,OC1=CC=CC=C1,O=S(=O)(F)C1=CC=C(C(F)(F)F)C=C1,O=S(=O)(OC1=CC=CC=C1)C1=CC=C(C(F)(F)F)C=C1,CC#N,,,0.083333333,0.833333333,1,35.7,24,25,0,0,1,0
sufex_001403,1403,0,0,,OC1=CC=CC=C1,O=S(=O)(F)C1=CC=CC=C1,O=S(=O)(OC1=CC=CC=C1)C1=CC=CC=C1,CC#N,,,0,0.833333333,1,35.7,24,25,0,0,0,0
sufex_001404,1404,0.93,93,CC1=CC(C)=C(N2C=CN(C3=C(C)C=C(C)C=C3C)[C]2)C(C)=C1,OC1=CC=CC=C1,O=S(=O)(F)C1=CC=CC=C1,O=S(=O)(OC1=CC=CC=C1)C1=CC=CC=C1,CC#N,,,0.083333333,0.833333333,1,35.7,24,25,0,0,1,0
sufex_001405,1405,0.92,92,CC1=CC(C)=C(N2C=CN(C3=C(C)C=C(C)C=C3C)[C]2)C(C)=C1,OC1=CC=CC=C1,O=S(=O)(F)C1=CC=CC2=C1N=CC=C2,O=S(=O)(OC1=CC=CC=C1)C1=CC=CC2=C1N=CC=C2,CC#N,,,0.083333333,0.833333333,1,35.7,24,25,0,0,1,0
sufex_001406,1406,0,0,,OC1=CC=CC=C1,CC1=C(S(=O)(=O)F)C=CC=C1,CC1=C(S(=O)(=O)OC2=CC=CC=C2)C=CC=C1,CC#N,,,0,0.833333333,1,35.7,24,25,0,0,0,0
sufex_001407,1407,0.9,90,CC1=CC(C)=C(N2C=CN(C3=C(C)C=C(C)C=C3C)[C]2)C(C)=C1,OC1=CC=CC=C1,CC1=C(S(=O)(=O)F)C=CC=C1,CC1=C(S(=O)(=O)OC2=CC=CC=C2)C=CC=C1,CC#N,,,0.083333333,0.833333333,1,35.7,24,25,0,0,1,0
sufex_001408,1408,0.87,87,CC1=CC(C)=C(N2C=CN(C3=C(C)C=C(C)C=C3C)[C]2)C(C)=C1,OC1=CC=CC=C1,O=S(=O)(F)C1=CC=C2OCCC2=C1,O=S(=O)(OC1=CC=CC=C1)C1=CC=C2OCCC2=C1,CC#N,,,0.083333333,0.833333333,1,35.7,24,25,0,0,1,0
sufex_001409,1409,0.87,87,CC1=CC(C)=C(N2C=CN(C3=C(C)C=C(C)C=C3C)[C]2)C(C)=C1,OC1=CC=CC=C1,O=S(=O)(F)C1=CC=CC2=C1C=CC=C2,O=S(=O)(OC1=CC=CC=C1)C1=CC=CC2=C1C=CC=C2,CC#N,,,0.083333333,0.833333333,1,35.7,24,25,0,0,1,0
sufex_001410,1410,0.87,87,CC1=CC(C)=C(N2C=CN(C3=C(C)C=C(C)C=C3C)[C]2)C(C)=C1,OC1=CC=CC=C1,O=S(=O)(F)C1=CC2=C(C=CC=C2)C=C1,O=S(=O)(OC1=CC=CC=C1)C1=CC2=C(C=CC=C2)C=C1,CC#N,,,0.083333333,0.833333333,1,35.7,24,25,0,0,1,0
sufex_001411,1411,0,0,,OC1=CC=CC=C1,CC(=O)C1=CC=C(S(=O)(=O)F)C=C1,CC(=O)C1=CC=C(S(=O)(=O)OC2=CC=CC=C2)C=C1,CC#N,,,0,0.833333333,1,35.7,24,25,0,0,0,0
sufex_001412,1412,0.87,87,CC1=CC(C)=C(N2C=CN(C3=C(C)C=C(C)C=C3C)[C]2)C(C)=C1,OC1=CC=CC=C1,CC(=O)C1=CC=C(S(=O)(=O)F)C=C1,CC(=O)C1=CC=C(S(=O)(=O)OC2=CC=CC=C2)C=C1,CC#N,,,0.083333333,0.833333333,1,35.7,24,25,0,0,1,0
sufex_001413,1413,0.86,86,CC1=CC(C)=C(N2C=CN(C3=C(C)C=C(C)C=C3C)[C]2)C(C)=C1,OC1=CC=CC=C1,O=S(=O)(F)CCC1=CC=CC=C1,O=S(=O)(CCC1=CC=CC=C1)OC1=CC=CC=C1,CC#N,,,0.083333333,0.833333333,1,35.7,24,25,0,0,1,0
sufex_001414,1414,0.86,86,CC1=CC(C)=C(N2C=CN(C3=C(C)C=C(C)C=C3C)[C]2)C(C)=C1,OC1=CC=CC=C1,CC1=CC(C)=C(S(=O)(=O)F)C(C)=C1,CC1=CC(C)=C(S(=O)(=O)OC2=CC=CC=C2)C(C)=C1,CC#N,,,0.083333333,0.833333333,1,35.7,24,25,0,0,1,0
sufex_001415,1415,0,0,,OC1=CC=CC=C1,CC1=CC=CC(S(=O)(=O)F)=C1,CC1=CC=CC(S(=O)(=O)OC2=CC=CC=C2)=C1,CC#N,,,0,0.833333333,1,35.7,24,25,0,0,0,0
sufex_001416,1416,0.86,86,CC1=CC(C)=C(N2C=CN(C3=C(C)C=C(C)C=C3C)[C]2)C(C)=C1,OC1=CC=CC=C1,CC1=CC=CC(S(=O)(=O)F)=C1,CC1=CC=CC(S(=O)(=O)OC2=CC=CC=C2)=C1,CC#N,,,0.083333333,0.833333333,1,35.7,24,25,0,0,1,0
sufex_001417,1417,0.73,73,CC1=CC(C)=C(N2C=CN(C3=C(C)C=C(C)C=C3C)[C]2)C(C)=C1,OC1=CC=CC=C1,O=S(=O)(F)C1=CC=CS1,O=S(=O)(OC1=CC=CC=C1)C1=CC=CS1,CC#N,,,0.083333333,0.833333333,1,35.7,24,25,0,0,1,0
sufex_001418,1418,0,0,,OCCCCCCCl,CC1=CC=C(S(=O)(=O)F)C=C1,CC1=CC=C(S(=O)(=O)OCCCCCCCl)C=C1,C(Cl)Cl,,,0,2,1,8.9,24,25,0,0,0,0
sufex_001419,1419,0.95,95,CC1=CC(C)=C(N2C=CN(C3=C(C)C=C(C)C=C3C)[C]2)C(C)=C1,OCCCCCCCl,CC1=CC=C(S(=O)(=O)F)C=C1,CC1=CC=C(S(=O)(=O)OCCCCCCCl)C=C1,C(Cl)Cl,,,0.1,2,1,8.9,24,25,0,0,1,0
sufex_001420,1420,0,0,,OCC1CCCO1,CC1=CC=C(S(=O)(=O)F)C=C1,CC1=CC=C(S(=O)(=O)OCC2CCCO2)C=C1,C(Cl)Cl,,,0,2,1,8.9,24,25,0,0,0,0
sufex_001421,1421,0.95,95,CC1=CC(C)=C(N2C=CN(C3=C(C)C=C(C)C=C3C)[C]2)C(C)=C1,OCC1CCCO1,CC1=CC=C(S(=O)(=O)F)C=C1,CC1=CC=C(S(=O)(=O)OCC2CCCO2)C=C1,C(Cl)Cl,,,0.1,2,1,8.9,24,25,0,0,1,0
sufex_001422,1422,0,0,,CCCCCCCCCO,CC1=CC=C(S(=O)(=O)F)C=C1,CCCCCCCCCOS(=O)(=O)C1=CC=C(C)C=C1,C(Cl)Cl,,,0,2,1,8.9,24,25,0,0,0,0
sufex_001423,1423,0.93,93,CC1=CC(C)=C(N2C=CN(C3=C(C)C=C(C)C=C3C)[C]2)C(C)=C1,CCCCCCCCCO,CC1=CC=C(S(=O)(=O)F)C=C1,CCCCCCCCCOS(=O)(=O)C1=CC=C(C)C=C1,C(Cl)Cl,,,0.1,2,1,8.9,24,25,0,0,1,0
sufex_001424,1424,0,0,,OCCCOCC1=CC=CC=C1,CC1=CC=C(S(=O)(=O)F)C=C1,CC1=CC=C(S(=O)(=O)OCCCOCC2=CC=CC=C2)C=C1,C(Cl)Cl,,,0,2,1,8.9,24,25,0,0,0,0
sufex_001425,1425,0.92,92,CC1=CC(C)=C(N2C=CN(C3=C(C)C=C(C)C=C3C)[C]2)C(C)=C1,OCCCOCC1=CC=CC=C1,CC1=CC=C(S(=O)(=O)F)C=C1,CC1=CC=C(S(=O)(=O)OCCCOCC2=CC=CC=C2)C=C1,C(Cl)Cl,,,0.1,2,1,8.9,24,25,0,0,1,0
sufex_001426,1426,0.92,92,CC1=CC(C)=C(N2C=CN(C3=C(C)C=C(C)C=C3C)[C]2)C(C)=C1,OCC(F)(F)F,CC1=CC=C(S(=O)(=O)F)C=C1,CC1=CC=C(S(=O)(=O)OCC(F)(F)F)C=C1,C(Cl)Cl,,,0.1,2,1,8.9,24,25,0,0,1,0
sufex_001427,1427,0.91,91,CC1=CC(C)=C(N2C=CN(C3=C(C)C=C(C)C=C3C)[C]2)C(C)=C1,CCO,CC1=CC=C(S(=O)(=O)F)C=C1,CCOS(=O)(=O)C1=CC=C(C)C=C1,C(Cl)Cl,,,0.1,2,1,8.9,24,25,0,0,1,0
sufex_001428,1428,0,0,,C#CCCO,CC1=CC=C(S(=O)(=O)F)C=C1,C#CCCOS(=O)(=O)C1=CC=C(C)C=C1,C(Cl)Cl,,,0,2,1,8.9,24,25,0,0,0,0
sufex_001429,1429,0.85,85,CC1=CC(C)=C(N2C=CN(C3=C(C)C=C(C)C=C3C)[C]2)C(C)=C1,C#CCCO,CC1=CC=C(S(=O)(=O)F)C=C1,C#CCCOS(=O)(=O)C1=CC=C(C)C=C1,C(Cl)Cl,,,0.1,2,1,8.9,24,25,0,0,1,0
sufex_001430,1430,0.84,84,CC1=CC(C)=C(N2C=CN(C3=C(C)C=C(C)C=C3C)[C]2)C(C)=C1,OCCCC1=CC=CC=C1,CC1=CC=C(S(=O)(=O)F)C=C1,CC1=CC=C(S(=O)(=O)OCCCC2=CC=CC=C2)C=C1,C(Cl)Cl,,,0.1,2,1,8.9,24,25,0,0,1,0
sufex_001431,1431,0.82,82,CC1=CC(C)=C(N2C=CN(C3=C(C)C=C(C)C=C3C)[C]2)C(C)=C1,CC(C)(C)OC(=O)N1CCC(O)CC1,CC1=CC=C(S(=O)(=O)F)C=C1,CC1=CC=C(S(=O)(=O)OC2CCN(C(=O)OC(C)(C)C)CC2)C=C1,C(Cl)Cl,,,0.1,2,1,8.9,24,25,0,0,1,0
sufex_001432,1432,0.77,77,CC1=CC(C)=C(N2C=CN(C3=C(C)C=C(C)C=C3C)[C]2)C(C)=C1,CCO,COC1=CC=C(S(=O)(=O)F)C=C1,CCOS(=O)(=O)C1=CC=C(OC)C=C1,C(Cl)Cl,,,0.1,2,1,8.9,24,25,0,0,1,0
sufex_001433,1433,0.71,71,CC1=CC(C)=C(N2C=CN(C3=C(C)C=C(C)C=C3C)[C]2)C(C)=C1,CCO,O=S(=O)(F)C1=CC=C(Br)C=C1,CCOS(=O)(=O)C1=CC=C(Br)C=C1,C(Cl)Cl,,,0.1,2,1,8.9,24,25,0,0,1,0
sufex_001434,1434,0.69,69,CC1=CC(C)=C(N2C=CN(C3=C(C)C=C(C)C=C3C)[C]2)C(C)=C1,OCCCOCC1=CC=CC=C1,CC1=C(S(=O)(=O)F)C=CC=C1,CC1=C(S(=O)(=O)OCCCOCC2=CC=CC=C2)C=CC=C1,C(Cl)Cl,,,0.1,2,1,8.9,24,25,0,0,1,0
sufex_001435,1435,0.98,98,CC1=CC(C)=C(N2C=CN(C3=C(C)C=C(C)C=C3C)[C]2)C(C)=C1,CC(=O)CCC1=CC=C(O)C=C1,CC1=CC=C(S(=O)(=O)F)C=C1,CC(=O)CCC1=CC=C(OS(=O)(=O)C2=CC=C(C)C=C2)C=C1,CC#N,,,0.083333333,0.833333333,1,35.7,24,25,0,0,1,0
sufex_001436,1436,0.98,98,CC1=CC(C)=C(N2C=CN(C3=C(C)C=C(C)C=C3C)[C]2)C(C)=C1,COC(=O)[C@@H](CC1=CC=C(O)C=C1)NC(=O)OC(C)(C)C,CC1=CC=C(S(=O)(=O)F)C=C1,COC(=O)[C@H](CC1=CC=C(OS(=O)(=O)C2=CC=C(C)C=C2)C=C1)NC(=O)OC(C)(C)C,CC#N,,,0.083333333,0.833333333,1,35.7,24,25,0,0,1,0
sufex_001437,1437,0.97,97,CC1=CC(C)=C(N2C=CN(C3=C(C)C=C(C)C=C3C)[C]2)C(C)=C1,COC1=C(O)C=CC(CCC(C)=O)=C1,CC1=CC=C(S(=O)(=O)F)C=C1,COC1=C(OS(=O)(=O)C2=CC=C(C)C=C2)C=CC(CCC(C)=O)=C1,CC#N,,,0.083333333,0.833333333,1,35.7,24,25,0,0,1,0
sufex_001438,1438,0.97,97,CC1=CC(C)=C(N2C=CN(C3=C(C)C=C(C)C=C3C)[C]2)C(C)=C1,COC1=CC(/C=C/C2=CC=C(O)C=C2)=CC(OC)=C1,CC1=CC=C(S(=O)(=O)F)C=C1,COC1=CC(/C=C/C2=CC=C(OS(=O)(=O)C3=CC=C(C)C=C3)C=C2)=CC(OC)=C1,CC#N,,,0.083333333,0.833333333,1,35.7,24,25,0,0,1,0
sufex_001439,1439,0.97,97,CC1=CC(C)=C(N2C=CN(C3=C(C)C=C(C)C=C3C)[C]2)C(C)=C1,CC1=CC(O)=C(C(C)C)C=C1,CC1=CC=C(S(=O)(=O)F)C=C1,CC1=CC=C(S(=O)(=O)OC2=C(C(C)C)C=CC(C)=C2)C=C1,CC#N,,,0.083333333,0.833333333,1,35.7,24,25,0,0,1,0
sufex_001440,1440,0.93,93,CC1=CC(C)=C(N2C=CN(C3=C(C)C=C(C)C=C3C)[C]2)C(C)=C1,[H][C@@]12CCC3=CC(O)=CC=C3[C@@]1([H])CC[C@]1(C)C(=O)CC[C@@]21[H],CC1=CC=C(S(=O)(=O)F)C=C1,[H][C@@]12CCC3=CC(OS(=O)(=O)C4=CC=C(C)C=C4)=CC=C3[C@@]1([H])CC[C@]1(C)C(=O)CC[C@@]21[H],CC#N,,,0.083333333,0.833333333,1,35.7,24,25,0,0,1,0
sufex_001441,1441,0,0,,CC1=C(O)C(=O)C=CO1,CC1=CC=C(S(=O)(=O)F)C=C1,CC1=CC=C(S(=O)(=O)OC2=C(C)OC=CC2=O)C=C1,CC#N,,,0,0.833333333,1,35.7,24,25,0,0,0,0
sufex_001442,1442,0.91,91,CC1=CC(C)=C(N2C=CN(C3=C(C)C=C(C)C=C3C)[C]2)C(C)=C1,CC1=C(O)C(=O)C=CO1,CC1=CC=C(S(=O)(=O)F)C=C1,CC1=CC=C(S(=O)(=O)OC2=C(C)OC=CC2=O)C=C1,CC#N,,,0.083333333,0.833333333,1,35.7,24,25,0,0,1,0
sufex_001443,1443,0.88,88,CC1=CC(C)=C(N2C=CN(C3=C(C)C=C(C)C=C3C)[C]2)C(C)=C1,CC1=C2O[C@](C)(CCC[C@H](C)CCC[C@H](C)CCCC(C)C)CCC2=CC(O)=C1,CC1=CC=C(S(=O)(=O)F)C=C1,CC1=CC=C(S(=O)(=O)OC2=CC(C)=C3O[C@](C)(CCC[C@@H](C)CCC[C@@H](C)CCCC(C)C)CCC3=C2)C=C1,CC#N,,,0.083333333,0.833333333,1,35.7,24,25,0,0,1,0
sufex_001444,1444,0.88,88,CC1=CC(C)=C(N2C=CN(C3=C(C)C=C(C)C=C3C)[C]2)C(C)=C1,C=CCC1=CC=C(O)C(OC)=C1,CC1=CC=C(S(=O)(=O)F)C=C1,C=CCC1=CC(OC)=C(OS(=O)(=O)C2=CC=C(C)C=C2)C=C1,CC#N,,,0.083333333,0.833333333,1,35.7,24,25,0,0,1,0
sufex_001445,1445,0.83,83,CC1=CC(C)=C(N2C=CN(C3=C(C)C=C(C)C=C3C)[C]2)C(C)=C1,CN(C)CCC1=CC=C(O)C=C1,CC1=CC=C(S(=O)(=O)F)C=C1,CC1=CC=C(S(=O)(=O)OC2=CC=C(CCN(C)C)C=C2)C=C1,CC#N,,,0.083333333,0.833333333,1,35.7,24,25,0,0,1,0
sufex_001446,1446,0.76,76,CC1=CC(C)=C(N2C=CN(C3=C(C)C=C(C)C=C3C)[C]2)C(C)=C1,CC(C)(C)OC(=O)N1CCC[C@H]1CO,CC1=CC=C(S(=O)(=O)F)C=C1,CC1=CC=C(S(=O)(=O)OC[C@@H]2CCCN2C(=O)OC(C)(C)C)C=C1,C(Cl)Cl,,,0.1,2,1,8.9,24,25,0,0,1,0
sufex_001447,1447,0.69,69,CC1=CC(C)=C(N2C=CN(C3=C(C)C=C(C)C=C3C)[C]2)C(C)=C1,CC/C=C\CCO,CC1=CC=C(S(=O)(=O)F)C=C1,CC/C=C\CCOS(=O)(=O)C1=CC=C(C)C=C1,C(Cl)Cl,,,0.1,2,1,8.9,24,25,0,0,1,0
sufex_001448,1448,0.49,49,CC1=CC(C)=C(N2C=CN(C3=C(C)C=C(C)C=C3C)[C]2)C(C)=C1,COC1=C(OC)C(=O)C(CCCCCCCCCCO)=C(C)C1=O,CC1=CC=C(S(=O)(=O)F)C=C1,COC1=C(OC)C(=O)C(CCCCCCCCCCOS(=O)(=O)C2=CC=C(C)C=C2)=C(C)C1=O,C(Cl)Cl,,,0.1,2,1,8.9,24,25,0,0,1,0
sufex_001449,1449,0,0,,CCC1=CC=C(O)C=C1,CC1=CC=C(OS(=O)(=O)F)C=C1,CCC1=CC=C(OS(=O)(=O)OC2=CC=C(C)C=C2)C=C1,CC#N,,,0,0.666666667,1,35.7,24,25,0,0,0,0
sufex_001450,1450,0.97,97,CC1=CC(C)=C(N2C=CN(C3=C(C)C=C(C)C=C3C)[C]2)C(C)=C1,CCC1=CC=C(O)C=C1,CC1=CC=C(OS(=O)(=O)F)C=C1,CCC1=CC=C(OS(=O)(=O)OC2=CC=C(C)C=C2)C=C1,CC#N,,,0.066666667,0.666666667,1,35.7,24,25,0,0,1,0
sufex_001451,1451,0.97,97,CC1=CC(C)=C(N2C=CN(C3=C(C)C=C(C)C=C3C)[C]2)C(C)=C1,COC1=CC=C(O)C=C1,CC1=CC=C(OS(=O)(=O)F)C=C1,COC1=CC=C(OS(=O)(=O)OC2=CC=C(C)C=C2)C=C1,CC#N,,,0.066666667,0.666666667,1,35.7,24,25,0,0,1,0
sufex_001452,1452,0.96,96,CC1=CC(C)=C(N2C=CN(C3=C(C)C=C(C)C=C3C)[C]2)C(C)=C1,CC1=CC(O)=C(C(C)C)C=C1,CC1=CC=C(OS(=O)(=O)F)C=C1,CC1=CC=C(OS(=O)(=O)OC2=C(C(C)C)C=CC(C)=C2)C=C1,CC#N,,,0.066666667,0.666666667,1,35.7,24,25,0,0,1,0
sufex_001453,1453,0.95,95,CC1=CC(C)=C(N2C=CN(C3=C(C)C=C(C)C=C3C)[C]2)C(C)=C1,COC1=CC(Br)=C(O)C=C1,CC1=CC=C(OS(=O)(=O)F)C=C1,COC1=CC(Br)=C(OS(=O)(=O)OC2=CC=C(C)C=C2)C=C1,CC#N,,,0.066666667,0.666666667,1,35.7,24,25,0,0,1,0
sufex_001454,1454,0.95,95,CC1=CC(C)=C(N2C=CN(C3=C(C)C=C(C)C=C3C)[C]2)C(C)=C1,OC1=CC=C2OCOC2=C1,CC1=CC=C(OS(=O)(=O)F)C=C1,CC1=CC=C(OS(=O)(=O)OC2=CC=C3OCOC3=C2)C=C1,CC#N,,,0.066666667,0.666666667,1,35.7,24,25,0,0,1,0
sufex_001455,1455,0.95,95,CC1=CC(C)=C(N2C=CN(C3=C(C)C=C(C)C=C3C)[C]2)C(C)=C1,CC1=CC=CC(C)=C1O,CC1=CC=C(OS(=O)(=O)F)C=C1,CC1=CC=C(OS(=O)(=O)OC2=C(C)C=CC=C2C)C=C1,CC#N,,,0.066666667,0.666666667,1,35.7,24,25,0,0,1,0
sufex_001456,1456,0,0,,OC1=CC=CC=C1,O=S(=O)(F)OC1=CC=C2OCOC2=C1,O=S(=O)(OC1=CC=CC=C1)OC1=CC=C2OCOC2=C1,CC#N,,,0,0.666666667,1,35.7,24,25,0,0,0,0
sufex_001457,1457,0.92,92,CC1=CC(C)=C(N2C=CN(C3=C(C)C=C(C)C=C3C)[C]2)C(C)=C1,OC1=CC=CC=C1,O=S(=O)(F)OC1=CC=C2OCOC2=C1,O=S(=O)(OC1=CC=CC=C1)OC1=CC=C2OCOC2=C1,CC#N,,,0.066666667,0.666666667,1,35.7,24,25,0,0,1,0
sufex_001458,1458,0.92,92,CC1=CC(C)=C(N2C=CN(C3=C(C)C=C(C)C=C3C)[C]2)C(C)=C1,OC1=CC2=C(C=CC=C2)C=C1,CC1=CC=C(OS(=O)(=O)F)C=C1,CC1=CC=C(OS(=O)(=O)OC2=CC3=C(C=CC=C3)C=C2)C=C1,CC#N,,,0.066666667,0.666666667,1,35.7,24,25,0,0,1,0
sufex_001459,1459,0.89,89,CC1=CC(C)=C(N2C=CN(C3=C(C)C=C(C)C=C3C)[C]2)C(C)=C1,NC1=CC=C(O)C=C1,CC1=CC=C(OS(=O)(=O)F)C=C1,CC1=CC=C(OS(=O)(=O)OC2=CC=C(N)C=C2)C=C1,CC#N,,,0.066666667,0.666666667,1,35.7,24,25,0,0,1,0
sufex_001460,1460,0,0,,OC1=CC=CC=C1,CSC1=CC=C(OS(=O)(=O)F)C=C1,CSC1=CC=C(OS(=O)(=O)OC2=CC=CC=C2)C=C1,CC#N,,,0,0.666666667,1,35.7,24,25,0,0,0,0
sufex_001461,1461,0.88,88,CC1=CC(C)=C(N2C=CN(C3=C(C)C=C(C)C=C3C)[C]2)C(C)=C1,OC1=CC=CC=C1,CSC1=CC=C(OS(=O)(=O)F)C=C1,CSC1=CC=C(OS(=O)(=O)OC2=CC=CC=C2)C=C1,CC#N,,,0.066666667,0.666666667,1,35.7,24,25,0,0,1,0
sufex_001462,1462,0.87,87,CC1=CC(C)=C(N2C=CN(C3=C(C)C=C(C)C=C3C)[C]2)C(C)=C1,OC1=CC=CC=C1,O=S(=O)(F)OC1=CC2=C(C=CC=C2)C=C1,O=S(=O)(OC1=CC=CC=C1)OC1=CC2=C(C=CC=C2)C=C1,CC#N,,,0.066666667,0.666666667,1,35.7,24,25,0,0,1,0
sufex_001463,1463,0.87,87,CC1=CC(C)=C(N2C=CN(C3=C(C)C=C(C)C=C3C)[C]2)C(C)=C1,OC1=CN=CC=C1,CC1=CC=C(OS(=O)(=O)F)C=C1,CC1=CC=C(OS(=O)(=O)OC2=CN=CC=C2)C=C1,CC#N,,,0.066666667,0.666666667,1,35.7,24,25,0,0,1,0
sufex_001464,1464,0.84,84,CC1=CC(C)=C(N2C=CN(C3=C(C)C=C(C)C=C3C)[C]2)C(C)=C1,OC1=CC=CC=C1,O=S(=O)(F)OC1=CN=CC=C1,O=S(=O)(OC1=CC=CC=C1)OC1=CN=CC=C1,CC#N,,,0.066666667,0.666666667,1,35.7,24,25,0,0,1,0
sufex_001465,1465,0.84,84,CC1=CC(C)=C(N2C=CN(C3=C(C)C=C(C)C=C3C)[C]2)C(C)=C1,COC1=C(O)C=CC(CCC(C)=O)=C1,CC1=CC=C(OS(=O)(=O)F)C=C1,COC1=C(OS(=O)(=O)OC2=CC=C(C)C=C2)C=CC(CCC(C)=O)=C1,CC#N,,,0.066666667,0.666666667,1,35.7,24,25,0,0,1,0
sufex_001466,1466,0.83,83,CC1=CC(C)=C(N2C=CN(C3=C(C)C=C(C)C=C3C)[C]2)C(C)=C1,OC1=CC=CC=C1,O=C(/C=C/C1=CC=C(OS(=O)(=O)F)C=C1)C1=CC=CC=C1,O=C(/C=C/C1=CC=C(OS(=O)(=O)OC2=CC=CC=C2)C=C1)C1=CC=CC=C1,CC#N,,,0.066666667,0.666666667,1,35.7,24,25,0,0,1,0
sufex_001467,1467,0.82,82,CC1=CC(C)=C(N2C=CN(C3=C(C)C=C(C)C=C3C)[C]2)C(C)=C1,OC1=CC=CC=C1,COC1=CC(/C=C/C2=CC=C(OS(=O)(=O)F)C=C2)=CC(OC)=C1,COC1=CC(/C=C/C2=CC=C(OS(=O)(=O)OC3=CC=CC=C3)C=C2)=CC(OC)=C1,CC#N,,,0.066666667,0.666666667,1,35.7,24,25,0,0,1,0
sufex_001468,1468,0,0,,OC1=CC=CC=C1,CC1=CC=C(OS(=O)(=O)F)C=C1,CC1=CC=C(OS(=O)(=O)OC2=CC=CC=C2)C=C1,CC#N,,,0,0.666666667,1,35.7,24,25,0,0,0,0
sufex_001469,1469,0.82,82,CC1=CC(C)=C(N2C=CN(C3=C(C)C=C(C)C=C3C)[C]2)C(C)=C1,OC1=CC=CC=C1,CC1=CC=C(OS(=O)(=O)F)C=C1,CC1=CC=C(OS(=O)(=O)OC2=CC=CC=C2)C=C1,CC#N,,,0.066666667,0.666666667,1,35.7,24,25,0,0,1,0
sufex_001470,1470,0.82,82,CC1=CC(C)=C(N2C=CN(C3=C(C)C=C(C)C=C3C)[C]2)C(C)=C1,OC1=CC=CC=C1,COC1=CC=C(OS(=O)(=O)F)C=C1,COC1=CC=C(OS(=O)(=O)OC2=CC=CC=C2)C=C1,CC#N,,,0.066666667,0.666666667,1,35.7,24,25,0,0,1,0
sufex_001471,1471,0.8,80,CC1=CC(C)=C(N2C=CN(C3=C(C)C=C(C)C=C3C)[C]2)C(C)=C1,OC1=CC=CC(Br)=C1,CC1=CC=C(OS(=O)(=O)F)C=C1,CC1=CC=C(OS(=O)(=O)OC2=CC(Br)=CC=C2)C=C1,CC#N,,,0.066666667,0.666666667,1,35.7,24,25,0,0,1,0
sufex_001472,1472,0,0,CC1=CC(C)=C(N2C=CN(C3=C(C)C=C(C)C=C3C)[C]2)C(C)=C1,ClCCCCCCO,CC1=CC=C(OS(=O)(=O)F)C=C1,CC1=CC=C(OS(=O)(=O)OCCCCCCCl)C=C1,C(Cl)Cl,,,0.1,2,1,8.9,24,25,0,0,1,0
sufex_001473,1473,0.65,65,CC1=CC(C)=C(N2C=CN(C3=C(C)C=C(C)C=C3C)[C]2)C(C)=C1,OCC(F)(F)F,O=S(=O)(F)OC1=CC=CC=C1,O=S(=O)(OCC(F)(F)F)OC1=CC=CC=C1,C(Cl)Cl,,,0.1,2,1,8.9,24,25,0,0,1,0
sufex_001474,1474,0,0,,OC1=CC2=C(C=CC=C2)C=C1,O=S(=O)(F)NCC1=CC=CC=C1,O=S(=O)(NCC1=CC=CC=C1)OC1=CC2=C(C=CC=C2)C=C1,CC1=CC=CC=C1,,,0,1.5,1,2.4,24,25,0,0,0,0
sufex_001475,1475,0.93,93,CC1=CC(C)=C(N2C=CN(C3=C(C)C=C(C)C=C3C)[C]2)C(C)=C1,OC1=CC2=C(C=CC=C2)C=C1,O=S(=O)(F)NCC1=CC=CC=C1,O=S(=O)(NCC1=CC=CC=C1)OC1=CC2=C(C=CC=C2)C=C1,CC1=CC=CC=C1,,,0.1,1.5,1,2.4,24,25,0,0,1,0
sufex_001476,1476,0,0,,OC1=CC=CC=C1,O=S(=O)(F)NCC1=CC=CC=C1,O=S(=O)(NCC1=CC=CC=C1)OC1=CC=CC=C1,CC1=CC=CC=C1,,,0,1.5,1,2.4,24,25,0,0,0,0
sufex_001477,1477,0.9,90,CC1=CC(C)=C(N2C=CN(C3=C(C)C=C(C)C=C3C)[C]2)C(C)=C1,OC1=CC=CC=C1,O=S(=O)(F)NCC1=CC=CC=C1,O=S(=O)(NCC1=CC=CC=C1)OC1=CC=CC=C1,CC1=CC=CC=C1,,,0.1,1.5,1,2.4,24,25,0,0,1,0
sufex_001478,1478,0,0,,OC1=CC=C(C2=CC=CC=C2)C=C1,O=S(=O)(F)NCC1=CC=CC=C1,O=S(=O)(NCC1=CC=CC=C1)OC1=CC=C(C2=CC=CC=C2)C=C1,CC1=CC=CC=C1,,,0,1.5,1,2.4,24,25,0,0,0,0
sufex_001479,1479,0.85,85,CC1=CC(C)=C(N2C=CN(C3=C(C)C=C(C)C=C3C)[C]2)C(C)=C1,OC1=CC=C(C2=CC=CC=C2)C=C1,O=S(=O)(F)NCC1=CC=CC=C1,O=S(=O)(NCC1=CC=CC=C1)OC1=CC=C(C2=CC=CC=C2)C=C1,CC1=CC=CC=C1,,,0.1,1.5,1,2.4,24,25,0,0,1,0
sufex_001480,1480,0,0,,OC1=CC=C(C2=CC=CC=C2)C=C1,O=S(=O)(F)NCC1=CC=C(Br)C=C1,O=S(=O)(NCC1=CC=C(Br)C=C1)OC1=CC=C(C2=CC=CC=C2)C=C1,CC1=CC=CC=C1,,,0,1.5,1,2.4,24,25,0,0,0,0
sufex_001481,1481,0.81,81,CC1=CC(C)=C(N2C=CN(C3=C(C)C=C(C)C=C3C)[C]2)C(C)=C1,OC1=CC=C(C2=CC=CC=C2)C=C1,O=S(=O)(F)NCC1=CC=C(Br)C=C1,O=S(=O)(NCC1=CC=C(Br)C=C1)OC1=CC=C(C2=CC=CC=C2)C=C1,CC1=CC=CC=C1,,,0.1,1.5,1,2.4,24,25,0,0,1,0
sufex_001482,1482,0.8,80,CC1=CC(C)=C(N2C=CN(C3=C(C)C=C(C)C=C3C)[C]2)C(C)=C1,COC1=CC(/C=C/C2=CC=C(O)C=C2)=CC(OC)=C1,O=S(=O)(F)NCC1=CC=CC=C1,COC1=CC(/C=C/C2=CC=C(OS(=O)(=O)NCC3=CC=CC=C3)C=C2)=CC(OC)=C1,CC1=CC=CC=C1,,,0.1,1.5,1,2.4,24,25,0,0,1,0
sufex_001483,1483,0,0,,OC1=CC=C2CCCC2=C1,O=S(=O)(F)NCC1=CC=CC=C1,O=S(=O)(NCC1=CC=CC=C1)OC1=CC=C2CCCC2=C1,CC1=CC=CC=C1,,,0,1.5,1,2.4,24,25,0,0,0,0
sufex_001484,1484,0.78,78,CC1=CC(C)=C(N2C=CN(C3=C(C)C=C(C)C=C3C)[C]2)C(C)=C1,OC1=CC=C2CCCC2=C1,O=S(=O)(F)NCC1=CC=CC=C1,O=S(=O)(NCC1=CC=CC=C1)OC1=CC=C2CCCC2=C1,CC1=CC=CC=C1,,,0.1,1.5,1,2.4,24,25,0,0,1,0
sufex_001485,1485,0.76,76,CC1=CC(C)=C(N2C=CN(C3=C(C)C=C(C)C=C3C)[C]2)C(C)=C1,CC1=C2O[C@](C)(CCC[C@H](C)CCC[C@H](C)CCCC(C)C)CCC2=CC(O)=C1,O=S(=O)(F)NCC1=CC=CC=C1,CC1=C2O[C@](C)(CCC[C@H](C)CCC[C@H](C)CCCC(C)C)CCC2=CC(OS(=O)(=O)NCC2=CC=CC=C2)=C1,CC1=CC=CC=C1,,,0.1,1.5,1,2.4,24,25,0,0,1,0
sufex_001486,1486,0,0,,OC1=CC=C(C2=CC=CC=C2)C=C1,CC1=CC=C(CNS(=O)(=O)F)C=C1,CC1=CC=C(CNS(=O)(=O)OC2=CC=C(C3=CC=CC=C3)C=C2)C=C1,CC1=CC=CC=C1,,,0,1.5,1,2.4,24,25,0,0,0,0
sufex_001487,1487,0.75,75,CC1=CC(C)=C(N2C=CN(C3=C(C)C=C(C)C=C3C)[C]2)C(C)=C1,OC1=CC=C(C2=CC=CC=C2)C=C1,CC1=CC=C(CNS(=O)(=O)F)C=C1,CC1=CC=C(CNS(=O)(=O)OC2=CC=C(C3=CC=CC=C3)C=C2)C=C1,CC1=CC=CC=C1,,,0.1,1.5,1,2.4,24,25,0,0,1,0
sufex_001488,1488,0.63,63,CC1=CC(C)=C(N2C=CN(C3=C(C)C=C(C)C=C3C)[C]2)C(C)=C1,OC1=C(OC2=C(Cl)C(Cl)=CC=C2)C=C(Cl)C=C1,O=S(=O)(F)NCC1=CC=CC=C1,O=S(=O)(NCC1=CC=CC=C1)OC1=C(OC2=C(Cl)C(Cl)=CC=C2)C=C(Cl)C=C1,CC1=CC=CC=C1,,,0.1,1.5,1,2.4,24,25,0,0,1,0
sufex_001489,1489,0.6,60,CC1=CC(C)=C(N2C=CN(C3=C(C)C=C(C)C=C3C)[C]2)C(C)=C1,OCCCOCC1=CC=CC=C1,O=S(=O)(F)NCC1=CC=CC=C1,O=S(=O)(NCC1=CC=CC=C1)OCCCOCC1=CC=CC=C1,CC1=CC=CC=C1,,,0.1,1.5,1,2.4,24,25,0,0,1,0
sufex_001490,1490,0,0,CC1=CC(C)=C(N2C=CN(C3=C(C)C=C(C)C=C3C)[C]2)C(C)=C1,OC1=CC=CC=C1,FS(NC1=CC=CC=C1)(=O)=O,O=S(=O)(NC1=CC=CC=C1)OC1=CC=CC=C1,CC1=CC=CC=C1,,,0.1,1.5,1,2.4,24,25,0,0,1,0
sufex_001491,1491,0,0,CC1=CC(C)=C(N2C=CN(C3=C(C)C=C(C)C=C3C)[C]2)C(C)=C1,OCCCOCC1=CC=CC=C1,FS(NC1=CC=CC=C1)(=O)=O,O=S(=O)(NC1=CC=CC=C1)OCCCOCC1=CC=CC=C1,CC1=CC=CC=C1,,,0.1,1.5,1,2.4,24,25,0,0,1,0
sufex_001492,1492,0,0,CC1=CC(C)=C(N2C=CN(C3=C(C)C=C(C)C=C3C)[C]2)C(C)=C1,OCCCOCC1=CC=CC=C1,FS(NC1=CC=C(Br)C=C1)(=O)=O,O=S(=O)(NC1=CC=C(Br)C=C1)OCCCOCC1=CC=CC=C1,CC1=CC=CC=C1,,,0.1,1.5,1,2.4,24,25,0,0,1,0
sufex_001493,1493,0,0,CC1=CC(C)=C(N2C=CN(C3=C(C)C=C(C)C=C3C)[C]2)C(C)=C1,OCCCOCC1=CC=CC=C1,CN(CC1=CC=CC=C1)S(F)(=O)=O,CN(CC1=CC=CC=C1)S(=O)(=O)OCCCOCC1=CC=CC=C1,CC1=CC=CC=C1,,,0.1,1.5,1,2.4,24,25,0,0,1,0
sufex_001494,1494,0,0,CC1=CC(C)=C(N2C=CN(C3=C(C)C=C(C)C=C3C)[C]2)C(C)=C1,OCCCOCC1=CC=CC=C1,FS(N1CCC2(OCCO2)CC1)(=O)=O,O=S(=O)(OCCCOCC1=CC=CC=C1)N1CCC2(CC1)OCCO2,CC1=CC=CC=C1,,,0.1,1.5,1,2.4,24,25,0,0,1,0
sufex_001495,1495,0.21,21,CC1=CC(C)=C(N2C=CN(C3=C(C)C=C(C)C=C3C)[C]2)C(C)=C1,OCCCC1=CC=CC=C1,CC1=CC=C(S(=O)(=O)F)C=C1,CC1=CC=C(S(=O)(=O)OCCCC2=CC=CC=C2)C=C1,CC#N,,,0.066666667,0.666666667,1,35.7,24,25,0,0,1,0
sufex_001496,1496,0.34,34,CC1=CC(C)=C(N2C=CN(C3=C(C)C=C(C)C=C3C)[C]2)C(C)=C1,OCCCC1=CC=CC=C1,CC1=CC=C(S(=O)(=O)F)C=C1,CC1=CC=C(S(=O)(=O)OCCCC2=CC=CC=C2)C=C1,CC#N,,,0.066666667,0.666666667,1,35.7,24,60,0,0,1,0
sufex_001497,1497,0.59,59,CC1=CC(C)=C(N2C=CN(C3=C(C)C=C(C)C=C3C)[C]2)C(C)=C1,OCCCC1=CC=CC=C1,CC1=CC=C(S(=O)(=O)F)C=C1,CC1=CC=C(S(=O)(=O)OCCCC2=CC=CC=C2)C=C1,CC#N,,,0.1,1.5,1,35.7,24,25,0,0,1,0
sufex_001498,1498,0.67,67,CC1=CC(C)=C(N2C=CN(C3=C(C)C=C(C)C=C3C)[C]2)C(C)=C1,OCCCC1=CC=CC=C1,CC1=CC=C(S(=O)(=O)F)C=C1,CC1=CC=C(S(=O)(=O)OCCCC2=CC=CC=C2)C=C1,CC#N,,,0.1,2,1,35.7,24,25,0,0,1,0
sufex_001499,1499,0.82,82,CC1=CC(C)=C(N2C=CN(C3=C(C)C=C(C)C=C3C)[C]2)C(C)=C1,OCCCC1=CC=CC=C1,CC1=CC=C(S(=O)(=O)F)C=C1,CC1=CC=C(S(=O)(=O)OCCCC2=CC=CC=C2)C=C1,C1CCCO1,,,0.1,2,1,7.4,24,25,0,0,1,0
sufex_001500,1500,0.61,61,CC1=CC(C)=C(N2C=CN(C3=C(C)C=C(C)C=C3C)[C]2)C(C)=C1,OCCCC1=CC=CC=C1,CC1=CC=C(S(=O)(=O)F)C=C1,CC1=CC=C(S(=O)(=O)OCCCC2=CC=CC=C2)C=C1,CN(C=O)C,,,0.1,2,1,37.2,24,25,0,0,1,0
sufex_001501,1501,0.94,94,C1CCC2=NCCCN2CC1,OC1=CC=C(I)C=C1,N#S(F)(F)OC1=CC=C(C2=CC=CC=C2)C=C1,N#S(F)(OC1=CC=C(I)C=C1)OC1=CC=C(C2=CC=CC=C2)C=C1,CC#N,,,1.05,1,1,35.7,3,25,0,0,0,0
sufex_001502,1502,0.95,95,C1CCC2=NCCCN2CC1,CC(=O)CCC1=CC=C(O)C=C1,N#S(F)(F)OC1=CC=C(C2=CC=CC=C2)C=C1,CC(=O)CCC1=CC=C(OS(#N)(F)OC2=CC=C(C3=CC=CC=C3)C=C2)C=C1,CC#N,,,1.05,1,1,35.7,6,25,0,0,0,0
sufex_001503,1503,0.97,97,C1CCC2=NCCCN2CC1,CC(C)(C)C1=CC=C(O)C=C1,N#S(F)(F)OC1=CC=C(C2=CC=CC=C2)C=C1,CC(C)(C)C1=CC=C(OS(#N)(F)OC2=CC=C(C3=CC=CC=C3)C=C2)C=C1,CC#N,,,1.05,1,1,35.7,3,25,0,0,0,0
sufex_001504,1504,0.97,97,C1CCC2=NCCCN2CC1,OC1=CN=C(Cl)C=C1,N#S(F)(F)OC1=CC=C(C2=CC=CC=C2)C=C1,N#S(F)(OC1=CC=C(C2=CC=CC=C2)C=C1)OC1=CN=C(Cl)C=C1,CC#N,,,1.05,1,1,35.7,3,25,0,0,0,0
sufex_001505,1505,0.71,71,[H-].[Na+],OC1=CC=CC=C1,N#S(F)(F)N1CCN(C2=CC=CC=C2)CC1,N#S(F)(OC1=CC=CC=C1)N1CCN(C2=CC=CC=C2)CC1,CC#N,,,1.05,1,1,35.7,4,80,0,0,0,0
sufex_001506,1506,0.66,66,[H-].[Na+],OC1=CC=C(F)C=C1,N#S(F)(F)N1CCN(C2=CC=CC=C2)CC1,N#S(F)(OC1=CC=C(F)C=C1)N1CCN(C2=CC=CC=C2)CC1,CC#N,,,1.05,1,1,35.7,4,80,0,0,0,0
sufex_001507,1507,0.69,69,[H-].[Na+],CC1=CC=C(O)C=C1,N#S(F)(F)N1CCN(C2=CC=CC=C2)CC1,CC1=CC=C(OS(#N)(F)N2CCN(C3=CC=CC=C3)CC2)C=C1,CC#N,,,1.05,1,1,35.7,4,80,0,0,0,0
sufex_001508,1508,0.88,88,C(=O)([O-])[O-].[Cs+].[Cs+],COC1=CC=C(O)C=C1,COC1=CC=C(C2=CCC2(S(=O)(=O)F)S(=O)(=O)F)C=C1,COC1=CC=C(OS(=O)(=O)C2(S(=O)(=O)F)CC=C2C2=CC=C(OC)C=C2)C=C1,CC#N,,,1.1,1.1,1,35.7,3,25,0,0,0,0
sufex_001509,1509,0.87,87,C(=O)([O-])[O-].[Cs+].[Cs+],COC1=C(F)C=C(O)C=C1,COC1=CC=C(C2=CCC2(S(=O)(=O)F)S(=O)(=O)F)C=C1,COC1=CC=C(C2=CCC2(S(=O)(=O)F)S(=O)(=O)OC2=CC(F)=C(OC)C=C2)C=C1,CC#N,,,1.1,1.1,1,35.7,3,25,0,0,0,0
sufex_001510,1510,0.84,84,C(=O)([O-])[O-].[Cs+].[Cs+],N#CCC1=CC=C(O)C=C1,COC1=CC=C(C2=CCC2(S(=O)(=O)F)S(=O)(=O)F)C=C1,COC1=CC=C(C2=CCC2(S(=O)(=O)F)S(=O)(=O)OC2=CC=C(CC#N)C=C2)C=C1,CC#N,,,1.1,1.1,1,35.7,3,25,0,0,0,0
sufex_001511,1511,0.84,84,C(=O)([O-])[O-].[Cs+].[Cs+],O=N(=O)C1=CC(O)=CC=C1,COC1=CC=C(C2=CCC2(S(=O)(=O)F)S(=O)(=O)F)C=C1,COC1=CC=C(C2=CCC2(S(=O)(=O)F)S(=O)(=O)OC2=CC(N(=O)=O)=CC=C2)C=C1,CC#N,,,1.1,1.1,1,35.7,3,25,0,0,0,0
sufex_001512,1512,0.8,80,C(=O)([O-])[O-].[Cs+].[Cs+],OC1=CC=C2OCOC2=C1,COC1=CC=C(C2=CCC2(S(=O)(=O)F)S(=O)(=O)F)C=C1,COC1=CC=C(C2=CCC2(S(=O)(=O)F)S(=O)(=O)OC2=CC=C3OCOC3=C2)C=C1,CC#N,,,1.1,1.1,1,35.7,3,25,0,0,0,0
sufex_001513,1513,0.79,79,C(=O)([O-])[O-].[Cs+].[Cs+],OC1=CC=CC(OC(F)(F)F)=C1,COC1=CC=C(C2=CCC2(S(=O)(=O)F)S(=O)(=O)F)C=C1,COC1=CC=C(C2=CCC2(S(=O)(=O)F)S(=O)(=O)OC2=CC(OC(F)(F)F)=CC=C2)C=C1,CC#N,,,1.1,1.1,1,35.7,3,25,0,0,0,0
sufex_001514,1514,0.78,78,C(=O)([O-])[O-].[Cs+].[Cs+],COC(=O)C1=CC(O)=CC=C1,COC1=CC=C(C2=CCC2(S(=O)(=O)F)S(=O)(=O)F)C=C1,COC(=O)C1=CC=CC(OS(=O)(=O)C2(S(=O)(=O)F)CC=C2C2=CC=C(OC)C=C2)=C1,CC#N,,,1.1,1.1,1,35.7,3,25,0,0,0,0
sufex_001515,1515,0.76,76,C(=O)([O-])[O-].[Cs+].[Cs+],C#CC1=CC(O)=CC=C1,COC1=CC=C(C2=CCC2(S(=O)(=O)F)S(=O)(=O)F)C=C1,C#CC1=CC=CC(OS(=O)(=O)C2(S(=O)(=O)F)CC=C2C2=CC=C(OC)C=C2)=C1,CC#N,,,1.1,1.1,1,35.7,3,25,0,0,0,0
sufex_001516,1516,0.75,75,C(=O)([O-])[O-].[Cs+].[Cs+],CN(C)C1=CC(O)=CC=C1,COC1=CC=C(C2=CCC2(S(=O)(=O)F)S(=O)(=O)F)C=C1,COC1=CC=C(C2=CCC2(S(=O)(=O)F)S(=O)(=O)OC2=CC(N(C)C)=CC=C2)C=C1,CC#N,,,1.1,1.1,1,35.7,3,25,0,0,0,0
sufex_001517,1517,0.72,72,C(=O)([O-])[O-].[Cs+].[Cs+],OC1=CC=CC(SC(F)(F)F)=C1,COC1=CC=C(C2=CCC2(S(=O)(=O)F)S(=O)(=O)F)C=C1,COC1=CC=C(C2=CCC2(S(=O)(=O)F)S(=O)(=O)OC2=CC(SC(F)(F)F)=CC=C2)C=C1,CC#N,,,1.1,1.1,1,35.7,3,25,0,0,0,0
sufex_001518,1518,1,100,CCN(CC)CC,CC1=CC=C(O)C=C1,O=S(=O)(F)F,CC1=CC=C(OS(=O)(=O)F)C=C1,C(Cl)Cl,,,1.5,1,1,8.9,3,25,0,0,0,0
sufex_001519,1519,1,100,CCN(CC)CC,OC1=CN=CC=C1,O=S(=O)(F)F,O=S(=O)(F)OC1=CN=CC=C1,C(Cl)Cl,,,1.5,1,1,8.9,12,25,0,0,0,0
sufex_001520,1520,0.99,99,CCN(CC)CC,CC(=O)C1=CC=C(O)C=C1,O=S(=O)(F)F,CC(=O)C1=CC=C(OS(=O)(=O)F)C=C1,C(Cl)Cl,,,1.5,1,1,8.9,3,25,0,0,0,0
sufex_001521,1521,0.98,98,C1CCC2=NCCCN2CC1,O=C1CCC2(CC1)OCCO2,O=S(=O)(F)F,O=S(=O)(F)OC1=CCC2(CC1)OCCO2,C(Cl)Cl,,,2,1,1,8.9,12,25,0,0,0,0
sufex_001522,1522,0.97,97,CCN(CC)CC,CC1=C(N(=O)=O)C=CC(O)=C1,O=S(=O)(F)F,CC1=C(N(=O)=O)C=CC(OS(=O)(=O)F)=C1,C(Cl)Cl,,,1.5,1,1,8.9,6,25,0,0,0,0
sufex_001523,1523,0.96,96,CCN(CC)CC,COC1=CC(C=O)=CC=C1O,O=S(=O)(F)F,COC1=C(OS(=O)(=O)F)C=CC(C=O)=C1,C(Cl)Cl,,,1.5,1,1,8.9,12,25,0,0,0,0
sufex_001524,1524,0.94,94,CCN(CC)CC,OC1=CC=C(Cl)C2=C1C=CC=C2,O=S(=O)(F)F,O=S(=O)(F)OC1=CC=C(Cl)C2=C1C=CC=C2,C(Cl)Cl,,,1.5,1,1,8.9,3,25,0,0,0,0
sufex_001525,1525,0.94,94,CCN(CC)CC,O=C(O)C1=CC=C(O)C=C1,O=S(=O)(F)F,O=C(O)C1=CC=C(OS(=O)(=O)F)C=C1,C(Cl)Cl,,,1.5,1,1,8.9,3,25,0,0,0,0
sufex_001526,1526,0.89,89,CCN(CC)CC,OC1=C(OC(F)(F)F)C=CC=C1,O=S(=O)(F)F,O=S(=O)(F)OC1=C(OC(F)(F)F)C=CC=C1,C(Cl)Cl,,,1.5,1,1,8.9,6,25,0,0,0,0
sufex_001527,1527,0.88,88,CCN(CC)CC,CC(C)(C)C1=CC=C(O)C=C1,O=S(=O)(F)F,CC(C)(C)C1=CC=C(OS(=O)(=O)F)C=C1,C(Cl)Cl,,,1.5,1,1,8.9,3,25,0,0,0,0
sufex_001528,1528,0.86,86,CCN(CC)CC,N#CC1=CC=C(O)C=C1,O=S(=O)(F)F,N#CC1=CC=C(OS(=O)(=O)F)C=C1,C(Cl)Cl,,,1.5,1,1,8.9,6,25,0,0,0,0
sufex_001529,1529,0.82,82,C1CCC2=NCCCN2CC1,O=CC1CCCCC1,O=S(=O)(F)F,O=S(=O)(F)OC=C1CCCCC1,C(Cl)Cl,,,2,1,1,8.9,12,25,0,0,0,0
sufex_001530,1530,0.77,77,CCN(CC)CC,O=N(=O)C1=CC=C(O)C=C1,O=S(=O)(F)F,O=N(=O)C1=CC=C(OS(=O)(=O)F)C=C1,C(Cl)Cl,,,1.5,1,1,8.9,6,25,0,0,0,0
sufex_001531,1531,0.74,74,CCN(CC)CC,OC1=CC=CC=C1,O=S(=O)(F)F,O=S(=O)(F)OC1=CC=CC=C1,C(Cl)Cl,,,1.5,1,1,8.9,3,25,0,0,0,0
sufex_001532,1532,0.72,72,CCN(CC)CC,O=N(=O)C1=CC(O)=CC=C1,O=S(=O)(F)F,O=N(=O)C1=CC=CC(OS(=O)(=O)F)=C1,C(Cl)Cl,,,1.5,1,1,8.9,2,25,0,0,0,0
sufex_001533,1533,0.69,69,C1CCC2=NCCCN2CC1,CC(C)(C)C1CCC(=O)CC1,O=S(=O)(F)F,CC(C)(C)C1CC=C(OS(=O)(=O)F)CC1,C(Cl)Cl,,,2,1,1,8.9,12,25,0,0,0,0
sufex_001534,1534,0.67,67,CCN(CC)CC,CS(=O)(=O)C1=CC=C(O)C=C1,O=S(=O)(F)F,CS(=O)(=O)C1=CC=C(OS(=O)(=O)F)C=C1,C(Cl)Cl,,,1.5,1,1,8.9,12,25,0,0,0,0
sufex_001535,1535,0.61,61,CCN(CC)CC,CC1=C(O)C=CC=C1,O=S(=O)(F)F,CC1=C(OS(=O)(=O)F)C=CC=C1,C(Cl)Cl,,,1.5,1,1,8.9,3,25,0,0,0,0
sufex_001536,1536,0.44,44,CC(C)(C)[O-].[K+],CCOC(=O)C1CCCCC1=O,O=S(=O)(F)F,CCOC(=O)C1=C(OS(=O)(=O)F)CCCC1,C1CCCO1,,,2.5,1,1,7.4,2,-78,0,0,0,0
sufex_001537,1537,0.41,41,CC(C)(C)[O-].[K+],CC(=O)C1=CC=CC=C1,O=S(=O)(F)F,C=C(OS(=O)(=O)F)C1=CC=CC=C1,C1CCCO1,,,2.5,1,1,7.4,2,-78,0,0,0,0
sufex_001538,1538,0.77,77,C1CCC2=NCCCN2CC1,CCCCCCCCCCC=O,O=S(=O)(F)F,CCCCCCCCC/C=C/OS(=O)(=O)F,C(Cl)Cl,,,2,1,1,8.9,12,25,0,0,0,0
sufex_001539,1539,0.71,71,C1CCC2=NCCCN2CC1,O=CC(CCCCCCCC)C,O=S(=O)(F)F,CCCCCCCC/C(C)=C/OS(=O)(=O)F,C(Cl)Cl,,,2,1,1,8.9,4,25,0,0,0,0
sufex_001540,1540,0.99,99,[OH-].[K+],CC1=C(C)C=C(O)C=C1,O=S(=O)(F)/C=C/N1CCCC1,CC1=C(C)C=C(OS(=O)(=O)/C=C/N2CCCC2)C=C1,CC#N,,,2,2,1,35.7,15,50,0,0,0,0
sufex_001541,1541,0.99,99,[OH-].[K+],CC(C)(C)C1=CC=C(O)C=C1,CN(/C=C/S(=O)(=O)F)C1=CC=CC=C1,CN(/C=C/S(=O)(=O)OC1=CC=C(C(C)(C)C)C=C1)C1=CC=CC=C1,CC#N,,,2,2,1,35.7,15,50,0,0,0,0
sufex_001542,1542,0.93,93,[OH-].[K+],OC1=CC=C(OCC2=CC=CC=C2)C=C1,CN(/C=C/S(=O)(=O)F)C1=CC=CC=C1,CN(/C=C/S(=O)(=O)OC1=CC=C(OCC2=CC=CC=C2)C=C1)C1=CC=CC=C1,CC#N,,,2,2,1,35.7,15,50,0,0,0,0
sufex_001543,1543,0.91,91,[OH-].[K+],CC(C)(C)C1=CC=C(O)C=C1,O=S(=O)(F)/C=C/N1CCOCC1,CC(C)(C)C1=CC=C(OS(=O)(=O)/C=C/N2CCOCC2)C=C1,CC#N,,,2,2,1,35.7,15,50,0,0,0,0
sufex_001544,1544,0.87,87,[OH-].[K+],CC1=CC=C(O)C=C1,CN(/C=C/S(=O)(=O)F)C1=CC=CC=C1,CC1=CC=C(OS(=O)(=O)/C=C/N(C)C2=CC=CC=C2)C=C1,CC#N,,,2,2,1,35.7,15,50,0,0,0,0
sufex_001545,1545,0.76,76,[OH-].[K+],OC1=CC=C(OCC2=CC=CC=C2)C=C1,O=S(=O)(F)/C=C/N1CCC(=C2C3=CC=C(Cl)C=C3CCC3=CC=CN=C32)CC1,O=S(=O)(/C=C/N1CCC(=C2C3=CC=C(Cl)C=C3CCC3=CC=CN=C32)CC1)OC1=CC=C(OCC2=CC=CC=C2)C=C1,CC#N,,,2,2,1,35.7,15,50,0,0,0,0
sufex_001546,1546,0.75,75,[OH-].[K+],OC1=CC=C(OC2=CC=CC=C2)C=C1,CN(/C=C/S(=O)(=O)F)C1=CC=CC=C1,CN(/C=C/S(=O)(=O)OC1=CC=C(OC2=CC=CC=C2)C=C1)C1=CC=CC=C1,CC#N,,,2,2,1,35.7,15,50,0,0,0,0
sufex_001547,1547,0.67,67,[OH-].[K+],OC1=CC=C2OCOC2=C1,COC1=C(N2CCN(/C=C/S(=O)(=O)F)CC2)C=CC=C1,COC1=C(N2CCN(/C=C/S(=O)(=O)OC3=CC=C4OCOC4=C3)CC2)C=CC=C1,CC#N,,,2,2,1,35.7,15,50,0,0,0,0
sufex_001548,1548,0.92,92,[OH-].[Na+],OC1=CC=CC=C1,O=S(=O)(F)C1=C2C=CC=CN2N=C1,O=S(=O)(OC1=CC=CC=C1)C1=C2C=CC=CN2N=C1,CC#N,,,1.5,1.5,1,35.7,0.17,25,0,0,0,0
sufex_001549,1549,0.9,90,C(=O)([O-])[O-].[Cs+].[Cs+],CC1=C(O)C=C(C(C)C)C=C1,O=C(SCC1=CC=CC=C1)C(C(=O)SCC1=CC=CC=C1)C(CS(=O)(=O)F)C1=CC=CC=C1,CC1=CC=C(C(C)C)C=C1OS(=O)(=O)CC(C1=CC=CC=C1)C(C(=O)SCC1=CC=CC=C1)C(=O)SCC1=CC=CC=C1,CC#N,,,2,1.1,1,35.7,72,25,0,0,0,0
sufex_001550,1550,0.7,70,C(=O)([O-])[O-].[Cs+].[Cs+],[H][C@@]12CCC3=CC(O)=CC=C3[C@@]1([H])CC[C@]1(C)C(=O)CC[C@@]21[H],O=C(SCC1=CC=CC=C1)C(C(=O)SCC1=CC=CC=C1)C(CS(=O)(=O)F)C1=CC=CC=C1,[H][C@@]12CCC3=CC(OS(=O)(=O)CC(C4=CC=CC=C4)C(C(=O)SCC4=CC=CC=C4)C(=O)SCC4=CC=CC=C4)=CC=C3[C@@]1([H])CC[C@]1(C)C(=O)CC[C@@]21[H],CC#N,,,2,1.1,1,35.7,72,25,0,0,0,0
sufex_001551,1551,0.97,97,C(=O)([O-])[O-].[Cs+].[Cs+],OC1=CC=CC=C1,CC1(C)C(C2=CC=CC=C2)=NN(C2=CC=CC=C2)C1CS(=O)(=O)F,CC1(C)C(C2=CC=CC=C2)=NN(C2=CC=CC=C2)C1CS(=O)(=O)OC1=CC=CC=C1,CC#N,,,2,1.1,1,35.7,12,25,0,0,0,0
sufex_001552,1552,0.99,99,C(=O)([O-])[O-].[K+].[K+],CC1=C(C)C=C(O)C=C1,CC(C)(/C=C/S(=O)(=O)F)CCC(=O)C1=CC=CC=C1,CC1=C(C)C=C(OS(=O)(=O)/C=C/C(C)(C)CCC(=O)C2=CC=CC=C2)C=C1,CC#N,,,1.2,1.2,1,35.7,16,25,0,0,0,0
sufex_001553,1553,0.89,89,C(=O)([O-])[O-].[K+].[K+],[H][C@@]12CCC3=CC(O)=CC=C3[C@@]1([H])CC[C@]1(C)C(=O)CC[C@@]21[H],CC(C)(/C=C/S(=O)(=O)F)CCC(=O)C1=CC=CC=C1,[H][C@@]12CCC3=CC(OS(=O)(=O)/C=C/C(C)(C)CCC(=O)C4=CC=CC=C4)=CC=C3[C@@]1([H])CC[C@]1(C)C(=O)CC[C@@]21[H],CC#N,,,1.2,1.2,1,35.7,16,25,0,0,0,0
sufex_001554,1554,0.81,81,C(=O)([O-])[O-].[K+].[K+],O=CC1=C(O)C=CC=C1,CC(C)(/C=C/S(=O)(=O)F)CCC(=O)C1=CC=CC=C1,CC(C)(/C=C/S(=O)(=O)OC1=C(C=O)C=CC=C1)CCC(=O)C1=CC=CC=C1,CC#N,,,1.2,1.2,1,35.7,16,25,0,0,0,0
sufex_001555,1555,0.87,87,C(=O)([O-])[O-].[Cs+].[Cs+],OC1=CC=CC=C1,CC1=CC=C(/C=C/C(C[Si](C)(C)C)CS(=O)(=O)F)C=C1,CC1=CC=C(/C=C/C(C[Si](C)(C)C)CS(=O)(=O)OC2=CC=CC=C2)C=C1,CC#N,,,2,1.2,1,35.7,12,25,0,0,0,0
sufex_001556,1556,0.93,93,C(=O)([O-])[O-].[Cs+].[Cs+],OC1=CC=CC2=C1C=CC=C2,O=S(=O)(F)CCC1=CC=CC=C1,O=S(=O)(CCC1=CC=CC=C1)OC1=CC=CC2=C1C=CC=C2,CC#N,,,2,1.1,1,35.7,10,25,0,0,0,0
sufex_001557,1557,0.77,77,C(=O)([O-])[O-].[Cs+].[Cs+],CC1=NC=C(N(=O)=O)N1CCO,O=S(=O)(F)CCC1=CC=CC=C1,CC1=NC=C(N(=O)=O)N1CCOS(=O)(=O)CCC1=CC=CC=C1,CC#N,,,2,1.1,1,35.7,10,25,0,0,0,0
sufex_001558,1558,0.98,98,C(=O)([O-])[O-].[Cs+].[Cs+],OC1=CC=CC=C1,COC1=CC=C(C(=O)CCCS(=O)(=O)F)C=C1,COC1=CC=C(C(=O)CCCS(=O)(=O)OC2=CC=CC=C2)C=C1,CC#N,,,2,1.1,1,35.7,12,25,0,0,0,0
sufex_001559,1559,0.47,47,[O-]C([O-])=O.[Cs+].[Cs+],OC1=CC=C(C(C)=O)C=C1,FS(CC(C(C)(CC(C(OC(C)(C)C)=O)(C(OC(C)(C)C)=O)/N=C(C1=CC=CC=C1)/C2=CC=CC=C2)C)C(C3=CC=CC=C3)=O)(=O)=O,CC(=O)C1=CC=C(OS(=O)(=O)CC(C(=O)C2=CC=CC=C2)C(C)(C)CC(N=C(C2=CC=CC=C2)C2=CC=CC=C2)(C(=O)OC(C)(C)C)C(=O)OC(C)(C)C)C=C1,CC#N,,,3.4,2,1,35.7,16,25,0,0,0,0
sufex_001560,1560,0.95,95,C(=O)([O-])[O-].[Cs+].[Cs+],OC1=CC=CC2=C1C=CC=C2,CC(C)(C)C1=CC=C(S(=O)(=O)F)C=C1,CC(C)(C)C1=CC=C(S(=O)(=O)OC2=CC=CC3=C2C=CC=C3)C=C1,CC#N,,,1.1,2,1,35.7,12,25,0,0,0,0
sufex_001561,1561,0.62,62,C(=O)([O-])[O-].[K+].[K+],COC1=CC=C(O)C=C1,O=S(=O)(F)CCS(=O)(=O)C1=CC=CC=C1,COC1=CC=C(OS(=O)(=O)CCS(=O)(=O)C2=CC=CC=C2)C=C1,CC#N,,,1.2,1.2,1,35.7,12,25,0,0,0,0
sufex_001562,1562,0.98,98,C(=O)([O-])[O-].[K+].[K+],C=CCC1=CC=C(O)C(OC)=C1,CC1(C)CC=C(C2=CC=CC=C2)N(C2=CC=CC=C2)C1CS(=O)(=O)F,C=CCC1=CC(OC)=C(OS(=O)(=O)CC2N(C3=CC=CC=C3)C(C3=CC=CC=C3)=CCC2(C)C)C=C1,CC#N,,,1.2,1.2,1,35.7,8,25,0,0,0,0
sufex_001563,1563,0.97,97,C(=O)([O-])[O-].[K+].[K+],COC1=C(O)C=CC=C1,CC1(C)CC=C(C2=CC=CC=C2)N(C2=CC=CC=C2)C1CS(=O)(=O)F,COC1=C(OS(=O)(=O)CC2N(C3=CC=CC=C3)C(C3=CC=CC=C3)=CCC2(C)C)C=CC=C1,CC#N,,,1.2,1.2,1,35.7,8,25,0,0,0,0
sufex_001564,1564,0.89,89,C(=O)([O-])[O-].[K+].[K+],CC1=C(O)C(=O)C=CO1,CC1(C)CC=C(C2=CC=CC=C2)N(C2=CC=CC=C2)C1CS(=O)(=O)F,CC1=C(OS(=O)(=O)CC2N(C3=CC=CC=C3)C(C3=CC=CC=C3)=CCC2(C)C)C(=O)C=CO1,CC#N,,,1.2,1.2,1,35.7,4,50,0,0,0,0
sufex_001565,1565,0.84,84,C(=O)([O-])[O-].[K+].[K+],CC1=C(O)C(=O)CC1,CC1(C)CC=C(C2=CC=CC=C2)N(C2=CC=CC=C2)C1CS(=O)(=O)F,CC1=C(OS(=O)(=O)CC2N(C3=CC=CC=C3)C(C3=CC=CC=C3)=CCC2(C)C)C(=O)CC1,CC#N,,,1.2,1.2,1,35.7,6,50,0,0,0,0
sufex_001566,1566,0.51,51,[OH-].[K+],[H][C@@]12CCC3=CC(O)=CC=C3[C@]1(CC[C@@]4(C(CC[C@@]24[H])=O)C)[H],FS(/C=C(C1=CC=C(N=C(C)C=C2)C2=C1)\C3=CC=CC=C3)(=O)=O,CC1=NC2=CC=C(/C(=C/S(=O)(=O)OC3=CC=C4C(=C3)CC[C@@H]3[C@@H]4CC[C@]4(C)C(=O)CC[C@@H]34)C3=CC=CC=C3)C=C2C=C1,CC#N,,,2,2,1,35.7,12,50,0,0,0,0
sufex_001567,1567,0.93,93,CCN(CC)CC,OC1=CC=C(CNC(OC(C)(C)C)=O)C=C1,FS(F)(=O)=O,CC(C)(C)OC(=O)NCC1=CC=C(OS(=O)(=O)F)C=C1,C(Cl)Cl,,,2,1,1,8.9,6,25,0,0,0,0
sufex_001568,1568,0.96,96,CCN(CC)CC,CC1(C)N[C@@H](CC2=CC=C(O)C=C2)C(N1CCCC)=O,FS(F)(=O)=O,CCCCN1C(=O)[C@H](CC2=CC=C(OS(=O)(=O)F)C=C2)NC1(C)C,C(Cl)Cl,,,1.3,1,1,8.9,6,25,0,0,0,0
sufex_001569,1569,0.95,95,CCN(CC)CC,CCCCCCC1=C(O)C=C(OC)C=C1,O=S(=O)(F)F,CCCCCCC1=C(OS(=O)(=O)F)C=C(OC)C=C1,C(Cl)Cl,,,1.5,1,1,8.9,12,25,0,0,0,0
sufex_001570,1570,0.95,95,CCN(CC)CC,[H][C@@]12CC[C@@](O)(C#C)[C@@]1(C)CC[C@]1([H])C3=CC=C(O)C=C3CC[C@@]21[H],O=S(=O)(F)F,[H][C@@]12CC[C@@](O)(C#C)[C@@]1(C)CC[C@]1([H])C3=CC=C(OS(=O)(=O)F)C=C3CC[C@@]21[H],CC(C)=O,,,1,1,1,20.5,12,25,0,0,0,0
sufex_001571,1571,0.94,94,CCN(CC)CC,CCCCCCC1=C(OC)C=C(O)C=C1,O=S(=O)(F)F,CCCCCCC1=C(OC)C=C(OS(=O)(=O)F)C=C1,C(Cl)Cl,,,1,1,1,8.9,12,25,0,0,0,0
sufex_001572,1572,0.94,94,CCN(CC)CC,O=C(N/N=C/C1=CC=C(N(=O)=O)O1)C1=CC=C(O)C=C1,O=S(=O)(F)F,O=C(N/N=C/C1=CC=C(N(=O)=O)O1)C1=CC=C(OS(=O)(=O)F)C=C1,CC(C)=O,,,1,1,1,20.5,12,25,0,0,0,0
sufex_001573,1573,0.92,92,CCN(CC)CC,O=C1OC2=CC=C(O)C=C2S1,O=S(=O)(F)F,O=C1OC2=CC=C(OS(=O)(=O)F)C=C2S1,CC(C)=O,,,1,1,1,20.5,12,25,0,0,0,0
sufex_001574,1574,0.83,83,CCN(CC)CC,CCCCCCC1=CC=C(O)C=C1,O=S(=O)(F)F,CCCCCCC1=CC=C(OS(=O)(=O)F)C=C1,C(Cl)Cl,,,1,1,1,8.9,12,25,0,0,0,0
sufex_001575,1575,0.83,83,CCN(CC)CC,CCCCCCC1=CC=C(O)C=N1,O=S(=O)(F)F,CCCCCCC1=NC=C(OS(=O)(=O)F)C=C1,CC(C)=O,,,1.5,1,1,20.5,12,25,0,0,0,0
sufex_001576,1576,0.99,99,C(=O)([O-])[O-].[K+].[K+],OC1=CC=C(OCC2=CC=CC=C2)C=C1,O=S(=O)(F)C[C@H](C1=CC=CC=C1)C1=C2SC3=CC=CC=C3C2=CC=C1,O=S(=O)(C[C@H](C1=CC=CC=C1)C1=C2SC3=CC=CC=C3C2=CC=C1)OC1=CC=C(OCC2=CC=CC=C2)C=C1,CC#N,,,2,1,1,35.7,4,25,0,0,0,0
sufex_001577,1577,0.91,91,C(=O)([O-])[O-].[Cs+].[Cs+],OC1=CC=C(OCC2=CC=CC=C2)C=C1,O=S(=O)(F)CCN1C=C(C2=CC=CC=C2)N=N1,O=S(=O)(CCN1C=C(C2=CC=CC=C2)N=N1)OC1=CC=C(OCC2=CC=CC=C2)C=C1,CC#N,,,1,1,1,35.7,12,25,0,0,0,0
sufex_001578,1578,0.9,90,C(=O)([O-])[O-].[Cs+].[Cs+],COC1=CC=C(O)C=C1,O=S(=O)(F)CCN1C=C(C2=CC=CC=C2)N=N1,COC1=CC=C(OS(=O)(=O)CCN2C=C(C3=CC=CC=C3)N=N2)C=C1,CC#N,,,1,1,1,35.7,12,25,0,0,0,0
sufex_001579,1579,0.87,87,C(=O)([O-])[O-].[Cs+].[Cs+],OC1=CC=CC2=C1N=CC=C2,O=S(=O)(F)CCN1C=C(C2=CC=CC=C2)N=N1,O=S(=O)(CCN1C=C(C2=CC=CC=C2)N=N1)OC1=CC=CC2=C1N=CC=C2,CC#N,,,1,1,1,35.7,12,25,0,0,0,0
sufex_001580,1580,0.84,84,C(=O)([O-])[O-].[Cs+].[Cs+],COC1=CC=C(O)C=C1,O=S(=O)(F)C1=CCC(C2=CC=CC=C2)CC1,COC1=CC=C(OS(=O)(=O)C2=CCC(C3=CC=CC=C3)CC2)C=C1,CC#N,,,2,1.1,1,35.7,1,25,0,0,0,0
sufex_001581,1581,0.9,90,CCN(C(C)C)C(C)C,CC(C)(OC(N1CCC[C@H]1C(NC2=CC=C(C=C2)O)=O)=O)C,O=S(=O)(F)F,CC(C)(C)OC(=O)N1CCC[C@H]1C(=O)NC1=CC=C(OS(=O)(=O)F)C=C1,C(Cl)Cl,,,1.5,1,1,8.9,5,25,0,0,0,0
sufex_001582,1582,0.87,87,CCN(C(C)C)C(C)C,OC1=CC=CC(NC([C@H]2N(C(OC(C)(C)C)=O)CCC2)=O)=C1,O=S(=O)(F)F,CC(C)(C)OC(=O)N1CCC[C@H]1C(=O)NC1=CC(OS(=O)(=O)F)=CC=C1,C(Cl)Cl,,,1.5,1,1,8.9,5,25,0,0,0,0
sufex_001583,1583,0.83,83,CCN(C(C)C)C(C)C,OC1=CC=CC(NC([C@H]2N(C(OC(C)(C)C)=O)CCC2)=O)=C1F,O=S(=O)(F)F,CC(C)(C)OC(=O)N1CCC[C@H]1C(=O)NC1=C(F)C(OS(=O)(=O)F)=CC=C1,C(Cl)Cl,,,1.5,1,1,8.9,5,25,0,0,0,0
sufex_001584,1584,0.9,90,CCN(C(C)C)C(C)C,CC(C)(OC(N1CCC[C@H]1C(NC2=CC=C(C=C2)O)=O)=O)C,O=S(=O)(F)F,CC(C)(C)OC(=O)N1CCC[C@H]1C(=O)NC1=CC=C(OS(=O)(=O)F)C=C1,C(Cl)Cl,,,1.5,1,1,8.9,5,25,0,0,0,0
sufex_001585,1585,0.8,80,CCN(C(C)C)C(C)C,OC1=CC=CC(C2=CN=C([C@@H]3CCCN3C(OC(C)(C)C)=O)N2)=C1,O=S(=O)(F)F,CC(C)(C)OC(=O)N1CCC[C@H]1C1=NC=C(C2=CC(OS(=O)(=O)F)=CC=C2)N1,C(Cl)Cl,,,1.5,1,1,8.9,5,25,0,0,0,0
sufex_001586,1586,0.92,92,CCN(C(C)C)C(C)C,OC1=C(F)C=CC(C2=CN=C([C@@H]3CCCN3C(OC(C)(C)C)=O)N2)=C1,O=S(=O)(F)F,CC(C)(C)OC(=O)N1CCC[C@H]1C1=NC=C(C2=CC(OS(=O)(=O)F)=C(F)C=C2)N1,C(Cl)Cl,,,1.5,1,1,8.9,5,25,0,0,0,0
sufex_001587,1587,0.8,80,CCN(C(C)C)C(C)C,CC(OC(N1CCC[C@H]1C(N2)=NC=C2C3=CC=C(O)C=C3)=O)(C)C,O=S(=O)(F)F,CC(C)(C)OC(=O)N1CCC[C@H]1C1=NC=C(C2=CC=C(OS(=O)(=O)F)C=C2)N1,C(Cl)Cl,,,1.5,1,1,8.9,5,25,0,0,0,0
sufex_001588,1588,0.76,76,CCN(C(C)C)C(C)C,OC1=CC=CC(NC([C@H]2N(CCC2)C([C@H](NC(OC)=O)C3=CC=CC=C3)=O)=O)=C1,O=S(=O)(F)F,COC(=O)N[C@@H](C(=O)N1CCC[C@H]1C(=O)NC1=CC(OS(=O)(=O)F)=CC=C1)C1=CC=CC=C1,C(Cl)Cl,,,3,1,1,8.9,5,25,0,0,0,0
sufex_001589,1589,0.81,81,[O-]C([O-])=O.[Cs+].[Cs+],OC1=CC=CC=C1,O=S(=O)(F)C1=CC=CC2=CC=CC=C12,O=S(=O)(OC1=CC=CC=C1)C1=CC=CC2=CC=CC=C12,CC#N,,,2,1.1,1,35.7,1,25,0,0,0,0
sufex_001590,1590,0.95,95,[O-]C([O-])=O.[Cs+].[Cs+],COC1=CC=C(O)C=C1,O=S(=O)(F)C1=CC=CC2=CC=CC=C12,COC1=CC=C(OS(=O)(=O)C2=CC=CC3=CC=CC=C23)C=C1,CC#N,,,2,1.1,1,35.7,1,25,0,0,0,0
sufex_001591,1591,0.79,79,[O-]C([O-])=O.[Cs+].[Cs+],NC1=CC=C(O)C=C1,O=S(=O)(F)C1=CC=CC2=CC=CC=C12,NC1=CC=C(OS(=O)(=O)C2=CC=CC3=CC=CC=C23)C=C1,CC#N,,,2,1.1,1,35.7,1,25,0,0,0,0
sufex_001592,1592,0.84,84,[O-]C([O-])=O.[Cs+].[Cs+],OCC(F)(F)F,O=S(=O)(F)C1=CC=CC2=CC=CC=C12,O=S(=O)(OCC(F)(F)F)C1=CC=CC2=CC=CC=C12,CC#N,,,2,1.1,1,35.7,1,25,0,0,0,0
sufex_001593,1593,0.62,62,[O-]C([O-])=O.[Cs+].[Cs+],OC1=CC=CC=C1,O=S(F)(C1=CC=C(C)C=C1)=O,CC1=CC=C(S(=O)(=O)OC2=CC=CC=C2)C=C1,CC#N,,,2,1.1,1,35.7,1,25,0,0,0,0
sufex_001594,1594,0.3,30,[O-]C([O-])=O.[K+].[K+],OC1=CC=CC=C1,O=S(F)(C1=CC=C(C)C=C1)=O,CC1=CC=C(S(=O)(=O)OC2=CC=CC=C2)C=C1,CC#N,,,2,1.1,1,35.7,1,25,0,0,0,0
sufex_001595,1595,0.04,4,[O-]C([O-])=O.[Na+].[Na+],OC1=CC=CC=C1,O=S(F)(C1=CC=C(C)C=C1)=O,CC1=CC=C(S(=O)(=O)OC2=CC=CC=C2)C=C1,CC#N,,,2,1.1,1,35.7,1,25,0,0,0,0
sufex_001596,1596,0.64,64,C12=NCCCN1CCCCC2,OC1=CC=CC=C1,O=S(F)(C1=CC=C(C)C=C1)=O,CC1=CC=C(S(=O)(=O)OC2=CC=CC=C2)C=C1,CC#N,,,2,1.1,1,35.7,1,25,0,0,0,0
sufex_001597,1597,0.98,98,CCN(C(C)C)C(C)C,CC1=CNC(=O)C=C1,O=S(=O)(F)F,CC1=CC=C(OS(=O)(=O)F)N=C1,CC#N,,,1.5,1,1,35.7,5,25,0,0,0,0
sufex_001598,1598,0.98,98,CCN(CC)CC,OC1=CN=CC=C1,O=S(=O)(F)F,O=S(=O)(F)OC1=CN=CC=C1,C(Cl)Cl,,,1.5,1,1,8.9,2,25,0,0,0,0
sufex_001599,1599,0.98,98,CCN(CC)CC,COC(=O)C1=C(O)C=CS1,O=S(=O)(F)F,COC(=O)C1=C(OS(=O)(=O)F)C=CS1,C(Cl)Cl,,,1.5,1,1,8.9,3,25,0,0,0,0
sufex_001600,1600,0.97,97,CCN(C(C)C)C(C)C,OC1=CC=CC2=C1N=CC=C2,O=S(=O)(F)F,O=S(=O)(F)OC1=CC=CC2=C1N=CC=C2,CC#N,,,3,1,1,35.7,3,25,0,0,0,0
sufex_001601,1601,0.92,92,CCN(C(C)C)C(C)C,CC1=CC=CC(=O)N1,O=S(=O)(F)F,CC1=NC(OS(=O)(=O)F)=CC=C1,CC#N,,,1.5,1,1,35.7,5,25,0,0,0,0
sufex_001602,1602,0.91,91,CCN(CC)CC,OC1=CN=C(Br)C=C1,O=S(=O)(F)F,O=S(=O)(F)OC1=CN=C(Br)C=C1,C(Cl)Cl,,,1.5,1,1,8.9,3,25,0,0,0,0
sufex_001603,1603,0.9,90,CCN(C(C)C)C(C)C,O=C1C=CC(Cl)=CN1,O=S(=O)(F)F,O=S(=O)(F)OC1=CC=C(Cl)C=N1,CC#N,,,1.5,1,1,35.7,2,25,0,0,0,0
sufex_001604,1604,0.9,90,CCN(CC)CC,OC1=CN=C(F)C=C1,O=S(=O)(F)F,O=S(=O)(F)OC1=CN=C(F)C=C1,C(Cl)Cl,,,1.5,1,1,8.9,4,25,0,0,0,0
sufex_001605,1605,0.87,87,CCN(C(C)C)C(C)C,O=C1C=CC=CN1,O=S(=O)(F)F,O=S(=O)(F)OC1=CC=CC=N1,CC#N,,,1.5,1,1,35.7,2,25,0,0,0,0
sufex_001606,1606,0.85,85,CCN(CC)CC,OC1=CC(Br)=C(Cl)N=C1,O=S(=O)(F)F,O=S(=O)(F)OC1=CN=C(Cl)C(Br)=C1,C(Cl)Cl,,,1.5,1,1,8.9,2,25,0,0,0,0
sufex_001607,1607,0.85,85,CCN(C(C)C)C(C)C,O=C1C=CC=C(Br)N1,O=S(=O)(F)F,O=S(=O)(F)OC1=CC=CC(Br)=N1,CC#N,,,1.5,1,1,35.7,24,25,0,0,0,0
sufex_001608,1608,0.8,80,CCN(CC)CC,OC1=CC(Br)=CN=C1,O=S(=O)(F)F,O=S(=O)(F)OC1=CN=CC(Br)=C1,C(Cl)Cl,,,1.5,1,1,8.9,2,25,0,0,0,0
sufex_001609,1609,0.79,79,CCN(C(C)C)C(C)C,O=C1C=CNC(Cl)=C1,O=S(=O)(F)F,O=S(=O)(F)OC1=CC=NC(Cl)=C1,CC#N,,,3,1,1,35.7,24,25,0,0,0,0
sufex_001610,1610,0.79,79,CCN(C(C)C)C(C)C,O=C1C=C(Br)C=CN1,O=S(=O)(F)F,O=S(=O)(F)OC1=CC(Br)=CC=N1,CC#N,,,1.5,1,1,35.7,24,25,0,0,0,0
sufex_001611,1611,0.78,78,CCN(CC)CC,OC1=CN=C(Cl)C=C1,O=S(=O)(F)F,O=S(=O)(F)OC1=CN=C(Cl)C=C1,C(Cl)Cl,,,1.5,1,1,8.9,3,25,0,0,0,0
sufex_001612,1612,0.74,74,CCN(C(C)C)C(C)C,CC1=CC=CNC1=O,O=S(=O)(F)F,CC1=C(OS(=O)(=O)F)N=CC=C1,CC#N,,,1.5,1,1,35.7,22,25,0,0,0,0
sufex_001613,1613,0.72,72,CCN(C(C)C)C(C)C,COC(=O)C1=CC(=O)NC=C1,O=S(=O)(F)F,COC(=O)C1=CC=NC(OS(=O)(=O)F)=C1,CC#N,,,1.5,1,1,35.7,18,25,0,0,0,0
sufex_001614,1614,0.71,71,CCN(C(C)C)C(C)C,CC1=CC(=O)NC=C1,O=S(=O)(F)F,CC1=CC=NC(OS(=O)(=O)F)=C1,CC#N,,,2.5,1,1,35.7,24,25,0,0,0,0
sufex_001615,1615,0.7,70,CCN(CC)CC,OC1=C2C=CSC2=CC=C1,O=S(=O)(F)F,O=S(=O)(F)OC1=C2C=CSC2=CC=C1,C(Cl)Cl,,,1.5,1,1,8.9,2,25,0,0,0,0
sufex_001616,1616,0.68,68,CCN(CC)CC,OC1=C(Br)N=CC=C1,O=S(=O)(F)F,O=S(=O)(F)OC1=C(Br)N=CC=C1,C(Cl)Cl,,,1.5,1,1,8.9,2,25,0,0,0,0
sufex_001617,1617,0.96,96,CCN(CC)CC,C#C[C@]1(O)CC[C@H]2[C@@H]3CCC4=CC(O)=CC=C4[C@H]3CC[C@@]21C,O=S(=O)(F)F,C#C[C@]1(O)CC[C@H]2[C@@H]3CCC4=CC(OS(=O)(=O)F)=CC=C4[C@H]3CC[C@@]21C,C(Cl)Cl,,,1.5,1,1,8.9,6,25,0,0,0,0
sufex_001618,1618,0.97,97,CCN(CC)CC,O=P(C1=CC=CC=C1)(C1=CC=CC=C1)C1=CC(O)=CC=C1,O=S(=O)(F)F,O=P(C1=CC=CC=C1)(C1=CC=CC=C1)C1=CC(OS(=O)(=O)F)=CC=C1,C(Cl)Cl,,,1.5,1,1,8.9,6,25,0,0,0,0
sufex_001619,1619,0.99,99,CCN(CC)CC,OC1=CC=C(Cl)C2=CC=CN=C12,O=S(=O)(F)F,O=S(=O)(F)OC1=CC=C(Cl)C2=CC=CN=C12,C(Cl)Cl,,,1.5,1,1,8.9,6,25,0,0,0,0
sufex_001620,1620,0.98,98,CCN(CC)CC,O=C1C=CC2=C(C=C(O)C=C2)O1,O=S(=O)(F)F,O=C1C=CC2=C(C=C(OS(=O)(=O)F)C=C2)O1,C(Cl)Cl,,,1.5,1,1,8.9,6,25,0,0,0,0
sufex_001621,1621,0.96,96,CCN(CC)CC,NC(=O)CC1=CC=C(O)C=C1,O=S(=O)(F)F,NC(=O)CC1=CC=C(OS(=O)(=O)F)C=C1,C(Cl)Cl,,,1.5,1,1,8.9,6,25,0,0,0,0
sufex_001622,1622,0.98,98,CCN(CC)CC,CC1=CC(N2N=C3C=CC=CC3=N2)=C(O)C=C1,O=S(=O)(F)F,CC1=CC(N2N=C3C=CC=CC3=N2)=C(OS(=O)(=O)F)C=C1,C(Cl)Cl,,,1.5,1,1,8.9,6,25,0,0,0,0
sufex_001623,1623,0.78,78,CCN(CC)CC,CC1=CC=C(O)C=N1,O=S(=O)(F)F,CC1=CC=C(OS(=O)(=O)F)C=N1,C(Cl)Cl,,,1.5,1,1,8.9,6,25,0,0,0,0
sufex_001624,1624,1,100,CC(C)N(CC)C(C)C,CC1=NN(C(C)(C)C)C(=O)C1,O=S(=O)(F)F,CC1=NN(C(C)(C)C)C(OS(=O)(=O)F)=C1,C(Cl)Cl,,,1.5,1,1,8.9,10,25,0,0,0,0
sufex_001625,1625,1,100,CC(C)N(CC)C(C)C,CC1=NN(C2=CC=CC=C2)C(=O)C1C,O=S(=O)(F)F,CC1=NN(C2=CC=CC=C2)C(OS(=O)(=O)F)=C1C,C(Cl)Cl,,,1.5,1,1,8.9,10,25,0,0,0,0
sufex_001626,1626,1,100,CC(C)N(CC)C(C)C,CC1=C(C=C(C=C1)N2N=C(CC2=O)C3=CC=CC=C3)C,O=S(=O)(F)F,CC1=C(C)C=C(N2N=C(C3=CC=CC=C3)C=C2OS(=O)(=O)F)C=C1,C(Cl)Cl,,,1.5,1,1,8.9,10,25,0,0,0,0
sufex_001627,1627,1,100,CC(C)N(CC)C(C)C,CC1=C(C)C=C(N2N=C(C(C)C)CC2=O)C=C1,O=S(=O)(F)F,CC1=C(C)C=C(N2N=C(C(C)C)C=C2OS(=O)(=O)F)C=C1,C(Cl)Cl,,,1.5,1,1,8.9,10,25,0,0,0,0
sufex_001628,1628,1,100,CC(C)N(CC)C(C)C,O=C1CC(C2=CC=CC=C2)=NN1C1CCCCC1,O=S(=O)(F)F,O=S(=O)(F)OC1=CC(C2=CC=CC=C2)=NN1C1CCCCC1,C(Cl)Cl,,,1.5,1,1,8.9,10,25,0,0,0,0
sufex_001629,1629,1,100,CC(C)N(CC)C(C)C,CC(C)(C)N1N=C(C2=CC=CC=C2)CC1=O,O=S(=O)(F)F,CC(C)(C)N1N=C(C2=CC=CC=C2)C=C1OS(=O)(=O)F,C(Cl)Cl,,,1.5,1,1,8.9,10,25,0,0,0,0
sufex_001630,1630,0,0,CC(C)N(CC)C(C)C,CC1=NN(C2=CC=CC=C2)C(=O)C1,O=S(=O)(F)F,CC1=NN(C2=CC=CC=C2)C(OS(=O)(=O)F)=C1,C1CCCO1,,,1.5,1,1,7.4,10,25,0,0,0,0
sufex_001631,1631,0.94,94,CC(C)N(CC)C(C)C,O=C1CC(C2=CC=CC=C2)=NN1,O=S(=O)(F)F,O=S(=O)(F)OC1=CC(C2=CC=CC=C2)=NN1,C(Cl)Cl,,,1.5,1,1,8.9,10,25,0,0,0,0
sufex_001632,1632,0.93,93,CC(C)N(CC)C(C)C,O=C1C=NC(Br)C=C1,O=S(=O)(F)F,O=S(=O)(F)OC1=CN=C(Br)C=C1,C(Cl)Cl,,,1.5,1,1,8.9,3,25,0,0,0,0
sufex_001633,1633,0.93,93,CC(C)N(CC)C(C)C,CC1=NN(C2=CC=CC=C2)C(=O)C1,O=S(=O)(F)F,CC1=NN(C2=CC=CC=C2)C(OS(=O)(=O)F)=C1,C(Cl)Cl,,,1.5,1,1,8.9,10,25,0,0,0,0
sufex_001634,1634,0.86,86,CC(C)N(CC)C(C)C,CC1=CC=C(N2N=C(C(C)C)CC2=O)C=C1,O=S(=O)(F)F,CC1=CC=C(N2N=C(C(C)C)C=C2OS(=O)(=O)F)C=C1,C(Cl)Cl,,,1.5,1,1,8.9,10,25,0,0,0,0
sufex_001635,1635,0.84,84,CC(C)N(CC)C(C)C,CC1=NN(C2=CC=C(Br)C=C2)C(=O)C1,O=S(=O)(F)F,CC1=NN(C2=CC=C(Br)C=C2)C(OS(=O)(=O)F)=C1,C(Cl)Cl,,,1.5,1,1,8.9,10,25,0,0,0,0
sufex_001636,1636,0.83,83,CC(C)N(CC)C(C)C,CC(C)C1=NN(C2=CC=C(F)C=C2)C(=O)C1,O=S(=O)(F)F,CC(C)C1=NN(C2=CC=C(F)C=C2)C(OS(=O)(=O)F)=C1,C(Cl)Cl,,,1.5,1,1,8.9,10,25,0,0,0,0
sufex_001637,1637,0.82,82,CC(C)N(CC)C(C)C,CC(C)C1=NN(C2=CC=CC=C2)C(=O)C1,O=S(=O)(F)F,CC(C)C1=NN(C2=CC=CC=C2)C(OS(=O)(=O)F)=C1,C(Cl)Cl,,,1.5,1,1,8.9,10,25,0,0,0,0
sufex_001638,1638,0.81,81,CC(C)N(CC)C(C)C,O=C1CC(C2=CC=CC=C2)=NN1C1=CC=CC=C1,O=S(=O)(F)F,O=S(=O)(F)OC1=CC(C2=CC=CC=C2)=NN1C1=CC=CC=C1,C(Cl)Cl,,,1.5,1,1,8.9,10,25,0,0,0,0
sufex_001639,1639,0.8,80,CC(C)N(CC)C(C)C,CC1=NN(C2=CC=C(F)C=C2)C(=O)C1,O=S(=O)(F)F,CC1=NN(C2=CC=C(F)C=C2)C(OS(=O)(=O)F)=C1,C(Cl)Cl,,,1.5,1,1,8.9,10,25,0,0,0,0
sufex_001640,1640,0.8,80,CC(C)N(CC)C(C)C,CC1=CC=C(N2N=C(C3=CC=CC=C3)CC2=O)C=C1,O=S(=O)(F)F,CC1=CC=C(N2N=C(C3=CC=CC=C3)C=C2OS(=O)(=O)F)C=C1,C(Cl)Cl,,,1.5,1,1,8.9,10,25,0,0,0,0
sufex_001641,1641,0.78,78,CC(C)N(CC)C(C)C,CCCC1=NN(C2=CC=C(OC)C=C2)C(=O)C1,O=S(=O)(F)F,CCCC1=NN(C2=CC=C(OC)C=C2)C(OS(=O)(=O)F)=C1,C(Cl)Cl,,,1.5,1,1,8.9,10,25,0,0,0,0
sufex_001642,1642,0.76,76,CC(C)N(CC)C(C)C,CC1=NN(C2=CC(C)=C(C)C=C2)C(=O)C1,O=S(=O)(F)F,CC1=NN(C2=CC(C)=C(C)C=C2)C(OS(=O)(=O)F)=C1,C(Cl)Cl,,,1.5,1,1,8.9,10,25,0,0,0,0
sufex_001643,1643,0.75,75,CC(C)N(CC)C(C)C,CCCC1=NN(C2=CC=C(Cl)C=C2)C(=O)C1,O=S(=O)(F)F,CCCC1=NN(C2=CC=C(Cl)C=C2)C(OS(=O)(=O)F)=C1,C(Cl)Cl,,,1.5,1,1,8.9,10,25,0,0,0,0
sufex_001644,1644,0.75,75,CC(C)N(CC)C(C)C,COC1=CC=C(N2N=C(C3=CC=CC=C3)CC2=O)C=C1,O=S(=O)(F)F,COC1=CC=C(N2N=C(C3=CC=CC=C3)C=C2OS(=O)(=O)F)C=C1,C(Cl)Cl,,,1.5,1,1,8.9,10,25,0,0,0,0
sufex_001645,1645,0.73,73,CC(C)N(CC)C(C)C,O=C1CC(C2=CC=CC=C2)=NN1C1=CC=C(F)C=C1,O=S(=O)(F)F,O=S(=O)(F)OC1=CC(C2=CC=CC=C2)=NN1C1=CC=C(F)C=C1,C(Cl)Cl,,,1.5,1,1,8.9,10,25,0,0,0,0
sufex_001646,1646,0.72,72,CC(C)N(CC)C(C)C,CC1=CC=CC(N2N=C(C)CC2=O)=C1,O=S(=O)(F)F,CC1=CC=CC(N2N=C(C)C=C2OS(=O)(=O)F)=C1,C(Cl)Cl,,,1.5,1,1,8.9,10,25,0,0,0,0
sufex_001647,1647,0.71,71,CC(C)N(CC)C(C)C,CC(C)C1=NN(C2=CC=C(Br)C=C2)C(=O)C1,O=S(=O)(F)F,CC(C)C1=NN(C2=CC=C(Br)C=C2)C(OS(=O)(=O)F)=C1,C(Cl)Cl,,,1.5,1,1,8.9,10,25,0,0,0,0
sufex_001648,1648,0.66,66,CC(C)N(CC)C(C)C,O=C1CC(C2=CC=CC=C2)=NN1C1=CC=C(Cl)C=C1,O=S(=O)(F)F,O=S(=O)(F)OC1=CC(C2=CC=CC=C2)=NN1C1=CC=C(Cl)C=C1,C(Cl)Cl,,,1.5,1,1,8.9,10,25,0,0,0,0
sufex_001649,1649,0.56,56,CC(C)N(CC)C(C)C,CC1=NN(C2=CC=C(Cl)C=C2)C(=O)C1,O=S(=O)(F)F,CC1=NN(C2=CC=C(Cl)C=C2)C(OS(=O)(=O)F)=C1,C(Cl)Cl,,,1.5,1,1,8.9,10,25,0,0,0,0
sufex_001650,1650,0.54,54,CC(C)N(CC)C(C)C,O=C1CC(C2=CC=CC=C2)=NN1C1=CC=CC=N1,O=S(=O)(F)F,O=S(=O)(F)OC1=CC(C2=CC=CC=C2)=NN1C1=CC=CC=N1,C(Cl)Cl,,,1.5,1,1,8.9,10,25,0,0,0,0
sufex_001651,1651,0.46,46,CC(C)N(CC)C(C)C,O=C1CC(C2CC2)=NN1C1=CC=CC=N1,O=S(=O)(F)F,O=S(=O)(F)OC1=CC(C2CC2)=NN1C1=CC=CC=N1,C(Cl)Cl,,,1.5,1,1,8.9,10,25,0,0,0,0
sufex_001652,1652,0.46,46,CCN(CC)CC,CC1=NN(C2=CC=CC=C2)C(=O)C1,O=S(=O)(F)F,CC1=NN(C2=CC=CC=C2)C(OS(=O)(=O)F)=C1,C(Cl)Cl,,,3,1,1,8.9,10,25,0,0,0,0
sufex_001653,1653,0.95,95,CC(C)N(CC)C(C)C,CC1=NN(C2=CC=CC=C2)C(=O)C1,O=S(=O)(F)F,CC1=NN(C2=CC=CC=C2)C(OS(=O)(=O)F)=C1,C(Cl)Cl,,,3,1,1,8.9,10,25,0,0,0,0
sufex_001654,1654,0.21,21,[O-]C(O)=O.[Na+],CC1=NN(C2=CC=CC=C2)C(=O)C1,O=S(=O)(F)F,CC1=NN(C2=CC=CC=C2)C(OS(=O)(=O)F)=C1,C(Cl)Cl,,,3,1,1,8.9,10,25,0,0,0,0
sufex_001655,1655,0.29,29,[O-]C([O-])=O.[Cs+].[Cs+],CC1=NN(C2=CC=CC=C2)C(=O)C1,O=S(=O)(F)F,CC1=NN(C2=CC=CC=C2)C(OS(=O)(=O)F)=C1,C(Cl)Cl,,,3,1,1,8.9,10,25,0,0,0,0
sufex_001656,1656,0.85,85,CC(C)N(CC)C(C)C,CC1=NN(C2=CC=CC=C2)C(=O)C1,O=S(=O)(F)F,CC1=NN(C2=CC=CC=C2)C(OS(=O)(=O)F)=C1,C(Cl)Cl,,,1,1,1,8.9,10,25,0,0,0,0
sufex_001657,1657,0.93,93,CC(C)N(CC)C(C)C,CC1=NN(C2=CC=CC=C2)C(=O)C1,O=S(=O)(F)F,CC1=NN(C2=CC=CC=C2)C(OS(=O)(=O)F)=C1,C(Cl)Cl,,,1.5,1,1,8.9,10,25,0,0,0,0
sufex_001658,1658,0.46,46,CC(C)N(CC)C(C)C,CC1=NN(C2=CC=CC=C2)C(=O)C1,O=S(=O)(F)F,CC1=NN(C2=CC=CC=C2)C(OS(=O)(=O)F)=C1,O,,,1.5,1,1,78.4,10,25,0,0,0,0
sufex_001659,1659,0,0,,CC1=NN(C2=CC=CC=C2)C(=O)C1,O=S(=O)(F)F,CC1=NN(C2=CC=CC=C2)C(OS(=O)(=O)F)=C1,C(Cl)Cl,,,0,1,1,8.9,10,25,0,0,0,0
sufex_001660,1660,0.58,58,CN(C)CCN(C)C,CC1=NN(C2=CC=CC=C2)C(=O)C1,O=S(=O)(F)F,CC1=NN(C2=CC=CC=C2)C(OS(=O)(=O)F)=C1,C(Cl)Cl,,,3,1,1,8.9,10,25,0,0,0,0
sufex_001661,1661,0,0,[O-]C([O-])=O.[Na+].[Na+],CC1=NN(C2=CC=CC=C2)C(=O)C1,O=S(=O)(F)F,CC1=NN(C2=CC=CC=C2)C(OS(=O)(=O)F)=C1,C(Cl)Cl,,,3,1,1,8.9,10,25,0,0,0,0
sufex_001662,1662,0.38,38,[O-]C([O-])=O.[K+].[K+],CC1=NN(C2=CC=CC=C2)C(=O)C1,O=S(=O)(F)F,CC1=NN(C2=CC=CC=C2)C(OS(=O)(=O)F)=C1,C(Cl)Cl,,,3,1,1,8.9,10,25,0,0,0,0
sufex_001663,1663,0.35,35,[OH-].[Na+],CC1=NN(C2=CC=CC=C2)C(=O)C1,O=S(=O)(F)F,CC1=NN(C2=CC=CC=C2)C(OS(=O)(=O)F)=C1,C(Cl)Cl,,,3,1,1,8.9,10,25,0,0,0,0
sufex_001664,1664,0,0,O=C(C)[O-].[K+],CC1=NN(C2=CC=CC=C2)C(=O)C1,O=S(=O)(F)F,CC1=NN(C2=CC=CC=C2)C(OS(=O)(=O)F)=C1,C(Cl)Cl,,,3,1,1,8.9,10,25,0,0,0,0
sufex_001665,1665,0.69,69,[F-].[Cs+],CC1=NN(C2=CC=CC=C2)C(=O)C1,O=S(=O)(F)F,CC1=NN(C2=CC=CC=C2)C(OS(=O)(=O)F)=C1,C(Cl)Cl,,,3,1,1,8.9,10,25,0,0,0,0
sufex_001666,1666,0,0,[O-]P([O-])([O-])=O.[Na+].[Na+].[Na+],CC1=NN(C2=CC=CC=C2)C(=O)C1,O=S(=O)(F)F,CC1=NN(C2=CC=CC=C2)C(OS(=O)(=O)F)=C1,C(Cl)Cl,,,3,1,1,8.9,10,25,0,0,0,0
sufex_001667,1667,0.85,85,CC(C)N(CC)C(C)C,CC1=NN(C2=CC=CC=C2)C(=O)C1,O=S(=O)(F)F,CC1=NN(C2=CC=CC=C2)C(OS(=O)(=O)F)=C1,C(Cl)Cl,,,1,1,1,8.9,10,25,0,0,0,0
sufex_001668,1668,0.94,94,CC(C)N(CC)C(C)C,CC1=NN(C2=CC=CC=C2)C(=O)C1,O=S(=O)(F)F,CC1=NN(C2=CC=CC=C2)C(OS(=O)(=O)F)=C1,C(Cl)Cl,,,2,1,1,8.9,10,25,0,0,0,0
sufex_001669,1669,0.94,94,CC(C)N(CC)C(C)C,CC1=NN(C2=CC=CC=C2)C(=O)C1,O=S(=O)(F)F,CC1=NN(C2=CC=CC=C2)C(OS(=O)(=O)F)=C1,C(Cl)Cl,,,2.5,1,1,8.9,10,25,0,0,0,0
sufex_001670,1670,0.45,45,CC(C)N(CC)C(C)C,CC1=NN(C2=CC=CC=C2)C(=O)C1,O=S(=O)(F)F,CC1=NN(C2=CC=CC=C2)C(OS(=O)(=O)F)=C1,CC1=CC=CC=C1,,,1.5,1,1,2.4,10,25,0,0,0,0
sufex_001671,1671,0.34,34,CC(C)N(CC)C(C)C,CC1=NN(C2=CC=CC=C2)C(=O)C1,O=S(=O)(F)F,CC1=NN(C2=CC=CC=C2)C(OS(=O)(=O)F)=C1,C1COCCO1,,,1.5,1,1,2.2,10,25,0,0,0,0
sufex_001672,1672,0.1,10,CCN(CC)CC,OC1=C(O)C=CC(CCN)=C1,O=S(F)(F)(F)F,OC1=C(OS(F)(F)(F)=O)C=CC(CCN)=C1,CC#N,,,2,1,1,35.7,0.5,25,0,0,0,0
sufex_001673,1673,0.97,97,CC(C)N(CC)C(C)C,CC1=NN(C2=CC=CC=C2)C(=O)C1CC1=CC=CC=C1,O=S(=O)(F)F,CC1=NN(C2=CC=CC=C2)C(OS(=O)(=O)F)=C1CC1=CC=CC=C1,C(Cl)Cl,,,1.5,1,1,8.9,10,25,0,0,0,0
sufex_001674,1674,0.91,91,CC(C)N(CC)C(C)C,CC1=NN(C2=CC=CC=C2)C(=O)C1,O=S(=O)(F)F,CC1=NN(C2=CC=CC=C2)C(OS(=O)(=O)F)=C1,CC#N,,,1.5,1,1,35.7,10,25,0,0,0,0
sufex_001675,1675,0.85,85,[O-]C([O-])=O.[Cs+].[Cs+],OC1=CC=CC=C1,CC(C)(C)OC(=O)N1CCCC1CCS(=O)(=O)F,CC(C)(C)OC(=O)N1CCCC1CCS(=O)(=O)OC1=CC=CC=C1,CC#N,,,2,1.1,1,35.7,12,25,0,0,0,0
sufex_001676,1676,0.96,96,[O-]C([O-])=O.[K+].[K+],CC1=C(C)C=C(O)C=C1,O=S(=O)(F)CC(/C=C/C1=CC=CC=C1)C1=CC=CC=C1,CC1=C(C)C=C(OS(=O)(=O)CC(/C=C/C2=CC=CC=C2)C2=CC=CC=C2)C=C1,CC#N,,,2,1.1,1,35.7,4,25,0,0,0,0
sufex_001677,1677,0.86,86,[O-]C([O-])=O.[K+].[K+],OC1=CC=C(OCC2=CC=CC=C2)C=C1,O=S(=O)(F)CC(/C=C/C1=CC=CC=C1)C1=CC=CC=C1,O=S(=O)(CC(/C=C/C1=CC=CC=C1)C1=CC=CC=C1)OC1=CC=C(OCC2=CC=CC=C2)C=C1,CC#N,,,2,1.1,1,35.7,4,25,0,0,0,0
sufex_001678,1678,0.95,95,CCN(CC)CC,CC1=CC=C(O)C=C1,O=S(=O)(F)F,CC1=CC=C(OS(=O)(=O)F)C=C1,C1COCCO1,,,3,1,1,2.2,24,25,0,0,0,0
sufex_001679,1679,0.93,93,CCN(CC)CC,COC1=CC=C(O)C=C1,O=S(=O)(F)F,COC1=CC=C(OS(=O)(=O)F)C=C1,C1COCCO1,,,3,1,1,2.2,24,25,0,0,0,0
sufex_001680,1680,0.93,93,CCN(CC)CC,OC1=CC=C(C2=CC=CC=C2)C=C1,O=S(=O)(F)F,O=S(=O)(F)OC1=CC=C(C2=CC=CC=C2)C=C1,C1COCCO1,,,3,1,1,2.2,24,25,0,0,0,0
sufex_001681,1681,0.93,93,CCN(CC)CC,CC(C)(C)C1=CC=C(O)C=C1,O=S(=O)(F)F,CC(C)(C)C1=CC=C(OS(=O)(=O)F)C=C1,C1COCCO1,,,3,1,1,2.2,24,25,0,0,0,0
sufex_001682,1682,0.92,92,CCN(CC)CC,N#CC1=CC(O)=CC=C1,O=S(=O)(F)F,N#CC1=CC=CC(OS(=O)(=O)F)=C1,C1COCCO1,,,3,1,1,2.2,24,25,0,0,0,0
sufex_001683,1683,0.91,91,CCN(CC)CC,N#CC1=CC=C(O)C=C1,O=S(=O)(F)F,N#CC1=CC=C(OS(=O)(=O)F)C=C1,C1COCCO1,,,3,1,1,2.2,24,25,0,0,0,0
sufex_001684,1684,0.89,89,CCN(CC)CC,COC1=CC(O)=CC=C1,O=S(=O)(F)F,COC1=CC=CC(OS(=O)(=O)F)=C1,C1COCCO1,,,3,1,1,2.2,24,25,0,0,0,0
sufex_001685,1685,0.89,89,CCN(CC)CC,CC1=CC=CC(=O)N1,O=S(=O)(F)F,CC1=NC(OS(=O)(=O)F)=CC=C1,C(Cl)Cl,,,1.5,1,1,8.9,24,25,0,0,0,0
sufex_001686,1686,0.89,89,CCN(CC)CC,COC(=O)C1=CC=C(O)C=C1,O=S(=O)(F)F,COC(=O)C1=CC=C(OS(=O)(=O)F)C=C1,C1COCCO1,,,3,1,1,2.2,24,25,0,0,0,0
sufex_001687,1687,0.87,87,CCN(CC)CC,CC1=CC(C)=CC(O)=C1,O=S(=O)(F)F,CC1=CC(C)=CC(OS(=O)(=O)F)=C1,C1COCCO1,,,3,1,1,2.2,24,25,0,0,0,0
sufex_001688,1688,0.87,87,CCN(CC)CC,O=C1CCCC2=CC(O)=CC=C12,O=S(=O)(F)F,O=C1CCCC2=CC(OS(=O)(=O)F)=CC=C12,C1COCCO1,,,3,1,1,2.2,24,25,0,0,0,0
sufex_001689,1689,0.86,86,CCN(CC)CC,OC1=CC=C(Cl)C=C1,O=S(=O)(F)F,O=S(=O)(F)OC1=CC=C(Cl)C=C1,C1COCCO1,,,3,1,1,2.2,24,25,0,0,0,0
sufex_001690,1690,0.86,86,CCN(CC)CC,[H][C@@]12CCC3=CC(O)=CC=C3[C@@]1([H])CC[C@]1(C)[C@@H](OC(=O)CCCCCC)CC[C@@]21[H],O=S(=O)(F)F,[H][C@@]12CCC3=CC(OS(=O)(=O)F)=CC=C3[C@@]1([H])CC[C@]1(C)[C@@H](OC(=O)CCCCCC)CC[C@@]21[H],C1COCCO1,,,3,1,1,2.2,24,25,0,0,0,0
sufex_001691,1691,0.85,85,CCN(CC)CC,CC1=NC=C(O)C=C1,O=S(=O)(F)F,CC1=NC=C(OS(=O)(=O)F)C=C1,C(Cl)Cl,,,1.5,1,1,8.9,24,25,0,0,0,0
sufex_001692,1692,0.85,85,CCN(CC)CC,CS(=O)(=O)C1=CC=C(O)C=C1,O=S(=O)(F)F,CS(=O)(=O)C1=CC=C(OS(=O)(=O)F)C=C1,C1COCCO1,,,3,1,1,2.2,24,25,0,0,0,0
sufex_001693,1693,0.85,85,CCN(CC)CC,CC(=O)C1=CC=C(O)C=C1,O=S(=O)(F)F,CC(=O)C1=CC=C(OS(=O)(=O)F)C=C1,C1COCCO1,,,3,1,1,2.2,24,25,0,0,0,0
sufex_001694,1694,0.84,84,CCN(CC)CC,O=C1C=CC=CN1,O=S(=O)(F)F,O=S(=O)(F)OC1=CC=CC=N1,C(Cl)Cl,,,1.5,1,1,8.9,24,25,0,0,0,0
sufex_001695,1695,0.84,84,CCN(CC)CC,OC1=CC=CC(F)=C1,O=S(=O)(F)F,O=S(=O)(F)OC1=CC(F)=CC=C1,C1COCCO1,,,3,1,1,2.2,24,25,0,0,0,0
sufex_001696,1696,0.83,83,CCN(CC)CC,OC1=CC=C(C(F)(F)F)C=C1,O=S(=O)(F)F,O=S(=O)(F)OC1=CC=C(C(F)(F)F)C=C1,C1COCCO1,,,3,1,1,2.2,24,25,0,0,0,0
sufex_001697,1697,0.81,81,CCN(CC)CC,OC1=CC2=C(C=CC=C2)C=C1,O=S(=O)(F)F,O=S(=O)(F)OC1=CC2=C(C=CC=C2)C=C1,C1COCCO1,,,3,1,1,2.2,24,25,0,0,0,0
sufex_001698,1698,0.8,80,CCN(CC)CC,OC1=CN=CC=C1,O=S(=O)(F)F,O=S(=O)(F)OC1=CN=CC=C1,C(Cl)Cl,,,1.5,1,1,8.9,24,25,0,0,0,0
sufex_001699,1699,0.78,78,CCN(CC)CC,COC1=CN=CC(O)=C1,O=S(=O)(F)F,COC1=CC(OS(=O)(=O)F)=CN=C1,C(Cl)Cl,,,1.5,1,1,8.9,24,25,0,0,0,0
sufex_001700,1700,0.76,76,CCN(CC)CC,CC(=O)NC1=CC=C(O)C=C1,O=S(=O)(F)F,CC(=O)NC1=CC=C(OS(=O)(=O)F)C=C1,C1COCCO1,,,3,1,1,2.2,24,25,0,0,0,0
sufex_001701,1701,0.76,76,CCN(CC)CC,CC1=C(O)C=CC=N1,O=S(=O)(F)F,CC1=C(OS(=O)(=O)F)C=CC=N1,C(Cl)Cl,,,1.5,1,1,8.9,24,25,0,0,0,0
sufex_001702,1702,0.75,75,CCN(CC)CC,OC1=CC=CC=C1,O=S(=O)(F)F,O=S(=O)(F)OC1=CC=CC=C1,C1COCCO1,,,3,1,1,2.2,24,25,0,0,0,0
sufex_001703,1703,0.73,73,CCN(CC)CC,COC1=CC=C(O)C=N1,O=S(=O)(F)F,COC1=NC=C(OS(=O)(=O)F)C=C1,C(Cl)Cl,,,1.5,1,1,8.9,24,25,0,0,0,0
sufex_001704,1704,0.71,71,CCN(CC)CC,CCC1=C(O)C=CC(C)=N1,O=S(=O)(F)F,CCC1=C(OS(=O)(=O)F)C=CC(C)=N1,C(Cl)Cl,,,1.5,1,1,8.9,24,25,0,0,0,0
sufex_001705,1705,0.71,71,CCN(CC)CC,OC1=C(F)C=CC=C1,O=S(=O)(F)F,O=S(=O)(F)OC1=C(F)C=CC=C1,C1COCCO1,,,3,1,1,2.2,24,25,0,0,0,0
sufex_001706,1706,0.67,67,CCN(CC)CC,CC1=NC(C)=C(O)C=C1,O=S(=O)(F)F,CC1=NC(C)=C(OS(=O)(=O)F)C=C1,C(Cl)Cl,,,1.5,1,1,8.9,24,25,0,0,0,0
sufex_001707,1707,0.67,67,CCN(CC)CC,OC1=CC(F)=CC(F)=C1,O=S(=O)(F)F,O=S(=O)(F)OC1=CC(F)=CC(F)=C1,C1COCCO1,,,3,1,1,2.2,24,25,0,0,0,0
sufex_001708,1708,0.62,62,CCN(CC)CC,OC1=CC2=C(C=CC=C2)N=C1,O=S(=O)(F)F,O=S(=O)(F)OC1=CC2=C(C=CC=C2)N=C1,CN(C=O)C,,,1.5,1,1,37.2,24,25,0,0,0,0
sufex_001709,1709,0.62,62,CCN(CC)CC,OC1=C(C2=CC=CC=C2)C=CC=C1,O=S(=O)(F)F,O=S(=O)(F)OC1=C(C2=CC=CC=C2)C=CC=C1,C1COCCO1,,,3,1,1,2.2,24,25,0,0,0,0
sufex_001710,1710,0.57,57,CCN(CC)CC,CCOC(=O)C1=C(C)N(C)C2=CC=C(O)C=C21,O=S(=O)(F)F,CCOC(=O)C1=C(C)N(C)C2=CC=C(OS(=O)(=O)F)C=C21,C1COCCO1,,,3,1,1,2.2,24,25,0,0,0,0
sufex_001711,1711,0.57,57,CCN(CC)CC,COC1=CC(O)=CC=N1,O=S(=O)(F)F,COC1=CC(OS(=O)(=O)F)=CC=N1,C(Cl)Cl,,,1.5,1,1,8.9,24,25,0,0,0,0
sufex_001712,1712,0.53,53,CCN(CC)CC,CC1=CC(O)=CC(C)=N1,O=S(=O)(F)F,CC1=CC(OS(=O)(=O)F)=CC(C)=N1,C(Cl)Cl,,,1.5,1,1,8.9,24,25,0,0,0,0
sufex_001713,1713,0.52,52,CCN(CC)CC,CC1=C(O)C=CC=C1,O=S(=O)(F)F,CC1=C(OS(=O)(=O)F)C=CC=C1,C1COCCO1,,,3,1,1,2.2,24,25,0,0,0,0
sufex_001714,1714,0.96,96,CCN(CC)CC,COC1=CC=C(N2CCNCC2)C=C1,O=S(=O)(F)F,COC1=CC=C(N2CCN(S(=O)(=O)F)CC2)C=C1,C(Cl)Cl,,,2,1,1,8.9,12,25,0,0,0,0
sufex_001715,1715,0.95,95,CCN(CC)CC,OC1=CC=CC2=C1N=CC=C2,O=S(=O)(F)F,O=S(=O)(F)OC1=CC=CC2=C1N=CC=C2,C(Cl)Cl,,,2,1,1,8.9,12,25,0,0,0,0
sufex_001716,1716,0.92,92,CCN(CC)CC,COC1=CC=C(O)C=C1,O=S(=O)(F)F,COC1=CC=C(OS(=O)(=O)F)C=C1,C(Cl)Cl,,,2,1,1,8.9,12,25,0,0,0,0
sufex_001717,1717,0.92,92,CCN(CC)CC,N#CC1=CC=C(O)C=C1,O=S(=O)(F)F,N#CC1=CC=C(OS(=O)(=O)F)C=C1,C(Cl)Cl,,,2,1,1,8.9,12,25,0,0,0,0
sufex_001718,1718,0.9,90,CCN(CC)CC,OC1=CC=C(I)C=C1,O=S(=O)(F)F,O=S(=O)(F)OC1=CC=C(I)C=C1,C(Cl)Cl,,,2,1,1,8.9,12,25,0,0,0,0
sufex_001719,1719,0.9,90,CCN(CC)CC,N#CC1=C(O)C=CC=C1,O=S(=O)(F)F,N#CC1=C(OS(=O)(=O)F)C=CC=C1,C(Cl)Cl,,,2,1,1,8.9,12,25,0,0,0,0
sufex_001720,1720,0.9,90,CCN(CC)CC,COC1=C(O)C=CC(C[C@H]2C(=O)OC[C@@H]2CC2=CC(OC)=C(OC)C=C2)=C1,O=S(=O)(F)F,COC1=C(OC)C=C(C[C@H]2COC(=O)[C@@H]2CC2=CC(OC)=C(OS(=O)(=O)F)C=C2)C=C1,C(Cl)Cl,,,2,1,1,8.9,12,25,0,0,0,0
sufex_001721,1721,0.9,90,CCN(CC)CC,OC1=CC=C(C2=CC=CC=C2)C=C1,O=S(=O)(F)F,O=S(=O)(F)OC1=CC=C(C2=CC=CC=C2)C=C1,C(Cl)Cl,,,2,1,1,8.9,12,25,0,0,0,0
sufex_001722,1722,0.89,89,CCN(CC)CC,COC1=CC(O)=CC=C1,O=S(=O)(F)F,COC1=CC=CC(OS(=O)(=O)F)=C1,C(Cl)Cl,,,2,1,1,8.9,12,25,0,0,0,0
sufex_001723,1723,0.88,88,CCN(CC)CC,OC1=C(Br)C=CC=C1,O=S(=O)(F)F,O=S(=O)(F)OC1=C(Br)C=CC=C1,C(Cl)Cl,,,2,1,1,8.9,12,25,0,0,0,0
sufex_001724,1724,0.86,86,CCN(CC)CC,CC(C)(C)C1=C(O)C=CC=C1,O=S(=O)(F)F,CC(C)(C)C1=C(OS(=O)(=O)F)C=CC=C1,C(Cl)Cl,,,2,1,1,8.9,12,25,0,0,0,0
sufex_001725,1725,0.85,85,CCN(CC)CC,CC1=CC=C(O)C=C1,O=S(=O)(F)F,CC1=CC=C(OS(=O)(=O)F)C=C1,C(Cl)Cl,,,2,1,1,8.9,12,25,0,0,0,0
sufex_001726,1726,0.84,84,CCN(CC)CC,OC1=CC=C(Cl)C=C1,O=S(=O)(F)F,O=S(=O)(F)OC1=CC=C(Cl)C=C1,C(Cl)Cl,,,2,1,1,8.9,12,25,0,0,0,0
sufex_001727,1727,0.84,84,CCN(CC)CC,[H][C@@]12CCC3=CC(O)=CC=C3[C@@]1([H])CC[C@]1(C)[C@@H](O)CC[C@@]21[H],O=S(=O)(F)F,[H][C@@]12CCC3=CC(OS(=O)(=O)F)=CC=C3[C@@]1([H])CC[C@]1(C)[C@@H](O)CC[C@@]21[H],C(Cl)Cl,,,2,1,1,8.9,12,25,0,0,0,0
sufex_001728,1728,0.81,81,CCN(CC)CC,CC1=CC=CC(C)=C1O,O=S(=O)(F)F,CC1=CC=CC(C)=C1OS(=O)(=O)F,C(Cl)Cl,,,2,1,1,8.9,12,25,0,0,0,0
sufex_001729,1729,0.8,80,CCN(CC)CC,N#CC1=CC(O)=CC=C1,O=S(=O)(F)F,N#CC1=CC=CC(OS(=O)(=O)F)=C1,C(Cl)Cl,,,2,1,1,8.9,12,25,0,0,0,0
sufex_001730,1730,0.78,78,CCN(CC)CC,OC1=CN=CC=C1,O=S(=O)(F)F,O=S(=O)(F)OC1=CN=CC=C1,C(Cl)Cl,,,2,1,1,8.9,12,25,0,0,0,0
sufex_001731,1731,0.72,72,CCN(CC)CC,[H][C@@]12CC[C@H](O)[C@@]1(C)CC[C@]1([H])C3=CC=C(O)C=C3C[C@@H](CCCCCCCCCS(=O)CCCC(F)(F)C(F)(F)F)[C@@]21[H],O=S(=O)(F)F,[H][C@@]12CC[C@H](O)[C@@]1(C)CC[C@]1([H])C3=CC=C(OS(=O)(=O)F)C=C3C[C@@H](CCCCCCCCCS(=O)CCCC(F)(F)C(F)(F)F)[C@@]21[H],C(Cl)Cl,,,2,1,1,8.9,12,25,0,0,0,0
sufex_001732,1732,0.98,98,CCN(CC)CC,CC(C)(C)OC(=O)N1C[C@@H](CCl)C2=C1C=C(O)C1=CC=CC=C12,O=S(=O)(F)F,CC(C)(C)OC(=O)N1C[C@@H](CCl)C2=C1C=C(OS(=O)(=O)F)C1=CC=CC=C12,C(Cl)Cl,,,1.5,1,1,8.9,2,25,0,0,0,0
sufex_001733,1733,0.95,95,CCN(CC)CC,COC(=O)[C@H](CC1=CC=C(O)C=C1)NC(=O)OC(C)(C)C,O=S(=O)(F)F,COC(=O)[C@H](CC1=CC=C(OS(=O)(=O)F)C=C1)NC(=O)OC(C)(C)C,C(Cl)Cl,,,1.5,1,1,8.9,2,25,0,0,0,0
sufex_001734,1734,0.94,94,CCN(CC)CC,CCC1=C2CN3C(=O)C4=C(C=C3C2=NC2=CC=C(O)C=C21)[C@@](O)(CC)C(=O)OC4,O=S(=O)(F)F,CCC1=C2CN3C(=O)C4=C(C=C3C2=NC2=CC=C(OS(=O)(=O)F)C=C21)[C@@](O)(CC)C(=O)OC4,C(Cl)Cl,,,1.5,1,1,8.9,2,25,0,0,0,0
sufex_001735,1735,0.93,93,C(=O)([O-])[O-].[Cs+].[Cs+],OC1=CC=CC=C1,CCCCCCCCCCCCCCCCS(=O)(=O)F,CCCCCCCCCCCCCCCCS(=O)(=O)OC1=CC=CC=C1,CC#N,,,1,1,1,35.7,12,25,0,0,0,0
sufex_001736,1736,0.95,95,C1CCC2=NCCCN2CC1,OC1=CC=CC=C1,CC1=CC=C(S(=O)(F)=NC(=O)C2=CC=CC=C2)C=C1,CC1=CC=C(S(=O)(=NC(=O)C2=CC=CC=C2)OC2=CC=CC=C2)C=C1,CC#N,,,1,1.05,1,35.7,0.083,25,0,0,0,0
sufex_001737,1737,0.95,95,C1CCC2=NCCCN2CC1,COC1=CC=C(O)C=C1,CC1=CC=C(S(=O)(F)=NC(=O)C2=CC=CC=C2)C=C1,COC1=CC=C(OS(=O)(=NC(=O)C2=CC=CC=C2)C2=CC=C(C)C=C2)C=C1,CC#N,,,1,1.05,1,35.7,0.033,25,0,0,0,0
sufex_001738,1738,0.95,95,C1CCC2=NCCCN2CC1,OC1=CN=CC=C1,CC1=CC=C(S(=O)(F)=NC(=O)C2=CC=CC=C2)C=C1,CC1=CC=C(S(=O)(=NC(=O)C2=CC=CC=C2)OC2=CN=CC=C2)C=C1,CC#N,,,1,1.05,1,35.7,0.05,25,0,0,0,0
sufex_001739,1739,0.95,95,C1CCC2=NCCCN2CC1,OC1=C(F)C=CC=C1,CC1=CC=C(S(=O)(F)=NC(=O)C2=CC=CC=C2)C=C1,CC1=CC=C(S(=O)(=NC(=O)C2=CC=CC=C2)OC2=C(F)C=CC=C2)C=C1,CC#N,,,1,1.05,1,35.7,0.05,25,0,0,0,0
sufex_001740,1740,0.95,95,C1CCC2=NCCCN2CC1,OC1=CC=C(F)C=C1,CC1=CC=C(S(=O)(F)=NC(=O)C2=CC=CC=C2)C=C1,CC1=CC=C(S(=O)(=NC(=O)C2=CC=CC=C2)OC2=CC=C(F)C=C2)C=C1,CC#N,,,1,1.05,1,35.7,0.05,25,0,0,0,0
sufex_001741,1741,0.95,95,C1CCC2=NCCCN2CC1,NC(=O)C1=CC=C(O)C=C1,CC1=CC=C(S(=O)(F)=NC(=O)C2=CC=CC=C2)C=C1,CC1=CC=C(S(=O)(=NC(=O)C2=CC=CC=C2)OC2=CC=C(C(N)=O)C=C2)C=C1,CC#N,,,1,1.05,1,35.7,0.17,25,0,0,0,0
sufex_001742,1742,0.95,95,C1CCC2=NCCCN2CC1,OC1=CC=C(OC(F)(F)F)C=C1,CC1=CC=C(S(=O)(F)=NC(=O)C2=CC=CC=C2)C=C1,CC1=CC=C(S(=O)(=NC(=O)C2=CC=CC=C2)OC2=CC=C(OC(F)(F)F)C=C2)C=C1,CC#N,,,1,1.05,1,35.7,0.05,25,0,0,0,0
sufex_001743,1743,0.95,95,C1CCC2=NCCCN2CC1,COC(=O)C1=CC=C(O)C=C1,CC1=CC=C(S(=O)(F)=NC(=O)C2=CC=CC=C2)C=C1,COC(=O)C1=CC=C(OS(=O)(=NC(=O)C2=CC=CC=C2)C2=CC=C(C)C=C2)C=C1,CC#N,,,1,1.05,1,35.7,0.417,25,0,0,0,0
sufex_001744,1744,0.95,95,C1CCC2=NCCCN2CC1,O=C(O)C1=CC=C(O)C=C1,CC1=CC=C(S(=O)(F)=NC(=O)C2=CC=CC=C2)C=C1,CC1=CC=C(S(=O)(=NC(=O)C2=CC=CC=C2)OC2=CC=C(C(=O)O)C=C2)C=C1,CC#N,,,2,1.05,1,35.7,0.17,25,0,0,0,0
sufex_001745,1745,0.95,95,C1CCC2=NCCCN2CC1,NC1=CC=C(C=C1)O,CC1=CC=C(S(=O)(F)=NC(=O)C2=CC=CC=C2)C=C1,NC1=CC=C(C=C1)OS(=O)(C2=CC=C(C=C2)C)=NC(C3=CC=CC=C3)=O,CC#N,,,1,1.05,1,35.7,0.05,25,0,0,0,0
sufex_001746,1746,0.89,89,C1CCC2=NCCCN2CC1,OC1=CC=C(C=C1)C([H])=O,CC1=CC=C(S(=O)(F)=NC(=O)C2=CC=CC=C2)C=C1,CC1=CC=C(C=C1)S(=O)(OC2=CC=C(C([H])=O)C=C2)=NC(C3=CC=CC=C3)=O,CC#N,,,1,1.05,1,35.7,0.5,25,0,0,0,0
sufex_001747,1747,0.89,89,C1CCC2=NCCCN2CC1,OC1=CC=C(C=C1)S(=O)(C2=CC=C(OC(C)C)C=C2)=O,CC1=CC=C(S(=O)(F)=NC(=O)C2=CC=CC=C2)C=C1,CC1=CC=C(C=C1)S(=O)(OC2=CC=C(S(=O)(C3=CC=C(OC(C)C)C=C3)=O)C=C2)=NC(C4=CC=CC=C4)=O,CC#N,,,1,1.05,1,35.7,0.5,25,0,0,0,0
sufex_001748,1748,0.87,87,C1CCC2=NCCCN2CC1,OC1=CC=C(C=C1)C#N,CC1=CC=C(S(=O)(F)=NC(=O)C2=CC=CC=C2)C=C1,CC1=CC=C(C=C1)S(=O)(OC2=CC=C(C#N)C=C2)=NC(C3=CC=CC=C3)=O,CC#N,,,1,1.05,1,35.7,0.5,25,0,0,0,0
sufex_001749,1749,0.95,95,C1CCC2=NCCCN2CC1,OC1=C(C#N)C=CC=C1,CC1=CC=C(S(=O)(F)=NC(=O)C2=CC=CC=C2)C=C1,CC1=CC=C(C=C1)S(=O)(OC2=CC=CC=C2C#N)=NC(C3=CC=CC=C3)=O,CC#N,,,1,1.05,1,35.7,0.25,25,0,0,0,0
sufex_001750,1750,0.88,88,C1CCC2=NCCCN2CC1,OC1=CC(C(F)(F)F)=CC(C(F)(F)F)=C1,CC1=CC=C(S(=O)(F)=NC(=O)C2=CC=CC=C2)C=C1,CC1=CC=C(C=C1)S(=O)(OC2=CC(C(F)(F)F)=CC(C(F)(F)F)=C2)=NC(C3=CC=CC=C3)=O,CC#N,,,1,1.05,1,35.7,21,25,0,0,0,0
sufex_001751,1751,0,0,C1CCC2=NCCCN2CC1,OC1=C(C(C)(C)C)C=C(C)C=C1C(C)(C)C,CC1=CC=C(S(=O)(F)=NC(=O)C2=CC=CC=C2)C=C1,CC1=CC=C(C=C1)S(=O)(OC2=C(C(C)(C)C)C=C(C)C=C2C(C)(C)C)=NC(C3=CC=CC=C3)=O,CC#N,,,1,1.05,1,35.7,21,25,0,0,0,0
sufex_001752,1752,0.44,44,C1CCC2=NCCCN2CC1,OC1=C(Cl)C=CC=C1Cl,CC1=CC=C(S(=O)(F)=NC(=O)C2=CC=CC=C2)C=C1,CC1=CC=C(C=C1)S(=O)(OC2=C(Cl)C=CC=C2Cl)=NC(C3=CC=CC=C3)=O,CC#N,,,1,1.05,1,35.7,22,25,0,0,0,0
sufex_001753,1753,0.56,56,C1CCC2=NCCCN2CC1,OC1=C([N+]([O-])=O)C=C(C)C=C1,CC1=CC=C(S(=O)(F)=NC(=O)C2=CC=CC=C2)C=C1,CC1=CC=C(C=C1)S(=O)(OC2=CC=C(C)C=C2[N+]([O-])=O)=NC(C3=CC=CC=C3)=O,CC#N,,,1,1.05,1,35.7,1.17,25,0,0,0,0
sufex_001754,1754,0.77,77,C1CCC2=NCCCN2CC1,OC1=CC=C([N+]([O-])=O)C=C1,CC1=CC=C(S(=O)(F)=NC(=O)C2=CC=CC=C2)C=C1,CC1=CC=C(C=C1)S(=O)(OC2=CC=C([N+]([O-])=O)C=C2)=NC(C3=CC=CC=C3)=O,CC#N,,,1,1.05,1,35.7,0.75,25,0,0,0,0
sufex_001755,1755,0.93,93,C1CCC2=NCCCN2CC1,OC1=CC=C(C=O)C=C1OC,CC1=CC=C(S(=O)(F)=NC(=O)C2=CC=CC=C2)C=C1,O=S(OC1=C(OC)C=C(C=O)C=C1)(C2=CC=C(C=C2)C)=NC(C3=CC=CC=C3)=O,CC#N,,,1,1.05,1,35.7,4,25,0,0,0,0
sufex_001756,1756,0.95,95,C1CCC2=NCCCN2CC1,OC1=CC=CC=C1C=O,CC1=CC=C(S(=O)(F)=NC(=O)C2=CC=CC=C2)C=C1,O=S(OC1=C(C=O)C=CC=C1)(C2=CC=C(C=C2)C)=NC(C3=CC=CC=C3)=O,CC#N,,,1,1.05,1,35.7,1,25,0,0,0,0
sufex_001757,1757,0.99,99,CCN(CC)CC,O=N(=O)C1=CC(O)=CC=C1,O=S(=O)(F)F,O=N(=O)C1=CC=CC(OS(=O)(=O)F)=C1,C(Cl)Cl,,,3,1,1,8.9,12,25,0,0,0,0
sufex_001758,1758,0.99,99,CCN(CC)CC,OC1=CC=C(C2=CC=CC=C2)C=C1,O=S(=O)(F)F,O=S(=O)(F)OC1=CC=C(C2=CC=CC=C2)C=C1,C(Cl)Cl,,,3,1,1,8.9,12,25,0,0,0,0
sufex_001759,1759,0.98,98,CCN(CC)CC,COC1=CC=C(O)C=C1,O=S(=O)(F)F,COC1=CC=C(OS(=O)(=O)F)C=C1,C(Cl)Cl,,,3,1,1,8.9,12,25,0,0,0,0
sufex_001760,1760,0.96,96,CCN(CC)CC,OC1=CC=C(Br)C=C1,O=S(=O)(F)F,O=S(=O)(F)OC1=CC=C(Br)C=C1,C(Cl)Cl,,,3,1,1,8.9,12,25,0,0,0,0
sufex_001761,1761,0.96,96,CCN(CC)CC,N#CC1=CC=C(O)C=C1,O=S(=O)(F)F,N#CC1=CC=C(OS(=O)(=O)F)C=C1,C(Cl)Cl,,,3,1,1,8.9,12,25,0,0,0,0
sufex_001762,1762,0.95,95,CCN(CC)CC,O=N(=O)C1=CC=C(O)C=C1,O=S(=O)(F)F,O=N(=O)C1=CC=C(OS(=O)(=O)F)C=C1,C(Cl)Cl,,,3,1,1,8.9,12,25,0,0,0,0
sufex_001763,1763,0.91,91,CCN(CC)CC,OC1=CC=C(Cl)C=C1,O=S(=O)(F)F,O=S(=O)(F)OC1=CC=C(Cl)C=C1,C(Cl)Cl,,,3,1,1,8.9,12,25,0,0,0,0
sufex_001764,1764,0.85,85,CCN(CC)CC,OC1=CC=C(C(F)(F)F)C=C1,O=S(=O)(F)F,O=S(=O)(F)OC1=CC=C(C(F)(F)F)C=C1,C(Cl)Cl,,,3,1,1,8.9,12,25,0,0,0,0
sufex_001765,1765,0.82,82,CCN(CC)CC,OC1=CC=CC=C1,O=S(=O)(F)F,O=S(=O)(F)OC1=CC=CC=C1,C(Cl)Cl,,,3,1,1,8.9,12,25,0,0,0,0
sufex_001766,1766,0.93,93,C1CCC2=NCCCN2CC1,COC1=CC(/C=C\C2=CC(O)=C(OC)C=C2)=CC(OC)=C1OC,COC(=O)C[C@H](NC(=O)C1=CC=C(OS(=O)(=O)F)C=C1)C(=O)OC,COC(=O)C[C@H](NC(=O)C1=CC=C(OS(=O)(=O)OC2=C(OC)C=CC(/C=C\C3=CC(OC)=C(OC)C(OC)=C3)=C2)C=C1)C(=O)OC,CC#N,,,1.666666667,0.833333333,1,35.7,6,25,0,0,0,0
sufex_001767,1767,0.99,99,[OH-].[K+],OC1=CC=C(OCC2=CC=CC=C2)C=C1,O=S(=O)(F)/C=C/N1CCC(=C2C3=CC=C(Cl)C=C3CCC3=CC=CN=C32)CC1,O=S(=O)(/C=C/N1CCC(=C2C3=CC=C(Cl)C=C3CCC3=CC=CN=C32)CC1)OC1=CC=C(OCC2=CC=CC=C2)C=C1,CC#N,,,2,2,1,35.7,15,50,0,0,0,0
sufex_001768,1768,0.99,99,[OH-].[K+],CC1=C(C)C=C(O)C=C1,O=S(=O)(F)/C=C/N1CCCC1,CC1=C(C)C=C(OS(=O)(=O)/C=C/N2CCCC2)C=C1,CC#N,,,2,2,1,35.7,15,50,0,0,0,0
sufex_001769,1769,0.88,88,[OH-].[K+],CC(C)(C)C1=CC=C(O)C=C1,O=S(=O)(F)/C=C/N1CCOCC1,CC(C)(C)C1=CC=C(OS(=O)(=O)/C=C/N2CCOCC2)C=C1,CC#N,,,2,2,1,35.7,15,50,0,0,0,0
sufex_001770,1770,0.69,69,[OH-].[K+],OC1=CC=C2OCOC2=C1,COC1=C(N2CCN(/C=C/S(=O)(=O)F)CC2)C=CC=C1,COC1=C(N2CCN(/C=C/S(=O)(=O)OC3=CC=C4OCOC4=C3)CC2)C=CC=C1,CC#N,,,2,2,1,35.7,15,50,0,0,0,0
sufex_001771,1771,0.98,98,C(=O)([O-])[O-].[Cs+].[Cs+],OC1=CC=CC2=C1C=CC=C2,COC1=CC=C(S(=O)(=O)F)C=C1,COC1=CC=C(S(=O)(=O)OC2=CC=CC3=C2C=CC=C3)C=C1,CC#N,,,2,1.1,1,35.7,1.25,25,0,0,0,0
sufex_001772,1772,1,100,C(=O)([O-])[O-].[Cs+].[Cs+],COC1=CC=C(O)C=C1,O=S(=O)(F)/C(Br)=C/C=C/C1=CC=CC=C1,COC1=CC=C(OS(=O)(=O)/C(Br)=C/C=C/C2=CC=CC=C2)C=C1,CC#N,,,1,1.1,1,35.7,1,25,0,0,0,0
sufex_001773,1773,0.68,68,C(=O)([O-])[O-].[Cs+].[Cs+],COC1=CC=C(O)C=C1,C=C(CCS(=O)(=O)F)S(=O)(=O)F,C=C(CCS(=O)(=O)F)S(=O)(=O)OC1=CC=C(OC)C=C1,CC#N,,,1,1,1,35.7,2,25,0,0,0,0
sufex_001774,1774,0.64,64,C(=O)([O-])[O-].[Cs+].[Cs+],COC1=CC(O)=CC=C1,C=C(CCS(=O)(=O)F)S(=O)(=O)F,C=C(CCS(=O)(=O)F)S(=O)(=O)OC1=CC(OC)=CC=C1,CC#N,,,1,1,1,35.7,2,25,0,0,0,0
sufex_001775,1775,0.83,83,C(=O)([O-])[O-].[Cs+].[Cs+],OC1=CC=CC=C1,[H][C@@]12C[C@@H](S(=O)(=O)F)[C@]1([H])C1=CC=CC=C1C(=O)N2,[H][C@@]12C[C@@H](S(=O)(=O)OC3=CC=CC=C3)[C@]1([H])C1=CC=CC=C1C(=O)N2,CC#N,,,4,1.1,1,35.7,24,50,0,0,0,0
sufex_001776,1776,0.73,73,C(=O)([O-])[O-].[Cs+].[Cs+],OC1=CC=CC=C1,[H][C@@]12C3=CC=CC=C3C(=O)N(C)[C@]1([H])C[C@H]2S(=O)(=O)F,[H][C@@]12C3=CC=CC=C3C(=O)N(C)[C@]1([H])C[C@H]2S(=O)(=O)OC1=CC=CC=C1,CC#N,,,4,1.1,1,35.7,24,50,0,0,0,0
sufex_001777,1777,0.72,72,C(=O)([O-])[O-].[Cs+].[Cs+],OC1=CC=CC=C1,[H][C@@]12C3=CC=CC=C3C(=O)N(C3=CC=CC=C3)[C@]1([H])C[C@H]2S(=O)(=O)F,[H][C@@]12C3=CC=CC=C3C(=O)N(C3=CC=CC=C3)[C@]1([H])C[C@H]2S(=O)(=O)OC1=CC=CC=C1,CC#N,,,4,1.1,1,35.7,24,50,0,0,0,0
sufex_001778,1778,0.71,71,C(=O)([O-])[O-].[Cs+].[Cs+],CC(C)(C)C1=CC=C(O)C=C1,[H][C@@]12C[C@@H](S(=O)(=O)F)[C@]1([H])C1=CC=CC=C1C(=O)N2,[H][C@@]12C[C@@H](S(=O)(=O)OC3=CC=C(C(C)(C)C)C=C3)[C@]1([H])C1=CC=CC=C1C(=O)N2,CC#N,,,4,1.1,1,35.7,24,50,0,0,0,0
sufex_001779,1779,0.53,53,C(=O)([O-])[O-].[Cs+].[Cs+],COC1=CC=C(O)C=C1,[H][C@@]12C[C@@H](S(=O)(=O)F)[C@]1([H])C1=CC=CC=C1C(=O)N2,[H][C@@]12C[C@@H](S(=O)(=O)OC3=CC=C(OC)C=C3)[C@]1([H])C1=CC=CC=C1C(=O)N2,CC#N,,,4,1.1,1,35.7,24,50,0,0,0,0
sufex_001780,1780,0.99,99,CCN(CC)CC,OC1=CC=C(Br)C=C1,O=S(=O)(F)F,O=S(=O)(F)OC1=CC=C(Br)C=C1,C(Cl)Cl,,,2,1,1,8.9,16,25,0,0,0,0
sufex_001781,1781,0.99,99,CCN(CC)CC,O=CC1=CC=C(O)C=C1,O=S(=O)(F)F,O=CC1=CC=C(OS(=O)(=O)F)C=C1,C(Cl)Cl,,,2,1,1,8.9,16,25,0,0,0,0
sufex_001782,1782,0.99,99,CCN(CC)CC,COC1=CC(O)=CC=C1,O=S(=O)(F)F,COC1=CC=CC(OS(=O)(=O)F)=C1,C(Cl)Cl,,,2,1,1,8.9,16,25,0,0,0,0
sufex_001783,1783,0.99,99,CCN(CC)CC,COC1=CC=C(O)C=C1,O=S(=O)(F)F,COC1=CC=C(OS(=O)(=O)F)C=C1,C(Cl)Cl,,,2,1,1,8.9,16,25,0,0,0,0
sufex_001784,1784,0.99,99,CCN(CC)CC,N#CC1=CC=C(O)C=C1,O=S(=O)(F)F,N#CC1=CC=C(OS(=O)(=O)F)C=C1,C(Cl)Cl,,,2,1,1,8.9,16,25,0,0,0,0
sufex_001785,1785,0.99,99,CCN(CC)CC,CC(=O)C1=CC=C(O)C=C1,O=S(=O)(F)F,CC(=O)C1=CC=C(OS(=O)(=O)F)C=C1,C(Cl)Cl,,,2,1,1,8.9,16,25,0,0,0,0
sufex_001786,1786,0.98,98,CCN(CC)CC,OC1=CC=C(Cl)C=C1,O=S(=O)(F)F,O=S(=O)(F)OC1=CC=C(Cl)C=C1,C(Cl)Cl,,,2,1,1,8.9,16,25,0,0,0,0
sufex_001787,1787,0.98,98,CCN(CC)CC,OC1=CC=CC(Cl)=C1,O=S(=O)(F)F,O=S(=O)(F)OC1=CC(Cl)=CC=C1,C(Cl)Cl,,,2,1,1,8.9,16,25,0,0,0,0
sufex_001788,1788,0.98,98,CCN(CC)CC,OC1=CC=C(I)C=C1,O=S(=O)(F)F,O=S(=O)(F)OC1=CC=C(I)C=C1,C(Cl)Cl,,,2,1,1,8.9,16,25,0,0,0,0
sufex_001789,1789,0.95,95,CCN(CC)CC,O=N(=O)C1=CC=C(O)C=C1,O=S(=O)(F)F,O=N(=O)C1=CC=C(OS(=O)(=O)F)C=C1,C(Cl)Cl,,,2,1,1,8.9,16,25,0,0,0,0
sufex_001790,1790,0.93,93,CCN(CC)CC,COC(=O)C1=CC=C(O)C=C1,O=S(=O)(F)F,COC(=O)C1=CC=C(OS(=O)(=O)F)C=C1,C(Cl)Cl,,,2,1,1,8.9,16,25,0,0,0,0
sufex_001791,1791,0.91,91,CCN(CC)CC,CC1=CC(O)=CC=C1,O=S(=O)(F)F,CC1=CC=CC(OS(=O)(=O)F)=C1,C(Cl)Cl,,,2,1,1,8.9,16,25,0,0,0,0
sufex_001792,1792,0.89,89,CCN(CC)CC,OC1=CC=C(C(F)(F)F)C=C1,O=S(=O)(F)F,O=S(=O)(F)OC1=CC=C(C(F)(F)F)C=C1,C(Cl)Cl,,,2,1,1,8.9,16,25,0,0,0,0
sufex_001793,1793,0.89,89,CCN(CC)CC,CC1=CC=CC(C)=C1O,O=S(=O)(F)F,CC1=CC=CC(C)=C1OS(=O)(=O)F,C(Cl)Cl,,,2,1,1,8.9,16,25,0,0,0,0
sufex_001794,1794,0.86,86,CCN(CC)CC,COC1=C(O)C=CC=C1,O=S(=O)(F)F,COC1=C(OS(=O)(=O)F)C=CC=C1,C(Cl)Cl,,,2,1,1,8.9,16,25,0,0,0,0
sufex_001795,1795,0.86,86,CCN(CC)CC,OC1=C(Cl)C=CC=C1,O=S(=O)(F)F,O=S(=O)(F)OC1=C(Cl)C=CC=C1,C(Cl)Cl,,,2,1,1,8.9,16,25,0,0,0,0
sufex_001796,1796,0.85,85,CCN(CC)CC,CC1=CC=C(O)C=C1,O=S(=O)(F)F,CC1=CC=C(OS(=O)(=O)F)C=C1,C(Cl)Cl,,,2,1,1,8.9,16,25,0,0,0,0
sufex_001797,1797,0.84,84,CCN(CC)CC,COC1=CC2=C(C=C1)C=C(O)C=C2,O=S(=O)(F)F,COC1=CC2=C(C=C1)C=C(OS(=O)(=O)F)C=C2,C(Cl)Cl,,,2,1,1,8.9,16,25,0,0,0,0
sufex_001798,1798,0.83,83,CCN(CC)CC,CC1=C(O)C=CC=C1,O=S(=O)(F)F,CC1=C(OS(=O)(=O)F)C=CC=C1,C(Cl)Cl,,,2,1,1,8.9,16,25,0,0,0,0
sufex_001799,1799,0.75,75,CCN(CC)CC,OC1=CC=C(F)C=C1,O=S(=O)(F)F,O=S(=O)(F)OC1=CC=C(F)C=C1,C(Cl)Cl,,,2,1,1,8.9,16,25,0,0,0,0
sufex_001800,1800,0.95,95,CCN(C(C)C)C(C)C,CN(C)C1=CC=C(O)C=C1,O=S(=O)(F)F,CN(C)C1=CC=C(OS(=O)(=O)F)C=C1,C(Cl)Cl,,,2,1,1,8.9,12,25,0,0,0,0
sufex_001801,1801,0.92,92,CCN(C(C)C)C(C)C,C[C@@H](C1=CC(O)=CC=C1)N(C)C,O=S(=O)(F)F,C[C@@H](C1=CC(OS(=O)(=O)F)=CC=C1)N(C)C,C(Cl)Cl,,,2,1,1,8.9,12,25,0,0,0,0
sufex_001802,1802,0.9,90,CCN(C(C)C)C(C)C,CC(C)(C)C1=CC(O)=CC(C(C)(C)C)=C1,O=S(=O)(F)F,CC(C)(C)C1=CC(OS(=O)(=O)F)=CC(C(C)(C)C)=C1,C(Cl)Cl,,,2,1,1,8.9,12,25,0,0,0,0
sufex_001803,1803,0.87,87,CCN(C(C)C)C(C)C,CC[C@H]1CC[C@H](C2=CC=C(O)C=C2)CC1,O=S(=O)(F)F,CC[C@H]1CC[C@H](C2=CC=C(OS(=O)(=O)F)C=C2)CC1,C(Cl)Cl,,,2,1,1,8.9,24,25,0,0,0,0
sufex_001804,1804,0.85,85,CCN(C(C)C)C(C)C,CCN(CC)C1=CC(O)=CC=C1,O=S(=O)(F)F,CCN(CC)C1=CC(OS(=O)(=O)F)=CC=C1,C(Cl)Cl,,,2,1,1,8.9,12,25,0,0,0,0
sufex_001805,1805,0.67,67,[OH-].[K+],FC1=CC=C(C=C1)[C@H](CC[C@H]2C(N([C@@H]2C3=CC=C(C=C3)O)C4=CC=C(C=C4)F)=O)O,O=S(/C=C(N([C@H]1CC[C@@H](C2=CC=C(Cl)C(Cl)=C2)C3=C1C=CC=C3)C)\C4=CC=CC=C4)(F)=O,FC1=CC=C([C@@H](O)CC[C@H]2C(N(C3=CC=C(F)C=C3)[C@@H]2C4=CC=C(OS(=O)(/C=C(N([C@H]5CC[C@@H](C6=CC=C(Cl)C(Cl)=C6)C7=C5C=CC=C7)C)\C8=CC=CC=C8)=O)C=C4)=O)C=C1,CC#N,,,2,2,1,35.7,12,50,0,0,0,0
sufex_001806,1806,0.85,85,CCN(CC)CC,C=CC1=CC=C(O)C=C1,O=S(=O)(F)F,C=CC1=CC=C(OS(=O)(=O)F)C=C1,C(Cl)Cl,,,1.1,1,1,8.9,12,25,0,0,0,0
sufex_001807,1807,1,100,CCN(CC)CC,CN1C(=O)C=CN(CCOC2=C(OC3=CC(C#N)=CC(Cl)=C3)C=CC(O)=C2)C1=O,O=S(=O)(F)F,CN1C(=O)C=CN(CCOC2=C(OC3=CC(C#N)=CC(Cl)=C3)C=CC(OS(=O)(=O)F)=C2)C1=O,C(Cl)Cl,,,3,1,1,8.9,2,25,0,0,0,0
sufex_001808,1808,0.89,89,CCN(CC)CC,COC1=C(OC2=CC(C#N)=CC(Cl)=C2)C=C(O)C=C1,O=S(=O)(F)F,COC1=C(OC2=CC(C#N)=CC(Cl)=C2)C=C(OS(=O)(=O)F)C=C1,C(Cl)Cl,,,4.2,1,1,8.9,2,25,0,0,0,0
sufex_001809,1809,0.85,85,CCN(CC)CC,COC1=C(OC2=CC(Cl)=CN3C=C(C#N)C=C23)C=CC(O)=C1,O=S(=O)(F)F,COC1=C(OC2=CC(Cl)=CN3C=C(C#N)C=C23)C=CC(OS(=O)(=O)F)=C1,C(Cl)Cl,,,2,1,1,8.9,2,25,0,0,0,0
sufex_001810,1810,0.85,85,CCN(CC)CC,COC1=C(OC2=CC(/C=C/C#N)=CC(F)=C2)C=CC(O)=C1,O=S(=O)(F)F,COC1=C(OC2=CC(/C=C/C#N)=CC(F)=C2)C=CC(OS(=O)(=O)F)=C1,C(Cl)Cl,,,2,1,1,8.9,1,25,0,0,0,0
sufex_001811,1811,0.81,81,CCN(CC)CC,N#CC1=CC(Cl)=CC(OC2=C(Cl)C=C(O)C=C2)=C1,O=S(=O)(F)F,N#CC1=CC(Cl)=CC(OC2=C(Cl)C=C(OS(=O)(=O)F)C=C2)=C1,C(Cl)Cl,,,2,1,1,8.9,2,25,0,0,0,0
sufex_001812,1812,0.81,81,CCN(CC)CC,COC1=C(OC2=CC(C#N)=CC(Cl)=C2)C=CC(O)=C1,O=S(=O)(F)F,COC1=C(OC2=CC(C#N)=CC(Cl)=C2)C=CC(OS(=O)(=O)F)=C1,C(Cl)Cl,,,2,1,1,8.9,2,25,0,0,0,0
sufex_001813,1813,0.81,81,CCN(CC)CC,COC1=C(OC2=CC(F)=CN3C=C(C#N)C=C23)C=CC(O)=C1,O=S(=O)(F)F,COC1=C(OC2=CC(F)=CN3C=C(C#N)C=C23)C=CC(OS(=O)(=O)F)=C1,C(Cl)Cl,,,2,1,1,8.9,2,25,0,0,0,0
sufex_001814,1814,0.81,81,CCN(CC)CC,N#CC1=CC(Cl)=CC(OC2=C(Cl)C=CC(O)=C2)=C1,O=S(=O)(F)F,N#CC1=CC(Cl)=CC(OC2=CC(OS(=O)(=O)F)=CC=C2Cl)=C1,C(Cl)Cl,,,2,1,1,8.9,2,25,0,0,0,0
sufex_001815,1815,0.77,77,CCN(CC)CC,COC1=C(OC2=CC=CC3=C2C=CC(C#N)=C3)C=CC(O)=C1,O=S(=O)(F)F,COC1=C(OC2=CC=CC3=C2C=CC(C#N)=C3)C=CC(OS(=O)(=O)F)=C1,C(Cl)Cl,,,2,1,1,8.9,2,25,0,0,0,0
sufex_001816,1816,0.74,74,CCN(CC)CC,COC1=C(OC2=CC=CN3C=C(C#N)C=C23)C=CC(O)=C1,O=S(=O)(F)F,COC1=C(OC2=CC=CN3C=C(C#N)C=C23)C=CC(OS(=O)(=O)F)=C1,C(Cl)Cl,,,2,1,1,8.9,4,25,0,0,0,0
sufex_001817,1817,0.69,69,CCN(CC)CC,COC1=C(OC2=CC(/C=C/C#N)=CC(Cl)=C2)C=CC(O)=C1,O=S(=O)(F)F,COC1=C(OC2=CC(/C=C/C#N)=CC(Cl)=C2)C=CC(OS(=O)(=O)F)=C1,C(Cl)Cl,,,2,1,1,8.9,2,25,0,0,0,0
sufex_001818,1818,0.42,42,CC(C)(C)[O-].[K+],CC(=O)C1=CN=CC=C1,O=S(=O)(F)F,C=C(OS(=O)(=O)F)C1=CN=CC=C1,C1CCCO1,,,2.2,1,1,7.4,1.5,0,0,0,0,0
sufex_001819,1819,0.46,46,CC(C)(C)[O-].[Na+],CC(=O)C1=CN=CC=C1,O=S(=O)(F)F,C=C(OS(=O)(=O)F)C1=CN=CC=C1,C1CCCO1,,,2.2,1,1,7.4,1.5,0,0,0,0,0
sufex_001820,1820,0.63,63,CC(C)(C)[O-].[K+],CC(=O)C1=CN=CC=C1,O=S(=O)(F)F,C=C(OS(=O)(=O)F)C1=CN=CC=C1,CCOCC,,,2.2,1,1,4.2,1.5,0,0,0,0,0
sufex_001821,1821,0.78,78,CC(C)(C)[O-].[K+],CC(=O)C1=CN=CC=C1,O=S(=O)(F)F,C=C(OS(=O)(=O)F)C1=CN=CC=C1,C(Cl)Cl,,,2.2,1,1,8.9,1,0,0,0,0,0
sufex_001822,1822,0.48,48,[Li+].CC(C)[N-]C(C)C,CC(=O)C1=CC=CC=C1,O=S(=O)(F)F,C=C(OS(=O)(=O)F)C1=CC=CC=C1,C1CCCO1,,,1.2,1,1,7.4,1,0,0,0,0,0
sufex_001823,1823,0.55,55,[Li+].CC(C)[N-]C(C)C,CC(=O)C1=CC(C)=CC(C)=C1,O=S(=O)(F)F,C=C(OS(=O)(=O)F)C1=CC(C)=CC(C)=C1,C1CCCO1,,,1.2,1,1,7.4,1,0,0,0,0,0
sufex_001824,1824,0.9,90,CC(C)(C)[O-].[K+],O=C1CCCC2=CC=CC=C12,O=S(=O)(F)F,O=S(=O)(F)OC1=CCCC2=CC=CC=C21,C1CCCO1,,,2.2,1,1,7.4,1.5,-78,0,0,0,0
sufex_001825,1825,0.87,87,CC(C)(C)[O-].[K+],COC1=CC=C2CCCC(=O)C2=C1,O=S(=O)(F)F,COC1=CC=C2CCC=C(OS(=O)(=O)F)C2=C1,C1CCCO1,,,2.2,1,1,7.4,1.5,-78,0,0,0,0
sufex_001826,1826,0.82,82,CC(C)[N-]C(C)C.[Li+],COC1=CC=C2CCCC(=O)C2=C1,O=S(=O)(F)F,COC1=CC=C2CCC=C(OS(=O)(=O)F)C2=C1,C1CCCO1,,,1.2,1,1,7.4,1,0,0,0,0,0
sufex_001827,1827,0.91,91,CCN(CC)CC,CC(C)C1=C(O)C=CC=C1,O=S(=O)(F)F,CC(C)C1=C(OS(=O)(=O)F)C=CC=C1,C(Cl)Cl,,,1.5,1,1,8.9,12,25,0,0,0,0
sufex_001828,1828,0.9,90,CCN(C(C)C)C(C)C,O=C1C=CC(I)=CN1,O=S(=O)(F)F,O=S(=O)(F)OC1=CC=C(I)C=N1,CC#N,,,1.5,1,1,35.7,12,25,0,0,0,0
sufex_001829,1829,0.83,83,CCN(CC)CC,C#CC1=CC(O)=CC=C1,O=S(=O)(F)F,C#CC1=CC=CC(OS(=O)(=O)F)=C1,C(Cl)Cl,,,1.1,1,1,8.9,2,25,0,0,0,0
sufex_001830,1830,0.74,74,CCN(CC)CC,O=C1NN=C(CC2=CC(C(=O)N3CCN(C(=O)CC4=CC=C(O)C=C4)CC3)=C(F)C=C2)C2=CC=CC=C12,O=S(=O)(F)F,O=C1NN=C(CC2=CC(C(=O)N3CCN(C(=O)CC4=CC=C(OS(=O)(=O)F)C=C4)CC3)=C(F)C=C2)C2=CC=CC=C12,C(Cl)Cl,,,2,1,1,8.9,12,25,0,0,0,0
sufex_001831,1831,0.87,87,CCN(CC)CC,COC1=CC(O)=CC(OC)=C1OC,O=S(=O)(F)F,COC1=CC(OS(=O)(=O)F)=CC(OC)=C1OC,C(Cl)Cl,,,1.5,1,1,8.9,6,25,0,0,0,0
sufex_001832,1832,0.86,86,CCN(CC)CC,OC1=CC=CC=C1,O=S(=O)(F)F,O=S(=O)(F)OC1=CC=CC=C1,C(Cl)Cl,,,1.5,1,1,8.9,6,25,0,0,0,0
sufex_001833,1833,0.85,85,CCN(CC)CC,O=N(=O)C1=CC=C(O)C=C1,O=S(=O)(F)F,O=N(=O)C1=CC=C(OS(=O)(=O)F)C=C1,C(Cl)Cl,,,1.5,1,1,8.9,6,25,0,0,0,0
sufex_001834,1834,0.81,81,CCN(CC)CC,CS(=O)(=O)C1=CC=C(O)C=C1,O=S(=O)(F)F,CS(=O)(=O)C1=CC=C(OS(=O)(=O)F)C=C1,C(Cl)Cl,,,1.5,1,1,8.9,6,25,0,0,0,0
sufex_001835,1835,0.6,60,CCN(CC)CC,O=S(=O)(C1=CC=C(O)C=C1)C(F)(F)F,O=S(=O)(F)F,O=S(=O)(F)OC1=CC=C(S(=O)(=O)C(F)(F)F)C=C1,C(Cl)Cl,,,1.5,1,1,8.9,6,25,0,0,0,0
sufex_001836,1836,0.83,83,C(=O)([O-])[O-].[Cs+].[Cs+],OC1=CC=CC=C1,C/C(=C(/C1=CC=C(Cl)C=C1)C(F)(F)F)S(=O)(=O)F,C/C(=C(/C1=CC=C(Cl)C=C1)C(F)(F)F)S(=O)(=O)OC1=CC=CC=C1,CC#N,,,2,1.1,1,35.7,3,25,0,0,0,0
sufex_001837,1837,0.85,85,C(=O)([O-])[O-].[Cs+].[Cs+],OC1=CC=CC=C1,O=C1CCC(CS(=O)(=O)F)N1C1=CC=CC=C1,O=C1CCC(CS(=O)(=O)OC2=CC=CC=C2)N1C1=CC=CC=C1,CC#N,,,2,1.1,1,35.7,12,25,0,0,0,0
sufex_001838,1838,0.93,93,[O-]C([O-])=O.[K+].[K+],COC1=CC=C(O)C=C1,N#C[C@@H]1[C@H](C2=CC=CC=C2)[C@H]1S(=O)(=O)F,COC1=CC=C(OS(=O)(=O)[C@H]2[C@H](C#N)[C@@H]2C2=CC=CC=C2)C=C1,CC#N,,,1,1.1,1,35.7,1,25,0,0,0,0
sufex_001839,1839,0.92,92,O=C([O-])[O-].[Cs+].[Cs+],OC1=CC=CC=C1,CC(C#CC1=CC=CC=C1)(CCOC(=O)C1=CC=CC=C1)CS(=O)(=O)F,CC(C#CC1=CC=CC=C1)(CCOC(=O)C1=CC=CC=C1)CS(=O)(=O)OC1=CC=CC=C1,CC#N,,,2,1.1,1,35.7,16,25,0,0,0,0
sufex_001840,1840,0.89,89,C(=O)([O-])[O-].[Cs+].[Cs+],CC(C(C)=C1O)=C2O[C@@](CCC[C@H](C)CCC[C@H](C)CCCC(C)C)(C)CCC2=C1C,CC1=C(C(=O)OCCCS(=O)(=O)F)SC(C2=CC(C#N)=C(OCC(C)C)C=C2)=N1,CC(C(C)=C1OS(CCCOC(C2=C(C)N=C(C3=CC(C#N)=C(OCC(C)C)C=C3)S2)=O)(=O)=O)=C4O[C@@](CCC[C@H](C)CCC[C@H](C)CCCC(C)C)(C)CCC4=C1C,CC#N,,,1.5,1.5,1,35.7,4,25,0,0,0,0
sufex_001841,1841,0.89,89,C(=O)([O-])[O-].[Cs+].[Cs+],[H][C@@]12CCC3=CC(O)=CC=C3[C@@]1([H])CC[C@]1(C)C(=O)CC[C@@]21[H],CC1=C(C(=O)OCCCS(=O)(=O)F)SC(C2=CC(C#N)=C(OCC(C)C)C=C2)=N1,[H][C@@]12CCC3=CC(OS(=O)(=O)CCCOC(=O)C4=C(C)N=C(C5=CC(C#N)=C(OCC(C)C)C=C5)S4)=CC=C3[C@@]1([H])CC[C@]1(C)C(=O)CC[C@@]21[H],CC#N,,,1.5,1.5,1,35.7,4,25,0,0,0,0
sufex_001842,1842,0.85,85,C(=O)([O-])[O-].[Cs+].[Cs+],O=C1[C@H](CC[C@H](O)C2=CC=C(F)C=C2)[C@@H](C2=CC=C(O)C=C2)N1C1=CC=C(F)C=C1,CC1=C(C(=O)OCCCS(=O)(=O)F)SC(C2=CC(C#N)=C(OCC(C)C)C=C2)=N1,CC1=C(C(=O)OCCCS(=O)(=O)OC2=CC=C(C3[C@@H](CC[C@H](O)C4=CC=C(F)C=C4)C(=O)N3C3=CC=C(F)C=C3)C=C2)SC(C2=CC(C#N)=C(OCC(C)C)C=C2)=N1,CC#N,,,1.5,1.5,1,35.7,4,25,0,0,0,0
sufex_001843,1843,0.42,42,C(=O)([O-])[O-].[Cs+].[Cs+],COC(=O)CC/C(C)=C/CC1=C(OC)C(C)=C2COC(=O)C2=C1O,COC1=CC=C(NC(CS(=O)(=O)F)C2=CC=CC=C2)C=C1,COC(=O)CC/C(C)=C/CC1=C(OC)C(C)=C2COC(=O)C2=C1OS(=O)(=O)CC(NC1=CC=C(OC)C=C1)C1=CC=CC=C1,CC#N,,,2,1.1,1,35.7,72,25,0,0,0,0
sufex_001844,1844,0.74,74,C(=O)([O-])[O-].[Cs+].[Cs+],COC(=O)[C@H](CC1=CC=C(O)C=C1)NC(=O)OC(C)(C)C,COC1=CC=C(NC(CS(=O)(=O)F)C2=CC=CC=C2)C=C1,COC(=O)[C@H](CC1=CC=C(OS(=O)(=O)CC(NC2=CC=C(OC)C=C2)C2=CC=CC=C2)C=C1)NC(=O)OC(C)(C)C,CC#N,,,2,1.1,1,35.7,72,25,0,0,0,0
sufex_001845,1845,0.95,95,C(=O)([O-])[O-].[Cs+].[Cs+],CC1=C(O)C=C(C(C)C)C=C1,COC1=CC=C(NC(CS(=O)(=O)F)C2=CC=CC=C2)C=C1,COC1=CC=C(NC(CS(=O)(=O)OC2=CC(C(C)C)=CC=C2C)C2=CC=CC=C2)C=C1,CC#N,,,2,1.1,1,35.7,72,25,0,0,0,0
sufex_001846,1846,0.92,92,C1CN2CCN1CC2,COC1=CC(O)=CC=C1,CCOC(=O)C1=NNC(S(=O)(=O)F)=C1,CCOC(=O)C1=NNC(S(=O)(=O)OC2=CC(OC)=CC=C2)=C1,CC#N,C(F)(F)(F)S(=O)(=O)[N-]S(=O)(=O)C(F)(F)F.C(F)(F)(F)S(=O)(=O)[N-]S(=O)(=O)C(F)(F)F.[Ca+2],,3.1,1.1,1,35.7,18,25,1.4,0,0,0
sufex_001847,1847,0.89,89,C1CN2CCN1CC2,CC1=C(C)C=C(O)C=C1,O=C(NCC1=CC=CC=C1)C1=CC(S(=O)(=O)F)=NN1,CC1=C(C)C=C(OS(=O)(=O)C2=NNC(C(=O)NCC3=CC=CC=C3)=C2)C=C1,CC#N,C(F)(F)(F)S(=O)(=O)[N-]S(=O)(=O)C(F)(F)F.C(F)(F)(F)S(=O)(=O)[N-]S(=O)(=O)C(F)(F)F.[Ca+2],,2.5,1.1,1,35.7,18,25,1.4,0,0,0
sufex_001848,1848,0.79,79,C1CN2CCN1CC2,OC1=CC=CC=C1,CCOC(=O)C1=NNC(S(=O)(=O)F)=C1,CCOC(=O)C1=NNC(S(=O)(=O)OC2=CC=CC=C2)=C1,CC#N,C(F)(F)(F)S(=O)(=O)[N-]S(=O)(=O)C(F)(F)F.C(F)(F)(F)S(=O)(=O)[N-]S(=O)(=O)C(F)(F)F.[Ca+2],,3.1,1.1,1,35.7,18,25,1.4,0,0,0
sufex_001849,1849,0.75,75,C1CN2CCN1CC2,COC(=O)C1=CC=C(O)C=C1,O=C(NCC1=CC=CC=C1)C1=CC(S(=O)(=O)F)=NN1,COC(=O)C1=CC=C(OS(=O)(=O)C2=NNC(C(=O)NCC3=CC=CC=C3)=C2)C=C1,CC#N,C(F)(F)(F)S(=O)(=O)[N-]S(=O)(=O)C(F)(F)F.C(F)(F)(F)S(=O)(=O)[N-]S(=O)(=O)C(F)(F)F.[Ca+2],,2.5,1.1,1,35.7,18,25,1.4,0,0,0
sufex_001850,1850,0.82,82,CCN(CC)CC,CC1=CC(O)=C(C(C)C)C=C1,O=S(=O)(F)F,CC1=CC(OS(=O)(=O)F)=C(C(C)C)C=C1,C(Cl)Cl,,,1,1,1,8.9,12,25,0,0,0,0
sufex_001851,1851,0.8,80,CCN(CC)CC,CC1=CC(C)=C(O)C=C1,O=S(=O)(F)F,CC1=CC(C)=C(OS(=O)(=O)F)C=C1,C(Cl)Cl,,,1,1,1,8.9,12,25,0,0,0,0
sufex_001852,1852,0.8,80,CCN(CC)CC,OC1=CC=CC=C1,O=S(=O)(F)F,O=S(=O)(F)OC1=CC=CC=C1,C(Cl)Cl,,,1,1,1,8.9,12,25,0,0,0,0
sufex_001853,1853,0.8,80,CCN(CC)CC,OC1=CC=C2OCOC2=C1,O=S(=O)(F)F,O=S(=O)(F)OC1=CC=C2OCOC2=C1,C(Cl)Cl,,,1,1,1,8.9,12,25,0,0,0,0
sufex_001854,1854,0.76,76,CCN(CC)CC,CC1=NC=C(O)C=C1,O=S(=O)(F)F,CC1=NC=C(OS(=O)(=O)F)C=C1,C(Cl)Cl,,,1,1,1,8.9,12,25,0,0,0,0
sufex_001855,1855,0.75,75,CCN(CC)CC,CC1=CC=C(O)C=C1,O=S(=O)(F)F,CC1=CC=C(OS(=O)(=O)F)C=C1,C(Cl)Cl,,,1,1,1,8.9,12,25,0,0,0,0
sufex_001856,1856,0.75,75,CCN(CC)CC,CCOC(=O)C1=CC=C(O)C=C1,O=S(=O)(F)F,CCOC(=O)C1=CC=C(OS(=O)(=O)F)C=C1,C(Cl)Cl,,,1,1,1,8.9,12,25,0,0,0,0
sufex_001857,1857,0.73,73,CCN(CC)CC,COC1=CC=C(O)C=C1,O=S(=O)(F)F,COC1=CC=C(OS(=O)(=O)F)C=C1,C(Cl)Cl,,,1,1,1,8.9,12,25,0,0,0,0
sufex_001858,1858,0.79,79,C1CCC2=NCCCN2CC1,OC1=CC=CC=C1,O=C1C2=CC=CC=C2CC1S(=O)(=O)F,O=C1C2=CC=CC=C2CC1S(=O)(=O)OC1=CC=CC=C1,CC#N,,,1,1,1,35.7,6,25,0,0,0,0
sufex_001859,1859,0.4,40,C1CCC2=NCCCN2CC1,CC1=C(O)C(C)=C2CCC(C)(CCCC(C)CCCC(C)CCCC(C)C)OC2=C1C,O=C1C2=CC=CC=C2CC1S(=O)(=O)F,CC1=C2CCC(C)(CCCC(C)CCCC(C)CCCC(C)C)OC2=C(C)C(C)=C1OS(=O)(=O)C1CC2=CC=CC=C2C1=O,CC#N,,,1,1,1,35.7,8,25,0,0,0,0
sufex_001860,1860,0.35,35,C1CCC2=NCCCN2CC1,CC1=C(O)C(=O)CC1,O=C1C2=CC=CC=C2CC1S(=O)(=O)F,CC1=C(OS(=O)(=O)C2CC3=CC=CC=C3C2=O)C(=O)CC1,CC#N,,,1,0.833333333,1,35.7,24,25,0,0,0,0
sufex_001861,1861,0.88,88,C1CCC2=NCCCN2CC1,OC1=CC=C(C2=CC=CC=C2)C=C1,C[N+](CC1=CC=CC=C1)=S(=O)(F)C1=CC=CC=C1.O=S(=O)([O-])C(F)(F)F,C[N+](CC1=CC=CC=C1)=S(=O)(OC1=CC=C(C2=CC=CC=C2)C=C1)C1=CC=CC=C1.O=S(=O)([O-])C(F)(F)F,C(Cl)Cl,,,1,0.571428571,1,8.9,0.017,25,0,0,0,0
sufex_001862,1862,0.87,87,C1CCC2=NCCCN2CC1,N#CC1=CC=C(O)C=C1,C[N+](CC1=CC=CC=C1)=S(=O)(F)C1=CC=CC=C1.O=S(=O)([O-])C(F)(F)F,C[N+](CC1=CC=CC=C1)=S(=O)(OC1=CC=C(C#N)C=C1)C1=CC=CC=C1.O=S(=O)([O-])C(F)(F)F,C(Cl)Cl,,,1,0.571428571,1,8.9,0.017,25,0,0,0,0
sufex_001863,1863,0.8,80,C1CCC2=NCCCN2CC1,CC1=C(O)C=CC=C1,C[N+](CC1=CC=CC=C1)=S(=O)(F)C1=CC=CC=C1.O=S(=O)([O-])C(F)(F)F,CC1=C(OS(=O)(C2=CC=CC=C2)=[N+](C)CC2=CC=CC=C2)C=CC=C1.O=S(=O)([O-])C(F)(F)F,C(Cl)Cl,,,1,0.571428571,1,8.9,0.017,25,0,0,0,0
sufex_001864,1864,0.79,79,C1CCC2=NCCCN2CC1,CC1=CC=C(O)C=C1,C[N+](CC1=CC=CC=C1)=S(=O)(F)C1=CC=CC=C1.O=S(=O)([O-])C(F)(F)F,CC1=CC=C(OS(=O)(C2=CC=CC=C2)=[N+](C)CC2=CC=CC=C2)C=C1.O=S(=O)([O-])C(F)(F)F,C(Cl)Cl,,,1,0.571428571,1,8.9,0.017,25,0,0,0,0
sufex_001865,1865,0.78,78,C1CCC2=NCCCN2CC1,OC1=CC2=C(C=CC=C2)C=C1,C[N+](CC1=CC=CC=C1)=S(=O)(F)C1=CC=CC=C1.O=S(=O)([O-])C(F)(F)F,C[N+](CC1=CC=CC=C1)=S(=O)(OC1=CC2=C(C=CC=C2)C=C1)C1=CC=CC=C1.O=S(=O)([O-])C(F)(F)F,C(Cl)Cl,,,1,0.571428571,1,8.9,0.017,25,0,0,0,0
sufex_001866,1866,0.78,78,C1CCC2=NCCCN2CC1,OC1=CC=C(F)C=C1,C[N+](CC1=CC=CC=C1)=S(=O)(F)C1=CC=CC=C1.O=S(=O)([O-])C(F)(F)F,C[N+](CC1=CC=CC=C1)=S(=O)(OC1=CC=C(F)C=C1)C1=CC=CC=C1.O=S(=O)([O-])C(F)(F)F,C(Cl)Cl,,,1,0.571428571,1,8.9,0.017,25,0,0,0,0
sufex_001867,1867,0.77,77,C1CCC2=NCCCN2CC1,OC1=CC=CC=C1,C[N+](CC1=CC=CC=C1)=S(=O)(F)C1=CC=CC=C1.O=S(=O)([O-])C(F)(F)F,C[N+](CC1=CC=CC=C1)=S(=O)(OC1=CC=CC=C1)C1=CC=CC=C1.O=S(=O)([O-])C(F)(F)F,C(Cl)Cl,,,1,0.571428571,1,8.9,0.017,25,0,0,0,0
sufex_001868,1868,0.76,76,C1CCC2=NCCCN2CC1,OC1=CC=C(Cl)C=C1,C[N+](CC1=CC=CC=C1)=S(=O)(F)C1=CC=CC=C1.O=S(=O)([O-])C(F)(F)F,C[N+](CC1=CC=CC=C1)=S(=O)(OC1=CC=C(Cl)C=C1)C1=CC=CC=C1.O=S(=O)([O-])C(F)(F)F,C(Cl)Cl,,,1,0.571428571,1,8.9,0.017,25,0,0,0,0
sufex_001869,1869,0.76,76,C1CCC2=NCCCN2CC1,[H][C@@]12CCC3=CC(O)=CC=C3[C@@]1([H])CC[C@]1(C)C(=O)CC[C@@]21[H],C[N+](CC1=CC=CC=C1)=S(=O)(F)C1=CC=CC=C1.O=S(=O)([O-])C(F)(F)F,O=S(=O)([O-])C(F)(F)F.[H][C@@]12CCC3=CC(OS(=O)(C4=CC=CC=C4)=[N+](C)CC4=CC=CC=C4)=CC=C3[C@@]1([H])CC[C@]1(C)C(=O)CC[C@@]21[H],C(Cl)Cl,,,1,0.571428571,1,8.9,0.017,25,0,0,0,0
sufex_001870,1870,0.76,76,C1CCC2=NCCCN2CC1,O=C1C=CC2=CC=C(O)C=C2O1,C[N+](CC1=CC=CC=C1)=S(=O)(F)C1=CC=CC=C1.O=S(=O)([O-])C(F)(F)F,C[N+](CC1=CC=CC=C1)=S(=O)(OC1=CC=C2C=CC(=O)OC2=C1)C1=CC=CC=C1.O=S(=O)([O-])C(F)(F)F,C(Cl)Cl,,,1,0.571428571,1,8.9,0.017,25,0,0,0,0
sufex_001871,1871,0.74,74,C1CCC2=NCCCN2CC1,CC1=CC=CC(=O)N1,C[N+](CC1=CC=CC=C1)=S(=O)(F)C1=CC=CC=C1.O=S(=O)([O-])C(F)(F)F,CC1=NC(OS(=O)(C2=CC=CC=C2)=[N+](C)CC2=CC=CC=C2)=CC=C1.O=S(=O)([O-])C(F)(F)F,C(Cl)Cl,,,1,0.571428571,1,8.9,0.017,25,0,0,0,0
sufex_001872,1872,0.74,74,C1CCC2=NCCCN2CC1,OC1=CC=C(C(F)(F)F)C=C1,C[N+](CC1=CC=CC=C1)=S(=O)(F)C1=CC=CC=C1.O=S(=O)([O-])C(F)(F)F,C[N+](CC1=CC=CC=C1)=S(=O)(OC1=CC=C(C(F)(F)F)C=C1)C1=CC=CC=C1.O=S(=O)([O-])C(F)(F)F,C(Cl)Cl,,,1,0.571428571,1,8.9,0.017,25,0,0,0,0
sufex_001873,1873,0.73,73,C1CCC2=NCCCN2CC1,CC1=CC(O)=CC=C1,C[N+](CC1=CC=CC=C1)=S(=O)(F)C1=CC=CC=C1.O=S(=O)([O-])C(F)(F)F,CC1=CC=CC(OS(=O)(C2=CC=CC=C2)=[N+](C)CC2=CC=CC=C2)=C1.O=S(=O)([O-])C(F)(F)F,C(Cl)Cl,,,1,0.571428571,1,8.9,0.017,25,0,0,0,0
sufex_001874,1874,0.72,72,C1CCC2=NCCCN2CC1,OC1=CC=C(Br)C=C1,C[N+](CC1=CC=CC=C1)=S(=O)(F)C1=CC=CC=C1.O=S(=O)([O-])C(F)(F)F,C[N+](CC1=CC=CC=C1)=S(=O)(OC1=CC=C(Br)C=C1)C1=CC=CC=C1.O=S(=O)([O-])C(F)(F)F,C(Cl)Cl,,,1,0.571428571,1,8.9,0.017,25,0,0,0,0
sufex_001875,1875,0.72,72,C1CCC2=NCCCN2CC1,CCOC(=O)C1=CC=C(O)C=C1,C[N+](CC1=CC=CC=C1)=S(=O)(F)C1=CC=CC=C1.O=S(=O)([O-])C(F)(F)F,CCOC(=O)C1=CC=C(OS(=O)(C2=CC=CC=C2)=[N+](C)CC2=CC=CC=C2)C=C1.O=S(=O)([O-])C(F)(F)F,C(Cl)Cl,,,1,0.571428571,1,8.9,0.017,25,0,0,0,0
sufex_001876,1876,0.72,72,C1CCC2=NCCCN2CC1,OC1=CC=CC2=C1N=CC=C2,C[N+](CC1=CC=CC=C1)=S(=O)(F)C1=CC=CC=C1.O=S(=O)([O-])C(F)(F)F,C[N+](CC1=CC=CC=C1)=S(=O)(OC1=CC=CC2=C1N=CC=C2)C1=CC=CC=C1.O=S(=O)([O-])C(F)(F)F,C(Cl)Cl,,,1,0.571428571,1,8.9,0.017,25,0,0,0,0
sufex_001877,1877,0.72,72,C1CCC2=NCCCN2CC1,COC1=CC(O)=CC=C1,C[N+](CC1=CC=CC=C1)=S(=O)(F)C1=CC=CC=C1.O=S(=O)([O-])C(F)(F)F,COC1=CC=CC(OS(=O)(C2=CC=CC=C2)=[N+](C)CC2=CC=CC=C2)=C1.O=S(=O)([O-])C(F)(F)F,C(Cl)Cl,,,1,0.571428571,1,8.9,0.017,25,0,0,0,0
sufex_001878,1878,0.71,71,C1CCC2=NCCCN2CC1,OC1=CC=C(I)C=C1,C[N+](CC1=CC=CC=C1)=S(=O)(F)C1=CC=CC=C1.O=S(=O)([O-])C(F)(F)F,C[N+](CC1=CC=CC=C1)=S(=O)(OC1=CC=C(I)C=C1)C1=CC=CC=C1.O=S(=O)([O-])C(F)(F)F,C(Cl)Cl,,,1,0.571428571,1,8.9,0.017,25,0,0,0,0
sufex_001879,1879,0.71,71,C1CCC2=NCCCN2CC1,OC1=CC=C(OC2=CC=CC=C2)C=C1,C[N+](CC1=CC=CC=C1)=S(=O)(F)C1=CC=CC=C1.O=S(=O)([O-])C(F)(F)F,C[N+](CC1=CC=CC=C1)=S(=O)(OC1=CC=C(OC2=CC=CC=C2)C=C1)C1=CC=CC=C1.O=S(=O)([O-])C(F)(F)F,C(Cl)Cl,,,1,0.571428571,1,8.9,0.017,25,0,0,0,0
sufex_001880,1880,0.7,70,C1CCC2=NCCCN2CC1,O=N(=O)C1=CC=C(O)C=C1,C[N+](CC1=CC=CC=C1)=S(=O)(F)C1=CC=CC=C1.O=S(=O)([O-])C(F)(F)F,C[N+](CC1=CC=CC=C1)=S(=O)(OC1=CC=C(N(=O)=O)C=C1)C1=CC=CC=C1.O=S(=O)([O-])C(F)(F)F,C(Cl)Cl,,,1,0.571428571,1,8.9,0.017,25,0,0,0,0
sufex_001881,1881,0.7,70,C1CCC2=NCCCN2CC1,CC1=NC=C(O)C=C1,C[N+](CC1=CC=CC=C1)=S(=O)(F)C1=CC=CC=C1.O=S(=O)([O-])C(F)(F)F,CC1=NC=C(OS(=O)(C2=CC=CC=C2)=[N+](C)CC2=CC=CC=C2)C=C1.O=S(=O)([O-])C(F)(F)F,C(Cl)Cl,,,1,0.571428571,1,8.9,0.017,25,0,0,0,0
sufex_001882,1882,0.7,70,C1CCC2=NCCCN2CC1,COC1=CC=C(O)C=C1,C[N+](CC1=CC=CC=C1)=S(=O)(F)C1=CC=CC=C1.O=S(=O)([O-])C(F)(F)F,COC1=CC=C(OS(=O)(C2=CC=CC=C2)=[N+](C)CC2=CC=CC=C2)C=C1.O=S(=O)([O-])C(F)(F)F,C(Cl)Cl,,,1,0.571428571,1,8.9,0.017,25,0,0,0,0
sufex_001883,1883,0.7,70,C1CCC2=NCCCN2CC1,OC1=CC=CC(C(F)(F)F)=C1,C[N+](CC1=CC=CC=C1)=S(=O)(F)C1=CC=CC=C1.O=S(=O)([O-])C(F)(F)F,C[N+](CC1=CC=CC=C1)=S(=O)(OC1=CC(C(F)(F)F)=CC=C1)C1=CC=CC=C1.O=S(=O)([O-])C(F)(F)F,C(Cl)Cl,,,1,0.571428571,1,8.9,0.017,25,0,0,0,0
sufex_001884,1884,0.66,66,C1CCC2=NCCCN2CC1,CC(C)C1=CC=CC(C(C)C)=C1O,C[N+](CC1=CC=CC=C1)=S(=O)(F)C1=CC=CC=C1.O=S(=O)([O-])C(F)(F)F,CC(C)C1=CC=CC(C(C)C)=C1OS(=O)(C1=CC=CC=C1)=[N+](C)CC1=CC=CC=C1.O=S(=O)([O-])C(F)(F)F,C(Cl)Cl,,,1,0.571428571,1,8.9,0.017,25,0,0,0,0
sufex_001885,1885,0.65,65,C1CCC2=NCCCN2CC1,O=C(C1=CC=CC=C1)C1=CC=C(O)C=C1,C[N+](CC1=CC=CC=C1)=S(=O)(F)C1=CC=CC=C1.O=S(=O)([O-])C(F)(F)F,C[N+](CC1=CC=CC=C1)=S(=O)(OC1=CC=C(C(=O)C2=CC=CC=C2)C=C1)C1=CC=CC=C1.O=S(=O)([O-])C(F)(F)F,C(Cl)Cl,,,1,0.571428571,1,8.9,0.017,25,0,0,0,0
sufex_001886,1886,0.55,55,C1CCC2=NCCCN2CC1,COC1=C(O)C=CC(CNC(=O)CCCC/C=C/C(C)C)=C1,C[N+](CC1=CC=CC=C1)=S(=O)(F)C1=CC=CC=C1.O=S(=O)([O-])C(F)(F)F,COC1=C(OS(=O)(C2=CC=CC=C2)=[N+](C)CC2=CC=CC=C2)C=CC(CNC(=O)CCCC/C=C/C(C)C)=C1.O=S(=O)([O-])C(F)(F)F,C(Cl)Cl,,,1,0.571428571,1,8.9,0.017,25,0,0,0,0
sufex_001887,1887,0.95,95,C(=O)([O-])[O-].[Cs+].[Cs+],COC1=CC=C(O)C=C1,O=S(=O)(F)/C=C/CCCC1=CC=C(C2=CC=CC=C2)C=C1,COC1=CC=C(OS(=O)(=O)/C=C/CCCC2=CC=C(C3=CC=CC=C3)C=C2)C=C1,CC#N,,,1,1,1,35.7,4,25,0,0,0,0
sufex_001888,1888,0.7,70,[OH-].[K+],CC1=C(O)C(C)=C2CC[C@@](C)(CCC[C@H](C)CCC[C@H](C)CCCC(C)C)OC2=C1C,O=C(OCCCCCS(=O)(=O)F)C1(C2=CC=C3OC(F)(F)OC3=C2)CC1,CC1=C2CC[C@@](C)(CCC[C@H](C)CCC[C@H](C)CCCC(C)C)OC2=C(C)C(C)=C1OS(=O)(=O)CCCCCOC(=O)C1=CC=C2OC(F)(F)OC2=C1,CC#N,,,2,2,1,35.7,12,50,0,0,0,0
sufex_001889,1889,0.6,60,[OH-].[K+],[H][C@@]12CCC3=CC(O)=CC=C3[C@@]1([H])CC[C@]1(C)C(=O)CC[C@@]21[H],O=S(=O)(F)/C=C/C1=CC=CC=C1,[H][C@@]12CCC3=CC(OS(=O)(=O)/C=C/C4=CC=CC=C4)=CC=C3[C@@]1([H])CC[C@]1(C)C(=O)CC[C@@]21[H],CC#N,,,2,2,1,35.7,12,50,0,0,0,0
sufex_001890,1890,0.96,96,C(=O)([O-])[O-].[Cs+].[Cs+],OCC(F)(F)F,COC1=CC=CC(S(=O)(=O)F)=C1C1=CC=C(F)C2=C1C=CC=C2,COC1=CC=CC(S(=O)(=O)OCC(F)(F)F)=C1C1=CC=C(F)C2=C1C=CC=C2,CC#N,,,2,5,1,35.7,12,25,0,0,0,0
sufex_001891,1891,0.71,71,C(=O)([O-])[O-].[Cs+].[Cs+],OC1=CC=CC2=C1C=CC=C2,CC(C)CC1=CC=C(C(C)S(=O)(=O)F)C=C1,CC(C)CC1=CC=C(C(C)S(=O)(=O)OC2=CC=CC3=C2C=CC=C3)C=C1,CC#N,,,2,2,1,35.7,12,60,0,0,0,0
sufex_001892,1892,0.78,78,CCN(C(C)C)C(C)C,COC1=CC(C=O)=CC=C1O,FS(=O)(C(F)(F)F)=O,COC1=C(OS(=O)(=O)C(F)(F)F)C=CC(C=O)=C1,CC#N,,,1,0.666666667,1,35.7,12,25,0,0,0,0
sufex_001893,1893,0.75,75,CCN(C(C)C)C(C)C,COC1=CC=C(O)C=C1,FS(=O)(C(F)(F)F)=O,COC1=CC=C(OS(=O)(=O)C(F)(F)F)C=C1,CC#N,,,1,0.666666667,1,35.7,18,25,0,0,0,0
sufex_001894,1894,0.71,71,CCN(C(C)C)C(C)C,OC1=CC=C2NC=CC2=C1,FS(=O)(C(F)(F)F)=O,O=S(=O)(OC1=CC=C2NC=CC2=C1)C(F)(F)F,CC#N,,,1,0.4,1,35.7,18,25,0,0,0,0
sufex_001895,1895,0.85,85,CCN(C(C)C)C(C)C,OC1=CC=C(C2=CC=C(F)C=C2)C=C1,FS(=O)(C(F)(F)F)=O,O=S(=O)(OC1=CC=C(C2=CC=C(F)C=C2)C=C1)C(F)(F)F,CC#N,,,1,0.666666667,1,35.7,4,25,0,0,0,0
sufex_001896,1896,0.72,72,CCN(C(C)C)C(C)C,COC(=O)C1=C(O)C=CS1,FS(=O)(C(F)(F)F)=O,COC(=O)C1=C(OS(=O)(=O)C(F)(F)F)C=CS1,CC#N,,,1,0.666666667,1,35.7,18,25,0,0,0,0
sufex_001897,1897,0.84,84,CCN(C(C)C)C(C)C,OC1=CC=C2OCOC2=C1,FS(=O)(C(F)(F)F)=O,O=S(=O)(OC1=CC=C2OCOC2=C1)C(F)(F)F,CC#N,,,1,0.666666667,1,35.7,4,25,0,0,0,0
sufex_001898,1898,0.78,78,CCN(C(C)C)C(C)C,CC(=O)CCC1=CC=C(O)C=C1,FS(=O)(C(F)(F)F)=O,CC(=O)CCC1=CC=C(OS(=O)(=O)C(F)(F)F)C=C1,CC#N,,,1,0.666666667,1,35.7,18,25,0,0,0,0
sufex_001899,1899,0.8,80,CCN(C(C)C)C(C)C,CC1=CC=CC(C)=C1O,FS(=O)(C(F)(F)F)=O,CC1=CC=CC(C)=C1OS(=O)(=O)C(F)(F)F,CC#N,,,1,0.666666667,1,35.7,18,25,0,0,0,0
sufex_001900,1900,0.89,89,CCN(C(C)C)C(C)C,OC1=CC=CC(C(F)(F)F)=C1,FS(=O)(C(F)(F)F)=O,O=S(=O)(OC1=CC(C(F)(F)F)=CC=C1)C(F)(F)F,CC#N,,,1,0.666666667,1,35.7,1.5,25,0,0,0,0
sufex_001901,1901,0.8,80,CCN(C(C)C)C(C)C,CC1=CC(C)=CC(O)=C1,FS(=O)(C(F)(F)F)=O,CC1=CC(C)=CC(OS(=O)(=O)C(F)(F)F)=C1,CC#N,,,1,0.666666667,1,35.7,18,25,0,0,0,0
sufex_001902,1902,0.96,96,CCN(C(C)C)C(C)C,OC1=CC=C(Br)C=C1,FS(=O)(C(F)(F)F)=O,O=S(=O)(OC1=CC=C(Br)C=C1)C(F)(F)F,CC#N,,,1,0.666666667,1,35.7,4,25,0,0,0,0
sufex_001903,1903,0.98,98,CCN(C(C)C)C(C)C,OC1=CC2=C(C=CC=C2)C=C1,FS(=O)(C(F)(F)F)=O,O=S(=O)(OC1=CC2=C(C=CC=C2)C=C1)C(F)(F)F,CC#N,,,1,0.666666667,1,35.7,6,25,0,0,0,0
sufex_001904,1904,0.95,95,CCN(C(C)C)C(C)C,O=C(O)C1=CC(O)=CC=C1,FS(=O)(C(F)(F)F)=O,O=C(O)C1=CC=CC(OS(=O)(=O)C(F)(F)F)=C1,CC#N,,,1.666666667,0.666666667,1,35.7,18,25,0,0,0,0
sufex_001905,1905,0.94,94,CCN(C(C)C)C(C)C,OC1=CC=CC=C1,O=N(=O)C1=CC=C(N=S(=O)(F)C(F)(F)F)C=C1,O=N(=O)C1=CC=C(N=S(=O)(OC2=CC=CC=C2)C(F)(F)F)C=C1,CC#N,,,1.5,1.5,1,35.7,1,25,0,0,0,0
sufex_001906,1906,0.72,72,CCN(C(C)C)C(C)C,C=CCC1=CC=C(O)C(OC)=C1,FS(=O)(C(F)(F)F)=O,C=CCC1=CC(OC)=C(OS(=O)(=O)C(F)(F)F)C=C1,CC#N,,,1,0.666666667,1,35.7,22,25,0,0,0,0
sufex_001907,1907,0.92,92,CCN(C(C)C)C(C)C,CC(C)(C)OC(=O)N[C@@H](CC1=CC=C(O)C=C1)C(=O)O,FS(=O)(C(F)(F)F)=O,CC(C)(C)OC(=O)N[C@@H](CC1=CC=C(OS(=O)(=O)C(F)(F)F)C=C1)C(=O)O,CC#N,,,1.666666667,0.666666667,1,35.7,18,25,0,0,0,0
sufex_001908,1908,0.92,92,CCN(C(C)C)C(C)C,OC1=C(Br)C=CC=C1,FS(=O)(C(F)(F)F)=O,O=S(=O)(OC1=C(Br)C=CC=C1)C(F)(F)F,CC#N,,,1,0.666666667,1,35.7,4,25,0,0,0,0
sufex_001909,1909,0.91,91,CCN(C(C)C)C(C)C,OC1=CC=CC2=C1N=CC=C2,FS(=O)(C(F)(F)F)=O,O=S(=O)(OC1=CC=CC2=C1N=CC=C2)C(F)(F)F,CC#N,,,1,0.666666667,1,35.7,18,25,0,0,0,0
sufex_001910,1910,0.75,75,CCN(C(C)C)C(C)C,[H][C@@]12CCC3=CC(O)=CC=C3[C@@]1([H])CC[C@]1(C)[C@@H](O)CC[C@@]21[H],FS(=O)(C(F)(F)F)=O,[H][C@@]12CCC3=CC(OS(=O)(=O)C(F)(F)F)=CC=C3[C@@]1([H])CC[C@]1(C)[C@@H](O)CC[C@@]21[H],C(Cl)Cl,,,1,0.666666667,1,8.9,48,25,0,0,0,0
sufex_001911,1911,0.77,77,CCN(C(C)C)C(C)C,OB(O)C1=CC=C(O)C=C1,FS(=O)(C(F)(F)F)=O,OB(O)C1=CC=C(C=C1)OS(=O)(C(F)(F)F)=O,CC#N,,,1.666666667,0.666666667,1,35.7,12,25,0,0,0,0
sufex_001912,1912,0.81,81,C1CCC2=NCCCN2CC1,CC(=O)CCC1=CC=C(O)C=C1,C#CCOCCOCCN=S(=O)(F)C(F)(F)F,C#CCOCCOCCN=S(=O)(OC1=CC=C(CCC(C)=O)C=C1)C(F)(F)F,CC#N,,,1.5,1.5,1,35.7,1,50,0,0,0,0
sufex_001913,1913,0.8,80,CCN(C(C)C)C(C)C,OC1=C(Br)C=CC=C1,O=N(=O)C1=CC=C(N=S(=O)(F)C(F)(F)F)C=C1,O=N(=O)C1=CC=C(N=S(=O)(OC2=C(Br)C=CC=C2)C(F)(F)F)C=C1,CC#N,,,1.5,1.5,1,35.7,1,25,0,0,0,0
sufex_001914,1914,0.77,77,CCN(C(C)C)C(C)C,OC1=CC=CC=C1,O=S(F)(=NC1=CC=C(Br)C=C1)C(F)(F)F,O=S(=NC1=CC=C(Br)C=C1)(OC1=CC=CC=C1)C(F)(F)F,CC#N,,,1.5,1.5,1,35.7,1,25,0,0,0,0
sufex_001915,1915,0.76,76,CCN(C(C)C)C(C)C,O=C1C=CC(Cl)=CN1,FS(=O)(C(F)(F)F)=O,O=S(=O)(OC1=CC=C(Cl)C=N1)C(F)(F)F,CC#N,,,1,0.666666667,1,35.7,6,25,0,0,0,0
sufex_001916,1916,0.74,74,C1CCC2=NCCCN2CC1,OC1=CC=CC=C1,C#CCOCCOCCN=S(=O)(F)C(F)(F)F,C#CCOCCOCCN=S(=O)(OC1=CC=CC=C1)C(F)(F)F,CC#N,,,1.5,1.5,1,35.7,1,50,0,0,0,0
sufex_001917,1917,0.72,72,CCN(C(C)C)C(C)C,C=CCC1=CC=C(O)C(OC)=C1,O=N(=O)C1=CC=C(N=S(=O)(F)C(F)(F)F)C=C1,C=CCC1=CC(OC)=C(OS(=O)(=NC2=CC=C(N(=O)=O)C=C2)C(F)(F)F)C=C1,CC#N,,,1.5,1.5,1,35.7,1,25,0,0,0,0
sufex_001918,1918,0.67,67,CCN(C(C)C)C(C)C,COC1=CC(C=O)=CC=C1O,O=S(F)(=NC1=CC=C(Br)C=C1)C(F)(F)F,COC1=C(OS(=O)(=NC2=CC=C(Br)C=C2)C(F)(F)F)C=CC(C=O)=C1,CC#N,,,1.5,1.1,1,35.7,1,25,0,0,0,0
sufex_001919,1919,0.61,61,C1CCC2=NCCCN2CC1,COC(=O)[C@@H](N)CC1=CC=C(O)C=C1,C#CCOCCOCCN=S(=O)(F)C(F)(F)F,C#CCOCCOCCN=S(=O)(OC1=CC=C(C[C@H](N)C(=O)OC)C=C1)C(F)(F)F,CC#N,,,1.5,1.5,1,35.7,1,50,0,0,0,0
sufex_001920,1920,0.5,50,CCN(C(C)C)C(C)C,COC(=O)C1=C(O)C=CS1,O=S(F)(=NC1=CC=C(Br)C=C1)C(F)(F)F,COC(=O)C1=C(OS(=O)(=NC2=CC=C(Br)C=C2)C(F)(F)F)C=CS1,CC#N,,,1.5,1.2,1,35.7,3,25,0,0,0,0
sufex_001921,1921,0.54,54,CCN(CC)CC,OC1=C(O)C=CC(CCN)=C1,O=S(F)(F)(F)F,OC1=C(C=CC(CCN=S(F)(F)=O)=C1)O,CC#N,,,2,1,1,35.7,0.5,25,0,0,0,0
sufex_001922,1922,0.94,94,C(=O)([O-])[O-].[Cs+].[Cs+],COC1=CC=C(O)C=C1,O=S(=O)(F)/C=C/C=C/C1=CC=CC=C1,COC1=CC=C(OS(=O)(=O)/C=C/C=C/C2=CC=CC=C2)C=C1,CC#N,,,1,1.1,1,35.7,6,25,0,0,0,0
sufex_001923,1923,0.98,98,C(=O)([O-])[O-].[Cs+].[Cs+],OC1=CC=CC=C1,O=C(C1=CC=C(C2=CC=CC=C2)C=C1)C1=NN(CCS(=O)(=O)F)C=C1,O=C(C1=CC=C(C2=CC=CC=C2)C=C1)C1=NN(CCS(=O)(=O)OC2=CC=CC=C2)C=C1,CC#N,,,1,1,1,35.7,12,25,0,0,0,0
sufex_001924,1924,0.66,66,C(=O)([O-])[O-].[Cs+].[Cs+],CO,O=C(C1=CC=C(C2=CC=CC=C2)C=C1)C1=NN(CCS(=O)(=O)F)C=C1,COS(=O)(=O)CCN1C=CC(C(=O)C2=CC=C(C3=CC=CC=C3)C=C2)=N1,C1CCCO1,,,1,1.2,1,7.4,12,37,0,0,0,0
sufex_001925,1925,1,100,C(=O)([O-])[O-].[Cs+].[Cs+],OC1=CC=CC=C1,C=C(N=[N+]=[N-])C(=O)N1CCN(CCS(=O)(=O)F)CC1,C=C(N=[N+]=[N-])C(=O)N1CCN(CCS(=O)(=O)OC2=CC=CC=C2)CC1,CC#N,,,1.2,1.2,1,35.7,24,25,0,0,0,0
sufex_001926,1926,0.97,97,C(=O)([O-])[O-].[Cs+].[Cs+],COC1=CC=C(O)C=C1,O=S(=O)(F)C/C=C/C1=CC=CC=C1,COC1=CC=C(OS(=O)(=O)C/C=C/C2=CC=CC=C2)C=C1,CC#N,,,1,1.1,1,35.7,12,25,0,0,0,0
sufex_001927,1927,0.92,92,C(=O)([O-])[O-].[Cs+].[Cs+],OC1=CC=CC2=C1C=CC=C2,O=S(=O)(F)CCC1=CC=CC=C1,O=S(=O)(CCC1=CC=CC=C1)OC1=CC=CC2=C1C=CC=C2,CC#N,,,2,2,1,35.7,6,25,0,0,0,0
sufex_001928,1928,0.77,77,C(=O)([O-])[O-].[Cs+].[Cs+],[H][C@@]12CCC3=CC(O)=CC=C3[C@@]1([H])CC[C@]1(C)C(=O)CC[C@@]21[H],O=S(=O)(F)CCC1=CC=CC=C1,[H][C@@]12CCC3=CC(OS(=O)(=O)CCC4=CC=CC=C4)=CC=C3[C@@]1([H])CC[C@]1(C)C(=O)CC[C@@]21[H],CC#N,,,2,2,1,35.7,6,25,0,0,0,0
sufex_001929,1929,0.71,71,[Li+].CC(C)[N-]C(C)C,CC1CCC(=O)C2=CC=CC=C21,O=S(=O)(F)F,CC1CC=C(OS(=O)(=O)F)C2=CC=CC=C21,C1CCCO1,,,1.2,1,1,7.4,1,0,0,0,0,0
sufex_001930,1930,0.67,67,[Li+].CC(C)[N-]C(C)C,O=C1CCOC2=CC=CC=C12,O=S(=O)(F)F,O=S(=O)(F)OC1=CCOC2=CC=CC=C21,C1CCCO1,,,1.2,1,1,7.4,1,0,0,0,0,0
sufex_001931,1931,0.76,76,[Li+].CC(C)[N-]C(C)C,O=C1CCC2=CC=CC=C12,O=S(=O)(F)F,O=S(=O)(F)OC1=CCC2=CC=CC=C21,C1CCCO1,,,1.2,1,1,7.4,1,0,0,0,0,0
sufex_001932,1932,0.88,88,CC(C)(C)[O-].[K+],O=C1CCCC2=C(Cl)C=CC=C12,O=S(=O)(F)F,O=S(=O)(F)OC1=CCCC2=C(Cl)C=CC=C12,C1CCCO1,,,2.2,1,1,7.4,1.5,-78,0,0,0,0
sufex_001933,1933,0.83,83,CC(C)(C)[O-].[K+],O=C1CCCC2=CC=C(F)C=C12,O=S(=O)(F)F,O=S(=O)(F)OC1=CCCC2=CC=C(F)C=C21,C1CCCO1,,,2.2,1,1,7.4,1.5,-78,0,0,0,0
sufex_001934,1934,0.83,83,CC(C)(C)[O-].[K+],O=C1CCCC2=CC(C(F)(F)F)=CC=C12,O=S(=O)(F)F,O=S(=O)(F)OC1=CCCC2=CC(C(F)(F)F)=CC=C21,C1CCCO1,,,2.2,1,1,7.4,1.5,-78,0,0,0,0
sufex_001935,1935,0.8,80,CC(C)(C)[O-].[K+],O=C1CCCC2=CC=CC=C12,O=S(=O)(F)F,O=S(=O)(F)OC1=CCCC2=CC=CC=C21,C1CCCO1,,,2.2,1,1,7.4,1.5,-78,0,0,0,0
sufex_001936,1936,0.79,79,CC(C)(C)[O-].[K+],O=C1CCCC2=CC=C(C3=CC=CC=C3)C=C12,O=S(=O)(F)F,O=S(=O)(F)OC1=CCCC2=CC=C(C3=CC=CC=C3)C=C21,C1CCCO1,,,2.2,1,1,7.4,1.5,-78,0,0,0,0
sufex_001937,1937,0.79,79,CC(C)(C)[O-].[K+],O=C1CCCC2=C(F)C=CC=C12,O=S(=O)(F)F,O=S(=O)(F)OC1=CCCC2=C(F)C=CC=C12,C1CCCO1,,,2.2,1,1,7.4,1.5,-78,0,0,0,0
sufex_001938,1938,0.76,76,CC(C)(C)[O-].[K+],CCC1=CC=C2C(=O)CCCC2=C1,O=S(=O)(F)F,CCC1=CC=C2C(=C1)CCC=C2OS(=O)(=O)F,C1CCCO1,,,2.2,1,1,7.4,1.5,-78,0,0,0,0
sufex_001939,1939,0.74,74,CC(C)(C)[O-].[K+],CC1=C2C(=O)CCCC2=CC=C1,O=S(=O)(F)F,CC1=C2C(=CC=C1)CCC=C2OS(=O)(=O)F,C1CCCO1,,,2.2,1,1,7.4,1.5,-78,0,0,0,0
sufex_001940,1940,0.73,73,CC(C)(C)[O-].[K+],CC1=CC=C2CCCC(=O)C2=C1,O=S(=O)(F)F,CC1=CC=C2CCC=C(OS(=O)(=O)F)C2=C1,C1CCCO1,,,2.2,1,1,7.4,1.5,-78,0,0,0,0
sufex_001941,1941,0.72,72,CC(C)(C)[O-].[K+],O=C1CCCC2=CC=C(C(F)(F)F)C=C12,O=S(=O)(F)F,O=S(=O)(F)OC1=CCCC2=CC=C(C(F)(F)F)C=C21,C1CCCO1,,,2.2,1,1,7.4,1.5,-78,0,0,0,0
sufex_001942,1942,0.71,71,CC(C)(C)[O-].[K+],O=C1CCCCC1,O=S(=O)(F)F,O=S(=O)(F)OC1=CCCCC1,C1CCCO1,,,2.2,1,1,7.4,1.5,-78,0,0,0,0
sufex_001943,1943,0.71,71,CC(C)(C)[O-].[K+],CC(C)(C)C1=CC=C2C(=O)CCCC2=C1,O=S(=O)(F)F,CC(C)(C)C1=CC=C2C(=C1)CCC=C2OS(=O)(=O)F,C1CCCO1,,,2.2,1,1,7.4,1.5,-78,0,0,0,0
sufex_001944,1944,0.69,69,CC(C)(C)[O-].[K+],O=C1CCC2=CC(Br)=CC=C12,O=S(=O)(F)F,O=S(=O)(F)OC1=CCC2=CC(Br)=CC=C21,C1CCCO1,,,2.2,1,1,7.4,1.5,-78,0,0,0,0
sufex_001945,1945,0.69,69,CC(C)(C)[O-].[K+],O=C1CCCC2=CC(Br)=CC=C12,O=S(=O)(F)F,O=S(=O)(F)OC1=CCCC2=CC(Br)=CC=C21,C1CCCO1,,,2.2,1,1,7.4,1.5,-78,0,0,0,0
sufex_001946,1946,0.67,67,CC(C)(C)[O-].[K+],O=C1CCCC2=CC=C(Cl)C=C12,O=S(=O)(F)F,O=S(=O)(F)OC1=CCCC2=CC=C(Cl)C=C21,C1CCCO1,,,2.2,1,1,7.4,1.5,-78,0,0,0,0
sufex_001947,1947,0.67,67,CC(C)(C)[O-].[K+],CCCCCCCCC1=CC=C2CCCC(=O)C2=C1,O=S(=O)(F)F,CCCCCCCCC1=CC=C2CCC=C(OS(=O)(=O)F)C2=C1,C1CCCO1,,,2.2,1,1,7.4,1.5,-78,0,0,0,0
sufex_001948,1948,0.67,67,CC(C)(C)[O-].[K+],CN(C)C1=CC=C2C(=O)CCCC2=C1,O=S(=O)(F)F,CN(C)C1=CC=C2C(=C1)CCC=C2OS(=O)(=O)F,C1CCCO1,,,2.2,1,1,7.4,1.5,-78,0,0,0,0
sufex_001949,1949,0.67,67,CC(C)(C)[O-].[K+],CC1=CC=C2C(=O)CCCC2=C1,O=S(=O)(F)F,CC1=CC=C2C(=C1)CCC=C2OS(=O)(=O)F,C1CCCO1,,,2.2,1,1,7.4,1.5,-78,0,0,0,0
sufex_001950,1950,0.67,67,CC(C)(C)[O-].[K+],O=C1CCCC2=CC(F)=CC=C12,O=S(=O)(F)F,O=S(=O)(F)OC1=CCCC2=CC(F)=CC=C21,C1CCCO1,,,2.2,1,1,7.4,1.5,-78,0,0,0,0
sufex_001951,1951,0.64,64,CC(C)(C)[O-].[K+],O=C1CCCC2=C(Br)C=CC=C12,O=S(=O)(F)F,O=S(=O)(F)OC1=CCCC2=C(Br)C=CC=C12,C1CCCO1,,,2.2,1,1,7.4,1.5,-78,0,0,0,0
sufex_001952,1952,0.61,61,CC(C)(C)[O-].[K+],O=C1CCCC2=CC=C(CCC3=CC=CC=C3)C=C12,O=S(=O)(F)F,O=S(=O)(F)OC1=CCCC2=CC=C(CCC3=CC=CC=C3)C=C21,C1CCCO1,,,2.2,1,1,7.4,1.5,-78,0,0,0,0
sufex_001953,1953,0.57,57,CC(C)(C)[O-].[K+],O=C1CCCC2=C(C3=CC=CC=C3)C=CC=C12,O=S(=O)(F)F,O=S(=O)(F)OC1=CCCC2=C(C3=CC=CC=C3)C=CC=C12,C1CCCO1,,,2.2,1,1,7.4,1.5,-78,0,0,0,0
sufex_001954,1954,0.57,57,CC(C)(C)[O-].[K+],N#CC1=CC=C2C(=O)CCCC2=C1,O=S(=O)(F)F,N#CC1=CC=C2C(=C1)CCC=C2OS(=O)(=O)F,C1CCCO1,,,2.2,1,1,7.4,1.5,-78,0,0,0,0
sufex_001955,1955,0.54,54,CC(C)(C)[O-].[K+],O=C1CCCC2=CC=C(C3=C4OC5=CC=CC=C5C4=CC=C3)C=C12,O=S(=O)(F)F,O=S(=O)(F)OC1=CCCC2=CC=C(C3=C4OC5=CC=CC=C5C4=CC=C3)C=C21,C1CCCO1,,,2.2,1,1,7.4,1.5,-78,0,0,0,0
sufex_001956,1956,0.53,53,CC(C)(C)[O-].[K+],O=C1CCCC2=CC=C(Br)C=C12,O=S(=O)(F)F,O=S(=O)(F)OC1=CCCC2=CC=C(Br)C=C21,C1CCCO1,,,2.2,1,1,7.4,1.5,-78,0,0,0,0
sufex_001957,1957,0.51,51,CC(C)(C)[O-].[K+],O=C1CCCC2=CC(C3=CC=CC=C3)=CC=C12,O=S(=O)(F)F,O=S(=O)(F)OC1=CCCC2=CC(C3=CC=CC=C3)=CC=C21,C1CCCO1,,,2.2,1,1,7.4,1.5,-78,0,0,0,0
sufex_001958,1958,0.48,48,CC(C)(C)[O-].[K+],O=C1CCCC2=CC=C(C3=CC4=C5C=CC=CC5=CC=C4C=C3)C=C12,O=S(=O)(F)F,O=S(=O)(F)OC1=CCCC2=CC=C(C3=CC=CC4=C5C=CC=CC5=CC=C34)C=C21,C1CCCO1,,,2.2,1,1,7.4,1.5,-78,0,0,0,0
sufex_001959,1959,0.47,47,CC(C)(C)[O-].[K+],N#CC1=CC=C2CCCC(=O)C2=C1,O=S(=O)(F)F,N#CC1=CC=C2CCC=C(OS(=O)(=O)F)C2=C1,C1CCCO1,,,2.2,1,1,7.4,1.5,-78,0,0,0,0
sufex_001960,1960,0.45,45,CC(C)(C)[O-].[K+],CC(=O)C1=CC=CC=C1,O=S(=O)(F)F,C=C(OS(=O)(=O)F)C1=CC=CC=C1,C1CCCO1,,,2.2,1,1,7.4,1.5,-78,0,0,0,0
sufex_001961,1961,0.44,44,CC(C)(C)[O-].[K+],N#CC1=C2CCCC(=O)C2=CC=C1,O=S(=O)(F)F,N#CC1=C2CCC=C(OS(=O)(=O)F)C2=CC=C1,C1CCCO1,,,2.2,1,1,7.4,1.5,-78,0,0,0,0
sufex_001962,1962,0.75,75,CC(C)(C)[O-].[K+],O=C(C1=CC=C2)CCCC1=C2C(F)(F)F,O=S(=O)(F)F,O=S(OC(C1=CC=C2)=CCCC1=C2C(F)(F)F)(F)=O,C1CCCO1,,,2.2,1,1,7.4,1.5,-78,0,0,0,0
sufex_001963,1963,0.97,97,C12=NCCCN1CCCCC2,OC1=CC=C(OC)C=C1,[H]C12C3([H])C4([H])C5([H])C1([H])[Fe]23456789C%10([H])C6([H])C7([H])C8([H])C%109S(F)(=O)=O,[H]C12C3(C4(C5(C1([Fe]23456789C%10(C6(C7(C8(C%109S(=O)(OC%11=CC=C(OC)C=C%11)=O)[H])[H])[H])[H])[H])[H])[H])[H],CC#N,,,3,2,1,35.7,14,80,0,0,0,0
sufex_001964,1964,0.97,97,[O-]C([O-])=O.[Cs+].[Cs+],OC1=CC=C(OC)C=C1,[H]C12C3([H])C4([H])C5([H])C1([H])[Fe]23456789C%10([H])C6([H])C7([H])C8([H])C%109S(F)(=O)=O,[H]C12C3(C4(C5(C1([Fe]23456789C%10(C6(C7(C8(C%109S(=O)(OC%11=CC=C(OC)C=C%11)=O)[H])[H])[H])[H])[H])[H])[H])[H],CC#N,,,3,2,1,35.7,14,25,0,0,0,0
sufex_001965,1965,0.99,99,[Na+].[H-],CC(C)O,[H]C12C3([H])C4([H])C5([H])C1([H])[Fe]23456789C%10([H])C6([H])C7([H])C8([H])C%109S(F)(=O)=O,[H]C12C3(C4(C5(C1([Fe]23456789C%10(C6(C7(C8(C%109S(=O)(OC(C)C)=O)[H])[H])[H])[H])[H])[H])[H])[H],C1CCCO1,,,3,2,1,7.4,0.5,25,0,0,0,0
sufex_001966,1966,0.89,89,[Na+].[H-],CC(C)O,[H]C12C3(C4(C5(C1([Fe]23456789C%10(C6(C7(C8(C%109S(=O)(F)=O)[H])I)[H])[H])[H])[H])[H])[H],[H]C12C3(C4(C5(C1([Fe]23456789C%10(C6(C7(C8(C%109S(=O)(OC(C)C)=O)[H])I)[H])[H])[H])[H])[H])[H],C1CCCO1,,,3,2,1,7.4,0.5,25,0,0,0,0
sufex_001967,1967,0,0,[O-]C([O-])=O.[Cs+].[Cs+],OC(C(F)(F)F)C(F)(F)F,[H]C12C3([H])C4([H])C5([H])C1([H])[Fe]23456789C%10([H])C6([H])C7([H])C8([H])C%109S(F)(=O)=O,[H]C12C3(C4(C5(C1([Fe]23456789C%10(C6(C7(C8(C%109S(OC(C(F)(F)F)C(F)(F)F)(=O)=O)[H])[H])[H])[H])[H])[H])[H])[H],CC#N,,,3,2,1,35.7,14,25,0,0,0,0
sufex_001968,1968,0.05,5,[Na+].[H-],OC(C(F)(F)F)C(F)(F)F,[H]C12C3([H])C4([H])C5([H])C1([H])[Fe]23456789C%10([H])C6([H])C7([H])C8([H])C%109S(F)(=O)=O,[H]C12C3(C4(C5(C1([Fe]23456789C%10(C6(C7(C8(C%109S(OC(C(F)(F)F)C(F)(F)F)(=O)=O)[H])[H])[H])[H])[H])[H])[H])[H],C1CCCO1,,,3,2,1,7.4,14,25,0,0,0,0
sufex_001969,1969,0.11,11,[O-]C([O-])=O.[Cs+].[Cs+],OC(C(F)(F)F)C(F)(F)F,[H]C12C3([H])C4([H])C5([H])C1([H])[Fe]23456789C%10([H])C6([H])C7([H])C8([H])C%109S(F)(=O)=O,[H]C12C3(C4(C5(C1([Fe]23456789C%10(C6(C7(C8(C%109S(OC(C(F)(F)F)C(F)(F)F)(=O)=O)[H])[H])[H])[H])[H])[H])[H])[H],CC#N,,,3,2,1,35.7,14,80,0,0,0,0
sufex_001970,1970,0.31,31,[Na+].[H-],OC1CCCC1,[H]C12C3(C4(C5(C1([Fe]23456789C%10(C6(C7(C8(C%109S(=O)(F)=O)F)Cl)[H])[H])[H])[H])[H])[H],[H]C12C3(C4(C5(C1([Fe]23456789C%10(C6(C7(C8(C%109S(=O)(OC%11CCCC%11)=O)F)Cl)[H])[H])[H])[H])[H])[H],C1CCCO1,,,3,6,1,7.4,0.5,25,0,0,0,0
sufex_001971,1971,1,100,CC(C)(C)N=C(N(C)C)N(C)C,C#CC1=CC(O)=CC=C1,O=S(=O)(F)OC1=CC(C(F)(F)F)=CC=C1,C#CC1=CC=CC(OS(=O)(=O)OC2=CC(C(F)(F)F)=CC=C2)=C1,CC#N,,C[Si](C)(C)N[Si](C)(C)C,0.2,1,1,35.7,0.5,25,0,1,0,0
sufex_001972,1972,1,100,CC(C)(C)N=C(N(C)C)N(C)C,C#CC1=CC(O)=CC=C1,CC(C)(C1=CC=CC=C1)C1=CC=C(OS(=O)(=O)F)C=C1,C#CC1=CC=CC(OS(=O)(=O)OC2=CC=C(C(C)(C)C3=CC=CC=C3)C=C2)=C1,CC#N,,C[Si](C)(C)N[Si](C)(C)C,0.2,1,1,35.7,0.5,25,0,1,0,0
sufex_001973,1973,1,100,CC(C)(C)N=C(N(C)C)N(C)C,C#CC1=CC(O)=CC=C1,CC(=O)NC1=CC=C(N=S(=O)(F)F)C=C1,C#CC1=CC=CC(OS(=O)(F)=NC2=CC=C(NC(C)=O)C=C2)=C1,CC#N,,C[Si](C)(C)N[Si](C)(C)C,0.05,1,1,35.7,0.083,25,0,1,0,0
sufex_001974,1974,1,100,CC(C)(C)N=C(N(C)C)N(C)C,N#CCC1=CC=C(O)C=C1,COC1=CC=C(S(=O)(=O)F)C=C1,COC1=CC=C(S(=O)(=O)OC2=CC=C(CC#N)C=C2)C=C1,CC#N,,C[Si](C)(C)N[Si](C)(C)C,0.1,1,1,35.7,0.5,25,0,1,0,0
sufex_001975,1975,1,100,CC(C)(C)N=C(N(C)C)N(C)C,N#CCC1=CC=C(O)C=C1,CC1=CC=C(S(=O)(=O)F)C=C1,CC1=CC=C(S(=O)(=O)OC2=CC=C(CC#N)C=C2)C=C1,CC#N,,C[Si](C)(C)N[Si](C)(C)C,0.01,1,1,35.7,0.083,25,0,1,0,0
sufex_001976,1976,1,100,CC(C)(C)N=C(N(C)C)N(C)C,COC(=O)C1=CC(O)=CC=C1,COC1=CC=C(S(=O)(=O)F)C=C1,COC(=O)C1=CC=CC(OS(=O)(=O)C2=CC=C(OC)C=C2)=C1,CC#N,,C[Si](C)(C)N[Si](C)(C)C,0.1,1,1,35.7,1,25,0,1,0,0
sufex_001977,1977,1,100,CC(C)(C)N=C(N(C)C)N(C)C,CC1=C(F)C=C(O)C=C1,CC(C)(C1=CC=CC=C1)C1=CC=C(OS(=O)(=O)F)C=C1,CC1=C(F)C=C(OS(=O)(=O)OC2=CC=C(C(C)(C)C3=CC=CC=C3)C=C2)C=C1,CC#N,,C[Si](C)(C)N[Si](C)(C)C,0.2,1,1,35.7,0.5,25,0,1,0,0
sufex_001978,1978,1,100,CC(C)(C)N=C(N(C)C)N(C)C,OC1=CC=C(SC(F)(F)F)C=C1,O=S(=O)(F)OC1=CC=C(F)C=C1,O=S(=O)(OC1=CC=C(F)C=C1)OC1=CC=C(SC(F)(F)F)C=C1,CC#N,,C[Si](C)(C)N[Si](C)(C)C,0.2,1,1,35.7,0.5,25,0,1,0,0
sufex_001979,1979,1,100,CC(C)(C)N=C(N(C)C)N(C)C,OC1=CC=C(SC(F)(F)F)C=C1,CCCOC1=C(OC)C=C(C2=NOC(S(=O)(=O)F)=C2)C=C1,CCCOC1=C(OC)C=C(C2=NOC(S(=O)(=O)OC3=CC=C(SC(F)(F)F)C=C3)=C2)C=C1,CC#N,,C[Si](C)(C)N[Si](C)(C)C,0.05,1,1,35.7,0.083,25,0,1,0,0
sufex_001980,1980,1,100,CC(C)(C)N=C(N(C)C)N(C)C,OC1=CC=C2OCOC2=C1,CC(=O)NC1=CC=C(N=S(=O)(F)F)C=C1,CC(=O)NC1=CC=C(N=S(=O)(F)OC2=CC=C3OCOC3=C2)C=C1,CC#N,,C[Si](C)(C)N[Si](C)(C)C,0.05,1,1,35.7,0.083,25,0,1,0,0
sufex_001981,1981,1,100,CC(C)(C)N=C(N(C)C)N(C)C,O=N(=O)C1=CC(O)=CC=C1,CC(=O)NC1=CC=C(N=S(=O)(F)F)C=C1,CC(=O)NC1=CC=C(N=S(=O)(F)OC2=CC(N(=O)=O)=CC=C2)C=C1,CC#N,,C[Si](C)(C)N[Si](C)(C)C,0.05,1,1,35.7,0.083,25,0,1,0,0
sufex_001982,1982,1,100,CC(C)(C)N=C(N(C)C)N(C)C,CN(C)C1=CC(O)=CC=C1,CC(C)(C)OC(=O)NC1=CC=C(N=S(=O)(F)F)C=C1,CN(C)C1=CC=CC(OS(=O)(F)=NC2=CC=C(NC(=O)OC(C)(C)C)C=C2)=C1,CC#N,,C[Si](C)(C)N[Si](C)(C)C,0.05,1,1,35.7,0.083,25,0,1,0,0
sufex_001983,1983,1,100,CC(C)(C)N=C(N(C)C)N(C)C,CC1=C(O)C=CC=C1,O=S(=O)(F)CC1=CC=CC=C1,CC1=C(OS(=O)(=O)CC2=CC=CC=C2)C=CC=C1,CC#N,,C[Si](C)(C)N[Si](C)(C)C,0.1,0.5,1,35.7,0.5,60,0,0.5,0,1
sufex_001984,1984,1,100,CC(C)(C)N=C(N(C)C)N(C)C,CCO,O=S(=O)(F)C1=CC=C(F)C=C1,CCOS(=O)(=O)C1=CC=C(F)C=C1,CC#N,,C[Si](C)(C)N[Si](C)(C)C,0.2,1,1,35.7,0.5,25,0,1,0,0
sufex_001985,1985,1,100,CC(C)(C)N=C(N(C)C)N(C)C,OC1=CC=C(SC(F)(F)F)C=C1,O=N(=O)C1=C(S(=O)(=O)F)C=CC=C1,O=N(=O)C1=C(S(=O)(=O)OC2=CC=C(SC(F)(F)F)C=C2)C=CC=C1,CC#N,,C[Si](C)(C)N[Si](C)(C)C,0.01,1,1,35.7,0.083,25,0,1,0,0
sufex_001986,1986,1,100,CC(C)(C)N=C(N(C)C)N(C)C,OC1=CC=C2OCOC2=C1,O=N(=O)C1=C(S(=O)(=O)F)C=CC=C1,O=N(=O)C1=C(S(=O)(=O)OC2=CC=C3OCOC3=C2)C=CC=C1,CC#N,,C[Si](C)(C)N[Si](C)(C)C,0.01,1,1,35.7,0.083,25,0,1,0,0
sufex_001987,1987,1,100,CC(C)(C)N=C(N(C)C)N(C)C,OC1=CC=CC(S(F)(F)(F)(F)F)=C1,O=N(=O)C1=C(S(=O)(=O)F)C=CC=C1,O=N(=O)C1=C(S(=O)(=O)OC2=CC(S(F)(F)(F)(F)F)=CC=C2)C=CC=C1,CC#N,,C[Si](C)(C)N[Si](C)(C)C,0.01,1,1,35.7,0.083,25,0,1,0,0
sufex_001988,1988,1,100,CC(C)(C)N=C(N(C)C)N(C)C,COC1=C(F)C=C(O)C=C1,O=S(=O)(F)C1=CC=CC2=C1N=CC=C2,COC1=C(F)C=C(OS(=O)(=O)C2=CC=CC3=C2N=CC=C3)C=C1,CC#N,,C[Si](C)(C)N[Si](C)(C)C,0.05,1,1,35.7,0.5,25,0,1,0,0
sufex_001989,1989,1,100,CC(C)(C)N=C(N(C)C)N(C)C,OC1=CC=C2OCOC2=C1,CC1=CC=C(S(=O)(=O)F)C=C1,CC1=CC=C(S(=O)(=O)OC2=CC=C3OCOC3=C2)C=C1,CC#N,,C[Si](C)(C)N[Si](C)(C)C,0.01,1,1,35.7,0.17,25,0,1,0,0
sufex_001990,1990,1,100,CC(C)(C)N=C(N(C)C)N(C)C,OC1=CC=C(SC(F)(F)F)C=C1,O=S(=O)(F)C1=CC=C(C(F)(F)F)C=C1,O=S(=O)(OC1=CC=C(SC(F)(F)F)C=C1)C1=CC=C(C(F)(F)F)C=C1,CC#N,,C[Si](C)(C)N[Si](C)(C)C,0.01,1,1,35.7,0.083,25,0,1,0,0
sufex_001991,1991,1,100,CC(C)(C)N=C(N(C)C)N(C)C,OC1=CC=C2OCOC2=C1,O=S(=O)(F)C1=CC=C(C(F)(F)F)C=C1,O=S(=O)(OC1=CC=C2OCOC2=C1)C1=CC=C(C(F)(F)F)C=C1,CC#N,,C[Si](C)(C)N[Si](C)(C)C,0.01,1,1,35.7,0.083,25,0,1,0,0
sufex_001992,1992,1,100,CC(C)(C)N=C(N(C)C)N(C)C,OC1=CC=C2OCOC2=C1,O=S(=O)(F)F,O=S(=O)(F)OC1=CC=C2OCOC2=C1,CC#N,,C[Si](C)(C)N[Si](C)(C)C,0.05,1,1,35.7,0.25,25,0,1,0,0
sufex_001993,1993,1,100,CC(C)(C)N=C(N(C)C)N(C)C,C=CCC1=CC=C(O)C(OC)=C1,O=S(=O)(F)F,C=CCC1=CC(OC)=C(OS(=O)(=O)F)C=C1,CC#N,,C[Si](C)(C)N[Si](C)(C)C,0.05,1,1,35.7,0.083,25,0,1,0,0
sufex_001994,1994,0.99,99,CC(C)(C)N=C(N(C)C)N(C)C,OC1=CC=CC(C2=CC=CC=C2)=C1,O=S(=O)(F)C1CC1,O=S(=O)(OC1=CC=CC(C2=CC=CC=C2)=C1)C1CC1,CC#N,,C[Si](C)(C)N[Si](C)(C)C,0.1,0.5,1,35.7,0.5,60,0,0.5,0,1
sufex_001995,1995,0.99,99,CC(C)(C)N=C(N(C)C)N(C)C,O=N(=O)C1=CC(O)=CC=C1,O=S(=O)(F)C1=CC=C(C(F)(F)F)C=C1,O=N(=O)C1=CC=CC(OS(=O)(=O)C2=CC=C(C(F)(F)F)C=C2)=C1,CC#N,,C[Si](C)(C)N[Si](C)(C)C,0.01,1,1,35.7,0.083,25,0,1,0,0
sufex_001996,1996,0.98,98,CC(C)(C)N=C(N(C)C)N(C)C,OCCC1=C(F)C=CC=C1,N#CC1=CC=C(S(=O)(=O)F)C=C1,N#CC1=CC=C(S(=O)(=O)OCCC2=C(F)C=CC=C2)C=C1,CC#N,,C[Si](C)(C)N[Si](C)(C)C,0.2,1,1,35.7,0.5,25,0,1,0,0
sufex_001997,1997,0.98,98,CC(C)(C)N=C(N(C)C)N(C)C,CC(C)(C1=CC=CC=C1)C1=CC=C(O)C=C1,O=S(=O)(F)F,CC(C)(C1=CC=CC=C1)C1=CC=C(OS(=O)(=O)F)C=C1,CC#N,,C[Si](C)(C)N[Si](C)(C)C,0.05,1,1,35.7,0.25,25,0,1,0,0
sufex_001998,1998,0.97,97,CC(C)(C)N=C(N(C)C)N(C)C,C#CC1=CC(O)=CC=C1,O=S(=O)(F)OC1=CC=C(F)C=C1,C#CC1=CC=CC(OS(=O)(=O)OC2=CC=C(F)C=C2)=C1,CC#N,,C[Si](C)(C)N[Si](C)(C)C,0.2,1,1,35.7,0.5,25,0,1,0,0
sufex_001999,1999,0.97,97,CC(C)(C)N=C(N(C)C)N(C)C,CSC1=CC=C(O)C=C1,O=S(=O)(F)OC1=CC=C(F)C=C1,CSC1=CC=C(OS(=O)(=O)OC2=CC=C(F)C=C2)C=C1,CC#N,,C[Si](C)(C)N[Si](C)(C)C,0.2,1,1,35.7,0.33,25,0,1,0,0
sufex_002000,2000,0.97,97,CC(C)(C)N=C(N(C)C)N(C)C,CSC1=CC=C(O)C=C1,CC1=CC=C(S(=O)(=O)F)C=C1,CSC1=CC=C(OS(=O)(=O)C2=CC=C(C)C=C2)C=C1,CC#N,,C[Si](C)(C)N[Si](C)(C)C,0.05,1,1,35.7,0.5,25,0,1,0,0
sufex_002001,2001,0.97,97,CC(C)(C)N=C(N(C)C)N(C)C,OCCOC1=CC=CC=C1,O=S(=O)(F)C1=CC2=C(C=CC=C2)C=C1,O=S(=O)(OCCOC1=CC=CC=C1)C1=CC2=C(C=CC=C2)C=C1,CC#N,,C[Si](C)(C)N[Si](C)(C)C,0.2,1,1,35.7,0.5,25,0,1,0,0
sufex_002002,2002,0.97,97,CC(C)(C)N=C(N(C)C)N(C)C,COC(=O)C1=CC(O)=CC=C1,O=S(=O)(F)OC1=CC(C(F)(F)F)=CC=C1,COC(=O)C1=CC=CC(OS(=O)(=O)OC2=CC(C(F)(F)F)=CC=C2)=C1,CC#N,,C[Si](C)(C)N[Si](C)(C)C,0.2,1,1,35.7,0.5,25,0,1,0,0
sufex_002003,2003,0.97,97,CC(C)(C)N=C(N(C)C)N(C)C,N#CCC1=CC=C(O)C=C1,CC1=CC(Br)=C(OS(=O)(=O)F)C=C1,CC1=CC(Br)=C(OS(=O)(=O)OC2=CC=C(CC#N)C=C2)C=C1,CC#N,,C[Si](C)(C)N[Si](C)(C)C,0.2,1,1,35.7,0.5,25,0,1,0,0
sufex_002004,2004,0.97,97,CC(C)(C)N=C(N(C)C)N(C)C,CN(C)C1=CC(O)=CC=C1,COC1=C(OS(=O)(=O)F)C=CC(C=O)=C1,COC1=C(OS(=O)(=O)OC2=CC(N(C)C)=CC=C2)C=CC(C=O)=C1,CC#N,,C[Si](C)(C)N[Si](C)(C)C,0.2,1,1,35.7,0.5,25,0,1,0,0
sufex_002005,2005,0.97,97,CC(C)(C)N=C(N(C)C)N(C)C,OC1=CC=C2OCOC2=C1,O=S(=O)(F)OC1=CC=C(F)C=C1,O=S(=O)(OC1=CC=C(F)C=C1)OC1=CC=C2OCOC2=C1,CC#N,,C[Si](C)(C)N[Si](C)(C)C,0.2,1,1,35.7,0.5,25,0,1,0,0
sufex_002006,2006,0.97,97,CC(C)(C)N=C(N(C)C)N(C)C,COC1=C(F)C=C(O)C=C1,CC1=CC=C(S(=O)(=O)F)C=C1,COC1=C(F)C=C(OS(=O)(=O)C2=CC=C(C)C=C2)C=C1,CC#N,,C[Si](C)(C)N[Si](C)(C)C,0.01,1,1,35.7,0.083,25,0,1,0,0
sufex_002007,2007,0.97,97,CC(C)(C)N=C(N(C)C)N(C)C,CN(C)C1=CC(O)=CC=C1,CC1=CC=C(S(=O)(=O)F)C=C1,CC1=CC=C(S(=O)(=O)OC2=CC(N(C)C)=CC=C2)C=C1,CC#N,,C[Si](C)(C)N[Si](C)(C)C,0.01,1,1,35.7,0.083,25,0,1,0,0
sufex_002008,2008,0.97,97,CC(C)(C)N=C(N(C)C)N(C)C,CN(C)C1=CC(O)=CC=C1,O=S(=O)(F)C1=CC=CC2=C1N=CC=C2,CN(C)C1=CC=CC(OS(=O)(=O)C2=CC=CC3=C2N=CC=C3)=C1,CC#N,,C[Si](C)(C)N[Si](C)(C)C,0.05,1,1,35.7,0.5,25,0,1,0,0
sufex_002009,2009,0.96,96,CC(C)(C)N=C(N(C)C)N(C)C,OCCOC1=CC=CC=C1,O=S(=O)(F)C1=C(F)C(Cl)=CC=C1,O=S(=O)(OCCOC1=CC=CC=C1)C1=C(F)C(Cl)=CC=C1,CC#N,,C[Si](C)(C)N[Si](C)(C)C,0.2,1,1,35.7,0.5,25,0,1,0,0
sufex_002010,2010,0.95,95,CC(C)(C)N=C(N(C)C)N(C)C,CSC1=CC=C(O)C=C1,O=S(=O)(F)C1=CC=C(F)C(C(F)(F)F)=C1,CSC1=CC=C(OS(=O)(=O)C2=CC(C(F)(F)F)=C(F)C=C2)C=C1,CC#N,,C[Si](C)(C)N[Si](C)(C)C,0.01,1,1,35.7,0.083,25,0,1,0,0
sufex_002011,2011,0.95,95,CC(C)(C)N=C(N(C)C)N(C)C,COC1=CC(C=O)=CC=C1O,O=S(=O)(F)F,COC1=C(OS(=O)(=O)F)C=CC(C=O)=C1,CC#N,,C[Si](C)(C)N[Si](C)(C)C,0.05,1,1,35.7,0.25,25,0,1,0,0
sufex_002012,2012,0.95,95,CC(C)(C)N=C(N(C)C)N(C)C,COC1=C(F)C=C(O)C=C1,O=S(=O)(F)OC1=CC(C(F)(F)F)=CC=C1,COC1=C(F)C=C(OS(=O)(=O)OC2=CC(C(F)(F)F)=CC=C2)C=C1,CC#N,,C[Si](C)(C)N[Si](C)(C)C,0.2,1,1,35.7,0.5,25,0,1,0,0
sufex_002013,2013,0.95,95,CC(C)(C)N=C(N(C)C)N(C)C,N#CCC1=CC=C(O)C=C1,O=S(=O)(F)F,N#CCC1=CC=C(OS(=O)(=O)F)C=C1,CC#N,,C[Si](C)(C)N[Si](C)(C)C,0.05,1,1,35.7,0.25,25,0,1,0,0
sufex_002014,2014,0.95,95,CC(C)(C)N=C(N(C)C)N(C)C,CN(C)C1=CC(O)=CC=C1,CC(C)(C1=CC=CC=C1)C1=CC=C(OS(=O)(=O)F)C=C1,CN(C)C1=CC=CC(OS(=O)(=O)OC2=CC=C(C(C)(C)C3=CC=CC=C3)C=C2)=C1,CC#N,,C[Si](C)(C)N[Si](C)(C)C,0.2,1,1,35.7,0.5,25,0,1,0,0
sufex_002015,2015,0.95,95,CC(C)(C)N=C(N(C)C)N(C)C,COC1=C(F)C=C(O)C=C1,CC1=CC(Br)=C(OS(=O)(=O)F)C=C1,COC1=C(F)C=C(OS(=O)(=O)OC2=C(Br)C=C(C)C=C2)C=C1,CC#N,,C[Si](C)(C)N[Si](C)(C)C,0.2,1,1,35.7,0.5,25,0,1,0,0
sufex_002016,2016,0.95,95,CC(C)(C)N=C(N(C)C)N(C)C,OC1=CC=CC(OC(F)(F)F)=C1,O=S(=O)(F)C1=CC=C(C(F)(F)F)C=C1,O=S(=O)(OC1=CC(OC(F)(F)F)=CC=C1)C1=CC=C(C(F)(F)F)C=C1,CC#N,,C[Si](C)(C)N[Si](C)(C)C,0.01,1,1,35.7,0.083,25,0,1,0,0
sufex_002017,2017,0.94,94,CC(C)(C)N=C(N(C)C)N(C)C,OC1=CC=CC=C1,O=C1C2=CC=CC=C2C(=O)N1CCS(=O)(=O)F,O=C1C2=CC=CC=C2C(=O)N1CCS(=O)(=O)OC1=CC=CC=C1,CC#N,,C[Si](C)(C)N[Si](C)(C)C,0.2,1,1,35.7,0.5,60,0,1,0,1
sufex_002018,2018,0.94,94,CC(C)(C)N=C(N(C)C)N(C)C,N#CCC1=CC=C(O)C=C1,O=S(=O)(F)OC1=CC(C(F)(F)F)=CC=C1,N#CCC1=CC=C(OS(=O)(=O)OC2=CC=CC(C(F)(F)F)=C2)C=C1,CC#N,,C[Si](C)(C)N[Si](C)(C)C,0.2,1,1,35.7,0.5,25,0,1,0,0
sufex_002019,2019,0.94,94,CC(C)(C)N=C(N(C)C)N(C)C,COC1=C(F)C=C(O)C=C1,CC(=O)C1=CC=C(N=S(=O)(F)F)C=C1,COC1=C(F)C=C(OS(=O)(F)=NC2=CC=C(C(C)=O)C=C2)C=C1,CC#N,,C[Si](C)(C)N[Si](C)(C)C,0.05,1,1,35.7,0.083,25,0,1,0,0
sufex_002020,2020,0.94,94,CC(C)(C)N=C(N(C)C)N(C)C,COC1=C(F)C=C(O)C=C1,COC1=CC=C(S(=O)(=O)F)C=C1,COC1=CC=C(S(=O)(=O)OC2=CC(F)=C(OC)C=C2)C=C1,CC#N,,C[Si](C)(C)N[Si](C)(C)C,0.1,1,1,35.7,1,25,0,1,0,0
sufex_002021,2021,0.94,94,CC(C)(C)N=C(N(C)C)N(C)C,CN(C)C1=CC(O)=CC=C1,COC1=CC=C(S(=O)(=O)F)C=C1,COC1=CC=C(S(=O)(=O)OC2=CC(N(C)C)=CC=C2)C=C1,CC#N,,C[Si](C)(C)N[Si](C)(C)C,0.1,1,1,35.7,0.5,25,0,1,0,0
sufex_002022,2022,0.92,92,CC(C)(C)N=C(N(C)C)N(C)C,OC1=CC=CC(C2=CC=CC=C2)=C1,O=S(=O)(F)F,O=S(=O)(F)OC1=CC=CC(C2=CC=CC=C2)=C1,CC#N,,C[Si](C)(C)N[Si](C)(C)C,0.05,1,1,35.7,0.25,25,0,1,0,0
sufex_002023,2023,0.92,92,CC(C)(C)N=C(N(C)C)N(C)C,OCCC1=CC=CC=C1,O=S(=O)(F)C1=C(Br)C=CC=C1,O=S(=O)(OCCC1=CC=CC=C1)C1=C(Br)C=CC=C1,CC#N,,C[Si](C)(C)N[Si](C)(C)C,0.2,1,1,35.7,0.5,25,0,1,0,0
sufex_002024,2024,0.92,92,CC(C)(C)N=C(N(C)C)N(C)C,COC1=C(F)C=C(O)C=C1,O=S(=O)(F)C1=CC=C(F)C(C(F)(F)F)=C1,COC1=C(F)C=C(OS(=O)(=O)C2=CC(C(F)(F)F)=C(F)C=C2)C=C1,CC#N,,C[Si](C)(C)N[Si](C)(C)C,0.05,1,1,35.7,0.5,25,0,1,0,0
sufex_002025,2025,0.92,92,CC(C)(C)N=C(N(C)C)N(C)C,CC1=C(O)C=CC=C1,O=C1C2=CC=CC=C2C(=O)N1CCS(=O)(=O)F,CC1=C(OS(=O)(=O)CCN2C(=O)C3=CC=CC=C3C2=O)C=CC=C1,CC#N,,C[Si](C)(C)N[Si](C)(C)C,0.1,0.5,1,35.7,0.5,60,0,0.5,0,1
sufex_002026,2026,0.92,92,CC(C)(C)N=C(N(C)C)N(C)C,OC1CCOCC1,O=S(=O)(F)C1=CC2=C(C=CC=C2)C=C1,O=S(=O)(OC1CCOCC1)C1=CC2=C(C=CC=C2)C=C1,CC#N,,C[Si](C)(C)N[Si](C)(C)C,0.1,0.5,1,35.7,0.5,60,0,0.5,0,1
sufex_002027,2027,0.92,92,CC(C)(C)N=C(N(C)C)N(C)C,OCCC1=C(F)C=CC=C1,O=S(=O)(F)C1=CC=C(C(F)(F)F)C=C1,O=S(=O)(OCCC1=C(F)C=CC=C1)C1=CC=C(C(F)(F)F)C=C1,CC#N,,C[Si](C)(C)N[Si](C)(C)C,0.2,1,1,35.7,0.5,25,0,1,0,0
sufex_002028,2028,0.91,91,CC(C)(C)N=C(N(C)C)N(C)C,C#CC1=CC(O)=CC=C1,CC(=O)C1=CC=C(N=S(=O)(F)F)C=C1,C#CC1=CC=CC(OS(=O)(F)=NC2=CC=C(C(C)=O)C=C2)=C1,CC#N,,C[Si](C)(C)N[Si](C)(C)C,0.05,1,1,35.7,0.083,25,0,1,0,0
sufex_002029,2029,0.91,91,CC(C)(C)N=C(N(C)C)N(C)C,CC(C)(C1=CC=CC=C1)C1=CC=C(O)C=C1,C=CCC1=CC(OC)=C(OS(=O)(=O)F)C=C1,C=CCC1=CC(OC)=C(OS(=O)(=O)OC2=CC=C(C(C)(C)C3=CC=CC=C3)C=C2)C=C1,CC#N,,C[Si](C)(C)N[Si](C)(C)C,0.2,1,1,35.7,0.5,25,0,1,0,0
sufex_002030,2030,0.9,90,CC(C)(C)N=C(N(C)C)N(C)C,OC1=CC=C(Br)C=C1,O=S(=O)(F)CC1=CC=CC=C1,O=S(=O)(CC1=CC=CC=C1)OC1=CC=C(Br)C=C1,CC#N,,C[Si](C)(C)N[Si](C)(C)C,0.1,0.5,1,35.7,0.5,60,0,0.5,0,1
sufex_002031,2031,0.9,90,CC(C)(C)N=C(N(C)C)N(C)C,OC1=CC=CC(S(F)(F)(F)(F)F)=C1,O=S(=O)(F)OC1=CC=C(F)C=C1,O=S(=O)(OC1=CC=C(F)C=C1)OC1=CC(S(F)(F)(F)(F)F)=CC=C1,CC#N,,C[Si](C)(C)N[Si](C)(C)C,0.2,1,1,35.7,0.33,25,0,1,0,0
sufex_002032,2032,0.89,89,CC(C)(C)N=C(N(C)C)N(C)C,OC1=CC=CC=C1,O=S(=O)(F)C1=CC=C(C(F)(F)F)C=C1,O=S(=O)(OC1=CC=CC=C1)C1=CC=C(C(F)(F)F)C=C1,CC#N,,C[Si](C)(C)N[Si](C)(C)C,0.01,1,1,35.7,0.083,25,0,1,0,0
sufex_002033,2033,0.88,88,CC(C)(C)N=C(N(C)C)N(C)C,OC1=CC=C2OCOC2=C1,COC1=CC=C(C2=C(S(=O)(=O)F)C3C=CC2C3)C=C1,COC1=CC=C(C2=C(S(=O)(=O)OC3=CC=C4OCOC4=C3)C3C=CC2C3)C=C1,CC#N,,C[Si](C)(C)N[Si](C)(C)C,0.05,1,1,35.7,0.083,25,0,1,0,0
sufex_002034,2034,0.87,87,CC(C)(C)N=C(N(C)C)N(C)C,CC1=CC(C(C)(C)C)=C(O)C(C)=C1CC1=NCCN1,O=S(=O)(F)F,CC1=CC(C(C)(C)C)=C(OS(=O)(=O)F)C(C)=C1CC1=NCCN1,CC#N,,C[Si](C)(C)N[Si](C)(C)C,0.05,1,1,35.7,0.25,25,0,1,0,0
sufex_002035,2035,0.87,87,CC(C)(C)N=C(N(C)C)N(C)C,CN(C)C1=CC(O)=CC=C1,O=S(=O)(F)CC1=CC=CC=C1,CN(C)C1=CC=CC(OS(=O)(=O)CC2=CC=CC=C2)=C1,CC#N,,C[Si](C)(C)N[Si](C)(C)C,0.1,0.5,1,35.7,0.5,60,0,0.5,0,1
sufex_002036,2036,0.86,86,CC(C)(C)N=C(N(C)C)N(C)C,CC1=CC(C)=CC(O)=C1,O=S(=O)(F)C1CC1,CC1=CC(C)=CC(OS(=O)(=O)C2CC2)=C1,CC#N,,C[Si](C)(C)N[Si](C)(C)C,0.1,0.5,1,35.7,0.5,60,0,0.5,0,1
sufex_002037,2037,0.86,86,CC(C)(C)N=C(N(C)C)N(C)C,OC1=CC=CC=C1,O=S(=O)(F)C1CC1,O=S(=O)(OC1=CC=CC=C1)C1CC1,CC#N,,C[Si](C)(C)N[Si](C)(C)C,0.1,0.5,1,35.7,0.5,60,0,0.5,0,1
sufex_002038,2038,0.86,86,CC(C)(C)N=C(N(C)C)N(C)C,COC1=C(F)C=C(O)C=C1,O=S(=O)(F)OC1=CC=CC2=C1N=CC=C2,COC1=C(F)C=C(OS(=O)(=O)OC2=CC=CC3=C2N=CC=C3)C=C1,CC#N,,C[Si](C)(C)N[Si](C)(C)C,0.2,1,1,35.7,0.5,25,0,1,0,0
sufex_002039,2039,0.86,86,CC(C)(C)N=C(N(C)C)N(C)C,N#CC1=CC(F)=CC(O)=C1,O=S(=O)(F)C1=CC=C(C(F)(F)F)C=C1,N#CC1=CC(F)=CC(OS(=O)(=O)C2=CC=C(C(F)(F)F)C=C2)=C1,CC#N,,C[Si](C)(C)N[Si](C)(C)C,0.01,1,1,35.7,0.17,25,0,1,0,0
sufex_002040,2040,0.85,85,CC(C)(C)N=C(N(C)C)N(C)C,OC1=CC=C2OCOC2=C1,O=S(=O)(F)C1CC1,O=S(=O)(OC1=CC=C2OCOC2=C1)C1CC1,CC#N,,C[Si](C)(C)N[Si](C)(C)C,0.1,0.5,1,35.7,0.5,60,0,0.5,0,1
sufex_002041,2041,0.84,84,CC(C)(C)N=C(N(C)C)N(C)C,COC(=O)C1=CC(O)=CC=C1,CC1=CC=C(S(=O)(=O)F)C=C1,COC(=O)C1=CC=CC(OS(=O)(=O)C2=CC=C(C)C=C2)=C1,CC#N,,C[Si](C)(C)N[Si](C)(C)C,0.01,1,1,35.7,0.083,25,0,1,0,0
sufex_002042,2042,0.84,84,CC(C)(C)N=C(N(C)C)N(C)C,CCO,O=S(=O)(F)C1=CC=C(C(F)(F)F)C=C1,CCOS(=O)(=O)C1=CC=C(C(F)(F)F)C=C1,CC#N,,C[Si](C)(C)N[Si](C)(C)C,0.2,1,1,35.7,0.5,25,0,1,0,0
sufex_002043,2043,0.83,83,CC(C)(C)N=C(N(C)C)N(C)C,OC1=CC=C2OCOC2=C1,O=S(=O)(F)OC1=CC=CC2=C1N=CC=C2,O=S(=O)(OC1=CC=C2OCOC2=C1)OC1=CC=CC2=C1N=CC=C2,CC#N,,C[Si](C)(C)N[Si](C)(C)C,0.2,1,1,35.7,0.5,25,0,1,0,0
sufex_002044,2044,0.83,83,CC(C)(C)N=C(N(C)C)N(C)C,N#CCC1=CC=C(O)C=C1,CC(C)(C)OC(=O)NC1=CC=C(N=S(=O)(F)F)C=C1,CC(C)(C)OC(=O)NC1=CC=C(N=S(=O)(F)OC2=CC=C(CC#N)C=C2)C=C1,CC#N,,C[Si](C)(C)N[Si](C)(C)C,0.05,1,1,35.7,0.083,25,0,1,0,0
sufex_002045,2045,0.83,83,CC(C)(C)N=C(N(C)C)N(C)C,COC1=CC=C(O)C=C1,CCOC1=C(OCC)C=C(C2=C(S(=O)(=O)F)C(C3=CC(N=[N+]=[N-])=CC=C3)=NO2)C=C1,CCOC1=C(OCC)C=C(C2=C(S(=O)(=O)OC3=CC=C(OC)C=C3)C(C3=CC(N=[N+]=[N-])=CC=C3)=NO2)C=C1,CC#N,,C[Si](C)(C)N[Si](C)(C)C,0.05,1,1,35.7,0.083,25,0,1,0,0
sufex_002046,2046,0.82,82,CC(C)(C)N=C(N(C)C)N(C)C,OCCC1=CC=CC=C1,O=S(=O)(F)C1=CC=C(C(F)(F)F)C=C1,O=S(=O)(OCCC1=CC=CC=C1)C1=CC=C(C(F)(F)F)C=C1,CC#N,,C[Si](C)(C)N[Si](C)(C)C,0.2,1,1,35.7,0.5,25,0,1,0,0
sufex_002047,2047,0.81,81,CC(C)(C)N=C(N(C)C)N(C)C,COC1=CC=C(O)C=C1,COC1=C(C2=NOC(S(=O)(=O)F)=C2)C=CC=C1,COC1=CC=C(OS(=O)(=O)C2=CC(C3=C(OC)C=CC=C3)=NO2)C=C1,CC#N,,C[Si](C)(C)N[Si](C)(C)C,0.05,1,1,35.7,0.083,25,0,1,0,0
sufex_002048,2048,0.8,80,CC(C)(C)N=C(N(C)C)N(C)C,OCCOC1=CC=CC=C1,O=S(=O)(F)C1=CC=C(C(F)(F)F)C=C1,O=S(=O)(OCCOC1=CC=CC=C1)C1=CC=C(C(F)(F)F)C=C1,CC#N,,C[Si](C)(C)N[Si](C)(C)C,0.2,1,1,35.7,0.5,25,0,1,0,0
sufex_002049,2049,0.8,80,CC(C)(C)N=C(N(C)C)N(C)C,OC1=CC=C(SC(F)(F)F)C=C1,O=S(=O)(F)OC1=CC=CC2=C1N=CC=C2,O=S(=O)(OC1=CC=C(SC(F)(F)F)C=C1)OC1=CC=CC2=C1N=CC=C2,CC#N,,C[Si](C)(C)N[Si](C)(C)C,0.2,1,1,35.7,1,25,0,1,0,0
sufex_002050,2050,0.8,80,CC(C)(C)N=C(N(C)C)N(C)C,CCOC(=O)C1=C(C)N(C)C2=CC=C(O)C=C21,O=S(=O)(F)F,CCOC(=O)C1=C(C)N(C)C2=CC=C(OS(=O)(=O)F)C=C21,CC#N,,C[Si](C)(C)N[Si](C)(C)C,0.05,1,1,35.7,0.25,25,0,1,0,0
sufex_002051,2051,0.8,80,CC(C)(C)N=C(N(C)C)N(C)C,CN(C)C1=CC(O)=CC=C1,O=S(=O)(F)C1=C(C2=CC=CC=C2)N(CC2=CC=CC=C2)N=N1,CN(C)C1=CC=CC(OS(=O)(=O)C2=C(C3=CC=CC=C3)N(CC3=CC=CC=C3)N=N2)=C1,CC#N,,C[Si](C)(C)N[Si](C)(C)C,0.05,1,1,35.7,0.083,25,0,1,0,0
sufex_002052,2052,0.79,79,CC(C)(C)N=C(N(C)C)N(C)C,OC1CCCC1,O=S(=O)(F)C1=CC2=C(C=CC=C2)C=C1,O=S(=O)(OC1CCCC1)C1=CC2=C(C=CC=C2)C=C1,CC#N,,C[Si](C)(C)N[Si](C)(C)C,0.1,0.5,1,35.7,0.5,60,0,0.5,0,1
sufex_002053,2053,0.78,78,CC(C)(C)N=C(N(C)C)N(C)C,CC1=C(CCO)SC=N1,O=S(=O)(F)C1=CC=C(F)C(C(F)(F)F)=C1,CC1=C(CCOS(=O)(=O)C2=CC(C(F)(F)F)=C(F)C=C2)SC=N1,CC#N,,C[Si](C)(C)N[Si](C)(C)C,0.2,1,1,35.7,0.5,25,0,1,0,0
sufex_002054,2054,0.76,76,CC(C)(C)N=C(N(C)C)N(C)C,CN(C)C1=CC(O)=CC=C1,CC(C)C1=CC=C(C2=C(S(=O)(=O)F)C(C3=CC=CS3)=NN2C2=CC=CC=C2)C=C1,CC(C)C1=CC=C(C2=C(S(=O)(=O)OC3=CC(N(C)C)=CC=C3)C(C3=CC=CS3)=NN2C2=CC=CC=C2)C=C1,CC#N,,C[Si](C)(C)N[Si](C)(C)C,0.05,1,1,35.7,0.083,25,0,1,0,0
sufex_002055,2055,0.75,75,CC(C)(C)N=C(N(C)C)N(C)C,OC1=CC=C(Br)C=C1,O=C1C2=CC=CC=C2C(=O)N1CCS(=O)(=O)F,O=C1C2=CC=CC=C2C(=O)N1CCS(=O)(=O)OC1=CC=C(Br)C=C1,CC#N,,C[Si](C)(C)N[Si](C)(C)C,0.2,1,1,35.7,0.5,60,0,1,0,1
sufex_002056,2056,0.75,75,CC(C)(C)N=C(N(C)C)N(C)C,OC1=CC=C2OCOC2=C1,O=S(=O)(F)CC1=CC=CC=C1,O=S(=O)(CC1=CC=CC=C1)OC1=CC=C2OCOC2=C1,CC#N,,C[Si](C)(C)N[Si](C)(C)C,0.1,0.5,1,35.7,0.5,60,0,0.5,0,1
sufex_002057,2057,0.74,74,CC(C)(C)N=C(N(C)C)N(C)C,OC1=CC=C2OCOC2=C1,O=C1C2=CC=CC=C2C(=O)N1CCS(=O)(=O)F,O=C1C2=CC=CC=C2C(=O)N1CCS(=O)(=O)OC1=CC=C2OCOC2=C1,CC#N,,C[Si](C)(C)N[Si](C)(C)C,0.2,1,1,35.7,0.5,60,0,1,0,1
sufex_002058,2058,0.73,73,CC(C)(C)N=C(N(C)C)N(C)C,CSC1=CC=C(O)C=C1,O=S(=O)(F)C1=C(F)C(Cl)=CC=C1,CSC1=CC=C(OS(=O)(=O)C2=C(F)C(Cl)=CC=C2)C=C1,CC#N,,C[Si](C)(C)N[Si](C)(C)C,0.01,1,1,35.7,0.083,25,0,1,0,0
sufex_002059,2059,0.73,73,CC(C)(C)N=C(N(C)C)N(C)C,COC1=C(F)C=C(O)C=C1,O=S(=O)(F)C1=C(C2=CC=CC=C2)N(CC2=CC=CC=C2)N=N1,COC1=C(F)C=C(OS(=O)(=O)C2=C(C3=CC=CC=C3)N(CC3=CC=CC=C3)N=N2)C=C1,CC#N,,C[Si](C)(C)N[Si](C)(C)C,0.05,1,1,35.7,0.083,25,0,1,0,0
sufex_002060,2060,0.71,71,CC(C)(C)N=C(N(C)C)N(C)C,OCCOC1=CC=CC=C1,O=S(=O)(F)C1=C(F)C=CC=C1F,O=S(=O)(OCCOC1=CC=CC=C1)C1=C(F)C=CC=C1F,CC#N,,C[Si](C)(C)N[Si](C)(C)C,0.2,1,1,35.7,0.5,25,0,1,0,0
sufex_002061,2061,0.7,70,CC(C)(C)N=C(N(C)C)N(C)C,COC(=O)C1=CC(O)=CC=C1,O=S(=O)(F)F,COC(=O)C1=CC(OS(=O)(=O)F)=CC=C1,CC#N,,C[Si](C)(C)N[Si](C)(C)C,0.05,1,1,35.7,0.25,25,0,1,0,0
sufex_002062,2062,0.69,69,CC(C)(C)N=C(N(C)C)N(C)C,OC1=CC=CC(S(F)(F)(F)(F)F)=C1,CC(=O)C1=CC=C(N=S(=O)(F)F)C=C1,CC(=O)C1=CC=C(N=S(=O)(F)OC2=CC=CC(S(F)(F)(F)(F)F)=C2)C=C1,CC#N,,C[Si](C)(C)N[Si](C)(C)C,0.05,1,1,35.7,0.083,25,0,1,0,0
sufex_002063,2063,0.67,67,CC(C)(C)N=C(N(C)C)N(C)C,C#CCOC1=CC(O)=CC=C1,O=S(=O)(F)F,C#CCOC1=CC=CC(OS(=O)(=O)F)=C1,CC#N,,C[Si](C)(C)N[Si](C)(C)C,0.05,1,1,35.7,0.25,25,0,1,0,0
sufex_002064,2064,0.66,66,CC(C)(C)N=C(N(C)C)N(C)C,CC1=C(CCO)SC=N1,O=S(=O)(F)C1=CC=C(C(F)(F)F)C=C1,CC1=C(CCOS(=O)(=O)C2=CC=C(C(F)(F)F)C=C2)SC=N1,CC#N,,C[Si](C)(C)N[Si](C)(C)C,0.2,1,1,35.7,0.5,25,0,1,0,0
sufex_002065,2065,0.66,66,CC(C)(C)N=C(N(C)C)N(C)C,COC1=CC=C(O)C=C1,O=S(=O)(F)C1=CC(C2=CC3=C(C=CC=C3)C=C2)=NO1,COC1=CC=C(OS(=O)(=O)C2=CC(C3=CC4=C(C=CC=C4)C=C3)=NO2)C=C1,CC#N,,C[Si](C)(C)N[Si](C)(C)C,0.05,1,1,35.7,0.083,25,0,1,0,0
sufex_002066,2066,0.61,61,CC(C)(C)N=C(N(C)C)N(C)C,C#CC(C)O,O=S(=O)(F)C1=CC2=C(C=CC=C2)C=C1,C#CC(C)OS(=O)(=O)C1=CC2=C(C=CC=C2)C=C1,CC#N,,C[Si](C)(C)N[Si](C)(C)C,0.1,0.5,1,35.7,0.5,60,0,0.5,0,1
sufex_002067,2067,0.6,60,CC(C)(C)N=C(N(C)C)N(C)C,OCCC1=CC=CC=C1,O=S(=O)(F)C1=CC=C(C2=CC=CC=C2)C=C1,O=S(=O)(OCCC1=CC=CC=C1)C1=CC=C(C2=CC=CC=C2)C=C1,CC#N,,C[Si](C)(C)N[Si](C)(C)C,0.2,1,1,35.7,0.5,25,0,1,0,0
sufex_002068,2068,0.54,54,CC(C)(C)N=C(N(C)C)N(C)C,CC1=C(CCO)SC=N1,N#CC1=CC=C(S(=O)(=O)F)C=C1,CC1=C(CCOS(=O)(=O)C2=CC=C(C#N)C=C2)SC=N1,CC#N,,C[Si](C)(C)N[Si](C)(C)C,0.2,1,1,35.7,0.5,25,0,1,0,0
sufex_002069,2069,0.5,50,CC(C)(C)N=C(N(C)C)N(C)C,CC(C)O,O=S(=O)(F)C1=CC2=C(C=CC=C2)C=C1,CC(C)OS(=O)(=O)C1=CC2=C(C=CC=C2)C=C1,CC#N,,C[Si](C)(C)N[Si](C)(C)C,0.1,0.5,1,35.7,0.5,60,0,0.5,0,1
sufex_002070,2070,1,100,CC(C)(C)N=C(N(C)C)N(C)C,OC1=CC=C2OCOC2=C1,O=S(=O)(F)C1=CC=C(C(F)(F)F)C=C1,O=S(=O)(OC1=CC=C2OCOC2=C1)C1=CC=C(C(F)(F)F)C=C1,CC#N,,O[Si](C)(C)C,0.2,1,1,35.7,0.083,25,0,1,0,0
sufex_002071,2071,1,100,CC(C)(C)N=C(N(C)C)N(C)C,OC1=CC=C2OCOC2=C1,O=S(=O)(F)C1=CC=C(C(F)(F)F)C=C1,O=S(=O)(OC1=CC=C2OCOC2=C1)C1=CC=C(C(F)(F)F)C=C1,CC#N,,C[Si](C)(C)O[Si](C)(C)C,0.2,1,1,35.7,0.083,25,0,1,0,0
sufex_002072,2072,1,100,CC(C)(C)N=C(N(C)C)N(C)C,OC1=CC=C2OCOC2=C1,O=S(=O)(F)C1=CC=C(C(F)(F)F)C=C1,O=S(=O)(OC1=CC=C2OCOC2=C1)C1=CC=C(C(F)(F)F)C=C1,CC#N,,C[Si](C)(C)N[Si](C)(C)C,0.2,1,1,35.7,0.017,25,0,1,0,0
sufex_002073,2073,1,100,CC(C)(C)N=C(N(C)C)N(C)C,OC1=CC=C2OCOC2=C1,O=S(=O)(F)C1=CC=C(C(F)(F)F)C=C1,O=S(=O)(OC1=CC=C2OCOC2=C1)C1=CC=C(C(F)(F)F)C=C1,CC#N,,C[Si](C)(C)N[Si](C)(C)C,0.1,1,1,35.7,0.083,25,0,1,0,0
sufex_002074,2074,1,100,CC(C)(C)N=C(N(C)C)N(C)C,OC1=CC=C2OCOC2=C1,O=S(=O)(F)C1=CC=C(C(F)(F)F)C=C1,O=S(=O)(OC1=CC=C2OCOC2=C1)C1=CC=C(C(F)(F)F)C=C1,CC#N,,C[Si](C)(C)N[Si](C)(C)C,0.05,1,1,35.7,0.083,25,0,1,0,0
sufex_002075,2075,1,100,CC(C)(C)N=C(N(C)C)N(C)C,OC1=CC=C2OCOC2=C1,O=S(=O)(F)C1=CC=C(C(F)(F)F)C=C1,O=S(=O)(OC1=CC=C2OCOC2=C1)C1=CC=C(C(F)(F)F)C=C1,CC#N,,C[Si](C)(C)N[Si](C)(C)C,0.01,1,1,35.7,0.083,25,0,1,0,0
sufex_002076,2076,0.96,96,CC(C)(C)N=C(N(C)C)N(C)C,OC1=CC=C2OCOC2=C1,O=S(=O)(F)C1=CC=C(C(F)(F)F)C=C1,O=S(=O)(OC1=CC=C2OCOC2=C1)C1=CC=C(C(F)(F)F)C=C1,CC#N,,C[Si](C)(C)N[Si](C)(C)C,0.005,1,1,35.7,0.5,25,0,1,0,0
sufex_002077,2077,0.98,98,CC(C)(C)N=C(N(C)C)N(C)C,OC1=CC=C2OCOC2=C1,O=S(=O)(F)C1=CC=C(C(F)(F)F)C=C1,O=S(=O)(OC1=CC=C2OCOC2=C1)C1=CC=C(C(F)(F)F)C=C1,CC#N,,C[Si](C)(C)N[Si](C)(C)C,0.001,1,1,35.7,1,25,0,1,0,0
sufex_002078,2078,0.81,81,CC(C)(/N=C(N(C)C)/N(C)C)C,O=C(C1=C2C(C=CC=C23)=CC=C1)N(O)C3=O,FS(C1=CC=C(C2=CC(C(OC)OC3OC)=C3C=C2)C=C1)(=O)=O,O=S(C1=CC=C(C2=CC(C(OC)OC3OC)=C3C=C2)C=C1)(ON(C4=O)C(C5=CC=CC6=CC=CC4=C65)=O)=O,CC#N,,C[Si](C)(C)N[Si](C)(C)C,0.01,1,1,35.7,0.083,25,0,1,0,0
sufex_002079,2079,0.86,86,CC(C)(/N=C(N(C)C)/N(C)C)C,BrC1=CC=C(/C(C(F)(F)F)=N\O)C=C1,FS(C1=CC=C(C2=CC(C(OC)OC3OC)=C3C=C2)C=C1)(=O)=O,O=S(C1=CC=C(C2=CC(C(OC)OC3OC)=C3C=C2)C=C1)(O/N=C(C(F)(F)F)\C4=CC=C(Br)C=C4)=O,CC#N,,C[Si](C)(C)N[Si](C)(C)C,0.01,1,1,35.7,0.083,25,0,1,0,0
sufex_002080,2080,0.82,82,CC(C)(/N=C(N(C)C)/N(C)C)C,O/N=C(C(F)(F)F)\C1=CC=CC=C1,FS(C1=CC=C(C2=CC(C(OC)OC3OC)=C3C=C2)C=C1)(=O)=O,O=S(C1=CC=C(C2=CC(C(OC)OC3OC)=C3C=C2)C=C1)(O/N=C(C(F)(F)F)\C4=CC=CC=C4)=O,CC#N,,C[Si](C)(C)N[Si](C)(C)C,0.01,1,1,35.7,0.083,25,0,1,0,0
sufex_002081,2081,0.91,91,CC(C)(/N=C(N(C)C)/N(C)C)C,CC(C1=CC=C(O)C=C1)=O,FS(C1=CC=C(C2=CC(C(OC)OC3OC)=C3C=C2)C=C1)(=O)=O,O=S(C1=CC=C(C2=CC(C(OC)OC3OC)=C3C=C2)C=C1)(OC4=CC=C(C(C)=O)C=C4)=O,CC#N,,C[Si](C)(C)N[Si](C)(C)C,0.01,1,1,35.7,0.083,25,0,1,0,0
sufex_002082,2082,0.91,91,C1CCC2=NCCCN2CC1,[H][C@]12OC[C@]([H])(O1)[C@@H](O[Si](C)(C)C(C)(C)C)[C@H](OCC1=CC=CC=C1)[C@H]2O,O=S(=O)(F)OC1=CC=C(Br)C=C1,[H][C@]12OC[C@]([H])(O1)[C@@H](O[Si](C)(C)C(C)(C)C)[C@H](OCC1=CC=CC=C1)[C@H]2OS(=O)(=O)OC1=CC=C(Br)C=C1,CC#N,,C[Si](C)(C)N[Si](C)(C)C,0.1,1.1,1,35.7,10.5,25,0,0.6,0,0
sufex_002083,2083,0.86,86,C1CCC2=NCCCN2CC1,[H][C@]12OC[C@]([H])(O1)[C@@H](O[Si](C)(C)C(C)(C)C)[C@H](OCC1=CC=CC=C1)[C@H]2O,O=N(=O)C1=CC=C(OS(=O)(=O)F)C=C1,[H][C@]12OC[C@]([H])(O1)[C@@H](O[Si](C)(C)C(C)(C)C)[C@H](OCC1=CC=CC=C1)[C@H]2OS(=O)(=O)OC1=CC=C(N(=O)=O)C=C1,CC#N,,C[Si](C)(C)N[Si](C)(C)C,0.16,1.8,1,35.7,10.5,25,0,0.7,0,0
sufex_002084,2084,0.77,77,C1CCC2=NCCCN2CC1,[H][C@@]12CO[C@@H](C3=CC=CC=C3)O[C@@]1([H])[C@H](OCC1=CC=CC=C1)[C@@H](O)[C@@H](OC)O2,O=N(=O)C1=CC=C(OS(=O)(=O)F)C=C1,[H][C@@]12CO[C@@H](C3=CC=CC=C3)O[C@@]1([H])[C@H](OCC1=CC=CC=C1)[C@@H](OS(=O)(=O)OC1=CC=C(N(=O)=O)C=C1)[C@@H](OC)O2,CC#N,,C[Si](C)(C)N[Si](C)(C)C,0.15,1.7,1,35.7,5.17,25,0,0.7,0,0
sufex_002085,2085,0.67,67,C1CNC2=NCCCN2C1,CO[C@H]1O[C@H](COCC2=CC=CC=C2)[C@@H](O)[C@H](OCC2=CC=CC=C2)[C@H]1OCC1=CC=CC=C1,O=S(=O)(F)OC1=CC=C(Br)C=C1,CO[C@H]1O[C@H](COCC2=CC=CC=C2)[C@@H](OS(=O)(=O)OC2=CC=C(Br)C=C2)[C@H](OCC2=CC=CC=C2)[C@H]1OCC1=CC=CC=C1,CC#N,,C[Si](C)(C)N[Si](C)(C)C,0.18,0.91,1,35.7,13.17,25,0,0.6,0,0
sufex_002086,2086,0.86,86,CC(C)(C)N=C(N(C)C)N(C)C,COC1=CC=C(O)C=C1,O=S(=O)(F)F,COC1=CC=C(OS(=O)(=O)F)C=C1,CC#N,,C[Si](C)(C)N[Si](C)(C)C,0.1,1,1,35.7,0.5,25,0,1,0,0
sufex_002087,2087,0.66,66,CC(C)(C)N=C(N(C)C)N(C)C,CCN(CC)C1=CC(O)=C(C=O)C=C1,C[C@]12CC[C@@H]3C4=CC=C(OS(=O)(=O)F)C=C4CC[C@H]3[C@@H]1CCC2=O,CCN(CC)C1=CC(OS(=O)(=O)OC2=CC=C3C(=C2)CC[C@@H]2[C@@H]3CC[C@]3(C)C(=O)CC[C@@H]23)=C(C=O)C=C1,CC#N,,C[Si](C)(C)N[Si](C)(C)C,0.25,1,1,35.7,24,25,0,1.3,0,0
sufex_002088,2088,0.88,88,CC(C)(C)N=C(N(C)C)N(C)C,COC1=CC(C=O)=CC(O)=C1OC,C[C@]12CC[C@@H]3C4=CC=C(OS(=O)(=O)F)C=C4CC[C@H]3[C@@H]1CCC2=O,COC1=CC(C=O)=CC(OS(=O)(=O)OC2=CC=C3C(=C2)CC[C@@H]2[C@@H]3CC[C@]3(C)C(=O)CC[C@@H]23)=C1OC,CC#N,,C[Si](C)(C)N[Si](C)(C)C,0.25,1,1,35.7,24,25,0,1.3,0,0
sufex_002089,2089,0.47,47,CC(C)(C)N=C(N(C)C)N(C)C,O=C1C=CC2=CC=C(O)C=C2N1,C[C@]12CC[C@@H]3C4=CC=C(OS(=O)(=O)F)C=C4CC[C@H]3[C@@H]1CCC2=O,C[C@]12CC[C@@H]3C4=CC=C(OS(=O)(=O)OC5=CC=C6C=CC(=O)NC6=C5)C=C4CC[C@H]3[C@@H]1CCC2=O,CC#N,,C[Si](C)(C)N[Si](C)(C)C,0.25,1,1,35.7,24,25,0,1.3,0,0
sufex_002090,2090,0.47,47,CC(C)(C)N=C(N(C)C)N(C)C,CC1=CC2=C(C=CC(O)=C2F)N1,C[C@]12CC[C@@H]3C4=CC=C(OS(=O)(=O)F)C=C4CC[C@H]3[C@@H]1CCC2=O,CC1=CC2=C(C=CC(OS(=O)(=O)OC3=CC=C4C(=C3)CC[C@@H]3[C@@H]4CC[C@]4(C)C(=O)CC[C@@H]34)=C2F)N1,CC#N,,C[Si](C)(C)N[Si](C)(C)C,0.25,1,1,35.7,24,25,0,1.3,0,0
sufex_002091,2091,0.78,78,CC(C)(C)N=C(N(C)C)N(C)C,CC1=CC2=C(C=CC(O)=C2)N1,COC1=CC(S(=O)(=O)F)=CC(OC)=C1OC,COC1=CC(S(=O)(=O)OC2=CC3=C(C=C2)NC(C)=C3)=CC(OC)=C1OC,CC#N,,C[Si](C)(C)N[Si](C)(C)C,0.05,1,1,35.7,1,25,0,1,0,0
sufex_002092,2092,0.52,52,CC(C)(C)N=C(N(C)C)N(C)C,CC1=CC2=C(C=CC(O)=C2F)N1,COC1=CC(S(=O)(=O)F)=CC(OC)=C1OC,COC1=CC(S(=O)(=O)OC2=C(F)C3=C(C=C2)NC(C)=C3)=CC(OC)=C1OC,CC#N,,C[Si](C)(C)N[Si](C)(C)C,0.05,1,1,35.7,1,25,0,1,0,0
sufex_002093,2093,0.56,56,CC(C)(C)N=C(N(C)C)N(C)C,COC1=C(OC)C(OC)=CC(O)=C1,O=S(=O)(F)F,COC1=C(OC)C(OC)=CC(OS(=O)(=O)F)=C1,CC#N,,C[Si](C)(C)N[Si](C)(C)C,0.05,1,1,35.7,24,25,0,1,0,0
sufex_002094,2094,0.53,53,CC(C)(C)N=C(N(C)C)N(C)C,CC1=CC2=CC(O)=CC=C2N1,COC1=C(OC)C(OC)=CC(OS(=O)(=O)F)=C1,COC1=C(OC)C(OC)=CC(OS(=O)(=O)OC2=CC=C3NC(C)=CC3=C2)=C1,CC#N,,C[Si](C)(C)N[Si](C)(C)C,0.2,1,1,35.7,1,25,0,1,0,0
sufex_002095,2095,0.26,26,CC(C)(C)N=C(N(C)C)N(C)C,CC1=CC2=C(F)C(O)=CC=C2N1,COC1=C(OC)C(OC)=CC(OS(=O)(=O)F)=C1,COC1=C(OC)C(OC)=CC(OS(=O)(=O)OC2=CC=C3NC(C)=CC3=C2F)=C1,CC#N,,C[Si](C)(C)N[Si](C)(C)C,0.2,1,1,35.7,1,25,0,1,0,0
sufex_002096,2096,0.82,82,C(=O)([O-])[O-].[Cs+].[Cs+],OC1=CC=CC=C1,CC(S(=O)(F)=O)CCCC(N1)=NC2=CC=CC=C2C1=O,CC(CCCC1=NC(=O)C2=CC=CC=C2N1)S(=O)(=O)OC1=CC=CC=C1,CC#N,,,2,1.1,1,35.7,12,25,0,0,0,0
sufex_002097,2097,0.8,80,C(=O)([O-])[O-].[Cs+].[Cs+],NC1=CC=C(O)C=C1,CC(S(=O)(F)=O)CCCC(N1)=NC2=CC=CC=C2C1=O,CC(CCCC1=NC(=O)C2=CC=CC=C2N1)S(=O)(=O)OC1=CC=C(N)C=C1,CC#N,,,2,1.1,1,35.7,12,25,0,0,0,0
sufex_002098,2098,0.8,80,C(=O)([O-])[O-].[Cs+].[Cs+],[H][C@@]12CCC3=CC(O)=CC=C3[C@@]1([H])CC[C@]1(C)C(=O)CC[C@@]21[H],CC(S(=O)(F)=O)CCCC(N1)=NC2=CC=CC=C2C1=O,[H][C@@]12CCC3=CC(OS(=O)(=O)C(C)CCCC4=NC(=O)C5=CC=CC=C5N4)=CC=C3[C@@]1([H])CC[C@]1(C)C(=O)CC[C@@]21[H],CC#N,,,2,1.1,1,35.7,12,25,0,0,0,0
sufex_002099,2099,0.54,54,C(=O)([O-])[O-].[Cs+].[Cs+],CC(=O)NC1=CC=C(O)C=C1,CC(S(=O)(F)=O)CCCC(N1)=NC2=CC=CC=C2C1=O,CC(=O)NC1=CC=C(OS(=O)(=O)C(C)CCCC2=NC(=O)C3=CC=CC=C3N2)C=C1,CC#N,,,2,1.1,1,35.7,12,25,0,0,0,0
sufex_002100,2100,0.82,82,C(=O)([O-])[O-].[Cs+].[Cs+],OC1=CC=CC=C1,CC(CCCC(NC1=CC=CC=C12)NC2=O)S(=O)(F)=O,CC(CCCC1NC(=O)C2=CC=CC=C2N1)S(=O)(=O)OC1=CC=CC=C1,CC#N,,,2,1.1,1,35.7,12,25,0,0,0,0
sufex_002101,2101,0.73,73,C(=O)([O-])[O-].[Cs+].[Cs+],O=C1[C@H](C(N1C2=CC=C(C=C2)F)C3=CC=C(C=C3)O)CC[C@@H](C4=CC=C(C=C4)F)O,CC(S(=O)(F)=O)CCCC(N1)=NC2=CC=CC=C2C1=O,CC(CCCC1=NC2=CC=CC=C2C(=O)N1)S(=O)(=O)OC1=CC=C(C2[C@H](CC[C@H](O)C3=CC=C(F)C=C3)C(=O)N2C2=CC=C(F)C=C2)C=C1,CC#N,,,2,1.1,1,35.7,12,25,0,0,0,0
sufex_002102,2102,0.75,75,C1CCC2=NCCCN2CC1,CC1(O[C@@H]2[C@@H]([C@H]3OC(C)(O[C@H]3O[C@@H]2CO)C)O1)C,CC(S(=O)(F)=O)CCCC(N1)=NC2=CC=CC=C2C1=O,CC(CCCC1=NC2=CC=CC=C2C(=O)N1)S(=O)(=O)OC[C@H]1O[C@@H]2OC(C)(C)O[C@@H]2[C@H]2OC(C)(C)O[C@H]21,CC#N,,,0.2,2,1,35.7,24,25,0,0,0,0
sufex_002103,2103,0.42,42,C1CCC2=NCCCN2CC1,OC1=CC=C(C=C1)C2=NC3=CC=CC=C3O2,O=C1C(Cl)=C(C(C2=C1C=CC=C2)=O)NC3=CC=CC(OS(=O)(F)=O)=C3,O=C1C(Cl)=C(NC2=CC=CC(OS(=O)(=O)OC3=CC=C(C4=NC5=CC=CC=C5O4)C=C3)=C2)C(=O)C2=C1C=CC=C2,C(Cl)Cl,,,1.2,1,1,8.9,24,25,0,0,0,0
sufex_002104,2104,1,100,C(=O)([O-])[O-].[Cs+].[Cs+],OC1=CC=CC=C1,CC1=CC(C)=C(C(C)=C1)CS(=O)(F)=O,CC1=CC(C)=C(CS(=O)(=O)OC2=CC=CC=C2)C(C)=C1,CC#N,,,2,2,1,35.7,2,70,0,0,0,0
sufex_002105,2105,0.89,89,C1CCC2=NCCCN2CC1,C[C@]12CC[C@@H]3C4=C(C=C(O)C=C4)CC[C@H]3[C@@H]1CCC2=O,CC1=CC(C)=C(C(C)=C1)CS(=O)(F)=O,CC1=CC(C)=C(CS(=O)(=O)OC2=CC3=C(C=C2)[C@H]2CC[C@]4(C)C(=O)CC[C@H]4[C@@H]2CC3)C(C)=C1,CC#N,,,2,2,1,35.7,2,70,0,0,0,0
sufex_002106,2106,0.99,99,C(=O)([O-])[O-].[Cs+].[Cs+],COC1=CC=C(O)C=C1,O=S(=O)(F)/C=C/C1=CN(CC2=CC=CC=C2)N=N1,COC1=CC=C(OS(=O)(=O)/C=C/C2=CN(CC3=CC=CC=C3)N=N2)C=C1,CC#N,,,1,1,1,35.7,4,25,0,0,0,0
sufex_002107,2107,0.87,87,C(=O)([O-])[O-].[Cs+].[Cs+],CC(C)O,O=S(=O)(F)/C=C/C1=CN(CC2=CC=CC=C2)N=N1,CC(C)OS(=O)(=O)/C=C/C1=CN(CC2=CC=CC=C2)N=N1,CC#N,,,1,3,1,35.7,9,25,0,0,0,0
sufex_002108,2108,0.69,69,C(=O)([O-])[O-].[Cs+].[Cs+],CCCCO,COC1=CC=C(C(=O)C2=CC=CC=C2)C=C1S(=O)(=O)F,CCCCOS(=O)(=O)C1=CC(C(=O)C2=CC=CC=C2)=CC=C1OC,CC#N,,,1.2,1.1,1,35.7,12,25,0,0,0,0
sufex_002109,2109,0.73,73,C(=O)([O-])[O-].[Cs+].[Cs+],C[C@]12CC[C@@H]3C4=C(C=C(O)C=C4)CC[C@H]3[C@@H]1CCC2=O,COC1=CC=C(C(=O)C2=CC=CC=C2)C=C1S(=O)(=O)F,COC1=CC=C(C(=O)C2=CC=CC=C2)C=C1S(=O)(=O)OC1=CC2=C(C=C1)[C@H]1CC[C@]3(C)C(=O)CC[C@H]3[C@@H]1CC2,CC#N,,,1.2,1.1,1,35.7,12,25,0,0,0,0
sufex_002110,2110,0.81,81,C(=O)([O-])[O-].[Cs+].[Cs+],OC1=CC=CC=C1,COC1=CC=C(C(=O)C2=CC=CC=C2)C=C1S(=O)(=O)F,COC1=CC=C(C(=O)C2=CC=CC=C2)C=C1S(=O)(=O)OC1=CC=CC=C1,CC#N,,,1.2,1.1,1,35.7,12,25,0,0,0,0
sufex_002111,2111,0.44,44,C1CN2CCN1CC2,COC(=O)C1=CC=C(O)C=C1,N#CC(CCC1=CC=CC=C1)CS(=O)(=O)F,COC(=O)C1=CC=C(OS(=O)(=O)CC(C#N)CCC2=CC=CC=C2)C=C1,C1CCCO1,C(F)(F)(F)S(=O)(=O)[N-]S(=O)(=O)C(F)(F)F.C(F)(F)(F)S(=O)(=O)[N-]S(=O)(=O)C(F)(F)F.[Ca+2],,1.5,1.5,1,7.4,48,25,1.1,0,0,0
sufex_002112,2112,0.4,40,C1CN2CCN1CC2,CC(=O)NC1=CC=C(O)C=C1,N#CC(CCC1=CC=CC=C1)CS(=O)(=O)F,CC(=O)NC1=CC=C(OS(=O)(=O)CC(C#N)CCC2=CC=CC=C2)C=C1,C1CCCO1,C(F)(F)(F)S(=O)(=O)[N-]S(=O)(=O)C(F)(F)F.C(F)(F)(F)S(=O)(=O)[N-]S(=O)(=O)C(F)(F)F.[Ca+2],,1.5,1.5,1,7.4,48,25,1.1,0,0,0
sufex_002113,2113,0.95,95,C(=O)([O-])[O-].[Cs+].[Cs+],OC1=CC=C(C=C1)OCC2=CC=CC=C2,O=S(=O)(F)CCSC(=S)N1CCCCC1,O=S(=O)(CCSC(=S)N1CCCCC1)OC1=CC=C(OCC2=CC=CC=C2)C=C1,CC#N,,,2,2,1,35.7,2,25,0,0,0,0
sufex_002114,2114,0.98,98,C(=O)([O-])[O-].[Cs+].[Cs+],COC1=CC=C(O)C=C1,O=S(=O)(F)CCSC(=S)N1CCCCC1,COC1=CC=C(OS(=O)(=O)CCSC(=S)N2CCCCC2)C=C1,CC#N,,,2,2,1,35.7,2,25,0,0,0,0
sufex_002115,2115,0.9,90,C(=O)([O-])[O-].[Cs+].[Cs+],CO,O=S(=O)(F)CCSC(=S)N1CCCCC1,COS(=O)(=O)CCSC(=S)N1CCCCC1,CC#N,,,2,2,1,35.7,2,25,0,0,0,0
sufex_002116,2116,0.73,73,C(=O)([O-])[O-].[Cs+].[Cs+],OC(C=C1)=CC=C1C[C@@H](C(OC)=O)NC(OC(C)(C)C)=O,O=C(CCCCS(=O)(=O)F)C1=CC=CC=C1,COC(=O)[C@H](CC1=CC=C(OS(=O)(=O)CCCCC(=O)C2=CC=CC=C2)C=C1)NC(=O)OC(C)(C)C,CC#N,,,2,0.8,1,35.7,12,25,0,0,0,0
sufex_002117,2117,0.75,75,C(=O)([O-])[O-].[Cs+].[Cs+],C[C@]12CC[C@@H]3C4=CC=C(O)C=C4CC[C@H]3[C@@H]1CCC2=O,O=C(CCCCS(=O)(=O)F)C1=CC=CC=C1,C[C@]12CC[C@@H]3C4=CC=C(OS(=O)(=O)CCCCC(=O)C5=CC=CC=C5)C=C4CC[C@H]3[C@@H]1CCC2=O,CC#N,,,2,1.1,1,35.7,12,25,0,0,0,0
sufex_002118,2118,0.9,90,C(=O)([O-])[O-].[Cs+].[Cs+],CC1=C(O)C(C)=CC=C1,O=S(=O)(F)CCCC1=CC=CC=C1,CC1=C(OS(=O)(=O)CCCC2=CC=CC=C2)C(C)=CC=C1,CC#N,,,2,1.1,1,35.7,12,25,0,0,0,0
sufex_002119,2119,0.62,62,C(=O)([O-])[O-].[Cs+].[Cs+],CCCCCCCC1=CC=C(O)C=C1,O=C(CCCCS(=O)(=O)F)C1=CC=CC=C1,CCCCCCCC1=CC=C(OS(=O)(=O)CCCCC(=O)C2=CC=CC=C2)C=C1,CC#N,,,2,1.1,1,35.7,12,25,0,0,0,0
sufex_002120,2120,0.66,66,C(=O)([O-])[O-].[Cs+].[Cs+],COC1=CC=C(O)C=C1,O=S(=O)(F)C1=C(C2=CC=CC=C2)N=C(NC2=CC=C(F)C=C2)S1,COC1=CC=C(OS(=O)(=O)C2=C(C3=CC=CC=C3)N=C(NC3=CC=C(F)C=C3)S2)C=C1,CC#N,,,1,1,1,35.7,16,60,0,0,0,0
sufex_002121,2121,0.99,99,C(=O)([O-])[O-].[Cs+].[Cs+],OC1=CC=C(C(F)(F)F)C=C1,O=S(=O)(F)C1=C(C2=CC=CC=C2)N=C(NC2=CC=C(F)C=C2)S1,O=S(=O)(OC1=CC=C(C(F)(F)F)C=C1)C1=C(C2=CC=CC=C2)N=C(NC2=CC=C(F)C=C2)S1,CC#N,,,1,1,1,35.7,16,60,0,0,0,0
sufex_002122,2122,0.81,81,C(=O)([O-])[O-].[Cs+].[Cs+],OC1=CC([N+]([O-])=O)=CC=C1,O=S(=O)(F)C1=C(C2=CC=CC=C2)N=C(NC2=CC=C(F)C=C2)S1,O=[N+]([O-])C1=CC=CC(OS(=O)(=O)C2=C(C3=CC=CC=C3)N=C(NC3=CC=C(F)C=C3)S2)=C1,CC#N,,,1,1,1,35.7,16,60,0,0,0,0
