SMILES,predictions,target_values
C(O)C(OO)C(O)(C)C(C(=O)(O))C(=O)C,-11.144888314564014,-10.640697
CC(=O)C(ON(=O)(=O))(C(ON(=O)(=O))(C)C)C(=O)C(=O)C(OO),-5.138320429054147,-5.1468577
C2(O)(O)C(=O)C(=O)C(=O)C1OC12C(OO),-7.871102993380191,-6.2265024
C2(=O)C=CC(C1(O)(O))OOC12C(ON(=O)(=O)),-6.489573178198043,-8.432505
CC(=O)C(O)(C1(C)C)CC1C(=O)(OON(=O)(=O)),-3.8263575456694525,-4.560692
CC1(C)C(ON(=O)(=O))(C(=O)C(OO))CC1CC(=O)(OON(=O)(=O)),-6.430484593856818,-6.243421
CC(=O)C(OO)C(O)(C)C(ON(=O)(=O))CC(=O)(OON(=O)(=O)),-6.661705742153572,-6.6857867
C(=O)(N(=O)(=O))C(=O)OC(OO)(C(ON(=O)(=O)))C(=O),-3.883126788685331,-3.7822566
C(=O)(O)C1(OO)OC1C(OO)C(O)C(=O)C(ON(=O)(=O)),-10.8780175741922,-11.114155
CC(=O)C(=O)C(C)(C)C(C(ON(=O)(=O)))C(=O)(OON(=O)(=O)),-3.4711840362760995,-2.7883456
C(=O)(O)C1OC1C(O)C(=O)(OO),-7.7815218423711485,-8.340676
CC(=O)C(ON(=O)(=O))C(C)(C(O))C(=O)CC(=O)(OO),-7.287174443081312,-6.666523
C(=O)C(O)C(=O)C1(OO)OC1(OO)C(=O),-7.201974072391749,-8.354074
CC(=O)C(=O)C(O)(C)C(C(O))C(=O)(OO),-7.294663432701782,-10.732487
C(=O)(O)C(ON(=O)(=O))C(=O)C(O)(O)C(=O)C,-6.77161976545176,-9.198031
C(=O)(OO)C(O)OOC(=O)C(O)(C)C(=O)(OON(=O)(=O)),-6.476279943522968,-5.837641
C(=O)(O)C(O)(C(OO))C(=O)C(O)(O)C(=O),-10.66767554928083,-7.724981
C(=O)(O)COOC(=O)C(ON(=O)(=O))(C(OO))C(=O)(OO),-8.676600795417471,-8.3390255
C(=O)C(=O)OC(=O)C(=O)C(O)C(=O),-3.826849623077578,-5.169232
C(OO)C(=O)OC(OO)CC(=O)(OON(=O)(=O)),-5.494759522523964,-5.254362
CC(=O)C(=O)C(OO)C(ON(=O)(=O))C(O)(C)C,-5.692820017942722,-6.692398
C1(=O)OC1C(ON(=O)(=O))(C(=O)(OO))C(O)C(=O)(OON(=O)(=O)),-5.699186312573147,-5.565557
C(=O)(O)C1OC1(C(=O)(O))CC(=O)(OON(=O)(=O)),-6.983579436222499,-6.6116166
C(=O)(N(=O)(=O))C1(O)OC1C(OO)C(O)C(=O)(OON(=O)(=O)),-7.0663378701137844,-5.925948
CC(=O)CCCC(ON(=O)(=O))C(=O)CC(ON(=O)(=O)),-5.9497954878279415,-5.8298874
CC(ON(=O)(=O))(C(=O)(O))C(=O)OOCC(=O)(O),-7.151745727223897,-7.94443
C(=O)(OON(=O)(=O))C(=O)C(ON(=O)(=O))C(O)(C(OO))C(=O)C(=O),-5.279105790948961,-5.2527356
C(=O)C(OO)C1(O)OOC(=O)C1(=O),-4.7870781059718865,-5.437805
CC(=O)CC(=O)C(O)C(=O)CCC(O),-7.480377284362476,-5.8129573
C(=O)(OO)C(=O)OC(O)C=C(C(ON(=O)(=O)))C(=O)(OON(=O)(=O)),-7.110400438828947,-8.708868
C(ON(=O)(=O))C(OO)C(C)(C)C(ON(=O)(=O))(C)C(=O),-5.567663521283976,-5.696832
C1(=O)C(C(=O)(OON(=O)(=O)))OOC1(C)C(OO)C(=O)(OON(=O)(=O)),-4.479509740725916,-3.961474
C(=O)(O)C(OO)=C(C)C1OC1C(=O),-7.125284719848423,-7.5700936
CC(O)C(OO)CC(=O)C(=O)CCC(OO)C,-10.149196648031648,-9.926443
C1(O)(OO)C(O)(C(=O)(O))OOC1(O)C(ON(=O)(=O))C(=O),-10.26259488787764,-11.918569
CC(O)(C(=O)(OON(=O)(=O)))C(ON(=O)(=O))C(=O)OC(=O),-3.430136962677352,-2.9858997
C(=O)(O)CC(=O)C(O)(C)C(=O)C(ON(=O)(=O)),-6.416441543635301,-4.3018966
CC(=O)C(O)CC(=O)CC(=O)(OON(=O)(=O)),-4.493394304867252,-4.8503327
C(=O)(O)C(=O)C(ON(=O)(=O))(C1(O))OOC1C(=O)C(=O)(OO),-9.142778831250325,-8.626364
C1(ON(=O)(=O))OC1C(OO)(C(O))C(O)C(=O)(OON(=O)(=O)),-6.893476686302165,-7.4410634
C1(O)(O)C(=O)OOC1(C)C(ON(=O)(=O))C(ON(=O)(=O))C(=O),-6.746897149587312,-6.129129
C(=O)(O)C(N(=O)(=O))C(=O)C(OO)OC(=O)C(=O),-6.679845690581715,-6.433697
C(=O)(O)C(=O)OC(=O)C(ON(=O)(=O))C(=O)(OO),-5.686549611535156,-5.468289
C(=O)(OO)C(=O)OOC(OO)(C(=O)(O))C,-7.52448886037746,-8.659035
C(OO)C(=O)C(C(=O))OOC(=O)C(ON(=O)(=O))C(=O),-6.301618607230921,-7.0099382
C(ON(=O)(=O))C(=O)OOC(OO)(C(=O)(O))C(OO)C(=O),-9.603747155295423,-10.355258
C1(O)C(OO)OOC1(C(=O)(O))C(=O),-7.478075296385214,-7.231109
CCC(O)C(ON(=O)(=O))CC(OO)CCCC,-6.493543234140816,-5.503156
C(=O)(O)C1(OO)OC1(C)CC(=O)(OON(=O)(=O)),-6.263575483979366,-6.437983
C(=O)(O)C(C(=O))C1(O)OC1(ON(=O)(=O))C(=O),-6.243400475519593,-6.0938077
CC(=O)OOC(ON(=O)(=O))(C(=O)(O))C(=O)C(ON(=O)(=O))C(=O)(O),-8.068304313492263,-7.6208425
C(ON(=O)(=O))C(=O)C1OC1(C(OO))C(=O)(OON(=O)(=O)),-4.793729037206504,-5.2034307
C(=O)(O)C(O)C(O)C(=O)OC(OO)(C(=O)(N(=O)(=O)))C(ON(=O)(=O)),-10.557158372743288,-10.173429
C(=O)(OO)C(OO)C(C1(=O))OOC1(C)C(=O),-7.105187288671004,-4.2944226
C(=O)(O)C(O)C1(O)OC1(OO)C(=O)(OON(=O)(=O)),-7.725591640366474,-7.3681836
CC1(C(OO))C(=O)C(OO)C1CC(=O),-7.318245838960138,-7.466053
CC(=O)C(ON(=O)(=O))C(OO)CC(=O)(OO),-6.091149031835812,-5.9672976
CC(OO)(C(=O)(O))C(C(=O))CC(=O)(OON(=O)(=O)),-7.253919213591871,-7.718368
C(=O)(N(=O)(=O))C1(O)OC1(C)C(O)C(=O),-5.486112715807394,-5.9321136
CC(=O)C(C(ON(=O)(=O)))C(C)(C(OO))C(=O)C(ON(=O)(=O)),-7.2068454828586255,-7.0590267
C(=O)(O)C1OC1C(O)C(=O)C(=O)(OO),-8.844764241035591,-8.640828
C1(=O)C(=O)C(OO)=CC(=O)OC1(OO)C,-7.725114154585754,-7.770835
C(=O)(O)C(O)C1OOC(O)(C1(O)(OO))C(=O),-11.132873525864852,-11.3270855
C(O)C(=O)CCC(=O)C(=O),-4.2047760922359885,-4.785871
C(=O)CC1(O)OC1(OO)C(=O),-5.439940690393996,-5.1632695
C(=O)(O)C(OO)=C(C(ON(=O)(=O)))C(OO)OC(=O),-9.151986634555215,-8.608437
C(=O)(O)C(O)C(OO)C1(C(OO))OC1(O)C(=O)(N(=O)(=O)),-12.714557250503276,-13.0811205
C(=O)(O)C(=O)C1OC1(=O),-3.433798787980777,-1.1465026
C1(=O)OC1C(O)(C(ON(=O)(=O)))C(=O),-3.6873558374427375,-3.60062
C(=O)(O)C(OO)C(ON(=O)(=O))C(OO),-6.749873166692851,-7.2428904
CC(=O)C(ON(=O)(=O))CC=C(C)C(=O),-3.826921155297896,-3.6164289
CC(=O)C(O)CCC(ON(=O)(=O))CC,-3.9688185908598825,-4.8077593
CC(O)(C(=O)(OON(=O)(=O)))C(=O)C1OC1(OO)C(=O)(OON(=O)(=O)),-4.7784980583091965,-4.063917
CC(ON(=O)(=O))(C(ON(=O)(=O)))C(O)(C(OO))CC(=O)C(=O)C,-7.951692023354553,-7.305038
C(=O)(O)C1(O)OC1C(O)(C)C(OO)C(=O)(OON(=O)(=O)),-9.221738819229358,-8.990724
CC1(C)OOC(ON(=O)(=O))(C(=O)C)C(=O)C1C(ON(=O)(=O)),-4.131446764495195,-4.5722966
C(=O)(O)C(ON(=O)(=O))C(O)(C(=O)(O))C1OC1C(=O),-9.769956284781074,-9.509088
CC(ON(=O)(=O))C(OO)CC(O)CC(OO),-8.149274425293697,-8.208512
C1(=O)C(=O)C(OO)(C)C(=O)OOC1C(=O)(OON(=O)(=O)),-4.182068583126238,-3.3602765
C(O)C(=O)C(=O)OOC(C(=O))C(=O),-4.895863845864369,-5.821461
C(=O)(OO)C(O)C(ON(=O)(=O))(C(ON(=O)(=O)))C(=O)C(=O),-5.032439228376461,-5.3741302
C(=O)(O)C(=O)OC(=O)C(O)(C)C(O)C(=O),-7.549959391690209,-8.769727
C(ON(=O)(=O))C(OO)C1(C(=O)(OON(=O)(=O)))OOC(=O)C1(=O),-4.567705138713791,-4.3101354
C(=O)(OO)C(C(=O)(OON(=O)(=O)))C(=O)(OON(=O)(=O)),-2.220683659215865,-1.4233477
CCC(=O)CC(ON(=O)(=O))C(OO)C(=O)CCC,-6.172495021728537,-5.454556
C1(=O)C(O)(C(=O)(OON(=O)(=O)))OOC1(C(O))C(=O),-4.632363466203969,-5.299354
CC(=O)C(=O)C(C)(C(OO))C(ON(=O)(=O))(C(O))C(=O)(OON(=O)(=O)),-7.301157370482542,-7.6172104
C1(=O)OC1C(=O)C(O)(ON(=O)(=O))C(=O)C,-3.72282010924755,-4.2656913
C(=O)(OON(=O)(=O))CC(=O)CCC(O)CCC(=O),-6.942275187153427,-6.8922324
CC1(C)C(OO)C(ON(=O)(=O))C1C(O)(C)C(=O)(O),-7.981995723679574,-8.188628
C(=O)(N(=O)(=O))C(OO)OC(=O)C(O)C(O)(C(=O)(O))C(ON(=O)(=O)),-9.966655223983253,-9.054371
CC(O)(C)C(ON(=O)(=O))C(OO)(C)C(=O)(OON(=O)(=O)),-4.342250298741419,-4.613604
C(OO)C(=O)C(=O)C(O)C(ON(=O)(=O))OC(=O),-6.053861588745349,-6.1651297
CC(=O)CC(O)CCC(ON(=O)(=O))C(=O)(O),-8.204134941766824,-9.273426
C2(=O)C(O)C(ON(=O)(=O))C1(C(=O)(OO))OOC2C1(O),-8.186175228733191,-8.151989
CC(=O)CCC(O)CC(=O)CC(=O)C(OO),-8.750308563016006,-9.687244
C(O)C(OO)(C(=O))C(OO)(C1(O))OOC1C(=O),-11.523792524800228,-10.879862
CC(=O)CC(C(OO)(C)C(=O)(OO))CC(=O)(OON(=O)(=O)),-7.561404812306137,-6.9458604
C(=O)(O)C(O)C(ON(=O)(=O))C(=O)OC(=O)C(=O)(OON(=O)(=O)),-5.531532880093437,-5.5306306
C(=O)(OO)C(O)(N(=O)(=O))C(=O)C(OO)OC(=O)C(=O),-6.7813025931609445,-7.334784
C(=O)(N(=O)(=O))C1OC1C(=O)C(O)(C)C(=O)(O),-6.673488941116375,-5.396203
C1(O)C2(O)OOC1C(N(=O)(=O))C(=O)C2(OO),-8.403332982630673,-11.849641
C(=O)(O)C(C(=O))C(C)(C)C(ON(=O)(=O))CC(=O),-7.35725102469587,-7.137289
C(=O)(OON(=O)(=O))C(OO)=CC1(OO)OC1(C)C(=O),-6.68386567457128,-5.6547503
C1(ON(=O)(=O))C=CC(C2(O)(OO))OOC12C(=O),-6.649643620115967,-6.55164
CC(ON(=O)(=O))CCC(=O)CC(=O)CCC(O),-7.018789105477481,-6.0535007
C(=O)(OO)C(ON(=O)(=O))C(ON(=O)(=O))(C(=O))C(=O)OC(=O),-4.430122141384345,-4.4084134
C(=O)(O)C(C(=O)(OON(=O)(=O)))OOC(ON(=O)(=O))(C)C(OO)C(=O),-7.133258135705546,-7.5007043
C(=O)(O)C(=O)C(ON(=O)(=O))(C(OO))C(=O)(OO),-6.8561629773939785,-6.641661
C1(O)C(=O)OOC1C(ON(=O)(=O))C(N(=O)(=O))(OO),-5.5650422146536584,-6.0695806
C(=O)C(=O)C(=O)C1OC1(C(=O)(O))C,-4.60338222444625,-5.5945354
CC(=O)C(OO)(C(ON(=O)(=O))(C)C)CC(=O),-5.33857676936168,-5.25385
C(=O)(OO)C(O)(OO)C1OC1C(=O)(OO),-8.112051901418454,-8.488836
CC(=O)C(C(O))C(ON(=O)(=O))(C)C(=O),-4.3458140781731345,-4.9765043
C1(O)C(ON(=O)(=O))(C(OO))OOC1(O)C(=O),-7.140561407177302,-7.349185
CC(OO)(C(ON(=O)(=O)))C(OO)C(=O)C(ON(=O)(=O))CC(=O)C(=O),-8.969161506891396,-7.060422
C(=O)(O)C(=O)C(ON(=O)(=O))C1OOC(O)(C1(O)(N(=O)(=O)))C(=O)(OO),-10.11301518052278,-10.041035
CC(=O)C(ON(=O)(=O))C(=O)C1C(OO)C(OO)C1(C)C,-7.72281281369942,-7.3862476
CC(ON(=O)(=O))C(C)(C(OO))C(=O)C(ON(=O)(=O)),-5.386239068106079,-5.054342
C(=O)(O)CC(ON(=O)(=O))C(OO)(C)C(C(=O))C(=O)C,-8.845880065025995,-9.110926
C(=O)(OO)C(ON(=O)(=O))C(C(=O)(OON(=O)(=O)))C(OO)(C)C,-5.286927659471985,-5.8463726
C(=O)(OON(=O)(=O))C(=O)C(ON(=O)(=O))(C(OO)C(=O))OOC(=O),-4.317191148864367,-4.2540936
C(=O)(O)C(O)(N(=O)(=O))C(O)(C1(O))OOC1C(=O)C(=O)(OON(=O)(=O)),-8.936282482896786,-9.006724
C1(=O)OC1C(ON(=O)(=O))(C(OO))C(O)C(=O)(OO),-7.913198511178052,-7.8080506
C1(O)(O)C(ON(=O)(=O))OOC1C(OO)C(=O)C(=O)(OON(=O)(=O)),-6.524159165615856,-6.3942223
C1(ON(=O)(=O))C(O)(OO)C(=O)C(OO)OOC1(=O),-6.177691399720061,-6.925324
CCC(OO)CC(=O)CCC(ON(=O)(=O))C(OO),-8.145006082351756,-7.752494
CC(=O)CC(=O)C(OO)(C)C(=O),-4.431943079263874,-4.7975802
C(ON(=O)(=O))C(OO)C(O)(C)C(=O)(OON(=O)(=O)),-4.087476224962302,-4.265549
CC(=O)CCC(=O)C(OO)C(ON(=O)(=O))C,-5.611963237763121,-5.682015
C(=O)(O)C(OO)C(=O)(O),-6.508723257709789,-6.3458834
CC(=O)C(OO)(C1(C)C)C(OO)C1C(=O)(O),-8.705422886148881,-8.786591
C(=O)(OO)C(=O)C(ON(=O)(=O))(C)C(OO)OC(=O)C(=O)(OON(=O)(=O)),-5.831239620019915,-6.63457
C(=O)(OO)C(O)C(OO)C(O)(O)C(=O)C(=O),-10.733129496387846,-12.646178
C(=O)(O)C(OO)C(ON(=O)(=O))C1OC1(C(=O)(O))C(=O)(O),-12.41455401780695,-11.063745
C(=O)C(ON(=O)(=O))C(C(=O)(OON(=O)(=O)))(C(=O))OOC(=O),-3.3633954654469562,-2.9519467
C1(=O)OC1C(ON(=O)(=O))(C)C(ON(=O)(=O))(OO)C(=O)(OO),-6.26072809211837,-5.105813
C1(O)(N(=O)(=O))C(O)(C(=O))OOC1(C)C(=O)C(=O),-6.172261156196328,-5.640105
C1(=O)OC1(OO)C(OO)C(O)(C)C(=O),-8.457118051279394,-12.51363
C(=O)OOC(=O)C(ON(=O)(=O))(C)C(=O)C(=O),-2.943585954122682,-2.1547158
C(=O)(O)C(=O)C(OO)C(O)C(OO)OC(=O),-10.51759777055122,-10.2078285
C1(=O)OC1(=O),0.2543520988438104,2.8648071
C(=O)(OO)C(O)C(ON(=O)(=O))(C)C(C(=O))C(C)(C)C(=O),-7.607729618841404,-8.618278
C2(=O)C(OO)C(ON(=O)(=O))C1(ON(=O)(=O))OOC2(OO)C1(=O),-4.963597305686562,-3.5740829
C2(O)C(OO)C(=O)C(C1(O))OOC12C(=O)(OON(=O)(=O)),-7.555846689534519,-8.623935
C(O)C(=O)OOC(OO)(C(=O)(OO))C(=O),-7.780722295556188,-7.920781
C(=O)(O)C(=O)OC(OO)C=CC(=O)C(ON(=O)(=O)),-8.35810941208183,-8.963497
C(=O)(OO)C(OO)C(ON(=O)(=O))(C1(O))OOC1(C)C(=O),-8.878891631884471,-9.655337
CCCCC(=O)C(O)C(ON(=O)(=O))CC(=O)C,-5.3601455590105616,-5.471873
CC(O)(C(=O))C(OO)(C(=O))OOC(=O)C(=O),-7.080718542623799,-6.0993843
C(=O)(OO)C(=O)OC(=O)C(O)(C)C(=O),-5.379520308961219,-4.9132876
C1(=O)COOC1(C(=O)(OO))C(=O)(OON(=O)(=O)),-3.176003561977268,-4.036603
CC(O)CC(ON(=O)(=O))C(OO)C(=O)C(=O)C(=O)CC,-7.8361507245317625,-7.2886906
CC(=O)C=CC(C(ON(=O)(=O))(C)C)CC(=O)(OON(=O)(=O)),-4.9942135641977075,-5.1178236
C(ON(=O)(=O))C1(O)OC1(C)C(=O)(OO),-4.284318170652114,-4.525441
C1(ON(=O)(=O))C(ON(=O)(=O))OOC(=O)C=C1C(OO),-5.303645670446713,-5.917593
C(=O)(OON(=O)(=O))CC(O)(C1(O))OOC1C(=O),-6.447265774044354,-6.594588
C(=O)(OO)C1(O)OC1(OO)C(C(=O))C(=O),-7.533364229260769,-7.012919
C(=O)OC(OO)C(O)(C(=O)(OON(=O)(=O)))C(ON(=O)(=O))C(=O),-5.932215355631342,-6.2902374
C12OC1C(=O)CC(=O)C2(O)(OO),-5.713308488298935,-7.76865
CC(OO)CCC(O)CC(OO)C(ON(=O)(=O)),-8.825487319976673,-9.275432
C(=O)(OO)C(=O)C(O)C1OC1(OO)C(=O)(OON(=O)(=O)),-6.696209384568647,-7.639987
C(ON(=O)(=O))C(ON(=O)(=O))(C(=O))C(C(=O)(O))OOC(=O),-6.083285363165487,-5.9474688
CCC(=O)CC(=O)CCC(OO)C(ON(=O)(=O))C,-6.126237405263964,-6.471668
C(=O)(OO)C(=O)C(=O)C(=O)C(C(=O)(O))C,-6.579334141024447,-6.984717
CC(=O)C(C)(C)C(ON(=O)(=O))(C(=O))C(OO)C(=O)(OO),-7.06291463703019,-7.646164
CC(OO)CCCC(OO)CCC(O),-8.4615312347305,-8.836318
C1(=O)C(=O)OOC1(C)C(N(=O)(=O))(ON(=O)(=O))C(=O)C(=O),-3.462656511223031,-2.5179844
C(=O)(O)C1(O)OC1(N(=O)(=O))C(OO)(C)C(O)C(=O),-10.572240811892698,-10.275277
C(=O)(O)CC1(ON(=O)(=O))CC(ON(=O)(=O))(C(=O)C)C1(C)C(OO),-8.851827572256298,-8.43644
C1(N(=O)(=O))(OO)OC1(OO)C(ON(=O)(=O))(C)C(=O),-5.487217920308467,-5.525619
CC1(C(=O)(O))OOC(OO)(C1(O)(N(=O)(=O)))C(O)C(=O),-10.50695530592202,-8.953388
C(O)C(=O)C1(ON(=O)(=O))OC1C(OO),-5.159939478595334,-3.4384997
CC(=O)C(C(=O)(OO))C(C)(C(ON(=O)(=O)))C(ON(=O)(=O))C(=O),-6.153430891121388,-6.263603
CC(=O)C(C(=O))C(ON(=O)(=O))(C)C(OO)CC(=O),-7.073738264400163,-8.086406
C(O)C(=O)C(=O)C(ON(=O)(=O))(C)C(=O),-3.377987043615576,-3.2209394
C(=O)(O)C(O)C1OOC(OO)(C(=O))C1(O)C,-10.393639534129761,-9.258656
C1(=O)OC1C(O)(C(=O)(O))C(ON(=O)(=O))C(=O),-6.730019838028966,-6.4108596
C12OOC(O)(C1(O))C(ON(=O)(=O))C(O)(OO)C2(ON(=O)(=O)),-8.734278207492025,-11.273822
C(=O)(N(=O)(=O))C1(O)OC1(O)C(=O)C(O)C(=O),-6.790538286255469,-7.2121773
C1(O)C(ON(=O)(=O))C(=O)C(=O)OOC1(C)C(=O)(O),-6.9028924550402735,-8.519924
C1(O)(O)C(C(=O)(OON(=O)(=O)))OOC1(C)C(OO)C(=O),-7.77536798471192,-5.5453644
C(=O)C1OC1(OO)C(OO)=CC(=O),-7.048927338470094,-6.524892
C(=O)(OO)C(=O)C(=O)CC1OC1C(=O)(OO),-7.955460485343792,-9.966343
CC(=O)CCC(ON(=O)(=O))C(O)C(=O)(OO),-6.334263653727248,-6.5744667
C(=O)(OO)C(=O)C1OOC(C1(O))C(ON(=O)(=O))C(=O)(OON(=O)(=O)),-7.401755214315926,-8.561661
C1(O)C(=O)C(OO)CC(ON(=O)(=O))C1(ON(=O)(=O))C,-6.422039922756085,-7.5320034
C(=O)(OON(=O)(=O))C=C(OO)C1(ON(=O)(=O))OC1C(=O),-5.021837448624865,-3.2736392
C1(O)(O)C(OO)OC(=O)C(ON(=O)(=O))(C(O))C(OO)C1(=O),-10.716631324048649,-12.245581
C(=O)(O)C(O)C(=O)C(N(=O)(=O))C(O)C(=O),-8.72265950016299,-7.010908
CCCCC(ON(=O)(=O))C(O)CCC(=O)(OON(=O)(=O)),-5.176829871721566,-4.6504827
CC(OO)(C)C(C(=O)(OON(=O)(=O)))CC(=O)C(O),-6.220361276191397,-7.430821
C1(=O)CC=CC(=O)C1(O)C,-3.350147257984645,-3.2510693
C(=O)(OO)C(ON(=O)(=O))C(O)(C)C(ON(=O)(=O))OC(=O),-5.810487490427477,-7.098085
C(=O)C1(OO)OC1C(OO)=C(N(=O)(=O))C(=O),-7.948252572416095,-7.93437
C(=O)(OO)C(O)C(OO)(C)C(=O),-6.158717403941409,-6.7780533
CC(O)CCC(=O)CC(=O)C(OO)C(ON(=O)(=O))C,-8.930524809489725,-8.60796
C1(=O)C(C(=O)(OO))OOC1(C(O))C(=O)(OON(=O)(=O)),-5.575316481157643,-6.404044
CC1(C(=O)(O))OC1(OO)C(=O)C(O)C(=O)(OO),-9.716295366029954,-7.7378683
C(OO)C1OOC(O)(C1(O))C(=O),-7.21630866893247,-7.892378
C1(ON(=O)(=O))OC1(C(OO))C(OO)C(O)C(=O)(OO),-9.047050783905433,-10.274569
CC(=O)C(=O)CC(OO)(C(O))C(C)(C)C(=O)(OON(=O)(=O)),-6.812356814258237,-6.40633
C(=O)(OO)C(O)(O)C1OC1C(O)(C(OO))C(=O),-11.40015021392901,-11.059028
C12OC1(OO)C(N(=O)(=O))C(=O)C(=O)C2(O)(O),-7.37585999044677,-6.552484
CC(OO)CC(ON(=O)(=O))CCC(=O)CC(=O),-7.069272826251108,-6.2522454
C(=O)(OO)C(N(=O)(=O))C(=O)C(=O)OC(=O)C(=O),-4.520663118630182,-4.9001207
C1(=O)C(O)(OO)C(=O)C(=O)OOC1(C)C(=O)(O),-7.542101971939701,-7.0967317
C(=O)(O)C(=O)C(C(ON(=O)(=O)))CC(=O),-5.670603172748088,-6.072384
C(=O)C(=O)C(O)(OO)C1(O)OC1C(=O),-7.240576173353475,-7.466169
CC(O)CCC(ON(=O)(=O))CCC(ON(=O)(=O))CC,-4.864942414114921,-5.941266
C(=O)(O)C(O)C(OO)C1(C(=O)(OO))OC1(ON(=O)(=O)),-9.291762360706343,-8.844329
C(=O)(O)C(ON(=O)(=O))C(C(=O)(O))(C(=O)(OO))OOC(=O),-9.368340825676569,-8.52169
C(=O)(O)C(C(=O))=C(OO)C1(N(=O)(=O))OC1C(=O),-8.220037095314183,-8.244781
C(=O)(O)C1(O)OC1(ON(=O)(=O))C(OO)C(=O),-6.793716977168515,-8.153867
CC(ON(=O)(=O))(C(=O)(O))C(C(=O))C(O)(C)C,-6.685645073874184,-7.078549
C1(ON(=O)(=O))C(=O)C(ON(=O)(=O))C(OO)OOC1C(=O)(O),-7.0929648867677315,-6.9309945
C(=O)(O)C(=O)C(O)(O)C(N(=O)(=O))(OO)C(ON(=O)(=O))(C)C(=O),-10.081792462045996,-8.438615
C(=O)(OO)CC(O)(C(=O)(OO))OC(=O)C(=O),-7.664547666285216,-6.5199704
C(O)C(=O)C1C(OO)C(OO)(C(=O)(OON(=O)(=O)))C1(C)C,-7.841474010831007,-9.658169
C1(OO)OC1(O)C(ON(=O)(=O))C(OO)C(=O)(O),-8.784672419631534,-8.689862
C(=O)C1OC1C(C(ON(=O)(=O)))=CC(=O),-4.5925393983307,-3.524549
C(O)C(=O)C(=O)OC(OO)C(=O)C(ON(=O)(=O))C(=O)(OON(=O)(=O)),-6.383877271156962,-6.3232102
C(O)C(=O)C(=O)C(OO)(C(=O)(O))OOC(=O),-8.666619170442573,-7.8140445
C(=O)(OO)C(ON(=O)(=O))C(ON(=O)(=O))(OO)C1OC1(C(O))C(=O),-8.868632089943276,-10.148476
C(=O)C(=O)C(OO)C1(OO)OC1C(=O),-6.086522182653425,-6.044775
C(=O)(O)C(=O)OC(=O)C(ON(=O)(=O))C(OO)C(ON(=O)(=O)),-6.979769189940271,-7.533762
C(=O)C(=O)C(O)(C(=O)(N(=O)(=O)))OOC(=O)C,-4.066603887735255,-4.117239
C(OO)C(=O)C(N(=O)(=O))(OO)C(=O)(OON(=O)(=O)),-3.7478407276757935,-3.5419111
C(=O)(O)C1OC1(C(OO))C=C(=O),-5.820853922057722,-5.57128
CC(=O)CC(=O)C(OO)CCC(ON(=O)(=O)),-6.411869298626698,-6.134251
C(=O)(O)C(OO)C(OO)OC(=O)C(ON(=O)(=O)),-8.18544750260844,-8.153105
C(=O)(O)C(O)C(ON(=O)(=O))C1OC1(C)C(=O)(OO),-8.612765608242626,-10.8323
C(=O)(O)C(=O)OC(=O)C(N(=O)(=O))C(=O)C(=O)C(OO),-7.526172924350249,-7.0308948
C(N(=O)(=O))(ON(=O)(=O))C(=O)C(OO)(C)OC(=O)C(=O),-3.8640084824655787,-3.954465
C(=O)(OO)C(=O)C(ON(=O)(=O))C(=O)OOC(=O)C,-5.189876529755566,-5.012952
C(ON(=O)(=O))CC(=O)CC(OO)CC(ON(=O)(=O)),-6.24005947425394,-6.8042955
C(ON(=O)(=O))C(=O)CCC(OO)C(=O)(OO),-6.734120297704067,-6.2790165
CC(OO)CCC(O)CC(=O)CC(ON(=O)(=O))C(ON(=O)(=O)),-9.970824150757835,-10.324899
C1(=O)OC1C(ON(=O)(=O))C(=O)C(=O)C(OO),-4.58370892599487,-4.199545
C12OOC(O)(C1(O)C)C(=O)C(O)C2(=O),-6.910445757275738,-6.8166294
C(=O)(O)CC(=O)OC(OO)(C(=O)(O))C(ON(=O)(=O)),-9.3544215095244,-9.470404
C(ON(=O)(=O))C(=O)C(O)C(ON(=O)(=O))C(O)C(=O)(OO),-7.639205314277206,-7.607782
CC(=O)C(O)(OO)C(ON(=O)(=O))C1OC1(OO)C(=O),-7.903184412480186,-5.652435
CC(=O)OOC(=O)C(=O)C(O)(N(=O)(=O))C(=O),-4.066603887735255,-4.295012
CC(=O)C(O)C(ON(=O)(=O))(C)C(=O),-3.227609190704243,-3.5839763
C(N(=O)(=O))(OO)C(=O)C1OC1C(=O),-3.9491313712605915,-3.8162594
C(=O)(O)C(C(=O))=CC(=O)OC(=O)C(=O),-5.931429027521517,-5.4364157
C(=O)(OO)C=C(C)C1(OO)OC1(OO)C(=O),-8.53058876871728,-8.58548
C(ON(=O)(=O))C(=O)C(OO)C(O)(C(=O)(OO))OOC(=O),-8.042027716408484,-6.883935
C(=O)(O)C1(OO)OC1(N(=O)(=O))C(C)=CC(=O)(OON(=O)(=O)),-6.3885024006413005,-6.049025
C1(O)C(N(=O)(=O))(OO)OOC1C(=O),-5.168768190949777,-5.1931205
C(ON(=O)(=O))C(=O)C(C)(C(OO))C(=O)C(OO),-7.130989050496282,-7.299597
CC(=O)C(OO)C(C)(C(OO))C(C(OO))C(=O),-10.746790501561918,-10.222081
CCCCCC(ON(=O)(=O))C(=O)C(ON(=O)(=O))C(O),-5.896131161465746,-5.0504127
C(=O)(OO)C=CC1(C)OC1(OO)C(=O)(OON(=O)(=O)),-6.010031580215582,-7.470316
CC(OO)(C)C(=O)C(O)C(=O)C(O)(C)C(=O)(OON(=O)(=O)),-7.008503742297762,-8.212728
C1(OO)OC1C(O)C(OO)C(=O)C,-7.347324593203666,-7.4946213
C(=O)(N(=O)(=O))C1(O)OC1(N(=O)(=O))C(C(=O)(OO))=CC(=O),-7.310254590767727,-7.5065827
C(=O)C(O)(O)C(=O)CC(=O)C(=O),-5.511414547196182,-7.356695
C(=O)(O)C(O)C(=O)C(OO)OC(=O)C(=O),-7.443501271820423,-8.233459
C(=O)(OO)C1(O)C(ON(=O)(=O))(C(ON(=O)(=O))C(=O))OOC1C(=O),-7.18184136794298,-5.9479985
CC(=O)C(C1(C)C(=O)(O))CC1CC(=O)(OO),-8.50306118853041,-9.670701
C(=O)(O)C(O)C1OOC(OO)(C1(O))C(=O)(OON(=O)(=O)),-9.2051162552998,-9.2195835
C(=O)(N(=O)(=O))C(=O)OC(=O)C(O)C(OO)(C(O))C(=O),-8.006659116075753,-8.357282
C1(ON(=O)(=O))OC1(O)C(=O)C(O),-3.9733479009300936,0.46227878
C(=O)(OO)C(O)(OO)C(=O)C=C(=O),-5.367023712416994,-7.6116414
CC(ON(=O)(=O))(C(=O)(OO))C(=O)C(O)(O)C(N(=O)(=O))(OO)C(=O),-9.062137395390891,-7.1062646
C(=O)(O)C(O)(O)C(=O)C(ON(=O)(=O))C(=O)C(ON(=O)(=O)),-7.310171459979756,-8.998959
C(=O)(O)C1(C(ON(=O)(=O)))OOC(C1(O))C(OO)C(=O)(OO),-11.258767225746851,-12.725543
CC(=O)C(C(OO)(C(O))C(ON(=O)(=O)))CC(=O),-8.224084110115655,-7.8058076
C(=O)C(O)C(OO)(C1(O))OOC1(O)C(=O),-8.742919643562345,-11.1133175
C(=O)CC(ON(=O)(=O))(C(OO))OC(=O),-4.205160999154032,-4.8702903
C(=O)(O)C1OC1(N(=O)(=O))C(O)(OO)C(ON(=O)(=O))C(=O),-8.716225562708132,-8.591637
C(=O)(OON(=O)(=O))C(O)C1OOC(C(=O))C1(O)C(=O)(O),-8.768786108772474,-10.111
CC(=O)C(=O)C(C(=O)(O))OOC(ON(=O)(=O))C(=O)(OO),-7.698851611265127,-8.228535
CC1(C)C(OO)(C(ON(=O)(=O)))CC1C(=O)C(OO),-7.351616617354011,-7.6749845
C(=O)(O)C(ON(=O)(=O))C(ON(=O)(=O))C(O)C(=O)C(=O),-6.612202380601957,-5.3251595
C(=O)(OO)C(N(=O)(=O))(OO)C1OOC(C1(O))C(=O)(OON(=O)(=O)),-7.892701055476209,-7.80743
CC(C)=C(C(=O)(OON(=O)(=O)))C(=O)C,-1.4503920699971786,-1.2690724
C(=O)(O)C(=O)OC(=O)C(O)(C(OO))C(=O)(OON(=O)(=O)),-6.851186233350745,-7.4610457
C(=O)C(ON(=O)(=O))C(=O)OOC(=O)C(ON(=O)(=O)),-3.7403637021307077,-3.683144
C(=O)(OON(=O)(=O))C(=O)C1(O)OC1C(=O)(OON(=O)(=O)),-2.2395132355486567,-2.189566
C(=O)(O)C(=O)C(C)C(OO)OC(=O)C(=O)(OON(=O)(=O)),-6.405839373572235,-6.1089673
C(OO)C(=O)C(OO)C(=O)C1OC1C(=O),-7.4425896990032925,-7.929601
C1(O)C(=O)OOC1(C(ON(=O)(=O)))C=CC(=O),-6.071398280571884,-6.689733
C(OO)C1(C(=O)(OON(=O)(=O)))OOC(OO)(C1(=O))C(ON(=O)(=O))C(=O),-6.587365622239304,-6.9929957
CC(=O)C(OO)CC(=O)CCCC(OO)C,-8.71134128003905,-8.077137
CC(OO)(C(=O)(O))C(ON(=O)(=O))(C(OO))CC(=O),-9.350488597319782,-10.718468
CC1(C)C(ON(=O)(=O))CC1CC(=O),-3.442703057782637,-2.745452
C(=O)C(ON(=O)(=O))C(=O)C(C)=C,-2.1858907506466494,-1.7700112
C(=O)(OO)C1OOC(O)(C1(=O))C(=O)C(=O)C,-6.986124728249706,-6.7702193
C12OOC(O)(C1(O)C)C(=O)C(O)(OO)C2(ON(=O)(=O)),-8.289662163922912,-7.904442
C(=O)(O)C(O)C(O)C1(C(ON(=O)(=O)))OC1(OO)C(=O),-10.580734203082102,-10.382291
C2C(=O)C(=O)C(O)C1(OO)OC12(ON(=O)(=O)),-5.217458608221932,-6.7036595
C12OOC(O)(C1(=O))C(ON(=O)(=O))C(ON(=O)(=O))(C)C2(=O),-4.26549261085529,-3.0709777
CC(=O)C(ON(=O)(=O))C(C)(C)C(C(=O)(OO))C(=O),-5.3511298545963655,-5.9617023
C(=O)(O)C(ON(=O)(=O))C(OO)OC(=O)C(=O)C(=O),-6.510420467639051,-5.7696657
C(=O)(O)C(N(=O)(=O))C(=O)C1(C)OC1C(=O)(OON(=O)(=O)),-5.3424568881200685,-5.897115
C(=O)(N(=O)(=O))C1(OO)OC1C(C(ON(=O)(=O)))=CC(=O)(O),-7.127219545243861,-7.080952
C(=O)(OO)C(N(=O)(=O))=C(C(=O)(OON(=O)(=O)))C1OC1C(=O),-6.004115005140193,-4.781993
C12(O)OOC(OO)(C1(O)(N(=O)(=O)))C(=O)C(ON(=O)(=O))C2(=O),-5.943631965456007,-5.4140654
C1(ON(=O)(=O))C(OO)(C)C(ON(=O)(=O))C(=O)OOC1C(=O)(OO),-7.129837975193368,-6.0626903
C1(ON(=O)(=O))OC1(OO)C(OO)C,-3.8263082654739264,-3.5570354
CC(=O)C(OO)C(=O)C(=O)C(OO)C(=O),-6.2376707929433906,-5.435999
C1(=O)C(=O)OOC1C(=O)C(OO)(C)C(=O),-4.815620576973743,-4.7222915
CC(OO)(C(=O)(O))C(C(=O))C(C)(C)C(OO)C(=O),-10.99491818223396,-11.84488
C(=O)(O)C1(O)OC1(C(ON(=O)(=O)))C=CC(=O),-7.402574808216741,-8.709016
CC(OO)(C(OO))C(=O)C(ON(=O)(=O))(C)C(ON(=O)(=O))CC(=O),-8.874492418195587,-7.417896
CC1(C)C(=O)CC(OO)C(O)(C)C1(OO)C(=O)(OON(=O)(=O)),-7.739772450575401,-8.10112
CC(O)(C(=O)(O))C(=O)C(C)(C)C(C(ON(=O)(=O)))C(=O)(OON(=O)(=O)),-7.859724337049556,-7.22739
C1(=O)COOC1C(=O)C(=O)(OON(=O)(=O)),-2.010315874405933,-1.2809174
C(=O)C1(O)OC1(C(OO))C(OO)C(=O),-8.256066490859666,-8.5927925
C(=O)(OO)C1OC1C(O)C(=O)(OON(=O)(=O)),-5.019897424688679,-5.5474796
C(=O)C=CC1(OO)OC1(C(=O))C(=O),-5.976130589042441,-6.124717
CC(=O)C1OC1(ON(=O)(=O))C=CC(=O),-3.428083237598912,-3.2680025
C(=O)(O)C1(OO)OC1(O)C(ON(=O)(=O)),-6.050573401636939,-8.03861
C1(O)(O)C(ON(=O)(=O))OOC1(C(ON(=O)(=O)))C(=O)C(=O),-6.186504632409196,-6.5772576
C(=O)(OO)C(ON(=O)(=O))C(OO)(C(ON(=O)(=O)))C(O)C(=O)C(=O),-7.764292796910013,-7.0505743
C(O)C(=O)C(OO)OC(=O)C=C(=O),-5.783293091568339,-5.503976
C(=O)(N(=O)(=O))C(=O)OC(=O),0.5730257184040966,-0.29769614
C(=O)(N(=O)(=O))C(OO)OC(=O)C(=O)C(O)(C)C(=O)(O),-7.6962125218851725,-7.7361245
CC(ON(=O)(=O))C(OO)C(OO),-4.022088579946285,-4.061903
C1(O)C(O)OOC1C(OO)(C)C(=O)(OON(=O)(=O)),-6.175363605383609,-7.091733
C(=O)(OO)C(=O)C(ON(=O)(=O))C1OOC(OO)(C1(O))C(=O),-9.217903617220145,-8.300154
CC(C(=O)(OON(=O)(=O)))=C(OO)C(O)OC(=O),-5.628857754618366,-3.2075396
C(=O)(O)C1(N(=O)(=O))OC1C(O)(C)C(ON(=O)(=O))C(=O),-7.17078397862133,-7.3977504
C(=O)(O)C(OO)C(OO)(C(=O))C(=O)C(=O),-8.363131409929338,-8.491786
C(=O)(O)C1OC1(OO)C(C(=O)(O))C(=O),-9.308013760899485,-9.462134
C(=O)(O)C1(C(OO))OOC(C1(O))C(=O),-8.854965183742024,-9.447701
C(=O)C(=O)C(C(=O)(O))(C(ON(=O)(=O)))OOC(=O),-5.280956985527155,-5.0051003
C(O)C(=O)C1(O)OC1(N(=O)(=O))C=CC(=O),-7.325947353554511,-6.79756
CC(=O)C(C)(C)C(C(=O)(OON(=O)(=O)))C(=O),-2.5844156812527217,-3.4358816
C(ON(=O)(=O))C(OO)C(C)(C)C(C(=O)(OON(=O)(=O)))C(=O)C(O),-7.500600598792516,-7.5312896
C1(OO)OC1C(C(O))=C(OO)C(=O)(OO),-9.444278522249078,-8.083403
C(=O)(O)C(O)C(OO)C1(C(=O)(OON(=O)(=O)))OC1(ON(=O)(=O))C(=O),-8.082627588035393,-8.746477
CC(=O)C(ON(=O)(=O))C(=O)C(C(O))C(=O)C,-5.010405781573354,-4.689299
C(=O)C(=O)C(ON(=O)(=O))(OO)C1OC1C(=O)C(ON(=O)(=O)),-5.49878825243286,-5.737913
C(O)C(=O)OOC(OO)(C(=O)(O))C(ON(=O)(=O))C(=O),-9.099607290470885,-9.019431
CC(OO)(C(=O)(O))C1C(=O)C(C(=O))C1(C)C,-8.123077259293495,-8.932292
C(=O)(O)C(=O)OC(OO)(C(=O)(OO))CC(=O),-8.930915557713888,-8.970554
CC(=O)C(=O)CC(C(OO)(C)C(ON(=O)(=O)))C(ON(=O)(=O))C(=O)(OO),-8.773157270483352,-8.002919
C1(O)C(ON(=O)(=O))C(=O)C(O)(C2(=O))OOC12C(ON(=O)(=O)),-6.324487831963779,-5.5187106
C1(O)C(=O)OOC1(O)C(=O)C(=O)C(=O),-5.338850104024459,-5.097615
C(=O)C(ON(=O)(=O))C(=O)C(O)(C(=O)(OO))C(ON(=O)(=O))C(=O),-5.828784931080008,-6.532989
CC(=O)C(ON(=O)(=O))(C(ON(=O)(=O))(C)C)CC(=O)CC(=O)(O),-7.015712765522039,-7.13536
C(=O)(OO)C1OOC(ON(=O)(=O))(C1(=O))C(OO)(C)C(=O)(OON(=O)(=O)),-6.181695589079027,-7.28897
C(O)C(=O)OC(OO)C(O)C(=O),-7.5951569888566155,-6.5924463
C(=O)(OON(=O)(=O))C(O)C(OO)C1(OO)OC1C(=O),-7.376358046509267,-6.887666
C(=O)(O)C(O)OOC(=O)C(=O)C(=O)C(OO),-8.444320866052294,-7.0292263
CC(=O)C(O)C(C)(C)C(OO)C(OO),-7.828459709628078,-7.962031
C(=O)(OO)C(ON(=O)(=O))CC(C(=O))C(=O)C,-5.595577674765082,-5.0787177
CC(=O)C(ON(=O)(=O))C(N(=O)(=O))(OO)OOCC(=O)(O),-7.484746950452973,-7.3350945
C12OOC(C1(O)(O))C(OO)C(ON(=O)(=O))(OO)C2(ON(=O)(=O)),-9.220633516524686,-9.794811
C(=O)(N(=O)(=O))C(=O)OC(=O)C(ON(=O)(=O))C(O)(C)C(=O)(O),-6.074736187598319,-6.1295123
C(=O)(O)C1OC1(OO)C(OO)(C)C(=O)(OON(=O)(=O)),-7.03843487393533,-7.2930274
C(=O)(O)C(=O)C(ON(=O)(=O))C(=O)C(=O)C(OO),-6.304503821917024,-6.123351
C(=O)(OO)C1OC1(ON(=O)(=O))C(C(=O)(OO))C(=O),-7.086374129110482,-7.09632
C(=O)(OO)C(O)(OO)C(O)C(ON(=O)(=O))(C)OC(=O),-8.895645640521252,-11.319018
C(=O)(O)C(ON(=O)(=O))C(O)(N(=O)(=O))C1(O)OC1(C)C(=O),-8.6454318931319,-5.743879
C1(=O)C(OO)C(ON(=O)(=O))C(C)(C(=O)(OO))OOC1(=O),-6.809416625503218,-7.7125793
C1(=O)C(OO)(C(ON(=O)(=O)))OOC1(N(=O)(=O))C(=O)C(=O),-4.389741862123628,-4.5561357
C(=O)(O)C(ON(=O)(=O))(C(ON(=O)(=O)))C(=O)C1OC1C(=O),-6.153540549214085,-5.817614
C(OO)C(=O)OOC(C(=O)(O))(C)C(=O)(OON(=O)(=O)),-6.153369179246511,-6.4948134
C12OOC(C1(O)(O))C=C(C2(=O))C(OO),-8.68037140753222,-8.3580475
C(O)C(=O)C(O)C(OO)(C1(O)(N(=O)(=O)))OOC1C(=O)(OON(=O)(=O)),-9.235893273082183,-10.327369
C(=O)CC(O)C(ON(=O)(=O))(C)C(ON(=O)(=O))C(=O),-5.6169503887831524,-6.297689
CC(=O)C(C)(C(O))C(OO)C(O),-7.36630802478976,-7.2112823
CC1(O)C(ON(=O)(=O))OOC1(OO)C(O)C(=O)(OON(=O)(=O)),-6.010425460477563,-7.5512075
C(O)C(ON(=O)(=O))CC(=O)CC(=O)CC(OO),-8.667593733680405,-8.303175
C(ON(=O)(=O))C(=O)C1OOC(OO)(C1(O))C(ON(=O)(=O))C(=O),-7.330059108757268,-8.045753
C(=O)(OO)C(N(=O)(=O))(ON(=O)(=O))C(=O)C(=O)C(=O)C(=O),-3.365733070670103,-3.8848555
C1(O)C(ON(=O)(=O))OOC1C(ON(=O)(=O))C(=O)C(OO),-6.551175563115976,-7.72107
CCC(=O)CC(=O)CC(ON(=O)(=O))C(O)C(OO)C,-7.866758649211988,-7.4079814
CC(=O)C(=O)CC(OO)(C(O)(C)C)CC(=O)(OO),-8.768086474123265,-9.801272
C1(O)C(O)C(=O)C(OO)OOC1(C)C(=O)(O),-9.765728517577372,-7.702547
C(=O)(O)C1OC1(C(ON(=O)(=O)))C(=O)C(O)C(=O)(OON(=O)(=O)),-6.6112403368533705,-5.893516
CC(=O)C(C)(C)C(O)(C(=O)(OO))C(=O)C,-5.516707696366211,-4.534628
C(OO)CCC(O)CC(OO)C(=O)CC(=O),-11.227292949013645,-10.532402
C(OO)C(=O)C(=O)OC(OO)C(=O)C(=O),-6.199640786951932,-6.4281864
CC1(C)C(=O)CC1C(OO)(C)C(ON(=O)(=O))C(=O)(O),-7.907988821483741,-8.4122715
C1(O)C(N(=O)(=O))(OO)C(=O)OOC(OO)C1(=O),-6.123178899782943,-5.5087385
C1(ON(=O)(=O))C(OO)C(OO)OOC1(C)C,-5.130564444658376,-5.583855
CC(ON(=O)(=O))C(=O)C(C)(C)C(C(=O)(O))C(=O),-6.0921441275313555,-6.772448
CC(=O)C(O)(C1(O)(N(=O)(=O)))OOC1C(O)C(=O)(OO),-8.995532918164827,-5.722177
C(=O)(O)C(O)C(OO)OOC(=O)C(=O),-7.806214647484012,-7.6980023
C(=O)C(=O)C(ON(=O)(=O))C(O)(C(=O)(OO))OOC(=O),-5.945309070084477,-5.5774264
C(=O)(OON(=O)(=O))C(N(=O)(=O))C(=O)C(=O)OC(OO)C(=O),-3.923276181325491,-4.5212545
C(=O)(O)C12C=CC(OO)C(O)(C1(O))OO2,-10.265301152518077,-9.289412
C1C(=O)C(O)(C)C(ON(=O)(=O))CC1C(OO)(C)C,-7.220186807029677,-8.047476
CC(=O)C(ON(=O)(=O))CC(ON(=O)(=O))CC(=O)CC(=O)(O),-8.265192496339296,-8.824713
C(=O)OC(=O)C(O)(C(O))C(=O)C(=O)C(=O),-4.790552707472671,-4.496729
CC(OO)(C(=O)(O))C(ON(=O)(=O))C(C)(C)C(O)C(=O),-9.221908360552334,-10.285795
CC(OO)(C)C(ON(=O)(=O))(C(=O)(OO))CC(=O)C(=O)C,-6.717828425793414,-5.6825833
C(=O)(OO)C1OC1(OO)C(=O)C(N(=O)(=O))C(=O)(OON(=O)(=O)),-5.675808015032089,-5.5647073
C(=O)(OON(=O)(=O))C(OO)C1(C(=O)(OON(=O)(=O)))OOC(C1(O))C(=O),-6.91307567045078,-5.6736693
C(=O)(OO)C1(C(=O))OOC(C1(O))C(ON(=O)(=O))C(=O),-7.805108042986831,-8.807523
CC(OO)(C)C(OO)(C(ON(=O)(=O)))CC(=O)(OO),-7.541386016571778,-5.8853
C(O)C(=O)C1OC1(N(=O)(=O))C(=O)(O),-6.142184443760925,-7.071889
CC(=O)CC(ON(=O)(=O))CCC(OO)CCC(ON(=O)(=O)),-7.998647604181315,-8.534014
C(=O)C(O)C(=O)C(OO)(C(=O))OC(=O),-5.700632915864844,-5.4683747
C(=O)(O)C(ON(=O)(=O))C(O)(C)C(=O)C(O)C(=O)(OO),-9.331106376386742,-4.594813
CC(OO)(C(=O)(N(=O)(=O)))OC(=O)C(OO)C(O)C(=O)(O),-10.193076142935752,-9.765567
C(=O)(OON(=O)(=O))C1OC1C(=O)C(C(=O)(OO))C(=O),-5.377926122069766,-4.029243
CCCC(O)CC(O)C(ON(=O)(=O))CC(=O),-7.578769653435302,-7.112061
C(=O)(OON(=O)(=O))C(=O)C(=O)C(O)C(=O)OC(=O),-2.7916468079856713,-2.633017
C(=O)(OON(=O)(=O))C(=O)C(OO)(C)C(O)(O)C(=O)C(=O),-6.470740992263018,-6.2028317
C(=O)(OO)C(O)C(OO)(C(ON(=O)(=O)))C(=O)OC(=O),-7.201245454667514,-7.7076783
C(=O)C(O)(O)C(N(=O)(=O))(OO)C(=O),-5.77310881770245,-6.305701
CC(OO)(C(=O)(OON(=O)(=O)))OOC(=O)C(=O)C(=O),-3.976040096644283,-4.7899714
CC(=O)C(OO)(CC(=O)(OO))CC(=O)(OON(=O)(=O)),-6.028801914777432,-6.1912217
C(=O)C1(O)OC1(OO)C(C(ON(=O)(=O)))=CC(=O),-7.7456387238853495,-6.978892
C(=O)(OO)C(OO)C(=O)C(O)OC(=O),-7.3526849266309,-6.527928
CC(=O)C1CC(OO)(C(ON(=O)(=O)))C1(C)C(=O)(OON(=O)(=O)),-5.879733492722153,-6.154259
CC(ON(=O)(=O))CCCC(OO)CCC(=O)(OO),-7.708613769249496,-9.705729
CC(=O)C(C(ON(=O)(=O)))C(OO)CC(=O)C(ON(=O)(=O)),-7.187642752604006,-7.836188
CC(OO)(C)C(ON(=O)(=O))C(ON(=O)(=O))C(=O)C(=O)C(O),-6.542767120015924,-3.4056628
C1(=O)CC(ON(=O)(=O))OOC1(C)C(=O),-2.7385062626308354,-3.0842705
C1(N(=O)(=O))(OO)OC1(O)C(=O)C(OO),-5.741904358503234,-3.865727
C1(OO)OC1(OO)C(ON(=O)(=O))(C(=O))C(=O),-4.9616334781530895,-5.298041
C(=O)(N(=O)(=O))C1(O)OC1(O)C(OO)C(O)C(=O)(OO),-10.398275815085071,-11.074749
C1(ON(=O)(=O))C=CC(ON(=O)(=O))(C(OO))OOC1C(=O)(O),-8.086521759058087,-7.951081
CCCCC(=O)CC(O)CC(ON(=O)(=O))C(ON(=O)(=O)),-7.043955836405075,-7.148626
C(=O)C(ON(=O)(=O))C(O)C(O)(C)C(=O)C(=O),-5.921923500180128,-4.641099
C(=O)(OON(=O)(=O))C(=O)OC(=O)C(OO)(C(O))C(=O),-5.038780434151704,-4.672473
C(OO)C(C(=O)(OON(=O)(=O)))C(O)(C)C(=O),-5.08985463877616,-5.025194
CC(O)C(=O)CC(=O)CC(O)CC(ON(=O)(=O))C(ON(=O)(=O)),-9.776099663165951,-10.287141
CC(ON(=O)(=O))CCC(=O)CC(O)CC(ON(=O)(=O)),-7.204797183487244,-7.167508
C1C(=O)C(OO)C2OOC1(OO)C2(=O),-6.585305222008174,-5.23319
C1(=O)C(=O)OOC1C(=O)C(OO)(C(=O)(O))C(ON(=O)(=O)),-7.663076662036474,-7.2184467
CC(=O)C(C(ON(=O)(=O))(C)C(=O)(OO))CC(OO)C(=O),-8.313804685370997,-7.6232224
C(O)C(OO)(C(OO))C(C(ON(=O)(=O)))CC(=O),-9.569042355680722,-9.825653
C(OO)C(ON(=O)(=O))(C(=O))C(ON(=O)(=O))C(=O)C(=O)C(=O),-5.221521417846816,-5.7375793
CC(ON(=O)(=O))(C)C(OO)(C(ON(=O)(=O)))C(=O)C,-4.646428512616694,-4.0419536
CC(ON(=O)(=O))CCCC(=O)CCC(=O)(OO),-6.28459547046441,-5.8432555
C12OOC(C1(=O))C(=O)C(OO)(C2(=O))C(=O),-4.662753848799184,-4.2819395
CC(=O)C(=O)C(C)(C(ON(=O)(=O)))C(C(ON(=O)(=O)))C(=O),-5.1441793454796425,-4.875377
C(=O)(O)C(OO)C1OC1(C(=O)(OO))C(=O),-8.755978028235404,-9.723097
CC(=O)C(OO)(C(OO)(C)C(ON(=O)(=O)))CC(=O)(OON(=O)(=O)),-7.253975520528911,-7.2138925
C(O)C(ON(=O)(=O))C(=O)C(OO)C(O)CCC(ON(=O)(=O)),-9.89366828823404,-10.342038
C1(=O)C(N(=O)(=O))(OO)C(OO)(C(=O)(OON(=O)(=O)))OOC(=O)C1C,-6.0708894800409325,-6.0104403
CC(ON(=O)(=O))(C)OOC(C(=O))C(ON(=O)(=O))(C)C(=O),-3.972938368689938,-4.64109
C(=O)(OO)C=C(OO)C1OC1(O)C(=O),-8.98173608394427,-8.302237
C1(=O)C(ON(=O)(=O))(C)OOC1C(OO)C(=O)(O),-6.280100143991149,-6.6419983
CC(=O)C(ON(=O)(=O))C(O)C(=O)C(C)(C)C(OO)C(OO),-9.672786647446628,-9.577844
C(OO)C(=O)CC(=O)C(OO)(C)C(=O)(OON(=O)(=O)),-5.931021775282716,-5.646521
CC(=O)C(ON(=O)(=O))(OO)C1OC1C(=O)(OO),-6.140960915723554,-6.5914607
C(=O)OC(ON(=O)(=O))C(C(=O)(OO))=CC(=O),-5.293923852816079,-4.928433
C(=O)C(O)(O)C(ON(=O)(=O))(C)C(OO)C(=O),-7.301469335248839,-8.306157
C(O)C(=O)OOC(=O)C(OO)C(=O)(O),-8.271017047445639,-7.484869
CC(ON(=O)(=O))C(ON(=O)(=O))C(OO)C(=O)C(OO),-6.516246711660642,-5.9881635
CC(=O)C(=O)C(C)(C)C(OO)(C(O))C(=O)(OON(=O)(=O)),-5.676845243797288,-5.2331934
CC(=O)CC(OO)C(=O)C(=O)CC(O),-7.059564262901404,-7.132109
CC(=O)C(=O)OOC(OO)C(O)(N(=O)(=O)),-5.080033193578856,-5.7943687
C2(=O)C(O)C(OO)C1(C(=O)(O))OOC2C1(=O),-8.753168672465108,-8.591834
C(=O)(OON(=O)(=O))C=C(C(O))C1OC1(OO)C(=O),-6.667075013716385,-5.5868506
C(=O)(O)C=CC1(OO)OC1(C(=O)(O))C(=O)(OON(=O)(=O)),-8.402410448237788,-8.902092
C(ON(=O)(=O))C(=O)C(C)(C(OO))C(C)C(=O)(OO),-7.1360464791468985,-6.716476
C(=O)(OO)C(O)C(ON(=O)(=O))(C1(O))OOC1(C)C(=O)(OON(=O)(=O)),-7.1507898509225924,-8.337692
C(ON(=O)(=O))C(=O)C(=O)CC(O)C(=O),-4.696450676048698,-5.0366654
C(=O)(OO)C1(OO)OC1C(O)C(OO)(C)C(=O),-9.88089279698761,-10.11006
C(=O)(OON(=O)(=O))C1(O)C(O)(C(=O)(OON(=O)(=O)))OOC1C(O)C(=O),-7.18592214032833,-7.5872855
C(=O)(OON(=O)(=O))C1(ON(=O)(=O))OC1(OO)C(C(=O))C(=O),-4.043787648435682,-3.9538715
C(=O)(OO)C1(ON(=O)(=O))CC(OO)(C(=O))C1(OO)C,-8.2987813774198,-6.781313
C1(O)C(=O)OOC1C(ON(=O)(=O))C,-3.6808104277915845,-3.4088845
C1(=O)C(C(=O)(OO))OOC1(C(=O))C(O)C(=O)(OON(=O)(=O)),-6.592632783038425,-6.264099
C(O)C(ON(=O)(=O))(C(O))C(C(ON(=O)(=O)))(C)C(=O)(OO),-7.496801116725692,-8.212756
C(=O)C(ON(=O)(=O))C1(O)OOC(OO)(C(=O)(O))C1(O)C(=O),-10.027771285931522,-11.818789
C(=O)(O)C(N(=O)(=O))(OO)C(OO)(C)OOC(=O),-7.7431215243268525,-8.653732
C(ON(=O)(=O))C(=O)CC(=O),-1.8124252778179653,-2.0868752
C1(OO)OC1C(OO)(C(=O)(O))C(O)C(=O),-10.148102870276489,-10.814327
C1(O)C(=O)C(ON(=O)(=O))C2OOC1(O)C2(O)(O),-7.789844474187703,-10.304205
C1(N(=O)(=O))(OO)OC1C(=O)C(=O),-3.081161372585484,-2.2855027
CC(O)(C(=O)(O))C(C(OO))C(OO)(C)C,-9.338659725886828,-9.807068
C(ON(=O)(=O))C(=O)C1OC1(N(=O)(=O))C(O)(O)C(=O)C(=O),-6.52217061239935,-8.139499
C(=O)(O)C(OO)(C(=O)(OON(=O)(=O)))C(ON(=O)(=O))C1OC1(O)C(=O),-8.13733873163801,-9.496192
CCCCCCC(O)CC(ON(=O)(=O)),-4.2587539879423275,-3.7449248
C12OC1(C(ON(=O)(=O)))C(OO)C(=O)C(=O)C2(O),-6.060539603484358,-5.8510203
C1(N(=O)(=O))C(=O)C(=O)C(=O)OOC1(ON(=O)(=O))C(=O)C,-4.212165503635333,-3.5975242
CC1(C)OOC(OO)CC1(ON(=O)(=O))CC(=O)(OO),-7.551120693500707,-7.5279484
C1(=O)C2OOC1(C)C(ON(=O)(=O))(OO)C(ON(=O)(=O))C2(OO),-6.081857876757567,-6.232058
C(=O)(OO)C(O)(O)C1OC1C(ON(=O)(=O))(C(O))C(=O)(OON(=O)(=O)),-8.613568180957373,-8.600778
C(=O)(OON(=O)(=O))C(=O)C(O)C(O)(C(=O))OOC(=O)C(=O),-6.292750303407956,-4.7438235
C2(=O)C(OO)=C(N(=O)(=O))C(C1(=O))OOC12C(ON(=O)(=O)),-6.667966336863174,-5.225244
C12OOC(C1(O)C(ON(=O)(=O)))C=CC2(OO),-6.179246742292889,-7.6439548
C1(O)(O)C(=O)OOC1CC(=O)C(=O)(N(=O)(=O)),-6.286772647257749,-4.898869
C1(OO)C=C(OO)C(C)(C(=O)(O))OOC1(=O),-9.094177770897659,-9.696317
C(=O)(O)C(ON(=O)(=O))C(O)(C(=O)(OO))OOC(=O)C(=O),-8.349845514178014,-7.256987
C(=O)(O)C(O)C(ON(=O)(=O))(C(ON(=O)(=O)))C1OC1C(=O)(OO),-9.160254287940916,-9.554739
CC(=O)C(=O)CC(=O)CC(OO)C(=O)CC,-5.654358823201619,-6.1802306
C(=O)(O)C1(N(=O)(=O))OC1(O)C(C)=CC(=O)(OON(=O)(=O)),-6.444837409086176,-7.0188584
CC(ON(=O)(=O))(C)C(CC(=O)(OON(=O)(=O)))C(O)(C)C(=O),-5.430844860227808,-6.0419555
C(O)C(=O)OOC(C(=O)(OO))C(ON(=O)(=O))C(=O),-7.332303354640317,-6.7586465
C(ON(=O)(=O))C(OO)(C(=O)(OON(=O)(=O)))C1OOC(C1(=O))C(=O),-5.616008667933784,-5.328921
C(=O)(O)C1OC1(O)C(=O)C(N(=O)(=O))(OO),-7.122410466428846,-8.100518
CC(=O)C1(O)OC1(N(=O)(=O))C(O)C(=O)(OON(=O)(=O)),-4.574464895769779,-3.028774
C(=O)OOC(ON(=O)(=O))(C(=O)(O))C=CC(=O),-5.810568848894036,-6.350156
C(O)C1(C(=O)(OO))OC1C(=O)C(N(=O)(=O))C(=O)(OO),-9.184109775924298,-8.62225
C(=O)(OON(=O)(=O))C1(OO)OC1(OO)C(ON(=O)(=O))C(=O),-4.561463110541808,-4.9736385
C1(O)C(OO)C(=O)C(O)(C)C(=O)C1,-7.805893145152368,-8.070164
C(=O)(OO)C(OO)C(O)C1(C(=O)(OON(=O)(=O)))OC1(=O),-7.296588172743213,-6.462291
C(=O)(O)OOC(=O)C(=O)C(ON(=O)(=O)),-4.486409001146967,-3.382784
CC1(C(ON(=O)(=O)))C(ON(=O)(=O))CC1C(=O)(OO),-5.417429391411133,-6.756255
CC(=O)C(ON(=O)(=O))(C1(C)C)CC1CC(=O),-4.632301945170184,-3.7127545
CC1(C)C(C(=O)(OO))CC1C(OO)(C)C(=O),-7.782939048411208,-7.617472
C(=O)(O)C(OO)C(C)(C)C(C(=O))C(ON(=O)(=O))(C)C(=O),-9.306775386288791,-9.232355
C(=O)(O)C(=O)C=CC1(N(=O)(=O))OC1(OO)C(=O),-7.593059450515284,-7.1469254
C(=O)(OO)C(ON(=O)(=O))C(ON(=O)(=O))(C)C(O)C(=O)C(=O),-5.8243220031872625,-5.1309333
C(=O)(O)C1OOC(=O)C=C(C1(OO))C(=O),-8.061790419542376,-9.236458
C1(=O)C(ON(=O)(=O))OOC1(C)C(=O)(OO),-3.1871426092002366,-4.6858892
CC(ON(=O)(=O))CCCCC(=O)C(=O)C(OO),-7.014541171865858,-5.963257
C(=O)(O)C(=O)C1(O)OC1C(ON(=O)(=O))C(O)C(=O)(OON(=O)(=O)),-7.797294717907789,-7.175028
c1c(O)c(O)c(N(=O)(=O))cc1,-6.478605515272648,-4.7733793
C(=O)(OO)C(ON(=O)(=O))C(=O)C(=O)C(=O)(OON(=O)(=O)),-2.8688068742303585,-3.3069165
C(=O)(OON(=O)(=O))C=CC1(C(=O))OOC(=O)C1(O),-5.114053818255343,-5.219697
CC(=O)C(O)C(C(=O)(OON(=O)(=O)))OOC(=O)C(=O),-4.776237255031447,-5.1523237
CC(ON(=O)(=O))C(=O)C(ON(=O)(=O))C(OO)CCCCC,-6.611609912408312,-4.9749155
C(=O)(OO)C(=O)OC(N(=O)(=O))(OO)C(=O)C(O)C(=O),-7.2204732592035725,-7.57666
CC(=O)C(OO)(C(=O))C(OO)C(=O),-6.014940993016353,-5.9602666
C1(ON(=O)(=O))OC1(O)C(=O)C(O)C(=O)(O),-6.70998238680113,-8.1595745
C(O)C(=O)C(ON(=O)(=O))C(C)(C)C(OO)C(=O)(OON(=O)(=O)),-6.359397947169782,-6.076772
C(=O)(OO)CC1(C(=O)(O))OC1(OO)C(=O),-8.654357966814132,-9.523968
C(O)C(ON(=O)(=O))(C(=O)(O))C1OOC(OO)(C1(O))C(=O),-11.236861051205778,-10.840396
CC(=O)C1(ON(=O)(=O))OC1C(=O)C(=O)(O),-4.030858160171192,-4.9767504
C(ON(=O)(=O))C(=O)C1OOC(C1(O))C(=O)(OON(=O)(=O)),-4.885507644514291,-5.553288
C(=O)C(=O)OC(OO)C(C(=O))=C(OO)C(=O),-7.771099177058204,-7.531753
C1(=O)OC1C(OO)(C)C(O)C(=O)C(=O)(O),-8.72342433839367,-7.6363807
C(=O)(OO)C(O)C(OO)(C(=O))C(ON(=O)(=O))OC(=O),-7.982308357251895,-8.630706
CC(=O)C(OO)C(O)OC(=O)C(=O),-5.388251976801257,-5.811355
C(OO)C(=O)CCCC(=O)(OO),-6.565035423016525,-4.086171
C(=O)(OON(=O)(=O))C1(OO)OC1C(C)=CC(=O)(OON(=O)(=O)),-4.111163347752154,-3.7465365
C(=O)C(O)C(ON(=O)(=O))C1(O)OC1(=O),-6.221210585281369,-12.044346
C(=O)(O)C(O)C(ON(=O)(=O))(C)C(=O)(OO),-6.183943691739842,-6.3898244
C(=O)(OO)C(N(=O)(=O))C1OC1C(=O),-4.994935186612565,-4.2250724
CC1(C(=O)(O))OC1(ON(=O)(=O))C(OO)C(=O),-6.248937321175617,-6.0553555
C(=O)(O)C(ON(=O)(=O))CC(=O)CC(ON(=O)(=O)),-6.050406638933055,-7.209773
C1(O)C(O)(C(=O))OOC1(C)C(=O)C(=O),-6.509723444280098,-5.5358963
CC1(C(=O)(OO))OC1(O)C(O)(OO)C(=O)C(=O),-9.09015496849679,-7.941363
C(OO)C(=O)C(=O)OC(OO)C(=O)C(=O)(OON(=O)(=O)),-5.431354002947046,-5.8651457
C1(O)(O)COOC1(OO)C(=O)C(=O)C,-6.595204168505006,-6.6567817
C(OO)C(O)(C(=O))C(O)(C(=O)(N(=O)(=O)))OOC(=O),-7.4727517085957516,-6.6954694
CCC(=O)CC(=O)CC(ON(=O)(=O))C(=O)C(OO)C,-6.426341438524105,-6.453071
CC(OO)(C(O))C(C(=O)(O))CC(=O)(OON(=O)(=O)),-8.412683187620132,-8.160988
C(=O)(OO)C(=O)C(O)(OO)C(O)C(=O)C(=O),-8.360718203955912,-7.887111
C1(=O)C(O)(C(=O)(O))OOC1(C)C(OO),-7.4766357048793,-6.9844956
C(=O)(OON(=O)(=O))C=C(C(=O))C(=O)OC(=O),-2.491485004498827,-2.7022395
C1(ON(=O)(=O))OC1C(OO),-2.089186156845244,-2.0751524
C(O)C(=O)C(O)C(ON(=O)(=O))C(OO)OC(=O)C(=O),-9.284584199413075,-9.488487
C(O)C(=O)C(ON(=O)(=O))C(C(=O)(O))(C)C(ON(=O)(=O)),-6.7218164127043565,-7.1592135
C(=O)(OON(=O)(=O))C1OC1(O)C(C(=O))=CC(=O),-5.082746778123692,-3.965062
CCC(=O)CC(OO)C(O)CC(O),-7.5981902525054466,-8.512169
CC(=O)C(=O)C(OO)OOC(C(=O)(O))C(=O),-7.5540100068901666,-7.4296403
C12CC(OO)(C1(C)C)CC(=O)C2(ON(=O)(=O))C(ON(=O)(=O)),-5.903026910960762,-6.0744433
CC(=O)C(O)C(ON(=O)(=O))C1(ON(=O)(=O))OC1(O)C(=O),-6.135799128391227,-7.967229
C(OO)C(OO)C(C)(C(=O)(OO))C(C)C(=O),-9.033776169322664,-8.253607
C(=O)(O)CC1(C(=O)(OO))OC1(=O),-6.148726229072054,-4.6471906
C(=O)(O)C1OOC(OO)(C1(O)(N(=O)(=O)))C(O)(C)C(=O),-10.50695530592202,-11.039322
C(=O)(O)C(=O)C(=O)C(=O)OC(=O)C(OO),-6.169386738783942,-6.0061874
C1C(ON(=O)(=O))C(ON(=O)(=O))(C)C(OO)CC1C(=O)(OO),-8.055610182836972,-8.828941
CC(=O)C(=O)C(OO)(C)C(=O)C(O),-5.520919684287946,-5.082532
C(=O)(OO)CC(=O)C(=O)C(=O)C(=O)(OON(=O)(=O)),-3.9755105080548674,-2.9027426
C(=O)(O)C1(O)OC1(C)C(=O)C(ON(=O)(=O))C(=O)(OO),-7.7032191251491895,-7.704845
C(=O)(OO)C1OC1C(C(O))=C(N(=O)(=O))C(=O)(OO),-9.472600854598568,-7.5627813
C(=O)(OO)C(=O)C(C(=O)(OON(=O)(=O)))C1OC1C(=O),-5.377926122069766,-5.9927607
CC(=O)C(ON(=O)(=O))C(OO)(C(ON(=O)(=O)))C(=O)C,-4.979730418064719,-4.4869843
CC(=O)C(ON(=O)(=O))CC(=O)C(C)(C)C(=O)(OO),-5.199135723796644,-6.633617
C(=O)(O)C(N(=O)(=O))C(=O)C1(C(O))OC1C(=O)(OO),-9.880952108644124,-8.283323
C2(=O)C(=O)C(=O)C(ON(=O)(=O))C1OC12C(OO),-4.7565054432925535,-5.704564
C1(O)(N(=O)(=O))C(O)(C(=O)(O))OOC1(C)C(=O),-7.313108024769463,-10.939377
CC(=O)C(ON(=O)(=O))C(O)(N(=O)(=O))C1(O)OC1(O)C(=O),-7.43084287707461,-6.710545
CC(OO)(C)C(C(=O)(OON(=O)(=O)))CC(=O)CC(=O),-6.3453399243808235,-5.8234224
CC(OO)C(OO)(C)C(C(=O)(O))C(=O)C,-8.939641350720194,-9.108671
C(=O)(OO)C1(O)OC1(N(=O)(=O))C(ON(=O)(=O))C(O)C(=O),-8.080606691593857,-7.8384786
C(=O)(O)C(=O)C(O)(O)C(ON(=O)(=O))(C(ON(=O)(=O)))C(=O)C(=O),-7.7442607944321935,-7.0226016
C(=O)(O)C(=O)OC(OO)(C(O))CC(=O)(OON(=O)(=O)),-7.949028939838172,-7.7445464
C(O)CCC(OO)C(OO)C(=O),-8.30926038756661,-9.237426
C(=O)(O)C(ON(=O)(=O))(C(=O))C(O)(C1(O))OOC1C(=O),-8.818225919680117,-9.63705
CC(ON(=O)(=O))CCC(OO)C(=O),-4.380138120002812,-4.1322236
CC(=O)C(C1(C(ON(=O)(=O)))C(OO))CC1CC(=O)(OON(=O)(=O)),-7.626974464874365,-7.031653
C1(O)(OO)C(ON(=O)(=O))OOC1C(O)C(=O)C(ON(=O)(=O)),-7.3568413833017985,-6.535994
CC1(C(=O)(OON(=O)(=O)))OOC(O)(C1(O)(O))C(ON(=O)(=O))C(=O),-7.461620192785631,-7.5640283
C(=O)(O)C1(OO)OC1(OO)CC(=O),-8.054175074641535,-8.270814
CC(OO)C1CC(ON(=O)(=O))C1(C)C,-3.3480913194689492,-3.4271648
CCC(=O)C(ON(=O)(=O))C(=O),-1.3438353865858517,-1.4095148
C(=O)(OO)CC(ON(=O)(=O))(C(O))C(C)(C)C(=O),-6.692264261531818,-7.1801486
C(OO)C(=O)OOC(=O)C=CC(=O)(OON(=O)(=O)),-4.769928117941163,-3.4473708
C(O)C(=O)C(N(=O)(=O))C(=O)C(OO)OC(=O)C(=O),-7.014580296370696,-7.9506407
C(OO)C(C(=O)(O))(C(=O)(OON(=O)(=O)))OOC(=O)C(ON(=O)(=O))C(=O),-7.918293508053466,-8.220892
CC(OO)(C)C(ON(=O)(=O))(C(=O)(O))CC(=O)C(=O)C,-7.642312082200078,-7.997342
C1(O)(O)C(ON(=O)(=O))(C(=O)(O))OOC1(C)C(=O)(OON(=O)(=O)),-6.213268259380129,-6.4506493
C(=O)C(=O)C(O)(OO)C(OO)OC(=O),-6.536038710342837,-8.436643
C12OOC(C1(O))C(=O)C(OO)(C)C2(=O),-6.255072394342278,-6.7224402
CC1(C(=O)(OON(=O)(=O)))OOC(N(=O)(=O))(C1(O)(O))C(OO)C(=O),-7.847874751012569,-8.571704
C(=O)(OON(=O)(=O))C1(C(=O)(OON(=O)(=O)))OC1(O)C(O)C(=O),-4.400146358209895,-3.5592487
C(=O)(O)C(C1(OO))=CC(C2(O)(OO))OOC12,-11.162656884662283,-9.771386
C(=O)(OON(=O)(=O))C(ON(=O)(=O))C1(C)OOC(=O)C1(=O),-2.3767867640162876,-2.622876
C(=O)(OO)C(O)C(=O)C1OC1(C(OO))C(=O)(OON(=O)(=O)),-7.749096005813044,-6.7919464
C(=O)(O)OC(O)C(OO)C(=O),-7.399233374380856,-7.0213795
C(=O)(N(=O)(=O))C1(O)OC1(O)CC(=O)C(=O),-5.728412182274042,-4.610595
C(=O)(O)C(O)C(=O)C(=O)OC(=O)C(=O)C(ON(=O)(=O)),-6.716552668851364,-6.000545
C(=O)(OO)CC1(C(=O)(OO))OC1(ON(=O)(=O))C(=O),-6.867937027604057,-7.233206
CCCCC(=O)C(O)CCC(=O)C,-4.20297051367379,-4.6968465
CC(OO)CC(=O)C(=O)CC(=O)CC(OO),-8.183883248246275,-7.5995555
C(=O)(ON(=O)(=O))CC(=O),-0.7197963374565006,-0.25038424
C1(O)C(OO)OOC1(C)C(=O),-4.83981301019594,-4.562141
CC(=O)C(ON(=O)(=O))C(=O)C(OO)(C(=O))C(ON(=O)(=O))(C)C,-5.429041171570134,-5.8509693
C12(O)OOC(O)(C1(O))C(ON(=O)(=O))C(=O)C2(N(=O)(=O)),-7.1379692990740295,-7.7504416
C12OOC(C2(=O))C(=O)C(OO)(C1(O))C(=O)(O),-8.753168672465108,-4.309158
CC(=O)C(OO)CC(=O)C(ON(=O)(=O))C(=O)C(OO)(C)C,-8.069592251038557,-7.6688204
CC(O)(C)C(OO)(CC(=O)(OON(=O)(=O)))CC(=O),-6.4572285613649,-7.6191144
C(=O)(O)C1(OO)OC1C(=O)C(O)C(=O)(OO),-9.702633547378355,-8.7509
C(=O)(OO)C1OC1(OO)C(ON(=O)(=O))(C)C(=O)(OON(=O)(=O)),-5.177315479086246,-5.4980936
CC(ON(=O)(=O))(C(=O)(O))C(=O)CC(OO)C(=O)(OO),-8.554211862712691,-8.056445
C(=O)(N(=O)(=O))C(=O)OC(OO)(C)C(O)C(=O)C(=O)(OO),-7.182966989777924,-8.483001
C1(=O)C(=O)OOC1(O)C(=O)CC(=O),-4.616291148293385,-5.234022
CC(C(=O)(O))C(=O)CC(C(=O)(OON(=O)(=O)))C(ON(=O)(=O))(C)C,-6.988916684760625,-7.0112214
CC(=O)C(C(=O)C)CC(ON(=O)(=O))C(ON(=O)(=O))C(=O),-5.370513575031509,-5.6275954
C(O)C1(C(=O))OC1C(ON(=O)(=O))C(=O),-4.729744851625583,-4.216704
CC(=O)C(=O)OOC(C)(C)C(OO)C(ON(=O)(=O))C(=O)(O),-8.022492901382066,-6.750728
C(=O)(OO)CCC(=O)CC(O)CC(=O),-8.290909952003858,-7.685235
C(O)C(ON(=O)(=O))(C(=O)(OO))C(C(=O))C(=O)C(ON(=O)(=O)),-6.353006777306291,-6.6402726
C(=O)(O)C(O)C(O)C(=O)C(=O),-6.789516779812402,-7.5872965
C(=O)(OO)C(=O)C(O)C(OO)C1OC1(ON(=O)(=O))C(=O),-8.246406605183438,-9.346284
C(O)C(=O)C(C(O))(C)C(=O)(OON(=O)(=O)),-4.654011763155722,-4.2992115
C(O)CCC(=O)CCC(=O)C(OO)CC(=O)(OON(=O)(=O)),-9.60318699842901,-9.371605
C(OO)C(=O)C(C)(C)C(ON(=O)(=O))C(=O)(OON(=O)(=O)),-4.552771408008994,-3.9085817
CC1(C)C(OO)CC1CC(ON(=O)(=O))C(=O)C(O),-7.7083588425848575,-6.2870035
C(=O)(OON(=O)(=O))C(=O)C(=O)OC(=O)C,-0.8746815818230971,-1.5477074
C(O)CCC(ON(=O)(=O))CC(=O)(OO),-6.828125316853402,-7.29959
CC(=O)C(C(O))C(C)(C(=O)(O))C(=O)C(OO),-10.083097551669198,-11.986614
C(O)C(=O)C(C(=O))C(C)(C(ON(=O)(=O)))C(OO)C(=O),-9.20614260264847,-9.703023
C(=O)(O)C(=O)C(O)(O)C(=O)C(OO)C(=O),-9.210066011273739,-10.52044
CC(ON(=O)(=O))(C(=O))C(OO)C(C)(C)C(=O)C(=O),-5.791730630913662,-5.2705817
C(=O)(O)C1OC1(OO)C(ON(=O)(=O))(C)C(OO)C(=O)(OON(=O)(=O)),-7.807149364980432,-7.672607
CC(=O)C(ON(=O)(=O))CC(ON(=O)(=O))C(OO)C(=O)(OO),-7.383068152823398,-6.2675185
C1(=O)OC1C(N(=O)(=O))(OO)C(=O)C(=O)C(=O)C,-4.604445582379412,-3.6271029
C(O)C(ON(=O)(=O))C(C)(C)C(ON(=O)(=O))(C(=O))C(=O)C,-5.797734861665958,-5.765982
C(O)C(=O)C(OO)C(O)(C1(O))OOC1C(=O),-10.203626146907482,-10.457511
C1(OO)OOC(=O)C=C(OO)C1(=O),-5.289112305887102,-6.372789
C(=O)(O)C1(C(ON(=O)(=O)))OC1C(OO)C(O)(OO)C(=O),-11.039173974160803,-11.005791
C1(=O)OC1C(O)C(=O)C(O)C(=O)(O),-8.141985304995615,-8.614873
CCCCCCC(O)C(=O)CC(=O),-5.365948808244866,-5.1062274
C1(=O)C(OO)OOC1(OO)C(=O)C(=O)C,-5.217181113159313,-5.0284147
C1(=O)C(N(=O)(=O))(OO)C(ON(=O)(=O))C(C)(C(=O)(O))OOC1(=O),-6.9005367777863285,-6.662615
CC(OO)C(=O)CC(ON(=O)(=O))C(ON(=O)(=O)),-5.478608818735665,-4.932685
C(=O)(O)C(=O)C(ON(=O)(=O))C(=O)C(O),-5.491693284184294,-5.9906464
C1(O)C(ON(=O)(=O))(C(OO))OOC1C(=O)(OON(=O)(=O)),-5.158515163020638,-5.561527
CC(OO)(C(ON(=O)(=O)))C(C(=O)(OON(=O)(=O)))CC(=O)C,-5.794151030204375,-6.453776
C(=O)(O)C(O)OOC(OO)(C)C(OO)C(=O),-9.999308845712221,-9.515007
CC(=O)C(O)CC(=O)CC(ON(=O)(=O))OOC(OO)(C)C,-8.302815019611444,-8.680022
C(=O)(OON(=O)(=O))C(=O)OOC(O)(C(OO))C(=O),-4.964744825418165,-7.488638
CC12C=CC(ON(=O)(=O))C(C1(=O))OO2,-2.804147683433257,-2.9742846
CC(=O)C(OO)C(C)(C)C(OO)C(ON(=O)(=O)),-6.734384156159649,-6.8441443
C12OOC(C1(O)C(=O)(OO))C(N(=O)(=O))C(=O)C2(=O),-7.270829398166825,-8.614485
C(O)C(=O)C(OO)C(O)C1(OO)OC1(O)C(=O)(N(=O)(=O)),-11.893641393209691,-14.099919
C(=O)(OON(=O)(=O))C(ON(=O)(=O))C1OOC(C(=O))C1(O)C(=O)(O),-7.491384442768322,-8.0915
C1(O)(O)C(ON(=O)(=O))OOC1(C(ON(=O)(=O)))C(=O),-5.453379925515037,-5.5577536
C(ON(=O)(=O))C(=O)CCC(=O)CC(=O)CC(=O)(OO),-7.635991964616551,-7.597094
C(=O)(O)C1OC1C(O)(C(=O)(O))C(=O)(OON(=O)(=O)),-7.831098275622935,-7.541205
C(=O)(O)C(=O)C(ON(=O)(=O))(OO)C1(C)OC1C(=O),-6.819760520007549,-6.9088497
CC1(C)C(OO)C(O)(C)C(=O)C(OO)C1C(=O),-9.241312710662896,-10.251764
C(=O)C(=O)C(=O)C(=O)C(OO),-2.957538480168296,-3.6474395
C1(O)C(OO)OOC1C(OO)(C(=O))C(=O),-8.206899725602852,-7.7759247
C1(=O)C(ON(=O)(=O))C(=O)C(ON(=O)(=O))(C)C(OO)C1(C)C,-5.4903623055361095,-5.8959613
C(ON(=O)(=O))CCCCCC(ON(=O)(=O))C(OO),-7.120320798167086,-5.819601
CC(ON(=O)(=O))(C)C(=O)C(ON(=O)(=O))(C)C(=O)CC(=O)(OO),-5.426136148416845,-3.80705
CC(ON(=O)(=O))CC(OO)(C(=O)C)C(=O)C,-4.824191976164002,-5.1673207
C(=O)(O)C(=O)C(OO)C(O)C(=O)OC(=O)C(ON(=O)(=O)),-9.218942923434952,-9.64024
C(=O)(N(=O)(=O))C(=O)C1(C(OO))OOC(C1(=O))C(=O),-5.378115520488791,-4.155218
CC(C(O))(C(=O))C(O)(C(=O))C(=O),-6.321947634900425,-7.774737
C(=O)(OON(=O)(=O))C(OO)C(O)(C)C(C(=O)(O))C(=O),-8.001650550624618,-7.865974
C(ON(=O)(=O))C(=O)C(O)(C(=O))CC(=O),-4.237455205118749,-4.8256946
C1(=O)OC1(OO)C(O)(O)C(=O)C(O)C(=O)(O),-10.395824875224207,-11.194721
C(=O)(O)C(O)C(OO)OC(=O)C(=O)(O),-9.533228706688533,-9.816338
CC(OO)(C)C(ON(=O)(=O))C(ON(=O)(=O))C(=O)C(=O)(O),-6.279356103488681,-6.4405656
CC(ON(=O)(=O))(C)C(O)(CC(=O)(O))C(OO)C(=O),-9.301069697779894,-9.63896
C(=O)(O)CC(=O)C(C)(C)C(OO)(C(ON(=O)(=O)))C(=O)C,-8.650096805857174,-9.10132
C(=O)(O)C(N(=O)(=O))(C(=O))OOC(=O),-3.6614334658406733,-3.897086
C1(=O)OC1(OO)C(O)C(=O)(OO),-7.260961039177346,-10.73239
C(=O)(OO)C(ON(=O)(=O))C(OO)C(C(=O))(C)C(=O),-6.73922911506088,-7.376362
C(O)C(OO)(C(=O)(OON(=O)(=O)))C1OC1(O)C(=O)(OON(=O)(=O)),-6.38367754270439,-6.1798778
C(=O)OC(O)C(OO)C(OO)=C,-7.389817757612036,-6.760066
CC(ON(=O)(=O))(C)C(CC(=O)(O))C(OO)(C(=O)(OO))C(=O),-10.086763078030344,-10.038031
C(=O)(OON(=O)(=O))C(=O)C(O)C(OO)C1(O)OC1(ON(=O)(=O))C(=O),-6.912907030353381,-7.8022127
C(=O)(OO)C1(O)C(ON(=O)(=O))OOC1(OO)C(=O)C(=O),-6.6615962650794245,-5.561263
CC(OO)(C)C(=O)CC(=O)C(O)C(ON(=O)(=O))C(=O)(OO),-8.986257288102934,-8.465188
C(=O)C(O)C(OO)(C(=O))C(=O),-5.16699914588753,-4.4985547
C(ON(=O)(=O))C(O)(C(=O)(OO))C(=O)C(=O)CC(=O)(OON(=O)(=O)),-5.356441035259195,-4.105128
CC(=O)C(C(=O)C(=O)(O))OOC(=O)(O),-7.327644746768783,-7.3683624
C(=O)(O)C(O)(N(=O)(=O))C(OO)C1OC1(C(O))C(=O),-11.30868434065269,-11.054323
C(=O)(OON(=O)(=O))C(=O)CC(=O)C(=O)C(=O),-2.2734553041555046,-1.9804268
C(=O)(O)C(OO)C(OO)(C1(O)(O))OOC1(N(=O)(=O))C(=O),-11.438530591512972,-11.582177
C(=O)(O)CCC(O)CC(=O)C(OO),-9.450656508786778,-9.572315
CC(=O)CC(ON(=O)(=O))(C(ON(=O)(=O))(C)C)C(=O)C(=O)(OO),-5.190798754400021,-6.9742026
CC(=O)C(OO)OOC(C(=O)(O))C(=O),-6.945746455050539,-7.3153443
C12OOC(ON(=O)(=O))(C1(O)C(=O)(OO))C(=O)C(=O)C2,-6.597413594561658,-7.9343963
C1(OO)OC1C(O)(C)C(=O)(O),-6.349352857720078,-6.8522916
C(=O)(O)C1OC1(C(ON(=O)(=O)))C(=O)C(OO),-7.146895178579143,-5.953434
C(=O)(O)C(O)C(ON(=O)(=O))(C(=O))C1OC1(=O),-6.730019838028966,-5.714691
CC1(O)COOC1C(ON(=O)(=O))C(=O)(OO),-5.849205841856019,-5.529758
C(OO)C1(C(=O)(OO))OOC(C1(=O))C(ON(=O)(=O))C(=O)(OON(=O)(=O)),-6.874481361166545,-8.136102
CC(O)CCC(=O)CC(=O)C(OO)CC(=O)(OON(=O)(=O)),-8.793552818067838,-8.733424
C1(OO)OC1(O)C(=O)C(O),-6.084526979728253,-5.61926
C1(O)C(ON(=O)(=O))OOC1(C(=O)(OO))C(OO)C(=O),-8.393682388428715,-9.312774
C(OO)C(=O)C(O)C(C(=O)(OO))OOC(=O),-8.913314193017868,-7.389423
C(O)C(=O)C(O)C1OC1(OO)C(=O),-8.113225044027786,-10.77164
C(=O)(O)C(OO)C(=O)OOC(O)(C(=O)(N(=O)(=O)))C(=O),-8.450753359909868,-7.4623423
C(=O)(OON(=O)(=O))C1(OO)OC1(OO)C(O)C(=O),-5.866643990895682,-6.494192
CC(=O)C(=O)C(OO)C(OO)(C(O)(C)C)CC(=O),-9.588088753938791,-10.8098135
C1(O)(O)C(=O)OOC1(ON(=O)(=O))C(=O)C(=O)C(OO),-6.704145750420139,-5.4128366
C1(O)C(=O)OOC1C(ON(=O)(=O))C(OO)C(=O)(OO),-8.83514684250622,-7.8703837
CC(ON(=O)(=O))(C)C(C(OO))C(O)C(=O)(OO),-6.906981801053917,-6.115856
CC(=O)C=CC1OC1C(=O)(OO),-5.794410207567125,-6.327713
C1(O)(O)C(N(=O)(=O))(C(=O)(O))OOC1C(ON(=O)(=O))C(=O)C(=O)(O),-10.730575889814645,-10.651332
C1(OO)OOC(C)(C(=O)(O))C=CC1(OO),-8.489407070836023,-8.115286
CC(=O)C(OO)C(O)C(=O)OOC(=O)C(=O),-7.167658356993343,-6.6991467
C(=O)(O)C1(O)OC1(N(=O)(=O))C(C)C(=O)(OO),-8.009293669158069,-7.130153
C(O)C(=O)C1(O)OC1(ON(=O)(=O))CC(=O)(OON(=O)(=O)),-4.938967473019147,-4.2826915
C(ON(=O)(=O))C(=O)C(OO)CC(=O)CC(OO),-7.817291741157533,-8.195391
C(=O)(O)C1OOC(=O)C(O)(C(=O)(OO))C(ON(=O)(=O))C1(=O),-8.367313279559312,-7.7096133
CC(=O)CC(=O)CCC(ON(=O)(=O))C(ON(=O)(=O))C(=O)C,-5.9398470666928915,-5.6155677
C(=O)(OON(=O)(=O))C(O)C(C1(O))OOC1(C(ON(=O)(=O)))C(=O),-6.869810835865792,-6.962465
C(ON(=O)(=O))C(=O)C(C(O)(C)C(OO))CC(=O)(OON(=O)(=O)),-7.491762216508505,-7.116542
C(=O)(OON(=O)(=O))C1(O)OC1C(=O),-2.194210478406603,-1.6004301
C(=O)(OON(=O)(=O))C(OO)C1(C(OO))OC1C(=O)(OON(=O)(=O)),-5.4571269321131695,-5.0810685
C(=O)(OO)C(ON(=O)(=O))C(O)(C(=O)(OON(=O)(=O)))C1OC1C(=O)(OO),-8.011916526946152,-9.411887
C(=O)(OON(=O)(=O))C(ON(=O)(=O))C(O)C(=O)OC(OO)(C)C(=O),-6.3652063180925325,-6.3116302
C(=O)(OON(=O)(=O))C(=O)OC(=O)C(OO)=CC(=O)(OON(=O)(=O)),-3.7577714921608276,-4.2850256
CC(C(ON(=O)(=O)))(C(=O))C(OO)(C)C(=O),-5.02542296241154,-5.2859917
C(=O)(OO)C1(O)OC1(N(=O)(=O))C(O)C(=O),-6.903976352135942,-7.5680666
C(=O)(OO)C(OO)C1(C)OOC(N(=O)(=O))(C1(O)(O))C(=O),-10.158625937037868,-11.904327
C1(=O)C=CC(=O)OOC1(C(=O)(O))C(OO),-7.455046263286931,-7.7366652
C(OO)C(=O)OC(=O)C(OO)C(O)C(=O)(OON(=O)(=O)),-6.716060733520862,-6.954474
CC(=O)C1C(ON(=O)(=O))C(O)(C(=O)(OO))C1(C)C,-6.0824744138917595,-4.5288434
CC(=O)C(ON(=O)(=O))(C(O))C(=O)C(O),-5.032314006559318,-4.4246035
C(=O)(N(=O)(=O))C(=O)OC(OO)C(=O)(O),-4.5910762763014645,-4.4590154
C1(=O)C(OO)OOC1(OO)C(OO)C(=O),-7.172766922849405,-7.87668
CCC(O)CC(=O)C(OO)CC(ON(=O)(=O))CC,-8.3731556171806,-6.88925
C1(O)C(ON(=O)(=O))C(OO)C(OO)(C2(=O))OOC12(O),-8.821115363098215,-7.8699327
C(=O)(O)C(O)(N(=O)(=O))C(O)(C1(O)(N(=O)(=O)))OOC1C(=O),-8.805688673273835,-8.821121
C(O)C(=O)C(=O)C(ON(=O)(=O))C(OO)CC(=O)(OO),-8.98805793197971,-11.705529
C1(=O)C(ON(=O)(=O))OOC(=O)C(ON(=O)(=O))C1(OO)C,-4.081333502770576,-3.9234598
CC(ON(=O)(=O))C1(OO)OC1(OO)C(=O),-5.073117184412695,-4.3178616
C(=O)(N(=O)(=O))C1(O)OC1C(O)(C)C(=O)(OON(=O)(=O)),-4.858174823522859,-4.2683473
C1(O)(O)COOC1(C)C(=O)C(=O),-5.353454815412988,-6.035312
C1(O)C(OO)(C(=O))OOC1C(=O)C(=O),-5.922589228426659,-5.7271943
C(OO)C(=O)C(C(ON(=O)(=O)))CC(=O)(OO),-7.083891315400251,-8.410191
C(=O)C(=O)OC(N(=O)(=O))(OO)C(OO)=CC(=O),-7.202711291676678,-8.909317
CC(=O)C(=O)C(ON(=O)(=O))(C)C(O)C(OO),-5.420134509247873,-5.41576
C(=O)(O)CC(ON(=O)(=O))C(C)(C)C(=O)C(=O)C(OO),-8.47134714819913,-7.361766
C12OOC(C1(O)(O))C(OO)C(O)(C)C2(ON(=O)(=O)),-9.385669770545064,-9.454047
C(=O)(OO)C(ON(=O)(=O))C1OC1(C)C(=O),-4.754659887668822,-4.833089
CC(=O)C(OO)CC(=O)CC(=O)C(ON(=O)(=O))(C)C,-6.386478835702292,-6.246568
C1(O)(O)C(N(=O)(=O))(C(=O))OOC1C(OO)C(=O)C(=O),-8.966276858594938,-9.045656
C1(=O)OC1C(O)C(ON(=O)(=O))C(=O)C(OO),-6.506701061221975,-6.524224
CC(=O)C(=O)OC(N(=O)(=O))(OO)C(=O)(OO),-5.016374440630898,-5.8982706
C12C(ON(=O)(=O))C(C1(C)C)C(OO)C(OO)C2(=O),-6.711340025362006,-6.051708
CC(OO)(C)C(=O)C(=O)C(O),-4.340396412553673,-5.619998
CC(C(=O)(O))OOC(=O)C(ON(=O)(=O))C(=O)(O),-7.39971070442698,-8.03038
C12(O)OOC(OO)(C1(O)(N(=O)(=O)))C(=O)C(ON(=O)(=O))(C)C2(=O),-6.67066118657749,-6.420653
C(=O)(O)C1(C(ON(=O)(=O)))OC1C(OO)C(O)C(=O),-9.391728303246055,-9.965711
CC(=O)C1OC1(N(=O)(=O))C(O)(O)C(=O)C(=O),-5.49142990798282,-6.774192
C(=O)(OO)C=CC(OO)(C(=O))OC(=O)C(=O)(O),-10.130125004321599,-10.323387
CC(=O)C(ON(=O)(=O))CC1(OO)CC(ON(=O)(=O))C1(C)C(OO),-8.867433198392973,-9.171507
C1(=O)OC1(C(=O)(OO))C(O)C(OO)C(=O)(OON(=O)(=O)),-7.296588172743213,-6.69173
C(=O)(OON(=O)(=O))C(=O)OOC(ON(=O)(=O))(C)C(=O)C(=O),-2.4919226088386495,-2.5720272
CC(=O)C(C(=O)(O))C(=O)C,-3.483120236549439,-3.979104
C(=O)(O)C(O)C(O)C1(C(=O))OC1(OO),-9.941638058462559,-9.322961
C(=O)(OO)C1(ON(=O)(=O))OC1C(C(=O)(O))C(=O),-7.0848672516367515,-7.7033515
C(=O)(O)C1(N(=O)(=O))OC1(O)C(C(OO))=CC(=O),-9.293763898458565,-11.315413
C(=O)(OO)C1OC1(C(OO))CC(=O),-6.99706423099633,-6.2993197
C(ON(=O)(=O))C(O)CCC(OO)CCC(ON(=O)(=O)),-8.21254835286527,-8.3473
C(=O)(OON(=O)(=O))C(ON(=O)(=O))C(O)(O)C(=O)C(=O)C(=O),-4.599754058319377,-4.2311544
C(O)C(=O)C1(OO)OC1(OO)C(O)C(=O),-9.592610207026155,-9.481072
C(OO)C(=O)CC(=O)C1OC1(OO)C(=O)(OON(=O)(=O)),-6.322820611498173,-6.9947762
CC(=O)C(=O)C(=O)C1(O)OC1(OO)C(=O)(OON(=O)(=O)),-4.995582299565285,-4.5602803
C(=O)(OO)C1(OO)OC1(C(ON(=O)(=O)))C(ON(=O)(=O))C(=O),-6.374337913763156,-5.937671
C(ON(=O)(=O))C(=O)C1(ON(=O)(=O))OC1(OO)C(=O),-3.565659144118399,-4.0246696
C(O)C(ON(=O)(=O))CC(=O)CCCC(OO),-8.591200333070447,-7.7125654
C(=O)C(N(=O)(=O))C1OC1(OO)C(=O),-4.323347099463717,-3.8280015
C(O)OOC(OO)(C(=O)(O))C(=O)C(=O),-7.711061676098325,-7.873217
C(=O)(OO)C(=O)CC(=O)C(OO)C(=O)(OON(=O)(=O)),-5.9097450784247485,-6.26163
C1(=O)C(C(=O)(OON(=O)(=O)))OOC1(C(O))C(ON(=O)(=O))C(=O),-5.214041590807028,-5.264907
C(=O)(OO)C(=O)C(C(O))C(=O)(OON(=O)(=O)),-4.529298137735168,-4.954533
C1(=O)C(O)C(N(=O)(=O))(OO)C(=O)OOC1C(=O)(O),-7.58831635128081,-9.316223
C(O)C(=O)C1OC1C(OO)C(O)C(=O)(OO),-11.388639540462464,-11.048226
CC(OO)C(C(=O)(O))(C)C(=O)(O),-8.15181938933165,-7.4555793
CC(=O)C(C(=O)C(=O)(O))OOC(ON(=O)(=O))C(=O)(OON(=O)(=O)),-5.196373796548869,-5.677361
C(=O)(N(=O)(=O))C(=O)C(O)(C)C(=O),-2.7200582265431876,-0.43807852
C(=O)(O)C1(C(ON(=O)(=O)))OC1C(=O)C(O)C(=O)(OON(=O)(=O)),-6.566847803969722,-6.5098014
C(=O)(N(=O)(=O))C(O)(C(=O))OOC(=O)C(O)C(=O),-6.319987533497624,-5.751747
C(ON(=O)(=O))C12OOC(C1(O))C(ON(=O)(=O))C(=O)C2(=O),-5.669043253739801,-6.7557516
C(O)C(=O)C(C(=O)(O))C(C)(C(ON(=O)(=O)))C(=O)CC(=O)(OON(=O)(=O)),-9.614392947383749,-10.272728
C(ON(=O)(=O))C(=O)C(OO)=CC1OC1C(=O)(OO),-8.56637725598921,-9.211168
C(=O)(O)C(O)C(OO)C1(OO)OC1C(=O)(O),-12.15257164732975,-11.515086
C(=O)(O)C1(O)OC1(N(=O)(=O))C(O)C(OO)C(=O)(OON(=O)(=O)),-9.190659176449117,-9.857952
C(OO)C1OOC(O)(C1(O)(N(=O)(=O)))C(=O)(OO),-8.910303984084749,-7.222324
CC(=O)C(C1(C)C(=O)(O))C(ON(=O)(=O))C1CC(=O)(OO),-8.974272108116566,-10.695744
C(O)C(C(=O)(OO))C(OO)OC(=O),-7.535708885181521,-8.670252
C(=O)(O)C1(N(=O)(=O))OC1(O)C(=O)CC(=O),-6.491073789547954,-6.113256
CC1(C(=O)(O))OC1(O)C(OO)C(=O)(OO),-9.241019196124398,-8.3170395
C12CC(OO)C(=O)C(C2)C1(OO)C,-6.230575310746644,-7.5724344
C(O)C(OO)C(ON(=O)(=O))(C)C(OO),-6.486144617749233,-7.105184
C(=O)(O)C1(N(=O)(=O))OC1(OO)C(C)=CC(=O)(OON(=O)(=O)),-6.090250208904763,-6.010463
C(=O)C(=O)OC(=O)C(OO)(C(=O))C(=O)C(=O),-5.055231121790712,-4.4663267
C2(O)(O)C(=O)C(=O)CC1(O)OC12,-7.2478088282223325,-9.950138
C(=O)C(=O)C(=O)C(OO)C(OO)(C(=O))C(=O),-6.820181391121878,-6.7188053
C(=O)(O)C(C(=O))CC(=O),-5.087507040450873,-4.466825
CC(=O)C(=O)C(ON(=O)(=O))C(O)(C(=O)(O))C(ON(=O)(=O))(C)C,-6.257688295205298,-6.4108963
C1(=O)C(=O)OOC1C(OO)(C)C(N(=O)(=O))(OO),-5.4963587822749105,-8.022335
C1(ON(=O)(=O))C(=O)OOC(N(=O)(=O))(C(=O)(O))C(OO)C1(O)C,-8.586887556688453,-8.517273
C(=O)(O)C(O)C(ON(=O)(=O))C1OC1(C(OO))C(=O)(OON(=O)(=O)),-8.425710210329271,-8.86774
C2C(=O)C(=O)C(=O)C1OC12C(OO),-5.024411548864009,-6.0002217
C(O)C(=O)C(OO)C(C)(C)C(C(=O)(OON(=O)(=O)))C(=O),-7.056461401272827,-5.7441444
C(=O)(OON(=O)(=O))C(OO)(C(=O)(OON(=O)(=O)))C(=O),-1.833919558153866,-1.9852695
C(=O)(O)CC(C(ON(=O)(=O))(C)C(ON(=O)(=O)))C(O)C(=O),-8.850555313503719,-9.456762
C(=O)(O)C(OO)C1OOC(C(=O))C1(O)C(=O)(OON(=O)(=O)),-9.212566594069358,-7.186392
C1(=O)OC1C(=O)C(O)(C(ON(=O)(=O)))C(=O),-3.453039082549367,-2.630413
C(=O)(O)C(OO)CC(=O)C(C)(C)C(=O),-7.624307001064153,-6.926104
C(=O)(O)C(=O)C(O)(C(ON(=O)(=O)))C(O)C(=O)OC(=O),-7.82965196279838,-9.479747
C(=O)(O)C(=O)C(=O)C1OC1C(=O)(O),-6.406996106739825,-6.4426365
C(=O)(OON(=O)(=O))C(ON(=O)(=O))C(O)(C(=O)(O))C(OO)OC(=O),-7.3273125514315325,-8.71427
C(O)CC(=O)C(=O)C(=O)CCC(=O)(OON(=O)(=O)),-5.257393901611067,-6.479628
C(=O)(O)C1OC1(O)C(OO)C(=O)(OON(=O)(=O)),-6.526618569208949,-6.772646
C(=O)C(=O)C1OC1(ON(=O)(=O)),-0.9111774283846898,-0.9257213
C(=O)(O)C(O)C(O)(C1(O))OOC1(C(ON(=O)(=O)))C(=O),-10.70780442191608,-10.228613
C(=O)(O)C(ON(=O)(=O))C(O)C1OC1(C(OO))C(=O)(OON(=O)(=O)),-8.435265389096458,-9.206674
CC(ON(=O)(=O))CCC(=O)CC(=O)C(ON(=O)(=O))CC(=O)(O),-8.332810381663876,-8.334307
C(O)C1(OO)OC1(N(=O)(=O))C(=O)(OO),-6.015613402407325,-7.3469167
CC(=O)C(ON(=O)(=O))(C(OO)(C)C)CC(=O)(OON(=O)(=O)),-4.893258887441334,-5.094359
C(=O)(OON(=O)(=O))C(ON(=O)(=O))C1(C(OO))OC1(OO)C(=O),-5.932927168963943,-5.8845453
CC(=O)C(C(=O)C)CC(ON(=O)(=O))C(OO)C(=O)(OO),-8.235394391718728,-10.437078
CC(=O)C(=O)C(OO)(C(=O)(OO))OOC(=O),-6.134450348399696,-4.8792257
C1(=O)CC(OO)(C(ON(=O)(=O))(C)C)CC(=O)C1C,-6.413810652677057,-6.8635445
C1(O)(OO)C(C(=O)(O))OOC1C(OO)C(=O)C(ON(=O)(=O)),-11.122769698311458,-9.382049
C(=O)(O)C(ON(=O)(=O))C(C(=O)C(=O)(OO))OOC(=O)C(=O),-8.375748260052205,-8.561958
CC(=O)C(OO)CC(OO)C(ON(=O)(=O))C(=O),-7.595582134392316,-8.350853
C(=O)(OO)C(=O)C(N(=O)(=O))(C1(O)(O))OOC1(C)C(=O),-8.29756421889033,-7.9887643
C(=O)(OO)C(=O)OOC(C(=O)(O))(C(ON(=O)(=O)))C(=O)C(=O),-7.81814886263237,-7.5873446
C(O)C(=O)OC(=O)C(ON(=O)(=O))C(=O)(OO),-5.195756189292297,-5.9939814
C1(ON(=O)(=O))OC1C(=O)C(O)C(=O)C(=O)(O),-5.80860885340735,-3.155294
C(=O)C(OO)C(OO)(C1(=O))OOC1(ON(=O)(=O))C(=O),-5.6916636270871095,-5.075228
C(ON(=O)(=O))C(OO)(C(=O)(OO))C1CC(C(=O))C1(C)C,-8.110872604800534,-10.161098
C(=O)(OON(=O)(=O))C(=O)C(N(=O)(=O))C(=O)C(OO)OC(=O),-4.057170723808667,-4.1541753
CC(=O)C(=O)C(O)C(OO)C(=O)(OON(=O)(=O)),-4.490212648513989,-4.0728106
C(O)C(C(=O)(O))C(ON(=O)(=O))OC(=O),-6.293630281044898,-6.318522
C(=O)C(N(=O)(=O))C(=O)C(=O)C(=O)C(=O)C(O),-5.373497288499493,-4.450421
CC(=O)C(=O)CC(OO)CC(=O)(O),-7.382828079171304,-7.1513743
C(O)CCC(=O)CC(=O)CC(ON(=O)(=O))C(OO),-9.593760752588423,-9.675026
C(=O)(OO)C(N(=O)(=O))(OO)C(C)(C(=O)(O))OOC(=O),-8.063384549150214,-8.77596
C1(O)C(=O)C(O)C(=O)C(=O)C1(ON(=O)(=O))C,-5.934450546348671,-6.6423526
C(=O)(O)C(=O)OC(OO)(C(O))C(=O)(OON(=O)(=O)),-6.988771306343551,-7.020431
C(ON(=O)(=O))C(=O)C(=O)CC(C(=O)C)CC(=O),-5.449927054756699,-6.228533
CC(OO)(C)C(O)(C(=O)(OON(=O)(=O)))C(ON(=O)(=O))C(=O),-5.3747906805620005,-5.4498014
C(=O)(O)C1OC1C=CC(=O)C(OO),-8.349005376716377,-8.134507
C(=O)(OO)CC(C(=O))C(C)(C(OO))C(=O),-7.659113373600121,-7.9575257
C12OOC(O)(C2(O))C(=O)C(OO)C1(O)C(=O),-9.254040909410833,-8.638493
C2(OO)C=CC(ON(=O)(=O))(C1(O)C(=O))OOC12(O),-7.55224507517778,-8.486151
C(=O)(O)C(ON(=O)(=O))(C(=O)(OO))C(C)(C)OOC(=O),-6.6954075877984,-7.7569346
CC(=O)C(OO)C(O)C1OC1(ON(=O)(=O))C(=O)(OO),-7.772835651139758,-9.017846
CC1(O)C(=O)OOC1(N(=O)(=O))C(=O)C(O)C(=O)(OO),-7.585213341004419,-7.0601726
C(ON(=O)(=O))C(ON(=O)(=O))(C(=O)(OO))C(C)(C)OOC(=O),-5.255613746929157,-5.031057
CC(=O)C(C(=O)(OON(=O)(=O)))C(C)(C)C(=O),-2.5844156812527217,-2.9726503
CC(=O)C(OO)C(=O)C(O)C(O)(OO)C(=O),-9.395322501633927,-12.053782
CC(ON(=O)(=O))(C)C(C(OO))C(=O)C(OO)C(=O)C,-7.420671668765863,-8.562306
C(O)C(=O)C(ON(=O)(=O))(CC(=O)(O))CC(=O),-7.538451899592474,-8.5394
C(=O)(OON(=O)(=O))CC(=O)C(C)(C)C(C)C(=O),-3.985469891507819,-3.6494668
C1(OO)OC1(O)C(N(=O)(=O))=CC(=O),-5.7480575164772745,-6.4092135
C2(O)(O)C(=O)C(OO)=CC1OC12C(O),-9.654053564627247,-7.718106
C(=O)(OON(=O)(=O))C1(OO)OC1(C(ON(=O)(=O)))C(O)C(=O),-5.620130889317807,-5.8952446
CC(ON(=O)(=O))(C)C(OO)(C(ON(=O)(=O)))CC(=O)C(=O)C,-6.111081553346594,-5.4848065
C1(O)(O)C(N(=O)(=O))(OO)OOC1(C(=O)(O))C(ON(=O)(=O))C(=O),-9.721374852091685,-10.667067
CC(OO)(C)C(OO)CC(=O)C(OO)(C)C(=O),-9.813905969152984,-8.8993635
CC(OO)(C)C(=O)C(ON(=O)(=O))(C)C(=O)CC(=O),-5.621629771132575,-5.3848767
C(=O)(O)C(ON(=O)(=O))C(=O)C(O)C(O)(ON(=O)(=O))C(=O),-7.520220023154252,-7.789437
CC(=O)C1C(=O)C(C1(C)C)C(OO)C(=O)(OO),-7.651851523343794,-6.952821
CC1(C)C(=O)C(O)(C(OO))C(=O)CC1(ON(=O)(=O))C(=O)(OON(=O)(=O)),-6.8241721939557465,-7.3739414
C(=O)(OON(=O)(=O))C1(O)OC1C=C(C(=O))C(=O),-5.082746778123692,-4.7437763
CC(=O)C(OO)C(OO)(C)C(=O)C(=O)(OON(=O)(=O)),-4.888100056225085,-6.0019135
C(OO)C(=O)C1CC(C1(C)C)C(ON(=O)(=O))C(=O),-6.837743566236895,-6.736197
C(=O)(O)C1(C(=O))OC1(O)C(N(=O)(=O))=CC(=O),-8.458072131179506,-8.934419
CC(C(=O)(OO))C1(OO)OC1(OO)C(=O),-7.881948181697226,-8.959932
C1(O)(O)C(=O)OOC1(C(ON(=O)(=O)))C(=O)C(ON(=O)(=O))C(=O),-7.5688327534771815,-7.0296965
CC(=O)CCC(=O)CC(ON(=O)(=O))CCC(O),-7.018789105477481,-6.6836443
C(OO)C(=O)C(O)(N(=O)(=O))C(=O)(OON(=O)(=O)),-3.1636511579781654,-3.4868238
C(O)C(=O)C1(N(=O)(=O))OC1(OO)C=CC(=O),-7.363998247648851,-7.1539416
C1(=O)OC1C(=O)C(C(ON(=O)(=O)))C(=O)(OO),-5.737024365440448,-3.7806942
CC(=O)C(OO)(C(=O))CC(ON(=O)(=O))C(ON(=O)(=O))(C)C(=O),-7.322122217945434,-6.9857235
C(=O)(O)C(OO)C1(O)OOC(ON(=O)(=O))(C(=O))C1(O)C,-10.099498190182203,-9.6929655
C(=O)(N(=O)(=O))C1(OO)OC1(C(=O)(O))C=CC(=O),-7.649149504206434,-8.267652
C(=O)(O)C(ON(=O)(=O))C(O)C1(C)OC1(O)C(=O)(OON(=O)(=O)),-7.503247745120461,-7.8991723
C(=O)(OON(=O)(=O))C(O)(C(=O))C1OOC(O)(C1(O))C(=O),-7.508289615328977,-8.104479
CC(=O)C(OO)C(O)(N(=O)(=O))C(=O)(OO),-5.953725043564191,-5.4141464
C(O)CCC(OO)C(=O)CC(=O)C(=O),-8.137252415006515,-7.8746605
C1(O)(N(=O)(=O))C(O)(C(=O))OOC1(O)C(=O)C(=O),-6.105599280337628,-4.836942
CCCCC(=O)C(ON(=O)(=O))CC(O),-4.480950474469864,-4.093498
C(=O)(OO)C1(O)OC1(N(=O)(=O))C(O)C(ON(=O)(=O))C(=O),-7.820874327135243,-7.667364
C(O)C(C(ON(=O)(=O)))C(C(=O)(OO))(C)C(=O),-6.427038302303117,-6.4089427
CC(=O)C(OO)C(C)(C(OO))C(OO)C(=O),-9.560486972106446,-9.521208
C(=O)(O)CC(OO)C(C(ON(=O)(=O)))(C)C(=O)(OO),-8.557189926894353,-11.440441
C(=O)(O)C1(OO)OC1(C(O))C(=O)(OON(=O)(=O)),-6.590849906147923,-6.8485236
C(=O)(OO)C1(O)OC1(N(=O)(=O))C(C)C(=O)(OON(=O)(=O)),-5.026782132201333,-4.984149
C(=O)(OO)C(ON(=O)(=O))C(O)C(O)C(=O),-7.119176504653296,-7.4706793
CCCC(=O)CC(=O)C(ON(=O)(=O))CCC,-4.235549938468466,-3.0032663
C(O)C(ON(=O)(=O))CC(OO)CCC(OO),-8.807087838209554,-8.381884
C(=O)(OO)CC(=O)OC(=O)C(=O)C(=O),-4.501174417389848,-5.0366907
C(=O)(O)C(O)(N(=O)(=O))C(OO)C1OC1C(=O)(O),-10.522550807650987,-10.705544
C(=O)(O)C1(O)OC1C(N(=O)(=O))C(=O)(OO),-7.899201676755183,-8.0538
C(=O)(OO)C(OO)OC(=O)C=CC(=O)C(=O)(OON(=O)(=O)),-7.078535208849644,-7.4246974
C2(O)C1(O)OOC2C=C(OO)C1(OO)C(=O)(O),-12.011168687837198,-11.505907
CC1(C)C(OO)(C(=O)(OON(=O)(=O)))CC1C(OO)(C)C(=O)(OON(=O)(=O)),-6.424246042672166,-6.322387
C(=O)(ON(=O)(=O))C1OC1(OO)C(=O),-2.915339360384678,-2.623788
C(O)C(O)(C(=O)(OO))C(=O),-4.70086650108351,-4.6804743
C(ON(=O)(=O))CC(=O)(OO),-2.311364920104097,-3.5634575
C(=O)(O)C(=O)C(ON(=O)(=O))(C(ON(=O)(=O)))OOC(=O)C(=O),-5.807361141502042,-5.129626
C(=O)(O)C1(N(=O)(=O))OC1C(ON(=O)(=O))(C)C(O)C(=O)(OO),-8.469590750566567,-8.677996
CC(O)(C(ON(=O)(=O)))C(=O)C(OO),-5.048862168536289,-5.973326
C(=O)(O)C(O)C(OO)(C(=O))C(=O)C,-7.078140783814888,-5.954646
C(ON(=O)(=O))C1(O)C(O)(C(=O)(OON(=O)(=O)))OOC1C(=O)C(=O),-5.9757847243818105,-6.453042
CCC(=O)CC(O)CC(ON(=O)(=O))C(OO)CC,-8.20967079311231,-7.7445817
CC(=O)C(O)C1OOC(O)(C1(O)(OO))C(=O)(OON(=O)(=O)),-8.438792855580687,-2.653256
C(ON(=O)(=O))C(ON(=O)(=O))C(OO)(C)C(C)C(=O),-5.537377591179393,-5.738244
C(=O)(O)C(O)C(O)(C)C(=O)(OON(=O)(=O)),-5.642751500432496,-5.5199766
C1(=O)C(=O)OOC1C(ON(=O)(=O))C(O)(C)C(=O),-5.1484089138612035,-5.9697976
C(=O)(O)C1OOC(ON(=O)(=O))(C1(O))C(ON(=O)(=O)),-6.3467018133815145,-5.9337854
C(=O)(OON(=O)(=O))C(OO)C1(OO)OC1(ON(=O)(=O))C(=O),-4.566024052626744,-4.390529
C(O)C(=O)C(OO)OC(=O)C(=O)CC(=O)(O),-9.07716471979802,-8.697807
C(O)C(=O)C1OC1(ON(=O)(=O))CC(=O)(O),-6.566244305769942,-6.220787
CC(OO)(C)C(C(=O)C(OO))CC(=O)CC(=O)(OO),-10.53858822543043,-12.521295
C(OO)C(=O)C(C(=O))C(C)(C)C(ON(=O)(=O))C(=O),-6.758431181948254,-6.3982463
C(OO)CC(OO)C(OO),-6.478406821432145,-5.887656
C(=O)(O)C(O)C(OO)(C(=O)(O))C(=O)(OO),-10.608335439705115,-10.934425
CC1(C(=O)(O))OC1(OO)C(=O)C(O)C(=O)(OON(=O)(=O)),-7.219649227852642,-7.177533
CC(C(=O)(O))=CC(=O)OC(=O)(O),-6.646830834557477,-7.5452275
CC(=O)CC(=O)CC(ON(=O)(=O))C(=O)C(OO)C(ON(=O)(=O))C,-7.774828949619405,-7.7425776
CC(=O)C(C(=O)C(=O)(N(=O)(=O)))OOC(=O)C(=O)(OO),-5.640593607477058,-6.8182745
CC(=O)C(ON(=O)(=O))C(OO)C(ON(=O)(=O))(C(OO))C(=O)C,-7.228899819063372,-7.0527816
CC(=O)C(O)(C(=O)C)CC(ON(=O)(=O))CC(=O)(OON(=O)(=O)),-5.748761694201676,-3.1192598
C(=O)(OO)CC(C)(C(ON(=O)(=O)))C(=O),-4.07150903537331,-4.130299
C(=O)C(=O)C(=O)C(=O)OC(OO)(C(=O)(OON(=O)(=O)))C,-3.8043106154436828,-3.3786244
CC(ON(=O)(=O))(C(=O)(O))C(O)CC(C(=O)(O))C(=O)C,-10.529298124616616,-10.48323
C(=O)(OO)C(OO)C1OOC(C1(O))C(=O),-9.29752648334761,-11.758757
C(=O)(N(=O)(=O))C(=O)C1(O)OOC(OO)(C(=O))C1(O)C,-7.795812535976438,-1.6480491
CCCCC(O)CCC(OO)CC(ON(=O)(=O)),-7.119845257086126,-7.0276666
C(OO)C1(O)C(OO)OOC1C(O)C(=O)(OON(=O)(=O)),-8.165065295594104,-8.06424
C(O)C(ON(=O)(=O))CC(=O)C(=O)(O),-6.191493157777586,-6.47467
CC(=O)C1(ON(=O)(=O))C(ON(=O)(=O))C(OO)C1(C)C,-4.6763452806953865,-4.5279727
C(O)(N(=O)(=O))C(=O)C(OO)(C)OC(=O)C(=O)(OON(=O)(=O)),-4.840160266332532,-5.521221
CC(ON(=O)(=O))(C(=O)(O))C1CC(C(=O))C1(C)C(ON(=O)(=O)),-7.383087547073956,-7.5887384
C1(O)C=CC(=O)OOC1C(=O)(O),-7.249135118938284,-5.953241
CC(=O)C(ON(=O)(=O))CC(ON(=O)(=O))CCC(=O)(O),-7.009779352636542,-7.0201626
CC(O)(C)C(C(=O)(OO))C(ON(=O)(=O))C(=O),-5.663095654937933,-4.469943
CC(OO)CCCCC(=O)CCC(=O)(O),-8.626911012859637,-8.192906
C(=O)OOC(OO)(C(=O))C(=O),-3.3037857228664507,-3.440597
CC(=O)C(=O)OOC(C(=O)(OO))C(N(=O)(=O))C(=O)(O),-8.576962067898421,-8.2717705
C(=O)(O)C(=O)C(C1(=O))OOC1(C)C(=O),-5.289547471780679,-4.8109636
CC(=O)CC(OO)C(ON(=O)(=O))CC(=O)CCC(ON(=O)(=O)),-8.69639113946323,-9.515568
CC1(C)C(ON(=O)(=O))CC1(OO)CC(=O)(O),-6.704498762574076,-6.5902944
CC(=O)CCC(=O)CCC(=O),-2.463853242152254,-3.1931043
C(=O)(O)C(O)C1OOC(C(=O)(OON(=O)(=O)))C1(O)C(=O)(OON(=O)(=O)),-7.884441935086215,-7.947052
C(=O)(OON(=O)(=O))C(=O)C(O)C(=O)C1OC1(OO)C(=O),-5.457451640748332,-4.933202
CC(ON(=O)(=O))(C)C(C)C(OO)C(=O)C(=O)(OO),-6.158958405387239,-6.2376003
C(=O)(O)C(O)(C(ON(=O)(=O)))C(=O)C(O)(O)C(=O)OC(=O),-8.68990954327819,-10.235223
C(=O)(OO)C(=O)C(O)(C1(O))OOC1(C)C(=O)(OON(=O)(=O)),-7.111760901527305,-6.617777
C(=O)(OON(=O)(=O))C(O)C(O)C(=O)C(O)C(=O),-6.81069392740028,-6.110558
C(=O)(OON(=O)(=O))C1(O)OOC(OO)(C)C1(=O),-4.093655621785729,-2.564474
CC(=O)C(ON(=O)(=O))(C(O))CC(=O)C(C)C(=O),-6.109089079469413,-6.056262
C(ON(=O)(=O))C1(ON(=O)(=O))OC1(OO)C(OO)C(O)C(=O),-8.168019892269513,-7.0477605
C1(=O)OC1C(=O)C(OO)(C(OO))C(=O),-6.3810016226889275,-5.8478794
C1(O)C(O)(C(=O)(O))OOC1(C(=O)(OO))C(=O),-9.250041111281462,-8.98105
C1(O)C(OO)C(OO)C2(C(=O)(O))OOC1C2(=O),-10.814611441779562,-9.162359
C(O)C(=O)C(ON(=O)(=O))C1OC1C(O)(O)C(=O)(OON(=O)(=O)),-7.657964822934446,-7.9589276
CC1(C)C(OO)C(ON(=O)(=O))C1C(OO)C(=O)(O),-8.581988323370751,-8.319124
C1(O)(OO)C(N(=O)(=O))(OO)OOC1C(O)C(=O)C(O),-10.709250149942818,-9.607332
C(=O)C(=O)C(O)(O)C(ON(=O)(=O))(C(OO))C(=O)C(=O),-7.770210072165355,-9.087839
CC(=O)C(C(=O)C)C(OO)C(ON(=O)(=O))CC(=O)(OO),-8.398262267161044,-10.36731
C(=O)(O)C1OC1C(OO)C(ON(=O)(=O))C(=O)C(ON(=O)(=O)),-8.654083439101669,-8.942228
C(ON(=O)(=O))CCCCCC(=O),-3.835718234677188,-2.4930892
CC(OO)CCC(O),-3.4015554527832137,-3.6482968
C(=O)(OON(=O)(=O))C12OC1C=CC(=O)C2(O)(OO),-5.040956246222777,-4.681221
CC(C(=O)(O))OOC(ON(=O)(=O))C(ON(=O)(=O))C(=O)(O),-7.264119815732556,-6.9593825
C(=O)(N(=O)(=O))C(=O)C(OO)(C)C(O)C(=O)C(=O),-5.864885556875379,-4.6482177
CC(OO)CCCC(=O)CCC(=O)(OON(=O)(=O)),-5.907526565504668,-5.776887
C(=O)(O)C(=O)OOC(=O)C=CC(=O),-5.826719038930605,-5.466554
C(=O)(OO)C(=O)C=CC1(O)OC1(OO)C(=O),-8.591810118738067,-7.7084155
C1(O)C(=O)C(=O)C(C2(=O))OOC12,-4.449470597824984,-4.0042205
CC(=O)OC(=O)C(O)C(OO)C(=O)(OO),-7.3363716160201875,-7.288818
C(=O)(O)C1OC1(N(=O)(=O))C(=O)C(C(=O)(OO))C(=O),-7.657731085015257,-5.7505226
CC(=O)C(ON(=O)(=O))CC(C(=O)(OO))C(C(O))(C)C(=O)(OON(=O)(=O)),-7.926111904391291,-7.0202155
CC(=O)C(O)(C(=O)(O))OOC(=O)C(=O)C(=O)(O),-8.903535057692352,-9.817457
C(=O)(O)C(=O)OC(OO)(C(=O))C=CC(=O),-8.017147523714812,-8.746266
C(=O)(O)C1(O)OC1C=C(OO)C(=O)(OON(=O)(=O)),-7.592889826279134,-6.7106457
CC(ON(=O)(=O))(C(O))C(C(=O)C(OO))CC(=O)C(=O),-9.08121512236903,-8.793207
CC(OO)CCCCC(OO)C(ON(=O)(=O)),-7.096034891070303,-6.67263
C(=O)(O)C(=O)C(=O)C(=O)C(ON(=O)(=O))C(=O),-4.148415772779117,-4.762468
C(=O)(O)C(=O)OC(OO)(C)C(=O)(OON(=O)(=O)),-4.711650028180884,-5.0042987
C(OO)C(=O)C1(C)OC1C(=O)(OO),-6.237202556014381,-6.7560315
CC(ON(=O)(=O))CC(=O)C(ON(=O)(=O))CC(=O)CC(=O),-6.142714053046802,-6.804066
C(=O)(OO)C1(ON(=O)(=O))OC1(C)C=CC(=O)(OO),-6.863589836775645,-7.929938
CC1(C(=O)(OO))OC1(O)C(O)(N(=O)(=O))C(OO)C(=O)(OON(=O)(=O)),-8.776222201668133,-7.76351
C(=O)(N(=O)(=O))C(=O)C(C)(C(=O))OOC(=O),-2.6001730056814267,-3.1372359
C1(O)C(N(=O)(=O))(ON(=O)(=O))OOC1(OO)C(=O)C,-5.202403921975929,-4.9268928
C(O)C1(O)C(=O)OOC1C(O)C(=O)(OON(=O)(=O)),-6.508249408016127,-6.2105117
C(=O)(O)C(C(ON(=O)(=O)))OOC(=O)C(ON(=O)(=O)),-5.712194400617591,-6.4572463
C(O)C(=O)OC(=O)C(O)C(ON(=O)(=O))C(=O)(OON(=O)(=O)),-5.097797747104778,-5.8014174
CC(=O)C(O)C(ON(=O)(=O))C(ON(=O)(=O))C(O)C(=O)(OO),-7.895234288680513,-7.816403
C(ON(=O)(=O))C1(OO)OC1(OO)C(=O)(OO),-6.050215765746543,-6.1010766
C(=O)(OON(=O)(=O))C1OC1C(OO)(C(=O))C(=O)C(=O),-4.92972069427924,-4.4852777
CC(O)(C(=O)(OO))C(ON(=O)(=O))C(OO)OC(=O),-7.301993428376591,-6.3728476
C(=O)C(=O)OC(=O)C(ON(=O)(=O))(C(=O))C(O)C(=O),-5.093582101682841,-4.968929
C(=O)(O)C(N(=O)(=O))(ON(=O)(=O))C(OO)(C(=O)(OO))C1OC1C(=O),-9.44242765691888,-10.261724
CC(=O)C(ON(=O)(=O))C(OO)C(C(=O))C(C(O))(C)C(=O),-9.205089473085536,-10.029528
C(=O)(O)C(OO)=CC(=O)C(=O),-5.86433765502079,-1.6768098
C(O)C(=O)C(N(=O)(=O))C(=O)C1(N(=O)(=O))OC1(OO)C(=O),-6.762482658949011,-7.50989
C(=O)(OO)C(N(=O)(=O))(OO)C1OOC(C1(=O))C(=O)(OON(=O)(=O)),-5.91363970641396,-5.3787026
C(=O)(OON(=O)(=O))C1OC1C(O)(O)C(=O)C(=O),-4.478790729481261,-5.592044
CC(ON(=O)(=O))(C(OO))C(C(=O)(OO))CC(=O)(O),-8.660368521632336,-7.324461
CC(=O)C(ON(=O)(=O))C(O)C(OO)CC(=O)(OO),-8.444944722807122,-10.219527
C(=O)(N(=O)(=O))C(O)(C(=O)(O))OOC(=O)C(OO)(C)C(=O),-8.830170153036306,-8.913136
CC(O)(C(OO))C(C(=O))CC(=O)C(=O)C,-7.269777882040216,-7.86502
C(=O)(O)C(O)C(O)(C(=O)(O))C(=O)OC(=O)C(=O),-10.289171791424451,-10.103499
C(=O)(O)C1(O)OC1(O)C(O)(N(=O)(=O))C(=O),-8.301077098138194,-8.328692
C(=O)(OON(=O)(=O))C(ON(=O)(=O))C(OO)C(O)OC(=O)C(=O),-6.22451306093717,-5.5237327
C(=O)(OON(=O)(=O))C(O)(O)C(=O)OC(=O)C(O)(C)C(=O),-6.668173502162972,-6.5539265
C(OO)CC(=O)CC(=O)CCC(=O)(OO),-8.23298800435441,-6.7039046
CC(OO)(C(=O))C(C(OO))C(O)(C)C(=O),-9.489639118233754,-9.209492
C1(=O)OC1(C(ON(=O)(=O)))C(O)C(=O)C(=O)C(=O),-4.495638283457083,-4.7383533
C(=O)(O)C(=O)OOC(OO)C(ON(=O)(=O))C(=O)C(=O),-7.287590594482026,-6.90314
CC(=O)C(OO)C(=O)OOC(O)(C(=O)(N(=O)(=O)))C(=O),-6.816436554956454,-5.8441505
CC(ON(=O)(=O))(C(=O)(OON(=O)(=O)))C(C(=O))C(OO)(C)C,-4.823906290923333,-5.2841043
C(=O)(O)C(OO)C(ON(=O)(=O))(C)C(OO)OC(=O)C(=O),-9.200712969839515,-8.425457
CC1(C)OOC(ON(=O)(=O))CC1C(=O)(OO),-4.8940097639242595,-5.561509
CC(ON(=O)(=O))(C)C(C)CC(=O)C(OO)C(=O),-6.133754124144616,-6.4335217
C(=O)(O)C=C(C)C(=O)C(O)C(=O)(OON(=O)(=O)),-5.942899349989602,-3.2445788
CC(ON(=O)(=O))C(=O)OC(=O)C(=O)(OO),-3.4833110103281797,-3.8973682
CC(ON(=O)(=O))C(ON(=O)(=O))C(=O)CCC(=O)CCC(O),-8.25290805685654,-7.8411474
C(OO)C1(OO)OC1C(=O)C(=O)C(=O)(OON(=O)(=O)),-5.316086448048736,-4.5498548
C(=O)(OON(=O)(=O))C(=O)C(ON(=O)(=O))C(O)(OO)C(O)C(=O)C(=O),-6.798142702031328,-6.630639
C(=O)(OON(=O)(=O))C(O)(O)C1(ON(=O)(=O))OC1(C)C(=O),-4.272917649952433,-4.1221313
C(O)C(ON(=O)(=O))CC(C(=O)C)C(=O)C(OO),-8.230513635091484,-7.723951
CC(=O)C(=O)OC(=O)C(O)(N(=O)(=O))C(=O)C(=O),-3.908712958222168,-4.759053
CC(=O)C(ON(=O)(=O))(C(ON(=O)(=O))(C)C(O))CC(=O)C(=O),-6.519000388027052,-5.929253
C(=O)(OON(=O)(=O))C(OO)OC(=O)C(O)(C(ON(=O)(=O)))C(=O)C(=O),-5.569857374670391,-4.934608
CC(=O)CC(OO)C(=O)CCC(ON(=O)(=O))C(OO)C,-9.140117646926228,-9.58416
C(ON(=O)(=O))C(=O)OC(=O)C(ON(=O)(=O))C(O)(OO)C(=O),-5.972703504248784,-4.7678733
C(=O)(OON(=O)(=O))C(O)C(O)C(ON(=O)(=O))(C(=O))C(C)(C)C(=O)(O),-8.958422677547787,-10.0271435
C1(O)C(C(=O)(OON(=O)(=O)))OOC1C(OO)C(=O)C(=O)(OON(=O)(=O)),-6.743486942446907,-6.955853
C(ON(=O)(=O))C1(O)C(ON(=O)(=O))OOC1(O)C(=O),-4.999031719104096,-2.5765903
C(=O)(OO)C(O)C(C(=O)(OON(=O)(=O)))(C(=O))OOC(=O),-5.359338548740197,-5.294586
CC1(C)C(ON(=O)(=O))(C(=O)(OO))CC1CC(=O)(OO),-7.097564963623881,-6.6673126
C(=O)(O)C1OOC(O)(C1(=O))C(ON(=O)(=O))C(=O)C(=O),-7.392321240891761,-6.435704
C(=O)(O)C1CC(OO)(C1(C)C)C(OO)(C)C(=O)(OON(=O)(=O)),-8.574422762969334,-8.132389
CC(=O)C1OC1(OO)C(OO)C(=O)(O),-8.135854593438125,-9.965112
CC(C(=O)(OO))=CC1(N(=O)(=O))OC1(O)C(=O),-6.916371761402843,-9.235178
CC(=O)C(OO)C(=O)C1(O)CC(=O)C1(C)C,-6.421174797549611,-5.328905
C(=O)(N(=O)(=O))C(O)C(O)C(=O)C(=O)(OON(=O)(=O)),-3.9352603833322064,-3.3806899
C(O)C(=O)C(C(ON(=O)(=O))(C)C(OO))CC(=O),-8.383236745135946,-5.874924
CC(OO)(C)C(C(O))C(O)C(=O)C,-7.290041647192993,-7.806564
CC(=O)C(ON(=O)(=O))C(OO)C(C(=O)(OO))C(C)(C)C(=O),-8.254685721334681,-9.433635
C1(O)(O)C(N(=O)(=O))(ON(=O)(=O))OOC1C(O)C(=O),-7.376698038915492,-8.324325
C(=O)(OON(=O)(=O))C(OO)C(O)(C)C(=O)C(=O),-4.588063301438524,-3.8803031
C(=O)(OO)C(O)(N(=O)(=O))C(O)C(=O)OC(OO)(C)C(=O),-9.329433542050538,-9.326366
CCC(OO)C(ON(=O)(=O))C(ON(=O)(=O))CC(O),-5.887284817214095,-6.4475546
C1(=O)C(=O)OOC1C(ON(=O)(=O))C(OO)C(=O)(O),-7.190100449872261,-6.819433
CC(C(=O)(O))C1(ON(=O)(=O))OC1(ON(=O)(=O))C(=O)(O),-6.594840579036827,-6.3112707
C12OOC(O)(C1(=O))C(OO)C(ON(=O)(=O))C2(=O),-5.538999462838547,-4.9145074
CC(=O)C(OO)(C1(C)C)C(OO)C1C(=O)C(=O),-7.434782832104247,-6.98937
CC(=O)C(ON(=O)(=O))CC1(OO)CC(=O)C1(C)C(ON(=O)(=O)),-7.150203417095327,-7.798606
C(=O)(OON(=O)(=O))CC1(O)OOC(N(=O)(=O))(C1(O)(O))C(=O),-7.123588907194062,-5.513473
C(=O)(OO)C(N(=O)(=O))(OO)C(ON(=O)(=O))C1OC1C(=O)(OO),-8.791090634909779,-7.573098
C1(O)C(O)(C(=O)(OO))OOC1C(ON(=O)(=O))(C(O))C(=O),-9.828020084354648,-11.186245
C(=O)(OO)CC1(O)OC1(N(=O)(=O))C(=O)(OO),-6.600697911733732,-7.777622
C(=O)(O)C(=O)C(O)C1OC1(ON(=O)(=O))C(=O),-6.145154229427135,-6.50373
C(ON(=O)(=O))C(OO)(C(ON(=O)(=O)))C(C(OO))C(=O)C,-7.597758357165731,-7.180041
C(=O)(O)C(N(=O)(=O))C(=O)C(=O)C(O)(C(OO))C(=O)(OO),-10.321351005633915,-9.215262
CC(ON(=O)(=O))(C(=O)(O))C1CC(OO)(C(=O))C1(C)C,-8.008161293240846,-7.7239823
C(ON(=O)(=O))C(OO)C1OC1C(=O),-4.845159313230397,-4.637898
CC(=O)C(C)CC(=O)CC(=O),-2.8791639650844445,-2.9442396
C1(OO)OC1(C(=O)(O))CC(=O)(OO),-7.701172518231033,-10.435202
CC(OO)C(ON(=O)(=O))CCC(=O)C(ON(=O)(=O)),-6.372670166656462,-6.2669625
C1(O)(N(=O)(=O))C2(O)OOC1C(OO)C(O)C2(ON(=O)(=O)),-8.501659690708038,-10.335086
C(OO)C(=O)C1(ON(=O)(=O))CC(OO)(C(=O))C1(C)C,-7.796420070120803,-7.9653215
CC(=O)C(ON(=O)(=O))C(C)(C(ON(=O)(=O)))C(OO)C(=O)(O),-7.584699407529115,-7.132526
C(O)C(=O)C(ON(=O)(=O))(C(=O))C(=O),-3.1927841238721157,-2.7053134
C(=O)(O)C(=O)C(ON(=O)(=O))C(=O)OOC(OO)C(=O)(O),-9.530844066590362,-9.681221
C(=O)(OON(=O)(=O))C1OC1C(O)(OO)C(OO)C(=O),-7.4730778327721055,-7.3247333
C(=O)(O)C(O)(C(=O))C(ON(=O)(=O))C(=O)OOC(=O),-6.501932855982886,-5.7935038
C1(=O)C(ON(=O)(=O))C(=O)OC(OO)C(=O)C1(=O),-4.706016760515922,-5.220212
C(=O)(O)C1(O)OC1(OO)C(O)(O)C(=O)C(=O),-10.091368624496681,-12.657039
C(=O)(O)C(=O)CC(=O)C1OC1C(=O)(OON(=O)(=O)),-5.732779538328032,-5.532687
CC(=O)C(ON(=O)(=O))(C1(=O))OOC1C(ON(=O)(=O))C(=O)(O),-5.656817336737731,-4.8026567
CC(=O)C(ON(=O)(=O))C(=O)C(OO)C(C(ON(=O)(=O)))(C)C(=O),-6.398638370392291,-7.388126
CC(O)C(=O)C1OC1C(=O)(O),-6.225936116228695,-7.050016
C(=O)(OO)C(O)C(O)C(ON(=O)(=O))C(=O),-6.925428437454684,-5.4401517
CC(ON(=O)(=O))CC(=O)C(O)C(OO)CCCC,-7.2899287508189445,-5.8547683
CC(=O)C=CC(=O)OC(N(=O)(=O))(OO)C(=O)(O),-7.673326882741094,-8.7152605
C(=O)(OO)C(=O)C1(O)OC1C(ON(=O)(=O))C(O)C(=O)(OON(=O)(=O)),-7.358018355145759,-7.210599
C(=O)(O)C(=O)C(OO)(C(O))OC(=O)C(=O)(OON(=O)(=O)),-7.527795142741525,-6.9460745
CC(=O)C(ON(=O)(=O))C(OO)C(C(=O))C(OO)(C)C,-7.7605891387865995,-7.663732
C1(O)(O)C(OO)(C(=O)(OO))OOC1(C)C(=O),-8.603626201911538,-9.20208
C(O)C(=O)C(ON(=O)(=O))C(O)(C)C(=O)C(ON(=O)(=O)),-6.154818372131558,-6.676564
C(OO)C(ON(=O)(=O))CC(=O)C(C)C(=O)(OON(=O)(=O)),-5.516661761957948,-5.044751
C(=O)(O)C(=O)C(=O)C(=O)C(OO)C,-5.75671961169428,-5.2386017
C(ON(=O)(=O))C(=O)C(=O)C(OO)OC(=O)C(=O),-4.491565166666987,-4.420865
C(=O)(O)C(=O)OC(=O)C=CC(=O)C(=O)(O),-7.615753439655236,-8.205153
C(OO)C(ON(=O)(=O))C(=O)C(C(=O)(OON(=O)(=O)))CC(=O),-5.610911204312288,-5.7307215
C(=O)(OO)C(ON(=O)(=O))C(O)(OO)C1OC1(C(ON(=O)(=O)))C(=O),-8.658718934231729,-8.572445
CC1(C)C(OO)C(OO)C1(OO)CC(=O)(O),-9.74421535489455,-10.071165
CC(OO)C(=O)CC(=O)C(ON(=O)(=O))C(=O)CC(ON(=O)(=O)),-7.707393195938494,-6.579913
C1(O)(O)C(N(=O)(=O))(C(=O)(O))OOC1(C(O))C(ON(=O)(=O))C(=O),-11.437210758351284,-12.784882
C(=O)(OON(=O)(=O))C(=O)OC(=O)C(C(ON(=O)(=O)))=CC(=O),-4.217643003215926,-3.8438845
C1C(O)C(OO)(C)C(ON(=O)(=O))CC1C(=O)C,-7.714411260869383,-7.9965963
CC(=O)C(=O)CC(O)(C(ON(=O)(=O)))C(OO)(C)C(=O)(OON(=O)(=O)),-6.6956006385844375,-6.82624
C(=O)(OO)CC(=O)C1OC1(C(=O)(OON(=O)(=O)))C(=O),-5.209834506731568,-4.690138
C(=O)(O)C1(N(=O)(=O))OC1C(ON(=O)(=O))(C(O))C(O)C(=O),-9.360444978941814,-10.710995
C(=O)(OON(=O)(=O))C(OO)C(C)(C)C(C(=O))C(ON(=O)(=O))(C)C(=O)(O),-8.51243146984416,-8.666978
C(OO)C1(C(=O)(OO))OC1(O)C(=O)(OON(=O)(=O)),-5.901548340090812,-8.291555
C(=O)(N(=O)(=O))C1OC1C(OO)(C)C(O)C(=O)(O),-8.770548979122395,-7.8422384
CC(=O)C(C(OO))C(C)(C)C(=O)CC(=O)(OO),-8.02642970269153,-7.4514346
C(O)CC(O)(C)C(=O)(OO),-5.335639555163652,-3.5886185
C1(O)C(=O)C(OO)C2(C)OOC1C2(=O),-6.255072394342278,-5.0725603
C1(O)(O)C(C(=O)(OON(=O)(=O)))OOC1(C(O))C(O)C(=O),-9.31391980186163,-12.087034
C(O)C2=CC(=O)C(O)(O)C1(O)OC12,-8.308505634769972,-11.545649
C1(=O)C(OO)C(ON(=O)(=O))C(=O)C(OO)C1(ON(=O)(=O))C,-6.571793774699472,-6.1975617
C(=O)(OO)C(=O)OC(O)C(C)=C(OO)C(=O)(OON(=O)(=O)),-8.078206119316746,-8.158807
C(=O)(O)C(ON(=O)(=O))C(O)C1OC1(C)C(=O)(OON(=O)(=O)),-6.318778859938902,-6.872127
C(OO)C(=O)C(OO)C(C)(C)C(=O)(OON(=O)(=O)),-5.608822011596203,-5.7890058
C(=O)(O)C(O)C(=O)C1OC1(C(=O)(OO))C(=O)(OON(=O)(=O)),-7.657480092737387,-9.280184
CC(OO)(C)C(C(ON(=O)(=O))(C(O))C(=O)(OON(=O)(=O)))C(=O)C(=O),-7.271836479725607,-7.2028604
C(=O)(OO)C(C(=O))C(=O)C(OO)OC(=O),-6.50346878120763,-6.270722
C1(O)C(=O)OOC1(C(=O))C(ON(=O)(=O))CC(=O),-6.374138709958061,-5.637088
CC(ON(=O)(=O))(C)C(C(O)(C(=O))C(=O))CC(=O),-6.556964363091538,-6.747137
CC(=O)C1(OO)C(OO)C(OO)(C)C1(C)C,-8.393265353395691,-7.810927
C(=O)(OON(=O)(=O))C(=O)OC(OO)(C)C(O)C(ON(=O)(=O))C(=O),-6.330602567712049,-6.228381
C1(O)(ON(=O)(=O))C(C(=O))OOC1(C(=O))C(OO)C(=O),-7.750875148183695,-8.838414
C1(=O)C=CC(=O)OOC1(C(OO))C(=O),-5.229104785339587,-5.775982
C(=O)(O)C(=O)C(C(=O)(O))(C(=O))OOC(=O),-7.4684958599027595,-7.461497
C(O)CCC(OO)C=C,-3.358197452384047,-3.675818
C(O)C1(C(=O)(OON(=O)(=O)))OOC(O)(C1(O))C(=O),-7.653235329911695,-8.242179
C(=O)(N(=O)(=O))C1(O)OC1(O)C(ON(=O)(=O))C(OO),-6.810681384620693,-6.9104915
C(=O)(O)C1OC1C(ON(=O)(=O))(C(OO))C(O)C(=O)(OO),-10.891609848727967,-9.453309
CC(=O)CC(ON(=O)(=O))C(OO)C(=O)CCCC,-6.172495021728537,-5.603152
C(=O)(OO)C(OO)C(C)(C(=O))OOC(=O),-6.439167194905167,-5.3891373
CC(C(=O)(O))=C(OO)C(=O)C(O)C(=O),-8.539895893911307,-6.764387
C(=O)(O)C(O)C(ON(=O)(=O))C(O)OC(=O)C(=O)(OON(=O)(=O)),-7.4988217521568,-7.458645
C(=O)(O)C(O)C(=O)OOC(OO)(C(ON(=O)(=O)))C(=O),-8.844966916061821,-8.324201
C(=O)C(ON(=O)(=O))C(OO)(C1(O))OOC1(ON(=O)(=O))C(=O),-6.290846574353054,-7.4708486
C(O)C(C(=O)(OON(=O)(=O)))OOC(=O)C(=O)(OON(=O)(=O)),-3.316674225101451,-3.603686
CC(=O)C1(ON(=O)(=O))OOC(OO)(C1(=O))CC(=O)(O),-7.422041584923136,-5.2796845
C(=O)(OO)C(=O)C(=O)OC(=O)C(N(=O)(=O))C(=O)C(=O),-5.17861680698843,-5.5066853
CC1(O)C(=O)OOC1(OO)C(OO)C(=O)C(=O)(N(=O)(=O)),-8.186814988635888,-7.1633615
C(=O)(O)C(=O)C(=O)C(=O)CC(=O)(O),-6.580968102061888,-7.1581435
C(=O)(O)OC(OO)(C)C(=O)CC(=O)(OO),-8.608153118460905,-7.676306
C(=O)(OO)C(=O)C(O)(C(O))C(ON(=O)(=O))OC(=O),-7.108948870794848,-7.443305
C(O)C(OO)(C(=O)(O))OC(=O)C(OO),-9.914632480966247,-9.350649
C(=O)(OO)C(=O)OOC(ON(=O)(=O))C(ON(=O)(=O))C(=O)C(=O),-5.424502206395118,-4.5994453
C(=O)(O)C(=O)OOC(ON(=O)(=O))(C(=O)(OON(=O)(=O)))C(O)C(=O),-6.277231771076913,-6.2705836
CC(=O)C(OO)CC(=O)C(=O)C(=O)C(ON(=O)(=O))(C)C,-6.386478835702292,-6.3526587
CC(=O)CC(=O)CC(ON(=O)(=O))C(ON(=O)(=O))CC(=O)(OO),-7.686104461088689,-6.3829217
CC(=O)CCC(=O)CC(ON(=O)(=O))CC(OO)C(O),-9.364878659092938,-9.355898
CC(=O)C(ON(=O)(=O))C(C)(C(O))C(OO)CC(=O)(OON(=O)(=O)),-7.869227430870524,-8.558679
C1(OO)C=CC(=O)OOC1(C(ON(=O)(=O)))C(=O)(OO),-7.834950224383647,-8.44561
C1(O)C(OO)(C(O))OOC1C(ON(=O)(=O))C(=O)(O),-10.40710452278654,-10.50737
C1(=O)C(O)C(OO)C(=O)OOC1(O)C(=O)(O),-9.315856498091307,-5.9902906
C1(OO)OC1(OO)C(O)(C)C(ON(=O)(=O))C(=O)(OON(=O)(=O)),-6.3574037141224835,-5.998927
C(=O)C12OOC(C2(=O))C(=O)C(=O)C1,-3.462246352170041,-3.343454
C(=O)(O)C1(C(=O))OOC(OO)(C1(=O))C(ON(=O)(=O))C(=O),-6.997644297131046,-8.579122
C(=O)(OO)C12CC(=O)C(OO)C(C1(O))OO2,-9.040160526747059,-10.780166
CC(=O)C(ON(=O)(=O))C(C)(C)C(C(=O)(OON(=O)(=O)))C(OO)C(=O),-6.457094526653236,-6.8416514
C(=O)(OON(=O)(=O))C(O)C(=O)C1(C(=O))OC1(ON(=O)(=O)),-3.1183153710589977,-3.2103674
CC(=O)OOC(O)(C(=O)(N(=O)(=O)))C(ON(=O)(=O))C(=O)(OO),-6.181787437366438,-6.6217256
C1(O)C(ON(=O)(=O))OOC1C(=O)(OON(=O)(=O)),-2.4285052128288953,-3.1098094
CC(=O)C(C(OO)(C)C)C(OO)C(=O)CC(=O)(O),-10.380095105028886,-10.862548
C(OO)C1(ON(=O)(=O))OC1CC(=O),-4.4319920526540955,-4.150912
C(=O)(O)C=CC(ON(=O)(=O))(C(OO))OC(=O),-7.043165297836822,-6.917884
CC(ON(=O)(=O))(C)C(C(=O)C(OO))C(ON(=O)(=O))C(=O)CC(=O)(OO),-8.656888130088191,-8.961665
C(O)C(C(OO))(C(=O))OOC(=O)C(=O),-6.883452904665319,-6.8254704
CC(=O)C(OO)C(C(ON(=O)(=O)))(C)C(=O)(OO),-5.668015878953156,-6.2796016
C2(=O)C(=O)C(=O)C(ON(=O)(=O))(C1(=O))OOC12C,-2.489082951553428,-1.854959
CC(ON(=O)(=O))C(C)(C)C(=O)C(ON(=O)(=O)),-2.8935354378154443,-3.3425398
C(=O)(N(=O)(=O))C(=O)C(=O)OC(OO)(C)C(=O),-3.2991998133293237,-2.9637704
CC(OO)C(ON(=O)(=O))CCC(=O)CC(=O),-6.69462912862582,-6.1582212
CC(=O)C(ON(=O)(=O))CC(C(=O)(OON(=O)(=O)))C(O)(C)C,-5.102606598320563,-5.6175213
C(=O)(OON(=O)(=O))C(OO)C(=O)C1OC1(C(=O)(O))C(=O),-6.464690251210413,-7.2716126
C1(O)(OO)C(ON(=O)(=O))OOC1(C(O))C(=O)C(=O),-7.146364846645156,-8.279258
C(=O)(OO)CC(=O)C1(OO)OC1C(=O)(OO),-8.30605421501241,-8.026507
CC(ON(=O)(=O))CCC(=O)CCCC(OO),-6.250770098249632,-5.6293087
C(=O)(O)C1(ON(=O)(=O))OC1(C)C=CC(=O)(OO),-6.906713195789052,-7.824893
CC(=O)C(ON(=O)(=O))C(O)C(O)C(ON(=O)(=O))C(=O)(O),-8.40724029059129,-8.322452
C(=O)(OON(=O)(=O))C1OC1(ON(=O)(=O))C(OO)C(O)C(=O),-5.548591937185847,-6.6618695
C(=O)(O)C1OC1(OO)C(C(=O)(OO))C(=O),-9.025622805500461,-7.665312
CC(OO)(C(ON(=O)(=O)))C(OO)C(=O)C(=O)C(=O),-6.714707403592911,-6.3301277
CC(ON(=O)(=O))CCCC(=O)CC(OO)C(OO)C,-8.864056254475145,-8.618328
CC(ON(=O)(=O))(C)C(=O)C(OO)(C)C(ON(=O)(=O))CC(=O),-6.64083611112801,-7.229888
C(=O)(O)C1(N(=O)(=O))OC1(O)C(O)C(OO)(C)C(=O),-10.572240811892698,-11.70649
CC(O)(C(=O)(OO))C(ON(=O)(=O))C(C(=O)(O))OOC(=O),-8.76253743844427,-9.042588
C(=O)(O)C(O)C(ON(=O)(=O))C(C)(C(=O)(O))OOC(=O),-9.284629990153917,-9.509882
C(=O)(OON(=O)(=O))C(=O)OC(OO)C=C(C)C(=O),-4.930851840970718,-5.0329924
CC(=O)C(O)C(OO)C(C(=O)C)CC(=O)(OON(=O)(=O)),-7.306634822405613,-8.965302
CC(OO)(C(O))C(C(ON(=O)(=O))C(=O))C(ON(=O)(=O))C(=O),-8.29455629462609,-8.026913
C(=O)(O)C(=O)OOC(C(=O))C(O)C(=O)(OO),-9.309576677173027,-8.662614
CC(=O)C1OC1(ON(=O)(=O))C(=O)C(OO),-3.9356094399263384,-3.681364
CC(=O)C(ON(=O)(=O))CC(C(OO)(C)C)CC(=O)(O),-8.841426686962222,-8.807071
C(=O)(O)C1OC1C(C(OO))=CC(=O)(OO),-9.612326823695184,-9.973085
CC(=O)C(OO)CC1CC(=O)C1(C)C(=O)(O),-8.821133106532216,-9.013856
C(O)C(OO)(C(=O)(OON(=O)(=O)))C(=O)OC(=O)C(=O),-5.038780434151704,-4.584796
CC(OO)C(=O)C(ON(=O)(=O))CC(=O)C(OO),-7.2585387986619025,-6.988021
CC(OO)(C)C(ON(=O)(=O))(CC(=O)(OO))C(C(=O))=C,-7.620231008189876,-6.8441124
C(=O)(O)C(ON(=O)(=O))C1CC(OO)C1(C)C(ON(=O)(=O)),-8.074851904933894,-7.157303
C(O)C(=O)C(ON(=O)(=O))C(ON(=O)(=O))OOC(=O)C(=O)(O),-7.2517524218746985,-7.0524335
C1(=O)C(N(=O)(=O))(OO)C(OO)OOC(=O)C1(O)C,-6.233753658634669,-8.273011
C(O)C(OO)C(C(=O)(O))(C)C(=O),-8.221744713235239,-7.87364
C(=O)(OON(=O)(=O))C(O)C1OOC(ON(=O)(=O))(C1(O)(O))C(=O),-6.7650892247474985,-5.871831
C(OO)C(C(=O))=CC1OC1(OO)C(=O),-7.471493263798038,-7.234701
C(=O)(OO)C(O)C1OC1C(=O),-5.56921650248114,-4.5098906
CC(ON(=O)(=O))(C(=O)(O))C(C(=O)(OO))OOC(=O)C(=O)(O),-9.832447195782152,-10.746364
C1(OO)OC1(O)C(=O)C(ON(=O)(=O)),-3.830814222823392,-2.7142177
C(=O)(OO)C(O)(OO)C(ON(=O)(=O))(C)C(O)OC(=O),-8.721443586317037,-9.027898
CC(=O)C1(OO)CC(OO)C1(C)C,-5.249421345768496,-5.7738137
C(=O)(O)C(=O)OC(=O)C(O)(C(=O))C(O)C(=O)(O),-10.289171791424451,-11.810837
C(O)C(ON(=O)(=O))(C(=O)(O))C(C(=O)(OO))C(C)(C)C(=O),-9.327476674836362,-9.213665
CC(=O)C(=O)C(=O)C(=O)C(N(=O)(=O))(ON(=O)(=O))C(=O)(OO),-4.180669476783805,-4.7472196
C(=O)C(ON(=O)(=O))C(=O)C1(OO)OC1(O)C(=O),-4.869983440490614,-5.757736
C(=O)C1(OO)OC1C(O)(C(=O)(OON(=O)(=O)))C(OO)C(=O),-7.852035261297715,-8.24272
CC(=O)CC(O)CC(=O),-3.825909965671599,-3.742485
C(=O)(O)C1(O)OC1(O)C(=O)C(OO),-8.472602069185086,-8.37605
C(=O)(OO)C1(ON(=O)(=O))OC1C(OO)C(O)(C)C(=O),-7.925731915926008,-7.731665
CC(OO)CCC(ON(=O)(=O))CCC(=O)CC(ON(=O)(=O)),-8.221665634562669,-7.9425206
C(=O)(O)C(=O)C(ON(=O)(=O))C(OO)(C)OC(=O)C(=O)(O),-9.41613767175295,-8.934451
CC(O)CCC(OO)C(OO)CCC(O)C,-10.820093780079333,-11.468696
C(=O)(OO)C(=O)OC(=O)C(OO)(C)C(=O)C(=O),-6.345325025591592,-6.218608
C(=O)(OON(=O)(=O))C(O)C(C(=O)(O))(C(=O)(O))OOC(=O),-8.313054429672775,-8.814771
C(=O)(OO)C1(O)OC1(C(=O))C(ON(=O)(=O))C(=O),-5.124218681175989,-5.6023316
C1(O)(ON(=O)(=O))C(OO)(C)OOC1C(O)C(=O),-7.252029033585131,-4.6875324
C(=O)(OON(=O)(=O))C1(OO)OC1C=C(C(=O)(OO))C(=O),-6.805323428561678,-6.486924
C(=O)(O)C(=O)C1(O)OC1(O)CC(=O),-7.405915148359782,-6.839321
C1(O)OOC(=O)C1(O)C(=O),-3.5653863785846625,-4.6642985
CC(ON(=O)(=O))CCCCC(ON(=O)(=O))CCC(O),-6.661231026959285,-6.575215
CC(ON(=O)(=O))(C)C(C(=O))C(O)(C)C(=O)C(ON(=O)(=O))C(=O),-6.2362227698504284,-7.3839345
C12OOC(O)(C2(O))C(OO)C(O)C1(ON(=O)(=O))C(=O)(OON(=O)(=O)),-8.58595714214971,-8.19335
CC(=O)OC(O)C(=O)C(OO)C(=O)(O),-7.826147795956786,-7.0769405
CC(=O)OC(=O)C(O)(O)C(=O)C(O)C(=O)(OO),-8.607365166732052,-8.881116
C1(=O)C(=O)OOC1C(=O)C(O)(C(OO))C(=O)(OON(=O)(=O)),-5.898981741371244,-5.1594596
C(OO)OOC(=O)C(=O),-2.654683195585676,-2.871924
C(=O)(OON(=O)(=O))C(O)C1(OO)OC1(OO)C(=O),-5.866643990895682,-5.390712
C(=O)(OON(=O)(=O))C(=O)OC(O)C(OO)C=C,-4.477344985665695,-4.823543
C(O)C1(ON(=O)(=O))C=CC(=O)OOC1C(=O)(O),-7.633341074466443,-8.378585
C(=O)(OO)C(=O)OOC(ON(=O)(=O))(C(O))C(=O)(OON(=O)(=O)),-5.150931775428035,-5.7185636
C1(OO)C=CC(N(=O)(=O))(OO)OOC1C(=O)(O),-8.717489665727044,-8.929187
CC(ON(=O)(=O))(C)OOC(OO)CC(=O)CC(=O)(OO),-7.756814357122494,-7.5887327
C(=O)(O)CC(=O)C(C)(C(OO))C(C)C(=O)(OON(=O)(=O)),-8.463583427997946,-8.557836
C(=O)(O)C1(OO)OOC(=O)C1(O)C(=O),-7.075269532011589,-5.9548616
CCC(=O)CCC(O)CC(OO)C(OO)C,-9.244878629746381,-9.787136
C(=O)(N(=O)(=O))C1(OO)OC1C(OO)C(O)C(=O)(O),-10.232086249277927,-9.306631
CCCC(ON(=O)(=O))C(=O)C(ON(=O)(=O)),-2.2727922915073577,-2.723079
C(=O)(O)C(=O)C(OO)C(O)(O)C(=O)C(OO),-11.598184235379449,-11.384033
CC1(O)C(=O)OOC1(OO)C(=O)C(O)C(=O)(OON(=O)(=O)),-7.0947094494295015,-5.7737103
C(ON(=O)(=O))C1OOC(OO)C1(O)C(=O)(OO),-6.878771199360926,-7.767855
C1(=O)C(=O)C(ON(=O)(=O))CC(OO)C1,-5.361702581929421,-6.633125
CC(=O)C(ON(=O)(=O))CC(=O)C(OO)C(OO)CC(=O)C,-9.23809390686074,-9.718352
C(ON(=O)(=O))C(OO)CC(C(=O)(OO))C(=O)C,-7.094630576782947,-6.4113655
C(=O)(O)C(O)C(OO)(C1(=O))OOC1(C)C(=O),-8.356386964100238,-8.677379
CC(=O)CC(=O)C(=O)C(ON(=O)(=O))CCC(O),-6.450382953626104,-5.9572473
CC(ON(=O)(=O))(C(=O)(O))C1OC1(O)C(=O),-6.056486716559448,-5.6330776
C(=O)C(N(=O)(=O))(ON(=O)(=O))OOC(C(=O)(O))C(=O)C(=O),-5.4912181885156315,-5.345315
C(=O)(O)CC(C(=O))C(C)(C(O))C(=O),-8.580921075848892,-8.702675
CCCCCC(OO)CCCC,-3.0229617337390664,-2.5681539
C12OC1C(O)(OO)C(=O)C(OO)C2(O)C(OO),-11.34365327773412,-13.189708
C(ON(=O)(=O))CC(O)C(OO)C(ON(=O)(=O)),-5.717982562651741,-6.000489
C(=O)(OO)C(OO)CC(C(=O)(OON(=O)(=O)))C(ON(=O)(=O))(C)C,-6.598057479281124,-5.729834
C(ON(=O)(=O))C(=O)C(=O)OC(=O)C=CC(=O)(OON(=O)(=O)),-3.918868225584447,-3.3581922
C(=O)(O)C(=O)C(OO)C(OO)OC(=O)C(=O),-8.399447225870972,-8.27913
C(ON(=O)(=O))C(=O)C1(ON(=O)(=O))OC1C(OO)C(O)C(=O),-6.815523628061783,-7.8049593
C(O)C(C(=O)(OO))C(C)(C(O))C(=O),-7.533498703043733,-6.8232827
CC(C(=O)(OON(=O)(=O)))=CC1(ON(=O)(=O))OC1(OO)C(=O),-4.556594226076413,-3.974521
C(O)C(=O)C1(O)OC1(N(=O)(=O))C(OO)C(=O),-8.104774043149519,-9.67279
C1(OO)C(OO)(C)C(ON(=O)(=O))C(=O)OOC1C(=O)(OO),-8.787920704449789,-10.93843
C1(OO)OC1C(ON(=O)(=O))(OO)C(OO)(C)C(=O)(O),-9.323491369905241,-9.75996
C(=O)(O)C(ON(=O)(=O))(C(OO))C(C)(C)OOC(=O),-7.104174544925627,-7.26659
C(=O)OOC(O)(C(=O)(N(=O)(=O)))C(=O)C(=O)C(=O),-3.6882758121573715,-4.101929
CC(=O)CCC(ON(=O)(=O))C(ON(=O)(=O))CC(=O)C(=O)C,-5.711318317524274,-5.3389688
C(=O)(O)C(=O)OC(OO)C(=O)C(ON(=O)(=O))C(=O)(OON(=O)(=O)),-6.028989093811106,-5.7846155
CC(=O)C(=O)C(C(=O)(OO))OOC(=O),-4.892383234127919,-3.3490539
C(=O)(OO)C(OO)=C(C(ON(=O)(=O)))C(=O),-6.3065417795369285,-7.3186154
CC(=O)C(ON(=O)(=O))C(=O)C1OC1(O)C(=O),-4.521060515740828,-2.827397
CC(=O)C(ON(=O)(=O))C(C)(C(O))C(C(OO))C(=O)(OON(=O)(=O)),-7.906003627587779,-7.806475
C1(O)C(N(=O)(=O))(C(=O)(OO))OOC1(O)C(O)(N(=O)(=O))C(=O),-8.356939034758398,-9.654527
CC(OO)(C(=O)(N(=O)(=O)))OC(=O)C(=O)C(ON(=O)(=O))C(=O)(OO),-6.579263768544479,-6.0728984
C1(O)C2(O)OOC1(C)C(OO)C(O)C2(=O),-8.799670495391183,-7.5424786
C(O)C(=O)C(ON(=O)(=O))C(O)OC(=O),-5.579177002331562,-5.93634
C12OC1C(O)(O)C(=O)C(ON(=O)(=O))C2(OO)C(=O)(O),-9.568929671710066,-8.605449
C(=O)(O)C(=O)C,-1.6761783545334765,-1.629117
C(=O)(O)CC1(OO)OC1(OO)C(=O)(OON(=O)(=O)),-6.6489712007351045,-6.7293167
CC(ON(=O)(=O))(C(=O)(O))C(C)(C)C(=O)CC(=O)(OO),-7.356820104214421,-6.7268734
CC(ON(=O)(=O))CC(=O)C(OO)CCC(=O)CC,-5.73892009136398,-6.37266
C(=O)(OON(=O)(=O))C1(ON(=O)(=O))OC1(O)C(=O)CC(=O),-3.4910282528653624,-3.980071
CC(OO)(C(=O)(O))C(ON(=O)(=O))OOC(=O)C(=O)(OON(=O)(=O)),-6.161084232811845,-4.940566
CC(ON(=O)(=O))(C)OOC(=O)C(ON(=O)(=O))(C)C(O)C(=O)C(=O)C(=O),-6.0097673911222955,-4.118664
C(OO)C(=O)C(O)C(=O)C(O)C(=O)(OON(=O)(=O)),-6.588857685484982,-7.107498
C1(OO)OC1(C(OO))C(=O)C(O)C(=O)(OO),-8.969464394354873,-9.268332
CC(=O)C(ON(=O)(=O))C(C)(C)C(C(=O)(O))C(=O)(OON(=O)(=O)),-5.535826525574521,-5.839308
C(=O)(OON(=O)(=O))C1OC1(ON(=O)(=O))C(OO)=CC(=O),-5.021837448624865,-5.4957466
C(=O)(O)C1(OO)OC1(C)C(O)C(OO)C(=O)(OON(=O)(=O)),-9.393547439132817,-9.503359
C(=O)(OON(=O)(=O))C(=O)C(=O)C(C(OO)(C)C)C(ON(=O)(=O))(C)C(=O),-5.900834475502052,-5.4756618
CC(C(=O)(OON(=O)(=O)))C(=O)CC(C(=O))C(ON(=O)(=O))(C)C,-5.162845428993023,-4.7708087
C1(=O)C2OOC1C(=O)C(O)(C2(=O))C(OO),-5.899149669221515,-4.2392797
C1(=O)COOC1(ON(=O)(=O))C(ON(=O)(=O))C(=O)(O),-4.704891897490597,-3.3902814
C(=O)(O)C1OC1C(C(=O)(O))C(=O)(O),-9.555622261683311,-9.677765
C1(=O)C(=O)C(ON(=O)(=O))C(OO)C(OO)C1(O),-7.6798823047101905,-8.823514
C(ON(=O)(=O))C1CC(OO)(C1(C)C)C(=O)C(=O),-6.077265237177926,-5.088378
C(O)C(=O)C1C(ON(=O)(=O))C(C1(C)C)C(OO)C(=O)(OON(=O)(=O)),-7.450275841605617,-8.870834
C1(=O)C(O)(C(=O)(OON(=O)(=O)))OOC1C(ON(=O)(=O))(C)C(=O),-4.5783344710253004,-5.5216355
C(O)C(O)(C(=O)(O))C(=O)OC(=O)C(=O)(O),-8.714392642657913,-8.946964
CC1(C)C(OO)(C(OO))C(OO)C1C(=O)(OON(=O)(=O)),-7.263036811527854,-7.1277313
C1(OO)OC1C(ON(=O)(=O))(OO)C(=O)C(=O)C,-5.125421084139816,-5.4930587
C1(=O)C(ON(=O)(=O))C(ON(=O)(=O))C(=O)OOC1(OO)C(=O)(O),-6.520166394107946,-6.3183208
C1(=O)OC1C(ON(=O)(=O))C(O)C(=O)C,-4.641370761077269,-4.4309564
CC(ON(=O)(=O))CCCCCC(OO)CC(=O)(OON(=O)(=O)),-7.218204273151059,-6.545202
C1(OO)OC1(O)C(N(=O)(=O))C(=O)(OON(=O)(=O)),-3.784764487274515,-4.3182974
C(=O)(OO)C(N(=O)(=O))C(C(=O)(O))OOC(=O),-7.303462955460418,-7.0365148
C(=O)(OON(=O)(=O))C(O)(OO)C(ON(=O)(=O))C1OC1(OO)C(=O),-7.033534178262926,-6.69914
C1(=O)C(OO)OOC1(ON(=O)(=O))C(OO)(C)C(=O)(OON(=O)(=O)),-4.978128124748764,-4.7184544
C(OO)C(=O)C1(O)OC1(ON(=O)(=O))C=CC(=O),-6.615146935575467,-6.7282534
C(=O)(O)C(ON(=O)(=O))C(C(OO))C(=O)C(O),-8.96893422166977,-8.428419
CC(ON(=O)(=O))(C)C(ON(=O)(=O))(C(=O)(O))C(OO),-5.623036001987202,-5.898706
C1(=O)C(OO)OOC(C(=O)(O))C(OO)C1(=O),-8.430998286330578,-8.996637
CC(=O)CC(=O)C(ON(=O)(=O))CC(OO)C,-6.009674274770077,-5.307037
CC1(C(=O)(O))OC1(OO)C(=O)CC(=O),-7.031866081990302,-7.533088
C(=O)(N(=O)(=O))C(=O)C(O)(C(=O))OOC(=O)C(=O),-3.9943795428225712,-3.316653
C(=O)(OO)C(O)(OO)C(ON(=O)(=O))C1OC1C(=O)(OON(=O)(=O)),-7.2349266520977835,-6.6635
C(=O)(OON(=O)(=O))C(O)C(OO)C1OC1(OO)C(=O)(OON(=O)(=O)),-6.557314580502862,-6.5316215
C(=O)(OO)C(ON(=O)(=O))C(O)(C(=O)(O))C(ON(=O)(=O))C(=O),-7.621123324173823,-7.6668363
C(=O)C1OC1(O)C(OO)(C(=O)(OON(=O)(=O)))C(O)C(=O),-7.8204623026213085,-8.664452
C(=O)(O)C(ON(=O)(=O))(C(ON(=O)(=O)))OOC(=O)C(O)C(=O),-7.367136304255837,-5.6917844
CC(ON(=O)(=O))CCCC(OO)C(=O)CC(OO),-8.954160538865835,-8.208186
C(=O)(O)C(=O)C1(C)OC1(OO)C(=O),-5.776869770037592,-5.6121187
C(ON(=O)(=O))C1(OO)CC(OO)C1(C)C(=O),-6.953736016705079,-7.0407643
CC1(C)OOC(ON(=O)(=O))(C(=O)C)CC1C(ON(=O)(=O))C(=O)(OO),-6.594151201952627,-5.6236806
CC(=O)C(OO)(C1(=O))OOC1C(O)C(=O)(OON(=O)(=O)),-5.8126097202984965,-5.9165187
CC(ON(=O)(=O))(C(OO))OOC(C(=O)(O))C(=O)(OO),-8.347985427655658,-8.271206
CC(=O)CC(=O)CC(OO)C(OO)CC(O),-10.3526706962366,-10.439182
C(O)C(ON(=O)(=O))(C(=O))C(=O)C(=O)OC(=O),-3.6169942114320293,-4.1765184
C(OO)C(ON(=O)(=O))C(C)(C(=O))C(C(=O))C(=O)C,-6.84286251924641,-7.165952
CC1(O)C(=O)C(ON(=O)(=O))C(=O)CC1(OO)C(OO)(C)C,-8.87569003588942,-9.896001
CC(=O)C(=O)OC(OO)C(OO)C(=O)C(=O)(O),-8.749631557333487,-8.460251
C(=O)(O)C(=O)C(=O)C(C(O))=CC(=O)(OON(=O)(=O)),-6.263541059692216,-7.137229
C(=O)(O)C(ON(=O)(=O))C(OO)C1(O)OC1(N(=O)(=O))C(=O),-8.749176900317252,-7.8361454
C(ON(=O)(=O))C(ON(=O)(=O))C(C(=O)(O))(C)C(OO),-6.66018628403981,-6.6298833
C(=O)(OO)C(ON(=O)(=O))C1(C(=O)(OON(=O)(=O)))OOC(O)(C1(O))C(=O),-7.799377663850464,-6.3234334
C(=O)C1(O)C(ON(=O)(=O))OOC1C(=O),-3.6813221265947504,-2.4345064
C(=O)(O)C(=O)OOC(C(=O)(O))C(O)C(=O),-9.656641248402593,-10.575891
C(=O)(OON(=O)(=O))C(O)C1OC1(C)C(O)(OO)C(=O)(OON(=O)(=O)),-6.527215640406212,-5.547688
C(=O)(OO)C(=O)C(ON(=O)(=O))(C)C1OC1(OO),-5.437622717825434,-5.968561
CC(=O)C(O)CC(OO)(C(=O))C(=O)C,-6.743576084409142,-6.8765373
C1(O)C(=O)C(OO)C(C)(C)C(ON(=O)(=O))C1(OO)C,-8.00725544553643,-2.301117
CC(OO)(C)C(ON(=O)(=O))(C(ON(=O)(=O))C(=O)(OO))CC(=O),-7.326798822494311,-6.52879
CC(=O)C(O)CC(C(O)(C)C)C(ON(=O)(=O))C(=O)(OON(=O)(=O)),-7.257420696139889,-6.2234964
C(=O)(O)C(OO)C1(ON(=O)(=O))OC1(C)C(=O),-6.381154606668133,-6.3574996
CC(C)(C(=O)(OON(=O)(=O)))C(C(=O))CC(OO)C(=O)(OO),-7.5305491566468845,-5.9792547
CC1(C)OOC(=O)C(OO)C1(OO)C(ON(=O)(=O)),-6.526146249110752,-4.509013
CCC(ON(=O)(=O))CC(=O)CC(OO)C(=O)CC(ON(=O)(=O)),-7.795298428936803,-8.025786
CC(O)CC(ON(=O)(=O))C(=O)CC(=O)CC(OO)C,-9.389462448329141,-7.894188
CC(O)(C(=O))C(OO)C(ON(=O)(=O))OC(=O),-6.111441351509711,-5.058971
C2(=O)C(C)=CC(OO)(C1(O)(N(=O)(=O)))OOC12(O),-7.955917429579131,-8.568809
C(=O)(O)C(ON(=O)(=O))C(C(O))(C(=O))OOC(=O),-7.161425952348509,-6.789389
C1(O)(O)C(OO)OOC1(C(ON(=O)(=O)))C(ON(=O)(=O))C(=O)(O),-9.46911867757808,-9.477468
CC(=O)C1OC1(ON(=O)(=O))C(OO)C(=O)(O),-6.139211294699635,-6.807536
C1(=O)C(OO)C(ON(=O)(=O))C(C(=O))OOC1(=O),-5.247778601813479,-5.0461855
CC(=O)C(=O)OC(OO)C(ON(=O)(=O))C(OO)C(=O)(OO),-8.766647472086333,-7.7972484
CC1(C(=O))OOC(ON(=O)(=O))(C1(O))C(OO)C(=O),-7.120994422559306,-7.18741
CC(=O)C(=O)OC(N(=O)(=O))(OO)C(=O)C(O),-5.620631267880526,-5.4614916
C(=O)C(ON(=O)(=O))C(O)C1(C(=O)(OO))OC1(OO)C(=O),-8.288482091971673,-9.311386
CC(ON(=O)(=O))(C)C(C(ON(=O)(=O)))C(C(=O)(O))=C,-5.8484292764660495,-5.136261
C1(=O)C(=O)OOC(ON(=O)(=O))C(=O)C1(O)C(OO),-5.041573659218557,-6.0370107
C(=O)(O)CC(=O)CC(OO)C(=O)(O),-9.527485834722029,-9.148392
C(=O)C(=O)C(=O)OC(=O)C(=O)C(O),-3.6149212630662078,-3.3736713
C(O)C(=O)C(=O)C(O)C(=O)(N(=O)(=O)),-4.905647019153548,-4.8242106
C(=O)(O)C=C(OO)C1(N(=O)(=O))OC1(C)C(=O),-7.9592231391470705,-7.2775006
C(=O)(O)C(O)(OO)C(ON(=O)(=O))OC(=O),-6.46111629918596,-7.5083632
C(=O)(OO)C=C(OO)C1(C)OC1(OO)C(=O)(OON(=O)(=O)),-7.858249827386317,-8.219303
C(=O)(OO)C1OOC(O)(C1(O)(O))C(ON(=O)(=O))C(=O)(OON(=O)(=O)),-8.201294420334307,-7.0500393
CC1(C(=O)(OO))OOC(O)(C1(=O))C(O)(N(=O)(=O))C(=O),-7.980695739988732,-7.3000493
CCCC(=O)CC(ON(=O)(=O))C(ON(=O)(=O))CC(O)C,-6.282357420906919,-6.282515
C(O)C(=O)C(ON(=O)(=O))C1OC1C(=O)(OO),-7.133929225572501,-4.6490893
C(=O)(OON(=O)(=O))CC1CC(C(=O)C(OO))C1(C)C(=O),-7.291544522122422,-7.287983
C(O)C(=O)C(=O)C(C)(C)C(ON(=O)(=O))CC(=O)(O),-7.904782383033307,-7.293397
CC(=O)CC(OO)C(O)C(=O)C(=O)C(ON(=O)(=O)),-7.444603927702701,-7.2189236
C(=O)(OO)C(C(=O)(OON(=O)(=O)))C(=O)C(=O)OOC(=O),-4.704452271536866,-4.0975013
C(=O)(O)C(OO)C(OO)C(ON(=O)(=O))(C)C(C(=O))C(=O)C,-10.528588068136742,-12.1690035
C(O)C(=O)OOC(N(=O)(=O))(C(=O)(O))C(O)C(=O),-9.099215401995025,-9.400854
CC(OO)C(ON(=O)(=O))(C)C(=O)(O),-4.666554938590707,-5.0520988
C(=O)(O)C(=O)C(O)(C(ON(=O)(=O)))C(=O)OC(=O),-5.470894108122593,-4.6180563
C(OO)C(=O)C(OO)(C)C(C(=O))C(=O)C,-7.159221720772621,-8.12315
C(=O)(OO)C(=O)C(OO)C(=O)C(O)C(ON(=O)(=O))C(=O),-8.547100502546527,-7.6604953
CC(ON(=O)(=O))C(=O)OOC(OO)C(=O),-4.1739405520493165,-4.2755017
C1(=O)OC1C(OO)C(=O)C(=O)C(=O)C(ON(=O)(=O)),-5.9011559809987375,-4.9604926
CC(=O)C(=O)C(ON(=O)(=O))(C(=O)(O))C(OO)C(ON(=O)(=O)),-6.819687275954493,-6.633924
C(O)C(ON(=O)(=O))C(C(=O)(O))C(=O)C(OO),-8.831856189088285,-9.133096
C(=O)(O)C(O)C(ON(=O)(=O))C(OO)C(=O),-7.484206371518667,-8.078797
C(=O)(O)C(N(=O)(=O))C(=O),-2.3930761816554877,-3.2475283
CC(=O)C(C)(C(ON(=O)(=O)))C(OO)(C(O))C(=O)(OON(=O)(=O)),-6.5525304935763415,-4.99491
C(=O)(OO)C(=O)OC(=O)C(=O)C(N(=O)(=O))C(=O),-4.520663118630182,-4.7895236
CCCCCC(=O)C(OO)CC(=O)(OON(=O)(=O)),-5.200194605738943,-4.5396614
C2(ON(=O)(=O))C(O)C(OO)C1(C(=O)(OO))OOC2C1(O),-10.214584935631137,-12.313924
C(=O)(OO)C(OO)OC(=O)C(C(=O)(O))C(=O),-8.92880512568081,-9.333909
C(=O)(O)CC(=O)OC(N(=O)(=O))(OO)C(=O)(OO),-8.162401366938866,-7.5816765
C(=O)CC1OC1(=O),-1.7595868833814166,-2.1834936
CC(ON(=O)(=O))(C(OO))C(C(O))CC(=O)C(=O)C(OO),-10.751504604275397,-11.850192
C(=O)(O)CC(=O)C(=O)C(OO),-6.145296514932852,-5.830432
C(=O)C(O)C(=O)C1(C(=O))OC1C(=O),-4.938706042721606,-3.2122056
C(=O)(O)C(C(ON(=O)(=O)))=CC(OO)OC(=O)C(=O),-8.19583426256213,-7.6497297
C1(O)(N(=O)(=O))C(=O)OOC1(C)C(OO)CC(=O),-7.4981254294471,-7.533834
CC(=O)C(=O)C1OOC(C1(O)(OO))C(=O),-6.332332592119201,-7.110782
C(=O)(O)C(ON(=O)(=O))C(O)(OO)C(O)(C)C(=O)C(=O),-9.657454767999297,-8.58835
C1(O)C(OO)OOC1C(ON(=O)(=O))(C)C(=O)(O),-7.618211297780363,-8.216496
C(=O)(O)C1OC1(OO)C(OO)C(O)C(=O)(OON(=O)(=O)),-9.147155995182402,-8.571987
C(=O)(O)C(=O)C1OOC(C(=O)(O))C1(O)C(=O),-9.844120810834283,-9.294956
C1(O)C(OO)C(ON(=O)(=O))C(OO)OOC1(=O),-7.098969557140663,-6.0423574
CC(=O)OOC(O)(C(=O)(O))C(=O)C(=O)(O),-8.502183609529311,-9.207265
CCCC(ON(=O)(=O))CC(ON(=O)(=O))C(=O)CC(=O)(O),-6.806544448398199,-5.9392214
C(=O)(O)C(ON(=O)(=O))C(C)(C(OO))C(C(=O))C(=O)C,-8.694993045108276,-8.935506
C1(=O)OC1C(=O)C(=O)C(=O)C(=O)C,-3.2037086605159857,-1.8650583
CC(C)(C(=O)(OO))C(C(=O))C(O)(C)C(=O)(O),-8.353509125023265,-6.793686
CCC(OO)C(ON(=O)(=O))C(=O)CC(=O)CC(ON(=O)(=O)),-7.066833013919677,-6.7336855
CC(ON(=O)(=O))(C(O))C(C(O))CC(=O)(OON(=O)(=O)),-6.1276421020011185,-6.681897
C(=O)(OON(=O)(=O))C(O)C(=O)C(C)=CC(=O)(OON(=O)(=O)),-3.975915333328885,-2.1959288
C(=O)OOC(N(=O)(=O))(C(=O)(O))C(=O)C(=O)C,-4.560810440405476,-4.8730946
C(=O)(O)C(O)(N(=O)(=O))C(OO)C1OC1(ON(=O)(=O))C(=O),-8.570866516452952,-8.3587
CC(=O)C(OO)C(=O)C(ON(=O)(=O))(C)C(OO),-6.015477853405173,-6.134501
C(=O)(O)C(OO)C(ON(=O)(=O))(C)C(=O)C(=O)C(=O),-6.512094541016268,-5.6627007
C(=O)(O)CC1(OO)CC(=O)C1(C)C(OO),-9.079692725827044,-9.93051
C(=O)(OO)CC1OC1(C(=O)(OO))C(=O)(OON(=O)(=O)),-6.254694617153291,-6.350466
CC(ON(=O)(=O))CC(=O)C(OO)C(OO)CC(O)CC,-10.026449080982275,-9.500485
C(ON(=O)(=O))C1CC(=O)C1(C(=O)(O))C(OO),-6.815282995765301,-7.267328
C(OO)C1OOC(C1(=O))C(=O)(OO),-6.2894444608427875,-5.603395
CC1(C)C(=O)CC1(ON(=O)(=O))C(OO)C(OO)C(=O)(OON(=O)(=O)),-6.8827058597926225,-6.775288
C(O)CCC(=O)CC(ON(=O)(=O))C(=O)CCC(=O),-8.05622069263336,-8.245006
C(=O)C1(ON(=O)(=O))OC1(C(OO))C(=O)C(N(=O)(=O))C(=O),-5.655803108631517,-6.952275
C1(ON(=O)(=O))OC1C(ON(=O)(=O))(C(OO))C(O)C(=O)(O),-7.9929974984734145,-8.419507
C(=O)(OO)C(=O)OC(OO)C(ON(=O)(=O))(C)C(=O),-6.0854648567437835,-7.67632
CC(ON(=O)(=O))CC(=O)CC(ON(=O)(=O))C(OO)CC(O)C,-9.6261102126482,-9.84028
C(=O)(O)C(ON(=O)(=O))C(C)(C)C(=O)C(O)(C)C(=O)(OO),-8.07221166113959,-7.7504888
CC(OO)(C)C(O)(C(OO)C(=O)(OON(=O)(=O)))CC(=O),-8.386706698544003,-7.4236026
C(=O)(OO)C(O)C(=O)C(=O)C(O)(C)C(=O),-7.378198406731826,-8.203866
C(=O)(OO)C=CC1OC1C(=O)C(=O)(OON(=O)(=O)),-5.782251236487355,-5.7624073
C(ON(=O)(=O))C(=O)C(=O)C(O)C(ON(=O)(=O))OC(=O),-4.690810791005788,-4.6610074
C12OOC(O)(C1(O)C)C(OO)C(OO)C2(O),-10.82192369587574,-9.830315
CC1(O)C(ON(=O)(=O))CC(=O)CC1(OO)C(OO)(C)C,-8.85151485273309,-9.746709
C(ON(=O)(=O))CC(=O)C(ON(=O)(=O))CC(O)CCC(OO),-9.730792244208715,-9.338738
C(=O)(OON(=O)(=O))C(=O)C(OO)C(O)C1(O)OC1C(=O),-7.631381933810189,-7.803927
CC(=O)C(OO)C(C)=CCC(=O),-5.421535750218027,-5.034758
CCCC(ON(=O)(=O))C(ON(=O)(=O))CC(=O)CC(OO)C,-6.315858489069797,-6.21784
C(=O)(O)C(N(=O)(=O))=C(C(=O)(O))C1OC1C(=O)(OON(=O)(=O)),-7.58693185843731,-7.602163
C1(OO)OC1(OO)C(OO)(C)C(O)C(=O),-9.188633191748522,-9.943589
C1(OO)OC1(C(=O)(OON(=O)(=O)))C(O)C(ON(=O)(=O))C(=O),-5.552542408953741,-5.9552097
C(OO)C(=O)C(=O)C(=O)C1OC1C(=O),-5.368428147408849,-5.4018965
C(=O)(O)C(=O)OC(O)C(C(=O)(O))=CC(=O)(OON(=O)(=O)),-9.159175503798906,-9.000862
C1(O)C(ON(=O)(=O))C(ON(=O)(=O))C(=O)OOC1C(=O),-5.595294042930618,-6.796164
C1(O)(OO)C(OO)(C(=O)(OON(=O)(=O)))OOC1(C)C(=O),-6.884577405591699,-6.5399675
CC(=O)OOC(O)(C(=O))C(N(=O)(=O))(OO)C(=O),-6.253218822126655,-6.9696674
C(=O)(O)C(OO)C(ON(=O)(=O))(C1(O)(O))OOC1(O)C(=O),-10.28257945738369,-13.666616
C(=O)(OON(=O)(=O))C1(O)OC1(OO)C(OO)C(=O),-5.866643990895682,-5.3776126
CC(O)(C(=O)(OON(=O)(=O)))C(OO)(C(=O))C(C)(C)C(=O)(O),-8.33608217271103,-8.641815
C(=O)(O)CC(=O)C(=O)C(O)(C)C(=O)(OON(=O)(=O)),-5.892916380929819,-6.7069635
C(ON(=O)(=O))C1(O)COOC1(OO)C(ON(=O)(=O))C(=O),-6.148322380391619,-6.7300987
C(=O)OC(=O)C(C(=O)(O))=CC(=O),-4.710096369777602,-4.639205
CC(=O)C(OO)(C(=O)C)CC(ON(=O)(=O))CC(=O)(OO),-8.02610980721147,-9.942921
C(=O)(O)C(ON(=O)(=O))(C(=O)(O))C(OO)OC(=O),-8.315009052810638,-8.418895
CC(OO)(C)C(ON(=O)(=O))(C)CC(=O)C(=O)(OO),-6.143384529172181,-8.397391
C(=O)(N(=O)(=O))C1OC1C(O)C(=O)(O),-6.114359300128854,-5.670422
C(O)C1(O)C(N(=O)(=O))(C(=O)(OO))OOC1C(=O),-7.647337708865962,-8.1470375
C(=O)(O)C(O)(C(=O)(OON(=O)(=O)))C1OOC(C1(=O))C(=O),-6.656068687123479,-5.486719
CC(=O)C1(O)OC1C(ON(=O)(=O))C(ON(=O)(=O))C(=O)(OO),-6.3973270757669525,-7.6654587
C(=O)(O)C1(N(=O)(=O))OC1(O)C(C(=O)(O))=CC(=O),-9.445688484531274,-10.968576
C(O)C(C(=O)(O))OOC(OO)C(=O),-8.378942411040043,-7.6842685
C(=O)(OO)C=CC1(C(=O)(OON(=O)(=O)))OC1C(=O),-5.571499432353448,-5.543356
C(=O)(OON(=O)(=O))C(O)C(=O)C(O)(O)C(OO)(C)OC(=O),-8.130729519882152,-8.715971
C(=O)(O)C(O)(N(=O)(=O))C(ON(=O)(=O))C1OC1C(=O)(OO),-8.843123296639533,-7.9886703
CC(=O)C(=O)CC(O)(C(=O)(O))C(C)(C)C(=O),-7.0135784830199555,-7.160337
C(=O)(O)C(=O)OOC(ON(=O)(=O))C(OO)C(=O)(OO),-8.332880036323331,-7.250052
C1(O)(O)C(OO)OOC1(OO)C(ON(=O)(=O))C(=O)C,-8.196191017228557,-8.988544
CC(O)CCC(OO)CC(=O)CC(=O)C(O),-10.724178907239548,-11.367412
C(ON(=O)(=O))C1(O)C(ON(=O)(=O))(C(=O))OOC1C(=O)C(=O),-5.199730358108354,-4.9883213
C(=O)OC(=O)C(=O)CC(=O)C(ON(=O)(=O)),-3.210842144471826,-4.144329
C(O)C1(C(=O)(N(=O)(=O)))OC1C(O)C(ON(=O)(=O))C(=O)(O),-9.057313582663483,-9.630047
C(ON(=O)(=O))C(=O)OOC(OO)(C(=O)(OON(=O)(=O)))C(O)C(=O)(O),-8.00148936790356,-8.07981
CC(ON(=O)(=O))(C)C(C(=O)(OON(=O)(=O)))CC(O)C(=O)(O),-6.6890570128307445,-7.5424213
C(O)CCC(=O)C(OO)CC(=O)(OON(=O)(=O)),-6.834860586819559,-6.616947
C1(OO)OC1C(=O)C(ON(=O)(=O))C(=O)C,-3.957075435471779,-4.0049496
CC(OO)(C)C(OO)CC(=O)C(C)C(=O)(OON(=O)(=O)),-7.051201428210334,-6.502608
C(=O)C(ON(=O)(=O))C(OO)(C(=O))C(=O)C(=O)C(=O),-4.851469064484263,-4.467641
C(OO)C(=O)CC(ON(=O)(=O))OC(=O),-4.171759711134655,-4.4870195
C(=O)OC(=O)C(O)C(=O)C(=O)C(ON(=O)(=O)),-4.359349084814312,-3.727021
C1(=O)OC1C(OO)(C(=O)(OO))C(O)C(=O),-8.521684927534807,-6.703636
C(=O)C(OO)C(O)(C)C(=O)OC(=O)C(=O),-6.549865576031152,-5.847558
C(=O)(O)C(OO)C(O)(N(=O)(=O))C1(OO)OC1C(=O),-10.327588370939338,-9.682743
C(=O)(N(=O)(=O))C(O)C(=O)(OO),-3.031534662721242,-2.9681878
C(=O)(N(=O)(=O))C(=O)OC(OO)C(OO)(C)C(O)C(=O),-7.890610975595337,-9.123935
C(=O)(O)C(ON(=O)(=O))C(C(ON(=O)(=O)))(C(=O))OOC(=O),-6.083285363165487,-5.646816
CC(O)(C(=O)(OON(=O)(=O)))C(OO)C(O)C(C(=O))C(=O)C,-8.753150638392981,-9.342394
C(=O)(O)C(=O)OC(OO)C(=O)CC(=O)(OON(=O)(=O)),-6.495304635456705,-6.668189
CCCCCC(ON(=O)(=O))C(O)C(OO)CC(ON(=O)(=O)),-7.88390863897439,-6.9404287
C(=O)(O)C(=O)C(=O)C(O)(C(=O))C(=O)OC(=O),-6.238170316628384,-4.620456
C(=O)(O)CC(=O)C(=O)C(=O)C,-4.05497723247754,-4.0021973
C(=O)(O)C=CC1(O)OC1(ON(=O)(=O))C(=O),-6.340094114031672,-6.0539675
C(OO)C(O)(C(=O)(OON(=O)(=O)))C1OC1C(=O)(OON(=O)(=O)),-5.050516471557785,-4.880864
C(=O)(O)C1(OO)OC1(OO)C(C)=CC(=O),-8.835913977221935,-10.066573
C1(OO)C=C(OO)C(C(=O)(O))OOC1(ON(=O)(=O))C,-9.366597402186017,-9.2923
CC(=O)C(OO)C(ON(=O)(=O))C1(OO)CC(ON(=O)(=O))C1(C)C,-8.000612496904068,-7.911551
CC(ON(=O)(=O))(C)OOC(C(=O)C)CC(=O),-3.8163055226759752,-3.5338967
C(=O)(OON(=O)(=O))C(O)C(O)(C(=O))C(=O)C(=O),-4.532325308966392,-1.2217547
CC(=O)CC(=O)CC(=O)CCC(OO)C(ON(=O)(=O)),-7.886747623819247,-8.010023
C(O)C(OO)(C(=O)(N(=O)(=O)))OC(=O)C=CC(=O)(O),-9.588784776511602,-9.211727
C(ON(=O)(=O))C1(OO)OC1C=C(OO)C(=O)(OO),-8.702067913734936,-5.650462
C1(=O)C(N(=O)(=O))(OO)OOC1(OO)C,-3.6944303870695876,-2.9771595
C12(O)OOC(OO)(C1(O)(O))C=CC2(N(=O)(=O))(OO),-10.24142495700653,-9.715963
C(=O)(O)C(=O)CC1(O)OC1(N(=O)(=O))C(=O),-6.0226931443939975,-7.610367
CC(OO)(C(=O)(OON(=O)(=O)))C(O)C(=O)OC(=O)C(=O)(OON(=O)(=O)),-5.08473143838637,-4.430023
CC1(C(OO))C(C(=O)(OO))CC1C(OO),-8.03859230929811,-9.462585
C1(O)C(ON(=O)(=O))C(C(=O)C)C(OO)C(OO)C1(ON(=O)(=O))C,-9.322449179500836,-9.4714575
C1(O)C(OO)C(=O)C(C2(O)(OO))OOC12,-9.422076664650376,-9.836046
CC(=O)CCC(ON(=O)(=O))C(ON(=O)(=O))CC(OO)CC,-6.4289805656298995,-6.4929504
CC(=O)C(ON(=O)(=O))CC(=O)(O),-4.250571661348658,-4.0538654
CC(ON(=O)(=O))C(=O)CC(=O)C(=O)CCC(ON(=O)(=O)),-6.008629745032522,-5.334779
CC1(C)C(=O)CC(=O)C(OO)(C)C1C(=O)(O),-7.846560658425005,-8.802501
CC1(C)C(ON(=O)(=O))(CC(=O)(O))CC1C(=O)(OO),-7.776104295990081,-8.8087635
CC(=O)C(=O)CC(C(O))C(ON(=O)(=O))(C)C(OO),-8.131231570238015,-8.4866705
C(=O)(O)C(=O)CC(C(=O)(O))OOC(=O),-8.266219328448642,-8.713739
CC(ON(=O)(=O))C(O)CCC(OO)CCC(=O)C,-8.449303118468379,-8.117279
CC(=O)C(OO)C(ON(=O)(=O))C1CC(=O)C1(C)C,-5.958486390703911,-6.0143633
CC(ON(=O)(=O))(C)C(C(=O)(OO))C(=O)C(ON(=O)(=O)),-4.4962556575810595,-4.1908283
C(=O)(OO)C(OO)C(=O)C(=O)(OON(=O)(=O)),-3.6032115139605594,-3.2348974
C(=O)(O)C(OO)C(C(=O))C(O)(C)C(=O),-9.021560037512245,-8.947496
CC(OO)(C(=O)(O))C(N(=O)(=O))(ON(=O)(=O))C(=O)(O),-7.409234401711728,-7.83674
C1(=O)C(=O)C(OO)C(=O)OC(OO)C1(O)C,-8.090580599109671,-8.659663
C(O)C(OO)(C(=O)(OO))C(ON(=O)(=O))CC(=O)C(=O),-8.391149829378264,-7.2735534
C(=O)(O)C1CC(ON(=O)(=O))(C(=O)C)C1(C)C(ON(=O)(=O)),-6.676711816358875,-5.7590184
C(=O)(N(=O)(=O))C(=O)C(OO)(C)C(=O)OOC(=O),-4.174348954078596,-3.1893437
C(O)CCC(=O)CC(ON(=O)(=O))C(=O)(O),-7.779873160441639,-8.198477
CC(=O)C(ON(=O)(=O))C1OC1(ON(=O)(=O))C(O)(O)C(=O)(O),-7.729694761499559,-8.316421
C(=O)(OON(=O)(=O))C(O)C1OC1(C(ON(=O)(=O)))C(=O),-4.560081721883762,-4.160461
C1C(OO)C(OO)(C(=O)(OON(=O)(=O)))OOC(=O)C1(=O),-6.0828521066541725,-5.995122
CC(=O)C(C(=O)C)C(OO)C(ON(=O)(=O)),-5.000192728552065,-5.008906
CC(=O)CC(=O)CC(OO)CCC(=O)C,-6.173480326968274,-6.633342
CC(OO)(C)OOC(OO)CC(=O)(O),-7.416573101163522,-6.807819
C1(OO)C=CC(OO)OOC1(C)C(=O)(O),-8.489407070836023,-9.018567
C(=O)(OO)C(O)C(OO)C1OC1(ON(=O)(=O))C(=O)(OO),-9.421015943640668,-11.201583
CC(=O)C1(O)OOC(O)(C1(O))C(=O)(OO),-8.264519711938192,-9.0696335
C(=O)(OON(=O)(=O))C1OOC(OO)(C1(O))C(ON(=O)(=O))C(=O),-6.32256761201279,-7.3887997
C(ON(=O)(=O))C(=O)C(C)(C(O))C(C(=O)(OO))C(=O)C,-6.919520985025883,-7.932348
CC(=O)C1CC(OO)(C1(C)C)C(ON(=O)(=O))C(=O),-6.295470289009245,-7.0502667
C(O)C(ON(=O)(=O))C(OO)(C)C(=O)C(=O),-5.762327520453255,-6.7608247
C(=O)(OO)C1OC1(O)C(N(=O)(=O))=CC(=O),-7.2177419763829676,-6.096867
C(=O)(O)C(OO)=CC(O)OC(=O)C(ON(=O)(=O)),-8.815490060918819,-8.151984
C(N(=O)(=O))(OO)C(C(=O)(OO))OOC(=O)C(=O),-6.403818150385632,-6.120345
C(=O)(O)C1OC1(O)C(O)C(=O)(OON(=O)(=O)),-6.574135885817668,-6.5731077
CC(ON(=O)(=O))(C)OOC(C(=O)C)CC(=O)CC(=O)(OON(=O)(=O)),-5.006558320779732,-5.483443
CC(=O)C(ON(=O)(=O))C(OO)C1(OO)CC(=O)C1(C)C,-7.585151404920907,-8.256056
CC(OO)(C)C(C(O))C(OO)(C(=O)(OON(=O)(=O)))C(=O),-8.296395480894716,-9.694676
CC(=O)C(=O)C(O)C(C(O))C(=O)C,-5.488333322384278,-5.8393164
C(ON(=O)(=O))C1(O)OOC(O)(C1(O)(O))C(=O),-6.496147169829783,-8.358568
C(=O)(OO)C(ON(=O)(=O))C(O)(OO)C1OC1C(=O)C(=O),-8.67229701319593,-8.438208
CC(C(ON(=O)(=O)))(C(=O))C(C(O))CC(=O),-6.594922242820758,-6.3723807
C1(O)C(OO)C(=O)C(O)(C2(O)(N(=O)(=O)))OOC12,-8.575269906039466,-5.6333013
C1(OO)OC1(OO)C(O)(C(ON(=O)(=O)))C(ON(=O)(=O))C(=O),-7.480926370189991,-7.852833
CC(=O)C(C(OO)(C)C)CC(=O)C(OO),-7.207664752364508,-7.5089025
C1(O)(O)C(N(=O)(=O))(ON(=O)(=O))OOC1C(=O)(OO),-6.139775760075281,-4.504079
C(OO)C(=O)OOC(=O)CC(=O)(OON(=O)(=O)),-4.046795410155028,-3.6343646
C1(=O)C(OO)(C(=O)(O))OOC1(C)C(O)C(=O)(O),-10.54675022848096,-10.188634
CC(ON(=O)(=O))(C(O))C(ON(=O)(=O))(C(=O))CC(=O),-6.045154008315876,-6.122262
C(=O)(OON(=O)(=O))C(OO)OC(=O)C(=O)C(ON(=O)(=O))C(=O),-3.9642383006466844,-4.40303
C(=O)(O)C(C(=O)(O))(C(ON(=O)(=O)))OOC(=O)C(ON(=O)(=O)),-7.99460471009661,-8.5393
CC(=O)C(O)C(OO)(C)C(=O)C(=O),-5.346338556257251,-8.197008
C(ON(=O)(=O))C(=O)OOC(OO)C(O)C(=O),-6.146646363933542,-6.0030746
C(=O)(O)C(=O)OC(=O)C=CC(=O)C(ON(=O)(=O)),-6.2103134375138325,-6.5647984
C(=O)(OO)C(O)C(C)(C)C(=O),-4.36341401674872,-4.028965
CC(=O)CC(ON(=O)(=O))C(O)CCC(=O)(O),-7.9828465416467225,-8.033404
C(=O)(O)C1(O)OC1(C(=O))C(ON(=O)(=O))C(=O),-5.8256545085932885,-7.0410914
CC1(C)OOC(ON(=O)(=O))CC1C(ON(=O)(=O)),-3.674282849093288,-4.1248403
C(=O)(O)C(=O)OC(OO)C(=O)CC(=O)(O),-9.428581927058985,-9.23931
C1(OO)C=C(OO)C2OOC1(O)C2(O)(OO),-11.027517923623236,-11.2242985
CC(O)C(ON(=O)(=O))CC(=O)C(ON(=O)(=O))CC(=O),-6.952476721489802,-6.511386
C1(O)C(OO)C(=O)C(=O)OOC1C(=O)(OON(=O)(=O)),-5.536650110654591,-4.722954
C1(O)(O)C(N(=O)(=O))(OO)OOC1(C)C(=O)(OO),-7.814375693782495,-8.347937
CC(=O)C(C(O))C(C(ON(=O)(=O)))(C(ON(=O)(=O)))C(=O)C(=O),-7.602862602594541,-8.061392
C(=O)(N(=O)(=O))C(OO)OC(=O)C(O)C(O)(C)C(=O)(O),-9.874837300434592,-7.324887
CC(=O)C(=O)C(O)C(ON(=O)(=O))C(=O)C(=O),-4.31173696109181,-3.9921105
CC1(C)C(OO)(C)CC1(ON(=O)(=O))CC(=O)(O),-6.705094934193767,-6.4745307
C1(O)C(=O)OOC1(C(=O)(O))C(O)C(=O),-8.170346032125963,-8.884843
CC(=O)CCC(ON(=O)(=O))C(O)CC(=O)(OO),-7.564746686992294,-10.604331
C(OO)C(C(=O)(OON(=O)(=O)))OOC(=O)C(=O)(OON(=O)(=O)),-3.5369946606224403,-3.924322
C12OOC(ON(=O)(=O))(C1(O)C(=O)(O))CC(=O)C2(=O),-7.562301279536769,-8.444582
CC(=O)C(=O)C(N(=O)(=O))C(OO)OC(=O)C(=O),-4.742412494000746,-5.067519
C(=O)(OO)C(N(=O)(=O))(ON(=O)(=O))C1OOC(C1(O)(O))C(=O),-8.179569030504354,-7.788688
C(=O)(O)C(=O)OC(OO)C(ON(=O)(=O))C(=O)C(=O)(OO),-8.418057555965788,-9.1304655
C(=O)(OON(=O)(=O))C(=O)C(OO)C(O)(C1(=O))OOC1C(=O),-6.1676453431282425,-6.0832033
C(=O)(OO)C1(O)C(ON(=O)(=O))OOC1(O)C(=O),-5.976810804895649,-4.8198256
CC(O)(C(=O)(O))C(=O)C(O)C(ON(=O)(=O))C(=O),-8.019889373033948,-9.4618845
CC(=O)C1(ON(=O)(=O))CC(OO)(C(=O)(O))C1(C)C,-6.989219197330385,-7.247328
C(O)C(=O)OOC(N(=O)(=O))(C(=O)(O))C(ON(=O)(=O)),-6.776230419181957,-6.4341993
C(=O)(N(=O)(=O))C1(O)OC1C(OO)(C(=O)(OON(=O)(=O)))C(O)C(=O),-7.948372592061787,-7.373087
CC1(OO)C(O)C(ON(=O)(=O))C2OOC1(O)C2(=O),-7.344805068234564,-6.8912487
C(O)C(ON(=O)(=O))(C(=O)(OON(=O)(=O)))C1OC1C(=O),-4.506152579873742,-4.2995253
C(=O)(O)C(=O)C(=O)C(ON(=O)(=O))(C(OO))C(=O)(OO),-7.402423211577116,-7.6710677
CC(=O)CCC(=O)C(ON(=O)(=O))CC(=O)C(OO)C,-7.208714541444351,-7.642543
C(O)C(=O)C=CC1(OO)OC1C(=O)(OON(=O)(=O)),-6.224149896599556,-7.249897
C(=O)(O)CC(ON(=O)(=O))C(O)(C)C(=O)(OO),-7.111153515666956,-5.949909
CC1(C)C(ON(=O)(=O))(C(=O)C(O))CC1C(=O)(O),-7.099734852748952,-3.7044365
C(=O)(OO)C(ON(=O)(=O))C(O)(OO)C(O)(C)C(=O)C(=O),-8.895970905305148,-7.6063614
C(=O)(O)C(ON(=O)(=O))C(C(=O)(OO))(C(OO))OOC(=O),-8.7104779863148,-8.0599785
C(=O)(N(=O)(=O))C1OC1(O)C(OO)C(ON(=O)(=O))C(=O)(OO),-7.839087795622618,-9.288629
CC(ON(=O)(=O))C(C)(C(=O)(OO))C(=O)C(=O)(OON(=O)(=O)),-3.713270203952561,-2.9496202
CC(O)(C(=O))C(=O)C(O)(O)C(N(=O)(=O))(OO)C(=O),-9.048776140403788,-8.8527355
C1(=O)C(=O)C(N(=O)(=O))C(=O)OOC1C(=O)(OO),-5.186655355671974,-5.4086995
C(=O)(N(=O)(=O))C1(O)OC1C(OO)(C(OO))C(=O),-8.281579782582412,-7.814053
CC(=O)C(=O)C(=O)C(=O)OC(N(=O)(=O))(OO)C(=O)(O),-6.179115952731081,-6.2680016
C(=O)(O)C(ON(=O)(=O))(C(=O)(OO))C(=O)C(=O)C(=O),-5.581380472060118,-6.0343213
C(=O)(N(=O)(=O))C(ON(=O)(=O))C(O)C(=O)(O),-5.027408189424023,-4.7236686
CC(=O)C(=O)CC(OO)(C(ON(=O)(=O)))C(OO)(C)C(ON(=O)(=O)),-8.480689609179535,-8.434827
CC(OO)(C)C(OO)C(O)(C)C(=O)(OO),-7.838522938891401,-6.4442577
C12(O)OC1C(=O)C(=O)C(=O)C2(O)(O),-6.910611410548881,-4.9680686
C1(O)(N(=O)(=O))C2(O)OOC1C=C(C2(ON(=O)(=O)))C(=O)(OO),-8.689912506830296,-8.272443
C(=O)(O)C1OC1C(N(=O)(=O))=C(OO)C(=O)(O),-10.382186269747763,-11.293228
C1(=O)CC(=O)C(=O)OOC1(OO)C(OO),-6.812251529863715,-6.9564476
C(O)C(=O)OC(=O)C(=O)C(=O)(O),-5.456354162583011,-5.7955403
CC(=O)C1CC(C1(OO)C)C(ON(=O)(=O))C(=O),-6.718709497523378,-6.8104324
CC(=O)C(ON(=O)(=O))CC(ON(=O)(=O))C(O)(C)C(=O)(OO),-6.37482766730318,-5.8338065
C(=O)C(=O)C(=O)C(=O)CC(=O)OC(=O),-2.9623738242444233,-3.180643
C(=O)(OON(=O)(=O))C(O)(C(=O)(OON(=O)(=O)))C1OC1C(=O),-3.6162548472457274,-3.5516708
CC1(C)C(ON(=O)(=O))C(=O)C(=O)C(O)(C(OO))C1C(=O),-7.293209266328631,-8.485185
CC(=O)C(OO)C(C(=O)(OON(=O)(=O)))(C(OO))C(=O),-6.370494540376967,-7.011451
C(=O)(OO)C=CC(ON(=O)(=O))OC(=O),-4.98173614983898,-5.3402753
C1(O)(O)C(C(=O)(OON(=O)(=O)))OOC1(C(=O))C(O)C(=O)(O),-9.958021909005765,-12.124493
CC(=O)C(OO)OC(=O)CC(=O)C(=O)(O),-7.167436191528395,-7.7734976
C(O)C(OO)OC(=O)C(=O)(O),-7.185984304298472,-7.1490264
C(=O)(O)CC(O)CCC(=O),-6.74292563477502,-6.7394285
CC(ON(=O)(=O))(C(=O)(O))C(C(=O))C(C)(C)C(ON(=O)(=O))C(=O),-7.470170756412699,-8.132094
CC(=O)C(ON(=O)(=O))C(OO)OOC(C(=O)(O))C(=O)(OO),-9.542988264987798,-10.860597
C1(O)(OO)C(=O)OOC1C(ON(=O)(=O))C(=O)(OON(=O)(=O)),-4.533790010471421,-3.967871
C(=O)(O)C(=O)C(=O)C1OOC(OO)(C1(O))C(=O),-9.071187810284755,-9.774211
C(O)C(OO)C(C)(C)C(C(=O))C(=O)C(O),-9.831959249611828,-9.714659
C(=O)(O)C(=O)OC(OO)(C)CC(=O),-6.441095657071855,-7.0046754
CC(=O)C1C(OO)C(ON(=O)(=O))C1(C)C,-4.473830356633698,-4.96079
CC(O)(C(=O)(OO))C(O)(C(=O)(N(=O)(=O)))OOC(=O),-7.143316817546292,-5.4297256
C(=O)(O)C1(O)OC1C(OO)C(=O),-7.393504734624003,-7.161335
CC1(C(=O)(OO))OOC(C1(O))C(=O),-6.5235840352434025,-9.476626
CC(=O)C(OO)(C(ON(=O)(=O)))C(ON(=O)(=O))(C)C(=O)CC(=O)(OO),-7.865598346503248,-8.444019
C(=O)(O)C1OOC(OO)(C1(O)(O))C(N(=O)(=O))(OO)C(=O),-11.255298943553498,-10.03978
CC1(C(=O)(O))OOC(O)(C1(O)(OO))C(=O)C(=O),-9.879686798052717,-7.931652
C1C(=O)C(ON(=O)(=O))C(=O)OOC1C(=O)C(O),-6.2078505491736,-4.6511183
C12OOC(C2(O))C(OO)C(=O)C1(O)C(=O)(OON(=O)(=O)),-7.555846689534519,-8.428708
C(OO)C(C(=O))(C(=O))C(OO)C(=O),-7.097830364971742,-6.694018
C(O)C(=O)C(ON(=O)(=O))C(=O)C(O)(O)C(ON(=O)(=O))OC(=O),-7.848080616182415,-7.8272357
C(OO)C(=O)C(=O)C(OO)(C1(O)(O))OOC1(N(=O)(=O))C(=O),-9.924225581886276,-10.934281
C(OO)C(=O)C(=O)C(O)C1OC1C(=O),-6.945132802447915,-7.494165
C(=O)(OO)C(N(=O)(=O))(ON(=O)(=O))C(O)(C1(O))OOC1(C)C(=O),-8.206311965383065,-5.9654775
CC1(C(OO))C(C(=O)(OON(=O)(=O)))C(ON(=O)(=O))C1C,-4.636300471473078,-4.8269377
C(ON(=O)(=O))C1(OO)OC1(OO)C(O)C(=O),-7.100014508978347,-8.174201
C(=O)(OO)C(=O)C(=O)C(O)C1OC1C(=O)(OON(=O)(=O)),-6.164977124448342,-6.407881
CC(=O)C(O)(C(=O)(N(=O)(=O)))OOC(OO)C(=O),-5.731152830427163,-5.7855067
C(=O)(O)C1(ON(=O)(=O))OC1(C(O))C(=O),-5.69950894637077,-4.9020042
CC(=O)C(ON(=O)(=O))C(O)(C1(O)(N(=O)(=O)))OOC1C(=O)(OO),-8.064879544315772,-6.229047
CC(=O)C1(OO)OC1(N(=O)(=O))C(ON(=O)(=O))C(OO)C(=O)(O),-9.081727415730711,-9.097881
CC1(O)C(N(=O)(=O))(OO)OOC1C(O)C(=O),-7.4332132829331385,-7.9584
C(=O)(N(=O)(=O))C(=O)C(C(ON(=O)(=O)))(C(=O))OOC(=O)C(=O),-4.322991361703316,-4.2018747
CC(=O)C(ON(=O)(=O))(C)CC(OO)C(=O)(OO),-6.173059557833767,-5.404142
CC1(C)C(C(=O)C(O))C(OO)C1CC(=O)(OO),-9.154103158565704,-8.682071
CC(=O)C(ON(=O)(=O))C(C)(C(O))C(C(=O)(O))C(=O),-8.493741013735416,-8.238486
C(=O)C(O)C(=O)C(C(ON(=O)(=O)))=C,-4.599515020589024,-5.2446055
CC(=O)C(ON(=O)(=O))C(OO)(C(ON(=O)(=O))(C)C)CC(=O)(OO),-7.188614234139095,-7.5297556
CC(C)C(O)C(=O),-1.7638188939345127,-1.3664709
C(O)C1(OO)OC1C(=O)C(N(=O)(=O))C(=O)(OO),-8.143952947022626,-6.7388005
C(=O)(O)C(N(=O)(=O))(ON(=O)(=O))C(O)(C)C(=O)OC(=O)C(=O),-6.62795327182539,-6.2239385
CC(=O)C(OO)CCC(=O)C(OO),-7.372936081173975,-6.9971223
CC(=O)C(C(ON(=O)(=O)))C(OO)C(=O)(OO),-6.094664817388548,-5.4583735
CC(=O)C(O)(OO)C(ON(=O)(=O))OOC(=O)C(=O),-5.724286983298953,-3.042161
C(=O)(O)C(OO)=C(C(O))C1OC1(ON(=O)(=O))C(=O),-9.458890777204942,-8.892422
C(O)C(=O)C(=O)C(OO)C(OO)OC(=O),-8.162069814316055,-9.135774
CCCCCCC(=O)C(=O)C(ON(=O)(=O)),-4.163515558127983,-2.746662
C1(OO)OC1(C)C(=O)CC(=O),-4.0616622444285895,-4.1561007
C(=O)(O)C1(O)OC1(OO)C(=O)C(ON(=O)(=O))C(=O)(OON(=O)(=O)),-6.420488190815377,-7.697237
C(=O)(OON(=O)(=O))C(O)C(ON(=O)(=O))OC(=O),-2.4926590607974504,-2.0847058
CC(O)C(ON(=O)(=O))CC(=O)C(=O)CC(=O),-6.019480848855892,-5.477203
C(O)C1C(=O)OOC(C(=O)(OO))C(=O)C1(=O),-7.844613806766574,-6.577678
C(=O)(O)C(C(ON(=O)(=O)))OOC(ON(=O)(=O))C(=O)C(=O),-6.181667782344448,-5.646346
CCCCC(ON(=O)(=O))C(O)C(ON(=O)(=O))C(OO),-6.346984745916416,-5.236696
C(O)C(C(=O)(OO))OOC(=O),-5.290942860079667,-4.0759506
C1(=O)OC1(OO)C(O)(O)C(=O)C(=O),-6.725634534366691,-6.2062554
C(=O)(OON(=O)(=O))C(O)C(C)(C)C(C(=O))C(ON(=O)(=O))C(=O),-6.145299948460888,-6.350973
C(=O)(O)C(=O)OOC(N(=O)(=O))(C(=O)C)C(=O)C(=O),-5.624414572255773,-5.8052464
C(=O)(OON(=O)(=O))C(O)(O)C1(OO)OC1C(O)C(=O),-7.950257618096657,-8.083665
C(ON(=O)(=O))C1(C(=O)(OO))OOC(C1(=O))C(=O)C(=O)(OO),-7.12858338193837,-7.639308
C(=O)(OON(=O)(=O))C(=O)OOC(OO)(C)C(O)C(=O)(OON(=O)(=O)),-4.865007585307467,-4.217201
C1(O)C(=O)OOC1(ON(=O)(=O))C(OO)(C)C(=O)(OO),-7.4228398893501435,-8.815855
C(O)C(=O)C1C(OO)C(ON(=O)(=O))(C(OO))C1(C)C,-8.520460580260988,-9.917926
C(=O)C(=O)C(=O)C(OO),-2.343113253074989,-2.4780777
C(=O)(O)C(ON(=O)(=O))C(O)CC(ON(=O)(=O))C(OO),-8.42895665220567,-9.151821
C(=O)C(=O)OC(=O)C(OO)=C(C(=O))C,-5.020080842194147,-3.7519379
C2(=O)C=CC(OO)(C1(O))OOC12(OO),-7.2299531549615494,-7.982365
C1(ON(=O)(=O))C(O)C(=O)C(N(=O)(=O))(C2(O)(OO))OOC12C,-7.013491826652171,-6.564019
C(=O)C(=O)C(O)(O)C(N(=O)(=O))(ON(=O)(=O))C(OO)(C(=O))C(=O),-7.757143329061364,-10.230801
C2(=O)C=CC(C1(O))OOC12C(=O),-5.10565049797151,-5.151331
C(=O)(OO)C(N(=O)(=O))(ON(=O)(=O))C1OOC(C1(O))C(=O),-7.335785294380912,-7.835069
C1(O)COOC1(O)C(OO)C(=O)C(=O),-7.560083048687375,-6.6947064
C(O)C(=O)C1OOC(N(=O)(=O))(C1(=O))C(=O)C(=O),-5.537736896385468,-5.3727775
C(ON(=O)(=O))C1(C(=O)(OO))OOC(N(=O)(=O))(C1(O)(O))C(OO)C(=O),-11.094354019314778,-10.383944
CC(ON(=O)(=O))C(OO)CC(=O)CCC(OO)CC,-8.215432344877627,-8.364835
C1(=O)C(=O)C(N(=O)(=O))C(=O)OOC1(C(OO))C(=O)(OO),-7.5770474062992434,-9.320446
CC(=O)C(O)C(ON(=O)(=O))C(=O)CC(OO)C(ON(=O)(=O))(C)C,-8.33795711975472,-9.000247
C(=O)(OON(=O)(=O))C(O)(OO)C(=O)OC(=O),-2.936051058492012,-3.1363916
C(=O)(O)C(=O)C(ON(=O)(=O))C(=O)OC(OO)C(=O)(OO),-8.418057555965788,-7.9753213
CC(C)(C(=O)(OON(=O)(=O)))C(ON(=O)(=O))(C(OO))C(=O),-4.665246553799079,-4.792561
CC(=O)CC(O)CCC(ON(=O)(=O))CC(ON(=O)(=O)),-6.946804673476436,-7.234902
C(=O)(OO)C1CC(ON(=O)(=O))(C1(C)C)C(O)(C)C(=O)(OON(=O)(=O)),-6.346581246041751,-7.36743
CCCCC(ON(=O)(=O))CC(=O)CC(ON(=O)(=O))C(OO),-7.222484706995601,-6.9623823
CC(OO)(C)C(OO)C(ON(=O)(=O))(C)C(=O)C(ON(=O)(=O)),-6.861403538205195,-7.9070144
C(=O)(O)C(N(=O)(=O))(OO)C(ON(=O)(=O))C1OC1C(=O)C(=O)(OO),-9.66250408679116,-9.14994
C1(OO)OC1C(ON(=O)(=O))(C)C(O)C(=O)(O),-7.338653452348808,-7.3109083
C(=O)(O)C(=O)OOC(C(OO))(C)C(=O)(OO),-8.32611444574286,-8.15335
CC(=O)C(=O)OOC(OO)(C(=O)(OO))C(=O),-6.347760416709207,-6.349219
C2(O)C(ON(=O)(=O))C(=O)C(O)(C1(O))OOC12C(ON(=O)(=O)),-7.76811918765452,-7.5172358
C1(ON(=O)(=O))C(OO)C(OO)C(ON(=O)(=O))OOC1(=O),-5.643803305061738,-5.955703
C1(=O)OC1C(O)(O)C(=O)C(OO)C(=O)(O),-9.69740098492548,-7.5181365
C(OO)C(ON(=O)(=O))C(C(O))C(=O)C(=O),-6.897863158697874,-5.809814
C(=O)(OON(=O)(=O))C(O)(O)C1(O)OC1C(=O)(OON(=O)(=O)),-4.760464640803548,-5.036843
C(=O)(OO)C(=O)C1OOC(ON(=O)(=O))C1(O)C,-5.509616156308766,-6.1197605
C(=O)(OON(=O)(=O))C1(OO)OC1(C(OO))CC(=O)(OON(=O)(=O)),-5.172005046817503,-5.335808
C(ON(=O)(=O))C(ON(=O)(=O))(C(OO))C(C(=O)(O))CC(=O),-8.112214605491317,-8.581124
CC(ON(=O)(=O))(C(=O)(O))C(ON(=O)(=O))C(=O)OC(OO)C(=O)(OO),-8.47258431472801,-9.488679
C(O)C(=O)C1OC1C(OO)=C(N(=O)(=O))C(=O)(OON(=O)(=O)),-8.180735027384799,-10.948699
CC(=O)C1(ON(=O)(=O))OC1C(ON(=O)(=O))C(O)C(=O)(O),-6.7865046615370375,-7.0826745
C(=O)(O)C(O)C(O)C1(O)OC1(OO)C(=O),-11.172890275964164,-11.336593
C1(O)(OO)C(OO)(C(O))OOC1C(ON(=O)(=O))C(=O),-9.790100214591803,-10.03582
C(=O)(O)C1(C(ON(=O)(=O)))OC1(O)C(O)C(=O),-8.172047689735336,-6.531041
C(=O)(N(=O)(=O))C1OC1C(O)C(ON(=O)(=O))(C)C(=O)(OO),-6.781227559153194,-7.8449144
CC(OO)(C(=O)(O))C(=O)OOC(C(=O)(O))C(=O),-10.300270971638383,-10.892332
C(O)C1(ON(=O)(=O))OC1C(OO)C(=O),-5.373162217652862,-5.133298
C(O)C(=O)C(ON(=O)(=O))C(C(=O))OOC(=O)C(=O),-6.019663927381771,-6.91559
C(=O)(O)C(C(=O)(O))OOC(=O)C(ON(=O)(=O))(C)C(=O)(OO),-9.725943479352281,-10.548616
C(=O)(O)C1OC1(O)C(=O)C(OO),-7.346944371893187,-6.681011
C1(=O)C(N(=O)(=O))(ON(=O)(=O))C(O)(C(=O)(O))OOC(=O)C1,-6.273033796929667,-6.6621985
C(=O)C(ON(=O)(=O))C(OO)(C1(O)(O))OOC1C(=O),-7.751555887043651,-7.7559404
C(=O)(O)C(O)C(ON(=O)(=O))C1OC1C(=O)C(=O),-7.474628607367777,-6.087537
C1(O)C(OO)OOC1(O)C(ON(=O)(=O))(C)C(=O),-6.9652594546096225,-6.7787538
C1(O)(OO)C(ON(=O)(=O))OOC1C(ON(=O)(=O))C(=O)C(=O),-6.129561704550724,-5.7973804
C(=O)(O)C1(O)OC1C(O)C(=O)C(=O),-7.763373731751926,-7.428288
C1(O)(N(=O)(=O))C2(OO)OOC1(O)CC(=O)C2(=O),-6.710678680661658,-7.2155876
C(=O)(OO)CC(C(=O)(O))C(ON(=O)(=O))(C(O))C(=O),-9.250263030007773,-8.727526
C(=O)(OON(=O)(=O))CC(ON(=O)(=O))C(C)(C)C(C(=O)(OO))C(=O)C(=O),-6.694690532014647,-5.457946
C(O)C(ON(=O)(=O))(C(=O))C(=O)C(=O)OC(=O)C(=O),-4.52708295084085,-4.6997747
CC(=O)C1OC1(N(=O)(=O))C(=O)C(O)C(=O)(O),-6.282601739454549,-6.266903
C1(=O)C(O)(C)C(ON(=O)(=O))C(OO)OOC1C(=O)(O),-8.278428941925085,-6.778671
C(=O)(N(=O)(=O))C(=O)OC(OO)(C(OO))C(ON(=O)(=O))C(=O),-6.408695685211569,-6.4994807
CC1C(ON(=O)(=O))C(ON(=O)(=O))C1(C)C(OO),-4.356241589590354,-4.332998
CC(=O)C(C(ON(=O)(=O))(C)C(O))C(OO)C(=O)CC(=O)(O),-10.458992438503628,-11.180139
C1(OO)OC1(C)C(OO)C(=O)C(=O),-5.636170173853316,-4.7713256
C12CC(=O)C(OO)(C)C(ON(=O)(=O))(C2)C1(OO)C,-7.080043926820508,-7.2186594
C(=O)(O)C(=O)OC(=O)C(=O)C(ON(=O)(=O))C(=O),-4.589847326897143,-4.8270736
C(=O)(O)C=CC(OO)OC(=O)C(=O),-7.224308056291193,-6.331042
CC(OO)=CC(OO)(C)C,-3.9100687187965377,-3.2782676
C(=O)(O)C(O)(OO)C(ON(=O)(=O))(C)C1OC1C(=O),-8.649377093119256,-8.321005
C12(O)OOC(O)(C1(O))C=C(OO)C2(=O),-9.012823015116737,-8.726557
CC(O)C(ON(=O)(=O))C(C(=O)C)C(ON(=O)(=O))C(=O)(OO),-7.203768997424049,-5.318685
C(=O)(OO)C(=O)C(N(=O)(=O))(C1(O)(O))OOC1C(=O)(OO),-9.186460744935175,-9.899232
C12OC1(O)C=C(C(ON(=O)(=O)))C(=O)C2(O)(O),-7.641867682890734,-7.1639233
CC(O)(C(=O))C(ON(=O)(=O))C(=O)C(O)(N(=O)(=O))C(=O),-6.143170048006141,-6.0271897
C(=O)(OON(=O)(=O))C(O)(O)C1OC1C(O)(C)C(=O),-6.550967915893125,-6.246005
CC1(O)C(=O)OOC1(OO)C(O)C(=O)(O),-9.076805780689028,-9.500206
C(=O)C(=O)C(OO)C1OC1(O)C(=O),-5.746454220919986,-6.5861697
C(=O)(O)C1OOC(OO)(C1(O))C(ON(=O)(=O))C(=O),-8.968837726722995,-8.99211
C1(=O)C(OO)C(OO)C(O)(C)C(ON(=O)(=O))C1,-7.894952703823947,-8.894376
CC(=O)CC(=O)CC(ON(=O)(=O))CC(=O)(OO),-6.788282736128167,-6.319592
C(O)C(=O)C(OO)(C1(O))OOC1(O)C(=O)(OON(=O)(=O)),-8.239820817198051,-7.6849017
C(ON(=O)(=O))C(=O)OC(OO)C(O)C(O)C(=O),-8.372031185630476,-9.586064
C(=O)C1(O)OC1(C(=O)(OO))C(OO)C(=O),-7.43350997088055,-6.566222
C(OO)C(=O)C(OO)C(O)C1OC1(OO)C(=O),-10.897138606163935,-11.115516
CC(ON(=O)(=O))C(=O)CC(ON(=O)(=O))(C(=O)(OO))C(OO)(C)C,-7.179524289469555,-6.6603556
CC(=O)C(C(=O)C)CC(=O)(O),-4.5932235862346715,-4.4637313
C(=O)(O)C1OC1(ON(=O)(=O))C(=O)C(=O),-3.9393222841790703,-3.4361846
C(=O)(O)C(N(=O)(=O))(OO)OC(=O)CC(=O)(O),-8.48427243444894,-8.637781
C(O)CCC(=O)CC(O)C(ON(=O)(=O))C(ON(=O)(=O)),-8.397160407530464,-8.957601
C(=O)(O)C(O)(N(=O)(=O))C(ON(=O)(=O))(C)C1OC1C(=O)(O),-8.904360770593485,-8.987518
C(=O)C1(O)OC1C(ON(=O)(=O))(C(O))C(O)C(=O),-8.589354368537897,-11.045705
C(=O)(O)C(O)C(=O)OOC(ON(=O)(=O))(C(=O))C(=O),-6.63203815554516,-5.548419
C1(O)(N(=O)(=O))C(=O)OOC1(O)C(=O)C(N(=O)(=O))C(=O)(OO),-6.6525617995612265,-7.031471
CC(=O)C(C(=O)C(=O)(O))OOC(ON(=O)(=O))C(=O)(OO),-7.698851611265127,-8.531682
C(=O)(O)C(ON(=O)(=O))C(O)C(=O)OC(=O),-5.590978606131102,-5.26146
C1(O)C(O)(C(=O)(N(=O)(=O)))OOC1C(O)C(=O)(OO),-9.230840697546228,-8.664659
C(=O)(O)C(N(=O)(=O))=CC1OC1(OO)C(=O)(OO),-9.033538180068717,-8.164461
C(=O)(O)C(=O)C(OO)(C(O))C(O)C(=O)OC(=O),-10.756367904530634,-10.523853
C1(=O)OC1C(OO)=C(OO)C(=O),-7.7855601809569634,-6.0896835
CC(ON(=O)(=O))(C)C(C(=O)(OON(=O)(=O)))CC(=O)CC(=O),-4.93656696713515,-5.4736743
C(=O)C(O)C(=O)OOC(=O)C(=O)C(=O),-4.273725185674266,-2.9969704
C2(=O)C1(ON(=O)(=O))OOC2(C(OO))C(=O)C(=O)C1,-4.679096176747407,-4.0150833
CC(=O)C(ON(=O)(=O))CC(=O)(OO),-3.8823437213613943,-2.6422558
C(O)C(=O)C(=O)C(OO)C(=O)OC(=O)C(=O),-6.664085515312763,-6.3376193
CCCCC(ON(=O)(=O))CC(ON(=O)(=O))CC(=O)(OO),-5.895760744740983,-5.1953025
C(=O)(OON(=O)(=O))C(ON(=O)(=O))C(O)C1(O)OC1(O)C(=O),-6.704314883867482,-6.0447903
CC(O)(C(=O)(OO))C(ON(=O)(=O))C(C)(C)C(C(=O)(OO))C(=O),-9.276303504448151,-9.86467
C1C(=O)C(OO)C(=O)OOC1(OO)C(=O)(O),-9.031628002037905,-8.5787
CC(ON(=O)(=O))CCC(O)CCC(=O)C(ON(=O)(=O))C,-6.704481603337626,-7.222967
C1(O)C(=O)OOC1(O)CC(=O)C(=O)C,-6.443221485635149,-6.991083
C1(=O)OC1(C)C(OO)=CC(=O),-6.013055498111498,-5.5585327
CC(ON(=O)(=O))(C(=O)(OON(=O)(=O)))C(O)C1OC1(OO)C(=O),-5.99437152275641,-6.129026
C(ON(=O)(=O))C(=O)C(O)(C1(=O))OOC1C(ON(=O)(=O))C(=O),-6.057918580092519,-6.0051146
C(O)CC(O)C(=O)CC(=O)C(O),-8.137088144034351,-9.532174
C(OO)C(=O)C1(O)OC1(OO)C(=O)(OO),-8.01453592440157,-8.913952
CC(=O)C(ON(=O)(=O))C(O)C(C(OO)(C)C)C(ON(=O)(=O))C(=O),-8.39400175431365,-8.092061
C(=O)(O)C(OO)C(O)C(=O)C(O)C(=O),-10.236218716137955,-12.21359
C(=O)(O)C=C(OO)C1OC1C(=O)C(=O)(OO),-10.495980753632466,-11.306284
C(=O)(N(=O)(=O))C(=O)C1OOC(C1(=O))C(=O)(OON(=O)(=O)),-2.4922579582307662,-1.8558619
C(=O)(O)C(OO)C(OO)(C(=O))C(O)(O)C(=O),-11.915516935259802,-10.628588
CC(=O)CCC(OO)C(OO)CCC(=O)C,-8.672055241760972,-7.88177
C(=O)(OO)C(N(=O)(=O))(OO)C(C(=O)(OON(=O)(=O)))OOC(=O)C,-5.769174446431862,-6.2748704
CC(ON(=O)(=O))(C(O))C(CC(=O)(OO))CC(=O),-7.639896459510055,-6.4056244
CC(=O)C(ON(=O)(=O))C(C)(C)C(OO)(C(=O)(O))CC(=O)(OON(=O)(=O)),-8.412029343769973,-8.202778
C1(O)(OO)C(OO)(C)OOC1C(=O),-6.658441388208303,-5.9369535
C(O)C(=O)C(=O)C(OO)(C(=O)(N(=O)(=O)))OOC(=O),-5.778141661638074,-4.9799747
C(O)C(=O)C1OC1(O)C(N(=O)(=O))=CC(=O)(O),-9.895059232789208,-12.116375
CC(ON(=O)(=O))C(OO)C(C)(C)C(ON(=O)(=O))C(=O),-5.4102675152389565,-6.0990624
C(=O)(OON(=O)(=O))C=CC(OO)(C(=O)(OON(=O)(=O)))OC(=O),-4.235736990227451,-4.3484435
C(=O)(OO)C(O)(OO)C1OC1C(ON(=O)(=O))(C(OO))C(=O),-10.607672226691648,-11.3526325
C(=O)(OO)CCC(=O)CCC(=O)CC(=O)(OON(=O)(=O)),-7.203469944870449,-5.9957557
C(=O)(O)C(OO)OC(=O)CC(=O)(OO),-8.33781375457329,-6.5060315
C1(ON(=O)(=O))C(OO)C(ON(=O)(=O))C(=O)OOC1(O)C(=O)(OO),-8.1822919652368,-7.1308002
CC(=O)C(C(=O)C(ON(=O)(=O)))CC(=O)CC(=O),-5.467761713691289,-6.3972087
CC(OO)CCCC(O)CC(ON(=O)(=O)),-6.608873690780456,-6.6210995
CCCCCC(O)CC(OO)C(ON(=O)(=O))C,-6.493543234140816,-6.2121515
CC(=O)C(ON(=O)(=O))C(C(=O)C)C(OO)(C)C(OO),-7.6768388693199086,-8.167386
C(=O)(OON(=O)(=O))CC(ON(=O)(=O))C(C(=O)(OO))(C)C(=O),-4.940014486492146,-4.567473
CC(OO)(C(=O)(OON(=O)(=O)))C(ON(=O)(=O))(C(=O))C(C)(C)C(=O)C(=O),-6.342366114742617,-5.608387
C(=O)(O)C(O)C(O)C(=O)C(=O)C(=O),-7.022720296361513,-6.93276
CC(ON(=O)(=O))CCCCCC(=O)(OON(=O)(=O)),-3.777403210853663,-3.4342356
C(O)C(=O)C(ON(=O)(=O))C1OOC(C1(O))C(=O)(OON(=O)(=O)),-6.959370058179047,-8.343905
C(OO)C(=O)C1CC(C(=O)(OON(=O)(=O)))C1(C)C(OO),-8.433599844709533,-7.557647
C(=O)(N(=O)(=O))C1(O)OC1(OO)C(C(OO))C(=O),-8.660093620699627,-9.270401
C(O)C(OO)C(ON(=O)(=O))(C)C(=O),-5.1961336134554585,-5.552463
C1(N(=O)(=O))C(=O)C(OO)C(=O)OOC1C(=O)(OON(=O)(=O)),-4.733631365488691,-5.084575
C(=O)C(OO)C(OO)(C)C(=O)CC(=O),-7.614102611471026,-7.780326
C(=O)(OON(=O)(=O))C=C(OO)C1OC1(ON(=O)(=O))C(=O),-5.021837448624865,-5.017594
CC(C(O))(C(=O)(OON(=O)(=O)))C(C(=O))C(ON(=O)(=O))(C)C(=O)(OO),-7.222780167088786,-6.642613
C(=O)(OO)C(OO)C1(C(=O))OC1C(=O)(OO),-8.489945902969339,-7.8107934
C(=O)(OO)C(C(=O))=CC1(N(=O)(=O))OC1(OO)C(=O),-7.420862189552281,-6.6649675
CC1(C)C(OO)CC1(ON(=O)(=O))C(O)C(=O)(OO),-7.4161925822081685,-6.082732
C2(=O)CC(ON(=O)(=O))C1(C(=O)(OON(=O)(=O)))OOC2C1(=O),-3.4666353467582667,-2.890084
CC(=O)CC(=O)C(=O)C(OO)CC,-3.9555579582265636,-4.511796
C(=O)(O)C1(OO)OC1(C(ON(=O)(=O)))C=CC(=O)(OON(=O)(=O)),-7.228263025805063,-7.419139
C(=O)(O)C(=O)OC(O)C(OO)C(ON(=O)(=O))C(=O)(OON(=O)(=O)),-7.834448702680675,-8.213466
C(=O)(OO)C(OO)C(O)C1OC1(C)C(=O)(OON(=O)(=O)),-7.437869590339687,-5.89565
CC(=O)COOC(=O)C(N(=O)(=O))(OO)C(=O)(OO),-6.332955777903408,-7.4173484
C(=O)(OON(=O)(=O))CC(=O)CC(OO)(C(=O)C)C(ON(=O)(=O))(C)C(=O),-7.084957604649389,-8.4747
CC(OO)CC(=O)CCC(=O)CCC(=O),-6.904394327590126,-6.7149115
C(=O)C(O)C1(ON(=O)(=O))OC1(OO)C(=O),-4.695706530994357,-5.4255195
CC(=O)C(=O)C(C)(C)C(OO)C(O),-5.483989149008266,-5.513934
CC(=O)C(C(ON(=O)(=O)))C(=O)C(OO)C(O)(C)C(=O)(OON(=O)(=O)),-6.71631704734682,-6.6888375
CC(=O)C(C(=O)C(=O)(N(=O)(=O)))OOC(=O)C(=O)(O),-5.707460908390203,-6.8499174
C1(=O)OC1(O)C(OO)C(O)C(=O)(OO),-10.05437940628326,-13.59599
C(=O)(OON(=O)(=O))CC1OOC(C1(O)(OO))C(=O),-6.6775388027999725,-7.3481207
CC(=O)C(C(=O)(O))C(ON(=O)(=O))(C)C=C,-4.500567060003959,-4.578505
C(=O)(O)C1OOC(N(=O)(=O))(C1(O)(O))C(OO)C(=O),-10.165217982917966,-9.541522
C1(ON(=O)(=O))OC1C(OO)C(O)(C(=O)(O))C(ON(=O)(=O)),-7.756219624756341,-7.8730454
CC(=O)C(C)(C)C(ON(=O)(=O))(C(=O))C(=O)C,-3.6027048736177676,-3.961012
CCC(O)CC(O)C(ON(=O)(=O))CC(OO)CC,-8.9434817327965,-7.9085793
C(=O)(O)C(O)C(N(=O)(=O))(OO)OC(=O)C(=O),-7.5548634777151165,-6.703486
C1(=O)OC1(O)C(O)(O)C(=O)C(ON(=O)(=O))C(=O)C,-6.724485632144933,-9.934016
CC(OO)(C(=O))C(ON(=O)(=O))(C(OO))C(=O)C(=O),-7.063138942481601,-7.9604373
C(=O)(O)C(N(=O)(=O))(OO)OC(=O)C(C(ON(=O)(=O)))C(=O),-7.140928791413899,-7.5701284
C(=O)(O)C(=O)C(C(ON(=O)(=O)))C(O)(C)C(ON(=O)(=O)),-7.3187938108239905,-7.1326103
C(=O)(N(=O)(=O))C1(O)OC1C(=O)C(OO)C(=O)(OO),-7.500240875746385,-7.5626535
C(O)C(=O)C1(OO)OC1C(OO)C(=O),-8.118299263427616,-9.906871
C(=O)(OON(=O)(=O))C1(O)C(C(=O)(OO))OOC1C(=O)C(=O),-6.592632783038425,-6.701671
C(OO)C(=O)C(ON(=O)(=O))OOC(=O)C(=O)(OON(=O)(=O)),-4.02268944671232,-3.8355527
CC(ON(=O)(=O))(C)OOC(OO)(C(=O)C)CC(=O),-5.433314215926657,-5.36426
CC(=O)CC(=O)C(OO)CC(ON(=O)(=O))C(ON(=O)(=O)),-7.185671393508528,-7.0662427
CC(OO)(C(=O))C(ON(=O)(=O))(C(=O)(OON(=O)(=O)))OOC(=O)C(=O),-5.422794472884561,-4.356625
C1(O)(N(=O)(=O))C(=O)OOC1C(O)C(=O)(O),-7.318149759023072,-6.9954715
C1C(=O)C(=O)C(C2(=O))OOC12C,-2.8723119795758976,-2.9389248
CC(OO)(C)C(=O)C(O)(C)C(ON(=O)(=O))CC(=O)C(=O),-7.70882724517287,-7.666496
C(=O)(O)C(OO)=CC(OO)OC(=O)C(=O),-9.270412327012309,-8.338076
C(ON(=O)(=O))CCC(=O)CC(=O)CC(=O)(OO),-7.150602052995964,-6.1706367
C1(ON(=O)(=O))OC1(C)C(O)(OO)C(=O)C(=O),-4.973211990069103,-5.2018366
CC(=O)COOC(=O)C(N(=O)(=O))(ON(=O)(=O))C(=O)(OO),-4.691284306663874,-5.660583
C(=O)(O)C(O)C(=O)C(=O)OC(=O)C(=O),-5.661411362980289,-5.594315
C1(O)C(N(=O)(=O))(OO)OOC1(C(=O))C(=O),-5.615640539348533,-5.599109
C(=O)(O)C(O)C(O)C1OC1(ON(=O)(=O))C(=O)C(=O)(OON(=O)(=O)),-7.715733506069228,-7.216886
C(=O)(OO)C(=O)C(O)C1OOC(O)(C1(O))C(=O),-10.144080557674897,-11.020646
C(=O)(O)C(O)(C(=O)(OON(=O)(=O)))C(ON(=O)(=O))C1OC1(OO)C(=O),-7.923686074449506,-7.4039464
C(=O)C(ON(=O)(=O))C(=O)C(O)(C)C(=O)C(=O),-4.087792176982475,-4.5259247
C1(ON(=O)(=O))OC1(OO)C(O)(O)C(=O)C(O)C(=O)(OON(=O)(=O)),-6.636734457646526,-7.9629354
C(=O)(OON(=O)(=O))C1(OO)OC1(OO)C(ON(=O)(=O))C(O)C(=O),-7.109895706693351,-8.890739
CC(=O)C(=O)CC(ON(=O)(=O))(C(ON(=O)(=O))(C)C)CC(=O)(OO),-6.490040562242939,-5.791025
C(=O)(OO)C(=O)OC(OO)C(C)=CC(=O)(OON(=O)(=O)),-6.40740133050349,-7.4188
C1(O)(O)C(N(=O)(=O))(OO)OOC1(C(OO))C(OO)C(=O),-11.703778704846627,-12.609265
CC(=O)CCC(ON(=O)(=O))C(ON(=O)(=O))CC(OO)C(=O)C,-7.680231412836292,-7.683172
C(=O)(OON(=O)(=O))C(=O)C1OOC(N(=O)(=O))(C1(O)(O))C(OO)C(=O),-8.414644710257562,-8.013515
C(O)C(OO)(C(O))C(O)(C)C(=O),-9.211582634197839,-6.9982214
CC(=O)C1(OO)OC1C(=O)(OO),-4.851564424356184,-4.3852844
C(=O)(O)C(=O)C(ON(=O)(=O))C1(C(ON(=O)(=O)))OC1(OO)C(=O),-7.197547156298242,-6.9783
CC(=O)OOC(=O)CC(OO)C(ON(=O)(=O))C(=O)(O),-8.166406723947148,-8.183557
C(=O)(OON(=O)(=O))C(=O)C(O)C1OOC(O)(C1(O))C(=O),-7.942548369665019,-6.879031
C(=O)(O)C(O)C(=O)OOC(ON(=O)(=O))(C(=O)(O))C(=O),-9.06814725793447,-8.22085
CC(=O)C(OO)C(C(OO))(C(ON(=O)(=O)))C(=O)(OON(=O)(=O)),-6.21767254358565,-6.48882
C(=O)(O)C1(N(=O)(=O))OC1C(=O)C(O)C(=O),-6.2707211079323315,-4.865278
CC(=O)C(N(=O)(=O))(C(=O)C(=O))OOC(=O)C(=O),-3.674347825588484,-3.4686947
CC(=O)C(=O)C(OO)(C)C(=O)C(ON(=O)(=O)),-4.319679717464169,-4.5980906
C2(=O)C(O)C(OO)C(C1(O))OOC12C(OO),-10.432393666535063,-10.147921
C(=O)(OO)C(=O)OC(=O)C(=O)CC(=O),-4.676444206714223,-4.6558547
CC(=O)C(C(=O)(OO))C(C)(C(ON(=O)(=O)))C(O)C(=O)(OON(=O)(=O)),-6.800581562340085,-5.2378874
C(=O)(OON(=O)(=O))C(=O)OC(=O)C(O)(C)C(=O)C(=O),-3.5603636830819596,-2.308035
C1(OO)OC1C(O)(O)C(=O)(OON(=O)(=O)),-4.43338228220091,-3.82375
C(O)C(=O)C(=O)C(=O)OC(=O)(O),-5.685972258717811,-3.6002975
C1(=O)C(O)(C(=O)(OO))OOC1(C(O))C(O)C(=O),-10.145893232951494,-11.148026
C(=O)(O)C(=O)OC(=O)C=CC(=O)C(=O),-5.624678365667933,-4.7007685
CC1(C)C(=O)CC1(OO)CC(OO)C(=O)(OON(=O)(=O)),-7.10178204175827,-6.7632813
C(=O)(O)C(O)(O)C1OC1C(O)(C(OO))C(=O)(OON(=O)(=O)),-10.710664026497398,-12.061723
CC(ON(=O)(=O))(C(OO))OOC(ON(=O)(=O))(C(=O)(O))C(=O),-6.821982833291258,-6.7795014
CC(OO)(C)C(C(O)C(=O))CC(=O),-7.3876370875113935,-8.000514
CC(O)CC(=O)C(=O)CC(=O)CC(ON(=O)(=O))C,-6.98569555586073,-6.5415125
C(=O)C(=O)C1(C(ON(=O)(=O)))OC1C(=O)(OO),-4.8463468195877795,-5.4387074
C(=O)C1(O)OC1C(ON(=O)(=O))(C(=O)(OON(=O)(=O)))C(O)C(=O),-5.7437414168744,-4.6208982
CC(=O)C(OO)CC(=O)CC(=O)(O),-7.382828079171304,-7.4943423
C(=O)(OON(=O)(=O))C(O)C(ON(=O)(=O))C(=O)OC(OO)(C(O))C(=O),-8.503885538986651,-7.498558
C1(ON(=O)(=O))OC1C,0.17981559501640731,0.3572457
CCC(ON(=O)(=O))CC(ON(=O)(=O))C(O)C(OO)CCC,-7.382184618723841,-6.025339
C(=O)(OO)C1(OO)OC1C(O)C(OO)C(=O),-9.877566448201833,-11.222544
CC(ON(=O)(=O))(C(=O)(OO))C(ON(=O)(=O))C(OO)OC(=O),-6.046661521424539,-6.0543203
CC(=O)CC(OO)CC(=O)(OO),-6.057017218608962,-4.795732
C(=O)(OON(=O)(=O))C(O)C(=O)C(OO)(C)OC(=O)C(=O),-5.470457653522317,-5.019165
C1(=O)OC1(N(=O)(=O))C(O)(C(ON(=O)(=O)))C(OO)C(=O),-6.025958560847357,-6.3047385
CC(=O)C(C(=O)(O))OOC(N(=O)(=O))(ON(=O)(=O))C(=O)(O),-7.2030548039401765,-8.011296
C(=O)(O)C1(C(=O)(OO))OC1C(OO)C(O)C(=O),-10.971873713409877,-11.672719
C1(=O)C(ON(=O)(=O))OOC1C(=O)C(=O),-1.8205842339993978,-1.3696433
C(=O)(OO)C(ON(=O)(=O))C(C1(O)(O))OOC1(C(OO))C(=O),-11.316885295549582,-12.54992
CCC(=O)CC(ON(=O)(=O))C(=O)CCC(OO)C,-6.00029310080572,-6.6514735
C(=O)(O)C(C(ON(=O)(=O)))C(C)(C(=O)(O))C(=O)(OON(=O)(=O)),-7.399989045265102,-7.1855617
CC(=O)C(OO)(C(=O)(OON(=O)(=O)))OOC(=O)CC(=O)(OON(=O)(=O)),-4.975091619464365,-4.757153
C1(=O)C(O)C(=O)C(=O)C(OO)C1,-6.008909593670978,-7.0199413
C(=O)(N(=O)(=O))C(=O)C(=O)C1OOC(=O)C1(O)C(OO),-6.383930695381423,-5.272462
C1(=O)C(=O)C(=O)OOC(OO)C1,-4.129405728876009,-3.8453057
CC(ON(=O)(=O))(C(=O)(O))C(O)C1OC1C(=O)(OON(=O)(=O)),-6.318778859938902,-6.7305512
C1(=O)C(ON(=O)(=O))(C(OO))OOC1C(O)C(=O)(OON(=O)(=O)),-5.723562780869543,-5.5234547
C(=O)(O)C(=O)CC(=O)C(OO)(C(ON(=O)(=O)))C(OO),-9.239396771081374,-9.076937
C(=O)(O)C(O)(N(=O)(=O))C(ON(=O)(=O))C1OC1C(=O)(O),-8.915886811435485,-8.596298
C(=O)(O)C(O)(C(=O)(OO))C(ON(=O)(=O))OOC(=O)C(=O),-7.867165172901878,-9.406757
c1ccc(O)c(OO)c1C(OO),-6.2187151391699445,-6.909117
C(OO)C(OO)C(C)(C)C(ON(=O)(=O))(C(=O))C(=O)C(=O),-8.518284696878254,-7.427574
C(ON(=O)(=O))C1(C(=O)(OO))OOC(C1(O))C(ON(=O)(=O))C(=O),-8.134125161683187,-9.761363
C(=O)(O)CC(ON(=O)(=O))C(O)(C)C(C(=O))C(=O)C,-8.369607505766908,-7.8864226
C(=O)(OON(=O)(=O))C(=O)C1(O)OC1C(=O)C,-2.7222289910969266,-2.3570411
CC(=O)C(ON(=O)(=O))C(C)(C)C(=O)C(O)C(=O)(OON(=O)(=O)),-4.233170260882616,-4.4191
C(=O)(O)OC(=O)C(=O)C(=O)C(ON(=O)(=O)),-4.245101875589171,-3.7949214
CC(=O)C(O)C(ON(=O)(=O))C(ON(=O)(=O))C(=O)(O),-6.168097705482069,-6.1747594
C(=O)(O)C(OO)C(ON(=O)(=O))(C(=O))OOC(=O)C,-6.997574324748712,-6.6439133
C1(O)C(O)(C(=O)(OON(=O)(=O)))OOC1(O)C(O)(C)C(=O),-7.50346104271739,-7.8169684
CC(=O)CC(=O)CC(ON(=O)(=O))C(OO)CCC,-6.078095534747263,-5.551836
CC(=O)CCC(=O)CC(O)CCC(=O)(OON(=O)(=O)),-6.816294521944656,-7.160839
C1(=O)C(ON(=O)(=O))C(O)C(=O)OOC1(OO)C(=O)C(=O),-6.4896185601028265,-5.912627
CC(=O)C(OO)CC(=O)C(ON(=O)(=O))CC(OO),-8.188142188340862,-7.8967752
C(=O)(OO)C(=O)C(O)C(OO)C(=O),-6.769982460878964,-5.807453
C(=O)(OON(=O)(=O))C(OO)C(ON(=O)(=O))(C1(O)(O))OOC1(C)C(=O),-7.603033665502153,-8.464068
C(O)CCC(=O)CCC(ON(=O)(=O)),-5.238512123003602,-4.439555
C(=O)(O)C(O)(C(=O)(OO))C(O)(C1(O)(N(=O)(=O)))OOC1C(=O),-11.150722782997036,-9.398984
C(=O)C(=O)C(=O)C(=O)C(O)C(ON(=O)(=O))C(=O),-4.411347233388369,-5.716345
C(=O)(OON(=O)(=O))C(=O)OC(=O)C(ON(=O)(=O))(C)C(OO)C(=O),-4.743525264733762,-4.864346
CC(O)(C(=O)(OON(=O)(=O)))C(OO)(C1(=O))OOC1C(=O)(OON(=O)(=O)),-5.420027012976789,-4.4421296
CC(=O)C1OOC(O)(C1(=O))C(N(=O)(=O))(OO)C(=O)(O),-8.538466159759992,-10.758808
C(O)C(OO)=CC(OO)OC(=O),-7.376228076253028,-8.183058
C(=O)(O)C(=O)OOC(C(=O)C(=O)(OON(=O)(=O)))C(O)C(=O),-7.104557522976393,-8.224796
C(=O)(O)C(ON(=O)(=O))C(O)(O)C(=O)C(ON(=O)(=O))C(=O)(OO),-8.59112165915576,-10.327684
C(=O)(OON(=O)(=O))C(O)C(=O)C(=O)C(=O),-2.151384997090645,-1.4170281
C(=O)(O)C(=O)OC(=O)C(ON(=O)(=O))(C(=O)(O))C(OO),-8.385028951663116,-8.848178
C1(OO)OC1(C(=O)(O))CC(=O)(O),-7.886703479402058,-8.68728
C1(ON(=O)(=O))C=CC(=O)OOC1(C(=O)(O))C(OO),-8.136844648815895,-8.005568
CC(=O)CC(ON(=O)(=O))CC(=O)CC(=O)C(O),-6.882418556993798,-8.363284
CC(O)(C)C(C(ON(=O)(=O))(C)C(=O)(OO))CC(=O)(OON(=O)(=O)),-6.010891816338699,-5.695106
C1(=O)C(ON(=O)(=O))(C)OOC1(O)C(OO)C(=O)(O),-7.572839714619477,-8.170896
C(O)C(=O)C(=O)OC(=O)C(O)(N(=O)(=O)),-4.516670436489221,-4.230307
C(=O)C(O)(OO)C(ON(=O)(=O))C(OO)OC(=O),-7.4066392589847965,-6.699197
CCCCC(OO)CC(ON(=O)(=O)),-2.769563015892345,-2.9710224
C(=O)(OON(=O)(=O))C(O)C1(OO)OC1(O)C(=O),-5.631398898865882,-4.391745
C1(O)(OO)C(ON(=O)(=O))OOC1(C)C(=O)(OON(=O)(=O)),-3.797225209629687,-5.8400407
CC(O)(C)C(C(=O)(O))C(O)C(=O)(OON(=O)(=O)),-6.652475049082568,-6.8987174
C(=O)(OO)C1CC(OO)C1(C)C(=O),-6.891333474795829,-6.90682
C(=O)(O)C=C(C(=O)(OON(=O)(=O)))C1(N(=O)(=O))OC1(O)C(=O),-6.792622012046195,-4.3329515
CC1(C(=O)(O))OC1C(OO)C(O)C(=O)(O),-10.680714730227919,-11.497085
C(OO)C(=O)C(=O)OOC(ON(=O)(=O))(C(=O)(O))C(=O),-7.010835894579941,-6.2846365
C1(O)C(OO)OOC1(ON(=O)(=O))C(=O)C(=O)(OON(=O)(=O)),-4.038531462381798,-5.0273876
C(=O)(O)C(=O)OOC(OO)(C(=O)(OON(=O)(=O)))C(ON(=O)(=O))(C)C(=O),-7.1783825087113655,-7.607834
C(=O)C(=O)OC(OO)C(ON(=O)(=O))(C)C(O)(OO)C(=O),-8.20660857799885,-6.286062
C(=O)(O)COOC(=O)C(ON(=O)(=O))C(=O)C(OO),-7.8327406583412085,-8.105868
CC(=O)CC(ON(=O)(=O))C(=O)CC(OO)C(=O)C(ON(=O)(=O))C,-7.772861010245833,-8.429661
C(=O)(O)C(N(=O)(=O))(OO)OC(=O)C(O)(C(ON(=O)(=O)))C(=O),-7.926303263302543,-7.322332
C(=O)(O)C(OO)(C(=O)(O))C1OOC(C1(=O))C(=O),-10.020367659741169,-10.708161
C(=O)(O)C(=O)C1OC1C(=O)C(OO),-7.086918265751592,-8.261587
C(=O)(OON(=O)(=O))C(=O)OC(=O)C(OO)(C)C(O)C(=O),-5.670852302471758,-6.216569
CC(=O)C(O)C(OO)C1(OO)CC(OO)C1(C)C,-10.278995391941862,-10.497746
C(O)C(=O)C(OO)OC(=O)C(=O)C(N(=O)(=O))C(=O)(OON(=O)(=O)),-6.455233013541147,-6.227631
C(=O)(O)C(O)(O)C(=O)C(C)=CC(=O)(O),-9.896455103644257,-13.679635
CC(=O)C(ON(=O)(=O))CC(=O)CC(O)C(ON(=O)(=O))(C)C,-6.501498041783634,-7.321218
C(=O)(OO)C(ON(=O)(=O))C(=O)C(O)(O)C(OO)OC(=O),-8.84549366541978,-12.200183
C(=O)(OO)C1OC1(C(=O)(OO))C(=O)C(O)C(=O),-8.19987381687315,-12.552439
C(=O)(O)C(OO)OC(=O)C(O)C(ON(=O)(=O))(C)C(=O),-8.715069631791266,-8.591219
C1(O)C(=O)OOC1(O)C(=O)C(O)C(=O)(OO),-8.619407768328529,-9.824028
CC(O)(C(=O)(OON(=O)(=O)))C(=O)CC(C(=O))C(ON(=O)(=O))(C)C,-6.054928765988734,-5.454734
C(=O)(O)C1(C(=O)(O))OOC(C1(O))C(ON(=O)(=O))C(=O)(OO),-11.616149625253456,-12.961984
C(ON(=O)(=O))C12OOC(C2(O)(OO))C(=O)C(O)C1(=O),-7.732610858787666,-8.828804
C1(O)C(N(=O)(=O))(C(=O)(O))OOC1C(ON(=O)(=O))C(=O),-7.597741458022938,-7.5131493
C1(O)C(=O)OOC1(N(=O)(=O))C(=O)CC(=O)(OO),-6.86796606338612,-6.6439033
C(=O)(O)C(=O)OOC(C(O))(C(=O)(O))C(ON(=O)(=O))C(=O),-10.448802027167403,-10.825715
C(=O)(O)C1OOC(O)(C1(O))C(ON(=O)(=O))C(=O)C(=O),-9.334554312928958,-9.235761
C(=O)(OON(=O)(=O))C12C(OO)=CC(ON(=O)(=O))C(C1(O))OO2,-6.184113366947713,-7.054329
CC(=O)C(OO)C(=O)CC(=O)CC(OO),-7.546178377120668,-8.675089
C(=O)(OO)C(=O)C(C(=O)(O))C(=O),-5.571550988035597,-5.6750555
C(N(=O)(=O))(ON(=O)(=O))C(C(=O)(OO))OOC(=O),-3.9783192739450897,-4.4357395
C(O)C(=O)C1OC1C(O)(OO)C(=O),-7.816623870432522,-10.043193
C(=O)(O)C(=O)C(=O)C(O)(C)C(O)(OO)C(=O),-9.369677195973054,-11.178133
CCCC(ON(=O)(=O))C(OO)CC(=O)CC(=O)C,-6.078095534747263,-5.6318808
CC(C(=O)(O))C1OC1(OO)C(=O)(O),-8.623852420842013,-7.7504153
C(=O)(OO)C(ON(=O)(=O))C(OO)C(OO)(C)OC(=O),-7.894422145411227,-8.0396385
CC(OO)C(OO)CCC(O),-7.225765647181106,-6.9140105
CC(C)(C(=O)(O))C(OO)(C(ON(=O)(=O)))C(=O)(OON(=O)(=O)),-6.021999661716109,-5.8785443
C(=O)(O)C(OO)C(C1(=O))OOC1C(=O)C(=O)(O),-10.232887166588625,-10.511241
C2(=O)C1(O)OOC2(C(ON(=O)(=O)))C(=O)C(=O)C1,-4.969000982458965,-4.549387
C(=O)(OO)C(O)(O)C1(N(=O)(=O))OC1C(O)(C(O))C(=O),-9.614685018739692,-10.105571
C1(OO)OC1CC(=O)(O),-5.109590396965359,-4.917804
C1(=O)C(ON(=O)(=O))C(O)(C)C(=O)OOC1(N(=O)(=O))C(=O)(OO),-5.979249714720936,-6.1374154
C(=O)(O)C(O)C(=O)C(=O)C(O)(OO)C(=O)(OON(=O)(=O)),-7.59569585141071,-7.353785
CC(=O)C(C(=O))C(C)(C(ON(=O)(=O)))C(OO)C(ON(=O)(=O))C(=O),-7.90531091703815,-8.369059
CC(=O)C1C(ON(=O)(=O))C(C1(OO)C)C(ON(=O)(=O))C(=O),-6.903636852195632,-7.1319513
CC(=O)C(OO)C(O)C1(N(=O)(=O))OC1(O)C(=O)(O),-10.454112429782981,-10.800927
C1(N(=O)(=O))C(=O)OOC(C)(C(=O)(OO))C(ON(=O)(=O))C1(=O),-5.520152999957645,-6.9167857
CC(=O)C(ON(=O)(=O))(C(=O)(O))C(C)(C)C(=O)C(OO),-7.292355667508673,-8.19492
C(O)C(ON(=O)(=O))C(=O)C(=O)C(O)C(=O)OC(=O),-6.536354546209623,-5.849428
C(=O)(O)C(C(=O)(OON(=O)(=O)))OOC(OO)C(O)C(=O),-8.383948499111284,-8.177706
C1(=O)C(=O)OOC1C(N(=O)(=O))(OO),-2.441536539030494,-3.596836
CC(=O)C1CC(OO)(C(=O)(O))C1(C)C,-6.813623384830862,-7.5865045
C(=O)C(=O)C(=O)C(O)(C1(O))OOC1C(=O),-6.658890571448865,-5.029921
C(=O)(OON(=O)(=O))C(OO)C(C)(C(ON(=O)(=O)))C(OO)C(=O),-6.586319560479751,-6.6321354
C12OOC(C2(O))C=CC1(ON(=O)(=O))C(OO),-6.253006335471582,-6.465374
C1(O)(O)C(O)(C(OO))OOC1C(=O),-8.516246886043518,-12.183488
C1(O)(N(=O)(=O))C(=O)OOC1(O)C=C(C)C(=O)(O),-7.865293066282902,-7.8378754
C(=O)(O)C(=O)C(=O)C(ON(=O)(=O))C(=O)OC(=O),-4.366733576727711,-4.36849
C(=O)(O)C(O)(N(=O)(=O))C1(O)OOC(OO)(C(=O))C1(O)C,-11.246956575880176,-12.551808
C(=O)(N(=O)(=O))C1(O)OC1(OO)C(C(=O)(OO))=CC(=O),-8.659528272193711,-7.226212
C(OO)C(=O)C(C)(C(O))C(=O)C(=O),-6.3604812470584875,-6.423523
C(ON(=O)(=O))C(O)(C(=O)(OO))C(OO)(C(=O))C(=O)C,-7.237382165916642,-7.54542
C(=O)(O)C(C(=O)(O))C(C)(C(ON(=O)(=O)))C(=O),-7.851489134656731,-7.8974624
C(=O)C(=O)C(C(=O)(O))OOC(ON(=O)(=O))(C(=O))C(=O),-6.238370485691121,-5.57043
C(OO)C1(C(=O))OC1(OO)C(=O)C(=O),-5.974811715910619,-6.6052427
CC(=O)CCCCC(=O)CC(ON(=O)(=O))C(OO),-7.804931320722972,-7.86878
CC(OO)(C)C(ON(=O)(=O))(C(=O)C(O))CC(=O)(O),-8.938256100886065,-7.077253
C1(O)C(=O)OOC1(C(ON(=O)(=O)))C(OO)C(=O)(OO),-8.27733350545168,-9.571951
C(=O)(O)C(O)C(=O)C(C)C(=O)(OON(=O)(=O)),-5.21381071534779,-5.117052
CC(C(=O))C(C)(C(=O)(OO))C(OO)C(=O),-7.419523303098686,-5.8028154
CC(ON(=O)(=O))(C)C(OO)CC(=O)C(C)C(=O),-6.36071923120835,-5.6985273
C12OC1(C(O))C(=O)C(OO)C(=O)C2(O)(O),-9.503528342644131,-7.935003
C(=O)(OO)C=C(C(OO))C1OC1(ON(=O)(=O))C(=O),-7.415422878060781,-4.467086
C1(O)(O)C(=O)OOC1(N(=O)(=O))C(O)C(ON(=O)(=O))(C)C(=O)(O),-9.222540887974901,-9.076078
CC(ON(=O)(=O))(C(=O)(O))OC(=O)(O),-5.57464687771062,-5.4498534
C(=O)(O)C(O)C(O)(C(=O)(O))OOC(=O),-10.081949834329862,-10.261237
C(=O)(N(=O)(=O))C1(O)OC1(O)C(ON(=O)(=O))C(O)C(=O)(O),-9.028431868591724,-8.79589
C1(O)C(=O)OOC1C(O)(C)C(ON(=O)(=O))C(=O)(OO),-8.215147036680719,-8.999527
C(=O)(OO)C(ON(=O)(=O))C(=O)C(=O)C(ON(=O)(=O))(C(OO))C(=O),-6.29556900273019,-5.832033
CC(=O)CC(=O)C(ON(=O)(=O))C(=O)CCC(ON(=O)(=O))C,-5.685473506637209,-5.1857443
C1(OO)OC1C(OO)C(O)(C)C(=O),-7.539311800028372,-7.4391847
C(O)C(=O)C(=O)C(OO),-4.544682624600682,-5.529558
C(=O)(O)C1(O)OC1C(OO)(C(OO))C(O)C(=O),-12.627493143449101,-12.483213
C(=O)C(O)C(OO)C(OO)(C)OC(=O)C(=O),-8.825686584579671,-8.845997
C12(O)OC1C(OO)C(=O)C(=O)C2(=O),-5.250881179148564,-5.2637167
CC(=O)C(OO)CC(=O)CCC(ON(=O)(=O))C(OO)C,-9.440250718129391,-9.4154215
C(=O)(O)C12OOC(O)(C1(O))C(ON(=O)(=O))C(O)C2(ON(=O)(=O)),-9.986350302660867,-10.266605
CC(OO)(C(=O))OC(=O)C(N(=O)(=O))(ON(=O)(=O))C(=O),-4.172981364525185,-3.992658
C1(O)(O)C2(OO)OOC1C(OO)=CC2(ON(=O)(=O)),-9.076950591701461,-7.8053102
C2(O)C(ON(=O)(=O))C(=O)C(O)(C1(O))OOC12C(=O)(OO),-8.887126285178965,-10.961529
C1(O)C(=O)OOC1(C(=O))C(O)C(=O),-6.211223485082883,-6.651714
CC(=O)C(=O)C(OO)C(ON(=O)(=O))(C)C(ON(=O)(=O))(C)C(OO),-7.177582760268706,-6.5267835
C(=O)C(OO)C(ON(=O)(=O))(C(O))C(=O)C(=O),-5.783324487401842,-5.4129143
C(=O)(O)C(ON(=O)(=O))(C(=O))OOC(OO)C(O)C(=O),-8.809303210280632,-9.490015
C(=O)(O)C(=O)OOC(C(=O)C)C(=O)C(=O)(OON(=O)(=O)),-5.283907287546754,-5.6570168
C(=O)C1OOC(O)(C1(O)(N(=O)(=O)))C(=O)C,-5.292917423848849,-4.9969196
C(=O)(O)CC1(C(OO))OC1(OO)C(=O),-8.911141237418633,-8.531009
C1(=O)C=CC(C(=O)(O))OOC1(OO)C(=O)(O),-10.084185272222385,-11.159608
CC(O)(C(=O)(O))C(C(=O)(OON(=O)(=O)))C(C(O))(C)C(=O),-9.071997692110017,-9.096132
CC(ON(=O)(=O))(C)C(C(O)(C)C(=O))C(=O)C(=O),-5.0543573147915595,-5.361678
C(O)C(=O)C(O)C(N(=O)(=O))(C1(O)(OO))OOC1C(=O)(OO),-11.903969676837733,-11.5875025
CC(O)CC(ON(=O)(=O))C(OO)CC(OO)CCC,-8.886781604840507,-8.776544
C(OO)C(=O)C1CC(C1(C)C)C(ON(=O)(=O))C(=O)(OO),-8.765867960290052,-9.338015
C(=O)(N(=O)(=O))C1(OO)OC1(O)C=CC(=O)(OON(=O)(=O)),-5.30049903242616,-4.7879796
C1(O)C(ON(=O)(=O))OOC1(C(OO))C(O)C(=O),-7.851561247935024,-8.303155
CC(ON(=O)(=O))C(C)(C)C(OO)(C(=O)(OON(=O)(=O)))C(=O)C,-5.39461302314885,-3.7898211
CC(=O)C(=O)C(ON(=O)(=O))C(O),-3.1584229604886787,-2.2742517
C(=O)CC(=O)C(O)(C(ON(=O)(=O)))C(=O)C(=O),-4.94490530720941,-6.149484
CCC(=O)C(ON(=O)(=O))CC(=O)C(OO)CCC,-6.078095534747263,-5.7086825
C(O)C(OO)C(ON(=O)(=O))(C)C(C(=O)(OO))C(=O)C,-8.091110420093173,-7.2166386
C(=O)(OO)C(ON(=O)(=O))OOC(=O)C(=O)C(O)C(=O),-6.7534243535665155,-7.5952115
CC(=O)C(C(ON(=O)(=O))(C)C(O))C(ON(=O)(=O))C(=O)C(O),-7.27506146756059,-8.40616
C(=O)(O)C(=O)C(ON(=O)(=O))(C(O))C1OC1(=O),-6.247182000286557,-5.706388
C2(OO)C=CC(OO)(C1(O)C(=O)(OON(=O)(=O)))OOC12(O),-8.391002207550628,-8.103028
C1(=O)C(=O)C(OO)C(O)(C)C(OO)C1,-7.846340280389995,-8.815095
CC(=O)C(C(OO)C(=O)(O))OOC(=O),-7.096117572571529,-6.931164
C(=O)(OO)C1(OO)OC1(C(=O))C(=O)C(O),-7.36086332512059,-8.146661
C(=O)(OON(=O)(=O))C(OO)CC(C(=O))C(ON(=O)(=O))(C)C,-5.932901391748601,-5.8065042
CC(C(=O)(O))C(=O)CC(C(ON(=O)(=O)))C(ON(=O)(=O))(C)C,-7.703923885463155,-7.4236326
C2(O)(OO)C1OOC2(C(=O)(OO))C=CC1(=O),-8.103533702513232,-9.252118
C(=O)(O)C(OO)C(ON(=O)(=O))C(=O)OC(=O)C(=O),-7.000653054557915,-6.788247
C(=O)(O)C(ON(=O)(=O))C(O)(C)C(=O)CC(=O)(OO),-7.905114337696432,-9.264258
C(=O)(O)C(=O)C(=O)OC(OO)(C)C(=O),-5.834063469788816,-5.544193
CC(ON(=O)(=O))CC(ON(=O)(=O))CCC(=O)C(OO),-6.687567786069849,-6.6193957
C(=O)C1(O)OC1(N(=O)(=O))C(O)(C(=O)(O))C(OO)C(=O),-11.020568142743286,-10.291091
C1(=O)C(ON(=O)(=O))(C(O))OOC1C(=O)C(=O)(O),-6.431920832299511,-7.7217007
C(=O)(OO)C=C(OO)C(C(=O)(O))OOC(=O),-9.347070483672724,-11.750402
C(=O)(OO)C(ON(=O)(=O))(C(=O))C(O)C(=O)OC(=O)C(=O),-6.3249973349920765,-5.295721
C(=O)(N(=O)(=O))C1(O)OC1(C)C(O)C(ON(=O)(=O))C(=O)(OO),-7.7275993048388045,-8.004625
CC(OO)(C)C1(ON(=O)(=O))CC(=O)C(O)(C(OO))C(=O)C1,-9.513462714130583,-8.138544
C1(O)(O)C(C(=O)(O))OOC1(C(ON(=O)(=O)))C(O)C(=O),-10.973228420931264,-14.489736
C(=O)(N(=O)(=O))C1(OO)OC1C(O)C(=O)C(=O)(O),-7.975516396454623,-7.554644
C(OO)C(=O)C(N(=O)(=O))(OO)OC(=O)C(=O)(OO),-7.266189073397982,-7.4991155
C(ON(=O)(=O))C(OO)CCC(=O)CCC(=O)(OON(=O)(=O)),-6.746510963013861,-7.056112
C1(ON(=O)(=O))OC1C(OO)=C(C)C(=O)(O),-5.684743879468442,-5.0171566
C(ON(=O)(=O))C(=O)C(O)(C(=O)(O))OOC(=O)C(=O)C(=O),-7.2530125527773635,-7.6361837
C(=O)(O)C(=O)OOC(N(=O)(=O))(C(=O)(OO))C(=O)C(=O),-6.8514468352695985,-6.4825153
C(=O)(O)C1OOC(ON(=O)(=O))C1(O)C(=O),-5.85185635815651,-5.936171
C(=O)(O)C1(C(ON(=O)(=O)))OC1CC(=O)(OON(=O)(=O)),-5.622277469239634,-5.7617087
CC(OO)(C(=O)(OO))C1OC1(O)C(=O)(OO),-8.685902563203854,-10.665918
CC(=O)C(=O)C(OO)C(C(O))C(O)(C)C(ON(=O)(=O)),-9.168028419622715,-9.32867
C(=O)C1(OO)OC1(C(=O)(OON(=O)(=O)))C(O)C(=O),-4.93610331284799,-5.4034224
C(=O)(N(=O)(=O))C(=O)C1(C)OOC(OO)(C1(=O))C(=O),-4.662901792700723,-3.5102026
C(=O)(O)C(O)(N(=O)(=O))C(O)C(OO)OC(=O),-9.011768829815992,-10.020155
C(=O)(OON(=O)(=O))C(=O)C1OOC(C(=O)(OON(=O)(=O)))C1(O)C,-4.206657623930369,-3.6853385
CC1(C)C(OO)C(ON(=O)(=O))C1C(OO)C(=O),-7.139743640786037,-6.3411465
CC(=O)C(ON(=O)(=O))C(O)(C1(O)(O))OOC1C(=O),-8.037780794235005,-10.003597
C(=O)(O)C(=O)C1OOC(O)(C1(O))C(=O)(OON(=O)(=O)),-6.952364579134155,-6.510276
C(=O)(OO)C(O)(OO)C(ON(=O)(=O))C1(O)OC1C(=O),-9.356407409035455,-10.232566
C1(=O)OC1C(=O)CC(=O),-2.3826810100654257,-2.3015516
C(=O)CC(ON(=O)(=O))C(OO)(C)C(ON(=O)(=O))C(=O),-6.494012621911679,-6.400522
C(=O)(O)C(=O)C(ON(=O)(=O))(C)OOC(=O)C(=O),-4.9113407040749735,-4.2831125
CC(=O)C(=O)CC(=O)CC(OO)CC(ON(=O)(=O))C,-7.198513732622814,-7.2178683
CC(=O)COOC(=O)C(ON(=O)(=O))C(=O)(O),-5.622796090341581,-6.7059374
C(=O)(O)C1OC1C(ON(=O)(=O))(C(=O)(OO))C(O)C(=O)(OON(=O)(=O)),-8.243531384698144,-6.836775
C(ON(=O)(=O))C1(C(=O)(OO))OC1C(O)C(=O)(OON(=O)(=O)),-5.727128345355595,-6.654122
C(=O)(OON(=O)(=O))C(=O)C(C(OO))OOC(=O),-4.045332278437854,-4.8438716
C(=O)(O)C1OC1(C)C(=O)C(N(=O)(=O))C(=O),-5.916138443786622,-5.4089475
C1(=O)C(O)(C(=O)(N(=O)(=O)))OOC1(C)C(=O)(OO),-5.44054890042753,-3.405006
C(=O)(O)C(=O)C(O)(O)C(OO)(C(=O)(OON(=O)(=O)))C(ON(=O)(=O))C(=O),-9.11619656565017,-10.693213
C(=O)(OON(=O)(=O))C1OOC(OO)(C1(O)C)C(ON(=O)(=O))C(=O),-6.568580231480155,-6.7324524
C(ON(=O)(=O))C(=O)C(C(OO))OOC(=O)C(=O),-5.9386041876568925,-6.195194
C1(=O)CC(OO)CC(OO)C1(OO)C(ON(=O)(=O)),-8.662535075953201,-8.982493
C(=O)(O)C(OO)C(=O)C(O)(C)C(ON(=O)(=O)),-7.2710004016553285,-7.2475142
CC(OO)(C)C(C(O)(C)C(=O)(OON(=O)(=O)))CC(=O),-6.674433521107858,-6.6081195
C(=O)(N(=O)(=O))C1(OO)OC1(C(ON(=O)(=O)))C=CC(=O)(O),-8.022382529132301,-7.251761
C(=O)(OO)C1(O)C(OO)(C(ON(=O)(=O)))OOC1C(=O)(OON(=O)(=O)),-7.31973693609325,-6.1504436
C1(=O)OC1(C)C(O)C(=O)(OO),-5.384709168389236,-4.6401258
C(=O)(O)C(C(=O))=CC(=O),-4.4900581662332115,-3.8015256
C2(OO)C=CC(C1(=O))OOC12C(=O)(OON(=O)(=O)),-4.544025056384271,-4.046833
CC(OO)(C(=O)(OO))C(=O)C(=O)OC(=O),-5.5392884625907755,-5.0987644
C1(OO)OC1(O)C(ON(=O)(=O))C(O)C(=O)(O),-8.78699683699233,-8.128212
C(=O)(O)C(=O)C(ON(=O)(=O))(C(O))OOC(=O)C(=O),-7.038109528464702,-5.9828587
C2(=O)CC(=O)C(ON(=O)(=O))(C1(=O))OOC12C(OO),-4.540849146356777,-3.908882
CC(=O)C(O)CC(C(ON(=O)(=O))(C)C)CC(=O),-6.583335215491388,-6.364084
CCCCC(=O)C(ON(=O)(=O))CC(=O)(O),-5.255008360443753,-4.965566
C(=O)(O)C1OC1C(C(O))=CC(=O)(O),-9.139700631618325,-8.470828
C(=O)(O)CC(=O)CC(C(ON(=O)(=O))(C)C)C(=O)C(ON(=O)(=O)),-8.020597810831532,-8.732756
CC(O)CCC(OO)C(OO)=C,-7.006047197319276,-7.008985
C1(O)C(C(=O)(O))OOC1C(O)(C)C(=O)(OO),-10.738747728017188,-9.354735
C(OO)C(=O)C(=O)C(=O)OC(OO)C(=O)(OON(=O)(=O)),-5.431354002947046,-5.568458
C1(O)C(C(=O)(O))OOC1C(ON(=O)(=O))C(=O)C(=O)(O),-10.193487245051074,-11.02866
C(=O)(O)C(ON(=O)(=O))C(OO)(C)C(=O)CC(=O)(OO),-8.554211862712691,-8.6178255
C(=O)(O)C(O)C(OO)(C)C(C(=O))C(C)(C)C(=O),-10.145519286827039,-11.428876
CC(=O)C(ON(=O)(=O))C(C)(C)C(C(=O)(OON(=O)(=O)))C(OO)C(=O)(O),-8.190015740812669,-8.560784
C(=O)(O)C1C(ON(=O)(=O))C(OO)C1(C)C(OO),-8.293047434210166,-8.464836
C(OO)C(=O)C(=O)C(O)(C)C(ON(=O)(=O))C(=O)(OO),-7.388211260451499,-8.132342
CC(=O)C(=O)OC(=O)C(O)(N(=O)(=O))C(=O)(O),-5.213321136008744,-6.301261
C(=O)C1OC1C(C(=O))C(=O),-3.2451856270999997,-3.3022358
C(ON(=O)(=O))C(ON(=O)(=O))C(C)(C(=O))C(C(=O))C(=O)C(O),-7.646142658810277,-7.3184395
C(O)CC(O)C(ON(=O)(=O)),-4.4846108019701205,-4.4097004
C1(=O)C(=O)OOC(C(OO)C1(N(=O)(=O)))C(=O)C,-5.7601444671199715,-6.583237
C1(OO)OC1(C)C(ON(=O)(=O))C(O)C(=O)(O),-7.338653452348808,-7.2775717
C(=O)C(O)C1(O)OOC(O)(C(=O))C1(O)C(=O),-8.44401205829854,-5.238212
C(=O)(O)C(O)C(ON(=O)(=O))(C)C1(N(=O)(=O))OC1(O)C(=O),-8.554348730940546,-4.3308573
C(=O)(O)C(O)C(OO)C1OC1(OO)C(=O)(OON(=O)(=O)),-9.150241595198167,-7.976086
CC(=O)C(OO)(C(ON(=O)(=O))(C)C(ON(=O)(=O)))CC(=O)C(=O)(OO),-7.770219303423801,-9.717985
C1(O)C(=O)C(ON(=O)(=O))OOC(=O)C1(ON(=O)(=O))C,-3.735944750977069,-6.0198503
C(O)C(=O)C(OO)(C(ON(=O)(=O))C(=O)(O))OOC(=O),-8.805616146368266,-7.9423833
CCCC(ON(=O)(=O))CC(=O)C(=O),-2.4385242405587633,-1.8631526
C(=O)(OO)C(=O)OC(OO)C(=O)(OON(=O)(=O)),-4.338651226753427,-4.9958854
CC(OO)(C(=O)(OON(=O)(=O)))OC(=O)C(=O)(OON(=O)(=O)),-2.55972838818343,-2.6015391
C(O)C(ON(=O)(=O))(C(=O))C(O)(C1(O)(N(=O)(=O)))OOC1C(=O),-8.965052509396628,-8.916444
CC12OOC(C1(=O))C(=O)C(OO)C2(=O),-4.376242098998773,-3.3280823
C1(O)(O)C(ON(=O)(=O))OOC1(C(=O)(O))C(ON(=O)(=O))C(=O),-7.645672030550486,-9.911674
C(O)C(=O)C(=O)CC(ON(=O)(=O))(C(OO)(C)C)CC(=O)(OO),-9.827698426972347,-10.219258
C(=O)(O)C(=O)C(=O)CC(OO)OC(=O)C(=O),-7.547986027486331,-6.46194
CC(=O)OOC(OO)C(N(=O)(=O))(ON(=O)(=O))C(=O)(OO),-5.473483605830552,-5.300524
C1(=O)C(ON(=O)(=O))(C)OOC1(ON(=O)(=O))C(O)C(=O)(O),-6.1577364086551825,-5.6295033
C1(O)COOC1(N(=O)(=O))C(=O)C(=O)C,-3.7829036453513254,-3.5838223
CCC(OO)CC(=O)CC(ON(=O)(=O))C(OO)CC,-8.458011752936727,-7.6111975
C1(O)(O)C(C(=O))OOC1C(O)C(=O)C(=O),-8.94328057245366,-8.132235
C(=O)(OO)C(=O)C(ON(=O)(=O))(C)C1OC1C(=O)(OO),-7.0406310126963945,-7.0588574
CC1(C(=O))OOC(OO)(C1(O))C(ON(=O)(=O))C(=O),-7.0793015513518185,-6.507422
CC(ON(=O)(=O))CCCCCCC(=O)(OO),-6.155092463566689,-7.1581798
C(O)C(=O)OC(=O)C(=O)C(ON(=O)(=O))C(=O)(O),-6.466947786047967,-6.840456
C(O)C(OO)(C(ON(=O)(=O)))C(C(=O)(OO))CC(=O),-8.677092689889832,-9.166753
C(=O)(OO)C(=O)OC(N(=O)(=O))(OO)C(C)=CC(=O),-7.323759928833169,-9.264888
C(=O)(O)C(O)C(OO)(C)C1OC1(ON(=O)(=O))C(=O),-8.522683538652927,-7.8133807
CC(O)(C(OO))C(=O)CC(=O)CC(ON(=O)(=O))C(=O)(OON(=O)(=O)),-7.81758158123921,-8.090198
C(=O)(O)C(O)(N(=O)(=O))C(=O)C(OO)(C)OC(=O)C(=O)(OON(=O)(=O)),-7.413613927430561,-7.4252152
C1(OO)OC1C(OO)C(O)(C(=O))C(=O),-7.856352806011273,-8.366975
C(=O)(OO)C(ON(=O)(=O))C(C(ON(=O)(=O)))(C(=O))OOC(=O),-5.516973445031908,-4.5707808
C(=O)(O)C(OO)(C(ON(=O)(=O)))OC(=O)C(N(=O)(=O))C(=O)C(=O),-7.490980506929191,-7.151402
C(OO)C(ON(=O)(=O))(C(=O)(OON(=O)(=O)))C(O)C(O)OC(=O),-6.935761896362237,-7.1661844
CC(=O)C(ON(=O)(=O))(C1(C)C)CC1(O)CC(=O),-5.832222027293028,-5.842452
C(=O)(O)C(O)C(OO)C(=O)(O),-8.632281470821908,-9.034449
CC(OO)CC(=O)CCC(ON(=O)(=O))C(=O),-6.472304354803782,-5.8961573
C(=O)(N(=O)(=O))C(=O)OC(=O)C,-0.38258459632925224,-1.3042908
C(=O)(O)C(ON(=O)(=O))C(O)(C1(O))OOC1(C)C(=O)(OO),-9.922743744471518,-5.8144135
C(=O)(O)CC(ON(=O)(=O))C(C)(C(ON(=O)(=O)))C(C(=O))C(=O)C,-8.109807919077866,-7.9311895
CCC(O)CC(ON(=O)(=O))C(=O)C(OO),-6.30250214588159,-6.485706
C(O)C(ON(=O)(=O))C(C)(C(OO))C(=O)C(=O)(OO),-7.908477339646197,-9.234351
C(=O)(OO)C1OOC(ON(=O)(=O))(C1(=O))C(ON(=O)(=O))(C(OO))C(=O),-7.310248311459873,-6.9444947
CC1(C)OOC(C(=O)C)CC1(ON(=O)(=O))C(OO)C(=O)(OO),-7.934541392103711,-9.207883
C(=O)(OO)C(OO)C(O)(C(ON(=O)(=O)))C(ON(=O)(=O))OC(=O),-7.421190498382202,-6.98815
C1(=O)C(OO)OOC1C(OO)(C(ON(=O)(=O)))C(=O),-6.450167921833781,-6.553905
C1(=O)C(=O)OOC1(C)C(OO)C(=O)C(=O)(O),-6.968465851572546,-7.349523
C1(OO)OC1C(=O)C(=O)C(=O)C(=O)C(O),-7.193389071257116,-6.1970167
C1(O)C(ON(=O)(=O))C(=O)C2(C(ON(=O)(=O)))OOC1C2(=O),-5.283600671649765,-4.704875
CC(=O)C(OO)C(C)(C)C(C(=O)(OO))CC(=O),-8.397084129348514,-9.390871
C1(O)(O)C(N(=O)(=O))(OO)OC(=O)C(=O)CC1(=O),-7.4890967709507095,-9.352919
CC(OO)(C)C(C)CC(=O)C(=O),-4.3659863493921875,-4.0418973
C(O)C(C(=O)(OO))=C(=O),-4.707039733173588,-3.8815951
CC(ON(=O)(=O))C(OO)CC(=O)CC(=O)CCC(=O)(OO),-9.499246987179504,-8.500719
C(=O)(N(=O)(=O))C(=O)OC(O)C=C(C(ON(=O)(=O)))C(=O)(OO),-7.2439255391582265,-7.903326
CC(=O)C(C(=O)C(OO))CC(ON(=O)(=O))C(OO),-8.355118229013897,-8.335223
CC(ON(=O)(=O))(C(=O)(OO))C(OO)C(C)(C)CC(=O),-7.265183474049991,-6.1844525
C1(=O)C(=O)OOC1C(=O)C(=O)C(O),-4.8188861358758,-3.5293484
C(=O)(O)C(OO)C(ON(=O)(=O))C1(C)OC1C(=O)(OO),-8.933798159054277,-9.717757
C2(O)C(ON(=O)(=O))C(=O)C(C1(O)C(OO))OOC12,-7.939499871325097,-8.340828
C(OO)C(=O)C(=O)C(O)(C(O))C(=O)OC(=O),-7.44974234727124,-6.305254
C(=O)(O)C(OO)C(O)C1OC1(C(=O)(OO))C(=O),-10.971873713409877,-12.562263
CC(=O)C(ON(=O)(=O))C(=O)C(C(=O)(OON(=O)(=O)))C(O)(C)C,-4.233170260882616,-4.549675
C(O)C(=O)C(C(=O))CC(=O),-5.038433596888353,-5.295282
CC(O)(C(=O)(OO))C(=O)C(C)(C)C(C(ON(=O)(=O)))C(=O)(OON(=O)(=O)),-6.619452821523737,-5.2574735
CC(OO)CCCC(OO)C(OO),-7.780144192482112,-7.414675
CC(=O)C1C(=O)C(C(ON(=O)(=O))C(=O)(O))C1(C)C(OO),-8.779324394570722,-8.773095
C(=O)(OO)C(=O)C(ON(=O)(=O))(OO)C1(C)OC1C(=O)(OO),-8.616738526168774,-9.416733
C(ON(=O)(=O))CCC(O)CC(=O)CC(=O)(OO),-8.560605481758103,-8.716588
CC(=O)C(ON(=O)(=O))C(=O)C(O)(O)C(OO)C(=O)(O),-9.55973186212941,-13.048564
C(=O)(OON(=O)(=O))C(=O)C(=O)C(O)(O)C(=O)OC(=O),-4.022354691798682,-5.795807
CC(=O)CC(=O)C(ON(=O)(=O))CC(=O)CC(ON(=O)(=O)),-6.0635735248433775,-6.8747373
C(=O)(OON(=O)(=O))C(OO)=CC(=O)C(=O)(OON(=O)(=O)),-2.9851929290016415,-1.6849327
C(=O)(O)C1(N(=O)(=O))OC1(OO)C=CC(=O)(O),-8.32602149160084,-8.518587
C(=O)(O)C(OO)=CC(OO)OC(=O)C(ON(=O)(=O)),-9.071006166090228,-8.56556
C(=O)C(OO)C(=O)OC(OO)(C(=O))C(=O),-6.992429424943111,-6.383772
C(OO)C(=O)C(ON(=O)(=O))C(=O)C1OC1(ON(=O)(=O))C(=O),-5.129703272890765,-5.475733
C(=O)(N(=O)(=O))C(=O)OC(=O)C(=O)C(O)(C)C(=O),-3.6643870264269935,-3.0647578
C1(=O)C(=O)OOC1(OO)C(OO)(C)C(ON(=O)(=O))C(=O)(OON(=O)(=O)),-6.175580192782945,-5.9937024
CC(ON(=O)(=O))(C)OOC(C(=O)C)CC(=O)CC(=O),-5.136600985613768,-5.0396347
C1(ON(=O)(=O))OC1(OO)C(O)(O)C(=O)C(=O)C,-5.824921806986822,-6.846382
C(=O)(O)C(O)(C(=O)(OO))C1OOC(C1(O))C(=O),-11.113500608160393,-12.005753
CC(=O)C(ON(=O)(=O))CC(OO)C(ON(=O)(=O))(C)C(OO),-8.03419579770707,-7.926697
C(=O)C(O)(O)C(OO)(C)OC(=O)C(=O),-7.36578898127118,-9.01613
C1(OO)OC1C(=O)C(O)(C(OO))C(=O)(OON(=O)(=O)),-6.5219604736194015,-6.9720616
C(=O)(OO)C(ON(=O)(=O))(C(=O)(OON(=O)(=O)))OC(=O),-2.6270252222821,-2.4399738
C(O)C(=O)C(OO)C1OC1(N(=O)(=O))C(=O)(O),-8.688777435410884,-8.453058
C(=O)(O)C1(N(=O)(=O))OC1(OO)C(O)C(=O),-7.446010417712387,-8.536754
C(N(=O)(=O))(OO)C(=O)OC(OO)(C)C(=O)(OO),-6.165771413427137,-5.695767
CC(=O)C(O)C(OO)C1(N(=O)(=O))OC1(O)C(=O)(OON(=O)(=O)),-7.225842962445313,-8.982494
C(=O)(OO)C(N(=O)(=O))(OO)C(ON(=O)(=O))(OO)C1OC1(C)C(=O),-8.954652814885776,-9.769788
CC(=O)C1(O)OOC(ON(=O)(=O))(C1(=O))C(=O),-3.6011600169658777,-4.408794
CC(=O)C(OO)C1(O)OOC(ON(=O)(=O))(C1(O))C(=O)(OON(=O)(=O)),-6.950378818153695,-7.6377125
C(=O)(O)C(OO)C(C)(C(O))C(=O)CC(=O),-9.947399753120408,-9.735715
C(ON(=O)(=O))C1(ON(=O)(=O))OC1C(O)(OO)C(=O)C(O)C(=O),-8.2565499219927,-10.029931
CC(ON(=O)(=O))(C)C(OO)(C(ON(=O)(=O))C(=O)(OO))CC(=O),-7.4050868068407,-8.539403
CC(ON(=O)(=O))CC(O)CC(ON(=O)(=O))C(OO)C(=O)CC,-8.47785518188175,-9.202066
C1(=O)OC1(C(ON(=O)(=O)))C(O)C(ON(=O)(=O))C(=O)(OO),-6.649374691303819,-6.8583093
C(=O)(OON(=O)(=O))C=C(C(=O)(O))C1OC1(O)C(=O),-6.755401619888289,-7.9646664
C(=O)C(=O)C(=O)OOC(ON(=O)(=O))(C(=O)(O))C,-4.9113407040749735,-4.4391346
CC(=O)C=CC1OC1(OO)C(=O)(OON(=O)(=O)),-4.466595126774337,-4.255556
C(=O)(OO)C1OC1(N(=O)(=O))C(=O)CC(=O)(OON(=O)(=O)),-4.866752414844086,-4.9341764
C(=O)(OO)C1(N(=O)(=O))OC1(O)C(C(O))C(=O),-8.136982767326117,-10.034074
CC(=O)CC(OO)CCCC(OO),-7.002146540075046,-6.771294
CCC(ON(=O)(=O))CCC(O)C(=O)C(ON(=O)(=O)),-5.257897169849457,-5.984729
CC(ON(=O)(=O))CCCCC(=O)CCC(=O)(OO),-6.962258952666161,-5.739251
C(ON(=O)(=O))C(=O)C(C)C(ON(=O)(=O))CC(=O)(OO),-5.96536936143093,-5.1746926
C1(=O)C(ON(=O)(=O))OOC1(ON(=O)(=O)),-0.8683244626881788,-1.00563
CC(=O)CC(ON(=O)(=O))C(ON(=O)(=O))CC,-2.6395035584500874,-3.431428
C1(=O)C(N(=O)(=O))(OO)C(O)(C(=O)(OON(=O)(=O)))OOC(=O)C1,-4.956089854342281,-5.6244383
C1(O)C(=O)OOC1(OO)C(ON(=O)(=O))(C)C(=O)(O),-7.618211297780363,-7.94002
CCCC(O)CC(ON(=O)(=O))C(=O)CCC,-5.347092592553963,-4.4842715
C(=O)(OO)C(=O)C1(O)OC1C(ON(=O)(=O))C(=O),-5.849446085019736,-6.0087132
CC(=O)CC(=O)CCC(O)CCC(O),-8.242222915581806,-7.641794
C(=O)(O)CC(=O)C(OO)OC(=O)C(=O)C(=O)(OON(=O)(=O)),-6.892504881136119,-6.1354995
C(=O)(N(=O)(=O))C(=O)C(OO)(C(OO))OC(=O),-5.168460621469421,-4.964364
C1(OO)OC1C(OO)(C)C(O)(N(=O)(=O))C(=O)(OO),-8.659225456845888,-9.935457
C2(=O)C=CC(O)(C1(O))OOC12C(=O)(OON(=O)(=O)),-5.545724515024631,-6.3245387
C(O)C(ON(=O)(=O))(C(=O)(OO))C(OO)C(O)OC(=O),-9.116500542793801,-9.524923
C(=O)(OO)C1(O)C(=O)OOC1C=CC(=O)(OO),-8.76990738575114,-9.828701
C12OOC(OO)(C1(O))C(OO)C(OO)C2(O),-11.679445886424219,-9.545165
C(=O)(OO)C1OOC(OO)(C(=O))C1(O)C(=O),-7.540702262260311,-7.172039
CC(=O)CC(=O)CC(ON(=O)(=O))C(O)CC(OO)C,-9.389462448329141,-8.400418
C1(=O)COOC1(C(=O)(O))C(ON(=O)(=O)),-4.471785147914488,-4.432662
C(=O)(O)C(OO)C(O)C1OC1C(=O)C(=O)(O),-11.576192061304027,-11.875472
C(O)C1(ON(=O)(=O))OC1(OO)C(OO)C(=O),-7.0391499795005075,-7.1375604
C(OO)C(=O)C(N(=O)(=O))=C(OO)C(OO)OC(=O)C(=O),-10.096938094058714,-8.880169
C(=O)(OO)C(ON(=O)(=O))C(C)(C(=O)(OON(=O)(=O)))OOC(=O)C(=O),-5.20866315036983,-4.968033
CC(=O)OOC(ON(=O)(=O))(C(=O)(OO))C(ON(=O)(=O))C(=O),-5.0134711543687445,-5.2903323
CC(OO)CC(=O)CC(ON(=O)(=O))C(=O)CC(=O)(OO),-9.118618895852705,-8.451642
CC(=O)C1OC1C(ON(=O)(=O))C(O)(OO)C(=O)(OO),-8.24962070559559,-8.180836
C(=O)(O)C(=O)C(ON(=O)(=O))C1(C(OO))OC1C(=O)(O),-9.861197073743824,-9.660507
CC(=O)C(OO)(C1(O))OOC1(O)C(N(=O)(=O))(ON(=O)(=O))C(=O),-7.9423554949244135,-6.5120482
C(=O)(O)C1OOC(N(=O)(=O))(C1(O))C(=O)C(=O)(OO),-8.171247966998635,-9.102164
C(=O)(O)C1OC1(O)C(=O)C(O)C(=O),-7.892546795716044,-3.517529
C(=O)(OO)C1(OO)OC1(C)C(O)C(O)C(=O)(OON(=O)(=O)),-8.745411007006624,-9.388477
C(=O)(OON(=O)(=O))C(O)C(O)(O)C(=O)(OON(=O)(=O)),-4.348983473653789,-3.84471
C(OO)C1(O)C(=O)OOC1(O)C(=O)(OON(=O)(=O)),-5.398220008788485,-5.3578873
C2(=O)C(=O)C(=O)C(C1(O))OOC12C(O),-6.8918916413749685,-7.0524383
C12OC1C(=O)C(=O)C(=O)C2C(OO),-5.177112996861979,-7.064362
C1(=O)C(OO)(C(=O)(OON(=O)(=O)))OOC1C(O)(C)C(=O),-6.040479808409145,-5.932437
C(OO)C(=O)C(C)(C)C(C(OO))C(=O)(OO),-8.6982059283946,-8.8126135
CC(=O)C(=O)C(C)(C(OO))C(ON(=O)(=O))CC(=O),-6.598263056683209,-6.185605
C(=O)(O)C(O)C1(C(OO))OC1(ON(=O)(=O)),-6.972085277753649,-6.7108803
CC1(C)C(ON(=O)(=O))(C(=O)(O))C(OO)C1C(=O)C(ON(=O)(=O)),-7.682994663293357,-8.678682
C(=O)(OO)CC(C(O))C(ON(=O)(=O))(C)C(=O),-6.526515093071794,-5.73189
C(=O)(OO)C(ON(=O)(=O))C(OO)(C(=O)(OO))C1OC1C(=O),-9.56204492208417,-8.754887
C(=O)C(ON(=O)(=O))C(=O)C(=O)OC(=O)C,-2.543180303888221,-2.6031036
CCCC(ON(=O)(=O)),1.4341642748222512,0.24117528
C(=O)(O)C1OC1C(O)(OO)C(OO)C(=O)(OON(=O)(=O)),-9.294739917440893,-10.9161
CC(=O)C(=O)CC(C(OO)(C)C)C(ON(=O)(=O))C(=O),-6.622758118337515,-6.60251
CC(ON(=O)(=O))CC(=O)CCC(O)CCC(ON(=O)(=O)),-7.786379167391715,-7.6634607
CC(=O)C(ON(=O)(=O))CC(ON(=O)(=O))(C)C(=O)C,-3.284639329100173,-4.2048774
CC1(C(OO))C(ON(=O)(=O))(C(=O))CC1C(=O)C,-6.237175979127642,-5.751965
C(=O)C(O)C(=O)C(ON(=O)(=O))(C(=O)(OO))OC(=O),-5.773965633346961,-6.6378865
CC(=O)C(=O)CC(OO)C(C(OO))(C)C(=O)(OON(=O)(=O)),-7.624840609161765,-7.7000513
CC(ON(=O)(=O))(C(=O)(OO))C(N(=O)(=O))(C(=O)(O))OOC(=O)C(=O),-7.7285299444738484,-6.5068913
C(=O)(O)C(=O)C1(O)OOC(ON(=O)(=O))(C1(=O))C(=O),-5.473441087113315,-6.458297
C(=O)(OON(=O)(=O))C(ON(=O)(=O))C1(C(OO))OOC(C1(O)(O))C(=O),-8.900125291624136,-8.595949
CC(=O)C(=O)C(O)C(=O)CC(ON(=O)(=O))C(OO)(C)C,-7.562466883555317,-6.3575587
CC(=O)C(O)(C(ON(=O)(=O))(C)C(OO))CC(=O)C(=O)(OO),-9.169152414466225,-10.487369
C(=O)(OO)C(OO)=CC(=O)OC(=O)C(=O),-7.0326846565258165,-8.033748
C(ON(=O)(=O))C(ON(=O)(=O))(C(=O)(OO))C(O)C(=O),-4.943710621428181,-4.0659966
CC(C(=O)(OO))C(=O)CC(=O)(OO),-6.038296122860629,-5.2857227
C(=O)(OO)C1(O)OC1(ON(=O)(=O))C(O)C(=O),-6.355619199246576,-5.9931507
C(=O)(O)C(=O)OC(=O)C(O)C(OO)C(=O)(OON(=O)(=O)),-7.374958281325235,-6.9020567
C1(ON(=O)(=O))OC1C(O)(C(OO))C(=O)C(=O)(O),-7.6076095451790025,-7.493341
C(=O)C(=O)C(O)C(ON(=O)(=O))C(=O)OC(OO)C(=O),-6.858907290436036,-6.1507635
CC(=O)CC(OO)(C(O))C(=O)(O),-7.534114928166673,-7.535797
CC(=O)C(ON(=O)(=O))C(O)C1CC(ON(=O)(=O))C1(C)C,-5.722935949557723,-5.92681
CC(=O)C(C(ON(=O)(=O)))C(C)(C(O))C(=O)C(ON(=O)(=O)),-6.586370182914834,-7.1111073
CC(=O)C(C(ON(=O)(=O)))C(C)(C)C(=O)(OO),-4.6610250364065,-3.7505918
C(=O)(OON(=O)(=O))C(ON(=O)(=O))C(C)(C)C(C(=O))C(OO)(C)C(=O),-6.847331923221645,-6.598715
C(=O)C(=O)C(N(=O)(=O))(C1(O)(OO))OOC1C(=O),-5.416983546936535,-6.8833694
C(=O)C(ON(=O)(=O))(OO)C(=O)C1OC1(C(=O)(O))C,-6.819760520007549,-7.467639
CC(=O)C(=O)CC(OO)(C(ON(=O)(=O))(C)C)C(ON(=O)(=O))C(=O),-6.897008191011992,-5.9357715
CC(O)CC(OO)C(=O)CC(O),-7.9674334572519,-8.263042
C(=O)(O)C(O)(OO)C1OC1C(ON(=O)(=O))(C(O))C(=O),-10.883676218403707,-11.764972
C(=O)(N(=O)(=O))C1OC1C(O)C(=O)C(=O)(OO),-6.7597446267609484,-7.042717
CC(=O)C(OO)(C1(=O))OOC1C(N(=O)(=O))C(=O)(OO),-7.31192306623052,-6.523543
C1(ON(=O)(=O))C=CC(=O)OOC1(C(=O))C(=O),-4.5398813412029995,-3.955483
C(ON(=O)(=O))C(=O)C(C)(C(ON(=O)(=O)))OOC(OO)C(=O),-6.004398239350849,-5.4168415
CC(=O)C(=O)C(O)(O)C1(OO)OC1C(=O),-7.305845911116194,-5.751206
C(=O)(OON(=O)(=O))C(O)C(=O)C1OC1C(=O)C(=O),-4.276829909227672,-4.508178
CC(O)(C(=O)(OO))C(=O)CC(ON(=O)(=O))(C(=O))C(OO)(C)C,-9.244492132049345,-8.309307
CC(=O)C1OC1(O)C(=O)CC(=O)(OON(=O)(=O)),-4.120371499622706,-2.2155967
C1(O)C(=O)OOC1C(O)(C)C(O)C(=O)(O),-9.666858512417093,-10.017033
C(=O)(O)C(ON(=O)(=O))(C(OO))C(OO)(C(=O))C(=O)C,-8.906702587712061,-9.263235
C(=O)(O)C(O)C1(C)OOC(ON(=O)(=O))(C1(O))C(=O),-8.605288482427568,-7.495313
CC(=O)C(O)C(O)(C1(O))OOC1C(=O)(OON(=O)(=O)),-7.221921940908942,-7.1124525
CC1(C)C(=O)C(=O)C1(OO)C(ON(=O)(=O))(C)C(ON(=O)(=O))C(=O)(OO),-7.6523633589931706,-7.220303
C(=O)C(=O)C(O)(O)C(O)(ON(=O)(=O))C(=O),-5.619119245417096,-4.610306
CC(=O)OOC(O)(C(=O)(N(=O)(=O)))C(ON(=O)(=O))C(=O)(O),-6.524150214841939,-6.884315
C1(N(=O)(=O))(OO)OC1(OO)CC(=O),-5.558415816696652,-5.176677
C(O)C(=O)C1OC1(OO)C(=O)C(ON(=O)(=O)),-5.462833862442494,-7.036046
C(=O)(OON(=O)(=O))CC(O)C(=O)C(O)C(=O)(OON(=O)(=O)),-4.914162788834801,-4.9003797
CC(OO)CCC(ON(=O)(=O))C(ON(=O)(=O)),-4.537708271054726,-4.2651196
C(=O)(O)C(=O)C(=O)OC(=O)C(=O)(O),-5.806453505618265,-5.5479345
C1(O)C(O)(C(=O)(O))OOC1C(O)C(=O),-10.117279763035185,-10.619564
C(=O)(O)C(ON(=O)(=O))(OO)C(=O)OOC(=O),-5.213248902691703,-4.583957
C(O)C(OO)C(OO)(C)C(ON(=O)(=O)),-6.486217908899562,-6.7774754
C(=O)C(ON(=O)(=O))(OO)C(OO)(C)C(OO)OC(=O),-7.980693749130296,-9.903982
C(O)C(=O)C(ON(=O)(=O))C(=O)C(OO)OC(=O),-6.256533648531331,-6.0812736
C(=O)(OO)C(O)C(ON(=O)(=O))(C)C1OC1(OO)C(=O),-7.97876595944399,-7.3946395
C12(O)OOC(ON(=O)(=O))(C1(O)(O))C(ON(=O)(=O))C(O)C2(=O),-6.4981281622604,-6.5161037
C(O)C(=O)C1CC(OO)(C(=O))C1(C)C,-6.546022137794353,-6.150648
C1(O)C(O)(C(=O)(OO))OOC1(C(=O))C(=O)C(=O),-7.979649135693762,-8.135097
CC(=O)C(ON(=O)(=O))CC(=O)C(=O)CCC(ON(=O)(=O))C,-5.711318317524274,-5.2482553
C1(=O)C(=O)C(O)C2OOC1(OO)C2(O)(OO),-8.026827513862372,-9.118994
C1(O)(O)C(ON(=O)(=O))OOC1C(O)C(=O)(OON(=O)(=O)),-5.318596574095864,-6.8339353
CC(=O)C(=O)C(C(=O)(O))OOC(ON(=O)(=O))C(=O)(OON(=O)(=O)),-5.196373796548869,-5.551739
C(=O)(OON(=O)(=O))C(OO)=CC(ON(=O)(=O))(C)OC(=O),-4.236141546356521,-3.3599212
C(OO)C(=O)C1C(OO)C(ON(=O)(=O))(C(=O))C1(C)C,-7.812420060559816,-8.219511
C1(O)C(=O)C(OO)C(C)(C)C(OO)C1(OO)C,-9.3748445380661,-5.6505756
CC(=O)C(CC(=O)(O))C(O)(C(ON(=O)(=O)))C(ON(=O)(=O)),-8.466819459223188,-8.179192
CC(=O)C(O)C(O)(ON(=O)(=O))C(OO)C(=O)(OON(=O)(=O)),-6.088634807598282,-5.9117866
C(=O)(OO)C(=O)C(OO)C1(C(OO))OC1C(=O),-9.043391244344093,-10.258414
C(=O)(O)C1(O)OC1(C(=O))C=CC(=O)(O),-9.06893921838855,-9.992899
CC(=O)C(OO)CC(=O)CC(=O)C(OO)(C)C(ON(=O)(=O)),-9.227641879304429,-9.4338045
C1(O)(O)C(OO)(C(=O)(OON(=O)(=O)))OOC1C(O)C(=O)(OON(=O)(=O)),-7.67335530485434,-6.959772
C(=O)(O)C(C(=O)(O))=CC1OC1(O)C(=O),-9.857745451899973,-9.497805
C(=O)(O)C(C(=O)(OON(=O)(=O)))=C(OO)C(O)OC(=O),-7.832619781027461,-9.142433
C(N(=O)(=O))(OO)C(=O)C1OC1C(=O)(OON(=O)(=O)),-3.534197626668174,-3.6262882
C1(=O)C(OO)(C)OOC1(OO)C(ON(=O)(=O))C(=O)(OO),-7.685442280493589,-6.5025883
C(=O)(O)C(N(=O)(=O))(C(=O))OOC=CC(=O),-5.897884736412379,-8.234612
CC(OO)(C(O))C(CC(=O)(OON(=O)(=O)))C(ON(=O)(=O))C(=O),-7.97777004096497,-8.1855345
CC(=O)C1OC1(ON(=O)(=O))C(ON(=O)(=O))C(O)C(=O)(O),-6.7865046615370375,-7.2992268
CC(OO)(C(ON(=O)(=O)))C(=O)C(ON(=O)(=O))(C)C(=O)CC(=O),-6.718037401449692,-6.663009
C(=O)(OO)C(ON(=O)(=O))C(C(=O)(OON(=O)(=O)))OOC(=O)C,-4.7332374618563335,-3.6384106
C(ON(=O)(=O))CCC(O)C(OO),-5.147276226496615,-4.663085
C(ON(=O)(=O))C(=O)C(C(OO))(C(=O)(OON(=O)(=O)))C(=O)C,-4.932901507552742,-4.5595603
C(=O)(OON(=O)(=O))C(O)(N(=O)(=O))C(=O)C(OO)C(O)C(=O),-6.791140138026094,-7.0722885
CC(C)(C(=O)(O))C(=O)C(O)(C)C(=O)(OO),-7.1325821609352715,-5.9647346
C1(O)(O)C(=O)OOC1(O)C(OO)C(ON(=O)(=O))C(=O)(OON(=O)(=O)),-7.71233571452467,-7.2780323
C1(=O)OC1(C(=O)(O))C(OO)=CC(=O),-8.408900729886227,-7.8976593
CC(ON(=O)(=O))CC(ON(=O)(=O))C(O)C(=O)CC(OO)CC,-8.24693844320791,-8.0504675
C(O)C(=O)C(ON(=O)(=O))C(O)(C1(O))OOC1C(=O)(OON(=O)(=O)),-7.920400641502056,-8.26369
C1(=O)OC1(O)C(OO)C(=O)(OON(=O)(=O)),-4.287454373916262,-7.455539
C(O)C(=O)C1C(ON(=O)(=O))C(C(OO))C1(OO)C,-9.023053224045725,-10.932187
C(=O)(O)C=C(C(=O)(OO))C(=O),-5.710530491367535,-4.9227104
C(=O)(O)C1(OO)OC1(OO)C=C(C(=O))C(=O),-9.37856793890387,-9.845488
C(O)C(=O)C(=O)C(=O)C(=O)C(ON(=O)(=O))OC(=O),-4.838006926642265,-4.5812526
CC(=O)C=CC1OC1C(=O)(O),-5.3815385562047595,-5.1740427
C1(O)C(OO)C=COOC1(C(=O)(O))C(ON(=O)(=O)),-9.075809079771716,-9.541329
C1(O)(N(=O)(=O))C(=O)C(ON(=O)(=O))C2OOC1(OO)C2(=O),-4.9786054838768905,-5.1006618
C(=O)(O)C(C(OO))C(C)(C)C(=O)C(O)(C)C(=O),-9.970506242756528,-8.525327
C(OO)C1(C(=O)(OO))OOC(C1(=O))C(=O)(OON(=O)(=O)),-5.895831969472056,-7.3341427
C(OO)C(O)C(C(=O)(OO))(C)C(=O),-6.997592132920545,-5.8810334
C(O)C(OO)(C(=O)(OO))OOC(=O)C(ON(=O)(=O))C(=O)(OON(=O)(=O)),-7.528015013012919,-7.7603564
CC(=O)C(OO)(C1(=O))OOC1C(N(=O)(=O))(ON(=O)(=O))C(=O)(OO),-6.796182878140826,-7.8591266
C1(ON(=O)(=O))OC1(C(OO))C(=O)C(O)C(=O)(OO),-6.852813185061677,-7.5971932
C(=O)(OO)C1(OO)OC1C(=O)C(O)(C)C(=O)(OON(=O)(=O)),-6.795322832465899,-5.240302
CC(=O)C(C(=O)(O))C(C)(C)C(=O)C(ON(=O)(=O)),-5.714157612866984,-6.4911013
C(=O)(O)C=CC(=O)(OON(=O)(=O)),-2.498125791622442,-1.913925
C1(=O)C(ON(=O)(=O))C(=O)C(=O)OOC1C(=O)C,-3.847909636759141,-3.9970322
C1(=O)C(=O)C(=O)OOC(OO)C1(OO)C,-5.111563038433815,-5.0483694
C(=O)(OO)C(O)C1(O)OC1C(=O)(OO),-8.480264504622028,-7.6701527
C(=O)(O)C(=O)C(ON(=O)(=O))C(C(OO)(C)C)C(O)(C)C(=O)(OON(=O)(=O)),-9.317434216562106,-9.821268
CC1(C(=O)(OO))OOC(C1(O))C(O)C(=O),-8.622208451084589,-9.428272
CC(ON(=O)(=O))(C)OOC(ON(=O)(=O))C(OO)(C)C(=O),-4.411653675764683,-4.33831
C(=O)(N(=O)(=O))C(OO)C(O)(C)C(=O),-5.0364688180197845,-4.751335
C1(N(=O)(=O))C(=O)OOC(OO)(C)C(OO)C1(=O),-6.425072738569725,-6.322413
C(=O)(O)C(O)(C(OO))C(O)C(=O),-8.847047940689663,-10.099979
C1(=O)OOC(=O)C(=O)C(ON(=O)(=O))C1(OO)C,-4.0868108165268495,-3.6599276
CC(=O)C(=O)OC(OO)C(=O)C(O)(N(=O)(=O))C(=O)(O),-7.369843415352079,-7.8482313
C(ON(=O)(=O))C(OO)(C(=O))C(C(OO))CC(=O),-8.176540742326324,-8.033859
C(=O)(OO)C(O)C(ON(=O)(=O))C(=O)OC(=O)C(=O)(OON(=O)(=O)),-5.342581982007687,-5.2925253
C(=O)(O)C(OO)C(OO)(C(=O)(N(=O)(=O)))OOC(=O),-8.191523510929983,-8.30118
C(=O)(N(=O)(=O))C(=O)OC(OO)C(O)C(ON(=O)(=O))(C)C(=O),-6.496186311193014,-6.566331
C(=O)(O)C(OO)C(ON(=O)(=O))C1(C)OC1(OO)C(=O),-9.016290335188387,-9.170665
CC(ON(=O)(=O))(C)C(OO)(C(=O)C(ON(=O)(=O)))CC(=O)C(=O)(OO),-7.74813906887357,-9.84596
C(OO)C(=O)OC(OO)(C(=O)(OO))C(=O),-7.655676343492814,-6.000526
C(=O)(O)C(=O),-0.9654510236032365,-0.8750786
C(=O)(OO)C(ON(=O)(=O))C1(C(OO))OOC(C1(=O))C(=O),-7.5725988686863275,-8.341026
C2(=O)C(ON(=O)(=O))C(ON(=O)(=O))C(O)(C1(O)C)OOC12(O),-6.656054565446539,-8.458266
C(=O)(O)C(ON(=O)(=O))C(ON(=O)(=O))C(C(=O)(OO))(C)C(=O),-6.737106898086495,-6.6888742
C1(O)(O)C2(N(=O)(=O))OOC1(N(=O)(=O))C(OO)C(O)C2(OO),-10.620287885994912,-10.553701
CC(C(=O)(O))OOC(=O)C(=O)C(=O)(OON(=O)(=O)),-4.610012079672742,-3.8892443
C(=O)(OO)C=C(C(ON(=O)(=O)))C1OC1(O)C(=O),-7.9746015194032225,-5.543934
CC(O)C(OO)CC(=O)CC(=O)C(=O)CC(ON(=O)(=O)),-9.037049506809126,-8.495319
C(O)C(C(=O)(O))C1OC1(N(=O)(=O))C(=O)(O),-9.031851663312409,-9.3833
C(=O)(OON(=O)(=O))C=CC1(O)OC1(OO)C(=O)C(=O),-5.654867260607716,-6.1920633
C(=O)(O)C1(C(OO))OC1(O)C(=O)(OON(=O)(=O)),-6.2299515217819135,-6.747126
C1C(=O)C(O)(C)C(ON(=O)(=O))CC1(OO)C(ON(=O)(=O))(C)C,-7.402077736020146,-7.7206707
CC(ON(=O)(=O))(C)C(ON(=O)(=O))CC(=O)C(OO)(C)C(=O)(OO),-7.179524289469555,-6.397476
C(=O)(OO)C1OC1C=CC(=O)C(=O)(OON(=O)(=O)),-5.782251236487355,-6.3807697
C(=O)(OO)C(O)C(OO)(C1(O))OOC1(C)C(=O),-10.157731541348767,-8.79275
C(=O)(OO)C(N(=O)(=O))(OO)C(O)(C(=O))OOC(=O)C,-7.720195588928618,-8.860964
C(OO)C1(O)C(=O)OOC1C(N(=O)(=O))(OO),-6.5772370403356035,-6.1706643
C(ON(=O)(=O))C(=O)C(=O)C(O)(OO)C(ON(=O)(=O))OC(=O),-5.470384412637941,-5.7269855
CC(=O)OOC(OO)C(=O)C(=O)(OO),-5.578058425533527,-5.6724567
CC(=O)CC(O)CCC(OO)C(ON(=O)(=O)),-7.929527317199245,-8.06629
C1(O)(O)C(OO)OOC1(C(=O))C(O)C(=O),-8.934668752845027,-7.8152137
C2(=O)C(=O)C(=O)C(ON(=O)(=O))C1OC12(OO),-3.9320539732252655,-4.102848
CC(=O)C1(ON(=O)(=O))OC1(N(=O)(=O))C(=O)C(O)C(=O)(O),-6.300602119394171,-5.1468625
CC(=O)C(ON(=O)(=O))C(=O)CC(O)CCC(OO)C,-8.930524809489725,-7.830821
C1(OO)OC1C(O)(O)C(=O)C(=O)C(=O),-7.026060635005706,-4.996503
C(=O)(OO)C(N(=O)(=O))C(OO)OC(=O)C(=O),-5.873609940157621,-5.5010476
C1(O)(O)C(ON(=O)(=O))C(OO)C=CC1(=O),-7.048458126038895,-8.268139
C12(O)OC1C(O)(O)C(=O)C(OO)(C)C2(O),-8.517551101384015,-11.033936
CC(=O)C(OO)OOC(C)(C(=O)(O))C(C(ON(=O)(=O)))C(=O),-9.274975682550576,-9.726849
C(=O)(O)C=CC(OO)OC(=O)C(=O)C(=O)(OO),-10.07162303354562,-8.745856
CC(O)CC(ON(=O)(=O))C(=O)C(ON(=O)(=O))C(=O),-5.4955635506157705,-4.346589
CC1(C(ON(=O)(=O)))C(OO)CC1C(OO),-5.636112113948911,-5.638595
C(=O)(O)C(=O)C(O)C1(OO)OC1(OO)C(=O),-9.460974576595618,-11.233287
C(=O)(OON(=O)(=O))C(=O)C(OO)=C(N(=O)(=O))C1OC1C(=O),-6.54925446371999,-6.891767
C(=O)(O)C(OO)OC(=O)C(ON(=O)(=O))(C)C(=O)(OO),-7.743620654735423,-7.119296
C(OO)C(=O)C(O)C1OOC(ON(=O)(=O))(C1(O))C(=O),-8.990753853042406,-8.928111
CC(OO)(C(=O))C(O)C1OC1(OO)C(=O),-8.468382727260177,-8.010563
C(=O)(O)C(O)(C(ON(=O)(=O)))C(=O)C(=O)OC(=O),-5.010251679610519,-3.9858897
C1(O)C(C(=O)(O))OOC1(C(=O))C(OO)C(=O),-10.067340368834266,-10.752965
C(=O)(OON(=O)(=O))C(ON(=O)(=O))OOC(C(=O)(O))C(O)C(=O),-6.7382393522893835,-6.810172
C(=O)(O)C1(OO)OC1(N(=O)(=O))C=C(C)C(=O),-7.519371880003746,-7.777309
CC1(C)C(OO)C(ON(=O)(=O))C1C(ON(=O)(=O))C(=O)(O),-7.000418858238845,-7.080155
CC(OO)(C(=O)(O))C(ON(=O)(=O))(OO)C(=O)(O),-9.258356517948414,-9.746169
CC(O)(C(=O)(OO))C(=O)C=CC(=O),-6.0532622471873765,-5.77137
C(=O)(OO)C(=O)C(O)C1(C)OC1C(=O)(OO),-8.207257512716751,-9.451106
C(=O)(OO)C1(O)OC1(C)C(OO)C(=O),-7.151959813414578,-9.783583
CC(ON(=O)(=O))(C(=O)(O))C(=O)C(=O)C(OO)C(=O)(OON(=O)(=O)),-5.9121402613855025,-5.9287705
C(=O)(O)C(ON(=O)(=O))C1OOC(OO)(C1(=O))C(ON(=O)(=O)),-7.301623504561576,-6.356737
C(=O)(OON(=O)(=O))C1OOC(=O)C1(O)C,-2.809388980793301,-2.6409237
C(=O)(OON(=O)(=O))C=C(OO)C(=O)C(=O)C(=O),-3.6204839248275675,-3.371307
C(=O)(O)C1(C(OO))OOC(C1(=O))C(ON(=O)(=O))C(=O)(OON(=O)(=O)),-7.586598691588733,-8.336816
C1C(=O)C(OO)(C)OOC1C(=O)C,-4.804303384782543,-4.0085754
C(=O)(O)OC(=O)C(O)C(=O)C(=O)(OON(=O)(=O)),-4.707245004050492,-4.8764877
C1(O)C(OO)OOC1(C(=O)(OON(=O)(=O)))C(=O)C(=O),-5.062048829036939,-5.520018
CC(OO)(C)C(C(O)(C)C(=O)(OON(=O)(=O)))C(=O)C(=O),-6.127271327328344,-5.7597866
C(=O)(OO)C(OO)C(OO)(C(=O)(N(=O)(=O)))OOC(=O),-7.624617247904098,-6.4289894
C(=O)(O)C=CC1(ON(=O)(=O))OC1(C(=O)(O))C(=O),-7.7388233550409495,-7.233117
C(=O)(OO)C(=O)C(OO)C(O)(C(=O))C(=O)C(=O),-7.372645960760565,-6.3752995
C(ON(=O)(=O))C12OOC(C1(O))C(=O)C(ON(=O)(=O))(OO)C2(=O),-6.259566369240929,-5.544409
C(=O)(OON(=O)(=O))C1OC1(C(ON(=O)(=O)))C(OO)C(=O),-4.869595276784821,-4.514588
C(=O)(O)C1(ON(=O)(=O))OC1C(O)(C(=O)(OON(=O)(=O)))C(O)C(=O),-7.7080172571513685,-8.520559
C1(=O)C(=O)OOC1C(ON(=O)(=O))(C)C(N(=O)(=O))(OO)C(=O)(OO),-6.840392037098354,-7.4220963
C1(=O)C(=O)C(N(=O)(=O))C(=O)OOC1C(=O),-3.114882333433343,-4.3071632
CC1(C(=O))OOC(C1(O)(ON(=O)(=O)))C(=O)C(=O),-4.806192561176431,-5.852799
C(=O)(OO)C(O)(N(=O)(=O))C(ON(=O)(=O))(C)C1OC1C(=O)(OO),-8.282634820523526,-7.1994734
C1(OO)OC1(O)C(OO)C(=O)(OON(=O)(=O)),-5.007069993262121,-5.269521
CC(OO)(C(=O)(O))OC(=O)C(O)C(ON(=O)(=O))C(=O)(OO),-10.217679855137249,-8.913458
C(OO)C(=O)C1OC1(C(OO))C(=O),-6.772614632802288,-7.2910223
C(O)C(=O)C(O)C(=O)C(=O)OC(=O)C(=O)(N(=O)(=O)),-6.2604718608854455,-4.9416347
CC(=O)C(ON(=O)(=O))(C(ON(=O)(=O))(C)C)CC(=O)CC(=O),-5.216390619043523,-5.332442
C(=O)(O)C(O)(C(=O)(O))C(=O)OC(=O),-7.130603682122455,-8.173159
CC1(C(=O)(OO))OC1(OO)C(=O)CC(=O),-6.721785960307898,-6.4913535
C(=O)(O)C(O)C(O)C(=O)OC(=O),-6.70260142747793,-6.881723
C(=O)C(=O)C(O)(N(=O)(=O))C(ON(=O)(=O))(C)C(OO)C(=O),-6.796174554528989,-7.927064
c1c(O)cc(O)c(N(=O)(=O))c1,-6.602650281158276,-8.865156
C(=O)(O)C(OO)C(ON(=O)(=O))(C)OOC(=O),-5.877805422926031,-6.0489373
C(=O)C(=O)C(O)(C(=O))C(=O)C(=O),-3.262690036030108,-3.948714
C1(=O)C(=O)OOC1C(=O)C(N(=O)(=O))C(=O)C,-3.722042939720268,-3.9183447
CC(=O)C(=O)C(OO)C1(ON(=O)(=O))CC(ON(=O)(=O))OOC1(C)C,-6.684594226710033,-5.7155786
C(O)C(O)(C(=O)(OO))C(OO)C(C)(C)C(=O),-8.853121339943755,-8.306804
C(=O)(O)C(=O)OOC(=O)C(ON(=O)(=O))C(=O)C,-5.328060646155791,-4.7380657
C1(=O)C(=O)OOC1(O)C(ON(=O)(=O))C(=O)(OO),-5.217154941594345,-6.2238007
C12C(OO)C(C1(C)C)C(ON(=O)(=O))C(OO)C2(=O),-6.655990399158327,-7.931459
C(=O)(OO)C=CC(=O)OC(=O),-4.353298812216963,-2.6734593
CC(ON(=O)(=O))(C)C(C(=O)(OO))C(O)(C)C(=O),-6.163386810385418,-5.489271
C(=O)(O)CCC(OO)CC(ON(=O)(=O)),-6.809472133663803,-6.4950676
C(=O)(O)C1(C(=O))OC1C(N(=O)(=O))=C(OO)C(=O),-9.442796326089592,-9.608794
C(=O)(O)C(N(=O)(=O))(OO)OC(=O)C(=O)CC(=O),-6.8849592504084285,-7.734733
CC(=O)C(O)CC(=O)CC(OO)OOC(OO)(C)C,-10.049667074392346,-10.287058
C1(ON(=O)(=O))OC1C(OO)C(O)C(=O)C(=O),-5.859088420806074,-5.7086463
C(OO)C(=O)C1OC1(ON(=O)(=O))C(=O)(OO),-5.470666729801451,-6.375151
C(=O)(OON(=O)(=O))C(=O)CC(C(ON(=O)(=O))(C)C)CC(=O),-4.93656696713515,-5.5338182
C1(O)(O)C(OO)(C)OOC1(O)C(=O)(OON(=O)(=O)),-6.361847002393915,-6.938648
C(=O)(O)CC(=O)OC(OO)C(=O)(OO),-8.40276962146163,-8.7071295
C(ON(=O)(=O))C(=O)C1OC1(C(OO))C(=O),-4.968568977757968,-5.3729277
C(ON(=O)(=O))C(=O)OC(OO)C(=O)C(O)C(=O)(OO),-8.074123633305135,-8.136824
C(=O)(O)C(ON(=O)(=O))C(O)C1(C(=O))OC1C(=O),-7.488251559854689,-7.6090016
C(=O)(O)C(=O)C(O)(OO)C(O)(C)C(=O)C(=O),-9.369677195973054,-12.555719
C(=O)(O)C=CC1(O)OC1(OO)C(=O),-8.426568025268352,-7.6312847
C12OC1(OO)C(O)(O)C(=O)C(OO)(C)C2(O),-9.812998749705002,-7.872938
CC(ON(=O)(=O))(C(=O))C(C(=O)(OO))C(C)(C)C(=O),-5.593583346726518,-5.933023
C(=O)C(=O)OOC(C)(C(=O))C(=O)C(=O),-3.3987312439458037,-2.2979143
CC(=O)C(ON(=O)(=O))C(OO)(C)C(O)C(=O)(OON(=O)(=O)),-5.202311811179243,-5.474254
C(O)C(C(=O)(OON(=O)(=O)))C(O)(C)C(=O),-4.9257469633739674,-5.739784
C(O)C(=O)C=C(N(=O)(=O))C1(OO)OC1C(=O)(OON(=O)(=O)),-6.964791043727018,-7.1395383
C(=O)(N(=O)(=O))C(=O)OC(OO)C(=O)C(O)(C)C(=O)(O),-7.1765782752481755,-7.771399
C(=O)(O)C(=O)C(ON(=O)(=O))(C)C1OC1(ON(=O)(=O))C(=O),-5.175369203079754,-4.6178074
C1(=O)C2(O)OOC1C(OO)C(OO)(C2(O))C(=O),-9.86006448511398,-9.249548
C(=O)(OON(=O)(=O))C1(O)OC1C(=O)C(O)C(=O),-4.798664092981198,-7.020714
C1(=O)C(=O)OOC1C(ON(=O)(=O))C(=O)(O),-4.320409408843261,-4.905866
C1(ON(=O)(=O))OC1(C(OO))C(=O)(OO),-4.181641771658178,-5.9528275
C(=O)(OON(=O)(=O))C(=O)C(C(=O))OOC(=O)C(OO)C(=O),-5.524951336577942,-5.255787
CCCCC(ON(=O)(=O))CC(OO)CCC(ON(=O)(=O)),-6.459126450554322,-5.8333483
C1(=O)C(=O)OOC1C(=O)C(ON(=O)(=O))C(=O)(OO),-5.000948666896875,-3.493536
C(O)C(=O)C(C)C(=O),-3.3292970456277544,-3.372571
C(=O)(O)C(C)(C(=O))OOC=CC(=O),-6.020099910612771,-6.9057283
C(=O)(O)C1OOC(N(=O)(=O))(C1(O)(O))C(ON(=O)(=O))C(=O),-8.718393251005182,-10.140502
CC(ON(=O)(=O))C(OO)C(OO)CC(O),-7.336315047727112,-7.812629
C1(=O)C(OO)C(=O)C(ON(=O)(=O))(C)C(OO)C1(C)C,-6.822193848434836,-7.399305
C1(ON(=O)(=O))C=CC(O)(C2(O)(OO))OOC12(O),-8.086385804384918,-8.188527
CC(ON(=O)(=O))(C)C(C(OO)(C(ON(=O)(=O)))C(=O)(OO))CC(=O)C(=O),-9.027383964752516,-7.5552783
C(=O)(OON(=O)(=O))C(=O)OOC(C)C(=O),-1.9513344038641662,-1.734404
C(=O)(O)C(O)C1(ON(=O)(=O))OC1(OO)C(=O),-6.793716977168515,-7.1576614
C(=O)(O)C=C(OO)C1OC1(C)C(=O)(OO),-9.299158587404236,-9.509274
C(=O)C(=O)C(O)(O)C(ON(=O)(=O))C(OO)C(=O)C(=O),-7.951944834927417,-9.77303
C(=O)(O)C1(OO)OC1C(OO)(C(ON(=O)(=O)))C(=O),-8.731504470004438,-8.31112
C(=O)C(O)C(OO)C(=O)OC(=O)C(=O)C(=O),-6.565143621690368,-7.769271
C(O)C(ON(=O)(=O))(C(=O)(O))C(ON(=O)(=O))(C(=O))C(OO)(C)C,-8.78631111616778,-9.551692
C(=O)(O)CC1CC(ON(=O)(=O))C1(C)C(ON(=O)(=O)),-6.29876799108024,-5.66986
C(=O)(O)C(ON(=O)(=O))C(O)C1OC1C(=O)C(=O)(OO),-9.435098151145212,-10.178192
C1(O)(O)C(=O)OOC1(O)C(O)C(=O)(OO),-7.827795507575502,-9.284359
CCCCC(O)CCC(=O)C(OO),-6.521934192729532,-6.3054075
C(=O)(O)C1CC(OO)(C1(C)C)C(OO)(C)C(=O)(OO),-10.887716060151433,-8.152298
CC(OO)CC(=O)CC(ON(=O)(=O))C(=O)C(=O)C(O),-8.73503032593726,-10.142667
C(=O)(O)C(OO)C(C)(C)C(=O)C(=O)(OON(=O)(=O)),-5.619147401172086,-5.584481
C(O)C(O)(C(=O))C(OO)OC(=O)C(=O),-7.507568522552901,-7.5423965
CC(=O)C(C(=O)(O))(C)C(=O),-3.605034893971606,-3.6687543
C(=O)(OO)C(OO)C(O)C1OC1(C)C(=O),-8.371563229906315,-7.991
C12OOC(C1(O))C(=O)C(O)C2(=O),-6.029268932819832,-6.3983727
CC(=O)C(C1(C)C)CC1CC(=O)(O),-5.170135533895518,-5.2465386
C1(O)C2(O)OOC1C(ON(=O)(=O))C(ON(=O)(=O))(C)C2(=O),-5.716108177606657,-5.6402693
CC(=O)C(=O)OC(OO)C(=O)C(N(=O)(=O))(OO),-5.228153789026692,-5.491667
C(=O)(OON(=O)(=O))C(OO)C1OOC(O)(C1(=O))C(=O),-5.57922369296648,-5.4131227
C(=O)(OO)C1OC1(OO)C(OO)C(=O)C(=O),-7.958139873615437,-6.8991375
CC(O)C(=O)CC(=O)CC(O)CC(ON(=O)(=O))C(OO),-11.404075629507133,-12.038936
C(=O)(O)C(ON(=O)(=O))C(OO)(C(=O)C(=O))OOC(=O),-6.931739349973213,-6.8782
C(=O)(O)CC1C(OO)C(C1(C)C)C(=O)C(OO),-10.258843890776916,-10.496247
C(=O)C(O)C(OO)C1(C(=O)(O))OC1(OO)C(=O),-11.0050827755731,-11.218473
C(ON(=O)(=O))C(C(=O)(OO))C(=O)OC(=O)C(=O)(OON(=O)(=O)),-4.553931327231112,-4.840464
CC(C)(C(=O)(O))C(ON(=O)(=O))(C(=O))CC(ON(=O)(=O))C(=O)C,-7.659934917628561,-7.681034
C(O)C(=O)C(=O)C(O)(O)C(OO)OC(=O),-9.262242073964444,-6.1106434
C(=O)(O)C(O)C(OO)(C)OOC(=O)C(=O)(OON(=O)(=O)),-7.341048850441439,-7.139816
CC(OO)C(OO)(C)C(C(=O))C(=O),-6.806739854702755,-6.6109867
CC(OO)(C)C(OO)CC(=O)C(O)(C)C(=O)(O),-10.907387445826316,-9.795335
CC(ON(=O)(=O))(C(=O)(OON(=O)(=O)))C(OO)C(C)(C)C(C(=O)(O))C(=O),-8.51243146984416,-8.197492
C1(=O)C(C(=O)(OON(=O)(=O)))OOC1(C)C(ON(=O)(=O))C(=O),-3.434598424610158,-3.6755633
C1(O)C(C(=O)(O))OOC1(C)C(O)C(=O)(OON(=O)(=O)),-8.031567430240102,-8.025057
C(OO)C(=O)C1(N(=O)(=O))OC1(OO)C(=O)(OO),-6.956731754300563,-6.35153
C(=O)C1(ON(=O)(=O))OC1C(C(=O)(OON(=O)(=O)))=CC(=O),-3.652900418648642,-3.4579442
C(=O)(OON(=O)(=O))C1(C(=O))OC1(O)C(=O),-2.56364495397429,-0.8681024
C(=O)(OON(=O)(=O))C(OO)C(=O)C(=O)OC(=O)C,-3.437302860947966,-3.5770435
C(=O)(OO)C(=O)C1(C)OC1C(=O)(OON(=O)(=O)),-3.600563576866989,-2.7878125
C(=O)(OON(=O)(=O))CCC(=O)CCCC(=O),-4.545567707849841,-4.114994
C(=O)(O)C1OOC(N(=O)(=O))(C1(O)(O))C(ON(=O)(=O))(C(O))C(=O),-11.320240841763734,-9.260776
CC(=O)C(ON(=O)(=O))(C(O))C(ON(=O)(=O))(C)C(=O)(O),-6.445029366481322,-6.045836
CC(ON(=O)(=O))(C(=O))C(O)(OO)C1(N(=O)(=O))OC1C(=O),-6.900803346823523,-6.897546
C2(=O)C=CC(C1(O))OOC12C(OO),-6.651907367686363,-7.1728897
C(=O)(O)C1(N(=O)(=O))OC1(C(O))CC(=O)C(=O),-7.584149499529303,-7.871304
C(=O)(O)C(=O)C(ON(=O)(=O))C1OOC(O)(C1(O))C(=O)(OON(=O)(=O)),-8.226166786713293,-7.103674
C(=O)(N(=O)(=O))C1(O)OC1(C(ON(=O)(=O)))C(OO)C(O)C(=O),-8.870009164082148,-9.398005
C(=O)(O)C(ON(=O)(=O))CC(C(ON(=O)(=O))(C)C)CC(=O),-7.311807658745238,-8.176102
C(=O)(OO)C(O)C(ON(=O)(=O))(C(=O))C(=O)OC(=O),-5.352215385428281,-4.737146
C(=O)(N(=O)(=O))C(=O)CC1(O)OOC(=O)C1(O)C(OO),-8.512004201511445,-8.033472
C(=O)(O)C(ON(=O)(=O))C(N(=O)(=O))(OO)C(=O)(OO),-6.735633875210624,-5.894755
CC(=O)C(O)C(ON(=O)(=O))C1(N(=O)(=O))OC1(OO)C(=O),-6.584132377116475,-5.709609
C1(=O)CC(ON(=O)(=O))C1(O)C,-2.6179892426116567,-3.5375693
C1(=O)C(O)(N(=O)(=O))C(=O)OOC(ON(=O)(=O))C1(OO)C,-4.858772026680526,-5.5477386
CC(ON(=O)(=O))(C)OOC(C(=O)C)C(ON(=O)(=O))C(=O)C(OO)C(=O)(O),-8.92407631702008,-9.340748
C(=O)(OON(=O)(=O))C(O)(OO)C1(O)OC1C(O)C(=O),-8.23054997449799,-9.679215
CC(OO)CC(ON(=O)(=O))CC(=O)CC(=O),-6.645288287149015,-6.079293
C1(O)C(=O)C(=O)C(N(=O)(=O))C(=O)OC1(OO)C,-6.672222664245055,-9.05202
CC(=O)CC(=O)CCCCC(ON(=O)(=O)),-5.148328758910793,-3.6163259
C(=O)(O)C(=O)C(C(O))C(ON(=O)(=O))(C)C(OO),-8.936950781746418,-9.754735
CC(=O)C(=O)OOC(ON(=O)(=O))C(=O)C(=O)(OO),-4.774263449497084,-4.998735
C(N(=O)(=O))(OO)OOC(C(=O)(O))C(OO)C(=O),-8.78166939305811,-8.471812
C(O)C(=O)C1(N(=O)(=O))OC1(ON(=O)(=O))C(=O)(OO),-5.267321796662145,-5.6796255
C(=O)(N(=O)(=O))C(OO)C(O)(C(=O)(OO))C(=O),-6.257899352811364,-6.767047
C(=O)(O)C(N(=O)(=O))(OO)C(O)(O)C(=O)C(O)C(=O)(OON(=O)(=O)),-9.63095047778188,-5.9615035
C1(O)C(ON(=O)(=O))C(ON(=O)(=O))C(=O)OOC1(O)C(=O)(O),-8.514964889862313,-9.866978
C(=O)C(=O)C(O)C(OO)C(=O)OC(=O)C(=O),-6.565143621690368,-5.9338255
CC(=O)C1(OO)OC1C(=O)C(=O)C(=O)(O),-6.854452930296247,-6.507895
CC(=O)C(OO)C(=O)C1OC1(OO)C(=O)(O),-8.583582482940983,-9.514159
C1(O)C(OO)(C(=O))OOC1(C(OO))C(O)C(=O),-11.337648283173621,-11.769726
CC(OO)(C)C(ON(=O)(=O))(CC(=O)(O))CC(=O)C(=O)C(OO),-11.054926766675635,-12.481997
C(=O)C(O)C(O)(C)C(=O)OC(=O),-4.656639205837564,-4.259068
CC(=O)C(=O)C(ON(=O)(=O))C(=O)C(=O)(OO),-3.9375110651599243,-4.269549
CC1(C)C(ON(=O)(=O))(C(=O)C(O))C(ON(=O)(=O))C1CC(=O)(O),-7.932873243436916,-5.3687515
C(ON(=O)(=O))C(OO)CCCCC(=O)(OO),-7.703025407830864,-5.0294313
C1(O)C(OO)C(ON(=O)(=O))C2(C)OOC1C2(=O),-6.3160878398157365,-5.7795763
C(=O)(N(=O)(=O))C1(O)OC1C(O)C(OO)C(=O)(OO),-9.731541292676411,-9.434449
C(ON(=O)(=O))C(OO)(C(=O))C(=O)C(O)(O)C(=O)OC(=O),-8.092510890881385,-6.877826
C1(=O)C(ON(=O)(=O))OOC1(ON(=O)(=O))C(OO)(C)C(=O),-4.056366184737271,-4.2080746
CC(=O)C(=O)CC(ON(=O)(=O))(C(OO)(C)C)C(O)C(=O)(OON(=O)(=O)),-7.329446263702266,-7.5737076
C(ON(=O)(=O))C(ON(=O)(=O))C(O)(C(=O)(OO))C(=O)C(=O)C,-5.341718094507087,-6.033587
C(OO)C(=O)C(ON(=O)(=O))(C(=O)C(=O)(OO))OOC(=O),-6.5333078587464115,-7.1103873
C(=O)(N(=O)(=O))C(OO)C(O)(C)C(=O)(O),-6.4868622629619495,-7.1151533
C1(O)(OO)C(N(=O)(=O))(OO)OOC1(C)C(=O),-6.758847699402395,-6.719327
CC(=O)C(=O)C(C)(C(ON(=O)(=O)))C(ON(=O)(=O))(C)C(=O),-4.028071177108359,-4.0605903
CC1(C)C(C(=O)(O))C(ON(=O)(=O))C1C(OO)(C)C(=O)(OON(=O)(=O)),-7.584950787717389,-7.9050016
CC(=O)C(C(=O)(O))OOC(=O)C(OO),-7.39349145579763,-7.167736
CC(=O)C(O)C(OO)C(C(=O)C)CC(=O)(O),-10.078358258160733,-10.515467
C(=O)C1OOC(O)(C(=O)C(=O))C1(O)C,-6.509723444280098,-8.9196615
C1(=O)C(C(=O)(O))OOC1(C(O))C(ON(=O)(=O))C(=O),-7.722597488420433,-7.5115333
CC(=O)C(ON(=O)(=O))CC(OO)(C(OO))C(C)(C)C(=O)(OO),-9.818606948567322,-8.099069
C(=O)(OO)C1(O)C(C(=O))OOC1C(O)C(=O),-9.40734178468847,-9.550116
C(O)C1(C(=O)(O))OC1(O)C(N(=O)(=O))=CC(=O)(OON(=O)(=O)),-8.779279306636454,-9.091755
CCCC(O)C(=O)CC(=O)CC(=O)C,-4.535028812118981,-5.2949033
CC(OO)(C(OO))C(ON(=O)(=O))(C(=O))C(=O),-6.399961683011497,-6.43615
C(=O)C(=O)C(=O)C(O)(O)C(N(=O)(=O))(OO)OC(=O),-6.543356890968425,-7.813484
C(=O)(OON(=O)(=O))CC(OO)C(C)(C(OO))C(C)C(=O),-8.535404712325544,-8.849048
C1(OO)OC1C(O)C(OO)(C(OO))C(=O)(OON(=O)(=O)),-8.510984477998136,-8.24851
C(=O)C(ON(=O)(=O))C1(O)OOC(OO)C1(O)C(=O),-7.12786627146852,-5.244765
CC(=O)C(C(=O)(OON(=O)(=O)))C(C)(C)C(O)CC(=O)(OON(=O)(=O)),-5.16363037192059,-6.1846356
C(=O)(O)C1(O)OC1C(O)C(ON(=O)(=O))C(=O)C(=O)(OO),-10.389673929246783,-11.931535
CC(ON(=O)(=O))CC(=O)CC(ON(=O)(=O))C(=O)C(=O)CC(O),-7.564498196374188,-8.486837
C12OOC(C2(O)(OO))C(ON(=O)(=O))C(O)(OO)C1(=O),-8.821115363098215,-9.2509165
C(=O)(O)C=CC1(N(=O)(=O))OC1(O)C(=O)(OO),-8.425644367394852,-7.2556777
C(O)C(ON(=O)(=O))(C(=O)(OON(=O)(=O)))C(=O)C(=O),-2.6888709623235627,-2.402305
C(OO)C1CC(OO)(C(=O)(OO))C1(C)C,-7.2344661706993065,-8.016663
CC(O)CCC(=O)CC(=O)CCC(OO),-8.702777323491318,-7.5942116
CC(OO)C(ON(=O)(=O))CC(=O)C(=O),-4.947068991466949,-4.158458
CC(OO)C(C)(C)C(C(=O)(OO))C(=O)(OON(=O)(=O)),-5.365759172036633,-6.528725
CC(C(=O)(OO))C1(N(=O)(=O))OC1(O)C(=O)(OO),-7.441540737658215,-4.868966
CC(=O)C(=O)C(OO)CC(OO)(C)C,-6.304723569948692,-6.35337
C1(=O)C(=O)CC(=O)C(=O)C1(OO)C(ON(=O)(=O)),-5.5043327197563485,-6.0600038
CC(=O)C(OO)(C1(C)C(ON(=O)(=O)))CC1(ON(=O)(=O))C(OO),-7.7066108146063925,-7.9152565
C12OOC(C2(=O))C(ON(=O)(=O))C(OO)(C1(O))C(=O)(OON(=O)(=O)),-5.725017851884331,-5.9717665
C(=O)(OO)C(=O)OOC(C(=O))C(=O)C(=O),-5.199462371860136,-5.051282
C(=O)(OON(=O)(=O))C(=O)C(O)C1OOC(C1(O)(OO))C(=O),-8.072950351543113,-6.5217676
CC2(O)C(=O)CC1CC2(ON(=O)(=O))C1(C)C(ON(=O)(=O)),-5.573898480830394,-5.4169154
C(O)(N(=O)(=O))C(=O)(OO),-2.2135302979550033,-3.4828353
C(=O)(N(=O)(=O))C1(O)OC1(C)C(OO)C(=O)(OON(=O)(=O)),-4.96659751531115,-5.2290025
CC(OO)(C)C(C(=O)C(O))C(OO)C(=O)(O),-10.818541498785635,-11.584244
C(=O)(OO)C(=O)C(OO)OC(=O)C=CC(=O),-8.039037610560626,-8.136844
C(O)C(ON(=O)(=O))(C(=O)(O))C(C(ON(=O)(=O)))C(=O)C,-7.207287181634456,-7.6664515
C(=O)C=C(C)C(=O)C(=O),-1.5638161627102818,-1.6433051
C(=O)C(=O)C(=O)C(OO)(C1(=O))OOC1C(=O),-5.078107734363584,-5.527205
C(=O)(O)C(=O)OC(OO)C(ON(=O)(=O))(C(ON(=O)(=O)))C(=O)(OO),-8.221423246181075,-8.574894
C1(=O)OC1C(ON(=O)(=O))C(OO)(C)C(=O)(OON(=O)(=O)),-4.206259024980682,-3.6808767
C1(OO)OC1(C)C(O)C(ON(=O)(=O))C(=O),-5.764937403855583,-5.7382545
C12(O)OOC(O)(C1(O)(N(=O)(=O)))C(=O)CC2(OO),-8.951993335685984,-6.503211
C(=O)(OON(=O)(=O))C(=O)OC(OO)(C(=O))C(=O)CC(=O),-5.022257247117523,-5.3770733
C(=O)(O)C(=O)C1(O)OC1(O)C=CC(=O),-8.722725823645305,-9.38322
C(ON(=O)(=O))C(=O)C(=O)C(=O)C(=O)C(=O)(OON(=O)(=O)),-2.7250892318006663,-2.0337644
C(=O)(OON(=O)(=O))C(ON(=O)(=O))C(OO)C(C)(C)C(C)C(=O),-5.658354206287186,-5.585554
C(=O)(O)C(OO)C(O)(C)C(=O)C(=O)C(=O),-7.9299236226324865,-7.406648
C1(O)(O)C(=O)OOC1C(OO)C(ON(=O)(=O))C(=O)(OO),-9.781185725285468,-7.1774917
CC(ON(=O)(=O))(C(O))C(OO)CC(=O)C(=O),-7.062976074688777,-6.8452353
CC(=O)CC(ON(=O)(=O))CC(=O)C(ON(=O)(=O))CC(=O)(O),-8.023123041937652,-8.666253
C(=O)(N(=O)(=O))C(=O)C(=O)OC(OO)(C)C(=O)(OO),-5.181900555373431,-3.671117
CC(=O)C(=O)OOC(C(=O)(OON(=O)(=O)))C(O)C(=O),-4.776237255031447,-5.312206
C(=O)(O)CC(=O)C(OO)CC(=O)CC(ON(=O)(=O)),-9.114343672834366,-9.89006
C(=O)(O)CC(OO)C(O)(C)C(=O)C(=O)(OON(=O)(=O)),-7.70528245386231,-6.927415
C(ON(=O)(=O))C(=O)C(OO)(C)C(C(=O))C(ON(=O)(=O))(C)C,-6.484450319705502,-7.608425
C(=O)(O)C(O)C(O)(C(=O)(OO))OOC(=O),-9.511733176408598,-9.706476
C(=O)(O)C(C(=O)(O))C(C)(C)C(=O),-6.651886415955232,-6.943619
CC(=O)C(=O)C(=O)C(ON(=O)(=O))(C)C(OO)(C(ON(=O)(=O)))C(OO),-7.642159317903861,-7.122361
C(=O)(OON(=O)(=O))C(ON(=O)(=O))C(OO)C(O)(C)C(C(=O))C(=O)C,-7.362994199669629,-7.86435
C(=O)(OON(=O)(=O))C(O)C(C(=O)(OO))OOC(=O)C(=O),-6.484971035264607,-6.8089185
C(=O)(O)C(OO)C(=O)C(=O)OOC(=O),-6.35526801510423,-5.3253694
C(=O)(OO)C(N(=O)(=O))C(=O)C1(C(O))OC1C(=O),-7.366032505819021,-6.7505426
C(=O)C(=O)C(O)(O)C(N(=O)(=O))(OO)OC(=O),-6.4596004437880765,-5.7651534
C(=O)(O)C(=O)C(O)C(=O)OC(=O)C(=O),-5.883719436333195,-5.1910725
C(=O)(O)C(C(=O))OOC=CC(=O),-5.806912687541626,-7.0270348
CC(O)(C(=O)(O))C(C(ON(=O)(=O)))C(=O)C(ON(=O)(=O)),-6.927245934955863,-6.0880947
C(=O)(OO)CC(=O)C1(OO)OC1(ON(=O)(=O))C(=O),-6.243594507111993,-5.514931
C(=O)(O)C(=O)CC1OC1C(=O)(O),-7.424505372135172,-7.4609075
C1(=O)CC(OO)(C(OO)(C)C)C(ON(=O)(=O))C(=O)C1(ON(=O)(=O))C,-8.110925169654365,-7.9600906
C(=O)(O)C(OO)(C(=O))OC(=O)C(ON(=O)(=O))C(=O),-6.876794433093892,-7.1436963
CC(=O)C(O)C(ON(=O)(=O))C(OO)CC(=O)(OO),-8.618243009379512,-8.906935
C(=O)C(=O)C(O)(O)C(N(=O)(=O))(OO)C(OO)C(=O)C(=O),-9.552889985076035,-8.955597
C1(=O)C(O)(O)C(OO)OC(=O)C(ON(=O)(=O))C1(ON(=O)(=O))C(O),-8.785463125062961,-9.026985
C(=O)(O)C(N(=O)(=O))=CC1(C(OO))OC1C(=O)(O),-10.030696352121595,-10.353917
C(ON(=O)(=O))C(=O)C(C)(C(O))C(ON(=O)(=O))(C(=O))C(=O)C,-6.511482196769066,-6.8325925
C(=O)(O)C(O)C(OO)(C)C1(O)OC1C(=O)(OON(=O)(=O)),-9.221738819229358,-7.073025
C1(ON(=O)(=O))C(OO)OOC(=O)C(OO)C1(ON(=O)(=O))C,-5.852719786420494,-5.150355
C1(=O)OC1(OO)C(=O)C(O)C(=O)(O),-7.573973445159936,-8.649301
C(=O)(O)C(=O)C(O)(OO)C(=O),-5.724178309450508,-5.84015
C1(=O)OC1C(O)C(ON(=O)(=O))(C(OO))C(=O),-6.642430926262023,-6.7928405
C12OOC(C1(O))C(OO)C(O)(OO)C2(N(=O)(=O))(ON(=O)(=O)),-9.063418075384106,-9.051627
C(O)C(ON(=O)(=O))(C(=O)(OO))C(=O)C(=O)C(=O),-5.183001381072245,-5.0198374
CC(OO)(C)C(OO)CC(=O)C(=O)(O),-8.881226471483387,-8.558839
C1(O)(O)C(N(=O)(=O))(OO)OOC1(C(O))C(=O),-8.909169945389294,-7.871638
CC(=O)CCC(=O)C(ON(=O)(=O))C(=O)CC(OO)C(O),-9.101388752715138,-8.792783
C(O)C(OO)(C(=O)(OO))C(ON(=O)(=O))C(=O)OC(=O)C(=O),-8.068183329211024,-8.883052
C(O)C(=O)OOCC(=O)(OO),-5.508287182292406,-6.960329
C(O)C(O)(C(=O)(OO))C(OO)C1OC1C(=O),-9.77036199068607,-9.77736
C(=O)(O)C(C(=O)(OON(=O)(=O)))OOC(=O)C(=O)C(=O),-4.847276457770931,-4.6882944
C12OC1C(O)(O)C(=O)C(OO)(C)C2(O),-8.37362824965021,-6.3203635
C1(=O)OC1C(O)(O)C(=O)C(ON(=O)(=O))(C)C(=O)(O),-7.572112169411412,-7.281966
C(=O)(O)C(=O)C(ON(=O)(=O))C1(O)OC1C(=O)(OO),-7.806602529173688,-7.1366487
CC(=O)C(=O)CC(ON(=O)(=O))C(OO)(C)C,-4.880998098582495,-4.3041053
C(=O)(O)C(=O)C(=O)C(O)C(ON(=O)(=O))(C)C(=O)(OON(=O)(=O)),-5.420608304695634,-5.966186
CC(=O)C(N(=O)(=O))(OO)OC(=O)C(OO),-5.195717861544836,-4.704715
C(=O)(O)C=CC(OO)(C(=O)(O))OC(=O),-9.515054031038744,-9.381485
C(=O)(OO)C1(N(=O)(=O))OC1(O)C(=O)CC(=O),-5.900899997039232,-5.5941424
CCC(=O)CC(ON(=O)(=O))CCC(=O)C(ON(=O)(=O))C,-4.9450747429946205,-5.7353954
CC(=O)C(OO)C(O)C(=O)C(O)C(=O)(OON(=O)(=O)),-7.010698997350119,-6.351134
C(ON(=O)(=O))C(=O)C(C)(C)CC(=O)(OON(=O)(=O)),-2.979994486337091,-3.2437956
C(O)C(=O)OOC(ON(=O)(=O))(C(=O))C(=O)C(=O)(O),-6.874316419183742,-6.3031764
CC(=O)C(=O)OOC(OO)(C(=O)(OON(=O)(=O)))C(ON(=O)(=O))C(=O),-5.06738651867272,-6.3037033
C(=O)(O)C(=O)OC(=O)C(ON(=O)(=O))C(=O)(OON(=O)(=O)),-3.583920717534056,-3.5714362
C1(O)(O)C(=O)OOC1C(O)C(ON(=O)(=O))C(=O)(OON(=O)(=O)),-6.840008238956216,-6.041041
C(=O)(O)C(O)C1(O)OC1C(=O)(OO),-9.223274398002104,-8.986551
C(=O)(OON(=O)(=O))C(O)(O)C1(C(O))OC1(O)C(O)C(=O),-8.4704930424341,-10.485408
C(=O)(N(=O)(=O))C(=O)OC(=O)C(OO)(C)C(=O)C(=O),-4.019752135402086,-4.0421276
C(=O)(O)C(OO)C(ON(=O)(=O))(C1(O)(O))OOC1(N(=O)(=O))C(=O),-9.604389958501997,-10.246425
C(O)C1(O)C(=O)OOC1(OO)C(ON(=O)(=O))C(=O),-7.040450667809637,-8.288442
CC(=O)C1CC(C(=O)(OON(=O)(=O)))C1(O)C,-4.253953514205932,-4.403353
CC(ON(=O)(=O))(C(=O)(OO))C(C(=O)(O))C(ON(=O)(=O))C(=O),-6.737106898086495,-7.229548
C(O)C(=O)OC(OO)C(=O)C(N(=O)(=O))(ON(=O)(=O)),-5.404159030345909,-5.491887
C(OO)C(=O)C(C)(C)C(ON(=O)(=O))(C(=O)(O))CC(=O)(OO),-10.121757902808895,-10.419907
C12OOC(OO)(C1(O))C=CC2(=O),-5.959488712480379,-6.2239995
CC(=O)C(OO)(C(ON(=O)(=O)))C(C)(C)C(=O)CC(=O)(OO),-7.971211094747559,-8.070704
C(=O)(O)C(N(=O)(=O))C(OO)OC(=O)C(=O),-6.17902662922279,-6.0246906
C1(=O)OC1(C(O))C(OO),-4.951138493212056,-4.3258634
C(O)C(=O)C(=O)C(N(=O)(=O))C(=O)OC(=O)C(=O),-5.018230007932289,-4.550988
C(=O)(O)C1OC1(OO)C(O)C(OO)C(=O)C(=O),-10.919255473083467,-10.479086
CCCCCCCCC(=O)(O),-3.9611527754896088,-3.2603076
C(=O)(N(=O)(=O))C(O)C(OO)(C)C(=O)(OO),-5.85791317269468,-6.7966056
CCCCC(=O)CC(=O)CC(OO)C(OO),-8.127585462800198,-7.5804048
CC(=O)CC(ON(=O)(=O))C(ON(=O)(=O))CC(O),-5.41302323967102,-5.8488846
CC(=O)C(ON(=O)(=O))CCC(=O)CC(OO),-6.240302473874181,-6.2044206
C(ON(=O)(=O))C(OO)(C(=O)(OO))OC(=O)C(=O)C(=O),-5.940225525944697,-5.113306
C1(=O)OC1C(ON(=O)(=O))(C(=O)(OO))C(O)C(=O)(OO),-8.18560393169173,-7.7588654
C(O)C(=O)C(OO)OC(=O)C(ON(=O)(=O))C(=O)(OO),-8.202498052567535,-8.180399
C(O)C(=O)C(ON(=O)(=O))C(C(=O)(O))OOC(=O)C(=O)(OON(=O)(=O)),-7.833704212069279,-8.33448
C12(O)OOC(OO)(C1(O))C=C(N(=O)(=O))C2(=O),-8.175202522077598,-6.8587203
C(=O)(OO)C1OC1(OO)C(C(=O)(OON(=O)(=O)))=CC(=O),-6.805323428561678,-6.745771
C(ON(=O)(=O))CC(=O)C(ON(=O)(=O))C(=O)CCC(=O)(OO),-6.965310946059617,-6.3554354
C(OO)C(=O)C(=O)C(C(O))(C)C(=O)(OON(=O)(=O)),-5.608110020730237,-5.552394
CC(=O)C1CC(OO)(CC(=O)(O))C1(C)C(=O),-8.775103474130447,-8.753856
CC(=O)CC(O)CCC(ON(=O)(=O))CC(=O)C,-6.741115474567778,-7.3634825
CC(=O)C(=O)C(O)C(OO)OC(=O)C(=O)(OO),-8.030667583996546,-7.8004065
CC(ON(=O)(=O))C(=O)C(C)(C)C(ON(=O)(=O))(C(=O)(O))C(=O),-6.0821640235772065,-7.242393
C(O)C(=O)C1OOC(O)(C1(O)(N(=O)(=O)))C(=O)C(=O),-8.125241253441345,-6.0930433
C(=O)(OON(=O)(=O))C1OC1C(ON(=O)(=O))C(OO)(C)C(=O),-5.139763016097277,-5.255572
CC(=O)C(C(=O)C)CC(OO),-4.188901978253853,-3.736672
C(=O)(OO)C(O)(N(=O)(=O))C(O)(C(=O))OOC(=O)C,-7.675016434302961,-8.263619
CC1(O)C(=O)OOC1C(N(=O)(=O))C(=O)C(=O)(O),-7.639749096582818,-6.975778
C1(O)(N(=O)(=O))C(=O)OOC1C(OO),-4.560627392336755,-4.368449
C(=O)(O)CC(=O)C1(C)OC1(OO)C(=O),-6.714690910783247,-6.3983426
C(=O)(O)C1OOC(OO)(C(ON(=O)(=O))C(=O))C1(O)C(=O),-9.354118509421824,-8.989961
C(=O)(OON(=O)(=O))C1(ON(=O)(=O))OC1(O)C(C)C(=O),-3.7662119567903574,-3.687048
C(=O)(OO)C1(O)OC1(N(=O)(=O))C(C)=CC(=O)(OO),-8.129312151642807,-8.072305
C(O)C(=O)C(ON(=O)(=O))C(C)(C)C(C(=O)(OO))C(=O)(OON(=O)(=O)),-6.730977093011461,-6.5710745
C(=O)(N(=O)(=O))C1(OO)OC1C(=O)(OO),-4.709906741078157,-5.278557
C1(=O)C(=O)CC(OO)OC(=O)C1(O)C(=O),-6.9620526194848935,-3.125035
C(=O)(O)C1OC1C(ON(=O)(=O))(C(OO))C(O)C(=O)(OON(=O)(=O)),-8.640399149626319,-8.690983
C(=O)C(=O)C(=O)C(OO)=CC,-3.8029874736057536,-3.0646212
C(=O)(OO)C(N(=O)(=O))(ON(=O)(=O))C(O)(O)C(=O)C(=O)C(=O),-6.50225521671382,-5.176581
CC(=O)C(ON(=O)(=O))(C1(C)C(O))CC1CC(=O),-6.294775958922401,-5.9410267
CC(OO)(C)C(ON(=O)(=O))(C(O)C(=O)(OO))CC(=O),-8.416464411890047,-5.7165713
CC(=O)C(=O)CC(OO)(C(O))C(ON(=O)(=O))(C)C(OO),-9.638331002428458,-8.628437
C(=O)(OO)C(ON(=O)(=O))C(O)(C(OO))C(=O)OC(=O)C(=O),-7.983522125035961,-7.183359
C(OO)C(OO)C(C)(C)C(=O)C(ON(=O)(=O))C(=O),-7.651573590897897,-6.967231
C(ON(=O)(=O))C(=O)CC(O)C(ON(=O)(=O))CC(=O),-6.78231527344542,-7.3109145
C(=O)(N(=O)(=O))C1OC1C(OO)(C)C(=O)(OO),-6.1476546725971275,-6.706679
C1(ON(=O)(=O))OC1(O)C(OO)C(ON(=O)(=O))C(=O)(OO),-6.464703344659938,-6.9998455
C12OOC(C1(O))C(O)(OO)C(ON(=O)(=O))C2(OO),-9.810613033325353,-10.568259
C(=O)(O)C(ON(=O)(=O))C1OC1(C(=O)(OON(=O)(=O)))C(=O),-4.877000096210395,-4.833173
CC(=O)C(OO)C(OO)OC(=O)(O),-7.812991889932164,-7.620409
C(=O)CCC(O)C(=O),-3.7851050440003746,-3.749144
C(=O)(O)C(OO)C(C(=O)(O))C(C)(C)C(=O),-9.864235925022513,-9.860459
C(=O)(O)CC(ON(=O)(=O))C(C)(C(=O))C(OO)C(=O)C,-8.738284603274224,-9.324128
C2(ON(=O)(=O))C(O)C(OO)C1(C(=O)(OO))OOC2C1(=O),-8.112720750526933,-9.645079
C(=O)(N(=O)(=O))C1(O)OC1C(OO)C(O)C(=O)C(=O)(OON(=O)(=O)),-7.731971464574599,-6.8831024
C(=O)(O)CC(ON(=O)(=O))(C(O))C(C)(C)C(=O)(OON(=O)(=O)),-6.903131644921814,-7.028883
C(=O)(O)OOC(C(=O)(O))C(=O)C(=O),-7.2423712997442635,-6.6133175
C(=O)(OO)CC1(O)OC1(OO)C(=O)(OO),-7.95802645547883,-7.8199077
C(=O)(O)C1(C(=O))OC1C=C(=O),-3.9677669480443,-4.2094574
C(ON(=O)(=O))C1C(ON(=O)(=O))C(OO)C1(C)C(=O)(OO),-6.912435538841237,-9.6010475
C(=O)(OON(=O)(=O))C(O)(N(=O)(=O))C(O)(C1(O)(O))OOC1(C)C(=O),-7.491944332654384,-9.1590605
C(=O)(OON(=O)(=O))C(OO)C(ON(=O)(=O))(C)C(O)C(=O),-5.500047040055506,-6.053198
CCC(OO)CC(ON(=O)(=O))CC(ON(=O)(=O))C(O),-7.0568957444120315,-6.6620717
C(=O)(O)C(=O)C(OO)C(ON(=O)(=O))C(O)C(=O)C(=O),-8.65465884099467,-6.179919
C(ON(=O)(=O))C(=O)C(O)(C)C(=O)(OO),-3.7496508906151576,-3.1754315
C12OOC(C1(O))C(O)(OO)C(=O)C2(OO),-9.422076664650376,-8.334965
CC(OO)(C)C(C(=O)(OON(=O)(=O)))C(O)C(=O),-5.118518721501459,-6.006869
CC(ON(=O)(=O))(C(=O)(O))C(=O)C(C)(C)C(C(OO))C(=O)(OO),-9.894162405176758,-9.175542
CC(=O)OC(O)C(=O)C(O)(N(=O)(=O))C(=O)(OO),-6.713305975514231,-7.127921
CC(OO)(C)C(C(ON(=O)(=O))(C(O))C(=O)(O))CC(=O)C(=O),-10.979665987302724,-10.375162
C1(O)C(OO)OOC1(OO)C(ON(=O)(=O))(C(=O)(OON(=O)(=O)))C(=O),-7.271267006701237,-6.9625454
CC(OO)(C)C(O)C(ON(=O)(=O))(C)C(=O)(O),-6.8890444757380465,-7.1006155
CC(=O)C(=O)C(O)(C)C(C(ON(=O)(=O)))C(OO),-6.985144258600485,-6.245858
C(=O)C(=O)C(O)(OO)C1(C(O))OC1C(=O),-8.399056411064521,-7.552563
C(=O)(OON(=O)(=O))C=C(C)C1(O)OC1(ON(=O)(=O))C(=O),-4.60386442313029,-3.7540717
C(=O)(O)C(=O)OOC(C)(C(=O)(OO))C(O)C(=O),-9.319065318937646,-8.252946
C(=O)(O)C1(C(ON(=O)(=O)))OC1C(=O)C(=O),-5.129034742658405,-4.682508
CC(=O)C(ON(=O)(=O))C(O)(C)C(ON(=O)(=O)),-3.296676002908498,-3.7450256
C(=O)(O)C(OO)C(OO)(C)OOC(=O)C(=O),-8.875804799630714,-7.9389777
CC(O)(C(=O)(O))C(=O),-3.8924445683041995,-3.8823147
C1(OO)OC1(C)C(=O)CC(=O)(OO),-5.671134641659592,-4.456156
C(=O)(O)C1OC1(ON(=O)(=O))C(C)C(=O),-4.897430489465478,-4.8835816
C(=O)(O)C(=O)C(C(O))C(C)(C)C(=O),-7.2759084590143175,-8.14043
C(OO)C(ON(=O)(=O))(C(=O))C(C(=O))CC(=O),-6.612378994246683,-5.980378
C(=O)(N(=O)(=O))C(OO)OC(=O)CC(=O)(O),-6.102723797546787,-6.3338284
CC(=O)C1OC1(O)CC(=O)(O),-6.2178520792404015,-6.9193053
C1(OO)OC1C(O)(O)C(=O)C(O)C(=O)C(O),-10.185356543966918,-10.759945
CC(OO)(C(=O)(OON(=O)(=O)))OC(=O)C(=O)C(ON(=O)(=O))C(=O),-4.353851750314789,-4.4522543
CC(=O)C(C(O))C(C)(C(=O)(OON(=O)(=O)))C(=O)C(ON(=O)(=O)),-5.751719358420814,-6.9987407
C(O)C(C(=O)(O))OOC(=O)C(OO)C(=O),-9.474357274066278,-9.113045
C1(O)(O)C(ON(=O)(=O))(C(=O))OOC1(C(=O)(O))C(OO)C(=O),-10.555649460631685,-10.966935
C1OC1(OO)C(=O)C,-1.948196245051804,-2.3300326
C(O)C(=O)C=C(=O),-1.7460433213454962,-3.5185595
C12OOC(C1(O))C(OO)=C(OO)C2(OO),-10.384579998277331,-9.917926
C(=O)(O)C(=O)C(=O)C1(C)OC1C(=O)(OO),-6.455353865847428,-6.941211
C(=O)(O)C1OC1C(OO)(C)C(ON(=O)(=O))(OO)C(=O)(OO),-10.597440564506542,-12.09953
C(=O)(O)C1(C(=O))OC1C=CC(=O),-6.106821658784611,-5.847722
C(=O)C(OO)C1(C(=O)(OON(=O)(=O)))OOC(=O)C1(O)(O),-6.77271005863804,-7.119552
C1(=O)OOC(ON(=O)(=O))C(=O)C(O)(OO)C1(ON(=O)(=O))C,-4.930325641242234,-6.6159725
CC(=O)C(OO)C(=O)C(C(=O))C(C)(C)C(=O),-5.8398519132206275,-7.16051
CCC(=O)CC(ON(=O)(=O))C(ON(=O)(=O))CC(OO)C(=O)C,-7.174999831793684,-7.641404
CC(=O)CC(ON(=O)(=O))C(O)CCC(OO)CC,-7.404656315688044,-7.6733003
C(=O)(O)C(ON(=O)(=O))(C(ON(=O)(=O)))C(OO)OOC(=O),-6.462100276348792,-6.7623677
C(=O)(O)C(OO)=CC1(C)OC1C(=O)(OO),-9.112180667179928,-10.1559105
C(=O)(O)C(O)C(ON(=O)(=O))(C)C1OC1C(=O),-7.094822614508303,-6.958438
C12(O)OOC(O)(C1(O))C(N(=O)(=O))=CC2(N(=O)(=O))(OO),-8.560236960242037,-7.47585
C2(=O)C(=O)C(ON(=O)(=O))C(OO)(C1(O)C(ON(=O)(=O)))OOC12,-5.60182045412148,-5.8463945
C(O)C(C(=O))C1(O)OC1(OO)C(=O),-8.552492656479444,-7.5900407
C(=O)(OO)C(ON(=O)(=O))C(ON(=O)(=O))(C)C(=O)C(=O)C(=O),-4.508546107699658,-5.1318836
C(=O)(OON(=O)(=O))C(=O)C1(ON(=O)(=O))OOC(OO)(C(=O))C1(O)C,-5.624154765122512,-4.4051394
C2(=O)C(ON(=O)(=O))C(ON(=O)(=O))C1(O)OOC2(OO)C1(=O),-4.805367920795106,-4.320479
C1(O)C(=O)OOC1(O)C=CC(=O)(O),-7.851311227288534,-8.205062
C(=O)(OON(=O)(=O))C(=O)C(=O)C(=O)CC(=O)C(OO),-4.756565855350345,-5.2524095
C(=O)(OO)C(C(=O))C1(ON(=O)(=O))OC1(OO)C(=O),-6.065455663312605,-4.9870796
C(=O)(OON(=O)(=O))C(N(=O)(=O))=CC(C(=O)(O))OOC(=O),-5.611808306686726,-6.511821
C(=O)C(C(=O))=CC1(O)OC1(=O),-6.554172135340195,-9.27103
C(=O)(O)C(N(=O)(=O))(ON(=O)(=O))C(C)(C(=O)(OO))OOC(=O)C(=O),-7.486228110854427,-7.1777587
C(=O)(OON(=O)(=O))C(=O)C1(OO)OC1C(=O)C(=O),-3.2352476445266802,-3.0430505
C12OC1C(O)(OO)C(ON(=O)(=O))C(=O)C2(O)(O),-8.151609542295773,-7.5506706
C(=O)(OO)C1OOC(OO)(C1(O))C(ON(=O)(=O))(C)C(=O),-8.641561311957048,-8.809038
C(=O)(OO)C(O)C(=O)C(O)C(=O)(OO),-8.353213049478654,-7.278204
C(=O)(O)C(=O)C(O)C(OO)C1OC1(N(=O)(=O))C(=O)(O),-11.188080087686103,-10.704203
CC(O)C(=O)CC(=O)C(=O)CCC(=O)(OON(=O)(=O)),-5.615282305716391,-6.328281
C(=O)(O)C(=O)C1(C)OOC(OO)(C1(O))C(=O),-8.730382666239166,-7.513896
C(=O)(O)C(OO)C(ON(=O)(=O))C1OC1(C(=O)(N(=O)(=O)))C(=O),-8.084733470976062,-7.171042
CC(=O)C(OO)C(=O)C1OC1C(=O)(O),-6.8971913957211655,-7.825431
C(=O)(O)C(OO)C(ON(=O)(=O))C=CC(=O)C(OO),-9.701409744298871,-10.004865
C1(=O)C(O)C(ON(=O)(=O))C(OO)C(ON(=O)(=O))C1(O)C,-7.786623448253522,-3.2872682
C2(O)(O)C(=O)C(O)C(OO)C1OC12C(=O)(OON(=O)(=O)),-8.021647592791851,-6.841567
C(ON(=O)(=O))C(=O)C(=O)C(O)(OO)C(=O)C(=O),-5.1138874416355975,-4.732127
C(OO)C(=O)C(ON(=O)(=O))C(=O)C(OO)OC(=O)C(=O),-6.985332611908234,-7.2100163
C(=O)(OO)C(O)C(O)(C(=O))OOC(=O),-7.155786360646744,-5.5925794
CC(OO)(C(ON(=O)(=O)))C(C(OO))C(=O)C(=O)C,-7.452477387392719,-7.051121
C(=O)(O)C(O)C(ON(=O)(=O))C(O)(C)C(=O)(OON(=O)(=O)),-6.589324483255041,-6.026652
C(=O)(O)C(N(=O)(=O))(OO)C(O)(C1(O))OOC1C(=O),-9.964559951673436,-12.284455
C(=O)(O)C(C(=O))=C(=O),-3.1694662946138124,-1.9589233
C(=O)(O)C=C(C)C(=O)OC(=O),-3.9600142885174137,-3.6855252
C1(O)(O)C(N(=O)(=O))(OO)OOC1(N(=O)(=O))C(O)C(=O)C,-7.8140213567821775,-8.309464
C(=O)(OO)C=C(C(ON(=O)(=O)))C1(OO)OC1C(=O)(OON(=O)(=O)),-6.544192154920893,-7.6355796
CC(=O)C(=O)CC(OO)(C(OO)(C)C)CC(=O)(OO),-9.657757185948867,-9.785116
C(=O)(O)C(=O)OOC(C)(C(=O)(OON(=O)(=O)))C(O)C(=O),-6.7695096634815854,-7.189069
C1(N(=O)(=O))C(=O)OOC(C)(C(=O)(O))C(OO)C1(=O),-7.491534661032347,-7.657883
CC(OO)(C)C(OO)(CC(=O)(O))C(=O)C(ON(=O)(=O)),-9.535432327469607,-9.211917
C(=O)OC(O)C(C(=O)(OO))=C,-5.720803859032458,-6.174699
C1(OO)OC1C(OO)(C(O))C(O)(N(=O)(=O))C(=O)(O),-11.913424451107858,-11.033102
C(=O)(O)C(O)C(=O)C(O)(C)C(ON(=O)(=O))C(=O)(OO),-9.146652402057953,-10.0906725
C(=O)(O)C1OOC(=O)C=CC1(OO)C(ON(=O)(=O)),-8.158661110792309,-8.306893
C(=O)(OO)C(OO)C(C)(C)C(C(=O))C(ON(=O)(=O))(C)C(=O),-8.362547611071932,-9.015071
CC(=O)C(ON(=O)(=O))C(OO)(C(O))C(=O),-5.572360217662208,-5.7144785
C(ON(=O)(=O))CC(=O)C(=O)CC(O)CCC(OO),-9.643764267646475,-8.386136
CC(OO)(C)OOC(C(=O)C)C(ON(=O)(=O))C(=O)C(ON(=O)(=O)),-6.202822342285799,-6.3897796
C(O)C(=O)C(OO)OC(=O)C(ON(=O)(=O))C(=O)(O),-8.699975840816478,-9.192206
C(=O)(OON(=O)(=O))C(O)(O)C(OO)OC(=O)C(O)C(=O),-8.411921519382304,-7.005217
C(=O)(O)C(ON(=O)(=O))C(=O)OOC(C(=O)(O))C(=O)C(=O),-8.771736481703556,-8.865824
C(=O)(OO)C(=O)C=CC1OC1(OO)C(=O),-7.645327600246674,-7.7649794
C1C(ON(=O)(=O))C(OO)(C)C=CC1C(=O)C,-6.0899939735354565,-5.752514
C(O)C(O)(C(=O)(OON(=O)(=O)))OOC(=O),-3.4836568078535493,-3.65088
CC(=O)C(=O)C(C)(C(ON(=O)(=O)))C(C(ON(=O)(=O)))C(=O)(OO),-6.041118282319076,-5.544209
C(=O)(O)C(ON(=O)(=O))(C(=O)(OON(=O)(=O)))OOC(=O)C(O)C(=O),-6.277231771076913,-5.453478
CC1(C)C(OO)(C(ON(=O)(=O)))CC1(O)C(=O)(OON(=O)(=O)),-5.294488119336165,-5.2916603
C(OO)C(=O)C(O)(C(=O)(OON(=O)(=O)))C(=O)(OON(=O)(=O)),-3.433770892865141,-2.334044
CC(=O)C(=O)C(OO)C(=O)(OO),-4.759538382822939,-3.8430967
C(=O)C(=O)OC(=O)C(=O)C(ON(=O)(=O))(C(=O)(O))C,-4.892199734182213,-4.9925995
CC(=O)C(O)C(OO)(C)C(=O)C(ON(=O)(=O)),-5.591575764519803,-5.920842
C(=O)(OO)C1(OO)OC1(C)C(OO)=CC(=O),-9.029680909614399,-8.374215
C(=O)(OO)C(OO)C1(C(O))OOC(C1(=O))C(=O),-9.140957547926519,-6.0816073
C(=O)(OO)C(O)(N(=O)(=O))C(ON(=O)(=O))C1(C(O))OC1C(=O),-8.533086952160374,-8.55394
C(=O)(O)C(OO)C1OC1C(=O)(OO),-8.002237854503619,-7.176228
C(OO)C(=O)C(=O)C(O)C(=O)OC(=O)C(=O)(OON(=O)(=O)),-5.849885173698567,-5.0040965
C(=O)(OON(=O)(=O))C(ON(=O)(=O))C1(C(=O))OC1C(=O)(O),-4.877000096210395,-4.2809114
C(OO)C(=O)C(=O)C(O)(N(=O)(=O))C(=O)OC(=O),-4.87792341952445,-4.9480762
CC(O)CC(C(=O)(OO))C(=O)C,-6.351689336337586,-4.8811984
C(=O)C(=O)C(O)C(OO)C1(OO)OC1C(=O),-8.563969828355766,-8.751063
C(=O)(O)C(N(=O)(=O))=CC(=O)OC(=O)C(=O)(OO),-7.165492334112059,-6.972365
CC(=O)C(ON(=O)(=O))C(O)C(ON(=O)(=O))C(OO)C(=O),-6.990786572849174,-7.516352
C(=O)(N(=O)(=O))C(=O)C(O)(C1(=O))OOC1C(=O),-3.721902024397423,-3.2431366
CC(=O)CC(ON(=O)(=O))C(=O)CCCCC(=O)(OO),-7.871189367251645,-5.6100535
C(=O)(O)C(ON(=O)(=O))(C(=O)(O))C1OOC(C1(O))C(=O),-10.40308509172246,-10.891791
C1(O)C(O)(C(=O)(OO))OOC1C(=O)(OO),-8.490713613224216,-5.799031
C(=O)C(O)C(=O)C(OO)(C)C(O)C(=O),-8.272791261792008,-7.8497396
C(=O)(O)C1OC1(ON(=O)(=O))C(OO),-4.844570823297545,-4.816986
CC(=O)CCC(=O)C(ON(=O)(=O))CC(O)C(O),-8.170403525768052,-8.276576
C(=O)(OO)C(=O)C(ON(=O)(=O))(C(=O)(O))C(ON(=O)(=O))C(=O),-5.720480372339807,-6.6813974
C(=O)(O)C(O)(C(=O)(OO))C(C(=O))OOC(=O),-7.9727741518108814,-8.862716
CCC(O)CCC(=O)CCC(OO)C,-6.051936695104814,-6.432534
CC(=O)C(=O)CC(=O)C(OO)(C)C(OO),-6.863151632973313,-5.9910607
C1(O)C(ON(=O)(=O))OOC1(C(=O)(OON(=O)(=O)))C(=O)C(=O)(OO),-5.136388099719625,-6.574537
C(=O)(N(=O)(=O))C(=O)C(OO)(C)OOC(=O)C(=O),-4.387512170196715,-3.9612439
C(O)C(=O)C(C(=O))C(C)(C(OO))C(ON(=O)(=O))CC(=O),-10.01340967906799,-10.036679
C1(ON(=O)(=O))C(OO)C(OO)C(C)(C(=O)(O))OOC1(=O),-9.045029851884465,-9.235441
C(=O)(O)C(ON(=O)(=O))C(O)(N(=O)(=O))C(=O)(OO),-6.280569935719541,-5.453546
C(=O)(OON(=O)(=O))C(=O)C1(C(ON(=O)(=O)))OOC(C1(O)(O))C(=O),-6.803114438538614,-6.602769
C(=O)(OO)C(=O)C(ON(=O)(=O))C(=O)OC(OO)(C)C(=O),-6.58953971578012,-6.4483395
C(=O)(O)C1(OO)OC1(C(=O)(OO))CC(=O)(O),-10.561206013047922,-9.815753
C(ON(=O)(=O))C1OOC(=O)C1(O)C(=O),-4.316294641372224,-2.7592013
CC(=O)C(=O)C(N(=O)(=O))(OO)C(ON(=O)(=O))OC(=O),-4.047431747065275,-3.985578
C(=O)(OON(=O)(=O))C(ON(=O)(=O))C(=O)OOC(C(=O))C(=O)C,-3.8745497157106,-4.4434767
C1C(ON(=O)(=O))C(OO)(C)C(OO)CC1(ON(=O)(=O))C(=O)C,-8.298599651545373,-8.328908
C(=O)C1OC1C(C(O))=C(=O),-4.505768707556854,-3.3843267
CC(=O)C(OO)=C(OO)C1(N(=O)(=O))OC1C(=O),-7.993585068474204,-7.2953143
CC(=O)C(ON(=O)(=O))CCC(O)CC(=O)(OON(=O)(=O)),-5.879918916583847,-6.890381
C(=O)(OON(=O)(=O))C(OO)C(C)(C(=O))OOC(=O),-4.248724122146086,-4.4840007
C(ON(=O)(=O))C12OC1CC(=O)C(=O)C2(O),-5.543088973965496,-6.3352957
C(ON(=O)(=O))C(OO)OOC(=O)C(=O)(OO),-5.56086249843429,-6.185333
C(=O)(OO)C1(O)OC1(O)C(=O)C(O)C(=O),-8.168969518650556,-6.9935465
CC(=O)C(OO),-1.4655382164564799,-1.6270696
C1(ON(=O)(=O))CC(OO)C(ON(=O)(=O))(C)C(OO)C1(O)C,-8.266723327255022,-7.823786
C(=O)(O)C1OC1C(=O)C(ON(=O)(=O))C(=O)(OO),-7.458689807066548,-6.596064
C(OO)C1(O)C(ON(=O)(=O))OOC1C(OO)C(=O),-8.076907347902306,-8.213305
CC(=O)C(OO)(C(O))C(ON(=O)(=O))(C)C(=O)(OON(=O)(=O)),-5.4625327159883454,-6.185011
CC1(C(=O)(N(=O)(=O)))OC1(OO)C(ON(=O)(=O))C(O)C(=O)(OO),-7.9463748082307575,-7.1328096
C1(=O)C2(OO)OOC1C=C(C2(=O))C(=O),-4.5674401793658035,-5.1346188
C2(=O)C1(O)OOC2C(O)C(OO)C1(ON(=O)(=O))C(=O)(O),-10.099757584084728,-8.407941
CC(=O)C(OO)C(O)(N(=O)(=O))C1(O)OC1(N(=O)(=O))C(=O),-7.735753664619551,-6.9975395
C(OO)C1(ON(=O)(=O))OOC(OO)(C1(=O))C(=O),-5.098960349750996,-4.1705565
C1(O)C(=O)OOC1(C(ON(=O)(=O)))C(OO)C(=O)(OON(=O)(=O)),-6.022215178323677,-5.7469516
C(=O)(O)C(O)(C(=O)(O))OOC(=O),-7.347623968053085,-7.8037963
C(=O)(O)C1OC1(ON(=O)(=O))C(C(=O)(OO))C(=O),-7.0848672516367515,-7.0756927
C(=O)(N(=O)(=O))C1(O)OC1(ON(=O)(=O))C(O)C(OO)C(=O),-7.903683833686955,-7.8015747
C(=O)(N(=O)(=O))C1(O)OC1(OO)C(O)C(=O),-6.907349374003388,-7.6597075
C(=O)(OO)C=CC(OO)(C)OC(=O)C(=O)(OO),-8.62825095010703,-10.637463
C(=O)(O)C=CC(OO)OC(=O)C(=O)C(=O)(OON(=O)(=O)),-7.038841726232931,-6.123111
C(=O)(O)C(C(OO))(C)C(C(=O)(OON(=O)(=O)))C(=O),-6.618255329689418,-6.8276258
C(=O)C1(ON(=O)(=O))OOC(=O)C1(O),-2.8088414271041984,-2.9574244
CC(=O)C(ON(=O)(=O))C(OO)C(OO)(C(=O))C(ON(=O)(=O))(C)C,-7.643150441159378,-7.3807955
C(=O)CC(O)C(C)(C(OO))C(=O)C(=O),-7.7053318079524615,-7.634406
C(=O)C(=O)OC(O)C(OO)C=C,-5.301035305328696,-4.796583
C(=O)(O)C(OO)OC(=O)C(C(ON(=O)(=O)))C(=O)(OO),-8.761101449348644,-11.57585
C(OO)C(ON(=O)(=O))C(C)(C(=O))C(OO)C(=O)C,-7.596958989128325,-8.136679
C1(OO)OC1C(O)(C(=O)(O))C(ON(=O)(=O)),-6.722349925614253,-7.0439234
CC1(C(OO))C(=O)CC1C(ON(=O)(=O))C(=O),-5.935815281263785,-6.110438
C(O)C(C(=O)(OON(=O)(=O)))(C(=O))OOC(=O)C(ON(=O)(=O))C(=O),-5.542355787067208,-5.8508883
C(=O)(OON(=O)(=O))C(=O)C(C1(=O))OOC1C(O)C(=O),-5.298891213413299,-4.777141
C(OO)C(=O)OOC(=O)C(ON(=O)(=O))C(N(=O)(=O))C(=O)(OO),-8.03583066952342,-5.999425
C(=O)C(=O)CC(=O)C1(OO)OC1C(=O),-5.713149934483226,-5.154824
C1(=O)C(ON(=O)(=O))C(OO)C(OO)(C)OC(=O)C1(O)(O),-9.650001138365042,-10.393013
C(=O)(O)C(O)C(C(OO))C(=O)C,-7.915219400412752,-7.955574
CC(OO)(C)OOC(ON(=O)(=O))(C(=O)C)CC(=O)CC(=O),-6.704129477177048,-6.478855
C1(=O)OC1(O)C(=O)C(ON(=O)(=O))C(=O)C,-4.0457836642017355,-6.0274224
C(=O)(O)C(O)(C(=O)(O))C1OOC(O)(C1(O))C(=O),-12.48182349531271,-9.548983
C(ON(=O)(=O))C(=O)C1OOC(O)(C1(=O))C(=O),-4.404766302934149,-4.8415365
C(ON(=O)(=O))C(=O)C1(N(=O)(=O))OC1(O)C(OO)C(O)C(=O),-8.876564731886901,-11.021412
C(=O)(OON(=O)(=O))C1C(OO)C(C(=O))C1(OO)C,-6.290728833228059,-6.4130716
C(=O)(OO)C(ON(=O)(=O))CC(C(=O)(OO))C(C)(C)C(=O),-7.91252945123415,-11.094273
CC(O)C(=O)CC(=O)C(=O)CC(ON(=O)(=O))CC,-5.428038000700326,-5.827914
C(=O)(O)CC(OO)(C1(=O))OOC1C(=O),-7.476807099126745,-7.0028524
C(O)C(=O)C1OC1(N(=O)(=O))C(O)(O)C(=O)(OON(=O)(=O)),-6.489107210749353,-6.956014
CC(OO)(C)C(C(ON(=O)(=O))(C)C(=O))CC(=O),-6.607533282367513,-6.8008785
C1(O)C(O)(C(=O)(N(=O)(=O)))OOC1C(=O)C(=O)(OO),-7.555056087850971,-7.90297
C(ON(=O)(=O))C(=O)C(OO)C(=O)C(=O)OC(OO)C(=O)(OON(=O)(=O)),-6.5589924228261225,-6.0910716
C2(ON(=O)(=O))C(ON(=O)(=O))C(OO)C1OOC2(O)C1(O)C(=O),-8.227664040561649,-7.4324737
CC(OO)(C(=O)(OON(=O)(=O)))C(O)(OO)C(O)C(=O)C(=O),-8.531220438737364,-6.994354
C(=O)C(OO)C1(N(=O)(=O))OC1(O)C(=O),-5.206781364817289,-4.140369
C(=O)(O)C(OO)C(ON(=O)(=O))C(O)(O)C(=O),-8.908238977008295,-9.583243
C(=O)(O)C(OO)C(OO)C(=O)CC(=O),-9.49237229227947,-9.98445
C(=O)(O)C(N(=O)(=O))(OO)C(O)(C1(O)(N(=O)(=O)))OOC1C(=O),-9.357479910591792,-8.024096
CC(=O)CC(OO)CC(ON(=O)(=O))C(O),-6.954274311912741,-7.229527
C(ON(=O)(=O))C(=O)C(=O)OOC(=O)C(=O)(OON(=O)(=O)),-2.6526171910481935,-2.3482375
C(O)C(OO)(C(=O)(O))C(O)(C)C(=O),-9.809177138726227,-9.7369
C1(N(=O)(=O))(OO)OC1(O)C(O)C(OO)C(=O)(O),-11.142524190843687,-12.355842
C(=O)(OON(=O)(=O))C1(OO)OC1(C)C(O)(O)C(=O)C(=O),-6.607980428154406,-7.5498047
CC(OO)(C)C(C(ON(=O)(=O)))C(=O)C(O),-5.854631071135373,-6.6979203
C(O)C(=O)CC(ON(=O)(=O))(C(OO)(C)C)C(=O)C(=O),-7.692598428162455,-9.6643095
C1(O)C(=O)OOC1(O)C(N(=O)(=O))=CC(=O),-6.447992005152628,-7.031718
CC(=O)C(ON(=O)(=O))C(C(=O)(OON(=O)(=O)))(C(OO))C(=O),-4.702835732336098,-5.1031485
C1(=O)C(ON(=O)(=O))C(=O)C1(OO)C,-3.023397796536301,-2.4360445
C2C(=O)C(=O)C(=O)C1(OO)OC12(ON(=O)(=O)),-3.946326987701468,-4.354391
CC(=O)C(=O)CC(C)C(ON(=O)(=O))(C)C(=O)(OO),-5.149433802685962,-6.477754
C(=O)(O)C1OC1(C)C(ON(=O)(=O))C(ON(=O)(=O))C(=O)(OO),-7.254293339519791,-6.7748256
CCCC(ON(=O)(=O))CC(OO)C(=O)CCC,-5.595197383107006,-5.247748
C(=O)(O)C(ON(=O)(=O))C(OO)C(C)(C)C(=O)(OO),-7.714178885318688,-10.684312
C(=O)(O)C(=O)C(ON(=O)(=O))C1OC1(OO)C(=O)C,-6.556767484580632,-7.2366033
C(=O)(O)C1(C(OO))OOC(OO)(C1(O))C(ON(=O)(=O))C(=O),-11.586913414066657,-12.140082
C(=O)(OON(=O)(=O))C(=O)OOC(OO)C(=O)C(=O)C(=O),-3.8939219504427456,-4.3976803
CC(OO)(C)C(ON(=O)(=O))C(ON(=O)(=O))C(=O)CC(=O)(OO),-7.033558390889084,-6.4936433
CC(C)(C(=O)(OO))C(C(=O))C(O)C(=O)(O),-8.41065349780547,-7.9248962
C(O)C(C(=O)(OON(=O)(=O)))C(C)(C(=O))C(ON(=O)(=O))C(=O)C,-6.082795391215768,-6.433233
CC1(C)OOC(C(=O)C)C(=O)C1C(OO),-5.016687890238245,-5.6304216
C(OO)CCCCC(OO)C(OO),-8.838148519163951,-7.592201
CC(ON(=O)(=O))(C(=O)(OO))C(O)C(=O)OC(=O)C(=O)(OON(=O)(=O)),-5.494436025543109,-4.483724
C1(=O)C(O)(O)C(=O)OC(OO)C(OO)C1(O)C,-10.445516689793294,-12.533515
C(=O)(O)C(ON(=O)(=O))C1OOC(OO)(C1(O))C(=O),-8.968837726722995,-7.768684
CC(OO)(C)C(C)CC(=O)C(=O)(O),-6.571306896581518,-6.5810194
CC(C)(C(OO))C(C(=O))C(=O)C,-4.41628054272951,-4.2983785
C(=O)(OON(=O)(=O))C(=O)OOC(C(=O)(OON(=O)(=O)))(C)C(=O),-2.2620651275719865,-2.756962
CC(OO)(C)C(C(=O)(OO))C(ON(=O)(=O))(C)C(=O)(OO),-7.545026850886643,-7.660882
C(=O)C(=O)OC(OO)C(OO)(C(ON(=O)(=O)))C(O)C(=O),-9.248329350673885,-10.235711
CC(ON(=O)(=O))(C(OO))C(C(O)C(=O)(OO))CC(=O),-9.197931443726702,-9.183908
C(=O)(OON(=O)(=O))C1OC1C(OO)=C(C)C(=O),-4.853144154712936,-5.221939
CC(=O)CCC(=O)C(ON(=O)(=O))CCC(=O)C,-4.728826985319756,-5.084115
C(=O)(OO)C(C(=O))=C(OO)C1(O)OC1C(=O),-8.975641164175613,-10.709298
C(OO)CCC(=O)CCC(=O)CC(=O)(OON(=O)(=O)),-7.18227889604168,-6.8977695
C(=O)(O)C(ON(=O)(=O))C(O)(C(=O)(OON(=O)(=O)))C1OC1C(=O)(O),-8.825754127956316,-7.877419
C(=O)(OO)C(OO)(C(=O))C(=O)C(=O)C(ON(=O)(=O))C(=O),-6.063665083602245,-5.7274723
CC(ON(=O)(=O))C(ON(=O)(=O))CC(=O)CC(=O)CC(OO),-7.7639580576869776,-7.3735967
C(=O)(O)C(=O)C(ON(=O)(=O))(OO)C(OO)OC(=O),-7.7129126645304495,-8.105054
C(=O)(OON(=O)(=O))C12CC(=O)C(OO)C(C1(O))OO2,-6.7074309529525635,-6.201058
CC(=O)C(OO)C1OOC(OO)(C1(O)(O))C(=O),-10.205182156045339,-10.404884
CC(OO)C(C)(C)C(ON(=O)(=O))C(ON(=O)(=O))C(=O)(OO),-6.107276936138078,-4.639637
C1(=O)C(O)(C(=O)(O))OOC1(C(=O))C(OO)C(=O),-8.464407444909739,-10.700847
C(ON(=O)(=O))C1OC1(O)C(=O),-3.3578412489696348,-3.9955947
C(=O)(OO)C=C(OO)C1(C(ON(=O)(=O)))OC1C(=O)(OON(=O)(=O)),-7.218211628718564,-7.216692
C(=O)(OON(=O)(=O))C(O)(C(=O))OOC(=O)C(O)(C)C(=O),-6.202379970949551,-4.206133
CC(ON(=O)(=O))(C)C(OO)(C(=O))C(O)C(=O)(OON(=O)(=O)),-5.3747906805620005,-6.3165464
CC(OO)C1(OO)CC(OO)C1(C)C,-6.903358581603243,-7.294757
C1(=O)OOC(OO)C(ON(=O)(=O))C(OO)C1(OO)C,-7.527642492575978,-7.3450985
CC(ON(=O)(=O))(C(OO))C=CC(=O),-4.62119075854207,-5.1518044
CC1(C)C(OO)(C)CC1C(ON(=O)(=O)),-2.879226207816828,-3.3124895
C1(O)C(ON(=O)(=O))(C)OOC1C(OO)C(=O),-6.2969976686399605,-6.1577964
C(=O)(O)CC(ON(=O)(=O))C(C)(C(=O)(OO))OOC(=O),-7.6534475083353755,-7.8145876
C(=O)(OO)C(O)C1(OO)OC1(O)C(=O),-8.361823770905175,-5.249385
C(=O)(OO)CC(=O)C1(C)OC1(ON(=O)(=O))C(=O)(OON(=O)(=O)),-4.396742754684965,-3.1612048
C(=O)(O)CC(ON(=O)(=O))C(C)(C)C(C(=O))C(=O)C,-7.044894608039613,-7.178676
CC(OO)(C)C(ON(=O)(=O))(C(O))CC(=O)(OON(=O)(=O)),-5.481855755620927,-5.9252005
CC(=O)C(C(O))C(=O)C(ON(=O)(=O))C(=O)(O),-6.805520710971905,-7.317831
C(=O)(O)C1OC1C(OO)C(O)(OO)C(=O)C(ON(=O)(=O)),-11.058439076929062,-11.3770275
C(=O)(O)C1(N(=O)(=O))OC1(C(=O)(OON(=O)(=O)))C(O)C(=O),-5.82563205477345,-6.4076753
C(=O)(N(=O)(=O))C1OC1C(O)C(ON(=O)(=O))(C(OO))C(=O)(OO),-9.179450790128612,-7.444846
C(=O)(O)C(=O)OC(=O)C(O)(N(=O)(=O))C(ON(=O)(=O))(C)C(=O),-6.71372933791281,-7.2932034
CC(=O)C(ON(=O)(=O))OOC(C)(C)C(ON(=O)(=O))C(=O),-3.6667496603877225,-3.9919324
C(=O)(O)C(OO)C(OO)C(OO)=CC(=O),-11.219509338443459,-13.605276
C(=O)C1(O)OC1(C(=O))C(OO),-5.219008921780187,-6.1255116
C(=O)(N(=O)(=O))C(=O)OC(OO)C=CC(=O)(O),-6.4819853983754,-5.815002
C(=O)(OON(=O)(=O))CC(=O)C(C)(C)C(C(=O))C(=O)C(O),-5.941817572016589,-7.4503436
C(=O)(OO)C1(ON(=O)(=O))OC1C(OO)(C(ON(=O)(=O)))C(=O),-6.519873624398315,-6.420262
C(O)C(=O)C(ON(=O)(=O))C(C(=O)(OO))OOC(=O),-7.08850861582323,-7.278179
C1(O)(O)C(=O)CC(=O)C(=O)C1(=O),-5.888456564927765,-6.212144
C(=O)(N(=O)(=O))C1(O)OC1(O)C(C(OO))=CC(=O)(OON(=O)(=O)),-7.394900513594621,-4.177179
C(=O)(O)CC(=O)C(OO)OC(=O)C(=O),-6.734564422255062,-6.583251
C(=O)(O)C1OC1(OO)C(=O)C(O)C(=O),-7.924930148550629,-6.6159415
C12C(ON(=O)(=O))C(C2(OO)C)CC(=O)C1(O)C,-6.541563908256649,-5.612988
C(=O)(O)C1(ON(=O)(=O))OC1C(=O)C(=O),-3.9393222841790703,-4.1848474
C(=O)(O)C1(OO)OC1C(ON(=O)(=O))C(O)(C(=O)(O))C(=O)(OON(=O)(=O)),-9.88455167668144,-9.759291
C(=O)(O)C(C1(ON(=O)(=O)))=CC(C2(O)(OO))OOC12,-9.425858104950748,-8.060158
CC(OO)(C(=O)(OON(=O)(=O)))C(=O)C1OC1(OO)C(=O),-5.703494635785319,-5.347171
CCC(OO)CCCC(ON(=O)(=O))CCC(=O)(OON(=O)(=O)),-6.029576068307506,-6.261593
C(=O)(OON(=O)(=O))C(ON(=O)(=O))(C(=O))OOC(=O)C(O)(C)C(=O),-4.876895559478726,-2.6920762
C(OO)C(ON(=O)(=O))(C(=O)(OON(=O)(=O)))C1OOC(C1(=O))C(=O),-5.275204899538949,-5.6049685
C(OO)C(ON(=O)(=O))C(=O)OC(=O)C(=O)(OO),-5.392884586304717,-6.594701
C(=O)(O)C(ON(=O)(=O))C(ON(=O)(=O))C(=O)OOC(=O)C(=O)(O),-7.940039146014897,-7.7378206
C(ON(=O)(=O))C(ON(=O)(=O))C1(O)OC1(OO)C(=O),-5.189964691417117,-5.5114894
C(=O)(O)C1(N(=O)(=O))OC1(C(=O)(OO))CC(=O),-7.2260651138130925,-8.062114
CC1(C(=O))OOC(C1(O))C(ON(=O)(=O))(OO)C(=O),-7.120994422559306,-8.099682
CC(=O)C(=O)C(ON(=O)(=O))C1CC(ON(=O)(=O))C1(C)C,-4.683636417663365,-3.814786
C(OO)C(=O)OOC(=O)C(ON(=O)(=O))C(OO)C(=O)(OON(=O)(=O)),-6.52001666414435,-5.2753882
C1C(=O)C(C)(C(OO))OOC1C(=O)(OON(=O)(=O)),-5.1428873553632,-5.0213494
C(=O)(O)C(=O)OC(=O)C(ON(=O)(=O))(C)C(=O)C(=O)(OO),-6.321773732157453,-6.297062
C(O)C1(O)C(=O)OOC1C(=O)(OO),-6.685236595363676,-5.032754
C(ON(=O)(=O))C(=O)C1CC(ON(=O)(=O))(C1(C)C)C(OO)C(=O),-7.1564159779773036,-7.4565353
C(ON(=O)(=O))C1OOC(O)(C1(=O))C(=O),-4.116017519620073,-4.3997483
C(OO)C(OO)(C(=O))C(C)(C)C(=O),-6.898089696333045,-6.637071
CC(=O)C(ON(=O)(=O))CC(C(=O)C)C(O)C(=O)(OON(=O)(=O)),-5.865239039198059,-6.494846
C(=O)C(=O)C(ON(=O)(=O))(C1(O))OOC1(O)C(O)C(=O),-7.326528829511517,-8.794468
C(=O)(O)C(C(=O)(O))C(=O)OC(=O),-6.2884549424707075,-6.098787
C(=O)(OO)C1(ON(=O)(=O))OC1(C(=O)(OO))C(=O),-5.326007878273231,-5.7776475
C1(O)(O)C(=O)OOC1(C(=O)(OON(=O)(=O)))C(O)C(=O)(O),-8.288160983473063,-6.682315
C(=O)(OO)C(OO)(C(=O))C(OO)OC(=O),-7.45703014755054,-6.5969305
CC(O)CC(ON(=O)(=O))C(=O)CC(=O)(OO),-7.246760546007863,-6.295245
C(=O)(N(=O)(=O))C(O)(C(OO))OOC(=O),-4.230640666264662,-4.860263
C(=O)(OON(=O)(=O))C(=O)C(=O)C(OO)C(O)(O)C(=O)C(=O),-6.625475306878798,-6.870624
CC(OO)(C)C(ON(=O)(=O))C(ON(=O)(=O))C(=O)CC(=O)(O),-7.5880289408014505,-7.210728
CC(ON(=O)(=O))(C(=O)(O))C(O)C(=O)OC(=O)C(=O)(O),-8.79218245597076,-8.700542
C(=O)(OO)C(O)C(=O)CC(=O)(OON(=O)(=O)),-4.505555969735724,-4.4794407
C(=O)(OON(=O)(=O))C1(O)OC1C=CC(=O)(OON(=O)(=O)),-3.6364326897200954,-3.472294
C(=O)(O)CCC(ON(=O)(=O))CC(OO),-6.706150571182661,-6.178735
C12OOC(C1(O)(O))C(OO)C(O)(N(=O)(=O))C2(=O),-8.876133969661169,-8.989831
C(=O)(O)C(O)C(=O)OOC(C(ON(=O)(=O)))(C(=O))C(=O),-7.7623118473929935,-7.8536816
C(ON(=O)(=O))C1(C(=O)(OO))OOC(C1(O)(O))C(ON(=O)(=O))C(=O),-9.238414209419716,-9.239711
C1(O)C(OO)C(OO)C(O)C(=O)C1(O)C,-10.05123868931696,-11.561295
C(ON(=O)(=O))C(=O)CC(OO)(C)C(ON(=O)(=O))(C)C(OO),-7.873047121469426,-8.853347
C12OC1C(O)(O)C(=O)C(ON(=O)(=O))C2(O)C(ON(=O)(=O)),-6.62037928852078,-8.704876
C(=O)(N(=O)(=O))C(=O)C(C(=O)C(ON(=O)(=O)))OOC(=O)C(=O),-4.800403973855282,-5.0585995
C(=O)(O)C(OO)(C(=O)(OON(=O)(=O)))C(ON(=O)(=O))C(O)C(=O),-7.809964088453853,-8.389222
C(=O)(OO)C1(O)C(=O)OOC1C(ON(=O)(=O))C(=O)C(=O),-6.734035725326976,-5.4012785
C1(O)C(C(OO))OOC1(C)C(=O)(OO),-8.020121393499721,-9.205331
C1(O)C(O)(C(=O)(OON(=O)(=O)))OOC1C(O)(C(=O))C(=O),-7.508289615328977,-6.2213283
C(=O)C(=O)OC(=O)C(=O)C(ON(=O)(=O))C(=O)C(O),-4.849610740548087,-4.2749777
C(=O)(N(=O)(=O))C1(OO)OC1C=C(C)C(=O)(O),-6.581093256274471,-6.3369436
C(=O)(OON(=O)(=O))C(=O)C(OO)C(OO)OC(=O)C(=O),-5.395726508115331,-5.147654
C(=O)(O)C(OO)C(ON(=O)(=O))OOC(=O),-5.720594784605055,-5.691032
C1(O)(O)C(OO)OOC1C(ON(=O)(=O))C(=O)C(OO),-9.021533893450396,-10.236986
C(=O)(OO)C=C(OO)C(ON(=O)(=O))(C)OC(=O),-6.456018831941037,-1.8094722
CCC(O)CCC(OO)CCCC(ON(=O)(=O)),-7.030628043063189,-7.451492
C1(OO)OC1(C)C(=O)C(N(=O)(=O))C(=O),-4.236920999697759,-4.244408
C(=O)(OON(=O)(=O))C(O)(OO)C(=O)C(O)(C)C(=O)OC(=O),-6.452231807779754,-7.296775
C1(=O)C(C(=O)(OON(=O)(=O)))OOC1C(ON(=O)(=O))(C(OO))C(=O),-5.275204899538949,-6.5132246
C1C(ON(=O)(=O))C(OO)(C)C(OO)CC1C(=O)C,-8.215321543444588,-8.542062
C(=O)(O)C(=O)C(ON(=O)(=O))C(O)C(=O),-5.4684995686329785,-6.1088696
C(=O)(N(=O)(=O))OOC(OO)(C(=O)(O))C(=O)C(=O)C,-6.867688643793372,-6.5426903
C(=O)(O)C(=O)OC(OO)C(ON(=O)(=O))C(O)C(=O)(OO),-10.161519246867101,-10.499365
C12OOC(OO)(C2(O))C(=O)C(O)C1(ON(=O)(=O))C(ON(=O)(=O)),-7.768684211125219,-7.890355
C(=O)(OO)C(=O)OC(=O)C(ON(=O)(=O))(C)C(O)C(=O)(OON(=O)(=O)),-5.494436025543109,-6.1139126
CC(=O)C1OC1(OO)C(ON(=O)(=O))C(=O)C(=O),-4.699749347037141,-4.9925203
C(=O)(O)C1OC1(OO)C(C)=CC(=O)(O),-8.729721967505611,-9.211569
CC(=O)C(=O)C(C)(C(O))C(ON(=O)(=O))CC(=O)(OON(=O)(=O)),-5.831632188041112,-5.4044275
CC(OO)(C(ON(=O)(=O)))C(C(=O)(O))CC(=O)CC(=O)(OON(=O)(=O)),-9.250763447547797,-9.108637
C(=O)(OON(=O)(=O))C(OO)C(ON(=O)(=O))(C(=O))OOC(=O)C,-4.382765117534291,-3.8938882
C(=O)(OON(=O)(=O))C(O)C(OO)(C(=O))C(O)C(=O)C(=O),-7.625913502681215,-7.9447174
CC(OO)(C(ON(=O)(=O)))C(ON(=O)(=O))(C)C(OO)C(=O),-6.97039081847106,-7.149062
CC(=O)C(C1(OO)C(OO))C(ON(=O)(=O))C1CC(=O)(OON(=O)(=O)),-8.146076737135445,-8.718033
CC(ON(=O)(=O))(C(O))C(C(OO)C(=O)(O))CC(=O),-10.41220261835042,-9.221293
C(=O)(OON(=O)(=O))C1OOC(C(=O))C1(O)C(=O)(OO),-5.966964027040376,-4.9235444
C(=O)(O)C(=O)C(C(ON(=O)(=O))C(=O)(OON(=O)(=O)))OOC(=O),-5.099636600491067,-4.750041
C1(=O)C(OO)OOC1(C)C(OO)C(=O)(OON(=O)(=O)),-5.094630149498698,-4.855191
C(=O)(O)C1OC1C(C(OO))C(=O)C(=O)(OO),-10.764013648957189,-11.328212
C(=O)(O)C(O)(C(OO))C(=O)(OON(=O)(=O)),-5.110280834782316,-5.26523
C(=O)(O)C(OO)(C(=O)(OO))C(ON(=O)(=O))C(=O)(OO),-8.702966708682652,-8.3768
CC(=O)C1OC1(ON(=O)(=O))C(OO)C(O)C(=O),-6.232386371240864,-8.173104
CC(=O)CC(ON(=O)(=O))CC(OO)C(=O)C(OO),-8.598747136435122,-9.684819
C(=O)(O)C(ON(=O)(=O))C(C)(C)C(=O)C(ON(=O)(=O))(C)C(=O),-6.0821640235772065,-5.898429
C(=O)(O)C(=O)C(=O)C(N(=O)(=O))C(=O)OC(=O),-4.629955326243362,-4.647675
C(O)C(=O)C1OC1C(=O)C(N(=O)(=O))C(=O)(OO),-8.120549663191923,-8.466049
C(ON(=O)(=O))C(=O)C(=O)C(O)C1OC1C(=O)(OON(=O)(=O)),-5.057646718909382,-3.947786
C(=O)(OON(=O)(=O))C(O)(OO)C1(OO)OC1C(=O),-5.860671970829571,-6.533557
C(=O)(O)C(=O)C(ON(=O)(=O))C(O)C(OO)(C)OC(=O),-8.712215527641092,-8.351119
C(ON(=O)(=O))C(=O)C(OO)OC(=O)C(ON(=O)(=O)),-4.643687660667638,-4.858345
C(=O)(OO)C1(C(=O))OC1(O)C(OO)=CC(=O),-9.111079419693851,-8.867446
C(=O)(O)C(ON(=O)(=O))C(O)(OO)C(O)(C)C(=O),-9.143881902862631,-9.38551
CC(ON(=O)(=O))(C)C(OO)(C)CC(=O)C(OO)C(=O)(O),-9.921010706864763,-10.039449
C(=O)(OO)C(=O)C(O)(C)C(=O)C(O)C(=O),-7.378198406731826,-11.76523
C1(O)C(N(=O)(=O))(OO)OOC1(C)C(=O)(OO),-6.555035332967236,-9.8605995
CC(=O)C(=O)OC(OO)C(=O)CC(=O)(OON(=O)(=O)),-4.661739389954164,-4.8318725
C(=O)(O)C(N(=O)(=O))=C(C(O))C(=O)OC(=O),-7.057038116181502,-7.1699677
CCC(ON(=O)(=O))C(=O)C(OO)CC(=O)CC(=O)C,-6.377985523868119,-6.9731297
C(=O)(O)C1(O)OC1C(OO)(C(OO))C(=O),-10.16660092148959,-11.1395855
C(=O)(OO)C(=O)C(C1(=O))OOC1C(O)C(=O)(OON(=O)(=O)),-7.148766324891767,-5.770301
C(=O)C(O)C(C(=O)(OON(=O)(=O)))(C(=O)(OON(=O)(=O)))OOC(=O),-3.6035181126462703,-4.3540707
C12OOC(C1(=O))C(OO)=C(C2(ON(=O)(=O)))C(OO),-6.785919250705774,-6.869174
C2(O)(O)C(=O)C(=O)C(N(=O)(=O))C1OC12(OO),-7.5258920630585635,-7.0731897
C(=O)(O)C1(N(=O)(=O))OC1(O)C=CC(=O)(OO),-8.425644367394852,-9.655801
CC(=O)CCC(OO)C(OO)CCC(O),-9.96455854796659,-10.143585
C1(O)C(C(ON(=O)(=O)))OOC1(C(=O)(OO))C(=O)(OON(=O)(=O)),-6.281476098254643,-5.875856
CC(=O)C(=O)C(C)(C(=O)(OON(=O)(=O)))C(OO)(C(ON(=O)(=O)))CC(=O),-6.835467257609707,-7.109727
C1(=O)C(ON(=O)(=O))(C)OOC1C(=O)C(=O),-2.3813492024455627,-2.3521283
CC(=O)C(=O)CC(C(OO)(C)C(=O))CC(=O),-7.245959237417992,-6.9465947
C(=O)(OON(=O)(=O))C(O)(O)C(=O)OC(=O),-2.803337781722803,-2.355857
C(ON(=O)(=O))C(=O)C(ON(=O)(=O))C(=O)OOC(C(=O))C(=O),-5.217618648261123,-5.184165
CC(O)(C(=O)(OON(=O)(=O)))C(=O)C1(OO)OC1(O)C(=O)(OON(=O)(=O)),-6.155201090426999,-6.5149846
CC(OO)(C)C(O)(C)CC(=O)CC(=O)(OON(=O)(=O)),-6.310139269124193,-6.70095
CC(=O)C(C(ON(=O)(=O)))(C)C(=O),-1.6984956468259043,-2.2294426
C1(OO)C=CC(OO)OOC1(C(=O)(O))C(=O),-9.556782894185744,-9.096241
CC(=O)C(=O)C(O)C(=O)C(OO)(C)C,-5.036851221084362,-3.0982187
CC(=O)C(=O)C(=O)CC(ON(=O)(=O))C(ON(=O)(=O))CCC,-4.706496581206011,-4.2700114
CCC(=O)CC(ON(=O)(=O))C(ON(=O)(=O))CC(=O)(OO),-5.81722975545199,-7.716814
C(=O)(OON(=O)(=O))C(O)(OO)C(ON(=O)(=O))C1(O)OC1C(=O),-6.756681327209662,-8.069244
C(=O)(OO)C(=O)C(O)(C)C(ON(=O)(=O))C(=O)C(=O)(OON(=O)(=O)),-4.853902833598113,-5.2713947
C(ON(=O)(=O))C(C(=O))=C(OO)C(N(=O)(=O))(OO)OC(=O)C(=O),-8.500947084299696,-8.296196
CC(=O)C1(ON(=O)(=O))C(OO)C(ON(=O)(=O))C1(C)C,-4.6763452806953865,-5.0517187
C(=O)(OO)C(OO)=CC(OO)OC(=O)C(=O),-9.24162390073252,-8.345409
C(=O)C(ON(=O)(=O))C(=O)C(OO)OC(=O)C(=O),-4.387606614483957,-4.402533
CC1(ON(=O)(=O))C(O)C(OO)C(=O)CC1C(ON(=O)(=O))(C)C,-7.406531315711618,-8.576887
CC(=O)C1OOC(O)(C1(O)(O))C(N(=O)(=O))(ON(=O)(=O))C(=O)(O),-9.48937612751979,-10.943416
C(ON(=O)(=O))C(ON(=O)(=O))CC(O)CCC(=O)C(=O),-7.298023899053078,-7.0794215
C1(O)(O)C(=O)OOC1(O)C(=O)C(O)(C)C(=O)(O),-9.153953166183783,-11.409494
C(=O)(O)C1(OO)OC1(OO)C(ON(=O)(=O))C(O)C(=O)(OON(=O)(=O)),-8.793095880344481,-8.513033
CC(=O)C(=O)C1(OO)OC1(O)C(=O)(OO),-6.555592098084162,-7.1431203
C1(ON(=O)(=O))C(O)(C)C(OO)C(=O)OOC1C(=O)(OO),-8.34041882357269,-9.60969
C(=O)(N(=O)(=O))C(=O)OC(O)C=C(C(O))C(=O)(OON(=O)(=O)),-5.659972685672983,-7.0086293
C(=O)(OO)C(=O)C(OO)C(O)C(=O)C(O)C(=O),-10.469454042773577,-9.712528
C1(=O)C(N(=O)(=O))C(ON(=O)(=O))C(=O)OOC1(O)C(=O)(OO),-6.43634400216979,-5.1097536
C(=O)(OON(=O)(=O))C(=O)C(ON(=O)(=O))C(OO)(C(=O))OC(=O),-3.9081502303961315,-3.8418126
CC(=O)C1(N(=O)(=O))OC1(O)C(O)C(=O)C(=O),-5.966018433646241,-7.153022
C(=O)C(O)(O)C(=O)C(ON(=O)(=O))(C(=O)(OO))C,-6.517554538320837,-4.2091312
C(O)C(C(=O))=CC1(OO)OC1(O)C(=O),-9.365153070841188,-8.002987
C1(O)C(C(=O)(OON(=O)(=O)))OOC1(C(=O)(OON(=O)(=O)))C(O)C(=O),-6.2884459828346735,-6.620563
C(=O)C1(ON(=O)(=O))OC1C(C(=O)(OO))=C(OO)C(=O),-7.380851070731296,-7.5829153
CC(O)CCC(=O)C(O)C(=O)CC(ON(=O)(=O))C,-8.33027399139246,-6.09549
C1(O)(O)C(OO)(C(=O)(O))OOC1C(=O),-8.773267397016753,-9.348999
CC(=O)C1CC(C(ON(=O)(=O)))C1(O)C,-4.843092377035646,-4.3764143
C(ON(=O)(=O))CCCCC(=O)(OON(=O)(=O)),-3.2900363527551235,-2.8814046
CC(=O)C(OO)C(C)(C(ON(=O)(=O)))C(O)C(=O)(O),-8.824272440258937,-9.016294
C(=O)(OON(=O)(=O))C1OOC(O)(C1(O))C(ON(=O)(=O))C(=O),-5.963147660466348,-5.127411
C(OO)C(ON(=O)(=O))C(C)C(=O)C(=O),-4.515604086398525,-4.19936
C1(=O)C(OO)(C)C(ON(=O)(=O))C(=O)OOC1(O)C(=O)(O),-8.061200188894873,-7.944618
C(=O)C(O)C(O)(OO)C(=O)C(=O)C(=O),-6.747673842048243,-5.548989
C(=O)(O)C(OO)C(C)(C(OO))C(ON(=O)(=O))C(=O),-9.258800624087598,-9.0078535
C(=O)(O)C(O)(N(=O)(=O))C(ON(=O)(=O))C(OO)OC(=O)C(=O),-8.544178454583744,-8.779633
CCCCC(ON(=O)(=O))CCC(O)C(ON(=O)(=O)),-5.236027642746194,-5.244989
CC(O)CCC(=O)CCC(=O)(OO),-6.758139198202116,-6.089267
CC(=O)C1CC(ON(=O)(=O))C1(C)C(OO),-5.075051879146486,-4.594075
C(=O)(O)C(=O)C(ON(=O)(=O))C(OO)OOC(=O)C(=O),-7.287590594482026,-7.242901
C(=O)(O)C(ON(=O)(=O))OOC(C)(C(=O)(O))C(ON(=O)(=O))C(=O)(OO),-9.703800868406688,-8.455679
C(=O)(O)C1(ON(=O)(=O))OC1C(OO)C(=O)(OO),-7.54206634122238,-6.468623
C(=O)(O)C1(C(=O)(OON(=O)(=O)))OC1C=CC(=O),-5.533833814301033,-5.790752
C1(OO)OC1C(ON(=O)(=O))(C(OO))C(ON(=O)(=O))C(=O),-6.475929800584709,-7.323704
CC1(C(ON(=O)(=O)))OOC(C(=O)C)CC1(OO)C(=O)(OO),-8.127308255094249,-5.4742436
C1(=O)OC1(O)C(OO)C(O)(OO)C(=O),-9.670148881057685,-15.873684
C1(OO)OC1(N(=O)(=O))C(=O)C(ON(=O)(=O))C(OO),-5.430586349713849,-6.332614
C(OO)C1(C(=O)(OO))OOC(C1(O)(O))C(ON(=O)(=O))C(=O),-11.108221404498181,-11.137979
C1(OO)OC1(C(O))C=CC(=O)(O),-8.021193952448812,-7.6484375
C(=O)(O)C(O)(O)C1(OO)OC1C(=O),-8.53354977831259,-10.273017
C1(OO)OC1(C)C(=O)CC(=O)(O),-6.042742911551613,-6.0599523
CC(OO)C(C)(C)C(C(=O))C(ON(=O)(=O))C(=O)(OO),-7.298142808125704,-7.307751
C(=O)(O)C1(C(OO))OOC(N(=O)(=O))(C1(O))C(=O)C(=O),-9.420711462626059,-10.258221
CC(=O)C(C)(C(O))C(OO)C(=O)(OO),-7.3767550601114635,-6.6015496
C12C(ON(=O)(=O))C(C1(C)C)CC(ON(=O)(=O))C2(OO)C,-5.4544914124999195,-5.043876
C1(O)C(ON(=O)(=O))C(OO)C(O)C(=O)C1(O)C(ON(=O)(=O)),-7.95056683351504,-11.717647
C(O)C1(O)C(=O)OOC1(OO)C(=O)C(=O),-6.166723138834641,-7.2557883
C1(ON(=O)(=O))OC1(OO)C(OO)(C)C(=O),-4.9235164593410445,-5.141863
C(=O)(O)C(=O)C(ON(=O)(=O))(C)C1OC1(O)C(=O)(OO),-7.59874775553908,-6.3734064
C(=O)(OON(=O)(=O))C(=O)C(ON(=O)(=O))C1OOC(=O)C1(O),-4.596029485735926,-4.6288004
CC(O)CC(O)C(ON(=O)(=O))CC(=O)CC(OO)C,-10.745630037821684,-10.388445
CC(=O)C(ON(=O)(=O))(C(ON(=O)(=O)))C(OO)(C)C(=O)(OO),-5.931203062405984,-6.007201
C(=O)(OON(=O)(=O))CC1(O)OC1(OO)C(=O)(OON(=O)(=O)),-4.108857906758203,-3.9450688
CC(OO)(C(=O)(O))C(OO)(C1(O))OOC1C(=O),-11.050311821480136,-9.174138
CC1(C(=O)(O))OC1C=C(OO)C(=O)(OO),-9.299158587404236,-10.062026
C1(O)(O)C(C(=O))OOC1(C(ON(=O)(=O)))C(O)C(=O),-9.070889957758482,-7.065985
C1(OO)OC1(O)C(ON(=O)(=O))(C)C(=O)C(=O),-4.996684623067267,-5.574556
C(=O)(OO)C1(OO)OC1C(OO)(C)C(=O)C(=O),-8.074149022675556,-7.0374455
C(=O)(O)C=C(C(=O)(O))C1OC1C(=O)(OON(=O)(=O)),-7.022223360061616,-7.1009874
C(ON(=O)(=O))C(=O)C(OO)C(O)C(=O)OC(=O)C(=O)(OON(=O)(=O)),-6.45375424820304,-6.5649533
C(=O)(OO)C(OO)C(O)C1(O)OC1(ON(=O)(=O))C(=O),-9.307170373103872,-9.209367
CC1(C(=O)(OO))OC1C(=O)C(N(=O)(=O))C(=O)(OO),-7.467863197474799,-8.279218
C(=O)(OON(=O)(=O))C1(N(=O)(=O))OC1(O)C(=O)C(=O)C(=O),-3.054836742583575,-1.841095
CC(OO)(C(=O)(N(=O)(=O)))OC(=O)C(O)C(=O)(O),-7.309588323907519,-6.844669
C(=O)(OO)C1(OO)OC1C(ON(=O)(=O))(C)C(O)C(=O),-8.134630986260163,-6.1975913
CC(ON(=O)(=O))(C)C(C(OO))C(C(=O)(O))=C,-6.476229729003535,-6.4871626
C1(O)(OO)C(N(=O)(=O))OOC1(C)C(OO)C(=O),-7.436679049704253,-7.843267
C(=O)(O)C(=O)CC(=O)C(O)(O)C(=O)(OON(=O)(=O)),-6.656198299533571,-6.725273
C(=O)C(=O)C(OO)(C1(=O))OOC1(C(=O))C(=O),-5.108505484095076,-6.34574
C(=O)(OO)C=C(C(=O)(O))C(=O)OC(=O)C(=O),-7.453744756890956,-5.9906693
CC(ON(=O)(=O))(C(=O)(OO))C(CC(=O)(OO))C(ON(=O)(=O))(C)C(=O),-8.072610517614521,-10.232394
C1(O)(O)C(=O)C(O)C(OO)C(=O)OC1(OO)C,-10.928706858627265,-10.85916
C(=O)(O)C(O)(N(=O)(=O))C(OO)C1(C)OC1C(=O)(O),-10.59812384680481,-11.152385
C(O)C(=O)C=C(OO)C(ON(=O)(=O))OC(=O),-6.8822290152274945,-5.214754
C(=O)C(OO)OC(=O)C(O),-4.9189671554959205,-4.649023
C1(O)C(O)(C(=O)(OON(=O)(=O)))OOC1(C(OO))C(=O)C(=O),-7.911327929221443,-8.469533
CC(=O)C(=O)OOC(O)(C(=O)(OO))C(O)(N(=O)(=O))C(=O),-8.396269971828588,-7.112757
CC(OO)(C(ON(=O)(=O)))C(O)(C(=O))CC(=O),-7.355179720339947,-7.957088
C(=O)(OON(=O)(=O))C1OOC(ON(=O)(=O))(C1(O)(OO))C(=O)C(=O),-4.790908546758146,-5.030684
C(=O)(N(=O)(=O))C(=O)C(OO)(C)C(=O)(OON(=O)(=O)),-2.6826534339343198,-2.1389437
C(=O)(N(=O)(=O))C1(O)OC1(C(O))C(OO)C(O)C(=O)(OO),-11.54398608090196,-11.691206
C(=O)(N(=O)(=O))C(=O)C(=O)OC(OO)C(=O)C(OO),-5.640280183204595,-4.9353733
C(=O)(O)C(O)C(ON(=O)(=O))C(OO)(C(=O)(OON(=O)(=O)))OC(=O),-7.414530893707706,-8.146143
C(=O)(OO)C(O)C(OO)(C(ON(=O)(=O)))C(O)OC(=O),-9.48542109306436,-8.143024
C(=O)(O)C1OC1C(C(ON(=O)(=O)))=C(OO)C(=O)(O),-10.058516889152088,-9.568214
C1(O)(O)C(OO)OOC1(N(=O)(=O))C(=O)C(=O)C,-6.540255804411572,-6.492009
C(=O)(O)CC(=O)C(C)(C(ON(=O)(=O)))C(O)(C(=O)(OON(=O)(=O)))C(=O)C,-8.581570905247645,-8.174315
C(OO)C(=O)C(C)(C(ON(=O)(=O)))C(C(=O)(OO))C(=O)C,-7.755204948807659,-7.2686157
CC(=O)CC(ON(=O)(=O))C(O)C(OO)CC(=O)CC,-7.720179231968359,-8.610759
C1(ON(=O)(=O))OC1(C)C(OO)C(O)C(=O)(OON(=O)(=O)),-4.7755702570138965,-5.0122747
C(=O)(OO)C(=O)C(ON(=O)(=O))C(=O)C(ON(=O)(=O))OC(=O),-4.7106525740236975,-5.1385055
C(=O)(O)C(=O)C(=O)C(ON(=O)(=O))C(=O),-3.5974474936265324,-4.0118775
CC(OO)(C(OO))C(C(O))C(OO),-9.300766222328093,-9.305189
C(=O)(OO)C1OC1(C)C(ON(=O)(=O))C(O)C(=O),-6.891279865845718,-8.784644
C(=O)(OO)C(=O)CC(C(ON(=O)(=O))(C)C)C(OO)(C)C(=O),-8.312599405813671,-10.5169525
CC(=O)CC(C(ON(=O)(=O)))C(OO)(C)C(=O)(OO),-6.937867021581042,-10.26174
CC1(C(=O)(O))OOC(ON(=O)(=O))(C1(=O))C(=O)C(=O),-4.99006463258047,-4.7802596
CC(OO)(C)C(ON(=O)(=O))(C(=O))C(=O)C(ON(=O)(=O)),-4.9846171444696665,-5.1828384
C(=O)(O)C(=O)C(O)C(O)(C)C(=O)OC(=O),-7.477843455973925,-6.7593236
C1(O)COOC1C(=O)C(OO),-6.004303034169425,-6.3064303
C1(O)C(ON(=O)(=O))OOC1(OO)C(OO)C(=O)C,-7.245296648747171,-7.2219768
C1(=O)OC1(C)C(OO)C(ON(=O)(=O))C(=O)(O),-6.664798870984669,-6.4313717
C1(O)COOC1(OO)C(N(=O)(=O))(ON(=O)(=O))C(=O),-5.780987870763056,-5.76047
CC(ON(=O)(=O))C(OO)C(C)(C)C(=O)(OO),-5.121325881660596,-3.1598845
CC(OO)CCC(=O)C(ON(=O)(=O))C(O)CC(O),-10.136948583938647,-9.66926
C1(=O)C(O)C(OO)C(N(=O)(=O))(C2(O)(OO))OOC12,-9.210093204379518,-10.389389
CC(=O)C(ON(=O)(=O))C1(OO)OC1C(O)(O)C(=O)(OO),-8.881096468445321,-10.086611
C(=O)(OO)C1(O)C(ON(=O)(=O))(C(=O))OOC1(O)C(ON(=O)(=O))C(=O),-7.975281026243465,-9.917782
CC(C(=O))C(ON(=O)(=O))(C)C(OO)C(=O),-5.163402900121582,-5.875965
C1(ON(=O)(=O))OC1(C(=O))CC(=O),-2.533833347242762,-2.6369524
C(O)C(=O)C1OOC(OO)(C1(=O))C(=O)(O),-8.440343407004548,-9.71529
CC(=O)CC(ON(=O)(=O))C(O)C(OO),-6.051447359073791,-6.3091407
CC(ON(=O)(=O))(C)C(CC(=O)(OO))CC(=O)C(=O)C(=O),-7.037700175249483,-7.300536
CC(=O)C1OC1C(=O)C(O)(N(=O)(=O))C(=O)(OO),-6.129956458855304,-6.8298564
C(=O)(O)C1(O)OC1(C(=O))CC(=O)(OON(=O)(=O)),-6.060991126563749,-4.716592
CC1(C)C(C(=O)C(OO))CC1CC(=O),-6.015203447754175,-5.764206
CC(OO)(C)C(C(=O)(OO))C(ON(=O)(=O))(C(O))C(=O)(OON(=O)(=O)),-7.5968672260096355,-6.4226665
C(=O)C(ON(=O)(=O))C(C(ON(=O)(=O)))(C(=O)(OO))OOC(=O)C(=O),-6.481161305586284,-5.174269
CC1(C(=O)(O))OC1(ON(=O)(=O))C=CC(=O)(OO),-6.906713195789052,-7.3828883
C1(N(=O)(=O))C(=O)C(ON(=O)(=O))(C)C(=O)OOC1C(=O)(OO),-5.520152999957645,-6.8630614
C(OO)C(OO)(C(=O)(OON(=O)(=O)))OC(=O)C(=O)C(=O),-5.222596109721053,-5.12247
C(O)C1(O)C(=O)OOC1(O)C(=O)(OON(=O)(=O)),-5.219200666677352,-5.045376
CC1(C(=O)(OO))OOC(N(=O)(=O))(C1(O))C(=O)C(=O),-6.650497194157651,-6.1643286
C(O)CCC(=O)CCC(=O)C(ON(=O)(=O))C(=O),-7.35426704144993,-6.5778913
CC(=O)C(=O)CC(ON(=O)(=O))C(C(ON(=O)(=O)))(C)C(=O)(OO),-6.2747118240258715,-5.5451703
C(=O)(O)C1OC1C(ON(=O)(=O))(C(=O)(O))C(=O),-7.529383458666416,-7.3855653
C(O)C(ON(=O)(=O))(C(=O))C(OO)OC(=O)C(=O),-6.302456409088336,-6.2506914
C1(O)(N(=O)(=O))C(=O)OOC1(C)CC(=O)(O),-5.858365913540183,-5.785244
CC(=O)C(ON(=O)(=O))C(ON(=O)(=O))C(O)C(=O)C(=O),-4.901172666402999,-3.735226
C2(=O)C(O)C(ON(=O)(=O))C1(C)OOC2(ON(=O)(=O))C1(=O),-4.173863542280742,-2.9625735
CC1(C(OO))C(ON(=O)(=O))C(OO)C1CC(=O),-7.937041053210123,-7.8164253
C(=O)(OO)C1OC1C(C(=O)(O))C(=O)(OON(=O)(=O)),-6.8483526421987335,-8.26618
C(ON(=O)(=O))C(=O)C(C(OO))CC(=O)(OO),-6.910061918482825,-5.875759
C(OO)C(N(=O)(=O))(OO)OC(=O)C(=O),-4.670705249496677,-4.5565825
CC(=O)C(=O)C(OO)(C)C(=O)(OO),-4.781975544137822,-2.6781945
C1(OO)C=CC(O)(C2(O)(OO))OOC12,-8.73566796763771,-8.354663
C(=O)C(=O)C(O)(O)C(=O)OC(OO)C(=O),-7.560612931592914,-8.132084
C(ON(=O)(=O))C(=O)C1(O)OC1C(=O)CC(=O),-5.335445400738536,-6.550901
C(=O)(O)CC(=O)C1(N(=O)(=O))OC1(OO)C(ON(=O)(=O)),-6.666551539863576,-6.3016925
CC1(C(=O)(OO))OC1C(O)C(ON(=O)(=O))C(=O)(OO),-8.409846074922825,-10.509578
CC(=O)C(=O)OC(N(=O)(=O))(OO)C(=O)C(O)C(=O)(OON(=O)(=O)),-5.650688448597066,-5.589537
C(=O)(OO)C(O)(N(=O)(=O))C(OO)C1(C(O))OC1C(=O),-10.43416853917006,-10.680487
C(ON(=O)(=O))C1(O)C(=O)OOC1(N(=O)(=O))C(=O)C(O)C(=O)(OO),-7.692425862234813,-7.354717
C(=O)(O)C(C(ON(=O)(=O)))C1OC1(O)C(=O)(OON(=O)(=O)),-6.40950911434993,-6.155436
CC(ON(=O)(=O))C(OO)CC(ON(=O)(=O))C(O),-6.2332927948191355,-6.365726
CC(O)CCC(ON(=O)(=O))C(ON(=O)(=O))CCC(=O)(O),-8.462923132803553,-8.452518
C1(=O)OC1(N(=O)(=O))C(OO)C(=O)(O),-5.725934590271208,-3.9991088
CC(ON(=O)(=O))(C)C(O)(C(OO))CC(=O)C,-5.834461303307762,-6.806981
CC(OO)(C(=O)(OON(=O)(=O)))C(O)C(=O)C(O)C(=O),-7.090890029787261,-9.37632
CC(=O)C(ON(=O)(=O))C(C)(C)C(=O)C(OO)C(=O)(O),-7.311548051722639,-6.9708943
CC1(O)C(C(=O)(OON(=O)(=O)))OOC1C(O)C(=O),-6.219794868706231,-5.441493
C(=O)(OON(=O)(=O))C1CC(OO)(C1(C)C)C(OO)C(=O),-7.01432866164032,-7.3557296
C(=O)(OON(=O)(=O))C(O)(O)C(=O)C(OO)C(=O)(OON(=O)(=O)),-4.95158353565057,-3.1424725
C(=O)(OO)C2=CC(=O)C(O)(O)C1OC12,-7.403048024229065,-7.4663982
C1(=O)C(O)(C(=O)(OO))OOC1(O)C(O)C(=O),-8.395155967926257,-7.703588
C1(O)(O)C(OO)OC(=O)C(O)(C(O))C(ON(=O)(=O))C1(=O),-8.553705829781393,-10.395899
C(=O)(OON(=O)(=O))CC(=O)C(=O)C(O)(C(O))C(=O),-5.471933228582202,-6.584721
CCCCCC(=O)(O),-1.8926872690171876,-1.8548036
C(=O)(OO)C(=O)C1OOC(ON(=O)(=O))(C(=O))C1(O)C(OO),-8.37716267203723,-8.832033
C(=O)(O)C(=O)OOC(ON(=O)(=O))C(OO)C(=O)(OON(=O)(=O)),-5.796495687998686,-5.815601
CC(OO)(C(OO))C(C)C(=O)(OON(=O)(=O)),-4.522592654131586,-4.514579
C(=O)(OON(=O)(=O))C(O)(C(=O))C(OO)OOC(=O),-4.591428686362633,-5.2957563
C1(O)C(N(=O)(=O))(ON(=O)(=O))OOC1(C)C(O)C(=O),-5.946755241620849,-5.2400804
C(=O)C(ON(=O)(=O))OOC(C(=O)(O))C(OO)C(=O),-7.6179649848309055,-7.6472135
C(=O)(N(=O)(=O))C(=O)OC(=O)C(OO)C(O)(C)C(=O)(OON(=O)(=O)),-5.466573853380396,-4.2248516
C1(OO)C(ON(=O)(=O))C(OO)C(=O)OOC1C(=O)C,-7.374702360335505,-7.3628945
C(=O)(O)C1(ON(=O)(=O))OC1(O)C(=O)C(=O)(OON(=O)(=O)),-3.8619305225620337,-4.587531
C(=O)C(=O)C(=O)OOC(=O)C(OO),-4.1132820127641025,-3.3021722
CC(O)(C(=O)(O))C(ON(=O)(=O))C(C)(C)C(O)C(=O)(OON(=O)(=O)),-7.8574040056118974,-7.73132
C(=O)(OO)C(O)C(ON(=O)(=O))C1OC1(C(ON(=O)(=O)))C(=O),-7.076828649165691,-6.780238
C1(OO)OC1C(O)(C(ON(=O)(=O)))C(=O)C(=O),-5.350062912002613,-4.778948
CC(=O)CCC(O)CC(=O)CC(ON(=O)(=O))C(OO),-9.443577609512431,-10.6195755
C(=O)(OON(=O)(=O))C(O)C(OO)C(=O)C(=O)C(=O),-4.822223245824716,-4.8945727
C(=O)(OO)C(=O)C(O)(C(=O))C(=O)OC(=O),-5.301328541201656,-4.0896187
C(=O)(OO)CC(=O)C(O)C(=O),-5.677624791216658,-3.4614654
C1C(=O)C(=O)C2OOC1(ON(=O)(=O))C2(O)(O),-6.316342355392408,-6.4312377
C(=O)(O)CC(=O)(OO),-4.307337161237228,-5.260689
CC(=O)OC(=O)C(O)(OO)C(=O)(OO),-5.833027676486381,-7.751506
CC(ON(=O)(=O))(C)C(OO)(C)CC(=O)C(=O)(OON(=O)(=O)),-4.702284258921281,-5.282574
CC(=O)C(OO)C(O)C(ON(=O)(=O))OC(=O),-5.973406993565732,-6.3725653
C(=O)C1(ON(=O)(=O))OC1C(OO)(C(=O)(OO))C(O)C(=O),-8.2583954442307,-10.254312
C(=O)(OON(=O)(=O))C(O)C1OOC(O)(C1(O)(O))C(=O),-7.472675831508241,-4.291404
C(=O)C1(ON(=O)(=O))OC1(C(=O)(OO))C(O)C(=O),-5.402905770777579,-5.5142164
C(=O)(OO)C1OC1C=CC(=O)(OON(=O)(=O)),-5.153728796274663,-5.7716155
C(=O)(O)C(=O)C(OO)OC(=O)C(ON(=O)(=O))C(O)C(=O),-8.945237168882159,-8.898016
C1(O)(O)C(=O)OOC1(N(=O)(=O))C(ON(=O)(=O))C(OO)C(=O)C,-8.281710032977571,-8.043977
CC(=O)C(ON(=O)(=O))CC(=O)C(C(O))(C)C(=O)(OON(=O)(=O)),-5.744096767757583,-5.4920425
C(=O)(OO)C1OC1C(=O)C(O)(C)C(=O),-6.050621689566469,-5.385879
C(=O)(OO)C(=O)C(O)C(OO)(C(ON(=O)(=O)))OC(=O),-7.720581228513765,-8.684313
C1(O)(O)C2(N(=O)(=O))OOC1(C(OO))C(ON(=O)(=O))C(O)C2(=O),-9.542904864920274,-9.738122
C(=O)(OON(=O)(=O))C(ON(=O)(=O))C(O)(C1(O))OOC1(C)C(=O),-6.055108848901,-6.723866
C(=O)(OON(=O)(=O))C(O)C=CC(=O),-3.1765520522858424,-3.295576
C(=O)(O)C(=O)OC(=O)C(O)(N(=O)(=O))C(OO)(C)C(=O),-8.11009347678555,-9.423955
C(OO)C(=O)C1(N(=O)(=O))OC1(O)C(=O)C(OO),-7.487092441748246,-6.879438
CC(=O)C(C(=O)(OO))C(C)(C(OO))C(OO)CC(=O),-10.838855948160926,-10.697267
CC(=O)CC(=O)C(O)C(OO)CC(=O)(OON(=O)(=O)),-6.978650002936774,-7.7832236
CC(=O)C(ON(=O)(=O))CC(ON(=O)(=O))C(O)CC(=O)(OO),-8.20084230091743,-8.280693
C1(ON(=O)(=O))C=CC(=O)OOC1(OO)C(=O)C,-5.9203849449368136,-5.0113263
C12CC(ON(=O)(=O))(C1(C)C)CC(ON(=O)(=O))C2(OO)C,-5.4430274742189795,-5.2157893
C(=O)(OON(=O)(=O))C1(O)OC1(C)C(=O)C(O)C(=O),-5.198495487718901,-4.936137
C(O)C(=O)C(C)(C)C(C(=O))C(=O)C,-4.494929918269918,-5.292256
C1(O)C(=O)OOC1(O),-3.596328341503977,-4.5454116
CC(C(=O)(OO))=C(OO)C(=O)(OON(=O)(=O)),-4.151973854575772,-2.8690233
CC(OO)CC(ON(=O)(=O))CCC(=O)CC(=O)(OO),-8.619942643545073,-7.7246065
CC(=O)C(O)C(OO)C1OC1(ON(=O)(=O))C(=O),-6.232386371240864,-7.224118
C(O)C(=O)C(N(=O)(=O))=C(OO)C(OO)OC(=O),-9.732941317095538,-8.701
CC(C)C(=O)C(ON(=O)(=O))(C)C(=O)C(=O)(O),-4.658489545898192,-4.023558
C1(O)(N(=O)(=O))C2(N(=O)(=O))OOC1(O)C(OO)C(O)C2(=O),-7.339020743096626,-6.75291
CC(ON(=O)(=O))(C)C(C(OO)(C)C(=O))C(OO)C(=O)C(=O),-8.407962489363854,-8.752165
CC(C(=O)(OON(=O)(=O)))=C(OO)C1OC1(ON(=O)(=O))C(=O),-4.906749062352901,-3.8816338
C12OOC(C1(O))C(N(=O)(=O))(OO)C(ON(=O)(=O))(OO)C2(OO),-9.007389286507532,-10.937041
C(=O)(O)C1OC1(O)C(=O)C(ON(=O)(=O))C(=O),-6.244100202402478,-7.2771287
C1(O)C(C(=O)(OON(=O)(=O)))OOC1C(O)C(=O)(OON(=O)(=O)),-5.297302667349868,-5.868115
C(O)C(OO)(C(ON(=O)(=O)))C(C(OO))C(=O)C(=O),-9.093089551795856,-8.973849
C(O)C(ON(=O)(=O))(C(=O)(O))C(C(=O)(OON(=O)(=O)))C(=O)C,-6.304673952174198,-7.2952747
CCC(ON(=O)(=O))CC(=O)CC(O)CCC(OO),-8.24023510680854,-8.482286
C(=O)(O)C(C(=O)(OON(=O)(=O)))OOC(=O),-3.31125961019643,-4.0454907
C(=O)CC(=O)C(OO)(C(=O))OC(=O),-4.67596576681899,-5.359536
CC(=O)C(=O)CC(=O)C(ON(=O)(=O))C(ON(=O)(=O))CC(OO)C,-7.794431066402467,-6.1688747
CC(OO)(C)C(C(ON(=O)(=O)))C(O)C(=O),-6.517885663790366,-7.060813
C(OO)C(=O)CC(=O)C(C)C(=O),-5.0079813435186225,-5.1625752
C(=O)(OO)C(ON(=O)(=O))C(O)C1OC1(C(=O)(O))C(=O),-9.193414533365285,-9.339025
C1(OO)C=CC(=O)OOC1(OO)C(=O)C(ON(=O)(=O)),-7.74055739549658,-7.6603045
CC(=O)C(OO)(C1(C)C)CC1(ON(=O)(=O))C(OO)C(=O),-8.005207178222918,-8.008076
C(=O)(O)C(=O)OOC(=O)C(O)(C)C(=O),-6.476354492366227,-5.0912347
CC(=O)C(OO)(C1(C)C(ON(=O)(=O)))CC1C(=O)(OON(=O)(=O)),-5.6580874310930085,-5.5208497
C(=O)(OO)C=C(C(OO))C1(N(=O)(=O))OC1(O)C(=O),-9.335944303285942,-8.933948
C(=O)(O)C(=O)OC(=O)C(O)(C(O))C(ON(=O)(=O))C(=O),-8.029194600523624,-8.527056
C(O)C(C(O))C(ON(=O)(=O))(C)C(=O),-5.850971600819321,-6.1810975
C(O)C(C(ON(=O)(=O)))C(OO)(C)C(=O),-6.390451465162187,-6.5908647
CC(=O)CC(ON(=O)(=O))C(OO)(C)C(=O)(OON(=O)(=O)),-4.726572519914043,-5.095936
C(=O)(OON(=O)(=O))C(O)C(=O)OOC(ON(=O)(=O))(C(=O))C(=O)C(OO),-6.594576156952826,-6.8236475
C(=O)(OON(=O)(=O))CC(O)(C(=O)(O))C(ON(=O)(=O))(C)C(=O),-6.428376739240775,-6.1510863
C(=O)C(OO)=CC(=O)OC(=O),-4.006460155545938,-2.120732
CC(=O)C(ON(=O)(=O))(CC(=O)(O))C(O)C(=O)(OO),-7.856957419833634,-8.451012
C(=O)C1(OO)OC1C(OO)(C(=O))C(=O),-6.675556855174364,-6.226755
C(=O)OC(OO)C(ON(=O)(=O))(C(=O)(O))C(ON(=O)(=O))C(=O),-6.90105373665574,-7.4587693
C(=O)(O)C(=O)OC(O)(C(=O)(OO))C(=O),-7.269512456161465,-6.4432664
C1(=O)C(ON(=O)(=O))(C)C(=O)C(ON(=O)(=O))OOC1C(=O)(O),-5.331979660437355,-5.7368755
C(OO)C(=O)C1(O)OC1(N(=O)(=O))C=CC(=O),-6.879918715552776,-8.17455
CC(=O)C(OO)CC(=O)C(ON(=O)(=O))C(=O)CCC(O),-9.281544726709399,-9.044254
C1(=O)C(=O)CC(=O)OC(=O)C1(O)C(O),-5.12498225759191,-7.932897
C(OO)C1(C(=O)(OON(=O)(=O)))OC1C(O)C(=O),-5.822174531007477,-5.6461897
C12OOC(O)(C2(O))C(=O)C(ON(=O)(=O))C1(OO)C(=O)(OON(=O)(=O)),-6.977357487146946,-6.61258
C1(OO)OC1(N(=O)(=O))C(=O)C(C(=O))C(=O),-4.502897786183894,-4.8118944
C(O)C(ON(=O)(=O))(C(=O)(OON(=O)(=O)))C(C(=O))C(OO)(C)C,-6.6820599566235614,-7.345589
C(=O)(N(=O)(=O))C(=O)OC(OO)C(O)(C)C(OO)C(=O)(O),-9.510603569309751,-9.132726
C(=O)(O)C1OC1C(ON(=O)(=O))C(O)C(=O),-7.186655550907744,-6.7833714
C1(=O)OC1(C)C(ON(=O)(=O))C(ON(=O)(=O))C(=O)C(=O)(O),-5.411607080575777,-5.145176
C1(=O)OC1(O)C(ON(=O)(=O))C(ON(=O)(=O))(C)C(=O)(OO),-6.137980726984097,-12.06617
C(O)C(=O)C1(O)OC1(OO)C(=O)(OO),-8.287453358250787,-7.2916565
CC(O)CC(OO)C(OO)CC(O),-9.472991835071298,-9.974072
CC(=O)C(=O)CC(=O)OOC(=O)C(=O)(OON(=O)(=O)),-3.76758953693934,-2.6683702
CC1(C(=O)(O))OOC(C1(O))C(OO)C(=O)(O),-11.303360750174761,-12.200498
C1(O)(O)C(=O)OOC1(N(=O)(=O))C(ON(=O)(=O))C(O)(C)C(=O)(O),-9.10942818305557,-7.968819
C(=O)(OO)C(=O)C(ON(=O)(=O))C(O)(O)C(=O)C(=O),-6.872242760782683,-6.950208
C1(ON(=O)(=O))OC1C(OO)(C(=O)(O))C(=O)C(=O),-6.294591642006708,-5.7854323
C(=O)(OO)C(O)C(ON(=O)(=O))C(=O)OC(OO)C(=O)(OON(=O)(=O)),-7.520072208477359,-6.499313
C(ON(=O)(=O))C(=O)C(=O)C1OOC(OO)(C1(O))C(=O)(OO),-8.714481285755028,-10.384601
C2(O)(O)C(=O)C(O)(C)C(ON(=O)(=O))C1OC12(OO),-7.812588749307906,-9.390589
CC(ON(=O)(=O))C(=O)CC(OO)C(ON(=O)(=O))C(OO),-8.037046171939437,-8.007067
C1(O)(O)C(C(=O)(OON(=O)(=O)))OOC1(C(ON(=O)(=O)))C(=O)C(=O),-6.803114438538614,-6.111506
C(=O)C(=O)C(=O)C(O)C(=O)OC(=O)C(=O),-4.349147470820753,-4.182796
C(=O)(OO)C(OO)C(O)(OO)C(=O)C(=O),-7.778128782741987,-7.7585816
C(=O)(O)C(=O)OC(OO)(C)C(=O)C(OO),-8.597169638993364,-8.8888
C(=O)C(ON(=O)(=O))C(C)(C(ON(=O)(=O)))C(OO)C(=O),-6.059733167865488,-5.997864
CC(OO)(C)C(O)(C(=O)C(=O)(O))CC(=O),-8.832899274679221,-5.7058787
C(=O)(O)C(N(=O)(=O))C(=O)C(=O)(OO),-5.172521758056973,-5.291227
C(=O)(OON(=O)(=O))C1(OO)OC1C(C)=C(OO)C(=O),-6.359180476763868,-5.650976
C(=O)(OO)C(=O)C(=O)C(=O)OC(=O)C(=O)C,-4.395487671466981,-4.254696
C(=O)C(=O)C(=O)C=CC(=O)C,-1.9667433731847268,-2.3205721
C(=O)(O)C1OC1C(ON(=O)(=O))(C)C(ON(=O)(=O))C(=O),-5.866978235375427,-6.2730403
C(=O)C(=O)C(=O)C(O)C(O)(ON(=O)(=O))C(OO)C(=O),-7.657014416541642,-7.4353085
C(O)C(=O)C1OC1(ON(=O)(=O))C(=O)C(=O)(O),-6.029708334433963,-4.048256
CC(=O)C(ON(=O)(=O))C(=O)CCC(OO)CCC,-6.078095534747263,-5.01338
C1(O)C(OO)(C)OOC1(O)C(O)(N(=O)(=O))C(=O),-8.549718253278115,-9.358335
CC(ON(=O)(=O))CCC(OO)CC(=O)(O),-6.737909705650964,-6.625967
C(O)C(OO)C(C)(C(ON(=O)(=O)))C(C(=O))C(=O)C,-8.193081799981883,-7.874388
CC(O)(C)C(OO)(C(=O)(OO))CC(=O),-7.465256151735957,-10.890108
CC1(C)C(C(=O)(OO))C(ON(=O)(=O))C1C(ON(=O)(=O))(C)C(=O)(OO),-7.8585882668121485,-5.745188
C(=O)(OON(=O)(=O))C(OO)C(=O)C1OC1(C(=O)(OO))C(=O),-6.244350567161746,-6.9905577
C1(OO)OC1(O)C(=O)(OO),-5.264568278162187,-5.136667
C(=O)(OON(=O)(=O))C(=O)OC(OO)C(C(O))C(=O),-6.065657482871757,-6.597804
CC(C(=O)(O))C(C)(C(OO))C(=O)CC(=O)(OON(=O)(=O)),-8.503765443914745,-8.127097
CC(=O)C1C(ON(=O)(=O))C(C1(C)C)C(OO)C(=O)(OO),-8.170660699284781,-11.385676
c1cc(O)ccc1C(=O),-3.1706589160021394,-4.776946
C(=O)(O)C(=O)C(N(=O)(=O))(C(=O)(O))OOC(=O)C(=O),-7.196051568109397,-7.1378665
C(=O)(O)C1(OO)OC1(OO)C(=O)CC(=O),-8.877099145749526,-8.997981
C(=O)(OO)C(O)C(OO)C1(C)OC1(ON(=O)(=O))C(=O)(OON(=O)(=O)),-6.997101357956126,-6.0271416
CC(ON(=O)(=O))C(=O)C(=O)CC(=O)CC(=O)(OO),-6.1752543444272305,-5.189946
CC(ON(=O)(=O))(C)OOC(C(=O)(O))CC(=O)CC(=O),-7.728803623718704,-7.600762
C(=O)(O)C(=O)OC(O)C(C(=O)(OO))=CC(=O)(O),-11.78560341181219,-12.445899
C(=O)(O)C=CC1(OO)OC1(O)C(=O)(OO),-10.049997467245703,-9.955288
C(=O)C(=O)OC(=O)C(=O)C(ON(=O)(=O))C(=O)C(ON(=O)(=O)),-4.0316611478883715,-3.8984091
C1(=O)C(ON(=O)(=O))C(=O)C1(C)C(OO),-3.741020275752817,-3.7723205
C(=O)(N(=O)(=O))C1(O)OC1C(O)(O)C(=O)C(=O),-6.77755504076049,-5.6513963
C1(ON(=O)(=O))OC1C(C(=O)(OO))=CC(=O),-5.07026261421197,-4.6361823
CC(=O)C(O)C(C)(C)C(C(=O)(OON(=O)(=O)))CC(=O)(OON(=O)(=O)),-5.412541580684774,-5.5124254
CC(=O)C(=O)OOC(=O)C(N(=O)(=O))C(=O)(O),-5.683507851677859,-4.3471994
C(=O)(OON(=O)(=O))C1(C(=O))OC1(OO)C(=O)C(O)C(=O),-5.296606111500296,-8.234674
CC(ON(=O)(=O))CC(=O)CC(=O)C(OO)C(ON(=O)(=O))C(=O)C,-7.789747015071043,-8.170311
CC1(ON(=O)(=O))C(O)C(=O)C(=O)OOC1C(=O)(OON(=O)(=O)),-4.366642605098605,-5.899388
C(O)C(=O)C(=O)C(C(=O)(OON(=O)(=O)))OOC(=O),-4.160074490726402,-3.6932566
CC(=O)OOC(OO)C(ON(=O)(=O))(OO)C(=O),-5.6808600288277376,-5.261397
C(=O)(N(=O)(=O))C(OO)OC(=O)C(OO)C(O)(C)C(=O)(O),-9.930278332358284,-9.314054
C(=O)(O)C(O)(OO)C1OC1C(=O)C(ON(=O)(=O)),-8.563909421780409,-8.288926
C(O)C(C(=O))C(=O)C(=O)C(=O)C(=O)(O),-7.0138915079551225,-8.147881
C1(OO)C=CC(=O)OOC1(OO)C(=O)(OO),-8.664770411727659,-8.681542
C1(O)(O)COOC1(O)C(=O),-5.883165443039616,-5.5534086
C(=O)(O)C(=O)C(O)(C(ON(=O)(=O)))C(=O),-4.834551905525586,-5.024821
C(=O)(O)C(=O)OC(=O)C(O)(O)C(=O)C(=O)C(ON(=O)(=O)),-8.071612074989389,-4.4346967
CCCC(O)CC(=O)C(=O)C(=O)C(O),-6.573322122236277,-7.0549846
C(=O)C(=O)C1(N(=O)(=O))OOC(=O)C1(O)(O),-5.149621910695714,-4.2969785
C(OO)C(=O)C1CC(ON(=O)(=O))(C1(C)C)CC(=O)(OO),-8.327951853319973,-9.400859
C(=O)(OO)C1(OO)OC1(C(OO))C=CC(=O)(OON(=O)(=O)),-8.204846815304336,-8.795025
CC(O)(C(=O)(O))C1(N(=O)(=O))OOC(OO)(C1(O)(O))C(=O),-11.390744235235616,-11.078081
C(=O)(O)C1(C(=O))OC1(O)C(=O)C(N(=O)(=O))C(=O),-7.501201734743518,-6.3434486
C(=O)(OON(=O)(=O))C(=O)OC(=O)C(OO)(C)C(=O)C(=O),-4.009965931061743,-3.7955897
C(=O)(OO)C=CC1(OO)OC1(OO)C(=O)(OON(=O)(=O)),-7.194672734014603,-8.314712
C(=O)(O)C(=O)C(ON(=O)(=O))(C(=O)(O))OOC(=O)C(=O),-7.3806318913375435,-6.8305297
CC(C(O))C(=O)(OON(=O)(=O)),-1.5766445649205707,-1.5675118
C(=O)(O)C(C(=O)(O))OOC(OO)(C(ON(=O)(=O)))C(=O)(OON(=O)(=O)),-9.075441125820362,-8.49445
C(=O)C1(O)C(=O)OOC1(O)C(=O),-5.017705832342472,-4.7773376
CC(=O)C(OO)C(C)(C)C(C(ON(=O)(=O)))C(=O)(OO),-7.064534069944784,-8.830732
C(OO)C(OO)C(C)(C(OO))C(=O)CC(=O),-10.422632781897846,-9.884381
CC(=O)C(=O)CC(ON(=O)(=O))(C(OO)(C)C)C(=O)C(=O),-6.317436686204019,-6.8595686
CC(OO)(C)C(C)CC(=O)C(OO),-6.248695805657917,-5.7909756
CC(ON(=O)(=O))(C)OOC(C(=O)C)C(ON(=O)(=O))C(=O)C(OO),-6.038212101859244,-6.0448666
C1(=O)C=C(N(=O)(=O))C(O)(C2(O)(OO))OOC12,-8.175202522077598,-7.5043125
C(=O)(OO)C1(O)OC1(C(=O))CC(=O)(OON(=O)(=O)),-5.341509254103585,-3.9814305
C(=O)(OO)C(ON(=O)(=O))C(O)(C(=O))C(=O)OC(=O)C(=O),-6.3249973349920765,-5.510813
C(=O)(O)C(=O)C(ON(=O)(=O))C1OC1(C(=O)(O))C(ON(=O)(=O)),-8.21746018470003,-7.566949
C(=O)(OO)C(ON(=O)(=O))C(C)C(OO)(C)C(=O),-6.336751810900751,-7.807104
CC(=O)C1(OO)OC1C(=O)C(OO)C(=O)(OO),-8.06706685176323,-8.656429
C(=O)(O)C(C(=O)(OO))C(=O)OC(OO)C(=O),-8.92880512568081,-7.0274396
C12OOC(C1(=O))C(N(=O)(=O))(OO)C(=O)C2(=O),-4.005249557190837,-3.640893
C1(OO)OC1(O)C(O)C(=O)C(=O)(O),-8.635568291090749,-7.7185693
C1(OO)OC1C(O)C(=O)C(=O)C(=O)(OON(=O)(=O)),-4.604204599188961,-4.302395
C1C(ON(=O)(=O))C(ON(=O)(=O))C1(C)C,-1.6049748131299566,-1.8821654
CC(=O)C(ON(=O)(=O))(C(OO)(C)C(OO))C(ON(=O)(=O))C(=O),-7.653754238475813,-7.2614527
CC(OO)(C(=O)(O))C(=O)C(=O)C(=O)C(=O)(OON(=O)(=O)),-5.632251882849232,-5.0392528
C(=O)(O)C(=O)C1(C)OOC(OO)(C1(O))C(=O)(OON(=O)(=O)),-7.91236543026389,-5.897529
C(ON(=O)(=O))C1(O)C(=O)OOC1C(=O)C(OO)C(=O)(OO),-8.8276097247508,-7.6561055
C(=O)(O)C(=O)OC(OO)C(=O)CC(=O),-6.942117831404175,-7.5807357
C(=O)(O)CC(=O)CC(OO)C(ON(=O)(=O))(C)C(ON(=O)(=O)),-8.777456632316898,-8.758548
C(=O)(N(=O)(=O))C(=O)C1(C(O))OOC(C1(=O))C(=O),-5.267492273003882,-3.0752997
C2(ON(=O)(=O))C(O)C(ON(=O)(=O))C(C1(O)(O))OOC12C(=O)(OO),-9.69433600766206,-6.8824544
CC(C(=O)(OO))=C(OO)C(O)OC(=O)C(=O),-8.964055850567092,-6.4259434
C1(OO)OC1(C(=O)(N(=O)(=O)))C(OO),-4.452492091761087,-4.898475
C(=O)C(OO)C(O)C1(C(ON(=O)(=O)))OC1(OO)C(=O),-8.926600870774564,-9.060763
C(OO)C(=O)C1(N(=O)(=O))OC1(O)C(=O),-4.992099335620878,-6.9167585
CC(=O)C1OC1(O)C(O)(O)C(=O)(OO),-7.513747888813668,-9.857585
C(=O)(O)C1OC1(O)C(=O)C(=O)C(ON(=O)(=O)),-6.270919275622873,-3.994681
C(=O)(OON(=O)(=O))C(O)(C(=O))C(O)(C(=O))OOC(=O)C(=O),-6.352466581152839,-6.5548553
C1(OO)C(=O)C(OO)C1(C)C,-4.434561090904026,-3.860121
C1(O)COOC1(C(=O)(O))C(=O)C(=O),-6.589811022051435,-5.827699
C(=O)C(=O)C(O)(O)C(OO)(C)OC(=O)C(=O),-7.903991667168157,-5.8230615
CC(O)(C(=O)(OON(=O)(=O)))C(ON(=O)(=O))C(C)(C)C(C(=O)(O))C(=O),-8.082454999763286,-7.660983
C(=O)(O)C=C(C(ON(=O)(=O)))C(O)OC(=O)C(=O)(OO),-9.696112122204795,-10.371052
C(=O)(O)C1(O)OC1C=C(OO)C(=O)(OO),-10.44529686151509,-7.1413183
C(=O)(O)C1(C(ON(=O)(=O)))OOC(C1(=O))C(OO)C(=O)(OO),-9.766793614169728,-11.0578375
C(=O)(N(=O)(=O))C1OC1(O)C(=O)CC(=O)(O),-6.533419046245399,-4.755811
C(=O)(OON(=O)(=O))C1(O)OOC(N(=O)(=O))(C1(O))C(=O)C(=O),-5.005889309311897,-5.8622346
CC(=O)C(=O)C(C)(C(ON(=O)(=O)))C(C(O))C(=O)(OO),-6.981553109792003,-5.6374426
CC(ON(=O)(=O))(C(O))C(OO)(C(=O)(O))CC(=O)C(=O)C,-9.92901047968553,-9.564575
CC(=O)C(OO)CC(C(=O)C)C(ON(=O)(=O))C(=O)(O),-8.848100771403551,-9.43351
CC(=O)C(=O)CC(C(=O)(OON(=O)(=O)))C(C(O))(C)C(=O),-6.441437438752473,-5.804952
C(=O)C1(OO)OC1C(OO)C(O)(C(=O))C(=O),-9.120357421161316,-7.5641394
CC1(C)C(=O)CC1C(O)(C(OO))C(=O)(OON(=O)(=O)),-6.025637652877776,-6.238062
C(=O)(O)C(ON(=O)(=O))C(=O)C(O)(O)C(=O)C(ON(=O)(=O)),-7.66520675947686,-6.8312073
C(=O)(OON(=O)(=O))C(OO)=C(C)C(OO)OC(=O)C(=O),-6.621623871775228,-5.7582183
C(OO)C(O)(C(=O))C(=O)C=C,-4.095148170184984,-4.2953134
C2(=O)C=CC(C1(O))OOC12C(=O)(O),-7.309998555101629,-7.7920055
C1(O)C(ON(=O)(=O))(C)OOC1C(=O)C(=O)(O),-6.183329316932941,-5.552953
CC(=O)C(ON(=O)(=O))C(OO)OOC(=O)C(=O)(OON(=O)(=O)),-4.5389727966539795,-4.6127467
CC1(C)OOC(OO)CC1C(OO)C(=O),-6.897220207236387,-7.282488
C(=O)(OO)C(ON(=O)(=O))(OO)C(ON(=O)(=O))C(=O),-4.559191505959461,-5.701072
C(ON(=O)(=O))C(=O)C(O)C1OC1C(O)(O)C(=O)(OO),-9.636752752052416,-9.564103
C1(=O)C(N(=O)(=O))(OO)C(OO)(C)C(=O)OOC1C(=O)(OON(=O)(=O)),-5.692100500626111,-6.5406103
CC(=O)C(OO)(C1(C)C)C(ON(=O)(=O))C1(ON(=O)(=O))C(=O)(O),-7.097978558103932,-8.258616
C(=O)(O)C(OO)C1OOC(O)(C(=O))C1(O)C,-10.393639534129761,-7.4837456
C(=O)(O)CC(=O)C(C)C(ON(=O)(=O)),-4.85572275380764,-4.7657833
C1(OO)CC(OO)CC(OO)C1(O)C,-9.645253219572623,-10.137347
C12(N(=O)(=O))OOC(OO)(C1(O)(O))C(ON(=O)(=O))C(O)C2(=O),-7.8556294090922165,-7.2995496
C(=O)(N(=O)(=O)),1.7779735897529463,1.0126563
CC1(C)C(OO)(C(OO))CC1(O)C(=O)(OON(=O)(=O)),-6.719059035385726,-6.4327593
C(O)C(=O)C(=O)OC(=O)C(ON(=O)(=O))C(ON(=O)(=O))C(=O)(OO),-6.9283475804986665,-7.42886
C(=O)(O)C(=O)OC(=O)C=CC(=O),-4.826739603464375,-4.9471245
CC(=O)CC(OO)C(=O)C=C,-3.377697908650589,-3.821066
C1(=O)OC1C(ON(=O)(=O))C(OO)(C(ON(=O)(=O)))C(=O)C(=O)(O),-7.335882675128232,-6.303723
C(=O)(OON(=O)(=O))C(O)C(OO)(C)C1(O)OC1C(=O),-7.327415116076736,-8.167536
C(=O)(OO)C1(OO)OC1(C(=O)(O))CC(=O),-8.654357966814132,-7.8971195
C(=O)C(=O)OC(O)(C(=O)(O))CC(=O),-6.106605820863479,-6.446196
C1(=O)C(=O)OOC1(ON(=O)(=O))C(O)C(=O)C,-3.645171408275928,-4.915362
CC(=O)CC(=O)CC(OO)CC(OO),-7.49758013988685,-7.4714866
C(ON(=O)(=O))C(=O)C(O)(C(=O)(O))OOC(=O)C(ON(=O)(=O))C(=O),-8.062879833640181,-8.886571
CC(=O)C(OO)C(=O)C(ON(=O)(=O))(C)C(=O)(OO),-5.5292715320247225,-5.8615894
C(=O)(O)C1(ON(=O)(=O))OC1(ON(=O)(=O))C(C)C(=O)(OO),-6.286261780631321,-4.3536277
C(O)C(=O)C(O)C(O)C(=O)(OO),-8.253698387095938,-6.9719334
C(O)C(=O)C(C(O)C(=O)(O))OOC(=O)C(=O),-9.992539581096935,-9.811793
C(ON(=O)(=O))C(OO)C(C)(C(O))C(=O)C(=O)(OON(=O)(=O)),-6.3425638188637095,-6.600028
C1(=O)C(=O)C(O)C(OO)OC(=O)C1C(OO),-9.097271273392835,-9.938354
C(=O)(O)C(C(OO))C(C(O))(C)C(=O)(OON(=O)(=O)),-8.281371550558106,-8.315842
CCCC(=O)CC(ON(=O)(=O))C(O)CCC(=O)(OON(=O)(=O)),-6.045012618345936,-6.530656
C(=O)C1(ON(=O)(=O))OC1(O)C(OO)(C)C(O)C(=O),-8.190764159880928,-10.206715
C(=O)(OO)C(O)C(ON(=O)(=O))C(O)C(=O),-6.983742997002992,-7.102461
C(=O)(O)C(OO)(C(ON(=O)(=O)))C(ON(=O)(=O))C(=O)(OO),-7.103403493583755,-5.619305
CC(OO)(C)C(OO)(C)CC(=O)C(OO),-8.063355819303979,-8.335701
C1(OO)OC1C(ON(=O)(=O))(C)C(ON(=O)(=O))C(=O),-4.582645822916675,-5.0733433
C(=O)(O)C(OO)C(O)C1(OO)OC1(ON(=O)(=O))C(=O),-10.033187797533174,-10.116205
C(=O)(O)C1(C(=O)(OO))OC1C(O)C(ON(=O)(=O))C(=O)(OON(=O)(=O)),-8.243531384698144,-9.972522
C(=O)(OO)C(=O)C1OOC(O)(C1(O))C(=O)C(=O),-8.976021644899447,-8.827127
C1(O)(OO)C2(OO)OOC1C=C(C)C2(=O),-8.162187930342043,-7.569708
C(=O)OC(=O)C(=O)C(ON(=O)(=O))(C(=O)(OO))C,-3.7360029457631754,-3.4258556
CC1(C)C(=O)C(OO)C1C(OO)C(ON(=O)(=O))C(=O)(OON(=O)(=O)),-6.9668927816383075,-6.926275
C1(ON(=O)(=O))OC1C(OO)C(O)(OO)C(=O)(OO),-8.247069312612439,-6.8259172
CC(O)(C)C(C(=O)C(ON(=O)(=O)))C(OO)C(=O)(OO),-7.857764419637533,-7.2946663
CC(=O)C(=O)CC(O)(C(OO)(C)C(ON(=O)(=O)))CC(=O)(OO),-9.570625155753078,-10.706599
C(=O)(O)C(=O)C1(OO)OC1C(O)C(ON(=O)(=O))C(=O),-8.718577842755622,-9.547729
C(=O)(OO)C(O)(N(=O)(=O))C(=O)C1OC1(OO)C(=O),-7.119451564947667,-8.839225
CC1(C)C(OO)(C(=O)(OO))CC1C(ON(=O)(=O))(C)C(=O)(OO),-8.771771336450911,-7.2594905
C(=O)(OON(=O)(=O))C1OOC(O)(C1(O)(O))C(ON(=O)(=O))C(=O),-7.146878427720367,-6.3117795
CC(C(OO))(C(=O)(OO))C(C(ON(=O)(=O)))CC(=O)(OON(=O)(=O)),-7.37312264952925,-6.245465
C(=O)(O)C(=O)C(N(=O)(=O))C1OC1(OO)C(=O),-6.807377145021746,-6.1632314
C(=O)(OON(=O)(=O))C(=O)C(OO)OOC(=O)C(O)C(=O),-5.718138836778962,-5.094914
C(ON(=O)(=O))CC(=O)CC(OO)C(=O)CC(ON(=O)(=O)),-7.632099788865162,-8.405818
C1(O)C(O)(C(=O)(O))OOC1(C(=O)(OON(=O)(=O)))C(=O)C(=O),-7.554765833301644,-8.107108
C(O)C(=O)OC(=O)C(ON(=O)(=O))C(OO)C(=O)(OON(=O)(=O)),-5.543806057328766,-5.9561133
CC(OO)(C)OOC(=O)C(ON(=O)(=O))(C)C(=O)(O),-5.992960678402596,-6.5107427
C(ON(=O)(=O))C(OO)(C(=O)(OO))C(=O)C1OC1C(=O),-7.12511536016973,-6.7101197
C(O)C(OO)CC(=O)CCC(=O)(OON(=O)(=O)),-6.81275000802998,-6.9209514
C(O)C(OO)(C(ON(=O)(=O)))C(=O),-4.559218136026175,-4.5307875
CC(=O)C1OOC(O)(C1(=O))C(=O)(N(=O)(=O)),-3.626128160107328,-3.421289
C1(O)(O)C(OO)(C)OOC1(N(=O)(=O))C(=O)(O),-8.383339835028892,-5.4925313
C(=O)(OO)C1(O)OC1C=C(OO)C(=O)(OON(=O)(=O)),-7.5309730981098255,-8.35629
C(=O)(O)C(=O)C(=O)C(=O)CC(=O)C,-5.2092918013077,-6.675957
CC(ON(=O)(=O))(C)C(O)(C(=O)(OON(=O)(=O)))C(=O)C(OO)CC(=O),-7.386590049274673,-6.531982
C(ON(=O)(=O))C1(C(OO))C(C(=O)(OON(=O)(=O)))CC1C(=O)C,-6.747436187397398,-6.0142336
C(=O)(O)C(N(=O)(=O))(ON(=O)(=O))C(O)(C)C(OO)OC(=O),-7.534818587351765,-7.486764
CC(ON(=O)(=O))CCC(ON(=O)(=O))C(=O)CC(=O)(O),-6.77613010971254,-6.7895284
C(=O)(OON(=O)(=O))C(=O)C(=O)C(O)(C(OO))C(=O),-4.190719216727302,-4.081386
C(=O)(OO)CC1CC(ON(=O)(=O))(C(=O)(OON(=O)(=O)))C1(C)C,-5.680449720835895,-6.4121356
C(O)C(=O)OOC(O)(C(=O)(N(=O)(=O)))C(=O)(OO),-7.421135026073898,-7.2987766
C(=O)C(ON(=O)(=O))C(=O)C(=O)C(OO)C(=O),-4.150916789989424,-4.4236145
C(=O)(OON(=O)(=O))C(ON(=O)(=O))C(=O)C(=O)OC(OO)(C)C(=O),-4.353851750314789,-3.9913232
C(=O)(O)C=C(OO)C(=O)OC(=O)C(=O)(OON(=O)(=O)),-5.634203990492097,-6.0829763
CC(=O)C(OO)(C1(C)C)CC1C(OO)C(=O)(OON(=O)(=O)),-6.886779835258494,-6.9235497
C1(=O)OC1(OO)C(=O)C(C)C(=O)(OON(=O)(=O)),-3.959519697997166,-4.4303718
C(O)C(ON(=O)(=O))(C(=O)(O))C(OO)OOC(=O)C(=O),-8.872358916516532,-8.590743
CC(ON(=O)(=O))C(=O)C(C)(C)C(OO)C(=O),-5.082673833472654,-6.045226
C(=O)(O)C(C(=O)(OON(=O)(=O)))C(OO)C(=O)OOC(=O),-6.861549812325393,-6.335257
CC(=O)C(ON(=O)(=O))C(C)(C(=O)(OON(=O)(=O)))C(O)C,-4.233538250096899,-4.4936037
CC1(C(ON(=O)(=O)))C(OO)CC1C(OO)(C)C(=O),-8.019739695886528,-7.1065974
C(=O)(OON(=O)(=O))C(OO)C(O)(N(=O)(=O))C1(O)OC1(C)C(=O),-7.516954571721726,-8.403366
C(=O)(O)CC1OOC(=O)C1(O)C(ON(=O)(=O)),-7.082465757899627,-5.9539647
C2(OO)C(O)C(OO)C(C1(O))OOC12C(OO),-12.552442327905737,-11.163361
C(=O)(O)C(=O)C(O)(O)C(OO)(C)OC(=O)C(=O),-9.828334015895962,-9.520296
C(=O)(OO)C(O)OOC(=O)C(ON(=O)(=O))(C)C(=O),-5.8455270841222955,-6.315114
C(=O)(OON(=O)(=O))C(C(=O))C(C)(C(ON(=O)(=O)))OOC(=O),-4.189504822283197,-4.0184174
C12C=CC(N(=O)(=O))(OO)C(OO)(C1(O)C(ON(=O)(=O)))OO2,-7.4618973095784895,-7.4064865
CC(O)(C(=O)(OO))C(OO)C1OC1(ON(=O)(=O))C(=O),-7.925731915926008,-9.113173
C(=O)(N(=O)(=O))C1(O)OC1C(OO)(C(=O)(O))C(O)C(=O),-10.856342434239195,-11.995861
C(=O)(O)C1(ON(=O)(=O))OC1C(C(OO))C(=O),-7.167004896982689,-7.6865935
C(=O)(O)CC1CC(C(=O)C(ON(=O)(=O)))C1(C)C(OO),-9.4590681674199,-9.1034355
C(=O)(OO)C(ON(=O)(=O))C1(C)OOC(OO)(C1(O))C(=O),-8.641561311957048,-6.470043
C(OO)C(=O)C(ON(=O)(=O))C(C)(C)C(ON(=O)(=O))C(=O)C(=O),-6.282469642465003,-5.164206
C12OOC(O)(C2(=O))C(=O)C(O)C1(ON(=O)(=O))C(ON(=O)(=O)),-6.107358618002763,-3.7678983
CC(O)(C(=O))C(N(=O)(=O))(ON(=O)(=O))C(O)(O)C(=O)C(=O),-7.385483851987374,-7.228353
C1C(=O)CC(ON(=O)(=O))C(=O)C1C(OO)(C)C(O),-8.211601670886012,-8.188753
CC(=O)C1OC1(N(=O)(=O))C(O)C(=O),-3.8016404154222982,-5.679126
C1(=O)C2(O)OOC1C(OO)=CC2(ON(=O)(=O)),-5.84483617096339,-5.876777
C1(O)(OO)C(ON(=O)(=O))(C(=O)(OON(=O)(=O)))OOC1C(OO)C(=O),-7.50145436801904,-7.016542
C(=O)(OO)C(OO)(C(=O)(OON(=O)(=O)))C(ON(=O)(=O))C(OO)OC(=O),-7.579768758016144,-7.59631
CC(ON(=O)(=O))C(=O)OC(OO)C(=O),-3.9020476171899645,-3.2484944
CC(=O)OC(=O)C(ON(=O)(=O))(OO)C(O)C(=O)(OO),-6.960707691814605,-7.322617
CC(OO)(C(=O))C(ON(=O)(=O))C(C)(C)C(ON(=O)(=O))C(=O),-6.471607221668819,-6.622617
C(=O)(OON(=O)(=O))C(O)C(OO)(C(OO))C1OC1C(=O),-8.408396808648831,-8.892911
C(ON(=O)(=O))C(=O)CCCC(OO),-4.738824023705092,-4.151503
CC(OO)(C(=O)(O))OOC(=O)C(ON(=O)(=O))C(=O),-7.1189168456003245,-7.3954096
CC(=O)C(=O)C(ON(=O)(=O))(C)C(ON(=O)(=O))(C(O))C(O),-6.43861189697418,-6.3785796
c1c(O)c(O)c(OO)c(O)c1,-8.293080950366857,-9.566462
C(O)C1(C(=O)(O))OC1C(O)C(ON(=O)(=O))C(=O)(O),-11.13430407494161,-11.7224655
C(=O)(OON(=O)(=O))C(=O)C(O)(O)C(ON(=O)(=O))(C)C(=O),-4.521995195911586,-5.0753107
CC(OO)(C(=O)(OO))C(N(=O)(=O))(C1(O)(O))OOC1C(=O),-10.158625937037868,-10.171393
CC(ON(=O)(=O))(C)OOC(C(=O)(OON(=O)(=O)))C(OO)(C)C(=O),-4.9721753258563695,-5.400678
CC(=O)CCC(ON(=O)(=O))CC(ON(=O)(=O))C(=O)CC,-4.83771700719808,-5.575143
C(=O)(O)C=CC(C)=CC(=O)(OON(=O)(=O)),-3.035322473398992,-4.593414
CC(C(=O)(O))(C)C(OO)C(O)(C)C(=O),-8.219571973782877,-7.9933467
C(ON(=O)(=O))C1(C(=O))OC1(OO)C=C(OO)C(=O),-7.8795301592035685,-8.2081785
CCC(OO)CC(ON(=O)(=O))C(ON(=O)(=O))CC(O),-6.767524061811855,-6.7082314
C(=O)(OON(=O)(=O))C(=O)C(ON(=O)(=O))C(O)(O)C(=O)C(=O),-4.599754058319377,-3.7701945
C(=O)(O)C1OOC(ON(=O)(=O))(C1(O)C)C(OO)C(=O),-9.060781739943195,-10.311121
C1(OO)OC1C(OO)(C(=O)(O))C(ON(=O)(=O))C(=O)(OON(=O)(=O)),-7.485458217968699,-7.6432924
C2(O)C(ON(=O)(=O))C(=O)C(O)(C1(O))OOC12C(O),-8.542632301290723,-8.714916
CC(=O)CC(ON(=O)(=O))CCC(=O)CCC(=O)(O),-7.715648625147878,-7.850578
CC(=O)C(=O)OOC(C)(C(ON(=O)(=O)))C(C(O))C(=O),-6.795301098871278,-6.3619967
C(=O)(O)C1OC1C(ON(=O)(=O))C(=O)(OON(=O)(=O)),-4.0357804826162464,-4.394642
C(=O)(O)C(=O)C(O)C(O)(C(OO))C(=O)OC(=O),-10.070883885429794,-9.213095
C(=O)(OO)C(O)C1(C(=O)(OON(=O)(=O)))OOC(C1(=O))C(=O),-6.24245417748898,-4.980384
C(O)C(=O)OOC(C(=O)(OON(=O)(=O)))C(=O),-3.8592927504432737,-3.9463491
CC(ON(=O)(=O))(C)C(OO)(C(=O)(OO))CC(=O)(OON(=O)(=O)),-5.4808930870603945,-3.532277
C(=O)(O)C(N(=O)(=O))=CC(OO)(C(O))OC(=O),-9.349435327938409,-8.870065
C1(ON(=O)(=O))C(OO)C(OO)C(C)(C(=O)(OON(=O)(=O)))OOC1(=O),-6.359597005266551,-6.6337996
C1(=O)COOC1C(OO)(C(=O)(OON(=O)(=O)))C(=O)(OON(=O)(=O)),-3.7474458671276807,-3.5970058
CCC(OO)C(ON(=O)(=O))CC(=O)CC(=O),-5.908699877207255,-5.9095125
CC(O)CCC(=O)CC(=O)CCC,-4.205194483394735,-4.0918684
C1(=O)C(O)(O)C(OO)OC(=O)C=C1C,-8.444335041269369,-7.6415167
CC(O)C(C)(C(=O)(O))C(C(=O)(OO))C(=O)C,-8.470974018513516,-6.9799395
C1(=O)C(OO)C(O)(OO)C(=O)OOC1(ON(=O)(=O))C,-7.177619818092353,-6.535237
C1(=O)OC1(N(=O)(=O))C(O)(O)C(=O)C(O)C(=O)C(O),-7.806405217437714,-6.2791405
C(=O)(OO)CC1(ON(=O)(=O))OC1(O)C(=O)(OO),-6.811387556197587,-5.0229664
C(=O)OC(OO)C(O)(C(OO))C(=O)C(=O),-7.667968872727215,-6.391879
C12OOC(C2(=O))C(=O)C(O)C1(ON(=O)(=O))C(=O)(OO),-6.50400586744945,-6.957748
C(=O)C(ON(=O)(=O))C(OO)(C)C(=O)CC(=O),-5.581158854332898,-5.824234
C1(O)C(ON(=O)(=O))(C(=O)(OON(=O)(=O)))OOC1C(OO)C(=O),-6.343350624156301,-6.350418
C(OO)C(=O)C(=O)C(O)(O)C(=O)(OON(=O)(=O)),-5.192718883332418,-6.6745954
C(=O)(O)C1(N(=O)(=O))OC1(C)C(OO)C(=O)(OO),-8.028592792208656,-8.568219
C(ON(=O)(=O))C(=O)C(OO)(C(=O)(O))OOC(=O)C(O)C(=O),-9.7260707931855,-7.636351
C(=O)(O)C1OC1C(ON(=O)(=O))(C(OO))C(OO)C(=O)(OO),-11.27121420943513,-11.296993
C(O)C1(C(=O)(OO))OC1(OO)C(=O),-6.8134112802144955,-6.362174
CCCC(O)CC(ON(=O)(=O))C(=O)CC(=O)(OON(=O)(=O)),-5.659106746807083,-5.5137825
C(=O)(O)C(=O)OC(=O)C(ON(=O)(=O))C(O)C(=O)(OO),-8.149721746438445,-7.647652
C(ON(=O)(=O))C(=O)C(O)C(=O)C(ON(=O)(=O))OC(=O),-4.682918875983887,-2.9665763
C(OO)C(OO)C(C(=O)(OON(=O)(=O)))OOC(=O),-5.576557529904676,-5.931554
C(=O)(O)C(N(=O)(=O))=CC1(O)OC1C(=O)(OO),-9.005244017425866,-10.750348
C(=O)(OO)CC(ON(=O)(=O))C(C)(C)C(C(=O)(OON(=O)(=O)))C(=O)C(O),-7.844154305006668,-10.653959
C(=O)(OO)C(=O)C(ON(=O)(=O))(C(OO))C(=O),-4.749740419018053,-5.5124855
CC(ON(=O)(=O))(C(=O))C(OO)(C(=O)(OON(=O)(=O)))C(C)(C)C(=O)C(=O),-6.342366114742617,-5.885625
C1(OO)C=CC(=O)OOC1(C(=O)(OO))C(=O),-7.888308541776496,-8.3874655
C(=O)(N(=O)(=O))C(OO)OC(=O)C(ON(=O)(=O))C(O)C(=O)(O),-8.020204564683809,-8.0067
C1(O)C(OO)(C(=O)(OO))OOC1C(ON(=O)(=O))(C(O))C(=O),-10.198396499599767,-11.808101
CC(=O)C1(N(=O)(=O))OC1(O)C(ON(=O)(=O))C(O)C(=O),-6.64594848717752,-6.3681717
C12OC1C(OO)C(=O)C(=O)C2(=O),-4.162168919407122,-5.3483076
C1(=O)OC1(OO)C(ON(=O)(=O))(C)C(OO)C(=O)(OON(=O)(=O)),-5.638286178960698,-10.012316
CC(OO)(C)C(C(=O)C(O))C(=O)C(=O)C(ON(=O)(=O)),-7.174101875047199,-7.2989135
C(=O)(O)C(O)C(=O)C(O)C(=O)C(=O),-7.022720296361513,-9.259358
C(=O)(N(=O)(=O))C(=O)C(O)(C)C(=O)OOC(=O),-3.5725580169855675,-2.1597683
C(=O)C1(ON(=O)(=O))OC1C(O)(C(ON(=O)(=O)))C(OO)C(=O),-6.909111849134206,-7.431859
C(=O)(OON(=O)(=O))C(=O)OC(=O)C=C(OO)C(=O),-4.262127115995099,-2.8579235
C(=O)(O)C(N(=O)(=O))=CC(OO)(C(OO))OC(=O)C(=O),-10.067218163236248,-9.593871
C(ON(=O)(=O))C(=O)C1(OO)OC1(OO)C(=O),-4.966878764793364,-4.2994623
C(=O)(N(=O)(=O))C(O)(C(=O)(O))OOC(=O)C(ON(=O)(=O))(C)C(=O),-7.281902966486086,-7.484965
CC(=O)C(O)CC(C(ON(=O)(=O))(C)C)C(ON(=O)(=O))C(=O),-6.754158804575127,-7.458048
C(ON(=O)(=O))C(OO)C(C)(C)C(C(=O)(OON(=O)(=O)))C(=O),-5.739015873106837,-5.864059
C(OO)C1(C(=O)(OON(=O)(=O)))OOC(C1(=O))C(OO)C(=O),-7.013377334598772,-7.2969785
CC(C)(C(=O)(OON(=O)(=O)))C(O)C(=O),-2.5531708940943645,-3.4125857
CC(=O)C(C)CC(=O)(O),-3.5433255854222807,-3.1844919
C(=O)(O)C(N(=O)(=O))C(=O)C(=O)OC(OO)C(=O)(OO),-8.26511036795273,-9.283955
C(=O)(O)C(O)C1(O)OC1(O)C(=O),-8.295601629084558,-8.676687
C(=O)C1(OO)OC1(C(=O)(O))C(OO)C(=O),-8.355277824914083,-8.523525
C(=O)(O)C(OO)C(C)(C(ON(=O)(=O)))C(=O)C(=O)(OO),-8.13027097898157,-8.919374
C1(O)C(N(=O)(=O))(C(=O)(O))OOC1C(=O)C(ON(=O)(=O)),-6.862368764595885,-7.1225677
CC(ON(=O)(=O))(C)C(OO)(C(=O)(OON(=O)(=O)))C(OO)C(=O)C,-5.8820178999631025,-5.446104
C1(OO)OC1(C)C(ON(=O)(=O))C(O)(N(=O)(=O))C(=O)(OO),-7.00563010625774,-6.414816
CC(OO)(C(=O)(OON(=O)(=O)))C(OO)C(=O)C(=O)C(=O)(OON(=O)(=O)),-4.948245260879048,-4.828222
C1(OO)C(OO)C(=O)OOC(OO)C1(=O),-7.26953565106669,-5.9653378
CC(=O)C(O)C(C)(C)C(C(ON(=O)(=O)))C(=O)(OON(=O)(=O)),-5.305113762377005,-5.7019625
CC(=O)C(OO)=CC(=O)(O),-5.383795287772955,-1.0732718
CC(=O)CC(ON(=O)(=O))C(=O)C(ON(=O)(=O))CCC(O),-6.98247343139883,-7.0638947
C2(=O)C(=O)C(OO)C(OO)(C1(=O))OOC12(ON(=O)(=O)),-4.555202227664267,-4.4704294
C(=O)(OO)C(OO)C1(C)OOC(ON(=O)(=O))(C1(=O))C(=O)(OON(=O)(=O)),-6.181695589079027,-8.519812
C(OO)C(C(=O)(OO))=CC1OC1C(=O)(OON(=O)(=O)),-6.686839222784329,-5.0662293
C(O)C(=O)OC(O)C(N(=O)(=O))=C(OO)C(=O)(O),-11.558314761627116,-12.771208
CC(ON(=O)(=O))(C)C(C(O)C(=O))CC(=O),-5.629264322476956,-6.349392
CC1(C)C(ON(=O)(=O))(C(=O)C(OO))CC1C(OO),-7.363973766037816,-7.177472
CC(ON(=O)(=O))(C(=O)(O))C(=O)C(C)(C)CC(=O)(O),-8.113497419250052,-7.067128
C(=O)(O)OOC(C(=O)(OO))C(=O)C(=O),-6.9919952259006095,-4.7878547
C(=O)(OO)C(ON(=O)(=O))C(C)(C)C(ON(=O)(=O))C(=O)(OO),-5.629055288743984,-8.383342
C(=O)(OON(=O)(=O))C(O)C(=O)C(OO)(C)C(O)C(=O),-7.090890029787261,-5.4048443
CC(=O)C(ON(=O)(=O))C(C)(C)CC(=O),-3.358409323689557,-2.8259401
CC(=O)C1OOC(ON(=O)(=O))(C1(=O))CC(=O)(OON(=O)(=O)),-3.451995279709081,-3.24728
C1(O)(O)C(O)(C(=O)(O))OOC1C(=O)C(=O)(O),-11.146093959810969,-11.533169
C(=O)(OO)C(=O)C(ON(=O)(=O))C(C(=O)(OON(=O)(=O)))OOC(=O),-4.936965543209226,-5.631393
C2(=O)CC(ON(=O)(=O))C(OO)(C1(=O))OOC12(OO),-5.965341488154081,-5.8064976
C(O)C(=O)C(=O)C(OO)C(ON(=O)(=O))CC(=O)(O),-9.123297119949711,-7.140204
C(=O)(O)C(OO)=C(OO)C(=O),-7.248771682207007,-7.371982
CCC(O)CCC(=O)C(ON(=O)(=O))CC(=O)(OO),-7.369677885377314,-6.903857
C1(O)(OO)C(O)(C(=O))OOC1(C(OO))C(ON(=O)(=O))C(=O),-10.582612824906391,-12.077196
C(ON(=O)(=O))C(=O)OC(OO)C(ON(=O)(=O))C(=O)(OO),-6.151723003407824,-6.7778726
CC(OO)(C)C(CC(=O)(O))C(O)C(=O)(OO),-10.027493875320943,-9.24511
C(=O)C(=O)C(=O)C(OO)=CC(=O)C(OO),-6.7481466901772365,-7.680622
C(=O)(OON(=O)(=O))C(OO)C(O)(C)C1OC1(ON(=O)(=O))C(=O),-5.896452593882714,-5.79539
C(=O)(O)C(=O)OC(O)C(C(=O)(O))=CC(=O)(O),-11.916233760624891,-12.077734
C(=O)(N(=O)(=O))C1(OO)OC1CC(=O)C(=O)(O),-7.199448578347074,-6.5245576
C(=O)(OO)C(=O)C(O)C(=O)OC(=O)C(=O)(OON(=O)(=O)),-4.793703399696824,-5.0454645
C(=O)(N(=O)(=O))C(=O)C(O)(C1(O)C(OO))OOC1C(=O),-8.60369701482341,-8.024016
C(=O)(O)CC(OO)C(=O)CCC(=O)CCC(ON(=O)(=O)),-10.882731082736427,-10.583173
C(=O)(OO)C(=O)C(=O)C(ON(=O)(=O))C(=O)(OO),-4.967136494437,-5.628884
CC1(C)C(OO)(CC(=O)(O))C(ON(=O)(=O))C1C(=O)C(ON(=O)(=O)),-8.450271435765899,-9.224925
CCC(=O)C(OO)C(O)CC(O),-6.975314092833287,-7.455386
C(=O)(O)C1(ON(=O)(=O))OC1(C)C(O)C(O)C(=O)(OON(=O)(=O)),-7.294453031790908,-6.9039106
C(=O)(OON(=O)(=O))COOC(=O)C(=O)(OON(=O)(=O)),-1.2823659980313096,-1.9293711
C2(O)C(=O)C(=O)C(O)(O)C1(C)OC12(ON(=O)(=O)),-5.874105041664734,-4.064697
CCCC(=O)C(OO)CC(=O)CC(OO),-7.526881958878221,-7.677659
CC1(C(=O)(OO))OOC(ON(=O)(=O))(C1(O))C(O)C(=O),-8.221846746655501,-9.059964
CC(=O)C(=O)OOC(C)(C(ON(=O)(=O)))C(OO)(C(O))C(=O),-8.396388060915342,-7.66966
C(=O)(O)C1(N(=O)(=O))OC1C(O)C(OO)C(=O)C(=O)(OON(=O)(=O)),-8.426135573095962,-7.9567637
C1(=O)OC1C(O)C(ON(=O)(=O))(C(=O)(OON(=O)(=O)))C(=O),-4.248246648716304,-4.0676107
C(=O)(O)C(=O)C(=O)C(C(=O)(OON(=O)(=O)))OOC(=O),-4.51272534583768,-5.102623
CCC(O)C(=O)CC(=O)CC(OO)CC,-7.649756503291428,-7.0568986
C(=O)(O)C(OO)C(=O)OC(OO)(C(=O))C(=O),-8.882774657369737,-7.7443805
C(=O)(O)C1(C(=O)(OON(=O)(=O)))OOC(C1(O)(O))C(ON(=O)(=O))C(=O),-8.231402675020945,-7.454592
C(OO)C(O)(C(=O))C(ON(=O)(=O))C(=O)OC(=O)C(=O),-6.665487048281648,-6.906327
C1(=O)C(=O)OOC1(OO)C(OO)(C)C(ON(=O)(=O))C(=O)(O),-8.772714401617122,-9.174066
C(=O)(O)C(O)OOC(ON(=O)(=O))C(=O),-5.415297699240909,-4.768033
C(=O)(O)C(O)C(=O)C(OO)C(=O)C(=O)(O),-9.699164049627143,-9.6401615
CC(ON(=O)(=O))(C(ON(=O)(=O)))C(C(=O)(O))CC(=O)(OO),-7.295337530878896,-7.4895906
CC(=O)C(C)(C)C(OO)(C(OO))C(=O)(OO),-7.809274243412801,-5.6847763
C(=O)(O)C(OO)OC(=O)C(=O)C(O)C(=O)C(ON(=O)(=O)),-9.126592410681042,-8.552838
CCC(=O)CC(ON(=O)(=O))C(ON(=O)(=O))CC(=O)CC(OO),-7.615977004137676,-8.556755
C(=O)(O)C(OO)OC(=O)C(ON(=O)(=O))C(O)C(=O)(OON(=O)(=O)),-7.834448702680675,-7.5414066
C(OO)C(=O)C(O)(C(=O)(OO))C(=O)(OON(=O)(=O)),-5.032164439351618,-3.3760755
C(ON(=O)(=O))C(ON(=O)(=O))CC(O)C(OO),-5.726721070932399,-5.672168
C(=O)(N(=O)(=O))C(OO)OC(=O)C=C(C(=O)(O))C(=O),-7.220837249096803,-7.8980327
C(OO)C(=O)C(=O)C(=O)OOCC(=O)(OON(=O)(=O)),-4.723457616488304,-5.015627
CC1(C(=O)(OO))OC1(O)CC(=O),-5.610600272946613,-5.756935
C(=O)C(O)(OO)C(OO)C1OC1(OO)C(=O),-9.437183318364987,-10.2045765
