SMILES,predictions,target_values
C(O)C(OO)C(O)(C)C(C(=O)(O))C(=O)C,-8.263065570996332,-10.640697
CC(=O)C(ON(=O)(=O))(C(ON(=O)(=O))(C)C)C(=O)C(=O)C(OO),-6.108946979956272,-5.1468577
C2(O)(O)C(=O)C(=O)C(=O)C1OC12C(OO),-7.6624128788898815,-6.2265024
C2(=O)C=CC(C1(O)(O))OOC12C(ON(=O)(=O)),-6.4060811751242,-8.432505
CC(=O)C(O)(C1(C)C)CC1C(=O)(OON(=O)(=O)),-4.372297013883326,-4.560692
CC1(C)C(ON(=O)(=O))(C(=O)C(OO))CC1CC(=O)(OON(=O)(=O)),-6.654710222081121,-6.243421
CC(=O)C(OO)C(O)(C)C(ON(=O)(=O))CC(=O)(OON(=O)(=O)),-7.0854360379071295,-6.6857867
C(=O)(N(=O)(=O))C(=O)OC(OO)(C(ON(=O)(=O)))C(=O),-4.167659553264457,-3.7822566
C(=O)(O)C1(OO)OC1C(OO)C(O)C(=O)C(ON(=O)(=O)),-7.4915366082295805,-11.114155
CC(=O)C(=O)C(C)(C)C(C(ON(=O)(=O)))C(=O)(OON(=O)(=O)),-4.017702857975564,-2.7883456
C(=O)(O)C1OC1C(O)C(=O)(OO),-8.295490054440961,-8.340676
CC(=O)C(ON(=O)(=O))C(C)(C(O))C(=O)CC(=O)(OO),-9.23270662259165,-6.666523
C(=O)C(O)C(=O)C1(OO)OC1(OO)C(=O),-7.2988987563858245,-8.354074
CC(=O)C(=O)C(O)(C)C(C(O))C(=O)(OO),-9.56092370726219,-10.732487
C(=O)(O)C(ON(=O)(=O))C(=O)C(O)(O)C(=O)C,-6.845137608193909,-9.198031
C(=O)(OO)C(O)OOC(=O)C(O)(C)C(=O)(OON(=O)(=O)),-6.511490080723888,-5.837641
C(=O)(O)C(O)(C(OO))C(=O)C(O)(O)C(=O),-11.11666464962218,-7.724981
C(=O)(O)COOC(=O)C(ON(=O)(=O))(C(OO))C(=O)(OO),-7.101872644376272,-8.3390255
C(=O)C(=O)OC(=O)C(=O)C(O)C(=O),-3.7838802225760446,-5.169232
C(OO)C(=O)OC(OO)CC(=O)(OON(=O)(=O)),-7.050860980274592,-5.254362
CC(=O)C(=O)C(OO)C(ON(=O)(=O))C(O)(C)C,-7.11433281760219,-6.692398
C1(=O)OC1C(ON(=O)(=O))(C(=O)(OO))C(O)C(=O)(OON(=O)(=O)),-5.839139908355719,-5.565557
C(=O)(O)C1OC1(C(=O)(O))CC(=O)(OON(=O)(=O)),-6.7396535027237405,-6.6116166
C(=O)(N(=O)(=O))C1(O)OC1C(OO)C(O)C(=O)(OON(=O)(=O)),-7.090023688308065,-5.925948
CC(=O)CCCC(ON(=O)(=O))C(=O)CC(ON(=O)(=O)),-5.736083131237137,-5.8298874
CC(ON(=O)(=O))(C(=O)(O))C(=O)OOCC(=O)(O),-6.365514135521153,-7.94443
C(=O)(OON(=O)(=O))C(=O)C(ON(=O)(=O))C(O)(C(OO))C(=O)C(=O),-6.049111564690975,-5.2527356
C(=O)C(OO)C1(O)OOC(=O)C1(=O),-8.114906133594559,-5.437805
CC(=O)CC(=O)C(O)C(=O)CCC(O),-7.2360228897432535,-5.8129573
C(=O)(OO)C(=O)OC(O)C=C(C(ON(=O)(=O)))C(=O)(OON(=O)(=O)),-6.836037359378679,-8.708868
C(ON(=O)(=O))C(OO)C(C)(C)C(ON(=O)(=O))(C)C(=O),-5.696340537365359,-5.696832
C1(=O)C(C(=O)(OON(=O)(=O)))OOC1(C)C(OO)C(=O)(OON(=O)(=O)),-4.571066627773689,-3.961474
C(=O)(O)C(OO)=C(C)C1OC1C(=O),-7.862390447402504,-7.5700936
CC(O)C(OO)CC(=O)C(=O)CCC(OO)C,-9.732661530993937,-9.926443
C1(O)(OO)C(O)(C(=O)(O))OOC1(O)C(ON(=O)(=O))C(=O),-8.819820916918616,-11.918569
CC(O)(C(=O)(OON(=O)(=O)))C(ON(=O)(=O))C(=O)OC(=O),-4.341937649161991,-2.9858997
C(=O)(O)CC(=O)C(O)(C)C(=O)C(ON(=O)(=O)),-7.904785234063638,-4.3018966
CC(=O)C(O)CC(=O)CC(=O)(OON(=O)(=O)),-5.108108024396643,-4.8503327
C(=O)(O)C(=O)C(ON(=O)(=O))(C1(O))OOC1C(=O)C(=O)(OO),-6.260414583508464,-8.626364
C1(ON(=O)(=O))OC1C(OO)(C(O))C(O)C(=O)(OON(=O)(=O)),-6.270054846340827,-7.4410634
C1(O)(O)C(=O)OOC1(C)C(ON(=O)(=O))C(ON(=O)(=O))C(=O),-7.399319093189661,-6.129129
C(=O)(O)C(N(=O)(=O))C(=O)C(OO)OC(=O)C(=O),-7.031496650148256,-6.433697
C(=O)(O)C(=O)OC(=O)C(ON(=O)(=O))C(=O)(OO),-7.090813442864601,-5.468289
C(=O)(OO)C(=O)OOC(OO)(C(=O)(O))C,-7.851637225963714,-8.659035
C(OO)C(=O)C(C(=O))OOC(=O)C(ON(=O)(=O))C(=O),-4.918404696618381,-7.0099382
C(ON(=O)(=O))C(=O)OOC(OO)(C(=O)(O))C(OO)C(=O),-7.517546686598507,-10.355258
C1(O)C(OO)OOC1(C(=O)(O))C(=O),-8.808561494939568,-7.231109
CCC(O)C(ON(=O)(=O))CC(OO)CCCC,-7.558298694904806,-5.503156
C(=O)(O)C1(OO)OC1(C)CC(=O)(OON(=O)(=O)),-7.201403968634622,-6.437983
C(=O)(O)C(C(=O))C1(O)OC1(ON(=O)(=O))C(=O),-6.312307412068549,-6.0938077
CC(=O)OOC(ON(=O)(=O))(C(=O)(O))C(=O)C(ON(=O)(=O))C(=O)(O),-6.9157355331281,-7.6208425
C(ON(=O)(=O))C(=O)C1OC1(C(OO))C(=O)(OON(=O)(=O)),-3.965169112437252,-5.2034307
C(=O)(O)C(O)C(O)C(=O)OC(OO)(C(=O)(N(=O)(=O)))C(ON(=O)(=O)),-7.40211158960301,-10.173429
C(=O)(OO)C(OO)C(C1(=O))OOC1(C)C(=O),-7.106442523945589,-4.2944226
C(=O)(O)C(O)C1(O)OC1(OO)C(=O)(OON(=O)(=O)),-7.739405548367358,-7.3681836
CC1(C(OO))C(=O)C(OO)C1CC(=O),-7.840544465923813,-7.466053
CC(=O)C(ON(=O)(=O))C(OO)CC(=O)(OO),-7.600735061816522,-5.9672976
CC(OO)(C(=O)(O))C(C(=O))CC(=O)(OON(=O)(=O)),-7.400469117518696,-7.718368
C(=O)(N(=O)(=O))C1(O)OC1(C)C(O)C(=O),-6.971107385494179,-5.9321136
CC(=O)C(C(ON(=O)(=O)))C(C)(C(OO))C(=O)C(ON(=O)(=O)),-7.169496669233013,-7.0590267
C(=O)(O)C1OC1C(O)C(=O)C(=O)(OO),-7.157237799905488,-8.640828
C1(=O)C(=O)C(OO)=CC(=O)OC1(OO)C,-9.232479505963056,-7.770835
C(=O)(O)C(O)C1OOC(O)(C1(O)(OO))C(=O),-9.010791844821142,-11.3270855
C(O)C(=O)CCC(=O)C(=O),-4.7133617437466455,-4.785871
C(=O)CC1(O)OC1(OO)C(=O),-7.333570344306281,-5.1632695
C(=O)(O)C(OO)=C(C(ON(=O)(=O)))C(OO)OC(=O),-9.183823473020311,-8.608437
C(=O)(O)C(O)C(OO)C1(C(OO))OC1(O)C(=O)(N(=O)(=O)),-10.848427682054535,-13.0811205
C(=O)(O)C(=O)C1OC1(=O),-3.476352235324157,-1.1465026
C1(=O)OC1C(O)(C(ON(=O)(=O)))C(=O),-3.5024093954889395,-3.60062
C(=O)(O)C(OO)C(ON(=O)(=O))C(OO),-8.322871043141276,-7.2428904
CC(=O)C(ON(=O)(=O))CC=C(C)C(=O),-3.995210616150871,-3.6164289
CC(=O)C(O)CCC(ON(=O)(=O))CC,-4.836264364967974,-4.8077593
CC(O)(C(=O)(OON(=O)(=O)))C(=O)C1OC1(OO)C(=O)(OON(=O)(=O)),-5.669855648739031,-4.063917
CC(ON(=O)(=O))(C(ON(=O)(=O)))C(O)(C(OO))CC(=O)C(=O)C,-7.8663591828244535,-7.305038
C(=O)(O)C1(O)OC1C(O)(C)C(OO)C(=O)(OON(=O)(=O)),-8.319946511307535,-8.990724
CC1(C)OOC(ON(=O)(=O))(C(=O)C)C(=O)C1C(ON(=O)(=O)),-4.582057735998205,-4.5722966
C(=O)(O)C(ON(=O)(=O))C(O)(C(=O)(O))C1OC1C(=O),-9.938948360604627,-9.509088
CC(ON(=O)(=O))C(OO)CC(O)CC(OO),-6.018986371797837,-8.208512
C1(=O)C(=O)C(OO)(C)C(=O)OOC1C(=O)(OON(=O)(=O)),-4.00824076139088,-3.3602765
C(O)C(=O)C(=O)OOC(C(=O))C(=O),-4.91081490273973,-5.821461
C(=O)(OO)C(O)C(ON(=O)(=O))(C(ON(=O)(=O)))C(=O)C(=O),-7.357836487894019,-5.3741302
C(=O)(O)C(=O)OC(=O)C(O)(C)C(O)C(=O),-6.339608613281598,-8.769727
C(ON(=O)(=O))C(OO)C1(C(=O)(OON(=O)(=O)))OOC(=O)C1(=O),-4.926271286148221,-4.3101354
C(=O)(OO)C(C(=O)(OON(=O)(=O)))C(=O)(OON(=O)(=O)),-3.5001968504038814,-1.4233477
CCC(=O)CC(ON(=O)(=O))C(OO)C(=O)CCC,-5.984523820757204,-5.454556
C1(=O)C(O)(C(=O)(OON(=O)(=O)))OOC1(C(O))C(=O),-6.102402942967274,-5.299354
CC(=O)C(=O)C(C)(C(OO))C(ON(=O)(=O))(C(O))C(=O)(OON(=O)(=O)),-7.809671112381693,-7.6172104
C1(=O)OC1C(=O)C(O)(ON(=O)(=O))C(=O)C,-3.5822793533370714,-4.2656913
C(=O)(OON(=O)(=O))CC(=O)CCC(O)CCC(=O),-6.460779230220396,-6.8922324
CC1(C)C(OO)C(ON(=O)(=O))C1C(O)(C)C(=O)(O),-8.664792470728571,-8.188628
C(=O)(N(=O)(=O))C(OO)OC(=O)C(O)C(O)(C(=O)(O))C(ON(=O)(=O)),-7.183931053237757,-9.054371
CC(O)(C)C(ON(=O)(=O))C(OO)(C)C(=O)(OON(=O)(=O)),-6.607430497760106,-4.613604
C(OO)C(=O)C(=O)C(O)C(ON(=O)(=O))OC(=O),-6.990478367704782,-6.1651297
CC(=O)CC(O)CCC(ON(=O)(=O))C(=O)(O),-8.74478774430554,-9.273426
C2(=O)C(O)C(ON(=O)(=O))C1(C(=O)(OO))OOC2C1(O),-8.125938483915888,-8.151989
CC(=O)CCC(O)CC(=O)CC(=O)C(OO),-8.238060219640829,-9.687244
C(O)C(OO)(C(=O))C(OO)(C1(O))OOC1C(=O),-9.94997558356772,-10.879862
CC(=O)CC(C(OO)(C)C(=O)(OO))CC(=O)(OON(=O)(=O)),-7.013555143169469,-6.9458604
C(=O)(O)C(O)C(ON(=O)(=O))C(=O)OC(=O)C(=O)(OON(=O)(=O)),-5.874849687654205,-5.5306306
C(=O)(OO)C(O)(N(=O)(=O))C(=O)C(OO)OC(=O)C(=O),-6.764709823866724,-7.334784
C(=O)(N(=O)(=O))C1OC1C(=O)C(O)(C)C(=O)(O),-6.767056156564649,-5.396203
C1(O)C2(O)OOC1C(N(=O)(=O))C(=O)C2(OO),-8.449154791898764,-11.849641
C(=O)(O)C(C(=O))C(C)(C)C(ON(=O)(=O))CC(=O),-5.9574453931045355,-7.137289
C(=O)(OON(=O)(=O))C(OO)=CC1(OO)OC1(C)C(=O),-6.511343281485097,-5.6547503
C1(ON(=O)(=O))C=CC(C2(O)(OO))OOC12C(=O),-7.604103617149121,-6.55164
CC(ON(=O)(=O))CCC(=O)CC(=O)CCC(O),-6.1005510822369615,-6.0535007
C(=O)(OO)C(ON(=O)(=O))C(ON(=O)(=O))(C(=O))C(=O)OC(=O),-4.5378797814064455,-4.4084134
C(=O)(O)C(C(=O)(OON(=O)(=O)))OOC(ON(=O)(=O))(C)C(OO)C(=O),-6.03564779800945,-7.5007043
C(=O)(O)C(=O)C(ON(=O)(=O))(C(OO))C(=O)(OO),-7.116189752370701,-6.641661
C1(O)C(=O)OOC1C(ON(=O)(=O))C(N(=O)(=O))(OO),-7.059756135757198,-6.0695806
C(=O)C(=O)C(=O)C1OC1(C(=O)(O))C,-4.612643380201916,-5.5945354
CC(=O)C(OO)(C(ON(=O)(=O))(C)C)CC(=O),-6.41702924495803,-5.25385
C(=O)(OO)C(O)(OO)C1OC1C(=O)(OO),-9.781865780547378,-8.488836
CC(=O)C(C(O))C(ON(=O)(=O))(C)C(=O),-4.903441336743526,-4.9765043
C1(O)C(ON(=O)(=O))(C(OO))OOC1(O)C(=O),-6.730049719917588,-7.349185
CC(OO)(C(ON(=O)(=O)))C(OO)C(=O)C(ON(=O)(=O))CC(=O)C(=O),-6.928820716381779,-7.060422
C(=O)(O)C(=O)C(ON(=O)(=O))C1OOC(O)(C1(O)(N(=O)(=O)))C(=O)(OO),-7.768546240466094,-10.041035
CC(=O)C(ON(=O)(=O))C(=O)C1C(OO)C(OO)C1(C)C,-7.150827760941866,-7.3862476
CC(ON(=O)(=O))C(C)(C(OO))C(=O)C(ON(=O)(=O)),-6.491922961778982,-5.054342
C(=O)(O)CC(ON(=O)(=O))C(OO)(C)C(C(=O))C(=O)C,-8.587052350686463,-9.110926
C(=O)(OO)C(ON(=O)(=O))C(C(=O)(OON(=O)(=O)))C(OO)(C)C,-5.6244381535179855,-5.8463726
C(=O)(OON(=O)(=O))C(=O)C(ON(=O)(=O))(C(OO)C(=O))OOC(=O),-3.7334665000398672,-4.2540936
C(=O)(O)C(O)(N(=O)(=O))C(O)(C1(O))OOC1C(=O)C(=O)(OON(=O)(=O)),-6.973828520765892,-9.006724
C1(=O)OC1C(ON(=O)(=O))(C(OO))C(O)C(=O)(OO),-8.746213706442177,-7.8080506
C1(O)(O)C(ON(=O)(=O))OOC1C(OO)C(=O)C(=O)(OON(=O)(=O)),-6.547237654512173,-6.3942223
C1(ON(=O)(=O))C(O)(OO)C(=O)C(OO)OOC1(=O),-7.30703279565023,-6.925324
CCC(OO)CC(=O)CCC(ON(=O)(=O))C(OO),-8.125501323853314,-7.752494
CC(=O)CC(=O)C(OO)(C)C(=O),-5.351406504096303,-4.7975802
C(ON(=O)(=O))C(OO)C(O)(C)C(=O)(OON(=O)(=O)),-6.026324446268518,-4.265549
CC(=O)CCC(=O)C(OO)C(ON(=O)(=O))C,-6.223130999999739,-5.682015
C(=O)(O)C(OO)C(=O)(O),-7.229471173044658,-6.3458834
CC(=O)C(OO)(C1(C)C)C(OO)C1C(=O)(O),-8.011247801474383,-8.786591
C(=O)(OO)C(=O)C(ON(=O)(=O))(C)C(OO)OC(=O)C(=O)(OON(=O)(=O)),-5.853243539631876,-6.63457
C(=O)(OO)C(O)C(OO)C(O)(O)C(=O)C(=O),-9.102572004252579,-12.646178
C(=O)(O)C(OO)C(ON(=O)(=O))C1OC1(C(=O)(O))C(=O)(O),-9.450704096363552,-11.063745
C(=O)C(ON(=O)(=O))C(C(=O)(OON(=O)(=O)))(C(=O))OOC(=O),-2.583671122622036,-2.9519467
C1(=O)OC1C(ON(=O)(=O))(C)C(ON(=O)(=O))(OO)C(=O)(OO),-6.2575611557349475,-5.105813
C1(O)(N(=O)(=O))C(O)(C(=O))OOC1(C)C(=O)C(=O),-6.2927484378597,-5.640105
C1(=O)OC1(OO)C(OO)C(O)(C)C(=O),-8.818019083759282,-12.51363
C(=O)OOC(=O)C(ON(=O)(=O))(C)C(=O)C(=O),-3.1050591237217304,-2.1547158
C(=O)(O)C(=O)C(OO)C(O)C(OO)OC(=O),-8.031493199056058,-10.2078285
C1(=O)OC1(=O),-0.6516894648175366,2.8648071
C(=O)(OO)C(O)C(ON(=O)(=O))(C)C(C(=O))C(C)(C)C(=O),-7.900112709937275,-8.618278
C2(=O)C(OO)C(ON(=O)(=O))C1(ON(=O)(=O))OOC2(OO)C1(=O),-5.784265627295099,-3.5740829
C2(O)C(OO)C(=O)C(C1(O))OOC12C(=O)(OON(=O)(=O)),-7.588654978753766,-8.623935
C(O)C(=O)OOC(OO)(C(=O)(OO))C(=O),-7.332913463806108,-7.920781
C(=O)(O)C(=O)OC(OO)C=CC(=O)C(ON(=O)(=O)),-8.092603966268143,-8.963497
C(=O)(OO)C(OO)C(ON(=O)(=O))(C1(O))OOC1(C)C(=O),-6.601945605641049,-9.655337
CCCCC(=O)C(O)C(ON(=O)(=O))CC(=O)C,-5.241141194568627,-5.471873
CC(O)(C(=O))C(OO)(C(=O))OOC(=O)C(=O),-8.370723414973327,-6.0993843
C(=O)(OO)C(=O)OC(=O)C(O)(C)C(=O),-6.35803345871318,-4.9132876
C1(=O)COOC1(C(=O)(OO))C(=O)(OON(=O)(=O)),-3.7906001473438664,-4.036603
CC(O)CC(ON(=O)(=O))C(OO)C(=O)C(=O)C(=O)CC,-7.427435741966292,-7.2886906
CC(=O)C=CC(C(ON(=O)(=O))(C)C)CC(=O)(OON(=O)(=O)),-5.1268658205199245,-5.1178236
C(ON(=O)(=O))C1(O)OC1(C)C(=O)(OO),-5.4406998997819755,-4.525441
C1(ON(=O)(=O))C(ON(=O)(=O))OOC(=O)C=C1C(OO),-6.870536082566105,-5.917593
C(=O)(OON(=O)(=O))CC(O)(C1(O))OOC1C(=O),-5.9805804834441005,-6.594588
C(=O)(OO)C1(O)OC1(OO)C(C(=O))C(=O),-8.591909696750008,-7.012919
C(=O)OC(OO)C(O)(C(=O)(OON(=O)(=O)))C(ON(=O)(=O))C(=O),-6.145377289463795,-6.2902374
C12OC1C(=O)CC(=O)C2(O)(OO),-6.48142974460643,-7.76865
CC(OO)CCC(O)CC(OO)C(ON(=O)(=O)),-7.130682328901457,-9.275432
C(=O)(OO)C(=O)C(O)C1OC1(OO)C(=O)(OON(=O)(=O)),-5.394560810573239,-7.639987
C(ON(=O)(=O))C(ON(=O)(=O))(C(=O))C(C(=O)(O))OOC(=O),-5.309379661717685,-5.9474688
CCC(=O)CC(=O)CCC(OO)C(ON(=O)(=O))C,-6.420648278235603,-6.471668
C(=O)(OO)C(=O)C(=O)C(=O)C(C(=O)(O))C,-6.060314352444038,-6.984717
CC(=O)C(C)(C)C(ON(=O)(=O))(C(=O))C(OO)C(=O)(OO),-7.394918362887438,-7.646164
CC(OO)CCCC(OO)CCC(O),-8.018803700443641,-8.836318
C1(=O)C(=O)OOC1(C)C(N(=O)(=O))(ON(=O)(=O))C(=O)C(=O),-3.58532427852424,-2.5179844
C(=O)(O)C1(O)OC1(N(=O)(=O))C(OO)(C)C(O)C(=O),-10.543702108538128,-10.275277
C(=O)(O)CC1(ON(=O)(=O))CC(ON(=O)(=O))(C(=O)C)C1(C)C(OO),-8.505481458820213,-8.43644
C1(N(=O)(=O))(OO)OC1(OO)C(ON(=O)(=O))(C)C(=O),-5.378221239505365,-5.525619
CC1(C(=O)(O))OOC(OO)(C1(O)(N(=O)(=O)))C(O)C(=O),-8.365163296817627,-8.953388
C(O)C(=O)C1(ON(=O)(=O))OC1C(OO),-6.2084365037171665,-3.4384997
CC(=O)C(C(=O)(OO))C(C)(C(ON(=O)(=O)))C(ON(=O)(=O))C(=O),-5.772053819401663,-6.263603
CC(=O)C(C(=O))C(ON(=O)(=O))(C)C(OO)CC(=O),-6.466870571845902,-8.086406
C(O)C(=O)C(=O)C(ON(=O)(=O))(C)C(=O),-4.417218464255711,-3.2209394
C(=O)(O)C(O)C1OOC(OO)(C(=O))C1(O)C,-9.381482096909167,-9.258656
C1(=O)OC1C(O)(C(=O)(O))C(ON(=O)(=O))C(=O),-7.556511264947403,-6.4108596
C12OOC(O)(C1(O))C(ON(=O)(=O))C(O)(OO)C2(ON(=O)(=O)),-8.841553926942652,-11.273822
C(=O)(N(=O)(=O))C1(O)OC1(O)C(=O)C(O)C(=O),-7.574511978911687,-7.2121773
C1(O)C(ON(=O)(=O))C(=O)C(=O)OOC1(C)C(=O)(O),-7.373838716910541,-8.519924
C1(O)(O)C(C(=O)(OON(=O)(=O)))OOC1(C)C(OO)C(=O),-7.46983906686728,-5.5453644
C(=O)C1OC1(OO)C(OO)=CC(=O),-9.16488130039943,-6.524892
C(=O)(OO)C(=O)C(=O)CC1OC1C(=O)(OO),-8.564554944265183,-9.966343
CC(=O)CCC(ON(=O)(=O))C(O)C(=O)(OO),-8.327346011854388,-6.5744667
C(=O)(OO)C(=O)C1OOC(C1(O))C(ON(=O)(=O))C(=O)(OON(=O)(=O)),-6.674004455335307,-8.561661
C1(O)C(=O)C(OO)CC(ON(=O)(=O))C1(ON(=O)(=O))C,-7.336213212762232,-7.5320034
C(=O)(OON(=O)(=O))C=C(OO)C1(ON(=O)(=O))OC1C(=O),-4.471886699126117,-3.2736392
C1(O)(O)C(OO)OC(=O)C(ON(=O)(=O))(C(O))C(OO)C1(=O),-8.831230204993517,-12.245581
C(=O)(O)C(O)C(=O)C(N(=O)(=O))C(O)C(=O),-6.768361552940405,-7.010908
CCCCC(ON(=O)(=O))C(O)CCC(=O)(OON(=O)(=O)),-5.022492097205941,-4.6504827
CC(OO)(C)C(C(=O)(OON(=O)(=O)))CC(=O)C(O),-6.680082695717829,-7.430821
C1(=O)CC=CC(=O)C1(O)C,-3.1373506275231193,-3.2510693
C(=O)(OO)C(ON(=O)(=O))C(O)(C)C(ON(=O)(=O))OC(=O),-6.795539563481725,-7.098085
C(=O)C1(OO)OC1C(OO)=C(N(=O)(=O))C(=O),-7.7581065744270745,-7.93437
C(=O)(OO)C(O)C(OO)(C)C(=O),-8.370723414973327,-6.7780533
CC(O)CCC(=O)CC(=O)C(OO)C(ON(=O)(=O))C,-8.835445932503717,-8.60796
C1(=O)C(C(=O)(OO))OOC1(C(O))C(=O)(OON(=O)(=O)),-6.329523705770043,-6.404044
CC1(C(=O)(O))OC1(OO)C(=O)C(O)C(=O)(OO),-8.818019083759282,-7.7378683
C(OO)C1OOC(O)(C1(O))C(=O),-7.743782591918716,-7.892378
C1(ON(=O)(=O))OC1(C(OO))C(OO)C(O)C(=O)(OO),-8.021566673474808,-10.274569
CC(=O)C(=O)CC(OO)(C(O))C(C)(C)C(=O)(OON(=O)(=O)),-6.567203173888629,-6.40633
C(=O)(OO)C(O)(O)C1OC1C(O)(C(OO))C(=O),-10.211007184139817,-11.059028
C12OC1(OO)C(N(=O)(=O))C(=O)C(=O)C2(O)(O),-7.425090990927856,-6.552484
CC(OO)CC(ON(=O)(=O))CCC(=O)CC(=O),-5.922756404528627,-6.2522454
C(=O)(OO)C(N(=O)(=O))C(=O)C(=O)OC(=O)C(=O),-4.4410476231005305,-4.9001207
C1(=O)C(O)(OO)C(=O)C(=O)OOC1(C)C(=O)(O),-6.910521170169886,-7.0967317
C(=O)(O)C(=O)C(C(ON(=O)(=O)))CC(=O),-4.886052733154429,-6.072384
C(=O)C(=O)C(O)(OO)C1(O)OC1C(=O),-8.92530185031137,-7.466169
CC(O)CCC(ON(=O)(=O))CCC(ON(=O)(=O))CC,-5.066839700770288,-5.941266
C(=O)(O)C(O)C(OO)C1(C(=O)(OO))OC1(ON(=O)(=O)),-8.840336523491715,-8.844329
C(=O)(O)C(ON(=O)(=O))C(C(=O)(O))(C(=O)(OO))OOC(=O),-6.854444707474613,-8.52169
C(=O)(O)C(C(=O))=C(OO)C1(N(=O)(=O))OC1C(=O),-8.424634610570138,-8.244781
C(=O)(O)C1(O)OC1(ON(=O)(=O))C(OO)C(=O),-6.714434580957459,-8.153867
CC(ON(=O)(=O))(C(=O)(O))C(C(=O))C(O)(C)C,-7.173678875452424,-7.078549
C1(ON(=O)(=O))C(=O)C(ON(=O)(=O))C(OO)OOC1C(=O)(O),-7.0996225697508635,-6.9309945
C(=O)(O)C(=O)C(O)(O)C(N(=O)(=O))(OO)C(ON(=O)(=O))(C)C(=O),-8.53080306184529,-8.438615
C(=O)(OO)CC(O)(C(=O)(OO))OC(=O)C(=O),-9.274215982217356,-6.5199704
C(O)C(=O)C1C(OO)C(OO)(C(=O)(OON(=O)(=O)))C1(C)C,-7.608085710719934,-9.658169
C1(OO)OC1(O)C(ON(=O)(=O))C(OO)C(=O)(O),-7.9872788747015875,-8.689862
C(=O)C1OC1C(C(ON(=O)(=O)))=CC(=O),-4.697164453738878,-3.524549
C(O)C(=O)C(=O)OC(OO)C(=O)C(ON(=O)(=O))C(=O)(OON(=O)(=O)),-6.418847010874742,-6.3232102
C(O)C(=O)C(=O)C(OO)(C(=O)(O))OOC(=O),-8.374458804628375,-7.8140445
C(=O)(OO)C(ON(=O)(=O))C(ON(=O)(=O))(OO)C1OC1(C(O))C(=O),-7.543297532434735,-10.148476
C(=O)C(=O)C(OO)C1(OO)OC1C(=O),-7.2988987563858245,-6.044775
C(=O)(O)C(=O)OC(=O)C(ON(=O)(=O))C(OO)C(ON(=O)(=O)),-7.46772460297143,-7.533762
C(=O)C(=O)C(O)(C(=O)(N(=O)(=O)))OOC(=O)C,-4.4207662741700915,-4.117239
C(OO)C(=O)C(N(=O)(=O))(OO)C(=O)(OON(=O)(=O)),-6.25140222139089,-3.5419111
C(=O)(O)C1OC1(C(OO))C=C(=O),-8.146533436582104,-5.57128
CC(=O)CC(=O)C(OO)CCC(ON(=O)(=O)),-7.165469045785358,-6.134251
C(=O)(O)C(OO)C(OO)OC(=O)C(ON(=O)(=O)),-7.670632615372597,-8.153105
C(=O)(O)C(O)C(ON(=O)(=O))C1OC1(C)C(=O)(OO),-8.201263223016213,-10.8323
C(=O)(O)C(=O)OC(=O)C(N(=O)(=O))C(=O)C(=O)C(OO),-6.936064863517458,-7.0308948
C(N(=O)(=O))(ON(=O)(=O))C(=O)C(OO)(C)OC(=O)C(=O),-4.213215513556861,-3.954465
C(=O)(OO)C(=O)C(ON(=O)(=O))C(=O)OOC(=O)C,-4.863719712595412,-5.012952
C(ON(=O)(=O))CC(=O)CC(OO)CC(ON(=O)(=O)),-7.179083366725536,-6.8042955
C(ON(=O)(=O))C(=O)CCC(OO)C(=O)(OO),-7.8894861517619574,-6.2790165
CC(OO)CCC(O)CC(=O)CC(ON(=O)(=O))C(ON(=O)(=O)),-9.16147573640501,-10.324899
C1(=O)OC1C(ON(=O)(=O))C(=O)C(=O)C(OO),-4.571508141360027,-4.199545
C12OOC(O)(C1(O)C)C(=O)C(O)C2(=O),-7.818204152357794,-6.8166294
C(=O)(O)CC(=O)OC(OO)(C(=O)(O))C(ON(=O)(=O)),-8.426116011387421,-9.470404
C(ON(=O)(=O))C(=O)C(O)C(ON(=O)(=O))C(O)C(=O)(OO),-7.831890080366065,-7.607782
CC(=O)C(O)(OO)C(ON(=O)(=O))C1OC1(OO)C(=O),-7.560907898046935,-5.652435
CC(=O)OOC(=O)C(=O)C(O)(N(=O)(=O))C(=O),-4.4207662741700915,-4.295012
CC(=O)C(O)C(ON(=O)(=O))(C)C(=O),-4.263407530475888,-3.5839763
C(N(=O)(=O))(OO)C(=O)C1OC1C(=O),-4.249771253140352,-3.8162594
C(=O)(O)C(C(=O))=CC(=O)OC(=O)C(=O),-5.629782545616763,-5.4364157
C(=O)(OO)C=C(C)C1(OO)OC1(OO)C(=O),-8.559680535450752,-8.58548
C(ON(=O)(=O))C(=O)C(OO)C(O)(C(=O)(OO))OOC(=O),-7.541663054806122,-6.883935
C(=O)(O)C1(OO)OC1(N(=O)(=O))C(C)=CC(=O)(OON(=O)(=O)),-7.143431495080222,-6.049025
C1(O)C(N(=O)(=O))(OO)OOC1C(=O),-6.55472886834832,-5.1931205
C(ON(=O)(=O))C(=O)C(C)(C(OO))C(=O)C(OO),-7.78714975344883,-7.299597
CC(=O)C(OO)C(C)(C(OO))C(C(OO))C(=O),-8.72109210519011,-10.222081
CCCCCC(ON(=O)(=O))C(=O)C(ON(=O)(=O))C(O),-6.259314271839685,-5.0504127
C(=O)(OO)C=CC1(C)OC1(OO)C(=O)(OON(=O)(=O)),-6.170855760081395,-7.470316
CC(OO)(C)C(=O)C(O)C(=O)C(O)(C)C(=O)(OON(=O)(=O)),-6.869068841688204,-8.212728
C1(OO)OC1C(O)C(OO)C(=O)C,-6.870828633593192,-7.4946213
C(=O)(N(=O)(=O))C1(O)OC1(N(=O)(=O))C(C(=O)(OO))=CC(=O),-7.82910297622584,-7.5065827
C(=O)C(O)(O)C(=O)CC(=O)C(=O),-7.217404452034316,-7.356695
C(=O)(O)C(O)C(=O)C(OO)OC(=O)C(=O),-7.238038946587039,-8.233459
C(=O)(OO)C1(O)C(ON(=O)(=O))(C(ON(=O)(=O))C(=O))OOC1C(=O),-7.4164133289723395,-5.9479985
CC(=O)C(C1(C)C(=O)(O))CC1CC(=O)(OO),-8.333137131235162,-9.670701
C(=O)(O)C(O)C1OOC(OO)(C1(O))C(=O)(OON(=O)(=O)),-7.170768255153234,-9.2195835
C(=O)(N(=O)(=O))C(=O)OC(=O)C(O)C(OO)(C(O))C(=O),-8.065493205735038,-8.357282
C1(ON(=O)(=O))OC1(O)C(=O)C(O),-6.837856828355143,0.46227878
C(=O)(OO)C(O)(OO)C(=O)C=C(=O),-9.557559878159736,-7.6116414
CC(ON(=O)(=O))(C(=O)(OO))C(=O)C(O)(O)C(N(=O)(=O))(OO)C(=O),-7.652380706058466,-7.1062646
C(=O)(O)C(O)(O)C(=O)C(ON(=O)(=O))C(=O)C(ON(=O)(=O)),-7.61109986548945,-8.998959
C(=O)(O)C1(C(ON(=O)(=O)))OOC(C1(O))C(OO)C(=O)(OO),-8.437209664719376,-12.725543
CC(=O)C(C(OO)(C(O))C(ON(=O)(=O)))CC(=O),-8.10204762747344,-7.8058076
C(=O)C(O)C(OO)(C1(O))OOC1(O)C(=O),-9.010791844821142,-11.1133175
C(=O)CC(ON(=O)(=O))(C(OO))OC(=O),-4.708550568508144,-4.8702903
C(=O)(O)C1OC1(N(=O)(=O))C(O)(OO)C(ON(=O)(=O))C(=O),-7.833176332987932,-8.591637
C(=O)(OON(=O)(=O))C(O)C1OOC(C(=O))C1(O)C(=O)(O),-7.574330250962703,-10.111
CC(=O)C(=O)C(C(=O)(O))OOC(ON(=O)(=O))C(=O)(OO),-6.858576666825684,-8.228535
CC1(C)C(OO)(C(ON(=O)(=O)))CC1C(=O)C(OO),-7.4759226051173755,-7.6749845
C(=O)(O)C(ON(=O)(=O))C(ON(=O)(=O))C(O)C(=O)C(=O),-6.82189554528486,-5.3251595
C(=O)(OO)C(N(=O)(=O))(OO)C1OOC(C1(O))C(=O)(OON(=O)(=O)),-6.426682073803022,-7.80743
CC(C)=C(C(=O)(OON(=O)(=O)))C(=O)C,-2.401108158959687,-1.2690724
C(=O)(O)C(=O)OC(=O)C(O)(C(OO))C(=O)(OON(=O)(=O)),-6.162720551090388,-7.4610457
C(=O)C(ON(=O)(=O))C(=O)OOC(=O)C(ON(=O)(=O)),-4.043926199135967,-3.683144
C(=O)(OON(=O)(=O))C(=O)C1(O)OC1C(=O)(OON(=O)(=O)),-3.8303292550590413,-2.189566
C(=O)(O)C(=O)C(C)C(OO)OC(=O)C(=O)(OON(=O)(=O)),-5.870273237762376,-6.1089673
C(OO)C(=O)C(OO)C(=O)C1OC1C(=O),-8.240301468047619,-7.929601
C1(O)C(=O)OOC1(C(ON(=O)(=O)))C=CC(=O),-5.551551233726059,-6.689733
C(OO)C1(C(=O)(OON(=O)(=O)))OOC(OO)(C1(=O))C(ON(=O)(=O))C(=O),-6.603888916806682,-6.9929957
CC(=O)C(OO)CC(=O)CCCC(OO)C,-8.641165800510862,-8.077137
CC(OO)(C(=O)(O))C(ON(=O)(=O))(C(OO))CC(=O),-7.943872500242833,-10.718468
CC1(C)C(ON(=O)(=O))CC1CC(=O),-3.8448157638713383,-2.745452
C(=O)C(ON(=O)(=O))C(=O)C(C)=C,-1.584639945644085,-1.7700112
C(=O)(OO)C1OOC(O)(C1(=O))C(=O)C(=O)C,-6.753778864931519,-6.7702193
C12OOC(O)(C1(O)C)C(=O)C(O)(OO)C2(ON(=O)(=O)),-8.216839149925363,-7.904442
C(=O)(O)C(O)C(O)C1(C(ON(=O)(=O)))OC1(OO)C(=O),-9.24277056443134,-10.382291
C2C(=O)C(=O)C(O)C1(OO)OC12(ON(=O)(=O)),-5.780473348815576,-6.7036595
C12OOC(O)(C1(=O))C(ON(=O)(=O))C(ON(=O)(=O))(C)C2(=O),-4.137572883143548,-3.0709777
CC(=O)C(ON(=O)(=O))C(C)(C)C(C(=O)(OO))C(=O),-5.178573650757244,-5.9617023
C(=O)(O)C(ON(=O)(=O))C(OO)OC(=O)C(=O)C(=O),-7.090813442864601,-5.7696657
C(=O)(O)C(N(=O)(=O))C(=O)C1(C)OC1C(=O)(OON(=O)(=O)),-5.148675929118326,-5.897115
C(=O)(N(=O)(=O))C1(OO)OC1C(C(ON(=O)(=O)))=CC(=O)(O),-7.253564142885807,-7.080952
C(=O)(OO)C(N(=O)(=O))=C(C(=O)(OON(=O)(=O)))C1OC1C(=O),-5.627835822018824,-4.781993
C12(O)OOC(OO)(C1(O)(N(=O)(=O)))C(=O)C(ON(=O)(=O))C2(=O),-7.211196217054749,-5.4140654
C1(ON(=O)(=O))C(OO)(C)C(ON(=O)(=O))C(=O)OOC1C(=O)(OO),-6.516603863127784,-6.0626903
C1(ON(=O)(=O))OC1(OO)C(OO)C,-4.038738847690183,-3.5570354
CC(=O)C(OO)C(=O)C(=O)C(OO)C(=O),-6.578923996217782,-5.435999
C1(=O)C(=O)OOC1C(=O)C(OO)(C)C(=O),-4.622489608511387,-4.7222915
CC(OO)(C(=O)(O))C(C(=O))C(C)(C)C(OO)C(=O),-8.613917572431092,-11.84488
C(=O)(O)C1(O)OC1(C(ON(=O)(=O)))C=CC(=O),-7.5542018950955026,-8.709016
CC(OO)(C(OO))C(=O)C(ON(=O)(=O))(C)C(ON(=O)(=O))CC(=O),-7.57618601109516,-7.417896
CC1(C)C(=O)CC(OO)C(O)(C)C1(OO)C(=O)(OON(=O)(=O)),-6.996954207404997,-8.10112
CC(O)(C(=O)(O))C(=O)C(C)(C)C(C(ON(=O)(=O)))C(=O)(OON(=O)(=O)),-7.366466512016814,-7.22739
C1(=O)COOC1C(=O)C(=O)(OON(=O)(=O)),-2.0351245681895307,-1.2809174
C(=O)C1(O)OC1(C(OO))C(OO)C(=O),-8.441399359337083,-8.5927925
C(=O)(OO)C1OC1C(O)C(=O)(OON(=O)(=O)),-6.52967568854001,-5.5474796
C(=O)C=CC1(OO)OC1(C(=O))C(=O),-5.237305840213594,-6.124717
CC(=O)C1OC1(ON(=O)(=O))C=CC(=O),-2.222684295471481,-3.2680025
C(=O)(O)C1(OO)OC1(O)C(ON(=O)(=O)),-7.126349491576548,-8.03861
C1(O)(O)C(ON(=O)(=O))OOC1(C(ON(=O)(=O)))C(=O)C(=O),-7.00963928924557,-6.5772576
C(=O)(OO)C(ON(=O)(=O))C(OO)(C(ON(=O)(=O)))C(O)C(=O)C(=O),-7.357836487894019,-7.0505743
C(O)C(=O)C(OO)OC(=O)C=C(=O),-8.353325438036336,-5.503976
C(=O)(N(=O)(=O))C(=O)OC(=O),-0.9867800804840954,-0.29769614
C(=O)(N(=O)(=O))C(OO)OC(=O)C(=O)C(O)(C)C(=O)(O),-7.089840605764039,-7.7361245
CC(ON(=O)(=O))C(OO)C(OO),-4.411787674067455,-4.061903
C1(O)C(O)OOC1C(OO)(C)C(=O)(OON(=O)(=O)),-6.668060286961918,-7.091733
C(=O)(OO)C(=O)C(ON(=O)(=O))C1OOC(OO)(C1(O))C(=O),-8.222832344898052,-8.300154
CC(C(=O)(OON(=O)(=O)))=C(OO)C(O)OC(=O),-6.656110165267819,-3.2075396
C(=O)(O)C1(N(=O)(=O))OC1C(O)(C)C(ON(=O)(=O))C(=O),-6.701961760685663,-7.3977504
C(=O)(O)C(OO)C(OO)(C(=O))C(=O)C(=O),-8.301287557549585,-8.491786
C(=O)(O)C1OC1(OO)C(C(=O)(O))C(=O),-6.113610014566802,-9.462134
C(=O)(O)C1(C(OO))OOC(C1(O))C(=O),-9.170893949181846,-9.447701
C(=O)C(=O)C(C(=O)(O))(C(ON(=O)(=O)))OOC(=O),-4.865226952390913,-5.0051003
C(O)C(=O)C1(O)OC1(N(=O)(=O))C=CC(=O),-7.728913872593694,-6.79756
CC(=O)C(C)(C)C(C(=O)(OON(=O)(=O)))C(=O),-2.8053320287226597,-3.4358816
C(ON(=O)(=O))C(OO)C(C)(C)C(C(=O)(OON(=O)(=O)))C(=O)C(O),-7.104577497586433,-7.5312896
C1(OO)OC1C(C(O))=C(OO)C(=O)(OO),-8.473933014647628,-8.083403
C(=O)(O)C(O)C(OO)C1(C(=O)(OON(=O)(=O)))OC1(ON(=O)(=O))C(=O),-7.590960564062698,-8.746477
CC(=O)C(ON(=O)(=O))C(=O)C(C(O))C(=O)C,-4.736152607150871,-4.689299
C(=O)C(=O)C(ON(=O)(=O))(OO)C1OC1C(=O)C(ON(=O)(=O)),-5.496765067238812,-5.737913
C(O)C(=O)OOC(OO)(C(=O)(O))C(ON(=O)(=O))C(=O),-8.091947734521455,-9.019431
CC(OO)(C(=O)(O))C1C(=O)C(C(=O))C1(C)C,-7.723571408689168,-8.932292
C(=O)(O)C(=O)OC(OO)(C(=O)(OO))CC(=O),-7.382144466708269,-8.970554
CC(=O)C(=O)CC(C(OO)(C)C(ON(=O)(=O)))C(ON(=O)(=O))C(=O)(OO),-8.477414505678098,-8.002919
C1(O)C(ON(=O)(=O))C(=O)C(O)(C2(=O))OOC12C(ON(=O)(=O)),-7.146612095397359,-5.5187106
C1(O)C(=O)OOC1(O)C(=O)C(=O)C(=O),-7.084864605067196,-5.097615
C(=O)C(ON(=O)(=O))C(=O)C(O)(C(=O)(OO))C(ON(=O)(=O))C(=O),-7.035133409535774,-6.532989
CC(=O)C(ON(=O)(=O))(C(ON(=O)(=O))(C)C)CC(=O)CC(=O)(O),-6.720782112076449,-7.13536
C(=O)(OO)C1OOC(ON(=O)(=O))(C1(=O))C(OO)(C)C(=O)(OON(=O)(=O)),-6.012090151260054,-7.28897
C(O)C(=O)OC(OO)C(O)C(=O),-7.944993741277358,-6.5924463
C(=O)(OON(=O)(=O))C(O)C(OO)C1(OO)OC1C(=O),-6.492459423474429,-6.887666
C(=O)(O)C(O)OOC(=O)C(=O)C(=O)C(OO),-8.021803896293932,-7.0292263
CC(=O)C(O)C(C)(C)C(OO)C(OO),-7.830457238773306,-7.962031
C(=O)(OO)C(ON(=O)(=O))CC(C(=O))C(=O)C,-5.866180145096223,-5.0787177
CC(=O)C(ON(=O)(=O))C(N(=O)(=O))(OO)OOCC(=O)(O),-7.23416638629169,-7.3350945
C12OOC(C1(O)(O))C(OO)C(ON(=O)(=O))(OO)C2(ON(=O)(=O)),-8.353697558970453,-9.794811
C(=O)(N(=O)(=O))C(=O)OC(=O)C(ON(=O)(=O))C(O)(C)C(=O)(O),-6.421408922331466,-6.1295123
C(=O)(O)C1OC1(OO)C(OO)(C)C(=O)(OON(=O)(=O)),-5.623877302889014,-7.2930274
C(=O)(O)C(=O)C(ON(=O)(=O))C(=O)C(=O)C(OO),-6.9833829512535885,-6.123351
C(=O)(OO)C1OC1(ON(=O)(=O))C(C(=O)(OO))C(=O),-5.874876487971051,-7.09632
C(=O)(OO)C(O)(OO)C(O)C(ON(=O)(=O))(C)OC(=O),-7.758207965880501,-11.319018
C(=O)(O)C(ON(=O)(=O))C(O)(N(=O)(=O))C1(O)OC1(C)C(=O),-8.764792013025726,-5.743879
C1(=O)C(OO)C(ON(=O)(=O))C(C)(C(=O)(OO))OOC1(=O),-6.859695888116221,-7.7125793
C1(=O)C(OO)(C(ON(=O)(=O)))OOC1(N(=O)(=O))C(=O)C(=O),-4.687497486968823,-4.5561357
C(=O)(O)C(ON(=O)(=O))(C(ON(=O)(=O)))C(=O)C1OC1C(=O),-6.067560541435341,-5.817614
C(OO)C(=O)OOC(C(=O)(O))(C)C(=O)(OON(=O)(=O)),-5.763365547321882,-6.4948134
C12OOC(C1(O)(O))C=C(C2(=O))C(OO),-9.082933095136468,-8.3580475
C(O)C(=O)C(O)C(OO)(C1(O)(N(=O)(=O)))OOC1C(=O)(OON(=O)(=O)),-7.887379583118673,-10.327369
C(=O)CC(O)C(ON(=O)(=O))(C)C(ON(=O)(=O))C(=O),-5.513018916216424,-6.297689
CC(=O)C(C)(C(O))C(OO)C(O),-7.630583925909377,-7.2112823
CC1(O)C(ON(=O)(=O))OOC1(OO)C(O)C(=O)(OON(=O)(=O)),-6.238513651436733,-7.5512075
C(O)C(ON(=O)(=O))CC(=O)CC(=O)CC(OO),-8.74525057368919,-8.303175
C(ON(=O)(=O))C(=O)C1OOC(OO)(C1(O))C(ON(=O)(=O))C(=O),-7.597416084296128,-8.045753
C(=O)(OO)C(N(=O)(=O))(ON(=O)(=O))C(=O)C(=O)C(=O)C(=O),-3.6206355126269045,-3.8848555
C1(O)C(ON(=O)(=O))OOC1C(ON(=O)(=O))C(=O)C(OO),-6.762294579476475,-7.72107
CCC(=O)CC(=O)CC(ON(=O)(=O))C(O)C(OO)C,-7.907260668499475,-7.4079814
CC(=O)C(=O)CC(OO)(C(O)(C)C)CC(=O)(OO),-9.17139460497765,-9.801272
C1(O)C(O)C(=O)C(OO)OOC1(C)C(=O)(O),-8.417790018442247,-7.702547
C(=O)(O)C1OC1(C(ON(=O)(=O)))C(=O)C(O)C(=O)(OON(=O)(=O)),-5.890472209204745,-5.893516
CC(=O)C(C)(C)C(O)(C(=O)(OO))C(=O)C,-7.843617870965318,-4.534628
C(OO)CCC(O)CC(OO)C(=O)CC(=O),-8.87802499317695,-10.532402
C(OO)C(=O)C(=O)OC(OO)C(=O)C(=O),-7.097072224187286,-6.4281864
CC1(C)C(=O)CC1C(OO)(C)C(ON(=O)(=O))C(=O)(O),-7.602766670436722,-8.4122715
C1(O)C(N(=O)(=O))(OO)C(=O)OOC(OO)C1(=O),-7.027658532631904,-5.5087385
C1(ON(=O)(=O))C(OO)C(OO)OOC1(C)C,-5.548717902901444,-5.583855
CC(ON(=O)(=O))C(=O)C(C)(C)C(C(=O)(O))C(=O),-5.216540486515441,-6.772448
CC(=O)C(O)(C1(O)(N(=O)(=O)))OOC1C(O)C(=O)(OO),-8.627112893638696,-5.722177
C(=O)(O)C(O)C(OO)OOC(=O)C(=O),-9.14098622554775,-7.6980023
C(=O)C(=O)C(ON(=O)(=O))C(O)(C(=O)(OO))OOC(=O),-7.7819717386828415,-5.5774264
C(=O)(OON(=O)(=O))C(N(=O)(=O))C(=O)C(=O)OC(OO)C(=O),-4.255421812236818,-4.5212545
C(=O)(O)C12C=CC(OO)C(O)(C1(O))OO2,-10.04845266393204,-9.289412
C1C(=O)C(O)(C)C(ON(=O)(=O))CC1C(OO)(C)C,-8.039400486934028,-8.047476
CC(=O)C(ON(=O)(=O))CC(ON(=O)(=O))CC(=O)CC(=O)(O),-8.075317289058148,-8.824713
C(=O)OC(=O)C(O)(C(O))C(=O)C(=O)C(=O),-5.822687435118496,-4.496729
CC(OO)(C(=O)(O))C(ON(=O)(=O))C(C)(C)C(O)C(=O),-7.900112709937275,-10.285795
CC(OO)(C)C(ON(=O)(=O))(C(=O)(OO))CC(=O)C(=O)C,-8.246931403604322,-5.6825833
C(=O)(OO)C1OC1(OO)C(=O)C(N(=O)(=O))C(=O)(OON(=O)(=O)),-5.351448718452957,-5.5647073
C(=O)(OON(=O)(=O))C(OO)C1(C(=O)(OON(=O)(=O)))OOC(C1(O))C(=O),-6.612165686907247,-5.6736693
C(=O)(OO)C1(C(=O))OOC(C1(O))C(ON(=O)(=O))C(=O),-7.852951600662891,-8.807523
CC(OO)(C)C(OO)(C(ON(=O)(=O)))CC(=O)(OO),-7.314776053884998,-5.8853
C(O)C(=O)C1OC1(N(=O)(=O))C(=O)(O),-6.562662329703016,-7.071889
CC(=O)CC(ON(=O)(=O))CCC(OO)CCC(ON(=O)(=O)),-7.523013797433123,-8.534014
C(=O)C(O)C(=O)C(OO)(C(=O))OC(=O),-6.075460140444193,-5.4683747
C(=O)(O)C(ON(=O)(=O))C(O)(C)C(=O)C(O)C(=O)(OO),-7.614200698217246,-4.594813
CC(OO)(C(=O)(N(=O)(=O)))OC(=O)C(OO)C(O)C(=O)(O),-7.978548397499253,-9.765567
C(=O)(OON(=O)(=O))C1OC1C(=O)C(C(=O)(OO))C(=O),-4.606325420274516,-4.029243
CCCC(O)CC(O)C(ON(=O)(=O))CC(=O),-6.939560154495666,-7.112061
C(=O)(OON(=O)(=O))C(=O)C(=O)C(O)C(=O)OC(=O),-3.5239223586249864,-2.633017
C(=O)(OON(=O)(=O))C(=O)C(OO)(C)C(O)(O)C(=O)C(=O),-7.672492952338871,-6.2028317
C(=O)(OO)C(O)C(OO)(C(ON(=O)(=O)))C(=O)OC(=O),-7.719035658765279,-7.7076783
C(=O)C(O)(O)C(N(=O)(=O))(OO)C(=O),-7.695076791898828,-6.305701
CC(OO)(C(=O)(OON(=O)(=O)))OOC(=O)C(=O)C(=O),-3.809969261990773,-4.7899714
CC(=O)C(OO)(CC(=O)(OO))CC(=O)(OON(=O)(=O)),-6.043584870049926,-6.1912217
C(=O)C1(O)OC1(OO)C(C(ON(=O)(=O)))=CC(=O),-9.455146384902037,-6.978892
C(=O)(OO)C(OO)C(=O)C(O)OC(=O),-6.9853789264179795,-6.527928
CC(=O)C1CC(OO)(C(ON(=O)(=O)))C1(C)C(=O)(OON(=O)(=O)),-5.999478006347999,-6.154259
CC(ON(=O)(=O))CCCC(OO)CCC(=O)(OO),-8.04987617416009,-9.705729
CC(=O)C(C(ON(=O)(=O)))C(OO)CC(=O)C(ON(=O)(=O)),-6.073892114696719,-7.836188
CC(OO)(C)C(ON(=O)(=O))C(ON(=O)(=O))C(=O)C(=O)C(O),-6.739941718878981,-3.4056628
C1(=O)CC(ON(=O)(=O))OOC1(C)C(=O),-3.230055232404993,-3.0842705
C1(N(=O)(=O))(OO)OC1(O)C(=O)C(OO),-7.501297226515817,-3.865727
C1(OO)OC1(OO)C(ON(=O)(=O))(C(=O))C(=O),-7.046585286627305,-5.298041
C(=O)(N(=O)(=O))C1(O)OC1(O)C(OO)C(O)C(=O)(OO),-9.297422536033991,-11.074749
C1(ON(=O)(=O))C=CC(ON(=O)(=O))(C(OO))OOC1C(=O)(O),-8.123569125062204,-7.951081
CCCCC(=O)CC(O)CC(ON(=O)(=O))C(ON(=O)(=O)),-6.090375908495844,-7.148626
C(=O)C(ON(=O)(=O))C(O)C(O)(C)C(=O)C(=O),-5.636288611429336,-4.641099
C(=O)(OON(=O)(=O))C(=O)OC(=O)C(OO)(C(O))C(=O),-6.647090685863077,-4.672473
C(OO)C(C(=O)(OON(=O)(=O)))C(O)(C)C(=O),-5.925589996101735,-5.025194
CC(O)C(=O)CC(=O)CC(O)CC(ON(=O)(=O))C(ON(=O)(=O)),-8.410076111667877,-10.287141
CC(ON(=O)(=O))CCC(=O)CC(O)CC(ON(=O)(=O)),-7.258846958805407,-7.167508
C1C(=O)C(OO)C2OOC1(OO)C2(=O),-6.491981822371599,-5.23319
C1(=O)C(=O)OOC1C(=O)C(OO)(C(=O)(O))C(ON(=O)(=O)),-8.437209664719376,-7.2184467
CC(=O)C(C(ON(=O)(=O))(C)C(=O)(OO))CC(OO)C(=O),-8.134589416445124,-7.6232224
C(O)C(OO)(C(OO))C(C(ON(=O)(=O)))CC(=O),-7.643131844166419,-9.825653
C(OO)C(ON(=O)(=O))(C(=O))C(ON(=O)(=O))C(=O)C(=O)C(=O),-4.7801501927806385,-5.7375793
CC(ON(=O)(=O))(C)C(OO)(C(ON(=O)(=O)))C(=O)C,-5.968005102422467,-4.0419536
CC(ON(=O)(=O))CCCC(=O)CCC(=O)(OO),-6.247592769161201,-5.8432555
C12OOC(C1(=O))C(=O)C(OO)(C2(=O))C(=O),-5.714987440234836,-4.2819395
CC(=O)C(=O)C(C)(C(ON(=O)(=O)))C(C(ON(=O)(=O)))C(=O),-5.1916390425221834,-4.875377
C(=O)(O)C(OO)C1OC1(C(=O)(OO))C(=O),-9.574490420238362,-9.723097
CC(=O)C(OO)(C(OO)(C)C(ON(=O)(=O)))CC(=O)(OON(=O)(=O)),-8.061161123534475,-7.2138925
C(O)C(ON(=O)(=O))C(=O)C(OO)C(O)CCC(ON(=O)(=O)),-8.372608159922493,-10.342038
C1(=O)C(N(=O)(=O))(OO)C(OO)(C(=O)(OON(=O)(=O)))OOC(=O)C1C,-6.190016980352084,-6.0104403
CC(ON(=O)(=O))(C)OOC(C(=O))C(ON(=O)(=O))(C)C(=O),-4.121574702016915,-4.64109
C(=O)(OO)C=C(OO)C1OC1(O)C(=O),-9.16488130039943,-8.302237
C1(=O)C(ON(=O)(=O))(C)OOC1C(OO)C(=O)(O),-6.573252700338344,-6.6419983
CC(=O)C(ON(=O)(=O))C(O)C(=O)C(C)(C)C(OO)C(OO),-7.270315012343417,-9.577844
C(OO)C(=O)CC(=O)C(OO)(C)C(=O)(OON(=O)(=O)),-6.180182880551001,-5.646521
CC(=O)C(ON(=O)(=O))(OO)C1OC1C(=O)(OO),-6.717737130205933,-6.5914607
C(=O)OC(ON(=O)(=O))C(C(=O)(OO))=CC(=O),-4.606166842933817,-4.928433
C(=O)C(O)(O)C(ON(=O)(=O))(C)C(OO)C(=O),-7.816177358658024,-8.306157
C(O)C(=O)OOC(=O)C(OO)C(=O)(O),-8.639070616980462,-7.484869
CC(ON(=O)(=O))C(ON(=O)(=O))C(OO)C(=O)C(OO),-7.305047442347131,-5.9881635
CC(=O)C(=O)C(C)(C)C(OO)(C(O))C(=O)(OON(=O)(=O)),-6.567203173888629,-5.2331934
CC(=O)CC(OO)C(=O)C(=O)CC(O),-8.023154032496677,-7.132109
CC(=O)C(=O)OOC(OO)C(O)(N(=O)(=O)),-6.641767970901128,-5.7943687
C2(=O)C(O)C(OO)C1(C(=O)(O))OOC2C1(=O),-9.00677570908556,-8.591834
C(=O)(OON(=O)(=O))C=C(C(O))C1OC1(OO)C(=O),-7.254286206236429,-5.5868506
C(=O)(O)C=CC1(OO)OC1(C(=O)(O))C(=O)(OON(=O)(=O)),-6.7191143424934126,-8.902092
C(ON(=O)(=O))C(=O)C(C)(C(OO))C(C)C(=O)(OO),-8.300627764742785,-6.716476
C(=O)(OO)C(O)C(ON(=O)(=O))(C1(O))OOC1(C)C(=O)(OON(=O)(=O)),-6.238513651436733,-8.337692
C(ON(=O)(=O))C(=O)C(=O)CC(O)C(=O),-5.037315126286558,-5.0366654
C(=O)(OO)C1(OO)OC1C(O)C(OO)(C)C(=O),-8.818019083759282,-10.11006
C(=O)(OON(=O)(=O))C1(O)C(O)(C(=O)(OON(=O)(=O)))OOC1C(O)C(=O),-7.4113691221527915,-7.5872855
C(=O)(OON(=O)(=O))C1(ON(=O)(=O))OC1(OO)C(C(=O))C(=O),-3.303432191416505,-3.9538715
C(=O)(OO)C1(ON(=O)(=O))CC(OO)(C(=O))C1(OO)C,-7.538975518697953,-6.781313
C1(O)C(=O)OOC1C(ON(=O)(=O))C,-5.253856702369376,-3.4088845
C1(=O)C(C(=O)(OO))OOC1(C(=O))C(O)C(=O)(OON(=O)(=O)),-6.529744154849141,-6.264099
C(O)C(ON(=O)(=O))(C(O))C(C(ON(=O)(=O)))(C)C(=O)(OO),-7.555082099541323,-8.212756
C(=O)C(ON(=O)(=O))C1(O)OOC(OO)(C(=O)(O))C1(O)C(=O),-9.525189085204147,-11.818789
C(=O)(O)C(N(=O)(=O))(OO)C(OO)(C)OOC(=O),-7.027574132942391,-8.653732
C(ON(=O)(=O))C(=O)CC(=O),-2.627747220109086,-2.0868752
C1(OO)OC1C(OO)(C(=O)(O))C(O)C(=O),-8.927666032985144,-10.814327
C1(O)C(=O)C(ON(=O)(=O))C2OOC1(O)C2(O)(O),-8.432844794966513,-10.304205
C1(N(=O)(=O))(OO)OC1C(=O)C(=O),-2.1809779472259834,-2.2855027
CC(O)(C(=O)(O))C(C(OO))C(OO)(C)C,-8.18062556726727,-9.807068
C(ON(=O)(=O))C(=O)C1OC1(N(=O)(=O))C(O)(O)C(=O)C(=O),-6.794309892678939,-8.139499
C(=O)(O)C(OO)(C(=O)(OON(=O)(=O)))C(ON(=O)(=O))C1OC1(O)C(=O),-6.697111222560125,-9.496192
CCCCCCC(O)CC(ON(=O)(=O)),-3.5525330336849947,-3.7449248
C12OC1(C(ON(=O)(=O)))C(OO)C(=O)C(=O)C2(O),-6.384839074824413,-5.8510203
C1(N(=O)(=O))C(=O)C(=O)C(=O)OOC1(ON(=O)(=O))C(=O)C,-3.8645633286141674,-3.5975242
CC1(C)OOC(OO)CC1(ON(=O)(=O))CC(=O)(OO),-8.622343449251275,-7.5279484
C1(=O)C2OOC1(C)C(ON(=O)(=O))(OO)C(ON(=O)(=O))C2(OO),-5.831389918478635,-6.232058
C(=O)(OO)C(O)(O)C1OC1C(ON(=O)(=O))(C(O))C(=O)(OON(=O)(=O)),-8.162043992356303,-8.600778
C(=O)(OON(=O)(=O))C(=O)C(O)C(O)(C(=O))OOC(=O)C(=O),-5.24927909013968,-4.7438235
C2(=O)C(OO)=C(N(=O)(=O))C(C1(=O))OOC12C(ON(=O)(=O)),-6.373123586434303,-5.225244
C12OOC(C1(O)C(ON(=O)(=O)))C=CC2(OO),-5.9838859974433944,-7.6439548
C1(O)(O)C(=O)OOC1CC(=O)C(=O)(N(=O)(=O)),-6.657899845764405,-4.898869
C1(OO)C=C(OO)C(C)(C(=O)(O))OOC1(=O),-8.280175851607055,-9.696317
C(=O)(O)C(ON(=O)(=O))C(O)(C(=O)(OO))OOC(=O)C(=O),-7.7819717386828415,-7.256987
C(=O)(O)C(O)C(ON(=O)(=O))(C(ON(=O)(=O)))C1OC1C(=O)(OO),-8.388395776490142,-9.554739
CC(=O)C(=O)CC(=O)CC(OO)C(=O)CC,-4.8752213782281615,-6.1802306
C(=O)(O)C1(N(=O)(=O))OC1(O)C(C)=CC(=O)(OON(=O)(=O)),-7.2999823551981535,-7.0188584
CC(ON(=O)(=O))(C)C(CC(=O)(OON(=O)(=O)))C(O)(C)C(=O),-5.8885802821050675,-6.0419555
C(O)C(=O)OOC(C(=O)(OO))C(ON(=O)(=O))C(=O),-7.2093367666984705,-6.7586465
C(ON(=O)(=O))C(OO)(C(=O)(OON(=O)(=O)))C1OOC(C1(=O))C(=O),-4.926271286148221,-5.328921
C(=O)(O)C1OC1(O)C(=O)C(N(=O)(=O))(OO),-7.564042543750475,-8.100518
CC(=O)C1(O)OC1(N(=O)(=O))C(O)C(=O)(OON(=O)(=O)),-6.855328871806705,-3.028774
C(=O)OOC(ON(=O)(=O))(C(=O)(O))C=CC(=O),-5.5648219224294735,-6.350156
C(O)C1(C(=O)(OO))OC1C(=O)C(N(=O)(=O))C(=O)(OO),-8.349953669940078,-8.62225
C(=O)(OON(=O)(=O))C1(OO)OC1(OO)C(ON(=O)(=O))C(=O),-5.545776306824337,-4.9736385
C1(O)C(OO)C(=O)C(O)(C)C(=O)C1,-7.31906429967421,-8.070164
C(=O)(OO)C(OO)C(O)C1(C(=O)(OON(=O)(=O)))OC1(=O),-7.170143822295358,-6.462291
C(=O)(O)OOC(=O)C(=O)C(ON(=O)(=O)),-4.63979193760315,-3.382784
CC1(C(ON(=O)(=O)))C(ON(=O)(=O))CC1C(=O)(OO),-5.706623998468785,-6.756255
CC(=O)C(ON(=O)(=O))(C1(C)C)CC1CC(=O),-4.352066364320308,-3.7127545
CC1(C)C(C(=O)(OO))CC1C(OO)(C)C(=O),-8.474486843400882,-7.617472
C(=O)(O)C(OO)C(C)(C)C(C(=O))C(ON(=O)(=O))(C)C(=O),-7.900112709937275,-9.232355
C(=O)(O)C(=O)C=CC1(N(=O)(=O))OC1(OO)C(=O),-7.200545564983258,-7.1469254
C(=O)(OO)C(ON(=O)(=O))C(ON(=O)(=O))(C)C(O)C(=O)C(=O),-6.496313911100515,-5.1309333
C(=O)(O)C1OOC(=O)C=C(C1(OO))C(=O),-8.834556972880819,-9.236458
C1(=O)C(ON(=O)(=O))OOC1(C)C(=O)(OO),-4.339903392781707,-4.6858892
CC(ON(=O)(=O))CCCCC(=O)C(=O)C(OO),-6.682550752264433,-5.963257
C(=O)(O)C(=O)C1(O)OC1C(ON(=O)(=O))C(O)C(=O)(OON(=O)(=O)),-5.862068807364267,-7.175028
c1c(O)c(O)c(N(=O)(=O))cc1,-7.604305806928096,-4.7733793
C(=O)(OO)C(ON(=O)(=O))C(=O)C(=O)C(=O)(OON(=O)(=O)),-4.296766235167524,-3.3069165
C(=O)(OON(=O)(=O))C=CC1(C(=O))OOC(=O)C1(O),-4.472795902323924,-5.219697
CC(=O)C(O)C(C(=O)(OON(=O)(=O)))OOC(=O)C(=O),-3.7906529877927824,-5.1523237
CC(ON(=O)(=O))C(=O)C(ON(=O)(=O))C(OO)CCCCC,-6.368572269930155,-4.9749155
C(=O)(OO)C(=O)OC(N(=O)(=O))(OO)C(=O)C(O)C(=O),-6.370940912440346,-7.57666
CC(=O)C(OO)(C(=O))C(OO)C(=O),-6.856533749267328,-5.9602666
C1(ON(=O)(=O))OC1(O)C(=O)C(O)C(=O)(O),-7.309682304983653,-8.1595745
C(O)C(=O)C(ON(=O)(=O))C(C)(C)C(OO)C(=O)(OON(=O)(=O)),-7.005901953783905,-6.076772
C(=O)(OO)CC1(C(=O)(O))OC1(OO)C(=O),-7.719778592552757,-9.523968
C(O)C(ON(=O)(=O))(C(=O)(O))C1OOC(OO)(C1(O))C(=O),-10.024823187793118,-10.840396
CC(=O)C1(ON(=O)(=O))OC1C(=O)C(=O)(O),-3.5822793533370714,-4.9767504
C(ON(=O)(=O))C(=O)C1OOC(C1(O))C(=O)(OON(=O)(=O)),-5.26000670315716,-5.553288
C(=O)C(=O)OC(OO)C(C(=O))=C(OO)C(=O),-8.44844152904625,-7.531753
C1(=O)OC1C(OO)(C)C(O)C(=O)C(=O)(O),-7.334412201658779,-7.6363807
C(=O)(OO)C(O)C(OO)(C(=O))C(ON(=O)(=O))OC(=O),-7.517508057020677,-8.630706
CC(=O)C(OO)C(O)OC(=O)C(=O),-6.916742081055418,-5.811355
C(OO)C(=O)CCCC(=O)(OO),-9.224542230072984,-4.086171
C(=O)(OON(=O)(=O))C1(OO)OC1C(C)=CC(=O)(OON(=O)(=O)),-4.500069824334787,-3.7465365
C(=O)C(O)C(ON(=O)(=O))C1(O)OC1(=O),-7.53499741674932,-12.044346
C(=O)(O)C(O)C(ON(=O)(=O))(C)C(=O)(OO),-7.170695605926085,-6.3898244
C(=O)(OO)C(N(=O)(=O))C1OC1C(=O),-5.79221002444865,-4.2250724
CC1(C(=O)(O))OC1(ON(=O)(=O))C(OO)C(=O),-6.132688822102864,-6.0553555
C(=O)(O)C(ON(=O)(=O))CC(=O)CC(ON(=O)(=O)),-6.985031493140923,-7.209773
C1(O)C(O)(C(=O))OOC1(C)C(=O)C(=O),-7.215987785657489,-5.5358963
CC1(C(=O)(OO))OC1(O)C(O)(OO)C(=O)C(=O),-10.233576213755441,-7.941363
C(OO)C(=O)C(=O)OC(OO)C(=O)C(=O)(OON(=O)(=O)),-5.611423419648418,-5.8651457
C1(O)(O)COOC1(OO)C(=O)C(=O)C,-8.072218332859848,-6.6567817
C(OO)C(O)(C(=O))C(O)(C(=O)(N(=O)(=O)))OOC(=O),-8.549937334113565,-6.6954694
CCC(=O)CC(=O)CC(ON(=O)(=O))C(=O)C(OO)C,-6.492859502393912,-6.453071
CC(OO)(C(O))C(C(=O)(O))CC(=O)(OON(=O)(=O)),-7.88328626623661,-8.160988
C(=O)(OO)C(=O)C(O)(OO)C(O)C(=O)C(=O),-8.520570397675328,-7.887111
C1(=O)C(O)(C(=O)(O))OOC1(C)C(OO),-6.987590008853658,-6.9844956
C(=O)(OON(=O)(=O))C=C(C(=O))C(=O)OC(=O),-3.1814279492318747,-2.7022395
C1(ON(=O)(=O))OC1C(OO),-2.0552795109833824,-2.0751524
C(O)C(=O)C(O)C(ON(=O)(=O))C(OO)OC(=O)C(=O),-8.442887917746702,-9.488487
C(O)C(=O)C(ON(=O)(=O))C(C(=O)(O))(C)C(ON(=O)(=O)),-8.109308787397822,-7.1592135
C(=O)(OON(=O)(=O))C1OC1(O)C(C(=O))=CC(=O),-5.191754884146576,-3.965062
CCC(=O)CC(OO)C(O)CC(O),-8.90345051123495,-8.512169
CC(=O)C(=O)C(OO)OOC(C(=O)(O))C(=O),-7.04736611667613,-7.4296403
C12CC(OO)(C1(C)C)CC(=O)C2(ON(=O)(=O))C(ON(=O)(=O)),-6.285685717229171,-6.0744433
CC(=O)C(O)C(ON(=O)(=O))C1(ON(=O)(=O))OC1(O)C(=O),-5.910221673610067,-7.967229
C(OO)C(OO)C(C)(C(=O)(OO))C(C)C(=O),-8.453300328830665,-8.253607
C(=O)(O)CC1(C(=O)(OO))OC1(=O),-6.4569029189806315,-4.6471906
C(=O)(O)C1OOC(OO)(C1(O)(N(=O)(=O)))C(O)(C)C(=O),-8.365163296817627,-11.039322
C(=O)(O)C(=O)C(=O)C(=O)OC(=O)C(OO),-6.159745364380797,-6.0061874
C1C(ON(=O)(=O))C(ON(=O)(=O))(C)C(OO)CC1C(=O)(OO),-7.590348043339873,-8.828941
CC(=O)C(=O)C(OO)(C)C(=O)C(O),-6.729036310172887,-5.082532
C(=O)(OO)CC(=O)C(=O)C(=O)C(=O)(OON(=O)(=O)),-4.3673535866400925,-2.9027426
C(=O)(O)C1(O)OC1(C)C(=O)C(ON(=O)(=O))C(=O)(OO),-7.815159759027665,-7.704845
C(=O)(OO)C1OC1C(C(O))=C(N(=O)(=O))C(=O)(OO),-9.130234139931417,-7.5627813
C(=O)(OO)C(=O)C(C(=O)(OON(=O)(=O)))C1OC1C(=O),-4.606325420274516,-5.9927607
CC(=O)C(ON(=O)(=O))C(OO)(C(ON(=O)(=O)))C(=O)C,-6.0246405645275445,-4.4869843
CC(=O)C(ON(=O)(=O))CC(=O)C(C)(C)C(=O)(OO),-6.167390473965497,-6.633617
C(=O)(O)C(N(=O)(=O))C(=O)C1(C(O))OC1C(=O)(OO),-8.03161816465581,-8.283323
C2(=O)C(=O)C(=O)C(ON(=O)(=O))C1OC12C(OO),-4.743838160953601,-5.704564
C1(O)(N(=O)(=O))C(O)(C(=O)(O))OOC1(C)C(=O),-7.915707371466851,-10.939377
CC(=O)C(ON(=O)(=O))C(O)(N(=O)(=O))C1(O)OC1(O)C(=O),-7.800782662479833,-6.710545
CC(OO)(C)C(C(=O)(OON(=O)(=O)))CC(=O)CC(=O),-5.524060082792857,-5.8234224
CC(OO)C(OO)(C)C(C(=O)(O))C(=O)C,-7.482668643959187,-9.108671
C(=O)(OO)C1(O)OC1(N(=O)(=O))C(ON(=O)(=O))C(O)C(=O),-7.910942910808444,-7.8384786
C(=O)(O)C(=O)C(O)(O)C(ON(=O)(=O))(C(ON(=O)(=O)))C(=O)C(=O),-7.412900544234617,-7.0226016
C(=O)(O)C(=O)OC(OO)(C(O))CC(=O)(OON(=O)(=O)),-6.6717258385360765,-7.7445464
C(O)CCC(OO)C(OO)C(=O),-8.352518314201006,-9.237426
C(=O)(O)C(ON(=O)(=O))(C(=O))C(O)(C1(O))OOC1C(=O),-9.069031312898005,-9.63705
CC(ON(=O)(=O))CCC(OO)C(=O),-5.630416181747023,-4.1322236
CC(=O)C(C1(C(ON(=O)(=O)))C(OO))CC1CC(=O)(OON(=O)(=O)),-6.792777184631632,-7.031653
C1(O)(OO)C(ON(=O)(=O))OOC1C(O)C(=O)C(ON(=O)(=O)),-7.105135526781851,-6.535994
CC1(C(=O)(OON(=O)(=O)))OOC(O)(C1(O)(O))C(ON(=O)(=O))C(=O),-7.043032796545958,-7.5640283
C(=O)(O)C1(OO)OC1(OO)CC(=O),-8.230337266630158,-8.270814
CC(OO)C1CC(ON(=O)(=O))C1(C)C,-3.6881479099138232,-3.4271648
CCC(=O)C(ON(=O)(=O))C(=O),-2.5096507681028015,-1.4095148
C(=O)(OO)CC(ON(=O)(=O))(C(O))C(C)(C)C(=O),-7.4076334202509315,-7.1801486
C(OO)C(=O)OOC(=O)C=CC(=O)(OON(=O)(=O)),-4.286808144443057,-3.4473708
C(O)C(=O)C(N(=O)(=O))C(=O)C(OO)OC(=O)C(=O),-7.273470044388887,-7.9506407
C(OO)C(C(=O)(O))(C(=O)(OON(=O)(=O)))OOC(=O)C(ON(=O)(=O))C(=O),-6.1793853377912455,-8.220892
CC(OO)(C)C(ON(=O)(=O))(C(=O)(O))CC(=O)C(=O)C,-8.626734729382406,-7.997342
C1(O)(O)C(ON(=O)(=O))(C(=O)(O))OOC1(C)C(=O)(OON(=O)(=O)),-6.752687777698156,-6.4506493
C(=O)C(=O)C(O)(OO)C(OO)OC(=O),-8.520570397675328,-8.436643
C12OOC(C1(O))C(=O)C(OO)(C)C2(=O),-6.219246747063153,-6.7224402
CC1(C(=O)(OON(=O)(=O)))OOC(N(=O)(=O))(C1(O)(O))C(OO)C(=O),-8.04378464184083,-8.571704
C(=O)(OON(=O)(=O))C1(C(=O)(OON(=O)(=O)))OC1(O)C(O)C(=O),-6.4271946002463665,-3.5592487
C(=O)(O)C(C1(OO))=CC(C2(O)(OO))OOC12,-9.466029403363791,-9.771386
C(=O)(OON(=O)(=O))C(ON(=O)(=O))C1(C)OOC(=O)C1(=O),-3.0218091197375543,-2.622876
C(=O)(OO)C(O)C(=O)C1OC1(C(OO))C(=O)(OON(=O)(=O)),-7.684367264402681,-6.7919464
C(=O)(O)OC(O)C(OO)C(=O),-7.583055644128763,-7.0213795
C(=O)(N(=O)(=O))C1(O)OC1(O)CC(=O)C(=O),-7.180630022176047,-4.610595
C(=O)(O)C(O)C(=O)C(=O)OC(=O)C(=O)C(ON(=O)(=O)),-7.1402652166198095,-6.000545
C(=O)(OO)CC1(C(=O)(OO))OC1(ON(=O)(=O))C(=O),-7.359659700789962,-7.233206
CCCCC(=O)C(O)CCC(=O)C,-3.927113451168225,-4.6968465
CC(OO)CC(=O)C(=O)CC(=O)CC(OO),-8.371746140923278,-7.5995555
C(=O)(ON(=O)(=O))CC(=O),-1.1154231340697152,-0.25038424
C1(O)C(OO)OOC1(C)C(=O),-8.263894656898628,-4.562141
CC(=O)C(ON(=O)(=O))C(=O)C(OO)(C(=O))C(ON(=O)(=O))(C)C,-5.647475897819277,-5.8509693
C12(O)OOC(O)(C1(O))C(ON(=O)(=O))C(=O)C2(N(=O)(=O)),-6.814583413195578,-7.7504416
C12OOC(C2(=O))C(=O)C(OO)(C1(O))C(=O)(O),-9.00677570908556,-4.309158
CC(=O)C(OO)CC(=O)C(ON(=O)(=O))C(=O)C(OO)(C)C,-7.99112620113101,-7.6688204
CC(O)(C)C(OO)(CC(=O)(OON(=O)(=O)))CC(=O),-6.923711938933593,-7.6191144
C(=O)(O)C1(OO)OC1C(=O)C(O)C(=O)(OO),-8.591909696750008,-8.7509
C(=O)(OO)C1OC1(OO)C(ON(=O)(=O))(C)C(=O)(OON(=O)(=O)),-5.669855648739031,-5.4980936
CC(ON(=O)(=O))(C(=O)(O))C(=O)CC(OO)C(=O)(OO),-7.9511861372975545,-8.056445
C(=O)(N(=O)(=O))C(=O)OC(OO)(C)C(O)C(=O)C(=O)(OO),-7.006125360991064,-8.483001
C1(=O)C(=O)OOC1(O)C(=O)CC(=O),-5.26492354437687,-5.234022
CC(C(=O)(O))C(=O)CC(C(=O)(OON(=O)(=O)))C(ON(=O)(=O))(C)C,-6.535761819565778,-7.0112214
CC(=O)C(C(=O)C)CC(ON(=O)(=O))C(ON(=O)(=O))C(=O),-5.232587173763022,-5.6275954
C(O)C1(C(=O))OC1C(ON(=O)(=O))C(=O),-4.905829892730253,-4.216704
CC(=O)C(=O)OOC(C)(C)C(OO)C(ON(=O)(=O))C(=O)(O),-7.394918362887438,-6.750728
C(=O)(OO)CCC(=O)CC(O)CC(=O),-8.993612144458893,-7.685235
C(O)C(ON(=O)(=O))(C(=O)(OO))C(C(=O))C(=O)C(ON(=O)(=O)),-6.544153173299492,-6.6402726
C(=O)(O)C(O)C(O)C(=O)C(=O),-7.318864158243741,-7.5872965
C(=O)(OO)C(=O)C(O)C(OO)C1OC1(ON(=O)(=O))C(=O),-6.7929174533837795,-9.346284
C(O)C(=O)C(C(O))(C)C(=O)(OON(=O)(=O)),-6.886009346603714,-4.2992115
C(O)CCC(=O)CCC(=O)C(OO)CC(=O)(OON(=O)(=O)),-8.114230809940636,-9.371605
C(OO)C(=O)C(C)(C)C(ON(=O)(=O))C(=O)(OON(=O)(=O)),-5.11967481298143,-3.9085817
CC1(C)C(OO)CC1CC(ON(=O)(=O))C(=O)C(O),-6.453086533178066,-6.2870035
C(=O)(OON(=O)(=O))C(=O)C(=O)OC(=O)C,-2.1077119976198446,-1.5477074
C(O)CCC(ON(=O)(=O))CC(=O)(OO),-9.542838497227422,-7.29959
CC(=O)C(C(O))C(C)(C(=O)(O))C(=O)C(OO),-9.65860927175163,-11.986614
C(O)C(=O)C(C(=O))C(C)(C(ON(=O)(=O)))C(OO)C(=O),-7.871241374343299,-9.703023
C(=O)(O)C(=O)C(O)(O)C(=O)C(OO)C(=O),-8.296678480281116,-10.52044
CC(ON(=O)(=O))(C(=O))C(OO)C(C)(C)C(=O)C(=O),-5.146986789083712,-5.2705817
C(=O)(O)C1OC1(OO)C(ON(=O)(=O))(C)C(OO)C(=O)(OON(=O)(=O)),-5.669855648739031,-7.672607
CC(=O)C(ON(=O)(=O))CC(ON(=O)(=O))C(OO)C(=O)(OO),-7.524866384919733,-6.2675185
C1(=O)OC1C(N(=O)(=O))(OO)C(=O)C(=O)C(=O)C,-3.8488368122471,-3.6271029
C(O)C(ON(=O)(=O))C(C)(C)C(ON(=O)(=O))(C(=O))C(=O)C,-5.520623213154977,-5.765982
C(O)C(=O)C(OO)C(O)(C1(O))OOC1C(=O),-10.218812281098508,-10.457511
C1(OO)OOC(=O)C=C(OO)C1(=O),-8.493487570029174,-6.372789
C(=O)(O)C1(C(ON(=O)(=O)))OC1C(OO)C(O)(OO)C(=O),-10.022802051144026,-11.005791
C1(=O)OC1C(O)C(=O)C(O)C(=O)(O),-7.649893045198041,-8.614873
CCCCCCC(O)C(=O)CC(=O),-3.8120225706752535,-5.1062274
C1(=O)C(OO)OOC1(OO)C(=O)C(=O)C,-6.753778864931519,-5.0284147
C1(=O)C(N(=O)(=O))(OO)C(ON(=O)(=O))C(C)(C(=O)(O))OOC1(=O),-6.474480243201469,-6.662615
CC(OO)C(=O)CC(ON(=O)(=O))C(ON(=O)(=O)),-5.903591947609129,-4.932685
C(=O)(O)C(=O)C(ON(=O)(=O))C(=O)C(O),-6.668011579769882,-5.9906464
C1(O)C(ON(=O)(=O))(C(OO))OOC1C(=O)(OON(=O)(=O)),-5.705590005727572,-5.561527
CC(OO)(C(ON(=O)(=O)))C(C(=O)(OON(=O)(=O)))CC(=O)C,-6.725518527123313,-6.453776
C(=O)(O)C(O)OOC(OO)(C)C(OO)C(=O),-7.3011895824893145,-9.515007
CC(=O)C(O)CC(=O)CC(ON(=O)(=O))OOC(OO)(C)C,-8.399931652857049,-8.680022
C(=O)(OON(=O)(=O))C(=O)OOC(O)(C(OO))C(=O),-6.42023265271564,-7.488638
CC12C=CC(ON(=O)(=O))C(C1(=O))OO2,-1.918334637436601,-2.9742846
CC(=O)C(OO)C(C)(C)C(OO)C(ON(=O)(=O)),-6.799165348076713,-6.8441443
C12OOC(C1(O)C(=O)(OO))C(N(=O)(=O))C(=O)C2(=O),-8.998054566949577,-8.614485
C(O)C(=O)C(OO)C(O)C1(OO)OC1(O)C(=O)(N(=O)(=O)),-8.803865347703322,-14.099919
C(=O)(OON(=O)(=O))C(ON(=O)(=O))C1OOC(C(=O))C1(O)C(=O)(O),-6.371477916243748,-8.0915
C1(O)(O)C(ON(=O)(=O))OOC1(C(ON(=O)(=O)))C(=O),-7.00963928924557,-5.5577536
C(ON(=O)(=O))C(=O)CCC(=O)CC(=O)CC(=O)(OO),-6.835557360283019,-7.597094
C(=O)(O)C1OC1C(O)(C(=O)(O))C(=O)(OON(=O)(=O)),-6.682866959843523,-7.541205
C(=O)(O)C(=O)C(ON(=O)(=O))(OO)C1(C)OC1C(=O),-7.21516401003646,-6.9088497
CC1(C)C(OO)C(O)(C)C(=O)C(OO)C1C(=O),-8.647850094119349,-10.251764
C(=O)C(=O)C(=O)C(=O)C(OO),-3.342534167930353,-3.6474395
C1(O)C(OO)OOC1C(OO)(C(=O))C(=O),-8.808561494939568,-7.7759247
C1(=O)C(ON(=O)(=O))C(=O)C(ON(=O)(=O))(C)C(OO)C1(C)C,-6.145934611487974,-5.8959613
C(ON(=O)(=O))CCCCCC(ON(=O)(=O))C(OO),-5.0574771990322915,-5.819601
CC(ON(=O)(=O))(C)C(=O)C(ON(=O)(=O))(C)C(=O)CC(=O)(OO),-6.276046940921333,-3.80705
CC(ON(=O)(=O))CC(OO)(C(=O)C)C(=O)C,-5.044607869454012,-5.1673207
C(=O)(O)C(=O)C(OO)C(O)C(=O)OC(=O)C(ON(=O)(=O)),-7.670632615372597,-9.64024
C(=O)(N(=O)(=O))C(=O)C1(C(OO))OOC(C1(=O))C(=O),-5.170203480367491,-4.155218
CC(C(O))(C(=O))C(O)(C(=O))C(=O),-5.061353213382972,-7.774737
C(=O)(OON(=O)(=O))C(OO)C(O)(C)C(C(=O)(O))C(=O),-6.511490080723888,-7.865974
C(ON(=O)(=O))C(=O)C(O)(C(=O))CC(=O),-5.310782986750382,-4.8256946
C1(=O)OC1(OO)C(O)(O)C(=O)C(O)C(=O)(O),-9.437376124715229,-11.194721
C(=O)(O)C(O)C(OO)OC(=O)C(=O)(O),-8.675189051104098,-9.816338
CC(OO)(C)C(ON(=O)(=O))C(ON(=O)(=O))C(=O)C(=O)(O),-6.238535917052104,-6.4405656
CC(ON(=O)(=O))(C)C(O)(CC(=O)(O))C(OO)C(=O),-8.255242574437034,-9.63896
C(=O)(O)CC(=O)C(C)(C)C(OO)(C(ON(=O)(=O)))C(=O)C,-8.495456438367,-9.10132
C(=O)(O)C(N(=O)(=O))(C(=O))OOC(=O),-4.117736086189325,-3.897086
C1(=O)OC1(OO)C(O)C(=O)(OO),-8.591909696750008,-10.73239
C(=O)(OO)C(ON(=O)(=O))C(OO)C(C(=O))(C)C(=O),-6.821304549681372,-7.376362
C(O)C(OO)(C(=O)(OON(=O)(=O)))C1OC1(O)C(=O)(OON(=O)(=O)),-7.0730319178355785,-6.1798778
C(=O)OC(O)C(OO)C(OO)=C,-6.80334595509521,-6.760066
CC(ON(=O)(=O))(C)C(CC(=O)(O))C(OO)(C(=O)(OO))C(=O),-8.035899360937947,-10.038031
C(=O)(OON(=O)(=O))C(=O)C(O)C(OO)C1(O)OC1(ON(=O)(=O))C(=O),-5.461663117634089,-7.8022127
C(=O)(OO)C1(O)C(ON(=O)(=O))OOC1(OO)C(=O)C(=O),-7.683015169121063,-5.561263
CC(OO)(C)C(=O)CC(=O)C(O)C(ON(=O)(=O))C(=O)(OO),-8.385898459388045,-8.465188
C(=O)C(O)C(OO)(C(=O))C(=O),-6.485605132007549,-4.4985547
C(ON(=O)(=O))C(O)(C(=O)(OO))C(=O)C(=O)CC(=O)(OON(=O)(=O)),-6.68280292966665,-4.105128
CC(=O)C(C(=O)C(=O)(O))OOC(=O)(O),-6.2716485024975555,-7.3683624
C(=O)(O)C(O)(N(=O)(=O))C(OO)C1OC1(C(O))C(=O),-11.362557213402397,-11.054323
C(=O)(OON(=O)(=O))C(=O)CC(=O)C(=O)C(=O),-2.5659805020750355,-1.9804268
C(=O)(O)C(OO)C(OO)(C1(O)(O))OOC1(N(=O)(=O))C(=O),-9.213620431948584,-11.582177
C(=O)(O)CCC(O)CC(=O)C(OO),-8.761222487315536,-9.572315
CC(=O)CC(ON(=O)(=O))(C(ON(=O)(=O))(C)C)C(=O)C(=O)(OO),-5.1500889361477675,-6.9742026
CC(=O)C(OO)OOC(C(=O)(O))C(=O),-7.04736611667613,-7.3153443
C12OOC(ON(=O)(=O))(C1(O)C(=O)(OO))C(=O)C(=O)C2,-7.90477047402419,-7.9343963
C1(OO)OC1C(O)(C)C(=O)(O),-6.028672175218162,-6.8522916
C(=O)(O)C1OC1(C(ON(=O)(=O)))C(=O)C(OO),-7.518930787055979,-5.953434
C(=O)(O)C(O)C(ON(=O)(=O))(C(=O))C1OC1(=O),-7.556511264947403,-5.714691
CC1(O)COOC1C(ON(=O)(=O))C(=O)(OO),-5.815548609558391,-5.529758
C(OO)C1(C(=O)(OO))OOC(C1(=O))C(ON(=O)(=O))C(=O)(OON(=O)(=O)),-6.928260687766851,-8.136102
CC(O)CCC(=O)CC(=O)C(OO)CC(=O)(OON(=O)(=O)),-7.113173114007623,-8.733424
C1(OO)OC1(O)C(=O)C(O),-6.949279212652982,-5.61926
C1(O)C(ON(=O)(=O))OOC1(C(=O)(OO))C(OO)C(=O),-6.898915975327327,-9.312774
C(OO)C(=O)C(O)C(C(=O)(OO))OOC(=O),-7.734867627694257,-7.389423
C(O)C(=O)C(O)C1OC1(OO)C(=O),-8.343776982923373,-10.77164
C(=O)(O)C(OO)C(=O)OOC(O)(C(=O)(N(=O)(=O)))C(=O),-6.764709823866724,-7.4623423
C(=O)(OON(=O)(=O))C1(OO)OC1(OO)C(O)C(=O),-6.492459423474429,-6.494192
CC(=O)C(=O)C(OO)C(OO)(C(O)(C)C)CC(=O),-10.013154417704754,-10.8098135
C1(O)(O)C(=O)OOC1(ON(=O)(=O))C(=O)C(=O)C(OO),-7.174810989953585,-5.4128366
C1(O)C(=O)OOC1C(ON(=O)(=O))C(OO)C(=O)(OO),-7.808807789293496,-7.8703837
CC(ON(=O)(=O))(C)C(C(OO))C(O)C(=O)(OO),-7.57917248340982,-6.115856
CC(=O)C=CC1OC1C(=O)(OO),-5.155649338385047,-6.327713
C1(O)(O)C(N(=O)(=O))(C(=O)(O))OOC1C(ON(=O)(=O))C(=O)C(=O)(O),-7.786792903145397,-10.651332
C1(OO)OOC(C)(C(=O)(O))C=CC1(OO),-7.633228137208789,-8.115286
CC(=O)C(OO)C(O)C(=O)OOC(=O)C(=O),-7.9108351619725,-6.6991467
C(=O)(O)C1(O)OC1(N(=O)(=O))C(C)C(=O)(OO),-7.515297614601877,-7.130153
C(O)C(=O)C1(O)OC1(ON(=O)(=O))CC(=O)(OON(=O)(=O)),-5.191756244171302,-4.2826915
C(ON(=O)(=O))C(=O)C(OO)CC(=O)CC(OO),-7.769721764462702,-8.195391
C(=O)(O)C1OOC(=O)C(O)(C(=O)(OO))C(ON(=O)(=O))C1(=O),-7.6665940327384305,-7.7096133
CC(=O)CC(=O)CCC(ON(=O)(=O))C(ON(=O)(=O))C(=O)C,-6.106304751713651,-5.6155677
C(=O)(OON(=O)(=O))C(O)C(C1(O))OOC1(C(ON(=O)(=O)))C(=O),-6.8181430706290485,-6.962465
C(ON(=O)(=O))C(=O)C(C(O)(C)C(OO))CC(=O)(OON(=O)(=O)),-8.04614495527403,-7.116542
C(=O)(OON(=O)(=O))C1(O)OC1C(=O),-3.205051263921632,-1.6004301
C(=O)(OON(=O)(=O))C(OO)C1(C(OO))OC1C(=O)(OON(=O)(=O)),-6.970169413415533,-5.0810685
C(=O)(OO)C(ON(=O)(=O))C(O)(C(=O)(OON(=O)(=O)))C1OC1C(=O)(OO),-6.62355461649895,-9.411887
C(=O)(OON(=O)(=O))C(ON(=O)(=O))C(O)C(=O)OC(OO)(C)C(=O),-5.9500126486345835,-6.3116302
C(=O)(OON(=O)(=O))C(=O)OC(=O)C(OO)=CC(=O)(OON(=O)(=O)),-4.156997396419683,-4.2850256
CC(C(ON(=O)(=O)))(C(=O))C(OO)(C)C(=O),-4.979029850485858,-5.2859917
C(=O)(OO)C1(O)OC1(N(=O)(=O))C(O)C(=O),-8.145889769131827,-7.5680666
C(=O)(OO)C(OO)C1(C)OOC(N(=O)(=O))(C1(O)(O))C(=O),-8.58311150708505,-11.904327
C1(=O)C=CC(=O)OOC1(C(=O)(O))C(OO),-8.877073302875942,-7.7366652
C(OO)C(=O)OC(=O)C(OO)C(O)C(=O)(OON(=O)(=O)),-6.29819140215659,-6.954474
CC(=O)C1C(ON(=O)(=O))C(O)(C(=O)(OO))C1(C)C,-8.180356723513796,-4.5288434
CC(=O)C(ON(=O)(=O))(C(O))C(=O)C(O),-7.289468842355745,-4.4246035
C(=O)(N(=O)(=O))C(=O)OC(OO)C(=O)(O),-5.512876905433586,-4.4590154
C1(=O)C(OO)OOC1(OO)C(OO)C(=O),-7.066337666899926,-7.87668
CCC(O)CC(=O)C(OO)CC(ON(=O)(=O))CC,-8.575842098050089,-6.88925
C1(O)C(ON(=O)(=O))C(OO)C(OO)(C2(=O))OOC12(O),-7.2132468542477,-7.8699327
C(=O)(O)C(O)(N(=O)(=O))C(O)(C1(O)(N(=O)(=O)))OOC1C(=O),-7.417906870308798,-8.821121
C(O)C(=O)C(=O)C(ON(=O)(=O))C(OO)CC(=O)(OO),-7.719499244571125,-11.705529
C1(=O)C(ON(=O)(=O))OOC(=O)C(ON(=O)(=O))C1(OO)C,-4.7776344729409175,-3.9234598
CC(ON(=O)(=O))C1(OO)OC1(OO)C(=O),-6.606484527612338,-4.3178616
C(=O)(N(=O)(=O))C1(O)OC1C(O)(C)C(=O)(OON(=O)(=O)),-7.468418624574042,-4.2683473
C1(O)(O)COOC1(C)C(=O)C(=O),-5.805039334800313,-6.035312
C1(O)C(OO)(C(=O))OOC1C(=O)C(=O),-8.114906133594559,-5.7271943
C(OO)C(=O)C(C(ON(=O)(=O)))CC(=O)(OO),-7.859201103980013,-8.410191
C(=O)C(=O)OC(N(=O)(=O))(OO)C(OO)=CC(=O),-8.212491851489176,-8.909317
CC(=O)C(=O)C(ON(=O)(=O))(C)C(O)C(OO),-6.77799378243526,-5.41576
C(=O)(O)CC(ON(=O)(=O))C(C)(C)C(=O)C(=O)C(OO),-8.003625441897384,-7.361766
C12OOC(C1(O)(O))C(OO)C(O)(C)C2(ON(=O)(=O)),-10.169611691267164,-9.454047
C(=O)(OO)C(ON(=O)(=O))C1OC1(C)C(=O),-5.260143690895347,-4.833089
CC(=O)C(OO)CC(=O)CC(=O)C(ON(=O)(=O))(C)C,-6.41702924495803,-6.246568
C1(O)(O)C(N(=O)(=O))(C(=O))OOC1C(OO)C(=O)C(=O),-8.25748380002915,-9.045656
C1(=O)OC1C(O)C(ON(=O)(=O))C(=O)C(OO),-6.7933582578916685,-6.524224
CC(=O)C(=O)OC(N(=O)(=O))(OO)C(=O)(OO),-6.601797485773204,-5.8982706
C12C(ON(=O)(=O))C(C1(C)C)C(OO)C(OO)C2(=O),-6.609375792960236,-6.051708
CC(OO)(C)C(=O)C(=O)C(O),-7.299165071886819,-5.619998
CC(C(=O)(O))OOC(=O)C(ON(=O)(=O))C(=O)(O),-6.672839905439105,-8.03038
C12(O)OOC(OO)(C1(O)(N(=O)(=O)))C(=O)C(ON(=O)(=O))(C)C2(=O),-7.211182182576522,-6.420653
C(=O)(O)C1(C(ON(=O)(=O)))OC1C(OO)C(O)C(=O),-8.990341563918264,-9.965711
CC(=O)C1OC1(N(=O)(=O))C(O)(O)C(=O)C(=O),-5.432249260969911,-6.774192
C(=O)(OO)C=CC(OO)(C(=O))OC(=O)C(=O)(O),-8.398068667225743,-10.323387
CC(=O)C(ON(=O)(=O))CC1(OO)CC(ON(=O)(=O))C1(C)C(OO),-7.860671820741118,-9.171507
C1(=O)OC1(C(=O)(OO))C(O)C(OO)C(=O)(OON(=O)(=O)),-7.170143822295358,-6.69173
C(=O)(OON(=O)(=O))C(=O)OOC(ON(=O)(=O))(C)C(=O)C(=O),-2.6217003004330763,-2.5720272
CC(=O)C(C(=O)(O))C(=O)C,-3.5933459699645027,-3.979104
C(=O)(O)C(O)C(O)C1(C(=O))OC1(OO),-9.402410700622568,-9.322961
C(=O)(OO)C1(ON(=O)(=O))OC1C(C(=O)(O))C(=O),-5.874876487971051,-7.7033515
C(=O)(O)C1(N(=O)(=O))OC1(O)C(C(OO))=CC(=O),-9.956674174944055,-11.315413
C(=O)(OO)C1OC1(C(OO))CC(=O),-8.626962181104318,-6.2993197
C(ON(=O)(=O))C(O)CCC(OO)CCC(ON(=O)(=O)),-6.893780600471473,-8.3473
C(=O)(OON(=O)(=O))C(ON(=O)(=O))C(O)(O)C(=O)C(=O)C(=O),-5.628846242967484,-4.2311544
C(O)C(=O)C1(OO)OC1(OO)C(O)C(=O),-10.007301298785023,-9.481072
C(OO)C(=O)CC(=O)C1OC1(OO)C(=O)(OON(=O)(=O)),-5.415429093449347,-6.9947762
CC(=O)C(=O)C(=O)C1(O)OC1(OO)C(=O)(OON(=O)(=O)),-6.300483212909967,-4.5602803
C(=O)(OO)C1(OO)OC1(C(ON(=O)(=O)))C(ON(=O)(=O))C(=O),-6.773156669420132,-5.937671
C(ON(=O)(=O))C(=O)C1(ON(=O)(=O))OC1(OO)C(=O),-4.562202962579249,-4.0246696
C(O)C(ON(=O)(=O))CC(=O)CCCC(OO),-8.920709899114627,-7.7125654
C(=O)C(N(=O)(=O))C1OC1(OO)C(=O),-3.978062088810475,-3.8280015
C(O)OOC(OO)(C(=O)(O))C(=O)C(=O),-7.198384738547247,-7.873217
C(=O)(OO)C(=O)CC(=O)C(OO)C(=O)(OON(=O)(=O)),-6.27701075580444,-6.26163
C1(=O)C(C(=O)(OON(=O)(=O)))OOC1(C(O))C(ON(=O)(=O))C(=O),-4.724430452755769,-5.264907
C(=O)(OO)C(=O)C(C(O))C(=O)(OON(=O)(=O)),-6.537570078306089,-4.954533
C1(=O)C(O)C(N(=O)(=O))(OO)C(=O)OOC1C(=O)(O),-7.027658532631904,-9.316223
C(O)C(=O)C1OC1C(OO)C(O)C(=O)(OO),-10.33184332039491,-11.048226
CC(OO)C(C(=O)(O))(C)C(=O)(O),-7.743485370743656,-7.4555793
CC(=O)C(C(=O)C(=O)(O))OOC(ON(=O)(=O))C(=O)(OON(=O)(=O)),-4.625372940228772,-5.677361
C(=O)(N(=O)(=O))C(=O)C(O)(C)C(=O),-2.9514568624472304,-0.43807852
C(=O)(O)C1(C(ON(=O)(=O)))OC1C(=O)C(O)C(=O)(OON(=O)(=O)),-5.847038385519227,-6.5098014
C(=O)(N(=O)(=O))C(O)(C(=O))OOC(=O)C(O)C(=O),-6.120465975760453,-5.751747
C(ON(=O)(=O))C12OOC(C1(O))C(ON(=O)(=O))C(=O)C2(=O),-6.0365729967898005,-6.7557516
C(O)C(=O)C(C(=O)(O))C(C)(C(ON(=O)(=O)))C(=O)CC(=O)(OON(=O)(=O)),-8.263225969256382,-10.272728
C(ON(=O)(=O))C(=O)C(OO)=CC1OC1C(=O)(OO),-8.615573461689564,-9.211168
C(=O)(O)C(O)C(OO)C1(OO)OC1C(=O)(O),-9.928961090006851,-11.515086
C(=O)(O)C1(O)OC1(N(=O)(=O))C(O)C(OO)C(=O)(OON(=O)(=O)),-9.0667973584641,-9.857952
C(OO)C1OOC(O)(C1(O)(N(=O)(=O)))C(=O)(OO),-9.95558179130785,-7.222324
CC(=O)C(C1(C)C(=O)(O))C(ON(=O)(=O))C1CC(=O)(OO),-8.477217318551084,-10.695744
C(O)C(C(=O)(OO))C(OO)OC(=O),-7.511470208761239,-8.670252
C(=O)(O)C1(N(=O)(=O))OC1(O)C(=O)CC(=O),-6.463602599780643,-6.113256
CC1(C(=O)(O))OC1(O)C(OO)C(=O)(OO),-8.818019083759282,-8.3170395
C12CC(OO)C(=O)C(C2)C1(OO)C,-7.513844443255039,-7.5724344
C(O)C(OO)C(ON(=O)(=O))(C)C(OO),-6.794280959404205,-7.105184
C(=O)(O)C1(N(=O)(=O))OC1(OO)C(C)=CC(=O)(OON(=O)(=O)),-6.353602531424258,-6.010463
C(=O)C(=O)OC(=O)C(OO)(C(=O))C(=O)C(=O),-4.049212445368539,-4.4663267
C2(O)(O)C(=O)C(=O)CC1(O)OC12,-6.947880504132627,-9.950138
C(=O)C(=O)C(=O)C(OO)C(OO)(C(=O))C(=O),-6.399885864375392,-6.7188053
C(=O)(O)C(C(=O))CC(=O),-4.001134806074333,-4.466825
CC(=O)C(=O)C(ON(=O)(=O))C(O)(C(=O)(O))C(ON(=O)(=O))(C)C,-7.766482960296344,-6.4108963
C1(=O)C(=O)OOC1C(OO)(C)C(N(=O)(=O))(OO),-7.029858528212571,-8.022335
C1(ON(=O)(=O))C(=O)OOC(N(=O)(=O))(C(=O)(O))C(OO)C1(O)C,-6.857646824131734,-8.517273
C(=O)(O)C(O)C(ON(=O)(=O))C1OC1(C(OO))C(=O)(OON(=O)(=O)),-7.760362205876845,-8.86774
C2C(=O)C(=O)C(=O)C1OC12C(OO),-4.409090109718818,-6.0002217
C(O)C(=O)C(OO)C(C)(C)C(C(=O)(OON(=O)(=O)))C(=O),-6.8426784858129395,-5.7441444
C(=O)(OON(=O)(=O))C(OO)(C(=O)(OON(=O)(=O)))C(=O),-3.9799943412836,-1.9852695
C(=O)(O)CC(C(ON(=O)(=O))(C)C(ON(=O)(=O)))C(O)C(=O),-8.4440820096288,-9.456762
C(=O)(O)C(OO)C1OOC(C(=O))C1(O)C(=O)(OON(=O)(=O)),-7.453621906139233,-7.186392
C1(=O)OC1C(=O)C(O)(C(ON(=O)(=O)))C(=O),-3.5024093954889395,-2.630413
C(=O)(O)C(OO)CC(=O)C(C)(C)C(=O),-8.322222709357447,-6.926104
C(=O)(O)C(=O)C(O)(C(ON(=O)(=O)))C(O)C(=O)OC(=O),-7.61727425537174,-9.479747
C(=O)(O)C(=O)C(=O)C1OC1C(=O)(O),-6.64540455162205,-6.4426365
C(=O)(OON(=O)(=O))C(ON(=O)(=O))C(O)(C(=O)(O))C(OO)OC(=O),-6.824971644276957,-8.71427
C(O)CC(=O)C(=O)C(=O)CCC(=O)(OON(=O)(=O)),-4.454386611221707,-6.479628
C(=O)(O)C1OC1(O)C(OO)C(=O)(OON(=O)(=O)),-6.492459423474429,-6.772646
C(=O)C(=O)C1OC1(ON(=O)(=O)),-1.3578237016827188,-0.9257213
C(=O)(O)C(O)C(O)(C1(O))OOC1(C(ON(=O)(=O)))C(=O),-9.095905599070647,-10.228613
C(=O)(O)C(ON(=O)(=O))C(O)C1OC1(C(OO))C(=O)(OON(=O)(=O)),-7.810951821204071,-9.206674
CC(ON(=O)(=O))CCC(=O)CC(=O)C(ON(=O)(=O))CC(=O)(O),-6.715102759581896,-8.334307
C(O)C1(OO)OC1(N(=O)(=O))C(=O)(OO),-8.848387878000722,-7.3469167
CC(=O)C(ON(=O)(=O))(C(OO)(C)C)CC(=O)(OON(=O)(=O)),-6.184843130438821,-5.094359
C(=O)(OON(=O)(=O))C(ON(=O)(=O))C1(C(OO))OC1(OO)C(=O),-5.947982262389814,-5.8845453
CC(=O)C(C(=O)C)CC(ON(=O)(=O))C(OO)C(=O)(OO),-8.459279446500659,-10.437078
CC(=O)C(=O)C(OO)(C(=O)(OO))OOC(=O),-6.994747692071542,-4.8792257
C1(=O)CC(OO)(C(ON(=O)(=O))(C)C)CC(=O)C1C,-6.292306498976359,-6.8635445
C1(O)(OO)C(C(=O)(O))OOC1C(OO)C(=O)C(ON(=O)(=O)),-8.381005227338392,-9.382049
C(=O)(O)C(ON(=O)(=O))C(C(=O)C(=O)(OO))OOC(=O)C(=O),-7.090813442864601,-8.561958
CC(=O)C(OO)CC(OO)C(ON(=O)(=O))C(=O),-7.222351051516853,-8.350853
C(=O)(OO)C(=O)C(N(=O)(=O))(C1(O)(O))OOC1(C)C(=O),-8.58311150708505,-7.9887643
C(=O)(OO)C(=O)OOC(C(=O)(O))(C(ON(=O)(=O)))C(=O)C(=O),-6.896424942791782,-7.5873446
C(O)C(=O)OC(=O)C(ON(=O)(=O))C(=O)(OO),-7.2093367666984705,-5.9939814
C1(ON(=O)(=O))OC1C(=O)C(O)C(=O)C(=O)(O),-5.74346779966254,-3.155294
C(=O)C(OO)C(OO)(C1(=O))OOC1(ON(=O)(=O))C(=O),-6.260414583508464,-5.075228
C(ON(=O)(=O))C(OO)(C(=O)(OO))C1CC(C(=O))C1(C)C,-8.448802978833555,-10.161098
C(=O)(OON(=O)(=O))C(=O)C(N(=O)(=O))C(=O)C(OO)OC(=O),-4.255421812236818,-4.1541753
CC(=O)C(=O)C(O)C(OO)C(=O)(OON(=O)(=O)),-6.369038771839769,-4.0728106
C(O)C(C(=O)(O))C(ON(=O)(=O))OC(=O),-6.480184619529609,-6.318522
C(=O)C(N(=O)(=O))C(=O)C(=O)C(=O)C(=O)C(O),-4.086086187020555,-4.450421
CC(=O)C(=O)CC(OO)CC(=O)(O),-8.358553480002229,-7.1513743
C(O)CCC(=O)CC(=O)CC(ON(=O)(=O))C(OO),-8.920709899114627,-9.675026
C(=O)(OO)C(N(=O)(=O))(OO)C(C)(C(=O)(O))OOC(=O),-6.425312481354922,-8.77596
C1(O)C(=O)C(O)C(=O)C(=O)C1(ON(=O)(=O))C,-7.057983532840808,-6.6423526
C(=O)(O)C(=O)OC(OO)(C(O))C(=O)(OON(=O)(=O)),-6.6717258385360765,-7.020431
C(ON(=O)(=O))C(=O)C(=O)CC(C(=O)C)CC(=O),-4.103254869336524,-6.228533
CC(OO)(C)C(O)(C(=O)(OON(=O)(=O)))C(ON(=O)(=O))C(=O),-5.519755575859563,-5.4498014
C(=O)(O)C1OC1C=CC(=O)C(OO),-8.043073782955616,-8.134507
C(=O)(OO)CC(C(=O))C(C)(C(OO))C(=O),-8.039552158134029,-7.9575257
C12OOC(O)(C2(O))C(=O)C(OO)C1(O)C(=O),-10.021996574687364,-8.638493
C2(OO)C=CC(ON(=O)(=O))(C1(O)C(=O))OOC12(O),-7.844187264292486,-8.486151
C(=O)(O)C(ON(=O)(=O))(C(=O)(OO))C(C)(C)OOC(=O),-6.609960631937611,-7.7569346
CC(=O)C(OO)C(O)C1OC1(ON(=O)(=O))C(=O)(OO),-6.537819062241397,-9.017846
CC1(O)C(=O)OOC1(N(=O)(=O))C(=O)C(O)C(=O)(OO),-8.365163296817627,-7.0601726
C(ON(=O)(=O))C(ON(=O)(=O))(C(=O)(OO))C(C)(C)OOC(=O),-5.382423229921187,-5.031057
CC(=O)C(C(=O)(OON(=O)(=O)))C(C)(C)C(=O),-2.8053320287226597,-2.9726503
CC(=O)C(OO)C(=O)C(O)C(O)(OO)C(=O),-8.526104695218237,-12.053782
CC(ON(=O)(=O))(C)C(C(OO))C(=O)C(OO)C(=O)C,-6.894937412072977,-8.562306
C(O)C(=O)C(ON(=O)(=O))(CC(=O)(O))CC(=O),-7.697543388709164,-8.5394
C(=O)(OON(=O)(=O))CC(=O)C(C)(C)C(C)C(=O),-3.4966156484460953,-3.6494668
C1(OO)OC1(O)C(N(=O)(=O))=CC(=O),-8.448680210274688,-6.4092135
C2(O)(O)C(=O)C(OO)=CC1OC12C(O),-9.835563238812028,-7.718106
C(=O)(OON(=O)(=O))C1(OO)OC1(C(ON(=O)(=O)))C(O)C(=O),-5.654299732212166,-5.8952446
CC(ON(=O)(=O))(C)C(OO)(C(ON(=O)(=O)))CC(=O)C(=O)C,-5.968005102422467,-5.4848065
C1(O)(O)C(N(=O)(=O))(OO)OOC1(C(=O)(O))C(ON(=O)(=O))C(=O),-8.805057134693016,-10.667067
CC(OO)(C)C(OO)CC(=O)C(OO)(C)C(=O),-8.952813006524593,-8.8993635
CC(OO)(C)C(=O)C(ON(=O)(=O))(C)C(=O)CC(=O),-6.403285016611335,-5.3848767
C(=O)(O)C(ON(=O)(=O))C(=O)C(O)C(O)(ON(=O)(=O))C(=O),-6.490658700049607,-7.789437
CC(=O)C1C(=O)C(C1(C)C)C(OO)C(=O)(OO),-8.011247801474383,-6.952821
CC1(C)C(=O)C(O)(C(OO))C(=O)CC1(ON(=O)(=O))C(=O)(OON(=O)(=O)),-6.966300971702367,-7.3739414
C(=O)(OON(=O)(=O))C1(O)OC1C=C(C(=O))C(=O),-5.191754884146576,-4.7437763
CC(=O)C(OO)C(OO)(C)C(=O)C(=O)(OON(=O)(=O)),-5.975661218912137,-6.0019135
C(OO)C(=O)C1CC(C1(C)C)C(ON(=O)(=O))C(=O),-6.621731553451355,-6.736197
C(=O)(O)C1(C(=O))OC1(O)C(N(=O)(=O))=CC(=O),-8.523919284567455,-8.934419
CC(C(=O)(OO))C1(OO)OC1(OO)C(=O),-7.298782734978886,-8.959932
C1(O)(O)C(=O)OOC1(C(ON(=O)(=O)))C(=O)C(ON(=O)(=O))C(=O),-7.870342885492391,-7.0296965
CC(=O)CCC(=O)CC(ON(=O)(=O))CCC(O),-6.1005510822369615,-6.6836443
C(OO)C(=O)C(O)(N(=O)(=O))C(=O)(OON(=O)(=O)),-6.146561600051427,-3.4868238
C(O)C(=O)C1(N(=O)(=O))OC1(OO)C=CC(=O),-7.843579914284419,-7.1539416
C1(=O)OC1C(=O)C(C(ON(=O)(=O)))C(=O)(OO),-5.056234734704049,-3.7806942
CC(=O)C(OO)(C(=O))CC(ON(=O)(=O))C(ON(=O)(=O))(C)C(=O),-6.888723312837101,-6.9857235
C(=O)(O)C(OO)C1(O)OOC(ON(=O)(=O))(C(=O))C1(O)C,-7.898225503305184,-9.6929655
C(=O)(N(=O)(=O))C1(OO)OC1(C(=O)(O))C=CC(=O),-7.667703364777481,-8.267652
C(=O)(O)C(ON(=O)(=O))C(O)C1(C)OC1(O)C(=O)(OON(=O)(=O)),-6.150655250847194,-7.8991723
C(=O)(OON(=O)(=O))C(O)(C(=O))C1OOC(O)(C1(O))C(=O),-7.574330250962703,-8.104479
CC(=O)C(OO)C(O)(N(=O)(=O))C(=O)(OO),-7.027574132942391,-5.4141464
C(O)CCC(OO)C(=O)CC(=O)C(=O),-8.877583939838587,-7.8746605
C1(O)(N(=O)(=O))C(O)(C(=O))OOC1(O)C(=O)C(=O),-7.424092879165983,-4.836942
CCCCC(=O)C(ON(=O)(=O))CC(O),-4.736152317243068,-4.093498
C(=O)(OO)C1(O)OC1(N(=O)(=O))C(O)C(ON(=O)(=O))C(=O),-7.554563399065955,-7.667364
C(O)C(C(ON(=O)(=O)))C(C(=O)(OO))(C)C(=O),-7.181100176768268,-6.4089427
CC(=O)C(OO)C(C)(C(OO))C(OO)C(=O),-7.738046270565974,-9.521208
C(=O)(O)CC(OO)C(C(ON(=O)(=O)))(C)C(=O)(OO),-8.185062465987357,-11.440441
C(=O)(O)C1(OO)OC1(C(O))C(=O)(OON(=O)(=O)),-7.363976067375916,-6.8485236
C(=O)(OO)C1(O)OC1(N(=O)(=O))C(C)C(=O)(OON(=O)(=O)),-7.121038949002468,-4.984149
C(=O)(OO)C(ON(=O)(=O))C(O)C(O)C(=O),-7.575174509564022,-7.4706793
CCCC(=O)CC(=O)C(ON(=O)(=O))CCC,-3.9558795943685254,-3.0032663
C(O)C(ON(=O)(=O))CC(OO)CCC(OO),-7.376212426655002,-8.381884
C(=O)(OO)CC(=O)OC(=O)C(=O)C(=O),-4.713066187670847,-5.0366907
C(=O)(O)C(O)(N(=O)(=O))C(OO)C1OC1C(=O)(O),-9.402052858100433,-10.705544
C(=O)(O)C1(O)OC1C(N(=O)(=O))C(=O)(OO),-7.511322472626489,-8.0538
C(=O)(OO)C(OO)OC(=O)C=CC(=O)C(=O)(OON(=O)(=O)),-6.690932056093516,-7.4246974
C2(O)C1(O)OOC2C=C(OO)C1(OO)C(=O)(O),-11.158483651110146,-11.505907
CC1(C)C(OO)(C(=O)(OON(=O)(=O)))CC1C(OO)(C)C(=O)(OON(=O)(=O)),-6.7834955012021965,-6.322387
C(=O)(ON(=O)(=O))C1OC1(OO)C(=O),-3.685885741298989,-2.623788
C(O)C(O)(C(=O)(OO))C(=O),-8.451835994619614,-4.6804743
C(ON(=O)(=O))CC(=O)(OO),-4.023109571126042,-3.5634575
C(=O)(O)C(=O)C(ON(=O)(=O))(C(ON(=O)(=O)))OOC(=O)C(=O),-4.992130662296404,-5.129626
C(=O)(O)C1(N(=O)(=O))OC1C(ON(=O)(=O))(C)C(O)C(=O)(OO),-8.085599736581571,-8.677996
CC(O)(C(ON(=O)(=O)))C(=O)C(OO),-7.260408771456241,-5.973326
C(=O)(O)C(O)C(OO)(C(=O))C(=O)C,-8.549016973342077,-5.954646
C(ON(=O)(=O))C1(O)C(O)(C(=O)(OON(=O)(=O)))OOC1C(=O)C(=O),-6.072167672290561,-6.453042
CCC(=O)CC(O)CC(ON(=O)(=O))C(OO)CC,-9.340532961170538,-7.7445817
CC(=O)C(O)C1OOC(O)(C1(O)(OO))C(=O)(OON(=O)(=O)),-7.051906432845499,-2.653256
C(ON(=O)(=O))C(ON(=O)(=O))C(OO)(C)C(C)C(=O),-5.947496795271036,-5.738244
C(=O)(O)C(O)C(O)(C)C(=O)(OON(=O)(=O)),-6.790495213201211,-5.5199766
C1(=O)C(=O)OOC1C(ON(=O)(=O))C(O)(C)C(=O),-5.0308560912617395,-5.9697976
C(=O)(O)C1OOC(ON(=O)(=O))(C1(O))C(ON(=O)(=O)),-6.390659193076317,-5.9337854
C(=O)(OON(=O)(=O))C(OO)C1(OO)OC1(ON(=O)(=O))C(=O),-4.994036606378359,-4.390529
C(O)C(=O)C(OO)OC(=O)C(=O)CC(=O)(O),-7.4595415990243055,-8.697807
C(O)C(=O)C1OC1(ON(=O)(=O))CC(=O)(O),-6.22961890998522,-6.220787
CC(OO)(C)C(C(=O)C(OO))CC(=O)CC(=O)(OO),-10.739972979531558,-12.521295
C(OO)C(=O)C(C(=O))C(C)(C)C(ON(=O)(=O))C(=O),-5.706417138345387,-6.3982463
C(OO)CC(OO)C(OO),-7.151801809424796,-5.887656
C(=O)(O)C(O)C(OO)(C(=O)(O))C(=O)(OO),-9.05736763668392,-10.934425
CC1(C(=O)(O))OC1(OO)C(=O)C(O)C(=O)(OON(=O)(=O)),-5.623877302889014,-7.177533
CC(C(=O)(O))=CC(=O)OC(=O)(O),-7.155546836935173,-7.5452275
CC(=O)CC(=O)CC(ON(=O)(=O))C(=O)C(OO)C(ON(=O)(=O))C,-7.131621736088164,-7.7425776
CC(=O)C(C(=O)C(=O)(N(=O)(=O)))OOC(=O)C(=O)(OO),-3.8019152284086886,-6.8182745
CC(=O)C(ON(=O)(=O))C(OO)C(ON(=O)(=O))(C(OO))C(=O)C,-7.657955251767817,-7.0527816
CC(=O)C(O)(C(=O)C)CC(ON(=O)(=O))CC(=O)(OON(=O)(=O)),-6.471327736585408,-3.1192598
C(=O)(OO)CC(C)(C(ON(=O)(=O)))C(=O),-3.8293807315558297,-4.130299
C(=O)C(=O)C(=O)C(=O)OC(OO)(C(=O)(OON(=O)(=O)))C,-3.809969261990773,-3.3786244
CC(ON(=O)(=O))(C(=O)(O))C(O)CC(C(=O)(O))C(=O)C,-9.486719857732169,-10.48323
C(=O)(OO)C(OO)C1OOC(C1(O))C(=O),-7.654674243325644,-11.758757
C(=O)(N(=O)(=O))C(=O)C1(O)OOC(OO)(C(=O))C1(O)C,-8.836029815773145,-1.6480491
CCCCC(O)CCC(OO)CC(ON(=O)(=O)),-6.263569632953477,-7.0276666
C(OO)C1(O)C(OO)OOC1C(O)C(=O)(OON(=O)(=O)),-7.634581194736711,-8.06424
C(O)C(ON(=O)(=O))CC(=O)C(=O)(O),-7.085490426439719,-6.47467
CC(=O)C1(ON(=O)(=O))C(ON(=O)(=O))C(OO)C1(C)C,-5.719079728492943,-4.5279727
C(O)(N(=O)(=O))C(=O)C(OO)(C)OC(=O)C(=O)(OON(=O)(=O)),-6.27080433048468,-5.521221
CC(ON(=O)(=O))(C(=O)(O))C1CC(C(=O))C1(C)C(ON(=O)(=O)),-7.208937656802846,-7.5887384
C1(O)C=CC(=O)OOC1C(=O)(O),-7.23517118978998,-5.953241
CC(=O)C(ON(=O)(=O))CC(ON(=O)(=O))CCC(=O)(O),-7.087845951826239,-7.0201626
CC(O)(C)C(C(=O)(OO))C(ON(=O)(=O))C(=O),-6.609960631937611,-4.469943
CC(OO)CCCCC(=O)CCC(=O)(O),-8.209596967988546,-8.192906
C(=O)OOC(OO)(C(=O))C(=O),-4.224991894463528,-3.440597
CC(=O)C(=O)OOC(C(=O)(OO))C(N(=O)(=O))C(=O)(O),-7.308229824249793,-8.2717705
C(=O)(O)C(=O)C(C1(=O))OOC1(C)C(=O),-4.825416716881591,-4.8109636
CC(=O)CC(OO)C(ON(=O)(=O))CC(=O)CCC(ON(=O)(=O)),-7.88833884874748,-9.515568
CC1(C)C(ON(=O)(=O))CC1(OO)CC(=O)(O),-7.876198336991365,-6.5902944
CC(=O)CCC(=O)CCC(=O),-3.4409807949305105,-3.1931043
C(=O)(O)C(O)C1OOC(C(=O)(OON(=O)(=O)))C1(O)C(=O)(OON(=O)(=O)),-7.4113691221527915,-7.947052
C(=O)(OON(=O)(=O))C(=O)C(O)C(=O)C1OC1(OO)C(=O),-5.394560810573239,-4.933202
CC(ON(=O)(=O))(C)C(C)C(OO)C(=O)C(=O)(OO),-7.318166543598636,-6.2376003
C(=O)(O)C(O)(C(ON(=O)(=O)))C(=O)C(O)(O)C(=O)OC(=O),-8.559971103553835,-10.235223
C(=O)(OO)C(=O)C(O)(C1(O))OOC1(C)C(=O)(OON(=O)(=O)),-6.668060286961918,-6.617777
C(=O)(OON(=O)(=O))C(O)C(O)C(=O)C(O)C(=O),-6.585315157688456,-6.110558
C(=O)(OON(=O)(=O))C1(O)OOC(OO)(C)C1(=O),-5.765416041313983,-2.564474
CC(=O)C(ON(=O)(=O))(C(O))CC(=O)C(C)C(=O),-5.096903319768899,-6.056262
C(ON(=O)(=O))C1(ON(=O)(=O))OC1(OO)C(OO)C(O)C(=O),-6.719208970547697,-7.0477605
C1(=O)OC1C(=O)C(OO)(C(OO))C(=O),-7.679821386940603,-5.8478794
C1(O)C(O)(C(=O)(O))OOC1(C(=O)(OO))C(=O),-9.740985498232476,-8.98105
C1(O)C(OO)C(OO)C2(C(=O)(O))OOC1C2(=O),-9.00677570908556,-9.162359
C(O)C(=O)C(ON(=O)(=O))C1OC1C(O)(O)C(=O)(OON(=O)(=O)),-6.384524060924377,-7.9589276
CC1(C)C(OO)C(ON(=O)(=O))C1C(OO)C(=O)(O),-7.425511701015239,-8.319124
C1(O)(OO)C(N(=O)(=O))(OO)OOC1C(O)C(=O)C(O),-8.853393745797803,-9.607332
C(=O)C(=O)C(O)(O)C(ON(=O)(=O))(C(OO))C(=O)C(=O),-8.351542723284183,-9.087839
CC(=O)C(C(=O)C)C(OO)C(ON(=O)(=O))CC(=O)(OO),-8.970481023181492,-10.36731
C(=O)(O)C1OC1C(OO)C(ON(=O)(=O))C(=O)C(ON(=O)(=O)),-8.32055486088393,-8.942228
C(ON(=O)(=O))CCCCCC(=O),-3.5137832485506806,-2.4930892
CC(OO)CCC(O),-4.403970070675314,-3.6482968
C(=O)(OON(=O)(=O))C12OC1C=CC(=O)C2(O)(OO),-6.650822552484897,-4.681221
CC(C(=O)(O))OOC(ON(=O)(=O))C(ON(=O)(=O))C(=O)(O),-6.914160457905382,-6.9593825
C(=O)(N(=O)(=O))C(=O)C(OO)(C)C(O)C(=O)C(=O),-6.352385879094072,-4.6482177
CC(OO)CCCC(=O)CCC(=O)(OON(=O)(=O)),-5.560353528421729,-5.776887
C(=O)(O)C(=O)OOC(=O)C=CC(=O),-5.1812187468094635,-5.466554
C(=O)(OO)C(=O)C=CC1(O)OC1(OO)C(=O),-9.386871568905917,-7.7084155
C1(O)C(=O)C(=O)C(C2(=O))OOC12,-4.987905359597789,-4.0042205
CC(=O)OC(=O)C(O)C(OO)C(=O)(OO),-7.9108351619725,-7.288818
C(=O)(O)C1OC1(N(=O)(=O))C(=O)C(C(=O)(OO))C(=O),-6.793052942477516,-5.7505226
CC(=O)C(ON(=O)(=O))CC(C(=O)(OO))C(C(O))(C)C(=O)(OON(=O)(=O)),-7.463121519734159,-7.0202155
CC(=O)C(O)(C(=O)(O))OOC(=O)C(=O)C(=O)(O),-7.310693324867316,-9.817457
C(=O)(O)C(=O)OC(OO)(C(=O))C=CC(=O),-7.55621990360487,-8.746266
C(=O)(O)C1(O)OC1C=C(OO)C(=O)(OON(=O)(=O)),-7.205812724188945,-6.7106457
CC(ON(=O)(=O))(C(O))C(C(=O)C(OO))CC(=O)C(=O),-9.416936829708902,-8.793207
CC(OO)CCCCC(OO)C(ON(=O)(=O)),-6.680461447924245,-6.67263
C(=O)(O)C(=O)C(=O)C(=O)C(ON(=O)(=O))C(=O),-4.67738810654555,-4.762468
C(=O)(O)C(=O)OC(OO)(C)C(=O)(OON(=O)(=O)),-5.76207628137854,-5.0042987
C(OO)C(=O)C1(C)OC1C(=O)(OO),-7.106820766650344,-6.7560315
CC(ON(=O)(=O))CC(=O)C(ON(=O)(=O))CC(=O)CC(=O),-5.482937611375746,-6.804066
C(=O)(OO)C1(ON(=O)(=O))OC1(C)C=CC(=O)(OO),-6.881325636830297,-7.929938
CC1(C(=O)(OO))OC1(O)C(O)(N(=O)(=O))C(OO)C(=O)(OON(=O)(=O)),-9.093631318935877,-7.76351
C(=O)(N(=O)(=O))C(=O)C(C)(C(=O))OOC(=O),-2.9732862455512077,-3.1372359
C1(O)C(N(=O)(=O))(ON(=O)(=O))OOC1(OO)C(=O)C,-6.176960737719128,-4.9268928
C(O)C1(O)C(=O)OOC1C(O)C(=O)(OON(=O)(=O)),-7.015471510158022,-6.2105117
C(=O)(O)C(C(ON(=O)(=O)))OOC(=O)C(ON(=O)(=O)),-5.218012848432409,-6.4572463
C(O)C(=O)OC(=O)C(O)C(ON(=O)(=O))C(=O)(OON(=O)(=O)),-5.931156944992836,-5.8014174
CC(=O)C(O)C(ON(=O)(=O))C(ON(=O)(=O))C(O)C(=O)(OO),-7.171232230037276,-7.816403
C(ON(=O)(=O))C1(OO)OC1(OO)C(=O)(OO),-6.130482696848048,-6.1010766
C(=O)(OON(=O)(=O))C1OC1C(OO)(C(=O))C(=O)C(=O),-4.405648257830762,-4.4852777
CC(O)(C(=O)(OO))C(ON(=O)(=O))C(OO)OC(=O),-7.614200698217246,-6.3728476
C(=O)C(=O)OC(=O)C(ON(=O)(=O))(C(=O))C(O)C(=O),-4.612542550927174,-4.968929
C(=O)(O)C(N(=O)(=O))(ON(=O)(=O))C(OO)(C(=O)(OO))C1OC1C(=O),-7.6289382662616845,-10.261724
CC(=O)C(ON(=O)(=O))C(OO)C(C(=O))C(C(O))(C)C(=O),-7.113651551740077,-10.029528
C(=O)(O)C(OO)=CC(=O)C(=O),-8.165604889702081,-1.6768098
C(O)C(=O)C(N(=O)(=O))C(=O)C1(N(=O)(=O))OC1(OO)C(=O),-6.955747071882797,-7.50989
C(=O)(OO)C(N(=O)(=O))(OO)C1OOC(C1(=O))C(=O)(OON(=O)(=O)),-6.426682073803022,-5.3787026
C(=O)(OON(=O)(=O))C1OC1C(O)(O)C(=O)C(=O),-5.322213136654682,-5.592044
CC(ON(=O)(=O))(C(OO))C(C(=O)(OO))CC(=O)(O),-8.52389919655161,-7.324461
CC(=O)C(ON(=O)(=O))C(O)C(OO)CC(=O)(OO),-8.197414585991282,-10.219527
C(=O)(N(=O)(=O))C(O)(C(=O)(O))OOC(=O)C(OO)(C)C(=O),-7.089840605764039,-8.913136
CC(O)(C(OO))C(C(=O))CC(=O)C(=O)C,-7.382799477136359,-7.86502
C(=O)(O)C(O)C(O)(C(=O)(O))C(=O)OC(=O)C(=O),-8.028462741169278,-10.103499
C(=O)(O)C1(O)OC1(O)C(O)(N(=O)(=O))C(=O),-7.574511978911687,-8.328692
C(=O)(OON(=O)(=O))C(ON(=O)(=O))C(OO)C(O)OC(=O)C(=O),-6.26651317761025,-5.5237327
C(=O)(OON(=O)(=O))C(O)(O)C(=O)OC(=O)C(O)(C)C(=O),-5.902073644721895,-6.5539265
C(OO)CC(=O)CC(=O)CCC(=O)(OO),-9.224542230072984,-6.7039046
CC(OO)(C(=O))C(C(OO))C(O)(C)C(=O),-8.891433780219813,-9.209492
C1(=O)OC1(C(ON(=O)(=O)))C(O)C(=O)C(=O)C(=O),-4.1553552277482595,-4.7383533
C(=O)(O)C(=O)OOC(OO)C(ON(=O)(=O))C(=O)C(=O),-7.090813442864601,-6.90314
CC(=O)C(OO)C(=O)OOC(O)(C(=O)(N(=O)(=O)))C(=O),-6.5333927071242215,-5.8441505
CC(ON(=O)(=O))(C(=O)(OON(=O)(=O)))C(C(=O))C(OO)(C)C,-4.952426266060684,-5.2841043
C(=O)(O)C(OO)C(ON(=O)(=O))(C)C(OO)OC(=O)C(=O),-7.614200698217246,-8.425457
CC1(C)OOC(ON(=O)(=O))CC1C(=O)(OO),-5.260438958081977,-5.561509
CC(ON(=O)(=O))(C)C(C)CC(=O)C(OO)C(=O),-5.142328782530967,-6.4335217
C(=O)(O)C=C(C)C(=O)C(O)C(=O)(OON(=O)(=O)),-6.1481396299950575,-3.2445788
CC(ON(=O)(=O))C(=O)OC(=O)C(=O)(OO),-4.863719712595412,-3.8973682
CC(ON(=O)(=O))C(ON(=O)(=O))C(=O)CCC(=O)CCC(O),-7.706112423707054,-7.8411474
C(OO)C1(OO)OC1C(=O)C(=O)C(=O)(OON(=O)(=O)),-5.617246098803662,-4.5498548
C(=O)(OON(=O)(=O))C(=O)C(ON(=O)(=O))C(O)(OO)C(O)C(=O)C(=O),-6.5859668498542305,-6.630639
C(=O)(OON(=O)(=O))C(O)(O)C1(ON(=O)(=O))OC1(C)C(=O),-5.398029807476632,-4.1221313
C(O)C(ON(=O)(=O))CC(C(=O)C)C(=O)C(OO),-8.187369622212827,-7.723951
CC(=O)C(=O)OC(=O)C(O)(N(=O)(=O))C(=O)C(=O),-4.4207662741700915,-4.759053
CC(=O)C(ON(=O)(=O))(C(ON(=O)(=O))(C)C(O))CC(=O)C(=O),-6.809061137819299,-5.929253
C(=O)(OON(=O)(=O))C(OO)OC(=O)C(O)(C(ON(=O)(=O)))C(=O)C(=O),-5.649874172697309,-4.934608
CC(=O)CC(OO)C(=O)CCC(ON(=O)(=O))C(OO)C,-9.036991060427681,-9.58416
C(ON(=O)(=O))C(=O)OC(=O)C(ON(=O)(=O))C(O)(OO)C(=O),-7.513874593912988,-4.7678733
C(=O)(OON(=O)(=O))C(O)C(O)C(ON(=O)(=O))(C(=O))C(C)(C)C(=O)(O),-5.872513189648998,-10.0271435
C1(O)C(C(=O)(OON(=O)(=O)))OOC1C(OO)C(=O)C(=O)(OON(=O)(=O)),-6.674004455335307,-6.955853
C(ON(=O)(=O))C1(O)C(ON(=O)(=O))OOC1(O)C(=O),-6.235078509977939,-2.5765903
C(=O)(OO)C(O)C(C(=O)(OON(=O)(=O)))(C(=O))OOC(=O),-6.487165010552417,-5.294586
CC1(C)C(ON(=O)(=O))(C(=O)(OO))CC1CC(=O)(OO),-8.01452592667738,-6.6673126
C(=O)(O)C1OOC(O)(C1(=O))C(ON(=O)(=O))C(=O)C(=O),-7.052668794680358,-6.435704
C(=O)(O)C1CC(OO)(C1(C)C)C(OO)(C)C(=O)(OON(=O)(=O)),-6.607693265294984,-8.132389
CC(=O)C1OC1(OO)C(OO)C(=O)(O),-8.439727257693448,-9.965112
CC(C(=O)(OO))=CC1(N(=O)(=O))OC1(O)C(=O),-7.341772956564455,-9.235178
CC(=O)C(OO)C(=O)C1(O)CC(=O)C1(C)C,-5.9789349074371785,-5.328905
C(=O)(N(=O)(=O))C(O)C(O)C(=O)C(=O)(OON(=O)(=O)),-6.0426963562495075,-3.3806899
C(O)C(=O)C(C(ON(=O)(=O))(C)C(OO))CC(=O),-9.416936829708902,-5.874924
CC(OO)(C)C(C(O))C(O)C(=O)C,-7.079495166168272,-7.806564
CC(=O)C(ON(=O)(=O))C(OO)C(C(=O)(OO))C(C)(C)C(=O),-7.394918362887438,-9.433635
C1(O)(O)C(N(=O)(=O))(ON(=O)(=O))OOC1C(O)C(=O),-7.005009096626964,-8.324325
C(=O)(OON(=O)(=O))C(OO)C(O)(C)C(=O)C(=O),-6.511490080723888,-3.8803031
C(=O)(OO)C(O)(N(=O)(=O))C(O)C(=O)OC(OO)(C)C(=O),-7.978548397499253,-9.326366
CCC(OO)C(ON(=O)(=O))C(ON(=O)(=O))CC(O),-6.913130380748953,-6.4475546
C1(=O)C(=O)OOC1C(ON(=O)(=O))C(OO)C(=O)(O),-8.447288870836928,-6.819433
CC(C(=O)(O))C1(ON(=O)(=O))OC1(ON(=O)(=O))C(=O)(O),-5.910221673610067,-6.3112707
C12OOC(O)(C1(=O))C(OO)C(ON(=O)(=O))C2(=O),-7.23967788275877,-4.9145074
CC(=O)C(OO)(C1(C)C)C(OO)C1C(=O)C(=O),-7.483039176006059,-6.98937
CC(=O)C(ON(=O)(=O))CC1(OO)CC(=O)C1(C)C(ON(=O)(=O)),-6.198199225008466,-7.798606
C(=O)(OON(=O)(=O))CC1(O)OOC(N(=O)(=O))(C1(O)(O))C(=O),-7.511070026444941,-5.513473
C(=O)(OO)C(N(=O)(=O))(OO)C(ON(=O)(=O))C1OC1C(=O)(OO),-8.003842972600978,-7.573098
C1(O)C(O)(C(=O)(OO))OOC1C(ON(=O)(=O))(C(O))C(=O),-10.38024847491215,-11.186245
C(=O)(OO)CC1(O)OC1(N(=O)(=O))C(=O)(OO),-6.73805955984426,-7.777622
C(=O)(O)C(=O)C(O)C1OC1(ON(=O)(=O))C(=O),-6.312307412068549,-6.50373
C(ON(=O)(=O))C(OO)(C(ON(=O)(=O)))C(C(OO))C(=O)C,-7.878968577305386,-7.180041
C(=O)(O)C(N(=O)(=O))C(=O)C(=O)C(O)(C(OO))C(=O)(OO),-8.453972242077725,-9.215262
CC(ON(=O)(=O))(C(=O)(O))C1CC(OO)(C(=O))C1(C)C,-7.594694209060435,-7.7239823
C(ON(=O)(=O))C(OO)C1OC1C(=O),-5.829758083350498,-4.637898
CC(=O)C(C)CC(=O)CC(=O),-2.493247709258867,-2.9442396
C1(OO)OC1(C(=O)(O))CC(=O)(OO),-7.719778592552757,-10.435202
CC(OO)C(ON(=O)(=O))CCC(=O)C(ON(=O)(=O)),-6.799233566766816,-6.2669625
C1(O)(N(=O)(=O))C2(O)OOC1C(OO)C(O)C2(ON(=O)(=O)),-8.70680534357416,-10.335086
C(OO)C(=O)C1(ON(=O)(=O))CC(OO)(C(=O))C1(C)C,-7.433199624933877,-7.9653215
CC(=O)C(ON(=O)(=O))C(C)(C(ON(=O)(=O)))C(OO)C(=O)(O),-7.949008903346112,-7.132526
C(O)C(=O)C(ON(=O)(=O))(C(=O))C(=O),-3.613097250163264,-2.7053134
C(=O)(O)C(=O)C(ON(=O)(=O))C(=O)OOC(OO)C(=O)(O),-7.828214491144536,-9.681221
C(=O)(OON(=O)(=O))C1OC1C(O)(OO)C(OO)C(=O),-7.842574197340582,-7.3247333
C(=O)(O)C(O)(C(=O))C(ON(=O)(=O))C(=O)OOC(=O),-6.744530689380554,-5.7935038
C1(=O)C(ON(=O)(=O))C(=O)OC(OO)C(=O)C1(=O),-4.973511583808431,-5.220212
C(=O)(O)C1(O)OC1(OO)C(O)(O)C(=O)C(=O),-9.437376124715229,-12.657039
C(=O)(O)C(=O)CC(=O)C1OC1C(=O)(OON(=O)(=O)),-5.053369093624497,-5.532687
CC(=O)C(ON(=O)(=O))(C1(=O))OOC1C(ON(=O)(=O))C(=O)(O),-4.810102531259872,-4.8026567
CC(=O)C(ON(=O)(=O))C(=O)C(OO)C(C(ON(=O)(=O)))(C)C(=O),-6.026852973798668,-7.388126
CC(O)C(=O)C1OC1C(=O)(O),-6.012520305122962,-7.050016
C(=O)(OO)C(O)C(O)C(ON(=O)(=O))C(=O),-8.714360154697715,-5.4401517
CC(ON(=O)(=O))CC(=O)C(O)C(OO)CCCC,-7.959654851565574,-5.8547683
CC(=O)C=CC(=O)OC(N(=O)(=O))(OO)C(=O)(O),-8.414920853514559,-8.7152605
C(=O)(OO)C(=O)C1(O)OC1C(ON(=O)(=O))C(O)C(=O)(OON(=O)(=O)),-5.545776306824337,-7.210599
C(=O)(O)C(=O)C(OO)(C(O))OC(=O)C(=O)(OON(=O)(=O)),-6.977616078549545,-6.9460745
CC(=O)C(ON(=O)(=O))C(OO)C(C(=O))C(OO)(C)C,-7.11433281760219,-7.663732
C1(O)(O)C(OO)(C(=O)(OO))OOC1(C)C(=O),-9.48504684544605,-9.20208
C(O)C(=O)C(ON(=O)(=O))C(O)(C)C(=O)C(ON(=O)(=O)),-7.007784202221956,-6.676564
C(OO)C(ON(=O)(=O))CC(=O)C(C)C(=O)(OON(=O)(=O)),-5.067799217529682,-5.044751
C(=O)(O)C(=O)C(=O)C(=O)C(OO)C,-6.060314352444038,-5.2386017
C(ON(=O)(=O))C(=O)C(=O)C(OO)OC(=O)C(=O),-4.990231272387973,-4.420865
C(=O)(O)C(=O)OC(=O)C=CC(=O)C(=O)(O),-7.257934491624837,-8.205153
C(OO)C(ON(=O)(=O))C(=O)C(C(=O)(OON(=O)(=O)))CC(=O),-5.785117824552799,-5.7307215
C(=O)(OO)C(ON(=O)(=O))C(O)(OO)C1OC1(C(ON(=O)(=O)))C(=O),-8.251311887736847,-8.572445
CC1(C)C(OO)C(OO)C1(OO)CC(=O)(O),-8.29268585270438,-10.071165
CC(OO)C(=O)CC(=O)C(ON(=O)(=O))C(=O)CC(ON(=O)(=O)),-7.375203833406886,-6.579913
C1(O)(O)C(N(=O)(=O))(C(=O)(O))OOC1(C(O))C(ON(=O)(=O))C(=O),-9.435781044722717,-12.784882
C(=O)(OON(=O)(=O))C(=O)OC(=O)C(C(ON(=O)(=O)))=CC(=O),-3.8977968080762366,-3.8438845
C1C(O)C(OO)(C)C(ON(=O)(=O))CC1C(=O)C,-7.906375246040625,-7.9965963
CC(=O)C(=O)CC(O)(C(ON(=O)(=O)))C(OO)(C)C(=O)(OON(=O)(=O)),-6.646007798623032,-6.82624
C(=O)(OO)CC(=O)C1OC1(C(=O)(OON(=O)(=O)))C(=O),-5.209275075127152,-4.690138
C(=O)(O)C1(N(=O)(=O))OC1C(ON(=O)(=O))(C(O))C(O)C(=O),-8.862125135932729,-10.710995
C(=O)(OON(=O)(=O))C(OO)C(C)(C)C(C(=O))C(ON(=O)(=O))(C)C(=O)(O),-6.607430497760106,-8.666978
C(OO)C1(C(=O)(OO))OC1(O)C(=O)(OON(=O)(=O)),-6.189562828667476,-8.291555
C(=O)(N(=O)(=O))C1OC1C(OO)(C)C(O)C(=O)(O),-9.53958058772514,-7.8422384
CC(=O)C(C(OO))C(C)(C)C(=O)CC(=O)(OO),-9.365911158525705,-7.4514346
C(O)CC(O)(C)C(=O)(OO),-7.417961788476532,-3.5886185
C1(O)C(=O)C(OO)C2(C)OOC1C2(=O),-6.219246747063153,-5.0725603
C1(O)(O)C(C(=O)(OON(=O)(=O)))OOC1(C(O))C(O)C(=O),-8.199532706670652,-12.087034
C(O)C2=CC(=O)C(O)(O)C1(O)OC12,-9.460974980718674,-11.545649
C1(=O)C(OO)C(ON(=O)(=O))C(=O)C(OO)C1(ON(=O)(=O))C,-7.135290754040398,-6.1975617
C(=O)(OO)C(=O)OC(O)C(C)=C(OO)C(=O)(OON(=O)(=O)),-6.214674221935638,-8.158807
C(=O)(O)C(ON(=O)(=O))C(O)C1OC1(C)C(=O)(OON(=O)(=O)),-6.492950691055739,-6.872127
C(OO)C(=O)C(OO)C(C)(C)C(=O)(OON(=O)(=O)),-7.083660744699955,-5.7890058
C(=O)(O)C(O)C(=O)C1OC1(C(=O)(OO))C(=O)(OON(=O)(=O)),-7.279585669892185,-9.280184
CC(OO)(C)C(C(ON(=O)(=O))(C(O))C(=O)(OON(=O)(=O)))C(=O)C(=O),-7.005901953783905,-7.2028604
C(=O)(OO)C(C(=O))C(=O)C(OO)OC(=O),-6.9853789264179795,-6.270722
C1(O)C(=O)OOC1(C(=O))C(ON(=O)(=O))CC(=O),-6.349569240221172,-5.637088
CC(ON(=O)(=O))(C)C(C(O)(C(=O))C(=O))CC(=O),-5.640511525310103,-6.747137
CC(=O)C1(OO)C(OO)C(OO)(C)C1(C)C,-7.060388753155166,-7.810927
C(=O)(OON(=O)(=O))C(=O)OC(OO)(C)C(O)C(ON(=O)(=O))C(=O),-6.084029092411583,-6.228381
C1(O)(ON(=O)(=O))C(C(=O))OOC1(C(=O))C(OO)C(=O),-6.898915975327327,-8.838414
C1(=O)C=CC(=O)OOC1(C(OO))C(=O),-5.4938693127114675,-5.775982
C(=O)(O)C(=O)C(C(=O)(O))(C(=O))OOC(=O),-7.143374278326519,-7.461497
C(O)CCC(OO)C=C,-3.212500642704981,-3.675818
C(O)C1(C(=O)(OON(=O)(=O)))OOC(O)(C1(O))C(=O),-8.622954222177214,-8.242179
C(=O)(N(=O)(=O))C1(O)OC1(O)C(ON(=O)(=O))C(OO),-8.47200654592234,-6.9104915
C(=O)(O)C1OC1C(ON(=O)(=O))(C(OO))C(O)C(=O)(OO),-10.408362559668603,-9.453309
CC(=O)CC(ON(=O)(=O))C(OO)C(=O)CCCC,-5.984523820757204,-5.603152
C(=O)(OO)C(OO)C(C)(C(=O))OOC(=O),-7.2478604485004325,-5.3891373
CC(C(=O)(O))=C(OO)C(=O)C(O)C(=O),-6.960633509030231,-6.764387
C(=O)(O)C(O)C(ON(=O)(=O))C(O)OC(=O)C(=O)(OON(=O)(=O)),-6.627815349655066,-7.458645
C(=O)(O)C(O)C(=O)OOC(OO)(C(ON(=O)(=O)))C(=O),-7.305177307103804,-8.324201
C(=O)C(ON(=O)(=O))C(OO)(C1(O))OOC1(ON(=O)(=O))C(=O),-6.740412304539859,-7.4708486
C(O)C(C(=O)(OON(=O)(=O)))OOC(=O)C(=O)(OON(=O)(=O)),-4.545775391410643,-3.603686
CC(=O)C1(ON(=O)(=O))OOC(OO)(C1(=O))CC(=O)(O),-6.820002577254854,-5.2796845
C(=O)(OO)C(=O)C(=O)OC(=O)C(N(=O)(=O))C(=O)C(=O),-4.4410476231005305,-5.5066853
CC1(O)C(=O)OOC1(OO)C(OO)C(=O)C(=O)(N(=O)(=O)),-7.9582042787096725,-7.1633615
C(=O)(O)C(=O)C(=O)C(=O)CC(=O)(O),-6.587238541485931,-7.1581435
C(=O)(O)OC(OO)(C)C(=O)CC(=O)(OO),-7.572054058977301,-7.676306
C(=O)(OO)C(=O)C(O)(C(O))C(ON(=O)(=O))OC(=O),-6.80806978837245,-7.443305
C(O)C(OO)(C(=O)(O))OC(=O)C(OO),-9.223395713284845,-9.350649
C(=O)(OO)C(=O)OOC(ON(=O)(=O))C(ON(=O)(=O))C(=O)C(=O),-4.770230852956956,-4.5994453
C(=O)(O)C(=O)OOC(ON(=O)(=O))(C(=O)(OON(=O)(=O)))C(O)C(=O),-5.5415892688288295,-6.2705836
CC(=O)C(OO)CC(=O)C(=O)C(=O)C(ON(=O)(=O))(C)C,-6.41702924495803,-6.3526587
CC(=O)CC(=O)CC(ON(=O)(=O))C(ON(=O)(=O))CC(=O)(OO),-6.74466473756911,-6.3829217
CC(=O)CCC(=O)CC(ON(=O)(=O))CC(OO)C(O),-8.894349057182808,-9.355898
CC(=O)C(ON(=O)(=O))C(C)(C(O))C(OO)CC(=O)(OON(=O)(=O)),-7.97570937639648,-8.558679
C1(OO)C=CC(=O)OOC1(C(ON(=O)(=O)))C(=O)(OO),-8.137821787971006,-8.44561
C1(O)C(OO)(C(O))OOC1C(ON(=O)(=O))C(=O)(O),-9.268472060666682,-10.50737
C1(=O)C(O)C(OO)C(=O)OOC1(O)C(=O)(O),-7.9904599403616885,-5.9902906
C1(OO)OC1(OO)C(O)(C)C(ON(=O)(=O))C(=O)(OON(=O)(=O)),-6.408496480311442,-5.998927
C(=O)C12OOC(C2(=O))C(=O)C(=O)C1,-4.085493204818704,-3.343454
C(=O)(O)C1(C(=O))OOC(OO)(C1(=O))C(ON(=O)(=O))C(=O),-7.852951600662891,-8.579122
C(=O)(OO)C12CC(=O)C(OO)C(C1(O))OO2,-8.434007332878537,-10.780166
CC(=O)C(ON(=O)(=O))C(C)(C)C(C(=O)(OON(=O)(=O)))C(OO)C(=O),-4.952426266060684,-6.8416514
C(=O)(OON(=O)(=O))C(O)C(=O)C1(C(=O))OC1(ON(=O)(=O)),-3.6249567917038803,-3.2103674
CC(=O)OOC(O)(C(=O)(N(=O)(=O)))C(ON(=O)(=O))C(=O)(OO),-6.27080433048468,-6.6217256
C1(O)C(ON(=O)(=O))OOC1C(=O)(OON(=O)(=O)),-4.2772551645030035,-3.1098094
CC(=O)C(C(OO)(C)C)C(OO)C(=O)CC(=O)(O),-8.98974181943413,-10.862548
C(OO)C1(ON(=O)(=O))OC1CC(=O),-4.706429363756797,-4.150912
C(=O)(O)C=CC(ON(=O)(=O))(C(OO))OC(=O),-8.00873187623074,-6.917884
CC(ON(=O)(=O))(C)C(C(=O)C(OO))C(ON(=O)(=O))C(=O)CC(=O)(OO),-8.05495323237028,-8.961665
C(O)C(C(OO))(C(=O))OOC(=O)C(=O),-8.853878426880328,-6.8254704
CC(=O)C(OO)C(C(ON(=O)(=O)))(C)C(=O)(OO),-7.801406519121883,-6.2796016
C2(=O)C(=O)C(=O)C(ON(=O)(=O))(C1(=O))OOC12C,-2.4691236647749975,-1.854959
CC(ON(=O)(=O))C(C)(C)C(=O)C(ON(=O)(=O)),-4.232781878177775,-3.3425398
C(=O)(N(=O)(=O))C(=O)C(=O)OC(OO)(C)C(=O),-4.107588118251442,-2.9637704
CC(OO)C(ON(=O)(=O))CCC(=O)CC(=O),-6.536075224323213,-6.1582212
CC(=O)C(ON(=O)(=O))CC(C(=O)(OON(=O)(=O)))C(O)(C)C,-5.8885802821050675,-5.6175213
C(=O)(OON(=O)(=O))C(OO)C(=O)C1OC1(C(=O)(O))C(=O),-6.521337543726986,-7.2716126
C1(O)(OO)C(ON(=O)(=O))OOC1(C(O))C(=O)C(=O),-9.02522753176163,-8.279258
C(=O)(OO)CC(=O)C1(OO)OC1C(=O)(OO),-7.235634262089661,-8.026507
CC(ON(=O)(=O))CCC(=O)CCCC(OO),-5.985117704572076,-5.6293087
C(=O)(O)C1(ON(=O)(=O))OC1(C)C=CC(=O)(OO),-6.881325636830297,-7.824893
CC(=O)C(ON(=O)(=O))C(O)C(O)C(ON(=O)(=O))C(=O)(O),-7.678323413056205,-8.322452
C(=O)(OON(=O)(=O))C1OC1(ON(=O)(=O))C(OO)C(O)C(=O),-5.461663117634089,-6.6618695
C(=O)(O)C1OC1(OO)C(C(=O)(OO))C(=O),-7.2988987563858245,-7.665312
CC(OO)(C(ON(=O)(=O)))C(OO)C(=O)C(=O)C(=O),-6.619027072520112,-6.3301277
CC(ON(=O)(=O))CCCC(=O)CC(OO)C(OO)C,-8.96800643645929,-8.618328
CC(ON(=O)(=O))(C)C(=O)C(OO)(C)C(ON(=O)(=O))CC(=O),-7.0644805101173915,-7.229888
C(=O)(O)C1(N(=O)(=O))OC1(O)C(O)C(OO)(C)C(=O),-10.543702108538128,-11.70649
CC(O)(C(=O)(OO))C(ON(=O)(=O))C(C(=O)(O))OOC(=O),-7.614200698217246,-9.042588
C(=O)(O)C(O)C(ON(=O)(=O))C(C)(C(=O)(O))OOC(=O),-6.751174498531327,-9.509882
C(=O)(OON(=O)(=O))C(=O)OC(OO)C=C(C)C(=O),-4.387009788364594,-5.0329924
CC(=O)C(O)C(OO)C(C(=O)C)CC(=O)(OON(=O)(=O)),-7.875836802431877,-8.965302
CC(OO)(C(O))C(C(ON(=O)(=O))C(=O))C(ON(=O)(=O))C(=O),-6.750123810190416,-8.026913
C(=O)(O)C(=O)OOC(C(=O))C(O)C(=O)(OO),-8.031493199056058,-8.662614
CC(=O)C1OC1(ON(=O)(=O))C(=O)C(OO),-3.8890612153845723,-3.681364
CC(=O)C(ON(=O)(=O))CC(C(OO)(C)C)CC(=O)(O),-8.360874913826592,-8.807071
C(=O)(O)C1OC1C(C(OO))=CC(=O)(OO),-9.117793309393164,-9.973085
CC(=O)C(OO)CC1CC(=O)C1(C)C(=O)(O),-8.236370052536586,-9.013856
C(O)C(OO)(C(=O)(OON(=O)(=O)))C(=O)OC(=O)C(=O),-6.647090685863077,-4.584796
CC(OO)C(=O)C(ON(=O)(=O))CC(=O)C(OO),-6.742916759934815,-6.988021
CC(OO)(C)C(ON(=O)(=O))(CC(=O)(OO))C(C(=O))=C,-8.435669947725728,-6.8441124
C(=O)(O)C(ON(=O)(=O))C1CC(OO)C1(C)C(ON(=O)(=O)),-7.4583075787495545,-7.157303
C(O)C(=O)C(ON(=O)(=O))C(ON(=O)(=O))OOC(=O)C(=O)(O),-6.5185774241472245,-7.0524335
C1(=O)C(N(=O)(=O))(OO)C(OO)OOC(=O)C1(O)C,-6.361996759131216,-8.273011
C(O)C(OO)C(C(=O)(O))(C)C(=O),-8.983188271748077,-7.87364
C(=O)(OON(=O)(=O))C(O)C1OOC(ON(=O)(=O))(C1(O)(O))C(=O),-5.907579544254986,-5.871831
C(OO)C(C(=O))=CC1OC1(OO)C(=O),-9.148658337360757,-7.234701
C(=O)(OO)C(O)C1OC1C(=O),-8.295490054440961,-4.5098906
CC(ON(=O)(=O))(C(=O)(O))C(C(=O)(OO))OOC(=O)C(=O)(O),-6.821304549681372,-10.746364
C1(OO)OC1(O)C(=O)C(ON(=O)(=O)),-7.4915366082295805,-2.7142177
C(=O)(OO)C(O)(OO)C(ON(=O)(=O))(C)C(O)OC(=O),-8.341724596133645,-9.027898
CC(=O)C1(OO)CC(OO)C1(C)C,-7.0372973809426185,-5.7738137
C(=O)(O)C(=O)OC(=O)C(O)(C(=O))C(O)C(=O)(O),-8.028462741169278,-11.810837
C(O)C(ON(=O)(=O))(C(=O)(O))C(C(=O)(OO))C(C)(C)C(=O),-8.502315154290045,-9.213665
CC(=O)C(=O)C(=O)C(=O)C(N(=O)(=O))(ON(=O)(=O))C(=O)(OO),-4.213215513556861,-4.7472196
C(=O)C(ON(=O)(=O))C(=O)C1(OO)OC1(O)C(=O),-7.9872788747015875,-5.757736
C(=O)C1(OO)OC1C(O)(C(=O)(OON(=O)(=O)))C(OO)C(=O),-7.170143822295358,-8.24272
CC(=O)CC(O)CC(=O),-3.9519742495267565,-3.742485
C(=O)(O)C1(O)OC1(O)C(=O)C(OO),-8.671489704211126,-8.37605
C(=O)(OO)C1(ON(=O)(=O))OC1C(OO)C(O)(C)C(=O),-7.243377195509311,-7.731665
CC(OO)CCC(ON(=O)(=O))CCC(=O)CC(ON(=O)(=O)),-7.356893417564606,-7.9425206
C(=O)(O)C(=O)C(ON(=O)(=O))C(OO)(C)OC(=O)C(=O)(O),-7.064300888601792,-8.934451
CC(O)CCC(OO)C(OO)CCC(O)C,-9.080757363337398,-11.468696
C(=O)(OO)C(=O)OC(=O)C(OO)(C)C(=O)C(=O),-7.2478604485004325,-6.218608
C(=O)(OON(=O)(=O))C(O)C(C(=O)(O))(C(=O)(O))OOC(=O),-6.181752558455628,-8.814771
C(=O)(OO)C1(O)OC1(C(=O))C(ON(=O)(=O))C(=O),-8.401605252962327,-5.6023316
C1(O)(ON(=O)(=O))C(OO)(C)OOC1C(O)C(=O),-6.573252700338344,-4.6875324
C(=O)(OON(=O)(=O))C1(OO)OC1C=C(C(=O)(OO))C(=O),-6.898435194731064,-6.486924
C(=O)(O)C(=O)C1(O)OC1(O)CC(=O),-7.012440306361896,-6.839321
C1(O)OOC(=O)C1(O)C(=O),-7.696563226680155,-4.6642985
CC(ON(=O)(=O))CCCCC(ON(=O)(=O))CCC(O),-5.574733951297276,-6.575215
CC(ON(=O)(=O))(C)C(C(=O))C(O)(C)C(=O)C(ON(=O)(=O))C(=O),-5.453613894561386,-7.3839345
C12OOC(O)(C2(O))C(OO)C(O)C1(ON(=O)(=O))C(=O)(OON(=O)(=O)),-7.762672126376856,-8.19335
CC(=O)OC(O)C(=O)C(OO)C(=O)(O),-6.916742081055418,-7.0769405
CC(=O)OC(=O)C(O)(O)C(=O)C(O)C(=O)(OO),-8.025126858088697,-8.881116
C1(=O)C(=O)OOC1C(=O)C(O)(C(OO))C(=O)(OON(=O)(=O)),-7.138775897396954,-5.1594596
C(OO)OOC(=O)C(=O),-2.216795341752004,-2.871924
C(=O)(OON(=O)(=O))C(O)C1(OO)OC1(OO)C(=O),-6.492459423474429,-5.390712
C(=O)(OON(=O)(=O))C(=O)OC(O)C(OO)C=C,-5.916299654494651,-4.823543
C(O)C1(ON(=O)(=O))C=CC(=O)OOC1C(=O)(O),-7.596731106654261,-8.378585
C(=O)(OO)C(=O)OOC(ON(=O)(=O))(C(O))C(=O)(OON(=O)(=O)),-5.882560738713437,-5.7185636
C1(OO)C=CC(N(=O)(=O))(OO)OOC1C(=O)(O),-7.312244815246231,-8.929187
CC(ON(=O)(=O))(C)OOC(OO)CC(=O)CC(=O)(OO),-7.4354681161048575,-7.5887327
C(=O)(O)CC(=O)C(C)(C(OO))C(C)C(=O)(OON(=O)(=O)),-7.743713008953819,-8.557836
C(=O)(O)C1(OO)OOC(=O)C1(O)C(=O),-8.808561494939568,-5.9548616
CCC(=O)CCC(O)CC(OO)C(OO)C,-8.765844255279262,-9.787136
C(=O)(N(=O)(=O))C1(OO)OC1C(OO)C(O)C(=O)(O),-9.297422536033991,-9.306631
CCCC(ON(=O)(=O))C(=O)C(ON(=O)(=O)),-5.166084426458838,-2.723079
C(=O)(O)C(=O)C(OO)C(O)(O)C(=O)C(OO),-9.805798290211897,-11.384033
CC1(O)C(=O)OOC1(OO)C(=O)C(O)C(=O)(OON(=O)(=O)),-7.171027273091568,-5.7737103
C(ON(=O)(=O))C1OOC(OO)C1(O)C(=O)(OO),-8.437209664719376,-7.767855
C1(=O)C(=O)C(ON(=O)(=O))CC(OO)C1,-5.888440812952467,-6.633125
CC(=O)C(ON(=O)(=O))CC(=O)C(OO)C(OO)CC(=O)C,-9.223819606853795,-9.718352
C(ON(=O)(=O))C(OO)CC(C(=O)(OO))C(=O)C,-7.085740563625222,-6.4113655
C(=O)(O)C(O)C(OO)(C1(=O))OOC1(C)C(=O),-9.381482096909167,-8.677379
CC(=O)CC(=O)C(=O)C(ON(=O)(=O))CCC(O),-5.4463403012632625,-5.9572473
CC(ON(=O)(=O))(C(=O)(O))C1OC1(O)C(=O),-6.237903569601258,-5.6330776
C(=O)C(N(=O)(=O))(ON(=O)(=O))OOC(C(=O)(O))C(=O)C(=O),-4.470955942408182,-5.345315
C(=O)(O)CC(C(=O))C(C)(C(O))C(=O),-8.16193565737558,-8.702675
CCCCCC(OO)CCCC,-2.9623241869303456,-2.5681539
C12OC1C(O)(OO)C(=O)C(OO)C2(O)C(OO),-9.91885033161634,-13.189708
C(ON(=O)(=O))CC(O)C(OO)C(ON(=O)(=O)),-7.6339076605472656,-6.000489
C(=O)(OO)C(OO)CC(C(=O)(OON(=O)(=O)))C(ON(=O)(=O))(C)C,-7.037665495120564,-5.729834
C(ON(=O)(=O))C(=O)C(=O)OC(=O)C=CC(=O)(OON(=O)(=O)),-4.529143194555218,-3.3581922
C(=O)(O)C(=O)C(OO)C(OO)OC(=O)C(=O),-6.9853789264179795,-8.27913
C(ON(=O)(=O))C(=O)C1(ON(=O)(=O))OC1C(OO)C(O)C(=O),-6.907152897712876,-7.8049593
C(O)C(C(=O)(OO))C(C)(C(O))C(=O),-7.215664091030703,-6.8232827
CC(C(=O)(OON(=O)(=O)))=CC1(ON(=O)(=O))OC1(OO)C(=O),-4.2130640065279295,-3.974521
C(O)C(=O)C1(O)OC1(N(=O)(=O))C(OO)C(=O),-8.848387878000722,-9.67279
C1(OO)C(OO)(C)C(ON(=O)(=O))C(=O)OOC1C(=O)(OO),-6.859695888116221,-10.93843
C1(OO)OC1C(ON(=O)(=O))(OO)C(OO)(C)C(=O)(O),-7.243377195509311,-9.75996
C(=O)(O)C(ON(=O)(=O))(C(OO))C(C)(C)OOC(=O),-7.595314659795804,-7.26659
C(=O)OOC(O)(C(=O)(N(=O)(=O)))C(=O)C(=O)C(=O),-3.9802093631260504,-4.101929
CC(=O)CCC(ON(=O)(=O))C(ON(=O)(=O))CC(=O)C(=O)C,-6.119213207458415,-5.3389688
C(=O)(O)C(=O)OC(OO)C(=O)C(ON(=O)(=O))C(=O)(OON(=O)(=O)),-6.013163696072297,-5.7846155
CC(=O)C(=O)C(C(=O)(OO))OOC(=O),-4.620034019999366,-3.3490539
C(=O)(OO)C(OO)=C(C(ON(=O)(=O)))C(=O),-8.259127794886808,-7.3186154
CC(=O)C(ON(=O)(=O))C(=O)C1OC1(O)C(=O),-4.523831802904169,-2.827397
CC(=O)C(ON(=O)(=O))C(C)(C(O))C(C(OO))C(=O)(OON(=O)(=O)),-7.809671112381693,-7.806475
C1(O)C(N(=O)(=O))(C(=O)(OO))OOC1(O)C(O)(N(=O)(=O))C(=O),-8.140143307244216,-9.654527
CC(OO)(C(=O)(N(=O)(=O)))OC(=O)C(=O)C(ON(=O)(=O))C(=O)(OO),-6.27080433048468,-6.0728984
C1(O)C2(O)OOC1(C)C(OO)C(O)C2(=O),-9.580526998917776,-7.5424786
C(O)C(=O)C(ON(=O)(=O))C(O)OC(=O),-6.905787458877967,-5.93634
C12OC1C(O)(O)C(=O)C(ON(=O)(=O))C2(OO)C(=O)(O),-9.19186855240423,-8.605449
C(=O)(O)C(=O)C,-2.775548288505888,-1.629117
C(=O)(O)CC1(OO)OC1(OO)C(=O)(OON(=O)(=O)),-5.757422738504829,-6.7293167
CC(ON(=O)(=O))(C(=O)(O))C(C)(C)C(=O)CC(=O)(OO),-8.007910158822597,-6.7268734
CC(ON(=O)(=O))CC(=O)C(OO)CCC(=O)CC,-5.783202069266736,-6.37266
C(=O)(OON(=O)(=O))C1(ON(=O)(=O))OC1(O)C(=O)CC(=O),-3.733462029220391,-3.980071
CC(OO)(C(=O)(O))C(ON(=O)(=O))OOC(=O)C(=O)(OON(=O)(=O)),-6.412123282618268,-4.940566
CC(ON(=O)(=O))(C)OOC(=O)C(ON(=O)(=O))(C)C(O)C(=O)C(=O)C(=O),-5.880311784167134,-4.118664
C(OO)C(=O)C(O)C(=O)C(O)C(=O)(OON(=O)(=O)),-6.632015010180112,-7.107498
C1(OO)OC1(C(OO))C(=O)C(O)C(=O)(OO),-9.185598671765547,-9.268332
CC(=O)C(ON(=O)(=O))C(C)(C)C(C(=O)(O))C(=O)(OON(=O)(=O)),-5.089214331292169,-5.839308
C(=O)(OON(=O)(=O))C1OC1(ON(=O)(=O))C(OO)=CC(=O),-4.471886699126117,-5.4957466
C(=O)(O)C1(OO)OC1(C)C(O)C(OO)C(=O)(OON(=O)(=O)),-6.90323793314019,-9.503359
C(=O)(OON(=O)(=O))C(=O)C(=O)C(C(OO)(C)C)C(ON(=O)(=O))(C)C(=O),-4.952426266060684,-5.4756618
CC(C(=O)(OON(=O)(=O)))C(=O)CC(C(=O))C(ON(=O)(=O))(C)C,-4.445872901086659,-4.7708087
C1(=O)C2OOC1C(=O)C(O)(C2(=O))C(OO),-7.559223265025139,-4.2392797
C1(=O)COOC1(ON(=O)(=O))C(ON(=O)(=O))C(=O)(O),-4.024628362443764,-3.3902814
C(=O)(O)C1OC1C(C(=O)(O))C(=O)(O),-7.360315538253417,-9.677765
C1(=O)C(=O)C(ON(=O)(=O))C(OO)C(OO)C1(O),-7.8083168390166975,-8.823514
C(ON(=O)(=O))C1CC(OO)(C1(C)C)C(=O)C(=O),-5.147238170576202,-5.088378
C(O)C(=O)C1C(ON(=O)(=O))C(C1(C)C)C(OO)C(=O)(OON(=O)(=O)),-7.566903755905514,-8.870834
C1(=O)C(O)(C(=O)(OON(=O)(=O)))OOC1C(ON(=O)(=O))(C)C(=O),-4.594730458945378,-5.5216355
C(O)C(O)(C(=O)(O))C(=O)OC(=O)C(=O)(O),-7.233608244898278,-8.946964
CC1(C)C(OO)(C(OO))C(OO)C1C(=O)(OON(=O)(=O)),-6.277583206760028,-7.1277313
C1(OO)OC1C(ON(=O)(=O))(OO)C(=O)C(=O)C,-5.73249855224276,-5.4930587
C1(=O)C(ON(=O)(=O))C(ON(=O)(=O))C(=O)OOC1(OO)C(=O)(O),-6.900395018654308,-6.3183208
C1(=O)OC1C(ON(=O)(=O))C(O)C(=O)C,-4.031805584379981,-4.4309564
CC(ON(=O)(=O))CCCCCC(OO)CC(=O)(OON(=O)(=O)),-6.526064467413562,-6.545202
C1(OO)OC1(O)C(N(=O)(=O))C(=O)(OON(=O)(=O)),-5.818154821989083,-4.3182974
C(=O)(OO)C(N(=O)(=O))C(C(=O)(O))OOC(=O),-7.031496650148256,-7.0365148
C(=O)(OON(=O)(=O))C(O)(OO)C(ON(=O)(=O))C1OC1(OO)C(=O),-6.476135184442683,-6.69914
C1(=O)C(OO)OOC1(ON(=O)(=O))C(OO)(C)C(=O)(OON(=O)(=O)),-6.012090151260054,-4.7184544
C(OO)C(=O)C1(O)OC1(ON(=O)(=O))C=CC(=O),-7.327692966651739,-6.7282534
C(=O)(O)C(ON(=O)(=O))C(C(OO))C(=O)C(O),-7.906769011522556,-8.428419
CC(ON(=O)(=O))(C)C(ON(=O)(=O))(C(=O)(O))C(OO),-7.239389145918722,-5.898706
C1(=O)C(OO)OOC(C(=O)(O))C(OO)C1(=O),-6.523678300323809,-8.996637
CC(=O)CC(=O)C(ON(=O)(=O))CC(OO)C,-7.42825619265659,-5.307037
CC1(C(=O)(O))OC1(OO)C(=O)CC(=O),-5.972612097275487,-7.533088
C(=O)(N(=O)(=O))C(=O)C(O)(C(=O))OOC(=O)C(=O),-3.9802093631260504,-3.316653
C(=O)(OO)C(O)(OO)C(ON(=O)(=O))C1OC1C(=O)(OON(=O)(=O)),-7.492849707983623,-6.6635
C(=O)(OON(=O)(=O))C(O)C(OO)C1OC1(OO)C(=O)(OON(=O)(=O)),-6.157273991771945,-6.5316215
C(=O)(OO)C(ON(=O)(=O))C(O)(C(=O)(O))C(ON(=O)(=O))C(=O),-6.823103868227918,-7.6668363
C(=O)C1OC1(O)C(OO)(C(=O)(OON(=O)(=O)))C(O)C(=O),-7.170143822295358,-8.664452
C(=O)(O)C(ON(=O)(=O))(C(ON(=O)(=O)))OOC(=O)C(O)C(=O),-6.7027799759634945,-5.6917844
CC(ON(=O)(=O))CCCC(OO)C(=O)CC(OO),-8.912442935493345,-8.208186
C(=O)(O)C(=O)C1(C)OC1(OO)C(=O),-5.965007241546118,-5.6121187
C(ON(=O)(=O))C1(OO)CC(OO)C1(C)C(=O),-6.504764964021888,-7.0407643
CC1(C)OOC(ON(=O)(=O))(C(=O)C)CC1C(ON(=O)(=O))C(=O)(OO),-5.819786282310815,-5.6236806
CC(=O)C(OO)(C1(=O))OOC1C(O)C(=O)(OON(=O)(=O)),-5.765416041313983,-5.9165187
CC(ON(=O)(=O))(C(OO))OOC(C(=O)(O))C(=O)(OO),-7.5280902046597475,-8.271206
CC(=O)CC(=O)CC(OO)C(OO)CC(O),-10.254929191712108,-10.439182
C(O)C(ON(=O)(=O))(C(=O))C(=O)C(=O)OC(=O),-4.455219759365718,-4.1765184
C(OO)C(ON(=O)(=O))C(C)(C(=O))C(C(=O))C(=O)C,-5.141590679363617,-7.165952
CC1(O)C(=O)C(ON(=O)(=O))C(=O)CC1(OO)C(OO)(C)C,-7.8692282704096215,-9.896001
CC(=O)C(=O)OC(OO)C(OO)C(=O)C(=O)(O),-7.04736611667613,-8.460251
C(=O)(O)C(=O)C(=O)C(C(O))=CC(=O)(OON(=O)(=O)),-6.44210659734199,-7.137229
C(=O)(O)C(ON(=O)(=O))C(OO)C1(O)OC1(N(=O)(=O))C(=O),-7.554563399065955,-7.8361454
C(ON(=O)(=O))C(ON(=O)(=O))C(C(=O)(O))(C)C(OO),-7.859651265297543,-6.6298833
C(=O)(OO)C(ON(=O)(=O))C1(C(=O)(OON(=O)(=O)))OOC(O)(C1(O))C(=O),-6.92450212980475,-6.3234334
C(=O)C1(O)C(ON(=O)(=O))OOC1C(=O),-4.299800297987531,-2.4345064
C(=O)(O)C(=O)OOC(C(=O)(O))C(O)C(=O),-7.922542152420647,-10.575891
C(=O)(OON(=O)(=O))C(O)C1OC1(C)C(O)(OO)C(=O)(OON(=O)(=O)),-6.742497247734718,-5.547688
C(=O)(OO)C(=O)C(ON(=O)(=O))(C)C1OC1(OO),-6.668499889711711,-5.968561
CC(=O)C(O)CC(OO)(C(=O))C(=O)C,-7.530445108754066,-6.8765373
C1(O)C(=O)C(OO)C(C)(C)C(ON(=O)(=O))C1(OO)C,-7.9991291716814885,-2.301117
CC(OO)(C)C(ON(=O)(=O))(C(ON(=O)(=O))C(=O)(OO))CC(=O),-7.500921424152693,-6.52879
CC(=O)C(O)CC(C(O)(C)C)C(ON(=O)(=O))C(=O)(OON(=O)(=O)),-7.053875495922512,-6.2234964
C(=O)(O)C(OO)C1(ON(=O)(=O))OC1(C)C(=O),-7.243377195509311,-6.3574996
CC(C)(C(=O)(OON(=O)(=O)))C(C(=O))CC(OO)C(=O)(OO),-7.168887979606552,-5.9792547
CC1(C)OOC(=O)C(OO)C1(OO)C(ON(=O)(=O)),-7.632231972371301,-4.509013
CCC(ON(=O)(=O))CC(=O)CC(OO)C(=O)CC(ON(=O)(=O)),-7.531625441668439,-8.025786
CC(O)CC(ON(=O)(=O))C(=O)CC(=O)CC(OO)C,-9.460927975511368,-7.894188
CC(O)(C(=O))C(OO)C(ON(=O)(=O))OC(=O),-7.523340121872025,-5.058971
C2(=O)C(C)=CC(OO)(C1(O)(N(=O)(=O)))OOC12(O),-7.993643432557292,-8.568809
C(=O)(O)C(ON(=O)(=O))C(C(O))(C(=O))OOC(=O),-6.646618721288178,-6.789389
C1(O)(O)C(OO)OOC1(C(ON(=O)(=O)))C(ON(=O)(=O))C(=O)(O),-9.750820639886115,-9.477468
CC(=O)C1OC1(ON(=O)(=O))C(OO)C(=O)(O),-6.537819062241397,-6.807536
C1(=O)C(OO)C(ON(=O)(=O))C(C(=O))OOC1(=O),-5.096206686455844,-5.0461855
CC(=O)C(=O)OC(OO)C(ON(=O)(=O))C(OO)C(=O)(OO),-7.062098589682137,-7.7972484
CC1(C(=O))OOC(ON(=O)(=O))(C1(O))C(OO)C(=O),-6.601945605641049,-7.18741
CC(=O)C(=O)OC(N(=O)(=O))(OO)C(=O)C(O),-7.543167824114789,-5.4614916
C(=O)C(ON(=O)(=O))C(O)C1(C(=O)(OO))OC1(OO)C(=O),-7.046585286627305,-9.311386
CC(ON(=O)(=O))(C)C(C(ON(=O)(=O)))C(C(=O)(O))=C,-5.154330879759073,-5.136261
C1(=O)C(=O)OOC(ON(=O)(=O))C(=O)C1(O)C(OO),-7.111301817030835,-6.0370107
C(=O)(O)CC(=O)CC(OO)C(=O)(O),-8.982110299581109,-9.148392
C(=O)C(=O)C(=O)OC(=O)C(=O)C(O),-4.080545985671051,-3.3736713
C(O)C(=O)C(=O)C(O)C(=O)(N(=O)(=O)),-4.468221230414201,-4.8242106
C(=O)(O)C=C(OO)C1(N(=O)(=O))OC1(C)C(=O),-7.9432446617811365,-7.2775006
C(=O)(O)C(O)(OO)C(ON(=O)(=O))OC(=O),-7.683961272283341,-7.5083632
C(=O)(OO)C=C(OO)C1(C)OC1(OO)C(=O)(OON(=O)(=O)),-6.511343281485097,-8.219303
C(=O)(OO)C1OOC(O)(C1(O)(O))C(ON(=O)(=O))C(=O)(OON(=O)(=O)),-7.558226357754393,-7.0500393
CC1(C(=O)(OO))OOC(O)(C1(=O))C(O)(N(=O)(=O))C(=O),-7.574761885449334,-7.3000493
CCCC(=O)CC(ON(=O)(=O))C(ON(=O)(=O))CC(O)C,-6.417705889365607,-6.282515
C(O)C(=O)C(ON(=O)(=O))C1OC1C(=O)(OO),-8.679627084349704,-4.6490893
C(=O)(OON(=O)(=O))CC1CC(C(=O)C(OO))C1(C)C(=O),-6.951739687731788,-7.287983
C(O)C(=O)C(=O)C(C)(C)C(ON(=O)(=O))CC(=O)(O),-8.014040277806089,-7.293397
CC(=O)CC(OO)C(O)C(=O)C(=O)C(ON(=O)(=O)),-7.368788470264917,-7.2189236
C(=O)(OO)C(C(=O)(OON(=O)(=O)))C(=O)C(=O)OOC(=O),-3.732821834981223,-4.0975013
C(=O)(O)C(OO)C(OO)C(ON(=O)(=O))(C)C(C(=O))C(=O)C,-7.602874771962888,-12.1690035
C(O)C(=O)OOC(N(=O)(=O))(C(=O)(O))C(O)C(=O),-7.80019721971621,-9.400854
CC(OO)C(ON(=O)(=O))(C)C(=O)(O),-6.998879843062241,-5.0520988
C(=O)(O)C(=O)C(O)(C(ON(=O)(=O)))C(=O)OC(=O),-6.84072881830798,-4.6180563
C(OO)C(=O)C(OO)(C)C(C(=O))C(=O)C,-7.800885794888018,-8.12315
C(=O)(OO)C(=O)C(OO)C(=O)C(O)C(ON(=O)(=O))C(=O),-7.090813442864601,-7.6604953
CC(ON(=O)(=O))C(=O)OOC(OO)C(=O),-4.863719712595412,-4.2755017
C1(=O)OC1C(OO)C(=O)C(=O)C(=O)C(ON(=O)(=O)),-4.447513358101787,-4.9604926
CC(=O)C(=O)C(ON(=O)(=O))(C(=O)(O))C(OO)C(ON(=O)(=O)),-7.098867388956023,-6.633924
C(O)C(ON(=O)(=O))C(C(=O)(O))C(=O)C(OO),-8.60011265117646,-9.133096
C(=O)(O)C(O)C(ON(=O)(=O))C(OO)C(=O),-7.575174509564022,-8.078797
C(=O)(O)C(N(=O)(=O))C(=O),-2.8985862914141762,-3.2475283
CC(=O)C(C)(C(ON(=O)(=O)))C(OO)(C(O))C(=O)(OON(=O)(=O)),-7.303049134183311,-4.99491
C(=O)(OO)C(=O)OC(=O)C(=O)C(N(=O)(=O))C(=O),-4.4410476231005305,-4.7895236
CCCCCC(=O)C(OO)CC(=O)(OON(=O)(=O)),-4.888561040442255,-4.5396614
C2(ON(=O)(=O))C(O)C(OO)C1(C(=O)(OO))OOC2C1(O),-8.928914724031529,-12.313924
C(=O)(OO)C(OO)OC(=O)C(C(=O)(O))C(=O),-6.322216373906485,-9.333909
C(=O)(O)CC(=O)OC(N(=O)(=O))(OO)C(=O)(OO),-5.743952675387845,-7.5816765
C(=O)CC1OC1(=O),-1.8454514725872286,-2.1834936
CC(ON(=O)(=O))(C(OO))C(C(O))CC(=O)C(=O)C(OO),-8.460144702751677,-11.850192
C(=O)(O)CC(=O)C(=O)C(OO),-7.4433418823900865,-5.830432
C(=O)C(O)C(=O)C1(C(=O))OC1C(=O),-4.199479509048615,-3.2122056
C(=O)(O)C(C(ON(=O)(=O)))=CC(OO)OC(=O)C(=O),-8.582164205594381,-7.6497297
C1(O)(N(=O)(=O))C(=O)OOC1(C)C(OO)CC(=O),-8.047927130855896,-7.533834
CC(=O)C(=O)C1OOC(C1(O)(OO))C(=O),-7.344855039973481,-7.110782
C(=O)(O)C(ON(=O)(=O))C(O)(OO)C(O)(C)C(=O)C(=O),-8.341724596133645,-8.58835
C1(O)C(OO)OOC1C(ON(=O)(=O))(C)C(=O)(O),-8.343643990940109,-8.216496
C(=O)(O)C1OC1(OO)C(OO)C(O)C(=O)(OON(=O)(=O)),-6.492459423474429,-8.571987
C(=O)(O)C(=O)C1OOC(C(=O)(O))C1(O)C(=O),-8.379902589440462,-9.294956
C1(O)C(OO)C(ON(=O)(=O))C(OO)OOC1(=O),-7.695587146294201,-6.0423574
CC(=O)OOC(O)(C(=O)(O))C(=O)C(=O)(O),-8.632745920591333,-9.207265
CCCC(ON(=O)(=O))CC(ON(=O)(=O))C(=O)CC(=O)(O),-5.7358423041650894,-5.9392214
C(=O)(O)C(ON(=O)(=O))C(C)(C(OO))C(C(=O))C(=O)C,-8.301541434160754,-8.935506
C1(=O)OC1C(=O)C(=O)C(=O)C(=O)C,-1.4133410649665166,-1.8650583
CC(C)(C(=O)(OO))C(C(=O))C(O)(C)C(=O)(O),-8.01589948119181,-6.793686
CCC(OO)C(ON(=O)(=O))C(=O)CC(=O)CC(ON(=O)(=O)),-7.430995661788984,-6.7336855
CC(ON(=O)(=O))(C(O))C(C(O))CC(=O)(OON(=O)(=O)),-7.12795146514236,-6.681897
C(=O)(OON(=O)(=O))C(O)C(=O)C(C)=CC(=O)(OON(=O)(=O)),-4.854235219003385,-2.1959288
C(=O)OOC(N(=O)(=O))(C(=O)(O))C(=O)C(=O)C,-4.4207662741700915,-4.8730946
C(=O)(O)C(O)(N(=O)(=O))C(OO)C1OC1(ON(=O)(=O))C(=O),-8.472196298247582,-8.3587
CC(=O)C(OO)C(=O)C(ON(=O)(=O))(C)C(OO),-6.953283087174896,-6.134501
C(=O)(O)C(OO)C(ON(=O)(=O))(C)C(=O)C(=O)C(=O),-7.614200698217246,-5.6627007
C(=O)(O)CC1(OO)CC(=O)C1(C)C(OO),-9.17375170788182,-9.93051
C(=O)(OO)CC1OC1(C(=O)(OO))C(=O)(OON(=O)(=O)),-6.928652727469853,-6.350466
CC(ON(=O)(=O))CC(=O)C(OO)C(OO)CC(O)CC,-8.554479802210153,-9.500485
C(ON(=O)(=O))C1CC(=O)C1(C(=O)(O))C(OO),-7.354196660289745,-7.267328
C(OO)C1OOC(C1(=O))C(=O)(OO),-7.705910766104353,-5.603395
CC1(C)C(=O)CC1(ON(=O)(=O))C(OO)C(OO)C(=O)(OON(=O)(=O)),-6.535809201794109,-6.775288
C(O)CCC(=O)CC(ON(=O)(=O))C(=O)CCC(=O),-6.060839702000521,-8.245006
C(=O)C1(ON(=O)(=O))OC1(C(OO))C(=O)C(N(=O)(=O))C(=O),-4.651545321854428,-6.952275
C1(ON(=O)(=O))OC1C(ON(=O)(=O))(C(OO))C(O)C(=O)(O),-8.285704429400539,-8.419507
C(=O)(OO)C(=O)OC(OO)C(ON(=O)(=O))(C)C(=O),-6.821304549681372,-7.67632
CC(ON(=O)(=O))CC(=O)CC(ON(=O)(=O))C(OO)CC(O)C,-9.8128972134582,-9.84028
C(=O)(O)C(ON(=O)(=O))C(C)(C)C(=O)C(O)(C)C(=O)(OO),-7.900112709937275,-7.7504888
CC(OO)(C)C(O)(C(OO)C(=O)(OON(=O)(=O)))CC(=O),-7.163514566237609,-7.4236026
C(=O)(OO)C(O)C(=O)C(=O)C(O)(C)C(=O),-7.45019412124384,-8.203866
C(=O)(OO)C=CC1OC1C(=O)C(=O)(OON(=O)(=O)),-5.218238438148546,-5.7624073
C(ON(=O)(=O))C(=O)C(=O)C(O)C(ON(=O)(=O))OC(=O),-5.350616386809634,-4.6610074
C12OOC(O)(C1(O)C)C(OO)C(OO)C2(O),-10.795993920908586,-9.830315
CC1(O)C(ON(=O)(=O))CC(=O)CC1(OO)C(OO)(C)C,-7.976365059093041,-9.746709
C(ON(=O)(=O))CC(=O)C(ON(=O)(=O))CC(O)CCC(OO),-8.835999043803895,-9.338738
C(=O)(OON(=O)(=O))C(=O)C(OO)C(O)C1(O)OC1C(=O),-7.739405548367358,-7.803927
CC(=O)C(OO)C(C)=CCC(=O),-5.563867734748783,-5.034758
CCCC(ON(=O)(=O))C(ON(=O)(=O))CC(=O)CC(OO)C,-6.710739623182235,-6.21784
C(=O)(O)C(N(=O)(=O))=C(C(=O)(O))C1OC1C(=O)(OON(=O)(=O)),-7.4968679232461,-7.602163
C1(OO)OC1(OO)C(OO)(C)C(O)C(=O),-7.819724584658616,-9.943589
C1(OO)OC1(C(=O)(OON(=O)(=O)))C(O)C(ON(=O)(=O))C(=O),-5.839139908355719,-5.9552097
C(OO)C(=O)C(=O)C(=O)C1OC1C(=O),-4.815253011558525,-5.4018965
C(=O)(O)C(=O)OC(O)C(C(=O)(O))=CC(=O)(OON(=O)(=O)),-7.430089553239668,-9.000862
C1(O)C(ON(=O)(=O))C(ON(=O)(=O))C(=O)OOC1C(=O),-5.371599629024786,-6.796164
C1(O)(OO)C(OO)(C(=O)(OON(=O)(=O)))OOC1(C)C(=O),-7.905523768247804,-6.5399675
CC(=O)OOC(O)(C(=O))C(N(=O)(=O))(OO)C(=O),-7.027574132942391,-6.9696674
C(=O)(O)C(OO)C(ON(=O)(=O))(C1(O)(O))OOC1(O)C(=O),-8.461184651238,-13.666616
C(=O)(OON(=O)(=O))C1(O)OC1(OO)C(OO)C(=O),-6.492459423474429,-5.3776126
CC(O)(C(=O)(OON(=O)(=O)))C(OO)(C(=O))C(C)(C)C(=O)(O),-6.869068841688204,-8.641815
C(=O)(O)CC(=O)C(=O)C(O)(C)C(=O)(OON(=O)(=O)),-6.643523194383306,-6.7069635
C(ON(=O)(=O))C1(O)COOC1(OO)C(ON(=O)(=O))C(=O),-6.8654791019253025,-6.7300987
C(=O)OC(=O)C(C(=O)(O))=CC(=O),-5.453182618919527,-4.639205
CC(=O)C(OO)(C(=O)C)CC(ON(=O)(=O))CC(=O)(OO),-7.943044957040911,-9.942921
C(=O)(O)C(ON(=O)(=O))(C(=O)(O))C(OO)OC(=O),-7.763721514869758,-8.418895
CC(OO)(C)C(ON(=O)(=O))(C)CC(=O)C(=O)(OO),-7.07734216793142,-8.397391
C(=O)(N(=O)(=O))C1OC1C(O)C(=O)(O),-6.7828167689604015,-5.670422
C(O)C1(O)C(N(=O)(=O))(C(=O)(OO))OOC1C(=O),-7.77850528386989,-8.1470375
C(=O)(O)C(O)(C(=O)(OON(=O)(=O)))C1OOC(C1(=O))C(=O),-6.103317091110512,-5.486719
CC(=O)C1(O)OC1C(ON(=O)(=O))C(ON(=O)(=O))C(=O)(OO),-6.504809859783563,-7.6654587
C(=O)(O)C1(N(=O)(=O))OC1(O)C(C(=O)(O))=CC(=O),-8.654475232931873,-10.968576
C(O)C(C(=O)(O))OOC(OO)C(=O),-8.72072122611462,-7.6842685
C(=O)(OO)C=CC1(C(=O)(OON(=O)(=O)))OC1C(=O),-5.348150799907671,-5.543356
C(=O)(OON(=O)(=O))C(O)C(=O)C(O)(O)C(OO)(C)OC(=O),-7.032921934140177,-8.715971
C(=O)(O)C(O)(N(=O)(=O))C(ON(=O)(=O))C1OC1C(=O)(OO),-8.76184647071932,-7.9886703
CC(=O)C(=O)CC(O)(C(=O)(O))C(C)(C)C(=O),-8.247280408731967,-7.160337
C(=O)(O)C(=O)OOC(ON(=O)(=O))C(OO)C(=O)(OO),-6.7136542149510205,-7.250052
C1(O)(O)C(OO)OOC1(OO)C(ON(=O)(=O))C(=O)C,-8.561180187510217,-8.988544
CC(O)CCC(OO)CC(=O)CC(=O)C(O),-9.381536461108226,-11.367412
C(ON(=O)(=O))C1(O)C(ON(=O)(=O))(C(=O))OOC1C(=O)C(=O),-4.107208640280078,-4.9883213
C(=O)OC(=O)C(=O)CC(=O)C(ON(=O)(=O)),-3.2623126212238276,-4.144329
C(O)C1(C(=O)(N(=O)(=O)))OC1C(O)C(ON(=O)(=O))C(=O)(O),-9.036083621140278,-9.630047
C(ON(=O)(=O))C(=O)OOC(OO)(C(=O)(OON(=O)(=O)))C(O)C(=O)(O),-7.359868312247272,-8.07981
CC(ON(=O)(=O))(C)C(C(=O)(OON(=O)(=O)))CC(O)C(=O)(O),-6.943765416447604,-7.5424213
C(O)CCC(=O)C(OO)CC(=O)(OON(=O)(=O)),-8.114230809940636,-6.616947
C1(OO)OC1C(=O)C(ON(=O)(=O))C(=O)C,-4.246803881163942,-4.0049496
CC(OO)(C)C(OO)CC(=O)C(C)C(=O)(OON(=O)(=O)),-7.451333618892022,-6.502608
C(=O)C(ON(=O)(=O))C(OO)(C(=O))C(=O)C(=O)C(=O),-4.184571123472779,-4.467641
C(OO)C(=O)CC(ON(=O)(=O))OC(=O),-4.529114351555108,-4.4870195
C(=O)OC(=O)C(O)C(=O)C(=O)C(ON(=O)(=O)),-4.843106015150624,-3.727021
C1(=O)OC1C(OO)(C(=O)(OO))C(O)C(=O),-8.927666032985144,-6.703636
C(=O)C(OO)C(O)(C)C(=O)OC(=O)C(=O),-7.45019412124384,-5.847558
C(=O)(O)C(OO)C(O)(N(=O)(=O))C1(OO)OC1C(=O),-7.564042543750475,-9.682743
C(=O)(N(=O)(=O))C(O)C(=O)(OO),-6.418791678115667,-2.9681878
C(=O)(N(=O)(=O))C(=O)OC(OO)C(OO)(C)C(O)C(=O),-7.139210605262633,-9.123935
C(=O)(O)C(ON(=O)(=O))C(C(ON(=O)(=O)))(C(=O))OOC(=O),-5.309379661717685,-5.646816
CC(O)(C(=O)(OON(=O)(=O)))C(OO)C(O)C(C(=O))C(=O)C,-6.512512051969679,-9.342394
C(=O)(O)C(=O)OC(OO)C(=O)CC(=O)(OON(=O)(=O)),-6.27701075580444,-6.668189
CCCCCC(ON(=O)(=O))C(O)C(OO)CC(ON(=O)(=O)),-6.4421791664317425,-6.9404287
C(=O)(O)C(=O)C(=O)C(O)(C(=O))C(=O)OC(=O),-5.909432420727171,-4.620456
C(=O)(O)CC(=O)C(=O)C(=O)C,-5.091655396989154,-4.0021973
C(=O)(O)C=CC1(O)OC1(ON(=O)(=O))C(=O),-6.343965559011849,-6.0539675
C(OO)C(O)(C(=O)(OON(=O)(=O)))C1OC1C(=O)(OON(=O)(=O)),-7.49217177441551,-4.880864
C(=O)(O)C1(OO)OC1(OO)C(C)=CC(=O),-9.385036316665719,-10.066573
C1(OO)C=C(OO)C(C(=O)(O))OOC1(ON(=O)(=O))C,-8.063042593614227,-9.2923
CC(=O)C(OO)C(ON(=O)(=O))C1(OO)CC(ON(=O)(=O))C1(C)C,-7.203698174832425,-7.911551
CC(ON(=O)(=O))(C)OOC(C(=O)C)CC(=O),-4.0429306519981765,-3.5338967
C(=O)(OON(=O)(=O))C(O)C(O)(C(=O))C(=O)C(=O),-5.441702274263662,-1.2217547
CC(=O)CC(=O)CC(=O)CCC(OO)C(ON(=O)(=O)),-6.92587349988662,-8.010023
C(O)C(OO)(C(=O)(N(=O)(=O)))OC(=O)C=CC(=O)(O),-9.159634633413589,-9.211727
C(ON(=O)(=O))C1(OO)OC1C=C(OO)C(=O)(OO),-8.033948318311559,-5.650462
C1(=O)C(N(=O)(=O))(OO)OOC1(OO)C,-5.11292620756285,-2.9771595
C12(O)OOC(OO)(C1(O)(O))C=CC2(N(=O)(=O))(OO),-9.912907805726718,-9.715963
C(=O)(O)C(=O)CC1(O)OC1(N(=O)(=O))C(=O),-5.564707392888522,-7.610367
CC(OO)(C(=O)(OON(=O)(=O)))C(O)C(=O)OC(=O)C(=O)(OON(=O)(=O)),-6.133041282284466,-4.430023
CC1(C(OO))C(C(=O)(OO))CC1C(OO),-7.184529555551308,-9.462585
C1(O)C(ON(=O)(=O))C(C(=O)C)C(OO)C(OO)C1(ON(=O)(=O))C,-7.569788586349205,-9.4714575
C1(O)C(OO)C(=O)C(C2(O)(OO))OOC12,-9.560411044310968,-9.836046
CC(=O)CCC(ON(=O)(=O))C(ON(=O)(=O))CC(OO)CC,-6.6263703738268305,-6.4929504
CC(=O)C(ON(=O)(=O))CC(=O)(O),-5.5360599912201,-4.0538654
CC(ON(=O)(=O))C(=O)CC(=O)C(=O)CCC(ON(=O)(=O)),-6.311669108664319,-5.334779
CC1(C)C(=O)CC(=O)C(OO)(C)C1C(=O)(O),-6.7999404012789455,-8.802501
CC1(C)C(ON(=O)(=O))(CC(=O)(O))CC1C(=O)(OO),-7.886926531416066,-8.8087635
CC(=O)C(=O)CC(C(O))C(ON(=O)(=O))(C)C(OO),-8.769708990324034,-8.4866705
C(=O)(O)C(=O)CC(C(=O)(O))OOC(=O),-7.230518632175517,-8.713739
CC(ON(=O)(=O))C(O)CCC(OO)CCC(=O)C,-8.8251389577581,-8.117279
CC(=O)C(OO)C(ON(=O)(=O))C1CC(=O)C1(C)C,-5.478512029013473,-6.0143633
CC(ON(=O)(=O))(C)C(C(=O)(OO))C(=O)C(ON(=O)(=O)),-5.864324498254973,-4.1908283
C(=O)(OO)C(OO)C(=O)C(=O)(OON(=O)(=O)),-5.706318314265445,-3.2348974
C(=O)(O)C(OO)C(C(=O))C(O)(C)C(=O),-7.45019412124384,-8.947496
CC(OO)(C(=O)(O))C(N(=O)(=O))(ON(=O)(=O))C(=O)(O),-6.908685236196106,-7.83674
C1(=O)C(=O)C(OO)C(=O)OC(OO)C1(O)C,-8.810893278241565,-8.659663
C(O)C(OO)(C(=O)(OO))C(ON(=O)(=O))CC(=O)C(=O),-9.467723020045014,-7.2735534
C(=O)(O)C1CC(ON(=O)(=O))(C(=O)C)C1(C)C(ON(=O)(=O)),-6.764568321224942,-5.7590184
C(=O)(N(=O)(=O))C(=O)C(OO)(C)C(=O)OOC(=O),-4.006692524026221,-3.1893437
C(O)CCC(=O)CC(ON(=O)(=O))C(=O)(O),-8.912370403530986,-8.198477
CC(=O)C(ON(=O)(=O))C1OC1(ON(=O)(=O))C(O)(O)C(=O)(O),-6.600312235101228,-8.316421
C(=O)(OON(=O)(=O))C(O)C1OC1(C(ON(=O)(=O)))C(=O),-4.584243966824033,-4.160461
C1C(OO)C(OO)(C(=O)(OON(=O)(=O)))OOC(=O)C1(=O),-5.799113217291051,-5.995122
CC(=O)C(C(=O)C)C(OO)C(ON(=O)(=O)),-5.33392310747513,-5.008906
CC(=O)CC(=O)CC(OO)CCC(=O)C,-6.528932962411091,-6.633342
CC(OO)(C)OOC(OO)CC(=O)(O),-6.8458187387404905,-6.807819
C1(OO)C=CC(OO)OOC1(C)C(=O)(O),-7.633228137208789,-9.018567
C(=O)(OO)C(O)C(OO)C1OC1(ON(=O)(=O))C(=O)(OO),-6.7929174533837795,-11.201583
CC(=O)C1(O)OOC(O)(C1(O))C(=O)(OO),-8.626442966165996,-9.0696335
C(=O)(OON(=O)(=O))C1OOC(OO)(C1(O))C(ON(=O)(=O))C(=O),-6.403753281647369,-7.3887997
C(ON(=O)(=O))C(=O)C(C)(C(O))C(C(=O)(OO))C(=O)C,-8.124993561503288,-7.932348
CC(=O)C1CC(OO)(C1(C)C)C(ON(=O)(=O))C(=O),-5.165708297025958,-7.0502667
C(O)C(ON(=O)(=O))C(OO)(C)C(=O)C(=O),-6.68012378892854,-6.7608247
C(=O)(OO)C1OC1(O)C(N(=O)(=O))=CC(=O),-7.7581065744270745,-6.096867
C(=O)(O)C(OO)=CC(O)OC(=O)C(ON(=O)(=O)),-8.182469748378935,-8.151984
C(N(=O)(=O))(OO)C(C(=O)(OO))OOC(=O)C(=O),-5.685480761474537,-6.120345
C(=O)(O)C1OC1(O)C(O)C(=O)(OON(=O)(=O)),-7.083823956900233,-6.5731077
CC(ON(=O)(=O))(C)OOC(C(=O)C)CC(=O)CC(=O)(OON(=O)(=O)),-4.180513934460578,-5.483443
CC(=O)C(ON(=O)(=O))C(OO)C1(OO)CC(=O)C1(C)C,-7.005664385395903,-8.256056
CC(OO)(C)C(C(O))C(OO)(C(=O)(OON(=O)(=O)))C(=O),-6.370057746168641,-9.694676
CC(=O)C(=O)C(O)C(C(O))C(=O)C,-5.414055922707121,-5.8393164
C(ON(=O)(=O))C1(O)OOC(O)(C1(O)(O))C(=O),-7.843363073672663,-8.358568
C(=O)(OO)C(ON(=O)(=O))C(O)(OO)C1OC1C(=O)C(=O),-8.503966541540649,-8.438208
CC(C(ON(=O)(=O)))(C(=O))C(C(O))CC(=O),-4.9787807533202795,-6.3723807
C1(O)C(OO)C(=O)C(O)(C2(O)(N(=O)(=O)))OOC12,-8.523810276390577,-5.6333013
C1(OO)OC1(OO)C(O)(C(ON(=O)(=O)))C(ON(=O)(=O))C(=O),-7.227160008090323,-7.852833
CC(=O)C(C(OO)(C)C)CC(=O)C(OO),-7.753880757243678,-7.5089025
C1(O)(O)C(N(=O)(=O))(ON(=O)(=O))OOC1C(=O)(OO),-6.863031244558442,-4.504079
C(OO)C(=O)OOC(=O)CC(=O)(OON(=O)(=O)),-3.358443509820063,-3.6343646
C1(=O)C(OO)(C(=O)(O))OOC1(C)C(O)C(=O)(O),-9.381482096909167,-10.188634
CC(ON(=O)(=O))(C(O))C(ON(=O)(=O))(C(=O))CC(=O),-6.391254597031548,-6.122262
C(=O)(OON(=O)(=O))C(OO)OC(=O)C(=O)C(ON(=O)(=O))C(=O),-4.296766235167524,-4.40303
C(=O)(O)C(C(=O)(O))(C(ON(=O)(=O)))OOC(=O)C(ON(=O)(=O)),-6.844608695329043,-8.5393
CC(=O)C(O)C(OO)(C)C(=O)C(=O),-6.583758539703922,-8.197008
C(ON(=O)(=O))C(=O)OOC(OO)C(O)C(=O),-7.670632615372597,-6.0030746
C(=O)(O)C(=O)OC(=O)C=CC(=O)C(ON(=O)(=O)),-5.966068544472364,-6.5647984
C(=O)(OO)C(O)C(C)(C)C(=O),-7.122551901858969,-4.028965
CC(=O)CC(ON(=O)(=O))C(O)CCC(=O)(O),-9.15170877401124,-8.033404
C(=O)(O)C1(O)OC1(C(=O))C(ON(=O)(=O))C(=O),-7.556511264947403,-7.0410914
CC1(C)OOC(ON(=O)(=O))CC1C(ON(=O)(=O)),-3.69127701348134,-4.1248403
C(=O)(O)C(=O)OC(OO)C(=O)CC(=O)(O),-7.485631541119801,-9.23931
C1(OO)C=C(OO)C2OOC1(O)C2(O)(OO),-10.412203307860182,-11.2242985
CC(O)C(ON(=O)(=O))CC(=O)C(ON(=O)(=O))CC(=O),-6.704913632208445,-6.511386
C1(O)C(OO)C(=O)C(=O)OOC1C(=O)(OON(=O)(=O)),-6.264736170907781,-4.722954
C1(O)(O)C(N(=O)(=O))(OO)OOC1(C)C(=O)(OO),-8.337188346713447,-8.347937
CC(=O)C(C(O))C(C(ON(=O)(=O)))(C(ON(=O)(=O)))C(=O)C(=O),-6.447006738398159,-8.061392
C(=O)(N(=O)(=O))C(OO)OC(=O)C(O)C(O)(C)C(=O)(O),-8.21410218456549,-7.324887
CC(=O)C(=O)C(O)C(ON(=O)(=O))C(=O)C(=O),-4.038645263599392,-3.9921105
CC1(C)C(OO)(C)CC1(ON(=O)(=O))CC(=O)(O),-7.181027387608992,-6.4745307
C1(O)C(=O)OOC1(C(=O)(O))C(O)C(=O),-8.379902589440462,-8.884843
CC(=O)CCC(ON(=O)(=O))C(O)CC(=O)(OO),-9.359578810580388,-10.604331
C(OO)C(C(=O)(OON(=O)(=O)))OOC(=O)C(=O)(OON(=O)(=O)),-4.590438735884163,-3.924322
C12OOC(ON(=O)(=O))(C1(O)C(=O)(O))CC(=O)C2(=O),-7.4736236418521,-8.444582
CC(=O)C(=O)C(N(=O)(=O))C(OO)OC(=O)C(=O),-4.795857828881708,-5.067519
C(=O)(OO)C(N(=O)(=O))(ON(=O)(=O))C1OOC(C1(O)(O))C(=O),-7.715056460900087,-7.788688
C(=O)(O)C(=O)OC(OO)C(ON(=O)(=O))C(=O)C(=O)(OO),-7.090813442864601,-9.1304655
C(=O)(OON(=O)(=O))C(=O)C(OO)C(O)(C1(=O))OOC1C(=O),-6.584082372923149,-6.0832033
C(=O)(OO)C1(O)C(ON(=O)(=O))OOC1(O)C(=O),-8.165996783223818,-4.8198256
CC(O)(C(=O)(O))C(=O)C(O)C(ON(=O)(=O))C(=O),-7.958421993804222,-9.4618845
CC(=O)C1(ON(=O)(=O))CC(OO)(C(=O)(O))C1(C)C,-7.627535146501032,-7.247328
C(O)C(=O)OOC(N(=O)(=O))(C(=O)(O))C(ON(=O)(=O)),-6.6056505368578655,-6.4341993
C(=O)(N(=O)(=O))C1(O)OC1C(OO)(C(=O)(OON(=O)(=O)))C(O)C(=O),-8.095600859573096,-7.373087
CC1(OO)C(O)C(ON(=O)(=O))C2OOC1(O)C2(=O),-7.221889684378766,-6.8912487
C(O)C(ON(=O)(=O))(C(=O)(OON(=O)(=O)))C1OC1C(=O),-4.494703489996027,-4.2995253
C(=O)(O)C(=O)C(=O)C(ON(=O)(=O))(C(OO))C(=O)(OO),-7.116189752370701,-7.6710677
CC(=O)CCC(=O)C(ON(=O)(=O))CC(=O)C(OO)C,-7.790968071994939,-7.642543
C(O)C(=O)C=CC1(OO)OC1C(=O)(OON(=O)(=O)),-6.555037680118403,-7.249897
C(=O)(O)CC(ON(=O)(=O))C(O)(C)C(=O)(OO),-8.166106004291578,-5.949909
CC1(C)C(ON(=O)(=O))(C(=O)C(O))CC1C(=O)(O),-7.414769481429175,-3.7044365
C(=O)(OO)C(ON(=O)(=O))C(O)(OO)C(O)(C)C(=O)C(=O),-8.341724596133645,-7.6063614
C(=O)(O)C(ON(=O)(=O))C(C(=O)(OO))(C(OO))OOC(=O),-7.116189752370701,-8.0599785
C(=O)(N(=O)(=O))C1OC1(O)C(OO)C(ON(=O)(=O))C(=O)(OO),-7.090023688308065,-9.288629
CC(ON(=O)(=O))C(C)(C(=O)(OO))C(=O)C(=O)(OON(=O)(=O)),-4.5222733550453995,-2.9496202
CC(O)(C(=O))C(=O)C(O)(O)C(N(=O)(=O))(OO)C(=O),-8.318482095888612,-8.8527355
C1(=O)C(=O)C(N(=O)(=O))C(=O)OOC1C(=O)(OO),-4.808379914793477,-5.4086995
C(=O)(N(=O)(=O))C1(O)OC1C(OO)(C(OO))C(=O),-7.647540291691257,-7.814053
CC(=O)C(=O)C(=O)C(=O)OC(N(=O)(=O))(OO)C(=O)(O),-7.228823714322061,-6.2680016
C(=O)(O)C(ON(=O)(=O))(C(=O)(OO))C(=O)C(=O)C(=O),-6.854444707474613,-6.0343213
C(=O)(N(=O)(=O))C(ON(=O)(=O))C(O)C(=O)(O),-6.367483973583148,-4.7236686
CC(=O)C(=O)CC(OO)(C(ON(=O)(=O)))C(OO)(C)C(ON(=O)(=O)),-8.059531539156524,-8.434827
CC(OO)(C)C(OO)C(O)(C)C(=O)(OO),-7.305500998345451,-6.4442577
C12(O)OC1C(=O)C(=O)C(=O)C2(O)(O),-7.4883487274692015,-4.9680686
C1(O)(N(=O)(=O))C2(O)OOC1C=C(C2(ON(=O)(=O)))C(=O)(OO),-7.648633649292606,-8.272443
C(=O)(O)C1OC1C(N(=O)(=O))=C(OO)C(=O)(O),-9.870092326549639,-11.293228
C1(=O)CC(=O)C(=O)OOC1(OO)C(OO),-8.668322966746928,-6.9564476
C(O)C(=O)OC(=O)C(=O)C(=O)(O),-6.022311854918371,-5.7955403
CC(=O)C1CC(C1(OO)C)C(ON(=O)(=O))C(=O),-5.554192828189116,-6.8104324
CC(=O)C(ON(=O)(=O))CC(ON(=O)(=O))C(O)(C)C(=O)(OO),-7.981840684971758,-5.8338065
C(=O)C(=O)C(=O)C(=O)CC(=O)OC(=O),-2.851862277959299,-3.180643
C(=O)(OON(=O)(=O))C(O)(C(=O)(OON(=O)(=O)))C1OC1C(=O),-4.7646704104408855,-3.5516708
CC1(C)C(ON(=O)(=O))C(=O)C(=O)C(O)(C(OO))C1C(=O),-7.6247589687427535,-8.485185
CC(=O)C(OO)C(C(=O)(OON(=O)(=O)))(C(OO))C(=O),-6.5125218602643145,-7.011451
C(=O)(OO)C=CC(ON(=O)(=O))OC(=O),-4.242515746942445,-5.3402753
C1(O)(O)C(C(=O)(OON(=O)(=O)))OOC1(C(=O))C(O)C(=O)(O),-8.682275405764813,-12.124493
CC(=O)C(OO)OC(=O)CC(=O)C(=O)(O),-6.577645450994169,-7.7734976
C(O)C(OO)OC(=O)C(=O)(O),-7.4830503864159255,-7.1490264
C(=O)(O)CC(O)CCC(=O),-8.595973965489975,-6.7394285
CC(ON(=O)(=O))(C(=O)(O))C(C(=O))C(C)(C)C(ON(=O)(=O))C(=O),-5.502585073518276,-8.132094
CC(=O)C(ON(=O)(=O))C(OO)OOC(C(=O)(O))C(=O)(OO),-7.062098589682137,-10.860597
C1(O)(OO)C(=O)OOC1C(ON(=O)(=O))C(=O)(OON(=O)(=O)),-6.399748780633672,-3.967871
C(=O)(O)C(=O)C(=O)C1OOC(OO)(C1(O))C(=O),-8.114906133594559,-9.774211
C(O)C(OO)C(C)(C)C(C(=O))C(=O)C(O),-8.228982483379696,-9.714659
C(=O)(O)C(=O)OC(OO)(C)CC(=O),-5.998387706596986,-7.0046754
CC(=O)C1C(OO)C(ON(=O)(=O))C1(C)C,-5.264102496631494,-4.96079
CC(O)(C(=O)(OO))C(O)(C(=O)(N(=O)(=O)))OOC(=O),-8.21410218456549,-5.4297256
C(=O)(O)C1(O)OC1C(OO)C(=O),-7.522205149934962,-7.161335
CC1(C(=O)(OO))OOC(C1(O))C(=O),-7.106442523945589,-9.476626
CC(=O)C(OO)(C(ON(=O)(=O)))C(ON(=O)(=O))(C)C(=O)CC(=O)(OO),-8.128680106451611,-8.444019
C(=O)(O)C1OOC(OO)(C1(O)(O))C(N(=O)(=O))(OO)C(=O),-8.346468985844695,-10.03978
CC1(C(=O)(O))OOC(O)(C1(O)(OO))C(=O)C(=O),-9.381482096909167,-7.931652
C1C(=O)C(ON(=O)(=O))C(=O)OOC1C(=O)C(O),-5.6868385167781526,-4.6511183
C12OOC(C2(O))C(OO)C(=O)C1(O)C(=O)(OON(=O)(=O)),-7.588654978753766,-8.428708
C(OO)C(C(=O))(C(=O))C(OO)C(=O),-6.764828361729087,-6.694018
C(O)C(=O)C(ON(=O)(=O))C(=O)C(O)(O)C(ON(=O)(=O))OC(=O),-6.976826833539235,-7.8272357
C(OO)C(=O)C(=O)C(OO)(C1(O)(O))OOC1(N(=O)(=O))C(=O),-10.083568333489893,-10.934281
C(OO)C(=O)C(=O)C(O)C1OC1C(=O),-6.587313686357447,-7.494165
C(=O)(OO)C(N(=O)(=O))(ON(=O)(=O))C(O)(C1(O))OOC1(C)C(=O),-7.487599242176657,-5.9654775
CC1(C(OO))C(C(=O)(OON(=O)(=O)))C(ON(=O)(=O))C1C,-5.475793887222608,-4.8269377
C(ON(=O)(=O))C1(OO)OC1(OO)C(O)C(=O),-7.280812748876087,-8.174201
C(=O)(OO)C(=O)C(=O)C(O)C1OC1C(=O)(OON(=O)(=O)),-6.52967568854001,-6.407881
CC(=O)C(O)(C(=O)(N(=O)(=O)))OOC(OO)C(=O),-6.5333927071242215,-5.7855067
C(=O)(O)C1(ON(=O)(=O))OC1(C(O))C(=O),-5.953224086686532,-4.9020042
CC(=O)C(ON(=O)(=O))C(O)(C1(O)(N(=O)(=O)))OOC1C(=O)(OO),-6.546279041622256,-6.229047
CC(=O)C1(OO)OC1(N(=O)(=O))C(ON(=O)(=O))C(OO)C(=O)(O),-7.258344744801434,-9.097881
CC1(O)C(N(=O)(=O))(OO)OOC1C(O)C(=O),-7.109098131639257,-7.9584
C(=O)(N(=O)(=O))C(=O)C(C(ON(=O)(=O)))(C(=O))OOC(=O)C(=O),-3.632219058023111,-4.2018747
CC(=O)C(ON(=O)(=O))(C)CC(OO)C(=O)(OO),-8.115256878454602,-5.404142
CC1(C)C(C(=O)C(O))C(OO)C1CC(=O)(OO),-9.473458855470199,-8.682071
CC(=O)C(ON(=O)(=O))C(C)(C(O))C(C(=O)(O))C(=O),-8.316071734850084,-8.238486
C(=O)C(O)C(=O)C(C(ON(=O)(=O)))=C,-4.280327504829984,-5.2446055
CC(=O)C(ON(=O)(=O))C(OO)(C(ON(=O)(=O))(C)C)CC(=O)(OO),-7.658631665491157,-7.5297556
CC(C)C(O)C(=O),-0.13704836499528028,-1.3664709
C(O)C1(OO)OC1C(=O)C(N(=O)(=O))C(=O)(OO),-8.556401688261758,-6.7388005
C(=O)(O)C(N(=O)(=O))(ON(=O)(=O))C(O)(C)C(=O)OC(=O)C(=O),-7.125983662383078,-6.2239385
CC(=O)C(OO)CCC(=O)C(OO),-8.637762552427375,-6.9971223
CC(=O)C(C(ON(=O)(=O)))C(OO)C(=O)(OO),-6.891097581990834,-5.4583735
CC(=O)C(O)(OO)C(ON(=O)(=O))OOC(=O)C(=O),-6.875939054587434,-3.042161
C(=O)(O)C(OO)=C(C(O))C1OC1(ON(=O)(=O))C(=O),-8.681094475441569,-8.892422
C(O)C(=O)C(=O)C(OO)C(OO)OC(=O),-7.535776665608864,-9.135774
CCCCCCC(=O)C(=O)C(ON(=O)(=O)),-3.692106769185557,-2.746662
C1(OO)OC1(C)C(=O)CC(=O),-4.271059377782876,-4.1561007
C(=O)(O)C1(O)OC1(OO)C(=O)C(ON(=O)(=O))C(=O)(OON(=O)(=O)),-7.349810672458261,-7.697237
C(=O)(OON(=O)(=O))C(O)C(ON(=O)(=O))OC(=O),-4.139641206651504,-2.0847058
CC(O)C(ON(=O)(=O))CC(=O)C(=O)CC(=O),-5.981194219505596,-5.477203
C(O)C1C(=O)OOC(C(=O)(OO))C(=O)C1(=O),-7.352557823363895,-6.577678
C(=O)(O)C(C(ON(=O)(=O)))OOC(ON(=O)(=O))C(=O)C(=O),-5.2545838459227525,-5.646346
CCCCC(ON(=O)(=O))C(O)C(ON(=O)(=O))C(OO),-6.267885896732878,-5.236696
C(O)C(C(=O)(OO))OOC(=O),-8.034109536029064,-4.0759506
C1(=O)OC1(OO)C(O)(O)C(=O)C(=O),-7.639164211339448,-6.2062554
C(=O)(OON(=O)(=O))C(O)C(C)(C)C(C(=O))C(ON(=O)(=O))C(=O),-4.220554136490136,-6.350973
C(=O)(O)C(=O)OOC(N(=O)(=O))(C(=O)C)C(=O)C(=O),-4.4207662741700915,-5.8052464
C(=O)(OON(=O)(=O))C(O)(O)C1(OO)OC1C(O)C(=O),-7.0204263246323535,-8.083665
C(ON(=O)(=O))C1(C(=O)(OO))OOC(C1(=O))C(=O)C(=O)(OO),-7.142389081631336,-7.639308
C(=O)(OON(=O)(=O))C(=O)OOC(OO)(C)C(O)C(=O)(OON(=O)(=O)),-6.084029092411583,-4.217201
C1(O)C(=O)OOC1(ON(=O)(=O))C(OO)(C)C(=O)(OO),-6.601945605641049,-8.815855
C(O)C(=O)C1C(OO)C(ON(=O)(=O))(C(OO))C1(C)C,-7.2447246920201,-9.917926
C(=O)C(=O)C(=O)C(OO),-3.342534167930353,-2.4780777
C(=O)(O)C(ON(=O)(=O))C(O)CC(ON(=O)(=O))C(OO),-7.956436475644296,-9.151821
C(=O)C(=O)OC(=O)C(OO)=C(C(=O))C,-4.835658176807556,-3.7519379
C2(=O)C=CC(OO)(C1(O))OOC12(OO),-7.408937477124709,-7.982365
C1(ON(=O)(=O))C(O)C(=O)C(N(=O)(=O))(C2(O)(OO))OOC12C,-6.395629376951547,-6.564019
C(=O)C(=O)C(O)(O)C(N(=O)(=O))(ON(=O)(=O))C(OO)(C(=O))C(=O),-7.1550829050574976,-10.230801
C2(=O)C=CC(C1(O))OOC12C(=O),-4.736161510467355,-5.151331
C(=O)(OO)C(N(=O)(=O))(ON(=O)(=O))C1OOC(C1(O))C(=O),-6.613624874336892,-7.835069
C1(O)COOC1(O)C(OO)C(=O)C(=O),-8.135698118980144,-6.6947064
C(O)C(=O)C1OOC(N(=O)(=O))(C1(=O))C(=O)C(=O),-5.2370144153464935,-5.3727775
C(ON(=O)(=O))C1(C(=O)(OO))OOC(N(=O)(=O))(C1(O)(O))C(OO)C(=O),-9.264097206671067,-10.383944
CC(ON(=O)(=O))C(OO)CC(=O)CCC(OO)CC,-7.722838890735147,-8.364835
C1(=O)C(=O)C(N(=O)(=O))C(=O)OOC1(C(OO))C(=O)(OO),-7.783668183496047,-9.320446
CC(=O)C(O)C(ON(=O)(=O))C(=O)CC(OO)C(ON(=O)(=O))(C)C,-8.546381725452193,-9.000247
C(=O)(OON(=O)(=O))C(O)(OO)C(=O)OC(=O),-5.7470861061901815,-3.1363916
C(=O)(O)C(=O)C(ON(=O)(=O))C(=O)OC(OO)C(=O)(OO),-7.090813442864601,-7.9753213
CC(C)(C(=O)(OON(=O)(=O)))C(ON(=O)(=O))(C(OO))C(=O),-5.11967481298143,-4.792561
CC(=O)CC(O)CCC(ON(=O)(=O))CC(ON(=O)(=O)),-7.481807247503639,-7.234902
C(=O)(OO)C1CC(ON(=O)(=O))(C1(C)C)C(O)(C)C(=O)(OON(=O)(=O)),-6.7834955012021965,-7.36743
CCCCC(ON(=O)(=O))CC(=O)CC(ON(=O)(=O))C(OO),-6.247093329461677,-6.9623823
CC(OO)(C)C(OO)C(ON(=O)(=O))(C)C(=O)C(ON(=O)(=O)),-7.214833613941664,-7.9070144
C(=O)(O)C(N(=O)(=O))(OO)C(ON(=O)(=O))C1OC1C(=O)C(=O)(OO),-8.626901990503029,-9.14994
C1(OO)OC1C(ON(=O)(=O))(C)C(O)C(=O)(O),-7.815159759027665,-7.3109083
C(=O)(O)C(=O)OOC(C(OO))(C)C(=O)(OO),-7.430973061796976,-8.15335
CC(=O)C(=O)OOC(OO)(C(=O)(OO))C(=O),-6.994747692071542,-6.349219
C2(O)C(ON(=O)(=O))C(=O)C(O)(C1(O))OOC12C(ON(=O)(=O)),-8.167575221396874,-7.5172358
C1(ON(=O)(=O))C(OO)C(OO)C(ON(=O)(=O))OOC1(=O),-6.90820287745737,-5.955703
C1(=O)OC1C(O)(O)C(=O)C(OO)C(=O)(O),-7.639164211339448,-7.5181365
C(OO)C(ON(=O)(=O))C(C(O))C(=O)C(=O),-7.0258020600776945,-5.809814
C(=O)(OON(=O)(=O))C(O)(O)C1(O)OC1C(=O)(OON(=O)(=O)),-6.25439685953279,-5.036843
C(=O)(OO)C(=O)C1OOC(ON(=O)(=O))C1(O)C,-6.601945605641049,-6.1197605
C(=O)(OON(=O)(=O))C1(OO)OC1(C(OO))CC(=O)(OON(=O)(=O)),-5.947982262389814,-5.335808
C(ON(=O)(=O))C(ON(=O)(=O))(C(OO))C(C(=O)(O))CC(=O),-7.995536822675604,-8.581124
CC(ON(=O)(=O))(C(=O)(O))C(ON(=O)(=O))C(=O)OC(OO)C(=O)(OO),-6.496313911100515,-9.488679
C(O)C(=O)C1OC1C(OO)=C(N(=O)(=O))C(=O)(OON(=O)(=O)),-8.260889260896874,-10.948699
CC(=O)C1(ON(=O)(=O))OC1C(ON(=O)(=O))C(O)C(=O)(O),-6.498039046062331,-7.0826745
C(=O)(O)C(O)C(O)C1(O)OC1(OO)C(=O),-8.92530185031137,-11.336593
C1(O)(OO)C(OO)(C(O))OOC1C(ON(=O)(=O))C(=O),-10.00315677810977,-10.03582
C(=O)(O)C1(C(ON(=O)(=O)))OC1(O)C(O)C(=O),-8.503997686213552,-6.531041
C(=O)(N(=O)(=O))C1OC1C(O)C(ON(=O)(=O))(C)C(=O)(OO),-7.077974746673135,-7.8449144
CC(OO)(C(=O)(O))C(=O)OOC(C(=O)(O))C(=O),-8.370723414973327,-10.892332
C(O)C1(ON(=O)(=O))OC1C(OO)C(=O),-6.238949686856358,-5.133298
C(O)C(=O)C(ON(=O)(=O))C(C(=O))OOC(=O)C(=O),-4.745999753173237,-6.91559
C(=O)(O)C(C(=O)(O))OOC(=O)C(ON(=O)(=O))(C)C(=O)(OO),-7.614200698217246,-10.548616
C(=O)(O)C1OC1(O)C(=O)C(OO),-7.791111126798569,-6.681011
C1(=O)C(N(=O)(=O))(ON(=O)(=O))C(O)(C(=O)(O))OOC(=O)C1,-6.649406609880316,-6.6621985
C(=O)C(ON(=O)(=O))C(OO)(C1(O)(O))OOC1C(=O),-9.197620435179488,-7.7559404
C(=O)(O)C(O)C(ON(=O)(=O))C1OC1C(=O)C(=O),-8.559032370585555,-6.087537
C1(O)C(OO)OOC1(O)C(ON(=O)(=O))(C)C(=O),-9.085444620367525,-6.7787538
C1(O)(OO)C(ON(=O)(=O))OOC1C(ON(=O)(=O))C(=O)C(=O),-6.686751046172503,-5.7973804
C(=O)(O)C1(O)OC1C(O)C(=O)C(=O),-8.108830560027855,-7.428288
C1(O)(N(=O)(=O))C2(OO)OOC1(O)CC(=O)C2(=O),-8.18949330387477,-7.2155876
C(=O)(OO)CC(C(=O)(O))C(ON(=O)(=O))(C(O))C(=O),-8.463097260648283,-8.727526
C(=O)(OON(=O)(=O))CC(ON(=O)(=O))C(C)(C)C(C(=O)(OO))C(=O)C(=O),-5.666901804785994,-5.457946
C(O)C(ON(=O)(=O))(C(=O))C(=O)C(=O)OC(=O)C(=O),-4.455219759365718,-4.6997747
CC(=O)C1OC1(N(=O)(=O))C(=O)C(O)C(=O)(O),-6.328730105060458,-6.266903
C1(=O)C(O)(C)C(ON(=O)(=O))C(OO)OOC1C(=O)(O),-6.859695888116221,-6.778671
C(=O)(N(=O)(=O))C(=O)OC(OO)(C(OO))C(ON(=O)(=O))C(=O),-6.146561600051427,-6.4994807
CC1C(ON(=O)(=O))C(ON(=O)(=O))C1(C)C(OO),-4.5901049601789055,-4.332998
CC(=O)C(C(ON(=O)(=O))(C)C(O))C(OO)C(=O)CC(=O)(O),-8.120537369474732,-11.180139
C1(OO)OC1(C)C(OO)C(=O)C(=O),-7.289721279941659,-4.7713256
C12CC(=O)C(OO)(C)C(ON(=O)(=O))(C2)C1(OO)C,-6.721327386924713,-7.2186594
C(=O)(O)C(=O)OC(=O)C(=O)C(ON(=O)(=O))C(=O),-4.67738810654555,-4.8270736
C(=O)(O)C=CC(OO)OC(=O)C(=O),-7.04147304347498,-6.331042
CC(OO)=CC(OO)(C)C,-4.120439434823311,-3.2782676
C(=O)(O)C(O)(OO)C(ON(=O)(=O))(C)C1OC1C(=O),-9.552022398223926,-8.321005
C12(O)OOC(O)(C1(O))C=C(OO)C2(=O),-9.149485223922966,-8.726557
CC(O)C(ON(=O)(=O))C(C(=O)C)C(ON(=O)(=O))C(=O)(OO),-7.235018246799882,-5.318685
C(=O)(OO)C(=O)C(N(=O)(=O))(C1(O)(O))OOC1C(=O)(OO),-8.25748380002915,-9.899232
C12OC1(O)C=C(C(ON(=O)(=O)))C(=O)C2(O)(O),-7.373743531074069,-7.1639233
CC(O)(C(=O))C(ON(=O)(=O))C(=O)C(O)(N(=O)(=O))C(=O),-5.799970396546996,-6.0271897
C(=O)(OON(=O)(=O))C(O)(O)C1OC1C(O)(C)C(=O),-5.4617447822784015,-6.246005
CC1(O)C(=O)OOC1(OO)C(O)C(=O)(O),-9.381482096909167,-9.500206
C(=O)C(=O)C(OO)C1OC1(O)C(=O),-6.113610014566802,-6.5861697
C(=O)(O)C1OOC(OO)(C1(O))C(ON(=O)(=O))C(=O),-8.222832344898052,-8.99211
C1(=O)C(OO)C(OO)C(O)(C)C(ON(=O)(=O))C1,-7.91347851331011,-8.894376
CC(=O)CC(=O)CC(ON(=O)(=O))CC(=O)(OO),-7.041338860128235,-6.319592
C(O)C(=O)C(OO)(C1(O))OOC1(O)C(=O)(OON(=O)(=O)),-8.25487702186365,-7.6849017
C(ON(=O)(=O))C(=O)OC(OO)C(O)C(O)C(=O),-9.006364560627844,-9.586064
C(=O)C1(O)OC1(C(=O)(OO))C(OO)C(=O),-7.267429605784855,-6.566222
C(OO)C(=O)C(OO)C(O)C1OC1(OO)C(=O),-9.322294340267035,-11.115516
CC(ON(=O)(=O))C(=O)CC(ON(=O)(=O))(C(=O)(OO))C(OO)(C)C,-7.963336224361228,-6.6603556
CC(=O)C(C(=O)C)CC(=O)(O),-5.185061300036978,-4.4637313
C(=O)(O)C1OC1(ON(=O)(=O))C(=O)C(=O),-3.535645267691507,-3.4361846
C(=O)(O)C(N(=O)(=O))(OO)OC(=O)CC(=O)(O),-6.406685638094132,-8.637781
C(O)CCC(=O)CC(O)C(ON(=O)(=O))C(ON(=O)(=O)),-8.626320679270066,-8.957601
C(=O)(O)C(O)(N(=O)(=O))C(ON(=O)(=O))(C)C1OC1C(=O)(O),-8.266753826446802,-8.987518
C(=O)C1(O)OC1C(ON(=O)(=O))(C(O))C(O)C(=O),-8.535356829417651,-11.045705
C(=O)(O)C(O)C(=O)OOC(ON(=O)(=O))(C(=O))C(=O),-6.271512172832445,-5.548419
C1(O)(N(=O)(=O))C(=O)OOC1(O)C(=O)C(N(=O)(=O))C(=O)(OO),-7.080371567581096,-7.031471
CC(=O)C(C(=O)C(=O)(O))OOC(ON(=O)(=O))C(=O)(OO),-6.858576666825684,-8.531682
C(=O)(O)C(ON(=O)(=O))C(O)C(=O)OC(=O),-7.428402324769195,-5.26146
C1(O)C(O)(C(=O)(N(=O)(=O)))OOC1C(O)C(=O)(OO),-8.053431428797921,-8.664659
C(=O)(O)C(N(=O)(=O))=CC1OC1(OO)C(=O)(OO),-7.7581065744270745,-8.164461
C(=O)(O)C(=O)C(OO)(C(O))C(O)C(=O)OC(=O),-8.654605667470605,-10.523853
C1(=O)OC1C(OO)=C(OO)C(=O),-8.612702469567012,-6.0896835
CC(ON(=O)(=O))(C)C(C(=O)(OON(=O)(=O)))CC(=O)CC(=O),-4.085267371282498,-5.4736743
C(=O)C(O)C(=O)OOC(=O)C(=O)C(=O),-4.660786005655609,-2.9969704
C2(=O)C1(ON(=O)(=O))OOC2(C(OO))C(=O)C(=O)C1,-4.664825314644077,-4.0150833
CC(=O)C(ON(=O)(=O))CC(=O)(OO),-5.604899889945045,-2.6422558
C(O)C(=O)C(=O)C(OO)C(=O)OC(=O)C(=O),-6.7961319246278435,-6.3376193
CCCCC(ON(=O)(=O))CC(ON(=O)(=O))CC(=O)(OO),-5.398597385221365,-5.1953025
C(=O)(OON(=O)(=O))C(ON(=O)(=O))C(O)C1(O)OC1(O)C(=O),-6.9480279654399055,-6.0447903
CC(O)(C(=O)(OO))C(ON(=O)(=O))C(C)(C)C(C(=O)(OO))C(=O),-7.900112709937275,-9.86467
C1C(=O)C(OO)C(=O)OOC1(OO)C(=O)(O),-7.759371875692523,-8.5787
CC(ON(=O)(=O))CCC(O)CCC(=O)C(ON(=O)(=O))C,-7.068547600085367,-7.222967
C1(O)C(=O)OOC1(O)CC(=O)C(=O)C,-6.898278118551389,-6.991083
C1(=O)OC1(C)C(OO)=CC(=O),-5.930406172181392,-5.5585327
CC(ON(=O)(=O))(C(=O)(OON(=O)(=O)))C(O)C1OC1(OO)C(=O),-5.669855648739031,-6.129026
C(ON(=O)(=O))C(=O)C(O)(C1(=O))OOC1C(ON(=O)(=O))C(=O),-5.8200557156578725,-6.0051146
C(O)CC(O)C(=O)CC(=O)C(O),-8.454808563803454,-9.532174
C(OO)C(=O)C1(O)OC1(OO)C(=O)(OO),-9.279281763985637,-8.913952
CC(=O)C(ON(=O)(=O))C(O)C(C(OO)(C)C)C(ON(=O)(=O))C(=O),-7.324662807324785,-8.092061
C(=O)(O)C(OO)C(O)C(=O)C(O)C(=O),-7.229471173044658,-12.21359
C(=O)(O)C=C(OO)C1OC1C(=O)C(=O)(OO),-9.291627783595686,-11.306284
C(=O)(N(=O)(=O))C(=O)C1OOC(C1(=O))C(=O)(OON(=O)(=O)),-3.4356959849737905,-1.8558619
C(=O)(O)C(OO)C(OO)(C(=O))C(O)(O)C(=O),-9.987138966860584,-10.628588
CC(=O)CCC(OO)C(OO)CCC(=O)C,-8.894316218774293,-7.88177
C(=O)(OO)C(N(=O)(=O))(OO)C(C(=O)(OON(=O)(=O)))OOC(=O)C,-6.27080433048468,-6.2748704
CC(ON(=O)(=O))(C(O))C(CC(=O)(OO))CC(=O),-8.073599159937658,-6.4056244
CC(=O)C(ON(=O)(=O))C(C)(C)C(OO)(C(=O)(O))CC(=O)(OON(=O)(=O)),-6.975149101677744,-8.202778
C1(O)(OO)C(OO)(C)OOC1C(=O),-7.966761132149259,-5.9369535
C(O)C(=O)C(=O)C(OO)(C(=O)(N(=O)(=O)))OOC(=O),-7.0825259982975695,-4.9799747
C(O)C(=O)C1OC1(O)C(N(=O)(=O))=CC(=O)(O),-8.614903295234399,-12.116375
CC(ON(=O)(=O))C(OO)C(C)(C)C(ON(=O)(=O))C(=O),-5.647475897819277,-6.0990624
C(=O)(OON(=O)(=O))C=CC(OO)(C(=O)(OON(=O)(=O)))OC(=O),-4.9139458779300185,-4.3484435
C(=O)(OO)C(O)(OO)C1OC1C(ON(=O)(=O))(C(OO))C(=O),-10.92911263132737,-11.3526325
C(=O)(OO)CCC(=O)CCC(=O)CC(=O)(OON(=O)(=O)),-6.329951318180974,-5.9957557
C(=O)(O)C(OO)OC(=O)CC(=O)(OO),-7.906283504607927,-6.5060315
C1(ON(=O)(=O))C(OO)C(ON(=O)(=O))C(=O)OOC1(O)C(=O)(OO),-6.900395018654308,-7.1308002
CC(=O)C(C(=O)C(ON(=O)(=O)))CC(=O)CC(=O),-3.8569608361176506,-6.3972087
CC(OO)CCCC(O)CC(ON(=O)(=O)),-7.187522066304155,-6.6210995
CCCCCC(O)CC(OO)C(ON(=O)(=O))C,-7.558298694904806,-6.2121515
CC(=O)C(ON(=O)(=O))C(C(=O)C)C(OO)(C)C(OO),-6.853186790385735,-8.167386
C(=O)(OON(=O)(=O))CC(ON(=O)(=O))C(C(=O)(OO))(C)C(=O),-5.054297658221913,-4.567473
CC(OO)(C(=O)(OON(=O)(=O)))C(ON(=O)(=O))(C(=O))C(C)(C)C(=O)C(=O),-4.952426266060684,-5.608387
C(=O)(O)C(O)C(O)C(=O)C(=O)C(=O),-7.318864158243741,-6.93276
CC(ON(=O)(=O))CCCCCC(=O)(OON(=O)(=O)),-4.646176910003305,-3.4342356
C(O)C(=O)C(ON(=O)(=O))C1OOC(C1(O))C(=O)(OON(=O)(=O)),-6.553487073095312,-8.343905
C(OO)C(=O)C1CC(C(=O)(OON(=O)(=O)))C1(C)C(OO),-9.21890283814355,-7.557647
C(=O)(N(=O)(=O))C1(O)OC1(OO)C(C(OO))C(=O),-8.274866509205822,-9.270401
C(O)C(OO)C(ON(=O)(=O))(C)C(=O),-7.176678413684385,-5.552463
C1(N(=O)(=O))C(=O)C(OO)C(=O)OOC1C(=O)(OON(=O)(=O)),-4.912744616618511,-5.084575
C(=O)C(OO)C(OO)(C)C(=O)CC(=O),-7.773260838450369,-7.780326
C(=O)(OON(=O)(=O))C=C(OO)C1OC1(ON(=O)(=O))C(=O),-4.471886699126117,-5.017594
CC(C(O))(C(=O)(OON(=O)(=O)))C(C(=O))C(ON(=O)(=O))(C)C(=O)(OO),-6.9955659557526815,-6.642613
C(=O)(OO)C(OO)C1(C(=O))OC1C(=O)(OO),-7.985302141050852,-7.8107934
C(=O)(OO)C(C(=O))=CC1(N(=O)(=O))OC1(OO)C(=O),-7.938895422252244,-6.6649675
CC1(C)C(OO)CC1(ON(=O)(=O))C(O)C(=O)(OO),-7.267281300819377,-6.082732
C2(=O)CC(ON(=O)(=O))C1(C(=O)(OON(=O)(=O)))OOC2C1(=O),-3.613557792085885,-2.890084
CC(=O)CC(=O)C(=O)C(OO)CC,-4.807895462889064,-4.511796
C(=O)(O)C1(OO)OC1(C(ON(=O)(=O)))C=CC(=O)(OON(=O)(=O)),-7.606459465428998,-7.419139
C(=O)(O)C(=O)OC(O)C(OO)C(ON(=O)(=O))C(=O)(OON(=O)(=O)),-6.26651317761025,-8.213466
C(=O)(OO)C(OO)C(O)C1OC1(C)C(=O)(OON(=O)(=O)),-7.033079235216064,-5.89565
CC(=O)COOC(=O)C(N(=O)(=O))(OO)C(=O)(OO),-7.000773576684878,-7.4173484
C(=O)(OON(=O)(=O))CC(=O)CC(OO)(C(=O)C)C(ON(=O)(=O))(C)C(=O),-5.833296353474907,-8.4747
CC(OO)CC(=O)CCC(=O)CCC(=O),-6.182004104718544,-6.7149115
C(=O)C(O)C1(ON(=O)(=O))OC1(OO)C(=O),-5.874876487971051,-5.4255195
CC(=O)C(=O)C(C)(C)C(OO)C(O),-7.310101604137344,-5.513934
CC(=O)C(C(ON(=O)(=O)))C(=O)C(OO)C(O)(C)C(=O)(OON(=O)(=O)),-6.540122331981365,-6.6888375
CC(=O)C(C(=O)C(=O)(N(=O)(=O)))OOC(=O)C(=O)(O),-4.009642568833442,-6.8499174
C1(=O)OC1(O)C(OO)C(O)C(=O)(OO),-8.591909696750008,-13.59599
C(=O)(OON(=O)(=O))CC1OOC(C1(O)(OO))C(=O),-6.0777529023444,-7.3481207
CC(=O)C(C(=O)(O))C(ON(=O)(=O))(C)C=C,-4.02331901967591,-4.578505
C(=O)(O)C1OOC(N(=O)(=O))(C1(O)(O))C(OO)C(=O),-9.213620431948584,-9.541522
C1(ON(=O)(=O))OC1C(OO)C(O)(C(=O)(O))C(ON(=O)(=O)),-7.98108877051709,-7.8730454
CC(=O)C(C)(C)C(ON(=O)(=O))(C(=O))C(=O)C,-3.247503850438079,-3.961012
CCC(O)CC(O)C(ON(=O)(=O))CC(OO)CC,-7.980126178773389,-7.9085793
C(=O)(O)C(O)C(N(=O)(=O))(OO)OC(=O)C(=O),-8.276991097245627,-6.703486
C1(=O)OC1(O)C(O)(O)C(=O)C(ON(=O)(=O))C(=O)C,-7.176230982309789,-9.934016
CC(OO)(C(=O))C(ON(=O)(=O))(C(OO))C(=O)C(=O),-6.782812416701745,-7.9604373
C(=O)(O)C(N(=O)(=O))(OO)OC(=O)C(C(ON(=O)(=O)))C(=O),-6.667288324804758,-7.5701284
C(=O)(O)C(=O)C(C(ON(=O)(=O)))C(O)(C)C(ON(=O)(=O)),-7.936683321545388,-7.1326103
C(=O)(N(=O)(=O))C1(O)OC1C(=O)C(OO)C(=O)(OO),-5.982460326271394,-7.5626535
C(O)C(=O)C1(OO)OC1C(OO)C(=O),-8.61954338481155,-9.906871
C(=O)(OON(=O)(=O))C1(O)C(C(=O)(OO))OOC1C(=O)C(=O),-6.529744154849141,-6.701671
C(OO)C(=O)C(ON(=O)(=O))OOC(=O)C(=O)(OON(=O)(=O)),-4.387801194103304,-3.8355527
CC(ON(=O)(=O))(C)OOC(OO)(C(=O)C)CC(=O),-5.625969953591266,-5.36426
CC(=O)CC(=O)C(OO)CC(ON(=O)(=O))C(ON(=O)(=O)),-7.340011324729858,-7.0662427
CC(OO)(C(=O))C(ON(=O)(=O))(C(=O)(OON(=O)(=O)))OOC(=O)C(=O),-4.437791444215691,-4.356625
C1(O)(N(=O)(=O))C(=O)OOC1C(O)C(=O)(O),-7.424092879165983,-6.9954715
C1C(=O)C(=O)C(C2(=O))OOC12C,-2.6289169116253106,-2.9389248
CC(OO)(C)C(=O)C(O)(C)C(ON(=O)(=O))CC(=O)C(=O),-7.99112620113101,-7.666496
C(=O)(O)C(OO)=CC(OO)OC(=O)C(=O),-8.846453856463995,-8.338076
C(ON(=O)(=O))CCC(=O)CC(=O)CC(=O)(OO),-7.047680450756161,-6.1706367
C1(ON(=O)(=O))OC1(C)C(O)(OO)C(=O)C(=O),-7.122615757894891,-5.2018366
CC(=O)COOC(=O)C(N(=O)(=O))(ON(=O)(=O))C(=O)(OO),-5.013806206599838,-5.660583
C(=O)(O)C(O)C(=O)C(=O)OC(=O)C(=O),-6.688700001950565,-5.594315
C1(O)C(N(=O)(=O))(OO)OOC1(C(=O))C(=O),-7.6647480084157,-5.599109
C(=O)(O)C(O)C(O)C1OC1(ON(=O)(=O))C(=O)C(=O)(OON(=O)(=O)),-6.105215925525044,-7.216886
C(=O)(OO)C(=O)C(O)C1OOC(O)(C1(O))C(=O),-9.010791844821142,-11.020646
C(=O)(O)C(O)(C(=O)(OON(=O)(=O)))C(ON(=O)(=O))C1OC1(OO)C(=O),-6.9516265730744635,-7.4039464
C(=O)C(ON(=O)(=O))C(=O)C(O)(C)C(=O)C(=O),-4.024784983235804,-4.5259247
C1(ON(=O)(=O))OC1(OO)C(O)(O)C(=O)C(O)C(=O)(OON(=O)(=O)),-6.052563475061106,-7.9629354
C(=O)(OON(=O)(=O))C1(OO)OC1(OO)C(ON(=O)(=O))C(O)C(=O),-5.545776306824337,-8.890739
CC(=O)C(=O)CC(ON(=O)(=O))(C(ON(=O)(=O))(C)C)CC(=O)(OO),-6.276046940921333,-5.791025
C(=O)(OO)C(=O)OC(OO)C(C)=CC(=O)(OON(=O)(=O)),-6.405382732522412,-7.4188
C1(O)(O)C(N(=O)(=O))(OO)OOC1(C(OO))C(OO)C(=O),-11.04272580523957,-12.609265
CC(=O)CCC(ON(=O)(=O))C(ON(=O)(=O))CC(OO)C(=O)C,-7.945497801491001,-7.683172
C(=O)(OON(=O)(=O))C(=O)C1OOC(N(=O)(=O))(C1(O)(O))C(OO)C(=O),-8.010891818199525,-8.013515
C(O)C(OO)(C(O))C(O)(C)C(=O),-6.149199964971558,-6.9982214
CC(=O)C1(OO)OC1C(=O)(OO),-7.298782734978886,-4.3852844
C(=O)(O)C(=O)C(ON(=O)(=O))C1(C(ON(=O)(=O)))OC1(OO)C(=O),-6.773156669420132,-6.9783
CC(=O)OOC(=O)CC(OO)C(ON(=O)(=O))C(=O)(O),-7.899368920601773,-8.183557
C(=O)(OON(=O)(=O))C(=O)C(O)C1OOC(O)(C1(O))C(=O),-6.733232244438113,-6.879031
C(=O)(O)C(O)C(=O)OOC(ON(=O)(=O))(C(=O)(O))C(=O),-6.271512172832445,-8.22085
CC(=O)C(OO)C(C(OO))(C(ON(=O)(=O)))C(=O)(OON(=O)(=O)),-6.2415494019651305,-6.48882
C(=O)(O)C1(N(=O)(=O))OC1C(=O)C(O)C(=O),-6.174969070349107,-4.865278
CC(=O)C(N(=O)(=O))(C(=O)C(=O))OOC(=O)C(=O),-3.0764963362416893,-3.4686947
CC(=O)C(=O)C(OO)(C)C(=O)C(ON(=O)(=O)),-5.534470848100682,-4.5980906
C2(=O)C(O)C(OO)C(C1(O))OOC12C(OO),-10.79201808189464,-10.147921
C(=O)(OO)C(=O)OC(=O)C(=O)CC(=O),-4.847700372220061,-4.6558547
CC(=O)C(C(=O)(OO))C(C)(C(ON(=O)(=O)))C(O)C(=O)(OON(=O)(=O)),-6.733530126029109,-5.2378874
C(=O)(OON(=O)(=O))C(=O)OC(=O)C(O)(C)C(=O)C(=O),-3.7975899467364798,-2.308035
C1(OO)OC1C(O)(O)C(=O)(OON(=O)(=O)),-5.930091883916248,-3.82375
C(O)C(=O)C(=O)C(=O)OC(=O)(O),-6.143659502415176,-3.6002975
C1(=O)C(O)(C(=O)(OO))OOC1(C(O))C(O)C(=O),-9.94997558356772,-11.148026
C(=O)(O)C(=O)OC(=O)C=CC(=O)C(=O),-5.059710634350267,-4.7007685
CC1(C)C(=O)CC1(OO)CC(OO)C(=O)(OON(=O)(=O)),-7.040512686061447,-6.7632813
C(=O)(O)C(O)(O)C1OC1C(O)(C(OO))C(=O)(OON(=O)(=O)),-10.133555799673559,-12.061723
CC(ON(=O)(=O))(C(OO))OOC(ON(=O)(=O))(C(=O)(O))C(=O),-7.6947086985674105,-6.7795014
CC(OO)(C)C(C(O)C(=O))CC(=O),-7.671027582260649,-8.000514
CC(O)CC(=O)C(=O)CC(=O)CC(ON(=O)(=O))C,-6.905400239472328,-6.5415125
C(=O)C(=O)C1(C(ON(=O)(=O)))OC1C(=O)(OO),-5.3504800083983355,-5.4387074
C(=O)C1(O)OC1C(ON(=O)(=O))(C(=O)(OON(=O)(=O)))C(O)C(=O),-5.454003414211911,-4.6208982
CC(=O)C(OO)CC(=O)CC(=O)(O),-8.358553480002229,-7.4943423
C(=O)(OON(=O)(=O))C(O)C(ON(=O)(=O))C(=O)OC(OO)(C(O))C(=O),-6.59400385360459,-7.498558
C1(ON(=O)(=O))OC1C,0.7912117022642633,0.3572457
CCC(ON(=O)(=O))CC(ON(=O)(=O))C(O)C(OO)CCC,-7.114969039076641,-6.025339
C(=O)(OO)C1(OO)OC1C(O)C(OO)C(=O),-8.591909696750008,-11.222544
CC(ON(=O)(=O))(C(=O)(OO))C(ON(=O)(=O))C(OO)OC(=O),-6.496313911100515,-6.0543203
CC(=O)CC(OO)CC(=O)(OO),-7.306372179655227,-4.795732
C(=O)(OON(=O)(=O))C(O)C(=O)C(OO)(C)OC(=O)C(=O),-5.76207628137854,-5.019165
C1(=O)OC1(N(=O)(=O))C(O)(C(ON(=O)(=O)))C(OO)C(=O),-8.105072436601404,-6.3047385
CC(=O)C(C(=O)(O))OOC(N(=O)(=O))(ON(=O)(=O))C(=O)(O),-6.89174500752415,-8.011296
C(=O)(O)C1(C(=O)(OO))OC1C(OO)C(O)C(=O),-9.574490420238362,-11.672719
C1(=O)C(ON(=O)(=O))OOC1C(=O)C(=O),-2.727929498818412,-1.3696433
C(=O)(OO)C(ON(=O)(=O))C(C1(O)(O))OOC1(C(OO))C(=O),-9.565817671405057,-12.54992
CCC(=O)CC(ON(=O)(=O))C(=O)CCC(OO)C,-6.2403618754387935,-6.6514735
C(=O)(O)C(C(ON(=O)(=O)))C(C)(C(=O)(O))C(=O)(OON(=O)(=O)),-6.22229813847207,-7.1855617
CC(=O)C(OO)(C(=O)(OON(=O)(=O)))OOC(=O)CC(=O)(OON(=O)(=O)),-5.195347019496694,-4.757153
C1(=O)C(O)C(=O)C(=O)C(OO)C1,-5.966361134243925,-7.0199413
C(=O)(N(=O)(=O))C(=O)C(=O)C1OOC(=O)C1(O)C(OO),-8.203893493797295,-5.272462
C1(=O)C(=O)C(=O)OOC(OO)C1,-5.219775973657306,-3.8453057
CC(ON(=O)(=O))(C(=O)(O))C(O)C1OC1C(=O)(OON(=O)(=O)),-6.492950691055739,-6.7305512
C1(=O)C(ON(=O)(=O))(C(OO))OOC1C(O)C(=O)(OON(=O)(=O)),-5.451879312603523,-5.5234547
C(=O)(O)C(=O)CC(=O)C(OO)(C(ON(=O)(=O)))C(OO),-8.418278647298393,-9.076937
C(=O)(O)C(O)(N(=O)(=O))C(ON(=O)(=O))C1OC1C(=O)(O),-8.176890284164983,-8.596298
C(=O)(O)C(O)(C(=O)(OO))C(ON(=O)(=O))OOC(=O)C(=O),-8.115026138904796,-9.406757
c1ccc(O)c(OO)c1C(OO),-7.521475634805029,-6.909117
C(OO)C(OO)C(C)(C)C(ON(=O)(=O))(C(=O))C(=O)C(=O),-7.181792659846906,-7.427574
C(ON(=O)(=O))C1(C(=O)(OO))OOC(C1(O))C(ON(=O)(=O))C(=O),-7.914111379596761,-9.761363
C(=O)(O)CC(ON(=O)(=O))C(O)(C)C(C(=O))C(=O)C,-8.163012689595234,-7.8864226
C(=O)(OON(=O)(=O))C(=O)C1(O)OC1C(=O)C,-3.3366270149508637,-2.3570411
CC(=O)C(ON(=O)(=O))C(C)(C)C(=O)C(O)C(=O)(OON(=O)(=O)),-5.089214331292169,-4.4191
C(=O)(O)OC(=O)C(=O)C(=O)C(ON(=O)(=O)),-4.63979193760315,-3.7949214
CC(=O)C(O)C(ON(=O)(=O))C(ON(=O)(=O))C(=O)(O),-6.836833494347957,-6.1747594
C(=O)(O)C(OO)C(ON(=O)(=O))(C(=O))OOC(=O)C,-7.265369962682598,-6.6439133
C1(O)C(O)(C(=O)(OON(=O)(=O)))OOC1(O)C(O)(C)C(=O),-7.431187922282334,-7.8169684
CC(=O)CC(=O)CC(ON(=O)(=O))C(OO)CCC,-6.132489858470763,-5.551836
CC(=O)CCC(=O)CC(O)CCC(=O)(OON(=O)(=O)),-6.677942691581848,-7.160839
C1(=O)C(ON(=O)(=O))C(O)C(=O)OOC1(OO)C(=O)C(=O),-6.852975941596014,-5.912627
CC(=O)C(OO)CC(=O)C(ON(=O)(=O))CC(OO),-8.735726946218165,-7.8967752
C(=O)(OO)C(=O)C(O)C(OO)C(=O),-8.031493199056058,-5.807453
C(=O)(OON(=O)(=O))C(OO)C(ON(=O)(=O))(C1(O)(O))OOC1(C)C(=O),-7.1888906016592955,-8.464068
C(O)CCC(=O)CCC(ON(=O)(=O)),-5.805080705036744,-4.439555
C(=O)(O)C(O)(C(=O)(OO))C(O)(C1(O)(N(=O)(=O)))OOC1C(=O),-9.708522741202614,-9.398984
C(=O)C(=O)C(=O)C(=O)C(O)C(ON(=O)(=O))C(=O),-3.766318654335919,-5.716345
C(=O)(OON(=O)(=O))C(=O)OC(=O)C(ON(=O)(=O))(C)C(OO)C(=O),-4.202514992559372,-4.864346
CC(O)(C(=O)(OON(=O)(=O)))C(OO)(C1(=O))OOC1C(=O)(OON(=O)(=O)),-6.7090217717832275,-4.4421296
CC(=O)C1OOC(O)(C1(=O))C(N(=O)(=O))(OO)C(=O)(O),-7.247491541709678,-10.758808
C(O)C(OO)=CC(OO)OC(=O),-8.253607194284996,-8.183058
C(=O)(O)C(=O)OOC(C(=O)C(=O)(OON(=O)(=O)))C(O)C(=O),-5.217607845906969,-8.224796
C(=O)(O)C(ON(=O)(=O))C(O)(O)C(=O)C(ON(=O)(=O))C(=O)(OO),-7.937130154368788,-10.327684
C(=O)(OON(=O)(=O))C(O)C(=O)C(=O)C(=O),-3.5239223586249864,-1.4170281
C(=O)(O)C(=O)OC(=O)C(ON(=O)(=O))(C(=O)(O))C(OO),-7.473640525342489,-8.848178
C1(OO)OC1(C(=O)(O))CC(=O)(O),-7.038093551353086,-8.68728
C1(ON(=O)(=O))C=CC(=O)OOC1(C(=O)(O))C(OO),-8.916258115274104,-8.005568
CC(=O)CC(ON(=O)(=O))CC(=O)CC(=O)C(O),-6.423935922174678,-8.363284
CC(O)(C)C(C(ON(=O)(=O))(C)C(=O)(OO))CC(=O)(OON(=O)(=O)),-7.011498291071803,-5.695106
C1(=O)C(ON(=O)(=O))(C)OOC1(O)C(OO)C(=O)(O),-6.573252700338344,-8.170896
C(O)C(=O)C(=O)OC(=O)C(O)(N(=O)(=O)),-6.3336192887036304,-4.230307
C(=O)C(O)(OO)C(ON(=O)(=O))C(OO)OC(=O),-7.206379596605984,-6.699197
CCCCC(OO)CC(ON(=O)(=O)),-3.6953915791000327,-2.9710224
C(=O)(OON(=O)(=O))C(O)C1(OO)OC1(O)C(=O),-6.492459423474429,-4.391745
C1(O)(OO)C(ON(=O)(=O))OOC1(C)C(=O)(OON(=O)(=O)),-6.181836260521777,-5.8400407
CC(O)(C)C(C(=O)(O))C(O)C(=O)(OON(=O)(=O)),-5.596100267857764,-6.8987174
C(=O)(OO)C1CC(OO)C1(C)C(=O),-8.677672891884868,-6.90682
C(=O)(O)C=C(C(=O)(OON(=O)(=O)))C1(N(=O)(=O))OC1(O)C(=O),-7.132476087685063,-4.3329515
CC1(C(=O)(O))OC1C(OO)C(O)C(=O)(O),-9.20379107249937,-11.497085
C(OO)C(=O)C(=O)OOC(ON(=O)(=O))(C(=O)(O))C(=O),-6.727939140155286,-6.2846365
C1(O)C(OO)OOC1(ON(=O)(=O))C(=O)C(=O)(OON(=O)(=O)),-5.489019541282687,-5.0273876
C(=O)(O)C(=O)OOC(OO)(C(=O)(OON(=O)(=O)))C(ON(=O)(=O))(C)C(=O),-5.853243539631876,-7.607834
C(=O)C(=O)OC(OO)C(ON(=O)(=O))(C)C(O)(OO)C(=O),-7.170695605926085,-6.286062
C(=O)(O)COOC(=O)C(ON(=O)(=O))C(=O)C(OO),-6.748373841050125,-8.105868
CC(=O)CC(ON(=O)(=O))C(=O)CC(OO)C(=O)C(ON(=O)(=O))C,-7.8228478939845445,-8.429661
C(=O)(O)C(N(=O)(=O))(OO)OC(=O)C(O)(C(ON(=O)(=O)))C(=O),-6.727750226911667,-7.322332
C(=O)(O)C(OO)(C(=O)(O))C1OOC(C1(=O))C(=O),-8.808561494939568,-10.708161
C(=O)(O)C(=O)C1OC1C(=O)C(OO),-7.4487203496464645,-8.261587
C(=O)(OON(=O)(=O))C(=O)OC(=O)C(OO)(C)C(O)C(=O),-6.511490080723888,-6.216569
CC(=O)C(O)C(OO)C1(OO)CC(OO)C1(C)C,-8.24778120566043,-10.497746
C(O)C(=O)C(OO)OC(=O)C(=O)C(N(=O)(=O))C(=O)(OON(=O)(=O)),-6.644106290947093,-6.227631
C(=O)(O)C(O)(O)C(=O)C(C)=CC(=O)(O),-8.375149547069668,-13.679635
CC(=O)C(ON(=O)(=O))CC(=O)CC(O)C(ON(=O)(=O))(C)C,-6.730249745162837,-7.321218
C(=O)(OO)C(ON(=O)(=O))C(=O)C(O)(O)C(OO)OC(=O),-8.596708868100905,-12.200183
C(=O)(OO)C1OC1(C(=O)(OO))C(=O)C(O)C(=O),-7.985302141050852,-12.552439
C(=O)(O)C(OO)OC(=O)C(O)C(ON(=O)(=O))(C)C(=O),-7.614200698217246,-8.591219
C1(O)C(=O)OOC1(O)C(=O)C(O)C(=O)(OO),-9.010791844821142,-9.824028
CC(O)(C(=O)(OON(=O)(=O)))C(=O)CC(C(=O))C(ON(=O)(=O))(C)C,-5.8885802821050675,-5.454734
C(=O)(O)C1(C(=O)(O))OOC(C1(O))C(ON(=O)(=O))C(=O)(OO),-8.853644492671265,-12.961984
C(ON(=O)(=O))C12OOC(C2(O)(OO))C(=O)C(O)C1(=O),-8.01089136338851,-8.828804
C1(O)C(N(=O)(=O))(C(=O)(O))OOC1C(ON(=O)(=O))C(=O),-6.836087985386257,-7.5131493
C1(O)C(=O)OOC1(N(=O)(=O))C(=O)CC(=O)(OO),-7.054520527897694,-6.6439033
C(=O)(O)C(=O)OOC(C(O))(C(=O)(O))C(ON(=O)(=O))C(=O),-7.5562492669632775,-10.825715
C(=O)(O)C1OOC(O)(C1(O))C(ON(=O)(=O))C(=O)C(=O),-8.475554850936533,-9.235761
C(=O)(OON(=O)(=O))C12C(OO)=CC(ON(=O)(=O))C(C1(O))OO2,-6.480935855816824,-7.054329
CC(=O)C(OO)C(=O)CC(=O)CC(OO),-8.7927653991228,-8.675089
C(=O)(OO)C(=O)C(C(=O)(O))C(=O),-6.181443192263032,-5.6750555
C(N(=O)(=O))(ON(=O)(=O))C(C(=O)(OO))OOC(=O),-3.742996341730759,-4.4357395
C(O)C(=O)C1OC1C(O)(OO)C(=O),-8.815237399732723,-10.043193
C(=O)(O)C(=O)C(=O)C(O)(C)C(O)(OO)C(=O),-8.549016973342077,-11.178133
CCCC(ON(=O)(=O))C(OO)CC(=O)CC(=O)C,-6.132489858470763,-5.6318808
CC(C(=O)(O))C1OC1(OO)C(=O)(O),-6.964731270754783,-7.7504153
C(=O)(OO)C(ON(=O)(=O))C(OO)C(OO)(C)OC(=O),-7.064300888601792,-8.0396385
CC(OO)C(OO)CCC(O),-8.339638286589434,-6.9140105
CC(C)(C(=O)(O))C(OO)(C(ON(=O)(=O)))C(=O)(OON(=O)(=O)),-6.462229501569709,-5.8785443
C(=O)(O)C(OO)C(C1(=O))OOC1C(=O)C(=O)(O),-8.624404004442113,-10.511241
C2(=O)C1(O)OOC2(C(ON(=O)(=O)))C(=O)C(=O)C1,-5.366468597967469,-4.549387
C(=O)(OO)C(O)(O)C1(N(=O)(=O))OC1C(O)(C(O))C(=O),-12.44768024636869,-10.105571
C1(OO)OC1CC(=O)(O),-5.379180498508504,-4.917804
C1(=O)C(ON(=O)(=O))C(O)(C)C(=O)OOC1(N(=O)(=O))C(=O)(OO),-6.231527324021954,-6.1374154
C(=O)(O)C(O)C(=O)C(=O)C(O)(OO)C(=O)(OON(=O)(=O)),-5.7470861061901815,-7.353785
CC(=O)C(C(=O))C(C)(C(ON(=O)(=O)))C(OO)C(ON(=O)(=O))C(=O),-6.052711381249537,-8.369059
CC(=O)C1C(ON(=O)(=O))C(C1(OO)C)C(ON(=O)(=O))C(=O),-5.661808829379879,-7.1319513
CC(=O)C(OO)C(O)C1(N(=O)(=O))OC1(O)C(=O)(O),-9.622090815159027,-10.800927
C1(N(=O)(=O))C(=O)OOC(C)(C(=O)(OO))C(ON(=O)(=O))C1(=O),-4.862772258953555,-6.9167857
CC(=O)C(ON(=O)(=O))(C(=O)(O))C(C)(C)C(=O)C(OO),-7.11486559043351,-8.19492
C(O)C(ON(=O)(=O))C(=O)C(=O)C(O)C(=O)OC(=O),-6.668011579769882,-5.849428
C(=O)(O)C(C(=O)(OON(=O)(=O)))OOC(OO)C(O)C(=O),-6.353513379986907,-8.177706
C1(=O)C(=O)OOC1C(N(=O)(=O))(OO),-4.350685956933376,-3.596836
CC(=O)C1CC(OO)(C(=O)(O))C1(C)C,-7.65431113593786,-7.5865045
C(=O)C(=O)C(=O)C(O)(C1(O))OOC1C(=O),-7.084864605067196,-5.029921
C(=O)(OON(=O)(=O))C(OO)C(C)(C(ON(=O)(=O)))C(OO)C(=O),-6.125359788032256,-6.6321354
C12OOC(C2(O))C=CC1(ON(=O)(=O))C(OO),-6.709254029128715,-6.465374
C1(O)(O)C(O)(C(OO))OOC1C(=O),-9.8802363153427,-12.183488
C1(O)(N(=O)(=O))C(=O)OOC1(O)C=C(C)C(=O)(O),-7.218367411382133,-7.8378754
C(=O)(O)C(=O)C(=O)C(ON(=O)(=O))C(=O)OC(=O),-4.67738810654555,-4.36849
C(=O)(O)C(O)(N(=O)(=O))C1(O)OOC(OO)(C(=O))C1(O)C,-8.836029815773145,-12.551808
C(=O)(N(=O)(=O))C1(O)OC1(OO)C(C(=O)(OO))=CC(=O),-8.575508694431846,-7.226212
C(OO)C(=O)C(C)(C(O))C(=O)C(=O),-7.003015032209078,-6.423523
C(ON(=O)(=O))C(O)(C(=O)(OO))C(OO)(C(=O))C(=O)C,-7.381637582969233,-7.54542
C(=O)(O)C(C(=O)(O))C(C)(C(ON(=O)(=O)))C(=O),-7.338214047654219,-7.8974624
C(=O)C(=O)C(C(=O)(O))OOC(ON(=O)(=O))(C(=O))C(=O),-4.212177782681465,-5.57043
C(OO)C1(C(=O))OC1(OO)C(=O)C(=O),-7.693973498518972,-6.6052427
CC(=O)CCCCC(=O)CC(ON(=O)(=O))C(OO),-6.7467970805282675,-7.86878
CC(OO)(C)C(ON(=O)(=O))(C(=O)C(O))CC(=O)(O),-8.819434273838851,-7.077253
C1(O)C(=O)OOC1(C(ON(=O)(=O)))C(OO)C(=O)(OO),-7.720269856730738,-9.571951
C(=O)(O)C(O)C(=O)C(C)C(=O)(OON(=O)(=O)),-5.681418492264129,-5.117052
CC(C(=O))C(C)(C(=O)(OO))C(OO)C(=O),-7.167403295921758,-5.8028154
CC(ON(=O)(=O))(C)C(OO)CC(=O)C(C)C(=O),-6.41702924495803,-5.6985273
C12OC1(C(O))C(=O)C(OO)C(=O)C2(O)(O),-8.562161954630938,-7.935003
C(=O)(OO)C=C(C(OO))C1OC1(ON(=O)(=O))C(=O),-7.408209917584827,-4.467086
C1(O)(O)C(=O)OOC1(N(=O)(=O))C(O)C(ON(=O)(=O))(C)C(=O)(O),-7.908315887923891,-9.076078
CC(ON(=O)(=O))(C(=O)(O))OC(=O)(O),-6.228117197244501,-5.4498534
C(=O)(O)C(O)C(O)(C(=O)(O))OOC(=O),-8.914316766909906,-10.261237
C(=O)(N(=O)(=O))C1(O)OC1(O)C(ON(=O)(=O))C(O)C(=O)(O),-8.105471818053047,-8.79589
C1(O)C(=O)OOC1C(O)(C)C(ON(=O)(=O))C(=O)(OO),-8.343643990940109,-8.999527
C(=O)(OO)C(ON(=O)(=O))C(=O)C(=O)C(ON(=O)(=O))(C(OO))C(=O),-6.480783705719659,-5.832033
CC(=O)CC(=O)C(ON(=O)(=O))C(=O)CCC(ON(=O)(=O))C,-5.632048894573927,-5.1857443
C1(OO)OC1C(OO)C(O)(C)C(=O),-7.819724584658616,-7.4391847
C(O)C(=O)C(=O)C(OO),-6.606542240991985,-5.529558
C(=O)(O)C1(O)OC1C(OO)(C(OO))C(O)C(=O),-10.285934352736149,-12.483213
C(=O)C(O)C(OO)C(OO)(C)OC(=O)C(=O),-7.851637225963714,-8.845997
C12(O)OC1C(OO)C(=O)C(=O)C2(=O),-5.681489047658033,-5.2637167
CC(=O)C(OO)CC(=O)CCC(ON(=O)(=O))C(OO)C,-8.768412862556943,-9.4154215
C(=O)(O)C12OOC(O)(C1(O))C(ON(=O)(=O))C(O)C2(ON(=O)(=O)),-8.224328937480095,-10.266605
CC(OO)(C(=O))OC(=O)C(N(=O)(=O))(ON(=O)(=O))C(=O),-4.213215513556861,-3.992658
C1(O)(O)C2(OO)OOC1C(OO)=CC2(ON(=O)(=O)),-9.330132232342294,-7.8053102
C2(O)C(ON(=O)(=O))C(=O)C(O)(C1(O))OOC12C(=O)(OO),-9.858322856546692,-10.961529
C1(O)C(=O)OOC1(C(=O))C(O)C(=O),-8.379902589440462,-6.651714
CC(=O)C(=O)C(OO)C(ON(=O)(=O))(C)C(ON(=O)(=O))(C)C(OO),-6.745145508129099,-6.5267835
C(=O)C(OO)C(ON(=O)(=O))(C(O))C(=O)C(=O),-6.141537352641535,-5.4129143
C(=O)(O)C(ON(=O)(=O))(C(=O))OOC(OO)C(O)C(=O),-7.186247983483554,-9.490015
C(=O)(O)C(=O)OOC(C(=O)C)C(=O)C(=O)(OON(=O)(=O)),-3.7906529877927824,-5.6570168
C(=O)C1OOC(O)(C1(O)(N(=O)(=O)))C(=O)C,-5.899323907910002,-4.9969196
C(=O)(O)CC1(C(OO))OC1(OO)C(=O),-7.693973498518972,-8.531009
C1(=O)C=CC(C(=O)(O))OOC1(OO)C(=O)(O),-8.298401253292468,-11.159608
CC(O)(C(=O)(O))C(C(=O)(OON(=O)(=O)))C(C(O))(C)C(=O),-7.660884389392777,-9.096132
CC(ON(=O)(=O))(C)C(C(O)(C)C(=O))C(=O)C(=O),-4.6816900520716445,-5.361678
C(O)C(=O)C(O)C(N(=O)(=O))(C1(O)(OO))OOC1C(=O)(OO),-10.301832953040503,-11.5875025
CC(O)CC(ON(=O)(=O))C(OO)CC(OO)CCC,-7.803269032508069,-8.776544
C(OO)C(=O)C1CC(C1(C)C)C(ON(=O)(=O))C(=O)(OO),-9.069060240150975,-9.338015
C(=O)(N(=O)(=O))C1(OO)OC1(O)C=CC(=O)(OON(=O)(=O)),-7.2808823556115385,-4.7879796
C1(O)C(ON(=O)(=O))OOC1(C(OO))C(O)C(=O),-7.761585956654017,-8.303155
CC(ON(=O)(=O))C(C)(C)C(OO)(C(=O)(OON(=O)(=O)))C(=O)C,-4.952426266060684,-3.7898211
CC(=O)C(=O)C(ON(=O)(=O))C(O),-4.361537811129892,-2.2742517
C(=O)CC(=O)C(O)(C(ON(=O)(=O)))C(=O)C(=O),-5.310782986750382,-6.149484
CCC(=O)C(ON(=O)(=O))CC(=O)C(OO)CCC,-6.132489858470763,-5.7086825
C(O)C(OO)C(ON(=O)(=O))(C)C(C(=O)(OO))C(=O)C,-8.197811021209418,-7.2166386
C(=O)(OO)C(ON(=O)(=O))OOC(=O)C(=O)C(O)C(=O),-6.7136542149510205,-7.5952115
CC(=O)C(C(ON(=O)(=O))(C)C(O))C(ON(=O)(=O))C(=O)C(O),-7.1585698714225146,-8.40616
C(=O)(O)C(=O)C(ON(=O)(=O))(C(O))C1OC1(=O),-6.796947169495979,-5.706388
C2(OO)C=CC(OO)(C1(O)C(=O)(OON(=O)(=O)))OOC12(O),-7.285290530483508,-8.103028
C1(=O)C(=O)C(OO)C(O)(C)C(OO)C1,-8.396228057104963,-8.815095
CC(=O)C(C(OO)C(=O)(O))OOC(=O),-7.9108351619725,-6.931164
C(=O)(OO)C1(OO)OC1(C(=O))C(=O)C(O),-7.4960923128383,-8.146661
C(=O)(OON(=O)(=O))C(OO)CC(C(=O))C(ON(=O)(=O))(C)C,-5.511189892769835,-5.8065042
CC(C(=O)(O))C(=O)CC(C(ON(=O)(=O)))C(ON(=O)(=O))(C)C,-6.172894317158352,-7.4236326
C2(O)(OO)C1OOC2(C(=O)(OO))C=CC1(=O),-7.513887418725062,-9.252118
C(=O)(O)C(OO)C(ON(=O)(=O))C(=O)OC(=O)C(=O),-7.828214491144536,-6.788247
C(=O)(O)C(ON(=O)(=O))C(O)(C)C(=O)CC(=O)(OO),-8.053351990709416,-9.264258
C(=O)(O)C(=O)C(=O)OC(OO)(C)C(=O),-6.0939621097768395,-5.544193
CC(ON(=O)(=O))CC(ON(=O)(=O))CCC(=O)C(OO),-7.179320815756,-6.6193957
C(=O)C1(O)OC1(N(=O)(=O))C(O)(C(=O)(O))C(OO)C(=O),-11.07787296083734,-10.291091
C1(=O)C(ON(=O)(=O))(C(O))OOC1C(=O)C(=O)(O),-5.586130406389202,-7.7217007
C(=O)(OO)C=C(OO)C(C(=O)(O))OOC(=O),-8.044099908318458,-11.750402
C(=O)(OO)C(ON(=O)(=O))(C(=O))C(O)C(=O)OC(=O)C(=O),-6.854444707474613,-5.295721
C(=O)(N(=O)(=O))C1(O)OC1(C)C(O)C(ON(=O)(=O))C(=O)(OO),-7.673913137303316,-8.004625
CC(OO)(C)C1(ON(=O)(=O))CC(=O)C(O)(C(OO))C(=O)C1,-8.647461844488134,-8.138544
C1(O)(O)C(C(=O)(O))OOC1(C(ON(=O)(=O)))C(O)C(=O),-8.665326589931283,-14.489736
C(=O)(N(=O)(=O))C1(OO)OC1C(O)C(=O)C(=O)(O),-7.564042543750475,-7.554644
C(OO)C(=O)C(N(=O)(=O))(OO)OC(=O)C(=O)(OO),-6.920070398808093,-7.4991155
C(ON(=O)(=O))C(OO)CCC(=O)CCC(=O)(OON(=O)(=O)),-6.8104770139425455,-7.056112
C1(ON(=O)(=O))OC1C(OO)=C(C)C(=O)(O),-5.526546612758466,-5.0171566
C(ON(=O)(=O))C(=O)C(O)(C(=O)(O))OOC(=O)C(=O)C(=O),-6.586811806564583,-7.6361837
C(=O)(O)C(=O)OOC(N(=O)(=O))(C(=O)(OO))C(=O)C(=O),-6.060254164303842,-6.4825153
C(=O)(O)C1OOC(ON(=O)(=O))C1(O)C(=O),-7.269245027704528,-5.936171
C(=O)(O)C1(C(ON(=O)(=O)))OC1CC(=O)(OON(=O)(=O)),-5.656132345865444,-5.7617087
CC(OO)(C(=O)(OO))C1OC1(O)C(=O)(OO),-8.818019083759282,-10.665918
CC(=O)C(=O)C(OO)C(C(O))C(O)(C)C(ON(=O)(=O)),-7.92021207871494,-9.32867
C(=O)C1(OO)OC1(C(=O)(OON(=O)(=O)))C(O)C(=O),-5.794818364051025,-5.4034224
C(=O)(N(=O)(=O))C(=O)C1(C)OOC(OO)(C1(=O))C(=O),-4.668205763264268,-3.5102026
C(=O)(O)C(O)(N(=O)(=O))C(O)C(OO)OC(=O),-7.821559005577001,-10.020155
C(=O)(OON(=O)(=O))C(=O)C1OOC(C(=O)(OON(=O)(=O)))C1(O)C,-4.594730458945378,-3.6853385
CC1(C)C(OO)C(ON(=O)(=O))C1C(OO)C(=O),-6.456681279357326,-6.3411465
CC(=O)C(ON(=O)(=O))C(O)(C1(O)(O))OOC1C(=O),-7.406038868762153,-10.003597
C(=O)(O)C(=O)C1OOC(O)(C1(O))C(=O)(OON(=O)(=O)),-5.494385167194196,-6.510276
C(=O)(OO)C(O)(OO)C(ON(=O)(=O))C1(O)OC1C(=O),-9.203395346652542,-10.232566
C1(=O)OC1C(=O)CC(=O),-2.227062510810356,-2.3015516
C(=O)CC(ON(=O)(=O))C(OO)(C)C(ON(=O)(=O))C(=O),-6.211394068181107,-6.400522
C(=O)(O)C(=O)C(ON(=O)(=O))(C)OOC(=O)C(=O),-4.481981206345154,-4.2831125
CC(=O)C(=O)CC(=O)CC(OO)CC(ON(=O)(=O))C,-7.315708026190805,-7.2178683
CC(=O)COOC(=O)C(ON(=O)(=O))C(=O)(O),-5.2481855380810885,-6.7059374
C(=O)(O)C1OC1C(ON(=O)(=O))(C(=O)(OO))C(O)C(=O)(OON(=O)(=O)),-6.62355461649895,-6.836775
C(ON(=O)(=O))C1(C(=O)(OO))OC1C(O)C(=O)(OON(=O)(=O)),-6.112207790758475,-6.654122
C(=O)(OON(=O)(=O))C(=O)C(C(OO))OOC(=O),-3.883728035438253,-4.8438716
C(=O)(O)C1OC1(C)C(=O)C(N(=O)(=O))C(=O),-6.116632814124387,-5.4089475
C1(=O)C(O)(C(=O)(N(=O)(=O)))OOC1(C)C(=O)(OO),-7.029858528212571,-3.405006
C(=O)(O)C(=O)C(O)(O)C(OO)(C(=O)(OON(=O)(=O)))C(ON(=O)(=O))C(=O),-7.331871212631086,-10.693213
C(=O)(OON(=O)(=O))C1OOC(OO)(C1(O)C)C(ON(=O)(=O))C(=O),-6.7090217717832275,-6.7324524
C(ON(=O)(=O))C(=O)C(C(OO))OOC(=O)C(=O),-5.660797105098027,-6.195194
C1(=O)CC(OO)CC(OO)C1(OO)C(ON(=O)(=O)),-8.086140236449864,-8.982493
C(=O)(O)C(OO)C(=O)C(O)(C)C(ON(=O)(=O)),-6.716770375059241,-7.2475142
CC(OO)(C)C(C(O)(C)C(=O)(OON(=O)(=O)))CC(=O),-7.451333618892022,-6.6081195
C(=O)(N(=O)(=O))C1(OO)OC1(C(ON(=O)(=O)))C=CC(=O)(O),-8.046928180430768,-7.251761
C(=O)(OO)C1(O)C(OO)(C(ON(=O)(=O)))OOC1C(=O)(OON(=O)(=O)),-7.011076115962169,-6.1504436
C1(=O)OC1(C)C(O)C(=O)(OO),-7.334412201658779,-4.6401258
C(=O)(O)C(C(=O))=CC(=O),-5.097321444405679,-3.8015256
C2(OO)C=CC(C1(=O))OOC12C(=O)(OON(=O)(=O)),-4.573948784571257,-4.046833
CC(OO)(C(=O)(OO))C(=O)C(=O)OC(=O),-7.2478604485004325,-5.0987644
C1(OO)OC1(O)C(ON(=O)(=O))C(O)C(=O)(O),-9.203395346652542,-8.128212
C(=O)(O)C(=O)C(ON(=O)(=O))(C(O))OOC(=O)C(=O),-6.340299741979834,-5.9828587
C2(=O)CC(=O)C(ON(=O)(=O))(C1(=O))OOC12C(OO),-4.434653553118551,-3.908882
CC(=O)C(O)CC(C(ON(=O)(=O))(C)C)CC(=O),-6.322471106342164,-6.364084
CCCCC(=O)C(ON(=O)(=O))CC(=O)(O),-5.4422481997498835,-4.965566
C(=O)(O)C1OC1C(C(O))=CC(=O)(O),-7.984418474321501,-8.470828
C(=O)(O)CC(=O)CC(C(ON(=O)(=O))(C)C)C(=O)C(ON(=O)(=O)),-7.293437359317068,-8.732756
CC(O)CCC(OO)C(OO)=C,-5.919993099773819,-7.008985
C1(O)C(C(=O)(O))OOC1C(O)(C)C(=O)(OO),-8.42592778490507,-9.354735
C(OO)C(=O)C(=O)C(=O)OC(OO)C(=O)(OON(=O)(=O)),-5.611423419648418,-5.568458
C1(O)C(C(=O)(O))OOC1C(ON(=O)(=O))C(=O)C(=O)(O),-8.018316220370252,-11.02866
C(=O)(O)C(ON(=O)(=O))C(OO)(C)C(=O)CC(=O)(OO),-7.9511861372975545,-8.6178255
C(=O)(O)C(O)C(OO)(C)C(C(=O))C(C)(C)C(=O),-9.407671380860847,-11.428876
CC(=O)C(ON(=O)(=O))C(C)(C)C(C(=O)(OON(=O)(=O)))C(OO)C(=O)(O),-6.59088932000941,-8.560784
C(=O)(O)C1C(ON(=O)(=O))C(OO)C1(C)C(OO),-7.330621272826647,-8.464836
C(OO)C(=O)C(=O)C(O)(C)C(ON(=O)(=O))C(=O)(OO),-7.474453604347218,-8.132342
CC(=O)C(=O)OC(=O)C(O)(N(=O)(=O))C(=O)(O),-6.605572642165498,-6.301261
C(=O)C1OC1C(C(=O))C(=O),-2.2060084268614446,-3.3022358
C(ON(=O)(=O))C(ON(=O)(=O))C(C)(C(=O))C(C(=O))C(=O)C(O),-5.250134115772198,-7.3184395
C(O)CC(O)C(ON(=O)(=O)),-6.189272302270183,-4.4097004
C1(=O)C(=O)OOC(C(OO)C1(N(=O)(=O)))C(=O)C,-5.254605772110153,-6.583237
C1(OO)OC1(C)C(ON(=O)(=O))C(O)C(=O)(O),-7.815159759027665,-7.2775717
C(=O)C(O)C1(O)OOC(O)(C(=O))C1(O)C(=O),-9.396373539555498,-5.238212
C(=O)(O)C(O)C(ON(=O)(=O))(C)C1(N(=O)(=O))OC1(O)C(=O),-7.2091157253453275,-4.3308573
C(=O)(O)C(O)C(OO)C1OC1(OO)C(=O)(OON(=O)(=O)),-7.739405548367358,-7.976086
CC(=O)C(OO)(C(ON(=O)(=O))(C)C(ON(=O)(=O)))CC(=O)C(=O)(OO),-8.697628588301995,-9.717985
C1(O)C(=O)C(ON(=O)(=O))OOC(=O)C1(ON(=O)(=O))C,-5.01054468039365,-6.0198503
C(O)C(=O)C(OO)(C(ON(=O)(=O))C(=O)(O))OOC(=O),-7.120548034621606,-7.9423833
CCCC(ON(=O)(=O))CC(=O)C(=O),-3.4475462352438626,-1.8631526
C(=O)(OO)C(=O)OC(OO)C(=O)(OON(=O)(=O)),-5.265542242834272,-4.9958854
CC(OO)(C(=O)(OON(=O)(=O)))OC(=O)C(=O)(OON(=O)(=O)),-4.273263563,-2.6015391
C(O)C(ON(=O)(=O))(C(=O))C(O)(C1(O)(N(=O)(=O)))OOC1C(=O),-9.471914406776705,-8.916444
CC12OOC(C1(=O))C(=O)C(OO)C2(=O),-4.525814581469604,-3.3280823
C1(O)(O)C(ON(=O)(=O))OOC1(C(=O)(O))C(ON(=O)(=O))C(=O),-8.092396715268478,-9.911674
C(O)C(=O)C(=O)CC(ON(=O)(=O))(C(OO)(C)C)CC(=O)(OO),-8.53560667925467,-10.219258
C(=O)(O)C(=O)C(=O)CC(OO)OC(=O)C(=O),-7.215858867224597,-6.46194
CC(=O)OOC(OO)C(N(=O)(=O))(ON(=O)(=O))C(=O)(OO),-6.393342595330978,-5.300524
C1(=O)C(ON(=O)(=O))(C)OOC1(ON(=O)(=O))C(O)C(=O)(O),-6.221275245266952,-5.6295033
C1(O)COOC1(N(=O)(=O))C(=O)C(=O)C,-4.16075787277623,-3.5838223
CCC(OO)CC(=O)CC(ON(=O)(=O))C(OO)CC,-8.603999883422148,-7.6111975
C1(O)(O)C(C(=O))OOC1C(O)C(=O)C(=O),-7.762659071975577,-8.132235
C(=O)(OO)C(=O)C(ON(=O)(=O))(C)C1OC1C(=O)(OO),-7.493213524852763,-7.0588574
CC1(C(=O))OOC(OO)(C1(O))C(ON(=O)(=O))C(=O),-8.343643990940109,-6.507422
CC(ON(=O)(=O))CCCCCCC(=O)(OO),-6.247592769161201,-7.1581798
C(O)C(=O)OC(=O)C(=O)C(ON(=O)(=O))C(=O)(O),-6.668011579769882,-6.840456
C(O)C(OO)(C(ON(=O)(=O)))C(C(=O)(OO))CC(=O),-8.618559987909975,-9.166753
C(=O)(OO)C(=O)OC(N(=O)(=O))(OO)C(C)=CC(=O),-8.322017383910861,-9.264888
C(=O)(O)C(O)C(OO)(C)C1OC1(ON(=O)(=O))C(=O),-8.476372031884239,-7.8133807
CC(O)(C(OO))C(=O)CC(=O)CC(ON(=O)(=O))C(=O)(OON(=O)(=O)),-6.866490105679077,-8.090198
C(=O)(O)C(O)(N(=O)(=O))C(=O)C(OO)(C)OC(=O)C(=O)(OON(=O)(=O)),-6.585055469882718,-7.4252152
C1(OO)OC1C(OO)C(O)(C(=O))C(=O),-8.927666032985144,-8.366975
C(=O)(OO)C(ON(=O)(=O))C(C(ON(=O)(=O)))(C(=O))OOC(=O),-4.982259091038941,-4.5707808
C(=O)(O)C(OO)(C(ON(=O)(=O)))OC(=O)C(N(=O)(=O))C(=O)C(=O),-7.363890919943515,-7.151402
C(OO)C(ON(=O)(=O))(C(=O)(OON(=O)(=O)))C(O)C(O)OC(=O),-6.8604441924799175,-7.1661844
CC(=O)C(ON(=O)(=O))(C1(C)C)CC1(O)CC(=O),-5.471712919124911,-5.842452
C(=O)(O)C(O)C(OO)C(=O)(O),-8.675189051104098,-9.034449
CC(OO)CC(=O)CCC(ON(=O)(=O))C(=O),-6.9029977719965245,-5.8961573
C(=O)(N(=O)(=O))C(=O)OC(=O)C,-1.2600748262502748,-1.3042908
C(=O)(O)C(ON(=O)(=O))C(O)(C1(O))OOC1(C)C(=O)(OO),-9.085444620367525,-5.8144135
C(=O)(O)CC(ON(=O)(=O))C(C)(C(ON(=O)(=O)))C(C(=O))C(=O)C,-7.238453292290615,-7.9311895
CCC(O)CC(ON(=O)(=O))C(=O)C(OO),-6.420751086699056,-6.485706
C(O)C(ON(=O)(=O))C(C)(C(OO))C(=O)C(=O)(OO),-8.25789629737028,-9.234351
C(=O)(OO)C1OOC(ON(=O)(=O))(C1(=O))C(ON(=O)(=O))(C(OO))C(=O),-6.594335019742175,-6.9444947
CC1(C)OOC(C(=O)C)CC1(ON(=O)(=O))C(OO)C(=O)(OO),-7.801878774079341,-9.207883
C(=O)(OO)C(OO)C(O)(C(ON(=O)(=O)))C(ON(=O)(=O))OC(=O),-7.070644456192895,-6.98815
C1(=O)C(OO)OOC1C(OO)(C(ON(=O)(=O)))C(=O),-7.390186207420811,-6.553905
C1(=O)C(=O)OOC1(C)C(OO)C(=O)C(=O)(O),-7.106442523945589,-7.349523
C1(OO)OC1C(=O)C(=O)C(=O)C(=O)C(O),-6.971204748646414,-6.1970167
C1(O)C(ON(=O)(=O))C(=O)C2(C(ON(=O)(=O)))OOC1C2(=O),-5.609857252538859,-4.704875
CC(=O)C(OO)C(C)(C)C(C(=O)(OO))CC(=O),-8.484689587381581,-9.390871
C1(O)(O)C(N(=O)(=O))(OO)OC(=O)C(=O)CC1(=O),-8.393346075816225,-9.352919
CC(OO)(C)C(C)CC(=O)C(=O),-4.5121828756655304,-4.0418973
C(O)C(C(=O)(OO))=C(=O),-7.481711844338861,-3.8815951
CC(ON(=O)(=O))C(OO)CC(=O)CC(=O)CCC(=O)(OO),-9.405426786561293,-8.500719
C(=O)(N(=O)(=O))C(=O)OC(O)C=C(C(ON(=O)(=O)))C(=O)(OO),-6.991758019199551,-7.903326
CC(=O)C(C(=O)C(OO))CC(ON(=O)(=O))C(OO),-7.28711181163726,-8.335223
CC(ON(=O)(=O))(C(=O)(OO))C(OO)C(C)(C)CC(=O),-7.124988815167853,-6.1844525
C1(=O)C(=O)OOC1C(=O)C(=O)C(O),-5.295183214931967,-3.5293484
C(=O)(O)C(OO)C(ON(=O)(=O))C1(C)OC1C(=O)(OO),-8.567021870594544,-9.717757
C2(O)C(ON(=O)(=O))C(=O)C(C1(O)C(OO))OOC12,-8.05834038696048,-8.340828
C(OO)C(=O)C(=O)C(O)(C(O))C(=O)OC(=O),-8.436960772436578,-6.305254
C(=O)(O)C(OO)C(O)C1OC1(C(=O)(OO))C(=O),-9.574490420238362,-12.562263
CC(=O)C(ON(=O)(=O))C(=O)C(C(=O)(OON(=O)(=O)))C(O)(C)C,-5.089214331292169,-4.549675
C(O)C(=O)C(C(=O))CC(=O),-4.572145603146055,-5.295282
CC(O)(C(=O)(OO))C(=O)C(C)(C)C(C(ON(=O)(=O)))C(=O)(OON(=O)(=O)),-6.551801564040943,-5.2574735
CC(OO)CCCC(OO)C(OO),-7.796052071030317,-7.414675
CC(=O)C1C(=O)C(C(ON(=O)(=O))C(=O)(O))C1(C)C(OO),-8.6164634874076,-8.773095
C(=O)(OO)C(=O)C(ON(=O)(=O))(OO)C1(C)OC1C(=O)(OO),-7.21516401003646,-9.416733
C(ON(=O)(=O))CCC(O)CC(=O)CC(=O)(OO),-9.353224661421336,-8.716588
CC(=O)C(ON(=O)(=O))C(=O)C(O)(O)C(OO)C(=O)(O),-8.36764731177027,-13.048564
C(=O)(OON(=O)(=O))C(=O)C(=O)C(O)(O)C(=O)OC(=O),-5.39661236448228,-5.795807
CC(=O)CC(=O)C(ON(=O)(=O))CC(=O)CC(ON(=O)(=O)),-6.109978618826062,-6.8747373
C(=O)(OON(=O)(=O))C(OO)=CC(=O)C(=O)(OON(=O)(=O)),-4.156997396419683,-1.6849327
C(=O)(O)C1(N(=O)(=O))OC1(OO)C=CC(=O)(O),-7.200545564983258,-8.518587
C(=O)(O)C(OO)=CC(OO)OC(=O)C(ON(=O)(=O)),-8.126550449422211,-8.56556
C(=O)C(OO)C(=O)OC(OO)(C(=O))C(=O),-6.794572325610716,-6.383772
C(OO)C(=O)C(ON(=O)(=O))C(=O)C1OC1(ON(=O)(=O))C(=O),-4.758908432866519,-5.475733
C(=O)(N(=O)(=O))C(=O)OC(=O)C(=O)C(O)(C)C(=O),-4.232159505396339,-3.0647578
C1(=O)C(=O)OOC1(OO)C(OO)(C)C(ON(=O)(=O))C(=O)(OON(=O)(=O)),-6.297056534288458,-5.9937024
CC(ON(=O)(=O))(C)OOC(C(=O)C)CC(=O)CC(=O),-4.0429306519981765,-5.0396347
C1(ON(=O)(=O))OC1(OO)C(O)(O)C(=O)C(=O)C,-6.951026457871194,-6.846382
C(=O)(O)C(O)(C(=O)(OO))C1OOC(C1(O))C(=O),-9.740985498232476,-12.005753
CC(=O)C(ON(=O)(=O))CC(OO)C(ON(=O)(=O))(C)C(OO),-9.03927057933197,-7.926697
C(=O)C(O)(O)C(OO)(C)OC(=O)C(=O),-8.025126858088697,-9.01613
C1(OO)OC1C(=O)C(O)(C(OO))C(=O)(OON(=O)(=O)),-6.7432801008963,-6.9720616
C(=O)(OO)C(ON(=O)(=O))(C(=O)(OON(=O)(=O)))OC(=O),-3.7334665000398672,-2.4399738
C(O)C(=O)C(OO)C1OC1(N(=O)(=O))C(=O)(O),-7.168726024330681,-8.453058
C(=O)(O)C1(N(=O)(=O))OC1(OO)C(O)C(=O),-8.145889769131827,-8.536754
C(N(=O)(=O))(OO)C(=O)OC(OO)(C)C(=O)(OO),-6.610540733267044,-5.695767
CC(=O)C(O)C(OO)C1(N(=O)(=O))OC1(O)C(=O)(OON(=O)(=O)),-7.121038949002468,-8.982494
C(=O)(OO)C(N(=O)(=O))(OO)C(ON(=O)(=O))(OO)C1OC1(C)C(=O),-8.003942810815715,-9.769788
CC(=O)C1(O)OOC(ON(=O)(=O))(C1(=O))C(=O),-3.9394912613188353,-4.408794
CC(=O)C(OO)C1(O)OOC(ON(=O)(=O))(C1(O))C(=O)(OON(=O)(=O)),-5.894568077362237,-7.6377125
C(=O)(O)C(OO)C(C)(C(O))C(=O)CC(=O),-8.440127622559885,-9.735715
C(ON(=O)(=O))C1(ON(=O)(=O))OC1C(O)(OO)C(=O)C(O)C(=O),-7.80374814109382,-10.029931
CC(ON(=O)(=O))(C)C(OO)(C(ON(=O)(=O))C(=O)(OO))CC(=O),-7.400770021375138,-8.539403
CC(ON(=O)(=O))CC(O)CC(ON(=O)(=O))C(OO)C(=O)CC,-8.306749298012619,-9.202066
C1(=O)OC1(C(ON(=O)(=O)))C(O)C(ON(=O)(=O))C(=O)(OO),-6.80359802966359,-6.8583093
C(=O)(OON(=O)(=O))C=C(C(=O)(O))C1OC1(O)C(=O),-6.709646134157083,-7.9646664
C(=O)C(=O)C(=O)OOC(ON(=O)(=O))(C(=O)(O))C,-4.481981206345154,-4.4391346
CC(=O)C=CC1OC1(OO)C(=O)(OON(=O)(=O)),-3.980905385878941,-4.255556
C(=O)(OO)C1OC1(N(=O)(=O))C(=O)CC(=O)(OON(=O)(=O)),-5.374264285670506,-4.9341764
C(=O)(OO)C1(N(=O)(=O))OC1(O)C(C(O))C(=O),-9.56035021749085,-10.034074
CC(=O)CC(OO)CCCC(OO),-8.667940271891894,-6.771294
CCC(ON(=O)(=O))CCC(O)C(=O)C(ON(=O)(=O)),-6.284771694432493,-5.984729
CC(ON(=O)(=O))CCCCC(=O)CCC(=O)(OO),-6.247592769161201,-5.739251
C(ON(=O)(=O))C(=O)C(C)C(ON(=O)(=O))CC(=O)(OO),-6.795417469991662,-5.1746926
C1(=O)C(ON(=O)(=O))OOC1(ON(=O)(=O)),-3.668510241954209,-1.00563
CC(=O)CC(ON(=O)(=O))C(ON(=O)(=O))CC,-4.915441987160193,-3.431428
C1(=O)C(N(=O)(=O))(OO)C(O)(C(=O)(OON(=O)(=O)))OOC(=O)C1,-6.727258413551681,-5.6244383
C1(O)C(=O)OOC1(OO)C(ON(=O)(=O))(C)C(=O)(O),-8.343643990940109,-7.94002
CCCC(O)CC(ON(=O)(=O))C(=O)CCC,-5.5156755187317685,-4.4842715
C(=O)(OO)C(=O)C1(O)OC1C(ON(=O)(=O))C(=O),-6.898011816334474,-6.0087132
CC(=O)CC(=O)CCC(O)CCC(O),-8.319859664296928,-7.641794
C(=O)(O)CC(=O)C(OO)OC(=O)C(=O)C(=O)(OON(=O)(=O)),-6.51650842615345,-6.1354995
C(=O)(N(=O)(=O))C(=O)C(OO)(C(OO))OC(=O),-6.732297863767599,-4.964364
C1(OO)OC1C(OO)(C)C(O)(N(=O)(=O))C(=O)(OO),-8.250335100037773,-9.935457
C2(=O)C=CC(O)(C1(O))OOC12C(=O)(OON(=O)(=O)),-5.417144529123107,-6.3245387
C(O)C(ON(=O)(=O))(C(=O)(OO))C(OO)C(O)OC(=O),-7.9637329403794865,-9.524923
C(=O)(OO)C1(O)C(=O)OOC1C=CC(=O)(OO),-9.041569972745492,-9.828701
C12OOC(OO)(C1(O))C(OO)C(OO)C2(O),-10.223638496881904,-9.545165
C(=O)(OO)C1OOC(OO)(C(=O))C1(O)C(=O),-8.808561494939568,-7.172039
CC(=O)CC(=O)CC(ON(=O)(=O))C(O)CC(OO)C,-9.460927975511368,-8.400418
C1(=O)COOC1(C(=O)(O))C(ON(=O)(=O)),-5.1734563781010365,-4.432662
C(=O)(O)C(OO)C(O)C1OC1C(=O)C(=O)(O),-8.295490054440961,-11.875472
C(O)C1(ON(=O)(=O))OC1(OO)C(OO)C(=O),-6.141393873462221,-7.1375604
C(OO)C(=O)C(N(=O)(=O))=C(OO)C(OO)OC(=O)C(=O),-8.008705842468771,-8.880169
C(=O)(OO)C(ON(=O)(=O))C(C)(C(=O)(OON(=O)(=O)))OOC(=O)C(=O),-4.202514992559372,-4.968033
CC(=O)OOC(ON(=O)(=O))(C(=O)(OO))C(ON(=O)(=O))C(=O),-4.755520393680854,-5.2903323
CC(OO)CC(=O)CC(ON(=O)(=O))C(=O)CC(=O)(OO),-8.50146015001883,-8.451642
CC(=O)C1OC1C(ON(=O)(=O))C(O)(OO)C(=O)(OO),-8.936155911495007,-8.180836
C(=O)(O)C(=O)C(ON(=O)(=O))C1(C(OO))OC1C(=O)(O),-8.708279320184374,-9.660507
CC(=O)C(OO)(C1(O))OOC1(O)C(N(=O)(=O))(ON(=O)(=O))C(=O),-7.618632752986741,-6.5120482
C(=O)(O)C1OOC(N(=O)(=O))(C1(O))C(=O)C(=O)(OO),-7.8263584546220955,-9.102164
C(=O)(O)C1OC1(O)C(=O)C(O)C(=O),-6.706674484110408,-3.517529
C(=O)(OO)C1(OO)OC1(C)C(O)C(O)C(=O)(OON(=O)(=O)),-6.808002726947052,-9.388477
C(=O)(OON(=O)(=O))C(O)C(O)(O)C(=O)(OON(=O)(=O)),-6.02701727317617,-3.84471
C(OO)C1(O)C(=O)OOC1(O)C(=O)(OON(=O)(=O)),-8.27412736577935,-5.3578873
C2(=O)C(=O)C(=O)C(C1(O))OOC12C(O),-7.449535009391184,-7.0524383
C12OC1C(=O)C(=O)C(=O)C2C(OO),-4.027879977802513,-7.064362
C1(=O)C(OO)(C(=O)(OON(=O)(=O)))OOC1C(O)(C)C(=O),-6.262956198016582,-5.932437
C(OO)C(=O)C(C)(C)C(C(OO))C(=O)(OO),-9.321807856057603,-8.8126135
CC(=O)C(=O)C(C)(C(OO))C(ON(=O)(=O))CC(=O),-6.479246295507437,-6.185605
C(=O)(O)C(O)C1(C(OO))OC1(ON(=O)(=O)),-8.212919299660825,-6.7108803
CC1(C)C(ON(=O)(=O))(C(=O)(O))C(OO)C1C(=O)C(ON(=O)(=O)),-7.706703902962545,-8.678682
C(=O)(OO)CC(C(O))C(ON(=O)(=O))(C)C(=O),-7.271380239557402,-5.73189
C(=O)(OO)C(ON(=O)(=O))C(OO)(C(=O)(OO))C1OC1C(=O),-8.256588107899006,-8.754887
C(=O)C(ON(=O)(=O))C(=O)C(=O)OC(=O)C,-3.0860583461126225,-2.6031036
CCCC(ON(=O)(=O)),1.3132563321760244,0.24117528
C(=O)(O)C1OC1C(O)(OO)C(OO)C(=O)(OON(=O)(=O)),-7.842574197340582,-10.9161
CC(=O)C(=O)CC(C(OO)(C)C)C(ON(=O)(=O))C(=O),-6.612835350399109,-6.60251
CC(ON(=O)(=O))CC(=O)CCC(O)CCC(ON(=O)(=O)),-7.445126719750988,-7.6634607
CC(=O)C(ON(=O)(=O))CC(ON(=O)(=O))(C)C(=O)C,-4.433027781432429,-4.2048774
CC1(C(OO))C(ON(=O)(=O))(C(=O))CC1C(=O)C,-6.221250523733033,-5.751965
C(=O)C(O)C(=O)C(ON(=O)(=O))(C(=O)(OO))OC(=O),-6.571567659408174,-6.6378865
CC(=O)C(=O)CC(OO)C(C(OO))(C)C(=O)(OON(=O)(=O)),-8.403411126714673,-7.7000513
CC(ON(=O)(=O))(C(=O)(OO))C(N(=O)(=O))(C(=O)(O))OOC(=O)C(=O),-7.0209045766441704,-6.5068913
C(=O)(O)C(=O)C1(O)OOC(ON(=O)(=O))(C1(=O))C(=O),-6.498048544630365,-6.458297
C(=O)(OON(=O)(=O))C(ON(=O)(=O))C1(C(OO))OOC(C1(O)(O))C(=O),-8.158011895077834,-8.595949
CC(=O)C(=O)C(O)C(=O)CC(ON(=O)(=O))C(OO)(C)C,-8.516643341276904,-6.3575587
CC(=O)C(O)(C(ON(=O)(=O))(C)C(OO))CC(=O)C(=O)(OO),-9.89733354924374,-10.487369
C(=O)(OO)C(OO)=CC(=O)OC(=O)C(=O),-8.044099908318458,-8.033748
C(ON(=O)(=O))C(ON(=O)(=O))(C(=O)(OO))C(O)C(=O),-7.190424378029093,-4.0659966
CC(C(=O)(OO))C(=O)CC(=O)(OO),-7.31846895723902,-5.2857227
C(=O)(OO)C1(O)OC1(ON(=O)(=O))C(O)C(=O),-6.7929174533837795,-5.9931507
C(=O)(O)C(=O)OC(=O)C(O)C(OO)C(=O)(OON(=O)(=O)),-6.353513379986907,-6.9020567
C1(ON(=O)(=O))OC1C(O)(C(OO))C(=O)C(=O)(O),-8.021566673474808,-7.493341
C(=O)C(=O)C(O)C(ON(=O)(=O))C(=O)OC(OO)C(=O),-7.090813442864601,-6.1507635
CC(=O)CC(OO)(C(O))C(=O)(O),-7.676130631245542,-7.535797
CC(=O)C(ON(=O)(=O))C(O)C1CC(ON(=O)(=O))C1(C)C,-5.4137362793671855,-5.92681
CC(=O)C(C(ON(=O)(=O)))C(C)(C(O))C(=O)C(ON(=O)(=O)),-6.750297557879094,-7.1111073
CC(=O)C(C(ON(=O)(=O)))C(C)(C)C(=O)(OO),-5.1907373321810155,-3.7505918
C(=O)(OON(=O)(=O))C(ON(=O)(=O))C(C)(C)C(C(=O))C(OO)(C)C(=O),-4.952426266060684,-6.598715
C(=O)C(=O)C(N(=O)(=O))(C1(O)(OO))OOC1C(=O),-7.388140609402399,-6.8833694
C(=O)C(ON(=O)(=O))(OO)C(=O)C1OC1(C(=O)(O))C,-7.21516401003646,-7.467639
CC(=O)C(=O)CC(OO)(C(ON(=O)(=O))(C)C)C(ON(=O)(=O))C(=O),-6.8625074705478255,-5.9357715
CC(O)CC(OO)C(=O)CC(O),-8.548529846955716,-8.263042
C(=O)(O)C(O)(OO)C1OC1C(ON(=O)(=O))(C(O))C(=O),-10.953106409315296,-11.764972
C(=O)(N(=O)(=O))C1OC1C(O)C(=O)C(=O)(OO),-6.790691508294913,-7.042717
CC(=O)C(OO)(C1(=O))OOC1C(N(=O)(=O))C(=O)(OO),-6.996534568514107,-6.523543
C1(ON(=O)(=O))C=CC(=O)OOC1(C(=O))C(=O),-4.239545316608201,-3.955483
C(ON(=O)(=O))C(=O)C(C)(C(ON(=O)(=O)))OOC(OO)C(=O),-6.005798606101962,-5.4168415
CC(=O)C(=O)C(O)(O)C1(OO)OC1C(=O),-7.1676918625289545,-5.751206
C(=O)(OON(=O)(=O))C(O)C(=O)C1OC1C(=O)C(=O),-4.312766702405497,-4.508178
CC(O)(C(=O)(OO))C(=O)CC(ON(=O)(=O))(C(=O))C(OO)(C)C,-9.318241836960624,-8.309307
CC(=O)C1OC1(O)C(=O)CC(=O)(OON(=O)(=O)),-3.735370505944047,-2.2155967
C1(O)C(=O)OOC1C(O)(C)C(O)C(=O)(O),-8.814189108394203,-10.017033
C(=O)(O)C(ON(=O)(=O))(C(OO))C(OO)(C(=O))C(=O)C,-8.354325426998003,-9.263235
C(=O)(O)C(O)C1(C)OOC(ON(=O)(=O))(C1(O))C(=O),-7.43736608625386,-7.495313
CC(=O)C(O)C(O)(C1(O))OOC1C(=O)(OON(=O)(=O)),-6.673548528531683,-7.1124525
CC1(C)C(=O)C(=O)C1(OO)C(ON(=O)(=O))(C)C(ON(=O)(=O))C(=O)(OO),-7.479193866714013,-7.220303
C(=O)C(=O)C(O)(O)C(O)(ON(=O)(=O))C(=O),-6.9056157077684475,-4.610306
CC(=O)OOC(O)(C(=O)(N(=O)(=O)))C(ON(=O)(=O))C(=O)(O),-6.388523511956009,-6.884315
C1(N(=O)(=O))(OO)OC1(OO)CC(=O),-4.949661970298621,-5.176677
C(O)C(=O)C1OC1(OO)C(=O)C(ON(=O)(=O)),-5.533816455291344,-7.036046
C(=O)(OON(=O)(=O))CC(O)C(=O)C(O)C(=O)(OON(=O)(=O)),-6.704228292568587,-4.9003797
CC(OO)CCC(ON(=O)(=O))C(ON(=O)(=O)),-4.948795629559754,-4.2651196
C(=O)(O)C(=O)C(=O)OC(=O)C(=O)(O),-5.924031353712053,-5.5479345
C1(O)C(O)(C(=O)(O))OOC1C(O)C(=O),-8.476165664606015,-10.619564
C(=O)(O)C(ON(=O)(=O))(OO)C(=O)OOC(=O),-7.186247983483554,-4.583957
C(O)C(OO)C(OO)(C)C(ON(=O)(=O)),-5.717004452731999,-6.7774754
C(=O)C(ON(=O)(=O))(OO)C(OO)(C)C(OO)OC(=O),-6.858147046994418,-9.903982
C(O)C(=O)C(ON(=O)(=O))C(=O)C(OO)OC(=O),-7.2093367666984705,-6.0812736
C(=O)(OO)C(O)C(ON(=O)(=O))(C)C1OC1(OO)C(=O),-7.9263763163398835,-7.3946395
C12(O)OOC(ON(=O)(=O))(C1(O)(O))C(ON(=O)(=O))C(O)C2(=O),-6.944891515745439,-6.5161037
C(O)C(=O)C1CC(OO)(C(=O))C1(C)C,-6.4145075556689335,-6.150648
C1(O)C(O)(C(=O)(OO))OOC1(C(=O))C(=O)C(=O),-9.740985498232476,-8.135097
CC(=O)C(ON(=O)(=O))CC(=O)C(=O)CCC(ON(=O)(=O))C,-6.119213207458415,-5.2482553
C1(=O)C(=O)C(O)C2OOC1(OO)C2(O)(OO),-8.394157346841894,-9.118994
C1(O)(O)C(ON(=O)(=O))OOC1C(O)C(=O)(OON(=O)(=O)),-5.907579544254986,-6.8339353
CC(=O)C(=O)C(C(=O)(O))OOC(ON(=O)(=O))C(=O)(OON(=O)(=O)),-4.625372940228772,-5.551739
C(=O)(OON(=O)(=O))C(OO)=CC(ON(=O)(=O))(C)OC(=O),-4.371913042392407,-3.3599212
C(OO)C(=O)C1C(OO)C(ON(=O)(=O))(C(=O))C1(C)C,-7.163634143063973,-8.219511
C1(O)C(=O)C(OO)C(C)(C)C(OO)C1(OO)C,-8.582547659381817,-5.6505756
CC(=O)C(CC(=O)(O))C(O)(C(ON(=O)(=O)))C(ON(=O)(=O)),-7.891727818244362,-8.179192
CC(=O)C(O)C(O)(ON(=O)(=O))C(OO)C(=O)(OON(=O)(=O)),-6.5284394471618725,-5.9117866
C(=O)(OO)C(=O)C(OO)C1(C(OO))OC1C(=O),-8.626962181104318,-10.258414
C(=O)(O)C1(O)OC1(C(=O))C=CC(=O)(O),-7.5548772982365335,-9.992899
CC(=O)C(OO)CC(=O)CC(=O)C(OO)(C)C(ON(=O)(=O)),-8.510846711621525,-9.4338045
C1(O)(O)C(OO)(C(=O)(OON(=O)(=O)))OOC1C(O)C(=O)(OON(=O)(=O)),-7.34044442971026,-6.959772
C(=O)(O)C(C(=O)(O))=CC1OC1(O)C(=O),-8.87423128294904,-9.497805
C(=O)(O)C(C(=O)(OON(=O)(=O)))=C(OO)C(O)OC(=O),-7.3786859618230665,-9.142433
C(N(=O)(=O))(OO)C(=O)C1OC1C(=O)(OON(=O)(=O)),-5.284544842015748,-3.6262882
C1(=O)C(OO)(C)OOC1(OO)C(ON(=O)(=O))C(=O)(OO),-7.082794212269619,-6.5025883
C(=O)(O)C(N(=O)(=O))(C(=O))OOC=CC(=O),-5.72250206917488,-8.234612
CC(OO)(C(O))C(CC(=O)(OON(=O)(=O)))C(ON(=O)(=O))C(=O),-7.412211224122075,-8.1855345
CC(=O)C1OC1(ON(=O)(=O))C(ON(=O)(=O))C(O)C(=O)(O),-6.498039046062331,-7.2992268
CC(OO)(C(ON(=O)(=O)))C(=O)C(ON(=O)(=O))(C)C(=O)CC(=O),-5.838233490565472,-6.663009
C(=O)(OO)C(ON(=O)(=O))C(C(=O)(OON(=O)(=O)))OOC(=O)C,-4.592557123673032,-3.6384106
C(ON(=O)(=O))CCC(O)C(OO),-7.870608267608077,-4.663085
C(ON(=O)(=O))C(=O)C(C(OO))(C(=O)(OON(=O)(=O)))C(=O)C,-5.951910481188861,-4.5595603
C(=O)(OON(=O)(=O))C(O)(N(=O)(=O))C(=O)C(OO)C(O)C(=O),-6.1136605324263655,-7.0722885
CC(C)(C(=O)(O))C(=O)C(O)(C)C(=O)(OO),-7.843617870965318,-5.9647346
C1(O)(O)C(=O)OOC1(O)C(OO)C(ON(=O)(=O))C(=O)(OON(=O)(=O)),-8.096916168024109,-7.2780323
C1(=O)OC1(C(=O)(O))C(OO)=CC(=O),-8.334525009906429,-7.8976593
CC(ON(=O)(=O))CC(ON(=O)(=O))C(O)C(=O)CC(OO)CC,-7.7105428272798235,-8.0504675
C(O)C(=O)C(ON(=O)(=O))C(O)(C1(O))OOC1C(=O)(OON(=O)(=O)),-6.955259295874384,-8.26369
C1(=O)OC1(O)C(OO)C(=O)(OON(=O)(=O)),-6.492459423474429,-7.455539
C(O)C(=O)C1C(ON(=O)(=O))C(C(OO))C1(OO)C,-7.980937823903332,-10.932187
C(=O)(O)C=C(C(=O)(OO))C(=O),-7.825831257030586,-4.9227104
C(=O)(O)C1(OO)OC1(OO)C=C(C(=O))C(=O),-10.135756776475318,-9.845488
C(O)C(=O)C(=O)C(=O)C(=O)C(ON(=O)(=O))OC(=O),-3.921815069805234,-4.5812526
CC(=O)C=CC1OC1C(=O)(O),-4.688063310728467,-5.1740427
C1(O)C(OO)C=COOC1(C(=O)(O))C(ON(=O)(=O)),-9.034192998534309,-9.541329
C1(O)(N(=O)(=O))C(=O)C(ON(=O)(=O))C2OOC1(OO)C2(=O),-6.16043423841802,-5.1006618
C(=O)(O)C(C(OO))C(C)(C)C(=O)C(O)(C)C(=O),-7.210928657426848,-8.525327
C(OO)C1(C(=O)(OO))OOC(C1(=O))C(=O)(OON(=O)(=O)),-6.684533032635954,-7.3341427
C(OO)C(O)C(C(=O)(OO))(C)C(=O),-7.7007076425652485,-5.8810334
C(O)C(OO)(C(=O)(OO))OOC(=O)C(ON(=O)(=O))C(=O)(OON(=O)(=O)),-6.792731281024317,-7.7603564
CC(=O)C(OO)(C1(=O))OOC1C(N(=O)(=O))(ON(=O)(=O))C(=O)(OO),-6.697353716173893,-7.8591266
C1(ON(=O)(=O))OC1(C(OO))C(=O)C(O)C(=O)(OO),-8.021566673474808,-7.5971932
C(=O)(OO)C1(OO)OC1C(=O)C(O)(C)C(=O)(OON(=O)(=O)),-5.623877302889014,-5.240302
CC(=O)C(C(=O)(O))C(C)(C)C(=O)C(ON(=O)(=O)),-5.134744386172315,-6.4911013
C(=O)(O)C=CC(=O)(OON(=O)(=O)),-2.924257072585533,-1.913925
C1(=O)C(ON(=O)(=O))C(=O)C(=O)OOC1C(=O)C,-3.813234925184588,-3.9970322
C1(=O)C(=O)C(=O)OOC(OO)C1(OO)C,-6.274258027779069,-5.0483694
C(=O)(OO)C(O)C1(O)OC1C(=O)(OO),-9.928961090006851,-7.6701527
C(=O)(O)C(=O)C(ON(=O)(=O))C(C(OO)(C)C)C(O)(C)C(=O)(OON(=O)(=O)),-6.607430497760106,-9.821268
CC1(C(=O)(OO))OOC(C1(O))C(O)C(=O),-8.42592778490507,-9.428272
CC(ON(=O)(=O))(C)OOC(ON(=O)(=O))C(OO)(C)C(=O),-5.587003302051926,-4.33831
C(=O)(N(=O)(=O))C(OO)C(O)(C)C(=O),-6.352385879094072,-4.751335
C1(N(=O)(=O))C(=O)OOC(OO)(C)C(OO)C1(=O),-7.120350293007505,-6.322413
C(=O)(O)C(O)(C(OO))C(O)C(=O),-8.437551210348829,-10.099979
C1(=O)OOC(=O)C(=O)C(ON(=O)(=O))C1(OO)C,-4.719519274764025,-3.6599276
CC(=O)C(=O)OC(OO)C(=O)C(O)(N(=O)(=O))C(=O)(O),-7.089566739559814,-7.8482313
C(ON(=O)(=O))C(OO)(C(=O))C(C(OO))CC(=O),-7.607815335862142,-8.033859
C(=O)(OO)C(O)C(ON(=O)(=O))C(=O)OC(=O)C(=O)(OON(=O)(=O)),-6.26651317761025,-5.2925253
C(=O)(O)C(OO)C(OO)(C(=O)(N(=O)(=O)))OOC(=O),-6.764709823866724,-8.30118
C(=O)(N(=O)(=O))C(=O)OC(OO)C(O)C(ON(=O)(=O))(C)C(=O),-6.55283474375392,-6.566331
C(=O)(O)C(OO)C(ON(=O)(=O))C1(C)OC1(OO)C(=O),-7.9263763163398835,-9.170665
CC(ON(=O)(=O))(C)C(OO)(C(=O)C(ON(=O)(=O)))CC(=O)C(=O)(OO),-8.555818527520387,-9.84596
C(OO)C(=O)OC(OO)(C(=O)(OO))C(=O),-7.1260237421938655,-6.000526
C(=O)(O)C(=O),-2.3719561329962744,-0.8750786
C(=O)(OO)C(ON(=O)(=O))C1(C(OO))OOC(C1(=O))C(=O),-7.564719851478003,-8.341026
C2(=O)C(ON(=O)(=O))C(ON(=O)(=O))C(O)(C1(O)C)OOC12(O),-6.657039724972492,-8.458266
C(=O)(O)C(ON(=O)(=O))C(ON(=O)(=O))C(C(=O)(OO))(C)C(=O),-6.496313911100515,-6.6888742
C1(O)(O)C2(N(=O)(=O))OOC1(N(=O)(=O))C(OO)C(O)C2(OO),-9.936228881086208,-10.553701
CC(C(=O)(O))OOC(=O)C(=O)C(=O)(OON(=O)(=O)),-3.7906529877927824,-3.8892443
C(=O)(OO)C=C(C(ON(=O)(=O)))C1OC1(O)C(=O),-8.530260306859418,-5.543934
CC(O)C(OO)CC(=O)CC(=O)C(=O)CC(ON(=O)(=O)),-9.210494051745627,-8.495319
C(O)C(C(=O)(O))C1OC1(N(=O)(=O))C(=O)(O),-9.20647536524848,-9.3833
C(=O)(OON(=O)(=O))C=CC1(O)OC1(OO)C(=O)C(=O),-6.899005044806472,-6.1920633
C(=O)(O)C1(C(OO))OC1(O)C(=O)(OON(=O)(=O)),-7.434879183585508,-6.747126
C1C(=O)C(O)(C)C(ON(=O)(=O))CC1(OO)C(ON(=O)(=O))(C)C,-7.815690319108398,-7.7206707
CC(ON(=O)(=O))(C)C(ON(=O)(=O))CC(=O)C(OO)(C)C(=O)(OO),-7.963336224361228,-6.397476
C(=O)(OO)C1OC1C=CC(=O)C(=O)(OON(=O)(=O)),-5.218238438148546,-6.3807697
C(=O)(OO)C(O)C(OO)(C1(O))OOC1(C)C(=O),-8.42592778490507,-8.79275
C(=O)(OO)C(N(=O)(=O))(OO)C(O)(C(=O))OOC(=O)C,-7.027574132942391,-8.860964
C(OO)C1(O)C(=O)OOC1C(N(=O)(=O))(OO),-8.203893493797295,-6.1706643
C(ON(=O)(=O))C(=O)C(=O)C(O)(OO)C(ON(=O)(=O))OC(=O),-6.682112531701932,-5.7269855
CC(=O)OOC(OO)C(=O)C(=O)(OO),-7.04736611667613,-5.6724567
CC(=O)CC(O)CCC(OO)C(ON(=O)(=O)),-8.356130976882014,-8.06629
C1(O)(O)C(OO)OOC1(C(=O))C(O)C(=O),-10.022828956449302,-7.8152137
C2(=O)C(=O)C(=O)C(ON(=O)(=O))C1OC12(OO),-4.287475015336895,-4.102848
CC(=O)C1(ON(=O)(=O))OC1(N(=O)(=O))C(=O)C(O)C(=O)(O),-6.52007253625743,-5.1468625
CC(=O)C(ON(=O)(=O))C(=O)CC(O)CCC(OO)C,-8.835445932503717,-7.830821
C1(OO)OC1C(O)(O)C(=O)C(=O)C(=O),-6.6250248509968515,-4.996503
C(=O)(OO)C(N(=O)(=O))C(OO)OC(=O)C(=O),-5.8271508727666514,-5.5010476
C1(O)(O)C(ON(=O)(=O))C(OO)C=CC1(=O),-7.624585194218525,-8.268139
C12(O)OC1C(O)(O)C(=O)C(OO)(C)C2(O),-9.204468665491731,-11.033936
CC(=O)C(OO)OOC(C)(C(=O)(O))C(C(ON(=O)(=O)))C(=O),-7.517310314072347,-9.726849
C(=O)(O)C=CC(OO)OC(=O)C(=O)C(=O)(OO),-8.48753325285179,-8.745856
CC(O)CC(ON(=O)(=O))C(=O)C(ON(=O)(=O))C(=O),-5.867810863594059,-4.346589
CC1(C(ON(=O)(=O)))C(OO)CC1C(OO),-5.645888174301945,-5.638595
C(=O)(O)C(=O)C(O)C1(OO)OC1(OO)C(=O),-8.591909696750008,-11.233287
C(=O)(OON(=O)(=O))C(=O)C(OO)=C(N(=O)(=O))C1OC1C(=O),-6.219621753023603,-6.891767
C(=O)(O)C(OO)OC(=O)C(ON(=O)(=O))(C)C(=O)(OO),-7.614200698217246,-7.119296
C(OO)C(=O)C(O)C1OOC(ON(=O)(=O))(C1(O))C(=O),-7.145299908233028,-8.928111
CC(OO)(C(=O))C(O)C1OC1(OO)C(=O),-8.818019083759282,-8.010563
C(=O)(O)C(O)(C(ON(=O)(=O)))C(=O)C(=O)OC(=O),-6.436876373541963,-3.9858897
C1(O)C(C(=O)(O))OOC1(C(=O))C(OO)C(=O),-8.808561494939568,-10.752965
C(=O)(OON(=O)(=O))C(ON(=O)(=O))OOC(C(=O)(O))C(O)C(=O),-5.890884155252934,-6.810172
C(=O)(O)C1(OO)OC1(N(=O)(=O))C=C(C)C(=O),-8.74858251076148,-7.777309
CC1(C)C(OO)C(ON(=O)(=O))C1C(ON(=O)(=O))C(=O)(O),-6.680265695747039,-7.080155
CC(OO)(C(=O)(O))C(ON(=O)(=O))(OO)C(=O)(O),-7.523340121872025,-9.746169
CC(O)(C(=O)(OO))C(=O)C=CC(=O),-8.431601789983688,-5.77137
C(=O)(OO)C(=O)C(O)C1(C)OC1C(=O)(OO),-7.614590861738179,-9.451106
C(=O)(OO)C1(O)OC1(C)C(OO)C(=O),-8.818019083759282,-9.783583
CC(ON(=O)(=O))(C(=O)(O))C(=O)C(=O)C(OO)C(=O)(OON(=O)(=O)),-5.853243539631876,-5.9287705
C(=O)(O)C(ON(=O)(=O))C1OOC(OO)(C1(=O))C(ON(=O)(=O)),-7.356819398607513,-6.356737
C(=O)(OON(=O)(=O))C1OOC(=O)C1(O)C,-4.081820732795677,-2.6409237
C(=O)(OON(=O)(=O))C=C(OO)C(=O)C(=O)C(=O),-4.036753716407475,-3.371307
C(=O)(O)C1(C(OO))OOC(C1(=O))C(ON(=O)(=O))C(=O)(OON(=O)(=O)),-7.1366883873542974,-8.336816
C1C(=O)C(OO)(C)OOC1C(=O)C,-4.448938850886407,-4.0085754
C(=O)(O)OC(=O)C(O)C(=O)C(=O)(OON(=O)(=O)),-5.0437465812392475,-4.8764877
C1(O)C(OO)OOC1(C(=O)(OON(=O)(=O)))C(=O)C(=O),-7.453621906139233,-5.520018
CC(OO)(C)C(C(O)(C)C(=O)(OON(=O)(=O)))C(=O)C(=O),-6.439152072653087,-5.7597866
C(=O)(OO)C(OO)C(OO)(C(=O)(N(=O)(=O)))OOC(=O),-6.060254164303842,-6.4289894
C(=O)(O)C=CC1(ON(=O)(=O))OC1(C(=O)(O))C(=O),-6.9424554085380805,-7.233117
C(=O)(OO)C(=O)C(OO)C(O)(C(=O))C(=O)C(=O),-8.301287557549585,-6.3752995
C(ON(=O)(=O))C12OOC(C1(O))C(=O)C(ON(=O)(=O))(OO)C2(=O),-6.4637684348244875,-5.544409
C(=O)(OON(=O)(=O))C1OC1(C(ON(=O)(=O)))C(OO)C(=O),-4.60811887926684,-4.514588
C(=O)(O)C1(ON(=O)(=O))OC1C(O)(C(=O)(OON(=O)(=O)))C(O)C(=O),-6.0257464572750905,-8.520559
C1(=O)C(=O)OOC1C(ON(=O)(=O))(C)C(N(=O)(=O))(OO)C(=O)(OO),-7.04317854380588,-7.4220963
C1(=O)C(=O)C(N(=O)(=O))C(=O)OOC1C(=O),-3.778028291178998,-4.3071632
CC1(C(=O))OOC(C1(O)(ON(=O)(=O)))C(=O)C(=O),-4.178168962480413,-5.852799
C(=O)(OO)C(O)(N(=O)(=O))C(ON(=O)(=O))(C)C1OC1C(=O)(OO),-8.632385532702756,-7.1994734
C1(OO)OC1(O)C(OO)C(=O)(OON(=O)(=O)),-6.492459423474429,-5.269521
CC(OO)(C(=O)(O))OC(=O)C(O)C(ON(=O)(=O))C(=O)(OO),-7.693676430333653,-8.913458
C(OO)C(=O)C1OC1(C(OO))C(=O),-6.7854889064292365,-7.2910223
C(O)C(=O)C(O)C(=O)C(=O)OC(=O)C(=O)(N(=O)(=O)),-6.985392482965835,-4.9416347
CC(=O)C(ON(=O)(=O))(C(ON(=O)(=O))(C)C)CC(=O)CC(=O),-5.201483129896587,-5.332442
C(=O)(O)C(O)(C(=O)(O))C(=O)OC(=O),-8.028462741169278,-8.173159
CC1(C(=O)(OO))OC1(OO)C(=O)CC(=O),-7.209714428990992,-6.4913535
C(=O)(O)C(O)C(O)C(=O)OC(=O),-8.1127544272058,-6.881723
C(=O)C(=O)C(O)(N(=O)(=O))C(ON(=O)(=O))(C)C(OO)C(=O),-6.940524689127415,-7.927064
c1c(O)cc(O)c(N(=O)(=O))c1,-8.872015468801692,-8.865156
C(=O)(O)C(OO)C(ON(=O)(=O))(C)OOC(=O),-7.265369962682598,-6.0489373
C(=O)C(=O)C(O)(C(=O))C(=O)C(=O),-3.1351376238562807,-3.948714
C1(=O)C(=O)OOC1C(=O)C(N(=O)(=O))C(=O)C,-4.11785473954842,-3.9183447
CC(=O)C(=O)C(OO)C1(ON(=O)(=O))CC(ON(=O)(=O))OOC1(C)C,-6.097932779695839,-5.7155786
C(O)C(O)(C(=O)(OO))C(OO)C(C)(C)C(=O),-10.211406012611405,-8.306804
C(=O)(O)C(=O)OOC(=O)C(ON(=O)(=O))C(=O)C,-4.75427435797792,-4.7380657
C1(=O)C(=O)OOC1(O)C(ON(=O)(=O))C(=O)(OO),-7.462567992988625,-6.2238007
C12C(OO)C(C1(C)C)C(ON(=O)(=O))C(OO)C2(=O),-6.436522987174612,-7.931459
C(=O)(OO)C=CC(=O)OC(=O),-4.445090114693812,-2.6734593
CC(ON(=O)(=O))(C)C(C(=O)(OO))C(O)(C)C(=O),-7.318166543598636,-5.489271
C(=O)(O)CCC(OO)CC(ON(=O)(=O)),-8.88207072008754,-6.4950676
C(=O)(O)C1(C(=O))OC1C(N(=O)(=O))=C(OO)C(=O),-9.402759563387008,-9.608794
C(=O)(O)C(N(=O)(=O))(OO)OC(=O)C(=O)CC(=O),-7.305198068057507,-7.734733
CC(=O)C(O)CC(=O)CC(OO)OOC(OO)(C)C,-9.287694222757636,-10.287058
C1(ON(=O)(=O))OC1C(OO)C(O)C(=O)C(=O),-6.403083344715924,-5.7086463
C(OO)C(=O)C1OC1(ON(=O)(=O))C(=O)(OO),-6.170654558902243,-6.375151
C(=O)(OON(=O)(=O))C(=O)CC(C(ON(=O)(=O))(C)C)CC(=O),-4.085267371282498,-5.5338182
C1(O)(O)C(OO)(C)OOC1(O)C(=O)(OON(=O)(=O)),-8.038498603554217,-6.938648
C(=O)(O)CC(=O)OC(OO)C(=O)(OO),-7.222548182511673,-8.7071295
C(ON(=O)(=O))C(=O)C1OC1(C(OO))C(=O),-4.69374499247624,-5.3729277
C(ON(=O)(=O))C(=O)OC(OO)C(=O)C(O)C(=O)(OO),-7.670632615372597,-8.136824
C(=O)(O)C(ON(=O)(=O))C(O)C1(C(=O))OC1C(=O),-9.029176788040786,-7.6090016
C(=O)(O)C(=O)C(O)(OO)C(O)(C)C(=O)C(=O),-8.549016973342077,-12.555719
C(=O)(O)C=CC1(O)OC1(OO)C(=O),-8.005634032284433,-7.6312847
C12OC1(OO)C(O)(O)C(=O)C(OO)(C)C2(O),-8.920235758017952,-7.872938
CC(ON(=O)(=O))(C(=O))C(C(=O)(OO))C(C)(C)C(=O),-5.178573650757244,-5.933023
C(=O)C(=O)OOC(C)(C(=O))C(=O)C(=O),-3.2564791631284606,-2.2979143
CC(=O)C(ON(=O)(=O))C(OO)(C)C(O)C(=O)(OON(=O)(=O)),-6.220861738792337,-5.474254
C(O)C(C(=O)(OON(=O)(=O)))C(O)(C)C(=O),-6.57138278637558,-5.739784
C(O)C(=O)C=C(N(=O)(=O))C1(OO)OC1C(=O)(OON(=O)(=O)),-7.064039135677376,-7.1395383
C(=O)(N(=O)(=O))C(=O)OC(OO)C(=O)C(O)(C)C(=O)(O),-7.012539750483484,-7.771399
C(=O)(O)C(=O)C(ON(=O)(=O))(C)C1OC1(ON(=O)(=O))C(=O),-4.453233117748823,-4.6178074
C1(=O)C2(O)OOC1C(OO)C(OO)(C2(O))C(=O),-10.021996574687364,-9.249548
C(=O)(OON(=O)(=O))C1(O)OC1C(=O)C(O)C(=O),-4.849878635681307,-7.020714
C1(=O)C(=O)OOC1C(ON(=O)(=O))C(=O)(O),-5.466934934729579,-4.905866
C1(ON(=O)(=O))OC1(C(OO))C(=O)(OO),-6.70849490614637,-5.9528275
C(=O)(OON(=O)(=O))C(=O)C(C(=O))OOC(=O)C(OO)C(=O),-3.732821834981223,-5.255787
CCCCC(ON(=O)(=O))CC(OO)CCC(ON(=O)(=O)),-5.294909844492395,-5.8333483
C1(=O)C(=O)OOC1C(=O)C(ON(=O)(=O))C(=O)(OO),-5.679140868480317,-3.493536
C(O)C(=O)C(C)C(=O),-3.1130253791889118,-3.372571
C(=O)(O)C(C)(C(=O))OOC=CC(=O),-6.329628209317889,-6.9057283
C(=O)(O)C1OOC(N(=O)(=O))(C1(O)(O))C(ON(=O)(=O))C(=O),-8.213742716614433,-10.140502
CC(ON(=O)(=O))C(OO)C(OO)CC(O),-6.5127600825526315,-7.812629
C1(=O)C(OO)C(=O)C(ON(=O)(=O))(C)C(OO)C1(C)C,-7.72861626921258,-7.399305
C1(ON(=O)(=O))C=CC(O)(C2(O)(OO))OOC12(O),-8.157447146144477,-8.188527
CC(ON(=O)(=O))(C)C(C(OO)(C(ON(=O)(=O)))C(=O)(OO))CC(=O)C(=O),-8.555818527520387,-7.5552783
C(=O)(OON(=O)(=O))C(=O)OOC(C)C(=O),-2.1077119976198446,-1.734404
C(=O)(O)C(O)C1(ON(=O)(=O))OC1(OO)C(=O),-6.714434580957459,-7.1576614
C(=O)(O)C=C(OO)C1OC1(C)C(=O)(OO),-8.760459010414706,-9.509274
C(=O)C(=O)C(O)(O)C(ON(=O)(=O))C(OO)C(=O)C(=O),-7.717656036380504,-9.77303
C(=O)(O)C1(OO)OC1C(OO)(C(ON(=O)(=O)))C(=O),-7.8993265341659935,-8.31112
C(=O)C(O)C(OO)C(=O)OC(=O)C(=O)C(=O),-7.229471173044658,-7.769271
C(O)C(ON(=O)(=O))(C(=O)(O))C(ON(=O)(=O))(C(=O))C(OO)(C)C,-7.654491746944586,-9.551692
C(=O)(O)CC1CC(ON(=O)(=O))C1(C)C(ON(=O)(=O)),-6.175373542680063,-5.66986
C(=O)(O)C(ON(=O)(=O))C(O)C1OC1C(=O)C(=O)(OO),-9.325219471280434,-10.178192
C1(O)(O)C(=O)OOC1(O)C(O)C(=O)(OO),-9.89583816920458,-9.284359
CCCCC(O)CCC(=O)C(OO),-6.297275536054258,-6.3054075
C(=O)(O)C1CC(OO)(C1(C)C)C(OO)(C)C(=O)(OO),-8.637472491819608,-8.152298
CC(OO)CC(=O)CC(ON(=O)(=O))C(=O)C(=O)C(O),-8.719645661649338,-10.142667
C(=O)(O)C(OO)C(C)(C)C(=O)C(=O)(OON(=O)(=O)),-5.917317387670664,-5.584481
C(O)C(O)(C(=O))C(OO)OC(=O)C(=O),-8.451835994619614,-7.5423965
CC(=O)C(C(=O)(O))(C)C(=O),-4.454183631321939,-3.6687543
C(=O)(OO)C(OO)C(O)C1OC1(C)C(=O),-9.052935419731512,-7.991
C12OOC(C1(O))C(=O)C(O)C2(=O),-5.879617793641955,-6.3983727
CC(=O)C(C1(C)C)CC1CC(=O)(O),-6.565622608756712,-5.2465386
C1(O)C2(O)OOC1C(ON(=O)(=O))C(ON(=O)(=O))(C)C2(=O),-5.8810866580006405,-5.6402693
CC(=O)C(=O)OC(OO)C(=O)C(N(=O)(=O))(OO),-6.13000124401151,-5.491667
C(=O)(OON(=O)(=O))C(OO)C1OOC(O)(C1(=O))C(=O),-5.9132504273729865,-5.4131227
C(=O)(OO)C1OC1(OO)C(OO)C(=O)C(=O),-7.2988987563858245,-6.8991375
CC(O)C(=O)CC(=O)CC(O)CC(ON(=O)(=O))C(OO),-8.974237515405548,-12.038936
C(=O)(O)C(ON(=O)(=O))C(OO)(C(=O)C(=O))OOC(=O),-7.0151584252053,-6.8782
C(=O)(O)CC1C(OO)C(C1(C)C)C(=O)C(OO),-8.399684195530426,-10.496247
C(=O)C(O)C(OO)C1(C(=O)(O))OC1(OO)C(=O),-8.927666032985144,-11.218473
C(ON(=O)(=O))C(C(=O)(OO))C(=O)OC(=O)C(=O)(OON(=O)(=O)),-4.3033836550876,-4.840464
CC(C)(C(=O)(O))C(ON(=O)(=O))(C(=O))CC(ON(=O)(=O))C(=O)C,-6.939174924370491,-7.681034
C(O)C(=O)C(=O)C(O)(O)C(OO)OC(=O),-9.79708354966715,-6.1106434
C(=O)(O)C(O)C(OO)(C)OOC(=O)C(=O)(OON(=O)(=O)),-6.951198252965696,-7.139816
CC(OO)C(OO)(C)C(C(=O))C(=O),-6.87708015393946,-6.6109867
CC(OO)(C)C(OO)CC(=O)C(O)(C)C(=O)(O),-9.801427017252536,-9.795335
CC(ON(=O)(=O))(C(=O)(OON(=O)(=O)))C(OO)C(C)(C)C(C(=O)(O))C(=O),-6.607430497760106,-8.197492
C1(=O)C(C(=O)(OON(=O)(=O)))OOC1(C)C(ON(=O)(=O))C(=O),-3.0218091197375543,-3.6755633
C1(O)C(C(=O)(O))OOC1(C)C(O)C(=O)(OON(=O)(=O)),-6.7863630729370925,-8.025057
C(OO)C(=O)C1(N(=O)(=O))OC1(OO)C(=O)(OO),-6.236607325663499,-6.35153
C(=O)C1(ON(=O)(=O))OC1C(C(=O)(OON(=O)(=O)))=CC(=O),-2.964158244421924,-3.4579442
C(=O)(OON(=O)(=O))C1(C(=O))OC1(O)C(=O),-3.361791966146484,-0.8681024
C(=O)(OON(=O)(=O))C(OO)C(=O)C(=O)OC(=O)C,-3.99992656928589,-3.5770435
C(=O)(OO)C(=O)C1(C)OC1C(=O)(OON(=O)(=O)),-3.96990230837946,-2.7878125
C(=O)(OON(=O)(=O))CCC(=O)CCCC(=O),-4.087719190420103,-4.114994
C(=O)(O)C1OOC(N(=O)(=O))(C1(O)(O))C(ON(=O)(=O))(C(O))C(=O),-10.040299553647856,-9.260776
CC(=O)C(ON(=O)(=O))(C(O))C(ON(=O)(=O))(C)C(=O)(O),-7.547285780749917,-6.045836
CC(ON(=O)(=O))(C(=O))C(O)(OO)C1(N(=O)(=O))OC1C(=O),-7.8119511813256395,-6.897546
C2(=O)C=CC(C1(O))OOC12C(OO),-7.778232842384568,-7.1728897
C(=O)(O)C1(N(=O)(=O))OC1(C(O))CC(=O)C(=O),-7.28065400318701,-7.871304
C(=O)(O)C(=O)C(ON(=O)(=O))C1OOC(O)(C1(O))C(=O)(OON(=O)(=O)),-5.928535178551101,-7.103674
C(=O)(N(=O)(=O))C1(O)OC1(C(ON(=O)(=O)))C(OO)C(O)C(=O),-8.28638375443279,-9.398005
C(=O)(O)C(ON(=O)(=O))CC(C(ON(=O)(=O))(C)C)CC(=O),-6.59590002729783,-8.176102
C(=O)(OO)C(O)C(ON(=O)(=O))(C(=O))C(=O)OC(=O),-7.763721514869758,-4.737146
C(=O)(N(=O)(=O))C(=O)CC1(O)OOC(=O)C1(O)C(OO),-8.743570501075737,-8.033472
C(=O)(O)C(ON(=O)(=O))C(N(=O)(=O))(OO)C(=O)(OO),-6.578249180472994,-5.894755
CC(=O)C(O)C(ON(=O)(=O))C1(N(=O)(=O))OC1(OO)C(=O),-6.15552508879955,-5.709609
C1(=O)CC(ON(=O)(=O))C1(O)C,-4.122452756361781,-3.5375693
C1(=O)C(O)(N(=O)(=O))C(=O)OOC(ON(=O)(=O))C1(OO)C,-6.231527324021954,-5.5477386
CC(ON(=O)(=O))(C)OOC(C(=O)C)C(ON(=O)(=O))C(=O)C(OO)C(=O)(O),-7.2350278625244755,-9.340748
C(=O)(OON(=O)(=O))C(O)(OO)C1(O)OC1C(O)C(=O),-7.739405548367358,-9.679215
CC(OO)CC(ON(=O)(=O))CC(=O)CC(=O),-6.409805265243449,-6.079293
C1(O)C(=O)C(=O)C(N(=O)(=O))C(=O)OC1(OO)C,-8.112458673422225,-9.05202
CC(=O)CC(=O)CCCCC(ON(=O)(=O)),-4.788274338628071,-3.6163259
C(=O)(O)C(=O)C(C(O))C(ON(=O)(=O))(C)C(OO),-8.25789629737028,-9.754735
CC(=O)C(=O)OOC(ON(=O)(=O))C(=O)C(=O)(OO),-4.515098504039997,-4.998735
C(N(=O)(=O))(OO)OOC(C(=O)(O))C(OO)C(=O),-6.407735992586822,-8.471812
C(O)C(=O)C1(N(=O)(=O))OC1(ON(=O)(=O))C(=O)(OO),-6.812813354772516,-5.6796255
C(=O)(N(=O)(=O))C(OO)C(O)(C(=O)(OO))C(=O),-7.032144967392014,-6.767047
C(=O)(O)C(N(=O)(=O))(OO)C(O)(O)C(=O)C(O)C(=O)(OON(=O)(=O)),-7.0064817677539395,-5.9615035
C1(O)C(ON(=O)(=O))C(ON(=O)(=O))C(=O)OOC1(O)C(=O)(O),-7.568652233696412,-9.866978
C(=O)C(=O)C(O)C(OO)C(=O)OC(=O)C(=O),-7.229471173044658,-5.9338255
CC(=O)C1(OO)OC1C(=O)C(=O)C(=O)(O),-5.9766678435426,-6.507895
CC(=O)C(OO)C(=O)C1OC1(OO)C(=O)(O),-8.439727257693448,-9.514159
C1(O)C(OO)(C(=O))OOC1(C(OO))C(O)C(=O),-9.170893949181846,-11.769726
CC(OO)(C)C(ON(=O)(=O))(CC(=O)(O))CC(=O)C(=O)C(OO),-8.741939486447336,-12.481997
C(=O)C(O)C(O)(C)C(=O)OC(=O),-6.339608613281598,-4.259068
CC(=O)C(=O)C(ON(=O)(=O))C(=O)C(=O)(OO),-4.863719712595412,-4.269549
CC1(C)C(ON(=O)(=O))(C(=O)C(O))C(ON(=O)(=O))C1CC(=O)(O),-7.447302634785956,-5.3687515
C(ON(=O)(=O))C(OO)CCCCC(=O)(OO),-8.637272700000722,-5.0294313
C1(O)C(OO)C(ON(=O)(=O))C2(C)OOC1C2(=O),-7.080435135764674,-5.7795763
C(=O)(N(=O)(=O))C1(O)OC1C(O)C(OO)C(=O)(OO),-7.564042543750475,-9.434449
C(ON(=O)(=O))C(OO)(C(=O))C(=O)C(O)(O)C(=O)OC(=O),-8.160636265735775,-6.877826
C1(=O)C(ON(=O)(=O))OOC1(ON(=O)(=O))C(OO)(C)C(=O),-4.7379128873062655,-4.2080746
CC(=O)C(=O)CC(ON(=O)(=O))(C(OO)(C)C)C(O)C(=O)(OON(=O)(=O)),-7.457841432614259,-7.5737076
C(ON(=O)(=O))C(ON(=O)(=O))C(O)(C(=O)(OO))C(=O)C(=O)C,-7.086616729245179,-6.033587
C(OO)C(=O)C(ON(=O)(=O))(C(=O)C(=O)(OO))OOC(=O),-6.727939140155286,-7.1103873
C(=O)(N(=O)(=O))C(OO)C(O)(C)C(=O)(O),-8.21410218456549,-7.1151533
C1(O)(OO)C(N(=O)(=O))(OO)OOC1(C)C(=O),-8.076111531630886,-6.719327
CC(=O)C(=O)C(C)(C(ON(=O)(=O)))C(ON(=O)(=O))(C)C(=O),-3.6974402329224176,-4.0605903
CC1(C)C(C(=O)(O))C(ON(=O)(=O))C1C(OO)(C)C(=O)(OON(=O)(=O)),-7.113015850349257,-7.9050016
CC(=O)C(C(=O)(O))OOC(=O)C(OO),-6.916088784144449,-7.167736
CC(=O)C(O)C(OO)C(C(=O)C)CC(=O)(O),-8.839781066793876,-10.515467
C(=O)C1OOC(O)(C(=O)C(=O))C1(O)C,-7.215987785657489,-8.9196615
C1(=O)C(C(=O)(O))OOC1(C(O))C(ON(=O)(=O))C(=O),-7.14313845155084,-7.5115333
CC(=O)C(ON(=O)(=O))CC(OO)(C(OO))C(C)(C)C(=O)(OO),-8.283047661449928,-8.099069
C(=O)(OO)C1(O)C(C(=O))OOC1C(O)C(=O),-8.808561494939568,-9.550116
C(O)C1(C(=O)(O))OC1(O)C(N(=O)(=O))=CC(=O)(OON(=O)(=O)),-7.589168822155443,-9.091755
CCCC(O)C(=O)CC(=O)CC(=O)C,-4.885323856021387,-5.2949033
CC(OO)(C(OO))C(ON(=O)(=O))(C(=O))C(=O),-6.804017073135583,-6.43615
C(=O)C(=O)C(=O)C(O)(O)C(N(=O)(=O))(OO)OC(=O),-7.9273110979520425,-7.813484
C(=O)(OON(=O)(=O))CC(OO)C(C)(C(OO))C(C)C(=O),-8.674231728497034,-8.849048
C1(OO)OC1C(O)C(OO)(C(OO))C(=O)(OON(=O)(=O)),-6.9808391763972395,-8.24851
C(=O)C(ON(=O)(=O))C1(O)OOC(OO)C1(O)C(=O),-9.525189085204147,-5.244765
CC(=O)C(C(=O)(OON(=O)(=O)))C(C)(C)C(O)CC(=O)(OON(=O)(=O)),-5.935236841733968,-6.1846356
C(=O)(O)C1(O)OC1C(O)C(ON(=O)(=O))C(=O)C(=O)(OO),-9.203395346652542,-11.931535
CC(ON(=O)(=O))CC(=O)CC(ON(=O)(=O))C(=O)C(=O)CC(O),-6.422410434952326,-8.486837
C12OOC(C2(O)(OO))C(ON(=O)(=O))C(O)(OO)C1(=O),-7.2132468542477,-9.2509165
C(=O)(O)C=CC1(N(=O)(=O))OC1(O)C(=O)(OO),-8.923026804310211,-7.2556777
C(O)C(ON(=O)(=O))(C(=O)(OON(=O)(=O)))C(=O)C(=O),-4.213644447916522,-2.402305
C(OO)C1CC(OO)(C(=O)(OO))C1(C)C,-8.00206701224397,-8.016663
CC(O)CCC(=O)CC(=O)CCC(OO),-8.310972252091233,-7.5942116
CC(OO)C(ON(=O)(=O))CC(=O)C(=O),-5.985599891500897,-4.158458
CC(OO)C(C)(C)C(C(=O)(OO))C(=O)(OON(=O)(=O)),-6.439152072653087,-6.528725
CC(C(=O)(OO))C1(N(=O)(=O))OC1(O)C(=O)(OO),-7.898224449590998,-4.868966
CC(=O)C(=O)C(OO)CC(OO)(C)C,-6.813509811006043,-6.35337
C1(=O)C(=O)CC(=O)C(=O)C1(OO)C(ON(=O)(=O)),-5.713177283919322,-6.0600038
CC(=O)C(OO)(C1(C)C(ON(=O)(=O)))CC1(ON(=O)(=O))C(OO),-7.6651960702165525,-7.9152565
C12OOC(C2(=O))C(ON(=O)(=O))C(OO)(C1(O))C(=O)(OON(=O)(=O)),-6.859695476597153,-5.9717665
C(=O)(OO)C(=O)OOC(C(=O))C(=O)C(=O),-4.3693967240778875,-5.051282
C(=O)(OON(=O)(=O))C(=O)C(O)C1OOC(C1(O)(OO))C(=O),-7.170768255153234,-6.5217676
CC2(O)C(=O)CC1CC2(ON(=O)(=O))C1(C)C(ON(=O)(=O)),-5.7462966250559475,-5.4169154
C(O)(N(=O)(=O))C(=O)(OO),-5.42051371569687,-3.4828353
C(=O)(N(=O)(=O))C1(O)OC1(C)C(OO)C(=O)(OON(=O)(=O)),-6.64598481763278,-5.2290025
CC(OO)(C)C(C(=O)C(O))C(OO)C(=O)(O),-9.089183957230489,-11.584244
C(=O)(OO)C(=O)C(OO)OC(=O)C=CC(=O),-8.48753325285179,-8.136844
C(O)C(ON(=O)(=O))(C(=O)(O))C(C(ON(=O)(=O)))C(=O)C,-8.132652578768102,-7.6664515
C(=O)C=C(C)C(=O)C(=O),-1.7859481622872408,-1.6433051
C(=O)C(=O)C(=O)C(OO)(C1(=O))OOC1C(=O),-4.545896732459369,-5.527205
C(=O)(O)C(=O)OC(OO)C(ON(=O)(=O))(C(ON(=O)(=O)))C(=O)(OO),-6.621407218348395,-8.574894
C1(=O)OC1C(ON(=O)(=O))C(OO)(C)C(=O)(OON(=O)(=O)),-3.9819298943375543,-3.6808767
C1(OO)OC1(C)C(O)C(ON(=O)(=O))C(=O),-6.668499889711711,-5.7382545
C12(O)OOC(O)(C1(O)(N(=O)(=O)))C(=O)CC2(OO),-8.064008065201051,-6.503211
C(=O)(OON(=O)(=O))C(=O)OC(OO)(C(=O))C(=O)CC(=O),-4.175554966501295,-5.3770733
C(=O)(O)C(=O)C1(O)OC1(O)C=CC(=O),-8.251968520366063,-9.38322
C(ON(=O)(=O))C(=O)C(=O)C(=O)C(=O)C(=O)(OON(=O)(=O)),-3.334224413467382,-2.0337644
C(=O)(OON(=O)(=O))C(ON(=O)(=O))C(OO)C(C)(C)C(C)C(=O),-4.952426266060684,-5.585554
C(=O)(O)C(OO)C(O)(C)C(=O)C(=O)C(=O),-7.45019412124384,-7.406648
C1(O)(O)C(=O)OOC1C(OO)C(ON(=O)(=O))C(=O)(OO),-8.47192332310442,-7.1774917
CC(ON(=O)(=O))(C(O))C(OO)CC(=O)C(=O),-7.968789331188418,-6.8452353
CC(=O)CC(ON(=O)(=O))CC(=O)C(ON(=O)(=O))CC(=O)(O),-7.440670323385348,-8.666253
C(=O)(N(=O)(=O))C(=O)C(=O)OC(OO)(C)C(=O)(OO),-6.5333927071242215,-3.671117
CC(=O)C(=O)OOC(C(=O)(OON(=O)(=O)))C(O)C(=O),-3.7906529877927824,-5.312206
C(=O)(O)CC(=O)C(OO)CC(=O)CC(ON(=O)(=O)),-8.265037264054627,-9.89006
C(=O)(O)CC(OO)C(O)(C)C(=O)C(=O)(OON(=O)(=O)),-6.800016105898976,-6.927415
C(ON(=O)(=O))C(=O)C(OO)(C)C(C(=O))C(ON(=O)(=O))(C)C,-6.039894989096865,-7.608425
C(=O)(O)C(O)C(O)(C(=O)(OO))OOC(=O),-8.520570397675328,-9.706476
C(=O)(O)C(C(=O)(O))C(C)(C)C(=O),-6.185324839754685,-6.943619
CC(=O)C(=O)C(=O)C(ON(=O)(=O))(C)C(OO)(C(ON(=O)(=O)))C(OO),-7.559974895604682,-7.122361
C(=O)(OON(=O)(=O))C(ON(=O)(=O))C(OO)C(O)(C)C(C(=O))C(=O)C,-6.220861738792337,-7.86435
C(=O)(OON(=O)(=O))C(O)C(C(=O)(OO))OOC(=O)C(=O),-5.706318314265445,-6.8089185
C(=O)(O)C(OO)C(=O)C(=O)OOC(=O),-8.031493199056058,-5.3253694
C(=O)(OO)C(N(=O)(=O))C(=O)C1(C(O))OC1C(=O),-8.03161816465581,-6.7505426
C(=O)C(=O)C(O)(O)C(N(=O)(=O))(OO)OC(=O),-7.9273110979520425,-5.7651534
C(=O)(O)C(=O)C(O)C(=O)OC(=O)C(=O),-6.917923395109028,-5.1910725
C(=O)(O)C(C(=O))OOC=CC(=O),-6.021912742216955,-7.0270348
CC(O)(C(=O)(O))C(C(ON(=O)(=O)))C(=O)C(ON(=O)(=O)),-7.77813490135577,-6.0880947
C(=O)(OO)CC(=O)C1(OO)OC1(ON(=O)(=O))C(=O),-6.274604001993794,-5.514931
C(=O)(O)C(=O)CC1OC1C(=O)(O),-7.090405505032322,-7.4609075
C1(=O)CC(OO)(C(OO)(C)C)C(ON(=O)(=O))C(=O)C1(ON(=O)(=O))C,-7.724476160374252,-7.9600906
C(=O)(O)C(OO)(C(=O))OC(=O)C(ON(=O)(=O))C(=O),-7.7819717386828415,-7.1436963
CC(=O)C(O)C(ON(=O)(=O))C(OO)CC(=O)(OO),-7.899368920601773,-8.906935
C(=O)C(=O)C(O)(O)C(N(=O)(=O))(OO)C(OO)C(=O)C(=O),-7.695076791898828,-8.955597
C1(=O)C(O)(O)C(OO)OC(=O)C(ON(=O)(=O))C1(ON(=O)(=O))C(O),-8.198273902874462,-9.026985
C(=O)(O)C(N(=O)(=O))=CC1(C(OO))OC1C(=O)(O),-10.108032638521763,-10.353917
C(ON(=O)(=O))C(=O)C(C)(C(O))C(ON(=O)(=O))(C(=O))C(=O)C,-6.079827743628812,-6.8325925
C(=O)(O)C(O)C(OO)(C)C1(O)OC1C(=O)(OON(=O)(=O)),-8.319946511307535,-7.073025
C1(ON(=O)(=O))C(OO)OOC(=O)C(OO)C1(ON(=O)(=O))C,-6.516603863127784,-5.150355
C1(=O)OC1(OO)C(=O)C(O)C(=O)(O),-7.522205149934962,-8.649301
C(=O)(O)C(=O)C(O)(OO)C(=O),-8.131660189952527,-5.84015
C1(=O)OC1C(O)C(ON(=O)(=O))(C(OO))C(=O),-7.513883289578189,-6.7928405
C12OOC(C1(O))C(OO)C(O)(OO)C2(N(=O)(=O))(ON(=O)(=O)),-9.267377984838276,-9.051627
C(O)C(ON(=O)(=O))(C(=O)(OO))C(=O)C(=O)C(=O),-6.815792761170087,-5.0198374
CC(OO)(C)C(OO)CC(=O)C(=O)(O),-8.802015348470377,-8.558839
C1(O)(O)C(N(=O)(=O))(OO)OOC1(C(O))C(=O),-10.016501270280969,-7.871638
CC(=O)CCC(=O)C(ON(=O)(=O))C(=O)CC(OO)C(O),-8.53130812744621,-8.792783
C(O)C(OO)(C(=O)(OO))C(ON(=O)(=O))C(=O)OC(=O)C(=O),-8.711983556882842,-8.883052
C(O)C(=O)OOCC(=O)(OO),-7.38308131728445,-6.960329
C(O)C(O)(C(=O)(OO))C(OO)C1OC1C(=O),-10.476339193755848,-9.77736
C(=O)(O)C(C(=O)(OON(=O)(=O)))OOC(=O)C(=O)C(=O),-3.5239223586249864,-4.6882944
C12OC1C(O)(O)C(=O)C(OO)(C)C2(O),-7.5281251529740985,-6.3203635
C1(=O)OC1C(O)(O)C(=O)C(ON(=O)(=O))(C)C(=O)(O),-6.291652247844468,-7.281966
C(=O)(O)C(=O)C(ON(=O)(=O))C1(O)OC1C(=O)(OO),-6.898011816334474,-7.1366487
CC(=O)C(=O)CC(ON(=O)(=O))C(OO)(C)C,-6.612835350399109,-4.3041053
C(=O)(O)C(=O)C(=O)C(O)C(ON(=O)(=O))(C)C(=O)(OON(=O)(=O)),-5.748927562395693,-5.966186
CC(=O)C(N(=O)(=O))(OO)OC(=O)C(OO),-6.623556629909217,-4.704715
C(=O)(O)C=CC(OO)(C(=O)(O))OC(=O),-8.378753887513085,-9.381485
C(=O)(OO)C1(N(=O)(=O))OC1(O)C(=O)CC(=O),-6.117231351987357,-5.5941424
CCC(=O)CC(ON(=O)(=O))CCC(=O)C(ON(=O)(=O))C,-4.976737983947714,-5.7353954
CC(=O)C(OO)C(O)C(=O)C(O)C(=O)(OON(=O)(=O)),-6.369038771839769,-6.351134
C(ON(=O)(=O))C(=O)C(C)(C)CC(=O)(OON(=O)(=O)),-4.777610187579739,-3.2437956
C(O)C(=O)OOC(ON(=O)(=O))(C(=O))C(=O)C(=O)(O),-6.249170239581872,-6.3031764
CC(=O)C(=O)OOC(OO)(C(=O)(OON(=O)(=O)))C(ON(=O)(=O))C(=O),-4.273263563,-6.3037033
C(=O)(O)C(=O)OC(=O)C(ON(=O)(=O))C(=O)(OON(=O)(=O)),-4.232512883098025,-3.5714362
C1(O)(O)C(=O)OOC1C(O)C(ON(=O)(=O))C(=O)(OON(=O)(=O)),-6.731218487548176,-6.041041
C(=O)(O)C(O)C1(O)OC1C(=O)(OO),-8.92530185031137,-8.986551
C(=O)(OON(=O)(=O))C(O)(O)C1(C(O))OC1(O)C(O)C(=O),-9.232231982596204,-10.485408
C(=O)(N(=O)(=O))C(=O)OC(=O)C(OO)(C)C(=O)C(=O),-4.079907265733709,-4.0421276
C(=O)(O)C(OO)C(ON(=O)(=O))(C1(O)(O))OOC1(N(=O)(=O))C(=O),-8.48294870605605,-10.246425
C(O)C1(O)C(=O)OOC1(OO)C(ON(=O)(=O))C(=O),-9.01492353059075,-8.288442
CC(=O)C1CC(C(=O)(OON(=O)(=O)))C1(O)C,-4.37710271907963,-4.403353
CC(ON(=O)(=O))(C(=O)(OO))C(C(=O)(O))C(ON(=O)(=O))C(=O),-6.496313911100515,-7.229548
C(O)C(=O)OC(OO)C(=O)C(N(=O)(=O))(ON(=O)(=O)),-6.249470210632353,-5.491887
C(OO)C(=O)C(C)(C)C(ON(=O)(=O))(C(=O)(O))CC(=O)(OO),-8.921995045813674,-10.419907
C12OOC(OO)(C1(O))C=CC2(=O),-7.408937477124709,-6.2239995
CC(=O)C(OO)(C(ON(=O)(=O)))C(C)(C)C(=O)CC(=O)(OO),-8.201688487755746,-8.070704
C(=O)(O)C(N(=O)(=O))C(OO)OC(=O)C(=O),-5.8271508727666514,-6.0246906
C1(=O)OC1(C(O))C(OO),-6.041836258193143,-4.3258634
C(O)C(=O)C(=O)C(N(=O)(=O))C(=O)OC(=O)C(=O),-5.020741412736243,-4.550988
C(=O)(O)C1OC1(OO)C(O)C(OO)C(=O)C(=O),-8.591909696750008,-10.479086
CCCCCCCCC(=O)(O),-3.1322874157540355,-3.2603076
C(=O)(N(=O)(=O))C(O)C(OO)(C)C(=O)(OO),-7.170411881035761,-6.7966056
CCCCC(=O)CC(=O)CC(OO)C(OO),-7.906533049564132,-7.5804048
CC(=O)CC(ON(=O)(=O))C(ON(=O)(=O))CC(O),-7.074196083995048,-5.8488846
CC(=O)C(ON(=O)(=O))CCC(=O)CC(OO),-6.739945491095568,-6.2044206
C(ON(=O)(=O))C(OO)(C(=O)(OO))OC(=O)C(=O)C(=O),-6.87897851134403,-5.113306
C1(=O)OC1C(ON(=O)(=O))(C(=O)(OO))C(O)C(=O)(OO),-8.401605252962327,-7.7588654
C(O)C(=O)C(OO)OC(=O)C(ON(=O)(=O))C(=O)(OO),-7.306820389781933,-8.180399
C(O)C(=O)C(ON(=O)(=O))C(C(=O)(O))OOC(=O)C(=O)(OON(=O)(=O)),-5.931156944992836,-8.33448
C12(O)OOC(OO)(C1(O))C=C(N(=O)(=O))C2(=O),-8.512500141172495,-6.8587203
C(=O)(OO)C1OC1(OO)C(C(=O)(OON(=O)(=O)))=CC(=O),-6.898435194731064,-6.745771
C(ON(=O)(=O))CC(=O)C(ON(=O)(=O))C(=O)CCC(=O)(OO),-6.465007371985848,-6.3554354
C(OO)C(=O)C(=O)C(C(O))(C)C(=O)(OON(=O)(=O)),-8.224751659868161,-5.552394
CC(=O)C1CC(OO)(CC(=O)(O))C1(C)C(=O),-9.367236478898121,-8.753856
CC(=O)CC(O)CCC(ON(=O)(=O))CC(=O)C,-6.011190877451554,-7.3634825
CC(=O)C(=O)C(O)C(OO)OC(=O)C(=O)(OO),-7.9108351619725,-7.8004065
CC(ON(=O)(=O))C(=O)C(C)(C)C(ON(=O)(=O))(C(=O)(O))C(=O),-5.502585073518276,-7.242393
C(O)C(=O)C1OOC(O)(C1(O)(N(=O)(=O)))C(=O)C(=O),-7.107117110343097,-6.0930433
C(=O)(OON(=O)(=O))C1OC1C(ON(=O)(=O))C(OO)(C)C(=O),-4.346438612599741,-5.255572
CC(=O)C(C(=O)C)CC(OO),-4.665788198031805,-3.736672
C(=O)(OO)C(O)(N(=O)(=O))C(O)(C(=O))OOC(=O)C,-7.978548397499253,-8.263619
CC1(O)C(=O)OOC1C(N(=O)(=O))C(=O)C(=O)(O),-7.538224923402595,-6.975778
C1(O)(N(=O)(=O))C(=O)OOC1C(OO),-7.799118354712846,-4.368449
C(=O)(O)CC(=O)C1(C)OC1(OO)C(=O),-5.904550232846304,-6.3983426
C(=O)(O)C1OOC(OO)(C(ON(=O)(=O))C(=O))C1(O)C(=O),-8.853644492671265,-8.989961
C(=O)(OON(=O)(=O))C1(ON(=O)(=O))OC1(O)C(C)C(=O),-3.5829156130675983,-3.687048
C(=O)(OO)C1(O)OC1(N(=O)(=O))C(C)=CC(=O)(OO),-8.74858251076148,-8.072305
C(O)C(=O)C(ON(=O)(=O))C(C)(C)C(C(=O)(OO))C(=O)(OON(=O)(=O)),-7.005901953783905,-6.5710745
C(=O)(N(=O)(=O))C1(OO)OC1C(=O)(OO),-5.982460326271394,-5.278557
C1(=O)C(=O)CC(OO)OC(=O)C1(O)C(=O),-7.469789123904775,-3.125035
C(=O)(O)C1OC1C(ON(=O)(=O))(C(OO))C(O)C(=O)(OON(=O)(=O)),-7.262737613697027,-8.690983
C(=O)C(=O)C(=O)C(OO)=CC,-3.7365703791419946,-3.0646212
C(=O)(OO)C(N(=O)(=O))(ON(=O)(=O))C(O)(O)C(=O)C(=O)C(=O),-6.486525511263608,-5.176581
CC(=O)C(ON(=O)(=O))(C1(C)C(O))CC1CC(=O),-5.432609391704318,-5.9410267
CC(OO)(C)C(ON(=O)(=O))(C(O)C(=O)(OO))CC(=O),-9.010862672022995,-5.7165713
CC(=O)C(=O)CC(OO)(C(O))C(ON(=O)(=O))(C)C(OO),-8.809223102767646,-8.628437
C(=O)(OO)C(ON(=O)(=O))C(O)(C(OO))C(=O)OC(=O)C(=O),-7.4032070712673885,-7.183359
C(OO)C(OO)C(C)(C)C(=O)C(ON(=O)(=O))C(=O),-7.181792659846906,-6.967231
C(ON(=O)(=O))C(=O)CC(O)C(ON(=O)(=O))CC(=O),-6.5348766774995966,-7.3109145
C(=O)(N(=O)(=O))C1OC1C(OO)(C)C(=O)(OO),-6.699467504609856,-6.706679
C1(ON(=O)(=O))OC1(O)C(OO)C(ON(=O)(=O))C(=O)(OO),-6.577969712167032,-6.9998455
C12OOC(C1(O))C(O)(OO)C(ON(=O)(=O))C2(OO),-10.386658587810416,-10.568259
C(=O)(O)C(ON(=O)(=O))C1OC1(C(=O)(OON(=O)(=O)))C(=O),-4.7646704104408855,-4.833173
CC(=O)C(OO)C(OO)OC(=O)(O),-7.0718597587492695,-7.620409
C(=O)CCC(O)C(=O),-3.4071792957729485,-3.749144
C(=O)(O)C(OO)C(C(=O)(O))C(C)(C)C(=O),-7.122551901858969,-9.860459
C(=O)(O)CC(ON(=O)(=O))C(C)(C(=O))C(OO)C(=O)C,-7.81698524024705,-9.324128
C2(ON(=O)(=O))C(O)C(OO)C1(C(=O)(OO))OOC2C1(=O),-8.928914724031529,-9.645079
C(=O)(N(=O)(=O))C1(O)OC1C(OO)C(O)C(=O)C(=O)(OON(=O)(=O)),-7.090023688308065,-6.8831024
C(=O)(O)CC(ON(=O)(=O))(C(O))C(C)(C)C(=O)(OON(=O)(=O)),-6.848092184221969,-7.028883
C(=O)(O)OOC(C(=O)(O))C(=O)C(=O),-6.709540539846785,-6.6133175
C(=O)(OO)CC1(O)OC1(OO)C(=O)(OO),-8.817125209674487,-7.8199077
C(=O)(O)C1(C(=O))OC1C=C(=O),-5.760948684053801,-4.2094574
C(ON(=O)(=O))C1C(ON(=O)(=O))C(OO)C1(C)C(=O)(OO),-7.448974891455691,-9.6010475
C(=O)(OON(=O)(=O))C(O)(N(=O)(=O))C(O)(C1(O)(O))OOC1(C)C(=O),-8.319246615616066,-9.1590605
C(=O)(OON(=O)(=O))C(OO)C(ON(=O)(=O))(C)C(O)C(=O),-5.853243539631876,-6.053198
CCC(OO)CC(ON(=O)(=O))CC(ON(=O)(=O))C(O),-6.356407476648201,-6.6620717
C(=O)(O)C(=O)C(OO)C(ON(=O)(=O))C(O)C(=O)C(=O),-7.090813442864601,-6.179919
C(ON(=O)(=O))C(=O)C(O)(C)C(=O)(OO),-7.260285735906109,-3.1754315
C12OOC(C1(O))C(O)(OO)C(=O)C2(OO),-9.560411044310968,-8.334965
CC(OO)(C)C(C(=O)(OON(=O)(=O)))C(O)C(=O),-5.57982100123445,-6.006869
CC(ON(=O)(=O))(C(=O)(O))C(=O)C(C)(C)C(C(OO))C(=O)(OO),-7.612797975032663,-9.175542
CC(=O)OC(O)C(=O)C(O)(N(=O)(=O))C(=O)(OO),-7.027574132942391,-7.127921
CC(OO)(C)C(C(ON(=O)(=O))(C(O))C(=O)(O))CC(=O)C(=O),-9.405096226550086,-10.375162
C1(O)C(OO)OOC1(OO)C(ON(=O)(=O))(C(=O)(OON(=O)(=O)))C(=O),-7.0627600684556455,-6.9625454
CC(OO)(C)C(O)C(ON(=O)(=O))(C)C(=O)(O),-7.900112709937275,-7.1006155
CC(=O)C(=O)C(O)(C)C(C(ON(=O)(=O)))C(OO),-7.401498743850425,-6.245858
C(=O)C(=O)C(O)(OO)C1(C(O))OC1C(=O),-10.133780739395661,-7.552563
C(=O)(OON(=O)(=O))C=C(C)C1(O)OC1(ON(=O)(=O))C(=O),-4.596201339916661,-3.7540717
C(=O)(O)C(=O)OOC(C)(C(=O)(OO))C(O)C(=O),-7.2478604485004325,-8.252946
C(=O)(O)C1(C(ON(=O)(=O)))OC1C(=O)C(=O),-5.378273795781752,-4.682508
CC(=O)C(ON(=O)(=O))C(O)(C)C(ON(=O)(=O)),-5.239979211442915,-3.7450256
C(=O)(O)C(OO)C(OO)(C)OOC(=O)C(=O),-7.851637225963714,-7.9389777
CC(O)(C(=O)(O))C(=O),-6.136358219109752,-3.8823147
C1(OO)OC1(C)C(=O)CC(=O)(OO),-6.930187096397276,-4.456156
C(=O)(O)C1OC1(ON(=O)(=O))C(C)C(=O),-3.5822793533370714,-4.8835816
C(=O)(O)C(=O)C(C(O))C(C)(C)C(=O),-7.1552505916806695,-8.14043
C(OO)C(ON(=O)(=O))(C(=O))C(C(=O))CC(=O),-5.633421444141277,-5.980378
C(=O)(N(=O)(=O))C(OO)OC(=O)CC(=O)(O),-5.15752132486341,-6.3338284
CC(=O)C1OC1(O)CC(=O)(O),-6.1391745330547565,-6.9193053
C1(OO)OC1C(O)(O)C(=O)C(O)C(=O)C(O),-9.494352629957575,-10.759945
CC(OO)(C(=O)(OON(=O)(=O)))OC(=O)C(=O)C(ON(=O)(=O))C(=O),-4.273263563,-4.4522543
CC(=O)C(C(O))C(C)(C(=O)(OON(=O)(=O)))C(=O)C(ON(=O)(=O)),-5.964094790369018,-6.9987407
C(O)C(C(=O)(O))OOC(=O)C(OO)C(=O),-8.72072122611462,-9.113045
C1(O)(O)C(ON(=O)(=O))(C(=O))OOC1(C(=O)(O))C(OO)C(=O),-9.111006274327337,-10.966935
C1OC1(OO)C(=O)C,-1.2178938211982313,-2.3300326
C(O)C(=O)C=C(=O),-3.727948022136843,-3.5185595
C12OOC(C1(O))C(OO)=C(OO)C2(OO),-8.764925118413885,-9.917926
C(=O)(O)C(=O)C(=O)C1(C)OC1C(=O)(OO),-6.5589944758758065,-6.941211
C(=O)(O)C1OC1C(OO)(C)C(ON(=O)(=O))(OO)C(=O)(OO),-7.21516401003646,-12.09953
C(=O)(O)C1(C(=O))OC1C=CC(=O),-5.760948684053801,-5.847722
C(=O)C(OO)C1(C(=O)(OON(=O)(=O)))OOC(=O)C1(O)(O),-7.927356440938638,-7.119552
C1(=O)OOC(ON(=O)(=O))C(=O)C(O)(OO)C1(ON(=O)(=O))C,-7.111281032396619,-6.6159725
CC(=O)C(OO)C(=O)C(C(=O))C(C)(C)C(=O),-4.548643472911863,-7.16051
CCC(=O)CC(ON(=O)(=O))C(ON(=O)(=O))CC(OO)C(=O)C,-6.842627093017654,-7.641404
CC(=O)CC(ON(=O)(=O))C(O)CCC(OO)CC,-8.026626033224602,-7.6733003
C(=O)(O)C(ON(=O)(=O))(C(ON(=O)(=O)))C(OO)OOC(=O),-7.190424378029093,-6.7623677
C(=O)(O)C(OO)=CC1(C)OC1C(=O)(OO),-9.713056892047462,-10.1559105
C(=O)(O)C(O)C(ON(=O)(=O))(C)C1OC1C(=O),-7.7987669706271845,-6.958438
C12(O)OOC(O)(C1(O))C(N(=O)(=O))=CC2(N(=O)(=O))(OO),-9.840843121688522,-7.47585
C2(=O)C(=O)C(ON(=O)(=O))C(OO)(C1(O)C(ON(=O)(=O)))OOC12,-6.813186868224875,-5.8463945
C(O)C(C(=O))C1(O)OC1(OO)C(=O),-9.037489303087568,-7.5900407
C(=O)(OO)C(ON(=O)(=O))C(ON(=O)(=O))(C)C(=O)C(=O)C(=O),-4.581975826988128,-5.1318836
C(=O)(OON(=O)(=O))C(=O)C1(ON(=O)(=O))OOC(OO)(C(=O))C1(O)C,-6.238513651436733,-4.4051394
C2(=O)C(ON(=O)(=O))C(ON(=O)(=O))C1(O)OOC2(OO)C1(=O),-6.276339195131186,-4.320479
C1(O)C(=O)OOC1(O)C=CC(=O)(O),-6.75795992010535,-8.205062
C(=O)(OON(=O)(=O))C(=O)C(=O)C(=O)CC(=O)C(OO),-4.267604567636226,-5.2524095
C(=O)(OO)C(C(=O))C1(ON(=O)(=O))OC1(OO)C(=O),-5.874876487971051,-4.9870796
C(=O)(OON(=O)(=O))C(N(=O)(=O))=CC(C(=O)(O))OOC(=O),-5.327401102265867,-6.511821
C(=O)C(C(=O))=CC1(O)OC1(=O),-6.698566671782828,-9.27103
C(=O)(O)C(N(=O)(=O))(ON(=O)(=O))C(C)(C(=O)(OO))OOC(=O)C(=O),-6.519581185506468,-7.1777587
C(=O)(OON(=O)(=O))C(=O)C1(OO)OC1C(=O)C(=O),-3.4649725896069867,-3.0430505
C12OC1C(O)(OO)C(ON(=O)(=O))C(=O)C2(O)(O),-8.25416336613489,-7.5506706
C(=O)(OO)C1OOC(OO)(C1(O))C(ON(=O)(=O))(C)C(=O),-8.343643990940109,-8.809038
C(=O)(OO)C(O)C(=O)C(O)C(=O)(OO),-8.031493199056058,-7.278204
C(=O)(O)C(=O)C(O)C(OO)C1OC1(N(=O)(=O))C(=O)(O),-8.609207569239516,-10.704203
CC(O)C(=O)CC(=O)C(=O)CCC(=O)(OON(=O)(=O)),-6.993944729638315,-6.328281
C(=O)(O)C(=O)C1(C)OOC(OO)(C1(O))C(=O),-8.42592778490507,-7.513896
C(=O)(O)C(OO)C(ON(=O)(=O))C1OC1(C(=O)(N(=O)(=O)))C(=O),-8.541256308331867,-7.171042
CC(=O)C(OO)C(=O)C1OC1C(=O)(O),-6.497594296328316,-7.825431
C(=O)(O)C(OO)C(ON(=O)(=O))C=CC(=O)C(OO),-8.382771991276968,-10.004865
C1(=O)C(O)C(ON(=O)(=O))C(OO)C(ON(=O)(=O))C1(O)C,-7.238247459914419,-3.2872682
C2(O)(O)C(=O)C(O)C(OO)C1OC12C(=O)(OON(=O)(=O)),-8.050147940324678,-6.841567
C(ON(=O)(=O))C(=O)C(=O)C(O)(OO)C(=O)C(=O),-6.853528811772776,-4.732127
C(OO)C(=O)C(ON(=O)(=O))C(=O)C(OO)OC(=O)C(=O),-6.9833829512535885,-7.2100163
C(=O)(OO)C(O)C(O)(C(=O))OOC(=O),-8.520570397675328,-5.5925794
CC(OO)(C(ON(=O)(=O)))C(C(OO))C(=O)C(=O)C,-8.434946808080895,-7.051121
C(=O)(O)C(O)C(ON(=O)(=O))C(O)(C)C(=O)(OON(=O)(=O)),-6.61360052609416,-6.026652
C(=O)(O)C(N(=O)(=O))(OO)C(O)(C1(O))OOC1C(=O),-8.053431428797921,-12.284455
C(=O)(O)C(C(=O))=C(=O),-5.097321444405679,-1.9589233
C(=O)(O)C=C(C)C(=O)OC(=O),-4.756598705365832,-3.6855252
C1(O)(O)C(N(=O)(=O))(OO)OOC1(N(=O)(=O))C(O)C(=O)C,-7.087996022097286,-8.309464
C(=O)(OO)C=C(C(ON(=O)(=O)))C1(OO)OC1C(=O)(OON(=O)(=O)),-6.8201986023395875,-7.6355796
CC(=O)C(=O)CC(OO)(C(OO)(C)C)CC(=O)(OO),-9.171292747759253,-9.785116
C(=O)(O)C(=O)OOC(C)(C(=O)(OON(=O)(=O)))C(O)C(=O),-5.459087452256426,-7.189069
C1(N(=O)(=O))C(=O)OOC(C)(C(=O)(O))C(OO)C1(=O),-7.015094076979949,-7.657883
CC(OO)(C)C(OO)(CC(=O)(O))C(=O)C(ON(=O)(=O)),-9.397427646481447,-9.211917
C(=O)OC(O)C(C(=O)(OO))=C,-6.844974599158377,-6.174699
C1(OO)OC1C(OO)(C(O))C(O)(N(=O)(=O))C(=O)(O),-11.296188719616111,-11.033102
C(=O)(O)C(O)C(=O)C(O)(C)C(ON(=O)(=O))C(=O)(OO),-8.341724596133645,-10.0906725
C(=O)(O)C1OOC(=O)C=CC1(OO)C(ON(=O)(=O)),-8.75070837927251,-8.306893
C(=O)(OO)C(OO)C(C)(C)C(C(=O))C(ON(=O)(=O))(C)C(=O),-7.394918362887438,-9.015071
CC(=O)C(ON(=O)(=O))C(OO)(C(O))C(=O),-7.480799745072545,-5.7144785
C(ON(=O)(=O))CC(=O)C(=O)CC(O)CCC(OO),-8.774592991451755,-8.386136
CC(OO)(C)OOC(C(=O)C)C(ON(=O)(=O))C(=O)C(ON(=O)(=O)),-5.776846726129406,-6.3897796
C(O)C(=O)C(OO)OC(=O)C(ON(=O)(=O))C(=O)(O),-7.306820389781933,-9.192206
C(=O)(OON(=O)(=O))C(O)(O)C(OO)OC(=O)C(O)C(=O),-7.079135839057926,-7.005217
C(=O)(O)C(ON(=O)(=O))C(=O)OOC(C(=O)(O))C(=O)C(=O),-6.696426015061661,-8.865824
C(=O)(OO)C(=O)C=CC1OC1(OO)C(=O),-8.41144120516401,-7.7649794
C1C(ON(=O)(=O))C(OO)(C)C=CC1C(=O)C,-5.262110289575503,-5.752514
C(O)C(O)(C(=O)(OON(=O)(=O)))OOC(=O),-5.93022306606872,-3.65088
CC(=O)C(=O)C(C)(C(ON(=O)(=O)))C(C(ON(=O)(=O)))C(=O)(OO),-6.42854248590811,-5.544209
C(=O)(O)C(ON(=O)(=O))(C(=O)(OON(=O)(=O)))OOC(=O)C(O)C(=O),-5.5415892688288295,-5.453478
CC1(C)C(OO)(C(ON(=O)(=O)))CC1(O)C(=O)(OON(=O)(=O)),-6.280825560499579,-5.2916603
C(OO)C(=O)C(O)(C(=O)(OON(=O)(=O)))C(=O)(OON(=O)(=O)),-6.1793853377912455,-2.334044
CC(=O)C(=O)C(OO)C(=O)(OO),-7.04736611667613,-3.8430967
C(=O)C(=O)OC(=O)C(=O)C(ON(=O)(=O))(C(=O)(O))C,-4.655931176606828,-4.9925995
CC(=O)C(O)C(OO)(C)C(=O)C(ON(=O)(=O)),-7.54653861438419,-5.920842
C(=O)(OO)C1(OO)OC1(C)C(OO)=CC(=O),-8.843244416686503,-8.374215
C(=O)(OO)C(OO)C1(C(O))OOC(C1(=O))C(=O),-7.793354213506973,-6.0816073
C(=O)(OO)C(O)(N(=O)(=O))C(ON(=O)(=O))C1(C(O))OC1C(=O),-9.915988262187966,-8.55394
C(=O)(O)C(OO)C1OC1C(=O)(OO),-9.402771090561146,-7.176228
C(OO)C(=O)C(=O)C(O)C(=O)OC(=O)C(=O)(OON(=O)(=O)),-6.026551253435173,-5.0040965
C(=O)(OON(=O)(=O))C(ON(=O)(=O))C1(C(=O))OC1C(=O)(O),-4.7646704104408855,-4.2809114
C(OO)C(=O)C(=O)C(O)(N(=O)(=O))C(=O)OC(=O),-6.853977504735667,-4.9480762
CC(O)CC(C(=O)(OO))C(=O)C,-7.7518165288911405,-4.8811984
C(=O)C(=O)C(O)C(OO)C1(OO)OC1C(=O),-8.591909696750008,-8.751063
C(=O)(O)C(N(=O)(=O))=CC(=O)OC(=O)C(=O)(OO),-6.936388566113237,-6.972365
CC(=O)C(ON(=O)(=O))C(O)C(ON(=O)(=O))C(OO)C(=O),-6.942176597693106,-7.516352
C(=O)(N(=O)(=O))C(=O)C(O)(C1(=O))OOC1C(=O),-4.168179855076232,-3.2431366
CC(=O)CC(ON(=O)(=O))C(=O)CCCCC(=O)(OO),-7.340192711239979,-5.6100535
C(=O)(O)C(ON(=O)(=O))(C(=O)(O))C1OOC(C1(O))C(=O),-8.480918671046311,-10.891791
C1(O)C(O)(C(=O)(OO))OOC1C(=O)(OO),-9.010791844821142,-5.799031
C(=O)C(O)C(=O)C(OO)(C)C(O)C(=O),-6.580305393146773,-7.8497396
C(=O)(O)C1OC1(ON(=O)(=O))C(OO),-6.288383908717151,-4.816986
CC(=O)CCC(=O)C(ON(=O)(=O))CC(O)C(O),-8.458786427645464,-8.276576
C(=O)(OO)C(=O)C(ON(=O)(=O))(C(=O)(O))C(ON(=O)(=O))C(=O),-6.555372067541612,-6.6813974
C(=O)(O)C(O)(C(=O)(OO))C(C(=O))OOC(=O),-9.05736763668392,-8.862716
CCC(O)CCC(=O)CCC(OO)C,-6.558609286839783,-6.432534
CC(=O)C(=O)CC(=O)C(OO)(C)C(OO),-9.35731006145761,-5.9910607
C1(O)C(ON(=O)(=O))OOC1(C(=O)(OON(=O)(=O)))C(=O)C(=O)(OO),-6.136740390203158,-6.574537
C(=O)(N(=O)(=O))C(=O)C(OO)(C)OOC(=O)C(=O),-4.107588118251442,-3.9612439
C(O)C(=O)C(C(=O))C(C)(C(OO))C(ON(=O)(=O))CC(=O),-9.322773348296323,-10.036679
C1(ON(=O)(=O))C(OO)C(OO)C(C)(C(=O)(O))OOC1(=O),-6.859695888116221,-9.235441
C(=O)(O)C(ON(=O)(=O))C(O)(N(=O)(=O))C(=O)(OO),-6.7398428329361195,-5.453546
C(=O)(OON(=O)(=O))C(=O)C1(C(ON(=O)(=O)))OOC(C1(O)(O))C(=O),-6.664968640074221,-6.602769
C(=O)(OO)C(=O)C(ON(=O)(=O))C(=O)OC(OO)(C)C(=O),-7.064300888601792,-6.4483395
C(=O)(O)C1(OO)OC1(C(=O)(OO))CC(=O)(O),-8.995980691985096,-9.815753
C(ON(=O)(=O))C1OOC(=O)C1(O)C(=O),-5.20444028392194,-2.7592013
CC(=O)C(=O)C(N(=O)(=O))(OO)C(ON(=O)(=O))OC(=O),-4.576012233974325,-3.985578
C(=O)(OON(=O)(=O))C(ON(=O)(=O))C(=O)OOC(C(=O))C(=O)C,-2.866533210495618,-4.4434767
C1C(ON(=O)(=O))C(OO)(C)C(OO)CC1(ON(=O)(=O))C(=O)C,-8.14087900532013,-8.328908
C(=O)C1OC1C(C(O))=C(=O),-4.770755360732437,-3.3843267
CC(=O)C(OO)=C(OO)C1(N(=O)(=O))OC1C(=O),-7.163078910236436,-7.2953143
CC(=O)C(ON(=O)(=O))CCC(O)CC(=O)(OON(=O)(=O)),-6.198546222085497,-6.890381
C(=O)(OON(=O)(=O))C(OO)C(C)(C(=O))OOC(=O),-3.8663696202856954,-4.4840007
C(ON(=O)(=O))C12OC1CC(=O)C(=O)C2(O),-6.235183284255072,-6.3352957
C(ON(=O)(=O))C(OO)OOC(=O)C(=O)(OO),-6.436059216153808,-6.185333
C(=O)(OO)C1(O)OC1(O)C(=O)C(O)C(=O),-8.92530185031137,-6.9935465
CC(=O)C(OO),-2.265586986679409,-1.6270696
C1(ON(=O)(=O))CC(OO)C(ON(=O)(=O))(C)C(OO)C1(O)C,-6.8921642512314065,-7.823786
C(=O)(O)C1OC1C(=O)C(ON(=O)(=O))C(=O)(OO),-8.419201018612512,-6.596064
C(OO)C1(O)C(ON(=O)(=O))OOC1C(OO)C(=O),-6.98352982342476,-8.213305
CC(=O)C(OO)(C(O))C(ON(=O)(=O))(C)C(=O)(OON(=O)(=O)),-6.765189609484878,-6.185011
CC1(C(=O)(N(=O)(=O)))OC1(OO)C(ON(=O)(=O))C(O)C(=O)(OO),-7.673913137303316,-7.1328096
C1(=O)C2(OO)OOC1C=C(C2(=O))C(=O),-5.461746147781014,-5.1346188
C2(=O)C1(O)OOC2C(O)C(OO)C1(ON(=O)(=O))C(=O)(O),-8.928914724031529,-8.407941
CC(=O)C(OO)C(O)(N(=O)(=O))C1(O)OC1(N(=O)(=O))C(=O),-8.970353822902325,-6.9975395
C(OO)C1(ON(=O)(=O))OOC(OO)(C1(=O))C(=O),-6.01531889463331,-4.1705565
C1(O)C(=O)OOC1(C(ON(=O)(=O)))C(OO)C(=O)(OON(=O)(=O)),-6.730451076336976,-5.7469516
C(=O)(O)C(O)(C(=O)(O))OOC(=O),-8.914316766909906,-7.8037963
C(=O)(O)C1OC1(ON(=O)(=O))C(C(=O)(OO))C(=O),-5.874876487971051,-7.0756927
C(=O)(N(=O)(=O))C1(O)OC1(ON(=O)(=O))C(O)C(OO)C(=O),-7.090023688308065,-7.8015747
C(=O)(N(=O)(=O))C1(O)OC1(OO)C(O)C(=O),-7.564042543750475,-7.6597075
C(=O)(OO)C=CC(OO)(C)OC(=O)C(=O)(OO),-8.149122107508447,-10.637463
C(=O)(O)C=CC(OO)OC(=O)C(=O)C(=O)(OON(=O)(=O)),-6.690932056093516,-6.123111
C(=O)(O)C(C(OO))(C)C(C(=O)(OON(=O)(=O)))C(=O),-5.9224274387279365,-6.8276258
C(=O)C1(ON(=O)(=O))OOC(=O)C1(O),-3.9328112508264894,-2.9574244
CC(=O)C(ON(=O)(=O))C(OO)C(OO)(C(=O))C(ON(=O)(=O))(C)C,-7.324662807324785,-7.3807955
C(=O)CC(O)C(C)(C(OO))C(=O)C(=O),-6.517382025505867,-7.634406
C(=O)C(=O)OC(O)C(OO)C=C,-7.214287316728587,-4.796583
C(=O)(O)C(OO)OC(=O)C(C(ON(=O)(=O)))C(=O)(OO),-7.957801802485847,-11.57585
C(OO)C(ON(=O)(=O))C(C)(C(=O))C(OO)C(=O)C,-6.653043335408256,-8.136679
C1(OO)OC1C(O)(C(=O)(O))C(ON(=O)(=O)),-7.480372755272583,-7.0439234
CC1(C(OO))C(=O)CC1C(ON(=O)(=O))C(=O),-5.6171526879907105,-6.110438
C(O)C(C(=O)(OON(=O)(=O)))(C(=O))OOC(=O)C(ON(=O)(=O))C(=O),-4.213644447916522,-5.8508883
C(=O)(OON(=O)(=O))C(=O)C(C1(=O))OOC1C(O)C(=O),-4.17874411511184,-4.777141
C(OO)C(=O)OOC(=O)C(ON(=O)(=O))C(N(=O)(=O))C(=O)(OO),-7.364037419130909,-5.999425
C(=O)C(=O)CC(=O)C1(OO)OC1C(=O),-4.659641340973394,-5.154824
C1(=O)C(ON(=O)(=O))C(OO)C(OO)(C)OC(=O)C1(O)(O),-7.19796529352061,-10.393013
C(=O)(O)C(O)C(C(OO))C(=O)C,-8.030014966743693,-7.955574
CC(OO)(C)OOC(ON(=O)(=O))(C(=O)C)CC(=O)CC(=O),-5.820661197517438,-6.478855
C1(=O)OC1(O)C(=O)C(ON(=O)(=O))C(=O)C,-4.523831802904169,-6.0274224
C(=O)(O)C(O)(C(=O)(O))C1OOC(O)(C1(O))C(=O),-9.396373539555498,-9.548983
C(ON(=O)(=O))C(=O)C1OOC(O)(C1(=O))C(=O),-4.871417118794852,-4.8415365
C(ON(=O)(=O))C(=O)C1(N(=O)(=O))OC1(O)C(OO)C(O)C(=O),-7.536996399267082,-11.021412
C(=O)(OON(=O)(=O))C1C(OO)C(C(=O))C1(OO)C,-6.732578849610945,-6.4130716
C(=O)(OO)C(ON(=O)(=O))CC(C(=O)(OO))C(C)(C)C(=O),-7.91122438218099,-11.094273
CC(O)C(=O)CC(=O)C(=O)CC(ON(=O)(=O))CC,-5.192531629168116,-5.827914
C(=O)(O)CC(OO)(C1(=O))OOC1C(=O),-8.109863198500534,-7.0028524
C(O)C(=O)C1OC1(N(=O)(=O))C(O)(O)C(=O)(OON(=O)(=O)),-7.549838899420138,-6.956014
CC(OO)(C)C(C(ON(=O)(=O))(C)C(=O))CC(=O),-6.612835350399109,-6.8008785
C1(O)C(O)(C(=O)(N(=O)(=O)))OOC1C(=O)C(=O)(OO),-7.01552628447098,-7.90297
C(ON(=O)(=O))C(=O)C(OO)C(=O)C(=O)OC(OO)C(=O)(OON(=O)(=O)),-6.402306271784255,-6.0910716
C2(ON(=O)(=O))C(ON(=O)(=O))C(OO)C1OOC2(O)C1(O)C(=O),-8.198194588188926,-7.4324737
CC(OO)(C(=O)(OON(=O)(=O)))C(O)(OO)C(O)C(=O)C(=O),-7.2634498437819275,-6.994354
C(=O)C(OO)C1(N(=O)(=O))OC1(O)C(=O),-6.078671953813682,-4.140369
C(=O)(O)C(OO)C(ON(=O)(=O))C(O)(O)C(=O),-8.596708868100905,-9.583243
C(=O)(O)C(OO)C(OO)C(=O)CC(=O),-8.98809105095279,-9.98445
C(=O)(O)C(N(=O)(=O))(OO)C(O)(C1(O)(N(=O)(=O)))OOC1C(=O),-8.575303939740479,-8.024096
CC(=O)CC(OO)CC(ON(=O)(=O))C(O),-8.719645661649338,-7.229527
C(ON(=O)(=O))C(=O)C(=O)OOC(=O)C(=O)(OON(=O)(=O)),-3.334224413467382,-2.3482375
C(O)C(OO)(C(=O)(O))C(O)(C)C(=O),-7.908078136179029,-9.7369
C1(N(=O)(=O))(OO)OC1(O)C(O)C(OO)C(=O)(O),-8.633680397510034,-12.355842
C(=O)(OON(=O)(=O))C1(OO)OC1(C)C(O)(O)C(=O)C(=O),-6.319251507161425,-7.5498047
CC(OO)(C)C(C(ON(=O)(=O)))C(=O)C(O),-7.589608501774819,-6.6979203
C(O)C(=O)CC(ON(=O)(=O))(C(OO)(C)C)C(=O)C(=O),-7.41528327121614,-9.6643095
C1(O)C(=O)OOC1(O)C(N(=O)(=O))=CC(=O),-6.927893598367518,-7.031718
CC(=O)C(ON(=O)(=O))C(C(=O)(OON(=O)(=O)))(C(OO))C(=O),-4.861781762686405,-5.1031485
C1(=O)C(ON(=O)(=O))C(=O)C1(OO)C,-4.839422908652523,-2.4360445
C2C(=O)C(=O)C(=O)C1(OO)OC12(ON(=O)(=O)),-3.9632600826353155,-4.354391
CC(=O)C(=O)CC(C)C(ON(=O)(=O))(C)C(=O)(OO),-5.226824185829173,-6.477754
C(=O)(O)C1OC1(C)C(ON(=O)(=O))C(ON(=O)(=O))C(=O)(OO),-7.30439240625401,-6.7748256
CCCC(ON(=O)(=O))CC(OO)C(=O)CCC,-6.14765196965709,-5.247748
C(=O)(O)C(ON(=O)(=O))C(OO)C(C)(C)C(=O)(OO),-6.609960631937611,-10.684312
C(=O)(O)C(=O)C(ON(=O)(=O))C1OC1(OO)C(=O)C,-6.606484527612338,-7.2366033
C(=O)(O)C1(C(OO))OOC(OO)(C1(O))C(ON(=O)(=O))C(=O),-9.29330055824812,-12.140082
C(=O)(OON(=O)(=O))C(=O)OOC(OO)C(=O)C(=O)C(=O),-3.732821834981223,-4.3976803
CC(OO)(C)C(ON(=O)(=O))C(ON(=O)(=O))C(=O)CC(=O)(OO),-7.307661195119181,-6.4936433
CC(C)(C(=O)(OO))C(C(=O))C(O)C(=O)(O),-7.317374947433564,-7.9248962
C(O)C(C(=O)(OON(=O)(=O)))C(C)(C(=O))C(ON(=O)(=O))C(=O)C,-5.1356778409408435,-6.433233
CC1(C)OOC(C(=O)C)C(=O)C1C(OO),-4.558075307879335,-5.6304216
C(OO)CCCCC(OO)C(OO),-7.307654276125504,-7.592201
CC(ON(=O)(=O))(C(=O)(OO))C(O)C(=O)OC(=O)C(=O)(OON(=O)(=O)),-5.853243539631876,-4.483724
C1(=O)C(O)(O)C(=O)OC(OO)C(OO)C1(O)C,-9.764224462420316,-12.533515
C(=O)(O)C(ON(=O)(=O))C1OOC(OO)(C1(O))C(=O),-8.222832344898052,-7.768684
CC(OO)(C)C(C)CC(=O)C(=O)(O),-6.541645258985227,-6.5810194
CC(C)(C(OO))C(C(=O))C(=O)C,-4.264317343049697,-4.2983785
C(=O)(OON(=O)(=O))C(=O)OOC(C(=O)(OON(=O)(=O)))(C)C(=O),-2.7611035835943767,-2.756962
CC(OO)(C)C(C(=O)(OO))C(ON(=O)(=O))(C)C(=O)(OO),-7.394918362887438,-7.660882
C(=O)C(=O)OC(OO)C(OO)(C(ON(=O)(=O)))C(O)C(=O),-8.314536742718701,-10.235711
CC(ON(=O)(=O))(C(OO))C(C(O)C(=O)(OO))CC(=O),-9.70229186125016,-9.183908
C(=O)(OON(=O)(=O))C1OC1C(OO)=C(C)C(=O),-4.410538739233743,-5.221939
CC(=O)CCC(=O)C(ON(=O)(=O))CCC(=O)C,-4.813343338309096,-5.084115
C(=O)(OO)C(C(=O))=C(OO)C1(O)OC1C(=O),-10.135756776475318,-10.709298
C(OO)CCC(=O)CCC(=O)CC(=O)(OON(=O)(=O)),-6.164789144980205,-6.8977695
C(=O)(O)C(ON(=O)(=O))C(O)(C(=O)(OON(=O)(=O)))C1OC1C(=O)(O),-7.0743061472749105,-7.877419
C(=O)(OO)C(OO)(C(=O))C(=O)C(=O)C(ON(=O)(=O))C(=O),-6.854444707474613,-5.7274723
CC(ON(=O)(=O))C(ON(=O)(=O))CC(=O)CC(=O)CC(OO),-7.649258265324534,-7.3735967
C(=O)(O)C(=O)C(ON(=O)(=O))(OO)C(OO)OC(=O),-6.571567659408174,-8.105054
C(=O)(OON(=O)(=O))C12CC(=O)C(OO)C(C1(O))OO2,-7.347511484001188,-6.201058
CC(=O)C(OO)C1OOC(OO)(C1(O)(O))C(=O),-8.42565608170844,-10.404884
CC(OO)C(C)(C)C(ON(=O)(=O))C(ON(=O)(=O))C(=O)(OO),-7.138072889202704,-4.639637
C1(=O)C(O)(C(=O)(O))OOC1(C(=O))C(OO)C(=O),-8.047420522041648,-10.700847
C(ON(=O)(=O))C1OC1(O)C(=O),-3.9876045043074555,-3.9955947
C(=O)(OO)C=C(OO)C1(C(ON(=O)(=O)))OC1C(=O)(OON(=O)(=O)),-7.486240631447799,-7.216692
C(=O)(OON(=O)(=O))C(O)(C(=O))OOC(=O)C(O)(C)C(=O),-5.459087452256426,-4.206133
CC(ON(=O)(=O))(C)C(OO)(C(=O))C(O)C(=O)(OON(=O)(=O)),-5.519755575859563,-6.3165464
CC(OO)C1(OO)CC(OO)C1(C)C,-6.934104920271238,-7.294757
C1(=O)OOC(OO)C(ON(=O)(=O))C(OO)C1(OO)C,-6.859695888116221,-7.3450985
CC(ON(=O)(=O))(C(OO))C=CC(=O),-5.166200900927834,-5.1518044
CC1(C)C(OO)(C)CC1C(ON(=O)(=O)),-2.834700670924576,-3.3124895
C1(O)C(ON(=O)(=O))(C)OOC1C(OO)C(=O),-6.086917692258794,-6.1577964
C(=O)(O)CC(ON(=O)(=O))C(C)(C(=O)(OO))OOC(=O),-7.209326530186445,-7.8145876
C(=O)(OO)C(O)C1(OO)OC1(O)C(=O),-8.591909696750008,-5.249385
C(=O)(OO)CC(=O)C1(C)OC1(ON(=O)(=O))C(=O)(OON(=O)(=O)),-4.156118269789658,-3.1612048
C(=O)(O)CC(ON(=O)(=O))C(C)(C)C(C(=O))C(=O)C,-5.759711471648188,-7.178676
CC(OO)(C)C(ON(=O)(=O))(C(O))CC(=O)(OON(=O)(=O)),-6.682249822287304,-5.9252005
CC(=O)C(C(O))C(=O)C(ON(=O)(=O))C(=O)(O),-7.040143471431293,-7.317831
C(=O)(O)C1OC1C(OO)C(O)(OO)C(=O)C(ON(=O)(=O)),-8.760007640486037,-11.3770275
C(=O)(O)C1(N(=O)(=O))OC1(C(=O)(OON(=O)(=O)))C(O)C(=O),-7.338003700393529,-6.4076753
C(=O)(N(=O)(=O))C1OC1C(O)C(ON(=O)(=O))(C(OO))C(=O)(OO),-8.590951529962695,-7.444846
C(=O)(O)C(=O)OC(=O)C(O)(N(=O)(=O))C(ON(=O)(=O))(C)C(=O),-6.6632891449789895,-7.2932034
CC(=O)C(ON(=O)(=O))OOC(C)(C)C(ON(=O)(=O))C(=O),-4.121574702016915,-3.9919324
C(=O)(O)C(OO)C(OO)C(OO)=CC(=O),-8.846453856463995,-13.605276
C(=O)C1(O)OC1(C(=O))C(OO),-6.898185498557723,-6.1255116
C(=O)(N(=O)(=O))C(=O)OC(OO)C=CC(=O)(O),-6.28532248234842,-5.815002
C(=O)(OON(=O)(=O))CC(=O)C(C)(C)C(C(=O))C(=O)C(O),-5.181614562669893,-7.4503436
C(=O)(OO)C1(ON(=O)(=O))OC1C(OO)(C(ON(=O)(=O)))C(=O),-6.478783467928224,-6.420262
C(O)C(=O)C(ON(=O)(=O))C(C(=O)(OO))OOC(=O),-7.2093367666984705,-7.278179
C1(O)(O)C(=O)CC(=O)C(=O)C1(=O),-7.157897944241995,-6.212144
C(=O)(N(=O)(=O))C1(O)OC1(O)C(C(OO))=CC(=O)(OON(=O)(=O)),-8.41611128191471,-4.177179
C(=O)(O)CC(=O)C(OO)OC(=O)C(=O),-7.485631541119801,-6.583251
C(=O)(O)C1OC1(OO)C(=O)C(O)C(=O),-6.113610014566802,-6.6159415
C12C(ON(=O)(=O))C(C2(OO)C)CC(=O)C1(O)C,-7.079382129917576,-5.612988
C(=O)(O)C1(ON(=O)(=O))OC1C(=O)C(=O),-3.535645267691507,-4.1848474
C(=O)(O)C1(OO)OC1C(ON(=O)(=O))C(O)(C(=O)(O))C(=O)(OON(=O)(=O)),-8.056225186325719,-9.759291
C(=O)(O)C(C1(ON(=O)(=O)))=CC(C2(O)(OO))OOC12,-8.748107429798438,-8.060158
CC(OO)(C(=O)(OON(=O)(=O)))C(=O)C1OC1(OO)C(=O),-5.623877302889014,-5.347171
CCC(OO)CCCC(ON(=O)(=O))CCC(=O)(OON(=O)(=O)),-5.207503124429422,-6.261593
C(=O)(OON(=O)(=O))C(ON(=O)(=O))(C(=O))OOC(=O)C(O)(C)C(=O),-4.588289655075641,-2.6920762
C(OO)C(ON(=O)(=O))(C(=O)(OON(=O)(=O)))C1OOC(C1(=O))C(=O),-4.992548451775292,-5.6049685
C(OO)C(ON(=O)(=O))C(=O)OC(=O)C(=O)(OO),-6.9833829512535885,-6.594701
C(=O)(O)C(ON(=O)(=O))C(ON(=O)(=O))C(=O)OOC(=O)C(=O)(O),-6.82189554528486,-7.7378206
C(ON(=O)(=O))C(ON(=O)(=O))C1(O)OC1(OO)C(=O),-7.392704880998281,-5.5114894
C(=O)(O)C1(N(=O)(=O))OC1(C(=O)(OO))CC(=O),-7.735120973027733,-8.062114
CC1(C(=O))OOC(C1(O))C(ON(=O)(=O))(OO)C(=O),-6.601945605641049,-8.099682
CC(=O)C(=O)C(ON(=O)(=O))C1CC(ON(=O)(=O))C1(C)C,-4.148791144905772,-3.814786
C(OO)C(=O)OOC(=O)C(ON(=O)(=O))C(OO)C(=O)(OON(=O)(=O)),-6.076007008570741,-5.2753882
C1C(=O)C(C)(C(OO))OOC1C(=O)(OON(=O)(=O)),-5.777143943407282,-5.0213494
C(=O)(O)C(=O)OC(=O)C(ON(=O)(=O))(C)C(=O)C(=O)(OO),-6.821304549681372,-6.297062
C(O)C1(O)C(=O)OOC1C(=O)(OO),-7.734057866266085,-5.032754
C(ON(=O)(=O))C(=O)C1CC(ON(=O)(=O))(C1(C)C)C(OO)C(=O),-5.952185978656416,-7.4565353
C(ON(=O)(=O))C1OOC(O)(C1(=O))C(=O),-4.719854228008444,-4.3997483
C(OO)C(OO)(C(=O))C(C)(C)C(=O),-7.6590831324110695,-6.637071
CC(=O)C(ON(=O)(=O))CC(C(=O)C)C(O)C(=O)(OON(=O)(=O)),-5.8930110233459345,-6.494846
C(=O)C(=O)C(ON(=O)(=O))(C1(O))OOC1(O)C(O)C(=O),-6.802453455100476,-8.794468
C(=O)(O)C(C(=O)(O))C(=O)OC(=O),-6.684366333389335,-6.098787
C(=O)(OO)C1(ON(=O)(=O))OC1(C(=O)(OO))C(=O),-6.375409755804867,-5.7776475
C1(O)(O)C(=O)OOC1(C(=O)(OON(=O)(=O)))C(O)C(=O)(O),-8.682275405764813,-6.682315
C(=O)(OO)C(OO)(C(=O))C(OO)OC(=O),-7.029740897047304,-6.5969305
CC(O)CC(ON(=O)(=O))C(=O)CC(=O)(OO),-8.835279865745179,-6.295245
C(=O)(N(=O)(=O))C(O)(C(OO))OOC(=O),-7.166807221472482,-4.860263
C(=O)(OON(=O)(=O))C(=O)C(=O)C(OO)C(O)(O)C(=O)C(=O),-7.079135839057926,-6.870624
CC(OO)(C)C(ON(=O)(=O))C(ON(=O)(=O))C(=O)CC(=O)(O),-7.282385690462434,-7.210728
CC(ON(=O)(=O))(C(=O)(O))C(O)C(=O)OC(=O)C(=O)(O),-7.384008537277623,-8.700542
C(=O)(OO)C(O)C(=O)CC(=O)(OON(=O)(=O)),-6.67214912009149,-4.4794407
C(=O)(OON(=O)(=O))C1(O)OC1C=CC(=O)(OON(=O)(=O)),-4.459480799358062,-3.472294
C(=O)(O)CCC(ON(=O)(=O))CC(OO),-8.409531839873125,-6.178735
C12OOC(C1(O)(O))C(OO)C(O)(N(=O)(=O))C2(=O),-8.87889950931094,-8.989831
C(=O)(O)C(O)C(=O)OOC(C(ON(=O)(=O)))(C(=O))C(=O),-6.721892633582684,-7.8536816
C(ON(=O)(=O))C1(C(=O)(OO))OOC(C1(O)(O))C(ON(=O)(=O))C(=O),-8.971353699179417,-9.239711
C1(O)C(OO)C(OO)C(O)C(=O)C1(O)C,-9.096592636886271,-11.561295
C(ON(=O)(=O))C(=O)CC(OO)(C)C(ON(=O)(=O))(C)C(OO),-8.211694500218982,-8.853347
C12OC1C(O)(O)C(=O)C(ON(=O)(=O))C2(O)C(ON(=O)(=O)),-5.542503947425757,-8.704876
C(=O)(N(=O)(=O))C(=O)C(C(=O)C(ON(=O)(=O)))OOC(=O)C(=O),-3.313049805969058,-5.0585995
C(=O)(O)C(OO)(C(=O)(OON(=O)(=O)))C(ON(=O)(=O))C(O)C(=O),-6.145377289463795,-8.389222
C(=O)(OO)C1(O)C(=O)OOC1C(ON(=O)(=O))C(=O)C(=O),-8.853644492671265,-5.4012785
C1(O)C(C(OO))OOC1(C)C(=O)(OO),-7.137910427645693,-9.205331
C1(O)C(O)(C(=O)(OON(=O)(=O)))OOC1C(O)(C(=O))C(=O),-7.574330250962703,-6.2213283
C(=O)C(=O)OC(=O)C(=O)C(ON(=O)(=O))C(=O)C(O),-4.745999753173237,-4.2749777
C(=O)(N(=O)(=O))C1(OO)OC1C=C(C)C(=O)(O),-7.017847723722298,-6.3369436
C(=O)(OON(=O)(=O))C(=O)C(OO)C(OO)OC(=O)C(=O),-5.706318314265445,-5.147654
C(=O)(O)C(OO)C(ON(=O)(=O))OOC(=O),-7.309417942069558,-5.691032
C1(O)(O)C(OO)OOC1C(ON(=O)(=O))C(=O)C(OO),-9.402217213636504,-10.236986
C(=O)(OO)C=C(OO)C(ON(=O)(=O))(C)OC(=O),-7.128312608505439,-1.8094722
CCC(O)CCC(OO)CCCC(ON(=O)(=O)),-7.162176493754487,-7.451492
C1(OO)OC1(C)C(=O)C(N(=O)(=O))C(=O),-4.222136186534044,-4.244408
C(=O)(OON(=O)(=O))C(O)(OO)C(=O)C(O)(C)C(=O)OC(=O),-7.2634498437819275,-7.296775
C1(=O)C(C(=O)(OON(=O)(=O)))OOC1C(ON(=O)(=O))(C(OO))C(=O),-4.992548451775292,-6.5132246
C1C(ON(=O)(=O))C(OO)(C)C(OO)CC1C(=O)C,-8.348307445860883,-8.542062
C(=O)(O)C(=O)C(ON(=O)(=O))C(O)C(=O),-6.696426015061661,-6.1088696
C(=O)(N(=O)(=O))OOC(OO)(C(=O)(O))C(=O)C(=O)C,-7.013885762720747,-6.5426903
C(=O)(O)C(=O)OC(OO)C(ON(=O)(=O))C(O)C(=O)(OO),-7.828214491144536,-10.499365
C12OOC(OO)(C2(O))C(=O)C(O)C1(ON(=O)(=O))C(ON(=O)(=O)),-7.974171503697107,-7.890355
C(=O)(OO)C(=O)OC(=O)C(ON(=O)(=O))(C)C(O)C(=O)(OON(=O)(=O)),-5.853243539631876,-6.1139126
CC(=O)C1OC1(OO)C(ON(=O)(=O))C(=O)C(=O),-4.58229935171039,-4.9925203
C(=O)(O)C1OC1(OO)C(C)=CC(=O)(O),-7.5762700223131105,-9.211569
CC(=O)C(=O)C(C)(C(O))C(ON(=O)(=O))CC(=O)(OON(=O)(=O)),-6.8320398403029685,-5.4044275
CC(OO)(C(ON(=O)(=O)))C(C(=O)(O))CC(=O)CC(=O)(OON(=O)(=O)),-7.268735328148978,-9.108637
C(=O)(OON(=O)(=O))C(OO)C(ON(=O)(=O))(C(=O))OOC(=O)C,-4.219417349913783,-3.8938882
C(=O)(OON(=O)(=O))C(O)C(OO)(C(=O))C(O)C(=O)C(=O),-6.487165010552417,-7.9447174
CC(OO)(C(ON(=O)(=O)))C(ON(=O)(=O))(C)C(OO)C(=O),-6.8091591949023496,-7.149062
CC(=O)C(C1(OO)C(OO))C(ON(=O)(=O))C1CC(=O)(OON(=O)(=O)),-7.359206993663065,-8.718033
CC(ON(=O)(=O))(C(O))C(C(OO)C(=O)(O))CC(=O),-8.670052427704832,-9.221293
C(=O)(OON(=O)(=O))C1OOC(C(=O))C1(O)C(=O)(OO),-7.453621906139233,-4.9235444
C(=O)(O)C(=O)C(C(ON(=O)(=O))C(=O)(OON(=O)(=O)))OOC(=O),-4.232512883098025,-4.750041
C1(=O)C(OO)OOC1(C)C(OO)C(=O)(OON(=O)(=O)),-6.262956198016582,-4.855191
C(=O)(O)C1OC1C(C(OO))C(=O)C(=O)(OO),-8.627445689502565,-11.328212
C(=O)(O)C(O)(C(OO))C(=O)(OON(=O)(=O)),-7.413973133736363,-5.26523
C(=O)(O)C(OO)(C(=O)(OO))C(ON(=O)(=O))C(=O)(OO),-7.763721514869758,-8.3768
CC(=O)C1OC1(ON(=O)(=O))C(OO)C(O)C(=O),-6.537819062241397,-8.173104
CC(=O)CC(ON(=O)(=O))CC(OO)C(=O)C(OO),-8.752378097607107,-9.684819
C(=O)(O)C(ON(=O)(=O))C(C)(C)C(=O)C(ON(=O)(=O))(C)C(=O),-5.502585073518276,-5.898429
C(=O)(O)C(=O)C(=O)C(N(=O)(=O))C(=O)OC(=O),-4.977604844343659,-4.647675
C(O)C(=O)C1OC1C(=O)C(N(=O)(=O))C(=O)(OO),-8.59291961220697,-8.466049
C(ON(=O)(=O))C(=O)C(=O)C(O)C1OC1C(=O)(OON(=O)(=O)),-4.902171310812264,-3.947786
C(=O)(OON(=O)(=O))C(O)(OO)C1(OO)OC1C(=O),-7.739405548367358,-6.533557
C(=O)(O)C(=O)C(ON(=O)(=O))C(O)C(OO)(C)OC(=O),-7.693676430333653,-8.351119
C(ON(=O)(=O))C(=O)C(OO)OC(=O)C(ON(=O)(=O)),-5.1503919140905055,-4.858345
C(=O)(OO)C1(C(=O))OC1(O)C(OO)=CC(=O),-10.413149045483806,-8.867446
C(=O)(O)C(ON(=O)(=O))C(O)(OO)C(O)(C)C(=O),-8.341724596133645,-9.38551
CC(ON(=O)(=O))(C)C(OO)(C)CC(=O)C(OO)C(=O)(O),-7.948099964631183,-10.039449
C(=O)(OO)C(=O)C(O)(C)C(=O)C(O)C(=O),-7.45019412124384,-11.76523
C1(O)C(N(=O)(=O))(OO)OOC1(C)C(=O)(OO),-7.109098131639257,-9.8605995
CC(=O)C(=O)OC(OO)C(=O)CC(=O)(OON(=O)(=O)),-5.158552206758031,-4.8318725
C(=O)(O)C(N(=O)(=O))=C(C(O))C(=O)OC(=O),-7.196031540957847,-7.1699677
CCC(ON(=O)(=O))C(=O)C(OO)CC(=O)CC(=O)C,-6.01780521987348,-6.9731297
C(=O)(O)C1(O)OC1C(OO)(C(OO))C(=O),-8.907643679285684,-11.1395855
C(=O)(OO)C(=O)C(C1(=O))OOC1C(O)C(=O)(OON(=O)(=O)),-6.31783971308505,-5.770301
C(=O)C(O)C(C(=O)(OON(=O)(=O)))(C(=O)(OON(=O)(=O)))OOC(=O),-4.07792274192434,-4.3540707
C12OOC(C1(=O))C(OO)=C(C2(ON(=O)(=O)))C(OO),-6.796699309505129,-6.869174
C2(O)(O)C(=O)C(=O)C(N(=O)(=O))C1OC12(OO),-8.664523140701931,-7.0731897
C(=O)(O)C1(N(=O)(=O))OC1(O)C=CC(=O)(OO),-8.923026804310211,-9.655801
CC(=O)CCC(OO)C(OO)CCC(O),-10.06838853663794,-10.143585
C1(O)C(C(ON(=O)(=O)))OOC1(C(=O)(OO))C(=O)(OON(=O)(=O)),-6.493184896832645,-5.875856
CC(=O)C(=O)C(C)(C(=O)(OON(=O)(=O)))C(OO)(C(ON(=O)(=O)))CC(=O),-5.361152190559551,-7.109727
C1(=O)C(ON(=O)(=O))(C)OOC1C(=O)C(=O),-2.25621719143237,-2.3521283
CC(=O)C(=O)CC(C(OO)(C)C(=O))CC(=O),-5.885539535060161,-6.9465947
C(=O)(OON(=O)(=O))C(O)(O)C(=O)OC(=O),-5.39661236448228,-2.355857
C(ON(=O)(=O))C(=O)C(ON(=O)(=O))C(=O)OOC(C(=O))C(=O),-4.043926199135967,-5.184165
CC(O)(C(=O)(OON(=O)(=O)))C(=O)C1(OO)OC1(O)C(=O)(OON(=O)(=O)),-6.408496480311442,-6.5149846
CC(OO)(C)C(O)(C)CC(=O)CC(=O)(OON(=O)(=O)),-6.201702010138433,-6.70095
CC(=O)C(C(ON(=O)(=O)))(C)C(=O),-3.124347693839809,-2.2294426
C1(OO)C=CC(OO)OOC1(C(=O)(O))C(=O),-7.690021029255149,-9.096241
CC(=O)C(=O)C(O)C(=O)C(OO)(C)C,-6.20679603343342,-3.0982187
CC(=O)C(=O)C(=O)CC(ON(=O)(=O))C(ON(=O)(=O))CCC,-4.777742309544919,-4.2700114
CCC(=O)CC(ON(=O)(=O))C(ON(=O)(=O))CC(=O)(OO),-5.240856169067229,-7.716814
C(=O)(OON(=O)(=O))C(O)(OO)C(ON(=O)(=O))C1(O)OC1C(=O),-7.349810672458261,-8.069244
C(=O)(OO)C(=O)C(O)(C)C(ON(=O)(=O))C(=O)C(=O)(OON(=O)(=O)),-5.853243539631876,-5.2713947
C(ON(=O)(=O))C(C(=O))=C(OO)C(N(=O)(=O))(OO)OC(=O)C(=O),-8.66737475087757,-8.296196
CC(=O)C1(ON(=O)(=O))C(OO)C(ON(=O)(=O))C1(C)C,-5.719079728492943,-5.0517187
C(=O)(OO)C(OO)=CC(OO)OC(=O)C(=O),-8.044099908318458,-8.345409
C(=O)C(ON(=O)(=O))C(=O)C(OO)OC(=O)C(=O),-4.783631785014222,-4.402533
CC1(ON(=O)(=O))C(O)C(OO)C(=O)CC1C(ON(=O)(=O))(C)C,-7.70417286774682,-8.576887
CC(=O)C1OOC(O)(C1(O)(O))C(N(=O)(=O))(ON(=O)(=O))C(=O)(O),-7.95034753049913,-10.943416
C(ON(=O)(=O))C(ON(=O)(=O))CC(O)CCC(=O)C(=O),-7.232271257767934,-7.0794215
C1(O)(O)C(=O)OOC1(O)C(=O)C(O)(C)C(=O)(O),-9.246781044050294,-11.409494
C(=O)(O)C1(OO)OC1(OO)C(ON(=O)(=O))C(O)C(=O)(OON(=O)(=O)),-6.157273991771945,-8.513033
CC(=O)C(=O)C1(OO)OC1(O)C(=O)(OO),-8.439727257693448,-7.1431203
C1(ON(=O)(=O))C(O)(C)C(OO)C(=O)OOC1C(=O)(OO),-7.658843597841951,-9.60969
C(=O)(N(=O)(=O))C(=O)OC(O)C=C(C(O))C(=O)(OON(=O)(=O)),-6.511015621274055,-7.0086293
C(=O)(OO)C(=O)C(OO)C(O)C(=O)C(O)C(=O),-8.031493199056058,-9.712528
C1(=O)C(N(=O)(=O))C(ON(=O)(=O))C(=O)OOC1(O)C(=O)(OO),-7.451641784811727,-5.1097536
C(=O)(OON(=O)(=O))C(=O)C(ON(=O)(=O))C(OO)(C(=O))OC(=O),-3.93525867970493,-3.8418126
CC(=O)C1(N(=O)(=O))OC1(O)C(O)C(=O)C(=O),-5.9083350981327385,-7.153022
C(=O)C(O)(O)C(=O)C(ON(=O)(=O))(C(=O)(OO))C,-7.816177358658024,-4.2091312
C(O)C(C(=O))=CC1(OO)OC1(O)C(=O),-9.985400033196129,-8.002987
C1(O)C(C(=O)(OON(=O)(=O)))OOC1(C(=O)(OON(=O)(=O)))C(O)C(=O),-6.859796915761763,-6.620563
C(=O)C1(ON(=O)(=O))OC1C(C(=O)(OO))=C(OO)C(=O),-7.333903286847999,-7.5829153
CC(O)CCC(=O)C(O)C(=O)CC(ON(=O)(=O))C,-8.461618240028656,-6.09549
C1(O)(O)C(OO)(C(=O)(O))OOC1C(=O),-9.000797552893346,-9.348999
CC(=O)C1CC(C(ON(=O)(=O)))C1(O)C,-5.269917684555367,-4.3764143
C(ON(=O)(=O))CCCCC(=O)(OON(=O)(=O)),-3.916370660865141,-2.8814046
CC(=O)C(OO)C(C)(C(ON(=O)(=O)))C(O)C(=O)(O),-8.225556248281464,-9.016294
C(=O)(OON(=O)(=O))C1OOC(O)(C1(O))C(ON(=O)(=O))C(=O),-5.928535178551101,-5.127411
C(OO)C(ON(=O)(=O))C(C)C(=O)C(=O),-4.576552191374503,-4.19936
C1(=O)C(OO)(C)C(ON(=O)(=O))C(=O)OOC1(O)C(=O)(O),-7.463598651030225,-7.944618
C(=O)C(O)C(O)(OO)C(=O)C(=O)C(=O),-8.131660189952527,-5.548989
C(=O)(O)C(OO)C(C)(C(OO))C(ON(=O)(=O))C(=O),-8.171622816476884,-9.0078535
C(=O)(O)C(O)(N(=O)(=O))C(ON(=O)(=O))C(OO)OC(=O)C(=O),-7.019183563137631,-8.779633
CCCCC(ON(=O)(=O))CCC(O)C(ON(=O)(=O)),-3.937182810028389,-5.244989
CC(O)CCC(=O)CCC(=O)(OO),-8.190510991478732,-6.089267
CC(=O)C1CC(ON(=O)(=O))C1(C)C(OO),-5.794406903028175,-4.594075
C(=O)(O)C(=O)C(ON(=O)(=O))C(OO)OOC(=O)C(=O),-7.090813442864601,-7.242901
C(=O)(O)C(ON(=O)(=O))OOC(C)(C(=O)(O))C(ON(=O)(=O))C(=O)(OO),-6.795539563481725,-8.455679
C(=O)(O)C1(ON(=O)(=O))OC1C(OO)C(=O)(OO),-5.874876487971051,-6.468623
C(=O)(O)C1(C(=O)(OON(=O)(=O)))OC1C=CC(=O),-5.159322436558796,-5.790752
C1(OO)OC1C(ON(=O)(=O))(C(OO))C(ON(=O)(=O))C(=O),-6.779648886023097,-7.323704
CC1(C(ON(=O)(=O)))OOC(C(=O)C)CC1(OO)C(=O)(OO),-8.63138722072199,-5.4742436
C1(=O)OC1(O)C(OO)C(O)(OO)C(=O),-9.928961090006851,-15.873684
C1(OO)OC1(N(=O)(=O))C(=O)C(ON(=O)(=O))C(OO),-6.030305918478916,-6.332614
C(OO)C1(C(=O)(OO))OOC(C1(O)(O))C(ON(=O)(=O))C(=O),-10.196906829242835,-11.137979
C1(OO)OC1(C(O))C=CC(=O)(O),-6.334433136518783,-7.6484375
C(=O)(O)C(O)(O)C1(OO)OC1C(=O),-9.437376124715229,-10.273017
C1(OO)OC1(C)C(=O)CC(=O)(O),-5.904550232846304,-6.0599523
CC(OO)C(C)(C)C(C(=O))C(ON(=O)(=O))C(=O)(OO),-7.394918362887438,-7.307751
C(=O)(O)C1(C(OO))OOC(N(=O)(=O))(C1(O))C(=O)C(=O),-9.418601253504676,-10.258221
CC(=O)C(C)(C(O))C(OO)C(=O)(OO),-7.573297393111716,-6.6015496
C12C(ON(=O)(=O))C(C1(C)C)CC(ON(=O)(=O))C2(OO)C,-5.449915340533153,-5.043876
C1(O)C(ON(=O)(=O))C(OO)C(O)C(=O)C1(O)C(ON(=O)(=O)),-6.601372944509421,-11.717647
C(O)C1(O)C(=O)OOC1(OO)C(=O)C(=O),-9.269954703551775,-7.2557883
C1(ON(=O)(=O))OC1(OO)C(OO)(C)C(=O),-6.132688822102864,-5.141863
C(=O)(O)C(=O)C(ON(=O)(=O))(C)C1OC1(O)C(=O)(OO),-7.9263763163398835,-6.3734064
C(=O)(OON(=O)(=O))C(=O)C(ON(=O)(=O))C1OOC(=O)C1(O),-4.94116548461534,-4.6288004
CC(O)CC(O)C(ON(=O)(=O))CC(=O)CC(OO)C,-9.270739285277159,-10.388445
CC(=O)C(ON(=O)(=O))(C(ON(=O)(=O)))C(OO)(C)C(=O)(OO),-7.258057195471338,-6.007201
C(=O)(OON(=O)(=O))CC1(O)OC1(OO)C(=O)(OON(=O)(=O)),-6.095904901969334,-3.9450688
CC(OO)(C(=O)(O))C(OO)(C1(O))OOC1C(=O),-8.42592778490507,-9.174138
CC1(C(=O)(O))OC1C=C(OO)C(=O)(OO),-8.760459010414706,-10.062026
C1(O)(O)C(C(=O))OOC1(C(ON(=O)(=O)))C(O)C(=O),-8.665326589931283,-7.065985
C1(OO)OC1(O)C(ON(=O)(=O))(C)C(=O)C(=O),-7.9263763163398835,-5.574556
C(=O)(OO)C1(OO)OC1C(OO)(C)C(=O)C(=O),-7.289721279941659,-7.0374455
C(=O)(O)C=C(C(=O)(O))C1OC1C(=O)(OON(=O)(=O)),-6.991447674434312,-7.1009874
C(ON(=O)(=O))C(=O)C(OO)C(O)C(=O)OC(=O)C(=O)(OON(=O)(=O)),-6.949056207977264,-6.5649533
C(=O)(OO)C(OO)C(O)C1(O)OC1(ON(=O)(=O))C(=O),-7.895535762438158,-9.209367
CC1(C(=O)(OO))OC1C(=O)C(N(=O)(=O))C(=O)(OO),-7.579855961115754,-8.279218
C(=O)(OON(=O)(=O))C1(N(=O)(=O))OC1(O)C(=O)C(=O)C(=O),-3.9756842043316283,-1.841095
CC(OO)(C(=O)(N(=O)(=O)))OC(=O)C(O)C(=O)(O),-7.089566739559814,-6.844669
C(=O)(OO)C1(OO)OC1C(ON(=O)(=O))(C)C(O)C(=O),-6.668499889711711,-6.1975913
CC(ON(=O)(=O))(C)C(C(OO))C(C(=O)(O))=C,-6.814512110306168,-6.4871626
C1(O)(OO)C(N(=O)(=O))OOC1(C)C(OO)C(=O),-7.696854771058497,-7.843267
C(=O)(O)C(=O)CC(=O)C(O)(O)C(=O)(OON(=O)(=O)),-5.442048872098894,-6.725273
C(=O)C(=O)C(OO)(C1(=O))OOC1(C(=O))C(=O),-4.7359276942625,-6.34574
C(=O)(OO)C=C(C(=O)(O))C(=O)OC(=O)C(=O),-7.825831257030586,-5.9906693
CC(ON(=O)(=O))(C(=O)(OO))C(CC(=O)(OO))C(ON(=O)(=O))(C)C(=O),-7.810325500150611,-10.232394
C1(O)(O)C(=O)C(O)C(OO)C(=O)OC1(OO)C,-9.39112157976524,-10.85916
C(=O)(O)C(O)(N(=O)(=O))C(OO)C1(C)OC1C(=O)(O),-9.53958058772514,-11.152385
C(O)C(=O)C=C(OO)C(ON(=O)(=O))OC(=O),-6.892404061080015,-5.214754
C(=O)C(OO)OC(=O)C(O),-5.955646707481719,-4.649023
C1(O)C(O)(C(=O)(OON(=O)(=O)))OOC1(C(OO))C(=O)C(=O),-7.4912598943919875,-8.469533
CC(=O)C(=O)OOC(O)(C(=O)(OO))C(O)(N(=O)(=O))C(=O),-7.978548397499253,-7.112757
CC(OO)(C(ON(=O)(=O)))C(O)(C(=O))CC(=O),-8.413348934044734,-7.957088
C(=O)(OON(=O)(=O))C1OOC(ON(=O)(=O))(C1(O)(OO))C(=O)C(=O),-5.515587897854857,-5.030684
C(=O)(N(=O)(=O))C(=O)C(OO)(C)C(=O)(OON(=O)(=O)),-4.179229540741289,-2.1389437
C(=O)(N(=O)(=O))C1(O)OC1(C(O))C(OO)C(O)C(=O)(OO),-9.641676574070516,-11.691206
C(=O)(N(=O)(=O))C(=O)C(=O)OC(OO)C(=O)C(OO),-6.2940728181820305,-4.9353733
C(=O)(O)C(O)C(ON(=O)(=O))C(OO)(C(=O)(OON(=O)(=O)))OC(=O),-5.887190679315609,-8.146143
C(=O)(OO)C(O)C(OO)(C(ON(=O)(=O)))C(O)OC(=O),-7.719035658765279,-8.143024
C(=O)(O)C1OC1C(C(ON(=O)(=O)))=C(OO)C(=O)(O),-10.089355849735512,-9.568214
C1(O)(O)C(OO)OOC1(N(=O)(=O))C(=O)C(=O)C,-8.817672188617507,-6.492009
C(=O)(O)CC(=O)C(C)(C(ON(=O)(=O)))C(O)(C(=O)(OON(=O)(=O)))C(=O)C,-8.367304512715236,-8.174315
C(OO)C(=O)C(C)(C(ON(=O)(=O)))C(C(=O)(OO))C(=O)C,-7.99064268849088,-7.2686157
CC(=O)CC(ON(=O)(=O))C(O)C(OO)CC(=O)CC,-7.340906287056896,-8.610759
C1(ON(=O)(=O))OC1(C)C(OO)C(O)C(=O)(OON(=O)(=O)),-6.198530094031412,-5.0122747
C(=O)(OO)C(=O)C(ON(=O)(=O))C(=O)C(ON(=O)(=O))OC(=O),-4.770230852956956,-5.1385055
C(=O)(O)C(=O)C(=O)C(ON(=O)(=O))C(=O),-4.67738810654555,-4.0118775
CC(OO)(C(OO))C(C(O))C(OO),-7.284323523079365,-9.305189
C(=O)(OO)C1OC1(C)C(ON(=O)(=O))C(O)C(=O),-7.493213524852763,-8.784644
C(=O)(OO)C(=O)CC(C(ON(=O)(=O))(C)C)C(OO)(C)C(=O),-7.99185518820741,-10.5169525
CC(=O)CC(C(ON(=O)(=O)))C(OO)(C)C(=O)(OO),-7.280378092528736,-10.26174
CC1(C(=O)(O))OOC(ON(=O)(=O))(C1(=O))C(=O)C(=O),-4.178168962480413,-4.7802596
CC(OO)(C)C(ON(=O)(=O))(C(=O))C(=O)C(ON(=O)(=O)),-6.091943897173223,-5.1828384
C(=O)(O)C(=O)C(O)C(O)(C)C(=O)OC(=O),-7.758613448513643,-6.7593236
C1(O)COOC1C(=O)C(OO),-7.105638437775269,-6.3064303
C1(O)C(ON(=O)(=O))OOC1(OO)C(OO)C(=O)C,-6.573252700338344,-7.2219768
C1(=O)OC1(C)C(OO)C(ON(=O)(=O))C(=O)(O),-6.668499889711711,-6.4313717
C1(O)COOC1(OO)C(N(=O)(=O))(ON(=O)(=O))C(=O),-6.756800603332522,-5.76047
CC(ON(=O)(=O))C(OO)C(C)(C)C(=O)(OO),-7.394918362887438,-3.1598845
CC(OO)CCC(=O)C(ON(=O)(=O))C(O)CC(O),-9.099518552217887,-9.66926
C1(=O)C(O)C(OO)C(N(=O)(=O))(C2(O)(OO))OOC12,-8.523810276390577,-10.389389
CC(=O)C(ON(=O)(=O))C1(OO)OC1C(O)(O)C(=O)(OO),-7.842797526727736,-10.086611
C(=O)(OO)C1(O)C(ON(=O)(=O))(C(=O))OOC1(O)C(ON(=O)(=O))C(=O),-7.894316389923915,-9.917782
CC(C(=O))C(ON(=O)(=O))(C)C(OO)C(=O),-4.722279187038112,-5.875965
C1(ON(=O)(=O))OC1(C(=O))CC(=O),-2.783911043738044,-2.6369524
C(O)C(=O)C1OOC(OO)(C1(=O))C(=O)(O),-8.966715339904113,-9.71529
CC(=O)CC(ON(=O)(=O))C(O)C(OO),-8.620907094540598,-6.3091407
CC(ON(=O)(=O))(C)C(CC(=O)(OO))CC(=O)C(=O)C(=O),-5.9534371499839835,-7.300536
CC(=O)C1OC1C(=O)C(O)(N(=O)(=O))C(=O)(OO),-7.547973948701838,-6.8298564
C(=O)(O)C1(O)OC1(C(=O))CC(=O)(OON(=O)(=O)),-6.625837780875372,-4.716592
CC1(C)C(C(=O)C(OO))CC1CC(=O),-5.801957498178126,-5.764206
CC(OO)(C)C(C(=O)(OO))C(ON(=O)(=O))(C(O))C(=O)(OON(=O)(=O)),-7.005901953783905,-6.4226665
C(=O)C(ON(=O)(=O))C(C(ON(=O)(=O)))(C(=O)(OO))OOC(=O)C(=O),-5.033497683244605,-5.174269
CC1(C(=O)(O))OC1(ON(=O)(=O))C=CC(=O)(OO),-6.881325636830297,-7.3828883
C1(N(=O)(=O))C(=O)C(ON(=O)(=O))(C)C(=O)OOC1C(=O)(OO),-4.862772258953555,-6.8630614
C(OO)C(OO)(C(=O)(OON(=O)(=O)))OC(=O)C(=O)C(=O),-6.094743614636172,-5.12247
C(O)C1(O)C(=O)OOC1(O)C(=O)(OON(=O)(=O)),-7.205681937432928,-5.045376
CC1(C(=O)(OO))OOC(N(=O)(=O))(C1(O))C(=O)C(=O),-7.029281233390066,-6.1643286
C(O)CCC(=O)CCC(=O)C(ON(=O)(=O))C(=O),-6.060839702000521,-6.5778913
CC(=O)C(=O)CC(ON(=O)(=O))C(C(ON(=O)(=O)))(C)C(=O)(OO),-6.640387669931442,-5.5451703
C(=O)(O)C1OC1C(ON(=O)(=O))(C(=O)(O))C(=O),-7.892418486480892,-7.3855653
C(O)C(ON(=O)(=O))(C(=O))C(OO)OC(=O)C(=O),-6.815792761170087,-6.2506914
C1(O)(N(=O)(=O))C(=O)OOC1(C)CC(=O)(O),-5.891320458960763,-5.785244
CC(=O)C(ON(=O)(=O))C(ON(=O)(=O))C(O)C(=O)C(=O),-4.9557790152503,-3.735226
C2(=O)C(O)C(ON(=O)(=O))C1(C)OOC2(ON(=O)(=O))C1(=O),-3.999834113756151,-2.9625735
CC1(C(OO))C(ON(=O)(=O))C(OO)C1CC(=O),-7.417075041096723,-7.8164253
C(=O)(OO)C1OC1C(C(=O)(O))C(=O)(OON(=O)(=O)),-6.52967568854001,-8.26618
C(ON(=O)(=O))C(=O)C(C(OO))CC(=O)(OO),-8.249050585169243,-5.875759
C(OO)C(N(=O)(=O))(OO)OC(=O)C(=O),-6.182614310871941,-4.5565825
CC(=O)C(=O)C(OO)(C)C(=O)(OO),-7.167403295921758,-2.6781945
C1(OO)C=CC(O)(C2(O)(OO))OOC12,-9.288314467401506,-8.354663
C(=O)C(=O)C(O)(O)C(=O)OC(OO)C(=O),-7.321818874492237,-8.132084
C(ON(=O)(=O))C(=O)C1(O)OC1C(=O)CC(=O),-3.9876045043074555,-6.550901
C(=O)(O)CC(=O)C1(N(=O)(=O))OC1(OO)C(ON(=O)(=O)),-5.835170896451018,-6.3016925
CC1(C(=O)(OO))OC1C(O)C(ON(=O)(=O))C(=O)(OO),-7.493213524852763,-10.509578
CC(=O)C(=O)OC(N(=O)(=O))(OO)C(=O)C(O)C(=O)(OON(=O)(=O)),-6.647539163532201,-5.589537
C(=O)(OO)C(O)(N(=O)(=O))C(OO)C1(C(O))OC1C(=O),-9.676239850632555,-10.680487
C(ON(=O)(=O))C1(O)C(=O)OOC1(N(=O)(=O))C(=O)C(O)C(=O)(OO),-7.295074835540618,-7.354717
C(=O)(O)C(C(ON(=O)(=O)))C1OC1(O)C(=O)(OON(=O)(=O)),-5.13265604479875,-6.155436
CC(ON(=O)(=O))C(OO)CC(ON(=O)(=O))C(O),-5.716497481689657,-6.365726
CC(O)CCC(ON(=O)(=O))C(ON(=O)(=O))CCC(=O)(O),-8.0912507174462,-8.452518
C1(=O)OC1(N(=O)(=O))C(OO)C(=O)(O),-8.145889769131827,-3.9991088
CC(ON(=O)(=O))(C)C(O)(C(OO))CC(=O)C,-6.708121140490221,-6.806981
CC(OO)(C(=O)(OON(=O)(=O)))C(O)C(=O)C(O)C(=O),-6.511490080723888,-9.37632
CC(=O)C(ON(=O)(=O))C(C)(C)C(=O)C(OO)C(=O)(O),-7.900112709937275,-6.9708943
CC1(O)C(C(=O)(OON(=O)(=O)))OOC1C(O)C(=O),-6.7863630729370925,-5.441493
C(=O)(OON(=O)(=O))C1CC(OO)(C1(C)C)C(OO)C(=O),-6.257350294475145,-7.3557296
C(=O)(OON(=O)(=O))C(O)(O)C(=O)C(OO)C(=O)(OON(=O)(=O)),-6.362100770968027,-3.1424725
C(=O)(OO)C2=CC(=O)C(O)(O)C1OC12,-8.02955697392099,-7.4663982
C1(=O)C(O)(C(=O)(OO))OOC1(O)C(O)C(=O),-9.010791844821142,-7.703588
C1(O)(O)C(OO)OC(=O)C(O)(C(O))C(ON(=O)(=O))C1(=O),-8.967322749467712,-10.395899
C(=O)(OON(=O)(=O))CC(=O)C(=O)C(O)(C(O))C(=O),-6.8713208857043355,-6.584721
CCCCCC(=O)(O),-2.1586445927423483,-1.8548036
C(=O)(OO)C(=O)C1OOC(ON(=O)(=O))(C(=O))C1(O)C(OO),-6.98352982342476,-8.832033
C(=O)(O)C(=O)OOC(ON(=O)(=O))C(OO)C(=O)(OON(=O)(=O)),-6.004430171064087,-5.815601
CC(OO)(C(OO))C(C)C(=O)(OON(=O)(=O)),-5.986472232810229,-4.514579
C(=O)(OON(=O)(=O))C(O)(C(=O))C(OO)OOC(=O),-6.487165010552417,-5.2957563
C1(O)C(N(=O)(=O))(ON(=O)(=O))OOC1(C)C(O)C(=O),-6.768595032049234,-5.2400804
C(=O)C(ON(=O)(=O))OOC(C(=O)(O))C(OO)C(=O),-6.7136542149510205,-7.6472135
C(=O)(N(=O)(=O))C(=O)OC(=O)C(OO)C(O)(C)C(=O)(OON(=O)(=O)),-6.55283474375392,-4.2248516
C1(OO)C(ON(=O)(=O))C(OO)C(=O)OOC1C(=O)C,-7.2568098625743005,-7.3628945
C(=O)(O)C1(ON(=O)(=O))OC1(O)C(=O)C(=O)(OON(=O)(=O)),-5.150136162676063,-4.587531
C(=O)C(=O)C(=O)OOC(=O)C(OO),-4.7340399679560505,-3.3021722
CC(O)(C(=O)(O))C(ON(=O)(=O))C(C)(C)C(O)C(=O)(OON(=O)(=O)),-7.116015036277531,-7.73132
C(=O)(OO)C(O)C(ON(=O)(=O))C1OC1(C(ON(=O)(=O)))C(=O),-8.446322789156511,-6.780238
C1(OO)OC1C(O)(C(ON(=O)(=O)))C(=O)C(=O),-6.135097019499881,-4.778948
CC(=O)CCC(O)CC(=O)CC(ON(=O)(=O))C(OO),-8.899184387513742,-10.6195755
C(=O)(OON(=O)(=O))C(O)C(OO)C(=O)C(=O)C(=O),-6.353513379986907,-4.8945727
C(=O)(OO)C(=O)C(O)(C(=O))C(=O)OC(=O),-6.325760830866784,-4.0896187
C(=O)(OO)CC(=O)C(O)C(=O),-6.793847883775015,-3.4614654
C1C(=O)C(=O)C2OOC1(ON(=O)(=O))C2(O)(O),-6.0086064370880194,-6.4312377
C(=O)(O)CC(=O)(OO),-7.166177145607435,-5.260689
CC(=O)OC(=O)C(O)(OO)C(=O)(OO),-8.526104695218237,-7.751506
CC(ON(=O)(=O))(C)C(OO)(C)CC(=O)C(=O)(OON(=O)(=O)),-4.3369092823722895,-5.282574
CC(=O)C(OO)C(O)C(ON(=O)(=O))OC(=O),-7.30891178129059,-6.3725653
C(=O)C1(ON(=O)(=O))OC1C(OO)(C(=O)(OO))C(O)C(=O),-7.579745627170269,-10.254312
C(=O)(OON(=O)(=O))C(O)C1OOC(O)(C1(O)(O))C(=O),-7.476566267978342,-4.291404
C(=O)C1(ON(=O)(=O))OC1(C(=O)(OO))C(O)C(=O),-6.375409755804867,-5.5142164
C(=O)(OO)C1OC1C=CC(=O)(OON(=O)(=O)),-5.218238438148546,-5.7716155
C(=O)(O)C(=O)C(OO)OC(=O)C(ON(=O)(=O))C(O)C(=O),-7.090813442864601,-8.898016
C1(O)(O)C(=O)OOC1(N(=O)(=O))C(ON(=O)(=O))C(OO)C(=O)C,-7.993279880722184,-8.043977
CC(=O)C(ON(=O)(=O))CC(=O)C(C(O))(C)C(=O)(OON(=O)(=O)),-6.632699303431764,-5.4920425
C(=O)(OO)C1OC1C(=O)C(O)(C)C(=O),-6.5589944758758065,-5.385879
C(=O)(OO)C(=O)C(O)C(OO)(C(ON(=O)(=O)))OC(=O),-7.656268133028789,-8.684313
C1(O)(O)C2(N(=O)(=O))OOC1(C(OO))C(ON(=O)(=O))C(O)C2(=O),-9.35201218004022,-9.738122
C(=O)(OON(=O)(=O))C(ON(=O)(=O))C(O)(C1(O))OOC1(C)C(=O),-6.24818697979299,-6.723866
C(=O)(OON(=O)(=O))C(O)C=CC(=O),-4.542692194079791,-3.295576
C(=O)(O)C(=O)OC(=O)C(O)(N(=O)(=O))C(OO)(C)C(=O),-7.170411881035761,-9.423955
C(OO)C(=O)C1(N(=O)(=O))OC1(O)C(=O)C(OO),-6.390408488759931,-6.879438
CC(=O)C(C(=O)(OO))C(C)(C(OO))C(OO)CC(=O),-10.118746547701448,-10.697267
CC(=O)CC(=O)C(O)C(OO)CC(=O)(OON(=O)(=O)),-7.271765573235825,-7.7832236
CC(=O)C(ON(=O)(=O))CC(ON(=O)(=O))C(O)CC(=O)(OO),-8.27036480012157,-8.280693
C1(ON(=O)(=O))C=CC(=O)OOC1(OO)C(=O)C,-5.575581430939565,-5.0113263
C12CC(ON(=O)(=O))(C1(C)C)CC(ON(=O)(=O))C2(OO)C,-5.166667999911624,-5.2157893
C(=O)(OON(=O)(=O))C1(O)OC1(C)C(=O)C(O)C(=O),-5.077181043963719,-4.936137
C(O)C(=O)C(C)(C)C(C(=O))C(=O)C,-4.39785337349258,-5.292256
C1(O)C(=O)OOC1(O),-6.591470630386539,-4.5454116
CC(C(=O)(OO))=C(OO)C(=O)(OON(=O)(=O)),-6.214674221935638,-2.8690233
CC(OO)CC(ON(=O)(=O))CCC(=O)CC(=O)(OO),-8.040302363391675,-7.7246065
CC(=O)C(O)C(OO)C1OC1(ON(=O)(=O))C(=O),-6.537819062241397,-7.224118
C(O)C(=O)C(N(=O)(=O))=C(OO)C(OO)OC(=O),-8.520586065837051,-8.701
CC(C)C(=O)C(ON(=O)(=O))(C)C(=O)C(=O)(O),-5.216540486515441,-4.023558
C1(O)(N(=O)(=O))C2(N(=O)(=O))OOC1(O)C(OO)C(O)C2(=O),-7.889416881476791,-6.75291
CC(ON(=O)(=O))(C)C(C(OO)(C)C(=O))C(OO)C(=O)C(=O),-7.181576913963909,-8.752165
CC(C(=O)(OON(=O)(=O)))=C(OO)C1OC1(ON(=O)(=O))C(=O),-4.2130640065279295,-3.8816338
C12OOC(C1(O))C(N(=O)(=O))(OO)C(ON(=O)(=O))(OO)C2(OO),-7.393818968463165,-10.937041
C(=O)(O)C1OC1(O)C(=O)C(ON(=O)(=O))C(=O),-7.53499741674932,-7.2771287
C1(O)C(C(=O)(OON(=O)(=O)))OOC1C(O)C(=O)(OON(=O)(=O)),-6.501271087687201,-5.868115
C(O)C(OO)(C(ON(=O)(=O)))C(C(OO))C(=O)C(=O),-7.517173587276375,-8.973849
C(O)C(ON(=O)(=O))(C(=O)(O))C(C(=O)(OON(=O)(=O)))C(=O)C,-6.544589579011699,-7.2952747
CCC(ON(=O)(=O))CC(=O)CC(O)CCC(OO),-8.008394420982768,-8.482286
C(=O)(O)C(C(=O)(OON(=O)(=O)))OOC(=O),-3.5239223586249864,-4.0454907
C(=O)CC(=O)C(OO)(C(=O))OC(=O),-4.627142550663848,-5.359536
CC(=O)C(=O)CC(=O)C(ON(=O)(=O))C(ON(=O)(=O))CC(OO)C,-7.528128211504736,-6.1688747
CC(OO)(C)C(C(ON(=O)(=O)))C(O)C(=O),-7.339874229958696,-7.060813
C(OO)C(=O)CC(=O)C(C)C(=O),-4.072406960025546,-5.1625752
C(=O)(OO)C(ON(=O)(=O))C(O)C1OC1(C(=O)(O))C(=O),-8.256588107899006,-9.339025
C1(OO)C=CC(=O)OOC1(OO)C(=O)C(ON(=O)(=O)),-7.795052951805701,-7.6603045
CC(=O)C(OO)(C1(C)C)CC1(ON(=O)(=O))C(OO)C(=O),-7.005664385395903,-8.008076
C(=O)(O)C(=O)OOC(=O)C(O)(C)C(=O),-7.087040477503251,-5.0912347
CC(=O)C(OO)(C1(C)C(ON(=O)(=O)))CC1C(=O)(OON(=O)(=O)),-6.251219452311489,-5.5208497
C(=O)(OO)C=C(C(OO))C1(N(=O)(=O))OC1(O)C(=O),-8.399894477575799,-8.933948
C(=O)(O)C(=O)OC(=O)C(O)(C(O))C(ON(=O)(=O))C(=O),-6.513808694822728,-8.527056
C(O)C(C(O))C(ON(=O)(=O))(C)C(=O),-7.1176926677289885,-6.1810975
C(O)C(C(ON(=O)(=O)))C(OO)(C)C(=O),-7.535900761462472,-6.5908647
CC(=O)CC(ON(=O)(=O))C(OO)(C)C(=O)(OON(=O)(=O)),-5.495272145024501,-5.095936
C(=O)(OON(=O)(=O))C(O)C(=O)OOC(ON(=O)(=O))(C(=O))C(=O)C(OO),-5.965446229183726,-6.8236475
C(=O)(OON(=O)(=O))CC(O)(C(=O)(O))C(ON(=O)(=O))(C)C(=O),-6.319904408317598,-6.1510863
C(=O)C(OO)=CC(=O)OC(=O),-5.016997746357447,-2.120732
CC(=O)C(ON(=O)(=O))(CC(=O)(O))C(O)C(=O)(OO),-8.166106004291578,-8.451012
C(=O)C1(OO)OC1C(OO)(C(=O))C(=O),-7.267429605784855,-6.226755
C(=O)OC(OO)C(ON(=O)(=O))(C(=O)(O))C(ON(=O)(=O))C(=O),-6.555372067541612,-7.4587693
C(=O)(O)C(=O)OC(O)(C(=O)(OO))C(=O),-7.088892035426397,-6.4432664
C1(=O)C(ON(=O)(=O))(C)C(=O)C(ON(=O)(=O))OOC1C(=O)(O),-5.01054468039365,-5.7368755
C(OO)C(=O)C1(O)OC1(N(=O)(=O))C=CC(=O),-7.679048208094173,-8.17455
CC(=O)C(OO)CC(=O)C(ON(=O)(=O))C(=O)CCC(O),-9.144754734149501,-9.044254
C1(=O)C(=O)CC(=O)OC(=O)C1(O)C(O),-6.613170284717853,-7.932897
C(OO)C1(C(=O)(OON(=O)(=O)))OC1C(O)C(=O),-6.781479912177019,-5.6461897
C12OOC(O)(C2(O))C(=O)C(ON(=O)(=O))C1(OO)C(=O)(OON(=O)(=O)),-7.171966480564151,-6.61258
C1(OO)OC1(N(=O)(=O))C(=O)C(C(=O))C(=O),-3.742292732535134,-4.8118944
C(O)C(ON(=O)(=O))(C(=O)(OON(=O)(=O)))C(C(=O))C(OO)(C)C,-7.005901953783905,-7.345589
C(=O)(N(=O)(=O))C(=O)OC(OO)C(O)(C)C(OO)C(=O)(O),-7.139210605262633,-9.132726
C(=O)(O)C1OC1C(ON(=O)(=O))C(O)C(=O),-7.936317544812482,-6.7833714
C1(=O)OC1(C)C(ON(=O)(=O))C(ON(=O)(=O))C(=O)C(=O)(O),-4.700661696397219,-5.145176
C1(=O)OC1(O)C(ON(=O)(=O))C(ON(=O)(=O))(C)C(=O)(OO),-6.435351965111295,-12.06617
C(O)C(=O)C1(O)OC1(OO)C(=O)(OO),-9.690090546155261,-7.2916565
CC(O)CC(OO)C(OO)CC(O),-8.483483290258846,-9.974072
CC(=O)C(=O)CC(=O)OOC(=O)C(=O)(OON(=O)(=O)),-2.804392286701841,-2.6683702
CC1(C(=O)(O))OOC(C1(O))C(OO)C(=O)(O),-8.42592778490507,-12.200498
C1(O)(O)C(=O)OOC1(N(=O)(=O))C(ON(=O)(=O))C(O)(C)C(=O)(O),-7.751666991356615,-7.968819
C(=O)(OO)C(=O)C(ON(=O)(=O))C(O)(O)C(=O)C(=O),-7.717656036380504,-6.950208
C1(ON(=O)(=O))OC1C(OO)(C(=O)(O))C(=O)C(=O),-7.579745627170269,-5.7854323
C(=O)(OO)C(O)C(ON(=O)(=O))C(=O)OC(OO)C(=O)(OON(=O)(=O)),-6.26651317761025,-6.499313
C(ON(=O)(=O))C(=O)C(=O)C1OOC(OO)(C1(O))C(=O)(OO),-7.764978811527726,-10.384601
C2(O)(O)C(=O)C(O)(C)C(ON(=O)(=O))C1OC12(OO),-7.422392333266544,-9.390589
CC(ON(=O)(=O))C(=O)CC(OO)C(ON(=O)(=O))C(OO),-8.440219773938225,-8.007067
C1(O)(O)C(C(=O)(OON(=O)(=O)))OOC1(C(ON(=O)(=O)))C(=O)C(=O),-6.664968640074221,-6.111506
C(=O)C(=O)C(=O)C(O)C(=O)OC(=O)C(=O),-3.7838802225760446,-4.182796
C(=O)(OO)C(OO)C(O)(OO)C(=O)C(=O),-8.520570397675328,-7.7585816
C(=O)(O)C(=O)OC(OO)(C)C(=O)C(OO),-7.9116274953794345,-8.8888
C(=O)C(ON(=O)(=O))C(C)(C(ON(=O)(=O)))C(OO)C(=O),-5.519151146548211,-5.997864
CC(OO)(C)C(O)(C(=O)C(=O)(O))CC(=O),-8.638364779208132,-5.7058787
C(=O)(O)C(N(=O)(=O))C(=O)C(=O)(OO),-7.031496650148256,-5.291227
C(=O)(OON(=O)(=O))C1(OO)OC1C(C)=C(OO)C(=O),-6.189989014537787,-5.650976
C(=O)(OO)C(=O)C(=O)C(=O)OC(=O)C(=O)C,-3.9107755326494953,-4.254696
C(=O)C(=O)C(=O)C=CC(=O)C,-1.8460852216849162,-2.3205721
C(=O)(O)C1OC1C(ON(=O)(=O))(C)C(ON(=O)(=O))C(=O),-5.614706255242709,-6.2730403
C(=O)C(=O)C(=O)C(O)C(O)(ON(=O)(=O))C(OO)C(=O),-7.683961272283341,-7.4353085
C(O)C(=O)C1OC1(ON(=O)(=O))C(=O)C(=O)(O),-5.788801632596005,-4.048256
CC(=O)C(ON(=O)(=O))C(=O)CCC(OO)CCC,-6.132489858470763,-5.01338
C1(O)C(OO)(C)OOC1(O)C(O)(N(=O)(=O))C(=O),-8.054667865622832,-9.358335
CC(ON(=O)(=O))CCC(OO)CC(=O)(O),-7.2272036559907065,-6.625967
C(O)C(OO)C(C)(C(ON(=O)(=O)))C(C(=O))C(=O)C,-7.911864543457341,-7.874388
CC(O)(C)C(OO)(C(=O)(OO))CC(=O),-9.772781191195463,-10.890108
CC1(C)C(C(=O)(OO))C(ON(=O)(=O))C1C(ON(=O)(=O))(C)C(=O)(OO),-7.479193866714013,-5.745188
C(=O)(OON(=O)(=O))C(OO)C(=O)C1OC1(C(=O)(OO))C(=O),-6.521337543726986,-6.9905577
C1(OO)OC1(O)C(=O)(OO),-7.508098246044028,-5.136667
C(=O)(OON(=O)(=O))C(=O)OC(OO)C(C(O))C(=O),-6.278545858065627,-6.597804
CC(C(=O)(O))C(C)(C(OO))C(=O)CC(=O)(OON(=O)(=O)),-8.371765221732858,-8.127097
CC(=O)C1C(ON(=O)(=O))C(C1(C)C)C(OO)C(=O)(OO),-7.633194169075978,-11.385676
c1cc(O)ccc1C(=O),-3.221991985645218,-4.776946
C(=O)(O)C(=O)C(N(=O)(=O))(C(=O)(O))OOC(=O)C(=O),-6.120465975760453,-7.1378665
C(=O)(O)C1(OO)OC1(OO)C(=O)CC(=O),-8.704820686940366,-8.997981
C(=O)(OO)C(O)C(OO)C1(C)OC1(ON(=O)(=O))C(=O)(OON(=O)(=O)),-6.198530094031412,-6.0271416
CC(ON(=O)(=O))C(=O)C(=O)CC(=O)CC(=O)(OO),-5.6638237629831565,-5.189946
CC(ON(=O)(=O))(C)OOC(C(=O)(O))CC(=O)CC(=O),-5.535893922896321,-7.600762
C(=O)(O)C(=O)OC(O)C(C(=O)(OO))=CC(=O)(O),-7.825831257030586,-12.445899
C(=O)(O)C=CC1(OO)OC1(O)C(=O)(OO),-9.386871568905917,-9.955288
C(=O)C(=O)OC(=O)C(=O)C(ON(=O)(=O))C(=O)C(ON(=O)(=O)),-4.043926199135967,-3.8984091
C1(=O)C(ON(=O)(=O))C(=O)C1(C)C(OO),-5.006437491952056,-3.7723205
C(=O)(N(=O)(=O))C1(O)OC1C(O)(O)C(=O)C(=O),-6.28639943530834,-5.6513963
C1(ON(=O)(=O))OC1C(C(=O)(OO))=CC(=O),-4.376082785882318,-4.6361823
CC(=O)C(O)C(C)(C)C(C(=O)(OON(=O)(=O)))CC(=O)(OON(=O)(=O)),-6.808188379100102,-5.5124254
CC(=O)C(=O)OOC(=O)C(N(=O)(=O))C(=O)(O),-5.272791350058469,-4.3471994
C(=O)(OON(=O)(=O))C1(C(=O))OC1(OO)C(=O)C(O)C(=O),-5.794818364051025,-8.234674
CC(ON(=O)(=O))CC(=O)CC(=O)C(OO)C(ON(=O)(=O))C(=O)C,-7.064948009985528,-8.170311
CC1(ON(=O)(=O))C(O)C(=O)C(=O)OOC1C(=O)(OON(=O)(=O)),-4.285444451374133,-5.899388
C(O)C(=O)C(=O)C(C(=O)(OON(=O)(=O)))OOC(=O),-3.6815525856891327,-3.6932566
CC(=O)OOC(OO)C(ON(=O)(=O))(OO)C(=O),-6.783860832258142,-5.261397
C(=O)(N(=O)(=O))C(OO)OC(=O)C(OO)C(O)(C)C(=O)(O),-8.21410218456549,-9.314054
C(=O)(O)C(O)(OO)C1OC1C(=O)C(ON(=O)(=O)),-9.716558903395708,-8.288926
C(O)C(C(=O))C(=O)C(=O)C(=O)C(=O)(O),-6.18516846593775,-8.147881
C1(OO)C=CC(=O)OOC1(OO)C(=O)(OO),-7.5198960592460935,-8.681542
C1(O)(O)COOC1(O)C(=O),-5.767368851720676,-5.5534086
C(=O)(O)C(=O)C(O)(C(ON(=O)(=O)))C(=O),-6.84072881830798,-5.024821
C(=O)(O)C(=O)OC(=O)C(O)(O)C(=O)C(=O)C(ON(=O)(=O)),-6.539343376009128,-4.4346967
CCCC(O)CC(=O)C(=O)C(=O)C(O),-6.714493270773346,-7.0549846
C(=O)C(=O)C1(N(=O)(=O))OOC(=O)C1(O)(O),-6.62454000298203,-4.2969785
C(OO)C(=O)C1CC(ON(=O)(=O))(C1(C)C)CC(=O)(OO),-8.561281513593713,-9.400859
C(=O)(OO)C1(OO)OC1(C(OO))C=CC(=O)(OON(=O)(=O)),-6.528094910281652,-8.795025
CC(O)(C(=O)(O))C1(N(=O)(=O))OOC(OO)(C1(O)(O))C(=O),-10.809294508413586,-11.078081
C(=O)(O)C1(C(=O))OC1(O)C(=O)C(N(=O)(=O))C(=O),-7.879646810488339,-6.3434486
C(=O)(OON(=O)(=O))C(=O)OC(=O)C(OO)(C)C(=O)C(=O),-3.8663696202856954,-3.7955897
C(=O)(OO)C=CC1(OO)OC1(OO)C(=O)(OON(=O)(=O)),-6.12170229574258,-8.314712
C(=O)(O)C(=O)C(ON(=O)(=O))(C(=O)(O))OOC(=O)C(=O),-6.405045993558815,-6.8305297
CC(C(O))C(=O)(OON(=O)(=O)),-3.2836729324262706,-1.5675118
C(=O)(O)C(C(=O)(O))OOC(OO)(C(ON(=O)(=O)))C(=O)(OON(=O)(=O)),-6.1624222541177005,-8.49445
C(=O)C1(O)C(=O)OOC1(O)C(=O),-7.696563226680155,-4.7773376
CC(=O)C(OO)C(C)(C)C(C(ON(=O)(=O)))C(=O)(OO),-7.244314985377059,-8.830732
C(OO)C(OO)C(C)(C(OO))C(=O)CC(=O),-9.55955722345243,-9.884381
CC(=O)C(=O)CC(ON(=O)(=O))(C(OO)(C)C)C(=O)C(=O),-6.612835350399109,-6.8595686
CC(OO)(C)C(C)CC(=O)C(OO),-6.231859023188008,-5.7909756
CC(ON(=O)(=O))(C)OOC(C(=O)C)C(ON(=O)(=O))C(=O)C(OO),-6.148450643119759,-6.0448666
C1(=O)C=C(N(=O)(=O))C(O)(C2(O)(OO))OOC12,-8.512500141172495,-7.5043125
C(=O)(OO)C1(O)OC1(C(=O))CC(=O)(OON(=O)(=O)),-7.441668495056547,-3.9814305
C(=O)(OO)C(ON(=O)(=O))C(O)(C(=O))C(=O)OC(=O)C(=O),-6.854444707474613,-5.510813
C(=O)(O)C(=O)C(ON(=O)(=O))C1OC1(C(=O)(O))C(ON(=O)(=O)),-7.669716781234456,-7.566949
C(=O)(OO)C(ON(=O)(=O))C(C)C(OO)(C)C(=O),-6.998879843062241,-7.807104
CC(=O)C1(OO)OC1C(=O)C(OO)C(=O)(OO),-7.298782734978886,-8.656429
C(=O)(O)C(C(=O)(OO))C(=O)OC(OO)C(=O),-6.322216373906485,-7.0274396
C12OOC(C1(=O))C(N(=O)(=O))(OO)C(=O)C2(=O),-4.966371648386485,-3.640893
C1(OO)OC1(O)C(O)C(=O)C(=O)(O),-8.92530185031137,-7.7185693
C1(OO)OC1C(O)C(=O)C(=O)C(=O)(OON(=O)(=O)),-5.074138034564385,-4.302395
C1C(ON(=O)(=O))C(ON(=O)(=O))C1(C)C,-0.9932900606117983,-1.8821654
CC(=O)C(ON(=O)(=O))(C(OO)(C)C(OO))C(ON(=O)(=O))C(=O),-7.817433463501402,-7.2614527
CC(OO)(C(=O)(O))C(=O)C(=O)C(=O)C(=O)(OON(=O)(=O)),-6.511490080723888,-5.0392528
C(=O)(O)C(=O)C1(C)OOC(OO)(C1(O))C(=O)(OON(=O)(=O)),-7.171027273091568,-5.897529
C(ON(=O)(=O))C1(O)C(=O)OOC1C(=O)C(OO)C(=O)(OO),-6.746431438309628,-7.6561055
C(=O)(O)C(=O)OC(OO)C(=O)CC(=O),-7.02835081671401,-7.5807357
C(=O)(O)CC(=O)CC(OO)C(ON(=O)(=O))(C)C(ON(=O)(=O)),-8.272402234342735,-8.758548
C(=O)(N(=O)(=O))C(=O)C1(C(O))OOC(C1(=O))C(=O),-4.931685496090722,-3.0752997
C2(ON(=O)(=O))C(O)C(ON(=O)(=O))C(C1(O)(O))OOC12C(=O)(OO),-9.144452648512015,-6.8824544
CC(C(=O)(OO))=C(OO)C(O)OC(=O)C(=O),-8.63295660496442,-6.4259434
C1(OO)OC1(C(=O)(N(=O)(=O)))C(OO),-6.942551145857578,-4.898475
C(=O)C(OO)C(O)C1(C(ON(=O)(=O)))OC1(OO)C(=O),-8.22139710477768,-9.060763
C(OO)C(=O)C1(N(=O)(=O))OC1(O)C(=O),-6.441958621264348,-6.9167585
CC(=O)C1OC1(O)C(O)(O)C(=O)(OO),-8.918445241151858,-9.857585
C(=O)(O)C1OC1(O)C(=O)C(=O)C(ON(=O)(=O)),-6.996859648694226,-3.994681
C(=O)(OON(=O)(=O))C(O)(C(=O))C(O)(C(=O))OOC(=O)C(=O),-5.441702274263662,-6.5548553
C1(OO)C(=O)C(OO)C1(C)C,-6.474908917452922,-3.860121
C1(O)COOC1(C(=O)(O))C(=O)C(=O),-7.014085148681261,-5.827699
C(=O)C(=O)C(O)(O)C(OO)(C)OC(=O)C(=O),-8.025126858088697,-5.8230615
CC(O)(C(=O)(OON(=O)(=O)))C(ON(=O)(=O))C(C)(C)C(C(=O)(O))C(=O),-6.5057040159963435,-7.660983
C(=O)(O)C=C(C(ON(=O)(=O)))C(O)OC(=O)C(=O)(OO),-8.467434795271402,-10.371052
C(=O)(O)C1(O)OC1C=C(OO)C(=O)(OO),-9.825922884439933,-7.1413183
C(=O)(O)C1(C(ON(=O)(=O)))OOC(C1(=O))C(OO)C(=O)(OO),-7.390186207420811,-11.0578375
C(=O)(N(=O)(=O))C1OC1(O)C(=O)CC(=O)(O),-5.657367252004406,-4.755811
C(=O)(OON(=O)(=O))C1(O)OOC(N(=O)(=O))(C1(O))C(=O)C(=O),-6.172541664998789,-5.8622346
CC(=O)C(=O)C(C)(C(ON(=O)(=O)))C(C(O))C(=O)(OO),-8.27824351718482,-5.6374426
CC(ON(=O)(=O))(C(O))C(OO)(C(=O)(O))CC(=O)C(=O)C,-9.409158964047492,-9.564575
CC(=O)C(OO)CC(C(=O)C)C(ON(=O)(=O))C(=O)(O),-8.822910455325655,-9.43351
CC(=O)C(=O)CC(C(=O)(OON(=O)(=O)))C(C(O))(C)C(=O),-6.08677149331379,-5.804952
C(=O)C1(OO)OC1C(OO)C(O)(C(=O))C(=O),-8.927666032985144,-7.5641394
CC1(C)C(=O)CC1C(O)(C(OO))C(=O)(OON(=O)(=O)),-7.201853014185872,-6.238062
C(=O)(O)C(ON(=O)(=O))C(=O)C(O)(O)C(=O)C(ON(=O)(=O)),-6.7241780438234855,-6.8312073
C(=O)(OON(=O)(=O))C(OO)=C(C)C(OO)OC(=O)C(=O),-6.214674221935638,-5.7582183
C(OO)C(O)(C(=O))C(=O)C=C,-5.453176028373491,-4.2953134
C2(=O)C=CC(C1(O))OOC12C(=O)(O),-7.602749171192045,-7.7920055
C1(O)C(ON(=O)(=O))(C)OOC1C(=O)C(=O)(O),-5.69210767100958,-5.552953
CC(=O)C(ON(=O)(=O))C(OO)OOC(=O)C(=O)(OON(=O)(=O)),-4.592557123673032,-4.6127467
CC1(C)OOC(OO)CC1C(OO)C(=O),-7.00760851787436,-7.282488
C(=O)(OO)C(ON(=O)(=O))(OO)C(ON(=O)(=O))C(=O),-6.651828504473087,-5.701072
C(ON(=O)(=O))C(=O)C(O)C1OC1C(O)(O)C(=O)(OO),-8.747042514165514,-9.564103
C1(=O)C(N(=O)(=O))(OO)C(OO)(C)C(=O)OOC1C(=O)(OON(=O)(=O)),-6.231527324021954,-6.5406103
CC(=O)C(OO)(C1(C)C)C(ON(=O)(=O))C1(ON(=O)(=O))C(=O)(O),-7.479193866714013,-8.258616
C(=O)(O)C(OO)C1OOC(O)(C(=O))C1(O)C,-9.381482096909167,-7.4837456
C(=O)(O)CC(=O)C(C)C(ON(=O)(=O)),-5.336522609990425,-4.7657833
C1(OO)CC(OO)CC(OO)C1(O)C,-8.083376020745163,-10.137347
C12(N(=O)(=O))OOC(OO)(C1(O)(O))C(ON(=O)(=O))C(O)C2(=O),-7.851578193662135,-7.2995496
C(=O)(N(=O)(=O)),0.5591802440467291,1.0126563
CC1(C)C(OO)(C(OO))CC1(O)C(=O)(OON(=O)(=O)),-6.5786078373039345,-6.4327593
C(O)C(=O)C(=O)OC(=O)C(ON(=O)(=O))C(ON(=O)(=O))C(=O)(OO),-7.295455908179065,-7.42886
C(=O)(O)C(=O)OC(=O)C=CC(=O),-4.392504828005258,-4.9471245
CC(=O)CC(OO)C(=O)C=C,-3.7458800401655026,-3.821066
C1(=O)OC1C(ON(=O)(=O))C(OO)(C(ON(=O)(=O)))C(=O)C(=O)(O),-7.000756895686209,-6.303723
C(=O)(OON(=O)(=O))C(O)C(OO)(C)C1(O)OC1C(=O),-6.90323793314019,-8.167536
C(=O)(OO)C1(OO)OC1(C(=O)(O))CC(=O),-7.719778592552757,-7.8971195
C(=O)C(=O)OC(O)(C(=O)(O))CC(=O),-7.304094954335596,-6.446196
C1(=O)C(=O)OOC1(ON(=O)(=O))C(O)C(=O)C,-3.9394912613188353,-4.915362
CC(=O)CC(=O)CC(OO)CC(OO),-8.945440218999465,-7.4714866
C(ON(=O)(=O))C(=O)C(O)(C(=O)(O))OOC(=O)C(ON(=O)(=O))C(=O),-6.77004890608805,-8.886571
CC(=O)C(OO)C(=O)C(ON(=O)(=O))(C)C(=O)(OO),-6.998879843062241,-5.8615894
C(=O)(O)C1(ON(=O)(=O))OC1(ON(=O)(=O))C(C)C(=O)(OO),-5.992528420096278,-4.3536277
C(O)C(=O)C(O)C(O)C(=O)(OO),-9.938458504551818,-6.9719334
C(O)C(=O)C(C(O)C(=O)(O))OOC(=O)C(=O),-8.641505141087691,-9.811793
C(ON(=O)(=O))C(OO)C(C)(C(O))C(=O)C(=O)(OON(=O)(=O)),-6.732778609622983,-6.600028
C1(=O)C(=O)C(O)C(OO)OC(=O)C1C(OO),-9.542615748196113,-9.938354
C(=O)(O)C(C(OO))C(C(O))(C)C(=O)(OON(=O)(=O)),-8.070657507584656,-8.315842
CCCC(=O)CC(ON(=O)(=O))C(O)CCC(=O)(OON(=O)(=O)),-5.671687171626218,-6.530656
C(=O)C1(ON(=O)(=O))OC1(O)C(OO)(C)C(O)C(=O),-7.243377195509311,-10.206715
C(=O)(OO)C(O)C(ON(=O)(=O))C(O)C(=O),-7.828214491144536,-7.102461
C(=O)(O)C(OO)(C(ON(=O)(=O)))C(ON(=O)(=O))C(=O)(OO),-7.357836487894019,-5.619305
CC(OO)(C)C(OO)(C)CC(=O)C(OO),-6.731779077441388,-8.335701
C1(OO)OC1C(ON(=O)(=O))(C)C(ON(=O)(=O))C(=O),-4.5539234395273525,-5.0733433
C(=O)(O)C(OO)C(O)C1(OO)OC1(ON(=O)(=O))C(=O),-6.7929174533837795,-10.116205
C(=O)(O)C1(C(=O)(OO))OC1C(O)C(ON(=O)(=O))C(=O)(OON(=O)(=O)),-6.62355461649895,-9.972522
C(=O)(OO)C(=O)C1OOC(O)(C1(O))C(=O)C(=O),-7.636151898776006,-8.827127
C1(O)(OO)C2(OO)OOC1C=C(C)C2(=O),-8.162433003937622,-7.569708
C(=O)OC(=O)C(=O)C(ON(=O)(=O))(C(=O)(OO))C,-4.6147722872956365,-3.4258556
CC1(C)C(=O)C(OO)C1C(OO)C(ON(=O)(=O))C(=O)(OON(=O)(=O)),-6.231911127709282,-6.926275
C1(ON(=O)(=O))OC1C(OO)C(O)(OO)C(=O)(OO),-7.895535762438158,-6.8259172
CC(O)(C)C(C(=O)C(ON(=O)(=O)))C(OO)C(=O)(OO),-7.2714030573361015,-7.2946663
CC(=O)C(=O)CC(O)(C(OO)(C)C(ON(=O)(=O)))CC(=O)(OO),-9.38155337644639,-10.706599
C(=O)(O)C(=O)C1(OO)OC1C(O)C(ON(=O)(=O))C(=O),-6.898011816334474,-9.547729
C(=O)(OO)C(O)(N(=O)(=O))C(=O)C1OC1(OO)C(=O),-7.564042543750475,-8.839225
CC1(C)C(OO)(C(=O)(OO))CC1C(ON(=O)(=O))(C)C(=O)(OO),-7.594694209060435,-7.2594905
C(=O)(OON(=O)(=O))C1OOC(O)(C1(O)(O))C(ON(=O)(=O))C(=O),-6.570715210255003,-6.3117795
CC(C(OO))(C(=O)(OO))C(C(ON(=O)(=O)))CC(=O)(OON(=O)(=O)),-6.824564161619492,-6.245465
C(=O)(O)C(=O)C(N(=O)(=O))C1OC1(OO)C(=O),-6.315162757786311,-6.1632314
C(=O)(OON(=O)(=O))C(=O)C(OO)OOC(=O)C(O)C(=O),-5.706318314265445,-5.094914
C(ON(=O)(=O))CC(=O)CC(OO)C(=O)CC(ON(=O)(=O)),-7.7244894769555685,-8.405818
C1(O)C(O)(C(=O)(O))OOC1(C(=O)(OON(=O)(=O)))C(=O)C(=O),-7.574330250962703,-8.107108
C(O)C(=O)OC(=O)C(ON(=O)(=O))C(OO)C(=O)(OON(=O)(=O)),-6.418847010874742,-5.9561133
CC(OO)(C)OOC(=O)C(ON(=O)(=O))(C)C(=O)(O),-7.394918362887438,-6.5107427
C(ON(=O)(=O))C(OO)(C(=O)(OO))C(=O)C1OC1C(=O),-7.934547061938247,-6.7101197
C(O)C(OO)CC(=O)CCC(=O)(OON(=O)(=O)),-8.376134324974373,-6.9209514
C(O)C(OO)(C(ON(=O)(=O)))C(=O),-6.428462290469724,-4.5307875
CC(=O)C1OOC(O)(C1(=O))C(=O)(N(=O)(=O)),-4.423171617836488,-3.421289
C1(O)(O)C(OO)(C)OOC1(N(=O)(=O))C(=O)(O),-8.817672188617507,-5.4925313
C(=O)(OO)C1(O)OC1C=C(OO)C(=O)(OON(=O)(=O)),-7.221856452306383,-8.35629
C(=O)(O)C(=O)C(=O)C(=O)CC(=O)C,-4.8328022046971455,-6.675957
CC(ON(=O)(=O))(C)C(O)(C(=O)(OON(=O)(=O)))C(=O)C(OO)CC(=O),-6.903849629621618,-6.531982
C(ON(=O)(=O))C1(C(OO))C(C(=O)(OON(=O)(=O)))CC1C(=O)C,-6.515313529534069,-6.0142336
C(=O)(O)C(N(=O)(=O))(ON(=O)(=O))C(O)(C)C(OO)OC(=O),-6.908685236196106,-7.486764
CC(ON(=O)(=O))CCC(ON(=O)(=O))C(=O)CC(=O)(O),-7.563762612659048,-6.7895284
C(=O)(OON(=O)(=O))C(=O)C(=O)C(O)(C(OO))C(=O),-6.162720551090388,-4.081386
C(=O)(OO)CC1CC(ON(=O)(=O))(C(=O)(OON(=O)(=O)))C1(C)C,-5.918702580509489,-6.4121356
C(O)C(=O)OOC(O)(C(=O)(N(=O)(=O)))C(=O)(OO),-8.014677590723295,-7.2987766
C(=O)C(ON(=O)(=O))C(=O)C(=O)C(OO)C(=O),-4.3170048690153635,-4.4236145
C(=O)(OON(=O)(=O))C(ON(=O)(=O))C(=O)C(=O)OC(OO)(C)C(=O),-4.273263563,-3.9913232
C(=O)(O)C=C(OO)C(=O)OC(=O)C(=O)(OON(=O)(=O)),-5.995268778529862,-6.0829763
CC(=O)C(OO)(C1(C)C)CC1C(OO)C(=O)(OON(=O)(=O)),-6.607693265294984,-6.9235497
C1(=O)OC1(OO)C(=O)C(C)C(=O)(OON(=O)(=O)),-3.5267836683797213,-4.4303718
C(O)C(ON(=O)(=O))(C(=O)(O))C(OO)OOC(=O)C(=O),-8.711983556882842,-8.590743
CC(ON(=O)(=O))C(=O)C(C)(C)C(OO)C(=O),-5.146986789083712,-6.045226
C(=O)(O)C(C(=O)(OON(=O)(=O)))C(OO)C(=O)OOC(=O),-5.706318314265445,-6.335257
CC(=O)C(ON(=O)(=O))C(C)(C(=O)(OON(=O)(=O)))C(O)C,-5.124171671506701,-4.4936037
CC1(C(ON(=O)(=O)))C(OO)CC1C(OO)(C)C(=O),-7.202879673298412,-7.1065974
C(=O)(OON(=O)(=O))C(OO)C(O)(N(=O)(=O))C1(O)OC1(C)C(=O),-9.093631318935877,-8.403366
C(=O)(O)CC1OOC(=O)C1(O)C(ON(=O)(=O)),-6.958037846030493,-5.9539647
C2(OO)C(O)C(OO)C(C1(O))OOC12C(OO),-11.975705843545256,-11.163361
C(=O)(O)C(=O)C(O)(O)C(OO)(C)OC(=O)C(=O),-8.025126858088697,-9.520296
C(=O)(OO)C(O)OOC(=O)C(ON(=O)(=O))(C)C(=O),-7.614200698217246,-6.315114
C(=O)(OON(=O)(=O))C(C(=O))C(C)(C(ON(=O)(=O)))OOC(=O),-3.2626918424311953,-4.0184174
C12C=CC(N(=O)(=O))(OO)C(OO)(C1(O)C(ON(=O)(=O)))OO2,-6.9445834410344105,-7.4064865
CC(O)(C(=O)(OO))C(OO)C1OC1(ON(=O)(=O))C(=O),-7.243377195509311,-9.113173
C(=O)(N(=O)(=O))C1(O)OC1C(OO)(C(=O)(O))C(O)C(=O),-8.479124871832028,-11.995861
C(=O)(O)C1(ON(=O)(=O))OC1C(C(OO))C(=O),-6.170654558902243,-7.6865935
C(=O)(O)CC1CC(C(=O)C(ON(=O)(=O)))C1(C)C(OO),-9.06097269906877,-9.1034355
C(=O)(OO)C(ON(=O)(=O))C1(C)OOC(OO)(C1(O))C(=O),-8.343643990940109,-6.470043
C(OO)C(=O)C(ON(=O)(=O))C(C)(C)C(ON(=O)(=O))C(=O)C(=O),-6.057691558434271,-5.164206
C12OOC(O)(C2(=O))C(=O)C(O)C1(ON(=O)(=O))C(ON(=O)(=O)),-7.062898605522605,-3.7678983
CC(O)(C(=O))C(N(=O)(=O))(ON(=O)(=O))C(O)(O)C(=O)C(=O),-7.465292535827757,-7.228353
C1C(=O)CC(ON(=O)(=O))C(=O)C1C(OO)(C)C(O),-8.438907656171978,-8.188753
CC(=O)C1OC1(N(=O)(=O))C(O)C(=O),-4.216173863380391,-5.679126
C1(=O)C2(O)OOC1C(OO)=CC2(ON(=O)(=O)),-6.6436627248695,-5.876777
C1(O)(OO)C(ON(=O)(=O))(C(=O)(OON(=O)(=O)))OOC1C(OO)C(=O),-5.515587897854857,-7.016542
C(=O)(OO)C(OO)(C(=O)(OON(=O)(=O)))C(ON(=O)(=O))C(OO)OC(=O),-5.728318568339091,-7.59631
CC(ON(=O)(=O))C(=O)OC(OO)C(=O),-4.863719712595412,-3.2484944
CC(=O)OC(=O)C(ON(=O)(=O))(OO)C(O)C(=O)(OO),-7.265369962682598,-7.322617
CC(OO)(C(=O))C(ON(=O)(=O))C(C)(C)C(ON(=O)(=O))C(=O),-5.647475897819277,-6.622617
C(=O)(OON(=O)(=O))C(O)C(OO)(C(OO))C1OC1C(=O),-8.194252108813998,-8.892911
C(ON(=O)(=O))C(=O)CCCC(OO),-6.0454589750379455,-4.151503
CC(OO)(C(=O)(O))OOC(=O)C(ON(=O)(=O))C(=O),-7.693676430333653,-7.3954096
CC(=O)C(=O)C(ON(=O)(=O))(C)C(ON(=O)(=O))(C(O))C(O),-6.679484267789121,-6.3785796
c1c(O)c(O)c(OO)c(O)c1,-6.340507663833705,-9.566462
C(O)C1(C(=O)(O))OC1C(O)C(ON(=O)(=O))C(=O)(O),-9.604844186192167,-11.7224655
C(=O)(OON(=O)(=O))C(=O)C(O)(O)C(ON(=O)(=O))(C)C(=O),-6.058053848411873,-5.0753107
CC(OO)(C(=O)(OO))C(N(=O)(=O))(C1(O)(O))OOC1C(=O),-8.58311150708505,-10.171393
CC(ON(=O)(=O))(C)OOC(C(=O)(OON(=O)(=O)))C(OO)(C)C(=O),-5.396857153380552,-5.400678
CC(=O)CCC(ON(=O)(=O))CC(ON(=O)(=O))C(=O)CC,-4.563050514782844,-5.575143
C(=O)(O)C=CC(C)=CC(=O)(OON(=O)(=O)),-3.3057407681189943,-4.593414
CC(C(=O)(O))(C)C(OO)C(O)(C)C(=O),-7.843617870965318,-7.9933467
C(ON(=O)(=O))C1(C(=O))OC1(OO)C=C(OO)C(=O),-8.33142138423409,-8.2081785
CCC(OO)CC(ON(=O)(=O))C(ON(=O)(=O))CC(O),-7.285172709424842,-6.7082314
C(=O)(OON(=O)(=O))C(=O)C(ON(=O)(=O))C(O)(O)C(=O)C(=O),-5.628846242967484,-3.7701945
C(=O)(O)C1OOC(ON(=O)(=O))(C1(O)C)C(OO)C(=O),-7.3716886382380835,-10.311121
C1(OO)OC1C(OO)(C(=O)(O))C(ON(=O)(=O))C(=O)(OON(=O)(=O)),-6.697111222560125,-7.6432924
C2(O)C(ON(=O)(=O))C(=O)C(O)(C1(O))OOC12C(O),-9.413028497161577,-8.714916
CC(=O)CC(ON(=O)(=O))CCC(=O)CCC(=O)(O),-7.038772916355811,-7.850578
CC(=O)C(=O)OOC(C)(C(ON(=O)(=O)))C(C(O))C(=O),-5.950173594632361,-6.3619967
C(=O)(O)C1OC1C(ON(=O)(=O))C(=O)(OON(=O)(=O)),-5.051417886390482,-4.394642
C(=O)(O)C(=O)C(O)C(O)(C(OO))C(=O)OC(=O),-8.437551210348829,-9.213095
C(=O)(OO)C(O)C1(C(=O)(OON(=O)(=O)))OOC(C1(=O))C(=O),-7.453621906139233,-4.980384
C(O)C(=O)OOC(C(=O)(OON(=O)(=O)))C(=O),-3.6815525856891327,-3.9463491
CC(ON(=O)(=O))(C)C(OO)(C(=O)(OO))CC(=O)(OON(=O)(=O)),-7.037665495120564,-3.532277
C(=O)(O)C(N(=O)(=O))=CC(OO)(C(O))OC(=O),-9.797572264900737,-8.870065
C1(ON(=O)(=O))C(OO)C(OO)C(C)(C(=O)(OON(=O)(=O)))OOC1(=O),-5.851046813185349,-6.6337996
C1(=O)COOC1C(OO)(C(=O)(OON(=O)(=O)))C(=O)(OON(=O)(=O)),-4.414055372421899,-3.5970058
CCC(OO)C(ON(=O)(=O))CC(=O)CC(=O),-5.407641058259287,-5.9095125
CC(O)CCC(=O)CC(=O)CCC,-4.115387481072503,-4.0918684
C1(=O)C(O)(O)C(OO)OC(=O)C=C1C,-9.374752594661913,-7.6415167
CC(O)C(C)(C(=O)(O))C(C(=O)(OO))C(=O)C,-7.708706296183664,-6.9799395
C1(=O)C(OO)C(O)(OO)C(=O)OOC1(ON(=O)(=O))C,-7.580724880042908,-6.535237
C1(=O)OC1(N(=O)(=O))C(O)(O)C(=O)C(O)C(=O)C(O),-7.9001789038266,-6.2791405
C(=O)(OO)CC1(ON(=O)(=O))OC1(O)C(=O)(OO),-7.114445335100754,-5.0229664
C(=O)OC(OO)C(O)(C(OO))C(=O)C(=O),-8.74774732797232,-6.391879
C12OOC(C2(=O))C(=O)C(O)C1(ON(=O)(=O))C(=O)(OO),-8.125938483915888,-6.957748
C(=O)C(ON(=O)(=O))C(OO)(C)C(=O)CC(=O),-5.835237180315744,-5.824234
C1(O)C(ON(=O)(=O))(C(=O)(OON(=O)(=O)))OOC1C(OO)C(=O),-5.473260655187914,-6.350418
C(OO)C(=O)C(=O)C(O)(O)C(=O)(OON(=O)(=O)),-6.828591061757834,-6.6745954
C(=O)(O)C1(N(=O)(=O))OC1(C)C(OO)C(=O)(OO),-6.648910506615721,-8.568219
C(ON(=O)(=O))C(=O)C(OO)(C(=O)(O))OOC(=O)C(O)C(=O),-7.541663054806122,-7.636351
C(=O)(O)C1OC1C(ON(=O)(=O))(C(OO))C(OO)C(=O)(OO),-8.708279320184374,-11.296993
C(O)C1(C(=O)(OO))OC1(OO)C(=O),-8.09461697498773,-6.362174
CCCC(O)CC(ON(=O)(=O))C(=O)CC(=O)(OON(=O)(=O)),-5.14625232952676,-5.5137825
C(=O)(O)C(=O)OC(=O)C(ON(=O)(=O))C(O)C(=O)(OO),-7.828214491144536,-7.647652
C(ON(=O)(=O))C(=O)C(O)C(=O)C(ON(=O)(=O))OC(=O),-5.2545838459227525,-2.9665763
C(OO)C(OO)C(C(=O)(OON(=O)(=O)))OOC(=O),-6.015508080698055,-5.931554
C(=O)(O)C(N(=O)(=O))=CC1(O)OC1C(=O)(OO),-7.7581065744270745,-10.750348
C(=O)(OO)CC(ON(=O)(=O))C(C)(C)C(C(=O)(OON(=O)(=O)))C(=O)C(O),-7.315056107225246,-10.653959
C(=O)(OO)C(=O)C(ON(=O)(=O))(C(OO))C(=O),-6.621513358584707,-5.5124855
CC(ON(=O)(=O))(C(=O))C(OO)(C(=O)(OON(=O)(=O)))C(C)(C)C(=O)C(=O),-4.952426266060684,-5.885625
C1(OO)C=CC(=O)OOC1(C(=O)(OO))C(=O),-7.690021029255149,-8.3874655
C(=O)(N(=O)(=O))C(OO)OC(=O)C(ON(=O)(=O))C(O)C(=O)(O),-6.535729006605834,-8.0067
C1(O)C(OO)(C(=O)(OO))OOC1C(ON(=O)(=O))(C(O))C(=O),-9.306440643282258,-11.808101
CC(=O)C1(N(=O)(=O))OC1(O)C(ON(=O)(=O))C(O)C(=O),-6.855328871806705,-6.3681717
C12OC1C(OO)C(=O)C(=O)C2(=O),-4.320971402621581,-5.3483076
C1(=O)OC1(OO)C(ON(=O)(=O))(C)C(OO)C(=O)(OON(=O)(=O)),-5.669855648739031,-10.012316
CC(OO)(C)C(C(=O)C(O))C(=O)C(=O)C(ON(=O)(=O)),-6.955949919082741,-7.2989135
C(=O)(O)C(O)C(=O)C(O)C(=O)C(=O),-7.318864158243741,-9.259358
C(=O)(N(=O)(=O))C(=O)C(O)(C)C(=O)OOC(=O),-4.256944337852474,-2.1597683
C(=O)C1(ON(=O)(=O))OC1C(O)(C(ON(=O)(=O)))C(OO)C(=O),-7.100375272001656,-7.431859
C(=O)(OON(=O)(=O))C(=O)OC(=O)C=C(OO)C(=O),-4.036753716407475,-2.8579235
C(=O)(O)C(N(=O)(=O))=CC(OO)(C(OO))OC(=O)C(=O),-9.30933267995897,-9.593871
C(ON(=O)(=O))C(=O)C1(OO)OC1(OO)C(=O),-6.161951767915525,-4.2994623
C(=O)(N(=O)(=O))C(O)(C(=O)(O))OOC(=O)C(ON(=O)(=O))(C)C(=O),-6.421408922331466,-7.484965
CC(=O)C(O)CC(C(ON(=O)(=O))(C)C)C(ON(=O)(=O))C(=O),-6.382182665121945,-7.458048
C(ON(=O)(=O))C(OO)C(C)(C)C(C(=O)(OON(=O)(=O)))C(=O),-5.071091146533945,-5.864059
C(OO)C1(C(=O)(OON(=O)(=O)))OOC(C1(=O))C(OO)C(=O),-6.281594052006767,-7.2969785
CC(C)(C(=O)(OON(=O)(=O)))C(O)C(=O),-3.679937386237725,-3.4125857
CC(=O)C(C)CC(=O)(O),-4.109135419545055,-3.1844919
C(=O)(O)C(N(=O)(=O))C(=O)C(=O)OC(OO)C(=O)(OO),-7.031496650148256,-9.283955
C(=O)(O)C(O)C1(O)OC1(O)C(=O),-8.108830560027855,-8.676687
C(=O)C1(OO)OC1(C(=O)(O))C(OO)C(=O),-7.267429605784855,-8.523525
C(=O)(O)C(OO)C(C)(C(ON(=O)(=O)))C(=O)C(=O)(OO),-7.774102197181492,-8.919374
C1(O)C(N(=O)(=O))(C(=O)(O))OOC1C(=O)C(ON(=O)(=O)),-7.21944591814281,-7.1225677
CC(ON(=O)(=O))(C)C(OO)(C(=O)(OON(=O)(=O)))C(OO)C(=O)C,-6.607430497760106,-5.446104
C1(OO)OC1(C)C(ON(=O)(=O))C(O)(N(=O)(=O))C(=O)(OO),-7.937261235467304,-6.414816
CC(OO)(C(=O)(OON(=O)(=O)))C(OO)C(=O)C(=O)C(=O)(OON(=O)(=O)),-5.853243539631876,-4.828222
C1(OO)C(OO)C(=O)OOC(OO)C1(=O),-6.523678300323809,-5.9653378
CC(=O)C(O)C(C)(C)C(C(ON(=O)(=O)))C(=O)(OON(=O)(=O)),-5.586431755959893,-5.7019625
CC(=O)C(OO)=CC(=O)(O),-6.7178183042415185,-1.0732718
CC(=O)CC(ON(=O)(=O))C(=O)C(ON(=O)(=O))CCC(O),-6.380683651520485,-7.0638947
C2(=O)C(=O)C(OO)C(OO)(C1(=O))OOC12(ON(=O)(=O)),-5.759271659861042,-4.4704294
C(=O)(OO)C(OO)C1(C)OOC(ON(=O)(=O))(C1(=O))C(=O)(OON(=O)(=O)),-6.012090151260054,-8.519812
C(OO)C(C(=O)(OO))=CC1OC1C(=O)(OON(=O)(=O)),-7.190190360081033,-5.0662293
C(O)C(=O)OC(O)C(N(=O)(=O))=C(OO)C(=O)(O),-9.658293487687843,-12.771208
CC(ON(=O)(=O))(C)C(C(O)C(=O))CC(=O),-5.640511525310103,-6.349392
CC1(C)C(ON(=O)(=O))(C(=O)C(OO))CC1C(OO),-7.384636141197916,-7.177472
CC(ON(=O)(=O))(C(=O)(O))C(=O)C(C)(C)CC(=O)(O),-7.043177308784834,-7.067128
C(=O)(O)OOC(C(=O)(OO))C(=O)C(=O),-7.256737594216247,-4.7878547
C(=O)(OO)C(ON(=O)(=O))C(C)(C)C(ON(=O)(=O))C(=O)(OO),-6.238535917052104,-8.383342
C(=O)(OON(=O)(=O))C(O)C(=O)C(OO)(C)C(O)C(=O),-6.511490080723888,-5.4048443
CC(=O)C(ON(=O)(=O))C(C)(C)CC(=O),-3.4589333763096874,-2.8259401
CC(=O)C1OOC(ON(=O)(=O))(C1(=O))CC(=O)(OON(=O)(=O)),-2.880217037906732,-3.24728
C1(O)(O)C(O)(C(=O)(O))OOC1C(=O)C(=O)(O),-8.736895979407564,-11.533169
C(=O)(OO)C(=O)C(ON(=O)(=O))C(C(=O)(OON(=O)(=O)))OOC(=O),-4.296766235167524,-5.631393
C2(=O)CC(ON(=O)(=O))C(OO)(C1(=O))OOC12(OO),-6.266680798667949,-5.8064976
C(O)C(=O)C(=O)C(OO)C(ON(=O)(=O))CC(=O)(O),-7.434095664812048,-7.140204
C(=O)(O)C(OO)=C(OO)C(=O),-8.846453856463995,-7.371982
CCC(O)CCC(=O)C(ON(=O)(=O))CC(=O)(OO),-8.049140372052534,-6.903857
C1(O)(OO)C(O)(C(=O))OOC1(C(OO))C(ON(=O)(=O))C(=O),-10.262353787877146,-12.077196
C(ON(=O)(=O))C(=O)OC(OO)C(ON(=O)(=O))C(=O)(OO),-7.244779446460598,-6.7778726
CC(OO)(C)C(CC(=O)(O))C(O)C(=O)(OO),-10.342654247218888,-9.24511
C(=O)C(=O)C(=O)C(OO)=CC(=O)C(OO),-6.615002375707263,-7.680622
C(=O)(OON(=O)(=O))C(OO)C(O)(C)C1OC1(ON(=O)(=O))C(=O),-6.198530094031412,-5.79539
C(=O)(O)C(=O)OC(O)C(C(=O)(O))=CC(=O)(O),-9.181089311920005,-12.077734
C(=O)(N(=O)(=O))C1(OO)OC1CC(=O)C(=O)(O),-6.1651022479582025,-6.5245576
C(=O)(OO)C(=O)C(O)C(=O)OC(=O)C(=O)(OON(=O)(=O)),-5.706318314265445,-5.0454645
C(=O)(N(=O)(=O))C(=O)C(O)(C1(O)C(OO))OOC1C(=O),-9.695430313970064,-8.024016
C(=O)(O)CC(OO)C(=O)CCC(=O)CCC(ON(=O)(=O)),-9.353224661421336,-10.583173
C(=O)(OO)C(=O)C(=O)C(ON(=O)(=O))C(=O)(OO),-7.090813442864601,-5.628884
CC1(C)C(OO)(CC(=O)(O))C(ON(=O)(=O))C1C(=O)C(ON(=O)(=O)),-7.809976476375596,-9.224925
CCC(=O)C(OO)C(O)CC(O),-7.842769382182269,-7.455386
C(=O)(O)C1(ON(=O)(=O))OC1(C)C(O)C(O)C(=O)(OON(=O)(=O)),-6.086086841378346,-6.9039106
C(=O)(OON(=O)(=O))COOC(=O)C(=O)(OON(=O)(=O)),-2.404990483117217,-1.9293711
C2(O)C(=O)C(=O)C(O)(O)C1(C)OC12(ON(=O)(=O)),-5.230412620869174,-4.064697
CCCC(=O)C(OO)CC(=O)CC(OO),-7.70318022853462,-7.677659
CC1(C(=O)(OO))OOC(ON(=O)(=O))(C1(O))C(O)C(=O),-7.3716886382380835,-9.059964
CC(=O)C(=O)OOC(C)(C(ON(=O)(=O)))C(OO)(C(O))C(=O),-8.62722260400733,-7.66966
C(=O)(O)C1(N(=O)(=O))OC1C(O)C(OO)C(=O)C(=O)(OON(=O)(=O)),-8.152680458122632,-7.9567637
C1(=O)OC1C(O)C(ON(=O)(=O))(C(=O)(OON(=O)(=O)))C(=O),-3.8879523577252257,-4.0676107
C(=O)(O)C(=O)C(=O)C(C(=O)(OON(=O)(=O)))OOC(=O),-3.5239223586249864,-5.102623
CCC(O)C(=O)CC(=O)CC(OO)CC,-7.833072403714141,-7.0568986
C(=O)(O)C(OO)C(=O)OC(OO)(C(=O))C(=O),-7.822018530408968,-7.7443805
C(=O)(O)C1(C(=O)(OON(=O)(=O)))OOC(C1(O)(O))C(ON(=O)(=O))C(=O),-7.630815079019158,-7.454592
C(OO)C(O)(C(=O))C(ON(=O)(=O))C(=O)OC(=O)C(=O),-7.4032070712673885,-6.906327
C1(=O)C(=O)OOC1(OO)C(OO)(C)C(ON(=O)(=O))C(=O)(O),-7.361577992439379,-9.174066
C(=O)(O)C(O)OOC(ON(=O)(=O))C(=O),-5.473536821076777,-4.768033
C(=O)(O)C(O)C(=O)C(OO)C(=O)C(=O)(O),-7.238038946587039,-9.6401615
CC(ON(=O)(=O))(C(ON(=O)(=O)))C(C(=O)(O))CC(=O)(OO),-7.90862241922423,-7.4895906
CC(=O)C(C)(C)C(OO)(C(OO))C(=O)(OO),-9.199627243197028,-5.6847763
C(=O)(O)C(OO)OC(=O)C(=O)C(O)C(=O)C(ON(=O)(=O)),-7.879544571253064,-8.552838
CCC(=O)CC(ON(=O)(=O))C(ON(=O)(=O))CC(=O)CC(OO),-6.090371806072653,-8.556755
C(=O)(O)C(OO)OC(=O)C(ON(=O)(=O))C(O)C(=O)(OON(=O)(=O)),-6.26651317761025,-7.5414066
C(OO)C(=O)C(O)(C(=O)(OO))C(=O)(OON(=O)(=O)),-6.669602536032471,-3.3760755
C(ON(=O)(=O))C(ON(=O)(=O))CC(O)C(OO),-5.7193768326642385,-5.672168
C(=O)(N(=O)(=O))C(OO)OC(=O)C=C(C(=O)(O))C(=O),-6.56808433603328,-7.8980327
C(OO)C(=O)C(=O)C(=O)OOCC(=O)(OON(=O)(=O)),-3.764098170275247,-5.015627
CC1(C(=O)(OO))OC1(O)CC(=O),-6.033800583170887,-5.756935
C(=O)C(O)(OO)C(OO)C1OC1(OO)C(=O),-9.928961090035955,-10.2045765
