SMILES,predictions,target_values
C(O)C(OO)C(O)(C)C(C(=O)(O))C(=O)C,-10.835604034465177,-10.640697
CC(=O)C(ON(=O)(=O))(C(ON(=O)(=O))(C)C)C(=O)C(=O)C(OO),-6.810418616752941,-5.1468577
C2(O)(O)C(=O)C(=O)C(=O)C1OC12C(OO),-7.282739219454925,-6.2265024
C2(=O)C=CC(C1(O)(O))OOC12C(ON(=O)(=O)),-5.935193932469701,-8.432505
CC(=O)C(O)(C1(C)C)CC1C(=O)(OON(=O)(=O)),-4.389921534952464,-4.560692
CC1(C)C(ON(=O)(=O))(C(=O)C(OO))CC1CC(=O)(OON(=O)(=O)),-6.306700351348809,-6.243421
CC(=O)C(OO)C(O)(C)C(ON(=O)(=O))CC(=O)(OON(=O)(=O)),-6.762502921594205,-6.6857867
C(=O)(N(=O)(=O))C(=O)OC(OO)(C(ON(=O)(=O)))C(=O),-3.7983472874507243,-3.7822566
C(=O)(O)C1(OO)OC1C(OO)C(O)C(=O)C(ON(=O)(=O)),-10.685493751996091,-11.114155
CC(=O)C(=O)C(C)(C)C(C(ON(=O)(=O)))C(=O)(OON(=O)(=O)),-4.592017771830797,-2.7883456
C(=O)(O)C1OC1C(O)C(=O)(OO),-7.495831039015684,-8.340676
CC(=O)C(ON(=O)(=O))C(C)(C(O))C(=O)CC(=O)(OO),-7.596085482633498,-6.666523
C(=O)C(O)C(=O)C1(OO)OC1(OO)C(=O),-6.941994463249102,-8.354074
CC(=O)C(=O)C(O)(C)C(C(O))C(=O)(OO),-7.951317741324601,-10.732487
C(=O)(O)C(ON(=O)(=O))C(=O)C(O)(O)C(=O)C,-7.357480595794186,-9.198031
C(=O)(OO)C(O)OOC(=O)C(O)(C)C(=O)(OON(=O)(=O)),-6.838817426928472,-5.837641
C(=O)(O)C(O)(C(OO))C(=O)C(O)(O)C(=O),-11.038781785316587,-7.724981
C(=O)(O)COOC(=O)C(ON(=O)(=O))(C(OO))C(=O)(OO),-8.54334448754662,-8.3390255
C(=O)C(=O)OC(=O)C(=O)C(O)C(=O),-3.6292146075670644,-5.169232
C(OO)C(=O)OC(OO)CC(=O)(OON(=O)(=O)),-4.74982641074439,-5.254362
CC(=O)C(=O)C(OO)C(ON(=O)(=O))C(O)(C)C,-7.408508284967866,-6.692398
C1(=O)OC1C(ON(=O)(=O))(C(=O)(OO))C(O)C(=O)(OON(=O)(=O)),-5.182284660700589,-5.565557
C(=O)(O)C1OC1(C(=O)(O))CC(=O)(OON(=O)(=O)),-6.670109211695944,-6.6116166
C(=O)(N(=O)(=O))C1(O)OC1C(OO)C(O)C(=O)(OON(=O)(=O)),-6.663011393762645,-5.925948
CC(=O)CCCC(ON(=O)(=O))C(=O)CC(ON(=O)(=O)),-4.977479870454772,-5.8298874
CC(ON(=O)(=O))(C(=O)(O))C(=O)OOCC(=O)(O),-7.585217268649103,-7.94443
C(=O)(OON(=O)(=O))C(=O)C(ON(=O)(=O))C(O)(C(OO))C(=O)C(=O),-5.421894708425043,-5.2527356
C(=O)C(OO)C1(O)OOC(=O)C1(=O),-4.625301693664369,-5.437805
CC(=O)CC(=O)C(O)C(=O)CCC(O),-6.833049457389734,-5.8129573
C(=O)(OO)C(=O)OC(O)C=C(C(ON(=O)(=O)))C(=O)(OON(=O)(=O)),-7.216688008829351,-8.708868
C(ON(=O)(=O))C(OO)C(C)(C)C(ON(=O)(=O))(C)C(=O),-6.226327907657833,-5.696832
C1(=O)C(C(=O)(OON(=O)(=O)))OOC1(C)C(OO)C(=O)(OON(=O)(=O)),-4.831365905568418,-3.961474
C(=O)(O)C(OO)=C(C)C1OC1C(=O),-6.927011088859672,-7.5700936
CC(O)C(OO)CC(=O)C(=O)CCC(OO)C,-10.368396867479532,-9.926443
C1(O)(OO)C(O)(C(=O)(O))OOC1(O)C(ON(=O)(=O))C(=O),-10.235296386337723,-11.918569
CC(O)(C(=O)(OON(=O)(=O)))C(ON(=O)(=O))C(=O)OC(=O),-3.566923526699611,-2.9858997
C(=O)(O)CC(=O)C(O)(C)C(=O)C(ON(=O)(=O)),-6.7842981309686365,-4.3018966
CC(=O)C(O)CC(=O)CC(=O)(OON(=O)(=O)),-4.139893852727255,-4.8503327
C(=O)(O)C(=O)C(ON(=O)(=O))(C1(O))OOC1C(=O)C(=O)(OO),-8.537308115744509,-8.626364
C1(ON(=O)(=O))OC1C(OO)(C(O))C(O)C(=O)(OON(=O)(=O)),-6.294082368785439,-7.4410634
C1(O)(O)C(=O)OOC1(C)C(ON(=O)(=O))C(ON(=O)(=O))C(=O),-7.025198737889696,-6.129129
C(=O)(O)C(N(=O)(=O))C(=O)C(OO)OC(=O)C(=O),-6.297609507547804,-6.433697
C(=O)(O)C(=O)OC(=O)C(ON(=O)(=O))C(=O)(OO),-5.88699155292079,-5.468289
C(=O)(OO)C(=O)OOC(OO)(C(=O)(O))C,-8.32960806879646,-8.659035
C(OO)C(=O)C(C(=O))OOC(=O)C(ON(=O)(=O))C(=O),-5.888766136325103,-7.0099382
C(ON(=O)(=O))C(=O)OOC(OO)(C(=O)(O))C(OO)C(=O),-8.85995941985766,-10.355258
C1(O)C(OO)OOC1(C(=O)(O))C(=O),-7.8482509723703515,-7.231109
CCC(O)C(ON(=O)(=O))CC(OO)CCCC,-6.536118566152254,-5.503156
C(=O)(O)C1(OO)OC1(C)CC(=O)(OON(=O)(=O)),-5.850782454366254,-6.437983
C(=O)(O)C(C(=O))C1(O)OC1(ON(=O)(=O))C(=O),-6.287673853152228,-6.0938077
CC(=O)OOC(ON(=O)(=O))(C(=O)(O))C(=O)C(ON(=O)(=O))C(=O)(O),-8.15128352595275,-7.6208425
C(ON(=O)(=O))C(=O)C1OC1(C(OO))C(=O)(OON(=O)(=O)),-4.035911772718009,-5.2034307
C(=O)(O)C(O)C(O)C(=O)OC(OO)(C(=O)(N(=O)(=O)))C(ON(=O)(=O)),-9.92546826084299,-10.173429
C(=O)(OO)C(OO)C(C1(=O))OOC1(C)C(=O),-7.3146845245701115,-4.2944226
C(=O)(O)C(O)C1(O)OC1(OO)C(=O)(OON(=O)(=O)),-7.704188155139036,-7.3681836
CC1(C(OO))C(=O)C(OO)C1CC(=O),-7.175531247079562,-7.466053
CC(=O)C(ON(=O)(=O))C(OO)CC(=O)(OO),-5.6284926293824356,-5.9672976
CC(OO)(C(=O)(O))C(C(=O))CC(=O)(OON(=O)(=O)),-6.66332400824831,-7.718368
C(=O)(N(=O)(=O))C1(O)OC1(C)C(O)C(=O),-5.981358602291948,-5.9321136
CC(=O)C(C(ON(=O)(=O)))C(C)(C(OO))C(=O)C(ON(=O)(=O)),-6.977546148566944,-7.0590267
C(=O)(O)C1OC1C(O)C(=O)C(=O)(OO),-7.9914198753449455,-8.640828
C1(=O)C(=O)C(OO)=CC(=O)OC1(OO)C,-7.1769924549062125,-7.770835
C(=O)(O)C(O)C1OOC(O)(C1(O)(OO))C(=O),-11.068168535086443,-11.3270855
C(O)C(=O)CCC(=O)C(=O),-3.5072258532363776,-4.785871
C(=O)CC1(O)OC1(OO)C(=O),-5.269298184228319,-5.1632695
C(=O)(O)C(OO)=C(C(ON(=O)(=O)))C(OO)OC(=O),-8.91215794287291,-8.608437
C(=O)(O)C(O)C(OO)C1(C(OO))OC1(O)C(=O)(N(=O)(=O)),-12.533575778860268,-13.0811205
C(=O)(O)C(=O)C1OC1(=O),-3.108033687882653,-1.1465026
C1(=O)OC1C(O)(C(ON(=O)(=O)))C(=O),-4.563370513725658,-3.60062
C(=O)(O)C(OO)C(ON(=O)(=O))C(OO),-6.944431545352927,-7.2428904
CC(=O)C(ON(=O)(=O))CC=C(C)C(=O),-3.947107652739305,-3.6164289
CC(=O)C(O)CCC(ON(=O)(=O))CC,-4.778982897817514,-4.8077593
CC(O)(C(=O)(OON(=O)(=O)))C(=O)C1OC1(OO)C(=O)(OON(=O)(=O)),-5.149642474670145,-4.063917
CC(ON(=O)(=O))(C(ON(=O)(=O)))C(O)(C(OO))CC(=O)C(=O)C,-8.191185201626467,-7.305038
C(=O)(O)C1(O)OC1C(O)(C)C(OO)C(=O)(OON(=O)(=O)),-9.501887884254757,-8.990724
CC1(C)OOC(ON(=O)(=O))(C(=O)C)C(=O)C1C(ON(=O)(=O)),-4.8603427175321485,-4.5722966
C(=O)(O)C(ON(=O)(=O))C(O)(C(=O)(O))C1OC1C(=O),-9.51717856814139,-9.509088
CC(ON(=O)(=O))C(OO)CC(O)CC(OO),-8.084964825664429,-8.208512
C1(=O)C(=O)C(OO)(C)C(=O)OOC1C(=O)(OON(=O)(=O)),-4.707305775830719,-3.3602765
C(O)C(=O)C(=O)OOC(C(=O))C(=O),-4.535804587402254,-5.821461
C(=O)(OO)C(O)C(ON(=O)(=O))(C(ON(=O)(=O)))C(=O)C(=O),-5.4726866541986965,-5.3741302
C(=O)(O)C(=O)OC(=O)C(O)(C)C(O)C(=O),-7.443743807584269,-8.769727
C(ON(=O)(=O))C(OO)C1(C(=O)(OON(=O)(=O)))OOC(=O)C1(=O),-4.103812299240872,-4.3101354
C(=O)(OO)C(C(=O)(OON(=O)(=O)))C(=O)(OON(=O)(=O)),-2.541432046619775,-1.4233477
CCC(=O)CC(ON(=O)(=O))C(OO)C(=O)CCC,-6.595060826261943,-5.454556
C1(=O)C(O)(C(=O)(OON(=O)(=O)))OOC1(C(O))C(=O),-5.294239533307518,-5.299354
CC(=O)C(=O)C(C)(C(OO))C(ON(=O)(=O))(C(O))C(=O)(OON(=O)(=O)),-7.094483674507501,-7.6172104
C1(=O)OC1C(=O)C(O)(ON(=O)(=O))C(=O)C,-4.129741141021441,-4.2656913
C(=O)(OON(=O)(=O))CC(=O)CCC(O)CCC(=O),-5.532234817814242,-6.8922324
CC1(C)C(OO)C(ON(=O)(=O))C1C(O)(C)C(=O)(O),-8.415333798217489,-8.188628
C(=O)(N(=O)(=O))C(OO)OC(=O)C(O)C(O)(C(=O)(O))C(ON(=O)(=O)),-9.92546826084299,-9.054371
CC(O)(C)C(ON(=O)(=O))C(OO)(C)C(=O)(OON(=O)(=O)),-6.03584065636187,-4.613604
C(OO)C(=O)C(=O)C(O)C(ON(=O)(=O))OC(=O),-5.959389669571465,-6.1651297
CC(=O)CC(O)CCC(ON(=O)(=O))C(=O)(O),-7.464323803120351,-9.273426
C2(=O)C(O)C(ON(=O)(=O))C1(C(=O)(OO))OOC2C1(O),-8.282399153778442,-8.151989
CC(=O)CCC(O)CC(=O)CC(=O)C(OO),-8.024701799471131,-9.687244
C(O)C(OO)(C(=O))C(OO)(C1(O))OOC1C(=O),-10.958581515997139,-10.879862
CC(=O)CC(C(OO)(C)C(=O)(OO))CC(=O)(OON(=O)(=O)),-6.745495141549327,-6.9458604
C(=O)(O)C(O)C(ON(=O)(=O))C(=O)OC(=O)C(=O)(OON(=O)(=O)),-5.5216544889212855,-5.5306306
C(=O)(OO)C(O)(N(=O)(=O))C(=O)C(OO)OC(=O)C(=O),-7.602128969912428,-7.334784
C(=O)(N(=O)(=O))C1OC1C(=O)C(O)(C)C(=O)(O),-7.11731797628363,-5.396203
C1(O)C2(O)OOC1C(N(=O)(=O))C(=O)C2(OO),-7.617937926428112,-11.849641
C(=O)(O)C(C(=O))C(C)(C)C(ON(=O)(=O))CC(=O),-6.70811996241855,-7.137289
C(=O)(OON(=O)(=O))C(OO)=CC1(OO)OC1(C)C(=O),-6.80656335760159,-5.6547503
C1(ON(=O)(=O))C=CC(C2(O)(OO))OOC12C(=O),-6.827130346715876,-6.55164
CC(ON(=O)(=O))CCC(=O)CC(=O)CCC(O),-6.20936668159311,-6.0535007
C(=O)(OO)C(ON(=O)(=O))C(ON(=O)(=O))(C(=O))C(=O)OC(=O),-4.411822868385116,-4.4084134
C(=O)(O)C(C(=O)(OON(=O)(=O)))OOC(ON(=O)(=O))(C)C(OO)C(=O),-7.260366292814979,-7.5007043
C(=O)(O)C(=O)C(ON(=O)(=O))(C(OO))C(=O)(OO),-7.136491110553379,-6.641661
C1(O)C(=O)OOC1C(ON(=O)(=O))C(N(=O)(=O))(OO),-5.0908343156024785,-6.0695806
C(=O)C(=O)C(=O)C1OC1(C(=O)(O))C,-5.595007439998426,-5.5945354
CC(=O)C(OO)(C(ON(=O)(=O))(C)C)CC(=O),-5.917896095012566,-5.25385
C(=O)(OO)C(O)(OO)C1OC1C(=O)(OO),-8.384304689880082,-8.488836
CC(=O)C(C(O))C(ON(=O)(=O))(C)C(=O),-4.938461050795468,-4.9765043
C1(O)C(ON(=O)(=O))(C(OO))OOC1(O)C(=O),-6.719000474462973,-7.349185
CC(OO)(C(ON(=O)(=O)))C(OO)C(=O)C(ON(=O)(=O))CC(=O)C(=O),-8.050504353038377,-7.060422
C(=O)(O)C(=O)C(ON(=O)(=O))C1OOC(O)(C1(O)(N(=O)(=O)))C(=O)(OO),-10.084836797337175,-10.041035
CC(=O)C(ON(=O)(=O))C(=O)C1C(OO)C(OO)C1(C)C,-8.302348577871271,-7.3862476
CC(ON(=O)(=O))C(C)(C(OO))C(=O)C(ON(=O)(=O)),-5.623707646555886,-5.054342
C(=O)(O)CC(ON(=O)(=O))C(OO)(C)C(C(=O))C(=O)C,-8.702025398624755,-9.110926
C(=O)(OO)C(ON(=O)(=O))C(C(=O)(OON(=O)(=O)))C(OO)(C)C,-5.399769507637302,-5.8463726
C(=O)(OON(=O)(=O))C(=O)C(ON(=O)(=O))(C(OO)C(=O))OOC(=O),-4.317841290122033,-4.2540936
C(=O)(O)C(O)(N(=O)(=O))C(O)(C1(O))OOC1C(=O)C(=O)(OON(=O)(=O)),-8.457262092068959,-9.006724
C1(=O)OC1C(ON(=O)(=O))(C(OO))C(O)C(=O)(OO),-7.820739357667662,-7.8080506
C1(O)(O)C(ON(=O)(=O))OOC1C(OO)C(=O)C(=O)(OON(=O)(=O)),-6.422851206912128,-6.3942223
C1(ON(=O)(=O))C(O)(OO)C(=O)C(OO)OOC1(=O),-6.181814152014795,-6.925324
CCC(OO)CC(=O)CCC(ON(=O)(=O))C(OO),-7.935223687054531,-7.752494
CC(=O)CC(=O)C(OO)(C)C(=O),-4.6634699320075015,-4.7975802
C(ON(=O)(=O))C(OO)C(O)(C)C(=O)(OON(=O)(=O)),-4.445707290093196,-4.265549
CC(=O)CCC(=O)C(OO)C(ON(=O)(=O))C,-5.677967798728787,-5.682015
C(=O)(O)C(OO)C(=O)(O),-6.208209073996841,-6.3458834
CC(=O)C(OO)(C1(C)C)C(OO)C1C(=O)(O),-9.393337415946007,-8.786591
C(=O)(OO)C(=O)C(ON(=O)(=O))(C)C(OO)OC(=O)C(=O)(OON(=O)(=O)),-6.585468157803007,-6.63457
C(=O)(OO)C(O)C(OO)C(O)(O)C(=O)C(=O),-10.16963099525401,-12.646178
C(=O)(O)C(OO)C(ON(=O)(=O))C1OC1(C(=O)(O))C(=O)(O),-11.76927058154024,-11.063745
C(=O)C(ON(=O)(=O))C(C(=O)(OON(=O)(=O)))(C(=O))OOC(=O),-3.3250788266063864,-2.9519467
C1(=O)OC1C(ON(=O)(=O))(C)C(ON(=O)(=O))(OO)C(=O)(OO),-6.259804613486722,-5.105813
C1(O)(N(=O)(=O))C(O)(C(=O))OOC1(C)C(=O)C(=O),-6.873598697873149,-5.640105
C1(=O)OC1(OO)C(OO)C(O)(C)C(=O),-8.529838556984487,-12.51363
C(=O)OOC(=O)C(ON(=O)(=O))(C)C(=O)C(=O),-3.2836279226662555,-2.1547158
C(=O)(O)C(=O)C(OO)C(O)C(OO)OC(=O),-10.335492031672857,-10.2078285
C1(=O)OC1(=O),1.5524435082099899,2.8648071
C(=O)(OO)C(O)C(ON(=O)(=O))(C)C(C(=O))C(C)(C)C(=O),-8.008895652425963,-8.618278
C2(=O)C(OO)C(ON(=O)(=O))C1(ON(=O)(=O))OOC2(OO)C1(=O),-5.020511959242413,-3.5740829
C2(O)C(OO)C(=O)C(C1(O))OOC12C(=O)(OON(=O)(=O)),-7.630992730442358,-8.623935
C(O)C(=O)OOC(OO)(C(=O)(OO))C(=O),-7.298604411431825,-7.920781
C(=O)(O)C(=O)OC(OO)C=CC(=O)C(ON(=O)(=O)),-8.269284817634798,-8.963497
C(=O)(OO)C(OO)C(ON(=O)(=O))(C1(O))OOC1(C)C(=O),-8.984654125535144,-9.655337
CCCCC(=O)C(O)C(ON(=O)(=O))CC(=O)C,-6.20936668159311,-5.471873
CC(O)(C(=O))C(OO)(C(=O))OOC(=O)C(=O),-7.9033184984837135,-6.0993843
C(=O)(OO)C(=O)OC(=O)C(O)(C)C(=O),-5.667870074906659,-4.9132876
C1(=O)COOC1(C(=O)(OO))C(=O)(OON(=O)(=O)),-4.313694299266444,-4.036603
CC(O)CC(ON(=O)(=O))C(OO)C(=O)C(=O)C(=O)CC,-8.770650302414651,-7.2886906
CC(=O)C=CC(C(ON(=O)(=O))(C)C)CC(=O)(OON(=O)(=O)),-4.644431827095104,-5.1178236
C(ON(=O)(=O))C1(O)OC1(C)C(=O)(OO),-5.181121069771507,-4.525441
C1(ON(=O)(=O))C(ON(=O)(=O))OOC(=O)C=C1C(OO),-5.401264004232871,-5.917593
C(=O)(OON(=O)(=O))CC(O)(C1(O))OOC1C(=O),-5.681924686226921,-6.594588
C(=O)(OO)C1(O)OC1(OO)C(C(=O))C(=O),-7.476415771436223,-7.012919
C(=O)OC(OO)C(O)(C(=O)(OON(=O)(=O)))C(ON(=O)(=O))C(=O),-5.693881179754953,-6.2902374
C12OC1C(=O)CC(=O)C2(O)(OO),-6.0167764374168655,-7.76865
CC(OO)CCC(O)CC(OO)C(ON(=O)(=O)),-8.528743574589498,-9.275432
C(=O)(OO)C(=O)C(O)C1OC1(OO)C(=O)(OON(=O)(=O)),-6.682702074930603,-7.639987
C(ON(=O)(=O))C(ON(=O)(=O))(C(=O))C(C(=O)(O))OOC(=O),-5.920840004363072,-5.9474688
CCC(=O)CC(=O)CCC(OO)C(ON(=O)(=O))C,-6.595060826261943,-6.471668
C(=O)(OO)C(=O)C(=O)C(=O)C(C(=O)(O))C,-6.490721587255393,-6.984717
CC(=O)C(C)(C)C(ON(=O)(=O))(C(=O))C(OO)C(=O)(OO),-7.760496472556952,-7.646164
CC(OO)CCCC(OO)CCC(O),-7.732780442280273,-8.836318
C1(=O)C(=O)OOC1(C)C(N(=O)(=O))(ON(=O)(=O))C(=O)C(=O),-3.6674694541738972,-2.5179844
C(=O)(O)C1(O)OC1(N(=O)(=O))C(OO)(C)C(O)C(=O),-10.974621693734207,-10.275277
C(=O)(O)CC1(ON(=O)(=O))CC(ON(=O)(=O))(C(=O)C)C1(C)C(OO),-8.392957791578738,-8.43644
C1(N(=O)(=O))(OO)OC1(OO)C(ON(=O)(=O))(C)C(=O),-5.676765449304639,-5.525619
CC1(C(=O)(O))OOC(OO)(C1(O)(N(=O)(=O)))C(O)C(=O),-10.758931669413869,-8.953388
C(O)C(=O)C1(ON(=O)(=O))OC1C(OO),-4.744694448384507,-3.4384997
CC(=O)C(C(=O)(OO))C(C)(C(ON(=O)(=O)))C(ON(=O)(=O))C(=O),-6.037572439761789,-6.263603
CC(=O)C(C(=O))C(ON(=O)(=O))(C)C(OO)CC(=O),-6.681932601075459,-8.086406
C(O)C(=O)C(=O)C(ON(=O)(=O))(C)C(=O),-3.8351956253864046,-3.2209394
C(=O)(O)C(O)C1OOC(OO)(C(=O))C1(O)C,-10.940762997841375,-9.258656
C1(=O)OC1C(O)(C(=O)(O))C(ON(=O)(=O))C(=O),-6.643784488902838,-6.4108596
C12OOC(O)(C1(O))C(ON(=O)(=O))C(O)(OO)C2(ON(=O)(=O)),-8.568793514431945,-11.273822
C(=O)(N(=O)(=O))C1(O)OC1(O)C(=O)C(O)C(=O),-6.99890336877661,-7.2121773
C1(O)C(ON(=O)(=O))C(=O)C(=O)OOC1(C)C(=O)(O),-7.193829324046419,-8.519924
C1(O)(O)C(C(=O)(OON(=O)(=O)))OOC1(C)C(OO)C(=O),-8.18565239569989,-5.5453644
C(=O)C1OC1(OO)C(OO)=CC(=O),-7.038786560895005,-6.524892
C(=O)(OO)C(=O)C(=O)CC1OC1C(=O)(OO),-7.418173951431527,-9.966343
CC(=O)CCC(ON(=O)(=O))C(O)C(=O)(OO),-6.15256145427702,-6.5744667
C(=O)(OO)C(=O)C1OOC(C1(O))C(ON(=O)(=O))C(=O)(OON(=O)(=O)),-6.435868487085827,-8.561661
C1(O)C(=O)C(OO)CC(ON(=O)(=O))C1(ON(=O)(=O))C,-6.347259450441015,-7.5320034
C(=O)(OON(=O)(=O))C=C(OO)C1(ON(=O)(=O))OC1C(=O),-4.742337612054598,-3.2736392
C1(O)(O)C(OO)OC(=O)C(ON(=O)(=O))(C(O))C(OO)C1(=O),-10.698330133164745,-12.245581
C(=O)(O)C(O)C(=O)C(N(=O)(=O))C(O)C(=O),-7.488531508184224,-7.010908
CCCCC(ON(=O)(=O))C(O)CCC(=O)(OON(=O)(=O)),-5.592304620094637,-4.6504827
CC(OO)(C)C(C(=O)(OON(=O)(=O)))CC(=O)C(O),-6.53699489794144,-7.430821
C1(=O)CC=CC(=O)C1(O)C,-3.163843498636652,-3.2510693
C(=O)(OO)C(ON(=O)(=O))C(O)(C)C(ON(=O)(=O))OC(=O),-5.934804344595705,-7.098085
C(=O)C1(OO)OC1C(OO)=C(N(=O)(=O))C(=O),-7.678717642945685,-7.93437
C(=O)(OO)C(O)C(OO)(C)C(=O),-6.698700939374248,-6.7780533
CC(O)CCC(=O)CC(=O)C(OO)C(ON(=O)(=O))C,-8.863001930123573,-8.60796
C1(=O)C(C(=O)(OO))OOC1(C(O))C(=O)(OON(=O)(=O)),-5.817909333691205,-6.404044
CC1(C(=O)(O))OC1(OO)C(=O)C(O)C(=O)(OO),-10.661368677066093,-7.7378683
C(OO)C1OOC(O)(C1(O))C(=O),-6.858757329187938,-7.892378
C1(ON(=O)(=O))OC1(C(OO))C(OO)C(O)C(=O)(OO),-8.984673994495552,-10.274569
CC(=O)C(=O)CC(OO)(C(O))C(C)(C)C(=O)(OON(=O)(=O)),-7.977216194938592,-6.40633
C(=O)(OO)C(O)(O)C1OC1C(O)(C(OO))C(=O),-11.283688769539822,-11.059028
C12OC1(OO)C(N(=O)(=O))C(=O)C(=O)C2(O)(O),-7.021164519574995,-6.552484
CC(OO)CC(ON(=O)(=O))CCC(=O)CC(=O),-6.421521909009698,-6.2522454
C(=O)(OO)C(N(=O)(=O))C(=O)C(=O)OC(=O)C(=O),-4.242213413209356,-4.9001207
C1(=O)C(O)(OO)C(=O)C(=O)OOC1(C)C(=O)(O),-8.57337960791483,-7.0967317
C(=O)(O)C(=O)C(C(ON(=O)(=O)))CC(=O),-4.8794940197904,-6.072384
C(=O)C(=O)C(O)(OO)C1(O)OC1C(=O),-6.953849641135093,-7.466169
CC(O)CCC(ON(=O)(=O))CCC(ON(=O)(=O))CC,-5.490445400606404,-5.941266
C(=O)(O)C(O)C(OO)C1(C(=O)(OO))OC1(ON(=O)(=O)),-9.683922450695718,-8.844329
C(=O)(O)C(ON(=O)(=O))C(C(=O)(O))(C(=O)(OO))OOC(=O),-9.372219726140884,-8.52169
C(=O)(O)C(C(=O))=C(OO)C1(N(=O)(=O))OC1C(=O),-8.630175816260362,-8.244781
C(=O)(O)C1(O)OC1(ON(=O)(=O))C(OO)C(=O),-6.931255877701915,-8.153867
CC(ON(=O)(=O))(C(=O)(O))C(C(=O))C(O)(C)C,-7.529518162562908,-7.078549
C1(ON(=O)(=O))C(=O)C(ON(=O)(=O))C(OO)OOC1C(=O)(O),-6.674718866936928,-6.9309945
C(=O)(O)C(=O)C(O)(O)C(N(=O)(=O))(OO)C(ON(=O)(=O))(C)C(=O),-10.146671707149835,-8.438615
C(=O)(OO)CC(O)(C(=O)(OO))OC(=O)C(=O),-7.369962262618628,-6.5199704
C(O)C(=O)C1C(OO)C(OO)(C(=O)(OON(=O)(=O)))C1(C)C,-8.240502596901933,-9.658169
C1(OO)OC1(O)C(ON(=O)(=O))C(OO)C(=O)(O),-8.947286403385078,-8.689862
C(=O)C1OC1C(C(ON(=O)(=O)))=CC(=O),-4.175590891898082,-3.524549
C(O)C(=O)C(=O)OC(OO)C(=O)C(ON(=O)(=O))C(=O)(OON(=O)(=O)),-6.006347520110012,-6.3232102
C(O)C(=O)C(=O)C(OO)(C(=O)(O))OOC(=O),-8.437999539877637,-7.8140445
C(=O)(OO)C(ON(=O)(=O))C(ON(=O)(=O))(OO)C1OC1(C(O))C(=O),-8.486102593943542,-10.148476
C(=O)C(=O)C(OO)C1(OO)OC1C(=O),-5.9244676953630915,-6.044775
C(=O)(O)C(=O)OC(=O)C(ON(=O)(=O))C(OO)C(ON(=O)(=O)),-6.723709069100096,-7.533762
C(=O)C(=O)C(O)(C(=O)(N(=O)(=O)))OOC(=O)C,-4.299432467393217,-4.117239
C(OO)C(=O)C(N(=O)(=O))(OO)C(=O)(OON(=O)(=O)),-3.4470282358938675,-3.5419111
C(=O)(O)C1OC1(C(OO))C=C(=O),-5.843213148536961,-5.57128
CC(=O)CC(=O)C(OO)CCC(ON(=O)(=O)),-5.677967798728787,-6.134251
C(=O)(O)C(OO)C(OO)OC(=O)C(ON(=O)(=O)),-8.017592687070646,-8.153105
C(=O)(O)C(O)C(ON(=O)(=O))C1OC1(C)C(=O)(OO),-8.770540102333598,-10.8323
C(=O)(O)C(=O)OC(=O)C(N(=O)(=O))C(=O)C(=O)C(OO),-6.842341589048374,-7.0308948
C(N(=O)(=O))(ON(=O)(=O))C(=O)C(OO)(C)OC(=O)C(=O),-4.613744152318759,-3.954465
C(=O)(OO)C(=O)C(ON(=O)(=O))C(=O)OOC(=O)C,-4.930724472188558,-5.012952
C(ON(=O)(=O))CC(=O)CC(OO)CC(ON(=O)(=O)),-5.623707646555886,-6.8042955
C(ON(=O)(=O))C(=O)CCC(OO)C(=O)(OO),-5.6284926293824356,-6.2790165
CC(OO)CCC(O)CC(=O)CC(ON(=O)(=O))C(ON(=O)(=O)),-9.229553150008996,-10.324899
C1(=O)OC1C(ON(=O)(=O))C(=O)C(=O)C(OO),-4.299702777585026,-4.199545
C12OOC(O)(C1(O)C)C(=O)C(O)C2(=O),-7.826250091781276,-6.8166294
C(=O)(O)CC(=O)OC(OO)(C(=O)(O))C(ON(=O)(=O)),-8.78056020470467,-9.470404
C(ON(=O)(=O))C(=O)C(O)C(ON(=O)(=O))C(O)C(=O)(OO),-6.737529062074373,-7.607782
CC(=O)C(O)(OO)C(ON(=O)(=O))C1OC1(OO)C(=O),-8.346752765320161,-5.652435
CC(=O)OOC(=O)C(=O)C(O)(N(=O)(=O))C(=O),-4.299432467393217,-4.295012
CC(=O)C(O)C(ON(=O)(=O))(C)C(=O),-4.253094872079146,-3.5839763
C(N(=O)(=O))(OO)C(=O)C1OC1C(=O),-3.6234594398420086,-3.8162594
C(=O)(O)C(C(=O))=CC(=O)OC(=O)C(=O),-5.836545212612236,-5.4364157
C(=O)(OO)C=C(C)C1(OO)OC1(OO)C(=O),-9.435565798607058,-8.58548
C(ON(=O)(=O))C(=O)C(OO)C(O)(C(=O)(OO))OOC(=O),-8.108888423725148,-6.883935
C(=O)(O)C1(OO)OC1(N(=O)(=O))C(C)=CC(=O)(OON(=O)(=O)),-7.036477962446952,-6.049025
C1(O)C(N(=O)(=O))(OO)OOC1C(=O),-4.838813450347061,-5.1931205
C(ON(=O)(=O))C(=O)C(C)(C(OO))C(=O)C(OO),-7.052128208213617,-7.299597
CC(=O)C(OO)C(C)(C(OO))C(C(OO))C(=O),-10.026543871991635,-10.222081
CCCCCC(ON(=O)(=O))C(=O)C(ON(=O)(=O))C(O),-6.570470749884407,-5.0504127
C(=O)(OO)C=CC1(C)OC1(OO)C(=O)(OON(=O)(=O)),-6.598830264063508,-7.470316
CC(OO)(C)C(=O)C(O)C(=O)C(O)(C)C(=O)(OON(=O)(=O)),-8.342634363007164,-8.212728
C1(OO)OC1C(O)C(OO)C(=O)C,-7.535795817420876,-7.4946213
C(=O)(N(=O)(=O))C1(O)OC1(N(=O)(=O))C(C(=O)(OO))=CC(=O),-7.192007715636919,-7.5065827
C(=O)C(O)(O)C(=O)CC(=O)C(=O),-5.183071429543361,-7.356695
C(=O)(O)C(O)C(=O)C(OO)OC(=O)C(=O),-7.9729070119919925,-8.233459
C(=O)(OO)C1(O)C(ON(=O)(=O))(C(ON(=O)(=O))C(=O))OOC1C(=O),-7.19763859479599,-5.9479985
CC(=O)C(C1(C)C(=O)(O))CC1CC(=O)(OO),-7.753672214139897,-9.670701
C(=O)(O)C(O)C1OOC(OO)(C1(O))C(=O)(OON(=O)(=O)),-8.88495607541472,-9.2195835
C(=O)(N(=O)(=O))C(=O)OC(=O)C(O)C(OO)(C(O))C(=O),-7.274633638572595,-8.357282
C1(ON(=O)(=O))OC1(O)C(=O)C(O),-3.730893824283612,0.46227878
C(=O)(OO)C(O)(OO)C(=O)C=C(=O),-6.347193531326411,-7.6116414
CC(ON(=O)(=O))(C(=O)(OO))C(=O)C(O)(O)C(N(=O)(=O))(OO)C(=O),-9.996486020279917,-7.1062646
C(=O)(O)C(O)(O)C(=O)C(ON(=O)(=O))C(=O)C(ON(=O)(=O)),-7.185767848265186,-8.998959
C(=O)(O)C1(C(ON(=O)(=O)))OOC(C1(O))C(OO)C(=O)(OO),-10.73011420862349,-12.725543
CC(=O)C(C(OO)(C(O))C(ON(=O)(=O)))CC(=O),-7.6569631404072425,-7.8058076
C(=O)C(O)C(OO)(C1(O))OOC1(O)C(=O),-9.13790078493048,-11.1133175
C(=O)CC(ON(=O)(=O))(C(OO))OC(=O),-4.435314623314753,-4.8702903
C(=O)(O)C1OC1(N(=O)(=O))C(O)(OO)C(ON(=O)(=O))C(=O),-8.48410764347409,-8.591637
C(=O)(OON(=O)(=O))C(O)C1OOC(C(=O))C1(O)C(=O)(O),-8.571929387530417,-10.111
CC(=O)C(=O)C(C(=O)(O))OOC(ON(=O)(=O))C(=O)(OO),-7.780382345299586,-8.228535
CC1(C)C(OO)(C(ON(=O)(=O)))CC1C(=O)C(OO),-7.33829433432993,-7.6749845
C(=O)(O)C(ON(=O)(=O))C(ON(=O)(=O))C(O)C(=O)C(=O),-6.011612427049386,-5.3251595
C(=O)(OO)C(N(=O)(=O))(OO)C1OOC(C1(O))C(=O)(OON(=O)(=O)),-7.271645313335739,-7.80743
CC(C)=C(C(=O)(OON(=O)(=O)))C(=O)C,-1.702005442080008,-1.2690724
C(=O)(O)C(=O)OC(=O)C(O)(C(OO))C(=O)(OON(=O)(=O)),-7.143715148616138,-7.4610457
C(=O)C(ON(=O)(=O))C(=O)OOC(=O)C(ON(=O)(=O)),-3.2383638056917334,-3.683144
C(=O)(OON(=O)(=O))C(=O)C1(O)OC1C(=O)(OON(=O)(=O)),-2.223584245791244,-2.189566
C(=O)(O)C(=O)C(C)C(OO)OC(=O)C(=O)(OON(=O)(=O)),-6.501895015395348,-6.1089673
C(OO)C(=O)C(OO)C(=O)C1OC1C(=O),-6.889289375671069,-7.929601
C1(O)C(=O)OOC1(C(ON(=O)(=O)))C=CC(=O),-5.350017115561059,-6.689733
C(OO)C1(C(=O)(OON(=O)(=O)))OOC(OO)(C1(=O))C(ON(=O)(=O))C(=O),-6.359545552490545,-6.9929957
CC(=O)C(OO)CC(=O)CCCC(OO)C,-8.100296990714014,-8.077137
CC(OO)(C(=O)(O))C(ON(=O)(=O))(C(OO))CC(=O),-9.23252615563888,-10.718468
CC1(C)C(ON(=O)(=O))CC1CC(=O),-2.26389875114819,-2.745452
C(=O)C(ON(=O)(=O))C(=O)C(C)=C,-2.636500603774948,-1.7700112
C(=O)(OO)C1OOC(O)(C1(=O))C(=O)C(=O)C,-6.975098517345941,-6.7702193
C12OOC(O)(C1(O)C)C(=O)C(O)(OO)C2(ON(=O)(=O)),-9.168566413903136,-7.904442
C(=O)(O)C(O)C(O)C1(C(ON(=O)(=O)))OC1(OO)C(=O),-10.5606747915499,-10.382291
C2C(=O)C(=O)C(O)C1(OO)OC12(ON(=O)(=O)),-5.175542767624393,-6.7036595
C12OOC(O)(C1(=O))C(ON(=O)(=O))C(ON(=O)(=O))(C)C2(=O),-5.001204825357036,-3.0709777
CC(=O)C(ON(=O)(=O))C(C)(C)C(C(=O)(OO))C(=O),-6.0075559681681625,-5.9617023
C(=O)(O)C(ON(=O)(=O))C(OO)OC(=O)C(=O)C(=O),-6.449883523529934,-5.7696657
C(=O)(O)C(N(=O)(=O))C(=O)C1(C)OC1C(=O)(OON(=O)(=O)),-5.540164837777411,-5.897115
C(=O)(N(=O)(=O))C1(OO)OC1C(C(ON(=O)(=O)))=CC(=O)(O),-7.4567513421698095,-7.080952
C(=O)(OO)C(N(=O)(=O))=C(C(=O)(OON(=O)(=O)))C1OC1C(=O),-6.2705941960762175,-4.781993
C12(O)OOC(OO)(C1(O)(N(=O)(=O)))C(=O)C(ON(=O)(=O))C2(=O),-5.802602410391046,-5.4140654
C1(ON(=O)(=O))C(OO)(C)C(ON(=O)(=O))C(=O)OOC1C(=O)(OO),-7.0483253422794405,-6.0626903
C1(ON(=O)(=O))OC1(OO)C(OO)C,-4.252710485904117,-3.5570354
CC(=O)C(OO)C(=O)C(=O)C(OO)C(=O),-6.531377782793243,-5.435999
C1(=O)C(=O)OOC1C(=O)C(OO)(C)C(=O),-5.119502855560313,-4.7222915
CC(OO)(C(=O)(O))C(C(=O))C(C)(C)C(OO)C(=O),-11.084435228049188,-11.84488
C(=O)(O)C1(O)OC1(C(ON(=O)(=O)))C=CC(=O),-7.543983016666061,-8.709016
CC(OO)(C(OO))C(=O)C(ON(=O)(=O))(C)C(ON(=O)(=O))CC(=O),-8.565204376533984,-7.417896
CC1(C)C(=O)CC(OO)C(O)(C)C1(OO)C(=O)(OON(=O)(=O)),-8.490450352177504,-8.10112
CC(O)(C(=O)(O))C(=O)C(C)(C)C(C(ON(=O)(=O)))C(=O)(OON(=O)(=O)),-8.181303076031327,-7.22739
C1(=O)COOC1C(=O)C(=O)(OON(=O)(=O)),-1.8020749110987708,-1.2809174
C(=O)C1(O)OC1(C(OO))C(OO)C(=O),-8.011485825819818,-8.5927925
C(=O)(OO)C1OC1C(O)C(=O)(OON(=O)(=O)),-4.729992168312037,-5.5474796
C(=O)C=CC1(OO)OC1(C(=O))C(=O),-5.6141941370729,-6.124717
CC(=O)C1OC1(ON(=O)(=O))C=CC(=O),-3.8198460784742565,-3.2680025
C(=O)(O)C1(OO)OC1(O)C(ON(=O)(=O)),-6.2194034481758536,-8.03861
C1(O)(O)C(ON(=O)(=O))OOC1(C(ON(=O)(=O)))C(=O)C(=O),-5.869533918561501,-6.5772576
C(=O)(OO)C(ON(=O)(=O))C(OO)(C(ON(=O)(=O)))C(O)C(=O)C(=O),-8.217461695465772,-7.0505743
C(O)C(=O)C(OO)OC(=O)C=C(=O),-6.271447378740049,-5.503976
C(=O)(N(=O)(=O))C(=O)OC(=O),0.4705110042650631,-0.29769614
C(=O)(N(=O)(=O))C(OO)OC(=O)C(=O)C(O)(C)C(=O)(O),-8.331370032484301,-7.7361245
CC(ON(=O)(=O))C(OO)C(OO),-4.426673304794349,-4.061903
C1(O)C(O)OOC1C(OO)(C)C(=O)(OON(=O)(=O)),-6.694229826639912,-7.091733
C(=O)(OO)C(=O)C(ON(=O)(=O))C1OOC(OO)(C1(O))C(=O),-8.708897569031706,-8.300154
CC(C(=O)(OON(=O)(=O)))=C(OO)C(O)OC(=O),-5.609715002298344,-3.2075396
C(=O)(O)C1(N(=O)(=O))OC1C(O)(C)C(ON(=O)(=O))C(=O),-7.55330084812158,-7.3977504
C(=O)(O)C(OO)C(OO)(C(=O))C(=O)C(=O),-8.076123490310238,-8.491786
C(=O)(O)C1OC1(OO)C(C(=O)(O))C(=O),-9.112596902169116,-9.462134
C(=O)(O)C1(C(OO))OOC(C1(O))C(=O),-8.708424475242737,-9.447701
C(=O)C(=O)C(C(=O)(O))(C(ON(=O)(=O)))OOC(=O),-5.581151667125141,-5.0051003
C(O)C(=O)C1(O)OC1(N(=O)(=O))C=CC(=O),-6.971582007870893,-6.79756
CC(=O)C(C)(C)C(C(=O)(OON(=O)(=O)))C(=O),-3.403716848843942,-3.4358816
C(ON(=O)(=O))C(OO)C(C)(C)C(C(=O)(OON(=O)(=O)))C(=O)C(O),-7.4365137706518,-7.5312896
C1(OO)OC1C(C(O))=C(OO)C(=O)(OO),-9.877317520505585,-8.083403
C(=O)(O)C(O)C(OO)C1(C(=O)(OON(=O)(=O)))OC1(ON(=O)(=O))C(=O),-8.200914520862625,-8.746477
CC(=O)C(ON(=O)(=O))C(=O)C(C(O))C(=O)C,-5.39289604642272,-4.689299
C(=O)C(=O)C(ON(=O)(=O))(OO)C1OC1C(=O)C(ON(=O)(=O)),-5.068551575494894,-5.737913
C(O)C(=O)OOC(OO)(C(=O)(O))C(ON(=O)(=O))C(=O),-8.572093151868103,-9.019431
CC(OO)(C(=O)(O))C1C(=O)C(C(=O))C1(C)C,-8.229692246068225,-8.932292
C(=O)(O)C(=O)OC(OO)(C(=O)(OO))CC(=O),-8.464544847275647,-8.970554
CC(=O)C(=O)CC(C(OO)(C)C(ON(=O)(=O)))C(ON(=O)(=O))C(=O)(OO),-8.283801931676862,-8.002919
C1(O)C(ON(=O)(=O))C(=O)C(O)(C2(=O))OOC12C(ON(=O)(=O)),-5.905514729788592,-5.5187106
C1(O)C(=O)OOC1(O)C(=O)C(=O)C(=O),-5.479232124364444,-5.097615
C(=O)C(ON(=O)(=O))C(=O)C(O)(C(=O)(OO))C(ON(=O)(=O))C(=O),-6.265022810743176,-6.532989
CC(=O)C(ON(=O)(=O))(C(ON(=O)(=O))(C)C)CC(=O)CC(=O)(O),-7.637507233487668,-7.13536
C(=O)(OO)C1OOC(ON(=O)(=O))(C1(=O))C(OO)(C)C(=O)(OON(=O)(=O)),-6.635759492513898,-7.28897
C(O)C(=O)OC(OO)C(O)C(=O),-7.112875121207708,-6.5924463
C(=O)(OON(=O)(=O))C(O)C(OO)C1(OO)OC1C(=O),-7.0759938135502125,-6.887666
C(=O)(O)C(O)OOC(=O)C(=O)C(=O)C(OO),-8.494728678190768,-7.0292263
CC(=O)C(O)C(C)(C)C(OO)C(OO),-8.70926661675594,-7.962031
C(=O)(OO)C(ON(=O)(=O))CC(C(=O))C(=O)C,-4.72791677128771,-5.0787177
CC(=O)C(ON(=O)(=O))C(N(=O)(=O))(OO)OOCC(=O)(O),-7.105445854082973,-7.3350945
C12OOC(C1(O)(O))C(OO)C(ON(=O)(=O))(OO)C2(ON(=O)(=O)),-8.85759487446012,-9.794811
C(=O)(N(=O)(=O))C(=O)OC(=O)C(ON(=O)(=O))C(O)(C)C(=O)(O),-6.139092679022724,-6.1295123
C(=O)(O)C1OC1(OO)C(OO)(C)C(=O)(OON(=O)(=O)),-7.545963682986439,-7.2930274
C(=O)(O)C(=O)C(ON(=O)(=O))C(=O)C(=O)C(OO),-6.049205175890165,-6.123351
C(=O)(OO)C1OC1(ON(=O)(=O))C(C(=O)(OO))C(=O),-6.667871739257862,-7.09632
C(=O)(OO)C(O)(OO)C(O)C(ON(=O)(=O))(C)OC(=O),-9.187575724667113,-11.319018
C(=O)(O)C(ON(=O)(=O))C(O)(N(=O)(=O))C1(O)OC1(C)C(=O),-9.048287923175394,-5.743879
C1(=O)C(OO)C(ON(=O)(=O))C(C)(C(=O)(OO))OOC1(=O),-7.13943572694734,-7.7125793
C1(=O)C(OO)(C(ON(=O)(=O)))OOC1(N(=O)(=O))C(=O)C(=O),-4.383145559690547,-4.5561357
C(=O)(O)C(ON(=O)(=O))(C(ON(=O)(=O)))C(=O)C1OC1C(=O),-5.806417947083901,-5.817614
C(OO)C(=O)OOC(C(=O)(O))(C)C(=O)(OON(=O)(=O)),-6.282089589648876,-6.4948134
C12OOC(C1(O)(O))C=C(C2(=O))C(OO),-8.30523657224603,-8.3580475
C(O)C(=O)C(O)C(OO)(C1(O)(N(=O)(=O)))OOC1C(=O)(OON(=O)(=O)),-8.484630879711403,-10.327369
C(=O)CC(O)C(ON(=O)(=O))(C)C(ON(=O)(=O))C(=O),-5.722900932558332,-6.297689
CC(=O)C(C)(C(O))C(OO)C(O),-8.077035181509927,-7.2112823
CC1(O)C(ON(=O)(=O))OOC1(OO)C(O)C(=O)(OON(=O)(=O)),-6.677628491620908,-7.5512075
C(O)C(ON(=O)(=O))CC(=O)CC(=O)CC(OO),-7.408508284967866,-8.303175
C(ON(=O)(=O))C(=O)C1OOC(OO)(C1(O))C(ON(=O)(=O))C(=O),-7.026123123518573,-8.045753
C(=O)(OO)C(N(=O)(=O))(ON(=O)(=O))C(=O)C(=O)C(=O)C(=O),-4.251332540150088,-3.8848555
C1(O)C(ON(=O)(=O))OOC1C(ON(=O)(=O))C(=O)C(OO),-5.876339297559753,-7.72107
CCC(=O)CC(=O)CC(ON(=O)(=O))C(O)C(OO)C,-8.863001930123573,-7.4079814
CC(=O)C(=O)CC(OO)(C(O)(C)C)CC(=O)(OO),-10.049862934291014,-9.801272
C1(O)C(O)C(=O)C(OO)OOC1(C)C(=O)(O),-10.629703962198619,-7.702547
C(=O)(O)C1OC1(C(ON(=O)(=O)))C(=O)C(O)C(=O)(OON(=O)(=O)),-6.2050196135401166,-5.893516
CC(=O)C(C)(C)C(O)(C(=O)(OO))C(=O)C,-7.167390288106162,-4.534628
C(OO)CCC(O)CC(OO)C(=O)CC(=O),-9.864602978689618,-10.532402
C(OO)C(=O)C(=O)OC(OO)C(=O)C(=O),-5.929770850560544,-6.4281864
CC1(C)C(=O)CC1C(OO)(C)C(ON(=O)(=O))C(=O)(O),-8.316135246475824,-8.4122715
C1(O)C(N(=O)(=O))(OO)C(=O)OOC(OO)C1(=O),-6.322985372192761,-5.5087385
C1(ON(=O)(=O))C(OO)C(OO)OOC1(C)C,-5.554176436831767,-5.583855
CC(ON(=O)(=O))C(=O)C(C)(C)C(C(=O)(O))C(=O),-6.623281639515881,-6.772448
CC(=O)C(O)(C1(O)(N(=O)(=O)))OOC1C(O)C(=O)(OO),-9.658624107280502,-5.722177
C(=O)(O)C(O)C(OO)OOC(=O)C(=O),-7.785610387869383,-7.6980023
C(=O)C(=O)C(ON(=O)(=O))C(O)(C(=O)(OO))OOC(=O),-6.3180005462741065,-5.5774264
C(=O)(OON(=O)(=O))C(N(=O)(=O))C(=O)C(=O)OC(OO)C(=O),-3.8432713689389857,-4.5212545
C(=O)(O)C12C=CC(OO)C(O)(C1(O))OO2,-10.353892210817776,-9.289412
C1C(=O)C(O)(C)C(ON(=O)(=O))CC1C(OO)(C)C,-7.292454450239347,-8.047476
CC(=O)C(ON(=O)(=O))CC(ON(=O)(=O))CC(=O)CC(=O)(O),-6.99167431479691,-8.824713
C(=O)OC(=O)C(O)(C(O))C(=O)C(=O)C(=O),-5.756458440821007,-4.496729
CC(OO)(C(=O)(O))C(ON(=O)(=O))C(C)(C)C(O)C(=O),-10.015670269256589,-10.285795
CC(OO)(C)C(ON(=O)(=O))(C(=O)(OO))CC(=O)C(=O)C,-7.684679895039153,-5.6825833
C(=O)(OO)C1OC1(OO)C(=O)C(N(=O)(=O))C(=O)(OON(=O)(=O)),-5.994302499539117,-5.5647073
C(=O)(OON(=O)(=O))C(OO)C1(C(=O)(OON(=O)(=O)))OOC(C1(O))C(=O),-6.470155393988534,-5.6736693
C(=O)(OO)C1(C(=O))OOC(C1(O))C(ON(=O)(=O))C(=O),-7.372110229917325,-8.807523
CC(OO)(C)C(OO)(C(ON(=O)(=O)))CC(=O)(OO),-7.360616641905381,-5.8853
C(O)C(=O)C1OC1(N(=O)(=O))C(=O)(O),-5.768800420401476,-7.071889
CC(=O)CC(ON(=O)(=O))CCC(OO)CCC(ON(=O)(=O)),-7.141410367261415,-8.534014
C(=O)C(O)C(=O)C(OO)(C(=O))OC(=O),-5.621040244076994,-5.4683747
C(=O)(O)C(ON(=O)(=O))C(O)(C)C(=O)C(O)C(=O)(OO),-9.355268752178745,-4.594813
CC(OO)(C(=O)(N(=O)(=O)))OC(=O)C(OO)C(O)C(=O)(O),-10.288972465034476,-9.765567
C(=O)(OON(=O)(=O))C1OC1C(=O)C(C(=O)(OO))C(=O),-4.902407531480094,-4.029243
CCCC(O)CC(O)C(ON(=O)(=O))CC(=O),-7.67056366621091,-7.112061
C(=O)(OON(=O)(=O))C(=O)C(=O)C(O)C(=O)OC(=O),-3.0322984322892808,-2.633017
C(=O)(OON(=O)(=O))C(=O)C(OO)(C)C(O)(O)C(=O)C(=O),-7.030779757509208,-6.2028317
C(=O)(OO)C(O)C(OO)(C(ON(=O)(=O)))C(=O)OC(=O),-7.517727060408106,-7.7076783
C(=O)C(O)(O)C(N(=O)(=O))(OO)C(=O),-5.282839861023149,-6.305701
CC(OO)(C(=O)(OON(=O)(=O)))OOC(=O)C(=O)C(=O),-4.431301335607259,-4.7899714
CC(=O)C(OO)(CC(=O)(OO))CC(=O)(OON(=O)(=O)),-5.59212126193961,-6.1912217
C(=O)C1(O)OC1(OO)C(C(ON(=O)(=O)))=CC(=O),-7.622257605983577,-6.978892
C(=O)(OO)C(OO)C(=O)C(O)OC(=O),-7.0282964058637845,-6.527928
CC(=O)C1CC(OO)(C(ON(=O)(=O)))C1(C)C(=O)(OON(=O)(=O)),-5.885066709340208,-6.154259
CC(ON(=O)(=O))CCCC(OO)CCC(=O)(OO),-7.189757557966004,-9.705729
CC(=O)C(C(ON(=O)(=O)))C(OO)CC(=O)C(ON(=O)(=O)),-6.2685224946917515,-7.836188
CC(OO)(C)C(ON(=O)(=O))C(ON(=O)(=O))C(=O)C(=O)C(O),-7.389979552453042,-3.4056628
C1(=O)CC(ON(=O)(=O))OOC1(C)C(=O),-3.021709776654461,-3.0842705
C1(N(=O)(=O))(OO)OC1(O)C(=O)C(OO),-5.720998423862056,-3.865727
C1(OO)OC1(OO)C(ON(=O)(=O))(C(=O))C(=O),-5.078011795135808,-5.298041
C(=O)(N(=O)(=O))C1(O)OC1(O)C(OO)C(O)C(=O)(OO),-10.32128629910585,-11.074749
C1(ON(=O)(=O))C=CC(ON(=O)(=O))(C(OO))OOC1C(=O)(O),-8.007987689699348,-7.951081
CCCCC(=O)CC(O)CC(ON(=O)(=O))C(ON(=O)(=O)),-6.834096872794817,-7.148626
C(=O)C(ON(=O)(=O))C(O)C(O)(C)C(=O)C(=O),-6.216731090023131,-4.641099
C(=O)(OON(=O)(=O))C(=O)OC(=O)C(OO)(C(O))C(=O),-5.1118247766498826,-4.672473
C(OO)C(C(=O)(OON(=O)(=O)))C(O)(C)C(=O),-5.328695782801788,-5.025194
CC(O)C(=O)CC(=O)CC(O)CC(ON(=O)(=O))C(ON(=O)(=O)),-9.352855817885029,-10.287141
CC(ON(=O)(=O))CCC(=O)CC(O)CC(ON(=O)(=O)),-6.570470749884407,-7.167508
C1C(=O)C(OO)C2OOC1(OO)C2(=O),-5.956492449959569,-5.23319
C1(=O)C(=O)OOC1C(=O)C(OO)(C(=O)(O))C(ON(=O)(=O)),-6.970514036012901,-7.2184467
CC(=O)C(C(ON(=O)(=O))(C)C(=O)(OO))CC(OO)C(=O),-7.760496472556952,-7.6232224
C(O)C(OO)(C(OO))C(C(ON(=O)(=O)))CC(=O),-8.893308002358935,-9.825653
C(OO)C(ON(=O)(=O))(C(=O))C(ON(=O)(=O))C(=O)C(=O)C(=O),-4.998889596563913,-5.7375793
CC(ON(=O)(=O))(C)C(OO)(C(ON(=O)(=O)))C(=O)C,-5.623707646555886,-4.0419536
CC(ON(=O)(=O))CCCC(=O)CCC(=O)(OO),-6.1167265230187695,-5.8432555
C12OOC(C1(=O))C(=O)C(OO)(C2(=O))C(=O),-4.628566965380287,-4.2819395
CC(=O)C(=O)C(C)(C(ON(=O)(=O)))C(C(ON(=O)(=O)))C(=O),-4.994893528533794,-4.875377
C(=O)(O)C(OO)C1OC1(C(=O)(OO))C(=O),-8.634192806388455,-9.723097
CC(=O)C(OO)(C(OO)(C)C(ON(=O)(=O)))CC(=O)(OON(=O)(=O)),-7.038061290841142,-7.2138925
C(O)C(ON(=O)(=O))C(=O)C(OO)C(O)CCC(ON(=O)(=O)),-8.849525320681096,-10.342038
C1(=O)C(N(=O)(=O))(OO)C(OO)(C(=O)(OON(=O)(=O)))OOC(=O)C1C,-6.2315121796768835,-6.0104403
CC(ON(=O)(=O))(C)OOC(C(=O))C(ON(=O)(=O))(C)C(=O),-4.583831774602004,-4.64109
C(=O)(OO)C=C(OO)C1OC1(O)C(=O),-8.590414738805066,-8.302237
C1(=O)C(ON(=O)(=O))(C)OOC1C(OO)C(=O)(O),-6.779852655371542,-6.6419983
CC(=O)C(ON(=O)(=O))C(O)C(=O)C(C)(C)C(OO)C(OO),-10.625830307892102,-9.577844
C(OO)C(=O)CC(=O)C(OO)(C)C(=O)(OON(=O)(=O)),-6.174485108889712,-5.646521
CC(=O)C(ON(=O)(=O))(OO)C1OC1C(=O)(OO),-6.264646674213964,-6.5914607
C(=O)OC(ON(=O)(=O))C(C(=O)(OO))=CC(=O),-5.489451233499949,-4.928433
C(=O)C(O)(O)C(ON(=O)(=O))(C)C(OO)C(=O),-7.831266271115965,-8.306157
C(O)C(=O)OOC(=O)C(OO)C(=O)(O),-7.2356562624904655,-7.484869
CC(ON(=O)(=O))C(ON(=O)(=O))C(OO)C(=O)C(OO),-6.542022982125218,-5.9881635
CC(=O)C(=O)C(C)(C)C(OO)(C(O))C(=O)(OON(=O)(=O)),-7.179075776218269,-5.2331934
CC(=O)CC(OO)C(=O)C(=O)CC(O),-6.591842073346925,-7.132109
CC(=O)C(=O)OOC(OO)C(O)(N(=O)(=O)),-5.245997441398686,-5.7943687
C2(=O)C(O)C(OO)C1(C(=O)(O))OOC2C1(=O),-8.63438036291791,-8.591834
C(=O)(OON(=O)(=O))C=C(C(O))C1OC1(OO)C(=O),-6.602183790948402,-5.5868506
C(=O)(O)C=CC1(OO)OC1(C(=O)(O))C(=O)(OON(=O)(=O)),-8.257121516955976,-8.902092
C(ON(=O)(=O))C(=O)C(C)(C(OO))C(C)C(=O)(OO),-6.916033538045667,-6.716476
C(=O)(OO)C(O)C(ON(=O)(=O))(C1(O))OOC1(C)C(=O)(OON(=O)(=O)),-7.723715641898252,-8.337692
C(ON(=O)(=O))C(=O)C(=O)CC(O)C(=O),-3.8351956253864046,-5.0366654
C(=O)(OO)C1(OO)OC1C(O)C(OO)(C)C(=O),-10.387228155675984,-10.11006
C(=O)(OON(=O)(=O))C1(O)C(O)(C(=O)(OON(=O)(=O)))OOC1C(O)C(=O),-6.723967888086463,-7.5872855
C(=O)(OON(=O)(=O))C1(ON(=O)(=O))OC1(OO)C(C(=O))C(=O),-4.236282354978357,-3.9538715
C(=O)(OO)C1(ON(=O)(=O))CC(OO)(C(=O))C1(OO)C,-8.28929203806274,-6.781313
C1(O)C(=O)OOC1C(ON(=O)(=O))C,-3.668268495247503,-3.4088845
C1(=O)C(C(=O)(OO))OOC1(C(=O))C(O)C(=O)(OON(=O)(=O)),-6.402567896691835,-6.264099
C(O)C(ON(=O)(=O))(C(O))C(C(ON(=O)(=O)))(C)C(=O)(OO),-7.209307893889218,-8.212756
C(=O)C(ON(=O)(=O))C1(O)OOC(OO)(C(=O)(O))C1(O)C(=O),-9.948426823612863,-11.818789
C(=O)(O)C(N(=O)(=O))(OO)C(OO)(C)OOC(=O),-7.867111107551409,-8.653732
C(ON(=O)(=O))C(=O)CC(=O),-1.5626332407641712,-2.0868752
C1(OO)OC1C(OO)(C(=O)(O))C(O)C(=O),-10.248301624986652,-10.814327
C1(O)C(=O)C(ON(=O)(=O))C2OOC1(O)C2(O)(O),-7.899756387336765,-10.304205
C1(N(=O)(=O))(OO)OC1C(=O)C(=O),-2.296664346088619,-2.2855027
CC(O)(C(=O)(O))C(C(OO))C(OO)(C)C,-10.5055465841956,-9.807068
C(ON(=O)(=O))C(=O)C1OC1(N(=O)(=O))C(O)(O)C(=O)C(=O),-6.225159367136712,-8.139499
C(=O)(O)C(OO)(C(=O)(OON(=O)(=O)))C(ON(=O)(=O))C1OC1(O)C(=O),-8.200914520862625,-9.496192
CCCCCCC(O)CC(ON(=O)(=O)),-3.8845260348302872,-3.7449248
C12OC1(C(ON(=O)(=O)))C(OO)C(=O)C(=O)C2(O),-6.115258190262466,-5.8510203
C1(N(=O)(=O))C(=O)C(=O)C(=O)OOC1(ON(=O)(=O))C(=O)C,-3.8408436384306697,-3.5975242
CC1(C)OOC(OO)CC1(ON(=O)(=O))CC(=O)(OO),-7.137166824756605,-7.5279484
C1(=O)C2OOC1(C)C(ON(=O)(=O))(OO)C(ON(=O)(=O))C2(OO),-6.8167269193622815,-6.232058
C(=O)(OO)C(O)(O)C1OC1C(ON(=O)(=O))(C(O))C(=O)(OON(=O)(=O)),-8.091490597225857,-8.600778
C(=O)(OON(=O)(=O))C(=O)C(O)C(O)(C(=O))OOC(=O)C(=O),-6.2516402939113505,-4.7438235
C2(=O)C(OO)=C(N(=O)(=O))C(C1(=O))OOC12C(ON(=O)(=O)),-6.372778748087967,-5.225244
C12OOC(C1(O)C(ON(=O)(=O)))C=CC2(OO),-6.020923637458509,-7.6439548
C1(O)(O)C(=O)OOC1CC(=O)C(=O)(N(=O)(=O)),-5.005127080944476,-4.898869
C1(OO)C=C(OO)C(C)(C(=O)(O))OOC1(=O),-8.735804669315257,-9.696317
C(=O)(O)C(ON(=O)(=O))C(O)(C(=O)(OO))OOC(=O)C(=O),-8.489110070752758,-7.256987
C(=O)(O)C(O)C(ON(=O)(=O))(C(ON(=O)(=O)))C1OC1C(=O)(OO),-8.69200656554358,-9.554739
CC(=O)C(=O)CC(=O)CC(OO)C(=O)CC,-6.1795069028726175,-6.1802306
C(=O)(O)C1(N(=O)(=O))OC1(O)C(C)=CC(=O)(OON(=O)(=O)),-7.06242290528462,-7.0188584
CC(ON(=O)(=O))(C)C(CC(=O)(OON(=O)(=O)))C(O)(C)C(=O),-5.95971770387132,-6.0419555
C(O)C(=O)OOC(C(=O)(OO))C(ON(=O)(=O))C(=O),-6.451168377072918,-6.7586465
C(ON(=O)(=O))C(OO)(C(=O)(OON(=O)(=O)))C1OOC(C1(=O))C(=O),-5.07086568114255,-5.328921
C(=O)(O)C1OC1(O)C(=O)C(N(=O)(=O))(OO),-7.357882034856175,-8.100518
CC(=O)C1(O)OC1(N(=O)(=O))C(O)C(=O)(OON(=O)(=O)),-4.885529009846323,-3.028774
C(=O)OOC(ON(=O)(=O))(C(=O)(O))C=CC(=O),-5.9284564092849905,-6.350156
C(O)C1(C(=O)(OO))OC1C(=O)C(N(=O)(=O))C(=O)(OO),-8.522742761711015,-8.62225
C(=O)(OON(=O)(=O))C1(OO)OC1(OO)C(ON(=O)(=O))C(=O),-4.925444235661871,-4.9736385
C1(O)C(OO)C(=O)C(O)(C)C(=O)C1,-7.600132876791122,-8.070164
C(=O)(OO)C(OO)C(O)C1(C(=O)(OON(=O)(=O)))OC1(=O),-6.916112768534731,-6.462291
C(=O)(O)OOC(=O)C(=O)C(ON(=O)(=O)),-4.111130523826887,-3.382784
CC1(C(ON(=O)(=O)))C(ON(=O)(=O))CC1C(=O)(OO),-5.0632262827416525,-6.756255
CC(=O)C(ON(=O)(=O))(C1(C)C)CC1CC(=O),-4.3062823362147356,-3.7127545
CC1(C)C(C(=O)(OO))CC1C(OO)(C)C(=O),-7.638534435146994,-7.617472
C(=O)(O)C(OO)C(C)(C)C(C(=O))C(ON(=O)(=O))(C)C(=O),-9.189939921225232,-9.232355
C(=O)(O)C(=O)C=CC1(N(=O)(=O))OC1(OO)C(=O),-7.5300850981984695,-7.1469254
C(=O)(OO)C(ON(=O)(=O))C(ON(=O)(=O))(C)C(O)C(=O)C(=O),-6.169492285559045,-5.1309333
C(=O)(O)C1OOC(=O)C=C(C1(OO))C(=O),-8.449911915796747,-9.236458
C1(=O)C(ON(=O)(=O))OOC1(C)C(=O)(OO),-4.434017660121754,-4.6858892
CC(ON(=O)(=O))CCCCC(=O)C(=O)C(OO),-6.172930927512425,-5.963257
C(=O)(O)C(=O)C1(O)OC1C(ON(=O)(=O))C(O)C(=O)(OON(=O)(=O)),-7.215101433507698,-7.175028
c1c(O)c(O)c(N(=O)(=O))cc1,-7.425527402098851,-4.7733793
C(=O)(OO)C(ON(=O)(=O))C(=O)C(=O)C(=O)(OON(=O)(=O)),-2.8867670409008497,-3.3069165
C(=O)(OON(=O)(=O))C=CC1(C(=O))OOC(=O)C1(O),-4.7566995023953496,-5.219697
CC(=O)C(O)C(C(=O)(OON(=O)(=O)))OOC(=O)C(=O),-4.893104355579453,-5.1523237
CC(ON(=O)(=O))C(=O)C(ON(=O)(=O))C(OO)CCCCC,-7.141410367261415,-4.9749155
C(=O)(OO)C(=O)OC(N(=O)(=O))(OO)C(=O)C(O)C(=O),-7.602128969912428,-7.57666
CC(=O)C(OO)(C(=O))C(OO)C(=O),-6.451849652728924,-5.9602666
C1(ON(=O)(=O))OC1(O)C(=O)C(O)C(=O)(O),-6.5476416111814615,-8.1595745
C(O)C(=O)C(ON(=O)(=O))C(C)(C)C(OO)C(=O)(OON(=O)(=O)),-6.762502921594205,-6.076772
C(=O)(OO)CC1(C(=O)(O))OC1(OO)C(=O),-8.634192806388455,-9.523968
C(O)C(ON(=O)(=O))(C(=O)(O))C1OOC(OO)(C1(O))C(=O),-10.79916617322715,-10.840396
CC(=O)C1(ON(=O)(=O))OC1C(=O)C(=O)(O),-4.985493074635087,-4.9767504
C(ON(=O)(=O))C(=O)C1OOC(C1(O))C(=O)(OON(=O)(=O)),-4.104671666515969,-5.553288
C(=O)C(=O)OC(OO)C(C(=O))=C(OO)C(=O),-8.110385909055822,-7.531753
C1(=O)OC1C(OO)(C)C(O)C(=O)C(=O)(O),-8.545716521065515,-7.6363807
C(=O)(OO)C(O)C(OO)(C(=O))C(ON(=O)(=O))OC(=O),-7.7504984516945115,-8.630706
CC(=O)C(OO)C(O)OC(=O)C(=O),-6.015412672216826,-5.811355
C(OO)C(=O)CCCC(=O)(OO),-5.422152630983874,-4.086171
C(=O)(OON(=O)(=O))C1(OO)OC1C(C)=CC(=O)(OON(=O)(=O)),-4.310187059567397,-3.7465365
C(=O)C(O)C(ON(=O)(=O))C1(O)OC1(=O),-5.937512369009255,-12.044346
C(=O)(O)C(O)C(ON(=O)(=O))(C)C(=O)(OO),-6.609985725082424,-6.3898244
C(=O)(OO)C(N(=O)(=O))C1OC1C(=O),-4.454156498129578,-4.2250724
CC1(C(=O)(O))OC1(ON(=O)(=O))C(OO)C(=O),-6.7738574270629215,-6.0553555
C(=O)(O)C(ON(=O)(=O))CC(=O)CC(ON(=O)(=O)),-5.039010702167161,-7.209773
C1(O)C(O)(C(=O))OOC1(C)C(=O)C(=O),-6.776420841125855,-5.5358963
CC1(C(=O)(OO))OC1(O)C(O)(OO)C(=O)C(=O),-9.758809760619442,-7.941363
C(OO)C(=O)C(=O)OC(OO)C(=O)C(=O)(OON(=O)(=O)),-5.360592330202508,-5.8651457
C1(O)(O)COOC1(OO)C(=O)C(=O)C,-7.168254911459371,-6.6567817
C(OO)C(O)(C(=O))C(O)(C(=O)(N(=O)(=O)))OOC(=O),-7.238309920498523,-6.6954694
CCC(=O)CC(=O)CC(ON(=O)(=O))C(=O)C(OO)C,-7.073555888544433,-6.453071
CC(OO)(C(O))C(C(=O)(O))CC(=O)(OON(=O)(=O)),-7.652057544057243,-8.160988
C(=O)(OO)C(=O)C(O)(OO)C(O)C(=O)C(=O),-8.43450472277118,-7.887111
C1(=O)C(O)(C(=O)(O))OOC1(C)C(OO),-8.344898841949998,-6.9844956
C(=O)(OON(=O)(=O))C=C(C(=O))C(=O)OC(=O),-2.508099268326987,-2.7022395
C1(ON(=O)(=O))OC1C(OO),-1.8693980612843006,-2.0751524
C(O)C(=O)C(O)C(ON(=O)(=O))C(OO)OC(=O)C(=O),-8.32543329877717,-9.488487
C(O)C(=O)C(ON(=O)(=O))C(C(=O)(O))(C)C(ON(=O)(=O)),-6.980820684861101,-7.1592135
C(=O)(OON(=O)(=O))C1OC1(O)C(C(=O))=CC(=O),-5.307649569414934,-3.965062
CCC(=O)CC(OO)C(O)CC(O),-8.64759907532516,-8.512169
CC(=O)C(=O)C(OO)OOC(C(=O)(O))C(=O),-7.725842170695614,-7.4296403
C12CC(OO)(C1(C)C)CC(=O)C2(ON(=O)(=O))C(ON(=O)(=O)),-6.174927960747937,-6.0744433
CC(=O)C(O)C(ON(=O)(=O))C1(ON(=O)(=O))OC1(O)C(=O),-6.235602458243193,-7.967229
C(OO)C(OO)C(C)(C(=O)(OO))C(C)C(=O),-8.543842909457453,-8.253607
C(=O)(O)CC1(C(=O)(OO))OC1(=O),-6.7260075663552925,-4.6471906
C(=O)(O)C1OOC(OO)(C1(O)(N(=O)(=O)))C(O)(C)C(=O),-10.758931669413869,-11.039322
C(=O)(O)C(=O)C(=O)C(=O)OC(=O)C(OO),-6.158577465658709,-6.0061874
C1C(ON(=O)(=O))C(ON(=O)(=O))(C)C(OO)CC1C(=O)(OO),-6.877669657201295,-8.828941
CC(=O)C(=O)C(OO)(C)C(=O)C(O),-5.9949913510968145,-5.082532
C(=O)(OO)CC(=O)C(=O)C(=O)C(=O)(OON(=O)(=O)),-3.600596153899005,-2.9027426
C(=O)(O)C1(O)OC1(C)C(=O)C(ON(=O)(=O))C(=O)(OO),-8.650348549101182,-7.704845
C(=O)(OO)C1OC1C(C(O))=C(N(=O)(=O))C(=O)(OO),-9.500651481883779,-7.5627813
C(=O)(OO)C(=O)C(C(=O)(OON(=O)(=O)))C1OC1C(=O),-4.902407531480094,-5.9927607
CC(=O)C(ON(=O)(=O))C(OO)(C(ON(=O)(=O)))C(=O)C,-5.5600438403271255,-4.4869843
CC(=O)C(ON(=O)(=O))CC(=O)C(C)(C)C(=O)(OO),-6.123060228812392,-6.633617
C(=O)(O)C(N(=O)(=O))C(=O)C1(C(O))OC1C(=O)(OO),-8.881341296954815,-8.283323
C2(=O)C(=O)C(=O)C(ON(=O)(=O))C1OC12C(OO),-5.004481877554099,-5.704564
C1(O)(N(=O)(=O))C(O)(C(=O)(O))OOC1(C)C(=O),-8.25438760138286,-10.939377
CC(=O)C(ON(=O)(=O))C(O)(N(=O)(=O))C1(O)OC1(O)C(=O),-7.9711542726327025,-6.710545
CC(OO)(C)C(C(=O)(OON(=O)(=O)))CC(=O)CC(=O),-5.94995397112325,-5.8234224
CC(OO)C(OO)(C)C(C(=O)(O))C(=O)C,-9.369002887340685,-9.108671
C(=O)(OO)C1(O)OC1(N(=O)(=O))C(ON(=O)(=O))C(O)C(=O),-7.730274331328928,-7.8384786
C(=O)(O)C(=O)C(O)(O)C(ON(=O)(=O))(C(ON(=O)(=O)))C(=O)C(=O),-7.75832840615567,-7.0226016
C(=O)(O)C(=O)OC(OO)(C(O))CC(=O)(OON(=O)(=O)),-7.301856037208836,-7.7445464
C(O)CCC(OO)C(OO)C(=O),-7.774400253013027,-9.237426
C(=O)(O)C(ON(=O)(=O))(C(=O))C(O)(C1(O))OOC1C(=O),-9.028011099501327,-9.63705
CC(ON(=O)(=O))CCC(OO)C(=O),-4.241794457411743,-4.1322236
CC(=O)C(C1(C(ON(=O)(=O)))C(OO))CC1CC(=O)(OON(=O)(=O)),-6.306700351348809,-7.031653
C1(O)(OO)C(ON(=O)(=O))OOC1C(O)C(=O)C(ON(=O)(=O)),-7.2579486247359455,-6.535994
CC1(C(=O)(OON(=O)(=O)))OOC(O)(C1(O)(O))C(ON(=O)(=O))C(=O),-7.646970322089601,-7.5640283
C(=O)(O)C1(OO)OC1(OO)CC(=O),-7.804058731208897,-8.270814
CC(OO)C1CC(ON(=O)(=O))C1(C)C,-3.210026437225224,-3.4271648
CCC(=O)C(ON(=O)(=O))C(=O),-2.0959531110943317,-1.4095148
C(=O)(OO)CC(ON(=O)(=O))(C(O))C(C)(C)C(=O),-6.850281514134167,-7.1801486
C(OO)C(=O)OOC(=O)C=CC(=O)(OON(=O)(=O)),-4.07012740958362,-3.4473708
C(O)C(=O)C(N(=O)(=O))C(=O)C(OO)OC(=O)C(=O),-6.259835464361458,-7.9506407
C(OO)C(C(=O)(O))(C(=O)(OON(=O)(=O)))OOC(=O)C(ON(=O)(=O))C(=O),-7.302046010157483,-8.220892
CC(OO)(C)C(ON(=O)(=O))(C(=O)(O))CC(=O)C(=O)C,-8.622541546674256,-7.997342
C1(O)(O)C(ON(=O)(=O))(C(=O)(O))OOC1(C)C(=O)(OON(=O)(=O)),-7.192619874574575,-6.4506493
C(=O)C(=O)C(O)(OO)C(OO)OC(=O),-6.906276517312563,-8.436643
C12OOC(C1(O))C(=O)C(OO)(C)C2(=O),-6.6838634399246075,-6.7224402
CC1(C(=O)(OON(=O)(=O)))OOC(N(=O)(=O))(C1(O)(O))C(OO)C(=O),-7.965554500694452,-8.571704
C(=O)(OON(=O)(=O))C1(C(=O)(OON(=O)(=O)))OC1(O)C(O)C(=O),-4.636960173463649,-3.5592487
C(=O)(O)C(C1(OO))=CC(C2(O)(OO))OOC12,-11.47487796671976,-9.771386
C(=O)(OON(=O)(=O))C(ON(=O)(=O))C1(C)OOC(=O)C1(=O),-3.0021582108879556,-2.622876
C(=O)(OO)C(O)C(=O)C1OC1(C(OO))C(=O)(OON(=O)(=O)),-7.591015512255126,-6.7919464
C(=O)(O)OC(O)C(OO)C(=O),-7.2033422406047976,-7.0213795
C(=O)(N(=O)(=O))C1(O)OC1(O)CC(=O)C(=O),-5.6646202823962994,-4.610595
C(=O)(O)C(O)C(=O)C(=O)OC(=O)C(=O)C(ON(=O)(=O)),-6.768549985241407,-6.000545
C(=O)(OO)CC1(C(=O)(OO))OC1(ON(=O)(=O))C(=O),-6.667871739257862,-7.233206
CCCCC(=O)C(O)CCC(=O)C,-4.603572912879372,-4.6968465
CC(OO)CC(=O)C(=O)CC(=O)CC(OO),-7.689424156758832,-7.5995555
C(=O)(ON(=O)(=O))CC(=O),-0.7772849963396311,-0.25038424
C1(O)C(OO)OOC1(C)C(=O),-5.353022271802729,-4.562141
CC(=O)C(ON(=O)(=O))C(=O)C(OO)(C(=O))C(ON(=O)(=O))(C)C,-6.635281642870723,-5.8509693
C12(O)OOC(O)(C1(O))C(ON(=O)(=O))C(=O)C2(N(=O)(=O)),-6.718137993374512,-7.7504416
C12OOC(C2(=O))C(=O)C(OO)(C1(O))C(=O)(O),-8.63438036291791,-4.309158
CC(=O)C(OO)CC(=O)C(ON(=O)(=O))C(=O)C(OO)(C)C,-8.916443674746915,-7.6688204
CC(O)(C)C(OO)(CC(=O)(OON(=O)(=O)))CC(=O),-6.75367886141521,-7.6191144
C(=O)(O)C1(OO)OC1C(=O)C(O)C(=O)(OO),-9.682675082769492,-8.7509
C(=O)(OO)C1OC1(OO)C(ON(=O)(=O))(C)C(=O)(OON(=O)(=O)),-5.685098595621184,-5.4980936
CC(ON(=O)(=O))(C(=O)(O))C(=O)CC(OO)C(=O)(OO),-8.25511466615626,-8.056445
C(=O)(N(=O)(=O))C(=O)OC(OO)(C)C(O)C(=O)C(=O)(OO),-7.496222655038764,-8.483001
C1(=O)C(=O)OOC1(O)C(=O)CC(=O),-4.061914598928979,-5.234022
CC(C(=O)(O))C(=O)CC(C(=O)(OON(=O)(=O)))C(ON(=O)(=O))(C)C,-6.960333112753688,-7.0112214
CC(=O)C(C(=O)C)CC(ON(=O)(=O))C(ON(=O)(=O))C(=O),-4.994893528533794,-5.6275954
C(O)C1(C(=O))OC1C(ON(=O)(=O))C(=O),-4.530409865438742,-4.216704
CC(=O)C(=O)OOC(C)(C)C(OO)C(ON(=O)(=O))C(=O)(O),-8.50099566539302,-6.750728
C(=O)(OO)CCC(=O)CC(O)CC(=O),-6.414022133328217,-7.685235
C(O)C(ON(=O)(=O))(C(=O)(OO))C(C(=O))C(=O)C(ON(=O)(=O)),-6.169492285559045,-6.6402726
C(=O)(O)C(O)C(O)C(=O)C(=O),-7.083013517431482,-7.5872965
C(=O)(OO)C(=O)C(O)C(OO)C1OC1(ON(=O)(=O))C(=O),-8.235615117535872,-9.346284
C(O)C(=O)C(C(O))(C)C(=O)(OON(=O)(=O)),-4.766188993794458,-4.2992115
C(O)CCC(=O)CCC(=O)C(OO)CC(=O)(OON(=O)(=O)),-7.977216194938592,-9.371605
C(OO)C(=O)C(C)(C)C(ON(=O)(=O))C(=O)(OON(=O)(=O)),-4.924100854368589,-3.9085817
CC1(C)C(OO)CC1CC(ON(=O)(=O))C(=O)C(O),-7.292454450239347,-6.2870035
C(=O)(OON(=O)(=O))C(=O)C(=O)OC(=O)C,-1.2158413890965676,-1.5477074
C(O)CCC(ON(=O)(=O))CC(=O)(OO),-5.25961241701134,-7.29959
CC(=O)C(C(O))C(C)(C(=O)(O))C(=O)C(OO),-9.787246299705657,-11.986614
C(O)C(=O)C(C(=O))C(C)(C(ON(=O)(=O)))C(OO)C(=O),-8.328828700347913,-9.703023
C(=O)(O)C(=O)C(O)(O)C(=O)C(OO)C(=O),-9.076402896882428,-10.52044
CC(ON(=O)(=O))(C(=O))C(OO)C(C)(C)C(=O)C(=O),-6.681932601075459,-5.2705817
C(=O)(O)C1OC1(OO)C(ON(=O)(=O))(C)C(OO)C(=O)(OON(=O)(=O)),-8.080440394627658,-7.672607
CC(=O)C(ON(=O)(=O))CC(ON(=O)(=O))C(OO)C(=O)(OO),-6.284963953573424,-6.2675185
C1(=O)OC1C(N(=O)(=O))(OO)C(=O)C(=O)C(=O)C,-4.575570251110548,-3.6271029
C(O)C(ON(=O)(=O))C(C)(C)C(ON(=O)(=O))(C(=O))C(=O)C,-6.709448317044007,-5.765982
C(O)C(=O)C(OO)C(O)(C1(O))OOC1C(=O),-9.867865538832575,-10.457511
C1(OO)OOC(=O)C=C(OO)C1(=O),-6.051047106182068,-6.372789
C(=O)(O)C1(C(ON(=O)(=O)))OC1C(OO)C(O)(OO)C(=O),-10.835358429769713,-11.005791
C1(=O)OC1C(O)C(=O)C(O)C(=O)(O),-7.7993873211785285,-8.614873
CCCCCCC(O)C(=O)CC(=O),-5.695527855505134,-5.1062274
C1(=O)C(OO)OOC1(OO)C(=O)C(=O)C,-5.626312730081281,-5.0284147
C1(=O)C(N(=O)(=O))(OO)C(ON(=O)(=O))C(C)(C(=O)(O))OOC1(=O),-7.259451251918108,-6.662615
CC(OO)C(=O)CC(ON(=O)(=O))C(ON(=O)(=O)),-4.9494512001456314,-4.932685
C(=O)(O)C(=O)C(ON(=O)(=O))C(=O)C(O),-5.288749259229462,-5.9906464
C1(O)C(ON(=O)(=O))(C(OO))OOC1C(=O)(OON(=O)(=O)),-4.716057335761889,-5.561527
CC(OO)(C(ON(=O)(=O)))C(C(=O)(OON(=O)(=O)))CC(=O)C,-5.51544625259703,-6.453776
C(=O)(O)C(O)OOC(OO)(C)C(OO)C(=O),-10.512745524268212,-9.515007
CC(=O)C(O)CC(=O)CC(ON(=O)(=O))OOC(OO)(C)C,-9.03905292433592,-8.680022
C(=O)(OON(=O)(=O))C(=O)OOC(O)(C(OO))C(=O),-4.814493517113533,-7.488638
CC12C=CC(ON(=O)(=O))C(C1(=O))OO2,-3.5093188519945215,-2.9742846
CC(=O)C(OO)C(C)(C)C(OO)C(ON(=O)(=O)),-7.373358785253913,-6.8441443
C12OOC(C1(O)C(=O)(OO))C(N(=O)(=O))C(=O)C2(=O),-6.507680121701469,-8.614485
C(O)C(=O)C(OO)C(O)C1(OO)OC1(O)C(=O)(N(=O)(=O)),-11.48973699716953,-14.099919
C(=O)(OON(=O)(=O))C(ON(=O)(=O))C1OOC(C(=O))C1(O)C(=O)(O),-7.1417441694575245,-8.0915
C1(O)(O)C(ON(=O)(=O))OOC1(C(ON(=O)(=O)))C(=O),-5.486133804463407,-5.5577536
C(ON(=O)(=O))C(=O)CCC(=O)CC(=O)CC(=O)(OO),-6.2233737126261985,-7.597094
C(=O)(O)C1OC1C(O)(C(=O)(O))C(=O)(OON(=O)(=O)),-8.036816353238464,-7.541205
C(=O)(O)C(=O)C(ON(=O)(=O))(OO)C1(C)OC1C(=O),-7.392009583130857,-6.9088497
CC1(C)C(OO)C(O)(C)C(=O)C(OO)C1C(=O),-9.348943238800985,-10.251764
C(=O)C(=O)C(=O)C(=O)C(OO),-2.9644566799156564,-3.6474395
C1(O)C(OO)OOC1C(OO)(C(=O))C(=O),-8.32271351556119,-7.7759247
C1(=O)C(ON(=O)(=O))C(=O)C(ON(=O)(=O))(C)C(OO)C1(C)C,-6.5171183625179765,-5.8959613
C(ON(=O)(=O))CCCCCC(ON(=O)(=O))C(OO),-5.450543237237525,-5.819601
CC(ON(=O)(=O))(C)C(=O)C(ON(=O)(=O))(C)C(=O)CC(=O)(OO),-6.207302207344583,-3.80705
CC(ON(=O)(=O))CC(OO)(C(=O)C)C(=O)C,-5.677967798728787,-5.1673207
C(=O)(O)C(=O)C(OO)C(O)C(=O)OC(=O)C(ON(=O)(=O)),-8.680502261897345,-9.64024
C(=O)(N(=O)(=O))C(=O)C1(C(OO))OOC(C1(=O))C(=O),-5.008753383761359,-4.155218
CC(C(O))(C(=O))C(O)(C(=O))C(=O),-6.229620694979985,-7.774737
C(=O)(OON(=O)(=O))C(OO)C(O)(C)C(C(=O)(O))C(=O),-8.064427815726049,-7.865974
C(ON(=O)(=O))C(=O)C(O)(C(=O))CC(=O),-4.006343921914777,-4.8256946
C1(=O)OC1(OO)C(O)(O)C(=O)C(O)C(=O)(O),-10.879592680249516,-11.194721
C(=O)(O)C(O)C(OO)OC(=O)C(=O)(O),-9.953318490174297,-9.816338
CC(OO)(C)C(ON(=O)(=O))C(ON(=O)(=O))C(=O)C(=O)(O),-7.318316468481498,-6.4405656
CC(ON(=O)(=O))(C)C(O)(CC(=O)(O))C(OO)C(=O),-9.600889128003473,-9.63896
C(=O)(O)CC(=O)C(C)(C)C(OO)(C(ON(=O)(=O)))C(=O)C,-9.298993769828485,-9.10132
C(=O)(O)C(N(=O)(=O))(C(=O))OOC(=O),-4.2117516655143845,-3.897086
C1(=O)OC1(OO)C(O)C(=O)(OO),-7.518719088740454,-10.73239
C(=O)(OO)C(ON(=O)(=O))C(OO)C(C(=O))(C)C(=O),-6.6551889663587644,-7.376362
C(O)C(OO)(C(=O)(OON(=O)(=O)))C1OC1(O)C(=O)(OON(=O)(=O)),-5.960105794898482,-6.1798778
C(=O)OC(O)C(OO)C(OO)=C,-7.587235588461681,-6.760066
CC(ON(=O)(=O))(C)C(CC(=O)(O))C(OO)(C(=O)(OO))C(=O),-9.603182790287065,-10.038031
C(=O)(OON(=O)(=O))C(=O)C(O)C(OO)C1(O)OC1(ON(=O)(=O))C(=O),-6.727618787736446,-7.8022127
C(=O)(OO)C1(O)C(ON(=O)(=O))OOC1(OO)C(=O)C(=O),-7.412596858748202,-5.561263
CC(OO)(C)C(=O)CC(=O)C(O)C(ON(=O)(=O))C(=O)(OO),-8.993526748296972,-8.465188
C(=O)C(O)C(OO)(C(=O))C(=O),-5.328268900315834,-4.4985547
C(ON(=O)(=O))C(O)(C(=O)(OO))C(=O)C(=O)CC(=O)(OON(=O)(=O)),-5.289668378629358,-4.105128
CC(=O)C(C(=O)C(=O)(O))OOC(=O)(O),-7.76149335777427,-7.3683624
C(=O)(O)C(O)(N(=O)(=O))C(OO)C1OC1(C(O))C(=O),-10.974621693734207,-11.054323
C(=O)(OON(=O)(=O))C(=O)CC(=O)C(=O)C(=O),-1.8007836781280275,-1.9804268
C(=O)(O)C(OO)C(OO)(C1(O)(O))OOC1(N(=O)(=O))C(=O),-11.163941123125369,-11.582177
C(=O)(O)CCC(O)CC(=O)C(OO),-8.55004491463751,-9.572315
CC(=O)CC(ON(=O)(=O))(C(ON(=O)(=O))(C)C)C(=O)C(=O)(OO),-6.207302207344583,-6.9742026
CC(=O)C(OO)OOC(C(=O)(O))C(=O),-7.115258420458758,-7.3153443
C12OOC(ON(=O)(=O))(C1(O)C(=O)(OO))C(=O)C(=O)C2,-6.352540979304649,-7.9343963
C1(OO)OC1C(O)(C)C(=O)(O),-7.11257463811944,-6.8522916
C(=O)(O)C1OC1(C(ON(=O)(=O)))C(=O)C(OO),-6.638407681388344,-5.953434
C(=O)(O)C(O)C(ON(=O)(=O))(C(=O))C1OC1(=O),-6.643784488902838,-5.714691
CC1(O)COOC1C(ON(=O)(=O))C(=O)(OO),-6.258934780266827,-5.529758
C(OO)C1(C(=O)(OO))OOC(C1(=O))C(ON(=O)(=O))C(=O)(OON(=O)(=O)),-6.635759492513898,-8.136102
CC(O)CCC(=O)CC(=O)C(OO)CC(=O)(OON(=O)(=O)),-7.977216194938592,-8.733424
C1(OO)OC1(O)C(=O)C(O),-5.5049188171178685,-5.61926
C1(O)C(ON(=O)(=O))OOC1(C(=O)(OO))C(OO)C(=O),-8.137644552227812,-9.312774
C(OO)C(=O)C(O)C(C(=O)(OO))OOC(=O),-7.944072717160907,-7.389423
C(O)C(=O)C(O)C1OC1(OO)C(=O),-7.208560273722469,-10.77164
C(=O)(O)C(OO)C(=O)OOC(O)(C(=O)(N(=O)(=O)))C(=O),-8.01041643850931,-7.4623423
C(=O)(OON(=O)(=O))C1(OO)OC1(OO)C(O)C(=O),-5.949221388830665,-6.494192
CC(=O)C(=O)C(OO)C(OO)(C(O)(C)C)CC(=O),-10.131742773350197,-10.8098135
C1(O)(O)C(=O)OOC1(ON(=O)(=O))C(=O)C(=O)C(OO),-6.391228636737196,-5.4128366
C1(O)C(=O)OOC1C(ON(=O)(=O))C(OO)C(=O)(OO),-7.661089045345761,-7.8703837
CC(ON(=O)(=O))(C)C(C(OO))C(O)C(=O)(OO),-7.457866009765894,-6.115856
CC(=O)C=CC1OC1C(=O)(OO),-5.4208923024957585,-6.327713
C1(O)(O)C(N(=O)(=O))(C(=O)(O))OOC1C(ON(=O)(=O))C(=O)C(=O)(O),-10.188042896513252,-10.651332
C1(OO)OOC(C)(C(=O)(O))C=CC1(OO),-8.649531529189517,-8.115286
CC(=O)C(OO)C(O)C(=O)OOC(=O)C(=O),-6.987292907416304,-6.6991467
C(=O)(O)C1(O)OC1(N(=O)(=O))C(C)C(=O)(OO),-8.347917236623744,-7.130153
C(O)C(=O)C1(O)OC1(ON(=O)(=O))CC(=O)(OON(=O)(=O)),-4.505454704390104,-4.2826915
C(ON(=O)(=O))C(=O)C(OO)CC(=O)CC(OO),-7.052128208213617,-8.195391
C(=O)(O)C1OOC(=O)C(O)(C(=O)(OO))C(ON(=O)(=O))C1(=O),-8.318175304546003,-7.7096133
CC(=O)CC(=O)CCC(ON(=O)(=O))C(ON(=O)(=O))C(=O)C,-5.874598553938995,-5.6155677
C(=O)(OON(=O)(=O))C(O)C(C1(O))OOC1(C(ON(=O)(=O)))C(=O),-6.649598906842584,-6.962465
C(ON(=O)(=O))C(=O)C(C(O)(C)C(OO))CC(=O)(OON(=O)(=O)),-6.762502921594205,-7.116542
C(=O)(OON(=O)(=O))C1(O)OC1C(=O),-1.9027793660766292,-1.6004301
C(=O)(OON(=O)(=O))C(OO)C1(C(OO))OC1C(=O)(OON(=O)(=O)),-4.964887750956677,-5.0810685
C(=O)(OO)C(ON(=O)(=O))C(O)(C(=O)(OON(=O)(=O)))C1OC1C(=O)(OO),-7.86025679280192,-9.411887
C(=O)(OON(=O)(=O))C(ON(=O)(=O))C(O)C(=O)OC(OO)(C)C(=O),-6.2814244603960105,-6.3116302
C(=O)(OON(=O)(=O))C(=O)OC(=O)C(OO)=CC(=O)(OON(=O)(=O)),-4.131968073718326,-4.2850256
CC(C(ON(=O)(=O)))(C(=O))C(OO)(C)C(=O),-5.607029315309319,-5.2859917
C(=O)(OO)C1(O)OC1(N(=O)(=O))C(O)C(=O),-6.844509544534958,-7.5680666
C(=O)(OO)C(OO)C1(C)OOC(N(=O)(=O))(C1(O)(O))C(=O),-10.409024586541364,-11.904327
C1(=O)C=CC(=O)OOC1(C(=O)(O))C(OO),-7.79579333417405,-7.7366652
C(OO)C(=O)OC(=O)C(OO)C(O)C(=O)(OON(=O)(=O)),-6.779555727829575,-6.954474
CC(=O)C1C(ON(=O)(=O))C(O)(C(=O)(OO))C1(C)C,-7.030294754609713,-4.5288434
CC(=O)C(ON(=O)(=O))(C(O))C(=O)C(O),-5.538586360505178,-4.4246035
C(=O)(N(=O)(=O))C(=O)OC(OO)C(=O)(O),-4.494655164819505,-4.4590154
C1(=O)C(OO)OOC1(OO)C(OO)C(=O),-7.021970935980335,-7.87668
CCC(O)CC(=O)C(OO)CC(ON(=O)(=O))CC,-8.10243500228944,-6.88925
C1(O)C(ON(=O)(=O))C(OO)C(OO)(C2(=O))OOC12(O),-8.566222680923147,-7.8699327
C(=O)(O)C(O)(N(=O)(=O))C(O)(C1(O)(N(=O)(=O)))OOC1C(=O),-8.696878538010424,-8.821121
C(O)C(=O)C(=O)C(ON(=O)(=O))C(OO)CC(=O)(OO),-7.770418388669896,-11.705529
C1(=O)C(ON(=O)(=O))OOC(=O)C(ON(=O)(=O))C1(OO)C,-4.752634747752381,-3.9234598
CC(ON(=O)(=O))C1(OO)OC1(OO)C(=O),-5.46636320821699,-4.3178616
C(=O)(N(=O)(=O))C1(O)OC1C(O)(C)C(=O)(OON(=O)(=O)),-5.0503872208551,-4.2683473
C1(O)(O)COOC1(C)C(=O)C(=O),-5.762218876405768,-6.035312
C1(O)C(OO)(C(=O))OOC1C(=O)C(=O),-6.006683949438866,-5.7271943
C(OO)C(=O)C(C(ON(=O)(=O)))CC(=O)(OO),-5.6284926293824356,-8.410191
C(=O)C(=O)OC(N(=O)(=O))(OO)C(OO)=CC(=O),-7.194508931519977,-8.909317
CC(=O)C(=O)C(ON(=O)(=O))(C)C(O)C(OO),-6.688518699136694,-5.41576
C(=O)(O)CC(ON(=O)(=O))C(C)(C)C(=O)C(=O)C(OO),-8.622541546674256,-7.361766
C12OOC(C1(O)(O))C(OO)C(O)(C)C2(ON(=O)(=O)),-9.340353736610268,-9.454047
C(=O)(OO)C(ON(=O)(=O))C1OC1(C)C(=O),-4.977311135744003,-4.833089
CC(=O)C(OO)CC(=O)CC(=O)C(ON(=O)(=O))(C)C,-7.073555888544433,-6.246568
C1(O)(O)C(N(=O)(=O))(C(=O))OOC1C(OO)C(=O)C(=O),-8.555383030176927,-9.045656
C1(=O)OC1C(O)C(ON(=O)(=O))C(=O)C(OO),-6.0722036979786935,-6.524224
CC(=O)C(=O)OC(N(=O)(=O))(OO)C(=O)(OO),-5.577257151731374,-5.8982706
C12C(ON(=O)(=O))C(C1(C)C)C(OO)C(OO)C2(=O),-7.2990982543815335,-6.051708
CC(OO)(C)C(=O)C(=O)C(O),-5.585279187194828,-5.619998
CC(C(=O)(O))OOC(=O)C(ON(=O)(=O))C(=O)(O),-7.585217268649103,-8.03038
C12(O)OOC(OO)(C1(O)(N(=O)(=O)))C(=O)C(ON(=O)(=O))(C)C2(=O),-7.165559423076502,-6.420653
C(=O)(O)C1(C(ON(=O)(=O)))OC1C(OO)C(O)C(=O),-9.008291795738842,-9.965711
CC(=O)C1OC1(N(=O)(=O))C(O)(O)C(=O)C(=O),-6.164340470874777,-6.774192
C(=O)(OO)C=CC(OO)(C(=O))OC(=O)C(=O)(O),-9.813557462951394,-10.323387
CC(=O)C(ON(=O)(=O))CC1(OO)CC(ON(=O)(=O))C1(C)C(OO),-8.460726552311826,-9.171507
C1(=O)OC1(C(=O)(OO))C(O)C(OO)C(=O)(OON(=O)(=O)),-6.916112768534731,-6.69173
C(=O)(OON(=O)(=O))C(=O)OOC(ON(=O)(=O))(C)C(=O)C(=O),-3.078491620196928,-2.5720272
CC(=O)C(C(=O)(O))C(=O)C,-4.022484997163247,-3.979104
C(=O)(O)C(O)C(O)C1(C(=O))OC1(OO),-9.859547617636053,-9.322961
C(=O)(OO)C1(ON(=O)(=O))OC1C(C(=O)(O))C(=O),-6.8759426199135305,-7.7033515
C(=O)(O)C1(N(=O)(=O))OC1(O)C(C(OO))=CC(=O),-10.025139471921648,-11.315413
C(=O)(OO)C1OC1(C(OO))CC(=O),-6.415819210517839,-6.2993197
C(ON(=O)(=O))C(O)CCC(OO)CCC(ON(=O)(=O)),-7.397014842432782,-8.3473
C(=O)(OON(=O)(=O))C(ON(=O)(=O))C(O)(O)C(=O)C(=O)C(=O),-4.177171202428781,-4.2311544
C(O)C(=O)C1(OO)OC1(OO)C(O)C(=O),-8.974554082095892,-9.481072
C(OO)C(=O)CC(=O)C1OC1(OO)C(=O)(OON(=O)(=O)),-6.27892862627823,-6.9947762
CC(=O)C(=O)C(=O)C1(O)OC1(OO)C(=O)(OON(=O)(=O)),-5.092256359379462,-4.5602803
C(=O)(OO)C1(OO)OC1(C(ON(=O)(=O)))C(ON(=O)(=O))C(=O),-6.4559493919132365,-5.937671
C(ON(=O)(=O))C(=O)C1(ON(=O)(=O))OC1(OO)C(=O),-3.4901606119178723,-4.0246696
C(O)C(ON(=O)(=O))CC(=O)CCCC(OO),-7.268271930829997,-7.7125654
C(=O)C(N(=O)(=O))C1OC1(OO)C(=O),-4.056283459876795,-3.8280015
C(O)OOC(OO)(C(=O)(O))C(=O)C(=O),-7.777341611990323,-7.873217
C(=O)(OO)C(=O)CC(=O)C(OO)C(=O)(OON(=O)(=O)),-5.068440271110376,-6.26163
C1(=O)C(C(=O)(OON(=O)(=O)))OOC1(C(O))C(ON(=O)(=O))C(=O),-4.882768679539367,-5.264907
C(=O)(OO)C(=O)C(C(O))C(=O)(OON(=O)(=O)),-3.8524422095088084,-4.954533
C1(=O)C(O)C(N(=O)(=O))(OO)C(=O)OOC1C(=O)(O),-7.712905494710867,-9.316223
C(O)C(=O)C1OC1C(OO)C(O)C(=O)(OO),-9.690411244775987,-11.048226
CC(OO)C(C(=O)(O))(C)C(=O)(O),-7.876047299867878,-7.4555793
CC(=O)C(C(=O)C(=O)(O))OOC(ON(=O)(=O))C(=O)(OON(=O)(=O)),-5.484699582871599,-5.677361
C(=O)(N(=O)(=O))C(=O)C(O)(C)C(=O),-3.2378381801918295,-0.43807852
C(=O)(O)C1(C(ON(=O)(=O)))OC1C(=O)C(O)C(=O)(OON(=O)(=O)),-6.2050196135401166,-6.5098014
C(=O)(N(=O)(=O))C(O)(C(=O))OOC(=O)C(O)C(=O),-5.812977819630305,-5.751747
C(ON(=O)(=O))C12OOC(C1(O))C(ON(=O)(=O))C(=O)C2(=O),-5.001204825357036,-6.7557516
C(O)C(=O)C(C(=O)(O))C(C)(C(ON(=O)(=O)))C(=O)CC(=O)(OON(=O)(=O)),-7.8859934322345,-10.272728
C(ON(=O)(=O))C(=O)C(OO)=CC1OC1C(=O)(OO),-7.941377528084558,-9.211168
C(=O)(O)C(O)C(OO)C1(OO)OC1C(=O)(O),-12.599870294114226,-11.515086
C(=O)(O)C1(O)OC1(N(=O)(=O))C(O)C(OO)C(=O)(OON(=O)(=O)),-9.006351351378271,-9.857952
C(OO)C1OOC(O)(C1(O)(N(=O)(=O)))C(=O)(OO),-8.308353562573757,-7.222324
CC(=O)C(C1(C)C(=O)(O))C(ON(=O)(=O))C1CC(=O)(OO),-8.351211488025001,-10.695744
C(O)C(C(=O)(OO))C(OO)OC(=O),-7.138515959879896,-8.670252
C(=O)(O)C1(N(=O)(=O))OC1(O)C(=O)CC(=O),-6.464060421580598,-6.113256
CC1(C(=O)(O))OC1(O)C(OO)C(=O)(OO),-9.906117778522912,-8.3170395
C12CC(OO)C(=O)C(C2)C1(OO)C,-6.0525639880547715,-7.5724344
C(O)C(OO)C(ON(=O)(=O))(C)C(OO),-6.95550200387197,-7.105184
C(=O)(O)C1(N(=O)(=O))OC1(OO)C(C)=CC(=O)(OON(=O)(=O)),-7.036477962446952,-6.010463
C(=O)C(=O)OC(=O)C(OO)(C(=O))C(=O)C(=O),-4.7883143456051585,-4.4663267
C2(O)(O)C(=O)C(=O)CC1(O)OC12,-7.367784409094838,-9.950138
C(=O)C(=O)C(=O)C(OO)C(OO)(C(=O))C(=O),-6.395237955247012,-6.7188053
C(=O)(O)C(C(=O))CC(=O),-4.422666090745224,-4.466825
CC(=O)C(=O)C(ON(=O)(=O))C(O)(C(=O)(O))C(ON(=O)(=O))(C)C,-8.185719045952283,-6.4108963
C1(=O)C(=O)OOC1C(OO)(C)C(N(=O)(=O))(OO),-6.2014322948389236,-8.022335
C1(ON(=O)(=O))C(=O)OOC(N(=O)(=O))(C(=O)(O))C(OO)C1(O)C,-8.572388191037135,-8.517273
C(=O)(O)C(O)C(ON(=O)(=O))C1OC1(C(OO))C(=O)(OON(=O)(=O)),-7.951064212188612,-8.86774
C2C(=O)C(=O)C(=O)C1OC12C(OO),-5.529955549417991,-6.0002217
C(O)C(=O)C(OO)C(C)(C)C(C(=O)(OON(=O)(=O)))C(=O),-7.4298033020459116,-5.7441444
C(=O)(OON(=O)(=O))C(OO)(C(=O)(OON(=O)(=O)))C(=O),-1.9751680139261225,-1.9852695
C(=O)(O)CC(C(ON(=O)(=O))(C)C(ON(=O)(=O)))C(O)C(=O),-7.921188531228836,-9.456762
C(=O)(O)C(OO)C1OOC(C(=O))C1(O)C(=O)(OON(=O)(=O)),-8.81701320428374,-7.186392
C1(=O)OC1C(=O)C(O)(C(ON(=O)(=O)))C(=O),-4.203451303705151,-2.630413
C(=O)(O)C(OO)CC(=O)C(C)(C)C(=O),-7.693363551843959,-6.926104
C(=O)(O)C(=O)C(O)(C(ON(=O)(=O)))C(O)C(=O)OC(=O),-7.987470923112596,-9.479747
C(=O)(O)C(=O)C(=O)C1OC1C(=O)(O),-6.871070483459789,-6.4426365
C(=O)(OON(=O)(=O))C(ON(=O)(=O))C(O)(C(=O)(O))C(OO)OC(=O),-7.524579684688433,-8.71427
C(O)CC(=O)C(=O)C(=O)CCC(=O)(OON(=O)(=O)),-4.924365104365279,-6.479628
C(=O)(O)C1OC1(O)C(OO)C(=O)(OON(=O)(=O)),-6.558510294841653,-6.772646
C(=O)C(=O)C1OC1(ON(=O)(=O)),-0.9660024665927267,-0.9257213
C(=O)(O)C(O)C(O)(C1(O))OOC1(C(ON(=O)(=O)))C(=O),-10.38826029146594,-10.228613
C(=O)(O)C(ON(=O)(=O))C(O)C1OC1(C(OO))C(=O)(OON(=O)(=O)),-7.951064212188612,-9.206674
CC(ON(=O)(=O))CCC(=O)CC(=O)C(ON(=O)(=O))CC(=O)(O),-7.637507233487668,-8.334307
C(O)C1(OO)OC1(N(=O)(=O))C(=O)(OO),-6.285111820626753,-7.3469167
CC(=O)C(ON(=O)(=O))(C(OO)(C)C)CC(=O)(OON(=O)(=O)),-5.51544625259703,-5.094359
C(=O)(OON(=O)(=O))C(ON(=O)(=O))C1(C(OO))OC1(OO)C(=O),-5.819297833529163,-5.8845453
CC(=O)C(C(=O)C)CC(ON(=O)(=O))C(OO)C(=O)(OO),-7.684679895039153,-10.437078
CC(=O)C(=O)C(OO)(C(=O)(OO))OOC(=O),-6.864340802579136,-4.8792257
C1(=O)CC(OO)(C(ON(=O)(=O))(C)C)CC(=O)C1C,-6.231737659914415,-6.8635445
C1(O)(OO)C(C(=O)(O))OOC1C(OO)C(=O)C(ON(=O)(=O)),-10.66213322795602,-9.382049
C(=O)(O)C(ON(=O)(=O))C(C(=O)C(=O)(OO))OOC(=O)C(=O),-7.821679516675886,-8.561958
CC(=O)C(OO)CC(OO)C(ON(=O)(=O))C(=O),-7.325397916622933,-8.350853
C(=O)(OO)C(=O)C(N(=O)(=O))(C1(O)(O))OOC1(C)C(=O),-8.426650060887368,-7.9887643
C(=O)(OO)C(=O)OOC(C(=O)(O))(C(ON(=O)(=O)))C(=O)C(=O),-7.821679516675886,-7.5873446
C(O)C(=O)OC(=O)C(ON(=O)(=O))C(=O)(OO),-5.493440126845599,-5.9939814
C1(ON(=O)(=O))OC1C(=O)C(O)C(=O)C(=O)(O),-5.910970083938992,-3.155294
C(=O)C(OO)C(OO)(C1(=O))OOC1(ON(=O)(=O))C(=O),-5.702157621206425,-5.075228
C(ON(=O)(=O))C(OO)(C(=O)(OO))C1CC(C(=O))C1(C)C,-8.185294519683339,-10.161098
C(=O)(OON(=O)(=O))C(=O)C(N(=O)(=O))C(=O)C(OO)OC(=O),-3.757742751277874,-4.1541753
CC(=O)C(=O)C(O)C(OO)C(=O)(OON(=O)(=O)),-4.692284271036442,-4.0728106
C(O)C(C(=O)(O))C(ON(=O)(=O))OC(=O),-5.804016741923533,-6.318522
C(=O)C(N(=O)(=O))C(=O)C(=O)C(=O)C(=O)C(O),-3.7830593393005074,-4.450421
CC(=O)C(=O)CC(OO)CC(=O)(O),-6.969017884418008,-7.1513743
C(O)CCC(=O)CC(=O)CC(ON(=O)(=O))C(OO),-8.109325870414068,-9.675026
C(=O)(OO)C(N(=O)(=O))(OO)C(C)(C(=O)(O))OOC(=O),-8.585037330431533,-8.77596
C1(O)C(=O)C(O)C(=O)C(=O)C1(ON(=O)(=O))C,-5.741360430452914,-6.6423526
C(=O)(O)C(=O)OC(OO)(C(O))C(=O)(OON(=O)(=O)),-6.7357438493891095,-7.020431
C(ON(=O)(=O))C(=O)C(=O)CC(C(=O)C)CC(=O),-4.52314717774334,-6.228533
CC(OO)(C)C(O)(C(=O)(OON(=O)(=O)))C(ON(=O)(=O))C(=O),-6.465609701680023,-5.4498014
C(=O)(O)C1OC1C=CC(=O)C(OO),-7.299410399632961,-8.134507
C(=O)(OO)CC(C(=O))C(C)(C(OO))C(=O),-7.025440225539569,-7.9575257
C12OOC(O)(C2(O))C(=O)C(OO)C1(O)C(=O),-9.553114055395781,-8.638493
C2(OO)C=CC(ON(=O)(=O))(C1(O)C(=O))OOC12(O),-7.743252940547336,-8.486151
C(=O)(O)C(ON(=O)(=O))(C(=O)(OO))C(C)(C)OOC(=O),-7.369415306740848,-7.7569346
CC(=O)C(OO)C(O)C1OC1(ON(=O)(=O))C(=O)(OO),-8.374308761998691,-9.017846
CC1(O)C(=O)OOC1(N(=O)(=O))C(=O)C(O)C(=O)(OO),-7.882116995137494,-7.0601726
C(ON(=O)(=O))C(ON(=O)(=O))(C(=O)(OO))C(C)(C)OOC(=O),-5.186787010972694,-5.031057
CC(=O)C(C(=O)(OON(=O)(=O)))C(C)(C)C(=O),-3.403716848843942,-2.9726503
CC(=O)C(OO)C(=O)C(O)C(O)(OO)C(=O),-9.825248080256642,-12.053782
CC(ON(=O)(=O))(C)C(C(OO))C(=O)C(OO)C(=O)C,-8.279853899752197,-8.562306
C(O)C(=O)C(ON(=O)(=O))(CC(=O)(O))CC(=O),-6.847369676966991,-8.5394
C(=O)(OON(=O)(=O))CC(=O)C(C)(C)C(C)C(=O),-3.7973500136154144,-3.6494668
C1(OO)OC1(O)C(N(=O)(=O))=CC(=O),-6.380993009984195,-6.4092135
C2(O)(O)C(=O)C(OO)=CC1OC12C(O),-9.0680979293179,-7.718106
C(=O)(OON(=O)(=O))C1(OO)OC1(C(ON(=O)(=O)))C(O)C(=O),-5.446981342738127,-5.8952446
CC(ON(=O)(=O))(C)C(OO)(C(ON(=O)(=O)))CC(=O)C(=O)C,-6.977546148566944,-5.4848065
C1(O)(O)C(N(=O)(=O))(OO)OOC1(C(=O)(O))C(ON(=O)(=O))C(=O),-9.445565712285315,-10.667067
CC(OO)(C)C(OO)CC(=O)C(OO)(C)C(=O),-10.026543871991635,-8.8993635
CC(OO)(C)C(=O)C(ON(=O)(=O))(C)C(=O)CC(=O),-6.523583033713294,-5.3848767
C(=O)(O)C(ON(=O)(=O))C(=O)C(O)C(O)(ON(=O)(=O))C(=O),-7.3854981430004045,-7.789437
CC(=O)C1C(=O)C(C1(C)C)C(OO)C(=O)(OO),-7.809565915320491,-6.952821
CC1(C)C(=O)C(O)(C(OO))C(=O)CC1(ON(=O)(=O))C(=O)(OON(=O)(=O)),-6.930044950193405,-7.3739414
C(=O)(OON(=O)(=O))C1(O)OC1C=C(C(=O))C(=O),-5.307649569414934,-4.7437763
CC(=O)C(OO)C(OO)(C)C(=O)C(=O)(OON(=O)(=O)),-6.174485108889712,-6.0019135
C(OO)C(=O)C1CC(C1(C)C)C(ON(=O)(=O))C(=O),-6.499800675313054,-6.736197
C(=O)(O)C1(C(=O))OC1(O)C(N(=O)(=O))=CC(=O),-8.171259524655397,-8.934419
CC(C(=O)(OO))C1(OO)OC1(OO)C(=O),-8.089476612618455,-8.959932
C1(O)(O)C(=O)OOC1(C(ON(=O)(=O)))C(=O)C(ON(=O)(=O))C(=O),-6.416086165446359,-7.0296965
CC(=O)CCC(=O)CC(ON(=O)(=O))CCC(O),-6.20936668159311,-6.6836443
C(OO)C(=O)C(O)(N(=O)(=O))C(=O)(OON(=O)(=O)),-3.0924472195260932,-3.4868238
C(O)C(=O)C1(N(=O)(=O))OC1(OO)C=CC(=O),-7.33517174032022,-7.1539416
C1(=O)OC1C(=O)C(C(ON(=O)(=O)))C(=O)(OO),-4.754520576129835,-3.7806942
CC(=O)C(OO)(C(=O))CC(ON(=O)(=O))C(ON(=O)(=O))(C)C(=O),-6.8558766000378455,-6.9857235
C(=O)(O)C(OO)C1(O)OOC(ON(=O)(=O))(C(=O))C1(O)C,-10.79916617322715,-9.6929655
C(=O)(N(=O)(=O))C1(OO)OC1(C(=O)(O))C=CC(=O),-7.250504455394548,-8.267652
C(=O)(O)C(ON(=O)(=O))C(O)C1(C)OC1(O)C(=O)(OON(=O)(=O)),-7.665754058324637,-7.8991723
C(=O)(OON(=O)(=O))C(O)(C(=O))C1OOC(O)(C1(O))C(=O),-7.839481595984125,-8.104479
CC(=O)C(OO)C(O)(N(=O)(=O))C(=O)(OO),-6.3515745493523355,-5.4141464
C(O)CCC(OO)C(=O)CC(=O)C(=O),-6.920660749653507,-7.8746605
C1(O)(N(=O)(=O))C(O)(C(=O))OOC1(O)C(=O)C(=O),-6.983463935078362,-4.836942
CCCCC(=O)C(ON(=O)(=O))CC(O),-4.778982897817514,-4.093498
C(=O)(OO)C1(O)OC1(N(=O)(=O))C(O)C(ON(=O)(=O))C(=O),-7.730274331328928,-7.667364
C(O)C(C(ON(=O)(=O)))C(C(=O)(OO))(C)C(=O),-6.238210599758077,-6.4089427
CC(=O)C(OO)C(C)(C(OO))C(OO)C(=O),-9.50819447550839,-9.521208
C(=O)(O)CC(OO)C(C(ON(=O)(=O)))(C)C(=O)(OO),-7.944360635241992,-11.440441
C(=O)(O)C1(OO)OC1(C(O))C(=O)(OON(=O)(=O)),-6.558510294841653,-6.8485236
C(=O)(OO)C1(O)OC1(N(=O)(=O))C(C)C(=O)(OON(=O)(=O)),-5.525270396909946,-4.984149
C(=O)(OO)C(ON(=O)(=O))C(O)C(O)C(=O),-6.15642045766981,-7.4706793
CCCC(=O)CC(=O)C(ON(=O)(=O))CCC,-3.695210218401826,-3.0032663
C(O)C(ON(=O)(=O))CC(OO)CCC(OO),-8.084964825664429,-8.381884
C(=O)(OO)CC(=O)OC(=O)C(=O)C(=O),-4.275680007922347,-5.0366907
C(=O)(O)C(O)(N(=O)(=O))C(OO)C1OC1C(=O)(O),-10.70361460524191,-10.705544
C(=O)(O)C1(O)OC1C(N(=O)(=O))C(=O)(OO),-7.69178632457124,-8.0538
C(=O)(OO)C(OO)OC(=O)C=CC(=O)C(=O)(OON(=O)(=O)),-7.377750664447376,-7.4246974
C2(O)C1(O)OOC2C=C(OO)C1(OO)C(=O)(O),-12.533608190223731,-11.505907
CC1(C)C(OO)(C(=O)(OON(=O)(=O)))CC1C(OO)(C)C(=O)(OON(=O)(=O)),-7.336968267722568,-6.322387
C(=O)(ON(=O)(=O))C1OC1(OO)C(=O),-2.7567179455336372,-2.623788
C(O)C(O)(C(=O)(OO))C(=O),-5.5646526226437345,-4.6804743
C(ON(=O)(=O))CC(=O)(OO),-2.29678911130668,-3.5634575
C(=O)(O)C(=O)C(ON(=O)(=O))(C(ON(=O)(=O)))OOC(=O)C(=O),-5.460437793128676,-5.129626
C(=O)(O)C1(N(=O)(=O))OC1C(ON(=O)(=O))(C)C(O)C(=O)(OO),-8.95227720272078,-8.677996
CC(O)(C(ON(=O)(=O)))C(=O)C(OO),-5.352796266455698,-5.973326
C(=O)(O)C(O)C(OO)(C(=O))C(=O)C,-8.09913017172039,-5.954646
C(ON(=O)(=O))C1(O)C(O)(C(=O)(OON(=O)(=O)))OOC1C(=O)C(=O),-5.97756612583089,-6.453042
CCC(=O)CC(O)CC(ON(=O)(=O))C(OO)CC,-8.10243500228944,-7.7445817
CC(=O)C(O)C1OOC(O)(C1(O)(OO))C(=O)(OON(=O)(=O)),-8.954207722096726,-2.653256
C(ON(=O)(=O))C(ON(=O)(=O))C(OO)(C)C(C)C(=O),-5.77109553633818,-5.738244
C(=O)(O)C(O)C(O)(C)C(=O)(OON(=O)(=O)),-5.95483457445971,-5.5199766
C1(=O)C(=O)OOC1C(ON(=O)(=O))C(O)(C)C(=O),-5.249503625764191,-5.9697976
C(=O)(O)C1OOC(ON(=O)(=O))(C1(O))C(ON(=O)(=O)),-5.9141297646128805,-5.9337854
C(=O)(OON(=O)(=O))C(OO)C1(OO)OC1(ON(=O)(=O))C(=O),-4.925444235661871,-4.390529
C(O)C(=O)C(OO)OC(=O)C(=O)CC(=O)(O),-8.753068271285883,-8.697807
C(O)C(=O)C1OC1(ON(=O)(=O))CC(=O)(O),-6.211008388129358,-6.220787
CC(OO)(C)C(C(=O)C(OO))CC(=O)CC(=O)(OO),-10.097379362297033,-12.521295
C(OO)C(=O)C(C(=O))C(C)(C)C(ON(=O)(=O))C(=O),-6.681932601075459,-6.3982463
C(OO)CC(OO)C(OO),-5.669380128412286,-5.887656
C(=O)(O)C(O)C(OO)(C(=O)(O))C(=O)(OO),-10.817643713314737,-10.934425
CC1(C(=O)(O))OC1(OO)C(=O)C(O)C(=O)(OON(=O)(=O)),-8.013132663185388,-7.177533
CC(C(=O)(O))=CC(=O)OC(=O)(O),-6.589842456659426,-7.5452275
CC(=O)CC(=O)CC(ON(=O)(=O))C(=O)C(OO)C(ON(=O)(=O))C,-7.697043450707497,-7.7425776
CC(=O)C(C(=O)C(=O)(N(=O)(=O)))OOC(=O)C(=O)(OO),-5.509240034966751,-6.8182745
CC(=O)C(ON(=O)(=O))C(OO)C(ON(=O)(=O))(C(OO))C(=O)C,-7.667978030917766,-7.0527816
CC(=O)C(O)(C(=O)C)CC(ON(=O)(=O))CC(=O)(OON(=O)(=O)),-5.946335698299663,-3.1192598
C(=O)(OO)CC(C)(C(ON(=O)(=O)))C(=O),-4.164732273763093,-4.130299
C(=O)C(=O)C(=O)C(=O)OC(OO)(C(=O)(OON(=O)(=O)))C,-4.223629132501628,-3.3786244
CC(ON(=O)(=O))(C(=O)(O))C(O)CC(C(=O)(O))C(=O)C,-9.855824713626134,-10.48323
C(=O)(OO)C(OO)C1OOC(C1(O))C(=O),-8.248891598394948,-11.758757
C(=O)(N(=O)(=O))C(=O)C1(O)OOC(OO)(C(=O))C1(O)C,-8.004908858647468,-1.6480491
CCCCC(O)CCC(OO)CC(ON(=O)(=O)),-6.536118566152254,-7.0276666
C(OO)C1(O)C(OO)OOC1C(O)C(=O)(OON(=O)(=O)),-8.184552635350883,-8.06424
C(O)C(ON(=O)(=O))CC(=O)C(=O)(O),-5.571920316153864,-6.47467
CC(=O)C1(ON(=O)(=O))C(ON(=O)(=O))C(OO)C1(C)C,-5.7641877562018635,-4.5279727
C(O)(N(=O)(=O))C(=O)C(OO)(C)OC(=O)C(=O)(OON(=O)(=O)),-5.375996372141344,-5.521221
CC(ON(=O)(=O))(C(=O)(O))C1CC(C(=O))C1(C)C(ON(=O)(=O)),-6.8076218317755774,-7.5887384
C1(O)C=CC(=O)OOC1C(=O)(O),-6.666751960749025,-5.953241
CC(=O)C(ON(=O)(=O))CC(ON(=O)(=O))CCC(=O)(O),-6.311165537810666,-7.0201626
CC(O)(C)C(C(=O)(OO))C(ON(=O)(=O))C(=O),-6.238210599758077,-4.469943
CC(OO)CCCCC(=O)CCC(=O)(O),-8.604360941449613,-8.192906
C(=O)OOC(OO)(C(=O))C(=O),-2.9569653930302593,-3.440597
CC(=O)C(=O)OOC(C(=O)(OO))C(N(=O)(=O))C(=O)(O),-7.670910954298051,-8.2717705
C(=O)(O)C(=O)C(C1(=O))OOC1(C)C(=O),-5.653506552642739,-4.8109636
CC(=O)CC(OO)C(ON(=O)(=O))CC(=O)CCC(ON(=O)(=O)),-7.804550150440264,-9.515568
CC1(C)C(ON(=O)(=O))CC1(OO)CC(=O)(O),-6.520322108127857,-6.5902944
CC(=O)CCC(=O)CCC(=O),-2.6148748169061946,-3.1931043
C(=O)(O)C(O)C1OOC(C(=O)(OON(=O)(=O)))C1(O)C(=O)(OON(=O)(=O)),-7.588408397651165,-7.947052
C(=O)(OON(=O)(=O))C(=O)C(O)C(=O)C1OC1(OO)C(=O),-5.458935562508941,-4.933202
CC(ON(=O)(=O))(C)C(C)C(OO)C(=O)C(=O)(OO),-6.916033538045667,-6.2376003
C(=O)(O)C(O)(C(ON(=O)(=O)))C(=O)C(O)(O)C(=O)OC(=O),-9.405503888787734,-10.235223
C(=O)(OO)C(=O)C(O)(C1(O))OOC1(C)C(=O)(OON(=O)(=O)),-7.8788260227202045,-6.617777
C(=O)(OON(=O)(=O))C(O)C(O)C(=O)C(O)C(=O),-6.26395469655472,-6.110558
C(=O)(OON(=O)(=O))C1(O)OOC(OO)(C)C1(=O),-4.342398490631695,-2.564474
CC(=O)C(ON(=O)(=O))(C(O))CC(=O)C(C)C(=O),-6.110871125159065,-6.056262
C(ON(=O)(=O))C1(ON(=O)(=O))OC1(OO)C(OO)C(O)C(=O),-7.72455343130423,-7.0477605
C1(=O)OC1C(=O)C(OO)(C(OO))C(=O),-6.401221029676435,-5.8478794
C1(O)C(O)(C(=O)(O))OOC1(C(=O)(OO))C(=O),-9.749870367531457,-8.98105
C1(O)C(OO)C(OO)C2(C(=O)(O))OOC1C2(=O),-11.019980075697276,-9.162359
C(O)C(=O)C(ON(=O)(=O))C1OC1C(O)(O)C(=O)(OON(=O)(=O)),-6.406552022770484,-7.9589276
CC1(C)C(OO)C(ON(=O)(=O))C1C(OO)C(=O)(O),-8.69101903596129,-8.319124
C1(O)(OO)C(N(=O)(=O))(OO)OOC1C(O)C(=O)C(O),-10.282720470480399,-9.607332
C(=O)C(=O)C(O)(O)C(ON(=O)(=O))(C(OO))C(=O)C(=O),-7.558775449494533,-9.087839
CC(=O)C(C(=O)C)C(OO)C(ON(=O)(=O))CC(=O)(OO),-7.684679895039153,-10.36731
C(=O)(O)C1OC1C(OO)C(ON(=O)(=O))C(=O)C(ON(=O)(=O)),-7.559119662212652,-8.942228
C(ON(=O)(=O))CCCCCC(=O),-2.0605316855780984,-2.4930892
CC(OO)CCC(O),-3.2235549241290755,-3.6482968
C(=O)(OON(=O)(=O))C12OC1C=CC(=O)C2(O)(OO),-5.385976885673699,-4.681221
CC(C(=O)(O))OOC(ON(=O)(=O))C(ON(=O)(=O))C(=O)(O),-7.368076469165317,-6.9593825
C(=O)(N(=O)(=O))C(=O)C(OO)(C)C(O)C(=O)C(=O),-5.84854279083811,-4.6482177
CC(OO)CCCC(=O)CCC(=O)(OON(=O)(=O)),-5.353749529127072,-5.776887
C(=O)(O)C(=O)OOC(=O)C=CC(=O),-5.619665033680576,-5.466554
C(=O)(OO)C(=O)C=CC1(O)OC1(OO)C(=O),-8.503633755622104,-7.7084155
C1(O)C(=O)C(=O)C(C2(=O))OOC12,-4.484462087344127,-4.0042205
CC(=O)OC(=O)C(O)C(OO)C(=O)(OO),-7.7838125498528825,-7.288818
C(=O)(O)C1OC1(N(=O)(=O))C(=O)C(C(=O)(OO))C(=O),-7.352309675435208,-5.7505226
CC(=O)C(ON(=O)(=O))CC(C(=O)(OO))C(C(O))(C)C(=O)(OON(=O)(=O)),-7.2773848245306,-7.0202155
CC(=O)C(O)(C(=O)(O))OOC(=O)C(=O)C(=O)(O),-9.762435691484825,-9.817457
C(=O)(O)C(=O)OC(OO)(C(=O))C=CC(=O),-7.87221490824686,-8.746266
C(=O)(O)C1(O)OC1C=C(OO)C(=O)(OON(=O)(=O)),-7.577905133392505,-6.7106457
CC(ON(=O)(=O))(C(O))C(C(=O)C(OO))CC(=O)C(=O),-8.00435072385335,-8.793207
CC(OO)CCCCC(OO)C(ON(=O)(=O)),-6.247665499019149,-6.67263
C(=O)(O)C(=O)C(=O)C(=O)C(ON(=O)(=O))C(=O),-4.264945532627735,-4.762468
C(=O)(O)C(=O)OC(OO)(C)C(=O)(OON(=O)(=O)),-5.322869722283031,-5.0042987
C(OO)C(=O)C1(C)OC1C(=O)(OO),-6.42921727372368,-6.7560315
CC(ON(=O)(=O))CC(=O)C(ON(=O)(=O))CC(=O)CC(=O),-4.994893528533794,-6.804066
C(=O)(OO)C1(ON(=O)(=O))OC1(C)C=CC(=O)(OO),-7.917106507004064,-7.929938
CC1(C(=O)(OO))OC1(O)C(O)(N(=O)(=O))C(OO)C(=O)(OON(=O)(=O)),-9.144225512925914,-7.76351
C(=O)(N(=O)(=O))C(=O)C(C)(C(=O))OOC(=O),-3.1000743731283364,-3.1372359
C1(O)C(N(=O)(=O))(ON(=O)(=O))OOC1(OO)C(=O)C,-4.9633618989228125,-4.9268928
C(O)C1(O)C(=O)OOC1C(O)C(=O)(OON(=O)(=O)),-6.151610207624799,-6.2105117
C(=O)(O)C(C(ON(=O)(=O)))OOC(=O)C(ON(=O)(=O)),-4.941598527238966,-6.4572463
C(O)C(=O)OC(=O)C(O)C(ON(=O)(=O))C(=O)(OON(=O)(=O)),-4.998049990863365,-5.8014174
CC(=O)C(O)C(ON(=O)(=O))C(ON(=O)(=O))C(O)C(=O)(OO),-7.397139025530123,-7.816403
C(ON(=O)(=O))C1(OO)OC1(OO)C(=O)(OO),-6.211726850887317,-6.1010766
C(=O)(OON(=O)(=O))C1OC1C(OO)(C(=O))C(=O)C(=O),-4.894387937623833,-4.4852777
CC(O)(C(=O)(OO))C(ON(=O)(=O))C(OO)OC(=O),-7.605945616758618,-6.3728476
C(=O)C(=O)OC(=O)C(ON(=O)(=O))(C(=O))C(O)C(=O),-4.946256563233874,-4.968929
C(=O)(O)C(N(=O)(=O))(ON(=O)(=O))C(OO)(C(=O)(OO))C1OC1C(=O),-9.424067557741637,-10.261724
CC(=O)C(ON(=O)(=O))C(OO)C(C(=O))C(C(O))(C)C(=O),-8.626425760950951,-10.029528
C(=O)(O)C(OO)=CC(=O)C(=O),-5.722488271847851,-1.6768098
C(O)C(=O)C(N(=O)(=O))C(=O)C1(N(=O)(=O))OC1(OO)C(=O),-6.591657656802909,-7.50989
C(=O)(OO)C(N(=O)(=O))(OO)C1OOC(C1(=O))C(=O)(OON(=O)(=O)),-6.10774075600375,-5.3787026
C(=O)(OON(=O)(=O))C1OC1C(O)(O)C(=O)C(=O),-4.782446028530558,-5.592044
CC(ON(=O)(=O))(C(OO))C(C(=O)(OO))CC(=O)(O),-7.944360635241992,-7.324461
CC(=O)C(ON(=O)(=O))C(O)C(OO)CC(=O)(OO),-7.767717051036016,-10.219527
C(=O)(N(=O)(=O))C(O)(C(=O)(O))OOC(=O)C(OO)(C)C(=O),-8.853729234584534,-8.913136
CC(O)(C(OO))C(C(=O))CC(=O)C(=O)C,-7.584479029944305,-7.86502
C(=O)(O)C(O)C(O)(C(=O)(O))C(=O)OC(=O)C(=O),-10.302429541968195,-10.103499
C(=O)(O)C1(O)OC1(O)C(O)(N(=O)(=O))C(=O),-8.419456645412083,-8.328692
C(=O)(OON(=O)(=O))C(ON(=O)(=O))C(OO)C(O)OC(=O)C(=O),-5.735828582559861,-5.5237327
C(=O)(OON(=O)(=O))C(O)(O)C(=O)OC(=O)C(O)(C)C(=O),-6.212304095050968,-6.5539265
C(OO)CC(=O)CC(=O)CCC(=O)(OO),-6.797665451437297,-6.7039046
CC(OO)(C(=O))C(C(OO))C(O)(C)C(=O),-9.541770783426273,-9.209492
C1(=O)OC1(C(ON(=O)(=O)))C(O)C(=O)C(=O)C(=O),-4.123615968706872,-4.7383533
C(=O)(O)C(=O)OOC(OO)C(ON(=O)(=O))C(=O)C(=O),-7.004984352030533,-6.90314
CC(=O)C(OO)C(=O)OOC(O)(C(=O)(N(=O)(=O)))C(=O),-6.9452849388380855,-5.8441505
CC(ON(=O)(=O))(C(=O)(OON(=O)(=O)))C(C(=O))C(OO)(C)C,-5.81857375641448,-5.2841043
C(=O)(O)C(OO)C(ON(=O)(=O))(C)C(OO)OC(=O)C(=O),-9.04618215506025,-8.425457
CC1(C)OOC(ON(=O)(=O))CC1C(=O)(OO),-5.104740412344654,-5.561509
CC(ON(=O)(=O))(C)C(C)CC(=O)C(OO)C(=O),-6.421521909009698,-6.4335217
C(=O)(O)C=C(C)C(=O)C(O)C(=O)(OON(=O)(=O)),-6.217825017006362,-3.2445788
CC(ON(=O)(=O))C(=O)OC(=O)C(=O)(OO),-4.208572900600302,-3.8973682
CC(ON(=O)(=O))C(ON(=O)(=O))C(=O)CCC(=O)CCC(O),-7.557897236490135,-7.8411474
C(OO)C1(OO)OC1C(=O)C(=O)C(=O)(OON(=O)(=O)),-5.227241242479067,-4.5498548
C(=O)(OON(=O)(=O))C(=O)C(ON(=O)(=O))C(O)(OO)C(O)C(=O)C(=O),-6.72328602601965,-6.630639
C(=O)(OON(=O)(=O))C(O)(O)C1(ON(=O)(=O))OC1(C)C(=O),-5.209047195820858,-4.1221313
C(O)C(ON(=O)(=O))CC(C(=O)C)C(=O)C(OO),-7.408508284967866,-7.723951
CC(=O)C(=O)OC(=O)C(O)(N(=O)(=O))C(=O)C(=O),-4.554350044078092,-4.759053
CC(=O)C(ON(=O)(=O))(C(ON(=O)(=O))(C)C(O))CC(=O)C(=O),-6.464755820879873,-5.929253
C(=O)(OON(=O)(=O))C(OO)OC(=O)C(O)(C(ON(=O)(=O)))C(=O)C(=O),-5.943981506154614,-4.934608
CC(=O)CC(OO)C(=O)CCC(ON(=O)(=O))C(OO)C,-9.10407994590696,-9.58416
C(ON(=O)(=O))C(=O)OC(=O)C(ON(=O)(=O))C(O)(OO)C(=O),-6.322400574234962,-4.7678733
C(=O)(OON(=O)(=O))C(O)C(O)C(ON(=O)(=O))(C(=O))C(C)(C)C(=O)(O),-8.983988657198097,-10.0271435
C1(O)C(C(=O)(OON(=O)(=O)))OOC1C(OO)C(=O)C(=O)(OON(=O)(=O)),-5.768629402099123,-6.955853
C(ON(=O)(=O))C1(O)C(ON(=O)(=O))OOC1(O)C(=O),-5.486133804463407,-2.5765903
C(=O)(OO)C(O)C(C(=O)(OON(=O)(=O)))(C(=O))OOC(=O),-5.95929641056,-5.294586
CC1(C)C(ON(=O)(=O))(C(=O)(OO))CC1CC(=O)(OO),-7.1990095283604205,-6.6673126
C(=O)(O)C1OOC(O)(C1(=O))C(ON(=O)(=O))C(=O)C(=O),-6.880351149853595,-6.435704
C(=O)(O)C1CC(OO)(C1(C)C)C(OO)(C)C(=O)(OON(=O)(=O)),-9.231427324443757,-8.132389
CC(=O)C1OC1(OO)C(OO)C(=O)(O),-8.5393081847119,-9.965112
CC(C(=O)(OO))=CC1(N(=O)(=O))OC1(O)C(=O),-7.737882603333674,-9.235178
CC(=O)C(OO)C(=O)C1(O)CC(=O)C1(C)C,-6.974091144348677,-5.328905
C(=O)(N(=O)(=O))C(O)C(O)C(=O)C(=O)(OON(=O)(=O)),-3.6235829292591006,-3.3806899
C(O)C(=O)C(C(ON(=O)(=O))(C)C(OO))CC(=O),-7.6569631404072425,-5.874924
CC(OO)(C)C(C(O))C(O)C(=O)C,-8.64759907532516,-7.806564
CC(=O)C(ON(=O)(=O))C(OO)C(C(=O)(OO))C(C)(C)C(=O),-8.462107194900454,-9.433635
C1(O)(O)C(N(=O)(=O))(ON(=O)(=O))OOC1C(O)C(=O),-6.616388240395281,-8.324325
C(=O)(OON(=O)(=O))C(OO)C(O)(C)C(=O)C(=O),-5.006167070713218,-3.8803031
C(=O)(OO)C(O)(N(=O)(=O))C(O)C(=O)OC(OO)(C)C(=O),-9.535719442857953,-9.326366
CCC(OO)C(ON(=O)(=O))C(ON(=O)(=O))CC(O),-6.8889307606332295,-6.4475546
C1(=O)C(=O)OOC1C(ON(=O)(=O))C(OO)C(=O)(O),-6.586618160762555,-6.819433
CC(C(=O)(O))C1(ON(=O)(=O))OC1(ON(=O)(=O))C(=O)(O),-7.0558697914102595,-6.3112707
C12OOC(O)(C1(=O))C(OO)C(ON(=O)(=O))C2(=O),-5.234313070934149,-4.9145074
CC(=O)C(OO)(C1(C)C)C(OO)C1C(=O)C(=O),-8.094114739228644,-6.98937
CC(=O)C(ON(=O)(=O))CC1(OO)CC(=O)C1(C)C(ON(=O)(=O)),-7.046465847553918,-7.798606
C(=O)(OON(=O)(=O))CC1(O)OOC(N(=O)(=O))(C1(O)(O))C(=O),-6.62318348184408,-5.513473
C(=O)(OO)C(N(=O)(=O))(OO)C(ON(=O)(=O))C1OC1C(=O)(OO),-8.235695313567248,-7.573098
C1(O)C(O)(C(=O)(OO))OOC1C(ON(=O)(=O))(C(O))C(=O),-10.121152139804053,-11.186245
C(=O)(OO)CC1(O)OC1(N(=O)(=O))C(=O)(OO),-7.196532636936809,-7.777622
C(=O)(O)C(=O)C(O)C1OC1(ON(=O)(=O))C(=O),-6.021998554359925,-6.50373
C(ON(=O)(=O))C(OO)(C(ON(=O)(=O)))C(C(OO))C(=O)C,-7.23856044360582,-7.180041
C(=O)(O)C(N(=O)(=O))C(=O)C(=O)C(O)(C(OO))C(=O)(OO),-9.641004290111596,-9.215262
CC(ON(=O)(=O))(C(=O)(O))C1CC(OO)(C(=O))C1(C)C,-8.34441793595488,-7.7239823
C(ON(=O)(=O))C(OO)C1OC1C(=O),-3.75942358187649,-4.637898
CC(=O)C(C)CC(=O)CC(=O),-2.6148748169061946,-2.9442396
C1(OO)OC1(C(=O)(O))CC(=O)(OO),-7.879894887111277,-10.435202
CC(OO)C(ON(=O)(=O))CCC(=O)C(ON(=O)(=O)),-5.623707646555886,-6.2669625
C1(O)(N(=O)(=O))C2(O)OOC1C(OO)C(O)C2(ON(=O)(=O)),-8.614800817377727,-10.335086
C(OO)C(=O)C1(ON(=O)(=O))CC(OO)(C(=O))C1(C)C,-8.159585664981023,-7.9653215
CC(=O)C(ON(=O)(=O))C(C)(C(ON(=O)(=O)))C(OO)C(=O)(O),-7.932118203565551,-7.132526
C(O)C(=O)C(ON(=O)(=O))(C(=O))C(=O),-3.1578148298458473,-2.7053134
C(=O)(O)C(=O)C(ON(=O)(=O))C(=O)OOC(OO)C(=O)(O),-9.262789556261396,-9.681221
C(=O)(OON(=O)(=O))C1OC1C(O)(OO)C(OO)C(=O),-7.0759938135502125,-7.3247333
C(=O)(O)C(O)(C(=O))C(ON(=O)(=O))C(=O)OOC(=O),-6.342180074200314,-5.7935038
C1(=O)C(ON(=O)(=O))C(=O)OC(OO)C(=O)C1(=O),-3.71240271641409,-5.220212
C(=O)(O)C1(O)OC1(OO)C(O)(O)C(=O)C(=O),-10.090257803821714,-12.657039
C(=O)(O)C(=O)CC(=O)C1OC1C(=O)(OON(=O)(=O)),-5.078353323466217,-5.532687
CC(=O)C(ON(=O)(=O))(C1(=O))OOC1C(ON(=O)(=O))C(=O)(O),-5.8811584959812535,-4.8026567
CC(=O)C(ON(=O)(=O))C(=O)C(OO)C(C(ON(=O)(=O)))(C)C(=O),-6.635281642870723,-7.388126
CC(O)C(=O)C1OC1C(=O)(O),-6.170956876517266,-7.050016
C(=O)(OO)C(O)C(O)C(ON(=O)(=O))C(=O),-6.15642045766981,-5.4401517
CC(ON(=O)(=O))CC(=O)C(O)C(OO)CCCC,-8.10243500228944,-5.8547683
CC(=O)C=CC(=O)OC(N(=O)(=O))(OO)C(=O)(O),-7.903170261494779,-8.7152605
C(=O)(OO)C(=O)C1(O)OC1C(ON(=O)(=O))C(O)C(=O)(OON(=O)(=O)),-6.7446960114821195,-7.210599
C(=O)(O)C(=O)C(OO)(C(O))OC(=O)C(=O)(OON(=O)(=O)),-7.271336529395285,-6.9460745
CC(=O)C(ON(=O)(=O))C(OO)C(C(=O))C(OO)(C)C,-8.46746504832754,-7.663732
C1(O)(O)C(OO)(C(=O)(OO))OOC1(C)C(=O),-9.551044206947154,-9.20208
C(O)C(=O)C(ON(=O)(=O))C(O)(C)C(=O)C(ON(=O)(=O)),-6.3643895903742305,-6.676564
C(OO)C(ON(=O)(=O))CC(=O)C(C)C(=O)(OON(=O)(=O)),-4.924100854368589,-5.044751
C(=O)(O)C(=O)C(=O)C(=O)C(OO)C,-6.280651411970666,-5.2386017
C(ON(=O)(=O))C(=O)C(=O)C(OO)OC(=O)C(=O),-4.1380031072490056,-4.420865
C(=O)(O)C(=O)OC(=O)C=CC(=O)C(=O)(O),-7.457706186150062,-8.205153
C(OO)C(ON(=O)(=O))C(=O)C(C(=O)(OON(=O)(=O)))CC(=O),-4.905618904492258,-5.7307215
C(=O)(OO)C(ON(=O)(=O))C(O)(OO)C1OC1(C(ON(=O)(=O)))C(=O),-8.486102593943542,-8.572445
CC1(C)C(OO)C(OO)C1(OO)CC(=O)(O),-10.214599727340556,-10.071165
CC(OO)C(=O)CC(=O)C(ON(=O)(=O))C(=O)CC(ON(=O)(=O)),-6.810418616752941,-6.579913
C1(O)(O)C(N(=O)(=O))(C(=O)(O))OOC1(C(O))C(ON(=O)(=O))C(=O),-10.045227759684622,-12.784882
C(=O)(OON(=O)(=O))C(=O)OC(=O)C(C(ON(=O)(=O)))=CC(=O),-3.7549394153170397,-3.8438845
C1C(O)C(OO)(C)C(ON(=O)(=O))CC1C(=O)C,-6.780636461373888,-7.9965963
CC(=O)C(=O)CC(O)(C(ON(=O)(=O)))C(OO)(C)C(=O)(OON(=O)(=O)),-7.094483674507501,-6.82624
C(=O)(OO)CC(=O)C1OC1(C(=O)(OON(=O)(=O)))C(=O),-4.902407531480094,-4.690138
C(=O)(O)C1(N(=O)(=O))OC1C(ON(=O)(=O))(C(O))C(O)C(=O),-9.048287923175394,-10.710995
C(=O)(OON(=O)(=O))C(OO)C(C)(C)C(C(=O))C(ON(=O)(=O))(C)C(=O)(O),-8.77394519049085,-8.666978
C(OO)C1(C(=O)(OO))OC1(O)C(=O)(OON(=O)(=O)),-6.060111413591585,-8.291555
C(=O)(N(=O)(=O))C1OC1C(OO)(C)C(O)C(=O)(O),-9.052918680033144,-7.8422384
CC(=O)C(C(OO))C(C)(C)C(=O)CC(=O)(OO),-8.618828400580242,-7.4514346
C(O)CC(O)(C)C(=O)(OO),-6.0294886997826325,-3.5886185
C1(O)C(=O)C(OO)C2(C)OOC1C2(=O),-6.6838634399246075,-5.0725603
C1(O)(O)C(C(=O)(OON(=O)(=O)))OOC1(C(O))C(O)C(=O),-8.676916146045642,-12.087034
C(O)C2=CC(=O)C(O)(O)C1(O)OC12,-8.14946182309177,-11.545649
C1(=O)C(OO)C(ON(=O)(=O))C(=O)C(OO)C1(ON(=O)(=O))C,-6.3710106310263654,-6.1975617
C(=O)(OO)C(=O)OC(O)C(C)=C(OO)C(=O)(OON(=O)(=O)),-8.516067320137608,-8.158807
C(=O)(O)C(ON(=O)(=O))C(O)C1OC1(C)C(=O)(OON(=O)(=O)),-6.51340666283204,-6.872127
C(OO)C(=O)C(OO)C(C)(C)C(=O)(OON(=O)(=O)),-6.104455281328228,-5.7890058
C(=O)(O)C(O)C(=O)C1OC1(C(=O)(OO))C(=O)(OON(=O)(=O)),-7.761039508965496,-9.280184
CC(OO)(C)C(C(ON(=O)(=O))(C(O))C(=O)(OON(=O)(=O)))C(=O)C(=O),-7.467026392014304,-7.2028604
C(=O)(OO)C(C(=O))C(=O)C(OO)OC(=O),-6.186275765051505,-6.270722
C1(O)C(=O)OOC1(C(=O))C(ON(=O)(=O))CC(=O),-5.7170459898306945,-5.637088
CC(ON(=O)(=O))(C)C(C(O)(C(=O))C(=O))CC(=O),-6.580479629349611,-6.747137
CC(=O)C1(OO)C(OO)C(OO)(C)C1(C)C,-8.664782393450423,-7.810927
C(=O)(OON(=O)(=O))C(=O)OC(OO)(C)C(O)C(ON(=O)(=O))C(=O),-6.2814244603960105,-6.228381
C1(O)(ON(=O)(=O))C(C(=O))OOC1(C(=O))C(OO)C(=O),-7.360184211824617,-8.838414
C1(=O)C=CC(=O)OOC1(C(OO))C(=O),-5.55840226389455,-5.775982
C(=O)(O)C(=O)C(C(=O)(O))(C(=O))OOC(=O),-7.684424171706723,-7.461497
C(O)CCC(OO)C=C,-3.281793969008504,-3.675818
C(O)C1(C(=O)(OON(=O)(=O)))OOC(O)(C1(O))C(=O),-6.846003732879126,-8.242179
C(=O)(N(=O)(=O))C1(O)OC1(O)C(ON(=O)(=O))C(OO),-6.740246413971818,-6.9104915
C(=O)(O)C1OC1C(ON(=O)(=O))(C(OO))C(O)C(=O)(OO),-10.510052632003408,-9.453309
CC(=O)CC(ON(=O)(=O))C(OO)C(=O)CCCC,-6.595060826261943,-5.603152
C(=O)(OO)C(OO)C(C)(C(=O))OOC(=O),-6.740018046491059,-5.3891373
CC(C(=O)(O))=C(OO)C(=O)C(O)C(=O),-8.949772414007384,-6.764387
C(=O)(O)C(O)C(ON(=O)(=O))C(O)OC(=O)C(=O)(OON(=O)(=O)),-7.100034187254096,-7.458645
C(=O)(O)C(O)C(=O)OOC(OO)(C(ON(=O)(=O)))C(=O),-8.572093151868103,-8.324201
C(=O)C(ON(=O)(=O))C(OO)(C1(O))OOC1(ON(=O)(=O))C(=O),-6.304044434585194,-7.4708486
C(O)C(C(=O)(OON(=O)(=O)))OOC(=O)C(=O)(OON(=O)(=O)),-3.1284048096554216,-3.603686
CC(=O)C1(ON(=O)(=O))OOC(OO)(C1(=O))CC(=O)(O),-7.456788306537419,-5.2796845
C(=O)(OO)C(=O)C(=O)OC(=O)C(N(=O)(=O))C(=O)C(=O),-5.092861028053903,-5.5066853
CC1(O)C(=O)OOC1(OO)C(OO)C(=O)C(=O)(N(=O)(=O)),-8.013166584404189,-7.1633615
C(=O)(O)C(=O)C(=O)C(=O)CC(=O)(O),-6.651144567169013,-7.1581435
C(=O)(O)OC(OO)(C)C(=O)CC(=O)(OO),-8.582483450555173,-7.676306
C(=O)(OO)C(=O)C(O)(C(O))C(ON(=O)(=O))OC(=O),-7.208079461156558,-7.443305
C(O)C(OO)(C(=O)(O))OC(=O)C(OO),-9.707771849055916,-9.350649
C(=O)(OO)C(=O)OOC(ON(=O)(=O))C(ON(=O)(=O))C(=O)C(=O),-5.429168602317077,-4.5994453
C(=O)(O)C(=O)OOC(ON(=O)(=O))(C(=O)(OON(=O)(=O)))C(O)C(=O),-6.153180244627947,-6.2705836
CC(=O)C(OO)CC(=O)C(=O)C(=O)C(ON(=O)(=O))(C)C,-7.293132732209415,-6.3526587
CC(=O)CC(=O)CC(ON(=O)(=O))C(ON(=O)(=O))CC(=O)(OO),-6.207302207344583,-6.3829217
CC(=O)CCC(=O)CC(ON(=O)(=O))CC(OO)C(O),-8.863001930123573,-9.355898
CC(=O)C(ON(=O)(=O))C(C)(C(O))C(OO)CC(=O)(OON(=O)(=O)),-7.4365137706518,-8.558679
C1(OO)C=CC(=O)OOC1(C(ON(=O)(=O)))C(=O)(OO),-7.971915056230046,-8.44561
C1(O)C(OO)(C(O))OOC1C(ON(=O)(=O))C(=O)(O),-9.492764767495828,-10.50737
C1(=O)C(O)C(OO)C(=O)OOC1(O)C(=O)(O),-9.194405208873832,-5.9902906
C1(OO)OC1(OO)C(O)(C)C(ON(=O)(=O))C(=O)(OON(=O)(=O)),-6.519952434228344,-5.998927
C(=O)C12OOC(C2(=O))C(=O)C(=O)C1,-3.5417208188378027,-3.343454
C(=O)(O)C1(C(=O))OOC(OO)(C1(=O))C(ON(=O)(=O))C(=O),-6.957623370474266,-8.579122
C(=O)(OO)C12CC(=O)C(OO)C(C1(O))OO2,-8.996952220852563,-10.780166
CC(=O)C(ON(=O)(=O))C(C)(C)C(C(=O)(OON(=O)(=O)))C(OO)C(=O),-6.955508501900113,-6.8416514
C(=O)(OON(=O)(=O))C(O)C(=O)C1(C(=O))OC1(ON(=O)(=O)),-3.3551140955869414,-3.2103674
CC(=O)OOC(O)(C(=O)(N(=O)(=O)))C(ON(=O)(=O))C(=O)(OO),-5.943712567976945,-6.6217256
C1(O)C(ON(=O)(=O))OOC1C(=O)(OON(=O)(=O)),-3.007001486770605,-3.1098094
CC(=O)C(C(OO)(C)C)C(OO)C(=O)CC(=O)(O),-11.03064948750216,-10.862548
C(OO)C1(ON(=O)(=O))OC1CC(=O),-3.75942358187649,-4.150912
C(=O)(O)C=CC(ON(=O)(=O))(C(OO))OC(=O),-6.812363465931412,-6.917884
CC(ON(=O)(=O))(C)C(C(=O)C(OO))C(ON(=O)(=O))C(=O)CC(=O)(OO),-8.283801931676862,-8.961665
C(O)C(C(OO))(C(=O))OOC(=O)C(=O),-6.605778727057896,-6.8254704
CC(=O)C(OO)C(C(ON(=O)(=O)))(C)C(=O)(OO),-6.31341171386066,-6.2796016
C2(=O)C(=O)C(=O)C(ON(=O)(=O))(C1(=O))OOC12C,-3.716706878707555,-1.854959
CC(ON(=O)(=O))C(C)(C)C(=O)C(ON(=O)(=O)),-3.6681040725434286,-3.3425398
C(=O)(N(=O)(=O))C(=O)C(=O)OC(OO)(C)C(=O),-3.6763148522672964,-2.9637704
CC(OO)C(ON(=O)(=O))CCC(=O)CC(=O),-5.917896095012566,-6.1582212
CC(=O)C(ON(=O)(=O))CC(C(=O)(OON(=O)(=O)))C(O)(C)C,-5.996478934811421,-5.6175213
C(=O)(OON(=O)(=O))C(OO)C(=O)C1OC1(C(=O)(O))C(=O),-6.757981676757026,-7.2716126
C1(O)(OO)C(ON(=O)(=O))OOC1(C(O))C(=O)C(=O),-7.287689384261284,-8.279258
C(=O)(OO)CC(=O)C1(OO)OC1C(=O)(OO),-8.239931359470575,-8.026507
CC(ON(=O)(=O))CCC(=O)CCCC(OO),-5.42123819673634,-5.6293087
C(=O)(O)C1(ON(=O)(=O))OC1(C)C=CC(=O)(OO),-7.747254278989203,-7.824893
CC(=O)C(ON(=O)(=O))C(O)C(O)C(ON(=O)(=O))C(=O)(O),-8.182195609045266,-8.322452
C(=O)(OON(=O)(=O))C1OC1(ON(=O)(=O))C(OO)C(O)C(=O),-5.446981342738127,-6.6618695
C(=O)(O)C1OC1(OO)C(C(=O)(OO))C(=O),-8.634192806388455,-7.665312
CC(OO)(C(ON(=O)(=O)))C(OO)C(=O)C(=O)C(=O),-6.9362413391063455,-6.3301277
CC(ON(=O)(=O))CCCC(=O)CC(OO)C(OO)C,-8.377021388375852,-8.618328
CC(ON(=O)(=O))(C)C(=O)C(OO)(C)C(ON(=O)(=O))CC(=O),-6.887582080817992,-7.229888
C(=O)(O)C1(N(=O)(=O))OC1(O)C(O)C(OO)(C)C(=O),-10.974621693734207,-11.70649
CC(O)(C(=O)(OO))C(ON(=O)(=O))C(C(=O)(O))OOC(=O),-8.8329034305184,-9.042588
C(=O)(O)C(O)C(ON(=O)(=O))C(C)(C(=O)(O))OOC(=O),-9.488234306188133,-9.509882
C(=O)(OON(=O)(=O))C(=O)OC(OO)C=C(C)C(=O),-4.908691953019115,-5.0329924
CC(=O)C(O)C(OO)C(C(=O)C)CC(=O)(OON(=O)(=O)),-7.179075776218269,-8.965302
CC(OO)(C(O))C(C(ON(=O)(=O))C(=O))C(ON(=O)(=O))C(=O),-8.212868045491632,-8.026913
C(=O)(O)C(=O)OOC(C(=O))C(O)C(=O)(OO),-8.79840013222747,-8.662614
CC(=O)C1OC1(ON(=O)(=O))C(=O)C(OO),-4.496374956233012,-3.681364
CC(=O)C(ON(=O)(=O))CC(C(OO)(C)C)CC(=O)(O),-9.207760417224108,-8.807071
C(=O)(O)C1OC1C(C(OO))=CC(=O)(OO),-9.059347894181883,-9.973085
CC(=O)C(OO)CC1CC(=O)C1(C)C(=O)(O),-8.008581623445934,-9.013856
C(O)C(OO)(C(=O)(OON(=O)(=O)))C(=O)OC(=O)C(=O),-5.1118247766498826,-4.584796
CC(OO)C(=O)C(ON(=O)(=O))CC(=O)C(OO),-7.052128208213617,-6.988021
CC(OO)(C)C(ON(=O)(=O))(CC(=O)(OO))C(C(=O))=C,-7.84159575819649,-6.8441124
C(=O)(O)C(ON(=O)(=O))C1CC(OO)C1(C)C(ON(=O)(=O)),-7.2218039560102625,-7.157303
C(O)C(=O)C(ON(=O)(=O))C(ON(=O)(=O))OOC(=O)C(=O)(O),-6.814229214517582,-7.0524335
C1(=O)C(N(=O)(=O))(OO)C(OO)OOC(=O)C1(O)C,-7.462504399923091,-8.273011
C(O)C(OO)C(C(=O)(O))(C)C(=O),-8.09825993325785,-7.87364
C(=O)(OON(=O)(=O))C(O)C1OOC(ON(=O)(=O))(C1(O)(O))C(=O),-6.5208198148584415,-5.871831
C(OO)C(C(=O))=CC1OC1(OO)C(=O),-7.773960718896433,-7.234701
C(=O)(OO)C(O)C1OC1C(=O),-5.435386690406631,-4.5098906
CC(ON(=O)(=O))(C(=O)(O))C(C(=O)(OO))OOC(=O)C(=O)(O),-9.752698404194234,-10.746364
C1(OO)OC1(O)C(=O)C(ON(=O)(=O)),-3.77985544682997,-2.7142177
C(=O)(OO)C(O)(OO)C(ON(=O)(=O))(C)C(O)OC(=O),-9.187575724667113,-9.027898
CC(=O)C1(OO)CC(OO)C1(C)C,-5.812940510305452,-5.7738137
C(=O)(O)C(=O)OC(=O)C(O)(C(=O))C(O)C(=O)(O),-10.302429541968195,-11.810837
C(O)C(ON(=O)(=O))(C(=O)(O))C(C(=O)(OO))C(C)(C)C(=O),-9.27262323953164,-9.213665
CC(=O)C(=O)C(=O)C(=O)C(N(=O)(=O))(ON(=O)(=O))C(=O)(OO),-5.002355365054427,-4.7472196
C(=O)C(ON(=O)(=O))C(=O)C1(OO)OC1(O)C(=O),-4.998431892350709,-5.757736
C(=O)C1(OO)OC1C(O)(C(=O)(OON(=O)(=O)))C(OO)C(=O),-8.161370748048284,-8.24272
CC(=O)CC(O)CC(=O),-3.309586422738903,-3.742485
C(=O)(O)C1(O)OC1(O)C(=O)C(OO),-8.584936162815211,-8.37605
C(=O)(OO)C1(ON(=O)(=O))OC1C(OO)C(O)(C)C(=O),-8.46925453543463,-7.731665
CC(OO)CCC(ON(=O)(=O))CCC(=O)CC(ON(=O)(=O)),-7.141410367261415,-7.9425206
C(=O)(O)C(=O)C(ON(=O)(=O))C(OO)(C)OC(=O)C(=O)(O),-9.383465659724607,-8.934451
CC(O)CCC(OO)C(OO)CCC(O)C,-10.544780839463783,-11.468696
C(=O)(OO)C(=O)OC(=O)C(OO)(C)C(=O)C(=O),-6.526580140263832,-6.218608
C(=O)(OON(=O)(=O))C(O)C(C(=O)(O))(C(=O)(O))OOC(=O),-8.383792380347586,-8.814771
C(=O)(OO)C1(O)OC1(C(=O))C(ON(=O)(=O))C(=O),-5.688128104147381,-5.6023316
C1(O)(ON(=O)(=O))C(OO)(C)OOC1C(O)C(=O),-7.7315352305222405,-4.6875324
C(=O)(OON(=O)(=O))C1(OO)OC1C=C(C(=O)(OO))C(=O),-7.171920540145948,-6.486924
C(=O)(O)C(=O)C1(O)OC1(O)CC(=O),-7.73791752698753,-6.839321
C1(O)OOC(=O)C1(O)C(=O),-4.103543558200727,-4.6642985
CC(ON(=O)(=O))CCCCC(ON(=O)(=O))CCC(O),-5.490445400606404,-6.575215
CC(ON(=O)(=O))(C)C(C(=O))C(O)(C)C(=O)C(ON(=O)(=O))C(=O),-6.9163738622446544,-7.3839345
C12OOC(O)(C2(O))C(OO)C(O)C1(ON(=O)(=O))C(=O)(OON(=O)(=O)),-8.539028725162552,-8.19335
CC(=O)OC(O)C(=O)C(OO)C(=O)(O),-8.271219541851224,-7.0769405
CC(=O)OC(=O)C(O)(O)C(=O)C(O)C(=O)(OO),-8.909965170692885,-8.881116
C1(=O)C(=O)OOC1C(=O)C(O)(C(OO))C(=O)(OON(=O)(=O)),-5.646291771135566,-5.1594596
C(OO)OOC(=O)C(=O),-2.5661114088879913,-2.871924
C(=O)(OON(=O)(=O))C(O)C1(OO)OC1(OO)C(=O),-5.949221388830665,-5.390712
C(=O)(OON(=O)(=O))C(=O)OC(O)C(OO)C=C,-5.713358101547783,-4.823543
C(O)C1(ON(=O)(=O))C=CC(=O)OOC1C(=O)(O),-7.692790120932841,-8.378585
C(=O)(OO)C(=O)OOC(ON(=O)(=O))(C(O))C(=O)(OON(=O)(=O)),-5.143043186385512,-5.7185636
C1(OO)C=CC(N(=O)(=O))(OO)OOC1C(=O)(O),-8.464240075599719,-8.929187
CC(ON(=O)(=O))(C)OOC(OO)CC(=O)CC(=O)(OO),-6.586872707424845,-7.5887327
C(=O)(O)CC(=O)C(C)(C(OO))C(C)C(=O)(OON(=O)(=O)),-7.779753465449176,-8.557836
C(=O)(O)C1(OO)OOC(=O)C1(O)C(=O),-6.923361967005349,-5.9548616
CCC(=O)CCC(O)CC(OO)C(OO)C,-9.670471870175334,-9.787136
C(=O)(N(=O)(=O))C1(OO)OC1C(OO)C(O)C(=O)(O),-10.112294937048318,-9.306631
CCCC(ON(=O)(=O))C(=O)C(ON(=O)(=O)),-3.158307707593849,-2.723079
C(=O)(O)C(=O)C(OO)C(O)(O)C(=O)C(OO),-11.406477173375606,-11.384033
CC1(O)C(=O)OOC1(OO)C(=O)C(O)C(=O)(OON(=O)(=O)),-7.341724305900698,-5.7737103
C(ON(=O)(=O))C1OOC(OO)C1(O)C(=O)(OO),-6.937020440181186,-7.767855
C1(=O)C(=O)C(ON(=O)(=O))CC(OO)C1,-4.421405390465225,-6.633125
CC(=O)C(ON(=O)(=O))CC(=O)C(OO)C(OO)CC(=O)C,-8.916443674746915,-9.718352
C(ON(=O)(=O))C(OO)CC(C(=O)(OO))C(=O)C,-6.31341171386066,-6.4113655
C(=O)(O)C(O)C(OO)(C1(=O))OOC1(C)C(=O),-9.275958933894799,-8.677379
CC(=O)CC(=O)C(=O)C(ON(=O)(=O))CCC(O),-6.066392323136824,-5.9572473
CC(ON(=O)(=O))(C(=O)(O))C1OC1(O)C(=O),-6.517903178256347,-5.6330776
C(=O)C(N(=O)(=O))(ON(=O)(=O))OOC(C(=O)(O))C(=O)C(=O),-5.602364034393759,-5.345315
C(=O)(O)CC(C(=O))C(C)(C(O))C(=O),-7.126915927884511,-8.702675
CCCCCC(OO)CCCC,-2.901974946898008,-2.5681539
C12OC1C(O)(OO)C(=O)C(OO)C2(O)C(OO),-11.479150197485069,-13.189708
C(ON(=O)(=O))CC(O)C(OO)C(ON(=O)(=O)),-5.51828138183464,-6.000489
C(=O)(OO)C(OO)CC(C(=O)(OON(=O)(=O)))C(ON(=O)(=O))(C)C,-5.968709296593261,-5.729834
C(ON(=O)(=O))C(=O)C(=O)OC(=O)C=CC(=O)(OON(=O)(=O)),-3.879113764727663,-3.3581922
C(=O)(O)C(=O)C(OO)C(OO)OC(=O)C(=O),-8.395452755439237,-8.27913
C(ON(=O)(=O))C(=O)C1(ON(=O)(=O))OC1C(OO)C(O)C(=O),-6.548173208188473,-7.8049593
C(O)C(C(=O)(OO))C(C)(C(O))C(=O),-7.319147317718489,-6.8232827
CC(C(=O)(OON(=O)(=O)))=CC1(ON(=O)(=O))OC1(OO)C(=O),-5.514134316602394,-3.974521
C(O)C(=O)C1(O)OC1(N(=O)(=O))C(OO)C(=O),-7.467507692331765,-9.67279
C1(OO)C(OO)(C)C(ON(=O)(=O))C(=O)OOC1C(=O)(OO),-8.461653796445262,-10.93843
C1(OO)OC1C(ON(=O)(=O))(OO)C(OO)(C)C(=O)(O),-9.811437819373168,-9.75996
C(=O)(O)C(ON(=O)(=O))(C(OO))C(C)(C)OOC(=O),-7.319272975643798,-7.26659
C(=O)OOC(O)(C(=O)(N(=O)(=O)))C(=O)C(=O)C(=O),-3.844220295701234,-4.101929
CC(=O)CCC(ON(=O)(=O))C(ON(=O)(=O))CC(=O)C(=O)C,-5.874598553938995,-5.3389688
C(=O)(O)C(=O)OC(OO)C(=O)C(ON(=O)(=O))C(=O)(OON(=O)(=O)),-6.171584849947521,-5.7846155
CC(=O)C(=O)C(C(=O)(OO))OOC(=O),-5.01471588462573,-3.3490539
C(=O)(OO)C(OO)=C(C(ON(=O)(=O)))C(=O),-5.941549268996823,-7.3186154
CC(=O)C(ON(=O)(=O))C(=O)C1OC1(O)C(=O),-4.708294946813112,-2.827397
CC(=O)C(ON(=O)(=O))C(C)(C(O))C(C(OO))C(=O)(OON(=O)(=O)),-7.4365137706518,-7.806475
C1(O)C(N(=O)(=O))(C(=O)(OO))OOC1(O)C(O)(N(=O)(=O))C(=O),-8.590106777058281,-9.654527
CC(OO)(C(=O)(N(=O)(=O)))OC(=O)C(=O)C(ON(=O)(=O))C(=O)(OO),-6.85553233914834,-6.0728984
C1(O)C2(O)OOC1(C)C(OO)C(O)C2(=O),-9.420196156915154,-7.5424786
C(O)C(=O)C(ON(=O)(=O))C(O)OC(=O),-5.2565025986737055,-5.93634
C12OC1C(O)(O)C(=O)C(ON(=O)(=O))C2(OO)C(=O)(O),-9.595015325549866,-8.605449
C(=O)(O)C(=O)C,-1.7674666825171244,-1.629117
C(=O)(O)CC1(OO)OC1(OO)C(=O)(OON(=O)(=O)),-6.963037185664689,-6.7293167
CC(ON(=O)(=O))(C(=O)(O))C(C)(C)C(=O)CC(=O)(OO),-7.8008593106660555,-6.7268734
CC(ON(=O)(=O))CC(=O)C(OO)CCC(=O)CC,-6.595060826261943,-6.37266
C(=O)(OON(=O)(=O))C1(ON(=O)(=O))OC1(O)C(=O)CC(=O),-3.3551140955869414,-3.980071
CC(OO)(C(=O)(O))C(ON(=O)(=O))OOC(=O)C(=O)(OON(=O)(=O)),-6.392112421226102,-4.940566
CC(ON(=O)(=O))(C)OOC(=O)C(ON(=O)(=O))(C)C(O)C(=O)C(=O)C(=O),-7.190486651055835,-4.118664
C(OO)C(=O)C(O)C(=O)C(O)C(=O)(OON(=O)(=O)),-6.021344965448407,-7.107498
C1(OO)OC1(C(OO))C(=O)C(O)C(=O)(OO),-9.354442116907194,-9.268332
CC(=O)C(ON(=O)(=O))C(C)(C)C(C(=O)(O))C(=O)(OON(=O)(=O)),-6.356601887590841,-5.839308
C(=O)(OON(=O)(=O))C1OC1(ON(=O)(=O))C(OO)=CC(=O),-4.742337612054598,-5.4957466
C(=O)(O)C1(OO)OC1(C)C(O)C(OO)C(=O)(OON(=O)(=O)),-9.742231543515118,-9.503359
C(=O)(OON(=O)(=O))C(=O)C(=O)C(C(OO)(C)C)C(ON(=O)(=O))(C)C(=O),-6.59804594112029,-5.4756618
CC(C(=O)(OON(=O)(=O)))C(=O)CC(C(=O))C(ON(=O)(=O))(C)C,-5.031105835384551,-4.7708087
C1(=O)C2OOC1C(=O)C(O)(C2(=O))C(OO),-6.3010698571297326,-4.2392797
C1(=O)COOC1(ON(=O)(=O))C(ON(=O)(=O))C(=O)(O),-4.575710167877787,-3.3902814
C(=O)(O)C1OC1C(C(=O)(O))C(=O)(O),-9.0111783544844,-9.677765
C1(=O)C(=O)C(ON(=O)(=O))C(OO)C(OO)C1(O),-6.869147758528015,-8.823514
C(ON(=O)(=O))C1CC(OO)(C1(C)C)C(=O)C(=O),-6.142015578962855,-5.088378
C(O)C(=O)C1C(ON(=O)(=O))C(C1(C)C)C(OO)C(=O)(OON(=O)(=O)),-7.131920441396687,-8.870834
C1(=O)C(O)(C(=O)(OON(=O)(=O)))OOC1C(ON(=O)(=O))(C)C(=O),-4.882768679539367,-5.5216355
C(O)C(O)(C(=O)(O))C(=O)OC(=O)C(=O)(O),-9.662446731884302,-8.946964
CC1(C)C(OO)(C(OO))C(OO)C1C(=O)(OON(=O)(=O)),-7.744470793326855,-7.1277313
C1(OO)OC1C(ON(=O)(=O))(OO)C(=O)C(=O)C,-5.98905745277807,-5.4930587
C1(=O)C(ON(=O)(=O))C(ON(=O)(=O))C(=O)OOC1(OO)C(=O)(O),-6.304240382811713,-6.3183208
C1(=O)OC1C(ON(=O)(=O))C(O)C(=O)C,-4.608099364516875,-4.4309564
CC(ON(=O)(=O))CCCCCC(OO)CC(=O)(OON(=O)(=O)),-6.503644494313448,-6.545202
C1(OO)OC1(O)C(N(=O)(=O))C(=O)(OON(=O)(=O)),-3.848994782454156,-4.3182974
C(=O)(OO)C(N(=O)(=O))C(C(=O)(O))OOC(=O),-6.944939019245794,-7.0365148
C(=O)(OON(=O)(=O))C(O)(OO)C(ON(=O)(=O))C1OC1(OO)C(=O),-7.051256345989259,-6.69914
C1(=O)C(OO)OOC1(ON(=O)(=O))C(OO)(C)C(=O)(OON(=O)(=O)),-5.566004342397719,-4.7184544
C(OO)C(=O)C1(O)OC1(ON(=O)(=O))C=CC(=O),-6.873601780621357,-6.7282534
C(=O)(O)C(ON(=O)(=O))C(C(OO))C(=O)C(O),-7.991518830794121,-8.428419
CC(ON(=O)(=O))(C)C(ON(=O)(=O))(C(=O)(O))C(OO),-6.435371218787168,-5.898706
C1(=O)C(OO)OOC(C(=O)(O))C(OO)C1(=O),-8.455307533966334,-8.996637
CC(=O)CC(=O)C(ON(=O)(=O))CC(OO)C,-5.677967798728787,-5.307037
CC1(C(=O)(O))OC1(OO)C(=O)CC(=O),-7.467060617782408,-7.533088
C(=O)(N(=O)(=O))C(=O)C(O)(C(=O))OOC(=O)C(=O),-4.0518104444563505,-3.316653
C(=O)(OO)C(O)(OO)C(ON(=O)(=O))C1OC1C(=O)(OON(=O)(=O)),-6.8376905111872475,-6.6635
C(=O)(OON(=O)(=O))C(O)C(OO)C1OC1(OO)C(=O)(OON(=O)(=O)),-6.3177054081384085,-6.5316215
C(=O)(OO)C(ON(=O)(=O))C(O)(C(=O)(O))C(ON(=O)(=O))C(=O),-7.668678779727998,-7.6668363
C(=O)C1OC1(O)C(OO)(C(=O)(OON(=O)(=O)))C(O)C(=O),-7.83698210972625,-8.664452
C(=O)(O)C(ON(=O)(=O))(C(ON(=O)(=O)))OOC(=O)C(O)C(=O),-7.0354635971116295,-5.6917844
CC(ON(=O)(=O))CCCC(OO)C(=O)CC(OO),-7.935223687054531,-8.208186
C(=O)(O)C(=O)C1(C)OC1(OO)C(=O),-6.626078521463569,-5.6121187
C(ON(=O)(=O))C1(OO)CC(OO)C1(C)C(=O),-6.988465859874395,-7.0407643
CC1(C)OOC(ON(=O)(=O))(C(=O)C)CC1C(ON(=O)(=O))C(=O)(OO),-7.140821566049453,-5.6236806
CC(=O)C(OO)(C1(=O))OOC1C(O)C(=O)(OON(=O)(=O)),-6.193280491831501,-5.9165187
CC(ON(=O)(=O))(C(OO))OOC(C(=O)(O))C(=O)(OO),-8.096374004451718,-8.271206
CC(=O)CC(=O)CC(OO)C(OO)CC(O),-9.537693485879572,-10.439182
C(O)C(ON(=O)(=O))(C(=O))C(=O)C(=O)OC(=O),-3.8540212713569417,-4.1765184
C(OO)C(ON(=O)(=O))C(C)(C(=O))C(C(=O))C(=O)C,-6.681932601075459,-7.165952
CC1(O)C(=O)C(ON(=O)(=O))C(=O)CC1(OO)C(OO)(C)C,-9.153852655409537,-9.896001
CC(=O)C(=O)OC(OO)C(OO)C(=O)C(=O)(O),-9.198154784762664,-8.460251
C(=O)(O)C(=O)C(=O)C(C(O))=CC(=O)(OON(=O)(=O)),-6.416722494515852,-7.137229
C(=O)(O)C(ON(=O)(=O))C(OO)C1(O)OC1(N(=O)(=O))C(=O),-8.48410764347409,-7.8361454
C(ON(=O)(=O))C(ON(=O)(=O))C(C(=O)(O))(C)C(OO),-6.435371218787168,-6.6298833
C(=O)(OO)C(ON(=O)(=O))C1(C(=O)(OON(=O)(=O)))OOC(O)(C1(O))C(=O),-7.658528703968841,-6.3234334
C(=O)C1(O)C(ON(=O)(=O))OOC1C(=O),-4.196686790453441,-2.4345064
C(=O)(O)C(=O)OOC(C(=O)(O))C(O)C(=O),-9.498571236273165,-10.575891
C(=O)(OON(=O)(=O))C(O)C1OC1(C)C(O)(OO)C(=O)(OON(=O)(=O)),-6.47289683685085,-5.547688
C(=O)(OO)C(=O)C(ON(=O)(=O))(C)C1OC1(OO),-6.264646674213964,-5.968561
CC(=O)C(O)CC(OO)(C(=O))C(=O)C,-6.920660749653507,-6.8765373
C1(O)C(=O)C(OO)C(C)(C)C(ON(=O)(=O))C1(OO)C,-8.685911890142961,-2.301117
CC(OO)(C)C(ON(=O)(=O))(C(ON(=O)(=O))C(=O)(OO))CC(=O),-7.155001461808752,-6.52879
CC(=O)C(O)CC(C(O)(C)C)C(ON(=O)(=O))C(=O)(OON(=O)(=O)),-8.386924692241337,-6.2234964
C(=O)(O)C(OO)C1(ON(=O)(=O))OC1(C)C(=O),-6.7738574270629215,-6.3574996
CC(C)(C(=O)(OON(=O)(=O)))C(C(=O))CC(OO)C(=O)(OO),-6.956638093335641,-5.9792547
CC1(C)OOC(=O)C(OO)C1(OO)C(ON(=O)(=O)),-6.707628890861997,-4.509013
CCC(ON(=O)(=O))CC(=O)CC(OO)C(=O)CC(ON(=O)(=O)),-7.804550150440264,-8.025786
CC(O)CC(ON(=O)(=O))C(=O)CC(=O)CC(OO)C,-8.863001930123573,-7.894188
CC(O)(C(=O))C(OO)C(ON(=O)(=O))OC(=O),-6.446114343729732,-5.058971
C2(=O)C(C)=CC(OO)(C1(O)(N(=O)(=O)))OOC12(O),-8.353502909349118,-8.568809
C(=O)(O)C(ON(=O)(=O))C(C(O))(C(=O))OOC(=O),-7.046145955393058,-6.789389
C1(O)(O)C(OO)OOC1(C(ON(=O)(=O)))C(ON(=O)(=O))C(=O)(O),-9.19636368249212,-9.477468
CC(=O)C1OC1(ON(=O)(=O))C(OO)C(=O)(O),-6.638407681388344,-6.807536
C1(=O)C(OO)C(ON(=O)(=O))C(C(=O))OOC1(=O),-4.5014195232656675,-5.0461855
CC(=O)C(=O)OC(OO)C(ON(=O)(=O))C(OO)C(=O)(OO),-8.721625783018226,-7.7972484
CC1(C(=O))OOC(ON(=O)(=O))(C1(O))C(OO)C(=O),-7.534194356678654,-7.18741
CC(=O)C(=O)OC(N(=O)(=O))(OO)C(=O)C(O),-6.010680165785743,-5.4614916
C(=O)C(ON(=O)(=O))C(O)C1(C(=O)(OO))OC1(OO)C(=O),-8.324257339975247,-9.311386
CC(ON(=O)(=O))(C)C(C(ON(=O)(=O)))C(C(=O)(O))=C,-5.6348292248403595,-5.136261
C1(=O)C(=O)OOC(ON(=O)(=O))C(=O)C1(O)C(OO),-5.295874256270963,-6.0370107
C(=O)(O)CC(=O)CC(OO)C(=O)(O),-8.657296034300998,-9.148392
C(=O)C(=O)C(=O)OC(=O)C(=O)C(O),-3.6332407437275833,-3.3736713
C(O)C(=O)C(=O)C(O)C(=O)(N(=O)(=O)),-4.594304924377866,-4.8242106
C(=O)(O)C=C(OO)C1(N(=O)(=O))OC1(C)C(=O),-8.066095459802455,-7.2775006
C(=O)(O)C(O)(OO)C(ON(=O)(=O))OC(=O),-6.8106898263140465,-7.5083632
C(=O)(OO)C=C(OO)C1(C)OC1(OO)C(=O)(OON(=O)(=O)),-8.302519048590966,-8.219303
C(=O)(OO)C1OOC(O)(C1(O)(O))C(ON(=O)(=O))C(=O)(OON(=O)(=O)),-7.6466027583217056,-7.0500393
CC1(C(=O)(OO))OOC(O)(C1(=O))C(O)(N(=O)(=O))C(=O),-8.426650060887368,-7.3000493
CCCC(=O)CC(ON(=O)(=O))C(ON(=O)(=O))CC(O)C,-6.834096872794817,-6.282515
C(O)C(=O)C(ON(=O)(=O))C1OC1C(=O)(OO),-5.812043107367117,-4.6490893
C(=O)(OON(=O)(=O))CC1CC(C(=O)C(OO))C1(C)C(=O),-6.204426666028667,-7.287983
C(O)C(=O)C(=O)C(C)(C)C(ON(=O)(=O))CC(=O)(O),-8.198205121496358,-7.293397
CC(=O)CC(OO)C(O)C(=O)C(=O)C(ON(=O)(=O)),-7.1761527001863215,-7.2189236
C(=O)(OO)C(C(=O)(OON(=O)(=O)))C(=O)C(=O)OOC(=O),-4.353080304696505,-4.0975013
C(=O)(O)C(OO)C(OO)C(ON(=O)(=O))(C)C(C(=O))C(=O)C,-10.486228876859059,-12.1690035
C(O)C(=O)OOC(N(=O)(=O))(C(=O)(O))C(O)C(=O),-8.149132363223089,-9.400854
CC(OO)C(ON(=O)(=O))(C)C(=O)(O),-5.406454915343147,-5.0520988
C(=O)(O)C(=O)C(O)(C(ON(=O)(=O)))C(=O)OC(=O),-5.948428318353308,-4.6180563
C(OO)C(=O)C(OO)(C)C(C(=O))C(=O)C,-7.541877040092459,-8.12315
C(=O)(OO)C(=O)C(OO)C(=O)C(O)C(ON(=O)(=O))C(=O),-7.864510756376603,-7.6604953
CC(ON(=O)(=O))C(=O)OOC(OO)C(=O),-4.361249757380847,-4.2755017
C1(=O)OC1C(OO)C(=O)C(=O)C(=O)C(ON(=O)(=O)),-4.569647418700697,-4.9604926
CC(=O)C(=O)C(ON(=O)(=O))(C(=O)(O))C(OO)C(ON(=O)(=O)),-7.071191334141986,-6.633924
C(O)C(ON(=O)(=O))C(C(=O)(O))C(=O)C(OO),-7.991518830794121,-9.133096
C(=O)(O)C(O)C(ON(=O)(=O))C(OO)C(=O),-7.5020528043410195,-8.078797
C(=O)(O)C(N(=O)(=O))C(=O),-2.678136753032504,-3.2475283
CC(=O)C(C)(C(ON(=O)(=O)))C(OO)(C(O))C(=O)(OON(=O)(=O)),-6.762502921594205,-4.99491
C(=O)(OO)C(=O)OC(=O)C(=O)C(N(=O)(=O))C(=O),-4.242213413209356,-4.7895236
CCCCCC(=O)C(OO)CC(=O)(OON(=O)(=O)),-5.353749529127072,-4.5396614
C2(ON(=O)(=O))C(O)C(OO)C1(C(=O)(OO))OOC2C1(O),-10.420323055188419,-12.313924
C(=O)(OO)C(OO)OC(=O)C(C(=O)(O))C(=O),-8.464544847275647,-9.333909
C(=O)(O)CC(=O)OC(N(=O)(=O))(OO)C(=O)(OO),-7.816286204947573,-7.5816765
C(=O)CC1OC1(=O),-0.9661984649974329,-2.1834936
CC(ON(=O)(=O))(C(OO))C(C(O))CC(=O)C(=O)C(OO),-9.612571756149919,-11.850192
C(=O)(O)CC(=O)C(=O)C(OO),-5.7277023004066905,-5.830432
C(=O)C(O)C(=O)C1(C(=O))OC1C(=O),-5.092031847443195,-3.2122056
C(=O)(O)C(C(ON(=O)(=O)))=CC(OO)OC(=O)C(=O),-8.034677203508181,-7.6497297
C1(O)(N(=O)(=O))C(=O)OOC1(C)C(OO)CC(=O),-7.2816586281364835,-7.533834
CC(=O)C(=O)C1OOC(C1(O)(OO))C(=O),-6.647603909770623,-7.110782
C(=O)(O)C(ON(=O)(=O))C(O)(OO)C(O)(C)C(=O)C(=O),-10.15514583755703,-8.58835
C1(O)C(OO)OOC1C(ON(=O)(=O))(C)C(=O)(O),-8.12585349927258,-8.216496
C(=O)(O)C1OC1(OO)C(OO)C(O)C(=O)(OON(=O)(=O)),-9.062229218934135,-8.571987
C(=O)(O)C(=O)C1OOC(C(=O)(O))C1(O)C(=O),-9.681277042464899,-9.294956
C1(O)C(OO)C(ON(=O)(=O))C(OO)OOC1(=O),-6.6563004565591655,-6.0423574
CC(=O)OOC(O)(C(=O)(O))C(=O)C(=O)(O),-9.184390067035565,-9.207265
CCCC(ON(=O)(=O))CC(ON(=O)(=O))C(=O)CC(=O)(O),-6.8663712042698535,-5.9392214
C(=O)(O)C(ON(=O)(=O))C(C)(C(OO))C(C(=O))C(=O)C,-8.702025398624755,-8.935506
C1(=O)OC1C(=O)C(=O)C(=O)C(=O)C,-3.928154947537223,-1.8650583
CC(C)(C(=O)(OO))C(C(=O))C(O)(C)C(=O)(O),-8.892833081688877,-6.793686
CCC(OO)C(ON(=O)(=O))C(=O)CC(=O)CC(ON(=O)(=O)),-6.977546148566944,-6.7336855
CC(ON(=O)(=O))(C(O))C(C(O))CC(=O)(OON(=O)(=O)),-5.973924505639843,-6.681897
C(=O)(OON(=O)(=O))C(O)C(=O)C(C)=CC(=O)(OON(=O)(=O)),-3.934602481296224,-2.1959288
C(=O)OOC(N(=O)(=O))(C(=O)(O))C(=O)C(=O)C,-5.388676544939699,-4.8730946
C(=O)(O)C(O)(N(=O)(=O))C(OO)C1OC1(ON(=O)(=O))C(=O),-8.48410764347409,-8.3587
CC(=O)C(OO)C(=O)C(ON(=O)(=O))(C)C(OO),-7.052128208213617,-6.134501
C(=O)(O)C(OO)C(ON(=O)(=O))(C)C(=O)C(=O)C(=O),-6.8933333968125226,-5.6627007
C(=O)(O)CC1(OO)CC(=O)C1(C)C(OO),-9.101106413548223,-9.93051
C(=O)(OO)CC1OC1(C(=O)(OO))C(=O)(OON(=O)(=O)),-6.2541750054942895,-6.350466
CC(ON(=O)(=O))CC(=O)C(OO)C(OO)CC(O)CC,-10.614120421653752,-9.500485
C(ON(=O)(=O))C1CC(=O)C1(C(=O)(O))C(OO),-7.052723895803865,-7.267328
C(OO)C1OOC(C1(=O))C(=O)(OO),-5.794090880279782,-5.603395
CC1(C)C(=O)CC1(ON(=O)(=O))C(OO)C(OO)C(=O)(OON(=O)(=O)),-7.380973053288471,-6.775288
C(O)CCC(=O)CC(ON(=O)(=O))C(=O)CCC(=O),-6.784730773530555,-8.245006
C(=O)C1(ON(=O)(=O))OC1(C(OO))C(=O)C(N(=O)(=O))C(=O),-5.593200445905495,-6.952275
C1(ON(=O)(=O))OC1C(ON(=O)(=O))(C(OO))C(O)C(=O)(O),-7.784431738853073,-8.419507
C(=O)(OO)C(=O)OC(OO)C(ON(=O)(=O))(C)C(=O),-6.303016835759536,-7.67632
CC(ON(=O)(=O))CC(=O)CC(ON(=O)(=O))C(OO)CC(O)C,-9.229553150008996,-9.84028
C(=O)(O)C(ON(=O)(=O))C(C)(C)C(=O)C(O)(C)C(=O)(OO),-9.151234817248223,-7.7504888
CC(OO)(C)C(O)(C(OO)C(=O)(OON(=O)(=O)))CC(=O),-8.59820725048121,-7.4236026
C(=O)(OO)C(O)C(=O)C(=O)C(O)(C)C(=O),-7.267345544769341,-8.203866
C(=O)(OO)C=CC1OC1C(=O)C(=O)(OON(=O)(=O)),-5.506362396774421,-5.7624073
C(ON(=O)(=O))C(=O)C(=O)C(O)C(ON(=O)(=O))OC(=O),-4.454005093425167,-4.6610074
C12OOC(O)(C1(O)C)C(OO)C(OO)C2(O),-11.222923123060355,-9.830315
CC1(O)C(ON(=O)(=O))CC(=O)CC1(OO)C(OO)(C)C,-9.2053971129194,-9.746709
C(ON(=O)(=O))CC(=O)C(ON(=O)(=O))CC(O)CCC(OO),-8.473918002533537,-9.338738
C(=O)(OON(=O)(=O))C(=O)C(OO)C(O)C1(O)OC1C(=O),-7.225540983698011,-7.803927
CC(=O)C(OO)C(C)=CCC(=O),-5.113454630738943,-5.034758
CCCC(ON(=O)(=O))C(ON(=O)(=O))CC(=O)CC(OO)C,-7.141410367261415,-6.21784
C(=O)(O)C(N(=O)(=O))=C(C(=O)(O))C1OC1C(=O)(OON(=O)(=O)),-8.004080204534148,-7.602163
C1(OO)OC1(OO)C(OO)(C)C(O)C(=O),-9.648744163512674,-9.943589
C1(OO)OC1(C(=O)(OON(=O)(=O)))C(O)C(ON(=O)(=O))C(=O),-5.446981342738127,-5.9552097
C(OO)C(=O)C(=O)C(=O)C1OC1C(=O),-5.074942433574961,-5.4018965
C(=O)(O)C(=O)OC(O)C(C(=O)(O))=CC(=O)(OON(=O)(=O)),-9.033199271866579,-9.000862
C1(O)C(ON(=O)(=O))C(ON(=O)(=O))C(=O)OOC1C(=O),-4.9793810330133965,-6.796164
C1(O)(OO)C(OO)(C(=O)(OON(=O)(=O)))OOC1(C)C(=O),-7.430374775150085,-6.5399675
CC(=O)OOC(O)(C(=O))C(N(=O)(=O))(OO)C(=O),-6.566963366659365,-6.9696674
C(=O)(O)C(OO)C(ON(=O)(=O))(C1(O)(O))OOC1(O)C(=O),-10.235296386337723,-13.666616
C(=O)(OON(=O)(=O))C1(O)OC1(OO)C(OO)C(=O),-5.949221388830665,-5.3776126
CC(O)(C(=O)(OON(=O)(=O)))C(OO)(C(=O))C(C)(C)C(=O)(O),-9.428589372731949,-8.641815
C(=O)(O)CC(=O)C(=O)C(O)(C)C(=O)(OON(=O)(=O)),-5.697309520709496,-6.7069635
C(ON(=O)(=O))C1(O)COOC1(OO)C(ON(=O)(=O))C(=O),-6.469002678132711,-6.7300987
C(=O)OC(=O)C(C(=O)(O))=CC(=O),-4.8969008465073784,-4.639205
CC(=O)C(OO)(C(=O)C)CC(ON(=O)(=O))CC(=O)(OO),-7.684679895039153,-9.942921
C(=O)(O)C(ON(=O)(=O))(C(=O)(O))C(OO)OC(=O),-8.28407720327641,-8.418895
CC(OO)(C)C(ON(=O)(=O))(C)CC(=O)C(=O)(OO),-6.916033538045667,-8.397391
C(=O)(N(=O)(=O))C1OC1C(O)C(=O)(O),-5.789807760882923,-5.670422
C(O)C1(O)C(N(=O)(=O))(C(=O)(OO))OOC1C(=O),-7.86801621903669,-8.1470375
C(=O)(O)C(O)(C(=O)(OON(=O)(=O)))C1OOC(C1(=O))C(=O),-6.751033629447193,-5.486719
CC(=O)C1(O)OC1C(ON(=O)(=O))C(ON(=O)(=O))C(=O)(OO),-6.689508269843827,-7.6654587
C(=O)(O)C1(N(=O)(=O))OC1(O)C(C(=O)(O))=CC(=O),-9.7198364975593,-10.968576
C(O)C(C(=O)(O))OOC(OO)C(=O),-7.924901673155091,-7.6842685
C(=O)(OO)C=CC1(C(=O)(OON(=O)(=O)))OC1C(=O),-5.5257624227087945,-5.543356
C(=O)(OON(=O)(=O))C(O)C(=O)C(O)(O)C(OO)(C)OC(=O),-8.652968174624675,-8.715971
C(=O)(O)C(O)(N(=O)(=O))C(ON(=O)(=O))C1OC1C(=O)(OO),-8.213254309494914,-7.9886703
CC(=O)C(=O)CC(O)(C(=O)(O))C(C)(C)C(=O),-8.085632011062444,-7.160337
C(=O)(O)C(=O)OOC(ON(=O)(=O))C(OO)C(=O)(OO),-8.189704902097219,-7.250052
C1(O)(O)C(OO)OOC1(OO)C(ON(=O)(=O))C(=O)C,-8.920052184113956,-8.988544
CC(O)CCC(OO)CC(=O)CC(=O)C(O),-10.277598693630807,-11.367412
C(ON(=O)(=O))C1(O)C(ON(=O)(=O))(C(=O))OOC1C(=O)C(=O),-5.366570685672286,-4.9883213
C(=O)OC(=O)C(=O)CC(=O)C(ON(=O)(=O)),-2.728761192051934,-4.144329
C(O)C1(C(=O)(N(=O)(=O)))OC1C(O)C(ON(=O)(=O))C(=O)(O),-8.495581121271698,-9.630047
C(ON(=O)(=O))C(=O)OOC(OO)(C(=O)(OON(=O)(=O)))C(O)C(=O)(O),-7.431323102025999,-8.07981
CC(ON(=O)(=O))(C)C(C(=O)(OON(=O)(=O)))CC(O)C(=O)(O),-6.923197316302321,-7.5424213
C(O)CCC(=O)C(OO)CC(=O)(OON(=O)(=O)),-5.896973190348035,-6.616947
C1(OO)OC1C(=O)C(ON(=O)(=O))C(=O)C,-4.496374956233012,-4.0049496
CC(OO)(C)C(OO)CC(=O)C(C)C(=O)(OON(=O)(=O)),-7.305037600658579,-6.502608
C(=O)C(ON(=O)(=O))C(OO)(C(=O))C(=O)C(=O)C(=O),-4.681689760356676,-4.467641
C(OO)C(=O)CC(ON(=O)(=O))OC(=O),-4.222734470929026,-4.4870195
C(=O)OC(=O)C(O)C(=O)C(=O)C(ON(=O)(=O)),-3.9941078544043194,-3.727021
C1(=O)OC1C(OO)(C(=O)(OO))C(O)C(=O),-8.145773768349045,-6.703636
C(=O)C(OO)C(O)(C)C(=O)OC(=O)C(=O),-6.308285157216233,-5.847558
C(=O)(O)C(OO)C(O)(N(=O)(=O))C1(OO)OC1C(=O),-10.369043463180788,-9.682743
C(=O)(N(=O)(=O))C(O)C(=O)(OO),-3.2347397111775535,-2.9681878
C(=O)(N(=O)(=O))C(=O)OC(OO)C(OO)(C)C(O)C(=O),-8.146309701839073,-9.123935
C(=O)(O)C(ON(=O)(=O))C(C(ON(=O)(=O)))(C(=O))OOC(=O),-5.920840004363072,-5.646816
CC(O)(C(=O)(OON(=O)(=O)))C(OO)C(O)C(C(=O))C(=O)C,-8.738918080879557,-9.342394
C(=O)(O)C(=O)OC(OO)C(=O)CC(=O)(OON(=O)(=O)),-5.871994203836948,-6.668189
CCCCCC(ON(=O)(=O))C(O)C(OO)CC(ON(=O)(=O)),-7.982931706956151,-6.9404287
C(=O)(O)C(=O)C(=O)C(O)(C(=O))C(=O)OC(=O),-6.378768067682358,-4.620456
C(=O)(O)CC(=O)C(=O)C(=O)C,-4.362476159780272,-4.0021973
C(=O)(O)C=CC1(O)OC1(ON(=O)(=O))C(=O),-6.359550186486558,-6.0539675
C(OO)C(O)(C(=O)(OON(=O)(=O)))C1OC1C(=O)(OON(=O)(=O)),-4.695880149393361,-4.880864
C(=O)(O)C1(OO)OC1(OO)C(C)=CC(=O),-9.508750302418775,-10.066573
C1(OO)C=C(OO)C(C(=O)(O))OOC1(ON(=O)(=O))C,-9.12748142328428,-9.2923
CC(=O)C(OO)C(ON(=O)(=O))C1(OO)CC(ON(=O)(=O))C1(C)C,-8.460726552311826,-7.911551
CC(ON(=O)(=O))(C)OOC(C(=O)C)CC(=O),-3.4977693527866904,-3.5338967
C(=O)(OON(=O)(=O))C(O)C(O)(C(=O))C(=O)C(=O),-4.667873946230884,-1.2217547
CC(=O)CC(=O)CC(=O)CCC(OO)C(ON(=O)(=O)),-7.073555888544433,-8.010023
C(O)C(OO)(C(=O)(N(=O)(=O)))OC(=O)C=CC(=O)(O),-8.828726826943239,-9.211727
C(ON(=O)(=O))C1(OO)OC1C=C(OO)C(=O)(OO),-8.28731405379267,-5.650462
C1(=O)C(N(=O)(=O))(OO)OOC1(OO)C,-4.406974019245354,-2.9771595
C12(O)OOC(OO)(C1(O)(O))C=CC2(N(=O)(=O))(OO),-9.574378869273914,-9.715963
C(=O)(O)C(=O)CC1(O)OC1(N(=O)(=O))C(=O),-6.464060421580598,-7.610367
CC(OO)(C(=O)(OON(=O)(=O)))C(O)C(=O)OC(=O)C(=O)(OON(=O)(=O)),-5.176411654982076,-4.430023
CC1(C(OO))C(C(=O)(OO))CC1C(OO),-7.611441622014809,-9.462585
C1(O)C(ON(=O)(=O))C(C(=O)C)C(OO)C(OO)C1(ON(=O)(=O))C,-8.49265277880113,-9.4714575
C1(O)C(OO)C(=O)C(C2(O)(OO))OOC12,-9.28592461471544,-9.836046
CC(=O)CCC(ON(=O)(=O))C(ON(=O)(=O))CC(OO)CC,-7.141410367261415,-6.4929504
CC(=O)C(ON(=O)(=O))CC(=O)(O),-4.099262940191693,-4.0538654
CC(ON(=O)(=O))C(=O)CC(=O)C(=O)CCC(ON(=O)(=O)),-5.312318345200765,-5.334779
CC1(C)C(=O)CC(=O)C(OO)(C)C1C(=O)(O),-8.008581623445934,-8.802501
CC1(C)C(ON(=O)(=O))(CC(=O)(O))CC1C(=O)(OO),-7.489840397568059,-8.8087635
CC(=O)C(=O)CC(C(O))C(ON(=O)(=O))(C)C(OO),-8.109325870414068,-8.4866705
C(=O)(O)C(=O)CC(C(=O)(O))OOC(=O),-7.827485850831636,-8.713739
CC(ON(=O)(=O))C(O)CCC(OO)CCC(=O)C,-8.10243500228944,-8.117279
CC(=O)C(OO)C(ON(=O)(=O))C1CC(=O)C1(C)C,-6.231737659914415,-6.0143633
CC(ON(=O)(=O))(C)C(C(=O)(OO))C(=O)C(ON(=O)(=O)),-4.830811417804398,-4.1908283
C(=O)(OO)C(OO)C(=O)C(=O)(OON(=O)(=O)),-3.5192771282440845,-3.2348974
C(=O)(O)C(OO)C(C(=O))C(O)(C)C(=O),-9.103168407521025,-8.947496
CC(OO)(C(=O)(O))C(N(=O)(=O))(ON(=O)(=O))C(=O)(O),-7.810444544912116,-7.83674
C1(=O)C(=O)C(OO)C(=O)OC(OO)C1(O)C,-8.093417639917789,-8.659663
C(O)C(OO)(C(=O)(OO))C(ON(=O)(=O))CC(=O)C(=O),-7.92443787441789,-7.2735534
C(=O)(O)C1CC(ON(=O)(=O))(C(=O)C)C1(C)C(ON(=O)(=O)),-6.488406685934933,-5.7590184
C(=O)(N(=O)(=O))C(=O)C(OO)(C)C(=O)OOC(=O),-4.053280830729818,-3.1893437
C(O)CCC(=O)CC(ON(=O)(=O))C(=O)(O),-6.903974249771181,-8.198477
CC(=O)C(ON(=O)(=O))C1OC1(ON(=O)(=O))C(O)(O)C(=O)(O),-8.228702552536106,-8.316421
C(=O)(OON(=O)(=O))C(O)C1OC1(C(ON(=O)(=O)))C(=O),-4.033673393957997,-4.160461
C1C(OO)C(OO)(C(=O)(OON(=O)(=O)))OOC(=O)C1(=O),-5.519285945673801,-5.995122
CC(=O)C(C(=O)C)C(OO)C(ON(=O)(=O)),-5.164580118097092,-5.008906
CC(=O)CC(=O)CC(OO)CCC(=O)C,-5.848802493937455,-6.633342
CC(OO)(C)OOC(OO)CC(=O)(O),-7.63951742985455,-6.807819
C1(OO)C=CC(OO)OOC1(C)C(=O)(O),-8.649531529189517,-9.018567
C(=O)(OO)C(O)C(OO)C1OC1(ON(=O)(=O))C(=O)(OO),-9.28081372095403,-11.201583
CC(=O)C1(O)OOC(O)(C1(O))C(=O)(OO),-8.788394361054088,-9.0696335
C(=O)(OON(=O)(=O))C1OOC(OO)(C1(O))C(ON(=O)(=O))C(=O),-5.926757965778052,-7.3887997
C(ON(=O)(=O))C(=O)C(C)(C(O))C(C(=O)(OO))C(=O)C,-7.596085482633498,-7.932348
CC(=O)C1CC(OO)(C1(C)C)C(ON(=O)(=O))C(=O),-6.499800675313054,-7.0502667
C(O)C(ON(=O)(=O))C(OO)(C)C(=O)C(=O),-6.055174806034756,-6.7608247
C(=O)(OO)C1OC1(O)C(N(=O)(=O))=CC(=O),-7.437008435669668,-6.096867
C(=O)(O)C(OO)=CC(O)OC(=O)C(ON(=O)(=O)),-8.996525422882769,-8.151984
C(N(=O)(=O))(OO)C(C(=O)(OO))OOC(=O)C(=O),-6.22744562585649,-6.120345
C(=O)(O)C1OC1(O)C(O)C(=O)(OON(=O)(=O)),-6.342918675345118,-6.5731077
CC(ON(=O)(=O))(C)OOC(C(=O)C)CC(=O)CC(=O)(OON(=O)(=O)),-5.1341878898274445,-5.483443
CC(=O)C(ON(=O)(=O))C(OO)C1(OO)CC(=O)C1(C)C,-8.302348577871271,-8.256056
CC(OO)(C)C(C(O))C(OO)(C(=O)(OON(=O)(=O)))C(=O),-8.59820725048121,-9.694676
CC(=O)C(=O)C(O)C(C(O))C(=O)C,-6.023414274402967,-5.8393164
C(ON(=O)(=O))C1(O)OOC(O)(C1(O)(O))C(=O),-7.378132263272164,-8.358568
C(=O)(OO)C(ON(=O)(=O))C(O)(OO)C1OC1C(=O)C(=O),-8.235615117535872,-8.438208
CC(C(ON(=O)(=O)))(C(=O))C(C(O))CC(=O),-5.697065572013798,-6.3723807
C1(O)C(OO)C(=O)C(O)(C2(O)(N(=O)(=O)))OOC12,-8.482035270511915,-5.6333013
C1(OO)OC1(OO)C(O)(C(ON(=O)(=O)))C(ON(=O)(=O))C(=O),-7.72455343130423,-7.852833
CC(=O)C(C(OO)(C)C)CC(=O)C(OO),-7.565586782797254,-7.5089025
C1(O)(O)C(N(=O)(=O))(ON(=O)(=O))OOC1C(=O)(OO),-6.076285279936201,-4.504079
C(OO)C(=O)OOC(=O)CC(=O)(OON(=O)(=O)),-3.3574229666487554,-3.6343646
C1(=O)C(OO)(C(=O)(O))OOC1(C)C(O)C(=O)(O),-11.574185296095493,-10.188634
CC(ON(=O)(=O))(C(O))C(ON(=O)(=O))(C(=O))CC(=O),-5.722900932558332,-6.122262
C(=O)(OON(=O)(=O))C(OO)OC(=O)C(=O)C(ON(=O)(=O))C(=O),-4.036905222844325,-4.40303
C(=O)(O)C(C(=O)(O))(C(ON(=O)(=O)))OOC(=O)C(ON(=O)(=O)),-7.568890861591626,-8.5393
CC(=O)C(O)C(OO)(C)C(=O)C(=O),-6.247490283555635,-8.197008
C(ON(=O)(=O))C(=O)OOC(OO)C(O)C(=O),-5.545516611974563,-6.0030746
C(=O)(O)C(=O)OC(=O)C=CC(=O)C(ON(=O)(=O)),-6.101126324903817,-6.5647984
C(=O)(OO)C(O)C(C)(C)C(=O),-5.209920043147122,-4.028965
CC(=O)CC(ON(=O)(=O))C(O)CCC(=O)(O),-7.464323803120351,-8.033404
C(=O)(O)C1(O)OC1(C(=O))C(ON(=O)(=O))C(=O),-6.287673853152228,-7.0410914
CC1(C)OOC(ON(=O)(=O))CC1C(ON(=O)(=O)),-3.34097971518122,-4.1248403
C(=O)(O)C(=O)OC(OO)C(=O)CC(=O)(O),-8.813386486922354,-9.23931
C1(OO)C=C(OO)C2OOC1(O)C2(O)(OO),-11.484745810338154,-11.2242985
CC(O)C(ON(=O)(=O))CC(=O)C(ON(=O)(=O))CC(=O),-6.104141309090664,-6.511386
C1(O)C(OO)C(=O)C(=O)OOC1C(=O)(OON(=O)(=O)),-5.0848307815613225,-4.722954
C1(O)(O)C(N(=O)(=O))(OO)OOC1(C)C(=O)(OO),-8.308353562573757,-8.347937
CC(=O)C(C(O))C(C(ON(=O)(=O)))(C(ON(=O)(=O)))C(=O)C(=O),-6.464755820879873,-8.061392
C(=O)(N(=O)(=O))C(OO)OC(=O)C(O)C(O)(C)C(=O)(O),-9.95187824685172,-7.324887
CC(=O)C(=O)C(O)C(ON(=O)(=O))C(=O)C(=O),-4.32200203534012,-3.9921105
CC1(C)C(OO)(C)CC1(ON(=O)(=O))CC(=O)(O),-6.890949317447394,-6.4745307
C1(O)C(=O)OOC1(C(=O)(O))C(O)C(=O),-8.044000945329572,-8.884843
CC(=O)CCC(ON(=O)(=O))C(O)CC(=O)(OO),-6.830350309331152,-10.604331
C(OO)C(C(=O)(OON(=O)(=O)))OOC(=O)C(=O)(OON(=O)(=O)),-3.5736146950957846,-3.924322
C12OOC(ON(=O)(=O))(C1(O)C(=O)(O))CC(=O)C2(=O),-6.756229524480659,-8.444582
CC(=O)C(=O)C(N(=O)(=O))C(OO)OC(=O)C(=O),-4.916472137802884,-5.067519
C(=O)(OO)C(N(=O)(=O))(ON(=O)(=O))C1OOC(C1(O)(O))C(=O),-7.995437948152357,-7.788688
C(=O)(O)C(=O)OC(OO)C(ON(=O)(=O))C(=O)C(=O)(OO),-8.502159422623208,-9.1304655
C(=O)(OON(=O)(=O))C(=O)C(OO)C(O)(C1(=O))OOC1C(=O),-5.959136931075136,-6.0832033
C(=O)(OO)C1(O)C(ON(=O)(=O))OOC1(O)C(=O),-6.771334540862881,-4.8198256
CC(O)(C(=O)(O))C(=O)C(O)C(ON(=O)(=O))C(=O),-8.222554506653978,-9.4618845
CC(=O)C1(ON(=O)(=O))CC(OO)(C(=O)(O))C1(C)C,-7.890672433195505,-7.247328
C(O)C(=O)OOC(N(=O)(=O))(C(=O)(O))C(ON(=O)(=O)),-5.9029409752192805,-6.4341993
C(=O)(N(=O)(=O))C1(O)OC1C(OO)(C(=O)(OON(=O)(=O)))C(O)C(=O),-7.702168322319267,-7.373087
CC1(OO)C(O)C(ON(=O)(=O))C2OOC1(O)C2(=O),-8.161659009803316,-6.8912487
C(O)C(ON(=O)(=O))(C(=O)(OON(=O)(=O)))C1OC1C(=O),-4.033673393957997,-4.2995253
C(=O)(O)C(=O)C(=O)C(ON(=O)(=O))(C(OO))C(=O)(OO),-7.73202583621196,-7.6710677
CC(=O)CCC(=O)C(ON(=O)(=O))CC(=O)C(OO)C,-7.073555888544433,-7.642543
C(O)C(=O)C=CC1(OO)OC1C(=O)(OON(=O)(=O)),-5.993075268796929,-7.249897
C(=O)(O)CC(ON(=O)(=O))C(O)(C)C(=O)(OO),-7.215225790270779,-5.949909
CC1(C)C(ON(=O)(=O))(C(=O)C(O))CC1C(=O)(O),-7.149637965178954,-3.7044365
C(=O)(OO)C(ON(=O)(=O))C(O)(OO)C(O)(C)C(=O)C(=O),-9.65575736641631,-7.6063614
C(=O)(O)C(ON(=O)(=O))C(C(=O)(OO))(C(OO))OOC(=O),-8.700424224927247,-8.0599785
C(=O)(N(=O)(=O))C1OC1(O)C(OO)C(ON(=O)(=O))C(=O)(OO),-7.583702130201345,-9.288629
CC(ON(=O)(=O))C(C)(C(=O)(OO))C(=O)C(=O)(OON(=O)(=O)),-4.182538892529919,-2.9496202
CC(O)(C(=O))C(=O)C(O)(O)C(N(=O)(=O))(OO)C(=O),-9.647064380910706,-8.8527355
C1(=O)C(=O)C(N(=O)(=O))C(=O)OOC1C(=O)(OO),-4.706457810729262,-5.4086995
C(=O)(N(=O)(=O))C1(O)OC1C(OO)(C(OO))C(=O),-8.066399060791355,-7.814053
CC(=O)C(=O)C(=O)C(=O)OC(N(=O)(=O))(OO)C(=O)(O),-6.757436678340127,-6.2680016
C(=O)(O)C(ON(=O)(=O))(C(=O)(OO))C(=O)C(=O)C(=O),-5.630720373425447,-6.0343213
C(=O)(N(=O)(=O))C(ON(=O)(=O))C(O)C(=O)(O),-4.6212191468735,-4.7236686
CC(=O)C(=O)CC(OO)(C(ON(=O)(=O)))C(OO)(C)C(ON(=O)(=O)),-8.412795061806719,-8.434827
CC(OO)(C)C(OO)C(O)(C)C(=O)(OO),-9.023282119429041,-6.4442577
C12(O)OC1C(=O)C(=O)C(=O)C2(O)(O),-7.371867894260504,-4.9680686
C1(O)(N(=O)(=O))C2(O)OOC1C=C(C2(ON(=O)(=O)))C(=O)(OO),-8.982267559272259,-8.272443
C(=O)(O)C1OC1C(N(=O)(=O))=C(OO)C(=O)(O),-9.257262324711064,-11.293228
C1(=O)CC(=O)C(=O)OOC1(OO)C(OO),-5.940088782087969,-6.9564476
C(O)C(=O)OC(=O)C(=O)C(=O)(O),-5.193303519012261,-5.7955403
CC(=O)C1CC(C1(OO)C)C(ON(=O)(=O))C(=O),-6.142015578962855,-6.8104324
CC(=O)C(ON(=O)(=O))CC(ON(=O)(=O))C(O)(C)C(=O)(OO),-6.749457008462741,-5.8338065
C(=O)C(=O)C(=O)C(=O)CC(=O)OC(=O),-3.0991669151039787,-3.180643
C(=O)(OON(=O)(=O))C(O)(C(=O)(OON(=O)(=O)))C1OC1C(=O),-3.730312695149223,-3.5516708
CC1(C)C(ON(=O)(=O))C(=O)C(=O)C(O)(C(OO))C1C(=O),-7.848754979312616,-8.485185
CC(=O)C(OO)C(C(=O)(OON(=O)(=O)))(C(OO))C(=O),-6.456907343905186,-7.011451
C(=O)(OO)C=CC(ON(=O)(=O))OC(=O),-4.699578959036444,-5.3402753
C1(O)(O)C(C(=O)(OON(=O)(=O)))OOC1(C(=O))C(O)C(=O)(O),-9.531113269904836,-12.124493
CC(=O)C(OO)OC(=O)CC(=O)C(=O)(O),-7.324977004627726,-7.7734976
C(O)C(OO)OC(=O)C(=O)(O),-6.917244729520007,-7.1490264
C(=O)(O)CC(O)CCC(=O),-5.677374686080384,-6.7394285
CC(ON(=O)(=O))(C(=O)(O))C(C(=O))C(C)(C)C(ON(=O)(=O))C(=O),-7.316462727544604,-8.132094
CC(=O)C(ON(=O)(=O))C(OO)OOC(C(=O)(O))C(=O)(OO),-9.149793242077976,-10.860597
C1(O)(OO)C(=O)OOC1C(ON(=O)(=O))C(=O)(OON(=O)(=O)),-4.508283005290195,-3.967871
C(=O)(O)C(=O)C(=O)C1OOC(OO)(C1(O))C(=O),-8.775138228566902,-9.774211
C(O)C(OO)C(C)(C)C(C(=O))C(=O)C(O),-9.696443465367338,-9.714659
C(=O)(O)C(=O)OC(OO)(C)CC(=O),-6.498007260800023,-7.0046754
CC(=O)C1C(OO)C(ON(=O)(=O))C1(C)C,-4.6723718699277015,-4.96079
CC(O)(C(=O)(OO))C(O)(C(=O)(N(=O)(=O)))OOC(=O),-6.8718099597294895,-5.4297256
C(=O)(O)C1(O)OC1C(OO)C(=O),-7.419255450076889,-7.161335
CC1(C(=O)(OO))OOC(C1(O))C(=O),-6.596889950484183,-9.476626
CC(=O)C(OO)(C(ON(=O)(=O)))C(ON(=O)(=O))(C)C(=O)CC(=O)(OO),-7.421422944717051,-8.444019
C(=O)(O)C1OOC(OO)(C1(O)(O))C(N(=O)(=O))(OO)C(=O),-11.163941123125369,-10.03978
CC1(C(=O)(O))OOC(O)(C1(O)(OO))C(=O)C(=O),-10.748780079350581,-7.931652
C1C(=O)C(ON(=O)(=O))C(=O)OOC1C(=O)C(O),-5.0573394525545154,-4.6511183
C12OOC(C2(O))C(OO)C(=O)C1(O)C(=O)(OON(=O)(=O)),-7.630992730442358,-8.428708
C(OO)C(C(=O))(C(=O))C(OO)C(=O),-7.015497143458106,-6.694018
C(O)C(=O)C(ON(=O)(=O))C(=O)C(O)(O)C(ON(=O)(=O))OC(=O),-8.099550419549814,-7.8272357
C(OO)C(=O)C(=O)C(OO)(C1(O)(O))OOC1(N(=O)(=O))C(=O),-9.756502431540412,-10.934281
C(OO)C(=O)C(=O)C(O)C1OC1C(=O),-6.344743842857497,-7.494165
C(=O)(OO)C(N(=O)(=O))(ON(=O)(=O))C(O)(C1(O))OOC1(C)C(=O),-8.745613194821544,-5.9654775
CC1(C(OO))C(C(=O)(OON(=O)(=O)))C(ON(=O)(=O))C1C,-4.857341975931831,-4.8269377
C(ON(=O)(=O))C1(OO)OC1(OO)C(O)C(=O),-6.790260062589368,-8.174201
C(=O)(OO)C(=O)C(=O)C(O)C1OC1C(=O)(OON(=O)(=O)),-5.633284368088425,-6.407881
CC(=O)C(O)(C(=O)(N(=O)(=O)))OOC(OO)C(=O),-6.251784089591638,-5.7855067
C(=O)(O)C1(ON(=O)(=O))OC1(C(O))C(=O),-5.627333794995593,-4.9020042
CC(=O)C(ON(=O)(=O))C(O)(C1(O)(N(=O)(=O)))OOC1C(=O)(OO),-8.562417636594546,-6.229047
CC(=O)C1(OO)OC1(N(=O)(=O))C(ON(=O)(=O))C(OO)C(=O)(O),-9.553069916548338,-9.097881
CC1(O)C(N(=O)(=O))(OO)OOC1C(O)C(=O),-7.80145867275769,-7.9584
C(=O)(N(=O)(=O))C(=O)C(C(ON(=O)(=O)))(C(=O))OOC(=O)C(=O),-4.03861828444451,-4.2018747
CC(=O)C(ON(=O)(=O))(C)CC(OO)C(=O)(OO),-6.31341171386066,-5.404142
CC1(C)C(C(=O)C(O))C(OO)C1CC(=O)(OO),-8.886092772927896,-8.682071
CC(=O)C(ON(=O)(=O))C(C)(C(O))C(C(=O)(O))C(=O),-8.228991312778817,-8.238486
C(=O)C(O)C(=O)C(C(ON(=O)(=O)))=C,-4.156423587112386,-5.2446055
CC(=O)C(ON(=O)(=O))C(OO)(C(ON(=O)(=O))(C)C)CC(=O)(OO),-7.629551443807941,-7.5297556
CC(C)C(O)C(=O),-1.8281113407479097,-1.3664709
C(O)C1(OO)OC1C(=O)C(N(=O)(=O))C(=O)(OO),-7.741163006883653,-6.7388005
C(=O)(O)C(N(=O)(=O))(ON(=O)(=O))C(O)(C)C(=O)OC(=O)C(=O),-6.977651324330509,-6.2239385
CC(=O)C(OO)CCC(=O)C(OO),-6.49719840992293,-6.9971223
CC(=O)C(C(ON(=O)(=O)))C(OO)C(=O)(OO),-5.6284926293824356,-5.4583735
CC(=O)C(O)(OO)C(ON(=O)(=O))OOC(=O)C(=O),-6.337289246293949,-3.042161
C(=O)(O)C(OO)=C(C(O))C1OC1(ON(=O)(=O))C(=O),-9.78401721928185,-8.892422
C(O)C(=O)C(=O)C(OO)C(OO)OC(=O),-7.923864384407352,-9.135774
CCCCCCC(=O)C(=O)C(ON(=O)(=O)),-3.5101115828661023,-2.746662
C1(OO)OC1(C)C(=O)CC(=O),-4.243757247375015,-4.1561007
C(=O)(O)C1(O)OC1(OO)C(=O)C(ON(=O)(=O))C(=O)(OON(=O)(=O)),-6.625464736414415,-7.697237
C(=O)(OON(=O)(=O))C(O)C(ON(=O)(=O))OC(=O),-2.7573417183452875,-2.0847058
CC(O)C(ON(=O)(=O))CC(=O)C(=O)CC(=O),-5.433903913633003,-5.477203
C(O)C1C(=O)OOC(C(=O)(OO))C(=O)C1(=O),-6.640745342047012,-6.577678
C(=O)(O)C(C(ON(=O)(=O)))OOC(ON(=O)(=O))C(=O)C(=O),-5.567010708606176,-5.646346
CCCCC(ON(=O)(=O))C(O)C(ON(=O)(=O))C(OO),-7.397014842432782,-5.236696
C(O)C(C(=O)(OO))OOC(=O),-4.799812931977158,-4.0759506
C1(=O)OC1(OO)C(O)(O)C(=O)C(=O),-6.691644711922891,-6.2062554
C(=O)(OON(=O)(=O))C(O)C(C)(C)C(C(=O))C(ON(=O)(=O))C(=O),-6.342070184043223,-6.350973
C(=O)(O)C(=O)OOC(N(=O)(=O))(C(=O)C)C(=O)C(=O),-5.860752267931275,-5.8052464
C(=O)(OON(=O)(=O))C(O)(O)C1(OO)OC1C(O)C(=O),-8.178119968570627,-8.083665
C(ON(=O)(=O))C1(C(=O)(OO))OOC(C1(=O))C(=O)C(=O)(OO),-7.673576402687104,-7.639308
C(=O)(OON(=O)(=O))C(=O)OOC(OO)(C)C(O)C(=O)(OON(=O)(=O)),-5.018725277072917,-4.217201
C1(O)C(=O)OOC1(ON(=O)(=O))C(OO)(C)C(=O)(OO),-7.661089045345761,-8.815855
C(O)C(=O)C1C(OO)C(ON(=O)(=O))(C(OO))C1(C)C,-8.685911890142961,-9.917926
C(=O)C(=O)C(=O)C(OO),-2.4267880473071273,-2.4780777
C(=O)(O)C(ON(=O)(=O))C(O)CC(ON(=O)(=O))C(OO),-7.813535406085066,-9.151821
C(=O)C(=O)OC(=O)C(OO)=C(C(=O))C,-5.4478097605810945,-3.7519379
C2(=O)C=CC(OO)(C1(O))OOC12(OO),-7.715670108550057,-7.982365
C1(ON(=O)(=O))C(O)C(=O)C(N(=O)(=O))(C2(O)(OO))OOC12C,-8.055333284114568,-6.564019
C(=O)C(=O)C(O)(O)C(N(=O)(=O))(ON(=O)(=O))C(OO)(C(=O))C(=O),-7.608682818648958,-10.230801
C2(=O)C=CC(C1(O))OOC12C(=O),-4.852243084384554,-5.151331
C(=O)(OO)C(N(=O)(=O))(ON(=O)(=O))C1OOC(C1(O))C(=O),-6.675666648692641,-7.835069
C1(O)COOC1(O)C(OO)C(=O)C(=O),-7.524380977794863,-6.6947064
C(O)C(=O)C1OOC(N(=O)(=O))(C1(=O))C(=O)C(=O),-4.986937631074397,-5.3727775
C(ON(=O)(=O))C1(C(=O)(OO))OOC(N(=O)(=O))(C1(O)(O))C(OO)C(=O),-10.49689033379218,-10.383944
CC(ON(=O)(=O))C(OO)CC(=O)CCC(OO)CC,-8.377021388375852,-8.364835
C1(=O)C(=O)C(N(=O)(=O))C(=O)OOC1(C(OO))C(=O)(OO),-6.753054704328861,-9.320446
CC(=O)C(O)C(ON(=O)(=O))C(=O)CC(OO)C(ON(=O)(=O))(C)C,-9.26937834765431,-9.000247
C(=O)(OON(=O)(=O))C(O)(OO)C(=O)OC(=O),-3.491497533454549,-3.1363916
C(=O)(O)C(=O)C(ON(=O)(=O))C(=O)OC(OO)C(=O)(OO),-8.502159422623208,-7.9753213
CC(C)(C(=O)(OON(=O)(=O)))C(ON(=O)(=O))(C(OO))C(=O),-5.2287460173206455,-4.792561
CC(=O)CC(O)CCC(ON(=O)(=O))CC(ON(=O)(=O)),-6.570470749884407,-7.234902
C(=O)(OO)C1CC(ON(=O)(=O))(C1(C)C)C(O)(C)C(=O)(OON(=O)(=O)),-6.77304351181283,-7.36743
CCCCC(ON(=O)(=O))CC(=O)CC(ON(=O)(=O))C(OO),-7.141410367261415,-6.9623823
CC(OO)(C)C(OO)C(ON(=O)(=O))(C)C(=O)C(ON(=O)(=O)),-7.87704423782543,-7.9070144
C(=O)(O)C(N(=O)(=O))(OO)C(ON(=O)(=O))C1OC1C(=O)C(=O)(OO),-9.395247775039934,-9.14994
C1(OO)OC1C(ON(=O)(=O))(C)C(O)C(=O)(O),-7.831703336570627,-7.3109083
C(=O)(O)C(=O)OOC(C(OO))(C)C(=O)(OO),-8.578078352915327,-8.15335
CC(=O)C(=O)OOC(OO)(C(=O)(OO))C(=O),-6.891645605471695,-6.349219
C2(O)C(ON(=O)(=O))C(=O)C(O)(C1(O))OOC12C(ON(=O)(=O)),-7.523554504379717,-7.5172358
C1(ON(=O)(=O))C(OO)C(OO)C(ON(=O)(=O))OOC1(=O),-5.495785802324463,-5.955703
C1(=O)OC1C(O)(O)C(=O)C(OO)C(=O)(O),-9.7136689259396,-7.5181365
C(OO)C(ON(=O)(=O))C(C(O))C(=O)C(=O),-6.055174806034756,-5.809814
C(=O)(OON(=O)(=O))C(O)(O)C1(O)OC1C(=O)(OON(=O)(=O)),-4.738347122747655,-5.036843
C(=O)(OO)C(=O)C1OOC(ON(=O)(=O))C1(O)C,-6.2081886787868825,-6.1197605
C(=O)(OON(=O)(=O))C1(OO)OC1(C(OO))CC(=O)(OON(=O)(=O)),-4.964887750956677,-5.335808
C(ON(=O)(=O))C(ON(=O)(=O))(C(OO))C(C(=O)(O))CC(=O),-7.541664437567306,-8.581124
CC(ON(=O)(=O))(C(=O)(O))C(ON(=O)(=O))C(=O)OC(OO)C(=O)(OO),-8.735381682909065,-9.488679
C(O)C(=O)C1OC1C(OO)=C(N(=O)(=O))C(=O)(OON(=O)(=O)),-7.427998277073584,-10.948699
CC(=O)C1(ON(=O)(=O))OC1C(ON(=O)(=O))C(O)C(=O)(O),-7.053172684284618,-7.0826745
C(=O)(O)C(O)C(O)C1(O)OC1(OO)C(=O),-11.241878090467708,-11.336593
C1(O)(OO)C(OO)(C(O))OOC1C(ON(=O)(=O))C(=O),-9.43816960372942,-10.03582
C(=O)(O)C1(C(ON(=O)(=O)))OC1(O)C(O)C(=O),-7.938303967761385,-6.531041
C(=O)(N(=O)(=O))C1OC1C(O)C(ON(=O)(=O))(C)C(=O)(OO),-6.810548667486728,-7.8449144
CC(OO)(C(=O)(O))C(=O)OOC(C(=O)(O))C(=O),-10.373551167486767,-10.892332
C(O)C1(ON(=O)(=O))OC1C(OO)C(=O),-5.150713986478877,-5.133298
C(O)C(=O)C(ON(=O)(=O))C(C(=O))OOC(=O)C(=O),-5.633353761524177,-6.91559
C(=O)(O)C(C(=O)(O))OOC(=O)C(ON(=O)(=O))(C)C(=O)(OO),-9.752698404194234,-10.548616
C(=O)(O)C1OC1(O)C(=O)C(OO),-7.209843884512793,-6.681011
C1(=O)C(N(=O)(=O))(ON(=O)(=O))C(O)(C(=O)(O))OOC(=O)C1,-6.012704568770914,-6.6621985
C(=O)C(ON(=O)(=O))C(OO)(C1(O)(O))OOC1C(=O),-7.6277318912707415,-7.7559404
C(=O)(O)C(O)C(ON(=O)(=O))C1OC1C(=O)C(=O),-6.982805545755582,-6.087537
C1(O)C(OO)OOC1(O)C(ON(=O)(=O))(C)C(=O),-7.7315352305222405,-6.7787538
C1(O)(OO)C(ON(=O)(=O))OOC1C(ON(=O)(=O))C(=O)C(=O),-5.951456016771772,-5.7973804
C(=O)(O)C1(O)OC1C(O)C(=O)C(=O),-7.73791752698753,-7.428288
C1(O)(N(=O)(=O))C2(OO)OOC1(O)CC(=O)C2(=O),-6.691655916481523,-7.2155876
C(=O)(OO)CC(C(=O)(O))C(ON(=O)(=O))(C(O))C(=O),-8.034902752335256,-8.727526
C(=O)(OON(=O)(=O))CC(ON(=O)(=O))C(C)(C)C(C(=O)(OO))C(=O)C(=O),-5.9051166656499845,-5.457946
C(O)C(ON(=O)(=O))(C(=O))C(=O)C(=O)OC(=O)C(=O),-4.433525872261271,-4.6997747
CC(=O)C1OC1(N(=O)(=O))C(=O)C(O)C(=O)(O),-7.211503081357478,-6.266903
C1(=O)C(O)(C)C(ON(=O)(=O))C(OO)OOC1C(=O)(O),-9.054502025640431,-6.778671
C(=O)(N(=O)(=O))C(=O)OC(OO)(C(OO))C(ON(=O)(=O))C(=O),-6.1653645645178585,-6.4994807
CC1C(ON(=O)(=O))C(ON(=O)(=O))C1(C)C(OO),-4.58776242882459,-4.332998
CC(=O)C(C(ON(=O)(=O))(C)C(O))C(OO)C(=O)CC(=O)(O),-10.553656267673432,-11.180139
C1(OO)OC1(C)C(OO)C(=O)C(=O),-6.165225137640391,-4.7713256
C12CC(=O)C(OO)(C)C(ON(=O)(=O))(C2)C1(OO)C,-7.2990982543815335,-7.2186594
C(=O)(O)C(=O)OC(=O)C(=O)C(ON(=O)(=O))C(=O),-4.467341462154764,-4.8270736
C(=O)(O)C=CC(OO)OC(=O)C(=O),-7.407690747322704,-6.331042
CC(OO)=CC(OO)(C)C,-3.4806471883507584,-3.2782676
C(=O)(O)C(O)(OO)C(ON(=O)(=O))(C)C1OC1C(=O),-9.008291795738842,-8.321005
C12(O)OOC(O)(C1(O))C=C(OO)C2(=O),-9.400263069005632,-8.726557
CC(O)C(ON(=O)(=O))C(C(=O)C)C(ON(=O)(=O))C(=O)(OO),-6.749457008462741,-5.318685
C(=O)(OO)C(=O)C(N(=O)(=O))(C1(O)(O))OOC1C(=O)(OO),-9.120096833823027,-9.899232
C12OC1(O)C=C(C(ON(=O)(=O)))C(=O)C2(O)(O),-7.167621911022252,-7.1639233
CC(O)(C(=O))C(ON(=O)(=O))C(=O)C(O)(N(=O)(=O))C(=O),-6.345645440465887,-6.0271897
C(=O)(OON(=O)(=O))C(O)(O)C1OC1C(O)(C)C(=O),-6.950928349417154,-6.246005
CC1(O)C(=O)OOC1(OO)C(O)C(=O)(O),-9.518887025037202,-9.500206
C(=O)C(=O)C(OO)C1OC1(O)C(=O),-5.665000994254569,-6.5861697
C(=O)(O)C1OOC(OO)(C1(O))C(ON(=O)(=O))C(=O),-8.462323447246035,-8.99211
C1(=O)C(OO)C(OO)C(O)(C)C(ON(=O)(=O))C1,-8.105529111469878,-8.894376
CC(=O)CC(=O)CC(ON(=O)(=O))CC(=O)(OO),-5.429552427993258,-6.319592
C(O)C(=O)C(OO)(C1(O))OOC1(O)C(=O)(OON(=O)(=O)),-7.796288168610772,-7.6849017
C(ON(=O)(=O))C(=O)OC(OO)C(O)C(O)C(=O),-7.9540285237490025,-9.586064
C(=O)C1(O)OC1(C(=O)(OO))C(OO)C(=O),-7.476415771436223,-6.566222
C(OO)C(=O)C(OO)C(O)C1OC1(OO)C(=O),-10.432401883477269,-11.115516
CC(ON(=O)(=O))C(=O)CC(ON(=O)(=O))(C(=O)(OO))C(OO)(C)C,-7.629551443807941,-6.6603556
CC(=O)C(C(=O)C)CC(=O)(O),-4.382060161240588,-4.4637313
C(=O)(O)C1OC1(ON(=O)(=O))C(=O)C(=O),-3.717446164521334,-3.4361846
C(=O)(O)C(N(=O)(=O))(OO)OC(=O)CC(=O)(O),-8.260217248033769,-8.637781
C(O)CCC(=O)CC(O)C(ON(=O)(=O))C(ON(=O)(=O)),-7.670825732995581,-8.957601
C(=O)(O)C(O)(N(=O)(=O))C(ON(=O)(=O))(C)C1OC1C(=O)(O),-9.36950179702717,-8.987518
C(=O)C1(O)OC1C(ON(=O)(=O))(C(O))C(O)C(=O),-8.113594825174914,-11.045705
C(=O)(O)C(O)C(=O)OOC(ON(=O)(=O))(C(=O))C(=O),-6.785387980331961,-5.548419
C1(O)(N(=O)(=O))C(=O)OOC1(O)C(=O)C(N(=O)(=O))C(=O)(OO),-6.60371741412655,-7.031471
CC(=O)C(C(=O)C(=O)(O))OOC(ON(=O)(=O))C(=O)(OO),-7.780382345299586,-8.531682
C(=O)(O)C(ON(=O)(=O))C(O)C(=O)OC(=O),-5.535320983108704,-5.26146
C1(O)C(O)(C(=O)(N(=O)(=O)))OOC1C(O)C(=O)(OO),-8.234042366810627,-8.664659
C(=O)(O)C(N(=O)(=O))=CC1OC1(OO)C(=O)(OO),-9.087602250936015,-8.164461
C(=O)(O)C(=O)C(OO)(C(O))C(O)C(=O)OC(=O),-9.887521191631095,-10.523853
C1(=O)OC1C(OO)=C(OO)C(=O),-7.703259666241593,-6.0896835
CC(ON(=O)(=O))(C)C(C(=O)(OON(=O)(=O)))CC(=O)CC(=O),-4.570395036216723,-5.4736743
C(=O)C(O)C(=O)OOC(=O)C(=O)C(=O),-4.225602976971459,-2.9969704
C2(=O)C1(ON(=O)(=O))OOC2(C(OO))C(=O)C(=O)C1,-4.752778872638373,-4.0150833
CC(=O)C(ON(=O)(=O))CC(=O)(OO),-3.5091209980537315,-2.6422558
C(O)C(=O)C(=O)C(OO)C(=O)OC(=O)C(=O),-6.079832250472464,-6.3376193
CCCCC(ON(=O)(=O))CC(ON(=O)(=O))CC(=O)(OO),-6.312269876933897,-5.1953025
C(=O)(OON(=O)(=O))C(ON(=O)(=O))C(O)C1(O)OC1(O)C(=O),-6.313047421194824,-6.0447903
CC(O)(C(=O)(OO))C(ON(=O)(=O))C(C)(C)C(C(=O)(OO))C(=O),-8.865919411597133,-9.86467
C1C(=O)C(OO)C(=O)OOC1(OO)C(=O)(O),-8.533570355523807,-8.5787
CC(ON(=O)(=O))CCC(O)CCC(=O)C(ON(=O)(=O))C,-6.834096872794817,-7.222967
C1(O)C(=O)OOC1(O)CC(=O)C(=O)C,-6.125669318211294,-6.991083
C1(=O)OC1(C)C(OO)=CC(=O),-5.6119523342604225,-5.5585327
CC(ON(=O)(=O))(C(=O)(OON(=O)(=O)))C(O)C1OC1(OO)C(=O),-6.196770312739318,-6.129026
C(ON(=O)(=O))C(=O)C(O)(C1(=O))OOC1C(ON(=O)(=O))C(=O),-5.188588163880922,-6.0051146
C(O)CC(O)C(=O)CC(=O)C(O),-7.4717486872955305,-9.532174
C(OO)C(=O)C1(O)OC1(OO)C(=O)(OO),-8.263889597037178,-8.913952
CC(=O)C(ON(=O)(=O))C(O)C(C(OO)(C)C)C(ON(=O)(=O))C(=O),-8.951754746463848,-8.092061
C(=O)(O)C(OO)C(O)C(=O)C(O)C(=O),-9.599132565648688,-12.21359
C(=O)(O)C=C(OO)C1OC1C(=O)C(=O)(OO),-9.767786636537494,-11.306284
C(=O)(N(=O)(=O))C(=O)C1OOC(C1(=O))C(=O)(OON(=O)(=O)),-2.415963988697513,-1.8558619
C(=O)(O)C(OO)C(OO)(C(=O))C(O)(O)C(=O),-11.364023976562748,-10.628588
CC(=O)CCC(OO)C(OO)CCC(=O)C,-8.100296990714014,-7.88177
C(=O)(OO)C(N(=O)(=O))(OO)C(C(=O)(OON(=O)(=O)))OOC(=O)C,-5.807178192585525,-6.2748704
CC(ON(=O)(=O))(C(O))C(CC(=O)(OO))CC(=O),-6.850281514134167,-6.4056244
CC(=O)C(ON(=O)(=O))C(C)(C)C(OO)(C(=O)(O))CC(=O)(OON(=O)(=O)),-8.592177849129257,-8.202778
C1(O)(OO)C(OO)(C)OOC1C(=O),-7.180426271606848,-5.9369535
C(O)C(=O)C(=O)C(OO)(C(=O)(N(=O)(=O)))OOC(=O),-5.553834543668927,-4.9799747
C(O)C(=O)C1OC1(O)C(N(=O)(=O))=CC(=O)(O),-9.484639320758106,-12.116375
CC(ON(=O)(=O))C(OO)C(C)(C)C(ON(=O)(=O))C(=O),-6.226327907657833,-6.0990624
C(=O)(OON(=O)(=O))C=CC(OO)(C(=O)(OON(=O)(=O)))OC(=O),-4.032315039146852,-4.3484435
C(=O)(OO)C(O)(OO)C1OC1C(ON(=O)(=O))(C(OO))C(=O),-10.273659212004986,-11.3526325
C(=O)(OO)CCC(=O)CCC(=O)CC(=O)(OON(=O)(=O)),-5.3250225238916755,-5.9957557
C(=O)(O)C(OO)OC(=O)CC(=O)(OO),-7.865728002567721,-6.5060315
C1(ON(=O)(=O))C(OO)C(ON(=O)(=O))C(=O)OOC1(O)C(=O)(OO),-7.689544932380159,-7.1308002
CC(=O)C(C(=O)C(ON(=O)(=O)))CC(=O)CC(=O),-4.52314717774334,-6.3972087
CC(OO)CCCC(O)CC(ON(=O)(=O)),-6.162047374220947,-6.6210995
CCCCCC(O)CC(OO)C(ON(=O)(=O))C,-6.536118566152254,-6.2121515
CC(=O)C(ON(=O)(=O))C(C(=O)C)C(OO)(C)C(OO),-8.279853899752197,-8.167386
C(=O)(OON(=O)(=O))CC(ON(=O)(=O))C(C(=O)(OO))(C)C(=O),-4.3340162577942465,-4.567473
CC(OO)(C(=O)(OON(=O)(=O)))C(ON(=O)(=O))(C(=O))C(C)(C)C(=O)C(=O),-6.935905220634595,-5.608387
C(=O)(O)C(O)C(O)C(=O)C(=O)C(=O),-7.5519110411783,-6.93276
CC(ON(=O)(=O))CCCCCC(=O)(OON(=O)(=O)),-2.8873523956640383,-3.4342356
C(O)C(=O)C(ON(=O)(=O))C1OOC(C1(O))C(=O)(OON(=O)(=O)),-6.176839842991285,-8.343905
C(OO)C(=O)C1CC(C(=O)(OON(=O)(=O)))C1(C)C(OO),-7.125005426788448,-7.557647
C(=O)(N(=O)(=O))C1(O)OC1(OO)C(C(OO))C(=O),-8.066399060791355,-9.270401
C(O)C(OO)C(ON(=O)(=O))(C)C(=O),-5.588827109242175,-5.552463
C1(N(=O)(=O))C(=O)C(OO)C(=O)OOC1C(=O)(OON(=O)(=O)),-4.007712259913205,-5.084575
C(=O)C(OO)C(OO)(C)C(=O)CC(=O),-7.260089988332311,-7.780326
C(=O)(OON(=O)(=O))C=C(OO)C1OC1(ON(=O)(=O))C(=O),-4.742337612054598,-5.017594
CC(C(O))(C(=O)(OON(=O)(=O)))C(C(=O))C(ON(=O)(=O))(C)C(=O)(OO),-6.72329316498417,-6.642613
C(=O)(OO)C(OO)C1(C(=O))OC1C(=O)(OO),-8.228988819883853,-7.8107934
C(=O)(OO)C(C(=O))=CC1(N(=O)(=O))OC1(OO)C(=O),-7.908356258198182,-6.6649675
CC1(C)C(OO)CC1(ON(=O)(=O))C(O)C(=O)(OO),-7.970450649303984,-6.082732
C2(=O)CC(ON(=O)(=O))C1(C(=O)(OON(=O)(=O)))OOC2C1(=O),-3.5095076363390945,-2.890084
CC(=O)CC(=O)C(=O)C(OO)CC,-4.814050862553813,-4.511796
C(=O)(O)C1(OO)OC1(C(ON(=O)(=O)))C=CC(=O)(OON(=O)(=O)),-6.9174265403639765,-7.419139
C(=O)(O)C(=O)OC(O)C(OO)C(ON(=O)(=O))C(=O)(OON(=O)(=O)),-7.510954985647913,-8.213466
C(=O)(OO)C(OO)C(O)C1OC1(C)C(=O)(OON(=O)(=O)),-7.5405697953615345,-5.89565
CC(=O)COOC(=O)C(N(=O)(=O))(OO)C(=O)(OO),-6.472317553962057,-7.4173484
C(=O)(OON(=O)(=O))CC(=O)CC(OO)(C(=O)C)C(ON(=O)(=O))(C)C(=O),-6.59804594112029,-8.4747
CC(OO)CC(=O)CCC(=O)CCC(=O),-6.549498039320042,-6.7149115
C(=O)C(O)C1(ON(=O)(=O))OC1(OO)C(=O),-4.681609234560256,-5.4255195
CC(=O)C(=O)C(C)(C)C(OO)C(O),-6.671402257154114,-5.513934
CC(=O)C(C(ON(=O)(=O)))C(=O)C(OO)C(O)(C)C(=O)(OON(=O)(=O)),-7.094483674507501,-6.6888375
CC(=O)C(C(=O)C(=O)(N(=O)(=O)))OOC(=O)C(=O)(O),-5.7272448238682045,-6.8499174
C1(=O)OC1(O)C(OO)C(O)C(=O)(OO),-9.247473680320581,-13.59599
C(=O)(OON(=O)(=O))CC1OOC(C1(O)(OO))C(=O),-5.904604941165871,-7.3481207
CC(=O)C(C(=O)(O))C(ON(=O)(=O))(C)C=C,-5.559823742772551,-4.578505
C(=O)(O)C1OOC(N(=O)(=O))(C1(O)(O))C(OO)C(=O),-9.780743383735626,-9.541522
C1(ON(=O)(=O))OC1C(OO)C(O)(C(=O)(O))C(ON(=O)(=O)),-7.784431738853073,-7.8730454
CC(=O)C(C)(C)C(ON(=O)(=O))(C(=O))C(=O)C,-4.311182634804936,-3.961012
CCC(O)CC(O)C(ON(=O)(=O))CC(OO)CC,-8.92799891861523,-7.9085793
C(=O)(O)C(O)C(N(=O)(=O))(OO)OC(=O)C(=O),-7.628405994450077,-6.703486
C1(=O)OC1(O)C(O)(O)C(=O)C(ON(=O)(=O))C(=O)C,-6.802065352779209,-9.934016
CC(OO)(C(=O))C(ON(=O)(=O))(C(OO))C(=O)C(=O),-7.292159990685832,-7.9604373
C(=O)(O)C(N(=O)(=O))(OO)OC(=O)C(C(ON(=O)(=O)))C(=O),-6.840838972627807,-7.5701284
C(=O)(O)C(=O)C(C(ON(=O)(=O)))C(O)(C)C(ON(=O)(=O)),-6.980820684861101,-7.1326103
C(=O)(N(=O)(=O))C1(O)OC1C(=O)C(OO)C(=O)(OO),-7.365704591994472,-7.5626535
C(O)C(=O)C1(OO)OC1C(OO)C(=O),-7.5463738734961225,-9.906871
C(=O)(OON(=O)(=O))C1(O)C(C(=O)(OO))OOC1C(=O)C(=O),-6.402567896691835,-6.701671
C(OO)C(=O)C(ON(=O)(=O))OOC(=O)C(=O)(OON(=O)(=O)),-3.7513352741484596,-3.8355527
CC(ON(=O)(=O))(C)OOC(OO)(C(=O)C)CC(=O),-5.578941163860691,-5.36426
CC(=O)CC(=O)C(OO)CC(ON(=O)(=O))C(ON(=O)(=O)),-6.2685224946917515,-7.0662427
CC(OO)(C(=O))C(ON(=O)(=O))(C(=O)(OON(=O)(=O)))OOC(=O)C(=O),-5.494713108243559,-4.356625
C1(O)(N(=O)(=O))C(=O)OOC1C(O)C(=O)(O),-7.049663132409933,-6.9954715
C1C(=O)C(=O)C(C2(=O))OOC12C,-3.329198243484825,-2.9389248
CC(OO)(C)C(=O)C(O)(C)C(ON(=O)(=O))CC(=O)C(=O),-8.624223311288006,-7.666496
C(=O)(O)C(OO)=CC(OO)OC(=O)C(=O),-9.238781202439895,-8.338076
C(ON(=O)(=O))CCC(=O)CC(=O)CC(=O)(OO),-5.429552427993258,-6.1706367
C1(ON(=O)(=O))OC1(C)C(O)(OO)C(=O)C(=O),-5.562426015063011,-5.2018366
CC(=O)COOC(=O)C(N(=O)(=O))(ON(=O)(=O))C(=O)(OO),-5.068863763977788,-5.660583
C(=O)(O)C(O)C(=O)C(=O)OC(=O)C(=O),-5.763576974017269,-5.594315
C1(O)C(N(=O)(=O))(OO)OOC1(C(=O))C(=O),-5.597732513805113,-5.599109
C(=O)(O)C(O)C(O)C1OC1(ON(=O)(=O))C(=O)C(=O)(OON(=O)(=O)),-7.215101433507698,-7.216886
C(=O)(OO)C(=O)C(O)C1OOC(O)(C1(O))C(=O),-9.933266044521588,-11.020646
C(=O)(O)C(O)(C(=O)(OON(=O)(=O)))C(ON(=O)(=O))C1OC1(OO)C(=O),-8.200914520862625,-7.4039464
C(=O)C(ON(=O)(=O))C(=O)C(O)(C)C(=O)C(=O),-4.311174259779364,-4.5259247
C1(ON(=O)(=O))OC1(OO)C(O)(O)C(=O)C(O)C(=O)(OON(=O)(=O)),-7.078120778744051,-7.9629354
C(=O)(OON(=O)(=O))C1(OO)OC1(OO)C(ON(=O)(=O))C(O)C(=O),-7.051256345989259,-8.890739
CC(=O)C(=O)CC(ON(=O)(=O))(C(ON(=O)(=O))(C)C)CC(=O)(OO),-7.2585856366767985,-5.791025
C(=O)(OO)C(=O)OC(OO)C(C)=CC(=O)(OON(=O)(=O)),-6.59850449184114,-7.4188
C1(O)(O)C(N(=O)(=O))(OO)OOC1(C(OO))C(OO)C(=O),-11.20147767183289,-12.609265
CC(=O)CCC(ON(=O)(=O))C(ON(=O)(=O))CC(OO)C(=O)C,-7.804550150440264,-7.683172
C(=O)(OON(=O)(=O))C(=O)C1OOC(N(=O)(=O))(C1(O)(O))C(OO)C(=O),-7.645203433129154,-8.013515
C(O)C(OO)(C(O))C(O)(C)C(=O),-8.951870689768839,-6.9982214
CC(=O)C1(OO)OC1C(=O)(OO),-5.629568378602016,-4.3852844
C(=O)(O)C(=O)C(ON(=O)(=O))C1(C(ON(=O)(=O)))OC1(OO)C(=O),-7.232961593907021,-6.9783
CC(=O)OOC(=O)CC(OO)C(ON(=O)(=O))C(=O)(O),-7.427644865300408,-8.183557
C(=O)(OON(=O)(=O))C(=O)C(O)C1OOC(O)(C1(O))C(=O),-7.594249556087561,-6.879031
C(=O)(O)C(O)C(=O)OOC(ON(=O)(=O))(C(=O)(O))C(=O),-9.00948654698368,-8.22085
CC(=O)C(OO)C(C(OO))(C(ON(=O)(=O)))C(=O)(OON(=O)(=O)),-6.341126167570565,-6.48882
C(=O)(O)C1(N(=O)(=O))OC1C(=O)C(O)C(=O),-6.464060421580598,-4.865278
CC(=O)C(N(=O)(=O))(C(=O)C(=O))OOC(=O)C(=O),-3.797447704706883,-3.4686947
CC(=O)C(=O)C(OO)(C)C(=O)C(ON(=O)(=O)),-5.216735476051326,-4.5980906
C2(=O)C(O)C(OO)C(C1(O))OOC12C(OO),-10.09326187949,-10.147921
C(=O)(OO)C(=O)OC(=O)C(=O)CC(=O),-4.275680007922347,-4.6558547
CC(=O)C(C(=O)(OO))C(C)(C(ON(=O)(=O)))C(O)C(=O)(OON(=O)(=O)),-6.5146282104688,-5.2378874
C(=O)(OON(=O)(=O))C(=O)OC(=O)C(O)(C)C(=O)C(=O),-3.5713179881790893,-2.308035
C1(OO)OC1C(O)(O)C(=O)(OON(=O)(=O)),-4.663387866779885,-3.82375
C(O)C(=O)C(=O)C(=O)OC(=O)(O),-5.681369389944848,-3.6002975
C1(=O)C(O)(C(=O)(OO))OOC1(C(O))C(O)C(=O),-9.933266044521588,-11.148026
C(=O)(O)C(=O)OC(=O)C=CC(=O)C(=O),-5.61651664656074,-4.7007685
CC1(C)C(=O)CC1(OO)CC(OO)C(=O)(OON(=O)(=O)),-7.125005426788448,-6.7632813
C(=O)(O)C(O)(O)C1OC1C(O)(C(OO))C(=O)(OON(=O)(=O)),-10.91864270270571,-12.061723
CC(ON(=O)(=O))(C(OO))OOC(ON(=O)(=O))(C(=O)(O))C(=O),-7.22885516167571,-6.7795014
CC(OO)(C)C(C(O)C(=O))CC(=O),-7.128322173136439,-8.000514
CC(O)CC(=O)C(=O)CC(=O)CC(ON(=O)(=O))C,-6.712921327560707,-6.5415125
C(=O)C(=O)C1(C(ON(=O)(=O)))OC1C(=O)(OO),-4.764209993932127,-5.4387074
C(=O)C1(O)OC1C(ON(=O)(=O))(C(=O)(OON(=O)(=O)))C(O)C(=O),-5.815246851594111,-4.6208982
CC(=O)C(OO)CC(=O)CC(=O)(O),-6.969017884418008,-7.4943423
C(=O)(OON(=O)(=O))C(O)C(ON(=O)(=O))C(=O)OC(OO)(C(O))C(=O),-7.572446227978617,-7.498558
C1(ON(=O)(=O))OC1C,0.2861528983801236,0.3572457
CCC(ON(=O)(=O))CC(ON(=O)(=O))C(O)C(OO)CCC,-7.982931706956151,-6.025339
C(=O)(OO)C1(OO)OC1C(O)C(OO)C(=O),-9.525876232515202,-11.222544
CC(ON(=O)(=O))(C(=O)(OO))C(ON(=O)(=O))C(OO)OC(=O),-6.2728964752113825,-6.0543203
CC(=O)CC(OO)CC(=O)(OO),-5.422152630983874,-4.795732
C(=O)(OON(=O)(=O))C(O)C(=O)C(OO)(C)OC(=O)C(=O),-5.782750552435573,-5.019165
C1(=O)OC1(N(=O)(=O))C(O)(C(ON(=O)(=O)))C(OO)C(=O),-6.373977084721901,-6.3047385
CC(=O)C(C(=O)(O))OOC(N(=O)(=O))(ON(=O)(=O))C(=O)(O),-7.689964859591328,-8.011296
C(=O)(O)C1(C(=O)(OO))OC1C(OO)C(O)C(=O),-10.722986615793161,-11.672719
C1(=O)C(ON(=O)(=O))OOC1C(=O)C(=O),-2.0012769460990967,-1.3696433
C(=O)(OO)C(ON(=O)(=O))C(C1(O)(O))OOC1(C(OO))C(=O),-10.53076406703758,-12.54992
CCC(=O)CC(ON(=O)(=O))C(=O)CCC(OO)C,-6.595060826261943,-6.6514735
C(=O)(O)C(C(ON(=O)(=O)))C(C)(C(=O)(O))C(=O)(OON(=O)(=O)),-6.821412416401017,-7.1855617
CC(=O)C(OO)(C(=O)(OON(=O)(=O)))OOC(=O)CC(=O)(OON(=O)(=O)),-4.625390807409985,-4.757153
C1(=O)C(O)C(=O)C(=O)C(OO)C1,-5.646696326186429,-7.0199413
C(=O)(N(=O)(=O))C(=O)C(=O)C1OOC(=O)C1(O)C(OO),-5.7558666742479545,-5.272462
C1(=O)C(=O)C(=O)OOC(OO)C1,-3.3281121527179494,-3.8453057
CC(ON(=O)(=O))(C(=O)(O))C(O)C1OC1C(=O)(OON(=O)(=O)),-6.51340666283204,-6.7305512
C1(=O)C(ON(=O)(=O))(C(OO))OOC1C(O)C(=O)(OON(=O)(=O)),-5.343010806656821,-5.5234547
C(=O)(O)C(=O)CC(=O)C(OO)(C(ON(=O)(=O)))C(OO),-8.976082191063142,-9.076937
C(=O)(O)C(O)(N(=O)(=O))C(ON(=O)(=O))C1OC1C(=O)(O),-8.682851703782944,-8.596298
C(=O)(O)C(O)(C(=O)(OO))C(ON(=O)(=O))OOC(=O)C(=O),-8.489110070752758,-9.406757
c1ccc(O)c(OO)c1C(OO),-5.804998915356009,-6.909117
C(OO)C(OO)C(C)(C)C(ON(=O)(=O))(C(=O))C(=O)C(=O),-8.72799407147886,-7.427574
C(ON(=O)(=O))C1(C(=O)(OO))OOC(C1(O))C(ON(=O)(=O))C(=O),-7.437334642070709,-9.761363
C(=O)(O)CC(ON(=O)(=O))C(O)(C)C(C(=O))C(=O)C,-8.228991312778817,-7.8864226
C(=O)(OON(=O)(=O))C(=O)C1(O)OC1C(=O)C,-3.1944569838515235,-2.3570411
CC(=O)C(ON(=O)(=O))C(C)(C)C(=O)C(O)C(=O)(OON(=O)(=O)),-5.946335698299663,-4.4191
C(=O)(O)OC(=O)C(=O)C(=O)C(ON(=O)(=O)),-4.326255108666373,-3.7949214
CC(=O)C(O)C(ON(=O)(=O))C(ON(=O)(=O))C(=O)(O),-6.145484200902047,-6.1747594
C(=O)(O)C(OO)C(ON(=O)(=O))(C(=O))OOC(=O)C,-7.28873744515613,-6.6439133
C1(O)C(O)(C(=O)(OON(=O)(=O)))OOC1(O)C(O)(C)C(=O),-8.676916146045642,-7.8169684
CC(=O)CC(=O)CC(ON(=O)(=O))C(OO)CCC,-6.595060826261943,-5.551836
CC(=O)CCC(=O)CC(O)CCC(=O)(OON(=O)(=O)),-6.317147989425848,-7.160839
C1(=O)C(ON(=O)(=O))C(O)C(=O)OOC1(OO)C(=O)C(=O),-5.989585217210788,-5.912627
CC(=O)C(OO)CC(=O)C(ON(=O)(=O))CC(OO),-7.643778756613756,-7.8967752
C(=O)(OO)C(=O)C(O)C(OO)C(=O),-6.426449151615998,-5.807453
C(=O)(OON(=O)(=O))C(OO)C(ON(=O)(=O))(C1(O)(O))OOC1(C)C(=O),-8.019344454294242,-8.464068
C(O)CCC(=O)CCC(ON(=O)(=O)),-4.3434216200594165,-4.439555
C(=O)(O)C(O)(C(=O)(OO))C(O)(C1(O)(N(=O)(=O)))OOC1C(=O),-11.082468121334387,-9.398984
C(=O)C(=O)C(=O)C(=O)C(O)C(ON(=O)(=O))C(=O),-4.28143866999244,-5.716345
C(=O)(OON(=O)(=O))C(=O)OC(=O)C(ON(=O)(=O))(C)C(OO)C(=O),-4.4135893928169025,-4.864346
CC(O)(C(=O)(OON(=O)(=O)))C(OO)(C1(=O))OOC1C(=O)(OON(=O)(=O)),-5.768629402099123,-4.4421296
CC(=O)C1OOC(O)(C1(=O))C(N(=O)(=O))(OO)C(=O)(O),-8.924523683694133,-10.758808
C(O)C(OO)=CC(OO)OC(=O),-7.593797755970172,-8.183058
C(=O)(O)C(=O)OOC(C(=O)C(=O)(OON(=O)(=O)))C(O)C(=O),-6.837530781183887,-8.224796
C(=O)(O)C(ON(=O)(=O))C(O)(O)C(=O)C(ON(=O)(=O))C(=O)(OO),-8.876060270042672,-10.327684
C(=O)(OON(=O)(=O))C(O)C(=O)C(=O)C(=O),-2.064085288516708,-1.4170281
C(=O)(O)C(=O)OC(=O)C(ON(=O)(=O))(C(=O)(O))C(OO),-8.636468865206098,-8.848178
C1(OO)OC1(C(=O)(O))CC(=O)(O),-8.003762021900911,-8.68728
C1(ON(=O)(=O))C=CC(=O)OOC1(C(=O)(O))C(OO),-7.923245257132294,-8.005568
CC(=O)CC(ON(=O)(=O))CC(=O)CC(=O)C(O),-6.066392323136824,-8.363284
CC(O)(C)C(C(ON(=O)(=O))(C)C(=O)(OO))CC(=O)(OON(=O)(=O)),-6.446141227093904,-5.695106
C1(=O)C(ON(=O)(=O))(C)OOC1(O)C(OO)C(=O)(O),-8.080887785219147,-8.170896
C(O)C(=O)C(=O)OC(=O)C(O)(N(=O)(=O)),-4.819796822127955,-4.230307
C(=O)C(O)(OO)C(ON(=O)(=O))C(OO)OC(=O),-7.609944208963952,-6.699197
CCCCC(OO)CC(ON(=O)(=O)),-3.2620485087632005,-2.9710224
C(=O)(OON(=O)(=O))C(O)C1(OO)OC1(O)C(=O),-5.6306507271037844,-4.391745
C1(O)(OO)C(ON(=O)(=O))OOC1(C)C(=O)(OON(=O)(=O)),-4.716057335761889,-5.8400407
CC(O)(C)C(C(=O)(O))C(O)C(=O)(OON(=O)(=O)),-7.357284745497054,-6.8987174
C(=O)(OO)C1CC(OO)C1(C)C(=O),-6.429932919779731,-6.90682
C(=O)(O)C=C(C(=O)(OON(=O)(=O)))C1(N(=O)(=O))OC1(O)C(=O),-7.051511257887796,-4.3329515
CC1(C(=O)(O))OC1C(OO)C(O)C(=O)(O),-10.925414375934452,-11.497085
C(OO)C(=O)C(=O)OOC(ON(=O)(=O))(C(=O)(O))C(=O),-7.004984352030533,-6.2846365
C1(O)C(OO)OOC1(ON(=O)(=O))C(=O)C(=O)(OON(=O)(=O)),-4.189290068539776,-5.0273876
C(=O)(O)C(=O)OOC(OO)(C(=O)(OON(=O)(=O)))C(ON(=O)(=O))(C)C(=O),-7.302046010157483,-7.607834
C(=O)C(=O)OC(OO)C(ON(=O)(=O))(C)C(O)(OO)C(=O),-8.870801026455865,-6.286062
C(=O)(O)COOC(=O)C(ON(=O)(=O))C(=O)C(OO),-7.110191516819214,-8.105868
CC(=O)CC(ON(=O)(=O))C(=O)CC(OO)C(=O)C(ON(=O)(=O))C,-7.697043450707497,-8.429661
C(=O)(O)C(N(=O)(=O))(OO)OC(=O)C(O)(C(ON(=O)(=O)))C(=O),-8.552008434061918,-7.322332
C(=O)(O)C(OO)(C(=O)(O))C1OOC(C1(=O))C(=O),-9.895840359539761,-10.708161
C(=O)(O)C(=O)C1OC1C(=O)C(OO),-6.639715781424911,-8.261587
C(=O)(OON(=O)(=O))C(=O)OC(=O)C(OO)(C)C(O)C(=O),-5.424395833164908,-6.216569
CC(=O)C(O)C(OO)C1(OO)CC(OO)C1(C)C,-10.743992495977182,-10.497746
C(O)C(=O)C(OO)OC(=O)C(=O)C(N(=O)(=O))C(=O)(OON(=O)(=O)),-5.8634083489223485,-6.227631
C(=O)(O)C(O)(O)C(=O)C(C)=CC(=O)(O),-10.820382789177529,-13.679635
CC(=O)C(ON(=O)(=O))CC(=O)CC(O)C(ON(=O)(=O))(C)C,-7.557897236490135,-7.321218
C(=O)(OO)C(ON(=O)(=O))C(=O)C(O)(O)C(OO)OC(=O),-9.244846927202161,-12.200183
C(=O)(OO)C1OC1(C(=O)(OO))C(=O)C(O)C(=O),-8.121114825443783,-12.552439
C(=O)(O)C(OO)OC(=O)C(O)C(ON(=O)(=O))(C)C(=O),-8.910659821212903,-8.591219
C1(O)C(=O)OOC1(O)C(=O)C(O)C(=O)(OO),-8.200987512412212,-9.824028
CC(O)(C(=O)(OON(=O)(=O)))C(=O)CC(C(=O))C(ON(=O)(=O))(C)C,-6.508638018134661,-5.454734
C(=O)(O)C1(C(=O)(O))OOC(C1(O))C(ON(=O)(=O))C(=O)(OO),-11.293235993002781,-12.961984
C(ON(=O)(=O))C12OOC(C2(O)(OO))C(=O)C(O)C1(=O),-7.445558055432684,-8.828804
C1(O)C(N(=O)(=O))(C(=O)(O))OOC1C(ON(=O)(=O))C(=O),-6.91014742668267,-7.5131493
C1(O)C(=O)OOC1(N(=O)(=O))C(=O)CC(=O)(OO),-5.981033622980249,-6.6439033
C(=O)(O)C(=O)OOC(C(O))(C(=O)(O))C(ON(=O)(=O))C(=O),-9.955466050426821,-10.825715
C(=O)(O)C1OOC(O)(C1(O))C(ON(=O)(=O))C(=O)C(=O),-8.791552769159807,-9.235761
C(=O)(OON(=O)(=O))C12C(OO)=CC(ON(=O)(=O))C(C1(O))OO2,-6.535900602785659,-7.054329
CC(=O)C(OO)C(=O)CC(=O)CC(OO),-7.150506821885756,-8.675089
C(=O)(OO)C(=O)C(C(=O)(O))C(=O),-5.466571997268602,-5.6750555
C(N(=O)(=O))(ON(=O)(=O))C(C(=O)(OO))OOC(=O),-4.212930564082399,-4.4357395
C(O)C(=O)C1OC1C(O)(OO)C(=O),-7.208560273722469,-10.043193
C(=O)(O)C(=O)C(=O)C(O)(C)C(O)(OO)C(=O),-9.974178099600977,-11.178133
CCCC(ON(=O)(=O))C(OO)CC(=O)CC(=O)C,-6.595060826261943,-5.6318808
CC(C(=O)(O))C1OC1(OO)C(=O)(O),-8.54866299115929,-7.7504153
C(=O)(OO)C(ON(=O)(=O))C(OO)C(OO)(C)OC(=O),-7.7685884034463015,-8.0396385
CC(OO)C(OO)CCC(O),-6.579868262071614,-6.9140105
CC(C)(C(=O)(O))C(OO)(C(ON(=O)(=O)))C(=O)(OON(=O)(=O)),-6.449592419156488,-5.8785443
C(=O)(O)C(OO)C(C1(=O))OOC1C(=O)C(=O)(O),-9.765408389626828,-10.511241
C2(=O)C1(O)OOC2(C(ON(=O)(=O)))C(=O)C(=O)C1,-4.905540735390787,-4.549387
C(=O)(OO)C(O)(O)C1(N(=O)(=O))OC1C(O)(C(O))C(=O),-10.714091714072765,-10.105571
C1(OO)OC1CC(=O)(O),-4.50526175728919,-4.917804
C1(=O)C(ON(=O)(=O))C(O)(C)C(=O)OOC1(N(=O)(=O))C(=O)(OO),-6.761738625415546,-6.1374154
C(=O)(O)C(O)C(=O)C(=O)C(O)(OO)C(=O)(OON(=O)(=O)),-7.864585818383148,-7.353785
CC(=O)C(C(=O))C(C)(C(ON(=O)(=O)))C(OO)C(ON(=O)(=O))C(=O),-7.141842319699208,-8.369059
CC(=O)C1C(ON(=O)(=O))C(C1(OO)C)C(ON(=O)(=O))C(=O),-6.5652601964038695,-7.1319513
CC(=O)C(OO)C(O)C1(N(=O)(=O))OC1(O)C(=O)(O),-10.730685355112655,-10.800927
C1(N(=O)(=O))C(=O)OOC(C)(C(=O)(OO))C(ON(=O)(=O))C1(=O),-5.610307761487547,-6.9167857
CC(=O)C(ON(=O)(=O))(C(=O)(O))C(C)(C)C(=O)C(OO),-8.622541546674256,-8.19492
C(O)C(ON(=O)(=O))C(=O)C(=O)C(O)C(=O)OC(=O),-6.0864106965182145,-5.849428
C(=O)(O)C(C(=O)(OON(=O)(=O)))OOC(OO)C(O)C(=O),-8.06562907063062,-8.177706
C1(=O)C(=O)OOC1C(N(=O)(=O))(OO),-2.881939421628431,-3.596836
CC(=O)C1CC(OO)(C(=O)(O))C1(C)C,-6.897164564825744,-7.5865045
C(=O)C(=O)C(=O)C(O)(C1(O))OOC1C(=O),-6.8738927702752335,-5.029921
C(=O)(OON(=O)(=O))C(OO)C(C)(C(ON(=O)(=O)))C(OO)C(=O),-6.714282594786255,-6.6321354
C12OOC(C2(O))C=CC1(ON(=O)(=O))C(OO),-6.020923637458509,-6.465374
C1(O)(O)C(O)(C(OO))OOC1C(=O),-7.955393649704547,-12.183488
C1(O)(N(=O)(=O))C(=O)OOC1(O)C=C(C)C(=O)(O),-8.721861522026302,-7.8378754
C(=O)(O)C(=O)C(=O)C(ON(=O)(=O))C(=O)OC(=O),-4.422605806046704,-4.36849
C(=O)(O)C(O)(N(=O)(=O))C1(O)OOC(OO)(C(=O))C1(O)C,-11.821061301010559,-12.551808
C(=O)(N(=O)(=O))C1(O)OC1(OO)C(C(=O)(OO))=CC(=O),-8.635370912348208,-7.226212
C(OO)C(=O)C(C)(C(O))C(=O)C(=O),-6.247490283555635,-6.423523
C(ON(=O)(=O))C(O)(C(=O)(OO))C(OO)(C(=O))C(=O)C,-7.92443787441789,-7.54542
C(=O)(O)C(C(=O)(O))C(C)(C(ON(=O)(=O)))C(=O),-7.610590485995999,-7.8974624
C(=O)C(=O)C(C(=O)(O))OOC(ON(=O)(=O))(C(=O))C(=O),-6.292716778656995,-5.57043
C(OO)C1(C(=O))OC1(OO)C(=O)C(=O),-5.9244676953630915,-6.6052427
CC(=O)CCCCC(=O)CC(ON(=O)(=O))C(OO),-6.595060826261943,-7.86878
CC(OO)(C)C(ON(=O)(=O))(C(=O)C(O))CC(=O)(O),-9.40792365163361,-7.077253
C1(O)C(=O)OOC1(C(ON(=O)(=O)))C(OO)C(=O)(OO),-7.661089045345761,-9.571951
C(=O)(O)C(O)C(=O)C(C)C(=O)(OON(=O)(=O)),-5.209027768608394,-5.117052
CC(C(=O))C(C)(C(=O)(OO))C(OO)C(=O),-7.025440225539569,-5.8028154
CC(ON(=O)(=O))(C)C(OO)CC(=O)C(C)C(=O),-6.421521909009698,-5.6985273
C12OC1(C(O))C(=O)C(OO)C(=O)C2(O)(O),-8.73244700390569,-7.935003
C(=O)(OO)C=C(C(OO))C1OC1(ON(=O)(=O))C(=O),-7.865635193609705,-4.467086
C1(O)(O)C(=O)OOC1(N(=O)(=O))C(O)C(ON(=O)(=O))(C)C(=O)(O),-9.134444881078707,-9.076078
CC(ON(=O)(=O))(C(=O)(O))OC(=O)(O),-6.047777267726815,-5.4498534
C(=O)(O)C(O)C(O)(C(=O)(O))OOC(=O),-9.29400595110019,-10.261237
C(=O)(N(=O)(=O))C1(O)OC1(O)C(ON(=O)(=O))C(O)C(=O)(O),-9.131714380464928,-8.79589
C1(O)C(=O)OOC1C(O)(C)C(ON(=O)(=O))C(=O)(OO),-8.21285756832458,-8.999527
C(=O)(OO)C(ON(=O)(=O))C(=O)C(=O)C(ON(=O)(=O))(C(OO))C(=O),-6.681307462029508,-5.832033
CC(=O)CC(=O)C(ON(=O)(=O))C(=O)CCC(ON(=O)(=O))C,-5.874598553938995,-5.1857443
C1(OO)OC1C(OO)C(O)(C)C(=O),-7.671602710400293,-7.4391847
C(O)C(=O)C(=O)C(OO),-4.42376834536708,-5.529558
C(=O)(O)C1(O)OC1C(OO)(C(OO))C(O)C(=O),-12.714153441273083,-12.483213
C(=O)C(O)C(OO)C(OO)(C)OC(=O)C(=O),-8.92744610417003,-8.845997
C12(O)OC1C(OO)C(=O)C(=O)C2(=O),-5.516034619628954,-5.2637167
CC(=O)C(OO)CC(=O)CCC(ON(=O)(=O))C(OO)C,-9.10407994590696,-9.4154215
C(=O)(O)C12OOC(O)(C1(O))C(ON(=O)(=O))C(O)C2(ON(=O)(=O)),-9.707703260625294,-10.266605
CC(OO)(C(=O))OC(=O)C(N(=O)(=O))(ON(=O)(=O))C(=O),-4.818091606526195,-3.992658
C1(O)(O)C2(OO)OOC1C(OO)=CC2(ON(=O)(=O)),-9.492979008914062,-7.8053102
C2(O)C(ON(=O)(=O))C(=O)C(O)(C1(O))OOC12C(=O)(OO),-9.020679222012859,-10.961529
C1(O)C(=O)OOC1(C(=O))C(O)C(=O),-6.204114119128917,-6.651714
CC(=O)C(=O)C(OO)C(ON(=O)(=O))(C)C(ON(=O)(=O))(C)C(OO),-8.412795061806719,-6.5267835
C(=O)C(OO)C(ON(=O)(=O))(C(O))C(=O)C(=O),-5.659789745139733,-5.4129143
C(=O)(O)C(ON(=O)(=O))(C(=O))OOC(OO)C(O)C(=O),-8.663245954269314,-9.490015
C(=O)(O)C(=O)OOC(C(=O)C)C(=O)C(=O)(OON(=O)(=O)),-5.450587812387312,-5.6570168
C(=O)C1OOC(O)(C1(O)(N(=O)(=O)))C(=O)C,-5.867547806438324,-4.9969196
C(=O)(O)CC1(C(OO))OC1(OO)C(=O),-8.584410196563113,-8.531009
C1(=O)C=CC(C(=O)(O))OOC1(OO)C(=O)(O),-10.580085922254511,-11.159608
CC(O)(C(=O)(O))C(C(=O)(OON(=O)(=O)))C(C(O))(C)C(=O),-8.85981801991511,-9.096132
CC(ON(=O)(=O))(C)C(C(O)(C)C(=O))C(=O)C(=O),-6.231694881861586,-5.361678
C(O)C(=O)C(O)C(N(=O)(=O))(C1(O)(OO))OOC1C(=O)(OO),-11.519736984509109,-11.5875025
CC(O)CC(ON(=O)(=O))C(OO)CC(OO)CCC,-9.238242924964197,-8.776544
C(OO)C(=O)C1CC(C1(C)C)C(ON(=O)(=O))C(=O)(OO),-8.176082379774925,-9.338015
C(=O)(N(=O)(=O))C1(OO)OC1(O)C=CC(=O)(OON(=O)(=O)),-5.122820712835619,-4.7879796
C1(O)C(ON(=O)(=O))OOC1(C(OO))C(O)C(=O),-7.7315352305222405,-8.303155
CC(ON(=O)(=O))C(C)(C)C(OO)(C(=O)(OON(=O)(=O)))C(=O)C,-6.134309148720604,-3.7898211
CC(=O)C(=O)C(ON(=O)(=O))C(O),-3.4554504893671947,-2.2742517
C(=O)CC(=O)C(O)(C(ON(=O)(=O)))C(=O)C(=O),-4.311174259779364,-6.149484
CCC(=O)C(ON(=O)(=O))CC(=O)C(OO)CCC,-6.595060826261943,-5.7086825
C(O)C(OO)C(ON(=O)(=O))(C)C(C(=O)(OO))C(=O)C,-8.408216222644114,-7.2166386
C(=O)(OO)C(ON(=O)(=O))OOC(=O)C(=O)C(O)C(=O),-6.554567528853568,-7.5952115
CC(=O)C(C(ON(=O)(=O))(C)C(O))C(ON(=O)(=O))C(=O)C(O),-8.304635178333228,-8.40616
C(=O)(O)C(=O)C(ON(=O)(=O))(C(O))C1OC1(=O),-6.150023743964539,-5.706388
C2(OO)C=CC(OO)(C1(O)C(=O)(OON(=O)(=O)))OOC12(O),-8.25847541336816,-8.103028
C1(=O)C(=O)C(OO)C(O)(C)C(OO)C1,-8.060153881036968,-8.815095
CC(=O)C(C(OO)C(=O)(O))OOC(=O),-7.047789953410756,-6.931164
C(=O)(OO)C1(OO)OC1(C(=O))C(=O)C(O),-7.420841220292459,-8.146661
C(=O)(OON(=O)(=O))C(OO)CC(C(=O))C(ON(=O)(=O))(C)C,-5.81857375641448,-5.8065042
CC(C(=O)(O))C(=O)CC(C(ON(=O)(=O)))C(ON(=O)(=O))(C)C,-7.601048011619241,-7.4236326
C2(O)(OO)C1OOC2(C(=O)(OO))C=CC1(=O),-8.43312036572297,-9.252118
C(=O)(O)C(OO)C(ON(=O)(=O))C(=O)OC(=O)C(=O),-6.4927732844557795,-6.788247
C(=O)(O)C(ON(=O)(=O))C(O)(C)C(=O)CC(=O)(OO),-7.849939360125973,-9.264258
C(=O)(O)C(=O)C(=O)OC(OO)(C)C(=O),-6.428638392981611,-5.544193
CC(ON(=O)(=O))CC(ON(=O)(=O))CCC(=O)C(OO),-6.198825016557294,-6.6193957
C(=O)C1(O)OC1(N(=O)(=O))C(O)(C(=O)(O))C(OO)C(=O),-10.759534231036923,-10.291091
C1(=O)C(ON(=O)(=O))(C(O))OOC1C(=O)C(=O)(O),-6.266722858710182,-7.7217007
C(=O)(OO)C=C(OO)C(C(=O)(O))OOC(=O),-9.332303364248673,-11.750402
C(=O)(OO)C(ON(=O)(=O))(C(=O))C(O)C(=O)OC(=O)C(=O),-6.071776082536871,-5.295721
C(=O)(N(=O)(=O))C1(O)OC1(C)C(O)C(ON(=O)(=O))C(=O)(OO),-7.990446947724195,-8.004625
CC(OO)(C)C1(ON(=O)(=O))CC(=O)C(O)(C(OO))C(=O)C1,-9.153852655409537,-8.138544
C1(O)(O)C(C(=O)(O))OOC1(C(ON(=O)(=O)))C(O)C(=O),-10.38826029146594,-14.489736
C(=O)(N(=O)(=O))C1(OO)OC1C(O)C(=O)C(=O)(O),-7.93176962214784,-7.554644
C(OO)C(=O)C(N(=O)(=O))(OO)OC(=O)C(=O)(OO),-7.421508489084772,-7.4991155
C(ON(=O)(=O))C(OO)CCC(=O)CCC(=O)(OON(=O)(=O)),-5.51544625259703,-7.056112
C1(ON(=O)(=O))OC1C(OO)=C(C)C(=O)(O),-5.981332653407662,-5.0171566
C(ON(=O)(=O))C(=O)C(O)(C(=O)(O))OOC(=O)C(=O)C(=O),-7.3466762498328535,-7.6361837
C(=O)(O)C(=O)OOC(N(=O)(=O))(C(=O)(OO))C(=O)C(=O),-7.238367726670276,-6.4825153
C(=O)(O)C1OOC(ON(=O)(=O))C1(O)C(=O),-6.2126991540089875,-5.936171
C(=O)(O)C1(C(ON(=O)(=O)))OC1CC(=O)(OON(=O)(=O)),-4.691452610252327,-5.7617087
CC(OO)(C(=O)(OO))C1OC1(O)C(=O)(OO),-9.193003699241672,-10.665918
CC(=O)C(=O)C(OO)C(C(O))C(O)(C)C(ON(=O)(=O)),-9.67951369156799,-9.32867
C(=O)C1(OO)OC1(C(=O)(OON(=O)(=O)))C(O)C(=O),-5.350911546317093,-5.4034224
C(=O)(N(=O)(=O))C(=O)C1(C)OOC(OO)(C1(=O))C(=O),-5.008753383761359,-3.5102026
C(=O)(O)C(O)(N(=O)(=O))C(O)C(OO)OC(=O),-9.372157613665422,-10.020155
C(=O)(OON(=O)(=O))C(=O)C1OOC(C(=O)(OON(=O)(=O)))C1(O)C,-4.5059553736537055,-3.6853385
CC1(C)C(OO)C(ON(=O)(=O))C1C(OO)C(=O),-7.356550039301965,-6.3411465
CC(=O)C(ON(=O)(=O))C(O)(C1(O)(O))OOC1C(=O),-8.236632842938434,-10.003597
C(=O)(O)C(=O)C1OOC(O)(C1(O))C(=O)(OON(=O)(=O)),-7.123538713287417,-6.510276
C(=O)(OO)C(O)(OO)C(ON(=O)(=O))C1(O)OC1C(=O),-8.88442017651505,-10.232566
C1(=O)OC1C(=O)CC(=O),-1.9194785124441296,-2.3015516
C(=O)CC(ON(=O)(=O))C(OO)(C)C(ON(=O)(=O))C(=O),-6.041948378166126,-6.400522
C(=O)(O)C(=O)C(ON(=O)(=O))(C)OOC(=O)C(=O),-5.533974829068029,-4.2831125
CC(=O)C(=O)CC(=O)CC(OO)CC(ON(=O)(=O))C,-7.073555888544433,-7.2178683
CC(=O)COOC(=O)C(ON(=O)(=O))C(=O)(O),-5.385680204024084,-6.7059374
C(=O)(O)C1OC1C(ON(=O)(=O))(C(=O)(OO))C(O)C(=O)(OON(=O)(=O)),-8.083148138824981,-6.836775
C(ON(=O)(=O))C1(C(=O)(OO))OC1C(O)C(=O)(OON(=O)(=O)),-5.308967264623789,-6.654122
C(=O)(OON(=O)(=O))C(=O)C(C(OO))OOC(=O),-3.5812975052103866,-4.8438716
C(=O)(O)C1OC1(C)C(=O)C(N(=O)(=O))C(=O),-5.924184122567567,-5.4089475
C1(=O)C(O)(C(=O)(N(=O)(=O)))OOC1(C)C(=O)(OO),-5.981033622980249,-3.405006
C(=O)(O)C(=O)C(O)(O)C(OO)(C(=O)(OON(=O)(=O)))C(ON(=O)(=O))C(=O),-8.863050338494304,-10.693213
C(=O)(OON(=O)(=O))C1OOC(OO)(C1(O)C)C(ON(=O)(=O))C(=O),-6.80810049646152,-6.7324524
C(ON(=O)(=O))C(=O)C(C(OO))OOC(=O)C(=O),-4.950290123272225,-6.195194
C1(=O)CC(OO)CC(OO)C1(OO)C(ON(=O)(=O)),-8.446587690521028,-8.982493
C(=O)(O)C(OO)C(=O)C(O)(C)C(ON(=O)(=O)),-7.991518830794121,-7.2475142
CC(OO)(C)C(C(O)(C)C(=O)(OON(=O)(=O)))CC(=O),-7.217182521840186,-6.6081195
C(=O)(N(=O)(=O))C1(OO)OC1(C(ON(=O)(=O)))C=CC(=O)(O),-7.1962757755682105,-7.251761
C(=O)(OO)C1(O)C(OO)(C(ON(=O)(=O)))OOC1C(=O)(OON(=O)(=O)),-7.316030836957452,-6.1504436
C1(=O)OC1(C)C(O)C(=O)(OO),-6.235258180104211,-4.6401258
C(=O)(O)C(C(=O))=CC(=O),-4.528647395488861,-3.8015256
C2(OO)C=CC(C1(=O))OOC12C(=O)(OON(=O)(=O)),-4.480195533856204,-4.046833
CC(OO)(C(=O)(OO))C(=O)C(=O)OC(=O),-6.058057696811829,-5.0987644
C1(OO)OC1(O)C(ON(=O)(=O))C(O)C(=O)(O),-8.58948053009317,-8.128212
C(=O)(O)C(=O)C(ON(=O)(=O))(C(O))OOC(=O)C(=O),-6.703065547946153,-5.9828587
C2(=O)CC(=O)C(ON(=O)(=O))(C1(=O))OOC12C(OO),-4.752778872638373,-3.908882
CC(=O)C(O)CC(C(ON(=O)(=O))(C)C)CC(=O),-6.765613226531059,-6.364084
CCCCC(=O)C(ON(=O)(=O))CC(=O)(O),-5.587773590913002,-4.965566
C(=O)(O)C1OC1C(C(O))=CC(=O)(O),-8.766989929284591,-8.470828
C(=O)(O)CC(=O)CC(C(ON(=O)(=O))(C)C)C(=O)C(ON(=O)(=O)),-7.637507233487668,-8.732756
CC(O)CCC(OO)C(OO)=C,-6.346982296002352,-7.008985
C1(O)C(C(=O)(O))OOC1C(O)(C)C(=O)(OO),-10.612641866452122,-9.354735
C(OO)C(=O)C(=O)C(=O)OC(OO)C(=O)(OON(=O)(=O)),-5.360592330202508,-5.568458
C1(O)C(C(=O)(O))OOC1C(ON(=O)(=O))C(=O)C(=O)(O),-9.495709126430484,-11.02866
C(=O)(O)C(ON(=O)(=O))C(OO)(C)C(=O)CC(=O)(OO),-8.25511466615626,-8.6178255
C(=O)(O)C(O)C(OO)(C)C(C(=O))C(C)(C)C(=O),-10.466244672169523,-11.428876
CC(=O)C(ON(=O)(=O))C(C)(C)C(C(=O)(OON(=O)(=O)))C(OO)C(=O)(O),-8.592177849129257,-8.560784
C(=O)(O)C1C(ON(=O)(=O))C(OO)C1(C)C(OO),-8.355010153999501,-8.464836
C(OO)C(=O)C(=O)C(O)(C)C(ON(=O)(=O))C(=O)(OO),-7.770418388669896,-8.132342
CC(=O)C(=O)OC(=O)C(O)(N(=O)(=O))C(=O)(O),-5.940322934055075,-6.301261
C(=O)C1OC1C(C(=O))C(=O),-3.0778297093747824,-3.3022358
C(ON(=O)(=O))C(ON(=O)(=O))C(C)(C(=O))C(C(=O))C(=O)C(O),-6.607320199185779,-7.3184395
C(O)CC(O)C(ON(=O)(=O)),-4.168712819446682,-4.4097004
C1(=O)C(=O)OOC(C(OO)C1(N(=O)(=O)))C(=O)C,-5.526590275192575,-6.583237
C1(OO)OC1(C)C(ON(=O)(=O))C(O)C(=O)(O),-7.831703336570627,-7.2775717
C(=O)C(O)C1(O)OOC(O)(C(=O))C1(O)C(=O),-9.749604703584737,-5.238212
C(=O)(O)C(O)C(ON(=O)(=O))(C)C1(N(=O)(=O))OC1(O)C(=O),-9.048287923175394,-4.3308573
C(=O)(O)C(O)C(OO)C1OC1(OO)C(=O)(OON(=O)(=O)),-9.062229218934135,-7.976086
CC(=O)C(OO)(C(ON(=O)(=O))(C)C(ON(=O)(=O)))CC(=O)C(=O)(OO),-7.421422944717051,-9.717985
C1(O)C(=O)C(ON(=O)(=O))OOC(=O)C1(ON(=O)(=O))C,-4.444663737443079,-6.0198503
C(O)C(=O)C(OO)(C(ON(=O)(=O))C(=O)(O))OOC(=O),-8.425025399557398,-7.9423833
CCCC(ON(=O)(=O))CC(=O)C(=O),-3.0621131515931665,-1.8631526
C(=O)(OO)C(=O)OC(OO)C(=O)(OON(=O)(=O)),-4.485638204641418,-4.9958854
CC(OO)(C(=O)(OON(=O)(=O)))OC(=O)C(=O)(OON(=O)(=O)),-3.273813764841634,-2.6015391
C(O)C(ON(=O)(=O))(C(=O))C(O)(C1(O)(N(=O)(=O)))OOC1C(=O),-8.54003991190666,-8.916444
CC12OOC(C1(=O))C(=O)C(OO)C2(=O),-5.055852583651813,-3.3280823
C1(O)(O)C(ON(=O)(=O))OOC1(C(=O)(O))C(ON(=O)(=O))C(=O),-7.95948469516361,-9.911674
C(O)C(=O)C(=O)CC(ON(=O)(=O))(C(OO)(C)C)CC(=O)(OO),-9.74933167952986,-10.219258
C(=O)(O)C(=O)C(=O)CC(OO)OC(=O)C(=O),-6.811323669208832,-6.46194
CC(=O)OOC(OO)C(N(=O)(=O))(ON(=O)(=O))C(=O)(OO),-5.589048824630481,-5.300524
C1(=O)C(ON(=O)(=O))(C)OOC1(ON(=O)(=O))C(O)C(=O)(O),-6.444777789538421,-5.6295033
C1(O)COOC1(N(=O)(=O))C(=O)C(=O)C,-4.209647684869651,-3.5838223
CCC(OO)CC(=O)CC(ON(=O)(=O))C(OO)CC,-8.377021388375852,-7.6111975
C1(O)(O)C(C(=O))OOC1C(O)C(=O)C(=O),-8.410261160303435,-8.132235
C(=O)(OO)C(=O)C(ON(=O)(=O))(C)C1OC1C(=O)(OO),-7.41034620644723,-7.0588574
CC1(C(=O))OOC(OO)(C1(O))C(ON(=O)(=O))C(=O),-7.534194356678654,-6.507422
CC(ON(=O)(=O))CCCCCCC(=O)(OO),-5.612606436102851,-7.1581798
C(O)C(=O)OC(=O)C(=O)C(ON(=O)(=O))C(=O)(O),-6.147289709419056,-6.840456
C(O)C(OO)(C(ON(=O)(=O)))C(C(=O)(OO))CC(=O),-7.998520611158256,-9.166753
C(=O)(OO)C(=O)OC(N(=O)(=O))(OO)C(C)=CC(=O),-7.644395550065383,-9.264888
C(=O)(O)C(O)C(OO)(C)C1OC1(ON(=O)(=O))C(=O),-9.008291795738842,-7.8133807
CC(O)(C(OO))C(=O)CC(=O)CC(ON(=O)(=O))C(=O)(OON(=O)(=O)),-7.094483674507501,-8.090198
C(=O)(O)C(O)(N(=O)(=O))C(=O)C(OO)(C)OC(=O)C(=O)(OON(=O)(=O)),-8.035321868022493,-7.4252152
C1(OO)OC1C(OO)C(O)(C(=O))C(=O),-8.011485825819818,-8.366975
C(=O)(OO)C(ON(=O)(=O))C(C(ON(=O)(=O)))(C(=O))OOC(=O),-5.456520464836103,-4.5707808
C(=O)(O)C(OO)(C(ON(=O)(=O)))OC(=O)C(N(=O)(=O))C(=O)C(=O),-7.1804609199853076,-7.151402
C(OO)C(ON(=O)(=O))(C(=O)(OON(=O)(=O)))C(O)C(O)OC(=O),-6.878455548348484,-7.1661844
CC(=O)C(ON(=O)(=O))(C1(C)C)CC1(O)CC(=O),-5.844478618959329,-5.842452
C(=O)(O)C(O)C(OO)C(=O)(O),-8.78577048471243,-9.034449
CC(OO)CC(=O)CCC(ON(=O)(=O))C(=O),-5.917896095012566,-5.8961573
C(=O)(N(=O)(=O))C(=O)OC(=O)C,-0.37970507062482284,-1.3042908
C(=O)(O)C(ON(=O)(=O))C(O)(C1(O))OOC1(C)C(=O)(OO),-10.602125555860312,-5.8144135
C(=O)(O)CC(ON(=O)(=O))C(C)(C(ON(=O)(=O)))C(C(=O))C(=O)C,-7.3573685630890395,-7.9311895
CCC(O)CC(ON(=O)(=O))C(=O)C(OO),-6.729186470486184,-6.485706
C(O)C(ON(=O)(=O))C(C)(C(OO))C(=O)C(=O)(OO),-7.767717051036016,-9.234351
C(=O)(OO)C1OOC(ON(=O)(=O))(C1(=O))C(ON(=O)(=O))(C(OO))C(=O),-7.184015614524014,-6.9444947
CC1(C)OOC(C(=O)C)CC1(ON(=O)(=O))C(OO)C(=O)(OO),-8.480778785547045,-9.207883
C(=O)(OO)C(OO)C(O)(C(ON(=O)(=O)))C(ON(=O)(=O))OC(=O),-7.829883877654083,-6.98815
C1(=O)C(OO)OOC1C(OO)(C(ON(=O)(=O)))C(=O),-6.194032299654737,-6.553905
C1(=O)C(=O)OOC1(C)C(OO)C(=O)C(=O)(O),-7.350845834787833,-7.349523
C1(OO)OC1C(=O)C(=O)C(=O)C(=O)C(O),-6.082495858794573,-6.1970167
C1(O)C(ON(=O)(=O))C(=O)C2(C(ON(=O)(=O)))OOC1C2(=O),-5.001204825357036,-4.704875
CC(=O)C(OO)C(C)(C)C(C(=O)(OO))CC(=O),-8.541820109142009,-9.390871
C1(O)(O)C(N(=O)(=O))(OO)OC(=O)C(=O)CC1(=O),-6.710383293350333,-9.352919
CC(OO)(C)C(C)CC(=O)C(=O),-4.842625070512895,-4.0418973
C(O)C(C(=O)(OO))=C(=O),-3.90580080179825,-3.8815951
CC(ON(=O)(=O))C(OO)CC(=O)CC(=O)CCC(=O)(OO),-8.65314489582397,-8.500719
C(=O)(N(=O)(=O))C(=O)OC(O)C=C(C(ON(=O)(=O)))C(=O)(OO),-7.078841985946838,-7.903326
CC(=O)C(C(=O)C(OO))CC(ON(=O)(=O))C(OO),-7.643778756613756,-8.335223
CC(ON(=O)(=O))(C(=O)(OO))C(OO)C(C)(C)CC(=O),-7.619532290384996,-6.1844525
C1(=O)C(=O)OOC1C(=O)C(=O)C(O),-4.107846067753599,-3.5293484
C(=O)(O)C(OO)C(ON(=O)(=O))C1(C)OC1C(=O)(OO),-9.063459198054716,-9.717757
C2(O)C(ON(=O)(=O))C(=O)C(C1(O)C(OO))OOC12,-8.161659009803316,-8.340828
C(OO)C(=O)C(=O)C(O)(C(O))C(=O)OC(=O),-7.830337787812823,-6.305254
C(=O)(O)C(OO)C(O)C1OC1(C(=O)(OO))C(=O),-10.722986615793161,-12.562263
CC(=O)C(ON(=O)(=O))C(=O)C(C(=O)(OON(=O)(=O)))C(O)(C)C,-5.946335698299663,-4.549675
C(O)C(=O)C(C(=O))CC(=O),-3.784784844382557,-5.295282
CC(O)(C(=O)(OO))C(=O)C(C)(C)C(C(ON(=O)(=O)))C(=O)(OON(=O)(=O)),-7.2773848245306,-5.2574735
CC(OO)CCCC(OO)C(OO),-6.802588880615076,-7.414675
CC(=O)C1C(=O)C(C(ON(=O)(=O))C(=O)(O))C1(C)C(OO),-8.723268658997767,-8.773095
C(=O)(OO)C(=O)C(ON(=O)(=O))(OO)C1(C)OC1C(=O)(OO),-9.117725592051102,-9.416733
C(ON(=O)(=O))CCC(O)CC(=O)CC(=O)(OO),-6.830350309331152,-8.716588
CC(=O)C(ON(=O)(=O))C(=O)C(O)(O)C(OO)C(=O)(O),-9.838283608376514,-13.048564
C(=O)(OON(=O)(=O))C(=O)C(=O)C(O)(O)C(=O)OC(=O),-4.450945045708522,-5.795807
CC(=O)CC(=O)C(ON(=O)(=O))CC(=O)CC(ON(=O)(=O)),-5.312318345200765,-6.8747373
C(=O)(OON(=O)(=O))C(OO)=CC(=O)C(=O)(OON(=O)(=O)),-2.757554346991583,-1.6849327
C(=O)(O)C1(N(=O)(=O))OC1(OO)C=CC(=O)(O),-8.521924116684204,-8.518587
C(=O)(O)C(OO)=CC(OO)OC(=O)C(ON(=O)(=O)),-8.96184331638733,-8.56556
C(=O)C(OO)C(=O)OC(OO)(C(=O))C(=O),-6.478127635486089,-6.383772
C(OO)C(=O)C(ON(=O)(=O))C(=O)C1OC1(ON(=O)(=O))C(=O),-5.068551575494894,-5.475733
C(=O)(N(=O)(=O))C(=O)OC(=O)C(=O)C(O)(C)C(=O),-3.900455712717303,-3.0647578
C1(=O)C(=O)OOC1(OO)C(OO)(C)C(ON(=O)(=O))C(=O)(OON(=O)(=O)),-6.28313553847056,-5.9937024
CC(ON(=O)(=O))(C)OOC(C(=O)C)CC(=O)CC(=O),-4.583765426401442,-5.0396347
C1(ON(=O)(=O))OC1(OO)C(O)(O)C(=O)C(=O)C,-6.491096903687776,-6.846382
C(=O)(O)C(O)(C(=O)(OO))C1OOC(C1(O))C(=O),-10.764455140498285,-12.005753
CC(=O)C(ON(=O)(=O))CC(OO)C(ON(=O)(=O))(C)C(OO),-7.87704423782543,-7.926697
C(=O)C(O)(O)C(OO)(C)OC(=O)C(=O),-7.684242575274766,-9.01613
C1(OO)OC1C(=O)C(O)(C(OO))C(=O)(OON(=O)(=O)),-6.57738283771323,-6.9720616
C(=O)(OO)C(ON(=O)(=O))(C(=O)(OON(=O)(=O)))OC(=O),-2.675448472653443,-2.4399738
C(O)C(=O)C(OO)C1OC1(N(=O)(=O))C(=O)(O),-8.345976601546681,-8.453058
C(=O)(O)C1(N(=O)(=O))OC1(OO)C(O)C(=O),-7.516829342573146,-8.536754
C(N(=O)(=O))(OO)C(=O)OC(OO)(C)C(=O)(OO),-6.272410840507746,-5.695767
CC(=O)C(O)C(OO)C1(N(=O)(=O))OC1(O)C(=O)(OON(=O)(=O)),-7.39654844332199,-8.982494
C(=O)(OO)C(N(=O)(=O))(OO)C(ON(=O)(=O))(OO)C1OC1(C)C(=O),-8.843351571409585,-9.769788
CC(=O)C1(O)OOC(ON(=O)(=O))(C1(=O))C(=O),-4.140798539148818,-4.408794
CC(=O)C(OO)C1(O)OOC(ON(=O)(=O))(C1(O))C(=O)(OON(=O)(=O)),-7.506049236481886,-7.6377125
C(=O)(O)C(OO)C(C)(C(O))C(=O)CC(=O),-9.356870535049893,-9.735715
C(ON(=O)(=O))C1(ON(=O)(=O))OC1C(O)(OO)C(=O)C(O)C(=O),-7.876431875271919,-10.029931
CC(ON(=O)(=O))(C)C(OO)(C(ON(=O)(=O))C(=O)(OO))CC(=O),-7.155001461808752,-8.539403
CC(ON(=O)(=O))CC(O)CC(ON(=O)(=O))C(OO)C(=O)CC,-9.229553150008996,-9.202066
C1(=O)OC1(C(ON(=O)(=O)))C(O)C(ON(=O)(=O))C(=O)(OO),-6.066215927517078,-6.8583093
C(=O)(OON(=O)(=O))C=C(C(=O)(O))C1OC1(O)C(=O),-6.986345830663595,-7.9646664
C(=O)C(=O)C(=O)OOC(ON(=O)(=O))(C(=O)(O))C,-5.533974829068029,-4.4391346
CC(=O)C=CC1OC1(OO)C(=O)(OON(=O)(=O)),-4.769382544414839,-4.255556
C(=O)(OO)C1OC1(N(=O)(=O))C(=O)CC(=O)(OON(=O)(=O)),-4.492135771919948,-4.9341764
C(=O)(OO)C1(N(=O)(=O))OC1(O)C(C(O))C(=O),-7.656386140460654,-10.034074
CC(=O)CC(OO)CCCC(OO),-6.237875304464069,-6.771294
CCC(ON(=O)(=O))CCC(O)C(=O)C(ON(=O)(=O)),-6.037421411063406,-5.984729
CC(ON(=O)(=O))CCCCC(=O)CCC(=O)(OO),-7.346938270673036,-5.739251
C(ON(=O)(=O))C(=O)C(C)C(ON(=O)(=O))CC(=O)(OO),-4.830811417804398,-5.1746926
C1(=O)C(ON(=O)(=O))OOC1(ON(=O)(=O)),-1.2785988197665574,-1.00563
CC(=O)CC(ON(=O)(=O))C(ON(=O)(=O))CC,-3.6681040725434286,-3.431428
C1(=O)C(N(=O)(=O))(OO)C(O)(C(=O)(OON(=O)(=O)))OOC(=O)C1,-4.970856483128955,-5.6244383
C1(O)C(=O)OOC1(OO)C(ON(=O)(=O))(C)C(=O)(O),-8.056690257831178,-7.94002
CCCC(O)CC(ON(=O)(=O))C(=O)CCC,-5.208871737434947,-4.4842715
C(=O)(OO)C(=O)C1(O)OC1C(ON(=O)(=O))C(=O),-5.625754801998482,-6.0087132
CC(=O)CC(=O)CCC(O)CCC(O),-7.384147715678409,-7.641794
C(=O)(O)CC(=O)C(OO)OC(=O)C(=O)C(=O)(OON(=O)(=O)),-6.277039758745559,-6.1354995
C(=O)(N(=O)(=O))C(=O)C(OO)(C(OO))OC(=O),-5.187858084639629,-4.964364
C1(OO)OC1C(OO)(C)C(O)(N(=O)(=O))C(=O)(OO),-9.410749492929881,-9.935457
C2(=O)C=CC(O)(C1(O))OOC12C(=O)(OON(=O)(=O)),-5.594525470915869,-6.3245387
C(O)C(ON(=O)(=O))(C(=O)(OO))C(OO)C(O)OC(=O),-9.187575724667113,-9.524923
C(=O)(OO)C1(O)C(=O)OOC1C=CC(=O)(OO),-8.975972276340599,-9.828701
C12OOC(OO)(C1(O))C(OO)C(OO)C2(O),-11.45586857428998,-9.545165
C(=O)(OO)C1OOC(OO)(C(=O))C1(O)C(=O),-8.074545719326125,-7.172039
CC(=O)CC(=O)CC(ON(=O)(=O))C(O)CC(OO)C,-8.863001930123573,-8.400418
C1(=O)COOC1(C(=O)(O))C(ON(=O)(=O)),-4.585879946384466,-4.432662
C(=O)(O)C(OO)C(O)C1OC1C(=O)C(=O)(O),-11.21489117188139,-11.875472
C(O)C1(ON(=O)(=O))OC1(OO)C(OO)C(=O),-6.790260062589368,-7.1375604
C(OO)C(=O)C(N(=O)(=O))=C(OO)C(OO)OC(=O)C(=O),-9.908248370885758,-8.880169
C(=O)(OO)C(ON(=O)(=O))C(C)(C(=O)(OON(=O)(=O)))OOC(=O)C(=O),-5.270715457882034,-4.968033
CC(=O)OOC(ON(=O)(=O))(C(=O)(OO))C(ON(=O)(=O))C(=O),-5.35783223904491,-5.2903323
CC(OO)CC(=O)CC(ON(=O)(=O))C(=O)CC(=O)(OO),-7.684679895039153,-8.451642
CC(=O)C1OC1C(ON(=O)(=O))C(O)(OO)C(=O)(OO),-8.374308761998691,-8.180836
C(=O)(O)C(=O)C(ON(=O)(=O))C1(C(OO))OC1C(=O)(O),-9.64921745506581,-9.660507
CC(=O)C(OO)(C1(O))OOC1(O)C(N(=O)(=O))(ON(=O)(=O))C(=O),-8.640697939415986,-6.5120482
C(=O)(O)C1OOC(N(=O)(=O))(C1(O))C(=O)C(=O)(OO),-8.32281726137171,-9.102164
C(=O)(O)C1OC1(O)C(=O)C(O)C(=O),-7.73791752698753,-3.517529
C(=O)(OO)C1(OO)OC1(C)C(O)C(O)C(=O)(OON(=O)(=O)),-8.924010227616236,-9.388477
C(=O)(OON(=O)(=O))C(O)C(O)(O)C(=O)(OON(=O)(=O)),-3.7683831945114434,-3.84471
C(OO)C1(O)C(=O)OOC1(O)C(=O)(OON(=O)(=O)),-5.53211127358918,-5.3578873
C2(=O)C(=O)C(=O)C(C1(O))OOC12C(O),-6.590899314742273,-7.0524383
C12OC1C(=O)C(=O)C(=O)C2C(OO),-5.529955549417991,-7.064362
C1(=O)C(OO)(C(=O)(OON(=O)(=O)))OOC1C(O)(C)C(=O),-6.50655586240191,-5.932437
C(OO)C(=O)C(C)(C)C(C(OO))C(=O)(OO),-8.377051133755685,-8.8126135
CC(=O)C(=O)C(C)(C(OO))C(ON(=O)(=O))CC(=O),-6.523583033713294,-6.185605
C(=O)(O)C(O)C1(C(OO))OC1(ON(=O)(=O)),-7.10964233432469,-6.7108803
CC1(C)C(ON(=O)(=O))(C(=O)(O))C(OO)C1C(=O)C(ON(=O)(=O)),-8.047373748475366,-8.678682
C(=O)(OO)CC(C(O))C(ON(=O)(=O))(C)C(=O),-6.238210599758077,-5.73189
C(=O)(OO)C(ON(=O)(=O))C(OO)(C(=O)(OO))C1OC1C(=O),-8.946981514648087,-8.754887
C(=O)C(ON(=O)(=O))C(=O)C(=O)OC(=O)C,-2.6050931956074237,-2.6031036
CCCC(ON(=O)(=O)),0.832937865654003,0.24117528
C(=O)(O)C1OC1C(O)(OO)C(OO)C(=O)(OON(=O)(=O)),-9.062229218934135,-10.9161
CC(=O)C(=O)CC(C(OO)(C)C)C(ON(=O)(=O))C(=O),-7.092085435511763,-6.60251
CC(ON(=O)(=O))CC(=O)CCC(O)CCC(ON(=O)(=O)),-6.834096872794817,-7.6634607
CC(=O)C(ON(=O)(=O))CC(ON(=O)(=O))(C)C(=O)C,-4.492988576052085,-4.2048774
CC1(C(OO))C(ON(=O)(=O))(C(=O))CC1C(=O)C,-6.142015578962855,-5.751965
C(=O)C(O)C(=O)C(ON(=O)(=O))(C(=O)(OO))OC(=O),-5.517715050695642,-6.6378865
CC(=O)C(=O)CC(OO)C(C(OO))(C)C(=O)(OON(=O)(=O)),-7.444024610117594,-7.7000513
CC(ON(=O)(=O))(C(=O)(OO))C(N(=O)(=O))(C(=O)(O))OOC(=O)C(=O),-7.80817336758173,-6.5068913
C(=O)(O)C(=O)C1(O)OOC(ON(=O)(=O))(C1(=O))C(=O),-5.399603518339973,-6.458297
C(=O)(OON(=O)(=O))C(ON(=O)(=O))C1(C(OO))OOC(C1(O)(O))C(=O),-8.019344454294242,-8.595949
CC(=O)C(=O)C(O)C(=O)CC(ON(=O)(=O))C(OO)(C)C,-8.770650302414651,-6.3575587
CC(=O)C(O)(C(ON(=O)(=O))(C)C(OO))CC(=O)C(=O)(OO),-8.993526748296972,-10.487369
C(=O)(OO)C(OO)=CC(=O)OC(=O)C(=O),-7.511071831793743,-8.033748
C(ON(=O)(=O))C(ON(=O)(=O))(C(=O)(OO))C(O)C(=O),-4.937092770205254,-4.0659966
CC(C(=O)(OO))C(=O)CC(=O)(OO),-5.143138270547752,-5.2857227
C(=O)(OO)C1(O)OC1(ON(=O)(=O))C(O)C(=O),-6.115479481366037,-5.9931507
C(=O)(O)C(=O)OC(=O)C(O)C(OO)C(=O)(OON(=O)(=O)),-7.143715148616138,-6.9020567
C1(ON(=O)(=O))OC1C(O)(C(OO))C(=O)C(=O)(O),-7.85382171173751,-7.493341
C(=O)C(=O)C(O)C(ON(=O)(=O))C(=O)OC(OO)C(=O),-6.480352542259425,-6.1507635
CC(=O)CC(OO)(C(O))C(=O)(O),-8.002584398428098,-7.535797
CC(=O)C(ON(=O)(=O))C(O)C1CC(ON(=O)(=O))C1(C)C,-6.094721463604856,-5.92681
CC(=O)C(C(ON(=O)(=O)))C(C)(C(O))C(=O)C(ON(=O)(=O)),-6.814613373870998,-7.1111073
CC(=O)C(C(ON(=O)(=O)))C(C)(C)C(=O)(OO),-5.221471286276028,-3.7505918
C(=O)(OON(=O)(=O))C(ON(=O)(=O))C(C)(C)C(C(=O))C(OO)(C)C(=O),-7.095995415554171,-6.598715
C(=O)C(=O)C(N(=O)(=O))(C1(O)(OO))OOC1C(=O),-5.896581703866559,-6.8833694
C(=O)C(ON(=O)(=O))(OO)C(=O)C1OC1(C(=O)(O))C,-7.392009583130857,-7.467639
CC(=O)C(=O)CC(OO)(C(ON(=O)(=O))(C)C)C(ON(=O)(=O))C(=O),-7.261472817962385,-5.9357715
CC(O)CC(OO)C(=O)CC(O),-8.077035181509927,-8.263042
C(=O)(O)C(O)(OO)C1OC1C(ON(=O)(=O))(C(O))C(=O),-10.5606747915499,-11.764972
C(=O)(N(=O)(=O))C1OC1C(O)C(=O)C(=O)(OO),-5.867315509544369,-7.042717
CC(=O)C(OO)(C1(=O))OOC1C(N(=O)(=O))C(=O)(OO),-7.25537553464801,-6.523543
C1(ON(=O)(=O))C=CC(=O)OOC1(C(=O))C(=O),-4.590914226898349,-3.955483
C(ON(=O)(=O))C(=O)C(C)(C(ON(=O)(=O)))OOC(OO)C(=O),-5.602448251038368,-5.4168415
CC(=O)C(=O)C(O)(O)C1(OO)OC1C(=O),-7.720301187767291,-5.751206
C(=O)(OON(=O)(=O))C(O)C(=O)C1OC1C(=O)C(=O),-4.074679513074443,-4.508178
CC(O)(C(=O)(OO))C(=O)CC(ON(=O)(=O))(C(=O))C(OO)(C)C,-9.724681696465268,-8.309307
CC(=O)C1OC1(O)C(=O)CC(=O)(OON(=O)(=O)),-4.142518296710477,-2.2155967
C1(O)C(=O)OOC1C(O)(C)C(O)C(=O)(O),-9.337862051087995,-10.017033
C(=O)(O)C(ON(=O)(=O))(C(OO))C(OO)(C(=O))C(=O)C,-9.116174199683883,-9.263235
C(=O)(O)C(O)C1(C)OOC(ON(=O)(=O))(C1(O))C(=O),-9.168826885568706,-7.495313
CC(=O)C(O)C(O)(C1(O))OOC1C(=O)(OON(=O)(=O)),-7.28876847800484,-7.1124525
CC1(C)C(=O)C(=O)C1(OO)C(ON(=O)(=O))(C)C(ON(=O)(=O))C(=O)(OO),-7.813308181134744,-7.220303
C(=O)C(=O)C(O)(O)C(O)(ON(=O)(=O))C(=O),-5.543799094575661,-4.610306
CC(=O)OOC(O)(C(=O)(N(=O)(=O)))C(ON(=O)(=O))C(=O)(O),-6.3087833144004435,-6.884315
C1(N(=O)(=O))(OO)OC1(OO)CC(=O),-4.732390520548506,-5.176677
C(O)C(=O)C1OC1(OO)C(=O)C(ON(=O)(=O)),-5.346256686908873,-7.036046
C(=O)(OON(=O)(=O))CC(O)C(=O)C(O)C(=O)(OON(=O)(=O)),-3.852957348025029,-4.9003797
CC(OO)CCC(ON(=O)(=O))C(ON(=O)(=O)),-4.527011368994863,-4.2651196
C(=O)(O)C(=O)C(=O)OC(=O)C(=O)(O),-5.600859801318165,-5.5479345
C1(O)C(O)(C(=O)(O))OOC1C(O)C(=O),-9.473002746150996,-10.619564
C(=O)(O)C(ON(=O)(=O))(OO)C(=O)OOC(=O),-4.870158638775138,-4.583957
C(O)C(OO)C(OO)(C)C(ON(=O)(=O)),-6.95550200387197,-6.7774754
C(=O)C(ON(=O)(=O))(OO)C(OO)(C)C(OO)OC(=O),-8.482218095457029,-9.903982
C(O)C(=O)C(ON(=O)(=O))C(=O)C(OO)OC(=O),-5.959389669571465,-6.0812736
C(=O)(OO)C(O)C(ON(=O)(=O))(C)C1OC1(OO)C(=O),-8.46925453543463,-7.3946395
C12(O)OOC(ON(=O)(=O))(C1(O)(O))C(ON(=O)(=O))C(O)C2(=O),-7.058109458101626,-6.5161037
C(O)C(=O)C1CC(OO)(C(=O))C1(C)C,-6.8200704776277234,-6.150648
C1(O)C(O)(C(=O)(OO))OOC1(C(=O))C(=O)C(=O),-8.392057263603874,-8.135097
CC(=O)C(ON(=O)(=O))CC(=O)C(=O)CCC(ON(=O)(=O))C,-5.874598553938995,-5.2482553
C1(=O)C(=O)C(O)C2OOC1(OO)C2(O)(OO),-8.202929118684551,-9.118994
C1(O)(O)C(ON(=O)(=O))OOC1C(O)C(=O)(OON(=O)(=O)),-5.504101306071789,-6.8339353
CC(=O)C(=O)C(C(=O)(O))OOC(ON(=O)(=O))C(=O)(OON(=O)(=O)),-5.484699582871599,-5.551739
C(=O)(OON(=O)(=O))C(OO)=CC(ON(=O)(=O))(C)OC(=O),-4.512446006781829,-3.3599212
C(OO)C(=O)C1C(OO)C(ON(=O)(=O))(C(=O))C1(C)C,-8.159585664981023,-8.219511
C1(O)C(=O)C(OO)C(C)(C)C(OO)C1(OO)C,-10.198072832612525,-5.6505756
CC(=O)C(CC(=O)(O))C(O)(C(ON(=O)(=O)))C(ON(=O)(=O)),-7.679700076890185,-8.179192
CC(=O)C(O)C(O)(ON(=O)(=O))C(OO)C(=O)(OON(=O)(=O)),-6.319501349614711,-5.9117866
C(=O)(OO)C(=O)C(OO)C1(C(OO))OC1C(=O),-8.933149873704679,-10.258414
C(=O)(O)C1(O)OC1(C(=O))C=CC(=O)(O),-9.470452641993688,-9.992899
CC(=O)C(OO)CC(=O)CC(=O)C(OO)(C)C(ON(=O)(=O)),-8.916443674746915,-9.4338045
C1(O)(O)C(OO)(C(=O)(OON(=O)(=O)))OOC1C(O)C(=O)(OON(=O)(=O)),-7.127377544438787,-6.959772
C(=O)(O)C(C(=O)(O))=CC1OC1(O)C(=O),-9.729084430059629,-9.497805
C(=O)(O)C(C(=O)(OON(=O)(=O)))=C(OO)C(O)OC(=O),-8.23903023126104,-9.142433
C(N(=O)(=O))(OO)C(=O)C1OC1C(=O)(OON(=O)(=O)),-3.242520930430601,-3.6262882
C1(=O)C(OO)(C)OOC1(OO)C(ON(=O)(=O))C(=O)(OO),-7.893792455486164,-6.5025883
C(=O)(O)C(N(=O)(=O))(C(=O))OOC=CC(=O),-6.681373501509825,-8.234612
CC(OO)(C(O))C(CC(=O)(OON(=O)(=O)))C(ON(=O)(=O))C(=O),-7.194380326309329,-8.1855345
CC(=O)C1OC1(ON(=O)(=O))C(ON(=O)(=O))C(O)C(=O)(O),-7.053172684284618,-7.2992268
CC(OO)(C(ON(=O)(=O)))C(=O)C(ON(=O)(=O))(C)C(=O)CC(=O),-6.635281642870723,-6.663009
C(=O)(OO)C(ON(=O)(=O))C(C(=O)(OON(=O)(=O)))OOC(=O)C,-4.609983996709161,-3.6384106
C(ON(=O)(=O))CCC(O)C(OO),-4.8857317536035225,-4.663085
C(ON(=O)(=O))C(=O)C(C(OO))(C(=O)(OON(=O)(=O)))C(=O)C,-4.743351875193184,-4.5595603
C(=O)(OON(=O)(=O))C(O)(N(=O)(=O))C(=O)C(OO)C(O)C(=O),-6.477915333436158,-7.0722885
CC(C)(C(=O)(O))C(=O)C(O)(C)C(=O)(OO),-8.433890480398532,-5.9647346
C1(O)(O)C(=O)OOC1(O)C(OO)C(ON(=O)(=O))C(=O)(OON(=O)(=O)),-7.2087639008591395,-7.2780323
C1(=O)OC1(C(=O)(O))C(OO)=CC(=O),-7.892590058674614,-7.8976593
CC(ON(=O)(=O))CC(ON(=O)(=O))C(O)C(=O)CC(OO)CC,-9.229553150008996,-8.0504675
C(O)C(=O)C(ON(=O)(=O))C(O)(C1(O))OOC1C(=O)(OON(=O)(=O)),-7.1986648225374665,-8.26369
C1(=O)OC1(O)C(OO)C(=O)(OON(=O)(=O)),-4.604065480205918,-7.455539
C(O)C(=O)C1C(ON(=O)(=O))C(C(OO))C1(OO)C,-8.45668633877267,-10.932187
C(=O)(O)C=C(C(=O)(OO))C(=O),-6.190456844178243,-4.9227104
C(=O)(O)C1(OO)OC1(OO)C=C(C(=O))C(=O),-9.423647936910129,-9.845488
C(O)C(=O)C(=O)C(=O)C(=O)C(ON(=O)(=O))OC(=O),-4.976467111511738,-4.5812526
CC(=O)C=CC1OC1C(=O)(O),-5.104317724806151,-5.1740427
C1(O)C(OO)C=COOC1(C(=O)(O))C(ON(=O)(=O)),-9.170471126744815,-9.541329
C1(O)(N(=O)(=O))C(=O)C(ON(=O)(=O))C2OOC1(OO)C2(=O),-5.0596587642271516,-5.1006618
C(=O)(O)C(C(OO))C(C)(C)C(=O)C(O)(C)C(=O),-10.637476160079586,-8.525327
C(OO)C1(C(=O)(OO))OOC(C1(=O))C(=O)(OON(=O)(=O)),-6.12809747168285,-7.3341427
C(OO)C(O)C(C(=O)(OO))(C)C(=O),-7.25344065448553,-5.8810334
C(O)C(OO)(C(=O)(OO))OOC(=O)C(ON(=O)(=O))C(=O)(OON(=O)(=O)),-7.346428932872641,-7.7603564
CC(=O)C(OO)(C1(=O))OOC1C(N(=O)(=O))(ON(=O)(=O))C(=O)(OO),-7.237146711110654,-7.8591266
C1(ON(=O)(=O))OC1(C(OO))C(=O)C(O)C(=O)(OO),-7.344064798285217,-7.5971932
C(=O)(OO)C1(OO)OC1C(=O)C(O)(C)C(=O)(OON(=O)(=O)),-7.591015512255126,-5.240302
CC(=O)C(C(=O)(O))C(C)(C)C(=O)C(ON(=O)(=O)),-6.553099753065908,-6.4911013
C(=O)(O)C=CC(=O)(OON(=O)(=O)),-1.9001139787337706,-1.913925
C1(=O)C(ON(=O)(=O))C(=O)C(=O)OOC1C(=O)C,-3.849969916363989,-3.9970322
C1(=O)C(=O)C(=O)OOC(OO)C1(OO)C,-5.940088782087969,-5.0483694
C(=O)(OO)C(O)C1(O)OC1C(=O)(OO),-7.8506928886231435,-7.6701527
C(=O)(O)C(=O)C(ON(=O)(=O))C(C(OO)(C)C)C(O)(C)C(=O)(OON(=O)(=O)),-9.314327724096074,-9.821268
CC1(C(=O)(OO))OOC(C1(O))C(O)C(=O),-8.537529958452069,-9.428272
CC(ON(=O)(=O))(C)OOC(ON(=O)(=O))C(OO)(C)C(=O),-5.618336578083927,-4.33831
C(=O)(N(=O)(=O))C(OO)C(O)(C)C(=O),-5.349803002142835,-4.751335
C1(N(=O)(=O))C(=O)OOC(OO)(C)C(OO)C1(=O),-6.2014322948389236,-6.322413
C(=O)(O)C(O)(C(OO))C(O)C(=O),-9.105248922553528,-10.099979
C1(=O)OOC(=O)C(=O)C(ON(=O)(=O))C1(OO)C,-4.3663059811665335,-3.6599276
CC(=O)C(=O)OC(OO)C(=O)C(O)(N(=O)(=O))C(=O)(O),-8.67975761989237,-7.8482313
C(ON(=O)(=O))C(OO)(C(=O))C(C(OO))CC(=O),-7.674818532841982,-8.033859
C(=O)(OO)C(O)C(ON(=O)(=O))C(=O)OC(=O)C(=O)(OON(=O)(=O)),-5.143873415452163,-5.2925253
C(=O)(O)C(OO)C(OO)(C(=O)(N(=O)(=O)))OOC(=O),-7.579124431016226,-8.30118
C(=O)(N(=O)(=O))C(=O)OC(OO)C(O)C(ON(=O)(=O))(C)C(=O),-6.656957793107722,-6.566331
C(=O)(O)C(OO)C(ON(=O)(=O))C1(C)OC1(OO)C(=O),-9.250170624617567,-9.170665
CC(ON(=O)(=O))(C)C(OO)(C(=O)C(ON(=O)(=O)))CC(=O)C(=O)(OO),-7.421422944717051,-9.84596
C(OO)C(=O)OC(OO)(C(=O)(OO))C(=O),-7.758013002412099,-6.000526
C(=O)(O)C(=O),-0.9566202764397076,-0.8750786
C(=O)(OO)C(ON(=O)(=O))C1(C(OO))OOC(C1(=O))C(=O),-7.235753010416374,-8.341026
C2(=O)C(ON(=O)(=O))C(ON(=O)(=O))C(O)(C1(O)C)OOC12(O),-7.523554504379717,-8.458266
C(=O)(O)C(ON(=O)(=O))C(ON(=O)(=O))C(C(=O)(OO))(C)C(=O),-6.7241905202645285,-6.6888742
C1(O)(O)C2(N(=O)(=O))OOC1(N(=O)(=O))C(OO)C(O)C2(OO),-9.826050170693634,-10.553701
CC(C(=O)(O))OOC(=O)C(=O)C(=O)(OON(=O)(=O)),-4.997242402009306,-3.8892443
C(=O)(OO)C=C(C(ON(=O)(=O)))C1OC1(O)C(=O),-7.502364435947129,-5.543934
CC(O)C(OO)CC(=O)CC(=O)C(=O)CC(ON(=O)(=O)),-8.770650302414651,-8.495319
C(O)C(C(=O)(O))C1OC1(N(=O)(=O))C(=O)(O),-8.743970970534065,-9.3833
C(=O)(OON(=O)(=O))C=CC1(O)OC1(OO)C(=O)C(=O),-5.772552062720024,-6.1920633
C(=O)(O)C1(C(OO))OC1(O)C(=O)(OON(=O)(=O)),-6.558510294841653,-6.747126
C1C(=O)C(O)(C)C(ON(=O)(=O))CC1(OO)C(ON(=O)(=O))(C)C,-7.822051463473144,-7.7206707
CC(ON(=O)(=O))(C)C(ON(=O)(=O))CC(=O)C(OO)(C)C(=O)(OO),-7.629551443807941,-6.397476
C(=O)(OO)C1OC1C=CC(=O)C(=O)(OON(=O)(=O)),-5.506362396774421,-6.3807697
C(=O)(OO)C(O)C(OO)(C1(O))OOC1(C)C(=O),-10.519922544668589,-8.79275
C(=O)(OO)C(N(=O)(=O))(OO)C(O)(C(=O))OOC(=O)C,-8.086066090669647,-8.860964
C(OO)C1(O)C(=O)OOC1C(N(=O)(=O))(OO),-6.6705462902159525,-6.1706643
C(ON(=O)(=O))C(=O)C(=O)C(O)(OO)C(ON(=O)(=O))OC(=O),-6.233665695182026,-5.7269855
CC(=O)OOC(OO)C(=O)C(=O)(OO),-5.85972433673669,-5.6724567
CC(=O)CC(O)CCC(OO)C(ON(=O)(=O)),-7.268271930829997,-8.06629
C1(O)(O)C(OO)OOC1(C(=O))C(O)C(=O),-9.13790078493048,-7.8152137
C2(=O)C(=O)C(=O)C(ON(=O)(=O))C1OC12(OO),-3.8323715169935895,-4.102848
CC(=O)C1(ON(=O)(=O))OC1(N(=O)(=O))C(=O)C(O)C(=O)(O),-7.068315269634695,-5.1468625
CC(=O)C(ON(=O)(=O))C(=O)CC(O)CCC(OO)C,-8.863001930123573,-7.830821
C1(OO)OC1C(O)(O)C(=O)C(=O)C(=O),-6.845735998879263,-4.996503
C(=O)(OO)C(N(=O)(=O))C(OO)OC(=O)C(=O),-5.7531360688512905,-5.5010476
C1(O)(O)C(ON(=O)(=O))C(OO)C=CC1(=O),-6.89302177978152,-8.268139
C12(O)OC1C(O)(O)C(=O)C(OO)(C)C2(O),-9.79553493717458,-11.033936
CC(=O)C(OO)OOC(C)(C(=O)(O))C(C(ON(=O)(=O)))C(=O),-8.69844037907933,-9.726849
C(=O)(O)C=CC(OO)OC(=O)C(=O)C(=O)(OO),-9.966894150322332,-8.745856
CC(O)CC(ON(=O)(=O))C(=O)C(ON(=O)(=O))C(=O),-5.336859772438402,-4.346589
CC1(C(ON(=O)(=O)))C(OO)CC1C(OO),-5.527334134306784,-5.638595
C(=O)(O)C(=O)C(O)C1(OO)OC1(OO)C(=O),-9.433294598486555,-11.233287
C(=O)(OON(=O)(=O))C(=O)C(OO)=C(N(=O)(=O))C1OC1C(=O),-6.322850255838603,-6.891767
C(=O)(O)C(OO)OC(=O)C(ON(=O)(=O))(C)C(=O)(OO),-8.235483415790895,-7.119296
C(OO)C(=O)C(O)C1OOC(ON(=O)(=O))(C1(O))C(=O),-8.531973633695543,-8.928111
CC(OO)(C(=O))C(O)C1OC1(OO)C(=O),-8.896829680588326,-8.010563
C(=O)(O)C(O)(C(ON(=O)(=O)))C(=O)C(=O)OC(=O),-5.948428318353308,-3.9858897
C1(O)C(C(=O)(O))OOC1(C(=O))C(OO)C(=O),-9.708281553026609,-10.752965
C(=O)(OON(=O)(=O))C(ON(=O)(=O))OOC(C(=O)(O))C(O)C(=O),-6.553289569464141,-6.810172
C(=O)(O)C1(OO)OC1(N(=O)(=O))C=C(C)C(=O),-8.066095459802455,-7.777309
CC1(C)C(OO)C(ON(=O)(=O))C1C(ON(=O)(=O))C(=O)(O),-7.2218039560102625,-7.080155
CC(OO)(C(=O)(O))C(ON(=O)(=O))(OO)C(=O)(O),-9.905232344268825,-9.746169
CC(O)(C(=O)(OO))C(=O)C=CC(=O),-5.954368575749868,-5.77137
C(=O)(OO)C(=O)C(O)C1(C)OC1C(=O)(OO),-8.282471441932557,-9.451106
C(=O)(OO)C1(O)OC1(C)C(OO)C(=O),-7.763182725726892,-9.783583
CC(ON(=O)(=O))(C(=O)(O))C(=O)C(=O)C(OO)C(=O)(OON(=O)(=O)),-6.033168903690694,-5.9287705
C(=O)(O)C(ON(=O)(=O))C1OOC(OO)(C1(=O))C(ON(=O)(=O)),-6.674718866936928,-6.356737
C(=O)(OON(=O)(=O))C1OOC(=O)C1(O)C,-3.3748740080445714,-2.6409237
C(=O)(OON(=O)(=O))C=C(OO)C(=O)C(=O)C(=O),-3.6119271464244775,-3.371307
C(=O)(O)C1(C(OO))OOC(C1(=O))C(ON(=O)(=O))C(=O)(OON(=O)(=O)),-6.869775246625522,-8.336816
C1C(=O)C(OO)(C)OOC1C(=O)C,-4.142835700645264,-4.0085754
C(=O)(O)OC(=O)C(O)C(=O)C(=O)(OON(=O)(=O)),-5.0776799639484125,-4.8764877
C1(O)C(OO)OOC1(C(=O)(OON(=O)(=O)))C(=O)C(=O),-5.383195465053632,-5.520018
CC(OO)(C)C(C(O)(C)C(=O)(OON(=O)(=O)))C(=O)C(=O),-7.4298033020459116,-5.7597866
C(=O)(OO)C(OO)C(OO)(C(=O)(N(=O)(=O)))OOC(=O),-7.127850703900094,-6.4289894
C(=O)(O)C=CC1(ON(=O)(=O))OC1(C(=O)(O))C(=O),-7.572143432428675,-7.233117
C(=O)(OO)C(=O)C(OO)C(O)(C(=O))C(=O)C(=O),-7.745810829007496,-6.3752995
C(ON(=O)(=O))C12OOC(C1(O))C(=O)C(ON(=O)(=O))(OO)C2(=O),-5.942301139614756,-5.544409
C(=O)(OON(=O)(=O))C1OC1(C(ON(=O)(=O)))C(OO)C(=O),-4.342692478827757,-4.514588
C(=O)(O)C1(ON(=O)(=O))OC1C(O)(C(=O)(OON(=O)(=O)))C(O)C(=O),-7.762029258052735,-8.520559
C1(=O)C(=O)OOC1C(ON(=O)(=O))(C)C(N(=O)(=O))(OO)C(=O)(OO),-7.00326379347689,-7.4220963
C1(=O)C(=O)C(N(=O)(=O))C(=O)OOC1C(=O),-2.7522227827707866,-4.3071632
CC1(C(=O))OOC(C1(O)(ON(=O)(=O)))C(=O)C(=O),-5.39094832166893,-5.852799
C(=O)(OO)C(O)(N(=O)(=O))C(ON(=O)(=O))(C)C1OC1C(=O)(OO),-8.639148414357805,-7.1994734
C1(OO)OC1(O)C(OO)C(=O)(OON(=O)(=O)),-4.887476642275942,-5.269521
CC(OO)(C(=O)(O))OC(=O)C(O)C(ON(=O)(=O))C(=O)(OO),-10.273434212654138,-8.913458
C(OO)C(=O)C1OC1(C(OO))C(=O),-6.165225137640391,-7.2910223
C(O)C(=O)C(O)C(=O)C(=O)OC(=O)C(=O)(N(=O)(=O)),-5.544579948869796,-4.9416347
CC(=O)C(ON(=O)(=O))(C(ON(=O)(=O))(C)C)CC(=O)CC(=O),-5.52120899210513,-5.332442
C(=O)(O)C(O)(C(=O)(O))C(=O)OC(=O),-7.143793487769926,-8.173159
CC1(C(=O)(OO))OC1(OO)C(=O)CC(=O),-7.17383787939616,-6.4913535
C(=O)(O)C(O)C(O)C(=O)OC(=O),-6.6336517977943,-6.881723
C(=O)C(=O)C(O)(N(=O)(=O))C(ON(=O)(=O))(C)C(OO)C(=O),-6.78185228511893,-7.927064
c1c(O)cc(O)c(N(=O)(=O))c1,-7.425527402098851,-8.865156
C(=O)(O)C(OO)C(ON(=O)(=O))(C)OOC(=O),-6.331812852833991,-6.0489373
C(=O)C(=O)C(O)(C(=O))C(=O)C(=O),-2.941929775339304,-3.948714
C1(=O)C(=O)OOC1C(=O)C(N(=O)(=O))C(=O)C,-3.6806593508390506,-3.9183447
CC(=O)C(=O)C(OO)C1(ON(=O)(=O))CC(ON(=O)(=O))OOC1(C)C,-7.044670660286101,-5.7155786
C(O)C(O)(C(=O)(OO))C(OO)C(C)(C)C(=O),-10.036468534452979,-8.306804
C(=O)(O)C(=O)OOC(=O)C(ON(=O)(=O))C(=O)C,-5.325066866881571,-4.7380657
C1(=O)C(=O)OOC1(O)C(ON(=O)(=O))C(=O)(OO),-4.88660744920935,-6.2238007
C12C(OO)C(C1(C)C)C(ON(=O)(=O))C(OO)C2(=O),-7.2990982543815335,-7.931459
C(=O)(OO)C=CC(=O)OC(=O),-5.188519523871037,-2.6734593
CC(ON(=O)(=O))(C)C(C(=O)(OO))C(O)(C)C(=O),-6.850281514134167,-5.489271
C(=O)(O)CCC(OO)CC(ON(=O)(=O)),-5.9055267166304475,-6.4950676
C(=O)(O)C1(C(=O))OC1C(N(=O)(=O))=C(OO)C(=O),-8.630175816260362,-9.608794
C(=O)(O)C(N(=O)(=O))(OO)OC(=O)C(=O)CC(=O),-6.297609507547804,-7.734733
CC(=O)C(O)CC(=O)CC(OO)OOC(OO)(C)C,-10.3864319196814,-10.287058
C1(ON(=O)(=O))OC1C(OO)C(O)C(=O)C(=O),-5.562426015063011,-5.7086463
C(OO)C(=O)C1OC1(ON(=O)(=O))C(=O)(OO),-5.410903803718156,-6.375151
C(=O)(OON(=O)(=O))C(=O)CC(C(ON(=O)(=O))(C)C)CC(=O),-4.570395036216723,-5.5338182
C1(O)(O)C(OO)(C)OOC1(O)C(=O)(OON(=O)(=O)),-6.805348941813463,-6.938648
C(=O)(O)CC(=O)OC(OO)C(=O)(OO),-7.865728002567721,-8.7071295
C(ON(=O)(=O))C(=O)C1OC1(C(OO))C(=O),-4.467946132031557,-5.3729277
C(ON(=O)(=O))C(=O)OC(OO)C(=O)C(O)C(=O)(OO),-7.881201870066434,-8.136824
C(=O)(O)C(ON(=O)(=O))C(O)C1(C(=O))OC1C(=O),-7.463491096004873,-7.6090016
C(=O)(O)C(=O)C(O)(OO)C(O)(C)C(=O)C(=O),-9.974178099600977,-12.555719
C(=O)(O)C=CC1(O)OC1(OO)C(=O),-8.474700892151759,-7.6312847
C12OC1(OO)C(O)(O)C(=O)C(OO)(C)C2(O),-10.718179148907439,-7.872938
CC(ON(=O)(=O))(C(=O))C(C(=O)(OO))C(C)(C)C(=O),-5.9411062493491045,-5.933023
C(=O)C(=O)OOC(C)(C(=O))C(=O)C(=O),-3.9322262975356352,-2.2979143
CC(=O)C(ON(=O)(=O))C(OO)(C)C(O)C(=O)(OON(=O)(=O)),-6.0269244501000685,-5.474254
C(O)C(C(=O)(OON(=O)(=O)))C(O)(C)C(=O),-4.940350768004464,-5.739784
C(O)C(=O)C=C(N(=O)(=O))C1(OO)OC1C(=O)(OON(=O)(=O)),-6.840920030387679,-7.1395383
C(=O)(N(=O)(=O))C(=O)OC(OO)C(=O)C(O)(C)C(=O)(O),-8.072189814028206,-7.771399
C(=O)(O)C(=O)C(ON(=O)(=O))(C)C1OC1(ON(=O)(=O))C(=O),-5.806417947083901,-4.6178074
C1(=O)C2(O)OOC1C(OO)C(OO)(C2(O))C(=O),-9.93902708802716,-9.249548
C(=O)(OON(=O)(=O))C1(O)OC1C(=O)C(O)C(=O),-4.782446028530558,-7.020714
C1(=O)C(=O)OOC1C(ON(=O)(=O))C(=O)(O),-4.371665818480324,-4.905866
C1(ON(=O)(=O))OC1(C(OO))C(=O)(OO),-4.759756752661815,-5.9528275
C(=O)(OON(=O)(=O))C(=O)C(C(=O))OOC(=O)C(OO)C(=O),-5.307454806815713,-5.255787
CCCCC(ON(=O)(=O))CC(OO)CCC(ON(=O)(=O)),-5.754225473750012,-5.8333483
C1(=O)C(=O)OOC1C(=O)C(ON(=O)(=O))C(=O)(OO),-4.629390912131839,-3.493536
C(O)C(=O)C(C)C(=O),-2.9516305469030613,-3.372571
C(=O)(O)C(C)(C(=O))OOC=CC(=O),-7.007671272077005,-6.9057283
C(=O)(O)C1OOC(N(=O)(=O))(C1(O)(O))C(ON(=O)(=O))C(=O),-8.118890124611426,-10.140502
CC(ON(=O)(=O))C(OO)C(OO)CC(O),-7.585224966418991,-7.812629
C1(=O)C(OO)C(=O)C(ON(=O)(=O))(C)C(OO)C1(C)C,-7.8445599098004095,-7.399305
C1(ON(=O)(=O))C=CC(O)(C2(O)(OO))OOC12(O),-8.270989321703382,-8.188527
CC(ON(=O)(=O))(C)C(C(OO)(C(ON(=O)(=O)))C(=O)(OO))CC(=O)C(=O),-8.17827934523848,-7.5552783
C(=O)(OON(=O)(=O))C(=O)OOC(C)C(=O),-2.531868960477368,-1.734404
C(=O)(O)C(O)C1(ON(=O)(=O))OC1(OO)C(=O),-6.931255877701915,-7.1576614
C(=O)(O)C=C(OO)C1OC1(C)C(=O)(OO),-9.059347894181883,-9.509274
C(=O)C(=O)C(O)(O)C(ON(=O)(=O))C(OO)C(=O)C(=O),-7.558775449494533,-9.77303
C(=O)(O)C1(OO)OC1C(OO)(C(ON(=O)(=O)))C(=O),-8.507036416313895,-8.31112
C(=O)C(O)C(OO)C(=O)OC(=O)C(=O)C(=O),-6.157402723623818,-7.769271
C(O)C(ON(=O)(=O))(C(=O)(O))C(ON(=O)(=O))(C(=O))C(OO)(C)C,-9.543445466447338,-9.551692
C(=O)(O)CC1CC(ON(=O)(=O))C1(C)C(ON(=O)(=O)),-5.438202706620814,-5.66986
C(=O)(O)C(ON(=O)(=O))C(O)C1OC1C(=O)C(=O)(OO),-8.650348549101182,-10.178192
C1(O)(O)C(=O)OOC1(O)C(O)C(=O)(OO),-7.930180875267979,-9.284359
CCCCC(O)CCC(=O)C(OO),-6.472311702829302,-6.3054075
C(=O)(O)C1CC(OO)(C1(C)C)C(OO)(C)C(=O)(OO),-11.207596474593174,-8.152298
CC(OO)CC(=O)CC(ON(=O)(=O))C(=O)C(=O)C(O),-7.928825132847123,-10.142667
C(=O)(O)C(OO)C(C)(C)C(=O)C(=O)(OON(=O)(=O)),-6.492461347298558,-5.584481
C(O)C(O)(C(=O))C(OO)OC(=O)C(=O),-7.684242575274766,-7.5423965
CC(=O)C(C(=O)(O))(C)C(=O),-4.270353497855922,-3.6687543
C(=O)(OO)C(OO)C(O)C1OC1(C)C(=O),-8.484204292597042,-7.991
C12OOC(C1(O))C(=O)C(O)C2(=O),-6.125273407592431,-6.3983727
CC(=O)C(C1(C)C)CC1CC(=O)(O),-5.269776573349645,-5.2465386
C1(O)C2(O)OOC1C(ON(=O)(=O))C(ON(=O)(=O))(C)C2(=O),-6.596255108707737,-5.6402693
CC(=O)C(=O)OC(OO)C(=O)C(N(=O)(=O))(OO),-6.308394549221248,-5.491667
C(=O)(OON(=O)(=O))C(OO)C1OOC(O)(C1(=O))C(=O),-5.383195465053632,-5.4131227
C(=O)(OO)C1OC1(OO)C(OO)C(=O)C(=O),-7.994340372404622,-6.8991375
CC(O)C(=O)CC(=O)CC(O)CC(ON(=O)(=O))C(OO),-10.685713144088368,-12.038936
C(=O)(O)C(ON(=O)(=O))C(OO)(C(=O)C(=O))OOC(=O),-6.876173977984763,-6.8782
C(=O)(O)CC1C(OO)C(C1(C)C)C(=O)C(OO),-9.943808577079835,-10.496247
C(=O)C(O)C(OO)C1(C(=O)(O))OC1(OO)C(=O),-11.065951361909356,-11.218473
C(ON(=O)(=O))C(C(=O)(OO))C(=O)OC(=O)C(=O)(OON(=O)(=O)),-4.1331985741276185,-4.840464
CC(C)(C(=O)(O))C(ON(=O)(=O))(C(=O))CC(ON(=O)(=O))C(=O)C,-7.3573685630890395,-7.681034
C(O)C(=O)C(=O)C(O)(O)C(OO)OC(=O),-9.13738878525919,-6.1106434
C(=O)(O)C(O)C(OO)(C)OOC(=O)C(=O)(OON(=O)(=O)),-7.486525439779143,-7.139816
CC(OO)C(OO)(C)C(C(=O))C(=O),-7.042084342951512,-6.6109867
CC(OO)(C)C(OO)CC(=O)C(O)(C)C(=O)(O),-11.754262017130714,-9.795335
CC(ON(=O)(=O))(C(=O)(OON(=O)(=O)))C(OO)C(C)(C)C(C(=O)(O))C(=O),-8.77394519049085,-8.197492
C1(=O)C(C(=O)(OON(=O)(=O)))OOC1(C)C(ON(=O)(=O))C(=O),-3.8429274025688756,-3.6755633
C1(O)C(C(=O)(O))OOC1(C)C(O)C(=O)(OON(=O)(=O)),-8.324705689409257,-8.025057
C(OO)C(=O)C1(N(=O)(=O))OC1(OO)C(=O)(OO),-7.174231465739467,-6.35153
C(=O)C1(ON(=O)(=O))OC1C(C(=O)(OON(=O)(=O)))=CC(=O),-4.054782970026736,-3.4579442
C(=O)(OON(=O)(=O))C1(C(=O))OC1(O)C(=O),-2.4639222832665837,-0.8681024
C(=O)(OON(=O)(=O))C(OO)C(=O)C(=O)OC(=O)C,-3.538456063456124,-3.5770435
C(=O)(OO)C(=O)C1(C)OC1C(=O)(OON(=O)(=O)),-4.342379487761264,-2.7878125
C(=O)(OON(=O)(=O))CCC(=O)CCCC(=O),-3.403716848843942,-4.114994
C(=O)(O)C1OOC(N(=O)(=O))(C1(O)(O))C(ON(=O)(=O))(C(O))C(=O),-10.045227759684622,-9.260776
CC(=O)C(ON(=O)(=O))(C(O))C(ON(=O)(=O))(C)C(=O)(O),-6.980820684861101,-6.045836
CC(ON(=O)(=O))(C(=O))C(O)(OO)C1(N(=O)(=O))OC1C(=O),-7.428103530818589,-6.897546
C2(=O)C=CC(C1(O))OOC12C(OO),-6.161223368700121,-7.1728897
C(=O)(O)C1(N(=O)(=O))OC1(C(O))CC(=O)C(=O),-7.215882605741172,-7.871304
C(=O)(O)C(=O)C(ON(=O)(=O))C1OOC(O)(C1(O))C(=O)(OON(=O)(=O)),-7.61790028224641,-7.103674
C(=O)(N(=O)(=O))C1(O)OC1(C(ON(=O)(=O)))C(OO)C(O)C(=O),-8.588812709678677,-9.398005
C(=O)(O)C(ON(=O)(=O))CC(C(ON(=O)(=O))(C)C)CC(=O),-6.772753080849725,-8.176102
C(=O)(OO)C(O)C(ON(=O)(=O))(C(=O))C(=O)OC(=O),-5.545848970709812,-4.737146
C(=O)(N(=O)(=O))C(=O)CC1(O)OOC(=O)C1(O)C(OO),-7.411258698150505,-8.033472
C(=O)(O)C(ON(=O)(=O))C(N(=O)(=O))(OO)C(=O)(OO),-6.4650252354276745,-5.894755
CC(=O)C(O)C(ON(=O)(=O))C1(N(=O)(=O))OC1(OO)C(=O),-7.019450768163551,-5.709609
C1(=O)CC(ON(=O)(=O))C1(O)C,-3.4342079451935206,-3.5375693
C1(=O)C(O)(N(=O)(=O))C(=O)OOC(ON(=O)(=O))C1(OO)C,-5.764764305513381,-5.5477386
CC(ON(=O)(=O))(C)OOC(C(=O)C)C(ON(=O)(=O))C(=O)C(OO)C(=O)(O),-8.640833948332329,-9.340748
C(=O)(OON(=O)(=O))C(O)(OO)C1(O)OC1C(O)C(=O),-8.178119968570627,-9.679215
CC(OO)CC(ON(=O)(=O))CC(=O)CC(=O),-5.917896095012566,-6.079293
C1(O)C(=O)C(=O)C(N(=O)(=O))C(=O)OC1(OO)C,-6.298750675028714,-9.05202
CC(=O)CC(=O)CCCCC(ON(=O)(=O)),-3.5101115828661023,-3.6163259
C(=O)(O)C(=O)C(C(O))C(ON(=O)(=O))(C)C(OO),-8.77579420625625,-9.754735
CC(=O)C(=O)OOC(ON(=O)(=O))C(=O)C(=O)(OO),-5.199899176048348,-4.998735
C(N(=O)(=O))(OO)OOC(C(=O)(O))C(OO)C(=O),-8.141905131544263,-8.471812
C(O)C(=O)C1(N(=O)(=O))OC1(ON(=O)(=O))C(=O)(OO),-5.231901543679214,-5.6796255
C(=O)(N(=O)(=O))C(OO)C(O)(C(=O)(OO))C(=O),-6.161695964849969,-6.767047
C(=O)(O)C(N(=O)(=O))(OO)C(O)(O)C(=O)C(O)C(=O)(OON(=O)(=O)),-9.613442071044119,-5.9615035
C1(O)C(ON(=O)(=O))C(ON(=O)(=O))C(=O)OOC1(O)C(=O)(O),-7.540584264680092,-9.866978
C(=O)C(=O)C(O)C(OO)C(=O)OC(=O)C(=O),-6.157402723623818,-5.9338255
CC(=O)C1(OO)OC1C(=O)C(=O)C(=O)(O),-7.4087888803132955,-6.507895
CC(=O)C(OO)C(=O)C1OC1(OO)C(=O)(O),-9.422688829491563,-9.514159
C1(O)C(OO)(C(=O))OOC1(C(OO))C(O)C(=O),-10.958581515997139,-11.769726
CC(OO)(C)C(ON(=O)(=O))(CC(=O)(O))CC(=O)C(=O)C(OO),-10.80246668021573,-12.481997
C(=O)C(O)C(O)(C)C(=O)OC(=O),-4.973690978353261,-4.259068
CC(=O)C(=O)C(ON(=O)(=O))C(=O)C(=O)(OO),-4.1812694462087165,-4.269549
CC1(C)C(ON(=O)(=O))(C(=O)C(O))C(ON(=O)(=O))C1CC(=O)(O),-7.819976113401026,-5.3687515
C(ON(=O)(=O))C(OO)CCCCC(=O)(OO),-5.685568801685804,-5.0294313
C1(O)C(OO)C(ON(=O)(=O))C2(C)OOC1C2(=O),-6.969595479654799,-5.7795763
C(=O)(N(=O)(=O))C1(O)OC1C(O)C(OO)C(=O)(OO),-9.060593765927479,-9.434449
C(ON(=O)(=O))C(OO)(C(=O))C(=O)C(O)(O)C(=O)OC(=O),-7.650341081255647,-6.877826
C1(=O)C(ON(=O)(=O))OOC1(ON(=O)(=O))C(OO)(C)C(=O),-4.700170897081534,-4.2080746
CC(=O)C(=O)CC(ON(=O)(=O))(C(OO)(C)C)C(O)C(=O)(OON(=O)(=O)),-7.878447490909821,-7.5737076
C(ON(=O)(=O))C(ON(=O)(=O))C(O)(C(=O)(OO))C(=O)C(=O)C,-6.061721880401819,-6.033587
C(OO)C(=O)C(ON(=O)(=O))(C(=O)C(=O)(OO))OOC(=O),-6.906960040539616,-7.1103873
C(=O)(N(=O)(=O))C(OO)C(O)(C)C(=O)(O),-7.092658609201408,-7.1151533
C1(O)(OO)C(N(=O)(=O))(OO)OOC1(C)C(=O),-7.14034496181057,-6.719327
CC(=O)C(=O)C(C)(C(ON(=O)(=O)))C(ON(=O)(=O))(C)C(=O),-4.994893528533794,-4.0605903
CC1(C)C(C(=O)(O))C(ON(=O)(=O))C1C(OO)(C)C(=O)(OON(=O)(=O)),-7.757675211079004,-7.9050016
CC(=O)C(C(=O)(O))OOC(=O)C(OO),-6.917344328511263,-7.167736
CC(=O)C(O)C(OO)C(C(=O)C)CC(=O)(O),-9.787246299705657,-10.515467
C(=O)C1OOC(O)(C(=O)C(=O))C1(O)C,-6.776420841125855,-8.9196615
C1(=O)C(C(=O)(O))OOC1(C(O))C(ON(=O)(=O))C(=O),-7.417285884994271,-7.5115333
CC(=O)C(ON(=O)(=O))CC(OO)(C(OO))C(C)(C)C(=O)(OO),-10.267196287320985,-8.099069
C(=O)(OO)C1(O)C(C(=O))OOC1C(O)C(=O),-8.76525427088518,-9.550116
C(O)C1(C(=O)(O))OC1(O)C(N(=O)(=O))=CC(=O)(OON(=O)(=O)),-8.761361949924321,-9.091755
CCCC(O)C(=O)CC(=O)CC(=O)C,-5.221097766241201,-5.2949033
CC(OO)(C(OO))C(ON(=O)(=O))(C(=O))C(=O),-6.907293029509674,-6.43615
C(=O)C(=O)C(=O)C(O)(O)C(N(=O)(=O))(OO)OC(=O),-6.776397794636978,-7.813484
C(=O)(OON(=O)(=O))CC(OO)C(C)(C(OO))C(C)C(=O),-7.502288751135893,-8.849048
C1(OO)OC1C(O)C(OO)(C(OO))C(=O)(OON(=O)(=O)),-8.088126581981669,-8.24851
C(=O)C(ON(=O)(=O))C1(O)OOC(OO)C1(O)C(=O),-7.6277318912707415,-5.244765
CC(=O)C(C(=O)(OON(=O)(=O)))C(C)(C)C(O)CC(=O)(OON(=O)(=O)),-5.805025509583174,-6.1846356
C(=O)(O)C1(O)OC1C(O)C(ON(=O)(=O))C(=O)C(=O)(OO),-9.893292880419267,-11.931535
CC(ON(=O)(=O))CC(=O)CC(ON(=O)(=O))C(=O)C(=O)CC(O),-7.624911915801931,-8.486837
C12OOC(C2(O)(OO))C(ON(=O)(=O))C(O)(OO)C1(=O),-8.566222680923147,-9.2509165
C(=O)(O)C=CC1(N(=O)(=O))OC1(O)C(=O)(OO),-8.650138442590105,-7.2556777
C(O)C(ON(=O)(=O))(C(=O)(OON(=O)(=O)))C(=O)C(=O),-2.590695253677495,-2.402305
C(OO)C1CC(OO)(C(=O)(OO))C1(C)C,-7.611441622014809,-8.016663
CC(O)CCC(=O)CC(=O)CCC(OO),-7.7657207064658,-7.5942116
CC(OO)C(ON(=O)(=O))CC(=O)C(=O),-4.691958209519271,-4.158458
CC(OO)C(C)(C)C(C(=O)(OO))C(=O)(OON(=O)(=O)),-5.56112776331247,-6.528725
CC(C(=O)(OO))C1(N(=O)(=O))OC1(O)C(=O)(OO),-7.75342447543062,-4.868966
CC(=O)C(=O)C(OO)CC(OO)(C)C,-6.995833657105322,-6.35337
C1(=O)C(=O)CC(=O)C(=O)C1(OO)C(ON(=O)(=O)),-4.702935142271599,-6.0600038
CC(=O)C(OO)(C1(C)C(ON(=O)(=O)))CC1(ON(=O)(=O))C(OO),-7.787781833665576,-7.9152565
C12OOC(C2(=O))C(ON(=O)(=O))C(OO)(C1(O))C(=O)(OON(=O)(=O)),-6.118843111804381,-5.9717665
C(=O)(OO)C(=O)OOC(C(=O))C(=O)C(=O),-5.2646180587071285,-5.051282
C(=O)(OON(=O)(=O))C(=O)C(O)C1OOC(C1(O)(OO))C(=O),-7.843407804042272,-6.5217676
CC2(O)C(=O)CC1CC2(ON(=O)(=O))C1(C)C(ON(=O)(=O)),-5.235361934440789,-5.4169154
C(O)(N(=O)(=O))C(=O)(OO),-2.6587606021578267,-3.4828353
C(=O)(N(=O)(=O))C1(O)OC1(C)C(OO)C(=O)(OON(=O)(=O)),-5.241605937633722,-5.2290025
CC(OO)(C)C(C(=O)C(O))C(OO)C(=O)(O),-11.204906437869795,-11.584244
C(=O)(OO)C(=O)C(OO)OC(=O)C=CC(=O),-7.927283167180576,-8.136844
C(O)C(ON(=O)(=O))(C(=O)(O))C(C(ON(=O)(=O)))C(=O)C,-6.980820684861101,-7.6664515
C(=O)C=C(C)C(=O)C(=O),-2.515286179641407,-1.6433051
C(=O)C(=O)C(=O)C(OO)(C1(=O))OOC1C(=O),-5.032265238484797,-5.527205
C(=O)(O)C(=O)OC(OO)C(ON(=O)(=O))(C(ON(=O)(=O)))C(=O)(OO),-8.548583282279196,-8.574894
C1(=O)OC1C(ON(=O)(=O))C(OO)(C)C(=O)(OON(=O)(=O)),-4.196707304598476,-3.6808767
C1(OO)OC1(C)C(O)C(ON(=O)(=O))C(=O),-5.933271494873679,-5.7382545
C12(O)OOC(O)(C1(O)(N(=O)(=O)))C(=O)CC2(OO),-8.482035270511915,-6.503211
C(=O)(OON(=O)(=O))C(=O)OC(OO)(C(=O))C(=O)CC(=O),-4.51375010953052,-5.3770733
C(=O)(O)C(=O)C1(O)OC1(O)C=CC(=O),-8.748152078035673,-9.38322
C(ON(=O)(=O))C(=O)C(=O)C(=O)C(=O)C(=O)(OON(=O)(=O)),-1.9179276732729704,-2.0337644
C(=O)(OON(=O)(=O))C(ON(=O)(=O))C(OO)C(C)(C)C(C)C(=O),-6.246043088728584,-5.585554
C(=O)(O)C(OO)C(O)(C)C(=O)C(=O)C(=O),-8.381140433487417,-7.406648
C1(O)(O)C(=O)OOC1C(OO)C(ON(=O)(=O))C(=O)(OO),-8.894272999739314,-7.1774917
CC(ON(=O)(=O))(C(O))C(OO)CC(=O)C(=O),-6.937410747456397,-6.8452353
CC(=O)CC(ON(=O)(=O))CC(=O)C(ON(=O)(=O))CC(=O)(O),-6.99167431479691,-8.666253
C(=O)(N(=O)(=O))C(=O)C(=O)OC(OO)(C)C(=O)(OO),-5.221987638794417,-3.671117
CC(=O)C(=O)OOC(C(=O)(OON(=O)(=O)))C(O)C(=O),-4.893104355579453,-5.312206
C(=O)(O)CC(=O)C(OO)CC(=O)CC(ON(=O)(=O)),-8.061517225514763,-9.89006
C(=O)(O)CC(OO)C(O)(C)C(=O)C(=O)(OON(=O)(=O)),-7.714802138430969,-6.927415
C(ON(=O)(=O))C(=O)C(OO)(C)C(C(=O))C(ON(=O)(=O))(C)C,-6.887582080817992,-7.608425
C(=O)(O)C(O)C(O)(C(=O)(OO))OOC(=O),-8.628336778363519,-9.706476
C(=O)(O)C(C(=O)(O))C(C)(C)C(=O),-6.942586461792871,-6.943619
CC(=O)C(=O)C(=O)C(ON(=O)(=O))(C)C(OO)(C(ON(=O)(=O)))C(OO),-7.796057581264904,-7.122361
C(=O)(OON(=O)(=O))C(ON(=O)(=O))C(OO)C(O)(C)C(C(=O))C(=O)C,-7.467026392014304,-7.86435
C(=O)(OON(=O)(=O))C(O)C(C(=O)(OO))OOC(=O)C(=O),-6.070201825769345,-6.8089185
C(=O)(O)C(OO)C(=O)C(=O)OOC(=O),-5.879816229065,-5.3253694
C(=O)(OO)C(N(=O)(=O))C(=O)C1(C(O))OC1C(=O),-6.723816993541732,-6.7505426
C(=O)C(=O)C(O)(O)C(N(=O)(=O))(OO)OC(=O),-6.423408897896934,-5.7651534
C(=O)(O)C(=O)C(O)C(=O)OC(=O)C(=O),-5.763576974017269,-5.1910725
C(=O)(O)C(C(=O))OOC=CC(=O),-6.603331502115452,-7.0270348
CC(O)(C(=O)(O))C(C(ON(=O)(=O)))C(=O)C(ON(=O)(=O)),-6.980820684861101,-6.0880947
C(=O)(OO)CC(=O)C1(OO)OC1(ON(=O)(=O))C(=O),-6.170975923826063,-5.514931
C(=O)(O)C(=O)CC1OC1C(=O)(O),-6.9647282268474555,-7.4609075
C1(=O)CC(OO)(C(OO)(C)C)C(ON(=O)(=O))C(=O)C1(ON(=O)(=O))C,-8.34973375316531,-7.9600906
C(=O)(O)C(OO)(C(=O))OC(=O)C(ON(=O)(=O))C(=O),-6.672108044868764,-7.1436963
CC(=O)C(O)C(ON(=O)(=O))C(OO)CC(=O)(OO),-7.767717051036016,-8.906935
C(=O)C(=O)C(O)(O)C(N(=O)(=O))(OO)C(OO)C(=O)C(=O),-9.134524170151053,-8.955597
C1(=O)C(O)(O)C(OO)OC(=O)C(ON(=O)(=O))C1(ON(=O)(=O))C(O),-8.601403499917069,-9.026985
C(=O)(O)C(N(=O)(=O))=CC1(C(OO))OC1C(=O)(O),-9.576488414804771,-10.353917
C(ON(=O)(=O))C(=O)C(C)(C(O))C(ON(=O)(=O))(C(=O))C(=O)C,-6.464755820879873,-6.8325925
C(=O)(O)C(O)C(OO)(C)C1(O)OC1C(=O)(OON(=O)(=O)),-9.501887884254757,-7.073025
C1(ON(=O)(=O))C(OO)OOC(=O)C(OO)C1(ON(=O)(=O))C,-6.209142621739375,-5.150355
C1(=O)OC1(OO)C(=O)C(O)C(=O)(O),-7.671067571122876,-8.649301
C(=O)(O)C(=O)C(O)(OO)C(=O),-5.630389739347265,-5.84015
C1(=O)OC1C(O)C(ON(=O)(=O))(C(OO))C(=O),-6.509531040339425,-6.7928405
C12OOC(C1(O))C(OO)C(O)(OO)C2(N(=O)(=O))(ON(=O)(=O)),-9.028200328337334,-9.051627
C(O)C(ON(=O)(=O))(C(=O)(OO))C(=O)C(=O)C(=O),-5.1959420121102085,-5.0198374
CC(OO)(C)C(OO)CC(=O)C(=O)(O),-8.845148189205247,-8.558839
C1(O)(O)C(N(=O)(=O))(OO)OOC1(C(O))C(=O),-7.923748053735835,-7.871638
CC(=O)CCC(=O)C(ON(=O)(=O))C(=O)CC(OO)C(O),-8.770650302414651,-8.792783
C(O)C(OO)(C(=O)(OO))C(ON(=O)(=O))C(=O)OC(=O)C(=O),-8.065970208769613,-8.883052
C(O)C(=O)OOCC(=O)(OO),-4.753139351137179,-6.960329
C(O)C(O)(C(=O)(OO))C(OO)C1OC1C(=O),-9.881443745262004,-9.77736
C(=O)(O)C(C(=O)(OON(=O)(=O)))OOC(=O)C(=O)C(=O),-4.969393868181214,-4.6882944
C12OC1C(O)(O)C(=O)C(OO)(C)C2(O),-8.915365258693328,-6.3203635
C1(=O)OC1C(O)(O)C(=O)C(ON(=O)(=O))(C)C(=O)(O),-7.799339060201419,-7.281966
C(=O)(O)C(=O)C(ON(=O)(=O))C1(O)OC1C(=O)(OO),-7.641657235957609,-7.1366487
CC(=O)C(=O)CC(ON(=O)(=O))C(OO)(C)C,-5.677967798728787,-4.3041053
C(=O)(O)C(=O)C(=O)C(O)C(ON(=O)(=O))(C)C(=O)(OON(=O)(=O)),-5.5566336282963675,-5.966186
CC(=O)C(N(=O)(=O))(OO)OC(=O)C(OO),-5.737413075058157,-4.704715
C(=O)(O)C=CC(OO)(C(=O)(O))OC(=O),-8.737819975230195,-9.381485
C(=O)(OO)C1(N(=O)(=O))OC1(O)C(=O)CC(=O),-6.032159795438929,-5.5941424
CCC(=O)CC(ON(=O)(=O))CCC(=O)C(ON(=O)(=O))C,-5.339332695655685,-5.7353954
CC(=O)C(OO)C(O)C(=O)C(O)C(=O)(OON(=O)(=O)),-6.90774509336552,-6.351134
C(ON(=O)(=O))C(=O)C(C)(C)CC(=O)(OON(=O)(=O)),-3.3016550715619815,-3.2437956
C(O)C(=O)OOC(ON(=O)(=O))(C(=O))C(=O)C(=O)(O),-6.703065547946153,-6.3031764
CC(=O)C(=O)OOC(OO)(C(=O)(OON(=O)(=O)))C(ON(=O)(=O))C(=O),-5.2046067844316894,-6.3037033
C(=O)(O)C(=O)OC(=O)C(ON(=O)(=O))C(=O)(OON(=O)(=O)),-3.6827709546791993,-3.5714362
C1(O)(O)C(=O)OOC1C(O)C(ON(=O)(=O))C(=O)(OON(=O)(=O)),-5.981813101114312,-6.041041
C(=O)(O)C(O)C1(O)OC1C(=O)(OO),-8.571111494776687,-8.986551
C(=O)(OON(=O)(=O))C(O)(O)C1(C(O))OC1(O)C(O)C(=O),-9.312710771483125,-10.485408
C(=O)(N(=O)(=O))C(=O)OC(=O)C(OO)(C)C(=O)C(=O),-4.0898867949536,-4.0421276
C(=O)(O)C(OO)C(ON(=O)(=O))(C1(O)(O))OOC1(N(=O)(=O))C(=O),-9.445565712285315,-10.246425
C(O)C1(O)C(=O)OOC1(OO)C(ON(=O)(=O))C(=O),-7.443874966887051,-8.288442
CC(=O)C1CC(C(=O)(OON(=O)(=O)))C1(O)C,-4.19567418508359,-4.403353
CC(ON(=O)(=O))(C(=O)(OO))C(C(=O)(O))C(ON(=O)(=O))C(=O),-6.7241905202645285,-7.229548
C(O)C(=O)OC(OO)C(=O)C(N(=O)(=O))(ON(=O)(=O)),-5.705886804879356,-5.491887
C(OO)C(=O)C(C)(C)C(ON(=O)(=O))(C(=O)(O))CC(=O)(OO),-9.402687591400536,-10.419907
C12OOC(OO)(C1(O))C=CC2(=O),-5.971452495363337,-6.2239995
CC(=O)C(OO)(C(ON(=O)(=O)))C(C)(C)C(=O)CC(=O)(OO),-8.65314489582397,-8.070704
C(=O)(O)C(N(=O)(=O))C(OO)OC(=O)C(=O),-6.1008247770528214,-6.0246906
C1(=O)OC1(C(O))C(OO),-5.255906811103614,-4.3258634
C(O)C(=O)C(=O)C(N(=O)(=O))C(=O)OC(=O)C(=O),-4.554350044078092,-4.550988
C(=O)(O)C1OC1(OO)C(O)C(OO)C(=O)C(=O),-10.806290682845429,-10.479086
CCCCCCCCC(=O)(O),-3.978816118313034,-3.2603076
C(=O)(N(=O)(=O))C(O)C(OO)(C)C(=O)(OO),-6.11483889666988,-6.7966056
CCCCC(=O)CC(=O)CC(OO)C(OO),-8.100296990714014,-7.5804048
CC(=O)CC(ON(=O)(=O))C(ON(=O)(=O))CC(O),-5.416206799061911,-5.8488846
CC(=O)C(ON(=O)(=O))CCC(=O)CC(OO),-5.677967798728787,-6.2044206
C(ON(=O)(=O))C(OO)(C(=O)(OO))OC(=O)C(=O)C(=O),-6.275146473323275,-5.113306
C1(=O)OC1C(ON(=O)(=O))(C(=O)(OO))C(O)C(=O)(OO),-7.503442024798005,-7.7588654
C(O)C(=O)C(OO)OC(=O)C(ON(=O)(=O))C(=O)(OO),-7.881201870066434,-8.180399
C(O)C(=O)C(ON(=O)(=O))C(C(=O)(O))OOC(=O)C(=O)(OON(=O)(=O)),-6.690965753969522,-8.33448
C12(O)OOC(OO)(C1(O))C=C(N(=O)(=O))C2(=O),-8.110169204396698,-6.8587203
C(=O)(OO)C1OC1(OO)C(C(=O)(OON(=O)(=O)))=CC(=O),-7.171920540145948,-6.745771
C(ON(=O)(=O))CC(=O)C(ON(=O)(=O))C(=O)CCC(=O)(OO),-5.510761368334897,-6.3554354
C(OO)C(=O)C(=O)C(C(O))(C)C(=O)(OON(=O)(=O)),-5.71180209375234,-5.552394
CC(=O)C1CC(OO)(CC(=O)(O))C1(C)C(=O),-8.229692246068225,-8.753856
CC(=O)CC(O)CCC(ON(=O)(=O))CC(=O)C,-6.20936668159311,-7.3634825
CC(=O)C(=O)C(O)C(OO)OC(=O)C(=O)(OO),-8.504239337749823,-7.8004065
CC(ON(=O)(=O))C(=O)C(C)(C)C(ON(=O)(=O))(C(=O)(O))C(=O),-6.907918293745752,-7.242393
C(O)C(=O)C1OOC(O)(C1(O)(N(=O)(=O)))C(=O)C(=O),-8.014607824552968,-6.0930433
C(=O)(OON(=O)(=O))C1OC1C(ON(=O)(=O))C(OO)(C)C(=O),-5.081784467363832,-5.255572
CC(=O)C(C(=O)C)CC(OO),-3.871062584178617,-3.736672
C(=O)(OO)C(O)(N(=O)(=O))C(O)(C(=O))OOC(=O)C,-7.786157627237571,-8.263619
CC1(O)C(=O)OOC1C(N(=O)(=O))C(=O)C(=O)(O),-7.176777017726636,-6.975778
C1(O)(N(=O)(=O))C(=O)OOC1C(OO),-4.491967715642659,-4.368449
C(=O)(O)CC(=O)C1(C)OC1(OO)C(=O),-7.467060617782408,-6.3983426
C(=O)(O)C1OOC(OO)(C(ON(=O)(=O))C(=O))C1(O)C(=O),-9.108104695657858,-8.989961
C(=O)(OON(=O)(=O))C1(ON(=O)(=O))OC1(O)C(C)C(=O),-4.033673393957997,-3.687048
C(=O)(OO)C1(O)OC1(N(=O)(=O))C(C)=CC(=O)(OO),-9.204476831259399,-8.072305
C(O)C(=O)C(ON(=O)(=O))C(C)(C)C(C(=O)(OO))C(=O)(OON(=O)(=O)),-6.5146282104688,-6.5710745
C(=O)(N(=O)(=O))C1(OO)OC1C(=O)(OO),-4.933643862718327,-5.278557
C1(=O)C(=O)CC(OO)OC(=O)C1(O)C(=O),-6.003587390073335,-3.125035
C(=O)(O)C1OC1C(ON(=O)(=O))(C(OO))C(O)C(=O)(OON(=O)(=O)),-7.951064212188612,-8.690983
C(=O)C(=O)C(=O)C(OO)=CC,-4.538942448255511,-3.0646212
C(=O)(OO)C(N(=O)(=O))(ON(=O)(=O))C(O)(O)C(=O)C(=O)C(=O),-6.491117301219674,-5.176581
CC(=O)C(ON(=O)(=O))(C1(C)C(O))CC1CC(=O),-5.844478618959329,-5.9410267
CC(OO)(C)C(ON(=O)(=O))(C(O)C(=O)(OO))CC(=O),-8.670036622236694,-5.7165713
CC(=O)C(=O)CC(OO)(C(O))C(ON(=O)(=O))(C)C(OO),-9.612571756149919,-8.628437
C(=O)(OO)C(ON(=O)(=O))C(O)(C(OO))C(=O)OC(=O)C(=O),-8.065970208769613,-7.183359
C(OO)C(OO)C(C)(C)C(=O)C(ON(=O)(=O))C(=O),-7.947614805978446,-6.967231
C(ON(=O)(=O))C(=O)CC(O)C(ON(=O)(=O))CC(=O),-5.336859772438402,-7.3109145
C(=O)(N(=O)(=O))C1OC1C(OO)(C)C(=O)(OO),-6.255699863939753,-6.706679
C1(ON(=O)(=O))OC1(O)C(OO)C(ON(=O)(=O))C(=O)(OO),-6.496521241010214,-6.9998455
C12OOC(C1(O))C(O)(OO)C(ON(=O)(=O))C2(OO),-9.359844432245154,-10.568259
C(=O)(O)C(ON(=O)(=O))C1OC1(C(=O)(OON(=O)(=O)))C(=O),-4.9556416082650685,-4.833173
CC(=O)C(OO)C(OO)OC(=O)(O),-8.133324718524364,-7.620409
C(=O)CCC(O)C(=O),-3.3132055849480366,-3.749144
C(=O)(O)C(OO)C(C(=O)(O))C(C)(C)C(=O),-9.656042087021433,-9.860459
C(=O)(O)CC(ON(=O)(=O))C(C)(C(=O))C(OO)C(=O)C,-8.702025398624755,-9.324128
C2(ON(=O)(=O))C(O)C(OO)C1(C(=O)(OO))OOC2C1(=O),-8.494888144636207,-9.645079
C(=O)(N(=O)(=O))C1(O)OC1C(OO)C(O)C(=O)C(=O)(OON(=O)(=O)),-7.055092765215704,-6.8831024
C(=O)(O)CC(ON(=O)(=O))(C(O))C(C)(C)C(=O)(OON(=O)(=O)),-6.923197316302321,-7.028883
C(=O)(O)OOC(C(=O)(O))C(=O)C(=O),-7.432028081261251,-6.6133175
C(=O)(OO)CC1(O)OC1(OO)C(=O)(OO),-8.384304689880082,-7.8199077
C(=O)(O)C1(C(=O))OC1C=C(=O),-4.8533712226776515,-4.2094574
C(ON(=O)(=O))C1C(ON(=O)(=O))C(OO)C1(C)C(=O)(OO),-6.343084481201458,-9.6010475
C(=O)(OON(=O)(=O))C(O)(N(=O)(=O))C(O)(C1(O)(O))OOC1(C)C(=O),-8.094665203050681,-9.1590605
C(=O)(OON(=O)(=O))C(OO)C(ON(=O)(=O))(C)C(O)C(=O),-5.603305730558077,-6.053198
CCC(OO)CC(ON(=O)(=O))CC(ON(=O)(=O))C(O),-7.397014842432782,-6.6620717
C(=O)(O)C(=O)C(OO)C(ON(=O)(=O))C(O)C(=O)C(=O),-8.098496205212541,-6.179919
C(ON(=O)(=O))C(=O)C(O)(C)C(=O)(OO),-4.687759073839516,-3.1754315
C12OOC(C1(O))C(O)(OO)C(=O)C2(OO),-9.28592461471544,-8.334965
CC(OO)(C)C(C(=O)(OON(=O)(=O)))C(O)C(=O),-6.143379352070497,-6.006869
CC(ON(=O)(=O))(C(=O)(O))C(=O)C(C)(C)C(C(OO))C(=O)(OO),-10.071551550643562,-9.175542
CC(=O)OC(O)C(=O)C(O)(N(=O)(=O))C(=O)(OO),-7.396559763694768,-7.127921
CC(OO)(C)C(C(ON(=O)(=O))(C(O))C(=O)(O))CC(=O)C(=O),-10.563907488119185,-10.375162
C1(O)C(OO)OOC1(OO)C(ON(=O)(=O))(C(=O)(OON(=O)(=O)))C(=O),-7.372641174431465,-6.9625454
CC(OO)(C)C(O)C(ON(=O)(=O))(C)C(=O)(O),-8.428690724646458,-7.1006155
CC(=O)C(=O)C(O)(C)C(C(ON(=O)(=O)))C(OO),-7.408508284967866,-6.245858
C(=O)C(=O)C(O)(OO)C1(C(O))OC1C(=O),-8.218361473469486,-7.552563
C(=O)(OON(=O)(=O))C=C(C)C1(O)OC1(ON(=O)(=O))C(=O),-5.2951483942815685,-3.7540717
C(=O)(O)C(=O)OOC(C)(C(=O)(OO))C(O)C(=O),-9.264907754921296,-8.252946
C(=O)(O)C1(C(ON(=O)(=O)))OC1C(=O)C(=O),-4.945633990302213,-4.682508
CC(=O)C(ON(=O)(=O))C(O)(C)C(ON(=O)(=O)),-4.680931717809472,-3.7450256
C(=O)(O)C(OO)C(OO)(C)OOC(=O)C(=O),-9.071004871339483,-7.9389777
CC(O)(C(=O)(O))C(=O),-4.910684770740318,-3.8823147
C1(OO)OC1(C)C(=O)CC(=O)(OO),-6.42921727372368,-4.456156
C(=O)(O)C1OC1(ON(=O)(=O))C(C)C(=O),-5.132417310585879,-4.8835816
C(=O)(O)C(=O)C(C(O))C(C)(C)C(=O),-6.966205480513054,-8.14043
C(OO)C(ON(=O)(=O))(C(=O))C(C(=O))CC(=O),-5.981244382207024,-5.980378
C(=O)(N(=O)(=O))C(OO)OC(=O)CC(=O)(O),-5.589310856837528,-6.3338284
CC(=O)C1OC1(O)CC(=O)(O),-6.170956876517266,-6.9193053
C1(OO)OC1C(O)(O)C(=O)C(O)C(=O)C(O),-10.12215439006468,-10.759945
CC(OO)(C(=O)(OON(=O)(=O)))OC(=O)C(=O)C(ON(=O)(=O))C(=O),-4.685684345434311,-4.4522543
CC(=O)C(C(O))C(C)(C(=O)(OON(=O)(=O)))C(=O)C(ON(=O)(=O)),-5.946335698299663,-6.9987407
C(O)C(C(=O)(O))OOC(=O)C(OO)C(=O),-8.673680131416404,-9.113045
C1(O)(O)C(ON(=O)(=O))(C(=O))OOC1(C(=O)(O))C(OO)C(=O),-9.948426823612863,-10.966935
C1OC1(OO)C(=O)C,-2.1397884822454216,-2.3300326
C(O)C(=O)C=C(=O),-2.0141217552609305,-3.5185595
C12OOC(C1(O))C(OO)=C(OO)C2(OO),-10.55013254822461,-9.917926
C(=O)(O)C(=O)C(=O)C1(C)OC1C(=O)(OO),-7.538863618132382,-6.941211
C(=O)(O)C1OC1C(OO)(C)C(ON(=O)(=O))(OO)C(=O)(OO),-10.633097051904315,-12.09953
C(=O)(O)C1(C(=O))OC1C=CC(=O),-6.012883171664271,-5.847722
C(=O)C(OO)C1(C(=O)(OON(=O)(=O)))OOC(=O)C1(O)(O),-6.513064837603906,-7.119552
C1(=O)OOC(ON(=O)(=O))C(=O)C(O)(OO)C1(ON(=O)(=O))C,-5.855000757245762,-6.6159725
CC(=O)C(OO)C(=O)C(C(=O))C(C)(C)C(=O),-6.4969561591919955,-7.16051
CCC(=O)CC(ON(=O)(=O))C(ON(=O)(=O))CC(OO)C(=O)C,-7.804550150440264,-7.641404
CC(=O)CC(ON(=O)(=O))C(O)CCC(OO)CC,-8.10243500228944,-7.6733003
C(=O)(O)C(ON(=O)(=O))(C(ON(=O)(=O)))C(OO)OOC(=O),-6.433479190517119,-6.7623677
C(=O)(O)C(OO)=CC1(C)OC1C(=O)(OO),-9.059347894181883,-10.1559105
C(=O)(O)C(O)C(ON(=O)(=O))(C)C1OC1C(=O),-7.216098563064861,-6.958438
C12(O)OOC(O)(C1(O))C(N(=O)(=O))=CC2(N(=O)(=O))(OO),-9.149131111571023,-7.47585
C2(=O)C(=O)C(ON(=O)(=O))C(OO)(C1(O)C(ON(=O)(=O)))OOC12,-5.942301139614756,-5.8463945
C(O)C(C(=O))C1(O)OC1(OO)C(=O),-7.732627465798487,-7.5900407
C(=O)(OO)C(ON(=O)(=O))C(ON(=O)(=O))(C)C(=O)C(=O)C(=O),-4.82753337036911,-5.1318836
C(=O)(OON(=O)(=O))C(=O)C1(ON(=O)(=O))OOC(OO)(C(=O))C1(O)C,-6.2025026503342815,-4.4051394
C2(=O)C(ON(=O)(=O))C(ON(=O)(=O))C1(O)OOC2(OO)C1(=O),-4.652918623230107,-4.320479
C1(O)C(=O)OOC1(O)C=CC(=O)(O),-7.994729908736645,-8.205062
C(=O)(OON(=O)(=O))C(=O)C(=O)C(=O)CC(=O)C(OO),-4.064694085502197,-5.2524095
C(=O)(OO)C(C(=O))C1(ON(=O)(=O))OC1(OO)C(=O),-6.157812716360695,-4.9870796
C(=O)(OON(=O)(=O))C(N(=O)(=O))=CC(C(=O)(O))OOC(=O),-5.475581905783201,-6.511821
C(=O)C(C(=O))=CC1(O)OC1(=O),-6.284542437185337,-9.27103
C(=O)(O)C(N(=O)(=O))(ON(=O)(=O))C(C)(C(=O)(OO))OOC(=O)C(=O),-7.80817336758173,-7.1777587
C(=O)(OON(=O)(=O))C(=O)C1(OO)OC1C(=O)C(=O),-3.4430579786849194,-3.0430505
C12OC1C(O)(OO)C(ON(=O)(=O))C(=O)C2(O)(O),-8.109828350980479,-7.5506706
C(=O)(OO)C1OOC(OO)(C1(O))C(ON(=O)(=O))(C)C(=O),-8.984654125535144,-8.809038
C(=O)(OO)C(O)C(=O)C(O)C(=O)(OO),-7.223941343294882,-7.278204
C(=O)(O)C(=O)C(O)C(OO)C1OC1(N(=O)(=O))C(=O)(O),-11.342514052542356,-10.704203
CC(O)C(=O)CC(=O)C(=O)CCC(=O)(OON(=O)(=O)),-5.664506870279183,-6.328281
C(=O)(O)C(=O)C1(C)OOC(OO)(C1(O))C(=O),-9.275958933894799,-7.513896
C(=O)(O)C(OO)C(ON(=O)(=O))C1OC1(C(=O)(N(=O)(=O)))C(=O),-7.55629642351596,-7.171042
CC(=O)C(OO)C(=O)C1OC1C(=O)(O),-7.568659387478874,-7.825431
C(=O)(O)C(OO)C(ON(=O)(=O))C=CC(=O)C(OO),-9.609907965159437,-10.004865
C1(=O)C(O)C(ON(=O)(=O))C(OO)C(ON(=O)(=O))C1(O)C,-7.348006803221324,-3.2872682
C2(O)(O)C(=O)C(O)C(OO)C1OC12C(=O)(OON(=O)(=O)),-7.925909876129481,-6.841567
C(ON(=O)(=O))C(=O)C(=O)C(O)(OO)C(=O)C(=O),-4.88446872767372,-4.732127
C(OO)C(=O)C(ON(=O)(=O))C(=O)C(OO)OC(=O)C(=O),-6.71173618038074,-7.2100163
C(=O)(OO)C(O)C(O)(C(=O))OOC(=O),-6.752101904889969,-5.5925794
CC(OO)(C(ON(=O)(=O)))C(C(OO))C(=O)C(=O)C,-7.643778756613756,-7.051121
C(=O)(O)C(O)C(ON(=O)(=O))C(O)(C)C(=O)(OON(=O)(=O)),-6.754838758652568,-6.026652
C(=O)(O)C(N(=O)(=O))(OO)C(O)(C1(O))OOC1C(=O),-9.780743383735626,-12.284455
C(=O)(O)C(C(=O))=C(=O),-2.4921149283054547,-1.9589233
C(=O)(O)C=C(C)C(=O)OC(=O),-3.8466195080122816,-3.6855252
C1(O)(O)C(N(=O)(=O))(OO)OOC1(N(=O)(=O))C(O)C(=O)C,-8.127663554175342,-8.309464
C(=O)(OO)C=C(C(ON(=O)(=O)))C1(OO)OC1C(=O)(OON(=O)(=O)),-7.09842999237344,-7.6355796
CC(=O)C(=O)CC(OO)(C(OO)(C)C)CC(=O)(OO),-10.097379362297033,-9.785116
C(=O)(O)C(=O)OOC(C)(C(=O)(OON(=O)(=O)))C(O)C(=O),-7.081551902346291,-7.189069
C1(N(=O)(=O))C(=O)OOC(C)(C(=O)(O))C(OO)C1(=O),-7.588945727939063,-7.657883
CC(OO)(C)C(OO)(CC(=O)(O))C(=O)C(ON(=O)(=O)),-9.632315303454561,-9.211917
C(=O)OC(O)C(C(=O)(OO))=C,-6.145873842831861,-6.174699
C1(OO)OC1C(OO)(C(O))C(O)(N(=O)(=O))C(=O)(O),-11.954799105503298,-11.033102
C(=O)(O)C(O)C(=O)C(O)(C)C(ON(=O)(=O))C(=O)(OO),-9.355268752178745,-10.0906725
C(=O)(O)C1OOC(=O)C=CC1(OO)C(ON(=O)(=O)),-7.923245257132294,-8.306893
C(=O)(OO)C(OO)C(C)(C)C(C(=O))C(ON(=O)(=O))(C)C(=O),-8.356504858415974,-9.015071
CC(=O)C(ON(=O)(=O))C(OO)(C(O))C(=O),-6.055174806034756,-5.7144785
C(ON(=O)(=O))CC(=O)C(=O)CC(O)CCC(OO),-8.109325870414068,-8.386136
CC(OO)(C)OOC(C(=O)C)C(ON(=O)(=O))C(=O)C(ON(=O)(=O)),-6.4557803685011095,-6.3897796
C(O)C(=O)C(OO)OC(=O)C(ON(=O)(=O))C(=O)(O),-8.28115465457995,-9.192206
C(=O)(OON(=O)(=O))C(O)(O)C(OO)OC(=O)C(O)C(=O),-8.244381035447532,-7.005217
C(=O)(O)C(ON(=O)(=O))C(=O)OOC(C(=O)(O))C(=O)C(=O),-8.264512148444283,-8.865824
C(=O)(OO)C(=O)C=CC1OC1(OO)C(=O),-7.770398644364832,-7.7649794
C1C(ON(=O)(=O))C(OO)(C)C=CC1C(=O)C,-4.902220250469327,-5.752514
C(O)C(O)(C(=O)(OON(=O)(=O)))OOC(=O),-3.263702402569834,-3.65088
CC(=O)C(=O)C(C)(C(ON(=O)(=O)))C(C(ON(=O)(=O)))C(=O)(OO),-6.207302207344583,-5.544209
C(=O)(O)C(ON(=O)(=O))(C(=O)(OON(=O)(=O)))OOC(=O)C(O)C(=O),-6.153180244627947,-5.453478
CC1(C)C(OO)(C(ON(=O)(=O)))CC1(O)C(=O)(OON(=O)(=O)),-6.2345235465818405,-5.2916603
C(OO)C(=O)C(O)(C(=O)(OON(=O)(=O)))C(=O)(OON(=O)(=O)),-3.487052089212284,-2.334044
CC(=O)C(=O)C(OO)C(=O)(OO),-5.114309530643823,-3.8430967
C(=O)C(=O)OC(=O)C(=O)C(ON(=O)(=O))(C(=O)(O))C,-4.925731018729493,-4.9925995
CC(=O)C(O)C(OO)(C)C(=O)C(ON(=O)(=O)),-6.688518699136694,-5.920842
C(=O)(OO)C1(OO)OC1(C)C(OO)=CC(=O),-9.435565798607058,-8.374215
C(=O)(OO)C(OO)C1(C(O))OOC(C1(=O))C(=O),-8.879526712644292,-6.0816073
C(=O)(OO)C(O)(N(=O)(=O))C(ON(=O)(=O))C1(C(O))OC1C(=O),-8.46476947936344,-8.55394
C(=O)(O)C(OO)C1OC1C(=O)(OO),-7.879894887111277,-7.176228
C(OO)C(=O)C(=O)C(O)C(=O)OC(=O)C(=O)(OON(=O)(=O)),-5.619154099118987,-5.0040965
C(=O)(OON(=O)(=O))C(ON(=O)(=O))C1(C(=O))OC1C(=O)(O),-4.9556416082650685,-4.2809114
C(OO)C(=O)C(=O)C(O)(N(=O)(=O))C(=O)OC(=O),-5.4762755362589814,-4.9480762
CC(O)CC(C(=O)(OO))C(=O)C,-5.669587885443434,-4.8811984
C(=O)C(=O)C(O)C(OO)C1(OO)OC1C(=O),-8.515767046558722,-8.751063
C(=O)(O)C(N(=O)(=O))=CC(=O)OC(=O)C(=O)(OO),-7.184042983524705,-6.972365
CC(=O)C(ON(=O)(=O))C(O)C(ON(=O)(=O))C(OO)C(=O),-6.915034931707851,-7.516352
C(=O)(N(=O)(=O))C(=O)C(O)(C1(=O))OOC1C(=O),-3.9293738519959334,-3.2431366
CC(=O)CC(ON(=O)(=O))C(=O)CCCCC(=O)(OO),-7.195086307205202,-5.6100535
C(=O)(O)C(ON(=O)(=O))(C(=O)(O))C1OOC(C1(O))C(=O),-9.878304620467134,-10.891791
C1(O)C(O)(C(=O)(OO))OOC1C(=O)(OO),-8.700020123636023,-5.799031
C(=O)C(O)C(=O)C(OO)(C)C(O)C(=O),-8.1024049540747,-7.8497396
C(=O)(O)C1OC1(ON(=O)(=O))C(OO),-4.975493690436451,-4.816986
CC(=O)CCC(=O)C(ON(=O)(=O))CC(O)C(O),-8.035315131060088,-8.276576
C(=O)(OO)C(=O)C(ON(=O)(=O))(C(=O)(O))C(ON(=O)(=O))C(=O),-6.074548757796947,-6.6813974
C(=O)(O)C(O)(C(=O)(OO))C(C(=O))OOC(=O),-8.670729342162304,-8.862716
CCC(O)CCC(=O)CCC(OO)C,-6.60206235987971,-6.432534
CC(=O)C(=O)CC(=O)C(OO)(C)C(OO),-7.150506821885756,-5.9910607
C1(O)C(ON(=O)(=O))OOC1(C(=O)(OON(=O)(=O)))C(=O)C(=O)(OO),-5.495265057766119,-6.574537
C(=O)(N(=O)(=O))C(=O)C(OO)(C)OOC(=O)C(=O),-4.625500618307797,-3.9612439
C(O)C(=O)C(C(=O))C(C)(C(OO))C(ON(=O)(=O))CC(=O),-8.626425760950951,-10.036679
C1(ON(=O)(=O))C(OO)C(OO)C(C)(C(=O)(O))OOC1(=O),-9.001511401324933,-9.235441
C(=O)(O)C(ON(=O)(=O))C(O)(N(=O)(=O))C(=O)(OO),-5.971240775836122,-5.453546
C(=O)(OON(=O)(=O))C(=O)C1(C(ON(=O)(=O)))OOC(C1(O)(O))C(=O),-5.97756612583089,-6.602769
C(=O)(OO)C(=O)C(ON(=O)(=O))C(=O)OC(OO)(C)C(=O),-6.79384195300554,-6.4483395
C(=O)(O)C1(OO)OC1(C(=O)(OO))CC(=O)(O),-10.801624748284212,-9.815753
C(ON(=O)(=O))C1OOC(=O)C1(O)C(=O),-4.132500350089231,-2.7592013
CC(=O)C(=O)C(N(=O)(=O))(OO)C(ON(=O)(=O))OC(=O),-4.655513122147113,-3.985578
C(=O)(OON(=O)(=O))C(ON(=O)(=O))C(=O)OOC(C(=O))C(=O)C,-3.7910370020672417,-4.4434767
C1C(ON(=O)(=O))C(OO)(C)C(OO)CC1(ON(=O)(=O))C(=O)C,-7.787781833665576,-8.328908
C(=O)C1OC1C(C(O))=C(=O),-4.279935562931314,-3.3843267
CC(=O)C(OO)=C(OO)C1(N(=O)(=O))OC1C(=O),-8.22575757094637,-7.2953143
CC(=O)C(ON(=O)(=O))CCC(O)CC(=O)(OON(=O)(=O)),-5.333022355914181,-6.890381
C(=O)(OON(=O)(=O))C(OO)C(C)(C(=O))OOC(=O),-4.63943350552654,-4.4840007
C(ON(=O)(=O))C12OC1CC(=O)C(=O)C2(O),-5.107624234054583,-6.3352957
C(ON(=O)(=O))C(OO)OOC(=O)C(=O)(OO),-5.155097612947884,-6.185333
C(=O)(OO)C1(O)OC1(O)C(=O)C(O)C(=O),-8.252388893777606,-6.9935465
CC(=O)C(OO),-1.1235314580003433,-1.6270696
C1(ON(=O)(=O))CC(OO)C(ON(=O)(=O))(C)C(OO)C1(O)C,-8.026445839015196,-7.823786
C(=O)(O)C1OC1C(=O)C(ON(=O)(=O))C(=O)(OO),-6.743275492262001,-6.596064
C(OO)C1(O)C(ON(=O)(=O))OOC1C(OO)C(=O),-7.986097359658288,-8.213305
CC(=O)C(OO)(C(O))C(ON(=O)(=O))(C)C(=O)(OON(=O)(=O)),-6.0269244501000685,-6.185011
CC1(C(=O)(N(=O)(=O)))OC1(OO)C(ON(=O)(=O))C(O)C(=O)(OO),-8.402193044346859,-7.1328096
C1(=O)C2(OO)OOC1C=C(C2(=O))C(=O),-5.48352840735879,-5.1346188
C2(=O)C1(O)OOC2C(O)C(OO)C1(ON(=O)(=O))C(=O)(O),-9.837345288898632,-8.407941
CC(=O)C(OO)C(O)(N(=O)(=O))C1(O)OC1(N(=O)(=O))C(=O),-8.577426658212062,-6.9975395
C(OO)C1(ON(=O)(=O))OOC(OO)(C1(=O))C(=O),-5.184556538304605,-4.1705565
C1(O)C(=O)OOC1(C(ON(=O)(=O)))C(OO)C(=O)(OON(=O)(=O)),-5.463701172332549,-5.7469516
C(=O)(O)C(O)(C(=O)(O))OOC(=O),-6.9395475564356275,-7.8037963
C(=O)(O)C1OC1(ON(=O)(=O))C(C(=O)(OO))C(=O),-6.8759426199135305,-7.0756927
C(=O)(N(=O)(=O))C1(O)OC1(ON(=O)(=O))C(O)C(OO)C(=O),-7.746800300042196,-7.8015747
C(=O)(N(=O)(=O))C1(O)OC1(OO)C(O)C(=O),-6.766315613169354,-7.6597075
C(=O)(OO)C=CC(OO)(C)OC(=O)C(=O)(OO),-9.405989643028079,-10.637463
C(=O)(O)C=CC(OO)OC(=O)C(=O)C(=O)(OON(=O)(=O)),-7.044109337921327,-6.123111
C(=O)(O)C(C(OO))(C)C(C(=O)(OON(=O)(=O)))C(=O),-6.66332400824831,-6.8276258
C(=O)C1(ON(=O)(=O))OOC(=O)C1(O),-3.050533967255433,-2.9574244
CC(=O)C(ON(=O)(=O))C(OO)C(OO)(C(=O))C(ON(=O)(=O))(C)C,-8.565204376533984,-7.3807955
C(=O)CC(O)C(C)(C(OO))C(=O)C(=O),-7.249389086955034,-7.634406
C(=O)C(=O)OC(O)C(OO)C=C,-6.590850707388199,-4.796583
C(=O)(O)C(OO)OC(=O)C(C(ON(=O)(=O)))C(=O)(OO),-8.235483415790895,-11.57585
C(OO)C(ON(=O)(=O))C(C)(C(=O))C(OO)C(=O)C,-7.947614805978446,-8.136679
C1(OO)OC1C(O)(C(=O)(O))C(ON(=O)(=O)),-7.10964233432469,-7.0439234
CC1(C(OO))C(=O)CC1C(ON(=O)(=O))C(=O),-5.826525300823505,-6.110438
C(O)C(C(=O)(OON(=O)(=O)))(C(=O))OOC(=O)C(ON(=O)(=O))C(=O),-5.187922920882102,-5.8508883
C(=O)(OON(=O)(=O))C(=O)C(C1(=O))OOC1C(O)C(=O),-4.690823364425341,-4.777141
C(OO)C(=O)OOC(=O)C(ON(=O)(=O))C(N(=O)(=O))C(=O)(OO),-6.162476258884908,-5.999425
C(=O)C(=O)CC(=O)C1(OO)OC1C(=O),-5.1034804369683116,-5.154824
C1(=O)C(ON(=O)(=O))C(OO)C(OO)(C)OC(=O)C1(O)(O),-9.466193881773961,-10.393013
C(=O)(O)C(O)C(C(OO))C(=O)C,-8.002584398428098,-7.955574
CC(OO)(C)OOC(ON(=O)(=O))(C(=O)C)CC(=O)CC(=O),-6.5862306471999545,-6.478855
C1(=O)OC1(O)C(=O)C(ON(=O)(=O))C(=O)C,-4.129741141021441,-6.0274224
C(=O)(O)C(O)(C(=O)(O))C1OOC(O)(C1(O))C(=O),-12.505007617644424,-9.548983
C(ON(=O)(=O))C(=O)C1OOC(O)(C1(=O))C(=O),-4.140798539148818,-4.8415365
C(ON(=O)(=O))C(=O)C1(N(=O)(=O))OC1(O)C(OO)C(O)C(=O),-8.439541838106834,-11.021412
C(=O)(OON(=O)(=O))C1C(OO)C(C(=O))C1(OO)C,-6.499561570256901,-6.4130716
C(=O)(OO)C(ON(=O)(=O))CC(C(=O)(OO))C(C)(C)C(=O),-6.873956056970201,-11.094273
CC(O)C(=O)CC(=O)C(=O)CC(ON(=O)(=O))CC,-6.712921327567528,-5.827914
C(=O)(O)CC(OO)(C1(=O))OOC1C(=O),-6.938689236948903,-7.0028524
C(O)C(=O)C1OC1(N(=O)(=O))C(O)(O)C(=O)(OON(=O)(=O)),-6.184742578615442,-6.956014
CC(OO)(C)C(C(ON(=O)(=O))(C)C(=O))CC(=O),-6.38822802148843,-6.8008785
C1(O)C(O)(C(=O)(N(=O)(=O)))OOC1C(=O)C(=O)(OO),-6.997095097695819,-7.90297
C(ON(=O)(=O))C(=O)C(OO)C(=O)C(=O)OC(OO)C(=O)(OON(=O)(=O)),-6.312835684510901,-6.0910716
C2(ON(=O)(=O))C(ON(=O)(=O))C(OO)C1OOC2(O)C1(O)C(=O),-8.513449044234221,-7.4324737
CC(OO)(C(=O)(OON(=O)(=O)))C(O)(OO)C(O)C(=O)C(=O),-9.217003982210372,-6.994354
C(=O)C(OO)C1(N(=O)(=O))OC1(O)C(=O),-5.338251217902325,-4.140369
C(=O)(O)C(OO)C(ON(=O)(=O))C(O)(O)C(=O),-8.718692557300528,-9.583243
C(=O)(O)C(OO)C(OO)C(=O)CC(=O),-8.625883560126113,-9.98445
C(=O)(O)C(N(=O)(=O))(OO)C(O)(C1(O)(N(=O)(=O)))OOC1C(=O),-9.345503594066031,-8.024096
CC(=O)CC(OO)CC(ON(=O)(=O))C(O),-6.729186470486184,-7.229527
C(ON(=O)(=O))C(=O)C(=O)OOC(=O)C(=O)(OON(=O)(=O)),-2.186844329570249,-2.3482375
C(O)C(OO)(C(=O)(O))C(O)(C)C(=O),-9.728642420222968,-9.7369
C1(N(=O)(=O))(OO)OC1(O)C(O)C(OO)C(=O)(O),-11.021321024771623,-12.355842
C(=O)(OON(=O)(=O))C1(OO)OC1(C)C(O)(O)C(=O)C(=O),-7.225540983698011,-7.5498047
CC(OO)(C)C(C(ON(=O)(=O)))C(=O)C(O),-6.729186470486184,-6.6979203
C(O)C(=O)CC(ON(=O)(=O))(C(OO)(C)C)C(=O)C(=O),-8.00435072385335,-9.6643095
C1(O)C(=O)OOC1(O)C(N(=O)(=O))=CC(=O),-6.796804805583633,-7.031718
CC(=O)C(ON(=O)(=O))C(C(=O)(OON(=O)(=O)))(C(OO))C(=O),-4.905618904492258,-5.1031485
C1(=O)C(ON(=O)(=O))C(=O)C1(OO)C,-3.6215676875940517,-2.4360445
C2C(=O)C(=O)C(=O)C1(OO)OC12(ON(=O)(=O)),-3.8323715169935895,-4.354391
CC(=O)C(=O)CC(C)C(ON(=O)(=O))(C)C(=O)(OO),-6.123060228812392,-6.477754
C(=O)(O)C1OC1(C)C(ON(=O)(=O))C(ON(=O)(=O))C(=O)(OO),-7.490870564476154,-6.7748256
CCCC(ON(=O)(=O))CC(OO)C(=O)CCC,-5.546600385536294,-5.247748
C(=O)(O)C(ON(=O)(=O))C(OO)C(C)(C)C(=O)(OO),-7.944360635241992,-10.684312
C(=O)(O)C(=O)C(ON(=O)(=O))C1OC1(OO)C(=O)C,-7.491317042160517,-7.2366033
C(=O)(O)C1(C(OO))OOC(OO)(C1(O))C(ON(=O)(=O))C(=O),-10.90369149882008,-12.140082
C(=O)(OON(=O)(=O))C(=O)OOC(OO)C(=O)C(=O)C(=O),-4.023554770091778,-4.3976803
CC(OO)(C)C(ON(=O)(=O))C(ON(=O)(=O))C(=O)CC(=O)(OO),-6.888878713232771,-6.4936433
CC(C)(C(=O)(OO))C(C(=O))C(O)C(=O)(O),-8.405143559907174,-7.9248962
C(O)C(C(=O)(OON(=O)(=O)))C(C)(C(=O))C(ON(=O)(=O))C(=O)C,-5.987187625029037,-6.433233
CC1(C)OOC(C(=O)C)C(=O)C1C(OO),-4.858983347350659,-5.6304216
C(OO)CCCCC(OO)C(OO),-6.802588880615076,-7.592201
CC(ON(=O)(=O))(C(=O)(OO))C(O)C(=O)OC(=O)C(=O)(OON(=O)(=O)),-5.566033875729772,-4.483724
C1(=O)C(O)(O)C(=O)OC(OO)C(OO)C1(O)C,-11.024998242588026,-12.533515
C(=O)(O)C(ON(=O)(=O))C1OOC(OO)(C1(O))C(=O),-8.462323447246035,-7.768684
CC(OO)(C)C(C)CC(=O)C(=O)(O),-6.950727573205313,-6.5810194
CC(C)(C(OO))C(C(=O))C(=O)C,-4.842625070512895,-4.2983785
C(=O)(OON(=O)(=O))C(=O)OOC(C(=O)(OON(=O)(=O)))(C)C(=O),-3.1565092448331598,-2.756962
CC(OO)(C)C(C(=O)(OO))C(ON(=O)(=O))(C)C(=O)(OO),-7.354367347705647,-7.660882
C(=O)C(=O)OC(OO)C(OO)(C(ON(=O)(=O)))C(O)C(=O),-8.870801026455865,-10.235711
CC(ON(=O)(=O))(C(OO))C(C(O)C(=O)(OO))CC(=O),-8.670036622236694,-9.183908
C(=O)(OON(=O)(=O))C1OC1C(OO)=C(C)C(=O),-4.772383734590676,-5.221939
CC(=O)CCC(=O)C(ON(=O)(=O))CCC(=O)C,-4.387926693619647,-5.084115
C(=O)(OO)C(C(=O))=C(OO)C1(O)OC1C(=O),-9.549610356198173,-10.709298
C(OO)CCC(=O)CCC(=O)CC(=O)(OON(=O)(=O)),-5.763476194219038,-6.8977695
C(=O)(O)C(ON(=O)(=O))C(O)(C(=O)(OON(=O)(=O)))C1OC1C(=O)(O),-8.630430815169348,-7.877419
C(=O)(OO)C(OO)(C(=O))C(=O)C(=O)C(ON(=O)(=O))C(=O),-6.453723256453941,-5.7274723
CC(ON(=O)(=O))C(ON(=O)(=O))CC(=O)CC(=O)CC(OO),-6.977546148566944,-7.3735967
C(=O)(O)C(=O)C(ON(=O)(=O))(OO)C(OO)OC(=O),-7.8328292093797245,-8.105054
C(=O)(OON(=O)(=O))C12CC(=O)C(OO)C(C1(O))OO2,-6.652498417364768,-6.201058
CC(=O)C(OO)C1OOC(OO)(C1(O)(O))C(=O),-10.456165721002435,-10.404884
CC(OO)C(C)(C)C(ON(=O)(=O))C(ON(=O)(=O))C(=O)(OO),-6.674075429340519,-4.639637
C1(=O)C(O)(C(=O)(O))OOC1(C(=O))C(OO)C(=O),-8.860477696012822,-10.700847
C(ON(=O)(=O))C1OC1(O)C(=O),-2.7688147125722935,-3.9955947
C(=O)(OO)C=C(OO)C1(C(ON(=O)(=O)))OC1C(=O)(OON(=O)(=O)),-7.09842999237344,-7.216692
C(=O)(OON(=O)(=O))C(O)(C(=O))OOC(=O)C(O)(C)C(=O),-6.647045454444651,-4.206133
CC(ON(=O)(=O))(C)C(OO)(C(=O))C(O)C(=O)(OON(=O)(=O)),-6.465609701680023,-6.3165464
CC(OO)C1(OO)CC(OO)C1(C)C,-6.903670476056504,-7.294757
C1(=O)OOC(OO)C(ON(=O)(=O))C(OO)C1(OO)C,-7.595920276021388,-7.3450985
CC(ON(=O)(=O))(C(OO))C=CC(=O),-4.2364490641593875,-5.1518044
CC1(C)C(OO)(C)CC1C(ON(=O)(=O)),-3.210026437225224,-3.3124895
C1(O)C(ON(=O)(=O))(C)OOC1C(OO)C(=O),-6.341215377412482,-6.1577964
C(=O)(O)CC(ON(=O)(=O))C(C)(C(=O)(OO))OOC(=O),-7.369415306740848,-7.8145876
C(=O)(OO)C(O)C1(OO)OC1(O)C(=O),-7.857539396576158,-5.249385
C(=O)(OO)CC(=O)C1(C)OC1(ON(=O)(=O))C(=O)(OON(=O)(=O)),-5.048769667876968,-3.1612048
C(=O)(O)CC(ON(=O)(=O))C(C)(C)C(C(=O))C(=O)C,-7.2437701256881155,-7.178676
CC(OO)(C)C(ON(=O)(=O))(C(O))CC(=O)(OON(=O)(=O)),-6.03584065636187,-5.9252005
CC(=O)C(C(O))C(=O)C(ON(=O)(=O))C(=O)(O),-6.7842981309686365,-7.317831
C(=O)(O)C1OC1C(OO)C(O)(OO)C(=O)C(ON(=O)(=O)),-10.685493751996091,-11.3770275
C(=O)(O)C1(N(=O)(=O))OC1(C(=O)(OON(=O)(=O)))C(O)C(=O),-6.240299133724875,-6.4076753
C(=O)(N(=O)(=O))C1OC1C(O)C(ON(=O)(=O))(C(OO))C(=O)(OO),-8.402193044346859,-7.444846
C(=O)(O)C(=O)OC(=O)C(O)(N(=O)(=O))C(ON(=O)(=O))(C)C(=O),-6.977651324330509,-7.2932034
CC(=O)C(ON(=O)(=O))OOC(C)(C)C(ON(=O)(=O))C(=O),-4.171076549256213,-3.9919324
C(=O)(O)C(OO)C(OO)C(OO)=CC(=O),-10.888648628305873,-13.605276
C(=O)C1(O)OC1(C(=O))C(OO),-5.269298184228319,-6.1255116
C(=O)(N(=O)(=O))C(=O)OC(OO)C=CC(=O)(O),-6.073845502321092,-5.815002
C(=O)(OON(=O)(=O))CC(=O)C(C)(C)C(C(=O))C(=O)C(O),-6.051340730276024,-7.4503436
C(=O)(OO)C1(ON(=O)(=O))OC1C(OO)(C(ON(=O)(=O)))C(=O),-6.4559493919132365,-6.420262
C(O)C(=O)C(ON(=O)(=O))C(C(=O)(OO))OOC(=O),-6.287857923055526,-7.278179
C1(O)(O)C(=O)CC(=O)C(=O)C1(=O),-6.179775288808287,-6.212144
C(=O)(N(=O)(=O))C1(O)OC1(O)C(C(OO))=CC(=O)(OON(=O)(=O)),-7.898561335553495,-4.177179
C(=O)(O)CC(=O)C(OO)OC(=O)C(=O),-6.428638392981611,-6.583251
C(=O)(O)C1OC1(OO)C(=O)C(O)C(=O),-7.937097239409013,-6.6159415
C12C(ON(=O)(=O))C(C2(OO)C)CC(=O)C1(O)C,-6.395564677270613,-5.612988
C(=O)(O)C1(ON(=O)(=O))OC1C(=O)C(=O),-3.717446164521334,-4.1848474
C(=O)(O)C1(OO)OC1C(ON(=O)(=O))C(O)(C(=O)(O))C(=O)(OON(=O)(=O)),-10.072995055665615,-9.759291
C(=O)(O)C(C1(ON(=O)(=O)))=CC(C2(O)(OO))OOC12,-9.626658238077198,-8.060158
CC(OO)(C(=O)(OON(=O)(=O)))C(=O)C1OC1(OO)C(=O),-6.403905059501085,-5.347171
CCC(OO)CCCC(ON(=O)(=O))CCC(=O)(OON(=O)(=O)),-6.503644494313448,-6.261593
C(=O)(OON(=O)(=O))C(ON(=O)(=O))(C(=O))OOC(=O)C(O)(C)C(=O),-5.187922920882102,-2.6920762
C(OO)C(ON(=O)(=O))(C(=O)(OON(=O)(=O)))C1OOC(C1(=O))C(=O),-5.07086568114255,-5.6049685
C(OO)C(ON(=O)(=O))C(=O)OC(=O)C(=O)(OO),-5.826124981110297,-6.594701
C(=O)(O)C(ON(=O)(=O))C(ON(=O)(=O))C(=O)OOC(=O)C(=O)(O),-7.301132000219241,-7.7378206
C(ON(=O)(=O))C(ON(=O)(=O))C1(O)OC1(OO)C(=O),-5.178077108449088,-5.5114894
C(=O)(O)C1(N(=O)(=O))OC1(C(=O)(OO))CC(=O),-7.006501314332581,-8.062114
CC1(C(=O))OOC(C1(O))C(ON(=O)(=O))(OO)C(=O),-7.534194356678654,-8.099682
CC(=O)C(=O)C(ON(=O)(=O))C1CC(ON(=O)(=O))C1(C)C,-5.145181030395634,-3.814786
C(OO)C(=O)OOC(=O)C(ON(=O)(=O))C(OO)C(=O)(OON(=O)(=O)),-5.731804929156169,-5.2753882
C1C(=O)C(C)(C(OO))OOC1C(=O)(OON(=O)(=O)),-4.95397289276525,-5.0213494
C(=O)(O)C(=O)OC(=O)C(ON(=O)(=O))(C)C(=O)C(=O)(OO),-6.95820277920302,-6.297062
C(O)C1(O)C(=O)OOC1C(=O)(OO),-6.78074595777116,-5.032754
C(ON(=O)(=O))C(=O)C1CC(ON(=O)(=O))(C1(C)C)C(OO)C(=O),-6.889664100661321,-7.4565353
C(ON(=O)(=O))C1OOC(O)(C1(=O))C(=O),-3.6764551555966136,-4.3997483
C(OO)C(OO)(C(=O))C(C)(C)C(=O),-7.042084342951512,-6.637071
CC(=O)C(ON(=O)(=O))CC(C(=O)C)C(O)C(=O)(OON(=O)(=O)),-5.946335698299663,-6.494846
C(=O)C(=O)C(ON(=O)(=O))(C1(O))OOC1(O)C(O)C(=O),-8.167050643288803,-8.794468
C(=O)(O)C(C(=O)(O))C(=O)OC(=O),-5.445194344037191,-6.098787
C(=O)(OO)C1(ON(=O)(=O))OC1(C(=O)(OO))C(=O),-5.555164953726489,-5.7776475
C1(O)(O)C(=O)OOC1(C(=O)(OON(=O)(=O)))C(O)C(=O)(O),-7.674368761690403,-6.682315
C(=O)(OO)C(OO)(C(=O))C(OO)OC(=O),-7.733293383940236,-6.5969305
CC(O)CC(ON(=O)(=O))C(=O)CC(=O)(OO),-6.15256145427702,-6.295245
C(=O)(N(=O)(=O))C(O)(C(OO))OOC(=O),-4.1068330008793055,-4.860263
C(=O)(OON(=O)(=O))C(=O)C(=O)C(OO)C(O)(O)C(=O)C(=O),-6.504293511249216,-6.870624
CC(OO)(C)C(ON(=O)(=O))C(ON(=O)(=O))C(=O)CC(=O)(O),-7.932118203565551,-7.210728
CC(ON(=O)(=O))(C(=O)(O))C(O)C(=O)OC(=O)C(=O)(O),-8.661363001284371,-8.700542
C(=O)(OO)C(O)C(=O)CC(=O)(OON(=O)(=O)),-3.8524422095088084,-4.4794407
C(=O)(OON(=O)(=O))C1(O)OC1C=CC(=O)(OON(=O)(=O)),-3.6289932322360983,-3.472294
C(=O)(O)CCC(ON(=O)(=O))CC(OO),-5.9055267166304475,-6.178735
C12OOC(C1(O)(O))C(OO)C(O)(N(=O)(=O))C2(=O),-8.482035270511915,-8.989831
C(=O)(O)C(O)C(=O)OOC(C(ON(=O)(=O)))(C(=O))C(=O),-7.904989837486028,-7.8536816
C(ON(=O)(=O))C1(C(=O)(OO))OOC(C1(O)(O))C(ON(=O)(=O))C(=O),-8.868015284458124,-9.239711
C1(O)C(OO)C(OO)C(O)C(=O)C1(O)C,-10.772504468791794,-11.561295
C(ON(=O)(=O))C(=O)CC(OO)(C)C(ON(=O)(=O))(C)C(OO),-7.87704423782543,-8.853347
C12OC1C(O)(O)C(=O)C(ON(=O)(=O))C2(O)C(ON(=O)(=O)),-6.715510146428642,-8.704876
C(=O)(N(=O)(=O))C(=O)C(C(=O)C(ON(=O)(=O)))OOC(=O)C(=O),-3.963482734397985,-5.0585995
C(=O)(O)C(OO)(C(=O)(OON(=O)(=O)))C(ON(=O)(=O))C(O)C(=O),-7.526763982622015,-8.389222
C(=O)(OO)C1(O)C(=O)OOC1C(ON(=O)(=O))C(=O)C(=O),-6.478522478719242,-5.4012785
C1(O)C(C(OO))OOC1(C)C(=O)(OO),-7.716129977267428,-9.205331
C1(O)C(O)(C(=O)(OON(=O)(=O)))OOC1C(O)(C(=O))C(=O),-7.839481595984125,-6.2213283
C(=O)C(=O)OC(=O)C(=O)C(ON(=O)(=O))C(=O)C(O),-4.459660219899888,-4.2749777
C(=O)(N(=O)(=O))C1(OO)OC1C=C(C)C(=O)(O),-6.979828545652708,-6.3369436
C(=O)(OON(=O)(=O))C(=O)C(OO)C(OO)OC(=O)C(=O),-5.474426944188053,-5.147654
C(=O)(O)C(OO)C(ON(=O)(=O))OOC(=O),-5.6998900246153426,-5.691032
C1(O)(O)C(OO)OOC1C(ON(=O)(=O))C(=O)C(OO),-8.920052184113956,-10.236986
C(=O)(OO)C=C(OO)C(ON(=O)(=O))(C)OC(=O),-6.748488602711404,-1.8094722
CCC(O)CCC(OO)CCCC(ON(=O)(=O)),-6.536118566152254,-7.451492
C1(OO)OC1(C)C(=O)C(N(=O)(=O))C(=O),-4.625668920530643,-4.244408
C(=O)(OON(=O)(=O))C(O)(OO)C(=O)C(O)(C)C(=O)OC(=O),-6.85171186317757,-7.296775
C1(=O)C(C(=O)(OON(=O)(=O)))OOC1C(ON(=O)(=O))(C(OO))C(=O),-5.07086568114255,-6.5132246
C1C(ON(=O)(=O))C(OO)(C)C(OO)CC1C(=O)C,-7.33829433432993,-8.542062
C(=O)(O)C(=O)C(ON(=O)(=O))C(O)C(=O),-5.3301074865826195,-6.1088696
C(=O)(N(=O)(=O))OOC(OO)(C(=O)(O))C(=O)C(=O)C,-6.965660409940483,-6.5426903
C(=O)(O)C(=O)OC(OO)C(ON(=O)(=O))C(O)C(=O)(OO),-9.889199633439603,-10.499365
C12OOC(OO)(C2(O))C(=O)C(O)C1(ON(=O)(=O))C(ON(=O)(=O)),-7.817687645955175,-7.890355
C(=O)(OO)C(=O)OC(=O)C(ON(=O)(=O))(C)C(O)C(=O)(OON(=O)(=O)),-5.566033875729772,-6.1139126
CC(=O)C1OC1(OO)C(ON(=O)(=O))C(=O)C(=O),-5.173990737006534,-4.9925203
C(=O)(O)C1OC1(OO)C(C)=CC(=O)(O),-8.799900392170912,-9.211569
CC(=O)C(=O)C(C)(C(O))C(ON(=O)(=O))CC(=O)(OON(=O)(=O)),-5.946335698299663,-5.4044275
CC(OO)(C(ON(=O)(=O)))C(C(=O)(O))CC(=O)CC(=O)(OON(=O)(=O)),-7.938291548583038,-9.108637
C(=O)(OON(=O)(=O))C(OO)C(ON(=O)(=O))(C(=O))OOC(=O)C,-4.808376837112519,-3.8938882
C(=O)(OON(=O)(=O))C(O)C(OO)(C(=O))C(O)C(=O)C(=O),-7.477105185890196,-7.9447174
CC(OO)(C(ON(=O)(=O)))C(ON(=O)(=O))(C)C(OO)C(=O),-7.552254291829286,-7.149062
CC(=O)C(C1(OO)C(OO))C(ON(=O)(=O))C1CC(=O)(OON(=O)(=O)),-7.380973053288471,-8.718033
CC(ON(=O)(=O))(C(O))C(C(OO)C(=O)(O))CC(=O),-9.600889128003473,-9.221293
C(=O)(OON(=O)(=O))C1OOC(C(=O))C1(O)C(=O)(OO),-6.261127105656669,-4.9235444
C(=O)(O)C(=O)C(C(ON(=O)(=O))C(=O)(OON(=O)(=O)))OOC(=O),-4.942545462354246,-4.750041
C1(=O)C(OO)OOC1(C)C(OO)C(=O)(OON(=O)(=O)),-5.6315992253767035,-4.855191
C(=O)(O)C1OC1C(C(OO))C(=O)C(=O)(OO),-9.399778235345366,-11.328212
C(=O)(O)C(O)(C(OO))C(=O)(OON(=O)(=O)),-5.343982641742059,-5.26523
C(=O)(O)C(OO)(C(=O)(OO))C(ON(=O)(=O))C(=O)(OO),-8.800840371248796,-8.3768
CC(=O)C1OC1(ON(=O)(=O))C(OO)C(O)C(=O),-6.596131912961937,-8.173104
CC(=O)CC(ON(=O)(=O))CC(OO)C(=O)C(OO),-7.643778756613756,-9.684819
C(=O)(O)C(ON(=O)(=O))C(C)(C)C(=O)C(ON(=O)(=O))(C)C(=O),-6.907918293745752,-5.898429
C(=O)(O)C(=O)C(=O)C(N(=O)(=O))C(=O)OC(=O),-4.285959132486823,-4.647675
C(O)C(=O)C1OC1C(=O)C(N(=O)(=O))C(=O)(OO),-6.840155892021357,-8.466049
C(ON(=O)(=O))C(=O)C(=O)C(O)C1OC1C(=O)(OON(=O)(=O)),-3.9978309270345562,-3.947786
C(=O)(OON(=O)(=O))C(O)(OO)C1(OO)OC1C(=O),-5.949221388830665,-6.533557
C(=O)(O)C(=O)C(ON(=O)(=O))C(O)C(OO)(C)OC(=O),-8.826265250167125,-8.351119
C(ON(=O)(=O))C(=O)C(OO)OC(=O)C(ON(=O)(=O)),-4.572636468773908,-4.858345
C(=O)(OO)C1(C(=O))OC1(O)C(OO)=CC(=O),-8.898801709131021,-8.867446
C(=O)(O)C(ON(=O)(=O))C(O)(OO)C(O)(C)C(=O),-9.700912222255283,-9.38551
CC(ON(=O)(=O))(C)C(OO)(C)CC(=O)C(OO)C(=O)(O),-10.163669346440656,-10.039449
C(=O)(OO)C(=O)C(O)(C)C(=O)C(O)C(=O),-7.267345544769341,-11.76523
C1(O)C(N(=O)(=O))(OO)OOC1(C)C(=O)(OO),-7.059106354588948,-9.8605995
CC(=O)C(=O)OC(OO)C(=O)CC(=O)(OON(=O)(=O)),-4.728387467170251,-4.8318725
C(=O)(O)C(N(=O)(=O))=C(C(O))C(=O)OC(=O),-6.7234398935966055,-7.1699677
CCC(ON(=O)(=O))C(=O)C(OO)CC(=O)CC(=O)C,-7.073555888544433,-6.9731297
C(=O)(O)C1(O)OC1C(OO)(C(OO))C(=O),-10.248301624986652,-11.1395855
C(=O)(OO)C(=O)C(C1(=O))OOC1C(O)C(=O)(OON(=O)(=O)),-6.287765343209685,-5.770301
C(=O)C(O)C(C(=O)(OON(=O)(=O)))(C(=O)(OON(=O)(=O)))OOC(=O),-4.069152284286702,-4.3540707
C12OOC(C1(=O))C(OO)=C(C2(ON(=O)(=O)))C(OO),-7.559824553679391,-6.869174
C2(O)(O)C(=O)C(=O)C(N(=O)(=O))C1OC12(OO),-7.021164519574995,-7.0731897
C(=O)(O)C1(N(=O)(=O))OC1(O)C=CC(=O)(OO),-8.650138442590105,-9.655801
CC(=O)CCC(OO)C(OO)CCC(O),-9.263809117979235,-10.143585
C1(O)C(C(ON(=O)(=O)))OOC1(C(=O)(OO))C(=O)(OON(=O)(=O)),-6.019092660561,-5.875856
CC(=O)C(=O)C(C)(C(=O)(OON(=O)(=O)))C(OO)(C(ON(=O)(=O)))CC(=O),-6.59804594112029,-7.109727
C1(=O)C(ON(=O)(=O))(C)OOC1C(=O)C(=O),-2.8601819456962403,-2.3521283
CC(=O)C(=O)CC(C(OO)(C)C(=O))CC(=O),-6.4969561591919955,-6.9465947
C(=O)(OON(=O)(=O))C(O)(O)C(=O)OC(=O),-3.227163032761382,-2.355857
C(ON(=O)(=O))C(=O)C(ON(=O)(=O))C(=O)OOC(C(=O))C(=O),-4.35643789167807,-5.184165
CC(O)(C(=O)(OON(=O)(=O)))C(=O)C1(OO)OC1(O)C(=O)(OON(=O)(=O)),-6.234841427660285,-6.5149846
CC(OO)(C)C(O)(C)CC(=O)CC(=O)(OON(=O)(=O)),-7.208400667098431,-6.70095
CC(=O)C(C(ON(=O)(=O)))(C)C(=O),-2.5783425037739107,-2.2294426
C1(OO)C=CC(OO)OOC1(C(=O)(O))C(=O),-9.8941399670166,-9.096241
CC(=O)C(=O)C(O)C(=O)C(OO)(C)C,-6.591842073346925,-3.0982187
CC(=O)C(=O)C(=O)CC(ON(=O)(=O))C(ON(=O)(=O))CCC,-5.874598553938995,-4.2700114
CCC(=O)CC(ON(=O)(=O))C(ON(=O)(=O))CC(=O)(OO),-5.531724488983855,-7.716814
C(=O)(OON(=O)(=O))C(O)(OO)C(ON(=O)(=O))C1(O)OC1C(=O),-6.628952293872771,-8.069244
C(=O)(OO)C(=O)C(O)(C)C(ON(=O)(=O))C(=O)C(=O)(OON(=O)(=O)),-5.289668378629358,-5.2713947
C(ON(=O)(=O))C(C(=O))=C(OO)C(N(=O)(=O))(OO)OC(=O)C(=O),-8.692850050627385,-8.296196
CC(=O)C1(ON(=O)(=O))C(OO)C(ON(=O)(=O))C1(C)C,-5.7641877562018635,-5.0517187
C(=O)(OO)C(OO)=CC(OO)OC(=O)C(=O),-9.331766580868134,-8.345409
C(=O)C(ON(=O)(=O))C(=O)C(OO)OC(=O)C(=O),-4.22382633304278,-4.402533
CC1(ON(=O)(=O))C(O)C(OO)C(=O)CC1C(ON(=O)(=O))(C)C,-7.822051463473144,-8.576887
CC(=O)C1OOC(O)(C1(O)(O))C(N(=O)(=O))(ON(=O)(=O))C(=O)(O),-9.739058714437306,-10.943416
C(ON(=O)(=O))C(ON(=O)(=O))CC(O)CCC(=O)C(=O),-6.104141309090664,-7.0794215
C1(O)(O)C(=O)OOC1(O)C(=O)C(O)(C)C(=O)(O),-10.53927178356389,-11.409494
C(=O)(O)C1(OO)OC1(OO)C(ON(=O)(=O))C(O)C(=O)(OON(=O)(=O)),-8.707202392455656,-8.513033
CC(=O)C(=O)C1(OO)OC1(O)C(=O)(OO),-7.37151843744914,-7.1431203
C1(ON(=O)(=O))C(O)(C)C(OO)C(=O)OOC1C(=O)(OO),-8.501987296277548,-9.60969
C(=O)(N(=O)(=O))C(=O)OC(O)C=C(C(O))C(=O)(OON(=O)(=O)),-6.0101349026131174,-7.0086293
C(=O)(OO)C(=O)C(OO)C(O)C(=O)C(O)C(=O),-9.517022338328388,-9.712528
C1(=O)C(N(=O)(=O))C(ON(=O)(=O))C(=O)OOC1(O)C(=O)(OO),-5.887157953265614,-5.1097536
C(=O)(OON(=O)(=O))C(=O)C(ON(=O)(=O))C(OO)(C(=O))OC(=O),-3.934604372082049,-3.8418126
CC(=O)C1(N(=O)(=O))OC1(O)C(O)C(=O)C(=O),-6.164340470874777,-7.153022
C(=O)C(O)(O)C(=O)C(ON(=O)(=O))(C(=O)(OO))C,-6.728977386571842,-4.2091312
C(O)C(C(=O))=CC1(OO)OC1(O)C(=O),-9.43994544161933,-8.002987
C1(O)C(C(=O)(OON(=O)(=O)))OOC1(C(=O)(OON(=O)(=O)))C(O)C(=O),-5.961699779044011,-6.620563
C(=O)C1(ON(=O)(=O))OC1C(C(=O)(OO))=C(OO)C(=O),-8.021674325009371,-7.5829153
CC(O)CCC(=O)C(O)C(=O)CC(ON(=O)(=O))C,-8.748389384839356,-6.09549
C1(O)(O)C(OO)(C(=O)(O))OOC1C(=O),-8.776691529449181,-9.348999
CC(=O)C1CC(C(ON(=O)(=O)))C1(O)C,-4.096566699859977,-4.3764143
C(ON(=O)(=O))CCCCC(=O)(OON(=O)(=O)),-2.1233542828372265,-2.8814046
CC(=O)C(OO)C(C)(C(ON(=O)(=O)))C(O)C(=O)(O),-9.40792365163361,-9.016294
C(=O)(OON(=O)(=O))C1OOC(O)(C1(O))C(ON(=O)(=O))C(=O),-5.711791985446325,-5.127411
C(OO)C(ON(=O)(=O))C(C)C(=O)C(=O),-4.691958209519271,-4.19936
C1(=O)C(OO)(C)C(ON(=O)(=O))C(=O)OOC1(O)C(=O)(O),-8.720806515050299,-7.944618
C(=O)C(O)C(O)(OO)C(=O)C(=O)C(=O),-6.698006666577385,-5.548989
C(=O)(O)C(OO)C(C)(C(OO))C(ON(=O)(=O))C(=O),-9.23252615563888,-9.0078535
C(=O)(O)C(O)(N(=O)(=O))C(ON(=O)(=O))C(OO)OC(=O)C(=O),-8.552008434061918,-8.779633
CCCCC(ON(=O)(=O))CCC(O)C(ON(=O)(=O)),-5.549918195162263,-5.244989
CC(O)CCC(=O)CCC(=O)(OO),-6.259099385285481,-6.089267
CC(=O)C1CC(ON(=O)(=O))C1(C)C(OO),-4.6723718699277015,-4.594075
C(=O)(O)C(=O)C(ON(=O)(=O))C(OO)OOC(=O)C(=O),-7.004984352030533,-7.242901
C(=O)(O)C(ON(=O)(=O))OOC(C)(C(=O)(O))C(ON(=O)(=O))C(=O)(OO),-9.352568295432775,-8.455679
C(=O)(O)C1(ON(=O)(=O))OC1C(OO)C(=O)(OO),-7.6353035844044825,-6.468623
C(=O)(O)C1(C(=O)(OON(=O)(=O)))OC1C=CC(=O),-5.334993233209389,-5.790752
C1(OO)OC1C(ON(=O)(=O))(C(OO))C(ON(=O)(=O))C(=O),-6.335548455405387,-7.323704
CC1(C(ON(=O)(=O)))OOC(C(=O)C)CC1(OO)C(=O)(OO),-7.936837645007472,-5.4742436
C1(=O)OC1(O)C(OO)C(O)(OO)C(=O),-9.52579750893392,-15.873684
C1(OO)OC1(N(=O)(=O))C(=O)C(ON(=O)(=O))C(OO),-5.369689725172975,-6.332614
C(OO)C1(C(=O)(OO))OOC(C1(O)(O))C(ON(=O)(=O))C(=O),-10.53076406703758,-11.137979
C1(OO)OC1(C(O))C=CC(=O)(O),-7.874110885122718,-7.6484375
C(=O)(O)C(O)(O)C1(OO)OC1C(=O),-8.629731000472475,-10.273017
C1(OO)OC1(C)C(=O)CC(=O)(O),-6.533287718219526,-6.0599523
CC(OO)C(C)(C)C(C(=O))C(ON(=O)(=O))C(=O)(OO),-7.619532290384996,-7.307751
C(=O)(O)C1(C(OO))OOC(N(=O)(=O))(C1(O))C(=O)C(=O),-9.02009947721217,-10.258221
CC(=O)C(C)(C(O))C(OO)C(=O)(OO),-7.773779387315699,-6.6015496
C12C(ON(=O)(=O))C(C1(C)C)CC(ON(=O)(=O))C2(OO)C,-5.5522959262725635,-5.043876
C1(O)C(ON(=O)(=O))C(OO)C(O)C(=O)C1(O)C(ON(=O)(=O)),-8.405313536308313,-11.717647
C(O)C1(O)C(=O)OOC1(OO)C(=O)C(=O),-7.0957244096148315,-7.2557883
C1(ON(=O)(=O))OC1(OO)C(OO)(C)C(=O),-5.46636320821699,-5.141863
C(=O)(O)C(=O)C(ON(=O)(=O))(C)C1OC1(O)C(=O)(OO),-8.650348549101182,-6.3734064
C(=O)(OON(=O)(=O))C(=O)C(ON(=O)(=O))C1OOC(=O)C1(O),-3.672126847772688,-4.6288004
CC(O)CC(O)C(ON(=O)(=O))CC(=O)CC(OO)C,-10.46826500339148,-10.388445
CC(=O)C(ON(=O)(=O))(C(ON(=O)(=O)))C(OO)(C)C(=O)(OO),-6.284963953573424,-6.007201
C(=O)(OON(=O)(=O))CC1(O)OC1(OO)C(=O)(OON(=O)(=O)),-4.110022549183668,-3.9450688
CC(OO)(C(=O)(O))C(OO)(C1(O))OOC1C(=O),-11.35870927534961,-9.174138
CC1(C(=O)(O))OC1C=C(OO)C(=O)(OO),-9.059347894181883,-10.062026
C1(O)(O)C(C(=O))OOC1(C(ON(=O)(=O)))C(O)C(=O),-8.626907699512685,-7.065985
C1(OO)OC1(O)C(ON(=O)(=O))(C)C(=O)C(=O),-5.562426015063011,-5.574556
C(=O)(OO)C1(OO)OC1C(OO)(C)C(=O)C(=O),-8.933149873704679,-7.0374455
C(=O)(O)C=C(C(=O)(O))C1OC1C(=O)(OON(=O)(=O)),-6.987305421753263,-7.1009874
C(ON(=O)(=O))C(=O)C(OO)C(O)C(=O)OC(=O)C(=O)(OON(=O)(=O)),-5.9852472331876925,-6.5649533
C(=O)(OO)C(OO)C(O)C1(O)OC1(ON(=O)(=O))C(=O),-8.88442017651505,-9.209367
CC1(C(=O)(OO))OC1C(=O)C(N(=O)(=O))C(=O)(OO),-7.4108664383998075,-8.279218
C(=O)(OON(=O)(=O))C1(N(=O)(=O))OC1(O)C(=O)C(=O)C(=O),-3.2494255245787826,-1.841095
CC(OO)(C(=O)(N(=O)(=O)))OC(=O)C(O)C(=O)(O),-7.818431607530329,-6.844669
C(=O)(OO)C1(OO)OC1C(ON(=O)(=O))(C)C(O)C(=O),-8.46925453543463,-6.1975913
CC(ON(=O)(=O))(C)C(C(OO))C(C(=O)(O))=C,-6.534109115435058,-6.4871626
C1(O)(OO)C(N(=O)(=O))OOC1(C)C(OO)C(=O),-8.111977893715448,-7.843267
C(=O)(O)C(=O)CC(=O)C(O)(O)C(=O)(OON(=O)(=O)),-6.437196445930567,-6.725273
C(=O)C(=O)C(OO)(C1(=O))OOC1(C(=O))C(=O),-4.974055245458203,-6.34574
C(=O)(OO)C=C(C(=O)(O))C(=O)OC(=O)C(=O),-7.555022059445037,-5.9906693
CC(ON(=O)(=O))(C(=O)(OO))C(CC(=O)(OO))C(ON(=O)(=O))(C)C(=O),-6.94562895731633,-10.232394
C1(O)(O)C(=O)C(O)C(OO)C(=O)OC1(OO)C,-11.024998242588026,-10.85916
C(=O)(O)C(O)(N(=O)(=O))C(OO)C1(C)OC1C(=O)(O),-11.400147508397822,-11.152385
C(O)C(=O)C=C(OO)C(ON(=O)(=O))OC(=O),-6.894515941985446,-5.214754
C(=O)C(OO)OC(=O)C(O),-4.93439884565214,-4.649023
C1(O)C(O)(C(=O)(OON(=O)(=O)))OOC1(C(OO))C(=O)C(=O),-7.843407804042272,-8.469533
CC(=O)C(=O)OOC(O)(C(=O)(OO))C(O)(N(=O)(=O))C(=O),-8.841715762007425,-7.112757
CC(OO)(C(ON(=O)(=O)))C(O)(C(=O))CC(=O),-7.292287010116979,-7.957088
C(=O)(OON(=O)(=O))C1OOC(ON(=O)(=O))(C1(O)(OO))C(=O)C(=O),-4.971463645475524,-5.030684
C(=O)(N(=O)(=O))C(=O)C(OO)(C)C(=O)(OON(=O)(=O)),-2.6168730607610087,-2.1389437
C(=O)(N(=O)(=O))C1(O)OC1(C(O))C(OO)C(O)C(=O)(OO),-11.187889191139675,-11.691206
C(=O)(N(=O)(=O))C(=O)C(=O)OC(OO)C(=O)C(OO),-5.281242422548985,-4.9353733
C(=O)(O)C(O)C(ON(=O)(=O))C(OO)(C(=O)(OON(=O)(=O)))OC(=O),-7.524579684688433,-8.146143
C(=O)(OO)C(O)C(OO)(C(ON(=O)(=O)))C(O)OC(=O),-9.187575724667113,-8.143024
C(=O)(O)C1OC1C(C(ON(=O)(=O)))=C(OO)C(=O)(O),-9.357478946801166,-9.568214
C1(O)(O)C(OO)OOC1(N(=O)(=O))C(=O)C(=O)C,-7.094994763143859,-6.492009
C(=O)(O)CC(=O)C(C)(C(ON(=O)(=O)))C(O)(C(=O)(OON(=O)(=O)))C(=O)C,-7.8859934322345,-8.174315
C(OO)C(=O)C(C)(C(ON(=O)(=O)))C(C(=O)(OO))C(=O)C,-7.684679895039153,-7.2686157
CC(=O)CC(ON(=O)(=O))C(O)C(OO)CC(=O)CC,-8.863001930123573,-8.610759
C1(ON(=O)(=O))OC1(C)C(OO)C(O)C(=O)(OON(=O)(=O)),-5.0634418333193025,-5.0122747
C(=O)(OO)C(=O)C(ON(=O)(=O))C(=O)C(ON(=O)(=O))OC(=O),-4.89189036073185,-5.1385055
C(=O)(O)C(=O)C(=O)C(ON(=O)(=O))C(=O),-3.5636413489501138,-4.0118775
CC(OO)(C(OO))C(C(O))C(OO),-8.988266246675721,-9.305189
C(=O)(OO)C1OC1(C)C(ON(=O)(=O))C(O)C(=O),-6.824202657225669,-8.784644
C(=O)(OO)C(=O)CC(C(ON(=O)(=O))(C)C)C(OO)(C)C(=O),-8.462107194900454,-10.5169525
CC(=O)CC(C(ON(=O)(=O)))C(OO)(C)C(=O)(OO),-6.916033538045667,-10.26174
CC1(C(=O)(O))OOC(ON(=O)(=O))(C1(=O))C(=O)C(=O),-5.691349142354738,-4.7802596
CC(OO)(C)C(ON(=O)(=O))(C(=O))C(=O)C(ON(=O)(=O)),-5.677213194820979,-5.1828384
C(=O)(O)C(=O)C(O)C(O)(C)C(=O)OC(=O),-7.457752972438357,-6.7593236
C1(O)COOC1C(=O)C(OO),-4.868010797380066,-6.3064303
C1(O)C(ON(=O)(=O))OOC1(OO)C(OO)C(=O)C,-7.455543251475774,-7.2219768
C1(=O)OC1(C)C(OO)C(ON(=O)(=O))C(=O)(O),-6.602679130427077,-6.4313717
C1(O)COOC1(OO)C(N(=O)(=O))(ON(=O)(=O))C(=O),-5.6155706857748555,-5.76047
CC(ON(=O)(=O))C(OO)C(C)(C)C(=O)(OO),-5.685568801685804,-3.1598845
CC(OO)CCC(=O)C(ON(=O)(=O))C(O)CC(O),-9.842443868984446,-9.66926
C1(=O)C(O)C(OO)C(N(=O)(=O))(C2(O)(OO))OOC12,-8.964245767579541,-10.389389
CC(=O)C(ON(=O)(=O))C1(OO)OC1C(O)(O)C(=O)(OO),-9.721018213392654,-10.086611
C(=O)(OO)C1(O)C(ON(=O)(=O))(C(=O))OOC1(O)C(ON(=O)(=O))C(=O),-7.948283020738472,-9.917782
CC(C(=O))C(ON(=O)(=O))(C)C(OO)C(=O),-5.607029315309319,-5.875965
C1(ON(=O)(=O))OC1(C(=O))CC(=O),-2.4324063395138182,-2.6369524
C(O)C(=O)C1OOC(OO)(C1(=O))C(=O)(O),-8.111325496316567,-9.71529
CC(=O)CC(ON(=O)(=O))C(O)C(OO),-6.094009223297235,-6.3091407
CC(ON(=O)(=O))(C)C(CC(=O)(OO))CC(=O)C(=O)C(=O),-6.507250245410432,-7.300536
CC(=O)C1OC1C(=O)C(O)(N(=O)(=O))C(=O)(OO),-6.840155892021357,-6.8298564
C(=O)(O)C1(O)OC1(C(=O))CC(=O)(OON(=O)(=O)),-5.988446830216162,-4.716592
CC1(C)C(C(=O)C(OO))CC1CC(=O),-5.686008597177079,-5.764206
CC(OO)(C)C(C(=O)(OO))C(ON(=O)(=O))(C(O))C(=O)(OON(=O)(=O)),-7.164205394487908,-6.4226665
C(=O)C(ON(=O)(=O))C(C(ON(=O)(=O)))(C(=O)(OO))OOC(=O)C(=O),-5.989006566297576,-5.174269
CC1(C(=O)(O))OC1(ON(=O)(=O))C=CC(=O)(OO),-7.747254278989203,-7.3828883
C1(N(=O)(=O))C(=O)C(ON(=O)(=O))(C)C(=O)OOC1C(=O)(OO),-5.610307761487547,-6.8630614
C(OO)C(OO)(C(=O)(OON(=O)(=O)))OC(=O)C(=O)C(=O),-5.474426944188053,-5.12247
C(O)C1(O)C(=O)OOC1(O)C(=O)(OON(=O)(=O)),-5.280932643129745,-5.045376
CC1(C(=O)(OO))OOC(N(=O)(=O))(C1(O))C(=O)C(=O),-7.01181278320837,-6.1643286
C(O)CCC(=O)CCC(=O)C(ON(=O)(=O))C(=O),-6.110871125159065,-6.5778913
CC(=O)C(=O)CC(ON(=O)(=O))C(C(ON(=O)(=O)))(C)C(=O)(OO),-6.207302207344583,-5.5451703
C(=O)(O)C1OC1C(ON(=O)(=O))(C(=O)(O))C(=O),-7.315340164943336,-7.3855653
C(O)C(ON(=O)(=O))(C(=O))C(OO)OC(=O)C(=O),-6.284201400247639,-6.2506914
C1(O)(N(=O)(=O))C(=O)OOC1(C)CC(=O)(O),-6.59430656757786,-5.785244
CC(=O)C(ON(=O)(=O))C(ON(=O)(=O))C(O)C(=O)C(=O),-4.763333809453798,-3.735226
C2(=O)C(O)C(ON(=O)(=O))C1(C)OOC2(ON(=O)(=O))C1(=O),-5.001204825357036,-2.9625735
CC1(C(OO))C(ON(=O)(=O))C(OO)C1CC(=O),-7.356550039301965,-7.8164253
C(=O)(OO)C1OC1C(C(=O)(O))C(=O)(OON(=O)(=O)),-6.439887589388036,-8.26618
C(ON(=O)(=O))C(=O)C(C(OO))CC(=O)(OO),-5.6284926293824356,-5.875759
C(OO)C(N(=O)(=O))(OO)OC(=O)C(=O),-5.234853745725559,-4.5565825
CC(=O)C(=O)C(OO)(C)C(=O)(OO),-5.692144254133382,-2.6781945
C1(OO)C=CC(O)(C2(O)(OO))OOC12,-9.102838416269151,-8.354663
C(=O)C(=O)C(O)(O)C(=O)OC(OO)C(=O),-7.091237199068928,-8.132084
C(ON(=O)(=O))C(=O)C1(O)OC1C(=O)CC(=O),-4.708294946813112,-6.550901
C(=O)(O)CC(=O)C1(N(=O)(=O))OC1(OO)C(ON(=O)(=O)),-6.847316735085769,-6.3016925
CC1(C(=O)(OO))OC1C(O)C(ON(=O)(=O))C(=O)(OO),-8.319826952980748,-10.509578
CC(=O)C(=O)OC(N(=O)(=O))(OO)C(=O)C(O)C(=O)(OON(=O)(=O)),-5.980409264665468,-5.589537
C(=O)(OO)C(O)(N(=O)(=O))C(OO)C1(C(O))OC1C(=O),-10.299586246324907,-10.680487
C(ON(=O)(=O))C1(O)C(=O)OOC1(N(=O)(=O))C(=O)C(O)C(=O)(OO),-7.941789204199267,-7.354717
C(=O)(O)C(C(ON(=O)(=O)))C1OC1(O)C(=O)(OON(=O)(=O)),-5.781150237852216,-6.155436
CC(ON(=O)(=O))C(OO)CC(ON(=O)(=O))C(O),-6.272212787040644,-6.365726
CC(O)CCC(ON(=O)(=O))C(ON(=O)(=O))CCC(=O)(O),-8.031057997185599,-8.452518
C1(=O)OC1(N(=O)(=O))C(OO)C(=O)(O),-6.02018504253374,-3.9991088
CC(ON(=O)(=O))(C)C(O)(C(OO))CC(=O)C,-7.268271930829997,-6.806981
CC(OO)(C(=O)(OON(=O)(=O)))C(O)C(=O)C(O)C(=O),-7.328990206679009,-9.37632
CC(=O)C(ON(=O)(=O))C(C)(C)C(=O)C(OO)C(=O)(O),-8.622541546674256,-6.9708943
CC1(O)C(C(=O)(OON(=O)(=O)))OOC1C(O)C(=O),-6.497546999240058,-5.441493
C(=O)(OON(=O)(=O))C1CC(OO)(C1(C)C)C(OO)C(=O),-7.54031797531843,-7.3557296
C(=O)(OON(=O)(=O))C(O)(O)C(=O)C(OO)C(=O)(OON(=O)(=O)),-4.736595353007488,-3.1424725
C(=O)(OO)C2=CC(=O)C(O)(O)C1OC12,-6.714422459124307,-7.4663982
C1(=O)C(O)(C(=O)(OO))OOC1(O)C(O)C(=O),-8.733709808306685,-7.703588
C1(O)(O)C(OO)OC(=O)C(O)(C(O))C(ON(=O)(=O))C1(=O),-9.710855287020422,-10.395899
C(=O)(OON(=O)(=O))CC(=O)C(=O)C(O)(C(O))C(=O),-5.293256288226075,-6.584721
CCCCCC(=O)(O),-1.5104226026608103,-1.8548036
C(=O)(OO)C(=O)C1OOC(ON(=O)(=O))(C(=O))C1(O)C(OO),-8.708897569031706,-8.832033
C(=O)(O)C(=O)OOC(ON(=O)(=O))C(OO)C(=O)(OON(=O)(=O)),-5.8352278703555385,-5.815601
CC(OO)(C(OO))C(C)C(=O)(OON(=O)(=O)),-4.708921059023851,-4.514579
C(=O)(OON(=O)(=O))C(O)(C(=O))C(OO)OOC(=O),-4.763482963880051,-5.2957563
C1(O)C(N(=O)(=O))(ON(=O)(=O))OOC1(C)C(O)C(=O),-6.2309008960965,-5.2400804
C(=O)C(ON(=O)(=O))OOC(C(=O)(O))C(OO)C(=O),-7.432756397738558,-7.6472135
C(=O)(N(=O)(=O))C(=O)OC(=O)C(OO)C(O)(C)C(=O)(OON(=O)(=O)),-5.032524111631574,-4.2248516
C1(OO)C(ON(=O)(=O))C(OO)C(=O)OOC1C(=O)C,-7.113427784604937,-7.3628945
C(=O)(O)C1(ON(=O)(=O))OC1(O)C(=O)C(=O)(OON(=O)(=O)),-3.8047334530920125,-4.587531
C(=O)C(=O)C(=O)OOC(=O)C(OO),-3.770329759804099,-3.3021722
CC(O)(C(=O)(O))C(ON(=O)(=O))C(C)(C)C(O)C(=O)(OON(=O)(=O)),-8.589230213793599,-7.73132
C(=O)(OO)C(O)C(ON(=O)(=O))C1OC1(C(ON(=O)(=O)))C(=O),-6.835121542721481,-6.780238
C1(OO)OC1C(O)(C(ON(=O)(=O)))C(=O)C(=O),-5.562426015063011,-4.778948
CC(=O)CCC(O)CC(=O)CC(ON(=O)(=O))C(OO),-8.863001930123573,-10.6195755
C(=O)(OON(=O)(=O))C(O)C(OO)C(=O)C(=O)C(=O),-4.544498560433567,-4.8945727
C(=O)(OO)C(=O)C(O)(C(=O))C(=O)OC(=O),-5.383176367855867,-4.0896187
C(=O)(OO)CC(=O)C(O)C(=O),-4.832319043417556,-3.4614654
C1C(=O)C(=O)C2OOC1(ON(=O)(=O))C2(O)(O),-5.480584864796583,-6.4312377
C(=O)(O)CC(=O)(OO),-4.196248848678124,-5.260689
CC(=O)OC(=O)C(O)(OO)C(=O)(OO),-7.3337506454845425,-7.751506
CC(ON(=O)(=O))(C)C(OO)(C)CC(=O)C(=O)(OON(=O)(=O)),-5.51544625259703,-5.282574
CC(=O)C(OO)C(O)C(ON(=O)(=O))OC(=O),-6.398222392785556,-6.3725653
C(=O)C1(ON(=O)(=O))OC1C(OO)(C(=O)(OO))C(O)C(=O),-8.324257339975247,-10.254312
C(=O)(OON(=O)(=O))C(O)C1OOC(O)(C1(O)(O))C(=O),-7.689572328087706,-4.291404
C(=O)C1(ON(=O)(=O))OC1(C(=O)(OO))C(O)C(=O),-5.688128104147381,-5.5142164
C(=O)(OO)C1OC1C=CC(=O)(OON(=O)(=O)),-4.687437089047307,-5.7716155
C(=O)(O)C(=O)C(OO)OC(=O)C(ON(=O)(=O))C(O)C(=O),-8.601709186949847,-8.898016
C1(O)(O)C(=O)OOC1(N(=O)(=O))C(ON(=O)(=O))C(OO)C(=O)C,-8.116086001646636,-8.043977
CC(=O)C(ON(=O)(=O))CC(=O)C(C(O))(C)C(=O)(OON(=O)(=O)),-5.946335698299663,-5.4920425
C(=O)(OO)C1OC1C(=O)C(O)(C)C(=O),-6.571709285130964,-5.385879
C(=O)(OO)C(=O)C(O)C(OO)(C(ON(=O)(=O)))OC(=O),-7.7426009456062275,-8.684313
C1(O)(O)C2(N(=O)(=O))OOC1(C(OO))C(ON(=O)(=O))C(O)C2(=O),-8.863982032212334,-9.738122
C(=O)(OON(=O)(=O))C(ON(=O)(=O))C(O)(C1(O))OOC1(C)C(=O),-6.649598906842584,-6.723866
C(=O)(OON(=O)(=O))C(O)C=CC(=O),-2.8309544907619966,-3.295576
C(=O)(O)C(=O)OC(=O)C(O)(N(=O)(=O))C(OO)(C)C(=O),-8.346627054061628,-9.423955
C(OO)C(=O)C1(N(=O)(=O))OC1(O)C(=O)C(OO),-7.400715100558955,-6.879438
CC(=O)C(C(=O)(OO))C(C)(C(OO))C(OO)CC(=O),-10.176771674928204,-10.697267
CC(=O)CC(=O)C(O)C(OO)CC(=O)(OON(=O)(=O)),-6.5626044585751515,-7.7832236
CC(=O)C(ON(=O)(=O))CC(ON(=O)(=O))C(O)CC(=O)(OO),-6.749457008462741,-8.280693
C1(ON(=O)(=O))C=CC(=O)OOC1(OO)C(=O)C,-5.693138425745019,-5.0113263
C12CC(ON(=O)(=O))(C1(C)C)CC(ON(=O)(=O))C2(OO)C,-5.5522959262725635,-5.2157893
C(=O)(OON(=O)(=O))C1(O)OC1(C)C(=O)C(O)C(=O),-5.486135336545885,-4.936137
C(O)C(=O)C(C)(C)C(C(=O))C(=O)C,-5.208545720345228,-5.292256
C1(O)C(=O)OOC1(O),-2.8982842589061875,-4.5454116
CC(C(=O)(OO))=C(OO)C(=O)(OON(=O)(=O)),-4.553761139813105,-2.8690233
CC(OO)CC(ON(=O)(=O))CCC(=O)CC(=O)(OO),-7.69799383015652,-7.7246065
CC(=O)C(O)C(OO)C1OC1(ON(=O)(=O))C(=O),-6.596131912961937,-7.224118
C(O)C(=O)C(N(=O)(=O))=C(OO)C(OO)OC(=O),-9.39843453080448,-8.701
CC(C)C(=O)C(ON(=O)(=O))(C)C(=O)C(=O)(O),-6.058171915976345,-4.023558
C1(O)(N(=O)(=O))C2(N(=O)(=O))OOC1(O)C(OO)C(O)C2(=O),-7.756048056945474,-6.75291
CC(ON(=O)(=O))(C)C(C(OO)(C)C(=O))C(OO)C(=O)C(=O),-8.996935342431243,-8.752165
CC(C(=O)(OON(=O)(=O)))=C(OO)C1OC1(ON(=O)(=O))C(=O),-5.615537142006815,-3.8816338
C12OOC(C1(O))C(N(=O)(=O))(OO)C(ON(=O)(=O))(OO)C2(OO),-8.909617404517121,-10.937041
C(=O)(O)C1OC1(O)C(=O)C(ON(=O)(=O))C(=O),-6.021998554359925,-7.2771287
C1(O)C(C(=O)(OON(=O)(=O)))OOC1C(O)C(=O)(OON(=O)(=O)),-5.060537485559962,-5.868115
C(O)C(OO)(C(ON(=O)(=O)))C(C(OO))C(=O)C(=O),-8.741192431666605,-8.973849
C(O)C(ON(=O)(=O))(C(=O)(O))C(C(=O)(OON(=O)(=O)))C(=O)C,-6.067686589361983,-7.2952747
CCC(ON(=O)(=O))CC(=O)CC(O)CCC(OO),-8.10243500228944,-8.482286
C(=O)(O)C(C(=O)(OON(=O)(=O)))OOC(=O),-3.796888678752566,-4.0454907
C(=O)CC(=O)C(OO)(C(=O))OC(=O),-4.30963689418013,-5.359536
CC(=O)C(=O)CC(=O)C(ON(=O)(=O))C(ON(=O)(=O))CC(OO)C,-7.697043450707497,-6.1688747
CC(OO)(C)C(C(ON(=O)(=O)))C(O)C(=O),-6.8737396669298505,-7.060813
C(OO)C(=O)CC(=O)C(C)C(=O),-4.6634699320075015,-5.1625752
C(=O)(OO)C(ON(=O)(=O))C(O)C1OC1(C(=O)(O))C(=O),-8.806045196978175,-9.339025
C1(OO)C=CC(=O)OOC1(OO)C(=O)C(ON(=O)(=O)),-7.53576390003127,-7.6603045
CC(=O)C(OO)(C1(C)C)CC1(ON(=O)(=O))C(OO)C(=O),-8.463035437424878,-8.008076
C(=O)(O)C(=O)OOC(=O)C(O)(C)C(=O),-6.706930882701272,-5.0912347
CC(=O)C(OO)(C1(C)C(ON(=O)(=O)))CC1C(=O)(OON(=O)(=O)),-5.885066709340208,-5.5208497
C(=O)(OO)C=C(C(OO))C1(N(=O)(=O))OC1(O)C(=O),-9.636891692663994,-8.933948
C(=O)(O)C(=O)OC(=O)C(O)(C(O))C(ON(=O)(=O))C(=O),-8.07384844606031,-8.527056
C(O)C(C(O))C(ON(=O)(=O))(C)C(=O),-5.893729299415554,-6.1810975
C(O)C(C(ON(=O)(=O)))C(OO)(C)C(=O),-6.2643897581588135,-6.5908647
CC(=O)CC(ON(=O)(=O))C(OO)(C)C(=O)(OON(=O)(=O)),-4.924100854368589,-5.095936
C(=O)(OON(=O)(=O))C(O)C(=O)OOC(ON(=O)(=O))(C(=O))C(=O)C(OO),-6.421597578217188,-6.8236475
C(=O)(OON(=O)(=O))CC(O)(C(=O)(O))C(ON(=O)(=O))(C)C(=O),-6.529896512925916,-6.1510863
C(=O)C(OO)=CC(=O)OC(=O),-4.634432554545128,-2.120732
CC(=O)C(ON(=O)(=O))(CC(=O)(O))C(O)C(=O)(OO),-7.849939360125973,-8.451012
C(=O)C1(OO)OC1C(OO)(C(=O))C(=O),-6.195765083510651,-6.226755
C(=O)OC(OO)C(ON(=O)(=O))(C(=O)(O))C(ON(=O)(=O))C(=O),-7.015108770612187,-7.4587693
C(=O)(O)C(=O)OC(O)(C(=O)(OO))C(=O),-6.987949719355129,-6.4432664
C1(=O)C(ON(=O)(=O))(C)C(=O)C(ON(=O)(=O))OOC1C(=O)(O),-5.8811584959812535,-5.7368755
C(OO)C(=O)C1(O)OC1(N(=O)(=O))C=CC(=O),-7.33517174032022,-8.17455
CC(=O)C(OO)CC(=O)C(ON(=O)(=O))C(=O)CCC(O),-8.770650302414651,-9.044254
C1(=O)C(=O)CC(=O)OC(=O)C1(O)C(O),-5.723509897115036,-7.932897
C(OO)C1(C(=O)(OON(=O)(=O)))OC1C(O)C(=O),-5.329592015742037,-5.6461897
C12OOC(O)(C2(O))C(=O)C(ON(=O)(=O))C1(OO)C(=O)(OON(=O)(=O)),-6.891262746207758,-6.61258
C1(OO)OC1(N(=O)(=O))C(=O)C(C(=O))C(=O),-4.452912788120102,-4.8118944
C(O)C(ON(=O)(=O))(C(=O)(OON(=O)(=O)))C(C(=O))C(OO)(C)C,-7.194380326309329,-7.345589
C(=O)(N(=O)(=O))C(=O)OC(OO)C(O)(C)C(OO)C(=O)(O),-9.793889358013075,-9.132726
C(=O)(O)C1OC1C(ON(=O)(=O))C(O)C(=O),-6.517903178256347,-6.7833714
C1(=O)OC1(C)C(ON(=O)(=O))C(ON(=O)(=O))C(=O)C(=O)(O),-5.300380155338644,-5.145176
C1(=O)OC1(O)C(ON(=O)(=O))C(ON(=O)(=O))(C)C(=O)(OO),-6.066215927517078,-12.06617
C(O)C(=O)C1(O)OC1(OO)C(=O)(OO),-7.790541249937178,-7.2916565
CC(O)CC(OO)C(OO)CC(O),-9.529113994426098,-9.974072
CC(=O)C(=O)CC(=O)OOC(=O)C(=O)(OON(=O)(=O)),-3.380421619790468,-2.6683702
CC1(C(=O)(O))OOC(C1(O))C(OO)C(=O)(O),-11.429397504213739,-12.200498
C1(O)(O)C(=O)OOC1(N(=O)(=O))C(ON(=O)(=O))C(O)(C)C(=O)(O),-9.134444881078707,-7.968819
C(=O)(OO)C(=O)C(ON(=O)(=O))C(O)(O)C(=O)C(=O),-6.557934065346672,-6.950208
C1(ON(=O)(=O))OC1C(OO)(C(=O)(O))C(=O)C(=O),-6.384222572937688,-5.7854323
C(=O)(OO)C(O)C(ON(=O)(=O))C(=O)OC(OO)C(=O)(OON(=O)(=O)),-7.32321531839807,-6.499313
C(ON(=O)(=O))C(=O)C(=O)C1OOC(OO)(C1(O))C(=O)(OO),-8.627052336780707,-10.384601
C2(O)(O)C(=O)C(O)(C)C(ON(=O)(=O))C1OC12(OO),-8.532762781320798,-9.390589
CC(ON(=O)(=O))C(=O)CC(OO)C(ON(=O)(=O))C(OO),-7.23856044360582,-8.007067
C1(O)(O)C(C(=O)(OON(=O)(=O)))OOC1(C(ON(=O)(=O)))C(=O)C(=O),-5.97756612583089,-6.111506
C(=O)C(=O)C(=O)C(O)C(=O)OC(=O)C(=O),-4.365660810844474,-4.182796
C(=O)(OO)C(OO)C(O)(OO)C(=O)C(=O),-7.969805846050804,-7.7585816
C(=O)(O)C(=O)OC(OO)(C)C(=O)C(OO),-8.629046903008657,-8.8888
C(=O)C(ON(=O)(=O))C(C)(C(ON(=O)(=O)))C(OO)C(=O),-6.041948378166126,-5.997864
CC(OO)(C)C(O)(C(=O)C(=O)(O))CC(=O),-9.356870535049893,-5.7058787
C(=O)(O)C(N(=O)(=O))C(=O)C(=O)(OO),-4.903745548683673,-5.291227
C(=O)(OON(=O)(=O))C1(OO)OC1C(C)=C(OO)C(=O),-6.80591098949435,-5.650976
C(=O)(OO)C(=O)C(=O)C(=O)OC(=O)C(=O)C,-5.41807469946616,-4.254696
C(=O)C(=O)C(=O)C=CC(=O)C,-2.592870149211194,-2.3205721
C(=O)(O)C1OC1C(ON(=O)(=O))(C)C(ON(=O)(=O))C(=O),-6.078989157334945,-6.2730403
C(=O)C(=O)C(=O)C(O)C(O)(ON(=O)(=O))C(OO)C(=O),-7.558775449494533,-7.4353085
C(O)C(=O)C1OC1(ON(=O)(=O))C(=O)C(=O)(O),-5.910970083938992,-4.048256
CC(=O)C(ON(=O)(=O))C(=O)CCC(OO)CCC,-6.595060826261943,-5.01338
C1(O)C(OO)(C)OOC1(O)C(O)(N(=O)(=O))C(=O),-8.88937761512716,-9.358335
CC(ON(=O)(=O))CCC(OO)CC(=O)(O),-6.3989401110229664,-6.625967
C(O)C(OO)C(C)(C(ON(=O)(=O)))C(C(=O))C(=O)C,-8.237753565269486,-7.874388
CC(O)(C)C(OO)(C(=O)(OO))CC(=O),-7.833167076428708,-10.890108
CC1(C)C(C(=O)(OO))C(ON(=O)(=O))C1C(ON(=O)(=O))(C)C(=O)(OO),-7.821704666982441,-5.745188
C(=O)(OON(=O)(=O))C(OO)C(=O)C1OC1(C(=O)(OO))C(=O),-6.4408534746371515,-6.9905577
C1(OO)OC1(O)C(=O)(OO),-4.852060620533393,-5.136667
C(=O)(OON(=O)(=O))C(=O)OC(OO)C(C(O))C(=O),-5.388320013910743,-6.597804
CC(C(=O)(O))C(C)(C(OO))C(=O)CC(=O)(OON(=O)(=O)),-7.779753465449176,-8.127097
CC(=O)C1C(ON(=O)(=O))C(C1(C)C)C(OO)C(=O)(OO),-8.176082379774925,-11.385676
c1cc(O)ccc1C(=O),-3.974208998756694,-4.776946
C(=O)(O)C(=O)C(N(=O)(=O))(C(=O)(O))OOC(=O)C(=O),-7.491472157043063,-7.1378665
C(=O)(O)C1(OO)OC1(OO)C(=O)CC(=O),-8.357373533566715,-8.997981
C(=O)(OO)C(O)C(OO)C1(C)OC1(ON(=O)(=O))C(=O)(OON(=O)(=O)),-7.461841736421775,-6.0271416
CC(ON(=O)(=O))C(=O)C(=O)CC(=O)CC(=O)(OO),-5.612862377549391,-5.189946
CC(ON(=O)(=O))(C)OOC(C(=O)(O))CC(=O)CC(=O),-6.673196701462075,-7.600762
C(=O)(O)C(=O)OC(O)C(C(=O)(OO))=CC(=O)(O),-11.263812888798384,-12.445899
C(=O)(O)C=CC1(OO)OC1(O)C(=O)(OO),-9.927262202869315,-9.955288
C(=O)C(=O)OC(=O)C(=O)C(ON(=O)(=O))C(=O)C(ON(=O)(=O)),-3.49654986535279,-3.8984091
C1(=O)C(ON(=O)(=O))C(=O)C1(C)C(OO),-4.421405390465225,-3.7723205
C(=O)(N(=O)(=O))C1(O)OC1C(O)(O)C(=O)C(=O),-6.99890336877661,-5.6513963
C1(ON(=O)(=O))OC1C(C(=O)(OO))=CC(=O),-5.64117673527835,-4.6361823
CC(=O)C(O)C(C)(C)C(C(=O)(OON(=O)(=O)))CC(=O)(OON(=O)(=O)),-5.805025509583174,-5.5124254
CC(=O)C(=O)OOC(=O)C(N(=O)(=O))C(=O)(O),-5.221758486252384,-4.3471994
C(=O)(OON(=O)(=O))C1(C(=O))OC1(OO)C(=O)C(O)C(=O),-5.820901427195167,-8.234674
CC(ON(=O)(=O))CC(=O)CC(=O)C(OO)C(ON(=O)(=O))C(=O)C,-7.697043450707497,-8.170311
CC1(ON(=O)(=O))C(O)C(=O)C(=O)OOC1C(=O)(OON(=O)(=O)),-4.741371815515777,-5.899388
C(O)C(=O)C(=O)C(C(=O)(OON(=O)(=O)))OOC(=O),-3.897534257337611,-3.6932566
CC(=O)OOC(OO)C(ON(=O)(=O))(OO)C(=O),-5.988623803374139,-5.261397
C(=O)(N(=O)(=O))C(OO)OC(=O)C(OO)C(O)(C)C(=O)(O),-10.288972465034476,-9.314054
C(=O)(O)C(O)(OO)C1OC1C(=O)C(ON(=O)(=O)),-7.85382171173751,-8.288926
C(O)C(C(=O))C(=O)C(=O)C(=O)C(=O)(O),-6.265933268779918,-8.147881
C1(OO)C=CC(=O)OOC1(OO)C(=O)(OO),-9.074635853168274,-8.681542
C1(O)(O)COOC1(O)C(=O),-5.606448595604434,-5.5534086
C(=O)(O)C(=O)C(O)(C(ON(=O)(=O)))C(=O),-5.3301074865826195,-5.024821
C(=O)(O)C(=O)OC(=O)C(O)(O)C(=O)C(=O)C(ON(=O)(=O)),-8.399586480830294,-4.4346967
CCCC(O)CC(=O)C(=O)C(=O)C(O),-6.833049457389734,-7.0549846
C(=O)C(=O)C1(N(=O)(=O))OOC(=O)C1(O)(O),-4.520028910045767,-4.2969785
C(OO)C(=O)C1CC(ON(=O)(=O))(C1(C)C)CC(=O)(OO),-8.176082379774925,-9.400859
C(=O)(OO)C1(OO)OC1(C(OO))C=CC(=O)(OON(=O)(=O)),-8.335810689172376,-8.795025
CC(O)(C(=O)(O))C1(N(=O)(=O))OOC(OO)(C1(O)(O))C(=O),-11.821061301010559,-11.078081
C(=O)(O)C1(C(=O))OC1(O)C(=O)C(N(=O)(=O))C(=O),-7.215143616343539,-6.3434486
C(=O)(OON(=O)(=O))C(=O)OC(=O)C(OO)(C)C(=O)C(=O),-3.9473872446865244,-3.7955897
C(=O)(OO)C=CC1(OO)OC1(OO)C(=O)(OON(=O)(=O)),-7.566239650472198,-8.314712
C(=O)(O)C(=O)C(ON(=O)(=O))(C(=O)(O))OOC(=O)C(=O),-7.202586773351413,-6.8305297
CC(C(O))C(=O)(OON(=O)(=O)),-1.6583067103665599,-1.5675118
C(=O)(O)C(C(=O)(O))OOC(OO)(C(ON(=O)(=O)))C(=O)(OON(=O)(=O)),-8.427274644775935,-8.49445
C(=O)C1(O)C(=O)OOC1(O)C(=O),-4.928484874481455,-4.7773376
CC(=O)C(OO)C(C)(C)C(C(ON(=O)(=O)))C(=O)(OO),-7.69799383015652,-8.830732
C(OO)C(OO)C(C)(C(OO))C(=O)CC(=O),-9.50819447550839,-9.884381
CC(=O)C(=O)CC(ON(=O)(=O))(C(OO)(C)C)C(=O)C(=O),-6.958914384363197,-6.8595686
CC(OO)(C)C(C)CC(=O)C(OO),-6.237875304464069,-5.7909756
CC(ON(=O)(=O))(C)OOC(C(=O)C)C(ON(=O)(=O))C(=O)C(OO),-6.4557803685011095,-6.0448666
C1(=O)C=C(N(=O)(=O))C(O)(C2(O)(OO))OOC12,-8.110169204396698,-7.5043125
C(=O)(OO)C1(O)OC1(C(=O))CC(=O)(OON(=O)(=O)),-5.4853526085962585,-3.9814305
C(=O)(OO)C(ON(=O)(=O))C(O)(C(=O))C(=O)OC(=O)C(=O),-6.071776082536871,-5.510813
C(=O)(O)C(=O)C(ON(=O)(=O))C1OC1(C(=O)(O))C(ON(=O)(=O)),-7.856019016719529,-7.566949
C(=O)(OO)C(ON(=O)(=O))C(C)C(OO)(C)C(=O),-6.433626817147797,-7.807104
CC(=O)C1(OO)OC1C(=O)C(OO)C(=O)(OO),-8.998136962698482,-8.656429
C(=O)(O)C(C(=O)(OO))C(=O)OC(OO)C(=O),-8.464544847275647,-7.0274396
C12OOC(C1(=O))C(N(=O)(=O))(OO)C(=O)C2(=O),-3.8703369712416134,-3.640893
C1(OO)OC1(O)C(O)C(=O)C(=O)(O),-8.584936162815211,-7.7185693
C1(OO)OC1C(O)C(=O)C(=O)C(=O)(OON(=O)(=O)),-4.543826688494391,-4.302395
C1C(ON(=O)(=O))C(ON(=O)(=O))C1(C)C,-2.0439774651486005,-1.8821654
CC(=O)C(ON(=O)(=O))(C(OO)(C)C(OO))C(ON(=O)(=O))C(=O),-8.000328077728227,-7.2614527
CC(OO)(C(=O)(O))C(=O)C(=O)C(=O)C(=O)(OON(=O)(=O)),-5.779459585789482,-5.0392528
C(=O)(O)C(=O)C1(C)OOC(OO)(C1(O))C(=O)(OON(=O)(=O)),-8.414082954781406,-5.897529
C(ON(=O)(=O))C1(O)C(=O)OOC1C(=O)C(OO)C(=O)(OO),-8.450966220666942,-7.6561055
C(=O)(O)C(=O)OC(OO)C(=O)CC(=O),-6.428638392981611,-7.5807357
C(=O)(O)CC(=O)CC(OO)C(ON(=O)(=O))(C)C(ON(=O)(=O)),-7.932118203565551,-8.758548
C(=O)(N(=O)(=O))C(=O)C1(C(O))OOC(C1(=O))C(=O),-4.785174173420273,-3.0752997
C2(ON(=O)(=O))C(O)C(ON(=O)(=O))C(C1(O)(O))OOC12C(=O)(OO),-9.525671795947346,-6.8824544
CC(C(=O)(OO))=C(OO)C(O)OC(=O)C(=O),-9.053900373441138,-6.4259434
C1(OO)OC1(C(=O)(N(=O)(=O)))C(OO),-4.593825659707818,-4.898475
C(=O)C(OO)C(O)C1(C(ON(=O)(=O)))OC1(OO)C(=O),-8.778389109218551,-9.060763
C(OO)C(=O)C1(N(=O)(=O))OC1(O)C(=O),-4.975089833381844,-6.9167585
CC(=O)C1OC1(O)C(O)(O)C(=O)(OO),-8.279378030332737,-9.857585
C(=O)(O)C1OC1(O)C(=O)C(=O)C(ON(=O)(=O)),-5.910970083938992,-3.994681
C(=O)(OON(=O)(=O))C(O)(C(=O))C(O)(C(=O))OOC(=O)C(=O),-6.133431088877842,-6.5548553
C1(OO)C(=O)C(OO)C1(C)C,-5.285377525930471,-3.860121
C1(O)COOC1(C(=O)(O))C(=O)C(=O),-6.725796101411106,-5.827699
C(=O)C(=O)C(O)(O)C(OO)(C)OC(=O)C(=O),-8.02823169987596,-5.8230615
CC(O)(C(=O)(OON(=O)(=O)))C(ON(=O)(=O))C(C)(C)C(C(=O)(O))C(=O),-8.233753378102847,-7.660983
C(=O)(O)C=C(C(ON(=O)(=O)))C(O)OC(=O)C(=O)(OO),-9.644051465018492,-10.371052
C(=O)(O)C1(O)OC1C=C(OO)C(=O)(OO),-10.233781021879167,-7.1413183
C(=O)(O)C1(C(ON(=O)(=O)))OOC(C1(=O))C(OO)C(=O)(OO),-9.260933808695881,-11.0578375
C(=O)(N(=O)(=O))C1OC1(O)C(=O)CC(=O)(O),-6.299983089373654,-4.755811
C(=O)(OON(=O)(=O))C1(O)OOC(N(=O)(=O))(C1(O))C(=O)C(=O),-5.104789187796996,-5.8622346
CC(=O)C(=O)C(C)(C(ON(=O)(=O)))C(C(O))C(=O)(OO),-7.596085482633498,-5.6374426
CC(ON(=O)(=O))(C(O))C(OO)(C(=O)(O))CC(=O)C(=O)C,-9.914314619290053,-9.564575
CC(=O)C(OO)CC(C(=O)C)C(ON(=O)(=O))C(=O)(O),-8.622541546674256,-9.43351
CC(=O)C(=O)CC(C(=O)(OON(=O)(=O)))C(C(O))(C)C(=O),-6.051340730276024,-5.804952
C(=O)C1(OO)OC1C(OO)C(O)(C(=O))C(=O),-9.08929573668729,-7.5641394
CC1(C)C(=O)CC1C(O)(C(OO))C(=O)(OON(=O)(=O)),-6.483629119330544,-6.238062
C(=O)(O)C(ON(=O)(=O))C(=O)C(O)(O)C(=O)C(ON(=O)(=O)),-7.185767848265186,-6.8312073
C(=O)(OON(=O)(=O))C(OO)=C(C)C(OO)OC(=O)C(=O),-6.741465756315392,-5.7582183
C(OO)C(O)(C(=O))C(=O)C=C,-5.341375594092369,-4.2953134
C2(=O)C=CC(C1(O))OOC12C(=O)(O),-7.0103251876739705,-7.7920055
C1(O)C(ON(=O)(=O))(C)OOC1C(=O)C(=O)(O),-6.569220360154304,-5.552953
CC(=O)C(ON(=O)(=O))C(OO)OOC(=O)C(=O)(OON(=O)(=O)),-4.584703086313311,-4.6127467
CC1(C)OOC(OO)CC1C(OO)C(=O),-7.160228507635111,-7.282488
C(=O)(OO)C(ON(=O)(=O))(OO)C(ON(=O)(=O))C(=O),-4.569458811371078,-5.701072
C(ON(=O)(=O))C(=O)C(O)C1OC1C(O)(O)C(=O)(OO),-9.097108768903126,-9.564103
C1(=O)C(N(=O)(=O))(OO)C(OO)(C)C(=O)OOC1C(=O)(OON(=O)(=O)),-6.2315121796768835,-6.5406103
CC(=O)C(OO)(C1(C)C)C(ON(=O)(=O))C1(ON(=O)(=O))C(=O)(O),-8.047373748475366,-8.258616
C(=O)(O)C(OO)C1OOC(O)(C(=O))C1(O)C,-10.940762997841375,-7.4837456
C(=O)(O)CC(=O)C(C)C(ON(=O)(=O)),-4.637207319834488,-4.7657833
C1(OO)CC(OO)CC(OO)C1(O)C,-9.121157041560764,-10.137347
C12(N(=O)(=O))OOC(OO)(C1(O)(O))C(ON(=O)(=O))C(O)C2(=O),-7.787537941708706,-7.2995496
C(=O)(N(=O)(=O)),2.301162567714073,1.0126563
CC1(C)C(OO)(C(OO))CC1(O)C(=O)(OON(=O)(=O)),-7.528088488733829,-6.4327593
C(O)C(=O)C(=O)OC(=O)C(ON(=O)(=O))C(ON(=O)(=O))C(=O)(OO),-6.837905987155409,-7.42886
C(=O)(O)C(=O)OC(=O)C=CC(=O),-5.292944783906478,-4.9471245
CC(=O)CC(OO)C(=O)C=C,-3.860687349460477,-3.821066
C1(=O)OC1C(ON(=O)(=O))C(OO)(C(ON(=O)(=O)))C(=O)C(=O)(O),-6.707719649271894,-6.303723
C(=O)(OON(=O)(=O))C(O)C(OO)(C)C1(O)OC1C(=O),-7.483519164810787,-8.167536
C(=O)(OO)C1(OO)OC1(C(=O)(O))CC(=O),-8.634192806388455,-7.8971195
C(=O)C(=O)OC(O)(C(=O)(O))CC(=O),-6.299773274389736,-6.446196
C1(=O)C(=O)OOC1(ON(=O)(=O))C(O)C(=O)C,-4.073406546681326,-4.915362
CC(=O)CC(=O)CC(OO)CC(OO),-6.995833657105322,-7.4714866
C(ON(=O)(=O))C(=O)C(O)(C(=O)(O))OOC(=O)C(ON(=O)(=O))C(=O),-7.589040182087047,-8.886571
CC(=O)C(OO)C(=O)C(ON(=O)(=O))(C)C(=O)(OO),-6.406288844761548,-5.8615894
C(=O)(O)C1(ON(=O)(=O))OC1(ON(=O)(=O))C(C)C(=O)(OO),-6.7448785727965515,-4.3536277
C(O)C(=O)C(O)C(O)C(=O)(OO),-7.56948043066086,-6.9719334
C(O)C(=O)C(C(O)C(=O)(O))OOC(=O)C(=O),-9.070293478403983,-9.811793
C(ON(=O)(=O))C(OO)C(C)(C(O))C(=O)C(=O)(OON(=O)(=O)),-6.0269244501000685,-6.600028
C1(=O)C(=O)C(O)C(OO)OC(=O)C1C(OO),-8.093417639917789,-9.938354
C(=O)(O)C(C(OO))C(C(O))(C)C(=O)(OON(=O)(=O)),-7.652057544057243,-8.315842
CCCC(=O)CC(ON(=O)(=O))C(O)CCC(=O)(OON(=O)(=O)),-6.92407580247982,-6.530656
C(=O)C1(ON(=O)(=O))OC1(O)C(OO)(C)C(O)C(=O),-8.504687916778948,-10.206715
C(=O)(OO)C(O)C(ON(=O)(=O))C(O)C(=O),-6.15642045766981,-7.102461
C(=O)(O)C(OO)(C(ON(=O)(=O)))C(ON(=O)(=O))C(=O)(OO),-7.067996896804743,-5.619305
CC(OO)(C)C(OO)(C)CC(=O)C(OO),-8.646025951747106,-8.335701
C1(OO)OC1C(ON(=O)(=O))(C)C(ON(=O)(=O))C(=O),-4.782121068237302,-5.0733433
C(=O)(O)C(OO)C(O)C1(OO)OC1(ON(=O)(=O))C(=O),-9.846015925107167,-10.116205
C(=O)(O)C1(C(=O)(OO))OC1C(O)C(ON(=O)(=O))C(=O)(OON(=O)(=O)),-8.083148138824981,-9.972522
C(=O)(OO)C(=O)C1OOC(O)(C1(O))C(=O)C(=O),-8.547644497284182,-8.827127
C1(O)(OO)C2(OO)OOC1C=C(C)C2(=O),-8.774625392799408,-7.569708
C(=O)OC(=O)C(=O)C(ON(=O)(=O))(C(=O)(OO))C,-4.320530834197143,-3.4258556
CC1(C)C(=O)C(OO)C1C(OO)C(ON(=O)(=O))C(=O)(OON(=O)(=O)),-7.380973053288471,-6.926275
C1(ON(=O)(=O))OC1C(OO)C(O)(OO)C(=O)(OO),-8.167322528885052,-6.8259172
CC(O)(C)C(C(=O)C(ON(=O)(=O)))C(OO)C(=O)(OO),-8.408216222644114,-7.2946663
CC(=O)C(=O)CC(O)(C(OO)(C)C(ON(=O)(=O)))CC(=O)(OO),-9.74933167952986,-10.706599
C(=O)(O)C(=O)C1(OO)OC1C(O)C(ON(=O)(=O))C(=O),-8.607402128375725,-9.547729
C(=O)(OO)C(O)(N(=O)(=O))C(=O)C1OC1(OO)C(=O),-7.4709146784935,-8.839225
CC1(C)C(OO)(C(=O)(OO))CC1C(ON(=O)(=O))(C)C(=O)(OO),-9.139867975499328,-7.2594905
C(=O)(OON(=O)(=O))C1OOC(O)(C1(O)(O))C(ON(=O)(=O))C(=O),-6.5208198148584415,-6.3117795
CC(C(OO))(C(=O)(OO))C(C(ON(=O)(=O)))CC(=O)(OON(=O)(=O)),-5.968709296593261,-6.245465
C(=O)(O)C(=O)C(N(=O)(=O))C1OC1(OO)C(=O),-6.67132432633889,-6.1632314
C(=O)(OON(=O)(=O))C(=O)C(OO)OOC(=O)C(O)C(=O),-5.559007198782183,-5.094914
C(ON(=O)(=O))CC(=O)CC(OO)C(=O)CC(ON(=O)(=O)),-6.2685224946917515,-8.405818
C1(O)C(O)(C(=O)(O))OOC1(C(=O)(OON(=O)(=O)))C(=O)C(=O),-7.715921231110769,-8.107108
C(O)C(=O)OC(=O)C(ON(=O)(=O))C(OO)C(=O)(OON(=O)(=O)),-5.397238249368002,-5.9561133
CC(OO)(C)OOC(=O)C(ON(=O)(=O))(C)C(=O)(O),-7.203003680132042,-6.5107427
C(ON(=O)(=O))C(OO)(C(=O)(OO))C(=O)C1OC1C(=O),-7.0600257476871775,-6.7101197
C(O)C(OO)CC(=O)CCC(=O)(OON(=O)(=O)),-5.896973190348035,-6.9209514
C(O)C(OO)(C(ON(=O)(=O)))C(=O),-4.903475854119279,-4.5307875
CC(=O)C1OOC(O)(C1(=O))C(=O)(N(=O)(=O)),-4.11359366255283,-3.421289
C1(O)(O)C(OO)(C)OOC1(N(=O)(=O))C(=O)(O),-8.779860492586977,-5.4925313
C(=O)(OO)C1(O)OC1C=C(OO)C(=O)(OON(=O)(=O)),-7.448223037505613,-8.35629
C(=O)(O)C(=O)C(=O)C(=O)CC(=O)C,-5.083460088623724,-6.675957
CC(ON(=O)(=O))(C)C(O)(C(=O)(OON(=O)(=O)))C(=O)C(OO)CC(=O),-7.467026392014304,-6.531982
C(ON(=O)(=O))C1(C(OO))C(C(=O)(OON(=O)(=O)))CC1C(=O)C,-5.885066709340208,-6.0142336
C(=O)(O)C(N(=O)(=O))(ON(=O)(=O))C(O)(C)C(OO)OC(=O),-8.276594966173434,-7.486764
CC(ON(=O)(=O))CCC(ON(=O)(=O))C(=O)CC(=O)(O),-6.311165537810666,-6.7895284
C(=O)(OON(=O)(=O))C(=O)C(=O)C(O)(C(OO))C(=O),-4.544498560433567,-4.081386
C(=O)(OO)CC1CC(ON(=O)(=O))(C(=O)(OON(=O)(=O)))C1(C)C,-5.534068866865709,-6.4121356
C(O)C(=O)OOC(O)(C(=O)(N(=O)(=O)))C(=O)(OO),-6.407524044172533,-7.2987766
C(=O)C(ON(=O)(=O))C(=O)C(=O)C(OO)C(=O),-3.7635137561806005,-4.4236145
C(=O)(OON(=O)(=O))C(ON(=O)(=O))C(=O)C(=O)OC(OO)(C)C(=O),-4.685684345434311,-3.9913232
C(=O)(O)C=C(OO)C(=O)OC(=O)C(=O)(OON(=O)(=O)),-5.8374335226922085,-6.0829763
CC(=O)C(OO)(C1(C)C)CC1C(OO)C(=O)(OON(=O)(=O)),-7.556556545658168,-6.9235497
C1(=O)OC1(OO)C(=O)C(C)C(=O)(OON(=O)(=O)),-3.749400839075861,-4.4303718
C(O)C(ON(=O)(=O))(C(=O)(O))C(OO)OOC(=O)C(=O),-8.572093151868103,-8.590743
CC(ON(=O)(=O))C(=O)C(C)(C)C(OO)C(=O),-5.917896095012566,-6.045226
C(=O)(O)C(C(=O)(OON(=O)(=O)))C(OO)C(=O)OOC(=O),-6.30022275256033,-6.335257
CC(=O)C(ON(=O)(=O))C(C)(C(=O)(OON(=O)(=O)))C(O)C,-5.333022355914181,-4.4936037
CC1(C(ON(=O)(=O)))C(OO)CC1C(OO)(C)C(=O),-7.583948902729389,-7.1065974
C(=O)(OON(=O)(=O))C(OO)C(O)(N(=O)(=O))C1(O)OC1(C)C(=O),-7.881851839541923,-8.403366
C(=O)(O)CC1OOC(=O)C1(O)C(ON(=O)(=O)),-6.594662509382033,-5.9539647
C2(OO)C(O)C(OO)C(C1(O))OOC12C(OO),-11.991423351031699,-11.163361
C(=O)(O)C(=O)C(O)(O)C(OO)(C)OC(=O)C(=O),-10.254491297175264,-9.520296
C(=O)(OO)C(O)OOC(=O)C(ON(=O)(=O))(C)C(=O),-6.451168377072918,-6.315114
C(=O)(OON(=O)(=O))C(C(=O))C(C)(C(ON(=O)(=O)))OOC(=O),-4.103723812618227,-4.0184174
C12C=CC(N(=O)(=O))(OO)C(OO)(C1(O)C(ON(=O)(=O)))OO2,-7.618315980706939,-7.4064865
CC(O)(C(=O)(OO))C(OO)C1OC1(ON(=O)(=O))C(=O),-8.46925453543463,-9.113173
C(=O)(N(=O)(=O))C1(O)OC1C(OO)(C(=O)(O))C(O)C(=O),-10.557825889262858,-11.995861
C(=O)(O)C1(ON(=O)(=O))OC1C(C(OO))C(=O),-6.7738574270629215,-7.6865935
C(=O)(O)CC1CC(C(=O)C(ON(=O)(=O)))C1(C)C(OO),-8.316135246475824,-9.1034355
C(=O)(OO)C(ON(=O)(=O))C1(C)OOC(OO)(C1(O))C(=O),-8.984654125535144,-6.470043
C(OO)C(=O)C(ON(=O)(=O))C(C)(C)C(ON(=O)(=O))C(=O)C(=O),-6.635281642870723,-5.164206
C12OOC(O)(C2(=O))C(=O)C(O)C1(ON(=O)(=O))C(ON(=O)(=O)),-5.905514729788592,-3.7678983
CC(O)(C(=O))C(N(=O)(=O))(ON(=O)(=O))C(O)(O)C(=O)C(=O),-7.937758295327512,-7.228353
C1C(=O)CC(ON(=O)(=O))C(=O)C1C(OO)(C)C(O),-7.254224438877827,-8.188753
CC(=O)C1OC1(N(=O)(=O))C(O)C(=O),-4.331214868786901,-5.679126
C1(=O)C2(O)OOC1C(OO)=CC2(ON(=O)(=O)),-6.330815867490401,-5.876777
C1(O)(OO)C(ON(=O)(=O))(C(=O)(OON(=O)(=O)))OOC1C(OO)C(=O),-7.372641174431465,-7.016542
C(=O)(OO)C(OO)(C(=O)(OON(=O)(=O)))C(ON(=O)(=O))C(OO)OC(=O),-7.83920477515403,-7.59631
CC(ON(=O)(=O))C(=O)OC(OO)C(=O),-4.397782803392602,-3.2484944
CC(=O)OC(=O)C(ON(=O)(=O))(OO)C(O)C(=O)(OO),-7.760869265507154,-7.322617
CC(OO)(C(=O))C(ON(=O)(=O))C(C)(C)C(ON(=O)(=O))C(=O),-6.949138957504147,-6.622617
C(=O)(OON(=O)(=O))C(O)C(OO)(C(OO))C1OC1C(=O),-7.852871123620389,-8.892911
C(ON(=O)(=O))C(=O)CCCC(OO),-4.135672727615656,-4.151503
CC(OO)(C(=O)(O))OOC(=O)C(ON(=O)(=O))C(=O),-7.28873744515613,-7.3954096
CC(=O)C(=O)C(ON(=O)(=O))(C)C(ON(=O)(=O))(C(O))C(O),-7.344314039537494,-6.3785796
c1c(O)c(O)c(OO)c(O)c1,-8.022866209342737,-9.566462
C(O)C1(C(=O)(O))OC1C(O)C(ON(=O)(=O))C(=O)(O),-10.617154380827742,-11.7224655
C(=O)(OON(=O)(=O))C(=O)C(O)(O)C(ON(=O)(=O))(C)C(=O),-4.803523632402175,-5.0753107
CC(OO)(C(=O)(OO))C(N(=O)(=O))(C1(O)(O))OOC1C(=O),-10.409024586541364,-10.171393
CC(ON(=O)(=O))(C)OOC(C(=O)(OON(=O)(=O)))C(OO)(C)C(=O),-5.872333301345861,-5.400678
CC(=O)CCC(ON(=O)(=O))CC(ON(=O)(=O))C(=O)CC,-5.339332695655685,-5.575143
C(=O)(O)C=CC(C)=CC(=O)(OON(=O)(=O)),-3.024703755113478,-4.593414
CC(C(=O)(O))(C)C(OO)C(O)(C)C(=O),-9.079448573033005,-7.9933467
C(ON(=O)(=O))C1(C(=O))OC1(OO)C=C(OO)C(=O),-7.84553349959333,-8.2081785
CCC(OO)CC(ON(=O)(=O))C(ON(=O)(=O))CC(O),-7.397014842432782,-6.7082314
C(=O)(OON(=O)(=O))C(=O)C(ON(=O)(=O))C(O)(O)C(=O)C(=O),-4.177171202428781,-3.7701945
C(=O)(O)C1OOC(ON(=O)(=O))(C1(O)C)C(OO)C(=O),-9.386038216227462,-10.311121
C1(OO)OC1C(OO)(C(=O)(O))C(ON(=O)(=O))C(=O)(OON(=O)(=O)),-7.50189782888765,-7.6432924
C2(O)C(ON(=O)(=O))C(=O)C(O)(C1(O))OOC12C(O),-8.500427432788001,-8.714916
CC(=O)CC(ON(=O)(=O))CCC(=O)CCC(=O)(O),-7.208787633171596,-7.850578
CC(=O)C(=O)OOC(C)(C(ON(=O)(=O)))C(C(O))C(=O),-6.490706655664326,-6.3619967
C(=O)(O)C1OC1C(ON(=O)(=O))C(=O)(OON(=O)(=O)),-4.10232255605888,-4.394642
C(=O)(O)C(=O)C(O)C(O)(C(OO))C(=O)OC(=O),-9.887521191631095,-9.213095
C(=O)(OO)C(O)C1(C(=O)(OON(=O)(=O)))OOC(C1(=O))C(=O),-6.402567896691835,-4.980384
C(O)C(=O)OOC(C(=O)(OON(=O)(=O)))C(=O),-3.5018959807230203,-3.9463491
CC(ON(=O)(=O))(C)C(OO)(C(=O)(OO))CC(=O)(OON(=O)(=O)),-5.399769507637302,-3.532277
C(=O)(O)C(N(=O)(=O))=CC(OO)(C(O))OC(=O),-8.850583422983618,-8.870065
C1(ON(=O)(=O))C(OO)C(OO)C(C)(C(=O)(OON(=O)(=O)))OOC1(=O),-6.42914424774699,-6.6337996
C1(=O)COOC1C(OO)(C(=O)(OON(=O)(=O)))C(=O)(OON(=O)(=O)),-4.02311613582242,-3.5970058
CCC(OO)C(ON(=O)(=O))CC(=O)CC(=O),-5.917896095012566,-5.9095125
CC(O)CCC(=O)CC(=O)CCC,-4.603572912879372,-4.0918684
C1(=O)C(O)(O)C(OO)OC(=O)C=C1C,-7.889426470064791,-7.6415167
CC(O)C(C)(C(=O)(O))C(C(=O)(OO))C(=O)C,-9.027884707850262,-6.9799395
C1(=O)C(OO)C(O)(OO)C(=O)OOC1(ON(=O)(=O))C,-7.421842448053212,-6.535237
C1(=O)OC1(N(=O)(=O))C(O)(O)C(=O)C(O)C(=O)C(O),-7.68904092530056,-6.2791405
C(=O)(OO)CC1(ON(=O)(=O))OC1(O)C(=O)(OO),-6.720395854275466,-5.0229664
C(=O)OC(OO)C(O)(C(OO))C(=O)C(=O),-7.9542621578752915,-6.391879
C12OOC(C2(=O))C(=O)C(O)C1(ON(=O)(=O))C(=O)(OO),-6.352540979304649,-6.957748
C(=O)C(ON(=O)(=O))C(OO)(C)C(=O)CC(=O),-5.429750752438395,-5.824234
C1(O)C(ON(=O)(=O))(C(=O)(OON(=O)(=O)))OOC1C(OO)C(=O),-5.926757965778052,-6.350418
C(OO)C(=O)C(=O)C(O)(O)C(=O)(OON(=O)(=O)),-5.086074816105793,-6.6745954
C(=O)(O)C1(N(=O)(=O))OC1(C)C(OO)C(=O)(OO),-8.49016266646413,-8.568219
C(ON(=O)(=O))C(=O)C(OO)(C(=O)(O))OOC(=O)C(O)C(=O),-9.270248030862149,-7.636351
C(=O)(O)C1OC1C(ON(=O)(=O))(C(OO))C(OO)C(=O)(OO),-10.633097051904315,-11.296993
C(O)C1(C(=O)(OO))OC1(OO)C(=O),-6.913881940065494,-6.362174
CCCC(O)CC(ON(=O)(=O))C(=O)CC(=O)(OON(=O)(=O)),-5.996478934811421,-5.5137825
C(=O)(O)C(=O)OC(=O)C(ON(=O)(=O))C(O)C(=O)(OO),-7.791341190341882,-7.647652
C(ON(=O)(=O))C(=O)C(O)C(=O)C(ON(=O)(=O))OC(=O),-4.454005093425167,-2.9665763
C(OO)C(OO)C(C(=O)(OON(=O)(=O)))OOC(=O),-4.841009945694168,-5.931554
C(=O)(O)C(N(=O)(=O))=CC1(O)OC1C(=O)(OO),-8.976384738783963,-10.750348
C(=O)(OO)CC(ON(=O)(=O))C(C)(C)C(C(=O)(OON(=O)(=O)))C(=O)C(O),-7.2773848245306,-10.653959
C(=O)(OO)C(=O)C(ON(=O)(=O))(C(OO))C(=O),-5.044470386815647,-5.5124855
CC(ON(=O)(=O))(C(=O))C(OO)(C(=O)(OON(=O)(=O)))C(C)(C)C(=O)C(=O),-6.935905220634595,-5.885625
C1(OO)C=CC(=O)OOC1(C(=O)(OO))C(=O),-8.343601702224987,-8.3874655
C(=O)(N(=O)(=O))C(OO)OC(=O)C(ON(=O)(=O))C(O)C(=O)(O),-8.000754786356083,-8.0067
C1(O)C(OO)(C(=O)(OO))OOC1C(ON(=O)(=O))(C(O))C(=O),-10.53076406703758,-11.808101
CC(=O)C1(N(=O)(=O))OC1(O)C(ON(=O)(=O))C(O)C(=O),-6.613716086188106,-6.3681717
C12OC1C(OO)C(=O)C(=O)C2(=O),-4.593420555733701,-5.3483076
C1(=O)OC1(OO)C(ON(=O)(=O))(C)C(OO)C(=O)(OON(=O)(=O)),-5.493298006595069,-10.012316
CC(OO)(C)C(C(=O)C(O))C(=O)C(=O)C(ON(=O)(=O)),-7.928825132847123,-7.2989135
C(=O)(O)C(O)C(=O)C(O)C(=O)C(=O),-7.5519110411783,-9.259358
C(=O)(N(=O)(=O))C(=O)C(O)(C)C(=O)OOC(=O),-3.6244075635777335,-2.1597683
C(=O)C1(ON(=O)(=O))OC1C(O)(C(ON(=O)(=O)))C(OO)C(=O),-6.993654675497055,-7.431859
C(=O)(OON(=O)(=O))C(=O)OC(=O)C=C(OO)C(=O),-4.371908835765225,-2.8579235
C(=O)(O)C(N(=O)(=O))=CC(OO)(C(OO))OC(=O)C(=O),-9.778587097886884,-9.593871
C(ON(=O)(=O))C(=O)C1(OO)OC1(OO)C(=O),-4.950025009350156,-4.2994623
C(=O)(N(=O)(=O))C(O)(C(=O)(O))OOC(=O)C(ON(=O)(=O))(C)C(=O),-7.253385672824152,-7.484965
CC(=O)C(O)CC(C(ON(=O)(=O))(C)C)C(ON(=O)(=O))C(=O),-7.393271755072419,-7.458048
C(ON(=O)(=O))C(OO)C(C)(C)C(C(=O)(OON(=O)(=O)))C(=O),-5.81857375641448,-5.864059
C(OO)C1(C(=O)(OON(=O)(=O)))OOC(C1(=O))C(OO)C(=O),-6.702562330598539,-7.2969785
CC(C)(C(=O)(OON(=O)(=O)))C(O)C(=O),-3.5319731597401187,-3.4125857
CC(=O)C(C)CC(=O)(O),-3.148959769649082,-3.1844919
C(=O)(O)C(N(=O)(=O))C(=O)C(=O)OC(OO)C(=O)(OO),-7.946265456870151,-9.283955
C(=O)(O)C(O)C1(O)OC1(O)C(=O),-8.32837186618417,-8.676687
C(=O)C1(OO)OC1(C(=O)(O))C(OO)C(=O),-8.400490963887478,-8.523525
C(=O)(O)C(OO)C(C)(C(ON(=O)(=O)))C(=O)C(=O)(OO),-8.25511466615626,-8.919374
C1(O)C(N(=O)(=O))(C(=O)(O))OOC1C(=O)C(ON(=O)(=O)),-6.496473703609809,-7.1225677
CC(ON(=O)(=O))(C)C(OO)(C(=O)(OON(=O)(=O)))C(OO)C(=O)C,-7.038061290841142,-5.446104
C1(OO)OC1(C)C(ON(=O)(=O))C(O)(N(=O)(=O))C(=O)(OO),-7.575818658079697,-6.414816
CC(OO)(C(=O)(OON(=O)(=O)))C(OO)C(=O)C(=O)C(=O)(OON(=O)(=O)),-4.975080250856081,-4.828222
C1(OO)C(OO)C(=O)OOC(OO)C1(=O),-7.0728930693189795,-5.9653378
CC(=O)C(O)C(C)(C)C(C(ON(=O)(=O)))C(=O)(OON(=O)(=O)),-5.996478934811421,-5.7019625
CC(=O)C(OO)=CC(=O)(O),-5.5567962626487315,-1.0732718
CC(=O)CC(ON(=O)(=O))C(=O)C(ON(=O)(=O))CCC(O),-6.814613373870998,-7.0638947
C2(=O)C(=O)C(OO)C(OO)(C1(=O))OOC12(ON(=O)(=O)),-4.327010739261823,-4.4704294
C(=O)(OO)C(OO)C1(C)OOC(ON(=O)(=O))(C1(=O))C(=O)(OON(=O)(=O)),-6.635759492513898,-8.519812
C(OO)C(C(=O)(OO))=CC1OC1C(=O)(OON(=O)(=O)),-6.513330388175291,-5.0662293
C(O)C(=O)OC(O)C(N(=O)(=O))=C(OO)C(=O)(O),-11.376419925069058,-12.771208
CC(ON(=O)(=O))(C)C(C(O)C(=O))CC(=O),-5.697065572013798,-6.349392
CC1(C)C(ON(=O)(=O))(C(=O)C(OO))CC1C(OO),-7.33829433432993,-7.177472
CC(ON(=O)(=O))(C(=O)(O))C(=O)C(C)(C)CC(=O)(O),-8.393077745273331,-7.067128
C(=O)(O)OOC(C(=O)(OO))C(=O)C(=O),-7.1445208685909165,-4.7878547
C(=O)(OO)C(ON(=O)(=O))C(C)(C)C(ON(=O)(=O))C(=O)(OO),-5.391374696328512,-8.383342
C(=O)(OON(=O)(=O))C(O)C(=O)C(OO)(C)C(O)C(=O),-7.328990206679009,-5.4048443
CC(=O)C(ON(=O)(=O))C(C)(C)CC(=O),-3.5345285161624815,-2.8259401
CC(=O)C1OOC(ON(=O)(=O))(C1(=O))CC(=O)(OON(=O)(=O)),-3.757296695597688,-3.24728
C1(O)(O)C(O)(C(=O)(O))OOC1C(=O)C(=O)(O),-11.294091148150983,-11.533169
C(=O)(OO)C(=O)C(ON(=O)(=O))C(C(=O)(OON(=O)(=O)))OOC(=O),-4.75347306594449,-5.631393
C2(=O)CC(ON(=O)(=O))C(OO)(C1(=O))OOC12(OO),-5.43597836336312,-5.8064976
C(O)C(=O)C(=O)C(OO)C(ON(=O)(=O))CC(=O)(O),-8.47823933192467,-7.140204
C(=O)(O)C(OO)=C(OO)C(=O),-6.728569308865644,-7.371982
CCC(O)CCC(=O)C(ON(=O)(=O))CC(=O)(OO),-7.679543973871205,-6.903857
C1(O)(OO)C(O)(C(=O))OOC1(C(OO))C(ON(=O)(=O))C(=O),-10.579992800969194,-12.077196
C(ON(=O)(=O))C(=O)OC(OO)C(ON(=O)(=O))C(=O)(OO),-5.885010872319526,-6.7778726
CC(OO)(C)C(CC(=O)(O))C(O)C(=O)(OO),-10.075157290761581,-9.24511
C(=O)C(=O)C(=O)C(OO)=CC(=O)C(OO),-7.104782412179702,-7.680622
C(=O)(OON(=O)(=O))C(OO)C(O)(C)C1OC1(ON(=O)(=O))C(=O),-6.196770312739318,-5.79539
C(=O)(O)C(=O)OC(O)C(C(=O)(O))=CC(=O)(O),-11.624539319765063,-12.077734
C(=O)(N(=O)(=O))C1(OO)OC1CC(=O)C(=O)(O),-6.656094745942937,-6.5245576
C(=O)(OO)C(=O)C(O)C(=O)OC(=O)C(=O)(OON(=O)(=O)),-4.942733284536644,-5.0454645
C(=O)(N(=O)(=O))C(=O)C(O)(C1(O)C(OO))OOC1C(=O),-8.004908858647468,-8.024016
C(=O)(O)CC(OO)C(=O)CCC(=O)CCC(ON(=O)(=O)),-9.298993769828485,-10.583173
C(=O)(OO)C(=O)C(=O)C(ON(=O)(=O))C(=O)(OO),-5.1386136047235595,-5.628884
CC1(C)C(OO)(CC(=O)(O))C(ON(=O)(=O))C1C(=O)C(ON(=O)(=O)),-8.392957791578738,-9.224925
CCC(=O)C(OO)C(O)CC(O),-8.077035181509927,-7.455386
C(=O)(O)C1(ON(=O)(=O))OC1(C)C(O)C(O)C(=O)(OON(=O)(=O)),-7.665754058324637,-6.9039106
C(=O)(OON(=O)(=O))COOC(=O)C(=O)(OON(=O)(=O)),-2.046712927514818,-1.9293711
C2(O)C(=O)C(=O)C(O)(O)C1(C)OC12(ON(=O)(=O)),-6.776813918122571,-4.064697
CCCC(=O)C(OO)CC(=O)CC(OO),-7.565586782797254,-7.677659
CC1(C(=O)(OO))OOC(ON(=O)(=O))(C1(O))C(O)C(=O),-8.824324216876448,-9.059964
CC(=O)C(=O)OOC(C)(C(ON(=O)(=O)))C(OO)(C(O))C(=O),-8.47339614088014,-7.66966
C(=O)(O)C1(N(=O)(=O))OC1C(O)C(OO)C(=O)C(=O)(OON(=O)(=O)),-8.173518211940063,-7.9567637
C1(=O)OC1C(O)C(ON(=O)(=O))(C(=O)(OON(=O)(=O)))C(=O),-3.9584715664141186,-4.0676107
C(=O)(O)C(=O)C(=O)C(C(=O)(OON(=O)(=O)))OOC(=O),-4.7121095340758075,-5.102623
CCC(O)C(=O)CC(=O)CC(OO)CC,-7.7657207064658,-7.0568986
C(=O)(O)C(OO)C(=O)OC(OO)(C(=O))C(=O),-8.563801141116983,-7.7443805
C(=O)(O)C1(C(=O)(OON(=O)(=O)))OOC(C1(O)(O))C(ON(=O)(=O))C(=O),-8.055325272228401,-7.454592
C(OO)C(O)(C(=O))C(ON(=O)(=O))C(=O)OC(=O)C(=O),-6.440046399913626,-6.906327
C1(=O)C(=O)OOC1(OO)C(OO)(C)C(ON(=O)(=O))C(=O)(O),-8.985137592516821,-9.174066
C(=O)(O)C(O)OOC(ON(=O)(=O))C(=O),-5.502599902785732,-4.768033
C(=O)(O)C(O)C(=O)C(OO)C(=O)C(=O)(O),-10.115642270758144,-9.6401615
CC(ON(=O)(=O))(C(ON(=O)(=O)))C(C(=O)(O))CC(=O)(OO),-6.342824071364703,-7.4895906
CC(=O)C(C)(C)C(OO)(C(OO))C(=O)(OO),-8.377051133755685,-5.6847763
C(=O)(O)C(OO)OC(=O)C(=O)C(O)C(=O)C(ON(=O)(=O)),-8.7196619653987,-8.552838
CCC(=O)CC(ON(=O)(=O))C(ON(=O)(=O))CC(=O)CC(OO),-7.804550150440264,-8.556755
C(=O)(O)C(OO)OC(=O)C(ON(=O)(=O))C(O)C(=O)(OON(=O)(=O)),-7.510954985647913,-7.5414066
C(OO)C(=O)C(O)(C(=O)(OO))C(=O)(OON(=O)(=O)),-5.460800424703848,-3.3760755
C(ON(=O)(=O))C(ON(=O)(=O))CC(O)C(OO),-5.51828138183464,-5.672168
C(=O)(N(=O)(=O))C(OO)OC(=O)C=C(C(=O)(O))C(=O),-7.273233077888108,-7.8980327
C(OO)C(=O)C(=O)C(=O)OOCC(=O)(OON(=O)(=O)),-4.237077565197069,-5.015627
CC1(C(=O)(OO))OC1(O)CC(=O),-6.0646079351117805,-5.756935
C(=O)C(O)(OO)C(OO)C1OC1(OO)C(=O),-9.641116382612836,-10.2045765
