SMILES,predictions,target_values
C(=O)(O)C1(OO)OC1(OO)C(C)C(=O),-8.468291218450759,-8.465847
C(=O)(O)C1(C(=O)(OON(=O)(=O)))OOC(O)(C1(O)(N(=O)(=O)))C(O)C(=O),-8.895589329724316,-9.266535
C(=O)(OON(=O)(=O))C1(O)C(O)(C(=O)(OON(=O)(=O)))OOC1C(O)C(=O),-7.040507148267352,-7.5872855
C1(O)(O)C(OO)OOC1(C(ON(=O)(=O)))C(=O)C(=O)(OON(=O)(=O)),-6.558820086211199,-6.180959
C1(ON(=O)(=O))C(=O)OOC(C(=O)(O))C(OO)C1(=O),-7.064421384347952,-7.4195266
C(OO)CC(=O)CCC(=O)C(OO),-7.573698384963791,-7.3855715
C(=O)(O)C=CC(OO)(C(=O)(OON(=O)(=O)))OC(=O),-6.115175345417811,-6.140595
C(=O)(N(=O)(=O))C1OC1C(C(O))C(=O),-5.051886989764171,-5.9680705
C(=O)(O)C(ON(=O)(=O))C(=O)CC(O)CCC(OO),-10.269905688081053,-10.266934
C(=O)(OO)C=CC1(C(=O)(OON(=O)(=O)))OC1C(=O),-5.660995100362925,-5.543356
C(=O)(O)C(OO)C(O)(C)C(=O)C(O)C(=O)(OON(=O)(=O)),-9.14609817985911,-8.229536
CC(C(=O)(O))OOC(N(=O)(=O))(OO)C(ON(=O)(=O))C(=O),-7.610708030188107,-6.9659257
C(=O)(OO)C(O)C(C1(O)(O))OOC1(C(=O))C(=O),-10.079230589064537,-10.395464
C1C(O)C(=O)C(=O)CC1(OO)C(ON(=O)(=O))(C)C,-7.600650976644829,-9.456779
C(=O)(O)C(=O)OC(=O)C(ON(=O)(=O))C(OO)(C)C(=O)(OON(=O)(=O)),-6.1645639929920435,-6.569314
C(=O)(OON(=O)(=O))C(=O)OC(OO)C(C)C(=O)C(=O),-4.1880924698052695,-3.8730707
C(=O)(N(=O)(=O))C(=O)OC(=O)C,-0.4611250042071333,-1.3042908
C(=O)(O)C1(OO)OC1(C)C(OO)C(=O),-8.281207928870572,-8.645999
C(=O)(O)C(=O)C(O)C(OO)C(ON(=O)(=O))OC(=O),-8.363560513127595,-8.381368
C(ON(=O)(=O))C(ON(=O)(=O))CC(O)CC(=O)C(=O),-6.483999941308866,-6.32596
C(ON(=O)(=O))C(=O)CC(=O)C(OO)(C)C(=O)(OON(=O)(=O)),-4.67568032957206,-5.1349545
CC(OO)(C(ON(=O)(=O)))C(ON(=O)(=O))(C(OO))C(=O),-6.764839525552816,-6.48789
CC(=O)C(O)C1(N(=O)(=O))OOC(OO)(C1(O)(O))C(=O)(OON(=O)(=O)),-8.219748811752652,-4.3905206
C(=O)(OO)C(ON(=O)(=O))C(OO)(C)C(=O)OOC(=O),-6.212813339123386,-6.0829353
C(=O)(O)C=C(C(=O)(OO))C(=O),-5.584297960114782,-4.9227104
CC(=O)C(=O)OC(=O)C(O)C(=O)(O),-5.5371192130987765,-4.635679
CC(OO)(C)C(C(=O)(OON(=O)(=O)))CC(=O)CC(=O),-6.317233027381008,-5.8234224
C1(=O)C(=O)CC(N(=O)(=O))(OO)OOC1C(=O)(O),-7.114226011399296,-7.997591
C(=O)(O)C1OC1(OO)C(OO)C(O)C(=O),-10.417460400611162,-10.088425
C12C=CC(ON(=O)(=O))C(O)(C1(O)C)OO2,-5.455085143636097,-5.8138967
CC(OO)(C(O))C(ON(=O)(=O))(C(OO))C(=O),-8.083473659178708,-7.8299026
C(=O)(O)C1(OO)OC1(N(=O)(=O))C(=O)C(C)C(=O),-7.480024152901024,-6.921175
C(=O)(O)C1(O)C(OO)OOC1(O)C(=O),-8.217876780690858,-5.9096684
C(O)C(ON(=O)(=O))C(O)(C(O))C(=O),-6.525882031564834,-6.4893727
C(OO)C1C(OO)C(C(=O)(OON(=O)(=O)))C1(ON(=O)(=O))C,-5.8748953297617845,-6.4665856
CC(OO)(C)C(ON(=O)(=O))(C(=O)(O))CC(=O)(OO),-7.676250368938781,-8.384854
C(=O)(O)C1(ON(=O)(=O))OC1(C)C(=O)C(O)C(=O)(OO),-7.605433933174936,-6.422045
CC(ON(=O)(=O))(C(=O)(O))C(C)(C(OO))C(=O)CC(=O)(OON(=O)(=O)),-8.552426749229198,-8.467187
CC1(C(=O)(O))OOC(C1(O)(OO))C(ON(=O)(=O))C(=O),-8.720509846301866,-11.214018
C(=O)(OON(=O)(=O))C(O)C(O)(C)C(OO)C(ON(=O)(=O))C(=O),-7.469154154168791,-8.056474
C(=O)(O)C1(N(=O)(=O))OC1C(=O)C(=O)C(=O),-4.369730902297306,-4.6140475
C1(O)C(OO)OOC1(O)C(ON(=O)(=O))(C(=O)(O))C(=O),-9.223135562831885,-8.708372
CC1(C)C(OO)(CC(=O)(O))CC1C(=O)(OON(=O)(=O)),-7.048988100519637,-6.7641234
C(O)(N(=O)(=O))C(=O)C(=O)OOC(=O)C(=O)C(OO),-6.0484511014510645,-6.088837
CC1(C(=O)(O))OC1(ON(=O)(=O))C(O)C(=O)C(=O),-6.373839937587036,-6.3379674
C12(O)OOC(OO)(C1(=O))C(ON(=O)(=O))C(O)C2(=O),-6.293167959272978,-5.664396
C1C(=O)C(ON(=O)(=O))C1(OO)C,-3.274138232402038,-4.06842
C1(=O)OC1(C(OO))C(O)(OO)C(=O)C(=O),-6.995600646536332,-7.092885
C1(=O)OC1C(OO)=C(C(=O)(OON(=O)(=O)))C(=O),-5.234160004125442,-5.9056797
CC(=O)C(O)C(OO)(C)C(=O)(O),-7.121299711987376,-6.575226
CC(=O)C(=O)C(C)(C)C(ON(=O)(=O))C(OO)C(=O)(O),-7.466715107075288,-6.6617146
CC(=O)C(=O)C(O)C1(ON(=O)(=O))CC(ON(=O)(=O))C1(C)C,-5.668683791169315,-3.7049382
C(=O)(OO)C1OC1C(O)(C)C(OO)C(=O)(OON(=O)(=O)),-7.505678223635186,-9.052806
C(OO)C(=O)CCC(O)CC(=O)(OO),-9.328006179246586,-12.777967
C(=O)C1(OO)OC1(OO)C(ON(=O)(=O))(C)C(=O)C(=O),-6.232093228158192,-5.982889
CC(OO)C(=O)C(ON(=O)(=O))CC(=O)CC(=O)(OO),-8.26384557154961,-7.9129267
C1C(=O)C(ON(=O)(=O))C2OOC1(ON(=O)(=O))C2(O)(O),-5.993123639942496,-6.6375904
C(=O)(O)C1OC1(ON(=O)(=O))C(OO),-4.7874511709669605,-4.816986
CC1(C)C(ON(=O)(=O))C(OO)C1(OO)C(=O),-5.890293271761038,-5.8473988
C(OO)C(=O)C1OOC(O)(C1(O))C(=O),-7.7587982561963145,-7.737187
CC(=O)C(C(=O)(OO))C(C)(C)C(=O),-3.753169835312292,-3.5896537
C(=O)(OON(=O)(=O))C1OC1C(=O)C(O)C(=O)C(=O),-4.248021075341967,-4.274796
C1(O)C(O)(C(=O)(O))OOC1C(=O)(O),-9.6938993439544,-9.637021
C2(ON(=O)(=O))C(O)C(ON(=O)(=O))C(O)(C1(=O))OOC12C(OO),-7.467755104051321,-7.7572126
CC(=O)CC(ON(=O)(=O))C(ON(=O)(=O))CC(OO)CC(=O)C,-8.170418333465932,-8.55752
C1(O)(O)COOC1(C)C(OO)C(=O)(OO),-8.712123522112961,-8.81842
C1(O)(O)C(OO)OOC1(ON(=O)(=O))C(=O)C(=O)C,-6.050106502123526,-11.2018175
C(O)C(=O)C(C)(C)C(ON(=O)(=O))(C(=O)(OO))C(=O)C,-5.933469019830227,-2.7368376
C(=O)(O)C(ON(=O)(=O))C(O)(OO)C(=O)OC(=O)C(=O),-7.690986890083877,-7.9091716
C(=O)(OO)C(=O)OOC(C(=O)(O))(C(ON(=O)(=O)))C(=O)C(=O),-7.6652042757486925,-7.5873446
C(=O)(O)C(C(=O)(OO))C(C(O))(C)C(=O)(OON(=O)(=O)),-7.7053167054691585,-7.1987457
C1(=O)C(OO)(C)OOC1(ON(=O)(=O))C(O)C(=O)(OO),-7.166765356014366,-7.4203687
C(=O)(N(=O)(=O))C(O)(C(=O))OOC(=O)C(O)C(=O),-6.145747541901073,-5.751747
CCC(OO)C(ON(=O)(=O))C(ON(=O)(=O))CC(O),-5.962003308930434,-6.4475546
CCCC(O)CC(=O)C(=O)C(=O)C(O),-6.6742935176880565,-7.0549846
CC1(C(ON(=O)(=O)))OOC(OO)C(OO)C1C(ON(=O)(=O)),-7.127058308891719,-6.9751863
C1(O)C2(O)OOC1C=C(C2(OO))C(=O)(OO),-10.66208333641407,-10.396898
C(ON(=O)(=O))C(=O)C(ON(=O)(=O))C(C(=O)(O))OOC(=O)C(=O)(OO),-8.931885267389589,-10.324885
CC(=O)CC(O)CCC(OO)C(ON(=O)(=O))C(ON(=O)(=O))C,-9.276627583705704,-9.09474
C(=O)(OO)C1OC1C=C(C(=O)(O))C(=O),-8.083578616424347,-8.830087
C(=O)(O)CC(OO)(C(OO))OC(=O),-8.109717483137501,-7.977802
C1(=O)C(O)OOC1(OO)C(ON(=O)(=O)),-4.257393093575956,-4.954085
CC(ON(=O)(=O))(C)C=CC(ON(=O)(=O))C(=O)(OO),-4.616965316366986,-5.9107885
CC(=O)C(O)(OO)C(=O)C(ON(=O)(=O))C(=O),-4.8338928142911755,-3.3681128
C(=O)(OO)C(O)C(ON(=O)(=O))C1OC1(C)C(=O)(OON(=O)(=O)),-5.738922296295641,-6.4173627
C(=O)(O)C(ON(=O)(=O))C1OOC(C1(=O))C(=O)(OO),-7.638529705131077,-6.986411
C(=O)(OO)C(=O)OOC(C(=O)(OO))(C(ON(=O)(=O)))C(=O),-6.6942650617857,-8.529552
C(=O)(O)C(O)C(OO)C1(C(ON(=O)(=O)))OC1(O)C(=O),-10.539634178669075,-10.380404
C(=O)(OO)C(C(=O)(OON(=O)(=O)))(C(=O))OOC(=O)C(=O),-4.466102179620066,-5.2129273
C(OO)C(=O)C(ON(=O)(=O))C(C)(C)C(C(=O))C(=O)C(=O),-7.172233281991794,-6.539462
C1(O)C(ON(=O)(=O))C(C(=O)(OO))OOC(=O)C1(=O),-6.8658738663070835,-7.5018406
C(=O)C(ON(=O)(=O))C(=O)C(OO)OC(=O)C(=O),-4.473516292971908,-4.402533
C(=O)(O)C1OOC(OO)C=C(C1(=O))C(OO),-10.071862197844894,-10.033171
C(=O)(O)C(O)(C(=O)(OON(=O)(=O)))OC(=O)C(=O),-4.7441943037702,-4.967546
CC(=O)C(ON(=O)(=O))OOC(OO)(C)C(ON(=O)(=O))C(=O),-5.3109892384673,-5.5267296
C(O)C(C(=O))C(=O)CC(=O),-5.01152886437194,-4.426535
C(=O)(OO)CC(=O)C(ON(=O)(=O))(C)C(C(=O))C(ON(=O)(=O))(C)C,-6.601005778997205,-6.8281536
CC(=O)C(ON(=O)(=O))OOC(C)(C)C(ON(=O)(=O))C(OO),-5.409614480638993,-5.1710134
C(=O)(OON(=O)(=O))C(O)(C(=O))C(=O)C(O)(O)C(ON(=O)(=O))OC(=O),-6.539188142109197,-7.29574
CC(=O)C(=O)C(C)(C)C(OO)C(O),-5.339678210191778,-5.513934
CC(ON(=O)(=O))C(OO)C(OO)OC(=O)C(=O),-6.590713713114383,-5.4417233
CC(C)(C(=O)(OO))C(C)C(=O)(OON(=O)(=O)),-2.9494756664789747,-1.7191485
C(OO)C1(C(=O)(OO))OC1C(ON(=O)(=O))C(O)C(=O)(OO),-10.260684377906728,-7.5330367
C(=O)(OON(=O)(=O))C(ON(=O)(=O))(C(=O))C(O)C(=O)C(O)C(=O),-5.801644493316417,-6.0772414
C(=O)(O)C(=O)OC(OO)C(OO)=CC(=O),-8.97700398939196,-11.958951
CC(=O)C(=O)C(ON(=O)(=O))C(OO)(C(=O)(OO))C(ON(=O)(=O))(C)C,-6.352173775900155,-5.8711214
CC(=O)CCC(ON(=O)(=O))C(=O)C(ON(=O)(=O))CC(=O)C,-5.5784560725296615,-6.2995667
C(ON(=O)(=O))C(ON(=O)(=O))C(O)(C)C(=O)CC(=O),-5.445059898280306,-5.0255375
CC(=O)C(ON(=O)(=O))C(ON(=O)(=O))C(C(=O)C)C(OO)C(=O),-6.636102383883554,-6.230928
CC(=O)OOC(=O)C(ON(=O)(=O))(OO)C(ON(=O)(=O))C(=O)(OO),-6.012002507413854,-6.3227034
C(=O)(O)C(=O)OOC(=O)C(ON(=O)(=O))C(O)(C)C(=O)(OON(=O)(=O)),-6.437669115344761,-6.2137313
C(O)C(=O)C(=O)(OON(=O)(=O)),-1.522000785684213,-0.88199997
C(=O)(OON(=O)(=O))C(=O)C1OOC(ON(=O)(=O))(C1(O))C(OO)C(=O),-6.709064026974374,-6.2666197
C1(O)C(OO)C=CC(=O)C1(O)C(=O)(O),-9.660216932694311,-9.734388
C(=O)C1(OO)OC1C(O)(C)C(OO)C(=O),-8.478967877614195,-8.688907
C(=O)(O)C(=O)C=CC(OO)OC(=O)C(=O)(OO),-10.168647110185702,-10.763346
C(=O)(OON(=O)(=O))C(=O)C(ON(=O)(=O))(C)C1OC1(OO)C(=O),-4.205750512046507,-3.9854584
C(=O)(OO)C(O)(N(=O)(=O))C(=O)C(OO)(C)OC(=O)C(=O),-7.491652946322574,-7.9822283
C1C(=O)C(=O)C2OOC1(O)C2(O)(ON(=O)(=O)),-5.838753613061272,-6.590808
C(=O)(OO)C1(OO)OC1(C)C(O)C(O)C(=O)(OON(=O)(=O)),-8.727774147235323,-9.388477
C(OO)C1(OO)C(C(=O))CC1C(=O)(OON(=O)(=O)),-6.893038484617136,-7.1105113
C1(=O)C(=O)OOC1C(ON(=O)(=O))(C)C(OO)C(=O)(O),-6.989703360959538,-6.940126
C(=O)(OON(=O)(=O))C(O)C(OO)C(=O)OOC(=O),-4.939676406720537,-4.298641
C1(O)C(C(=O)(ON(=O)(=O)))OOC1(C)C(=O)(OON(=O)(=O)),-3.653979281138163,-4.9909315
C(=O)(OO)C(OO)C(O)C1(C)OC1C(=O)(OON(=O)(=O)),-7.505678223635186,-5.5318384
C(ON(=O)(=O))CCC(=O)C(OO)C(=O)C(OO),-7.514591117796954,-8.351962
CC(OO)(C1(O))C(ON(=O)(=O))C(O)(C2(=O))OOC12,-7.097358264887589,-7.620713
CC(OO)(C(=O)(N(=O)(=O)))OC(=O)C(O)C(=O)C(=O)(OO),-7.811312622143305,-7.3855314
C1(O)(O)C(C(=O))OOC1(C(ON(=O)(=O)))C(ON(=O)(=O))C(=O),-7.984983265516348,-8.850584
C1(=O)C(=O)C(ON(=O)(=O))C(OO)C(OO)C1(O),-7.613428539785673,-8.823514
C(=O)(N(=O)(=O))C(=O)C1(C(ON(=O)(=O)))OOC(C1(=O))C(=O),-3.986279528660816,-1.984808
CC(ON(=O)(=O))(C)OOC(C(=O)(O))CC(=O)CC(=O),-7.7809673584852135,-7.600762
CC(=O)C(O)(N(=O)(=O))C(O)(C(=O)(OON(=O)(=O)))OOC(=O)C(=O),-5.844735971171758,-6.204313
C(ON(=O)(=O))CCC(O)CCC(=O)CCC(=O),-7.947579851504997,-7.437151
C(=O)(O)C(=O)C(ON(=O)(=O))C(O)C1OC1C(=O)(OO),-9.676347034866922,-8.670357
C1(O)(OO)C(C(=O)(O))OOC1(C(O))C(ON(=O)(=O))C(=O),-11.122766617088928,-11.034594
CC(ON(=O)(=O))CC(=O)CC(ON(=O)(=O))CC(OO)C(=O)C,-7.943170030586771,-8.8587
C(=O)(OO)C(O)C1(O)OC1(OO)C(=O)(OON(=O)(=O)),-7.314985927427188,-7.5041456
C(=O)(OON(=O)(=O))C(=O)C1(O)OC1(N(=O)(=O))C=CC(=O),-4.898108203240554,-6.2242827
C(O)C(=O)C(ON(=O)(=O))C(C)(C)C(=O)CC(=O)(OO),-7.28402678022394,-7.5745068
C1(=O)OC1(C(OO))C(OO)C(=O)(OON(=O)(=O)),-4.894780955219176,-4.3592935
C(=O)(OON(=O)(=O))C(=O)OC(OO)(C)CC(=O),-3.872073903810815,-4.166052
C(ON(=O)(=O))C(C(=O)(OO))C(=O)OC(=O)C(=O)(OON(=O)(=O)),-4.772335646382999,-4.840464
C2(O)C(ON(=O)(=O))C(OO)C1(C(OO))OOC2C1(O),-10.598524317028932,-10.841235
C(=O)(O)CC(C(ON(=O)(=O)))C(=O),-4.741641113476362,-4.9258423
C(=O)(O)C1C(ON(=O)(=O))C(C(=O))C1(C)C,-5.721817112804274,-5.485892
C(O)C(=O)C1CC(ON(=O)(=O))(C1(C)C)CC(=O)(OO),-7.380971818420221,-7.1925116
C(=O)(OON(=O)(=O))C(=O)OC(OO)(C(=O))C(O)C(=O)(O),-7.2556955082545755,-7.250841
CC(=O)OOC(ON(=O)(=O))(C(=O))C(ON(=O)(=O))C(=O),-3.437714823958231,-2.5142787
C(=O)C(=O)C(O)C(O)(C(=O))C(OO)C(=O),-8.12847197051451,-7.1698103
C(=O)(O)C1(OO)OC1(O)C(=O)C(ON(=O)(=O)),-6.597392165043857,-7.0229545
C12OOC(C2(=O))C(ON(=O)(=O))C(OO)(C1(O))C(=O)(OON(=O)(=O)),-5.6954923270241125,-5.9717665
CC(O)(ON(=O)(=O))C(=O)(O),-3.109320350951748,-2.4519794
CC(O)C(ON(=O)(=O))CC(=O)CC(=O)CC(ON(=O)(=O))C,-7.357954090970452,-7.0931253
C1(=O)OC1(C(O))C(=O)C(N(=O)(=O))C(=O)(OO),-6.043532495081308,-5.082788
C(=O)(OON(=O)(=O))C1(OO)OC1C(C(O))=CC(=O)(OON(=O)(=O)),-5.856215230887756,-5.446515
C(=O)(OON(=O)(=O))C(O)(O)C1(OO)OC1C(OO)C(=O),-8.174780278190156,-8.319795
CC(=O)C(ON(=O)(=O))(C(=O)C(=O)(OO))OOC(=O),-4.5819381220208015,-6.107447
C1(=O)C(ON(=O)(=O))OOC(=O)C(OO)C1(O)C(=O)(OO),-6.9927181937673595,-5.9313946
C(ON(=O)(=O))C(=O)C(OO)(C(=O))OC(=O)C(=O),-4.380956560751656,-4.213127
C(=O)(OON(=O)(=O))C1(C(=O))OC1C(=O)C(OO)C(=O),-4.929124712187331,-5.472741
C(=O)(OO)C(C(=O))C(=O)C(O)OC(=O),-5.843432751527871,-4.614726
C(OO)C(=O)OOC(=O)CC(=O)(OON(=O)(=O)),-3.923396767815575,-3.6343646
C(=O)(O)C1(O)C(O)OOC1C(=O)C(=O),-7.535164091808838,-7.3456154
CC(ON(=O)(=O))(C(=O)(O))C(=O)C(OO)(C)C(=O)(O),-8.646426362829516,-8.780086
C(OO)OOC(O)(C(=O)(O))C(OO)C(=O),-9.822424185200362,-9.610073
C(=O)(O)C(O)C(C(ON(=O)(=O))(C)C(ON(=O)(=O)))CC(=O),-8.832802695440478,-9.324135
C(=O)(N(=O)(=O))C(=O)C(OO)(C)OOC(=O)C(=O),-4.313311822261312,-3.9612439
C(=O)C(ON(=O)(=O))C1(C)OC1C(=O),-2.6872963642381364,-2.9438577
C(ON(=O)(=O))C(=O)C(OO)OC(=O)C(O)C(=O),-6.364292530415696,-7.1173177
CC(OO)(C)C(C(ON(=O)(=O))(C)C(=O))CC(=O)C(=O),-7.023315310842008,-6.863548
CC(=O)OC(OO)C(ON(=O)(=O))(OO)C(OO)C(=O),-8.11886369374406,-7.897837
C(=O)(O)C1OOC(ON(=O)(=O))(C(ON(=O)(=O)))C=CC1(O),-8.154313471532078,-8.905428
C(=O)(O)C(ON(=O)(=O))C(C(=O)C(=O)(OO))OOC(=O)C(=O),-8.210338458084152,-8.561958
C(=O)(O)C1(O)C(OO)(C(=O)(O))OOC1C(ON(=O)(=O))C(=O),-11.331284053449053,-12.06139
C1(OO)OC1(OO)C(C)C(=O)(OON(=O)(=O)),-4.203965592329041,-3.8592753
C1(O)C(O)(C(=O)(OO))OOC1(O)C(O)C(=O),-9.338143351182225,-12.679717
C(OO)C(=O)C(=O)C(=O)C(O)C(OO)C(=O),-8.031482618636801,-9.32681
C1(O)C(C(=O)(O))OOC1C(ON(=O)(=O))C(=O)C(=O)(OON(=O)(=O)),-7.442291095212568,-7.1732855
C(=O)(OO)C(ON(=O)(=O))C(C1(O)(OO))OOC1(C)C(=O),-8.652671999618178,-9.315846
CC(=O)OC(N(=O)(=O))(OO)C(=O)C(N(=O)(=O))C(=O)(O),-6.293983711642795,-7.0481615
C(O)C(C(=O)(O))C(C)(C(ON(=O)(=O)))C(=O)C(O)(C)C(=O),-10.816220231514308,-10.5624485
C(=O)(OON(=O)(=O))C(OO)OC(=O)C(O)(C(ON(=O)(=O)))C(=O),-5.5642070330359275,-5.464502
CC(ON(=O)(=O))C(C)(C(ON(=O)(=O)))C(C(OO))C(=O),-6.581960622148472,-6.5795584
C(OO)CCCC(=O)CC(=O)(OO),-7.474940595333464,-7.968628
CC(=O)C1OC1C(N(=O)(=O))C(=O)(O),-5.515999618874048,-6.1868367
CC(=O)C(=O)C(C)(C(OO))C(C(O))C(OO),-9.710862280568108,-9.262688
C(O)CCC(OO)CC(=O)(O),-7.971675946057076,-8.286438
C(=O)(O)C(O)(C(=O)(OO))C(ON(=O)(=O))C1OC1C(=O)(OO),-10.555301864776993,-11.526688
CC(ON(=O)(=O))(C(=O)(O))C(=O)CC(=O)C(OO)(C)C(OO),-10.393543350946857,-9.23605
C1(OO)OOC(C(=O)(O))(C(ON(=O)(=O)))C=CC1(OO),-9.573280544340378,-9.225452
C1(=O)C(O)C(OO)C(N(=O)(=O))(C2(O)(OO))OOC12,-9.12560393496824,-10.389389
C(=O)(O)C(C(=O)(OON(=O)(=O)))C1(O)OC1C(=O),-6.2690732612391,-6.597545
C(=O)(O)C(O)C(=O)C(OO)OC(=O)C(=O),-7.33198301171069,-8.233459
C(OO)CC(O)CCCC(=O)(OON(=O)(=O)),-6.744033913244493,-5.922383
C1(O)(N(=O)(=O))C(=O)OOC1C(OO)CC(=O),-7.305595796555281,-6.835105
CC(=O)CC(=O)C(ON(=O)(=O))CC(ON(=O)(=O))C(=O)CC,-5.072127463165089,-5.3027225
CC1(C)C(OO)(C(O)(C)C(=O)(OO))CC1C(=O)(OO),-9.162074225590914,-10.388491
C(=O)C(ON(=O)(=O))OOC(C)(C(=O)(O))C(OO)C(=O),-8.020755926714628,-7.9932866
CC1(C)C(ON(=O)(=O))(C(=O)C(O))CC1C(=O)(O),-7.016896490065847,-3.7044365
CC(=O)OOC(=O)(N(=O)(=O)),-0.5135505803482374,-0.52996606
C(=O)(O)C12OOC(O)(C1(O))C=CC2(ON(=O)(=O)),-8.43142040767998,-8.212964
CC(=O)OC(O)C(=O)C(O)(N(=O)(=O))C(=O)(OO),-6.888289433423779,-7.127921
CC(=O)C(=O)CC(=O)CC(O)CC(OO)C(ON(=O)(=O)),-9.622592949453974,-9.96697
C12OOC(C2(O))C(=O)C(O)C1(ON(=O)(=O))C,-6.0588320228562225,-6.930391
C12OC1C(O)(O)C(=O)C(OO)C2(O)C(ON(=O)(=O)),-8.843011484103044,-7.600354
C1(=O)C(ON(=O)(=O))OOC1(O)C(=O)C(=O)C(OO),-5.300858043803601,-6.011724
C(=O)(OO)C(ON(=O)(=O))(OO)C1OC1(C)C(=O)(OON(=O)(=O)),-5.328175634305808,-6.2161694
CC(C)(C(=O)(O))C(C(=O)(OO))CC(=O),-7.108010810406995,-5.5868278
CC(C)(C(=O)(OON(=O)(=O)))C(O)(C(=O))CC(=O)C(=O)C,-4.998179405141855,-3.5753882
CC(O)CCC(OO)CCC(ON(=O)(=O))CC(ON(=O)(=O)),-9.281200115379761,-8.939889
CC(=O)C(O)(OO)C(=O)C(O)C(OO)OC(=O),-9.72249773175281,-11.504833
C1(ON(=O)(=O))OC1C(=O)C(OO)C(=O)(OO),-5.281841565010836,-5.7616878
C(=O)(O)C(=O)CC(C(OO)(C)C)CC(=O),-8.292724435057607,-9.14062
C1(=O)CC(=O)CC(OO)C1(OO)C(O),-8.398155037604738,-9.887315
C1(O)C(OO)OOC1(N(=O)(=O))C(=O),-4.702621187811019,-4.483101
CC(=O)C(C(=O)(O))(C)C(=O),-3.7349175312556326,-3.6687543
C(=O)(OO)C(OO)C(O)C(=O)C(ON(=O)(=O))(C)C(=O),-7.466960471167113,-6.5436077
C(=O)(OO)C(OO)C1OOC(C(=O))C1(O)C(ON(=O)(=O)),-9.409922607737826,-9.930474
C(=O)(O)C1OC1C(C(O))=C(N(=O)(=O))C(=O)(OO),-10.062723823502893,-9.794789
C(=O)(O)C=C(C)C1(O)OC1(N(=O)(=O))C(=O)(OON(=O)(=O)),-6.2150240168120945,-6.5879607
CC(=O)C(ON(=O)(=O))(C(ON(=O)(=O)))C(O)(C)C(=O),-4.553698688658187,-4.099713
C(=O)(O)C(N(=O)(=O))OOC(=O)C(=O)C(=O)C,-4.680251509373193,-5.066952
C(=O)(O)C(O)C1(C(=O)(O))OOC(O)(C1(O))C(=O),-12.556729269228526,-11.420356
C(=O)(OO)C(ON(=O)(=O))C(O)(OO)C1OC1(O)C(=O),-9.341142636287259,-8.199126
CC(=O)CC(=O)C(ON(=O)(=O))C(=O)C(OO)CC(=O)C,-7.373907802422764,-7.473046
C(=O)(OON(=O)(=O))CC(OO)(C(=O)(OON(=O)(=O)))OOC(=O),-3.678425777965458,-3.8485754
C(=O)(O)C(=O)OC(N(=O)(=O))(OO)C(=O)C(C)C(=O)(OO),-8.567165037762607,-7.46558
CC1(O)C(=O)OOC1C(N(=O)(=O))C(=O)(OO),-6.681092148050084,-5.291431
CC(=O)C(=O)C(ON(=O)(=O))C(C(OO))C(ON(=O)(=O))(C)C(OO),-8.258025836315937,-7.8031363
C(=O)C1(OO)OC1(O)C(ON(=O)(=O))(C(=O))C(O)C(=O),-8.431980827270309,-8.91114
C1(O)C(=O)OOC1C(C(=O)(O))=CC(=O)(OO),-9.938191362642101,-8.503183
C1(=O)C(=O)CC(ON(=O)(=O))OOC1(OO)C(=O)(O),-6.7759863115497865,-7.1139417
CC1(ON(=O)(=O))C(ON(=O)(=O))CC(=O)C(OO)C1C(OO)(C)C,-8.183811696319026,-8.312099
C(=O)(O)C1OC1C(ON(=O)(=O))(C)C(O)(OO)C(=O)(OO),-9.942250052641612,-8.53478
CC(=O)C(OO)C1(O)OOC(ON(=O)(=O))(C1(O))C(=O)(OON(=O)(=O)),-6.776139832800254,-7.6377125
C(=O)(O)C(C(ON(=O)(=O)))OOC(OO)C(=O),-7.182633463162347,-6.1345897
C(=O)(O)C(OO)C(O)(C)C(C(=O)(OON(=O)(=O)))C(=O),-7.937036923744017,-7.960801
C2(=O)C1(OO)OOC2C=CC1(ON(=O)(=O))C(ON(=O)(=O)),-5.242039352247957,-4.9077997
C(=O)(O)C1(C(ON(=O)(=O)))OC1C(O)(OO)C(=O)C(=O),-8.310971560524195,-7.1919007
C(=O)(N(=O)(=O))C1OC1C(O)C(=O)(O),-5.924787524680141,-5.670422
C2(O)C(=O)C(ON(=O)(=O))C1OOC2(OO)C1(O),-7.124494307354325,-8.804457
C(ON(=O)(=O))C(O)(C(=O)(OO))C(=O)(OO),-4.79553743924771,-4.4630904
CC(=O)OOC(C(O))C(=O)(OON(=O)(=O)),-3.3189150338002946,-3.6418052
CC(=O)C(=O)C(ON(=O)(=O))C(C(OO)(C)C)C(=O)C(=O),-6.151600356650306,-5.291805
C(=O)(N(=O)(=O))C(OO)OC(=O)C(ON(=O)(=O))C(O)C(=O)(O),-7.854263679633732,-8.0067
CC(=O)C(C)(C(OO))C(ON(=O)(=O))(C(ON(=O)(=O)))C(=O)(OO),-6.890691488530138,-6.4571986
CC(O)(C(=O)(O))C(=O)C1OC1(OO)C(=O),-7.835713500084239,-7.77874
C(=O)(OON(=O)(=O))C1(O)C(OO)OOC1(O)C(O)(N(=O)(=O))C(=O),-7.333506659124396,-9.534017
C(=O)(OO)C=C(OO)C(OO)(C)OC(=O),-7.8353541135875275,-9.493935
C(=O)(N(=O)(=O))C1OC1(C(ON(=O)(=O)))C(O)C(OO)C(=O)(OO),-8.786311143703642,-9.245002
CC(O)C(OO)CC(=O)C(=O)CCC(OO)C,-10.181035120476736,-9.926443
C(OO)C1OOC(OO)(C(=O)(OON(=O)(=O)))C1(O)C,-6.890241872693878,-6.591478
C(=O)(O)C1(O)OC1(C(OO))C(=O)(OON(=O)(=O)),-6.163970543857431,-7.8813963
C(=O)(O)C(=O)C(=O)C(C(ON(=O)(=O)))=CC(=O)(OO),-7.527520291507244,-7.983098
C(O)C1(OO)OC1(N(=O)(=O))C(=O)(OO),-5.99029695164063,-7.3469167
CC(OO)(C)C(ON(=O)(=O))(C(ON(=O)(=O))(C)C(=O)(OO))CC(=O)C(=O),-8.026383610427729,-10.021728
C(=O)C(=O)OC(OO)C(ON(=O)(=O))(C(ON(=O)(=O)))C(=O)C(=O),-5.484363308249158,-4.4383492
CC(OO)C(ON(=O)(=O))C(=O)OOC(=O),-3.923757272757939,-3.3372843
CC(=O)C(ON(=O)(=O))C(C)(C(OO))C(ON(=O)(=O))C,-5.338063430477632,-5.1857038
C(=O)(O)C(ON(=O)(=O))C(OO)C1OC1C(=O)C(=O)(OON(=O)(=O)),-7.331312527792761,-7.1934867
C(=O)(O)C(ON(=O)(=O))CC(OO)CC(=O)(O),-9.378466290349024,-9.393273
C(=O)(O)C(OO)OC(=O)C(O)(O)C(=O)(OON(=O)(=O)),-7.815808048777399,-7.1358843
C(O)C(C(=O)(OO))=C(OO)C1OC1C(=O),-9.07932267501019,-11.519349
CC(=O)C(OO)C(ON(=O)(=O))CC(=O)CC(OO),-8.490056717186235,-8.289299
CC(O)(C)C(=O)CC(=O)C(ON(=O)(=O)),-3.821302415250102,-4.209917
C(=O)(O)C1(N(=O)(=O))OC1(C(=O))CC(=O)(OO),-7.075453282173839,-6.019028
C1(O)(OO)C(OO)OOC1(C(OO))C(ON(=O)(=O))C(=O),-9.905836075282423,-10.045903
CC(ON(=O)(=O))(C)C(C(ON(=O)(=O)))C(C(=O)(O))=C,-5.698988390038721,-5.136261
C(=O)(O)C1OOC(=O)C1(=O),-3.26366699677601,-3.4754722
C1(O)(O)C(OO)(C)OOC1(O)C(OO)C(=O),-10.659754356121994,-9.205062
C1(OO)OC1(O)C(O)C(=O),-6.195938610544545,-5.6813
C(=O)(O)OC(O)C=CC(=O)(OO),-8.238632837368641,-9.3378525
C(=O)(O)C(O)C(OO)(C)C(ON(=O)(=O))OC(=O),-7.736043630502536,-8.451845
CC(=O)CC(O)CCC(=O)CCC(O),-8.206523563887458,-8.47304
CC1(C)C(OO)(C(=O)C(OO))CC1C(=O),-7.282109623571159,-8.57949
C1(=O)C(=O)OOC1C(N(=O)(=O))(OO)C(=O)C(=O),-3.711712022253778,-4.7872095
C(=O)(O)C(O)C(=O)C1(C(OO))OC1(=O),-7.7506132442940725,-6.6700897
C(=O)C(=O)C(O)(O)C(N(=O)(=O))(ON(=O)(=O))C(O)(C(=O))C(=O),-7.30629178682284,-7.127189
C(O)C1(O)C(OO)(C(=O))OOC1C(OO)C(=O),-10.304023233009502,-10.4823265
CC(ON(=O)(=O))(C)C(C(O)(C)C(=O)(OO))CC(=O)C(=O),-7.379854243947193,-7.1002707
CC(=O)C(=O)OOC(C)(C(ON(=O)(=O)))C(OO)(C(O))C(=O),-8.240429486089852,-7.66966
C(O)C(=O)C(OO)(C(=O)(OON(=O)(=O)))OC(=O)C(=O),-5.209128386413795,-4.614007
C1(OO)OC1C(=O)C(=O)(OO),-4.514811438566539,-3.9430926
CC(=O)CC(O)CCC(OO)CC(ON(=O)(=O)),-8.479405886915629,-9.120829
C(=O)(O)C(O)C(O)(N(=O)(=O))C(=O)(O),-7.961614444546285,-9.02725
C(=O)(OO)C1(N(=O)(=O))OC1(O)C(OO)C(=O),-6.909043799358187,-6.3776674
C(=O)(O)C(ON(=O)(=O))C(O)(C(=O)(O))OOC(=O)C(=O),-9.191726373217534,-9.040008
CC1(C(=O)(O))OOC(O)(C1(=O))C(=O)(OO),-7.448680285757291,-5.590527
C(=O)(OO)C(ON(=O)(=O))(C(=O))C(=O)OOC(C(=O)(O))C(=O),-7.826035724123358,-9.2991085
C(OO)C1(ON(=O)(=O))OC1(OO)C(=O)(OON(=O)(=O)),-3.5382631544634933,-4.0229373
CC(OO)(C(O))C(ON(=O)(=O))(C(=O))CC(=O)(OO),-8.007989290446858,-7.861732
C(=O)(O)C(ON(=O)(=O))OOC(=O)C(O)(C(=O)(OON(=O)(=O)))C(=O),-6.033736178491381,-6.00101
C1(=O)COOC1(O)C(OO)(C)C(=O)(OO),-6.859883402154082,-5.056581
C1(O)(O)C(OO)OOC1(C(=O))C(ON(=O)(=O))C(=O)(OON(=O)(=O)),-6.77761416049907,-5.8082952
CC(OO)C(C)(C(ON(=O)(=O)))C(=O)CC(=O)(OON(=O)(=O)),-5.862773215601919,-5.730486
CC(=O)C(OO)CC(ON(=O)(=O))C(ON(=O)(=O))(C)C,-5.591083961349796,-5.430425
CCCC(=O)CC(OO)C(=O)CCC,-5.2623728557664435,-4.638801
C1(=O)C(=O)OOC1C(N(=O)(=O))(OO),-2.344345273289946,-3.596836
C1(O)C(ON(=O)(=O))OOC(C)(C(=O)(O))C(=O)C1(O),-8.05199796348461,-7.91759
C(=O)(OON(=O)(=O))C(O)(O)C1OC1(OO)C(O)C(=O),-8.113461645130883,-8.017268
C(=O)C(=O)OC(=O)C(C(OO))=C(=O),-4.44609046568803,-4.113509
C(=O)(O)C=CC(=O)OC(=O)C(=O),-4.809159460914088,-4.580678
CC1(C(=O)(N(=O)(=O)))OC1(OO)C(ON(=O)(=O))C(=O)C(=O)(O),-6.773811711915187,-6.2571096
C(=O)(O)COOC(=O)C(ON(=O)(=O))C(=O)C(OO),-7.815737740500481,-8.105868
CC(=O)C(=O)OC(OO)C(=O)C(O)C(=O)(OON(=O)(=O)),-5.388508886360796,-5.4625297
C(O)C1(C(=O)(O))OOC(C1(=O))C(=O)(O),-9.231277607468655,-8.8051
CC(=O)C(=O)CC(OO)(C)C(ON(=O)(=O))(C)C,-5.894663068262162,-4.6754484
CC(C(=O))C1OC1(OO)C(=O),-4.504065676563187,-4.1460195
CC(=O)CCC(=O)CC(ON(=O)(=O))C(=O)(O),-6.29495641203539,-7.3820963
C1(O)COOC1(OO)C(OO)(C(ON(=O)(=O)))C(=O),-8.4101625871117,-8.381858
CC(=O)C1OC1(N(=O)(=O))C(OO)=CC(=O)(OO),-7.604605029773666,-9.406534
C(OO)C1(O)C(ON(=O)(=O))OOC1(O)C(OO)C(=O),-9.42703998714569,-10.724011
CC(O)C(C)(C(=O)(O))C(C(=O)(OO))C(=O)C,-8.197121556891943,-6.9799395
C(=O)(N(=O)(=O))C1OC1C(OO),-3.483717064082157,-3.4600918
CC(=O)C(C(OO))(C(ON(=O)(=O)))C(=O)(OO),-5.487346227833768,-4.92608
CC(=O)CC(ON(=O)(=O))C(ON(=O)(=O))(C)C(O),-4.978360803419491,-5.279858
C(=O)(O)C1(C(ON(=O)(=O)))OC1(O)C(ON(=O)(=O))C(=O),-6.74241305977921,-6.8825455
C(=O)(OO)C(=O)OC(=O)C(O)(C(ON(=O)(=O)))C(=O)C(=O),-5.621398343006149,-6.4881897
C(=O)(O)C(C(ON(=O)(=O)))C(=O)C(=O)C(O)C(=O)(OON(=O)(=O)),-6.518990139302332,-5.4149423
C(=O)(O)C(N(=O)(=O))=CC1(C(OO))OC1(OO),-8.76534036033263,-8.713851
CC(=O)C=CC(=O)CC(OO)C(OO)(C)C,-8.096907228333293,-8.635877
CC(OO)(C)C(ON(=O)(=O))(C(O)C(=O)(OO))CC(=O),-8.480501073339838,-5.7165713
CC(ON(=O)(=O))CCC(ON(=O)(=O))CC(=O),-4.0786683808255475,-4.1851234
C1(O)(O)C(N(=O)(=O))(OO)OOC1(C)C(=O),-6.787501633662032,-6.824156
C(O)C(=O)C(N(=O)(=O))C(=O)C1(N(=O)(=O))OC1(OO)C(=O),-6.847353962817579,-7.50989
CC1(C(=O)(OO))OC1C=C(N(=O)(=O))C(=O)(OO),-7.752319919643924,-9.277071
CC(O)(C(OO))C(C(O))C(=O)C(ON(=O)(=O))C(=O)(OON(=O)(=O)),-8.44995734076656,-8.858102
C1(O)C2OOC1C(OO)C(O)(C)C2(OO),-10.109186898829648,-11.701417
C(ON(=O)(=O))C(=O)OOC(C)(C(=O)(OO))C(=O),-4.867956970454543,-4.7960896
C1(=O)C(OO)(C(=O)(O))OOC1(C)C(ON(=O)(=O))C(=O)(OO),-8.577296634131926,-9.948089
C(=O)(O)C(O)C(=O)C(O)C(O)(OO)C(=O),-10.64458195133193,-11.043298
CC(=O)C(=O)C(ON(=O)(=O))C(ON(=O)(=O))C(OO)(C)C(O),-6.503187107984559,-6.239414
CC(=O)C(=O)C(=O)C(ON(=O)(=O))(OO)C(=O),-3.3542665014683735,-3.576426
C1(O)(O)C(=O)OOC1C(N(=O)(=O))C(=O)C(=O)(O),-8.113435989478603,-7.433684
C1(O)(O)C(OO)(C(=O)(OON(=O)(=O)))OOC1(C(ON(=O)(=O)))C(=O),-6.8429906303063035,-6.8528185
CC(ON(=O)(=O))(C1(O))C(OO)C(ON(=O)(=O))(C2(O)(O))OOC12,-8.661079280500417,-9.663151
C(=O)(O)CC1(ON(=O)(=O))OC1(OO)C(OO),-7.724929451331263,-7.7453904
C12OOC(C2(O))C(ON(=O)(=O))C(OO)C1(OO)C(=O)(OON(=O)(=O)),-7.8973141895694425,-7.8938046
C(=O)C(=O)OC(O)(C(=O))C(ON(=O)(=O)),-3.6835330747417174,-3.4335945
CC(=O)C(ON(=O)(=O))C(C)(C(ON(=O)(=O)))C(=O)C(O),-5.573183539047022,-4.6694655
CC(O)(C)C(OO)C(ON(=O)(=O))C(=O)(O),-6.766694228746928,-7.0213113
C(=O)(N(=O)(=O))C1OC1C(OO)C(O)C(=O)(OO),-8.593324184053927,-10.223874
CC(=O)C1(OO)OOC(OO)(C1(=O))C(=O)(OON(=O)(=O)),-4.741744176397333,-4.696576
CC(=O)C(ON(=O)(=O))(C)C(C(=O))C(=O)C,-2.85806237316865,-3.2688196
CC(C(=O)(O))(C(=O)(O))C(C(O))C(=O),-9.51909761231218,-9.218903
C2(O)(O)C(=O)C(OO)=CC1OC12C(O),-9.447260670160176,-7.718106
C(=O)(OO)C(O)C(ON(=O)(=O))C1(C)OC1C(=O)(OO),-8.307962914914242,-7.554718
CC(C(OO))(C(=O)(OO))C(=O)C(ON(=O)(=O))C(=O),-6.21694426346221,-5.266558
C1(=O)C(O)(C(=O)(O))OOC1C(OO),-7.732372811529785,-7.079665
CC(OO)(C)C(CC(=O)(OO))C(C(=O))=C,-7.12432855462248,-5.486494
C(OO)C(=O)C(C)(C(ON(=O)(=O)))C(ON(=O)(=O))(C)C(=O)(OO),-6.9919468827865785,-8.015787
CC1(C)C(OO)C(ON(=O)(=O))C1C(ON(=O)(=O)),-4.37168860163365,-4.320708
C1(O)(O)C(OO)OOC1(C(O))C(ON(=O)(=O))C(=O),-9.753524848274537,-9.928219
C1(ON(=O)(=O))OC1(O)C(=O)C(N(=O)(=O))C(=O)(OO),-5.171068614421529,-2.113002
C(ON(=O)(=O))C(=O)C(O)(OO)C(OO)C(=O)OC(=O),-7.402161073681782,-6.7512107
C1(O)C(C(=O)(O))OOC1C(ON(=O)(=O))(C)C(=O)(ON(=O)(=O)),-7.099094763660105,-8.048949
CC(O)C(=O)CC(=O)C(=O)CCC(=O)(OON(=O)(=O)),-5.426057381540886,-6.328281
C(=O)(O)C=CC1(O)OC1(O)C(=O)(OON(=O)(=O)),-7.028774237958714,-7.3946304
C(=O)(O)C(=O)OC(OO)(C)C(O)C(O)C(=O)(OON(=O)(=O)),-9.34817267411563,-8.562127
C1(OO)OC1C(C(O))C(=O)C(=O),-6.404178081240389,-5.354499
C(ON(=O)(=O))C1(O)C(O)(C(=O)(OON(=O)(=O)))OOC1C(=O)C(=O),-5.985797974601155,-6.453042
C(=O)(OO)C(O)C(OO)C1OC1(ON(=O)(=O))C(=O)(OON(=O)(=O)),-6.769981152901892,-6.8717484
C(=O)(O)C(O)C(ON(=O)(=O))(C1(O))OOC1(C)C(=O)(OON(=O)(=O)),-7.392097446281696,-9.589249
C(=O)(O)C1(O)C(O)(C(=O))OOC1C(OO)C(=O),-10.77793009983725,-12.819373
C(=O)(O)C(O)C(O)(C(=O)(OO))OOC(=O),-9.509857123353868,-9.706476
C(=O)(O)CCCC(OO)C(OO),-8.540106480693794,-7.7911696
C(=O)(O)CC(OO)(C(O))C(C)(C)C(=O)(OON(=O)(=O)),-8.071692056735628,-8.329219
CC(C(OO))(C(=O)(OO))C(C(ON(=O)(=O)))CC(=O)(OON(=O)(=O)),-7.42264812598296,-6.245465
C(=O)(OO)C(=O)C(ON(=O)(=O))C1OC1(OO)C(=O)(OON(=O)(=O)),-5.446442137152189,-6.1250772
CC(OO)(C)C(C(=O)(OO))CC(ON(=O)(=O))C(=O)(OO),-8.20682720222976,-7.5514216
C(=O)C(=O)C(OO)C1OC1(O)C(=O),-6.0459273329761345,-6.5861697
CC(ON(=O)(=O))C(OO)C(=O)CC(=O)CC(=O),-6.61978265781363,-6.6584888
CC(OO)(C)C1(OO)CC(=O)C(ON(=O)(=O))(C(ON(=O)(=O)))C(=O)C1,-8.515384865051601,-8.814754
CC(=O)C(ON(=O)(=O))CC(O)(C(OO))C(O)(C)C,-8.339457953639794,-7.7758
C(O)CCC(=O)C(=O)CC(OO),-7.318287400979898,-6.385874
C12OC1(OO)CC(=O)C(=O)C2(O)(O),-7.294380523686414,-9.2845955
CC(=O)C(C(OO)(C)C)CC(=O)C(OO),-7.160788977707853,-7.5089025
CCC(=O)CC(OO)C(ON(=O)(=O))C(=O)CC(ON(=O)(=O)),-6.804591995954979,-7.126261
C1(O)C(=O)C(=O)C(O)(O)C(=O)OC1(OO)C(ON(=O)(=O)),-9.53568566366448,-8.831857
CC(ON(=O)(=O))CCCCC(=O)CCC(=O),-5.198067756835371,-4.494916
CC(ON(=O)(=O))(C(=O)(O))C1CC(C(=O))C1(ON(=O)(=O))C,-7.188236941481591,-7.329327
C1(O)C(=O)C(O)(O)C(OO)(C(ON(=O)(=O)))OC(=O)C1(O),-9.866464693448506,-9.961794
C(=O)C(O)C(=O)OOC(ON(=O)(=O))C(=O),-4.208222487824969,-3.146206
C1(=O)C(=O)C(N(=O)(=O))C(=O)OC(=O)C1(O)C,-5.040248761390103,-5.9917164
C(=O)(OO)C(O)C(OO)(C)C1(O)OC1(ON(=O)(=O))C(=O),-9.28080464474624,-10.741558
CC(C)=C(C(=O)(OON(=O)(=O)))C(=O)C,-1.3098876533040311,-1.2690724
C1(=O)C(=O)OOC1(OO)C(ON(=O)(=O))(C)C(O)C(=O)(OON(=O)(=O)),-5.80496100592427,-5.8668346
C(=O)(O)C1(O)OC1(C)C(ON(=O)(=O))C(=O)C(=O),-6.278072456872906,-5.915576
C(ON(=O)(=O))C(=O)C(C(ON(=O)(=O)))C(O)(C)C(=O)(OO),-6.023264211791684,-4.933534
C(=O)(OO)C12C=CC(ON(=O)(=O))C(O)(C1(O))OO2,-8.103905337906326,-9.135863
CC(=O)C(O)C(O)(ON(=O)(=O))C(O)(N(=O)(=O))C(=O)C(=O),-7.070026213608799,-8.060511
C(=O)(OO)C1(O)C(O)(C(=O))OOC1C(=O),-7.290959087476949,-5.218498
C(=O)C(=O)C(=O)C(ON(=O)(=O))(C(=O)(O))C,-4.034376964700641,-3.9248679
C(=O)C=CC(=O)C(=O)C(=O)(O),-4.298613592545735,-4.3029776
C(=O)(O)C1(N(=O)(=O))OC1(C(ON(=O)(=O)))CC(=O)(OO),-7.161584455243428,-6.9970713
C(=O)(O)C1(O)OC1(C(ON(=O)(=O)))C(ON(=O)(=O))C(O)C(=O),-8.878767957634409,-9.072058
CC(ON(=O)(=O))(C(ON(=O)(=O)))C(C(=O))C(=O)C(OO),-5.59888254609541,-5.2123594
C(=O)(O)C(OO)C(ON(=O)(=O))(C(ON(=O)(=O)))C(=O),-5.925223763959366,-5.655582
CC(C(ON(=O)(=O)))(C(=O)(OO))C(C(=O)(OON(=O)(=O)))CC(=O)C(=O)C,-6.367633600864792,-5.7920156
CC(OO)CCCCCC(=O)(OON(=O)(=O)),-4.698636313012685,-4.0877814
C12OOC(N(=O)(=O))(C1(O))C(=O)C(ON(=O)(=O))(C)C2(O),-5.471078626389499,-7.023083
C(=O)(O)OC(OO)(C)C(=O)C(OO),-7.930372449656716,-7.9003396
C(=O)(OON(=O)(=O))C1(ON(=O)(=O))OC1C(OO)C(O)(C)C(=O),-6.016307586542098,-5.7755375
C(=O)(O)CC1CC(ON(=O)(=O))(C(=O)C)C1(C)C(OO),-8.68778455593565,-7.8618407
C12(O)OOC(OO)(C1(O))C(OO)C(OO)C2(ON(=O)(=O)),-11.184051429328974,-11.993291
CC(=O)C1OC1C(OO)=C(OO)C(=O),-7.077769908282789,-8.866429
C(=O)(N(=O)(=O))C(O)(C(=O)(O))OOC(=O)C(ON(=O)(=O))(C)C(=O),-7.057226110846386,-7.484965
C(=O)C(=O)C(OO)C(C)(C)C(O)C(=O),-6.7518829045584425,-6.999975
C12(O)OOC(O)(C1(O))C(=O)C(N(=O)(=O))C2(OO),-8.955033835576614,-10.415476
C(=O)(O)C(ON(=O)(=O))C(C(O))C(OO)(C)C(OO),-10.734725607660948,-10.989792
C1(=O)C(=O)OOC1C(OO)(C(=O)(OON(=O)(=O)))C(=O),-3.71357692181482,-4.7593083
C(=O)(O)C(=O)CC(OO)(C(OO)(C)C)C(=O)C(ON(=O)(=O)),-10.272598495139391,-11.6551075
C(=O)(OON(=O)(=O))C(O)(O)C(=O),-2.8366270340484334,-1.1023895
C(OO)CCC(O)CCC(=O)C(=O)CC(=O)(OON(=O)(=O)),-9.507795647819876,-8.511237
CC(=O)CCC(=O)CC(OO)CCC(=O)(OON(=O)(=O)),-7.0631881087319925,-7.5188947
CC(ON(=O)(=O))CCCC(=O)C(=O)CC(=O)(OON(=O)(=O)),-5.135555419503362,-4.588099
CC(=O)C(OO)(C1(C)C)C(ON(=O)(=O))C1C(=O),-5.50688082978013,-5.761705
CC(=O)C(=O)C(=O)C(=O)CC(ON(=O)(=O))C(OO)(C)C,-6.246868303758674,-5.6741104
C(ON(=O)(=O))C(=O)C(C)(C)C(C(=O)(OO))C(=O)C,-5.026881827026955,-5.085424
CC(=O)C(O)C(O)C(OO)OC(=O),-7.657107017206727,-8.26462
C1(=O)C(O)(O)C(OO)OC(=O)C=C1C,-8.722366059169872,-7.6415167
C(=O)(O)C(=O)C1(O)OC1C(ON(=O)(=O))C(O)C(=O),-8.893664992327103,-10.463677
CC(ON(=O)(=O))CC(=O)C(=O)C(ON(=O)(=O))CCC(OO)C,-7.825379581729067,-6.5602446
C(=O)(N(=O)(=O))C(=O)OC(=O)C(O)C(=O)C(=O),-3.3594735054211924,-2.6076548
C(O)C(=O)OC(=O)C(O)C(ON(=O)(=O))C(=O)(OON(=O)(=O)),-5.200969560726662,-5.8014174
C(OO)C(OO)C1OC1(O)C(=O),-7.587866831570864,-7.8947277
C(=O)(O)C1(O)C(O)(C(ON(=O)(=O))C(=O))OOC1C(=O),-8.79061671042291,-9.569625
C(=O)(N(=O)(=O))C1(O)OC1CC(=O)(OO),-5.964657414268004,-6.3954134
CC(=O)C(C(ON(=O)(=O))(C)C)C(OO)C(=O)C(=O)(OO),-6.82625817474036,-7.3400106
C1C(=O)C(=O)C2OOC1(O)C2(O),-6.387781924495357,-7.8462725
CC(=O)C(OO)C(C)(C(O))C(=O)C(=O),-6.464017641541432,-6.4400826
C(=O)(O)C1(N(=O)(=O))OC1(O)C(OO)C(O)C(=O)(OO),-11.832114829929196,-10.270044
CC(=O)CC(ON(=O)(=O))CC(O)C(=O)(OO),-6.808378211091622,-7.996897
CC(=O)CCC(ON(=O)(=O))CC(ON(=O)(=O))C(=O)C(OO)C,-7.900461713434197,-7.6704197
C(=O)(O)C(OO)(C(=O))OC(=O)CC(=O)C(=O),-7.657187360076932,-7.602536
C(=O)(OO)C(O)(O)C1OC1C(=O)C(=O),-7.039932287210831,-5.3553195
C(=O)(O)C(N(=O)(=O))(OO)OC(=O)C(C(ON(=O)(=O)))C(=O),-7.290752808534307,-7.5701284
CC(OO)(C)C(OO)(C(=O)(OON(=O)(=O)))C(=O)C(ON(=O)(=O)),-5.644244841692853,-5.250592
C(=O)(O)C1(C(OO))OC1C(=O)(OON(=O)(=O)),-5.317069229640765,-6.0802217
CC(ON(=O)(=O))(C)C(OO)(C(OO))C=CC(=O)C,-7.401149429148063,-8.439954
C(=O)(O)C(OO)C(ON(=O)(=O))C1(C)OC1(OO)C(=O),-9.03590572583198,-9.170665
CC(=O)C1OC1(OO)C(=O)C(O)C(=O),-6.180964798419154,-4.5430837
CC(ON(=O)(=O))CC(OO)C(=O)CC(=O)C,-5.819002938675112,-5.478854
CC(=O)C(C(=O)(O))C(C)(C)C(OO)C(=O)C(=O),-8.13375087438908,-8.519857
C2(ON(=O)(=O))C(=O)C(OO)C(C1(O)C(=O)(OON(=O)(=O)))OOC12,-5.860608067625435,-5.9647465
CC(OO)(C)C(C(=O))C(ON(=O)(=O))C(=O)C(ON(=O)(=O))(C)C(=O),-6.950406605043099,-6.309685
CC(=O)CCCC(ON(=O)(=O))C(=O)CC(ON(=O)(=O)),-5.909354413437541,-5.8298874
C(=O)C1OC1(O)C(OO)=C(N(=O)(=O))C(=O),-7.7544794778950745,-8.310074
C(ON(=O)(=O))C12OC1C=CC(=O)C2(O)(O),-5.3586072925972985,-4.9173546
CCC(O)CCC(=O)C(O)CC(ON(=O)(=O)),-7.109776741825044,-7.942273
C(=O)(O)C(OO)C(C)(C(=O)(OON(=O)(=O)))C(=O)C,-5.862339371640701,-6.3170614
C1(O)C(ON(=O)(=O))OOC1C(O)C(=O)C(=O)(OON(=O)(=O)),-5.180242875809199,-5.3961196
C(=O)C(O)C(=O)C(OO)(C(=O))OC(=O),-5.708270597548108,-5.4683747
C(O)C(=O)C(=O)C(=O)C(ON(=O)(=O))C(=O)OC(=O),-4.841927868736093,-4.0863314
CC(=O)OOC(C(ON(=O)(=O)))C(=O)(OO),-4.620255329296924,-5.943404
C1(O)(O)C(O)(C(=O)(OON(=O)(=O)))OOC1(C(=O))C(=O)C(=O),-7.169661561463727,-6.908346
C(OO)C(ON(=O)(=O))C(C)(C)C(C(=O)(OO))C(=O)(OON(=O)(=O)),-6.369501879278687,-6.2631564
C(OO)C1(C(=O))OC1(O)C(O)(O)C(=O)C(=O),-9.019180640476407,-10.346133
C(=O)(OO)C=CC1(O)OC1(O)C(=O)(OON(=O)(=O)),-6.605011387393461,-8.101994
C(=O)(OO)C(=O)C(ON(=O)(=O))C(=O)C1OC1C(=O),-6.1145522376318695,-6.414643
C(=O)(O)C(=O)C(=O)OC(=O)C(=O)C(=O),-4.126955487343366,-3.15459
C1(=O)C(O)C(OO)C(ON(=O)(=O))(C)C(ON(=O)(=O))C1,-6.14949944554246,-5.3312564
C(=O)(O)C1(OO)OOC(=O)C1(O)C(=O),-6.9585476226202445,-5.9548616
C1(O)C(=O)OOC(C)(C(=O))C(=O)C1(O),-6.037566365412204,-6.066436
CC(=O)C(ON(=O)(=O))C(=O)C(OO)C(OO)(C)C,-6.294419364829082,-6.1195354
C(=O)(O)CC(=O)C(C)(C)C(C(OO))C(=O)C,-8.510760945704533,-9.309648
C(=O)(OO)C(=O)C(O)(O)C1(C)OC1C(=O),-7.291236392513383,-6.835449
C(=O)(OON(=O)(=O))C=CC1(C(=O))OC1(O)C(=O)(O),-6.45976939702814,-6.0074563
C(OO)C(=O)C(=O)C1OOC(ON(=O)(=O))(C1(=O))C(=O),-5.10582041030284,-4.69858
C(=O)C(OO)C1(O)OOC(=O)C1(=O),-4.831372040789574,-5.437805
C(=O)(O)C1OC1C(O)(OO)C(=O)(OON(=O)(=O)),-6.470896151193301,-6.348162
CC(=O)C1C(ON(=O)(=O))C(ON(=O)(=O))C1(C)C,-2.796814432964311,-3.664576
C(=O)C(=O)C(O)(ON(=O)(=O))C(O)(C(=O)(O))C(=O)C(=O),-7.183629213410313,-8.792077
C(=O)(O)C(=O)C(O)(C)C(=O)OC(=O)C(=O),-6.231252292054705,-5.567311
C1(O)(O)COOC1(OO)C(OO)C(=O),-8.464903754094848,-8.101857
C2(=O)C(=O)CC(OO)(C1(O))OOC12C(ON(=O)(=O)),-6.533477606237284,-7.372639
C(O)C(=O)C(OO)=C(N(=O)(=O))C(=O)OC(=O),-7.270384738469147,-8.077473
CC(=O)C(C(=O)C)C(OO)C(O)C(OO),-8.645575302449288,-8.659174
C(=O)C(=O)OOC(C)(C(=O))C(=O)C(=O),-3.5065071465505753,-2.2979143
C(=O)(O)C(=O)C(O)C1(C(O))OC1C(=O),-8.815560876013478,-8.087016
C1(ON(=O)(=O))OC1(O)C(OO)C(O)C(=O),-6.876247624473763,-7.815745
C(=O)(OO)C(O)C(OO)(C)C1OC1(O)C(=O),-9.69949059386272,-11.688842
CC(O)(C(=O)(OO))C(O)(C1(=O))OOC1C(=O)(OON(=O)(=O)),-6.827124417148298,-7.4421086
C(=O)C(OO)C(O)C1(C(ON(=O)(=O)))OC1(OO)C(=O),-8.942494455506676,-9.060763
C12(OO)OC1C(O)C(=O)C(=O)C2C,-5.572470434708521,-4.5769844
C(O)C(OO)(C(=O)(OON(=O)(=O)))C(=O)OC(=O)C(=O),-5.051942964899354,-4.584796
C1(=O)C(=O)OOC1C(N(=O)(=O))(OO)C(=O)C(=O)C,-4.3367700673261425,-5.0443964
CC(=O)CCC(O)CC(OO)C(ON(=O)(=O))CC,-7.5565915860497626,-8.145576
C1(ON(=O)(=O))OC1(C(ON(=O)(=O)))C(O)(O)C(=O)C(O)C(=O),-7.6448670981189935,-5.656589
C(=O)(O)C(N(=O)(=O))C1OOC(C1(=O))C(=O)C(OO),-8.518194114847574,-8.89316
CC(=O)C(ON(=O)(=O))CC(C(O))C(C)(C(=O))C(=O),-7.244309072746546,-7.122843
C(=O)(OO)C(=O)C(OO)OC(=O)C=CC(=O)(OON(=O)(=O)),-7.051663577120053,-6.9682784
C1(=O)OC1C(ON(=O)(=O))C(O)(C(=O)(OO))C(=O)(OON(=O)(=O)),-5.556895969697507,-4.765209
C(=O)(O)C=C(C(OO))C(=O)OC(=O)C(=O)(OO),-9.210198151951772,-8.657508
C(O)C(=O)C(ON(=O)(=O))C(C(=O)(O))(C)C(ON(=O)(=O)),-6.690516675167601,-7.1592135
CC(OO)(C)C(C(OO)C(=O))C(=O)C(=O),-7.192129530405509,-7.3205953
CC(ON(=O)(=O))(C(O))C(=O)CC(=O)C(O)(C)C(=O)(O),-9.490572674199939,-8.162847
CC(=O)OC(O)C(ON(=O)(=O))C(=O)(OO),-5.3217557680764,-3.3532765
C(=O)(O)C(O)C(ON(=O)(=O))(C)C(C(=O)C)CC(=O)(OO),-9.568416202935623,-10.251302
CC(ON(=O)(=O))(C)C(ON(=O)(=O))(C(=O)(OO))CC(=O)C(O)(C)C(=O),-7.474190911423648,-8.230179
CC(=O)C(ON(=O)(=O))C1OC1(ON(=O)(=O))C(O)(O)C(=O)(O),-7.735595089136041,-8.316421
C(=O)(O)C(C(=O)(OO))(C)C(OO)(C(ON(=O)(=O)))C(=O),-8.449423318044865,-7.231339
CC(ON(=O)(=O))(C)C(OO)C(ON(=O)(=O)),-3.0024283091333928,-3.4246237
C(OO)C1(C(=O)(OO))OC1(OO)C(=O),-6.898902552420623,-5.8840723
C12OOC(O)(C1(O))C(=O)C(OO)C2(O),-9.230417381302686,-7.991969
CC(=O)C(OO)C(C)(C(OO))C(C(OO))C(=O),-10.478391844764701,-10.222081
CC(C(=O)(O))C(=O)C(=O)C(O)(OO)C(=O)(OON(=O)(=O)),-6.902454485447379,-6.821921
C1(O)C=CC(ON(=O)(=O))OOC1(C(=O)(O))C(=O)(OON(=O)(=O)),-6.764523956429912,-7.863613
C12OOC(C2(=O))C(ON(=O)(=O))C=C1C(=O)(OO),-5.657535762147745,-5.8338404
C(=O)(OO)C(=O)C(OO)C(=O)C(ON(=O)(=O))OC(=O),-6.323095343323075,-6.623331
C(=O)(OON(=O)(=O))C=C(C(=O))C1(OO)OC1(OO)C(=O),-6.506040450040018,-5.6148577
C1C(ON(=O)(=O))C(OO)(C)C(ON(=O)(=O))C(O)C1C(=O)C,-7.8605180542654125,-8.341715
C(=O)(OO)C(=O)CC(=O)C(=O)OC(=O)C(=O),-5.488016647766926,-5.550709
C(=O)(O)C(=O)OOC(=O)C(O)(C)C(=O),-6.395747444126755,-5.0912347
C(=O)C(=O)C(N(=O)(=O))(OO)C(=O),-2.52125433695619,-2.3049564
C(=O)(OO)C(=O)CC(C(OO)(C)C)CC(=O),-7.940183617480216,-9.398044
C(=O)(N(=O)(=O))C(=O)OC(=O)C(OO)(C(O))C(O)C(=O)(O),-9.701775168985478,-9.56347
CC1(C)C(ON(=O)(=O))C(ON(=O)(=O))C1(OO)C(=O)C(O),-5.886948684987146,-3.316933
C1(OO)OC1C(ON(=O)(=O))C(=O)(OON(=O)(=O)),-2.6069091525423573,-2.7710867
C(=O)(O)C(O)(OO)C1OC1C(ON(=O)(=O))(C(OO))C(=O),-11.00427444986417,-11.436567
C(OO)C1(OO)OC1CC(=O)(OO),-7.285922719645896,-8.047445
C(=O)(O)C(O)(ON(=O)(=O))C(OO)C(=O),-6.3718262873153435,-6.901012
CC(=O)OC(=O)(N(=O)(=O)),-0.4170284462015843,-0.95852834
C(=O)(O)C(=O)C1CC(ON(=O)(=O))(C1(C)C(OO))CC(=O)(OON(=O)(=O)),-9.049126985584735,-8.813327
C(O)C1(ON(=O)(=O))OC1(O)C(O)(O)C(=O)C(O)C(=O),-8.079728908865945,-12.268618
CC(OO)(C)C(C(OO))C(=O)C(=O)(OON(=O)(=O)),-5.670084309502272,-5.5391793
CC(ON(=O)(=O))(C)C(C(O)(C)C(=O)(O))C(ON(=O)(=O))C(=O)C(=O),-8.188348158961162,-7.409229
CC(O)(C(=O)(OON(=O)(=O)))C(C(=O)(OO))C(C(O))(C)C(=O),-8.102939797056024,-7.0699463
C1(ON(=O)(=O))C(=O)OOC(OO)(C(OO)C1(O))C(=O)C,-8.48132420834736,-9.975163
C(ON(=O)(=O))C(C(=O)(OO))(C(=O))OOC(=O)C(=O)C(=O),-5.8069182454637485,-6.453674
C12(O)OOC(O)(C1(=O))C(OO)C(O)C2(=O),-7.765533505924395,-8.878069
CC(=O)C(=O)CCC(ON(=O)(=O))CC(OO)C(=O)C,-6.946403943264158,-7.1618357
CC(=O)C(ON(=O)(=O))C(O)C(C(=O)C)CC(=O)(O),-8.350941000317107,-8.309989
CC(=O)C(=O)C(C)(C)C(C(O))C(=O)(OON(=O)(=O)),-4.20913292352634,-3.861
C(=O)(O)C1(C(OO))OC1(O)C(OO),-9.186925463800435,-11.227484
C(=O)(OON(=O)(=O))C(O)C(ON(=O)(=O))OC(=O),-2.6378731683653314,-2.0847058
C1(O)C(=O)OOC1C(O)C(O)(C)C(=O)(OO),-9.114221067808103,-6.636619
C1(=O)C(=O)OOC1C(ON(=O)(=O))(C)C(O)C(=O)(OON(=O)(=O)),-4.575951938357321,-5.25009
CC(=O)C(O)(N(=O)(=O))C(O)(C(=O)(N(=O)(=O)))OOC(=O),-5.121471367659979,-7.050317
C(O)C(=O)C1C(OO)C(C1(C)C)C(ON(=O)(=O))C(=O),-8.278223873625393,-8.942057
CC1(C)OOC(C(=O)C)C(ON(=O)(=O))C1CC(=O)(OO),-6.892074842267903,-8.071358
C1(=O)OC1(C(=O)(OON(=O)(=O)))C(O)C(=O)C(=O),-3.122890988845029,-3.4682043
C(O)C1(O)C(O)(C(=O)(OON(=O)(=O)))OOC1C(=O)(OON(=O)(=O)),-6.2267542357731145,-5.6513166
C(=O)C(=O)C(=O)C(OO)C(O)(OO)C(=O),-6.40894267175463,-7.817257
C1(OO)OC1(OO)C(=O)C(ON(=O)(=O))C(=O),-5.070729733837652,-5.604543
C1(O)(O)C(N(=O)(=O))OOC1C(OO)C(=O)(OO),-9.000467402249342,-7.94154
C1(O)(N(=O)(=O))C(OO)(C(=O))OOC1C(OO)C(=O),-8.37157875279081,-7.683981
CC(=O)C(=O)C(N(=O)(=O))(OO)C(=O)(O),-5.038752725769882,-4.924263
CC(=O)C(O)C(OO)C(C(O)(C)C)CC(=O)(OON(=O)(=O)),-8.841263633585186,-7.828028
CC(=O)C(C(OO)C)CC(=O)(OON(=O)(=O)),-4.5973434551706305,-4.636791
C(=O)(N(=O)(=O))C(OO)OC(=O)C(OO)C(O)(C)C(=O)(OO),-9.37146085157292,-9.657112
C(O)C(ON(=O)(=O))(C2(=O))C(=O)C(O)(C1(O))OOC12,-7.656834751978749,-7.0775633
C(=O)(O)C(O)C(ON(=O)(=O))C(OO)(C)C(=O),-7.671804886587779,-7.9851217
C1(O)C(C(=O)(OON(=O)(=O)))OOC1(C(=O)(O))C(=O)(OON(=O)(=O)),-5.550166350571089,-6.377501
C(OO)C(=O)C1OC1(ON(=O)(=O))C(=O)C(=O),-3.99703344781301,-3.5323288
C(ON(=O)(=O))C(=O)C(=O)OOC(=O)C(OO)C(=O)(OO),-7.354880736602354,-7.9770937
CC(=O)C(ON(=O)(=O))CC(O)CC(ON(=O)(=O))C(=O),-6.673809703439474,-7.4402437
C(=O)(OO)C1(O)OC1(OO)C(=O),-5.850748355849646,-4.4690213
CC(OO)(C)C(=O)C(=O)C(ON(=O)(=O)),-3.4827762694185367,-3.131562
C(OO)C(ON(=O)(=O))C(=O)C(C(=O)(OON(=O)(=O)))CC(=O),-5.68757250175986,-5.7307215
C(=O)(OON(=O)(=O))C(O)C(ON(=O)(=O))C(O)C(O)C(=O),-7.401914976435364,-7.973984
C(ON(=O)(=O))C1(O)C(=O)OOC1C(=O)C(ON(=O)(=O))C(=O),-5.2225252743810415,-5.2747316
C(=O)(O)OOC(ON(=O)(=O))C(O)(C)C(=O),-6.180583623499842,-5.750905
CC(C)(C(=O))C(OO)C(=O)C(OO)C(=O),-7.192129530405509,-7.6525207
C1(ON(=O)(=O))OC1C(O)(OO)C(=O)C(O)C(=O)C(ON(=O)(=O)),-7.909430235245964,-10.54812
CC(=O)COOC(=O)C(N(=O)(=O))(OO)C(=O)(OO),-6.38125981632038,-7.4173484
C1(=O)OC1C(ON(=O)(=O))(C)C(N(=O)(=O))(OO)C(=O)(O),-6.401814253171324,-5.0801425
C(=O)C(O)(N(=O)(=O))C(=O)OOC(=O)C(=O),-3.8219437074585585,-4.6583996
CC(=O)C(C(O))C(C(OO))(C)C(=O),-6.940095129000838,-7.753094
C1(O)(ON(=O)(=O))C(C(=O))OOC1(C(=O))C(OO)C(=O),-7.663515814521816,-8.838414
C1(O)(O)C(C(=O))OOC1(C(=O)(OON(=O)(=O)))C(O)C(=O),-8.051317716526682,-9.13361
CC(=O)C(=O)OOC(C(=O)(OON(=O)(=O)))C(O)C(=O),-4.737527007469907,-5.312206
C1(=O)C(=O)OOC1(O)C(=O)C(O)C(=O)(O),-7.397477911232272,-6.8333454
C(=O)(OO)C1(O)OC1(O)C(ON(=O)(=O))C(=O)(OON(=O)(=O)),-5.509856924196356,-4.87407
C(=O)(OON(=O)(=O))C1(ON(=O)(=O))OC1(O)C(C)C(=O),-3.675405578047503,-3.687048
C(=O)(OO)C(=O)C(O)C1OC1C(=O),-6.565091295458842,-6.0651345
CC(=O)C(C(ON(=O)(=O)))C(C)(C)C(=O)C(OO),-5.855396737752017,-6.427823
C(=O)(OON(=O)(=O))C(ON(=O)(=O))C(C(=O))C(O)(C)C(=O)(O),-6.417218379137921,-6.6075516
C(=O)(O)C(ON(=O)(=O))CC(O)(C(OO))C(=O)C,-8.743939348336426,-10.184951
C(=O)(O)C(OO)C(ON(=O)(=O))(OO)C1OC1(O)C(=O),-10.000079947800259,-9.423262
CC(O)CC(ON(=O)(=O))C(=O)CC(=O)(OO),-7.2301206103293225,-6.295245
C1(O)C(ON(=O)(=O))C(OO)C(O)(C2(O)(O))OOC12,-9.701547256161575,-11.543909
C(=O)(OO)C(=O)C(=O)C(ON(=O)(=O))C(=O)(OO),-4.987927176654921,-5.628884
C1(O)(O)C(O)OOC1(O)C(OO)C(=O),-7.871474190003937,-8.71847
CC(=O)C(C(=O)C(=O)(O))OOC(=O)(O),-7.411144471043372,-7.3683624
C(OO)C(ON(=O)(=O))CC(O)C(ON(=O)(=O))(C)C(=O),-7.363337936214521,-7.1090817
CC(ON(=O)(=O))C(OO)(C(OO)(C)C)C(=O)C(=O),-6.796996945224237,-6.9933634
C(=O)(O)CC(OO)C(O)(C)C(=O)C(=O)(OON(=O)(=O)),-7.583978575916262,-6.927415
C(ON(=O)(=O))C(=O)C(O)C(O)(ON(=O)(=O))C(=O)C(=O),-5.057733297435334,-4.677273
C1(O)(OO)C(OO)(C(=O))OOC1(C)C(ON(=O)(=O))C(=O),-8.332207355837454,-7.5676003
C(O)C(C(OO))C(C(=O)(OON(=O)(=O)))(C)C(=O),-6.352800642227521,-6.6588616
CC1(C(ON(=O)(=O)))C(C(=O)(OON(=O)(=O)))CC1CC(=O)(OO),-6.436246685261722,-5.1341357
C(=O)(O)C(OO)OOC(ON(=O)(=O))(C)C(OO)C(=O)(O),-10.697304651461309,-10.51283
C(=O)(OO)C(O)C(=O)C(ON(=O)(=O))(C)C(=O),-4.821241774072405,-4.9091926
C(=O)(OON(=O)(=O))C(ON(=O)(=O))C(=O)C(OO)(C)OOC(=O),-4.402117222256493,-3.7122774
C1(=O)C(=O)OOC(=O)C(=O)C1(O)C(=O),-3.1331747011863627,-2.838632
C(ON(=O)(=O))C1(O)OC1(C(OO))C(=O)(OO),-6.926084936596453,-4.817858
C(=O)(O)C(=O)C(=O)C(OO)(C(O))C(=O)(OON(=O)(=O)),-6.806507585046347,-6.5480714
C1(=O)OC1(C)C(OO)C(O)C(=O)(OO),-8.090725154790562,-7.58417
C(O)C(ON(=O)(=O))C(C)(C(=O)(OO))C(=O)C,-5.373633202718338,-7.2851624
C(=O)(O)C(ON(=O)(=O))C(=O)C(C(OO)(C)C)CC(=O),-8.778475583792897,-8.12923
C(=O)(N(=O)(=O))C1(O)OC1C(OO)C(O)C(=O)(OON(=O)(=O)),-7.024847261418472,-5.925948
C(=O)(OO)C1OC1(O)C(O)(N(=O)(=O))C(=O),-7.016918516106671,-9.108927
CC(=O)CC(O)CC(ON(=O)(=O))C(=O)(OO),-7.134675611610874,-5.9792743
C(=O)C(=O)C1(C(O))OC1(OO)C(=O),-5.862147503867163,-5.2254915
C(=O)(O)C(O)C(OO)(C)C(C(=O))C(C)(C)C(=O),-10.029453299823217,-11.428876
C(=O)(O)C(OO)OC(=O)CC(=O)C(=O)C(ON(=O)(=O)),-8.11679650079168,-7.837734
C1(OO)C(O)(C)C(ON(=O)(=O))C(=O)OOC1C(=O)(OO),-8.338088578777388,-9.28902
C(=O)(O)C(=O)OOC(C(=O)(O))(C(ON(=O)(=O)))C(ON(=O)(=O))C(=O),-8.955649099865695,-9.157959
CC1(C)C(=O)CC1(ON(=O)(=O))CC(=O),-3.472219148345175,-3.47007
C(=O)(OO)C(=O)CC(OO)(C(ON(=O)(=O))(C)C)CC(=O),-7.959770745932474,-10.156836
C(=O)(OO)C(O)C(=O)C1(O)OC1C(=O)(OON(=O)(=O)),-6.368767115549417,-4.208954
C1C(=O)C(O)(O)C(ON(=O)(=O))C(O)C1(=O),-7.550478852310334,-8.880913
CC(OO)CC(OO)C(=O)CC(O)CCC(ON(=O)(=O)),-11.420643809280591,-11.285127
C1(=O)CC(OO)C(O)(C)C(ON(=O)(=O))C1,-6.108671066060197,-5.850976
CC(ON(=O)(=O))C(=O)CC(=O)CC(=O)CC(OO),-6.726817151487921,-7.286856
C(=O)(O)C(OO)C(O)(C(=O)(O))C1OC1C(=O)(OON(=O)(=O)),-10.297979655777453,-10.9402895
C1(=O)CC(OO)OOC(=O)C1(OO)C(=O)(OON(=O)(=O)),-5.806376299267868,-5.997165
C(=O)(OO)C(O)C(ON(=O)(=O))C1(C(=O)(OON(=O)(=O)))OC1(O)C(=O),-7.140155429544393,-5.2147527
C(=O)(O)C(OO)C(OO)C(=O)OOC(=O),-8.260906815616181,-8.060012
C(=O)C12C=C(OO)C(OO)C(C1(O))OO2,-9.073912670253776,-9.241923
C(=O)(OON(=O)(=O))C(OO)(C(=O))C(=O)C(=O)C(O)C(=O),-5.068257219259976,-5.183272
C(=O)(O)CC(OO)C(OO)(C)C(ON(=O)(=O))(C(=O))C(=O)C,-10.485344647342572,-10.8290615
CC(=O)C(ON(=O)(=O))CC(ON(=O)(=O))C(O)CC(=O)(OO),-8.044986788387178,-8.280693
C(=O)(O)C(=O)OOC(C)(C(=O))C(=O)C(=O),-5.766007503596484,-4.756456
CC(=O)C(ON(=O)(=O))C(ON(=O)(=O))(C)C(OO),-4.003575548864319,-4.146309
C(=O)(OON(=O)(=O))C(O)(O)C1(OO)OC1C(=O)(OON(=O)(=O)),-4.854163821146358,-4.646196
CC(ON(=O)(=O))C(O)C(OO)CC(=O),-6.052233089008951,-6.240494
C1(=O)C(OO)(C(ON(=O)(=O)))OOC1C(OO)C(=O),-6.809202141070273,-5.6421547
CC(OO)(C)C(C(=O)(OO))C(=O)C(ON(=O)(=O))CC(=O),-8.112172197550535,-7.798933
C(=O)(O)C(=O)OC(=O)C(C(=O)(O))=CC(=O)(O),-9.587091746856458,-9.589405
C(=O)C(OO)OC(=O)C(O)(C)C(O)C(=O),-8.275723098020535,-6.6448097
CC(=O)C(C(=O)(OO))C(C)(C(ON(=O)(=O)))C(O)C(=O)(OON(=O)(=O)),-6.809885293463594,-5.2378874
CC(OO)(C)C(O)(C(=O)(O))C(=O)C,-6.561157873395132,-5.7908955
C(=O)(O)C(ON(=O)(=O))C(OO)C(C)(C)C(=O)(OO),-7.731614234682638,-10.684312
C(=O)(O)C(C(=O)(OON(=O)(=O)))C(=O)C(ON(=O)(=O))OC(=O),-4.297682112592156,-4.440552
C1(ON(=O)(=O))OC1C(=O)C(=O)C(=O)C(=O)C(=O),-3.2585409548482858,-4.018397
C(=O)(OON(=O)(=O))C(O)(OO)C(ON(=O)(=O))C(OO)OC(=O)C(=O),-7.366298396984348,-6.770663
C(ON(=O)(=O))C(=O)OOC(OO)(C(=O))C(O)C(=O)(O),-8.84574385083397,-9.210183
C(=O)(O)C(=O)C(O)(ON(=O)(=O))C(O)(C)C(=O)C(=O)(OON(=O)(=O)),-6.293325244740117,-8.508405
CC(ON(=O)(=O))(C(=O))C1(O)OOC(ON(=O)(=O))(C1(=O))C(=O),-4.799565100547625,-5.6847906
CC(=O)C(ON(=O)(=O))CCCC(OO)CC(=O)C,-6.965545763450791,-7.769333
C1(O)(O)C(C(=O)(O))OOC1(C(O))C(ON(=O)(=O))C(=O),-11.759498388506472,-11.7028
CC1(C)C(ON(=O)(=O))CC1C(O)C(=O)(O),-5.983888685062993,-5.3409023
C12(O)OOC(O)(C1(O))C=C(C(O))C2(=O),-9.085213768688845,-9.603262
C1(=O)OC1(C)C(O)(O)C(=O)C(OO)C(=O)(O),-9.607182740714052,-8.487278
C1(=O)C(OO)(C)C(ON(=O)(=O))CC(OO)C1(C)C,-6.929231033529504,-6.298392
CC(=O)C(=O)C(OO)C(C(O))C(=O)(O),-8.848693029023707,-8.747022
C(=O)(O)C(O)C(ON(=O)(=O))(C(ON(=O)(=O)))C(=O)OC(=O)C(=O),-7.0017769879923435,-6.3765273
C(=O)(OO)C(C(=O))=CC(=O),-3.6164674732572166,-3.564125
C(=O)(O)C(=O)C(OO)(C(=O))C1OC1C(=O),-7.590143225766951,-7.285851
C(=O)(O)C(ON(=O)(=O))C(O)C1OC1(C)C(=O)(OON(=O)(=O)),-6.289538963203086,-6.872127
CC(=O)C(ON(=O)(=O))CC(C(=O))C(=O)C,-4.022885642611072,-4.0637946
CC1(C(OO))C(=O)C(OO)C1CC(=O),-7.225811607670039,-7.466053
C1(O)(OO)C(ON(=O)(=O))OOC1(C(=O))C(ON(=O)(=O))C(=O),-6.128700879533426,-6.3243666
CCCCCC(OO)C(OO),-4.438445292937104,-4.027915
CC(=O)CCCC(ON(=O)(=O))C(=O),-3.406307966200984,-3.134881
CC(=O)C(=O)CC(ON(=O)(=O))(C(ON(=O)(=O))(C)C)C(OO)C(=O),-6.870891265192768,-7.0068326
C1(O)COOC1C(OO)C(=O)(OO),-7.887473087932449,-7.4678383
C(=O)(O)C(=O)C(O)(C(ON(=O)(=O)))C(ON(=O)(=O))C(=O)C(=O),-6.234612873799051,-5.8526764
C(OO)C(=O)OOC(O)(C(=O)(O))C(=O),-7.937075117486529,-7.4347887
CC(=O)C(ON(=O)(=O))C1OOC(O)(C1(O)(OO))C(=O),-7.708259032151545,-9.567075
C(=O)(O)C(ON(=O)(=O))(C(=O))OOC(ON(=O)(=O))(C)C(=O)C(=O),-5.971166113420622,-4.557583
C(=O)(OO)C(=O)OOC(C)(C(=O)(OO))C(ON(=O)(=O))C(=O),-7.493177837473922,-8.383743
CCCC(=O)CC(ON(=O)(=O))C(O)C(OO)C(=O)C,-7.5995543620229,-8.083618
CC(=O)C(C(=O)(O))C(ON(=O)(=O))(C)C(ON(=O)(=O))C(OO),-7.747727738475078,-7.642811
C(=O)(O)C1(C(ON(=O)(=O)))OC1(OO)CC(=O)(OON(=O)(=O)),-6.47755227824382,-6.22044
C(=O)(O)C12OOC(O)(C1(O))C(OO)C(O)C2(ON(=O)(=O)),-11.565923173737247,-11.913591
C(O)C(=O)C1(OO)OC1(OO)C(OO)C(=O),-10.07598693339969,-9.810092
CC(=O)C(ON(=O)(=O))CC(C(O)(C)C(=O)(OO))CC(=O)(OON(=O)(=O)),-7.69930675739306,-7.938573
CC(OO)(C)C(ON(=O)(=O))(C(=O)(OO))C(=O)C,-5.021634524848196,-4.441706
C(=O)(O)C(OO)C(=O)C1(OO)OC1(C)C(=O)(OON(=O)(=O)),-7.825050955696497,-7.8014913
C(OO)C12C=CC(ON(=O)(=O))C(C1(O))OO2,-6.782223002446699,-6.0003533
C(=O)(OO)C1OOC(ON(=O)(=O))(C(=O))C1(O)C,-6.282190473124501,-5.6510963
C12OOC(C1(O)(O))C=C(OO)C2(OO),-9.327654952663579,-9.160407
CCC(=O)CC(=O)C(O)C(OO),-5.486543037943193,-5.764559
C(O)C=CC(=O)(OO),-4.127377441953286,-4.9010754
CC(OO)C(O)C(=O)OC(OO)C(=O)(O),-9.787817732765689,-9.644817
CC(=O)C(N(=O)(=O))C(=O)C(N(=O)(=O))(OO)OC(=O)C(=O),-4.794285037292866,-5.6548533
C(=O)(O)C(N(=O)(=O))(OO)C(O)(C)C(=O),-6.958757982312818,-8.591882
C(=O)(O)C(=O)C(C(ON(=O)(=O)))C(=O)OC(=O),-5.555612583033508,-5.064685
CC(=O)C(C(=O)(O))OOC(ON(=O)(=O))(C)C(OO),-7.375815519262687,-7.5518584
C(OO)C(=O)C=CC(=O)C(O)C(=O)(OON(=O)(=O)),-6.020576675029588,-4.8724117
C(=O)(OO)C1(C(=O)(OO))OC1C(O)C(ON(=O)(=O))C(=O)(OON(=O)(=O)),-8.057544458089978,-9.301072
CC(=O)C(C(=O))C(C)(C)C(OO)C(=O)C(=O),-5.960683600977063,-7.153436
C(=O)(O)C1(O)OC1(N(=O)(=O))C(OO)C(=O),-7.185395129679819,-8.986721
C1(OO)OC1(O)C(=O)(OO),-5.463723757726257,-5.136667
CC(ON(=O)(=O))C1CC(C(=O)(OON(=O)(=O)))C1(C)C,-3.148304329486564,-2.9415739
C(O)C(C(ON(=O)(=O)))C(C(OO))(C)C(=O)(OO),-8.16848643044068,-7.7444277
C1(=O)C(ON(=O)(=O))C(=O)C(=O)OOC1(C)C(=O)(OO),-5.125409215659602,-5.207489
C(=O)(O)C(OO)C(ON(=O)(=O))(C(=O))OOC(=O)C,-6.934795611523441,-6.6439133
C1(O)C2(O)OOC1C(ON(=O)(=O))C(=O)C2(=O),-5.887964022811502,-5.9196973
C(ON(=O)(=O))C(=O)C(=O)C(OO)C1OC1C(=O)(OON(=O)(=O)),-5.521971760404995,-5.184571
CC(OO)C(C)(C)C(C(=O))CC(=O)(OON(=O)(=O)),-5.564518117680564,-5.5362124
C(=O)(O)C1OC1C(OO)(C)C(O)(OO)C(=O)(OON(=O)(=O)),-9.323603370576166,-9.392279
C(ON(=O)(=O))C(=O)OC(=O)C(O)C(=O),-3.7771885357506108,-3.0612497
C(=O)(OO)C(O)C(ON(=O)(=O))(C)C(O)(O)C(=O)(OON(=O)(=O)),-7.060512137031765,-5.6280026
C(=O)(OON(=O)(=O))C(=O)OC(OO)(C(=O)(OO))C=CC(=O),-7.034157569287345,-8.022302
C1(O)C=CC(=O)OOC1(C(OO))C(=O),-7.739992942486424,-6.531906
C(ON(=O)(=O))C1(ON(=O)(=O))CC(=O)OOC1(C)C(=O)(OO),-5.909359791112365,-6.960384
CC(=O)C(=O)C(ON(=O)(=O))(C)C(C(ON(=O)(=O)))CC(=O)(O),-6.8166781474865275,-6.184365
c1c(O)c(O)c(O)c(OO)c1,-9.101730531358044,-8.053607
CC1(ON(=O)(=O))OC1C(O)C(OO)C(=O)(O),-7.699532912156428,-7.1572285
C(ON(=O)(=O))C(OO)C(C)(C)C(OO)C(=O)(OO),-7.472116689226823,-9.401487
CC(=O)C1(OO)CC(=O)C1(C)C(O),-5.337497797096148,-6.1314855
CC(O)(C(=O)(O))C(=O)C(O)(C)C(=O),-7.231105654806015,-5.8082314
C(=O)(N(=O)(=O))C(=O)OC(O)C=C(C(OO))C(=O)(OO),-8.445663423466613,-8.797045
C1(O)(O)C(N(=O)(=O))(C(=O)(OO))OOC1(C)C(=O)(OON(=O)(=O)),-6.483939777201158,-5.396315
C(=O)(O)C(N(=O)(=O))=CC1OC1(C(=O)(O))C(OO),-10.096992320701247,-10.58668
C(=O)C1OC1(OO)C(=O)C,-2.91208082792582,-3.1418817
CC(=O)C(O)CC(=O)CC(ON(=O)(=O))OOC(OO)(C)C,-8.353632115002256,-8.680022
C(OO)C(O)(C(=O))C(O)C(=O),-6.81930128033855,-5.767503
C(=O)(OON(=O)(=O))C=C(C(=O)(OO))C(OO)OC(=O),-6.324032629883732,-5.0980406
C(=O)(OO)C(O)(N(=O)(=O))C(O)C(=O)C(=O),-5.909594266398926,-6.324045
CC(=O)C(=O)C(N(=O)(=O))C1OC1(OO)C(=O),-5.023418723649229,-4.2274785
CC(ON(=O)(=O))(C(O))C(C(O)(C)C(=O))CC(=O),-8.376585072284797,-9.003674
CC1(C(OO))C(=O)CC1C(ON(=O)(=O))C(=O),-5.852072843714268,-6.110438
C1(=O)OC1(C(OO))C(ON(=O)(=O))C(=O),-4.0035539803648135,-3.5670376
C(=O)(O)C(=O)CC(O)C(=O)C(=O),-6.488403489915072,-5.938384
CC(=O)C(ON(=O)(=O))C(ON(=O)(=O))C(=O)C(OO)C,-4.936871867525042,-4.1646523
CC1(C(=O))OC1(O)C(O)(OO)C(=O)C(=O),-7.760202617268078,-7.5133452
CC(=O)C(ON(=O)(=O))C(C)(C(ON(=O)(=O)))C(=O)CC(=O)(OO),-6.458633766116691,-5.7674413
C(=O)(O)C1(N(=O)(=O))OC1(O)C(O)C(OO)(C)C(=O)(OON(=O)(=O)),-9.343382330058375,-9.974993
C(=O)(OON(=O)(=O))C1(OO)OC1(C)C(OO)=C(N(=O)(=O))C(=O),-7.358014533558162,-7.4593306
C(ON(=O)(=O))C(=O)C(=O)CC(ON(=O)(=O))(C(OO)(C)C)CC(=O)(OO),-8.780213527643355,-9.059239
C2(O)(O)C(=O)C(=O)C(ON(=O)(=O))C1(ON(=O)(=O))OC12(OO),-5.502028578732279,-6.7703605
C(=O)(O)C(N(=O)(=O))=CC1(C(=O)(OO))OC1(OO),-8.587404871112085,-9.332952
CC(ON(=O)(=O))(C)OOC(C(=O)(O))C(ON(=O)(=O))C(=O),-5.806090877871611,-6.0928864
C1(ON(=O)(=O))C(=O)C(OO)C(=O)OOC1C(=O),-5.221191799573717,-4.935574
CC(=O)C(C(=O)C(=O)(N(=O)(=O)))OOC(=O),-2.889467801054707,-3.7076209
C1(=O)C(=O)OOC(C(ON(=O)(=O))C1(O)(N(=O)(=O)))C(=O)C,-5.03863764613925,-4.63451
CC(=O)CC(O)C(ON(=O)(=O))CC(OO)CC(=O)C,-9.346053245011717,-9.484408
C(=O)(N(=O)(=O))C1(OO)OC1C(C(OO))=CC(=O),-7.378019254843821,-6.5094566
CC1(C)C(=O)C(ON(=O)(=O))(C)C(ON(=O)(=O))CC1(OO)C(=O),-6.929183157466468,-6.188075
C(ON(=O)(=O))C(=O)OOC(OO)(C(=O))C(=O),-4.664395025392878,-5.168922
CC(=O)C(OO)OC(=O)(O),-4.95414899638854,-5.010138
CC(OO)(C)C(C(O))C(ON(=O)(=O))(C)C(=O)(OON(=O)(=O)),-5.937385622120928,-6.271022
CC(=O)CCC(ON(=O)(=O))CCC(=O)(OO),-5.34703782084398,-7.56471
C(=O)(OON(=O)(=O))C1OC1C(OO)=C(C)C(=O),-4.561910313292174,-5.221939
CC(ON(=O)(=O))C(=O)C(ON(=O)(=O))C(=O)CC(=O)C(OO),-6.32157060643658,-5.712613
C(O)C(=O)C(O)C1(N(=O)(=O))OC1(O)C(=O)(OON(=O)(=O)),-6.200470786745427,-6.243455
CC(=O)C(=O)C1OOC(O)(C1(O)(N(=O)(=O)))C(=O)(OON(=O)(=O)),-5.3959430683462415,-4.573856
C(ON(=O)(=O))C1(O)C(OO)(C(O)(N(=O)(=O))C(=O))OOC1C(=O),-8.856426934624324,-9.573669
C(=O)(N(=O)(=O))C(=O)C(=O)C(O)C(OO)C(=O)(O),-7.538277053827187,-8.148185
C(=O)(OO)C(O)(C(=O))OOC(=O)C(ON(=O)(=O))C(=O),-6.221619007381378,-7.063123
C1(=O)OC1C(OO)(C(O))C(O)(N(=O)(=O))C(=O)(O),-10.133768685307587,-9.579152
C1(ON(=O)(=O))OC1C(OO)(C(=O)(OO))C(ON(=O)(=O))C(=O)(OO),-7.989501478077727,-6.9061847
CC(=O)C1CC(C(OO))C1(O)C(OO),-8.45573860485456,-7.8636765
C(=O)(O)C(ON(=O)(=O))C1OOC(O)(C1(O))C(=O)(OON(=O)(=O)),-7.589087625674438,-7.2007713
CC(ON(=O)(=O))C(=O)CC(OO)C(ON(=O)(=O))(C)C(OO),-8.05915011295292,-7.7352276
C1(=O)C(OO)(C)OOC1(OO)C(ON(=O)(=O))C(=O)(OO),-7.629529406360234,-6.5025883
C(O)C(=O)OC(=O)C(O)C(=O)(OO),-6.531185673142318,-6.8805547
C(=O)(N(=O)(=O))C1(O)OOC(OO)(C(=O)(OON(=O)(=O)))C1(O)C,-5.7838636402157135,-3.4448538
C(=O)(OO)C(=O)C(ON(=O)(=O))C(O)(C(OO))C(=O)C(=O),-7.396523050629185,-5.191282
C(=O)(OO)C(=O)C1OC1C(O)C(ON(=O)(=O))C(=O)(OON(=O)(=O)),-6.815991581519484,-6.854629
C(=O)C(O)C(O)(C(=O))C(=O)C(=O),-4.708416123394272,-5.637428
CC(ON(=O)(=O))CC(OO)C(=O)CC(=O)C(=O)CC(ON(=O)(=O)),-8.492992475934443,-8.192711
C(=O)OOC(N(=O)(=O))(C(=O)(O))CC(=O)C(=O),-5.362630941250245,-5.659991
C(O)C(=O)OOC(O)C(=O)(O),-7.14866499544587,-6.202902
C1(O)C(OO)OOC1C(ON(=O)(=O))(C(OO))C(=O)(OO),-9.319475557276746,-8.440686
C(OO)C1(C(=O)(OON(=O)(=O)))OC1(OO)C(=O),-4.847377795551438,-4.3634663
C(OO)C1(C(=O)(OO))OOC(C1(O))C(=O)C(=O),-9.557724785190658,-10.917874
C(=O)(OO)C1OC1(N(=O)(=O))C(OO)C(=O),-6.132924711127998,-5.7240853
C(=O)OC(OO)C(O)(C(ON(=O)(=O)))C(OO)C(=O),-8.102739290668978,-9.405497
C(O)C(=O)C(ON(=O)(=O))C(O)OC(=O),-5.659347033652011,-5.93634
C(=O)(OO)C(=O)C1(O)OC1C(ON(=O)(=O))C(=O),-5.850183281407226,-6.0087132
CC(=O)C(=O)C1OOC(O)(C1(O)(N(=O)(=O)))C(=O),-6.05425565780024,-5.895101
C(=O)(N(=O)(=O))C(OO)OC(=O)C(ON(=O)(=O))(C)C(=O)(O),-5.920792423843523,-6.467433
CC(=O)COOC(=O)C(ON(=O)(=O))C(=O)(OON(=O)(=O)),-3.247382179950364,-3.730967
CC(=O)C(=O)C(C)(C)C(ON(=O)(=O))C(=O),-2.5652142710750923,-1.8434812
C(=O)(N(=O)(=O))C(=O)OC(=O)C(=O)(OO),-2.3539871220564237,-3.1684275
C(=O)(O)C(O)(C(ON(=O)(=O)))C(OO)OC(=O),-7.06772466651455,-7.990076
C(O)CCC(OO)C(=O)CC(=O)CC(=O)(OON(=O)(=O)),-8.688457460899372,-8.898632
C(=O)C1(O)OC1(C(ON(=O)(=O)))CC(=O),-4.780013450363185,-4.049096
CC(OO)C(=O)CC(C(O))C(=O)(OO),-8.737555887899362,-12.916987
C1(=O)C=CC(C(=O)(O))OOC1(OO)C(=O)(O),-10.268173903124989,-11.159608
CC(ON(=O)(=O))CC(=O)C(OO),-3.7112764591147425,-3.7770195
C(=O)(O)C(O)C(O)(C(=O)(O))OOC(=O),-10.19505626965838,-10.261237
C1(O)C(ON(=O)(=O))OOC1(C(=O)(OO))C(OO)C(=O),-8.46829607336258,-9.312774
C1(=O)C(=O)OOC1(O)C(N(=O)(=O))=CC(=O),-5.144347193330759,-5.02481
CC(=O)C(O)C(C)(C)C(C(=O)(OON(=O)(=O)))CC(=O)(OON(=O)(=O)),-5.386486493589473,-5.5124254
C(=O)(OO)C1OOC(ON(=O)(=O))C1(O)C(=O)(OON(=O)(=O)),-4.903683391661616,-5.7040195
CC(=O)C1(OO)OC1C(=O)C(OO)C(=O)(OO),-8.172749925972312,-8.656429
C(O)C(OO)(C(=O))C(=O)C(=O)OC(=O)C(=O),-6.344633732616785,-6.086317
C(OO)C(O)(C(=O))C(O)(C)C(=O),-7.106311656651087,-7.7001038
CC(N(=O)(=O))(OO)C(O)(C(=O))OOC(=O)C(=O),-6.395601274911314,-4.154714
C(=O)(O)CCC(=O)CC(OO)C(=O)CC(ON(=O)(=O)),-9.944999389685108,-9.940823
C(=O)(O)C(OO)C(O)C1(O)OC1(OO)C(=O),-11.876652967795962,-11.81781
C(=O)(OO)C(=O)C(=O)C(O)C(ON(=O)(=O))C(=O)(OO),-7.253875825292198,-7.2507663
CC(=O)C(OO)(C(ON(=O)(=O))(C)C)CC(=O)(O),-6.981106721155811,-7.694145
C1(OO)OC1(O)C(OO)C(=O)(OON(=O)(=O)),-5.052015978406416,-5.269521
C1(OO)OC1C(OO)(C)C(=O),-4.996210431316285,-5.162246
CCC(OO)CC(=O)CC(ON(=O)(=O))C(=O)(O),-7.794806932506617,-8.013854
C(=O)(OO)C(ON(=O)(=O))C(ON(=O)(=O))(C(=O))C(=O),-3.6754050160816405,-3.797581
C1(=O)OC1(C(ON(=O)(=O)))C(O)(O)C(=O)C(O)C(=O)(OON(=O)(=O)),-6.660154130557203,-6.339805
C1(O)C(=O)C(ON(=O)(=O))(C)C(=O)OOC1(N(=O)(=O))C(=O)(OO),-6.224197458665003,-6.8706903
C(OO)C(C(=O))C(=O)C1(N(=O)(=O))OC1(O)C(=O),-7.398165361126303,-6.348215
C(=O)OC(OO)C(O)(C(=O)(OO))C(=O)C(=O),-7.116850295933546,-5.3775334
C(=O)(OON(=O)(=O))C(=O)C(O)(ON(=O)(=O))C(O)(C)C(=O)C(=O),-4.613610849119141,-6.072017
C1(O)(N(=O)(=O))C(O)(C(=O)(O))OOC1(C(O))C(O)C(=O),-10.772119943823782,-11.966978
C(=O)(O)OC(=O)CC(=O)C(=O)C(ON(=O)(=O)),-5.821204430132639,-5.6608887
C12OOC(C1(O))C(ON(=O)(=O))C(ON(=O)(=O))(C2(O))C(OO),-8.569327954290202,-9.04756
C(=O)(OON(=O)(=O))C1(ON(=O)(=O))CC(OO)(C1(C)C)C(O)(C)C(=O),-6.832903396731126,-6.6296535
CC(=O)C(=O)C(C)(C(O))C(ON(=O)(=O))C(OO)C(=O)(OO),-8.738356984467828,-8.296705
C(=O)(OO)CC(=O)C(O)C(O)C(=O),-7.936226411984535,-6.166128
CC(OO)(C(=O)(OON(=O)(=O)))C(=O)C(C)(C)C(OO)C(=O),-6.6908721250947565,-7.028487
C(O)C(=O)C(OO)(C(=O)C(=O))OOC(=O),-6.270732922304887,-6.8282275
C1(=O)OC1C(ON(=O)(=O))C(O)C(=O)C,-4.733489019490662,-4.4309564
C(=O)(OO)C(O)C(ON(=O)(=O))C1OC1(C(ON(=O)(=O)))C(=O),-7.105304176438949,-6.780238
C(=O)C(O)C(O)(OO)C(=O)C(=O)C(=O),-6.856877865095157,-5.548989
C(=O)(O)C(=O)OC(OO)(C)C(=O)C(N(=O)(=O))(OO),-7.65399509188137,-8.003942
C(O)CCC(ON(=O)(=O))CC(=O)(OO),-6.766495387259056,-7.29959
C(=O)(O)CC(C)(C)C(=O)C(ON(=O)(=O))(C)C(=O)(OON(=O)(=O)),-5.67017932519957,-4.905517
CC1(C(=O)(O))OOC(OO)(C1(O)(O))C(ON(=O)(=O))C(=O),-10.036647902656114,-9.794051
C(=O)(OO)C(O)C(C(=O)C(=O))OOC(=O),-6.521143352088984,-6.4419813
CC(=O)C=CC(=O)OC(N(=O)(=O))(OO)C(=O)(O),-7.61864102036634,-8.7152605
C(=O)(O)C(=O)OOC(N(=O)(=O))(C(=O)C)C(=O)C(=O),-5.725900197852752,-5.8052464
CC(OO)(C(=O)(OO))OC(=O)CC(=O)(OON(=O)(=O)),-5.617008294822881,-5.995417
C1(O)C(OO)(C)OOC1C(OO)C(=O)(O),-10.058117418040638,-8.545034
C(=O)(O)C(C)(C(=O))C(OO)CC(=O),-7.726644285343355,-8.061526
C(=O)(OO)C(O)(N(=O)(=O))C(=O)C1OC1C(=O)(OO),-7.573888143408112,-8.294693
C(=O)C(OO)C(ON(=O)(=O))(C(O))C(=O)C(=O),-5.923507367799175,-5.4129143
C(O)C(OO)C(O)(C)C(ON(=O)(=O))(C(=O))C(=O)C,-8.752771123079583,-9.24848
C(=O)(O)C1(C(=O))OC1(=O),-3.186664909706451,-2.2097852
C(=O)C(O)(ON(=O)(=O))C(O)(C)C(=O)C(ON(=O)(=O))C(=O),-5.788976350610028,-7.467911
C(=O)(O)C1(O)OC1(N(=O)(=O))C(O)C(ON(=O)(=O))C(=O),-8.56159626513545,-8.608176
C(=O)C(ON(=O)(=O))C(OO)C(O)(C)C(=O)C(=O),-6.382077924587065,-5.377135
C(=O)(OON(=O)(=O))C(OO)C(=O),-1.696626978504355,-1.3224113
CC(=O)CCC(ON(=O)(=O))C(O)CCC(=O)(OO),-8.180675989409792,-9.1770935
C(=O)(O)C(ON(=O)(=O))C(O)C1OC1(O)C(=O)(O),-10.249712647870183,-10.053429
C(=O)(O)C(=O)OC(O)C=C(C(ON(=O)(=O)))C(=O)(OON(=O)(=O)),-7.302531667985022,-8.015032
C(=O)(O)CC(=O)C(OO)C(=O)(OON(=O)(=O)),-5.565582112627453,-4.962118
CC(=O)C(ON(=O)(=O))C(O)(C)C(ON(=O)(=O)),-3.2494599638303043,-3.7450256
CC(=O)C(C(O)C(=O))CC(=O),-5.020881631586235,-5.28104
C(=O)(OON(=O)(=O))C(O)C(=O)C1(N(=O)(=O))OC1(O)C(=O),-4.914856476767454,-4.5049024
C(=O)(OO)C(O)C(C1(=O))OOC1(C(OO))C(=O),-8.696238559568883,-8.026832
C1(O)C(O)(C(=O))OOC1(O)C(N(=O)(=O))(OO)C(=O),-8.32967549150635,-8.004608
C(=O)(OO)C(C(=O))=C(OO)C1(O)OC1C(=O),-8.759963021089789,-10.709298
C1(=O)C(O)C(N(=O)(=O))(ON(=O)(=O))C(=O)OOC1C(=O)(OO),-5.90604977410112,-5.123858
C(O)CCC(=O)C(OO)C(=O)(O),-8.592546294996282,-8.387448
C(ON(=O)(=O))C(ON(=O)(=O))C(OO)(C)C(C)C(=O),-5.56160689520766,-5.738244
CC1(C)C(=O)CC1CC(=O),-1.9044466242630733,-1.9997829
CC(=O)C(=O)C(ON(=O)(=O))(C(=O)(O))C(OO)C(ON(=O)(=O)),-6.798663664070773,-6.633924
C(=O)(OO)C(O)C(ON(=O)(=O))(C(=O))C(ON(=O)(=O))C(=O),-5.680536274943734,-5.7592936
C(=O)(OO)C(N(=O)(=O))(OO)C(OO)C(=O)OOC(=O),-7.3740447746095015,-7.258376
C2(O)(O)C(=O)C(ON(=O)(=O))C(=O)C1(O)OC12(OO),-7.060170985976583,-6.529352
CC(OO)(C)C(ON(=O)(=O))CC(=O)C(=O)(OON(=O)(=O)),-4.616189582404331,-4.7570586
C(ON(=O)(=O))C(=O)C(OO)C(C)(C)C(=O)C(ON(=O)(=O))C(=O)(OO),-7.307080475919065,-6.9466987
C1(O)C(O)(C(=O))OOC1C(ON(=O)(=O))C(=O),-6.654685192363104,-6.157951
C(=O)(OO)C(C(=O))C(=O)C1OC1(ON(=O)(=O))C(=O),-5.6142193100677105,-4.7284794
C(=O)(O)C(=O)C(ON(=O)(=O))(C(=O))C(ON(=O)(=O))OC(=O),-4.541488936170936,-4.931402
C1(OO)C=CC(N(=O)(=O))(C2(O)(OO))OOC12,-7.648001136010862,-6.954746
C1(ON(=O)(=O))OC1C(ON(=O)(=O))(C(O))C(O)C(=O)(OO),-7.244972180735203,-7.711006
C(O)C(=O)CC(OO)C(=O)C(OO),-8.497042948642047,-9.522123
C(=O)(OO)C1(O)OC1C=C(OO)C(=O)(OON(=O)(=O)),-7.443911894311896,-8.35629
C(=O)C(=O)C(ON(=O)(=O))(OO)C1OC1(C(=O))C(OO),-7.395810877904296,-7.3511133
CC(=O)C(C(=O)C)C(=O)C(ON(=O)(=O))(OO),-4.069391030541738,-4.370092
CC(=O)C1CC(ON(=O)(=O))(C)C1(OO)C,-4.58250721215154,-4.888713
C1(O)(O)C(OO)(C)OOC1C(=O)(OO),-7.6840403580717975,-7.4089046
C(O)C(=O)C(O)C(=O)C(=O)OC(=O)C(=O),-6.3083340885496,-5.0714655
C(=O)(O)C(OO)OC(=O)C(=O)CC(=O),-7.0492067371087614,-7.200326
C(ON(=O)(=O))C(=O)C(O)C(OO)C(O)C(=O)(OO),-9.49061351682758,-8.860069
C(=O)(O)C(ON(=O)(=O))C(OO)C1(C)OC1(O)C(=O),-8.414027828155668,-8.766354
CC(O)C(OO)CC(=O)CC(ON(=O)(=O))CC(=O)C(O),-11.652246623969404,-12.574123
C(=O)(OON(=O)(=O))C1(OO)OC1(C(=O)(OON(=O)(=O)))CC(=O),-4.182650292103062,-4.5503354
C(OO)C(=O)C1OC1C=CC(=O)(OO),-8.724554098545923,-8.45549
C(=O)(N(=O)(=O))C1OC1C(=O)CC(=O)(OO),-5.754816893851967,-5.1923137
C1(ON(=O)(=O))C=CC(ON(=O)(=O))(C(OO))OOC1C(=O)(O),-8.021748378814664,-7.951081
C(O)C(=O)C(OO)C(C)(C)C(O)C(=O)(OO),-9.202014542213874,-10.100161
C(=O)(O)C(O)(C(=O)(OO))C(O)(C1(O)(N(=O)(=O)))OOC1C(=O),-10.974342598114163,-9.398984
C(=O)(OO)C(OO)OC(=O)C(OO)=CC(=O),-9.12562102630909,-11.880027
C(=O)(OON(=O)(=O))C1OOC(OO)(C1(O))C(ON(=O)(=O))C(=O),-6.34278089714644,-7.3887997
CC(OO)CCCC(O)CCC(OO)C,-8.691714764179778,-8.850165
C1(=O)C(OO)(C(=O)(O))OOC1C(OO)(C)C(=O),-8.96302899211878,-8.68521
CC(OO)(C)C(C(=O)(OON(=O)(=O)))CC(=O),-4.489771481603384,-4.4787397
CC(OO)(C)C(ON(=O)(=O))C(O)(C)C(=O)CC(=O)(OON(=O)(=O)),-6.660973095014924,-6.51257
C(OO)C1(O)C(C(=O))CC1C(=O)C,-6.530805958434939,-8.614018
C(O)C(=O)C(N(=O)(=O))C(=O)C(=O)OC(=O)C(=O)(O),-7.171054275837378,-8.071511
CC(=O)OOC(=O)C,0.12943095434457064,-0.34149638
C(ON(=O)(=O))C(=O)OOC(O)(C(=O)(OO))C(O)(N(=O)(=O))C(=O),-7.972175675371545,-8.268744
CC(=O)C(C(OO)(C)C)CC(=O)C(OO)C(=O),-8.405719492497155,-8.76815
C(=O)(O)C(OO)(C(=O)(OON(=O)(=O)))OC(=O)C(O)C(=O),-7.394805210424238,-7.329212
C(O)CCC(=O)C(=O)CC(=O)CC(=O)(OON(=O)(=O)),-6.3825871663721045,-6.346627
CC(=O)C(O)CC(OO)C(ON(=O)(=O))C(=O),-7.028081250260584,-8.351855
C1(O)(O)C(C(=O)(OON(=O)(=O)))OOC1C(O)C(=O)(OON(=O)(=O)),-6.560821516235592,-7.5326586
C(OO)C(=O)CC(ON(=O)(=O))CCC(=O)(OO),-7.6177847095241304,-6.9802284
C(=O)(O)C(O)C(OO)C1(C(=O))OC1(O)C(=O),-10.715836364805,-11.265063
C(=O)(OON(=O)(=O))C(O)C(C(=O))(C(=O))OOC(=O)C(=O)(O),-7.001746154259308,-7.1903386
C(=O)(OON(=O)(=O))C(O)C(=O)C(O)(O)C(O)(C)C(=O),-6.664715280538076,-7.583264
C1(N(=O)(=O))(ON(=O)(=O))C(=O)OOC(C(OO)C1(=O))C(=O)C,-5.003736187383765,-4.5470076
CC(C)(C(O))C(OO)(C(=O)(OO))C(=O)C,-6.793616370094242,-5.7989955
CC(=O)C(OO)=CC(=O)OC(OO)C(=O),-6.866571673046565,-8.022995
C1(O)C(C(=O)(OO))OOC1(C)C(ON(=O)(=O))C(=O)(OO),-8.96201902073517,-9.024272
C(O)C(=O)OC(OO)C(ON(=O)(=O))C(O)C(=O)(OON(=O)(=O)),-7.738173390331212,-6.967262
C(=O)(O)CCC(O)CCC(=O)CC(=O)(OON(=O)(=O)),-8.815066064882558,-8.491351
CC(=O)C(OO)OOC(C(=O)(O))C(=O),-7.02233597059967,-7.3153443
C(=O)(N(=O)(=O))C(=O)OC(OO)C(OO)(C(O))C(O)C(=O)(O),-11.95716308010742,-12.279106
CC(=O)C(ON(=O)(=O))C(ON(=O)(=O))C(OO)C(C)(C)C(=O)(OO),-6.8443951931840274,-5.12498
C(=O)(OON(=O)(=O))C(=O)OC(=O)C(O)(N(=O)(=O))C(OO)C(=O),-5.139927506199456,-5.5378428
CC(=O)CCC(O)C(ON(=O)(=O))CC(ON(=O)(=O))C(=O)C,-7.0381674761883914,-7.732618
C1C(=O)C(N(=O)(=O))(OO)C(=O)OOC1(O)C(=O)(O),-7.422447942750296,-8.3347
C(=O)(OO)C(ON(=O)(=O))C(O)C(=O)C(=O)C(=O),-6.027036899598897,-4.9130783
C12C(ON(=O)(=O))C(C1(C)C)CC(=O)C2(OO)C,-4.974309151235502,-5.1151843
C(=O)(OON(=O)(=O))C1(O)OC1(C(=O))C(=O)C(O)C(=O),-5.429463312932057,-5.9446764
C(=O)C(ON(=O)(=O))C(OO)(C1(O))OOC1(ON(=O)(=O))C(=O),-6.501469315902796,-7.4708486
C(=O)(OON(=O)(=O))C(=O)OC(=O)C(C(OO))=CC(=O),-4.812455724415486,-5.2095184
C(O)C(=O)CC(=O)C1OC1C(=O)(O),-7.863491653013625,-9.118231
C(=O)(OON(=O)(=O))C(=O)OC(=O)CC(=O)C(=O),-2.5151971235318342,-2.4757338
C(=O)(OO)CC(=O)OC(OO)(C)C(=O)(OON(=O)(=O)),-5.48208771206555,-4.791357
C(=O)C=C(C)C1(OO)OC1(=O),-5.573668250159244,-10.024111
CC(OO)CC(=O)CC(OO)C(ON(=O)(=O)),-7.283309491846012,-7.232323
C(=O)(OON(=O)(=O))C1(OO)OC1C(C(=O)(O))C(=O),-6.31531514620292,-6.06383
C(=O)(O)C1OOC(C(OO))C1(O)C(=O)(OO),-10.47981555700244,-10.3534565
C(=O)(N(=O)(=O))C(=O)OC(OO)C(OO)C(O)C(=O)(O),-9.326042152824812,-10.207173
C(=O)C(N(=O)(=O))=C(OO)C(=O)OC(=O)C,-5.052214272858691,-6.406573
C(=O)(OON(=O)(=O))C12C(=O)C(O)C(OO)C(C1(O))OO2,-7.564765727423946,-6.8469424
C(ON(=O)(=O))C1(ON(=O)(=O))OC1C(=O)C(=O)C(=O)C(=O),-4.050225267244969,-2.9136403
C1(O)(OO)C(ON(=O)(=O))OOC1(ON(=O)(=O))C(=O),-4.312289872919791,-5.7310123
C1(O)(OO)C(ON(=O)(=O))OOC1(C)C(=O)(OON(=O)(=O)),-4.014785894629313,-5.8400407
CC(OO)(C)OOC(C(=O)(O))C(=O),-6.324596279824618,-6.168431
C(=O)(OON(=O)(=O))C(O)C(OO)C(OO)(C)OC(=O)C(=O),-7.939060317905387,-7.0795107
C(ON(=O)(=O))C(=O)C1CC(C(OO))C1(C)C(=O),-6.531236007300322,-6.0735116
C(=O)(O)C(=O)C(=O)C1OOC(OO)(C1(O))C(=O),-9.022807492903667,-9.774211
CC(ON(=O)(=O))(C)C(C(ON(=O)(=O))(C(O))C(=O))CC(=O)C(=O),-7.693281545711216,-6.907084
C(=O)(OON(=O)(=O))C(O)C(OO)(C(=O))C(OO)OC(=O),-7.541791614377871,-7.855062
CC(O)(C(=O)(OON(=O)(=O)))C(C(=O))C(ON(=O)(=O))(C)C,-4.561910460834042,-4.351109
C(=O)(N(=O)(=O))C1OC1(C(O))C(ON(=O)(=O))C(OO)C(=O)(O),-9.35828979202779,-9.074667
CC(=O)OOC(OO)(C(=O)C)C(ON(=O)(=O))C(=O)(O),-7.0702609379950445,-6.1890216
C(=O)(OON(=O)(=O))C(N(=O)(=O))C(=O)C(OO)(C(O))OC(=O)C(=O),-6.549363754034857,-6.97851
C(=O)(O)C(=O)OOC(OO)C(O)(C)C(=O)(OON(=O)(=O)),-7.319097286541364,-7.8418097
C(=O)(OO)C(OO)OC(=O)C(O)C(=O),-7.549307264271192,-8.157942
C(=O)(O)C1(O)OC1(C(=O))C(ON(=O)(=O))C(=O),-5.866005971343839,-7.0410914
CC(=O)C(OO)(C1(C)C)CC1C(=O)(OO),-6.292858410452027,-8.063957
C1(O)C(OO)OC(=O)C(O)(O)C(=O)C1(O)C(O),-9.356019529048353,-5.7401047
C(=O)(N(=O)(=O))C(OO)C(O)(C)C(=O),-4.848989135862212,-4.751335
C(=O)(OON(=O)(=O))C(C(=O))C(ON(=O)(=O))OC(=O),-2.1472742005134933,-2.0080655
C(OO)C(=O)OOC(C(ON(=O)(=O)))C(=O),-5.0152576917316765,-5.06296
C(=O)(OO)C1(OO)OC1(C)CC(=O)(OON(=O)(=O)),-5.4442183455394115,-4.810195
C1(O)(O)C(C(=O)(O))OOC1(C(=O)(O))C(=O)(OON(=O)(=O)),-9.178599246268277,-9.321395
C(=O)(O)C(OO)=CC(=O)OC(OO)C(=O),-9.043517574798898,-7.7502017
CC1(C)C(ON(=O)(=O))CC(=O)C(O)(C(OO))C1C(=O),-7.947178594113211,-6.437806
C1(N(=O)(=O))(OO)OC1(O)C(=O)C(O),-5.843160227421322,-5.5966563
CC(OO)(C)C(O)(C(ON(=O)(=O))(C)C(=O)(OON(=O)(=O)))CC(=O)C(=O),-7.368644712143578,-7.4189496
C(=O)(O)CC1(ON(=O)(=O))OC1C(=O)C(=O)(O),-7.108321281790268,-6.878766
CC(=O)C1OOC(O)(C1(=O))C(N(=O)(=O))(OO)C(=O)(O),-8.335837533930317,-10.758808
C(=O)(OON(=O)(=O))C(=O)OC(=O)C(OO)(C)C(=O)C(=O),-3.916899764444679,-3.7955897
CCCCCC(OO)CCCC,-3.019705319093191,-2.5681539
CC(=O)C(C(OO)(C)C)C(=O)C(=O)(OO),-5.4611829068744555,-7.115141
CCCC(ON(=O)(=O))C(OO)CC(=O)CC(=O)C,-5.895829840665101,-5.6318808
C(=O)(O)C(O)C(OO)C1OC1(OO)C(ON(=O)(=O)),-9.925851258565672,-9.648199
C(OO)C(=O)C(C)(C)C(ON(=O)(=O))(C)C(=O),-5.1223697732930304,-5.5306873
CC(O)(C(=O)(OON(=O)(=O)))C(C(O))C(OO)(C)C(=O),-8.232600124712917,-8.506546
C(=O)(O)C(ON(=O)(=O))C(=O)C(ON(=O)(=O)),-4.064041346457088,-3.5646033
CC(ON(=O)(=O))(C)C(CC(=O)(OON(=O)(=O)))C(O)(C)C(=O)C(=O),-6.071828436746728,-6.1407065
C(=O)(OO)C(ON(=O)(=O))(OO)C(=O)OOC(=O),-4.698155723599484,-5.1254506
C(O)C(=O)OC(OO)(C(=O)(O))C(=O),-7.87927787200897,-7.9037433
C(=O)(O)C(O)(N(=O)(=O))C(OO)C1OC1C(=O)(O),-10.597918524261331,-10.705544
C(=O)(O)C(O)C(ON(=O)(=O))C(=O),-4.851738571072929,-4.6615205
C(=O)(OO)C(OO)C(O)C1(ON(=O)(=O))OC1(C)C(=O),-7.979790528697777,-6.876045
C(=O)(OO)C(=O)OOC(C(=O)C)C(OO)C(=O),-7.527176840798347,-8.80458
CC(=O)C(C(=O)C(=O)(N(=O)(=O)))OOC(=O)C(=O),-3.680646273700404,-4.4668126
C(O)C(=O)C(=O)C(=O)OOCC(=O)(O),-7.110182027288829,-8.024143
C(ON(=O)(=O))C(C(=O)(OO))C(C(O))(C)C(=O)(OON(=O)(=O)),-5.824524480878608,-5.0777054
C(O)C(=O)C(ON(=O)(=O))(C(=O))C(C)(C)C(ON(=O)(=O))C(=O),-6.413781526178354,-4.935021
C1(O)(N(=O)(=O))C(OO)OOC1(O)C(=O)C(=O),-6.025856434745947,-6.4056587
CC1(C)C(C(=O)(O))C(OO)C1C(=O)C(OO),-9.672899542099913,-6.981195
C(=O)(O)C(O)(OO)C(=O)CC(ON(=O)(=O))C(=O),-8.028282814775594,-7.9057436
C(=O)(O)C(ON(=O)(=O))C(=O)C1OC1(C(=O)(N(=O)(=O)))C(=O),-5.774148350785254,-5.9750886
C(=O)(OO)C=C(OO)C1OC1(C(ON(=O)(=O)))C(=O)(OON(=O)(=O)),-7.357409281932632,-10.141697
C1(O)(O)C2(O)OOC1C=CC2(N(=O)(=O))(OO),-8.798771835368825,-9.53216
C(N(=O)(=O))(OO)C(O)C(=O)C(O)C(=O),-6.917466334736673,-8.761479
C(=O)(O)C(=O)C(OO)(C(O))C(=O),-7.027110723487567,-7.2691627
CC(=O)C(O)C(C)(C)C(ON(=O)(=O))CC(=O)(OON(=O)(=O)),-5.400563395654899,-5.178502
C1(=O)C(=O)CC(=O)OOC1(O)C(=O),-4.383408187990426,-3.6913147
C1(O)C(ON(=O)(=O))OOC1(OO)C(ON(=O)(=O))C(=O)C(O),-7.507854098905227,-7.69903
C(=O)(OO)C(=O)CC1(N(=O)(=O))OC1(O)C(=O),-5.669683308165986,-6.678663
C(=O)(O)C(=O)C(O)C(ON(=O)(=O))(C)OC(=O),-6.1413449704123195,-6.057006
CC(=O)C(=O)C(O)(C)C(C(O))C(=O)(O),-8.358004318419262,-7.797567
C1C(=O)C(C)(C)OOC1(ON(=O)(=O))C(OO)(C)C(O)C(=O)(OON(=O)(=O)),-6.802915971682523,-7.3065867
C(=O)(O)C1OOC(C1(O))C(=O),-6.603657558342093,-6.389754
C1(=O)C(=O)OOC1(O)C(N(=O)(=O))(ON(=O)(=O))C(=O)C(=O)C,-4.171042572095757,-4.0572357
CC(=O)C(=O)C1OOC(O)(C1(=O))C(=O),-4.986427859883406,-7.867482
CC(=O)C(C(ON(=O)(=O))(C)C(OO))CC(=O)(OO),-7.374692022829549,-6.327131
CC(C(=O))C(C)(C(OO))C(=O)C(=O),-5.50402740163554,-5.2029634
C(=O)(O)C(=O)C(ON(=O)(=O))C1OOC(N(=O)(=O))(C1(O))C(=O)(OO),-9.658962760964641,-9.656548
C(=O)C(O)C(ON(=O)(=O))C(ON(=O)(=O))(C(=O)(O))OC(=O),-6.849031243866193,-6.8466644
C(=O)(ON(=O)(=O))C(OO)C(C(=O)(OON(=O)(=O)))OOC(=O),-3.846619592164643,-4.678266
C(=O)(OON(=O)(=O))C(O)(O)C(=O)C(OO)C(=O)(OON(=O)(=O)),-4.995412331511034,-3.1424725
CC1(C(=O)(OO))OC1(O)C(O)(N(=O)(=O))C(=O),-7.194535288275802,-7.066654
CC(ON(=O)(=O))(C(=O)(OO))C(C(=O))CC(=O),-5.413758912705816,-4.5779486
C(=O)(O)CC(ON(=O)(=O))C(O)(C(=O)(O))OOC(=O),-9.479718018745189,-8.94411
C(=O)(O)C(ON(=O)(=O))C(OO)(C(=O))OOC(=O)C(=O),-7.047312080787378,-6.7664576
C1(=O)C(O)C(ON(=O)(=O))C(OO)C=C1C,-6.727401693788124,-5.9515924
C(=O)(O)C(=O)OC(OO)(C)C=CC(=O)(OO),-9.149288147003972,-9.5455265
CC(ON(=O)(=O))(C(=O)(OO))C(OO)(C1(O))OOC1(O)C(=O),-9.507119160582079,-11.1553135
C(=O)(O)C(=O)OC(=O)C(O)(C)C(=O)C(=O)(O),-8.65235123281309,-8.090279
CC(=O)C(OO)C(C)(C(=O))C(C(ON(=O)(=O)))C(=O),-6.882025544036878,-7.989106
C1(=O)OC1(O)C(=O)C(ON(=O)(=O))C(OO),-5.4668553921510465,-9.131375
C(ON(=O)(=O))CCCC(=O)CC(ON(=O)(=O)),-4.770866271894192,-4.1291575
C(=O)(OO)C1OOC(O)(C1(=O))C(ON(=O)(=O))(C(ON(=O)(=O)))C(=O),-7.266167158872122,-6.8632812
C1(O)C(=O)C(ON(=O)(=O))C(O)(C2(O)(O))OOC12,-7.906303488445701,-7.1759324
CC(=O)C(O)(C1(O))OOC1C(=O)(O),-7.815312449994963,-9.842886
C12(O)OOC(O)(C1(O))C(=O)C(OO)(C)C2(O),-8.470866894625942,-9.587389
CC(C(=O)(O))(C(ON(=O)(=O)))OOC(=O),-4.508521165174898,-4.8815556
C(=O)(OO)C1(O)OC1C(OO)(C)C(=O),-7.147551266069058,-6.5846214
CC(ON(=O)(=O))(C(ON(=O)(=O)))C(OO)C(=O)C(OO),-6.178033353862702,-6.6233115
CC(ON(=O)(=O))C(=O)C(OO)CC(=O)C,-4.892566506299772,-5.167426
C(=O)(N(=O)(=O))C(=O)OC(=O)C(OO)C(O)(C)C(=O)(OO),-7.126934975909535,-3.8873994
CC(C)(C(=O)(OO))C(OO)CC(O)C(=O)(OON(=O)(=O)),-7.543653428554535,-5.4245734
C(=O)(O)C(ON(=O)(=O))(C(ON(=O)(=O)))C(C(OO))C(=O)C,-7.4673999880760675,-7.0615916
C(=O)(OO)C1(ON(=O)(=O))OC1C(OO)C(=O)C(=O),-6.090102043264778,-5.476076
C(=O)(OO)C1OOC(C1(O))C(=O)(OON(=O)(=O)),-5.6630202713713516,-6.3645215
CC(O)(C(=O)(OON(=O)(=O)))C(OO)C(ON(=O)(=O))(C)C(C(=O))C(=O),-7.867445783209405,-8.276744
C(=O)(O)C(OO)C(O)C(O)(C(ON(=O)(=O)))C(=O)C(=O),-9.779030679084826,-9.398051
C12CC(OO)(C1(C)C)C(OO)C(O)C2(ON(=O)(=O))C,-7.63552748625807,-6.190679
C1(O)(O)C(OO)OC(=O)C(O)(C(O))C(ON(=O)(=O))C1(=O),-8.9815493565402,-10.395899
C(ON(=O)(=O))C1OOC(ON(=O)(=O))(C1(=O))C(=O)C(=O)(OO),-5.110669843314099,-5.194034
C12OOC(C1(=O))C(=O)C(C)C2(=O),-3.173106802350958,-1.648803
C(=O)(OON(=O)(=O))C1OC1(C(=O)(OO))C(O)C(=O),-5.688188919128152,-5.202686
C(=O)(O)C(ON(=O)(=O))C(O)(C(O))C(=O)(OO),-7.7394465292745735,-6.564175
C(=O)(OO)C(ON(=O)(=O))C(O)C1(OO)OC1(C)C(=O),-7.924412317050155,-7.90278
CC(OO)(C)C(C(O)(C)C(=O)(O))CC(=O),-8.977464817711734,-9.302904
C1(=O)C(ON(=O)(=O))OOC1(OO)C(=O)C(O),-4.501238614524482,-4.48349
C(OO)C(=O)C(O)(O)C(=O)C=CC(=O)(OON(=O)(=O)),-7.385057159568532,-6.3350687
CC(ON(=O)(=O))CCC(=O)C(ON(=O)(=O))C(=O)CCC(=O)(O),-8.212880507606314,-7.104944
C(=O)(O)CC(=O)CC(O)CCC(=O)(OON(=O)(=O)),-8.107497555509326,-8.413837
C(ON(=O)(=O))C1CC(OO)(C(=O)C)C1(C)C(=O)(OON(=O)(=O)),-5.89524954042281,-6.211613
C(=O)C(O)(O)C(N(=O)(=O))(OO)C(=O),-5.827152892277809,-6.305701
CC(ON(=O)(=O))C(C)(C)C(ON(=O)(=O))(C(OO))C(=O),-5.510191725756158,-5.281067
CC(=O)C(=O)OC(OO)C(=O)C(O)C(=O),-5.941906220847159,-5.0965776
C(=O)(OO)C1(O)OC1C=CC(=O)(OO),-7.964843987865606,-10.012646
CC(=O)C(=O)C(=O)C(O)(ON(=O)(=O))C(=O)(OO),-4.443218389395042,-3.738361
CC(=O)C(OO)(CC(=O)(OO))CC(=O)(OON(=O)(=O)),-5.976371308483067,-6.1912217
CC(ON(=O)(=O))(C)C(OO)C(OO)C(=O),-5.6963400115055265,-6.197931
C(O)C(ON(=O)(=O))(C(=O)(OON(=O)(=O)))C1OC1(O)C(=O),-5.176086270366795,-6.433773
C(=O)(O)CC(O)CC(C(OO))C(=O)C,-10.187586420433945,-9.772017
CC(=O)OOC(=O)C(ON(=O)(=O))C(OO)C(=O),-5.014409412964596,-5.0790243
C1(=O)C(=O)OOC1(C(=O)(OO))CC(=O)(O),-6.706328687505447,-7.118241
C(OO)C1(O)OOC(OO)(C1(O)(N(=O)(=O)))C(=O),-8.438092197131482,-7.8575807
C(=O)(O)C1OOC(O)(C1(O)(N(=O)(=O)))C(O)(C(ON(=O)(=O)))C(=O),-10.28561385627836,-9.345362
C(=O)(OON(=O)(=O))C(O)(O)C1(O)OC1C(O)C(=O)(OON(=O)(=O)),-5.5945918819488725,-7.07613
C(OO)C(C(=O)(OON(=O)(=O)))C1OC1(OO)C(=O)(OON(=O)(=O)),-5.5058386453602,-5.114743
C(=O)(O)C(=O)C(O)C1OC1C(=O)(OO),-8.520088578006835,-7.913524
C(=O)(O)C(O)C(O)(N(=O)(=O))C1(OO)OC1(ON(=O)(=O))C(=O),-9.487690192909213,-8.593803
C(O)C(=O)C1(C(=O)(OON(=O)(=O)))OC1(OO)C(=O),-4.887382010289002,-4.00405
CC(=O)C(ON(=O)(=O))C(OO)(C)C(=O)C(=O),-4.321025276120054,-5.7562714
C1(O)CC(=O)CC(OO)C1(ON(=O)(=O))C,-6.4798773676157,-6.459626
CC(=O)OOC(O)(C(=O)(OON(=O)(=O)))C(O)(N(=O)(=O))C(=O),-5.226576772591216,-5.751165
C(OO)C(ON(=O)(=O))(C(=O))C(=O)OOC(C(=O)(OON(=O)(=O)))C(=O),-5.967066744735348,-6.319693
CC(=O)C(O)(C(=O))C(=O),-2.962655496507068,-5.1078906
C(ON(=O)(=O))C1(O)C(OO)(C(=O))OOC1(N(=O)(=O))C(=O)C(=O),-6.7620260872354265,-7.6112885
C(=O)(N(=O)(=O))C(=O)OC(OO)C(C(ON(=O)(=O)))C(=O)C(=O)(O),-7.308302711535362,-7.1243587
C(=O)(O)C1OOC(O)(C(=O))C1(O)C(ON(=O)(=O)),-8.024064389974228,-7.8188376
C(=O)(O)C(ON(=O)(=O))C1(O)OC1(ON(=O)(=O))C(=O),-5.606396611445234,-5.180106
C2(ON(=O)(=O))C(OO)C(OO)C(O)(C1(O)C(=O))OOC12,-10.033757351673557,-11.360309
C(=O)(OO)C(C(=O))=C(OO)C1(N(=O)(=O))OC1C(=O),-7.934109744834132,-7.8802032
CC(=O)C(C(O)(N(=O)(=O))C(=O)(OO))OOC(=O),-5.94357508829853,-5.524738
C(ON(=O)(=O))C(=O)CC(=O)CC(OO)C(OO),-7.835925196297467,-8.303951
C1(OO)C(O)(C)C(OO)C(=O)OOC1C(=O)(OON(=O)(=O)),-7.7304200981598115,-7.5511193
CC(=O)CC(=O)C(N(=O)(=O))(OO)OC(=O)C(=O),-5.043546836139285,-5.3629947
C(=O)(OON(=O)(=O))C1OC1(O)C(OO)C(=O),-4.613605670107063,-5.3873844
C(O)C(=O)C1CC(C(OO))C1(C)C,-5.500751691302867,-5.29981
C(O)C(=O)C(OO)C(=O)C(O)(O)C(=O),-9.200988926750142,-13.114128
C(=O)C(=O)CC1(OO)OC1(O)C(=O),-5.859770570037654,-4.6287994
CC(ON(=O)(=O))CCC(O)CC(ON(=O)(=O))CCC(=O)(OO),-9.541901100659743,-10.383521
CC(ON(=O)(=O))(C(=O)(OO))C(OO)C(C)(C)C(C(=O))C(=O),-8.488270770118106,-7.8283987
C(=O)(O)C(N(=O)(=O))C(=O)C(=O),-3.4722607446165057,-2.7833064
C12CC(OO)(C1(C)C)C(OO)C(=O)C2(O)C,-7.469134535713238,-6.1698256
C(OO)C(=O)C(N(=O)(=O))(OO)OC(=O)C(=O),-5.493982528860215,-4.7098684
CC(=O)C(=O)C(C)(C)C(ON(=O)(=O))C(=O)C(=O),-3.073735056867008,-2.5514483
C(=O)(OO)C(ON(=O)(=O))C1OC1(O)C(=O)(OO),-6.835679053372587,-5.644678
CC(O)C(=O)OC(=O)C(=O)(OON(=O)(=O)),-2.1424043843580876,-2.5243287
C(=O)C(OO)C(C)(C)C(=O)C(=O),-4.444387140028994,-3.387888
C(O)C(C(=O))(C(=O))OOC(=O)C(ON(=O)(=O))C(=O),-6.039242722385097,-6.001777
C(=O)C1(O)OC1(C(=O)(OON(=O)(=O)))C=CC(=O),-4.562707922857953,-3.912303
C12OOC(O)(C1(O)(O))C(=O)C(=O)C2(=O),-7.337006867630407,-6.1559777
C(=O)(O)C=CC1(OO)OC1(OO)C(=O)(OO),-10.613636373367626,-12.278113
CC(=O)C(O)C(=O)C1(OO)OC1(ON(=O)(=O))C(=O),-5.5544393803866114,-4.718651
C(ON(=O)(=O))C1(O)C(ON(=O)(=O))(C(OO)C(=O))OOC1C(=O),-7.5920120111404685,-6.8659863
CC(C)(C(=O)(O))C(C(=O)(OON(=O)(=O)))C(ON(=O)(=O))C,-4.9946303331817035,-4.754815
C(OO)C(=O)C(O)C(ON(=O)(=O))C1(O)OC1(ON(=O)(=O))C(=O),-8.187742546841037,-9.156096
C1(=O)C(OO)C(ON(=O)(=O))C(=O)OOC1(ON(=O)(=O))C(=O)(OO),-6.290733160320087,-6.354711
CC1(C(=O)(O))OC1C(O)C(=O)C(=O)(OON(=O)(=O)),-5.822965746410773,-5.82517
CC(=O)C(C(=O)C)C(ON(=O)(=O))C(ON(=O)(=O))C(OO)C(=O),-6.636102383883554,-6.9192057
C(=O)(OO)C(=O)C1OOC(O)(C1(O))C(O)(N(=O)(=O))C(=O),-9.330077885024366,-9.821456
C(=O)(OO)C(=O)C1OC1C=CC(=O)(OON(=O)(=O)),-5.881307554067462,-5.025605
CC(=O)C(=O)OOC(=O)C(=O)C(=O)(N(=O)(=O)),-2.568471634265734,-1.5531678
CC(C(=O)(O))=CC1OC1(O)C(=O)(O),-9.254145554892602,-8.995558
C1(=O)C(=O)OOC1(C(=O)(O))C(OO),-5.742694105676492,-6.136639
C(=O)(O)C(ON(=O)(=O))C(ON(=O)(=O))(C)C(C(=O)C)CC(=O),-7.4442177164019085,-7.3771157
CC1(C(OO))C(OO)C(OO)C1C(=O),-8.623031396637089,-8.316104
C(ON(=O)(=O))OOC(C(=O)(O))C(=O)C(=O)C(ON(=O)(=O)),-5.892159442068078,-5.6264114
C(=O)(OON(=O)(=O))C(O)(O)C1(C)OC1(ON(=O)(=O))C(O)C(=O),-6.285625184289529,-6.928443
CC(=O)C(=O)C(OO)(C1(O)(O))OOC1(ON(=O)(=O))C(=O),-7.275215786154149,-8.784482
C(=O)(OO)C(ON(=O)(=O))C(O)OC(=O),-5.192007731238846,-5.703562
C(=O)(OO)C(O)C(OO)C(ON(=O)(=O))(C(=O))OC(=O),-8.361342358897673,-7.4534397
CC(ON(=O)(=O))CCC(=O)C(=O)C(=O)CC(ON(=O)(=O)),-5.525322324654553,-5.3081074
C1(=O)C(=O)OOC1C(N(=O)(=O))C(=O)(O),-4.572981987221283,-5.5662985
C(OO)C(=O)C(C(=O)(O))C(C)(C)C(ON(=O)(=O))CC(=O)(OON(=O)(=O)),-9.319320874419645,-9.179159
C(O)CCC(ON(=O)(=O))CCC(ON(=O)(=O)),-5.687994547988637,-5.221673
C(ON(=O)(=O))C(=O)C(C)=C(OO),-3.511355328009813,-4.917717
C(OO)C(=O)C1OOC(ON(=O)(=O))(C1(=O))C(O)C(=O)(OON(=O)(=O)),-6.247397053812165,-6.204543
C(=O)(O)C(=O)C(ON(=O)(=O))C(=O)(O),-5.192877948866226,-5.169703
C(=O)(O)C(ON(=O)(=O))CC(OO)(C(=O)(OO))C(=O)C,-8.485092770817573,-7.987691
C(=O)(O)C(O)C(N(=O)(=O))(C1(O)(OO))OOC1(C)C(=O),-10.232066603450221,-10.770405
C(=O)(O)C(=O)CC(C)C(ON(=O)(=O))(C)C(OO),-8.052619864378357,-7.7635374
C(=O)C(=O)C(O)(C1(O))OOC1C(O)C(=O),-8.638040776582784,-8.1967745
C(ON(=O)(=O))C(=O)C(=O)C(O)C1OC1C(=O)(OON(=O)(=O)),-4.855911167731392,-3.947786
CC(=O)C(ON(=O)(=O))C(O)C(O)C(=O)C(=O),-5.850117091657012,-6.311901
C1(=O)C(ON(=O)(=O))(C)OOC1(O)C(OO)C(=O)(OON(=O)(=O)),-4.784878460384789,-4.544789
C(=O)(O)C1(OO)OC1(C)CC(=O)(OON(=O)(=O)),-6.202206009926158,-6.437983
C(=O)(O)C(OO)(C(ON(=O)(=O)))C(C)(C)C(=O)(OON(=O)(=O)),-6.043223095985013,-5.7754145
C(=O)(OO)C(O)(N(=O)(=O))C(OO)C(OO)OC(=O)C(=O),-9.685829205118353,-8.599976
CC1(C)C(OO)CC1C(OO)(C(O))C(=O),-8.293978875561152,-7.836281
C(ON(=O)(=O))C(=O)C(OO)C(O)(C(=O)(OO))OOC(=O),-8.107109755030251,-6.883935
C(=O)(OO)C1OC1(C(=O)(O))C(ON(=O)(=O))C(=O),-7.106303192980704,-8.052586
C(=O)(OO)C(O)C(ON(=O)(=O))C1OC1(OO)C(=O),-7.989075000776211,-7.359897
C(=O)(OO)C1OC1(ON(=O)(=O))C=CC(=O)(OO),-6.780034550349228,-7.130967
C1(ON(=O)(=O))OC1C(O)C(OO)C(=O),-5.414244233237696,-5.642336
C(=O)(OON(=O)(=O))C(O)C(ON(=O)(=O))(C(=O))OOC(=O)C,-4.075476397367311,-4.2377634
C(=O)(OO)C1OOC(C(=O)(OON(=O)(=O)))C1(O)C(ON(=O)(=O)),-6.065984140252112,-6.404471
C(=O)(O)C(=O)C(O)(C(ON(=O)(=O))C(=O)(OO))OOC(=O),-8.034081687146681,-8.717405
CC(=O)C(=O)OOC(OO)C(=O)C(=O)(OON(=O)(=O)),-3.857692123783636,-3.8556757
C(=O)(OON(=O)(=O))C(OO)C(C)(C)C(C(=O))CC(=O),-6.733876324229641,-6.211962
CC(=O)C(=O)C(O)C(OO)CC(=O)(O),-8.691262375941733,-8.468754
C1(O)C(OO)OOC1(O)C(=O)C(=O),-6.1874489797628485,-3.7057538
C(=O)(OON(=O)(=O))C1(O)C(O)(C(O)C(=O)(OON(=O)(=O)))OOC1C(=O),-7.040507148267352,-8.725839
C(=O)(O)C(C(=O))OOC(=O)C(OO)C(=O),-7.7048024693649495,-7.806265
C(=O)(OON(=O)(=O))C(O)(C(=O))C(OO)C(=O)C(=O)C(=O),-5.053393307782244,-5.628476
C(=O)(N(=O)(=O))C(=O)OC(OO)C(O)C(=O)C(=O)(O),-7.27791933529079,-7.003152
CCCC(=O)CCC(O)CCC(ON(=O)(=O)),-5.7125169841892784,-5.71975
C(=O)(N(=O)(=O))C1(O)OC1(C)C(O)C(=O)(OO),-7.02376946019649,-6.1792607
C1(ON(=O)(=O))OC1(O)C(=O)CC(=O)(OO),-5.240481112443376,-6.226426
C(OO)C(=O)C1(O)OC1(OO)C(OO)C(=O),-9.587312499395921,-9.899755
CCCCCCCC(OO)C(=O)C,-4.644169571969542,-4.1749997
CC(=O)C(=O)CC(ON(=O)(=O))(C(ON(=O)(=O))(C)C(O))CC(=O)(OO),-8.11007364850957,-7.0496697
C1(O)C(=O)OOC1(C(=O)(O))C(ON(=O)(=O))C(=O),-6.68650422115752,-8.066908
CC(=O)C1CC(ON(=O)(=O))C1(C)C(ON(=O)(=O)),-3.802145534311421,-3.95205
C(=O)(OON(=O)(=O))C(O)C(ON(=O)(=O))C1(C(=O))OC1(O)C(=O),-5.9046484173159115,-1.8738362
CC(=O)C(ON(=O)(=O))C(C)(C)C(C(=O)(OON(=O)(=O)))C(=O)C(=O)(OO),-5.304213232506299,-7.068412
C1(O)C(C(=O)(O))OOC1(C)C(O)C(=O)(OON(=O)(=O)),-8.07694458986225,-8.025057
C(=O)C(O)C1(O)OOC(=O)C1(O)(OO),-7.529772024819977,-7.158851
CC(=O)CCC(=O)C(ON(=O)(=O))CC(=O)C(=O)C,-4.830273402563762,-5.098529
C(=O)C(=O)C1(ON(=O)(=O))OC1(OO)C,-2.9587362474994734,-2.2270186
C(=O)(OON(=O)(=O))C(=O)CC(C(OO)(C)C)C(OO)(C)C(=O),-8.292034371261252,-8.442633
C(=O)(O)C(ON(=O)(=O))C(C)(C)C(ON(=O)(=O))CC(=O),-6.698321356423548,-6.5687976
c1cc(O)ccc1C(=O),-2.9762616547959624,-4.776946
C(OO)OOC(C)(C(=O)(O))C(ON(=O)(=O))C(=O)(OO),-8.249664167567971,-7.677436
CC(=O)C(C(ON(=O)(=O))(C)C(OO))CC(=O)(OON(=O)(=O)),-5.828305605478818,-5.4806156
C(ON(=O)(=O))CCC(OO)=C,-2.341172383137746,-2.0323584
C(=O)(O)C1OC1(O)C(O)C(ON(=O)(=O))C(=O),-8.613614960122504,-9.513543
CC(ON(=O)(=O))(C(=O)(OO))C(=O)C(C)C(=O)(OON(=O)(=O)),-3.835415241861483,-3.502373
CC1(C)C(OO)CC1C(ON(=O)(=O))(C(O))C(=O)(OO),-8.134745420291438,-5.9176407
CC(=O)C1C(ON(=O)(=O))C(OO)(C(=O)(OO))C1(C)C,-7.030988593862276,-8.798917
CC(ON(=O)(=O))CCC(OO)CC(=O)CC(=O)C(ON(=O)(=O)),-8.667934158889693,-8.412039
CC1(C)C(=O)C(OO)(C(OO))C(=O)CC1C(=O),-8.414645744109293,-8.89585
C1(=O)OC1C(ON(=O)(=O))(C)C(ON(=O)(=O))(OO)C(=O)(O),-6.387819653595216,-6.659551
CCC(ON(=O)(=O))C(=O)CC(=O)CCC(ON(=O)(=O))C,-4.959219234180637,-4.9802713
CC(ON(=O)(=O))CC(=O)CC(ON(=O)(=O))C(=O)C(=O)CC(O),-7.59347789073945,-8.486837
CC(O)(C(=O)(O))C(ON(=O)(=O))CC(OO)(C(=O))C(=O)C,-9.931613954875502,-10.553709
C1(=O)C(O)C(ON(=O)(=O))C(ON(=O)(=O))OOC1(C)C(=O)(O),-6.904360894783167,-8.138716
C12CC(OO)(C1(C)C)C(ON(=O)(=O))C(O)C2(ON(=O)(=O))C,-6.443888633148163,-6.7928276
C1(O)C(OO)(C)OOC1(ON(=O)(=O))C(=O)(OON(=O)(=O)),-4.093295394210145,-3.5859969
CC(=O)C(C(O)(C)C)CC(=O)(OON(=O)(=O)),-3.579961260475102,-4.012958
C1(O)(OO)C(ON(=O)(=O))OOC1C(O)C(=O),-6.769909206093871,-5.497885
C(OO)C(=O)C(O)(C(O))C(=O)CC(=O),-8.344800079517881,-8.238059
C1(O)C(=O)OOC1C(N(=O)(=O))C(=O)C(=O)(OO),-7.423301104776328,-7.2952404
CC(=O)CC(=O)CC(OO)CC(OO),-7.519401209123316,-7.4714866
C(=O)(OO)C(N(=O)(=O))(OO)C(C(=O)(OON(=O)(=O)))OOC(=O)C(=O)C,-6.432398559511057,-7.816802
CC(ON(=O)(=O))(C)C(C(=O)(O))C(O)(C)C(=O),-6.628538266813848,-5.4647017
CC(O)CCC(ON(=O)(=O))C(=O)C(=O),-4.798385314803454,-3.5368512
C1(O)(ON(=O)(=O))C(O)(C(=O))OOC1C(O)C(=O),-6.9387138877937105,-6.2186933
C2(=O)C1(O)OOC2(C(ON(=O)(=O)))C(=O)C(=O)C1,-5.145921854462358,-4.549387
C(=O)C(=O)C(O)C(=O)C(ON(=O)(=O))C(=O),-3.5536113727575867,-2.8607507
C2(=O)CC(=O)C(OO)(C1(=O))OOC12(OO),-5.4571150676492834,-5.218937
C(=O)(O)C(=O)C(=O)C(=O)OC(=O)C(=O)C,-4.5642108581378125,-3.958672
CC(=O)C(OO)CC(=O)CC(ON(=O)(=O))C(OO)C(=O)C,-9.130965209755232,-10.075522
CC(=O)OOC(O)(C(=O)(N(=O)(=O)))C(ON(=O)(=O))C(=O),-4.868130652219406,-4.838771
CC(C(=O)(O))OOC(N(=O)(=O))(ON(=O)(=O))C(=O)C(=O),-5.478178407778614,-4.1563787
CC(ON(=O)(=O))CCC(O)C(OO)CC(=O)CC,-7.113998243468814,-7.518943
C(=O)C(O)(N(=O)(=O))C(OO)(C1(O)(O))OOC1C(=O),-8.71894925464585,-9.731788
C(=O)(O)CC1(ON(=O)(=O))CC(OO)C1(C)C(ON(=O)(=O)),-7.829568614819436,-7.4045854
C(=O)(OON(=O)(=O))C(O)C(O)(C(=O)(OON(=O)(=O)))C(=O)OC(=O),-3.9971975142980227,-3.4737968
CC(=O)OOC(O)(C(=O)(OON(=O)(=O)))C(O)C(=O)(OON(=O)(=O)),-4.348769284464652,-5.0132046
C(=O)(OO)C(ON(=O)(=O))C(C)(C)C(ON(=O)(=O))C(OO)(C)C(=O),-7.061854034793214,-6.8395853
C(=O)(O)C(=O)C(=O)CC(=O)OC(=O)C(=O)(O),-7.841152756853262,-7.8218765
C(=O)(O)C(O)C(ON(=O)(=O))(C(=O)(OON(=O)(=O)))C(O)C(=O),-7.243053079684614,-4.9404616
C1(=O)C(=O)CC(=O)OOC1(C)C(=O)(O),-5.4097957542398944,-5.360383
C(=O)(O)C(O)(C(=O))C(OO)OC(=O)C(=O),-7.690986631729174,-8.622306
CC1(C)C(=O)CC1C(O)(C)C(ON(=O)(=O))C(=O)(OON(=O)(=O)),-5.181459247309249,-5.5926514
CC(O)CCC(OO)CC(=O)CCC(=O)(OO),-10.545293052098714,-9.305014
C1(O)(OO)C(C(=O))OOC1C(=O)C(=O),-6.008423135208432,-6.734036
C(=O)(O)C(=O)C1(OO)OC1C=CC(=O)(O),-9.801220712048234,-7.812884
C(O)C(OO)(C(=O)(OO))C(=O)C(O)OC(=O),-9.262368841780699,-8.570812
C(=O)(OO)C(=O)C(O)(O)C(OO)(C)C(=O)(OON(=O)(=O)),-6.946648170662229,-5.960906
CC1(C)C(ON(=O)(=O))CC1(O)C(=O)C(=O),-4.511267351626884,-3.3061905
CC(OO)(C(=O)(N(=O)(=O)))OC(=O)C(O)C(OO)C(=O)(OO),-9.673551922256593,-8.507245
CC(=O)CC(C(O))C(OO)(C)C(=O),-6.970929955728934,-7.453335
C1(O)(O)C(C(=O))OOC1(C(=O)(O))C(=O),-8.41130857396638,-7.749135
C(=O)C(OO)=CC(C(=O)(O))OOC(=O),-7.736432640507701,-8.6434145
C(=O)(O)C(ON(=O)(=O))C(=O)C(=O)CC(=O),-5.253132383077173,-4.905628
C(=O)(OON(=O)(=O))C(ON(=O)(=O))(C(=O))OOC(=O)C(OO)C(=O),-4.633129882291541,-3.8537428
C(=O)(O)C(=O)C(OO)OC(=O)C(=O)(O),-8.04332232955494,-7.4793763
CC(OO)CC(=O)CCC(ON(=O)(=O))CCC(ON(=O)(=O)),-8.12376583085279,-7.4606023
CC(=O)CC(O)CC(=O),-3.778311139816651,-3.742485
CC(=O)C(N(=O)(=O))C(=O)C(=O)C(=O)(OO),-4.099864136020187,-4.6209817
C(=O)(O)C1OC1C(ON(=O)(=O))C(=O)C(=O),-5.342725788534153,-4.513011
C(=O)(OON(=O)(=O))CC1(OO)OC1(N(=O)(=O))C(=O),-3.6374706519854954,-3.305988
C(O)C(ON(=O)(=O))C(C(=O)(O))(C)C(=O)(O),-8.213920868991408,-8.613014
C1(O)COOC1(C(=O))C(OO)C(=O),-6.870969095645705,-6.446149
C(=O)(N(=O)(=O))C1(O)OC1C(O)C(OO)C(=O)(OO),-9.747647590003908,-9.434449
C(=O)(OO)CC(OO)C(C)(C)C(C(=O)(OON(=O)(=O)))C(=O)C,-7.419394801865565,-5.723318
C(O)C(=O)C(=O)C(C)(C)C(ON(=O)(=O))(C(OO))C(=O),-7.571535168011906,-7.5297737
CCC(=O)CC(ON(=O)(=O))C(OO)C(OO),-6.730088399344822,-6.60342
CC(=O)C(OO)C(=O)C1(O)OC1C(=O)(OON(=O)(=O)),-4.963496978729381,-3.0390255
C(=O)(OO)C1OC1C(C(=O)(O))C(=O),-7.624828677435289,-5.7192526
C(OO)C12OOC(O)(C2(O)(OO))C=CC1(OO),-10.89888005425746,-13.703917
C(=O)(O)C1OC1C(C(=O))=CC(=O)(OON(=O)(=O)),-5.514817535251495,-5.3823614
CC(=O)C(=O)C1(ON(=O)(=O))OOC(OO)(C1(O))C(=O)(OO),-7.936362543521682,-7.8379283
C(=O)(O)C(ON(=O)(=O))C(=O)C(C(O))C(O)(C)C(OO),-11.252934819131042,-11.178061
C(=O)(N(=O)(=O))C(=O)OC(=O)C(ON(=O)(=O))C(O)C(=O)(O),-5.913916688194149,-5.289448
C(O)C1(C(=O)(OON(=O)(=O)))OC1C(OO)C(=O)(OON(=O)(=O)),-5.114284970288281,-4.9167542
C(O)C(OO)C(=O)OC(=O)C(=O)(OO),-6.541529116788297,-7.0276036
CC(OO)(C)C(C(ON(=O)(=O))(C(O))C(=O)(O))CC(=O)C(=O),-10.85538806465047,-10.375162
C(=O)(OON(=O)(=O))C2=CC(=O)C(O)(OO)C1OC12,-5.317031077793217,-4.800834
CC(=O)C(=O)CC(OO)(C(O))C(ON(=O)(=O))(C)C(OO),-9.796250362313003,-8.628437
C(=O)(OO)C(=O)C(O)(N(=O)(=O))C(=O),-3.544018209853675,-4.75843
CC1(C)C(OO)C(ON(=O)(=O))C(=O)C(O)(C1(=O))C(OO),-8.357515735639026,-8.103309
C1(O)(O)C(C(=O))OOC1(C(=O))C(OO)C(=O),-9.41486079133756,-10.850313
CC(=O)C1(N(=O)(=O))OC1(O)CC(=O)(O),-6.0741754561895505,-6.4851413
C(O)C(=O)C1OC1C(=O)C(N(=O)(=O))C(=O)(O),-8.515399738724227,-8.0694275
C(O)C(=O)C1(C(OO))OC1(OO)C(=O),-7.689789973795996,-6.150222
C(=O)(OON(=O)(=O))CC(OO)C(C(OO))(C)C(=O),-7.068322286300827,-6.968329
C(OO)C(=O)C1OC1(C(OO))C(=O),-6.990323602105491,-7.2910223
CC(OO)(C)C=C(OO)C(=O)(OON(=O)(=O)),-4.057065823682933,-3.4810884
C(=O)C1(ON(=O)(=O))OC1(C(=O))C(O),-3.2525191183231073,-3.2795658
C(=O)(OON(=O)(=O))C1(ON(=O)(=O))OC1(O)C(=O)CC(=O),-3.2597531602950767,-3.980071
CC(=O)C(=O)CC(=O)OOC(=O)C(=O)(OON(=O)(=O)),-3.55015043450112,-2.6683702
C(=O)(O)C(C(=O)(OON(=O)(=O)))OOC(=O),-3.4689444021787494,-4.0454907
C1(O)C(O)C(OO)C(=O)C(=O)C1(ON(=O)(=O))C,-7.217962122478639,-9.1250515
C2(O)C(ON(=O)(=O))C(=O)C1OOC2(OO)C1(O),-7.124494307354325,-7.2678666
C(=O)(OO)CC(OO)(C)C(=O)C(=O),-5.410116229191772,-7.121231
C(OO)C(OO)(C(=O))OC(=O)C=C(OO)C(=O),-9.900252080260543,-10.808633
CC(=O)C(OO)C(C)(C(=O)(O))C(O)CC(=O)(OON(=O)(=O)),-9.404150158137782,-9.261606
CC(=O)C(ON(=O)(=O))CCCC(OO)CC(ON(=O)(=O))C,-7.459792918263702,-7.7450185
CC(O)(C(=O)(OO))C(ON(=O)(=O))(C(=O))C(=O)C(ON(=O)(=O)),-5.490478064646595,-7.3936415
CC(=O)C(OO)C(=O)C(O)C(O)(OO)C(=O),-9.230858573384467,-12.053782
CC(=O)C(ON(=O)(=O))C(OO)CC(=O)C,-4.892566506299772,-5.1961
C(=O)(OON(=O)(=O))C(OO)C(ON(=O)(=O))OOC(C(=O)(O))(C)C(=O),-7.308127039694227,-7.047901
C1(O)C(=O)OOC1C(=O)C(OO)C(=O)(OO),-8.835338393080747,-7.708554
CC(=O)C(ON(=O)(=O))C(=O)C(C(OO)(C)C(O))CC(=O),-8.858387904605479,-8.251448
C(=O)(O)C(O)(O)C1OC1C(O)(C(=O)(OON(=O)(=O)))C(=O),-9.024217372672865,-7.637689
C(=O)(OO)C=CC1(OO)OC1(=O),-7.401679310918553,-11.070979
C1(O)C(OO)C(ON(=O)(=O))C(OO)OOC1(=O),-7.088231258792803,-6.0423574
CC(ON(=O)(=O))CC(=O)C(=O)C(ON(=O)(=O))C(O),-5.331962182041025,-4.8255906
C(=O)(OON(=O)(=O))C(=O)OC(O)C(C(=O))=CC(=O)(O),-6.932028706200072,-7.574396
CC(ON(=O)(=O))(C)C(C(OO))C(C(=O)(O))=C,-6.332364407426212,-6.4871626
C1(=O)OC1(C(OO))C(O)(O)C(=O)(OO),-8.304999858228257,-6.4254427
CC(O)C(ON(=O)(=O))CC(ON(=O)(=O))C(=O)CC(OO)CC,-8.504880708554992,-8.027782
C(=O)(O)C(=O)OC(OO)C(=O)CC(=O)(O),-9.316256888356293,-9.23931
C(ON(=O)(=O))C(=O)C(O)CC(OO)CC(=O),-8.048314409723389,-9.108637
C1(O)C2(O)OOC1C(OO)C(O)(C(=O)(O))C2(ON(=O)(=O)),-11.565923173737247,-12.657147
CC(OO)(C(=O))C(ON(=O)(=O))(C(=O)(O))OOC(=O),-6.798057653140859,-6.2926955
C(O)C(=O)C(=O)C(O)C(N(=O)(=O))(OO)C(=O)(OO),-8.79424430837389,-9.486028
C(=O)C(=O)OC(OO)C(O)(C(OO))C(=O)C(=O),-8.55489957217651,-8.452646
C1(=O)C(C)=CC(OO)OOC1(N(=O)(=O))C(=O)(O),-7.769468643004075,-7.049786
C(=O)(OON(=O)(=O))C(=O)C(OO)C(C(OO))(C)C(=O),-6.043004454870243,-7.1402817
C1(ON(=O)(=O))C(=O)OOC(OO)C(OO)C1(ON(=O)(=O))C,-5.931715453494689,-5.2109995
CC(=O)C(OO)CC(=O)CC(O)CCC(ON(=O)(=O)),-9.772915177672985,-9.926801
C(=O)(OO)C(OO)C(=O)C(N(=O)(=O))C(=O)C(=O)(OON(=O)(=O)),-5.781913112397888,-6.1832542
CC(=O)C1CC(OO)(C(ON(=O)(=O)))C1(C)C(ON(=O)(=O)),-6.267258704145206,-6.831277
C(=O)(OO)C(O)C(OO)(C)OC(=O)C(=O),-7.570942222955637,-5.2848825
C(=O)(O)C(=O)C(C)(C)C(C(=O)(O))C(ON(=O)(=O))(C)C(=O),-9.299420422437834,-8.951992
CC(=O)C(OO)C(=O)C(O)CC(=O),-6.7326578268402955,-6.663781
C1(O)C(C(=O)(OO))OOC1(C(OO))C(ON(=O)(=O))C(=O),-10.064951541557093,-11.010977
C(=O)(O)C1(C(=O)(OO))OC1(O)CC(=O),-7.89474537235219,-7.814246
CC1(C)C(C(=O)(O))C(ON(=O)(=O))C1C(OO)(C)C(=O)(OON(=O)(=O)),-7.625333843549015,-7.9050016
CC(=O)C(=O)OOC(C)(C)C(=O)(OO),-3.8053138638933888,-2.7680209
C2(OO)C(=O)CC(C1(O)C(=O)(OON(=O)(=O)))OOC12,-6.732587379869074,-6.666521
C(O)C(=O)C(=O)OOC(O)(C(=O)(O))C(=O)(OON(=O)(=O)),-7.722779261297546,-7.474361
C(=O)(OO)CC(C(O))C(ON(=O)(=O))(C)C(=O),-6.594053731721942,-5.73189
C(=O)(OON(=O)(=O))C(ON(=O)(=O))C(O)(C1(=O))OOC1C(=O),-4.1304979902051855,-4.6635246
C(=O)(N(=O)(=O))C1OC1(ON(=O)(=O))C=C(C(O))C(=O)(OO),-6.783983336077654,-6.1318307
CC(ON(=O)(=O))CC(C(=O))C(=O)C,-3.122007467682124,-3.081723
CC(OO)(C)C(ON(=O)(=O))CC(=O)CC(=O)C(=O)(OO),-7.838891978331958,-9.175344
CC(=O)C(OO)C(OO)(C1(O))OOC1C(=O),-8.603418942017015,-8.366727
C1(=O)C(=O)OOC1C(=O)C(=O)C(O),-4.768261881050421,-3.5293484
CC(C(ON(=O)(=O)))(C(=O))C(ON(=O)(=O))(C(OO))C(=O),-6.246187841272331,-5.809652
C(=O)(N(=O)(=O))C(=O)C(=O)OOC(C(=O)(OO))C(=O)C,-5.57262679534324,-5.187708
CC1(C)C(OO)CC1C(O)(C(=O)(O))C(ON(=O)(=O)),-8.012915514103952,-8.163454
C(=O)(OON(=O)(=O))CC(C)(C(=O))C(=O),-2.512672030396061,-2.385947
C(=O)(O)C1(C(=O)(O))OC1C=CC(=O)(OO),-10.148033967518131,-10.533281
C(=O)(N(=O)(=O))C1(O)OC1C(OO)(C(OO))C(O)C(=O)(O),-12.494638456249959,-13.357976
C(=O)(OO)C(ON(=O)(=O))C(=O)C(=O)C(OO)(C(=O)(O))C(=O),-7.900634813166107,-8.997924
C(=O)C(=O)C(=O)OOCC(=O),-2.6987538077373756,-2.2944784
C1(O)COOC1(O)C(ON(=O)(=O))C(=O)C(OO),-7.6630923859920586,-8.058927
CC(=O)C(OO)C(ON(=O)(=O))(C(O))C(=O)C(ON(=O)(=O)),-6.699756422371138,-7.091207
CC(OO)C(C)(C)C(C(=O))C(ON(=O)(=O))C(=O)(OO),-7.452365108896629,-7.307751
C(OO)C1(N(=O)(=O))OOC(OO)(C1(O)(O))C(=O),-8.694292596977903,-8.644767
CC(O)(C(=O)(OO))C(O)(ON(=O)(=O))C(=O),-5.732444860608666,-6.261536
CC(O)(C)C(CC(=O)(O))C(=O)C(OO),-9.03379395022057,-9.626022
C(OO)C(=O)C(=O)C(=O)OOCC(=O)(OO),-7.463529923930764,-6.6281815
C(OO)C(=O)C(O)C(ON(=O)(=O))C1(O)OC1(N(=O)(=O))C(=O),-8.783092471421696,-10.691193
C12OOC(N(=O)(=O))(C1(O))C(=O)C(C2(OO))C(=O)(OON(=O)(=O)),-6.475046404157183,-7.174395
C(=O)(O)C(N(=O)(=O))(ON(=O)(=O))C(OO)(C)C(OO)OC(=O),-7.663312375356327,-8.729767
C1(=O)C(OO)C(ON(=O)(=O))C(O)(C(=O)C)OOC1(=O),-6.352562059706543,-10.249831
C(=O)(OO)C1(OO)OC1(C)C(O)C(ON(=O)(=O))C(=O),-8.09712473883701,-8.902969
CC1(OO)C(=O)CC(=O)CC1C(OO)(C)C,-8.066213420082931,-7.300967
C(O)C1(C(ON(=O)(=O)))OC1(O)C(=O),-4.951412318594521,-3.9344468
CC(ON(=O)(=O))(C)C(OO)C(O)C(=O)C(=O)(OON(=O)(=O)),-5.106052178525715,-4.3636746
C(O)C(C(=O)(OO))C(C)(C(O))C(=O),-7.509800387007999,-6.8232827
C(O)C(=O)OOC(OO)(C(=O)(O))C(ON(=O)(=O))C(=O),-8.965534631177434,-9.019431
CC(ON(=O)(=O))CC(O)CC(ON(=O)(=O))C(OO)C(=O)CC,-8.369988284161082,-9.202066
C(ON(=O)(=O))C(=O)C(OO)C1OOC(C1(O))C(=O),-8.03764177179255,-7.795262
C(=O)C(OO)C(C)(C(ON(=O)(=O)))OOC(=O),-4.976058603162528,-5.4480696
CC(OO)(C(=O))C(OO)(C)CC(=O)C(=O),-7.712529087380972,-7.267817
C(=O)(OO)C1(O)OC1(C)CC(=O),-5.514828951010713,-7.4360437
C1(O)C(O)OOC1(C(=O)(OON(=O)(=O)))C(=O)C(=O),-4.601411600393476,-5.400746
C(=O)(O)C(C(=O)(OON(=O)(=O)))OOC(=O)C(=O)C(=O),-4.750255817474681,-4.6882944
C(=O)(OO)C(=O)OC(OO)(C(=O)(OON(=O)(=O)))CC(=O),-6.097859832007089,-8.243238
C(OO)C(=O)C(ON(=O)(=O))C(ON(=O)(=O))OC(=O),-4.332597611792153,-3.8310156
C(=O)(O)C1(N(=O)(=O))OC1(O)C(C)C(=O)(OO),-7.973781447057263,-8.173747
C(=O)C(=O)C1(O)OC1C(=O)C,-3.562123224066454,-4.718472
CC(=O)CCC(=O)(O),-2.801158703980036,-3.316487
C(=O)(O)CC1CC(OO)(C(=O)C)C1(C)C(=O),-8.762695429482847,-8.992172
C1(=O)C(=O)OOC1C(O)(C)C(O)C(=O)(O),-8.34493187024782,-6.0381947
C(=O)(N(=O)(=O))C(=O)OC(=O)C(C(ON(=O)(=O)))C(=O)C(=O)(O),-5.679561899945838,-5.9976125
CC1(O)C(=O)CC1(OO)C(=O)C,-4.945038279256551,-6.6428947
C1(O)(O)C(N(=O)(=O))(OO)OOC1(C)C(=O)(O),-8.363899059739197,-8.084494
C1(O)C(=O)C(ON(=O)(=O))C(ON(=O)(=O))OOC1C(=O)(O),-6.861357632413274,-8.824241
C(=O)C(OO)C1OOC(O)(C(=O))C1(O)C(=O),-8.98357064613083,-9.483616
CC(=O)C(N(=O)(=O))(OO)C(O)(C(=O)(O))OOC(=O)C(=O),-8.648992770307814,-9.208956
C(=O)(N(=O)(=O))C(=O)C1OOC(C1(=O))C(=O)(OON(=O)(=O)),-2.3654124978056643,-1.8558619
CC1(C)C(=O)CC1(ON(=O)(=O))C(OO)C(OO)C(=O)(O),-9.618662192049669,-9.451203
C1(OO)OC1C(ON(=O)(=O))C(O)(C(=O)(OO))C(=O)(OON(=O)(=O)),-6.64645684385323,-5.6207027
C1(O)(OO)C(OO)OOC1C(=O)C(=O)C(=O),-7.015259108477039,-7.3099647
C(O)CC(=O)C(ON(=O)(=O))CC(=O)(O),-6.729190454323543,-7.330992
C(=O)(OON(=O)(=O))C(ON(=O)(=O))C(=O)C(C)(C)C(C)C(=O),-3.960505741168163,-4.2733555
C1(=O)COOC1(C(OO))C(=O),-3.7880194168537855,-4.124474
C2(ON(=O)(=O))C(O)C(OO)C(C1(O))OOC12C(=O)(OON(=O)(=O)),-7.528284541564062,-7.904009
CC(O)(C(=O)(OON(=O)(=O)))C(OO)(C(=O)(O))CC(=O),-7.980362215123023,-7.608049
C(=O)C1(O)OC1C(ON(=O)(=O))(C)C(O)C(=O),-6.366452139161993,-5.7704277
C(=O)(OO)C(=O)C1OC1(O)C(N(=O)(=O))=CC(=O),-7.751819913552026,-8.528144
C12OC1C(O)(OO)C(=O)C(ON(=O)(=O))(C2(O))C(ON(=O)(=O)),-7.507656894638785,-6.249181
C(=O)(O)C(O)(N(=O)(=O))C(OO)C1(C(ON(=O)(=O)))OC1C(=O),-9.502448095212458,-8.782578
C(=O)(OO)C=C(C)C1OC1C(=O)(OON(=O)(=O)),-4.428605847337167,-5.615532
C(OO)C(=O)C1(O)OC1C=CC(=O)(OON(=O)(=O)),-6.089270157070132,-6.6999054
C1(ON(=O)(=O))OC1C(O)C(OO)(C(=O)(OO))C(=O)(OO),-9.180177627509693,-11.15007
CC1(C(OO))C(C(=O)(OON(=O)(=O)))CC1CC(=O),-6.085186148629873,-5.325078
CC(=O)C(C(=O)(O))(C(ON(=O)(=O)))C(OO),-6.00379167466599,-5.9787292
CC(=O)C(OO)C(=O)C(=O)CC(=O)C(ON(=O)(=O)),-6.263953126981505,-5.836917
C(=O)(O)C(OO)(C(ON(=O)(=O)))C(=O)OC(OO)C(=O)(OON(=O)(=O)),-7.892518099659355,-7.8026214
C(=O)(O)C(OO)C1OC1C(=O)(OO),-8.028402839918272,-7.176228
CC(OO)CCC(O)CC(=O)CC(ON(=O)(=O))C(ON(=O)(=O)),-9.983332724092179,-10.324899
C(O)C(=O)C1OC1(OO)C(=O)C(OO)C(=O)(OON(=O)(=O)),-7.486568199878093,-6.52609
C(=O)(O)C(=O)OC(=O)C(N(=O)(=O))=CC(=O),-5.161677917800262,-4.723354
CC(=O)C(OO)C1(OO)OC1(N(=O)(=O))C(=O)(O),-7.737391652946826,-8.709744
CC(ON(=O)(=O))(C)C(O)C(=O)C(OO)CC(=O)C(=O)(OON(=O)(=O)),-6.931801685903338,-6.066704
C(=O)(O)C1OOC(ON(=O)(=O))(C(=O))C1(O)C,-6.620962132859859,-5.8214664
C(=O)(O)C(=O)C(O)C(=O)OC(=O)C(=O)C(OO),-8.651595406554407,-9.476847
C1(OO)OC1(C(=O)(O))C(=O)CC(=O)(OON(=O)(=O)),-5.995329825222143,-6.468186
CC(ON(=O)(=O))CCC(OO)CC(OO),-5.926012625626754,-5.974095
CC(=O)C(=O)C(C)(C(ON(=O)(=O)))C(ON(=O)(=O))CC(=O),-5.363866000858252,-4.4446034
C1(=O)OC1C(O)C(=O)C(=O)C(=O),-3.922429496451514,-3.7149503
C1(=O)OC1C(O)(OO)C(=O)C(O)C(=O)(OON(=O)(=O)),-7.056934863867355,-4.287135
C(=O)(O)C(=O)C(ON(=O)(=O))C1OC1(OO)C(=O)C,-6.528874229567009,-7.2366033
C(ON(=O)(=O))C(=O)C(C(OO))(C(=O)(OON(=O)(=O)))C(=O)C,-4.838864567733253,-4.5595603
CC(ON(=O)(=O))C(OO)CC(=O)CC(=O)CC(=O)(OO),-9.390672953784815,-8.578856
CC(C(=O)(O))(C(OO))C(ON(=O)(=O))CC(=O)(OON(=O)(=O)),-7.16902951899101,-7.0226493
C1(O)(ON(=O)(=O))C(OO)OOC1(=O),-4.0294788723258534,-2.7956088
CC(ON(=O)(=O))(C(=O))C(C(=O))C(C)(C)C(=O),-4.060230489354581,-5.0490847
C(OO)C(OO)OC(=O)C(=O),-5.401364677600213,-4.6234984
C(=O)(O)C1(O)OC1C(C(O))=CC(=O),-9.145402267153258,-10.484961
C(=O)(O)C1(O)C(=O)OOC1C(OO)CC(=O),-9.960069678360014,-10.382906
C(=O)(O)C1(OO)OC1C(OO)(C(ON(=O)(=O)))C(=O),-8.682103755432763,-8.31112
CC(ON(=O)(=O))(C(O))C(ON(=O)(=O))(C(OO))CC(=O),-7.328611588804051,-8.238923
CC(ON(=O)(=O))(C)C(OO)(C)C(OO)C(=O),-5.900122746665147,-6.5842524
CCCCCC(=O)CC(OO)CC,-4.7205575883126585,-3.8248768
C(=O)(O)C(OO)C1OOC(O)(C1(O))C(=O),-10.345875411469024,-9.579127
CC1(C)C(OO)(C(=O)C(ON(=O)(=O)))CC1C(=O),-5.8524510817660484,-5.7655983
CC(ON(=O)(=O))(C(OO))C(=O)C(O)(C)C(=O)CC(=O),-7.973864750631037,-8.523666
C(=O)(O)C(O)(N(=O)(=O))C(OO)C(=O)(O),-7.973284840059932,-8.48412
C1C(ON(=O)(=O))C(ON(=O)(=O))(C(=O)(O))OOC(=O)C1(=O),-5.714440180003294,-5.475721
CC1(C)OOC(OO)CC1(ON(=O)(=O))CC(=O)(O),-7.918199532185099,-7.637513
CC(=O)C(OO)C(O)C(C(=O)C)CC(=O)(OON(=O)(=O)),-7.143275655180332,-7.5162997
C1(=O)C(OO)OOC(C(=O)(O))C=C1C(OO),-10.071862197844894,-11.273307
CC(=O)C(C(=O)C)C(ON(=O)(=O))C(ON(=O)(=O)),-3.633934905519709,-3.3848584
C1(=O)C(OO)(C(=O))OOC1(O)C(ON(=O)(=O))C(=O),-5.462260684391367,-6.2475667
CC(=O)C(=O)C(ON(=O)(=O))OOC(=O)C(=O)(O),-4.828828055324266,-5.022875
C(=O)(N(=O)(=O))C1(OO)OC1C(ON(=O)(=O))(C(O))C(OO)C(=O),-9.157848554299562,-7.199638
C(=O)(N(=O)(=O))C1(O)OC1(C(O))C(O)C(OO)C(=O)(OO),-11.41525907907635,-11.65633
CC(=O)C(=O)C(O)(C1(O)(N(=O)(=O)))OOC1C(=O)(O),-8.054565218408243,-5.1981354
CC(ON(=O)(=O))(C)C(OO)C(O)(C)C(=O)CC(=O),-7.399915106027038,-7.024691
C(=O)(O)C(O)C1(OO)OC1C(=O),-7.416520471291733,-7.080351
C(=O)(O)C(=O)C(=O)C(ON(=O)(=O))C(=O)C(OO),-6.311227674843394,-6.5390763
C(=O)(O)C(OO)C(O)(O)C(=O)C(=O),-9.006887437746627,-11.20935
C(=O)(N(=O)(=O))C1(OO)OC1C(=O)C(=O),-3.4830369596893433,-3.2642732
C1(=O)C(=O)C(O)C(OO)OC(=O)C1(O)C,-7.964253605794511,-8.876362
CC(OO)(C(=O)(O))C(OO)(C(ON(=O)(=O)))CC(=O),-9.548872187544475,-10.1065645
C12CC(OO)(C1(C)C)C(O)C(=O)C2(OO)C,-7.3813035892817425,-7.605514
C(=O)C(N(=O)(=O))(OO)C(OO)(C(=O)(O))OOC(=O),-8.225023906023125,-7.9605165
CC(=O)C(ON(=O)(=O))(C(OO)(C)C)CC(=O)C(ON(=O)(=O))C(=O),-6.870891265192768,-7.130768
C(OO)C(=O)C(OO)C(O)C(=O)OC(=O)C(=O),-8.88873755041277,-8.698322
C(O)C(=O)C(ON(=O)(=O))C(OO)(C)C(C(=O))CC(=O)(OON(=O)(=O)),-8.404351897814195,-8.084415
C(=O)(N(=O)(=O))C1(O)OC1(C(ON(=O)(=O)))C(OO)C(=O)C(=O),-6.707956524871406,-6.102941
C(=O)(OON(=O)(=O))C(=O)C(O)C1OOC(=O)C1(O),-5.221383532363689,-5.8759017
C(O)C1(OO)OOC(OO)(C1(=O))C(=O)(O),-9.514794883565628,-8.47358
C1(=O)C(N(=O)(=O))C(OO)OOC(=O)C1(OO)C,-6.036125866943621,-6.4230905
C(O)C(ON(=O)(=O))(C(=O))C(C(=O)(OO))OOC(=O)C(=O),-7.239782365853898,-7.3398128
C(=O)(O)C(OO)=C(C(=O)(O))C(ON(=O)(=O)),-8.105157295576646,-8.396045
C1(O)C(N(=O)(=O))(C(=O)(O))OOC1(C)C(=O)(OO),-7.880264391613309,-8.912222
CC(O)C(OO)CC(=O)CC(ON(=O)(=O))C(=O),-8.249078822816955,-8.001634
C(=O)(O)C1OOC(OO)C=C(C1(=O))C(ON(=O)(=O)),-8.8639758695208,-7.8805594
C1(=O)C(ON(=O)(=O))OOC1(O)C(=O)C(=O)(OO),-4.909745802360703,0.5610565
C1(=O)C(OO)OOC1(N(=O)(=O))C(=O)C(=O)C(ON(=O)(=O)),-4.257937896254589,-5.634177
C(=O)(N(=O)(=O))C(=O)OC(OO)(C)C(O)C(O)C(=O)(O),-9.419173798058182,-8.30961
C(=O)(O)CC(O)(C(=O)(OO))C(=O)C,-7.2053450930689,-7.2275887
C(=O)CC1(O)OC1(O)C(=O)C(=O),-5.241403838517726,-5.8558545
C(=O)(O)C(N(=O)(=O))(ON(=O)(=O))C1OOC(OO)(C1(O)(O))C(=O),-9.342018387804274,-9.135258
C1(N(=O)(=O))(OO)OC1(O)C(OO)C,-5.984157948594657,-4.9350157
CC1(C)C(ON(=O)(=O))(C(=O)C(O))C(ON(=O)(=O))C1CC(=O)(O),-7.985214806729346,-5.3687515
C(=O)(OON(=O)(=O))C(N(=O)(=O))(OO)C(C(=O)(O))OOC(=O),-5.643051044695312,-6.3118305
C1(OO)OC1(O)C=C(N(=O)(=O))C(=O)(OO),-7.294985363623709,-8.531949
CC(OO)CCC(O)CC(=O)CC(=O)C(O),-10.735620602441486,-10.940326
C(OO)C(ON(=O)(=O))(C(=O)(OO))C(=O)OOCC(=O)(OON(=O)(=O)),-6.086646250580088,-6.2099876
C(=O)(OON(=O)(=O))C(ON(=O)(=O))OOC(C(=O)(O))C(OO)C(=O),-7.153932333938428,-7.1753354
CC(ON(=O)(=O))CCC(O)CC(=O)(OO),-6.623724071570905,-7.1938553
C2(OO)C=C(N(=O)(=O))C(O)(C1(O)C(=O)(OON(=O)(=O)))OOC12,-7.909530041040853,-7.1431165
C(=O)(OO)C=CC1(C(=O))OC1(ON(=O)(=O)),-5.069212792324834,-5.3677263
C(OO)C(=O)C(ON(=O)(=O))C(=O)C1OC1(ON(=O)(=O))C(=O),-5.2013341334532015,-5.475733
C1(O)C(=O)OOC1C(=O)C(=O)(O),-5.837359810437192,-6.5804944
C(=O)(O)C(O)(C(=O))C(C)(C)C(=O),-6.000539443950402,-6.557869
CC(=O)C1C(ON(=O)(=O))C(OO)(C)C1(ON(=O)(=O))C,-5.083891426256741,-5.5464306
C1(O)C(ON(=O)(=O))C(=O)C2OOC1(O)C2(O)(OO),-8.410625553966383,-6.496868
CC(=O)C(=O)C(OO)C(=O)C(OO),-5.7732414862839505,-5.723043
C1(ON(=O)(=O))OC1(C)C(=O)C(O)C(=O)(O),-5.49730120744789,-5.291803
C(O)C(=O)C(C1(C)C(OO))C(OO)C1CC(=O)(OON(=O)(=O)),-10.11748875392368,-10.892341
CC(OO)(C)C(=O)CC(=O)C(O)C(ON(=O)(=O))C(=O)(OO),-8.953430481327814,-8.465188
CC(OO)(C(=O)(OO))C1OC1(O)C(=O)(OO),-8.720036997459829,-10.665918
CC(O)CC(ON(=O)(=O))C(=O)C(=O)CC(ON(=O)(=O))CC,-6.233191337145399,-6.10946
C1(O)(O)C(C(=O))OOC1(C(O))C(O)C(=O),-9.78084403622779,-12.917229
CC(ON(=O)(=O))(C(=O)(O))C(=O)C(OO)OC(=O),-6.096704272858915,-6.127915
C(ON(=O)(=O))C(=O)C(ON(=O)(=O))C1OOC(C1(O))C(=O),-6.811967107933015,-6.8782063
C(ON(=O)(=O))C(=O)C(C(=O)(OO))C(O)(C)C(=O)(OO),-7.321030879538739,-5.7160163
C1(=O)C(O)C(ON(=O)(=O))C(ON(=O)(=O))OOC1C(=O)(O),-6.903522279477329,-5.888849
C(=O)(O)C(=O)C(O)(C(=O)C(OO))OOC(=O),-8.369999319445924,-7.615668
CC(=O)C(ON(=O)(=O))(C(O))C(=O)C(O),-4.982201284379698,-4.4246035
C(=O)(O)C(ON(=O)(=O))C(=O)OOC(C(=O))C(=O)C(=O),-6.445436201465782,-5.7798824
CC(O)(C(ON(=O)(=O)))C(OO)(C(=O))C(=O)C(O),-7.841206899654935,-7.1738815
C1C(=O)OOC(C)(C(=O)(OO))C(ON(=O)(=O))C1(=O),-5.355479469479178,-6.2078204
C(=O)(O)C(O)OOC(OO)C(OO)C(=O),-9.788480592600536,-9.157727
CC(ON(=O)(=O))(C(=O))C1(O)OC1(OO)C(=O),-5.505310478969477,-5.693513
C(=O)(OON(=O)(=O))C(=O)OC(OO)(C(=O))CC(=O)(OO),-6.097859832007089,-5.4943
C(=O)(OO)CC(=O)C(C(ON(=O)(=O)))(C(OO))C(=O),-7.178778962770593,-7.0919447
CC(=O)C(C(=O)C(OO))CC(ON(=O)(=O))C(OO),-8.476145003456622,-8.335223
CC(ON(=O)(=O))(C)C(OO)C(ON(=O)(=O))(C)C(=O)CC(=O)C(=O)(OO),-7.7939338027790654,-7.060892
CC(O)C(ON(=O)(=O))CC(=O)CC(ON(=O)(=O))CC(OO)C,-9.325627789861755,-9.181119
C(=O)(O)C(O)OOC(=O)C(=O)C(=O)C(OO),-8.466224950636388,-7.0292263
C1C(=O)C(ON(=O)(=O))(C)C(=O)OOC1(O)C(=O)(N(=O)(=O)),-4.932177747890819,-4.137153
CC(=O)C(=O)C1OOC(C1(O)(O))C(=O)(O),-8.774309386586538,-8.3183775
CC(=O)C(OO)C(C)(C)C(OO)C(ON(=O)(=O)),-6.652703436877346,-6.8441443
CC(=O)C(ON(=O)(=O))(C(=O)(OO))OOC(=O)C(=O),-4.507913203604403,-3.826721
CC(OO)(C)C(ON(=O)(=O))CC(=O)C(ON(=O)(=O))(C)C(=O)C(=O),-6.870891265192768,-5.651384
CC(=O)CC(ON(=O)(=O))CCC(OO)CCC,-5.406974049677956,-5.908792
C(=O)(O)C1(O)OC1(N(=O)(=O))C(O)(C)C(OO)C(=O),-10.468879417763674,-11.975575
C(=O)(O)CC(OO)(C(=O))C(C)(C)C(=O),-7.788245633346378,-7.9834924
C(=O)(O)C(OO)C(ON(=O)(=O))(C(OO))C1OC1C(=O)(O),-11.739592466474278,-11.862954
C(=O)C(OO)C(O)C(OO)OC(=O)C(=O),-8.293009899411118,-7.951688
CC(=O)C(C(ON(=O)(=O))(C)C)C(OO)C(=O)CC(=O)(O),-8.666850473106024,-9.425797
C(=O)(O)CC1OOC(=O)C1(O)C(=O)(OON(=O)(=O)),-6.495801112469053,-5.320601
C(=O)(O)C(=O)OC(=O)C(C(=O))=CC(=O)(OON(=O)(=O)),-4.86413831259415,-5.5550447
C(OO)C(=O)C(C)(C(=O)(OO))C(ON(=O)(=O))C(=O),-6.2329883283236995,-5.5967274
C(=O)(O)C1(C(=O)(OON(=O)(=O)))OC1CC(=O)C(=O),-5.621553233722807,-5.0600233
CC(C(=O)(OO))C1(OO)OC1(OO)C(=O),-7.652521909229108,-8.959932
CC(=O)C(OO)C(C)(C(=O))C(ON(=O)(=O))CC(=O),-7.0530586195673095,-7.2435656
C(=O)(O)C(O)(C(=O)(O))C(=O)(OON(=O)(=O)),-5.750038493657485,-5.970076
CCCCCCCC(ON(=O)(=O))C(OO),-4.673809891828569,-3.750902
C(=O)(O)C(OO)C1(C(=O)(OON(=O)(=O)))OC1C(=O),-6.442556157562649,-6.6302075
C(=O)C1(O)OC1(OO)C=C(OO)C(=O),-8.462541605826118,-7.357186
CC(=O)C(C(ON(=O)(=O)))C(OO)(C(ON(=O)(=O)))C(=O),-6.070863338842173,-6.0949774
C(=O)(O)C1(OO)OC1(C)C(OO)=CC(=O),-9.317902978044003,-8.482844
C(=O)(O)C(=O)OC(=O)C(O)C(=O)C,-5.754058448917931,-5.169883
C(ON(=O)(=O))C(=O)C(OO)(C(OO))CC(=O),-6.816432463179808,-7.892615
CC(=O)C(OO)C(C)(C(ON(=O)(=O)))C(ON(=O)(=O))(C(=O))C(=O),-7.002465512108756,-6.6989493
C1(O)C(N(=O)(=O))(C(=O)(OO))OOC1C(O)(C(=O)(OO))C(=O),-10.73181121640664,-9.863193
C(=O)(OO)C=CC1OC1(C(ON(=O)(=O)))C(=O),-6.631789303064579,-7.2026386
CC(O)C(ON(=O)(=O))C(C(=O)(OON(=O)(=O)))C(=O)C,-4.167595080667525,-3.9574738
C(ON(=O)(=O))C(OO)C(C(ON(=O)(=O)))(C(OO))C(=O)C(=O)C,-8.318030702488613,-7.6920652
C(=O)C(=O)C(C(ON(=O)(=O)))(C(=O)(OO))OOC(=O),-4.8340679948887555,-4.171531
CC(ON(=O)(=O))(C(=O))C(=O)C1(O)OC1(ON(=O)(=O))C(=O)(OO),-5.620480785073596,-6.0932617
C(=O)(OO)C1(OO)OC1(C(OO))C(=O)C(=O),-7.597822881769389,-6.764656
C(ON(=O)(=O))C(=O)C1C(OO)C(OO)(C1(C)C)CC(=O)(OON(=O)(=O)),-7.827327057821094,-7.510048
CC(O)(C(ON(=O)(=O)))C(OO)C(OO),-6.513439052068861,-6.243809
C(=O)C1(OO)OC1(N(=O)(=O))C(C(OO))=CC(=O),-7.828117761222529,-6.806112
C(ON(=O)(=O))C(C(=O)(OO))C1OC1(O)C(=O),-7.052509797824314,-8.316538
CC(=O)C(=O)OC(OO)C(OO)C(=O),-5.916556267533451,-6.6520176
C(=O)(OO)C1(O)C(=O)OOC1C=CC(=O)(OO),-8.699986695748521,-9.828701
C1(=O)C(N(=O)(=O))(C(=O)(OO))OOC1C(=O)(OON(=O)(=O)),-3.340585068173823,-3.7915812
C1(N(=O)(=O))(ON(=O)(=O))OC1(O)C(=O)(O),-3.8813454750488745,-4.4433064
CC(=O)C(O)C(ON(=O)(=O))C1(O)OC1(OO)C(=O)(OON(=O)(=O)),-6.88561543780088,-6.7949905
CC(=O)C(=O)CC(=O)CC(=O)C(OO)CC(ON(=O)(=O)),-7.647711276556947,-7.8659787
C(=O)(O)CC(ON(=O)(=O))C(C)(C)C(C(=O))C(=O)C,-7.016469437759952,-7.178676
C(=O)(O)C=C(C)C(=O)C(O)(OO)C(=O),-8.118840284296311,-8.366257
CC(=O)C1(OO)C(ON(=O)(=O))C(OO)C1(C)C,-5.973183701556991,-5.864264
C(=O)(O)CC(OO)C(O)(C)C(C(OO))C(=O)C,-12.081901746118092,-12.254341
C1(OO)C=CC(N(=O)(=O))(C2(O)(OO))OOC12(O),-9.082964798857574,-9.056207
C(=O)C(O)(O)C(ON(=O)(=O))(C)C(=O)C(=O),-4.9464107166277245,-5.8588696
C(=O)(OO)CC1(C)OC1(ON(=O)(=O))C(=O)(OON(=O)(=O)),-3.837130379732116,-5.108815
CC(ON(=O)(=O))(C)C(ON(=O)(=O))C(O)(C)C(=O)C(=O),-4.737681166967377,-3.1655285
CC1(ON(=O)(=O))C(ON(=O)(=O))CC(=O)C(=O)C1C(OO)(C)C,-6.7683515921235085,-7.6020255
C(OO)C(OO)C(=O)CC(=O),-6.116443133272696,-6.547685
C(O)C(=O)OC(=O)C(=O)C(=O)(OO),-4.713197787597892,-6.1103487
CC(ON(=O)(=O))(C(=O)(O))C(C(=O)(OO))OOC(=O)C(=O)(O),-9.844413317958242,-10.746364
CC(OO)(C(=O)(O))OC(=O)C(=O)C(N(=O)(=O))C(=O)(OON(=O)(=O)),-6.4697986890532775,-6.2570333
CC(=O)C1(OO)OC1C(ON(=O)(=O))C(=O)(O),-6.135945687026833,-7.3058662
CC(=O)CC(ON(=O)(=O))CC(OO)CC(=O)(OON(=O)(=O)),-6.27351113014447,-6.890836
C(=O)(OO)C(ON(=O)(=O))C(=O)C(O)(C(=O)(OON(=O)(=O)))C(=O),-4.516361491725547,-3.0262444
C(=O)(OON(=O)(=O))C(=O)C1OC1C(OO)C(O)C(=O),-6.211008041282184,-7.1028256
C(=O)(OO)C(=O)OC(OO)C(O)C(ON(=O)(=O))C(=O),-8.404482285914128,-9.851526
CC(O)CC(ON(=O)(=O))C(ON(=O)(=O))CCC(OO)CC,-7.289285012477194,-7.4664736
C(=O)(O)C1OC1(C)C(OO)C(O)(OO)C(=O)(OON(=O)(=O)),-9.323603370576166,-9.6949215
CC(=O)C(OO)CC(=O)C(=O),-3.939395263863844,-3.9272556
C(=O)C(ON(=O)(=O))C(C)(C(ON(=O)(=O)))C(OO)C(=O),-6.096190402822685,-5.997864
C1(=O)CC(ON(=O)(=O))C(=O)OOC1C(=O)(O),-6.039525441010483,-6.1452417
C1(=O)OC1C(=O)C(O)(C(=O)(O))C(ON(=O)(=O)),-5.8974701756524155,-4.9559817
C(=O)(O)C(OO)C(O)C1(C)OC1C(=O)(OO),-10.550212256450322,-13.856395
CC(O)(C(=O))C(OO)C(ON(=O)(=O))OC(=O),-6.347163480982999,-5.058971
C(=O)(OON(=O)(=O))C(ON(=O)(=O))C1(C(OO))OC1C(=O),-4.825031357861008,-4.83099
C1(=O)C(=O)C(OO)(C)C(=O)OOC1(O)C(=O)(O),-7.378446183458436,-8.512426
C1(O)C(O)C(=O)C(ON(=O)(=O))OOC1(C)C(=O)(O),-8.107261691548047,-10.232458
C(=O)(O)C(=O)C(OO)C(O)C(OO)OC(=O),-10.569216938791214,-10.2078285
C(OO)C(OO)C(C(ON(=O)(=O)))(C)C(=O)(OO),-7.3120310822705505,-5.4728785
C(ON(=O)(=O))C(=O)C(N(=O)(=O))=C(OO)C(=O)OC(=O)C(=O),-6.766519694094313,-7.312707
C(=O)(O)C(=O)C(N(=O)(=O))C(OO)OC(=O)C(=O)C(ON(=O)(=O)),-7.87304265590501,-8.378723
C(=O)C(OO)C1(ON(=O)(=O))OOC(=O)C1(O)(O),-6.596105480217375,-6.885331
C(=O)(OON(=O)(=O))C(O)C(C(=O)(OO))OOC(=O)C(=O),-6.453165400249418,-6.8089185
CC(=O)C1OOC(C1(O))C(=O)(ON(=O)(=O)),-4.198477697587805,-4.0438957
C(=O)(OO)C(ON(=O)(=O))C(C)(C)C(ON(=O)(=O))C(=O)(OO),-5.756022232279065,-8.383342
C12OOC(OO)(C1(=O))C(N(=O)(=O))(ON(=O)(=O))C(=O)C2(=O),-2.9289475514087826,-3.1572104
C(OO)C(ON(=O)(=O))OOC(C(=O))(C(=O)(O))C(=O),-7.365117900146288,-7.607235
C12OC1C=C(OO)C(=O)C2(=O),-3.8429213684721617,-4.991669
C(ON(=O)(=O))C(O)(C(=O)(OON(=O)(=O)))C(OO)OC(=O)C(=O),-5.551452193802106,-5.1690984
C(ON(=O)(=O))C(=O)C(C)(C)C(C(OO))C(=O)C,-5.873766727163456,-6.361354
CC(=O)C1OC1(N(=O)(=O))C(OO)C(=O)(O),-6.538329972943757,-7.506859
C12OC1C(O)(O)C(=O)C(O)C2(ON(=O)(=O))C(ON(=O)(=O)),-7.334410523995757,-6.3692064
C(O)C(=O)C(ON(=O)(=O))C(C)(C)C(=O)CC(=O)(O),-7.686699174169917,-8.248345
C(=O)(OO)C1OOC(ON(=O)(=O))(C1(O))C(ON(=O)(=O))C(=O),-7.46880325480015,-7.643176
C(ON(=O)(=O))C(=O)C(N(=O)(=O))=C(OO)C(=O)(OO),-6.626611417741515,-7.110622
C1(=O)C(O)(C(=O)(OO))OOC1(C)C(ON(=O)(=O))C(=O)(OON(=O)(=O)),-5.473679093571263,-6.1037416
CC(=O)CC(ON(=O)(=O))CC(=O)CC(OO)C(OO)C,-9.499680106033338,-10.394389
CC(=O)C(C(=O))C(ON(=O)(=O))(C)C(ON(=O)(=O))CC(=O),-5.562400176655501,-5.785225
C(=O)(OO)C=CC(=O),-2.8573355990229174,-4.0165577
C12C(=O)C(OO)C(OO)C(OO)(C2)C1(C)C,-7.974363129993435,-8.169955
C(=O)(O)C(=O)OC(=O)C=CC(=O)C(O),-7.376766949455487,-8.239209
CC(OO)(C(OO))C(C(O)C(=O))CC(=O),-10.258919598723878,-11.4886465
C(=O)(O)C(N(=O)(=O))=CC1(C(=O)(OO))OC1(OO)C(=O),-9.301391893342952,-9.3093405
C1(=O)C(=O)C(=O)C(N(=O)(=O))(OO)OOC1(C)C(=O)(O),-6.434117603464983,-6.1122127
C(=O)(O)C(=O)OC(=O)C=CC(=O)C(=O)(O),-7.806458646795363,-8.205153
C(ON(=O)(=O))C(=O)CCC(=O),-2.629466925005545,-2.9058783
C(OO)C(=O)C1OC1C(=O)C(OO)C(=O),-7.420459579341696,-7.9607015
C1(=O)OC1(C(=O))C(=O)C(ON(=O)(=O))C(=O),-2.308797674792004,-2.611721
CC(ON(=O)(=O))CCCC(O)CC(OO)C(=O)C,-8.502752033688012,-8.607384
C1(=O)OC1(O)C(ON(=O)(=O))(C)C(OO)C(=O)(O),-7.869644042453729,-13.222404
CC(=O)C(OO)C(O)(C1(O)(O))OOC1C(=O),-9.274954674066976,-8.602442
C(=O)(O)CC(C)C(ON(=O)(=O))(C)C(OO),-6.8492950403742725,-6.4020925
C(=O)(OON(=O)(=O))C(=O)C(ON(=O)(=O))(C(OO))C(=O)OC(=O),-3.7226945230941055,-3.6121697
C(O)C(O)(C(=O))OOC(=O)C(=O),-5.509814423145144,-4.0827107
C(O)C(=O)C(C(ON(=O)(=O))(C)C(ON(=O)(=O)))CC(=O),-6.9652409592818,-6.936971
CC(=O)C(ON(=O)(=O))C(O)CC(ON(=O)(=O))C(=O),-5.595508861981216,-6.7121525
C(=O)C(C(=O))=CC1(O)OC1(=O),-6.403129215454101,-9.27103
C(=O)(N(=O)(=O))C1(OO)OC1C(ON(=O)(=O)),-3.3185474420024548,-3.1829526
C(=O)C(O)C(OO)C(ON(=O)(=O))(C(=O))OC(=O),-6.514662685483927,-6.197423
C(=O)(OO)C(ON(=O)(=O))C1(C(=O)(O))OOC(C1(=O))C(=O),-7.525166078834445,-7.7002015
C(=O)(O)C1(ON(=O)(=O))OC1C(=O)CC(=O)(OO),-6.832305149815511,-6.3261366
C(O)CC(O)C(ON(=O)(=O))C(O)CCC(=O),-9.568131282707327,-9.078197
C(=O)(OON(=O)(=O))C(O)C(ON(=O)(=O))C(OO)OC(=O)C(=O),-6.275716700096382,-5.355772
C(=O)(O)C(N(=O)(=O))(OO)C(ON(=O)(=O))(C)C1OC1C(=O)(OO),-8.949547995434841,-7.5888777
C(=O)(O)C1(ON(=O)(=O))OC1C(=O)C(=O),-3.918272992086713,-4.1848474
C(OO)C(C(OO))C(C)(C)C(=O)(OON(=O)(=O)),-5.52665866308962,-5.762511
C1(O)(N(=O)(=O))C(=O)OOC1C=C(C)C(=O)(OO),-7.011515572798089,-6.8160768
CC(=O)C(ON(=O)(=O))CC(=O)C(=O)CCC(ON(=O)(=O))C,-5.645164458095678,-5.2482553
C(=O)C(ON(=O)(=O))(OO)C(=O)C1OC1(C(=O)(O))C,-6.823138612890034,-7.467639
CC(C(O))(C(=O)(OON(=O)(=O)))C(C(=O))CC(ON(=O)(=O))C(=O)C,-7.189738749148091,-7.522958
CC1(C(=O)(O))OOC(C1(O))C(=O)(OO),-8.187873700619093,-10.167122
C(=O)(N(=O)(=O))C(=O)OC(=O)C(O)(N(=O)(=O))C(O)C(=O)(O),-7.346608186038793,-6.230239
CC(C(=O)(OO))C1(OO)OC1C(=O)(OO),-7.742817254329566,-5.8040047
C(=O)C(=O)C(=O)C(C)(C(=O)(O))OOC(=O),-5.435352616055752,-5.469021
C1(O)(O)C(=O)C=C(C(=O)(OON(=O)(=O)))C(OO)OC1(=O),-7.756085269182222,-7.840181
C1C(N(=O)(=O))(ON(=O)(=O))C(=O)OOC(OO)C1(=O),-4.02688295848202,-4.1535974
C12OOC(O)(C2(=O))C(OO)C(ON(=O)(=O))(C1(O))C(=O),-7.8696262957237195,-7.321645
C(=O)C(=O)CC(ON(=O)(=O))OC(=O),-2.583684256707784,-1.7073674
C(O)C1(C(=O))OC1(OO)C(ON(=O)(=O))C(=O),-6.093763642464182,-6.9438257
C(=O)(O)C(=O)OOC(C(OO))C(=O)C(=O)(OON(=O)(=O)),-7.089907092231442,-8.1520605
C(=O)(OO)C(ON(=O)(=O))C1(C)OOC(N(=O)(=O))(C1(O)(O))C(=O),-8.555734113266226,-9.7270155
CCCCC(=O)CC(=O)C(ON(=O)(=O)),-3.1361609215819044,-2.6798537
CCCC(=O)C(ON(=O)(=O))CC(=O)CCC(=O)(OON(=O)(=O)),-5.216469882710953,-5.563404
C(=O)(O)C(OO)C(ON(=O)(=O))C1(O)OC1C(=O)(OON(=O)(=O)),-7.45003948037629,-6.398537
C(=O)(O)C1OOC(N(=O)(=O))(C1(O))C(=O)C(=O)(OO),-8.12060992460465,-9.102164
C(=O)(OO)C(ON(=O)(=O))C(O)(C)C(O)(O)C(=O)C(=O),-8.438427428729483,-7.1344113
C1C(=O)C(ON(=O)(=O))C2(C)OOC1C2(O),-4.862074186501559,-4.3665266
C(=O)(O)C12OOC(C1(O))C(OO)C(ON(=O)(=O))C2(OO),-10.698672117068782,-10.933671
C1(O)C(OO)(C(=O)(OO))OOC1(C(=O))C(=O),-7.648480194431613,-8.449202
C(ON(=O)(=O))C(O)CC(=O)C(OO),-5.9363263543491485,-6.3088064
C12OOC(OO)(C1(=O))C(OO)C(ON(=O)(=O))C2(ON(=O)(=O)),-5.97087225705036,-5.0115147
CC(O)(C(=O)(OON(=O)(=O)))C(=O)C(ON(=O)(=O))C(C(=O))C(OO)(C)C,-7.555056205295841,-7.630364
C(=O)(N(=O)(=O))C1(O)OC1C(OO)C(O)(C(OO))C(=O),-10.877624239801662,-11.559992
C1(ON(=O)(=O))C(OO)C=COOC1(C(=O)(O))C(OO),-9.55534702022851,-10.09558
CC(=O)OC(=O)C=C(OO)C(=O)(OON(=O)(=O)),-3.271583530426142,-5.4793158
C(OO)C(=O)C(ON(=O)(=O))OOC(=O)C(=O)(OON(=O)(=O)),-4.017450057915994,-3.8355527
CC(OO)(C(ON(=O)(=O)))OOC(C(=O)(OON(=O)(=O)))C(=O)C,-5.122782874808763,-4.736704
CC(=O)C(OO)C(=O)C1OC1C(=O)(O),-7.010324980161386,-7.825431
CC(=O)OOC(C(=O)(OO))C(=O)C(=O)(OO),-6.408565726422239,-6.9134197
C(=O)(O)C(N(=O)(=O))(ON(=O)(=O))C(OO)(C(=O)(OO))C1OC1C(=O),-9.49689096651855,-10.261724
CC(=O)C(ON(=O)(=O))(C(O)(C)C)C(O)C(=O)(OON(=O)(=O)),-4.853227924686507,-5.4275484
CC(=O)C(C(=O)(O))C(C)(C)C(ON(=O)(=O))CC(=O),-7.272074513472035,-7.4709473
C(=O)(OO)C(O)(O)C1OC1(C(ON(=O)(=O)))C(O)C(=O),-9.547282329542213,-10.440569
C(=O)CC(=O)C(ON(=O)(=O))OC(=O),-2.6940929434349528,-2.565431
C(=O)OOC(O)(C(=O)(N(=O)(=O)))C(=O)C(=O)C(=O),-3.7338221828249516,-4.101929
C(ON(=O)(=O))CCC(=O)CC(O)CC(OO),-8.256812641731813,-8.006017
C(ON(=O)(=O))C(OO)(C(=O))C(=O)C1OC1C(=O),-5.7927828087995294,-5.6523833
C(OO)C(=O)CC(O)C(=O)C(OO),-8.561016256993753,-9.864878
C(=O)(O)C1(ON(=O)(=O))OC1C(OO)C(=O)(OO),-7.568846152920742,-6.468623
C(=O)(O)C(=O)OC(OO)CC(=O)(OO),-8.349509765626863,-7.20864
C1(=O)OOC(N(=O)(=O))(OO)C1(O)C(O),-5.138119338094839,-5.1553125
C(ON(=O)(=O))C(=O)C(=O)C(C)(C)C(ON(=O)(=O))C(OO),-5.700367472774815,-4.8018804
C(ON(=O)(=O))C(=O)CCC(=O)CC(=O)CC(=O)(OO),-7.532113054970978,-7.597094
CC(=O)C(ON(=O)(=O))C(C)(C)C(C(=O))C(=O),-3.786447961596423,-3.8236256
C(OO)C1(ON(=O)(=O))OC1C(O)C(OO)C(=O)(OON(=O)(=O)),-7.114350261690561,-6.75942
C(=O)(OON(=O)(=O))C(OO)C1OOC(O)(C1(=O))C(=O),-5.586630406556651,-5.4131227
CC(=O)C(=O)C(=O)C1(OO)CC(OO)C1(C)C,-6.955905411334243,-5.506653
C(=O)(OO)C(=O)OC(=O)C(=O)CC(=O)C(O),-6.700232245508232,-8.68448
CC(C)(C(=O))C(ON(=O)(=O))(C(=O))C(O)(C)C(=O),-5.287528878136072,-5.3987193
CC(ON(=O)(=O))C(=O)CC(=O)CC(ON(=O)(=O))C(=O)C(OO)C,-7.722709950699937,-7.562498
C(OO)C(OO)C(C)=CCC(=O),-6.356844184731017,-6.1133776
CCC(=O)CCCC(O)CC(OO),-6.436243041971466,-6.5663195
C1(OO)OC1C(OO)C(O)C(=O)(OON(=O)(=O)),-5.886935720089241,-6.2842793
C(ON(=O)(=O))C1(C(=O)(OO))OC1(ON(=O)(=O))C=CC(=O),-6.5849696831573965,-6.8011503
C(=O)C(=O)C(OO)C1(OO)OC1C(=O),-6.154768704916933,-6.044775
C(=O)(OO)C1(O)OC1(C(=O))C(OO)C(=O),-7.193393228953937,-8.243247
C(=O)(O)C(ON(=O)(=O))C(OO)(C(=O))C(O)C(=O),-8.249276801507222,-7.7395816
C(=O)(O)C(O)C(OO)(C)C(O)OC(=O)C(=O),-10.133989271169412,-6.7434773
C(=O)(OO)C(=O)C(O),-3.5648742860212224,-5.009156
C(=O)OOC(O)(C(=O)C(=O)(OON(=O)(=O)))C(=O)C,-3.353056799067417,-2.838632
C(=O)(O)C(C(=O)(OON(=O)(=O)))C1(OO)OC1(OO)C(=O),-7.547977489724872,-7.613317
C(OO)C(C(=O)(OON(=O)(=O)))=CC(=O)OC(=O),-3.6624235136114294,-4.0972466
C(=O)OC(ON(=O)(=O))C(C(=O)(OO))=CC(=O),-5.2681628936989,-4.928433
C1(=O)C(C(=O)(O))OOC1(C(O))C(=O),-7.002586578251794,-6.391578
C(ON(=O)(=O))C(=O)C(=O)C(=O)C(=O)C(=O)(OON(=O)(=O)),-2.5210336708114482,-2.0337644
C(=O)(O)CC(=O)CC(C(=O)(O))C(ON(=O)(=O))(C)C(OO),-11.63281426471076,-12.102103
C(=O)(O)CC(OO)C(C(O))(C)C(=O)(OON(=O)(=O)),-8.288022418520995,-7.8258553
CC(O)(C(=O)(O))C(=O)C(O)C(=O)C(=O),-7.339202130635385,-6.8604455
C(=O)(O)C(OO)C(OO)C(C)(C(ON(=O)(=O)))C(C(=O))C(=O)C,-11.438946552167181,-12.264169
C(=O)(O)C(OO)C(O)(O)C(=O)C(O)C(=O),-11.013233686244348,-9.478631
CC(OO)(C(=O)(OON(=O)(=O)))C(O)C(OO)OC(=O),-6.980216125739389,-6.704804
C(=O)C(O)(OO)C(OO)C1(O)OC1(ON(=O)(=O))C(=O),-8.802246567749535,-9.768307
CC1(OO)C(OO)C(ON(=O)(=O))C(C2(O))OOC12,-8.816833719407441,-8.337382
C(=O)(O)C1OC1C(OO)=C(C(OO))C(=O),-9.481144973629853,-10.214245
CC(=O)C(=O)C(=O)C(O)(OO)C(=O)(OO),-6.048768411070341,-3.4435234
C(=O)(OON(=O)(=O))C(=O)C(=O)C(=O)C(N(=O)(=O))C(=O)C,-2.613086937315529,-3.013161
CC(=O)CC(=O)CC(OO)C(OO)CC(O),-10.34156446196721,-10.439182
C(=O)(N(=O)(=O))C(=O)C(=O)C(O)C(O)C(=O)(O),-7.067352531885263,-7.2268453
C1(O)(ON(=O)(=O))C(C(=O))OOC1(C(=O))C(ON(=O)(=O))C(=O),-6.011262877291301,-6.156192
C(=O)(OON(=O)(=O))C(C)(C(=O))C(C(=O))C(O),-4.792927875489113,-4.7519555
C(=O)(O)C1(O)OOC(ON(=O)(=O))(C1(O))C(=O)(OON(=O)(=O)),-5.902672767420881,-5.2207847
C(=O)C1(OO)OC1(C(O))C(ON(=O)(=O))C(=O),-6.093763642464182,-5.8851147
C(=O)(OON(=O)(=O))C(C(=O))=C(OO)C1OC1(OO)C(=O),-6.754894300174783,-6.889211
CC(=O)C(ON(=O)(=O))OOC(C)(C)C(C(ON(=O)(=O)))C(=O),-5.032417110807728,-5.147549
C(=O)C(OO)C(=O)OOC(C(=O))C(=O)C(=O),-6.07927979278611,-5.1749697
C1(=O)OC1C(O)(C(O))C(=O)C(=O)C(=O)(O),-7.670304726721952,-7.1727457
C(=O)(OO)C(ON(=O)(=O))OOC(=O)C(=O)C(=O),-4.302586234771297,-4.6770015
CC(C(OO))C(=O),-2.0529124903841875,-1.9668578
C(OO)C(=O)C(C(=O)(OO))OOC(ON(=O)(=O))C(=O)(OON(=O)(=O)),-6.566648558902671,-5.5281177
C(=O)C(=O)C(=O)C(O)C(OO)OC(=O)C(=O),-6.133174754024367,-4.6039762
CC(=O)C(ON(=O)(=O))C(OO)C(C(=O)C)CC(=O),-6.987443417849136,-6.713567
C1(O)(N(=O)(=O))C(O)(C(=O)(OO))OOC1(C)C(=O)(OON(=O)(=O)),-6.062114801170537,-3.4420094
C1(O)C2(OO)OOC1C(OO)C(ON(=O)(=O))C2(ON(=O)(=O)),-7.886064112142776,-8.182523
C(=O)C(=O)OOC(N(=O)(=O))(C(=O)(OO))C(=O)C(=O),-4.866098933445755,-4.3899584
CC(ON(=O)(=O))(C(=O)(O))C1CC(C(=O))C1(C)C(ON(=O)(=O)),-7.467025937701692,-7.5887384
C(=O)(O)C(O)C(O)(C)C(=O)C(=O)C(=O),-7.339202130635385,-7.3817577
C(=O)(OON(=O)(=O))CC(OO)C(C)(C(OO))C(C)C(=O),-8.617682754862471,-8.849048
C12OOC(O)(C1(O)C(=O)(O))C=CC2(ON(=O)(=O)),-8.43142040767998,-9.0336895
C(=O)C1(ON(=O)(=O))OC1C(ON(=O)(=O))(C(O))C(O)C(=O),-7.1821081091911765,-7.396599
C(ON(=O)(=O))C(=O)C(=O)C(ON(=O)(=O))C(O)(C)C(=O)(OO),-5.407055210554972,-5.3219795
C1(O)COOC1(C(=O)(OO))C(=O)C(=O)(OO),-7.742907029212802,-6.9130926
CC(O)(C(=O)(O))C(=O)C(=O)(OO),-5.8659711577493,-5.030935
C(=O)(O)C(OO)C1OC1(ON(=O)(=O))C(=O)(O),-7.789126939402195,-8.126418
C(O)C(OO)C(O)(C)C(C(=O)(O))C(=O)C,-11.09775016720232,-10.640697
C(OO)C(=O)C1(O)OC1(OO)C(=O)(OO),-8.125800158988568,-8.913952
C(=O)(OO)C(O)C(ON(=O)(=O))(C)C1OC1(OO)C(=O),-7.924412317050155,-7.3946395
C(=O)(OO)C(O)(OO)C(O)(C)C(=O),-7.433439276283025,-7.5450883
C(=O)(O)C(O)C(ON(=O)(=O))(C(ON(=O)(=O)))C(=O)OC(=O)C(=O)(OO),-8.105859288218198,-9.240282
C(O)C(OO)C(C)(C)C(ON(=O)(=O))(C(=O))C(=O)C,-7.363804728956893,-7.319329
C1C(=O)C(N(=O)(=O))(OO)C(=O)OOC1(C)C(=O),-5.253345630291733,-5.332849
CC(OO)C(O)C(=O)CC(=O)(OON(=O)(=O)),-4.869771478450275,-5.5505414
C1(=O)OC1C(OO)(C)C(ON(=O)(=O))(OO)C(=O)(O),-8.333081540142302,-8.121877
CC(ON(=O)(=O))(C)CC(OO)C(=O)C(=O)(OON(=O)(=O)),-4.3840009286941495,-4.080776
CC(O)CCC(OO)C(=O)CC(=O)C(OO)C,-10.374316501402063,-10.137315
C(OO)C(ON(=O)(=O))(C(=O))C1(OO)OC1(ON(=O)(=O))C(=O),-6.291758662919165,-6.621049
C1(=O)C(=O)OOC(C(=O)(O))C=C1C,-6.212622832958004,-5.5636644
CC(=O)C(=O)CC(C(ON(=O)(=O)))C(ON(=O)(=O))(C)C(=O),-5.186178026866401,-4.784192
CC1(C(=O)(OO))OC1(ON(=O)(=O))C(O)C(OO)C(=O)(OO),-9.673397983860923,-8.380568
CC(=O)CCCC(=O)C(OO)C(OO),-7.676234236991149,-8.024067
C(ON(=O)(=O))C12OOC(C1(O))C(=O)C(ON(=O)(=O))(OO)C2(=O),-6.17370383538946,-5.544409
C(OO)C2=CC(=O)C(O)(O)C1(O)OC12,-9.217196202356718,-10.808975
CC(=O)C(=O)C(ON(=O)(=O))CC(=O)CC(OO)C(=O)C,-7.154461096972227,-7.683595
C(=O)(OON(=O)(=O))C(=O)C(=O)C=CC(=O)(OON(=O)(=O)),-1.930920601633261,-2.3455346
C(=O)(O)C(OO)C1(C(=O)(OO))OC1C(=O),-8.79778985781013,-9.213359
c1cc(O)c(O)cc1,-3.315264605669654,-4.050643
C(=O)(O)C(O)(C(=O))C(=O)C(OO)C(=O),-7.3758964245644165,-9.462422
C(=O)OOC(O)(C(=O)(OO))C(ON(=O)(=O))(C(=O))C(=O),-5.870471898844698,-6.2728796
C(ON(=O)(=O))C(ON(=O)(=O))C(C)(C(O))C(C(=O))C(=O)C(O),-8.959849105696776,-9.03701
C(ON(=O)(=O))C(=O)C1C(=O)C(C(OO))C1(C)C(OO),-8.53473648907675,-8.35974
C(OO)C1(C(=O)(OON(=O)(=O)))OOC(C1(=O))C(=O),-4.218021114371368,-4.373382
C(=O)(OON(=O)(=O))C(=O)OC(=O)C(C(=O))C(=O),-2.4563013600127306,-2.5236032
C(=O)(N(=O)(=O))C1(C(=O)(OO))OC1C(O)C(=O),-6.491477880103048,-6.127266
C(=O)(OON(=O)(=O))C(=O)C(O)C(=O)C(ON(=O)(=O))(C)C(=O),-3.782755986088887,-3.8639638
CC(OO)(C(ON(=O)(=O)))C(C(=O))C(O)C(=O)(OON(=O)(=O)),-6.309379347469076,-6.7854424
C(OO)C(=O)C(C1(=O))OOC1C(N(=O)(=O))C(=O)(OON(=O)(=O)),-5.962905957072508,-5.5871553
C(=O)(OO)C1(OO)OC1(C(OO))CC(=O),-8.206146846889169,-6.8838234
C(=O)(N(=O)(=O))OOC(C)(C(=O)(O))C(OO)C(=O),-7.065636724670185,-6.9963164
C(=O)(OO)C(ON(=O)(=O))OOC(=O)C(=O)C(O)C(=O),-6.579914608577383,-7.5952115
C1(=O)C(OO)(C)C(=O)C(N(=O)(=O))(OO)OOC1C(=O)(O),-8.397754558725865,-9.183376
C(=O)(OO)C1OOC(ON(=O)(=O))(C1(=O))C(OO)(C)C(=O)(OON(=O)(=O)),-6.4248870104929665,-7.28897
CCCC(ON(=O)(=O))CCC(=O)CC(ON(=O)(=O))C,-4.258551158171031,-5.054996
CC(=O)C(=O)CC(C)C(ON(=O)(=O))(C)C(=O)(O),-5.906841826275922,-5.2828994
C1(O)(OO)C(OO)OOC1(C(ON(=O)(=O)))C(ON(=O)(=O))C(=O),-8.012022320908727,-8.194153
c1c(O)c(O)c(OO)cc1,-6.016824773469125,-4.0691895
CC(ON(=O)(=O))(C(=O))C1OC1(OO)C(=O),-4.363365022902144,-4.112371
C(=O)(OO)C(O)C(OO)C1OC1C(=O)C(=O)(OON(=O)(=O)),-8.16125445740181,-7.691886
C(OO)C1CC(OO)(C(=O)(OO))C1(C)C,-7.337235445200349,-8.016663
CC(=O)C(C(OO)(C)C)C(ON(=O)(=O))C(=O)CC(=O)(O),-8.66429380500631,-8.303404
C(ON(=O)(=O))C1(C(=O)(OO))OOC(OO)(C1(=O))C(ON(=O)(=O))C(=O),-7.109537581549375,-7.8966184
CC(ON(=O)(=O))C1OOC(ON(=O)(=O))(C1(=O))C(=O)(O),-4.986828421460814,-4.828847
C(=O)(O)C(O)C(=O)C1(C)OC1(O)C(=O)(OON(=O)(=O)),-6.9694866700447164,-7.779458
C1(=O)COOC1C(ON(=O)(=O))C(=O)C(=O)(OO),-5.464246445859317,-5.043193
C(=O)(OO)C(=O)OC(=O)C(O)C(ON(=O)(=O))(C)C(=O),-6.229980648349738,-6.906919
C(=O)(OO)C(ON(=O)(=O))(C(=O))OOC(=O)C(OO)C(=O),-6.763896122443839,-6.483776
C2(O)C(=O)C(=O)CC1(C)OC12,-4.788056765348301,-5.1688094
C(=O)(O)C(O)C1OOC(C1(=O))C(=O)C(OO),-9.44438682818145,-8.426886
C(ON(=O)(=O))C(ON(=O)(=O))C(C)C(OO),-4.081664943470969,-3.266674
C2(=O)C(ON(=O)(=O))C(OO)C(C1(O))OOC12C(=O)(O),-8.606595615434344,-10.038105
CC(=O)C(OO)(C(=O)(O))C(C)(C)C(=O)C(ON(=O)(=O)),-7.418205936846789,-7.6348863
C1(O)C(O)(C(=O))OOC1C(=O)C(=O)C(=O),-6.7294245989614865,-5.5817766
C1(=O)C(C(=O)(O))OOC1(C)C(N(=O)(=O))(ON(=O)(=O))C(=O)(O),-7.442390443276963,-7.6754823
C(=O)(O)C(O)(N(=O)(=O))C(OO)C(=O)OC(=O),-6.656680501939263,-9.286986
CC(OO)C(ON(=O)(=O))CC(O)CC(=O)CC(=O)(O),-11.495292200648692,-10.838738
C(O)C(OO)C(C)(C)C(C(=O)(OON(=O)(=O)))C(=O)C(ON(=O)(=O)),-7.284864094253862,-9.595519
C1(O)(OO)C(OO)OOC1(O)C(O)C(=O),-9.687949031605967,-8.282308
CC(=O)C1CC(C1(ON(=O)(=O))C)C(ON(=O)(=O))C(=O)(OO),-6.656922385926009,-8.492045
C1(O)C2OOC1(C)C(OO)C(O)C2(=O),-7.710952618479496,-9.753624
CC(=O)C1(O)OOC(O)(C1(O))C(N(=O)(=O))(ON(=O)(=O))C(=O),-7.194377967665787,-12.727874
C1(=O)C(ON(=O)(=O))C(ON(=O)(=O))C(OO)OC(=O)C1(O)(O),-7.577843568811659,-9.034987
CC(OO)(C(=O)(OO))C(C(=O))OOC(=O)C(=O),-7.32317365554627,-8.341777
C(=O)(O)C(ON(=O)(=O))CC(O)CCC(ON(=O)(=O)),-8.190920409513637,-8.591041
C(=O)C(O)(C(=O))C(=O)C(O)(O)C(=O)C(=O),-7.598510553187225,-7.8129187
C(=O)(O)C(=O)C1(O)OOC(ON(=O)(=O))(C1(O))C(=O)(OON(=O)(=O)),-6.352747609387734,-4.572792
C(=O)(O)C1(N(=O)(=O))OC1C(OO)C(=O)C(=O),-6.718063439897378,-5.7901607
C(O)C(=O)OOC(N(=O)(=O))(C(=O)(O))C=CC(=O)(OON(=O)(=O)),-7.86750840060995,-8.001929
CC(=O)CC(=O)CC(=O)CC(ON(=O)(=O))C(O)C,-6.71667503748904,-7.1101317
C(=O)(OO)C1(O)OOC(ON(=O)(=O))(C)C1(=O),-4.539812968738261,-3.5540059
CC(ON(=O)(=O))(C)C(OO)(C(=O)(O))CC(=O)C(=O)C,-7.754623631713912,-8.624448
C(=O)(OO)C1OC1C(OO)(C)C(O)C(=O)(OO),-9.948661579983309,-8.062937
CC(=O)OC(OO)C(=O)C(N(=O)(=O))C(=O),-4.434910177704296,-4.747398
C(=O)(OON(=O)(=O))C=C(C(O))C1(OO)OC1C(=O),-6.4770076237327885,-5.5710773
CC(O)CCC(=O)CC(=O)C(ON(=O)(=O)),-5.624366935327998,-5.161862
CC(ON(=O)(=O))CC(ON(=O)(=O))C(O)CC(OO),-6.70380726372241,-6.630954
C(=O)C1(ON(=O)(=O))OC1(OO)C(C(ON(=O)(=O)))=CC(=O),-6.19966958356963,-6.0660195
CC(=O)CCCC(OO)CCC(=O)(OON(=O)(=O)),-5.82854705171485,-5.8144407
C(=O)(OO)C(O)C(O)(O)C(=O)C(=O)C(=O)(OON(=O)(=O)),-6.953771970307571,-6.7671204
CC(C)(C(=O)(OON(=O)(=O)))C(O)(C(=O)(OON(=O)(=O)))C(=O),-3.108805056253914,-0.64914554
CC(ON(=O)(=O))(C(ON(=O)(=O)))C(C(O))CC(=O)C(=O)C(OO),-9.125407697909395,-9.344605
C1(O)(OO)C(=O)OOC1CC(=O)(OO),-7.537797107259394,-7.31131
C12CC(C1(C)C)CC(=O)C2(OO)C(=O)(OO),-7.106771649574512,-4.6057205
C2(=O)C(ON(=O)(=O))C(=O)C(O)(C1(=O))OOC12C(ON(=O)(=O)),-4.587665228493279,-4.2296386
C(=O)(O)C(N(=O)(=O))C(=O)C1(C)OC1C(=O)(OON(=O)(=O)),-5.29704989878519,-5.897115
C1(O)(OO)C(C(=O)(OON(=O)(=O)))OOC1(C)C(=O)(OON(=O)(=O)),-4.348728426717571,-5.8105044
C12OOC(C1(O)(O))C(OO)C(O)(C2(=O))C(=O),-9.85645552809001,-7.9800954
CC(=O)CC(ON(=O)(=O))C(OO)(C)C(=O)(O),-7.11791979969712,-7.801337
C(=O)C1(OO)OC1(OO)C(C(=O))=CC(=O),-7.16642679439974,-7.5562453
C(OO)C(ON(=O)(=O))(C(=O)(OO))OOC(=O)C(=O)C(=O),-6.503646608602139,-6.2295184
CCCCC(=O)CC(O)CC(ON(=O)(=O))C(ON(=O)(=O)),-6.968975000039791,-7.148626
CC1(C(=O)(O))OC1(OO)C(=O)C(O)C(=O)(OON(=O)(=O)),-7.2054003558296245,-7.177533
C(=O)(O)C(=O)OOC(C(ON(=O)(=O)))(C)C(=O)(OON(=O)(=O)),-4.764723501706612,-5.679506
CCCCCC(OO)C(=O)C(ON(=O)(=O))C(O),-7.183229370886693,-6.065853
CC(=O)C(C(O))CC(=O),-3.9686501751712058,-3.8748782
CC1(C(=O)(O))C(OO)(C(OO))CC1C(=O)C,-9.720424823812209,-10.104499
C(O)C(ON(=O)(=O))(C(ON(=O)(=O)))C(C(OO))C(=O)C(=O),-7.630499868217157,-7.5140676
CC(=O)C(ON(=O)(=O))CC(C(=O)(OON(=O)(=O)))C(O)(C)C,-5.211697357619414,-5.6175213
C2(=O)C(=O)C(=O)C(N(=O)(=O))(C1(O)(O))OOC12C(ON(=O)(=O)),-5.390681468445109,-6.285044
CC1(C)OOC(ON(=O)(=O))(C(=O)C)C(=O)C1C(ON(=O)(=O)),-3.9673754215764347,-4.5722966
C(=O)(OO)C(=O)C1(O)OC1C(=O),-4.923437615289004,-5.4237885
C(=O)(O)C(=O)C(OO)(C)OC(=O)C(=O),-5.817532554152422,-5.5205097
CCC(=O)C(O)CCC(=O)CC(ON(=O)(=O))C,-5.370952000070247,-5.4095497
C1(O)(O)C2(N(=O)(=O))OOC1(O)C(N(=O)(=O))=CC2(OO),-8.16108646862267,-9.731057
C(=O)(O)C(OO)C(O)(N(=O)(=O))C(=O)OC(=O)C(=O),-7.782879218968446,-7.4862857
C(O)C(=O)C(=O)C(C)(C)C(ON(=O)(=O))CC(=O)(OO),-7.475485849237884,-7.597299
C1(O)C(OO)OOC1(C)C(=O)C(=O)(OO),-6.9897779673483456,-6.564657
C(=O)C(=O)C1(C(ON(=O)(=O)))OC1(OO),-3.5421263636817457,-3.437789
C1(O)(N(=O)(=O))C(N(=O)(=O))(C(=O)(O))OOC1(O)C(=O)C(=O),-6.473353375084116,-9.129576
C(=O)C(=O)C(=O)OOC(O)(C(=O))C(=O),-4.54674241579778,-3.5612528
C(=O)(OON(=O)(=O))C(OO)OC(=O)C=CC(=O)C(=O),-5.1475603288417915,-4.2951174
C(=O)(O)C(=O)OC(=O)C(OO)(C)C(ON(=O)(=O))C(=O)(OO),-8.277643413894111,-9.030233
CC(=O)C(OO)OOC(C)(C)C(C(=O))CC(=O)(OO),-8.680517945278552,-7.819093
C1(=O)C(OO)OOC1(O)C(ON(=O)(=O))C(=O),-5.004805105185369,-5.024494
CC(ON(=O)(=O))(C)C(ON(=O)(=O))(C(=O))CC(=O)C(O)(C)C(=O),-6.4874586875521345,-4.534644
C1(O)(O)C=C(OO)C=CC1(=O),-6.888653020942002,-6.4948897
C(OO)C(ON(=O)(=O))C(C)(C)C(=O)C(=O)(OO),-6.079758850013604,-6.1845574
C(=O)(O)C(=O)OOC(=O)C(OO)C(O)C(=O),-9.155042643513298,-8.7644615
C(=O)(O)C(O)C(OO)C(ON(=O)(=O))C(=O),-7.555868020863272,-7.942764
CC(C)(C(=O)(O))C(ON(=O)(=O))(C(O))C(ON(=O)(=O)),-6.2900248747027945,-6.1676826
C(=O)(OO)C(O)C(ON(=O)(=O))(C1(O)(O))OOC1C(=O)(OON(=O)(=O)),-7.59599926492956,-6.772041
CC(OO)(C(=O))C(=O)C(OO)C(=O),-5.998006190478918,-5.678708
C(=O)(N(=O)(=O))C(=O)(OO),-0.8815211464825552,-0.5011975
C(OO)C(OO)C(ON(=O)(=O))(C)C(C(=O))C(=O)C(ON(=O)(=O)),-8.292193140572635,-8.323752
C(=O)(OO)C=C(C(=O)(OO))C1OC1(ON(=O)(=O))C(=O),-7.584505620834534,-6.595252
C(=O)(O)C1(C(ON(=O)(=O)))OOC(C1(O))C(OO)C(=O),-9.86188125051558,-10.197611
C(=O)(N(=O)(=O))C(OO)OC(=O)C(=O)C(=O)C(=O)(O),-5.524939964117948,-5.430862
C(=O)(OON(=O)(=O))C(O)CC(=O)CC(=O)CC(=O),-6.23577290069079,-6.3643064
C1(O)(O)C(N(=O)(=O))(C(=O)(OO))OOC1(C(O))C(=O)C(=O),-9.68618427956244,-13.638761
C1(=O)C(OO)OOC(C(=O)(O))C(OO)C1(=O),-8.49522090642131,-8.996637
CC(C)(C(=O)(O))C(OO)C(O)(C)C(=O)(OON(=O)(=O)),-7.28653442292125,-7.4806776
C(=O)(OO)C1(O)OC1C(O)C(=O)(OON(=O)(=O)),-5.945188814701396,-4.7957506
C(O)C(O)(C(=O)(OO))C1OC1C(=O),-6.971220057486789,-9.000828
C(=O)(O)C(O)(O)C(=O)C(=O)C(N(=O)(=O))C(=O)(OON(=O)(=O)),-6.692136385245249,-6.5799932
C1(OO)C=CC(=O)OOC1(ON(=O)(=O))C(=O),-5.48359966953285,-5.0134487
CC(=O)C(=O)C(OO)CC(OO)(C)C(ON(=O)(=O)),-7.363316230257624,-7.8081446
C1(O)C(O)OOC1(N(=O)(=O))C(=O)C(=O),-4.735914828430396,-6.992966
CC(O)CCC(ON(=O)(=O))C(=O)CCC(=O)(OON(=O)(=O)),-6.243871078506345,-6.230449
CC(=O)C(ON(=O)(=O))(C(O))C(OO)(C)C(ON(=O)(=O)),-6.125402025165386,-6.4975133
C(=O)(OO)C(O)C(ON(=O)(=O))(C(=O)(OO))C1OC1C(=O)(OON(=O)(=O)),-7.794426322769141,-7.2608624
C(=O)(O)C(C(ON(=O)(=O)))(C(ON(=O)(=O)))OOC(=O),-5.310170507131261,-5.771262
CC(ON(=O)(=O))C(OO)CC(=O)CC(=O)CCC(=O)(OO),-9.633271511993371,-8.500719
C(=O)(O)C(=O)C(ON(=O)(=O))(C(O))C1OC1(ON(=O)(=O))C(=O),-6.889283105236245,-7.438395
CC(=O)C(C)CC(ON(=O)(=O))CC(=O),-4.160483496016241,-3.8429792
CC(=O)C(O)C(C(=O)(OON(=O)(=O)))OOC(=O)C(=O)(OON(=O)(=O)),-4.273776789472322,-4.822287
CC1(C)OOC(OO)(C(=O)C)CC1(ON(=O)(=O))CC(=O)(OO),-8.337997976472252,-10.331001
C1(O)(O)C(OO)OOC1C(ON(=O)(=O))C(=O)C(=O)(OO),-9.191296181234065,-9.218574
C(=O)(OON(=O)(=O))C1C(O)C(ON(=O)(=O))(C1(C)C)CC(=O),-5.684122497434146,-6.691017
CCC(ON(=O)(=O))CC(=O)CC(OO)C(=O)CC(ON(=O)(=O)),-7.833163460280048,-8.025786
C(=O)(N(=O)(=O))C1OC1C(O)C(OO)(C)C(=O)(OO),-8.448190819370211,-7.446023
C2(=O)C(O)C(=O)C(OO)(C1(=O))OOC12(ON(=O)(=O)),-4.359420560795115,-4.320832
C(=O)C(O)C(=O)C(O)(N(=O)(=O))C(O)(OO)C(=O),-7.960567967034876,-11.193373
C(OO)C(=O)C(OO)=CC1OC1C(=O)(OO),-9.763897772994824,-10.150858
C(=O)(O)C(OO)(C(ON(=O)(=O)))OC(=O)C(=O),-6.263777370200842,-5.832922
CC(OO)CCC(ON(=O)(=O))CCCC(ON(=O)(=O)),-6.342043616212322,-6.207893
C(ON(=O)(=O))C(OO)C1(O)OC1(ON(=O)(=O))C(=O),-5.138564690176281,-5.3371086
C(=O)(O)C1OC1(OO)C(OO)C(=O)C(=O),-8.258530411083484,-9.3852625
CC(=O)CC(=O)C(O)C(=O)CC(ON(=O)(=O))CC,-5.4046884434937965,-4.3928986
C1(=O)OC1(OO)C(O)C(ON(=O)(=O))C,-5.799691229898599,-9.682058
C1(=O)OC1(C(ON(=O)(=O)))C(O)C(ON(=O)(=O))C(=O)(OO),-6.509551737661241,-6.8583093
C(=O)(O)C(O)C(=O)C(=O)OC(OO)C(=O)(O),-10.443405980287935,-10.36328
CC(O)(C(=O)(OO))C(O)(N(=O)(=O))C(=O)C(=O),-6.055140719850897,-3.8753595
C(=O)(OON(=O)(=O))C1OC1(O)C(ON(=O)(=O))C(=O)C(=O),-3.5529269750695676,-3.9824438
C(=O)(O)C1(O)OC1(OO)C(O)C(ON(=O)(=O))C(=O),-9.670779411506373,-9.578922
CC(ON(=O)(=O))(C)C(OO)C(=O)(O),-4.508242133379099,-4.0567994
C(=O)(OON(=O)(=O))C(=O)C(OO)C(O)C(=O)OC(=O)C(=O),-5.832428907247959,-5.265762
CC(=O)CCCCCCCC(=O)(O),-6.429634505504509,-5.767324
C1(=O)C(N(=O)(=O))(OO)C(OO)OOC(=O)C1(O)C,-6.4700838391290745,-8.273011
C(=O)(O)C=C(C(=O)(OO))C(OO)OC(=O),-8.687480191118084,-7.4535594
CC(=O)OOC(O)(C(=O))C(O)(N(=O)(=O))C(=O),-6.094162968540331,-5.4021516
C(=O)(OO)C=C(C(=O)(OO))C(=O)(OO),-4.041515021061059,-7.971185
C(=O)(OON(=O)(=O))C(=O)C(O)C(OO)C(O)C(=O)C(=O),-7.482687236275524,-7.4497056
C(=O)(O)C(OO)C(ON(=O)(=O))(OO)C1OC1C(=O),-9.175349112556432,-8.796674
C(=O)(O)C(OO)(C(=O)(O))C(=O)(O),-9.016823667639983,-9.726475
C1(=O)C(=O)OOC1C(OO)C(=O)C(=O)(N(=O)(=O)),-3.9008077121980023,-4.5132055
C(=O)(O)C(=O)C(ON(=O)(=O))C(=O)OOC(OO)C(=O),-7.117205089947674,-7.680229
C(=O)(O)C(O)(C(ON(=O)(=O)))C(OO)(C)C(=O),-7.396165745070903,-7.619643
C(ON(=O)(=O))C(=O)C(C(=O)(O))(C)C(=O),-4.56027922280191,-4.1845307
C(=O)(O)C(ON(=O)(=O))(C(=O))C(O)C1OC1(OO)C(=O),-8.827629839768633,-8.767442
CC(=O)C(O)C(=O)C(N(=O)(=O))(OO)OC(=O),-5.287737424048828,-6.4540057
CC(C(=O)(OO))C1OC1C(=O)(OON(=O)(=O)),-4.301061576989014,-5.2185297
C(=O)(O)OC(=O)C(O)C(=O)C(=O)(OON(=O)(=O)),-4.671984190412331,-4.8764877
C(=O)(OO)C(ON(=O)(=O))(C(=O))C(ON(=O)(=O))C(=O)OOC(=O),-4.971281524485676,-4.129808
C1(ON(=O)(=O))OC1(C(=O))CC(=O),-2.3117286573688034,-2.6369524
C1(ON(=O)(=O))OC1C(=O)C(O)C(=O)(O),-5.324054289361811,-4.56506
C(=O)(O)C(ON(=O)(=O))C(O)(C)C1OC1(OO)C(=O),-8.528072066837922,-8.573067
C(O)C(C(=O)(OO))=CC(=O)OC(=O),-6.285589513267041,-5.8918834
C(=O)(OO)C(ON(=O)(=O))C(C1(=O))OOC1(C(OO))C(=O),-7.600708527490497,-7.999621
CC(=O)C(=O)CC(C(O))C(O)(C)C(ON(=O)(=O)),-7.225946848921012,-7.552516
CC(=O)CC(OO)CC(ON(=O)(=O))C(=O)C(OO),-8.460419293071027,-8.828262
C12(O)OOC(O)(C1(O)C)C(N(=O)(=O))(OO)C(ON(=O)(=O))C2(O),-8.329319240525365,-8.947074
CC(=O)C(ON(=O)(=O))CC(=O)CC(=O),-3.751322712021647,-4.213625
C1(OO)OC1(C(=O)(OO))C(ON(=O)(=O))C(=O),-5.406227945510182,-6.3170395
CC(O)CCC(ON(=O)(=O))CC(=O)(OO),-6.623724071570905,-4.614823
C2(O)C(ON(=O)(=O))C(=O)C(O)(C1(O))OOC12C(O),-8.602473571081646,-8.714916
C(=O)(O)C1OC1C(ON(=O)(=O))(C)C(O)C(=O)(OO),-8.655213385514799,-9.251547
C(=O)(O)C(C(ON(=O)(=O)))C(C)(C(=O)(O))C(=O)(OON(=O)(=O)),-7.361932459520176,-7.1855617
CC(=O)C(=O)CC(ON(=O)(=O))C(OO)(C)C,-4.834710372902919,-4.3041053
C(=O)(OO)C=CC1(C(OO))OC1(OO)C(=O)(OON(=O)(=O)),-8.12463348385063,-8.9614105
C(=O)(O)C1(C(ON(=O)(=O)))OC1C(O)C(=O)(OO),-8.215047315577976,-8.711372
C(=O)(O)CC(=O)C(C)(C)C(ON(=O)(=O))(C)C(=O)(OON(=O)(=O)),-5.793853418115759,-6.287525
C(O)C2(O)C(ON(=O)(=O))C1OOC(OO)(C2(=O))C1(=O),-7.27919758639473,-7.768306
C(=O)(OO)C(=O)C(=O)C(=O)OC(=O)C(=O)C,-4.285603659809567,-4.254696
C(=O)(O)C(ON(=O)(=O))C(OO)C(C)(C)C(ON(=O)(=O))C(=O),-7.872832549153827,-8.156271
C(=O)(OO)C(ON(=O)(=O))C(O)C(=O)C(=O)C(=O)(OON(=O)(=O)),-5.141936265325057,-5.068726
C(=O)(O)C(=O)OOC(C)(C(OO))C(=O)C(ON(=O)(=O)),-7.797542571119266,-8.451801
C(=O)(O)CC(=O)C(C)(C)C(C(OO))C(=O)(OON(=O)(=O)),-8.227408034843393,-8.394057
C(=O)(OON(=O)(=O))C1OC1(C(ON(=O)(=O)))C(OO)C(=O),-4.761152822873555,-4.514588
C(ON(=O)(=O))OOC(=O)C(OO)C(=O)C(OO),-6.061323023808654,-6.307159
C(=O)(OON(=O)(=O))C1OC1(C(=O)(OO))C(O)C(OO)C(=O),-7.992943165678298,-6.9317374
CC(OO)(C)C(=O)C(O)C(=O)C(ON(=O)(=O))(C)C(=O)(O),-8.368480761986575,-6.521444
C(ON(=O)(=O))C(=O)C(ON(=O)(=O))C(OO)(C1(O))OOC1C(=O)(OO),-9.066331213296507,-7.768393
C(ON(=O)(=O))C(=O)C(ON(=O)(=O))C(OO)(C(=O)(OO))OOC(=O)C(=O),-7.779116451842128,-7.668995
C(=O)(O)C(O)C(O)(C)C(=O)(OON(=O)(=O)),-5.742559030666598,-5.5199766
C(O)C(=O)C(O)(N(=O)(=O))C(=O)C(O)C(OO)C(=O),-9.702987917291466,-11.440721
C(O)C(=O)C(N(=O)(=O))(OO)OC(=O)C(=O),-5.4889921710127965,-4.6849027
C(=O)(OON(=O)(=O))C1(C(=O))OC1(N(=O)(=O))C(=O)CC(=O),-3.9449195725173922,-3.5741663
C1(O)C(OO)(C(=O)(OON(=O)(=O)))OOC1C(OO)C(=O),-7.998640284364228,-7.611121
CC(=O)C(O)CCC(ON(=O)(=O))CC,-3.9635977082070895,-4.8077593
C(=O)(O)C(N(=O)(=O))(OO)C(ON(=O)(=O))(C(O))C(=O)OC(=O),-8.217939129768638,-7.820977
C(ON(=O)(=O))C1(OO)C(C(=O)(OON(=O)(=O)))CC1C(OO),-6.308550265166559,-6.401156
C(=O)(O)C1(OO)OC1C(OO)(C)C(=O)C(=O),-8.551273088582093,-7.686371
C(=O)(O)C(C(=O))OOC(N(=O)(=O))(OO)C(=O),-6.806185656372691,-6.8841834
C(=O)(OO)C(N(=O)(=O))C(OO)OC(=O)C(=O),-5.910602325879154,-5.5010476
CC(=O)C(=O)C(ON(=O)(=O))OC(=O),-1.6238336477254052,-1.3502855
C(=O)(O)C(O)C(OO)(C(OO))C(O)OC(=O),-11.725037913420238,-12.05664
CC(OO)(C)C(=O)CC(=O)CC(OO)C(=O)C(O),-10.21312226561713,-8.726791
C(=O)(OO)C(OO)C(=O)C(O)OC(=O),-7.282206394360401,-6.527928
C(=O)(O)C(=O)OOC(OO)C(ON(=O)(=O))C(=O)(OON(=O)(=O)),-5.867248788490542,-6.49551
C(=O)(OON(=O)(=O))C1(O)OOC(OO)(C1(O)(N(=O)(=O)))C(O)(C)C(=O),-8.216082701910636,-8.6552
C(=O)(O)C(=O)C(O)(N(=O)(=O))C(=O)C(=O),-4.748967329171137,-4.725573
C1(ON(=O)(=O))OC1C(O)(C(O))C(=O)C(=O)(OO),-6.77760106077767,-7.453166
C1(OO)OC1C(O)(O)C(=O)C(ON(=O)(=O))C(=O)C(=O)(OON(=O)(=O)),-6.544075275640353,-5.1631346
C(=O)(O)C(O)C(=O)C1OC1(O)C(=O)(O),-9.77138038953126,-9.693037
C(O)C(=O)C1OOC(OO)(C1(O))C(=O)(OON(=O)(=O)),-6.995889564277604,-5.4435053
C(=O)(O)C(C(OO))C1OC1(ON(=O)(=O))C(=O),-7.173278434231179,-6.4912157
C(=O)(OO)CC(=O)C1(OO)OC1(OO)C(=O),-8.070089708344312,-7.5868464
C(O)C(=O)C(ON(=O)(=O))C(O)C1(OO)OC1(O)C(=O)(N(=O)(=O)),-9.780328539025504,-10.524425
C2(O)(O)C(=O)C(O)C(ON(=O)(=O))C1(O)OC12(N(=O)(=O)),-5.744233436314971,-10.369336
CC(=O)CC(OO)(C(=O)C)C(ON(=O)(=O))(C)C(=O)(OO),-7.078308434021892,-6.248363
C1(O)(N(=O)(=O))C(=O)OOC1C(O)C(=O)(O),-7.258297083477373,-6.9954715
CC(=O)C(OO)C(C)(C(ON(=O)(=O)))C(=O)CC(=O)(O),-8.506031024313415,-9.179296
CC(=O)C(O)C(N(=O)(=O))(OO)C(=O)(O),-6.780986465761089,-7.6871424
C(ON(=O)(=O))C(O)(C(=O))C(OO)(C(=O)(OO))OOC(=O),-7.777991974304314,-7.380552
C(OO)C(ON(=O)(=O))C(=O)C(C(=O))C(O)(C)C,-6.953142484373529,-7.6289425
C1(=O)C(C(=O)(O))OOC1C(=O)C(=O)(OON(=O)(=O)),-4.347265245203744,-3.691946
C(=O)CC(OO)C(ON(=O)(=O))(C)C=C,-4.3943563819047995,-4.977084
C(=O)(N(=O)(=O))C(=O)C1OOC(C1(O))C(=O),-4.82866876218759,-4.675501
C(=O)(O)CC1(ON(=O)(=O))OC1C(=O)C(OO),-6.95208311144961,-7.809207
C12OOC(C2(O))C=CC1(ON(=O)(=O))C(OO),-6.510439612713526,-6.465374
C(=O)(O)C1(ON(=O)(=O))OC1(ON(=O)(=O))C(O)C(=O),-5.6198167585534975,-3.9447806
C(=O)(O)C(ON(=O)(=O))(C(ON(=O)(=O)))OOC(=O)C(O)C(=O),-7.243074184298166,-5.6917844
C(OO)C(=O)C(OO)OC(=O)C(N(=O)(=O))C(=O)(OON(=O)(=O)),-6.365735931933159,-5.253794
C(=O)(O)C(OO)C(=O)OOC(O)(C(=O)(N(=O)(=O)))C(=O),-8.32455627436866,-7.4623423
C(=O)C(=O)C(O)(O)C(=O)OC(=O)C(=O)C,-5.860554190032417,-7.0037355
C(=O)(O)C(O)C1(C(=O)(OON(=O)(=O)))OOC(C1(O)(O))C(=O),-9.933720759407151,-10.774157
C(=O)(N(=O)(=O))C1(O)OC1(C(=O))C(OO)C(O)C(=O),-8.999219026518404,-10.290245
C(=O)(OO)C1OOC(=O)C=C(C1(OO))C(=O),-8.188959304170567,-8.778751
C(O)C(ON(=O)(=O))(C(=O)(OO))C(O)C1OC1C(=O)(OON(=O)(=O)),-7.43043761496665,-8.111755
C(ON(=O)(=O))C1(OO)OC1C(=O)(OO),-4.814866544213146,-5.5104847
CC(=O)C1OC1(OO)C(=O)C(=O)(OON(=O)(=O)),-3.06973757976084,-4.5305905
C2(OO)C(ON(=O)(=O))C(OO)C(C1(O)C(=O)(OO))OOC12,-10.262461525548133,-11.45303
C(=O)(OO)C1OC1(ON(=O)(=O))C(=O)C(O)C(=O),-5.810012491507223,-6.4898767
C(=O)(OO)CC(=O)C1(OO)OC1(O)C(=O),-7.291209422808606,-7.1788244
C(ON(=O)(=O))C(=O)C(ON(=O)(=O))C(=O)C(OO)(C)C(OO),-6.547326419633464,-6.5651493
C(=O)(OON(=O)(=O))C1OC1(OO)C=C(C(OO))C(=O),-6.722992514638463,-6.4779453
C(=O)(O)C(O)(O)C1OC1C(O)(C(O))C(=O),-9.988302690675482,-8.665702
C(=O)(O)C(O)(ON(=O)(=O))C(O)(O)C(=O)C(=O)C(=O),-8.183262236590963,-7.4064503
C1(O)(O)C2(N(=O)(=O))OOC1(O)C(N(=O)(=O))(OO)C(O)C2(OO),-9.901032964480692,-10.083158
CC(=O)C(ON(=O)(=O))CC(C(O))C(O)(C)C(ON(=O)(=O)),-7.691360576995066,-8.375819
CC(OO)(C(O))C(C(=O))C(=O)C(=O)(O),-8.36699972799397,-9.637804
C1(=O)C(=O)OOC1(C(=O)(OO))C(ON(=O)(=O))C(=O)(OO),-6.367771635166719,-7.1137843
CC(=O)C(O)C(O)(C)C(=O)C(=O),-4.5038152236666065,-4.9418025
C(=O)(O)C(=O)OC(OO)C(=O)CC(=O)(OON(=O)(=O)),-6.508831391489366,-6.668189
C(ON(=O)(=O))C(OO)C(C)(C)C(=O)C(OO),-6.286336502977065,-7.077615
C12CC(C2(ON(=O)(=O))C)CC(=O)C1(O)C,-4.524089083206491,-3.9960501
C(O)C(=O)C=C(N(=O)(=O))C1(OO)OC1C(=O)(OON(=O)(=O)),-7.292303091337089,-7.1395383
CC(O)CCC(=O)C(O)C(=O)CC(=O)(OO),-9.927143109656754,-10.441141
C(=O)C(OO)C(OO)OOC(=O)C(=O),-5.93225326781976,-5.710584
C(=O)(OON(=O)(=O))C(=O)OOC(C(=O)(OON(=O)(=O)))C(O)C(=O),-4.213253042602446,-4.1540275
C(=O)C(=O)C1(O)OC1(C(=O))C(O),-5.23733998456737,-5.6221075
C1(O)(O)C(C(=O))OOC1(C(ON(=O)(=O)))C(=O)C(=O),-7.2468019429798005,-7.432708
C(=O)(OO)C(O)C(O)C(=O)C(=O)C(=O),-7.337585619286983,-7.9181204
C(=O)(O)C(=O)OC(OO)(C)CC(=O),-6.383106044013402,-7.0046754
C1(O)(O)C(N(=O)(=O))(C(=O)(OO))OOC1(O)C(O)C(=O),-8.73016189756163,-14.365669
C(=O)(N(=O)(=O))C(=O)C1OC1C(=O)C(OO),-4.687459355918691,-4.6028757
C(=O)(O)C(=O)C(=O)C(ON(=O)(=O))(C(OO))C(=O)(OO),-7.3697647860244615,-7.6710677
C(=O)(OON(=O)(=O))C(N(=O)(=O))=C(OO)C1(C)OC1C(=O),-5.8974925546499435,-6.4172225
CC(=O)C(ON(=O)(=O))CC1(OO)CC(=O)C1(C)C(=O)(O),-8.985655128533836,-10.18503
C(=O)(OON(=O)(=O))C(O)(OO)C(O)(N(=O)(=O))C(=O)C(=O)C(=O),-5.522429790667957,-6.2394495
CC2(O)C(=O)CC(ON(=O)(=O))(CC12)C1(C)C(ON(=O)(=O)),-5.564714607899077,-5.5425873
C(=O)(O)C(O)C1(C)OOC(C1(O)(O))C(=O)(OON(=O)(=O)),-9.34880808138405,-8.601574
CC1(O)C(=O)OOC1C(ON(=O)(=O))C(ON(=O)(=O))C(=O)(O),-7.1242948917497415,-7.403183
C1(O)C(ON(=O)(=O))OOC1(O)C(O)(N(=O)(=O))C(=O)C(O),-7.419481568431365,-9.015139
C(=O)(O)C(O)C1OOC(C(=O)(OON(=O)(=O)))C1(O)C(ON(=O)(=O)),-8.060293836664641,-8.016516
CC(=O)C=CC(=O)(O),-3.2286386726336787,-3.317809
CC(O)(C)C(C(=O)C(O))C(OO)C(=O)(OO),-9.530536356425728,-10.51213
C(=O)C1OC1C(C(=O)(OO))=C(=O),-5.405786719144089,-5.1104617
CC(=O)C(C)(C(OO))C(ON(=O)(=O))(C(=O)(O))CC(=O)(OON(=O)(=O)),-8.590330626437208,-8.465682
C(=O)(O)C(O)(C(ON(=O)(=O)))C(ON(=O)(=O))C(C)(C)C(=O),-7.238324268735596,-7.2002645
CC(ON(=O)(=O))(C)C(C(=O)(O))C(O)(C)C(=O)CC(=O)(OON(=O)(=O)),-7.6776339112984715,-7.5719466
CC1(C(ON(=O)(=O)))C(ON(=O)(=O))(C(=O))CC1C(=O)C(OO),-7.25071289834159,-6.60653
C12OC1(OO)C(N(=O)(=O))C(=O)C(=O)C2(O)(O),-7.253946807293687,-6.552484
CC(=O)C(OO)C(=O)C1(OO)OC1(OO)C(=O),-8.387244817582541,-8.628199
C(=O)(N(=O)(=O))C1(O)OC1(OO)C(O)C(O)C(=O)(OON(=O)(=O)),-7.732114649639698,-9.430244
C(=O)(OO)C(O)C(=O)C1(C(ON(=O)(=O)))OC1C(=O),-6.430828829717939,-6.4052677
C(=O)C(=O)C(=O)C(O),-2.117294294774183,-2.3127387
CC(=O)C(O)C(OO)C1(OO)CC(OO)C1(C)C,-10.320908379391767,-10.497746
CC1(C)C(=O)C(=O)C(ON(=O)(=O))CC1(O)C(=O),-5.368160066092969,-6.4672227
C(=O)(OON(=O)(=O))CC(=O)C(OO)(C)C(O)C(=O),-6.036102976140683,-6.329422
C(=O)(OO)C(=O)C(O)(C(ON(=O)(=O)))C1OC1C(=O)(OON(=O)(=O)),-6.216220383896143,-5.476204
C(O)C(ON(=O)(=O))CC(OO)CCC(OO),-8.90666821639752,-8.381884
C1(=O)OC1(C)C(=O)C(OO)C(=O)C(=O),-4.6002503261115635,-4.1284556
CC(=O)C(O)C(OO)C(C(ON(=O)(=O))(C)C)CC(=O),-8.630673317878973,-8.533436
CC(=O)C(=O)CC(ON(=O)(=O))C(O)CC(=O),-5.984928622565349,-5.9539385
C(=O)C(ON(=O)(=O))C1(C(O))OOC(=O)C1(O)(O),-8.402824670163682,-7.398149
CC(O)CC(ON(=O)(=O))C(OO)CC(O),-7.770780264298082,-8.541911
CCC(O)CCC(=O)CCC(OO)C,-6.124782399419928,-6.432534
CC(O)(C(=O)(N(=O)(=O)))C(O)C(=O)(OO),-5.6677215921808966,-7.774917
C(=O)(OO)C(=O)C1(O)OC1(ON(=O)(=O))CC(=O),-5.717893486245885,-6.9627867
C1(=O)OC1C(=O)C(C(=O)(O))C(OO),-7.5440811641310574,-6.398815
C(O)C(C(=O)(O))=CC(=O)(O),-7.690716900659027,-8.309495
C(O)C1(OO)OC1(OO)CC(=O)(O),-9.232745749613969,-8.859269
C(=O)C(=O)C(O)(O)C(N(=O)(=O))(OO)C(OO)C(=O)C(=O),-9.574501972121652,-8.955597
C(=O)(O)C(OO)OC(=O)C(=O)CC(=O)C(=O)(OON(=O)(=O)),-7.045641383054317,-6.980408
C(ON(=O)(=O))C1(OO)OC1(ON(=O)(=O))C(=O)C(=O),-3.530931741493987,-3.2143674
C(ON(=O)(=O))C1(OO)OOC(OO)(C(=O)(OO))C1(O)C,-8.613087334335432,-7.9817457
C(=O)(N(=O)(=O))C(=O)C(C)(C(=O)(OO))OOC(=O),-4.229261884858715,-5.3645062
CC(=O)CCC(OO)C(OO)CCC(O),-10.042213874432491,-10.143585
CC(OO)(C(=O)(N(=O)(=O)))OOC(=O)C(=O),-3.7431545903382357,-3.4624329
C(=O)(O)C(=O)OOC(C(=O))C(O)(C(=O)(O))C(=O),-9.850452932485496,-10.063322
C(=O)(OO)C(N(=O)(=O))=C(OO)C1OC1(C)C(=O)(OON(=O)(=O)),-7.582015779189533,-8.124775
C1(O)(O)C(O)(C(=O)(OON(=O)(=O)))OOC1(O)C(=O)C(=O),-6.320707394508645,-7.679423
CC(ON(=O)(=O))C(C)(C(=O)(OO))C(=O)C(=O)(OON(=O)(=O)),-3.835415241861483,-2.9496202
C(=O)(O)C(=O)OC(O)C(C)=C(OO)C(=O)(O),-10.704582614416722,-10.327507
CC(=O)C(ON(=O)(=O))C(ON(=O)(=O))(C(OO))C=C,-4.3281098452425795,-4.437375
C(=O)C(O)C(=O)C(ON(=O)(=O))(C(ON(=O)(=O)))OC(=O),-4.7159737244510325,-3.1662054
C1(O)C(OO)(C(=O)(OO))OOC1C(=O)C(=O),-8.019803505623713,-7.661992
C(OO)C(O)C(C)(C(OO))C(=O)C(=O),-8.499922954390058,-8.043003
C(O)C(OO)C(OO)(C(ON(=O)(=O)))C=C,-6.518132145356503,-6.802505
C(O)C1(C(=O)(O))OC1C(O)C(=O)(OON(=O)(=O)),-7.440861910392414,-7.181361
C(=O)(O)C(OO)C(O)(C(=O)(OON(=O)(=O)))C1OC1C(=O),-8.433699423520011,-8.701312
CC(O)C(ON(=O)(=O))CC(=O)CC(=O)C(OO)C(=O)C,-8.715374041697942,-9.70256
C(=O)(N(=O)(=O))C(=O)OC(OO)(C(OO))C(ON(=O)(=O))C(=O),-6.375650523827062,-6.4994807
CC(=O)C(OO)C(O)(C)C(=O)(O),-6.868949991607224,-6.7969728
CC(=O)C(C)(C)C(ON(=O)(=O))(C(=O)(OO))CC(=O)(O),-7.292598440137226,-6.860656
CC(=O)CC(C(ON(=O)(=O))(C)C)C(=O)C,-3.8107458114100154,-3.6314754
CC(OO)(C(O))C(C(=O)(O))CC(=O)C(ON(=O)(=O))(C)C(=O)(OON(=O)(=O)),-10.737938865815522,-9.747075
C(=O)(OO)C(=O)C(O)C1OC1(C(OO))C(=O),-8.71854845766211,-9.406231
C(=O)(O)C(O)C(OO)C(OO)OC(=O)C(=O),-10.560282235397608,-10.090038
C(=O)(O)C(=O)OOC(N(=O)(=O))(C(=O)(OO))C(=O),-6.3464482927374775,-7.1667347
C(=O)(O)C(C(=O)(OO))C1(ON(=O)(=O))OC1(ON(=O)(=O))C(=O),-6.678426961268997,-7.2469163
C(=O)(O)CC(=O)CC(OO)C(=O)CCC(ON(=O)(=O)),-9.944999389685108,-10.527825
CC(=O)C(=O)C(O)C1(OO)OC1C(=O)(OON(=O)(=O)),-4.9657901772879995,-3.8658843
C(O)CCC(=O)CC(=O)CC(=O)CC(=O)(O),-9.9173781365389,-9.317308
C1(=O)OC1(C)C(O)C(OO)C(=O)(O),-8.463015395594994,-7.0670924
CC(=O)C(=O)OC(=O)C(N(=O)(=O))=CC(=O)(O),-5.664370323254843,-4.942106
CC1(C(=O)(OO))OOC(C1(O))C(OO)C(=O)(OON(=O)(=O)),-8.3381124107691,-7.224789
CC(=O)CCC(=O)CC(=O)C(ON(=O)(=O))CC(ON(=O)(=O)),-6.658619557812926,-6.617929
C1(O)(O)C(N(=O)(=O))(C(=O)(O))OOC1(C)C(=O)(O),-9.087563122520805,-7.986048
CC(=O)C(OO)(C(ON(=O)(=O))(C)C(ON(=O)(=O)))CC(=O)C(=O)(OO),-7.82319461327279,-9.717985
C1(OO)OC1(C(=O))C(=O)C(O)C(=O),-5.696237156371353,-4.8521094
CC(OO)(C)C(CC(=O)(OO))C(ON(=O)(=O))(C(O))C(=O),-9.301462448944221,-7.9033003
C(=O)(O)C(=O)OC(OO)C(=O)CC(=O)C(ON(=O)(=O)),-7.654078686304274,-9.207611
C(=O)(O)C=C(OO)C1(C)OC1C(=O)(O),-9.518784796877299,-6.346132
CC(=O)C(ON(=O)(=O))C(=O)C(C(OO))C(C)(C(O))C(=O)(OON(=O)(=O)),-8.160380926114158,-8.020501
C(OO)C(=O)C(O)(C(=O)(OO))OOC(=O),-7.08132397972804,-6.2739167
C(=O)(O)C(O)C(=O)OC(OO)C(=O)(OON(=O)(=O)),-6.412601308620651,-6.291648
CC(OO)(C)C(C(ON(=O)(=O)))C(=O)C(=O)C,-4.693261952677858,-4.8782144
C1C(OO)C(=O)C1(C)C,-2.213572828535689,-1.471019
C12OC1(O)C=C(C(ON(=O)(=O)))C(=O)C2(O)(O),-7.729166164441267,-7.1639233
C(=O)(O)C(=O)C(OO)(C(ON(=O)(=O)))C(=O)OC(=O),-6.047166348784231,-6.1130795
C12OOC(O)(C1(O)C)C(OO)C(OO)C2(O),-10.820407988852821,-9.830315
CC(O)CC(ON(=O)(=O))C(=O)CC(O)CC(ON(=O)(=O))C,-9.075231129172607,-9.789345
C(=O)C(=O)C(ON(=O)(=O))C1OC1(O)C(=O),-3.939789904121426,-5.6325536
CC(=O)C(ON(=O)(=O))CC(O)CCC(=O),-6.025942454070901,-6.460033
C(=O)(O)C(=O)C(OO)OC(=O)C,-5.354861481042462,-5.9995413
CC(O)CCC(=O)C(O)C(=O)CC(=O)C,-7.1751024402619805,-6.04091
CC(ON(=O)(=O))(C(ON(=O)(=O)))C(C(=O)(OO))C(OO)C(=O)C(=O)C,-7.424824644884211,-5.822318
C(OO)C(=O)C(C(=O))C(C)(C)C(ON(=O)(=O))C(=O),-6.810970145103056,-6.3982463
C(=O)(O)C(=O)C(OO)(C)OC(=O)C(=O)(OO),-8.068363629790838,-8.662607
CC(=O)CC(O)C(ON(=O)(=O))CC(=O)CC(=O)C,-6.980136667538318,-6.901845
C(=O)(N(=O)(=O))C1OC1C(OO)(C(=O)(OO))C(O)C(=O)(O),-10.649957370580523,-9.375709
C(=O)(O)CC(=O)C(=O)OC(=O)C(=O)C,-5.180910191425937,-4.6091437
C(O)C(=O)OC(=O)C=C(=O),-2.3971289984474424,-3.5056765
C(=O)C1(OO)OC1(O)C(ON(=O)(=O))(C)C(ON(=O)(=O))C(=O),-6.362003632064443,-6.733497
C(OO)C(OO)C1(O)OC1(N(=O)(=O))C(=O),-7.5686953764088685,-8.295186
CC(OO)(C)C(ON(=O)(=O))(C(=O)(OON(=O)(=O)))CC(=O)C(=O)C(O),-7.028399529808667,-7.863909
C(=O)(OO)C(=O)C1OOC(C(=O)(O))C1(O)C(=O),-8.989216892674449,-9.716008
C1(=O)C(O)C(OO)C(ON(=O)(=O))(C)OOC1C(=O)(O),-8.850459606415825,-8.645071
C1(O)(OO)C(C(=O)(O))OOC1(C(=O)(O))C(ON(=O)(=O))C(=O),-11.331284053449053,-9.898064
C(=O)(OO)C(O)C1(ON(=O)(=O))OC1(C)C(=O)(OON(=O)(=O)),-4.4189934989699395,-5.059536
CC(ON(=O)(=O))(C(ON(=O)(=O)))C(C(=O)(O))CC(=O)(OO),-7.322372672744677,-7.4895906
C(=O)(OO)C(ON(=O)(=O))C(=O)C(OO)(C(ON(=O)(=O)))OC(=O),-6.666216943092877,-6.650179
CC(=O)C1(O)CC(ON(=O)(=O))C1(C)C(OO),-6.3627559638698585,-6.5969048
C(=O)(O)C(O)C(=O)C(C)=CC(=O),-6.619201571535086,-7.341965
C(=O)(N(=O)(=O))C1(OO)OC1C(ON(=O)(=O))(C(O))C(O)C(=O)(O),-10.660873892949894,-10.533748
C(O)CCC(ON(=O)(=O))C(OO),-5.078986953798449,-5.4509892
C1(O)(N(=O)(=O))C(OO)(C(=O)(O))OOC1(C(O))C(=O)C(=O),-10.736398296503467,-10.282253
CC(=O)C(=O)C(ON(=O)(=O))C(ON(=O)(=O))C(=O)(OO),-4.351509760323097,-3.2170448
CC(ON(=O)(=O))(C(=O)(O))OOC(C(=O)(O))C(ON(=O)(=O)),-7.282514520004042,-7.6988153
C(=O)(OO)C1(OO)OC1C(OO)(C)C(O)C(=O),-9.92772212557611,-13.054342
CC(=O)C1(ON(=O)(=O))OC1(ON(=O)(=O))C(OO)C(=O)(O),-5.943860402636346,-6.396553
CC(=O)C(=O)OOC(O)(C(N(=O)(=O))(OO))C(=O)(OON(=O)(=O)),-5.206338382966351,-5.6645837
C(=O)(N(=O)(=O))C(=O)C(O)(C)C(=O),-2.6173213512229268,-0.43807852
C2(=O)C(N(=O)(=O))=CC(C1(O))OOC12C(=O)(O),-8.296528405393474,-9.047765
CC(=O)C1CC(C(OO))C1(C)C(=O)(OON(=O)(=O)),-5.22756749256223,-6.0454755
CC(OO)C(=O)CC(OO)(C(=O)(OON(=O)(=O)))C(=O),-6.423856823472306,-5.7138505
C(OO)C(=O)C(O)(OO)C(ON(=O)(=O))C1OC1C(=O),-8.70952209099778,-9.972181
CCCC(ON(=O)(=O))C(ON(=O)(=O))CC(=O)C(OO)C(=O)C,-6.730760665857815,-6.5741334
C(=O)(OO)C1OC1(O)C(=O)C(ON(=O)(=O))(C)C(=O),-5.828297301472048,-4.743581
CC(=O)CCC(O)C(OO)C(=O)CC(O)C,-10.110312864839216,-10.245067
C(=O)(O)C(O)C(OO)(C)C1(N(=O)(=O))OC1(O)C(=O),-10.468879417763674,-11.190777
C(OO)CC(ON(=O)(=O))C(O)C(=O),-5.822251288525877,-5.4149666
C12OOC(OO)(C1(O)C(=O)(OON(=O)(=O)))C=CC2(=O),-5.767192911182065,-6.189718
C(=O)(O)C(=O)C(O)(C)C(OO)C(ON(=O)(=O))OC(=O),-8.396258002670947,-8.229191
C(=O)(O)C(=O)OC(OO)(C(O))C(ON(=O)(=O)),-7.940136161138071,-7.5417147
C(ON(=O)(=O))C(=O)C(C)(C)C(OO)(C)C(=O)(OON(=O)(=O)),-4.673103606372024,-4.5856977
C1(=O)OC1C(O)(C)C(=O)C(=O)(OON(=O)(=O)),-3.0411107802501647,-3.283952
C(=O)(O)C1OC1(C)C=C(OO)C(=O)(OO),-9.238403427094454,-6.7984896
C2(O)C(ON(=O)(=O))C(=O)C(C1(O)C(=O)(OO))OOC12,-7.850552029965911,-8.579693
CC(=O)C(=O)OOC(C(O)(N(=O)(=O)))C(=O)(OO),-6.350209702912252,-6.769644
CC(C)(C(=O)(OON(=O)(=O)))C(C(=O))CC(OO)C(=O)(O),-8.455804175275262,-8.668212
CC(O)CCC(=O)C(ON(=O)(=O))CC(=O)(O),-7.585045186337084,-7.8537745
C(=O)(O)C(O)C(ON(=O)(=O))(C(=O)(OO))C1OC1C(=O)(OON(=O)(=O)),-8.118225239828462,-7.9017744
C12OOC(C1(O)C(ON(=O)(=O)))C(=O)C(=O)C2,-5.770443781657377,-7.4093976
C1C(N(=O)(=O))(ON(=O)(=O))C(O)(C(=O)(OO))OOC(=O)C1(=O),-5.371611842609127,-4.9065213
C(=O)(O)C(=O)OC(O)C(C(ON(=O)(=O)))=CC(=O)(OO),-9.764452430754318,-11.9036045
C(ON(=O)(=O))C(=O)C(OO)C1OOC(O)(C1(O))C(=O),-8.510744889645139,-8.1930065
CC(OO)(C(=O)(O))OC(=O)C(N(=O)(=O))C(=O)C(=O),-6.985978697382961,-6.6099677
C(=O)(OO)CC(ON(=O)(=O))C(O)(C)C(C(=O))C(=O)C(O),-9.739946491186856,-12.789853
CC1(O)C(=O)OOC(O)(C(=O)(OON(=O)(=O)))C(=O)C1(=O),-4.934037264683866,-4.6098237
CC(=O)CCCC(=O)CC(OO)C(O)C,-7.902273097643047,-8.1221075
C(=O)(O)CC(ON(=O)(=O))C(ON(=O)(=O)),-4.065182045218535,-3.9796107
C(=O)(O)C1OC1(O)C(=O)C(N(=O)(=O))(OO),-7.139712100091856,-8.100518
C(=O)(OO)C(O)(C(=O))OOC(=O)C(O)(C)C(=O),-8.552241523415432,-7.294468
C1(=O)OC1C(=O)C(O)(C(ON(=O)(=O)))C(=O)(OON(=O)(=O)),-3.1547026260232087,-2.997834
CC(ON(=O)(=O))(C(=O))C(C(=O)(OO))C(C)(C)C(=O),-5.674083069432527,-5.933023
C(=O)(O)C(=O)C1OOC(C1(O))C(OO)C(=O),-9.99418461760797,-11.091188
C(=O)(O)C1OC1(OO)C(O)(N(=O)(=O))C(=O),-7.452162854402559,-7.770196
CC(O)(C(=O)(OON(=O)(=O)))C(C(OO))C(ON(=O)(=O))(C)C(=O),-7.07980123811285,-6.2587767
CC1(C)C(=O)C(OO)(C)C(=O)CC1(OO)C(=O),-7.64306523182313,-7.015006
C(=O)(OO)CC(=O)OC(=O)C(=O)C(=O),-4.363733909529401,-5.0366907
C(=O)(O)C(=O)C(OO)C(O)C1OC1C(=O)(O),-11.569869920203928,-11.069937
C(=O)(O)C=CC1OC1(C(ON(=O)(=O)))C(=O),-6.613762035325635,-4.7167635
C(O)C(=O)CC(C(=O)C)C(ON(=O)(=O))(C)C(OO),-8.144250633064075,-9.0754595
C(=O)(O)C(=O)C(=O)C(ON(=O)(=O))(C(=O)(O))OOC(=O),-6.881079023514758,-6.4697957
CC(=O)C(N(=O)(=O))(OO)C(=O)C(=O),-2.9195284517481923,-2.670602
CCCCC(ON(=O)(=O))CC(OO)CCC,-4.104162529605674,-3.891719
CC(=O)C(=O)OOC(ON(=O)(=O))(C)C(OO)C(ON(=O)(=O)),-5.5016974173049675,-5.5032806
C(ON(=O)(=O))C(=O)C1OC1C(=O)C(OO)C(=O),-5.90438780792465,-7.2028055
C(=O)C(=O)C(O)(OO)C1OC1(ON(=O)(=O))C(=O),-4.925363676826237,-4.1103897
CC(OO)(C)C(O)(C(O)(C)C(=O)(O))CC(=O),-10.449438694689889,-11.50853
C(=O)(OO)C(=O)C(=O)C(OO)C(O)C(=O)(OON(=O)(=O)),-6.497039977854001,-7.0223365
C2C(=O)C(OO)(C)C(OO)(C(OO)C12)OOC1(C)C,-9.34478342361399,-9.303382
CC(C(=O)(O))C1(OO)OC1(OO)C(=O)(OO),-9.985363175481325,-8.760382
CC(C)(C(=O)(OO))C(OO)C(ON(=O)(=O))C(=O),-6.25567630805017,-5.752681
C(=O)(OO)C(=O)OC(O)C(C(=O)(OON(=O)(=O)))=CC(=O)(O),-8.542503541451879,-10.203634
C1C(ON(=O)(=O))C(O)(C)C(OO)CC1C(=O)(O),-9.618966188572813,-8.660043
C1(O)(N(=O)(=O))C(=O)OOC1(O)CC(=O)C(=O)(OON(=O)(=O)),-4.728513863767148,-4.9529853
C(=O)(O)C=CC1(C(=O)(OO))OC1(OO)C(=O),-9.589652806302183,-8.035814
C(=O)(OO)C=CC(=O)(OO),-4.245592867009691,-6.6961417
CC(=O)C(OO)C(OO)C(OO)C(ON(=O)(=O)),-8.193950134431361,-8.311079
C(ON(=O)(=O))C1(ON(=O)(=O))OOC(OO)(C1(=O))C(=O)C(=O),-4.030164751631673,-4.405313
C(=O)C(O)C(=O)C(OO)(C(ON(=O)(=O)))C(O)C(=O),-8.175822091085138,-9.488747
CC1(C)OOC(C(ON(=O)(=O))(C)C(=O)(OON(=O)(=O)))CC1C(=O)(OO),-5.955432255999767,-7.7647934
C(=O)(O)C(=O)OC(O)C(C(OO))=CC(=O)(O),-11.00391052494524,-11.541536
C(=O)(OO)C1(ON(=O)(=O))OC1(O)C(=O)(OO),-5.4835284770524595,-4.048364
C(O)C(ON(=O)(=O))(C(=O)(O))C(OO)OC(=O)C(=O)(OON(=O)(=O)),-7.812236377125373,-8.019211
C(=O)C(=O)C(=O)C(OO),-2.3082367809984135,-2.4780777
CC(=O)C(ON(=O)(=O))(C(OO))C(=O)C(OO),-6.247244442885858,-5.3500447
C(O)C(ON(=O)(=O))(C(=O)(OO))C(C(=O))C(=O)C(ON(=O)(=O)),-6.255699267378077,-6.6402726
CC(=O)C(=O)C(C)(C)C(C(ON(=O)(=O)))C(ON(=O)(=O))C(=O)(OO),-6.317605034841108,-4.7460113
C1(ON(=O)(=O))OC1C=C(OO)C(=O)C(OO),-6.279978572143591,-6.2518992
C(ON(=O)(=O))C(O)(C(=O)(OO))C(OO)C(=O)OC(=O),-7.034552075478132,-7.279127
C(O)C(=O)C(O)C(=O)C(O)(OO)C(=O)OC(=O),-9.363558897253824,-10.786058
C(=O)CCC(=O),-0.6630745493021095,-0.8055301
C1(OO)OC1(C(=O)(OON(=O)(=O)))C(=O)C(O)C(=O)(OON(=O)(=O)),-4.146787347941427,-3.908454
CC(=O)C(=O)OOC(C(=O)(OON(=O)(=O)))CC(=O)(O),-5.937390996667091,-6.0388713
CC(=O)C(C(OO)(C)C(O))C(O)C(=O)(OON(=O)(=O)),-7.41083911980968,-8.483137
C(=O)OC(ON(=O)(=O))C(OO)(C(=O)(OON(=O)(=O)))C(O)C(=O),-5.988479748702957,-6.8535886
C(=O)(OON(=O)(=O))C(ON(=O)(=O))(C(=O))C(C(=O)(O))OOC(=O),-5.056603624805575,-5.776927
CC1(C)C(=O)CC1C(O)(C(OO))C(=O)(OO),-7.886459740475402,-6.090617
C1(OO)C(=O)C(OO)C(=O)OOC1C(=O)(O),-8.725004448089749,-9.646415
C(=O)(O)C(=O)C(OO)OC(=O)C(=O)C(OO),-8.554773134848801,-8.563385
C(=O)(O)C(=O)OC(=O)C(ON(=O)(=O))C(=O)(OON(=O)(=O)),-3.462874482560437,-3.5714362
CC(C(=O)(OO))C(C)(C)C(OO)CC(=O)(OO),-8.049951514476561,-7.3842783
CC1(C)C(ON(=O)(=O))CC(=O)C(O)(C)C1(OO)C(=O)(O),-8.908496257834486,-9.759794
C(=O)(O)C(ON(=O)(=O))C(=O)C=CC(=O)C(OO),-7.549832476026495,-8.226797
C(=O)(O)C=CC1(O)OC1C(=O),-6.606557666920708,-6.297645
C(=O)(O)C(=O)C(=O)OOC(ON(=O)(=O))(C(=O)(O))C(ON(=O)(=O)),-7.217559039461776,-6.5474877
C1(=O)OC1C(C)=C(OO)C(=O)(OON(=O)(=O)),-4.273418440803653,-2.934047
C(=O)C(=O)C1(O)OC1(C(=O)(O))C(O),-7.455169619555818,-7.635745
CC(=O)CC(OO)C(O)CC(ON(=O)(=O)),-6.785908704725443,-7.038515
C(=O)(OON(=O)(=O))C(O)(O)C1OC1(O)C(O)(N(=O)(=O))C(=O),-6.2663344574393705,-8.608104
C(=O)(OO)C1(OO)OC1(C(=O))C(=O)C(O),-7.2236162056651665,-8.146661
C(=O)(O)C(=O)C(ON(=O)(=O))C(OO)(C(=O))OOC(=O)C(=O),-7.685657316062134,-7.016018
C(=O)(OO)C(OO)C(O)(OO)C1(N(=O)(=O))OC1C(=O),-9.927856472495478,-11.042195
C(=O)(OON(=O)(=O))CC(C(=O)(O))C(O)(C(ON(=O)(=O)))C(=O),-7.536778285197215,-7.4309506
C(=O)(OO)C(ON(=O)(=O))(C(=O))C(=O),-2.5593866995041026,-3.1625235
C(=O)(O)C1OOC(C(=O)(OON(=O)(=O)))C1(O)C(=O)(OO),-7.789085552343749,-6.749644
C(=O)(O)C1OC1C(=O)C(ON(=O)(=O))C(=O)C(OO),-7.980675846425584,-8.142405
CCC(O)CCC(OO)C(=O)CC(=O)(OON(=O)(=O)),-6.918747416581027,-7.554718
CC(ON(=O)(=O))(C(=O)(O))C(O)CC(C(OO))C(=O)C,-10.208902888873126,-10.425983
C(=O)(OON(=O)(=O))C=CC1(C(=O))OC1(OO)C(=O),-5.171586944430601,-4.780279
C(=O)C(=O)C(=O)C(OO)=CC(=O)C(O),-6.9835358387063025,-8.309836
C(=O)(OON(=O)(=O))C(=O)C(O)C(O)C(OO)OC(=O),-7.225039831188042,-6.7843275
C1(O)C(=O)OOC1(C(=O)(O))C(OO)C(=O),-8.507401105103781,-9.636599
CC(=O)C(ON(=O)(=O))C(C)(C(=O)(OON(=O)(=O)))C(C(=O))CC(=O)(OO),-6.596742023350089,-6.328523
C(=O)(O)C1(O)OC1(C(ON(=O)(=O)))C(=O)C(=O),-5.514150458315271,-5.6362033
C(=O)(O)C(=O)C1(OO)OC1C(=O)(O),-7.686957675454323,-7.565738
CC(=O)C1OC1(OO)CC(=O)(O),-6.268095572697348,-6.1848655
C(=O)OOC(=O)C(ON(=O)(=O))(C)C(=O)C(=O),-2.9288326105306624,-2.1547158
C(=O)(O)C(OO)C(O)(C(=O))OOC(=O)C,-8.495501429162687,-6.66477
CC(=O)C(CC(=O)(OO))C(O)(C)C(=O),-6.599901854962809,-8.266946
C(=O)(O)C1OOC(OO)(C(ON(=O)(=O)))C=CC1(O),-9.544072439603042,-8.774763
C(=O)(OON(=O)(=O))C(O)C(OO)(C)C(O)C(=O),-6.457429440415581,-6.457874
CC(=O)CCC(O)CC(=O)CC(ON(=O)(=O))C(OO),-9.422722672941745,-10.6195755
C1(ON(=O)(=O))OC1C(=O)C(O)(C)C(=O)(OO),-4.857118248502957,-5.264708
C(O)CC(=O)C(ON(=O)(=O))CC(=O)CCC(=O)(OON(=O)(=O)),-7.0770350991078885,-8.139896
CC(OO)(C)C(ON(=O)(=O))C(ON(=O)(=O))C(=O)CC(=O)(OO),-6.9988251043105265,-6.4936433
C(O)C(C(=O)(O))(C)C(C(=O))C(=O)C,-7.223266875371337,-6.4159594
C(=O)(OO)C(ON(=O)(=O))(OO)C(ON(=O)(=O))(C)C(=O)OC(=O),-5.419291321260971,-7.448068
C2(O)(OO)C1OOC2(C(=O)(OON(=O)(=O)))C=CC1(=O),-5.954326929873787,-6.2667036
CC(=O)C(OO)C(ON(=O)(=O))(OO)C(OO)OC(=O)C(=O),-8.432014727164642,-8.189096
C1C(=O)C(ON(=O)(=O))(C)C(O)C(ON(=O)(=O))C1(OO)C(=O)C,-7.7772139550652355,-6.0145473
C(=O)(O)C(O)(O)C1OC1C(O)(C(OO))C(=O)(OON(=O)(=O)),-10.80542393604992,-12.061723
C1(=O)OC1(OO)C(ON(=O)(=O))(C)C(OO)C(=O)(OON(=O)(=O)),-5.710889864974888,-10.012316
C1C(ON(=O)(=O))C(O)(C)C(=O)C(=O)C1C(=O)C,-5.6736621632881,-5.874231
CC(=O)OOC(ON(=O)(=O))(C(=O)(O))C(=O)C(OO)C(=O)(OON(=O)(=O)),-6.846075429930352,-6.526641
CC(ON(=O)(=O))(C(=O)(O))C1CC(OO)(C(=O)(OON(=O)(=O)))C1(C)C,-7.1251381958136335,-7.135587
C(=O)(OO)C1OOC(OO)(C(=O))C1(O)C(=O),-7.648480194431613,-7.172039
C(=O)(O)C(OO)(C(ON(=O)(=O)))C1OOC(OO)(C1(O))C(=O),-11.579917569106328,-9.763752
C(=O)(O)C(=O)OC(OO)C(ON(=O)(=O))C(O)(C)C(=O)(OON(=O)(=O)),-7.759453470178414,-7.7094455
CC(=O)C(C(=O)(O))CC(=O)C(OO),-7.274508193630027,-7.759844
C(=O)(OON(=O)(=O))C(=O)C=CC(OO)OC(=O)C(=O),-5.1475603288417915,-4.7114425
C(=O)(O)C(O)C(O)C1(C(=O)(OON(=O)(=O)))OC1(ON(=O)(=O)),-6.857202577186399,-6.9968805
C1(=O)OC1(C)C=C(OO)C(=O)(OO),-7.699945073458366,-11.163118
C(=O)(O)C1(OO)OC1(OO)C(C(O))C(=O),-10.7020099646179,-10.894915
CC(OO)(C)C(ON(=O)(=O))(C(=O)C(OO))CC(=O)C(=O),-8.49711000280513,-7.3331165
C(OO)C1C(ON(=O)(=O))C(OO)C1(C)C(=O)(OO),-8.123171375555103,-9.953489
C(OO)C1(C(=O))OOC(OO)(C1(O))C(O)C(=O),-11.24537978511944,-10.812732
C(=O)(O)C(O)(N(=O)(=O))C(=O)C(OO)(C)OC(=O)C(=O)(OON(=O)(=O)),-7.252154522997444,-7.4252152
C(=O)(O)C(ON(=O)(=O))C(OO)OC(=O)C(=O)C(=O),-6.44328776418115,-5.7696657
C1(O)C(ON(=O)(=O))(C(ON(=O)(=O)))OOC1(O)C(=O)C(=O),-5.927062039176235,-6.2714906
CC(=O)C(O)C(=O)OC(=O),-2.7846292301255744,-4.1134505
C(=O)(O)C1(C(ON(=O)(=O)))OC1(O)C(OO),-7.241696257595322,-7.2088957
C1(ON(=O)(=O))C(OO)C(ON(=O)(=O))C(O)(C2(O)(OO))OOC12,-9.155518118292093,-7.911222
C(=O)(N(=O)(=O))C=C(C(OO))C(=O),-4.000895700548426,-4.655808
CC(=O)C(ON(=O)(=O))CCC(O)CC(=O)(O),-7.994649713655235,-8.809924
CC(ON(=O)(=O))(C)C(O)(C(=O)(OON(=O)(=O)))C(=O)C(OO)CC(=O),-7.1697732101456495,-6.531982
CC(=O)CCCC(OO)CCC(=O)(OO),-7.433400414069183,-6.719154
CC(OO)(C(=O))C(O)(OO)C1OC1(OO)C(=O),-9.862962758517824,-9.697134
C1(=O)OC1C(=O)C(C(ON(=O)(=O)))C(=O)(OO),-5.689950013678754,-3.7806942
CC(=O)C(=O)OOC(ON(=O)(=O))C(=O)C(=O),-2.683512335890555,-2.384155
C1(OO)C=CC(=O)OOC1(OO)C(=O)(OO),-8.68079592094,-8.681542
C(=O)(OON(=O)(=O))C(=O)OC(OO)(C(O))C(=O)C(=O),-5.212187311321031,-5.1469226
CC(O)(C(ON(=O)(=O)))C(ON(=O)(=O))CC(=O)(OO),-5.786605044704629,-6.769471
CC1C(ON(=O)(=O))C(OO)C1(C)C,-3.2140312672563596,-2.7139928
C(=O)(O)C(=O)C(OO)(C(O))C(ON(=O)(=O))C(=O)OC(=O),-8.650663960710517,-8.358081
C(OO)C(=O)C(C(OO)(C)C(=O))CC(=O),-8.766628674522508,-8.679521
C(OO)C(C(=O)(OO))=CC(OO)OC(=O),-7.946569281062693,-8.315569
C1(=O)COOC1(C(=O))C(ON(=O)(=O))C(=O),-2.8535789252637187,-2.7664962
C1(O)(O)C(N(=O)(=O))(C(=O)(O))OOC1(C)C(OO),-9.201008959091268,-8.936118
C(ON(=O)(=O))C(=O)C(=O)C(ON(=O)(=O))C(O)C(=O)(OO),-5.83299048061599,-5.7804728
C(=O)(O)C(=O)C(C(=O)(O))(C(ON(=O)(=O)))OOC(=O)C(=O),-8.343249975980143,-7.678946
C1(O)(O)C(ON(=O)(=O))(C(=O)(O))OOC1(C)C(=O)(OO),-8.419260389899136,-9.176235
C(=O)(OON(=O)(=O))C(OO)OC(=O)C(O)(C(ON(=O)(=O)))C(=O)C(=O),-5.595926232839702,-4.934608
C1(OO)OC1C(OO)=C(C)C(=O)(OO),-7.013309270332684,-7.829953
C1(=O)COOC1C(OO)C(=O)(OO),-6.1123979488620535,-4.0804534
C(=O)C(=O)C(OO)C(=O)OOC(=O)C(=O),-4.644607659633039,-3.9418492
CC(=O)OOC(C(=O)(O))C(OO)C(=O),-7.154591457598144,-7.1473722
C(O)C(OO)(C(=O)(O))OC(=O)C(O)C(=O),-10.659552615674329,-10.673043
C(=O)(O)C(O)(C(=O)(O))OOC(ON(=O)(=O))(C)C(=O)(OON(=O)(=O)),-7.713012816791888,-7.587512
C(=O)(OO)C(OO)=C(C(=O)(O))C1OC1C(=O),-10.113070521474583,-9.405004
C1(O)C(ON(=O)(=O))OOC1(C(OO))C(O)C(=O),-7.786490322541795,-8.303155
C(=O)(O)C(OO)C(O)(C(=O)(OO))C(=O)(OON(=O)(=O)),-7.448282838304294,-7.535027
C(=O)C(ON(=O)(=O))C(C)(C(=O))C(OO)C(=O),-5.841247413220117,-5.9634733
C(=O)C(=O)C(OO)=CC(=O),-3.4567352631274844,-3.8279428
C(=O)(OO)C(OO)C(=O)C1(C)OC1(ON(=O)(=O))C(=O)(OON(=O)(=O)),-5.456224859692156,-5.2973576
C(=O)(O)C(O)CC(C(=O)(OON(=O)(=O)))C(OO)(C)C,-8.061890181910712,-8.793814
C(O)CCC(=O)CC(OO)C(=O)CCC(O),-11.720425463165157,-11.307582
C(O)C(=O)C(OO)C(OO)OOC(=O)C(=O),-8.851500150703941,-8.812471
C(=O)(O)C(N(=O)(=O))(OO)OC(=O)C(O)C(ON(=O)(=O))C(=O),-8.900004319933942,-8.680923
CC(C(=O))OOC(=O)C(N(=O)(=O))(OO)C(=O),-5.010069369192934,-4.7012935
CC(OO)(C(O))C(=O)CC(=O)C(O)(C)C(=O)(OON(=O)(=O)),-8.46443167324469,-7.231023
C(=O)(O)C(ON(=O)(=O))C(C(=O)(OO))OOC(=O)C(=O),-7.810514490411151,-6.708093
CC(C(=O)(O))(C(=O)(O))C(OO)CC(=O)(OON(=O)(=O)),-8.906348384858575,-8.964634
C1(O)C=CC(C(=O)(O))(C(=O)(O))OOC1(=O),-9.300299512426136,-8.911375
CC(OO)(C(=O))C1(ON(=O)(=O))OOC(=O)C1(O)(O),-6.83430073854106,-5.901468
CC(=O)C1(O)OC1C(ON(=O)(=O))C(ON(=O)(=O))C(=O)(OO),-6.434198467686656,-7.6654587
C(=O)(OO)C(OO)C1(C)OC1C(=O)(OON(=O)(=O)),-5.533689552481519,-5.7112236
C(ON(=O)(=O))C(=O)OC(=O)C(O)(O)C(=O),-5.077105585049139,-3.7080097
C(=O)(O)C1(OO)OC1(C)C(OO)C(O)C(=O),-10.518728267561528,-11.557974
CC(ON(=O)(=O))(C)OOC(CC(=O)(O))C(OO)(C)C(=O),-8.60258515473106,-8.097604
C(=O)(O)C(O)CC(=O)C(ON(=O)(=O)),-5.9507521398045355,-6.557843
C1(OO)OC1(C(=O))C(=O)C(=O)(O),-5.149613587374915,-6.1406555
C(=O)(O)C1OC1(C)C(ON(=O)(=O))C(=O)C(=O)(OON(=O)(=O)),-4.903100296534831,-4.735233
C(=O)(O)C1(OO)OC1C(ON(=O)(=O))C(O)(C(=O)(O))C(=O)(OON(=O)(=O)),-10.038575612430577,-9.759291
C(=O)(N(=O)(=O))C1(OO)OC1C(=O)CC(=O)(O),-6.976076226274017,-6.5380697
C(=O)(N(=O)(=O))C(=O)C1(C(ON(=O)(=O)))OOC(C1(O))C(=O),-5.981394044996705,-5.9843717
C1(=O)OC1C(ON(=O)(=O))(C(O))C(ON(=O)(=O))C(=O)C(=O)(O),-6.910149154427927,-7.0504284
C1(=O)C(O)OOC1(OO)C(ON(=O)(=O))C(=O)(OON(=O)(=O)),-4.45585999157629,-4.272298
C(=O)(O)C(OO)C(C)(C)C(ON(=O)(=O))C(ON(=O)(=O))(C)C(=O),-7.855800657926011,-7.222243
C(=O)(O)C(O)(N(=O)(=O))C(OO)C1(C)OC1C(=O)(O),-10.729630008921959,-11.152385
C(=O)(OON(=O)(=O))C(O)(C(=O))OOC(=O)C(=O),-3.315234503868851,-3.2514186
C(=O)(OON(=O)(=O))C(=O)OC(OO)(C)C(O)C(=O)C(=O),-5.562034900140134,-4.8333645
C(ON(=O)(=O))C(OO)C(C)(C)C(ON(=O)(=O))(C)C(=O),-5.613451012963196,-5.696832
CC(=O)C1CC(OO)(C(ON(=O)(=O)))C1(C)C(=O)(OON(=O)(=O)),-5.89524954042281,-6.154259
CC1(C)C(OO)CC(=O)C(ON(=O)(=O))(C)C1C(=O)(O),-8.053490041027544,-8.056319
CCCC(=O)CC(=O)C(ON(=O)(=O))C(OO),-5.274678594752913,-5.204092
C(OO)C(=O)OC(=O)C(=O)C(=O)C(=O)(OON(=O)(=O)),-3.305182850366691,-3.0423977
C(=O)C(ON(=O)(=O))C(O)(C)OOC(=O),-4.055890082890983,-4.233479
CC(ON(=O)(=O))(C)C(C(=O)(O))C(OO)C(=O)C(=O)C,-7.4256509469560115,-7.1614184
CC(OO)(C(=O)(O))C(C(=O))CC(=O)(OON(=O)(=O)),-7.271575840684818,-7.718368
CC(ON(=O)(=O))CCC(O)CC(=O)C(ON(=O)(=O))CC(=O),-7.980188023138908,-8.590659
C(O)C(ON(=O)(=O))C(C(O))(C)C(=O),-5.253654147076304,-6.124194
C(=O)(OO)C1(OO)OC1(C)C(=O)C(OO)C(=O),-8.10424685923499,-8.842619
C(=O)(OON(=O)(=O))C(ON(=O)(=O))C(C)(C)C(C(=O))C(=O)C,-3.960505741168163,-3.5185769
C12OOC(ON(=O)(=O))(C1(O)C(=O)(OO))C(=O)C(=O)C2,-6.448579064177466,-7.9343963
C(=O)C(=O)C1(O)OC1(OO),-3.8990335959970253,-1.0261105
C(O)C(=O)C1C(ON(=O)(=O))C(OO)(C1(C)C)CC(=O),-8.133021572270081,-9.614648
CC(=O)C(C(ON(=O)(=O))(C)C(O))C(ON(=O)(=O))C(=O)C(O),-7.283574069137103,-8.40616
C(=O)(O)C(=O)OOC(=O)C(ON(=O)(=O))C(O)C(=O)(OON(=O)(=O)),-6.351809975370998,-6.2149587
C1(OO)OC1C(=O)CC(=O)C(O),-6.160073835126241,-7.592174
CC(O)(C)C(ON(=O)(=O))(C(=O)C(O))C(OO)C(=O)(OON(=O)(=O)),-7.54102636029711,-6.908258
C(=O)C(=O)C(C1(O))OOC1(C(=O))C(=O),-5.379236228647642,-5.762002
C1(=O)OC1(OO)C(C(=O))=CC(=O),-6.408675015569315,-9.151885
CC(=O)CCCC(ON(=O)(=O))C(=O)CC(=O)(OON(=O)(=O)),-5.135555419503362,-5.961455
CC(OO)C(ON(=O)(=O))CC(=O)CC(O)CCC(OO),-11.455693255193182,-12.071736
CC(=O)OOC(C(OO))C(=O)(OO),-5.731773619627347,-5.148103
CC(=O)CCC(OO)CC(=O)CCC(=O)(OON(=O)(=O)),-7.0631881087319925,-7.695129
C(O)C(=O)C(ON(=O)(=O))C(OO)(C)C(ON(=O)(=O)),-5.558568705600919,-6.1345935
C(=O)(N(=O)(=O))C1(OO)OC1(O)C(=O),-4.15498554307851,-4.113958
C1(=O)C(=O)C(OO)C(=O)OOC1(ON(=O)(=O))C(=O)(O),-5.839171442348743,-5.9138446
CC(=O)C(OO)=CC1OC1C(=O)(OO),-7.876486188499257,-8.609476
C1(O)(OO)C(=O)OOC1C(ON(=O)(=O))C(=O)(OON(=O)(=O)),-4.515398201503558,-3.967871
C(=O)(O)C1OC1(N(=O)(=O))C(ON(=O)(=O))(OO)C(=O),-6.424350713801687,-5.972553
CC(C)(C(=O))C(C(=O))C(=O)C(ON(=O)(=O))C(=O),-4.595999715558719,-4.190741
C(=O)(O)C(=O)OOC(C)(C(=O)(O))C(O)C(=O),-9.926354479015572,-10.089154
CC(ON(=O)(=O))(C)C(OO)CC(=O)C(C)C(=O),-6.286736399124493,-5.6985273
CC(ON(=O)(=O))(C(=O)(O))C(O)C1(N(=O)(=O))OC1(OO)C(=O),-8.863626292848494,-7.564288
C1(O)C(C(=O)(O))OOC1(C(OO))C(O)C(=O),-11.681840780816856,-10.314604
C(=O)(O)C(OO)C(ON(=O)(=O))C(=O)CC(=O)(OON(=O)(=O)),-6.862615341262426,-7.1237164
C(=O)(O)C(=O)C(C1(=O))OOC1(C(O))C(=O)(OON(=O)(=O)),-6.656320581940236,-6.2321377
C1(O)(OO)C(OO)(C(=O)(OON(=O)(=O)))OOC1C(=O),-6.195679424490663,-6.0687127
C1(OO)C(=O)C(N(=O)(=O))C(C2(O)(OO))OOC12,-8.482002040749649,-9.324503
CC(O)CC(=O)C(OO)C(=O)(OON(=O)(=O)),-5.329135182371829,-4.859582
C1(=O)OC1(O)C(O)(N(=O)(=O))C(OO)C(=O)(O),-9.496447430516127,-13.99957
C(O)C(ON(=O)(=O))(C(=O)(O))C(OO)OOC(=O)C(=O),-8.776965544762788,-8.590743
CC(ON(=O)(=O))C(=O)C(C)(C)C(OO)C(=O),-5.062269105314044,-6.045226
C(=O)(O)C(N(=O)(=O))(C(=O)(OO))OOC(=O)C(O)C(=O),-8.53463531495072,-8.251648
C(=O)(OO)C(O)C1(O)OOC(O)(C1(O))C(=O),-9.338143351182225,-10.554069
C(=O)(O)C(OO)C1(OO)OC1C(=O),-7.958567828434752,-7.038717
C(=O)(OON(=O)(=O))C=C(OO)C(=O)OOC(=O),-3.3437918667914346,-4.2706995
C1(=O)C(=O)C(O)(O)C(OO)OC(=O)C1(ON(=O)(=O))C(ON(=O)(=O)),-7.431807996559655,-7.2472453
CC(ON(=O)(=O))(C(=O)(OO))C(C(=O)(OON(=O)(=O)))(C)C(=O),-4.054317855363479,-3.6831927
C(O)(N(=O)(=O))C(=O)OOC(=O)C(=O)C(OO),-5.604412877612049,-5.3152127
C(=O)(O)C1(N(=O)(=O))OC1C(OO),-5.559147328443942,-5.079618
C(=O)(O)C(=O)OC(OO)C=CC(=O)C(ON(=O)(=O)),-8.328019843407674,-8.963497
C(=O)(OO)C(=O)C1(C(O))OOC(C1(O))C(=O),-9.02527110662777,-9.357259
C(=O)(N(=O)(=O))C1(O)OC1C(OO),-4.558985389114241,-5.3985224
C(O)C(OO)C(C)(C(ON(=O)(=O)))OOC(=O),-6.26256084794295,-6.220467
C(OO)CC(=O)CCC(=O)CC(=O),-5.853859121052665,-6.103716
C(=O)(O)C(=O)OC(OO)(C)C(ON(=O)(=O))C(O)C(=O)(OO),-10.16801596879668,-11.11364
CC(=O)C(OO)C(C(OO))(C(ON(=O)(=O)))C(=O)(OON(=O)(=O)),-6.321930932419491,-6.48882
C(=O)(OO)CC(=O)C1(C(=O)(O))OC1C(=O),-7.465729782546987,-7.2925663
C(=O)(OON(=O)(=O))C=C(OO)C(ON(=O)(=O))(C)OC(=O),-4.046101894637104,-1.2019228
CC(O)(C)C(ON(=O)(=O))(C(O))CC(=O)(OON(=O)(=O)),-5.117869151450577,-5.216101
C1(=O)C=CC(OO)(C(O))OOC1(N(=O)(=O))C(=O)(O),-9.658471376184025,-9.709527
CC(=O)C(=O)CC(=O)CC(ON(=O)(=O))OOC(ON(=O)(=O))(C)C,-4.97570471164363,-5.941675
CC(=O)C(=O)C(C)(C)C(=O)C(OO),-3.5985895841004094,-3.8721273
CC(=O)C(C(ON(=O)(=O))C)CC(=O),-3.3549784278002335,-2.8687022
C(OO)C(OO)C(OO)(C)C(C(=O))C(=O)C,-9.44927827763604,-10.06842
C1(ON(=O)(=O))OC1C(O)(C(=O)(OON(=O)(=O)))C(OO)C(=O)(O),-7.129505114600761,-6.615046
C(=O)(O)C1(OO)OC1(OO)C(ON(=O)(=O))(C)C(=O),-7.933202180734952,-8.269474
CC(=O)C(C(OO)(C)C(ON(=O)(=O)))CC(=O)CC(=O),-7.619402172087575,-7.9793715
C(=O)(OO)CC(C)(C)C(=O)C(OO)(C)C(=O)(OON(=O)(=O)),-6.22739627789997,-5.4562917
C(=O)C(O)C(C(=O)(OON(=O)(=O)))(C(=O)(OON(=O)(=O)))OOC(=O),-3.6480093822756317,-4.3540707
C(ON(=O)(=O))C(OO)(C(=O)(OON(=O)(=O)))OC(=O)C(OO)C(=O)C(=O),-6.34698495590419,-5.972102
CC(=O)C(=O)CC(O)(C(OO)(C)C)C(ON(=O)(=O))C(=O)(OON(=O)(=O)),-6.994051052170107,-5.95211
C1(=O)C(ON(=O)(=O))OOC1(C(=O))C(OO)C(=O)(OO),-6.206686615623767,-6.882578
C(=O)(O)C(ON(=O)(=O))C(=O)C(=O)OC(OO)C(=O)(OO),-8.425268044797122,-9.116694
CC(=O)C(O)(C(=O)C)CC(OO)CC(=O)(O),-9.879372775234515,-6.985378
CC(ON(=O)(=O))(C(=O)(OO))C(O)C1OC1(ON(=O)(=O))C(=O),-6.448794608179014,-5.0772505
C12OOC(O)(C1(O)C)C(=O)C(O)(OO)C2(ON(=O)(=O)),-8.241645748305018,-7.904442
C(=O)(O)C(OO)C(=O)C(C)(C)C(C(=O))C(=O)C,-8.105090359196765,-9.637084
C(ON(=O)(=O))C1(C(=O)(OO))OC1(OO)C(OO)C(O)C(=O),-10.156254041619832,-12.238581
C(=O)(N(=O)(=O))C(=O)OC(=O)C(O)(C)C(OO)C(=O)(O),-7.710266418318497,-7.099113
CC(=O)C(C(=O)C(O))CC(=O)(OON(=O)(=O)),-4.530863899897668,-4.29232
C1(ON(=O)(=O))OC1(C(=O))C(OO)C(O)C(=O),-6.183597878523869,-7.458768
C(O)C(=O)C1C(ON(=O)(=O))C(C(OO))C1(C)C(=O),-8.559697873919504,-9.067546
C1(O)(OO)C(ON(=O)(=O))OOC1(C(=O))C(=O),-4.7250128637533635,-5.17252
C(=O)(O)C1OOC(C1(O)(OO))C(ON(=O)(=O)),-7.673678156454116,-8.647296
CC(=O)C(C(ON(=O)(=O))(C)C(OO))C(ON(=O)(=O))C(=O)CC(=O)(OO),-8.725798764149658,-8.001279
C(=O)(O)C(OO)C(ON(=O)(=O))(OO)C1OC1(C)C(=O),-9.453523242918891,-8.819705
C(=O)(N(=O)(=O))C1OC1(C)C(ON(=O)(=O))C(OO)C(=O)(OO),-7.098263729203609,-6.8119082
C(=O)(OO)C(O)C(O)C(=O)OC(OO)(C)C(=O),-10.09724485539482,-10.00333
CC(O)C(ON(=O)(=O))CC(=O)C(=O)CC(=O),-5.9529042052454315,-5.477203
CCCCCCCCC(=O),-1.9283630873687798,-1.2698559
C(=O)(O)CC(=O)C(=O)OC(OO)(C)C(=O),-6.757089030157658,-6.7799006
C(=O)(O)C(O)C(ON(=O)(=O))(C(=O))OOC(=O)C,-6.596946572186425,-6.531626
C(O)C(=O)CC(=O)CC(OO)CC(OO),-10.065669797812006,-10.469342
CC(=O)C(OO)C(O)(OO)C(O)(N(=O)(=O))C(=O)C(=O),-8.985787520941813,-6.094762
C1(O)C2(O)OOC1(C(=O)(OON(=O)(=O)))C(ON(=O)(=O))C(O)C2(=O),-6.793982322211377,-5.729544
CC(=O)CC(=O)C(=O)C(ON(=O)(=O))CCC(O),-6.5179637846013065,-5.9572473
CC(=O)CCC(ON(=O)(=O))C(O)C(ON(=O)(=O))C(O),-7.463788075838238,-8.080998
C(=O)(O)C(C(=O)(O))OOC(ON(=O)(=O))(C)C(ON(=O)(=O)),-7.308869938453427,-7.6866436
C1(O)C(O)(C(=O)(O))OOC1C(=O)C(=O)(O),-10.186164664148237,-7.095297
C(=O)C(=O)C(N(=O)(=O))(C1(O))OOC1C(=O),-4.239017839674489,-4.5202155
C(=O)(O)C(C(OO))(C)C(C(=O)(OON(=O)(=O)))C(=O),-6.624257439936628,-6.8276258
C(=O)(O)C1(O)C(O)(C(=O))OOC1C(ON(=O)(=O))C(=O),-8.79061671042291,-8.940695
C(=O)(OO)C(ON(=O)(=O))C(O)C1OC1(C(OO))C(=O)(OON(=O)(=O)),-8.256654552344116,-9.79165
C1(O)(OO)C(N(=O)(=O))OOC1(C)C(=O)C(=O),-5.198049268728937,-6.6079364
C1(=O)C(=O)OOC1(ON(=O)(=O))C(C)C(=O)(O),-4.793984822739731,-4.547768
CC(O)(C(=O)(OON(=O)(=O)))C(OO)(C(=O))C(OO)(C)C,-7.197740139687085,-7.1618366
C(=O)(OON(=O)(=O))C=C(C(=O))C1OC1C(=O),-3.6214941282960353,-2.8187282
C(=O)(O)C(OO)(C(OO))C(=O)OC(=O),-7.16503947104502,-7.892737
CC1(C)C(OO)C(O)(C(=O))C(=O)CC1C(=O),-8.050440765946405,-3.9343188
C(=O)(OON(=O)(=O))C(=O)C(ON(=O)(=O))(C(O)C(=O))OOC(=O),-3.9186004904913716,-4.6019106
C(=O)(O)CC(=O)OC(OO)C(=O),-6.301029116628342,-6.559163
C(=O)(OON(=O)(=O))C(=O)C(OO)C(O)C1(OO)OC1C(=O),-7.731366438456462,-7.830373
C(=O)(O)CC(ON(=O)(=O))(C(=O))OC(=O),-4.722488986735698,-4.136128
C(=O)(O)C(ON(=O)(=O))(C(=O)(O))C(OO)(C1(O))OOC1C(=O),-11.628232189119444,-12.606655
CC(=O)C(ON(=O)(=O))C(=O)C(C(ON(=O)(=O))(C)C)CC(=O),-5.269058395555476,-5.2795
CC(ON(=O)(=O))(C)CCC(=O)(OO),-2.95034433453111,-4.6300263
C1(ON(=O)(=O))OC1C(OO)(C(=O))C(=O),-3.8840665165771497,-3.1766672
C(=O)(OO)C(O)C(ON(=O)(=O))C1(C)OC1(O)C(=O)(OON(=O)(=O)),-6.796948105562478,-7.6823645
C(ON(=O)(=O))C1(OO)OC1(OO)CC(=O)(OO),-7.385811507308972,-5.6217136
C(ON(=O)(=O))C(=O)C(=O)C(OO)OOC(=O)C(=O)(OO),-7.157842392218299,-7.2545867
CC(=O)C(=O)OC(OO)C(ON(=O)(=O))C(=O)C(=O),-4.784706559439655,-4.4705353
CCCCC(OO)CC(=O)C(OO)CC,-6.762774311675457,-6.3940434
C1(ON(=O)(=O))OC1(C(O))C(ON(=O)(=O))C(O)C(=O)(OO),-6.975243196386145,-6.298667
CC(=O)C=COC(=O)C(=O)(OON(=O)(=O)),-2.2579794803023105,-2.5223
CC(=O)CCC(=O)CCC(OO)CC,-4.575147902127355,-5.213357
C(=O)(OON(=O)(=O))C1OOC(O)(C1(O)(O))C(ON(=O)(=O))C(=O),-7.26196889077255,-6.3117795
C1(=O)C=CC(=O)OOC1(OO)C(=O)C(=O)(O),-7.3237150652421406,-6.619051
C(=O)C1(O)OC1(N(=O)(=O))C(OO)(C(=O)(O))C(O)C(=O),-11.068489359866362,-12.456003
C(=O)C(O)C(=O)C(=O)OC(=O)C(=O)C(O),-6.285310612336616,-6.4867125
CC(O)(C(=O)(OO))C(OO)C(C)(C)C(=O),-7.175075828141416,-9.980545
CC(=O)CC(=O)C(ON(=O)(=O))CC(OO)C,-5.930899899904034,-5.307037
CC(=O)C(ON(=O)(=O))C(=O)C(N(=O)(=O))(OO)OC(=O)C(=O)(O),-6.709190846391721,-7.166076
CC(O)(C(=O)(O))C(C(OO))C(=O),-7.625325444518239,-8.130697
C(=O)(OO)C(ON(=O)(=O))C1(C)OOC(O)(C1(O))C(=O)(OON(=O)(=O)),-7.359249840999837,-6.6203833
C(OO)C1(O)C(O)(C(OO))OOC1C(=O),-9.477393099936307,-9.397811
CC(=O)OOC(=O)CC(=O),-2.2195570715266513,-1.8542134
CC(=O)C(OO)C(OO)C1C(=O)C(=O)C1(C)C,-7.083919925964437,-7.2452235
C(=O)(O)C1OC1C(ON(=O)(=O))C(O)(C(=O)(O))C(=O),-9.714337311961572,-10.088606
C1(=O)OC1C(O)(O)C(=O)C(ON(=O)(=O))C(=O)C(OO),-7.9493676071142545,-6.8487306
C(=O)(OO)C(ON(=O)(=O))C(=O)C(C)(C)C(C(=O))C(=O)C,-6.062894682516344,-7.484324
C(=O)(O)C(OO)C(O)(OO)C(ON(=O)(=O))OC(=O),-9.380342727396055,-9.427257
C1(ON(=O)(=O))OC1(C(=O)(OON(=O)(=O)))C(=O)C(O),-2.558175497368211,-3.4976993
CC1(C)C(ON(=O)(=O))(C(=O)(OO))CC1C(O)(C)C(=O),-7.277914504360524,-5.1722474
C(=O)(OO)C(O)(OO)C1OC1C(ON(=O)(=O))(C(OO))C(=O),-10.40990028915985,-11.3526325
C(=O)(O)C(=O)OOC(C(=O)C)C(OO)C(=O)(OON(=O)(=O)),-7.143793372350046,-7.672726
CC(OO)C(ON(=O)(=O))C(C(OO)(C)C)CC(=O),-8.463708223527647,-8.497973
C(=O)(N(=O)(=O))C(C(=O)(O))OOC(=O),-3.541858825046802,-4.7592688
C(O)C(=O)OC(=O)C(ON(=O)(=O))C(=O)(OO),-5.101733173418324,-5.9939814
C1(ON(=O)(=O))C(=O)OOC(N(=O)(=O))(C(=O)(O))C(OO)C1(O)C,-8.74889338031062,-8.517273
C(O)C2(O)C(=O)C(=O)CC1OC12,-6.349434441421181,-6.351449
CC(O)CCC(OO)C(ON(=O)(=O))CC(=O)(OON(=O)(=O)),-7.400728269480169,-7.4675293
C(=O)(OO)C1OC1C(ON(=O)(=O))(C)C(=O),-4.721735214887303,-5.388897
C(=O)C(OO)C1OOC(C(=O)(OON(=O)(=O)))C1(O)C(=O),-7.257081187679432,-6.9899983
C1(O)C(OO)OOC1(ON(=O)(=O))C(=O)C(=O)(OON(=O)(=O)),-4.146573570731562,-5.0273876
C(=O)(O)C(OO)C(=O)C1(C)OC1C(=O)(O),-9.35715675901156,-9.062373
CC(=O)CC(=O)C(=O)C(ON(=O)(=O))CC(=O)CC,-4.187316775409272,-5.0248365
C(=O)(O)CC(C(O))C(C(ON(=O)(=O)))(C)C(=O)(OON(=O)(=O)),-8.298317018256057,-7.6039233
CC(=O)C(OO)C1OOC(ON(=O)(=O))(C1(O))C(=O),-6.898317674698774,-6.4962626
C(=O)(O)C(=O)C(ON(=O)(=O))C(C(=O)C)C(OO)(C)C(OO),-10.2292319231492,-10.7668915
C(=O)(OO)C1(O)OC1(C(=O))C(=O)C(=O),-5.038798741123173,-3.6479151
C(=O)(O)C(=O)C(=O)OC(OO)(C(O))C(=O)(OON(=O)(=O)),-7.542097386307432,-6.866989
C(=O)CC(=O)C1OC1(C(=O))C(=O),-3.8936992363305762,-4.122927
CCCCCCC(ON(=O)(=O))CC(OO)C,-4.272000738448696,-3.9061065
C(=O)(O)C(=O)OOC(ON(=O)(=O))(C)C(=O)C(=O)(OO),-6.59318814004655,-6.091476
C(ON(=O)(=O))C(=O)C(C(=O)(O))C(C)(C)C(ON(=O)(=O))C(=O),-7.218263274960918,-7.2832785
C(=O)(O)C(=O)C(OO)C=CC(=O)C,-6.836904548341408,-8.469683
CC1(C(=O)(OO))OC1(OO)C(=O)CC(=O),-6.71305702488462,-6.4913535
C(=O)(OO)C(=O)CC(C(ON(=O)(=O))(C)C)C(O)(C)C(=O)(OON(=O)(=O)),-6.796644535221276,-8.294222
C(=O)(OO)CC(=O)C1(N(=O)(=O))OC1(OO)C(=O)(OON(=O)(=O)),-5.329194544188795,-5.3727636
C1(O)(O)C(=O)OOC1(C)C(=O)CC(=O),-6.671899010922061,-5.939508
C(=O)(OO)C(=O)OOC(ON(=O)(=O))(C)C(ON(=O)(=O))C(=O),-4.939826060071937,-5.4336867
CC(ON(=O)(=O))CCC(=O)C(OO)C(=O)C(ON(=O)(=O))CC,-6.871170154758147,-6.252449
C(=O)(OO)C1(ON(=O)(=O))OC1(OO)C(OO)C(=O),-6.925740364880767,-8.266586
C1(=O)C(O)(C(=O))OOC1C(=O)C(=O)C(=O),-5.032939494936727,-7.780807
C2C(=O)C(=O)C(OO)(C1(O)C)OOC12(ON(=O)(=O)),-5.523037658727844,-7.159285
C(=O)(N(=O)(=O))C(=O)C(=O)(OO),-1.515460172231542,-1.1705097
C(=O)C(=O)C(O)(O)C(OO)OC(=O)C(=O),-7.371169138481491,-6.759454
C(=O)(O)C(=O)C(O)(ON(=O)(=O))C(O)(O)C(=O)C(=O),-8.183262236590963,-5.3801804
CC(=O)C(O)(OO)C(=O)C1OC1C(=O),-5.968120161211118,-4.006904
C1(OO)OC1C(=O)C(O)(C)C(=O)C(=O)(O),-7.722282381408149,-7.9345584
CC(=O)C(OO)C(O)(C(ON(=O)(=O)))C(=O),-5.398509052320151,-6.2168584
C(=O)(OO)C(OO)C(ON(=O)(=O))(C1(O))OOC1(C)C(=O),-8.921244257260696,-9.655337
C1(=O)C(=O)OOC1C(=O)C(ON(=O)(=O))C(=O),-2.899863321945304,-4.055442
C(OO)C(=O)C(O)C(=O)C(O)(OO)C(ON(=O)(=O))OC(=O),-10.029621146270074,-11.952786
CC(O)CC(=O)C(ON(=O)(=O))C(=O)CC(ON(=O)(=O)),-6.023755110960337,-5.4967995
C(=O)(O)C(=O)OC(OO)C(C)C(=O)C(=O)(O),-9.310459302083473,-9.344895
CC(OO)C(ON(=O)(=O))(C)C(C(=O)(OON(=O)(=O)))C(=O)C,-4.814487761221244,-5.085218
C(=O)(O)C(OO)OC(=O)C=C(C(=O)(O))C(=O),-9.990993180661462,-10.084902
C(=O)(OON(=O)(=O))C(O)(O)C1(O)OC1(O)C(ON(=O)(=O))C(=O),-6.399027142178966,-6.3240237
C(=O)(OO)C(ON(=O)(=O))(C(=O))C(O)(O)C(=O),-6.067486728876247,-6.5621405
CC(=O)CCC(=O)CC(ON(=O)(=O))CC(OO)C(O),-9.292548980243737,-9.355898
CC(=O)C(=O)C(C(ON(=O)(=O)))C(OO)(C)C(OO),-7.5408889460377395,-7.3422256
CC(O)(C)C(ON(=O)(=O))C(=O)C(=O)C(ON(=O)(=O))(C)C(=O),-4.975123609328875,-5.6207643
C(=O)(OON(=O)(=O))C(=O)OC(OO)(C)C(=O)CC(=O),-4.402517867667484,-4.718118
CC1(C)C(=O)C(ON(=O)(=O))(C)C(=O)CC1(O)C(=O)(OO),-6.528920286582434,-5.216259
C1(N(=O)(=O))C(=O)OOC(O)(C(OO)C1(=O))C(=O)C,-7.040701517122216,-5.047197
C12OOC(OO)(C2(=O))C(OO)C(=O)C1,-6.354884539468912,-6.9393473
C(=O)(OO)CC(=O)C(=O)C(=O)C,-4.26622601156123,-3.0409381
C(=O)(O)C1OOC(OO)(C(=O))C1(O)C(=O)(OON(=O)(=O)),-7.447028414477245,-6.587541
CC1(C(=O)(OO))OC1(ON(=O)(=O))C=CC(=O),-5.465998515108367,-6.002856
CC(OO)(C)C(=O)C(OO)(C)C(=O)(OON(=O)(=O)),-4.512477856784244,-4.5693173
C(=O)(O)C1(O)OC1(OO)C(OO)C(O)C(=O),-11.876652967795962,-12.61887
CC(OO)CC(=O)CCC(=O)C(=O),-5.478571617859416,-5.257803
C1(O)C2(OO)OOC1C(OO)C(=O)C2(ON(=O)(=O)),-7.518430196403642,-7.8682203
CC1(C(=O)(OON(=O)(=O)))OC1(OO)C(N(=O)(=O))=CC(=O),-5.119605686631985,-4.9420624
C(=O)(OON(=O)(=O))C1(OO)OC1C(=O)C(C)C(=O),-4.561730867324513,-4.840485
C1(=O)C(N(=O)(=O))C(=O)OOC(=O)C1(OO)C,-4.29813922685571,-4.3123107
C(ON(=O)(=O))C(=O)C(=O)CC(C(OO)(C)C)CC(=O)(OO),-8.754653247524402,-8.440849
CC(=O)C(C(OO)(C)C(=O))CC(ON(=O)(=O))C(=O),-7.281788966007298,-7.0813174
C(=O)(O)C(ON(=O)(=O))C1(C)OOC(C1(O)(O))C(=O),-8.743204733909806,-9.106914
CC(OO)(C)C(ON(=O)(=O))C(O)(C)C(=O)CC(=O)C(=O)(O),-9.634333664842416,-10.074644
C(=O)(O)C(ON(=O)(=O))C(O)(C(=O)(O))OOC(=O),-8.269906922709197,-8.435343
CC(=O)C(=O)C(ON(=O)(=O))(ON(=O)(=O))C1OC1C(=O)(O),-5.177066947668209,-4.7308536
C(=O)(OON(=O)(=O))C(O)C(C)(C)C(=O)C(=O),-3.179270838125376,-2.386581
C1(O)(O)C2OOC1C(ON(=O)(=O))C(OO)(C2(ON(=O)(=O)))C(=O)(OO),-10.023100647813408,-9.814832
C(OO)C1(O)C(=O)OOC1C(=O)(OO),-6.560564405241166,-8.365667
C(=O)(OO)C=C(C(O))C(OO)OC(=O)C(=O),-9.28557089678361,-5.7451515
C1(=O)C(OO)(C(=O)(OON(=O)(=O)))OOC1C(OO)(C)C(=O),-6.267732044390868,-6.641438
CC(=O)C(ON(=O)(=O))CC(C(=O))C(C)(C(ON(=O)(=O)))C(=O),-6.467026843252825,-6.4114904
C1(=O)C(OO)OOC1(ON(=O)(=O))C(=O)(O),-4.320582354819635,-4.592663
C(=O)(O)C(O)(C(=O)(OO))C1OOC(C1(=O))C(=O),-8.583980942552444,-8.455102
CC(ON(=O)(=O))(C(OO))C(OO)(C(ON(=O)(=O)))CC(=O),-7.816457347711548,-7.8323574
CC(=O)C(ON(=O)(=O))C(=O)C(C(OO)(C)C)C(ON(=O)(=O))C(=O),-6.527902778267162,-6.5781565
C1(O)(OO)COOC1C(=O),-5.025999030593084,-3.7274907
CC(=O)CC(OO)(C(ON(=O)(=O)))C(=O)(OO),-5.365785090558347,-5.0017323
C1(O)(O)C(OO)OC(=O)C(=O)C(=O)C1(=O),-7.205916787832393,-6.6224523
CCC(=O)CC(ON(=O)(=O))C(=O)CC(ON(=O)(=O))CC,-5.606619591751951,-4.9997063
CC1(C)OOC(OO)C(ON(=O)(=O))(C)C(O)C(=O)C1C(=O)(OON(=O)(=O)),-7.802052305720281,-8.162871
C(OO)C(=O)CCCC(=O)(OO),-6.483693889487768,-4.086171
C(=O)(OO)C(N(=O)(=O))C(=O)C1(C(O))OC1C(=O),-7.405552219366655,-6.7505426
CC1(C(=O)(OON(=O)(=O)))OOC(O)(C1(O)(OO))C(O)(N(=O)(=O))C(=O),-8.222803405413288,-9.161717
CC(=O)C(=O)CC(ON(=O)(=O))(C(OO)(C)C)C(OO)C(=O)(OON(=O)(=O)),-7.872853910201229,-7.2723265
C(=O)(OON(=O)(=O))C(=O)C(O)(O)C(=O)C(OO)C(=O)C,-6.322188920210465,-9.208839
C1(=O)C(OO)OOC1C(OO)(C(=O)(OON(=O)(=O)))C(=O),-5.52796861778188,-4.9940667
C(=O)(OON(=O)(=O))C1(C(=O))OOC(O)(C1(O))C(O)C(=O),-7.5874506869586185,-4.7111344
C1(OO)OC1C(=O)C(O)(C(=O)(O))C(=O),-7.283029692393029,-8.789993
CC(=O)C(=O)CC(O)C(ON(=O)(=O))(C)C(O),-6.258240791736171,-6.1054626
CC(ON(=O)(=O))(C(OO))C(CC(=O)(OO))C(O)C(=O),-9.621174408719526,-11.279968
CCCCCC(=O)CC(=O)C(OO)C,-5.243630603217753,-4.4017487
C(=O)C(O)C(=O)C1(N(=O)(=O))OC1(O)C(=O),-5.34647386414872,-3.9712722
C1(O)C2(OO)OOC1(C(O))C(ON(=O)(=O))C(O)C2(=O),-9.666205386180081,-10.951026
C1(OO)OC1(ON(=O)(=O))C=CC(=O),-4.0551427968312055,-4.0817537
C2(=O)CC(ON(=O)(=O))C(OO)(C1(O)(O))OOC12(OO),-8.884010331879836,-9.499393
C(=O)(O)C(=O)C=C(C(=O)(O))C(=O),-7.159145569996326,-7.5893435
CC(=O)C(ON(=O)(=O))C1OC1(OO)C(=O)(OON(=O)(=O)),-3.793074515138869,-4.187484
CC(=O)C(=O)CC1(OO)CC(ON(=O)(=O))OOC1(C)C,-6.976816936657997,-7.296242
C1(O)(O)C(OO)OOC1(ON(=O)(=O))C(O)C(=O),-7.891981299471809,-3.968259
C1(ON(=O)(=O))C(OO)C(ON(=O)(=O))C(=O)OOC1C(=O)(OO),-7.3381597081024665,-7.4437885
CC(OO)C(C(ON(=O)(=O))(C)C)CC(=O),-5.468500027040136,-5.1278934
C1(O)(O)C(N(=O)(=O))(C(=O))OOC1(C)C(O)C(=O),-8.162230271991575,-9.971638
C(OO)C(=O)C(C)C(=O)CC(=O)(OO),-7.068374946335098,-6.6411686
CC(=O)C(OO)C(ON(=O)(=O))OOC(=O)C(=O)(OO),-6.423911992853391,-7.1879163
C(O)C(=O)C1OC1C(O)C(OO)C(=O)(OO),-11.253599911171477,-12.901698
C(OO)C(=O)C1OC1(C(=O)(O))C(=O)(OON(=O)(=O)),-6.2255829338682815,-7.081717
C(=O)(O)CC(ON(=O)(=O))(C(OO))C(C)(C)C(=O)(OO),-8.651191021752311,-9.065177
C1(=O)C(O)(OO)C(=O)C(=O)OOC1(C)C(=O)(O),-7.378446183458436,-7.0967317
C1(O)(O)C2OOC1C(ON(=O)(=O))C(O)(C(=O)(O))C2(ON(=O)(=O)),-10.280685613659443,-9.829723
C(=O)(N(=O)(=O))C1(O)OC1C(OO)(C(OO))C(=O),-8.34893460542662,-7.814053
CC(=O)CC(O)CC(=O)C(ON(=O)(=O))C(=O),-5.9121970699343365,-6.314705
C(=O)(O)CC(=O)C(OO)(C)OC(=O)C(=O)(O),-9.419018957574735,-9.388331
C(OO)C(O)(C(=O)(OON(=O)(=O)))C1OC1C(=O)(OON(=O)(=O)),-4.981638088924228,-4.880864
C(=O)(OON(=O)(=O))C(O)(O)C1(C(O))OC1C(=O)C(=O),-7.4969719806540525,-6.5701947
C(O)C(=O)C(OO)C(C(=O))OOC(=O)C(=O),-7.966658010263927,-8.562303
C(=O)(O)C(N(=O)(=O))(OO)OC(=O)CC(=O)C(=O),-6.939992025887477,-6.800436
CC(=O)C1(OO)OC1C(O)C(O)C(=O)(OO),-9.598462707261206,-9.349115
C(=O)(N(=O)(=O))C1OC1(C(OO))C(O)C(=O)(OON(=O)(=O)),-5.474259162176168,-6.376433
C(=O)(OO)C(ON(=O)(=O))C(OO)(C(=O)C(=O))OOC(=O),-6.667778275485034,-6.8412385
C(O)C(O)(C(=O)(O))OC(=O)C(O)C(=O),-9.72225128870923,-8.57491
C(ON(=O)(=O))C(=O)CC(=O)CC(OO),-5.2282411680644145,-5.347623
C(O)C1(ON(=O)(=O))OC1(O)C(=O)(OON(=O)(=O)),-2.985907710477477,-3.91161
C2(OO)C(O)C(OO)C(C1(O))OOC12C(OO),-12.29958929932036,-11.163361
C(=O)(O)C(O)(O)C1(N(=O)(=O))OC1C(ON(=O)(=O))(C(O))C(=O),-10.241575958410976,-12.13488
CC(=O)C(O)C(OO)C1(ON(=O)(=O))OC1(OO)C(=O),-7.947257976658875,-7.395876
C(OO)C1(C(=O))OC1(OO)C(=O)C(=O),-6.040071547438856,-6.6052427
CC(=O)C(N(=O)(=O))(C1(O)(O))OOC1C(=O)(O),-7.374143385110074,-6.0654263
CC(=O)C(=O)OOC(C)(C(ON(=O)(=O)))C(OO)C(ON(=O)(=O)),-6.338268619889277,-6.283324
CC1(C)C(OO)(C)C(ON(=O)(=O))C1C(OO),-5.412296695198165,-5.7172494
CC1(O)C2(OO)OOC1C(OO)C(ON(=O)(=O))C2(ON(=O)(=O)),-7.807617304235464,-7.8873434
C(=O)(O)C(ON(=O)(=O))C(ON(=O)(=O))C(C)(C)C(=O),-5.206349397514714,-5.160709
CC(=O)C(C(ON(=O)(=O)))(C(=O)(OO))C(OO)C(=O),-6.345857302294462,-6.321033
CC(=O)C1CC(OO)(C(=O)(O))C1(C)C,-6.608416045710328,-7.5865045
C1(OO)OC1C(C(=O)(O))=CC(=O)(OON(=O)(=O)),-5.783943559232284,-4.715946
CC(=O)C(=O)CC(C(=O)(O))C(OO)(C(ON(=O)(=O)))C(OO),-11.109579146752367,-10.404875
CC(=O)C(OO)OOC(=O)CC(=O)(O),-7.305697648233036,-7.625091
C(O)C(=O)C(OO)C(=O)OC(=O)C(=O)(N(=O)(=O)),-5.747911879821913,-5.244258
C(=O)(O)C(=O)OC(OO)(C(OO))C(ON(=O)(=O))C(=O),-8.894984987273347,-9.376269
C(=O)(OO)C1OC1C=C(C(=O)(OO))C(=O)(OO),-6.735964849605807,-8.782746
C1(=O)OC1C(C(=O))C(=O)C(=O)C(=O),-2.971406752956682,-3.485147
C12OOC(C2(O)(O))C(=O)C(ON(=O)(=O))(C1(O))C(=O)(OON(=O)(=O)),-7.1070128256687894,-7.106304
C1(O)(N(=O)(=O))C(ON(=O)(=O))OOC1(OO)C(=O)C,-4.613043996316264,-2.6179829
C(=O)(O)CC(ON(=O)(=O))C(ON(=O)(=O))(C)C(OO)C(=O),-7.393570008527604,-7.328377
C(=O)(O)C(=O)CC1(C(OO))OC1C(=O),-7.629063602769747,-8.522519
C(=O)(OON(=O)(=O))CC1OC1(C(=O)(O))C(=O),-5.178937607852276,-5.5675836
CC(=O)C(OO)C(=O)C(O)(N(=O)(=O))C(O)(OO)C(=O),-8.985787520941813,-10.170347
CC(ON(=O)(=O))C(O)C(=O)CC(=O)CC(=O)(OON(=O)(=O)),-5.7680570996017195,-5.9132457
C1(OO)OC1C(C(=O)(O))=CC(=O)(OO),-8.460051153466338,-6.4225473
C2(=O)C(ON(=O)(=O))C(OO)C1OOC2(O)C1(O)C(ON(=O)(=O)),-7.965410971577512,-7.173246
C(=O)(O)CC(C(ON(=O)(=O)))C(OO)(C)C(=O),-7.320006723733968,-7.465522
CC(OO)(C(O))C(C(OO))C(ON(=O)(=O))C(=O),-9.231060840087594,-8.640566
CC(O)(C)C(C(O))C(=O)(O),-6.488234226737404,-6.976387
CC(=O)C(O)CC(=O)CC(OO)OOC(ON(=O)(=O))(C)C,-8.399782221240457,-8.616972
CC(=O)C1CC(C1(C)C)C(ON(=O)(=O))C(=O),-4.424722875206498,-3.862881
C(=O)(OON(=O)(=O))C(=O)OC(OO)(C(O))C=CC(=O),-7.094713299287832,-7.3433695
C(=O)(OON(=O)(=O))C(=O)C(=O)C(=O)OC(OO)(C)C(=O),-3.779846118966816,-3.4209878
C(O)C(=O)C(C(OO))C(ON(=O)(=O))(C)C(=O)(OON(=O)(=O)),-6.387447433531634,-6.8734255
C(=O)(O)C(O)(O)C(OO)OC(=O)C(ON(=O)(=O))C(=O)(OON(=O)(=O)),-8.69748286504182,-8.991016
C1(O)(O)C(OO)(C(OO))OOC1(ON(=O)(=O))C(=O),-8.661768117381143,-7.310459
CC(=O)C(=O)C(N(=O)(=O))(C(=O)(O))OOC(OO)C(=O),-7.2586491315450985,-8.284778
C(=O)(OON(=O)(=O))C(O)C(ON(=O)(=O))(C)C(=O)OC(=O)C(=O),-4.279231609412818,-3.753217
C(O)C(ON(=O)(=O))C(OO)(C)C(C(=O)C)CC(=O)(O),-10.47788321999542,-10.542166
CC1(OO)C(ON(=O)(=O))(C)CC1C(ON(=O)(=O)),-4.042992245667847,-4.9247622
C(=O)(OO)C(O)C(OO)(C)C(=O),-6.104887308567413,-6.7780533
C(=O)(OO)C(N(=O)(=O))C(=O)C(ON(=O)(=O))OC(=O),-4.446705023554387,-3.396632
C1(O)C(C(=O)(O))OOC1(C(=O))C(ON(=O)(=O))C(=O)(OON(=O)(=O)),-7.495707622481859,-7.480734
C(O)C(ON(=O)(=O))C(OO)OC(=O)C(=O)(OON(=O)(=O)),-5.192393230943708,-5.465668
CC(=O)C(ON(=O)(=O))CC(=O)CC(=O)CCC(O),-7.252705435355892,-7.072408
C1(O)(O)C(N(=O)(=O))(OO)OOC1(C)C(O)C(=O)(OO),-9.657317821125616,-8.40231
C(=O)(OO)C(=O)C(OO)C(=O),-4.49176153902954,-4.7600317
CC(=O)C(C(ON(=O)(=O)))C(OO)(C(O))C(=O),-6.767641127822571,-6.0128756
CC(=O)CC(ON(=O)(=O))C(=O)C(OO)CCC(O)C,-8.848677422240144,-8.786328
CC(ON(=O)(=O))(C(=O)(O))C(ON(=O)(=O))OOC(=O)C(=O)(OO),-6.498239280204871,-6.7718205
C(=O)(O)C(O)C(N(=O)(=O))(C1(O)(O))OOC1(C(ON(=O)(=O)))C(=O),-10.920803409680957,-12.708814
C(=O)(OO)C(O)C(OO)C1(C(=O))OC1(ON(=O)(=O)),-7.607654025850934,-6.393422
CC(OO)(C(=O)(OO))C(O)OC(=O),-6.394146903039655,-4.5536776
C1C(=O)C(OO)(C)C(OO)CC1(ON(=O)(=O))C(=O)C,-8.394162769749528,-8.140262
C(=O)C(ON(=O)(=O))C(ON(=O)(=O))(OO)C1(C)OC1(OO)C(=O),-6.860107930100639,-7.4245024
C(=O)(OO)C1(O)OC1(N(=O)(=O))C(O)C(=O),-6.906899395326036,-7.5680666
C(=O)(O)C(ON(=O)(=O))C(O)(C)C(=O)C(O)C(=O)(OO),-9.278236310841748,-4.594813
CC(=O)C1CC(OO)(C1(C)C)C(ON(=O)(=O))C(=O),-6.334339524895768,-7.0502667
CC(=O)C1OC1(ON(=O)(=O))C(ON(=O)(=O))C(O)C(=O)(O),-6.792678546713432,-7.2992268
CC(=O)C(C(OO)(C(O))C(ON(=O)(=O)))CC(=O)C(=O)(OON(=O)(=O)),-8.100352945417399,-8.730504
CC(=O)C(=O)C(OO)C(OO)C(ON(=O)(=O))(C)C(ON(=O)(=O)),-7.02268710869248,-6.5115
C1(O)(N(=O)(=O))C(O)OOC1(O)C(OO)C(=O),-7.636556138255401,-9.402058
CC(=O)C(O)(O)C(OO)C(=O),-6.416691893929965,-6.0634575
C(=O)(O)C(OO)C(=O)OOCC(=O)(OO),-8.731853577759466,-10.984789
C2(=O)C(O)C(ON(=O)(=O))C(N(=O)(=O))(C1(O)(O))OOC12C(=O),-7.327873117741547,-8.714593
C(=O)C(N(=O)(=O))(OO)C(OO)(C(=O)(OO))OOC(=O),-7.5350019543402595,-8.08018
C(=O)(O)CC(=O)C(C)(C(O))C(ON(=O)(=O))C(ON(=O)(=O)),-8.57125611815718,-9.190086
C1(=O)C(OO)(C(ON(=O)(=O)))OOC1(N(=O)(=O))C(=O)C(=O),-4.369107073493069,-4.5561357
CC(O)CCC(=O)CC(ON(=O)(=O))C(O)C(=O)C,-8.365585622188519,-8.337769
CC1(C(=O))OOC(ON(=O)(=O))(C1(O)(O))C(OO)C(=O),-8.377038027334493,-9.170637
C(=O)(O)C(N(=O)(=O))(ON(=O)(=O))C(C(=O)(OO))C(=O),-5.736973060978926,-5.465671
C1(OO)OC1(C)C(=O)C(N(=O)(=O))(OO),-4.742184019632987,-4.2949347
C(=O)(N(=O)(=O))C1(OO)OC1C=CC(=O)(O),-6.747840660682414,-4.89287
C1(O)C(=O)C(=O)C(=O)OOC1(OO)C,-5.100471766694682,-5.38227
C(=O)(OON(=O)(=O))C(O)(O)C1(C)OC1(OO)C(OO)C(=O),-8.362568131633452,-9.334409
CC(ON(=O)(=O))C(C(OO)(C)C)CC(=O)(OO),-6.283371688841726,-7.4092584
CC(=O)C(OO)(C1(C)C)CC1C(ON(=O)(=O))C(=O)(OON(=O)(=O)),-5.838461427571019,-5.5639815
C1(=O)C(=O)OOC1(C(O))C(ON(=O)(=O))C(=O)(OON(=O)(=O)),-4.048052927333629,-3.8185205
C(=O)C(=O)C(=O)C(O)(O)C(O)(ON(=O)(=O))C(=O),-5.877645300308359,-6.5693626
C(=O)(O)C(O)C(OO)(C(ON(=O)(=O)))OC(=O)C(=O)(O),-10.496041770486045,-9.9486
C1(O)C(OO)C(ON(=O)(=O))C(O)(C)C(=O)C1(O),-8.467612595341052,-10.504772
C1C(=O)C(ON(=O)(=O))C(OO)(C2(O)(N(=O)(=O)))OOC12(O),-6.993156584416283,-7.5020413
C(=O)(N(=O)(=O))C1(O)OC1C(OO)=CC(=O)(O),-8.35549969864951,-7.7331133
C(OO)CC(=O)CC(=O)CCC(=O)(OO),-8.161978000149247,-6.7039046
C(=O)(O)C=C(C(=O)(O))C(ON(=O)(=O))OC(=O),-7.293801958585391,-6.744508
C2(O)C1(O)OOC2C=CC1(OO)C(=O)(O),-10.1630249665468,-9.905884
CC(=O)C(C)(C)C(OO)(C(ON(=O)(=O)))C(=O)(OO),-5.7899952193693025,-4.8596597
C(O)C(=O)C(O)C(OO)C(=O)OC(=O)C(=O)(O),-11.303026423396659,-11.938251
C(=O)C(OO)C(=O)OC(OO)(C(=O))C(=O),-6.771398044220405,-6.383772
C(=O)(OON(=O)(=O))C(O)C(O)(C1(O)(O))OOC1C(=O)(OON(=O)(=O)),-6.034919100609841,-4.29538
C(=O)(O)C(=O)C(=O)C(O)(C)C(=O)(OO),-6.775155946990708,-4.705585
C(=O)(O)C1(C(=O)(O))OC1C(ON(=O)(=O)),-6.4489040262124036,-6.8716364
C1(=O)C(OO)=CC=CC1(O),-5.122190548296203,-4.341169
C(=O)(O)C(O)C(OO)C1(C(=O)(OO))OC1(ON(=O)(=O))C(=O),-10.224277468558284,-11.60317
CC(=O)C(C(=O)(O))C(C)(C)C(ON(=O)(=O))C(=O)(OON(=O)(=O)),-5.5888660759228515,-5.561712
C(ON(=O)(=O))C1(O)C(OO)(C(=O)(OON(=O)(=O)))OOC1(O)C(=O)C(=O),-6.29712887381902,-0.3402606
C(=O)(OON(=O)(=O))C1OC1C(OO)=C(C(ON(=O)(=O)))C(=O),-5.73154519921809,-7.036937
CC(=O)C(=O)CC(ON(=O)(=O))CC(=O)CC(ON(=O)(=O)),-5.873959199205274,-6.096491
CC(=O)C(=O)C(ON(=O)(=O))(C1(=O))OOC1C(=O),-3.269956386720878,-2.306537
CC(=O)C(ON(=O)(=O))C(=O)C(ON(=O)(=O))C(OO)(C)C,-4.881373398762662,-4.5675035
C(=O)(O)C(O)C(ON(=O)(=O))OOC(=O)C(=O),-6.263536135244067,-5.894459
C1(=O)CC(=O)OOC(ON(=O)(=O))C1(OO)C(=O)(OON(=O)(=O)),-4.031825206373469,-3.0498002
C(=O)(N(=O)(=O))C1(O)OC1(C(=O)(O))C(OO)C(O)C(=O),-10.867836494275252,-11.657941
C(=O)C1(OO)OC1C(C(OO))=CC(=O),-7.784575041063363,-7.6345644
CC(OO)CC(O)C(=O)C(OO),-7.88350054906914,-8.389484
C(=O)(OO)C(O)(C(=O))C(OO)OC(=O),-6.692393960314803,-7.7178097
CC(=O)C(CC(=O)(OO))C(ON(=O)(=O))C(=O),-5.375409058120567,-6.0181756
C(O)C(C(=O)(OON(=O)(=O)))OOC(=O)C(=O)(OON(=O)(=O)),-3.4140416733716847,-3.603686
C1(=O)COOC1(C(ON(=O)(=O)))C(=O)C(=O)(OON(=O)(=O)),-2.5497719828708796,-1.8586444
C(=O)(OON(=O)(=O))C(OO)C(C1(O)(O))OOC1(C(=O))C(=O),-8.52696079252928,-8.7192955
CC(=O)C(C1(C)C(ON(=O)(=O)))CC1CC(=O)(OON(=O)(=O)),-4.949549366312567,-4.7727823
C(O)C(=O)C(O)(C)C(OO),-5.861803448875435,-8.274552
C1(ON(=O)(=O))OC1C(OO)=C(C(ON(=O)(=O)))C(=O)(OO),-6.559317937266314,-8.008439
CC(=O)C(=O)C(OO)(C)C(ON(=O)(=O)),-3.4940840661147377,-3.5194612
CC(C)C(ON(=O)(=O))(C)C(OO),-2.555132644207333,-2.2879398
C(=O)(O)C(N(=O)(=O))C(=O)C(=O)(OO),-5.064874347706791,-5.291227
C(O)CCC(=O)CC(=O)C(=O)C(ON(=O)(=O))C(OO),-9.163192179446924,-9.794785
C1(ON(=O)(=O))OC1C(O)(C(=O)(O))C(ON(=O)(=O))C(=O),-6.558178274193779,-6.3871584
CC(OO)(C(O))C(ON(=O)(=O))(C(=O)(OO))CC(=O)C(=O)C,-8.669585919662495,-10.067132
C(=O)(O)C(ON(=O)(=O))CC(ON(=O)(=O)),-4.015976888229488,-3.9983797
CCCC(OO)C(OO)C(=O)CCC(OO)C,-9.148671898583416,-9.151573
C1(N(=O)(=O))(OO)OC1(O)C(=O)C(ON(=O)(=O))(C)C(=O),-5.826825613054098,-5.040621
C(=O)(OO)C(=O)C1OC1(C)C(=O)(OON(=O)(=O)),-3.541675761473016,-4.648948
CC1(ON(=O)(=O))C(ON(=O)(=O))C(OO)C1C(=O)C,-4.841249429504387,-5.655174
C(=O)(OO)C1(OO)OC1C(C(ON(=O)(=O)))C(=O)(OON(=O)(=O)),-6.3848958267626585,-5.279202
C(=O)(OON(=O)(=O))C1OC1C(O)(OO)C(OO)C(=O),-7.5061083462205715,-7.3247333
CC(OO)(C)C1(OO)CC(=O)CC(=O)C1(O)C(ON(=O)(=O)),-9.457010654135956,-8.375776
C(=O)(O)C1OC1C(ON(=O)(=O))(C(=O)(O))C(=O),-7.654644715017639,-7.3855653
C(O)CCC(ON(=O)(=O))C(=O)CC(=O),-5.733083185492433,-5.13088
CC(OO)(C)C(ON(=O)(=O))C(=O)C(OO)CC(=O)C(=O),-8.36147183313733,-7.626188
CC(=O)C(OO)CC(=O)C(C)(C)C(=O)C(ON(=O)(=O)),-6.459467136344756,-6.824761
CC(ON(=O)(=O))C(OO)CC(O)CC(=O)CCC(OO),-11.455693255193182,-11.688388
C(O)C(=O)OC(N(=O)(=O))(OO)C(=O)C(OO),-7.405047067659325,-7.31381
C(=O)(O)C(=O)OOC(OO)C(ON(=O)(=O))C(=O),-6.677680370179587,-7.552219
C1(O)C(OO)OOC1(C)C(O)C(=O)(OO),-9.002774225155008,-9.088187
C1(=O)C(=O)OOC1C=CC(=O)(O),-5.093276120824157,-4.5098786
C(O)C(OO)CC(=O)CCC(=O)C(ON(=O)(=O)),-8.576425924620708,-8.278198
CC(ON(=O)(=O))(C(O))C(C(O))C(=O)C(=O)(OO),-7.442112871591235,-8.990853
CC(=O)C(OO)(C(=O)C)CC(ON(=O)(=O))CC(=O)(OO),-8.114876850697328,-9.942921
C(O)C(=O)C(ON(=O)(=O))C(OO)(C(=O)(N(=O)(=O)))OOC(=O),-6.534601091305376,-6.921549
C(=O)(O)C(=O)C1OC1(O)C(=O)C(ON(=O)(=O)),-5.871084094804246,-7.801365
C1(O)C(OO)OOC1(OO)C(ON(=O)(=O))(C(=O)(OON(=O)(=O)))C(=O),-7.148567977987113,-6.9625454
C1(=O)OC1(C)C(OO)C(=O)C(=O)(OO),-6.194449329806957,-5.9287157
C(=O)(O)C(=O)C(O)C(ON(=O)(=O))(C(=O)(OON(=O)(=O)))OOC(=O),-5.743686380475992,-5.2535033
C1(=O)C=CC(ON(=O)(=O))OOC1(C(=O)(O))C(=O),-6.31763851964206,-7.3150053
CC(=O)C(N(=O)(=O))=C(OO)C(=O),-4.102486935065826,-3.8802233
C(=O)C(ON(=O)(=O))C(=O)C(=O)C(=O)C(O),-4.134348074599984,-5.412099
C(=O)(O)C(=O)C(=O)OOC(C(=O)(O))(C)C(=O)(OON(=O)(=O)),-7.336656956351362,-7.0082107
C(=O)(OON(=O)(=O))C1(O)OC1C(=O)C(=O)C(=O),-2.892627531909966,-3.149945
C(ON(=O)(=O))C(O)(C(=O)(OO))C(ON(=O)(=O))C(OO)OC(=O),-7.402215874608373,-7.834783
CC(=O)C(OO)OOC(C)(C)C(ON(=O)(=O))(C(=O)(O))C(=O),-8.141795601026388,-8.273097
C(=O)(O)C(O)C(=O)C1OC1C(=O)C(ON(=O)(=O)),-7.436252454848727,-7.922696
C(=O)(OO)C(=O)C(OO)OC(=O)CC(=O),-6.834217784140492,-7.562717
C(=O)(O)C(O)(C(=O)(OON(=O)(=O)))C(OO)OC(=O),-6.218890611737152,-7.0346055
C1(O)(OO)C(C(=O)(O))OOC1(C)C(ON(=O)(=O))C(=O)(OON(=O)(=O)),-7.769141276090522,-6.1289783
C(=O)(O)C(=O)C(O)(O)C(OO)(C(ON(=O)(=O)))OC(=O)C(=O),-10.287364039861131,-9.092864
C(=O)(O)C1OC1(OO)C(OO)(C)C(=O)(OON(=O)(=O)),-7.037612087733578,-7.2930274
C(=O)(OON(=O)(=O))C(OO)C(O)C1(ON(=O)(=O))OC1(C)C(=O),-6.016307586542098,-5.8406086
CC(OO)(C(=O)(OO))C(C(=O))C(=O),-5.903558131642058,-5.049447
C(=O)(OON(=O)(=O))C(=O)OOC(C(=O)C)C(OO)C(=O),-5.080004052433651,-5.076029
CC(ON(=O)(=O))(C)C(=O)CC(=O)C(ON(=O)(=O))(C)C(=O)(O),-6.373215707149939,-6.0387874
C(ON(=O)(=O))CCC(=O)CC(ON(=O)(=O))C(=O)CCC(=O)(OO),-9.060495040102978,-9.549838
C(ON(=O)(=O))C(=O)C(=O)OC(OO)CC(=O)(OO),-7.074271432269597,-7.791937
C1(=O)C(=O)CC(=O)OOC1(ON(=O)(=O))C(=O),-2.9299746875476558,-2.7430418
C12OOC(C1(O)(O))C(N(=O)(=O))=C(OO)C2(OO),-10.981447362879408,-13.470782
CC1(C(=O)(OON(=O)(=O)))OOC(C1(O))C(OO)C(=O)(OON(=O)(=O)),-5.8493383009772515,-6.549496
C12OOC(OO)(C1(=O))C(OO)C(O)C2(ON(=O)(=O)),-7.518430196403642,-6.3559237
C(=O)(OO)C(=O)C1(OO)OC1(ON(=O)(=O))CC(=O),-6.1216046607878525,-8.090795
C(=O)(O)C(OO)=C(C)C1OC1C(=O),-7.049671626999043,-7.5700936
C(=O)(O)C(=O)OC(OO)C(OO)(C)C(O)C(=O),-10.872953951649833,-12.245385
CC(=O)C(OO)C(O)C1OC1(ON(=O)(=O))C(=O)(OO),-7.80647910098196,-9.017846
CC(C(=O)(OON(=O)(=O)))C(C)(C(OO))C(=O)CC(=O)(OON(=O)(=O)),-6.020627092249924,-5.9867783
CC(=O)C(O)CC(C(ON(=O)(=O))(C)C)CC(=O),-6.5764278058486525,-6.364084
CC(OO)(C(=O)(O))C(OO)C(C)(C)C(C(=O))C(=O),-11.087282916050754,-11.257503
C(OO)C1(C(=O)(OO))OC1C(OO)C(O)C(=O),-10.963504947547335,-12.3947
CC(=O)C(=O)OOC(C(=O))C(=O)C(=O)(OO),-5.665305353599251,-6.2860384
C1(O)(N(=O)(=O))C(=O)OOC1(O)C(=O)CC(=O)(O),-7.107719578314573,-5.87985
C(O)C(=O)C(=O)C(OO)OC(=O)C(=O)(OO),-8.067696798825637,-9.653668
C(O)C(=O)C1OC1C(=O)C(N(=O)(=O))(OO)C(=O),-6.902203574529267,-8.395758
C1(O)COOC1C(ON(=O)(=O))(C(=O)(OO))C(=O)(OON(=O)(=O)),-5.973990083031822,-5.383116
CCCCC(=O)CC(ON(=O)(=O))C(O)C(=O)C,-4.965496969642118,-5.404189
C(O)C(ON(=O)(=O))(C(O))C(C(=O)(OON(=O)(=O)))CC(=O),-7.118837664122111,-6.840122
C12OOC(O)(C2(=O))C(=O)C(=O)C1C(OO),-6.494159246140043,-5.755401
CC1(C)C(OO)(C)CC1C(=O)(O),-4.95317381156201,-4.7457027
C(O)C1(O)C(=O)OOC1(OO)C(ON(=O)(=O))C(=O),-6.8206054207112174,-8.288442
CC(ON(=O)(=O))(C)OOC(ON(=O)(=O))(C(=O)(OO))C(=O)C,-4.386711752304109,-5.264727
C(=O)(OON(=O)(=O))C(OO)OC(=O)C(=O)C(ON(=O)(=O))(C)C(=O),-4.278302273974987,-4.050953
C1(O)(N(=O)(=O))C(=O)OOC1C(ON(=O)(=O))C(=O)C(O),-5.940643382025883,-4.7958484
C(=O)(OON(=O)(=O))C(=O)OC(OO)(C(ON(=O)(=O)))C(=O)C(=O),-3.97866744233761,-3.8474228
C1(O)(N(=O)(=O))C(OO)(C(=O))OOC1C(=O)C(=O),-5.443190278136171,-3.654264
CC(ON(=O)(=O))(C)C(=O)C(OO)(C(OO))C(=O)(OON(=O)(=O)),-6.014338427557959,-5.294247
CC(=O)C=C(OO)C(OO)OC(=O)C(=O)(O),-8.960599142868887,-10.800633
C1(O)C(N(=O)(=O))(ON(=O)(=O))OOC1C(=O)(OO),-5.511341376404744,-6.2657294
C(ON(=O)(=O))C(ON(=O)(=O))OOC(C(=O)(O))C(=O)C(=O),-6.105066751115373,-5.63431
C(=O)(O)C1(OO)OC1C(=O)C(=O)(OO),-7.021101699850988,-8.440624
C(=O)(O)C1(C(ON(=O)(=O)))OOC(OO)(C1(=O))C(=O)C(=O),-7.017790958314436,-7.4386935
C(=O)(O)C(C(=O)(OO))C1(O)OC1(OO)C(=O),-9.946888966078404,-8.0174055
C(=O)(O)C1OC1C(ON(=O)(=O))C(ON(=O)(=O))(C(=O)(O))C(=O),-8.296757870353758,-8.127022
C(=O)(OO)C(OO)C(ON(=O)(=O))(C)OOC(=O)C(=O),-6.467527123473701,-5.1206975
C(=O)(O)C(OO)=C(N(=O)(=O))C1OC1(C)C(=O)(OO),-10.147479638151708,-10.887466
C(=O)(OO)C=CC(OO)(C(ON(=O)(=O)))OC(=O)C(=O),-8.22937633334368,-6.7741823
C1(=O)C(=O)OOC(ON(=O)(=O))C(=O)C1(O)C(OO),-5.042167647290626,-6.0370107
CC(=O)C(N(=O)(=O))(OO)C(OO)(C1(O))OOC1C(=O),-8.567837520720786,-9.904643
CC(=O)CC(ON(=O)(=O))C(O)CCC(ON(=O)(=O))C(OO)C,-9.067653546255315,-9.464882
C(OO)C(=O)C(C)(C(O))C(C(ON(=O)(=O)))C(=O)(OON(=O)(=O)),-7.626037191905198,-9.077912
CC(=O)CCC(ON(=O)(=O))CC(=O)C(OO)C(OO),-9.049522500121384,-9.323251
C(=O)(N(=O)(=O))C1(O)OC1(C(OO))C(OO),-6.915029572890489,-7.6945395
C(O)C(=O)C(O)(O)C(=O),-5.7375594575860305,-7.783119
C(=O)(O)C(ON(=O)(=O))C1(C(ON(=O)(=O)))OC1C(=O)(OO),-7.06717935562483,-7.852325
C(ON(=O)(=O))C(=O)C(=O)C1OOC(=O)C1(O)(O),-5.568662569785374,-5.3318343
C(=O)(O)C(=O)OOC(O)(C(=O))C(O)(C)C(=O),-8.952658701062319,-9.004894
C(=O)(OON(=O)(=O))C1OOC(O)(C1(=O))C(=O)C(=O)C,-4.110251855279785,-5.7395144
CC(C(ON(=O)(=O)))C(C(=O)(OON(=O)(=O)))C(=O)C(O),-5.00472073777928,-5.1490397
C(=O)(O)C(ON(=O)(=O))C(OO)C1(C)OC1(ON(=O)(=O))C(=O),-7.142096678129747,-6.857846
C1(=O)C(=O)C(OO)C(=O)OOC1(C)C(=O)(OO),-6.3360915486264275,-6.882522
C(=O)(OO)C=CC1(N(=O)(=O))OC1(O)C(=O)(OON(=O)(=O)),-5.541027925239177,-4.591371
C(=O)(OON(=O)(=O))C1(ON(=O)(=O))OC1(C)C(O)(O)C(=O)C(=O),-4.656597451365087,-4.961589
C(=O)(O)C(C(OO))C(O)(C)C(=O),-7.704518342201482,-7.182014
C(=O)(OO)C=CC1(OO)OC1(OO)C(=O),-8.461634224120644,-8.261291
CC(OO)(C(=O)(OO))C(=O)C(=O)C(=O)(OO),-6.741228313519969,-7.837071
C12C(OO)C(C1(ON(=O)(=O))C)CC(=O)C2(ON(=O)(=O))C,-5.941862063686131,-6.20019
C(=O)(O)C(=O)C(O)(C(ON(=O)(=O)))C(=O),-4.803656260512071,-5.024821
C(=O)(O)C1(O)OC1(ON(=O)(=O))C(=O),-4.60102110405569,-4.733208
C(O)C(=O)C(O)(O)C(N(=O)(=O))(OO)C(=O),-8.01046398494509,-7.3078203
C(=O)(OO)C(=O)C(=O)C1(C(OO))OC1C(=O)(OON(=O)(=O)),-6.384646788181271,-6.6537046
C(=O)(N(=O)(=O))C(=O)OC(OO)(C)C(ON(=O)(=O))C(OO)C(=O)(OO),-8.068642402082332,-7.0115147
C(ON(=O)(=O))CCC(=O)C(=O)CC(=O)CCC(=O)(OO),-8.545548939655419,-7.1458097
C(=O)C1OC1(OO)C(C(=O))C(=O),-5.4807823397859465,-5.259321
C(O)C(=O)C(C(=O)(OO))OOC(=O),-6.098448208053014,-5.1943827
C(=O)(O)C(=O)C(=O)C(=O)OC(=O)C(=O),-4.126955487343366,-3.5453906
C1(OO)OC1C(O)(C)C(=O)(O),-6.539040304036462,-6.8522916
C(=O)(OON(=O)(=O))C(=O)C1(O)OOC(OO)(C1(=O))C(=O),-4.682384436629945,-4.1203666
C(=O)(O)C(=O)C(ON(=O)(=O))C1OC1(O)C(=O)(OON(=O)(=O)),-5.398224670760101,-6.0073223
C(=O)(OO)C=C(OO)C1(C)OC1C(=O)(OON(=O)(=O)),-6.466955169496941,-8.899314
C(ON(=O)(=O))C(O)(C(=O))C(=O)C(O)(O)C(N(=O)(=O))(OO)C(=O),-9.364106724300655,-6.245628
C1(O)(N(=O)(=O))C(ON(=O)(=O))(C(=O))OOC1C(O)C(=O),-6.50804666779004,-5.9602056
C(=O)(OO)C(O)(O)C1(C(OO))OC1C(O)C(=O),-11.586351572317653,-10.99593
CC(OO)C(=O)C(OO)C(=O)C(OO)(C)C,-7.8205268102901755,-7.9156585
C(OO)C(ON(=O)(=O))(C(=O))C(C(ON(=O)(=O)))CC(=O),-6.823973106045742,-6.8457685
CC(ON(=O)(=O))(C(ON(=O)(=O)))C(O)(C(OO)C(=O))CC(=O),-8.542176493487204,-9.467858
C(ON(=O)(=O))C(=O)C(=O)C(=O)C(OO)C(O)C(=O),-6.593987615895458,-6.6089873
C12CC(C1(ON(=O)(=O))C)CC(ON(=O)(=O))C2(OO)C,-5.885462380902027,-4.9559884
C(=O)C(O)(OO)C(ON(=O)(=O))C1OC1C(=O),-6.445263597241137,-4.824193
C(=O)(O)C1(C(OO))OC1C(ON(=O)(=O))C(O)C(=O)(OO),-10.786715855865623,-12.400237
C1(=O)C(OO)(C)OOC1(O)C(OO)C(=O),-7.325480076833628,-7.0877056
CC1(C)C(=O)CC1(OO)CC(ON(=O)(=O))C(=O)(O),-8.04451162792975,-8.184438
C(=O)(O)C(=O)C(C(=O)(O))(C(=O))OOC(=O),-7.63070933156996,-7.461497
CC(C)(C(=O)(OON(=O)(=O)))C(C(OO))C(OO)(C)C(=O),-7.216811501421034,-7.286398
C(O)C(OO)C(C)(C(=O)(OON(=O)(=O)))C(=O)C(=O),-5.708933277055621,-5.4367466
C(=O)(O)C1OC1C(C)=C(OO)C(=O)(OO),-8.958786967006745,-6.9944687
C1(O)(N(=O)(=O))C2(OO)OOC1C=C(C2(=O))C(=O),-7.007682280847803,-6.9126897
C(=O)C(ON(=O)(=O))C(C)(C)C(O)C(=O),-4.361846250583767,-5.297634
C1C(OO)C(OO)(C)OOC1C(=O)C,-6.628781649924349,-5.953127
C(=O)(O)C1OOC(C(ON(=O)(=O)))C1(O)C(OO),-8.494568160545896,-8.991981
CC(=O)C(O)C(ON(=O)(=O))C(OO)C(O),-7.544488862986327,-7.006954
CC(=O)C(=O)OOC(OO)(C(=O)(OON(=O)(=O)))C(ON(=O)(=O))C(=O),-4.963151492775069,-6.3037033
C1(O)C(ON(=O)(=O))(C(=O))OOC1(C(=O)(OO))C(O)C(=O),-8.724686743196798,-9.4803
CC(=O)CCCCC(=O)CC(ON(=O)(=O)),-4.7952412330923835,-3.314123
C1(=O)C(=O)OOC1(C(ON(=O)(=O)))C(O)C(=O)(OON(=O)(=O)),-4.180916169032571,-3.9115248
C(=O)(O)C(=O)C(=O)OC(=O)C(=O)C(ON(=O)(=O)),-4.62056049061357,-4.1604066
C(=O)(O)C(OO)C(=O)OOCC(=O)C(=O)(OON(=O)(=O)),-7.300818426228943,-7.4157524
C(=O)(OO)C(OO)=C(C)C(=O)OC(=O),-5.651768344003358,-6.779877
C(ON(=O)(=O))C(=O)C(C)(C)C(C(=O)(O))C(=O)C(OO),-8.174402758086217,-8.801717
CC(=O)C(O)C(ON(=O)(=O))C(O)C(=O)(O),-7.630094064588775,-7.579716
C(=O)(O)C1OC1C(C(O))=CC(=O)(O),-9.380902725519263,-8.470828
C1(=O)C(=O)OOC1C(O)C(OO)C(=O)(OO),-8.379712771973573,-6.1293163
C1(=O)C(ON(=O)(=O))C(OO)C(=O)OOC1C(=O)(OON(=O)(=O)),-4.667994867631933,-4.004625
C(=O)(O)C(OO)C(O)C(=O),-6.838809202818084,-7.4465795
CC1(C)OOC(=O)C(ON(=O)(=O))C1C(ON(=O)(=O)),-3.8319006146048196,-4.190778
C(=O)(OO)C(=O)C(ON(=O)(=O))(OO)C(=O)C,-4.389772184949834,-4.7946
CC(=O)C(ON(=O)(=O))C(ON(=O)(=O))(C)C(C(=O))CC(=O),-5.562400176655501,-4.980811
CC(OO)(C)C(C(=O)(OON(=O)(=O)))CC(=O)C(O)C(=O),-7.282622504746541,-8.507064
C(=O)(OO)C(=O)C(N(=O)(=O))C(C(=O)(O))OOC(=O),-7.870179614183144,-9.06548
C1(O)(OO)C(N(=O)(=O))(C(=O)(O))OOC1(C)C(ON(=O)(=O))C(=O),-9.004167937746388,-7.806415
C1C(=O)OOC(OO)(C(=O)(OO))C(ON(=O)(=O))C1(=O),-6.80736979766516,-6.781695
C(ON(=O)(=O))C(=O)C(ON(=O)(=O))C(C)(C)C(=O)CC(=O)(OO),-6.3098264181026025,-5.5564995
C2C(=O)C(=O)C(O)C1(O)OC12(ON(=O)(=O)),-5.282175258456846,-7.6402473
C1(OO)OC1(O)C(=O)C(O),-6.0921628216747195,-5.61926
C(=O)C(N(=O)(=O))(ON(=O)(=O))C1(O)OOC(=O)C1(O),-5.109741028441931,-3.880502
C1(ON(=O)(=O))OC1(C(O))C(OO)C(O)C(=O)(OO),-8.795819386374205,-9.994505
C2(=O)C(OO)C(ON(=O)(=O))C(C1(O)(O))OOC12C(=O),-8.581768352814834,-9.833291
C12OOC(C1(O)C(ON(=O)(=O)))C=CC2(OO),-6.358064555664896,-7.6439548
CC(OO)(C)C(C(=O)(OO))CC(=O)C(O)(C)C(=O),-9.496268077695277,-15.877234
C(OO)C(=O)C1CC(C(=O)(OO))C1(C)C,-7.101147171997582,-8.564332
C(=O)(O)C(=O)C(=O)C(O)C(ON(=O)(=O))(ON(=O)(=O)),-5.082660393236438,-4.3935413
CC1(C(=O)(OO))OC1(ON(=O)(=O))C(OO)C(O)C(=O)(OON(=O)(=O)),-6.951328121591359,-8.784389
C(=O)(OO)C(=O)OC(=O)C(=O)CC(=O),-4.582108509246609,-4.6558547
CC(=O)CC(=O)CC(ON(=O)(=O))C(OO)C(=O)(OO),-8.174147038531373,-6.8595266
C(=O)(O)C(O)(O)C(=O)C(ON(=O)(=O)),-5.840476552970358,-6.5249357
C1(=O)C(OO)(C(=O)(O))OOC1(C)C(O)C(=O)(O),-10.649370504615945,-10.188634
C(O)C(=O)C1OC1(O)C(N(=O)(=O))=CC(=O)(OON(=O)(=O)),-6.816162308314233,-5.8924975
CC(OO)CCC(=O)CC(O)CCC(ON(=O)(=O)),-9.293691653132555,-8.778002
CC(OO)(C(=O)(OON(=O)(=O)))C(OO)(C(=O))CC(=O),-6.853536881186301,-7.1465244
C(=O)(OON(=O)(=O))C(ON(=O)(=O))C(O)(C(=O))C1OC1(OO),-5.67513484293886,-4.932078
C(=O)(OO)C(N(=O)(=O))C(OO)(C)OOC(=O),-5.899202858141507,-4.945674
C(O)C(=O)C1OC1(OO)C(O)(OO)C(=O)C(=O),-10.129200405513984,-13.349466
C1(=O)C(=O)OOC1C(O)C(ON(=O)(=O))(C)C(=O)(OON(=O)(=O)),-4.575951938357321,-4.6288824
C(=O)(OON(=O)(=O))C1C(OO)C(C(=O))C1(OO)C,-6.249340959708206,-6.4130716
C(OO)=C(OO),-2.2344254388735862,-2.1761346
C1(=O)OC1(C)C(O)C(ON(=O)(=O))C(=O)(OO),-6.277995128242765,-5.830647
C(O)C(OO)(C(=O)(O))C(ON(=O)(=O))C(=O)(OON(=O)(=O)),-6.7211803002719535,-6.844946
C(=O)(O)C1OC1C(ON(=O)(=O))C(=O),-4.8453276261279825,-4.793421
CC(=O)C1OOC(OO)(C1(O)(OO))C(O)C(=O),-9.739789934639703,-14.065399
C(=O)(OO)C(N(=O)(=O))(ON(=O)(=O))C(=O)C(C(OO))C(=O),-5.836672047429602,-5.630632
C1(=O)OC1C(OO)C(O)C(=O)C(=O)(O),-8.67768236232223,-7.854214
CC1(C)C(ON(=O)(=O))(CC(=O)(O))CC1C(=O)(OO),-7.757194767720648,-8.8087635
C(OO)C(=O)C(=O)C(O)(N(=O)(=O))C(=O)OC(=O),-4.951464538316941,-4.9480762
C12OOC(C1(O))C(OO)C(O)(C2(=O))C(ON(=O)(=O)),-7.785864022458554,-8.655412
C(=O)(OON(=O)(=O))C(O)(C(=O))C(ON(=O)(=O))(C1(O))OOC1C(=O),-5.969334151086514,-6.364339
C(O)C(=O)C1C(ON(=O)(=O))C(C(=O))C1(C)C,-5.600406632584054,-6.6103063
C12(O)OOC(N(=O)(=O))(C1(O))C(OO)=CC2(ON(=O)(=O)),-7.507871723675635,-7.1347365
C1(O)C(=O)OOC1(C(=O)(O))C=CC(=O)(OO),-9.166758986772038,-9.962859
C(=O)(O)C(=O)C(O)(C(O))C1OC1(OO)C(=O)(OON(=O)(=O)),-9.327233814474312,-6.4384437
CC(=O)C(ON(=O)(=O))(C(=O)C)C(O)C(ON(=O)(=O))C(O),-6.42791311648034,-6.984344
C(ON(=O)(=O))C(=O)C(=O)C(O)(C1(=O))OOC1C(=O)(OO),-7.259932604167261,-4.8898396
CC(OO)(C)C(O)(C(ON(=O)(=O)))C(=O),-5.180857703802758,-4.5087647
CC(=O)C(O)C(=O)OOC(O)(C(=O)(N(=O)(=O)))C(=O)(O),-8.54059943750326,-8.335834
C(=O)(OON(=O)(=O))C(O)C(=O)C(OO)(C)OC(=O),-4.846183092711726,-4.7634063
C(=O)(O)C(OO)(C(=O))OC(=O)C(ON(=O)(=O))C(=O),-6.867385905527044,-7.1436963
CC(=O)CCC(=O)C(OO)CC(=O)C(ON(=O)(=O)),-7.020686123621999,-8.030129
C1(O)C(OO)C(=O)C2(C(=O)(O))OOC1C2(=O),-8.470871128229192,-9.615235
CC1(O)C(=O)OOC1(O)CC(=O)C(=O)(N(=O)(=O)),-5.924518149753567,-6.493859
CC(OO)(C(=O)(O))C(O)C(O)C(ON(=O)(=O))C(=O),-10.094372541585471,-11.130867
C(=O)(O)C(O)(O)C(=O)OC(=O)C(ON(=O)(=O))(C(ON(=O)(=O)))C(=O),-7.993840559516684,-6.942538
C1(=O)C(O)(C(=O)(OO))OOC1(C)C(ON(=O)(=O))C(=O)(OO),-8.232401417655637,-10.606062
C(=O)(O)C(=O)C(ON(=O)(=O))OOC(=O),-3.674892390030436,-3.5994556
C1(O)C2(O)OOC1C=C(C(=O)(O))C2(=O),-9.567455751122907,-6.8070035
CC(=O)C(ON(=O)(=O))(C)C(ON(=O)(=O))(C)C(=O)(OO),-3.645968518627342,-3.7347279
C(=O)(O)C(ON(=O)(=O))(C(OO))C(C(=O))OOC(=O),-7.568956999486545,-8.574003
CC(=O)C(ON(=O)(=O))C(=O)CCC(=O)CC(OO)C,-7.265643909369828,-6.0656404
C(=O)(OO)C1(ON(=O)(=O))OC1(O)C(OO)(C)C(O)C(=O),-9.28080464474624,-10.393063
C(=O)(O)CC(OO)C(C)(C)C(ON(=O)(=O))C(=O),-8.102155858330661,-7.919096
CC(ON(=O)(=O))(C(=O)(O))C(O)C(=O)OC(=O),-5.9319549120846204,-5.7467737
C1(OO)OC1C(O)(C)C(ON(=O)(=O))C(=O),-5.797174479113892,-5.741474
C(=O)(O)C(=O)C(=O)C(O)(C)C(ON(=O)(=O))C(=O)(OO),-7.54055091162445,-6.904627
C(=O)(O)C(OO)OC(=O)C(ON(=O)(=O))C(=O)(OO),-7.88605153086246,-7.356371
C(=O)(OO)C(ON(=O)(=O))(OO)C(=O)C1OC1(C(=O))C,-6.486910778447054,-6.318975
C(=O)(O)C(=O)C(ON(=O)(=O))(C)C1OC1(O)C(=O)(OO),-7.510045435454231,-6.3734064
CC(=O)C1(ON(=O)(=O))CC(OO)C1(O)C,-5.404256763125886,-5.5367975
C(=O)(OON(=O)(=O))C(O)(OO)C(ON(=O)(=O))C1(O)OC1C(=O),-6.853430964198196,-8.069244
CC(N(=O)(=O))(OO)C(=O)OOC(=O),-2.615745373579557,-2.1459978
C1(O)C2(OO)OOC1C=C(OO)C2(OO),-9.599984342043172,-9.742104
C(=O)(OO)C(ON(=O)(=O))CC(C(=O)(OON(=O)(=O)))C(C)(C)C(=O)(O),-7.387390732168569,-7.4754014
C1(=O)C(O)C(=O)C(ON(=O)(=O))OOC1(C)C(=O)(O),-6.532844232831849,-3.8085518
C(ON(=O)(=O))C(=O)C(=O)C1OOC(C1(O)(OO))C(=O)(OO),-8.68898221575364,-9.800361
CC(=O)C(=O)C(C)(C)C(ON(=O)(=O))(C(O))C(=O),-4.810653094784357,-5.186852
CC(=O)C1(N(=O)(=O))OC1(O)C(=O),-3.2248469165642746,-1.0288773
C12OC1(OO)C(O)(O)C(=O)C(O)C2(O),-9.09515116721741,-8.835176
C1(OO)OC1C(O)(O)C(=O)(OON(=O)(=O)),-4.55756863829447,-3.82375
CC(=O)CC(O)CCC(OO)CCC(=O)(OON(=O)(=O)),-8.735252326077898,-8.836995
C1(O)C2(O)OOC1C(OO)=C(N(=O)(=O))C2(ON(=O)(=O)),-8.33515855834412,-11.032315
C(ON(=O)(=O))C(=O)C(ON(=O)(=O))(OO)C(=O)C1OC1C(=O),-5.503833442708128,-4.8802495
C(O)C(O)C(C)(C(=O)(OO))C(OO)C(=O)C,-9.490911853674334,-9.989692
C(OO)C(=O)OC(=O)CC(=O),-4.072798066627001,-3.9930506
CCCCC(OO)CC(OO)CC(=O)C,-6.769152926004608,-6.6787534
CCC(=O)CC(ON(=O)(=O))C(=O)CCC(OO)C,-5.913553415579372,-6.6514735
C(=O)C(O)(OO)C(=O)C(O)(C)C(ON(=O)(=O))OC(=O),-7.602001076505985,-8.651021
C1(O)(N(=O)(=O))C(=O)OOC1(C)C(OO)C(=O),-5.991468628082657,-4.99909
CC(=O)C1CC(=O)CC=C1C,-2.7096677541267127,-3.014077
CC(=O)C(=O)C(ON(=O)(=O))C(C(=O)(OON(=O)(=O)))C(C)(C)OOC(=O),-4.606630347610917,-5.209106
C(=O)(O)CC(=O)CC(C(ON(=O)(=O))(C)C)C(=O)C(ON(=O)(=O)),-8.11541519324237,-8.732756
C1(O)COOC1C(OO)(C(ON(=O)(=O)))C(=O)(OO),-8.655239600499044,-8.322217
CC(ON(=O)(=O))(C)C(ON(=O)(=O))(C)CC(=O)(OO),-3.827357036745525,-3.8638542
C1(=O)C(=O)OOC1C(=O)C,-1.2032978689676384,-2.5949953
CC(=O)C(C)(C(=O)(O))C(OO)C(=O)(O),-9.007945079021738,-9.309505
C1(OO)OC1C(C(OO))=CC(=O)(OON(=O)(=O)),-5.131400116937584,-5.065635
C(ON(=O)(=O))C(=O)C1(O)OC1C(=O)CC(=O),-5.2484295014292,-6.550901
CC1(C)C(OO)(C(OO))C(OO)C1C(=O)(OON(=O)(=O)),-7.2233597182057565,-7.1277313
CC(ON(=O)(=O))(C)OOC(C(=O)C)CC(=O),-3.676347319589695,-3.5338967
CC(O)(C(=O))C(N(=O)(=O))(ON(=O)(=O))C(O)(O)C(=O)C(=O),-7.393287447470357,-7.228353
C(O)C(C(ON(=O)(=O)))C(C(ON(=O)(=O)))(C)C(=O)(OO),-6.707407078400138,-5.8675065
CC(ON(=O)(=O))CCCCC(=O)C(=O)C(OO),-6.925270261766855,-5.963257
C(OO)C(=O)CC(ON(=O)(=O))(C(OO)(C)C)C(=O)C(=O),-8.101064072267036,-8.602998
C(OO)C(=O)OC(OO)C(OO)=C(N(=O)(=O))C(=O),-9.476283403171692,-8.805718
C12CC(=O)C(=O)C(OO)(C1(O)C(=O)(OO))OO2,-8.220409823552473,-9.391021
CC(=O)CCC(=O)C(ON(=O)(=O))CC(=O)CC(=O)(OO),-7.320914748299401,-8.921517
C(=O)(O)C1(C(ON(=O)(=O)))OOC(C1(O))C(O)C(=O)(OON(=O)(=O)),-8.772881549506565,-8.913121
CC(OO)(C(=O)(O))OOC(=O)C(O)C(=O),-8.495501429162687,-8.559161
C(=O)(OO)C(C(=O))C(C)(C)C(=O),-4.34570066165179,-3.3959079
C(=O)(OON(=O)(=O))C(N(=O)(=O))(OO)C(=O)C(=O)OC(=O),-2.5555011504038703,-2.9310725
C12OC1C(O)(O)C(=O)C(ON(=O)(=O))C2(O)C(ON(=O)(=O)),-6.909369929504464,-8.704876
C1(O)(N(=O)(=O))C2(O)OOC1C(O)(OO)C(OO)C2(ON(=O)(=O)),-10.138867639470845,-5.7526717
CC(=O)C(ON(=O)(=O))C(C)(C(O))C(=O)C(ON(=O)(=O))C(=O)(O),-7.698949066689238,-7.8779435
C(=O)C(O)C(OO)C(=O)OOC(=O)C(=O),-6.727316991979023,-6.0647097
C(=O)(O)C1OC1C(ON(=O)(=O))(C(OO))C(O)C(=O)(OON(=O)(=O)),-8.64122955025232,-8.690983
C(OO)C(=O)C(=O)OC(OO)C(=O)C(=O),-6.006461720608058,-6.4281864
C(=O)(O)C(=O)C1OC1C(ON(=O)(=O))C(OO)C(=O)(OO),-9.908723146756529,-8.424139
C(=O)(O)C(ON(=O)(=O))C(O)(C1(O))OOC1C(=O)C(=O),-9.169618543513934,-7.539695
C(O)C1(O)C(=O)OOC1(O)C(=O)(N(=O)(=O)),-5.097703599472879,-5.656741
C(=O)(OON(=O)(=O))C1OC1(=O),-0.6342656223278027,0.20829137
C(=O)(OO)C(N(=O)(=O))C(C(=O)(OON(=O)(=O)))OOC(=O)C,-4.946545017446624,-5.536957
C(=O)(N(=O)(=O))C(=O)C(=O)OC(OO)(C)C(=O),-3.235796054112143,-2.9637704
C(O)C(OO)C1(ON(=O)(=O))OC1(OO)C(=O),-7.183609169529518,-7.322195
CC(=O)C(C(OO)C(=O)(O))OOC(=O),-7.0799862084240885,-6.931164
C(=O)(O)C(O)C(C1(O)(OO))OOC1(C)C(=O),-10.290311562479474,-10.937564
C(OO)C1C(ON(=O)(=O))C(C(=O))C1(C)C,-5.14454824841232,-4.775078
C(O)C1(O)C(=O)OOC1C(N(=O)(=O))C(=O)(OON(=O)(=O)),-5.36167885044415,-5.224299
C(=O)C(ON(=O)(=O))C1OOC(=O)C1(O)C(=O),-4.618128203524975,-4.0537395
C(=O)(O)C(OO)(C(ON(=O)(=O)))C(ON(=O)(=O))(C)CC(=O),-7.858013535398641,-8.2831545
C(=O)(OON(=O)(=O))C(O)C(C(=O)(O))(C(ON(=O)(=O)))OOC(=O)C(=O),-7.451182363380212,-7.0136003
CC(ON(=O)(=O))(C(=O)(OO))C(C(OO))C(ON(=O)(=O))C(=O),-6.765324726249673,-7.684102
C1(O)(O)C(=O)OOC1CC(=O)C(=O)(N(=O)(=O)),-6.2792825056531,-4.898869
C(=O)(OO)C1OOC(O)(C1(O)(N(=O)(=O)))C(OO)C(=O),-9.710448653262574,-10.956714
C(=O)(O)C1OC1(O)C(ON(=O)(=O))(C)C(O)C(=O)(OON(=O)(=O)),-7.443155401881086,-8.072969
C(=O)C(OO)C1OOC(=O)C1(O)(O),-7.204971148661571,-6.3411202
C(=O)(OON(=O)(=O))CC(OO)C(C(ON(=O)(=O)))(C)C(=O),-5.599954147197423,-6.1087656
C(=O)(O)C(O)(N(=O)(=O))C1OOC(C1(=O))C(=O),-6.592548314423766,-6.7774267
CC1(C(=O)(OON(=O)(=O)))C(OO)CC1C(ON(=O)(=O))(C)C(=O),-6.275007239877596,-5.6708236
C2(=O)C=CC(C1(O)(O))OOC12C(=O)(OON(=O)(=O)),-5.971851637936197,-7.019912
C(=O)(O)C(ON(=O)(=O))(C(=O)(O))OOC(=O),-5.718467728802352,-6.1710057
CC(=O)C(ON(=O)(=O))C(C(=O)(OO))OOC(=O)C(=O)(OO),-7.676519928761991,-8.144823
CC1(C(=O)(O))OC1(OO)C(OO)C(=O)(OON(=O)(=O)),-7.037612087733578,-7.46754
C(=O)(O)C(=O)C(O)(C)C(=O)C(ON(=O)(=O))OC(=O),-6.122117184087983,-5.0050163
C12OC1C(O)C(=O)C(=O)C2(O)C(ON(=O)(=O)),-5.620892199178343,-6.0040684
CC(C)(C(=O))C(OO)(C(=O))C(O)(C)C(=O),-6.617895372866769,-6.6668653
C1(=O)OC1(OO)C(O)(O)C(=O)C(O)C(=O),-8.358030823423178,-7.78769
C(=O)(O)CCC(=O)C(ON(=O)(=O))CC(=O)C(OO),-8.90660325466888,-9.058262
C(=O)C(O)C(=O)C(=O)OC(=O)C(=O)C(=O),-4.156669196643634,-5.396414
C(OO)C(=O)OOC(ON(=O)(=O))(C(=O)(OO))C(ON(=O)(=O))C(=O),-6.91256056020211,-6.433856
CC(=O)C(OO)CC(=O)C(=O)C(=O)C(ON(=O)(=O))(C)C,-6.194096567473025,-6.3526587
C(=O)(OON(=O)(=O))CC(O)(C1(O))OOC1C(=O),-6.3730313460109755,-6.594588
C(=O)(OO)C1OOC(C(=O))C1(O)C(OO),-8.145853022680967,-8.660054
C1(=O)C(ON(=O)(=O))OOC1(C(=O))C(=O)C(=O),-2.0771372503077146,-2.8989406
C(ON(=O)(=O))C(=O)OOC(C(=O)(O))(C)C(=O),-5.366361101041548,-6.191061
C(=O)(OON(=O)(=O))CC(=O)C(=O)C(O)C(=O),-3.8265017557132524,-5.2366276
C12OOC(O)(C2(=O))C(=O)C(O)C1(ON(=O)(=O))C(ON(=O)(=O)),-6.023905334906885,-3.7678983
C(=O)(OO)C(=O)C1OOC(O)(C1(O))C(=O),-7.896499526934349,-6.953855
C(=O)OC(O)C(=O)C(N(=O)(=O))=C,-4.442751139737084,-3.8610506
C(O)C1(O)C(=O)OOC1(O)C(=O)(OON(=O)(=O)),-5.131283264869126,-5.045376
C(ON(=O)(=O))C(=O)C(ON(=O)(=O))C(OO)OC(=O),-4.740620970143937,-5.0494986
CC(ON(=O)(=O))C(=O)CC(OO)C(ON(=O)(=O))(C)C,-5.591083961349796,-5.872451
C12CC(ON(=O)(=O))(C1(C)C)CC(ON(=O)(=O))C2(OO)C,-5.4953514776570955,-5.2157893
C(=O)(N(=O)(=O))C(=O)C(OO)C(=O)C(O)(C)C(=O)(O),-7.162293402128853,-6.32129
C1(O)(O)C(OO)OOC1C(ON(=O)(=O))C(=O)C(=O)(O),-9.48999667915632,-9.521034
C(=O)(O)C(=O)OOC(=O)C(ON(=O)(=O))C(=O)C(OO),-7.425270600564545,-6.9260173
C1(=O)C(O)(C(=O)(OON(=O)(=O)))OOC1C(=O)C(=O)(OON(=O)(=O)),-3.0206123405369,-2.6069515
C(=O)(OON(=O)(=O))C(=O)OOC(OO)C(=O)C(=O)C(=O),-3.7863476813799934,-4.3976803
C(=O)(O)C(O)C(=O)C(O)(O)C(O)(ON(=O)(=O))C(=O),-8.707892944759806,-10.97828
C(=O)(N(=O)(=O))C1OC1(OO)C(ON(=O)(=O)),-3.130899443887756,-3.220788
C(=O)(O)C(=O)OC(=O)C(C)C(=O)(OON(=O)(=O)),-3.9608978280884912,-3.8818035
C1(=O)C(OO)C(ON(=O)(=O))(C(=O)C)OOC1(ON(=O)(=O))C,-4.602192106540315,-3.9238424
CC(=O)C(C(ON(=O)(=O)))C(OO)C(=O)(OO),-6.202481366650318,-5.4583735
CCCC(=O)CC(ON(=O)(=O))CC(ON(=O)(=O))CC,-4.226936242892407,-4.06573
CC(=O)C(C(=O)(O))CC(OO)C(ON(=O)(=O))(C)C(=O),-9.005295156355714,-9.306598
CC(=O)C(ON(=O)(=O))CC(ON(=O)(=O))(C)C(=O)C,-3.604004500011797,-4.2048774
C(=O)(OO)C(ON(=O)(=O))C(=O)OC(=O)C(=O)C(=O),-4.444067019503564,-4.7327814
C(=O)(OON(=O)(=O))C(O)(O)C(=O)OC(=O)C(O)(C)C(=O),-6.607379682813189,-6.5539265
C(=O)(O)C(OO)C(ON(=O)(=O))C(=O)OC(=O)C(=O)(O),-8.908706116548274,-9.622878
C(O)C(ON(=O)(=O))(C(=O)(O))C(C(=O)(OO))CC(=O),-9.213308842503466,-7.980853
C(=O)C(=O)C(=O)CC(=O)C(=O),-2.2540125548257492,-1.9888103
c1cc(OO)c(C)c(O)c1,-4.242344312777277,-3.9073238
C(=O)(N(=O)(=O))C1(OO)OC1C(ON(=O)(=O))C(=O)C(=O)(O),-6.480108847754309,-5.8332014
CC(=O)CC(=O)CC(ON(=O)(=O))C(OO)C(OO)CC,-8.485958005621796,-8.649465
C(O)C(OO)C(O)(C)C(C(=O)(OON(=O)(=O)))C(=O)C,-7.712802773225121,-7.8460298
C(O)C(=O)C1OC1(ON(=O)(=O))C(OO)=CC(=O)(OO),-8.849049542841385,-11.10487
CC1(C(=O)(OO))OOC(N(=O)(=O))(C1(O)(O))C(ON(=O)(=O))C(=O),-8.641986673988868,-6.8567944
CC(=O)C1C(OO)C(C(=O))C1(C)C,-4.782169515528949,-4.730759
C12OOC(O)(C2(O))C(=O)C(O)C1(ON(=O)(=O))C(O),-8.602473571081646,-8.249604
C(O)C(C(ON(=O)(=O)))C(C(=O)(OON(=O)(=O)))C(=O)C,-5.0859658985136775,-4.9124675
CC(O)(C(=O))C(ON(=O)(=O))C(=O)C(O)(N(=O)(=O))C(=O),-6.198365159056266,-6.0271897
C1(O)C2(OO)OOC1C=C(C(=O)(O))C2(=O),-9.262054806997185,-10.204144
CC(O)CC(=O)C(=O)CC(=O)CC(OO)C,-8.583012880553724,-7.898601
C(=O)(O)C(=O)C1OC1C(=O)C(OO),-7.150211533909896,-8.261587
C12OOC(C1(O))C(ON(=O)(=O))C(OO)C2(=O),-6.510459696204634,-7.235039
C(=O)(O)C(N(=O)(=O))(C(=O))OOC(ON(=O)(=O))(C)C(=O)C(=O),-6.322277713246876,-5.1845617
CC(ON(=O)(=O))CCCCC(OO)CCC(O),-7.923254522844218,-7.729006
CC(=O)C(OO)C1OC1(ON(=O)(=O))C(=O)(O),-6.06756210741878,-6.3536453
C(=O)(N(=O)(=O))C(=O)OC(=O)C(O)C(=O)C(=O)C(OO),-6.118013249433716,-6.288746
C1(OO)OC1(N(=O)(=O))C(=O)CC(=O)(O),-6.095589814969571,-6.0956736
C(=O)(O)C1(O)OC1(OO)C(C(=O)(OON(=O)(=O)))=CC(=O),-8.09822459515999,-9.256568
C1(=O)C(N(=O)(=O))(C(=O)(OO))OOC1C(=O)C(=O),-4.545466094685253,-4.6725545
C(=O)(OON(=O)(=O))C(OO)C(OO)C(C)(C)C(C(=O))C(=O)C,-8.014089626303758,-7.935313
C(=O)(O)C1(C(OO))OC1C(=O)C(OO),-9.199414107308257,-9.72628
C(=O)(O)CC(C)C(OO)(C)C(=O)(OO),-8.072607144073118,-11.454836
C(=O)(OO)C=C(C(=O)(O))C(=O)OC(=O),-6.4592696369072655,-7.112526
C(ON(=O)(=O))C(=O)C(ON(=O)(=O))C1OOC(OO)(C1(O))C(=O)(OO),-9.066331213296507,-10.41227
C(ON(=O)(=O))C(OO)(C(=O))C1(OO)OC1(OO)C(=O),-7.532781654183054,-8.106003
C(=O)(O)CC1(ON(=O)(=O))OC1(C(O))C(=O)(OON(=O)(=O)),-5.827835062897066,-6.448413
C1(ON(=O)(=O))OC1(C(OO))C(OO)C(O)C(=O)(OO),-8.990068875689758,-10.274569
C(OO)C(=O)C1(N(=O)(=O))OC1(OO)C(=O)(OO),-6.96955849135702,-6.35153
C(=O)(OO)C(ON(=O)(=O))C1(O)OOC(O)(C(=O))C1(O)C(=O),-9.048710322473198,-5.0898137
C(=O)(O)C1OOC(=O)C(ON(=O)(=O))(C(OO))C(=O)C1(N(=O)(=O)),-8.402809242455987,-7.6913476
C(O)C1(C(=O))OOC(O)(C1(=O))C(ON(=O)(=O))C(=O),-6.628053051259485,-7.821965
C(ON(=O)(=O))C(=O)C(ON(=O)(=O))C(C)(C)C(C(=O)(O))C(=O),-7.1873450762359425,-7.249509
C(=O)(O)C(ON(=O)(=O))C(ON(=O)(=O))(C)C(=O)OC(OO)C(=O)(OO),-8.280634780821856,-9.270331
C(=O)(OO)C(=O)C1(OO)OC1C(O)C(=O),-7.757216746045742,-7.7913575
CC(OO)(C(=O))C(C(=O))C(C)(C)C(ON(=O)(=O))C(=O),-7.153144015552243,-7.7320237
C(ON(=O)(=O))C(C(=O)(OO))(C)C(C(O))C(=O),-6.32910493738018,-6.5451865
C(=O)(O)C(O)C(ON(=O)(=O))C(O)(O)C(=O)C(=O),-9.490886447092635,-10.481439
C(=O)(O)C(O)C(O)(C1(=O))OOC1C(=O)C(OO),-10.595288715296192,-12.75772
C(O)C(=O)C(=O)C(ON(=O)(=O))C(OO)CC(=O)(OO),-8.948502428014763,-11.705529
C(O)C1(C(=O)(N(=O)(=O)))OC1C(ON(=O)(=O))C(OO)C(=O)(OO),-8.970585446426412,-8.807841
CC(=O)C(OO)(C(=O)C)C(O)C(ON(=O)(=O))CC(=O)(OON(=O)(=O)),-7.014917099615559,-7.6807127
C(=O)(OO)C(OO)(C(=O))C(=O)C(=O)C(=O),-5.565360457869247,-4.3715634
CC1(C)OOC(=O)CC1(O)CC(=O)(O),-7.016479885263834,-7.6292534
C(O)C(ON(=O)(=O))C(C(O))(C(=O)(OON(=O)(=O)))C(=O)C,-6.043455048842588,-6.0527196
C(=O)(O)C(C(OO))C1OC1C(=O)(OON(=O)(=O)),-6.814303069491871,-6.372015
C(=O)(O)C1(O)OC1C(O)(C(=O)(OON(=O)(=O)))C(OO)C(=O),-9.628556170660886,-11.627689
C(=O)(OO)C(OO)C1(ON(=O)(=O))OC1C(=O)(OON(=O)(=O)),-4.777018233289709,-5.362336
CC(ON(=O)(=O))(C(=O)(OO))C1OOC(O)(C1(O))C(=O)(OON(=O)(=O)),-7.359249840999837,-7.304505
CC(O)(C(ON(=O)(=O)))C(OO)(C(=O))C(=O)C(ON(=O)(=O)),-6.5034801311121555,-5.9903235
CC(=O)OOC(O)(C(=O))C(=O)C(=O)(OON(=O)(=O)),-3.6355170954047935,-3.143776
CC(=O)C(ON(=O)(=O))C(C)(C)C(C(=O)(OON(=O)(=O)))CC(=O),-5.206546731395065,-5.354564
CC(=O)CCC(O)CC(=O)CC(OO),-7.787560996497632,-8.257746
C(=O)(OO)C(=O)C1OC1C(OO)=C(N(=O)(=O))C(=O),-8.928811224264791,-9.527975
C(O)C(OO)(C(=O)(OO))C(=O)OOC(=O),-6.9681038192647975,-5.1269827
C(=O)(O)C1(N(=O)(=O))OC1(OO)C(OO)C(O)(C)C(=O)(OON(=O)(=O)),-9.699991269095335,-9.259609
CC1(C)C(OO)CC1C(C(=O)(O))=C,-5.1817278343078215,-5.3534827
C(=O)(O)C(N(=O)(=O))=C(C(OO))C(=O),-5.728908420423977,-5.9779334
C12OOC(N(=O)(=O))(C1(O)(O))C(=O)C(=O)C2(=O),-4.991661318083061,-4.416778
C(=O)CC(=O)C1OC1(O)C(=O),-5.226439977137488,-5.4544325
CC(=O)C(C(ON(=O)(=O)))CC(OO)C(=O)(OON(=O)(=O)),-5.450591889981297,-5.4716697
C(=O)(O)C(=O)C(ON(=O)(=O))(C)C1OC1C(=O)(O),-7.610466505473596,-7.845178
CC(=O)C(ON(=O)(=O))C1OOC(C1(O)(ON(=O)(=O)))C(=O),-5.566546298578032,-5.637129
C(OO)C1(C(=O))OC1(O)C(N(=O)(=O))=CC(=O),-8.046848398531438,-8.498149
C1(ON(=O)(=O))C=CC(=O)OOC1(O)C(=O)(O),-6.84124027568032,-6.4153237
C1(=O)OC1C(ON(=O)(=O))C(O)C(=O)(OON(=O)(=O)),-3.894284074762254,-2.9469216
CCCC(=O)CC(OO)C(=O)CCC(=O)(OON(=O)(=O)),-6.090179271370289,-6.563645
CC(=O)C1CC(OO)(C1(OO)C)CC(=O),-8.156918254317134,-8.236546
C1(O)(O)C(N(=O)(=O))OOC1(O)C(OO)C(=O)(O),-9.41382098737813,-10.866094
CC(=O)C(=O)C(OO)C(CC(=O)(O))C(OO)(C)C(ON(=O)(=O)),-11.123679151540273,-10.81776
CCC(ON(=O)(=O))CC(=O)CC(OO)C(OO)CC,-8.419406904358766,-7.8720164
CC1(C)OOC(C(=O)C)CC1C(OO),-5.058910740117426,-4.4685855
C(ON(=O)(=O))C(=O)C1OOC(O)(C1(O))C(=O)(OO),-7.392763700379874,-7.305787
C(=O)(O)C1OC1(C(=O)(O))CC(=O)(OON(=O)(=O)),-6.868979892489733,-6.6116166
C(=O)(OO)C(O)C(OO)C1(C)OC1(O)C(=O)(OON(=O)(=O)),-8.760664147950592,-9.509072
CCCC(ON(=O)(=O))CC(ON(=O)(=O))C(=O)(OO),-4.528697746005491,-3.2145443
C1(=O)OC1(C(OO))C(O)C(=O)(OON(=O)(=O)),-4.650981743136072,-3.9325907
CC(O)C(ON(=O)(=O))CC(=O)CCCCC(=O)(OON(=O)(=O)),-7.367176205661963,-7.1701846
C(=O)(O)OOC(C(=O)(OON(=O)(=O)))C(=O)C(=O)C,-4.769794818857918,-4.376369
C(=O)(O)C1OC1(OO)C(C(=O)(OO))C(=O),-8.934282190923113,-7.665312
C(O)C1(O)C(O)(C(=O)(OO))OOC1C(O)C(=O),-10.036271827251767,-10.512838
C(=O)(N(=O)(=O))C(=O)CC1(C(OO))OOC(=O)C1(=O),-5.131802385963965,-6.849223
C1(O)(OO)C(O)(C(=O))OOC1(C(OO))C(ON(=O)(=O))C(=O),-10.605655614766874,-12.077196
C(=O)(OO)C(=O)OC(=O)C(O)(C)C(=O)C(=O),-5.5387106933631,-4.883306
C(=O)(N(=O)(=O))C(OO)OC(=O)C(O)(C(O))C(=O),-7.115463432419347,-6.607913
C1(O)(N(=O)(=O))C(=O)OOC1C=C(C)C(=O)(OON(=O)(=O)),-4.781683494453318,-4.2613325
CC(ON(=O)(=O))(C)OOC(OO)(C(=O)C)CC(=O)(OON(=O)(=O)),-4.761208153489861,-4.544604
C(=O)(O)C1OC1(OO)C=C(C)C(=O)(OO),-8.51031890255399,-8.484867
C(=O)(OON(=O)(=O))C(=O)C(ON(=O)(=O))(OO)C(O)OC(=O)C,-4.937485380694852,-5.0647
C(=O)(O)C(O)(C(=O)(O))C(=O)OOC(=O),-7.866540291055571,-7.524368
C2(=O)C(=O)C(N(=O)(=O))C(OO)(C1(O)(O))OOC12(OO),-9.321630708305747,-9.850109
C(=O)(N(=O)(=O))C(OO)OC(=O)CC(=O)(O),-5.905213115358492,-6.3338284
CC(ON(=O)(=O))(C)C(OO)(C(ON(=O)(=O)))CC(=O)C(=O)(OO),-6.745701605439535,-8.406101
C(=O)C(=O)C1(OO)OC1(OO)C,-4.763775895757135,-4.3184915
CC(=O)C1(OO)CC(OO)CC=C1C,-6.853645351220621,-6.291365
C(=O)(OON(=O)(=O))C(=O)C1OOC(OO)(C1(O))C(=O)C(=O),-6.082136540047941,-7.432919
C(O)C(C(=O))C(=O)C1(N(=O)(=O))OC1(O)C(=O),-7.316343034282909,-6.6286564
C(=O)(OON(=O)(=O))C(=O)C(OO)(C1(O))OOC1(O)C(ON(=O)(=O))C(=O),-7.115918258947204,-6.247099
C(=O)(O)C(=O)OOC(C(O))(C(=O)(O))C(ON(=O)(=O))C(=O),-10.423839489420061,-10.825715
C1(ON(=O)(=O))C(O)C(OO)C(O)(C2(O)(OO))OOC12,-11.041410659847315,-8.825355
CC(=O)C(O)C(ON(=O)(=O))C1OC1(O)C(=O)(O),-8.43153698639071,-8.844106
C1(O)C(OO)OOC1C(O)(C(=O)(OON(=O)(=O)))C(=O),-7.223495755228214,-6.723956
C(=O)(OO)C(OO)C(O)(C)C1OC1(OO)C(=O),-9.92772212557611,-12.363677
C1(O)C(ON(=O)(=O))C(C(=O)C)C(OO)C(OO)C1(ON(=O)(=O))C,-8.96748398496129,-9.4714575
CC(=O)C1OC1(O)C(O)(O)C(=O)C(=O),-6.9201096169272205,-8.113424
C(=O)C(O)C(ON(=O)(=O))C1(C(ON(=O)(=O)))OC1(OO)C(=O),-7.0857657188607845,-7.314649
C1(=O)C(=O)OOC1C(C(ON(=O)(=O)))C(=O)(OON(=O)(=O)),-3.8501168357906863,-4.559694
CC(=O)C(OO)(C1(C)C)C(ON(=O)(=O))C1C(=O)(O),-7.23480280849617,-5.556847
C(=O)(OO)C(OO)=CC(OO)OC(=O),-7.4767506430944195,-8.710004
C(=O)C(=O)OC(O)C(=O)C(C(=O)(OO))=C,-6.487484115321422,-8.537813
C(=O)(O)C(ON(=O)(=O))(C(ON(=O)(=O)))C(OO)OOC(=O),-6.4302941352070775,-6.7623677
CC1(C)C(OO)(C(=O))CC1(OO)C(=O),-6.769362957100384,-6.5824537
C(O)OOC(OO)(C(=O)(O))C(=O)C(=O),-7.723183942507603,-7.873217
CC(ON(=O)(=O))(C)OOC(C(=O)C)CC(=O)CC(=O)(OON(=O)(=O)),-4.969140364628402,-5.483443
C(=O)(O)C1OC1(OO)C(=O)C(N(=O)(=O))(ON(=O)(=O)),-5.689456521969987,-5.632736
C(=O)(OO)CC(ON(=O)(=O))C(C)(C(O))C(C(=O))C(=O)C,-8.505394145540777,-10.443611
C(=O)(N(=O)(=O))C1OC1C(ON(=O)(=O))C(OO)(C(=O)(O))C(OO),-9.622383838286623,-9.37776
CC(OO)CC(ON(=O)(=O))C(O)CC(=O),-7.479276194484555,-6.7856536
C(OO)C(OO)(C(=O)(OON(=O)(=O)))C(=O)C(=O)C(ON(=O)(=O))C(=O),-6.228173134062672,-7.115376
C(ON(=O)(=O))C1(OO)OC1C(=O)C(O)C(=O),-5.929495209187735,-8.162128
C(=O)(OO)C(N(=O)(=O))(ON(=O)(=O))C(O)(C1(O))OOC1(C)C(=O),-8.079845387270325,-5.9654775
C(ON(=O)(=O))C(C(=O)(OO))=C(OO)C1OC1C(=O)(OON(=O)(=O)),-7.253814789743046,-7.7963004
C(ON(=O)(=O))C(=O)C(C(=O))C(C)(C)C(=O),-3.7717795553035103,-4.253117
C(=O)(OON(=O)(=O))C(O)C(O)(C)C(=O)OC(=O),-4.174300385580864,-3.0679107
CC(=O)C(ON(=O)(=O))C(C)C(=O),-2.2451911590760574,-2.323947
C(=O)(O)C1OOC(OO)(C(ON(=O)(=O)))C1(O)C,-7.51264612286468,-6.364561
CC(OO)(C)C(ON(=O)(=O))(C(ON(=O)(=O))(C)C(=O))C(OO)C(=O),-7.77945255668601,-7.905204
CC(OO)(C)C1(ON(=O)(=O))CC(=O)C(O)(C(OO))C(=O)C1,-9.617859329999192,-8.138544
C(=O)(OO)C(N(=O)(=O))C(=O)C(OO)(C(O))OC(=O)C(=O),-8.829340278214659,-9.138553
C(=O)(O)C(O)C(=O)C(O)(C(=O)(OON(=O)(=O)))C(ON(=O)(=O))C(=O),-7.248964635597076,-7.6029897
C(=O)(O)C(=O)C(O)(O)C(OO)(C(=O)(OON(=O)(=O)))C(ON(=O)(=O))C(=O),-9.38693215062085,-10.693213
CC(O)C(ON(=O)(=O))CC(OO)C(ON(=O)(=O))CC(=O)CC,-8.629743728859467,-8.868659
CC(=O)C(OO)OC(=O)C(ON(=O)(=O))(OO)C(=O)C(=O),-6.37797575526929,-7.2512164
C1(=O)C(C(OO))OOC1(C(=O)(O))C(=O)(OON(=O)(=O)),-6.388567052548751,-6.9593306
C(=O)(O)C1OC1C(ON(=O)(=O))(C(=O))C(O)C(=O)(OO),-9.01157188959769,-9.054366
C12C(ON(=O)(=O))C(C2(OO)C)CC(=O)C1(O)C(ON(=O)(=O)),-7.255258397082798,-7.1452827
C(=O)(OO)CC=CC(=O),-4.063471752015175,-4.7616315
CC(=O)C(ON(=O)(=O))(C(=O)(O))C(C)(C)C(=O),-5.089735074390774,-5.19101
C1(O)(O)C(OO)OOC1(OO)C(ON(=O)(=O))C(=O)C,-8.312186441675294,-8.988544
C(=O)(O)C(N(=O)(=O))=CC(OO)(C)OC(=O)C(=O)(OO),-9.025883624708513,-10.2674675
CC1(C)C(OO)C(ON(=O)(=O))C1C(OO)(C)C(=O)(O),-8.720809326216113,-8.799798
C(=O)(O)C(ON(=O)(=O))C(C(=O)(O))(C(=O)(OO))OOC(=O),-9.376462518936023,-8.52169
C(=O)(O)C(=O)C(OO)C(=O)C(=O)C(=O),-5.867705499680596,-6.116848
C(=O)(N(=O)(=O))C(=O)C1(C)OOC(C1(=O))C(=O),-3.233583595880191,-2.1018236
C1(N(=O)(=O))OC1(O)C(=O)C(O),-4.020542689118884,-5.1849966
CC1(C)C(ON(=O)(=O))C(O)(C)C(=O)CC1(ON(=O)(=O))C(=O)(O),-7.419790286323405,-7.7470355
C12OOC(C1(O)C)C(OO)C(ON(=O)(=O))C2(=O),-6.5528624657017644,-7.4304395
C(=O)C=C(C)C(=O)C(=O),-1.647650463070022,-1.6433051
C(=O)(OO)C(ON(=O)(=O))C(ON(=O)(=O))(C)C1OC1C(=O),-5.608902475971263,-5.463929
C(OO)C(ON(=O)(=O))C(C)(C(=O)(OO))C(C(=O))C(=O)C,-7.869935493246885,-7.2179213
CC(=O)CC(ON(=O)(=O))C(=O)C(OO)C(OO),-7.253947767079808,-7.8690195
CC(ON(=O)(=O))(C)C(=O)C(ON(=O)(=O))(C)C(=O)CC(=O)(OO),-5.405650182685349,-3.80705
CC(OO)(C)C(C(ON(=O)(=O)))C=CC(=O)C,-5.906748173118103,-6.3408413
C(=O)(OON(=O)(=O))C1(OO)OC1(C(ON(=O)(=O)))C(O)C(=O),-5.635510151099879,-5.8952446
C(=O)(N(=O)(=O))C(=O)C(C1(O))OOC1(C(=O)(O))C(=O),-7.187877031421522,-7.3160577
c1cc(OO)c(O)c(OO)c1,-6.2432853339996655,-4.5614963
C(=O)(OO)C(O)C(=O)C(=O)C(O)(C)C(=O),-7.531057165731909,-8.203866
C(=O)(OO)C(=O)C(ON(=O)(=O))C1OC1(ON(=O)(=O))C,-4.31912656397617,-4.653481
C(O)C(ON(=O)(=O))(C(=O))C(C(=O)(OON(=O)(=O)))OOC(=O),-4.658507348736748,-5.0034027
C(OO)C1(O)C(=O)OOC1C(O)C(=O)(OO),-9.17055063022417,-7.116369
CCC(O)CC(=O)C(ON(=O)(=O))CC(=O)CC,-6.025499364244752,-5.879271
CC(ON(=O)(=O))(C(OO))C(C(O))C(=O)C(=O)(OO),-7.824232751139789,-9.481867
C1(O)C(=O)C(ON(=O)(=O))C(OO)C(OO)C1(O),-8.862869601362036,-8.72761
C(=O)C(O)C(ON(=O)(=O))(C(=O)(OO))C(=O)OC(=O),-5.706750995741459,-6.1316495
C(=O)(O)C(N(=O)(=O))(OO)C(=O)C1(C)OC1C(=O),-7.10486818139907,-6.5016136
C(=O)(OO)C(O)C(=O)C(N(=O)(=O))(OO)OC(=O)C(=O),-7.082675666402793,-7.415377
C(O)C1(O)C(=O)OOC1C(ON(=O)(=O))C(=O)(OO),-7.381263428629609,-8.768044
C1(O)C(=O)OOC1C(O)C(=O)C,-5.501398640539264,-5.62966
CC(C(OO))(C(=O)(OON(=O)(=O)))C(=O)C(O)C(=O),-5.627567579198512,-5.9576297
CC(=O)C(O)C(ON(=O)(=O))C(OO)OC(=O)C(=O)(O),-8.645398897409905,-9.943319
C12OOC(C2(O))C(N(=O)(=O))(ON(=O)(=O))C(=O)C1C(OO),-7.5217646683740895,-6.840884
CC(ON(=O)(=O))(C(=O)(OO))C1(ON(=O)(=O))CC(OO)(C(=O))C1(C)C,-7.793990385165671,-6.8268437
CC(ON(=O)(=O))(C)OOC(C(=O)C)C(OO)C(=O)C(=O),-5.755293869253364,-4.835274
CC(=O)C(ON(=O)(=O))C(=O)C(O)(O)C(N(=O)(=O))(OO)OC(=O),-7.808569817309035,-7.715164
C1(=O)C(ON(=O)(=O))OOC1(ON(=O)(=O))C(OO)(C)C(=O),-4.019524285395164,-4.2080746
C1(=O)C(ON(=O)(=O))(C(=O)(O))OOC1(C(OO))C(=O)(OON(=O)(=O)),-5.737984943363699,-6.989631
C(=O)(O)C(ON(=O)(=O))C(O)C(C)(C(=O)(O))OOC(=O),-9.668752377634519,-9.354455
C(OO)C1(C(=O)(OON(=O)(=O)))OOC(OO)(C1(O))C(=O),-7.904856053399271,-9.090202
C(=O)(O)C(C(ON(=O)(=O)))(C)C(OO)(C(ON(=O)(=O)))C(=O),-7.710598514677258,-7.790422
C(=O)(OON(=O)(=O))C(ON(=O)(=O))C(O)(C(=O))C(OO)(C)C,-5.504826543736272,-5.487753
C(=O)C(=O)C(O)(OO)C(ON(=O)(=O))(C)C(=O)C(=O),-5.257083413001965,-5.888577
CC(ON(=O)(=O))C(C)(C)C(=O)CC(=O)(O),-5.175895224354463,-5.482362
C(=O)(OON(=O)(=O))C1(O)OOC(OO)(C1(O)C)C(O)C(=O),-8.663505271630129,-7.6258197
C(=O)(O)C(OO)(C(=O))C(=O)C(O)C(ON(=O)(=O))C(=O),-8.525930633884855,-10.161082
C(=O)(OO)C(N(=O)(=O))=C(C(=O)(O))C1OC1C(=O),-8.52055409795139,-7.276112
C1(=O)C(OO)(C(O))OOC1C(=O)(OON(=O)(=O)),-4.838875943023595,-4.742974
C(=O)(OO)C(OO)CC(=O)C(C)C(=O)(OON(=O)(=O)),-6.185476785583887,-5.103239
C(=O)(O)C(=O)C(C(ON(=O)(=O)))C(ON(=O)(=O))OC(=O),-5.909795010069502,-5.520404
CC(ON(=O)(=O))(C(=O)(O))C(=O)OC(=O)C(=O)(OON(=O)(=O)),-3.84785220248159,-3.8054092
C(=O)C(O)C(ON(=O)(=O))(C(=O))C(=O),-3.5120461162005085,-3.7115314
C(=O)(O)C(O)CC(ON(=O)(=O))C(C)(C)C(=O)(OON(=O)(=O)),-6.677647567325039,-6.5906725
C1(ON(=O)(=O))OC1C(ON(=O)(=O))(OO)C(OO)C(=O)(O),-7.3060280714707915,-7.576292
C(=O)(OON(=O)(=O))C1OC1C(O)(C(=O)(O))C(=O),-5.842449687756016,-5.9690824
C(ON(=O)(=O))CC(=O)CCC(O)CCC(=O)(OON(=O)(=O)),-7.3142520646506455,-7.2859993
CC(=O)C(O)C(OO)C(=O)OC(=O)C(=O)(N(=O)(=O)),-5.831592724876828,-6.0972524
C(=O)(O)C(=O)OOC(ON(=O)(=O))(C(OO))C(=O)(OON(=O)(=O)),-5.652833562213345,-5.9362087
C(ON(=O)(=O))C1C(OO)C(C(=O)(OO))OOC1(C)C,-7.328406787608401,-7.5198555
C(=O)C(=O)C(O)(N(=O)(=O))C(O)(C)C(OO)C(=O),-7.85424852608412,-7.4548683
C(=O)C(=O)C(O)C(OO)(C(=O))C(=O)C(=O),-5.838490786598413,-5.1870885
CC(O)C(ON(=O)(=O))(C)C(C(=O)(OON(=O)(=O)))C(=O)C,-4.382145389812649,-4.0859966
C(O)C(C(O))C(C(OO))(C)C(=O)(OO),-9.020169845054625,-8.740761
CC(=O)C(ON(=O)(=O))C(ON(=O)(=O))C(OO)C(C)(C)C(=O),-6.2294082452426665,-6.6901307
C(OO)C(ON(=O)(=O))(C(=O)(OON(=O)(=O)))C(=O)OOC(=O),-3.6807387394510442,-2.992252
C(O)C(=O)CC(=O)(O),-5.156629967401386,-6.0158553
CC(=O)C(C1(C)C(OO))CC1CC(=O)(OO),-8.2683096955152,-8.721962
C(=O)(O)CC(ON(=O)(=O))CCC(ON(=O)(=O)),-5.713976108076167,-5.373013
CC(=O)C(OO)OOC(ON(=O)(=O))(C)C(C(O))C(=O),-7.5736622974218335,-8.169248
C1(OO)C(=O)C(N(=O)(=O))(OO)C(=O)OOC1(C)C(=O)(OO),-7.939096017667907,-7.104359
CC(=O)CCCC(OO)CCC(=O)C,-5.7586519016185775,-5.927273
CC(OO)(C)C(ON(=O)(=O))(C(=O)(OON(=O)(=O)))C(=O)C(=O),-3.8822337619349128,-4.3764744
C(=O)(OO)C1OC1(N(=O)(=O))C(=O)C(O)C(=O),-6.079041477554711,-5.6433983
CC(ON(=O)(=O))CC(O)CCC(OO)C(OO)CC,-8.720491454630974,-9.633314
C(=O)(O)C1CC(ON(=O)(=O))C1(C)C(OO),-6.520018203518703,-6.098039
CC(ON(=O)(=O))CCC(O)CC(OO)CCC,-6.168916511873249,-6.929169
C(=O)C(O)C(C(=O))OOC(=O),-4.043504282963113,-5.0459967
CC(=O)CCCC(ON(=O)(=O))CC(=O)(OO),-5.538076134005678,-4.8307724
C1(O)(O)C(=O)C(=O)C(O)C(=O)OC1(OO)C(O),-10.270175102181383,-13.966383
C(=O)(O)C(O)C(=O)C(ON(=O)(=O))(C)C(=O)(OON(=O)(=O)),-5.064510895375861,-3.5922267
CC1(C)C(OO)(C(O)(C)C(=O)(O))CC1C(=O)(OO),-9.826550391328055,-11.865512
C(O)C(ON(=O)(=O))C(C(=O)(O))(C)C(=O)(OO),-7.254582616034895,-6.8357134
C(ON(=O)(=O))C(=O)C(C)(C(OO))OOC(=O),-4.90360510298342,-5.031237
C1(O)(O)C(C(OO))OOC1(C(ON(=O)(=O)))C(=O)(OON(=O)(=O)),-7.325238710487611,-7.4594007
C(O)C(=O)C1OC1C(=O)C(N(=O)(=O))C(=O),-6.000188968217117,-5.146196
CC12OOC(C1(O))C(OO)C(ON(=O)(=O))C2(OO),-8.816833719407441,-7.7896166
C(=O)(O)C1(O)OOC(OO)C1(O)C(ON(=O)(=O)),-8.0767393992719,-6.118823
C(=O)(O)C(O)C(ON(=O)(=O))OOC(=O)C(=O)C(=O)(OON(=O)(=O)),-5.867915408918634,-5.1237283
CC(O)(C(=O)(OO))C(=O)C(=O)OC(=O),-4.669560474430909,-6.573754
C(=O)(O)C(C(=O)(OO))=CC(OO)OC(=O)C(=O),-9.678356887816335,-8.495849
C(=O)(O)C1(C(ON(=O)(=O)))OC1C(O)(O)C(=O)C(=O),-8.409070938374498,-8.29837
C(ON(=O)(=O))C(=O)C(O)C(=O)C(OO)C(O)C(=O)(OON(=O)(=O)),-7.929903268101043,-6.0137873
C1(O)(ON(=O)(=O))C(C(=O)(OON(=O)(=O)))OOC1(C)C(O)C(=O),-6.008715966148884,-6.640186
CC(O)CC(=O)C(ON(=O)(=O))CC(=O)CC(=O)(O),-9.627486867670086,-9.576124
C2C(=O)C(=O)C(=O)C1(OO)OC12(ON(=O)(=O)),-3.97924470466387,-4.354391
C1(O)C(=O)C(N(=O)(=O))(ON(=O)(=O))OOC(=O)C1(OO)C,-5.1317380732944,-6.2953343
CC(O)(C(=O)(OO))C(=O)C(=O),-3.6394269527081633,-3.4180028
C(=O)(O)OC(=O)C(ON(=O)(=O))(C)C(=O)C(=O)(OON(=O)(=O)),-4.123098825744819,-4.1419625
C1(OO)OC1(O)C(OO)C(O)C(=O),-8.753656653876533,-4.649609
CC(ON(=O)(=O))(C)OOC(C(OO)(C)C(=O))CC(=O),-6.965150371470372,-6.4177012
C(=O)(O)C1(N(=O)(=O))OC1C(=O)C(O)C(=O),-6.3461268239916535,-4.865278
CC(=O)C(C(=O)(OO))C(C)(C(ON(=O)(=O)))C(=O)CC(=O)(OON(=O)(=O)),-6.630395450643846,-5.910506
C(=O)(O)C(C(OO))C(=O)OC(=O)C(=O)(OO),-8.811586152543896,-8.525404
CC(=O)CCCCC(O)CCC(=O),-6.302160985578666,-5.878268
C1(O)C(C(=O)(O))OOC1C(ON(=O)(=O))C(=O)C(=O)(O),-10.216311500189477,-11.02866
CC(=O)C(=O)OOC(C(=O)(OO))C(N(=O)(=O))C(=O)(O),-8.43968014814891,-8.2717705
C(=O)(O)C(=O)CC(=O)C1(N(=O)(=O))OC1C(=O)(OON(=O)(=O)),-5.384893620852381,-6.355723
C(=O)(OO)C(=O)C(OO)C1(C)OC1C(=O),-6.69630786482594,-6.970479
C(=O)(O)C(ON(=O)(=O))C1OOC(C(=O)(OON(=O)(=O)))C1(O)C(OO),-8.641559222116484,-8.766684
C(=O)C(O)(ON(=O)(=O))C(O)(O)C(=O)C(OO)C(=O),-7.909004600500339,-7.987873
C(=O)(N(=O)(=O))C(=O)OC(OO)C(O)C(O)C(=O),-7.744741489892476,-8.0453205
CC(OO)(C(ON(=O)(=O)))C(C(OO)(C)C(=O))CC(=O),-9.31857772913645,-9.981756
C1(=O)C(=O)C(ON(=O)(=O))C(=O)OOC1(OO)C(=O)(OO),-5.952513014883152,-5.8275275
C(=O)(OO)C(OO)C(O)C(=O)OOC(=O),-7.598067905099015,-5.9457746
CC(O)C(OO)CC(=O)C(O)CC(O),-10.104781112779165,-11.593309
C(=O)(O)C(O)(OO)C(OO)(C)C(ON(=O)(=O))OC(=O),-9.435218989558052,-9.173081
C(O)C(OO)(C(=O)(OO))OOC(=O)C(ON(=O)(=O))C(=O)(OON(=O)(=O)),-7.4725933232402895,-7.7603564
CC(OO)(C)C(C(=O)(OO))C(ON(=O)(=O))(C)C(=O)(OON(=O)(=O)),-5.470699502257048,-5.3196974
C(=O)(O)C1(ON(=O)(=O))OC1C(OO)C(=O),-6.101806734193815,-6.3288937
C1(O)(O)C(O)(C(=O)(OON(=O)(=O)))OOC1C(O)C(=O),-7.363836572112632,-8.83365
CCCC(=O)CC(ON(=O)(=O))C(OO)CCC,-5.61920409675804,-5.1511364
C(ON(=O)(=O))CCCCCC(=O),-3.816330806919723,-2.4930892
CC(=O)C(=O)CC(=O)CC(ON(=O)(=O))C(=O)(OO),-6.150425414700294,-5.5525217
C(=O)(O)C(=O)OOC(C)(C(=O)(O))C(O)C(=O)(OON(=O)(=O)),-8.910045854194323,-9.046157
C1(O)(O)C(OO)OOC1(C(=O)(OO))C(ON(=O)(=O))C(=O)(OON(=O)(=O)),-8.071104744987679,-8.267784
CC(ON(=O)(=O))(C(=O))C(ON(=O)(=O))(C(=O))OOC(=O),-3.3569748510344652,-3.0006251
C(=O)(O)C(C(=O)(O))C(C)(C(ON(=O)(=O)))C(=O),-8.010159407742321,-7.8974624
CC(=O)C(OO)(C(=O)C(O))CC(ON(=O)(=O))C(O),-9.524101658797008,-8.872976
C(O)C1(O)C(O)(OO2)C(=O)C(OO)=CC12,-9.372240948607214,-7.484822
CC1(C)C(OO)CC1(ON(=O)(=O))C(O)C(=O)(OO),-7.540856650011847,-6.082732
CC(C)(C(=O)(O))C(C(=O)(OON(=O)(=O)))C(O)(C)C(=O)(OO),-7.347094632408698,-7.249218
C1(O)C(=O)OOC1(OO)C(ON(=O)(=O))C(=O)C(O),-7.47018682678754,-8.330393
C1C(ON(=O)(=O))C(C)(C)OOC1C(=O)(O),-5.508229954197304,-5.00287
CC(=O)CCCC(O)CCC(=O)(OON(=O)(=O)),-5.751473058378906,-5.5024805
C(=O)(N(=O)(=O))C(=O)OC(=O)C=C(C(O))C(=O)(O),-6.714813447237248,-6.69596
CC(=O)C(C(=O)(OO))OOC(=O)CC(=O)(OON(=O)(=O)),-5.8558697670232505,-5.884492
CC(=O)C(O)CC(OO)C(ON(=O)(=O))(C)C(=O)(OON(=O)(=O)),-6.891327163320966,-7.5083995
CC(=O)C=CC(N(=O)(=O))(OO)OC(=O)C(=O)(OON(=O)(=O)),-5.120548825550941,-5.469986
CC(=O)C(=O)OOC(C)(C)C(OO)CC(=O)(OON(=O)(=O)),-5.542182352830423,-4.8082695
C1(ON(=O)(=O))C(O)C(OO)C(=O)OOC1C(=O)(OO),-8.52394253370585,-9.826193
C(=O)(O)C1(OO)OC1(OO)C=C(C(=O)(OON(=O)(=O)))C(=O),-8.476872984290821,-8.84036
C(ON(=O)(=O))C1OOC(C(=O)(OO))C1(O)C,-6.174774074097513,-7.2502275
C(OO)C(=O)C(N(=O)(=O))(ON(=O)(=O))C(=O)CC(=O)(OO),-5.860269280048669,-3.9916701
C(=O)(O)C(O)C(=O)C(=O)OC(=O)C(=O)C(ON(=O)(=O)),-6.6353283711505355,-6.000545
C(=O)(O)C(O)C(OO)C1(C(=O)(OON(=O)(=O)))OC1(O)C(=O),-9.628556170660886,-11.992267
CC1(C)C(OO)CC1C(O)(C)C(=O)(O),-6.626099701214116,-7.559175
C(O)C(OO)CC(C(=O)(OO))C(=O)C,-8.469642815631232,-5.927972
C(=O)C(N(=O)(=O))C(=O)C(OO)(C(O))OC(=O)C(=O),-7.388360076409299,-7.5944915
C(O)C(ON(=O)(=O))CC(ON(=O)(=O))CCC(OO),-7.693521854525898,-7.055392
C(ON(=O)(=O))C(=O)C(O)C1OOC(O)(C1(O))C(=O)(OON(=O)(=O)),-8.048008098616265,-7.4885693
C(ON(=O)(=O))C(=O)C(ON(=O)(=O))C(=O)C(O)C(O)C(=O)(OO),-8.286112113913987,-8.395554
C(=O)C(O)(O)C(ON(=O)(=O))(C)C(OO)C(=O),-7.299815376303741,-8.306157
CC(=O)C(OO)C(=O)C(ON(=O)(=O))(C)C(=O)(OO),-5.6100286264991155,-5.8615894
C(ON(=O)(=O))C(=O)C(OO)C(=O)C(=O)C(=O)(OO),-6.229678789502941,-5.753364
C(=O)(O)C(ON(=O)(=O))C(ON(=O)(=O))C1(OO)OC1(C)C(=O),-7.024486594295013,-6.5131288
C1(O)C(ON(=O)(=O))OOC1(C(OO))C(ON(=O)(=O))C(=O),-7.029177034841268,-7.520899
CC(ON(=O)(=O))(C)C(C(ON(=O)(=O)))C(=O)(OO),-3.784051916692988,-5.19485
C(=O)(OO)C(=O)C1(C)OOC(C1(=O))C(=O),-5.24564447098237,-4.610034
CC(=O)C(C(O))C(ON(=O)(=O))(C(O))C(=O)(OO),-7.554087531170808,-7.5648127
C(O)C(=O)CC(O)CCC(ON(=O)(=O)),-7.087537336512469,-7.900421
C(=O)(O)C(=O)C(=O)C1OC1(C)C(=O)(OO),-6.617343585312483,-7.8918524
C2(O)C(=O)C(OO)C(=O)C1(N(=O)(=O))OC12,-5.499960236105835,-5.76798
C(=O)(N(=O)(=O))C1(OO)OC1C=CC(=O)C(=O)(OO),-7.610678770535742,-7.0633993
C(=O)(O)C(O)C(=O)C1(O)OC1(C)C(=O)(OO),-9.335544601664878,-8.788387
C1(=O)C(=O)C(OO)(C)C(=O)OOC1C(=O)(O),-6.641307218276779,-6.649228
C(=O)(O)C(=O)C(=O)C(=O)C(ON(=O)(=O)),-4.077261158017791,-3.2222946
C(O)C(=O)C1C(OO)C(C(=O))C1(C)C(OO),-10.128390333557036,-11.270442
CC(=O)C1C(ON(=O)(=O))C(C(=O)(OO))C1(C)C(OO),-8.332697886551614,-9.467742
C(=O)C(=O)C1OC1(ON(=O)(=O))C(OO),-3.707876602478791,-3.5017085
C1(=O)C(ON(=O)(=O))(C)OOC1C(=O)C(=O),-2.486062343537924,-2.3521283
C(=O)(O)C1OC1(O)CC(=O)(OON(=O)(=O)),-5.518949409670313,-5.411402
C(=O)(O)C1(C(OO))OC1(OO)C=CC(=O)(OO),-11.259984445627197,-8.883934
C(=O)(O)C(OO)=C(C(ON(=O)(=O)))C1OC1C(=O)(OON(=O)(=O)),-7.2794808400503825,-6.0113044
CC(OO)(C)C(OO)(CC(=O)(O))CC(=O)(O),-11.358779882983072,-10.3671465
CC(C(=O)(O))C1(O)OC1(N(=O)(=O))C(=O)(OON(=O)(=O)),-5.841497296336456,-6.0944343
CC(=O)CC(ON(=O)(=O))CCCCC(ON(=O)(=O))C,-5.391882148513105,-5.283518
C1(=O)OC1(C)C(ON(=O)(=O))C(OO)C(=O)(OON(=O)(=O)),-4.160090878533083,-3.84368
C(=O)C(=O)C(OO)C(OO)(C1(O))OOC1C(=O),-9.214592431409983,-8.896773
C(=O)(O)C(=O)C1OC1C(O)C(ON(=O)(=O))C(=O)(OON(=O)(=O)),-6.859175944249728,-7.517292
CC(=O)C(ON(=O)(=O))C(OO)C(OO)CC(=O)C(=O)C,-8.143107742449502,-8.498837
C(=O)(O)C(O)C(=O)C(O)C(=O)C(ON(=O)(=O)),-7.895314157925895,-7.7395434
CC(=O)C1(O)OC1C(OO)=CC(=O),-7.055578577143024,-10.340746
C(=O)(N(=O)(=O))C(=O)C1(C(OO))OOC(C1(O))C(=O),-7.513795035672956,-6.7493834
C(=O)(O)C1(N(=O)(=O))OC1(O)C=CC(=O)(OO),-8.331804418907268,-9.655801
CC1(OO)C(ON(=O)(=O))C(OO)C(C(=O)(OON(=O)(=O)))OOC1(=O),-6.399119167239405,-7.960918
C(=O)(OO)C(N(=O)(=O))=C(C(OO))C(=O),-5.5697781714989105,-4.328018
C(O)CC(=O)C(=O)CC(=O)CC(=O)(OON(=O)(=O)),-5.500280697611743,-6.3155394
C(O)C1(ON(=O)(=O))C=CC(=O)OOC1C(=O),-5.895123314141529,-5.8537703
CC(=O)C(=O)C(OO)C(=O)OOC(=O)C(=O)(O),-7.571513429720653,-6.5596786
C1(O)(OO)C(ON(=O)(=O))(C(=O)(OON(=O)(=O)))OOC1(C)C(=O),-5.29274099819304,-4.795558
C(=O)(N(=O)(=O))C(OO)C(O)(C(=O)(OO))C(=O),-6.16931582869438,-6.767047
C1(OO)OC1(OO)C(=O)C(O)(C)C(=O)(OON(=O)(=O)),-5.906810426953598,-6.8219404
C(=O)(O)C(=O)OOC(O)(C)C(=O)(OON(=O)(=O)),-4.959833305765642,-4.971496
C(=O)C(=O)C1(C)OC1(O)C(=O),-3.708786523202434,-4.4046054
C(=O)(OON(=O)(=O))C(=O)C(OO)OC(=O)C(ON(=O)(=O))C(=O),-4.151358071976574,-4.4887476
C(OO)C(ON(=O)(=O))C(C(O))C(=O)C(OO),-8.62795217477833,-9.071513
C(=O)(O)C(O)C(C(O))(C(=O)(O))OOC(=O),-11.016467696463224,-10.655532
C1(=O)OC1C(O)(C(=O)(OON(=O)(=O)))C(O)C(=O)(OON(=O)(=O)),-4.87128694972489,-3.704852
C(=O)(N(=O)(=O))C1(O)OC1C(OO)=CC(=O)(OON(=O)(=O)),-5.871680175579968,-5.322938
C(=O)(O)C(ON(=O)(=O))(C(=O)(O))OOC(O)C(=O)(OON(=O)(=O)),-7.466631836563465,-7.7763667
CC(ON(=O)(=O))(C)C(C(OO))C(OO)(C)C(=O)C(=O),-7.8147365702316165,-9.303087
C(=O)(O)C(C(OO))=CC1(N(=O)(=O))OC1(O)C(=O),-9.293505488836672,-7.1306453
C1(O)C(C(=O)(O))OOC1C(OO)C(=O)(O),-11.193108899125946,-11.452918
CC(OO)C(=O)C(=O)C(OO)C(ON(=O)(=O))(C)C,-6.294419364829082,-5.364879
CC(O)(C(=O)(OO))C(ON(=O)(=O))C(OO)C(O)C(=O),-9.57864623979549,-10.402717
CC(=O)C1(OO)OC1(N(=O)(=O))C=CC(=O)(OO),-6.957961856081965,-7.747579
C1(O)(OO)C(N(=O)(=O))(ON(=O)(=O))OOC1C(=O)C(=O)C,-5.27596410526894,-6.82178
C(=O)(OO)C(=O)C1(OO)OC1C=CC(=O)(OO),-9.499138317885809,-8.985867
C(OO)C1(O)C(=O)OOC1C(N(=O)(=O))(OO),-6.611934808010119,-6.1706643
C(=O)(O)C(O)C(ON(=O)(=O))C(OO)OC(=O)C(=O)C(=O)(OON(=O)(=O)),-8.237748032799573,-7.764616
C(O)C1(O)C(O)(C(=O))OOC1C(OO)C(=O),-10.212923739891266,-10.654298
C(=O)(O)C=CC1(C(ON(=O)(=O)))OC1(O)C(=O)(OON(=O)(=O)),-6.487280018714955,-7.041617
CC(OO)(C(ON(=O)(=O)))C(C(=O)C(ON(=O)(=O)))CC(=O),-7.294843655268778,-7.2716556
CC(=O)C1(ON(=O)(=O))CC(OO)(C(=O)(OON(=O)(=O)))C1(C)C(OO),-7.217639042370138,-6.672325
C(=O)(OO)C(O)C(ON(=O)(=O))(C)C1(N(=O)(=O))OC1(O)C(=O),-7.872490063004079,-6.559817
C(=O)(O)C1OOC(O)(C1(O)C(O))C(ON(=O)(=O))C(=O),-10.94681972610124,-9.671434
C(=O)(N(=O)(=O))C1(O)OC1C(=O)C(=O)C(=O)(OON(=O)(=O)),-2.706545589695452,-3.633373
CC1(C)C(ON(=O)(=O))CC1(OO)CC(=O)(O),-6.632286342763109,-6.5902944
C(=O)(O)C(O)C(OO)C(=O)C(=O)(OON(=O)(=O)),-6.0481914956180844,-6.225775
C(=O)(OO)C(=O)C1(O)OC1(N(=O)(=O))C(ON(=O)(=O))C(O)C(=O),-8.613293166170479,-8.260847
CC(ON(=O)(=O))(C)OOC(C(=O)(OO))C(ON(=O)(=O))C(=O),-5.437684112999705,-4.558541
C(=O)(O)C1OC1(C)C(=O)C(=O),-4.007962778574438,-4.0795946
C(=O)(O)C(=O)C(=O)C(=O)C(O)C(ON(=O)(=O))C(=O),-6.642373346403474,-7.5916038
C(=O)(O)CC1(O)OC1(O)C(=O)(OON(=O)(=O)),-6.464496246378985,-5.5300703
C(=O)(OON(=O)(=O))C(=O)C(N(=O)(=O))C(=O)C(OO)OC(=O),-4.1044419615354855,-4.1541753
CC(=O)C1C(=O)CC1(C(ON(=O)(=O)))C(OO),-5.837835929909488,-6.1197777
C(=O)(O)C(=O)C1(C)OOC(OO)(C1(O))C(=O)(OON(=O)(=O)),-7.8464083546132315,-5.897529
C1(=O)OC1(O)C(=O)C(ON(=O)(=O))C(=O)C,-3.9386445437266957,-6.0274224
CC(ON(=O)(=O))CCCCC(=O)C(ON(=O)(=O))CC(=O)(OO),-7.793198313825997,-7.2924557
CC(=O)C(=O)CC(=O)CC(ON(=O)(=O))CC(ON(=O)(=O))C,-5.901414773790748,-5.6102905
CC1(C(ON(=O)(=O)))C(OO)C(ON(=O)(=O))C1CC(=O)(OO),-7.772747384340619,-8.784097
C1(O)(N(=O)(=O))C(=O)OOC(OO)(C)C(OO)C1(=O),-6.868293212799472,-5.4715395
C(=O)(OO)C(C(=O)(OO))=CC(=O),-5.382562879458419,-5.7967114
C(=O)(OON(=O)(=O))C(O)C(ON(=O)(=O))(C)C(=O)C(=O),-3.363953238906106,-3.0266354
C(=O)(OO)C(OO)(C(=O))C(ON(=O)(=O))C(O)C(=O)C(=O),-8.154167094922741,-6.729408
C(=O)(O)C=C(C(=O)(O))C1OC1(O)C(=O),-10.163536636653589,-9.001078
CC(O)C(ON(=O)(=O))CC(=O)CCCCC(=O)(OO),-9.091422633180628,-9.672561
C1(O)(O)C(C(=O)(OON(=O)(=O)))OOC1(C(O))C(ON(=O)(=O))C(=O),-9.172819469618844,-9.214142
C(=O)(OO)C(O)(O)C(=O)OC(=O)C(ON(=O)(=O))C(=O),-7.016117832201417,-6.1375055
CC(ON(=O)(=O))(C)C(C(=O))C(O)C(=O)C(OO)(C)C(=O),-8.057906342641218,-6.789341
CC(OO)(C)C(OO)(CC(=O))C(C(=O)(O))=C,-9.758445733299595,-9.8741865
C(=O)(OON(=O)(=O))C(OO)C(C)(C)C(ON(=O)(=O))CC(=O),-5.993321316069341,-5.3044305
C1(=O)OOC(=O)C(=O)C(OO)C1(O)C(=O)(OON(=O)(=O)),-4.186356772406725,-2.3098927
CC1(C)C(OO)C(O)(C)C(=O)CC1(OO)C(=O)(OON(=O)(=O)),-7.838431504089385,-4.3781586
C(ON(=O)(=O))C(O)(C(=O)(OON(=O)(=O)))C(=O)OC(=O)C(=O),-3.38311303476803,-3.40548
C(=O)C(=O)C1(O)OC1(C(=O)(OO))C(O),-6.4987762029486476,-8.145896
C(O)C(=O)C(C(=O))C(C)(C(OO))C(ON(=O)(=O))CC(=O),-10.21525764054968,-10.036679
C(ON(=O)(=O))C1CC(C(=O)(OON(=O)(=O)))C1(C)C,-2.8873431975371204,-2.9237237
C(=O)(O)C(=O)C(C(OO))C1OC1C(=O),-8.142032709132764,-8.3438425
C(=O)(OON(=O)(=O))C1(OO)OC1(OO)CC(=O)C(=O),-5.425680924337939,-5.33879
CC(OO)(C(=O)(O))C1OOC(C1(O))C(=O)(O),-11.383972597439424,-12.327407
C(=O)(N(=O)(=O))C(=O)OC(O)(C)C(=O)(OO),-4.2479595974728,-2.696588
C(=O)(OO)C(O)(O)C(ON(=O)(=O))(C)C(O)C(=O)(OON(=O)(=O)),-7.060512137031765,-8.232558
C1(=O)C(=O)OOC1(C)C(=O)CC(=O)(OON(=O)(=O)),-2.9202419381181244,-3.104853
C12OOC(C2(=O))C(=O)C(O)C1(ON(=O)(=O))C(=O)(OO),-6.471799139850191,-6.957748
CC(=O)C(C(=O)C)C(OO)=C(OO),-5.733188463258557,-7.39021
C(ON(=O)(=O))C(=O)C(C)(C(OO))C(O)(C(=O)(OON(=O)(=O)))C(=O)C,-7.33669190807268,-7.7402062
C(=O)(OON(=O)(=O))C(O)C(O)(OO)C(=O),-4.791696264888742,-2.8523238
C1(=O)C(=O)OOC1(O)C(ON(=O)(=O))C(N(=O)(=O))C(=O)(O),-6.826796135195764,-7.346667
C(=O)(O)C(=O)C(ON(=O)(=O))(C(O))C1OC1(ON(=O)(=O)),-6.263056073439657,-5.9880404
C(=O)(O)OOC(C(=O)(OO))C(ON(=O)(=O))(C)C(=O),-7.142952781505301,-5.888066
C1(O)(N(=O)(=O))C(O)(C(=O)(N(=O)(=O)))OOC1C(OO)C(=O),-7.469028137798887,-6.991399
C(=O)(O)C(O)(C(ON(=O)(=O)))C(=O)OC(OO)C(=O)(OON(=O)(=O)),-7.118181154699414,-6.695189
CC(=O)CC(=O)C(OO)C(=O)C(OO),-6.970241948612966,-6.9355054
CC(ON(=O)(=O))(C(OO))C(C(OO)(C)C(=O))CC(=O)C(=O),-9.789354484848445,-9.441099
C(OO)C(=O)C(ON(=O)(=O))C(C)(C)C(OO)C(=O)(OON(=O)(=O)),-6.995816796217696,-6.2064333
C(=O)(O)C(O)(OO)C(O)(C(ON(=O)(=O)))C(=O)C(=O),-8.245489589113276,-12.708679
C(=O)C(=O)C(=O)C(N(=O)(=O))C(=O)OC(=O),-2.711081360030221,-2.490663
C(=O)(N(=O)(=O))C1(O)OC1(C)C(ON(=O)(=O))C(O)C(=O),-6.52327853134193,-7.3369007
C(=O)(N(=O)(=O))C(=O)OC(=O)C(O)C(O)(C)C(=O)(O),-7.470947284178692,-6.314287
CC(=O)C1(ON(=O)(=O))C(ON(=O)(=O))C(OO)C1(C)C,-4.657769512326922,-4.5279727
CC(=O)C(ON(=O)(=O))CC(ON(=O)(=O))CC(=O)CC(=O)(O),-8.464578322760644,-8.824713
C(OO)C(=O)C(OO)C(O)C1(OO)OC1C(=O),-10.991023054113612,-12.178993
C(ON(=O)(=O))C(=O)C1OC1(C(OO))C(=O)(OO),-6.413112182795885,-7.1641836
CC(ON(=O)(=O))(C)C(=O)C(OO)(C)C(ON(=O)(=O))CC(=O),-6.697399319251417,-7.229888
C(=O)(O)C(ON(=O)(=O))C(=O)C(C(=O)(OON(=O)(=O)))C(=O),-4.474842337047448,-4.8749356
C(O)C(=O)C(C(O))CC(=O)(OON(=O)(=O)),-5.706253830096102,-6.2875557
C(=O)(N(=O)(=O))C(=O)C1OOC(C1(O)(OO))C(=O),-5.6780872825329425,-6.2839518
C(=O)(O)C1(ON(=O)(=O))OC1(C)C(=O)CC(=O),-5.275552521983627,-5.639463
C1(ON(=O)(=O))OC1(C)C(OO)C(=O)C(=O),-3.9910069984034635,-3.3052666
CC(OO)(C)C(C(=O)(OON(=O)(=O)))CC(=O)(OON(=O)(=O)),-3.8718393544113496,-4.0236416
CC(OO)(C(ON(=O)(=O)))C(C(OO))CC(=O)C(=O)C,-8.436166842235252,-8.350393
C(=O)(O)C(ON(=O)(=O))C(O)C(O)C(=O)C(=O)C(ON(=O)(=O)),-8.859143027555547,-6.8725505
CC(ON(=O)(=O))(C)C(C(=O)(OO))C(=O)C(ON(=O)(=O)),-4.518386703784927,-4.1908283
C(=O)(O)C1(O)OC1C(N(=O)(=O))C(=O)(OO),-7.837205275252927,-8.0538
C(=O)(O)C=CC1(C(=O)(OO))OC1C(=O)(OON(=O)(=O)),-7.399202160930145,-6.3968115
CC(=O)CC(OO)CCCCCC(=O)(OO),-8.752851795128663,-9.988443
C(=O)(O)C(N(=O)(=O))(ON(=O)(=O))C(C1(=O))OOC1(C)C(=O)(OO),-7.118825713143451,-7.602176
CC1(C(=O)(O))OC1(ON(=O)(=O))C(ON(=O)(=O))C(O)C(=O)(OO),-8.005370408747694,-8.005468
C12OOC(C1(O)C(=O)(OO))C=C(OO)C2(=O),-8.784595023098518,-10.765674
CC(=O)C(ON(=O)(=O))CC(O)CC(=O)CC(=O)(OON(=O)(=O)),-7.112105213382165,-8.809445
CC1(C)C(=O)CC1(OO)C(OO)C(=O)(O),-8.341301413282054,-8.253506
C(ON(=O)(=O))CCC(O)CC(=O)C(O)CCC(OO),-11.683219396902132,-11.869755
C(=O)(O)C(=O)C1OOC(OO)(C1(O)(O))C(=O),-9.899807518755551,-6.8053346
C(=O)C(O)(O)C1OC1(OO)C(=O),-6.85813182113634,-7.766656
CC(=O)C(OO)OC(=O)C(O)(OO)C(=O)C(=O),-7.72337288359995,-7.3096523
C(=O)(OON(=O)(=O))CC(=O)C1(OO)OC1(O)C(=O),-5.198724693065742,-8.926567
C(O)C(=O)OC(OO)C(=O)C(N(=O)(=O))C(=O),-6.702149086733698,-6.727105
C(=O)(N(=O)(=O))C(=O)C(OO)(C1(O))OOC1C(=O),-5.859689235323458,-5.353383
C(=O)(OO)C(=O)C(N(=O)(=O))C(OO)(C)OC(=O)C(=O),-6.5723886091436725,-7.5414147
C(=O)(O)C(=O)OC(=O)C(N(=O)(=O))=C(C)C(=O),-5.3922663867415395,-5.32159
C(=O)(N(=O)(=O))C(=O)C(OO)(C(OO))OC(=O)C(=O),-5.36327366885962,-5.494871
C1(O)(O)C(=O)OOC1(C)C(=O)C(O)C(=O),-7.704578744669561,-6.3714623
C(=O)(O)C(=O)C(OO)C(C(=O))OOC(=O)C(=O),-8.35888653852453,-8.548447
C(=O)(OO)C(OO)=C(C)C(=O)(OON(=O)(=O)),-4.02475842939748,-3.7789037
C(=O)(OO)C(O)C(ON(=O)(=O))(C(OO))C(ON(=O)(=O))OC(=O),-7.383869906741893,-7.0689597
C(ON(=O)(=O))C(=O)C1(O)OC1C(OO)C(=O)(OON(=O)(=O)),-5.366860041351174,-6.273653
C(=O)(O)C(=O)C(ON(=O)(=O))C(O)C(=O)C(ON(=O)(=O)),-6.447818067361368,-7.455692
C(=O)(O)C(=O)C(=O)OC(O)C=CC(=O)(O),-9.78334820715827,-8.239249
C(=O)(OO)C(OO)OC(=O)C(O)(C(ON(=O)(=O)))C(ON(=O)(=O))C(=O),-8.297472912832745,-9.777901
CC(ON(=O)(=O))(C(=O)(O))C(O)C(O)C(ON(=O)(=O))C(=O),-8.257812301293598,-8.129947
C(=O)(O)C(=O)C(O)C(ON(=O)(=O))OOC(=O)C(=O),-6.76170373117202,-6.0605593
C(=O)(N(=O)(=O))C(=O)C(C)C(=O)(OO),-3.1817830850486644,-4.14146
C(=O)(N(=O)(=O))C(O)C(OO)C(=O)(O),-6.386751206940971,-6.9314938
CC(=O)C(ON(=O)(=O))C(O)C1CC(ON(=O)(=O))C1(C)C,-5.908980160835199,-5.92681
C(=O)C(O)C1(N(=O)(=O))OC1(O)C(=O)C(=O),-5.492208891068003,-7.7024064
C(=O)(N(=O)(=O))C1(O)OC1C(OO)(C(=O))C(ON(=O)(=O))C(=O)(OO),-8.799783403621404,-6.4164743
CC1(C)C(OO)CC1(ON(=O)(=O))C(O)(C)C(=O)(OO),-7.545257282195962,-5.6467037
C(ON(=O)(=O))C(OO)C1OC1(O)C(=O),-5.453648486742168,-6.137762
C(=O)(O)C(=O)C(OO)OOC(C(=O)(OON(=O)(=O)))C(=O)C,-6.968916672718478,-7.180713
CC(OO)(C(OO))C(C(OO))CC(=O),-9.137673913064646,-9.743776
C(O)C(=O)C1CC(ON(=O)(=O))(C(ON(=O)(=O)))C1(C)C,-5.091519095352851,-6.66432
CC(C(=O)(O))C(ON(=O)(=O))C(=O)OOC(=O)C(=O)(OON(=O)(=O)),-5.700315996902646,-5.0005016
C(=O)(O)C(=O)OOC(N(=O)(=O))(OO)C(ON(=O)(=O))(C)C(=O)(OO),-8.498229939054,-7.6863437
C(=O)(O)C(=O)C(ON(=O)(=O))C1(C(O))OC1C(=O)(OO),-9.097661096093361,-10.982631
C(=O)(OON(=O)(=O))C(O)(O)C1(O)OC1C(ON(=O)(=O))(C)C(=O),-6.637854975124355,-7.2994394
C(=O)(O)C(=O)OOC(C(=O)(O))C(ON(=O)(=O))C(=O),-8.231038550424273,-8.986783
C1(O)(OO)C(=O)OOC1(N(=O)(=O))C(OO)C(=O),-6.744739377842052,-7.1323543
C(ON(=O)(=O))C(=O)C(O)(C1(O))OOC1C(=O)(OO),-7.8840315906418255,-6.2394247
C(=O)(O)C(O)C(OO)C1OC1(C(=O)(O))C(=O)(O),-13.33381732480484,-13.930707
C(=O)C1OC1C(OO)=C(C(=O))C(=O),-5.690618936961982,-7.8500953
C(O)C(=O)OOC(C(=O)(O))C(O)C(=O)(OON(=O)(=O)),-8.397487630136311,-8.123014
C(=O)(O)C1OC1C(O)(C(OO))C(=O)C(=O)(OO),-10.927890493141604,-7.3729978
C(=O)(OON(=O)(=O))C(ON(=O)(=O))C(=O)C(OO)(C)OC(=O),-4.046745556057431,-3.8063903
C(=O)(OO)C(ON(=O)(=O))C1OOC(C1(O)(OO))C(=O)(OON(=O)(=O)),-7.974978566460777,-7.1723766
C(=O)(OO)C(O)C(O)C(OO)(C)OC(=O),-9.170350227403105,-10.633672
C1(=O)C(OO)C(C)(C)OOC1C(=O)C,-3.8266305539000314,-2.8985968
C(=O)(OO)C1OOC(N(=O)(=O))(C1(O)(O))C(=O)C(=O),-7.824101774269366,-8.622696
C1(O)C(O)(C(=O)(OON(=O)(=O)))OOC1C(ON(=O)(=O))(OO)C(=O),-6.82534611041774,-7.8455806
C(=O)C1(OO)OC1C(=O)C(O),-5.293550744885579,-3.8326519
C1(O)C(=O)OOC1C(ON(=O)(=O))C,-3.7074887864873745,-3.4088845
CC(OO)(C)C(ON(=O)(=O))C(ON(=O)(=O))(C)C(=O)(O),-5.607020477793412,-5.9656887
C(O)C(=O)C(OO)C(O)C(=O)OC(=O)C(=O),-8.623949288201402,-9.119009
C1(O)C(O)C(ON(=O)(=O))C(ON(=O)(=O))OOC1(C)C(=O)(O),-8.572018081744318,-8.734958
C(=O)(O)C(N(=O)(=O))C(=O)C(=O)OC(OO)C(=O)C(ON(=O)(=O)),-7.762528624254628,-7.9922857
C(=O)(O)C(O)(O)C(=O)C(N(=O)(=O))=C(=O),-7.592660141890519,-8.024888
CC(OO)(C)C(OO)(C(=O))C(=O)C(=O)C,-5.870091866119765,-6.958791
C1(O)(N(=O)(=O))C(=O)OOC1C(O)C(=O)C,-4.981082116777543,-5.518838
C(=O)C(N(=O)(=O))=C(OO)C(=O)OC(=O),-4.300364637427265,-3.6874733
CC(ON(=O)(=O))C(ON(=O)(=O))C(=O)CC(OO)C(=O)CCC,-6.605957572523039,-6.591165
CC(OO)CCC(O)CCC(OO),-7.457103422915679,-8.074454
CC(OO)(C(ON(=O)(=O)))C(O)(C(=O)(OO))CC(=O)C(=O)C,-8.719540455567767,-7.1542077
C(=O)(OON(=O)(=O))C(O)(O)C(=O)OC(OO)C(=O)C(=O),-6.627151778360712,-5.319924
C(=O)(O)C(O)C(=O)C(ON(=O)(=O))OC(=O),-5.585851089344942,-5.859721
C(=O)(O)C(C(=O)(O))C(OO)OC(=O),-8.461396204365883,-8.573067
C(=O)(O)C(C(=O)(OO))C1(O)OC1C(=O),-8.464476136112353,-8.676156
C(=O)(OO)C(ON(=O)(=O))C(O)(C(=O))C(OO)(C)C,-7.178664664883399,-6.9394813
C(=O)(O)C1(ON(=O)(=O))OC1C(C(OO))C(=O),-7.210416171976249,-7.6865935
C(=O)(OON(=O)(=O))C12OC1C=CC(=O)C2(O)(OO),-5.31250199166243,-4.681221
CC(=O)CC(ON(=O)(=O))(C(=O)C)CC(=O)(O),-5.8038080539990915,-5.783792
C(=O)(O)C1(O)C(OO)OOC1C(=O)(OO),-8.614143517348566,-10.300065
C(=O)(OON(=O)(=O))C(OO)C(ON(=O)(=O))(OO)C(=O)OC(=O),-4.636572495306609,-4.338253
C(=O)C(=O)C(=O)C(OO)C(O)(OO)C(=O)C(=O),-7.2917427938082255,-6.128298
CC(=O)CCC(=O)C(O)C(OO)CC(=O)C,-8.122845725389197,-8.300417
CCCC(OO)CCC(O)C(OO)CC,-7.7653272489551455,-7.585719
C(=O)(O)C1OOC(ON(=O)(=O))C=C(C1(ON(=O)(=O)))C(=O)(OO),-9.089316798272193,-9.144996
CC(=O)C(OO)C(O)C(ON(=O)(=O))OC(=O),-6.070303677523043,-6.3725653
C2(OO)C=CC(C1(O))OOC12C(=O)(OO),-8.78470827320416,-9.160082
C(O)C(C(OO))C(C)(C)C(=O),-5.689080656215083,-5.929149
C(=O)(O)C1OOCC1(O)C(OO),-7.710013909294503,-7.298144
C1(N(=O)(=O))(OO)OC1(O)C(OO)C(O)C(=O)(O),-11.061115662232623,-11.090329
C(=O)(O)CC1C(ON(=O)(=O))C(C)C1(C)C(ON(=O)(=O)),-6.086137768856133,-6.2229266
CC(=O)C(O)(C(OO))C(OO)(C)C(=O),-8.07711771337199,-8.390148
C1(ON(=O)(=O))OC1C(OO)C(O)(C(=O)(O))C(=O),-8.120054191618692,-9.008709
CC1(C)C(ON(=O)(=O))C(OO)C1C(=O)C(O),-6.051949913817225,-5.6968555
CC(ON(=O)(=O))(C(=O)(O))C(OO)(C(=O)(OON(=O)(=O)))OOC(=O),-6.106253827936598,-6.3749537
C(=O)(O)C(OO)C(O)C(=O)OC(OO)C(=O),-10.827004787439364,-11.508777
CC(C(O))C(ON(=O)(=O))C(=O),-3.586269296691171,-3.1061368
CC(ON(=O)(=O))(C(=O))C(OO)(C(=O)(OON(=O)(=O)))C(C)(C)C(=O)C(=O),-6.282972458342556,-5.885625
C(ON(=O)(=O))CC(=O)C(=O)CC(O)CCC(OO),-9.548524854704738,-8.386136
C(O)C(=O)C1(OO)OC1(ON(=O)(=O))C(=O)C(=O),-5.023117811942939,-6.127212
CC(ON(=O)(=O))(C)C(C(O))CC(=O)C(=O)(OON(=O)(=O)),-5.219180358748417,-5.7090707
C(=O)(OON(=O)(=O))CC(OO)C(C(ON(=O)(=O)))(C(O))C(=O),-7.231818451517029,-8.047789
C(=O)C(N(=O)(=O))(OO)C(=O)C(ON(=O)(=O))(C)OC(=O),-4.093449031293858,-4.306206
CC(ON(=O)(=O))(C)C(CC(=O)(OON(=O)(=O)))C(O)(C)C(=O),-5.56838508733199,-6.0419555
C1(ON(=O)(=O))OC1C(OO)C(O)(C(=O)(OO))C(=O),-7.607654025850934,-5.8481374
CC(=O)C(OO)C(O)(C1(O)(N(=O)(=O)))OOC1C(=O)(OO),-9.805096275304095,-12.7573395
C(=O)(OON(=O)(=O))C(=O)C=C(OO)C(ON(=O)(=O))OC(=O),-4.88849708509224,-5.9887257
CC(ON(=O)(=O))(C)C(OO)(C(O))CC(=O)(O),-7.709114309676806,-8.191518
C1(ON(=O)(=O))C(OO)C(ON(=O)(=O))C1(C)C(OO),-5.756783379649278,-5.4721975
C(=O)(OON(=O)(=O))C1OC1(OO)C(=O)C(=O)C(=O),-3.1522399751411285,-3.4247406
C1(=O)C(C(=O)(O))OOC1(C(OO))C(=O)C(=O),-7.579545043132384,-6.731913
C1(O)C(OO)C(OO)C2(C)OOC1C2(=O),-8.207940413878532,-8.851932
CC(=O)C(=O)OOC(OO)(C)C(O),-5.22876291758439,-4.645137
CC1(C(ON(=O)(=O)))C(ON(=O)(=O))CC(=O)C(O)(C)C1C(=O),-7.133704607258551,-6.869145
C1(=O)OC1C(O)(O)C(=O)C(ON(=O)(=O))(C(ON(=O)(=O)))C(=O),-6.09875644245767,-6.6362805
CC(ON(=O)(=O))(C)C(OO)(C(OO))C(=O)C(O),-8.067677140497835,-6.7928004
C(=O)(O)C(=O)OOC(C(=O)C)C(ON(=O)(=O))C(=O),-6.255826658831211,-6.975583
C(=O)(O)C1(OO)OC1(N(=O)(=O))C(=O)CC(=O),-7.1980543558020145,-7.303969
C12OOC(C1(O)C)C(OO)C(OO)C2(=O),-8.356290878960863,-8.49478
C(=O)(OO)CC(=O)C1(C(ON(=O)(=O)))OC1C(=O)(OO),-7.932436668779701,-9.020255
CC(ON(=O)(=O))(C)C1CC(=O)C(O)(C(O))C(=O)C1,-7.306393668419332,-7.5988765
C(=O)(OO)C(=O)C(O)(ON(=O)(=O))C(=O)C(=O)C(=O),-4.958542125852546,-7.1158185
C(=O)(O)CC(C)(C)C(=O)C(ON(=O)(=O))(C)C(=O)(OO),-7.4296270490885945,-7.225804
CC(=O)C(OO)(C(ON(=O)(=O))(C)C)C(O)C(=O)(OON(=O)(=O)),-5.29628889921878,-5.590169
C(O)C(C(=O)(O))C(OO)OC(=O)C(=O)(OON(=O)(=O)),-8.327380916569382,-8.137003
C(=O)(OO)C(=O)OC(OO)C=C(C(OO))C(=O),-9.482660215886426,-11.174986
CCCCCC(ON(=O)(=O))C(=O)CCC,-3.341662963372073,-2.7791078
C(ON(=O)(=O))C(ON(=O)(=O))C(C(=O)(O))(C)C(OO),-6.633858596076607,-6.6298833
CC1(C)C(OO)(C2)C(=O)C(OO)CC12(ON(=O)(=O)),-6.580091065785382,-7.666074
C(=O)C(=O)C(=O)C(=O)C(C(=O))C,-2.4255412760248873,-2.9006648
C1(O)C(ON(=O)(=O))C(OO)C(N(=O)(=O))(C2(O)(OO))OOC12C,-9.294299203669652,-8.643537
C1(N(=O)(=O))(OO)OC1(O)C(C(=O)(O))C(=O),-7.867012478629476,-8.233371
C12OOC(O)(C1(O)(N(=O)(=O)))C(=O)C(=O)C2(=O),-4.672038134041941,-6.6825805
C1(O)C2OOC1(C(=O))C(ON(=O)(=O))CC2(=O),-6.161225644827937,-5.379077
C12OOC(C2(O)(O))C(=O)C(OO)(C1(O))C(=O)(OON(=O)(=O)),-9.046968218201073,-9.290486
C(=O)(O)C1(C(=O)(O))OOC(C1(O))C(=O)C(=O),-9.764946695111576,-10.065932
C(=O)(O)C(O)C(OO)(C1(=O))OOC1(C(=O))C(=O),-8.350051766872639,-10.71445
C1(ON(=O)(=O))C(OO)C(OO)C(ON(=O)(=O))OOC1(=O),-5.656698413702543,-5.955703
CC1(O)C(=O)OOC1(OO)C(=O)C(O)C(=O)(OON(=O)(=O)),-6.947937173812534,-5.7737103
C(=O)(O)C(C(=O)(O))OOC(ON(=O)(=O))C(=O)(OON(=O)(=O)),-6.295373173154076,-6.887357
CC(=O)OOC(O)(C(=O)(O))C(N(=O)(=O))(ON(=O)(=O))C(=O),-6.566455681764637,-7.31698
CC(=O)CCC(=O)C(OO)CCC(OO)C,-8.685069349376136,-7.8193917
CC(=O)C(O)C(O)C(C(=O)C)CC(=O)(O),-9.479841976848547,-9.1268215
C(=O)(O)C(OO)C(ON(=O)(=O))(OO)C1(N(=O)(=O))OC1C(=O),-9.607099059343454,-9.15168
C(=O)C(=O)C(O)C(OO)(C(=O))C(OO)C(=O),-8.443208333832445,-10.815186
C1(O)(O)C2(O)OOC1C(O)(OO)C(OO)C2(ON(=O)(=O)),-10.850563346975832,-12.102095
CC(=O)CCC(ON(=O)(=O))CC(=O)CC(ON(=O)(=O))C,-5.663356564706191,-5.6982207
C1(OO)OC1(C(OO))CC(=O)(OON(=O)(=O)),-4.947862777204136,-5.1348596
C1(ON(=O)(=O))C(O)C(OO)C(N(=O)(=O))(C2(O)(OO))OOC12,-9.340533137350576,-8.745013
C(=O)C(=O)C(O)(O)C1(OO)OC1(O)C(=O),-7.995848694714368,-4.285381
C1(OO)OC1(OO)C(O)(C)C(=O)(O),-8.132341186093981,-7.561355
C1(=O)C(O)(C(=O)(O))OOC1(C(ON(=O)(=O)))C(=O)(OON(=O)(=O)),-5.216809022866073,-5.8112664
CC(O)(C(=O)(N(=O)(=O)))C(O)C(=O)(O),-6.1246184530318715,-6.5029907
C(=O)(OO)C(O)C(ON(=O)(=O))(C(=O)(OO))C(=O)(OO),-5.233685577637516,-7.696369
CC(=O)CC(ON(=O)(=O))CCC(=O)CC(=O)C(ON(=O)(=O)),-6.838424043307896,-7.113126
CC(=O)C(ON(=O)(=O))C(O)(C1(O)(N(=O)(=O)))OOC1C(=O)(OO),-8.218749280305929,-6.229047
CC(=O)C(O)CC(OO)C(O)(C)C,-7.206877769058337,-7.68245
C(=O)(O)C1(ON(=O)(=O))OC1(O)C(=O)C(O)C(=O),-7.267599562634132,-10.114565
C(=O)(OON(=O)(=O))C(O)C1(C(OO))OOC(C1(O))C(=O),-8.81010412548494,-9.950614
C(=O)(OO)C(OO)C(O)C1OC1(C)C(=O)(OON(=O)(=O)),-7.505678223635186,-5.89565
C1(=O)OC1(C(=O)(OO))C(=O)C(N(=O)(=O))C(=O),-4.084720478102099,-3.9860747
C(=O)(OO)C(O)C(ON(=O)(=O))C(OO)OC(=O)C(=O)(OON(=O)(=O)),-7.492876487172907,-7.474837
CC(=O)C1OC1C(OO)C(O)C(=O)(O),-8.895462155996938,-9.430482
CC(=O)C(ON(=O)(=O))C(=O)C(=O)C(C)(C)C(OO)C(=O),-6.151600356650306,-6.236726
C1(=O)OC1(OO)C(ON(=O)(=O))C(O)C(=O)(OO),-7.8452834210474975,-12.553538
C(=O)(O)C(OO)C(OO)(C)C(ON(=O)(=O))C(=O),-8.463628884710488,-8.671163
CC1(O)C(N(=O)(=O))(OO)OOC1(ON(=O)(=O))C(=O)C(=O),-5.746017014826066,-5.55915
C(=O)C(=O)C(ON(=O)(=O))C1(C)OC1(OO)C(=O),-4.9065802332770545,-4.1806464
C(OO)C(=O)C(OO)C(C)(C)C(O)C(=O)(OON(=O)(=O)),-7.97872815206938,-7.147758
C(=O)(O)CCC(OO)CC(OO),-8.282300067599863,-7.5095444
CC1(C)C(OO)CC1C(OO)C(=O)(OON(=O)(=O)),-5.754622209526133,-4.865239
CC(=O)C(=O)OOC(OO)(C(=O)(O))C(=O)(O),-9.122642379297758,-10.111396
C(=O)(O)C1(O)OC1(N(=O)(=O))C(C(OO))=CC(=O),-9.544118376274128,-11.36754
C(O)C1(O)C(OO)(C(=O)(OON(=O)(=O)))OOC1C(=O)(OON(=O)(=O)),-5.856399454612983,-6.1373205
CC(=O)C(ON(=O)(=O))C(=O)OOC(O)(C(=O))C(=O),-5.159375922346953,-7.7896886
C1(O)C(O)(C(=O)(OON(=O)(=O)))OOC1(C(=O))C(=O)C(=O),-5.744629253371386,-4.7876835
CC(=O)C(=O)C(OO)C(O)C(=O)(O),-7.109078695633798,-8.160465
CC(=O)C(OO)(C(=O))C(C)(C)C(=O)CC(=O),-6.24070294071862,-7.077325
CC(=O)C1OC1(O)C(=O)C(ON(=O)(=O)),-3.687366721802391,-2.5198493
C12(O)OOC(N(=O)(=O))(C1(O)(O))C(OO)C(ON(=O)(=O))C2(OO),-10.694747650602949,-10.385539
CC(ON(=O)(=O))C(C)(C(OO))C(=O)C(=O)C,-4.595725405975827,-4.4207134
C(=O)(OO)C(O)C(ON(=O)(=O))C1OC1(C(=O)(OO))C(=O)(OON(=O)(=O)),-7.794426322769141,-8.512984
CC(=O)C(O)(C(OO)C(=O)(OON(=O)(=O)))OOC(=O)C(=O),-6.093436468334403,-7.0890555
C(=O)(O)C1(O)OC1(O)C(N(=O)(=O))(ON(=O)(=O))C(=O),-6.953916865750216,-5.19774
C1(O)C(OO)(C(=O))OOC1(C(O))C(=O)C(=O),-9.187493691497366,-8.30774
CC(OO)(C)C(C(=O)(OO))C(OO)(C)C(=O),-7.877624140572152,-6.699207
CC1(C(O))C(OO)CC1C(ON(=O)(=O)),-5.3602042511774926,-5.573256
C(=O)(O)C1(O)OC1C(OO)(C)C(O)C(=O),-10.268667864991585,-11.087483
CC(=O)C(=O)CC(C(ON(=O)(=O))(C)C(O))C(ON(=O)(=O))C(=O)(OO),-7.93594176415354,-7.1579146
C(=O)(N(=O)(=O))C1OC1(OO)C(=O)CC(=O)(O),-7.065074219528469,-6.9594893
CC(=O)C(OO)C(OO)(C)C(C(=O))CC(=O)(OON(=O)(=O)),-8.159448787409929,-9.038695
C(=O)(OON(=O)(=O))C(=O)OC(=O)C(ON(=O)(=O))C(O)(C(OO))C(=O),-5.975527309376048,-6.9456334
CC(=O)C(=O)C(C)(C(ON(=O)(=O)))C(OO)(C(ON(=O)(=O)))C(=O)(OO),-7.652600523200817,-6.593423
C2(O)C(ON(=O)(=O))C(=O)C(O)(C1(O))OOC12C(=O)(OO),-9.066576342709595,-10.961529
C(=O)C1OC1(OO)C(ON(=O)(=O))(C(ON(=O)(=O)))C(O)C(=O),-7.170856008146075,-7.883649
C(OO)C(=O)C(ON(=O)(=O))(C)C(C(=O)C)CC(=O),-6.786070133079193,-6.20884
C12(O)OC1(ON(=O)(=O))C(ON(=O)(=O))C(=O)C(=O)C2(O)(O),-5.507453235826688,-4.697167
C(=O)(O)C(OO)(C(=O))C(OO)OC(=O)C(=O),-8.748955038376153,-8.235475
C(O)C(=O)C(OO)C(=O)OOC(=O)C(=O),-6.770767683032318,-6.1538916
C(=O)(O)C(OO)=CC1(O)OC1(ON(=O)(=O))C(=O),-8.239880114633706,-8.714613
CC(=O)C(C)CC(=O)CC(=O),-2.957859250745969,-2.9442396
CC(OO)(C)C(C(ON(=O)(=O)))C(=O)C(=O)C(=O)C(OO),-7.26542002435599,-7.567577
CC(=O)C(=O)OOC(C(=O)(O))CC(=O)(OON(=O)(=O)),-5.901706654025475,-6.400697
C1(O)C(O)(C(=O)(N(=O)(=O)))OOC1C(O)(C)C(=O)(OON(=O)(=O)),-6.677837423645542,-6.4687996
C(=O)(O)C(N(=O)(=O))(OO)C(OO)(C)C(=O),-7.367254055236117,-7.3492775
C(=O)CC(ON(=O)(=O))CC(=O),-2.9700553543661954,-3.216182
C1(=O)C(C(=O)(O))OOC1(C(ON(=O)(=O)))C(O)C(=O)(OON(=O)(=O)),-7.260005593838287,-6.8595114
C1(ON(=O)(=O))OC1C(O)(C(=O))C(=O),-3.2560596838302445,-2.6746895
CC(OO)(C(ON(=O)(=O)))C(C(=O))C(ON(=O)(=O))C(=O)(O),-7.293033198628109,-8.213234
CC(OO)(C(O))C(ON(=O)(=O))(C(=O)(OON(=O)(=O)))C(=O)C,-5.238094204629306,-5.7717323
C(=O)(O)C1(C(OO))OC1C(OO)C(=O)(OO),-10.93837197679386,-11.530281
C12(O)OOC(O)(C1(O))C(N(=O)(=O))=CC2(OO),-9.23511099719326,-9.038895
C(=O)(O)C1OC1C(=O)C(O)(C(=O)(OO))C(=O)(OON(=O)(=O)),-7.6584444068867015,-8.064646
CC(OO)CCC(ON(=O)(=O))CC(=O)CC(=O)(O),-8.914586334867636,-9.337686
C(=O)(N(=O)(=O))C1(O)OC1(O)C(C(O))=CC(=O)(OON(=O)(=O)),-7.06652722961735,-9.004471
C(ON(=O)(=O))C(OO)C(ON(=O)(=O))(C)OOC(=O),-4.109059006528696,-4.476065
C(=O)(OO)C(O)C(OO)C1(C(ON(=O)(=O)))OC1(OO)C(=O),-10.156254041619832,-9.713544
CC(OO)(C)C(OO)CC(=O)C(C)C(=O)(OON(=O)(=O)),-7.155219724474591,-6.502608
C(=O)(OON(=O)(=O))C(ON(=O)(=O))C(OO)(C)C(=O)OOC(=O),-4.28344251991075,-3.5310168
C(=O)(O)C(=O)C1(C)OC1(ON(=O)(=O))C(=O)(OO),-5.550797440140741,-6.6304874
C1(O)C(=O)C=CC(=O)C1(O)C,-4.580626121969544,-3.8119962
C(O)C(ON(=O)(=O))(C(=O))C1OOC(=O)C1(O),-6.2125045506691094,-6.565169
C(=O)(N(=O)(=O))C(=O)OC(=O)C(O)(C)C(O)C(=O),-5.735820217858418,-6.565652
C(O)C(=O)C(=O)OOC(C(=O))C(=O),-5.152150164620252,-5.821461
CC(O)(C(=O)(O))C(ON(=O)(=O))(C(=O)(O))OOC(=O)C(=O)(OON(=O)(=O)),-8.478923984104767,-7.865509
C(=O)(OON(=O)(=O))C(=O)OOC(C)(C(=O)(OO))C(ON(=O)(=O))C(=O),-5.090250579378335,-4.5065217
C(=O)(O)C1(C(ON(=O)(=O)))OC1C(OO)=CC(=O)(OO),-9.674012301416951,-12.162159
CC1(C)C(C(=O)C(O))CC1CC(=O)(OO),-6.804270581211313,-8.960934
C1C(OO)C(=O)C(OO)CC1C(=O)(OON(=O)(=O)),-6.695405147824204,-8.113484
CC(=O)C(OO)C(C)(C(ON(=O)(=O)))C(=O)C(OO),-7.469827405511751,-8.555274
CC(=O)C(C(ON(=O)(=O))(C)C)C(OO)C(=O)C(ON(=O)(=O))C(=O)(OO),-7.670824007771444,-7.5938454
C(=O)(O)C(O)C(=O)OOC(ON(=O)(=O))C(=O)(OO),-7.972103030697326,-8.44408
C(=O)(O)C(=O)C(=O)C(O)C(ON(=O)(=O))C(=O)(O),-8.185203037777683,-8.784217
C(ON(=O)(=O))C(=O)C(OO)(C)C(C(=O))C(ON(=O)(=O))(C)C,-6.535397603380261,-7.608425
C(O)CC(ON(=O)(=O))C(=O)CC(ON(=O)(=O)),-5.274639988085255,-5.1539817
C1(=O)C(OO)C(=O)OOC(OO)C1(=O),-4.420699219219387,-6.175214
C(=O)C(ON(=O)(=O))(OO)C(C(=O)(O))OOC(=O)C(=O),-7.005541090635234,-6.915151
CC(=O)C(ON(=O)(=O))(C(ON(=O)(=O))(C)C(OO))CC(=O)(OO),-7.183200002837111,-6.1890445
CCC(O)CCC(O)C(ON(=O)(=O))CC(=O)C,-6.62638925149804,-7.523007
CC(=O)C(OO)CC(=O)C(ON(=O)(=O))C(=O)C(OO)(C)C,-8.074004298556247,-7.6688204
C(=O)(O)C(C)(C(=O))OOC=CC(=O),-6.187863046929124,-6.9057283
C(=O)(O)C(C(ON(=O)(=O)))OOC(OO)(C(=O))C(=O),-7.708291274844669,-7.6513453
C(=O)(O)C(O)(N(=O)(=O))C(O)(C1(O)C(ON(=O)(=O)))OOC1C(=O),-10.247239836753579,-10.770764
CC(=O)CC(ON(=O)(=O))C(ON(=O)(=O))CC,-2.587881986037246,-3.431428
CC(=O)C(ON(=O)(=O))CC(C(=O)(OO))C(C)(C)C(=O)(OON(=O)(=O)),-5.917940937739331,-5.1593623
C(=O)(OON(=O)(=O))C1(C(=O)(OON(=O)(=O)))OOC(O)(C1(=O))C(=O),-2.889586556542781,-3.8390012
C1(=O)C(ON(=O)(=O))C(OO)C(=O)OOC1C(=O)C,-5.542467126069823,-5.671822
C(=O)(O)C1(ON(=O)(=O))OC1(C(=O)(O))C(ON(=O)(=O)),-6.022425339804613,-6.5936885
C(O)C(=O)OC(OO)C(=O)C(N(=O)(=O))(ON(=O)(=O)),-5.69981954517425,-5.491887
C(=O)(OON(=O)(=O))C(O)C(C1(O)(OO))OOC1(C(ON(=O)(=O)))C(=O),-8.037520296566072,-8.350615
C(=O)C(=O)C(O)(O)C(O)(OO)C(O)(N(=O)(=O))C(=O),-7.720001943278476,-7.3484855
C(=O)(O)C(=O)C(O)(C(=O))OOC(=O)C(=O),-6.627427210769383,-6.713365
C(=O)(N(=O)(=O))C1OC1C(ON(=O)(=O))(C)C(=O)C(=O)(OO),-5.371833718629205,-5.9484725
C(=O)(OON(=O)(=O))C(OO)(C(=O))C(O)C(=O)C(=O)C(=O),-5.053393307782244,-3.9472601
CC(OO)(C(O))C(CC(=O)(O))C(ON(=O)(=O))C(=O),-10.237993515620474,-10.054037
C(O)C(=O)C(=O)OC(=O)C(O)(N(=O)(=O)),-4.509930146377883,-4.230307
CCC(O)CC(ON(=O)(=O))C(ON(=O)(=O))CCCC,-5.296979941034806,-4.705081
C(=O)(OON(=O)(=O))C1OC1C(=O)C(O)(C(OO))C(=O),-5.915707349777222,-4.7334933
C(=O)(O)C12OOC(C1(O))C=CC2(OO),-8.52626363208401,-7.9130874
C1(O)(OO)C(O)OOC1(OO)C(=O)C(=O),-7.761561094928766,-8.037114
C(ON(=O)(=O))C(=O)C(=O)C(O)(OO)C1OC1C(=O),-6.395142472087173,-3.6882026
C(ON(=O)(=O))C(=O)C(O)(O)C(OO)C(=O)(OON(=O)(=O)),-5.84838361068978,-3.606648
C(=O)(OON(=O)(=O))C1OC1C(OO)(C)C(O)C(=O)(OON(=O)(=O)),-5.41627731618064,-5.4667106
C1(=O)C(OO)(C(=O)(OO))OOC1(C)C(ON(=O)(=O))C(=O),-6.779034628998488,-6.7259073
C12OOC(O)(C2(O))C(OO)C(O)C1(ON(=O)(=O))C(=O)(OON(=O)(=O)),-8.554685378388967,-8.19335
CC(=O)C(ON(=O)(=O))(C(O)(C)C(=O)(O))CC(ON(=O)(=O))C(=O),-8.351814199311775,-8.541734
C1(=O)C(=O)OOC1C(OO)(C)C(N(=O)(=O))(OO),-5.570859833082068,-8.022335
C(=O)(O)C1OOC(O)(C1(O)C(=O)(OON(=O)(=O)))C(=O)C(=O),-7.6094441049790476,-6.563812
C(=O)(OON(=O)(=O))C(O)(O)C(OO)(C)C(O)C(=O),-7.825714681952377,-7.1639714
C(=O)(O)C(O)C(C)(C(O))C(=O)C(=O),-7.7028823656000895,-8.59117
C(OO)C(=O)C(O)C(ON(=O)(=O))C(O)(C)C(=O)(OON(=O)(=O)),-7.307441738739726,-6.771785
C(O)OC(=O)C(=O)C(=O)C(=O)(OO),-4.519529738667188,-5.691714
C(=O)(OON(=O)(=O))C(OO)C(O)(C)C(=O)OOC(=O),-5.205872312479187,-4.2710204
C(=O)(O)C(=O)OC(OO)(C(ON(=O)(=O)))CC(=O)(O),-9.00928752865002,-8.926617
CC(OO)C(OO)CC(=O)CC(ON(=O)(=O)),-7.333733074279735,-7.385946
CC(O)(C(=O)(O))C(ON(=O)(=O))CC(C(OO))C(=O)C,-10.158171928720549,-10.377954
C1(OO)OC1CC(=O)C(=O)C(=O)(O),-6.900090703042224,-6.3366966
CC(ON(=O)(=O))(C(=O)(OON(=O)(=O)))C(OO)C(C)(C)C(C(=O)(O))C(=O),-8.539425132141332,-8.197492
CC(ON(=O)(=O))(C)C(CC(=O)(OO))CC(O)C(=O)(OON(=O)(=O)),-7.070031281458796,-8.372253
C(=O)(O)C(N(=O)(=O))(OO)OOC(ON(=O)(=O))C(=O),-5.938796232963796,-5.9066916
CC(=O)C(O)(C(=O)(O))OOC(=O)C(ON(=O)(=O))C(=O),-7.101076726845349,-9.643292
C(ON(=O)(=O))C(=O)C(O)(C(=O)(O))OOC(=O)C(ON(=O)(=O))C(=O),-7.817134708631784,-8.886571
C(=O)(N(=O)(=O))C(=O)C1(C)OC1(OO)C(=O),-3.8293317610077793,-3.174018
CC(OO)(C(O))C(C(=O)C(ON(=O)(=O)))CC(=O),-8.0543523861852,-7.353128
C(=O)CC(ON(=O)(=O))C(C(=O)(O))OOC(=O),-6.652504885554663,-6.586688
CC(ON(=O)(=O))(C)C(C(=O))C(ON(=O)(=O))(C)C(=O)C(=O),-4.183882632001769,-4.3782372
CC(=O)CC(=O)C(O)CCCC(OO)C,-8.265774801882799,-7.680543
CC(=O)C(C(ON(=O)(=O))(C(ON(=O)(=O)))C(OO))CC(=O)C(=O),-7.758758802767261,-7.164556
C(=O)(OO)C(N(=O)(=O))C(=O)C1(C(O))OC1C(=O)(OO),-9.14733872989018,-10.1395235
C(ON(=O)(=O))C1(ON(=O)(=O))OC1(O)CC(=O)(OO),-5.804815961717395,-5.0969462
C1(OO)C=C(OO)C(C)(C(=O)(O))OOC1(=O),-8.83332659964799,-9.696317
C(=O)(OO)C(=O)OC(OO)C=C(C)C(=O),-7.220766046113567,-7.905436
C(=O)(OON(=O)(=O))C(ON(=O)(=O))C(O)C(=O)OC(=O)C(=O),-4.074165929225273,-3.2750897
C(=O)(OO)C(ON(=O)(=O))C(O)(OO)C1(N(=O)(=O))OC1C(=O),-8.557862518922775,-9.278626
C(=O)(O)C(OO)C(ON(=O)(=O))C1OC1(C(=O)(N(=O)(=O)))C(=O)(OO),-9.337305643188301,-9.192002
CCCC(ON(=O)(=O))CC(ON(=O)(=O))CC(OO),-4.700208360489341,-4.7063503
C1(O)C2(OO)OOC1C(=O)C(N(=O)(=O))C2(=O),-6.840124714348349,-5.512051
CC1(C(=O)(O))OC1(ON(=O)(=O))C(O)C(OO)C(=O)(OO),-9.729258570136153,-6.4130344
C1(=O)C2(OO)OOC1C(OO)=CC2(=O),-5.782696821770514,-7.305936
CC(=O)C(C(OO))CC(ON(=O)(=O))C(O)(C)C(=O)(OON(=O)(=O)),-7.883555538312066,-7.4653554
C1(=O)OC1(O)C(ON(=O)(=O))C(ON(=O)(=O))(C)C(=O)(OO),-5.94795124855591,-12.06617
C(=O)(O)C(O)C(OO)C(=O)OC(=O)C(=O)C(=O),-8.417541722665192,-7.460022
C(ON(=O)(=O))C(OO)(C(=O)(OO))C1CC(C(=O)(OON(=O)(=O)))C1(C)C,-7.65864438432618,-6.1570134
C2C(=O)C(=O)C(C(OO)C12)C1(C)C(ON(=O)(=O)),-5.866657576916623,-7.3176475
C(=O)(OON(=O)(=O))C(=O)CC(ON(=O)(=O))C(OO)(C)C(=O),-5.071965970855672,-5.4540095
C(=O)(OON(=O)(=O))CC(ON(=O)(=O))C(C)(C(=O))C(C(=O)(OO))C(=O)C,-6.68491644403548,-6.5436935
C(=O)C(=O)C(O)(O)C1(O)OC1(OO)C(=O),-8.049971339321928,-6.906556
C(ON(=O)(=O))C1(O)OC1CC(=O)(OO),-5.839972519563162,-7.741604
C(=O)(OON(=O)(=O))C(OO)OC(=O)C=C(C(=O)(O))C(=O),-7.023792700201739,-7.7235737
CC(=O)C1(O)OC1(OO)C(ON(=O)(=O)),-4.07931950672355,-2.1618438
C1(ON(=O)(=O))C(=O)C(OO)C(=O)OOC1(C)C(=O)(OON(=O)(=O)),-4.623454081156524,-4.5360107
C(ON(=O)(=O))C1(O)C(OO)OOC1(O)C(ON(=O)(=O))C(=O),-7.315376809536247,-7.3957715
CC(ON(=O)(=O))(C(O))C(OO)(C(=O)(OON(=O)(=O)))CC(=O),-6.744361797333113,-7.045488
C1(O)C(=O)OOC1(O)C(=O)C(=O)C(=O),-5.350576115684817,-5.097615
C1(O)(N(=O)(=O))C2(O)OOC1C(OO)C(=O)C2(=O),-6.456945608573733,-6.276972
C(=O)(N(=O)(=O))OOC(OO)(C)C(=O)(O),-5.428265452661435,-5.085848
C(=O)(O)C(=O)CC1OC1C(=O)C(ON(=O)(=O)),-6.521577510604402,-6.9926004
C(=O)(O)C=C(C(=O))C(=O)OC(=O),-4.844943199233967,-5.050796
C(=O)(OO)C1(O)C(=O)OOC1(O)C(ON(=O)(=O))C(=O),-6.888586465574917,-6.4373193
CC(=O)C1(ON(=O)(=O))OC1C(=O)C(=O)(O),-3.99239618727006,-4.9767504
C1(OO)OC1(C)C(OO)C(=O)C(=O),-5.80378783820197,-4.7713256
C(=O)(OO)C1(C(=O)(OO))OC1(OO)CC(=O),-8.260092127879034,-9.396573
C1(=O)OC1C(C(=O)(OO))=CC(=O)(OO),-7.929246226456598,-7.121394
C(=O)(N(=O)(=O))C(=O)OC(OO)C(=O)C(ON(=O)(=O)),-4.153878262004582,-4.2452273
C(=O)(OON(=O)(=O))C=C(C(OO))C1(OO)OC1(O)C(=O),-8.437510872303392,-8.3433485
C(=O)(OO)C(=O)OC(OO)C(C)=CC(=O)(OON(=O)(=O)),-6.460883216263028,-7.4188
C(O)C(ON(=O)(=O))C(C(=O))C(=O)C,-4.304482389052282,-3.8376012
C1(=O)C(=O)OOC1C(=O)C(N(=O)(=O))(ON(=O)(=O))C(=O)C,-3.2649423646216746,-3.4262471
CC(=O)C(=O)CC(O)CC(ON(=O)(=O))C(OO)CC,-8.19395077660738,-7.9368978
C(=O)(O)C1(OO)OC1(OO)CC(=O),-8.225661394666531,-8.270814
C(=O)(O)C(=O)C(N(=O)(=O))C1OC1C(=O)C(OO),-8.611911390820751,-9.3039055
CCCC(=O)C(ON(=O)(=O))CC(=O)CC(=O)(OO),-6.112983927625464,-5.930735
C(ON(=O)(=O))C(C(=O)(OON(=O)(=O)))=C(OO)C(O)OC(=O)C(=O),-7.681474430079106,-6.7253685
CC(O)(C)C(OO)(C(=O))C(OO)C(=O),-8.00196042447351,-6.628394
C(=O)(OON(=O)(=O))C(=O)C(OO)(C)OOC(=O)C(=O),-3.9274185244867112,-3.507838
C(=O)(O)C(O)C(ON(=O)(=O))(C)C1OC1C(=O)(OON(=O)(=O)),-6.2779243865807075,-6.421234
C(=O)(O)C(=O)CC1(C)OC1C(=O)(O),-7.3419713730691,-8.041076
C(=O)(O)CCC(O)C(ON(=O)(=O)),-5.751809427529224,-5.50073
C(=O)(O)C(=O)C(C1(O)(O))OOC1(C)C(=O)(OO),-10.39839537088119,-9.014568
C(=O)(N(=O)(=O))C1OC1(C(OO))C(=O)C(O)C(=O)(OO),-8.656478415607125,-6.72993
C1(OO)C=CC(OO)OOC1(C(=O)(O))C(=O),-9.517202431947226,-9.096241
C12OOC(C1(=O))C(OO)C(OO)(C(=O)(O))C2(ON(=O)(=O)),-8.990241918596439,-9.285974
C1(=O)C(OO)OOC1(OO)C(ON(=O)(=O))(C)C(=O)(O),-7.532717218113248,-7.1256394
C1(O)(O)C(OO)OOC1(C(O))C(=O)(OO),-9.8709968271869,-14.474304
C(=O)(OON(=O)(=O))C(O)C(=O)C1(C(=O)(OO))OC1C(=O),-5.740489790390711,-5.431289
C(O)C(=O)C(=O)C(O)C(N(=O)(=O))(ON(=O)(=O))OC(=O),-5.9463605307391845,-5.1247854
C(=O)(O)C(=O)C(=O)OOC(C(=O)(OON(=O)(=O)))C(=O)C,-5.239475075548398,-5.596389
C(=O)(O)C(O)C(O)C(=O)OC(OO)(C(=O)(N(=O)(=O)))C(ON(=O)(=O)),-10.494043237689766,-10.173429
C1(ON(=O)(=O))OC1C(O)(C(=O)(O))C(=O),-5.529539245573687,-3.3940487
C(=O)(O)C=CC(=O)C(O)C(=O)(OO),-8.118731802329421,-7.5821447
C1(O)C=CC(=O)OOC1(O)C(=O)(O),-8.191025819760398,-9.425889
C(=O)(OON(=O)(=O))C(O)(O)C(ON(=O)(=O))(C)C(O)C(=O),-6.527818193178973,-6.6643157
CC1(C)C(=O)CC1C(OO)(C)C(OO)C(=O),-7.982602832067641,-8.656825
C(=O)(O)C(OO)C1(C(ON(=O)(=O)))OC1C(=O)(OON(=O)(=O)),-6.515716470268671,-6.4729133
C(=O)(O)C=CC1(OO)OC1(OO)C(=O),-8.86611472973891,-7.9365067
C(=O)(N(=O)(=O))C(=O)(O),-0.5188247581972973,-0.6168491
C1(=O)C(ON(=O)(=O))CC(=O)C(OO)C1C(ON(=O)(=O))(C)C,-6.526017892480013,-6.368967
CC1(C(ON(=O)(=O)))C(OO)CC1C(OO)C(=O)(OON(=O)(=O)),-6.970069411181612,-6.422936
C(OO)C(=O)C(=O)C(C)(C)C(C)C(=O)(OON(=O)(=O)),-5.0037247412547,-4.686553
CC(=O)C(ON(=O)(=O))(C(OO)(C)C)CC(=O)C(ON(=O)(=O)),-6.125283101457171,-7.098733
C(O)C(OO)CC(=O)CCC(=O)(OO),-8.749594645167235,-9.397091
C(=O)(O)C(=O)C(OO)C(ON(=O)(=O))(C(=O))OOC(=O),-6.820107732448378,-5.4156985
C1(=O)C(=O)C(=O)OOC(OO)C1,-4.130124087590957,-3.8453057
C(=O)(OON(=O)(=O))CC(C1(=O))OOC1(C(=O)(OO))C(=O),-5.844936497582239,-5.447672
C(=O)C(OO)C(O)(N(=O)(=O))C(=O)OC(=O)C(=O),-5.72705956955906,-6.197252
CC(=O)OC(=O)C(ON(=O)(=O))(OO)C(=O)(O),-5.099617402040167,-6.077224
CC(=O)C(=O)C(OO)C(ON(=O)(=O))C(OO),-6.100243915396277,-5.702666
C(=O)(OO)C(ON(=O)(=O))C1OOC(C(=O)(OO))C1(O)C(=O),-9.896278100844938,-11.156922
CC(ON(=O)(=O))C(ON(=O)(=O))CCC(O)C(OO),-6.9086996592377545,-6.970483
C2(=O)C(=O)C(=O)C(ON(=O)(=O))C1OC12C(OO),-4.89579079428222,-5.704564
C1(OO)OC1C(C(=O)(OON(=O)(=O)))C(=O)C(=O),-4.236000500022783,-3.562754
CC(OO)(C(=O)(O))C(ON(=O)(=O))C=CC(=O),-7.79004989870009,-7.8802176
CCCC(O)C(=O),-1.1382718201930402,-1.5405774
C(=O)(O)C1(N(=O)(=O))OC1C(OO)C(O)C(=O)C(ON(=O)(=O)),-9.365891763547552,-9.702939
CCCC(O)CC(OO)C(OO)CC(ON(=O)(=O))C,-8.984941925940802,-8.968751
C12OOC(C2(=O))C(O)C(ON(=O)(=O))C1(OO)C(OO),-9.152960466832155,-8.186667
C(=O)(OO)C(=O)C1(OO)OC1C(ON(=O)(=O))C(O)C(=O)(OON(=O)(=O)),-7.898579546425026,-6.3374796
C(OO)C(OO)(C(=O)(OON(=O)(=O)))C(=O)C1OC1C(=O)(OON(=O)(=O)),-6.328949323564302,-5.876022
C1(=O)C(=O)OOC1(OO)C(OO)C(=O),-5.197320521416259,-5.072393
C(=O)(O)CC(=O)OC(OO)C(=O)(OON(=O)(=O)),-5.455439584286069,-5.6540856
C1C(ON(=O)(=O))C(O)(C)C(=O)C(ON(=O)(=O))C1C(=O)C,-6.183410174635355,-6.707824
C1(O)C(OO)C(OO)C(C2(=O))OOC12C(=O),-8.591938501413097,-9.873663
C(=O)(OON(=O)(=O))C1(O)OC1(OO)C(OO)C(=O),-5.9857547381107,-5.3776126
C(O)C(=O)C1OC1(OO)C(O)(O)C(=O)(O),-11.255777668804512,-13.185062
C(=O)(O)C1(C(OO))OC1(O)C(OO)C(=O),-10.205230146006215,-9.604598
C(O)C(C(=O))C(OO)OC(=O),-5.940514834408532,-6.549782
C(O)C(=O)OC(=O)C(=O)C(ON(=O)(=O))C(=O)(O),-6.386543036976946,-6.840456
C(=O)(O)C(=O)C(=O)C(O)C(=O)C(OO),-7.864420326834079,-6.231512
C(=O)(O)C(=O)C1(O)OC1C(OO)C(ON(=O)(=O))C(=O)(OO),-10.294152966656839,-12.037466
CC(=O)C(O)(N(=O)(=O))C(O)(C(=O))OOC(=O)C(=O),-6.652736487783841,-6.563166
C(=O)(OON(=O)(=O))C(=O)C=C(OO)C(OO)OC(=O)C(=O),-6.8721082041738555,-8.005757
C(O)C(=O)CC(=O)C(N(=O)(=O))(OO)OC(=O)C(=O)(O),-9.22955216364062,-11.042187
C(O)C(ON(=O)(=O))CC(OO)CC(OO),-8.028370487503707,-7.725418
CC(OO)(C)C(ON(=O)(=O))(C)CC(=O)C(=O)(OO),-6.1522187443915755,-8.397391
