SMILES,predictions,target_values
C1(=O)CC(=O)C(O)(C)C(ON(=O)(=O))C1(C)C,95.46572501183982,78.15247
CC(ON(=O)(=O))CC(=O)C(OO)C(OO)CC(O)CC,150.57487086509354,142.12325
C(=O)(OO)CC=CC(=O),84.71790482376673,89.739265
C(=O)(OON(=O)(=O))C1(ON(=O)(=O))OOC(OO)(C1(O))C(=O)C(=O),99.16065556286776,114.31998
C(=O)C(=O)CC(C(OO)(C)C)C(C(=O)(O))=C,122.86535393278609,111.46385
CC(=O)C1(O)OC1C(ON(=O)(=O))C(ON(=O)(=O))C(=O)(OO),113.14699833759369,117.50342
C(=O)(O)C1(O)OC1C(C)=CC(=O),119.1898626722832,125.80087
C(O)C(C(=O)(O))C(C(OO))(C(=O)(OON(=O)(=O)))C(=O),136.2561905903276,140.21806
CCC(OO)C(OO)C(=O)CC(=O)CC(ON(=O)(=O)),136.67054256881238,132.73
C1(O)C(OO)(C(O))OOC1C(ON(=O)(=O))C(=O),131.43353726222267,128.80586
C(ON(=O)(=O))C(O)CCC(=O)(OO),112.71429240531143,116.61218
C1(ON(=O)(=O))OC1(OO)C(O)(O)C(=O)C(=O)C,110.8073307688901,119.29324
C(=O)(OON(=O)(=O))C(OO)C(O)(C)C(O)C(=O),107.81173915331601,110.41919
CC(ON(=O)(=O))C(C)(C)C(C(=O)(O))C(OO),108.27310065972415,110.92596
C(=O)(O)C(O)C(O)C1(C(ON(=O)(=O)))OC1(OO)C(=O),147.51872351214843,148.88007
C(=O)C(OO)C(O)C(OO)(C)OC(=O),122.98170471494086,125.38967
CC(=O)C(O)C(ON(=O)(=O))C(OO)OC(=O)C(=O)(O),135.97164759604493,146.72116
CC(=O)C(OO)C(C)(C(ON(=O)(=O)))C(O)C(=O)(OON(=O)(=O)),111.79027029966528,116.70435
C1(=O)C(ON(=O)(=O))OOC1(O)C(=O)C(=O)C(OO),102.1831153055391,103.02544
C(=O)(O)C(OO)(C(ON(=O)(=O)))OOC(=O)C(=O),109.49473162570212,107.57608
CC(OO)(C(=O)(OON(=O)(=O)))C(OO)OOC(=O),94.64009022945538,93.72654
C(=O)(OO)C(=O)OC(O)C=CC(=O)(OON(=O)(=O)),112.01321545108658,121.93879
C1(OO)C(OO)=CC(ON(=O)(=O))OOC1C(=O)(O),136.4142463050739,137.83401
C1(=O)OC1(OO)C(=O)C(OO)C(=O)C,107.40203577256761,110.96751
CC(O)(C)C(OO)(CC(=O)(O))CC(=O)(OON(=O)(=O)),126.56111685994983,133.7626
C1(=O)C(=O)OOC(ON(=O)(=O))C(=O)C1(O)C(OO),100.54238410649123,106.91513
C(=O)(O)C1OC1(O)C(O)C(=O)C(=O),119.28369959565316,118.94773
C(=O)(OO)C(ON(=O)(=O))(OO)C(ON(=O)(=O))(C)C(=O)OC(=O),106.63785605883459,120.94371
C(=O)(OON(=O)(=O))C(ON(=O)(=O))(C(=O))C(=O)C(O)C(=O),83.57210334047704,81.42591
C(=O)(OON(=O)(=O))C(O)C(OO)C1(O)OC1(C)C(=O),119.5160582449389,121.93281
C(=O)(O)C(O)(N(=O)(=O))C(OO)C1OC1(C(O))C(=O),157.96397957627778,152.50266
C(O)C(=O)C(O)C(=O)C(=O),92.88242993618769,91.00116
CCCC(O)C(ON(=O)(=O))CC(=O)CCC,90.23512195998774,91.93792
C(=O)(OON(=O)(=O))CC(=O)C1(O)OC1(ON(=O)(=O))C(=O),86.23186485883343,73.66807
C(ON(=O)(=O))C(=O)C(O)C(=O)C(=O)(OON(=O)(=O)),86.4152339192733,82.126564
C(=O)(O)C(=O)CC(ON(=O)(=O))C(ON(=O)(=O))(C)C(OO),126.59088980588422,124.10506
CC(ON(=O)(=O))(C)C(OO)C(=O)C(OO)C(=O)(OON(=O)(=O)),105.56866813032684,100.55186
C1(O)C(O)(C(=O)(O))OOC1C(=O)C(=O),124.8996342382743,118.55322
C(=O)(OON(=O)(=O))C(OO)C(=O)C(O)(O)C(=O)C,101.96921628265409,115.0333
C(=O)(O)C(=O)OC(OO)(C)C(OO)C(=O)(OON(=O)(=O)),121.5522905389953,124.42702
CC(=O)C(OO)(C(=O)(O))C(C)(C)C(=O)C(ON(=O)(=O)),120.20525811544212,119.54847
C(O)C(=O)C1(N(=O)(=O))OC1(OO)C=CC(=O),120.00557529606886,116.81452
C(=O)(OO)C1OOC(C(=O)(OON(=O)(=O)))C1(O)C,105.97305054723256,104.03742
C(OO)C1(C(=O)(OON(=O)(=O)))OC1(OO)CC(=O)(OON(=O)(=O)),107.91744816474966,106.97601
C(=O)(O)C(=O)C(ON(=O)(=O))(C)C(=O)C(=O)C(=O)(OO),110.02817117213999,101.71622
C(=O)(O)C(C(=O)(OO))=CC1OC1(OO)C(=O),132.14785321866657,117.78286
C1(=O)OC1C(OO)C(O)(OO)C(=O)(OON(=O)(=O)),117.77257431938051,104.2511
C(ON(=O)(=O))CCC(=O)(OON(=O)(=O)),62.64340277954034,65.61562
CC(O)(C(=O)(OO))C(ON(=O)(=O))C(=O)C(=O),94.94509123876924,89.30669
CC(=O)CC(O)CCC(ON(=O)(=O))C,94.24834954624384,87.472374
C(=O)(O)C1OC1(O)C(OO)(C(=O))C(O)C(=O),146.41951002425776,137.8664
C1(ON(=O)(=O))C(=O)C(ON(=O)(=O))CC(OO)C1(C)C,105.28661525424104,100.68499
CC(O)(C(=O)(OON(=O)(=O)))C(ON(=O)(=O))(C(=O)(O))CC(=O),122.09676918167679,125.63418
C2(ON(=O)(=O))C(O)C(OO)C1(C(=O)(OO))OOC2C1(=O),127.25734044323326,145.97134
C(OO)C1CC(ON(=O)(=O))(C(=O)C)C1(C)C(=O),104.87404692625569,100.74524
CC(=O)C(=O)C1(O)OOC(O)(C1(O))C(=O)(OO),138.83416652739106,152.225
C(=O)(N(=O)(=O))C1(OO)OC1C(O)(C(ON(=O)(=O)))C(=O),103.8855161443862,106.69485
C(=O)(N(=O)(=O))C1(O)OC1C(C)=CC(=O)(OO),107.23531776746677,107.84561
C(=O)(OON(=O)(=O))C1(O)OC1C(C(=O)(O))=CC(=O),112.12802835492039,120.099
CC1(C)C(OO)C(OO)C1C(OO),115.00604603043757,110.769264
C(=O)(O)C(O)(N(=O)(=O))C(ON(=O)(=O))(C)C1OC1(O)C(=O),123.9920300290396,136.02025
CCC(OO)CCC(O)CC(OO)C(=O)C,140.5285028784201,143.55559
CC(C(=O)(OON(=O)(=O)))C(OO)(C)C(=O),83.16787263930746,80.464806
C(=O)(OON(=O)(=O))C(O)OOC(=O)C(=O),79.00581814075122,75.79215
C(OO)C12C=CC(OO)C(O)(C1(O))OO2,134.72723382974073,142.49646
CC(=O)CC(OO)C(=O)C(ON(=O)(=O))C(=O)CC(=O)(O),126.84155579961953,137.08801
CC(=O)C(C1(C(ON(=O)(=O)))C(OO))CC1CC(=O)(OON(=O)(=O)),115.18502990896377,120.49414
CC(=O)C(O)CC(ON(=O)(=O))C(=O)C(ON(=O)(=O)),107.45536698381329,102.16408
C1(O)(OO)C(C(ON(=O)(=O)))OOC1(C(ON(=O)(=O)))C(=O),111.31845536522451,124.50563
CC(=O)CCC(ON(=O)(=O))C(=O)(OO),90.98400957755803,94.29351
C(=O)(N(=O)(=O))C1(O)OC1(O)CC(=O)C(=O),88.46673759054102,86.01999
C(O)C(ON(=O)(=O))(C(=O)(OON(=O)(=O)))C(OO)C(C)(C)C(=O),116.45120336854598,119.36174
C1(=O)C(O)(C(=O)(O))OOC1(C(OO))C(=O)C(=O),123.11433046171442,138.54517
C1(=O)C(C(OO))OOC1C(ON(=O)(=O))C(=O)(OON(=O)(=O)),104.71627535203879,100.37483
CC(=O)C1OC1C(=O)C(O)C(=O)(OON(=O)(=O)),85.32317260426498,95.5503
C(=O)(O)C(O)C(O)C1OC1(ON(=O)(=O))C(=O),128.2574881810724,124.17225
C(=O)(O)C(=O)C(O)(C(=O)(OON(=O)(=O)))C(=O)C(=O)(OON(=O)(=O)),91.52773658486694,103.852615
CC(ON(=O)(=O))(C(=O)(O))C(O)C(OO)(C)C(=O)(OON(=O)(=O)),129.4652151603441,121.12148
CC(=O)C(=O)CC(ON(=O)(=O))(C(OO)(C)C)C(O)C(=O)(OON(=O)(=O)),121.70037996335304,126.00936
CC(=O)CCC(=O)CC(=O)C(ON(=O)(=O))CC(ON(=O)(=O)),110.15192771390866,108.32016
C(O)C(OO)(C(=O)(OO))C(ON(=O)(=O))CC(=O)C(=O),130.15572127641644,125.247284
CC(ON(=O)(=O))CCCCC(=O)C(=O)CC(=O)(OON(=O)(=O)),105.10132428211364,103.08309
C1(=O)C(=O)OOC1(C)C(OO)C(=O)(OON(=O)(=O)),80.19598079888965,86.51713
C(=O)(OON(=O)(=O))C(=O)C1OOC(OO)(C1(O))C(O)C(=O),127.20863981520961,138.49684
CC(=O)C(C(OO))CC(OO)C(O)(C)C(=O),128.4495687140079,149.00374
C(=O)(O)C(=O)C(ON(=O)(=O))C(=O)OC(OO)(C)C(=O),115.93802514579147,113.20155
C(=O)(O)C1(OO)OC1(C(=O))C(=O),101.11749086899363,101.65438
C(=O)(OO)C1(N(=O)(=O))OC1(OO)C(C)=CC(=O),114.16979312081094,131.05447
C(=O)(OO)CC(=O)C1(O)OC1(N(=O)(=O))C(=O),100.22772283636732,88.228386
C(OO)CCC(O)CC(=O)C(OO)C(=O),146.97400486979313,145.88197
CCC(=O)CCC(O)C(=O)CC(ON(=O)(=O))C,101.16842588768486,109.17616
C(=O)C1(O)OC1(OO)C(O)(C(ON(=O)(=O)))C(ON(=O)(=O))C(=O),136.48165491221152,135.57416
C(=O)(O)C1(O)OC1(O)C(O)(N(=O)(=O))C(=O),123.84892359371588,118.14704
C(O)C(=O)OC(O)C=CC(=O)(O),127.77365217629267,124.4281
C(OO)C1(O)C(O)(C(=O)(OON(=O)(=O)))OOC1C(=O)C(=O),125.22803259385546,118.820915
C(=O)(OO)C(=O)C(O)C(ON(=O)(=O))C(OO)OC(=O),125.96672483837028,126.75269
C1(O)(O)C(O)(C(=O)(N(=O)(=O)))OOC1C(O)C(=O),107.00869467552548,127.45569
C(=O)C1(OO)OC1(ON(=O)(=O))C,78.63434098168364,68.58714
CC(=O)C(=O)OC(=O)C(=O)C(N(=O)(=O))(OO)C(=O),87.18760112675955,89.1651
C(=O)(OO)C1OC1(C(=O)(OON(=O)(=O)))CC(=O),94.43186913783575,98.9775
C(OO)C(ON(=O)(=O))C(C)(C)C(C(=O)(OO))C(=O)(OON(=O)(=O)),108.6457312024504,111.262054
C(ON(=O)(=O))C(=O)C(=O)C1OOC(OO)(C1(O)(OO))C(=O),130.1850552242904,109.56971
C(=O)(OO)C(=O)C(ON(=O)(=O))(C(ON(=O)(=O)))C(=O)C(=O),92.12964422068762,92.2572
C(O)C(=O)C1(OO)OC1(ON(=O)(=O))C(=O)C(=O),98.30910375876556,107.03756
C(ON(=O)(=O))CC(=O)CC(ON(=O)(=O))CC(OO),115.38290401003906,110.92454
C(ON(=O)(=O))C(=O)OC(=O)CC(=O),76.85188533069595,78.97141
C(=O)(O)C(=O)C(O)C(ON(=O)(=O))(C)OC(=O),103.11380704077601,106.92379
CCC(OO)CC(ON(=O)(=O))C(ON(=O)(=O))CC(O),123.49334864054254,118.58058
CC(=O)C(=O)C(=O)C(=O)C(O)(ON(=O)(=O))C(=O)(O),97.59031470757327,103.75433
CC(ON(=O)(=O))(C(=O)(O))OOC(C(=O)(O))C(=O)C(=O)(O),135.65676951296336,144.37299
CC(ON(=O)(=O))CCCCCCC(ON(=O)(=O))C,83.56041985000775,88.420265
C(=O)(O)C(=O)OOC(=O)C(ON(=O)(=O))C(=O)C,97.68607853442518,98.4673
C1(O)C(O)(C(=O)(O))OOC1(C)C(OO)C(=O),140.852766845499,138.58237
C(=O)(O)C(=O)C(O)C1(OO)OC1(O)C(=O),137.48739256912813,128.99959
C1(O)C(C(ON(=O)(=O)))OOC1(C)C(=O),87.91344837420911,93.48922
C(=O)(N(=O)(=O))C1OC1C(O)(C(O))C(ON(=O)(=O))C(=O)(OO),123.92497836478287,136.13289
C(=O)(OO)CC(OO)C(C)(C)C(C(=O))C(=O)C(OO),137.65517232105776,139.98463
CC(ON(=O)(=O))CC(O)C(OO)CC(=O)CC(ON(=O)(=O))C,138.09865517692378,142.42232
C(O)C(ON(=O)(=O))C(=O)C(ON(=O)(=O)),89.95802676444146,87.20046
CC(=O)C(OO)(C(=O)C(=O)(OON(=O)(=O)))OOC(=O),85.47887909839483,99.38582
C1(ON(=O)(=O))OC1(C(=O)(OO))C(=O),76.43726635094936,69.46829
C(=O)(O)C1OC1(C(=O)(OON(=O)(=O)))C(=O)(OON(=O)(=O)),90.46873382628837,85.66305
C(=O)(O)C(O)(C(ON(=O)(=O)))C1CC(C(=O)(OON(=O)(=O)))C1(C)C,123.07124806584761,123.79829
C(=O)C1(OO)OC1C(=O)C(O),104.47248874008073,84.20978
CC(=O)C(O)C(ON(=O)(=O))C1CC(ON(=O)(=O))C1(C)C,100.01929356471373,102.979454
C1(O)(OO)C(N(=O)(=O))(C(=O)(OON(=O)(=O)))OOC1(C)C(=O),103.90767009607953,91.53044
CC(ON(=O)(=O))CC(ON(=O)(=O))C(=O)C(OO)C(=O)CC(=O)C,119.31538966375956,123.04688
CC1(ON(=O)(=O))C(OO)C(O)C(=O)CC1C(OO)(C)C,129.63272232680902,125.52778
C(=O)(OON(=O)(=O))C(O)(O)C(=O)C(OO)C(=O),105.3764266504295,97.657234
CC(O)(C(=O)(OO))C(=O)C1OC1(ON(=O)(=O))C(=O),100.18097848911566,98.915955
CC1(C)C(OO)C(ON(=O)(=O))C1C(OO),98.3108847165131,99.071846
C(=O)(OO)C1(O)OC1C(O)C(=O),108.52412373651896,126.45152
CCCCCC(ON(=O)(=O))CC(OO)CC(ON(=O)(=O)),106.03830169609864,103.05259
C(=O)(OO)C(O)(O)C(ON(=O)(=O))(C)C(O)C(=O)(OON(=O)(=O)),120.25461981354601,132.68092
CC(O)(C(=O)(OON(=O)(=O)))C(=O)OOC(O)C(=O)(OON(=O)(=O)),102.28892594915669,94.84756
C(=O)(O)CC(=O)C(C)(C(OO))C(ON(=O)(=O))(C)C(=O)(OON(=O)(=O)),136.6924790668927,134.62585
C(ON(=O)(=O))C(OO)C(C)(C)OOC(=O)C(=O)C(OO),115.52647289291781,117.99512
C(=O)(O)C1OOC(OO)(C1(O)(O))C(N(=O)(=O))(OO)C(=O),146.19360193699686,137.80397
C1(O)C2(O)OOC1(C(=O)(OON(=O)(=O)))C(ON(=O)(=O))C(O)C2(=O),117.19399377104128,113.65761
CC(ON(=O)(=O))(C)C(OO)(C(O))CC(=O)(OON(=O)(=O)),101.16274613998394,102.1609
C1C(=O)OOC(OO)(C(=O)(O))C(OO)C1(=O),131.29990306582476,128.03923
CC(ON(=O)(=O))(C)C(C(ON(=O)(=O)))C(=O)C(OO),103.53983212709863,94.95797
C(=O)(OO)C=C(C(=O)(OO))C1OC1(ON(=O)(=O))C(=O),117.86557128596178,111.595024
C(=O)(O)C(=O)C(ON(=O)(=O))C1(C(OO))OC1(ON(=O)(=O)),111.26477140194038,119.94968
C1(=O)C(=O)OOC1(C)C(OO)C(O)C(=O)(OO),109.09183500638756,132.92651
C(OO)C1(C(=O)(OON(=O)(=O)))OC1(O)C(=O)C(O)C(=O)(OON(=O)(=O)),116.59375831684156,123.20478
C(=O)C(O)OOC(=O)C(=O),80.99281672166398,75.8568
C(OO)C(=O)C(=O)OOC(C(=O)(OON(=O)(=O)))C(=O),100.54022723162052,99.40812
C(=O)(OON(=O)(=O))C(OO)=CC1(O)OC1(O)C(=O),117.90310147102718,81.516914
CCC(=O)CC(ON(=O)(=O))C(ON(=O)(=O))C(OO),97.97229732147389,103.92466
C1(O)C(ON(=O)(=O))C(OO)C2OOC1(O)C2(O)(OO),155.18035599807627,129.73596
CC(=O)C(ON(=O)(=O))C(=O)C(C(OO)(C)C(=O)(OON(=O)(=O)))CC(=O),116.7889591277999,116.06642
CC(=O)C(O)C(OO)(C)C(=O)CC(=O),114.66044861834962,118.55481
CC(=O)CC(ON(=O)(=O))C(=O)(O),89.26102196062129,92.84944
CC(=O)OOC(OO)(C(=O)(N(=O)(=O)))C(=O),82.23054728786519,77.33856
C(O)C(=O)C(=O)OOC(N(=O)(=O))(C(=O)(O))C(O)C(=O),141.00216798974725,150.53517
C(=O)(O)C(ON(=O)(=O))C(O)(OO)C(=O)C(=O)C(=O),113.08318383290316,110.5189
C1(O)C(N(=O)(=O))(C(=O)(OON(=O)(=O)))OOC1(C)C(OO)C(=O),109.17538355555007,116.690254
CC(=O)C(OO)C(O)(N(=O)(=O))C(=O)OC(=O)C(=O),99.8816940323668,104.54992
C(O)CCC(OO)C(=O)CC(=O)CC(=O)(OON(=O)(=O)),136.23483778525406,137.74117
C(O)C(=O)C(=O)OC(=O)C(ON(=O)(=O))C(ON(=O)(=O))C(=O)(OO),122.10100337771291,129.08063
C(=O)C1(O)OC1(C(O))CC(=O),105.71244996731548,92.19812
C(=O)C(O)(N(=O)(=O))C(=O)OOC(C)(C(=O))C(=O),98.50253865618288,94.98182
C(=O)C(=O)C(=O)C(OO),70.44603275583358,67.02626
CC(=O)C(C(ON(=O)(=O)))(C(OO))C(OO)C(=O)(OON(=O)(=O)),109.83488850618596,112.96779
C(=O)(OO)C(OO)=CC(ON(=O)(=O))(C(OO))OC(=O),130.6352327153072,135.92715
C(=O)(O)CC(O)C(C(OO))(C(=O)(OON(=O)(=O)))C(=O),136.52943503823917,137.49661
CC(ON(=O)(=O))CC(=O)CCC(=O)(OO),102.98628963430383,91.367134
C(ON(=O)(=O))C(=O)CC(OO)C(=O)CCC(=O)(OO),134.01640304667671,127.947266
C1(=O)C(O)(C)C(=O)CC(OO)C1(C)C(OO),133.7720968837093,130.40733
C(O)C(C(OO))C(C(=O)(O))(C)C(=O),128.37206276862707,135.00676
CC(=O)C(=O)C(OO)C(ON(=O)(=O))(C(O)(C)C)CC(=O),124.39188520926109,124.46785
C(OO)C(OO)(C(=O)(OON(=O)(=O)))OC(=O)C(=O)C(N(=O)(=O))C(=O),119.0907773505387,113.5233
C(=O)C(OO)C(OO)OOC(=O)C(=O),103.15904652840254,99.40565
C(=O)(N(=O)(=O))C(OO)OC(=O)C(=O)C(O)(C)C(=O)(OO),114.7371107538711,120.25498
C(=O)(O)C(=O)OC(=O)C(O)C(ON(=O)(=O))C(=O),110.57681948251411,111.71184
C(=O)(OON(=O)(=O))C(OO)OC(=O)C(ON(=O)(=O))(C)C(OO)C(=O),115.92749549617292,116.129135
CC(=O)C(ON(=O)(=O))(C(O))C(OO)(C(ON(=O)(=O)))C(=O)(OO),137.80154441281775,118.29398
C(O)C(=O)C1(ON(=O)(=O))OC1(OO)CC(=O)(OON(=O)(=O)),110.75255912669672,92.11156
C(=O)(O)C1(O)C(=O)OOC1CC(=O)C(=O)(OON(=O)(=O)),115.9020589684369,114.654526
CC(ON(=O)(=O))(C(ON(=O)(=O)))C(C(O))CC(=O)C(=O)C(OO),130.1081748826109,137.50172
C(ON(=O)(=O))C(OO)OC(=O)C(=O)C(OO),108.22556577741489,112.174
C(=O)(OO)C(ON(=O)(=O))C1(C)OC1C(=O)(OON(=O)(=O)),93.35540928224509,95.04948
C(=O)(O)C(=O)OOC(ON(=O)(=O))C(ON(=O)(=O))C(=O)C(=O),102.78560114974243,101.10226
CC(=O)C(O)CC(OO)(C(ON(=O)(=O))(C)C)CC(=O),121.71811934341531,124.40672
C(=O)(OO)C(OO)=C(C)C(OO)OC(=O),118.86956875927717,103.74236
C(=O)(O)C1OC1(O)C(OO)(C)C(O)C(=O)(OO),162.23378249037341,181.34163
C(=O)(OON(=O)(=O))C(=O)C(=O)C1OOC(C1(O))C(=O),98.56375727648265,106.86434
CC(=O)C(C(=O)(O))OOC(=O)C(ON(=O)(=O))C(=O)(OO),125.6856985654158,122.90919
CC(ON(=O)(=O))C(OO)(C(=O)(O))C(C)(C)C(=O),118.94141146022594,120.37611
CC(=O)CC(O)CC(ON(=O)(=O)),91.02434875226027,88.84218
C(=O)(O)C(ON(=O)(=O))C(ON(=O)(=O))(C(O))C(=O)C(=O),112.2046385747235,106.263016
CC(=O)C(O)C(ON(=O)(=O))C(=O)C(ON(=O)(=O))(C)C,89.96185248056281,95.01567
C(O)C1(C(=O)(OO))OC1C=C(N(=O)(=O))C(=O)(OO),132.050330761871,137.5
CC(=O)C(OO)(C(OO)(C)C)CC(=O),120.40914907306433,117.61115
CC(=O)C(ON(=O)(=O))CC(=O)CCC(=O)(O),109.47488826474728,111.823715
C1(O)C(OO)OOC1C(ON(=O)(=O))(C)C(=O)(OO),120.59465808079403,111.68046
C(=O)(O)C(ON(=O)(=O))C(OO)C(=O)C(OO),123.42675519115437,121.20299
C(=O)(OON(=O)(=O))C(O)C(ON(=O)(=O))(C(=O))C1OC1(OO)C(=O),110.33818393298134,109.79029
C(=O)(O)C(N(=O)(=O))(OO)OC(=O)C(OO)=CC(=O),134.54015775975859,151.45297
C(=O)(N(=O)(=O))C(=O)OC(OO)C(ON(=O)(=O))(C)C(O)C(=O)(OO),120.27148273506464,127.17481
CC(OO)(C)C(=O)C(OO)(C)C(ON(=O)(=O))C(ON(=O)(=O))C(=O),121.60605498142104,121.94134
C(O)C(=O)C(C(=O))CC(=O),85.74760528955085,89.710815
C(=O)OC(=O)C(=O)C(OO)C(O),95.8510071969431,97.01935
C1(=O)OC1C(OO)C,73.75597411226045,61.726635
CC(OO)(C)C(C(ON(=O)(=O))(C(O))C(=O)(O))CC(=O),141.26925576480426,148.93237
C(=O)(OON(=O)(=O))C=C(C(=O))C(=O)OC(=O),69.96329148657969,76.21738
C(=O)(O)C(C(=O)(O))=CC1OC1(O)C(=O),132.54165434031165,136.54915
CC(C)(C(=O)(OO))C(OO)C(O)C(=O),114.57314995252818,102.33051
C(ON(=O)(=O))C(=O)C(=O)C1OOC(C1(O)(O))C(=O),114.25720933872071,126.41283
CC(ON(=O)(=O))C(ON(=O)(=O))CCC(O)C(OO),115.94222331939818,119.67106
C1(=O)C(=O)C(=O)C(=O)OC(OO)C1C,97.84589486116602,101.75819
C(O)C(ON(=O)(=O))C(OO)(C)C(C(=O))C(=O)C,115.18777174710704,120.05306
C(=O)(O)C=CC(=O)OC(OO)C(=O)C(=O)(OON(=O)(=O)),120.47382163133443,114.89574
C(=O)(OO)C(=O)C(=O)C1OC1C(=O)(OON(=O)(=O)),91.49930660675454,94.52711
C1(=O)C(O)(N(=O)(=O))C(ON(=O)(=O))C(=O)OOC1(OO)C,100.90157459524926,95.677284
C(OO)C(=O)C(C)(C)C(OO)C(=O),107.88501680454647,108.14883
C(=O)(OO)C(ON(=O)(=O))C(ON(=O)(=O))(OO)C1OC1(C(O))C(=O),138.00598261888808,151.58151
CC(=O)C(=O)C(N(=O)(=O))(ON(=O)(=O))OOCC(=O)(O),104.47590083825344,99.373726
C(=O)(OON(=O)(=O))C(=O)C(C)(C)C(C(=O)(OON(=O)(=O)))C(O)(C)C(=O),97.19254548400932,104.995094
C(=O)(O)CC(OO)(C(=O)(OON(=O)(=O)))OC(=O)C(=O),111.4304400020701,108.739525
C(=O)C1(O)OC1C(C(ON(=O)(=O)))C(=O)C(=O),98.11553335832286,96.28484
C(OO)C(=O)C(OO)C(O)C1OC1(ON(=O)(=O))C(=O)(OON(=O)(=O)),126.52089614383294,137.34323
C(=O)(OO)C(O)C(ON(=O)(=O))(C)C(C(=O)C)CC(=O),117.57239396422665,127.94718
C1(=O)C(=O)CC(=O)OOC1(ON(=O)(=O))C(=O)C,79.43569468861097,78.161934
CC(OO)CC(=O)C(OO)CCC(O),139.2964151658889,138.29187
CCC(=O)CC(ON(=O)(=O))C(ON(=O)(=O))CC(OO)C(=O)C,118.65254982985789,122.93902
C(OO)C(=O)C(OO)C(O)C1(O)OC1(N(=O)(=O))C(=O),144.8321620331044,149.40762
C1(O)(O)C(ON(=O)(=O))OOC1(N(=O)(=O))C(O)C(=O)C(OO),139.11375605322974,124.52818
CC(ON(=O)(=O))CCC(=O)CC(ON(=O)(=O))C(OO)CC,111.50385464900319,112.9088
C(=O)(OO)C(=O)C1(C)OOC(C1(O)(O))C(=O)(OON(=O)(=O)),117.21137073127466,123.55477
C(O)(N(=O)(=O))C(=O)OC(OO)C(=O)C(ON(=O)(=O)),107.04443079073098,103.78839
C(=O)(O)C(ON(=O)(=O))C(=O)OC(=O)C(=O)C(OO),113.59015074866329,111.7577
CC1(OO)C(ON(=O)(=O))C(OO)C(C(=O)(OON(=O)(=O)))OOC1(=O),111.66886182637245,127.62765
C(ON(=O)(=O))C1(O)OOC(OO)(C(=O)(OO))C1(O)C,131.94024810268456,141.98236
C(=O)(OO)C(=O)OC(=O)C(N(=O)(=O))=C(C(ON(=O)(=O)))C(=O),102.49181823044637,109.43026
CC(O)(C(=O))C(O)(C(=O)(O))OOC(=O),125.52160601036303,126.9462
C1(O)C(ON(=O)(=O))OOC1(C(=O)(OO))C(=O)(OO),123.54764394962694,136.89993
CCCCCCC(OO)CC(=O)C(O),108.66637829685351,116.666405
C(=O)(O)C1OC1C(OO)C(O)(C(=O)(OON(=O)(=O)))C(=O),132.7770576595576,138.0264
C(=O)(OON(=O)(=O))C(O)(O)C(=O)OC(=O)C(O)(C(ON(=O)(=O)))C(=O),116.26010693681019,98.07267
C(=O)(OO)C(ON(=O)(=O))CC(C(=O)(OON(=O)(=O)))C(C)(C)C(=O)(O),120.33830973028671,118.67606
C(=O)(O)C(O)(OO)C(O)(C(O))C(=O)C(=O),139.99150085855217,109.99531
C(=O)(OO)C(O)C(OO)(C(OO))C(ON(=O)(=O))OC(=O),140.20891586966172,150.10515
CC(ON(=O)(=O))C(=O)C(ON(=O)(=O))C(OO)C(=O)C,98.13114006284741,94.99216
C(=O)(O)CC(OO)C(C)(C(=O))C(ON(=O)(=O))C(=O)C,127.55019351231749,130.49402
C(=O)(OON(=O)(=O))C1OC1C(ON(=O)(=O))(C)C(O)C(=O),93.69831206333765,98.14865
C(=O)C(ON(=O)(=O))C1(O)OOC(=O)C1(=O),80.1152466909407,85.60615
C12OOC(OO)(C1(O)(N(=O)(=O)))C(OO)C(O)C2(=O),139.01963291529682,132.5997
CC(O)CC(=O)C(OO)C(=O)(OON(=O)(=O)),106.92819506469095,102.72938
C2(O)(OO)C(=O)C(=O)CC1(O)OC12,119.97177847434068,102.925064
CC(=O)C(OO)(C(ON(=O)(=O))(C)C)CC(=O)(O),118.62176985729457,115.26343
CC(C)(C(=O)(OON(=O)(=O)))C(ON(=O)(=O))(C(OO))C(=O),102.65743511373148,93.28839
C(=O)(O)C(=O)C(C)C1OC1(O)C(=O),111.53550652472768,115.46656
C(=O)(OO)CC(=O)C(N(=O)(=O))(C(=O)C)OOC(=O),108.11522307594714,94.8166
CC1(O)C(N(=O)(=O))(OO)OOC1C(O)C(=O),116.25665528996615,120.02059
C1C(=O)C(OO)C(ON(=O)(=O))(C2(O))OOC12,105.96776193379628,115.43451
C(=O)C(=O)OOC(ON(=O)(=O))(C(=O))C(O)C(=O),94.29238382924814,89.901276
C(OO)C(=O)C(OO)C(C(=O)(OON(=O)(=O)))(C)C(=O),113.89106841348257,107.23914
C1C(=O)C(=O)C(=O)OOC1(O)C(=O)(O),107.70458655038965,106.16841
C(=O)(O)C(=O)C(O)(C)C(O)(ON(=O)(=O))C(=O)C(=O)(OO),134.33464527802425,128.83536
C1(=O)C(=O)C(OO)C(=O)OOC1(C)C(=O)(OO),103.9850232835015,111.12574
C(=O)(OO)C(ON(=O)(=O))C(ON(=O)(=O))(C(=O))OOC(=O)C,96.279149967384,96.53325
C(=O)(O)C(=O)C(OO)(C(=O))C(O)C(=O)C(=O),120.84339666905726,122.479904
C(OO)C(=O)CC(ON(=O)(=O))OC(=O),86.84618448797119,91.309814
C1(ON(=O)(=O))OC1C(=O)C(OO)C,79.36759347459156,83.29135
CC(=O)C(O)(C(=O))C(C)(C)C(=O),87.60586779788719,84.07501
C(=O)(OO)C(=O)C(O)(C(ON(=O)(=O)))OOC(=O),106.16230311778781,103.16401
C(=O)(O)C(OO)(C(=O)(OON(=O)(=O)))C(ON(=O)(=O))C1OC1(O)C(=O),131.35436510438012,138.49182
C(=O)(O)C(=O)C(ON(=O)(=O))(OO)C1OC1(OO)C(=O),125.4374476646044,122.30564
C(O)C(=O)C(CC(=O)(OO))CC(=O)(OON(=O)(=O)),115.22656595368608,115.49238
CC(=O)C(ON(=O)(=O))CC(O)(C(OO))C(O)(C)C,121.66215665293566,120.4469
C(=O)(OO)C=C(C(=O)(O))C(=O)OC(=O),108.64610177998838,113.32832
C(=O)(O)OC(=O)C(ON(=O)(=O))C(O)(C)C(=O),106.48747292532789,106.75635
C(=O)(O)C(ON(=O)(=O))OOC(C)(C(=O)(O))C(=O)C(=O)(O),134.77055166436185,144.03143
C(=O)(OO)C(OO)C1(C)OC1(OO)C(=O)(OON(=O)(=O)),113.9566269397983,118.1998
C(=O)(OO)C=C(OO)C(C(=O)(O))OOC(=O),130.34588538326352,154.37228
C(O)C(=O)C(ON(=O)(=O))C(OO)(C(=O))OOC(=O),107.20591676775803,110.37772
C1(=O)OC1(C(ON(=O)(=O)))C(O)(O)C(=O)C(O)C(=O)(OO),126.28996700267453,131.68211
C(O)C(=O)C(ON(=O)(=O))C(O)(C)C(=O)C(ON(=O)(=O)),119.13143518245488,113.06486
CC1(C)C(ON(=O)(=O))C(OO)C1C(=O)C(O),107.49748054518568,105.14015
C(=O)(O)C(OO)C(=O)C(OO)=CC(=O),124.1798860602139,142.18755
CC1(C(=O)(OON(=O)(=O)))OOC(C1(O))C(OO)C(=O),107.2374276323826,101.19397
C(=O)(O)C=C(OO)C(=O)OC(OO)(C)C(=O),136.97542646013608,104.92171
C(=O)(OON(=O)(=O))C(O)C(ON(=O)(=O))(C(=O)(OO))C(O)OC(=O),122.31819260668999,116.41712
C2(=O)C(=O)C(O)(N(=O)(=O))C(C1(O))OOC12C(ON(=O)(=O)),103.4455573637897,111.97028
C1(=O)C=CC(=O)OOC1C(=O)C(=O)(OO),99.55392532322003,101.96224
C(=O)(O)C(OO)OC(=O)C(OO)C(=O)(OON(=O)(=O)),119.98505036476126,117.29978
CC(=O)C(O)(C(ON(=O)(=O))(C)C)C(OO)C(=O)C(=O)(O),133.93385948278592,116.59536
C(=O)(O)C(=O)C(C(=O)(O))OOC(=O)C(=O),122.81505078741611,122.17355
C1(O)(N(=O)(=O))C2(O)OOC1C(OO)C(=O)C2(=O),108.49825595798029,108.531876
C1(=O)OC1(N(=O)(=O))C(O)(O)C(=O)C(=O)C(=O)C,90.31818357967859,83.89853
C1(O)(O)C(N(=O)(=O))(OO)OOC1(O)C(=O)C(=O)C,120.68141642371484,123.85983
C(OO)C1(O)C(=O)OOC1C(O)C(=O)(OO),135.662024643505,112.82989
C(O)C(ON(=O)(=O))C(C)(C)C(OO)(C(=O))C(=O)C(=O)(OON(=O)(=O)),127.14094894956361,126.054085
C(=O)C(O)C(=O)OOC(=O)C(=O),81.84929923387972,77.620605
C(=O)(OO)C1(ON(=O)(=O))OC1(C(=O)(OO))C(=O),102.16007072320645,101.54434
C(OO)C(=O)OOC(=O)C(ON(=O)(=O))C(N(=O)(=O))C(=O)(OO),117.55694310527906,109.099724
C12OOC(C1(O))C(O)(OO)C(ON(=O)(=O))(C)C2(=O),117.7622199782636,120.188705
C(=O)(O)C(OO)C(=O)OC(=O)C(=O)C,106.10809915853315,100.03542
CC(ON(=O)(=O))C(=O)CC(OO)C(ON(=O)(=O))(C)C,103.45645538000099,104.52314
C(=O)(O)C1(C(=O))OOC(C1(O)(OO))C(ON(=O)(=O))C(=O),131.73727026344568,149.60724
CC1(C)C(OO)CC(=O)C(O)(C)C1C(=O)(OON(=O)(=O)),109.87370355273015,117.36898
C(O)C(=O)C(=O)C(N(=O)(=O))(C1(O))OOC1C(=O)(OON(=O)(=O)),108.52771458349889,110.7755
C1(=O)C(O)OOC1(C)C(ON(=O)(=O))C(=O)(OO),105.4062587610606,94.60271
C(=O)(OO)C(O)(C(=O)(OON(=O)(=O)))C(ON(=O)(=O))OOC(=O),99.67148006402567,104.657234
C(=O)(O)C(O)C(C1(O)(O))OOC1(C)C(=O)(OO),153.58460433957225,140.014
CC(=O)C(ON(=O)(=O))C1OC1(O)C(=O),86.65882294416951,77.58977
C(=O)(O)C(=O),60.6831882670449,55.339844
C(=O)(O)C(OO)OC(=O)C(=O)CC(=O)(O),138.4676396208597,134.35861
C12OOC(C1(=O))C(ON(=O)(=O))C(O)(C2(=O))C(ON(=O)(=O)),98.30810834679141,97.06072
C12(O)OOC(OO)(C1(O))C(OO)C(O)C2(=O),147.56760994571232,148.4807
CC(O)(C(=O)(O))C(=O)C(O)C(=O)C(=O),113.2373473664993,120.50297
C(=O)(O)C(=O)C(ON(=O)(=O))(C)C1OC1C(=O)(O),121.47741234246496,120.106575
C(=O)(O)C1OC1C(O)(OO)C(=O)(OON(=O)(=O)),115.43514761768165,113.28636
CC(=O)C(ON(=O)(=O)),51.086057025560876,52.96191
CC(=O)C(=O)C(ON(=O)(=O))(C)C(C(O))CC(=O)(OON(=O)(=O)),103.59414019419637,106.91986
C(=O)(O)C(OO)C(=O)C1(OO)OC1(C)C(=O)(OON(=O)(=O)),126.4092566801919,124.1884
CC(=O)C1(O)OC1C(=O)C(O)C(=O)(O),122.57134485497227,128.98256
C(OO)C(=O)C1(C(=O))OC1C(=O),91.09474127823341,87.9532
CC(=O)C(OO)(C(ON(=O)(=O)))C(ON(=O)(=O))(C)C(=O)CC(=O)(OO),129.48233743775927,128.51788
C1(N(=O)(=O))C(=O)OOC(C)(C(=O)(O))C(OO)C1(=O),115.66108761338546,117.57592
CC(ON(=O)(=O))CCCC(OO)CCC(O)C,126.86263938820048,125.657486
C(=O)(OON(=O)(=O))C(=O)C(ON(=O)(=O))C(=O)C(O)(O)C(OO)OC(=O),119.73428551183315,125.600624
C1(=O)OC1(C)C(O)(O)C(=O)C(OO)C(=O)(O),134.29669253319298,108.62597
C1(=O)CC(ON(=O)(=O))C(=O)OOC1C(=O)(O),105.50638818873267,105.102455
CC(=O)C(OO)C(O)C(C(OO)(C)C)CC(=O),138.20448264752486,140.11438
C(OO)C(=O)C(ON(=O)(=O))CC(=O)CC(=O)(OON(=O)(=O)),101.21879001190246,117.753365
C1(O)(OO)COOC1(ON(=O)(=O))C(=O)(O),97.74659616181452,110.58881
C(=O)(O)C(N(=O)(=O))=C(C(=O)(O))C1OC1C(=O),127.02538367878878,121.752975
C1(=O)C(OO)(C(=O)(O))OOC1C(OO)C(=O),127.71515354958683,123.17897
C1(=O)OOC(=O)C=CC1(OO)C,83.13909942502505,76.929825
C(=O)(O)C(=O)C(ON(=O)(=O))(C)C(=O)OC(OO)C(=O)(OO),130.24635083517205,123.61448
C(=O)(N(=O)(=O))C1(O)OC1(C(OO))C(ON(=O)(=O))C(=O),108.51043304614723,111.53628
C(=O)(OON(=O)(=O))CC(ON(=O)(=O))C(C)(C)C(C(=O))C(=O)C,93.43326453883492,98.372406
C1(O)C2(OO)OOC1C(O)(OO)C(ON(=O)(=O))C2(=O),133.891959866487,137.32385
C(=O)(O)C(O)C(O)(O)C(=O)(OON(=O)(=O)),117.58449909088085,98.43626
CC(=O)C(O)CC(C(ON(=O)(=O))(C)C)CC(=O)(OO),122.32206226578273,143.00055
C(=O)(N(=O)(=O))OOC(C(=O)(O))C(OO)C(=O),109.83681607375911,114.18249
CC(ON(=O)(=O))C(OO)C(OO)C(=O)C,102.2293172829668,102.36344
CC(=O)C1C(ON(=O)(=O))C(C1(C)C)C(ON(=O)(=O))C(=O)(OO),103.18523792995256,105.23777
CC(OO)C(=O)CC(OO)(C(=O)(OON(=O)(=O)))C(=O),116.77999894854293,107.55884
C1(=O)C(=O)C(ON(=O)(=O))C(C2(O)(OO))OOC12,99.65539541223552,109.29336
CC(=O)C(OO)(C(O))C(ON(=O)(=O))(C(ON(=O)(=O)))C(=O),123.95522931938467,118.010475
C(=O)(O)C(N(=O)(=O))C(=O)C1OC1(C(=O)(OON(=O)(=O)))C(=O),101.0115629929278,102.587074
C(O)C(ON(=O)(=O))(C(O))C(C)(C)C(=O)(OO),115.73288240161492,98.20727
C1(O)C(OO)OOC1(O)C(O)(N(=O)(=O))C(=O),120.02890831079276,126.82884
C(=O)(O)C1OC1C(C(ON(=O)(=O)))=C(OO)C(=O)(O),145.86697371322225,142.61557
CC(=O)CCCCC(=O)CCC(ON(=O)(=O)),87.00979533221107,92.35933
C(O)C(=O)C(C(=O))C(C)(C(ON(=O)(=O)))C(ON(=O)(=O))CC(=O),125.76152067901421,126.45826
C(OO)C(C(=O))C(=O)C(N(=O)(=O))(OO)OC(=O)C(=O),103.17713037309295,117.28576
CC(=O)C(C(=O))C(C)(C(OO))C(ON(=O)(=O))C(=O)C(=O),111.75018793635536,113.12473
C(=O)(OO)C1(O)OC1(N(=O)(=O))C(C(O))C(=O),122.02380262423685,125.46544
CC(O)CCC(=O)CC(ON(=O)(=O))CCC(=O)(OO),134.10114619209344,132.53946
C2(O)(O)C(=O)C(O)C(OO)C1(C(=O)(OON(=O)(=O)))OC12,130.31965969851444,136.58342
CCCC(O)CCC(ON(=O)(=O))CC(OO)C,116.95686044227477,118.89836
C12CC(=O)C(ON(=O)(=O))(C)C(OO)(C2)OOC1(C)C,103.7356370543057,105.49517
C12OOC(C1(=O))C(ON(=O)(=O))(OO)C(OO)(C)C2(ON(=O)(=O)),106.03700215941353,110.6045
CC(O)C(ON(=O)(=O))(C)C(C(=O)(OON(=O)(=O)))C(=O)C,90.21693740583578,90.63887
C(=O)OC(ON(=O)(=O))C(ON(=O)(=O))(C(OO))C(=O)C(=O),92.3176340868813,99.490036
CC(OO)C(OO)(C(=O)(OO))OOC(=O),111.79221232912823,109.52323
CCCC(O)CCC(OO)CC(=O)(OON(=O)(=O)),113.61852321674814,121.4083
C(=O)(OO)C(=O)OOC(C(=O)(OON(=O)(=O)))C(ON(=O)(=O))C(=O)C,106.56710841326276,112.96214
CC(=O)C(=O)CC(=O)CC(ON(=O)(=O))OOC(OO)(C)C,102.9805058187776,111.24741
C(OO)CCC(=O)CC(ON(=O)(=O))C(=O)C(=O),115.6455180992707,106.4833
C(=O)(O)C(O)C1OC1(C)C(O)(O)C(=O)(OON(=O)(=O)),131.74672944535268,150.89061
CC(=O)OOC(OO)(C(=O)(OON(=O)(=O)))C(O)C(=O)(OON(=O)(=O)),102.08471301473764,109.93443
C(OO)C1(OO)OC1C(=O)C(=O)(OO),120.40344980888767,122.37556
C(O)C(=O)C1OC1C(O)C(OO)C(=O)(OO),146.6371490834863,169.50296
C1(N(=O)(=O))(OO)OC1(O)C(C(=O)(O))C(ON(=O)(=O)),122.74772560121346,113.48347
CC(ON(=O)(=O))CC(=O)C(=O)C(=O)C(OO)C(=O)CC,103.43966326042573,101.429535
C(O)C(=O)C1C(OO)C(ON(=O)(=O))C1(C)C(OO),135.20593269103847,135.93971
CC(=O)C(=O)C1OOC(OO)(C1(O)(O))C(=O),115.38642645957589,125.30218
CC(O)(C(=O)(OON(=O)(=O)))C(ON(=O)(=O))(C(=O))C(C)(C)C(=O),107.56132633842208,102.08571
CC(=O)C(=O)C(C)(C)C(OO)(C)C(=O)(OON(=O)(=O)),87.44586519953009,90.36582
CC(=O)C(C(OO))CC(ON(=O)(=O))C(ON(=O)(=O))(C)C(=O),108.98929874652822,114.42148
C(=O)(OON(=O)(=O))COOC(=O)C(=O)(OON(=O)(=O)),69.64902221261582,75.39501
C(=O)(OO)C(ON(=O)(=O))CC(OO)C(C)(C)C(=O),116.53855954213213,134.64714
C(=O)C(O)(OO)C(ON(=O)(=O))(C(ON(=O)(=O)))C1OC1C(=O),120.34569547251158,105.24931
C(=O)(O)C1(ON(=O)(=O))OC1(C(OO))C(O)C(O)C(=O)(OON(=O)(=O)),143.81842263344151,144.06616
C(=O)(O)C(O)C1(O)OC1C(=O)(OO),130.13466178655653,128.0755
CC(ON(=O)(=O))C(O)C(OO)CC(=O),114.53472737672564,107.986115
C(=O)(O)C(C(=O)(OO))C(=O)OC(OO)C(=O),128.83632022103848,117.270744
C(=O)(OO)C1OC1(OO)C(OO)C(=O)C(=O),118.8714319794235,114.38964
C1(=O)C(C(=O)(OO))OOC1(C)C(=O)C(=O),94.56225727309356,92.0234
C(O)C(ON(=O)(=O))C(C)(C)C(=O)C(=O)(OON(=O)(=O)),94.74361817543104,88.45449
CC(=O)C(=O)C(ON(=O)(=O))OC(=O),63.948350724283955,62.861
C(=O)(O)C1(C(ON(=O)(=O)))OC1CC(=O)(OON(=O)(=O)),105.28764573037188,106.95116
C(=O)(O)C(=O)C(O)C(=O)C(=O)C(=O),98.00653478094318,92.249794
C(=O)(OON(=O)(=O))C1OC1(C(=O)(OO))C(O)C(OO)C(=O),126.93252543369454,121.81917
C(=O)(OO)C(O)(O)C1(ON(=O)(=O))OC1C(O)(C)C(=O)(OON(=O)(=O)),119.41847674574092,132.27298
C(=O)(O)C(ON(=O)(=O))C(C(O))C(=O)CC(=O),122.69822565187496,115.66902
CC(=O)CCC(ON(=O)(=O))C(ON(=O)(=O))C(OO),110.41675912142091,105.29179
CC(ON(=O)(=O))CC(=O)CCCCC(OO),102.07554382693343,106.931496
C(ON(=O)(=O))C(=O)C(=O)C1OOC(=O)C1(O)(OO),98.89492197064828,99.18197
C(O)CC(=O)C(OO)CC(=O)(O),143.6775315116829,133.47458
C(=O)(N(=O)(=O))C(=O)C(O)(C)C(=O)(O),83.52870349349541,85.35264
CC(=O)CCC(=O)C(OO)CC(=O)CC,101.77514546451857,108.23338
C(=O)(OO)C1OC1C(OO)(C)C(=O)C(=O),107.58852032660798,100.7539
CC(ON(=O)(=O))(C(=O)(O))C(OO)OOC(=O)C(=O)(OO),129.30857574239053,133.35283
C(=O)(O)CC(=O)C1(O)OC1(N(=O)(=O))C(=O)(O),112.51690389707073,113.433174
C(=O)(OON(=O)(=O))C(=O)C(=O)C(=O)C(=O)C(O),78.10670820019004,81.3388
CC(=O)C1CC(OO)(C1(ON(=O)(=O))C)C(OO)C(=O),122.6547765913856,134.56622
C1(O)(N(=O)(=O))C(=O)OOC1C=CC(=O)(OO),111.71092555532232,86.40153
CC(OO)(C(ON(=O)(=O)))C(C(OO))C(=O)C(=O)C,122.48679327176069,116.87506
CC(C(=O)(O))OOC(OO)C(=O)(O),135.30048229962995,132.95435
C1(=O)C(C(=O)(O))OOC1(C)C(ON(=O)(=O))C(=O)(O),123.02464927206165,120.76861
C(=O)(O)C(=O)OC(OO),78.0368928751268,90.316284
C(O)C1(O)C(OO)OOC1(O)C(=O),129.9812374598696,101.8845
CC(=O)C1OC1(O)C(O)(O)C(=O)C(=O),110.10990791933,121.67352
CC(=O)C(C)(C(=O)(O))C(C(O))C(=O),119.28710710447194,114.315125
C(=O)(N(=O)(=O))C(=O)C(OO)C(=O),65.98881079090643,66.201004
C(=O)OOC(O)(C(O)(N(=O)(=O))C(=O))C(=O)C(=O),101.40440183645114,94.35757
CC(=O)C=C(N(=O)(=O))C(=O)OC(OO)C(=O)(OON(=O)(=O)),100.49222178190394,105.926956
CC(OO)(C(=O)(O))OC(=O)C(ON(=O)(=O))(OO)C(=O)C(=O),136.19386967787432,121.93423
CC(ON(=O)(=O))(C(OO))C(C)C(ON(=O)(=O))C(=O)C(=O),102.95846652860928,94.381874
C(=O)(OO)C(ON(=O)(=O))C(O)(N(=O)(=O))C1(O)OC1(OO)C(=O),133.6177513272778,132.71405
C(O)C(=O)C(=O)OC(OO)C(=O)C(O)C(=O)(O),155.66056099376146,166.47148
C(=O)(O)C(OO)CC(=O)C(C)(C)C(=O),115.55514389737073,110.867294
CC(ON(=O)(=O))(C(=O))C(O)(OO)C1(N(=O)(=O))OC1C(=O),113.55774713654682,104.96685
C(=O)(OO)C(N(=O)(=O))C(=O)OC(OO)C(=O)(OON(=O)(=O)),102.91036094903393,94.10188
CC1(O)C(N(=O)(=O))(OO)OOC1(ON(=O)(=O))C(=O),107.43925620014488,98.80617
C(O)C(OO)(C(=O)(OON(=O)(=O)))OC(=O)C=CC(=O),118.47630755737191,119.10116
CC(=O)C(ON(=O)(=O))C(OO)C(C(=O)(OO))C(ON(=O)(=O))(C)C,110.27687048500957,120.13013
C(OO)C(=O)C1(ON(=O)(=O))CC(OO)(C(=O))C1(C)C,128.40644957283803,124.42931
C(O)C(=O)C(=O)OC(OO)C(=O)C(=O)(N(=O)(=O)),105.87090132004232,118.35716
C(=O)(O)CC1(O)OC1(C)C(=O)(OON(=O)(=O)),103.91877320079948,90.68979
C1(OO)OOC(=O)C=C(OO)C1(ON(=O)(=O)),108.88063316783519,113.55665
C(=O)(OO)C(OO)(C(=O))C1OOC(C1(O))C(=O),132.50340178530314,148.25473
C1(O)(OO)COOC1C(OO)C(=O),103.61503050884494,130.03001
CC(=O)C(OO)(C)C(OO)(C(=O)(OON(=O)(=O)))C(=O),111.06864401755593,101.156525
CC(O)(C(=O)(O))C(OO)C(ON(=O)(=O))(C)C(=O)(OON(=O)(=O)),125.82936703197629,121.03057
CC(=O)CCC(=O)CC(ON(=O)(=O))CCC(O),109.7877168292689,111.15298
C(OO)C(OO)(C(=O)(OON(=O)(=O)))C1OC1(OO)C(=O),121.40004883886286,118.876396
C(ON(=O)(=O))C1(C(=O)(OO))OC1C=CC(=O)(OO),123.8943737182417,102.68665
C1(O)C(ON(=O)(=O))C(OO)C(OO)(C2(O)(O))OOC12,157.716200295421,143.99202
C(=O)(OO)C(ON(=O)(=O))C1(C(=O)(OON(=O)(=O)))OOC(O)(C1(O))C(=O),128.19855023970013,116.2993
C(OO)C(=O)C(O)(OO)C(ON(=O)(=O))C1OC1C(=O)(OON(=O)(=O)),131.9216972519207,122.10435
CC(=O)C(=O)C(ON(=O)(=O))C(ON(=O)(=O))C(=O)(OO),94.94586092883401,82.23627
C(=O)(O)C(=O)OC(OO)(C)C(OO),118.77793589273642,118.582466
CC1(C)C(=O)C(OO)(C)C(=O)CC1C(=O)(OON(=O)(=O)),106.49966708141437,99.1598
C1(O)(O)C(OO)OOC1(C(ON(=O)(=O)))C(ON(=O)(=O))C(=O)(O),140.67087116655603,141.8609
C1(O)C(ON(=O)(=O))OOC1(C(=O)(O))C(=O)(OO),124.35138849251234,134.66743
C1(O)(O)C(=O)OOC1C(OO)C(ON(=O)(=O))(C)C(=O),119.32447037895327,121.51265
CC(=O)C(=O)C(=O)C(N(=O)(=O))(OO)C(=O)(OO),93.38545146785327,81.565994
C(=O)(O)C1(ON(=O)(=O))OC1(O)C(=O)C(ON(=O)(=O)),98.8807058176244,99.60041
C(OO)C(ON(=O)(=O))C(C)(C)C(C(=O)(OO))C(=O)C(ON(=O)(=O)),118.64714365684631,125.4731
C2(=O)C1(OO)OOC2(C)C(=O)C(=O)C1,79.67524434233201,81.45126
CC(=O)C1(ON(=O)(=O))OOC(OO)(C1(=O))CC(=O)(O),121.46832049040677,97.87242
C(=O)(O)C(N(=O)(=O))=CC1OC1(C)C(=O),103.86910599441035,98.38467
C(=O)(OO)C(=O)OC(OO)(C)C(=O),99.96829277933284,105.83378
CC(=O)C(OO)C(C)(C)C(=O),79.84929609554092,82.36459
C(OO)C(=O)C1OC1C(=O)C(OO)C(=O),118.14634347415995,117.60676
C(=O)C(N(=O)(=O))(ON(=O)(=O))C(=O)C(OO)OC(=O),84.04305774218665,82.996
C2(O)(O)C(=O)C(ON(=O)(=O))C(=O)C1(O)OC12(OO),115.64771654802462,115.11573
C(=O)(O)C(OO)C(O)(C(=O)(OON(=O)(=O)))C1OC1C(=O)(O),156.2243031992184,146.80515
C(=O)(O)C(=O)C(O)C1OOC(O)(C1(O))C(=O),146.51478198371478,115.077866
C1(O)(O)C(=O)C=C(C(=O)(OON(=O)(=O)))C(OO)OC1(=O),116.18285761755396,127.90701
C(=O)(N(=O)(=O))C(=O)(OO),56.008496524678776,50.061768
CC(=O)CC(=O)C(=O)C(ON(=O)(=O))C(O)CC(O)C(ON(=O)(=O)),124.24005367838981,144.24123
C(OO)CCC(O)C(ON(=O)(=O))C(=O)(OON(=O)(=O)),105.08411671897193,110.44592
C(=O)(O)C(O)C(OO)C1(C(OO))OC1C(=O),151.11845198558876,148.4079
C(=O)(O)C(C(=O))C(=O)C(=O),81.28390573641082,78.260506
C(=O)(O)C(=O)C1(C(ON(=O)(=O)))OC1(=O),77.55525033818412,79.396675
C(O)C(ON(=O)(=O))C(C)(C(=O))C(OO)C(=O)C,115.16360560566682,115.9773
C(=O)(O)C1(N(=O)(=O))OC1(OO)C(C)=CC(=O)(OON(=O)(=O)),107.22321435219783,110.295975
C(=O)C(ON(=O)(=O))C(C(OO))(C(=O)(OON(=O)(=O)))OOC(=O),99.72356167803082,104.69021
CC(=O)C(=O)C(O)C(O)(ON(=O)(=O))C(=O)C(=O),96.05960820890323,108.73538
C1(=O)OC1(C)C(ON(=O)(=O))(OO)C(OO)C(=O)(OON(=O)(=O)),108.14069308531907,92.059044
C(=O)(O)C(=O)OC(=O)C(O)(C(=O)(O))C(OO),141.48662009762484,128.22374
CC(ON(=O)(=O))(C)C(OO)(C(=O)C(O))C(ON(=O)(=O))C(=O),116.80211579447496,103.865456
C(=O)(O)COOC(=O)C(ON(=O)(=O))(C)C(=O)(OO),115.0923111834054,112.63432
C(=O)(OO)C(=O)OC(=O)C(=O)CC(=O),89.95511285602697,89.8322
C1(OO)OC1C(O)(C)C(=O)(O),110.4856368007022,114.67281
C(=O)(O)C1(ON(=O)(=O))OC1(C)C(=O)CC(=O),95.40383342142741,98.311325
CC(OO)CC(=O)C(ON(=O)(=O))C(=O)CC(ON(=O)(=O)),114.21811380561121,111.48887
CC1(C)OOC(ON(=O)(=O))(C(=O)C)C(ON(=O)(=O))C1(OO)CC(=O)(OO),129.72853297631082,107.57708
CC(=O)C(OO)C(C)(C(OO))C(ON(=O)(=O))C(=O)(OO),129.1297817697705,126.91072
C(=O)CC(=O)C(OO)(C(=O)(O))OC(=O)C(=O),117.28438264809665,121.34085
C(=O)(O)C(OO)C(=O)OOCC(=O),113.26033872069092,116.3598
C(=O)(OO)C1OC1(ON(=O)(=O))C(C(=O)(OO))C(=O),112.85439213542122,115.57417
CC(=O)C(=O)C(O)(N(=O)(=O))C(OO)C(=O)(OON(=O)(=O)),90.83071199501865,91.4086
C(=O)(OO)C=CC(OO)(C(=O)(OON(=O)(=O)))OC(=O),112.36540892970515,98.45797
C(=O)(OO)CC(=O)C(=O)C(=O),85.39394687444292,72.106094
CC(=O)C1(OO)OC1(O)C(O)(O)C(=O)(OO),140.4495520067867,128.19595
C1(O)C2(O)OOC1C=C(C(=O)(O))C2(=O),137.0253509953036,111.17821
CC(OO)(C)C(O)(C(=O))CC(=O)C(OO)(C)C(=O),145.71859739771025,132.64197
CC(O)CC(ON(=O)(=O))C(OO)C(=O)CCC(=O)(O),149.03185618720454,152.13203
C(OO)C1(C(=O))OOC(O)(C1(O)(N(=O)(=O)))C(ON(=O)(=O))C(=O),134.0970616528648,161.51181
C(O)C(=O)C(N(=O)(=O))=C(OO)C1OC1C(=O),128.64843903814472,132.26393
C(O)C(=O)OC(=O)C(=O)C(O)C(=O)C(=O)(O),130.86773137455748,126.19124
C(=O)(OON(=O)(=O))C(=O)OC(OO)C=C(C)C(=O),97.58456866637425,101.83166
CC(=O)C(=O)C(ON(=O)(=O))C(C)C(OO)(C)C(=O)(OO),113.12941600084014,122.66141
C(ON(=O)(=O))C(C(OO))C(C)(C)C(=O)(OON(=O)(=O)),89.79857639429974,93.0476
CC(OO)(C(ON(=O)(=O)))C(C(=O)C(ON(=O)(=O)))CC(=O),112.90537905596284,118.15227
CC(=O)C(C(O))C(=O)C(ON(=O)(=O))C(=O)(O),114.16850277458434,111.3875
C(ON(=O)(=O))C1(C(=O)(OO))OOC(C1(O)(O))C(=O)(OON(=O)(=O)),121.67101709279086,118.18574
C(=O)C(=O)C1(C(O))OC1(OO)C(=O),101.6903299348487,96.52291
C(O)C(=O)C(C)(C)C(C(=O)(OON(=O)(=O)))C(=O)C,88.41483237478678,93.40859
CC(=O)C(OO)(C(=O)C(O))CC(ON(=O)(=O))C(ON(=O)(=O)),126.58296028334007,128.06429
C(=O)(OON(=O)(=O))C(O)C(O)C1(C(=O))OC1(OO)C(=O),119.11043658616109,109.65143
C1OC1(O)C(O)(OO)C(=O)C(=O),87.87317051968421,104.569496
CC(=O)C(ON(=O)(=O))C(OO)C(C(O))C(C(O))(C)C(=O),138.68297243711277,160.48903
C(O)C(ON(=O)(=O))(C(=O)(O))C(C(=O)(OO))CC(=O),133.03043852838164,128.36119
C1(O)(OO)C(ON(=O)(=O))OOC1(C)C(O)C(=O),113.45677716787759,129.55338
C(=O)(OO)C(=O)OC(O)C(C(ON(=O)(=O)))=CC(=O)(OO),144.20703278425935,150.12427
CC(=O)CC(OO)C(=O)CC(=O)CC(ON(=O)(=O))C(O),144.3790670544695,150.07092
CC(=O)C1CC(OO)(C1(C)C(OO))CC(=O)(OON(=O)(=O)),126.95795232964156,128.07161
C(=O)(O)C(ON(=O)(=O))OOC(OO)(C)C(=O)C(=O),114.00086397961422,111.48327
CC(C(=O))C(=O)CC(=O),65.9720082193453,64.64364
CC(OO)(C)C(=O)C(ON(=O)(=O))(C)C(=O)C(ON(=O)(=O)),103.18665704891464,91.98737
C(=O)(OO)C(=O)C(=O)C(OO)C(O)C(=O)(OON(=O)(=O)),113.58217569053522,117.03644
C(OO)C(O)C(C)(C(OO))C(=O)C(=O),126.09840511783113,125.85681
CC(=O)C(=O)CC(C(ON(=O)(=O)))C(ON(=O)(=O))(C)C(=O),89.65902932078461,95.56494
C(=O)(N(=O)(=O))C(=O)OC(O)C=C(C(=O)(O))C(ON(=O)(=O)),121.01174015070137,124.74981
C1(=O)C(=O)OOC1(O)C(O)C(=O)C(=O)(OON(=O)(=O)),85.49906157115765,84.356514
C(O)C(=O)C1(O)OC1(O)C(=O)(N(=O)(=O)),107.55551553374244,110.91311
C1(O)(O)C(OO)(C(ON(=O)(=O)))OOC1C(=O),119.07245982957102,117.2943
C1(OO)OC1(OO)C(=O)CC(=O),105.58888728744932,98.46818
C(ON(=O)(=O))C(=O)C1(O)OC1(OO)C(=O),92.3826070753421,68.214386
C(=O)(OO)C(O)(N(=O)(=O))C(=O)C1(C)OC1C(=O),104.87997400329186,110.75316
C1(=O)C(O)C(=O)C(=O)OOC1(N(=O)(=O))C(=O)(O),97.63097223177465,96.426346
CC(=O)C=C(OO)C1OC1(OO)C(=O)(N(=O)(=O)),115.22961042928364,136.85658
C(O)C(=O)OC(OO)C(OO)C(=O)(OO),140.56844724084658,144.60904
CC(=O)CCC(=O)C(ON(=O)(=O))C(=O)CCC,83.2821278733827,83.88807
C(OO)C(OO)C(O)(C)C(C(=O)(OON(=O)(=O)))C(=O)C,122.11160481000115,123.02667
C(=O)(N(=O)(=O))C(O)C(=O)(OO),76.1917379982333,76.490425
CC(=O)C(=O)CC(OO)C(O)(C)C(OO),131.31580355818733,130.8582
CC(OO)(C(=O)(N(=O)(=O)))OC(=O)C(O)C(O)C(=O)(O),138.81909251666366,151.58105
CC(=O)C(OO)C(C(=O)(OO))OOC(=O),103.15540225116274,103.25698
C1(O)(O)C(N(=O)(=O))(OO)OOC1C(=O),101.27675605138938,117.366974
C(ON(=O)(=O))C(ON(=O)(=O))C(O)(C)C(C(=O))C(=O)C,100.9474026276439,108.2728
CC(=O)C(C(=O)(OO))C(C)(C(O))C(O)C(=O)(OON(=O)(=O)),121.75652595509018,126.65022
CC1(C)C(=O)CC1C(=O)(O),80.50315718942147,76.60741
C(=O)(O)CC(ON(=O)(=O))C(=O)CCC(ON(=O)(=O)),114.0690968110066,112.42299
CC(=O)C(=O)C(C)(C(O))C(C(=O)(O))CC(=O)(O),149.14357628467405,141.22678
CC(ON(=O)(=O))(C)C(C(OO)(C)C(=O)(O))CC(=O)C(=O)(O),153.62169801301934,157.81801
C1(ON(=O)(=O))C(OO)C(ON(=O)(=O))C(O)(C2(O)(OO))OOC12,141.66268025763566,128.18173
C1(=O)C(OO)(C(OO))OOC1C(=O)(OO),127.08417327995994,127.97245
C1(=O)C2(OO)OOC1(O)C(OO)C(=O)C2(ON(=O)(=O)),108.4939238294246,110.913826
CC(=O)C(=O)C(C)(C)C(C(O))C(=O)(OON(=O)(=O)),87.87236309618311,89.472206
CC(=O)C1(OO)OC1C(=O)C(OO)C(=O)(OO),116.11781281387812,125.56557
C(ON(=O)(=O))C(=O)C1C(OO)C(OO)(C1(C)C)CC(=O)(OON(=O)(=O)),120.1143674076884,114.39437
C(=O)(OO)C(O)C(=O)C1(C)OC1(OO)C(=O),115.3033147095557,109.396164
CC(=O)COOC(=O)C(ON(=O)(=O))C(=O)(OON(=O)(=O)),86.76416092456202,85.99769
C1C(ON(=O)(=O))C(OO)(C)C(OO)CC1(ON(=O)(=O))C(=O)C,130.9124737722741,130.92879
C(=O)(N(=O)(=O))C(OO)OC(=O)C(ON(=O)(=O))(C)C(=O),90.32913549848308,90.566574
CCC(=O)C(OO)CC(=O)CC(=O)CC(ON(=O)(=O)),113.4541603434991,115.35849
C1(O)(O)C(ON(=O)(=O))OOC1(C)C(=O)(O),111.12323417654989,100.666534
C(=O)C(=O)C(OO)C(OO)(C1(O))OOC1C(=O),127.10801520277164,134.31091
C(=O)(OO)C(=O)C(ON(=O)(=O))C(=O)OOCC(=O)(OO),125.53357057180983,129.27208
C(=O)(OON(=O)(=O))C(ON(=O)(=O))C(OO)(C)C(=O)OOC(=O),86.59424478452274,84.82407
C(=O)(OO)C(O)C1(OO)OC1(O)C(=O),124.5048941133573,103.991936
CC(OO)(C)C(ON(=O)(=O))(C(O))C(=O),104.13799160399503,103.2474
CC(=O)C1OC1C(=O)C(ON(=O)(=O))C(=O)(OO),105.07887782173202,99.61572
C(=O)(N(=O)(=O))C1OC1(C(OO))C(O)C(=O)(OON(=O)(=O)),102.99011861650797,106.04449
C1(=O)C(C(=O)(OO))OOC1(C(OO))C(O)C(=O),132.23163319306332,146.804
C(=O)(OON(=O)(=O))C(OO)C1(C(=O))OC1C(=O)(OON(=O)(=O)),92.91782535431412,87.539154
CC(C)(C(=O)(O))C(ON(=O)(=O))(C(O))CC(=O),117.49932366470603,120.703674
C(=O)(O)C(ON(=O)(=O))C(=O)OC(OO)(C)C(=O)(OO),125.93688104735338,139.11989
C(=O)(O)C1OOC(O)(C1(O))C(OO)(C)C(=O),140.852766845499,147.14133
CC(=O)C(OO)C(C)(C)C(OO)(C(=O))CC(=O)(O),142.24190537146933,163.39323
C(OO)C(=O)C(O)C(=O)C(O)(O)C(ON(=O)(=O))OC(=O),127.5565699355866,151.20787
CC(=O)C(=O)OOC(C(=O))C(=O)C(=O)(OO),104.83515129762236,107.016174
C(=O)(OO)C1(ON(=O)(=O))OC1(OO)C=CC(=O)(OON(=O)(=O)),111.0785608971346,113.96145
C(=O)(O)C(ON(=O)(=O))OOC(ON(=O)(=O))(C)C(OO)C(=O),117.72526611086505,110.40505
CC(OO)(C(=O)(O))C(ON(=O)(=O))(OO)C(ON(=O)(=O))OC(=O),133.50252689082117,132.54645
CC(OO)(C)C(=O)C(O)C(=O)C(ON(=O)(=O))(C)C(=O)(O),135.40214733660832,115.378235
CC(ON(=O)(=O))(C)OOC(C(=O)C)CC(=O)C(O),101.96790268413315,109.1155
C(=O)C(=O)C(=O)C(OO)(C(=O)(OON(=O)(=O)))C,81.4036483200689,70.18166
CC(=O)C(ON(=O)(=O))C(ON(=O)(=O))(C(OO))C=C,89.60694845046237,90.295784
C(=O)(OON(=O)(=O))C(=O)C(OO)C(O)C1(O)OC1C(=O),121.20778673313907,125.83321
C(=O)(O)C(=O)C(ON(=O)(=O))C(OO)(C)OC(=O)C(=O)(OON(=O)(=O)),116.87344987017423,115.48024
C1(O)(OO)C(=O)OOC1C(ON(=O)(=O))C(=O)C(OO),119.30419599617744,117.26438
CC(=O)C(C(=O)(OON(=O)(=O)))C(C)(C)C(O)CC(=O)(OON(=O)(=O)),96.1030229635362,110.92734
CC(ON(=O)(=O))(C(OO))C(C(O))C(=O)C(=O)(OO),127.16246336718905,126.61788
C1(O)(O)C(=O)OOC1(ON(=O)(=O))C(=O)C(OO)(C)C(=O)(O),133.58053975980874,144.01897
C(=O)(O)CC1(C(=O)(OO))OC1(=O),90.30647168734868,89.30635
C(=O)(O)C(=O)C(O)C(=O)OC(=O)C(=O)C(OO),128.5226412270058,133.92955
C(=O)C(=O)C(=O)C1(C(O))OC1(O)C(=O),100.90044792449771,102.41901
C1(=O)C(=O)OOC1(C(=O)(O))C(ON(=O)(=O))C(O)C(=O)(O),130.24194200496277,136.01686
CC1(OO)C(O)CC(=O)CC1C(OO)(C)C,129.61897081275674,143.66254
C(=O)(OO)C(O)C(C(OO))(C(=O))OOC(=O),118.21727636360447,135.72997
C(=O)(O)CC(=O)C(C)(C(OO))C(=O)C,119.89771095763717,113.89045
CC(C)C(OO)C(=O)(OO),81.33233407221996,92.89267
CC(=O)CCC(=O)C(OO)CCC(OO)C,125.15458904555271,124.20509
C1(O)(O)C(N(=O)(=O))(OO)OOC1(C)C(O)C(=O)(OO),132.6295099629133,130.41348
CC(O)CCC(=O)CC(ON(=O)(=O))C(=O),101.02484508531779,103.310074
C(=O)(O)C(OO)OC(=O)C(C(=O)(O))C(=O)(OON(=O)(=O)),131.39135541055293,135.21077
C(=O)(OO)C(N(=O)(=O))C(=O)C1(C(O))OC1C(=O),113.54684606162482,111.31549
C(=O)(O)C(=O)C(=O)C(OO)(C(=O))C(O)C(=O),120.84339666905726,120.2195
CC(O)(C(OO))C(=O)CC(=O)C(=O)(OON(=O)(=O)),107.154934490085,110.46438
C1(=O)C(=O)OOC1C(OO)(C)C(=O)(O),101.61838621078641,109.028725
C(=O)(O)C(O)C(O)C(=O)C(=O),111.01787984729162,112.084465
C(=O)(O)C(OO)OC(=O)C(C(=O)(OO))=CC(=O),134.29334246360668,130.30022
C(=O)(O)C(O)(N(=O)(=O))C(ON(=O)(=O))(C)C(=O)OC(=O),105.53424176134286,113.842834
CC(C)(C(=O)(O))C(C(=O))C(=O)C(O)C(=O)C,118.09422245938913,109.14165
C(=O)(O)C(OO)C1OOC(O)(C1(O))C(=O),143.17463416244573,133.74344
CC(=O)C(ON(=O)(=O))CC(=O)C(C(OO))(C)C(=O)(OO),126.15176248454372,120.19548
C(=O)(O)CC(OO)C(C)(C)C(ON(=O)(=O))C(=O),120.3345997955621,124.40312
C(ON(=O)(=O))C(OO)(C(=O)(OO))C(O)(O)C(=O)C(=O)C(=O),130.0529437778605,122.11322
C(=O)(O)CC(ON(=O)(=O))(C(=O))OC(=O),88.99611817680125,86.54169
CC(OO)(C(=O)(O))OOC(ON(=O)(=O))C(=O)C(=O)(O),138.75933668560174,127.00348
CC1(C)C(OO)C(OO)C1C(ON(=O)(=O))C(=O)(OO),123.70470041127555,141.32578
C(=O)(O)C(OO)C1OOC(ON(=O)(=O))(C(=O)(OON(=O)(=O)))C1(O)C,131.26802852805122,131.55203
C(=O)(O)OC(=O)C(O)(C(ON(=O)(=O)))C(=O),99.14635926764458,102.47336
C(OO)C(N(=O)(=O))(ON(=O)(=O))OOC(C(=O)(O))(C)C(=O),117.52951359500003,115.913284
C(=O)C(O)C(=O)C1(N(=O)(=O))OC1(O)C(=O),97.8106433029534,94.55509
C1(N(=O)(=O))(OO)OC1(O)C(C)=CC(=O),110.84201906205999,124.20129
C(=O)(O)C(=O)C(=O)CC(=O)OC(=O)C(=O)(O),124.59673977085185,121.963684
C(=O)C(ON(=O)(=O))C(=O)C(O)(C(=O)(OO))C(ON(=O)(=O))C(=O),108.41204363432189,114.98791
C(=O)(O)C(=O)OOC(ON(=O)(=O))C(=O)C(=O)C(=O)(OO),120.74689647266496,122.59756
C(=O)(OO)C(=O)OOC(ON(=O)(=O))(C(=O))C(=O)C(OO),112.31430166132486,129.18105
C(O)C(ON(=O)(=O))C(C)(C(ON(=O)(=O)))C(=O)C(=O)C,102.01872671500314,96.65153
C1(=O)C(=O)OOC1(O)C(OO)C(ON(=O)(=O))C(=O)(O),119.88382537176221,132.7067
C(=O)(O)C(OO)C(ON(=O)(=O))C1(C)OC1C(=O)(OO),132.48936379383667,141.14072
C(=O)(OO)C(=O)C(ON(=O)(=O))C(=O)OOC(=O)C,94.73257780262065,97.03332
C(=O)(O)C(OO)C(ON(=O)(=O))C(=O)OC(=O)C(=O),114.47274157862557,115.46154
C(=O)(O)C(O)C(O)C(=O)(O),124.23013408375846,126.66319
C(ON(=O)(=O))CCC(=O)CC(=O)(OO),101.30378408999968,107.81206
C(=O)(OO)C1OC1C(=O)C(O)(C(=O)(OON(=O)(=O)))C(=O),105.7644269746088,110.94064
CC1(C(OO))C(=O)C(ON(=O)(=O))C1C(OO),115.45935946273676,110.26756
C(O)C(=O)C1(OO)OC1C(ON(=O)(=O))C(=O),104.60365295257361,100.727455
CC1(C)C(=O)CC1C(OO)(C)C(OO)C(=O),120.26636714034976,128.76859
CC(OO)(C(=O)(OON(=O)(=O)))OC(=O)C(=O)C(ON(=O)(=O))C(=O),95.04008565007825,95.76364
C1(=O)C(O)(C)C(ON(=O)(=O))C(OO)OOC1C(=O)(O),132.8716867953699,121.44366
C1(=O)OC1C(OO)C(O)(C)C(=O)(OO),123.50208358680538,114.61118
CC1(O)C(=O)OOC1C(ON(=O)(=O))C(N(=O)(=O))C(=O)(OO),111.023637275066,110.9083
C(ON(=O)(=O))C(C(=O))=C(OO)C(N(=O)(=O))(OO)OC(=O)C(=O),122.92086411434138,128.89478
C(O)C(=O)C1OC1C(=O)C(N(=O)(=O))C(=O)(OO),122.12618969971663,125.25281
CC(ON(=O)(=O))(C)C(ON(=O)(=O))(C(O)(C)C(=O))C(OO)C(=O),126.81049200603593,117.75278
CC(=O)C(C(OO)(C(O))C(ON(=O)(=O)))CC(=O)C(=O)(OON(=O)(=O)),123.43039292385947,134.90521
C(=O)(O)C(C(ON(=O)(=O)))C(=O)C(ON(=O)(=O)),104.95454825563502,97.74615
C(=O)(OO)CC(=O)C(=O)C(O)C(=O),111.02112222563301,127.740074
C1(OO)OC1(C(=O)(N(=O)(=O)))C(OO),91.87181858715485,88.64001
C(=O)(N(=O)(=O))C(=O)OC(=O)C(C)=CC(=O)(O),94.86100709057791,90.148796
C1(=O)OC1(C(ON(=O)(=O)))C(O)C(O)C(=O)(OO),122.93959167873982,125.146286
C2(=O)C(=O)C(=O)C(OO)(C1(=O))OOC12C(ON(=O)(=O)),84.43306361389114,95.5518
CC(=O)C(=O)C(C)(C)C(OO)C(=O)(OO),104.29700240023521,84.693825
C(=O)(O)C(C(=O)(OON(=O)(=O)))=CC(O)OC(=O)C(=O),118.9065968810246,120.525894
C(=O)C(=O)C(O)(N(=O)(=O))C(O)(C)C(OO)C(=O),115.47227655320603,110.62852
C(ON(=O)(=O))C1OOC(O)(C1(=O))C(=O)(OO),105.4850035698255,99.26352
CC(=O)C(OO)CC(ON(=O)(=O))C(ON(=O)(=O))(C)C,103.45645538000099,100.82829
C(ON(=O)(=O))C(=O)C(=O)C(OO)C1OC1C(=O)(OON(=O)(=O)),103.96845967837726,101.50417
C(=O)(O)C(ON(=O)(=O))C(O)(C1(O))OOC1C(=O)C(=O),137.7051446105761,116.67975
C1(O)(O)C(C(=O)(O))OOC1(C(ON(=O)(=O)))C(O)C(=O),149.79242722438357,184.99861
C1(OO)OC1C(ON(=O)(=O))(OO)C(=O)C(=O)C,98.41765906156797,98.21455
CC(ON(=O)(=O))CCCC(ON(=O)(=O))CC(OO)C(=O)(O),139.43867781335575,127.25456
CC(ON(=O)(=O))(C(=O))C(C(=O)(OO))C(C)(C)C(ON(=O)(=O))C(=O),105.79725094854803,103.01941
CC(=O)CCC(O)CC(ON(=O)(=O))C(ON(=O)(=O))CC,107.19401719056623,113.28657
C(=O)(O)C(ON(=O)(=O))C(OO)(C1(O))OOC1C(=O),134.5084145291985,126.13459
C1(=O)C(OO)OOC1C(=O)(O),100.91535739375831,93.78687
C(O)C(ON(=O)(=O))C(C)(C(O))C(=O)C(=O)(OO),122.10144024195324,119.40274
C1(=O)C(OO)C(ON(=O)(=O))C(C)(C(=O)(OO))OOC1(=O),113.6042311129786,120.097664
C(=O)(N(=O)(=O))C1(O)OC1CC(=O)(OO),99.57841486697725,106.10461
CC(=O)C(=O)CC1OC1(ON(=O)(=O))C(=O)(OON(=O)(=O)),76.72731250853394,81.53834
C12OOC(C1(O)(O))C(OO)C(ON(=O)(=O))(OO)C2(ON(=O)(=O)),138.98280926009465,146.01431
C1(O)(N(=O)(=O))C(=O)OOC(C(=O)(OO))C(OO)C1(=O),114.64821343909716,96.51304
C(O)C(OO)(C(=O))OC(=O)C(=O),100.50567010419036,93.42696
C1(ON(=O)(=O))OC1C(ON(=O)(=O))(OO)C(OO)C(=O)(O),124.48792466208397,126.58889
CC(O)(C)C(C(OO))C(=O)C(ON(=O)(=O)),107.40647393104155,111.98827
CC(=O)C(=O)C(ON(=O)(=O))C(C(O))C(=O)C,99.58265617032157,98.67642
C(=O)(OO)C(=O)C(=O)C(OO)(C(ON(=O)(=O)))C(=O)(OON(=O)(=O)),103.38451216553221,105.785995
C(=O)(OO)C(=O)C(O)C1(C(OO))OC1C(=O)(OON(=O)(=O)),127.91108118310513,139.09737
C1(O)(N(=O)(=O))C2(O)OOC1C=C(C2(ON(=O)(=O)))C(=O)(OO),131.63270291819208,122.794334
C(OO)C1(C(OO))OC1(ON(=O)(=O))C(=O)(OON(=O)(=O)),98.92191447140794,96.05761
C(O)C(C(=O)(O))C(OO)(C)C(ON(=O)(=O)),129.08922903630446,130.47214
C(=O)C1(O)OC1(N(=O)(=O))C(O)(C(=O)(O))C(OO)C(=O),146.65837779813592,135.35315
C(=O)(O)C(ON(=O)(=O))C(O)(C(=O))C(OO)OC(=O),128.70410071475635,134.31456
C(=O)(O)C(ON(=O)(=O))C(O)C(=O)C(=O),102.91682057802245,92.95442
C(=O)(O)C(ON(=O)(=O))(C(=O)(O))C(=O)C=CC(=O),125.1653489821474,126.892265
C(OO)C(=O)C1(N(=O)(=O))OC1(O)C(=O),91.86892146623723,99.456314
C(=O)(OON(=O)(=O))C(C(=O))C(ON(=O)(=O))(C)C(OO)C(=O),95.06598557126563,99.81124
C(=O)(OO)C(N(=O)(=O))C(OO)(C)OC(=O)C(=O)(OO),122.01232082534261,119.64997
C1(ON(=O)(=O))OC1C(ON(=O)(=O))C(O)(C(=O)(OO))C(=O)(OO),122.23204056390387,109.627365
C(=O)C(=O)C(OO)C(O)C1OC1(O)C(=O),123.52479472869891,140.66324
C(=O)(OON(=O)(=O))C(=O)OC(=O)C(O)(C)C(ON(=O)(=O))C(=O),93.7986235835051,89.72011
C(=O)(O)C1(O)OC1C(ON(=O)(=O))C(O)C(=O)(OON(=O)(=O)),127.9580256754416,120.50761
C(O)C(=O)C(OO)OC(=O)C(=O)C(O)(N(=O)(=O))C(=O),126.93933438405656,134.70464
CC(ON(=O)(=O))CC(=O)CC(OO)C(=O)C(=O),105.62937192912796,113.01666
C(=O)(O)C(O)C(OO)C1OC1(OO)C(=O)(OON(=O)(=O)),137.98055174001638,134.29393
C(=O)(OON(=O)(=O))C(C(=O))C(C)(C)C(=O)C(O)(C)C(=O),98.06706789790042,88.08333
C(=O)(O)C(O)C(OO)C(=O)OC(=O)C(=O)C(=O),125.05032238469721,122.12397
C(=O)(O)C(C(=O)(OO))(C)C(OO)(C(ON(=O)(=O)))C(=O),131.50141571830318,123.62565
C(ON(=O)(=O))C(O)C(=O)C(N(=O)(=O))(OO)OC(=O)C(=O),104.91440238492214,106.55443
CCCC(O)CCC(OO)C(ON(=O)(=O))CC(ON(=O)(=O)),126.08031001776544,139.04695
C1(ON(=O)(=O))C(O)C(ON(=O)(=O))C(=O)OOC1C(=O),101.19067030912265,102.29081
C(ON(=O)(=O))C(=O)C(O)(OO)C(OO)C1OC1C(=O),126.47954411936371,127.7784
C(ON(=O)(=O))C(=O)OC(OO)C=CC(=O)(OON(=O)(=O)),101.6432340787942,101.294014
C(ON(=O)(=O))C(=O)C1(N(=O)(=O))OC1(O)C=CC(=O)(OO),117.82923458401638,117.28584
C(=O)C(OO)=CC(=O)OC(=O),86.16976075626008,65.976074
C(=O)(OON(=O)(=O))C(=O)OC(OO)C(ON(=O)(=O))(C(O))C(=O),112.59094679006375,115.60166
C(=O)(O)C1CC(ON(=O)(=O))(C1(C)C)C(ON(=O)(=O))(C)C(=O),109.94326151128189,108.62108
C(=O)C(=O)C(ON(=O)(=O))C1(O)OC1C(=O),87.86526935766597,93.242615
C(=O)(O)C(OO)OC(=O)C=C(OO)C(=O),134.80879932366952,110.89089
C(O)C(=O)OOC(C(=O)(OON(=O)(=O)))C(OO)C(=O),110.12318170060462,111.427536
C(=O)(O)C(ON(=O)(=O))C(OO)OOC(=O)C(ON(=O)(=O)),118.92734390820988,116.06287
C(=O)(N(=O)(=O))C(=O)C(=O)OC(OO)(C)C(=O)(O),99.2797225824761,94.028244
C1(ON(=O)(=O))OC1C(OO)C(O)(C)C(=O)(OO),113.27190346454881,113.10863
C(=O)(O)C1OOC(OO)(C1(O))C(ON(=O)(=O))(C(O))C(=O),155.06951264267263,146.9825
C1(=O)C(OO)C(ON(=O)(=O))C(=O)OOC1(O)C(=O)(N(=O)(=O)),97.89316873445205,108.813416
C(=O)(OO)C(O)C(OO)(C(ON(=O)(=O)))C(=O)OC(=O),119.64947623016633,124.36488
C(=O)(OO)C1OC1(N(=O)(=O))C(=O)C(C(ON(=O)(=O)))C(=O),102.12217237801087,98.94838
C1(O)C(ON(=O)(=O))C(OO)C(OO)(C2(=O))OOC12(O),133.6076630161333,128.29538
CC(=O)C(=O)C(=O)C(O)(O)C(=O)(OON(=O)(=O)),85.73156748167821,85.2077
CC(ON(=O)(=O))(C(=O)(OO))C1OOC(C1(=O))C(=O)(OO),116.8995005989782,119.978714
C(ON(=O)(=O))C1(ON(=O)(=O))OC1C(=O)C(=O)(OO),93.93093143837905,96.65705
CC(O)(C(=O)(OON(=O)(=O)))C(OO)C(=O)OC(=O),94.39357907925296,91.48743
C(=O)(OO)C1OC1(OO)C(C)=CC(=O)(OON(=O)(=O)),106.33667353615601,121.08835
CC(=O)C(OO)C(=O)C(ON(=O)(=O))(C(OO)(C)C)CC(=O),129.6116775712435,136.90282
C(=O)(O)CCC(=O)CC(ON(=O)(=O))C(=O)C(OO),128.2417774052592,138.56897
C(=O)(O)CC(C(OO))C(OO)(C)C(=O),125.95284564147005,133.7914
C(=O)(N(=O)(=O))C(=O)C(=O)OOC(C(=O))C(=O)C(ON(=O)(=O)),92.8490123427473,91.19944
C1(OO)OC1(C)C(=O)(ON(=O)(=O)),67.0853811468478,67.53206
CC(=O)C(ON(=O)(=O))C(OO)C(=O)(O),103.56102156698762,101.62162
C1(O)(OO)C(ON(=O)(=O))OOC1(O)C(=O)C(=O)C,115.50178262096597,69.7482
C1(ON(=O)(=O))OC1(C(OO))C(OO)C(O)C(=O)(OON(=O)(=O)),120.03222113668016,119.82219
C(O)C(=O)COOC(=O),78.28308523983287,70.98801
C(=O)(N(=O)(=O))C1OC1(OO)C(=O)C(=O)C(=O)(O),103.4969071514497,104.121895
C(=O)(O)C1(OO)OC1(O)C(=O)C(ON(=O)(=O)),112.56154121887812,117.95198
CC(=O)C(=O)C(OO)(C)C(=O)C(O),103.35482783454063,94.19941
C1(O)(O)C(=O)OOC1(N(=O)(=O))C(O)(C)C(=O),109.42205966256734,86.99917
C(O)C(=O)C(N(=O)(=O))C(=O)C(=O)OC(=O)C(=O)(O),117.21830553479231,118.18541
C1C(=O)C(=O)C2OOC1(O)C2(O)(ON(=O)(=O)),106.02050173834141,106.686646
C(=O)(O)OOC(C(=O)C)C(ON(=O)(=O))C(=O),100.46727312767325,102.07755
C(=O)(O)C(=O)C(O)(O)C(OO)(C)C(=O)C(=O)(OON(=O)(=O)),127.2116281053095,125.62322
C(=O)(OO)C(ON(=O)(=O))C(OO)C1(C)OC1(O)C(=O)(OON(=O)(=O)),122.95444939261506,118.4749
C(=O)C(OO)C1OOC(O)(C(=O))C1(O)C(=O),131.42478583342017,137.79208
C(=O)(O)C(ON(=O)(=O))(C(=O))OOC(ON(=O)(=O))(C)C(=O)C(=O),113.488338636751,96.20677
C(=O)(N(=O)(=O))C(OO)OC(=O)C(ON(=O)(=O))(C(OO))C(=O)C(=O)(O),128.68650878324115,128.65047
C12OOC(C1(O))C(=O)CC2(OO),117.10941583706881,100.628586
CCCC(O)CC(ON(=O)(=O))C(=O)CC(O)C,119.99452912606648,116.83343
C2(=O)C(O)(ON(=O)(=O))C(=O)C1OOC2C1(=O),82.97774074409244,73.93341
C(=O)(N(=O)(=O)),27.192868046091462,35.897926
C(=O)(OON(=O)(=O))CC(OO)C(C)(C(ON(=O)(=O)))C(OO)(C(=O))C(=O)C,141.18642279641062,147.41492
C(=O)(OON(=O)(=O))C1(ON(=O)(=O))CC(OO)(C1(C)C)C(O)(C)C(=O),115.51639027556666,120.77254
CC(OO)(C)C(ON(=O)(=O))(C(ON(=O)(=O))(C)C(=O))C(OO)C(=O),125.23125887159404,111.27017
C2(ON(=O)(=O))C(ON(=O)(=O))C(OO)C(C1(O)(O))OOC12C(=O)(OO),149.8429617471993,133.90565
C1(O)(OO)C(N(=O)(=O))(C(=O))OOC1(C)C(O)C(=O),119.79310387691658,115.16439
C(=O)(O)C(=O)OOC(O)(C)C(=O)(OON(=O)(=O)),105.8565058289314,101.75877
C(=O)(N(=O)(=O))C1OC1(C)C(O)C(=O)C(=O)(OO),103.67598997813911,109.51478
C1(=O)C(=O)C(N(=O)(=O))C(=O)OOC1C(=O)(OO),95.14363282905833,97.33938
C(=O)(O)OOC(C)(C)C(=O)C(ON(=O)(=O))C(=O)(OO),112.59701786161168,107.919
C(=O)(OON(=O)(=O))C(O)CC(=O)C(C)(C)C(ON(=O)(=O))C(=O),101.7581818401959,113.621796
C(=O)(OO)C(OO)=CC(=O)C(=O)C(=O),98.781851010026,115.31866
C1OC1(O)C(=O)C,57.905568487010896,67.62411
CCC(=O)CC(OO)C(=O)CC(ON(=O)(=O))C(O),123.93532999469608,131.24576
C(=O)(O)C1(C(=O))OOC(O)(C1(O))C(OO)C(=O),145.3849852846106,143.93053
C(=O)(O)C(ON(=O)(=O))C(O)(OO)C1OC1C(=O)C(=O),133.6684645959176,125.74706
C(=O)(OO)C1OC1(OO)C(C(=O)(OO))C(=O),122.98257209557778,129.64772
CC1(C)C(C(=O))CC1C(=O)C(=O),68.16093579522567,64.554436
CC(C)(C(=O)(OO))C(ON(=O)(=O))(C(=O))CC(OO)C(=O)C,126.31498962262413,110.62818
C(=O)(O)C(OO)C(O)(C(=O)(OON(=O)(=O)))C(=O)C(O)C(=O),143.1046750857713,117.07288
C1(O)(OO)C(=O)OOC1(N(=O)(=O))C(OO)C(=O),105.12338409473159,115.121086
C(=O)(OO)C=C(C(ON(=O)(=O)))C(=O),90.64530987406033,97.09616
C1(ON(=O)(=O))OC1C(O)(O)C(=O)C(O)C(=O)C(O),120.01260563421965,136.51308
C12OOC(C1(O))C(ON(=O)(=O))C(OO)(C)C2(O),129.05224820612057,122.373085
C(=O)(OO)C(=O)C(C1(O))OOC1(C(ON(=O)(=O)))C(=O)(OON(=O)(=O)),117.6909835572369,126.26676
C(O)CC(O)C(=O)CC(=O)C(O),127.22629756844253,122.637054
C(=O)(N(=O)(=O))C1OC1(C)C=C(OO)C(=O)(O),116.41529461130995,108.97855
CC(=O)C(=O)CC(ON(=O)(=O))(C(OO)(C)C)C(=O)C(=O),110.87520710544777,111.90652
CC(OO)CC(O)C(=O)C(OO),126.63530386453931,123.558914
C(=O)OC(ON(=O)(=O))C(OO)=CC(=O)C(=O),96.44766281777265,83.2462
C(=O)C(OO)C(C)(C(=O)(O))OOC(=O),105.25798004488024,117.75161
CC(=O)C(C(O))C(C)(C(ON(=O)(=O)))C(=O)CC(=O)(OON(=O)(=O)),115.67597858799854,127.09846
C(=O)(OO)C(ON(=O)(=O))C(OO)C(C)(C)C(C)C(=O),111.62006147897773,114.174835
CC(=O)C1(OO)C(OO)CC1(C)C,93.17398570145451,97.55962
CC(ON(=O)(=O))(C(=O))C(OO)C(C)(C)C(=O),98.52826225151512,102.076294
C(=O)(O)C(=O)C1OC1(ON(=O)(=O))C(=O),86.85792600694549,84.18852
C(=O)(OO)C(OO)C(O)(C(=O)(OON(=O)(=O)))C(=O)C(=O),108.7236883843143,95.273575
C(=O)C(O)(ON(=O)(=O))C(O)(O)C(=O)C(OO)C(=O),115.53219349632855,124.508354
C(=O)(O)C(O)(C(=O))C(=O)C(OO)C(=O),114.7334003012511,129.73454
C12OOC(OO)(C1(O)C)C(ON(=O)(=O))C(OO)C2(ON(=O)(=O)),127.0022374011387,129.83475
CC(=O)C(=O)C(C(=O)(OON(=O)(=O)))OOC(=O),72.73454542215768,72.06145
C(ON(=O)(=O))C1OOC(OO)(C1(O)(N(=O)(=O)))C(=O),110.42621100437827,96.24915
C(=O)(O)C(=O)C(O)(O)C(N(=O)(=O))(OO)C(ON(=O)(=O))(C)C(=O),136.5150836754765,129.90927
C1(O)C(OO)OOC1C(OO)C(=O)(OON(=O)(=O)),113.53480446488538,116.500465
C12C(=O)C(C2(OO)C)CC(ON(=O)(=O))C1(ON(=O)(=O))C,105.01225163454365,102.77092
CC(=O)C(=O)C(OO)C(=O)C(OO),102.83343177597271,97.83414
C(ON(=O)(=O))C(=O)OC(=O)C(OO)=CC(=O)(OON(=O)(=O)),102.33580840405921,100.052536
CC(C(=O))C1OC1(OO)C(=O),79.75347257669637,84.0466
C(=O)(OO)C(ON(=O)(=O))C1(C(ON(=O)(=O)))OOC(C1(O)(O))C(=O),137.7243495017683,123.16048
C(O)C(C(=O)(OO))=C(=O),79.08663479021925,83.25482
C(OO)C1(OO)OC1(O)CC(=O)(OO),130.34681251213624,128.83975
C(=O)(OO)CC(ON(=O)(=O))C(C(=O)(OON(=O)(=O)))(C)C(=O),97.59247006260557,93.49633
C1(O)C(ON(=O)(=O))(C(=O)(OON(=O)(=O)))OOC1(C(OO))C(=O)C(=O),115.96571179767489,113.97015
C1C(OO)C(C)(C)OOC1C(ON(=O)(=O))(C)C(=O),106.07996345101856,104.73715
CC(=O)CC(ON(=O)(=O))C(O)C(OO)CC(=O)CC,122.59176647003915,130.421
C1(=O)OC1C(=O)C(O)C(=O)C(OO),103.98187519549538,103.61019
CC(ON(=O)(=O))(C(=O)(O))C(O)(O)C(=O)(O),131.76582830317057,122.34104
C(O)C(ON(=O)(=O))C(C)(C(=O)(OON(=O)(=O)))C(=O)C,95.80380313279602,91.26479
CC(=O)C(OO)C(O)C(=O)C(C)(C)C(OO)C(ON(=O)(=O)),128.15613055890572,140.99268
CC(=O)C(OO)(C(=O)C(O))CC(ON(=O)(=O))C(O),136.78320895182696,128.95251
C(=O)(O)C=C(C(=O))C(OO)OC(=O),110.96936027641641,112.91817
CC(OO)(C(OO))C(C(O))C(OO),134.00116328091826,139.059
C(=O)(OO)CC(ON(=O)(=O))C(C)(C(=O))C(ON(=O)(=O))C(=O)C,109.88302454117365,111.6123
C(=O)(N(=O)(=O))C1OC1C(O)(C(O))C(OO)C(=O)(OO),131.63115720631322,152.10832
C12OOC(O)(C1(O))C(=O)C(O)C2(N(=O)(=O))(OO),126.06065237331495,124.83746
C(=O)(N(=O)(=O))C(=O)OC(OO)(C(=O)(OO))C=CC(=O)(O),129.35874078385677,141.82195
C(=O)(OON(=O)(=O))C(=O)C1OOC(O)(C1(O))C(=O),100.36497592899832,96.54162
C(=O)(OO)C1(OO)OC1(C)C(=O)C(=O)(OO),114.27210594694043,131.19191
C(=O)C1(OO)OC1C(O)(C(=O)(OON(=O)(=O)))C(OO)C(=O),123.1211908656187,120.90772
C(=O)(O)C1(OO)OC1C(ON(=O)(=O))C(O)(C(=O))C(=O),128.68596369704028,139.85489
CC(=O)C(O)(O)C(ON(=O)(=O))C(=O)(OO),102.78636318238568,100.69168
C(O)C(=O)C1OC1(OO)C(ON(=O)(=O))C(O)C(=O)(OO),148.36258493298374,162.82262
CC1(C)C(=O)C(OO)C1(O)C(=O),92.03054923512536,102.72795
C(OO)C(O)(C(=O)(OON(=O)(=O)))C(O)C(=O)C(O)C(=O),130.54610050796327,121.09705
C1(O)C(ON(=O)(=O))OOC1C(O)C(=O)C(=O)(OO),122.2309217744405,130.06374
CC(C)(C(=O)(OO))C(OO)=C(OO),104.45109250897804,101.442085
C(=O)(OO)C(ON(=O)(=O))C(O)C(OO)(C)OC(=O)C(=O),127.09058293249836,127.47782
C(=O)(OO)C(ON(=O)(=O))C(OO)C(OO)(C)OC(=O),119.63710077361611,129.26347
C(OO)C(ON(=O)(=O))C(=O)C(=O)(OO),95.73613913107692,99.427444
CC(=O)C1OC1C(O)C(=O)C(=O)(O),109.93695006979397,120.18867
C(=O)(N(=O)(=O))C(=O)C1OOC(C1(O))C(=O),95.14741439043428,89.925125
C(=O)(O)C(=O)C(=O)C(=O)(O),96.83084017047804,85.02934
C(=O)(OON(=O)(=O))C(=O)C(OO)(C1(=O))OOC1C(O)C(=O),112.4737834195912,119.652145
C(=O)(O)C(O)C(=O)C1(C(OO))OC1C(=O),128.42473202032124,133.17421
C(=O)(O)CC(=O)CC(=O)CCC(=O)(OON(=O)(=O)),117.34186194003996,113.3995
C1(=O)OC1C(OO)(C)C(O)C(=O)C(=O)(O),123.72561462148587,115.75848
C(=O)(O)C(OO)=C(C)C1OC1C(=O)(OON(=O)(=O)),109.05113802477717,120.19795
C(=O)C(ON(=O)(=O))C(=O)C1(OO)OC1(O)C(=O),93.90770308388892,105.257645
C(=O)(OO)C(O)C1OC1C(=O)(OO),117.01519122492027,128.5303
C(=O)(OO)C(O)(O)C(=O)OC(OO)C(ON(=O)(=O))(C)C(=O),134.1312534730605,137.90593
C1(O)(O)C(OO)OOC1C(OO)C(=O)(O),145.99346556656383,151.20558
C1(OO)OC1C(O)C(OO)C(=O)(O),133.9711827857609,137.5415
CC(=O)C(O)C(=O)C(ON(=O)(=O))C(ON(=O)(=O))(C)C(O),110.40053740677104,112.65512
C(=O)(O)COOC(ON(=O)(=O))C(=O)C(=O),103.19315547447331,93.359764
C(=O)(O)C(O)C(O)C1(C(=O))OC1(OO),138.86587890066585,135.64394
C(=O)(OO)C(=O)OC(OO)(C)C(ON(=O)(=O))C(=O),107.49424796921812,118.159546
C1(=O)OOC(OO)C1(O)C(=O),82.33589215227403,78.81824
CC(=O)C(=O)OOC(N(=O)(=O))(OO)C(=O)(O),105.38619589785958,100.86779
C(=O)(OO)C(=O)C(=O)C(O)(C(=O))C(OO)C(=O),110.2356083272607,127.50962
C(ON(=O)(=O))C(C(=O)(OO))(C)C(C(O))C(=O)(OON(=O)(=O)),110.86385090633848,108.59861
C(=O)(OON(=O)(=O))C(=O)OC(=O)C(O)C(O)(C)C(=O),97.39149322877347,95.450386
C(=O)(OO)C1OC1(ON(=O)(=O))CC(=O),92.21798410423798,99.0139
CC(=O)C(CC(=O)(OO))C(ON(=O)(=O))C(=O),99.25517233466962,101.58543
C(=O)(O)C(O)C(O)C1(C(=O)(OON(=O)(=O)))OC1(OO),136.76247237149073,136.8709
CC(ON(=O)(=O))(C)C(OO)(C(=O)C(O))CC(=O)CC(=O)(OO),145.82937749235862,136.8965
C1(ON(=O)(=O))OC1(O)C(=O)C(O),96.30398458261334,66.781364
C(=O)(OO)C(N(=O)(=O))(ON(=O)(=O))C(OO)(C)C(=O)OC(=O),101.40886800392036,101.68279
C(ON(=O)(=O))CC(=O)CC(O)CCC(=O),111.77808744951471,105.58768
C(OO)C(ON(=O)(=O))C1(N(=O)(=O))OC1(OO)C(=O),105.78675820396165,95.44629
C(=O)(O)C1(C(ON(=O)(=O)))OC1C(=O)C(O)C(=O)(OON(=O)(=O)),115.0167756734736,118.009346
C(O)C(=O)C1OC1(O)C(O)(N(=O)(=O))C(OO)C(=O)(OON(=O)(=O)),139.74737558369816,131.85872
C(=O)(O)C(OO)C(O)C(C)(C(=O)(O))OOC(=O),154.928106653766,158.08621
C(=O)(O)C(ON(=O)(=O))C(=O)C(C(O))C(O)(C)C(OO),159.61066836044483,161.05179
C(=O)(O)C(=O)C(ON(=O)(=O))C1(C(O))OC1C(=O)(OO),135.41056591086817,150.63329
C(=O)(O)C(O)C(=O)C1OOC(=O)C1(O)C(=O)(OON(=O)(=O)),115.00721202549175,112.22496
C(=O)(OON(=O)(=O))C=C(C(O))C(=O)OC(=O)C(=O),97.96412458158011,100.431816
CC(=O)C(OO)CC(=O)C(C)(C)C(=O)C(ON(=O)(=O)),104.47275181746954,109.49591
C(ON(=O)(=O))C12C(OO)=CC(OO)C(C1(=O))OO2,116.23258295508276,114.12383
CC(OO)(C)C(ON(=O)(=O))(C)CC(=O)C(=O)(O),119.57192573844077,123.03132
C(=O)(OO)C1(OO)OC1C(ON(=O)(=O))(C(=O)(O))C(=O),122.37345087291033,125.87832
C(=O)(O)C(C(OO))(C)C(ON(=O)(=O))(C)C(=O)(OON(=O)(=O)),113.38518492747971,112.86876
C(=O)C(=O)C1(OO)OC1(ON(=O)(=O)),74.67594719849876,72.72495
C1(=O)C(OO)(C)OOC1C(=O)C(=O)(OON(=O)(=O)),87.60759247911483,75.603455
C(=O)(OO)C1OC1(O)C(=O)C(=O),91.96635640341992,85.06896
CC(OO)(C)C(C(O))C(O)C(=O)C,112.66935888782609,117.03012
C(=O)(OO)C(OO)C(O)(C(=O)(N(=O)(=O)))OOC(=O),111.94692509775632,112.589935
C(=O)(O)C(=O)OOC(N(=O)(=O))(C(=O)(O))C(=O)(O),128.3286105484367,129.82562
C(=O)(N(=O)(=O))C(=O)OC(OO)(C)C(O)C(OO)C(=O)(O),137.19479148378014,134.22444
CC(=O)C(=O)C(C)(C)C(C(ON(=O)(=O)))C(ON(=O)(=O))C(=O)(OO),102.49983803429495,99.12126
CC(=O)CC(=O)CC(ON(=O)(=O))C(O)CC(OO)C,136.68091033808014,133.59846
C(=O)(O)C=C(OO)C1(O)OC1(N(=O)(=O))C(=O),133.23117921178346,106.907684
C(=O)(O)C1OC1(ON(=O)(=O))C(OO),98.08040308484487,95.11345
C(=O)C(=O)OOC(C)(C(=O))C(=O)C(=O),77.85257529566297,68.358986
C(=O)(OON(=O)(=O))C(O)C(=O)OOC(ON(=O)(=O))(C(=O))C(=O)C(OO),111.75096549609589,121.50361
C(=O)(OO)C1(O)C(O)(C(O)(N(=O)(=O))C(=O))OOC1C(=O),134.3357679997789,124.12551
CC(=O)C(O)C(ON(=O)(=O))C1CC(OO)C1(C)C,109.7727337982069,115.91512
C1(OO)OC1(N(=O)(=O))C(O)C(=O)(OO),104.307979668818,108.117615
C1(O)(N(=O)(=O))C2(OO)OOC1(O)C=CC2(OO),131.57258252801694,122.5415
C(=O)(O)C(C(OO))C(=O)C(=O)C(O)C(=O)(OON(=O)(=O)),127.57641711411998,127.97174
CC1(C)C(ON(=O)(=O))(C(=O)(O))C(OO)C1C(ON(=O)(=O)),118.14283852188964,121.57763
C(=O)(OO)C(OO)C(O)C1(C(=O)(OON(=O)(=O)))OC1(ON(=O)(=O))C(=O),126.48735296765517,133.45813
C(=O)(O)C=CC(C(=O)(O))(C(ON(=O)(=O)))OOC(=O),134.28319495308824,132.9354
C(=O)(N(=O)(=O))C(O)(OO)C(=O)C(=O),72.48642577957071,69.1752
C1(O)C(ON(=O)(=O))C(C(=O)(O))OOC(=O)C1(=O),115.5876189207047,113.70526
C(O)C(=O)C(OO)(C(ON(=O)(=O))C(=O))OOC(=O),106.4761674065594,122.52689
C(=O)(O)C(C(=O)(OO))C1(O)OC1C(=O),118.97161403497739,126.89988
CC(=O)C(O)(N(=O)(=O))C1(O)OOC(O)(C1(O))C(=O)(OON(=O)(=O)),115.90715214259399,119.74123
CC(OO)(C(=O)(OO))C1OC1(O)C(=O)(OO),126.6317682810477,126.75633
C(=O)(OON(=O)(=O))C(OO)C(OO)C(C)(C(ON(=O)(=O)))C(C(=O))C(=O)C,126.81932601269364,135.4562
C(=O)(OO)C1OC1(C(ON(=O)(=O)))CC(=O),90.93808836611424,89.85831
CC(C(=O)(OON(=O)(=O)))=C(OO)C(O)OC(=O)C(=O),110.6076936712343,109.22642
CC(=O)C(OO)C(O)(C)C(C(OO))C(=O),123.93257592699229,132.62029
C1(=O)CC(ON(=O)(=O))CC(ON(=O)(=O))C1(OO)C(O),109.64579265267093,117.28183
C(=O)(OON(=O)(=O))C(O)(ON(=O)(=O))C(O)(C)C(=O),93.30996402663732,91.529686
C1(OO)C(ON(=O)(=O))C(OO)C(=O)OOC1(O)C(=O)C,125.12418525722751,137.5208
CC(=O)C1CC(C(OO))C1(C(OO))C(=O),127.16643236181699,121.229515
C(=O)(O)CC(C(O))C(O)(C)C(ON(=O)(=O)),125.34478185935586,132.83937
CC(=O)C1OOC(O)(C1(=O))C(O)(N(=O)(=O))C(=O)(OON(=O)(=O)),103.78655299475213,112.4973
C(=O)(N(=O)(=O))C(=O)OC(=O)C(C(O))=C(N(=O)(=O))C(=O)(O),123.53461794544273,120.51087
CC(=O)C(ON(=O)(=O))CC(=O)C(=O)C(OO)C(ON(=O)(=O))(C)C,111.50726352127822,116.34453
C(OO)C(ON(=O)(=O))C(=O)CCC(=O),99.46187016455951,99.23427
CC1(C(=O)(N(=O)(=O)))OC1(OO)C(=O),79.89571412048826,72.54726
C1(ON(=O)(=O))OC1C(O)(C)C(=O)(O),94.78252685787447,91.974236
CC(=O)C(ON(=O)(=O))C(OO)C(C(=O)C)CC(=O),115.0136582413179,111.490295
C(OO)C(=O)C(OO)C(=O)C(=O)(OO),117.3345369076269,100.217384
C1(OO)OC1C(O)C(=O)C(=O)C(=O)(OON(=O)(=O)),94.63047111052583,93.64194
CC(ON(=O)(=O))CC(O)CC(OO)C(OO)CCC,144.66115161737252,140.68404
CC(O)(C(=O)(O))C(=O)OC(=O)C(=O),97.47082484284329,93.641685
CC(=O)C(=O)CC(ON(=O)(=O))C(=O)CC(=O)(OO),108.14910589521605,99.27536
C(=O)C1(N(=O)(=O))OC1(O)C(=O),69.13456309903268,51.37425
C(ON(=O)(=O))C(OO)CC(C(=O)C)C(=O)C(OO),124.06277955811674,129.03201
C1(O)(OO)C(O)(C(=O))OOC1(C(OO))C(ON(=O)(=O))C(=O),148.39422902090155,151.76482
C(=O)(OO)C(O)C(ON(=O)(=O))C(=O)C(O)C(=O),123.6664778874765,115.45735
C(O)C(OO)CC(=O)C(C)C(=O)(OO),116.78386275444791,132.99886
CC(ON(=O)(=O))(C)C(OO)CC(=O)C(C)C(=O)(OON(=O)(=O)),103.05091655520664,105.79742
C(ON(=O)(=O))C1CC(OO)(C(=O)C)OOC1(C)C(=O)(OON(=O)(=O)),112.29364778529998,109.83272
C(ON(=O)(=O))C12OC1(O)C=CC(=O)C2(O)(O),107.9822197277972,94.35317
C(=O)(O)C(OO)OOC(ON(=O)(=O))C(=O),110.00225685910846,105.5973
C1(=O)C(O)(O)C(=O)OC(=O)C(ON(=O)(=O))C1(ON(=O)(=O))C,98.47296512084722,95.62967
C(=O)(OON(=O)(=O))C(=O)C(C(=O)(O))OOC(=O)C(=O),102.45017561088753,103.0946
C(=O)(O)C(=O)C1OOC(C1(=O))C(=O),97.83609208775306,89.43768
C1(=O)C(O)(C(=O)(O))OOC1C(OO)C(=O)C(=O),130.0292250618295,127.43619
C(=O)(OO)C1(N(=O)(=O))OC1(O)C(O)C(=O),108.84504400422156,139.76979
C(=O)(OO)C(=O)C1OC1(OO)C(ON(=O)(=O))C(=O),107.50222978139936,122.146355
C1(O)C(OO)(C(=O)(O))OOC1C(=O)(O),146.90605227838387,143.22267
CC(ON(=O)(=O))(C(=O))C(ON(=O)(=O))C(C)(C)C(=O),83.68118703064101,78.277534
CC(=O)OOC(OO)(C(=O))C(OO)C(=O),101.8623904862543,112.81796
C1(OO)OC1C(O)(C(ON(=O)(=O)))C(=O)C(=O),98.75541227056237,96.704666
CC(=O)C(O)C(=O)C(OO)(C(=O))C(O)(C)C,125.75334622308583,105.66282
CC(O)(C(=O)(OO))C(O)(C(=O)(OON(=O)(=O)))OOC(=O),114.03612674136821,117.66069
C(=O)(O)C(O)C(C(=O)C(=O)(O))OOC(=O),134.68241408572794,140.41617
C(=O)(O)C(C(=O)(O))C(=O),96.1832760864636,95.30679
CC(O)CCC(OO)C(=O)CC(=O)C(OO)C,153.9670852134659,150.31322
C1(O)(O)C(=O)OOC1(N(=O)(=O))C(O)C(ON(=O)(=O))(C)C(=O)(O),132.47601619779743,122.45723
C1(O)(N(=O)(=O))C(=O)OOC1(OO)C=CC(=O)(O),121.49084375425446,116.26851
C(ON(=O)(=O))C(=O)C(C(O)(C)C(OO))CC(=O)(OON(=O)(=O)),119.68326587435877,120.56782
C(=O)CC(=O)C(OO)(C(=O)(O))OC(=O),106.14460192477418,117.03046
C1(=O)C(C(ON(=O)(=O)))OOC1(C(ON(=O)(=O)))C(=O)(OO),97.07684252657054,103.38191
C(=O)(OON(=O)(=O))C1(O)OC1(OO)C(C)C(=O),100.52274358383875,102.53436
CC(=O)C1C(OO)C(C)C1(C)C(ON(=O)(=O)),95.8658397401814,95.07508
CC(=O)OOC(=O)C(N(=O)(=O))C(=O)(OO),90.95006299589295,79.64507
C(=O)(O)C1(O)C(OO)(C(=O)C(=O))OOC1C(=O),126.4662528874469,133.25124
CC(ON(=O)(=O))(C)OOC(C(ON(=O)(=O))(C)C(=O))CC(=O)C(=O),95.91235322466673,96.558014
CC(=O)C(C(=O)(O))C(C)(C)C(ON(=O)(=O))CC(=O),113.19239267273952,116.35478
C1(=O)C(=O)OOC1C=CC(=O)(OO),95.10313747902546,102.66649
C1(ON(=O)(=O))CC(ON(=O)(=O))OOC1(C)C,77.87583695459762,73.88178
CC(OO)(C(ON(=O)(=O)))C(C(OO))C(=O)C(=O)C(=O)C,128.30848035986128,119.28877
C(O)CC(=O)C(OO)C(=O)CC(OO),136.56374021259398,142.00731
C1(O)(O)C(OO)(C(=O)(O))OOC1(C(ON(=O)(=O)))C(=O),138.3469678745605,133.25818
C(=O)(OO)C(ON(=O)(=O))C(OO)(C(ON(=O)(=O)))C(O)C(=O)C(=O),122.65851514060341,114.41248
C(=O)(O)C(OO)C1(C(=O)(OO))OC1C(=O),126.33367455732514,128.87611
C(OO)C(=O)OOC(C(=O))C(=O)C(=O)(OO),116.15863685695513,114.63214
CC(C(=O)(OON(=O)(=O)))=C(OO)C1OC1(OO)C(=O)(OON(=O)(=O)),103.19008434539137,106.362885
C(O)C1(C(=O)(OON(=O)(=O)))OOC(C1(=O))C(ON(=O)(=O))C(=O),100.32245376444916,107.12793
C(=O)C(O)C(OO)(C(=O)(OON(=O)(=O)))OOC(=O),98.334474247873,88.079765
CC(ON(=O)(=O))C(ON(=O)(=O))CC(=O)C(OO)C(=O)CC(=O)C,127.19409882261971,129.32753
C(=O)C(OO)C(C)(C)C(=O)C(=O),86.23710491948441,78.043274
CC(=O)C(=O)C(O)(N(=O)(=O))C1OC1C(=O)(O),115.88315266906284,108.42748
C2(=O)CC(=O)C(C1(O))OOC12C(=O),90.30647593642789,97.33913
CC(=O)C(O)C(ON(=O)(=O))C(O)C(O)(C)C,114.34082829672843,118.273476
C(=O)(OO)C(OO)=C(OO)C(=O),113.22779176212498,108.33945
C(=O)(OON(=O)(=O))C(O)(O)C1(O)OC1(OO)C(O)(C)C(=O),132.7105023964541,146.4792
CC(OO)(C(=O))C(=O)C(O)C(=O)C(=O),97.44491986212961,91.034386
C(=O)(OO)C(OO)C1(OO)OC1(C(O))C(=O),142.59359491153737,140.2909
C(=O)(O)C1OOC(OO)(C1(O))C(ON(=O)(=O))C(=O),134.5084145291985,137.47745
CC(=O)C1OC1(ON(=O)(=O))C(ON(=O)(=O))C(O)C(=O)(OO),106.41984131978825,109.561386
C(=O)(O)C1OOC(O)(C1(O)(N(=O)(=O)))C(N(=O)(=O))(OO)C(=O),131.08260437948775,127.30711
CC(=O)C(OO)C(C)(C)C(ON(=O)(=O))CC(=O),103.85407908440538,105.499725
C(=O)C(OO)C(ON(=O)(=O))OOC(C(=O)(O))(C(=O))C(=O),133.79977600600978,128.18672
C(=O)(N(=O)(=O))C1OC1C(=O)C(C)C(=O)(OO),97.75215001514152,98.70642
C1C(OO)C(C)C(=O)CC1(OO)C(OO)(C)C,131.133948535753,137.74553
CC(ON(=O)(=O))(C(=O)(OO))C(=O)C(=O)C(=O)(OON(=O)(=O)),84.11349559494556,85.538864
C(=O)(O)CCC(=O)C(OO)CC(=O)CC(ON(=O)(=O)),144.1275387811329,146.24406
C(=O)(N(=O)(=O))C1(O)OC1C(OO)(C(OO))C(=O),125.05567560783675,123.54298
CC(ON(=O)(=O))CC(O)C(=O)CC(=O)(OO),120.74850558917387,106.557816
C(OO)C(=O)C(C(=O)(O))C(C)(C)C(ON(=O)(=O))CC(=O)(OON(=O)(=O)),129.51922714382818,141.82903
C(=O)(O)C(O)C(OO)(C)C1OC1(OO)C(=O),138.2768325371435,145.161
C(=O)(OON(=O)(=O))CCC(=O)CCC(=O)C(OO)C(=O),118.43185033465852,123.99665
C(=O)(N(=O)(=O))C1(O)OC1C(OO)C(O)(C(OO))C(=O),145.53308140187437,143.19476
CC(OO)CCCC(=O)CC(ON(=O)(=O))C(O),129.04396651556453,129.89568
C(O)C(=O)CC(C(ON(=O)(=O))(C)C)C(=O)C(ON(=O)(=O)),111.74050783702114,120.63962
C(=O)(OO)C(ON(=O)(=O))C(=O)C1OC1C(=O)(OO),121.02846426465112,122.625465
CC(OO)(C)C(C(ON(=O)(=O)))C(=O)C(=O)CC(=O)(O),136.53527637540537,131.52835
C(=O)C(ON(=O)(=O))C(C(O))(C(=O)(OO))OOC(=O)C(=O),115.70859521665261,102.72908
CC(=O)C(=O)C(C)(C)C(C(OO))C(=O)C(=O),94.19205526080623,100.69884
C(=O)(OON(=O)(=O))C(O)(C(=O))OOC(=O)C(=O),85.93594167412812,84.798386
CC(ON(=O)(=O))(C(=O)(OON(=O)(=O)))C(O)(C(=O)(O))OOC(=O)C(=O),124.25115281595936,122.01519
CC(ON(=O)(=O))(C(OO))C(C(O))C(ON(=O)(=O))(C)C(=O)C(=O),130.21105381675443,132.04733
CC(=O)C(O)CC1CC(ON(=O)(=O))OOC1(C)C,106.27585219541652,116.55595
C(=O)(O)C(O)C(O)C(OO)(C)OC(=O)C(=O)(O),170.93287950508966,165.52335
C1(ON(=O)(=O))C=CC(O)(C2(O)(OO))OOC12(O),127.3536305256348,121.721176
C(=O)(O)C(=O)C(O)(O)C(=O)C(=O)(OO),120.28033572711138,143.77354
CC(=O)C(OO)(C(O))C(O)(C)C(ON(=O)(=O)),128.40931354882923,119.91779
CC(OO)(C(=O)(O))C(ON(=O)(=O))(OO)C(=O)OOC(=O),124.13730663822935,132.81526
C1(=O)C(=O)OOC1(C(=O)(OON(=O)(=O)))C(=O)C(=O),63.5874516603144,68.704834
C(=O)(OO)C(=O)OOC(ON(=O)(=O))(C)C(=O)C(=O)(OO),110.71354525646893,115.37958
CC(ON(=O)(=O))(C)C1C(OO)C(=O)C(O)(C(=O)(OON(=O)(=O)))C(=O)C1,120.75737630242656,107.944855
CC(=O)C(C(=O)(O))C(C)(C)C(=O)(OO),101.88462787705794,93.11413
CC(=O)C(=O)C(=O)C(O)C(O)(OO)C(=O)(OO),125.36631841350754,116.409676
CC(O)(C(=O)(O))C(=O)CC(C(=O)(OO))C(OO)(C)C,154.0462538259526,151.904
C(O)C1(C(=O))OOC(O)(C1(=O))C(ON(=O)(=O))C(=O),118.00824924355402,120.91798
C(O)C12C=CC(=O)C(O)(C1(=O))OO2,102.7974678476894,109.85661
C(=O)(OON(=O)(=O))C(O)C(C1(O))OOC1(C(ON(=O)(=O)))C(=O),117.42628049190535,120.797516
C(=O)(OON(=O)(=O))C(O)(O)C1OC1C(O)(C)C(=O),113.14980290684616,113.80028
C(=O)(O)C1OC1(OO)C=C(C(O))C(=O)(OO),151.5531541701639,129.71045
C1(O)(O)C(OO)OOC1C(ON(=O)(=O))C(=O)C(OO),135.3956566339548,150.60559
C(=O)(O)C=C(OO)C1OC1C(=O)C(=O),124.85282840629952,112.482864
C1(O)(OO)C(C(=O)(OON(=O)(=O)))OOC1(C(OO))C(=O),127.4739946200134,138.22919
C(=O)C(=O)C(=O)C(O)(ON(=O)(=O))C(=O),70.1438148973175,62.884014
C1(OO)C(=O)CC(C2(O)(OO))OOC12,114.6502308718118,126.143166
C(=O)(O)C(O)OOC(ON(=O)(=O))C(=O),107.55617507582065,96.782364
CCC(OO)CC(=O)CCC(=O)(OON(=O)(=O)),94.58003031721455,98.2676
C(=O)(N(=O)(=O))C1OC1(O)C=CC(=O)(OO),107.37605220190017,114.96611
C1(=O)C(ON(=O)(=O))(C)C(=O)C(=O)OOC1C(=O)(OO),99.8267495889886,93.84557
C1(=O)C(C(=O)(OO))OOC1(C(O))C(=O)(OON(=O)(=O)),109.68032004400447,111.80196
C12OOC(C2(=O))C(O)C(=O)C1(OO)C,100.15898679605016,101.15272
CC1(C)C(OO)(C(O)(C)C(=O)(OO))CC1C(=O)(OO),127.9435837660858,146.5338
CC(=O)C=CC(=O)OC(N(=O)(=O))(OO)C(=O)(O),122.49114091967931,130.8431
C1(O)(O)C(OO)(C)OOC1(O)C(=O)(O),146.40320204780437,114.26738
C(=O)(O)C(=O)C(=O)OOC(C(=O))C(OO)C(=O),121.41161008476774,124.276596
C(=O)(OO)C(OO)C(ON(=O)(=O))C1OC1(C(ON(=O)(=O)))C(=O),119.97933058574563,117.571236
C(=O)(O)CC1(C(=O)(OO))OC1C(=O)(OO),127.50829247033107,132.00494
C(OO)C1OOC(O)(C(=O))C1(O)C(ON(=O)(=O)),120.00698849810578,115.90274
C(=O)(O)C=CC(=O)(OON(=O)(=O)),73.17066832508863,70.35321
C(=O)(O)C1(C(ON(=O)(=O)))OC1C(OO)C(=O)C(=O),117.99373483889212,121.871635
C(=O)(OON(=O)(=O))C(O)C(OO)(C1(O)(N(=O)(=O)))OOC1(C)C(=O),122.41819030411716,123.54294
C(=O)(OO)C(OO)C(=O)C(=O)C(ON(=O)(=O))(C)C(=O)(OON(=O)(=O)),104.72589273800259,100.0035
C(=O)(O)C(O)(C(=O)(OON(=O)(=O)))C(=O),85.62607014823152,84.798004
C(=O)(OON(=O)(=O))C(=O)C(=O)C(=O)C(N(=O)(=O))C(=O)C,72.01928824785136,78.84275
C(ON(=O)(=O))C(OO)C(C)(C)C(ON(=O)(=O))(C(=O)(OO))C(=O),119.29126979945431,113.99773
C1(O)(O)C(C(=O)(O))OOC1(C)C(OO)C(=O),137.43353132851917,155.59296
CC(C)(C(=O)(OO))C(C(=O))C(ON(=O)(=O))C(=O)C(=O)C,101.28223423037707,100.803314
C(=O)(O)C(ON(=O)(=O))C(ON(=O)(=O))(C)C1OC1C(=O),104.69286964521598,104.25319
C(=O)(OON(=O)(=O))C(ON(=O)(=O))OOC(C(=O)(O))(C(=O))C(O)C(=O),125.50642996873648,128.12764
C(=O)(O)CC(=O)C1(N(=O)(=O))OC1(C(ON(=O)(=O)))C(=O)(OO),114.94345412576513,121.9154
C(O)C(C(=O)(OO))=CC(=O),93.68035290508124,92.388954
C(=O)(OON(=O)(=O))C(=O)C1OC1C(OO)C(O)C(=O),110.5298493244627,121.893814
C(=O)(OO)C(N(=O)(=O))=C(OO)C1(C)OC1(ON(=O)(=O))C(=O),120.48841823606926,123.22821
C(OO)OOC(=O)C(=O)C(=O)(OON(=O)(=O)),73.5700961937473,75.09067
C(=O)(O)C=C(OO)C1(OO)OC1C(=O),132.85526656161528,128.99724
CC1(C(ON(=O)(=O)))C(OO)CC1C(OO),102.50636307807144,104.28674
CC(OO)(C(=O)(OO))C(OO)C(O)C(=O)C(=O),133.19343957526144,147.84273
C(O)C(OO)C(ON(=O)(=O))(C(O))C(=O)C(=O)C(ON(=O)(=O)),136.91794976524397,133.3432
CC(ON(=O)(=O))CCC(=O)C(ON(=O)(=O))C(=O)C(OO),112.98347036059567,110.75249
C(=O)(O)C=CC1(OO)OC1(O)C(=O)(OO),143.92871606647532,145.6476
C(=O)(O)C(ON(=O)(=O))C(OO)C1OC1(OO)C(=O)(O),147.09221172614343,150.94336
C1(=O)OC1(C)C(O)C(ON(=O)(=O))C(=O)(O),114.38464627636131,106.86568
CC(O)(C(=O)(OO))C1CC(C(=O))C1(ON(=O)(=O))C,111.88582321911235,115.32865
C(=O)C(=O)C(O)(O)C(=O)C(ON(=O)(=O))(C(=O)(O))C,125.02787063612777,94.930145
C(=O)(O)C(OO)C(C)(C)C(C(=O))C(=O)C(ON(=O)(=O)),127.52459512406494,129.38803
C(=O)(N(=O)(=O))C(=O)C(OO)OC(=O)C(OO),97.88764192499366,91.738884
C(=O)(OO)C(N(=O)(=O))=C(C(OO))C(=O),94.06042840536247,87.3246
C1(OO)OC1C(C(=O)(O))=C(N(=O)(=O))C(=O)(O),119.01163253271807,127.65468
CC(ON(=O)(=O))C(=O)CC(=O)CC(=O)CCC(=O)(OO),118.41845082195505,115.01912
C12CC(C1(C)C)C(OO)C(=O)C2(OO)C,101.44318732050306,100.15199
C(=O)(O)C(OO)(C(ON(=O)(=O)))OC(=O),95.19442224880186,101.28037
CCCC(ON(=O)(=O))CC(ON(=O)(=O))C(=O)(OO),100.00418592491769,83.62565
C(=O)(O)C1(OO)OC1C(C(=O)(OO))=CC(=O)(O),146.85749249564833,168.02463
C(=O)(O)C(O)C(OO)C(=O)C(=O)(OON(=O)(=O)),111.24490729143872,111.80803
C1(O)(N(=O)(=O))C(=O)OOC1(O)C(=O)CC(=O),93.27664817244658,93.9477
C(=O)(OON(=O)(=O))C(O)(O)C(=O)OC(=O)C(ON(=O)(=O))(C)C(=O),105.87820650800859,92.88668
C1(=O)C(N(=O)(=O))(OO)C(OO)(C)C(=O)OOC1C(=O)(OON(=O)(=O)),104.56076111958828,112.7852
C(O)C(=O)C(OO)(C(O))C(O)(C)C(OO),164.02979200814298,152.92892
C1(=O)C(OO)C(=O)C(ON(=O)(=O))(C)OOC1(N(=O)(=O))C(=O)(O),120.93127768149134,112.06237
CC(=O)CC(ON(=O)(=O))C(=O)C(ON(=O)(=O))CCC(O),111.84667148550216,116.34855
C(=O)(O)C(OO)C(OO)(C)OC(=O),116.92233405805018,110.026985
C(=O)C(ON(=O)(=O))C(OO)(C1(O)(OO))OOC1C(=O),117.52958069500164,124.114426
CC(=O)C(=O)CC(OO)C(C(OO))(C)C(=O)(OON(=O)(=O)),125.65914772172255,126.10111
C(=O)OC(=O)C(=O)C(O)C,74.22333806570532,71.95363
C(=O)(OON(=O)(=O))C(=O)OOC(ON(=O)(=O))(C(=O))C(=O)C,74.75255245500011,84.72667
CC(OO)CCC(OO)C(=O),105.33149413142382,98.331825
C2(O)(O)C(=O)C(=O)C(=O)C1OC12C(ON(=O)(=O)),106.40278327134729,99.972534
CC1(C)C(ON(=O)(=O))C(ON(=O)(=O))C(=O)C(O)(C1(=O))C(OO),114.63054788189038,117.33317
CC(=O)CC(ON(=O)(=O))CC(OO)C(=O)C,102.35748005872301,101.56191
CCC(ON(=O)(=O))CC(ON(=O)(=O))C(O)C(OO)CCC,114.13767282707704,111.2685
C(=O)(O)C1(C(OO))OOC(N(=O)(=O))(C1(O)(O))C(O)C(=O),165.71160588580096,173.93335
CC(C(=O)(O))(C(=O)(O))C(C(O))C(=O),134.21792226911202,129.36551
CC(OO)(C)C(=O)C(OO)C(=O)C(C)C(=O)(OON(=O)(=O)),107.76092557317315,105.20752
CC(=O)C(OO)(C(O))CC(=O)C(ON(=O)(=O)),105.42462105060986,121.59223
C(=O)(OO)CC(ON(=O)(=O))(C(O))C(C(OO))(C)C(=O)(OON(=O)(=O)),134.3296784204722,124.99303
CC(OO)(C)C(OO)(C)CC(=O)C(OO),121.54313181554608,128.39705
CC(OO)CCC(=O)CC(ON(=O)(=O)),101.82185666770965,94.36715
CCCCC(ON(=O)(=O))CC(OO)CCC(ON(=O)(=O)),102.75507531617768,106.701706
CC(=O)CC(O)CCC(ON(=O)(=O))CC(=O)C,108.2319283787001,111.99095
C(=O)(O)C(O)(N(=O)(=O))C(ON(=O)(=O))(C(OO))C(=O),123.0387587748919,117.17966
C(=O)(OO)C(O)C(OO)C1(C(=O))OC1(ON(=O)(=O)),121.411468077662,107.84578
CC(=O)C1(O)OC1C(ON(=O)(=O))C(=O),86.65882294416951,85.964714
C(=O)(OON(=O)(=O))C(O)(O)C1(OO)OC1C(O)C(=O),131.38475415044377,131.74922
C(O)C(=O)OOC(O)(C(=O)(O))C(O)(N(=O)(=O))C(=O),155.85555800340808,143.47827
C1(=O)C(=O)OOC1(O)C(N(=O)(=O))=CC(=O),97.01215345891251,94.580154
C(=O)(OON(=O)(=O))CC(ON(=O)(=O))C(C)(C)C(C(=O))C(=O)C(OO),111.90900354224141,118.9733
CC(=O)C(OO)C(O)C1OC1(O)C(=O)(O),142.39044056407874,156.48465
C(ON(=O)(=O))C(=O)OC(=O)C(O)(O)C(=O),95.67226474190102,88.03391
C(=O)(O)C(ON(=O)(=O))CC(ON(=O)(=O))(C(OO))C(=O)C,119.63483205404191,124.952484
C(=O)C(=O)OC(OO)C(OO)(C(ON(=O)(=O)))C(O)C(=O),133.41307422323734,147.13667
C(=O)(OON(=O)(=O))C1OC1(OO)C(O)C(OO)(C)C(=O),120.39463872354827,122.48509
CCCC(=O)CC(ON(=O)(=O))C(O)CCC(OO),121.56299643564853,128.32312
C(ON(=O)(=O))C(=O)C(C(OO))OOC(=O),93.32494538836181,100.671646
CC(=O)C(OO)C(O)(C)C(C(=O))C(ON(=O)(=O))C(=O)(OON(=O)(=O)),115.51605076556007,130.81071
C(=O)(N(=O)(=O))C(=O)C1(C)OOC(C1(=O))C(=O),72.6849480758683,67.11806
CC(OO)CCC(=O)C(OO)C(ON(=O)(=O)),127.71413273790677,114.382774
C(OO)C(=O)OOC(C(=O))C(O)C(=O),110.97385780638433,116.63883
C1(OO)C(=O)C(OO)C1(C)C(OO),124.77074124134379,110.62028
C(=O)(O)C(OO)C(C)(C)C(ON(=O)(=O))C(ON(=O)(=O))(C)C(=O),122.94541200163076,120.94973
C(=O)(O)C(ON(=O)(=O))(C(=O)(OO))C(=O)C(=O)C(=O),102.41208255862148,104.113235
C(OO)C(C(=O)(OO))C(ON(=O)(=O))OC(=O),104.69811013728031,96.299904
CC(=O)C(OO)C(C)(C(ON(=O)(=O)))C(=O)CC(=O)(O),134.06405012991308,135.26454
C(=O)(OON(=O)(=O))CC(OO)(C(=O))OC(=O),86.27434049868316,84.82227
C(=O)(OO)C(O)C(OO)C1(O)OC1C(=O),138.63654429610324,152.70001
C(=O)(OON(=O)(=O))C(N(=O)(=O))=C(OO)C1(O)OC1C(=O),115.93602086920146,122.094604
CC(ON(=O)(=O))(C(=O)(O))C(ON(=O)(=O))(C(=O))C(OO)(C)C,124.90537922640942,118.38486
C(O)(N(=O)(=O))C(=O)C(=O)OC(OO)(C(O))C(=O),122.56973957965965,116.43444
C(=O)(O)C1(OO)OC1(C)C(O)C(ON(=O)(=O))C(=O)(OON(=O)(=O)),126.2782292612028,136.2215
C(=O)(O)C(=O)C(ON(=O)(=O))C(C(OO)(C)C)C(=O)C(OO),144.96517671442416,151.43364
C(=O)(O)C(OO)C(O)C1OC1(C)C(=O)(OON(=O)(=O)),126.74558095123939,125.053734
C1(=O)OC1(N(=O)(=O))C(O)C(=O)C,65.29392394697061,78.158
C(=O)(OON(=O)(=O))C(O)(OO)C(=O)C(O)(C)C(=O),108.74299487430108,117.075516
C1(=O)C(ON(=O)(=O))C(O)C(=O)OOC1(C)C(=O)(OO),111.63305587640934,112.55939
C(=O)C(ON(=O)(=O))C(O)C1(ON(=O)(=O))OC1(OO)C(=O),106.74964681460551,105.795204
CC(=O)CC(ON(=O)(=O))CCC(OO),102.07554382693343,94.02883
CC(=O)C(=O)CC(=O)C(ON(=O)(=O))CCC(OO)C,120.92344079408213,111.29181
C1(=O)C(ON(=O)(=O))C(OO)C(O)C(OO)C1(=O),124.92277840598399,129.15427
C(OO)C(ON(=O)(=O))(C(=O))OOC(=O),80.80596504342247,83.233864
C1(O)(N(=O)(=O))C(O)(C(=O))OOC1(C)C(=O)C(=O),104.78718257119908,97.66749
C(=O)(OO)C(O)(O)C1(ON(=O)(=O))OC1C(O)(C(ON(=O)(=O)))C(=O),134.9336346964119,137.41223
C(O)C1(O)C(=O)OOC1C(=O)(OO),114.65990370386862,96.97031
C(=O)(O)C(O)(ON(=O)(=O))C(=O)(OON(=O)(=O)),80.17493268704857,81.57934
CC(ON(=O)(=O))CC(OO)CCCCCC(ON(=O)(=O)),105.41567668447533,114.917114
C(=O)(OON(=O)(=O))C(=O)C1(C)OOC(O)(C1(=O))C(=O),94.66730578158604,81.73787
CC(OO)(C)C(ON(=O)(=O))CC(=O)C(O)(C)C(=O),122.81289400532842,102.052444
CC(=O)C(OO)OC(=O)C(ON(=O)(=O))C(=O)C(=O)(O),118.51326451460045,115.07674
CC(=O)OOC(=O)C=CC(=O),68.81205322948517,65.60395
CC(=O)C1(OO)OC1C(=O)C(=O)C(=O)(O),111.54700810134091,105.36693
C(ON(=O)(=O))C(OO)(C(=O))OC(=O)C(=O)CC(=O),93.02932357903046,108.63865
C1(OO)OC1(OO)C(=O)C(O)C(=O)(OO),125.97237333410885,134.02444
CC(=O)C(ON(=O)(=O))C(OO)OOC(O)(C(=O)(O))C(=O),135.93265173122927,133.25621
C1(O)(N(=O)(=O))C(=O)OOC1CC(=O)C(=O)(OO),111.81049039083882,113.70133
C(OO)C(=O)C(O)C(ON(=O)(=O))C1(O)OC1(ON(=O)(=O))C(=O),129.6744293781303,144.58687
CC(=O)CC(=O)C(O)C(ON(=O)(=O))CCC(O)C,128.98981094307237,119.15814
C1(OO)OC1C(=O)C(O)C(=O)C(O),125.47828301371192,136.3071
CC(=O)C(O)C(C)(C)C(C(ON(=O)(=O)))C(=O)(OON(=O)(=O)),96.53889058797358,100.785904
C1(O)(O)COOC1(OO)C(=O)C(=O)C,109.1785749871633,110.40534
CC(OO)(C(=O)(O))C(O)C(O)C(ON(=O)(=O))C(=O),140.33918978154543,156.15102
C1(ON(=O)(=O))OC1(C)C(O)C(ON(=O)(=O))C(=O),85.68480746405112,92.562126
C(=O)(OON(=O)(=O))C1(O)C(=O)OOC1C(=O)C(O)C(=O),100.77989650677046,102.54306
C(=O)(O)C(O)C(=O)C(=O)C(OO),117.35703060297965,109.26261
C(OO)C(OO)(C(=O)(OON(=O)(=O)))C1OOC(C1(O))C(=O),132.36573585392034,137.08968
CC(C(=O)(OO))C(=O)C(N(=O)(=O))(OO)OC(=O)C(=O),100.56934725538304,104.013695
C(=O)(N(=O)(=O))C(=O)OC(=O)C(ON(=O)(=O))C(OO)(C)C(=O),95.5639263400517,92.26812
C(O)C(=O)C(=O)C(OO)OC(=O)C(=O)(OO),129.95644584551337,145.45149
C(=O)(O)C(=O)C(ON(=O)(=O))(C(O))C(ON(=O)(=O))OC(=O),112.40649450246565,107.997284
C(=O)(N(=O)(=O))C1OC1C(OO)C(O)(C(O))C(=O)(OO),131.63115720631322,137.5188
C(=O)(OO)C(OO)(C(=O))OC(=O)CC(=O)C(=O),114.28629749366519,110.332375
CC(OO)(C(=O)(OO))C(O)C(=O)C(ON(=O)(=O))C(=O),117.7978181417493,117.04368
CC(=O)CCC(O)CC(ON(=O)(=O))CC(=O)(OON(=O)(=O)),117.60126130655408,117.79554
C(=O)(O)C(N(=O)(=O))(OO)C(=O)C1(C)OC1C(=O),114.81306952183513,101.98814
CC1(C(=O))OOC(O)(C1(O)(OO))C(OO)C(=O),141.747370793375,152.979
C(=O)(OON(=O)(=O))C(=O)CC(OO)(C(ON(=O)(=O))(C)C)C(O)(C)C(=O),122.91806562885176,140.54805
C(ON(=O)(=O))CCCCCC(=O),70.813904822513,69.21273
CC(=O)C(ON(=O)(=O))C(O)C1(O)OC1(ON(=O)(=O))C(=O),112.04070103862614,113.86743
C(=O)(N(=O)(=O))C1OC1C(ON(=O)(=O))C(OO)(C(OO))C(=O)(OO),126.34715753572527,129.2649
CC(=O)C(O)(OO)C1OC1C(=O)(OON(=O)(=O)),98.10904245189158,91.83984
C(=O)(O)C(O)(C(ON(=O)(=O)))C(=O)(OO),102.50615675598237,108.40033
C(=O)(O)C1OC1C(ON(=O)(=O))(C(=O))C(O)C(=O)(OO),133.21721018648532,134.31108
C1(O)C(OO)OC(=O)C(O)(O)C(=O)C1(O)C,127.44826213995839,123.69222
CC(OO)C(ON(=O)(=O))CC(=O)C(OO)C(=O),122.94251479511877,125.34143
C(=O)(O)C(=O)OC(N(=O)(=O))(OO)C(=O),92.90959437487618,89.22585
C(=O)(O)C1(C(=O)(O))OOC(O)(C1(O)(N(=O)(=O)))C(=O)C(=O),134.49870002576063,155.32092
CC(OO)(C)C(C)C(O)(C)C(=O),89.87694504002138,91.929214
C(=O)(O)CC(ON(=O)(=O))CC(=O)CC(ON(=O)(=O)),122.68292444657709,119.33412
CC(=O)C(ON(=O)(=O))C1OOC(ON(=O)(=O))(C1(O)(O))C(=O)(OO),121.31075971310202,128.86774
C(=O)(N(=O)(=O))C1(OO)OC1(C(ON(=O)(=O)))CC(=O)(O),107.9842856413743,115.15238
CC(=O)C(OO)C(O)C(OO)OC(=O)C(=O)(OON(=O)(=O)),126.66122768221976,133.38283
C1(O)(O)C(C(=O))OOC1(C(ON(=O)(=O)))C(OO)C(=O),130.45615125636687,137.14249
CC(=O)OOC(=O)C(=O)C(O)(N(=O)(=O))C(=O)(OON(=O)(=O)),87.06672939003329,88.22165
C1(=O)C(=O)OOC1(OO)C(OO)(C)C(=O)(N(=O)(=O)),98.05730104862596,95.50072
C(OO)C(C(=O)(OON(=O)(=O)))C1OC1(OO)C(=O)(OON(=O)(=O)),101.76609689357429,104.366325
C(=O)(O)C1(C(=O)(OO))OC1(O)CC(=O),112.61212545307353,122.1984
C(=O)(OO)C1CC(ON(=O)(=O))(C1(C)C)CC(=O),107.61831183200411,107.72361
C(=O)(OO)C(=O)C(=O)C(=O)C(O)C(OO)C(=O),120.75015931308008,144.5556
CC(=O)C(OO)CC(ON(=O)(=O))C(C)(C)C(=O)C(=O)(OON(=O)(=O)),108.51124363678537,109.458206
CC(=O)C(=O)C(O)C1(OO)OC1C(=O)(OON(=O)(=O)),94.58957369570999,97.89334
C(O)C1(OO)OC1(O)C(=O)(O),121.93858915496821,126.62399
C(=O)C(OO)C(=O)OOC(=O)C(=O),82.59168286904605,81.88092
CC(ON(=O)(=O))(C(=O))C(C(=O)(O))C(C)(C)C(OO)C(=O),130.18072269547702,133.98064
C(=O)(OO)C1(O)OC1C(OO)(C)C(O)C(=O),136.55023449500004,127.42928
C(=O)(O)C(=O)CC(=O)C(OO)OC(=O)C(=O),117.82364086270536,119.11108
C1(=O)OC1C(O)(O)C(=O)C(OO)C(=O)(O),136.8621013664233,117.21966
C1(=O)CC(OO)C(O)(C)C(ON(=O)(=O))C1,109.24514059902867,107.279305
C(=O)(O)C(ON(=O)(=O))OOC(C(=O)(O))(C)C(=O)(OON(=O)(=O)),121.00606863785652,122.18757
C1(O)C2OOC1C(OO)C(=O)C2(OO),125.29661704386672,144.71619
CC(=O)C(ON(=O)(=O))C(C)(C(OO))C(OO)C(=O)(OO),129.1297817697705,142.9738
C(=O)(O)C(OO)C1(O)OC1(C)C(=O)(OO),139.11586769570567,108.9624
C(=O)(N(=O)(=O))OOC(C(=O)(O))C(=O)C(=O),87.41613205007161,90.8628
C(OO)C(=O)OOC(=O)C(ON(=O)(=O))C(OO)C(=O)(OON(=O)(=O)),106.12898267782293,105.32128
C(=O)(O)C(ON(=O)(=O))C(=O)C(O)(C(ON(=O)(=O)))C(=O),111.27595066987124,91.62684
CC(=O)C(O)CC1(ON(=O)(=O))CC(ON(=O)(=O))C1(C)C,108.76009484165115,107.50955
C(=O)(O)C1(O)OOC(OO)(C1(O))C(O)C(=O),151.5345460303506,167.68748
CC(ON(=O)(=O))C(C)(C)C(OO)(C(=O)(OON(=O)(=O)))C(=O)C,92.75233892138931,87.60585
C(=O)(O)C1OC1(O)C(C(=O))=CC(=O)(O),132.54165434031165,152.57584
CC(=O)C(C(ON(=O)(=O)))CC(=O),69.74194824043661,72.20266
C(=O)(O)C(O)C(ON(=O)(=O))OOC(=O)C(=O),109.80366277747089,108.159706
CC(=O)C(=O)CC(OO)(C(ON(=O)(=O)))C(ON(=O)(=O))(C)C(OO),130.04486863792408,129.73267
C(=O)(O)C(=O)C(ON(=O)(=O))(C(ON(=O)(=O)))OOC(=O)C(=O)(OO),121.06920031895424,120.27368
CC(OO)(C)C(C(OO)(C)C(=O))C(=O)C(=O),116.15253313921858,109.72862
C(ON(=O)(=O))CCC(=O)CC(=O)CC(=O)(OO),113.97190066836629,105.83499
C(=O)(N(=O)(=O))CC(=O)(OO),71.19639353302045,62.02169
C(=O)(O)CCC(=O)CC(=O)CC(=O)(OON(=O)(=O)),114.72321706960793,110.85018
C(=O)(O)CC(ON(=O)(=O))C(C)(C)C(C(=O))C(=O)C,110.89511242246226,115.34836
C(O)C(=O)C(=O)C(=O)C(=O)C(ON(=O)(=O))OC(=O),90.30662930395192,92.56665
CC(C)C(O)C(=O),59.46375032472133,60.63022
C1(O)(O)C(OO)(C(=O))OOC1(O)C(O)(N(=O)(=O))C(=O),119.99688997457997,137.41649
C(=O)CC(O)C(ON(=O)(=O))CC(=O),101.47197848746146,98.991936
C1(=O)C(N(=O)(=O))(C(=O)(O))OOC1C(O)C(=O)(OON(=O)(=O)),108.2833723025251,111.97614
C1(OO)OC1(N(=O)(=O))C(=O)C(C)C(=O)(O),98.65186875066138,103.87905
C(=O)(O)C(O)(OO)C(ON(=O)(=O))(C)C1OC1C(=O),134.93178384492785,129.6263
C(ON(=O)(=O))C1CC(C(=O)(OO))C1(ON(=O)(=O))C,104.9522715415369,99.22515
CC(=O)C1(N(=O)(=O))OC1(O)C(ON(=O)(=O))C(O)C(=O),110.67769758291979,105.0484
CCC(=O)CC(ON(=O)(=O))CCCC(OO)C,102.76183834425319,103.65751
C(=O)(OO)C(O)C(ON(=O)(=O))C1(C(O))OC1C(=O)(OO),141.21883887460717,131.35986
C(=O)(O)C(=O)C(=O)C(ON(=O)(=O))C(=O),82.89057398148725,84.85512
C(ON(=O)(=O))C1OOC(C(=O))C1(O)C,85.9381096400175,88.966736
C(=O)(O)C(N(=O)(=O))(C(=O)(O))OOC(=O)C(ON(=O)(=O))(C)C(=O),130.19546940590226,126.794365
C(=O)(N(=O)(=O))C(=O)OC(=O)C(=O)C(O)(C(OO))C(=O),97.85289947414276,84.18451
C(OO)C(=O)C(=O)C(OO)(C)C(=O),100.84378454173566,91.99135
CC(OO)(C)C(ON(=O)(=O))C(O)C(=O)(OON(=O)(=O)),97.87222684823791,89.6253
CC(ON(=O)(=O))C1CC(=O)C1(C)C(OO),96.03513830620795,91.84277
C(=O)CC(ON(=O)(=O))C(C)(C)C(ON(=O)(=O))C(=O),90.41136174048006,88.67712
C(=O)(OON(=O)(=O))CC(ON(=O)(=O))C(C)(C(OO))C(C)C(=O),114.27929691414465,116.953384
CC(=O)C(C(OO))CC(ON(=O)(=O))C(O)(C)C(=O)(OON(=O)(=O)),118.13548577870097,126.37872
C(=O)(OO)C(O)C(OO)C1OC1(ON(=O)(=O))C(=O)(OO),135.87090321957658,153.6769
C(=O)(OO)C(O)C(O)C(ON(=O)(=O))(C(=O)(OON(=O)(=O)))OC(=O),117.21328529506718,119.192245
C(=O)(N(=O)(=O))C1(O)OC1C(O)(C(=O))C(ON(=O)(=O))C(=O)(OO),120.95554862777499,118.522514
C(=O)(O)C(=O)C(O)(O)C(ON(=O)(=O))(C)C(=O)C(=O)(OON(=O)(=O)),115.74692115774815,106.003395
C(=O)(OON(=O)(=O))C(O)C(=O)C1OC1C(=O)C(=O),88.88417829121317,93.45801
CC(=O)C1(OO)OC1C(ON(=O)(=O))C(=O)(O),108.02314983749966,119.53483
C1(ON(=O)(=O))C(OO)C(OO)C(C)(C(=O)(O))OOC1(=O),131.89969088344515,137.72565
CC(OO)(C(=O)(O))OOC(ON(=O)(=O))(C(=O)(O))C(=O)(O),149.93890993913374,158.17595
C(=O)(O)C(=O)C(O)(C(=O))C(OO)OC(=O),114.92332041207555,124.85161
C(ON(=O)(=O))C(OO)(C(=O))C(=O)OOC(=O)C(=O),92.67153032822534,103.25614
C1(=O)C(=O)OOC1CC(=O)(O),90.21449673694588,90.45858
C(=O)(O)C(=O)C1OC1(C(OO))C(=O)(OO),133.20725175030384,116.44796
C1(O)C(=O)OOC1C(C(=O)(OO))=CC(=O)(O),133.5961707001552,127.671455
C1(O)C(OO)OOC1(O)C(ON(=O)(=O))(C(=O))C(=O),116.74629706592532,110.43199
CC(C)(C(ON(=O)(=O)))C(C(=O)(OON(=O)(=O)))C(=O)C,70.92033435633493,77.84759
C1(O)(N(=O)(=O))C(O)(C(=O)(OON(=O)(=O)))OOC1C(O)(C(=O)(OO))C(=O),135.16073611695174,108.335686
C1(OO)OC1C=CC(=O)(OO),98.99696257611504,103.05414
C(=O)(OO)C(C(=O)(OON(=O)(=O)))C(=O)(OON(=O)(=O)),73.73184736427356,68.2669
C(O)C(=O)C(=O)C(N(=O)(=O))C(=O),86.49561899097898,75.10531
C(=O)C(OO)=C(C(OO))C(=O)OC(=O),108.90218519994232,104.80987
C1(O)(O)C(=O)OOC1(O)C(O)C(=O)(OO),117.22233621034684,131.65541
CC(=O)C(=O)C(O)C1(ON(=O)(=O))CC(ON(=O)(=O))C1(C)C,102.17492394128931,89.939476
C(=O)(OO)C(OO)C(O)C1OC1(C(=O)(O))C(=O),150.00908615574735,163.86243
C1(=O)C(=O)OOC1(C(=O)(OON(=O)(=O)))CC(=O)(OO),92.87025354449725,94.82128
CC(C)(C(=O)(OON(=O)(=O)))C(O)(C(=O))CC(=O)C(=O)C,98.36545150355232,83.12658
CC(ON(=O)(=O))CCC(=O)C(ON(=O)(=O))C(=O)CCC(=O)(O),122.67456756842876,122.61731
CC(ON(=O)(=O))(C(=O)(O))OOC(O)(C(=O)(O))C(=O)(OON(=O)(=O)),134.14230279744515,135.18265
C(=O)(OO)CC(OO)C(ON(=O)(=O))(C)C=C,104.30755495712219,94.26334
CC(=O)C(=O)OOC(OO)C(O)(N(=O)(=O)),105.16868624617928,103.386475
CC2(OO)C(=O)CC(CC12)C1(C)C(ON(=O)(=O)),100.35057728525862,98.55608
C2(=O)C(OO)C(ON(=O)(=O))C(C1(O)(O))OOC12C(=O),130.71934685275482,136.21417
C1(O)(N(=O)(=O))C(=O)C(=O)C(=O)OOC1(C)C(=O)(OO),102.32606976841635,102.455154
CC(=O)C(=O)C1OOC(O)(C1(O))C(=O)(O),128.3150039095126,126.349144
CCC(=O)CC(=O)C(O)C(OO),98.0262064842318,103.60061
CC(OO)(C(O))C(C(=O))C(O)C(=O),121.19546675659512,123.6344
CC(=O)C=C(N(=O)(=O))C(=O)OC(OO)C(=O)(OO),114.81663324448164,127.33272
C(=O)CC(=O)C1(C(=O))OC1C(=O),78.85206750383804,79.5096
C(OO)C(=O)C(C(=O)(OO))OOC(=O)C(ON(=O)(=O))C(=O),124.96094107612589,131.42978
C(=O)(O)C(N(=O)(=O))=C(OO)C(OO)(C)OC(=O)C(=O),134.52589209841972,130.01031
CC(=O)C(ON(=O)(=O))C(O)C(C(ON(=O)(=O))(C)C(OO))C(=O)C(=O),125.51778834054858,142.25851
C(=O)(OON(=O)(=O))C(O)C(O)(C)C(OO)C(ON(=O)(=O))C(=O),118.68912707645359,130.85582
C(=O)(O)C(OO)=C(C(=O)(OO))C1OC1C(=O),139.00306910814834,129.2954
C(=O)(O)C(=O)OOC(ON(=O)(=O))C(ON(=O)(=O))(C)C(=O)(OO),115.41426320284518,123.65833
CC(=O)C1(OO)OC1C(O)(O)C(=O)(OON(=O)(=O)),108.59803626777284,94.505516
C2(=O)C(O)C(=O)C(OO)(C1(O)C(=O)(OON(=O)(=O)))OOC12,115.32745400865679,117.14213
CC(=O)C(=O)OOC(O)C(=O)(OON(=O)(=O)),84.14194182890787,80.6817
CC1(C(=O)(N(=O)(=O)))OC1CC(=O)C(=O)(O),99.48841172807442,99.15611
C(=O)(OO)C(OO)OC(=O),85.44922648202919,92.47234
C1(O)(O)C(C(ON(=O)(=O)))OOC1(C)C(=O)(OON(=O)(=O)),104.71382412460662,103.97495
CC(=O)C(ON(=O)(=O))CC(=O)C(=O)C(=O)C(OO),104.91687003258266,111.19934
C1C(OO)C(=O)C(OO)CC1C(=O)(OON(=O)(=O)),111.28294301500136,126.04325
CCCC(ON(=O)(=O))C(O)CC(ON(=O)(=O))C(=O),108.99969940805022,103.839226
C(=O)(O)C(C(=O))(C(=O))OOC(=O)C(OO)C(=O),120.48171412609372,123.438965
C(=O)(OON(=O)(=O))C1OC1(C(ON(=O)(=O)))C(O)(O)C(=O)C(=O),103.80838592676446,104.356575
CCCC(O)C(ON(=O)(=O))CC(=O)CC(ON(=O)(=O))C,107.09668863174738,109.81904
C1(O)C(=O)OOC1(O)C(N(=O)(=O))=CC(=O)(OON(=O)(=O)),97.9545971243424,111.538284
C(ON(=O)(=O))C(OO)C1OOC(C1(=O))C(=O)(OON(=O)(=O)),102.28234264712955,109.29738
C(=O)(OON(=O)(=O))C1OC1(C(ON(=O)(=O)))C(OO)C(=O),95.38425356226799,92.66342
C(ON(=O)(=O))C1(O)OC1(O)C(=O),80.83449861974077,73.8535
C(=O)(O)C(O)C(=O)C1OC1C(=O)C(OO),134.99497686426184,135.92062
CC(OO)(C(=O)(O))C(C(=O))CC(=O)(OON(=O)(=O)),119.50592642537958,124.396515
C(=O)(O)C(=O)C1OOC(C(=O))C1(O)C(ON(=O)(=O)),115.50695917697885,114.97205
C(ON(=O)(=O))C(=O)C(C)(C(OO))C(ON(=O)(=O))(C)C(=O),113.13570522944065,105.55441
CCC(=O)CC(OO)C(O)C(=O)(OON(=O)(=O)),97.59847913703561,104.798904
C(ON(=O)(=O))C1(C(OO))C(C(=O)(OON(=O)(=O)))CC1C(=O)C,110.77358922793792,107.33642
C(=O)C(OO)OOC(C(=O)(O))(C(ON(=O)(=O)))C(=O)C(=O),125.76287755695375,125.23273
C(=O)(OON(=O)(=O))C(ON(=O)(=O))C(C1(O)(O))OOC1(C)C(=O),111.05308692481776,122.686806
C(=O)(O)C(=O)C1OC1C(=O),82.36085067609383,82.46153
C(OO)C(O)(C(=O))C(O)(C(=O)(N(=O)(=O)))OOC(=O),114.25269294889586,114.7254
C(=O)(O)CCC(=O)(O),95.04723215760168,92.32808
C(O)C(=O)C(C)(C)C(=O)C(=O)(O),108.57847400224273,111.309296
C(=O)C1(O)OC1C(OO)(C(=O)(OO))C(O)C(=O),135.83558742015157,163.11897
C(ON(=O)(=O))C(C(=O)(OO))C(C(O))(C)C(=O)(OON(=O)(=O)),110.86385090633848,100.1599
C1(=O)OC1C(ON(=O)(=O))C(O)C(=O)(OON(=O)(=O)),89.87486054374313,78.5018
C(=O)(O)C(=O)OOC(OO)(C)C(=O),105.8080459926714,117.79918
C(=O)(O)C(OO)OOC(=O)C(=O)CC(=O),122.29944573785906,120.701454
C(O)C(=O)OOC(O)C(=O)(O),121.93237094609503,108.79233
CC(OO)CC(=O)CC(ON(=O)(=O))C(=O)C(=O)C(O),140.48889585095458,147.07195
CC(=O)C(=O)OOC(O)(C(N(=O)(=O))(ON(=O)(=O)))C(=O)(OO),111.5145302873425,109.49632
C1(ON(=O)(=O))OC1C=C(C)C(=O),56.716147569000896,68.86525
C(=O)(OO)C(=O)C1(C(=O))OOC(ON(=O)(=O))(C1(O))C(=O),112.92825234089833,124.97374
C1(O)C(=O)OOC1C(O)C(O)C(=O)(O),138.64276356701157,131.65492
CC(OO)CC(ON(=O)(=O))CC(=O)C(=O)CC(=O)(O),139.94286610380368,131.06992
C(=O)(O)C1(ON(=O)(=O))OC1(C)C(=O)C(O)C(=O)(OO),121.54579448603181,113.67836
C(O)C(=O)C(O)(C)C(C(ON(=O)(=O)))C(=O)(OON(=O)(=O)),110.02496569951472,116.86276
C12OOC(N(=O)(=O))(C1(O))C(=O)C(C2(OO))C(=O)(OON(=O)(=O)),103.1706217004612,112.57918
C(=O)(OO)C(ON(=O)(=O))C(O)(C(=O))C(OO)OC(=O),123.73076131926064,135.3518
C(ON(=O)(=O))C(=O)CC(=O)C(OO)OC(=O),89.87226989395276,105.28869
C(=O)C(=O)C(=O)C(OO)OOC(=O),81.65780316144082,74.09483
C(=O)(OO)C(=O)C1(O)OC1(ON(=O)(=O))C=CC(=O),116.0492583278683,122.31857
C1(N(=O)(=O))(OO)OC1(O)C(OO)C(O)C(=O)C,133.13713351675688,111.1234
C(O)C1(C(=O)(O))OC1C(ON(=O)(=O))C(OO)C(=O)(O),160.1095635081947,163.05583
C(=O)(O)C12OOC(C1(O))C(OO)=CC2(ON(=O)(=O)),131.36242061087978,136.0005
C(=O)(O)C(OO)OC(=O)C(=O),93.99284303766763,97.85753
C1C(=O)C(ON(=O)(=O))(C)C(=O)OOC1C(=O),79.63484300579876,81.31299
C(ON(=O)(=O))CC(O)CC(ON(=O)(=O)),94.58871468098368,92.43912
CC1(C)C(OO)CC1(OO)C(OO)C(=O)(O),146.81847202622157,138.52843
C(=O)(O)CC1(ON(=O)(=O))OOC(=O)C1(O)C(ON(=O)(=O)),112.3928282367051,111.67795
C1(O)(OO)C(=O)OOC1C(N(=O)(=O))=C(=O),98.35756815646891,88.95874
C(ON(=O)(=O))C(=O)OOC(C(=O))C(ON(=O)(=O))C(=O)(OO),109.33034759823931,97.1475
C(ON(=O)(=O))C1(O)C(=O)OOC1CC(=O),89.15286145136633,94.646225
C(=O)(OO)C1OC1(C)C(=O)C(=O),82.57181127976946,81.73837
CC(C(=O))C(C)(C(OO))C(OO)C(=O),111.50082667348761,112.672905
CC(=O)C(=O)C(OO)C(C(O))C(=O)(OON(=O)(=O)),105.28561048442498,111.11453
CC1(C)OOC(OO)(CC1(ON(=O)(=O)))C(ON(=O)(=O))(C)C(=O)(O),122.28827749051561,129.34338
C(=O)(O)C1(C(=O)(OON(=O)(=O)))OOC(C1(O))C(=O)C(=O),115.43529678894265,115.90408
CC(C(=O)(OO))C1(N(=O)(=O))OC1(O)C(=O)(OO),109.75532617084536,102.54804
C(=O)(OO)C(=O)C(N(=O)(=O))C(C(=O)(O))OOC(=O),120.97518157661398,133.13203
CC(=O)C(O)(N(=O)(=O))C(O)(OO)C(O)C(=O)(OON(=O)(=O)),122.84746669232118,125.89392
CC(=O)C(OO)CCC(=O)CC(=O)(OON(=O)(=O)),110.4974989446564,107.12931
CC(=O)C(ON(=O)(=O))C(C)(C)C(C(=O)(O))C(=O)(O),118.92418788804935,124.39484
C1(=O)C2(O)OOC1C=C(C(O))C2(=O),110.38369697987946,115.21979
C1(=O)C(OO)OOC1(O)C(O)C(=O)(O),129.07647157489555,131.08882
C(=O)C(OO)COOC(=O),82.0894760004303,84.676796
C(ON(=O)(=O))C(OO)C(ON(=O)(=O))(C)C(C(OO))C(=O)C,121.57712918776815,120.075066
C(O)C(=O)C(OO)(C(OO))CC(=O),127.48525760909979,115.14878
C(OO)C(=O)C(C)(C)C(=O)C(O)(C)C(=O),108.06245495979965,98.26844
CC(OO)(C(=O)(OON(=O)(=O)))C(OO)OC(=O)C(=O)(OON(=O)(=O)),104.55688291956903,104.878365
C1(=O)C(ON(=O)(=O))C(O)C(=O)OOC1(O)C(=O)(O),123.66863429813384,123.820625
CC(O)(C(=O)(OO))C(=O)C(OO)C(=O)(OO),122.14237316676008,105.39341
C(=O)(O)C(=O)C1(OO)OC1C(=O)C(=O),102.8771148548476,97.89518
CC(O)(C(=O)(OON(=O)(=O)))C(=O)C(O)C(=O)(OON(=O)(=O)),87.61400023079477,93.0781
C(=O)(O)C1OOC(OO)(C1(O)C)C(N(=O)(=O))(ON(=O)(=O))C(=O),136.2997394503691,123.717285
C(=O)(OO)C(N(=O)(=O))C(C(=O)(OON(=O)(=O)))OOC(=O)C,101.39939857592981,103.356514
CC(ON(=O)(=O))CCC(=O)CC(ON(=O)(=O))CC(=O),100.22768786458619,104.7938
C(=O)(O)C(OO)C(=O)C(=O)CC(=O)(OON(=O)(=O)),111.83669942636334,108.67283
C(=O)(O)C(ON(=O)(=O))C(ON(=O)(=O))C(=O)OOC(=O)C(=O),102.61277096764388,106.96003
C1(ON(=O)(=O))OC1(O)C(ON(=O)(=O))(C)C(=O)C(=O)C(=O)(O),110.92255547087552,108.0636
CC(OO)(C)C(C(ON(=O)(=O)))C=CC(=O)C,107.35941725699377,109.4321
CC(ON(=O)(=O))C1(OO)OC1(OO)C(=O),101.02558661451621,88.4111
C(=O)(O)CC(=O)C1(OO)OC1(OO)C(=O)(OON(=O)(=O)),123.02153077289404,124.12003
C1(=O)C(=O)OOC1(OO)C(OO)C(=O)C,95.18737467885512,99.97521
C(OO)C1(ON(=O)(=O))CC(C(=O)(OO))OOC1(C)C,117.81328532225598,119.01041
CC(=O)C(C(N(=O)(=O))(OO)C(=O)(OO))OOC(=O)C(=O),110.35479937854689,112.57324
CC1(C(=O))OC1(O)C(O)(N(=O)(=O))C(OO)C(=O),124.96767243465729,113.54242
C(=O)(O)C(ON(=O)(=O))(C(=O))C(C(=O)(O))OOC(=O),123.39489772196248,128.09421
C(=O)(O)C(ON(=O)(=O))C(=O)CCC(ON(=O)(=O)),101.28928738679679,105.792274
C(O)C(=O)C(OO)OC(=O)C(O)C(=O)C(=O),134.04735012948368,115.70835
C(OO)C(=O)C(=O)C1OOC(ON(=O)(=O))(C1(=O))C(=O),95.16122740924038,95.58118
C2(=O)C(OO)=C(N(=O)(=O))C(C1(=O))OOC12C(ON(=O)(=O)),102.25795219418796,94.93346
CC(=O)C(C(=O)(O))C(C)(C(ON(=O)(=O)))C(OO)C(=O)(OON(=O)(=O)),124.12411616837198,129.46513
C(=O)(O)C(=O)C(OO)C(O)(OO)C(=O),123.53299856722879,127.354645
CC(=O)CC(O)C(ON(=O)(=O))CC(=O)CC(=O)(OO),131.04324794717832,143.80081
C(=O)(O)C(O)C(OO)(C)C1(O)OC1(OO)C(=O),160.62009126676276,152.06932
C1(O)(O)C(C(=O)(OO))OOC1(C(ON(=O)(=O)))C(=O)(OON(=O)(=O)),123.47114542094641,118.723885
CC(=O)C(ON(=O)(=O))C(OO)C(=O)C(C)(C)C(ON(=O)(=O))C(=O),103.4485032892917,113.467316
CC(C(=O)(O))C(OO)(C)C(=O),99.75781168178219,99.00068
C(=O)(OO)C=CC(OO)(C(ON(=O)(=O)))OC(=O)C(=O)(OON(=O)(=O)),123.43630602097983,136.72388
CCC(=O)CC(=O)C(O)CC(OO)CC,117.2995502023623,108.77747
C1(=O)C(ON(=O)(=O))OOC1(OO)C(ON(=O)(=O))(C)C(=O)(O),114.3813539238181,110.643326
C(OO)C(=O)C(ON(=O)(=O))C(OO)(C)C(=O),107.3325319966898,106.86672
C(=O)(OON(=O)(=O))C(=O)C1(O)OC1(O)C(N(=O)(=O))=CC(=O),109.00467035360634,96.57266
C(=O)(O)C(=O)C(O)C(=O)OOC(=O)C(=O),107.34765996664646,101.36489
CC(=O)C(ON(=O)(=O))CC(=O)CC(OO)CC(OO),139.36117958925752,137.16298
CC(=O)C(=O)C(OO)OC(=O)C(=O),81.40689341664256,81.84226
C1(OO)OC1C(ON(=O)(=O))(C)C(=O)(OO),95.18294335903192,87.053604
CC(ON(=O)(=O))(C)C1CC(=O)C(O)(C(O))C(=O)C1,122.43654252498527,124.51136
CC(OO)(C(=O))OC(=O)C(N(=O)(=O))(ON(=O)(=O))C(=O),90.32489474245085,84.522575
C(ON(=O)(=O))C(C(=O)(OO))=CC(O)OC(=O)C(=O),125.11074006644048,109.158844
C(OO)C1CC(ON(=O)(=O))(C1(C)C)C(=O)C(=O)(OO),122.52287696168787,105.58015
C(N(=O)(=O))(OO)C(=O)OC(OO)(C)C(=O)(OO),107.55467197163671,101.46233
C(=O)(OON(=O)(=O))C1CC(OO)(C1(C)C)CC(=O),101.84672596093878,102.10156
C1(O)(O)C(C(=O)(O))OOC1C(O)C(=O)C(=O)(O),162.84823399907327,164.77173
C(=O)(OON(=O)(=O))CC(OO)(C(=O)(OON(=O)(=O)))OC(=O),85.15439835940197,88.19307
CC(=O)C(=O)CC(=O)OC(OO)C(=O)(OON(=O)(=O)),96.90093505393452,93.22739
CC(ON(=O)(=O))CCC(=O)C(OO)CCC(O),130.95139276378177,131.02748
C(=O)C(=O)OOC(C(=O))(C(=O))C(OO)C(=O),92.02610140754405,104.15528
C1(O)C(N(=O)(=O))(C(=O)(O))OOC1(C(ON(=O)(=O)))C(=O),123.20502064731409,114.31876
CC(ON(=O)(=O))(C(=O)(O))C(C)(C(ON(=O)(=O)))C(=O)C(OO),131.00829710184917,137.56691
C(=O)(O)C(=O)C(OO)C(O)C(OO)OC(=O),143.08176686293882,142.15245
C1(OO)OC1(C(O))C=CC(=O)(OO),123.13672403497912,130.16206
C(=O)(O)C(O)C(=O)C(ON(=O)(=O))C(O)C(=O),127.49321014717134,130.7531
C(=O)(N(=O)(=O))C(O)C(=O)C(=O),64.07069666703319,68.631195
CC(=O)CCCC(=O)CC(OO)C(O)C,123.70176085020648,125.56234
C1(O)COOC1(O)C(=O)(OO),105.8363503787914,93.346504
C(=O)(O)C(OO)OC(=O)C(ON(=O)(=O))C(O)C(=O)(OO),148.5090483716922,144.69992
CC(=O)CCC(O)CC(ON(=O)(=O))CC(ON(=O)(=O))C,125.24612440769852,118.53778
CC(=O)C(C)CC(ON(=O)(=O))CC(=O),80.5764757369252,79.252785
C1(=O)C(OO)C(ON(=O)(=O))C(=O)OOC1(OO)C(=O)(O),124.00089103187202,124.47208
CC(ON(=O)(=O))(C)C(OO)(C(ON(=O)(=O)))C(OO)(C)C(=O),118.80684359235602,119.15902
C(=O)(O)C(=O)C(C(=O)(O))(C(OO))OOC(=O),141.67279483032326,139.15561
C(=O)(OON(=O)(=O))C(O)C(OO)(C(=O))C1OC1(OO)C(=O),123.1211908656187,123.65812
CC(ON(=O)(=O))C(C(=O)(O))(C)C(=O),87.68491944272682,85.17356
C(=O)(O)C(=O)C(=O)C(=O)C(O),106.27360031032003,105.42843
C(=O)(O)C(OO)C(N(=O)(=O))(C1(O)(O))OOC1C(=O)(OON(=O)(=O)),129.1788030060634,135.75783
CC(=O)C(ON(=O)(=O))C(OO)(C)C(O)CC(=O),118.46295881043625,123.344406
CC(=O)C(C)(C(O))C(OO)C(=O),100.82980501383281,106.59995
CC(OO)C(OO)(C)C(C(=O)(OON(=O)(=O)))C(=O)C,104.06093306765979,108.535805
CC(ON(=O)(=O))C(C(OO))(C(=O)(O))C(=O),111.37695196950517,108.58706
CCCC(O)CCC(OO)CCC(ON(=O)(=O)),123.42701986111206,123.17106
C1(O)(OO)C(ON(=O)(=O))(C(=O))OOC1C(=O)C(=O),99.11733997285046,94.305855
CCCCC(OO)CC(=O)C(OO)CC,114.02748193497246,112.85562
C1(OO)OC1C(=O)C(OO)(C)C(=O),93.65159115703864,101.90153
C(=O)(OO)C(O)(O)C(OO)OC(=O)C(ON(=O)(=O))C(=O),137.23642554555408,134.77945
CC(=O)C1CC(ON(=O)(=O))C1(C)C(OO),96.03513830620795,90.56247
C(OO)C(=O)C(=O)OC(=O)C(=O)C,81.41445349828427,86.051155
C1(=O)OC1(C(O))C(ON(=O)(=O))C(=O)(OO),98.89232554876071,105.00183
CC(O)(C(=O)(O))C1OC1C(OO)C(=O)(O),149.80049910106754,153.71225
CCC(ON(=O)(=O))CCC(=O)(O),87.14281209234468,80.93216
C1(O)C(=O)OOC1(OO)C(ON(=O)(=O))C(=O)C(=O)(N(=O)(=O)),98.22203915276623,102.5531
C1(=O)C(=O)OOC1C(O)C(=O)C,84.5748194058906,95.27985
C(=O)(N(=O)(=O))C1OC1(C(O))C=CC(=O)(O),119.66614119223232,117.931854
C1(O)C(=O)OOC1C(=O)C(ON(=O)(=O))C(=O),95.08681004485697,94.625885
C(=O)(O)C(=O)C(O)C1OOC(C1(O)(O))C(=O),145.35273438556032,130.971
C(OO)C(=O)C1OOC(ON(=O)(=O))(C1(=O))C(O)C(=O)(OON(=O)(=O)),109.78054442853318,122.766716
C(=O)(OON(=O)(=O))C1OOC(OO)(C1(O)(OO))C(ON(=O)(=O))C(=O),116.55859545477142,125.82351
C2(ON(=O)(=O))C(O)C(ON(=O)(=O))C(C1(O)C(OO))OOC12,132.80299197258864,132.26604
C(=O)C(N(=O)(=O))=C(OO)C1(C(ON(=O)(=O)))OC1(OO)C(=O),127.95682253057021,136.9355
CC(=O)C(=O)CC(C(ON(=O)(=O))(C)C)CC(=O),86.27446565307037,88.53403
C(=O)(N(=O)(=O))C1OC1(C)C(=O)C(OO)C(=O)(OO),106.59799814288272,113.31954
C(=O)(O)C(ON(=O)(=O))(C(=O)(OON(=O)(=O)))C(=O)CC(=O),98.0021110446105,97.50185
C(=O)(OON(=O)(=O))C(=O)C(N(=O)(=O))C(=O)C(=O)OC(=O),75.65217666369426,78.31607
C(=O)(OON(=O)(=O))C(=O)C1(ON(=O)(=O))OC1C(OO)C(O)C(=O),106.5912325876925,115.989975
C(=O)C(ON(=O)(=O))(OO)C(ON(=O)(=O))(C)OC(=O),90.08674597043864,88.73051
CC(OO)(C(OO))CC(=O)C(=O)C(=O)(OON(=O)(=O)),103.73530596341152,104.538414
CC(=O)C(OO)C(C)(C(O))C(=O)C(=O),104.55944737937534,106.592125
CC(=O)C(=O)CC(=O)CCCC(OO),98.46538477321155,96.31166
C(OO)CC(O)CC(=O)CC(=O),122.63052606644487,106.53908
C1(=O)COOC1(OO)C(=O)C(=O)(OO),97.89877126159263,104.04524
CC(O)(C)C(ON(=O)(=O))(C(=O))C(=O)C(O),106.80204838638747,98.8103
CC(OO)(C(O))C(C(=O)C(ON(=O)(=O)))CC(=O),120.62245807016006,119.61793
C(=O)(OO)CC(=O)CCC(O)CCC(=O)(OON(=O)(=O)),126.4435062594348,134.80563
C(=O)(O)C(N(=O)(=O))OOC(OO)(C)C(OO)C(=O),128.44582597509725,131.60919
CCC(ON(=O)(=O))C(O)CC(ON(=O)(=O))C(OO)CC(=O)C,133.02456676200381,138.48015
c1c(O)c(O)c(OO)cc1,96.16458588639216,79.20818
C12CC(C1(C)C)C(ON(=O)(=O))C(=O)C2(O)C,83.73957318191242,85.05813
CC(=O)C(=O)CC(=O)C(ON(=O)(=O))(C)C,80.37672018283047,69.73917
CC1(C(=O)(O))OC1(ON(=O)(=O))C(ON(=O)(=O))C(=O)(O),114.94276748139964,110.128525
CC(=O)OOC(C(=O)(O))C(OO)C(=O)(OON(=O)(=O)),111.02545027856104,117.79291
CC(OO)(C(=O)(OON(=O)(=O)))OC(=O)CC(=O)C(=O),96.44016367161385,92.53012
C(=O)C(=O)C(N(=O)(=O))C(C(=O)(O))OOC(=O),99.7684364678862,110.41371
C1(O)C(OO)C(C)(C(=O)(OO))OOC(=O)C1(=O),113.162350264618,117.41898
C1(O)C(=O)OOC1(C)C(N(=O)(=O))C(=O)C(=O)(OO),108.52025297648652,114.28085
C(O)C(O)(C(=O)(OO))C(C(=O)(OON(=O)(=O)))C(C)(C)C(=O),118.90754546329117,133.17844
C(=O)(OO)C(=O)C(=O)C(=O)C(O)(O)C(=O)(OON(=O)(=O)),105.63176962845318,95.13705
C(O)C(ON(=O)(=O))(C(=O)(O))C(ON(=O)(=O))(C(=O))C(OO)(C)C,139.1162625392244,144.5526
C(=O)(O)CC(=O)C(OO)CC(=O)CC(ON(=O)(=O)),136.6942326053031,141.53455
C1(OO)OC1C(ON(=O)(=O))C(O)(OO)C(=O)C,116.81898253010877,114.1009
CC(=O)C(=O)C(N(=O)(=O))C(=O)OC(=O)C(=O)(O),96.73997633121326,97.52632
C(=O)(O)C(ON(=O)(=O))C(O)(C(=O)C(ON(=O)(=O)))OOC(=O)C(=O),128.051950558096,130.79594
CC(=O)C(=O)C(C)(C(OO))C(ON(=O)(=O))CC(=O)(OO),130.7615663714896,114.55386
C(ON(=O)(=O))CCC(O)CC(=O)CC(OO),126.28098897392192,124.58203
C(=O)(OO)C(ON(=O)(=O))C(C)(C)C(=O)C(=O),86.43213981499866,81.29876
C1C(=O)C(ON(=O)(=O))(C)C(O)C(ON(=O)(=O))C1C(=O)C,104.97478817683441,111.46682
CC(OO)(C)C(O)CC(=O)(OON(=O)(=O)),95.58740895060328,86.90988
C(=O)(N(=O)(=O))C(O)OOC(=O)C(=O),78.36330093619472,79.1063
C(=O)(O)C(=O)C(ON(=O)(=O))C(O)(C(OO))C1OC1(=O),122.21291497500351,122.76572
CC1(C(=O))OOC(C1(O))C(=O)C(=O),92.97352964618767,93.15299
C(=O)(OO)C(ON(=O)(=O))C(O)(C(=O))C(=O)OC(=O)C(=O),110.60106683418417,104.946434
C(=O)(OON(=O)(=O))C(=O)C1(C)OC1(O)C(=O),77.87299395442096,83.77966
C(=O)(OON(=O)(=O))C1(O)OC1C=C(C(=O))C(=O),94.5548961320601,93.67733
C(=O)(O)C(=O)OC(OO)C(=O)C(=O)C(ON(=O)(=O)),114.52506037857529,116.2311
C1(O)(O)C(=O)OOC1(ON(=O)(=O))C(=O)C(=O)C(=O)(OON(=O)(=O)),88.33908231165697,96.36317
C(=O)(OON(=O)(=O))C(=O)C(=O)OC(=O)C,60.661397051830136,63.095684
C(OO)C(=O)C(O)C(ON(=O)(=O))C1(O)OC1(OO)C(=O),148.67391902757663,149.95511
C1(O)(N(=O)(=O))C(=O)OOC1(C)C(=O)(OO),98.20258537095651,78.01135
C1(O)C(OO)OOC1(O)C(OO)(C(=O))C(=O),130.90377819949936,136.63425
CC(C)(C(=O)(O))C(ON(=O)(=O))(C(O))C(=O),113.14548698371073,109.69293
CC(=O)CC(O)CC(OO)C(=O)(OON(=O)(=O)),108.62367465916032,111.93397
CC(=O)C(=O)OOC(C(=O)(OO))C(N(=O)(=O))(OO)C(=O)(OON(=O)(=O)),113.39788227979443,129.63158
C(=O)(OO)CC(=O)C(C)(C)C(OO)(C)C(=O)(OON(=O)(=O)),118.4003810260474,103.5873
C(=O)(OON(=O)(=O))CC(ON(=O)(=O))C(C)(C)C(=O),82.63887586381315,76.58465
CC1(C(=O)(OON(=O)(=O)))OC1C(=O)C(ON(=O)(=O))C(=O),75.87924273728277,84.56571
C(ON(=O)(=O))C(=O)C1(OO)OC1(OO)C(OO)C(=O),127.92159845466813,132.3185
C1(OO)C=C(OO)C(C(=O)(O))OOC1(ON(=O)(=O)),136.4142463050739,133.96884
C(OO)C(C(=O))(C(=O))OOC(=O),87.81233685379266,86.69373
CCC(=O)C(ON(=O)(=O))C(=O),64.70979729499959,59.45351
CC1(C(=O))OOC(OO)(C1(O)(O))C(=O)C(=O),124.23841402849212,125.26691
C1(OO)OC1C(O)(C(=O)(O))C(ON(=O)(=O)),116.10361874932278,117.542786
C(=O)(O)C(O)(C(=O)(O))C(C(=O))OOC(=O)C(=O),143.70330908145115,142.60043
C(OO)C(=O)C1OC1C(=O)C(OO)C(=O)(OON(=O)(=O)),112.75330153148388,118.45486
C(=O)(OON(=O)(=O))C1(O)C(ON(=O)(=O))OOC1(O)C(=O)C(=O),91.34261217193125,106.713295
CC(=O)C(=O)CC(=O)C(C)(C(ON(=O)(=O)))C(=O)C(OO),110.99863519652718,117.233376
CC(=O)C(N(=O)(=O))(OO)C(O)(C(=O)(O))OOC(=O)C(=O),129.80199323993293,139.39644
C1(O)C(ON(=O)(=O))(C)OOC1(O)C(ON(=O)(=O))C(=O)(O),125.30522547478176,117.76542
CC(O)(C(=O)(O))C(O)(C(=O))C(ON(=O)(=O))(C)C,131.2001027044971,127.30715
CC(=O)C(ON(=O)(=O))C1OOC(N(=O)(=O))(C1(O)(OO))C(=O),110.1392187236197,117.05807
C(=O)C(ON(=O)(=O))(OO)C(=O)C1OC1(C(=O))C(O),113.9381024257018,110.66931
C(=O)(N(=O)(=O))C1OC1C(OO)(C(=O)(O))C(ON(=O)(=O))C(=O)(O),142.1482237778837,139.65158
C(=O)(O)C(O)C(ON(=O)(=O))C1(C)OC1(O)C(=O)(OON(=O)(=O)),127.85303308468428,121.64014
C(=O)(OO)C(=O)C(ON(=O)(=O))OOC(O)(C(=O)(OON(=O)(=O)))C(=O)C,115.27451008323987,115.04665
CC(=O)CC(=O)CCC(ON(=O)(=O))CC(ON(=O)(=O)),105.42157960424083,96.565216
C(=O)(O)C(OO)C(C)(C)C(C(=O))C(=O),114.8279198209566,114.462654
C(=O)(O)C(O)C(O)C1(O)OC1(OO)C(=O),149.80517735745525,149.89807
C(O)C1(C(=O)(O))OOC(C1(=O))C(=O)(OO),127.9486452971687,129.4374
C(=O)(OO)C1(C(=O)(OON(=O)(=O)))OOC(C1(=O))C(=O),89.23535147749499,91.54692
C(=O)(N(=O)(=O))C(=O)OC(=O)C(ON(=O)(=O))(C)C(O)C(=O)(O),108.71827155389474,108.30426
C1(OO)C(=O)CC(N(=O)(=O))(C2(O)(OO))OOC12,120.69639302523865,132.93016
CC(OO)(C(=O)(OON(=O)(=O)))C(C(ON(=O)(=O))(C)C(=O))CC(=O)C(=O),123.28923825348465,120.65066
C(=O)(OON(=O)(=O))C(=O)C(OO)C(O)C(=O)OC(=O),99.2044100774583,93.222786
CC(=O)OOC(ON(=O)(=O))(C(=O)(OON(=O)(=O)))C(=O)C(=O)(OO),93.95186804495461,94.52815
CC1(OO)C(ON(=O)(=O))C(ON(=O)(=O))C(=O)CC1C(OO)(C)C,126.3261461948714,132.92906
C1C(=O)C(C)C(ON(=O)(=O))CC1C(ON(=O)(=O))(C)C,89.59048798588628,94.108536
C1(=O)C(=O)C(ON(=O)(=O))C(OO)OC(=O)C1(O)C(ON(=O)(=O)),108.07878387319215,117.95399
CC(=O)C(=O)C(C)(C)C(O)(C(=O)(OON(=O)(=O)))C(ON(=O)(=O))C(=O)(O),119.0154698164115,120.49602
C(=O)(O)C(=O)C(=O)C(O)C(OO)OC(=O)C(=O),123.22233779227827,117.82173
CC(ON(=O)(=O))(C)C(OO)(C(=O)(OON(=O)(=O)))C(O)C(=O),108.64838602798409,116.93619
C1(=O)C(=O)OOC1(C(OO))C(=O)C(N(=O)(=O))(OO),102.5393637991001,103.03832
CC(=O)C(N(=O)(=O))(C1(O)(O))OOC1C(ON(=O)(=O))C(=O)(OO),120.18198135725106,128.3655
C(=O)(O)C(C(=O)(O))C1OC1(ON(=O)(=O))C(=O),115.6357018937415,111.35641
CC(=O)C(ON(=O)(=O))CC(C(ON(=O)(=O))(C)C)CC(=O),94.8345949582581,97.245155
C1(=O)C(OO)C(=O)C(=O)OOC1(ON(=O)(=O))C(OO),109.37002539377136,100.31425
C(=O)(O)C(O)C(=O)C(O)(C)C(=O),108.36081398430542,100.59842
CCC(OO)CC(ON(=O)(=O))C(OO),102.86590689246805,96.49241
CC(O)(C(=O))C(OO)(C(=O))OOC(=O),106.14091719184216,101.44514
CC(O)C(=O)CC(=O)CCCC(OO)C,124.3885449324589,117.50689
C(=O)(O)C(=O)OC(=O)C=C(C)C(=O),93.70556917626527,92.74191
CC(OO)(C)C(O)C(ON(=O)(=O))(C)C(=O)(O),123.39083972819935,115.52986
C(=O)(OO)C(O)(N(=O)(=O))C(ON(=O)(=O))C1OC1(C(OO))C(=O),133.56039247784793,147.11392
C12OOC(O)(C2(=O))C(=O)C(=O)C1C(OO),100.23615866219916,102.620255
C1C(=O)OOC(C(OO))(C(=O)(OON(=O)(=O)))C(OO)C1(=O),114.13089028186369,118.401886
C(=O)(O)C1(N(=O)(=O))OC1C=C(C)C(=O),102.87553410421242,103.8524
C1(O)C(OO)OOC1(O)C(ON(=O)(=O))(C(=O)(OO))C(=O),134.64216980114725,141.16264
C(ON(=O)(=O))C(=O)C(C)(C(OO))C(C)C(=O)(OO),115.29575666815799,117.121124
CC(=O)C(=O)C(O)C(OO)C(=O)C(=O)(OO),113.74702025729493,107.04806
CC1(C)C(ON(=O)(=O))(C(=O)C(O))C(OO)C1(ON(=O)(=O))CC(=O)(O),139.1850020058555,106.16398
C1OC1C(=O)C(O)C(=O)(OO),88.673239562253,85.682465
C(=O)(OON(=O)(=O))C(O)C(=O)C(=O)OC(OO)(C)C(=O),104.80610057571903,101.92157
C(=O)(O)C(O)(O)C1OC1C(O)(C(=O)(OON(=O)(=O)))C(=O),140.49031169006776,125.63628
C12OOC(C2(O))C(O)C(OO)C1(OO)C(=O)(O),170.63488616069662,176.1325
C1(ON(=O)(=O))OC1C=C(C(OO))C(=O)(OON(=O)(=O)),83.55517316090118,90.65351
CC(ON(=O)(=O))C(C(=O)(OO))C(C)(C)C(=O)(OON(=O)(=O)),87.16674908620189,84.95319
CC(=O)C(C(=O)(O))(C(ON(=O)(=O)))C(OO),111.75419641633198,107.78486
C1(=O)OC1C(O)C(ON(=O)(=O))C(=O)C(OO),108.00935694624059,105.93486
C1(OO)OC1C(=O)CC(=O)C(=O)(OO),112.07086090730445,114.04668
C(=O)(O)C(ON(=O)(=O))(C(=O)(OO))C(O)C1OC1C(=O)(OON(=O)(=O)),132.8628834819683,131.96324
C(=O)(O)C1OC1C(O)(OO)C(ON(=O)(=O))C(=O),131.58104516176536,130.05269
C1(=O)CC(OO)CC(ON(=O)(=O))C1(ON(=O)(=O))C(OO),121.92448382445582,119.78574
CC1(C)C(OO)(CC(=O)(O))CC1C(=O)(O),129.03676422575518,134.84065
CC(=O)C(OO)(C(ON(=O)(=O)))C(C)(C)C(=O)CC(=O)(OO),124.57107102328155,127.538445
CC(OO)(C)C(ON(=O)(=O))C(=O)C(=O)C(=O),89.98085688811989,88.154205
CC(ON(=O)(=O))CCC(OO)CC(=O)(O),114.6210519688102,114.32604
C(=O)(OON(=O)(=O))C(O)C(O)C(OO)(C(=O))C(ON(=O)(=O))(C)C,122.97901661726792,132.04926
CC(=O)C1(O)OC1(N(=O)(=O))C(=O)C(O)C(=O),104.75436482935766,93.772934
CC(OO)CCCCCC(=O)(OON(=O)(=O)),98.6202752518875,91.912315
C(=O)(OO)C(OO)C1(C(=O))OC1(ON(=O)(=O)),101.84241197717347,90.82878
C(=O)(OO)C(ON(=O)(=O))C(=O)C(O)(C)C(=O),96.66344867622684,103.00681
C(=O)(N(=O)(=O))C1OC1C(OO)(C)C(O)C(=O)(OO),121.21887729347509,135.64038
C(=O)(O)C(C(=O))OOC(OO)(C)C(OO)C(=O),134.27607500614977,137.4309
C(=O)(O)C1(C(ON(=O)(=O)))OC1C(=O)(OON(=O)(=O)),96.22257404143602,95.307
CC(=O)C(=O)CC(C(OO)(C)C)C(ON(=O)(=O))C(=O),105.87993262385135,111.995056
C(=O)(OO)C(N(=O)(=O))(OO)C(OO)(C1(=O))OOC1(C)C(=O),124.73194919662637,126.84089
C(=O)(O)C(O)C(OO)C1(OO)OC1C(=O),139.56775803257187,140.6764
C(OO)C(=O)C1(O)OC1(N(=O)(=O))C=CC(=O),110.84221264181542,124.66324
C(=O)(O)C1(C(ON(=O)(=O)))OC1C(O)C(ON(=O)(=O))C(=O)(OO),142.5631251910745,145.65546
CC(C(=O)(O))C(C)(C)C(ON(=O)(=O))CC(=O)(OON(=O)(=O)),104.36313240513846,106.167366
C(=O)(N(=O)(=O))C1(O)OC1(C(ON(=O)(=O)))C(OO)C(O)C(=O),128.1447984202823,126.21542
CC(O)CCC(=O)CCC(=O)CC(=O)(OO),118.55695615620789,134.85266
CCCC(ON(=O)(=O))C(OO)CC(=O)CC(=O)C,107.42371502174501,104.50025
C(=O)(OO)C(O)C(ON(=O)(=O))(C)C1(O)OC1C(=O),121.87734056425688,122.65802
CC(=O)C1C(OO)C(OO)(C1(C)C)C(=O)C(=O),112.75408744857123,109.096085
C(=O)(N(=O)(=O))C(C)(C(=O))OOC(=O),66.11793307676271,67.74268
C2(O)C(ON(=O)(=O))C(OO)C(C1(O))OOC12C(=O)(OO),148.54185587516258,140.96298
C(=O)(OON(=O)(=O))C1OC1C(O)C(OO)(C(=O)(OON(=O)(=O)))C(=O),112.620373105412,112.79733
CC(=O)CC(=O)C(O)C(OO)CC(=O)(OON(=O)(=O)),116.69961889483238,118.223854
C(=O)(O)C(ON(=O)(=O))C1OOC(OO)(C1(O))C(=O),134.5084145291985,121.16463
C(=O)(OO)C(ON(=O)(=O))C(ON(=O)(=O))(OO)C(=O),96.66302967642696,90.82004
CC(=O)C(ON(=O)(=O))(C(O))CC(=O)C(O)(C)C(=O),123.06173444038723,99.27912
CC(C(=O)(OON(=O)(=O)))C(=O)C(=O)OC(OO)C(=O)(OON(=O)(=O)),92.13635884285759,97.64515
C(=O)(O)C(ON(=O)(=O))C(O)(C(=O)(OO))C(=O)(OON(=O)(=O)),110.82306010463071,112.85524
C(=O)(OON(=O)(=O))C(=O)C(O)C1OOC(=O)C1(O),100.70802386190917,108.24569
C(=O)(N(=O)(=O))C1(O)OC1C=C(C(=O)(O))C(=O)(OO),127.71448674666317,125.51975
CC(=O)C(O)CC(=O)C(OO)(C)C,103.47739275550703,96.94236
C1(N(=O)(=O))(OO)OC1(O)C(OO)C,95.4130713613049,89.593834
C(=O)(O)C1OC1(C)C(ON(=O)(=O))C(O)C(=O)(OON(=O)(=O)),115.5128499685452,116.86268
C(=O)C(=O)C(ON(=O)(=O))C1(C)OC1(OO)C(=O),91.55965968761302,87.10745
CC1(C(=O)(OO))OC1(OO)C(O)(O)C(=O)C(=O),125.4946434513331,166.48906
CC(=O)C(ON(=O)(=O))C(=O)C(C(ON(=O)(=O))(C)C)CC(=O),93.32911877611332,96.21794
CC1(C)C(OO)(C(OO))C(OO)C1C(=O)(OON(=O)(=O)),120.25248914236727,118.51452
C(O)C(OO)C(ON(=O)(=O))(C)C(C(=O))C(=O)C,115.47110479968978,118.406235
C(O)C(=O)CC(=O)CCC(=O)C(OO),123.30993833658431,113.67635
C(=O)(O)C(N(=O)(=O))(C(=O)(OO))OOC(=O)C(O)(C)C(=O),135.368506322724,132.43536
C(ON(=O)(=O))C(OO)CCCCC(=O)(OO),110.65616622233938,101.27606
C1(=O)C(ON(=O)(=O))OOC1(OO)C(OO)C(=O)(O),119.97178615753364,122.67404
C(=O)(O)C(ON(=O)(=O))C(O)C1OC1(C(OO))C(=O)(OON(=O)(=O)),133.343522363808,143.54543
C(=O)(O)C(N(=O)(=O))=CC(=O)OC(=O)C(=O)(OON(=O)(=O)),95.70617759931338,94.43547
C(=O)(OON(=O)(=O))C(O)(O)C1(O)OC1(ON(=O)(=O))C(O)C(=O),109.42568036098965,112.98771
C(OO)C(ON(=O)(=O))CC(ON(=O)(=O))C(O)(C)C(=O),116.50687906266103,117.15744
C(=O)C1OC1(OO)C(O)(C(ON(=O)(=O)))C(OO)C(=O),128.99878822302708,132.08482
C(=O)(OON(=O)(=O))C(O)(OO)C1(OO)OC1C(=O),107.09061324531649,115.39912
C(OO)C(ON(=O)(=O))C(C)(C)C(=O)C(O)C(=O),111.67100046489213,98.10626
C(=O)(OO)C(=O)C1OOC(C(=O)(OON(=O)(=O)))C1(O)C,105.26918905111961,106.102806
C(=O)(OON(=O)(=O))CC(ON(=O)(=O))C(C)(C(=O))C(C)C(=O),94.22413822988165,96.11744
C(ON(=O)(=O))C1(O)C(=O)OOC1(OO)CC(=O)C(=O)(OO),123.66328410264396,140.92561
C1(=O)C(=O)C(ON(=O)(=O))(OO)C(=O)OOC1(ON(=O)(=O))C,96.62234039830219,78.37147
C(=O)(OO)C1(O)OC1(OO)C(C)C(=O)(OON(=O)(=O)),115.45377867986099,113.59665
C(=O)(O)C(=O)C(=O)C=CC(=O)C(O),121.61564943125268,117.311874
CC(ON(=O)(=O))(C)C(C(ON(=O)(=O))(C)C(=O)(O))CC(=O)C(=O)(O),137.10424918351782,138.3114
C(OO)C(=O)C(C)(C(ON(=O)(=O)))C(ON(=O)(=O))(C)C(=O)(OO),122.72173676578677,125.41477
C(=O)(N(=O)(=O))C(=O)CC(=O)OOC(=O)C(=O)C(ON(=O)(=O)),86.06351169101981,110.85558
C(=O)(O)C1(N(=O)(=O))OC1C(C(O))=CC(=O)(OO),141.56976277305512,132.22922
CC(=O)C1CC(ON(=O)(=O))CC(ON(=O)(=O))C1(O)C,101.92018269179243,111.25336
C(=O)(N(=O)(=O))C1(O)OC1C(OO)(C(O))C(=O),124.34676561397646,121.567795
CC(=O)CC(ON(=O)(=O))CC(OO)C,95.02543429862999,88.89741
C1(O)C(N(=O)(=O))(OO)OOC1(OO)C(=O)C,107.52012786310661,103.65764
C(=O)(OON(=O)(=O))C=C(C(=O))C1(O)OC1(OO)C(=O),111.74255782955152,110.429565
C(O)C(=O)OC(=O)C(=O)C(ON(=O)(=O))C(=O)(O),113.75815233303729,118.12888
C(OO)C(=O)C1(N(=O)(=O))OC1(C)C(=O)(OON(=O)(=O)),85.31799105259051,85.440796
C(=O)(O)C1(C(=O))OOC(OO)(C1(=O))C(ON(=O)(=O))C(=O),115.05777837047935,138.9544
C(=O)(O)C=C(OO)C1(C(OO))OC1C(=O),141.02025351997872,144.75769
C1(O)C(ON(=O)(=O))(C(=O)(OON(=O)(=O)))OOC1(O)C(O)C(=O),112.85876302114775,139.2811
C(=O)(N(=O)(=O))C1OC1C(O)C(=O)(O),106.28166443407099,104.50143
C(=O)(OON(=O)(=O))C1OC1C(ON(=O)(=O))C(OO)(C)C(=O),95.5888431029598,101.330284
C1(=O)OC1C(O)(C)C(=O)C(=O)C(N(=O)(=O))(OO),93.84888683144527,99.778946
C(=O)(O)C1(C(ON(=O)(=O)))OOC(C1(O))C(OO)C(=O),134.93202590267902,141.42882
CC(=O)CC(ON(=O)(=O))C(=O)C(OO)CC(=O)(O),132.580005387259,136.62262
CC(=O)C(=O)C1OOC(N(=O)(=O))(C1(O))C(=O)(O),114.84004915772675,134.80765
C(=O)(OON(=O)(=O))C(OO)C(O)(C(=O))C(ON(=O)(=O))(C)C,108.64838602798409,93.93001
C(=O)(O)C(N(=O)(=O))(OO)OOC(=O)C(O)C(=O),117.9536876962593,117.133
C(ON(=O)(=O))C(=O)C(ON(=O)(=O))C(O)C(=O)C(=O)C(=O)(OO),119.68575316283386,116.55599
C(=O)(O)C(N(=O)(=O))=CC1(O)OC1C(=O)(OO),129.8839244361152,129.80994
C(OO)CCC(O)C(ON(=O)(=O))C(=O)CC(=O),121.82803864419111,125.475105
C(=O)C(ON(=O)(=O))C1(O)OOC(OO)(C(=O)(O))C1(O)C(=O),137.86770233861898,157.14008
C1(=O)OC1C(OO)=CC(=O)C(ON(=O)(=O)),101.58159851375967,88.58193
C1(O)C2(OO)OOC1C(=O)C(N(=O)(=O))C2(=O),104.74737839033332,98.01527
C(=O)(O)C(ON(=O)(=O))(C(=O)(OO))C(C(=O))OOC(=O),115.12065416367113,114.73921
C(=O)(O)C(=O)C(=O)C(O)(C(ON(=O)(=O)))C(=O)(OO),113.44042896881729,100.24509
C(O)C(C(O))C(ON(=O)(=O))(C)C(=O)(OON(=O)(=O)),103.95768961602153,115.44187
C1(=O)OC1(O)C(=O)C(C)C(=O)(O),107.96321427256771,120.52384
CC(=O)C(O)C1(O)OOC(ON(=O)(=O))(C1(=O))C(=O),105.18827256110671,105.93913
C(OO)C2=CC(=O)C(O)(O)C1OC12,121.16375334164331,113.55129
C(=O)(O)C(=O)C(N(=O)(=O))C(=O)OC(=O),86.15212451951811,84.87976
C(OO)C(=O)C(O)(N(=O)(=O))C(=O)C(O)C(OO)C(=O),133.58772101752402,136.13376
C1(O)C(OO)OOC1(C)C(=O)C(=O)(OO),109.09183500638756,103.54714
c1c(O)cc(N(=O)(=O))c(OO)c1,108.23335657372809,108.397606
C(O)C(ON(=O)(=O))(C(=O)(OON(=O)(=O)))C(=O)C(=O),82.42285552517569,74.51478
C(=O)(O)C(O)C(O)(C(=O))C(ON(=O)(=O))OC(=O),128.82467257364624,128.12291
C(=O)(OON(=O)(=O))CC(OO)C(C)(C)C(ON(=O)(=O))(C(=O))C(=O)C,113.60634963084885,116.74649
C(=O)(N(=O)(=O))C(=O)C(C(OO))(C(=O))OOC(=O),88.16736488871538,100.778625
CC(ON(=O)(=O))(C)C(ON(=O)(=O))(CC(=O)(O))C(OO)C(=O),129.22548201449536,127.23034
C(=O)(O)C1OC1(OO)C(=O)C(N(=O)(=O))(ON(=O)(=O)),106.4737219247545,107.01956
C(=O)(OON(=O)(=O))C1(O)C(C(=O)(O))OOC1C(ON(=O)(=O))C(=O),124.79961335317785,130.59535
CC(C(=O)(OO))=C(OO)C(=O)(OON(=O)(=O)),91.04057673777424,81.73908
C(O)C(ON(=O)(=O))C(OO)(C)C(=O)C(=O),105.22430262390844,114.832726
C(=O)(O)C1(ON(=O)(=O))OC1(ON(=O)(=O))C(C)C(=O)(OO),112.52084899802867,92.53448
C(=O)(O)CC(OO)C(C)(C)C(ON(=O)(=O))(C(=O))C(=O)C,129.25035322322947,134.2444
CC(=O)CC(O)CC(=O)C(ON(=O)(=O)),99.50851950302604,97.6864
C(=O)(OO)CC1(C)OC1(ON(=O)(=O))C(=O)(OON(=O)(=O)),87.24688307421457,97.73351
C(ON(=O)(=O))C(=O)C(O)C(ON(=O)(=O))C(O)C(=O)(OO),127.33721562969731,124.73261
C(=O)(O)C(O)C1(O)OC1C(=O)(OON(=O)(=O)),116.30700482995599,121.58031
C(=O)(O)C(C(ON(=O)(=O)))C(OO)OC(=O)C(=O),122.6203466617444,114.54591
C(ON(=O)(=O))C(=O)CC(=O)CC(OO)C(OO),114.80322747722676,128.13278
C(=O)(OO)C1(O)OC1C(O)C(=O)(OON(=O)(=O)),110.9931616679387,102.05077
CC(=O)C(C(=O)(O))C(C)(C)C(O)C(=O)(O),123.96523022127803,136.88922
C(O)C(=O)C(=O)C(O)C(O)(OO)C(=O)(OON(=O)(=O)),126.67038295863313,154.6918
C(=O)(O)C1OC1(O)C(O)C(=O)(OON(=O)(=O)),116.30700482995599,113.60681
CC(C)(C(=O)(O))C(ON(=O)(=O))(C(=O))CC(ON(=O)(=O))C(=O)C,120.50209226192965,121.085754
C(OO)C(=O)C(=O)C(=O)C(O)(O)C(=O)(OO),121.47405165220698,121.899666
CC(=O)C(=O)CC(=O)CC(OO)C(ON(=O)(=O))CC,110.90367053235968,108.48216
C1(O)C(OO)OOC1(O)C(ON(=O)(=O))C(=O)C(=O)(OON(=O)(=O)),117.2996864798697,116.943054
C(=O)(OO)C1OC1C(O)(OO)C(=O)C(=O),116.26330632871395,112.76876
C(=O)(N(=O)(=O))C(OO)OC(=O)C(O)C(OO)(C(O))C(=O)(O),169.0347990067894,173.18794
C(=O)(N(=O)(=O))C(O)(OO)C(OO)C(=O),96.70822434785805,103.165474
C(=O)(OON(=O)(=O))CC(O)C(C)(C(OO))C(=O),114.12895570915134,109.763016
C(ON(=O)(=O))C(OO)(C(=O))C(ON(=O)(=O))OOC(=O)C(=O),102.5985487968137,98.54144
C(=O)(O)C(OO)(C(=O))OOC(OO)C(=O),132.09445003722067,115.58246
CC(OO)CCC(ON(=O)(=O))CC(=O)CC(=O)(O),136.0814579178259,136.82886
CC(=O)C(O)C(OO)C1(O)OC1(N(=O)(=O))C(=O)(O),143.67012812643225,167.12854
CC(=O)OOC(C(=O)(O))C(OO)=CC(=O)(OO),130.70029665957554,146.40837
C(=O)(O)C(ON(=O)(=O))(C(=O)(O))C(OO)(C1(O))OOC1C(=O),161.09498504639487,164.28452
C(OO)C1OOC(O)(C(=O))C1(O)C,117.94727999076713,103.9537
C1(OO)OC1C(ON(=O)(=O))C(O)(N(=O)(=O))C(=O)(O),118.25949472866341,114.83017
CC(ON(=O)(=O))(C(=O)(OO))C(ON(=O)(=O))(C1(=O))OOC1(O)C(=O),118.39841685166175,98.981766
C(=O)(O)C(O)C(O)(N(=O)(=O))C1(OO)OC1(ON(=O)(=O))C(=O),141.5167135931115,137.69992
CC1(C)OOC(C(ON(=O)(=O))(C)C(=O)(O))CC1C(=O),122.06656105258298,113.44038
C(O)C(=O)C(O)C(ON(=O)(=O))C(=O)OC(=O)C(=O),120.6434939220344,98.72069
C2(O)C(O)C(=O)C(O)(O)C1OC12(ON(=O)(=O)),121.43967368228914,133.11229
C(=O)(O)C1(C(ON(=O)(=O)))OC1(O)C(O)(N(=O)(=O))C(=O),123.45413352965261,116.22378
C(=O)(N(=O)(=O))C1(O)OC1C(OO)C(=O)(O),114.96336740262632,115.94788
CC(=O)OOC(N(=O)(=O))(C(=O)(O))C(ON(=O)(=O))C(=O)(OO),116.02033656255662,118.64489
C(=O)(O)C1(O)OC1C(C(=O))=CC(=O),125.39624286510661,121.3634
CC1(C(=O)(O))OOC(O)(C1(O)(O))C(N(=O)(=O))(ON(=O)(=O))C(=O),144.1519714977112,130.24161
C(O)C(=O)C(C1(C)C(ON(=O)(=O)))C(ON(=O)(=O))C1CC(=O)(OO),138.8791391112245,130.04517
C(OO)C(ON(=O)(=O))(C(=O))C1(O)OC1C(=O),107.25027449526533,114.9713
CC(=O)C(OO)C(=O)C1CC(OO)C1(C)C,108.53453966037341,105.84599
C(O)C1(OO)OC1C(O)(O)C(=O)(OO),149.87803122154583,143.57266
C(ON(=O)(=O))C1(OO)OC1(N(=O)(=O))C(=O),78.22240501100896,82.31426
C(=O)(OON(=O)(=O))C(O)C(C)(C)C(OO)(C(=O))CC(=O),124.56399132626393,128.3952
C1(=O)C(ON(=O)(=O))C(OO)OOC1(C)C,86.81592019165691,82.61308
C(=O)C1OC1C(C(=O)(OO))=C(=O),93.77561515575508,90.88058
C(=O)(O)C12OOC(C1(=O))C(OO)C(O)C2(OO),147.2894435835624,149.34872
C(=O)(O)C(OO)C(O)C1(N(=O)(=O))OC1(OO)C(=O),142.3633487853731,139.03085
C(=O)(O)C(=O)C(ON(=O)(=O))C(OO)OOC(=O)C(=O),116.18918724079413,114.8572
C2(=O)C(=O)CC(OO)(C1(O))OOC12C(ON(=O)(=O)),108.25820656281576,116.75561
CC(=O)C(OO)C(ON(=O)(=O))C(O)(O)C(=O)C(=O)(O),135.75867771266348,138.17262
C1(OO)OC1(C(=O)(O))C(=O)(O),113.63533253745118,115.252174
CC(=O)C1(OO)OC1C(O)C(ON(=O)(=O))C(=O)(O),127.39280657647032,140.67068
C(=O)(N(=O)(=O))C1(OO)OC1(C(ON(=O)(=O)))C=CC(=O)(O),126.21654355563805,118.74602
C(=O)(O)C1(O)OOC(OO)(C1(=O))C(ON(=O)(=O))(C)C(=O),131.31289888154424,121.726364
C(=O)(O)C(N(=O)(=O))C(=O)C1(N(=O)(=O))OC1C(=O)C(OO),114.69073897635826,123.92832
C1(N(=O)(=O))(OO)OC1(O)C(C)C(=O)(O),110.82727828313364,102.99335
CC(=O)C(ON(=O)(=O))(C)C(=O)OOC(ON(=O)(=O))(C)C,73.13817505352927,76.3593
CC(C(=O)(O))(C(ON(=O)(=O)))C(OO)CC(=O)(OO),132.07602327979112,125.00846
CC1(C)C(C(=O)(OO))CC1C(OO)(C(O))C(=O)(OON(=O)(=O)),128.01850469683995,151.9005
C(=O)(O)C(=O)OC(=O)C(O)C(O)(C)C(=O)(OO),142.4906873725995,137.20943
CC1(O)C(=O)CC(=O)CC1(ON(=O)(=O))C(OO)(C)C,124.41417123246356,112.93307
CC(=O)C(=O)CC(OO)C(C)(C)C(OO)C(=O),118.92568514603045,131.6771
C(=O)(OON(=O)(=O))C(=O)C(O)C1OC1C(=O)(OON(=O)(=O)),90.9629628770781,88.98439
CC(=O)C1(O)OC1(N(=O)(=O))C(O)C(=O)(OON(=O)(=O)),97.94231347764071,90.32181
C(=O)C(=O)C(OO)C(=O),68.07849885064934,64.878235
C(=O)(OO)C(N(=O)(=O))(OO)C(ON(=O)(=O))C(O)(C)C(=O)C(=O),118.02976830836997,128.43608
C(=O)(OO)C(=O)OOC(C)(C(=O))C(=O)C(=O)(O),116.96358093809249,119.83193
C1(OO)C(O)(C)C(OO)C(=O)OOC1C(=O)(OON(=O)(=O)),120.40170135184599,124.463455
C(O)C(ON(=O)(=O))C(C(OO))C(=O)C(OO),131.5578660258834,130.55193
CC(=O)C(OO)C(OO)(C(ON(=O)(=O))(C)C)C(=O)C,108.98856485612487,110.75651
C(=O)(O)C(O)C(OO)C(=O)OC(=O)C(ON(=O)(=O)),130.04851262593002,129.773
C(=O)(O)C(O)C1OOC(C(=O)(OON(=O)(=O)))C1(O)C(ON(=O)(=O)),126.42413648132788,134.8512
C(=O)(O)C1OC1(C)C=C(OO)C(=O)(OO),138.81896472178778,118.49314
CC(=O)C(ON(=O)(=O))CC1C(OO)C(ON(=O)(=O))C1(C)C,108.2337031955758,117.21597
C1(=O)C(OO)(C(=O)(OO))OOC1(C)C(ON(=O)(=O))C(=O),114.15264471665432,114.82402
CC(C(O))C(=O)(OON(=O)(=O)),65.4018332115229,64.58339
C(O)C(ON(=O)(=O))(C(=O)(O))C1OOC(OO)(C1(O))C(=O),158.17877582344227,148.4005
C(=O)(OO)C1(OO)OC1C(=O)C(=O),94.9409164531753,94.420074
C(=O)(O)C(=O)C(OO)(C(ON(=O)(=O)))C(=O)C(=O),103.62357539624645,105.31345
CC(ON(=O)(=O))(C)C(C(OO)(C(=O)(OO))C(=O))CC(=O),127.9373952767346,116.54762
C(=O)(O)C=CC1(OO)OC1(OO)C(=O),130.94400043809583,121.21717
CC(ON(=O)(=O))CC(OO)C(=O)CCC(=O)(OO),127.6290832035229,144.49498
C(=O)(O)C(ON(=O)(=O))C(OO)(C(=O))OOC(=O)C,113.70192973082158,110.72144
C(O)C1(C(=O)(OON(=O)(=O)))OC1C(OO)C(=O)(OON(=O)(=O)),104.30164333018183,103.42003
C1(=O)OC1C(ON(=O)(=O))C(O)(C(=O)(OO))C(=O)(OON(=O)(=O)),102.87385149252077,96.265724
CC(ON(=O)(=O))(C(=O)(OON(=O)(=O)))C(OO)(C(OO))CC(=O),116.80679966720345,132.85753
C(=O)(N(=O)(=O))C1(OO)OC1C(C(OO))=CC(=O)(O),131.22321038621885,121.78469
C(O)C(=O)C(C(=O)(O))(C)C(=O)(OO),119.07026520578074,110.56379
CC(OO)(C(=O)(OO))C(ON(=O)(=O))C(OO)OC(=O),120.29066236226208,127.58363
C(=O)(N(=O)(=O))C1(O)OC1(N(=O)(=O))C(OO)C(O)C(=O),116.17642046959372,114.89921
C(=O)(N(=O)(=O))C(=O)OC(OO)(C)C(O)C(O)C(=O)(O),135.2422527866438,123.28507
CC(O)(C(ON(=O)(=O)))C(C(ON(=O)(=O)))C(=O)(OO),107.48890324673266,110.061165
C1(O)C(=O)OOC1(C)CC(=O)(OO),108.39359377885557,102.26922
C(=O)(O)C(O)(N(=O)(=O))C(OO)(C(ON(=O)(=O)))C(=O),119.2687071432083,119.166595
CC(C(=O)(OO))=CC(ON(=O)(=O))OC(=O),88.94594918083021,99.179504
CC(OO)(C)C(ON(=O)(=O))C(OO)C(=O)C(=O)C(OO),129.83698747654853,131.01768
C1(N(=O)(=O))C(=O)C(=O)C(=O)OOC1(ON(=O)(=O))C(=O)C,88.91174439841416,81.47959
C2C(=O)C(=O)C(=O)C1(C(O))OC12,100.67720744349936,95.197754
CC(=O)C(OO)OOC(=O)CC(=O)(O),116.26546875132772,104.93781
CC(=O)C(OO)C(=O)C(ON(=O)(=O))(C)C(OO),108.84525374580699,106.7443
C(=O)(OON(=O)(=O))C(ON(=O)(=O))C(O)(OO)C1OC1(OO)C(=O),118.60854238218599,116.67511
C(=O)(OON(=O)(=O))C(=O)OC(OO)C(C(OO))=CC(=O),120.69030184603616,128.8587
CC(=O)C1OC1(O)C(=O)(N(=O)(=O)),74.37870776719501,76.91527
C(=O)C1(OO)OC1(C(=O)(OO))C=CC(=O),116.89421586140088,115.43158
C(=O)(OO)CC1(OO)OC1(C(ON(=O)(=O)))C(=O)(OON(=O)(=O)),109.52675033637206,116.53005
C(ON(=O)(=O))OOC(=O)C(OO)C(=O)C(OO),100.1833419010145,111.06909
CCC(O)CCC(OO)CC(OO)C(ON(=O)(=O))C,140.15856144697318,145.26079
CC(O)(C(=O)(OON(=O)(=O)))C(=O)C1(OO)OC1(O)C(=O)(OON(=O)(=O)),117.64359625510406,113.70238
C(OO)C(=O)C(C)C(=O)CC(=O),92.99303704214981,92.88915
C(=O)(N(=O)(=O))C1(O)OC1(C(O))C(OO),106.0512999823477,114.00011
C(O)C=C(=O),55.64431290624634,48.45507
C(=O)(OO)C(OO)C(O)(C(=O))C1OC1(=O),122.8848557297024,101.63233
CC(=O)C(O)(C(=O)C)CC(OO)C(ON(=O)(=O)),108.97491487152001,94.71785
C(=O)C(=O)C(O)C(OO)C1(OO)OC1C(=O),123.36186085982627,131.2281
C2(=O)C(=O)C(=O)C(N(=O)(=O))(C1(O)(O))OOC12C(ON(=O)(=O)),94.0655174051135,103.213425
C(=O)(O)C(=O)C(ON(=O)(=O))C(O)C(=O)OC(=O)C(=O),116.42174842214445,113.146866
C(=O)(OON(=O)(=O))C(O)C(OO)(C)C(O)C(=O)C(=O),115.33456950226537,118.92158
CC(OO)(C)C(ON(=O)(=O))(C(OO))C(=O)C(ON(=O)(=O)),122.66394068660884,112.08714
C(=O)C=C(OO)C(=O)C(=O)C(=O)C,82.6949255915024,95.65884
C(OO)C(OO)OC(=O)C(=O)C(=O)(OO),125.89326764976431,115.03498
C(=O)(O)C1(C(=O)(OON(=O)(=O)))OC1C(=O)C(N(=O)(=O))C(=O),101.0115629929278,108.44911
C1(O)C(=O)C(O)C(OO)C=C1C(=O)(OON(=O)(=O)),122.23240726011136,145.36282
C(=O)(OON(=O)(=O))CC(ON(=O)(=O))C(C(OO))(C)C(=O),105.77875783494528,104.09152
CC(OO)(C(O))C(C(=O)(OO))CC(=O),121.56148735355237,121.22705
C(=O)(O)C(=O)OOC(N(=O)(=O))(OO)C(=O),93.97727816431143,102.38796
C(O)C(=O)C(OO)OC(=O)C(ON(=O)(=O))C(=O)(O),136.50246633373172,138.90337
C(=O)(O)C(N(=O)(=O))=CC(OO)OC(=O),108.03809420820471,107.062325
C(=O)(O)C1(N(=O)(=O))OC1(OO)C=CC(=O)C(ON(=O)(=O)),126.00465260054625,129.8224
C(=O)C(OO)C(C)(C(ON(=O)(=O)))OOC(=O),93.42604779457906,97.64134
CC(=O)C(OO)C1OOC(O)(C1(O))C(=O)(O),141.45637619878107,150.35287
C(O)C(=O)OC(=O)C(O)(O)C(=O)(OO),125.70581108410988,118.47071
CC1(C)C(ON(=O)(=O))(C(=O)C(ON(=O)(=O)))CC1C(=O)(OO),109.37580481744226,118.58849
C1(OO)OC1C(ON(=O)(=O))(OO)C(=O),93.51062231719698,91.475716
CC(=O)C(ON(=O)(=O))CCC(OO)CC(=O)(OON(=O)(=O)),113.92266348574049,116.48495
C1C(OO)C(OO)(C)OOC1C(=O)C,104.57964780509792,104.931915
CC(O)(C)C(ON(=O)(=O))(C(=O)(OO))C(=O)C(O),119.84784683588077,114.91251
C(OO)C(=O)C(C)(C(OO))C(ON(=O)(=O))(C)C(=O)(OO),136.57771544313437,124.29317
CC1(ON(=O)(=O))C(ON(=O)(=O))CC(=O)C(OO)C1C(OO)(C)C,126.3261461948714,128.94478
CC(=O)C=CC(C(=O)C)CC(=O)(OON(=O)(=O)),89.56781252512883,82.07414
CC1(C(ON(=O)(=O)))OOC(C(=O)C)C(OO)C1C(=O)(OON(=O)(=O)),112.12512188792607,108.158325
CC1(C)C(OO)CC1(ON(=O)(=O))C(ON(=O)(=O))C(=O)(OO),111.93299350827874,115.14347
C12OOC(C1(O))C(OO)=C(C2(ON(=O)(=O)))C(ON(=O)(=O)),127.75443089959299,117.57642
C(=O)C1OC1C=CC(=O)C(=O),67.21650571743521,71.72158
CC(=O)C(ON(=O)(=O))C(=O)CC(OO)C(=O)CCC,114.30047367711813,105.89817
CC1(C)C(ON(=O)(=O))C(=O)C1C(OO)(C)C(=O)(O),120.03505885704362,118.982834
CC(OO)(C)C(C(=O))CC(=O)C(=O)C(O),119.71597957646009,110.11459
CC(OO)(C(ON(=O)(=O)))C(C(=O)(OO))CC(=O)(OON(=O)(=O)),114.33804787091503,109.20449
CC(ON(=O)(=O))C(C)(C)C(C(=O)(OO))C(=O)C,84.29080351715675,86.86578
C(=O)(O)C1OC1(O)C(ON(=O)(=O))C(O)(OO)C(=O),141.77188458977616,153.76735
C(=O)(OO)C(=O)OC(=O)C(ON(=O)(=O))(C)C(=O)C(=O),90.11959309925442,92.436066
C(O)C(=O)OC(OO)(C(=O)(O))C(=O),118.2931714160004,124.80052
C(ON(=O)(=O))C(OO)(C(=O))C1OC1C(=O),93.84457440549886,97.45444
C(=O)(O)C1(N(=O)(=O))OC1C(ON(=O)(=O))(C)C(O)C(=O)(OO),131.6758187099622,130.97058
C(=O)(O)C(N(=O)(=O))=C(OO)C(ON(=O)(=O))OC(=O),115.69222797382099,111.83133
CC(OO)(C(OO))C(ON(=O)(=O))(C(O)(C)C(=O))CC(=O),156.4438219132644,152.31262
C(=O)(O)C(ON(=O)(=O))C(O)(C(=O))C(=O)OC(=O),107.19452250978793,107.044
C(=O)(O)OC(OO)(C)C(=O)C(OO),126.4012789398912,121.55712
C(=O)C(OO)C(ON(=O)(=O))C(O)(OO)C(=O)C(=O),115.35229210850957,117.60935
CC(=O)C(OO)(C)C(C(=O))C(=O),89.8683113487059,89.59919
CC(ON(=O)(=O))(C(=O)(O))C1CC(C(=O))C1(C)C,106.38420705193857,104.41762
C1(O)(O)C(ON(=O)(=O))OOC1(N(=O)(=O))C(O)C(=O),121.25234729223303,136.1933
C(O)C(=O)C(N(=O)(=O))C(=O)C1(N(=O)(=O))OC1(OO)C(=O),113.96978355454485,117.92638
C(=O)(O)C1OOC(OO)(C1(O))C(OO),139.1842785924091,131.24588
C(O)C(C(=O)(OO))C(C(=O)(OON(=O)(=O)))(C)C(=O),105.51855758917372,97.80539
C(ON(=O)(=O))CC(O)C(OO)C(ON(=O)(=O)),119.54555020776024,108.08962
C1(O)C(N(=O)(=O))(ON(=O)(=O))OOC1(OO)C(=O)C,103.0844482231696,101.41242
C1(O)(O)C(N(=O)(=O))(C(=O)(OON(=O)(=O)))OOC1C(OO)(C(O))C(=O),150.46507810063486,123.19499
CC(=O)OC(OO)C=C(N(=O)(=O))C(=O)(O),111.05494815974816,113.7784
C12OOC(C1(O)C(=O)(O))C(N(=O)(=O))C(=O)C2(=O),125.17637174469564,127.73125
CC(=O)C(OO)C1(O)OOC(N(=O)(=O))(C1(O)(O))C(=O)(O),146.0788208568265,149.28708
C(=O)(O)C=CC1(C(=O)(OO))OC1(OO)C(=O),135.53258770639513,122.54861
C(=O)(O)C(ON(=O)(=O))C(C)(C)C(ON(=O)(=O))C(=O)(O),113.84504323204601,119.797585
CC(ON(=O)(=O))(C)C(C(ON(=O)(=O)))C(=O)C(=O)(OO),98.53295561882987,104.10281
C(=O)(O)C(O)C(=O)C1OC1(OO)C(=O)(OON(=O)(=O)),119.88148484654812,124.86014
CC(=O)C1OC1(ON(=O)(=O))C(ON(=O)(=O))C(O)C(=O)(O),115.00845334238693,122.097824
C(=O)(O)C(O)C(=O)C(=O)C(C(ON(=O)(=O)))C(=O)(OO),133.76419720028935,133.79611
C(=O)(OON(=O)(=O))C(O)(O)C(OO)OC(=O)C(ON(=O)(=O))C(=O)C(=O),123.81194860464166,118.86334
C1(O)(O)C2(N(=O)(=O))OOC1(O)C(N(=O)(=O))=CC2(OO),111.1691014146636,128.99147
C1(=O)OC1(C(O))C(=O)C(N(=O)(=O))C(=O)(OO),92.84136142097123,96.48714
C(=O)(O)C1(O)OC1(C(OO))C(O)(O)C(=O)C(=O),148.27778146667697,156.02802
C(O)CCC(ON(=O)(=O))CC(OO),108.12354119739757,106.79832
C(=O)CC(OO)(C(=O)(OO))OC(=O),102.6021836971704,102.69423
C(=O)(O)CC1(OO)CC(=O)C1(C)C(OO),140.69138539808046,138.23932
C(=O)(O)C1(OO)OC1(OO)CC(=O)(OO),136.65187167250406,139.01491
C(=O)(O)C(O)(C(=O))C(C)(C)C(=O),106.69732027231657,105.676125
CC(ON(=O)(=O))C(OO)(C)C(C(=O)(OON(=O)(=O)))C(=O),95.53205767161853,98.57964
C(=O)(O)C1(OO)OC1(C(=O)(OON(=O)(=O)))C(O)C(ON(=O)(=O))C(=O),131.35436510438012,131.16656
CC1(C)C(ON(=O)(=O))CC1C(O)(C(=O)(O))C(ON(=O)(=O)),110.16157153357199,119.78198
C(=O)(O)C(=O)C1(O)OC1(N(=O)(=O))C(O)C(ON(=O)(=O))C(=O),134.40808668440877,131.587
CCCCC(O)CC(OO)C(OO)CC,131.25111785838817,127.578445
C(=O)(N(=O)(=O))C1(OO)OC1C(ON(=O)(=O))C(=O)C(=O)(O),109.4401952844928,104.889114
CC(=O)C(C1(=O))OOC1C(N(=O)(=O))C(=O)(OO),101.69052383050439,101.68275
C(OO)OOC(N(=O)(=O))(C(=O)(O))C(=O)C(=O),103.38621770968166,104.475945
C1(ON(=O)(=O))OC1C(OO)(C(=O)(OO))C(ON(=O)(=O))C(=O)(OO),126.56133923033485,120.17222
C(O)C(=O)OOC(C(=O)(OO))C(O)C(=O)(OON(=O)(=O)),127.3496447150028,131.2868
C(ON(=O)(=O))C(=O)C(O)C1OOC(O)(C1(O))C(=O)(OON(=O)(=O)),123.90849151634029,122.33623
C(=O)C(OO)C1OOC(=O)C1(O)(O),109.60408786712651,106.340126
C(=O)(N(=O)(=O))C(=O)OC(OO)C(C)C(=O)(OON(=O)(=O)),81.4004788175589,86.04137
C(O)C(ON(=O)(=O))C(C(=O))C(=O)C(OO),112.82129250720754,112.00095
C(=O)(O)C(ON(=O)(=O))C(O)C1(O)OC1(ON(=O)(=O))C(=O),129.6848560668659,113.20088
C(=O)C(ON(=O)(=O))C(OO)(C(=O)(OON(=O)(=O)))OOC(=O),89.64708562855958,93.05036
C(=O)(OO)C(N(=O)(=O))C(=O)C1(C)OC1(OO)C(=O),105.21773203776684,111.884346
C(OO)C(O)C(=O),83.99051558618521,85.11151
CC(=O)C(ON(=O)(=O))C(OO)C(OO)OC(=O)C(=O),115.6400592761056,120.01034
CC(=O)C(C(O))C(C(OO))(C)C(=O),113.3132997998182,115.18807
C1(=O)C(OO)OOC1(OO)C(ON(=O)(=O))C(=O),100.22342128879973,98.11639
C(=O)(O)CC(=O)(OO),85.45604645511776,95.127045
C2(OO)C(OO)C(ON(=O)(=O))C(C1(O))OOC12C(=O)(OO),148.69265567089315,161.71716
C(=O)(O)C(O)C(OO)C1OC1(ON(=O)(=O))C(=O),129.3078621417444,130.30273
C(=O)(O)C(OO)C(ON(=O)(=O))(C)C1OC1(OO)C(=O),129.08039821434795,127.976006
C(=O)(OON(=O)(=O))C(O)(O)C1(O)OC1(O)C(ON(=O)(=O))C(=O),113.45404800380493,112.89118
C2(O)(OO)C(=O)C=CC1(O)OC12,112.7904076548657,130.28098
CC(=O)C1OOC(C1(O))C(=O)(ON(=O)(=O)),81.08669398920028,89.207985
C1(=O)C(C(=O)(O))OOC1C(O)C(=O)C(=O)(OO),140.24852019125683,130.1796
C(=O)(O)C(ON(=O)(=O))OOC(ON(=O)(=O))(C)C(O)C(=O)(OO),134.28209708284703,129.50171
C(=O)(OON(=O)(=O))C(=O)C(ON(=O)(=O))C1(O)OOC(OO)(C1(O))C(=O),115.5353062209033,133.30496
C1(ON(=O)(=O))OC1(OO)C=CC(=O)C,90.77973153362109,96.900856
C(=O)(OO)C1(O)OC1(O)C(OO)=CC(=O),132.70940202337806,140.18872
C(=O)(OO)C(ON(=O)(=O))C(ON(=O)(=O))(C)C1OC1C(=O),101.9799472259183,98.09467
CC(ON(=O)(=O))C(=O)CC(=O)C(=O)CC(OO)C(=O)C,115.65571425658709,120.703125
C12OOC(C1(O)(O))C(OO)C(ON(=O)(=O))C2(=O),121.35024885720486,123.728745
C12OOC(C2(=O))C=C(OO)C1(OO)C(=O)(OON(=O)(=O)),111.83162893783447,106.53782
CC1(C)C(ON(=O)(=O))CC1(OO)C(ON(=O)(=O))C(=O)(OO),111.93299350827874,120.71744
C(=O)(N(=O)(=O))C(OO)OC(=O)C(O)C(ON(=O)(=O))C(=O)(O),130.5886593946998,125.81698
CC(=O)C(OO)CC(=O)CC(=O)CC(=O)(OON(=O)(=O)),104.11027098417253,120.01431
C1(=O)COOC1(OO)C(OO)C(=O),101.60452540358528,95.83214
C(=O)(OO)C1OC1C(OO)(C)C(O)C(=O)(OO),138.05499676865293,127.08243
CC(=O)C(ON(=O)(=O))CC(=O)CC(OO)C(ON(=O)(=O))(C)C,109.61963335194741,119.43801
C1C(=O)C(=O)C(C2(=O))OOC12C(=O)(OO),100.50816650589695,85.65037
C(=O)C(=O)C(O)(N(=O)(=O))OC(=O),65.87870907711476,72.89243
C(=O)(OO)C(O)OOC(=O)C(=O)C(=O),103.8461154871402,97.810455
CC(=O)CC(OO)C(=O)CC(=O)C(ON(=O)(=O))CC(ON(=O)(=O)),134.86557302209258,137.96878
C(O)C(=O)OOCC(=O)(OO),105.19328372179007,110.58011
C1(=O)C(N(=O)(=O))(OO)C(ON(=O)(=O))C(C)(C(=O)(O))OOC1(=O),109.834130794472,109.9982
CC(ON(=O)(=O))(C(=O)(OO))C(ON(=O)(=O))(C(=O))OOC(=O)C(=O)(O),123.11547131020052,118.205154
CC(OO)C(C)C(ON(=O)(=O)),70.68797342449398,70.79194
CC(C(=O)(O))(C(=O)(O))C(C(O))C(=O)(OON(=O)(=O)),134.0688696235593,134.40485
CC(O)CC(=O)C(ON(=O)(=O))CC(=O)CC(=O)C,114.76241979088081,111.36436
CC(O)(C(=O)(OO))C(=O)C(O)(O)C(N(=O)(=O))(OO)C(=O),142.2479977430121,152.83562
C1(O)(N(=O)(=O))C(OO)OOC1(O)C(OO)C(=O),125.55755323715857,119.73486
CC1(C)C(=O)CC1(ON(=O)(=O))C(OO)(C)C(=O)(O),123.88661911993404,117.05389
C(=O)(OON(=O)(=O))C1(OO)OC1(ON(=O)(=O))C(=O)CC(=O),94.83747877339192,94.60986
C(=O)C(=O)C(C(=O)(O))(C(ON(=O)(=O)))OOC(=O)C(=O),107.4911342803025,100.89385
C1(=O)OC1C(C(=O)(OO))=C(OO)C(=O),126.65413693196024,143.93771
C(O)C(OO)(C(=O)(O))C(ON(=O)(=O))C(=O)(O),143.64393791524344,145.977
C(=O)(O)C(=O)OOC(C)(C(=O)(OON(=O)(=O)))C(O)C(=O)(O),133.93321739257226,136.49924
CC(=O)C1(OO)CC(OO)C1(C)C,99.82629817641282,102.68348
CC(=O)C(ON(=O)(=O))C(O)C(OO)C(O),127.28015464136843,122.88546
CC(=O)C(ON(=O)(=O))CCC(O)CC(=O)(OON(=O)(=O)),109.38871553863282,114.62348
C(ON(=O)(=O))OOC(C(=O)(O))(C(OO))C(ON(=O)(=O))C(=O),119.5871238396794,123.57348
CC(=O)C1(OO)OC1(N(=O)(=O))C(ON(=O)(=O))C(O)C(=O)(O),121.22368317021756,130.15575
C(=O)(O)C(ON(=O)(=O))C(O)CC(ON(=O)(=O))C(OO),124.7838583826233,139.6261
C2(=O)C(O)C(OO)C(O)(C1(O)C(OO))OOC12,152.8568996425456,150.64606
CC(=O)C(C)(C)C(OO)(C(=O)(OO))C(=O)C,104.29700240023521,109.68565
C(O)OC(=O)C(=O)C(=O)C(=O)(OO),91.0629589401724,100.558846
C1(O)C(=O)OOC1C(N(=O)(=O))C(=O)C(=O)(OO),111.05862280107249,117.35542
CC(=O)C(O)(CC(=O)(OON(=O)(=O)))CC(=O),81.9480178081867,95.72829
C(=O)(O)C1(O)OC1(C(ON(=O)(=O)))C(=O),98.9987270604106,95.54114
C(=O)(OO)C(=O)C(ON(=O)(=O))(C)C(OO)C(=O),99.26809746873187,108.133766
C(=O)(O)CC(=O)OC(N(=O)(=O))(OO)C(=O)C(ON(=O)(=O)),111.42931237877201,119.519394
C(O)CCC(=O)CC(=O)CC(ON(=O)(=O))CC(ON(=O)(=O)),130.9297622219965,127.21096
C(=O)(O)C(N(=O)(=O))=CC1(C(=O)(OON(=O)(=O)))OC1(OO),113.92998397933843,112.19647
C(ON(=O)(=O))C(C(=O))C(OO)OC(=O)C(=O),101.07910961675225,102.032234
C12CC(ON(=O)(=O))(C1(C)C)CC(O)C2(OO)C,102.36054325478472,107.58265
C(=O)(O)C(=O)OC(OO)C(=O)C(N(=O)(=O))C(=O)(OO),131.71059566421172,122.099075
C(=O)(OON(=O)(=O))C(=O)C(=O)C(O)C(=O)C(=O)C,76.8769897109305,83.18947
CC(OO)(C(=O)(OO))OC(=O)CC(=O)(OON(=O)(=O)),105.9461152159347,106.47008
C(=O)(OON(=O)(=O))C=C(C)C(O)OC(=O),85.00760688284208,81.72448
C1(=O)C(C(=O)(O))OOC1C(ON(=O)(=O))(C)C(=O)(OON(=O)(=O)),103.050786236985,102.2721
C12OOC(C2(=O))C(OO)C(O)C1(ON(=O)(=O))C(=O)(O),131.60448732830264,128.95564
C(=O)(OON(=O)(=O))C1OC1(OO)C(ON(=O)(=O))(C(OO))C(O)C(=O),129.7292723929495,135.88486
C1(=O)OC1C(OO)(C)C(=O)C(=O)(O),100.2982727186536,87.72773
C(=O)C1(ON(=O)(=O))OC1(OO)C(C(ON(=O)(=O)))=CC(=O),112.13444151973817,106.57945
C(=O)(O)C(ON(=O)(=O))C(OO)C1OC1(C(=O)(N(=O)(=O)))C(=O),119.29973718264228,127.553215
C12OOC(C1(O))C(ON(=O)(=O))C(C)C2(=O),97.17131302834605,87.55765
C1(=O)C(ON(=O)(=O))OOC1(C)C(=O)(OO),82.57449973767507,93.90047
C(=O)(O)C(C(=O)(OON(=O)(=O)))OOC(=O)C(=O)C(=O)C,103.92383466570755,98.857254
C(=O)(N(=O)(=O))C(=O)C(O)C(=O),64.07069666703319,54.703373
C(=O)(O)C1CC(OO)(C(=O)(OO))C1(C)C,132.16943414863636,142.26784
C(O)C(OO)(C(=O)(O))C(O)(C)C(ON(=O)(=O)),149.92411671745504,140.73227
C(=O)(O)C(ON(=O)(=O))C(OO)OC(=O)C(=O)C(=O),111.33705326996278,107.88289
C1(=O)C(=O)CC(N(=O)(=O))(OO)OOC1C(=O)(O),119.85074151845038,122.583626
C1(=O)OC1C(O)(C(=O)(O))C(O)C(=O)(OON(=O)(=O)),126.83370619425114,118.9146
C(=O)(OO)C(OO)C(ON(=O)(=O))C(=O)OC(=O)C(=O)C(=O),116.07743931045843,123.09328
CC(=O)CC(ON(=O)(=O))C(ON(=O)(=O))CC(=O)CC(=O),97.2858558078733,110.27936
C(OO)C(ON(=O)(=O))(C(=O)(OO))C(O)C(=O)C(=O),121.05986601385666,114.85126
C1(=O)OOC(OO)C(ON(=O)(=O))(C)C(N(=O)(=O))(OO)C1(=O),102.31133959667932,95.734436
C1(=O)CC=CC(=O)C1(O)C,74.96281113535224,77.03284
C(=O)(N(=O)(=O))C(OO)OC(=O)C(O)(C)C(=O)(O),117.97526673461107,111.78393
C(=O)(OO)C1OC1C(O)(C)C(OO)C(=O)(OON(=O)(=O)),121.42955069991876,136.2938
C(OO)C(=O)C(O)C(ON(=O)(=O))C(=O)OC(=O),108.46683947143174,121.23785
C(=O)(OO)C(=O)C(O)(O)C1OC1(C)C(=O),110.28690321170143,108.125275
CC1(C)OOC(C(=O)C)CC1(OO)C(=O),103.65081952050241,99.65552
C(=O)(OO)C(ON(=O)(=O))C1OOC(C(=O))C1(O)C(=O)(O),137.91227387092658,140.37868
C(ON(=O)(=O))CCC(=O)CCC(ON(=O)(=O))C(OO),110.80131567202625,120.77371
CC(ON(=O)(=O))(C(OO))C(OO)(C)C(OO)C(=O),134.05869412980974,134.94547
CC(C)C(O)(C(=O)(OO))C(=O)C,86.22232114200597,82.5225
C(=O)(OON(=O)(=O))C(N(=O)(=O))(OO)C(C)(C(=O)(O))OOC(=O)C(=O),117.48901951009611,116.72318
C(=O)(O)C1(ON(=O)(=O))OC1(O)C(C(OO))C(=O),128.6931699872439,116.649124
CC(=O)C(O)C1OOC(O)(C1(O)(OO))C(=O)(OON(=O)(=O)),130.80541811879084,96.754166
C(=O)(O)CC(C(=O)(OO))C(C)(C)C(=O),108.79298300982919,118.64527
C(=O)C=C(OO)C(OO)(C)OC(=O),111.78763714246452,128.62172
C(=O)(OO)C(=O)C(OO)C(O)(C(=O))C(=O)C(=O),110.2356083272607,98.226974
C2(O)C(ON(=O)(=O))C(=O)C(O)(O)C1(C(ON(=O)(=O)))OC12,125.34608812510123,117.34011
C(=O)C(=O)C(=O)C(=O)C(C(=O)(O))C,90.55852887198125,92.32251
C(=O)(O)C(OO)OOC(=O)C(ON(=O)(=O))C(=O)C(ON(=O)(=O)),127.57086001379503,128.08011
C(OO)C(=O)C1OC1C(ON(=O)(=O))(OO)C(ON(=O)(=O))C(=O)(OO),144.1388739730828,129.73416
C1(O)C(OO)C(=O)C(O)(OO)C(=O)OC1(=O),130.81776666580845,126.96607
CC(OO)(C(=O)(O))C(ON(=O)(=O))(C(OO))CC(=O),132.61051727550512,148.96797
C1(O)(O)C(N(=O)(=O))(C(=O)(O))OOC1C(ON(=O)(=O))C(=O)C(=O)(O),146.06133732779563,151.50829
C(=O)(OO)C(ON(=O)(=O))C(C(ON(=O)(=O)))(C(=O))OOC(=O),100.59723363287776,89.488815
C(=O)(OON(=O)(=O))C1(ON(=O)(=O))OC1(OO)C(=O)C(O)C(=O),97.71004120082216,97.682884
CC(=O)C(ON(=O)(=O))C=CC(OO)(C)C,95.32469230129936,92.99785
C(=O)(O)C(O)C(OO)C1OC1(OO)C(=O),139.56775803257187,142.81146
C(=O)(O)C(=O)OC(=O)C(=O)C(O)(C)C(=O)(OON(=O)(=O)),103.52772785470006,112.74018
CC(=O)CC(=O)CC(=O)CCC(OO)C(ON(=O)(=O)),122.67017098778888,127.8104
CC(ON(=O)(=O))CCCC(OO)C(ON(=O)(=O))C(=O)CC,109.19960329049354,120.07356
C(=O)(O)C1(OO)OC1C(OO)(C)C(=O)(OO),139.39297930083558,131.63278
CC(=O)C(ON(=O)(=O))(C)C(C(=O)(O))C(OO),114.25810990003811,112.76211
C(=O)(O)C(O)(C(ON(=O)(=O)))C(=O)OC(=O)C(=O)(OON(=O)(=O)),105.11493217036332,98.681526
CC(=O)CC(=O)CC(=O)C(O)C(OO)CC,107.82661841645313,127.37983
C1(O)(ON(=O)(=O))C(O)(C(=O))OOC1C(O)C(=O),114.07284989969048,112.10773
C(=O)(O)C(ON(=O)(=O))C(OO)C1(C)OC1(O)C(=O),129.34564107796905,128.80615
CCC(ON(=O)(=O))CC(OO)CC(=O)CCC(OO),132.24088261424185,134.83669
C(=O)(N(=O)(=O))C1(OO)OC1(O)C(ON(=O)(=O))C(=O),97.0135076112856,94.658066
C(=O)(O)C1OOC(=O)C=CC1(ON(=O)(=O))C(OO),122.53457906989934,128.50977
CC(=O)C(ON(=O)(=O))C(OO)(C)C(O)C(=O)(OON(=O)(=O)),105.41795369621104,103.66069
C(=O)(O)C(O)C(ON(=O)(=O))C(OO)C(O)C(=O)C(ON(=O)(=O)),153.88853885635035,172.12755
C1(O)(OO)C(C(=O)(O))OOC1(C(=O)(O))C(ON(=O)(=O))C(=O),157.4185753016427,136.63141
C(=O)(O)C(=O)OC(=O)C(ON(=O)(=O))C(O)C(=O)C(OO),138.46203195888666,142.86838
CC(=O)CC(OO)C(=O)CCCCC(ON(=O)(=O)),110.41724417408841,121.77327
C(=O)(O)C(=O)OC(OO)C(C(=O))C(=O),108.51483932659175,119.507
C1(ON(=O)(=O))OC1(O)C(=O)C(=O)C(=O)C,81.81306825584034,88.00182
C1(=O)OC1C(OO)C(O)C,103.16386485712428,86.033
C1(=O)OOC(=O)C(ON(=O)(=O))C(OO)C1(OO)C,101.45364161845646,100.715866
C(=O)(O)C(ON(=O)(=O))C(O)C1OC1(O)C(=O)(O),148.57746980884986,146.78091
C(=O)(O)C(O)C(=O)C(O)(O)C(ON(=O)(=O))C(=O)(O),164.17268012864952,157.50308
C(ON(=O)(=O))C(ON(=O)(=O))CC(O)C(OO),102.3451988131419,105.72968
CC(ON(=O)(=O))(C(=O)(O))C(=O)C(ON(=O)(=O))C(=O)C(OO),113.11795823794091,111.62331
CC(=O)C(O)C(OO)C1OC1(OO)C(=O),119.84320386672334,127.50907
C(=O)(O)C1(OO)OC1(C(=O)(O))C(OO),139.81993452641473,138.44885
C1(=O)C(=O)OOC1(C)C(ON(=O)(=O))C(ON(=O)(=O))C(=O),79.18185150322097,83.1516
C(=O)(OO)C(=O)OOC(ON(=O)(=O))(C)C(=O)C(=O)(OON(=O)(=O)),93.95186804495461,95.42273
C1(O)C(=O)OOC1C(ON(=O)(=O))C,83.13456873264658,80.58714
CC(=O)C(O)CC(ON(=O)(=O))C(OO),106.16835434597306,101.51133
C(=O)C(O)C(O)(C(=O)(OON(=O)(=O)))C(=O)OC(=O),91.62530872627394,102.78996
C(ON(=O)(=O))C(=O)OC(OO)C(ON(=O)(=O))C(=O),97.25974787813175,103.48053
C(=O)(OO)C(ON(=O)(=O))C(C)(C)C(C(=O))C(O)(C)C(=O)(O),135.04017218900117,158.52267
C(=O)(O)C1(C(ON(=O)(=O)))OC1(O)C(ON(=O)(=O))C(=O),114.55006540973409,110.0902
C1(O)C(=O)OOC1(C(=O)(O))C(ON(=O)(=O))C(=O),109.51111691816186,121.17743
C(=O)(OO)C(OO)C(O)C(=O)C(=O)C(=O)(OON(=O)(=O)),113.58217569053522,110.21995
C1(ON(=O)(=O))OC1C(O)(O)C(=O)C(OO)C(=O)C,110.68293272708252,98.69458
CC(C(=O)(O))(C(=O)(O))OOC(=O),111.52582056696701,108.14318
C(=O)(OO)C(OO)OOC(C(=O)(O))C(=O),135.98453352149954,135.01392
CC1(C)C(OO)C(=O)C1C(ON(=O)(=O))(C)C(=O)(O),120.76819989587966,116.560295
C(ON(=O)(=O))C(=O)C(C)(C(OO))C(C(=O))C(=O)C,110.59229393679561,114.03182
C(=O)(O)C=C(C(=O)(OON(=O)(=O)))C1(OO)OC1(O)C(=O),127.26238024682971,123.50356
C(=O)(O)C(ON(=O)(=O))(C(=O)(OO))C(O)(C(=O))OOC(=O),124.18890930298949,135.53888
C(=O)(N(=O)(=O))C1(O)OC1(C(=O)(OO))CC(=O),101.68357014330104,100.31977
C(=O)(OO)C(=O)C(=O)C(C)C(=O)(OON(=O)(=O)),80.87378073708533,85.68075
CC(=O)CCCCC(=O)CCC(OO),96.49769278901658,103.576805
CC(=O)C(C(OO)(C)C(ON(=O)(=O)))C(ON(=O)(=O))C(=O)CC(=O)(OO),123.9645948575344,129.44577
CC(C)(C(=O)(OO))C(ON(=O)(=O))(C(ON(=O)(=O)))C(=O),98.3167596681742,83.0588
C1(=O)C(ON(=O)(=O))OOC1(C(=O)(O))C(OO),111.9310174424536,112.40144
C(O)C(=O)C(ON(=O)(=O))C(C(=O)(OON(=O)(=O)))OOC(=O)C(=O)(OO),127.25292639186227,129.09879
C(OO)C(OO)C(C)(C(=O)(OON(=O)(=O)))C(=O)C,109.96657853470242,107.53298
C(ON(=O)(=O))C(=O)C(=O)OC(OO)CC(=O)C(=O)(OON(=O)(=O)),101.74746519642213,108.73153
CC(O)C(ON(=O)(=O))CC(OO)C(=O)CCC(OO)C,158.23490461434267,153.57535
C(=O)(O)CC(C(OO)(C)C(ON(=O)(=O)))CC(=O)(OON(=O)(=O)),123.3446952465165,130.85464
C(ON(=O)(=O))C(O)(C(OO))C(C(OO))C(=O)C,125.9163822506307,134.82288
C2(=O)CC(=O)C(C1(O))OOC12C(=O)(OO),110.76986367067002,118.544395
C(OO)C1(O)C(C(=O))CC1C(=O)C,102.91379093875003,128.79842
C(=O)(N(=O)(=O))C(=O)C1OOC(C1(O))C(=O)C(ON(=O)(=O)),96.73124474690849,110.018486
C(=O)(O)C(ON(=O)(=O))C1(C(OO))OC1C(=O)(OO),132.86342701801914,119.14756
C(=O)(O)C(=O)OOC(C(=O))C(O)C(=O)(OO),137.06709828045132,129.6599
C(=O)(OON(=O)(=O))C1OOC(O)(C1(O)(OO))C(ON(=O)(=O))C(=O),117.82309643775807,102.74147
C1(O)C(O)(C(=O)(OON(=O)(=O)))OOC1(C)C(=O),102.43882272633346,103.10275
CC(=O)C(C(OO)(C)C(=O))CC(ON(=O)(=O))C(=O),112.1758458799668,112.89256
CC(=O)C(ON(=O)(=O))(C(OO)(C)C)CC(=O)C(ON(=O)(=O)),104.31064195388171,113.802246
C1(O)(O)C(=O)OOC1(C(=O)(O))C(ON(=O)(=O))C(=O)(OO),126.32948239126563,128.77545
C1(ON(=O)(=O))C=CC(=O)OOC1(OO)C,91.92375343979802,85.504395
C(=O)(O)CC(ON(=O)(=O))C(=O)CC(=O),103.53597949254618,99.37205
CC(ON(=O)(=O))C(OO)C(ON(=O)(=O))CCC(O),115.41359455950442,117.96177
C1(O)C(OO)OOC1(C(ON(=O)(=O)))C(ON(=O)(=O))C(=O)(OO),127.06734434214741,124.06246
C12(O)OOC(OO)(C1(O))C=CC2(N(=O)(=O))(ON(=O)(=O)),113.85862805359648,121.433235
CC(ON(=O)(=O))(C)C(O)(C(O)(C)C(=O)(O))CC(=O)C(=O),138.6144446323815,142.94151
C(=O)(O)OC(=O)C(O)C(=O)(OON(=O)(=O)),92.07338254930801,92.107956
C(=O)(O)C(=O)C1OOC(OO)(C1(O))C(ON(=O)(=O)),129.17872183013242,124.57509
CC(ON(=O)(=O))(C)OOC(C(=O)(OON(=O)(=O)))CC(=O)CC(=O)(O),115.61398048928095,123.90071
C(=O)(O)CC1C(ON(=O)(=O))C(C(=O)(OO))C1(C)C,122.8544119111466,128.2801
C(=O)OOC(C)(C(=O)(O))C(OO)=CC(=O),113.96113162115944,142.6272
C(=O)(O)C1(ON(=O)(=O))OC1(O)C(O)(N(=O)(=O))C(=O),117.27669291647908,102.74594
C1(O)(N(=O)(=O))C(=O)OOC1C(OO)C(=O)(O),112.27008153926727,107.71482
C1(=O)C(=O)OOC1(C(ON(=O)(=O)))C(O)C(=O)(OON(=O)(=O)),90.99150654927507,89.645424
C(=O)(O)C(N(=O)(=O))(OO)C(ON(=O)(=O))(C)C1OC1C(=O)(OO),133.362530585473,120.06883
C(=O)(OO)C(ON(=O)(=O))C(=O)C(OO)(C(ON(=O)(=O)))OC(=O),117.79169673722936,111.10327
C(=O)(O)C(OO)C(OO)(C(=O))C(=O)C(=O)C(=O),125.54904285550583,131.64136
CC(=O)OOC(C(=O)(O))C(OO)C(=O)(ON(=O)(=O)),104.73633806488215,124.89784
C(=O)(OON(=O)(=O))C(O)(C(=O))C(=O)C(O)(O)C(ON(=O)(=O))OC(=O),114.90272135002306,121.73022
CC(ON(=O)(=O))CCC(=O)CC(=O)CC(ON(=O)(=O)),102.66210532024706,102.0468
C(=O)(O)C(N(=O)(=O))(OO)OC(=O)C=C(C(=O))C(=O),130.78371751649684,126.90892
C(O)C(=O)C(C1(O))OOC1C(N(=O)(=O))C(=O)(OON(=O)(=O)),117.70108329790673,121.042114
C(=O)(O)C(OO)C1OC1C(=O)C(OO),135.95361000669072,135.43558
C(=O)(O)C(OO)CC(C(=O)(OON(=O)(=O)))C(ON(=O)(=O))(C)C,116.85703251370433,129.35333
C(OO)C(=O)C(=O)OC(OO)C=CC(=O)(OO),140.3476771532296,139.91714
C(O)C1(O)C(O)(C(=O)(OO))OOC1C(O)C(=O),142.75014478935918,147.576
C(=O)(O)C1(C(=O))OC1(O)C(N(=O)(=O))=CC(=O),125.53292944325221,127.40334
CC(=O)C(O)C(=O)C(ON(=O)(=O))C(OO),108.39839161041891,109.869835
C(=O)(O)C=CC1(OO)OC1(C(=O)(OON(=O)(=O)))C(=O),116.5669370308533,114.698715
C(=O)(O)C(ON(=O)(=O))C(=O)C(O)(O)C(=O)C,116.15357586727623,134.55351
C(=O)(OO)C(O)(OO)C(ON(=O)(=O))(C)C(O)OC(=O),138.8640637491044,132.7184
C(=O)C1(OO)OC1C(O)(C(=O)(O))C(ON(=O)(=O))C(=O),126.09583885307075,131.37091
C(=O)(O)C(ON(=O)(=O))CC(O)CCC(ON(=O)(=O)),134.0833848862094,132.09097
C1(O)(N(=O)(=O))C(=O)OOC1(C)C(OO)C(=O)(OON(=O)(=O)),98.48684804308141,91.274
C(=O)(OO)C(O)(OO)C(O)C(ON(=O)(=O))(C)OC(=O),136.49794200110773,158.56828
C1(O)C(ON(=O)(=O))C(C(=O)(O))(C(=O)(O))OOC(=O)C1(=O),131.09780974961905,133.81477
C12OOC(C1(=O))C(=O)C(O)(C2(=O))C(=O),92.91483537926979,78.76225
CC(=O)C1OC1(O)C(ON(=O)(=O)),77.51200279342447,89.567894
C(ON(=O)(=O))C(ON(=O)(=O))(C(=O))C(=O)OOC(O)(C(=O))C(=O),102.70671211053559,123.98313
C(OO)C(=O)C1C(ON(=O)(=O))C(OO)(C(=O)(OON(=O)(=O)))C1(C)C,125.68918714555184,109.83083
C(=O)(OO)C(ON(=O)(=O))(C(=O))C(=O)C(=O),78.81857725194277,72.33596
C(=O)(OO)C1(ON(=O)(=O))OC1C(C(OO))C(=O)(OON(=O)(=O)),106.66709698177874,108.58246
C(=O)(O)C(=O)C(N(=O)(=O))C1OC1C(=O)(OO),120.15878852141759,127.57899
C(=O)(O)C(OO)(C(ON(=O)(=O)))C(ON(=O)(=O))(C)CC(=O),129.82368718725775,130.51335
C(=O)(O)C1OC1(OO)C(=O)C(O)C(=O),123.82468962277198,112.08672
C1(=O)C(=O)OOC1(OO)C(ON(=O)(=O))C(=O)C(ON(=O)(=O)),96.05930161234573,97.42356
C(=O)(O)C(O)C(O)(C(=O))C(=O)C(=O),116.53936571017402,90.754974
C(OO)C(=O)OC(O)C(OO)=CC(=O)(OON(=O)(=O)),121.39532352734386,130.89769
CC(=O)C(OO)(C1(C)C)CC1C(=O)(OO),108.97218012472877,121.971756
C(O)C(=O)C(C(=O)(OON(=O)(=O)))=C,73.53815586187557,74.6426
C1(=O)C(C(O))=CC(=O)OOC1C(=O)(OO),116.41531542129815,109.506035
C1(=O)OC1(OO)C(O)C(ON(=O)(=O))C,113.06912404169998,135.36131
C1(=O)C(OO)(C(=O)(OO))OOC1(C(=O))C(ON(=O)(=O))C(=O),112.70659884756606,115.17569
C(=O)(O)CC1C(OO)C(=O)C1(C)C(OO),134.3619260233463,131.88567
C(=O)(O)C(O)OC(=O)C(=O)C(ON(=O)(=O)),111.03426587013382,104.28566
C1(O)C(O)(C(=O)(OON(=O)(=O)))OOC1(C(O))C(ON(=O)(=O))C(=O),140.90784000224085,142.69954
C(=O)(O)C(=O)OOC(C(ON(=O)(=O)))(C)C(=O)(OON(=O)(=O)),104.17527255047025,105.12438
C(=O)(OO)C(ON(=O)(=O))C(C1(=O))OOC1(C)C(=O)(OON(=O)(=O)),97.70919836591202,93.687546
C1(N(=O)(=O))(OO)OC1(C(OO))C(=O),88.75876518663426,86.62922
C(=O)(O)C1(N(=O)(=O))OC1(O)CC(=O)C(OO),124.37425377532054,122.80852
C(=O)(O)C1(O)OC1C(OO)C(O)C(=O)(OO),157.44277890947706,166.80545
C1(O)(O)C(=O)OOC1(N(=O)(=O))C(O)C(=O)(O),112.58916918456816,125.976555
C(=O)(OO)CC(C(O))C(ON(=O)(=O))(C)C(=O),102.56358177225775,108.159874
CC(ON(=O)(=O))(C)C(OO)C(O)C(=O)C(=O)(OON(=O)(=O)),100.42160817447439,95.30738
C(O)C(OO)C(=O)C(O)C(=O),117.17853664099675,125.75531
C(ON(=O)(=O))C1(O)C(ON(=O)(=O))(C(=O))OOC1C(=O)C(=O),98.5962978858006,98.3689
C(=O)(O)C1OC1(O)C(O)(N(=O)(=O))C(OO)C(=O),143.72558032044617,139.33757
CC(=O)CC(OO)C(=O)CC(ON(=O)(=O))CCC(=O)(O),141.71140135381575,150.32384
C(=O)(O)C(OO)C(C)(C)C(C(=O)(OON(=O)(=O)))C(=O)C(ON(=O)(=O)),123.10439464933734,127.39347
CC(=O)C(C(=O)C)C(OO)C(ON(=O)(=O))C(O),117.54143478270271,123.96368
C1(=O)C(=O)OOC1C(OO)C(ON(=O)(=O))(C)C(=O)(OO),106.14509698160691,106.50916
CC(ON(=O)(=O))CCC(ON(=O)(=O))CC(=O)CC(=O)(OO),119.05629517608759,120.789406
C(=O)(OON(=O)(=O))C(=O)C(ON(=O)(=O))C(C)(C)C(C(=O))C(=O)C(OO),111.59637322055642,113.91513
C1(O)C2(O)OOC1C=C(C2(OO))C(=O)(OO),152.00695376718068,148.80232
CC(ON(=O)(=O))(C(ON(=O)(=O)))C(C(O)(C)C(=O))CC(=O),115.30677320154064,118.39356
CC(=O)CC(O)C(ON(=O)(=O))CC(OO)CC(=O)C,136.68091033808014,137.17859
CC1(C)C(OO)(C(=O)(OON(=O)(=O)))CC1C(OO)(C)C(=O)(OON(=O)(=O)),109.79310720905778,114.49001
C(=O)(OON(=O)(=O))C(=O)C=CC(OO)OC(=O)C(=O),99.30052083399642,98.53094
CC(=O)C(C(OO)(C)C)C(ON(=O)(=O))C(=O)CC(=O)(O),123.77443498205685,127.65283
C(=O)(O)C(=O)OC(=O)C(=O)C(C)C(=O)(OO),109.61930812848004,106.38774
C(=O)(OO)CC(=O)CC(C(ON(=O)(=O))(C)C)C(=O)C(=O)(OON(=O)(=O)),111.12235329765826,118.98861
C(=O)(O)C1(C(=O)(O))OC1C=CC(=O)(OO),142.2374744480694,146.32791
C(=O)(OO)C=CC1OC1(C(=O)(O))C(=O)(OON(=O)(=O)),123.07219760541193,129.97014
CC(=O)C(ON(=O)(=O))CC(=O)C(=O)C(=O)CC(OO)C,116.0795088598461,116.0545
C(=O)(OO)C(N(=O)(=O))C(=O)C(OO)(C(O))OC(=O)C(=O),134.0929219653408,130.48787
CC(O)CC(ON(=O)(=O))C(ON(=O)(=O))C(OO),107.75513272697572,110.78843
C(=O)(O)C(O)C(OO)C1(OO)OC1(C(=O))C(=O),142.28505426643096,150.80144
C2(O)C(OO)C(=O)C(O)(O)C1OC12C(=O)(OO),140.2785980864137,133.18756
C(=O)(OON(=O)(=O))CC(=O)C(=O)C(=O)C,71.9526583580373,66.92655
CCCC(=O)CC(=O)C(ON(=O)(=O))CCC,77.79080478840478,78.11654
C1C(OO)C(OO)(C)C(=O)C(ON(=O)(=O))C1C(=O)C,121.955568000325,133.06091
CC(C)(C(=O)(OON(=O)(=O)))C(OO)(C(=O))CC(OO)C(=O)C,127.15355715512123,107.78603
CC(=O)C(=O)CC(OO)CC(=O)CC(=O)(OON(=O)(=O)),104.11027098417253,123.85322
C(OO)C(=O)C(OO)CC(ON(=O)(=O))CC(=O)(OON(=O)(=O)),119.1967679810914,125.98346
CC(O)(C(=O)(O))C(=O)C(C)(C)C(C(ON(=O)(=O)))C(=O)(OON(=O)(=O)),125.25818596383033,124.86307
CC(=O)CC(=O)C(=O)CC(ON(=O)(=O))CCC(ON(=O)(=O)),107.87613071734086,110.18656
CC(=O)C(O)C1OOC(C1(O)(OO))C(=O),115.88312571978895,132.77443
C12CC(C1(C)C)CC(ON(=O)(=O))C2(OO)C(ON(=O)(=O)),95.84845913090248,94.33021
C1(O)(O)C2(OO)OOC1C=C(OO)C2(ON(=O)(=O)),137.0299102126737,134.3594
CC(ON(=O)(=O))(C)C(O)(C(=O))C(=O)C(=O)C,89.73000236594817,78.93999
CC(OO)(C)C(C)C(OO)(C)C(=O),94.95504175021051,105.72411
C1(ON(=O)(=O))OC1(C(OO))C(=O)C(OO),96.2149275943957,110.70069
C1(O)(N(=O)(=O))C(N(=O)(=O))(C(=O)(O))OOC1(O)C(=O)C(=O),101.47178684930259,133.90332
C1(O)C(C(=O)(OON(=O)(=O)))OOC1(C(=O)(O))C(O)C(=O),135.82381646499562,137.3821
C(=O)(OO)C(N(=O)(=O))(ON(=O)(=O))C(OO)C(O)C(=O)C(=O),118.97255607820262,118.77468
C(=O)(O)C(N(=O)(=O))(C(=O)(OON(=O)(=O)))OOC(=O)C(O)C(=O),112.48005381722032,110.062294
C12OOC(C1(O))C(=O)C(C2(OO))C(=O),119.97081727872865,111.86619
C1(O)C(N(=O)(=O))(OO)OOC1C(=O),94.43960380696808,88.57482
C(=O)(OO)C1(ON(=O)(=O))OC1C(C)C(=O)(OON(=O)(=O)),83.33160194857192,75.65752
C12OOC(O)(C1(=O))C(OO)C(O)(OO)C2(=O),123.32845110551716,103.28484
C(=O)(O)C1OC1C(ON(=O)(=O))(C(ON(=O)(=O)))C(O)C(=O)(O),144.74383155142277,146.73706
CC(ON(=O)(=O))(C(ON(=O)(=O)))C(C(OO)(C)C(=O)(OO))CC(=O),129.79835053279385,150.24957
C1(=O)OC1C(O)C(OO)(C(OO))C(=O)(OO),141.8332318582543,135.37935
C1(ON(=O)(=O))OC1(O)C(=O)C(N(=O)(=O))C(=O)(OO),101.08124113692611,82.854164
CC(C(=O)(O))C1(OO)OC1(ON(=O)(=O))C(=O)(OO),124.30497459648177,108.8386
C(=O)(OO)C(=O)C(OO)C(O)C(=O),110.64063453958079,109.16068
C(O)C(=O)C(C(=O))C(ON(=O)(=O))(C)C(OO)CC(=O),125.66016317217873,142.83833
C(=O)(OON(=O)(=O))C(O)C(OO)C(=O)C(=O)C(=O),97.37518721308152,99.19411
C(=O)(O)CC(CC(=O)(O))C(=O)C(OO),134.32174664008926,142.16057
C(=O)C(=O)C(OO)(C1(=O))OOC1C(=O),87.30512701610132,104.548035
C(=O)(O)OC(=O)C(C)=CC(=O)(O),111.18217737021041,107.15249
C(=O)(N(=O)(=O))C(=O)OC(OO)C(ON(=O)(=O))(C)C(=O)(O),109.1839686679159,108.04603
C1(O)C2OOC1C(OO)C(O)(C)C2(OO),147.57097000562499,158.57318
CC(ON(=O)(=O))CC(=O)CC(ON(=O)(=O))C(=O)C(=O)CC(O),122.48538058334088,130.41507
CC(OO)(C(=O)(OO))C(O)C1OC1(OO)C(=O),138.2762811881621,130.50984
C1(O)(N(=O)(=O))C(O)(C(=O)(O))OOC1(C(ON(=O)(=O)))C(=O)C(=O),123.35443377491174,142.18132
CC(=O)CC(O)CC(=O),76.72918295265117,71.581505
C(=O)(O)C(=O)C(ON(=O)(=O))C(=O)OOC(O)C(=O)(OO),134.88063390245952,135.16417
C1(O)(O)C(C(=O)(OON(=O)(=O)))OOC1(C(OO))C(=O)C(=O),132.4684178305033,104.1844
C(=O)(O)C1(O)OC1C(OO)C(O)(C)C(=O),140.49067552484485,155.2128
C2(O)(OO)C1OOC2(C(=O)(OON(=O)(=O)))C=CC1(=O),106.31748905485438,109.90263
C(OO)C12OOC(O)(C1(O)(O))C(=O)C(ON(=O)(=O))C2(ON(=O)(=O)),145.75056342480093,121.353905
CC1(C(=O))OOC(OO)(C1(O)(O))C(N(=O)(=O))(ON(=O)(=O))C(=O),127.3078248841557,122.47785
CC(=O)C(=O)C(OO)C1(ON(=O)(=O))CC(OO)C1(C)C,119.49856615757017,116.342896
C(O)C1(OO)OC1C(=O)C(N(=O)(=O))C(=O)(OO),122.08376202165528,114.18483
C(=O)(OO)C1OOC(ON(=O)(=O))(C1(O))C(OO)C(=O)(OON(=O)(=O)),128.16460718704184,118.80158
C(=O)(OO)C(=O)C(ON(=O)(=O))(OO)C1(C)OC1C(=O)(OON(=O)(=O)),117.18607932905434,101.36146
C(=O)(O)CC(C(O)(C)C(=O)(OON(=O)(=O)))C(O)(C)C(=O),133.17378920713963,138.57689
C(=O)(O)C(=O)C(ON(=O)(=O))(C(=O)(O))OOC(=O)C(=O),117.53160208635381,116.67461
CC(OO)C(O)C(=O)CC(=O)CC(=O)(O),132.5220108975118,141.9717
C(=O)(O)C1(N(=O)(=O))OOC(OO)(C(ON(=O)(=O)))C=CC1(=O),124.35526955730165,116.912506
C(=O)(N(=O)(=O))C(=O)C(C)(C(=O)(OON(=O)(=O)))OOC(=O),69.71540079126862,75.78651
CC(=O)CC(ON(=O)(=O))CCC(=O)C(OO),105.6754433076785,111.08863
C(=O)(N(=O)(=O))C1(O)OC1(O)C(OO)C(O)C(=O)(OO),140.4742790604796,155.19536
C1(O)COOC1(OO)C(OO)C(=O)(O),132.47055741657095,130.50314
C1(=O)C(OO)OOC1(O)C(ON(=O)(=O))(C)C(=O),107.71661443098128,98.36818
C1(OO)OC1C(=O)C(=O)C(=O)C(=O)C(O),107.92145792657539,106.161385
C(O)C(C(ON(=O)(=O)))C(C(OO))(C)C(=O)(OO),124.75116381666885,128.22893
CC(C(=O)(O))OOC(=O)C(ON(=O)(=O))C(=O)(O),121.91754126897285,128.66122
C1(=O)C(ON(=O)(=O))(C)C(=O)C(=O)OOC1(N(=O)(=O))C(=O)(O),100.10551584999484,89.404755
C1(O)C(=O)OOC1C=C(C(ON(=O)(=O)))C(=O),103.49725279998529,104.95351
CC1(C(ON(=O)(=O)))C(OO)C(=O)C1C(OO),113.46679009507352,111.72393
CC(=O)CCC(O)CC(O)CCC(ON(=O)(=O)),127.97312601617159,135.73323
C(=O)(O)C(O)(C(=O)(O))C(C(=O))OOC(=O),136.37244163417927,139.45009
C(=O)(OON(=O)(=O))C(O)(C(=O))C(N(=O)(=O))(C(=O)(O))OOC(=O),105.42916185203649,114.69926
C(=O)(OO)C(=O)C1OOC(O)(C1(O))C(=O)C(=O),129.32109435070015,125.66958
C(=O)(OO)C(=O)C(=O)C(O)C(OO)(C)C(=O),112.75113771761244,115.467896
C(=O)(O)C(O)C(OO)C1(C(ON(=O)(=O)))OC1(=O),124.87657504269009,126.52546
C1(OO)OC1(O)C(OO)C(O)C(=O),132.43004235014087,103.59651
C(=O)(N(=O)(=O))C(OO)OC(=O)C(ON(=O)(=O))C(=O)C(=O),90.76497841184027,90.51921
C(=O)(O)C(C(=O))=CC(=O),88.99422065327235,80.000175
C(=O)(OON(=O)(=O))C1OC1C(=O)C(C(=O)(O))C(=O),100.05827122691699,94.894
CC(O)(C(=O)(O))C(ON(=O)(=O))(C(ON(=O)(=O)))C(=O)C,118.88968873925478,112.72474
C(=O)(OO)C(OO)(C(=O)(OON(=O)(=O)))C(O)C(=O),106.89583433860389,112.51868
C(=O)(N(=O)(=O))C1(O)OC1C(=O)C(O)(C)C(=O)(OO),115.0960934597897,143.60178
C1(O)C(=O)OOC1(O)C(ON(=O)(=O))C(=O)C(=O),99.50360461758828,105.71449
CC(=O)C(C(=O)(OON(=O)(=O)))C(C)(C(OO))C(ON(=O)(=O))C(=O)C(=O),113.18111648241029,111.54607
C(=O)(O)C(O)C(OO)C(ON(=O)(=O))OC(=O),121.78019201539428,126.088776
C1(=O)C(=O)C(O)C(=O)OC(OO)C1C(O),136.86725589032721,108.80643
CC(=O)C(=O)C(O)(C1(O)(N(=O)(=O)))OOC1C(=O)(O),122.67751145820512,101.115395
C(=O)(OON(=O)(=O))C1(OO)OC1(ON(=O)(=O))C(OO)C(=O),97.92651308446511,103.282875
C(=O)(N(=O)(=O))C1(OO)OC1C(ON(=O)(=O))(C)C(O)C(=O)(O),122.71431362169096,132.25595
C(=O)C(=O)OC(=O)C(ON(=O)(=O))(C)C(O)C(=O),91.92286932839488,91.400444
C(ON(=O)(=O))C(C(=O)(OON(=O)(=O)))C(=O),69.45235654390126,66.226234
CC1(C(=O))OC1C(O)C(=O)C(=O),87.91938494852366,87.21879
CC(=O)C(ON(=O)(=O))C(=O)C(OO)C(C(ON(=O)(=O)))(C)C(=O),107.64827634406538,116.65833
C(O)C(=O)C(ON(=O)(=O))C(OO)(C1(=O))OOC1(O)C(=O)(OON(=O)(=O)),137.35563668711256,134.51857
C1(ON(=O)(=O))OC1C(ON(=O)(=O)),62.03104536549654,60.07521
C(O)C(ON(=O)(=O))(C(=O)(OON(=O)(=O)))C(O)C(=O)C(=O)C(=O),106.61798957380961,112.196976
C(=O)(O)C(O)C(=O)C1OC1(OO)C(=O),121.01925113138714,119.21563
C1(=O)C(C)=C(N(=O)(=O))C(=O)OOC1C(=O)(O),101.45504767034436,99.07909
C(O)C(=O)C(OO)C(N(=O)(=O))(C(=O)(O))OOC(=O),131.86871883599815,130.81866
C(=O)C(ON(=O)(=O))OOC(C(=O)(O))(C(=O))C(OO)C(=O),133.79977600600978,129.53459
C1(O)(N(=O)(=O))C(OO)(C(=O)(O))OOC1(C(O))C(=O)C(=O),150.1738701091308,148.39882
CC(=O)C(C)CC(ON(=O)(=O))C(ON(=O)(=O)),79.80986968212528,78.98748
C1(O)(O)C(=O)OOC1(O)C(ON(=O)(=O))C(=O)C,114.2725417966285,112.079445
CC(=O)C(O)(N(=O)(=O))C(=O)C1OC1(OO)C(=O),104.85713599115843,104.293564
C(=O)(O)C=CC1(O)OC1(O)C(=O)C(=O)(OO),145.05729961330508,127.14293
C(O)C(OO)CC(=O)CCC(=O)C(ON(=O)(=O)),130.3605202601466,128.49068
C(O)C(ON(=O)(=O))C(C)C(OO),95.92640954745002,94.6276
C(=O)(OO)C(=O)C(OO)C(=O)C(=O),91.36574644179927,100.333786
CC(=O)C(CC(=O)(OO))C(O)(C)C(=O),107.0108921172723,121.4998
CC(=O)C1CC(C(=O))C1(C)C,61.066463267481595,66.7758
CC(OO)(C(=O)(OON(=O)(=O)))C(O)C1OC1(ON(=O)(=O))C(=O),106.67590022430522,108.65492
C(=O)(O)C1OC1(C(OO))C(ON(=O)(=O))C(O)C(=O)(OO),151.56471004858759,156.49495
C2(=O)C(O)C(=O)C(C1(O))OOC12C(=O),103.22988403968338,115.12016
CC(=O)C(C(ON(=O)(=O)))C(OO)(C)C(OO)C(ON(=O)(=O)),122.5503897357703,134.1626
C(=O)(O)C1OC1C(=O)C(OO)(C)C(=O)(OO),130.64987486098107,151.1368
C(=O)(OO)C(ON(=O)(=O))C(OO)(C(ON(=O)(=O)))C(=O)OC(=O),110.13682753662579,98.1225
C(=O)(N(=O)(=O))C1(O)OOC(OO)C1(O)C(=O),104.14540351189498,80.539825
C(=O)(O)C(OO)C(O)(OO)C1OC1C(=O)C(=O),142.15335194829822,138.262
CC(ON(=O)(=O))CCCC(ON(=O)(=O))C(=O)CCC(=O)(O),126.79107478113292,124.101166
C12OOC(O)(C1(O)C)C(ON(=O)(=O))C(OO)C2(ON(=O)(=O)),126.16094164297829,121.268974
CC(OO)(C)C(C(O)(C(O))C(=O)(OO))CC(=O),142.31209548342304,142.61194
C(ON(=O)(=O))CCC(O)CC(=O)C(=O)CC(=O)C(ON(=O)(=O)),125.75366990387556,134.60133
C(=O)(OO)C(O)(O)C1OC1(C(ON(=O)(=O)))C(O)C(=O),138.14593045552465,136.24133
C(=O)(OO)C(O)(O)C1OC1C(ON(=O)(=O))(C)C(=O),116.40725565880712,122.99546
CC(ON(=O)(=O))(C)C(OO)(C(OO))C(O)(C)C(=O)C(=O),130.98778990635037,134.12633
C(=O)(N(=O)(=O))C(=O)C(C)(C(=O))OOC(=O),67.57644461829477,76.09592
C(=O)(OON(=O)(=O))C(=O)C(=O)C(O)C1OC1C(=O),88.88417829121317,92.596146
C1(OO)C=CC(=O)OOC1(C)C(=O)(OON(=O)(=O)),92.46189374847017,91.74851
CCCCC(=O)CC(=O)C(O)C(ON(=O)(=O))C,100.52346179121378,82.507935
C(ON(=O)(=O))C(OO)(C(=O)(OO))C1CC(C(=O)(OON(=O)(=O)))C1(C)C,125.89561959057755,116.33194
C(ON(=O)(=O))C1(OO)OC1C=C(OO)C(=O)(OO),135.6804246377651,109.35901
CC(OO)(C)C(C(ON(=O)(=O)))C(=O)C(=O)C(=O)C(OO),118.03525146392349,118.873924
C(=O)(OON(=O)(=O))C(=O)OC(=O)C=C(OO)C(=O),94.05132530826813,74.85343
C(ON(=O)(=O))C(=O)C(ON(=O)(=O))C(O)(C(=O)(O))OOC(=O),121.21303990128217,122.75605
C(=O)(OON(=O)(=O))C1OC1C(C)=CC(=O)(OON(=O)(=O)),74.79634185231407,81.71612
C1(OO)OC1C=C(OO)C(=O)(O),116.03785721699387,105.60939
CCCC(ON(=O)(=O))C(O)C(OO)CC(ON(=O)(=O))CC,114.13767282707704,112.30613
C12OC1C(O)(OO)C(=O)C(OO)C2(O)C(OO),146.87235007726122,157.16104
C1(O)(O)C(C(=O)(OO))OOC1(C)C(ON(=O)(=O))C(=O)(OO),141.66573690054065,160.87007
CC(=O)C(=O)CC1C(OO)C(=O)OOC1(C)C,103.257823859989,90.24143
CC(=O)C(ON(=O)(=O))OOC(=O)C(N(=O)(=O))(OO)C(=O)(OO),115.01022698084125,104.51318
C(=O)(OON(=O)(=O))C(O)C(ON(=O)(=O))(C)C(C(=O))C(C)(C)C(=O),107.56132633842208,119.285
C(=O)(OO)C(O)(N(=O)(=O))C(ON(=O)(=O))C1OC1C(=O),111.29466692431015,114.44959
CC(=O)C(O)CC(ON(=O)(=O))C(OO)C(=O)(OON(=O)(=O)),121.9281771367605,115.5579
C(=O)(OO)C(O)C(C(=O)(OO))C(ON(=O)(=O))(C)C(=O),120.05063578856789,121.912056
C2(=O)C(OO)=CC(C1(O))OOC12C(=O)(O),138.10567969517433,138.06891
C1(=O)C(=O)C(=O)C(O)C(=O)OC1(OO)C,111.04998755798442,109.46411
CC(=O)CCC(O)C(ON(=O)(=O))CC(ON(=O)(=O)),114.6946905746372,109.418
C1(O)(O)C2(N(=O)(=O))OOC1(C)C(ON(=O)(=O))C(=O)C2(=O),99.91547729216836,98.77826
C(O)C1(C(=O)(O))OC1C(OO)C(O)C(=O)(OON(=O)(=O)),147.94818792690785,150.93651
C(=O)(O)C1OC1C(OO)=C(C)C(=O)(OON(=O)(=O)),107.49820014493162,120.01561
C(=O)(O)C(=O)C(ON(=O)(=O))C(=O)OOCC(=O)(O),129.83416204782407,128.48788
C(=O)(OO)C1=CC(=O)C(OO)(C2(O))OOC12,119.62471310022374,137.05286
CC(=O)C(=O)CCC(ON(=O)(=O)),68.27164301678567,67.23906
CC(ON(=O)(=O))(C)C(OO)(C(=O)C(ON(=O)(=O)))CC(=O)C(=O)(OO),134.69629301175883,141.12016
C(O)C1(C(=O)(N(=O)(=O)))OC1C(OO)C(O)C(=O)(O),150.19519731808396,161.63821
C12CC(OO)(C1(C)C)C(O)C(ON(=O)(=O))C2(ON(=O)(=O))C,107.64410673259408,109.68314
C(=O)(O)C(O)(N(=O)(=O))C(O)(C1(O)(O))OOC1(C(OO))C(=O),151.73434255600296,164.69278
C(=O)(OON(=O)(=O))C(=O)C(OO)C(ON(=O)(=O))OOC(=O),88.16685823880835,85.26076
C1(O)(O)C(N(=O)(=O))OOC1C(=O)(O),107.26902688218252,102.669
C(=O)(OON(=O)(=O))C=C(C(OO))C1(OO)OC1(O)C(=O),130.24498536124884,129.56483
C(ON(=O)(=O))C(=O)C(O)(C(ON(=O)(=O))C(=O))OOC(=O)C(=O),107.53318709061568,115.09799
C(=O)(OON(=O)(=O))C1OC1(OO)C(OO)=CC(=O)(OON(=O)(=O)),105.95062945046811,103.2028
CC(=O)C(O)C(ON(=O)(=O))OOC(C(=O)(O))C(=O),122.67244929404842,131.09802
C(=O)(O)C(OO)C(ON(=O)(=O))C1OC1C(=O)C(OO),147.60062601888058,148.04729
CC(ON(=O)(=O))CC(=O)CC(ON(=O)(=O))C(=O)C(=O)C(O),119.391738352635,130.16295
C(=O)(N(=O)(=O))C(=O)C1(C(O))OOC(C1(=O))C(=O),92.53287310087762,78.72242
C(O)C(ON(=O)(=O))(C(O))C(C(OO))(C)C(=O)(OO),140.0400121314742,130.74928
CC(OO)(C)CC(ON(=O)(=O))C(=O)(OO),96.93459070107201,93.234795
C(OO)C(=O)C(=O)OOC(ON(=O)(=O))(C(=O)(O))C(=O),113.17247927080462,111.85108
C(=O)(O)C1OOC(OO)(C1(O))C(O)(C(ON(=O)(=O)))C(=O),149.19372707537696,166.48065
CC(C(=O)(O))(C)C(C(=O)(OON(=O)(=O)))C(=O),89.96325115295622,94.96509
C1(=O)OC1C(OO)C(O)C(=O)C(=O)(OO),123.82750070337352,111.20788
CC(C(=O))C(ON(=O)(=O))(C)C(OO)C(=O),89.68318493121478,99.52431
C(=O)(OO)C(OO)C(O)C1(O)OC1(ON(=O)(=O))C(=O),136.1745791373978,142.7721
C(=O)C(O)C(=O)C(N(=O)(=O))(OO)OC(=O),91.32895795277,96.19869
CC1(C(=O)(O))OOC(C1(O)(ON(=O)(=O)))C(=O),112.80376661634364,131.8478
C(=O)C(=O)C(O)(N(=O)(=O))C(O)(C)C(O)C(=O),107.6119147454956,104.82284
CC(=O)C(ON(=O)(=O))C(C(OO))C(=O)C,93.4739648037139,92.94785
C(=O)(N(=O)(=O))C1(O)OC1(C)C(=O)C(O)C(=O)(OON(=O)(=O)),99.74212478824484,96.01343
CC(ON(=O)(=O))CC(=O)CCC(ON(=O)(=O))CC(=O)C(O),126.88608438285155,139.27013
C1(=O)C=C(OO)C(ON(=O)(=O))OOC1C(=O)(O),128.36097556007735,139.50958
C1(=O)C(O)C(=O)C(=O)OOC1C(=O)C,94.1440765426014,89.24627
CC(=O)C(N(=O)(=O))(OO)C(O)(O)C(=O)C(=O)(OON(=O)(=O)),102.93101277209644,120.10674
C(=O)(OON(=O)(=O))C(ON(=O)(=O))C(C(=O)(O))OOC(OO)C(=O),126.33353284154146,123.04153
CC1(C)C(OO)CC1C(O)C(=O)(O),113.92770728115283,115.31832
CC(=O)C1OOC(N(=O)(=O))(C1(O))C(=O)C(=O)(O),114.75713803276449,127.80321
C1(ON(=O)(=O))C=CC(OO)OOC1(C(O))C(=O)(O),140.39233230846003,136.58446
C1(OO)CC(OO)OOC1(C)C,99.24581587291323,92.26473
C(=O)OOC(O)(C(=O)(N(=O)(=O)))C(=O)C(=O)C(=O),81.18182156716648,85.58678
CC(OO)(C(OO))C(ON(=O)(=O))(C)CC(=O)C(=O)(OON(=O)(=O)),127.54725900608173,122.72952
C1(=O)C(=O)OOC1(ON(=O)(=O))C(ON(=O)(=O))C(=O)C(=O),72.79382408965466,72.71269
CC(OO)(C)C(=O)C(ON(=O)(=O))(C)C(ON(=O)(=O))CC(=O)C(=O),113.53594942349446,106.49439
C(=O)(O)C(ON(=O)(=O))C1(C(=O)(OON(=O)(=O)))OOC(OO)(C1(O))C(=O),136.75955656576116,136.20413
CC(C)C(O)C(=O)(O),82.54968721045589,74.68846
C(=O)(O)C(O)(N(=O)(=O))C(O)C(=O)OC(=O),114.90913434554386,120.58154
CC(=O)CC(=O)C(=O)OC(OO)C(=O),91.78675201344595,98.18484
C(ON(=O)(=O))C(=O)C(ON(=O)(=O))OOC(=O)C(OO)C(=O),102.50137176820863,105.59349
CC(=O)C(C(ON(=O)(=O))(C)C)CC(=O)C(ON(=O)(=O))C(=O)(OO),107.9308980650676,120.7302
CC(O)(C(=O)(OO))C(=O)C(=O),82.91408276544098,81.57248
CC(C)(C(=O)(OO))C(C(=O)(OON(=O)(=O)))CC(=O)C(=O)C(ON(=O)(=O)),117.9456582580533,108.71584
CC(=O)C(C(=O)(O))C(C)(C(ON(=O)(=O)))C(=O)C(ON(=O)(=O)),116.56496481600334,122.854836
C(=O)(N(=O)(=O))C(O)C(OO)(C(O))C(=O)(OO),121.1524610221386,120.84304
C(=O)(OON(=O)(=O))C(O)C(OO)(C(OO))C(=O),115.69389991839125,115.1187
CC(=O)C(ON(=O)(=O))C1OOC(ON(=O)(=O))(C1(O)(O))C(=O)(O),126.41671529455925,148.94518
CC(=O)C(=O)C(ON(=O)(=O))C(C(O)(C)C)CC(=O)(OO),116.27403968366707,114.42621
C(=O)(OO)C(N(=O)(=O))C1OC1C(=O),93.0240900087083,83.32331
C(=O)(OON(=O)(=O))C(OO)C(C(=O))OOC(=O)C(O),110.12318170060462,115.1969
C(=O)(OO)C1OC1(C)C(=O)C(=O)C(=O)(OO),106.23074134211492,114.90477
C(O)C(=O)C(=O)OC(=O)C(O)(O)C(=O)(OON(=O)(=O)),117.62707254991983,96.97169
CC(ON(=O)(=O))(C)C(C(=O)C(O))CC(=O)(OON(=O)(=O)),98.64417446179868,104.06365
C(=O)(O)C(ON(=O)(=O))OOC(O)(C(=O)(O))C(=O)(OON(=O)(=O)),129.35239777928655,128.04826
CC(ON(=O)(=O))C(ON(=O)(=O))C(=O)CCC(=O)CCC(O),123.03664951444807,122.09021
CC1(C(=O)(O))OOC(O)(C1(O)(N(=O)(=O)))C(=O)C(=O)(OO),140.36317256413895,126.638596
CC(=O)C(C(OO)(C(O))C(O))CC(=O)(OON(=O)(=O)),127.55950057823793,132.43234
C(=O)(OO)C(=O)C(ON(=O)(=O))(C(OO))C(=O)(OON(=O)(=O)),98.20949753261084,91.93884
C2(OO)C=CC(O)(C1(O))OOC12C(=O)(OO),135.48920169932535,130.20352
C(OO)C(=O)C(O)C(ON(=O)(=O))C(O)(C)C(=O)(OON(=O)(=O)),119.02712214340136,119.12216
C(=O)C(=O)OOC(ON(=O)(=O))(C(=O)(OO))C(O)C(=O),111.7052607338992,114.19801
C(=O)(OON(=O)(=O))C1(OO)OC1C=C(C(=O)(OO))C(=O),111.017959591627,115.49664
CC1(C(=O)(N(=O)(=O)))OC1C(=O)C(O)C(=O)(O),105.28664149319229,108.26485
C(ON(=O)(=O))C(OO)C(C)(C)C(C(=O)(OON(=O)(=O)))C(=O),105.3340649049278,105.14559
C(=O)(O)C(C(=O))=CC(=O)OC(=O),92.359825958898,96.76529
C(=O)(ON(=O)(=O))C(ON(=O)(=O))C1OOC(C1(O)(O))C(=O)(OO),116.44593383651954,135.25304
C12(O)OOC(O)(C1(O))C(ON(=O)(=O))C(O)(C)C2(=O),119.63073431640805,121.223785
C(=O)(O)C(=O)C(OO)C(O)C(=O)C(=O)C(=O)(OON(=O)(=O)),124.55952929868363,122.753624
C(=O)(O)C(C(ON(=O)(=O)))OOC(ON(=O)(=O))C(=O)C(=O),114.21399587109772,108.7609
C(=O)(N(=O)(=O))C(=O)OC(OO)C(ON(=O)(=O))C(O)(C(O))C(=O)(O),148.28092367158388,145.66203
C(OO)C(OO)C(ON(=O)(=O))(C(ON(=O)(=O)))C(=O)CC(=O),126.52492489630822,123.68812
C12CC(=O)C(OO)(C)C(ON(=O)(=O))(C2)C1(OO)C,116.92254301827779,115.07092
C(ON(=O)(=O))C(OO)(C(=O)(OO))C(=O),89.69323081670882,84.00652
C(=O)(OO)C(ON(=O)(=O))C(O)C1OC1(C)C(=O),112.5302289162064,104.259796
C(=O)(O)C(O)(O)C(=O)C(O)C(=O)C(ON(=O)(=O)),132.8569246414918,128.63322
C(=O)(O)C1(OO)OC1(OO)C(C(ON(=O)(=O)))=CC(=O),139.91668338341697,150.29497
C(=O)(O)C(ON(=O)(=O))C(OO)(C(OO))OC(=O)C(=O),135.59638480711874,128.15771
C(=O)C(=O)C1OC1(C(=O))C,64.1421774724513,59.393387
C1(O)COOC1(C(OO))C(OO)C(=O),132.13962285150774,131.95035
C(=O)(OON(=O)(=O))CC(C)(C(OO))C(=O),86.68632165210875,89.05644
CC(ON(=O)(=O))(C(=O)(O))OOC(=O)CC(=O)C(OO),115.56053064303705,129.28622
CC(ON(=O)(=O))(C)C1CC(ON(=O)(=O))C(OO)(C(=O))C(=O)C1,118.95353830396925,119.15057
C(=O)C(O)(OO)C(ON(=O)(=O))C1OC1C(=O),106.20779259109258,95.30504
C(=O)(OO)CC1OOC(=O)C1(O)C(=O)(OON(=O)(=O)),110.8216969729474,114.7062
CC(=O)C(O)C1OC1C(O)(OO)C(=O)(OON(=O)(=O)),118.77398149617511,110.984825
C(ON(=O)(=O))C(=O)OOC(OO)(C(=O)(O))C(OO),126.45829648103245,129.28987
C(=O)(OON(=O)(=O))CC(C1(=O))OOC1(C(=O)(OO))C(=O),103.95206416457222,98.902855
C1(O)(O)C(C(=O)(OON(=O)(=O)))OOC1C(O)C(=O)(OON(=O)(=O)),119.43885399686405,121.12914
CC(ON(=O)(=O))(C(=O)(O))OOC(OO)C(=O)(O),130.36138162254065,132.40762
C12OOC(C2(=O))C(=O)C(OO)(C1(O))C(=O)(O),127.42465967260796,96.71471
C12OOC(O)(C1(O))C(N(=O)(=O))=C(OO)C2(OO),154.73984215620294,139.5557
CC(=O)C(=O)CC(=O)C(OO)C(OO)CCC,119.3484441203691,115.29978
CC1(O)C(=O)OOC1(O)C(N(=O)(=O))(OO)C(=O)(OON(=O)(=O)),104.4969207389513,108.5625
C1(OO)OC1CC(=O)C(=O)(OON(=O)(=O)),85.85239391435607,87.21686
C1(ON(=O)(=O))C=CC(C2(O)(OO))OOC12C(=O)(O),126.94401759599714,135.9921
C(=O)(O)C1(N(=O)(=O))OC1(OO)C(O)(C)C(ON(=O)(=O))C(=O),131.25059609036543,143.5753
CCCC(=O)CC(ON(=O)(=O))C(ON(=O)(=O))CC(=O)C,93.92074941972533,97.08821
C(OO)C1(O)C(=O)OOC1CC(=O),98.54351668401068,107.85674
CC(=O)C(ON(=O)(=O))C(C)(C(=O)(OON(=O)(=O)))C(C(=O))CC(=O)(OO),112.30318549515505,113.333725
CCCCC(=O)C(O)C(ON(=O)(=O))CC(=O)C,96.17129363027198,102.383026
CC(=O)C(C(OO)(C)C)CC(=O)C(ON(=O)(=O)),93.62144290948345,106.887856
C(=O)(O)C1CC(OO)(C1(C)C)C(OO)(C)C(=O)(OO),155.5565929696386,125.69799
C1(=O)C(OO)OOC1(O)C(=O)C(=O)C(=O)(OON(=O)(=O)),98.71895725794457,93.07115
CC(=O)C(OO)C(C)(C(ON(=O)(=O)))C(C(=O))CC(=O)(OON(=O)(=O)),122.34003080519324,134.61421
C(=O)(O)C(=O)OC(OO)C(=O)C(C)C(=O)(OO),131.0171780370947,128.05563
C1(=O)C(O)(C(=O))OOC1(C(ON(=O)(=O)))C(=O)C(=O),91.1439672826964,94.64104
C(=O)(O)C(ON(=O)(=O))C1(O)OOC(ON(=O)(=O))(C(=O))C1(O)C(=O),131.2337837774321,129.11769
C(=O)(O)CC(=O)C(C)(C)C(O)(C)C(=O)(OON(=O)(=O)),120.41723781229666,112.924866
C(=O)(OON(=O)(=O))C1(O)C(O)(C(ON(=O)(=O))C(=O))OOC1C(=O),107.6425520805351,116.30708
C1(O)(O)C(C)OOC1C(ON(=O)(=O))C(=O),102.64930711532361,99.69928
CC(OO)(C)C(OO)C(ON(=O)(=O))C(=O)C(=O)C(O),130.30127744057972,111.098755
C(=O)(O)OC(=O)C(OO)(C)C(=O),95.1124868208426,98.90252
C(=O)(OO)C(O)(O)C(=O)C=C(C(=O)(O))C(=O),141.0010972243108,127.034065
C1(=O)C(ON(=O)(=O))C(O)C(OO)C(ON(=O)(=O))C1(O)C,128.0729990671025,112.91788
C(=O)C(=O)C(=O)C(O)(C1(O))OOC1C(=O),109.21352316849516,100.77168
C(=O)C1(OO)OC1C(O)(C)C(OO)C(=O),121.97939777612919,130.17667
CCCC(O)C(OO)C(OO),115.33597210712469,104.477325
C(=O)(O)C(ON(=O)(=O))CC(ON(=O)(=O)),91.7902429267051,87.84751
CC(ON(=O)(=O))(C)C(ON(=O)(=O))(C(=O)(OO))CC(=O)C(O)(C)C(=O),124.13074556774518,129.88902
C(ON(=O)(=O))CC(=O)C(ON(=O)(=O))C(=O)CCC(=O)(OO),116.98453561472706,115.32338
C(=O)(OON(=O)(=O))C(OO)C(ON(=O)(=O))(C)C1(OO)OC1C(=O),108.2676430951542,116.904854
C(ON(=O)(=O))C(=O)C(=O)C(O)C(O)C(ON(=O)(=O))C(=O),113.4987629013267,110.69739
C1(O)C=CC(C(=O)(O))(C(OO))OOC1(=O),134.38645378337242,127.787186
C(=O)(OO)C1(OO)OC1(C(=O))CC(=O)(O),121.38940477960568,114.599884
CC(=O)C(N(=O)(=O))(ON(=O)(=O))C(=O)OOCC(=O)(OO),100.20843321923894,91.52989
C(O)C(=O)C1OC1(O)C(=O)(N(=O)(=O)),101.59409357178811,105.8829
C1(O)(OO)C(N(=O)(=O))(ON(=O)(=O))OOC1C(=O)C(=O)C,104.7793471468758,113.849106
CC(O)CCC(=O)C(ON(=O)(=O))C(=O)CCC(ON(=O)(=O)),108.60251015086396,112.85231
CC1(C)C(=O)C(OO)C1(ON(=O)(=O))C(ON(=O)(=O))(C)C(=O)(O),124.82003393560444,122.68647
C(=O)(O)C=CC1(ON(=O)(=O))OC1C(=O)(OO),115.27279814101348,114.53596
CC(=O)C1CC(C1(O)C)C(ON(=O)(=O))C(=O)(OO),112.67319509327353,132.45168
C(=O)(OO)C(=O)C(OO)(C)OC(=O),96.17675889100065,99.629196
C(=O)(OO)CC(=O)C(C)(C(ON(=O)(=O)))OOC(=O),105.5939494741906,96.83943
CC(O)C(C)(C(=O)(OO))C(OO)CC(=O)(OON(=O)(=O)),127.19143306549086,140.92331
CC(=O)C1C(ON(=O)(=O))C(OO)(CC(=O)(O))C1(C)C(ON(=O)(=O)),129.25023306690127,144.06892
C(=O)OC(=O)C(O)(O)C(=O)C(OO)C(=O)C,112.84765835272992,145.38902
C2(=O)C(=O)C(=O)C(OO)C1(C(ON(=O)(=O)))OC12,104.22445355010132,104.34352
C(=O)(OO)C1(O)OC1(N(=O)(=O))C(O)C(=O),110.1844410190024,115.31405
C1(OO)C(O)(C)C(ON(=O)(=O))C(=O)OOC1C(=O)(OO),127.5900612976402,136.89989
C(O)C1(O)C(=O)OOC1C=C(=O),90.7954414073829,84.745705
C1(O)COOC1(C(ON(=O)(=O)))C(=O)(OON(=O)(=O)),90.34698725589988,91.83529
C(=O)(OO)C(=O)C(=O)C(O)(C(ON(=O)(=O)))C(=O),99.47004638519138,91.98993
C(=O)(O)C(O)C(=O)C(O)C(O)(OO)C(=O),142.91365556126402,147.29826
CC(=O)C(C(ON(=O)(=O)))C(C(O))(C)C(=O)(OON(=O)(=O)),99.98731142718316,99.6279
C(=O)(OON(=O)(=O))C(O)CC(C(=O))C(C)(C)C(=O)(O),123.6029393084682,125.96656
CC(OO)(C)C(ON(=O)(=O))C(ON(=O)(=O))(C)C(=O)CC(=O)C(=O)(OO),126.60780311317649,131.08037
C(=O)(O)C(ON(=O)(=O))C(O)(ON(=O)(=O))C(O)C(=O)C(=O),127.49867902263941,115.115105
C(=O)C(O)C(=O)C1(ON(=O)(=O))OC1(O)C(=O),96.60293497034581,87.44246
C(=O)(O)C(O)(C(=O)(OON(=O)(=O)))C1OOC(C1(O))C(=O)(OON(=O)(=O)),128.71920975244575,133.55235
C(OO)C(=O)C(C(=O))OOC(=O)C(=O),94.16322863243113,99.15109
C1(OO)OC1(O)C(=O)C(=O)(OO),93.86233345307119,95.19851
C(=O)(OO)C(=O)C(OO)C(C(ON(=O)(=O)))(C)C(=O),105.3301248240532,111.70958
C(=O)(OO)C(=O)CC1OC1C(=O)(OO),117.21131220376265,132.1937
C(ON(=O)(=O))C(=O)OOC(ON(=O)(=O))C(=O)(OO),95.17836581282609,104.94761
C(=O)OOC(O)(C(=O)(OON(=O)(=O)))C(=O)C(=O),79.82354729536746,76.895515
CC(ON(=O)(=O))(C)C(C(=O))C(O)C(=O)C(OO)(C)C(=O),123.26478387763927,109.19571
C(=O)(OO)C(=O),58.257473332640075,63.469772
CC(=O)C(=O)C(C)(C)C(C(ON(=O)(=O)))C(=O)(OON(=O)(=O)),87.0104230080251,76.65628
C1(O)(N(=O)(=O))COOC1(O)C(OO)(C)C(=O),108.47220361338259,114.52771
CC1(ON(=O)(=O))OC1C(O)C(ON(=O)(=O))C(=O)(O),106.11963248640677,114.35629
C(ON(=O)(=O))CC(=O)CCCC(=O)(OON(=O)(=O)),87.51245343892515,90.01792
C(OO)C(=O)C1(O)OC1(N(=O)(=O))C=CC(=O)(OO),125.8890887262969,160.32198
C1(ON(=O)(=O))C(=O)C(ON(=O)(=O))C1(OO)C,90.2440829337429,79.870636
C(=O)(O)C(OO)(C(=O))OOC(=O),94.63477630558191,95.16701
CC(=O)C(C)(C(OO))C(ON(=O)(=O))(C(=O)(OO))C(=O)C,115.49446407396317,109.7349
C(OO)C(OO)C(C)(C)C(C(=O))C(=O)C(OO),137.36732225507149,139.22762
C(=O)(O)C1OC1C(C(=O)(OO))=CC(=O),120.86858328889502,121.868706
C(=O)(N(=O)(=O))C1(O)OC1C(O)(C)C(OO)C(=O)(OON(=O)(=O)),116.30325004056067,119.537926
CC(O)(C)C(=O)C(OO)C(=O)C(O)(C)C(=O)(OON(=O)(=O)),123.68797457148321,112.585625
C(=O)(O)C(O)C(C)(C(OO))C(=O)C(=O)(OON(=O)(=O)),124.04598017469107,131.61404
C(=O)(OO)C(ON(=O)(=O))C(=O)C(C)(C(OO))C(=O),104.65540746719489,103.059494
C(ON(=O)(=O))C(O)(C(=O))C(ON(=O)(=O))C(=O)OC(=O)C(=O),101.87393354498636,92.161804
C(=O)(O)C1(OO)OC1(OO)C=CC(=O)(OO),144.54416143447452,154.08195
C(=O)C(OO)C(C1(O))OOC1(C(=O))C(=O),120.99668463593844,118.334984
CC(C(=O)(O))C(C)(C)C(OO)C(OO),114.48209481543017,122.82078
C(OO)C1(C(=O)(OON(=O)(=O)))OOC(O)(C1(=O))C(O)(N(=O)(=O))C(=O),114.8400601106041,122.8242
C(=O)(O)C(C(=O))OOC(ON(=O)(=O))(C)C(OO)C(=O),117.82014248143241,132.12892
C(=O)(O)OC(=O)C(O)(O)C(=O)C(=O),115.40500946254906,127.62317
C(=O)(O)C1(OO)OC1C(OO)C(=O)C(=O),125.334681916298,116.790504
CCC(=O)CC(ON(=O)(=O))C(OO)C(OO),116.16599266717094,113.719826
CC(=O)CC(OO)CC(=O)CC(=O),99.43071327760117,106.772545
C(ON(=O)(=O))C(C(=O))C(C)(C)OOC(=O),76.54766997530533,82.20251
C1(=O)C=CC=CC1(O)C(ON(=O)(=O)),67.36381054416415,69.526825
C(=O)OC(ON(=O)(=O))C(OO)(C(=O))C(=O)C(=O),87.20319162256783,94.41305
C(O)C1(O)C(=O)OOC1C=CC(=O)(OON(=O)(=O)),106.68815451183764,103.87859
C(=O)(O)C(OO)(C(ON(=O)(=O)))OC(=O)CC(=O)(OO),132.38341772059357,152.5944
C(=O)(O)C(O)C1(C)OOC(C1(O)(O))C(=O)(OON(=O)(=O)),138.52162360293732,125.107544
C1(OO)OC1(C(=O))C(=O)C(=O)(O),97.89241988756112,104.13863
C(=O)(O)C1(OO)OC1(C(=O)(OON(=O)(=O)))C(=O)C(O),118.92355160132138,120.16544
CC(OO)(C(=O)(O))C(=O)OOC(N(=O)(=O))(C(=O)(O))C(=O),144.24454965997575,139.86041
C1(O)C(C(=O))OOC1(C(=O)(O))C(=O)C(=O),120.27133536229667,114.540016
C(=O)(OO)C(C(=O)(OO))=CC(=O),105.72000587379443,100.088684
C1(=O)OC1C(OO)(C(=O)(OO))C(=O),101.83372296499874,80.34753
C(O)C1(O)C(OO)(C(=O)(OON(=O)(=O)))OOC1C(=O)(OON(=O)(=O)),113.84523027834803,114.53562
CC(=O)C(=O)C(=O)C(OO)(C(ON(=O)(=O)))C(OO)(C)C(ON(=O)(=O)),133.83061804727913,96.34133
C(=O)(OON(=O)(=O))C1(O)OC1(C(=O))C(=O)C(O)C(=O),103.27453862883704,103.76366
CC(=O)CC(C(=O)C)C(ON(=O)(=O))(C)C(=O)(OON(=O)(=O)),81.90771237108856,81.80996
C(=O)(N(=O)(=O))C(=O)OC(=O)C(O)(C)C(OO)C(=O)(OO),112.76954792145261,103.091415
C(=O)(OO)C(N(=O)(=O))(ON(=O)(=O))C(OO)(C)C1OC1C(=O),110.0886719407863,111.364525
C(=O)(OO)C(O)C(=O)C1(C(=O))OC1(OO),109.80586465979286,120.74769
CC(OO)CC(O)CCC(=O)(O),127.12781843666744,127.221634
C(=O)(OO)C(O)C(ON(=O)(=O))C(=O)OC(=O)C(=O)(OON(=O)(=O)),107.63196031773987,106.83731
CC(=O)CC(ON(=O)(=O))CC(ON(=O)(=O))C(OO)C(OO),130.86084179860336,135.3324
CC(ON(=O)(=O))(C)C(C(O))C(O)C(=O),105.66592243858759,111.65787
C(=O)(O)C(=O)OC(=O)C(OO)=CC(=O),108.1974710837676,116.44557
C1(O)(O)C(=O)OOC1(O)CC(=O)C(=O)(OON(=O)(=O)),108.72631153108523,114.26211
C(ON(=O)(=O))C(O)(C(OO))C(C(=O)(OON(=O)(=O)))C(=O)C,99.45452795853635,99.73907
C(=O)(O)C1(ON(=O)(=O))OOC(OO)(C1(O)C)C(OO)C(=O),152.0925176700548,156.8944
C(=O)(O)C(O)C(OO)C1(C(ON(=O)(=O)))OC1(O)C(=O),147.51872351214843,143.14037
CC(=O)C(=O)C(ON(=O)(=O))OOC(OO)(C(=O)(O))C(=O)(OON(=O)(=O)),117.2769594205165,122.7084
CC(=O)C(O)(C(=O))C(O)(C)C(=O),97.18239085209643,79.94955
C(O)C1(OO)OC1C(=O)(N(=O)(=O)),92.88616290305072,92.73447
CC(OO)(C)C(ON(=O)(=O))(C)C(=O)C(=O)CC(=O)(OO),123.70914831173286,90.90953
C(O)C(=O)OOC(O)(C(=O)(O))C(=O)(OO),142.68389488396497,144.78046
C(=O)(O)C(O)(O)C1(N(=O)(=O))OC1C(=O)C(=O),122.99704433317675,114.98172
CC1(C(=O)(O))OC1(OO)C(N(=O)(=O))=CC(=O)(OON(=O)(=O)),113.47794860544673,113.45104
CC(ON(=O)(=O))(C)C(ON(=O)(=O))(C(O)(C)C(=O))CC(=O),111.57208246269875,106.14983
C2(OO)C=CC(O)(C1(O)C(=O)(OO))OOC12,136.47919163443294,144.43964
C(=O)(OO)C1(ON(=O)(=O))OC1C(O)C(OO)C(=O)(OON(=O)(=O)),118.86525362217071,116.794815
C1(ON(=O)(=O))C(=O)OOC(OO)(C(=O)(O))C(OO)C1(=O),124.00089103187202,113.78626
C1(=O)OC1C=C(OO)C(=O)C(=O)(OON(=O)(=O)),95.00605993413774,104.69364
C(OO)C(=O)C1(O)OC1C(OO)=CC(=O)(OON(=O)(=O)),132.53986562522186,134.99225
C(=O)C(=O)OC(=O)C(O)(OO)C(ON(=O)(=O))C(=O),101.12771780879848,104.13641
C(=O)(N(=O)(=O))C(=O)OC(=O)C(=O)C(O),75.65884973575885,75.02347
C2(=O)C(O)(OO)C(ON(=O)(=O))C(C1(O))OOC12C(=O)(OON(=O)(=O)),122.02877511479892,121.7226
C(=O)(O)C1CC(=O)C1(C(ON(=O)(=O)))C(OO),115.94357201216917,117.34124
C(=O)(OON(=O)(=O))C(O)C(=O)OC(OO)C(=O)(OON(=O)(=O)),98.90689345299324,92.70748
C(=O)(OO)CC(=O)C(=O)OC(OO)(C)C(=O)(OON(=O)(=O)),112.30768728407566,108.52752
C1(ON(=O)(=O))OC1(O)C(OO)C(O)C(=O)(O),136.18445507067372,131.54442
CC1(C)C(OO)C(ON(=O)(=O))C1(OO)C(=O)(OON(=O)(=O)),108.02545416446083,96.6873
CC(=O)C(OO)C(=O)C1OC1C(=O)(O),113.61997879653063,116.97012
C(=O)(O)C(O)C1OOC(O)(C1(=O))C(=O)C(ON(=O)(=O)),134.3574617959166,169.7776
C1(N(=O)(=O))C(=O)OOC(OO)(C(=O)(OO))C(ON(=O)(=O))C1(=O),114.62917468798696,109.40102
CC(=O)C=C(OO)C1(OO)OC1C(=O),113.28031612735504,118.95066
C1(OO)C=CC(=O)OOC1(C(ON(=O)(=O)))C(=O)(OO),125.61826274628402,123.614525
C(=O)(O)CC(C(ON(=O)(=O))(C)C(ON(=O)(=O)))C(O)C(=O),132.1107414846847,137.55147
C1(OO)OC1C(O)(OO)C(ON(=O)(=O))C(=O)(O),134.77262580762908,137.9143
C(ON(=O)(=O))C(OO)(C(ON(=O)(=O)))C(C(=O))CC(=O),109.35585517076106,115.13096
C(O)C(=O)C1CC(ON(=O)(=O))(C1(C)C)CC(=O)(OON(=O)(=O)),101.36832497312571,121.04425
C(=O)(O)C(O)C(O)C1OC1(ON(=O)(=O))C(=O)(OO),141.19430871974328,149.73047
C(O)CCC(=O)CC(O)C(ON(=O)(=O))C(ON(=O)(=O)),135.94673232782952,137.05692
C1(ON(=O)(=O))OC1C=C(OO)C(=O)(OON(=O)(=O)),88.74750185903395,83.16963
C1C(ON(=O)(=O))C(ON(=O)(=O))(C)C(OO)CC1(OO)C(=O)C,128.45150148107496,124.87708
C(=O)(OON(=O)(=O))C(=O)C1OC1C(=O)C(ON(=O)(=O))C(=O),83.36437408850907,88.71252
C(=O)(OON(=O)(=O))C(N(=O)(=O))C(=O)C1(O)OC1(C(O))C(=O),105.54375316424557,123.52984
C(=O)(O)C(N(=O)(=O))C1(C(OO))OOC(=O)C1(=O),117.35502231895953,118.05742
CC(=O)C(OO)C1OC1C(=O),80.12279773333285,89.60153
C(=O)(ON(=O)(=O))C(=O)C(C1(O))OOC1(C)C(=O)(OO),101.7480830671775,118.6241
CC(ON(=O)(=O))(C(OO))C(OO)(C)CC(=O)C(=O),129.6461774374693,122.26284
C(ON(=O)(=O))C1(C(=O)(OON(=O)(=O)))OOC(O)(C1(O))C(O)C(=O),132.49767144695943,134.11485
CCCCCCCCCC(OO),68.24518503116997,79.2332
C(=O)(OO)C(ON(=O)(=O))C(ON(=O)(=O))(C(O))C(=O)OC(=O),104.58874538842792,96.93684
C(=O)(OO)C(ON(=O)(=O))C(O)C(=O)OC(=O)C(=O)(OON(=O)(=O)),110.58204590512469,109.6582
C1(O)C(OO)C(=O)C(C2(O)(O))OOC12,136.41502869385295,130.09818
C(=O)(OON(=O)(=O))C(O)C(OO)C1(C(=O)(O))OC1C(=O),132.7770576595576,126.034256
C(O)C(ON(=O)(=O))C(C)(C)C(ON(=O)(=O))(C(=O))C(=O)C,104.5140618316509,103.18141
C(=O)(OO)C(ON(=O)(=O))C(C1(=O))OOC1(C(OO))C(=O),120.47765280542808,123.0224
C(=O)C(O)(OO)C(ON(=O)(=O))(C(=O)(OO))C1OC1C(=O),126.91024861249753,124.07681
CC(=O)C(=O)OOC(C(=O)(OON(=O)(=O)))C(=O)(OON(=O)(=O)),79.08845884955372,82.149994
C(=O)(OON(=O)(=O))C(O)C(O)C(=O)OC(=O)C(=O),98.15793251910509,103.10426
CC(=O)C(OO)C(O)C(=O)CC(=O)(O),128.5449068113303,137.70042
C1(OO)C=CC(C(=O)(O))(C(=O)(OO))OOC1(=O),135.3720159707882,125.34703
CC1(C)C(ON(=O)(=O))(C(=O)(OO))CC1C,86.44319640472531,84.663536
C(O)C(=O)C(ON(=O)(=O))C1OOC(OO)(C1(O))C(=O)(O),157.02462917233788,161.52538
C(=O)(OO)C(ON(=O)(=O))C(=O)C(=O)C(=O)(OON(=O)(=O)),83.29493526110309,82.45747
C(O)C(OO)CC(=O)CC(ON(=O)(=O))C(=O)(O),137.50772176314786,151.37215
C1(=O)C(OO)OOC1(OO)C(ON(=O)(=O))(C)C(=O)(O),127.30825316213304,118.50101
C(OO)C(=O)C(C)(C)OOC(ON(=O)(=O))(C(=O))C(=O)C,105.34785752306925,103.13217
CC1(C(ON(=O)(=O)))OOC(C1(O)(O))C(=O)(OO),115.45727126548445,129.82115
C12OOC(C1(O))C(ON(=O)(=O))(OO)C(=O)C2(OO),117.45604166584963,112.47985
C(O)C(=O)CC(=O)CC(ON(=O)(=O)),103.4515521935682,96.6858
C(OO)C(=O)C(OO)OC(=O)C(N(=O)(=O))C(=O)(OON(=O)(=O)),115.92655213292164,104.01671
C(=O)(OON(=O)(=O))C(O)C(=O)C1(N(=O)(=O))OC1(O)C(=O),101.66422670026077,94.8689
C(O)CC(ON(=O)(=O))C(=O)CC(=O)CC(ON(=O)(=O)),116.28062890420551,113.98174
C(OO)C(=O)CC(C(=O)(OON(=O)(=O)))C(=O)C(ON(=O)(=O)),109.90525662194705,110.943825
C1(O)(O)C(ON(=O)(=O))(C(=O)(OON(=O)(=O)))OOC1(C)C(OO)C(=O),124.21312973611202,113.7402
C(=O)OC(=O)C(=O)C(C(=O))C(OO),81.16368582969153,94.81973
C(=O)(O)C1(C(OO))OOC(N(=O)(=O))(C1(O))C(=O)C(=O),141.81822067165922,141.00586
C(=O)(O)C(OO)C1(C)OC1(O)C(=O),121.15817250452528,136.32309
CC(ON(=O)(=O))(C(=O)(OO))C1CC(O)(C(=O)(OON(=O)(=O)))C1(C)C,113.72729942794831,131.50124
C(=O)(O)C(=O)OOC(C(=O))C(=O)C(=O)C(=O),104.31001911481872,109.26319
C(=O)(O)C(=O)C(=O)C(N(=O)(=O))(OO)C(=O),89.66423791258421,86.95285
C(=O)(N(=O)(=O))C(=O)C(OO)C(=O)C(O)(C)C(=O)(O),108.82487613540434,111.37632
C(=O)(O)C1OC1C(O)(C(=O)(OO))C(ON(=O)(=O))C(=O),133.21721018648532,144.60323
C(=O)(O)C(=O)C(O)(C1(O)(N(=O)(=O)))OOC1(C)C(=O),123.01066493226972,147.0315
C(O)C(=O)C(=O)C(=O)C(N(=O)(=O))(ON(=O)(=O))C(=O)(OO),105.7499371899903,102.77829
C(=O)(O)C(O)C(C(=O)C(=O))OOC(=O)C(=O),120.81407544209651,115.61392
C(=O)(O)C(OO)(C(=O))C1OC1C(=O),111.80167235294357,112.91934
C(O)C(=O)C(ON(=O)(=O))C(C)(C(=O))C(OO)CC(=O),125.66016317217873,133.38432
CC(=O)C1(O)OC1(N(=O)(=O))C(=O)C(O)C(=O)(OON(=O)(=O)),103.76142818953667,84.77876
CC1(O)C(OO)C(OO)C(=O)CC1C(OO)(C)C,146.84164470579708,128.03107
C1(O)(N(=O)(=O))C(=O)OOC1(O)C(=O)C,87.16296269186569,99.81932
C(=O)(N(=O)(=O))C(ON(=O)(=O))(OO)C(=O),67.49484840848163,61.713203
C(=O)(O)CC(=O)CC(C(ON(=O)(=O))(C)C)C(=O)C(ON(=O)(=O)),121.83713961863396,128.23274
C(OO)C(=O)C(ON(=O)(=O))OOC(=O)C(=O)(OO),110.32509847033361,110.772156
C1(OO)OC1(O)C=C(N(=O)(=O))C(=O)(OO),118.97981383908336,124.618515
CC(=O)C(ON(=O)(=O))(C(O))C(OO)(C)C(=O)CC(=O)(OON(=O)(=O)),129.0464282840694,127.70844
CC(=O)C(C(OO)(C)C)CC(=O)C(=O),98.31110203371645,91.927666
C1(O)(O)C(=O)OOC1(N(=O)(=O))C(N(=O)(=O))C(=O)C(=O)(OO),96.66877801484952,117.18815
C12OOC(O)(C1(O))C(ON(=O)(=O))C(O)(C2(ON(=O)(=O)))C(=O),127.9103317219633,118.8387
C(ON(=O)(=O))C(=O)C1CC(C(=O)(OO))C1(C)C,106.63538733566384,110.30836
CC(O)(C)C(OO)(C(=O))C(OO)C(=O),122.58939718194597,99.46188
C(=O)(O)C(=O)OC(=O)C(ON(=O)(=O))(C)C(=O)(OON(=O)(=O)),93.48478790016088,90.56293
C(=O)(O)C(N(=O)(=O))(OO)OC(=O)C(ON(=O)(=O))C(O)(C)C(=O),134.88912225195236,137.44649
C1(=O)C(O)(C(=O)(OON(=O)(=O)))OOC1(O)C(O)C(=O),112.11601060667454,114.79072
C(=O)(O)C(=O)OOC(O)(C(=O)(OO))C(ON(=O)(=O))(C)C(=O),137.33521080884384,131.27965
CC(=O)CC(ON(=O)(=O))C(ON(=O)(=O))CC(O),104.8869140012539,104.356575
C1(O)C(OO)(C(=O)(O))OOC1C(=O)C(=O)C(ON(=O)(=O)),133.5528575606586,142.27228
C(=O)(O)C(=O)C(O)(N(=O)(=O))C(=O)C(=O),89.67085843966197,89.334045
C(=O)(OON(=O)(=O))C(O)C(C)(C)C(=O)C(=O)(OON(=O)(=O)),77.26757151362108,79.47675
CC(=O)C(ON(=O)(=O))CC(ON(=O)(=O))(C)C(=O)C,81.24884630078304,85.69966
C(=O)(O)C(=O)OC(OO)(C(ON(=O)(=O)))C(=O)C(=O)(O),131.96159914584132,128.49843
CC(=O)OOC(C(=O)(OO))C(=O)C(=O)(OO),109.34912269459164,110.29493
C(=O)(O)C(O)(C(OO))C(ON(=O)(=O))C(O)C(=O)C(=O),141.4705235659494,138.02594
C(=O)(OO)C(ON(=O)(=O))C1OOC(OO)(C(=O))C1(O)C,129.07774694952968,126.42391
C1(O)(O)C(=O)OOC1C(O)C(ON(=O)(=O))C(=O)(O),134.5007551865856,135.13684
C(O)C(C(=O)(O))C(C(ON(=O)(=O)))(C)C(=O)(OO),130.4688956091195,132.36661
CC(O)CCC(=O)CCC(O),104.82106412052963,104.05235
C(=O)(N(=O)(=O))C(=O)OC(OO)(C)C(O)C(=O)C(=O)(O),117.53050421051012,117.90433
C(=O)(O)CC(=O)C(=O)C(C(O))C(ON(=O)(=O))(C)C(OO),150.92634124627511,161.97343
C1C(=O)C(=O)C(=O)OOC1(C(OO))C(=O)(OON(=O)(=O)),93.02679121756228,94.92216
C12OOC(O)(C1(O))C(N(=O)(=O))C(=O)C2(OO),125.73742667055922,111.12888
C(ON(=O)(=O))C1CC(C(=O)(OON(=O)(=O)))C1(C)C,77.21700699601206,75.05038
C(=O)(O)C(O)C(OO)(C)C(C(=O))C(C)(C)C(=O),137.96578259607486,153.64668
C(=O)(O)C1(O)OC1C(OO)C(=O)C(=O),121.01925113138714,120.91488
C(=O)(OON(=O)(=O))C(=O)C=C(OO)C1OC1(O)C(=O),117.14420907637395,105.090744
CC(=O)CC(=O)CC(ON(=O)(=O))C(OO)C(OO),132.72769320436055,129.9168
CC(ON(=O)(=O))(C)C(ON(=O)(=O))C(O)C(=O)C(OO)(C)C(=O)(O),133.73549766201904,139.89262
C(=O)C(=O)C(=O)C(ON(=O)(=O))(C(=O)(O))C,88.45621048372413,83.17926
C1(O)C(=O)C(O)C(OO)C(=O)C1(N(=O)(=O)),122.36496942919621,135.49733
CC(ON(=O)(=O))(C(O))C(C(=O)C(OO))CC(=O)C(=O),132.55806918863527,131.7081
CC(C(=O)(O))=CC(=O)OC(=O)(O),111.18217737021041,116.51478
C1(=O)CC(ON(=O)(=O))C(=O)OOC1(N(=O)(=O))C(=O)(OO),98.62949219424627,95.6472
C(=O)(N(=O)(=O))C1(OO)OC1(C(=O)(OO))C=CC(=O),115.43802278113435,135.92017
CC(ON(=O)(=O))(C)OOC(C(=O)(O))C(ON(=O)(=O))C(=O),102.88677970250865,105.75872
C(=O)(OON(=O)(=O))C1(N(=O)(=O))OC1(O)C(C(=O)(O))C(=O),101.07533649212564,127.00595
CC(O)C(=O)C(ON(=O)(=O))C(O)C(=O),101.90104397926189,103.7317
CC(=O)C(OO)OOC(N(=O)(=O))(C(=O)(O))C(=O)(OO),134.42927392447018,135.32428
C(=O)(O)C(O)(C(=O))C(=O)C(=O)OC(=O),97.47152745635685,110.53069
CC(ON(=O)(=O))(C)C(C(=O)(OON(=O)(=O)))CC(=O)C(O),100.2653287526482,112.2135
CC(O)(C(=O)(OON(=O)(=O)))C(OO)C(C)(C)C(=O),107.09927235132636,106.9494
C(=O)C(=O)C(=O)C(OO)=CC(=O)C(O),111.16349732495291,128.43198
CC(ON(=O)(=O))(C(=O)(OON(=O)(=O)))C(C(O))C(C)(C)C(=O),105.25916869260982,107.34617
C(ON(=O)(=O))C1(O)C(OO)OOC1(O)C(O)(N(=O)(=O))C(=O),134.60151209982723,133.45776
CC(=O)C(=O)C(C)(C(O))C(C(ON(=O)(=O)))C(=O)(OON(=O)(=O)),105.68618043188326,102.29964
C(=O)(OON(=O)(=O))C(=O)C(OO)C(ON(=O)(=O))C(=O)OC(=O),93.07210328936344,88.53319
C1(O)C(ON(=O)(=O))(C)OOC1C(=O)C(=O)(O),106.71039379404829,100.054504
CC(ON(=O)(=O))C1CC(ON(=O)(=O))(C(=O)(O))C1(C)C,99.80518909727107,101.25226
C(OO)C(ON(=O)(=O))(C(=O)(OO))C(OO)C(=O)C(=O)C(=O),123.30346034546528,121.96582
C(=O)(N(=O)(=O))C(=O)C(O)(ON(=O)(=O))C(O)(C)C(=O)C(=O),98.02614922320208,115.36188
CC(C(=O)(OON(=O)(=O)))C(=O)C1(OO)OC1(N(=O)(=O))C(=O),90.0085700665295,95.186295
C1(O)C(O)(C(=O)(OO))OOC1C(ON(=O)(=O))(C)C(=O),124.87791862912127,117.27137
CC(ON(=O)(=O))(C)C(OO)(C(=O)(OO))CC(=O)C(=O)C,123.0558339893687,109.06048
CC(=O)C(C(=O)(O))OOC(N(=O)(=O))(OO)C(=O),108.83220574718871,112.64031
C(=O)C1(ON(=O)(=O))OC1(C(=O))C,63.12019447245257,57.960953
C1(=O)C(=O)OOC1(OO)C(OO)(C)C(ON(=O)(=O))C(=O)(OON(=O)(=O)),109.15462500178546,109.95042
CC(=O)C1OC1(OO)C(OO)C(=O)(OO),117.11370940314373,120.85606
CC(=O)C1C(ON(=O)(=O))C(C1(C)C)C(ON(=O)(=O))C(=O),83.40304974740866,98.0707
CC(=O)C(ON(=O)(=O))(C(=O)C)CC(OO)C(OO)C(=O),131.15692319091613,132.7423
C(=O)(O)C1OOC(O)(C1(O)C(=O)(OON(=O)(=O)))C(=O)C(=O),121.5111485191519,105.511734
C1(O)C(=O)C(O)(O)C(OO)OC(=O)C1(ON(=O)(=O))C(O),140.7651352034809,153.25758
C(=O)(OON(=O)(=O))C(=O)OC(OO)(C(=O))C(O)C(=O)(O),123.42122362269583,123.177124
C(=O)(O)C(O)C(OO)(C(=O)(OON(=O)(=O)))OOC(=O)C,121.6091290113618,125.85777
C1(=O)COOC1(C(ON(=O)(=O)))C(=O)C(=O)(OON(=O)(=O)),84.75733381322061,69.85192
C1(OO)OC1(C(=O)(OO))C(=O)(OON(=O)(=O)),89.89397225177527,96.05498
CC(OO)(C(ON(=O)(=O)))C(C(=O)(OON(=O)(=O)))C(OO)C(=O),111.81506440792145,120.75212
C(ON(=O)(=O))C(=O)C(C(OO))(C(=O)(OON(=O)(=O)))C(=O)C,105.50086575366004,95.13851
C(=O)(O)C(O)C(OO)C1(C(OO))OC1C(=O)(OON(=O)(=O)),150.87456468964228,153.13951
CCCCCC(OO)C(=O)C,81.10604717747628,80.6753
C(=O)C(=O)C(=O)C=C(C(=O)(OO))C,91.01925240329729,88.63649
C(=O)(O)C(O)(O)C(=O)OC(OO)C(=O)(O),156.1031392192308,148.83119
C(=O)(OON(=O)(=O))C(O)C(OO)(C(ON(=O)(=O)))C(=O)OC(=O)C(=O),115.38967086567573,112.06698
C(=O)(O)C1OOC(=O)C=C(C1(=O))C(=O),102.75843364022148,101.18021
C(=O)C1(O)OC1(=O),74.21936862249277,78.36862
CCC(=O)CC(=O)CC(OO)C(=O)(O),113.60053397356387,123.33311
C1(OO)OC1C(=O)C(C(=O)(OON(=O)(=O)))C(=O),86.85936719725578,90.114075
C(=O)(O)COOC(ON(=O)(=O))C(ON(=O)(=O))C(=O),105.49449030431424,103.2376
CC(=O)C(OO)C(ON(=O)(=O))C1(OO)CC(ON(=O)(=O))C1(C)C,121.56738847599627,119.10572
CC(ON(=O)(=O))(C)C(C(OO))C(ON(=O)(=O))C(=O),98.31519509936334,98.455086
C12OOC(C1(=O))C=C(C2(OO))C(=O)(OO),113.16884715281776,114.02513
CC1(O)C(O)OOC1(OO)C(OO)C(=O)(OON(=O)(=O)),124.83772224785935,122.22167
CC(=O)C(ON(=O)(=O))C(C)(C(O))C(C(=O))CC(=O)(OO),129.0429243569306,128.16316
C(=O)(OO)C(ON(=O)(=O))(OO)C(=O)C1OC1(C(=O))C,114.10342937023233,108.85881
C(O)C(=O)C(OO)OC(=O)C(O)(O)C(=O),134.0124034620021,108.25041
CC(=O)C1OC1C(N(=O)(=O))C(=O)C(=O)(O),108.379507012658,105.28781
C(=O)C(=O)C(OO)C1(OO)OC1C(=O),103.69855615276174,100.9003
C(=O)(O)C1(N(=O)(=O))OC1(O)C(=O)CC(=O),103.99123363568651,102.26959
C(=O)(OO)C(O)C(O)(C)C(ON(=O)(=O))OC(=O),114.1100030328962,120.20335
C(=O)(O)C(=O)OC(N(=O)(=O))(OO)C(=O)CC(=O)(OO),131.7236048229097,136.93776
C(=O)(OO)C1OC1(ON(=O)(=O))C(ON(=O)(=O))(C)C(=O),91.0848743007009,104.541504
CC1(C)C(OO)(C)CC1C(=O)(O),95.8833593492891,93.595825
CC(ON(=O)(=O))(C)OOC(C(=O)C)CC(=O)C(ON(=O)(=O))C(=O)(O),124.10129365088505,132.18073
C(=O)(O)C=C(OO)C1OC1(ON(=O)(=O))C(=O),116.71774669014121,120.38795
C(=O)(O)C(O)(N(=O)(=O))C(OO)C1(C(=O))OC1C(=O),138.39868449531787,130.77707
CCC(ON(=O)(=O))CC(=O)CC(ON(=O)(=O))C(OO),105.76885649374162,108.117615
CC(=O)C(=O)CC(=O)C(ON(=O)(=O))C(O)CC(O),129.00553890124866,128.83038
C1(O)C(OO)C(=O)C(O)(C2(=O))OOC12C(OO),138.6608191602354,141.69472
C(=O)(OO)C1OOC(ON(=O)(=O))(C1(O)C)C(=O)C(=O),110.19645817030687,118.191055
C(=O)(O)CC1(OO)OC1(ON(=O)(=O))C(=O)(O),121.3480258633499,124.17196
C(ON(=O)(=O))C1(OO)CC(=O)OOC1(C)C(OO),114.60541129671765,117.800354
CC(OO)(C)C(ON(=O)(=O))(C(=O))C(O)C(=O),111.80909815112682,103.90826
C(=O)(N(=O)(=O))C1(O)OC1(C(=O))C(OO)C(O)C(=O),128.0555407002321,139.7974
CC1(C(=O)(O))OC1C=CC(=O)(O),112.26587532454869,105.977455
CC(=O)C(OO)(C(ON(=O)(=O))C(=O)(OON(=O)(=O)))OOC(=O),91.85772574452858,88.71264
CC(OO)(C(=O))C(=O)C(OO)C(=O),100.40706606195454,97.24239
C(=O)(O)C1(N(=O)(=O))OC1(C(=O))CC(=O)(OO),109.08398360468709,103.966835
C1C(=O)C(=O)C(ON(=O)(=O))(C2(=O))OOC12C,72.67861296286719,73.352715
C(O)(N(=O)(=O))C(=O)OOC(=O)C(=O)C(ON(=O)(=O)),91.7280448444435,96.54036
CC(=O)CC(ON(=O)(=O))CC(OO)C(=O)C(OO),133.64057606524148,137.78255
C(=O)(OO)C(=O)C(OO)C(O)C1(O)OC1C(=O),133.0777326298994,153.65982
C(ON(=O)(=O))C(=O)C(O)C(=O)C(OO)C(O)C(=O)(OON(=O)(=O)),128.21957022420247,123.663475
C1(O)C(=O)C(=O)C(N(=O)(=O))C(=O)OC1(OO)C,108.39147184508329,124.95972
C(=O)(OO)C(ON(=O)(=O))C(OO)(C1(=O))OOC1(C)C(=O),114.15264471665432,119.89905
CC(OO)CCCC(OO)C(OO),125.88869340426754,119.46902
C(OO)C(C(=O))=CC(=O)C(=O)C(=O),96.55028412356478,93.71223
CC(=O)C(OO)C(ON(=O)(=O))(C)C(ON(=O)(=O))C(=O)(OO),107.57827692785213,116.054665
CC(ON(=O)(=O))(C)C(C(=O)C(O))CC(=O)(OO),115.96640998907242,117.37869
CC(OO)(C(ON(=O)(=O)))OOC(=O)CC(=O)C(ON(=O)(=O)),98.75901481151232,104.65853
C(O)C1(O)C(OO)OOC1C(=O)C(=O)(OO),126.825661525334,110.31107
C1(=O)C2OOC1C(ON(=O)(=O))C(OO)(C(=O)(O))C2(ON(=O)(=O)),116.93004415476753,124.65508
CC(=O)C1C(ON(=O)(=O))C(C)C1(OO)C,95.17323362565367,89.93906
C(=O)(OON(=O)(=O))C1OC1C(O)C(ON(=O)(=O))C(=O)C(=O),98.2682078492362,96.68956
C(=O)(N(=O)(=O))C(=O)OC(=O)C(O)C(O)(C)C(=O)(O),117.28166617314855,113.80271
C(=O)(OON(=O)(=O))C(ON(=O)(=O))C1(C(OO))OC1C(=O),98.35921053020866,94.33498
CC(=O)C(OO)CC(=O)CCC(ON(=O)(=O))C(OO)C,139.3722179920078,142.03471
C(O)C(OO)CC(=O)C=C,89.09887506366795,93.46462
C(=O)(OO)C(OO)CC(ON(=O)(=O))C(O)(C)C(=O),128.60818008086062,127.52175
CC(=O)C(OO)CC(O)C(ON(=O)(=O))(C)C(=O)(OO),131.66024691257917,150.4799
C(=O)(O)C(O)(ON(=O)(=O))C(=O)C(=O)C(ON(=O)(=O))C(=O),102.53327828767942,116.7141
CC(OO)(C(=O)(OON(=O)(=O)))C1OOC(C1(=O))C(=O),89.61867623143917,92.987015
C(=O)(OON(=O)(=O))C(=O)C=C(OO)C(ON(=O)(=O))OC(=O),94.54507629749423,110.395424
CC(O)(C(=O)(OO))C(=O)C1OC1C(=O)(OO),121.75970727404638,106.07164
C1(O)C(=O)C(N(=O)(=O))(ON(=O)(=O))OOC(=O)C1(OO)C,97.4718529454185,106.043106
C(O)C(=O)C(ON(=O)(=O))C(=O)(O),100.83252085917775,93.64005
C(OO)C(=O)C(O)C(OO)C(OO)OC(=O),137.48654348630225,153.60803
C(=O)(O)C1(OO)OC1(O)C=CC(=O)(OO),143.92871606647532,102.176
CC(OO)CC(ON(=O)(=O))CCC(=O)C(=O),108.26376537879696,99.08813
CC(C(=O)(OO))C(C)(C(OO))C(=O),103.46557473579014,86.633736
CC(=O)CCC(=O)C(=O)C(=O)C,69.4991405742403,77.25007
C(=O)(OO)C=CC1(OO)OC1(OO)C(=O),129.3340500487393,124.09987
C(ON(=O)(=O))C(=O)OC(OO)(C(=O)(OO))C(=O),102.26345450228837,102.22826
CC(OO)(C(=O)(N(=O)(=O)))OC(=O)C(ON(=O)(=O))C(=O)C(=O)(O),112.43978672527737,112.81089
C(=O)(OON(=O)(=O))C(ON(=O)(=O))C(OO)(C1(O))OOC1C(=O)C(=O),113.7976423793225,107.64114
C1(OO)OC1(C)C=CC(=O)(O),101.76744118700299,96.46559
CC(=O)C(C(ON(=O)(=O))C)CC(=O),79.91021499120689,70.89704
C(=O)(O)C(O)C(C(=O)(OON(=O)(=O)))(C(OO))OOC(=O),127.94982059267204,133.706
CC(=O)C(ON(=O)(=O))OOC(C)(C)C(OO)(C(=O))CC(=O)(OON(=O)(=O)),114.97111213708558,118.295944
CC(C)(C(=O)(O))C(=O)C(O)(C)C(=O)(OO),116.06668966859434,114.13672
CC(=O)C(ON(=O)(=O))CC(OO)(C(=O)C)CC(=O),106.56967503367196,116.23462
C1(O)(OO)C(ON(=O)(=O))OOC1(OO)C(=O)(O),122.18437647959217,122.11472
CC(=O)C(ON(=O)(=O))C(OO)(C1(O))OOC1C(=O)(O),130.5574312360186,132.69635
C(=O)(OO)C(O)C1OOC(N(=O)(=O))(C1(=O))C(=O)(OON(=O)(=O)),103.1551535437975,110.55601
C(=O)(O)C=CC1OC1(ON(=O)(=O))C(OO),110.83711184315325,95.34466
C(=O)(O)C(N(=O)(=O))(ON(=O)(=O))C(C)(C(=O))OOC(=O),99.19396505571785,98.4945
CC(=O)C(ON(=O)(=O))CCC(OO)(C)C,89.22929084697535,94.22268
C(=O)(O)C(=O)C(ON(=O)(=O))C1(C)OC1(OO)C(=O)(OON(=O)(=O)),112.31624944744544,109.24119
C(=O)(O)C(C(=O)(OON(=O)(=O)))OOC(=O),85.24774506210815,88.99933
C(=O)(OO)C1(O)C(O)OOC1C(=O)(OON(=O)(=O)),109.93685081578587,106.52594
C(=O)(O)C(OO)OOC(=O)C(O)C(=O)(OON(=O)(=O)),123.83754527037672,116.58578
C(=O)(O)C=CC1(OO)OC1(C)C(=O),115.31647838678327,106.38995
CC(=O)C(=O)C(=O)C(O)(N(=O)(=O))C(O)(ON(=O)(=O))C(=O),99.40400579100242,102.97243
C(O)C(=O)C(=O)C(N(=O)(=O))(C(=O)(OON(=O)(=O)))OOC(=O),92.19726023839758,87.22017
C(=O)(OO)C(=O)C1(C)OOC(=O)C1(=O),81.3604636247619,83.60732
C(=O)C(=O)C(O)(ON(=O)(=O))C(O)(C(=O)(O))C(=O)C(=O),115.37800759149104,133.2773
CC(OO)(C(=O)(O))C(O)(O)C(=O)C(ON(=O)(=O))C(=O)(OON(=O)(=O)),133.22127541190275,125.469246
C(=O)(O)C(N(=O)(=O))(ON(=O)(=O))C(O)(C)C(OO)OC(=O),128.32987101567414,122.90613
C1(=O)C(=O)OOC1(C(=O)(O))C(OO)C(=O),104.22998535884835,107.930336
CC(=O)C(=O)C(=O)C(C(ON(=O)(=O))(C)C(OO))CC(=O)(OON(=O)(=O)),120.44042873136641,115.20774
CC(OO)CCCCC(=O)CCC(=O)(O),124.62689706405945,127.23373
C(=O)(OO)C(ON(=O)(=O))CC(C(=O))C(OO)(C)C,114.14830508701561,117.57467
C(=O)(O)C(O)C(O)C1(C(=O)(OON(=O)(=O)))OC1(ON(=O)(=O))C(=O),129.2828607474221,117.18045
C(=O)(OO)C(O)(OO)C(ON(=O)(=O))(C(OO))C(=O),125.09681302629906,122.05004
C(=O)(OO)C(O)CC(OO)CC(=O),119.9364863267474,115.49045
CC(=O)C(ON(=O)(=O))C(=O)OOC(N(=O)(=O))(C(=O)(O))C(=O)(O),128.07362882218877,125.48715
C1(ON(=O)(=O))OC1C(O)(C(OO))C(=O)(OO),113.94006001292291,109.72276
C(=O)(O)C(OO)(C(ON(=O)(=O)))C(O)(C(=O))C(=O)C,134.10934535010892,103.311745
CC(ON(=O)(=O))CCC(=O)CC(=O)CCC(=O)(O),115.78725577928708,117.11422
C(=O)(OO)CC1OC1(=O),84.46709592131083,80.63848
C1(OO)OC1CC(=O)C(=O)C(=O)(O),116.04710041907674,107.9859
C1(O)C(C(=O)(OO))OOC1(C)C(O)C(=O)(OO),138.14187698144815,134.17021
C(ON(=O)(=O))C(=O)C(OO)(CC(=O)(OON(=O)(=O)))CC(=O),106.52606316513265,113.85208
C(ON(=O)(=O))C(=O)C(C)(C)C(C(=O)(OO))C(=O)C,94.51847847102181,98.16275
CC(C)(C(=O)(OO))C(OO)(C(=O))CC(ON(=O)(=O))C(=O)(O),146.14368972001103,145.31245
CC(ON(=O)(=O))CC(=O)C(OO)CC(O)CCC(ON(=O)(=O)),148.15149171439407,144.10617
C(=O)(N(=O)(=O))C1(O)OC1C(=O)C(OO),99.71604391591973,83.43302
CC1(C(=O)(OON(=O)(=O)))OOC(C1(=O))C(OO)C(=O)(OON(=O)(=O)),89.9935772323588,92.288956
C(=O)(OO)C(=O)C(=O)C(O)C(ON(=O)(=O))C(OO)C(=O),126.77895985484793,137.88652
C(=O)C(O)C(ON(=O)(=O))C(=O)OOC(=O),82.56593818614056,89.416725
C(=O)(N(=O)(=O))C1(OO)OC1C(C(ON(=O)(=O)))=CC(=O)(O),116.67778398263181,115.247734
C(=O)(OON(=O)(=O))CC1(C(=O)(OO))OC1C(=O),93.12637326051481,85.755936
CC(ON(=O)(=O))(C)C(OO)(C(=O)C(OO))CC(=O)CC(=O)(OON(=O)(=O)),136.74547877143777,146.44125
C1(O)(O)C2OOC1C(ON(=O)(=O))C(O)(C(=O)(O))C2(ON(=O)(=O)),146.48072968993074,147.82758
C(=O)(OO)C(=O)OC(OO)(C)C(=O)C(=O),104.02688258258422,107.235
C1(OO)C=CC(=O)OOC1C(=O)(OON(=O)(=O)),90.27393249949819,89.96353
C2(=O)C(O)C(=O)C(OO)(C1(O)C)OOC12(ON(=O)(=O)),116.2113987169505,123.42775
C(OO)C(OO)(C(=O))C(=O)C1OC1C(=O),114.77017077730852,116.431305
CC(OO)(C(=O)(OO))C(O)(OO)C1OC1C(=O),139.7548943468937,133.72989
C(=O)(OON(=O)(=O))CC(=O)OC(=O)C(=O),68.47550490526919,69.36043
CC(ON(=O)(=O))(C)C(OO)(C)CC(=O)C(OO)C(=O)(O),138.785631643761,141.00908
C(OO)C(C(=O)(OO))OOC(=O)C(ON(=O)(=O))C(=O)(OON(=O)(=O)),119.02478383444395,128.61319
C(ON(=O)(=O))C1(ON(=O)(=O))OOC(OO)(C1(O))C(=O)C(=O),111.06552742128406,121.63507
C(=O)(OO)C(ON(=O)(=O))OOC(=O)C(OO)(C)C(=O)(OON(=O)(=O)),106.80857183950866,116.118256
CC(=O)C(C(=O)C(ON(=O)(=O)))CC(=O)CC(=O),95.75578735644376,105.00246
CC(=O)C(=O)OOC(C)(C)C(OO)CC(=O)(OON(=O)(=O)),101.83960692051915,101.371796
CC(ON(=O)(=O))(C(=O)(O))C(C(=O))C(O)(C)C,113.54835911673581,116.081985
C1(O)(OO)C(ON(=O)(=O))(C)OOC1(O)C(OO)C(=O),129.77446525557752,148.70312
C1(O)(O)C(N(=O)(=O))(C(=O))OOC1(C(OO))C(O)C(=O),147.01736899192474,171.31853
CC(O)(C(=O)(O))C(=O)C(C)(C)C(OO)C(=O),127.09887040670583,125.96405
C(O)C(ON(=O)(=O))C(OO)(C)C(ON(=O)(=O))(C(=O)C)CC(=O),133.3311425400898,143.63634
C(=O)(OON(=O)(=O))C(=O)OC(=O)C(O)C(OO)(C)C(=O),106.56259138029418,98.18091
C(=O)(OO)C1(C(=O))OC1(O)C(=O)CC(=O),107.29401087234146,106.07909
CC(=O)C(C1(C)C(O))CC1CC(=O)(O),117.6601967280294,114.32407
C(=O)(OO)C1(ON(=O)(=O))OC1C(=O)CC(=O)(OON(=O)(=O)),96.10813275134569,103.554924
CC1(ON(=O)(=O))C(=O)CC1CC(OO)C(=O)C,103.8998084884588,111.09712
C(=O)(O)C(OO)=C(C(=O)(O))C(O)OC(=O),144.69144276656152,159.91595
CC(=O)C(=O)OC(=O)C(ON(=O)(=O))(OO)C(=O)C(=O)(O),111.17219752833626,110.17037
CC(ON(=O)(=O))C(OO)C(=O)(O),94.52788592712022,87.30188
C(=O)(O)C1(ON(=O)(=O))OC1(C(=O)(O))CC(=O),119.19786509800178,121.64051
C(=O)(OO)C1(C(=O))OC1C(O)C(OO)C(=O),131.51473077633273,131.6635
C(=O)(O)C(OO)(C(ON(=O)(=O)))C1CC(C(=O)(OON(=O)(=O)))C1(C)C,123.34128354342829,129.01736
C(=O)(OO)C1(N(=O)(=O))OC1(O)C(OO)C(=O),107.87586427044153,84.39613
C(=O)(OO)CC(OO)(C(OO))OC(=O),114.00413094476971,113.4282
CC1(C(=O))OC1(O)C(O)(OO)C(=O)C(=O),122.21203446351137,107.63077
C(=O)(OO)C1(ON(=O)(=O))OC1(O)C(C)C(=O),104.15335585096909,125.44239
C(=O)OC(ON(=O)(=O))C(=O)C(O)(C(=O))C(=O),83.00357710362732,77.60952
C(=O)(OO)C1(O)OC1(O)C(ON(=O)(=O))C(=O)(OON(=O)(=O)),105.42538375702134,101.90914
CC(OO)CCC(=O)CC(ON(=O)(=O))C(=O)(OO),123.28885816335969,115.04611
C(=O)(N(=O)(=O))C(=O)OC(OO)C(=O)C(O)(C)C(=O)(O),120.58031935788313,126.10697
C12OC1C(=O)C(N(=O)(=O))(OO)C(=O)C2(O)(O),111.83925079019536,122.0587
C1(=O)C(ON(=O)(=O))OOC1(O)C(=O)C(=O)(OO),100.08656182407867,61.232506
CC(=O)C(O)C(OO)C(ON(=O)(=O))(OO)C(=O)(OO),131.92778398736846,130.50264
C(=O)(OON(=O)(=O))C(O)C(ON(=O)(=O))(C)C(O)OC(=O),103.66722067425872,97.557365
C(=O)(O)C1OOC(OO)(C1(O)C)C(O)C(=O)(OON(=O)(=O)),145.16116935075843,143.7038
C(=O)(O)C1(OO)OC1(C(ON(=O)(=O)))C=CC(=O)(OON(=O)(=O)),126.968371571631,123.88247
C(=O)(OO)C=C(OO)C1OC1C(=O)C(=O)(OON(=O)(=O)),126.71490267177433,131.9165
CC(=O)OOC(OO)(C(=O)C)C(ON(=O)(=O))C(=O)(O),117.76422891693073,94.084145
C(=O)(O)C(=O)OOC(C(=O)(O))C(=O)C(=O)C,123.00916924841295,126.78566
CC(=O)CCC(ON(=O)(=O))C(OO)CCC(=O)C,113.9230511620699,117.590485
CC(ON(=O)(=O))(C)C(C(=O))C(ON(=O)(=O))(C)C(=O)CC(=O),96.24190219607408,96.417725
C(=O)(OO)C(=O)C1(C(=O)(O))OOC(C1(O))C(=O),128.71797561071435,140.27045
CC(OO)(C(=O)(O))C(C(ON(=O)(=O)))CC(=O)(OON(=O)(=O)),111.07015814144688,123.37549
C(ON(=O)(=O))C(=O)C1OOC(OO)(C1(O))C(O)C(=O),126.23991787957493,133.58076
C12OC1(OO)C(O)(O)C(=O)C(O)C2(O),137.97219112907624,135.98979
C12(O)OOC(OO)(C1(O)C(ON(=O)(=O)))C=CC2(OO),139.10061492275418,133.14099
CC(OO)C(OO)(C)C(=O)CC(=O)(OON(=O)(=O)),115.69910924392025,104.89225
C(=O)OOC(OO)(C(=O))C(=O),77.54384081774333,78.57276
CC1(C)OOC(C(=O)C)C(OO)C1CC(=O)(O),130.68531840178912,123.14194
C(=O)(O)C1(OO)OC1(C(=O)(OON(=O)(=O)))CC(=O),115.98800607165322,115.323425
C(=O)(OO)C(=O)C1(O)OC1(N(=O)(=O))C(OO)C(O)C(=O),139.51077119476395,136.92065
CC(OO)(C(OO))C(C(OO))C(ON(=O)(=O))C(=O),136.15327634834102,133.90724
C(=O)(O)C(O)(C(=O))C(=O)C(=O)OC(=O)C(=O),107.53689283521089,104.54837
C(=O)(O)C(OO)C(ON(=O)(=O))(C(=O)(OON(=O)(=O)))OOC(=O)C,107.32102318765828,117.63061
CC(=O)C(=O)C(C)(C(ON(=O)(=O)))C(C)C(=O)(OON(=O)(=O)),77.97816830040392,81.83783
C(=O)C12C=C(OO)C(OO)C(C1(O))OO2,133.99280254274345,131.36539
C(=O)(OO)CC(ON(=O)(=O))C(C)(C(ON(=O)(=O)))C(C(=O))C(=O)C,118.92554868122534,124.57801
C1(O)C(ON(=O)(=O))OOC1C(OO)C(=O)C(=O)(OON(=O)(=O)),111.14026657188515,111.47168
CCCCC(ON(=O)(=O))C(OO)CC(O),111.66232966567622,108.20515
C(=O)(OO)C(N(=O)(=O))C(=O)C(=O)OC(=O)C(=O),90.20005717632012,92.4805
C(=O)(OON(=O)(=O))C(O)C(OO)C(O)(C(=O))C(=O)C(=O),125.6293222526001,138.52701
C2(O)C(ON(=O)(=O))C(=O)C1OOC2(OO)C1(O),117.71391376315296,116.32871
C(OO)C(=O)C(=O)C(=O)OOC(=O)C,86.1342478136794,80.94525
CC(=O)C(ON(=O)(=O))C(C)(C)C(C(=O)(OON(=O)(=O)))C(OO)C(=O),104.51374529189343,114.81524
C(=O)(O)C(=O)C1OOC(C1(O))C(OO),133.71466307093942,141.04427
C(=O)(O)C(N(=O)(=O))(OO)C(OO)(C)OOC(=O)C(=O),130.25402009208483,122.79743
C(=O)(O)C(=O)CC(=O)C(=O)(O),112.85250503660063,111.27553
CC(O)CCC(=O)CC(ON(=O)(=O))C(ON(=O)(=O)),108.43673904812022,107.36567
C(=O)(OON(=O)(=O))CC1OC1(C(=O)(OON(=O)(=O)))C(=O),78.98721962657874,78.73054
C1(O)C(ON(=O)(=O))OOC1(C(=O)(O))C(=O)(O),130.20288692297618,120.39933
CC(ON(=O)(=O))(C(OO))C(C(=O)(O))C(ON(=O)(=O))C(=O),118.20601650884782,120.57614
C(=O)(OO)C=C(C(OO))C1(N(=O)(=O))OC1(O)C(=O),134.3747586251411,128.196
CC1(OO)C(OO)(C(=O)C)CC1CC(=O),125.1711220244033,115.39255
CCCCCC(=O)CC(OO)C(OO)C,114.02748193497246,115.097404
CC(=O)OC(=O)C(O)C(OO)C(=O)(OO),120.32976319431327,118.653595
C1(O)(O)C(N(=O)(=O))(OO)OOC1(O)C(OO)(C)C(=O),134.81819345870463,117.69253
C(=O)(OON(=O)(=O))C(O)C1OOC(ON(=O)(=O))C1(O)C(=O),108.67521129564557,83.39934
CC(=O)C(=O)CC(ON(=O)(=O))CC(ON(=O)(=O))C(=O)CC,98.38334251035121,99.99931
C(=O)(OO)C1(O)OC1(OO)CC(=O),113.84727528286749,117.124054
C1(O)(OO)C(=O)C=CC(=O)OC1(OO)C(O),152.38545783809968,133.41127
CC(OO)CCC(O)CC(OO)C(ON(=O)(=O)),138.7263502973001,143.22284
c1c(O)c(O)c(OO)c(O)c1,116.03309619150241,130.82405
C(=O)(O)CC(C(OO)(C(O))C(=O))CC(=O),139.657438708462,140.3917
C(=O)(O)CC(C(ON(=O)(=O)))C(O)(C)C(OO),126.57217596766714,132.01474
CC(=O)CC(=O)CC(O)C(OO)CC(=O)C,122.69014720462292,129.37895
CC(ON(=O)(=O))(C)OOC(C(=O))C(ON(=O)(=O))(C)C(=O),87.9731592908065,88.53846
C(=O)(O)C(N(=O)(=O))(ON(=O)(=O))C(OO)(C(=O)(OO))C1OC1C(=O),135.11694067019562,148.91835
C(=O)(O)C1(OO)OC1C(=O)C(OO),127.81083707629296,123.405235
C(=O)(O)C1(OO)OC1C(O)C(ON(=O)(=O))C(=O),128.64200455064565,134.82806
C2(O)C(ON(=O)(=O))C(=O)C(O)(O)C1OC12(ON(=O)(=O)),111.31674857746111,104.94677
C12(N(=O)(=O))OOC(OO)(C1(O)(O))C(ON(=O)(=O))C(O)C2(=O),121.64533203109022,117.7888
CC(=O)C(N(=O)(=O))C(=O)C(=O)(O),85.66673275883659,81.60842
CC(OO)(C(=O)(OON(=O)(=O)))C1(O)OC1C(=O),98.05950184370158,99.81823
C(=O)(OO)C(N(=O)(=O))=C(C)C(=O)OC(=O),90.84383023998816,80.90764
C(=O)(OON(=O)(=O))C1(ON(=O)(=O))OC1(O)C(C(=O))C(=O),84.82003883825382,86.439514
C(=O)OC(=O)C(=O)C(ON(=O)(=O))(C(=O)(OON(=O)(=O)))C,70.06731430246873,68.06293
CCC(=O)CCCC(O)CC(OO),111.89731134087924,112.383995
C(=O)(N(=O)(=O))C1(O)OC1(C)CC(=O),83.67831417340494,87.45251
CC1(C)C(OO)C(OO)C1(OO)CC(=O)(O),143.45594591813278,136.60162
C(=O)(O)C(N(=O)(=O))OOC(=O)C(=O)C(=O)C,101.62129995332361,95.339676
C(O)C(=O)C(O)C(N(=O)(=O))(C1(O)(OO))OOC1C(=O)(OO),162.34475215547718,148.36041
C(O)C(ON(=O)(=O))(C(=O)(OON(=O)(=O)))C(C(=O)(OO))OOC(=O)C(=O),118.91769553493214,113.10051
C2(O)C(OO)C(=O)C1(N(=O)(=O))OOC2(OO)C1(O),139.01963291529682,134.93437
C(=O)C(=O)C(=O)CC(=O)C(=O),72.84764846118924,65.826706
CC(=O)C(OO)C(C(ON(=O)(=O))(C)C)CC(=O)(O),124.07477783137438,131.84906
CC(O)(C)C(C(=O)(OO))C(ON(=O)(=O))C(=O),101.47086755609052,96.68626
C(N(=O)(=O))(OO)C(=O)C1OC1C(=O)(OON(=O)(=O)),90.57092290314176,75.584335
CC(C(O))(C(=O)(OO))C(ON(=O)(=O))CC(=O)(OON(=O)(=O)),108.03700242159539,126.1179
CC(OO)(C)C(C(ON(=O)(=O)))C(=O)C(ON(=O)(=O))C(=O),107.99696567267529,103.38237
C1(ON(=O)(=O))OC1C,44.411362518323585,42.4535
C(=O)(O)C(ON(=O)(=O))C(O)C1OC1C(=O)C(=O)(OO),137.43573700993875,144.31703
C(=O)(O)C(=O)C1(C)OOC(C1(O)(O))C(=O)(OO),137.88717185118003,159.5924
C1(O)C(OO)OOC(=O)C(=O)C1(OO)C,113.30528119872906,108.8689
C(=O)(OO)C(OO)CC(C(=O)(OON(=O)(=O)))C(ON(=O)(=O))(C)C,111.04152709843765,102.60905
C1(=O)C(=O)OOC1(ON(=O)(=O))C(=O)C(O)C(=O)(OO),96.96887954928388,91.94097
CC(=O)C(C)(C)C(O)(C(=O)(OO))C(=O)C,93.57995654430852,88.10767
C(=O)(O)C1(N(=O)(=O))OC1(C)C(OO)C(O)C(=O)(OO),145.9486810235685,128.11203
C1(OO)OC1C(=O)C(ON(=O)(=O))C(=O)C(=O),87.19971298249584,85.45548
C(=O)(O)C(O)C(OO)C1(C(OO))OC1C(=O)(N(=O)(=O)),153.00566679450276,149.6849
CC(=O)C1(ON(=O)(=O))OC1C(=O)C(=O)(O),89.36519421096455,95.015335
C(=O)(O)C(=O)C1(C)OOC(ON(=O)(=O))(C1(=O))C(=O),98.09797191812686,96.875084
C(=O)(OO)CC(=O)OC(OO)(C)C(=O)(OON(=O)(=O)),106.6712141365715,98.3535
C(=O)(O)C(O)C(ON(=O)(=O))(C(ON(=O)(=O)))C1OC1C(=O)(OO),140.62120714690536,141.73944
CC(=O)C(O)C1(ON(=O)(=O))OC1(OO)C(=O)(N(=O)(=O)),107.6290894828926,113.60233
C(=O)(O)C(OO)(C(=O)(OON(=O)(=O)))OC(=O)C=CC(=O),121.63660056753724,128.11295
C(=O)(O)C1OC1(OO)C(O)(OO)C(=O)C(=O),131.21832953703415,136.17757
C12CC(OO)(C1(C)C)C(O)C(=O)C2(OO)C,119.49618281904986,122.53016
CC(=O)C1CC(OO)CC(=O)C1(O)C(ON(=O)(=O)),123.88023162120226,120.20364
C(=O)(O)C(O)OOC(=O)C(=O)C(OO),122.68232746966532,112.90102
C(OO)C(=O)C(=O)C(ON(=O)(=O))C(OO)OC(=O)C(=O),115.8521855385552,124.30258
CC(=O)C(=O)C(ON(=O)(=O))C(ON(=O)(=O))C(OO)(C)C(O),112.4794440358819,111.97953
C(=O)(N(=O)(=O))C1(O)OC1C(OO)C(O)C(=O)C(=O)(OON(=O)(=O)),119.01916908179555,121.280685
C(=O)(O)C(OO)C(=O)C(O)C(OO)(C)C(=O),141.58262208645465,150.12074
C(=O)(O)C(=O)C(ON(=O)(=O))C(=O)OOC(ON(=O)(=O))C(=O),102.78560114974243,101.41054
C(ON(=O)(=O))C1(C(=O)(OO))OOC(N(=O)(=O))(C1(O)(O))C(OO)C(=O),152.3783759674625,143.76894
C(O)C(C(O))C(OO)(C)C(=O)(OO),126.68666392315208,141.52786
CC(O)(C)C(CC(=O)(O))CC(=O)(OO),123.66452983240015,135.36797
C1(O)(O)C(ON(=O)(=O))(C(=O)(O))OOC1(C)C(=O)(OON(=O)(=O)),118.00891414414946,108.836716
CC(OO)(C)C(OO)(C(=O)(OON(=O)(=O)))C(=O)C(=O),108.68473187881318,105.46931
C(=O)(N(=O)(=O))C(=O)OOC(OO)C(=O),77.98514567987877,72.45278
C1(=O)OC1C(ON(=O)(=O))(C)C(N(=O)(=O))(OO)C(=O)(O),110.97397417101456,94.288155
C(=O)(N(=O)(=O))C(=O)OOC(=O)C(ON(=O)(=O))(C)C(=O)(OO),89.79034328158014,96.21117
C(=O)(O)CC(=O)CC(C(=O)C)C(ON(=O)(=O))(C)C(OO),132.28076302089903,144.54515
C(=O)(O)C(O)C(=O)C(O)(C)C(ON(=O)(=O))C(=O)(OO),132.66872773627983,147.15317
C(=O)(O)C1(N(=O)(=O))OC1C(O)(C)C(ON(=O)(=O))C(=O),116.12092493304226,116.40353
C(=O)(O)C1(ON(=O)(=O))OC1(C(OO))C(OO)C(=O),131.1948577727162,131.99738
CC(ON(=O)(=O))(C(=O)(O))C1(O)OC1(OO)C(=O),128.86315044439834,114.50516
C1(=O)C(=O)OOC1(C)C(=O)C(OO)C(=O)(O),106.70572606856149,107.938705
CC(OO)(C(=O)(OON(=O)(=O)))C(O)(C1(O)(N(=O)(=O)))OOC1C(=O),114.67202754034224,111.49666
CC(=O)C(OO)C(OO)(C)C=C,87.9575275102834,95.09654
C1(=O)C2OOC1C(ON(=O)(=O))C(O)(C)C2(ON(=O)(=O)),99.72420130048704,92.8348
CCCC(ON(=O)(=O))C(O)C(ON(=O)(=O))C(O),102.29813911864039,103.134346
C1(=O)C(ON(=O)(=O))OOC1C(=O)C(=O)C(O),88.33566390658234,91.63295
CC(ON(=O)(=O))(C)C(C(OO))C(=O)C(=O)CC(=O)(OO),131.32924878575432,117.40735
CC(=O)C(ON(=O)(=O))C(C)(C(ON(=O)(=O)))C(OO)C(=O)(O),118.77905941630888,119.5147
C1(=O)OC1C(=O)C(O)(C(ON(=O)(=O)))C(=O)C(=O)(O),103.58542559552734,106.255905
C1(O)(O)C(=O)OOC1(ON(=O)(=O))C(=O)C(=O)(O),101.17709321101574,107.27299
C1(O)C(ON(=O)(=O))OOC1C(=O)C(=O)C(=O)(OON(=O)(=O)),93.64067828744737,90.59364
CCC(ON(=O)(=O))CC(ON(=O)(=O))C(OO),89.97532612898067,85.89635
C1(=O)C(=O)C(=O)C(O)(O)C(=O)OC1(OO)C,122.57133482519566,86.93193
C(ON(=O)(=O))C(=O)C(C)(C(OO))C(=O)C(O),117.64446148904972,109.86234
C(=O)(OO)C(=O)C(O)C(O)OC(=O)C(=O),116.72987264238327,121.686455
CCCC(OO)CC(=O)C(OO)C(=O),123.09566528019059,115.809105
C(=O)(OO)C(=O)C1OOC(ON(=O)(=O))(C(=O))C1(O)C(OO),129.30561316684907,129.26204
CC(ON(=O)(=O))(C)C(OO)(CC(=O)(O))CC(=O)(OON(=O)(=O)),117.92386398176313,118.29222
C(=O)C1(O)C(O)(OO2)C(=O)C(=O)CC12,103.36817853140383,101.0241
C(ON(=O)(=O))C(OO)(C(=O))C(O)(C)C(=O),104.62779976096499,86.76173
c1cc(OO)c(C)c(O)c1,82.52042964388966,85.146614
C(OO)C(=O)C(C1(=O))OOC1C(N(=O)(=O))C(=O)(OON(=O)(=O)),104.48955443369778,105.19501
C(O)C(=O)C1OC1C(=O)C(N(=O)(=O))C(=O)(O),129.32231576040795,120.42531
C(=O)OOC(ON(=O)(=O))(C(=O)(OO))C(=O)C(=O)C(=O),93.78283273982379,87.85446
C(ON(=O)(=O))CCC(=O)CC(O)CC(OO),126.28098897392192,125.5541
CC(=O)C(C(=O)C)CC(ON(=O)(=O))C(O)C(=O)(O),129.713514624018,131.6909
CC(ON(=O)(=O))(C(=O)(O))C(C(=O))C(C)(C)C(ON(=O)(=O))C(=O),114.86743427967303,121.85674
C12OOC(C2(O))C(=O)C(O)C1(ON(=O)(=O))C,107.48843048977142,115.45359
C1C(OO)C(C)=CCC1C(=O)(OON(=O)(=O)),94.75478360355919,81.588585
C1(=O)C(C(=O))OOC1(C(=O)(O))C(=O)C(=O),100.22575946801226,98.83156
C12OOC(C2(O))C(ON(=O)(=O))C(OO)C1(OO)C(=O)(OON(=O)(=O)),128.28957538899704,125.76983
C(=O)(OON(=O)(=O))C(=O)C1OOC(C(=O))C1(O)C(ON(=O)(=O)),95.2194571539294,98.03639
C(=O)(OON(=O)(=O))C1OOC(O)(C1(=O))C(O)(N(=O)(=O))C(=O),99.02177612894593,107.394035
C(OO)C(=O)C(ON(=O)(=O))C(C)(C)C(OO)C(=O)(OON(=O)(=O)),114.01504366798326,111.2116
CC(O)(C(=O)(O))C1OOC(=O)C1(O)(O),128.90941728582402,123.10884
C(=O)(OO)CC(ON(=O)(=O))C(C)(C)C(C(=O)(OON(=O)(=O)))C(=O)C,103.4368273715445,103.15175
C(O)C(ON(=O)(=O))(C(=O)(OO))C(C(=O)(OO))C(=O)C,115.37700385988865,115.04418
CC(OO)(C(=O)(OON(=O)(=O)))C(OO)(C(=O))C(O)(C)C,127.14807428146742,102.23018
C(=O)(N(=O)(=O))C(=O)C(O)C(=O)C(=O)(OO),89.49849695632292,81.88632
C(OO)C(=O)OC(OO)(C(=O)(OO))C(=O),122.55626098763605,104.471466
C(OO)C(=O)C(=O)C(=O)C(=O)(N(=O)(=O)),73.8716241734146,71.11398
C1(OO)OC1C(O)C(OO)(C(OO))C(=O)(OON(=O)(=O)),126.7882887203159,131.15715
C12OOC(O)(C1(O)C)C(=O)C(O)(OO)C2(OO),148.76837563524168,125.61494
CC(=O)CC(ON(=O)(=O))CC(OO)CC(=O)CC,111.07453032927879,105.69696
C(ON(=O)(=O))C(C(=O))C1OC1C(=O),75.43061421273887,81.0963
C1(O)C(OO)C(ON(=O)(=O))C(OO)OOC1(=O),117.33156633951148,105.49061
CC(OO)(C(=O)(O))C(ON(=O)(=O))C1OC1C(=O),115.6581010152513,119.45856
C(OO)C(=O)C1CC(ON(=O)(=O))(C(=O))C1(C)C,103.43878815991047,100.96561
C(=O)(OO)C(ON(=O)(=O))C(=O)C(O)(C)C(OO)C(=O),117.7978181417493,125.96882
C12OOC(ON(=O)(=O))(C1(O)C(=O)(OO))C(=O)C(=O)C2,114.5569764387983,121.76653
C1(OO)OC1C(OO)C(=O)C(=O)C,93.79319698322797,96.95232
C(ON(=O)(=O))C(ON(=O)(=O))C(C)(C(O))C(C(=O))C(=O)C(O),129.60393481537176,134.09506
C1(=O)CC(=O)OOC(=O)C1(ON(=O)(=O))C,69.65504629516363,67.81319
CC(OO)(C(=O)(O))C(=O)OOC(ON(=O)(=O))(C(=O))C(=O),121.50419767348649,113.660706
C(=O)(O)C(N(=O)(=O))(OO),80.11430577597639,72.75536
C(=O)(O)CC1(OO)CC(ON(=O)(=O))C1(C)C(ON(=O)(=O)),121.73835027030145,125.56155
C(ON(=O)(=O))C1OOC(C(=O))C1(O)C(=O),93.86626134201651,84.74872
C(=O)(OO)C(ON(=O)(=O))C(OO)(C1(=O))OOC1(O)C(=O),123.82807627227885,134.37782
C(O)C(=O)C(=O)C(N(=O)(=O))C1(O)OC1C(=O),117.33249470313604,118.390175
CC1(C)C(=O)CC1CC(ON(=O)(=O))C(=O)C(OO),100.03343540466449,112.069275
CC(OO)(C)C(C(O))C(OO)(C)C(=O)(O),142.35741497930576,144.09332
C(=O)(N(=O)(=O))C(O)(C(=O)(O))OOC(OO)(C)C(=O),128.6554506326138,123.66427
CCCCC(OO)C(=O)CC(OO)C(=O)C,120.93008297740744,120.98634
CC(=O)C(=O)C(=O)C(O)(OO)C(O)(N(=O)(=O))C(=O),106.01731585350353,97.520294
C(=O)(O)C(=O)C(ON(=O)(=O))C(O)(C(=O)(O))OOC(=O),133.48877967795852,131.23322
C1(O)(O)C(N(=O)(=O))(C(=O)(O))OOC1(O)C(OO)(C)C(=O),151.53311240954645,140.23044
CC(ON(=O)(=O))(C(=O)(OO))C1OOC(O)(C1(O))C(=O)(OON(=O)(=O)),124.97059843522584,122.9127
CC(=O)C(O)C(OO)C(=O)(OO),107.23600679505762,102.67766
C1(=O)C(O)(O)C(OO)OC(=O)C(ON(=O)(=O))C1(ON(=O)(=O))C(O),141.08200409170968,140.69633
C(OO)C1(ON(=O)(=O))OC1(O)C(O)(O)C(=O)C(ON(=O)(=O))C(=O),141.41653747257078,151.289
CC(=O)C(OO)C(ON(=O)(=O))C(=O)CCC(=O)(OO),125.01042322671128,121.999664
C(=O)(O)C(N(=O)(=O))(OO)OC(=O)C=CC(=O)(O),134.45497298470582,129.60086
C(=O)(OO)C1OC1C(C(=O)(OO))=CC(=O),126.17714080788573,97.49774
C(=O)(O)C(O)C1(O)OC1(OO)C(=O)(OON(=O)(=O)),129.99638797777152,124.141914
CC(ON(=O)(=O))(C)C(OO)(C(ON(=O)(=O))(C)C(=O))CC(=O),115.74484370400023,122.38091
C(=O)(OON(=O)(=O))C1(O)OC1(OO)C(OO)=CC(=O),125.82863985648146,137.13182
C(=O)(OO)C1(C(=O)(OO))OC1C(ON(=O)(=O))C(O)C(=O)(OON(=O)(=O)),133.4277154921292,127.814674
CC(=O)C(=O)C(O)(OO)C(ON(=O)(=O))C(=O),94.65785554319154,83.86786
C1(ON(=O)(=O))OOC(C(=O)(O))(C(ON(=O)(=O)))C=CC1(O),126.969312503119,129.9606
C(O)C(=O)C(=O)OC(N(=O)(=O))(OO)C(=O)C(=O),107.20497945777606,116.55837
C(ON(=O)(=O))C(=O)C(=O)C(OO)OOC(=O)C(=O)(OO),120.07441085691971,120.369995
C(=O)(O)C(O)C1OC1C(=O)(OO),125.85451129972353,102.379005
C2(O)(O)C(=O)C(=O)CC1OC12(O),120.16217622083059,124.08464
C(=O)(O)C(=O)C1OOC(O)(C1(=O))C(=O),109.24767576756858,105.55893
C(=O)C(=O)C(O)(O)C(OO)(C(ON(=O)(=O)))C(OO)C(=O),135.07039646230987,135.56525
CC(ON(=O)(=O))CC(=O)C(=O)CC(ON(=O)(=O))CC(OO)C,122.79518935507804,117.82282
C1(=O)C(OO)C(ON(=O)(=O))(C(=O)C)OOC1(ON(=O)(=O))C,98.69245581938594,88.213905
C(ON(=O)(=O))C1(C(=O)(OO))OOC(C1(=O))C(OO)C(=O),113.5499136060389,113.48355
CC(O)(C)C(ON(=O)(=O))(C(OO))C(=O),107.94083941585995,96.02506
C(ON(=O)(=O))C(=O)C(OO)C(C(=O)(OON(=O)(=O)))OOC(=O),100.63817581031617,108.91663
CC(=O)C1OOC(O)(C1(O))C(ON(=O)(=O))C(=O)(O),129.75681415333383,132.12068
CC(=O)C(=O)C1OC1(O)C(=O)(O),102.52034898070269,106.00223
CC1(C)C(OO)(C(=O)(OON(=O)(=O)))C(ON(=O)(=O))C1CC(=O),110.83480801133555,105.49885
CC(O)(C(=O)(O))C(C(OO)(C)C(ON(=O)(=O)))CC(=O)C(=O),150.8607329061997,149.6926
C1(O)(N(=O)(=O))C(OO)(C(=O)(OON(=O)(=O)))OOC1(C)C(O)C(=O),122.41819030411716,134.65468
C(O)C(OO)(C(=O))C(O)(C1(O))OOC1C(=O),153.2396718945165,140.14513
C(O)C(=O)C(C)C(=O),71.73740639771859,67.56394
C(=O)(OON(=O)(=O))C1OC1C(OO)C(O)(OO)C(=O),121.15605271091772,122.09899
C(O)C(O)(C(=O)(OO))C(ON(=O)(=O))C(=O),102.71588537394564,104.76351
CC1(C)C(OO)C(ON(=O)(=O))C1C(=O)C(ON(=O)(=O)),99.72607239185163,106.68656
C(=O)(O)C(C(=O)(OON(=O)(=O)))OOC(=O)C(O)C(=O),115.82548369958386,114.729004
C(OO)C(=O)C(O)(N(=O)(=O))C(=O)C(=O),88.08092851418041,94.24694
CC(=O)C(ON(=O)(=O))C1(OO)OC1(N(=O)(=O))C(=O)(O),109.75279717065132,114.34663
C(=O)(OON(=O)(=O))C(=O)OC(=O)CC(=O)C(=O),74.75349660078791,73.68882
C(=O)(O)C(=O)OC(=O)C(ON(=O)(=O))C(OO)(C)C(=O)(OO),127.26570126735896,144.57222
C(=O)(O)C(=O)C(N(=O)(=O))(OO)C1OC1C(=O),108.26055174225621,114.5211
C1C(=O)C(O)(C)C(=O)C(ON(=O)(=O))C1C(=O)C,101.40586924823583,108.19393
CC(C(=O)(O))C1(O)OC1(N(=O)(=O))C(=O)(OO),117.62553659029072,140.77478
CC1(C)C(=O)CC1C(O)(C(OO))C(=O)(OON(=O)(=O)),105.92240524727822,109.911674
CC(C(ON(=O)(=O)))C(=O)(OO),75.2454036632189,56.4435
CC(=O)CCC(O)CCC(=O),90.61775006325479,88.39123
CC(OO)(C)C(C(OO)C(=O))C(=O)C(=O),109.87301564710651,115.66597
C(OO)C(=O)C=CC1(O)OC1(O)C(=O),123.2161456588583,150.57454
C(OO)C(C(=O))OOC(=O),80.56725603173982,84.469315
C(=O)C(=O)C(OO)=C(C(=O))C(O),103.82238085262361,106.27942
C1(O)C(=O)OOC(C(=O)(OO))C(=O)C1(ON(=O)(=O))C,111.63305587640934,91.438896
C(OO)C(=O)OOC(ON(=O)(=O))(C(=O)(OO))C(ON(=O)(=O))C(=O),115.94619047843298,113.6835
C1(O)(OO)C(C(=O))OOC1(C(ON(=O)(=O)))C(OO)C(=O),125.14364990692411,127.16728
C(=O)(O)C1(N(=O)(=O))OC1C(OO)C(C(=O))C(=O),112.67861537540739,123.92012
CC(ON(=O)(=O))(C(=O)(O))C(O)CC(C(OO))C(=O)C,133.50103699031752,151.40791
C(=O)(O)CC(ON(=O)(=O))C(O)(C(=O)(O))OOC(=O),143.5804621107527,135.43704
C(O)C(=O)C(OO)C(C)(C)C(ON(=O)(=O))C(=O)(OO),118.512956734834,121.8003
C(=O)(OO)C(N(=O)(=O))=CC1(OO)OC1C(=O),110.64391743976739,103.80098
C(=O)(O)C1(OO)OOC(ON(=O)(=O))C1(O)C(=O),122.72508690038376,114.32763
C(=O)(O)C(=O)OC(=O)C(O)(C(O))C(ON(=O)(=O))C(=O),126.37951555625477,130.56194
C(=O)(OO)C(ON(=O)(=O))C(OO)(C(=O)(O))C(ON(=O)(=O))OC(=O),132.30537838223972,127.08356
CC(=O)C(C(=O)(OO))C(C)(C(OO))C(ON(=O)(=O))CC(=O)(OON(=O)(=O)),131.0189180203961,126.72964
C(=O)(O)C=CC1(ON(=O)(=O))OC1(O)C(=O),109.27167724479659,112.60341
C(=O)(O)C1(C(OO))OC1C(ON(=O)(=O))C(=O),116.72991915720195,117.00548
C(=O)(O)C(=O)C1(O)OC1(ON(=O)(=O))C(=O)(OO),107.93035342265648,97.83548
C(=O)(O)CC1(ON(=O)(=O))OC1C(=O)C(=O)(O),117.44652320323803,114.65444
CC(OO)(C)C(OO)(C(=O)C(OO))CC(=O)CC(=O),150.58926273964607,143.28925
CCC(O)CC(O)C(ON(=O)(=O))CC(OO)CC,131.07141750807932,133.07341
C(=O)(OO)C1OC1C(O)(C(ON(=O)(=O)))C(=O),109.66938040129753,117.806
C12OOC(C1(O))C(O)(OO)C(OO)C2(OO),155.65476742012106,168.30525
C(ON(=O)(=O))C(=O)C(OO)=CC1OC1C(=O)(OO),132.46347583418537,135.90486
C(=O)(O)C(O)C(OO)C(=O)C(OO),136.07416772199213,150.46555
C1(O)(O)C2(OO)OOC1C=CC2(N(=O)(=O))(ON(=O)(=O)),112.71048729075119,112.00999
CC1(C(OO))C(OO)CC(=O)C(O)(C)C1C(=O),145.68325049093983,137.73936
C(=O)(OO)C(O)C(OO)(C)C(=O),109.1495296156063,110.46488
CC(ON(=O)(=O))(C(O))C(ON(=O)(=O))(C(=O))CC(=O)(OO),122.31405203626491,109.80188
C(=O)(OO)C(OO)C1(C)OOC(O)(C1(O))C(=O),138.5873404105514,140.07341
C(=O)C(=O)C(O)(O)C1(O)OC1C(=O),110.76249448570161,113.78267
C1(O)C(=O)OOC1(OO)CC(=O)C(=O)(OON(=O)(=O)),104.46032324845874,108.33008
CC(=O)C(ON(=O)(=O))(C(=O)(O))C(C)(C)C(=O),102.2470159643708,94.86605
C(=O)(OON(=O)(=O))C(=O)OC(=O)C(C)C(=O),66.98221768759686,69.12457
CC(=O)C(ON(=O)(=O))CC(=O)CC(=O)C(OO)(C)C(ON(=O)(=O)),119.70275052663783,126.44153
CC(=O)C(C(=O))C(C)(C)C(OO)C(=O),93.99603380635381,99.97044
C(=O)(OO)C(OO)C1OOC(C(=O))C1(O)C(ON(=O)(=O)),131.04506798752118,142.34044
CC(=O)C(OO)C(C)(C)C(=O)C(O)C(=O)(O),120.71757639689167,124.76788
C(=O)C(=O)C1(O)OC1(C(=O)(OO))C(O),104.1800486058346,126.68328
C(=O)(O)C(OO)(C(=O))OOC(=O)C(=O),107.7608313104356,105.83361
CCCCCCCC(ON(=O)(=O))C(OO),83.57374742393586,85.28921
CC(=O)C(OO)C(C)(C)C(=O)C(O),100.84966373656061,105.23095
C(=O)(OO)C(ON(=O)(=O))C(OO)(C(O))C(=O)C(=O)C(=O),123.46052049453283,122.21711
CC(=O)C(OO)C(C)(C(OO))C(=O)C(OO),131.38175119980588,145.70935
CC(=O)C(C(=O)(O))C(C)(C(=O)(OON(=O)(=O)))C(O)C(ON(=O)(=O))C(=O),125.19656198069424,135.27658
C(OO)C(OO)(C(=O))OC(=O)C(ON(=O)(=O))C(O)C(=O),136.6433270192938,132.9323
CC(=O)C(=O)OOC(=O)C(O)(N(=O)(=O))C(=O)(OON(=O)(=O)),87.06672939003329,91.7327
CC(OO)(C)C1(ON(=O)(=O))CC(=O)C(O)(C(OO))C(=O)C1,141.97370153074007,124.15543
C(=O)(OON(=O)(=O))C(O)C(=O)OOC(C)(C(=O))C(=O),92.8852080097131,96.05929
C(=O)(OON(=O)(=O))C1(O)OOC(OO)(C1(O)C)C(O)C(=O),135.7642586643633,130.93188
CC(O)C(OO)C(OO)C(=O)C,114.94870168144553,121.844604
C(=O)C(=O)OC(O)C(C(ON(=O)(=O)))=C(=O),94.32874820126017,89.23104
C(=O)(O)C(O)(C(=O)(O))C(OO)C(=O)(OON(=O)(=O)),131.3560472130921,132.97873
C1(O)C(OO)OOC1(O)C(=O)C(=O)(O),129.07647157489555,132.99765
C1(=O)OC1C(O)(C(ON(=O)(=O)))C(=O)C(=O)(OO),96.12607387492608,100.99691
CC(=O)C1(OO)C(OO)C(=O)C1(C)C,102.66495938499429,107.837204
C1(=O)C(=O)C(ON(=O)(=O))C(=O)OOC1(C)C(=O)(O),101.41147277928394,104.003235
C(=O)C1(OO)OC1(C(=O))C(OO)C(=O),105.58801162461168,100.85725
CC(=O)CCCCCCCC(=O)(O),93.87558423649898,103.81767
C(=O)(OON(=O)(=O))C(=O)OC(=O)C(OO)C(=O)C(=O),85.83887879203394,83.109886
CC(O)(C(=O)(OON(=O)(=O)))C(C(=O)(OON(=O)(=O)))C(C)(C)C(=O)C(=O),97.19254548400932,102.700294
CC(=O)C(ON(=O)(=O))C(=O)C(OO)OC(=O)C(=O),94.80649456851097,98.035805
CC(ON(=O)(=O))C(OO)C(C)(C)C(ON(=O)(=O))C(=O),95.97114563304058,102.25583
CC(ON(=O)(=O))C1CC(C(=O)(OON(=O)(=O)))C1(C)C,78.98984957596986,75.28677
C1(O)C(ON(=O)(=O))(C(OO))OOC1C(=O)C(=O)(OO),128.85126229898742,115.47572
CC(ON(=O)(=O))CC(OO)(C(=O)C)C(=O)C,93.7022257357894,97.19403
C(=O)(OO)C(=O)C(C(=O)(OON(=O)(=O)))OOC(=O)C(=O),98.33901529472496,101.23661
C(=O)(OON(=O)(=O))C1(OO)OC1(OO)C(ON(=O)(=O))C(=O),97.31880971753708,100.41654
C(=O)(O)OC(OO)(C(O))CC(=O),117.52315651760728,130.79938
C(=O)C(=O)OC(=O)C(=O)C(C(=O)(OON(=O)(=O)))C(O),91.82186712230032,85.71359
C(=O)(O)C(O)C(ON(=O)(=O))C(OO)(C(=O))OC(=O)C(=O),131.6447435463342,138.3578
C(=O)(OO)C(N(=O)(=O))(ON(=O)(=O))C(=O)C(=O)C(=O)C(=O),81.89296821534663,85.35958
C(=O)(O)C(=O)C(OO)(C)C(=O)OC(=O)C(=O)(OON(=O)(=O)),108.13713099878805,101.724335
CC(OO)C(ON(=O)(=O))CCC(OO),99.4446996464103,103.71149
C(O)C(=O)C1C(OO)C(C(ON(=O)(=O)))C1(C)C(ON(=O)(=O)),122.52794542630727,137.05023
CC(C(OO))(C(=O)(OO))C(ON(=O)(=O))(C)C(=O)(OON(=O)(=O)),107.69959167404886,97.922585
CC(=O)C(C(O)(C)C(OO))CC(=O)(OON(=O)(=O)),110.23397755884798,114.01718
CC(ON(=O)(=O))C(OO)(C1(C)C)CC1C(=O)(OO),107.72952254813572,121.24521
C1(O)C(OO)OOC1C(=O)(O),121.2255418593777,111.32068
CC1(C(OO))OOC(OO)CC1(ON(=O)(=O))CC(=O)(OON(=O)(=O)),124.79388077308249,123.319466
C2(=O)C(O)C(OO)C1(C(=O)(O))OOC2C1(=O),127.42465967260796,130.96196
CC(=O)C(OO)(C(=O))CC(OO)C(ON(=O)(=O))(C)C(=O),133.75322228292498,135.33751
CC(=O)C1(OO)CC(ON(=O)(=O))C1(C)C(ON(=O)(=O)),101.6216865836177,101.478485
CC(=O)C(ON(=O)(=O))(C(ON(=O)(=O))(C)C)CC(=O)CC(=O)(OO),108.97687407329795,105.49027
C12OOC(O)(C1(O))C(OO)C(ON(=O)(=O))(C2(O))C(=O)(OON(=O)(=O)),132.300513295806,149.43646
C(=O)(OO)C(O)C(ON(=O)(=O))(C(OO))C(OO)OC(=O),141.00408259146934,139.75598
C(=O)(O)C(=O)C(C(ON(=O)(=O)))C(OO)OC(=O),116.22783304299082,123.24629
C(OO)C(=O)C1OC1(OO)CC(=O)(OO),122.9087246078343,116.04508
C1(ON(=O)(=O))C=CC(=O)OOC1C(=O)(OO),101.85704752867605,102.170265
CC(=O)C(=O)C(OO)C(=O)OOC(=O)C(=O)(O),112.51707686403824,114.08232
CC(OO)CC(=O)C(ON(=O)(=O))CC(O)CCC(ON(=O)(=O)),145.1930827776523,148.1631
C(=O)(OO)C(=O)OC(=O)C(OO)(C)C(=O)C(=O),106.93762797003728,102.1765
C1(OO)OC1(O)C(=O)C(=O)C(=O)C,93.36962502534152,93.29375
C(=O)(O)C(=O)OC(O)C(C(=O)(OON(=O)(=O)))=CC(=O)(O),135.46543820528314,143.70985
CC(C(=O)(O))=CC1OC1(N(=O)(=O))C(=O)(O),115.46604109484906,119.22957
C(=O)(O)C(ON(=O)(=O))C(O)(C(OO))C(=O)C,125.39147357652837,127.31138
C(OO)C(=O)CC(ON(=O)(=O))(C(OO)(C)C)C(=O)C(=O),122.8101471557311,116.61155
CC(ON(=O)(=O))(C)C(C(ON(=O)(=O)))C(OO)C(=O)C(=O)(OO),122.00409424147801,112.796875
C(ON(=O)(=O))C(=O)C(ON(=O)(=O))C(=O)OC(OO)C(=O)(OO),120.46893490356888,121.3409
C1(O)(O)C(=O)OOC1(C(ON(=O)(=O)))C(O)C(=O)(OON(=O)(=O)),114.75423858767317,111.79321
C(=O)C(=O)C(O)(O)C1(C(=O))OC1C(=O),105.06558957388916,105.52705
C(=O)(OO)C(O)C(ON(=O)(=O))(C(OO))C(=O)OC(=O),117.20781450398499,108.35819
C(=O)(OO)C(ON(=O)(=O))C(=O)C(N(=O)(=O))(C(=O)(O))OOC(=O),117.96603425007197,119.21873
CC1(C)C(OO)C(O)(C)C(=O)CC1C(=O),113.11470375396311,114.32144
C(=O)(O)C1OC1C(OO)=C(C(=O)(OO))C(=O),144.67106674599927,146.35054
C1(O)C(N(=O)(=O))(OO)OOC1(C)C(=O)(OO),107.83976089229691,133.95604
CC(=O)C(C(OO)(C)C(=O)(OON(=O)(=O)))CC(OO)C(=O),127.50940499360149,121.20182
C(O)C(=O)C(=O)CC(C(OO))C(=O)(OON(=O)(=O)),113.17112813017593,130.40063
C(O)C(ON(=O)(=O))C(O)(C(O))C(=O),114.49779044626484,106.155106
C(O)C(=O)C(OO)C(O)(C)C(C(=O))CC(=O)(OON(=O)(=O)),134.91992683181888,123.12027
CC(ON(=O)(=O))(C)C(O)C(ON(=O)(=O))C(=O)(OO),98.15919842254516,101.46346
CC(=O)C1(O)CC(OO)(C1(C)C)CC(=O)(OON(=O)(=O)),113.47153760810761,109.51771
CC(OO)(C(=O))C(C)(C)C(=O)C(=O),93.99603380635381,86.77595
C1(=O)C(ON(=O)(=O))(C)C(ON(=O)(=O))(OO)C(=O)OOC1C(=O)(O),119.77481503633317,131.42493
C(=O)(O)CC1C(OO)C(C(=O)(OON(=O)(=O)))C1(C)C,114.33065849918785,117.62793
CC(ON(=O)(=O))C(C)(C(OO))C(C(=O)(OO))C(=O),112.1992363004465,111.57544
CC1(ON(=O)(=O))C(C(=O)C)C(OO)C1CC(=O)(OON(=O)(=O)),110.39873813228041,111.53067
C1(O)(O)C(C(=O)(O))OOC1C(O)C(=O)C(OO),158.07865297042008,155.92618
CC(ON(=O)(=O))(C(=O)(OO))C(C(ON(=O)(=O)))C(OO)(C)C(=O),122.53486490849173,116.708786
C(ON(=O)(=O))C(=O)C(OO)(C(=O)(OO))OOC(=O),102.5277355498838,108.66007
C1(OO)OC1(N(=O)(=O))C(=O)C(=O)C,75.65699252788909,71.33419
C(=O)(O)C(C(=O)(O))=C(OO)C1OC1C(=O),140.2942473168805,133.63918
C(=O)C(=O)OC(O)(C(=O)(O))CC(=O),105.50339112596703,108.43681
CC(=O)C1OC1(ON(=O)(=O))C(=O)C(=O)(O),89.36519421096455,87.20582
C(O)C(ON(=O)(=O))(C(=O))C(N(=O)(=O))(C1(O)(O))OOC1C(=O),134.83839395508403,123.32026
C(=O)(O)C(ON(=O)(=O))C(ON(=O)(=O))(C(OO))C1OC1C(=O),123.64674405718688,126.11517
C(=O)(OO)C(=O)C1(C)OOC(O)(C1(O)(N(=O)(=O)))C(=O),119.17375483224168,100.13367
C1(OO)OC1(C(OO))C(ON(=O)(=O))C(=O),101.29573264712235,106.65284
C(=O)(OO)C(ON(=O)(=O))C(O)C(ON(=O)(=O))(C(=O))OC(=O),111.02010543557844,119.74022
C(=O)(N(=O)(=O))C1OC1(C)CC(=O)C(=O)(O),96.80999057371082,102.06152
C(=O)(OON(=O)(=O))C(O)(ON(=O)(=O))C(O)(C)C(=O)C(=O)C(=O),99.2278856489138,101.39543
C(O)C(C(=O))C(C)(C(ON(=O)(=O)))OOC(=O),95.43691499724082,97.028046
C(=O)(O)C(=O)C(ON(=O)(=O))(C)C(=O)C(=O)C(=O),95.66179403808928,93.80013
CC(=O)C1C(ON(=O)(=O))C(ON(=O)(=O))C1(C)C(O),96.69466372834722,96.55053
C(=O)(O)C(O)C(ON(=O)(=O))(C)C(OO)OC(=O)C(=O),131.9839913483811,121.373825
C(=O)(N(=O)(=O))C(=O)C(OO)OC(=O)C(ON(=O)(=O)),88.97083723211836,84.13036
CC(=O)C(C1(C)C(OO))C(=O)C1CC(=O)(OON(=O)(=O)),104.33224442855135,109.18495
CC(=O)C(=O)CC(O)(C(ON(=O)(=O))(C)C)CC(=O)(O),119.11990840426733,99.47075
C1(O)(O)C(N(=O)(=O))(C(=O)(OO))OOC1(C)C(=O)(OON(=O)(=O)),114.01492792207137,99.78087
C(=O)(OO)C(OO)C(O)C1OC1(O)C(=O),138.63654429610324,121.44265
C(=O)(O)C(N(=O)(=O))=C(C)C(OO)OC(=O)C(=O),112.37133998735953,113.10214
CC(C)(C(=O))C(C(=O))C(=O)C(ON(=O)(=O))C(=O),80.91869456984568,85.33063
C(=O)(O)C(ON(=O)(=O))CC(=O)C(O)(C)C(=O)(OO),125.70651831426949,125.079506
CC(=O)C(O)(C(ON(=O)(=O))(C)C(OO))CC(=O)C(=O)(OO),147.64740058047755,144.37189
CC(ON(=O)(=O))CCC(OO)CC(=O)(OO),110.05962576762249,107.995026
CC(ON(=O)(=O))C(C)(C(OO))C(C(=O)(OON(=O)(=O)))C(=O)C,98.87422165963653,101.57706
CC(ON(=O)(=O))(C(O))C(C(=O)(O))C(OO)C(=O)C(=O)C,135.52590485928522,130.02348
C(=O)(OON(=O)(=O))CC(OO)C(C)(C)C(ON(=O)(=O))(C(=O))C(=O)C(=O),117.2278761717389,126.0907
CC(=O)C(OO)C(ON(=O)(=O))C(C(=O)C)CC(=O),112.15942124012508,111.0306
C1(O)C(=O)OOC1(O)CC(=O)C(=O)(OON(=O)(=O)),104.54724114274723,109.822174
C(=O)C(ON(=O)(=O))C1(C(ON(=O)(=O)))OOC(=O)C1(O)(O),111.92485119523917,102.69908
C(=O)(O)C(OO)C(ON(=O)(=O))(C(=O))OOC(=O)C,110.1001534224124,110.79069
C(=O)C(=O)C1(OO)OC1(OO)C,97.49962285046786,86.232285
C(=O)(OO)C=C(C(OO))C1OC1C(=O),122.66887576540466,121.16157
C(=O)(OON(=O)(=O))C(OO)OC(=O)C=C(OO)C(=O),115.5076776273927,94.90584
CC(C(=O))=CC(=O)C(O)C(=O),88.27923449310038,99.26954
C(=O)C(O)C(=O)C1(OO)OC1(ON(=O)(=O))C(=O),94.31160920918046,98.054344
C(=O)(OO)C1(O)OC1(N(=O)(=O))C(O)(C)C(=O),115.31173598612077,117.71228
C(O)C(=O)C(=O)C(=O)C(OO),100.1946653834093,87.68145
CC(=O)C(O)(OO)C(O)C(OO)OC(=O)C(=O),140.26648489535,138.03455
C(=O)(O)C(=O)C(OO)C(=O)C(OO),124.50364008732868,110.515465
CC(ON(=O)(=O))CCC(O)CC(=O)CCC(=O)(O),137.56721993669635,137.89096
C(=O)(OON(=O)(=O))C1(O)C(OO)OOC1(ON(=O)(=O))C(=O)C(=O),98.83505293126655,100.727875
CC(=O)OOC(OO)C(=O)C(=O)(OO),103.15540225116274,82.415886
C(=O)(O)C1CC(ON(=O)(=O))(C1(C)C)CC(=O)(OO),125.97687374085945,129.09012
CC(=O)C(OO)CC(=O)C(=O),87.21484714032704,83.03018
CC1(OO)C(=O)CC(=O)CC1(ON(=O)(=O))OOC(OO)(C)C,133.52671456567623,127.88614
C1(=O)C(OO)(C)OOC1C(ON(=O)(=O)),80.90336966027826,78.94492
CC(ON(=O)(=O))(C(=O)(O))C(C(=O))C(C)C,94.45524762917921,97.2811
CC(=O)C(ON(=O)(=O))C(O)C(C(OO)(C)C)CC(=O)(OO),133.13181340204028,138.62827
CC(ON(=O)(=O))(C(O))C(OO)(C(=O)(OON(=O)(=O)))CC(=O),128.9800593259788,120.767395
CC1(C)C(OO)C(O)(C(OO))C(=O)CC1(=O),132.17233031855721,115.35292
C(=O)(O)C(=O)C(C(=O)(OON(=O)(=O)))C1OC1C(=O),100.05827122691699,104.77911
C(=O)(O)C(O)C(=O)CC(OO),122.4971376445319,110.572365
C(=O)C(ON(=O)(=O))C(OO)(C1(O))OOC1C(=O)C(=O),114.52350371825742,114.409805
C1(O)(O)C(=O)OOC1(O)C(N(=O)(=O))=CC(=O),104.11083734757267,114.34654
CC(=O)C(O)C(=O)OOC(N(=O)(=O))(OO)C(=O)(O),122.98761786866089,117.63977
CC(=O)C(=O)C(C)(C(ON(=O)(=O)))C(ON(=O)(=O))(C(O))CC(=O)(OO),130.15291983678617,128.59917
C1(ON(=O)(=O))C(=O)OOC(OO)(C(OO)C1(O))C(=O)C,125.12418525722751,138.7206
CC(=O)CCC(=O)CCC(ON(=O)(=O))CC,86.3193128826315,84.21928
C1(ON(=O)(=O))OC1(C)C(OO)C(O)C(=O)(OON(=O)(=O)),95.92003815151111,102.812675
C(=O)(OO)C(N(=O)(=O))(OO)C(ON(=O)(=O))C1OC1(C(O))C(=O),136.85341099537618,121.09325
C(O)C(=O)C(OO)OC(=O)C(=O)(O),127.56675817532232,122.03013
C(ON(=O)(=O))C(=O)C=CC1(O)OC1(OO)C(=O),119.43374859078176,114.42001
C12OOC(O)(C1(=O))C(ON(=O)(=O))C(O)C2(=O),102.37703171149042,105.05886
CCCC(ON(=O)(=O))CCC(=O)CC(ON(=O)(=O))C,89.35434639564482,96.26965
C(=O)C(=O)C(O)(O)C(ON(=O)(=O))C(OO)C(=O)C(=O),123.51838842912548,138.8765
CC(=O)C(OO)CC(C(=O)C(O))CC(=O)(O),150.74456712808023,155.93864
CC1(C(=O)(O))OOC(O)(C1(O)(O))C(O)C(=O)(OON(=O)(=O)),138.52162360293732,156.34549
C(=O)(O)C(=O)C(O)C(C(=O)(OON(=O)(=O)))OOC(=O),109.54459698572464,118.0088
C(=O)C(O)C(ON(=O)(=O))(C(=O))C(=O)OC(=O),87.94329259781807,85.891205
C1(O)(N(=O)(=O))C(O)(C(=O)(N(=O)(=O)))OOC1C(OO)C(=O),112.44793813702563,105.17589
C(=O)(OO)C1OOC(O)(C1(O)C(=O)(OON(=O)(=O)))C(ON(=O)(=O))C(=O),128.19855023970013,121.81356
C(=O)(OO)C(O)C(C)(C)C(C(=O)(OON(=O)(=O)))C(=O)C,95.7396071418043,114.43022
CC(=O)C1C(OO)C(OO)(C(=O))C1(C)C,112.64434924462694,120.3631
CC(=O)CC(=O)CCC(ON(=O)(=O))C(ON(=O)(=O))C(=O)C,107.75485663205473,101.57074
C(ON(=O)(=O))C(=O)CC(OO)OC(=O),84.46488243689964,102.71243
CC(OO)(C(=O))C(C(=O)(OO))C(C)(C)C(OO)C(=O),133.73864929038973,137.58151
C(=O)(OO)C(OO)C(N(=O)(=O))(ON(=O)(=O))C1(O)OC1(OO)C(=O),126.78728355607018,119.55792
CC(=O)C(C(OO))C(OO)(C(ON(=O)(=O)))C(=O),121.59812060958211,119.76235
C(OO)C(ON(=O)(=O))(C(=O)(OON(=O)(=O)))C(=O)C(O)C(=O),104.36357719625812,93.059814
CC(=O)C(OO)C1(OO)OC1(N(=O)(=O))C(=O)(O),120.6585959917793,131.86328
C(=O)(O)C(C(=O)(O))OOC(OO)(C(ON(=O)(=O)))C(=O)(OON(=O)(=O)),141.9128766111753,139.84953
C(ON(=O)(=O))C(ON(=O)(=O))C(O)(C)C(C(=O))C(=O)C(O),125.58122931680555,124.40371
CC(ON(=O)(=O))(C)C(C(=O))C(=O)C(=O)(OO),88.3198703718299,96.449066
C(=O)(O)C(OO)C1CC(ON(=O)(=O))C1(C)C(ON(=O)(=O)),119.51892464426783,122.92144
C(ON(=O)(=O))C(=O)C1(N(=O)(=O))OC1(OO)C(OO),90.51829254125187,101.11908
C1(O)(N(=O)(=O))C(=O)OOC1(C(ON(=O)(=O)))C=CC(=O)(O),120.16006762602774,119.259735
CC(=O)C(=O)C(=O)C(O)(C(ON(=O)(=O))(C)C(ON(=O)(=O)))CC(=O)(OO),132.84267633587297,126.13417
CC(=O)C1CC(C(ON(=O)(=O)))C1(O)C,86.16805386757187,88.513985
CC(=O)C(C(ON(=O)(=O)))C(O)(C(OO))C(=O)CC(=O),128.85137746547116,132.30096
C(=O)(OO)C(=O)C(O)(O)C(=O)C(OO)C(=O)C,128.0232358626963,168.951
C(=O)(O)C1(O)C(OO)OOC1C(O)C(=O),138.71826987192617,141.46066
C(=O)(N(=O)(=O))C(ON(=O)(=O))C(O)C(=O)C(=O)(OO),99.02998951354675,100.73386
CC1(C)C(ON(=O)(=O))(C(=O)(O))CC1C(O)(C)C(=O),117.54462926964334,117.84052
C12OOC(C1(O)(O))C=C(C2(OO))C(=O)(OO),150.74816598747566,150.35191
CC(=O)CCC(OO)C(ON(=O)(=O))CC(ON(=O)(=O)),116.93611442963447,114.87113
C(=O)(OON(=O)(=O))C(O)C(OO)(C1(O)(N(=O)(=O)))OOC1(O)C(=O),123.62802682592155,114.358345
C(=O)(OO)C(=O)OOC(N(=O)(=O))(C(=O)(O))C(ON(=O)(=O))C(=O),121.17805048744049,122.75145
C(=O)(O)C12OOC(C1(O)(O))C(ON(=O)(=O))C(OO)C2(OO),163.8741828095226,163.3539
C(O)C(OO)(C(=O)(OO))C(ON(=O)(=O))C(=O)OC(=O)C(=O),126.37684190452273,135.306
C1(=O)C(ON(=O)(=O))OOC1(OO)CC(=O)(OO),110.89934319110762,111.90464
C(OO)C(=O)OOC(N(=O)(=O))(C(=O)(O))C(=O),108.08590595142596,107.96875
CC(=O)CCC(ON(=O)(=O))CCC(OO)C(OO)C,135.84234038646537,134.6479
C(OO)C(O)(C(=O))C1OOC(OO)(C1(O))C(=O),153.18581355386414,135.94168
C(=O)(O)C(O)C(OO)(C)C1OC1(ON(=O)(=O))C(=O),128.53247077296692,127.633
C(=O)(OON(=O)(=O))C(O)(O)C1(O)OC1C(=O)(OON(=O)(=O)),104.45686880363792,98.46873
C(=O)(O)C(OO)(C(ON(=O)(=O)))C(OO)(C(=O))C(=O)C,140.110842506685,142.89703
CC(OO)(C)C(OO)C(=O)C(ON(=O)(=O))C(=O)(OON(=O)(=O)),105.56866813032684,104.86652
C(=O)(OO)C1(O)OC1(C(ON(=O)(=O)))C(=O)C(=O),92.98330938674917,96.703415
CC(OO)(C)C(C(=O)(OON(=O)(=O)))CC(=O),96.3480697575942,90.636986
CC(ON(=O)(=O))C(ON(=O)(=O))C(=O)CC(OO)CCCC,112.95419694435259,107.04701
C(=O)(N(=O)(=O))C1(O)OC1(C(ON(=O)(=O)))C=CC(=O)(OO),116.38295078986994,128.59428
C(ON(=O)(=O))C(=O)C(C)(C(O))C(OO)C(=O)(OON(=O)(=O)),117.00772402284201,107.922935
C1(OO)C=C(OO)C(=O)OOC1C(=O)(OON(=O)(=O)),113.24391419968742,105.35379
C(=O)(O)CC(=O)C(ON(=O)(=O))C(C(=O)C)C(ON(=O)(=O))(C)C(OO),126.27186411652656,133.00668
CC2(OO)C(ON(=O)(=O))CC(OO)(C1(C)C)CC12(ON(=O)(=O)),115.82507808959053,121.70051
C(=O)(O)C(=O)C(ON(=O)(=O))C(=O)OOC(=O)C(=O),99.24413098001241,104.00286
C(=O)(N(=O)(=O))C1OC1C(OO)(C)C(=O)(O),107.60724898127955,111.469795
C(ON(=O)(=O))C(O)C(C(=O))=C,80.27118433993019,76.01044
C(=O)(OON(=O)(=O))C=CC(ON(=O)(=O))(C(=O)(OO))OC(=O),99.1552158385748,98.11108
C(=O)(O)C1(OO)OC1C(C(ON(=O)(=O)))C(=O)(OON(=O)(=O)),114.53415941436833,111.89941
C(=O)C(=O)OC(=O)C(=O)CC(=O),76.30910756779485,67.261604
C(=O)(OO)C(ON(=O)(=O))C(O)C(=O)C(=O)C(=O),106.13776264141052,95.954056
CC(=O)C(ON(=O)(=O))(OO)C(C(=O)(OON(=O)(=O)))OOC(=O),86.99369094517897,95.1324
CC(C)(C(=O)(OON(=O)(=O)))C(OO)(C(=O))C(OO)(C)C(=O),120.03374974663893,119.347885
C(=O)(O)C(ON(=O)(=O))C(C(=O)C(=O)(OO))OOC(=O)C(=O),127.57785696202336,132.34369
CC(O)(C)C(ON(=O)(=O))(C(OO))CC(=O)C(=O)C,111.56080291527906,110.07238
C(O)C(ON(=O)(=O))(C(O))C(C(=O)(OON(=O)(=O)))CC(=O),116.80276517447055,110.81893
CC(=O)CC(=O)CC(OO)CC(OO),128.6611695593965,119.31187
C(=O)OC(=O)C(=O)CC(=O)C(OO),84.02036824752577,95.1568
C(OO)C(=O)C(=O)C(=O)C(=O)C(OO)C(=O)(OON(=O)(=O)),101.5840528371773,102.77678
C(=O)(OON(=O)(=O))CC1(O)OC1(OO)C(=O)(OON(=O)(=O)),93.4807552713537,82.36049
CC(OO)(C(=O)(O))C(N(=O)(=O))(C1(O)(OO))OOC1C(=O),147.34634109141916,135.42273
CC(ON(=O)(=O))CC(O)CCC(OO)C(OO)CC,144.66115161737252,146.9432
CC(=O)C(ON(=O)(=O))(C(O))C(O)C(=O)C(=O)(OON(=O)(=O)),108.41711971450422,106.759865
C(=O)C(ON(=O)(=O))C(C(ON(=O)(=O)))(C(=O))OOC(=O),85.48464340815553,82.86023
CCCC(ON(=O)(=O))CC(=O)C(=O),76.04311017022701,64.72589
C1(=O)C(ON(=O)(=O))C(O)(C)C(=O)OOC1(O)C(=O)(OO),128.27907274876634,121.93402
C(=O)(OO)C(=O)C(=O)C(O)C(ON(=O)(=O))C(=O)(OO),120.60526590664085,117.723366
C(ON(=O)(=O))C(=O)C(=O)C1OOC(C1(O)(O))C(=O)(OO),128.3081961841017,150.58952
C(=O)(O)C(C(=O)(OON(=O)(=O)))C(=O)C(OO)OC(=O)C(=O),113.30486255189317,116.497665
CC(=O)C(ON(=O)(=O))CC(C(=O)C)CC(=O),88.42640015928191,90.55628
CC(=O)C(OO)CC(=O)CC(=O)C(OO)C(ON(=O)(=O)),132.00332357856678,117.32421
CC(=O)C(O)C(ON(=O)(=O))C(=O)C(OO)(C)C,105.25595100514329,105.81562
CCCCC(=O)CC(=O)CC(ON(=O)(=O))C(O),102.71606435677677,102.961716
CC(OO)(C(=O))C(OO)(C)CC(=O)C(=O),125.02006575212727,112.63002
C(ON(=O)(=O))C(=O)C1OC1C(=O)C(OO)C(=O),102.22944383603317,113.378075
C2(O)C1(OO)OOC2C=CC1(ON(=O)(=O))C(=O)(O),126.10841125770821,133.5173
CC1(C)C(=O)CC(ON(=O)(=O))C(ON(=O)(=O))(C)C1(O)C(=O),114.55944973022997,107.43859
C(=O)(OO)C(OO)=CC(OO)OC(=O)C(=O),139.88782801044727,126.10442
C(=O)(O)C(=O)C1OC1CC(=O)C(=O)(OO),124.56419056841696,129.93805
C(=O)(OO)C(ON(=O)(=O))C(ON(=O)(=O))(C)C(OO)OC(=O),109.31092770621035,112.62499
C(=O)C(OO)(C(=O))OC(=O)C=C(=O),91.62146025490802,85.01516
CC(=O)C(O)(OO)C(ON(=O)(=O))C1OC1C(=O),106.40080522940116,106.57598
C1(O)C(=O)OOC1(OO)C(ON(=O)(=O))C(=O)C(=O)(OO),117.18639970869117,127.98003
CC(ON(=O)(=O))(C(=O)(OO))C(O)(C1(O))OOC1C(=O)(OO),144.01822434930364,141.49924
C(=O)(OON(=O)(=O))C(=O)C(O)C(OO)C1(O)OC1(ON(=O)(=O))C(=O),119.77768188081245,125.486824
C12OOC(OO)(C1(O)(O))C(ON(=O)(=O))C(OO)C2(=O),135.0973023849656,139.49837
C1(=O)OOC(=O)C(=O)C(N(=O)(=O))(OO)C1(OO)C,93.19024596628151,83.08512
C1(ON(=O)(=O))OC1C(=O)C(OO)(C(OO))C(=O),105.044966298301,114.89092
C1(OO)OC1C(ON(=O)(=O))C(O)(C(OO))C(=O)(OO),133.71650755789597,137.25105
CC(ON(=O)(=O))C(C)(C(=O)(OON(=O)(=O)))C(C(OO))C(=O),105.29807831245853,110.420364
C(O)C(=O)C(=O)C(C)(C)C(OO)C(=O),112.24900253465603,108.64719
CCCCCC(ON(=O)(=O))CC(=O)(OON(=O)(=O)),79.34576215552806,76.96966
C(=O)(N(=O)(=O))C(=O)OC(=O)C(OO)(C)C(=O)C(=O),83.61525802949473,85.5413
C(=O)(O)C(O)(ON(=O)(=O))C(OO)C(=O),111.26293517507293,115.38413
CC(OO)(C)C(C(ON(=O)(=O))(C(O))C(=O)(OON(=O)(=O)))C(=O)C(=O),127.99645534790761,120.22247
C(=O)(OON(=O)(=O))C(OO)=C(C(ON(=O)(=O)))C(=O),95.8764988459152,99.55677
C12OOC(C2(O)(O))C(=O)C(OO)(C1(O))C(=O)(OON(=O)(=O)),140.72849829960614,140.71541
C(=O)(OON(=O)(=O))C(=O)OC(OO)(C)C(=O)CC(=O),99.06205675000092,97.407074
C(=O)(OO)C(=O)OC(OO)(C)C(O)C(=O)(OON(=O)(=O)),115.41625612514326,124.423416
CC(=O)C1CC(OO)(C1(C)C)C(=O)C(=O)(OO),115.89694658924418,113.884796
C(OO)C1(OO)OC1C(O)C(OO)C(=O),135.7315798245254,144.70883
C1(=O)C(=O)CC(=O)OOC1C(=O)C(ON(=O)(=O)),89.35279451308452,99.515816
C(O)C(ON(=O)(=O))(C(=O)(OON(=O)(=O)))C1OC1(O)C(=O),108.55368078120227,112.83064
C(=O)(O)C(=O)OC(=O)C(ON(=O)(=O))C(OO)C(ON(=O)(=O)),119.93038475795765,121.93845
C(=O)(O)C(OO)C(ON(=O)(=O))(C1(O)(O))OOC1C(=O)(OON(=O)(=O)),130.9413086873683,116.82573
C(OO)C1(O)C(=O)OOC1C(ON(=O)(=O))C(=O),106.5201014612685,106.23728
C12(O)OOC(O)(C1(O))C=C(C)C2(=O),121.87695287865063,106.90886
C(OO)C(=O)C(ON(=O)(=O))C(O)C(=O)OC(=O)C(=O)(OO),135.3342358164664,145.26091
C(=O)(O)C(=O)C(=O)OOC(C(=O)(O))(C)C(=O),123.79663891679229,124.79416
C1(=O)C(=O)OOC(OO)C(=O)C1(O)C(=O),85.91501232836163,77.29392
CC(=O)C(=O)C(C)(C)C(OO)C(ON(=O)(=O)),93.23442949318996,95.8023
C(=O)(O)C(=O)C(=O)C1OOC(OO)(C1(O))C(=O),130.28214718207892,135.45642
C(=O)(O)CC(C(ON(=O)(=O))(C)C(OO))C(ON(=O)(=O))C(=O),129.09433556950535,133.27525
C1(O)C(ON(=O)(=O))OOC1(C(=O)(OON(=O)(=O)))C(=O)C(=O)(OO),106.83072497312241,111.229546
C(O)C(=O)C(O)(O)C(=O)C(ON(=O)(=O))C(=O),124.38318448163045,130.86443
CC(=O)C(O)(OO)C(OO)C(ON(=O)(=O))C(=O)(OO),127.93863027813495,127.67522
C(=O)C1(ON(=O)(=O))OC1(C(ON(=O)(=O)))C(OO)C(=O),102.45740361937351,94.03067
CC(OO)(C(=O))C1(OO)OC1(ON(=O)(=O))C(=O),104.95475073153648,104.02119
C1(=O)C(=O)OOC(N(=O)(=O))(OO)C(=O)C1C(ON(=O)(=O)),92.14777124528337,87.80634
C(=O)(O)C1(N(=O)(=O))OC1C(=O)C(=O)C(OO),111.70260176926968,105.28856
CC(=O)C(=O)CC(ON(=O)(=O))C(C)(C)C(=O)(O),107.31833757476852,98.927414
C(OO)C(=O)C(=O)C(C)(C)C(C(OO))C(=O),120.21132868037239,123.7849
C(=O)(OON(=O)(=O))C(OO)OC(=O)C(ON(=O)(=O))(C)C(=O)C(=O),93.91349679076666,89.0564
C(=O)(OON(=O)(=O))C(=O)CC(ON(=O)(=O))C(OO)(C)C(=O),101.97101000988914,100.005424
CC(OO)(C(ON(=O)(=O)))C(OO)C(=O)C(ON(=O)(=O))CC(=O)C(=O),118.50492246066278,121.90364
C12OC1C(O)(O)C(=O)C(OO)C2(O)C(ON(=O)(=O)),136.2475751511447,122.29208
C(=O)C(ON(=O)(=O))C(OO)(C(=O)(O))C(=O)C(=O)C(=O),107.88716405771993,113.172935
C(ON(=O)(=O))C2=CC(=O)C(O)(OO)C1OC12,111.50549860377214,107.869835
C(=O)C(=O)OC(OO)C(C(=O))C(=O),89.4665889660755,92.933876
CC(OO)(C(=O)(O))OOC(N(=O)(=O))(C(=O)(O))C(=O)(OON(=O)(=O)),135.1501616535097,133.0356
C1(O)C(OO)(C(=O)(OO))OOC1(C(=O))C(=O),118.69788010564662,126.482445
C(=O)(O)C(ON(=O)(=O))C(O)(C(ON(=O)(=O)))C1OC1(OO),124.8917298532615,116.53248
CC(=O)C(ON(=O)(=O))C(C)(C)C(=O)CC(=O),82.54641791914037,79.442154
C(=O)(OO)C1OC1(OO)C(C(=O)(OON(=O)(=O)))=CC(=O),111.017959591627,113.402596
C1(ON(=O)(=O))OC1C(O)C(OO)(C(=O)(OO))C(=O)(OON(=O)(=O)),117.9761540492982,116.35603
C(=O)(N(=O)(=O))C(=O)OC(OO)C(=O)C(O)C(=O)(O),119.38308641067852,126.10513
CC(=O)CCC(OO)C(OO)CCC(=O)C,125.15458904555271,87.45568
C(=O)C(O)C(=O)C(OO)(C(=O)(O))OC(=O),116.03076531569968,129.23456
C(=O)(N(=O)(=O))C1(OO)OC1(OO)CC(=O),97.45888634620496,105.76219
CC(OO)(C(=O))OC(=O)C(O)(O)C(=O)C(=O),122.49226624972653,128.65964
C(=O)(OON(=O)(=O))C(=O)C(OO)C(O)C(=O)C(ON(=O)(=O))C(=O),107.30273162722733,119.817
C(=O)(O)C(OO)C(=O)C(OO),117.40086871763924,110.35894
CC(OO)(C)C(CC(=O)(O))C(O)C(=O)(OON(=O)(=O)),131.5737349300107,125.80079
CC(ON(=O)(=O))(C(=O)(OO))C1OC1C(O)(OO)C(=O)(OON(=O)(=O)),127.0769098893943,129.59041
C(=O)C(=O)C(=O)C(=O)OC(=O)C(=O)C,70.85920364170306,64.5395
C(=O)(OO)C(=O)C1OOC(ON(=O)(=O))C1(O)C,101.7480830671775,106.43523
C(=O)(O)C(OO)C(=O),83.19411561659217,90.45021
C(=O)(OO)C(ON(=O)(=O))C(C)(C)C(C(=O))C(OO)(C)C(=O)(OON(=O)(=O)),122.14221168962831,135.56888
C2(=O)C(=O)C(N(=O)(=O))C(C1(O))OOC12C(=O)(O),127.77327225149202,119.181114
C(OO)C(=O)OOC(=O)C=CC(=O)(OON(=O)(=O)),89.43149855834781,86.77586
C1(=O)C(ON(=O)(=O))C(O)C(=O)OOC1(OO)C(=O)C(=O),106.60928707368294,112.08543
CC(OO)(C)C(OO)C(O)(C)C(=O),117.09521337009937,120.56263
C(=O)(O)C(O)(ON(=O)(=O))C(O)(O)C(=O)C(=O),126.51602245672257,119.62374
C(=O)(O)C(OO)C(=O)C(O)(C)C(=O),114.66711581162963,117.92282
C(=O)(OON(=O)(=O))C(=O)C=C(OO)C(OO)OC(=O)C(=O),121.39549821950641,127.93898
C(=O)(O)C(OO)C(O)(N(=O)(=O))C(=O)OC(=O)C(=O),119.9740351479486,118.20997
C(OO)C1(C(OO))OOC(=O)C1(O)(O),128.17769537054846,123.775604
CC(=O)C(=O)OC(OO)C(=O)C(N(=O)(=O))(OO),103.38728381593683,102.45708
CC(OO)C(OO)C(=O)CCC(=O)C(ON(=O)(=O)),129.12116016756772,128.3588
CC1(ON(=O)(=O))OC1C(O)C(OO)C(=O)(O),118.05100514325022,117.571236
C(=O)(O)C=C(OO)C1OC1(OO)C(=O)(OON(=O)(=O)),126.33808465547918,133.9436
C(=O)(OON(=O)(=O))C(=O)C(OO)C(O)C(=O)C(OO)C(=O),122.6072382988641,137.41733
C(=O)(O)C(O)(N(=O)(=O))C(ON(=O)(=O))(C(O))C1OC1C(=O),137.85399250796036,131.94168
CC(=O)C(C(OO)(C)C)C(=O)C(=O)(OO),104.29700240023521,114.87904
C1(OO)OC1C(OO)(C)C(=O)(O),112.72131525709119,111.97405
C(O)C(O)C(OO)(C)C(=O)CC(=O),117.67652433630428,124.02941
CC(=O)C(OO)CC(ON(=O)(=O))C(OO),109.75272967634373,114.14831
CC(=O)C(O)C(OO)(C)C(=O)C(=O),98.95527146398672,116.84242
C(=O)(O)C(ON(=O)(=O))C(=O)C(C)(C(O))C(C(=O)(OON(=O)(=O)))C(=O)C,124.61642771516199,142.81076
C(=O)C(=O)OC(=O)C(C(ON(=O)(=O)))=C(OO)C(=O),112.38048393173085,101.8976
C(=O)(O)C(=O)C(O)C(ON(=O)(=O))C(O)C(=O)(OON(=O)(=O)),122.68731661043421,118.525024
C(ON(=O)(=O))C(=O)CCC(OO)C(=O)(OO),116.09948276483192,112.09225
C(=O)(N(=O)(=O))C1(O)OC1C(OO)C(O)(C(=O)(O))C(OO),159.27686238726164,164.09673
C(ON(=O)(=O))C(=O)CC(=O)C(OO)OC(=O)C(=O)(OON(=O)(=O)),100.47753676051798,113.747314
C1(O)C(C(=O)(OON(=O)(=O)))OOC1(C)C(O)C(=O),107.08755460823886,101.576515
C1C(ON(=O)(=O))C(ON(=O)(=O))(C)C(O)C(=O)C1C(=O)C,104.97478817683441,112.555374
C(=O)(O)C=CC(OO)(C(=O)(O))OC(=O)C(=O),147.54417689349066,137.82741
CCCCCC(O)CCC(OO)C,104.1600532958546,105.48571
C1(=O)C(OO)(C(=O)(O))OOC1(C)C(ON(=O)(=O))C(=O)(OO),133.53031322595052,138.41216
C(=O)(O)C(ON(=O)(=O))C1(C(=O)(OO))OOC(C1(O)(O))C(=O),150.82467471822747,163.5214
C(=O)C1(O)OC1(OO)C(OO)(C(=O))C(O)C(=O),147.410759678045,127.05147
C(=O)(OO)C(ON(=O)(=O))CC(C(=O)(OO))C(C)(C)C(=O),118.26935483464331,132.7959
C(ON(=O)(=O))C1(ON(=O)(=O))OC1(O)CC(=O)(OO),108.60294714743941,104.07512
CC(O)(C(=O)(O))C(O)C(=O)(OON(=O)(=O)),103.61204423131858,112.537
C1(=O)COOC1C(=O)C(=O)C(=O)(OO),98.20153633485461,88.745865
C(=O)C1(O)OC1(C(=O)(OON(=O)(=O)))C=CC(=O),91.17028875410324,85.1949
C(OO)C(=O)CC(=O)C1OC1(OO)C(=O)(OO),123.84097603311238,151.86296
C1(=O)C(=O)OOC1(O)CC(=O)(O),97.45838413230376,98.189735
CC(ON(=O)(=O))(C(=O)(O))C(ON(=O)(=O))C(=O)OC(OO)C(=O)(OO),135.69705714185693,141.93839
CCC(=O)CC(ON(=O)(=O))CCC(=O)C(ON(=O)(=O))C,96.48484020505566,102.11236
CC(ON(=O)(=O))(C1(O))C(=O)C(O)(C2(O)(N(=O)(=O)))OOC12(O),108.11571877009555,118.662384
C(=O)(OO)C(OO)C(O)C(=O)C(=O)C(=O),115.34411367846769,119.93829
C(=O)(OON(=O)(=O))C(O)C1(OO)OC1(C(=O)(OO))C(=O),111.63290408179455,109.2147
C1(=O)C(=O)OOC1C(OO)C(O)(C)C(=O)(O),114.9335137942544,128.31972
C(=O)(OO)C(ON(=O)(=O))C(C1(O)(OO))OOC1(C)C(=O),127.96576064492547,137.42657
C(=O)(O)C(ON(=O)(=O))C(OO)OC(=O)C(O)(O)C(=O)(OON(=O)(=O)),136.4795698790549,132.44293
CC(=O)C(C(O))C(C(=O)(O))(C(ON(=O)(=O)))C(=O)C(OO),161.05484281349345,155.766
C(=O)(O)C(ON(=O)(=O))(C(=O)(O))C(C)(C)OOC(=O),120.3048290206134,120.7599
CC(=O)C(C(ON(=O)(=O))(C)C(=O)(OO))CC(ON(=O)(=O))C(=O),108.74579927653394,107.40014
CC(OO)(C(=O)(O))C(O)(OO)C1OC1C(=O)(OON(=O)(=O)),145.40152543083968,132.43954
C(=O)(OO)C(ON(=O)(=O))C(O)(OO)C(O)(C(=O))C(=O)C(=O),130.23685570222005,121.020065
C1(O)(O)C(N(=O)(=O))(OO)OOC1(OO)C(=O),113.07003944590542,127.41757
CC(ON(=O)(=O))C(=O)C(ON(=O)(=O))CCCCC(OO)C,116.61590561557387,120.16381
C(=O)(OO)C(O)(N(=O)(=O))C(=O)C1OC1C(=O)(OO),123.07905999473587,124.9078
C(O)C(=O)C(OO)C(ON(=O)(=O))C(=O)(OO),117.0247463487758,132.58829
C(=O)(OO)C1(ON(=O)(=O))OC1C(C(=O)(O))C(=O),111.3822161393764,123.012985
CC(=O)C(O)C(ON(=O)(=O))C1OC1(OO)C(=O)(N(=O)(=O)),107.6290894828926,106.244225
CC(O)(C)C(C(OO))C(ON(=O)(=O))C(=O)(OON(=O)(=O)),101.80647679873073,103.54881
C(=O)C(=O)C(ON(=O)(=O))C(C(=O))OOC(=O),80.26530832092249,77.4409
CC(=O)C(ON(=O)(=O))OOC(C)(C)C(ON(=O)(=O))C(=O),80.59004672514129,85.21925
C1(=O)C(=O)OOC1(O)C(ON(=O)(=O))C(ON(=O)(=O))(C)C(=O)(OO),114.2783439951163,104.623764
CC(OO)C(C)(C(=O)(OO))C(C(=O))C(=O)C,115.97248032318748,104.89321
C(=O)(OO)C(ON(=O)(=O))C(C)(C)C(OO)(C(=O))C(=O)C,118.1109417500993,122.0397
C(ON(=O)(=O))C(=O)C(=O)OOC(C(=O)(O))C(=O)(OON(=O)(=O)),110.75887928811426,111.87317
C(=O)(O)C(O)C(ON(=O)(=O))(C(=O))OOC(=O)C,108.60693478778558,111.108505
C(=O)(O)C1OC1C(C(O))=CC(=O)(O),132.27543015989067,124.260994
CC(O)(C(OO))C(=O)CC(=O)CC(ON(=O)(=O))C(=O)(OON(=O)(=O)),116.764543355559,130.39511
CC(=O)C(ON(=O)(=O))(C(ON(=O)(=O))(C)C)C(=O)C(=O)C(OO),102.95189032572671,97.545105
CC(=O)C(O)(OO)C(OO)OOC(=O),106.21515332830313,97.734055
CC1(C)CC(=O)C1(O)C(=O),72.92401342696394,65.50429
CC(=O)C(O)C(C(=O)(OON(=O)(=O)))OOC(=O)C(=O)(OON(=O)(=O)),96.5462009279945,103.96185
C1(=O)C(ON(=O)(=O))OOC1(ON(=O)(=O)),64.36707161118102,58.011745
C1(=O)C(O)C(ON(=O)(=O))C(=O)OOC1(O)C(=O)C,113.10062854293938,125.29018
C(=O)C(=O)OC(=O)C(OO)=C(N(=O)(=O))C(=O),101.26352248407784,104.117
C(=O)(O)CC(C)C(ON(=O)(=O))(C)C(OO),110.5510019971698,110.54346
CC(ON(=O)(=O))(C(=O)(OO))C(C(ON(=O)(=O)))(C(OO))C(=O),110.18937653659668,110.71174
C(=O)(O)C(=O)CC(=O)C(ON(=O)(=O)),87.19999096999527,94.132805
C(=O)(OON(=O)(=O))C(OO)C(ON(=O)(=O))C(=O)OC(=O)C(=O),96.60312400632392,90.32243
C(=O)(O)C(ON(=O)(=O))C(C)(C(=O)(O))OOC(OO),134.2114705660133,131.4207
CC(=O)C(=O)C(OO)C(C)C(OO)(C)C,95.81135617334803,106.84287
CC(OO)CCC(ON(=O)(=O))C(ON(=O)(=O))CC(O),128.55145470464777,124.323044
C(ON(=O)(=O))C(ON(=O)(=O))(C(OO))C(C)(C)C(=O)(OO),104.4448818097444,100.361565
CC(=O)C(=O)C(C)(C(O))C(C(ON(=O)(=O)))C(=O)(OO),115.69265507160162,114.71248
C(=O)(O)COOC(ON(=O)(=O))C(ON(=O)(=O))C(=O)(OO),122.84307823918789,123.900375
C(O)C(=O)C(=O)C(OO)C1(N(=O)(=O))OC1C(=O),113.7112282599046,99.19059
C1C(=O)OOC(C)(C(=O)(OON(=O)(=O)))C(OO)C1(=O),93.11406800379336,97.93786
CC(=O)OC(N(=O)(=O))(OO)C(=O)C(OO)C(=O),93.6074688634908,105.03631
CC(O)(C(=O)(OO))C(C(O))C(ON(=O)(=O))(C)C(=O),127.88190921485511,124.217064
C(=O)C(O)(O)C(=O)C(O)C(=O),106.63834426542599,137.94392
C(O)C(ON(=O)(=O))(C(=O)(OO))C(C(=O))C(=O)C(ON(=O)(=O)),111.1921629940116,114.52089
CC(=O)C(=O)C(OO)C(O)(N(=O)(=O))C(=O)C(=O),91.68052239713143,96.945244
C(=O)C(OO)C(C)(C)C(O)C(=O),97.56977267437469,111.84581
C1(OO)OC1(O)C(=O)C(O)C(=O)(OON(=O)(=O)),107.35797831456875,101.7812
CC1(C)C(ON(=O)(=O))CC1(OO)C(OO),97.89585856046324,99.247406
CC(OO)CC(=O)CC(O)CC(ON(=O)(=O))C(OO)C,158.83726684270368,156.16228
CC1(C)C(=O)CC1(O)C(OO)C(=O)(O),118.19741090328898,129.76077
C(OO)CCC(O)CC(ON(=O)(=O))C(=O)(OON(=O)(=O)),125.41164579300676,121.973434
CC1(C(=O)(OO))OOC(N(=O)(=O))(C1(O)(O))C(ON(=O)(=O))C(=O)(OO),137.45671742538252,158.15625
C12CC(C1(ON(=O)(=O))C)CC(ON(=O)(=O))C2(OO)C,99.42931076794775,93.181946
CC(ON(=O)(=O))C(=O)CC(OO)C(=O)CC(=O)(O),136.71012602149858,128.98393
C(OO)C(=O)OOC(O)(C(=O)(N(=O)(=O)))C(=O)(OO),112.84674267587252,110.12577
C(=O)(OO)CC(=O)C(O)C(=O)(OON(=O)(=O)),99.14550348310877,82.08489
C(O)C(=O)C1OOC(C1(=O))C(=O)(O),119.40592284715967,113.03319
C(=O)(OON(=O)(=O))C(OO)=C(OO)C(=O),90.48734214658907,79.95728
C(=O)C1(ON(=O)(=O))OC1(O)C(OO)(C)C(O)C(=O),128.4356648005487,140.76591
C1(O)C(OO)(C(=O)(O))OOC1(O)C(O)C(=O),151.5345460303506,160.1698
C(=O)(OO)C1OOC(OO)C1(O)C(=O),112.35554113737453,105.26007
C(OO)C(=O)C(ON(=O)(=O))C(OO)(C1(=O))OOC1C(=O)(OON(=O)(=O)),113.5915015021601,116.68845
C(=O)(O)C1OC1(C(ON(=O)(=O)))C(OO)=CC(=O)(OO),145.08733658450365,130.54248
CC(=O)C1C(ON(=O)(=O))C(C(=O)(OO))C1(C)C(OO),131.08778002799954,138.3296
C(=O)(O)C1OC1C(O)(C(ON(=O)(=O)))C(OO)C(=O)(OO),151.20418023992534,141.64493
C(=O)(O)C(ON(=O)(=O))C(OO)(C(=O)(O))C(=O)(O),138.02882594124094,148.61082
C(=O)(O)C(O)C(O)C(=O)OC(=O)C(=O),121.41786149348627,116.91732
C(=O)(O)C(O)(OO)C1OC1C(=O)(OON(=O)(=O)),116.63601920687506,113.33025
CC(=O)C(=O)CC(ON(=O)(=O))(OO)C(=O)C,95.29372547620005,91.047356
C(OO)C(=O)C1CC(C(=O)(OO))C1(C)C,118.20830528873194,124.32785
C(=O)(O)C(O)C(OO)C1(ON(=O)(=O))OC1C(=O)(OON(=O)(=O)),123.4229941511876,132.8571
C(O)C(=O)CC(=O)CC(ON(=O)(=O))C(=O)CCC(ON(=O)(=O)),130.33156673892518,135.18768
C(=O)(N(=O)(=O))C1OC1(C(=O)(O))C(ON(=O)(=O))C(OO)C(=O)(O),142.1482237778837,143.43408
C(=O)CC(O)CC(=O)CC(=O),96.32985694505624,90.14453
CC(=O)C(C(=O)(O))C(C)(C)C(ON(=O)(=O))C(=O)(OON(=O)(=O)),102.13204901785502,105.67545
C(=O)(O)C(=O)OOC(=O)C(ON(=O)(=O))C(C)C(=O)(OON(=O)(=O)),103.7730467212532,105.866035
C(=O)(O)C(ON(=O)(=O))C(ON(=O)(=O))C(C)(C)C(=O),96.08952329662134,99.20875
CC(=O)C(=O)CC(O)(C(O)(C)C)CC(=O),99.07554627859645,96.06497
C(=O)(OO)C(N(=O)(=O))(OO)C(C1(O))OOC1(C)C(=O)(OON(=O)(=O)),127.19378860422876,145.33102
C1(OO)OC1(C(=O)(O))CC(=O)(O),124.2610051016527,128.14923
C(=O)CC(=O)C1(ON(=O)(=O))OC1(OO)C(=O),91.24520142775145,95.006714
CC(=O)OC(=O)C(ON(=O)(=O))(OO)C(=O)C(=O)(OON(=O)(=O)),90.4239172091402,88.07127
CCC(=O)C(ON(=O)(=O))C(=O)C(OO)C(=O)CC(=O)C,105.71095799424074,108.19703
CC(OO)(C)C(OO)(C(ON(=O)(=O)))CC(=O)(OO),114.52049223793438,106.704216
C1(O)C(ON(=O)(=O))OOC1C(ON(=O)(=O))C(=O)(O),114.95052709753509,118.08884
C(=O)(OON(=O)(=O))C(=O)OC(OO)(C)C(=O)C(=O),85.08352419923904,80.22975
C(=O)(O)C(OO)C(OO)(C1(O)(O))OOC1(N(=O)(=O))C(=O),149.51447797480068,152.16931
C(=O)C(=O)C(C1(O))OOC1(C(=O))C(=O),97.1493367731091,99.29975
C1(O)C(OO)(C)OOC1(O)C(ON(=O)(=O))C(=O)(OO),135.30249505784013,154.21948
C1(=O)OC1(C)C(OO)C(=O)C(=O)(OO),99.54500855784136,95.788666
CC(=O)C(O)OOC(=O)C(=O)(OON(=O)(=O)),84.14194182890787,85.61728
C12CC(C1(OO)C)C(ON(=O)(=O))C(=O)C2(OO)C,113.92060842909268,106.87957
CC(=O)C1C(=O)C(ON(=O)(=O))(C)C1(C(ON(=O)(=O)))C(OO),109.0764540250675,107.73951
C(=O)(OON(=O)(=O))C(=O)OC(=O)C(=O)C(O)C,80.22256112838659,72.69968
C(=O)(OO)C(=O)C(OO)C(=O)C(O)C(=O),121.08548996244645,116.86021
C(=O)(OO)C(=O)C(ON(=O)(=O))C(C(=O)(OON(=O)(=O)))OOC(=O),99.53185329575354,107.02354
C1C(=O)C(OO)(C)C(ON(=O)(=O))CC1C(OO)(C)C,124.4603879307615,119.753654
C(=O)C(ON(=O)(=O))C(OO)(C(=O))C(=O)C(=O)C(=O),92.56636100704782,89.90793
CCC(=O)CC(=O)CC(=O)CC(OO)C,100.59439975316491,100.59759
C(=O)(O)C(=O)OOC(OO)CC(=O)C(=O)(O),144.63214914569107,135.1383
CC(OO)(C)C(ON(=O)(=O))(C(O)(C)C(=O))CC(=O)C(=O),127.04376680588757,130.52168
CC1(C)C(ON(=O)(=O))C(O)(C)C(=O)CC1C(=O)(O),115.47903559753468,115.75253
C(=O)(O)C(C(OO))=C(OO)C(=O)(OON(=O)(=O)),114.38617217429419,120.65472
CC(ON(=O)(=O))CCCC(OO)CCC(=O)(OO),125.22161721874727,143.21175
C(O)C(=O)C1CC(ON(=O)(=O))(C(=O)(O))C1(C)C,114.87601125470974,123.71996
CCC(ON(=O)(=O))CC(=O)CC(=O)C(ON(=O)(=O))C(OO),113.47116707342502,113.936844
C1C(OO)C(C)(C)OOC1C(=O)(OON(=O)(=O)),91.3723771341538,94.32585
C(=O)(OON(=O)(=O))C12CC(=O)C(OO)C(C1(O))OO2,118.52129904541653,109.77653
C(=O)(O)C=C(OO)C1(C)OC1C(=O)(O),136.50601782407466,111.724304
CC(ON(=O)(=O))(C)C(C(OO))C(C(=O)(O))=C,111.02323353678366,110.228775
C(=O)(OO)C(=O)C(=O)C1(C)OC1C(=O),95.81696613763779,92.15072
C1(O)(O)C2(OO)OOC1C(ON(=O)(=O))C(ON(=O)(=O))C2(=O),121.14725705920137,112.97808
C(=O)(O)C1OC1(ON(=O)(=O))C(O)(C)C(=O)(OON(=O)(=O)),105.01511802594177,101.60154
C1(=O)C(=O)C(OO)C(O)(C)C(OO)C1,127.20551609870745,129.57977
CC(=O)C(C)(C(O))C(C(=O)(O))C(=O),111.83338710595126,115.45824
C1(=O)C(OO)C(ON(=O)(=O))OOC1(C)C,86.50818119768519,71.99045
C(O)C(OO)CC(C(=O)(OON(=O)(=O)))C(=O)C,105.49139962763002,110.8137
C(=O)C(=O)C(ON(=O)(=O))C(O)(C1(O)(N(=O)(=O)))OOC1C(=O),107.3346897786032,102.51591
C(=O)(O)C(O)C(OO)OOC(=O)C(OO),136.0224298410103,141.48828
C(=O)(OO)C(O)(N(=O)(=O))C(O)(C1(=O))OOC1C(=O),114.82720099539438,113.83965
C2(=O)C(=O)C(=O)C(C1(O)(O))OOC12C(=O),103.32749939286441,108.58936
C(=O)(O)C(ON(=O)(=O))(C(=O)(O))OC(=O),102.48815421872132,106.84764
CC(C(=O)(OO))OOC(=O)C(OO)C(=O)(OON(=O)(=O)),108.35303964233754,101.448906
C1(=O)OC1(C)C(N(=O)(=O))(OO),70.97919407163863,67.96707
C(=O)(OO)C(O)(N(=O)(=O))C(=O)C(OO)C(=O),105.59790623143635,101.48928
C(=O)C(=O)C1(O)OC1(ON(=O)(=O))C(=O),71.98022244680033,76.45574
CC(=O)CCC(=O)C(=O)C(ON(=O)(=O))C(O),106.58946017822745,100.45562
C(=O)C(=O)C1(O)OOCC1(O)C,97.60504505587596,81.41863
CC(ON(=O)(=O))(C)C(ON(=O)(=O))(CC(=O)(OO))C(O)(C)C(=O)C(=O),124.24503461465065,114.9126
C(=O)(O)C(=O)C(ON(=O)(=O))C1(C(ON(=O)(=O)))OC1(OO)C(=O),122.40745356801199,118.38344
C1(O)(O)C(=O)OOC1(ON(=O)(=O))C(=O)C(=O)C(OO),110.96675089736527,100.24642
C1(ON(=O)(=O))C=CC(N(=O)(=O))(C2(O)(OO))OOC12C,96.04566977105424,110.27238
CC(=O)C(CC(=O)(OO))C(O)C(=O)(OON(=O)(=O)),107.28188167389453,113.06624
CC(ON(=O)(=O))C(C(OO)(C)C)CC(=O)C(=O),105.18068819800828,91.60738
C12OOC(OO)(C1(O))C(OO)C(O)(C2(=O))C(=O),144.02305817395973,150.71413
CCCCCC(OO)C(O)CCC(ON(=O)(=O)),110.32786436679453,114.78712
C(=O)(O)C(O)C(OO)C1(OO)OC1(C)C(=O)(OON(=O)(=O)),137.23585513260332,140.65746
CC(=O)C(O)C1(OO)OC1(O)C(=O)(OON(=O)(=O)),117.8645246935339,127.57924
C1(ON(=O)(=O))OC1C(=O)C(O)(C(=O)(O))C(ON(=O)(=O)),107.60982201958541,131.375
C2(=O)C(OO)=CC(C1(O))OOC12C,114.86155905598571,106.20051
C(=O)(OON(=O)(=O))CC(ON(=O)(=O))C(=O),71.87509905594925,67.33566
CC(OO)(C(=O)(OON(=O)(=O)))C1CC(OO)(C(=O))C1(C)C,116.78746580517327,119.41316
C(=O)(OO)C1(OO)OC1(C)C=CC(=O),113.79120269483246,117.71094
C(=O)(O)C(ON(=O)(=O))C(=O)OC(OO)(C(O))C(=O),134.21232317020622,128.68025
C(O)C(=O)C(=O)C(C)(C(OO))C(C(O))C(=O),139.31555223813484,163.78288
CC(OO)(C)C1(OO)CC(=O)CC(=O)C1(O)C(ON(=O)(=O)),139.0981961921134,141.72066
CC(=O)C1(O)OC1C(ON(=O)(=O)),76.2165890579854,66.11436
C1(ON(=O)(=O))OC1C(OO)C(=O)C(=O)C(=O)(OON(=O)(=O)),88.58205791174987,89.237816
C(=O)(OO)CC(OO)(C(O))OC(=O),109.03965645700373,109.25386
CC(ON(=O)(=O))(C(=O)(O))C1(O)OC1C(=O)(OON(=O)(=O)),105.87090607581194,108.264305
C(=O)(O)C1OC1(C)C(OO)=C(N(=O)(=O))C(=O),123.16093543975148,122.28071
C(=O)(OO)C(=O)OC(=O)C(=O)C(=O)C,84.10525872585276,87.921906
CC(=O)C(ON(=O)(=O))C(O)(C)C(=O)C(ON(=O)(=O)),92.52398543759773,92.09264
CC(=O)C1(ON(=O)(=O))CC(OO)(C1(C)C)CC(=O)(O),125.15970070414915,122.2615
C(=O)(OO)C(O)C(ON(=O)(=O))(C(=O))C(=O)OC(=O),100.89142267298303,95.72749
C(=O)(OO)C(OO)C1(O)OC1(C)C(=O)(OON(=O)(=O)),112.2257158318389,96.73099
CC(=O)C1CC(C(=O))C1(C)C(=O),71.38081000483362,77.01966
C(=O)(O)C(ON(=O)(=O))C(C(=O)(O))OOC(=O)C(=O),126.8919904301365,130.41829
CC(ON(=O)(=O))(C(=O)(OO))C(C(OO))C(=O)C(=O),105.956938869851,100.76222
C(ON(=O)(=O))C(OO)(C(=O))C(O)C(=O),97.97218194785819,93.18718
C(O)CCC(=O)CC(=O)CC(=O)CC(=O)(O),133.5610588970667,137.69197
C(ON(=O)(=O))C1(O)OC1CC(=O),87.08364250671002,89.6794
C(O)C1(C(=O)(O))OC1CC(=O),106.30253539342084,108.04807
C1(=O)C(N(=O)(=O))(OO)C(=O)C(=O)OOC1(C)C(=O)(OO),107.03689749394107,99.701035
CC1(C)C(OO)(C)CC1(ON(=O)(=O))CC(=O)(O),113.43852188207529,109.01517
C(=O)(O)C(O)(C(OO))C(=O)(OON(=O)(=O)),101.90022602505633,104.973465
C(=O)(O)C(OO)(C(ON(=O)(=O)))C(C(=O)(OON(=O)(=O)))C(O)(C)C,127.85154488930857,138.13234
C(=O)(O)CC(=O)C(C)(C)C(OO)(C(ON(=O)(=O)))C(=O)C,130.5243628619137,136.54843
CC(ON(=O)(=O))CC(OO)C(=O)CC(=O)C(=O)CC(ON(=O)(=O)),134.2406711102667,128.07776
CC(O)(C)C(C(=O)(OO))C(=O)C(ON(=O)(=O)),99.47512493438262,106.998604
C(=O)(O)C(N(=O)(=O))(OO)OC(=O)C(=O)C(=O)C(ON(=O)(=O)),113.29141199932928,110.77994
CC(OO)CC(ON(=O)(=O))C(O)CCC(=O)(OON(=O)(=O)),125.91117225254857,121.71888
CC(OO)(C(=O)(O))C1OC1(ON(=O)(=O))C(=O),109.74819841961289,114.981926
C(=O)C(O)(O)C(OO)(C)C(=O)C(=O),115.24899840616126,123.6759
C(=O)(OO)C(ON(=O)(=O))C(ON(=O)(=O))(C(=O)(O))OOC(=O),114.60814791348821,114.10835
C(=O)(O)CC1CC(ON(=O)(=O))(C1(C)C)C(=O)C(=O)(OO),133.72247304850316,117.67831
CC(=O)C(O)C(OO)C1OC1C(=O)(O),130.6710672472327,127.268456
CCC(ON(=O)(=O))CCC(=O)CC(OO)C(OO),129.71720399738842,128.24788
C(OO)C(=O)C(OO)(C1(O))OOC1C(=O)C(=O),126.5270532651557,134.52866
C(=O)(O)C(=O)OOC(=O)C,77.86657365824794,78.79924
CC(OO)(C(O))C(C(O)(C)C(=O)(OON(=O)(=O)))CC(=O),140.67575251471862,135.64449
CC(=O)CC(=O)C(ON(=O)(=O))CC(ON(=O)(=O))C(=O)CC,99.61763721754687,97.83631
C(=O)C(ON(=O)(=O))C(O)C(OO)OC(=O)C(=O),113.87310170588171,109.857445
C1(=O)OC1C(O)(C(=O)(O))C(OO)C(=O)(OON(=O)(=O)),120.27407342041988,114.71143
C(=O)(OON(=O)(=O))C(OO)C(C)(C)C(C(=O))C(ON(=O)(=O))(C)C(=O)(OO),122.14221168962831,123.49243
C(=O)(N(=O)(=O))C(=O)OC(O)C=C(C(ON(=O)(=O)))C(=O)(OO),116.34914838370605,122.24723
C(=O)(OON(=O)(=O))C(OO)C1(C(=O))OOC(O)(C1(O))C(=O),119.69905734753411,142.58708
C(O)C(=O)C(CC(=O)(O))CC(=O)(OO),133.73194316338777,153.47523
CC(ON(=O)(=O))(C(=O))C(C(OO))C(O)(C)C(=O),115.2429882944707,122.69082
C(ON(=O)(=O))C(=O)C(ON(=O)(=O))C(OO)(C1(O))OOC1C(=O)(OO),133.78798388237192,126.56993
C(=O)(O)C(OO)C(=O)C(C(=O))=CC(=O),107.89684073425451,117.318985
CC(=O)C(C(O))C(ON(=O)(=O))(C(OO))C(=O)(OON(=O)(=O)),117.15430252470105,117.90558
C(ON(=O)(=O))C(=O)OC(OO)C=C(=O),84.47786040788196,81.12672
CC(OO)CCC(=O)CC(ON(=O)(=O))C(=O)(OON(=O)(=O)),112.994332207767,108.02071
CC(O)CCC(ON(=O)(=O))C(=O)CC(OO)C(O)C,150.8507795757978,146.40962
CC(=O)C(ON(=O)(=O))(C(OO)(C)C(OO))CC(=O)C(=O),136.23158778513607,125.60197
C(=O)(OON(=O)(=O))C(ON(=O)(=O))C(O)(C1(O))OOC1(C)C(=O),111.52396327529277,118.239716
C(=O)C(=O)C(ON(=O)(=O))C(=O)C(O)C(ON(=O)(=O))C(=O),96.0789214449178,98.21953
C(=O)(OO)C=C(C(=O))C(=O)OC(=O)C(=O),102.82361476508959,88.658585
C(=O)(OO)C=C(C(=O)(OON(=O)(=O)))C(=O)OC(=O),91.98474032165541,106.07214
C1(=O)C(=O)CC(OO)(C(=O)(O))OOC1(=O),112.59077868717577,104.43674
C(=O)(O)C(OO)C(=O)OC(OO)(C(=O))C(=O),130.28619181225076,120.93881
C(=O)(O)C(ON(=O)(=O))C(C(=O)C(OO))OOC(=O)C(=O),127.21635986353795,130.54424
CCCCC(ON(=O)(=O))C(ON(=O)(=O))CCC(=O)C,87.34643863572273,84.74148
CC(=O)OOC(OO)(C(=O)(O))C(ON(=O)(=O))C(=O)(OON(=O)(=O)),112.37110767115519,98.48956
CC1(C(ON(=O)(=O)))C(OO)C(OO)C1C(ON(=O)(=O)),113.72691629974724,117.785126
C(=O)(O)C(=O)OOC(N(=O)(=O))(C(=O)(OO))C(=O),109.0375584680587,114.369095
C1(OO)OC1(C)C(OO)C(ON(=O)(=O))C(=O)(OO),113.66899219734478,114.36487
C1(=O)OC1(C(=O)(OO))C(=O)C(N(=O)(=O))C(=O),79.60774336199393,84.55755
CC(O)C(ON(=O)(=O))CC(=O)C(ON(=O)(=O))CC(=O),118.49713425877417,110.3581
C(=O)(OO)C1OOC(ON(=O)(=O))(C1(=O))C(OO)(C)C(=O),110.49379279832647,117.36601
C(=O)(O)C1(O)OC1C=C(OO)C(=O)(OO),143.73202098473848,118.66506
C(=O)(O)C(=O)C(OO)C(=O)C(ON(=O)(=O))(C)C(OO),129.65471894290386,124.76872
C2(=O)C(=O)C(=O)C(OO)(C1(=O))OOC12(ON(=O)(=O)),72.63859278451855,72.119736
CC(=O)C(=O)CC(=O)C(=O)(O),90.08068731971434,89.68877
CCC(=O)CCC(O)C(ON(=O)(=O))CC(OO)C,122.87632934124122,124.644585
C1(=O)C(=O)C(=O)OOC(OO)C1,90.18576437160664,82.33049
CC(=O)C(C(ON(=O)(=O))(C)C)C(O)C(=O)(OON(=O)(=O)),86.71538664722902,92.38548
CC12C=CC(ON(=O)(=O))C(C1(=O))OO2,66.6997716391852,73.21569
C1(=O)OC1(N(=O)(=O))C(=O)C(C)C(=O)(OO),75.69655099129159,69.757866
C(O)C(=O)C(=O)OC(=O)C(O)(O)C(=O)(O),141.22462008373986,127.2236
C1(O)C(ON(=O)(=O))(C(=O)(O))OOC1(C)C(O)C(=O),128.7149133675557,127.29661
C(=O)(O)CC(OO)C(ON(=O)(=O))(C)C(ON(=O)(=O))C(=O),121.33860626551905,128.07768
C(=O)(O)C1(N(=O)(=O))OC1(ON(=O)(=O))C(C(=O)(O))=CC(=O),122.70396436897136,127.16883
CC1(C)C(=O)CC1(OO)CC(OO)C(=O)(OON(=O)(=O)),120.24825776054058,114.484406
C(=O)(O)C(O)C(=O)C(O)(O)C(=O)OC(=O),134.60994864338863,126.27965
C1(OO)OC1(OO)C(O)(C)C(ON(=O)(=O))C(=O)(OON(=O)(=O)),118.00313237652881,113.37811
C(O)C(ON(=O)(=O))(C(=O)(O))C(C(OO))CC(=O),133.4902787009196,150.8601
CCCCC(=O)C(ON(=O)(=O))C(O)CC(O),112.50065323212038,116.135956
C(=O)(O)C(=O)OOC(C(=O)C(ON(=O)(=O)))C(OO)C(=O),126.60456063316087,138.48315
CC(=O)C(OO)C(OO)C(OO)C,115.27878288760257,123.208466
C(=O)(O)C(ON(=O)(=O))C1(C(OO))OOCC1(=O),115.45593442238169,118.22264
CC(=O)C(ON(=O)(=O))C(OO)C(=O)C(C)(C)C(ON(=O)(=O))C(=O)(O),123.34022954185639,133.20596
C(OO)C1OOC(O)(C1(O))C(OO)C(=O),130.34895224290813,141.51083
C(=O)(O)C(=O)OC(OO)C(OO)(C)C(O)C(=O),150.57422098425013,169.15033
C(=O)(O)C1(C(=O)(OO))OC1C(O)C(ON(=O)(=O))C(=O)(OO),153.62238417883054,164.23196
CC(=O)C1OC1(OO)C(=O)C(=O)(OON(=O)(=O)),79.18032264120848,90.96053
C(=O)(O)C(O)(N(=O)(=O))C(OO)C1(C(ON(=O)(=O)))OC1C(=O),143.3388492956292,136.71939
CC(=O)C(O)C(ON(=O)(=O))C(ON(=O)(=O))(C(=O))C(O)(C)C,117.62869165337906,114.59545
C(=O)(N(=O)(=O))C(OO)OC(=O)C(=O)C(ON(=O)(=O))C(=O)(OO),111.33755967450998,101.920235
C1(O)C(OO)C(OO)C2(C)OOC1C2(=O),127.3676928146815,132.22562
C1(=O)CC(OO)C(ON(=O)(=O))(C(ON(=O)(=O)))C(OO)C1,120.70873308584851,128.54988
C(=O)C(OO)C(ON(=O)(=O))(C(OO))C(=O)C(=O)C(=O),109.68343400998128,118.96296
CC1(C)OOC(C(=O)C)C(=O)C1C(ON(=O)(=O)),85.88675712796976,87.33439
C(O)C(=O)C1OC1(OO)C=CC(=O),118.71262299949012,125.04386
C1(O)(O)C(C(=O)(OO))OOC1(C(=O)(OON(=O)(=O)))C(=O),117.80858842186717,133.56508
CC(=O)C(OO)C1OOC(OO)(C1(O)(O))C(=O),134.47549427501508,138.48442
C1C(=O)C(C)C(ON(=O)(=O))CC1(OO)C(OO)(C)C,122.5914381264738,124.594795
C(=O)(O)CC(OO)C(C)(C)C(C(=O))C(=O)C,123.24175032093626,128.55478
CC(O)C(C(OO)(C)C)C(ON(=O)(=O))C(=O)(OON(=O)(=O)),103.49723042080586,109.50093
CC(OO)CC(ON(=O)(=O))CCC(=O)CC(=O),111.03186698118225,107.02835
C(=O)C(=O)C1(C(ON(=O)(=O)))OC1C(=O)(OO),96.38389883871423,98.60734
C12CC(C1(C)C)CC(OO)C2=C,67.22298928325472,71.25875
C(=O)(OON(=O)(=O))C(ON(=O)(=O))C(O)C1(O)OC1(O)C(=O),116.66268265703548,110.02514
C2(O)C(ON(=O)(=O))C(=O)C(O)(O)C1OC12(OO),128.59148415791424,114.93163
C(=O)(OO)C(C(=O))C(OO)OC(=O),100.14233854697522,98.87039
C(=O)(OON(=O)(=O))C(=O)OC(OO)C=CC(=O)(OON(=O)(=O)),96.94703065694193,97.69238
CC(=O)C(ON(=O)(=O))C(C)(C(ON(=O)(=O)))C(=O)CC(=O)(OO),115.09671552810323,102.86954
CC(=O)C(=O)C(N(=O)(=O))C1(O)OC1(OO)C(=O),104.36704211511096,111.46155
C1(O)C(O)OOC1(C)C(=O)(OON(=O)(=O)),92.22913597209117,93.54888
C(=O)(O)C(ON(=O)(=O))C(=O)C(=O)C(=O)C(=O),93.52315802367957,94.9291
CC1(C)C(=O)CC1(OO)C(OO)C(=O)(O),131.57437606189342,125.48213
C1(=O)OC1(C(O))CC(=O)(OON(=O)(=O)),75.45943851613265,85.02616
C(O)CC(ON(=O)(=O))C(ON(=O)(=O))CCC(OO),121.73786662461498,121.77268
C(=O)C(=O)C(O)(O)C1(O)OC1(ON(=O)(=O))C(=O),103.85971066245838,116.37402
CC(OO)(C(=O)(O))C(ON(=O)(=O))(C(=O))CC(=O)(OO),134.62998552867793,137.88971
CC(=O)C(O)C(=O)C1OC1(OO)C(=O)(O),122.46994478767738,116.66
CC(=O)C(ON(=O)(=O))OOC(C)(C)C(C(ON(=O)(=O)))C(=O)(OO),109.1420513620833,108.244514
C(O)C(=O)C(ON(=O)(=O))C(C)(C)C(C(=O)(OO))C(=O)(OON(=O)(=O)),117.25187828200433,121.486374
CC(ON(=O)(=O))(C)C(C(=O)(OON(=O)(=O)))CC(=O)C(OO),99.73392622616666,107.25784
C2(O)C(ON(=O)(=O))C(=O)C(C1(O)C(OO))OOC12,128.19539270600217,118.241554
C(=O)(OON(=O)(=O))C(=O)C(ON(=O)(=O))C(OO)(C(=O))OC(=O),88.3788025778922,89.0477
CC1(C)C(C(=O)(O))C(OO)C1C(O)(C(O))C(=O)(OON(=O)(=O)),152.57444481425046,130.35416
C(=O)(O)C(O)(N(=O)(=O))C(ON(=O)(=O))(C)C1OC1C(=O)(O),132.08579990213912,132.8884
CC(=O)C(ON(=O)(=O))C(=O)C(ON(=O)(=O))C(OO)(C)C,96.1716796777473,92.55828
C(O)C(C)(C(=O))C(OO)C(=O)C(=O),102.86044396769285,111.81539
CC(=O)C(ON(=O)(=O))C(OO)C(C(=O))C(C(O))(C)C(=O),127.68237517603848,140.80399
C(=O)(OO)C1(OO)OC1(OO)C(C(=O))=CC(=O),130.87755708704935,147.29207
C2(=O)CC(ON(=O)(=O))C1(C(=O)(OON(=O)(=O)))OOC2C1(=O),82.00596829570713,79.881516
C(=O)(OO)C(=O)C1OC1C=CC(=O)(OON(=O)(=O)),105.91539408050448,96.21263
C(=O)(OO)C(OO)C(ON(=O)(=O))(C)C(O)OC(=O),120.8693876739926,128.87047
C(OO)C(O)(C(=O)(OON(=O)(=O)))C(=O)C(=O)OC(=O),92.59009423467069,100.26525
C(=O)(OON(=O)(=O))C(OO)C(OO)(C)C(O)(O)C(=O),124.75397887244617,131.43835
C(ON(=O)(=O))C(C(=O)(OO))C(C)(C)OOC(=O),95.12398653548735,81.565575
C1(O)C(=O)C(ON(=O)(=O))C2OOC1(O)C2(O)(O),128.58205906207877,141.95375
C2(=O)C(OO)C(O)(OO)C1OOC2(O)C1(=O),123.32845110551716,110.923615
C(=O)(O)C(=O)OC(=O)C(C(O))=C(OO)C(=O),132.7085829884163,145.52554
CC1(C(=O)(OO))OOC(ON(=O)(=O))(C1(=O))C(=O)(OON(=O)(=O)),93.93197185212921,94.18163
C1(=O)C(O)(C(=O)(OON(=O)(=O)))OOC1C(ON(=O)(=O))(C)C(=O),96.66800890594459,101.479576
C1(O)(O)C(ON(=O)(=O))OOC1(C(=O)(O))C(ON(=O)(=O))C(=O),129.26813454731018,146.0921
C(=O)(O)C(O)C(=O)C(C)C(=O)(OON(=O)(=O)),97.59674966316379,101.27092
CC(OO)(C(=O)(OON(=O)(=O)))C(C(=O))C(C)(C)C(=O),101.8336398261381,102.89234
C(=O)(O)C(OO)C(C)(C)C(=O)C(ON(=O)(=O))(C)C(=O)(OON(=O)(=O)),121.18802057310677,116.84071
CC(=O)CC(=O)C(=O)C(OO)CCC(=O)C,100.68848908082873,105.93955
CC(ON(=O)(=O))CCC(O)C(OO)CC(=O)(OON(=O)(=O)),126.75113315633644,123.49892
C1(=O)C(ON(=O)(=O))C(=O)C(=O)OOC1(C)C(=O)(OO),99.8267495889886,99.32456
C(=O)C(O)(O)C(=O)C(ON(=O)(=O))(C(=O)(OON(=O)(=O)))C,101.65480597504938,89.50982
CC(=O)C(O)(C(OO)(C)C(ON(=O)(=O)))CC(=O)C(=O)(OO),139.58475765905314,153.06206
C(O)C(=O)OC(=O)C(O)(O)C(=O)C(O)C(=O)(O),148.04739486759354,156.6352
C(=O)(O)C=CC(=O)C(=O)(OON(=O)(=O)),81.49673657927633,78.76807
C(=O)(O)C1OC1(C)C(ON(=O)(=O))C(=O)(OO),112.95780389312858,110.70421
CC(=O)C(C(OO))C(=O)C(O)C(ON(=O)(=O))(C)C(=O)(OON(=O)(=O)),116.36730907826859,137.47783
CC(=O)C(=O)C(O)(O)C1OC1C(=O),96.20826049645257,82.97935
C(O)C(=O)C(OO)OC(=O)CC(=O),104.25613526727102,113.23373
C(=O)(OON(=O)(=O))C(O)(O)C(ON(=O)(=O))C(OO)C(O)C(=O),132.41283045000455,157.25267
C(=O)(OON(=O)(=O))C(O)(O)C1(C(=O))OC1C(=O),94.46072331348114,92.3523
C(=O)(O)C1CC(ON(=O)(=O))(C(=O)C)C1(C)C(ON(=O)(=O)),111.37955341982888,104.91192
CC(ON(=O)(=O))(C)C(O)(C(O)(C)C(=O)(OO))CC(=O),123.61783808896143,144.65205
C(=O)(O)OOC(ON(=O)(=O))C(O)C(=O)(OO),121.63666859244404,126.57035
C(=O)(O)C(=O)OC(OO)(C(=O))C(OO)C(=O),128.6115970693936,137.05504
C(=O)(O)C(ON(=O)(=O))C(OO)C(=O)CC(=O)(OON(=O)(=O)),115.44623444015451,117.34467
C(=O)(O)C1OOC(O)(C1(O))C(OO)C(=O),143.17463416244573,129.11598
C(=O)(O)C(ON(=O)(=O))C(ON(=O)(=O))(C)C1OC1(OO)C(=O),116.2834887836143,115.7812
C(=O)(O)C12CC(=O)C(=O)C(C1(O))OO2,118.6556417984757,119.35462
C(OO)C(=O)C(=O)C(=O)OOCC(=O)(OON(=O)(=O)),97.65826566921896,94.14515
C(=O)C(=O)CC1(OO)OC1(O)C(=O),98.41189695952198,90.84635
C(=O)(OON(=O)(=O))C1(O)OC1(C(ON(=O)(=O)))C(=O)C(=O),81.32991945088725,93.084755
C(=O)(O)C(OO)C(O)C1OC1C(=O)(OO),148.9187496278173,130.26495
C1(O)(OO)C(=O)OOC1CC(=O)(OO),119.78586914605694,117.08836
CC(=O)CC(=O)CC(ON(=O)(=O))C(O)C(ON(=O)(=O))C(=O)C,116.84466251686536,123.31344
C(=O)(OO)CC(ON(=O)(=O))C(C)(C(OO))C(ON(=O)(=O))(C(=O))C(=O)C,136.61950050523592,144.22264
C(=O)(O)C=C(C(=O)(OO))C(OO)OC(=O)C(=O),139.13606970413093,127.42514
CC1(C)C(=O)CC1(O)C(OO),93.0588044427277,92.58242
C(=O)(O)C(O)C(=O)C(OO)(C)OC(=O)C(=O)(O),149.95957064435788,151.53636
C(=O)(OO)C(O)(O)C(=O)C(=O),94.23576454814611,73.71777
C(=O)(OO)C1(O)OC1(C(OO))CC(=O),113.67498004501977,114.14178
C(OO)C(=O)C1CC(C1(C)C)C(ON(=O)(=O))C(=O)(OO),133.69014392191457,137.79532
CC1(C(=O)(OO))OC1(ON(=O)(=O))C(OO)C(=O),103.69864874331688,109.5885
C1(O)C(OO)C(=O)OOC(OO)C1(=O),111.54777102320077,112.56115
C12C(OO)C(=O)C(=O)C(ON(=O)(=O))(C2)C1(C)C,98.98939091115608,99.75853
C1(OO)OC1(C(OO))C(O)C(=O),118.3147999038556,111.316956
C(=O)(O)C(N(=O)(=O))C(=O)C(=O)C(O)(O)C(=O)(OON(=O)(=O)),111.15608659535792,131.57542
C(OO)C(=O)OC(OO)C(OO)=C(N(=O)(=O))C(=O),128.75437877894,132.2293
CC(=O)C(OO)C(OO)C(ON(=O)(=O))C(=O)C(ON(=O)(=O)),119.8782802687856,113.303764
C(=O)(N(=O)(=O))C(=O)C1(C)OOC(C1(O)(O))C(=O),101.2912733343328,93.57918
CC(ON(=O)(=O))CC(=O)C(O)C(=O)C(ON(=O)(=O)),102.9923019424823,82.85767
CC(ON(=O)(=O))(C(=O))C(C(=O)(OO))C(C)(C)C(=O),100.30161086048611,99.95576
C(O)C(=O)C(OO)=C(N(=O)(=O))C(=O)OC(=O),112.15780874148913,123.43361
CC1(O)C(=O)CC(=O)C(ON(=O)(=O))C1C(ON(=O)(=O))(C)C(O),123.70798761982587,130.24796
CCCCCC(OO)CCCC,74.61272349055798,74.555824
C(=O)(O)C(C(=O))C1(OO)OC1(OO)C(=O),122.35954992347251,127.74049
CC(=O)C(C(O))(C(=O)(OON(=O)(=O)))C(OO)C(=O),110.93375588287745,111.73845
C(O)C(=O)C(=O)OOC(O)C(=O)(O),130.70999639012007,120.408745
CC(O)CCC(OO)CC(=O)CC(=O)C(O),147.92928055990342,151.22583
C(=O)(OO)C1(N(=O)(=O))OC1(O)CC(=O),94.69487381486397,84.89256
CC(O)C(C)(C(=O)(OON(=O)(=O)))C(C(OO))C(=O)(OON(=O)(=O)),108.81264949217439,117.62513
CC(=O)C=CC(C(ON(=O)(=O))(C)C)CC(=O)(OO),114.85831881309423,116.98665
C(=O)(O)C1OC1(OO)CC(=O)C(=O),114.65293004285923,105.24806
CC(OO)(C(=O)(OO))C1C(=O)C(C(=O))C1(C)C,120.3708308187197,132.00888
C(=O)C1(OO)OC1C(O)(C)C(ON(=O)(=O))C(=O),106.18408463757805,111.42779
CC(=O)C(O)(C(=O)C)CC(ON(=O)(=O))C(=O),94.95456952355744,76.05897
CC(=O)C(=O)C(O)(C)C(=O),74.76890218201152,76.76996
CC(=O)C(OO)C1OOC(C1(O)(OO))C(=O),115.87662679910864,126.120155
CC(ON(=O)(=O))CCCC(ON(=O)(=O))C(=O),82.43294230804167,86.36772
CC(=O)C(=O)CC(=O)CC(=O)OOC(O)(C)C,90.85870732158946,94.750404
C1(=O)C(=O)C(O)(O)C(OO)OC(=O)C1(O),132.1532060921163,123.55825
C(=O)(N(=O)(=O))C1OC1C(ON(=O)(=O))(C)C(O)C(=O)(O),113.02508636272978,119.15861
CC(=O)OC(O)C(=O)C(OO)C(=O)(O),123.19426125411701,115.67421
C1(=O)C(O)(OO)C=CC(=O)C1,94.54666230356816,75.84019
C(ON(=O)(=O))C(=O)C(O)C1OOC(C1(O)(O))C(=O),129.82044419899466,137.27908
CC(=O)C1OOC(O)(C1(=O))C(=O)(N(=O)(=O)),89.16467144753551,81.8931
C1(O)C2(OO)OOC1C=CC2(OO),112.53320647535293,116.32005
CC(ON(=O)(=O))C(ON(=O)(=O))CCC(=O)C(OO)CC(=O)C,129.78692356528336,122.048706
C(=O)(O)C1(ON(=O)(=O))OC1(C)C(O)C(O)C(=O)(OON(=O)(=O)),124.37982791009563,128.5278
C(=O)(OO)C(O)(O)C1OC1C(O)(C(=O))C(=O),127.68195528870274,110.34346
C(=O)(O)C(N(=O)(=O))C(=O)C(N(=O)(=O))(OO)OC(=O)C(=O),105.59801045029599,107.82235
C(=O)(N(=O)(=O))C(=O)OC(O)C=C(C(OO))C(=O)(OON(=O)(=O)),107.8270183990171,115.48765
CC(=O)C(O)(O)C(N(=O)(=O))(OO)C(OO)C(=O)(O),140.25005042376142,155.50928
CC(=O)C(C(ON(=O)(=O))(C)C)CC(=O)C(O),92.5157735900575,103.80914
CC(O)(C)C(OO)C(=O)C(=O)C(=O),94.74468614657235,91.5773
C1(O)C(OO)(C(=O)(O))OOC1(C)C(=O)C(=O),129.77100094970956,131.97696
C(=O)(O)CC(ON(=O)(=O))(C(O))C(C)(C)C(=O)(OON(=O)(=O)),119.19696377906075,118.86727
C(=O)(OO)C(OO)OC(=O)CC(=O)C(=O)(OON(=O)(=O)),111.4730185007138,113.5597
C(=O)(OON(=O)(=O))C(O)C(OO)C(OO)(C)OC(=O)C(=O),125.71644294293219,120.60041
C(=O)(OO)C(=O)CC(=O)C(=O)C(=O)(OON(=O)(=O)),91.25582762092381,92.48109
C2(ON(=O)(=O))C(O)C(OO)C1(C(=O)(OON(=O)(=O)))OOC2(O)C1(O),132.300513295806,153.97823
C(=O)(OON(=O)(=O))C(=O)C1(O)OC1C(O)C(ON(=O)(=O))C(=O),107.40196464822657,120.99668
C1(O)(N(=O)(=O))C(=O)OOC1C=C(C)C(=O)(OO),111.92292676921352,113.933
C(=O)(O)C1OC1C(ON(=O)(=O))(C(OO))C(O)C(=O)(OON(=O)(=O)),135.83116536484886,133.34392
CC(OO)(C)C(O)(C)CC(=O)CC(=O)(OON(=O)(=O)),106.97083499159635,115.26648
C1(O)(O)C(=O)OOC1(C(O))C(=O)(OON(=O)(=O)),112.51405214589613,105.15179
C(=O)(O)C(O)C(ON(=O)(=O))(C(=O)(OO))C1OC1C(=O),134.15126030083775,125.9361
CC(ON(=O)(=O))CCCC(=O)CC(OO)C(OO)C,135.84234038646537,134.46611
C(=O)(OON(=O)(=O))C(OO)C(C(=O)(OON(=O)(=O)))OOC(=O),86.51144628969632,88.852135
C(=O)(O)C1OC1(OO)C(OO)C(=O)(OO),135.64610891138727,135.87662
C(=O)(O)C(O)(C(=O)(OO))C(C(=O))OOC(=O),120.5685683290576,129.88809
C(=O)(OO)C(OO)C(ON(=O)(=O))(C(=O))C(O)C(=O)C(=O),124.8542930735639,116.73201
CC1(C)OOC(=O)C(ON(=O)(=O))C1(ON(=O)(=O))C(=O)(OO),97.06453182324913,78.77593
C(ON(=O)(=O))C(=O)CC(=O)C(OO),91.0456139301823,91.89039
C(=O)C(=O)C(O)C(=O)C1OC1C(=O),90.466993846494,77.81437
C(O)C(OO)OC(=O),88.33430152329674,84.7824
C(=O)(O)C(N(=O)(=O))(C(=O))OOC(=O)C(OO)C(=O),114.11486858355784,112.75307
C(ON(=O)(=O))C(ON(=O)(=O))CC(O)CC(=O)CC(=O),108.25472174553579,114.24755
C(=O)(OO)C(N(=O)(=O))=C(C(=O)(OON(=O)(=O)))C1OC1C(=O),104.94909075201576,94.95659
CC1(C)C(OO)(C)CC1(OO)C(ON(=O)(=O))C(=O)(OON(=O)(=O)),102.55027904232702,112.98683
C(=O)(OO)C(O)C(ON(=O)(=O))(C)C(ON(=O)(=O))OC(=O),103.39854418023606,109.19349
C(OO)C(ON(=O)(=O))C1OC1C(=O),92.02853746652545,88.12194
C(=O)C(O)C(=O)C(ON(=O)(=O))C(O)C(=O),103.66336915996362,91.93089
CC(=O)C(C)(C(ON(=O)(=O)))C(ON(=O)(=O))(C(=O)(O))C(OO),129.62093169219588,123.73176
C(=O)C(N(=O)(=O))C(=O)C1(C(OO))OC1(OO)C(=O),121.0357982328278,120.549286
C1(=O)C(O)C(OO)C(OO)OOC1(C)C(=O)(O),146.30430904673995,153.56343
C(=O)(O)CC(OO)C(C(=O)(O))(C)C(=O),135.48320366755797,136.02635
C(OO)C(=O)C(ON(=O)(=O))C(C(ON(=O)(=O)))(C)C(=O),100.09963233189046,100.58378
C(=O)(OO)C1(O)OOC(ON(=O)(=O))(C1(O)C)C(O)C(=O),136.8715573592417,141.0267
C(=O)(OO)C(=O)C(O)(C)C(OO)OC(=O),111.99192366070201,114.26584
C(=O)(OO)CCC(=O)CC(=O)C(ON(=O)(=O))C(=O),112.83393765511573,106.91622
C1(=O)OOC(C(=O)(O))(C(ON(=O)(=O)))C=CC1(=O),104.59818098504184,110.67236
CC1(OO)C(ON(=O)(=O))C(O)C(O)(C2(O))OOC12,141.5899154510189,149.99059
CC(=O)C(ON(=O)(=O))(C(OO)(C)C(OO))CC(=O)(OO),141.74979086525855,132.53485
CC(OO)(C(O))C(CC(=O)(OON(=O)(=O)))CC(=O),114.57598221409717,118.35883
C(=O)C(=O)C1OC1(O)C(=O),79.38802653470339,85.98455
