SMILES,predictions,target_values
CC(ON(=O)(=O))(C)C(C(OO))C(OO)C(=O)C(=O)(OON(=O)(=O)),-6.606166473109624,-6.163201
C(=O)(OON(=O)(=O))C(OO)C(O)(C)C(C(=O)(O))C(=O),-6.426278030126923,-7.865974
C(OO)C(O)C(C)(C(=O)(OON(=O)(=O)))C(ON(=O)(=O))C(=O)C,-6.1141758905123424,-6.876343
CC(=O)CC(ON(=O)(=O))CC(=O)C(=O)C(OO),-6.486579684447861,-7.529946
C(=O)(O)C1OC1C(ON(=O)(=O))(C(ON(=O)(=O)))C(O)C(=O)(O),-8.15935200306194,-9.487464
C(=O)(N(=O)(=O))C1(OO)OC1C(C(O))=CC(=O)(O),-8.294310601850157,-7.8851776
C(=O)(O)C1OOC(OO)(C1(O))C(OO),-8.593418830676455,-8.645905
C(=O)(OO)CCC(=O)C(ON(=O)(=O))CC(=O)C(=O),-6.973629410173089,-5.63054
C1(O)C(OO)OOC1(O)C(ON(=O)(=O))(C)C(=O)(O),-8.976988149179306,-8.508548
C(OO)C(ON(=O)(=O))C(OO)(C(ON(=O)(=O)))C(=O)CC(=O),-7.88291843600382,-7.9010367
C(=O)(N(=O)(=O))C1(O)OC1C(C(=O)(O))=CC(=O)(OO),-7.425019155660266,-8.666808
C(=O)(O)C(OO)=C(C(ON(=O)(=O)))C1OC1C(=O)(OON(=O)(=O)),-7.579400350923606,-6.0113044
C(=O)(O)C(O)C(O)C1(C(=O)(OON(=O)(=O)))OC1(OO),-8.544138830604425,-8.489271
C(=O)(N(=O)(=O))C(OO)(C(ON(=O)(=O)))OC(=O)C(O)C(=O),-6.180879101722894,-5.502484
C(=O)(O)C1OOC(O)(C(=O))C1(O)C,-8.59555836297477,-9.171413
CC(=O)CC(=O)C(=O)CC(OO)C(O),-7.504014008078229,-6.610214
C(=O)(OON(=O)(=O))C(OO)C(O)C(=O)C(ON(=O)(=O))(C(OO))C(=O),-6.592174099081603,-7.6510878
CC(C(O))(C(=O)(OON(=O)(=O)))C(OO)C(O)(C)C(=O)(OON(=O)(=O)),-7.631500195275294,-6.6282816
C(=O)(O)C(=O)OOC(ON(=O)(=O))(C(=O))C(=O)C(=O)C,-4.558259546167392,-5.069347
C(=O)(OON(=O)(=O))C=C(C(=O))C1OC1C(=O),-3.578027194558672,-2.8187282
C(=O)(O)C(OO)C(C(=O)(O))C(O)(C)C(ON(=O)(=O)),-7.1985491419345635,-10.830631
C(N(=O)(=O))(ON(=O)(=O))OOC(=O),-2.007160239332734,-0.88956517
C(=O)C(ON(=O)(=O))C(C(=O)(OO))(C(=O))OOC(=O),-4.517199788899234,-4.206207
C(OO)C1(ON(=O)(=O))OC1C=CC(=O),-5.070064498455395,-4.5764565
C1(OO)OC1(O)C(OO)=CC(=O),-8.74163152721485,-9.535694
CC1(C)C(=O)C(O)(C)C(=O)CC1(O)C(=O)(OO),-8.675392524784911,-7.4264817
C1(=O)OC1C(O)(O)C(=O)C(O)(C(OO))C(=O)(OON(=O)(=O)),-8.552918499828593,-6.7381067
C(=O)(OO)C(=O)C(O)C(ON(=O)(=O))C(OO)OC(=O),-7.126955882442417,-8.127669
C1(O)C(=O)OOC1(O)C(=O)C(O)C(=O)(OO),-8.997286635998535,-9.824028
C(ON(=O)(=O))C(ON(=O)(=O))(C(=O))OOC(=O)C(O)C(=O),-5.244142785410077,-3.9567447
C(=O)(O)C1OOC(O)(C1(=O))C(ON(=O)(=O))C(=O)C(=O),-7.124396447110485,-6.435704
C(=O)(O)C(=O)C(ON(=O)(=O))(C(=O))C1OC1(=O),-4.294292001262875,-3.83874
C1(=O)C(OO)OOC1(C(O))C(=O)C(=O)(O),-7.6285374108501856,-6.6526356
C2(O)(O)C(=O)C(C)=CC1OC12,-5.897539894169313,-3.8275983
C(OO)C(O)(C(=O))C(O)(C(=O)(N(=O)(=O)))OOC(=O),-8.416783612874497,-6.6954694
C1(=O)C(=O)OOC1C(N(=O)(=O))C(=O)C(=O),-3.9269069090914854,-3.5288424
C(ON(=O)(=O))C(=O)C(C)(C(O))C(ON(=O)(=O))(C(=O))C(=O)C,-6.023728887659672,-6.8325925
C1(=O)OC1(C)C(O)(O)C(=O)C(OO)C(=O)(OON(=O)(=O)),-6.391218477157963,-5.007772
C(=O)(O)C(O)(N(=O)(=O))C(OO)C1OC1(OO)C(=O),-9.30314772264137,-9.673617
CC(=O)C(ON(=O)(=O))CCC(=O)CC(OO),-6.725569242618803,-6.2044206
CC(C)(C(=O)(OON(=O)(=O)))C(O)C(=O),-3.9211127712660527,-3.4125857
CC(=O)C(OO)(C(OO)(C)C(ON(=O)(=O)))CC(=O)C(ON(=O)(=O)),-7.942209082286354,-9.802223
CC(C)(C(=O)(OON(=O)(=O)))C(ON(=O)(=O))(C(=O))C(OO)(C)C(=O)(O),-6.692461516282492,-6.977712
CC(=O)C(=O)C(C(ON(=O)(=O)))C(OO)(C)C(OO),-8.09881968137961,-7.3422256
C(=O)(OON(=O)(=O))C(C(=O))OOC(=O),-1.9826310830212606,-2.1012747
C(=O)(O)C(=O)C(OO)C=CC(=O)C,-6.8251201621587825,-8.469683
C(=O)(O)C(C(OO))(C)C(C(OO))C(=O),-9.678005027039035,-9.461199
CC1(C)C(C(=O)(OO))CC1C(OO)(C(O))C(=O)(OON(=O)(=O)),-7.125889314245796,-10.476401
C(=O)(OON(=O)(=O))C(O)(O)C(=O),-5.483721976839661,-1.1023895
CC(OO)(C(OO))C(C(O))C(ON(=O)(=O))(C)C(=O)C(=O),-9.027702870067515,-9.939655
C(=O)(OON(=O)(=O))C(=O)C1OOC(O)(C1(O)(N(=O)(=O)))C(O)C(=O),-7.601079268815738,-4.859645
C(ON(=O)(=O))C12OOC(C1(O))C(ON(=O)(=O))C(OO)C2(OO),-8.83384024859879,-9.263197
C(=O)(OO)C(N(=O)(=O))(OO)C(ON(=O)(=O))C1OC1(C)C(=O),-8.065697529946192,-6.1716146
C(ON(=O)(=O))C(=O)C(N(=O)(=O))(OO)C(O)(O)C(=O)C(=O),-8.088243570682607,-7.7226048
C1C(=O)OOC(C)(C(=O))C(OO)C1(=O),-5.128630911611253,-5.413792
C12(O)OOC(O)(C1(O)C)C(N(=O)(=O))=CC2(ON(=O)(=O)),-7.712140046831337,-5.1493053
C(=O)(O)C(ON(=O)(=O))C(=O)C(C(ON(=O)(=O)))C(O)(C)C,-6.890986170168617,-7.5068574
CC(O)(C)C(ON(=O)(=O))CC(=O)(OON(=O)(=O)),-5.727480208493944,-3.1772604
CC(ON(=O)(=O))(C(=O)(OO))C(O)C(=O)OC(=O)C(=O)(OON(=O)(=O)),-5.886682363467116,-4.483724
C(=O)(O)C1(ON(=O)(=O))OC1C(ON(=O)(=O))(C)C(O)C(=O),-5.9952321496166405,-6.80752
C(=O)(O)C1(C(=O)(O))OOC(C1(O))C(ON(=O)(=O))C(=O)(OO),-8.863889131116593,-12.961984
C(=O)C(O)C(OO)(C(=O)(OON(=O)(=O)))OOC(=O),-6.291913777426089,-4.921592
C(=O)(O)C=CC(=O)OC(OO)C(=O)C(=O)(OON(=O)(=O)),-6.740335918930214,-6.178558
C(=O)(O)C(OO)C(C1(=O))OOC1C(=O)C(=O)(O),-8.618923981302942,-10.511241
C1(O)C(OO)C(OO)C2OOC1(O)C2(=O),-9.425856195935921,-9.317233
C(=O)(O)C1(O)OC1C(C(OO))=CC(=O)(OON(=O)(=O)),-7.421893685361283,-7.9782195
C1(=O)C(=O)C(=O)OOC(OO)C1C(=O)(OON(=O)(=O)),-3.955238307682521,-3.9325283
C(O)C(=O)C(OO)C(=O)C(=O)(O),-7.092767511945567,-8.203941
CC(=O)C1CC(C1(ON(=O)(=O))C)C(ON(=O)(=O))C(=O)(OO),-5.5520210991671775,-8.492045
C(=O)(O)C(OO)C(=O)OOC(ON(=O)(=O))C(=O)(O),-7.352830283200092,-9.183027
CC(=O)OC(OO)C(ON(=O)(=O))C(O)C(=O)(OO),-7.579611604105594,-8.213356
C(=O)(OO)C1(OO)OC1C(=O)C(ON(=O)(=O))C(=O),-6.90246163415577,-6.7835665
C1(OO)OC1C(O)(C(ON(=O)(=O)))C(ON(=O)(=O))C(=O)(OO),-6.324863651048872,-7.029268
C(=O)(O)C(=O)OC(=O)C(=O)C(O)(C)C(=O)(OON(=O)(=O)),-5.435961700735788,-7.008152
C(=O)(OO)C1(ON(=O)(=O))OC1C(OO)(C(ON(=O)(=O)))C(=O),-6.4106712665507075,-6.420262
CC(=O)C(ON(=O)(=O))C(=O)C(=O)C(O)C(=O)(OO),-7.579611604105594,-5.059698
CC1(O)C(=O)OOC1(ON(=O)(=O))C(=O)C(ON(=O)(=O))C(=O),-4.849941027756358,-5.2879014
CC(ON(=O)(=O))(C)C(C(=O)C(=O)(O))CC(=O),-6.167449535732885,-6.3747363
C(=O)(O)C(N(=O)(=O))(OO)C(O)(O)C(=O)C(O)C(=O)(OON(=O)(=O)),-7.114567112119403,-5.9615035
C(=O)C(ON(=O)(=O))C(C(O))(C(=O)(O))OOC(=O),-7.533305370776361,-7.279057
C1(=O)CC=CC(=O)C1(O)C,-3.345739604714254,-3.2510693
CC(O)(C(=O)(O))C(=O),-6.420787795865181,-3.8823147
CC(O)(C(=O)(O))C(C(=O)(OON(=O)(=O)))C(C)(C)C(=O)(OON(=O)(=O)),-7.231706252616277,-6.316345
C(=O)(O)C(OO)=C(N(=O)(=O))C1OC1C(=O)(OO),-9.729903609080793,-10.975488
CC(=O)C(=O)C(C)(C)C(ON(=O)(=O))(C(ON(=O)(=O)))CC(=O)(O),-5.453590302195153,-6.718687
CC(=O)C(=O)C1(O)OOC(O)(C1(O)(N(=O)(=O)))C(=O),-7.143320506544114,-8.78991
C(=O)(OO)C(O)C1(O)OC1C(=O)(OO),-10.033177551313202,-7.6701527
C(=O)(O)C1(C(=O))OC1CC(=O)C(=O),-5.6975792244102195,-5.9728723
C(=O)(O)C(ON(=O)(=O))C1OOC(C1(O))C(=O),-7.320701669323171,-7.4560213
C(O)CCC(=O)C(OO)CC(=O)(OO),-9.960647480340413,-7.400614
CCCCC(OO)CC(ON(=O)(=O)),-3.828184463605794,-2.9710224
C(=O)(O)C(O)C(=O)C(O)(C(=O)(OON(=O)(=O)))C(ON(=O)(=O))C(=O),-6.627280928803884,-7.6029897
C(=O)C(=O)C(OO)(C1(=O))OOC1(O)C(=O),-7.070164169294003,-5.250883
C(=O)(OON(=O)(=O))C(C(=O)(OON(=O)(=O)))=C(OO)C(O)OC(=O),-6.687970611366836,-7.08127
C(=O)(O)C(=O)OOC(C(=O)(O))C(=O)C,-6.554626601357086,-8.243088
C(=O)(OO)C(=O)C(OO)C(ON(=O)(=O))(C)OC(=O),-6.817613451521538,-5.7788615
C(O)C(ON(=O)(=O))(C(=O)(O))C1OOC(OO)(C1(O))C(=O),-10.06511047337699,-10.840396
C(=O)(N(=O)(=O))C(=O)C(OO)OC(=O)C(ON(=O)(=O)),-4.562276946742713,-3.5350254
CC(O)CC(=O)C(OO)CC(=O)CC(=O)(O),-8.801275980662467,-10.888252
C1(=O)C(=O)OOC1(O)C(=O)C(N(=O)(=O))C(=O)(OO),-6.855494563571483,-5.5810637
C(=O)(OON(=O)(=O))C1(O)OC1(OO)C(C(=O))=CC(=O),-7.532583163922027,-7.168906
C(=O)(OO)C1OOC(ON(=O)(=O))(C1(O))C(=O)C(=O),-6.3780914963845134,-7.1524177
C1(ON(=O)(=O))OC1(C(O))C(O)(O)C(=O)C(O)C(=O),-7.584513771462298,-9.022962
CC(=O)C(OO)(C1(C)C)C(ON(=O)(=O))C1(ON(=O)(=O))C(=O)(O),-7.471681524924861,-8.258616
CCC(=O)C(ON(=O)(=O))C(=O)C(OO)C(=O)CC(=O)C,-5.443334579904331,-6.3760586
C(=O)(O)C(ON(=O)(=O))C1(O)OOC(ON(=O)(=O))(C(=O))C1(O)C,-7.417656201361751,-6.6370726
C(OO)C(=O)CC(=O)C1(N(=O)(=O))OC1(OO)C(=O),-6.471949779912393,-7.1293697
C(=O)C1(ON(=O)(=O))OC1C(C(=O)(OON(=O)(=O)))=CC(=O),-2.7235367591310933,-3.4579442
C(=O)(N(=O)(=O))C1(O)OOC(OO)(C(=O)(OON(=O)(=O)))C1(O)C,-7.708255549621754,-3.4448538
C(=O)(OON(=O)(=O))C(O)C(ON(=O)(=O))(C(=O)(O))OOC(=O)C(=O),-5.828281767295266,-5.1272283
CCC(O)C(OO)CC(=O)(OO),-8.46474069814576,-4.7886863
C1(N(=O)(=O))(OO)C(=O)C(OO)C(=O)OOC1(C)C(=O)(OO),-6.56332398399536,-6.733877
C(=O)C(=O)C(ON(=O)(=O))C(O)(C(=O)(OO))OOC(=O),-7.890031273400382,-5.5774264
CC1(C)C(OO)C(O)(C(=O))C(=O)CC1C(=O),-7.323950502503067,-3.9343188
C(O)C1(O)C(=O)OOC1(OO)C(=O)C(=O),-8.986987864125695,-7.2557883
CC(OO)(C)C=C(OO),-4.286518141372653,-3.1224675
CCC(=O)C(O)C(ON(=O)(=O))C(O),-6.160422692206339,-5.340512
C(=O)(OON(=O)(=O))C(ON(=O)(=O))C1(C(OO))OC1C(=O),-5.124067089729579,-4.83099
C(=O)(O)C(=O)OC(OO)(C(ON(=O)(=O)))C=CC(=O)(OO),-8.229352274960547,-10.313829
C(=O)(O)C(=O)OC(OO)C(C)C(=O)C(=O)(O),-5.95714870883603,-9.344895
C(=O)C1(O)OOC(=O)C1(O),-6.975237753837064,-4.4277663
C1(OO)OC1C(ON(=O)(=O))(C)C(=O)(OO),-6.729898486375532,-3.4296603
C(=O)(O)CC(ON(=O)(=O))C(O)(C)C(=O)(OO),-8.144928234276449,-5.949909
CC(O)CCC(=O)CC(=O)CCC(OO),-8.271020825657615,-7.5942116
C(=O)(OO)C1(OO)OC1(OO)C(=O)CC(=O),-7.526100752227649,-8.072455
C12OOC(C2(=O))C(=O)C(OO)(C1(O))C(=O)(OON(=O)(=O)),-7.606920489170079,-5.1309767
C(=O)(O)C(=O)C(N(=O)(=O))C(=O)OC(OO)C(=O)(OON(=O)(=O)),-6.2216527113487246,-6.041152
C(=O)(O)C(N(=O)(=O))C(=O)C(=O)C(O)(C(OO))C(=O)(OO),-8.532287571973939,-9.215262
C(=O)(N(=O)(=O))C1OC1C(O)(C(O))C(OO)C(=O)(OO),-10.166326677812322,-13.579424
CC1(C(OO))OOC(C(=O)C)CC1(ON(=O)(=O))C(=O)(OON(=O)(=O)),-6.155430339958912,-6.0297775
C(ON(=O)(=O))C(=O)C(=O)C(ON(=O)(=O))OOC(=O),-3.708916938796392,-3.015712
C12OOC(C1(O)(O))C=C(C2(OO))C(=O)(OO),-9.762942384724738,-11.564565
C(=O)C(=O)C(O)C(ON(=O)(=O))C(ON(=O)(=O))C(=O)C(=O),-4.692360473192821,-3.2430716
C(=O)(O)C1(OO)OC1(C(=O))CC(=O)(O),-7.227107596592759,-8.485461
C1(O)(O)C(C(=O)(OO))OOC1(C(ON(=O)(=O)))C(=O)(OO),-9.044501471335025,-8.765163
C2C(=O)C(=O)C(O)C1(O)OC12(ON(=O)(=O)),-4.953631249747559,-7.6402473
CC(O)(C(=O)(OON(=O)(=O)))C(ON(=O)(=O))C(=O)OC(=O),-4.342889024192118,-2.9858997
CC(OO)(C(=O)(O))C1C(=O)C(C(=O))C1(C)C,-7.719363184069152,-8.932292
C(=O)(O)C1(O)C(ON(=O)(=O))OOC1(O)C(=O)C(=O),-7.703625467176607,-7.8026786
CC(=O)C(ON(=O)(=O))C1OOC(OO)(C1(O))C(=O)(O),-7.652284450427032,-9.7737
C(=O)(OO)C(OO)C(ON(=O)(=O))(C)C(=O)C(=O),-6.849277950081159,-4.0038047
CC(O)(C(=O)(O))C1(N(=O)(=O))OOC(OO)(C1(O)(O))C(=O),-10.891406609453043,-11.078081
C(OO)C(=O)C(C)(C(O))C(=O)C(=O),-7.018713354231295,-6.423523
CC(ON(=O)(=O))(C(=O)(OO))C(C(=O)(O))OOC(=O),-6.849277950081159,-6.8379803
C1(O)(OO)C(C(=O)(OO))OOC1(C(=O))C(=O),-8.057821754618999,-7.9322376
C(ON(=O)(=O))C1(O)COOC1C(ON(=O)(=O))C(=O),-4.823769277500105,-5.416517
C(=O)(OON(=O)(=O))C1OOC(OO)(C1(O))C(O)(C)C(=O),-7.014908207980625,-8.787392
C(=O)(O)C1(N(=O)(=O))OC1C(ON(=O)(=O))(C(O))C(O)C(=O),-9.04570082767168,-10.710995
C(=O)(O)C(=O)C1(C)OC1(ON(=O)(=O))C(=O)(OO),-6.247728934793486,-6.6304874
CC(=O)C(C(=O)(OON(=O)(=O)))C(C)(C)C(O)CC(=O)(OON(=O)(=O)),-5.957197028881637,-6.1846356
C1(ON(=O)(=O))OC1C(=O)C(=O)C(=O)(OO),-3.4922129806454905,-3.6768277
C(=O)(OON(=O)(=O))C1(OO)OC1(C)C=CC(=O)(OON(=O)(=O)),-4.524256517230242,-3.8526528
C(OO)C(ON(=O)(=O))(C(=O))C(C)(C(=O))C(=O),-4.612298635522166,-5.259441
C(=O)(O)C(=O)C1OOC(O)(C1(O))C(=O)(OO),-8.997286635998535,-7.571539
CC(=O)C(C(ON(=O)(=O)))OOC(=O)C(=O),-3.137989559687412,-3.635654
C(=O)(O)OOC(C(=O)(OON(=O)(=O)))C(O)(C)C(=O),-5.06190622192662,-6.415521
C(=O)(O)C(OO)C(=O)C(OO),-8.838042774810674,-8.15267
C(OO)C(O)CC(ON(=O)(=O))C(OO),-5.5632984383573785,-7.44557
C(=O)(O)C(OO)OOC(OO)(C)C(O)C(=O),-7.878089555488259,-10.630854
C(=O)(O)C(C(=O)(OO))=CC1OC1C(=O),-8.551936332889454,-8.017593
C12OC1(O)C=C(C(ON(=O)(=O)))C(=O)C2(O)(O),-7.318611633485489,-7.1639233
C(=O)(N(=O)(=O))C1(ON(=O)(=O))OC1C(O)C(O)C(=O)(O),-8.43203962948428,-7.1470933
CCC(ON(=O)(=O))C(=O)CCC(=O)CC(=O)(OON(=O)(=O)),-4.278119589402195,-5.3814335
C(OO)C(=O)C(OO)C(O)C1(OO)OC1C(=O),-9.223119543235953,-12.178993
C1(O)OC1(OO)C(=O)(O),-5.721387876175868,-7.4827185
C(=O)C1OC1C(O)(C(=O))C(=O),-4.086574997880234,-4.1411195
CC(=O)C(C(O))C(C)(C(=O)(O))C(=O)C(OO),-9.428522111620623,-11.986614
C(=O)(O)C(=O)C(=O)C(=O)OC(=O)C(=O),-3.814154025280004,-3.5453906
C(=O)(OO)C1OC1(ON(=O)(=O))C(ON(=O)(=O))C(=O),-4.183319862753706,-4.859575
C1(=O)OC1(N(=O)(=O))C(O)(O)C(=O)C(O)C(=O)C(O),-8.130603214907751,-6.2791405
C(=O)(N(=O)(=O))C(=O)OC(=O)C(=O)C(O)(C(ON(=O)(=O)))C(=O),-4.1116087186073855,-4.200842
C1(OO)OC1C(C(O))C(=O)C(=O),-7.425879982321931,-5.354499
CC1(C)OOC(C(=O)C)CC1(OO)C(OO)C(=O),-7.6032573218108155,-9.885284
C1(=O)CC(ON(=O)(=O))C1(ON(=O)(=O))C(OO),-5.171237084052336,-4.0243797
C(=O)(OO)C(=O)OOC(=O)C(O)(C)C(=O),-7.26186244121709,-6.4656024
C(=O)(O)C1(OO)OC1C(C)C(=O),-7.045313448350498,-6.656732
C(ON(=O)(=O))C(=O)C1OC1(OO)C(O)(O)C(=O)C(=O),-8.40375989567292,-9.261059
C(=O)(OO)C(=O)OOC(C(OO))C(=O),-7.0501030560080835,-8.363032
C(=O)(O)C(OO)(C(=O))C(C(=O))OOC(=O),-8.331818175196531,-8.080255
CC(=O)C(O)CC1CC(ON(=O)(=O))OOC1(C)C,-6.80112156393443,-7.128167
CC(=O)C(C(=O)C)C(ON(=O)(=O))C(OO)C(ON(=O)(=O)),-6.668385043045419,-6.536129
C(=O)(O)C(=O)C(ON(=O)(=O))(C)C(=O)(OON(=O)(=O)),-4.342889024192118,-2.4512422
C(O)C(=O)OC(O)C=CC(=O)(O),-6.726401613527742,-8.022203
C(=O)(O)C1(C(=O)(OON(=O)(=O)))OC1CC(=O)C(=O),-5.050920756744745,-5.0600233
CC(=O)CCC(ON(=O)(=O))C(ON(=O)(=O))CC(OO)C(=O)C,-7.970049556723097,-7.683172
C1(O)C2(O)OOC1C(OO)C(O)(OO)C2(N(=O)(=O))(ON(=O)(=O)),-9.28589422342884,-9.728783
CC1(C(=O)(OON(=O)(=O)))OC1(OO)C(O)(N(=O)(=O))C(=O),-7.59657232733116,-4.640208
CC(=O)CCC(ON(=O)(=O))C(O)C(=O)(OO),-8.18232343931777,-6.5744667
CC1(C)C(C(=O)(O))C(ON(=O)(=O))C1C(OO)(C)C(=O)(OON(=O)(=O)),-7.154924108774139,-7.9050016
C(O)C(ON(=O)(=O))C(C(=O)(O))(C)C(OO),-9.141185297909033,-8.128498
C2(O)(OO)C1OOC2(C(=O)(OO))C=CC1(=O),-7.524884414171538,-9.252118
C(O)C(ON(=O)(=O))C(=O)C(OO)(C(=O))C(ON(=O)(=O))(C)C,-6.560588241947698,-7.077794
CC(ON(=O)(=O))C1CC(=O)C1(C)C,-2.9579308923057397,-2.454569
CCCC(O)C(OO)CC(=O)C(OO)CC,-8.596430480491108,-7.887479
C1(O)(O)C(OO)OOC1(C(O))C(ON(=O)(=O))C(=O),-10.978017325753171,-9.928219
C(O)C1(OO)OC1C(O)(O)C(=O)(OON(=O)(=O)),-8.17893988285141,-5.955188
CC(OO)(C(ON(=O)(=O)))C(OO)(C(O))CC(=O),-7.744282198478686,-9.844912
C(=O)(O)C1(OO)OC1(N(=O)(=O))C(O)C(=O),-8.135173843393204,-7.4156623
C(=O)(OON(=O)(=O))C=C(OO)C(=O)OOC(=O),-4.019142170818668,-4.2706995
C(=O)(O)C(O)C(O)C1(C(=O)(OON(=O)(=O)))OC1C(=O),-8.114072801017755,-7.645307
C(=O)(O)CC(ON(=O)(=O))C(C)(C(OO))OOC(=O),-7.946877374708492,-8.113777
CC(C(ON(=O)(=O)))(C(=O))C(OO)C(ON(=O)(=O))(C)C(=O),-6.212549757905435,-6.520211
C1(=O)OC1C(C(=O))C(=O)C(=O)C(=O),-1.2958450972819264,-3.485147
C(=O)(OON(=O)(=O))C(=O)C(=O)C(C(=O)(O))OOC(=O),-3.5893831154371583,-5.4850836
C(=O)(OO)C(OO)=CC(O)OC(=O)C(=O)(OON(=O)(=O)),-5.9897293243448075,-7.1058664
C(=O)(O)C(=O)C1(O)OOC(ON(=O)(=O))(C1(O))C(=O),-6.875692437257385,-7.1751475
C(=O)(OON(=O)(=O))C(OO)C(O)(C)C(O)(O)C(=O)C(=O),-8.722728793532951,-10.640817
C(=O)(N(=O)(=O))C(=O)OC(=O)C(C)C(=O)C(=O)(O),-3.878579512871511,-4.7321553
C(=O)(OON(=O)(=O))C(N(=O)(=O))C(=O)C(OO)OC(=O)C(=O),-4.288389951465433,-4.0316
C(=O)(OON(=O)(=O))C1OC1(C)C(O)C(=O),-3.8490262529921893,-2.1106982
CC(ON(=O)(=O))(C)C(C(OO))C(=O)C(OO)C(=O)C,-6.945398708759967,-8.562306
C(OO)C(=O)OC(OO)(C(=O)(OO))C(=O),-7.0091839081578655,-6.000526
CC(ON(=O)(=O))(C(=O)(OO))C1OOC(O)(C1(=O))C(=O)(OON(=O)(=O)),-6.294497658613182,-5.553537
C(OO)C(=O)C(O)C(ON(=O)(=O))C1(O)OC1(ON(=O)(=O))C(=O),-7.3178846561950195,-9.156096
C(=O)C(O)C(=O)C1(C(=O))OC1(O)C(=O),-5.249600610877678,-10.943034
CC(OO)CC(=O)CCC(ON(=O)(=O))CC(ON(=O)(=O)),-7.913378387176635,-7.266602
CC(=O)OC(OO)C(ON(=O)(=O))(OO)C(O)C(=O)(OO),-7.301692144976187,-8.801542
C(OO)C(O)(C(=O))C(OO)C(=O),-7.739475932523419,-8.509621
C(=O)C(=O)OOC(C(=O)(O))(C(=O))C(ON(=O)(=O))C(=O),-4.546377431117435,-5.3432193
CC(=O)C1CC(ON(=O)(=O))(C1(C)C)C(OO)C(=O),-5.536685721239337,-6.247546
CCC(=O)C(O)C(=O)CC(=O)C(OO),-6.684449480057992,-4.0483003
C1(O)(ON(=O)(=O))C(OO)(C)OOC1C(O)C(=O),-6.57546504732818,-4.6875324
C(ON(=O)(=O))C(ON(=O)(=O))CCC(=O)CC(OO),-7.432987151394627,-5.594012
C1(ON(=O)(=O))C=CC(=O)OOC1(C)C(=O)(O),-5.630322977800461,-5.455274
C(O)C(=O)C1OC1(OO)C(ON(=O)(=O))C(O)C(=O)(OO),-8.67740079246505,-11.707957
C(=O)C(=O)C(O)(OO)C(=O)OC(OO)C(=O),-7.0641354203344235,-8.13456
C(=O)(OO)CC(OO)(C)C(=O)C(=O),-6.83970891548779,-7.121231
C(O)C(=O)C1C(OO)C(OO)(C1(C)C)CC(=O)(OON(=O)(=O)),-7.116474950602424,-9.8874655
C(=O)(O)C(ON(=O)(=O))(C(OO))C(=O)OC(=O)C(=O)(OON(=O)(=O)),-6.059264332294333,-5.9253793
C1(OO)OC1(OO)CC(=O),-6.276091688681845,-5.0145206
C(=O)(O)CC1(OO)OC1(C)C(=O)(OO),-7.544933508248505,-6.1249113
C(=O)(O)C1(ON(=O)(=O))OC1(C(=O)(O))CC(=O),-6.482567745839333,-7.811636
C(ON(=O)(=O))C1CC(ON(=O)(=O))(C(=O)(O))C1(C)C(OO),-7.735459929743229,-7.5442467
C(O)C(=O)C(=O)OC(OO)C(N(=O)(=O))C(=O)(O),-7.106373521164642,-9.960074
C(=O)C(ON(=O)(=O))(OO)C(OO)(C)C(OO)OC(=O),-6.924920413004656,-9.903982
C2(OO)C(OO)=CC(O)(C1(O))OOC12C(=O)(OON(=O)(=O)),-7.400976522027122,-9.727477
C(=O)(O)C(O)(C(OO))C(ON(=O)(=O))OOC(=O),-8.64595425382322,-7.8419623
C(=O)(O)C1OC1(C(=O))C(=O)C(OO),-6.777581599684709,-6.7261453
CC(=O)CC(O)C(ON(=O)(=O))CC(OO)C(OO)CC,-8.465527152415234,-10.710611
C1(OO)C(ON(=O)(=O))C=COOC1(C(=O)(O))C(=O)(OON(=O)(=O)),-6.785846097105605,-6.9106903
C(=O)C1(OO)OC1(O)C,-5.405901834905308,-2.7258422
C(=O)(O)C(=O)OC(=O)C(O)(C)C(ON(=O)(=O))C(=O)(OON(=O)(=O)),-5.765641854968635,-5.7548327
CC(ON(=O)(=O))C(=O)CC(=O)CC(=O)CCC(=O)(OO),-7.723764701255277,-6.2511325
C(=O)(O)C(=O)C(=O)C(O)(C)C(=O)C(=O),-5.952627754959394,-6.030096
C1(=O)C(OO)C(O)C(ON(=O)(=O))OOC1(C)C(=O)(O),-7.271242446848191,-9.374945
C(ON(=O)(=O))C(=O)C(OO)C(O)C(OO)OC(=O)C(=O),-7.939203224364974,-9.224099
C(=O)(OO)C(=O)C(ON(=O)(=O))C(C(=O))OOC(=O)C(=O),-4.822923241821627,-7.3189173
C(=O)(OO)C(=O)C(ON(=O)(=O))(C1(O)(O))OOC1(C)C(=O)(OON(=O)(=O)),-7.219706856551056,-6.7061434
CC(ON(=O)(=O))CC(=O)CCC(=O)(OO),-6.274688009878446,-4.103534
C(=O)(O)C(C(ON(=O)(=O)))C(OO)OC(=O)C(=O),-7.4287092281920195,-6.7339196
C(=O)(O)C1OOC(O)(C1(O)(O))C(OO),-10.461602836345264,-8.550788
CC1(C)OOC(ON(=O)(=O))(C(=O)C)C(=O)C1(ON(=O)(=O))CC(=O)(OO),-6.7333626208546775,-7.1978188
C(=O)C1(N(=O)(=O))OC1(O)C(=O),-3.3901987447825377,-0.48654002
CC1(C)C(C(OO))CC1C(=O)C(=O),-4.454508777340379,-3.607908
C1(O)(O)C(N(=O)(=O))(ON(=O)(=O))OOC1(O)C(O)C(=O)C,-7.62503864993414,-3.659565
C(=O)(O)C(OO)OOC(=O)C(=O)C(ON(=O)(=O)),-7.7311067034061125,-6.5806456
C12OOC(C1(O))C(OO)C(OO)(C2(ON(=O)(=O)))C(ON(=O)(=O)),-8.83384024859879,-8.866502
C(=O)(OON(=O)(=O))C1OC1(OO)C(=O),-3.4520552285157464,-2.1944993
C(O)C(OO)(C(ON(=O)(=O)))C(C)(C(OO))C(=O)C(=O)C,-8.034979620377271,-8.792059
CCCCC(O)CCC(OO)CC,-5.683144848400843,-5.2431965
C(=O)(O)C(OO)C(O)(C(ON(=O)(=O)))C(=O)C(ON(=O)(=O))C(=O),-6.807574271890189,-9.940096
C1(=O)C(ON(=O)(=O))OOC1(OO)C(=O)C(O),-5.997624204490421,-4.48349
C(=O)(OO)C(ON(=O)(=O))CC(ON(=O)(=O))(C(=O))C(C)(C)C(=O),-6.085931225863533,-5.75023
CC(ON(=O)(=O))CC(=O)CC(=O)C(=O)CC(ON(=O)(=O)),-6.286913500534865,-5.697958
CC(=O)C(ON(=O)(=O))C(N(=O)(=O))(C1(O)(O))OOC1C(=O)(OO),-8.122444277218165,-5.1458473
C(OO)C(=O)C(O)C(ON(=O)(=O))C1(O)OC1(N(=O)(=O))C(=O),-7.806072741104799,-10.691193
C(=O)(OO)C(=O)C1(C(=O)(O))OOC(C1(O))C(=O),-8.789181590575026,-10.241252
CC(=O)C(ON(=O)(=O))C(ON(=O)(=O))C(C(=O)C)C(OO)C(=O),-5.560897030976776,-6.230928
C(=O)(OON(=O)(=O))C(=O)OC(OO)(C(ON(=O)(=O)))CC(=O),-4.417560767114992,-5.182606
C1(O)(O)C(OO)(C)OOC1C(=O)(OO),-7.953830350877979,-7.4089046
C1(O)C(=O)OOC1(C)C(ON(=O)(=O))C(ON(=O)(=O))C(=O)(O),-6.994561789033469,-6.7252364
CC(=O)C(C(=O)C(=O)(N(=O)(=O)))OOC(=O)C(=O)(O),-3.849275101787498,-6.8499174
CCCCCCC(=O)C(=O)C(ON(=O)(=O)),-3.6820549468939134,-2.746662
C(OO)C(=O)C1(C(=O))OC1C(=O),-4.200104222421942,-4.674825
C(=O)C(=O)C(ON(=O)(=O))(C1(O))OOC1(O)C(ON(=O)(=O))C(=O),-6.254152253481152,-7.7723174
C(=O)(O)CC(=O)CC(ON(=O)(=O))C(=O),-5.617969824905231,-6.271556
C(=O)(OO)C(ON(=O)(=O))C(C)(C)C(OO)(C(=O))C(=O)C,-7.386417350406191,-7.574095
C(=O)(OO)C(O)(N(=O)(=O))C(=O)C(OO)(C)OC(=O)C(=O),-6.932374259096832,-7.9822283
C(=O)(OO)C=C(OO)C1OC1C(=O)C(=O)(OON(=O)(=O)),-7.131974541129239,-8.349774
CC(ON(=O)(=O))(C)C(C)C(OO)C(=O)C(ON(=O)(=O))C(=O)(OO),-7.151696610166255,-6.741084
C1(=O)COOC1C(=O)C(=O)(OON(=O)(=O)),-2.1194074622726475,-1.2809174
C(=O)(OON(=O)(=O))C1OC1C(OO)=C(C)C(=O),-4.281689365878265,-5.221939
CC(=O)C(ON(=O)(=O))(C(=O)(O))C(C)(C)C(=O)CC(=O)(O),-7.647527019624249,-9.440458
CC(O)(C(=O)(O))C(=O)C(C)(C)C(OO)C(ON(=O)(=O)),-7.830170507859293,-7.964627
CC(ON(=O)(=O))(C(=O))C(OO)C(ON(=O)(=O))C(=O),-4.8073889907518605,-5.243981
CC(OO)(C(OO))C(C(O))CC(=O)C(=O)(OON(=O)(=O)),-7.8591359632646345,-9.027787
C1(=O)C(OO)C(O)C(ON(=O)(=O))C(ON(=O)(=O))C1(O)C,-7.004437296393007,-8.932462
CC(ON(=O)(=O))(C(OO))C(OO)(C)C(=O)(OON(=O)(=O)),-6.658894577059982,-4.666599
CC(O)C(ON(=O)(=O))CC(=O)CC(=O)CC(ON(=O)(=O))C,-7.573160297746654,-7.0931253
C(=O)(OON(=O)(=O))C(ON(=O)(=O))C(O)C(=O)OC(=O)C(=O),-4.286729187953824,-3.2750897
CC(=O)C(=O)OOC(O)(C(N(=O)(=O))(OO))C(=O)(OON(=O)(=O)),-6.160677494595802,-5.6645837
CC(ON(=O)(=O))(C(=O)(OON(=O)(=O)))C(C(O))C(C)(C)C(=O)C(=O),-5.43560264287953,-6.1608763
CC(O)(C)C(OO)C(ON(=O)(=O))(C(=O)(OON(=O)(=O)))C(=O),-5.543209808367465,-5.217099
C(=O)(O)C1(N(=O)(=O))OC1(O)C(C(OO))=CC(=O),-9.595755842343351,-11.315413
C(O)C(C(O))C(C)(C(ON(=O)(=O)))C(=O)C(=O)C,-7.589995336835273,-7.53754
C(=O)(OO)C(ON(=O)(=O))C(O)OC(=O)C(=O),-7.126955882442417,-6.526878
C1(O)(O)C(N(=O)(=O))(OO)OOC1C(=O)(O),-7.650952498208426,-8.683443
C1(O)(O)C(C(=O)(OO))OOC1(C(=O)(OON(=O)(=O)))C(ON(=O)(=O))C(=O),-7.8310092731644545,-10.424358
CC(=O)C(=O)CC(=O)CC(=O)C(OO)(C)C(ON(=O)(=O)),-6.994602668484731,-6.9848814
CC(=O)C(C)(C)C(C(=O)(O))C(=O)C(OO),-7.309342304107304,-7.9650397
CCC(O)CC(O)C(ON(=O)(=O))CC(OO)CC,-7.923914333581706,-7.9085793
C(=O)(N(=O)(=O))C1OC1C=C(C)C(=O)(O),-4.794671560979623,-4.590081
CC(OO)(C)C(ON(=O)(=O))CC(=O)C(ON(=O)(=O))(C)C(=O)(O),-7.883266204447864,-7.25372
CC1(C(=O))OOC(N(=O)(=O))(C1(O)(O))C(OO)C(=O),-8.76916451811121,-9.304018
CC(=O)CC(=O)C(OO)CCC(ON(=O)(=O)),-7.2601271054063545,-6.134251
C2(O)C(ON(=O)(=O))C(=O)C(O)(C1(O))OOC12C(O),-9.329737286538148,-8.714916
C(=O)(O)C(O)C(=O)C(OO)(C)OC(=O)C(=O)(O),-6.6573559753178415,-10.501362
C12OOC(O)(C1(=O))C=C(OO)C2(ON(=O)(=O)),-6.605674500362511,-5.688602
C(=O)(N(=O)(=O))C(=O)OC(O)C=C(C(=O)(O))C(ON(=O)(=O)),-7.363185489641182,-7.84068
C(=O)(OON(=O)(=O))C(O)C(=O)C(O)C(ON(=O)(=O))C(=O)C(=O),-6.00184815355351,-4.8475256
CC(=O)C(O)C(OO)C1(O)OC1(N(=O)(=O))C(=O)(O),-7.798476451724127,-12.239492
C(=O)(OON(=O)(=O))C=CC1(C(=O))OC1(O)C(=O),-4.347865600529985,-4.482755
CC(ON(=O)(=O))(C)C(C(ON(=O)(=O)))C(OO)C(=O)C,-6.261370055772204,-5.7069545
C1(=O)C(ON(=O)(=O))OOC(=O)C=C1C(O),-5.4003268941742135,-5.128312
C(=O)(OON(=O)(=O))C(O)(C(=O))C(C)(C)OOC(=O),-3.9211127712660527,-2.2436683
C1(=O)C2(O)OOC1C=C(C(O))C2(=O),-6.918140104991835,-7.1604724
C(=O)(O)CC(ON(=O)(=O))C(C)(C)C(C(=O)(OO))C(=O)(OON(=O)(=O)),-6.868564467215037,-7.59192
C(=O)(OO)C(=O)C(ON(=O)(=O))C(O)C(=O)C(=O)(OON(=O)(=O)),-6.018232447728224,-5.6227355
C1(OO)OC1C(OO)(C(O))C(O)(N(=O)(=O))C(=O)(O),-11.286648166906161,-11.033102
C(=O)(N(=O)(=O))C(=O)OC(=O)C(ON(=O)(=O))C(OO)(C)C(=O)(O),-6.417513674914517,-6.5761604
C(=O)C(=O)C(=O)OOCC(=O),-2.937596083562312,-2.2944784
C(=O)(OON(=O)(=O))C(=O)OC(N(=O)(=O))(OO)C(OO)=CC(=O),-7.21376791180046,-8.273411
CC(=O)C(OO)(C(=O)C)C(O)C(ON(=O)(=O))CC(=O)(OON(=O)(=O)),-7.214106868206727,-7.6807127
CC(O)CCC(OO)CC(=O)CCC(=O)(OON(=O)(=O)),-8.31063710035778,-8.730593
CC(ON(=O)(=O))(C)C(ON(=O)(=O))(C(=O)(OO))CC(=O)C(O)(C)C(=O),-8.03249043668984,-8.230179
CC(ON(=O)(=O))(C)C(C)CC(=O)C(OO)C(=O),-5.254399723904498,-6.4335217
C(ON(=O)(=O))C(=O)C(OO)CC(ON(=O)(=O))CC(=O),-7.078985895783262,-7.5840435
C(=O)(OON(=O)(=O))C12CC(=O)C(OO)C(C1(O))OO2,-7.355925947020296,-6.201058
C(=O)(O)C1(O)C(O)(C(=O)C(=O))OOC1C(=O),-9.028421419367078,-14.307904
C(=O)(OO)C(=O)C(O)(C(ON(=O)(=O)))C1OC1C(=O)(OON(=O)(=O)),-6.273000809218502,-5.476204
C1(O)(N(=O)(=O))C(=O)OOC1C(O)C(=O)(OO),-8.008934802484873,-7.0317035
C1(=O)COOC1(C(=O)(O))C(ON(=O)(=O))C(=O)(OON(=O)(=O)),-4.914090296693757,-4.3570647
C1(OO)OOC(C(=O)(O))(C(=O)(OON(=O)(=O)))C=CC1(OO),-6.967153161389433,-8.692833
C(=O)C(=O)C1(C(ON(=O)(=O)))OC1(OO),-4.611856444762452,-3.437789
C(=O)(N(=O)(=O))C1OC1(C(O))C(O)C(=O),-7.211962595494697,-5.923397
C(=O)(O)C1OOC(=O)C(=O)C(O)(C1(=O))C(=O),-5.6205140841593675,-3.0709422
C(ON(=O)(=O))C(=O)C1OC1C(OO)C(O)C(=O)(OON(=O)(=O)),-7.346584753620846,-6.8373456
C(=O)(O)C=C(OO)C1(N(=O)(=O))OC1(C)C(=O),-8.00109429117947,-7.2775006
C(O)C(OO)(C(=O)(OON(=O)(=O)))C(=O)OC(=O)C(=O),-6.489409318211983,-4.584796
CC1(C)C(OO)C(OO)C1C(=O)C(OO),-7.6268807953820215,-8.610301
C1(=O)C(ON(=O)(=O))OOC1(C(=O))C(=O)C(=O),-2.7345426535193837,-2.8989406
CC(O)(C(=O)(OON(=O)(=O)))C(=O)CC(C(=O))C(ON(=O)(=O))(C)C,-5.942763511753583,-5.454734
C(=O)(O)C1(OO)OC1C=CC(=O),-7.875405625622079,-6.838339
C(O)C(ON(=O)(=O))(C(=O)(OO))C(C(=O))C(=O)C(ON(=O)(=O)),-6.610322048298258,-6.6402726
C(O)C(=O)C(=O)C(O)C(O)(ON(=O)(=O))C(=O)C(=O),-6.756502408215965,-6.895735
C1(=O)C(OO)OOC(=O)C(OO)C1(O)C,-7.5574851707733615,-6.0348387
C(=O)(O)C1(O)OC1C=C(OO)C(=O)(O),-10.213917452845635,-9.421032
C(ON(=O)(=O))C1(ON(=O)(=O))OOC(=O)C1(O)(O),-6.375980919705398,-3.3696153
C(=O)(OON(=O)(=O))C(=O)OC(OO)(C)C=CC(=O),-4.548004020678491,-5.1017423
C(=O)(O)C(O)C(ON(=O)(=O))C(=O)OC(=O)C(=O)C(ON(=O)(=O)),-7.673712567891926,-7.511643
C(=O)(OO)C(O)C(=O)C(=O)C(ON(=O)(=O))(C)C(=O)(OON(=O)(=O)),-6.080839088255743,-4.5025883
CC1(C)C(OO)CC1(ON(=O)(=O))CC(=O)(O),-7.719009523989371,-5.9967947
C(=O)C(O)(N(=O)(=O))C(O)(ON(=O)(=O))C(O)C(=O)C(=O),-7.437860033111065,-4.5425506
C(=O)(OON(=O)(=O))C(=O)OC(OO)C(O)C(O)(C)C(=O),-7.147792200141339,-7.3423996
C(O)C(=O)C(=O)(ON(=O)(=O)),-4.003480630877675,-1.5824287
CC(ON(=O)(=O))C(=O)CCC(ON(=O)(=O))CC(=O)C(OO)C,-7.716958816441547,-8.404666
C(ON(=O)(=O))C(=O)OC(O)C(OO)=CC(=O)(OON(=O)(=O)),-6.996770946774632,-6.2718835
CC(=O)C(ON(=O)(=O))CC(=O)C(=O)C(OO)CC(=O)C,-7.129382870101836,-6.5394707
C(=O)OC(=O)C(OO)C(O)(C(=O))C(=O),-7.531386846827445,-6.411361
CC(=O)C(ON(=O)(=O))C(OO)C(=O)C,-4.821200023881829,-3.936774
C(=O)(O)C(N(=O)(=O))(OO)C(O)(O)C(=O)C(O)C(=O),-7.821993863595708,-8.609039
C(OO)C(=O)C(O)(N(=O)(=O))C(=O)C(O)C(=O),-6.351435186796152,-6.095525
C(=O)(OO)C(O)C(=O)C(=O)C(OO)C(=O),-8.049898954199307,-5.6026306
C(=O)(OO)C1OC1(C(OO))CC(=O),-8.686097478353986,-6.2993197
C(ON(=O)(=O))C(ON(=O)(=O))(C(OO))C(C(=O)(O))CC(=O),-7.950133625694434,-8.581124
C(=O)(OON(=O)(=O))CC(OO)C(C)(C(ON(=O)(=O)))OOC(=O),-6.127997129926371,-6.360866
C(=O)(O)C(OO)C1OC1(C)C(=O),-7.977137084732021,-6.124677
C(=O)(OON(=O)(=O))C1(OO)OC1(OO)C(C(=O))C(=O),-5.415172662609621,-5.821752
C1(O)C(O)(C(=O)(OO))OOC1(O)C(O)C(=O),-8.997286635998535,-12.679717
C(=O)(O)CC(=O)C(OO)(C(=O)(OON(=O)(=O)))OC(=O),-6.0643005777019425,-6.1345615
C1(OO)OC1C(OO)(C)C(=O)C(=O),-7.28072495223023,-5.232669
C(=O)C(=O)C(O)(N(=O)(=O))C(ON(=O)(=O))(C)C(OO)C(=O),-6.945262870120132,-7.927064
CC(ON(=O)(=O))(C)C(ON(=O)(=O))C(OO),-3.7112969741756388,-3.7066522
C12CC(OO)(C1(C)C)CC(ON(=O)(=O))C2(O)C,-5.819068251941644,-5.9295955
CC(=O)CC(ON(=O)(=O))CC(=O)CC(OO)C(=O)(O),-9.018215011068605,-10.425336
CCCCC(O)CC(OO)C(OO)CC,-7.804733370563554,-7.6184683
CC(O)(C(=O)(OO))C(ON(=O)(=O))C(C)(C)C(C(=O)(O))C(=O),-7.901489885272895,-10.733259
C(O)C(=O)C(=O)OC(=O)CC(=O)C(=O)(O),-6.190508813164342,-6.7954307
C(=O)(N(=O)(=O))C(=O)C(OO)(C)OOC(=O)C(=O),-4.0394882602904545,-3.9612439
CC(=O)C(ON(=O)(=O))CCC(O)CC(=O)(O),-8.854779725495973,-8.809924
CC(=O)C(ON(=O)(=O))(C(=O))C(O)C(=O),-3.9237089742109674,-3.7152789
C(=O)(O)C(OO)C(O)(N(=O)(=O))C(=O)(OO),-6.843783248232285,-7.469269
C(ON(=O)(=O))C(=O)C(ON(=O)(=O))C(OO)(C1(O))OOC1C(=O)(OO),-7.912204090396699,-7.768393
C(=O)(O)C(=O)C(=O)C(O)(C(ON(=O)(=O)))C(=O)(OO),-7.263112261733113,-5.0092573
C(=O)(OON(=O)(=O))C(=O)OC(OO)C(O)(C)C(O)C(=O),-7.147792200141339,-7.960698
CC(O)CCC(=O)CC(=O)CCC(=O)(OON(=O)(=O)),-6.4265283875247405,-5.676362
CC(ON(=O)(=O))(C)C(O)(C(O)(C)C(=O)(OO))CC(=O),-9.313149592531772,-10.330418
C(=O)(O)C(=O)C(ON(=O)(=O))C(O)(O)C(=O)C(OO),-8.427892663670718,-9.520023
C(=O)(OO)C1(OO)OC1(C(ON(=O)(=O)))C(=O)C(=O),-6.439117355568669,-6.320113
C(=O)(O)C(=O)C(=O)OC(=O)C(=O)C(ON(=O)(=O)),-4.814601596513967,-4.1604066
C(ON(=O)(=O))C1C(ON(=O)(=O))C(OO)(C(=O)(OO))OOC1(C)C,-6.836614090554576,-6.4850955
C1(O)(O)C(=O)OOC1C(ON(=O)(=O))(C)C(=O)(OON(=O)(=O)),-6.553333502042733,-4.5601854
C(OO)C(=O)OOC(C(=O)(O))C(O)C(=O)(OON(=O)(=O)),-6.105988516881553,-8.078031
CC(=O)CC(OO)CC(=O)CC(=O),-5.734879793584696,-6.605074
C(=O)(OO)C(O)C(ON(=O)(=O))(C1(=O))OOC1(C)C(=O)(OON(=O)(=O)),-6.210978595496272,-5.3191648
CC(=O)C(=O)C(O)(ON(=O)(=O))C(=O)C(=O)C(=O)(OO),-6.817613451521538,-4.595549
C(ON(=O)(=O))C(C(=O))C1(O)OC1(OO)C(=O),-8.72181177121638,-5.8910956
C(ON(=O)(=O))C(=O)C(=O)OC(=O)C=CC(=O)(OON(=O)(=O)),-4.599383882694383,-3.3581922
CC(ON(=O)(=O))(C(O))C(ON(=O)(=O))(CC(=O))CC(=O),-6.30731899793318,-7.619831
C(ON(=O)(=O))C(OO)(C(OO))C(ON(=O)(=O))(C(=O))CC(=O),-7.656637249430787,-8.719713
CC(=O)C(C)(C(=O)(O))C(OO)C(=O)(O),-7.268552150806499,-9.309505
C1(O)C(=O)OOC1(O)C(OO)(C)C(=O)(O),-9.35086273687375,-10.775775
C(=O)(OON(=O)(=O))C(=O)C(O)C(ON(=O)(=O))C1OC1C(=O),-5.069898654388453,-4.5851007
C(OO)C(=O)C(OO)(C)C(=O)CC(=O),-8.80046204025075,-6.6738772
CC(=O)C(O)C(ON(=O)(=O))C(OO)(C(OO)(C)C)CC(=O),-8.390727621012047,-10.765449
CC(OO)(C)C(O)C(ON(=O)(=O))(C)C(ON(=O)(=O))CC(=O)C(=O),-8.223829682840005,-7.007075
C(=O)(O)C(ON(=O)(=O))C(O)(C)C(OO)OC(=O)C(=O),-7.595984985311588,-8.373784
C12OC1C(O)(O)C(=O)C(ON(=O)(=O))C2(O)C(ON(=O)(=O)),-5.597921577631496,-8.704876
C(=O)(OO)CC(ON(=O)(=O))C(C)(C)C(C(=O)(O))C(=O),-7.543940177323748,-9.383923
C(O)C(C(=O)(OON(=O)(=O)))=CC(N(=O)(=O))(C(=O)(O))OOC(=O),-8.178100111770618,-7.906787
CC(ON(=O)(=O))(C(=O)(OO))C(=O)C(OO)OC(=O)C(=O),-6.849277950081159,-6.0813956
C(=O)(O)C(C(ON(=O)(=O)))C(=O)C(ON(=O)(=O))OC(=O),-5.717119063898281,-5.21852
C(=O)C(ON(=O)(=O))C(O)(OO)C1OC1(ON(=O)(=O))C(=O),-6.938596027872336,-7.366132
C(=O)(O)OOC(C)(C(=O))C(=O)C(=O)(O),-6.875712747823854,-6.7079
C(N(=O)(=O))(ON(=O)(=O))C(OO)OOC(=O)C(=O),-2.465909163649485,-4.0362186
C(=O)C(=O)OC(=O)C(C(=O)(OON(=O)(=O)))C,-1.4249300797200704,-2.2456517
C(=O)(O)C(=O)C(ON(=O)(=O))(C)OOC(=O),-4.558259546167392,-3.754829
C2(OO)C=C(N(=O)(=O))C(O)(C1(O)C(=O)(OON(=O)(=O)))OOC12,-7.499086445643115,-7.1431165
C(=O)(O)C(C(OO))(C)C(OO)(C)C(=O),-8.500232500346101,-8.319742
C(=O)(O)C(N(=O)(=O))=CC1OC1(OO)C(OO),-8.085004342037792,-8.648055
CC(=O)C(O)CC(ON(=O)(=O))C(O)(C)C,-7.311864015515312,-5.0366874
C(OO)C(=O)C(=O)C(O)(OO)C(=O)(OON(=O)(=O)),-6.1892781180249585,-5.330951
CC(=O)C(ON(=O)(=O))C(OO)C(C(=O))C(C)(C)C(=O)(OO),-7.386417350406191,-7.2559686
C(ON(=O)(=O))C(O)(C(=O)(OON(=O)(=O)))C(=O)C(=O),-4.065118282062031,-2.5479066
C(=O)(O)C1(N(=O)(=O))OC1C(C(=O)(O))C(=O)(OON(=O)(=O)),-6.883210375490307,-6.407223
CC(=O)C1OC1C(=O)C(N(=O)(=O))(OO),-4.094151642237193,-4.7012496
C(=O)(O)C(ON(=O)(=O))C(O)(C(=O)(OON(=O)(=O)))C1OC1C(=O)(O),-7.093267414617003,-7.877419
C(=O)(O)C1OC1C(C(OO))=C(N(=O)(=O))C(=O)(OO),-8.316529060875837,-9.034829
CC(ON(=O)(=O))(C)C(OO)(C(O)C(=O)(OON(=O)(=O)))CC(=O),-6.374653480652341,-7.984063
C(=O)C(=O)C(O)(C1(O))OOC1C(O)C(=O),-8.326865909366461,-8.1967745
C(=O)(OO)CC(=O)C(=O)C(=O)C(=O)C,-4.821074524033975,-3.2025876
C(=O)(OO)C=C(C(O))C(=O)OC(=O),-7.3387903408165585,-7.1307154
C(OO)CCC(=O)CC(ON(=O)(=O))C(=O)C(=O),-6.887748249373544,-6.198325
C(ON(=O)(=O))CCC(O)CC(=O)C(O)CCC(OO),-8.604368048263495,-11.869755
CC1(C(=O)(O))OC1C=CC(=O)(O),-6.983284907895722,-5.731889
C(=O)(N(=O)(=O))C(O)(OO)C(OO)C(=O),-7.872149465843904,-6.236855
CC(=O)C(O)C(OO)(C)C(=O)C(=O),-6.328915265194155,-8.197008
CCC(ON(=O)(=O))C(OO)CCC(O)CC(OO)C,-7.491878387119868,-9.651238
C(=O)(OON(=O)(=O))C1OC1CC(=O)C(=O)C(=O),-3.3964667368327355,-3.2175143
C(=O)(OO)C(=O)C1OOC(ON(=O)(=O))C1(O)C(=O),-7.095118947268929,-6.297533
C(O)C(=O)OOC(ON(=O)(=O))C(ON(=O)(=O))C(=O),-4.793561391063122,-3.9088194
CC(OO)(C)C(OO)(C(ON(=O)(=O))(C)C(=O))C(=O)C(=O),-7.084119053643008,-9.162492
C1(=O)C(=O)C(OO)C(=O)OOC1(O)C(=O)(OON(=O)(=O)),-5.408386163639079,-5.2251177
CC(OO)(C(ON(=O)(=O)))C(OO)(C(=O))CC(=O)(OON(=O)(=O)),-7.269166001520716,-8.255272
C(=O)C(=O)C(O)C(OO)C1(O)OC1(ON(=O)(=O))C(=O),-6.88978447849513,-6.1702604
CC(=O)C(=O)OOC(ON(=O)(=O))C(ON(=O)(=O))C(=O)(OO),-4.979602095831069,-4.4349694
CC(O)(C(=O)(OON(=O)(=O)))C(C(ON(=O)(=O)))C(O)C(=O),-6.046296654109028,-6.7253957
C(=O)(O)C(ON(=O)(=O))(C(=O))C(ON(=O)(=O))C(O)C(=O)C(=O),-6.4992749060384085,-6.1632915
C(=O)(O)CC(OO)(C1(O))OOC1C(=O),-8.65363071520187,-7.6232314
C(O)C(=O)C(=O)C(N(=O)(=O))(C1(O))OOC1C(=O)(OON(=O)(=O)),-6.270713865651487,-6.1413813
C(=O)(OO)C(=O)C(ON(=O)(=O))C(=O)C(ON(=O)(=O))OC(=O),-4.754064764081704,-5.1385055
C(=O)(OON(=O)(=O))C1OOC(O)(C1(O)(O))C(=O)C(=O),-6.2186065285441146,-6.1101413
CC(C)(C(=O)(OO))C(ON(=O)(=O))(C(OO))CC(=O)(OON(=O)(=O)),-6.606166473109624,-5.8966575
C1(O)(O)C(C(=O)(OO))OOC1(C(ON(=O)(=O)))C(=O),-8.644231552456404,-7.465938
CC(=O)C(=O)C(O)(O)C(=O)OC(=O),-7.027148654262419,-2.28853
C(=O)(O)C(C(=O)(OON(=O)(=O)))C1(O)OC1(OO)C(=O),-6.499382599336968,-7.248798
C1(=O)C(C(=O)(O))OOC1C(ON(=O)(=O))C(=O)(OO),-7.864879642620508,-6.93268
C(=O)(OON(=O)(=O))C1OC1C(O)C(OO)(C(=O)(O))C(=O),-7.755678629786416,-8.140061
C(=O)(O)C(N(=O)(=O))(C(=O)(OO))OOC(=O)C(O)(C)C(=O),-6.413546414090888,-8.815912
C(OO)C(OO)(C(=O))C1(N(=O)(=O))OC1(O)C(=O),-7.908704298988596,-5.902514
C(O)C1(C(=O))OC1(OO)C(ON(=O)(=O))C(=O),-7.2086908886740275,-6.9438257
CCC(ON(=O)(=O))CC(O)CC(ON(=O)(=O))C(OO)CC,-8.232901782330373,-7.8100333
C(O)C(O)(C(=O)(O))C(=O)(O),-7.512522838387667,-5.501763
CC(ON(=O)(=O))(C(=O)(O))C1OOC(O)(C1(O))C(=O)(OON(=O)(=O)),-6.295078797211318,-6.7323904
C(=O)(OO)C1OC1(ON(=O)(=O))C(C(=O)(OO))C(=O),-5.923774473476442,-7.09632
C(=O)(OON(=O)(=O))C(=O)OC(OO)(C(=O))C=CC(=O)(OO),-6.745681354717817,-8.026695
C(=O)(O)C(=O)OOC(ON(=O)(=O))C(O)C(=O),-6.296383120417886,-6.901433
C1(=O)C(=O)OOC1C(C(ON(=O)(=O)))C(=O)(OON(=O)(=O)),-3.9948428200095805,-4.559694
CC(=O)C(C(=O)(OO))C(OO)(C(ON(=O)(=O)))C(=O),-7.089997912366016,-5.9335146
CC(=O)C(ON(=O)(=O))C(O)(OO),-7.4768183204705565,-4.689987
CCCCCC(ON(=O)(=O))CC(OO)C(O),-6.246619904319232,-5.629533
C(=O)(OO)C(=O)OC(=O)CC(=O),-3.936391590797939,-5.4050927
C(=O)(O)C1(OO)OC1(C(O))C=CC(=O)(OON(=O)(=O)),-7.822934569372592,-8.675314
C(=O)(O)C1OC1(ON(=O)(=O))C(=O)C(=O),-3.444349089917523,-3.4361846
CC2(O)C(=O)CC(OO)(C1(C)C)CC12(OO),-6.671452162761852,-7.7416663
C(O)C(=O)OOC(C(=O)(O))C=CC(=O)(OO),-8.740165835099106,-10.941197
CC(=O)C1CC(C)C1(C)C(=O),-1.5433864752985755,-2.4511194
C(=O)C1(O)C(=O)OOC1(O)C(=O),-7.414650265043747,-4.7773376
C(=O)(OO)C(ON(=O)(=O))C(C(=O))OOC(=O)C,-4.846329904945378,-4.5155053
CC(ON(=O)(=O))(C(O))C(CC(=O)(O))CC(=O)(OON(=O)(=O)),-6.936747143463435,-8.137239
CC(OO)C1CC(C(=O)(OO))C1(C)C,-6.456576325570495,-6.648122
C(=O)C(ON(=O)(=O))C(OO)(C(ON(=O)(=O)))OC(=O)C(=O),-5.3194233739068295,-4.881178
C(=O)(OON(=O)(=O))C(O)C(=O)C(=O)OC(OO)(C)C(=O),-5.746197917544123,-5.0659614
C(=O)(O)C(=O)C(=O)OOC(C(=O))C(OO)C(=O),-6.971758109561051,-8.246522
C1(O)(N(=O)(=O))C(O)OOC1C(OO)C(=O)(O),-8.830145651445491,-10.006086
CCCCCCCCCC(OO),-2.1294754126738553,-2.8965385
C(=O)(O)CC(OO)(C)OC(=O),-7.0910890218983695,-5.2314663
CC(=O)C(C(=O)(OO))C(C)(C(ON(=O)(=O)))C(=O)CC(=O),-6.666185403908457,-5.957381
C(=O)(O)C(OO)C(=O)C1OC1(ON(=O)(=O))C(=O),-6.88978447849513,-6.399345
C1C(=O)C(=O)C(=O)C(=O)OC1(OO)C(=O),-5.088450019107768,-7.127923
CC(=O)C(=O)C(ON(=O)(=O))C(C(=O)(OO))C(C)(C)C(=O),-5.189131943145185,-4.593303
C(=O)(O)C(ON(=O)(=O))C(ON(=O)(=O))(C(OO))C(O)C(=O)C(=O),-7.73031555291891,-8.305762
CC(O)(C(=O)(OO))C(OO)C(C)(C)C(=O),-8.688838085874522,-9.980545
CC(ON(=O)(=O))(C)C(C(O))C(ON(=O)(=O))(C(=O)(O))C(OO),-8.720801522025795,-9.278792
C(=O)(O)C1OC1(C)CC(=O)C(=O)(OON(=O)(=O)),-4.614568499033339,-4.902362
C(=O)(OO)C(=O)C(OO)C(O)C1OC1C(=O),-9.655083488381933,-8.878077
C1(=O)OC1(O)C(=O)C(ON(=O)(=O))C(=O)C,-4.503296221513665,-6.0274224
C(=O)C(O)C(=O)C1OC1(C(=O))C(=O),-4.086574997880234,-3.1119525
C(ON(=O)(=O))C(=O)OOC(C(ON(=O)(=O)))(C(=O)(O))C(=O),-5.218426206509321,-6.730681
C(=O)(O)C1OC1C(ON(=O)(=O))C(=O)C(=O)(OO),-8.442281647417985,-7.5570736
C(=O)C(=O)OOC(C(=O)(O))C(ON(=O)(=O))(C(=O))C(=O),-4.546377431117435,-6.592414
C(=O)(O)C(O)(OO)C(O)C(=O)C(ON(=O)(=O))C(=O),-8.457687003301544,-9.658104
C(=O)(N(=O)(=O))C(=O)OC(O)C(C(O))=CC(=O)(OO),-8.151947468271828,-5.851024
C(=O)(O)CC1OOC(=O)C1(O)C(ON(=O)(=O)),-6.905181452360921,-5.9539647
CC(=O)C1C(OO)C(C(ON(=O)(=O)))C1(C)C(ON(=O)(=O)),-6.170958086382598,-6.819166
C1(O)C(OO)(C(=O)(O))OOC1(C(OO))C(ON(=O)(=O))C(=O),-9.379663127745516,-10.699426
C1(O)(O)C(C(=O)(OON(=O)(=O)))OOC1(C(=O))C(O)C(=O)(O),-8.63307790581348,-12.124493
C(=O)(O)C(OO)C(C(OO))C(=O)C,-8.645050447943504,-8.399844
CC(=O)CC(=O)C(O)C(ON(=O)(=O))CCC(=O)C,-6.547077071727472,-7.6785364
C(=O)(OO)CC(ON(=O)(=O))C(C)(C(=O))C(ON(=O)(=O))C(=O)C,-6.314216548553304,-6.7599397
C(=O)(O)CC1CC(ON(=O)(=O))C1(C)C(OO),-7.77268937732515,-7.136198
C1(O)C(OO)OOC1(C(=O)(O))C(=O),-8.789181590575026,-7.231109
CC(O)(C(=O)(O))C(=O)OC(=O)C(=O),-6.691331699903458,-4.738389
CC(=O)C1(OO)C(ON(=O)(=O))C(OO)C1(C)C,-7.233772695348307,-5.864264
C(=O)(O)C(ON(=O)(=O))C1(OO)OC1(C(=O)(OON(=O)(=O)))C(=O),-5.8992368490162335,-5.8184075
CC(=O)C(OO)C(OO)OC(=O)(O),-6.834886040282072,-7.620409
CC(ON(=O)(=O))(C(ON(=O)(=O)))C(OO)(C(=O)(O))CC(=O),-8.44286778406422,-8.621212
CC(=O)C(C(=O)C)CC(ON(=O)(=O))C(ON(=O)(=O))C(=O),-5.183543251183437,-5.6275954
C1(=O)C(OO)(C)C(ON(=O)(=O))C(=O)OOC1(O)C(=O)(OO),-7.524085633431241,-9.263298
C(=O)(OON(=O)(=O))C(=O)OOC(C(=O)(OON(=O)(=O)))(C(O))C(=O),-4.247927774011259,-3.8217604
CC(OO)(C)C(CC(=O)(OON(=O)(=O)))C(OO)(C(=O))C(=O),-7.039338379894616,-8.934043
C(=O)(OO)C(=O)C1OC1(C)C(=O)(OON(=O)(=O)),-3.993508456596828,-4.648948
C(=O)(O)C1(O)OC1C(ON(=O)(=O))(C)C(O)C(=O),-7.177579820681785,-9.019885
C1(OO)OC1C(N(=O)(=O))(OO)C(=O),-5.972239206377708,-4.403428
C(=O)(OO)C(O)(OO)C(ON(=O)(=O))(C)C(O)OC(=O),-8.320799145680212,-9.027898
CC(=O)C(ON(=O)(=O))C(OO)C(C(=O)(OO))C(C)(C)C(=O),-7.386417350406191,-9.433635
CC(=O)CC(=O)C(OO)C(=O)C(OO),-8.135527770517001,-6.9355054
C(=O)C(O)C(C(=O))OOC(=O),-4.744908272739849,-5.0459967
C1(OO)OC1(C)C(=O),-2.5739795655954367,-1.7415063
CC(O)(C(=O)(O))C(ON(=O)(=O))C(C)(C)C(=O)C(=O)(O),-7.797514659832814,-8.543977
CC(ON(=O)(=O))(C)C(OO)(CC(=O)(O))CC(=O)(OON(=O)(=O)),-7.38406333054445,-7.370705
C1(=O)C(ON(=O)(=O))(C)OOC1(O)C(O)(N(=O)(=O))C(=O),-6.29689503107511,-5.348983
C(=O)(O)C(ON(=O)(=O))C(C1(=O))OOC1C(=O)C(OO),-7.740051531882273,-7.6894417
CC(ON(=O)(=O))(C)C(CC(=O)(OO))C(ON(=O)(=O))(C)C(=O),-6.16548345917181,-5.5614147
C(=O)(O)C(=O)OOC(C)(C(=O)(O))C(O)C(=O)(OON(=O)(=O)),-6.0968331035746814,-9.046157
C(OO)C(=O)C(ON(=O)(=O))(CC(=O)(OO))CC(=O),-8.520220844065989,-7.2084475
C(O)C(=O)OC(OO)C(OO)C(=O)C(=O),-7.388182259961468,-7.196067
C1(ON(=O)(=O))OC1C(ON(=O)(=O))(C)C(O)(OO)C(=O)(OO),-8.150421754660783,-5.9480395
CCCC(ON(=O)(=O))CCC(O)CC(ON(=O)(=O))C,-5.386828547261757,-6.039734
C(=O)(OON(=O)(=O))C(=O)OC(=O)C(C(ON(=O)(=O)))=CC(=O),-3.839104839740685,-3.8438845
CCC(=O)CC(=O)C(=O)CC(=O)CC(ON(=O)(=O)),-3.277362662356609,-5.660841
CC1(C)C(=O)CC1(ON(=O)(=O))CC(=O),-3.5834867757330358,-3.47007
C(=O)(OO)C(=O)C(O)C(N(=O)(=O))(C1(O)(O))OOC1C(=O),-9.492417519959417,-1.6903273
C1(OO)C(OO)=CC2OOC1(O)C2(O)(OO),-10.433872570945823,-11.4846
C1(O)C(O)(C(=O)(N(=O)(=O)))OOC1C(ON(=O)(=O))C(=O)C(=O),-6.264552781800376,-6.632417
C(=O)(O)C(OO)C(=O)OOC(ON(=O)(=O))C(=O),-7.352830283200092,-6.8055735
CC(ON(=O)(=O))(C(OO))CCC(=O)C(ON(=O)(=O))(C)C(=O)(OO),-7.253362617979292,-7.7909904
CC(=O)C(N(=O)(=O))(C1(O)(O))OOC1C(=O)(OON(=O)(=O)),-6.820619814785459,-1.7006235
C(=O)(O)C(O)C1(C)OC1(ON(=O)(=O))C(=O)(OON(=O)(=O)),-6.042841226548262,-5.6241574
C(=O)(O)C(ON(=O)(=O))C(=O)C1OC1C(=O)(O),-7.888106602646076,-7.7072067
C(=O)(O)C(O)C1OOC(ON(=O)(=O))(C(=O)(OON(=O)(=O)))C1(O)C,-6.480093999460223,-7.0654864
CC1(C(=O)(OON(=O)(=O)))OOC(C1(O))C(OO)C(=O)(OON(=O)(=O)),-6.294497658613182,-6.549496
CC1(C(=O)(OO))OOC(O)(C1(O)(O))C(=O)(OON(=O)(=O)),-7.972737381878687,-7.243228
C(=O)(O)C(O)C(=O)C1(O)OC1(C)C(=O)(OON(=O)(=O)),-7.532064579079815,-5.7937255
C(O)C1(C(=O)(O))OC1(ON(=O)(=O))C(=O)(O),-7.351496646342639,-8.112565
C(ON(=O)(=O))C(C(ON(=O)(=O)))C(OO)(C)C(=O),-5.793919480578552,-5.226902
C(=O)(OO)C(OO)C(O)C1(O)OC1(ON(=O)(=O))C(=O),-8.03392766541947,-9.209367
C(=O)(OO)C(=O)C(=O)C(OO)(C)OC(=O)C(=O),-6.935805750968939,-6.723999
C(=O)(O)C(ON(=O)(=O))(C(=O))OOC(OO)(C)C(O)C(=O),-7.301692144976187,-8.303222
C(O)C1(C(=O)(O))OC1(ON(=O)(=O))C=CC(=O),-7.237075454693695,-7.9717674
CC(=O)C(=O)C(C)(C)C(O)(C(=O)(O))C(OO),-9.143267000871674,-7.3138943
C1(O)C(C(=O)(OON(=O)(=O)))OOC1(C)C(O)C(=O),-6.69864056192273,-5.073079
C1(=O)OC1(C)C(=O)C(ON(=O)(=O))C(=O)(O),-4.256340100406305,-4.0692205
C(=O)(N(=O)(=O))C1(O)OC1C(ON(=O)(=O))(C(OO))C(OO)C(=O)(O),-8.121623521572474,-10.571744
C(=O)(OON(=O)(=O))CC(OO)(C(=O))OC(=O),-4.0496460263639165,-3.8090096
C1(O)(O)C(=O)OOC1C(ON(=O)(=O))C(OO)C(=O)(OON(=O)(=O)),-7.078212612848802,-6.20804
CC(ON(=O)(=O))C(OO)CCC(O)CCCC(ON(=O)(=O)),-7.958940086085931,-9.33906
C1(ON(=O)(=O))C=CC(OO)(C)OOC1(OO)C(=O)(O),-7.638624582681587,-9.244366
C(=O)(O)C(=O)OC(=O)C(=O)C(C)C(=O)(OO),-5.95714870883603,-6.0606184
C(O)C1(O)C(=O)OOC1C(O)C(=O)(OON(=O)(=O)),-6.881292288971963,-6.2105117
C(O)C(=O)CC(=O)CCC(ON(=O)(=O))C(ON(=O)(=O)),-7.3213164325934486,-8.113026
C(=O)(O)C(O)C(N(=O)(=O))(C1(O)(OO))OOC1(C)C(=O),-9.356362542697752,-10.770405
C(OO)C(ON(=O)(=O))C(C)(C)C(ON(=O)(=O))C(=O)C(=O)(OO),-6.712620219264863,-7.7178082
CC1(C)C(OO)C(OO)C(=O)C(O)(C)C1C(=O),-7.341392674999952,-9.729501
C1C(=O)C(=O)C2OOC1(OO)C2(O)(ON(=O)(=O)),-5.8155570007511415,-6.1308804
C1(O)C2OOC1C(OO)C(O)(C(ON(=O)(=O)))C2(OO),-9.330777865683558,-12.629926
C(=O)(O)C1OC1(C)C(OO)C(O)(OO)C(=O)(OON(=O)(=O)),-7.985201046143629,-9.6949215
C(=O)(OON(=O)(=O))CC(ON(=O)(=O))C(C)(C)C(C(=O))C(=O)C(OO),-5.8125959871504165,-7.4117985
CC(O)CCC(ON(=O)(=O))CC(=O)(OO),-7.670428393910697,-4.614823
C(=O)(O)C(O)C(OO)C(=O)OC(=O)C(=O)C(ON(=O)(=O)),-9.118519192006715,-8.629241
C(=O)(O)C(=O)OOC(N(=O)(=O))(OO)C(OO),-5.861001130911973,-7.120337
C(=O)(O)C(=O)C(O)C(=O)C(=O)OC(=O)C(OO),-7.181041073941742,-6.8647647
C(=O)(OO)C(=O)C=CC(OO)OC(=O)C(=O)(OON(=O)(=O)),-6.740335918930214,-7.93233
C1(O)(O)C(=O)OOC1(C(=O)(O))C(ON(=O)(=O))C(=O)(OO),-10.190606472815489,-8.506781
C(=O)(O)CC(C(ON(=O)(=O))(C)C(=O))C(ON(=O)(=O))(C)C(=O),-6.147591863755224,-7.247781
CC(OO)(C(ON(=O)(=O)))C(=O)C(ON(=O)(=O))(C)C(=O)CC(=O),-5.746604428921273,-6.663009
C2(=O)C(O)C(=O)C(O)(C1(=O))OOC12C(ON(=O)(=O)),-7.430574781306859,-5.308695
C(ON(=O)(=O))C1OOC(O)(C1(=O))C(=O)C(=O),-4.688513511868223,-4.8873715
C(=O)(OON(=O)(=O))CC(=O)C(C(O))=C,-4.719535633128544,-3.6298819
C(=O)(O)C(ON(=O)(=O))C(O)(C)C(=O)OC(=O)C(=O)(O),-7.336085469480167,-8.269424
C(=O)(OO)C(=O)C1OOC(=O)C1(O)(O),-8.228990574931231,-6.7660203
C2(=O)C(=O)C(=O)C(OO)C1(C(ON(=O)(=O)))OC12,-5.261312195707433,-6.3620205
c1c(O)c(O)c(N(=O)(=O))cc1,-7.866723527764407,-4.7733793
C(=O)(OO)C(O)(N(=O)(=O))C(ON(=O)(=O))C1(C(O))OC1C(=O),-9.65743172605471,-8.55394
CC(ON(=O)(=O))(C(O))C(OO)(C(=O)(O))CC(=O)C(=O)C,-9.542972921950422,-9.564575
CC(OO)(C(=O)(O))C1OC1(ON(=O)(=O))C(=O),-7.317956548266011,-6.830964
C(O)C(=O)C(=O)OC(OO),-6.465241898131353,-5.3536787
C(O)C(ON(=O)(=O))CC(=O)CC(=O)CC(ON(=O)(=O)),-7.3213164325934486,-7.1412454
C(=O)(O)C(ON(=O)(=O))(OO)C(=O)C1OC1(C(=O))C,-8.339571387898104,-6.964405
C(=O)C(O)(O)C(=O)C(O)C(=O),-7.616568693503723,-10.107723
C(=O)(OO)C(=O)C(OO)=CC(=O)(OO),-8.135863333733141,-8.246697
C(=O)(OO)CC(=O)OC(OO)(C)C(=O)(OON(=O)(=O)),-6.018831857989426,-4.791357
C(=O)(O)C(=O)C(ON(=O)(=O))C1(C(OO))OC1(ON(=O)(=O)),-6.4513034042247455,-7.237647
C1(=O)OC1C(O)C(=O)C(O)(OO)C(=O)C,-8.70365253172531,-5.876948
C(=O)(O)C(O)(C(ON(=O)(=O)))C(OO)(C)C(=O),-8.155235783557146,-7.619643
C(=O)(OON(=O)(=O))C(O)C(ON(=O)(=O))(C1(O)(OO))OOC1C(=O),-5.852836470634429,-7.5227637
C(=O)(OON(=O)(=O))C(O)C(ON(=O)(=O))(C)C1OC1C(=O),-4.503481877878585,-4.737323
CC(O)(C(=O)(O))C1C(OO)C(C(=O)(OON(=O)(=O)))C1(C)C,-7.855013053853327,-8.419467
C2(ON(=O)(=O))C=CC(OO)(C1(O)C(OO))OOC12(O),-9.230765586322377,-9.619488
C(=O)(O)C(OO)(C(=O)(O))C(ON(=O)(=O))C(=O),-7.797717604375066,-8.561869
C(=O)(O)C(=O)C(C(=O)(OON(=O)(=O)))C(=O),-3.5893831154371583,-3.2374356
C(OO)C1(O)C(=O)OOC1(O)C(=O)C(=O),-9.832794036912674,-5.6486173
C(=O)(O)C(=O)C(ON(=O)(=O))C1OC1(O)C(=O)(OON(=O)(=O)),-5.152832760388264,-6.0073223
C(=O)(OO)C(=O)OOC(C(=O)(OO))(C)C(=O),-7.26186244121709,-6.9801993
CC(OO)(C(=O)(N(=O)(=O)))OC(=O)C(O)C(=O)C(=O)(O),-6.932374259096832,-7.719002
C(O)CCC(=O)CCC(ON(=O)(=O)),-5.780885185848092,-4.439555
C(=O)(O)C(=O)OC(OO)C(ON(=O)(=O))(C)C(O)C(=O),-6.849277950081159,-9.732265
CC(ON(=O)(=O))(C)OOC(C(ON(=O)(=O))(C)C(=O)(OO))C(=O)C(=O),-5.5665742355449765,-5.8259726
CC(O)CCC(=O)CC(=O)C(OO)C(ON(=O)(=O))C,-8.860687645717917,-8.60796
C12OOC(OO)(C2(=O))C(=O)C(=O)C1(O)C,-5.915731049926762,-4.0631495
CC(=O)CC(ON(=O)(=O))CC(=O)CC(OO)C(OO)C,-9.440758745786297,-10.394389
C(OO)C1(C(=O)(OO))OC1(ON(=O)(=O))CC(=O),-7.211476491287613,-8.695168
C(ON(=O)(=O))C(=O)C(=O)C(ON(=O)(=O))(OO)C(=O)OC(=O),-4.997239751868619,-4.48469
C(OO)CC(O)CCCC(=O)(OO),-8.631502501670184,-9.307058
C(=O)(O)C(ON(=O)(=O))C(O)(OO)C(=O)(O),-8.457687003301544,-8.591638
C(=O)OC(=O)C(=O)CC(=O)C(ON(=O)(=O)),-3.2798951135737298,-4.144329
C(=O)(OO)C(O)C(ON(=O)(=O))C(=O)(OON(=O)(=O)),-6.261404885704906,-4.156594
C(=O)(OON(=O)(=O))C(O)C(OO)C(=O)C(=O)C(=O),-6.337212399854252,-4.8945727
C(=O)(OON(=O)(=O))C(=O)C(=O)C(O)(C(ON(=O)(=O)))C(=O),-4.065118282062031,-1.4952981
C(ON(=O)(=O))C(=O)C1CC(C(OO))C1(C)C(=O)(O),-8.703865992167266,-8.386651
C1(=O)OC1C(O)(OO)C(=O)C,-7.392399392265361,-3.9548824
C(=O)(N(=O)(=O))C1(O)OC1(C)C(O)C(=O)(OO),-8.298432216124638,-6.1792607
CC(=O)C(=O)C(OO)(C1(O)(O))OOC1(ON(=O)(=O))C(=O),-7.519744477718632,-8.784482
C(=O)(O)C(OO)C(O)(C(=O)(OON(=O)(=O)))C(=O)(OON(=O)(=O)),-6.176892884688641,-6.3028812
C(=O)(OON(=O)(=O))C(OO)(C(=O))OC(=O)C(O)C(=O),-5.589014055018197,-3.819882
C1(O)(O)C(=O)OOC1(N(=O)(=O))C(OO)C(O)(C)C(=O)(OON(=O)(=O)),-8.843568471700564,-8.882018
C1(=O)C(=O)C(OO)C(=O)OOC1(OO)C(ON(=O)(=O)),-7.190443329123809,-6.1066427
C(=O)(OO)C(O)C(O)C(ON(=O)(=O))C(=O),-8.775740254070115,-5.4401517
C(=O)(O)C(OO)C(=O)C(ON(=O)(=O))C(=O),-7.887398108436173,-5.9111795
C1(O)(N(=O)(=O))C2(O)OOC1(C)C(OO)C(O)C2(=O),-8.70870310817736,-7.612326
C(=O)(OO)C(O)C(OO)C1(C)OC1(ON(=O)(=O))C(=O)(OON(=O)(=O)),-6.302634004916399,-6.0271416
C(=O)(O)C(O)(C(=O)(O))C(=O)(OON(=O)(=O)),-6.70458629985842,-5.970076
C(=O)(O)C(O)(C(=O))C(ON(=O)(=O))C1OC1(ON(=O)(=O))C(=O),-6.845361852194401,-7.112902
C(=O)(O)C(N(=O)(=O))(OO)OC(=O)C(C)=CC(=O)(OO),-8.883868557608366,-9.937594
C(=O)(OO)C1OC1C(C)=C(=O),-5.347362942215113,-4.340134
C(=O)(OON(=O)(=O))C(O)C1OC1(C(ON(=O)(=O)))C(=O),-4.597333149340557,-4.160461
C1(=O)C=CC(=O)OOC1(OO)C(=O)C(=O)(O),-7.663485042687171,-6.619051
C1(=O)C(=O)OOC1C(OO)(C)C(ON(=O)(=O))C(=O)(O),-7.434259363235469,-7.9881487
C12(O)OOC(OO)(C1(O))C(OO)C(ON(=O)(=O))C2(OO),-10.37541198384497,-10.964071
CC(=O)C(=O)C(C(ON(=O)(=O))(C)C(OO))CC(=O)(OO),-9.06649687981735,-8.1999
C(=O)(O)C=CC(=O)OC(=O)C(=O),-4.521073073156003,-4.580678
C(=O)(O)C1OC1C(ON(=O)(=O))(OO)C(OO)C(=O)(OO),-7.401434360703206,-11.262127
C(=O)C(ON(=O)(=O))C(OO)(C(OO))OOC(=O),-7.818919620782253,-6.629269
C(=O)C(=O)C(ON(=O)(=O))C(O)C1(O)OC1(ON(=O)(=O))C(=O),-6.471177115292448,-6.679555
C(=O)(O)C(OO)=C(N(=O)(=O))C(=O)C(OO),-8.648595959541126,-10.63509
C(=O)C(=O)C(O)(OO)C1(C)OC1(OO)C(=O),-8.472673775188014,-7.394419
C1(O)(O)C(N(=O)(=O))(OO)OOC1C(O)C(=O)C(O),-8.354661634395598,-10.757855
C(=O)(OON(=O)(=O))C(O)C(OO)C1OC1(C(=O)(OON(=O)(=O)))C(=O),-7.418316757608409,-5.953283
C(=O)(N(=O)(=O))C(=O)OC(OO)(C(=O)(OO))C=CC(=O)(O),-7.963275281179449,-9.52857
C(O)C1(OO)OC1C(=O)(N(=O)(=O)),-8.432737278386412,-4.414362
C(=O)(O)C(N(=O)(=O))=CC(=O)OC(=O)C(=O)(OO),-7.199881238570015,-6.972365
CC(=O)CCC(O)CC(ON(=O)(=O))CCC(=O)(O),-8.589703523835851,-9.6939535
C(=O)(OO)C(O)C(=O)OC(OO)(C(=O))C(=O),-7.891366172034395,-6.6726227
C(O)C(ON(=O)(=O))(C(=O)(O))C(O)(C)C(ON(=O)(=O)),-7.550680385058513,-7.584749
CC(=O)C(C(=O)(O))(C)C(=O),-4.350701283681701,-3.6687543
C(=O)(OO)C(ON(=O)(=O))C(=O)C(O)(C(=O))C(=O),-6.8762009566307825,-3.2394385
C(=O)(OON(=O)(=O))C(O)C(O)C(=O)OC(=O)C(=O),-5.451790934044766,-5.258403
CC(=O)C(C(OO))C(ON(=O)(=O))C(ON(=O)(=O))C(=O)(OO),-6.702266866999707,-5.791745
C(OO)C(ON(=O)(=O))(C(OO))C(C)(C)C(=O)(OO),-7.722105196793564,-7.0454636
C(=O)(OON(=O)(=O))C(O)(O)C(OO)OC(=O)C(=O),-7.251391950985635,-5.4978437
C(=O)(O)C(OO)C(O)C(=O)OC(=O)C(=O),-7.228629871513476,-8.071791
C(O)C(=O)C(=O)OC(=O)C(O)(OO)C(=O)C(=O),-7.838497481621744,-7.8798285
C(OO)C(OO)C1OC1(OO)C(=O)(OO),-7.017468113997893,-9.935833
CC(=O)C(=O)C(C)(C)C(OO)(C(O))CC(=O)(OO),-8.578447611506817,-7.910099
C(ON(=O)(=O))C(C(OO))(C)C(=O)C(ON(=O)(=O))(C)C(=O)(OO),-7.2688241504911275,-6.933821
C(O)C(C(O))C(C(=O)(OON(=O)(=O)))(C)C(=O)(OON(=O)(=O)),-6.2090246021107305,-5.8491197
CC(=O)C(OO)C(O)C(C(=O)C)CC(=O)(OON(=O)(=O)),-7.088071607939128,-7.5162997
C(=O)(O)C(O)C(ON(=O)(=O))C1OC1(O)C(=O)C(ON(=O)(=O)),-7.287957112230288,-7.9770327
C1(O)(OO)C(=O)OOC1CC(=O)(OO),-7.658294515978923,-7.31131
CC(OO)(C(=O)(OON(=O)(=O)))C(C(=O))CC(=O)(OO),-6.687845595854014,-4.7546434
CC(=O)CC(ON(=O)(=O))C(=O)(O),-5.3287388560911495,-5.0541043
C(O)C(=O)C(=O)OC(N(=O)(=O))(OO)C(=O)CC(=O)(O),-6.922079493939236,-10.457601
C(=O)(N(=O)(=O))C(O)C(OO)(C(OO))C(=O),-6.276960699429765,-7.892399
CC(=O)C(ON(=O)(=O))C(O)C1(O)OC1(ON(=O)(=O))C(=O),-6.494952278906567,-6.8365912
CC(O)CC(O)C(ON(=O)(=O))C(ON(=O)(=O))C(=O)CC(=O)C,-6.88658562562523,-8.348594
C1(O)C(ON(=O)(=O))(C(OO))OOC1C(=O)(OON(=O)(=O)),-5.598698911813699,-5.561527
C(OO)C(O)(C(=O)(OON(=O)(=O)))C(C)(C)C(=O),-5.944237826161043,-5.577741
C(=O)(O)C=CC(=O)C(=O)(OON(=O)(=O)),-4.7131109670808655,-2.6959405
C12OOC(C1(O))C(ON(=O)(=O))C(OO)(C2(O))C(OO),-10.121613905796039,-8.96303
C(=O)(OON(=O)(=O))C(O)(O)C(OO)OC(=O)C(O)C(=O),-7.251391950985635,-7.005217
CC(=O)CC(=O)C(OO)CC(ON(=O)(=O))C(ON(=O)(=O)),-7.453215437139079,-7.0662427
CC(=O)CC(=O)C(=O)CC(ON(=O)(=O))C(=O)(OO),-7.004640617866244,-5.39179
C(=O)(O)C(=O)C1OOC(OO)C1(O)C(OO),-8.796836278115734,-8.797438
C(ON(=O)(=O))C(=O)C1OC1C(=O)C(OO)C(=O),-5.677874960638292,-7.2028055
C(=O)(O)C(=O)C(ON(=O)(=O))C(=O)OOC(ON(=O)(=O))C(=O),-4.860832134678276,-5.2816954
CC(=O)CC(OO)C(=O)C(=O)CC(O),-8.329512090095704,-7.132109
C12OOC(C1(=O))C(=O)C(O)(C2(=O))C(=O),-5.662069044092277,-3.5070713
C1C(=O)C(ON(=O)(=O))(C)C(=O)CC1C(ON(=O)(=O))(C)C,-5.121155592623836,-6.469882
C(=O)(N(=O)(=O))C(=O)OC(=O)C(ON(=O)(=O))C(OO)(C)C(=O),-4.077389554982801,-4.4775133
C(=O)(O)C(ON(=O)(=O))(C(OO))C(=O)OC(O)C(=O)(OON(=O)(=O)),-6.059264332294333,-6.977448
C(=O)(OO)C1OC1(C(OO))C(OO)=CC(=O),-9.96316446342098,-11.318641
C(O)C(=O)OOC(O)C(=O)(O),-7.442887189790781,-6.202902
C(=O)(O)C(ON(=O)(=O))C(C)(C(OO))C(ON(=O)(=O))C(=O),-7.076629933424556,-7.81749
CC(=O)C(C(=O)(OO))C(C)(C(OO))C(OO)CC(=O),-10.009008503036966,-10.697267
CC(=O)C(OO)CC(ON(=O)(=O))C(C)C,-5.717409254670201,-4.540352
C(=O)(OON(=O)(=O))C(=O)C(O)C1OOC(O)(C1(O))C(=O),-6.73233760113726,-6.879031
CC1(ON(=O)(=O))C(ON(=O)(=O))CC(=O)C(=O)C1C(OO)(C)C,-6.626727915869196,-7.6020255
C(=O)(N(=O)(=O))C(=O)C1(C)OOC(C1(=O))C(=O),-3.3814005717686086,-2.1018236
C(=O)(OO)C(=O)C1(C)OOC(C1(=O))C(=O),-4.674154824262587,-4.610034
CC(=O)C(OO)CC(=O)CC(=O)C(=O)C(ON(=O)(=O)),-6.029702513882512,-6.9443126
C(ON(=O)(=O))C(=O)C(O)(C1(=O))OOC1C(ON(=O)(=O))C(=O),-5.860435032263922,-6.0051146
CC(OO)(C(O))C(CC(=O)(OON(=O)(=O)))C(ON(=O)(=O))C(=O),-7.418365251505747,-8.1855345
C(ON(=O)(=O))C(=O)C(N(=O)(=O))=C(OO)C(=O)(OO),-8.695073749167932,-7.110622
C(=O)(OON(=O)(=O))C(=O)C(OO)OC(=O)C(ON(=O)(=O))C(O)C(=O),-6.018232447728224,-6.4423356
C(O)CCC(=O)C(=O)CC(=O)CC(=O)(OON(=O)(=O)),-6.0206491907229065,-6.346627
C(=O)(O)C(=O)OC(=O)C(=O)C(OO)C,-5.95714870883603,-6.06656
C(O)C(=O)C(OO)=C(N(=O)(=O))C1OC1C(=O),-8.873934516384907,-8.944187
C(=O)(O)C(=O)C(=O)CC(=O)C(=O),-5.095683168661708,-3.816652
C(OO)C(O)(C(=O)(OON(=O)(=O)))C1OC1C(=O)(OON(=O)(=O)),-7.397866458260978,-4.880864
C(=O)(N(=O)(=O))C(=O)OC(=O)C(O)C(O)(C(=O)(O))C(=O)(O),-7.842872169865586,-10.301669
C(ON(=O)(=O))CCCC(OO)C(OO),-7.031662522827901,-6.0596685
C(=O)C(OO)C(=O)OOC(C(=O))(C(=O))C(=O),-4.4369121854415425,-6.2047305
C(OO)C(=O)C(=O)C(=O)C1OC1C(=O),-4.952665666551184,-5.4018965
C1(O)(N(=O)(=O))COOC1(O)C(OO)C(=O)(O),-7.321427762088206,-13.146564
CC(ON(=O)(=O))C(=O)C(OO)CC(=O)CC(=O)(OO),-7.557812288445348,-8.716451
CC(ON(=O)(=O))(C)C(C(ON(=O)(=O))(C(O))C(=O)(O))CC(=O)C(=O),-8.488073605029058,-9.260537
C(O)C(=O)C(O)C(ON(=O)(=O))C(=O)OC(OO)C(=O)(OON(=O)(=O)),-6.6777306873082125,-12.563315
C1(ON(=O)(=O))C(OO)C(ON(=O)(=O))C1(C)C(OO),-6.181419133863528,-5.4721975
CC(=O)CC(=O)CC(=O)C(O)C(OO)CC,-6.378459956797087,-8.569374
C1(O)COOC1C(OO)C(=O)(OO),-6.580145782072577,-7.4678383
CC(OO)(C)C(C(ON(=O)(=O))(C)C(=O)(OO))CC(=O)C(=O),-8.201035190026232,-8.529849
C(O)C(=O)C(OO)OC(=O)CC(=O)(OON(=O)(=O)),-6.0485116829040635,-7.5793843
CC(ON(=O)(=O))(C)C(C(=O)(OON(=O)(=O)))CC(=O)C(O),-5.198607674159575,-6.429637
C1(O)(O)C(OO)OOC1C(=O),-8.661245724269975,-5.607722
C(=O)(OO)C1OC1(OO)C(C(=O)(OON(=O)(=O)))C(=O),-5.415172662609621,-6.958274
C(=O)(O)C1OC1(C)C(OO)C(ON(=O)(=O))C(=O)(OO),-7.60075699171648,-7.810202
CC(=O)C(ON(=O)(=O))CC(=O)CCC(=O)(O),-6.696202123634066,-6.9265866
C(O)C(=O)C(OO)C(=O)C(=O)(N(=O)(=O)),-6.014030134654604,-4.147242
C(=O)(O)C1(C(OO))OC1C(OO),-8.542402288481753,-8.715534
C(ON(=O)(=O))CCCCC(=O)CC(=O)(OO),-7.078602296856843,-5.9765544
CC(ON(=O)(=O))CCC(=O)C(OO)C(ON(=O)(=O))CC(O),-8.768499138657717,-8.650509
C(=O)(O)CC(=O)C(=O)C(O)(C(OO))C(=O),-8.413178407501618,-9.065716
C(=O)(OON(=O)(=O))C(=O)C=CC(OO)OC(=O)C(=O),-4.792394184934892,-4.7114425
C(O)C(ON(=O)(=O))(C(=O)(OO))C(O)C(OO)OC(=O),-8.755763276425569,-8.946049
C(=O)(OON(=O)(=O))C(=O)C(ON(=O)(=O))C(O)C(OO)OC(=O),-6.261404885704906,-5.5146956
CC(=O)C(=O)C(OO)C1(ON(=O)(=O))CC(ON(=O)(=O))C1(C)C,-6.113751296692499,-5.4377875
CC(O)CCC(=O)C(=O)CC(=O)(OO),-8.858384361406934,-4.685616
C1(OO)OC1(C)C(O)C(OO)C(=O)(OO),-7.768051257364277,-7.660043
C1(ON(=O)(=O))OC1C(=O)C(O)C(=O)C(OO),-5.961445003862536,-5.6344748
CC1(C)C(ON(=O)(=O))CC1C(ON(=O)(=O))(C)C(=O)(OO),-5.93981979117234,-5.894986
CC(O)(C(ON(=O)(=O)))C(ON(=O)(=O))(C(OO))CC(=O)C(=O)C,-8.012375057129248,-7.9336133
C(ON(=O)(=O))CC(OO)C(=O)CC(=O),-7.065912858761294,-5.5894027
CC(=O)C(=O)CC(ON(=O)(=O))(C)C(OO)(C)C,-5.585582540112227,-5.5446796
C(=O)(OO)C1(C(=O))OOC(C1(O)(OO))C(ON(=O)(=O))C(=O),-8.236566269664763,-9.438063
CC(=O)CCC(ON(=O)(=O))CC(ON(=O)(=O))C(=O)C(OO)C,-7.694448085172553,-7.6704197
CC(=O)CC(=O)C(O)C(OO)CCC(O)C,-9.48380823970274,-10.567641
C1(=O)C(=O)CC(OO)OC(=O)C1(O)C(=O),-7.46095904449794,-3.125035
C(=O)(OO)C(O)C(=O)OOC(O)(C(=O))C(=O),-7.891366172034395,-9.033768
C(=O)(O)C(ON(=O)(=O))C1OOC(O)(C1(O)(OO))C(=O),-8.81830596418149,-8.212676
C(=O)(O)C(=O)C(C(OO))(C(=O)(OON(=O)(=O)))OOC(=O),-6.0590648462530226,-7.0301604
C2(=O)C(O)C(=O)C(ON(=O)(=O))(C1(O)(O))OOC12C(OO),-9.282872265368496,-9.31961
C(=O)(OON(=O)(=O))CC(ON(=O)(=O))C(C)(C)C(=O),-4.266849454232215,-3.166979
C(ON(=O)(=O))C(=O)C(C(O))C(ON(=O)(=O))(C)C(=O)(OO),-7.151652189244487,-6.2813873
C1(=O)C(=O)OOC1(ON(=O)(=O))C(=O)C(O)C(=O)(OO),-6.890935109780912,-4.113854
C(ON(=O)(=O))C1(O)C(OO)(C(=O)(OON(=O)(=O)))OOC1C(=O),-6.535102834519421,-5.6149764
CC(OO)(C)C(ON(=O)(=O))CC(=O)C(=O)(OON(=O)(=O)),-5.867778463532886,-4.7570586
C(=O)(OON(=O)(=O))CC(=O)C(C)(C(OO))C(C)C(=O),-6.285850830088748,-7.06718
CC(O)CCC(=O)CC(ON(=O)(=O))CC(=O)C,-6.513746404856647,-6.7038617
C1(=O)C(=O)OOC1(O)C(OO)CC(=O)(OON(=O)(=O)),-6.685452962992713,-6.734708
C(=O)(OO)C(O)(C(=O)(OON(=O)(=O)))OOC(=O),-6.291913777426089,-4.312779
C1(=O)C(N(=O)(=O))(C(=O)(OO))OOC1C(ON(=O)(=O))C(=O),-4.37859733827645,-6.754791
C(=O)(O)C(O)C(O)(C1(O))OOC1(C(=O)(O))C(=O),-9.028421419367078,-13.113726
CC(=O)C(OO)(C(ON(=O)(=O)))C(O)(C)C(=O)CC(=O)(OO),-8.790481099291355,-7.6150146
CC1(C)C(C)C(=O)C1C(ON(=O)(=O))C(=O)(OO),-5.577913690889545,-6.522718
CC(=O)C(C(OO)(C)C(ON(=O)(=O)))C(O)C(=O)(OON(=O)(=O)),-6.953273705090396,-6.6316566
C(=O)(OO)C1OC1(C(ON(=O)(=O)))C(=O)CC(=O)(OON(=O)(=O)),-5.45919820484778,-5.417406
CC(OO)CCC(ON(=O)(=O))CCC(=O)C(ON(=O)(=O)),-7.026664970588172,-7.480193
CC(=O)C(O)CC(OO)(C(=O))C(=O)C,-7.556569910915641,-6.8765373
C1(N(=O)(=O))(OO)OOC(=O)C=CC1(=O),-5.238524027863605,-3.6724296
C(=O)(OO)C(ON(=O)(=O))C(=O)C(C)(C(OO))C(=O),-6.9122618737183075,-5.4664154
C(O)C(=O)OOC(=O)C(O)C(=O)(OON(=O)(=O)),-5.241284114492373,-3.7419565
C1(O)(N(=O)(=O))C(OO)(C)OOC1(O)C(=O)(O),-8.523184168141597,-4.397932
C(=O)C12OOC(C2(=O))C(=O)C(=O)C1,-3.9141967956693406,-3.343454
C(=O)(OO)C(O)C(C(=O)(OON(=O)(=O)))(C(=O))OOC(=O),-6.492174899945894,-5.294586
CC(OO)CC(OO)CC(=O)(OO),-5.896699705743231,-8.029686
CC(=O)C(C(ON(=O)(=O)))C(OO)(C(ON(=O)(=O)))C(=O),-6.550847340138716,-6.0949774
C(=O)(OO)C(ON(=O)(=O))C(C(=O)(OO))C(O)(C)C(=O),-6.849277950081159,-5.0978966
C1(O)(N(=O)(=O))C(O)(C(=O)(O))OOC1C(=O)C(=O)C(=O)(OO),-8.830145651445491,-7.675159
C(=O)(OON(=O)(=O))C1(OO)OC1(ON(=O)(=O))C(C)=CC(=O),-4.030707226604136,-5.610531
C(ON(=O)(=O))CCC(OO)CC(=O)CC(=O),-6.535956022335085,-7.502617
CC(O)(C(=O)(OO))C(=O)C(=O),-7.487970000500354,-3.4180028
C(=O)(O)C1OC1(ON(=O)(=O))C(OO)(C(OO))C(=O),-6.735816657663236,-9.04707
CC(=O)CCC(=O)C(ON(=O)(=O))CCC(=O)C,-4.676989134621181,-5.084115
C(=O)(OON(=O)(=O))C1OC1(C(OO))C(ON(=O)(=O))C(=O),-5.124067089729579,-4.9214144
C(=O)(O)C(ON(=O)(=O))C1OOC(OO)(C1(=O))C(ON(=O)(=O)),-7.40975664821417,-6.356737
C(=O)(OON(=O)(=O))C(=O)C(O)C(=O)C(ON(=O)(=O))(C)C(=O),-4.342889024192118,-3.8639638
C(=O)(O)C(ON(=O)(=O))C(OO)C1OC1(C(=O)(O))C(OO),-9.266593823314906,-12.123993
C(=O)(O)C1(C(ON(=O)(=O)))OC1C(=O)(OON(=O)(=O)),-4.505031491044065,-4.4969144
C12OOC(C1(O)C(=O)(O))C=CC2(ON(=O)(=O)),-6.0602750801754155,-8.012146
CC(ON(=O)(=O))CCCC(OO)CCC(ON(=O)(=O))C,-6.40182550202735,-6.342291
C2(O)(O)C(=O)C(O)C(OO)C1OC12C(=O)(OON(=O)(=O)),-8.019222160310164,-6.841567
C(=O)(O)C(ON(=O)(=O))C(OO)C(OO)OC(=O)C(=O)(OON(=O)(=O)),-6.018232447728224,-7.250318
CC(=O)OOC(O)(C(=O)(O))C(N(=O)(=O))(ON(=O)(=O))C(=O)(OO),-6.744345370314477,-8.090802
C1(OO)OOC(C(O))(C(=O)(O))C=CC1(OO),-9.28459986510461,-11.075514
C(=O)(OO)C(ON(=O)(=O))C(ON(=O)(=O))(C)C1OC1C(=O)(OO),-7.438264439872,-7.609368
C(=O)(O)C1OC1C(O)(C(=O)(O))C(=O)(OON(=O)(=O)),-6.623276233118304,-7.541205
C(=O)(O)C1(OO)OC1C(O)C(O)C(=O)C(=O)(OON(=O)(=O)),-7.760532582999076,-8.479507
C(=O)C1OC1(O)C(OO)(C(=O)(OON(=O)(=O)))C(O)C(=O),-7.132113533207303,-8.664452
C(=O)(OON(=O)(=O))C(O)C(ON(=O)(=O))C1(C)OC1C(=O),-4.503481877878585,-4.2238035
C(=O)(O)C(OO)OC(=O)C(C(=O))=CC(=O)(OO),-9.75336229268396,-8.489472
C(=O)(O)C=C(C(OO))C(=O)OC(=O)C(=O)(OON(=O)(=O)),-6.907611894841466,-6.2998724
C(=O)(O)C(OO)OC(=O)C(ON(=O)(=O))(C)C(OO)C(=O),-7.595984985311588,-9.418328
C1(OO)OC1(C)C(OO)C(=O)(OO),-6.172592279148375,-7.026247
CC(ON(=O)(=O))(C)C(C(O)(C(=O)(OO))C(=O)(OO))CC(=O),-7.817426654153678,-10.127412
CCCCCCC(O)C(=O),-3.4196488403458716,-2.892112
C(=O)(O)C1CC(ON(=O)(=O))C1(C)C(OO),-7.122349456185475,-6.098039
C1(O)(OO)COOC1C(ON(=O)(=O))C(=O),-7.096316000097431,-7.3450212
CCCC(=O)CC(OO)CCC(OO)C,-6.9390856311601965,-7.3206573
CC(=O)C(ON(=O)(=O))C(=O)C(OO)(C(OO)(C)C)CC(=O),-8.390727621012047,-8.739222
C(=O)C(=O)C(=O)C(ON(=O)(=O))(C(ON(=O)(=O)))C(=O)C(=O),-3.5697334138640144,-3.0095823
C(O)CC(O)C(OO)C(=O)CCC(O),-8.713462074798372,-11.563455
CC(=O)C(OO)(C1(=O))OOC1C(=O)C(=O)(OO),-6.7127988555421325,-8.465943
C(OO)C(=O)C1(O)OC1C(ON(=O)(=O))C(O)C(=O)(OO),-8.59166534711403,-11.674521
C1(=O)COOC1C(=O)C(=O)C(=O)(OO),-4.383919997446355,-4.5201225
CC1(O)C(=O)CC(=O)CC1C(OO)(C)C(ON(=O)(=O)),-8.697403926824336,-7.3020115
C(=O)(O)C(ON(=O)(=O))C(C(=O)(OO))OOC(=O)C(=O)C,-7.021251291751469,-7.891571
C(=O)(N(=O)(=O))C(O)C(OO)C(=O)(O),-6.364331076665621,-6.9314938
C(=O)(OO)C(=O)C(N(=O)(=O))(C(=O)(O))OOC(=O),-6.118259944196325,-6.5491066
C(=O)(N(=O)(=O))C1(O)OC1C(C(OO))=CC(=O)(OO),-7.649264115443657,-8.667707
C1(=O)C(=O)OOC1(C(OO))C(N(=O)(=O))C(=O)(OON(=O)(=O)),-4.474062252085787,-5.6269536
C(=O)(N(=O)(=O))C1(O)OC1C(=O)C(=O)C(=O)(OON(=O)(=O)),-3.9843783914111555,-3.633373
C(O)C(=O)C(O)C1OC1C(O)(OO)C(=O)(OON(=O)(=O)),-8.565596224045294,-9.214157
C1(=O)OC1(C(ON(=O)(=O)))C(O)C(=O)C(=O)C(=O),-4.024301830724653,-4.7383533
C(=O)(O)C(=O)OC(=O)C(ON(=O)(=O))C(=O)(OO),-7.126955882442417,-5.468289
CC(O)(C)C(C(=O)C(O))C(ON(=O)(=O))C(=O)(OON(=O)(=O)),-7.082886634841998,-6.4252653
CC(=O)C(O)C(OO)C(C(O)(C)C)CC(=O)(OON(=O)(=O)),-7.910170502076653,-7.828028
CC(OO)(C(OO))C(ON(=O)(=O))(C)CC(=O)C(=O)(OON(=O)(=O)),-8.180696882780467,-7.5632772
CC(ON(=O)(=O))(C(O))C(O)CC(=O)(OO),-9.44970874819046,-5.874665
CC(=O)C(ON(=O)(=O))(C)C(ON(=O)(=O))C(OO),-5.7360011336932075,-4.071324
C(=O)(O)C(N(=O)(=O))(C(=O)(OON(=O)(=O)))OOC(=O)C(O)C(=O),-5.90788019194224,-5.460937
C(=O)(O)CC(OO)C(C)(C(OO))C(ON(=O)(=O))(C(=O))C(=O)C,-9.86749921302544,-11.60057
C(=O)(O)C(=O)C(C(ON(=O)(=O)))C(=O)OC(=O),-5.390821991046323,-5.064685
CC(ON(=O)(=O))C(=O)C(ON(=O)(=O))C(=O)CC(=O)C(OO),-5.894011560645595,-5.712613
CC(=O)C(O)(OO)C(=O)C1OC1C(=O)(O),-7.117559880867702,-6.4800844
C(O)C(=O)C(C(=O)(O))C(C(OO))(C)C(=O),-9.236298063228787,-10.948406
CCC(O)CCC(ON(=O)(=O))C(=O)CC(OO)C(O),-7.91964869639196,-9.832285
C(=O)(O)C(C(ON(=O)(=O)))=C(OO)C1OC1C(=O)(OON(=O)(=O)),-7.311513239859778,-7.943915
CC(=O)C(=O)CC(=O)C(ON(=O)(=O))C(O)CC(O),-8.71180037337217,-8.062933
CC(=O)CC(OO)C(OO)CCC(O),-9.85433232467858,-9.647164
CC(=O)C(ON(=O)(=O))CC(ON(=O)(=O))C(O),-5.485386185799143,-5.1698384
C1(=O)COOC1(ON(=O)(=O))C(ON(=O)(=O))C(=O)(O),-4.045612163288752,-3.3902814
C2(=O)C(OO)C(O)C(C1(O))OOC12C(=O)(O),-8.840552700658009,-11.880434
CC(ON(=O)(=O))(C(=O))OOC(N(=O)(=O))(C(=O)(O))C(O)C(=O),-6.319601723564119,-8.008133
C1(=O)C(=O)C(O)(O)C(OO)OC(=O)C1(ON(=O)(=O))C(ON(=O)(=O)),-8.059557389826296,-7.2472453
C(=O)(OO)C(OO)C1OC1C(=O)(OO),-8.418777729719295,-6.0210786
C(=O)C(=O)OC(O)(C(=O))C,-4.352140192375373,-2.3450537
C1(=O)C(C(=O)(O))OOC1(C)C(=O)C(=O)(OO),-7.175781055479092,-7.021705
C1(O)(O)C2(O)OOC1CC(=O)C2(=O),-7.122705660605789,-7.3094935
C(=O)(OO)C(O)C(OO)(C)C(=O),-8.416545326845153,-6.7780533
CC(O)C(ON(=O)(=O))CC(OO)C(O)CCC(=O)C,-9.78914116938904,-9.69688
CC(OO)C(=O)CC(C(O))C(=O)(OO),-8.293708499517379,-12.916987
C(ON(=O)(=O))C1(C(=O)(OON(=O)(=O)))OC1(OO)C(OO)=CC(=O),-7.249681498051359,-8.970714
C(=O)(O)C(=O)OC(=O)C(C(=O)(O))C(ON(=O)(=O)),-6.531975282046915,-7.373277
CCC(OO)CCC(O)CC(OO)C(=O)C,-9.058752283411195,-9.63075
C1(OO)OC1(OO)C=C(OO)C(=O)C,-7.2909750477119815,-8.314586
C1(OO)C(ON(=O)(=O))(OO)C(=O)OOC(OO)C1(=O),-6.308962330862414,-6.55585
C(O)C(=O)C(OO)OC(=O)CC(=O)(O),-7.2530298918209155,-8.972691
C(=O)C(OO)C(O)C1OC1(ON(=O)(=O))C(=O),-6.88978447849513,-6.480105
CC(=O)C(=O)CC(=O)CC(ON(=O)(=O))C(ON(=O)(=O))(C)C(OO),-6.794197951470778,-7.787045
CC(=O)C(O)(C(ON(=O)(=O)))C(=O)C(=O),-3.5710836321850365,-2.9734666
CC(=O)C(=O)CC(ON(=O)(=O))C(=O)CC(OO)C(ON(=O)(=O))C,-7.843260843979806,-7.21486
C(=O)(O)C(N(=O)(=O))(ON(=O)(=O))C(C(=O)(OO))C(=O),-5.946938457429496,-5.465671
C(O)C(=O)C(=O)C(=O)C(ON(=O)(=O))C(=O)(O),-6.641975125974568,-8.075369
C(=O)(O)CC(CC(=O)(O))C(=O)C(ON(=O)(=O)),-7.254132781665248,-8.386958
CC(=O)C(=O)OC(OO)CC(=O)(OON(=O)(=O)),-4.687874016341084,-4.0813885
C(=O)(N(=O)(=O))C(=O)OC(=O)C(O)(C(ON(=O)(=O)))C(=O)C(=O),-4.1116087186073855,-3.5549326
CC(OO)(C)C(C(ON(=O)(=O)))C(=O)C(ON(=O)(=O))C(=O),-5.9011369515992556,-5.871232
CC(=O)C(ON(=O)(=O))CC(O)(C(ON(=O)(=O))(C)C)CC(=O),-6.337186459613804,-7.7057605
CC(=O)C1CC(C(ON(=O)(=O)))C1(C)C(=O)(OON(=O)(=O)),-4.259545051661917,-4.685606
CCCCC(=O)C(ON(=O)(=O))CC(O),-4.764280523562775,-4.093498
C(=O)(O)C1(ON(=O)(=O))OC1(C(=O)(OO))CC(=O)(O),-7.2091606134545145,-8.578151
C(=O)(OO)C12C=CC(=O)C(C1(O)(O))OO2,-8.552895339589668,-6.3011894
C(=O)OC(=O)C(=O)C(O)(C(=O))C,-4.246069583157805,-3.9212804
C(=O)(OO)CCC(=O)CC(O)CC(=O),-9.054751513132942,-7.685235
C(=O)(OO)C(ON(=O)(=O))C(OO)(C)C(ON(=O)(=O))C(=O),-6.526399084683362,-6.351208
C(=O)(O)C(C(=O))C1(O)OC1(ON(=O)(=O))C(=O),-6.242857820474455,-6.0938077
C(=O)(O)C(ON(=O)(=O))C(O)(C(=O)(O))OOC(OO)C(=O)(OON(=O)(=O)),-6.631014659440552,-10.377997
C1(O)C(=O)OOC1C(C(=O))=CC(=O),-6.06517575142243,-6.654351
C(=O)(O)C(ON(=O)(=O))CC(C(ON(=O)(=O))(C)C)CC(=O),-6.503070458076763,-8.176102
CC(ON(=O)(=O))(C(=O)(O))OOC(O)(C(=O)(O))C(=O)(OON(=O)(=O)),-5.77302594813591,-8.159574
C(O)CC(=O)C(OO)C(=O)CC(OO),-9.687695280108528,-9.897143
C(=O)(O)C1(OO)OC1(O)C(ON(=O)(=O)),-6.961709016823079,-8.03861
C(=O)(OO)C(O)C(OO)(C(OO))C(=O),-8.336255520875056,-9.165029
C(=O)(O)C(ON(=O)(=O))OOC(=O)C(=O)C(=O)C(=O)(OON(=O)(=O)),-4.157550670726778,-4.2636247
CC(=O)C(ON(=O)(=O))CC(C(OO)(C)C)CC(=O)(O),-8.295547625362815,-8.807071
C(=O)(O)C1(C(=O)(OO))OC1(OO)C(=O),-7.219303799791305,-6.5525265
C(O)C(C(=O)(OO))=CC(=O),-7.467478088678035,-4.8595963
C(=O)(O)C(=O)CC(=O)C(O)C(=O),-6.082843080735984,-9.222558
CC(OO)(C(=O)(OO))C(ON(=O)(=O))(C(=O))C(=O)C,-7.039220871336511,-5.5501695
C(ON(=O)(=O))CC(ON(=O)(=O))CC(=O)CC(OO),-7.170065732078001,-6.195432
C(=O)(OO)C(OO)C1(C(=O))OC1(OO)C(=O),-7.219303799791305,-7.5423794
C1(=O)C(=O)OOC1(O)C(N(=O)(=O))(ON(=O)(=O))C(=O)(OO),-6.647984180672211,-4.4655395
CC(=O)C1(O)OC1C(=O)C(O)C(=O)(O),-7.017056565735402,-8.163077
C(=O)(OON(=O)(=O))C1OOC(O)(C1(=O))C(O)(N(=O)(=O))C(=O),-6.264552781800376,-6.5581055
C(O)C(C(O))C(C(=O)(O))(C)C(=O),-9.094922558099825,-9.271673
C1(OO)C(O)(C)C(OO)C(=O)OOC1C(=O)(OON(=O)(=O)),-6.401482922061405,-7.5511193
C(=O)(O)C=CC1(C(=O))OC1(OO)C(=O),-7.262773111069691,-6.625149
CC(=O)CC(=O)C(ON(=O)(=O))CC(=O)CC(ON(=O)(=O)),-5.873309032685938,-6.8747373
C(OO)C(=O)C(C(=O))C(C)(C)C(=O),-5.434089320830935,-5.758609
CC(=O)C(OO)C(=O)OOC(N(=O)(=O))C(=O)(O),-6.163831573601783,-7.259935
C(=O)C(O)(OO)C(=O)C(OO)(C)OC(=O),-7.126945660635101,-4.5843363
C1(=O)C(OO)C(ON(=O)(=O))C(C(=O))OOC1(=O),-5.1012232291650434,-5.0461855
C(=O)(OO)C1OOC(O)(C1(=O))C(=O)C(=O)C,-6.7127988555421325,-6.7702193
CC(OO)(C)C(ON(=O)(=O))(C(ON(=O)(=O))C(=O))C(O)C(=O),-6.393424570809657,-7.650597
CC(=O)C1C(OO)C(ON(=O)(=O))C1(C)C(OO),-8.102261466196069,-7.130962
C(OO)C(=O)C1OOC(O)(C1(=O))C(=O)C(=O),-7.288865814662131,-7.6178164
C(=O)(OO)CCCC(=O)CCC(=O)(OO),-7.206204272699324,-5.57073
CC(=O)C(O)C(O)(ON(=O)(=O))C(O)(N(=O)(=O))C(=O)C(=O),-7.184835326443135,-8.060511
CC(=O)C(OO)C(=O)C(ON(=O)(=O))CC(=O),-5.662102963648067,-6.0661106
C(OO)C(ON(=O)(=O))C(C)(C(=O)(OO))C(=O)C(=O),-6.634987954957978,-4.951358
CC(=O)C(=O)C(O)C(C(ON(=O)(=O)))C(ON(=O)(=O))(C)C(=O),-5.815227534727455,-5.350473
C(O)C(=O)C1OC1(OO)C(ON(=O)(=O))C(=O)(OON(=O)(=O)),-6.228639914661471,-6.3960843
C(=O)(O)C(=O)C(ON(=O)(=O))C1OC1(OO),-6.542644042272514,-5.418622
CC(=O)C(=O)CC(C(ON(=O)(=O))(C)C)C(=O)C(=O)(OO),-5.996449625517926,-7.103859
C(=O)(OON(=O)(=O))C1(N(=O)(=O))OC1(O)C(C(=O)(O))C(=O),-7.206024654471548,-8.340604
CC(=O)COOC(=O)C(ON(=O)(=O))C(=O)(O),-5.3632392546242045,-6.7059374
C(=O)(OON(=O)(=O))C(O)(C(=O))C(C(=O))OOC(=O),-3.5451815188462206,-5.151894
CC(=O)C1(O)OC1(OO)C(O)C(ON(=O)(=O))C(=O)(OON(=O)(=O)),-5.9718972754635615,-4.472314
C(O)C(=O)C(O)C(=O)(N(=O)(=O)),-3.989948541722697,-5.8080974
C2(OO)C(ON(=O)(=O))C(OO)C(C1(O))OOC12C(=O)(OON(=O)(=O)),-6.504384202129586,-8.124077
CC(ON(=O)(=O))(C)C(C(ON(=O)(=O)))C(=O)C(=O)C(=O)C,-4.584670466127136,-4.0741563
C(=O)(N(=O)(=O))C(=O)OC(=O)C=C(C(OO))C(=O),-4.590252048970797,-5.199488
C1(=O)OOC(OO)C1(O)C(=O),-8.789181590575026,-2.866461
C(=O)(O)C(=O)C1(O)OC1C(ON(=O)(=O))C(O)C(=O)(OON(=O)(=O)),-5.83799752091727,-7.175028
CC(ON(=O)(=O))(C(=O)(OO))C(ON(=O)(=O))(C1(=O))OOC1C(=O)(OO),-6.833974685912835,-5.814991
C(=O)(O)CC(OO)C(C)(C)C(C(=O))C(=O)C(=O),-8.162523357366808,-9.5747595
C(=O)(OO)C(=O)C(=O)C(O)(O)C(=O),-7.5319506099003775,-6.6645055
C1(OO)OC1C(O)(C)C(O)C(=O)C(=O)(O),-9.157241283024632,-9.312021
CC(ON(=O)(=O))CCCC(=O)CC(ON(=O)(=O))C(OO)C,-7.915046304198768,-7.4534063
CC(=O)C(=O)CC(=O)C(ON(=O)(=O))C(ON(=O)(=O))CC(OO)C,-7.595198041060939,-6.1688747
C(=O)(OO)C(ON(=O)(=O))C(O)C1(O)OC1C(=O),-7.856223249795221,-7.8556514
C(=O)(OO)C(ON(=O)(=O))C1OOC(C(=O)(OON(=O)(=O)))C1(O)C,-6.294497658613182,-6.4462004
CC(O)(C)C(ON(=O)(=O))(C(=O)(OON(=O)(=O)))C(=O)C(OO),-7.202228231879417,-5.611648
C(=O)(O)C(O)C(OO)(C1(=O))OOC1(C)C(=O),-9.35086273687375,-8.677379
CC(=O)C1(OO)CC(OO)(C(OO))C1(C)C,-7.496618472751834,-7.866042
CC(=O)C(ON(=O)(=O))(C(O))C(=O)C(=O),-4.043878909817067,-3.5301394
C(O)C1(O)C(O)(C(OO)C(=O))OOC1C(=O),-9.515304636535802,-11.650487
C(ON(=O)(=O))C(O)(C(=O)(OO))C(=O)C(=O)(OO),-7.263112261733113,-3.3319542
C(=O)C(ON(=O)(=O))C(O)(C)OOC(=O),-4.992297464728836,-4.233479
C(=O)(OO)C(O)C(OO)C1(C(ON(=O)(=O)))OC1(OO)C(=O),-8.005598474830549,-9.713544
C(=O)(N(=O)(=O))C(=O)OC(=O)C(ON(=O)(=O))C(O)C(=O)(O),-6.087803503995019,-5.289448
C(O)C(=O)C(C(=O)(O))C(C)(C(=O)(OO))C(O)C(ON(=O)(=O)),-7.328603985917653,-10.362424
CC(O)C(OO)CC(ON(=O)(=O))C(OO),-5.934401268577858,-7.6064544
C(ON(=O)(=O))C(=O)C(ON(=O)(=O))C(=O)OOC(C(=O))C(=O),-4.026343952220486,-5.184165
CC(O)(C(=O)(OO))C(N(=O)(=O))(OO)C(O)(O)C(=O)C(=O),-8.266867849333721,-9.92589
C(=O)(O)C(O)(C(OO))C1CC(C(=O)(OON(=O)(=O)))C1(C)C,-8.077073793414456,-8.146881
CC(C(=O)(OO))=CC(ON(=O)(=O))OC(=O),-3.8648061227559083,-5.6000257
CC(=O)C1(OO)OC1C(=O)C(OO)C(=O)(OO),-7.232354994768684,-8.656429
C(=O)(O)C(O)C1(C)OOC(ON(=O)(=O))(C1(O))C(=O),-7.488885129429036,-7.495313
C(ON(=O)(=O))C1(C(=O)(OO))OC1(ON(=O)(=O))C=CC(=O),-6.344354474771535,-6.8011503
C1(=O)C2(OO)OOC1C=CC2(OO),-6.4791460914457275,-4.9652643
CC(C)(C(=O)(O))C(OO)(C(OO))CC(=O),-9.107286711437155,-9.568837
C(=O)(O)C1(ON(=O)(=O))OC1(C(ON(=O)(=O)))C(O)C(=O),-6.216505070375206,-6.5363574
C(=O)(O)C(=O)C(ON(=O)(=O))C1(C(O))OC1C(=O)(OO),-7.870970615513215,-10.982631
C(=O)(O)C(=O)C(=O)C(O)C(ON(=O)(=O))(ON(=O)(=O)),-6.407599805252175,-4.3935413
C(=O)(O)C(ON(=O)(=O))C1(O)OOC(O)(C1(O))C(=O),-8.548533348726778,-8.58451
C(O)C(=O)C(ON(=O)(=O))C(O)(C1(O))OOC1C(=O)(OON(=O)(=O)),-6.948881165641069,-8.26369
C1(=O)C(ON(=O)(=O))C(OO)C(C(=O)(OO))OOC1(=O),-7.190115584171508,-6.8293242
C1(=O)C=C(OO)C(=O)OOC1C(=O),-6.027060531123425,-6.0653353
C(=O)(OO)C(OO)C(ON(=O)(=O))C1(O)OC1C(=O)(OON(=O)(=O)),-5.589531915800762,-6.945706
C12OOC(O)(C1(O)C(=O)(OO))C=CC2(=O),-8.890591005161696,-10.3361025
C(=O)CC(OO)C(ON(=O)(=O))(C)C=C,-4.608439686104248,-4.977084
C(=O)(O)C(ON(=O)(=O))C(C(O))C(OO)(C)C(OO),-9.141185297909033,-10.989792
C(O)C(=O)C(OO)C(ON(=O)(=O))(C)C(=O)(O),-7.401342460396336,-7.385941
C1(=O)C(N(=O)(=O))C(OO)OOC(=O)C1(ON(=O)(=O))C,-5.168907347429922,-4.706677
C(O)C(=O)C(=O)CC(ON(=O)(=O))(C(OO)(C)C)CC(=O)(OO),-8.463409374098774,-10.219258
C(=O)(OON(=O)(=O))C(=O)OOC(C(=O)(OON(=O)(=O)))C(O)(C)C(=O),-4.342889024192118,-4.4324594
C(=O)(OON(=O)(=O))C(O)(O)C1(ON(=O)(=O))OC1C(O)C(=O),-4.520903526512484,-6.1042056
CC(ON(=O)(=O))(C)OOC(=O)C(ON(=O)(=O))(C)C(=O)CC(=O),-5.023440292716259,-4.911911
C(=O)(O)C(OO)C(O)C1OC1C(=O)(OO),-9.655083488381933,-9.0648985
C(=O)(OO)CC(ON(=O)(=O))C(O)(C)C(C(=O))C(=O)C(O),-8.179074737616247,-12.789853
CC1(C)C(OO)(CC(=O)(O))C(ON(=O)(=O))C1C(=O)C(ON(=O)(=O)),-7.540007884521401,-9.224925
C(=O)(OON(=O)(=O))C(OO)C1(C)OOC(O)(C1(O)(N(=O)(=O)))C(=O),-6.98434809583523,-4.4874463
C(O)C(=O)C(ON(=O)(=O))C(OO)(C(=O)(N(=O)(=O)))OOC(=O),-6.684975438454785,-6.921549
C1(O)(O)C(OO)OOC1(N(=O)(=O))C(=O)(O),-9.492417519959417,-6.919676
C(=O)(OO)C1(O)C(ON(=O)(=O))OOC1C(=O)C(=O),-7.826003694357496,-4.4211287
C1(O)(N(=O)(=O))C(=O)OOC1(C)C(=O)(OO),-7.22430210604216,-3.3305848
C(ON(=O)(=O))C1(O)C(OO)(C(=O))OOC1C(ON(=O)(=O))C(=O),-7.523644815977605,-7.1525354
C1(=O)C(ON(=O)(=O))OOC1(OO)C(OO)C(=O)(O),-6.890935109780912,-7.603079
CC(O)(C(=O)(OO))C(OO)C(C)(C)C(ON(=O)(=O))C(=O),-7.901489885272895,-10.426477
C(=O)(OON(=O)(=O))C(O)C(OO)(C(=O)(O))C(=O)OC(=O),-6.492174899945894,-8.3254795
C(=O)(O)C12OOC(C1(O)(O))C(OO)C(ON(=O)(=O))C2(OO),-10.530526599150107,-12.2900095
C(=O)(O)CC1OC1(OO)C(ON(=O)(=O)),-6.852054460654472,-5.5991116
C(=O)(OON(=O)(=O))C(ON(=O)(=O))(C(=O))C(O)C(=O)C(O)C(=O),-6.05872544099293,-6.0772414
C(=O)(O)C(O)C(=O)C1OC1(O)C(=O)(OON(=O)(=O)),-5.589686085151698,-7.035473
C(=O)(N(=O)(=O))C(=O)OC(=O)C(=O)C(C)C(=O)(O),-3.878579512871511,-4.196908
C1(O)C(O)(C(=O)(OON(=O)(=O)))OOC1(C(O))C(=O),-8.5521901932716,-7.210619
CCCC(=O)CCC(OO)CC(=O)C,-5.149530226481147,-5.756651
C(=O)(OO)C(O)C(=O)OOC(C(=O))C(=O)C,-7.7715585600999475,-8.116651
C(=O)(O)OOC(C)(C(=O)(OO))C(=O)(OON(=O)(=O)),-5.430066396011171,-5.2127805
CC(=O)C(C(=O)(O))OOC(ON(=O)(=O))(C)C(OO),-8.186197441278637,-7.5518584
C(=O)C(O)C(ON(=O)(=O))C1(O)OC1(=O),-7.436201085598441,-12.044346
C(OO)C(ON(=O)(=O))(C(=O))C(C(OO))C(=O)C(=O),-6.871824109834051,-7.053119
C(=O)(O)C(O)(O)C(=O)C(O)C(=O)(OON(=O)(=O)),-7.20909360517544,-8.693891
CC(C)(C(=O)(OON(=O)(=O)))C(ON(=O)(=O))C(OO)C(=O),-4.243025677775222,-4.5263543
CC(O)CC(=O)C(=O)CC(=O)CC(=O)C,-6.291908770645932,-6.0014105
CC(ON(=O)(=O))(C(=O))C(=O)C(C)(C)C(ON(=O)(=O))C(=O),-4.043875550776647,-4.298395
CC(=O)C(ON(=O)(=O))C(C)(C)C(C(=O))CC(=O),-4.649557180397096,-5.1669393
CC(=O)C(OO)C(C)(C(ON(=O)(=O)))C(ON(=O)(=O))C(=O),-6.212549757905435,-6.483234
C(=O)(N(=O)(=O))C1(O)OC1(C(ON(=O)(=O)))C=CC(=O)(OO),-7.693045990876271,-9.073578
C(O)C(ON(=O)(=O))CC(C(=O)(OO))C(=O)C,-7.897456760836576,-5.7939105
CC(OO)(C)C(ON(=O)(=O))CC(ON(=O)(=O))C(=O)(O),-7.68539884891652,-6.631959
C(=O)(OON(=O)(=O))C(=O)C(ON(=O)(=O))(C(O))C(OO)OC(=O),-5.982010101124615,-5.375287
C(ON(=O)(=O))C1(OO)OC1(ON(=O)(=O))C(=O)C(=O),-4.406723695448818,-3.2143674
C1(ON(=O)(=O))C(OO)C(OO)C(=O)OOC1C(=O)C,-7.20788179154988,-8.117499
C(=O)(O)C(O)C(=O)OOC(O)(C(=O)(N(=O)(=O)))C(=O),-6.473469973936517,-6.7454386
C(=O)(OO)C(=O)OC(OO)C(C(O))C(=O)(OON(=O)(=O)),-6.153245217625226,-9.276065
C2(=O)C(ON(=O)(=O))C(OO)C(C1(O))OOC12C(=O)(O),-8.89808470963726,-10.038105
CC1(C(=O)(O))C(ON(=O)(=O))CC1(OO)C(ON(=O)(=O)),-7.371075674140229,-6.4840555
C(=O)(O)C(=O)C(ON(=O)(=O))(C1(=O))OOC1(C)C(=O)(OO),-6.826196679277928,-5.1651635
C(=O)(N(=O)(=O))C1(OO)OC1(OO)C(C(ON(=O)(=O)))=CC(=O),-6.880116537484355,-7.75272
C(=O)C(=O)CC(C(OO)(C)C)C(C(=O)(O))=C,-6.8909320657630815,-7.5530124
C1(O)(OO)C(N(=O)(=O))(C(=O)(O))OOC1(C)C(OO)C(=O),-9.356362542697752,-12.556253
C(=O)(O)C(OO)C1(C)OC1(O)C(=O),-7.371801752047759,-9.80298
C(=O)(OO)C(O)(O)C(OO)OC(=O)C(ON(=O)(=O))C(=O),-8.793645511552313,-8.724174
C1(=O)C(=O)OOC1C(=O)C(N(=O)(=O))C(=O)(O),-5.398903394852823,-5.798099
C(O)C(=O)CC(=O)CC(=O)CC(ON(=O)(=O)),-6.675852746526289,-7.083868
CCCC(OO)CCCCCC(ON(=O)(=O)),-4.146558624242971,-4.626546
C(OO)C(OO)C(ON(=O)(=O))(C(ON(=O)(=O)))C(=O)CC(=O),-7.88291843600382,-7.4990773
CC(C(=O)(OO))C1(OO)OC1(OO)C(=O),-7.232354994768684,-8.959932
C(=O)(O)C(O)(N(=O)(=O))C(=O)C(OO)(C)OC(=O),-7.0012957762210135,-8.699028
C1(O)(N(=O)(=O))C(OO)OOC1(O)C(=O)C,-8.523184168141597,-7.3599944
C(=O)(O)C(O)C1OOC(C1(=O))C(=O)C(OO),-8.81650031803656,-8.426886
CC(=O)C1OC1(OO)C(ON(=O)(=O))C(=O)C(=O),-4.571830830960607,-4.9925203
C(O)C(ON(=O)(=O))(C(OO))C(C)(C)C(=O)(OO),-8.54673677188839,-6.191344
C(=O)(OON(=O)(=O))C(OO)=CC(ON(=O)(=O))(C)OC(=O),-4.212636202857539,-3.3599212
C12(O)OOC(OO)(C2(=O))C(ON(=O)(=O))C(=O)C1,-6.691054597873517,-5.7706375
C(ON(=O)(=O))C(=O)C(O)(N(=O)(=O))C(=O)C(OO)C(O)C(=O),-6.336996107293089,-8.296216
C2(O)C1(O)OOC2C(ON(=O)(=O))C(O)C1(ON(=O)(=O))C(=O)(OO),-8.74469056507769,-11.871769
C(O)CC(ON(=O)(=O))C(ON(=O)(=O))C(OO),-6.494211865903708,-6.123335
CC(OO)(C(=O)(N(=O)(=O)))OC(=O)C(O)C(OO)C(=O)(OO),-6.932374259096832,-8.507245
C(=O)(OO)C1OC1C(OO)(C(O))C(O)C(=O)(OON(=O)(=O)),-7.583331551510128,-10.37541
C(=O)(O)C=CC(=O)C(O)C(=O)(OO),-8.317860077346268,-7.5821447
C2(O)C(ON(=O)(=O))C(=O)C(OO)(C1(O))OOC12C(O),-8.327322037306658,-9.466739
C(=O)(OO)C(OO)=CC1(O)OC1(O)C(=O),-11.040701870999328,-4.775516
C(=O)(O)C(OO)C1(C(=O)(OO))OOCC1(=O),-7.8405775463998,-8.103885
C(=O)(O)C1(C(OO))OC1C(OO)C(=O)C(=O),-8.764892196424626,-9.404121
CCCCC(O)CC(OO)C(OO)CC(O),-7.644236655814893,-10.689621
C(=O)(O)C(OO)C(O)(C)C(=O),-7.487970000500354,-7.0554566
C1(ON(=O)(=O))OC1C(OO)(C(=O)(O))C(=O)C(=O),-7.609592406977754,-5.7854323
CC(=O)C(O)C(ON(=O)(=O))C1(ON(=O)(=O))OC1(O)C(=O),-5.839012635173276,-7.967229
CCCCC(=O)CC(ON(=O)(=O))CC(OO)C,-5.576362375439203,-5.2161717
C(=O)(OON(=O)(=O))C1(N(=O)(=O))OOC(OO)(C(=O))C1(O)C,-7.249978756237397,-4.43898
C(=O)(OO)C(OO)(C(=O))C(ON(=O)(=O))C(O)C(=O)C(=O),-6.8762009566307825,-6.729408
CC(OO)(C(=O)(OON(=O)(=O)))C(OO)C(=O)C(=O)C(=O)(OON(=O)(=O)),-5.886682363467116,-4.828222
C(=O)(O)C(O)C(=O)C1(C)OC1(ON(=O)(=O))C(=O)(OO),-7.171646570888697,-9.1468
C(=O)(OON(=O)(=O))C=C(C(ON(=O)(=O)))C(=O)OC(OO)C(=O),-5.253926198216504,-5.3928895
CC(OO)C(OO)(C)C(=O)CC(=O)(OON(=O)(=O)),-7.541018970532605,-5.5783033
C1(O)(O)C(OO)OOC1C(OO)C(=O)(O),-8.661245724269975,-11.623139
C1(N(=O)(=O))C(=O)OOC(OO)(C(=O)(OO))C(ON(=O)(=O))C1(=O),-7.050425804729457,-6.243962
CC(C(O))(C(=O)(OO))C(OO)(C(ON(=O)(=O)))C(=O),-7.787082174338138,-5.8275166
CC(ON(=O)(=O))CC(=O)C(OO)CC(ON(=O)(=O))C(OO),-8.92064575040422,-7.8163123
C(=O)(O)C(C1(OO))=CC(C2(O)(OO))OOC12,-9.422242376054783,-9.771386
C(=O)(O)C(C(OO))C(=O)C(=O)C(=O),-6.844363190255535,-6.2325034
C(=O)C1OC1(OO)C(OO)=CC(=O),-9.195388248110248,-6.524892
C(=O)C1(N(=O)(=O))OC1(O)C(ON(=O)(=O))(C(O))C(O)C(=O),-8.12033642122151,-8.057301
C1(ON(=O)(=O))OC1C(ON(=O)(=O))(C(OO))C(=O)C(=O)(OO),-6.4513034042247455,-7.024902
CC(OO)C(C(ON(=O)(=O))(C)C)CC(=O),-6.40925540864373,-5.1278934
C(=O)(N(=O)(=O))C1(OO)OC1C(OO)C(ON(=O)(=O))C(=O)(O),-6.089692714831472,-7.889554
C1(O)(OO)C(OO)OOC1(C)C(=O)(O),-8.973674583779939,-8.073216
C(ON(=O)(=O))C(=O)C(OO)(C)C(C(=O))OOC(ON(=O)(=O))(C)C,-5.936240069799169,-7.1416416
C1(O)C(=O)OC(OO)C(O)(O)C(=O)C1(O)C(ON(=O)(=O)),-9.679298685217873,-9.402872
C1(O)C(=O)OOC1(O)C(OO),-9.230373242045971,-6.815897
C(=O)(O)C1(O)OC1(OO)C(OO)C(O)C(=O),-10.033177551313202,-12.61887
CC(=O)C(=O)C(=O)OOC(O)(C(=O)(N(=O)(=O)))C(=O)(O),-6.697782380997523,-5.2825127
CC(=O)CCC(=O)C(ON(=O)(=O))C(=O)CCC,-3.3321092574751674,-3.5604322
C(=O)(OON(=O)(=O))C(O)(C(=O))OC(=O),-3.5718290188815445,-1.4732344
CC(=O)C(ON(=O)(=O))C1OOC(OO)(C1(O))C(=O)(N(=O)(=O)),-6.362025482674653,-7.171639
C(=O)(O)C(=O)OOC(OO)C(=O)C(=O),-6.971758109561051,-7.875131
C(N(=O)(=O))(ON(=O)(=O))C1OC1C(=O)(OO),-5.835881508794046,-1.9051796
C(=O)(O)C(=O)C(C)(C(OO))C(OO),-7.71528268264592,-7.8620386
C1(ON(=O)(=O))C(=O)OOC(OO)(C(OO)C1(O))C(=O)C,-7.399361694469917,-9.975163
C(=O)(OO)C(OO)C(ON(=O)(=O))C1OC1(OO)C(=O),-6.90246163415577,-7.3494787
C1(=O)C(O)(C(=O))OOC1C(ON(=O)(=O))(OO)C(=O),-6.3780914963845134,-5.599575
C1(=O)C(N(=O)(=O))C(=O)C(=O)OOC1(N(=O)(=O))C(=O)(OO),-3.945411145057733,-3.9639816
CC(=O)C(=O)C(OO)CC(OO)(C)C(ON(=O)(=O)),-7.136479925718959,-7.8081446
C12OOC(C1(O))C=C(C2(ON(=O)(=O)))C(=O)(OON(=O)(=O)),-5.42810316660325,-4.637082
C(=O)(O)C(=O)C(C)(C)C(OO)C(ON(=O)(=O))(C)C(=O),-7.386417350406191,-7.5737743
CC(C(=O)(O))(C(OO))C(ON(=O)(=O))C(OO),-9.117568340112484,-7.7509284
C(=O)(O)C(ON(=O)(=O))C1OOC(O)(C(=O)(OO))C1(O)C,-8.976988149179306,-8.500047
C1(O)(O)C2(OO)OOC1(N(=O)(=O))C=CC2(ON(=O)(=O)),-7.766483667151988,-6.4470935
CC(O)CC(ON(=O)(=O))C(ON(=O)(=O))CCC(OO)CC,-7.376034907239955,-7.4664736
C(=O)(O)C(=O)CC(O)C(=O)C(=O),-6.8662925139524305,-5.938384
CC(O)(C)C(C(OO)C(=O)(OO))CC(=O),-8.783591238214285,-8.949358
C(OO)C(ON(=O)(=O))C(C(O))C(=O)C(OO),-7.690913906239075,-9.071513
C(=O)(OON(=O)(=O))C(=O)C(OO)C(C)(C)OOC(=O),-3.9325318503651943,-3.7325394
C1(=O)CC(OO)CC(ON(=O)(=O))C1(OO)C(OO),-8.416438801452387,-8.764135
C(=O)(O)C(ON(=O)(=O))C(O)C1(C(O))OC1C(=O),-9.040952789291623,-8.772165
CC(=O)C(=O)C(ON(=O)(=O))C(C)C(OO)(C)C,-5.163670654881571,-5.451783
CC(=O)C(OO)C(=O)C(=O)C(OO)(C)C,-7.224531374622529,-6.042484
C(=O)CC(OO)C(O)(C)C(OO)C(=O),-8.366230599254777,-9.337322
C1(OO)OC1C(O)(N(=O)(=O))C(=O)C(=O)C,-6.0562498650306225,-4.0969954
CC(OO)(C)C(ON(=O)(=O))C(ON(=O)(=O))C(=O)CC(=O)(O),-7.1743435447860975,-7.210728
C(=O)(O)C1(OO)OC1(C)C(ON(=O)(=O))C(=O),-7.908973169083765,-6.02408
C(=O)(O)C(OO)C1(C)OOC(N(=O)(=O))(C1(O)(O))C(=O),-10.064813750259418,-9.564804
CC(ON(=O)(=O))(C(=O))C(OO)C(OO)(C)C(=O),-6.5772772443651775,-6.169162
C(=O)(O)C(=O)C(O)C(O)C(=O)(OO),-8.630025681510233,-9.40745
C(OO)C(=O)C(=O)OC(=O)C(=O)C(ON(=O)(=O))C(=O),-4.9656311006438045,-4.4740567
C(O)CCC(=O)CC(=O)CC(ON(=O)(=O))CC(=O)(OON(=O)(=O)),-6.668360409430534,-7.670033
C(=O)C(=O)C(O)(O)C(N(=O)(=O))(ON(=O)(=O))C(OO)(C(=O))C(=O),-7.151657400156182,-10.230801
C(=O)OC(=O)C(O)C(=O)C(=O)C(ON(=O)(=O)),-4.921866110089468,-3.727021
C(=O)(OO)C(O)C(=O)C(C)=CC(=O)(OON(=O)(=O)),-6.325685454194172,-4.66282
C1(=O)OOC(OO)C1(O)C(=O)(O),-9.706041396919318,-6.3088174
C(=O)(O)C(N(=O)(=O))(ON(=O)(=O))OOC(OO)(C)C(=O)C(=O),-6.691757971106199,-7.027346
CC(ON(=O)(=O))(C)C(C)C(OO)C(=O)C(=O)(OO),-7.257222182772239,-6.2376003
C(=O)(OO)C=C(C(ON(=O)(=O)))C1OC1C(=O)(OON(=O)(=O)),-5.854518239104436,-6.443766
C(=O)(O)C(=O)C(O)(O)C(OO)(C(=O))C(ON(=O)(=O))C(=O),-9.017027858266374,-9.477032
C(=O)(O)C1(O)OC1C(OO)(C)C(=O)C(=O),-7.529519696281568,-7.866645
CC1(C(=O)(O))OOC(O)(C1(=O))C(=O)(OO),-8.472292677402947,-5.590527
C(=O)(N(=O)(=O))C1OC1(O)C(OO)=CC(=O)(O),-8.524051555237747,-9.407356
C(=O)C(=O)C(O)(O)C(ON(=O)(=O))(C(O))OC(=O),-7.654352147541431,-7.7418337
C(O)CCC(=O)CC(=O)C(OO)C(=O),-9.02691264600071,-8.640331
C(=O)(O)C(=O)C(C)(C(ON(=O)(=O)))C(ON(=O)(=O))C(=O)(OO),-6.89257377627473,-5.403744
C(=O)(O)C(OO)(C(ON(=O)(=O)))C1OOC(OO)(C1(O))C(=O),-9.047781743665837,-9.763752
CC(OO)(C)OOC(ON(=O)(=O))C(ON(=O)(=O))(C)C(=O)CC(=O),-6.608086357018692,-5.761909
CC1(C)OOC(C(=O)C)C(OO)C1CC(=O)(O),-7.951785604810539,-7.9951177
C2(ON(=O)(=O))C(OO)C(OO)C(C1(O)C(=O)(OO))OOC12,-8.89808470963726,-9.440083
C(O)CCC(=O)C(ON(=O)(=O))C(ON(=O)(=O)),-7.214882187918192,-4.684205
C(=O)(OON(=O)(=O))C(OO)(C(=O))C(ON(=O)(=O))OOC(=O)C(=O),-4.103512512288944,-3.97868
C(=O)(N(=O)(=O))C(O)OOC(=O)C(OO)(C)C(=O)(OON(=O)(=O)),-6.3574277743537095,-4.550044
CC(=O)C(=O)C(C)(C(OO))C(C(O))C(OO),-9.658567709454474,-9.262688
C(O)CC(OO)C(ON(=O)(=O)),-6.837279216972092,-4.7584434
CC(=O)C(=O)C(C)(C)C(OO)(C(ON(=O)(=O)))C(=O),-5.206294612842612,-5.705996
C12CC(C2(ON(=O)(=O))C)CC(=O)C1(O)C,-4.228524174577615,-3.9960501
C1(=O)C(ON(=O)(=O))OOC(=O)C(OO)C1C(=O)(OON(=O)(=O)),-4.246599539121235,-2.626904
C(=O)(OO)C1(C(=O)(OO))OC1C(OO)C(=O),-8.239931746449656,-8.408927
C(=O)(O)C(O)(N(=O)(=O))C(=O)C(OO)OC(=O)C(=O),-6.752816782536684,-7.1987123
C(OO)C(ON(=O)(=O))C(=O)C(C(=O)(OON(=O)(=O)))C(OO)(C)C,-6.332220366513866,-7.4642496
C(=O)(OO)C(=O)OOC(ON(=O)(=O))(C(=O))C(=O)C(OO),-6.739313836387737,-8.405919
C2(=O)C=CC(C1(O)(O))OOC12C(=O)(OON(=O)(=O)),-6.315920591074246,-7.019912
CC(ON(=O)(=O))C(O)(C1(=O))OOC1C(=O),-5.039514831238193,-3.5094762
CC1(C)OOC(=O)C(OO)C1C(OO),-6.6335444967662625,-6.5146904
C(=O)(N(=O)(=O))C1(O)OC1(C(O))C(OO)C(O)C(=O)(OO),-9.70806636519228,-11.691206
C(=O)(O)C(OO)OC(=O)C(ON(=O)(=O))C(=O),-7.887398108436173,-6.6719794
C(OO)C(C(=O))C(=O)OC(=O),-3.1167994311344955,-4.312843
CC(ON(=O)(=O))(C)C(=O)C(OO)(C(OO))C(=O)CC(=O),-9.507681001223318,-7.0320387
C(=O)C=CC(=O)C(=O)C(=O)(O),-4.839951707568616,-4.3029776
C1(O)C(=O)OOC1C=CC(=O)(OO),-8.020245080342647,-7.1571074
CC(=O)C(ON(=O)(=O))OOC(C)(C)C(ON(=O)(=O))C(=O)(O),-5.87112558798799,-5.6373773
C1(=O)C(C(=O)(OO))OOC1(C(OO))C(O)C(=O),-8.016764742067608,-10.986096
CC(=O)C(=O)CC(O)(C(O)(C)C)CC(=O),-7.150388130625288,-5.7674165
C(=O)(O)C=CC(OO)OC(=O)C(=O),-7.054081760954432,-6.331042
C(=O)(O)C(OO)C(ON(=O)(=O))C1(C(=O))OC1(O)C(=O),-8.352460361285921,-6.179168
C(N(=O)(=O))(OO)C(=O)C(=O)C(=O)C,-3.204679076641696,-2.6601512
C(ON(=O)(=O))C(=O)OOC(O)(C(=O)(OO))C(O)(N(=O)(=O))C(=O),-8.232171328338154,-8.268744
C(=O)(OO)CC(=O)C(O)(C)C(=O)C(=O),-7.096305726741775,-5.6189823
CC(=O)C(C(OO))CC(ON(=O)(=O))C(ON(=O)(=O))(C)C(=O),-6.339992563451233,-6.885388
C(=O)(O)C(ON(=O)(=O))C1OC1C(=O),-5.989094400913018,-4.9384212
C(OO)C(=O)C(N(=O)(=O))=C(OO)C(OO)OC(=O)C(=O),-8.006415900657885,-8.880169
C1(O)(O)C(=O)OOC1(ON(=O)(=O))C(=O)C(=O)C(OO),-7.412904630164121,-5.4128366
CC(=O)C(=O)C(ON(=O)(=O))C(O)(C(OO)(C)C)CC(=O)(O),-8.520027428246976,-9.456345
CC(=O)C(ON(=O)(=O))CC1(OO)CC(ON(=O)(=O))C1(C)C(OO),-7.957545992805535,-9.171507
C(=O)C(=O)C1(O)OC1(OO),-7.257139023007767,-1.0261105
C(=O)(OO)C(N(=O)(=O))=C(OO)C1(C)OC1(OO)C(=O),-7.791839414157948,-8.899503
CC(=O)C(OO)CC(ON(=O)(=O))(C(=O)C)CC(=O)(O),-9.483945015228528,-7.871639
CC(=O)C(=O)CC(C(O))C(O)(C)C(ON(=O)(=O)),-6.854542982100611,-7.552516
C(=O)(ON(=O)(=O))C(O)C(=O),-4.231758453712246,-2.2412395
C(=O)C1(O)OC1(OO)C(O)(C(=O)(OON(=O)(=O)))C(ON(=O)(=O))C(=O),-6.75059161765239,-6.7645183
C(=O)(O)C(=O)OOC(ON(=O)(=O))C(ON(=O)(=O))C(=O)C(=O)(OO),-6.899058622007942,-7.4671636
CC(=O)C(O)C1(O)OOC(N(=O)(=O))(C1(O)(O))C(=O)(OO),-9.784282806194824,-9.681141
C(=O)(OO)C1OC1(O)C(O)(N(=O)(=O))C(=O),-7.38028619083525,-9.108927
CC1(C(=O)(N(=O)(=O)))OC1(OO)C(ON(=O)(=O))C(O)C(=O)(OO),-7.59657232733116,-7.1328096
C1(OO)OC1(C(OO))C(ON(=O)(=O))C(=O),-7.365551008657349,-6.3173933
C(=O)(OO)C(=O)C(O)C1OOC(=O)C1(O),-8.618923981302942,-8.720373
CC(=O)C(=O)OOC(ON(=O)(=O))(C)C(ON(=O)(=O))C(O),-6.025912826104104,-4.8581285
C(=O)C1(ON(=O)(=O))OC1C(OO)(C(=O))C(=O)C(=O),-3.994981621404804,-4.314686
C(=O)(N(=O)(=O))C(=O)OC(OO)C(C(ON(=O)(=O)))C(=O)C(=O)(O),-7.406497735559242,-7.1243587
C(O)CCC(=O)CC(=O)C(=O)CC(=O)C(O),-7.820817585125951,-9.630614
C(=O)(OO)C(ON(=O)(=O))C(OO)C1OC1(O)C(=O)(OON(=O)(=O)),-5.589531915800762,-6.951253
CC(=O)C(N(=O)(=O))C(=O)C(=O)(OO),-4.784293819935556,-4.084948
CC1(C)C(OO)(C(ON(=O)(=O)))CC1C(=O)C(OO),-7.353339509407306,-7.6749845
CC(=O)C(=O)CC(O)CC(ON(=O)(=O))C(OO)CC,-8.370439491605794,-7.9368978
CC(=O)C(=O)CC(O)(C(=O))C(C)(C)OOC(=O),-6.069136682215685,-4.162428
C(=O)(OO)C=C(C(O))C(OO)OC(=O)C(=O),-8.364482204146043,-5.7451515
C1(O)C(ON(=O)(=O))C(C(=O)(O))(C(=O)(O))OOC(=O)C1(=O),-7.233283940449837,-9.096573
C1(O)C(ON(=O)(=O))OOC1(O)C(OO)C(=O)C(=O)(OON(=O)(=O)),-5.852836470634429,-6.568369
C12OOC(OO)(C1(O)C)C(OO)C(O)C2(ON(=O)(=O)),-8.914563530284795,-9.088146
C(=O)(O)CC1OC1(O)C(OO),-6.707600334906601,-7.6827908
C(=O)(N(=O)(=O))C1(OO)OC1C(C(=O))=CC(=O),-5.266980474523734,-5.7628684
C1(O)COOC1(OO)C(OO)(C)C(=O)(OO),-7.213693750898528,-9.396263
C(=O)(N(=O)(=O))C1(ON(=O)(=O))OC1(O)C(O)C(O)C(=O)(O),-8.43203962948428,-6.298941
C(=O)(OON(=O)(=O))C(=O)C(ON(=O)(=O))C(C)(C)OOC(=O),-2.805125737839262,-2.8029952
CC(OO)(C(=O)(O))OC(=O)C(=O)CC(=O)(OON(=O)(=O)),-6.833123850099582,-6.525931
C12(O)OOC(O)(C2(=O))C(=O)C(ON(=O)(=O))C1(O),-7.645719176098282,-6.519774
C1(=O)C(ON(=O)(=O))OOC1(C)C(=O)(O),-4.289134392969572,-3.3960373
C(=O)C(=O)C(O)(O)C(N(=O)(=O))(OO)C(=O)C(=O),-7.821993863595708,-5.584702
C(=O)(O)C(=O)C1(C)OOC(OO)(C1(O))C(=O),-8.472292677402947,-7.513896
C(=O)(OON(=O)(=O))C(=O)OOC(O)(C(=O)(O))C(O)C(=O),-6.440527924649359,-7.6858625
C(=O)(N(=O)(=O))C1OC1C(=O)C(O)(C)C(=O)(O),-6.751612931000636,-5.396203
C(=O)(O)C(=O)C1OOC(C(=O))C1(O)C(ON(=O)(=O)),-6.144190674662241,-7.014638
C(=O)(O)C(C(ON(=O)(=O)))=CC(OO)OC(=O)C(=O),-8.61049184804142,-7.6497297
CC(=O)C(=O)C(O)(ON(=O)(=O))C(OO)C(=O),-7.301692144976187,-6.784732
C(ON(=O)(=O))C(=O)C(C)(C(O))C(C(=O)(OO))C(=O)C,-7.890262709039234,-7.932348
C(O)C(ON(=O)(=O))(C(=O)(OO))C(C)(C(=O))OOC(=O),-7.018361758164247,-5.313787
C(=O)(OO)C(O)(O)C1OC1C(=O)C(=O),-8.478798273712528,-5.3553195
C1(O)(O)C(C)OOC1C(=O)C(=O)(O),-6.362887581348332,-7.641191
C(=O)(O)C1OC1(N(=O)(=O))C(OO)=CC(=O)(OO),-8.492086641239439,-9.340219
CC(OO)(C(ON(=O)(=O)))C(C(OO))C(OO)C(=O),-7.774284140828968,-9.564382
C1(=O)OC1(=O),-0.5534320656552154,2.8648071
C1(ON(=O)(=O))OC1(OO)C(C)C(=O)(OON(=O)(=O)),-3.5547811201067816,-2.8236194
C(=O)(O)C(C(=O)(O))OOC(=O)C(ON(=O)(=O))(C)C(=O)(OON(=O)(=O)),-6.019655601698105,-7.605767
C(=O)(O)C1(C(OO))OOC(C1(=O))C(ON(=O)(=O))C(=O),-8.597003786311689,-9.0981865
C(=O)(O)C(O)C(ON(=O)(=O))C(OO)(C)OC(=O)C(=O),-7.222208671428234,-7.9104633
C(O)C1(ON(=O)(=O))OOC(N(=O)(=O))(C(=O)(O))C=CC1(=O),-7.185533134979778,-7.89749
C(=O)(O)CC(=O)CC(O)CCC(=O)(OON(=O)(=O)),-7.975514147008653,-8.413837
C(=O)(O)C(C(=O)(O))C1OC1(ON(=O)(=O))C(=O),-6.242857820474455,-6.4770985
C(OO)C(ON(=O)(=O))C1OC1C(=O),-6.259973865468055,-4.4236794
CC(=O)CCC(=O)C(OO)CC(=O)C(ON(=O)(=O)),-6.826256827765974,-8.030129
C1(OO)OC1(O)C(=O)C(O),-6.8462532079574885,-5.61926
CC(=O)C(OO)CCC(=O)CC(ON(=O)(=O)),-7.171246029411122,-6.5719175
CC(ON(=O)(=O))(C(ON(=O)(=O)))C(C(OO))CC(=O)C(=O)C,-6.60639891822575,-7.174462
C1(O)(OO)C(N(=O)(=O))(OO)OOC1C(ON(=O)(=O))C(=O),-7.239322126644765,-8.230323
C(=O)(O)C(=O)C(=O)OC(=O)C(ON(=O)(=O)),-4.814601596513967,-4.0348673
CC(O)CC(ON(=O)(=O))C(OO)C(ON(=O)(=O))CCC(=O)C,-9.252052507072221,-8.858185
CC(ON(=O)(=O))CC(ON(=O)(=O))CC(=O)C(OO),-7.672168673185297,-5.9811497
C(=O)(O)C1(OO)OC1C(=O)C(=O)(OO),-8.608669679832019,-8.440624
C(=O)(O)C=CC1OC1(O)C(=O),-6.634593416418284,-6.810266
C(=O)(OO)C1OC1(C(=O)(OO))C(=O)CC(=O)(OON(=O)(=O)),-6.841734767966045,-6.9546323
CC(OO)C(=O)CC(ON(=O)(=O))C(ON(=O)(=O)),-5.8702024845042615,-4.932685
C(=O)(O)C(C(=O)(OO))C(C(O))(C)C(=O)(OON(=O)(=O)),-6.083046774951072,-7.1987457
CC(OO)C(C)(C(OO))C(C(=O)(OO))C(=O),-7.7395495066075455,-8.845579
C(=O)(O)C(OO)C1(N(=O)(=O))OC1C(=O)(OO),-8.517730718311213,-8.260109
CC(OO)(C(ON(=O)(=O)))C(=O)CC(=O)C(ON(=O)(=O))(C)C(=O),-7.420483390838854,-6.4431124
C(=O)(OON(=O)(=O))CC(OO)(C(=O)(OON(=O)(=O)))OOC(=O),-4.349567355140607,-3.8485754
CC(C)(C(=O)(OON(=O)(=O)))C(OO)CC(=O)(OON(=O)(=O)),-5.5447345771644905,-4.1796575
C1(N(=O)(=O))(OO)OC1(OO)C=CC(=O)C(ON(=O)(=O)),-5.846720733614347,-6.976156
C(=O)(OON(=O)(=O))C(OO)C(=O)C(OO)(C)OC(=O)C(=O),-5.746197917544123,-5.895855
C12OOC(O)(C1(O)(O))C(=O)C(=O)C2(=O),-7.401052280860313,-6.1559777
C1(O)C(C(=O)(OO))OOC1(C(=O)(O))C(ON(=O)(=O))C(=O),-8.863889131116593,-10.787106
C(=O)(OO)C=CC1(OO)OC1(OO)C(=O),-8.387026754564431,-8.261291
C(=O)(O)C(=O)OC(OO)C(C(ON(=O)(=O)))C(=O)(OON(=O)(=O)),-6.0042391695860715,-6.7177353
CC(ON(=O)(=O))(C)C(OO)CC(=O)C(C)C(=O),-6.373204538438586,-5.6985273
CC(ON(=O)(=O))(C(ON(=O)(=O)))C(O)C(=O)C(=O)C(=O)(OO),-6.537411054596305,-6.512143
CC(ON(=O)(=O))CC(OO)C(=O)CC(=O)C,-7.2656404311364895,-5.478854
C(=O)C(OO)C1(OO)OC1C(=O),-7.262595533344211,-5.785673
C(=O)(OO)C(O)C1(ON(=O)(=O))OC1(C)C(=O)(OON(=O)(=O)),-6.302634004916399,-5.059536
C(=O)C(N(=O)(=O))(ON(=O)(=O))OOC(C)(C(=O)(O))C(O)C(=O),-7.6358256628409436,-10.2514105
C(=O)(O)C(C(ON(=O)(=O)))(C(=O)(OO))OOC(=O)C(=O)C(=O),-7.177922081700672,-7.012439
C(=O)(OO)C(O)C(=O)C1OC1(C(=O))C(=O),-8.572167884716691,-5.9882536
C(=O)(N(=O)(=O))C1(O)OC1(OO)C(C(OO))C(=O),-8.103718301852496,-9.270401
C(=O)(O)C(O)(N(=O)(=O))C(O)(C(=O))OOC(=O)C(=O)C,-7.692262157752339,-7.417784
C(=O)(N(=O)(=O))C(=O)C1OOC(C1(O)(O))C(=O),-6.061966981709702,-7.219584
C12CC(OO)(C1(C)C)CC(=O)C2(ON(=O)(=O))C(ON(=O)(=O)),-6.2307151171480655,-6.0744433
C(=O)(OON(=O)(=O))C1(OO)OC1(C(=O))C(=O)C(O),-5.568870580049406,-5.127577
C(=O)(OO)C(ON(=O)(=O))C(O)(OO)C1OC1(C(ON(=O)(=O)))C(=O),-8.24098084005891,-8.572445
C(=O)C(=O)C(=O)C(=O)C(N(=O)(=O))(OO)C(=O),-3.2255850839028426,-3.2914188
C(=O)(OO)C(OO)(C(=O))C(=O),-7.066045911160472,-6.561107
CC(OO)(C(O))C(C(OO))C(=O)(OON(=O)(=O)),-8.097656334335625,-7.034739
C(=O)(OON(=O)(=O))C(ON(=O)(=O))(C(=O))OOC(=O)C(OO)C(=O),-3.786412641953575,-3.8537428
CC(=O)C(C(=O)C(=O)(N(=O)(=O)))OOC(=O)C(=O),-2.601185316751071,-4.4668126
CC(=O)C(C)C(ON(=O)(=O))(C)C(=O)(O),-5.1182306807641,-4.5663404
C(=O)(OO)C1(OO)OC1C(ON(=O)(=O))(C)C(O)C(=O),-6.729898486375532,-6.1975913
CC(=O)C(N(=O)(=O))(OO)OC(=O)C(=O)(O),-6.574817195692958,-5.4796996
C(=O)(OO)C(=O)OC(=O)C(O)(C(O))C(=O)(OON(=O)(=O)),-5.929420648553787,-6.2266083
C(=O)(O)C(OO)C(O)(C(=O))C(=O)OC(=O),-7.531386846827445,-7.7852674
C(O)C(=O)C(C1(=O))OOC1C(N(=O)(=O))C(=O)(OON(=O)(=O)),-4.715776245937377,-5.070601
C1(O)C(OO)C(=O)OOC(OO)C1(=O),-7.36667192754976,-7.049058
C(=O)(OO)C(OO)C(ON(=O)(=O))C1(OO)OC1(O)C(=O),-7.9995217949544895,-9.743203
CC1(C(=O)(OON(=O)(=O)))OC1(ON(=O)(=O))C(O)C(=O),-3.741313916787476,-4.0813446
C1(=O)C(OO)(C(=O)(O))OOC1C(=O)C(=O)(OON(=O)(=O)),-6.531318003751949,-4.68047
CC(ON(=O)(=O))C(=O)CC(O)CC(=O)CC(ON(=O)(=O)),-7.756792715119445,-7.973422
C(=O)(OON(=O)(=O))C(ON(=O)(=O))C1(C(OO))OC1(OO)C(=O),-6.136602181044509,-5.8845453
C(OO)C(OO)C1(O)OC1(N(=O)(=O))C(=O),-8.573091914753604,-8.295186
C1(O)(O)C(N(=O)(=O))(C(=O)(OO))OOC1(O)C(ON(=O)(=O))C(=O),-8.417445080487596,-11.423712
C(OO)C1(O)C(=O)OOC1(O)C(ON(=O)(=O))C(=O)(OON(=O)(=O)),-8.053878949453065,-8.727172
C(ON(=O)(=O))C1C(OO)C(C(=O)(OO))OOC1(C)C,-6.730873359463658,-7.5198555
C1(O)C(OO)(C(=O))OOC1(ON(=O)(=O))C(=O)C(=O),-6.890935109780912,-8.051067
C(ON(=O)(=O))C(=O)C(O)C(ON(=O)(=O))C(=O)OC(=O),-5.613079507054863,-5.63588
C1(O)(O)C(O)(C(=O)(N(=O)(=O)))OOC1C(O)C(=O),-7.316396635851561,-9.220692
CC(C(=O)(O))C1(O)OC1(N(=O)(=O))C(=O)(OON(=O)(=O)),-6.760285221311278,-6.0944343
C(=O)(O)C(=O)C1(O)OC1(O)C=CC(=O),-8.431268196982273,-9.38322
C1(O)(O)C2(OO)OOC1(N(=O)(=O))C(OO)C(ON(=O)(=O))C2(=O),-7.847077615761009,-8.392657
C(O)C(=O)C(ON(=O)(=O))C1OC1C(=O)(OO),-8.572221109590828,-4.6490893
CC(C)(C(=O)(OO))C(ON(=O)(=O))C(O)C(=O)(OO),-6.987275182364101,-11.055816
CC(OO)(C)C(CC(=O)(O))C(ON(=O)(=O))C(=O),-8.177812265716057,-7.9529195
C(OO)C1(C(=O))OC1(OO)C(=O)C(=O),-7.732252205936675,-6.6052427
C1(OO)OC1(OO)C(O)(C)C(=O)(O),-9.193245356540501,-7.561355
C(O)C(=O)C(OO)(C(=O))C(C)(C)C(=O),-7.5495237725353945,-5.754461
CC(O)(C)C(C(=O)(O))C(O)C(=O)(OON(=O)(=O)),-5.656781695339305,-6.8987174
CC(OO)CCC(O)CC(OO)C(ON(=O)(=O)),-7.229275827950914,-9.275432
C1(O)(O)C(=O)OOC1(ON(=O)(=O))C(OO)C(=O)(OON(=O)(=O)),-6.49230191879542,-5.2195883
C(=O)(OO)C(OO)C(O)C1(ON(=O)(=O))OC1(C)C(=O),-7.317956548266011,-6.876045
CC(=O)C(OO)CC(C(=O)C(O))CC(=O)(O),-9.316995223154663,-11.594714
C(O)C(=O)OOC(C(=O)(O))C(O)C(=O)(OON(=O)(=O)),-5.834196272713598,-8.123014
C(=O)(O)C(OO)C(O)C1(C)OC1(OO)C(=O)(OON(=O)(=O)),-6.872183766276066,-10.302487
C(=O)C(=O)C(O)C(ON(=O)(=O))C(=O)OC(OO)C(=O),-7.126955882442417,-6.1507635
C(=O)(O)C(OO)=C(C)C1OC1C(=O)(OON(=O)(=O)),-6.19410043013886,-7.0451856
C(=O)(OO)C(O)C1(C)OOC(N(=O)(=O))(C1(O)(O))C(=O)(OON(=O)(=O)),-8.843568471700564,-9.397511
CC1(C)C(C(=O)(O))C(ON(=O)(=O))C1C(=O)C(ON(=O)(=O)),-6.29044600627094,-6.885226
C1(O)(O)C(OO)OOC1C(=O)C(=O),-9.223300119319902,-6.5310717
C(=O)(OO)C(O)C(O)(OO)C(O)C(=O)C(=O),-8.519154339892339,-6.496095
C(=O)(O)C1(OO)OC1C(ON(=O)(=O))(C(O))C(O)C(=O),-8.647213215739612,-12.044159
CC(=O)C(ON(=O)(=O))CC(C(OO))C(ON(=O)(=O))(C)C,-6.2425625822579605,-6.731769
CC(=O)C1C(OO)C(=O)C1(C)C,-4.246598943998833,-4.7153206
CC(=O)C(ON(=O)(=O))C(=O)C1C(OO)C(OO)C1(C)C,-7.233772695348307,-7.3862476
CC(ON(=O)(=O))(C(ON(=O)(=O)))C(OO)C(=O)C(OO),-7.35821312420012,-6.6233115
CC(=O)C(ON(=O)(=O))C1(OO)OC1(N(=O)(=O))C(=O)(O),-5.856822897701932,-6.798876
CC(O)(C(=O)(OON(=O)(=O)))C(=O)CC(OO)(C(=O))C(ON(=O)(=O))(C)C,-7.0024984845440486,-7.2368135
C(=O)(O)C1(N(=O)(=O))OC1C(OO)C(O)C(=O)(OON(=O)(=O)),-8.108430101803606,-7.5027785
C(=O)(O)OC(=O)C(ON(=O)(=O))(C)C(=O)C(=O)(OON(=O)(=O)),-4.122428302274784,-4.1419625
C12OOC(O)(C1(=O))C(OO)C(O)(C)C2(ON(=O)(=O)),-7.174212261892535,-8.338469
C(=O)(O)C1(C(OO))OOC(O)(C1(O))C(ON(=O)(=O))C(=O),-10.42792100929546,-11.411943
C(=O)(O)C(=O)CC(C(ON(=O)(=O))(C)C)C(OO)(C)C(=O)(OO),-8.192269835477418,-10.843995
C(=O)C(=O)C(=O)C1(N(=O)(=O))OC1(C(=O))C(O),-4.61893474378121,-4.433435
C1(ON(=O)(=O))OC1C(O)(C)C(=O)(O),-6.415814190786477,-4.2386947
C(=O)(OON(=O)(=O))C(O)OC(=O),-2.7756002169971907,-1.153094
C(=O)(OO)C(O)C1(OO)OC1(C)C(=O),-8.85380477389117,-7.3640394
CC(OO)(C(O))C(C(ON(=O)(=O))C(=O))C(ON(=O)(=O))C(=O),-6.735339203542026,-8.026913
CC(=O)C(ON(=O)(=O))C(O)C(ON(=O)(=O))C(OO)C(=O),-6.857047903149578,-7.516352
C(=O)(O)C=CC1OC1(ON(=O)(=O))C(OO),-6.976766009798666,-5.0365663
C(=O)(OO)C1OOC(OO)(C(ON(=O)(=O))C(=O))C1(O)C(=O),-8.863889131116593,-7.9627376
CC(=O)C1OC1(O)C(O)(O)C(=O)(OO),-9.331898864675168,-9.857585
C(O)C(=O)C(ON(=O)(=O))C(C)(C)C(=O)C(OO),-7.729966183000215,-7.4362664
C1(ON(=O)(=O))OC1(OO)C(O)(C)C(=O)C(=O)C(=O),-7.317956548266011,-4.561658
CC(=O)C(ON(=O)(=O))(C(=O)C)C(OO)C(OO)C(ON(=O)(=O)),-7.95651928816369,-7.1642838
C1C(ON(=O)(=O))C(OO)(C)C(ON(=O)(=O))C(O)C1C(=O)C,-8.175079903787264,-8.341715
C(=O)(OO)C1OC1C(OO)(C(=O))C(=O)C(=O),-8.239931746449656,-5.1814117
C(=O)(O)OC(=O)CC(=O)C(=O)C(ON(=O)(=O)),-6.221446435340113,-5.6608887
CC(ON(=O)(=O))C(ON(=O)(=O))CCCCCC(OO)C,-6.2984471321396995,-6.089679
C(=O)(N(=O)(=O))C(OO)OC(=O)C(ON(=O)(=O))C(O)C(=O)(O),-6.497482992586811,-8.0067
C(=O)(OO)C(O)C(OO)(C)C1OC1(O)C(=O),-8.85380477389117,-11.688842
C(ON(=O)(=O))C(=O)C(=O)OC(=O)C(N(=O)(=O))=CC(=O)(OO),-6.705327425997893,-7.112962
C1(=O)C(O)(O)C(=O)OC(=O)C(=O)C1(O),-7.215458946080616,-7.6961393
CC(ON(=O)(=O))(C(ON(=O)(=O)))C(C(=O)(OO))CC(=O)C(=O)C(OO),-7.310143593222165,-8.805421
C(=O)(O)C(OO)=C(C(=O)(O))C(O)OC(=O),-8.638061896335785,-12.320481
CC1(C)C(ON(=O)(=O))CC(=O)C(O)(C)C1(OO)C(=O)(O),-7.632957845915371,-9.759794
C(=O)(O)C(ON(=O)(=O))CC(O)C(C)(C)C(=O)C(=O),-7.873157728296064,-7.81698
C(O)C(=O)OC(OO)C(ON(=O)(=O))C(=O)(OO),-7.14333572949181,-8.324896
C(=O)(N(=O)(=O))C1(OO)OC1(C(ON(=O)(=O)))CC(=O)(O),-6.421319586264872,-7.069097
C(O)CCC(=O)CC(=O)CC(ON(=O)(=O))C(=O)C(ON(=O)(=O)),-7.214882187918192,-8.066766
C(=O)(OO)C(ON(=O)(=O))C(C(=O)(OON(=O)(=O)))OOC(=O),-4.296810388976155,-3.5423055
C(=O)(OO)C(N(=O)(=O))C(=O)C(ON(=O)(=O))(C)OC(=O),-4.8332313023129245,-4.0818324
C(=O)(O)C1(C(=O)(OO))OC1(O)C(=O),-7.4792026258401165,-6.8811336
C1(ON(=O)(=O))OC1C=C(C(=O)(O))C(OO),-6.33299746227749,-6.4289536
C(=O)(OON(=O)(=O))C(=O)C(OO)C(OO)OC(=O),-5.722146227888516,-5.0883956
CC(C(=O)(OON(=O)(=O)))C(=O)C1(OO)OC1(N(=O)(=O))C(=O),-3.8364336583017575,-4.8032346
C(=O)(O)C1OC1C(O)C(OO)(C(ON(=O)(=O)))C(=O)(OO),-9.332209330126716,-10.657629
C(=O)(OON(=O)(=O))C1OOC(O)(C1(O))C(O)(C(=O))C(=O),-7.5313898466702085,-7.640469
C(=O)(O)C(=O)C(=O)C1(C)OC1(ON(=O)(=O))C(=O),-3.642879943996377,-5.125262
CC1(C)C(ON(=O)(=O))C(OO)C(=O)C(O)(C)C1C(=O),-7.647313498971926,-7.6986356
C(ON(=O)(=O))CC(=O)C(ON(=O)(=O))C(=O)CCC(=O)(OO),-6.405912290016204,-6.3554354
CC(OO)(C(O))C(OO)(C(O))C(=O),-8.605520647241065,-9.315786
CC(=O)CC(=O)CC(ON(=O)(=O))CCC(OO),-6.743646726412408,-6.0882773
C(=O)(OO)C(O)(O)C1OC1C(O)C(=O)(OO),-9.66313451971837,-9.427349
C(=O)(O)C=C(N(=O)(=O))C1(O)OC1(O)C(=O)(OON(=O)(=O)),-7.040307294104423,-6.9684625
C(=O)(O)C(O)C(ON(=O)(=O))(C(=O))C(ON(=O)(=O))OC(=O),-6.602401745205498,-6.327175
CC12OOC(C1(O))C=CC2(=O),-3.862229750203369,-5.510491
C1(OO)OC1(O)C(ON(=O)(=O))C(O)C(=O)(OON(=O)(=O)),-6.230819706508555,-5.623448
C(=O)(O)C1(O)OC1C=C(OO)C(=O)(OO),-10.030447736024144,-7.1413183
C(=O)(O)C(C(=O)(OON(=O)(=O)))OOC(=O)C(=O)C(=O),-3.5893831154371583,-4.6882944
C(=O)(O)CC1CC(=O)C1(C)C(OO),-7.918461360623041,-6.784671
CCC(=O)CC(=O)CC(ON(=O)(=O))C(=O)C(OO)C,-6.485068745851095,-6.453071
CC(=O)C1OC1C(O)(O)C(=O)(OO),-7.646698020227632,-5.7142673
C1(O)(O)C(=O)OC(=O)C(ON(=O)(=O))(C(O))C(OO)C1(=O),-8.310633879795205,-5.1263523
C(=O)(O)C1OC1C(C(=O)(OON(=O)(=O)))=CC(=O)(OO),-7.285703461633602,-6.413356
C(=O)(OO)C(=O)OC(OO)C(ON(=O)(=O))(C)C(=O),-6.849277950081159,-7.67632
CC(=O)C(ON(=O)(=O))CC(=O)C(C(ON(=O)(=O)))(C)C(=O)(OO),-7.019752596699618,-6.459969
C(OO)C(=O)C(C)(C)C(ON(=O)(=O))C(=O)(OON(=O)(=O)),-5.136834464352432,-3.9085817
CC1(C(=O))OOC(ON(=O)(=O))(C1(O)(O))C(OO)C(=O),-7.997059976034507,-9.170637
C(=O)OC(=O)C(O)(O)C(=O)C(OO)C(=O)C,-7.460682989358247,-10.59968
C(=O)OOC(ON(=O)(=O))(C(=O)(O))C=CC(=O),-5.706671695310433,-6.350156
CC(O)(C)C(ON(=O)(=O))(C(=O)(OON(=O)(=O)))C(=O)C(O),-7.082886634841998,-2.6004994
CC(=O)C(OO)C(O)(C1(O)(O))OOC1C(=O),-9.541518616801113,-8.602442
C1(=O)C(=O)OOC1C(OO)(C)C(=O)(O),-8.472292677402947,-7.0634265
C(=O)(OO)C1(OO)OC1(O)C(O)(N(=O)(=O))C(=O),-9.30314772264137,-8.533443
C(=O)(OO)C1OC1C(OO)=C(N(=O)(=O))C(=O),-9.10424011619034,-11.26026
C(=O)(O)C(O)C(OO)C1OC1(O)C(=O)C(=O),-9.02699842162292,-11.613189
CC(=O)C1OC1(N(=O)(=O))C(ON(=O)(=O))(OO)C(OO)C(=O)(O),-7.752505069487597,-11.236005
C(OO)C(OO)(C(=O))C(OO)C(=O)C(=O)C(=O),-7.81320609173963,-8.78179
C(O)C(OO)C(C)(C(O))C(=O)C(=O)(OON(=O)(=O)),-7.914334019624221,-7.774878
C(=O)(O)C(N(=O)(=O))C(=O)C(=O)OC(OO)C(=O)(OO),-7.0409288879291125,-9.283955
C(=O)(OON(=O)(=O))C(=O)C(O)C1OOC(C1(O)(OO))C(=O),-7.081771452261819,-6.5217676
C(ON(=O)(=O))C(=O)C(=O)C(C)(C)C(C(OO))C(=O)(OO),-7.370934326721908,-6.207297
C(O)C(=O)C(=O)OOC(OO)C(=O)(OO),-7.388182259961468,-7.1289735
C(=O)(OO)C(=O)OC(OO)C(OO)C(ON(=O)(=O))C(=O)(OON(=O)(=O)),-6.018232447728224,-8.081556
CC(=O)CC(ON(=O)(=O))C(=O)CCC(=O)(O),-7.660795409356069,-7.032878
C(=O)(O)C(OO)C(=O)C(=O)(OO),-8.049898954199307,-5.760803
C(=O)(O)C(OO)C(=O)OOCC(=O),-8.251439559930077,-7.615003
C1(OO)OC1(N(=O)(=O))C(O)C(=O)(OO),-8.135173843393204,-6.4337792
C(=O)(O)C(O)(N(=O)(=O))C(OO)(C(=O))C(=O),-8.216774259699378,-5.9854836
CC(O)C(ON(=O)(=O))CC(ON(=O)(=O))C(=O)CC(OO)CC,-8.00048687531671,-8.027782
CC1(C)C(OO)CC1(OO)C(OO)C(=O)(O),-8.057135685758112,-9.718327
C(=O)(O)C(O)C(=O)OC(=O),-6.673205539667833,-4.482739
C12(O)OOC(O)(C1(O)(O))C(OO)C(O)C2(=O),-10.735996800491193,-9.118046
C(=O)C(ON(=O)(=O))C(O)C(C)(C)C(OO)C(=O),-6.30291210818541,-8.029186
C1(=O)COOC1(C(OO))C(=O)C(=O)(O),-6.953427916920191,-6.352939
C1(=O)OC1(O)C(OO)C(=O)(OON(=O)(=O)),-6.499382599336968,-7.455539
C(=O)(OON(=O)(=O))C1(O)OC1C(ON(=O)(=O))C(O)(C(=O))C(=O),-5.323416106191871,-6.840073
CCCCCC(ON(=O)(=O))C(O)C(OO)CC(=O)(OO),-7.5319937036347255,-8.105358
CC(O)(C(=O)(OON(=O)(=O)))C(C(=O))C(OO)(C)C(ON(=O)(=O))C(=O),-6.153088899332943,-7.7793365
CC(OO)(C(ON(=O)(=O)))C(C(=O)(OO))CC(=O)(OON(=O)(=O)),-7.269166001520716,-5.3884153
CC(=O)C(ON(=O)(=O))CC(O)CCC(=O),-6.473157226455442,-6.460033
C1(O)(O)C(=O)OOC1(N(=O)(=O))C(O)C(=O)(O),-8.160656280777403,-8.403997
CC(=O)C(O)(O)C(=O)(OO),-8.368447255301362,-0.6932405
C1(=O)OC1C(C(=O)(OO))=CC(=O)(OO),-8.465286099784862,-7.121394
CC(=O)C1(OO)CC(ON(=O)(=O))C1(C)C(ON(=O)(=O)),-6.27665717826676,-5.4596143
CC(OO)(C(OO))C(=O)C(ON(=O)(=O))(C)C(ON(=O)(=O))CC(=O),-7.561587091460751,-7.417896
C(=O)(OON(=O)(=O))C(ON(=O)(=O))C(=O)OOC(OO)(C)C(=O),-4.251173320095404,-4.9808607
C(=O)C(=O)C(ON(=O)(=O))C(=O)C(O)(O)C(OO)OC(=O),-8.793645511552313,-7.936852
CC(O)C(ON(=O)(=O)),-0.7280942598717957,-1.292549
C(=O)(OON(=O)(=O))C(ON(=O)(=O))C(OO)(C)C(=O)OOC(=O),-4.183307259652793,-3.5310168
CC(O)(C(=O)(OO))C1CC(C(=O))C1(ON(=O)(=O))C,-7.825631160041667,-9.06665
C(O)C1(C(=O))OOC(O)(C1(O))C(O)C(=O),-9.753067402229135,-12.582656
CC(=O)C(OO)(C1(C)C)C(ON(=O)(=O))C1(OO)CC(=O)(OON(=O)(=O)),-7.19939679453455,-8.290892
C(O)C(=O)C(O)C(ON(=O)(=O))C(OO)OC(=O)C(=O),-8.396737843037045,-9.488487
C1(=O)OC1C(=O)CC(=O)C(OO),-4.477988956594345,-4.9240627
C(=O)(OON(=O)(=O))CC(C(OO))C(OO)(C)C(=O),-6.279977549296746,-6.6844225
C(OO)C(=O)C(O)C(=O)C(O)(O)C(ON(=O)(=O))OC(=O),-8.745262609854763,-11.927582
CC(=O)CCC(=O)CC(OO)CC(=O)C,-6.400305641450359,-7.026033
C(OO)C(=O)C(OO)C(O)C1(O)OC1(N(=O)(=O))C(=O),-10.087399481140892,-11.614848
CC(=O)CCC(=O)CCCC(ON(=O)(=O)),-4.085003800646518,-3.7254846
C(=O)(O)C(OO)(C(ON(=O)(=O)))OOC(=O)C(ON(=O)(=O)),-7.238513926658925,-7.327961
C(=O)(O)C(C(=O))OOC(ON(=O)(=O))(C(=O))C(OO)C(=O),-6.641047753342718,-9.222488
C(=O)(O)C(OO)(C(=O)(OON(=O)(=O)))C(ON(=O)(=O))C(O)C(=O),-6.176892884688641,-8.389222
C1(O)(O)C(N(=O)(=O))(OO)OOC1(C)C(=O)(O),-8.391198366522076,-8.084494
C(=O)(OO)C(=O)C(O)(O)C(OO)(C)C(=O)(OON(=O)(=O)),-7.638248188139187,-5.960906
CCC(O)CC(=O)C(ON(=O)(=O))CC(=O)CC,-5.395060311459019,-5.879271
C(=O)(OON(=O)(=O))C(=O)C(=O)C(O)C(=O)C(=O)C,-3.7933961907965568,-2.992252
C(=O)(O)CC(C(ON(=O)(=O))(C)C(OO))C(ON(=O)(=O))C(=O),-7.565892845097551,-8.815667
C(=O)(OO)CC1(OO)OC1(C(=O)(OON(=O)(=O)))C(=O),-5.8604646246822085,-6.331299
C1(N(=O)(=O))C(=O)OOC(C)(C(=O)(O))C(OO)C1(=O),-7.316828099021222,-7.657883
C(=O)(O)C(C(OO))C(=O)(OON(=O)(=O)),-5.588734599528834,-4.310837
CC(=O)C(ON(=O)(=O))C(C)(C(O))C(ON(=O)(=O))CC(=O)(OO),-8.52304097499109,-8.939957
C(=O)(N(=O)(=O))C1(O)OC1(C)C=CC(=O)(O),-6.213785336143701,-7.127509
C(OO)C(=O)OOC(OO)(C(=O)(OON(=O)(=O)))C(=O)C(ON(=O)(=O)),-5.216999933363695,-5.457002
CC(ON(=O)(=O))(C(ON(=O)(=O)))C(C(=O)(OO))C(OO)C(=O)C(=O)C,-7.017112253930463,-5.822318
C(=O)(OON(=O)(=O))C(O)C(ON(=O)(=O))C(OO)C(O)C(=O),-6.261404885704906,-6.7796507
C(O)C(=O)C(C)(C(OO))C(=O)C(=O),-7.018713354231295,-6.953477
C1(O)(N(=O)(=O))C(OO)OOC1C(OO)C(=O),-8.008934802484873,-7.004735
C(=O)(O)C(OO)C(O)(C1(=O))OOC1C(=O)C(=O),-8.120916572403075,-10.547845
CCCC(=O)CC(OO)C(=O)CCC,-5.18484044930392,-4.638801
C(OO)C1OOC(ON(=O)(=O))(C1(=O))C(=O)(OO),-6.127084905627271,-5.0265465
CC(O)(C)C(OO)C(=O)(OO),-6.41786327711452,-6.625516
CC(O)CCC(ON(=O)(=O))CC(=O)(O),-7.126749906094119,-6.6776834
C(ON(=O)(=O))C(=O)C(ON(=O)(=O))C(=O)OOC(C(=O)(O))C(=O)(OO),-7.1834547219768865,-8.4036045
C(=O)(OON(=O)(=O))C(O)(N(=O)(=O))OOC(=O),-3.206756286050222,-1.6465839
C1(O)C(=O)OOC1C(C(=O)(OO))=CC(=O),-8.603532658107724,-7.6589007
C(=O)C(=O)C(ON(=O)(=O))C(O)(C(=O)(OO))C(=O)C(=O),-7.797717604375066,-4.9218817
C(=O)(OON(=O)(=O))C(O)C(N(=O)(=O))(C1(O)(O))OOC1C(=O),-8.155271785053628,-6.520755
C(=O)(OO)CC(=O)C(ON(=O)(=O))C(=O)CCC(=O),-6.514661801744296,-6.1313663
C(=O)(OON(=O)(=O))C(O)C(C(=O)C(=O))OOC(=O),-3.5893831154371583,-4.1102195
C12OOC(C2(=O))C(O)C(OO)C1(OO)C(=O)(O),-8.840552700658009,-12.021667
C(=O)(O)C1(O)OC1C(OO)C(O)(C)C(=O),-9.157241283024632,-11.401382
C(O)C(=O)C(OO)C(C(O))(C)C(=O)(OON(=O)(=O)),-8.121748549034237,-5.9552274
C1(ON(=O)(=O))OC1C=C(OO)C(=O)C(OO),-6.714438713630443,-6.2518992
C(=O)(O)C1OC1C(=O)C(=O)(OON(=O)(=O)),-4.3170283049275895,-3.3352995
C(ON(=O)(=O))C1(O)COOC1(OO)C(=O)(OON(=O)(=O)),-5.981297011237984,-4.8678775
C1(=O)OC1C(O)(C(=O)(OON(=O)(=O)))C(=O)C(=O)C(=O),-3.172103456854529,-3.2379358
C1(O)(N(=O)(=O))C(O)(C(=O)(O))OOC1(C)C(ON(=O)(=O))C(=O),-7.6800071037287125,-8.073344
C(=O)(O)C1(O)OC1(C(OO))C(ON(=O)(=O))C(=O),-8.908066773168684,-8.943885
C(=O)(O)C1(C(=O)(O))OC1C(OO)C(=O),-8.572167884716691,-9.108121
C(=O)(O)C(ON(=O)(=O))CC(=O)C(OO)(C)C(=O)(OO),-7.928624563337507,-7.6610656
C(O)C(=O)C(=O)OC(=O)C(O)C(=O)C(=O),-5.924053716193157,-4.5760846
C1(=O)C(C(=O)(OON(=O)(=O)))OOC1(C(=O))C(O)C(=O),-4.121948774103657,-5.6149545
C(=O)(O)C1OC1C(ON(=O)(=O))(C(=O)(O))C(ON(=O)(=O))C(=O),-7.92854277447077,-8.183113
C(=O)(N(=O)(=O))C(=O)C(=O)C(O)(C)C(=O)OC(=O),-4.083704757129453,-2.8520148
C(=O)(OO)C=C(C(=O))C(=O)OC(=O)C(=O),-5.153644281277593,-4.568157
C(=O)(OO)C(ON(=O)(=O))C(O)(C1(O)(OO))OOC1(C)C(=O),-8.976988149179306,-9.908624
C(OO)C(=O)OOC(=O)C=CC(=O)(OON(=O)(=O)),-4.275414329877094,-3.4473708
CC(=O)C(=O)C(C(=O)(O))OOC(N(=O)(=O))(ON(=O)(=O))C(=O)(OO),-6.691757971106199,-7.87553
C(O)CCC(OO)C(ON(=O)(=O))CC(OO),-7.394164522167557,-9.049397
CC(OO)(C(=O)(O))C(=O)C(=O)C(=O)C(=O)(OON(=O)(=O)),-6.426278030126923,-5.0392528
CC(OO)CCC(O)CCC(=O)C(OO),-8.91036088655892,-9.826984
C(=O)(OO)C1OC1(C(OO))C(=O)C(O)C(=O)(OON(=O)(=O)),-6.835216446499544,-8.337428
C1(=O)C(OO)C(ON(=O)(=O))C1(C)C(OO),-6.925397763883666,-4.6143003
CC(OO)(C)C(ON(=O)(=O))C(O)(C)C(=O)CC(=O)(OON(=O)(=O)),-7.0024984845440486,-6.51257
C(=O)(OON(=O)(=O))C1(N(=O)(=O))OC1(O)C(OO)=CC(=O),-7.8358318341634,-6.5916696
CC(=O)OC(OO)C(=O)C(N(=O)(=O))C(=O),-4.784293819935556,-4.747398
C(=O)(OON(=O)(=O))C(ON(=O)(=O))C(=O)C1(OO)OC1(C)C(=O),-4.023736074541375,-3.718685
CC(OO)(C(O))C(C(=O)(OON(=O)(=O)))C(=O)C(ON(=O)(=O)),-6.718795151327868,-6.3443604
C(=O)(O)C(O)C(C1(O)(O))OOC1(C)C(=O)(OO),-10.598364505398422,-9.871303
C1(=O)C(C(=O)(O))OOC1C(=O)(O),-6.5435122054987005,-8.206885
C(=O)(N(=O)(=O))C(=O)CC(=O)(O),-3.399825682872688,-3.3869145
CC1(O)C(=O)OOC1(N(=O)(=O))C(=O)C(=O),-4.460700466908747,-3.7863169
CC1(C(=O)(O))OOC(C1(=O))C(=O)(OO),-7.175781055479092,-5.985566
C1(O)C(OO)C(=O)C(O)(C2(=O))OOC12C(=O),-8.840552700658009,-5.740905
C(O)C=CC1OC1(OO)C(=O)(O),-7.589468987611326,-8.618529
CC(OO)(C)OOC(O)(C(OO))C(=O)C,-6.554114882514114,-6.654214
C(=O)(O)C(O)C(ON(=O)(=O))(C(OO))C1OC1(=O),-8.908066773168684,-7.6095424
C12OOC(O)(C1(O))C=C(OO)C2(=O),-8.180068872869015,-9.080429
CC(=O)C(ON(=O)(=O))C(OO)C(=O)C(C)(C)C(ON(=O)(=O))C(=O),-5.689552241732599,-6.98221
C(=O)C(=O)C(O)C(O)(C(=O))C(=O),-4.865718037441184,-2.533874
C(=O)C(=O)C(=O)C(O)(O)C(O)(ON(=O)(=O))C(=O),-6.774585625880718,-6.5693626
C(=O)(O)C1OC1(ON(=O)(=O))C(C)C(=O),-3.577975476619031,-4.8835816
C1(OO)OC1(C)C(O)C(OO)C(=O),-7.768051257364277,-7.551089
C(=O)(OON(=O)(=O))C1(OO)OC1(O)C(OO)=CC(=O),-7.150078120665057,-9.30071
CC(O)(C(=O)(O))C(=O)C(=O)C(=O)C(=O),-6.420787795865181,-5.620265
C(=O)(O)C(=O)C1CC(ON(=O)(=O))(C1(C)C(OO))CC(=O)(OON(=O)(=O)),-7.371558694620035,-8.813327
C(=O)(OON(=O)(=O))C1(N(=O)(=O))OOC(OO)(C1(O)C)C(O)C(=O),-7.249978756237397,-8.145414
C(=O)(O)C1(ON(=O)(=O))OC1(O)C(OO)(C)C(O)C(=O),-7.317956548266011,-8.424732
C1(O)C(ON(=O)(=O))OOC1(C(=O)(O))C(ON(=O)(=O))C(=O),-7.241424510584693,-8.440347
C(O)C(=O)C1OOC(OO)(C1(O))C(O)C(=O),-8.857981901246603,-11.974285
C(=O)(N(=O)(=O))C(OO)OC(=O)C(C)C(=O),-2.4659786770516803,-4.599381
C(=O)(O)C1(O)C(ON(=O)(=O))(C(=O))OOC1C(=O),-6.367698225265485,-7.2049937
CC(O)CCC(=O)CC(OO)CC(=O)C,-8.636791860429184,-8.921124
C(=O)(O)C1(O)OC1(O)C(O)(N(=O)(=O))C(OO)C(=O),-9.30314772264137,-12.014763
C1(ON(=O)(=O))OC1CC(=O)C(=O),-2.327889761674669,-1.871827
C1(N(=O)(=O))(ON(=O)(=O))OC1(O)C(O)(O)C(=O)C(=O),-6.052775943278903,-7.553294
C(OO)C(ON(=O)(=O))C(C)(C)C(C(=O)(OO))C(=O)C(ON(=O)(=O)),-7.051441276926198,-7.994809
CC(=O)C(=O)C(O)C(=O),-2.9287383685896202,-3.7227254
C(OO)C(=O)C(O)(N(=O)(=O))C(=O)(OON(=O)(=O)),-6.070437720853079,-3.4868238
C(OO)C1(C(=O)(OON(=O)(=O)))OC1C=CC(=O)(OON(=O)(=O)),-5.825683012020818,-5.226185
C(=O)(O)C(ON(=O)(=O))C1OOC(C1(O))C(=O)(OO),-7.864879642620508,-9.121986
C(ON(=O)(=O))C(OO)CC(=O)CCC(OO),-8.314492350611545,-7.537486
CC(=O)C(ON(=O)(=O))CC(=O)C(C)(C)C(=O),-4.408393429737771,-3.7343767
C(=O)(OON(=O)(=O))C(O)(O)C(=O)OC(=O)C(ON(=O)(=O))C(=O),-5.719112151877198,-4.493467
CC(OO)(C(OO))C(ON(=O)(=O))(C(=O))C(=O),-6.882854136993046,-6.43615
CC(=O)C(=O)CC(O)(C(=O)(O))C(ON(=O)(=O))(C)C(ON(=O)(=O)),-8.486773812326646,-7.955032
C(=O)(OON(=O)(=O))C1(O)C(OO)OOC1(O)C(O)(N(=O)(=O))C(=O),-8.108529895591346,-9.534017
C(=O)(OON(=O)(=O))C(=O)OC(OO)(C(=O))CC(=O)(OON(=O)(=O)),-4.349567355140607,-4.102285
C(=O)(O)CC1(OO)CC(ON(=O)(=O))C1(C)C(ON(=O)(=O)),-7.616682705269341,-8.164545
C(O)C(=O)C(=O)C(C)(C)C(C(ON(=O)(=O)))C(=O)(OO),-7.6051303457043105,-6.563445
CC(C)(C(=O)(OO))C(O)(C)C(=O),-6.738153748179684,-3.7868297
CC1(C(OO))C(C(=O)(OON(=O)(=O)))CC1C(O)C(=O),-7.553742812491691,-7.459655
C12OOC(C2(=O))C(OO)C(=O)C1(ON(=O)(=O))C(ON(=O)(=O)),-5.980414348756312,-4.7145243
C1(=O)C(O)(C)C(=O)CC(OO)C1(C)C,-6.417978763141946,-5.9057
CC1(O)C(ON(=O)(=O))OOC1C(ON(=O)(=O))C(=O)(OO),-6.833974685912835,-6.584787
C(=O)(O)C(=O)C(C)(C(OO))C(ON(=O)(=O))C(=O)(OO),-7.429739475093811,-7.925923
C(OO)OOC(C)(C(=O)(O))C(=O)(OON(=O)(=O)),-6.270099581066461,-5.140581
C(=O)(O)CC(=O)CC(C(=O)C)C(OO)(C)C(=O),-8.114099494496259,-10.045008
C1(ON(=O)(=O))OC1C(OO)C(O)(N(=O)(=O))C(=O)(O),-8.516754449103246,-7.270814
CCCCC(ON(=O)(=O))CC(=O)CC(ON(=O)(=O))C(O),-6.179403783678936,-6.6411915
C1(OO)OC1C(OO)(C(=O)(O))C(ON(=O)(=O))C(=O)(OON(=O)(=O)),-6.75059161765239,-7.6432924
CC(=O)C(OO)CC(C(=O)C)C(ON(=O)(=O))C(=O),-6.494829809620569,-7.947117
C(ON(=O)(=O))C(C(=O))C(C)(C)OOC(=O),-3.3831843299958564,-3.9881158
C(ON(=O)(=O))C(ON(=O)(=O))CC(OO)(C(=O)(OO))C(=O)C,-6.933150129047135,-6.3637614
CC(=O)C(=O)C1OOC(N(=O)(=O))(C1(O)(O))C(=O),-6.363526455952524,-8.190071
CC(ON(=O)(=O))(C)C(OO)(CC(=O)(O))C(O)(C)C(=O),-8.374352412072767,-7.4076633
C1(=O)C(O)(C(=O)(O))OOC1C(OO)C(=O)C(=O),-7.613013424655946,-9.248507
CC(ON(=O)(=O))(C(=O)(O))C(OO)C(C)(C)C(O)C(=O)(O),-8.168444363369417,-10.884833
C(ON(=O)(=O))C1(OO)OC1(OO)C(O)C(=O),-7.387202359017465,-8.174201
C(=O)(N(=O)(=O))C(=O)C(O)(C(OO))C(=O)(OO),-7.973865183790622,-6.570703
CC(OO)(C)C(ON(=O)(=O))(CC(=O)(O))CC(=O)C(=O)C(OO),-8.77744281735977,-12.481997
C(ON(=O)(=O))C(ON(=O)(=O))CC(O)CC(=O)C(=O)C(OO),-7.55606286343027,-9.958191
C(=O)(OON(=O)(=O))C(O)C(O)(C1(=O))OOC1(C(=O))C(=O),-6.085671323919087,-7.956644
C(=O)C(ON(=O)(=O))C(OO)(C1(O)(OO))OOC1C(=O),-8.81830596418149,-8.196514
CC(ON(=O)(=O))(C(=O)(OO))C(C(O))C(=O),-7.255041113290645,-5.3331304
C(=O)(OON(=O)(=O))C(=O)OC(OO)(C(=O)(O))CC(=O),-6.3701188193917915,-7.182137
C(=O)(OON(=O)(=O))C(N(=O)(=O))C(=O)C1(O)OC1(C(O))C(=O),-6.935518121854329,-7.6271276
C(ON(=O)(=O))C(=O)C1OC1C(O)(OO)C(OO)C(=O)(OO),-9.697235980496771,-12.568989
CC1(C(=O)(OO))OOC(O)(C1(O))C(O)(N(=O)(=O))C(=O),-8.909611795481396,-10.273307
C(=O)(OON(=O)(=O))C1(ON(=O)(=O))OC1(OO)C(C(=O))C(=O),-3.317565445071523,-3.9538715
CC(=O)C(C(OO)C(=O)(O))OOC(=O),-7.7715585600999475,-6.931164
C(=O)(O)C(=O)OC(=O)C=C(C)C(=O)(OON(=O)(=O)),-4.330978320464055,-4.6485763
C(=O)(O)C1(C(OO))OC1(O)C(OO),-8.430253425751289,-11.227484
C12OOC(C2(O)(OO))C(OO)C(O)(C1(=O))C(=O),-9.809378035100963,-10.768571
CC1(C)OOC(OO)CC1(ON(=O)(=O))CC(=O)(O),-8.934170973370783,-7.637513
C(OO)C(C(OO))C(C(ON(=O)(=O)))(C)C(=O)(OON(=O)(=O)),-6.728114227551487,-6.7252
C(=O)(O)C(O)C(OO)C1(OO)OC1C(=O)(O),-10.033177551313202,-11.515086
C(ON(=O)(=O))C(OO)C1OC1C(=O),-5.881079727158067,-4.637898
C(=O)(O)C(=O)C(C)(C)C(C(ON(=O)(=O)))C(=O),-5.03392256843108,-6.4568067
CC(=O)OOC(C(OO))C(=O)C,-5.04937452716149,-4.7342525
C(O)C(=O)C1(C(=O)(OON(=O)(=O)))OC1(OO)C(=O),-5.568870580049406,-4.00405
CC(=O)C(ON(=O)(=O))C1(OO)OC1(OO)C(=O),-6.635423724999782,-5.880199
CC1(C(=O)(O))OC1(OO)C(ON(=O)(=O))C(=O),-6.729898486375532,-6.4515333
C(=O)(OO)C(ON(=O)(=O))C(OO)C(C)(C)C(C)C(=O),-7.386417350406191,-6.107609
C(OO)C(=O)C(ON(=O)(=O))C(C)(C)C(ON(=O)(=O))C(=O)C(=O),-6.114423635615822,-5.164206
C(=O)(O)C(ON(=O)(=O))OOC(ON(=O)(=O))(C)C(O)C(=O)(OO),-6.9304103342165035,-7.78209
C(OO)C(=O)OOC(N(=O)(=O))(C(=O)(O))C(=O),-6.445943511485893,-6.4694
C(=O)(O)C1(C(ON(=O)(=O)))OC1C(O)C(=O)(OO),-9.332209330126716,-8.711372
C(=O)(O)C(ON(=O)(=O))C(O)(ON(=O)(=O))C(O)C(=O)C(=O),-7.328465991791745,-6.698982
CC1(C(=O)(OON(=O)(=O)))C(OO)CC1C(ON(=O)(=O))(C)C(=O),-5.4215957182095735,-5.6708236
CC(ON(=O)(=O))(C)C(ON(=O)(=O))C(O)(C)C(=O)(OO),-7.23643149898453,-3.3617854
CC1(C(=O)(OO))OC1(O)C(N(=O)(=O))=CC(=O)(OO),-7.791839414157948,-8.39118
C(=O)(O)C(OO)C(C)(C(OO))C(ON(=O)(=O))C(=O),-8.173218611937045,-9.0078535
CC(O)CCC(OO)CC(OO)CC(ON(=O)(=O))C,-8.233231762846117,-9.7832985
C(=O)(O)C(OO)(C(ON(=O)(=O)))OC(=O)C(=O),-7.825405934943774,-5.832922
C(=O)(OO)C=CC1(OO)OC1(OO)C(=O)(OON(=O)(=O)),-6.195708308558096,-8.314712
C(=O)(OO)CC(=O)OOC(=O)C(=O)C(=O),-4.841023248105557,-5.7950234
C(=O)(OO)C(ON(=O)(=O))(C(=O))C(C)(C)OOC(=O),-4.587927803864659,-4.3426595
C(=O)(O)C(ON(=O)(=O))C(OO)(C(=O)(OON(=O)(=O)))C(O)C(=O)C(=O),-6.176892884688641,-7.533934
C(=O)(O)CC(=O)C(O)(C)C(=O)C(ON(=O)(=O)),-7.9215287556326075,-4.3018966
C(=O)(N(=O)(=O))C(O)(C(=O)(O))OOC(=O)C(OO)(C)C(=O),-7.0874749739487015,-8.913136
C(=O)(OO)C(=O)C1(O)OC1(ON(=O)(=O))CC(=O),-6.120708500762703,-6.9627867
C(=O)OOC(N(=O)(=O))(C(=O)(O))CC(=O)C(=O),-4.208162994666054,-5.659991
C(=O)(OO)C(N(=O)(=O))C(OO)(C)OC(=O)C(=O)(OO),-7.353114973162519,-8.83041
CC(=O)C(=O)CC(=O)CC(ON(=O)(=O))OOC(ON(=O)(=O))(C)C,-4.9264750599213585,-5.941675
CC(=O)C1(OO)OC1(N(=O)(=O))CC(=O)(OON(=O)(=O)),-2.7187121744591423,-4.6306047
C1C(OO)C(=O)C(OO)CC1C(=O)(OON(=O)(=O)),-6.848563670164367,-8.113484
C(=O)(N(=O)(=O))C1OC1C(=O)C(C)C(=O)(OO),-4.296983558273496,-5.638616
CC1(C)C(C(=O)(O))C(OO)C1CC(=O)(OON(=O)(=O)),-7.134240857132681,-6.8777466
C(=O)(OO)C(=O)C(=O)OOC(C(=O)(O))(C)C(=O),-7.26186244121709,-8.139148
C(=O)(N(=O)(=O))C(=O)C(OO)(C)C(O)C(=O)C(=O),-6.178396297249492,-4.6482177
C(O)C(=O)C(OO)C(O)C1(OO)OC1(O)C(=O)(N(=O)(=O)),-8.832262376123253,-14.099919
CC(OO)C(ON(=O)(=O))CC(=O)CC(O)CCC(ON(=O)(=O)),-9.778888378941701,-10.181416
C(=O)(O)C(N(=O)(=O))(OO)C(=O)C1(C)OC1C(=O),-8.150116242766671,-6.5016136
C1(=O)OOC(ON(=O)(=O))C(=O)C(OO)C1(OO)C,-6.840131927025141,-5.444172
C(OO)C(=O)C(C)(C(OO))C(ON(=O)(=O))(C)C(=O)(OO),-8.654098926253937,-8.519451
CC(O)C(C)(C(=O)(OO))C(OO)CC(=O)(OON(=O)(=O)),-7.764494448891128,-9.221569
C(=O)(O)C(=O)C1OOC(C(=O))C1(O)C(=O)(OON(=O)(=O)),-5.933788680767975,-5.4133782
C(OO)CC(O)C(=O)CC(=O)(OON(=O)(=O)),-7.322828511285479,-6.2506227
C(O)C(ON(=O)(=O))(C(=O)(OO))C(C(=O))C(C)(C)C(=O)(OON(=O)(=O)),-6.928819675407794,-7.203751
C(=O)(OO)C(ON(=O)(=O))OOC(=O)C(O)C(=O)(OON(=O)(=O)),-6.011262572857959,-5.8282604
CCC(OO)CCCC(ON(=O)(=O))C(ON(=O)(=O)),-5.098037036506867,-5.1537066
CC(ON(=O)(=O))CCCC(ON(=O)(=O))C(=O)(OO),-5.733755868681328,-7.05678
C1(=O)C(=O)OOC1C(ON(=O)(=O))C(=O)(O),-5.529812440776368,-4.905866
C(OO)CC(OO)C(OO),-7.427382158588443,-5.887656
C1(O)(O)C(C(=O)(O))OOC1(C)C(OO)C(=O),-9.624345078751503,-11.552341
CC(=O)C(ON(=O)(=O))C(ON(=O)(=O))CC(=O)CC(=O)(OO),-5.743205909180688,-6.207024
C(=O)(O)C1(O)OC1(N(=O)(=O))C=C(C(OO))C(=O),-9.496261308757312,-10.5532
C(=O)(O)C(=O)OC(=O)C(O)(C(=O)(OON(=O)(=O)))C(=O),-5.292744781871079,-5.4277725
C1(=O)OC1(OO)C(O)(N(=O)(=O))C(=O),-7.6289456922750105,-7.9828
C(=O)(O)CC(ON(=O)(=O))C(C(O))(C)C(=O)(OON(=O)(=O)),-7.295123914194846,-6.5410395
CC(=O)C(O)C(ON(=O)(=O))CC,-4.6977498034866585,-2.5565805
CC(OO)(C)C(ON(=O)(=O))(C(OO)(C)C(=O)(O))CC(=O)C(=O),-8.85695637608842,-10.856583
CC(=O)C(C(OO)(C)C)CC(=O)C(=O),-5.863043093005217,-4.8548784
CC(=O)C(C(=O)C(=O)(O))OOC(=O)(O),-6.110188234923044,-7.3683624
C1(O)(O)C(OO)OOC1(O)C(=O)C(=O)C,-9.541518616801113,-7.501767
C1C(=O)OOC(C(OO)C1(=O))C(=O)C(=O)(OON(=O)(=O)),-4.961107537899807,-6.011139
C(=O)(O)C(=O)C1(OO)OC1CC(=O),-6.173253442902933,-7.1836405
C(=O)(O)C(ON(=O)(=O))C(OO)(C(=O)(O))OOC(O)C(=O)(OON(=O)(=O)),-6.076057709709858,-9.708295
C(=O)(O)CCCC(OO)C(OO),-8.631502501670184,-7.7911696
C(O)C(=O)C(O)C1OOC(O)(C1(O)(N(=O)(=O)))C(=O)(OON(=O)(=O)),-8.767598092026674,-6.992185
C(=O)(OO)C(O)C1(O)OOC(O)(C1(O))C(=O),-8.997286635998535,-10.554069
C(=O)(OON(=O)(=O))C(ON(=O)(=O))CC(O)(C(=O))C(C)(C)C(=O)(OO),-6.868564467215037,-6.4834085
CC(=O)C(C(OO)(C(O))C(ON(=O)(=O)))CC(=O)C(=O)(OON(=O)(=O)),-7.260512528544496,-8.730504
C(O)C(=O)C(C)(C)C(OO)(C(=O)(O))C(=O)C,-7.540824694584444,-8.101561
CC1(C)OOC(C(ON(=O)(=O))(C)C(=O)(O))C(OO)C1C(=O)(OON(=O)(=O)),-6.637830042891437,-8.214059
C(=O)(O)C(OO)C(O)(C(=O)(OON(=O)(=O)))C1OC1C(=O)(O),-7.755678629786416,-9.823556
C(OO)C(ON(=O)(=O))C(C)(C(=O))C(=O)C,-5.332875672791488,-4.743756
C(OO)C(=O)C1OC1C(ON(=O)(=O))C(ON(=O)(=O))C(=O)(OO),-8.782794225082398,-9.431656
C(=O)(O)C1(ON(=O)(=O))OC1(O)C(=O)C(ON(=O)(=O)),-6.2250804204595624,-4.9261527
C(=O)(O)C(=O)OOC(ON(=O)(=O))C(=O),-3.093219175665581,-4.5181246
CC1(OO)C(O)(OO)C(ON(=O)(=O))C(C2(O))OOC12,-9.90246070352805,-9.823545
C(=O)(O)C(ON(=O)(=O))C(OO)(C(=O)(OON(=O)(=O)))OOC(=O)C,-5.926737167314059,-6.1897774
C1C(OO)C(=O)C1C(=O)C,-4.369236368580459,-3.0473375
C(=O)(N(=O)(=O))C1OC1C(O)C(=O)C(=O)(OO),-6.761571223996725,-7.042717
CC(OO)(C(O))C(C(=O)C(O))CC(=O)(OON(=O)(=O)),-9.184985481955664,-9.068525
CC(OO)(C(=O)(O))C1(OO)OC1C(=O)(OON(=O)(=O)),-6.872183766276066,-7.2663836
C(=O)(OO)CCC(=O)C(ON(=O)(=O))CC(=O)CC(=O),-6.973629410173089,-8.492366
CCCCCCCC(OO)C(=O)C,-3.801644007390678,-4.1749997
CC(OO)C(=O)CC(=O)C(=O)CCC(ON(=O)(=O)),-7.44825038525596,-6.6388235
CC(=O)CC(O)CCC(ON(=O)(=O))C(=O)C(=O)C,-6.882320216554945,-6.481555
C(=O)(O)C(=O)C(ON(=O)(=O))C(=O)OOC(=O)C(=O),-4.750581689579121,-5.6034
C1(O)(OO)C(ON(=O)(=O))(C)OOC1(O)C(OO)C(=O),-6.970207396898331,-10.604413
C(O)C(=O)CC(C(=O)C)C(ON(=O)(=O))(C)C(OO),-8.46799578221544,-9.0754595
C(=O)C(O)C(=O)C(C(ON(=O)(=O)))=C,-4.185149538778205,-5.2446055
C(=O)(O)C1OC1(C(=O)(OO))CC(=O)(OO),-8.905547428490536,-7.298213
C(=O)(N(=O)(=O))C(OO)=C(C)C(=O),-3.738172232388024,-3.162647
CC(=O)C(O)(O)C(ON(=O)(=O))C(OO)C(=O)(OON(=O)(=O)),-6.526046540831885,-6.675467
C(=O)(OO)CC(=O)C(ON(=O)(=O))(C)OC(=O),-5.067551478836322,-3.5788388
C1(OO)OC1CC(=O)C(=O)C(=O)(OON(=O)(=O)),-4.33618482840393,-3.6524935
C(=O)(N(=O)(=O))C(=O)OC(OO)C(O)(C)C(=O)C(=O)(OON(=O)(=O)),-6.417513674914517,-6.0202303
C(OO)C1(O)C(O)(C(=O)(OON(=O)(=O)))OOC1C(=O)(OON(=O)(=O)),-8.053878949453065,-6.1906548
CC(O)(C)C(OO)C(OO)C(=O)(OON(=O)(=O)),-5.929967624506389,-5.3044543
CC1(C)C(OO)C(OO)C1C(OO),-6.251129673142714,-6.6858816
CC(OO)C(O)C(=O)OC(=O)C(=O)(O),-6.829001912590684,-7.174944
CCC(ON(=O)(=O))C(ON(=O)(=O))CCC(=O)C(OO),-6.149694141769942,-5.797713
C(=O)(O)C(C(=O)(O))OOC(OO)(C)C(=O)(OON(=O)(=O)),-6.252553354977863,-8.237463
C12(O)OOC(ON(=O)(=O))(C1(O)(N(=O)(=O)))C(=O)C(=O)C2(=O),-5.949151153416096,-3.1821754
C(=O)(OO)C1(N(=O)(=O))OC1(O)C(OO)=CC(=O),-9.436300200864935,-9.475267
C(=O)(O)C(ON(=O)(=O))C(O)(N(=O)(=O))C(=O)OC(=O),-6.739034447940867,-5.4005
CC(ON(=O)(=O))(C)OOC(OO)C(OO)(C)C(=O)C(=O),-7.62351561511241,-7.4046764
C12CC(OO)(C1(C)C)C(OO)C(=O)C2(OO)C,-7.227984203948836,-6.7247567
C1(O)C(=O)OOC1C(ON(=O)(=O))C,-5.275655268364062,-3.4088845
C(=O)(OO)C(=O)C(ON(=O)(=O))C(O)(C(ON(=O)(=O)))C(=O)C(=O),-6.217180985500818,-6.404376
C1(O)C(ON(=O)(=O))(C(OO))OOC1(O)C(ON(=O)(=O))C(=O),-6.857969736189261,-8.225754
CC(=O)C(C(=O)C)CC(ON(=O)(=O))C(OO),-5.8373134108005615,-5.7239027
C(OO)C(=O)OOC(C(=O))C(=O)C(=O)(O),-7.0501030560080835,-6.857463
C1(O)(OO)C(OO)OOC1(OO)C(ON(=O)(=O))C(=O)C,-8.283365264092936,-9.258462
C(=O)(OON(=O)(=O))C(=O)OC(OO)(C(=O)(OO))C=CC(=O),-6.745681354717817,-8.022302
C1(=O)C(=O)C(O)(OO)C=CC1,-6.053632211162039,-4.057919
C(=O)(OO)C=CC(OO)(C(=O)(OON(=O)(=O)))OC(=O),-6.745681354717817,-4.2446094
C(=O)(N(=O)(=O))C(O)(C(=O)(O))OOC(=O)C(O)C(=O),-6.473469973936517,-7.5785613
CC1(C(=O)(N(=O)(=O)))OC1(ON(=O)(=O))C(=O)C(O)C(=O)(O),-7.2427057423883525,-5.9229975
CC(=O)C(OO)(C(OO)(C)C)CC(=O)C(ON(=O)(=O)),-7.000329205426169,-8.693843
C(=O)(OO)C1OOC(O)(C1(O))C(ON(=O)(=O))C(=O)(OON(=O)(=O)),-6.315628983418719,-7.065718
CC(=O)CC(ON(=O)(=O))CCCC(=O)(O),-7.2445502641567145,-6.156679
CC(=O)CCC(O)C(ON(=O)(=O))C(ON(=O)(=O))C(=O)CC,-5.153256828216399,-6.6009054
C1(O)C(OO)OOC1(C)C(O)C(=O)(OO),-8.13625637273799,-9.088187
CC(=O)C(OO)C(ON(=O)(=O))C(=O)CC(=O)C(ON(=O)(=O)),-5.835924094357324,-6.8378253
CC(OO)(C(=O)(N(=O)(=O)))OC(=O)C(OO)C(O)C(=O)(O),-7.850240067737104,-9.765567
CC(ON(=O)(=O))CC(=O)C(O)C(ON(=O)(=O)),-6.650300141158368,-4.4788656
C(O)C(=O)C(OO)OC(=O)C(ON(=O)(=O))C(=O)(OO),-7.301836408500094,-8.180399
C(=O)(O)C1(ON(=O)(=O))OC1(OO)C(C(ON(=O)(=O)))C(=O),-6.647930021423235,-7.4566455
C(=O)(O)C(OO)OC(=O)C=CC(=O)(O),-8.04870546150778,-8.50256
C(=O)(N(=O)(=O))C1OC1(C(=O)(OO))C=CC(=O)(O),-8.2179677409531,-7.257419
C(O)C(=O)C(=O)OC(OO)CC(=O),-7.091615533041477,-7.6460934
C(=O)(OON(=O)(=O))C(ON(=O)(=O))C(=O)C(C)(C)OOC(=O),-2.805125737839262,-2.8975663
C(=O)(O)C1OC1(N(=O)(=O))C(ON(=O)(=O))(OO)C(=O),-8.021140117522009,-5.972553
C(ON(=O)(=O))C(=O)C(=O)C(C)(C)C(ON(=O)(=O))C(OO),-5.967029430255934,-4.8018804
C1(O)C(O)(C(=O))OOC1(C(=O)(OON(=O)(=O)))C(ON(=O)(=O))C(=O),-6.391053794746767,-6.4398413
C(=O)(O)C(O)C(C)(C)C(ON(=O)(=O))C(=O)C(ON(=O)(=O)),-8.208285382954273,-7.4796696
C(=O)(OO)C(N(=O)(=O))=C(C(ON(=O)(=O)))C(OO)OC(=O),-7.772148771880893,-5.1813383
CC(ON(=O)(=O))(C(ON(=O)(=O)))C(O)(C(OO))CC(=O)C(=O)C,-7.680308158141997,-7.305038
CC(=O)CC(O)CC(O)C(=O)CC(=O)(O),-8.961711019414906,-11.533928
C1(=O)C(OO)C(ON(=O)(=O))C(ON(=O)(=O))(C(=O)(O))OOC1(=O),-6.447054079233567,-5.8213377
C(O)C(=O)C(N(=O)(=O))=C(OO)C1OC1C(=O),-8.511727776338375,-8.465642
C1(ON(=O)(=O))C=CC(=O)OOC1C(=O)(OO),-5.967944244139289,-5.832606
C(=O)(O)C=C(OO)C(=O)OC(=O),-7.405491128729409,-2.9450042
C1(O)C(OO)(C(=O)(O))OOC1C(O)(C(ON(=O)(=O)))C(=O),-7.787822762129508,-10.386731
C1(N(=O)(=O))(OO)OC1(O)C(O)C(OO)C(=O)(O),-8.19465749805022,-12.355842
C1(O)(O)C(=O)OOC1(N(=O)(=O))C(N(=O)(=O))C(=O)C(=O)(OO),-7.518341705959756,-7.6545916
C(=O)(O)C1(ON(=O)(=O))OC1C(ON(=O)(=O))(C(OO))C(O)C(=O)(O),-8.174085183658462,-10.640299
C(=O)(N(=O)(=O))C(OO)OC(=O)(O),-4.320448003822094,-4.158736
C(=O)(OO)C(N(=O)(=O))C(=O)C(=O)OC(=O)C(=O),-4.52147576106654,-4.9001207
C(=O)(N(=O)(=O))C(=O)OOC(=O)C(O)C(=O),-3.5389930943110812,-2.6003263
C(=O)(N(=O)(=O))C(=O)C(C)(C(=O)(OO))OOC(=O),-3.918180823995499,-5.3645062
CC(=O)C(O)C(OO)C(OO)(C(ON(=O)(=O))(C)C)CC(=O),-8.79507584953717,-10.645251
CC(=O)C(ON(=O)(=O))CC(=O)CC(=O)C(O)(C)C(OO),-8.21339437592178,-9.603677
C(=O)(N(=O)(=O))C(=O)CC(=O)(OO),-3.876669357441642,-3.8858726
C1(O)(N(=O)(=O))C(OO)(C(=O)(O))OOC1C(=O)C(=O),-8.008934802484873,-5.51643
C(=O)(OO)C(O)C(=O)C(ON(=O)(=O))(C(=O)(OON(=O)(=O)))C(=O),-6.176892884688641,-3.5080922
C1(O)(OO)C(=O)C=CC(=O)OC1(OO)C(O),-10.800204139943162,-9.706034
C(=O)(O)C(=O)OC(N(=O)(=O))(OO)C(O)C(=O)C(=O),-7.180860663393105,-6.8487678
C(=O)(OON(=O)(=O))C(ON(=O)(=O))C(C(O))(C(=O)(O))OOC(=O)C(=O),-6.032903113236898,-6.8640027
C(O)C1(C(=O)(OO))OOC(C1(O)(O))C(ON(=O)(=O))C(=O),-11.692342152240599,-11.802617
C(=O)(OO)C(N(=O)(=O))(ON(=O)(=O))C(O)(O)C(=O)C(=O)C(=O),-6.630985663676256,-5.176581
C1(ON(=O)(=O))OC1C(ON(=O)(=O)),-1.9264840575124254,-1.262116
C(=O)(O)CC(=O)C(OO)OC(=O)C(ON(=O)(=O)),-6.859988793519733,-7.1500673
C(=O)(OO)C(ON(=O)(=O))C(O)C1(OO)OC1(C)C(=O),-7.908973169083765,-7.90278
C(OO)C(=O)C1(O)OC1C(OO)C(=O)(OO),-7.967538480363146,-11.478876
C(=O)(O)C(N(=O)(=O))=CC(OO)(C(O))OC(=O)C(=O),-9.870440154067182,-8.804365
C(=O)(OO)C(N(=O)(=O))(OO)OOC(=O)C(=O),-5.483910190825554,-5.4940953
C(=O)(N(=O)(=O))C(=O)C1(C)OC1(OO)C(=O),-4.0553433955083165,-3.174018
C(=O)(OO)C(=O)OOC(C(=O)(O))C(ON(=O)(=O))(C)C(=O)(OON(=O)(=O)),-5.886682363467116,-8.227878
C1(=O)C(N(=O)(=O))(OO)OOC(C(=O)(O))C=C1C(ON(=O)(=O)),-8.002600290570626,-9.054376
C(=O)(O)C(OO)C(O)(C)C(=O)C(O)C(=O),-7.487970000500354,-7.4381304
C(O)C2(O)C(=O)C(=O)CC1OC12,-7.241833499231689,-6.351449
CC(=O)CCCC(=O)C(ON(=O)(=O))C(OO),-6.611844342020049,-6.465475
CC(=O)CCC(O)CC(OO)C(=O),-7.721079131142687,-7.826393
C(=O)(O)C1(C(OO))OC1C(ON(=O)(=O))C(O)C(=O),-9.266593823314906,-10.273633
C(O)C1(C(=O)(OO))OC1(OO)C(OO)C(=O),-8.07819207401917,-8.939356
C1(=O)C(OO)C(ON(=O)(=O))C(=O)OOC1(O)C(=O)(N(=O)(=O)),-5.816996798621403,-6.0702744
C(=O)(OO)C(=O)OC(=O)C(O)(C)C(=O),-6.419757761785149,-4.9132876
C(ON(=O)(=O))C(=O)C(=O)OOC(=O)C(OO)C(=O)(OO),-6.8503789785572735,-7.9770937
CC(=O)C(=O)CC(=O)C(OO)C(ON(=O)(=O)),-6.415243116507554,-4.9374776
C1(=O)C(O)(C(=O)(O))OOC1(C(OO))C(=O)C(=O),-8.114180930455404,-9.4461
CC1(C(=O)(OO))OC1(ON(=O)(=O))C(OO)C(=O)C(=O),-6.247728934793486,-6.60829
C(=O)(O)C1(C(ON(=O)(=O)))OOC(OO)(C1(=O))C(=O),-7.533738133057341,-6.81487
C(=O)(OO)C(=O)C1OOC(O)(C1(O))C(=O)C(=O),-7.613013424655946,-8.827127
C(=O)(O)C(O)(O)C(=O)OC(=O)C(O)C(=O)(O),-7.839928948746092,-11.714594
CC(=O)C(O)OOC(=O)C(=O)C(=O)(O),-6.554626601357086,-6.607629
CC(O)(C(=O)(O))C(ON(=O)(=O))(C(=O))OOC(=O),-6.600481400395438,-6.3722034
CC(=O)C(O)(OO)C1OOC(C1(=O))C(=O)(OON(=O)(=O)),-5.888935297820353,-4.065977
C(=O)(O)C(OO)C(ON(=O)(=O))(C1(O))OOC1(C)C(=O)(OON(=O)(=O)),-6.210978595496272,-8.549164
C(OO)C(=O)C(ON(=O)(=O))CC(=O)CC(=O)(OON(=O)(=O)),-5.670634773270649,-7.3568993
CC(O)(C)C(C(=O)(OON(=O)(=O)))C(=O)C,-4.600145808835805,-3.307074
C(ON(=O)(=O))C(=O)C(C(OO))C(O)(C)C(=O),-8.027408089968958,-7.1873126
C(=O)(OON(=O)(=O))C1(ON(=O)(=O))OC1(O)C(OO)(C)C(O)C(=O),-6.302634004916399,-8.10873
CC(O)(C(OO))C(=O)CC(=O)C(=O)(OON(=O)(=O)),-7.2694922023674735,-6.049542
CC1(C)C(ON(=O)(=O))(C(=O)(O))CC1C(=O)C(ON(=O)(=O)),-6.28174709636005,-6.89905
CC(O)(C(=O)(OO))C(C(=O))C(=O)C,-7.268552150806499,-6.7474265
C(O)C(=O)C(=O)C(OO)C(=O),-5.764455922801062,-6.229572
CC(O)(C(=O)(OO))C(=O)C(=O)OC(=O),-7.487970000500354,-6.573754
C(=O)(O)C1OOC(O)(C1(=O))C(ON(=O)(=O))(C(=O)(OO))C(=O),-7.944804899590963,-7.5380516
C(=O)(OO)C(=O)C(C1(O))OOC1(C(O))C(=O)(OON(=O)(=O)),-7.661154691162665,-9.157664
C(=O)(OON(=O)(=O))C(OO)OC(=O)C=CC(=O)C(=O),-4.792394184934892,-4.2951174
CC(O)(C(=O)(O))C(O)C1OC1(OO)C(=O),-9.157241283024632,-8.55377
C(=O)(OO)C(O)C(C)(C)C(=O),-7.099792990024071,-4.028965
CC(=O)C(=O)C(O)C(=O)CC(ON(=O)(=O))C(OO)(C)C,-8.390727621012047,-6.3575587
C1(O)C(=O)C(=O)C2(C(=O)(OON(=O)(=O)))OOC1C2(=O),-4.568421093250436,-3.466342
C(O)C1(C(=O)(O))OC1(OO)C=CC(=O)(OO),-10.24888718443799,-13.326361
CC(OO)C(=O)CC(ON(=O)(=O))C(=O)(OO),-7.683626661539165,-5.6151
CC(OO)(C)C(=O)C(O)(C)C(OO)CC(=O)C(=O),-8.966859578988078,-9.330861
C(O)C(=O)C1C(ON(=O)(=O))C(OO)(C(OO))C1(C)C,-8.519134733895044,-9.197177
CC(O)(C(ON(=O)(=O)))C(OO)(C(O))CC(=O)(OON(=O)(=O)),-6.881376993540471,-8.596951
C(ON(=O)(=O))C(=O)C(O)OC(=O)C(=O),-4.8842636898098135,-3.9722304
C1(=O)C(ON(=O)(=O))(C(=O)(OO))OOC1C(ON(=O)(=O))C(=O)(OO),-6.598751554525734,-8.089114
C1(O)C2(ON(=O)(=O))OOC1C(OO)C(O)C2(ON(=O)(=O)),-7.4172103994515055,-6.7388935
C(=O)(OON(=O)(=O))C(=O)C1(O)OC1(O)C(OO)C(O)C(=O),-7.760532582999076,-8.591795
CC(ON(=O)(=O))(C(=O)(O))C1C(OO)C(C(=O)(OON(=O)(=O)))C1(C)C,-7.154924108774139,-7.5026116
C(ON(=O)(=O))C(=O)C(=O)C(C)(C)C(C(=O)(OO))CC(=O)(OON(=O)(=O)),-5.6825408024033095,-5.4595084
CC(OO)CCC(=O)C(ON(=O)(=O))C(ON(=O)(=O))CC(O),-9.34386840908337,-7.8600945
C(=O)(OON(=O)(=O))C1(OO)OC1C(C)=C(OO)C(=O),-6.12441354539078,-5.650976
CC(=O)C1(OO)OC1C=CC(=O),-4.81792894370119,-5.6767263
CC(=O)CC(C(ON(=O)(=O))(C)C)C(OO)C(=O)(OON(=O)(=O)),-5.051852207703632,-5.657286
C(=O)(N(=O)(=O))C(=O)(OO),-2.0312911194032495,-0.5011975
C(=O)(OON(=O)(=O))C(=O)OC(OO)(C(=O))C(=O),-3.548566300636594,-3.0525358
C1(O)(O)C(OO)(C(=O))OOC1(C(ON(=O)(=O)))C(OO)C(=O),-10.345805069666312,-10.124111
C(=O)(N(=O)(=O))C(=O)CC(=O)OOC(=O)C(=O)(O),-4.494942341170827,-5.0228934
C(=O)(OON(=O)(=O))C1OC1(C(O))C(OO)=C(N(=O)(=O))C(=O),-8.536906803759848,-8.7967205
C(=O)(OO)C=C(OO)C1(C(OO))OC1C(=O),-9.96316446342098,-7.9012685
C(=O)(O)C1(C(OO))OC1C(=O)C(O)C(=O),-7.684384287207649,-8.412622
C(O)C(=O)C(O)C(OO)C1OC1(O)C(=O)(N(=O)(=O)),-8.432737278386412,-10.94427
C(O)C(=O)OOC(ON(=O)(=O))(C(=O)(O))C(=O)(O),-6.937426964046608,-8.950719
C(=O)(O)C(O)C(ON(=O)(=O))C1OC1(C(OO))C(=O),-9.44372155214478,-9.483609
CC(C(OO))(C(=O)(OO))C(=O)C(ON(=O)(=O))C(=O),-7.429739475093811,-5.266558
C1(O)C(OO)C(ON(=O)(=O))C2(C)OOC1C2(=O),-6.955440503594218,-5.7795763
C(=O)C(=O)C(OO)=CC,-3.67257344688187,-1.8031609
C(=O)(O)C(=O)C(O)C1(C(OO))OC1C(=O)(N(=O)(=O)),-9.36087298030725,-9.116649
CC(=O)C(ON(=O)(=O))(C1(=O))OOC1C(N(=O)(=O))C(=O)(OO),-4.757767233006234,-6.9848027
CCC(=O)CCC(ON(=O)(=O))CC(=O)(O),-4.384829294069277,-5.9451623
C(OO)C(=O)C(=O)C(=O)OOCC(=O)(OO),-7.347058645271318,-6.6281815
C(O)OOC(OO)(C(=O)(O))C(=O)C(=O),-7.150230033035768,-7.873217
C(=O)(OON(=O)(=O))C(O)(O)C(O)C(OO)C(ON(=O)(=O))C(=O),-7.844049415356494,-8.610739
CC(O)(C(=O)(OON(=O)(=O)))C(O)(C(=O))CC(=O)(OO),-6.7558766966321855,-7.2630467
CC1(O)C(C(=O)C)C(OO)C1CC(=O),-7.296031908326768,-8.400104
C1(=O)C(ON(=O)(=O))OOC1C(=O)C(=O)C(O),-3.7166578184769605,-3.9566612
C(=O)(O)C(=O)C(ON(=O)(=O))(C(=O))OC(=O),-4.277327109188263,-4.201003
C(ON(=O)(=O))C(=O)C(ON(=O)(=O))C(O)C(=O)C(=O)C(=O)(OO),-7.101831362982921,-6.967509
CC(=O)C(=O)C(C)(C)C(ON(=O)(=O))C(OO)C(=O)(O),-7.901489885272895,-6.6617146
C(=O)(OO)C(O)(O)C(ON(=O)(=O))C(=O)(OO),-8.793645511552313,-6.039769
C1(O)(N(=O)(=O))C(O)(C(OO))OOC1C(=O)(OON(=O)(=O)),-8.437951886036899,-6.743087
CC1(C)C(OO)C(O)(C)C(=O)CC1C(=O),-7.432890797339496,-7.0312295
C(OO)OOC(C(=O)(O))C(=O),-5.6161969900313125,-6.0067196
C(ON(=O)(=O))C(=O)OOC(O)(C(=O)(OON(=O)(=O)))C(=O)C(OO),-5.655906255138689,-6.6812906
CC(ON(=O)(=O))(C(OO))C(OO)(C)C(OO)C(=O),-7.3276718101260485,-8.909768
C(=O)(OO)CC(=O)C(OO)(C(=O)(OON(=O)(=O)))OC(=O),-5.812818111506203,-5.3745227
C(=O)OC(OO)C(O)(C(=O)(O))C(ON(=O)(=O))C(=O),-8.51537347339945,-8.420699
C2(ON(=O)(=O))C(O)C(OO)C(C1(=O))OOC12C(=O)(OON(=O)(=O)),-6.792424276254678,-5.966389
C1(=O)C(ON(=O)(=O))OOC1(C(=O)(O))C(ON(=O)(=O))C(=O),-4.864693356503267,-5.3762846
C1(=O)CC(OO)(C(ON(=O)(=O))(C)C)C(OO)C(=O)C1(ON(=O)(=O))C,-7.895965342535419,-7.693991
CC(OO)(C)OOC(C(=O)(O))C(=O),-6.315440879125163,-6.168431
C(O)C(=O)C(ON(=O)(=O))C(C)(C)C(=O)C(ON(=O)(=O)),-5.699118648941294,-5.384263
CC(OO)(C)C(=O)C(=O)C(OO)C(=O)(OON(=O)(=O)),-5.717376158063416,-4.2210417
C(=O)(OO)CC(C(ON(=O)(=O))(C)C(=O))C(ON(=O)(=O))(C)C(=O),-6.314216548553304,-6.910435
CC(=O)C(C(=O)C(=O)(O))OOC(=O)C(=O)(OON(=O)(=O)),-3.7933961907965568,-5.185816
C(=O)(O)C(O)C(ON(=O)(=O))C(ON(=O)(=O))(C(=O))OC(=O),-6.474117202198613,-7.0288205
C(=O)(N(=O)(=O))C(=O)OC(OO)C(O)(C)C(=O)C(=O)(O),-7.233622863976052,-7.6793776
CC(=O)C(C(ON(=O)(=O))(C)C(=O)(O))CC(ON(=O)(=O))C(=O)(O),-8.492036871917662,-9.185202
C(=O)(OON(=O)(=O))C1OOC(OO)(C(=O))C1(O)C(ON(=O)(=O)),-6.535102834519421,-4.41948
C(=O)(N(=O)(=O))C(=O)C(C(O))(C(=O))OOC(=O),-4.284300410905416,-4.557363
C2(O)C(ON(=O)(=O))C(=O)C(C1(O))OOC12C(=O)(O),-8.244836243335158,-8.396084
C(=O)(OO)C1OC1C(=O)C(O)(C(=O)(OON(=O)(=O)))C(=O),-6.623965809822039,-5.783132
C(=O)C(=O)C(O)(O)C1(OO)OC1(O)C(=O),-7.837141368554512,-4.285381
CC(=O)C(ON(=O)(=O))C(=O)C(C(OO)(C)C(=O)(OON(=O)(=O)))CC(=O),-6.260934494854155,-6.738231
C(O)C(=O)C(C(=O)(O))C(C)(C(ON(=O)(=O)))C(=O)CC(=O)(OON(=O)(=O)),-8.107602279493221,-10.272728
C(=O)(N(=O)(=O))C(=O)CC(C(=O)(O))OOC(=O),-3.7817127466641978,-6.0847797
CC1(C)C(OO)(C(=O)C(O))C(ON(=O)(=O))C1C(=O)(OO),-7.873094929653234,-4.248897
CC(ON(=O)(=O))C(OO)OOC(OO)(C(=O)(O))C(=O),-7.709928621721701,-7.7885237
C(=O)(O)C(ON(=O)(=O))C(O)(C)C(=O),-7.336085469480167,-4.9474034
CC(=O)C(C1(O))OOC1C(N(=O)(=O))C(=O)(OON(=O)(=O)),-5.208606253610924,-5.5396266
C(=O)(OO)C(ON(=O)(=O))C1(O)OC1(C)C(=O)(OON(=O)(=O)),-5.7883989395249955,-4.2512197
C1(O)C(O)(C(=O)(O))OOC1C(O)(C(=O)(O))C(=O),-9.028421419367078,-12.752234
C(ON(=O)(=O))C1CC(ON(=O)(=O))(C(=O)C)C1(C)C(=O)(OO),-6.609865253234602,-3.1854312
C(=O)C(=O)C(=O)C1(C(OO))OC1(=O),-3.542280147512429,-3.0878108
CC1(C)C(OO)C(O)(C(OO))C(=O)CC1(=O),-9.289028743328345,-7.6112432
C1OC1(O)C(=O)(OON(=O)(=O)),-0.787238062290271,-0.38244402
C(=O)(OO)C1OC1C(C(=O)(O))C(=O)(OON(=O)(=O)),-6.555382646592989,-8.26618
C(O)C(ON(=O)(=O))C(O)(C)C(C(=O)(OON(=O)(=O)))C(=O)C,-6.435974563433774,-6.142153
C(=O)(O)C1(OO)OC1(C)C(OO)=CC(=O),-9.849972998295925,-8.482844
CC1(C)C(ON(=O)(=O))(CC(=O)(O))CC1C(=O)(OO),-7.900686526609206,-8.8087635
CCCC(O)CCC(OO)C(ON(=O)(=O))CC(ON(=O)(=O)),-7.045659399456781,-8.565728
CC1(C)C(ON(=O)(=O))CC1(ON(=O)(=O))C(O)(C)C(=O)(OO),-7.072923216695926,-5.953634
C12OOC(OO)(C1(O))C(ON(=O)(=O))C(OO)C2(=O),-7.294415930424293,-8.469484
C(=O)(O)C(=O)OOC(C)(C(=O)(O))C(ON(=O)(=O))C(=O)(OON(=O)(=O)),-5.765641854968635,-7.8719482
C1(O)C2(O)OOC1C(OO)C(O)(C)C2(=O),-9.41334909993384,-8.180054
C(O)C1(OO)OOC(N(=O)(=O))(C(=O)(O))C=CC1(=O),-9.08413180565367,-9.495092
CC(=O)C(ON(=O)(=O))(C(=O)C)CC(OO)CC(=O)(OO),-8.1923035976979,-7.210082
C(=O)(O)C(O)C(OO)(C(=O)(O))C1OC1C(=O)(OON(=O)(=O)),-8.77721506096168,-10.606035
C1(OO)OC1(OO)C(O)(O)C(=O)C(O)C(=O),-9.200213457348582,-10.959125
CC1(OO)OC1C(O)C(ON(=O)(=O))C(=O)(OON(=O)(=O)),-5.532054564842838,-4.966201
CC(ON(=O)(=O))(C)C1(ON(=O)(=O))CC(=O)CC(=O)C1(OO)C(OO),-8.372410737390965,-9.501362
CC(=O)C(=O)C1OOC(O)(C1(O)(N(=O)(=O)))C(=O)(OON(=O)(=O)),-6.108028238251791,-4.573856
CC(OO)CCCC(=O)CCC(=O)(OON(=O)(=O)),-5.535761928678767,-5.776887
C1(O)(O)C(N(=O)(=O))(OO)OOC1(C(OO))C(OO)C(=O),-10.576988709055513,-12.609265
C(=O)(OON(=O)(=O))C1(O)C(O)(C(=O)(O))OOC1C(ON(=O)(=O))C(=O),-7.439024735520434,-9.060587
C(=O)(OO)C1(O)OC1(C(=O))C(=O),-7.4792026258401165,-5.2353415
C(ON(=O)(=O))C(C(=O)(OO))C(=O)OC(=O)C(=O)(OON(=O)(=O)),-4.2779078502207994,-4.840464
C(=O)(O)C(O)C(OO)C(=O)C(ON(=O)(=O)),-8.981752712426896,-7.9215775
CC(=O)CCC(O)CCCCC(OO),-6.791921801474928,-7.389744
C(=O)(O)C(=O)C(C(=O)(O))(C(ON(=O)(=O)))OOC(=O)C(=O),-6.9178452592932445,-7.678946
CCC(ON(=O)(=O))CC(=O)CC(O)CCC(OO),-7.816540654644996,-8.482286
CC(ON(=O)(=O))(C(OO))C(C(O)C(=O)(OON(=O)(=O)))CC(=O),-7.707938973479031,-7.723806
CC(=O)C1OOC(C)(C(ON(=O)(=O)))C(OO)C1,-6.693479450434097,-5.84685
C1(=O)C(=O)OOC1C(O)C(ON(=O)(=O))(C)C(=O)(OON(=O)(=O)),-4.585808034686124,-4.6288824
CC(ON(=O)(=O))(C(ON(=O)(=O)))C(=O)C(O)(C)C(=O)CC(=O)C(=O)(OO),-7.4217625353630865,-8.228659
C1(OO)OC1C=C(C)C(=O),-3.486106601265419,-3.9401004
C(OO)C12OOC(C1(=O))C(=O)C(=O)C2(=O),-4.849781084323695,-4.4569526
CC(=O)OOC(O)(C(=O)(N(=O)(=O)))C(OO)C(=O),-6.932374259096832,-6.734827
C(=O)(OO)C(=O)OC(O)C(C)=CC(=O)(OON(=O)(=O)),-6.289523746299892,-7.5170736
C(=O)(O)C(=O)OC(OO)(C)C(O)C(=O)C(=O),-6.963269077545192,-8.69381
C2C(=O)C(=O)C(=O)C1OC12C(=O)(OO),-5.048185745952651,-7.629683
C1(=O)C(=O)C(O)C(OO)OC(=O)C1C(OO),-9.474112953868826,-9.938354
CC(ON(=O)(=O))(C(=O)(O))C(C(O))C(OO)(C)C(ON(=O)(=O)),-7.931136836697988,-9.453597
CC(=O)C(=O)OC(OO)C(=O)C(N(=O)(=O))(OO),-5.960939291842806,-5.491667
CC(=O)C(O)C(=O)C1(ON(=O)(=O))OC1C(=O)(OON(=O)(=O)),-3.5333908626362245,-2.7046528
C(O)C1(C(=O))OOC(C1(O))C(ON(=O)(=O))C(=O),-7.9647522806008055,-8.029559
C(=O)(N(=O)(=O))C(=O)C(=O)OC(OO)C(=O)(OO),-5.685177828849191,-4.8655114
C(OO)C(=O)C(OO)(C)C(ON(=O)(=O))(C)C(=O),-7.652068982253695,-6.389551
CC(=O)C(ON(=O)(=O))C(O)(N(=O)(=O))C1(O)OC1(O)C(=O),-7.79079280806036,-6.710545
C(O)C(=O)C(O)C1OOC(O)(C1(O)(N(=O)(=O)))C(=O)(OO),-9.996680517158893,-11.491512
CC(=O)C(OO)C(=O)C(O)(N(=O)(=O))C(O)(OO)C(=O),-7.850240067737104,-10.170347
CC(=O)C(ON(=O)(=O))CC(=O)C(ON(=O)(=O))(C)C(OO)C(=O),-6.682365249189388,-7.194006
C12OOC(C2(=O))C(O)C(ON(=O)(=O))C1(OO)C(=O)(OO),-8.096404543164681,-9.041836
C(=O)(OO)C(=O)C(O)(C(O))C(=O)OC(=O),-6.758659578506922,-4.290176
CC(O)CCC(OO)C,-5.115975192196856,-3.8154984
C1(=O)C(=O)OOC1(O)C(=O)C(O)(C)C(=O)(O),-8.59555836297477,-7.0367546
C(=O)(O)C(O)C1(C)OOC(C1(O)(O))C(=O),-9.306706164137722,-7.799578
C(ON(=O)(=O))CCC(ON(=O)(=O))CC(=O)CC(OO),-7.170065732078001,-7.231378
CC1(C)CC(=O)C1(O)C(=O),-2.3316846992256615,-1.7314688
C(=O)C(O)C(OO)C(O)(C)C(=O)C(=O),-6.504154885744356,-9.11013
C(=O)(OON(=O)(=O))C(=O)C(ON(=O)(=O))C(=O)OOC(=O),-2.6617033752118004,-1.6928678
C(=O)(O)C(N(=O)(=O))C(=O)C(=O)C(=O)C(=O),-4.639396486691112,-4.282565
C1(=O)OC1(C(O))C(OO),-6.130332701457519,-4.3258634
C(=O)(O)C1(C(OO))OC1C=C(=O),-8.279022287215412,-6.158559
CC(OO)(C(OO))OOC(C(=O)C)CC(=O),-7.361982907328638,-7.1687784
C(=O)(O)C(OO)C1(ON(=O)(=O))OC1(C)C(=O)(OON(=O)(=O)),-6.302634004916399,-5.6383686
C(O)C(ON(=O)(=O))(C(=O)(O))C(C(=O)(OO))OOC(=O)C(=O),-8.019403952956054,-8.276166
C(=O)C(OO)(C(=O))OC(=O)C=C(=O),-5.250148943439854,-4.2780733
C(=O)(OON(=O)(=O))C1(C(=O))OC1(OO)C(O)C(OO)C(=O),-7.132113533207303,-9.185686
C(=O)(N(=O)(=O))C(=O)OC(OO)C=CC(=O)(O),-6.359474894963569,-5.815002
C1OC1C(O)(OO)C(=O)C(=O)C(O),-7.098832765959742,-5.942192
C(=O)(O)C(=O)C(O)(O)C(O)C(=O)C(=O),-8.671609637158326,-6.313435
C2(O)C(=O)C(=O)C(=O)C1(C(OO))OC12,-5.891876160625543,-5.993797
CC(=O)CCC(=O)C(ON(=O)(=O))CC(OO)C(=O)C,-7.423222723609797,-7.615681
C(=O)(OO)C(ON(=O)(=O))C(ON(=O)(=O))(C(=O)(OO))C(OO)OC(=O),-6.563311297579276,-8.240583
C1(ON(=O)(=O))OC1(OO)C(=O)C(C(=O)(OON(=O)(=O)))C(=O),-3.317565445071523,-4.3258615
CC1C(ON(=O)(=O))C(ON(=O)(=O))C1(C)C(OO),-4.703937289208625,-4.332998
C1(O)C(C(=O)(OO))OOC1C(=O)C(=O)(OON(=O)(=O)),-6.337451383080406,-6.9421
CC(OO)(C(=O)(O))C(ON(=O)(=O))(OO)C(=O)OOC(=O),-7.540969051835418,-8.835101
C(=O)(O)OOC(C(=O)(O))C(O)C(=O),-7.785891835705115,-9.411585
C1(O)(O)C(C(=O))OOC1(C(=O))C(=O)C(=O),-7.5338255258266145,-7.1574016
CCCCC(=O)C(ON(=O)(=O))CC(=O)(O),-5.594420747980621,-4.965566
C1(=O)COOC1(ON(=O)(=O))C(OO)(C)C(=O)(OO),-5.151719101620984,-4.3848777
C1(O)(OO)C(=O)OOC1(C)C(OO)CC(=O),-8.294173855720146,-8.776852
CC(=O)C(C(ON(=O)(=O)))C(C(O))(C)C(=O)(OON(=O)(=O)),-5.916234594644266,-5.2233477
C(=O)(OO)C(ON(=O)(=O))(C(=O)(OON(=O)(=O)))OC(=O),-3.786412641953575,-2.4399738
CC(ON(=O)(=O))(C)C(C(O)(C)C(=O)(OO))CC(=O)C(=O)(OON(=O)(=O)),-6.905186727064574,-7.0245066
CC(=O)C(ON(=O)(=O))C(O)C(C(=O)C)C(OO)C(=O)(OO),-7.195801124373247,-9.92745
C(O)C(C(OO))(C(=O)(OON(=O)(=O)))OOC(=O)C(=O),-6.970104817108222,-4.70404
C(OO)C(=O)C(=O)C(O)(C(=O)(N(=O)(=O)))OOC(=O),-6.815988629690764,-5.8607006
C(=O)(O)C(O)(N(=O)(=O))C(OO)C(=O)(OO),-7.872149465843904,-9.125955
C(=O)(O)C1(O)OC1C(=O)C(N(=O)(=O))C(=O),-7.082846466604678,-7.6635275
C(O)C(=O)C(ON(=O)(=O))C(=O)CC(=O)CC(=O)(O),-8.44405179127898,-7.857426
C(=O)(O)C(O)C(O)(C)C(=O)OC(=O)C(=O)(OON(=O)(=O)),-6.697653744657146,-6.6404305
C1(=O)C(=O)C(O)C(=O)C(ON(=O)(=O))C1(O)C,-6.080873172762949,-7.377018
C(=O)(OO)C(O)(C(=O))C(ON(=O)(=O))OOC(=O)C(=O),-7.589816991709085,-5.468797
CC(=O)C(O)C(=O)C(OO),-5.866205999131125,-2.8651857
C1(O)(O)C(O)(C(=O)(O))OOC1(C)C(=O)C(=O),-9.306706164137722,-10.772389
C(=O)(OON(=O)(=O))C1OC1(C(OO))C=C(OO)C(=O),-7.575825862446436,-7.6528096
C(=O)(N(=O)(=O))C(=O)OC(=O)C(ON(=O)(=O))C(OO)(C)C(=O)(OO),-6.3574277743537095,-4.425247
C(O)C(C(=O))(C)C(=O)C(=O),-4.108947056056422,-2.3508599
C(OO)CCCC(=O),-3.3540733832360274,-2.4730148
C(ON(=O)(=O))C(=O)C(O)C(=O)C(=O)(OON(=O)(=O)),-4.677627805849625,-3.1470318
CC1(C(OO))C(ON(=O)(=O))C(=O)C1CC(=O),-5.605134085177269,-6.2640944
C(=O)(O)C=CC1(OO)OC1(=O),-7.118326654886914,-12.095984
C(ON(=O)(=O))C(=O)C(C)(C)C(ON(=O)(=O))(C(OO))C(=O)C,-6.321991089995208,-6.904245
CC(OO)CC(=O)CCCCCC(=O)(O),-8.838001536607408,-8.183288
CC(=O)C(OO)(C(=O)(O))C(C)(C(ON(=O)(=O)))C(=O)C,-7.383598041902587,-7.460554
C(=O)(OON(=O)(=O))C(=O)CC(ON(=O)(=O))C(OO)(C)C(=O),-5.297068112709894,-5.4540095
C2(O)C(OO)C(OO)C1OOC2(OO)C1(O),-10.08020090743048,-11.691506
CC(=O)C(C(OO))C(O)(C(ON(=O)(=O)))C(=O)CC(=O),-8.445863208122319,-9.394771
CC(ON(=O)(=O))CCC(OO)C(OO)CC(=O)CC,-7.317567525773484,-8.341244
C1(ON(=O)(=O))OC1(ON(=O)(=O))C(O)(O)C(=O)C(O)C(=O),-6.387195172153952,-7.3293695
C12OOC(O)(C1(O))C(N(=O)(=O))C(=O)C2(OO),-7.281249446928996,-7.2802362
C(O)C(=O)C(=O)C(ON(=O)(=O))(OO)C1OC1C(=O)(OON(=O)(=O)),-6.259691322062281,-5.789762
CC(=O)C=C(OO)C1(OO)OC1C(=O),-8.625501037542563,-7.513014
C(OO)C(ON(=O)(=O))C(C)(C)C(=O)C(O)C(=O),-6.7426001114545215,-4.405755
C(=O)(O)C(OO)C1OC1C(=O)(OO),-9.655083488381933,-7.176228
C1(=O)OC1(C(O))C(O)(O)C(=O)(O),-9.644228501971156,-7.765547
C(=O)(N(=O)(=O))C1OC1(O)CC(=O)C(=O)(O),-5.418928201203016,-6.231693
CC(=O)C(O)C(OO)C1(OO)OC1C(=O)(O),-8.46670416719644,-11.14037
C(=O)(N(=O)(=O))C1(O)OC1C(O)C(=O),-6.3457760204073566,-6.2012987
CC(=O)C(=O)C(O)C(ON(=O)(=O))C(=O)C(=O)(OO),-7.021251291751469,-6.6006684
CC1(C)C(=O)C(ON(=O)(=O))(C)C(ON(=O)(=O))CC1C(=O),-4.835729027861817,-5.4518156
CC(=O)OOC(C(=O)(O))C(=O)C(ON(=O)(=O))C(=O)(O),-6.649007726799027,-8.795404
C(=O)(OON(=O)(=O))C(=O)OC(OO)CC(=O)C(=O),-4.306836121284505,-4.180592
CC(ON(=O)(=O))CCCC(OO)CCC(O)C,-8.15261408745937,-7.3745375
C(=O)(OO)C1(C(=O))OC1(O)C(=O)CC(=O),-6.223816679770607,-6.3031254
C(=O)C(OO)C(ON(=O)(=O))(OO)C1OC1(O)C(=O),-5.923774473476442,-6.4864645
CC(OO)CC(=O)CC(ON(=O)(=O))C(=O)CC(=O)(OO),-8.39220313563419,-8.451642
C(=O)(OON(=O)(=O))C(O)C(O)(OO)C(O)(N(=O)(=O))C(=O),-6.9671948011109635,-5.3991513
C1(ON(=O)(=O))OC1C(=O)C(OO)C(=O)(OO),-5.601936110129827,-5.7616878
CC(=O)C(ON(=O)(=O))C(OO)(C(ON(=O)(=O))(C)C)CC(=O)(OO),-7.431430144433762,-7.5297556
C(=O)(OO)C(=O)OOC(ON(=O)(=O))C(O)C(=O),-6.742876616370268,-6.420429
C(=O)(OO)C(=O)OC(OO)C(N(=O)(=O))C(=O)(OON(=O)(=O)),-5.01875739209936,-5.8093395
CC(OO)(C(ON(=O)(=O)))C(C(=O))C(ON(=O)(=O))(C)C(=O),-5.994571746048678,-6.951171
CC1(C(OO))C(=O)CC1C(ON(=O)(=O))(C)C(=O)(OON(=O)(=O)),-6.46943599586848,-6.0304823
CC(=O)C(=O)C1(O)OOC(O)(C1(O))C(=O)(OO),-8.541015685308594,-11.272661
C12OOC(O)(C2(O))C(=O)C(O)C1(OO)C(O),-10.803436410469658,-9.201862
C(=O)(O)CC(=O)CC(C(=O)C)C(ON(=O)(=O))(C)C(OO),-9.32894192797903,-10.31866
C(OO)C(=O)C(OO)C(=O)OC(=O),-7.789214173484652,-5.494155
C1(=O)C(O)C(OO)C(OO)OOC1C(=O)(O),-7.36667192754976,-11.094008
C(ON(=O)(=O))CC(O)CCC(=O)CCC(=O)(OO),-9.276329430498663,-8.230069
C1(=O)C(=O)OOC1(OO)CC(=O)C(=O),-4.960039100242284,-4.1816964
C(O)C(C(=O)(O))C(C(ON(=O)(=O)))(C(=O))C(=O),-9.299360770084604,-7.8735595
C1(ON(=O)(=O))OC1C(=O)C(O)C(=O)(O),-5.774104442030875,-4.56506
C1C(=O)C(O)(C)C(OO)CC1C(OO)(C)C,-9.180683584514554,-8.291813
CC(O)(C(=O)(OO))C(C(=O)(OON(=O)(=O)))C(ON(=O)(=O))(C)C,-6.692461516282492,-4.553879
CC(=O)CC(ON(=O)(=O))(C(OO))C(OO)(C)C(=O),-7.763392169103099,-8.654402
C1(O)(N(=O)(=O))C(=O)OOC1C(OO)C(O)(C)C(=O),-8.554683148075128,-7.811521
C(ON(=O)(=O))CC(=O)CC(=O)CC(=O)CC(OO),-6.22512273522625,-8.073082
C(=O)(OO)C(=O)OC(=O)C(C(ON(=O)(=O)))C(=O)(OON(=O)(=O)),-4.136773864454881,-5.380513
CC1(C)OOC(C(=O)C)C(ON(=O)(=O))C1CC(=O)(OO),-6.987129473407549,-8.071358
C(=O)(O)C(N(=O)(=O))=C(OO)C(=O)(O),-8.959898652165066,-6.153976
C1(OO)OC1(C(=O)(OO))CC(=O)(OO),-7.812975478105727,-7.2671895
C1(O)C(=O)OOC1(C(OO))C(OO)CC(=O),-8.348520601128257,-10.915893
C(=O)(OON(=O)(=O))C(O)(OO)C1(O)OC1C(=O),-7.760532582999076,-6.264041
CC(=O)C(O)C(ON(=O)(=O))C(OO)OC(=O)C(=O)(O),-7.021251291751469,-9.943319
C(=O)(O)C(C(OO))C(=O)C1OC1C(=O),-8.19709523610436,-7.951659
CC(=O)C(=O)C(C)(C)C(C(O))C(=O)(OON(=O)(=O)),-4.749177506177148,-3.861
C1(O)(O)C(C(=O)(OO))OOC1(C(=O)(OON(=O)(=O)))C(=O),-7.903765815794031,-8.980435
CC(O)(C)C(OO)(C(=O))C(OO)C(=O),-7.2477930567984,-6.628394
C(=O)(O)CC(ON(=O)(=O))C(O)(C)C(C(=O))C(=O)C,-8.15271123813909,-7.8864226
CCC(O)CCC(=O)CCC(OO)C,-6.529561340054897,-6.432534
C(=O)(O)C(C(=O)(O))OOC(=O),-7.955614135822543,-6.5557323
C(=O)(OON(=O)(=O))C=C(OO)C(ON(=O)(=O))(C)OC(=O),-4.212636202857539,-1.2019228
C12OOC(C1(O))CC(=O)C2(=O),-5.39417467486237,-5.2819333
C1C(=O)C(N(=O)(=O))(ON(=O)(=O))C(=O)OOC1C(=O)(OO),-4.244166662592761,-5.9538465
C(=O)(O)C1(N(=O)(=O))OC1C(O)C(=O)C(=O)(OON(=O)(=O)),-6.883210375490307,-5.602747
CC(=O)C(OO)C(O)C(=O)C(O)(C)C,-6.944849551724474,-7.54423
C(=O)(OON(=O)(=O))C=C(C(=O))C1(OO)OC1(OO)C(=O),-6.912076348813571,-5.6148577
C(=O)(O)C(O)C(ON(=O)(=O))C1(C(=O)(O))OC1C(=O),-8.41960457827372,-9.612929
CC(=O)C(C(OO))C(C)(C(ON(=O)(=O)))C(=O)CC(=O)(OON(=O)(=O)),-6.940269758380964,-8.594204
C(=O)(OO)C(ON(=O)(=O))(C(=O))C(ON(=O)(=O))C(=O)OOC(=O),-4.47384142991541,-4.129808
C(=O)(O)C1(C(ON(=O)(=O)))OC1C(OO)C(=O)(OON(=O)(=O)),-6.300056223180945,-5.707693
C(=O)(N(=O)(=O))C(OO)OC(=O)C(ON(=O)(=O))C(OO)(C)C(=O)(O),-6.417513674914517,-9.448976
C(O)C(=O)C(ON(=O)(=O))C(C)(C(=O)(OO))C(O)C(ON(=O)(=O)),-7.011045325702071,-8.042485
C(=O)(OON(=O)(=O))CC1(OO)OC1(N(=O)(=O))C(=O),-4.177952018031647,-3.305988
C(=O)(O)C(=O)C(=O)C(O)(OO)C(ON(=O)(=O))(C)C(=O)(OON(=O)(=O)),-6.198443286637485,-5.183095
CC(=O)C(O)C(C)(C)C(C(ON(=O)(=O)))C(=O)(OON(=O)(=O)),-5.696845715321615,-5.7019625
C(=O)(OON(=O)(=O))C(=O)C(C(=O)(O))OOC(=O)C(=O),-3.5893831154371583,-5.2901206
C1(O)C(O)(OO)C(=O)C=CC1(OO),-8.27480290010135,-8.375104
C(=O)(N(=O)(=O))C(OO)OC(=O)C(ON(=O)(=O))C(O)C(=O)(OO),-5.973143870422064,-6.9194217
C(=O)(O)C(O)OC(=O)C(=O)C(=O)(OO),-7.2136593705963605,-7.0525656
C(=O)(O)C1OC1C(=O)C(C)C(=O)(OON(=O)(=O)),-3.9958623550392076,-4.181955
CC(=O)CCC(=O)C(OO)C(OO)CCC,-7.4289997093383136,-7.865765
C(=O)(O)C=C(C)C(=O)C(O)(O)C(=O)(OON(=O)(=O)),-6.633684636675753,-8.089122
C(=O)(O)C(ON(=O)(=O))(OO)C(=O)C(=O),-7.318431126423093,-4.6247616
CC(=O)C(=O)C(O)(ON(=O)(=O))C(=O)OC(=O)C(=O),-4.558259546167392,-4.131272
CC(O)(C(=O)(OO))C(=O)CC(C(=O))C(OO)(C)C,-10.396884924515689,-9.205212
CC(ON(=O)(=O))(C)OOC(C(=O)(O))C(ON(=O)(=O))C(=O),-5.055473796208389,-6.0928864
C(=O)(OON(=O)(=O))C(O)(O)C(=O)OC(=O),-5.483721976839661,-2.355857
C(ON(=O)(=O))CCCC(=O)CC(OO),-6.22512273522625,-5.076587
C(OO)C(ON(=O)(=O))C(C(ON(=O)(=O)))(C(O))C(=O),-7.5300286764031625,-7.10902
C(=O)(OO)C(O)(N(=O)(=O))C(=O)C(=O)C(=O)C(=O),-6.843783248232285,-3.576545
C(=O)(OO)C1(ON(=O)(=O))OC1C=C(OO)C(=O),-7.218822628510679,-5.328164
C(=O)(O)C(=O)OC(OO)C(ON(=O)(=O))(C(ON(=O)(=O)))C(=O)(OO),-6.549061196110415,-8.574894
CC(=O)C(=O)C(C(ON(=O)(=O)))(C(OO))C(=O)(OO),-7.479680422071397,-5.310089
C1(=O)C(OO)OOC1C(=O)(O),-7.663379043264285,-4.852727
C1C(O)C(=O)C(=O)CC1(OO)C(ON(=O)(=O))(C)C,-8.365253939720787,-9.456779
CC(=O)CC(=O)CC(ON(=O)(=O))C(O)CC(OO)C,-9.315808937233669,-8.400418
C(=O)(OON(=O)(=O))C(OO)C(OO)(C1(=O))OOC1(C)C(=O),-6.2689864514304645,-5.415141
C(=O)(O)C(ON(=O)(=O))C1(OO)OC1(C)C(=O)(OO),-6.729898486375532,-7.9175105
C(=O)(O)C(=O)OOC(C(=O)(OO))(C(O))C(=O),-7.446151664689751,-10.045794
C12OOC(C2(O))C(O)C(=O)C1(OO)C(=O)(OON(=O)(=O)),-7.606920489170079,-7.906845
CC(ON(=O)(=O))(C)C(C)C(O)C(=O),-4.688763039130208,-4.4117646
C(=O)(O)C(OO)C(N(=O)(=O))C(=O)C(ON(=O)(=O))C(=O),-7.168821475963341,-6.7985673
C(=O)(OO)C(O)(O)C(ON(=O)(=O))(C)C(O)C(=O)(OON(=O)(=O)),-7.199652181356214,-8.232558
C(=O)(O)C(=O)C(=O)C(O)(C)C(=O)OC(=O),-6.096896551200189,-3.9760807
C(=O)(OO)CC(C(=O)(O))C(C)(C)C(=O),-6.382788121435624,-6.631445
C(=O)(O)CC1(OO)OC1(N(=O)(=O))C(=O)(OO),-6.727511310549744,-6.968818
C(O)C(=O)C(N(=O)(=O))C(=O)C(=O)OC(=O)C(=O)(O),-6.880997907708661,-8.071511
CC(=O)C1CC(OO)C1(ON(=O)(=O))C(OO),-7.549196222513274,-7.038471
CC(O)(C(=O)(OO))C(ON(=O)(=O))(C(=O))C(C)(C)C(=O),-7.901489885272895,-7.3026977
C(=O)(OON(=O)(=O))C(=O)C=CC1OC1C(=O),-3.225914587288571,-3.527765
C1(=O)OC1(C)C(OO)C(ON(=O)(=O))C(=O)(O),-6.729898486375532,-6.4313717
C(=O)(O)C(ON(=O)(=O))C(C1(O)(O))OOC1(C(O))C(=O),-10.001251650646736,-13.044623
C(=O)(N(=O)(=O))C1(O)OC1C(OO)(C)C(=O)(OO),-6.532106225391544,-8.970355
CC(C(O))(C(=O)(O))C(=O)CC(=O)(OO),-8.961179008791078,-6.5852056
C(ON(=O)(=O))C(=O)C(=O)C(O)(O)C1OC1(OO)C(=O),-6.864632200618871,-8.096798
C1(=O)C(=O)OOC1C=C(N(=O)(=O))C(=O)(OO),-5.302925987165509,-4.69686
C(O)C(C(OO))C(C(=O)(O))(C)C(=O),-8.600344188932468,-9.306828
C(=O)(OON(=O)(=O))C(OO)C(O)(C(OO))C(=O),-6.859420754437451,-6.4426203
C(=O)C(=O)C(O)(C1(O)(O))OOC1(C(=O)(OON(=O)(=O)))C,-6.86732585918071,-9.447315
C1(ON(=O)(=O))OC1C(O)(C(O))C(=O)C(=O)(OO),-7.0802604687341955,-7.453166
C(=O)(O)C(C(=O))=CC(=O)OC(=O)C(=O),-5.699474479950368,-5.4364157
CC(ON(=O)(=O))(C)C(ON(=O)(=O))C(O)(C)C(=O)CC(=O)(O),-7.790431736464598,-7.7227345
C(OO)C(=O)C(C1(=O))OOC1C(N(=O)(=O))C(=O)(OON(=O)(=O)),-4.66885842218835,-5.5871553
CC(ON(=O)(=O))CCCC(ON(=O)(=O))C(=O),-4.153505012527603,-4.0688214
C1(O)(O)C(OO)(C(=O))OOC1(C)C(=O)C(=O),-9.624345078751503,-10.843967
CC(OO)(C)C(ON(=O)(=O))(C(ON(=O)(=O))C(=O)(OO))CC(=O),-7.457357434441292,-6.52879
C(=O)(O)CC(=O)C1(N(=O)(=O))OC1(OO)C(=O)(OON(=O)(=O)),-6.153525712494229,-6.189937
C(=O)(OO)C(N(=O)(=O))(OO)C(C(=O)(OON(=O)(=O)))OOC(=O),-5.891327614284819,-5.7298594
C(=O)(OO)C(OO)OC(=O)C(O)(C(ON(=O)(=O)))C(ON(=O)(=O))C(=O),-6.217180985500818,-9.777901
CC(=O)C(=O)CC(=O)CC(ON(=O)(=O))C(ON(=O)(=O))(C)C,-5.17078934527126,-5.3974423
C1(=O)C(ON(=O)(=O))(C)C(=O)C(OO)C(OO)C1(C)C,-7.647313498971926,-5.349136
C(=O)(O)C1OC1(OO)C(O)C(OO)C(=O)C(=O),-8.608669679832019,-10.479086
C(=O)(OON(=O)(=O))C(O)C(OO)(C(ON(=O)(=O)))C(=O)OC(=O)C(=O),-6.338169877331893,-6.188057
C(=O)(OON(=O)(=O))CC1OOC(N(=O)(=O))(C1(O)(OO))C(=O),-6.424058128401157,-6.5539584
CC(OO)(C)C(=O)C(O)(C)C(ON(=O)(=O))CC(=O)C(=O),-7.936504742807301,-7.666496
CC(=O)CCC(O)CC(OO)C(ON(=O)(=O))CC,-7.550251619892151,-8.145576
CC(=O)C(ON(=O)(=O))C(OO)OOC(O)(C(=O)(O))C(=O),-7.222208671428234,-8.419807
C(=O)(OON(=O)(=O))C(OO)C(O)(O)C(=O)C(OO)C(=O)(OON(=O)(=O)),-6.957238812876312,-5.9533076
C(=O)(O)C(ON(=O)(=O))OOC(=O)C(ON(=O)(=O))C(=O)C(=O)(OO),-6.899058622007942,-7.6395683
CCCCCCC(=O)CC(ON(=O)(=O)),-3.7921698244663276,-3.045276
CC(ON(=O)(=O))(C(ON(=O)(=O)))C(OO)CC(=O)CC(=O),-6.896335931165595,-7.613635
CC(ON(=O)(=O))CC(ON(=O)(=O))C(O)CCC(=O)(O),-9.116170443972806,-7.588447
CC(O)C(O)C1OC1(ON(=O)(=O))C(=O),-5.993389011237014,-5.15334
C(=O)(OON(=O)(=O))C(O)C(C(=O))(C(OO))OOC(=O),-5.985775699522492,-6.146305
CC(OO)(C)C=C(OO)C(=O)(OON(=O)(=O)),-5.433595092044925,-3.4810884
C(=O)(OO)C(=O)C(ON(=O)(=O))C1(C)OC1C(=O),-5.295353087967669,-5.8708463
C1(O)C(O)(C(=O)(OON(=O)(=O)))OOC1C(O)C(=O)C(=O)(OON(=O)(=O)),-6.8130951001512585,-7.0383525
C(=O)(OO)C(ON(=O)(=O))C1(C(=O)(OO))OOC(C1(=O))C(=O),-7.944804899590963,-6.839715
CC(OO)(C(=O)(O))OC(=O)C(ON(=O)(=O))(OO)C(=O)C(=O),-7.301692144976187,-7.5445676
C(=O)(O)C(ON(=O)(=O))OOC(C(=O)(O))C(OO),-7.101009527439601,-8.945333
C(O)CC(OO)C(ON(=O)(=O))CC(=O)(OON(=O)(=O)),-8.196464606113295,-6.745344
C(=O)(OON(=O)(=O))C(O)(C(=O))C(C(=O)(O))OOC(=O),-6.139363833159223,-6.9229407
C(=O)(O)C1OC1(ON(=O)(=O))C(C(=O)(OON(=O)(=O)))C(=O),-3.151915030555756,-4.792661
CC(=O)CC(=O)C(=O)CC(ON(=O)(=O))CCC(ON(=O)(=O)),-6.134123515883402,-6.3396425
C1(ON(=O)(=O))OC1C(ON(=O)(=O))(C(O))C(O)C(=O)(OO),-7.427971165792769,-7.711006
C(=O)(O)C=CC(N(=O)(=O))(OO)OC(=O)C(=O),-7.416977454024163,-6.2513766
C1(=O)C(OO)C(ON(=O)(=O))C(=O)C(OO)C1(ON(=O)(=O))C,-6.9243589528359735,-6.1975617
CCC(=O)CCC(O)C(ON(=O)(=O))CCC(=O)(OON(=O)(=O)),-5.763479343271683,-6.7314386
C(=O)(OON(=O)(=O))C1(O)C(O)(C(=O))OOC1C(ON(=O)(=O))C(=O),-6.391053794746767,-1.584359
C(=O)(OO)C1(OO)OC1(C(=O))C(=O)C(O),-7.392802618604037,-8.146661
C(=O)C(=O)C(O)(O)C(=O)C(OO)C(=O),-7.5319506099003775,-4.8822894
CC(=O)C(ON(=O)(=O))C(OO)C(O),-7.4675728543552395,-5.2786856
C1(OO)OC1(ON(=O)(=O))C(ON(=O)(=O))C(=O)(OO),-6.138974153467643,-5.4760213
C1(O)C(OO)OOC1C(OO)(C(ON(=O)(=O)))C(=O)(OO),-9.047781743665837,-8.942731
C12OOC(C1(=O))C(N(=O)(=O))=C(OO)C2(OO),-7.516638478464301,-7.56178
CC(=O)C(OO)C(O)C(=O)C(=O)C(=O)(O),-6.829001912590684,-9.931552
C(=O)C1(O)OC1C(OO)(C(=O)(OO))C(O)C(=O),-8.881640813095146,-14.237888
C(=O)(OON(=O)(=O))C(O)(N(=O)(=O))C(O)(C(=O))OOC(=O)C,-6.369691220441382,-4.88544
CC(O)(C(=O))C(OO)(C(=O))OOC(=O)C(=O),-8.416545326845153,-6.0993843
C1(O)C(OO)C(=O)C(C2(O)(O))OOC12,-9.785406690434684,-9.051044
CC(=O)C(OO)CC(=O)CC(O)CCC(ON(=O)(=O)),-9.641413941171777,-9.926801
C1(O)C(OO)C(OO)C(O)C(=O)C1(O)C(ON(=O)(=O)),-7.617079956917223,-8.504118
C(=O)(OON(=O)(=O))C(ON(=O)(=O))C(C)(C)C(C(=O))C(OO)(C(O))C(=O)(O),-6.805041902849553,-10.344957
CC1(O)C(=O)OOC1C(ON(=O)(=O))C(O)(N(=O)(=O))C(=O)(OO),-7.121664174264879,-7.0122504
CC(=O)OOC(=O)C(=O)C(N(=O)(=O))(ON(=O)(=O))C(=O)(O),-4.716679908266087,-4.4430532
C(=O)(OO)C(=O)C1OOC(ON(=O)(=O))(C1(O))C(ON(=O)(=O))C(=O),-6.598751554525734,-8.38916
C(=O)(OO)C(OO)C(O)(OO)C(=O)C(=O),-8.519154339892339,-7.7585816
C(=O)(OO)C(=O)C(O)C(C(=O))OOC(=O),-6.971758109561051,-7.9019713
CC(ON(=O)(=O))C(=O)CC(=O)C(OO)C(ON(=O)(=O))C(=O)CC,-6.693659671149362,-7.580112
C(=O)(OON(=O)(=O))C(O)C(ON(=O)(=O))C(OO)OC(=O)C(=O),-6.018232447728224,-5.355772
C(O)C(=O)C(OO)C(C)(C(O))C(C(=O))CC(=O)(O),-10.31584710081097,-15.664972
C1(O)C(=O)C(=O)CC(OO)(C(O))OC1(=O),-8.860340970288235,-10.615963
C(=O)(O)C(OO)(C(OO))C(=O)C(O)(O)C(=O),-11.191314082043391,-11.216526
CC(ON(=O)(=O))(C(=O)(O))C(OO)(C(O))C(=O),-8.60246723068849,-7.405622
CCC(O)C(ON(=O)(=O))CC(OO)C(ON(=O)(=O))CCC,-7.51218627648268,-7.180186
C(O)C(=O)C1(ON(=O)(=O))OC1(OO)C(=O)C(=O),-6.20107227340668,-5.3838115
C(OO)C(=O)OOC(C(=O)(O))C(ON(=O)(=O))C(=O)(OO),-6.963609007478226,-8.661606
C(=O)(O)C(ON(=O)(=O))C(O)C1OC1(C(OO))C(=O)(OON(=O)(=O)),-7.71090399392051,-9.206674
C(ON(=O)(=O))C1CC(ON(=O)(=O))(C(=O)C)OOC1(C)C(OO),-6.052289916569862,-7.128958
CC(ON(=O)(=O))C(=O)CC(ON(=O)(=O))C(=O)CC(=O)C(OO)C,-8.20290893762467,-7.7640004
C(O)C(=O)OC(=O)C(=O)C(ON(=O)(=O))C(=O)(O),-6.641975125974568,-6.840456
CC(=O)C(OO)CC(C(=O)C(O))CC(=O)(OON(=O)(=O)),-7.150678915697426,-8.72352
C1(O)C(OO)(C)OOC1(N(=O)(=O))C(=O)C(=O),-7.793382591426052,-3.8125017
C1(O)C(ON(=O)(=O))(C(=O))OOC1C(=O)C(=O)C(=O),-3.979495313917141,-4.9676056
C1C(=O)C(=O)C2OOC1(O)C2(O)(ON(=O)(=O)),-5.232179222868581,-6.590808
CC(=O)C(O)(C(=O)(O))OOC(=O)C(=O)C(=O)(O),-7.286906411916789,-9.817457
CC(OO)(C(ON(=O)(=O)))C(ON(=O)(=O))(C(=O)(OO))CC(=O)C,-8.495939615011594,-7.834415
C(O)C(C(=O)(OON(=O)(=O)))C1OC1(OO)C(=O)(OON(=O)(=O)),-6.918308286960382,-5.335481
C(=O)(OO)C(O)C(C1(O))OOC1(C)C(=O),-8.472292677402947,-8.414445
C(=O)C(O)(O)C(O)(OO)C(=O)C(=O),-9.832643621197349,-4.95009
CC(ON(=O)(=O))(C(=O)(O))C1OC1C(O)(O)C(=O)(OON(=O)(=O)),-5.878851987929011,-7.426965
C12OC1C(OO)C(O)(OO)C(=O)C2(O)C(O),-10.21782378948592,-8.5805435
C(=O)(O)C(ON(=O)(=O))C(ON(=O)(=O))C(O)(C(OO))C(=O)C(=O),-6.753099761997873,-6.9973984
C(=O)(OO)C(=O)C(O)(C)C(=O)(OON(=O)(=O)),-5.790700324225327,-3.816812
C(=O)(O)C(C(=O))OOC(ON(=O)(=O))(C)C(O)C(=O),-6.607954077522663,-8.373205
C1(O)C(ON(=O)(=O))C(C(=O)(OO))OOC(=O)C1(=O),-7.190115584171508,-7.5018406
CC(C(=O)(OO))=CC1(N(=O)(=O))OC1(O)C(=O)(OO),-8.592806377597299,-6.9666924
CC1(C)C(OO)C(=O)C1(ON(=O)(=O))CC(=O),-6.390309137652366,-4.8600807
C12OOC(ON(=O)(=O))(C1(O)C)C(ON(=O)(=O))C(OO)C2(=O),-5.670518601482399,-6.8535724
C1(=O)C(OO)OOC1CC(=O)(OON(=O)(=O)),-5.334750528973018,-3.478939
CC(ON(=O)(=O))(C)C(C(OO)(C)C(=O))C(OO)C(=O)C(=O),-7.107816057996388,-8.752165
CC(=O)CCC(=O)CCC(ON(=O)(=O)),-4.085003800646518,-3.8136919
C(=O)(O)C1OOC(=O)C=C(C(O))C1(=O),-7.81283370550409,-7.865547
C1(O)C(OO)OOC1(O)C(OO)C(=O),-8.497771570207988,-8.479105
C(=O)(O)C(N(=O)(=O))(ON(=O)(=O))C(=O)C1OC1C(=O)(OO),-7.495316540152999,-6.969358
C(O)C(ON(=O)(=O))(C(=O)(OON(=O)(=O)))C(C(=O))C(C)C,-5.8830724166200525,-4.479183
CCC(ON(=O)(=O))CCC(O)C(OO)C(OO),-6.96549545254129,-8.447841
C(=O)(OON(=O)(=O))C(OO)C(=O)C(=O)OC(=O)C(=O),-3.763124794097166,-3.0165915
C(=O)(O)C(O)(O)C(=O)C(N(=O)(=O))C(=O)C(=O)(OO),-8.730854572697353,-10.484556
C(=O)(O)C(=O)OC(=O)C(N(=O)(=O))C(=O)C(=O)C(ON(=O)(=O)),-5.805159823525173,-6.2841287
CC(OO)C(ON(=O)(=O))C(=O)CCC(=O)(OO),-7.71346574080053,-6.255764
C(=O)(OON(=O)(=O))C1OC1C(O)C(ON(=O)(=O))C(=O),-5.069898654388453,-5.015106
C(=O)(OO)C(O)C(ON(=O)(=O))(C(ON(=O)(=O)))C(=O)C(=O),-7.380623283834211,-5.3741302
CC(C(=O)(O))C1OC1(OO)C(=O)(O),-7.045313448350498,-7.7504153
CC(=O)C1OC1C(=O)C(O)C(=O)(OO),-7.552522737374602,-5.9167285
CC(OO)C(=O)CC(O)CC(=O)CC(=O)(OON(=O)(=O)),-8.50544826434998,-9.163757
C(=O)(N(=O)(=O))C1(OO)OC1C(C(OO))C(=O),-6.098530271568961,-7.259767
C(=O)(O)CC(=O)C(C)(C)C(C(=O)(O))C(OO),-9.633597581002505,-11.074727
CCCCC(=O)C(ON(=O)(=O))C(O)CC(O),-6.7223042610203265,-6.549865
C(=O)(OO)C(=O)C(C)(C)C(C)C(=O),-4.7126620610870305,-5.3739843
C(=O)(O)C(=O)OC(=O)C(OO)C(O)C(ON(=O)(=O)),-7.593143887821498,-8.392973
C(O)C(=O)C(C(O))C(=O),-5.638884525145841,-3.904057
CC(ON(=O)(=O))CCCCC(=O)C(ON(=O)(=O))CC(=O)(O),-7.747529790303815,-7.949761
C(=O)(O)C(=O)C(=O)C(=O)C(N(=O)(=O))C(=O)C,-4.865169880857138,-5.4088264
C(=O)(N(=O)(=O))C(=O)OC(=O)C,-1.0740308016920608,-1.3042908
C(O)C(=O)C(OO)C(=O)OC(=O)C(=O)(N(=O)(=O)),-7.330336754934251,-5.244258
CC(=O)C(=O)C(C)(C(ON(=O)(=O)))C(O)(C)C(=O)(OON(=O)(=O)),-3.968690697409329,-4.1890836
C(=O)(O)C1(N(=O)(=O))OC1C(O)C(OO)C(=O)C(=O)(OO),-8.517730718311213,-11.299942
C(=O)C(ON(=O)(=O))C(=O)C1(C)OC1(OO)C(=O),-4.485152591380029,-4.628171
C2(O)(O)C(=O)C(=O)CC1(C(OO))OC12,-7.790936314268038,-7.537199
CC(=O)C(=O)C(OO)(C(OO))C(ON(=O)(=O))(C)C(OO),-9.110102222814021,-8.922622
C(=O)(OO)C(=O)C(OO)C(C(=O))OOC(=O),-6.971758109561051,-8.389546
C(=O)(O)C(ON(=O)(=O))C(OO)C1(O)OC1(N(=O)(=O))C(=O),-7.494923455045864,-7.8361454
CC1(C(ON(=O)(=O)))OOC(=O)CC1(OO)C(ON(=O)(=O)),-5.962655760415146,-5.616624
C(ON(=O)(=O))C1CC(OO)(C1(C)C)C(=O)C(=O),-5.2847155954350455,-5.088378
C12OOC(C1(O)(O))C=C(C2(=O))C(OO),-9.098514752279698,-8.3580475
C(ON(=O)(=O))C1(OO)OC1(O)C(=O)C(OO),-6.323541941712392,-6.57656
C(=O)(O)C(=O)OC(N(=O)(=O))(OO)C(=O),-5.483910190825554,-4.4317617
CC(=O)C1OOC(N(=O)(=O))(C1(O))C(=O)(OON(=O)(=O)),-4.43098595180345,-4.025452
C(ON(=O)(=O))C1(C(=O)(OO))OOC(OO)(C1(O))C(=O)C(=O),-9.047781743665837,-7.656112
C(=O)(O)C(C(OO))C1OC1(ON(=O)(=O))C(=O),-6.499628011986715,-6.4912157
C(=O)(O)CC(ON(=O)(=O))(C)C(OO)(C)C(=O)(OO),-8.002415198954623,-7.8234186
C(O)C1(C(=O)(O))OOC(O)(C1(O)(N(=O)(=O)))C(O)C(=O),-9.502102135716996,-10.371589
C(=O)(OO)C1(O)OC1(OO)CC(=O),-8.347108768395628,-7.332184
C(ON(=O)(=O))C(O)C(OO)C(ON(=O)(=O)),-6.353599079327978,-5.314783
C(O)C(=O)C(=O)CC(C(OO))C(=O)(OON(=O)(=O)),-6.639134067383566,-7.939045
CC(=O)OOC(=O)C(=O)CC(=O)(OON(=O)(=O)),-2.9713198546614876,-2.69229
C1(=O)C(=O)OOC1CC(=O)(O),-5.434062844382424,-5.2220597
C12OOC(C1(O))C(ON(=O)(=O))(OO)C(=O)C2(OO),-5.736698771563169,-6.452764
CC(=O)OOC(OO)(C(=O)(N(=O)(=O)))C(ON(=O)(=O))C(=O)(OO),-6.231083719852904,-6.7496934
C(=O)(OO)C(=O)OC(=O)C(C(ON(=O)(=O)))=CC(=O)(OO),-8.110172623957624,-8.362478
CC(=O)C(C(ON(=O)(=O)))C(OO)(C(O))C(=O),-8.339669986591616,-6.0128756
CC(=O)C1(OO)OC1(N(=O)(=O))C(=O)(OO),-5.971539391275655,-4.7314916
C1(O)C(OO)(C(ON(=O)(=O)))OOC1(O)C(=O)C(=O),-8.343077554633055,-6.8153305
C1(O)C(=O)C(OO)C(C)(C)C(ON(=O)(=O))C1(OO)C,-7.958149418291214,-2.301117
C1(O)C(OO)C(=O)C(C2(O)(OO))OOC12,-9.425856195935921,-9.836046
C(=O)(OON(=O)(=O))C(O)(O)C(=O)C(OO)C(=O),-6.368559826978526,-4.440372
C1(OO)C=CC(N(=O)(=O))(OO)OOC1C(=O)(O),-7.5263402767686785,-8.929187
C(=O)(O)C(=O)C1OC1(C(OO))C(=O)(OON(=O)(=O)),-6.510291882106685,-6.4756727
C1(=O)OC(N(=O)(=O))(OO)C(O)(O)C(=O)C=C1C(ON(=O)(=O)),-8.77505612251116,-10.291933
C(O)C1(O)C(C(=O)(OON(=O)(=O)))OOC1C(=O)(OON(=O)(=O)),-6.227499487689784,-5.289283
CC(OO)CC(=O)C(O)C(=O)(OON(=O)(=O)),-5.717540902303881,-4.3613
CC(=O)C(C1(C)C)CC1CC(=O)(OO),-6.256876996593746,-6.5535464
C(=O)(O)C(=O)OOC(O)(C)C(=O)(OO),-7.878089555488259,-6.6960764
CC(=O)C(O)C(=O)C(O)C(ON(=O)(=O))C(=O)(OON(=O)(=O)),-5.909343495750363,-3.4530907
C(OO)C(OO)C(C)(C(O))C(C(=O)(OON(=O)(=O)))C(=O),-7.8591359632646345,-9.339753
C(=O)(OO)C1(OO)OC1(C)C(O)C(O)C(=O)(OON(=O)(=O)),-6.793219543706073,-9.388477
CC1(C(OO))C(OO)C(OO)C1C(=O),-7.467823442015288,-8.316104
C(=O)(OO)C(OO)C(=O)C(N(=O)(=O))C(=O)C(=O)(OON(=O)(=O)),-6.2216527113487246,-6.1832542
CCC(OO)CC(=O)C(ON(=O)(=O))C(OO),-6.798394363528132,-6.3032746
CC(=O)C(=O)CC(OO)CC(=O)(O),-8.25665667119938,-7.1513743
CC(=O)C(C(=O)(OO))(C(OO))C(=O),-8.02247842192628,-4.2807016
C(=O)C(OO)C(=O)OC(=O)C(=O)C(=O),-3.858291162408932,-3.4983006
C1(O)(O)C(C(=O)(O))OOC1(C(O))C(ON(=O)(=O))C(=O),-10.001251650646736,-11.7028
CC(=O)C(C(=O))C(C)(C(O))C(=O),-4.7817791060824675,-4.8849535
C(O)CC(ON(=O)(=O))C(ON(=O)(=O))C(=O)CCC(=O),-5.705289120540328,-6.7003765
C(ON(=O)(=O))C(=O)OC(OO)C(=O)C(OO)C(=O),-6.8503789785572735,-6.7122555
CC(=O)CC(ON(=O)(=O))C(=O)C(OO)CCCC,-5.80374664525516,-5.6516476
CCC(ON(=O)(=O))CCCC(ON(=O)(=O))C(OO),-4.509841648196016,-5.25469
C(O)C(=O)OOC(ON(=O)(=O))C(=O),-2.7357822454723646,-3.2767558
CC(O)(C(=O)(O))C(C(O))C(C)(C)C(=O)(OON(=O)(=O)),-8.580736936626636,-7.8791494
C1(=O)C2(OO)OOC1(O)C(OO)C(=O)C2(ON(=O)(=O)),-7.294415930424293,-6.4450874
C2(O)C(ON(=O)(=O))C(OO)C(O)(C1(O))OOC12C(=O)(OON(=O)(=O)),-7.703128576498784,-6.3922906
C(=O)(O)C1OC1C(O)(OO)C(=O),-7.772230006006794,-7.8907914
C(=O)(N(=O)(=O))C(OO)C(O)(C)C(=O)(OO),-7.0942306824545085,-7.8754606
C(=O)(O)C(=O)OC(=O)C(O)(N(=O)(=O))C(ON(=O)(=O))C(=O),-6.527888616154087,-5.7103167
CC(OO)(C(=O)(OO))C(ON(=O)(=O))(OO)C(=O),-6.924920413004656,-5.7168393
C(=O)(OON(=O)(=O))C(O)C(N(=O)(=O))(OO)OOC(=O),-6.75222711675633,-4.4817758
C(O)C(=O)OOC(O)(C(=O)(O))C(=O)(OO),-9.524641382653499,-9.807552
C(=O)(O)CC(=O)OC(=O)C(=O)C(=O)(O),-6.697045161939968,-7.248853
CC(OO)(C)C(C(OO))CC(=O),-7.185594472153753,-6.58417
C(=O)(O)CC(OO)C(ON(=O)(=O))(C)C(ON(=O)(=O))C(=O),-7.33358511609913,-8.26951
CC1(C)C(=O)CC(ON(=O)(=O))C(OO)(C)C1(OO)C(=O),-7.985173484203187,-8.70217
CC(=O)C(O)(OO)C(=O)C(ON(=O)(=O))C(=O),-7.222208671428234,-3.3681128
CC(C)(C(=O)(O))C(C(=O))C(=O)C(O)C(=O)C,-6.6831260388789815,-5.8633595
C1(ON(=O)(=O))OC1(C(OO))C(OO)C(O)C(=O)(OON(=O)(=O)),-6.7831036747793405,-6.372087
CC1(C(OO))C(=O)C(ON(=O)(=O))C1C(OO),-7.796224447449276,-6.7633986
C1(O)C(C(=O)(OO))OOC1C(=O)C(=O)(OO),-7.663379043264285,-11.256857
C(=O)(O)C1OOC(OO)(C1(O)(N(=O)(=O)))C(ON(=O)(=O))(C)C(=O),-7.249978756237397,-10.591759
C(=O)(O)CCC(O)CCC(=O)CC(=O)(OON(=O)(=O)),-7.702480478055804,-8.491351
CCCC(=O)CC(=O)C(ON(=O)(=O))C(OO),-5.16484689221943,-5.204092
C(=O)(O)C1OC1(OO)C(OO)C(=O)(OO),-7.262595533344211,-9.228391
CC(O)(C(=O)(OO))C(=O)C1OC1(ON(=O)(=O))C(=O)(OON(=O)(=O)),-6.302634004916399,-4.365324
C(=O)(OON(=O)(=O))C(O)C(OO)C(=O)OC(OO)(C)C(=O),-6.252553354977863,-8.272845
C(OO)CCC(=O)CC(=O)CCC(=O),-5.908906991234289,-6.212135
CC(OO)C(=O)CC(=O)C(ON(=O)(=O))CC(=O)(OO),-8.46692122060631,-7.4915094
C12OOC(OO)(C1(O))C(ON(=O)(=O))C(O)C2(ON(=O)(=O)),-7.942034863437584,-8.428078
CC(=O)CC(ON(=O)(=O))C(=O)CCCCC(=O)(OO),-7.465752637410333,-5.6100535
C(=O)(OON(=O)(=O))C(OO)C(O)(O)C(=O)C(ON(=O)(=O))C(=O)C(=O),-6.957238812876312,-6.710652
CC(=O)CC(C(ON(=O)(=O)))C(OO)(C)C(=O)(OO),-7.291756287026146,-10.26174
C(=O)C1OC1(C(=O)(O))C,-4.753673494213217,-3.1762412
C(OO)C(=O)C(ON(=O)(=O))C(OO)(C(=O)(O))OOC(=O),-7.8957703972337185,-9.422567
C(=O)(N(=O)(=O))C1(O)OC1(C)C(ON(=O)(=O))C(O)C(=O),-6.218445773090934,-7.3369007
CC1(C(=O))OC1(OO)C(O)C(=O),-7.371801752047759,-5.683551
C(=O)(O)C(OO)OC(=O)C(O)C(=O)(OON(=O)(=O)),-6.337212399854252,-6.226571
C(ON(=O)(=O))C(=O)C(O)(OO)C(OO)C(=O)OC(=O),-8.449967973370804,-6.7512107
C(=O)(OO)C(=O)C(O),-7.092767511945567,-5.009156
C(=O)(O)C(N(=O)(=O))(OO)C(OO)OOC(=O)C(=O),-6.843783248232285,-8.426887
C(=O)(OO)C(OO)C(ON(=O)(=O))C1(C(=O))OC1C(=O)(O),-8.342335576102414,-7.832316
C(ON(=O)(=O))C(OO)C(O)(C)C(C(=O)(OO))C(=O),-7.2279092673688865,-7.803663
C(=O)(OON(=O)(=O))C(OO)OC(=O)C(ON(=O)(=O))(C)C(O)C(=O),-5.886682363467116,-5.6762824
C(ON(=O)(=O))C(ON(=O)(=O))C(=O)CC(=O)CCC(OO),-7.450194566679784,-6.9091997
C(=O)(O)C(ON(=O)(=O))CC(C(=O)C)C(ON(=O)(=O))(C)C(=O),-6.557846761734254,-7.42454
C(=O)(OO)C(=O)C(ON(=O)(=O))(OO)C1(C)OC1C(=O)(OON(=O)(=O)),-6.478886367993255,-5.6947227
CC1(C)OOC(=O)CC1C(=O)(O),-5.009736665849232,-4.962939
C(=O)(O)C1(O)OC1(N(=O)(=O))C(ON(=O)(=O)),-6.2831073426386865,-5.949897
CC(ON(=O)(=O))(C(=O)(O))C(OO)C(=O)C(=O),-6.849277950081159,-5.6077085
C(ON(=O)(=O))C(O)(C(=O))C(OO)(C1(O))OOC1C(=O),-7.787822762129508,-8.8448515
CC(=O)C(ON(=O)(=O))C(O)CCC(=O)C(ON(=O)(=O)),-7.000526489129697,-7.3910103
C(ON(=O)(=O))C1C(ON(=O)(=O))C(OO)C1(C)C(=O)(OO),-7.371503487886002,-9.6010475
C1(O)(O)C(ON(=O)(=O))OOC1(C(=O)(OO))C(=O),-8.437880435163606,-6.7398386
C(=O)(O)CC1CC(C(=O)C)C1(C(OO))C(=O),-9.027128383481795,-9.432862
C1(O)C(C(=O))OOC1(C(OO))C(=O)C(=O),-7.768234746050439,-8.592572
CC(ON(=O)(=O))(C)C(OO)CC(=O)C(OO)(C)C(=O)(O),-9.172571416193023,-9.403565
C1(O)C(O)(C(=O))OOC1(C)C(=O)C(=O),-7.059993286327881,-5.5358963
C(OO)C(OO)(C(=O))OC(=O)C=C(OO)C(=O),-8.860780118007824,-10.808633
CC(ON(=O)(=O))(C(OO))C(CC(=O)(OON(=O)(=O)))C(O)(C)C(=O),-8.41008146610693,-7.7444096
C(=O)(O)C(OO)C(C)(C(ON(=O)(=O)))C(C(=O))C(=O)C,-8.592581324533967,-8.186091
C1C(=O)C(=O)C(ON(=O)(=O))(C2(=O))OOC12C,-2.0304668191893143,-3.010319
CC(=O)C(ON(=O)(=O))(C(OO)(C)C(O))C(ON(=O)(=O))C(=O),-7.4135458930213645,-7.3652353
C12OOC(C1(O))C(N(=O)(=O))=C(OO)C2(OO),-9.991157932314309,-11.694928
CC(=O)C(=O)C(ON(=O)(=O))C(OO)(C(OO))C(O)(C)C,-7.113827356899492,-8.895046
C(=O)(O)C(OO)C(=O)C1OC1(C)C(=O)(OO),-9.272220982518775,-9.48179
C(O)C(=O)C(OO),-6.135644595709891,-1.3508892
C(=O)(OO)C(ON(=O)(=O))C(=O)C1OC1C(=O)(OO),-8.442281647417985,-8.168834
CC(OO)C(ON(=O)(=O))C(=O)OOC(=O),-4.846329904945378,-3.3372843
C1(O)C(O)(C(=O)(OON(=O)(=O)))OOC1(C(OO))C(=O)C(=O),-7.586904465089901,-8.469533
CC(=O)C(=O)C=CC(ON(=O)(=O))(C)C(OO),-5.636849177220938,-5.1498904
CCC(=O)CCCCC(OO)CC,-4.538651909461805,-4.0549626
CC(=O)CCC(=O)CC(OO)CCC(=O)(OO),-8.289717932751955,-10.806231
C(=O)(N(=O)(=O))C1(O)OOC(OO)(C(=O))C1(O)C,-8.909611795481396,-7.538524
C(=O)C(=O)OC(=O)C(O)(C(=O)(OON(=O)(=O)))C(O)C(=O),-5.402787967044787,-5.715192
C(=O)(OO)C(N(=O)(=O))(OO)C(C(=O)(OON(=O)(=O)))OOC(=O)C,-6.231083719852904,-6.2748704
CC(ON(=O)(=O))C(OO)CCC(O)CC(=O),-8.69307300841865,-8.302161
C(=O)(O)C(=O)OOC(C(=O)C)C(O)C(=O)(OON(=O)(=O)),-5.313035663908522,-7.439036
C(=O)(OO)C1(OO)OC1(OO)C(O)C(ON(=O)(=O))C(=O),-7.9995217949544895,-9.835085
C(=O)C(ON(=O)(=O))C1(O)OOC(=O)C1(=O),-5.231706747777935,-4.2712474
C(=O)(OON(=O)(=O))C1(OO)OC1(C(OO))CC(=O)(OON(=O)(=O)),-6.136602181044509,-5.335808
CC(=O)C(ON(=O)(=O))C(O)C(C(=O))C(ON(=O)(=O))(C)C(=O),-4.895676322394138,-7.1341953
C(=O)C1OC1C(OO)(C(=O))C(O)C(=O),-7.427595955599827,-8.871079
C(=O)(OO)C(=O)C(N(=O)(=O))C(=O)C(O)(O)C(=O)(OON(=O)(=O)),-6.807673321683978,-5.742083
C(=O)C(=O)C(=O)C(=O)CC(=O)C(=O)(OO),-5.011682244876283,-5.040896
CC(=O)CC(O)CC(OO)C(=O)(OON(=O)(=O)),-6.703521992825699,-6.6853805
C(=O)(OO)C(OO)C(ON(=O)(=O))(C)OOC(=O)C(=O),-6.817613451521538,-5.1206975
C(=O)(N(=O)(=O))C(ON(=O)(=O))C(O)C(=O)(O),-6.648653140919123,-4.7236686
C(=O)(OO)C=CC(C(O))(C(=O)(O))OOC(=O),-9.434167573768718,-11.651911
C12OOC(C1(O)(O))C(OO)C(OO)(C)C2(=O),-8.553762028752317,-12.56656
C(O)C(=O)OC(OO)(C(=O)(O))C(=O),-7.569961774535841,-7.9037433
C(=O)(O)C(OO)C(N(=O)(=O))(C1(O)(O))OOC1C(=O)(OON(=O)(=O)),-8.66317604172582,-9.658248
C(=O)(O)C(=O)C(OO)C(O)C(=O)C(ON(=O)(=O)),-7.946911153512701,-9.259163
CC(ON(=O)(=O))CCC(ON(=O)(=O))C(=O)(O),-5.12508627450552,-5.020539
C(=O)(OO)C(O)(C(=O))C(=O)C1OC1(O)C(=O),-7.4792026258401165,-10.410296
CC(C(=O))C(C)(C(=O))C(ON(=O)(=O))C(=O),-2.7900631370957854,-4.289476
C1(O)(O)C(=O)OOC1(C(OO))C(=O)C(ON(=O)(=O))C(=O)(O),-9.820712772498155,-10.110487
C1(=O)C(OO)OOC1(O)C(OO)C(=O)(O),-8.120916572403075,-9.18968
C(=O)(O)C(=O)C(O)(C)C(=O)OC(=O)C(=O),-7.143512483282393,-5.567311
C(O)C(=O)C(OO)C(=O),-6.096168926720566,-3.5232098
C(OO)C(=O)C(C(ON(=O)(=O)))CC(=O),-5.206883790579013,-5.7400765
C1(=O)OC1(C)C(=O)C(OO)C(=O)(O),-7.371801752047759,-5.7912674
C(O)C(=O)OOC(N(=O)(=O))(C(=O)(OO))C(=O)C(=O),-6.944838203424297,-7.339783
C(=O)(O)C(=O)C(OO)C(ON(=O)(=O))(C(O))C(=O),-6.80073200384868,-6.793989
C1(=O)C(=O)OOC1(O)C(ON(=O)(=O))C(N(=O)(=O))C(=O)(O),-7.009111435252635,-7.346667
C(=O)(OO)C(=O)C(OO)(C)C(=O)C(=O)C(=O)(OON(=O)(=O)),-5.790700324225327,-5.110971
CC(=O)C(OO)(C1(C)C)C(OO)C1CC(=O)(O),-8.53134977366608,-9.419905
C(=O)OC(=O)C(=O)C(OO)C(O),-8.047297454852014,-5.0603004
C1C(=O)OOC(C(OO)C1(=O))C(=O)C(=O)(O),-7.420456667714461,-8.012949
CC(=O)CCC(ON(=O)(=O))CC(=O)C(OO)C(OO),-7.614848328968947,-9.323251
C(=O)(O)C(O)C(OO)C1(C(ON(=O)(=O)))OC1(OO)C(=O),-9.429250278908512,-10.216585
C(=O)(OO)C(=O)C(OO)(C(OO))OC(=O),-7.511180625708221,-8.848305
C2(O)C(=O)C(=O)C(=O)C1OC12(OO),-6.744302320177667,-6.357783
CC(=O)C(=O)C=CC(OO)(C)C(ON(=O)(=O)),-5.841935977296089,-4.960431
C(ON(=O)(=O))C1(O)C(O)(C(=O)(O))OOC1C(O)C(=O),-8.166662059549708,-10.153737
C(O)C(=O)C(CC(=O)(OO))CC(=O)(OON(=O)(=O)),-6.450480476514713,-6.6960425
C(=O)(OO)C(C(=O))=CC1(ON(=O)(=O))OC1(O)C(=O),-7.348880849829584,-5.3646812
CC(OO)(C)C(OO)C(ON(=O)(=O))(C)C(=O)C(ON(=O)(=O)),-7.170417622732202,-7.9070144
C(O)C(=O)C(ON(=O)(=O))C1OOC(O)(C1(O))C(=O)(N(=O)(=O)),-7.416964923790147,-9.165778
CC(ON(=O)(=O))C(C)(C)C(OO)(C(=O)(O))C(=O)C,-7.765959582955475,-7.4346843
C(O)C12OOC(C1(O))C(ON(=O)(=O))C(O)(OO)C2(=O),-9.87204990241662,-11.029078
C2(O)C(O)C(=O)C(O)(O)C1OC12(OO),-9.535614976130091,-10.709352
CCCC(ON(=O)(=O))CCC(=O)CC(OO)C(=O)(OO),-7.166451940884144,-7.527324
CC1(C)C(OO)C(OO)C1(OO)CC(=O)(O),-8.226758628323296,-10.071165
C(O)C(=O)C(ON(=O)(=O))C1OOC(O)(C1(O))C(=O)(O),-9.825054743319924,-12.346369
C(=O)(O)C(OO)OOC(ON(=O)(=O))(C)C(=O)(OO),-7.301692144976187,-8.239495
C(=O)(O)CC(C(ON(=O)(=O)))C(O)(C)C(OO),-8.178154595349042,-8.541087
CC(O)C(OO)CC(=O)C(=O)C(=O)CC(O),-9.640961559480274,-9.513285
C(=O)(OO)C(OO)CC(=O)CC(=O),-7.858540581175475,-7.9796815
C(=O)(OO)C1(OO)OC1(O)C(C(=O)(OON(=O)(=O)))=CC(=O),-7.532583163922027,-8.169015
C(=O)(OO)C(=O)C(OO)=CC(=O)(OON(=O)(=O)),-5.9897293243448075,-4.7465425
CCC(O)CCC(ON(=O)(=O))CC(=O)CC,-5.744712126119339,-5.132896
CC(=O)C(OO)C(C)(C)CC(=O),-5.013714752582928,-4.6721
C(=O)(O)C(=O)C(OO)OOC(=O)C(ON(=O)(=O)),-6.8503789785572735,-6.6303287
C(=O)(OO)C(O)(O)C(O)C(=O)C(=O),-9.832643621197349,-6.614686
C1(O)(OO)C(OO)(C(ON(=O)(=O)))OOC1C(=O)C(=O),-8.343077554633055,-6.0679474
C(O)C(=O)C1(C(=O))OC1(OO)C(=O),-6.176908633045969,-5.8597074
C(=O)(O)C(OO)(C(=O))OOC(OO)C(=O),-7.891366172034395,-7.42614
C(OO)C(=O)C(ON(=O)(=O))C(O)(C(=O)(O))OOC(=O),-7.595751506909437,-8.984549
CC(C)(C(=O)(OO))C(OO)(C(=O))CC(ON(=O)(=O))C(=O)C,-7.984485662680527,-9.718821
C(=O)(O)C(=O)C(C(=O)(O))(C(=O))OOC(=O),-7.126519884341178,-7.461497
CC(=O)OC(=O)C=C(OO)C(=O)(OON(=O)(=O)),-3.567250462314405,-5.4793158
C(O)C(=O)C1OOC(OO)(C1(=O))C(=O)C(=O),-7.512704044060229,-7.571761
CC(C)(C(=O)(OON(=O)(=O)))C(ON(=O)(=O))(C(OO))CC(=O),-5.488622342203598,-6.9137373
C(OO)C(O)(C(=O)(OO))C(ON(=O)(=O))C(OO)OC(=O),-8.125127896340928,-8.609958
C(=O)(N(=O)(=O))C(=O)OC(=O)C(O)(N(=O)(=O))C(O)C(=O)(O),-7.309562234475379,-6.230239
C(=O)(O)C(O)C(O)(C(=O)(O))C(ON(=O)(=O)),-7.815346335180948,-7.5646796
CC(=O)C(ON(=O)(=O))C(OO)(C(=O)(OON(=O)(=O)))C(=O)C,-4.510860322898225,-4.1114793
C(=O)(OO)C(N(=O)(=O))(OO)C(=O)C1(C)OC1C(=O),-6.772047358597774,-7.455747
CC(=O)C(O)(OO)C(O)C(OO)OC(=O)C(=O),-8.436320766819335,-10.328413
C(=O)(O)C1OC1C(ON(=O)(=O))(C)C(=O),-5.248897899149597,-4.6523623
CC(=O)C(ON(=O)(=O))C1OOC(O)(C1(O)(OO))C(=O)(OON(=O)(=O)),-6.56290832659397,-7.4613853
CC(=O)C(O)C(C)(C)C(ON(=O)(=O))CC(=O)(OON(=O)(=O)),-6.58195342131512,-5.178502
CC(OO)(C(=O))C(O)CC(=O)C(=O),-7.591522218648606,-5.8571568
CC(=O)C(C1(O)C(ON(=O)(=O)))CC1CC(=O)(OON(=O)(=O)),-6.0540080606115225,-6.5244765
CC(=O)CCCC(=O)C(ON(=O)(=O))C(=O),-3.633550796050258,-3.9876962
C(=O)(O)C(=O)OC(N(=O)(=O))(OO)C(=O)C(C)C(=O)(OO),-6.574817195692958,-7.46558
C1C(=O)CC(OO)C(=O)C1C(ON(=O)(=O))(C)C,-6.349286082740946,-6.8767166
CC(OO)(C(O))C(OO)C(=O),-7.579876130113917,-6.798172
C12(O)OOC(O)(C1(O)C(O))C=CC2(=O),-6.596114776550166,-8.814915
C(=O)(N(=O)(=O))C1(OO)OC1(C)C(OO)C(O)C(=O),-8.298432216124638,-7.936514
C(ON(=O)(=O))C(=O)C(OO)(C)C(C)C(=O)(OON(=O)(=O)),-5.63731214026302,-5.0376277
C(OO)C(=O)OC(OO)(C(=O)(O))C(=O),-7.953589351505798,-7.1372004
C(ON(=O)(=O))C(=O)C1CC(C(OO))C1(C)C(ON(=O)(=O)),-6.48091673871204,-6.1446075
C(OO)C(ON(=O)(=O))C(=O)C(=O)(OO),-6.963609007478226,-5.518541
C(OO)C(ON(=O)(=O))(C(=O))OC(=O),-4.600727701466894,-3.223926
C(=O)(OO)C(=O)C(O)(C)C(=O)OC(=O),-6.419757761785149,-5.5956817
C(=O)(O)C(ON(=O)(=O))C(C)(C(O))C(=O)C(=O),-7.521575863402177,-6.5462837
C1(N(=O)(=O))(ON(=O)(=O))C(O)C(OO)C2OOC1(O)C2(O)(OO),-9.28589422342884,-8.989216
C(=O)(O)C(OO)C1(C(ON(=O)(=O)))OOC(C1(O))C(=O)(OO),-9.047781743665837,-11.4047985
CC(ON(=O)(=O))(C(=O)(O))C(=O)C(ON(=O)(=O))C(=O)C(OO),-6.5290366943590925,-6.3773584
CC(=O)C(ON(=O)(=O))(C1(C)C)C(O)C1CC(=O),-5.528889250937937,-5.626993
C(=O)(N(=O)(=O))C1(O)OOC(=O)C(=O)C(O)(C1(=O))C(OO),-8.0856555452483,-6.1221924
C1(N(=O)(=O))C(=O)C(=O)C(=O)OOC1(O)C(=O)(O),-7.224848070845837,-7.043909
C12(O)OOC(O)(C1(O))C(N(=O)(=O))=CC2(OO),-11.061251102453753,-9.038895
CC(=O)C(ON(=O)(=O))(C(=O)(O))OOC(OO)(C)C(=O),-7.085874528167551,-6.706989
C1(=O)C(=O)OOC1C(ON(=O)(=O))(C)C(O)(OO)C(=O)(OON(=O)(=O)),-6.642338391277008,-6.275326
CC(OO)(C(=O)(OO))C(=O),-7.26186244121709,-4.6060143
C1(=O)C(OO)(C(OO))OOC1C(=O)(OO),-8.003849923585221,-8.664448
CC(=O)C1(ON(=O)(=O))OC1C(ON(=O)(=O))C(=O)C(=O)(O),-4.374657053464034,-5.6286798
C(=O)(OON(=O)(=O))C(=O)OOC(OO)(C)C(O)C(=O)(OON(=O)(=O)),-6.025086564557569,-4.217201
CC(=O)C(OO)C(O)C(ON(=O)(=O))C(ON(=O)(=O))C(=O)(O),-7.106042188135689,-9.08952
C12OOC(OO)(C1(=O))C(ON(=O)(=O))C(O)C2(=O),-6.661586614951375,-4.0120606
C1(O)C(ON(=O)(=O))C(=O)C(O)(C2(=O))OOC12C(ON(=O)(=O)),-7.038948097362663,-5.5187106
CC1(C)C(ON(=O)(=O))(C(=O)C(OO))CC1C(OO),-7.44711420627209,-7.177472
C1(O)C(=O)OOC1(O)C(ON(=O)(=O))(C(=O)(O))C(=O),-9.101048090669792,-7.674493
CC(ON(=O)(=O))(C)C(C(=O)(OO))C(O)(C)C(=O)CC(=O),-7.719658966605493,-7.4513245
C(=O)(O)C(=O)OC(OO)(C)CC(=O)(OO),-6.6814046070721815,-6.0988154
C(=O)(OON(=O)(=O))C=C(C)C(=O)C(O)C(=O),-4.354902176552059,-5.377129
C(=O)(OO)C(=O)OC(OO)C(ON(=O)(=O))(C)C(=O)C(=O)(OON(=O)(=O)),-5.886682363467116,-6.9361024
C1C(ON(=O)(=O))C(ON(=O)(=O))(C)C(OO)CC1C(=O)(OO),-7.564487311259654,-8.828941
C1(O)C(C(=O)(O))OOC1(C(=O)(OON(=O)(=O)))C(ON(=O)(=O))C(=O)(OO),-7.00173747073859,-10.022879
CC(=O)C1(O)OC1C(ON(=O)(=O)),-3.016751620458308,-1.3720405
C12OOC(ON(=O)(=O))(C1(O)(O))C(OO)C(O)C2(ON(=O)(=O)),-8.560961547294937,-8.917813
C1(=O)OC1C(ON(=O)(=O))(C)C(ON(=O)(=O))(OO)C(=O)C(=O),-4.353523088442671,-4.6838884
C(O)C(=O)C(ON(=O)(=O)),-3.7636761861685954,-3.1091306
C(OO)C(OO)(C(=O)(OON(=O)(=O)))C(=O)C(=O)C(ON(=O)(=O))C(=O),-6.059264332294333,-7.115376
C1(ON(=O)(=O))OC1C(O)C(OO)(C(=O)(OO))C(=O)(OO),-7.609592406977754,-11.15007
C(=O)C(=O)C(ON(=O)(=O))C1(OO)OC1(OO)C(=O),-6.90246163415577,-5.368192
C(=O)(OON(=O)(=O))C(O)(O)C1(C(O))OC1C(=O)C(=O),-7.550118886752898,-6.5701947
C(=O)(N(=O)(=O))C(=O)OOC(=O)C(OO)(C)C(=O),-3.918180823995499,-3.2388527
C1(OO)OC1C(=O)C(ON(=O)(=O))C(=O)C(=O),-4.443933481832573,-4.00538
CC(=O)C(OO)C(OO)C(OO)C(ON(=O)(=O)),-6.817372707593677,-8.311079
C(=O)(N(=O)(=O))C(=O)CC1(O)OOC(=O)C1(O)C(OO),-8.453420737796478,-8.033472
CC(ON(=O)(=O))(C(=O)(O))OC(=O)(O),-6.178294831819585,-5.4498534
CC(ON(=O)(=O))(C(O))C(CC(=O)(OO))CC(=O),-7.981837080340483,-6.4056244
C(=O)(O)C1(N(=O)(=O))OC1C(OO)C(OO),-7.724172859116152,-8.212316
CCCCCC(ON(=O)(=O))C(=O)C(ON(=O)(=O))C(O),-6.234349175460011,-5.0504127
C(=O)(N(=O)(=O))C(=O)OC(=O)C(OO)C(O)(C)C(=O),-7.233622863976052,-4.543574
CC1(O)C(OO)OOC1(OO)C(OO)C(=O),-8.13625637273799,-8.700058
C(=O)(OON(=O)(=O))C(O)(OO)C1(OO)OC1C(=O),-7.760532582999076,-6.533557
C(OO)C1(O)OOC(ON(=O)(=O))(C1(=O))C(=O),-6.721022355755849,-4.261723
C1(=O)C(OO)OOC1C(O)(C)C(=O)(O),-7.750104230126453,-6.8695536
C(ON(=O)(=O))C(C(OO))(C(=O)(OO))OOC(=O)C(=O),-6.310437448797529,-6.182986
C(=O)(OO)C(O)C(ON(=O)(=O))(C1(O))OOC1(C)C(=O)(OON(=O)(=O)),-6.210978595496272,-8.337692
C(=O)(O)C(OO)(C(ON(=O)(=O)))C(C(=O)(OON(=O)(=O)))C(O)(C)C,-6.774371495248488,-9.050384
C(=O)(O)C(=O)C(O)(C(O))C(ON(=O)(=O))C(=O)OC(=O),-7.665865987666621,-8.24515
CC(ON(=O)(=O))CC(=O)CCC(=O)CC(=O)C(ON(=O)(=O)),-6.0321209071116755,-6.923014
CC(=O)C(OO)C(ON(=O)(=O))C1OC1C(=O)(OON(=O)(=O)),-4.799530689213498,-5.5106893
C12OC1C(=O)C(N(=O)(=O))(OO)C(=O)C2(O)(O),-6.619192873249631,-8.2383375
C(O)C1(O)C(OO)(C(=O)(O))OOC1C(ON(=O)(=O))C(=O),-8.953945598570499,-11.631429
C(OO)OOC(=O)C(ON(=O)(=O))C(=O),-4.663275467017229,-4.136379
C(=O)(OO)C(O)C(OO)C(ON(=O)(=O))(C(O))OC(=O),-7.480765580789011,-7.265459
C1(O)C(=O)OOC1C(N(=O)(=O))(OO)C(=O)(OO),-6.506187948416482,-7.8872566
C(ON(=O)(=O))C(OO)(C(=O))C(O)C(=O),-6.880555877198276,-5.054157
C(=O)(OON(=O)(=O))C(OO)CC(O)CC(=O),-6.364186067465198,-6.6922917
CC(ON(=O)(=O))C(=O)CCC(O)CC(ON(=O)(=O))C(OO)C,-9.455697357598183,-9.959373
CC(=O)C(ON(=O)(=O))CC(ON(=O)(=O))(C(OO)(C)C)CC(=O),-7.003525787513354,-8.1796875
CC(=O)C(=O)C(=O)C1OC1(OO)C(=O),-4.169546945486218,-4.2049465
CC(=O)C(ON(=O)(=O))CC(=O)CC(=O)C(OO)(C)C(=O)(OON(=O)(=O)),-6.260934494854155,-6.8802733
C(=O)C(ON(=O)(=O))C(ON(=O)(=O))(C(OO))OOC(=O)C(=O),-4.932441111239314,-5.107466
CC(C(=O)(N(=O)(=O)))(C(OO))OOC(=O)C(=O)(OON(=O)(=O)),-4.46678743571465,-4.358081
C(O)C(ON(=O)(=O))(C(ON(=O)(=O)))C(C)(C)C(=O)(OO),-6.779762085432594,-5.314355
C(O)C(=O)C1OC1C(OO)=C(N(=O)(=O))C(=O)(O),-9.700720005372204,-11.159163
C(O)C(=O)C(=O)OC(OO)C(=O)C(O)(N(=O)(=O)),-6.24807353011056,-7.871963
C1(O)(OO)C(N(=O)(=O))(OO)OOC1C(O)C(=O)C(O),-8.006172092529596,-9.607332
C(=O)(OON(=O)(=O))C(ON(=O)(=O))C1OOC(C(=O))C1(O)C(=O)(O),-6.391053794746767,-8.0915
C(=O)(O)C(ON(=O)(=O))C(OO)(C1(O))OOC1(C(=O))C(=O),-8.863889131116593,-9.124667
CC(=O)CC(=O)CC(OO)C(OO)C,-7.933405018673511,-6.6163144
C2C(=O)C(=O)C(O)C1(OO)OC12(ON(=O)(=O)),-5.560740490876924,-6.7036595
C(ON(=O)(=O))CCC(=O)(OON(=O)(=O)),-1.3984971708268858,-1.9809668
C1(=O)C(OO)OOC1(C(OO))C(OO)C(=O),-7.635941084405204,-8.9884405
C1(=O)C(ON(=O)(=O))C(O)(C)C(=O)OOC1(O)C(=O)(OO),-7.524085633431241,-7.647174
C1(=O)C(ON(=O)(=O))OOC1(OO)C(OO)C(=O),-6.3780914963845134,-5.3574967
CC(=O)C(=O)OOC(=O)C(=O)C(O)C(=O)(OON(=O)(=O)),-3.7933961907965568,-2.76675
C1(OO)OC1(OO)C(O)(O)C(=O)C(=O),-9.200213457348582,-8.321297
C(O)C(=O)C(O)C(ON(=O)(=O))C(=O)(O),-7.687142826820491,-7.934049
C(=O)(OON(=O)(=O))C(OO)C(C1(O))OOC1(C)C(=O),-6.2689864514304645,-6.2268276
C(=O)(OO)C1OC1C(C(=O)(OO))=CC(=O),-9.404782794099447,-5.686925
C(=O)(OON(=O)(=O))C(O)(O)C(=O)OC(=O)C(O)(C(ON(=O)(=O)))C(=O),-5.543460136967042,-4.516453
C(=O)(OON(=O)(=O))C(N(=O)(=O))(OO)C(C(=O)(O))OOC(=O),-5.891327614284819,-6.3118305
C1(O)(O)C(C(=O)(O))OOC1(C(=O)(O))C(=O)(OON(=O)(=O)),-7.878047213212994,-9.321395
C(OO)CCC(O)CCC(=O)CCC(=O)(OON(=O)(=O)),-6.772160797379911,-8.658576
C(ON(=O)(=O))C(OO)C1(O)OC1(ON(=O)(=O))C(=O),-6.766527621479327,-5.3371086
C(=O)(OON(=O)(=O))C1CC(OO)(C1(C)C)C(OO)C(=O),-6.3182169664814865,-7.3557296
C1(OO)OC1C(OO)=C(C)C(=O)(OO),-6.449404744837011,-7.829953
C(=O)(O)C(=O)OC(=O)C(ON(=O)(=O))(C)C(=O)(OON(=O)(=O)),-4.342889024192118,-3.8997722
CC(=O)CCC(=O)C(ON(=O)(=O))C(OO)C(ON(=O)(=O)),-6.705449061082618,-7.861826
CC(=O)C(=O)C(O)C1(OO)OC1C(=O)(OON(=O)(=O)),-6.252658284322024,-3.8658843
C(=O)(OO)C(=O)C(OO)OC(=O)C(ON(=O)(=O))C(=O)C(=O),-7.126955882442417,-6.693738
C(OO)C(C(=O)(OO))C(C(O))(C)C(=O),-8.823606974599898,-7.225688
C(O)C(=O)C(OO)C(C)(C)C(ON(=O)(=O))(C(=O)(OON(=O)(=O)))C(=O),-6.928819675407794,-7.7821503
C(ON(=O)(=O))C1CC(OO)(C(=O)(OO))C1(C)C,-6.978901434104046,-6.8372874
CC(ON(=O)(=O))(C(O))C(=O)CC(=O)C(O)(C)C(=O)(OO),-9.542972921950422,-7.6712837
C1(=O)C(O)C(ON(=O)(=O))C(ON(=O)(=O))(C)OOC1C(=O)(O),-6.7605763870597,-6.7190857
CC(OO)(C(=O)(OO))C(ON(=O)(=O))C1OC1C(=O)(OO),-7.60075699171648,-10.132524
C(OO)C1(ON(=O)(=O))OC1(OO)C(=O)(OON(=O)(=O)),-5.292545909884211,-4.0229373
C(=O)(OO)C(OO)=CC(=O)OC(=O)C(=O),-8.135863333733141,-8.033748
CC(=O)C(=O)C(=O)C(O)(ON(=O)(=O))C(=O)(OO),-7.301692144976187,-3.738361
C(O)CCC(=O)CC(=O)CC(ON(=O)(=O))CC(ON(=O)(=O)),-7.288765309898736,-7.956662
C12OOC(O)(C1(O)(N(=O)(=O)))C(=O)C(=O)C2(=O),-5.546476366287607,-6.6825805
CC(=O)C1CC(C(=O)(OON(=O)(=O)))C1(O)C,-4.083001546401647,-4.403353
C(=O)(O)C(=O)OOC(O)(C(=O)(O))C(O)C(=O),-8.899727108564548,-12.350442
CC(=O)C(C(ON(=O)(=O)))C(O)(C(ON(=O)(=O)))C(=O)CC(=O),-6.811370259167234,-8.259844
C(=O)(O)C(=O)C(OO)=CC(=O)OC(=O),-7.405491128729409,-6.2873163
CC1(ON(=O)(=O))C(O)C(=O)C(=O)OOC1C(=O)(OON(=O)(=O)),-4.296997787450891,-5.899388
C(=O)C1(O)OC1C(=O)C,-4.349407758032612,-4.2802315
C1(=O)C(ON(=O)(=O))C(ON(=O)(=O))C(O)(C(=O)(OO))OOC1(=O),-6.847743210833869,-5.1915526
CC(ON(=O)(=O))CCC(O)CC(=O)C(OO)CC,-7.307916809751987,-8.078046
C(ON(=O)(=O))C(=O)C(ON(=O)(=O))C(=O)C(O)C(O)C(=O)(OO),-9.054278560850435,-8.395554
C(=O)(O)C(OO)C1OC1(C(ON(=O)(=O)))C(=O),-8.67098338046344,-7.6231112
C1(O)C(=O)OOC1C(O)C(O)(C)C(=O)(OO),-9.35086273687375,-6.636619
CC(=O)C(C(=O)(OO))C(C)(C)C(ON(=O)(=O))C(=O)(OO),-7.386417350406191,-6.8702793
C(=O)(OO)C(ON(=O)(=O))CC(OO)C(C)(C)C(=O),-8.290174800416935,-8.844044
CC(=O)C(C(ON(=O)(=O)))C(O)(C)C(ON(=O)(=O))CC(=O),-6.697379113677016,-7.386932
C1(ON(=O)(=O))OC1(O)C(O)C(=O)(OO),-8.03392766541947,-4.599745
C(=O)(OO)C(=O)CC(=O)C(=O)C(=O)(OON(=O)(=O)),-4.753931981484129,-4.3304152
C1(OO)OC1C(=O)C(O)(C(=O)(OON(=O)(=O)))C(=O)(OON(=O)(=O)),-5.8992368490162335,-4.838163
CC(=O)C(C(ON(=O)(=O)))CC(OO)C(O)(C)C(=O)(OO),-7.722244939748634,-7.3772287
CC1(C(=O)(OO))OC1C(OO)C(=O)(OON(=O)(=O)),-6.039481209281803,-5.720864
CC(O)(C)C(=O)C(ON(=O)(=O))C(=O),-4.089688347035917,-3.4205563
CC1(C(=O)(O))OC1(ON(=O)(=O))C(ON(=O)(=O))C(=O)(O),-5.9952321496166405,-6.127293
C(=O)(O)OOC(=O)C(=O)C(ON(=O)(=O)),-4.604317257853836,-3.382784
C(=O)(OO)C(=O)OOC(O)(C(=O))C(=O)C(=O)C,-6.935805750968939,-10.023542
C(=O)(O)C(O)(N(=O)(=O))C(O)(O)C(=O),-6.5985835718602175,-6.5795493
C(O)CCC(=O)(O),-3.9831946594604233,-4.0450788
C(OO)C1(OO)OC1(ON(=O)(=O))CC(=O),-6.736272410338643,-6.0661736
C(=O)(O)C(OO)CC(C(=O)C)C(ON(=O)(=O))(C)C(=O),-8.743657112176152,-8.102674
CC(O)(C(=O)(O))C(=O)C1OC1(OO)C(=O),-7.529519696281568,-7.77874
C(=O)(O)C1OOC(N(=O)(=O))(C1(O)(O))C(OO)C(=O),-9.492417519959417,-9.541522
C(=O)(O)C(ON(=O)(=O))(C(ON(=O)(=O)))OOC(=O)C(O)C(=O),-6.709229231299105,-5.6917844
C1(O)C(OO)C(OO)C2(C)OOC1C2(O)(O),-10.941500891589385,-10.63491
CC(ON(=O)(=O))CC(=O)CCC(=O)CC(ON(=O)(=O))C(=O)(OO),-6.869930954582742,-7.6664057
CC(=O)CC(OO)C(ON(=O)(=O))C(=O)CC(=O),-6.420487837505789,-7.0973334
CC(O)(C(=O)(O))C(O)(C(=O)(N(=O)(=O)))OOC(=O)C(=O),-7.854382098325004,-6.2949157
C(=O)(OON(=O)(=O))C(O)(O)C(=O)C(ON(=O)(=O))C(=O)C(=O),-5.719112151877198,-3.985991
C(=O)C(OO)C(=O)C1(O)OC1(O)C(=O),-9.02699842162292,-7.573185
CC(ON(=O)(=O))C(OO)C(OO)CC(O),-6.5942896190572355,-7.812629
C(=O)(O)C1(OO)OC1C(OO)(C(=O))C(O)C(=O),-8.881640813095146,-9.824129
C(=O)(OO)C(OO)C(C)(C)C(C(=O))C(ON(=O)(=O))(C)C(=O)(O),-7.386417350406191,-9.460168
CC1(C(OO))C(ON(=O)(=O))(C(=O)(OO))CC1C(=O)C,-8.734048928756238,-9.575884
C1(OO)OC1(ON(=O)(=O))C(=O)C(=O)C(=O)C(=O)C,-3.722527854381042,-3.7479553
CC(ON(=O)(=O))(C(=O)(O))C(C)(C)C(=O)C(=O)C(OO),-7.359043755805033,-8.639745
C12OOC(C1(=O))C(OO)C(OO)(C(=O)(O))C2(ON(=O)(=O)),-8.89808470963726,-9.285974
C(=O)(O)C1OC1(C(=O)(O))C(=O),-6.692229378013508,-6.7741423
C(=O)(OO)C1OC1C(C(=O)(OON(=O)(=O)))C(=O)(OON(=O)(=O)),-5.179377462947741,-5.4555593
CC(O)(C(=O)(O))C(ON(=O)(=O))(C(=O)(O))C(C)(C)C(=O),-8.745624199336817,-10.478874
CC(=O)C1OC1(ON(=O)(=O))C=CC(=O),-2.2622327760509506,-3.2680025
C(=O)(O)C(=O)C(=O)C(ON(=O)(=O))C(O)(C)C(=O),-6.592659535997882,-6.539935
C(=O)C(=O)C(O)(O)C(ON(=O)(=O))(C(=O)(O))C(OO)C(=O),-9.017027858266374,-10.534771
CC(ON(=O)(=O))C(C)(C)C(=O)C(ON(=O)(=O))C(=O)(OO),-5.248999864152211,-4.550532
C(=O)(O)CC(=O)C(ON(=O)(=O))(C)C(C(=O))C(ON(=O)(=O))(C)C,-6.251020970175887,-7.8590126
CC(=O)C(ON(=O)(=O))CCCC(=O)CC(ON(=O)(=O))C,-5.824880289126668,-6.2410846
C(=O)C(=O)C(O)C(=O)OOC(ON(=O)(=O))C(=O),-4.231758453712246,-4.0426335
CCCC(OO)C(O)CC(ON(=O)(=O))C(OO)CC,-7.472195583713983,-7.83119
CC(=O)C(OO)C(O)(N(=O)(=O))C1(O)OC1C(=O)(OON(=O)(=O)),-8.069809933193028,-7.649913
C(=O)(OO)C1OOC(O)(C1(=O))C(N(=O)(=O))(OO)C(=O),-7.333098805500413,-6.2124224
CC(OO)(C)C(C(O))CC(=O)(O),-7.574911024821631,-7.972467
C(=O)(O)C(O)(C(OO))C(=O)C(O)(O)C(=O),-11.22098973703578,-7.724981
C1(=O)OC1C(O)(O)C(=O)C(OO)C(=O)(O),-7.837141368554512,-7.5181365
C1(OO)C(ON(=O)(=O))C(OO)C(=O)OOC1(C)C(=O)(O),-6.929158697526873,-9.644268
C(ON(=O)(=O))C(=O)OC(OO)C(ON(=O)(=O))C(=O),-5.577567673428348,-5.446657
C1(O)C=CC(C(=O)(O))(C(=O)(O))OOC1(=O),-7.918588347074547,-8.911375
C(=O)(O)CC1(ON(=O)(=O))CC(OO)(C(=O)C)C1(C)C(OO),-8.949045519853826,-9.852126
C(=O)(O)C(=O)C(C(OO))(C(=O))OOC(=O),-7.547748943625265,-7.260292
C(=O)(O)C(OO)(C(ON(=O)(=O)))C(ON(=O)(=O))C(=O)(OO),-7.380623283834211,-5.619305
CC1(C)OOC(C(OO)(C)C(=O))CC1C(=O)(OO),-7.6662458996834175,-9.0201845
C(=O)(O)C1(C(OO))OOC(C1(=O))C(ON(=O)(=O))C(=O)(OON(=O)(=O)),-7.137386950322252,-8.336816
CC(ON(=O)(=O))(C)C(C(ON(=O)(=O))(C)C(=O)(O))CC(=O)C(=O)(O),-8.191122316531619,-9.372758
C(=O)(OO)C1(OO)OC1(ON(=O)(=O))C=CC(=O)(OON(=O)(=O)),-5.955218914794386,-6.005522
C12(O)OOC(O)(C1(O))C=C(OO)C2(=O),-9.176077298609016,-8.726557
C(=O)(O)C(O)C(ON(=O)(=O))C1(C)OC1(OO)C(=O)(O),-9.290400548954494,-10.951654
CC(=O)CC(O)C(ON(=O)(=O))CC(=O)CC(OO)C,-9.315808937233669,-9.462419
C(=O)C1(OO)OC1C(OO)(C(OO))C(O)C(=O),-8.874218088069028,-8.435292
CC(=O)C(C)(C(=O)(O))C(ON(=O)(=O))C(OO),-8.179819475670229,-7.092203
C1(O)C(=O)OOC1(ON(=O)(=O))C(=O)C(ON(=O)(=O)),-4.423299675641829,-4.1327353
C1(=O)C(ON(=O)(=O))(C(O))OOC1C(=O)C(=O)(O),-5.568316730710649,-7.7217007
C12(O)OOC(O)(C1(O))C(=O)C(OO)(C)C2(O),-9.41334909993384,-9.587389
C(=O)(OO)C1(ON(=O)(=O))OC1C(=O)C(O)(C)C(=O)(OON(=O)(=O)),-5.720030078484342,-5.1205163
CC(=O)C(ON(=O)(=O))C(C(=O)(OO))CC(=O)(OON(=O)(=O)),-5.487115779047599,-4.1322026
C(O)C(=O)C1OC1(OO)C(O)(O)C(=O),-9.721707814129331,-7.204086
C(=O)(OON(=O)(=O))C(ON(=O)(=O))(OO)C(OO)(C)C(=O)OC(=O)C(=O),-6.304814680850541,-6.151991
C(ON(=O)(=O))C(OO)(C(=O))C(C(=O))OOC(=O)C(=O),-4.956811579486384,-6.522474
C(=O)(O)C1(N(=O)(=O))OC1C(ON(=O)(=O))C(O)(C)C(=O),-6.785129687339577,-6.78998
C(=O)(OON(=O)(=O))C1(C(=O))OC1C(OO)C(=O)C(=O),-4.437892178133552,-4.557259
CC1(C)C(OO)CC1C(OO)(C(O))C(=O),-8.328654072452991,-7.836281
C1(ON(=O)(=O))OC1C(OO)(C(=O))C(O)C(=O)(OO),-7.609592406977754,-7.0994096
C1(=O)OOC(N(=O)(=O))(ON(=O)(=O))C1(O)C,-3.9427975380931457,-2.6554112
C(=O)(O)C(O)C(=O)C(=O)OC(=O)C(=O)C(ON(=O)(=O)),-7.186779625519193,-6.000545
C(=O)(N(=O)(=O))C1(O)OC1C(OO)C(=O)(O),-7.6289456922750105,-7.223641
C(=O)(O)C1(C(=O)(OON(=O)(=O)))OC1C(=O)C(N(=O)(=O))C(=O),-5.298536004365815,-5.997597
C(=O)(OON(=O)(=O))CC(C(=O))C(C)(C)C(=O),-2.9667110607551876,-4.063005
C(=O)(OO)C1(O)OC1(C)C=CC(=O)(OON(=O)(=O)),-7.101324738036055,-6.708504
C(=O)(O)CC1(OO)OC1(N(=O)(=O))C(=O)(O),-6.880973496814477,-8.023638
C1(ON(=O)(=O))C=CC(N(=O)(=O))(C2(O)(OO))OOC12C,-6.173341830242862,-7.8796763
C1(ON(=O)(=O))OC1C(OO)C(=O)C(=O)C,-3.467764004564742,-3.8271537
C(ON(=O)(=O))C1(C(OO))C(=O)CC1CC(=O),-4.224765988838044,-6.533543
CC1(C)C(ON(=O)(=O))CC(ON(=O)(=O))C(=O)C1C(=O)(OO),-5.9828970080179715,-8.265778
CC(ON(=O)(=O))CCC(=O)CC(=O)CC(ON(=O)(=O))C(OO),-7.486162506924302,-7.988662
C(=O)C(=O)C(=O)C(O)(ON(=O)(=O))C(=O),-4.277327109188263,-1.6655663
C(=O)(O)C(OO)(C(OO))C1OOC(C1(O))C(=O),-9.841764605673234,-11.88284
C(=O)(O)C(ON(=O)(=O))C(ON(=O)(=O))(C)OOC(=O)C(=O),-5.113467497030797,-5.141932
C(O)C(=O)OOC(O)(C(=O)(O))C(O)(N(=O)(=O))C(=O),-9.184487441718375,-10.589157
C1(=O)C(O)(C(=O)(OO))OOC1(C)C(ON(=O)(=O))C(=O)(OO),-8.269314002023748,-10.606062
CC(=O)C(ON(=O)(=O))CC(ON(=O)(=O))C(O)CC(=O),-6.870438436702898,-7.312166
C1(OO)C=CC2(C(ON(=O)(=O)))OOC1C2(O)(OO),-8.047019025681948,-9.539046
CC(O)C(OO)CC(=O)C(O)CC(O),-9.444844226483838,-11.593309
C1(=O)C(O)(N(=O)(=O))C(ON(=O)(=O))C(=O)OOC1(OO)C,-6.388563811136919,-4.9028277
C(=O)(N(=O)(=O))C1(O)OC1(OO)C(C)C(=O),-7.469989423832885,-7.2262836
C(=O)(O)C(O)C(ON(=O)(=O))(C)C1(O)OC1C(=O),-8.66679829073837,-9.340578
C(=O)C(=O)OOC(C(=O)(OON(=O)(=O)))=C,-0.7431285904931428,-1.4719322
C(=O)(OO)C(ON(=O)(=O))C(OO)C1(C)OC1(ON(=O)(=O))C(=O),-6.353966013932222,-6.3128834
C(ON(=O)(=O))C1(C(=O)(OO))OOC(C1(O))C(ON(=O)(=O))C(=O),-7.93337787895689,-9.761363
CC(=O)C(=O)C1OOC(O)(C1(O)(N(=O)(=O)))C(=O),-5.825650302127542,-5.895101
C(=O)(O)C(ON(=O)(=O))C(ON(=O)(=O))C(C(=O)(OO))(C)C(=O),-6.526399084683362,-6.6888742
C(=O)(OO)C1OC1(O)C(ON(=O)(=O))C(=O),-6.90246163415577,-7.0421877
C(=O)C(O)C(OO)(C)OOC(=O),-7.878089555488259,-5.17555
C(=O)(O)C(C(=O)(OON(=O)(=O)))C1(O)OC1C(=O),-5.835604410349333,-6.597545
CC(=O)OC(OO)C(=O)C(O)(N(=O)(=O))C(=O),-6.468687565309665,-5.989334
C1(O)(ON(=O)(=O))C(=O)OOC1(C)C(ON(=O)(=O))C(=O),-4.849941027756358,-4.2349806
C(=O)C(O)(OO)C(ON(=O)(=O))C1OC1C(=O),-8.504397922533826,-4.824193
CC(OO)(C(OO))C(C(ON(=O)(=O))(C)C(=O))CC(=O),-9.299005440310793,-9.465289
C1(N(=O)(=O))(OO)OC1(O)C(OO)C(O)C(=O)(O),-8.19465749805022,-11.090329
C1(O)C(O)(C(=O)(OO))OOC1(C(=O))C(=O)C(=O),-9.706041396919318,-8.135097
C(=O)(N(=O)(=O))C(=O)OC(OO)C(ON(=O)(=O))C(O)C(=O)(O),-6.497482992586811,-7.545794
C1(ON(=O)(=O))OC1(OO)C(OO)C(=O)C(=O),-5.923774473476442,-6.0652494
C1(ON(=O)(=O))C=CC(=O)OOC1(OO)C,-5.552060491416341,-4.1755366
CC(=O)C(=O)CC(C(ON(=O)(=O))(C)C(O))CC(=O),-5.894262540297859,-6.8457494
C(=O)(O)C(O)OOC(=O)C(ON(=O)(=O))(C)C(=O),-6.753029250099644,-5.753302
C(=O)(O)C(=O)C(ON(=O)(=O))C(=O)C(O)C(ON(=O)(=O))C(=O),-6.841630336572052,-7.689239
C(O)C(C(O))C(C)(C(=O)(OO))C(=O)C(=O)C,-8.635681249525987,-7.2874446
C(=O)(O)C(ON(=O)(=O))C(N(=O)(=O))(C1(O)(O))OOC1(C(=O)(OO))C(=O),-9.544598918115298,-13.484448
C(O)C(=O)C=CC(=O)C(=O),-3.752030254249803,-4.3944173
C(=O)(O)C(=O)C(O)(C(OO))C(=O)(OO),-8.61704239816936,-10.148614
C(O)C(=O)C1(O)OC1(N(=O)(=O))C(=O)C(OO),-8.426636781903653,-8.123903
CC(=O)C(C(=O)C(=O)(N(=O)(=O)))OOC(=O)C(=O)(OO),-3.6716269514072337,-6.8182745
C(O)C(=O)C(O)C(OO)(C1(O)(N(=O)(=O)))OOC1C(=O)(OON(=O)(=O)),-7.996629884859431,-10.327369
C(=O)(OON(=O)(=O))C(OO)C(OO)(C)C(O)C(=O)C(=O),-6.426278030126923,-6.8758698
C(=O)(O)C(N(=O)(=O))(OO)C(=O)C(=O)CC(=O),-7.286043681435331,-6.8916655
C(=O)(O)C(=O)C(O)(O)C(ON(=O)(=O))(C(ON(=O)(=O)))C(=O)C(=O),-7.409393526762869,-7.0226016
C1C(=O)C(OO)C(ON(=O)(=O))(C2(O))OOC12,-5.700545498422798,-7.5247874
C(OO)C(=O)C(N(=O)(=O))(ON(=O)(=O))C(=O),-3.884623692592868,-2.2631257
C1(=O)C(=O)OOC1C(ON(=O)(=O))(C)C(N(=O)(=O))C(=O)(OO),-4.795700571470661,-6.0259566
C(ON(=O)(=O))C1CC(=O)C1(C)C(OO),-5.310474882071503,-4.693357
CC(=O)C(C(OO)(C)C)C(O)C(=O)C(ON(=O)(=O)),-6.87157185387332,-7.820299
CC(OO)C(=O)C(=O)C(OO)C(ON(=O)(=O))(C)C,-7.084119053643008,-5.364879
CC(O)(C)C(CC(=O)(OON(=O)(=O)))CC(=O),-5.347030363416707,-4.9391847
C(=O)(OO)C(=O)C1OC1(O)C(N(=O)(=O))=CC(=O),-7.64800986166847,-8.528144
CC(=O)C(=O)OOC(N(=O)(=O))(OO)C(=O)(O),-7.45321651908489,-5.7080903
CC(C(=O)(O))OOC(=O)C(ON(=O)(=O))C(=O)(O),-6.649007726799027,-8.03038
C(=O)(OON(=O)(=O))C(=O)C1OOC(OO)(C1(O))C(=O)C(=O),-6.531318003751949,-7.432919
CC(=O)C(O)CC(OO)(C(ON(=O)(=O))(C)C)CC(=O)(OO),-8.969242917699376,-11.5107155
C(=O)(O)C(=O)C(O)(O)C(=O)OC(=O)C(=O),-8.189634092606866,-8.743842
C(=O)(O)C(=O)OOC(OO)C(ON(=O)(=O))C(=O)C(=O),-7.126955882442417,-6.90314
C(=O)(OON(=O)(=O))C(=O)C(OO)C(O)C(=O)C(OO)C(=O),-6.337212399854252,-9.343136
C(OO)C(=O)C(OO)C(O)C(=O),-7.982059070611285,-8.993141
CC(OO)(C)C(C)C(O)(C)C(=O),-4.637571159673826,-4.8776937
CC(=O)C(C(=O)(O))C(O)(C(ON(=O)(=O)))C(=O),-7.189765574510602,-6.247427
C(O)C(=O)C(OO)OC(=O)C(N(=O)(=O))C(=O)(OON(=O)(=O)),-6.642588959010027,-6.370432
C(=O)(O)C(O)(C(=O)(OON(=O)(=O)))OC(=O),-5.235240384770805,-4.3109417
C(=O)(OO)C(N(=O)(=O))=CC(OO)OC(=O)C(=O),-7.199881238570015,-7.326663
CC(=O)C1OC1(OO)C(OO)C(=O)(O),-8.46670416719644,-9.965112
C(=O)(OO)C=C(OO)C1(C)OC1C(=O)(OON(=O)(=O)),-6.6097190066138864,-8.899314
CC(=O)C1(O)OC1C(=O)C(=O)(O),-5.795651465745323,-3.7465343
C1(O)C(ON(=O)(=O))OOC1(C(=O)(OON(=O)(=O)))C(=O)C(=O)(OO),-6.201420194513048,-6.574537
C(=O)CC(O)(C(=O)(OON(=O)(=O)))OC(=O),-4.212131302479975,-4.0275006
CC(=O)C=COC(=O)C(=O)(OON(=O)(=O)),-2.646945328597212,-2.5223
C(=O)(OON(=O)(=O))C1OC1C(OO)(C(=O)(O))C(=O),-7.755678629786416,-5.7804737
C(=O)(O)C(O)C(=O)C1(C(=O)(OON(=O)(=O)))OC1C(=O),-6.623276233118304,-5.6940475
C(=O)(OO)C(O)C(=O)C(OO)(C(=O))OC(=O),-7.891366172034395,-7.8094606
C1(=O)C(=O)C(ON(=O)(=O))C(OO)C(OO)C1(O),-7.8165997365413205,-8.823514
C(ON(=O)(=O))C(=O)OC(=O)C(O)C(=O),-4.814601596513967,-3.0612497
C(=O)(OON(=O)(=O))C(=O)C(OO)C(=O)C(O)C(=O),-5.722146227888516,-4.0584445
C(OO)C1(C(=O)(OO))OC1(OO)C(=O),-7.732252205936675,-5.8840723
C1(O)C(OO)(C(=O)(OON(=O)(=O)))OOC1C(ON(=O)(=O))C(=O),-6.323493651651006,-6.8357544
CC(=O)C(O)CC(OO)C(ON(=O)(=O))(C)C(=O)(OON(=O)(=O)),-7.303774027968757,-7.5083995
C(=O)(O)C(O)C1OC1(C)C(=O)C(=O)(O),-7.290249622197734,-8.511789
CC(=O)C(ON(=O)(=O))CC(C(O))C(O)(C)C(ON(=O)(=O)),-6.688060455708182,-8.375819
CC(=O)C(ON(=O)(=O))C(OO)C(=O)(OON(=O)(=O)),-4.526896418434262,-3.212228
C1(ON(=O)(=O))OC1C(O)C(OO)C(=O)C(=O),-6.437868394352336,-4.7148
C(=O)(N(=O)(=O))C(=O)C1(C(=O)(O))OOC(C1(O))C(=O),-7.048657440507668,-8.25459
C(O)C(=O)C(C)(C(O))C(=O)CC(=O)(OO),-9.609234821540667,-5.5949597
C(=O)(O)C(OO)(C(OO))C(O)C1OC1C(=O)(OON(=O)(=O)),-8.044165686866108,-10.627116
C(=O)(OO)C(=O)OC(=O),-3.0426917691511335,-2.822175
C1(OO)C=CC(C(=O)(O))(C(=O)(OO))OOC1(=O),-7.944229954311595,-7.991236
CC(ON(=O)(=O))(C)C(ON(=O)(=O))C(O)C(=O)C(OO)(C)C(=O)(O),-7.23643149898453,-8.916164
C(ON(=O)(=O))C(C(=O)(OON(=O)(=O)))C(=O)OC(=O)C(=O),-2.5889257637572882,-2.9726503
C1(O)COOC1(C(ON(=O)(=O)))C(=O)(OON(=O)(=O)),-4.043319677912223,-4.2739453
C(=O)(O)C1OC1(C(=O)(O))CC(=O),-7.4453623948447785,-7.6565304
CC(=O)C1CC(C)C1(OO)C,-2.7050230767235917,-3.117753
CC(=O)OOC(=O)C=CC(=O),-1.744741538330345,-2.1113153
CC(=O)C(=O)C(C)(C(O))C(ON(=O)(=O))C(OO)C(=O)(OO),-8.232128632709646,-8.296705
C(=O)(O)C(O)C(OO)C1(C(O))OC1(OO)C(=O),-11.298002564561102,-11.982037
C(=O)C(OO)C(OO)(C(=O)(N(=O)(=O)))OOC(=O),-6.118259944196325,-6.309003
CC(=O)C(OO)C(C)(C(ON(=O)(=O)))C(O)C(=O)(OON(=O)(=O)),-7.022602631786867,-6.495449
C(OO)C(=O)C(=O)C(=O)C(O)C(OO)C(=O),-7.1936891744953755,-9.32681
C(ON(=O)(=O))C(C(OO))(C(=O)(OON(=O)(=O)))C(=O)CC(=O),-5.659393402074784,-5.181991
C(=O)(O)CCC(=O)CC(=O)CCC(=O)(OON(=O)(=O)),-6.475129496280715,-6.965264
CC(OO)(C)C(ON(=O)(=O))(C(=O)C(O))CC(=O)C(OO),-8.060333621884638,-9.024892
C(=O)(O)C(OO)C(ON(=O)(=O))(C(=O))C(=O)C(=O)C(=O),-7.797717604375066,-7.6675096
C(OO)C(=O)C(ON(=O)(=O))C1OC1C(=O)(OO),-8.654425336717395,-8.619959
C1(=O)C2(OO)OOC1C=C(OO)C2(ON(=O)(=O)),-6.605674500362511,-5.923476
CC(ON(=O)(=O))(C(O))C(C(ON(=O)(=O)))C(=O),-5.680066021650418,-5.43841
C(=O)(OON(=O)(=O))C(O)C1(O)OC1(=O),-5.589686085151698,-7.3098683
CC(O)CCC(ON(=O)(=O))CC(ON(=O)(=O))CC(=O)(O),-8.617580511650885,-9.188091
C(=O)C(=O)OOC(O)(C(=O)(N(=O)(=O)))C(O)C(=O),-6.473469973936517,-5.8210845
C(=O)(O)C(O)(C(=O)(O))C(C(=O))OOC(=O)C(=O),-9.370318666262392,-10.126762
C(OO)C(=O)C(=O)C1OOC(N(=O)(=O))(C1(=O))C(=O)(OO),-7.028425076070562,-7.931549
C(=O)(OO)C(=O)CC(C(ON(=O)(=O))(C)C)C(O)(C)C(=O)(OON(=O)(=O)),-7.349299981806325,-8.294222
C(=O)(O)C1(O)OOC(OO)C1(O)C(ON(=O)(=O)),-8.743010118947495,-6.118823
CC(=O)C(ON(=O)(=O))(C1(C)C)C(OO)C1CC(=O)(OO),-8.106544038620996,-6.1404443
C2(O)C(OO)C(=O)C(OO)(C1(O))OOC12C(O),-9.286234824251551,-13.760233
C(=O)(O)C(OO)(C(=O))C(C(O))C(=O),-8.569631982061765,-9.635811
C1C(=O)OOC(OO)(C(=O)(OO))C(ON(=O)(=O))C1(=O),-7.203458904386935,-6.781695
C(=O)(O)C1(O)OC1(C(ON(=O)(=O)))C(ON(=O)(=O))C(O)C(=O),-7.344596566679684,-9.072058
C(=O)(O)CC(=O)CC(OO)C(OO)(C)C(ON(=O)(=O)),-8.686774185156537,-10.695261
C(=O)(OON(=O)(=O))C(=O)C(=O)C(O)C(=O)C(=O),-3.5893831154371583,-2.3955579
C(=O)(O)C1(O)C(=O)OOC1C(=O)(OON(=O)(=O)),-6.085671323919087,-4.4270864
C(=O)(O)C(=O)C(=O)C1OC1(C(=O)(N(=O)(=O)))C(ON(=O)(=O)),-5.505152535242814,-4.8152995
CC(=O)C(O)(C(ON(=O)(=O))(C)C)C(ON(=O)(=O))C(=O)C(OO),-7.523740678583636,-7.279607
C(ON(=O)(=O))C1OOC(OO)(C1(O)(N(=O)(=O)))C(=O),-7.5242199372150935,-4.581789
C(ON(=O)(=O))C(ON(=O)(=O))(C(=O)(OO))C(C)(C)C(=O),-5.358620088971293,-4.4936986
C(=O)C(=O)C(=O)C(OO)=CC,-3.67257344688187,-3.0646212
CC(ON(=O)(=O))(C(=O)(OON(=O)(=O)))C(O)(C(=O)(O))OOC(=O),-5.908951462202822,-5.56101
CC(OO)(C)OOC(C(=O)C)C(ON(=O)(=O))C(=O)C(O),-7.655692648877448,-7.5143037
CC(=O)C1C(OO)C(ON(=O)(=O))(C1(O)C)CC(=O),-8.534325617289142,-8.569347
C(=O)(O)C(ON(=O)(=O))C1OOC(=O)C1(O)C(ON(=O)(=O)),-6.60814394366389,-6.0991063
C2(=O)C(O)C(OO)C(O)(C1(O)C(OO))OOC12,-10.368054921820658,-10.468293
CC(C)(C(=O)(O))C(O)(C(=O))C(O)(C)C(=O)(O),-8.714230585817859,-5.775304
CC(=O)C(C)CC(=O)(O),-3.81744471865386,-3.1844919
C(=O)C1(O)OC1(C(=O)(OO))C(OO)C(=O),-7.219303799791305,-6.566222
C(=O)(N(=O)(=O))C1(O)OC1(OO)C(OO)C(O)C(=O),-7.6289456922750105,-11.517109
C(O)C(=O)C(OO)=CC1OC1C(=O),-7.321635879536188,-5.507356
CC(ON(=O)(=O))C(=O)C(C)(C)C(=O)(OON(=O)(=O)),-3.6102101029500773,-1.4828438
C(=O)(O)C1OC1C(ON(=O)(=O))(C(OO))C(OO)C(=O)(OO),-8.732024857399665,-11.296993
C(O)C(=O)CC(=O)C1OC1(O)C(=O)(N(=O)(=O)),-5.977901173546343,-8.280645
C(O)C(ON(=O)(=O))C(C(=O))C(=O)C(OO),-7.140662967047319,-7.014653
C1(=O)C(=O)OOC1(C(ON(=O)(=O)))C(ON(=O)(=O))C(=O)(OO),-5.563084947927564,-5.021613
C(=O)(O)C(ON(=O)(=O))C1OOC(O)(C1(O)(N(=O)(=O)))C(=O)(OO),-7.756816491964855,-8.375853
C(=O)(N(=O)(=O))C1(O)OC1(OO)C(O)(C)C(=O),-8.298432216124638,-7.2069683
C(=O)(OO)C(=O)C1OOC(C(=O))C1(O)C(=O),-7.456932876675637,-8.721277
C(=O)(O)C1CC(OO)(C1(C)C)C(OO)(C)C(=O),-8.401647682747353,-10.15364
C(=O)C(O)(N(=O)(=O))C(=O)OOC(C)(C(=O))C(=O),-4.083704757129453,-5.0252967
C(=O)C1(O)OOC(ON(=O)(=O))(C(ON(=O)(=O))C(=O))C1(O)C(=O),-6.711114586541953,-5.2896643
CC(=O)C(ON(=O)(=O))(C(=O)(O))OOC(=O)C(ON(=O)(=O)),-5.571419083413275,-5.5231223
C(=O)C12C=CC(ON(=O)(=O))C(C1(O))OO2,-4.826327714814397,-4.830388
C(=O)(OO)C1OOC(O)(C1(O)(N(=O)(=O)))C(ON(=O)(=O))C(=O),-6.81052320857998,-9.147071
CC(OO)CC(=O)CCC(ON(=O)(=O)),-6.9186303731203225,-4.9640255
C(=O)C(O)C(=O)C(OO)(C)C(O)C(=O),-6.504154885744356,-7.8497396
C(=O)(O)C1OC1(OO)C(O)C(ON(=O)(=O))C(=O)C(=O),-7.9995217949544895,-7.0620737
C(=O)(OO)C(OO)OC(=O),-6.476565777165888,-4.9304113
C(=O)CC(=O)C(OO)(C(=O))OC(=O),-4.5572468931914045,-5.359536
CC(=O)C(ON(=O)(=O))C1OOC(C1(O)(ON(=O)(=O)))C(=O),-4.754953744437444,-5.637129
C(=O)(OO)C(=O)CC1OC1C(=O)(OO),-8.975589112131274,-9.33019
CC(=O)C(O)C(=O)C1(OO)OC1(O)C(=O)(OON(=O)(=O)),-6.252658284322024,-7.662712
C(=O)(O)C(=O)CC(C(ON(=O)(=O))(C)C)CC(=O),-6.114505432013175,-8.132444
C(=O)(OO)C(ON(=O)(=O))C1(C(=O)(O))OOC(C1(=O))C(=O),-7.944804899590963,-7.7002015
C(=O)(O)C1(O)OC1(N(=O)(=O))C(O)(C)C(OO)C(=O),-10.31490029813358,-11.975575
C(O)C(=O)C(O)C1(O)OC1(N(=O)(=O))C(=O)(OON(=O)(=O)),-8.94119046999731,-6.1876698
C1(O)C(OO)OOC1C(O)C(=O)(OON(=O)(=O)),-6.774363428754441,-5.6334496
C2(O)C(OO)C(=O)C(O)(O)C1OC12C(=O)(OO),-9.742880174317179,-9.008414
CC(=O)C=C(OO)C1OC1(OO)C(=O)(O),-9.27760985869645,-11.636877
C(=O)(OON(=O)(=O))C(O)(O)C1OC1(O)C(O)(N(=O)(=O))C(=O),-8.753038547263714,-8.608104
CC(=O)C1(O)OC1(O)CC(=O),-6.7795891832211055,-4.3926716
C(=O)(O)C(=O)C1OC1(ON(=O)(=O))C(=O),-3.444349089917523,-3.8801916
CC(ON(=O)(=O))(C)C(OO)(C(=O)C(O))CC(=O)C(O),-8.35117583288229,-11.384979
C(ON(=O)(=O))C(O)C(OO)(C)C(=O)CC(=O)(OO),-9.198664652139996,-9.1244
C1(O)(OO)C(=O)OOC1(ON(=O)(=O))C(O)C(=O),-7.273465856689654,-6.5230093
C(=O)(O)C1CC(ON(=O)(=O))(C1(C)C)C(ON(=O)(=O))(C)C(=O),-5.627275066997754,-6.2964053
C(=O)(O)C1(O)OC1C(ON(=O)(=O))C(O)C(=O)(OON(=O)(=O)),-5.965349466630869,-7.0155783
CC(=O)C1OOC(ON(=O)(=O))(C1(=O))CC(=O)(OON(=O)(=O)),-2.966258298365574,-3.24728
C(=O)C(=O)C(O)(O)C1(C(OO))OC1C(=O),-8.585098256104175,-9.051241
C(=O)(O)C1(O)OC1C(ON(=O)(=O))(C(=O)(OON(=O)(=O)))C(O)C(=O),-6.314142098288357,-8.728197
C(=O)(OO)C(=O)C(ON(=O)(=O))C(O)C(=O)C(O)C(=O)(OON(=O)(=O)),-6.261404885704906,-8.960665
C(=O)C(ON(=O)(=O))(OO)C(=O)C1(O)OC1(C(=O))C,-6.247728934793486,-6.8952045
C(=O)(N(=O)(=O))C(=O)CC(=O)OOC(=O),-2.9297125230114034,-2.3459198
C1(=O)CC(=O)C(O)C(=O)C1(O)C,-6.238505788120165,-6.077479
CCCCCCCC(=O)(OON(=O)(=O)),-2.2254337100366683,-1.2314211
C(=O)(O)CC(=O)OC(N(=O)(=O))(OO)C(=O)C(ON(=O)(=O)),-6.254965004798578,-7.1846294
C(=O)(O)C=CC1(O)OC1(ON(=O)(=O))C(=O),-6.337794175826275,-6.0539675
C(=O)(OON(=O)(=O))C(=O)C(=O)C(=O)C(=O)C(O),-3.715360369764312,-3.1225784
C(=O)(N(=O)(=O))C1(OO)OC1C(O)(C(O))C(OO)C(=O)(O),-10.038113762220746,-12.131282
C(=O)(OO)C(=O)C1OOC(O)(C1(O))C(ON(=O)(=O))C(=O),-7.704329645832331,-10.590152
CC(C(N(=O)(=O))(OO))(C(=O)(OO))OOC(=O)C(=O),-6.413546414090888,-6.0020766
CC(=O)C(C(OO)(C)C(OO))CC(=O)(OON(=O)(=O)),-8.660217767836002,-6.5675874
C1(=O)OC1C(=O)CC(=O),-2.2829150121360726,-2.3015516
CC(=O)CC(=O)C(=O)C(ON(=O)(=O))C(O)CC(O)C(ON(=O)(=O)),-6.209245849011495,-9.640834
C12OC1(ON(=O)(=O))C(O)(O)C(=O)C(ON(=O)(=O))C2(O),-4.71798532430148,-6.781293
CC(ON(=O)(=O))(C(OO))C(CC(=O)(OON(=O)(=O)))C(OO)C(=O),-7.554652414666634,-7.243413
C(=O)(OO)C1(O)C(=O)OOC1(ON(=O)(=O))C(=O),-7.826003694357496,-4.9515514
C(=O)(OON(=O)(=O))C(O)(C(=O))C(O)(C(=O))OOC(=O)C(=O),-5.402787967044787,-6.5548553
C1(O)(N(=O)(=O))C2(OO)OOC1C=C(C2(=O))C(=O),-8.876518530636531,-6.9126897
C(=O)(O)C(ON(=O)(=O))C(ON(=O)(=O))(C(O))C1OC1C(=O)(O),-7.798507058085306,-10.30092
C1(O)C(ON(=O)(=O))C(ON(=O)(=O))(C(=O)(OO))OOC(=O)C1(=O),-6.447054079233567,-6.528007
C(OO)C(=O)OOC(ON(=O)(=O))(C(=O)(OON(=O)(=O)))C(=O)C(OO),-5.959913624441469,-4.488853
CC(ON(=O)(=O))(C)C(C(ON(=O)(=O)))C(=O)(OO),-5.4028926752835105,-5.19485
C(=O)(O)C(=O)OC(=O)C(C)C(=O)C(=O)(O),-5.648191827349365,-7.0408173
C(OO)C1C(=O)C(=O)C(C2(=O))OOC12,-5.271644624393957,-4.481182
C(OO)C1(OO)OC1C(=O)C(=O)C(=O)(OON(=O)(=O)),-5.616287145001479,-4.5498548
CC(=O)C(ON(=O)(=O))C(O)(C)C(=O)(O),-7.054614479473457,-4.9838085
C12OOC(OO)(C2(=O))C(OO)C(=O)C1,-5.912311835252694,-6.9393473
CC(=O)OOC(OO)(C(=O)(O))C(O)C(=O)(OON(=O)(=O)),-6.252553354977863,-8.292585
C1(OO)OC1C(C(=O)(O))=CC(=O)(OON(=O)(=O)),-6.0186619204559975,-4.715946
C(=O)(OO)C1(O)OC1(OO)C(OO)C(=O),-8.608669679832019,-9.218252
CC(=O)C(CC(=O))C(ON(=O)(=O))(C)C(ON(=O)(=O))C(=O),-4.963063656006852,-4.8413463
CC(OO)(C(=O)(OON(=O)(=O)))C1(ON(=O)(=O))OC1(O)C(=O),-5.720030078484342,-4.9759464
CC(=O)C(C(ON(=O)(=O))(C)C)C(OO)C(=O)C(=O)C(=O),-5.1856259070737,-6.5165143
C1(O)C(OO)OC(=O)C(O)(O)C(=O)C1(O)C(O),-11.10474489893204,-5.7401047
C(O)C(=O)C1OC1C(=O)C(N(=O)(=O))(OO)C(=O),-6.884926167960657,-8.395758
C(=O)(O)C=CC1(ON(=O)(=O))OC1(C(=O)(N(=O)(=O)))C(=O)(OO),-7.469352640964644,-5.9068937
C(O)(N(=O)(=O))C(=O)OC(=O)C(ON(=O)(=O)),-3.2552909358928446,-2.871924
C1(O)C2(O)OOC1C(ON(=O)(=O))C(O)(C2(=O))C(ON(=O)(=O)),-6.8589085747771605,-6.0343914
CC(ON(=O)(=O))(C)C(OO)(C(=O)(OO))CC(=O)CC(=O)(O),-8.869731381995734,-7.6863484
CC(=O)C(O)C(O)C(=O)OC(OO)C(=O)(OO),-7.42068698269577,-13.669245
CC(=O)CCC(ON(=O)(=O))CC(OO)C(ON(=O)(=O)),-7.578169239419367,-7.594955
C(=O)(O)C1OC1C(O)C(OO)C(=O)C(OO),-10.451333979119227,-11.478492
C(=O)(OO)C(=O)C(ON(=O)(=O))(C)C(O)OC(=O)C(=O),-6.849277950081159,-6.6638536
CC(ON(=O)(=O))C(C(OO))C(=O)C(=O),-4.648385669819618,-4.1608443
CC(ON(=O)(=O))(C)C(C(=O)(OO))C(=O)C(ON(=O)(=O)),-5.811183630245068,-4.1908283
C(O)(N(=O)(=O))C(=O)OOC(=O)C(=O)C(OO),-5.417041206444992,-5.3152127
C(=O)(O)C1(N(=O)(=O))OC1C(OO)(C(=O)(O))C(O)C(=O),-9.292187263255983,-11.393765
CC(=O)C(ON(=O)(=O))C1OOC(ON(=O)(=O))(C1(O)(O))C(=O)(O),-6.803135952881348,-9.7135515
C(=O)C1(N(=O)(=O))OC1(O)C(OO)(C(=O)(OO))C(O)C(=O),-9.027080173094873,-9.808074
C(=O)(OO)C(OO)C(ON(=O)(=O))(C)C(O)OC(=O),-6.849277950081159,-7.9526496
C(=O)(N(=O)(=O))C1(O)OC1(C(OO))C(ON(=O)(=O))C(=O),-7.259458484932111,-7.120001
C(=O)(N(=O)(=O))C1OC1(C)C(=O)C(OO)C(=O)(OO),-6.772047358597774,-7.1570945
CC(=O)C(OO)C(ON(=O)(=O))C(O)(O)C(=O)C(=O)(O),-8.524596287707027,-10.001758
C(=O)(O)C(OO)C1(C(=O)(OON(=O)(=O)))OC1C(=O),-7.755678629786416,-6.6302075
C(=O)(OO)CC(ON(=O)(=O))C(=O)OOC(=O)C(=O)(OON(=O)(=O)),-4.769313826733196,-5.5922456
C(OO)C(OO)(C(=O))C(=O)C(=O),-6.740634030948058,-5.1393523
C(=O)(OO)C=CC1(C(=O)(OON(=O)(=O)))OC1(OO),-6.8217337857531675,-6.610073
C(=O)(OON(=O)(=O))C(=O)C(ON(=O)(=O))C1(O)OOC(OO)(C1(O))C(=O),-6.912710863238317,-7.930421
C(=O)(OO)C1(C(=O))OC1C(=O)C(=O)C(=O),-4.9031179655503365,-6.3317976
C(=O)(OO)CC(=O)C(O)(C)C(C(=O))C(OO)(C)C,-8.047438664236324,-7.4874306
C(ON(=O)(=O))C1(O)C(=O)OOC1(N(=O)(=O))C(=O)C(O)C(=O)(OO),-7.360787639821865,-7.354717
C(ON(=O)(=O))C(OO)C(OO)(C(ON(=O)(=O)))C(=O)CC(=O),-7.63681490981071,-8.025055
C1(ON(=O)(=O))OC1(C(=O)(OO))C(O)(O)C(=O)C(O)C(=O),-8.510520206407818,-9.485326
C1(=O)C(C(=O)(O))OOC1C(=O)C(=O)(OON(=O)(=O)),-4.221116043368966,-3.691946
CC(OO)(C)C(C(ON(=O)(=O))(C)C(=O))CC(=O),-6.558423284022865,-6.8008785
C(O)CCC(=O)C(OO)C(ON(=O)(=O)),-8.82190228295076,-6.1677604
C(=O)(O)CC(=O)OC(N(=O)(=O))(OO)C(=O)(OO),-6.146077314038848,-7.5816765
C1(O)C(C(=O)(OO))OOC1(C(=O)(O))C(O)C(=O),-8.789181590575026,-11.103244
C12OOC(OO)(C1(O)(N(=O)(=O)))C(ON(=O)(=O))C(O)C2(=O),-6.116465100352798,-6.1525455
C1(=O)OC1C(OO)(C(=O)(O))C(ON(=O)(=O))C(=O)(OO),-8.352460361285921,-7.890331
C12C=CC(OO)C(OO)(C1(O)C)OO2,-8.105163607702707,-4.810016
CC(ON(=O)(=O))(C)OOC(ON(=O)(=O))C(OO)(C)C(=O)C(=O)C(=O),-5.5665742355449765,-4.7646475
CC(=O)C(O)(C(=O)C(=O)(OO))OOC(=O)C(=O),-6.935805750968939,-9.282621
CC(OO)C(C)(C(OO))C(=O)C(=O)(O),-7.7395495066075455,-8.095828
CC(=O)C(=O)CC1(OO)CC(ON(=O)(=O))OOC1(C)C,-6.496250412392328,-7.296242
C1(ON(=O)(=O))OC1C(=O)C(OO)C(=O)C(ON(=O)(=O)),-4.7509988329275075,-5.0179763
C(=O)(O)C=CC(OO)(C(OO))OC(=O)C(=O)(OON(=O)(=O)),-7.047575093234627,-8.65296
CC(=O)C(=O)C(C(ON(=O)(=O)))(C)C(OO),-5.653199755008245,-4.199212
CC1(C)C(OO)CC1(ON(=O)(=O))C(OO)C(=O)(O),-7.460165902963126,-7.6062584
C(=O)(OON(=O)(=O))C(ON(=O)(=O))OOC(C(=O)(O))C(=O)C(=O),-4.157550670726778,-5.0430965
C1(=O)C(N(=O)(=O))C(ON(=O)(=O))C(=O)OOC1(C)C(=O)(OO),-4.908891322975251,-6.335797
C1(O)C(ON(=O)(=O))C(C(=O)C)C(OO)C(OO)C1(ON(=O)(=O))C,-7.463837052226154,-9.4714575
CC(ON(=O)(=O))(C)C(OO)C(OO)C(=O)CC(=O)(OO),-8.133779420306382,-9.798792
C(=O)(O)C1(C(=O)(OO))OC1(O)CC(=O),-7.227107596592759,-7.814246
C(=O)(OO)C=CC1(C(=O))OC1(ON(=O)(=O)),-5.296892376447431,-5.3677263
C(=O)(O)C(ON(=O)(=O))(C(=O))C(OO)C(=O),-6.8762009566307825,-5.9959784
C(=O)(OO)C1(C(=O)(OON(=O)(=O)))OC1(OO)C(O)C(=O),-7.132113533207303,-8.384331
C(ON(=O)(=O))C(=O)C1(O)OC1(=O),-4.131506066143629,-4.803789
C1(O)C(=O)OOC1(O)C(=O)C(=O)(O),-8.326865909366461,-7.1054397
C(=O)C(OO)C(=O)C(O)(OO)C(=O)OC(=O),-7.0641354203344235,-5.5522237
C1(O)(O)C(=O)OOC1(O)C(=O)C(O)(C)C(=O)(O),-9.306706164137722,-11.409494
CC1(C)C(C)C(=O)C1C(OO)C(=O)(O),-7.719363184069152,-6.0858855
C(=O)(OO)C=CC1(OO)OC1(C(=O)(O))C(=O),-8.5855992859033,-9.73251
C2(=O)C(O)(ON(=O)(=O))C(=O)C1OOC2C1(=O),-3.522775392857511,-2.7113037
C(=O)(OO)C(OO)C1OC1(C(ON(=O)(=O)))C(=O)(OON(=O)(=O)),-6.219268136934261,-6.917778
C(O)CCC(=O)CC(OO)C(=O)CCC(ON(=O)(=O)),-9.395345796649053,-10.304334
C1(O)C=CC(=O)OOC1C(=O)(O),-7.161687458275992,-5.953241
C(OO)C(=O)C(N(=O)(=O))(OO)C(=O)C(=O),-6.116099704671797,-4.3830986
C(=O)(OON(=O)(=O))C1(OO)OC1(O)C=C(OO)C(=O),-7.150078120665057,-7.5021544
C(=O)(OO)C(N(=O)(=O))=C(OO)C(=O),-8.37889601153256,-5.3508806
C(O)C(=O)C1OC1(N(=O)(=O))C(=O)(O),-6.715692068870339,-7.071889
C(O)C(=O)C(ON(=O)(=O))C1(OO)OC1C(=O)(N(=O)(=O)),-6.7278449866298615,-6.7818604
C1(O)C(O)(C(=O)(O))OOC1C(OO)C(=O)C(ON(=O)(=O)),-8.316687124730379,-11.021533
CC(=O)OOC(O)(C(=O)(O))C(O)C(=O),-8.631914716082974,-9.889674
C1(O)C(ON(=O)(=O))OOC1C(ON(=O)(=O))(OO)C(=O)C,-6.370285490607785,-6.160242
C1(O)(O)C(=O)OOC1C(O)C(ON(=O)(=O))C(=O)(OON(=O)(=O)),-6.82974203847516,-6.041041
C12OOC(O)(C2(=O))C(=O)C(O)C1(ON(=O)(=O))C(ON(=O)(=O)),-7.086209919767498,-3.7678983
CC1(C)C(OO)(C(=O)C(O))C(OO)C1CC(=O)(O),-9.205024739716464,-8.873869
C1(ON(=O)(=O))C=CC2(C)OOC1(N(=O)(=O))C2(O)(OO),-6.684614674104523,-4.570191
CC(=O)C(=O)C(=O)C(=O)C(ON(=O)(=O))(OO)C(=O)(O),-7.301692144976187,-6.162623
C(=O)(O)C(=O)OOC(OO)C(ON(=O)(=O))C(=O)C(OO),-6.963609007478226,-9.037993
CC(O)(C(=O)(OO))C(=O)C1OC1(OO)C(=O),-8.85380477389117,-6.3102217
C(=O)(OON(=O)(=O))C(=O)OOC(C(=O))C(OO)C(=O)C,-3.938120101347522,-5.36033
C(=O)(OO)C(ON(=O)(=O))C1OOC(O)(C1(=O))C(=O),-7.502118665861417,-5.8882084
C(=O)C(=O)C(ON(=O)(=O))(OO)C1OC1(C(=O))C(O),-7.421848116151523,-6.3696957
C(=O)(OO)C(C(=O)(OON(=O)(=O)))=C(OO)C(O)OC(=O),-7.3230363234051765,-8.049059
C(ON(=O)(=O))C(=O)C(N(=O)(=O))(OO)OC(=O)C(=O)C(=O),-4.58141410153803,-4.161593
C(=O)C(ON(=O)(=O))C1OOC(=O)C1(O)C(=O),-5.323444337280307,-4.0537395
C(O)C(=O)C(ON(=O)(=O))C(=O)C(=O)OC(OO)C(=O)(OON(=O)(=O)),-6.301146756482922,-7.0280895
C(=O)(OO)C(=O)OC(OO)C(C(ON(=O)(=O)))=CC(=O)(OO),-7.860223550782393,-10.893086
CC(=O)C(=O)C(C)(C)C(C(=O)(OO))CC(=O)(O),-7.607827710845413,-5.863648
CC(ON(=O)(=O))(C(OO))C=CC(=O)(OO),-7.590443865236011,-7.5522485
C(=O)(O)CC1OC1(C)C(=O)(OO),-7.107639144858695,-7.7699213
C1(O)C(ON(=O)(=O))C(OO)C(OO)(C2(O)(O))OOC12,-10.4668310662164,-9.971547
CC(C(=O)(O))(C(=O)(O))C(OO)(C)C(=O)(OON(=O)(=O)),-6.510398485053884,-7.8067174
CC(=O)C(=O)C(=O)C(=O)OC(=O)C(=O)(N(=O)(=O)),-2.4095603930272773,-2.0222764
C1(O)(N(=O)(=O))C(=O)OOC1(O)CC(=O)C(=O)(OON(=O)(=O)),-6.480341276279432,-4.9529853
C(=O)(O)C(=O)C(OO)OC(=O)C(ON(=O)(=O)),-6.8503789785572735,-6.056107
CCCC(=O)CC(ON(=O)(=O))C(=O)CC(ON(=O)(=O))C(O),-5.954699864676513,-7.4414454
C(=O)(O)C(O)C(=O)OOC(OO)(C(=O))C(=O)C,-7.126945660635101,-8.015763
C1(ON(=O)(=O))OC1(C(O))C(OO)C(O)C(=O)(OO),-7.838052631857863,-9.994505
C(=O)(N(=O)(=O))C1(O)OC1(C(ON(=O)(=O)))C(OO)C(=O)C(=O),-6.84017450373176,-6.102941
C(=O)C(=O)C(=O)C(OO)C(O)(OO)C(=O),-8.519154339892339,-7.817257
CC(ON(=O)(=O))(C)C(C(OO))C(=O)C(=O)C,-5.525328310677651,-4.4675508
C(=O)C1(ON(=O)(=O))OC1C(O)(C)C(ON(=O)(=O))C(=O),-4.3351374279482116,-5.1518908
C(=O)(O)CC1(OO)OC1(OO)C(OO),-7.536902714964526,-9.899755
C(=O)(N(=O)(=O))C1OC1C(=O)(OO),-4.555542292820974,-4.799866
C(=O)C(O)C1(O)OC1C(=O),-6.960346454818136,-5.9244266
C1(=O)C(ON(=O)(=O))OOC1(ON(=O)(=O)),-3.498549455578541,-1.00563
CC(ON(=O)(=O))(C)C(OO)(C(=O)(OO))C(=O)C(O),-7.723838668893222,-6.1893697
C(O)C(C(=O))(C(=O))OOC(=O)C(ON(=O)(=O))C(=O),-4.441740879206918,-6.001777
CC(=O)CC(ON(=O)(=O))C(=O)CC(OO)C(=O)C(ON(=O)(=O))C,-7.7941740923670295,-8.429661
CC(OO)(C(=O)(OO))C(=O)C(=O)OC(=O),-7.26186244121709,-5.0987644
C(=O)(O)C(OO)C(ON(=O)(=O))(C1(O))OOC1C(=O),-6.890935109780912,-8.165118
C1(=O)OC1(OO)C=CC(=O)C,-4.81792894370119,-10.264285
C(=O)(OO)C(N(=O)(=O))=CC1OC1(C(=O)(OO))C(=O),-9.345506715200827,-9.047564
CC(ON(=O)(=O))(C)C(C(O))C(ON(=O)(=O))(C(O))C(=O)(OO),-7.643005891048233,-7.6720166
C(ON(=O)(=O))CCC(=O)CC(=O)(OON(=O)(=O)),-5.365356039064864,-4.0600653
C(=O)(O)OC(OO)C(O)C(=O)(OON(=O)(=O)),-6.210841667259956,-5.583234
C(O)CCC(OO)C(=O)CC(=O)CC(=O)(OON(=O)(=O)),-8.051789608723993,-8.898632
C2C(=O)C(=O)C(C(OO)C12)C1(C)C(ON(=O)(=O)),-5.322844339993026,-7.3176475
CC(=O)C(ON(=O)(=O))CC(C(=O)(OO))C(C(O))(C)C(=O)(OON(=O)(=O)),-7.427480569611362,-7.0202155
C(O)C(OO)(C(=O)(O))OC(=O)C(O)C(=O),-7.799040735581002,-10.673043
C(O)C(ON(=O)(=O))CC(=O)C(=O)CC(O)CCC(ON(=O)(=O)),-8.638599541223812,-10.209014
C(=O)(OO)C(ON(=O)(=O))C(ON(=O)(=O))(C1(=O))OOC1C(=O)(OO),-6.598751554525734,-7.061477
C(ON(=O)(=O))C(=O)C(=O)C1OOC(=O)C1(=O),-3.7214222156744654,-3.5941765
C(=O)(OO)C(=O)C(ON(=O)(=O))C1OC1(O)C(=O),-6.90246163415577,-6.6700983
C(=O)(OO)C1(O)C(=O)OOC1C=CC(=O)(OON(=O)(=O)),-7.511023865725292,-6.109487
C1(O)C(=O)C(ON(=O)(=O))C(ON(=O)(=O))OOC1C(=O)(O),-6.508454729962978,-8.824241
C(O)C(=O)C(O)C1(N(=O)(=O))OC1(O)C(=O)(OON(=O)(=O)),-7.700789852749949,-6.243455
C(O)C(=O)C(OO)(C(ON(=O)(=O))C(=O)(O))OOC(=O),-7.071254211989071,-7.9423833
C(=O)(O)C(=O)C1(C(=O)(O))OOC(C1(=O))C(=O),-6.787445465381097,-7.8460965
CCCC(=O)CC(ON(=O)(=O))CC(ON(=O)(=O))CC,-4.473366208376319,-4.06573
C(OO)C(C(OO))C(C)(C)C(=O)(OON(=O)(=O)),-6.476715400640387,-5.762511
C(O)C(=O)C(ON(=O)(=O))C(C(=O)C)C(OO)(C)C(ON(=O)(=O)),-7.548053353248179,-7.1133795
CC(=O)C(O)C(O)C(C(ON(=O)(=O))(C)C)CC(=O)(OO),-8.810624246638326,-8.33357
C(=O)(O)C(=O)OC(=O)C(ON(=O)(=O))C(O)C(=O)C(=O)(OO),-7.126955882442417,-9.750552
CCCCCC(O)CC(OO)C(ON(=O)(=O))C,-7.31177922275856,-6.2121515
CC1(C)OOC(OO)C(ON(=O)(=O))C1CC(=O)(OO),-8.525503688524623,-8.156934
CC1(C)C2(ON(=O)(=O))CC1CC(=O)C2(O)C(OO),-6.088626874701731,-7.0909677
C1(=O)C(OO)OOC1(O)C(ON(=O)(=O))(C)C(=O)(OO),-7.434259363235469,-5.168143
C(=O)(O)C(O)C(=O)C(OO)OC(=O)C(=O),-7.2136593705963605,-8.233459
C(=O)(O)C1OC1(O)C(C(=O))=CC(=O)(O),-8.831168278858968,-11.35799
CC1(C(OO))C(ON(=O)(=O))C(OO)C1C(=O),-6.925397763883666,-7.062799
CC1(C(=O)(OO))OC1C(OO)=C(N(=O)(=O))C(=O)(OO),-8.648655816081373,-11.648582
C(OO)C(=O)C(ON(=O)(=O))C(C(=O)(OO))OOC(=O),-6.963609007478226,-8.296771
C(O)C(OO)C(C)(C(=O))C(=O)C(=O)(O),-7.966043222291773,-9.093248
C(=O)(OO)C(ON(=O)(=O))(C(=O)(OON(=O)(=O)))C(OO)C(O)C(=O),-6.176892884688641,-8.680462
C(=O)(OO)C=C(OO)C1OC1(C(=O))C(=O),-10.010174300943618,-9.356397
C1(ON(=O)(=O))OC1C(OO)=C(C(ON(=O)(=O)))C(=O)(OO),-6.937917176237534,-8.008439
C1(OO)OC1C(=O)CC(=O)(O),-6.5742325798928505,-6.224609
C(OO)C(=O)C(C)(C)OOC(ON(=O)(=O))(C(=O))C(=O)C,-5.512397317957948,-5.8753247
CC(ON(=O)(=O))(C)C(C(=O))C(=O)C(=O)(OO),-4.465878165130562,-5.396357
C(=O)(OO)C(OO)C(O)C1OC1(C(ON(=O)(=O)))C(=O)(OON(=O)(=O)),-7.054416009776105,-7.42089
C1(=O)C(=O)OOC1C(ON(=O)(=O))(C)C(O)C(=O)(OON(=O)(=O)),-4.585808034686124,-5.25009
C12OOC(O)(C1(=O))C(ON(=O)(=O))C(O)C2(=O),-6.8285284298726765,-5.988396
C(=O)(N(=O)(=O))C(=O)C1OOC(C1(=O))C(=O)(OON(=O)(=O)),-3.360113857574106,-1.8558619
CC(ON(=O)(=O))(C)C(CC(=O)(OO))C(O)C(=O)(OON(=O)(=O)),-6.646954566216664,-4.902051
C(O)C(C(OO))C(C)(C(=O))C(=O)C(=O)C,-8.155816766672615,-7.8698754
CC(ON(=O)(=O))OOC(C(=O)(O))C(=O)(OO),-6.812086316142086,-7.8172703
C(=O)(O)C(OO)C(=O)C(O)(O)C(ON(=O)(=O))(C(=O))C(=O),-9.017027858266374,-8.293404
C(=O)(O)C1(OO)OC1(OO)C=C(C(=O)(OON(=O)(=O)))C(=O),-7.532583163922027,-8.84036
C(=O)(O)C(O)C(N(=O)(=O))(C1(O)(O))OOC1(C)C(=O)(OON(=O)(=O)),-8.908621916141783,-9.561411
C(=O)(N(=O)(=O))C(=O)OC(=O)C(OO)C(=O)C(ON(=O)(=O)),-4.711578690563329,-4.148544
C(=O)(O)C(=O)C(ON(=O)(=O))(C(OO))OOC(=O),-6.902195126765946,-6.655068
C(O)C(=O)C1(C)OC1(OO)C(=O)(OO),-6.89055513265339,-6.5944276
CC(OO)(C)OOC(OO)CC(=O)(O),-6.861091651868264,-6.807819
C(=O)(O)OOC(C)(C(=O)(O))C(=O)(OON(=O)(=O)),-5.06190622192662,-6.361538
C(=O)(N(=O)(=O))C(O)OOC(=O)C(=O)C(=O)C(ON(=O)(=O)),-4.660696131606528,-4.546722
C(O)C(O)(C(=O))C(OO)OC(=O)C(=O),-8.090829922028206,-7.5423965
CC(ON(=O)(=O))(C)C(C(=O)(OON(=O)(=O)))CC(=O)(O),-5.720165266753611,-4.99999
CC1(C(OO))C(ON(=O)(=O))C(OO)C1CC(=O),-7.4539031036547385,-7.8164253
C(O)C1(OO)OC1(ON(=O)(=O))C(=O)(O),-7.478809656788144,-5.4512644
C(O)C1(ON(=O)(=O))OC1(OO)C(OO)C(=O),-6.132604074668052,-7.1375604
CC(ON(=O)(=O))(C)C(C(ON(=O)(=O)))C(=O)C(OO),-7.17758989894719,-5.0037117
CC(=O)CCC(=O)C(ON(=O)(=O))C(=O)CC(ON(=O)(=O))C,-5.498187080645948,-5.8149457
C(=O)(O)C(=O)(O),-4.998553349347276,-3.9089854
CC(=O)C(ON(=O)(=O))C(OO)(C)C(=O)C(ON(=O)(=O)),-6.202710085328363,-5.2921824
C(=O)(OO)C(C(=O)(OO))=C(OO)C1OC1C(=O),-9.404782794099447,-10.875444
CC(ON(=O)(=O))C(=O)CC(=O)C(OO)C(=O)C(ON(=O)(=O)),-7.156681137339547,-6.8917923
CC(ON(=O)(=O))CC(=O)CCC(OO)C(OO)CC,-7.609791239416154,-8.563765
CC(OO)(C)C(=O)C(ON(=O)(=O))(C(O))C(=O)(O),-8.413462739925308,-7.9156733
C1(O)C(=O)OOC1(OO)C(=O)C,-7.703888821124565,-4.825533
C1(O)C(OO)C=CC(=O)C1(O)C(=O),-6.955581554535456,-6.0682898
CC(=O)OC(OO)C(=O)C(O)(N(=O)(=O))C(=O)(O),-7.0012957762210135,-7.5595284
C(=O)(N(=O)(=O))C(=O)C(OO)(C(OO))C(=O),-5.685527850446306,-4.6176677
C(OO)C(=O)C(O)(C)C(=O)CC(=O),-7.633186891201149,-4.1754007
C(O)C(OO)(C(=O)(O))C(ON(=O)(=O))(C(=O))CC(=O),-9.485813833995053,-10.141304
C(=O)(O)C(O)C(OO)C(OO)(C)OC(=O),-8.436320766819335,-9.324226
C(=O)(O)C(O)C(OO)C1(C(=O)(OON(=O)(=O)))OC1(ON(=O)(=O))C(=O),-7.720149535070959,-8.746477
C(=O)(O)C(O)(C(ON(=O)(=O)))C(OO)OC(=O),-8.436750267394018,-7.990076
C(OO)C(C(=O))(C(=O))OOC(=O)C(=O),-4.399560612146161,-5.260137
C1(=O)C(OO)(C)C(ON(=O)(=O))CC(=O)C1(C)C(ON(=O)(=O)),-7.157998164537275,-5.773715
CC(=O)CC(=O)C(ON(=O)(=O))CCC(ON(=O)(=O))CC,-4.4956606102023215,-5.0097985
C1(O)C(ON(=O)(=O))(C(=O))OOC1(C(=O)(OO))C(O)C(=O),-7.826003694357496,-9.4803
C(=O)(O)C(=O)OC(N(=O)(=O))(OO)C(OO)=CC(=O),-8.273499850509324,-9.653394
C(O)C(O)(C(=O)(OO))C(ON(=O)(=O))C(=O),-8.175368730124319,-5.08085
C1(=O)C(OO)C(ON(=O)(=O))C(OO)OOC1(=O),-7.190115584171508,-4.6599293
C1(=O)C(OO)OOC(C(=O)(O))C(OO)=C1C,-7.83658933249535,-10.84709
C(=O)(OO)C(N(=O)(=O))=CC(=O)(OO),-7.199881238570015,-4.125446
C(=O)(O)C(N(=O)(=O))(ON(=O)(=O))C(OO)(C(O))C(=O),-8.330383050206365,-7.4064803
C1C(OO)C(C)(C)OOC1C(ON(=O)(=O))(C)C(=O)(OO),-7.6479263760156755,-6.3754826
CC(O)C(=O)CC(=O)CC(=O)CC(ON(=O)(=O)),-6.828695563830479,-7.4512095
C1(O)(N(=O)(=O))C(ON(=O)(=O))OOC1(O)C(=O)C(=O)C(O),-6.757642716405826,-6.7908354
C(=O)C(O)C(=O)C(O)(OO)C(ON(=O)(=O))(C(ON(=O)(=O)))OC(=O),-7.728136190382429,-6.6624
C(O)C(=O)C(O)C(=O)C(=O)(N(=O)(=O)),-3.989948541722697,-3.7351665
CC(OO)(C(=O)(OO))C(O)OC(=O),-8.416545326845153,-4.5536776
C(=O)(OO)C(=O)C(O)C(ON(=O)(=O))(C(ON(=O)(=O)))OC(=O),-6.805434961865103,-5.7335553
C(=O)(OO)C(OO)C(=O)C(O)(O)C(ON(=O)(=O))(C)C(=O),-7.811524331913461,-10.774023
C(=O)(OO)C(=O)C(=O)C(ON(=O)(=O))C(=O)C(=O)(OO),-7.126955882442417,-6.6007924
CC(=O)CC(ON(=O)(=O))(C(=O)C)C(OO)(C)C(=O)(OO),-7.740634533955017,-8.128199
CC(ON(=O)(=O))(C)C(CC(=O)(OO))CC(=O)C(=O)C(=O),-5.870576622119188,-7.300536
CC(=O)C(ON(=O)(=O))C1(O)OOC(OO)(C1(=O))C(=O)(OON(=O)(=O)),-5.8668653996410285,-5.713046
C(=O)(OON(=O)(=O))C1(O)C(ON(=O)(=O))(C(=O))OOC1(O)C(O)C(=O),-6.511067859179093,-5.554099
C(=O)OC(=O)C(OO)(C(OO))C(=O)C(=O),-7.391078287420896,-6.111515
C1(OO)OC1C(O)(O)C(=O)C(ON(=O)(=O))C(=O)C(=O)(OON(=O)(=O)),-6.045270787835761,-5.1631346
C(=O)C(=O)C(O)(O)C1(O)OC1(ON(=O)(=O))C(=O),-6.364823744572277,-7.064387
C(ON(=O)(=O))C(=O)CC(ON(=O)(=O))C(C(OO))C(=O)C,-5.942339764636927,-6.9965034
C(=O)(O)CC(=O)OC(OO)(C(=O)(O))C(ON(=O)(=O)),-8.413539035136637,-9.470404
C(=O)C(O)(OO)C(=O)C(O)(C)C(ON(=O)(=O))OC(=O),-8.124041372906504,-8.651021
CC(=O)OOC(=O)C(N(=O)(=O))(OO)C(=O)C(=O),-4.0394882602904545,-4.479069
CC(=O)OOC(C(=O)(OO))C(N(=O)(=O))C(=O)(OO),-7.20551563022309,-7.276874
C(=O)(OO)C(N(=O)(=O))(OO)C1OOC(C1(=O))C(=O),-6.506187948416482,-7.087266
C1(OO)OC1(C(=O)(OON(=O)(=O)))C(=O)C(N(=O)(=O))C(=O),-3.9855856620797567,-4.4394464
CCC(ON(=O)(=O))CC(=O)CC(=O)C(ON(=O)(=O))C(=O)C,-5.090267784793468,-5.2943215
CC(C)(C(=O)(OON(=O)(=O)))C(O)(C(=O))CC(ON(=O)(=O))C(=O)(OO),-7.093852737756606,-7.462642
C1(O)(O)C(OO)(C(=O)(OON(=O)(=O)))OOC1(C)C(=O)(OON(=O)(=O)),-7.690092960881884,-6.368841
C1(O)C(O)(C(=O))OOC1C(ON(=O)(=O))C(=O),-7.216403973186971,-6.157951
C(=O)(O)C(ON(=O)(=O))C(=O)C(O)(C(=O)(OO))C(=O),-7.797717604375066,-7.4067955
CC(OO)(C(OO))C(C(O))CC(=O)(OO),-9.00644373834075,-8.786617
C(ON(=O)(=O))C(=O)OOC(C(=O)(OON(=O)(=O)))C(OO)C(=O)(OO),-6.334290301223518,-7.1915045
CC(=O)C1OC1C(O)C(ON(=O)(=O))C(=O),-4.901748286027214,-5.7416463
C1(O)(O)C(=O)OOC1(O)C=C(=O),-7.336525066208196,-4.924345
C1(O)C(OO)(C)OOC1C(=O)(N(=O)(=O)),-7.321820076846052,-4.2939267
C(ON(=O)(=O))C(OO)C(OO)(C)C(=O)C(=O),-6.73181308135463,-6.9964046
C(=O)(OO)C(ON(=O)(=O))C1(C(OO))OOC(C1(=O))C(=O),-7.750204064281206,-8.341026
C(ON(=O)(=O))C1(O)C(OO)OOC1(O)C(=O)C(=O),-8.743010118947495,-3.9094005
C(ON(=O)(=O))C(=O)C1(O)OC1(OO)C(=O),-7.551722957006859,-1.4563913
CC(=O)C(O)C(ON(=O)(=O))C(=O)OC(OO)C(=O)(O),-7.579611604105594,-9.172265
C(=O)C(=O)C(O)C(O)(OO)C(ON(=O)(=O))C(=O),-8.457687003301544,-7.6737704
C1(O)C(=O)OOC1C(O)(C(ON(=O)(=O)))C(=O)(OON(=O)(=O)),-6.319299573249737,-5.737187
C1(O)(O)COOC1(C(=O)(OON(=O)(=O)))C(=O),-5.810692710660078,-4.457976
C(OO)C(=O)OOC(=O)C=CC(=O),-5.11812960932366,-3.9956996
CC(ON(=O)(=O))C(OO)CC(O)C(ON(=O)(=O)),-5.452407699969626,-6.3094954
CC(=O)CC(O)CCC(OO)CC(ON(=O)(=O)),-8.898511962170232,-9.120829
C(=O)(O)C(OO)C(ON(=O)(=O))(C1(O)(O))OOC1(O)C(=O),-8.545623280218933,-13.666616
C(=O)(OO)C1(O)OC1(OO)C(C(=O))C(=O),-8.608669679832019,-7.012919
CC(=O)OC(=O)C(OO)C(O)(OO)C(=O)(O),-8.436320766819335,-9.670237
C(=O)(O)C(ON(=O)(=O))C(ON(=O)(=O))C1OC1(C(=O))C(=O),-6.041961239021475,-6.381075
C(=O)(OO)C(=O)C(=O)C(=O)C(C)C(=O)(OON(=O)(=O)),-3.938120101347522,-4.404118
C(=O)(OO)C(=O)C(O)C1OOC(N(=O)(=O))(C1(O)(O))C(=O)(OON(=O)(=O)),-8.66317604172582,-7.0283914
CCC(ON(=O)(=O))CCC(ON(=O)(=O))CC(OO)C(O)C,-7.090085936808464,-7.862727
C(=O)(O)C(N(=O)(=O))C(=O)OOC(=O)C(=O),-3.389325086669487,-4.3436356
CC(=O)C(ON(=O)(=O))C(C)(C(O))C(=O)CC(=O)(OO),-9.10596729761528,-6.666523
C(=O)CC(O)C(ON(=O)(=O))(C)C(ON(=O)(=O))C(=O),-5.384336097520645,-6.297689
CC(=O)C(=O)C(ON(=O)(=O))C(C(OO)(C)C)C(=O)C(=O),-5.163670654881571,-5.291805
C(=O)(OO)C1OC1C(O)C(OO)C(=O)C(=O)(OON(=O)(=O)),-7.369468190147018,-9.130385
CC1(C)C(=O)C(OO)C1C(OO)C(ON(=O)(=O))C(=O)(O),-7.161793527815462,-8.49413
C(=O)(O)CC(C(=O)(O))C(OO)(C)C(=O)(OON(=O)(=O)),-7.306859592310502,-8.027669
C(O)C=C(=O),-1.752669840582712,0.10154191
CC(ON(=O)(=O))C(C(=O)(O))OOC(=O)C(=O)(O),-6.649007726799027,-7.965707
CCCC(ON(=O)(=O))C(=O)C(ON(=O)(=O)),-5.064833841917789,-2.723079
CC(ON(=O)(=O))(C(OO))C(=O)CC(=O)C(=O)(OO),-8.592723082605517,-7.4467697
CC(OO)(C)C(=O)CC(=O)C(ON(=O)(=O))(C)C(O)C(=O)(OON(=O)(=O)),-7.465930566453608,-7.141573
C(=O)(N(=O)(=O))C1(O)OC1C(O)(C(=O))C(ON(=O)(=O))C(=O)(OO),-8.0157835490063,-8.141075
CC(ON(=O)(=O))(C)C(C(=O)(O))CC(=O)C(OO)C(=O)(O),-8.486723550742681,-10.812117
CC(ON(=O)(=O))(C(=O))OOC(=O)C(=O)C(=O),-2.7485562355686852,-2.7619538
C(ON(=O)(=O))C(=O)C(C)(C)C(ON(=O)(=O))C(OO),-6.1418677881520125,-5.698711
CC(C(=O)(O))OOC(N(=O)(=O))(OO)C(ON(=O)(=O))C(=O),-7.3804933866285864,-6.9659257
C(=O)(O)C1OC1(OO)C(OO)(C)C(O)C(=O),-8.85380477389117,-10.574218
C1(O)(O)C(N(=O)(=O))(C(ON(=O)(=O)))OOC1(O)C(=O),-8.060033653184291,-8.330306
C(=O)(O)C(OO)C(O)C1OC1(O)C(=O)C(=O),-7.257139023007767,-11.003513
C1(ON(=O)(=O))OC1C(C(=O)(O))=CC(=O)(O),-5.971766221942744,-6.166573
CC(OO)(C)OOC(ON(=O)(=O))(C(=O)C)CC(=O),-6.135733340541265,-4.6651464
CC(=O)C(C(OO))C(C)(C(O))C(=O)C(OO),-9.99054666284519,-10.056426
C(=O)(OON(=O)(=O))C(OO)OC(=O)C=C(OO)C(=O),-5.9897293243448075,-4.9747605
CC(ON(=O)(=O))(C(=O)(O))C(ON(=O)(=O))(C(=O)(OO))C(C)(C)C(=O)C(=O),-7.151696610166255,-8.274475
C1(OO)C(=O)C(N(=O)(=O))C(C2(O)(OO))OOC12,-7.281249446928996,-9.324503
C(=O)(OON(=O)(=O))C(OO)C(O)(C)C(ON(=O)(=O))CC(=O),-6.222083078528158,-6.737624
CC(ON(=O)(=O))(C(=O))C(OO)C(C)(C)C(=O)C(=O),-5.163670654881571,-5.2705817
C(=O)(OO)C(ON(=O)(=O))C(=O)C(O)(C(=O)(OON(=O)(=O)))C(=O),-5.776600690045598,-3.0262444
C(=O)(OO)CC(=O)C(=O)C(=O)C,-4.744144324758963,-3.0409381
C1(=O)C(C(=O)(O))OOC1C(N(=O)(=O))(OO)C(=O)(O),-7.333098805500413,-9.355971
C(=O)(O)C1OOC(O)(C1(O)C(=O)(OON(=O)(=O)))C(O)C(=O),-7.5313898466702085,-8.031236
CC(=O)C(C(=O)C)C(OO)=C(OO),-6.007441737892805,-7.39021
CC(=O)C(O)(C(=O)C)CC(ON(=O)(=O))CC(=O)(OO),-9.282926480613241,-10.38817
C(ON(=O)(=O))C1(OO)OC1C(=O)(OO),-6.363510206716455,-5.5104847
C1(O)(O)C(=O)C(=O)C(O)C(=O)OC1(OO)C(O),-10.297940990923962,-13.966383
C(=O)(O)C1OOC(O)(C1(O)C(=O)(OON(=O)(=O)))C(=O)C(=O),-7.5313898466702085,-6.563812
C(O)C(ON(=O)(=O))C(OO)(C)C(C(=O))C(=O)C,-7.204898262596544,-7.850204
C(=O)(OON(=O)(=O))C=C(N(=O)(=O))C1(O)OC1C(=O)C(=O),-4.739477282850203,-5.48248
C(=O)(O)C(OO)=C(N(=O)(=O))C(O)OC(=O)C(ON(=O)(=O)),-9.258710569531104,-10.488134
CC(O)CC(ON(=O)(=O))C(OO)C(=O)C(=O)C(=O)CC,-7.097567284488832,-7.2886906
C(=O)(OON(=O)(=O))C(=O)C(ON(=O)(=O))C1OOC(=O)C1(O),-4.963689691125182,-4.6288004
C(O)C1(N(=O)(=O))OC1(O)C(=O),-6.899286273493999,-2.1405015
CC(=O)C(=O)C(ON(=O)(=O))C1OC1(O)C(=O)(OON(=O)(=O)),-4.005255111022052,-3.9495265
C(O)C1(ON(=O)(=O))C(O)C(=O)C(O)(C2(O)(N(=O)(=O)))OOC12,-8.029818112045177,-9.472633
CC1(O)C(OO)C(OO)C(=O)CC1C(OO)(C)C,-9.430672273920209,-8.51038
C1(O)C(ON(=O)(=O))C(C(=O)(O))(C(ON(=O)(=O)))OOC(=O)C1(=O),-7.5891328870166035,-7.585819
C(=O)(OO)CC(=O)OC(OO)(C(OO))C(=O),-8.198235319461673,-8.574687
C(=O)(OON(=O)(=O))COOC(=O)C(=O)(OON(=O)(=O)),-2.307402932598052,-1.9293711
CC(=O)CC(=O)C(O)C(=O)CCC(O),-7.670191578068625,-5.8129573
C(=O)(OO)C(=O)C1OOC(O)(C1(=O))C(ON(=O)(=O))C(=O),-7.502118665861417,-7.86443
C(=O)(OO)C1OC1C(OO)(C)C(=O)C(=O),-7.842132691435836,-6.1327343
CC(OO)(C(=O)(O))C(C(=O))CC(=O)(OON(=O)(=O)),-7.353647587249725,-7.718368
CC(=O)C(C(=O)C)C(=O)C(ON(=O)(=O))CC(=O),-4.210246378488591,-4.516156
C(OO)C1(O)C(OO)(C(=O))OOC1C(ON(=O)(=O))C(=O),-9.111415894363745,-9.76238
C(=O)(O)C(ON(=O)(=O))C(O)(C(=O)(OO))OOC(=O)C(=O),-7.890031273400382,-7.256987
C(=O)(O)CC(=O)C1(N(=O)(=O))OC1(OO)C(ON(=O)(=O)),-5.8509961022955395,-6.3016925
CC(=O)C(OO)OC(=O)C(=O)C(=O)(N(=O)(=O)),-3.6716269514072337,-3.20321
C(=O)(OO)CC(ON(=O)(=O))(C(O))C(C(OO))(C)C(=O)(OON(=O)(=O)),-7.549090485050328,-7.732427
C(=O)(N(=O)(=O))C(=O)OC(=O)C(OO)(C)C(O)C(=O),-7.233622863976052,-6.37392
CC(=O)C(=O)OOC(O)(C(=O)(O))C(N(=O)(=O))(OO)C(=O),-7.850240067737104,-8.668577
C1(ON(=O)(=O))OC1C(ON(=O)(=O))C(O)C(=O)C,-4.094411998750729,-4.1924996
C(=O)(O)CC(=O)C(C)(C)C(C)C(=O)(OO),-7.563948761142456,-6.1484046
C(O)C1(O)C2(OO)OOC1C(ON(=O)(=O))C(O)C2(=O),-8.223500768895974,-9.347144
C1(=O)C(=O)CC(=O)C(=O)C1(OO)C(ON(=O)(=O)),-5.85926109844695,-6.0600038
C1(=O)C(C(=O)(O))OOC1C(O)(C)C(=O)(OON(=O)(=O)),-5.756019930809998,-5.9593987
C(O)C(OO)CC(=O)CCC(=O)C(ON(=O)(=O)),-8.824269787903177,-8.278198
CC(ON(=O)(=O))(C)C(OO)(C(ON(=O)(=O))(C)C(=O)(OO))C(=O)C(=O),-7.151696610166255,-7.056365
CC(=O)C(O)CC(C(ON(=O)(=O))(C)C)CC(=O),-6.332408538781237,-6.364084
C(=O)(OO)C1(O)OC1(C(ON(=O)(=O)))C(ON(=O)(=O))C(=O),-7.984095912664998,-6.4021106
C1(=O)C(=O)OOC1(C(=O)(OON(=O)(=O)))C(=O)C(OO),-4.581810266479806,-2.757707
C1(O)C(O)(C(OO))OOC1C(=O)(OON(=O)(=O)),-7.569671564047894,-7.3413854
CCC(=O)CC(ON(=O)(=O))C(=O)CC(=O)C(ON(=O)(=O))C,-5.025311161212812,-5.5037055
C(=O)(OO)C1OC1(C)C(ON(=O)(=O))C(=O)C(=O),-5.295353087967669,-4.441205
C(=O)(O)C1OC1C(=O)CC(=O)C(OO),-7.7913830698526,-7.994584
CC(=O)C(CC(=O)(O))C(OO)(C)C=C,-7.3702878140538814,-6.508611
C(O)CC(O)C(ON(=O)(=O))C(=O)CCC(=O),-8.074107292943154,-8.610006
C(=O)(O)C(ON(=O)(=O))CC(OO)(C(=O)(OO))C(=O)C,-7.928624563337507,-7.987691
C(=O)(OO)C(ON(=O)(=O))C(OO)OC(=O)C(=O)(OON(=O)(=O)),-6.018232447728224,-4.6329293
C(=O)(O)C(=O)C(ON(=O)(=O))C(=O)OOC(OO),-6.748072249287361,-5.898618
CC(=O)C(ON(=O)(=O))C(ON(=O)(=O))(C)C(OO),-6.065278677513561,-4.146309
CC(=O)C(=O)C(C)(C)C(O)(C(=O)(OON(=O)(=O)))C(ON(=O)(=O))C(=O)(O),-6.683120821651755,-7.1046333
CC(=O)C1(OO)OC1(N(=O)(=O))C(O)C(OO)C(=O),-7.798476451724127,-7.80092
C1(O)C(OO)(C(=O))OOC1(C(=O)(O))C(O)C(=O),-8.789181590575026,-10.176309
CC(OO)C(C)(C)C(C(=O)(O))C(ON(=O)(=O))C(=O)(OON(=O)(=O)),-6.7186225478781125,-6.9718847
C(=O)C(O)C(=O)C(O)(O)C(=O)OC(=O)C(=O),-8.189634092606866,-9.400429
C(=O)(O)C1(O)OOC(OO)(C(=O)(OON(=O)(=O)))C1(O)C,-7.691792594654544,-9.901571
C1(=O)C(=O)OOC1(C(OO))C(OO)C(=O)C(=O),-7.635941084405204,-7.689052
C(=O)(OO)C(O)C(ON(=O)(=O))C1(C)OC1C(=O)(OO),-8.581072192038846,-7.554718
C(=O)(O)C=C(N(=O)(=O))C1(O)OC1C(=O)(OO),-7.64800986166847,-10.103482
C(=O)(O)C(N(=O)(=O))(C(=O)(OO))OOC(=O)C(ON(=O)(=O))C(=O),-5.891327614284819,-7.8526597
CC(=O)C(ON(=O)(=O))C(C)(C(O))C(=O)C(ON(=O)(=O))C(=O)(O),-7.9701577824453125,-7.8779435
CCC(=O)C(OO)C(=O)CCC(=O)(OON(=O)(=O)),-5.346311140025136,-5.546366
C1(O)(ON(=O)(=O))C(=O)OOC1C(=O)C(=O)C(=O),-3.979495313917141,-3.3572114
C1(ON(=O)(=O))OOC(C(=O)(O))(C(OO))C=CC1(O),-8.538423679952757,-9.893148
CC(=O)C(=O)CC(OO)(C(ON(=O)(=O))(C)C(O))CC(=O)(OON(=O)(=O)),-7.59363156442123,-9.074008
C(=O)(O)C1(N(=O)(=O))OC1(O)C(C)=CC(=O)(OO),-8.592806377597299,-10.614692
C(OO)C(=O)C(ON(=O)(=O))C(=O)OOC(OO)C(=O),-6.963609007478226,-7.254985
C(=O)(O)C1(N(=O)(=O))OC1C(O)C(=O)C(=O),-6.25982330946681,-5.586222
C(=O)(O)C(=O)OOC(C(O))(C(=O)(OO))C(ON(=O)(=O))C(=O),-6.80073200384868,-9.356952
CC(=O)C1OC1(OO)C(O)(O)C(=O),-7.465598892375056,-6.6815333
C(=O)OC(ON(=O)(=O))C(OO)(C(=O)(OON(=O)(=O)))C(O)C(=O),-6.334936631794335,-6.8535886
CC(=O)C1CC(ON(=O)(=O))CC(=O)C1(O)C(ON(=O)(=O)),-6.3797488762647845,-7.0819297
CC(=O)C(O)C(OO)C(C(ON(=O)(=O))(C)C)CC(=O),-8.439506653914577,-8.533436
C(=O)(O)C1(O)OC1(N(=O)(=O))C(OO),-7.080931773802149,-7.4336343
C(=O)(O)C1(O)OOC(OO)(C1(O))C(O)C(=O),-8.997286635998535,-12.674766
C(=O)CC(O)C(C)(C(OO))C(=O)C(=O),-6.885145426804229,-7.634406
C(=O)(O)OOC(OO)C(=O),-6.779963604058139,-5.204323
C(=O)(OO)C1OC1C=C(C(=O)(O))C(=O),-8.551936332889454,-8.830087
C(=O)(N(=O)(=O))C(O)(OO)C(=O)C(=O),-6.752816782536684,-2.495665
C(=O)(OON(=O)(=O))C=CC1OC1(OO)C(=O)C(=O),-4.3177296279736765,-3.7075863
C(ON(=O)(=O))C(=O)C1OC1(C(=O)(O))C(=O),-5.036746108886291,-6.223657
CC(=O)C(ON(=O)(=O))CC(OO)C(C(=O)(O))(C)C(=O)(OON(=O)(=O)),-7.5986645269804285,-8.675774
CC(=O)CC(=O)C(O)CC(OO)C(ON(=O)(=O)),-8.54802815871517,-8.468586
C(=O)(OO)C=C(C(OO))C(O)OC(=O)C(=O)(OON(=O)(=O)),-7.184270412912156,-8.021334
CC1(C)C(OO)C(ON(=O)(=O))C1C(=O)C(=O),-4.71015808424454,-4.089772
CC(O)(C(=O)(OON(=O)(=O)))C(ON(=O)(=O))C(C)(C)C(C(=O)(O))C(=O),-6.647694736468111,-7.660983
C(=O)C(N(=O)(=O))C(=O)C(=O)OC(OO)(C(=O))C(=O),-4.491682193314773,-5.050567
C(=O)(O)CC(O)C(C(OO))(C(=O)(OON(=O)(=O)))C(=O),-7.773959998139617,-9.054926
C(=O)C1(OO)OC1C(O)(C(=O)(O))C(ON(=O)(=O))C(=O),-8.142222025138835,-8.724399
CC(=O)C(ON(=O)(=O))CC(C(=O)C)C(O)C(=O)(OO),-8.659709220128207,-8.607516
C(=O)(OO)C(=O)C1(N(=O)(=O))OC1(O)C=CC(=O),-7.199453299002926,-7.8261266
C(ON(=O)(=O))C(=O)C1(OO)OC1C(O)C(O)C(=O)(OON(=O)(=O)),-6.087258660012594,-7.5127506
C(=O)(O)C1(O)OC1(O)C(N(=O)(=O))(ON(=O)(=O))C(=O),-8.888795756904074,-5.19774
C(OO)C1(C(OO))OC1C(=O)(OO),-7.378142847192066,-7.0375032
C(=O)(OO)C(OO)C(O)C1(C(=O))OC1C(=O),-9.782779498378659,-9.12488
C(=O)C(=O)C1(OO)OC1(OO)C,-7.232354994768684,-4.3184915
CC(=O)C(=O)CC(ON(=O)(=O))(C(OO)(C)C)CC(=O)(O),-8.353563552398555,-9.306825
C(OO)C(=O)C(=O)C(O)(C)C(ON(=O)(=O))C(=O)(OO),-7.686982035555047,-8.132342
C(=O)(OON(=O)(=O))C(=O)C(=O)C(=O)C(OO)OC(=O),-3.763124794097166,-3.7270617
CC(=O)C(ON(=O)(=O))CC(ON(=O)(=O))(C(=O)C)CC(=O),-4.963063656006852,-4.879548
CC(=O)OOC(=O)C(=O)C(O)(N(=O)(=O))C(=O)(OON(=O)(=O)),-4.3731298412076285,-3.74701
C1(O)C(ON(=O)(=O))(C(=O)(OON(=O)(=O)))OOC1(O)C(O)C(=O),-5.636916233735974,-9.310726
CC(=O)C(OO)(C(O)(C)C(=O)(O))CC(=O),-10.686564383651785,-9.537822
C(=O)(OON(=O)(=O))C(C(=O))C(OO)(C)C(ON(=O)(=O))C(=O),-4.183307259652793,-5.134997
C(=O)(O)C1OOC(OO)(C1(O)C)C(O)C(=O)(OON(=O)(=O)),-7.014908207980625,-9.540215
CC(=O)C(C1(C)C)C(ON(=O)(=O))C1CC(=O)(O),-5.396047904701845,-6.8058953
CC(ON(=O)(=O))(C(=O)(O))OOC(=O)CC(=O)C(OO),-7.28213828339176,-8.48042
C(=O)(OON(=O)(=O))C1(OO)OC1(C(=O))CC(=O),-4.619059724780527,-4.3910627
C(=O)(OO)C(O)C1(O)OC1C(=O)(OON(=O)(=O)),-7.760532582999076,-7.222052
C(=O)(O)C(O)C(OO)OC(=O)C(=O)(O),-8.630025681510233,-9.816338
C(=O)(OON(=O)(=O))C=C(C(ON(=O)(=O)))C(O)OC(=O),-5.511199803571799,-4.855552
C12OOC(O)(C2(O))C(=O)C(OO)C1(O)C(=O),-9.809378035100963,-8.638493
C1(N(=O)(=O))C(=O)C(OO)C(=O)OOC1C(=O)(OON(=O)(=O)),-5.001063788386091,-5.084575
C(ON(=O)(=O))C(=O)C(=O)C(C)(C)C(=O),-3.7348926197846595,-2.499489
C(=O)(OO)C(=O)C(OO)OC(=O)CC(=O),-7.3831031814006565,-7.562717
CC(OO)(C)C(ON(=O)(=O))C(=O)C(O)C(ON(=O)(=O))(C)C(=O)C(=O),-7.326400284975534,-7.594061
C(=O)(OO)C(ON(=O)(=O))C(O)C(=O)C(=O)C(=O),-7.126955882442417,-4.9130783
C(=O)(O)C(C(=O)(OON(=O)(=O)))C(=O)OC(=O)C(=O),-2.7756002169971907,-4.250876
CC(=O)C1OC1C(=O)CC(=O)(O),-6.00656156947116,-5.105851
CC(=O)C(ON(=O)(=O))(C(OO)(C)C(=O)(OON(=O)(=O)))CC(=O)CC(=O),-6.260934494854155,-6.1611276
C(=O)(O)C(=O)C(OO)(C1(O))OOC1C(O)C(=O),-8.120916572403075,-9.832495
CC(=O)C(ON(=O)(=O))C(C)(C(=O)(OON(=O)(=O)))C(O)C,-5.128471836076642,-4.4936037
C(=O)(OO)C1OC1(ON(=O)(=O))C(O)C(=O),-5.923774473476442,-5.7462177
C(=O)(O)C(=O)C(C1(O))OOC1(C(ON(=O)(=O)))C(=O)(OON(=O)(=O)),-6.153531049867524,-7.903866
C1C(OO)C(ON(=O)(=O))(C)C(O)C(=O)C1C(=O)C,-8.275159647169858,-8.669192
C(=O)(O)C(O)C(=O)OC(OO)C(=O)(OON(=O)(=O)),-6.157427791727969,-6.291648
CC(O)(C)C(OO)CC(=O)C(=O)(OO),-9.797788791951461,-8.748247
CC(OO)(C)C(C(O)(C)C(=O))C(O)C(=O),-6.944849551724474,-9.591443
C(=O)(O)C1OOC(OO)(C(OO))C=CC1(O),-9.541638065204097,-10.351422
C(OO)C(C(=O))=CC1OC1(OO)C(=O),-9.065421820707343,-7.234701
CC(=O)C(O)(O)C(N(=O)(=O))(ON(=O)(=O))C(=O)(OO),-6.9029721893093665,-5.0429344
CC(=O)C(C(=O)(OO))OOC(=O)C(O)C(=O)(OON(=O)(=O)),-5.772849972696349,-5.5907693
C(ON(=O)(=O))C(ON(=O)(=O))C(C)(C)C(C(=O)(OO))C(=O)C(=O),-5.363835804158953,-4.634145
C12OOC(C1(O)C(=O)(O))C=CC2(=O),-6.689568876536214,-6.8828897
C(=O)(O)C1(N(=O)(=O))OC1(OO)C(C(=O))C(=O),-6.055225086791324,-7.640702
C(=O)(O)C1(OO)OC1C(C(=O)(O))C(=O)(OON(=O)(=O)),-6.499382599336968,-7.928893
CC(OO)C(=O)CC(=O)C(ON(=O)(=O))C(OO),-7.78488956073852,-6.886181
CC(ON(=O)(=O))(C(ON(=O)(=O)))C(C(OO))C(OO)C(=O),-7.352902070979326,-8.002104
C(=O)C(=O)C1(O)OOC(ON(=O)(=O))C1(=O),-3.979495313917141,-3.71614
C(O)C(=O)OOC(OO)C(O)C(=O)(O),-10.1879017579613,-9.352482
C(=O)(OON(=O)(=O))C(O)(O)C(O)C(O)C(=O),-7.20909360517544,-6.454498
CC1(C(=O)(O))OC1(ON(=O)(=O))C(O)C(=O)C(=O),-5.571648669270871,-6.3379674
CCCCCC(OO)C(O)CCC(OO),-6.74304606763053,-7.9390697
CC(=O)C(N(=O)(=O))C(=O)C1(OO)OC1(OO)C(=O),-6.3124002406220825,-6.113765
C(=O)(N(=O)(=O))C1(OO)OC1C(O)C(O)(C(=O)(O))C(=O)(O),-10.314284012689313,-11.684412
C(ON(=O)(=O))C(C(=O)(OO))=CC(C(=O)(O))OOC(=O),-7.990355034329696,-10.56107
C(OO)C1(C(OO))OC1(ON(=O)(=O))C(=O)(OON(=O)(=O)),-5.7877208324844105,-4.4663057
C(=O)(O)C(OO)CC(C(=O)(OON(=O)(=O)))C(ON(=O)(=O))(C)C,-6.374653480652341,-7.9999914
CC(O)(C(=O)(OO))C1CC(C(=O)(OON(=O)(=O)))C1(OO)C,-7.541071179919527,-6.336863
CC(ON(=O)(=O))(C(=O)(O))C(C(=O))C(C)(C)C(=O)(OO),-7.386417350406191,-7.0553885
C(=O)(OO)C(=O)CC(N(=O)(=O))(C(=O)(O))OOC(=O),-6.328238366353617,-8.924792
CC2(O)C(=O)CC1CC2(ON(=O)(=O))C1(C)C(ON(=O)(=O)),-5.674332233184032,-5.4169154
CC(=O)C1OC1(ON(=O)(=O))C(O)C(ON(=O)(=O))C(=O)(O),-6.18657214164341,-7.440172
C(=O)(OO)C(=O)C(O)(OO)C(O)C(=O)C(=O),-8.519154339892339,-7.887111
C1(N(=O)(=O))C(OO)C(C(=O)(O))OOC(=O)C1(=O),-7.258860462667144,-6.524603
C(=O)(O)C(=O)C(O)C(=O)OOC(=O)C(=O),-7.955614135822543,-5.2642474
C(=O)(O)C1(N(=O)(=O))OC1C(OO)(C(=O)(OON(=O)(=O)))C(O)C(=O),-8.969315530734093,-9.062508
C(ON(=O)(=O))CCC(O)CCC(=O)CC(=O)(OON(=O)(=O)),-7.048266573574438,-6.845192
CC(ON(=O)(=O))(C(OO))C(=O)C(=O)C(=O)C(OO),-6.80436338990512,-5.794461
C(=O)(OO)C(ON(=O)(=O))C(O)(C(=O)(O))C(=O)OC(=O),-7.171491889674144,-6.1906977
CC(=O)C=C(N(=O)(=O))C1(OO)OC1(OO)C(=O),-7.469010762306425,-7.2287073
C(=O)C(=O)C(OO)(C1(=O))OOC1C(=O),-4.518179598457209,-5.9162254
CC1(C)C(=O)CC1(ON(=O)(=O))C(OO)(C)C(=O)(O),-8.007194044539574,-7.6713533
C(=O)(N(=O)(=O))C1(O)OC1(C)C(=O)C(OO)C(=O)(OO),-6.532106225391544,-8.115233
C(=O)(O)C(=O)C(OO)OC(=O)(O),-6.165901181018853,-7.0281343
C(=O)(O)CC(=O)C(=O)C(=O)C,-5.2731915977901735,-4.0021973
CC(=O)C(=O)CC(OO)(C(O))C(ON(=O)(=O))(C)C(=O)(OON(=O)(=O)),-6.660089687729851,-6.1882014
CC(C)(C(=O)(OO))C(C(O))CC(=O)(OON(=O)(=O)),-5.3281773605576745,-6.5725245
C(O)C(C(=O)(O))=CC(=O)(O),-8.304769190932348,-8.309495
CC(=O)C(=O)OOC(O)(C(=O)(OO))C(O)(N(=O)(=O))C(=O),-7.850240067737104,-7.112757
CC1(O)C(=O)CC1C(=O)(OON(=O)(=O)),-3.8865626448914554,-3.4205327
C1(O)(O)C(OO)OOC1(C(=O))C(ON(=O)(=O))C(=O)(OON(=O)(=O)),-8.298496208622964,-5.8082952
CC(=O)C(O)C(OO)C(OO)C(=O)(OO),-7.7715585600999475,-11.330194
C(=O)C(=O)C(=O)C(=O)C(=O)C(OO),-3.4981187141456758,-3.3813112
C(=O)(O)C(C(=O)(OON(=O)(=O)))OOC(OO)C(O)C(=O),-6.337212399854252,-8.177706
CC(=O)C(ON(=O)(=O))C(O)C(ON(=O)(=O))(C(=O)C)CC(=O),-6.519247811333116,-7.243405
C(=O)(OON(=O)(=O))C(=O)OOC(O)(C(=O)(O))C(O)(N(=O)(=O))C(=O),-6.928821122335648,-8.177111
C1(=O)C(=O)C(ON(=O)(=O))C(OO)OC(=O)C1(O)C,-6.5277282263596135,-6.858227
C(=O)C(O)(OO)C(OO)(C(ON(=O)(=O)))C1OC1C(=O),-10.106751141767745,-9.060579
C(=O)C(=O)C(O)(O)C(ON(=O)(=O))(C(=O)(OON(=O)(=O)))OC(=O),-5.648033059504087,-5.476748
C(O)C(ON(=O)(=O))C(C(=O)(O))(C)C(=O)(O),-7.686592060326802,-8.613014
CCC(ON(=O)(=O))CCC(ON(=O)(=O))CC(OO)CC,-5.980183410301834,-5.3583307
C(O)C(=O)C(C)C(=O)(OON(=O)(=O)),-3.900557440745615,-2.94577
CC1(C(=O)(OO))OOC(O)(C1(O)(O))C(N(=O)(=O))(OO)C(=O),-10.314469819530132,-4.893279
C12OOC(C1(O)(O))C(OO)C(ON(=O)(=O))C2(=O),-7.993468562384805,-8.037808
C(=O)(OO)C1(O)C(O)OOC1C(=O)(OON(=O)(=O)),-8.03124955920066,-5.8851824
C(=O)(OON(=O)(=O))C(=O)OOC(=O)C(ON(=O)(=O))C(=O)C,-2.88390938187149,-2.342466
CC(=O)CC(OO)(C(=O)(OO))CC(=O)(OON(=O)(=O)),-6.53458176953427,-4.6760044
C(=O)(O)CC(ON(=O)(=O))C(OO),-7.3647745628222765,-5.154549
CC(=O)C(C(=O)(OO))C(C)(C(O))C(O)C(=O)(OON(=O)(=O)),-7.539600191748832,-7.531268
CC(C(ON(=O)(=O)))(C(=O)(OO))C(C(=O)(OON(=O)(=O)))CC(=O)C(=O)C,-6.856287602042357,-5.7920156
CC(=O)C(O)C(OO)(C1(O)(N(=O)(=O)))OOC1(O)C(=O)(O),-8.523184168141597,-11.372141
C(OO)C(=O)C1OOC(C1(=O))C(ON(=O)(=O))C(=O)(OO),-7.740051531882273,-6.5554585
C1(=O)OOC(OO)C(=O)C(OO)C1(ON(=O)(=O))C,-6.929158697526873,-7.2664776
C(=O)(O)OC(OO)C=CC(=O)C(=O)(OON(=O)(=O)),-6.631013961858116,-6.273603
C1(=O)C(=O)OOC1C(O)C(OO)C(=O)(O),-8.618923981302942,-8.070541
CC(ON(=O)(=O))C(=O)CC(O)CC(=O)CC(=O),-7.118147819905062,-7.397528
C(=O)(OO)C(O)C(ON(=O)(=O))(C(OO))OOC(=O),-7.906333906932559,-4.7578015
CC(OO)(C(=O)(O))C(O)C(O)C(ON(=O)(=O))C(=O),-8.320799145680212,-11.130867
C(OO)C(=O)C1(N(=O)(=O))OC1(O)C(=O)C(OO),-6.602867628649619,-6.879438
CC(ON(=O)(=O))(C)C(=O)C(O)(C)C(ON(=O)(=O))CC(=O)C(=O),-6.593072917254176,-6.3413014
CC(ON(=O)(=O))C1(ON(=O)(=O))OC1(O)C(=O)(OO),-6.384577492288372,-3.402274
C(=O)(OON(=O)(=O))C(=O)C1(O)OOC(OO)(C1(=O))C(=O),-5.917761981960211,-4.1203666
C(=O)(O)C(ON(=O)(=O))C(ON(=O)(=O))(OO)C1OC1(C)C(=O),-7.605272307000632,-7.0341387
C(=O)(OO)C1(O)C(=O)OOC1CC(=O)C(=O)(OON(=O)(=O)),-7.60434156248084,-5.3331413
C(=O)(O)C(O)(N(=O)(=O))C(=O)C(O)(C)C(=O)(OON(=O)(=O)),-7.173858639251193,-4.5603037
C(=O)(OO)C(=O)OC(OO)CC(=O)C(=O),-7.191239385150766,-7.265628
C12C(ON(=O)(=O))C(C1(C)C)C(OO)C(=O)C2(O)C(ON(=O)(=O)),-6.917508607573836,-6.767635
C1(O)C(ON(=O)(=O))C(=O)C(=O)OOC1(N(=O)(=O))C(=O)(O),-6.4409375463346805,-6.509758
C(=O)(O)C(=O)C=C(C(ON(=O)(=O)))C1OC1(=O),-5.393668251714189,-5.5926423
C(=O)C1(OO)OC1(O)C(ON(=O)(=O))(C)C(ON(=O)(=O))C(=O),-7.194662365895056,-6.733497
C(=O)(OON(=O)(=O))C(=O)C1OOC(ON(=O)(=O))(C1(O))C(O)C(=O),-5.348734696071915,-5.013851
CC(C)C(=O)C(OO)(C)C(=O)(OON(=O)(=O)),-4.609440955162427,-1.9316286
CC(=O)C(C(=O)(O))C(C(ON(=O)(=O)))(C(ON(=O)(=O)))C(=O)CC(=O)(OO),-8.275949685059459,-10.205953
CC(=O)C(OO)C(ON(=O)(=O))C(C(=O)C)CC(=O),-6.446245357492444,-6.920945
C1(=O)C(N(=O)(=O))(OO)OOC1(OO)C,-5.0893269717016665,-2.9771595
C(ON(=O)(=O))C(O)(C(=O)(OO))C(=O)C(=O),-7.263112261733113,-2.3665316
C1(O)C(C(=O)(O))OOC1(C)C(O)C(=O)(O),-8.59555836297477,-11.468081
C1(=O)C(ON(=O)(=O))OOC1(OO)C(ON(=O)(=O))C(=O)C(=O)(O),-6.598751554525734,-5.9155245
C(=O)(O)C(O)C1(C)OOC(ON(=O)(=O))(C1(O)(O))C(=O),-8.413736084472475,-9.474423
C1(O)(O)C(=O)OOC1C(O)C(=O)C,-7.229174744861666,-6.149426
CC(=O)C(C(OO)(C)C(=O)(OON(=O)(=O)))CC(OO)C(=O),-7.692074514010528,-7.575342
C2(ON(=O)(=O))C=CC(OO)(C1(O)C(=O))OOC12(O),-8.491253056065034,-6.332392
C(=O)(O)C(ON(=O)(=O))(OO)C(OO)C(=O),-7.318431126423093,-7.9062815
CC(ON(=O)(=O))(C(=O)(OO))C1OOC(O)(C1(O))C(=O),-7.774148128890374,-8.728528
C(=O)(O)C(OO)=CC1OC1(C(=O)(OON(=O)(=O)))C(=O),-8.421929270498367,-7.157198
C(O)CC(=O)C(ON(=O)(=O))CC(=O)CCC(=O)(OO),-9.277176772040548,-8.205457
C(=O)(O)C(ON(=O)(=O))C1(C(OO))OC1(=O),-7.365551008657349,-4.743138
C1(O)(O)C(=O)OOC1(O)C(N(=O)(=O))=CC(=O),-7.3244388570801675,-7.5456553
CC(=O)OOC(C(=O)(OON(=O)(=O)))C(=O)C(=O)(OO),-3.938120101347522,-5.447599
C(=O)(OON(=O)(=O))C(=O)C(=O)OC(=O)C,-2.1127512176226446,-1.5477074
C(O)C(=O)C(C(OO)(C)C(OO))C(ON(=O)(=O))C(=O),-9.009957976719306,-9.290602
CC(ON(=O)(=O))CC(=O)CCC(O)CCC(ON(=O)(=O)),-7.6652467374296975,-7.6634607
C1(O)C(ON(=O)(=O))OOC1C(OO)(C)C(=O)(OON(=O)(=O)),-6.1086090553817485,-6.006069
CC(=O)C(=O)C(C)(C)C(C(ON(=O)(=O)))C(OO)C(=O)(OON(=O)(=O)),-5.370732164772562,-5.210826
C(O)C(=O)C(ON(=O)(=O))C(O)(C1(O))OOC1C(=O)(O),-9.500544877184439,-11.596312
C2(ON(=O)(=O))C=CC(ON(=O)(=O))(C1(O)C(=O)(OO))OOC12(O),-6.934649359549439,-8.220483
C(=O)(O)C(N(=O)(=O))C(=O)C(OO)(C(O))OC(=O)C(=O),-8.277106902434753,-9.809331
C(ON(=O)(=O))C(=O)C(=O)OC(OO)CC(=O)C(=O)(OON(=O)(=O)),-4.835248426621547,-5.5845237
C(O)C(=O)OOC(C(=O)(OO))C(O)C(=O)(OON(=O)(=O)),-5.819501871443208,-8.254871
CC(=O)CC(=O)CCCCC(ON(=O)(=O)),-4.8602897686905635,-3.6163259
C(OO)C1(C(=O)(OON(=O)(=O)))OOC(OO)(C1(=O))C(ON(=O)(=O))C(=O),-6.722400763865153,-6.9929957
C(=O)(O)C(O)(OO)C1OC1C(=O)(OON(=O)(=O)),-7.835421839798073,-6.5141964
C(=O)(O)C(OO)C(ON(=O)(=O))(OO)C1OC1(C)C(=O),-8.339571387898104,-8.819705
C(=O)(N(=O)(=O))C1OC1C(O)C(=O)(O),-6.752864729000066,-5.670422
CC(OO)(C)C(ON(=O)(=O))(C(O))CC(=O)C,-6.749137118560611,-6.5704365
C1(N(=O)(=O))C(OO)C(OO)OOC(=O)C1(=O),-7.258860462667144,-5.394496
C1(O)(N(=O)(=O))C(O)(C(=O)(OO))OOC1C(=O),-8.830145651445491,-6.117611
CC(=O)C1C(ON(=O)(=O))C(OO)(C1(C)C)CC(=O)(OON(=O)(=O)),-5.926279980405525,-6.7463317
C(=O)(OON(=O)(=O))C(OO)(C(=O))C(ON(=O)(=O))OOC(=O),-4.103512512288944,-3.6977193
C12(O)OOC(O)(C1(O))C=C(OO)C2(ON(=O)(=O)),-9.052166060973832,-10.231912
C(=O)(OO)C(=O)C1(OO)OC1(ON(=O)(=O))CC(=O),-6.2432396135045565,-8.090795
CC(C(=O)(O))C1OC1(O)C(=O),-5.795651465745323,-6.286316
CC(ON(=O)(=O))(C)C(C(OO)(C(=O)(OO))C(=O))CC(=O),-7.717498921922015,-7.117748
C1(ON(=O)(=O))C(OO)C(ON(=O)(=O))(C)OOC1C(=O)C,-4.268303100485355,-5.48023
C(=O)(OON(=O)(=O))CC(=O)C(C)(C(OO))OOC(=O),-5.535140168893122,-5.535326
CC(=O)C(O)C(OO)C(ON(=O)(=O))(C(=O))C(O)(C)C,-7.264004935410412,-8.458543
C(=O)(OON(=O)(=O))C(O)C=CC(=O),-4.7131109670808655,-3.295576
CC1(C)C(ON(=O)(=O))C(ON(=O)(=O))C1(OO)C(=O)(O),-6.421728330500628,-6.619095
C(=O)(N(=O)(=O))C(OO)OC(=O)C(O)(C)C(O)C(=O)(O),-8.13857373414794,-9.551601
CC(OO)(C(=O)(O))C(=O)CC(ON(=O)(=O))(C(=O))C(OO)(C)C,-8.85695637608842,-11.341756
C(O)C1(O)C(ON(=O)(=O))OOC1(=O),-5.37319009512612,-3.8244042
C(O)C(ON(=O)(=O))(C(=O)(OON(=O)(=O)))C1OC1C(=O),-4.550925695601109,-4.2995253
C(=O)C(O)(OO)C(ON(=O)(=O))(C(ON(=O)(=O)))C1OC1C(=O),-8.509930406478816,-5.6869717
C(=O)(O)C1(N(=O)(=O))OC1C(ON(=O)(=O))C(O)C(=O)C(=O)(OO),-7.002415819981252,-9.132236
C(=O)(OO)C(=O)C1(C(=O))OOC(C1(O))C(=O),-7.456932876675637,-7.8708706
C(O)C(=O)C(=O)C(C)(C)C(ON(=O)(=O))CC(=O)(OON(=O)(=O)),-6.011197254940271,-5.126128
CC(ON(=O)(=O))CCC(O)CC(=O)CCC(=O)(O),-8.589703523835851,-9.392357
CC1(C(=O)(OO))OC1(OO)C(=O)CC(=O),-7.626382725278745,-6.4913535
C(=O)(N(=O)(=O))C(OO)OC(=O)C(O)(C(O))C(=O),-7.080636733355277,-6.607913
C(=O)(OON(=O)(=O))C(O)C(=O)C(=O)OC(=O)C(=O),-3.5893831154371583,-2.775726
C1(=O)OC1(O)C(=O)C(O)(C)C(=O),-6.492069494846874,-5.8544416
C(=O)(O)C(ON(=O)(=O))(C(=O)(OO))C(O)(O)C(=O)C(ON(=O)(=O))C(=O),-8.20675044235577,-11.421245
CC(OO)(C)C(ON(=O)(=O))(C)C(=O)C(=O)CC(=O)(O),-7.817110712947397,-8.307951
CC(=O)CC(=O)CCC(O)C(=O)(OO),-9.154748808645309,-7.1592607
C(=O)(O)C(OO)C(=O)C(O)(C)C(=O)C(=O),-7.487970000500354,-9.103102
C1(=O)C(N(=O)(=O))(C(=O)(OO))OOC1C(=O)C(=O),-4.508817432722935,-4.6725545
CC(=O)C(ON(=O)(=O))C(C)(C)C(OO)(C(=O)(OON(=O)(=O)))CC(=O)(O),-7.222956617973978,-9.30881
C(=O)C(=O)C(O)C(=O)C1OC1(O)C(=O),-5.662455494992173,-8.041431
CC(=O)C(ON(=O)(=O))C(ON(=O)(=O))C(OO)CC(=O),-6.274498369413777,-5.9006386
C(=O)(OON(=O)(=O))C1(O)C(C(=O)(OON(=O)(=O)))OOC1C(O)C(=O),-6.840486551454887,-5.6709204
CC(=O)C(OO)C(C)(C(=O))C(ON(=O)(=O))CC(=O),-6.2354142523745395,-7.2435656
C1(=O)OOC(ON(=O)(=O))C(=O)C(N(=O)(=O))(OO)C1(OO)C,-6.343966089854803,-5.7659554
CC(=O)CC(OO)CCC(=O)C(ON(=O)(=O)),-6.329337320899867,-7.2012944
CC(=O)CC(OO)C(=O)C(ON(=O)(=O))CC(OO),-7.932511186822012,-8.0996475
C(=O)(O)C(=O)OOC(C(=O)C)C(OO)C(=O)(OON(=O)(=O)),-5.772849972696349,-7.672726
C(=O)(O)C(C(=O)(OON(=O)(=O)))=CC1OC1(ON(=O)(=O))C(=O),-4.62036868244104,-5.2767725
C(O)CC(=O)CC(=O),-3.7856824672544462,-3.343061
C1(O)(O)C(N(=O)(=O))(OO)OOC1(N(=O)(=O))C(O)C(=O)C,-6.944351364661998,-8.309464
C12OOC(O)(C1(O)C(=O)(O))C(ON(=O)(=O))C(OO)C2(OO),-9.816454947456805,-12.148029
C1(=O)C(=O)OOC1(C)C(=O)C(OO),-4.212987972913652,-4.62899
C(=O)(O)C(O)C(=O)C(N(=O)(=O))(OO)OC(=O)C(=O),-6.9965888886526955,-7.064883
CC(=O)C(OO)C(=O)C(=O)(N(=O)(=O)),-3.204679076641696,-2.7547343
C(=O)(OO)C1OC1(C(=O)(O))C(ON(=O)(=O))C(=O),-8.342335576102414,-8.052586
C(=O)(O)C(O)(N(=O)(=O))C(OO)(C)C(=O)(OO),-8.13857373414794,-8.250203
CC(ON(=O)(=O))C(OO)(C(=O)(OO))C(C)(C)C(=O)(OON(=O)(=O)),-6.7186225478781125,-3.501168
CC(ON(=O)(=O))CC(=O)C(=O)C(ON(=O)(=O))CC(=O)C(OO)C,-8.042326629292802,-7.0101056
C1(=O)C(C(=O)(O))OOC1(C(=O))C(=O),-4.876520624331533,-5.105833
C1C(=O)C(N(=O)(=O))(ON(=O)(=O))C(O)(C2(O)(OO))OOC12,-6.662866598006076,-7.843696
C(O)C(=O)CC(ON(=O)(=O))(C(OO)(C)C)C(=O)C(=O),-7.346660300816438,-9.6643095
CC(=O)C(ON(=O)(=O))C(=O)C1OC1C(=O)(OON(=O)(=O)),-3.031749095654959,-3.4490497
C(ON(=O)(=O))C(=O)C(=O)C(ON(=O)(=O))(C1(O)(OO))OOC1C(=O),-6.752969313354697,-6.5981483
CC(=O)C(C(O))C(C(OO))(C)C(=O),-7.715136559429084,-7.753094
CC(=O)C(=O)C(ON(=O)(=O))(OO)C1OC1(OO)C(=O),-5.817569217857454,-5.858514
C(ON(=O)(=O))C(=O)C(C(=O)(O))C(C)(C)C(ON(=O)(=O))C(=O),-6.0800157863341155,-7.2832785
C(=O)(N(=O)(=O))C(OO)OC(=O)C(O)C(OO)(C(O))C(=O)(O),-7.74760302091272,-12.634349
C(ON(=O)(=O))C(OO)C(C)(C(=O)(O))C(C(=O))C(=O)C(O),-7.708346533268923,-11.250991
C(ON(=O)(=O))C(=O)C(O)(C)C(C(=O))C(ON(=O)(=O))(C)C,-5.593160559968965,-7.069952
C(=O)(O)C(OO)(C(OO))C(O)C(=O)(OO),-8.336255520875056,-11.926624
C12CC(=O)C(=O)C(OO)(C1(O)C(=O)(OO))OO2,-8.685778132175983,-9.391021
C(O)C1(C(=O))OOC(ON(=O)(=O))(C1(O))C(ON(=O)(=O))C(=O),-7.20234534937299,-8.083417
C(=O)(O)CC(OO)C(C)(C(ON(=O)(=O)))C(C(=O))C(=O)C,-9.316021456679664,-9.47038
C(=O)(O)C(C(OO))(C)C(ON(=O)(=O))(C)C(=O)(OON(=O)(=O)),-6.081124260166689,-6.1513815
C(=O)(N(=O)(=O))C(=O)C1(C(O))OOC(C1(O))C(=O),-6.964853107881936,-7.253885
C(=O)(N(=O)(=O))OOC(C(=O)(O))C(=O)C(=O)C(ON(=O)(=O)),-5.010486376439076,-5.813733
C(=O)(OO)C(=O)OC(OO)C(=O)C(ON(=O)(=O))(C)C(=O)(OON(=O)(=O)),-5.886682363467116,-6.7769194
C1(OO)OC1C(O)(O)C(=O)C(OO)C(=O)C(O),-9.98083096602386,-10.69486
C(=O)C(O)(N(=O)(=O))C(=O)C(O)C(=O)C(=O),-4.448214245450799,-5.6935506
C(=O)(OON(=O)(=O))C1(OO)OC1(OO)C(C(=O)(O))C(=O),-5.415172662609621,-8.369466
CC(=O)C(ON(=O)(=O))C(O)C(=O)C(C)(C)C(ON(=O)(=O))C(OO),-7.123200930016537,-8.385983
C1(O)(O)C(=O)OOC1(O)C(ON(=O)(=O))C(OO)C(=O)(OON(=O)(=O)),-7.447307210595682,-6.9143248
C(=O)(OO)C(O)C(C(ON(=O)(=O)))(C(=O))OOC(=O)C(=O),-7.792669271097111,-6.6873927
C(=O)C(ON(=O)(=O))OOC(OO)(C(=O)(O))C(ON(=O)(=O))C(=O),-6.970072992928181,-7.7463374
C(ON(=O)(=O))C(=O)C(O)(C)C(C(=O)C)CC(=O),-6.0056824227776815,-6.458899
C(=O)(O)C(=O)OC(=O)C(ON(=O)(=O))(C(=O)(O))C(O)C(=O),-7.516020528559238,-9.434831
C(=O)(OON(=O)(=O))C1OC1(OO)C=CC(=O)(OON(=O)(=O)),-4.503525479169184,-3.6116664
CC(=O)C(OO)C(OO)(C)C(C(=O))CC(=O)(OON(=O)(=O)),-7.467605504345556,-9.038695
C(=O)(O)CC1OC1(OO)C(=O)(OO),-7.913779728973168,-9.972091
C(=O)(O)C=CC1(N(=O)(=O))OC1(O)C(=O)C(=O)(OON(=O)(=O)),-6.458076649110808,-4.0356736
C(=O)(O)CC(=O)C(ON(=O)(=O))CC(O)CCC(OO),-8.949282981378929,-11.057678
C(=O)(O)C(N(=O)(=O))C1OOC(C1(O))C(=O)C(=O)(OO),-7.22109198965336,-10.142965
CC(=O)C(C(ON(=O)(=O))(C)C(ON(=O)(=O)))CC(=O)C(=O)(OO),-7.015004824212156,-7.2233844
C(ON(=O)(=O))C(OO)C(ON(=O)(=O))(C)OOC(=O),-4.949193550804921,-4.476065
C1(O)C(O)(C(=O)(OON(=O)(=O)))OOC1C(ON(=O)(=O))(OO)C(=O),-5.4389584282052965,-7.8455806
C(=O)(O)C(ON(=O)(=O))CC(=O)CC(ON(=O)(=O)),-6.970057414393523,-7.209773
CCCCCC(ON(=O)(=O))CC(OO)CC(ON(=O)(=O)),-5.308140617831668,-5.7179027
C(=O)(O)C1OOC(=O)C=C(C)C1(OO),-7.83658933249535,-8.675037
CC(OO)(C(=O)(O))C(ON(=O)(=O))(OO)C(=O)(O),-7.540969051835418,-9.746169
CC(OO)CC(ON(=O)(=O))C(=O)CC(=O)C(ON(=O)(=O)),-7.229388026629749,-6.0489187
C(=O)(O)C(=O)C=CC1(N(=O)(=O))OC1(OO)C(=O),-7.199453299002926,-7.1469254
C1(=O)C(ON(=O)(=O))C(=O)C(=O)OOC1(C)C(=O)(OO),-4.703903451541919,-5.207489
C(=O)(O)C1CC(C(ON(=O)(=O)))C1(C)C,-5.639547721491908,-4.218434
CC(OO)(C(=O)(OO))C(OO)C(O)C(=O)C(=O),-8.416545326845153,-12.343508
CC(OO)CCC(O)C(ON(=O)(=O))CC(=O)(OON(=O)(=O)),-8.204197547191143,-6.997315
C(=O)(O)C(O)C1OOC(=O)C1(O)C(=O)(OON(=O)(=O)),-7.5313898466702085,-7.2053885
CC(O)C(OO)CC(=O)C(=O)C(ON(=O)(=O)),-7.697468091313567,-6.7610903
C(=O)(O)OC(OO)(C)C=C(OO)C(=O),-8.458208585763714,-8.011606
CC(OO)(C(=O)(O))OC(=O)CC(=O)(OON(=O)(=O)),-6.623242985690013,-6.006403
C(=O)(O)C(OO)=CC(=O)OC(=O),-8.14721377438218,-4.658069
C(=O)(O)C(ON(=O)(=O))C(OO)(C1(O)C(=O))OOC1(O)C(=O),-9.533642797659923,-1.7158626
CC(ON(=O)(=O))(C(ON(=O)(=O)))C(C(=O)C(OO))CC(=O)C(=O)(OO),-8.512835237994295,-10.771551
CC(O)(C(=O)(O))C(OO)C(C)(C)C(O)C(=O)(O),-9.222427371405502,-14.12714
CC(OO)(C)C(ON(=O)(=O))C(=O)C(ON(=O)(=O))CC(=O)C(=O)(OO),-7.1759282895836805,-8.299611
C(=O)(O)C1OC1(ON(=O)(=O))C(C(=O))C(=O),-3.444349089917523,-4.9182143
C(O)C(=O)C(=O)C(N(=O)(=O))(C(=O)(O))OOC(=O),-6.6836973492518155,-6.6369934
C(=O)(OON(=O)(=O))C(=O)C=CC1(OO)OC1C(=O),-4.3177296279736765,-4.762287
C(=O)C(=O)C(O)(O)C(OO)(C)OC(=O)C(=O),-8.368447255301362,-5.8230615
C1(O)C(OO)(C(=O)(OON(=O)(=O)))OOC1C(O)C(=O)(OON(=O)(=O)),-6.323493651651006,-6.7960277
CC(=O)C(OO)C(C)(C(=O))C(C(=O))CC(=O),-5.283868779464683,-7.833
C(=O)(OON(=O)(=O))C(=O)C(OO)C(O)C(OO)OC(=O),-6.337212399854252,-7.1349473
C1(=O)C(=O)OOC1(OO)C(=O)C(O)(C)C(=O)(O),-7.750104230126453,-8.089999
CC(OO)CC(=O)CC(ON(=O)(=O))CCC(O),-9.15954288535977,-8.46639
C(=O)(OON(=O)(=O))C(O)(O)C1(N(=O)(=O))OC1C(=O)C(=O),-7.083220438500575,-3.9487393
CC1(C)C(ON(=O)(=O))CC(ON(=O)(=O))C(O)(C)C1C(=O),-5.997604483625764,-5.9461946
C(=O)(OON(=O)(=O))C(O)(O)C(=O)OC(O)(C)C(ON(=O)(=O))C(=O),-5.881582595478903,-7.2354493
C1(=O)C(N(=O)(=O))C(=O)OOC(=O)C1(OO)C,-4.973157890526636,-4.3123107
CC(ON(=O)(=O))(C(ON(=O)(=O)))C(O)C(OO)C(=O),-6.605570604462628,-5.885528
C(=O)(OO)C(O)C(C)(C(O))C(=O)C(=O),-7.438084221586905,-6.121146
CC(=O)C(C(OO)(C)C(ON(=O)(=O)))CC(=O),-6.967229329677139,-6.109539
C(O)C(=O)C(ON(=O)(=O))C(OO)(C1(O))OOC1C(=O)(O),-8.857740910605571,-10.374209
C(=O)(OO)C1OC1(ON(=O)(=O))C(OO)(C)C(O)C(=O),-7.317956548266011,-9.771992
C(=O)C(OO)=CC(=O)OC(=O),-5.044407901228624,-2.120732
C(=O)(OO)C(N(=O)(=O))(OO)C(O)(C(=O))OOC(=O)C,-6.932374259096832,-8.860964
C1(O)(N(=O)(=O))C(=O)OOC1(C)C(OO)C(=O)(OON(=O)(=O)),-6.652301918094963,-4.353084
CC(=O)CCCC(=O)CC(OO)C(O)C,-8.301792842430586,-8.1221075
C(=O)C(ON(=O)(=O))OOC(ON(=O)(=O))(C(=O)(O))C(O)C(=O),-7.009005171472381,-7.0473814
C2(O)C(ON(=O)(=O))C(=O)C(O)(C1(O))OOC12C(=O)(OO),-9.816454947456805,-10.961529
C1(OO)OC1(C(OO))CC(=O)(OON(=O)(=O)),-5.944757482975547,-5.1348596
C(=O)C(O)(O)C(=O)C(ON(=O)(=O))(C(=O)(OON(=O)(=O)))C,-6.078218836481028,-3.0827973
CC(O)CCC(O)C(OO)C(ON(=O)(=O)),-7.473940949726966,-8.026663
C1(O)C(=O)OOC1C(=O)C(=O)C(=O)(OO),-7.663379043264285,-6.2551017
CC(=O)CCC(=O)CC(=O)CC(ON(=O)(=O))C(O),-6.506246595894481,-6.869414
C(=O)(OON(=O)(=O))C(=O)OOC(C(O))C(=O),-3.715360369764312,-4.077233
CC(=O)C1CC(=O)C1(C)C(ON(=O)(=O)),-3.548704755943618,-2.9961088
CC(ON(=O)(=O))C(ON(=O)(=O))CCC(=O)C(OO)CC(=O)C,-7.7089936924530775,-7.5515532
C(ON(=O)(=O))C(C(=O)(OO))C(=O)C1(N(=O)(=O))OC1C(=O),-4.978400320482251,-4.874426
C(OO)OC(=O)C(O)C(=O)C(=O)(OO),-6.363168215537371,-6.5730944
C(O)C(=O)OOC(N(=O)(=O))(ON(=O)(=O))C(=O)(O),-5.733817297023052,-5.4765887
C(=O)(O)C(O)(N(=O)(=O))C(O)C(OO)(C)OC(=O),-7.850240067737104,-9.853019
CC(O)CCC(=O)CC(ON(=O)(=O))CC(=O),-6.258072612465185,-6.3342776
C(=O)(OON(=O)(=O))C(O)C(O)C(=O)OC(=O),-5.451790934044766,-3.570125
CC(ON(=O)(=O))(C)C(OO)(C(OO))C(=O)C(O),-8.918351820386306,-6.7928004
C(=O)(O)C(ON(=O)(=O))C(O)(C1(=O))OOC1(C(=O))C(=O),-8.491988096686327,-6.125027
CC(O)(C(=O)(O))C(ON(=O)(=O))C(OO)C(=O),-7.161749099153894,-7.9549336
C(=O)(N(=O)(=O))C(=O)C(OO)OC(=O),-3.318660239892779,-2.5715413
C(=O)(O)C(OO)C(C1(=O))OOC1(C(=O)(O))C(=O),-8.789181590575026,-10.720722
CC(=O)C(O)OOC(=O)C(OO)C(=O)(OO),-6.834057568999924,-8.748112
C(=O)(O)OOC(C(=O)(OO))C(ON(=O)(=O))(C)C(=O),-6.481927377644752,-5.888066
C(=O)(OO)C(O)(N(=O)(=O))C(=O)C(ON(=O)(=O))C(=O),-6.12752998599899,-4.286737
C(O)CCC(=O)CC(O)C(ON(=O)(=O))C(ON(=O)(=O)),-8.638599541223812,-8.957601
CC(=O)C(ON(=O)(=O))CCC(ON(=O)(=O))CC(OO)C(=O)C,-7.6467499267237145,-8.660535
C1(O)(O)C(OO)OOC1(C(ON(=O)(=O)))C(=O),-9.820864326604351,-6.3597198
CC(=O)C(=O)(OON(=O)(=O)),-2.1127512176226446,0.40333554
C1(O)COOC1(O)C(=O)(OO),-7.702302371835685,-4.6225424
C1(=O)OC1(O)C(O)(N(=O)(=O))C(OO)C(=O)(O),-9.30314772264137,-13.99957
C(=O)(OON(=O)(=O))C(O)(O)C(=O)OC(OO)C(=O)C(=O),-6.368559826978526,-5.319924
C(=O)(N(=O)(=O))OC(=O),-1.491946158646897,-0.44827804
C(OO)CCC(O)C(ON(=O)(=O))C(=O)(OON(=O)(=O)),-6.484463373884864,-5.9103413
C(ON(=O)(=O))C(=O)C(ON(=O)(=O))C(=O)OOC(OO)(C(=O))C(=O),-5.210741921935551,-7.7379932
C(=O)(O)C(ON(=O)(=O))C(ON(=O)(=O))(C)C1OC1(OO)C(=O),-6.527270040887743,-6.812405
C(=O)(O)C(O)(C(OO))C(OO)C(=O),-9.777995539641779,-9.842942
C(=O)(OO)C(=O)C(=O)C(ON(=O)(=O))C(=O)(OO),-7.126955882442417,-5.628884
C(=O)(OO)C(O)(N(=O)(=O))C(O)C(OO)C(ON(=O)(=O))(C)C(=O),-7.31412014891248,-12.186816
CC(=O)C(C(=O)(O))CC(OO)C(=O)(OON(=O)(=O)),-5.966716903909401,-6.6179857
C1(=O)C(OO)C(=O)C(=O)OOC1(N(=O)(=O))C(=O)(OO),-6.016617074090391,-5.648189
CC(=O)C1OC1C(N(=O)(=O))(OO)C(ON(=O)(=O))(OO)C(=O)(O),-7.666867296347846,-11.029315
C1(O)C(=O)OOC1(C(OO))C(OO),-8.614988815522338,-7.724353
C(ON(=O)(=O))C(=O)C(C)(C(=O)(OON(=O)(=O)))C(OO)C(=O),-4.69009600508798,-4.9642572
C1(O)C(OO)OOC(C(=O)(O))C(ON(=O)(=O))C1(=O),-7.5600395598066825,-8.235415
C(=O)(OON(=O)(=O))C(=O)OC(O)C(ON(=O)(=O))C=C,-3.530111195304926,-3.335567
CC(=O)C1C(ON(=O)(=O))C(C(=O)(O))C1(C)C(=O),-5.244503531550436,-7.003104
C1(OO)OC1C(OO)(C(=O)(O))C(O)C(=O)(O),-10.420949286293762,-13.253464
C(=O)(O)C(OO)(C(=O))C(=O)C(O)C(ON(=O)(=O))C(=O),-7.797717604375066,-10.161082
C(OO)C(=O)C(ON(=O)(=O))C(O)(C)C(=O),-7.09946877127004,-5.712374
CC(ON(=O)(=O))C(C)(C(=O))C(C(=O))CC(=O)(OO),-6.383437413049251,-5.7104115
C(O)C(=O)C(=O)C(N(=O)(=O))C1OC1C(=O)(OON(=O)(=O)),-5.57302960013476,-3.9583073
CC(=O)C(=O)C(O)C(ON(=O)(=O))(C(ON(=O)(=O))(C)C)CC(=O)(O),-7.790431736464598,-7.737612
CC(=O)C1(OO)OC1(ON(=O)(=O))C=CC(=O)(O),-6.385058862151709,-6.7577925
C(=O)(O)C(N(=O)(=O))(C(=O)(OON(=O)(=O)))OOC(=O)C(=O),-3.956727103650337,-4.823561
CC(=O)C1OC1C(OO)=C(N(=O)(=O))C(=O)(OO),-8.389744877706107,-10.167631
CC(ON(=O)(=O))(C)C(C(OO)C(=O)(O))C(O)C(=O),-6.858617658934236,-10.06981
C1(=O)OC1C(O)(OO)C(=O)C(O)C(=O)(OON(=O)(=O)),-7.760532582999076,-4.287135
CC(=O)C=CC1(OO)OC1C(=O)(O),-6.597901194056249,-7.84525
C(=O)(O)C1(OO)OC1C(O)C(OO)C(=O)C(ON(=O)(=O)),-7.382788983344653,-11.186902
C(=O)(O)CC(C(=O)(OON(=O)(=O)))OOC(=O)C(=O),-4.196918649435247,-5.6360183
C(=O)(O)C1(OO)OC1C(O)C(ON(=O)(=O))(C)C(=O),-7.908973169083765,-8.799053
C1(O)C2(O)OOC1C=C(C2(OO))C(=O)(OON(=O)(=O)),-8.081343180345357,-7.5828166
CC(=O)C(=O)C(ON(=O)(=O))C(ON(=O)(=O))(C(=O)(OO))C(OO)(C)C,-7.151696610166255,-5.9233646
CC(ON(=O)(=O))C(=O)OC(OO)C(=O),-4.846329904945378,-3.2484944
C1(OO)OC1C(OO)C(O)C(=O)(OON(=O)(=O)),-6.053171252227912,-6.2842793
CC(=O)C(OO)(C(=O)C(O))CC(ON(=O)(=O))C(ON(=O)(=O)),-7.662057512054162,-7.9281473
C(=O)(O)C(ON(=O)(=O))OOC(=O)C(ON(=O)(=O))C(=O)C(=O),-4.860832134678276,-5.094399
CC(=O)C(C)(C(ON(=O)(=O)))C(=O)C(OO),-6.026268540885212,-5.277141
C1(OO)OC1(C)C=C(N(=O)(=O))C(=O)(OO),-7.791839414157948,-7.297145
C(=O)C1(ON(=O)(=O))OC1C(OO)=C(OO)C(=O),-7.218822628510679,-6.557906
C(O)C(OO)(C(O))C(=O)(OON(=O)(=O)),-6.7711872616782784,-4.6617684
C1(ON(=O)(=O))C(=O)C(OO)C(=O)OOC1C(=O),-5.1012232291650434,-4.935574
C(OO)C(=O)C(=O)OC(OO)(C)C(=O),-7.128824182833341,-6.3217363
C(=O)(OON(=O)(=O))C(O)C(ON(=O)(=O))C(O)C(=O)C(=O),-6.00184815355351,-3.7986226
CC(OO)(C(=O)(O))C(ON(=O)(=O))(C)CC(=O)(OON(=O)(=O)),-7.01346807448499,-6.8368683
C(OO)CCC(=O)CCC(=O)CC(OO),-8.543951767929684,-8.223329
C(=O)(OO)C(ON(=O)(=O))OOC(=O)C(=O)C(O)C(=O),-6.742876616370268,-7.5952115
C(=O)(O)C(=O)C(O)C(C(=O)(OON(=O)(=O)))OOC(=O),-5.86052706602095,-7.273657
C1(O)(O)C2(N(=O)(=O))OOC1(C)C(OO)C(O)C2(ON(=O)(=O)),-9.504680078571255,-8.555846
CC1(C)C(OO)(C(=O)(OON(=O)(=O)))CC1(OO)CC(=O),-7.0430714851081575,-7.280454
C(=O)(N(=O)(=O))C1OC1C(OO)(C)C(O)(N(=O)(=O))C(=O)(O),-8.75402564203614,-8.15673
C(ON(=O)(=O))C(=O)C1(O)OC1C(OO)C(=O)(OON(=O)(=O)),-5.170161138457843,-6.273653
CC(=O)CC(OO)(C(=O)(OO))C(=O)C,-8.169523041575303,-5.8343644
C1C(=O)C(O)(C)C(ON(=O)(=O))CC1(ON(=O)(=O))C(=O)C,-6.191920870684044,-5.940433
C1(O)(O)COOC1(OO)C(ON(=O)(=O))C(=O)C(=O)(OON(=O)(=O)),-6.93912846494095,-5.855884
C1(=O)C(OO)C(OO)OOC(=O)C1(ON(=O)(=O)),-7.190115584171508,-5.523615
C(ON(=O)(=O))C(ON(=O)(=O))CC(O)CC(=O)CC(=O)(OO),-8.801431804913591,-9.812314
C(=O)(O)C(O)C(O)C(=O)C(=O)(OO),-8.630025681510233,-9.506993
C(=O)C(=O)OC(=O)C(OO)=CC(=O)C(=O),-5.044407901228624,-5.0368457
C(ON(=O)(=O))C(=O)C(=O)C(N(=O)(=O))(OO)OC(=O)C(=O),-4.607005381487397,-4.0114193
C(=O)(OO)C(=O)C(=O)OC(=O)C(=O),-3.858291162408932,-3.242138
C(=O)(OO)C(N(=O)(=O))C(=O)C1OC1(O)C(=O)(OO),-7.411317781467005,-5.5621467
C1(OO)OOC(C(O))(C(=O)(O))C=CC1(=O),-9.08045471805599,-10.173629
C1(=O)C(O)(N(=O)(=O))C(OO)C(=O)OOC1(OO)C,-7.293529998580198,-7.348743
C(=O)C(OO)C1(C(=O)(O))OC1C(=O),-7.19013499004177,-7.529769
C(=O)(O)C(=O)C,-2.687831543118591,-1.629117
C1OC1(OO)C(=O)C,-1.290912583233876,-2.3300326
C1(=O)C(=O)OOC1(O)C(ON(=O)(=O))C(ON(=O)(=O))(C)C(=O)(OO),-7.1347044010944956,-5.594783
CCC(OO)CCC(OO)CC(ON(=O)(=O)),-6.337861258913108,-6.2869835
C(=O)(OO)C1(ON(=O)(=O))OC1(C)C(=O)CC(=O),-4.619705873326893,-5.953124
CC(ON(=O)(=O))C(C)(C(OO))C(=O)C(=O)(OO),-6.615124596492024,-5.736581
C(ON(=O)(=O))C(C)(C(=O))C(C(=O))CC(=O),-3.928305309462303,-5.4877944
C(=O)(OON(=O)(=O))C1OOC(O)(C1(O)C(OO))C(ON(=O)(=O))C(=O),-8.053878949453065,-10.42437
C(=O)(O)C(=O)OOC(O)(C(ON(=O)(=O)))C(=O)(OO),-7.236691611309652,-7.940895
CC(=O)C(OO)C(O)(C1(O)(N(=O)(=O)))OOC1C(=O)(OO),-8.523184168141597,-12.7573395
C1(O)(N(=O)(=O))C(O)(C(=O)(N(=O)(=O)))OOC1C(OO)C(=O),-7.606932513108404,-6.991399
C(=O)(O)C(OO)C(ON(=O)(=O))(C(ON(=O)(=O)))C(=O),-7.378271417877841,-5.655582
C2(O)C(ON(=O)(=O))C(=O)C(O)(OO)C1(C(ON(=O)(=O)))OC12,-7.061899446909592,-8.70041
C(=O)(O)C(=O)OOC(=O)C(ON(=O)(=O))(C)C(=O)(OO),-6.849277950081159,-6.8974466
CC(O)C(ON(=O)(=O))CC(=O)C(ON(=O)(=O))C(=O)C(OO),-8.424463417621155,-8.003692
CC(ON(=O)(=O))CCCC(O)CC(OO)C(=O)C,-9.445663402166247,-8.607384
C(=O)(N(=O)(=O))C(O)OOC(=O)C(=O),-2.171372250037166,-3.2006207
C(=O)(OO)C1OC1(C)C(OO)=C(N(=O)(=O))C(=O),-8.648655816081373,-7.4395823
C(=O)(OON(=O)(=O))C(O)(O)C1OC1C(ON(=O)(=O))(C(=O))C(=O),-6.3902651999615045,-5.8284874
C1C(=O)C(ON(=O)(=O))(C)C(O)C(ON(=O)(=O))C1(OO)C(=O)C,-8.175079903787264,-6.0145473
C(=O)(OO)C1CC(ON(=O)(=O))(C1(C)C)C(OO)(C)C(=O),-7.703492728831407,-9.204329
C2(=O)C(O)C(OO)C(C1(O))OOC12C(OO),-10.840967556544456,-10.147921
C(=O)(OON(=O)(=O))C(ON(=O)(=O))C(C)(C(OO))C(O)C(=O),-6.028497622242867,-6.8714237
CC1(C)C(ON(=O)(=O))C(ON(=O)(=O))(C)C(O)C(=O)C1C(=O),-5.701527094650373,-6.754874
C(=O)(O)CC(N(=O)(=O))(OO)OC(=O)C(=O),-6.371493525768528,-5.4548545
C(=O)(O)C(O)(C(ON(=O)(=O)))C(OO)CC(=O)C(=O),-9.714673078164196,-9.41786
C(=O)(O)C(O)(O)C(OO)(C(OO))OC(=O),-11.137235360754858,-12.416981
C(=O)(O)C1OC1(OO)C(OO)C(=O)(OON(=O)(=O)),-5.415172662609621,-6.2647967
CC2(OO)C(O)CC(CC12)C1(C)C(ON(=O)(=O)),-7.082746390440661,-6.332936
CC(ON(=O)(=O))(C(OO))C(C(=O))C(=O)C(ON(=O)(=O))C(OO),-6.890202583464998,-9.39035
C12(O)OOC(OO)(C1(O))C(OO)C(OO)C2(ON(=O)(=O)),-10.37541198384497,-11.993291
C(OO)C(=O)C(=O)C(O)C1OC1C(=O),-6.634817741432926,-7.494165
C1(N(=O)(=O))(ON(=O)(=O))OC1(O)C(C(=O)(O))C(OO),-6.38825761807675,-6.415517
CC(=O)C(OO)(C)C(=O)C(OO),-8.23949581803845,-4.2426515
C(=O)(O)C(=O)OOC(C(=O))C(ON(=O)(=O))(C)C(=O),-4.641984917489026,-7.1228085
CC(=O)C1(OO)OC1C(ON(=O)(=O))C(=O)(O),-6.635423724999782,-7.3058662
C(OO)C1(C(=O)(OO))OC1(O)C(ON(=O)(=O))C(=O),-8.135727795002822,-5.942217
CCC(OO)CC(ON(=O)(=O))CC(=O)CC(ON(=O)(=O)),-7.5859187160021975,-6.6924887
C(=O)(O)C(=O)C(ON(=O)(=O))(C1(O)(O))OOC1C(=O)(OON(=O)(=O)),-5.576206029561945,-6.799728
C(O)C(=O)OOC(OO)(C(=O)(OON(=O)(=O)))C(=O)C(=O),-5.820983887990224,-5.239825
C(O)C1(ON(=O)(=O))OC1(OO)CC(=O),-6.053827496767553,-5.911226
C(=O)(O)C(ON(=O)(=O))(C(OO))C(=O)C(=O)OOC(=O),-7.4660694081794645,-5.885389
C(=O)(OON(=O)(=O))C1(O)OC1C(O)(OO)C(ON(=O)(=O))C(=O),-7.477901569196547,-8.281936
C1(O)COOC1(OO)C(ON(=O)(=O))C(=O),-7.088355848647552,-5.6158576
C(=O)(OON(=O)(=O))C(O)C(=O)OOC(OO)(C(=O))C(=O),-5.589014055018197,-6.7917466
CC(=O)C(=O)CC(=O)CC(OO)CC(ON(=O)(=O))C,-7.311973402038348,-7.2178683
C(=O)(OO)CC1(C)OC1C(=O),-5.237664707272415,-5.253171
C(=O)C(=O)C(O)C(OO)(C(=O))C(=O),-6.416633466777057,-4.456504
CC(OO)(C)C(O)(C(=O)(OON(=O)(=O)))CC(=O)CC(=O),-7.122001980138521,-6.791975
C(ON(=O)(=O))C(=O)OC(OO)C(ON(=O)(=O))C(=O)(OO),-7.1834547219768865,-6.7778726
CC(=O)C(OO)(C(OO)(C)C)C(ON(=O)(=O))C(=O),-7.084119053643008,-7.4311733
C(=O)(O)C=CC(OO)(C)OC(=O),-7.119356780056478,-6.2039356
CC(=O)C(ON(=O)(=O))C1(OO)OC1(OO)C(=O)(O),-7.564269123464328,-8.305679
C(ON(=O)(=O))C12OC1C=CC(=O)C2(O)(O),-5.525259691212341,-4.9173546
C(=O)(OO)C1(ON(=O)(=O))OC1(C)C(ON(=O)(=O))C(=O)C(=O),-4.353523088442671,-5.066717
CC(ON(=O)(=O))(C)C(OO)(C(=O)(OON(=O)(=O)))C(OO)C(=O)C,-6.7186225478781125,-5.446104
CC(=O)C(C(=O))C(C)(C(ON(=O)(=O)))C(OO)C(=O),-5.824211662475136,-6.466091
C(OO)C(=O)C(OO)C(C)(C)C(O)C(=O)(OON(=O)(=O)),-7.325262854959874,-7.147758
C1(=O)C(=O)OOC1(C)C(ON(=O)(=O))C(O)C(=O)(OON(=O)(=O)),-4.585808034686124,-4.4970813
C(=O)(O)C(O)C(=O)C(=O)OC(OO)C(=O)C(ON(=O)(=O)),-7.488477118427909,-8.600111
C(=O)(OO)C(OO)C(O)C1OC1(C)C(=O)(OON(=O)(=O)),-6.995794886754084,-5.89565
C(=O)C(ON(=O)(=O))C(OO)(C(=O))C(=O)C(=O)C(=O),-4.165623172688356,-4.467641
C(=O)(OO)C(ON(=O)(=O))C(ON(=O)(=O))(C)C(C(=O)(O))C(=O),-6.526399084683362,-5.6137757
CC(=O)C(ON(=O)(=O))(C(O))CC(=O),-4.473192833571375,-4.9165754
C(=O)(OON(=O)(=O))C(=O)C(O)(O)C(OO)C(=O)(OON(=O)(=O)),-6.957238812876312,-4.878264
C(=O)(O)C(=O)CC(C(OO)(C)C)C(OO)(C)C(=O),-9.141774117988462,-11.669848
CC1(C)C(OO)(C(O)(C)C(=O)(O))CC1C(=O)(OO),-9.870532515473315,-11.865512
C(ON(=O)(=O))CC(=O)CC(O)CCC(=O),-6.314818274660865,-6.771817
C(=O)CC(ON(=O)(=O))CC(=O),-2.444625893904231,-3.216182
C(=O)(O)C(=O)C1(O)OC1C(OO)C(ON(=O)(=O))C(=O)(OO),-7.9995217949544895,-12.037466
C(=O)(OO)C=CC(C(=O)(O))(C(OO))OOC(=O),-8.848687365154547,-11.454316
C(O)C(=O)C1(O)OC1(N(=O)(=O))C(=O)C(=O),-7.298798126932525,-5.8760076
C1(=O)C(OO)C(ON(=O)(=O))C(=O)OOC1(ON(=O)(=O))C(=O)(OO),-6.447054079233567,-6.354711
C(OO)C(=O)C(C(ON(=O)(=O)))CC(=O)(OO),-7.708977105936356,-8.410191
C(=O)(O)C(=O)OOC(O)(C(=O))C(=O)C(=O),-6.967927406225499,-6.9869123
CC(O)CC(=O)C(ON(=O)(=O))CC(=O)CC(=O)(O),-8.770166648188024,-9.576124
C(O)CC(O)C(=O)CC(=O)C(O),-8.056745043808405,-9.532174
CC(=O)C(ON(=O)(=O))CC1C(OO)C(=O)C1(C)C,-6.378682420925543,-5.4135103
C(=O)(OON(=O)(=O))C1OC1(C(=O)(OO))C=CC(=O),-5.466581038503136,-5.049508
CC(OO)(C(=O)(N(=O)(=O)))OC(=O)C(O)C(OO)C(=O)(O),-6.932374259096832,-9.964445
CC(OO)(C(=O)(OON(=O)(=O)))C(=O)C(C)(C)CC(=O)(OON(=O)(=O)),-5.056987873624166,-4.6517076
C(=O)(OO)C(O)C(=O)C(ON(=O)(=O))(C(=O))OC(=O),-7.318431126423093,-4.8225093
C12OOC(ON(=O)(=O))(C1(O)C)C(=O)C(OO)C2(=O),-6.0535090945504635,-4.53692
CC(=O)C(=O)OOC(C(=O)(OO))C(N(=O)(=O))C(=O)(O),-7.20551563022309,-8.2717705
C2(OO)C=CC(C1(O))OOC12C(=O)(OO),-8.220970511263658,-9.160082
C(=O)(N(=O)(=O))C1OC1C(=O)(O),-4.39198711356039,-3.678465
C(OO)C12OOC(C2(O)(OO))C=CC1(ON(=O)(=O)),-8.529809273990395,-6.49482
CC(=O)C(C(=O))C(ON(=O)(=O))(C)C(OO)CC(=O),-6.407934498900431,-8.086406
C(=O)(OON(=O)(=O))C1(O)OC1C=CC(=O)(OON(=O)(=O)),-4.460976592970837,-3.472294
C(O)C(OO)(C(=O)(OO))C1OOC(N(=O)(=O))(C1(O)(O))C(=O),-12.244014288589824,-12.805362
CC(=O)C(C(ON(=O)(=O))(C)C)C(OO)C(=O)CC(=O)(O),-8.297500536582447,-9.425797
C(ON(=O)(=O))C(=O)C=CC(=O)OC(OO)C(=O)(OON(=O)(=O)),-6.318513572008669,-6.03988
C(=O)(OON(=O)(=O))C1(OO)OC1C(O)(O)C(=O)C(=O),-5.979073770762625,-6.7944846
C2(O)C(ON(=O)(=O))C(OO)C1OOC2(O)C1(O),-10.37541198384497,-9.08471
CC(=O)C(OO)(C(O))C(ON(=O)(=O))(C(ON(=O)(=O)))C(=O),-7.506851401536551,-7.460332
CC(=O)C(C(O)(C)C)CC(=O)C(OO),-7.451784390587818,-7.145354
C12OC1C(O)(OO)C(ON(=O)(=O))C(=O)C2(O)(O),-8.09003999675042,-7.5506706
C(O)C(=O)OC(=O)C(OO)C(O)C(=O),-7.8358253560254525,-8.672823
C(ON(=O)(=O))C(=O)C(OO)(C(=O)C(=O)(OON(=O)(=O)))OOC(=O),-4.358889582408665,-4.0790663
C(=O)(OO)C(ON(=O)(=O))C(OO)(C(=O)(OON(=O)(=O)))C1OC1C(=O),-6.774113914883856,-5.963167
C(=O)(OON(=O)(=O))C1(ON(=O)(=O))OC1(OO)C(OO)=CC(=O),-6.039578313839229,-7.141164
C(OO)C(=O)CC(=O)C(OO)(C)C(=O),-7.527375569063224,-6.319482
C(=O)(O)C=CC(=O)(OON(=O)(=O)),-3.0250035233057133,-1.913925
CC(ON(=O)(=O))(C(=O)(OO))C(ON(=O)(=O))C(C)(C)C(=O)C(=O)(OO),-7.151696610166255,-5.4406867
CC(ON(=O)(=O))C(ON(=O)(=O))CC(O)CC(=O)CC(=O)C(O),-9.244792496519949,-10.666387
CC(=O)C(OO)CC(=O)CCC(ON(=O)(=O))C(OO)C,-8.670657747663427,-9.4154215
C(OO)C(=O)C(C)(C)C(C(=O)(OO))CC(=O)(OON(=O)(=O)),-7.89687320648045,-7.528572
C(=O)(OON(=O)(=O))C(OO)=C(OO)C1OC1C(=O),-7.131974541129239,-6.3129463
C1(O)C(ON(=O)(=O))(C)OOC1(O)C(ON(=O)(=O))C(=O)(O),-6.828742870633505,-8.034524
CC(=O)C(=O)OC(OO)C(N(=O)(=O))C(=O)C(=O)(OO),-7.20551563022309,-7.536487
C1(O)(O)C(ON(=O)(=O))(C(=O)(OO))OOC1(C)C(=O)C(=O),-7.997059976034507,-6.8288555
C(=O)(O)C(ON(=O)(=O))C(O)(C)C1(N(=O)(=O))OC1(O)C(=O),-7.415687760572837,-9.301981
C(=O)(OO)C(ON(=O)(=O))C(OO)(C)OC(=O)C(=O)(OO),-7.076396315329475,-8.653285
C1(O)C(ON(=O)(=O))OOC1(C(=O)(OON(=O)(=O)))C(O)C(=O),-6.135765955064926,-7.212451
CC(OO)C(C)(C(=O)(OON(=O)(=O)))C(C(=O))C(=O)C,-4.432882307915861,-6.148494
C(=O)(O)C(O)C(ON(=O)(=O))(C(=O))C1OC1(O)C(=O),-7.343380006703228,-7.0107193
C(=O)(O)C1(C(=O))OC1C(N(=O)(=O))=C(OO)C(=O),-9.345506715200827,-9.608794
C(=O)(O)C(OO)OC(=O)C(OO)C(ON(=O)(=O)),-7.946911153512701,-7.696153
C1(OO)OC1C(ON(=O)(=O))(C(O))C(N(=O)(=O))(OO)C(=O)(O),-8.808609877494746,-9.754837
C(=O)(O)C(OO)C1(C)OOC(ON(=O)(=O))(C1(=O))C(=O)(OO),-7.47690315141881,-8.253645
CC(=O)C(C(OO)C(=O)(OON(=O)(=O)))C(ON(=O)(=O))C(=O),-4.526896418434262,-5.0540776
C1(=O)C(=O)C(O)C(OO)C=C1C,-5.808830868061705,-7.5877795
CC(OO)(C1(O))C(ON(=O)(=O))C(C2(=O))OOC12,-6.955440503594218,-5.9044304
C(=O)(OO)C(=O)C(O)(ON(=O)(=O))C(=O)C(=O)C(=O),-6.641047753342718,-7.1158185
CC(=O)C(O)C(ON(=O)(=O))C1(OO)OC1C(=O)(OON(=O)(=O)),-5.532054564842838,-6.510701
C(=O)(O)C(O)(O)C(=O)OC(OO)C(=O)(O),-9.832643621197349,-11.122508
CC(=O)C(O)C(OO)C1(ON(=O)(=O))OC1(OO)C(=O),-6.618556476953017,-7.395876
CC(=O)C(ON(=O)(=O))C1OOC(OO)(C1(O)(OO))C(=O)(O),-8.283365264092936,-9.99635
C(=O)(OON(=O)(=O))C1(O)OC1(N(=O)(=O))C=C(C(=O)(O))C(=O),-6.903360334710669,-8.096262
C1(=O)CC(ON(=O)(=O))CC(OO)C1(ON(=O)(=O))C(=O)(OO),-6.839133176563337,-5.3644404
C(OO)C(ON(=O)(=O))(C(=O))C(O)C(=O)C(=O)C(=O),-6.713404977606842,-5.8318458
C1(O)(N(=O)(=O))C(O)(C(=O)(O))OOC1C(ON(=O)(=O))(C(O))C(=O),-9.041547788696334,-11.858758
C(=O)(OO)C(O)(N(=O)(=O))C(=O)C(O)(C)C(=O),-7.0942306824545085,-8.240547
C(=O)(O)C(=O)C(=O)C(ON(=O)(=O))C(=O),-4.750581689579121,-4.0118775
CC1(C(=O)(OO))OC1(N(=O)(=O))C(=O)CC(=O)(OO),-6.593204073888046,-7.937163
C(=O)(OON(=O)(=O))C(O)C(OO)(C(=O))C1OC1(OO)C(=O),-7.132113533207303,-7.6683865
CC(ON(=O)(=O))C(OO)CC(=O)CC(O)CCC(ON(=O)(=O)),-9.778888378941701,-10.188687
CC1(C(=O)(OON(=O)(=O)))OOC(N(=O)(=O))(C1(O)(O))C(OO)C(=O),-8.217244230007054,-8.571704
CC(=O)C(=O)C(=O)C(=O)CC(OO)C(ON(=O)(=O))(C)C,-6.373204538438586,-6.010795
CC(ON(=O)(=O))CCCCC(OO)CCC(O),-7.587745376622479,-7.729006
CC(OO)C(=O)C(O)(N(=O)(=O))C(=O)OOC(=O),-6.468687565309665,-5.417267
C1(O)(O)COOC1(OO)C(OO)C(=O),-8.454646964533822,-8.101857
CC12OOC(C1(O))C(ON(=O)(=O))C(O)C2(=O),-5.650006537496665,-7.4574423
CC(ON(=O)(=O))CCC(O)C(OO)C(ON(=O)(=O)),-7.72983715976261,-6.920254
C12C=CC(ON(=O)(=O))C(OO)(C1(O)C(OO))OO2,-8.394606229892815,-7.414917
C(=O)(O)C(C(=O)(OON(=O)(=O)))OOC(=O)C(=O)C,-3.7933961907965568,-5.331613
C(=O)(O)C1(OO)OC1(OO)C(OO)C(=O),-8.608669679832019,-8.799433
CC(OO)(C(=O)(O))C(ON(=O)(=O))(C(OO))CC(=O),-7.964949697639895,-10.718468
C(=O)(O)C(C(OO))C1OC1C(=O)(OON(=O)(=O)),-6.9765371041612525,-6.372015
CC(ON(=O)(=O))CCC(=O)C(ON(=O)(=O))CC(O),-6.9497371638753975,-5.489584
C(=O)(O)C(=O)C(O)C(ON(=O)(=O))C(OO)OC(=O),-7.887398108436173,-8.486218
C1(O)C(=O)OOC1(O)C(=O)C(ON(=O)(=O))C(=O)(OON(=O)(=O)),-5.939276723305738,-4.5981665
CC(=O)C(=O)CC(=O)CC(O)CC(ON(=O)(=O))C(OO),-8.4166662053849,-9.957251
C1(O)(O)C(=O)OOC1(N(=O)(=O))C(O)(C)C(=O),-8.232410276728842,-4.273358
CC(=O),1.180652506340266,1.8421375
CC(=O)C(ON(=O)(=O))C(=O)C(OO)OC(=O)C(=O),-4.846329904945378,-4.9659004
C1(O)(OO)C(C(=O)(O))OOC1(C(ON(=O)(=O)))C(OO)C(=O),-9.613030447260826,-9.71016
C1C(=O)C(=O)C(=O)OOC1(O)C(=O)(O),-7.002764854234556,-6.5070143
CC(ON(=O)(=O))C(C)(C)C(OO)(C(=O))C(=O)C,-5.1856259070737,-4.5367637
C(=O)(O)C(=O)C(=O)C(O)C(ON(=O)(=O))C(=O),-6.720796010964477,-5.8956256
C(=O)(OO)C(ON(=O)(=O))(OO)C(=O)C1OC1(C(=O))C,-7.479312101833784,-6.318975
CC(ON(=O)(=O))CCCCC(=O)C(=O)CC(=O)(OON(=O)(=O)),-5.287580796104521,-5.032803
C(ON(=O)(=O))C(C(=O)(OO))C1OC1(ON(=O)(=O))C(=O),-4.933748061235747,-4.413554
C(ON(=O)(=O))C(=O)C(=O)C(=O)C(O)C(ON(=O)(=O))OC(=O),-5.362264609209888,-4.45883
CC(=O)C(OO)OC(=O)C(ON(=O)(=O))C(=O)C(=O)(O),-7.021251291751469,-6.827822
CC(=O)C(O)C(ON(=O)(=O))C(ON(=O)(=O)),-5.348197133811482,-3.78221
CC(O)C(=O)CC(=O)CCC(ON(=O)(=O)),-6.828695563830479,-5.8092313
C(=O)C(=O)OC(OO)C(ON(=O)(=O))(C(O))C(O)C(=O),-8.755763276425569,-9.624153
C(O)(N(=O)(=O))C(=O)C(OO)OC(=O)C(=O)C(ON(=O)(=O)),-6.330750662144055,-7.2624087
C(=O)(OO)C(OO)C(C)(C)C(C(=O)(OON(=O)(=O)))CC(=O),-6.8410682364337845,-6.0141945
C(=O)(N(=O)(=O))C1(O)OC1(C)C(O)C(ON(=O)(=O))C(=O)(OO),-7.59657232733116,-8.004625
C(=O)C(ON(=O)(=O))C(=O)C1(O)OC1(OO)C(=O),-7.9995217949544895,-4.089034
C(=O)(O)C1OC1C(ON(=O)(=O))C(OO)(C(OO))C(=O)(OO),-9.776098164726136,-9.060011
CC1(C)C(OO)CC1(ON(=O)(=O))C(O)(C)C(=O)(OO),-7.646575455220955,-5.6467037
C(=O)(OO)C(ON(=O)(=O))C(O)(OO)C(=O)(OO),-8.457687003301544,-7.4938035
C(O)C(=O)CC(=O)C(ON(=O)(=O))CC(=O)C(OO),-7.9777309555192915,-8.880077
C(=O)C(O)C(O)C(OO)OC(=O),-8.630025681510233,-7.420544
CC(=O)C(OO)C(OO)C(ON(=O)(=O))C(=O)C(ON(=O)(=O)),-7.055663172428467,-6.9014106
C1(O)(OO)C(ON(=O)(=O))OOC1C(=O)(OON(=O)(=O)),-5.4389584282052965,-3.898922
C1(O)(O)C(C)OOC1C(=O)C(=O)(OO),-7.703263955359944,-6.81831
CC(O)CC(ON(=O)(=O))C(OO)CC(OO)CCC,-7.683159212321698,-8.776544
CC(=O)C(OO)C1(O)OC1(N(=O)(=O))C(=O)(O),-7.798476451724127,-8.65744
C(=O)(O)CCC(=O)CC(ON(=O)(=O)),-6.80202797273887,-5.393845
C(O)CC(O)C(OO)C(=O)CC(ON(=O)(=O)),-9.509716723259771,-9.204519
C(=O)C(=O)C(ON(=O)(=O))C(=O)C(O)(O)C(ON(=O)(=O))C(=O),-6.88738154895691,-5.91593
C(=O)(O)C(=O)C(OO)C(ON(=O)(=O))(C(=O))OOC(=O),-6.641047753342718,-5.4156985
C(=O)(OO)C(ON(=O)(=O))C(OO)C1OC1C(=O)C(=O)(OO),-8.442281647417985,-10.502061
C(ON(=O)(=O))C1(OO)OC1C(O)C(=O),-6.157622116281345,-5.734976
C(=O)(OON(=O)(=O))C(ON(=O)(=O))(C(=O))C(C)(C)C(O)CC(=O),-5.720165266753611,-6.6678634
C(=O)(N(=O)(=O))C1(O)OC1C(=O)(O),-6.3457760204073566,-4.9753284
C(=O)(OO)C=CC1(C(=O)(OON(=O)(=O)))OC1C(=O)(N(=O)(=O)),-6.098769836946303,-6.0147862
C(=O)(O)C1(C(ON(=O)(=O)))OC1C=CC(=O)(OO),-8.792222977264828,-8.382158
CC(OO)(C)C(=O)CC(=O)C(OO)(C)C(=O)(OON(=O)(=O)),-7.3476525877194945,-5.824399
CC(=O)C(OO)C1(O)OOC(ON(=O)(=O))(C1(O))C(=O),-6.970207396898331,-3.1475031
CC(=O)C(ON(=O)(=O))C(C)(C)C(OO)C(=O),-5.163670654881571,-5.306079
C(=O)(N(=O)(=O))C(=O)C(=O)OC(OO)(C)C(=O)(OON(=O)(=O)),-4.009395848965141,-2.6643414
C(=O)(O)C(OO)C(O)(OO)C(=O)C(=O),-8.519154339892339,-8.453146
C1(=O)OC1CC(=O)C(=O)C(=O)C(OO),-4.813435287975153,-5.6151285
CC(ON(=O)(=O))(C(=O))C(OO)C(C)(C)C(=O),-5.163670654881571,-5.7959914
CC(OO)(C(O))C(C(=O)(OON(=O)(=O)))CC(=O)(O),-8.055982666142881,-8.38456
CC(=O)CC(=O)CC(ON(=O)(=O))C(OO)C(=O)(OO),-7.778784220690795,-6.8595266
CCC(=O)CC(ON(=O)(=O))C(=O)CC(=O)CC(ON(=O)(=O)),-4.92944148659808,-6.5455756
C(=O)(OO)C1OC1(O)C(O)(N(=O)(=O))C(ON(=O)(=O))C(=O),-7.902561960134335,-6.876778
C(=O)(O)C(N(=O)(=O))=CC(=O)(O),-6.182921993984564,-4.4498024
C1(O)C(ON(=O)(=O))(C(=O)(OO))OOC1(C)C(O)C(=O),-7.47690315141881,-7.0812597
C(ON(=O)(=O))C(=O)C(C)(C(OO))C(=O)C(=O),-5.563344040880111,-5.212182
CC(=O)C(ON(=O)(=O))C1OOC(O)(C1(O))C(=O)(O),-8.14063647135481,-9.5543
C(O)C(OO)C(OO)(C)C(=O)CC(=O),-10.195514975726837,-9.1453905
C(OO)C(=O)C1CC(OO)(C1(C)C)C(=O)C(=O),-7.727607984181304,-7.1765013
C1(=O)C(OO)C(O)(C)C(=O)OOC1(O)C(=O)(OON(=O)(=O)),-6.401482922061405,-6.123178
C(=O)(OON(=O)(=O))C(ON(=O)(=O))C(=O)C(O)(C(=O)(OO))C(=O),-6.176892884688641,-3.2080758
C(=O)(OON(=O)(=O))C(OO)=C(OO)C(=O),-5.9897293243448075,-3.5720944
C(OO)C(=O)C(=O)C(O)C(ON(=O)(=O))OC(=O),-6.962061040358094,-6.1651297
CCCC(O)CC(ON(=O)(=O))C(=O)CC(O)C,-6.902882034835784,-6.8362045
CC(=O)CC(ON(=O)(=O))C(O)CC(OO)C(ON(=O)(=O))CC,-8.503329224906338,-8.8441515
C(=O)(OON(=O)(=O))C(ON(=O)(=O))C1(OO)OOC(OO)(C1(O))C(=O),-6.323493651651006,-7.1150684
C1(=O)C(O)C(ON(=O)(=O))C2OOC1(N(=O)(=O))C2(O)(OO),-6.275276762929934,-6.2864833
C(=O)(O)C1OOC(OO)C=C(C1(OO))C(=O),-8.634023505250298,-10.768699
C(=O)C(=O)C(=O)C(O)C(O)(ON(=O)(=O))C(OO)C(=O),-7.778508200484794,-7.4353085
CC(OO)C(ON(=O)(=O))CC(=O)C(OO)C(=O),-7.497240372076703,-8.015675
C(=O)(OO)C(N(=O)(=O))C(=O)C(=O)C(=O)C,-4.784293819935556,-3.894084
C(=O)(O)C(O)C(ON(=O)(=O))C(OO)(C(=O)(OO))OC(=O),-7.189599136732795,-9.607565
C(=O)(O)CC(ON(=O)(=O))C(O)(C(=O)(O))OOC(=O),-7.468054319906514,-8.94411
CC(=O)CC(ON(=O)(=O))C(=O)C(=O)C(OO)CC(=O)C,-6.152758274647567,-8.5247755
C(=O)(O)C(ON(=O)(=O))C1(C)OOC(C1(O))C(=O)(OON(=O)(=O)),-6.0464424673537,-7.459718
C(ON(=O)(=O))C(ON(=O)(=O))C(C)(C)C(OO)(C(=O)(OO))C(=O)C,-6.852658210300433,-5.6123366
C(ON(=O)(=O))C(=O)C(OO)C(O)(N(=O)(=O))C(=O)OC(=O),-6.9832628191725235,-6.4933176
CC1(OO)C(ON(=O)(=O))C(O)C(O)(C2(O))OOC12,-9.90246070352805,-10.401321
CC(=O)C(ON(=O)(=O))C(OO)OC(=O)C(=O),-4.846329904945378,-4.3125095
C(ON(=O)(=O))CC(=O)CCC(O)CCC(=O)(OON(=O)(=O)),-6.920782299794155,-7.2859993
C1(O)C(ON(=O)(=O))OOC1C(ON(=O)(=O))C(=O)C(OO),-6.750923206927837,-7.72107
C(=O)C(=O)OC(OO)C(ON(=O)(=O))(C(ON(=O)(=O)))C(O)C(=O),-7.0895386762695125,-8.073337
C(=O)(OO)C(=O)OC(=O)C(ON(=O)(=O))(C)C(OO)C(=O),-6.849277950081159,-7.0775747
CC(=O)C(=O)CC(OO)C(ON(=O)(=O))(C)C,-6.373204538438586,-4.7838593
CC(=O)C(ON(=O)(=O))(C(=O)(O))C(C)(C)C(=O),-5.290324192041226,-5.19101
C(O)C(=O)C(=O)C(O)C(N(=O)(=O))(ON(=O)(=O))OC(=O),-7.18968172458699,-5.1247854
C(=O)(O)C(O)(N(=O)(=O))C(OO)C1OC1C(=O)(O),-9.340147737759253,-10.705544
C(=O)(O)C(=O)C(OO)=CC(=O)OC(=O)C(=O),-7.405491128729409,-7.917419
CC(=O)OOC(C(N(=O)(=O))(ON(=O)(=O)))C(=O)(OO),-4.229499102466434,-5.761621
C(=O)CC(=O)C1(O)OC1(O)C(=O),-7.588659882965658,-2.0439277
CC(=O)C(=O)OC(N(=O)(=O))(OO)CC(=O)(O),-7.41287754573932,-5.893671
CC(=O)CC(OO)C(=O)CC(ON(=O)(=O))CCC(=O)(O),-8.61061101874111,-10.453888
CC1(C(=O)(OON(=O)(=O)))OOC(O)(C1(O)(N(=O)(=O)))C(O)C(=O),-7.6800071037287125,-5.433123
CC(ON(=O)(=O))(C(=O)(OON(=O)(=O)))C(O)(C(=O)(O))CC(=O),-6.269255816454461,-7.0119514
CC(ON(=O)(=O))(C)C(C(=O)C(ON(=O)(=O)))CC(=O)C(OO)C(=O)(OO),-8.247587172721978,-9.379686
CC(OO)(C)OOC(O)(C(=O)C)CC(=O)(OON(=O)(=O)),-7.115165545470518,-5.732615
C1(=O)C=CC(OO)(C(O))OOC1(N(=O)(=O))C(=O)(O),-9.08413180565367,-9.709527
C(=O)(O)C(ON(=O)(=O))(C(=O)(OON(=O)(=O)))C(O)C(=O)OC(=O),-6.05872544099293,-5.2510805
C(=O)(O)C(=O)OC(O)(C(=O)(OO))C(=O),-7.096346250711576,-6.4432664
C(=O)(O)C1OC1(C(OO))C(=O)C(O)C(=O),-7.194634634595786,-8.703926
C1(O)C2OOC1(C)C(OO)C(O)C2(=O),-8.73421027871882,-9.753624
C(=O)(OON(=O)(=O))C1OC1(N(=O)(=O))C(O)(OO)C(OO)(C)C(=O),-9.080482869725529,-9.071294
C1(O)C(=O)OOC1C(ON(=O)(=O))C(O)(C)C(=O),-7.005455424558022,-6.0519404
C1(=O)C2(OO)OOC1C(OO)C(=O)C2(ON(=O)(=O)),-6.661586614951375,-5.1834903
C(O)C(=O)CC(=O)CC(ON(=O)(=O))CC(OO),-9.019669187917316,-8.844088
C(=O)(OON(=O)(=O))C=CC(C(=O)(O))(C(OO))OOC(=O),-7.104504849030491,-7.4368
C2(ON(=O)(=O))C(OO)C(OO)C(C1(=O))OOC12C(=O)(OON(=O)(=O)),-6.504384202129586,-7.2692957
CC(ON(=O)(=O))(C(O))C(C(=O)C(O))CC(=O)C(=O),-8.504308251409384,-8.286147
CC2(O)C(ON(=O)(=O))CC(CC12)C1(C)C(ON(=O)(=O)),-5.494083506328025,-5.4359655
C(=O)(O)C1(O)COOC1C(ON(=O)(=O))C(=O)(OON(=O)(=O)),-5.675342174607067,-5.1258826
C(=O)(OO)C(=O)C(=O)OC(OO)CC(=O)(OON(=O)(=O)),-5.905548903305316,-5.9194193
CC(OO)C(C)(C)C(OO)C(=O)(OO),-5.9881014762013365,-7.892563
CC(ON(=O)(=O))CCC(O)CC(=O)CC(=O)(OON(=O)(=O)),-7.146413093101728,-7.054053
C1(=O)C(ON(=O)(=O))OOC1C(=O)C(=O)C(OO),-4.169740789107891,-4.277957
C1(O)(O)C(ON(=O)(=O))OOC1(C(=O)(OO))C(=O)C(=O),-8.437880435163606,-5.2424364
CC(=O)C(C(ON(=O)(=O)))C(OO)(C)C(ON(=O)(=O))C(OO),-7.676146608177078,-8.415927
C1(ON(=O)(=O))C(OO)=CC(=O)OOC1C(=O)C,-5.783387915667845,-7.049059
C(=O)(OO)C(=O)OC(=O)C(O)(C(ON(=O)(=O)))C(=O)C(=O),-6.234171657339175,-6.4881897
CC(=O)C1CC(C(ON(=O)(=O)))C1(O)C(OO),-7.120356255843944,-6.840639
CC(=O)C1(OO)C(OO)CC1(C)C,-6.129600754660714,-5.272046
CC(=O)C(=O)OOC(ON(=O)(=O))(C(=O)(OO))C(O)C(=O)(OON(=O)(=O)),-6.0380817082150315,-5.171882
C(O)C(=O)C(O)C(OO)C(=O)(N(=O)(=O)),-6.0870235350994335,-7.645191
C(=O)(O)C(O)(C(=O))C(OO)OC(=O)C(=O),-8.649939062852354,-8.622306
CC(=O)C(C(OO)C(=O)(O))C(ON(=O)(=O))(C)C(ON(=O)(=O)),-7.389772386468394,-7.6064014
C(OO)C1C(=O)C(=O)C(=O)OOC1C(=O)(OON(=O)(=O)),-4.571085851515818,-5.7461853
C(=O)(OO)C(O)(O)C1(OO)OC1(C)C(O)C(=O),-9.523461936758395,-11.077563
C(=O)(OO)C(O)(N(=O)(=O))C(=O)C1OC1C(=O)(OO),-8.032468579855049,-8.294693
C(=O)(O)C1OOC(O)(C1(O)(OO))C(ON(=O)(=O)),-7.602271112154995,-8.2800865
C(=O)(OO)C(=O)OC(OO)(C(=O))CC(=O)(O),-7.89433923586148,-10.052153
C(=O)(O)C(ON(=O)(=O))(C(=O))C(O)(O)C(=O)C(OO)C(=O),-9.017027858266374,-9.187372
C(=O)(N(=O)(=O))C1(O)OC1(C(OO))C=CC(=O)(O),-8.428487610435695,-10.08941
C(OO)C(=O)OC(O)C(OO)=CC(=O)(OON(=O)(=O)),-6.648024175108731,-8.560333
CC(=O)C(ON(=O)(=O))C(C)(C)C(=O)CC(=O),-4.408393429766875,-3.41565
C(=O)(O)C1(OO)OC1C(C(OO))=CC(=O),-9.92688769219967,-9.95049
