Aryl_halide_SMILES,Additive_SMILES,Base_SMILES,Ligand_SMILES,Yield
FC(F)(F)c1ccc(I)cc1,COC(=O)c1oncc1,CN(C)/C(N(C)C)=N\C(C)(C)C,CC(C)C(C=C(C(C)C)C=C1C(C)C)=C1C2=CC=CC=C2P(C(C)(C)C)C(C)(C)C,30.11809644
FC(F)(F)c1ccc(Br)cc1,C(N(Cc1ccccc1)c2oncc2)c3ccccc3,CN1CCCN2CCCN=C12,CC(C)C1=CC(C(C)C)=CC(C(C)C)=C1C2=C(P(C(C)(C)C)C(C)(C)C)C(OC)=CC=C2OC,31.88542104
COc1ccc(I)cc1,Cc1onc(c1)n2cccc2,CN(C)/C(N(C)C)=N\C(C)(C)C,CC(C)C1=CC(C(C)C)=CC(C(C)C)=C1C2=C(P(C3CCCCC3)C4CCCCC4)C=CC=C2,22.92734992
Ic1ccccn1,Cc1oncc1,CN1CCCN2CCCN=C12,CC(C)C1=CC(C(C)C)=CC(C(C)C)=C1C2=C(P(C3CCCCC3)C4CCCCC4)C=CC=C2,55.00354925
CCc1ccc(Br)cc1,o1cc2ccccc2n1,CN1CCCN2CCCN=C12,CC(C)C1=CC(C(C)C)=CC(C(C)C)=C1C2=C(P(C(C)(C)C)C(C)(C)C)C(OC)=CC=C2OC,16.32124134
FC(F)(F)c1ccc(Cl)cc1,COC(=O)c1cc(on1)c2occc2,CN(C)P(N(C)C)(N(C)C)=NP(N(C)C)(N(C)C)=NCC,CC(C)C1=CC(C(C)C)=CC(C(C)C)=C1C2=C(P(C(C)(C)C)C(C)(C)C)C(OC)=CC=C2OC,1.637827855
Clc1ccccn1,CCOC(=O)c1cnoc1C,CN(C)P(N(C)C)(N(C)C)=NP(N(C)C)(N(C)C)=NCC,CC(C1=C(C2=C(OC)C=CC(OC)=C2P(C34CC5CC(C4)CC(C5)C3)C67CC8CC(C7)CC(C8)C6)C(C(C)C)=CC(C(C)C)=C1)C,15.64688259
Ic1ccccn1,Cc1ccon1,CN(C)P(N(C)C)(N(C)C)=NP(N(C)C)(N(C)C)=NCC,CC(C1=C(C2=C(OC)C=CC(OC)=C2P(C34CC5CC(C4)CC(C5)C3)C67CC8CC(C7)CC(C8)C6)C(C(C)C)=CC(C(C)C)=C1)C,94.29690562
Ic1ccccn1,C(N(Cc1ccccc1)c2ccon2)c3ccccc3,CN1CCCN2CCCN=C12,CC(C)C1=CC(C(C)C)=CC(C(C)C)=C1C2=C(P(C3CCCCC3)C4CCCCC4)C=CC=C2,64.88423444
Clc1cccnc1,CCOC(=O)c1conc1,CN1CCCN2CCCN=C12,CC(C)C(C=C(C(C)C)C=C1C(C)C)=C1C2=CC=CC=C2P(C(C)(C)C)C(C)(C)C,30.05876834
COc1ccc(Cl)cc1,CCOC(=O)c1cnoc1C,CN(C)/C(N(C)C)=N\C(C)(C)C,CC(C)C1=CC(C(C)C)=CC(C(C)C)=C1C2=C(P(C(C)(C)C)C(C)(C)C)C(OC)=CC=C2OC,0.0
FC(F)(F)c1ccc(Br)cc1,o1cc(cn1)c2ccccc2,CN(C)P(N(C)C)(N(C)C)=NP(N(C)C)(N(C)C)=NCC,CC(C)C1=CC(C(C)C)=CC(C(C)C)=C1C2=C(P(C(C)(C)C)C(C)(C)C)C(OC)=CC=C2OC,13.23389373
CCc1ccc(Br)cc1,Fc1cccc(F)c1c2oncc2,CN(C)P(N(C)C)(N(C)C)=NP(N(C)C)(N(C)C)=NCC,CC(C)C(C=C(C(C)C)C=C1C(C)C)=C1C2=CC=CC=C2P(C(C)(C)C)C(C)(C)C,24.76005147
Clc1cccnc1,COC(=O)c1cc(on1)c2occc2,CN(C)P(N(C)C)(N(C)C)=NP(N(C)C)(N(C)C)=NCC,CC(C)C1=CC(C(C)C)=CC(C(C)C)=C1C2=C(P(C(C)(C)C)C(C)(C)C)C(OC)=CC=C2OC,0.970209889
FC(F)(F)c1ccc(Br)cc1,C(N(Cc1ccccc1)c2oncc2)c3ccccc3,CN(C)P(N(C)C)(N(C)C)=NP(N(C)C)(N(C)C)=NCC,CC(C1=C(C2=C(OC)C=CC(OC)=C2P(C34CC5CC(C4)CC(C5)C3)C67CC8CC(C7)CC(C8)C6)C(C(C)C)=CC(C(C)C)=C1)C,24.35604753
CCc1ccc(I)cc1,o1cc(cn1)c2ccccc2,CN1CCCN2CCCN=C12,CC(C)C1=CC(C(C)C)=CC(C(C)C)=C1C2=C(P(C3CCCCC3)C4CCCCC4)C=CC=C2,23.43579167
CCc1ccc(Cl)cc1,CCOC(=O)c1conc1,CN(C)P(N(C)C)(N(C)C)=NP(N(C)C)(N(C)C)=NCC,CC(C)C1=CC(C(C)C)=CC(C(C)C)=C1C2=C(P(C(C)(C)C)C(C)(C)C)C(OC)=CC=C2OC,9.606838288
FC(F)(F)c1ccc(Cl)cc1,o1ccc(n1)c2ccccc2,CN(C)P(N(C)C)(N(C)C)=NP(N(C)C)(N(C)C)=NCC,CC(C1=C(C2=C(OC)C=CC(OC)=C2P(C34CC5CC(C4)CC(C5)C3)C67CC8CC(C7)CC(C8)C6)C(C(C)C)=CC(C(C)C)=C1)C,5.298717423
CCc1ccc(I)cc1,Cc1onc(c1)n2cccc2,CN1CCCN2CCCN=C12,CC(C)C(C=C(C(C)C)C=C1C(C)C)=C1C2=CC=CC=C2P(C(C)(C)C)C(C)(C)C,72.58292155
FC(F)(F)c1ccc(Cl)cc1,o1nccc1c2ccccc2,CN(C)P(N(C)C)(N(C)C)=NP(N(C)C)(N(C)C)=NCC,CC(C)C1=CC(C(C)C)=CC(C(C)C)=C1C2=C(P(C3CCCCC3)C4CCCCC4)C=CC=C2,10.65781182
COc1ccc(I)cc1,Cc1oncc1,CN1CCCN2CCCN=C12,CC(C)C1=CC(C(C)C)=CC(C(C)C)=C1C2=C(P(C3CCCCC3)C4CCCCC4)C=CC=C2,8.039691846
Clc1ccccn1,Cc1oncc1,CN1CCCN2CCCN=C12,CC(C)C1=CC(C(C)C)=CC(C(C)C)=C1C2=C(P(C3CCCCC3)C4CCCCC4)C=CC=C2,26.31222578
Ic1ccccn1,Fc1cccc(F)c1c2oncc2,CN(C)/C(N(C)C)=N\C(C)(C)C,CC(C1=C(C2=C(OC)C=CC(OC)=C2P(C34CC5CC(C4)CC(C5)C3)C67CC8CC(C7)CC(C8)C6)C(C(C)C)=CC(C(C)C)=C1)C,53.5695113
FC(F)(F)c1ccc(Cl)cc1,COC(=O)c1oncc1,CN(C)/C(N(C)C)=N\C(C)(C)C,CC(C1=C(C2=C(OC)C=CC(OC)=C2P(C34CC5CC(C4)CC(C5)C3)C67CC8CC(C7)CC(C8)C6)C(C(C)C)=CC(C(C)C)=C1)C,0.432282788
COc1ccc(Br)cc1,CCOC(=O)c1cnoc1C,CN1CCCN2CCCN=C12,CC(C1=C(C2=C(OC)C=CC(OC)=C2P(C34CC5CC(C4)CC(C5)C3)C67CC8CC(C7)CC(C8)C6)C(C(C)C)=CC(C(C)C)=C1)C,24.41645938
CCc1ccc(Cl)cc1,o1cc(cn1)c2ccccc2,CN1CCCN2CCCN=C12,CC(C)C1=CC(C(C)C)=CC(C(C)C)=C1C2=C(P(C(C)(C)C)C(C)(C)C)C(OC)=CC=C2OC,7.805738503
CCc1ccc(Br)cc1,CCOC(=O)c1cc(C)on1,CN(C)/C(N(C)C)=N\C(C)(C)C,CC(C)C(C=C(C(C)C)C=C1C(C)C)=C1C2=CC=CC=C2P(C(C)(C)C)C(C)(C)C,72.63770939
FC(F)(F)c1ccc(I)cc1,COC(=O)c1oncc1,CN(C)P(N(C)C)(N(C)C)=NP(N(C)C)(N(C)C)=NCC,CC(C)C(C=C(C(C)C)C=C1C(C)C)=C1C2=CC=CC=C2P(C(C)(C)C)C(C)(C)C,11.81277895
Brc1ccccn1,o1ccc(n1)c2ccccc2,CN1CCCN2CCCN=C12,CC(C1=C(C2=C(OC)C=CC(OC)=C2P(C34CC5CC(C4)CC(C5)C3)C67CC8CC(C7)CC(C8)C6)C(C(C)C)=CC(C(C)C)=C1)C,92.89765441
COc1ccc(Br)cc1,Fc1cccc(F)c1c2oncc2,CN(C)/C(N(C)C)=N\C(C)(C)C,CC(C)C(C=C(C(C)C)C=C1C(C)C)=C1C2=CC=CC=C2P(C(C)(C)C)C(C)(C)C,34.88973455
COc1ccc(I)cc1,C(N(Cc1ccccc1)c2ccon2)c3ccccc3,CN(C)/C(N(C)C)=N\C(C)(C)C,CC(C)C(C=C(C(C)C)C=C1C(C)C)=C1C2=CC=CC=C2P(C(C)(C)C)C(C)(C)C,52.14546944
COc1ccc(Br)cc1,Cc1ccon1,CN(C)P(N(C)C)(N(C)C)=NP(N(C)C)(N(C)C)=NCC,CC(C1=C(C2=C(OC)C=CC(OC)=C2P(C34CC5CC(C4)CC(C5)C3)C67CC8CC(C7)CC(C8)C6)C(C(C)C)=CC(C(C)C)=C1)C,52.34346738
COc1ccc(Cl)cc1,Cc1oncc1,CN(C)P(N(C)C)(N(C)C)=NP(N(C)C)(N(C)C)=NCC,CC(C)C(C=C(C(C)C)C=C1C(C)C)=C1C2=CC=CC=C2P(C(C)(C)C)C(C)(C)C,2.579332416
COc1ccc(I)cc1,Cc1ccon1,CN(C)/C(N(C)C)=N\C(C)(C)C,CC(C)C1=CC(C(C)C)=CC(C(C)C)=C1C2=C(P(C3CCCCC3)C4CCCCC4)C=CC=C2,34.22871308
CCc1ccc(I)cc1,C(N(Cc1ccccc1)c2ccon2)c3ccccc3,CN(C)P(N(C)C)(N(C)C)=NP(N(C)C)(N(C)C)=NCC,CC(C)C(C=C(C(C)C)C=C1C(C)C)=C1C2=CC=CC=C2P(C(C)(C)C)C(C)(C)C,63.41514905
CCc1ccc(Cl)cc1,CCOC(=O)c1ccon1,CN1CCCN2CCCN=C12,CC(C)C1=CC(C(C)C)=CC(C(C)C)=C1C2=C(P(C3CCCCC3)C4CCCCC4)C=CC=C2,2.68757234
COc1ccc(Cl)cc1,COC(=O)c1oncc1,CN(C)/C(N(C)C)=N\C(C)(C)C,CC(C)C1=CC(C(C)C)=CC(C(C)C)=C1C2=C(P(C3CCCCC3)C4CCCCC4)C=CC=C2,0.0
Brc1ccccn1,o1nccc1c2ccccc2,CN1CCCN2CCCN=C12,CC(C)C(C=C(C(C)C)C=C1C(C)C)=C1C2=CC=CC=C2P(C(C)(C)C)C(C)(C)C,92.91423383
CCc1ccc(I)cc1,o1nccc1c2ccccc2,CN(C)P(N(C)C)(N(C)C)=NP(N(C)C)(N(C)C)=NCC,CC(C)C1=CC(C(C)C)=CC(C(C)C)=C1C2=C(P(C(C)(C)C)C(C)(C)C)C(OC)=CC=C2OC,23.2960789
COc1ccc(Br)cc1,o1ncc2ccccc12,CN(C)P(N(C)C)(N(C)C)=NP(N(C)C)(N(C)C)=NCC,CC(C)C(C=C(C(C)C)C=C1C(C)C)=C1C2=CC=CC=C2P(C(C)(C)C)C(C)(C)C,27.35092133
CCc1ccc(Cl)cc1,COC(=O)c1cc(on1)c2sccc2,CN(C)P(N(C)C)(N(C)C)=NP(N(C)C)(N(C)C)=NCC,CC(C)C1=CC(C(C)C)=CC(C(C)C)=C1C2=C(P(C(C)(C)C)C(C)(C)C)C(OC)=CC=C2OC,5.761815995
Brc1ccccn1,Cc1onc(C)c1,CN(C)/C(N(C)C)=N\C(C)(C)C,CC(C)C(C=C(C(C)C)C=C1C(C)C)=C1C2=CC=CC=C2P(C(C)(C)C)C(C)(C)C,65.93366748
FC(F)(F)c1ccc(I)cc1,C(N(Cc1ccccc1)c2oncc2)c3ccccc3,CN(C)/C(N(C)C)=N\C(C)(C)C,CC(C1=C(C2=C(OC)C=CC(OC)=C2P(C34CC5CC(C4)CC(C5)C3)C67CC8CC(C7)CC(C8)C6)C(C(C)C)=CC(C(C)C)=C1)C,36.14852387
Brc1cccnc1,o1ncc2ccccc12,CN(C)/C(N(C)C)=N\C(C)(C)C,CC(C1=C(C2=C(OC)C=CC(OC)=C2P(C34CC5CC(C4)CC(C5)C3)C67CC8CC(C7)CC(C8)C6)C(C(C)C)=CC(C(C)C)=C1)C,40.58293806
Ic1ccccn1,Cc1onc(C)c1,CN(C)P(N(C)C)(N(C)C)=NP(N(C)C)(N(C)C)=NCC,CC(C)C(C=C(C(C)C)C=C1C(C)C)=C1C2=CC=CC=C2P(C(C)(C)C)C(C)(C)C,70.35430221
FC(F)(F)c1ccc(Br)cc1,o1cc(cn1)c2ccccc2,CN(C)/C(N(C)C)=N\C(C)(C)C,CC(C)C(C=C(C(C)C)C=C1C(C)C)=C1C2=CC=CC=C2P(C(C)(C)C)C(C)(C)C,47.02427089
Clc1cccnc1,CCOC(=O)c1cnoc1C,CN(C)/C(N(C)C)=N\C(C)(C)C,CC(C)C1=CC(C(C)C)=CC(C(C)C)=C1C2=C(P(C(C)(C)C)C(C)(C)C)C(OC)=CC=C2OC,0.0
Ic1ccccn1,o1nccc1c2ccccc2,CN(C)P(N(C)C)(N(C)C)=NP(N(C)C)(N(C)C)=NCC,CC(C1=C(C2=C(OC)C=CC(OC)=C2P(C34CC5CC(C4)CC(C5)C3)C67CC8CC(C7)CC(C8)C6)C(C(C)C)=CC(C(C)C)=C1)C,24.16256349
FC(F)(F)c1ccc(I)cc1,Cc1oncc1,CN(C)/C(N(C)C)=N\C(C)(C)C,CC(C)C(C=C(C(C)C)C=C1C(C)C)=C1C2=CC=CC=C2P(C(C)(C)C)C(C)(C)C,36.38251036
CCc1ccc(Br)cc1,CCOC(=O)c1onc(C)c1,CN1CCCN2CCCN=C12,CC(C)C(C=C(C(C)C)C=C1C(C)C)=C1C2=CC=CC=C2P(C(C)(C)C)C(C)(C)C,86.59757822
COc1ccc(Br)cc1,COC(=O)c1cc(on1)c2sccc2,CN(C)P(N(C)C)(N(C)C)=NP(N(C)C)(N(C)C)=NCC,CC(C)C1=CC(C(C)C)=CC(C(C)C)=C1C2=C(P(C(C)(C)C)C(C)(C)C)C(OC)=CC=C2OC,41.6263458
COc1ccc(Br)cc1,CCOC(=O)c1onc(OC)c1,CN(C)/C(N(C)C)=N\C(C)(C)C,CC(C)C1=CC(C(C)C)=CC(C(C)C)=C1C2=C(P(C3CCCCC3)C4CCCCC4)C=CC=C2,11.6535106
COc1ccc(I)cc1,o1ccc(n1)c2ccccc2,CN(C)P(N(C)C)(N(C)C)=NP(N(C)C)(N(C)C)=NCC,CC(C1=C(C2=C(OC)C=CC(OC)=C2P(C34CC5CC(C4)CC(C5)C3)C67CC8CC(C7)CC(C8)C6)C(C(C)C)=CC(C(C)C)=C1)C,54.63240731
CCc1ccc(Br)cc1,CCOC(=O)c1onc(OC)c1,CN(C)/C(N(C)C)=N\C(C)(C)C,CC(C1=C(C2=C(OC)C=CC(OC)=C2P(C34CC5CC(C4)CC(C5)C3)C67CC8CC(C7)CC(C8)C6)C(C(C)C)=CC(C(C)C)=C1)C,39.03126202
Brc1cccnc1,o1ccc(n1)c2ccccc2,CN(C)P(N(C)C)(N(C)C)=NP(N(C)C)(N(C)C)=NCC,CC(C)C1=CC(C(C)C)=CC(C(C)C)=C1C2=C(P(C(C)(C)C)C(C)(C)C)C(OC)=CC=C2OC,4.80921591
CCc1ccc(I)cc1,COC(=O)c1oncc1,CN(C)/C(N(C)C)=N\C(C)(C)C,CC(C)C1=CC(C(C)C)=CC(C(C)C)=C1C2=C(P(C(C)(C)C)C(C)(C)C)C(OC)=CC=C2OC,56.21933491
FC(F)(F)c1ccc(Br)cc1,Cc1onc(c1)n2cccc2,CN1CCCN2CCCN=C12,CC(C1=C(C2=C(OC)C=CC(OC)=C2P(C34CC5CC(C4)CC(C5)C3)C67CC8CC(C7)CC(C8)C6)C(C(C)C)=CC(C(C)C)=C1)C,37.4061745
COc1ccc(Cl)cc1,o1ncc2ccccc12,CN1CCCN2CCCN=C12,CC(C)C1=CC(C(C)C)=CC(C(C)C)=C1C2=C(P(C(C)(C)C)C(C)(C)C)C(OC)=CC=C2OC,0.710304987
CCc1ccc(I)cc1,o1ccc(n1)c2ccccc2,CN(C)P(N(C)C)(N(C)C)=NP(N(C)C)(N(C)C)=NCC,CC(C)C(C=C(C(C)C)C=C1C(C)C)=C1C2=CC=CC=C2P(C(C)(C)C)C(C)(C)C,70.00785114
FC(F)(F)c1ccc(I)cc1,Cc1onc(c1)n2cccc2,CN(C)/C(N(C)C)=N\C(C)(C)C,CC(C)C(C=C(C(C)C)C=C1C(C)C)=C1C2=CC=CC=C2P(C(C)(C)C)C(C)(C)C,39.909465
Ic1cccnc1,COC(=O)c1oncc1,CN(C)/C(N(C)C)=N\C(C)(C)C,CC(C)C(C=C(C(C)C)C=C1C(C)C)=C1C2=CC=CC=C2P(C(C)(C)C)C(C)(C)C,49.89638876
FC(F)(F)c1ccc(Cl)cc1,Cc1onc(c1)n2cccc2,CN(C)P(N(C)C)(N(C)C)=NP(N(C)C)(N(C)C)=NCC,CC(C1=C(C2=C(OC)C=CC(OC)=C2P(C34CC5CC(C4)CC(C5)C3)C67CC8CC(C7)CC(C8)C6)C(C(C)C)=CC(C(C)C)=C1)C,6.112603375
Ic1cccnc1,o1nccc1c2ccccc2,CN1CCCN2CCCN=C12,CC(C1=C(C2=C(OC)C=CC(OC)=C2P(C34CC5CC(C4)CC(C5)C3)C67CC8CC(C7)CC(C8)C6)C(C(C)C)=CC(C(C)C)=C1)C,92.13068227
FC(F)(F)c1ccc(I)cc1,Cc1onc(C)c1,CN(C)/C(N(C)C)=N\C(C)(C)C,CC(C)C(C=C(C(C)C)C=C1C(C)C)=C1C2=CC=CC=C2P(C(C)(C)C)C(C)(C)C,37.39782282
FC(F)(F)c1ccc(Br)cc1,CCOC(=O)c1cc(C)on1,CN(C)/C(N(C)C)=N\C(C)(C)C,CC(C)C1=CC(C(C)C)=CC(C(C)C)=C1C2=C(P(C(C)(C)C)C(C)(C)C)C(OC)=CC=C2OC,42.64405348
CCc1ccc(I)cc1,o1cc2ccccc2n1,CN1CCCN2CCCN=C12,CC(C)C(C=C(C(C)C)C=C1C(C)C)=C1C2=CC=CC=C2P(C(C)(C)C)C(C)(C)C,66.86881109
COc1ccc(Cl)cc1,o1cc2ccccc2n1,CN(C)/C(N(C)C)=N\C(C)(C)C,CC(C)C1=CC(C(C)C)=CC(C(C)C)=C1C2=C(P(C3CCCCC3)C4CCCCC4)C=CC=C2,0.0
FC(F)(F)c1ccc(Br)cc1,Cc1cc(on1)c2ccccc2,CN(C)P(N(C)C)(N(C)C)=NP(N(C)C)(N(C)C)=NCC,CC(C)C1=CC(C(C)C)=CC(C(C)C)=C1C2=C(P(C3CCCCC3)C4CCCCC4)C=CC=C2,16.25238798
Brc1cccnc1,o1nccc1c2ccccc2,CN(C)/C(N(C)C)=N\C(C)(C)C,CC(C1=C(C2=C(OC)C=CC(OC)=C2P(C34CC5CC(C4)CC(C5)C3)C67CC8CC(C7)CC(C8)C6)C(C(C)C)=CC(C(C)C)=C1)C,48.30710262
COc1ccc(Br)cc1,Cc1ccon1,CN1CCCN2CCCN=C12,CC(C)C1=CC(C(C)C)=CC(C(C)C)=C1C2=C(P(C(C)(C)C)C(C)(C)C)C(OC)=CC=C2OC,48.43208177
Ic1ccccn1,CCOC(=O)c1cc(C)on1,CN(C)P(N(C)C)(N(C)C)=NP(N(C)C)(N(C)C)=NCC,CC(C)C1=CC(C(C)C)=CC(C(C)C)=C1C2=C(P(C(C)(C)C)C(C)(C)C)C(OC)=CC=C2OC,73.13965753
CCc1ccc(Cl)cc1,Fc1cccc(F)c1c2oncc2,CN(C)P(N(C)C)(N(C)C)=NP(N(C)C)(N(C)C)=NCC,CC(C)C1=CC(C(C)C)=CC(C(C)C)=C1C2=C(P(C3CCCCC3)C4CCCCC4)C=CC=C2,7.713999512
FC(F)(F)c1ccc(Br)cc1,CCOC(=O)c1ccon1,CN1CCCN2CCCN=C12,CC(C1=C(C2=C(OC)C=CC(OC)=C2P(C34CC5CC(C4)CC(C5)C3)C67CC8CC(C7)CC(C8)C6)C(C(C)C)=CC(C(C)C)=C1)C,38.37909694
COc1ccc(Cl)cc1,CCOC(=O)c1ccon1,CN(C)P(N(C)C)(N(C)C)=NP(N(C)C)(N(C)C)=NCC,CC(C1=C(C2=C(OC)C=CC(OC)=C2P(C34CC5CC(C4)CC(C5)C3)C67CC8CC(C7)CC(C8)C6)C(C(C)C)=CC(C(C)C)=C1)C,0.0
Ic1ccccn1,o1cc(cn1)c2ccccc2,CN(C)/C(N(C)C)=N\C(C)(C)C,CC(C)C(C=C(C(C)C)C=C1C(C)C)=C1C2=CC=CC=C2P(C(C)(C)C)C(C)(C)C,85.14015258
Clc1ccccn1,Fc1cccc(F)c1c2oncc2,CN1CCCN2CCCN=C12,CC(C)C(C=C(C(C)C)C=C1C(C)C)=C1C2=CC=CC=C2P(C(C)(C)C)C(C)(C)C,79.78226496
Ic1cccnc1,Cc1ccon1,CN(C)P(N(C)C)(N(C)C)=NP(N(C)C)(N(C)C)=NCC,CC(C)C1=CC(C(C)C)=CC(C(C)C)=C1C2=C(P(C3CCCCC3)C4CCCCC4)C=CC=C2,16.84841979
Ic1cccnc1,Cc1onc(C)c1,CN(C)P(N(C)C)(N(C)C)=NP(N(C)C)(N(C)C)=NCC,CC(C)C1=CC(C(C)C)=CC(C(C)C)=C1C2=C(P(C(C)(C)C)C(C)(C)C)C(OC)=CC=C2OC,70.14574928
COc1ccc(I)cc1,Cc1ccon1,CN1CCCN2CCCN=C12,CC(C)C1=CC(C(C)C)=CC(C(C)C)=C1C2=C(P(C3CCCCC3)C4CCCCC4)C=CC=C2,27.38026406
COc1ccc(Cl)cc1,Cc1oncc1,CN1CCCN2CCCN=C12,CC(C)C1=CC(C(C)C)=CC(C(C)C)=C1C2=C(P(C(C)(C)C)C(C)(C)C)C(OC)=CC=C2OC,0.0
FC(F)(F)c1ccc(Br)cc1,Cc1ccon1,CN1CCCN2CCCN=C12,CC(C1=C(C2=C(OC)C=CC(OC)=C2P(C34CC5CC(C4)CC(C5)C3)C67CC8CC(C7)CC(C8)C6)C(C(C)C)=CC(C(C)C)=C1)C,49.15372199
COc1ccc(I)cc1,COC(=O)c1oncc1,CN(C)/C(N(C)C)=N\C(C)(C)C,CC(C)C1=CC(C(C)C)=CC(C(C)C)=C1C2=C(P(C(C)(C)C)C(C)(C)C)C(OC)=CC=C2OC,35.24488191
Brc1ccccn1,CCOC(=O)c1cnoc1C,CN(C)P(N(C)C)(N(C)C)=NP(N(C)C)(N(C)C)=NCC,CC(C1=C(C2=C(OC)C=CC(OC)=C2P(C34CC5CC(C4)CC(C5)C3)C67CC8CC(C7)CC(C8)C6)C(C(C)C)=CC(C(C)C)=C1)C,16.4099085
Ic1ccccn1,Cc1oncc1,CN(C)P(N(C)C)(N(C)C)=NP(N(C)C)(N(C)C)=NCC,CC(C)C1=CC(C(C)C)=CC(C(C)C)=C1C2=C(P(C(C)(C)C)C(C)(C)C)C(OC)=CC=C2OC,39.75657581
FC(F)(F)c1ccc(Br)cc1,Cc1oncc1,CN1CCCN2CCCN=C12,CC(C)C1=CC(C(C)C)=CC(C(C)C)=C1C2=C(P(C3CCCCC3)C4CCCCC4)C=CC=C2,22.58353247
COc1ccc(Cl)cc1,Cc1ccon1,CN1CCCN2CCCN=C12,CC(C)C(C=C(C(C)C)C=C1C(C)C)=C1C2=CC=CC=C2P(C(C)(C)C)C(C)(C)C,0.97555089
COc1ccc(Cl)cc1,COC(=O)c1cc(on1)c2sccc2,CN(C)P(N(C)C)(N(C)C)=NP(N(C)C)(N(C)C)=NCC,CC(C)C(C=C(C(C)C)C=C1C(C)C)=C1C2=CC=CC=C2P(C(C)(C)C)C(C)(C)C,0.390715033
CCc1ccc(Cl)cc1,CCOC(=O)c1cc(C)on1,CN(C)/C(N(C)C)=N\C(C)(C)C,CC(C)C(C=C(C(C)C)C=C1C(C)C)=C1C2=CC=CC=C2P(C(C)(C)C)C(C)(C)C,2.74612364
FC(F)(F)c1ccc(Cl)cc1,CCOC(=O)c1ccon1,CN(C)P(N(C)C)(N(C)C)=NP(N(C)C)(N(C)C)=NCC,CC(C)C1=CC(C(C)C)=CC(C(C)C)=C1C2=C(P(C3CCCCC3)C4CCCCC4)C=CC=C2,0.0
FC(F)(F)c1ccc(Cl)cc1,o1ccc(n1)c2ccccc2,CN(C)/C(N(C)C)=N\C(C)(C)C,CC(C)C(C=C(C(C)C)C=C1C(C)C)=C1C2=CC=CC=C2P(C(C)(C)C)C(C)(C)C,39.94694428
Brc1ccccn1,CCOC(=O)c1cc(C)on1,CN(C)P(N(C)C)(N(C)C)=NP(N(C)C)(N(C)C)=NCC,CC(C1=C(C2=C(OC)C=CC(OC)=C2P(C34CC5CC(C4)CC(C5)C3)C67CC8CC(C7)CC(C8)C6)C(C(C)C)=CC(C(C)C)=C1)C,74.63930208
COc1ccc(I)cc1,COC(=O)c1oncc1,CN(C)/C(N(C)C)=N\C(C)(C)C,CC(C1=C(C2=C(OC)C=CC(OC)=C2P(C34CC5CC(C4)CC(C5)C3)C67CC8CC(C7)CC(C8)C6)C(C(C)C)=CC(C(C)C)=C1)C,24.02218457
COc1ccc(Br)cc1,Cc1oncc1,CN(C)/C(N(C)C)=N\C(C)(C)C,CC(C)C1=CC(C(C)C)=CC(C(C)C)=C1C2=C(P(C(C)(C)C)C(C)(C)C)C(OC)=CC=C2OC,19.70724871
Ic1ccccn1,COC(=O)c1oncc1,CN1CCCN2CCCN=C12,CC(C)C1=CC(C(C)C)=CC(C(C)C)=C1C2=C(P(C(C)(C)C)C(C)(C)C)C(OC)=CC=C2OC,87.75322874
CCc1ccc(Cl)cc1,COC(=O)c1cc(on1)c2sccc2,CN1CCCN2CCCN=C12,CC(C)C1=CC(C(C)C)=CC(C(C)C)=C1C2=C(P(C3CCCCC3)C4CCCCC4)C=CC=C2,0.884950948
COc1ccc(I)cc1,Cc1onc(C)c1,CN(C)/C(N(C)C)=N\C(C)(C)C,CC(C)C1=CC(C(C)C)=CC(C(C)C)=C1C2=C(P(C(C)(C)C)C(C)(C)C)C(OC)=CC=C2OC,40.47969677
CCc1ccc(Br)cc1,CCOC(=O)c1cc(C)on1,CN1CCCN2CCCN=C12,CC(C1=C(C2=C(OC)C=CC(OC)=C2P(C34CC5CC(C4)CC(C5)C3)C67CC8CC(C7)CC(C8)C6)C(C(C)C)=CC(C(C)C)=C1)C,81.22830675
Brc1cccnc1,o1ccc(n1)c2ccccc2,CN1CCCN2CCCN=C12,CC(C)C1=CC(C(C)C)=CC(C(C)C)=C1C2=C(P(C(C)(C)C)C(C)(C)C)C(OC)=CC=C2OC,89.5866498
COc1ccc(Cl)cc1,CCOC(=O)c1cc(C)on1,CN(C)/C(N(C)C)=N\C(C)(C)C,CC(C)C1=CC(C(C)C)=CC(C(C)C)=C1C2=C(P(C3CCCCC3)C4CCCCC4)C=CC=C2,0.940121626
Clc1cccnc1,CCOC(=O)c1cnoc1C,CN1CCCN2CCCN=C12,CC(C)C1=CC(C(C)C)=CC(C(C)C)=C1C2=C(P(C3CCCCC3)C4CCCCC4)C=CC=C2,4.247160433
CCc1ccc(Br)cc1,CCOC(=O)c1ccon1,CN(C)P(N(C)C)(N(C)C)=NP(N(C)C)(N(C)C)=NCC,CC(C1=C(C2=C(OC)C=CC(OC)=C2P(C34CC5CC(C4)CC(C5)C3)C67CC8CC(C7)CC(C8)C6)C(C(C)C)=CC(C(C)C)=C1)C,1.023181291
COc1ccc(Cl)cc1,CCOC(=O)c1cnoc1C,CN(C)P(N(C)C)(N(C)C)=NP(N(C)C)(N(C)C)=NCC,CC(C1=C(C2=C(OC)C=CC(OC)=C2P(C34CC5CC(C4)CC(C5)C3)C67CC8CC(C7)CC(C8)C6)C(C(C)C)=CC(C(C)C)=C1)C,0.613157833
CCc1ccc(Cl)cc1,Cc1cc(on1)c2ccccc2,CN1CCCN2CCCN=C12,CC(C)C1=CC(C(C)C)=CC(C(C)C)=C1C2=C(P(C3CCCCC3)C4CCCCC4)C=CC=C2,2.217163117
FC(F)(F)c1ccc(Br)cc1,CCOC(=O)c1conc1,CN(C)P(N(C)C)(N(C)C)=NP(N(C)C)(N(C)C)=NCC,CC(C)C1=CC(C(C)C)=CC(C(C)C)=C1C2=C(P(C3CCCCC3)C4CCCCC4)C=CC=C2,0.0
CCc1ccc(Cl)cc1,Cc1cc(on1)c2ccccc2,CN(C)/C(N(C)C)=N\C(C)(C)C,CC(C)C1=CC(C(C)C)=CC(C(C)C)=C1C2=C(P(C(C)(C)C)C(C)(C)C)C(OC)=CC=C2OC,4.7108856
Brc1ccccn1,Cc1onc(c1)n2cccc2,CN(C)/C(N(C)C)=N\C(C)(C)C,CC(C)C1=CC(C(C)C)=CC(C(C)C)=C1C2=C(P(C(C)(C)C)C(C)(C)C)C(OC)=CC=C2OC,65.86005497
COc1ccc(Cl)cc1,o1cc(cn1)c2ccccc2,CN(C)P(N(C)C)(N(C)C)=NP(N(C)C)(N(C)C)=NCC,CC(C)C1=CC(C(C)C)=CC(C(C)C)=C1C2=C(P(C3CCCCC3)C4CCCCC4)C=CC=C2,1.856863727
FC(F)(F)c1ccc(Cl)cc1,Cc1onc(C)c1,CN(C)/C(N(C)C)=N\C(C)(C)C,CC(C1=C(C2=C(OC)C=CC(OC)=C2P(C34CC5CC(C4)CC(C5)C3)C67CC8CC(C7)CC(C8)C6)C(C(C)C)=CC(C(C)C)=C1)C,9.550418032
CCc1ccc(I)cc1,CCOC(=O)c1conc1,CN1CCCN2CCCN=C12,CC(C1=C(C2=C(OC)C=CC(OC)=C2P(C34CC5CC(C4)CC(C5)C3)C67CC8CC(C7)CC(C8)C6)C(C(C)C)=CC(C(C)C)=C1)C,33.47151562
FC(F)(F)c1ccc(Cl)cc1,CCOC(=O)c1cnoc1C,CN(C)P(N(C)C)(N(C)C)=NP(N(C)C)(N(C)C)=NCC,CC(C)C(C=C(C(C)C)C=C1C(C)C)=C1C2=CC=CC=C2P(C(C)(C)C)C(C)(C)C,13.02655322
COc1ccc(Br)cc1,CCOC(=O)c1cc(C)on1,CN1CCCN2CCCN=C12,CC(C)C(C=C(C(C)C)C=C1C(C)C)=C1C2=CC=CC=C2P(C(C)(C)C)C(C)(C)C,48.46327508
Brc1ccccn1,CCOC(=O)c1ccon1,CN1CCCN2CCCN=C12,CC(C)C1=CC(C(C)C)=CC(C(C)C)=C1C2=C(P(C(C)(C)C)C(C)(C)C)C(OC)=CC=C2OC,89.419451
FC(F)(F)c1ccc(Br)cc1,COC(=O)c1cc(on1)c2occc2,CN(C)/C(N(C)C)=N\C(C)(C)C,CC(C)C(C=C(C(C)C)C=C1C(C)C)=C1C2=CC=CC=C2P(C(C)(C)C)C(C)(C)C,37.31441052
COc1ccc(I)cc1,CCOC(=O)c1ccon1,CN(C)/C(N(C)C)=N\C(C)(C)C,CC(C)C1=CC(C(C)C)=CC(C(C)C)=C1C2=C(P(C3CCCCC3)C4CCCCC4)C=CC=C2,21.7977125
CCc1ccc(Cl)cc1,o1cc2ccccc2n1,CN(C)/C(N(C)C)=N\C(C)(C)C,CC(C)C1=CC(C(C)C)=CC(C(C)C)=C1C2=C(P(C(C)(C)C)C(C)(C)C)C(OC)=CC=C2OC,3.549284452
Clc1cccnc1,o1ccc(n1)c2ccccc2,CN(C)/C(N(C)C)=N\C(C)(C)C,CC(C)C1=CC(C(C)C)=CC(C(C)C)=C1C2=C(P(C3CCCCC3)C4CCCCC4)C=CC=C2,18.46342998
COc1ccc(Br)cc1,COC(=O)c1oncc1,CN(C)/C(N(C)C)=N\C(C)(C)C,CC(C1=C(C2=C(OC)C=CC(OC)=C2P(C34CC5CC(C4)CC(C5)C3)C67CC8CC(C7)CC(C8)C6)C(C(C)C)=CC(C(C)C)=C1)C,3.046255894
CCc1ccc(Br)cc1,o1ncc2ccccc12,CN1CCCN2CCCN=C12,CC(C)C(C=C(C(C)C)C=C1C(C)C)=C1C2=CC=CC=C2P(C(C)(C)C)C(C)(C)C,62.64758393
Clc1ccccn1,CCOC(=O)c1onc(C)c1,CN1CCCN2CCCN=C12,CC(C)C(C=C(C(C)C)C=C1C(C)C)=C1C2=CC=CC=C2P(C(C)(C)C)C(C)(C)C,91.39064225
COc1ccc(I)cc1,CCOC(=O)c1onc(C)c1,CN1CCCN2CCCN=C12,CC(C1=C(C2=C(OC)C=CC(OC)=C2P(C34CC5CC(C4)CC(C5)C3)C67CC8CC(C7)CC(C8)C6)C(C(C)C)=CC(C(C)C)=C1)C,57.53990104
Clc1cccnc1,CCOC(=O)c1conc1,CN1CCCN2CCCN=C12,CC(C)C1=CC(C(C)C)=CC(C(C)C)=C1C2=C(P(C(C)(C)C)C(C)(C)C)C(OC)=CC=C2OC,28.90716664
FC(F)(F)c1ccc(Br)cc1,o1cc2ccccc2n1,CN1CCCN2CCCN=C12,CC(C1=C(C2=C(OC)C=CC(OC)=C2P(C34CC5CC(C4)CC(C5)C3)C67CC8CC(C7)CC(C8)C6)C(C(C)C)=CC(C(C)C)=C1)C,6.9479336
CCc1ccc(I)cc1,C(N(Cc1ccccc1)c2oncc2)c3ccccc3,CN(C)/C(N(C)C)=N\C(C)(C)C,CC(C)C(C=C(C(C)C)C=C1C(C)C)=C1C2=CC=CC=C2P(C(C)(C)C)C(C)(C)C,57.01120739
CCc1ccc(Br)cc1,o1cc2ccccc2n1,CN(C)/C(N(C)C)=N\C(C)(C)C,CC(C)C1=CC(C(C)C)=CC(C(C)C)=C1C2=C(P(C(C)(C)C)C(C)(C)C)C(OC)=CC=C2OC,7.705318498
COc1ccc(Cl)cc1,CCOC(=O)c1cc(C)on1,CN1CCCN2CCCN=C12,CC(C)C(C=C(C(C)C)C=C1C(C)C)=C1C2=CC=CC=C2P(C(C)(C)C)C(C)(C)C,1.18600639
CCc1ccc(Br)cc1,COC(=O)c1cc(on1)c2occc2,CN(C)/C(N(C)C)=N\C(C)(C)C,CC(C)C(C=C(C(C)C)C=C1C(C)C)=C1C2=CC=CC=C2P(C(C)(C)C)C(C)(C)C,57.71086681
Ic1ccccn1,CCOC(=O)c1cc(C)on1,CN(C)/C(N(C)C)=N\C(C)(C)C,CC(C)C1=CC(C(C)C)=CC(C(C)C)=C1C2=C(P(C(C)(C)C)C(C)(C)C)C(OC)=CC=C2OC,85.26909551
Ic1ccccn1,o1cc(cn1)c2ccccc2,CN1CCCN2CCCN=C12,CC(C)C1=CC(C(C)C)=CC(C(C)C)=C1C2=C(P(C(C)(C)C)C(C)(C)C)C(OC)=CC=C2OC,99.99999
Clc1cccnc1,CCOC(=O)c1onc(OC)c1,CN(C)/C(N(C)C)=N\C(C)(C)C,CC(C)C1=CC(C(C)C)=CC(C(C)C)=C1C2=C(P(C3CCCCC3)C4CCCCC4)C=CC=C2,8.905135224
Clc1cccnc1,Cc1cc(on1)c2ccccc2,CN1CCCN2CCCN=C12,CC(C)C1=CC(C(C)C)=CC(C(C)C)=C1C2=C(P(C3CCCCC3)C4CCCCC4)C=CC=C2,5.005508734
Clc1cccnc1,Cc1ccon1,CN(C)/C(N(C)C)=N\C(C)(C)C,CC(C1=C(C2=C(OC)C=CC(OC)=C2P(C34CC5CC(C4)CC(C5)C3)C67CC8CC(C7)CC(C8)C6)C(C(C)C)=CC(C(C)C)=C1)C,11.79076705
CCc1ccc(Cl)cc1,COC(=O)c1oncc1,CN(C)P(N(C)C)(N(C)C)=NP(N(C)C)(N(C)C)=NCC,CC(C1=C(C2=C(OC)C=CC(OC)=C2P(C34CC5CC(C4)CC(C5)C3)C67CC8CC(C7)CC(C8)C6)C(C(C)C)=CC(C(C)C)=C1)C,0.526967727
Ic1cccnc1,C(N(Cc1ccccc1)c2ccon2)c3ccccc3,CN1CCCN2CCCN=C12,CC(C)C(C=C(C(C)C)C=C1C(C)C)=C1C2=CC=CC=C2P(C(C)(C)C)C(C)(C)C,81.63071985
COc1ccc(Cl)cc1,CCOC(=O)c1onc(OC)c1,CN1CCCN2CCCN=C12,CC(C1=C(C2=C(OC)C=CC(OC)=C2P(C34CC5CC(C4)CC(C5)C3)C67CC8CC(C7)CC(C8)C6)C(C(C)C)=CC(C(C)C)=C1)C,0.0
FC(F)(F)c1ccc(Cl)cc1,Fc1cccc(F)c1c2oncc2,CN1CCCN2CCCN=C12,CC(C)C1=CC(C(C)C)=CC(C(C)C)=C1C2=C(P(C3CCCCC3)C4CCCCC4)C=CC=C2,13.18136791
Ic1cccnc1,CCOC(=O)c1onc(C)c1,CN(C)/C(N(C)C)=N\C(C)(C)C,CC(C)C(C=C(C(C)C)C=C1C(C)C)=C1C2=CC=CC=C2P(C(C)(C)C)C(C)(C)C,82.13737482
Brc1cccnc1,C(N(Cc1ccccc1)c2oncc2)c3ccccc3,CN(C)P(N(C)C)(N(C)C)=NP(N(C)C)(N(C)C)=NCC,CC(C)C1=CC(C(C)C)=CC(C(C)C)=C1C2=C(P(C(C)(C)C)C(C)(C)C)C(OC)=CC=C2OC,53.60304102
Brc1ccccn1,COC(=O)c1oncc1,CN(C)/C(N(C)C)=N\C(C)(C)C,CC(C)C1=CC(C(C)C)=CC(C(C)C)=C1C2=C(P(C3CCCCC3)C4CCCCC4)C=CC=C2,24.97534285
COc1ccc(Cl)cc1,COC(=O)c1cc(on1)c2occc2,CN(C)/C(N(C)C)=N\C(C)(C)C,CC(C)C1=CC(C(C)C)=CC(C(C)C)=C1C2=C(P(C3CCCCC3)C4CCCCC4)C=CC=C2,0.0
Ic1cccnc1,o1cc2ccccc2n1,CN(C)P(N(C)C)(N(C)C)=NP(N(C)C)(N(C)C)=NCC,CC(C1=C(C2=C(OC)C=CC(OC)=C2P(C34CC5CC(C4)CC(C5)C3)C67CC8CC(C7)CC(C8)C6)C(C(C)C)=CC(C(C)C)=C1)C,6.214566797
Ic1cccnc1,Cc1onc(c1)n2cccc2,CN(C)/C(N(C)C)=N\C(C)(C)C,CC(C)C(C=C(C(C)C)C=C1C(C)C)=C1C2=CC=CC=C2P(C(C)(C)C)C(C)(C)C,62.65745672
Ic1cccnc1,C(N(Cc1ccccc1)c2ccon2)c3ccccc3,CN1CCCN2CCCN=C12,CC(C)C1=CC(C(C)C)=CC(C(C)C)=C1C2=C(P(C3CCCCC3)C4CCCCC4)C=CC=C2,43.47281583
COc1ccc(Cl)cc1,Cc1cc(on1)c2ccccc2,CN(C)P(N(C)C)(N(C)C)=NP(N(C)C)(N(C)C)=NCC,CC(C)C(C=C(C(C)C)C=C1C(C)C)=C1C2=CC=CC=C2P(C(C)(C)C)C(C)(C)C,1.277604509
Ic1ccccn1,o1ccc(n1)c2ccccc2,CN(C)P(N(C)C)(N(C)C)=NP(N(C)C)(N(C)C)=NCC,CC(C)C1=CC(C(C)C)=CC(C(C)C)=C1C2=C(P(C3CCCCC3)C4CCCCC4)C=CC=C2,12.7214048
COc1ccc(Br)cc1,COC(=O)c1cc(on1)c2sccc2,CN(C)/C(N(C)C)=N\C(C)(C)C,CC(C)C1=CC(C(C)C)=CC(C(C)C)=C1C2=C(P(C(C)(C)C)C(C)(C)C)C(OC)=CC=C2OC,35.15329281
Clc1ccccn1,COC(=O)c1oncc1,CN1CCCN2CCCN=C12,CC(C1=C(C2=C(OC)C=CC(OC)=C2P(C34CC5CC(C4)CC(C5)C3)C67CC8CC(C7)CC(C8)C6)C(C(C)C)=CC(C(C)C)=C1)C,29.35743486
Ic1ccccn1,o1nccc1c2ccccc2,CN(C)/C(N(C)C)=N\C(C)(C)C,CC(C)C1=CC(C(C)C)=CC(C(C)C)=C1C2=C(P(C(C)(C)C)C(C)(C)C)C(OC)=CC=C2OC,83.36436834
CCc1ccc(Cl)cc1,COC(=O)c1cc(on1)c2sccc2,CN(C)/C(N(C)C)=N\C(C)(C)C,CC(C1=C(C2=C(OC)C=CC(OC)=C2P(C34CC5CC(C4)CC(C5)C3)C67CC8CC(C7)CC(C8)C6)C(C(C)C)=CC(C(C)C)=C1)C,0.52608193
Clc1cccnc1,CCOC(=O)c1cc(C)on1,CN(C)P(N(C)C)(N(C)C)=NP(N(C)C)(N(C)C)=NCC,CC(C1=C(C2=C(OC)C=CC(OC)=C2P(C34CC5CC(C4)CC(C5)C3)C67CC8CC(C7)CC(C8)C6)C(C(C)C)=CC(C(C)C)=C1)C,5.908085833
Brc1cccnc1,C(N(Cc1ccccc1)c2ccon2)c3ccccc3,CN(C)P(N(C)C)(N(C)C)=NP(N(C)C)(N(C)C)=NCC,CC(C)C1=CC(C(C)C)=CC(C(C)C)=C1C2=C(P(C(C)(C)C)C(C)(C)C)C(OC)=CC=C2OC,37.26514805
CCc1ccc(Br)cc1,o1nccc1c2ccccc2,CN(C)P(N(C)C)(N(C)C)=NP(N(C)C)(N(C)C)=NCC,CC(C)C1=CC(C(C)C)=CC(C(C)C)=C1C2=C(P(C3CCCCC3)C4CCCCC4)C=CC=C2,14.23417841
Brc1cccnc1,C(N(Cc1ccccc1)c2ccon2)c3ccccc3,CN(C)P(N(C)C)(N(C)C)=NP(N(C)C)(N(C)C)=NCC,CC(C)C1=CC(C(C)C)=CC(C(C)C)=C1C2=C(P(C3CCCCC3)C4CCCCC4)C=CC=C2,10.02539168
Brc1ccccn1,COC(=O)c1cc(on1)c2occc2,CN(C)P(N(C)C)(N(C)C)=NP(N(C)C)(N(C)C)=NCC,CC(C)C1=CC(C(C)C)=CC(C(C)C)=C1C2=C(P(C(C)(C)C)C(C)(C)C)C(OC)=CC=C2OC,73.60085469
Brc1ccccn1,COC(=O)c1cc(on1)c2sccc2,CN(C)/C(N(C)C)=N\C(C)(C)C,CC(C)C1=CC(C(C)C)=CC(C(C)C)=C1C2=C(P(C3CCCCC3)C4CCCCC4)C=CC=C2,37.46429839
Ic1ccccn1,o1ncc2ccccc12,CN(C)P(N(C)C)(N(C)C)=NP(N(C)C)(N(C)C)=NCC,CC(C)C(C=C(C(C)C)C=C1C(C)C)=C1C2=CC=CC=C2P(C(C)(C)C)C(C)(C)C,66.1445595
Ic1ccccn1,Cc1cc(on1)c2ccccc2,CN1CCCN2CCCN=C12,CC(C)C(C=C(C(C)C)C=C1C(C)C)=C1C2=CC=CC=C2P(C(C)(C)C)C(C)(C)C,83.82528245
Brc1cccnc1,CCOC(=O)c1onc(OC)c1,CN(C)/C(N(C)C)=N\C(C)(C)C,CC(C1=C(C2=C(OC)C=CC(OC)=C2P(C34CC5CC(C4)CC(C5)C3)C67CC8CC(C7)CC(C8)C6)C(C(C)C)=CC(C(C)C)=C1)C,53.27735781
Ic1ccccn1,C(N(Cc1ccccc1)c2oncc2)c3ccccc3,CN1CCCN2CCCN=C12,CC(C)C(C=C(C(C)C)C=C1C(C)C)=C1C2=CC=CC=C2P(C(C)(C)C)C(C)(C)C,84.10193793
FC(F)(F)c1ccc(Cl)cc1,CCOC(=O)c1conc1,CN(C)/C(N(C)C)=N\C(C)(C)C,CC(C)C(C=C(C(C)C)C=C1C(C)C)=C1C2=CC=CC=C2P(C(C)(C)C)C(C)(C)C,0.0
Clc1cccnc1,o1nccc1c2ccccc2,CN1CCCN2CCCN=C12,CC(C)C(C=C(C(C)C)C=C1C(C)C)=C1C2=CC=CC=C2P(C(C)(C)C)C(C)(C)C,35.55504656
COc1ccc(Br)cc1,Fc1cccc(F)c1c2oncc2,CN1CCCN2CCCN=C12,CC(C1=C(C2=C(OC)C=CC(OC)=C2P(C34CC5CC(C4)CC(C5)C3)C67CC8CC(C7)CC(C8)C6)C(C(C)C)=CC(C(C)C)=C1)C,26.95590806
Clc1cccnc1,CCOC(=O)c1onc(OC)c1,CN(C)/C(N(C)C)=N\C(C)(C)C,CC(C)C1=CC(C(C)C)=CC(C(C)C)=C1C2=C(P(C(C)(C)C)C(C)(C)C)C(OC)=CC=C2OC,2.790822418
Clc1cccnc1,Cc1ccon1,CN(C)/C(N(C)C)=N\C(C)(C)C,CC(C)C(C=C(C(C)C)C=C1C(C)C)=C1C2=CC=CC=C2P(C(C)(C)C)C(C)(C)C,30.758172
Brc1ccccn1,COC(=O)c1oncc1,CN(C)P(N(C)C)(N(C)C)=NP(N(C)C)(N(C)C)=NCC,CC(C)C1=CC(C(C)C)=CC(C(C)C)=C1C2=C(P(C3CCCCC3)C4CCCCC4)C=CC=C2,9.80291595
Clc1cccnc1,Cc1onc(C)c1,CN(C)P(N(C)C)(N(C)C)=NP(N(C)C)(N(C)C)=NCC,CC(C1=C(C2=C(OC)C=CC(OC)=C2P(C34CC5CC(C4)CC(C5)C3)C67CC8CC(C7)CC(C8)C6)C(C(C)C)=CC(C(C)C)=C1)C,1.779970363
FC(F)(F)c1ccc(Cl)cc1,Fc1cccc(F)c1c2oncc2,CN(C)P(N(C)C)(N(C)C)=NP(N(C)C)(N(C)C)=NCC,CC(C)C(C=C(C(C)C)C=C1C(C)C)=C1C2=CC=CC=C2P(C(C)(C)C)C(C)(C)C,13.16893511
CCc1ccc(Cl)cc1,Fc1cccc(F)c1c2oncc2,CN(C)P(N(C)C)(N(C)C)=NP(N(C)C)(N(C)C)=NCC,CC(C)C(C=C(C(C)C)C=C1C(C)C)=C1C2=CC=CC=C2P(C(C)(C)C)C(C)(C)C,7.108204477
CCc1ccc(Cl)cc1,Cc1onc(C)c1,CN1CCCN2CCCN=C12,CC(C1=C(C2=C(OC)C=CC(OC)=C2P(C34CC5CC(C4)CC(C5)C3)C67CC8CC(C7)CC(C8)C6)C(C(C)C)=CC(C(C)C)=C1)C,1.542228309
CCc1ccc(Cl)cc1,CCOC(=O)c1cc(C)on1,CN(C)P(N(C)C)(N(C)C)=NP(N(C)C)(N(C)C)=NCC,CC(C)C1=CC(C(C)C)=CC(C(C)C)=C1C2=C(P(C3CCCCC3)C4CCCCC4)C=CC=C2,4.992379236
Brc1cccnc1,o1nccc1c2ccccc2,CN1CCCN2CCCN=C12,CC(C)C1=CC(C(C)C)=CC(C(C)C)=C1C2=C(P(C3CCCCC3)C4CCCCC4)C=CC=C2,14.16472216
CCc1ccc(Cl)cc1,Cc1oncc1,CN(C)/C(N(C)C)=N\C(C)(C)C,CC(C)C1=CC(C(C)C)=CC(C(C)C)=C1C2=C(P(C(C)(C)C)C(C)(C)C)C(OC)=CC=C2OC,5.479660726
FC(F)(F)c1ccc(I)cc1,Cc1cc(on1)c2ccccc2,CN(C)/C(N(C)C)=N\C(C)(C)C,CC(C)C1=CC(C(C)C)=CC(C(C)C)=C1C2=C(P(C(C)(C)C)C(C)(C)C)C(OC)=CC=C2OC,36.0162633
Ic1ccccn1,o1ccc(n1)c2ccccc2,CN1CCCN2CCCN=C12,CC(C)C(C=C(C(C)C)C=C1C(C)C)=C1C2=CC=CC=C2P(C(C)(C)C)C(C)(C)C,95.38648822
FC(F)(F)c1ccc(Br)cc1,CCOC(=O)c1ccon1,CN(C)/C(N(C)C)=N\C(C)(C)C,CC(C1=C(C2=C(OC)C=CC(OC)=C2P(C34CC5CC(C4)CC(C5)C3)C67CC8CC(C7)CC(C8)C6)C(C(C)C)=CC(C(C)C)=C1)C,34.43934364
CCc1ccc(Cl)cc1,C(N(Cc1ccccc1)c2oncc2)c3ccccc3,CN(C)P(N(C)C)(N(C)C)=NP(N(C)C)(N(C)C)=NCC,CC(C1=C(C2=C(OC)C=CC(OC)=C2P(C34CC5CC(C4)CC(C5)C3)C67CC8CC(C7)CC(C8)C6)C(C(C)C)=CC(C(C)C)=C1)C,4.08442672
COc1ccc(Br)cc1,CCOC(=O)c1cnoc1C,CN(C)P(N(C)C)(N(C)C)=NP(N(C)C)(N(C)C)=NCC,CC(C)C1=CC(C(C)C)=CC(C(C)C)=C1C2=C(P(C3CCCCC3)C4CCCCC4)C=CC=C2,9.070205476
CCc1ccc(Br)cc1,COC(=O)c1cc(on1)c2occc2,CN(C)/C(N(C)C)=N\C(C)(C)C,CC(C)C1=CC(C(C)C)=CC(C(C)C)=C1C2=C(P(C(C)(C)C)C(C)(C)C)C(OC)=CC=C2OC,50.63065751
Brc1ccccn1,o1nccc1c2ccccc2,CN(C)/C(N(C)C)=N\C(C)(C)C,CC(C)C1=CC(C(C)C)=CC(C(C)C)=C1C2=C(P(C3CCCCC3)C4CCCCC4)C=CC=C2,48.48749388
Brc1ccccn1,o1ncc2ccccc12,CN1CCCN2CCCN=C12,CC(C)C1=CC(C(C)C)=CC(C(C)C)=C1C2=C(P(C(C)(C)C)C(C)(C)C)C(OC)=CC=C2OC,85.13318487
Ic1cccnc1,Cc1onc(C)c1,CN1CCCN2CCCN=C12,CC(C)C1=CC(C(C)C)=CC(C(C)C)=C1C2=C(P(C(C)(C)C)C(C)(C)C)C(OC)=CC=C2OC,93.58777419
COc1ccc(Br)cc1,o1cc(cn1)c2ccccc2,CN(C)P(N(C)C)(N(C)C)=NP(N(C)C)(N(C)C)=NCC,CC(C)C(C=C(C(C)C)C=C1C(C)C)=C1C2=CC=CC=C2P(C(C)(C)C)C(C)(C)C,16.39030586
CCc1ccc(Br)cc1,Cc1oncc1,CN(C)/C(N(C)C)=N\C(C)(C)C,CC(C)C1=CC(C(C)C)=CC(C(C)C)=C1C2=C(P(C(C)(C)C)C(C)(C)C)C(OC)=CC=C2OC,38.82629912
Clc1cccnc1,Cc1onc(C)c1,CN(C)/C(N(C)C)=N\C(C)(C)C,CC(C)C1=CC(C(C)C)=CC(C(C)C)=C1C2=C(P(C3CCCCC3)C4CCCCC4)C=CC=C2,14.0670777
COc1ccc(Cl)cc1,Cc1ccon1,CN(C)/C(N(C)C)=N\C(C)(C)C,CC(C)C(C=C(C(C)C)C=C1C(C)C)=C1C2=CC=CC=C2P(C(C)(C)C)C(C)(C)C,0.695297498
FC(F)(F)c1ccc(I)cc1,CCOC(=O)c1onc(OC)c1,CN(C)P(N(C)C)(N(C)C)=NP(N(C)C)(N(C)C)=NCC,CC(C)C1=CC(C(C)C)=CC(C(C)C)=C1C2=C(P(C(C)(C)C)C(C)(C)C)C(OC)=CC=C2OC,34.79607292
CCc1ccc(Br)cc1,COC(=O)c1cc(on1)c2sccc2,CN1CCCN2CCCN=C12,CC(C)C(C=C(C(C)C)C=C1C(C)C)=C1C2=CC=CC=C2P(C(C)(C)C)C(C)(C)C,69.58481273
Ic1ccccn1,Cc1onc(C)c1,CN(C)/C(N(C)C)=N\C(C)(C)C,CC(C)C1=CC(C(C)C)=CC(C(C)C)=C1C2=C(P(C(C)(C)C)C(C)(C)C)C(OC)=CC=C2OC,65.59087383
Ic1ccccn1,Cc1onc(C)c1,CN1CCCN2CCCN=C12,CC(C1=C(C2=C(OC)C=CC(OC)=C2P(C34CC5CC(C4)CC(C5)C3)C67CC8CC(C7)CC(C8)C6)C(C(C)C)=CC(C(C)C)=C1)C,86.76065944
Clc1cccnc1,COC(=O)c1oncc1,CN(C)P(N(C)C)(N(C)C)=NP(N(C)C)(N(C)C)=NCC,CC(C)C1=CC(C(C)C)=CC(C(C)C)=C1C2=C(P(C3CCCCC3)C4CCCCC4)C=CC=C2,3.031273928
Ic1cccnc1,C(N(Cc1ccccc1)c2ccon2)c3ccccc3,CN(C)P(N(C)C)(N(C)C)=NP(N(C)C)(N(C)C)=NCC,CC(C)C1=CC(C(C)C)=CC(C(C)C)=C1C2=C(P(C(C)(C)C)C(C)(C)C)C(OC)=CC=C2OC,54.37431586
FC(F)(F)c1ccc(Br)cc1,Fc1cccc(F)c1c2oncc2,CN(C)/C(N(C)C)=N\C(C)(C)C,CC(C)C(C=C(C(C)C)C=C1C(C)C)=C1C2=CC=CC=C2P(C(C)(C)C)C(C)(C)C,35.04870846
Clc1ccccn1,Cc1ccon1,CN(C)/C(N(C)C)=N\C(C)(C)C,CC(C)C1=CC(C(C)C)=CC(C(C)C)=C1C2=C(P(C3CCCCC3)C4CCCCC4)C=CC=C2,39.19022489
COc1ccc(I)cc1,Cc1onc(c1)n2cccc2,CN1CCCN2CCCN=C12,CC(C1=C(C2=C(OC)C=CC(OC)=C2P(C34CC5CC(C4)CC(C5)C3)C67CC8CC(C7)CC(C8)C6)C(C(C)C)=CC(C(C)C)=C1)C,48.45171074
COc1ccc(Cl)cc1,o1ccc(n1)c2ccccc2,CN1CCCN2CCCN=C12,CC(C)C1=CC(C(C)C)=CC(C(C)C)=C1C2=C(P(C(C)(C)C)C(C)(C)C)C(OC)=CC=C2OC,0.81239337
CCc1ccc(Cl)cc1,COC(=O)c1cc(on1)c2sccc2,CN(C)/C(N(C)C)=N\C(C)(C)C,CC(C)C(C=C(C(C)C)C=C1C(C)C)=C1C2=CC=CC=C2P(C(C)(C)C)C(C)(C)C,0.83326199
CCc1ccc(Br)cc1,CCOC(=O)c1onc(C)c1,CN(C)/C(N(C)C)=N\C(C)(C)C,CC(C)C1=CC(C(C)C)=CC(C(C)C)=C1C2=C(P(C3CCCCC3)C4CCCCC4)C=CC=C2,32.63234102
CCc1ccc(Br)cc1,CCOC(=O)c1cc(C)on1,CN(C)/C(N(C)C)=N\C(C)(C)C,CC(C)C1=CC(C(C)C)=CC(C(C)C)=C1C2=C(P(C(C)(C)C)C(C)(C)C)C(OC)=CC=C2OC,68.06627781
Clc1cccnc1,CCOC(=O)c1conc1,CN(C)/C(N(C)C)=N\C(C)(C)C,CC(C1=C(C2=C(OC)C=CC(OC)=C2P(C34CC5CC(C4)CC(C5)C3)C67CC8CC(C7)CC(C8)C6)C(C(C)C)=CC(C(C)C)=C1)C,0.0
FC(F)(F)c1ccc(I)cc1,CCOC(=O)c1ccon1,CN1CCCN2CCCN=C12,CC(C1=C(C2=C(OC)C=CC(OC)=C2P(C34CC5CC(C4)CC(C5)C3)C67CC8CC(C7)CC(C8)C6)C(C(C)C)=CC(C(C)C)=C1)C,52.49415636
Clc1ccccn1,o1ncc2ccccc12,CN1CCCN2CCCN=C12,CC(C1=C(C2=C(OC)C=CC(OC)=C2P(C34CC5CC(C4)CC(C5)C3)C67CC8CC(C7)CC(C8)C6)C(C(C)C)=CC(C(C)C)=C1)C,60.52865164
Clc1cccnc1,CCOC(=O)c1cnoc1C,CN(C)/C(N(C)C)=N\C(C)(C)C,CC(C1=C(C2=C(OC)C=CC(OC)=C2P(C34CC5CC(C4)CC(C5)C3)C67CC8CC(C7)CC(C8)C6)C(C(C)C)=CC(C(C)C)=C1)C,0.0
FC(F)(F)c1ccc(Br)cc1,o1nccc1c2ccccc2,CN1CCCN2CCCN=C12,CC(C)C1=CC(C(C)C)=CC(C(C)C)=C1C2=C(P(C3CCCCC3)C4CCCCC4)C=CC=C2,30.28625472
Ic1cccnc1,o1ncc2ccccc12,CN1CCCN2CCCN=C12,CC(C)C(C=C(C(C)C)C=C1C(C)C)=C1C2=CC=CC=C2P(C(C)(C)C)C(C)(C)C,75.20935081
CCc1ccc(I)cc1,o1cc2ccccc2n1,CN(C)P(N(C)C)(N(C)C)=NP(N(C)C)(N(C)C)=NCC,CC(C)C1=CC(C(C)C)=CC(C(C)C)=C1C2=C(P(C(C)(C)C)C(C)(C)C)C(OC)=CC=C2OC,11.23128528
COc1ccc(Cl)cc1,o1cc2ccccc2n1,CN(C)P(N(C)C)(N(C)C)=NP(N(C)C)(N(C)C)=NCC,CC(C)C1=CC(C(C)C)=CC(C(C)C)=C1C2=C(P(C3CCCCC3)C4CCCCC4)C=CC=C2,0.121773863
FC(F)(F)c1ccc(Cl)cc1,COC(=O)c1cc(on1)c2sccc2,CN(C)P(N(C)C)(N(C)C)=NP(N(C)C)(N(C)C)=NCC,CC(C)C1=CC(C(C)C)=CC(C(C)C)=C1C2=C(P(C3CCCCC3)C4CCCCC4)C=CC=C2,6.70191803
FC(F)(F)c1ccc(Br)cc1,CCOC(=O)c1ccon1,CN1CCCN2CCCN=C12,CC(C)C1=CC(C(C)C)=CC(C(C)C)=C1C2=C(P(C3CCCCC3)C4CCCCC4)C=CC=C2,31.22142105
Brc1ccccn1,o1ccc(n1)c2ccccc2,CN(C)/C(N(C)C)=N\C(C)(C)C,CC(C)C1=CC(C(C)C)=CC(C(C)C)=C1C2=C(P(C3CCCCC3)C4CCCCC4)C=CC=C2,59.55262648
COc1ccc(Cl)cc1,Cc1onc(C)c1,CN1CCCN2CCCN=C12,CC(C)C(C=C(C(C)C)C=C1C(C)C)=C1C2=CC=CC=C2P(C(C)(C)C)C(C)(C)C,1.413781414
FC(F)(F)c1ccc(Cl)cc1,o1cc(cn1)c2ccccc2,CN1CCCN2CCCN=C12,CC(C)C1=CC(C(C)C)=CC(C(C)C)=C1C2=C(P(C3CCCCC3)C4CCCCC4)C=CC=C2,21.50977994
CCc1ccc(Br)cc1,o1cc2ccccc2n1,CN(C)/C(N(C)C)=N\C(C)(C)C,CC(C)C(C=C(C(C)C)C=C1C(C)C)=C1C2=CC=CC=C2P(C(C)(C)C)C(C)(C)C,12.68915479
COc1ccc(Br)cc1,C(N(Cc1ccccc1)c2oncc2)c3ccccc3,CN(C)/C(N(C)C)=N\C(C)(C)C,CC(C)C1=CC(C(C)C)=CC(C(C)C)=C1C2=C(P(C(C)(C)C)C(C)(C)C)C(OC)=CC=C2OC,21.09483753
CCc1ccc(I)cc1,CCOC(=O)c1cnoc1C,CN(C)/C(N(C)C)=N\C(C)(C)C,CC(C)C1=CC(C(C)C)=CC(C(C)C)=C1C2=C(P(C(C)(C)C)C(C)(C)C)C(OC)=CC=C2OC,39.99701682
Brc1cccnc1,CCOC(=O)c1onc(C)c1,CN(C)/C(N(C)C)=N\C(C)(C)C,CC(C)C1=CC(C(C)C)=CC(C(C)C)=C1C2=C(P(C(C)(C)C)C(C)(C)C)C(OC)=CC=C2OC,71.60789091
Clc1cccnc1,CCOC(=O)c1ccon1,CN1CCCN2CCCN=C12,CC(C)C1=CC(C(C)C)=CC(C(C)C)=C1C2=C(P(C3CCCCC3)C4CCCCC4)C=CC=C2,8.431077782
Clc1ccccn1,Cc1cc(on1)c2ccccc2,CN1CCCN2CCCN=C12,CC(C1=C(C2=C(OC)C=CC(OC)=C2P(C34CC5CC(C4)CC(C5)C3)C67CC8CC(C7)CC(C8)C6)C(C(C)C)=CC(C(C)C)=C1)C,72.98033012
COc1ccc(Cl)cc1,o1cc(cn1)c2ccccc2,CN(C)P(N(C)C)(N(C)C)=NP(N(C)C)(N(C)C)=NCC,CC(C)C(C=C(C(C)C)C=C1C(C)C)=C1C2=CC=CC=C2P(C(C)(C)C)C(C)(C)C,2.060581853
Clc1ccccn1,CCOC(=O)c1ccon1,CN(C)P(N(C)C)(N(C)C)=NP(N(C)C)(N(C)C)=NCC,CC(C)C1=CC(C(C)C)=CC(C(C)C)=C1C2=C(P(C(C)(C)C)C(C)(C)C)C(OC)=CC=C2OC,1.660025621
CCc1ccc(I)cc1,Cc1onc(c1)n2cccc2,CN1CCCN2CCCN=C12,CC(C1=C(C2=C(OC)C=CC(OC)=C2P(C34CC5CC(C4)CC(C5)C3)C67CC8CC(C7)CC(C8)C6)C(C(C)C)=CC(C(C)C)=C1)C,74.90352783
Brc1cccnc1,o1ccc(n1)c2ccccc2,CN(C)/C(N(C)C)=N\C(C)(C)C,CC(C)C1=CC(C(C)C)=CC(C(C)C)=C1C2=C(P(C(C)(C)C)C(C)(C)C)C(OC)=CC=C2OC,78.37132703
COc1ccc(Cl)cc1,COC(=O)c1cc(on1)c2sccc2,CN(C)/C(N(C)C)=N\C(C)(C)C,CC(C)C(C=C(C(C)C)C=C1C(C)C)=C1C2=CC=CC=C2P(C(C)(C)C)C(C)(C)C,0.252253584
Brc1ccccn1,CCOC(=O)c1conc1,CN1CCCN2CCCN=C12,CC(C1=C(C2=C(OC)C=CC(OC)=C2P(C34CC5CC(C4)CC(C5)C3)C67CC8CC(C7)CC(C8)C6)C(C(C)C)=CC(C(C)C)=C1)C,35.36016156
Clc1ccccn1,COC(=O)c1cc(on1)c2occc2,CN(C)/C(N(C)C)=N\C(C)(C)C,CC(C1=C(C2=C(OC)C=CC(OC)=C2P(C34CC5CC(C4)CC(C5)C3)C67CC8CC(C7)CC(C8)C6)C(C(C)C)=CC(C(C)C)=C1)C,26.8260429
COc1ccc(Br)cc1,o1ncc2ccccc12,CN1CCCN2CCCN=C12,CC(C)C1=CC(C(C)C)=CC(C(C)C)=C1C2=C(P(C3CCCCC3)C4CCCCC4)C=CC=C2,1.79441071
Ic1ccccn1,CCOC(=O)c1onc(C)c1,CN(C)P(N(C)C)(N(C)C)=NP(N(C)C)(N(C)C)=NCC,CC(C)C1=CC(C(C)C)=CC(C(C)C)=C1C2=C(P(C3CCCCC3)C4CCCCC4)C=CC=C2,51.10248957
Clc1ccccn1,Cc1onc(C)c1,CN(C)/C(N(C)C)=N\C(C)(C)C,CC(C)C1=CC(C(C)C)=CC(C(C)C)=C1C2=C(P(C3CCCCC3)C4CCCCC4)C=CC=C2,24.23900204
Ic1ccccn1,Fc1cccc(F)c1c2oncc2,CN(C)P(N(C)C)(N(C)C)=NP(N(C)C)(N(C)C)=NCC,CC(C)C1=CC(C(C)C)=CC(C(C)C)=C1C2=C(P(C(C)(C)C)C(C)(C)C)C(OC)=CC=C2OC,32.32915323
COc1ccc(I)cc1,CCOC(=O)c1onc(OC)c1,CN(C)/C(N(C)C)=N\C(C)(C)C,CC(C)C1=CC(C(C)C)=CC(C(C)C)=C1C2=C(P(C3CCCCC3)C4CCCCC4)C=CC=C2,17.02843498
CCc1ccc(Br)cc1,CCOC(=O)c1conc1,CN1CCCN2CCCN=C12,CC(C)C1=CC(C(C)C)=CC(C(C)C)=C1C2=C(P(C3CCCCC3)C4CCCCC4)C=CC=C2,17.85871647
FC(F)(F)c1ccc(Br)cc1,COC(=O)c1cc(on1)c2sccc2,CN(C)P(N(C)C)(N(C)C)=NP(N(C)C)(N(C)C)=NCC,CC(C)C(C=C(C(C)C)C=C1C(C)C)=C1C2=CC=CC=C2P(C(C)(C)C)C(C)(C)C,40.52594956
Ic1cccnc1,COC(=O)c1oncc1,CN(C)P(N(C)C)(N(C)C)=NP(N(C)C)(N(C)C)=NCC,CC(C1=C(C2=C(OC)C=CC(OC)=C2P(C34CC5CC(C4)CC(C5)C3)C67CC8CC(C7)CC(C8)C6)C(C(C)C)=CC(C(C)C)=C1)C,10.8296376
CCc1ccc(Cl)cc1,o1cc(cn1)c2ccccc2,CN1CCCN2CCCN=C12,CC(C)C1=CC(C(C)C)=CC(C(C)C)=C1C2=C(P(C3CCCCC3)C4CCCCC4)C=CC=C2,2.331533569
FC(F)(F)c1ccc(I)cc1,o1ncc2ccccc12,CN(C)/C(N(C)C)=N\C(C)(C)C,CC(C1=C(C2=C(OC)C=CC(OC)=C2P(C34CC5CC(C4)CC(C5)C3)C67CC8CC(C7)CC(C8)C6)C(C(C)C)=CC(C(C)C)=C1)C,30.77223842
FC(F)(F)c1ccc(Cl)cc1,COC(=O)c1cc(on1)c2sccc2,CN(C)P(N(C)C)(N(C)C)=NP(N(C)C)(N(C)C)=NCC,CC(C1=C(C2=C(OC)C=CC(OC)=C2P(C34CC5CC(C4)CC(C5)C3)C67CC8CC(C7)CC(C8)C6)C(C(C)C)=CC(C(C)C)=C1)C,1.159391266
Brc1ccccn1,o1cc(cn1)c2ccccc2,CN(C)/C(N(C)C)=N\C(C)(C)C,CC(C1=C(C2=C(OC)C=CC(OC)=C2P(C34CC5CC(C4)CC(C5)C3)C67CC8CC(C7)CC(C8)C6)C(C(C)C)=CC(C(C)C)=C1)C,16.25514799
COc1ccc(Cl)cc1,CCOC(=O)c1cc(C)on1,CN1CCCN2CCCN=C12,CC(C1=C(C2=C(OC)C=CC(OC)=C2P(C34CC5CC(C4)CC(C5)C3)C67CC8CC(C7)CC(C8)C6)C(C(C)C)=CC(C(C)C)=C1)C,0.364667905
Ic1ccccn1,o1nccc1c2ccccc2,CN1CCCN2CCCN=C12,CC(C)C(C=C(C(C)C)C=C1C(C)C)=C1C2=CC=CC=C2P(C(C)(C)C)C(C)(C)C,97.56849953
FC(F)(F)c1ccc(I)cc1,o1nccc1c2ccccc2,CN(C)/C(N(C)C)=N\C(C)(C)C,CC(C1=C(C2=C(OC)C=CC(OC)=C2P(C34CC5CC(C4)CC(C5)C3)C67CC8CC(C7)CC(C8)C6)C(C(C)C)=CC(C(C)C)=C1)C,39.74593472
Clc1ccccn1,o1cc2ccccc2n1,CN(C)P(N(C)C)(N(C)C)=NP(N(C)C)(N(C)C)=NCC,CC(C)C(C=C(C(C)C)C=C1C(C)C)=C1C2=CC=CC=C2P(C(C)(C)C)C(C)(C)C,19.47556274
FC(F)(F)c1ccc(Br)cc1,COC(=O)c1cc(on1)c2occc2,CN(C)/C(N(C)C)=N\C(C)(C)C,CC(C1=C(C2=C(OC)C=CC(OC)=C2P(C34CC5CC(C4)CC(C5)C3)C67CC8CC(C7)CC(C8)C6)C(C(C)C)=CC(C(C)C)=C1)C,28.78693437
COc1ccc(I)cc1,o1ncc2ccccc12,CN1CCCN2CCCN=C12,CC(C)C1=CC(C(C)C)=CC(C(C)C)=C1C2=C(P(C3CCCCC3)C4CCCCC4)C=CC=C2,2.066222749
FC(F)(F)c1ccc(I)cc1,o1cc(cn1)c2ccccc2,CN1CCCN2CCCN=C12,CC(C)C1=CC(C(C)C)=CC(C(C)C)=C1C2=C(P(C3CCCCC3)C4CCCCC4)C=CC=C2,26.67806508
Ic1ccccn1,CCOC(=O)c1conc1,CN(C)/C(N(C)C)=N\C(C)(C)C,CC(C)C1=CC(C(C)C)=CC(C(C)C)=C1C2=C(P(C(C)(C)C)C(C)(C)C)C(OC)=CC=C2OC,2.633148758
COc1ccc(Cl)cc1,o1nccc1c2ccccc2,CN(C)/C(N(C)C)=N\C(C)(C)C,CC(C)C1=CC(C(C)C)=CC(C(C)C)=C1C2=C(P(C(C)(C)C)C(C)(C)C)C(OC)=CC=C2OC,0.0
Brc1ccccn1,Cc1onc(C)c1,CN(C)P(N(C)C)(N(C)C)=NP(N(C)C)(N(C)C)=NCC,CC(C)C1=CC(C(C)C)=CC(C(C)C)=C1C2=C(P(C3CCCCC3)C4CCCCC4)C=CC=C2,23.5354934
COc1ccc(I)cc1,Cc1onc(C)c1,CN(C)/C(N(C)C)=N\C(C)(C)C,CC(C)C1=CC(C(C)C)=CC(C(C)C)=C1C2=C(P(C3CCCCC3)C4CCCCC4)C=CC=C2,17.10738006
CCc1ccc(I)cc1,CCOC(=O)c1onc(OC)c1,CN(C)/C(N(C)C)=N\C(C)(C)C,CC(C)C(C=C(C(C)C)C=C1C(C)C)=C1C2=CC=CC=C2P(C(C)(C)C)C(C)(C)C,64.45105489
Brc1ccccn1,Cc1onc(C)c1,CN(C)/C(N(C)C)=N\C(C)(C)C,CC(C)C1=CC(C(C)C)=CC(C(C)C)=C1C2=C(P(C(C)(C)C)C(C)(C)C)C(OC)=CC=C2OC,62.53871196
Ic1ccccn1,o1cc2ccccc2n1,CN(C)P(N(C)C)(N(C)C)=NP(N(C)C)(N(C)C)=NCC,CC(C)C1=CC(C(C)C)=CC(C(C)C)=C1C2=C(P(C(C)(C)C)C(C)(C)C)C(OC)=CC=C2OC,13.88482007
CCc1ccc(I)cc1,CCOC(=O)c1conc1,CN(C)P(N(C)C)(N(C)C)=NP(N(C)C)(N(C)C)=NCC,CC(C)C(C=C(C(C)C)C=C1C(C)C)=C1C2=CC=CC=C2P(C(C)(C)C)C(C)(C)C,8.36792795
Clc1ccccn1,C(N(Cc1ccccc1)c2ccon2)c3ccccc3,CN(C)/C(N(C)C)=N\C(C)(C)C,CC(C)C1=CC(C(C)C)=CC(C(C)C)=C1C2=C(P(C(C)(C)C)C(C)(C)C)C(OC)=CC=C2OC,58.92871095
Clc1cccnc1,Cc1oncc1,CN1CCCN2CCCN=C12,CC(C)C1=CC(C(C)C)=CC(C(C)C)=C1C2=C(P(C3CCCCC3)C4CCCCC4)C=CC=C2,6.968929302
COc1ccc(Cl)cc1,CCOC(=O)c1conc1,CN(C)/C(N(C)C)=N\C(C)(C)C,CC(C)C(C=C(C(C)C)C=C1C(C)C)=C1C2=CC=CC=C2P(C(C)(C)C)C(C)(C)C,0.0
Clc1ccccn1,o1cc2ccccc2n1,CN(C)/C(N(C)C)=N\C(C)(C)C,CC(C1=C(C2=C(OC)C=CC(OC)=C2P(C34CC5CC(C4)CC(C5)C3)C67CC8CC(C7)CC(C8)C6)C(C(C)C)=CC(C(C)C)=C1)C,3.547951578
Brc1ccccn1,C(N(Cc1ccccc1)c2ccon2)c3ccccc3,CN1CCCN2CCCN=C12,CC(C)C(C=C(C(C)C)C=C1C(C)C)=C1C2=CC=CC=C2P(C(C)(C)C)C(C)(C)C,83.82537223
Ic1ccccn1,CCOC(=O)c1onc(OC)c1,CN(C)P(N(C)C)(N(C)C)=NP(N(C)C)(N(C)C)=NCC,CC(C1=C(C2=C(OC)C=CC(OC)=C2P(C34CC5CC(C4)CC(C5)C3)C67CC8CC(C7)CC(C8)C6)C(C(C)C)=CC(C(C)C)=C1)C,80.90631241
Brc1ccccn1,CCOC(=O)c1cc(C)on1,CN(C)P(N(C)C)(N(C)C)=NP(N(C)C)(N(C)C)=NCC,CC(C)C1=CC(C(C)C)=CC(C(C)C)=C1C2=C(P(C(C)(C)C)C(C)(C)C)C(OC)=CC=C2OC,76.33612431
COc1ccc(Cl)cc1,CCOC(=O)c1onc(OC)c1,CN(C)/C(N(C)C)=N\C(C)(C)C,CC(C)C1=CC(C(C)C)=CC(C(C)C)=C1C2=C(P(C(C)(C)C)C(C)(C)C)C(OC)=CC=C2OC,0.0
FC(F)(F)c1ccc(Br)cc1,Fc1cccc(F)c1c2oncc2,CN1CCCN2CCCN=C12,CC(C)C1=CC(C(C)C)=CC(C(C)C)=C1C2=C(P(C(C)(C)C)C(C)(C)C)C(OC)=CC=C2OC,36.28377215
COc1ccc(I)cc1,Cc1onc(C)c1,CN(C)P(N(C)C)(N(C)C)=NP(N(C)C)(N(C)C)=NCC,CC(C)C(C=C(C(C)C)C=C1C(C)C)=C1C2=CC=CC=C2P(C(C)(C)C)C(C)(C)C,47.05254638
CCc1ccc(Br)cc1,C(N(Cc1ccccc1)c2oncc2)c3ccccc3,CN(C)P(N(C)C)(N(C)C)=NP(N(C)C)(N(C)C)=NCC,CC(C)C(C=C(C(C)C)C=C1C(C)C)=C1C2=CC=CC=C2P(C(C)(C)C)C(C)(C)C,16.8324099
Ic1ccccn1,CCOC(=O)c1conc1,CN1CCCN2CCCN=C12,CC(C)C1=CC(C(C)C)=CC(C(C)C)=C1C2=C(P(C3CCCCC3)C4CCCCC4)C=CC=C2,13.49999802
CCc1ccc(Cl)cc1,o1nccc1c2ccccc2,CN(C)P(N(C)C)(N(C)C)=NP(N(C)C)(N(C)C)=NCC,CC(C)C(C=C(C(C)C)C=C1C(C)C)=C1C2=CC=CC=C2P(C(C)(C)C)C(C)(C)C,7.641917878
CCc1ccc(I)cc1,C(N(Cc1ccccc1)c2oncc2)c3ccccc3,CN1CCCN2CCCN=C12,CC(C)C1=CC(C(C)C)=CC(C(C)C)=C1C2=C(P(C3CCCCC3)C4CCCCC4)C=CC=C2,4.972241085
Ic1ccccn1,CCOC(=O)c1onc(C)c1,CN1CCCN2CCCN=C12,CC(C1=C(C2=C(OC)C=CC(OC)=C2P(C34CC5CC(C4)CC(C5)C3)C67CC8CC(C7)CC(C8)C6)C(C(C)C)=CC(C(C)C)=C1)C,99.03446213
COc1ccc(Cl)cc1,CCOC(=O)c1onc(C)c1,CN(C)/C(N(C)C)=N\C(C)(C)C,CC(C)C(C=C(C(C)C)C=C1C(C)C)=C1C2=CC=CC=C2P(C(C)(C)C)C(C)(C)C,0.0
CCc1ccc(I)cc1,Cc1onc(C)c1,CN1CCCN2CCCN=C12,CC(C1=C(C2=C(OC)C=CC(OC)=C2P(C34CC5CC(C4)CC(C5)C3)C67CC8CC(C7)CC(C8)C6)C(C(C)C)=CC(C(C)C)=C1)C,76.98654081
CCc1ccc(Br)cc1,Fc1cccc(F)c1c2oncc2,CN1CCCN2CCCN=C12,CC(C1=C(C2=C(OC)C=CC(OC)=C2P(C34CC5CC(C4)CC(C5)C3)C67CC8CC(C7)CC(C8)C6)C(C(C)C)=CC(C(C)C)=C1)C,34.67021781
CCc1ccc(Br)cc1,CCOC(=O)c1onc(OC)c1,CN1CCCN2CCCN=C12,CC(C)C1=CC(C(C)C)=CC(C(C)C)=C1C2=C(P(C(C)(C)C)C(C)(C)C)C(OC)=CC=C2OC,55.23935567
FC(F)(F)c1ccc(I)cc1,COC(=O)c1oncc1,CN1CCCN2CCCN=C12,CC(C)C(C=C(C(C)C)C=C1C(C)C)=C1C2=CC=CC=C2P(C(C)(C)C)C(C)(C)C,44.03901684
FC(F)(F)c1ccc(Cl)cc1,CCOC(=O)c1onc(C)c1,CN(C)/C(N(C)C)=N\C(C)(C)C,CC(C)C(C=C(C(C)C)C=C1C(C)C)=C1C2=CC=CC=C2P(C(C)(C)C)C(C)(C)C,7.837919121
CCc1ccc(I)cc1,o1ccc(n1)c2ccccc2,CN(C)/C(N(C)C)=N\C(C)(C)C,CC(C)C1=CC(C(C)C)=CC(C(C)C)=C1C2=C(P(C(C)(C)C)C(C)(C)C)C(OC)=CC=C2OC,79.18190676
Brc1cccnc1,CCOC(=O)c1cnoc1C,CN(C)/C(N(C)C)=N\C(C)(C)C,CC(C1=C(C2=C(OC)C=CC(OC)=C2P(C34CC5CC(C4)CC(C5)C3)C67CC8CC(C7)CC(C8)C6)C(C(C)C)=CC(C(C)C)=C1)C,7.466671245
COc1ccc(Cl)cc1,Fc1cccc(F)c1c2oncc2,CN(C)/C(N(C)C)=N\C(C)(C)C,CC(C)C1=CC(C(C)C)=CC(C(C)C)=C1C2=C(P(C3CCCCC3)C4CCCCC4)C=CC=C2,0.0
COc1ccc(Br)cc1,o1cc(cn1)c2ccccc2,CN1CCCN2CCCN=C12,CC(C)C1=CC(C(C)C)=CC(C(C)C)=C1C2=C(P(C(C)(C)C)C(C)(C)C)C(OC)=CC=C2OC,20.76458994
Ic1ccccn1,o1cc(cn1)c2ccccc2,CN1CCCN2CCCN=C12,CC(C)C1=CC(C(C)C)=CC(C(C)C)=C1C2=C(P(C3CCCCC3)C4CCCCC4)C=CC=C2,34.44632451
CCc1ccc(Br)cc1,C(N(Cc1ccccc1)c2ccon2)c3ccccc3,CN(C)P(N(C)C)(N(C)C)=NP(N(C)C)(N(C)C)=NCC,CC(C)C1=CC(C(C)C)=CC(C(C)C)=C1C2=C(P(C(C)(C)C)C(C)(C)C)C(OC)=CC=C2OC,65.10791868
Brc1ccccn1,Cc1ccon1,CN(C)P(N(C)C)(N(C)C)=NP(N(C)C)(N(C)C)=NCC,CC(C)C1=CC(C(C)C)=CC(C(C)C)=C1C2=C(P(C(C)(C)C)C(C)(C)C)C(OC)=CC=C2OC,88.30829539
FC(F)(F)c1ccc(Br)cc1,Cc1ccon1,CN(C)P(N(C)C)(N(C)C)=NP(N(C)C)(N(C)C)=NCC,CC(C)C1=CC(C(C)C)=CC(C(C)C)=C1C2=C(P(C3CCCCC3)C4CCCCC4)C=CC=C2,9.302544665
COc1ccc(Cl)cc1,o1ncc2ccccc12,CN(C)/C(N(C)C)=N\C(C)(C)C,CC(C)C1=CC(C(C)C)=CC(C(C)C)=C1C2=C(P(C3CCCCC3)C4CCCCC4)C=CC=C2,0.0
Clc1cccnc1,o1nccc1c2ccccc2,CN(C)/C(N(C)C)=N\C(C)(C)C,CC(C)C(C=C(C(C)C)C=C1C(C)C)=C1C2=CC=CC=C2P(C(C)(C)C)C(C)(C)C,15.19452071
FC(F)(F)c1ccc(Br)cc1,COC(=O)c1cc(on1)c2sccc2,CN(C)P(N(C)C)(N(C)C)=NP(N(C)C)(N(C)C)=NCC,CC(C1=C(C2=C(OC)C=CC(OC)=C2P(C34CC5CC(C4)CC(C5)C3)C67CC8CC(C7)CC(C8)C6)C(C(C)C)=CC(C(C)C)=C1)C,19.7798759
CCc1ccc(Cl)cc1,Cc1oncc1,CN(C)P(N(C)C)(N(C)C)=NP(N(C)C)(N(C)C)=NCC,CC(C)C(C=C(C(C)C)C=C1C(C)C)=C1C2=CC=CC=C2P(C(C)(C)C)C(C)(C)C,2.889330361
Clc1ccccn1,C(N(Cc1ccccc1)c2oncc2)c3ccccc3,CN(C)P(N(C)C)(N(C)C)=NP(N(C)C)(N(C)C)=NCC,CC(C)C1=CC(C(C)C)=CC(C(C)C)=C1C2=C(P(C(C)(C)C)C(C)(C)C)C(OC)=CC=C2OC,41.14460565
Clc1ccccn1,C(N(Cc1ccccc1)c2ccon2)c3ccccc3,CN(C)/C(N(C)C)=N\C(C)(C)C,CC(C)C1=CC(C(C)C)=CC(C(C)C)=C1C2=C(P(C3CCCCC3)C4CCCCC4)C=CC=C2,26.0695387
FC(F)(F)c1ccc(Cl)cc1,Cc1ccon1,CN1CCCN2CCCN=C12,CC(C)C1=CC(C(C)C)=CC(C(C)C)=C1C2=C(P(C(C)(C)C)C(C)(C)C)C(OC)=CC=C2OC,18.21528105
COc1ccc(Br)cc1,CCOC(=O)c1conc1,CN1CCCN2CCCN=C12,CC(C1=C(C2=C(OC)C=CC(OC)=C2P(C34CC5CC(C4)CC(C5)C3)C67CC8CC(C7)CC(C8)C6)C(C(C)C)=CC(C(C)C)=C1)C,18.44134196
CCc1ccc(Br)cc1,o1cc(cn1)c2ccccc2,CN(C)P(N(C)C)(N(C)C)=NP(N(C)C)(N(C)C)=NCC,CC(C)C1=CC(C(C)C)=CC(C(C)C)=C1C2=C(P(C3CCCCC3)C4CCCCC4)C=CC=C2,13.24692026
CCc1ccc(Br)cc1,o1ncc2ccccc12,CN1CCCN2CCCN=C12,CC(C1=C(C2=C(OC)C=CC(OC)=C2P(C34CC5CC(C4)CC(C5)C3)C67CC8CC(C7)CC(C8)C6)C(C(C)C)=CC(C(C)C)=C1)C,54.56471519
Clc1ccccn1,o1cc2ccccc2n1,CN1CCCN2CCCN=C12,CC(C)C1=CC(C(C)C)=CC(C(C)C)=C1C2=C(P(C3CCCCC3)C4CCCCC4)C=CC=C2,6.536001371
CCc1ccc(Br)cc1,CCOC(=O)c1cnoc1C,CN(C)/C(N(C)C)=N\C(C)(C)C,CC(C)C1=CC(C(C)C)=CC(C(C)C)=C1C2=C(P(C(C)(C)C)C(C)(C)C)C(OC)=CC=C2OC,7.479579469
CCc1ccc(Cl)cc1,CCOC(=O)c1conc1,CN(C)P(N(C)C)(N(C)C)=NP(N(C)C)(N(C)C)=NCC,CC(C)C(C=C(C(C)C)C=C1C(C)C)=C1C2=CC=CC=C2P(C(C)(C)C)C(C)(C)C,0.400015161
Ic1ccccn1,o1ccc(n1)c2ccccc2,CN(C)/C(N(C)C)=N\C(C)(C)C,CC(C)C1=CC(C(C)C)=CC(C(C)C)=C1C2=C(P(C3CCCCC3)C4CCCCC4)C=CC=C2,57.6053748
Clc1cccnc1,CCOC(=O)c1ccon1,CN(C)P(N(C)C)(N(C)C)=NP(N(C)C)(N(C)C)=NCC,CC(C)C1=CC(C(C)C)=CC(C(C)C)=C1C2=C(P(C(C)(C)C)C(C)(C)C)C(OC)=CC=C2OC,0.0
Clc1cccnc1,Fc1cccc(F)c1c2oncc2,CN(C)/C(N(C)C)=N\C(C)(C)C,CC(C)C1=CC(C(C)C)=CC(C(C)C)=C1C2=C(P(C(C)(C)C)C(C)(C)C)C(OC)=CC=C2OC,1.607816561
CCc1ccc(Br)cc1,CCOC(=O)c1onc(OC)c1,CN(C)/C(N(C)C)=N\C(C)(C)C,CC(C)C(C=C(C(C)C)C=C1C(C)C)=C1C2=CC=CC=C2P(C(C)(C)C)C(C)(C)C,57.33300234
Clc1cccnc1,CCOC(=O)c1ccon1,CN(C)/C(N(C)C)=N\C(C)(C)C,CC(C)C1=CC(C(C)C)=CC(C(C)C)=C1C2=C(P(C3CCCCC3)C4CCCCC4)C=CC=C2,11.67138777
Clc1ccccn1,o1ccc(n1)c2ccccc2,CN(C)/C(N(C)C)=N\C(C)(C)C,CC(C)C(C=C(C(C)C)C=C1C(C)C)=C1C2=CC=CC=C2P(C(C)(C)C)C(C)(C)C,80.58863006
CCc1ccc(Br)cc1,Cc1ccon1,CN(C)P(N(C)C)(N(C)C)=NP(N(C)C)(N(C)C)=NCC,CC(C)C1=CC(C(C)C)=CC(C(C)C)=C1C2=C(P(C3CCCCC3)C4CCCCC4)C=CC=C2,64.27233548
CCc1ccc(Br)cc1,CCOC(=O)c1conc1,CN(C)P(N(C)C)(N(C)C)=NP(N(C)C)(N(C)C)=NCC,CC(C)C1=CC(C(C)C)=CC(C(C)C)=C1C2=C(P(C(C)(C)C)C(C)(C)C)C(OC)=CC=C2OC,13.59760256
Brc1ccccn1,CCOC(=O)c1cnoc1C,CN1CCCN2CCCN=C12,CC(C)C1=CC(C(C)C)=CC(C(C)C)=C1C2=C(P(C(C)(C)C)C(C)(C)C)C(OC)=CC=C2OC,50.70720641
CCc1ccc(Cl)cc1,Fc1cccc(F)c1c2oncc2,CN(C)/C(N(C)C)=N\C(C)(C)C,CC(C)C1=CC(C(C)C)=CC(C(C)C)=C1C2=C(P(C3CCCCC3)C4CCCCC4)C=CC=C2,1.896990139
FC(F)(F)c1ccc(Br)cc1,CCOC(=O)c1cnoc1C,CN(C)P(N(C)C)(N(C)C)=NP(N(C)C)(N(C)C)=NCC,CC(C1=C(C2=C(OC)C=CC(OC)=C2P(C34CC5CC(C4)CC(C5)C3)C67CC8CC(C7)CC(C8)C6)C(C(C)C)=CC(C(C)C)=C1)C,9.576264128
COc1ccc(Cl)cc1,CCOC(=O)c1onc(C)c1,CN(C)P(N(C)C)(N(C)C)=NP(N(C)C)(N(C)C)=NCC,CC(C)C1=CC(C(C)C)=CC(C(C)C)=C1C2=C(P(C3CCCCC3)C4CCCCC4)C=CC=C2,0.0
Clc1cccnc1,COC(=O)c1cc(on1)c2occc2,CN(C)/C(N(C)C)=N\C(C)(C)C,CC(C)C(C=C(C(C)C)C=C1C(C)C)=C1C2=CC=CC=C2P(C(C)(C)C)C(C)(C)C,6.768064781
Ic1ccccn1,Cc1ccon1,CN(C)/C(N(C)C)=N\C(C)(C)C,CC(C)C1=CC(C(C)C)=CC(C(C)C)=C1C2=C(P(C(C)(C)C)C(C)(C)C)C(OC)=CC=C2OC,90.37135809
COc1ccc(Br)cc1,Cc1onc(c1)n2cccc2,CN(C)/C(N(C)C)=N\C(C)(C)C,CC(C)C(C=C(C(C)C)C=C1C(C)C)=C1C2=CC=CC=C2P(C(C)(C)C)C(C)(C)C,39.21368937
CCc1ccc(I)cc1,o1ccc(n1)c2ccccc2,CN1CCCN2CCCN=C12,CC(C)C(C=C(C(C)C)C=C1C(C)C)=C1C2=CC=CC=C2P(C(C)(C)C)C(C)(C)C,79.26160687
Brc1ccccn1,Cc1oncc1,CN1CCCN2CCCN=C12,CC(C)C(C=C(C(C)C)C=C1C(C)C)=C1C2=CC=CC=C2P(C(C)(C)C)C(C)(C)C,81.15618498
FC(F)(F)c1ccc(I)cc1,CCOC(=O)c1ccon1,CN(C)P(N(C)C)(N(C)C)=NP(N(C)C)(N(C)C)=NCC,CC(C1=C(C2=C(OC)C=CC(OC)=C2P(C34CC5CC(C4)CC(C5)C3)C67CC8CC(C7)CC(C8)C6)C(C(C)C)=CC(C(C)C)=C1)C,12.15190247
Clc1cccnc1,Fc1cccc(F)c1c2oncc2,CN1CCCN2CCCN=C12,CC(C)C1=CC(C(C)C)=CC(C(C)C)=C1C2=C(P(C3CCCCC3)C4CCCCC4)C=CC=C2,3.338911929
Clc1cccnc1,CCOC(=O)c1conc1,CN(C)/C(N(C)C)=N\C(C)(C)C,CC(C)C1=CC(C(C)C)=CC(C(C)C)=C1C2=C(P(C(C)(C)C)C(C)(C)C)C(OC)=CC=C2OC,0.0
COc1ccc(I)cc1,Cc1oncc1,CN1CCCN2CCCN=C12,CC(C1=C(C2=C(OC)C=CC(OC)=C2P(C34CC5CC(C4)CC(C5)C3)C67CC8CC(C7)CC(C8)C6)C(C(C)C)=CC(C(C)C)=C1)C,50.10463357
COc1ccc(Br)cc1,Cc1oncc1,CN1CCCN2CCCN=C12,CC(C)C(C=C(C(C)C)C=C1C(C)C)=C1C2=CC=CC=C2P(C(C)(C)C)C(C)(C)C,44.39407022
Clc1ccccn1,Cc1onc(C)c1,CN(C)/C(N(C)C)=N\C(C)(C)C,CC(C1=C(C2=C(OC)C=CC(OC)=C2P(C34CC5CC(C4)CC(C5)C3)C67CC8CC(C7)CC(C8)C6)C(C(C)C)=CC(C(C)C)=C1)C,33.09635306
Brc1cccnc1,CCOC(=O)c1conc1,CN(C)P(N(C)C)(N(C)C)=NP(N(C)C)(N(C)C)=NCC,CC(C)C1=CC(C(C)C)=CC(C(C)C)=C1C2=C(P(C3CCCCC3)C4CCCCC4)C=CC=C2,0.0
FC(F)(F)c1ccc(I)cc1,CCOC(=O)c1ccon1,CN(C)/C(N(C)C)=N\C(C)(C)C,CC(C)C(C=C(C(C)C)C=C1C(C)C)=C1C2=CC=CC=C2P(C(C)(C)C)C(C)(C)C,35.32665147
Clc1ccccn1,CCOC(=O)c1cnoc1C,CN(C)/C(N(C)C)=N\C(C)(C)C,CC(C1=C(C2=C(OC)C=CC(OC)=C2P(C34CC5CC(C4)CC(C5)C3)C67CC8CC(C7)CC(C8)C6)C(C(C)C)=CC(C(C)C)=C1)C,3.964447459
COc1ccc(I)cc1,Fc1cccc(F)c1c2oncc2,CN(C)P(N(C)C)(N(C)C)=NP(N(C)C)(N(C)C)=NCC,CC(C)C1=CC(C(C)C)=CC(C(C)C)=C1C2=C(P(C3CCCCC3)C4CCCCC4)C=CC=C2,6.654637209
FC(F)(F)c1ccc(I)cc1,o1ncc2ccccc12,CN1CCCN2CCCN=C12,CC(C)C1=CC(C(C)C)=CC(C(C)C)=C1C2=C(P(C3CCCCC3)C4CCCCC4)C=CC=C2,40.27113975
Clc1ccccn1,Cc1cc(on1)c2ccccc2,CN(C)P(N(C)C)(N(C)C)=NP(N(C)C)(N(C)C)=NCC,CC(C)C(C=C(C(C)C)C=C1C(C)C)=C1C2=CC=CC=C2P(C(C)(C)C)C(C)(C)C,54.53336611
COc1ccc(Cl)cc1,CCOC(=O)c1onc(OC)c1,CN(C)/C(N(C)C)=N\C(C)(C)C,CC(C)C1=CC(C(C)C)=CC(C(C)C)=C1C2=C(P(C3CCCCC3)C4CCCCC4)C=CC=C2,0.0
Brc1ccccn1,Cc1ccon1,CN1CCCN2CCCN=C12,CC(C1=C(C2=C(OC)C=CC(OC)=C2P(C34CC5CC(C4)CC(C5)C3)C67CC8CC(C7)CC(C8)C6)C(C(C)C)=CC(C(C)C)=C1)C,89.47412112
FC(F)(F)c1ccc(I)cc1,C(N(Cc1ccccc1)c2oncc2)c3ccccc3,CN(C)P(N(C)C)(N(C)C)=NP(N(C)C)(N(C)C)=NCC,CC(C)C1=CC(C(C)C)=CC(C(C)C)=C1C2=C(P(C(C)(C)C)C(C)(C)C)C(OC)=CC=C2OC,34.70800352
FC(F)(F)c1ccc(I)cc1,CCOC(=O)c1conc1,CN(C)/C(N(C)C)=N\C(C)(C)C,CC(C)C1=CC(C(C)C)=CC(C(C)C)=C1C2=C(P(C3CCCCC3)C4CCCCC4)C=CC=C2,0.70766924
COc1ccc(Br)cc1,CCOC(=O)c1onc(OC)c1,CN(C)/C(N(C)C)=N\C(C)(C)C,CC(C)C1=CC(C(C)C)=CC(C(C)C)=C1C2=C(P(C(C)(C)C)C(C)(C)C)C(OC)=CC=C2OC,25.94389985
FC(F)(F)c1ccc(Cl)cc1,COC(=O)c1cc(on1)c2sccc2,CN(C)/C(N(C)C)=N\C(C)(C)C,CC(C)C(C=C(C(C)C)C=C1C(C)C)=C1C2=CC=CC=C2P(C(C)(C)C)C(C)(C)C,12.88972347
CCc1ccc(I)cc1,C(N(Cc1ccccc1)c2ccon2)c3ccccc3,CN(C)/C(N(C)C)=N\C(C)(C)C,CC(C)C1=CC(C(C)C)=CC(C(C)C)=C1C2=C(P(C(C)(C)C)C(C)(C)C)C(OC)=CC=C2OC,66.51493362
Brc1cccnc1,CCOC(=O)c1ccon1,CN(C)P(N(C)C)(N(C)C)=NP(N(C)C)(N(C)C)=NCC,CC(C)C1=CC(C(C)C)=CC(C(C)C)=C1C2=C(P(C3CCCCC3)C4CCCCC4)C=CC=C2,0.0
CCc1ccc(I)cc1,COC(=O)c1cc(on1)c2occc2,CN(C)P(N(C)C)(N(C)C)=NP(N(C)C)(N(C)C)=NCC,CC(C1=C(C2=C(OC)C=CC(OC)=C2P(C34CC5CC(C4)CC(C5)C3)C67CC8CC(C7)CC(C8)C6)C(C(C)C)=CC(C(C)C)=C1)C,64.24887053
Clc1cccnc1,COC(=O)c1cc(on1)c2occc2,CN1CCCN2CCCN=C12,CC(C)C1=CC(C(C)C)=CC(C(C)C)=C1C2=C(P(C(C)(C)C)C(C)(C)C)C(OC)=CC=C2OC,2.405254053
Brc1ccccn1,COC(=O)c1cc(on1)c2sccc2,CN(C)/C(N(C)C)=N\C(C)(C)C,CC(C)C(C=C(C(C)C)C=C1C(C)C)=C1C2=CC=CC=C2P(C(C)(C)C)C(C)(C)C,64.68492451
COc1ccc(Cl)cc1,Cc1cc(on1)c2ccccc2,CN(C)/C(N(C)C)=N\C(C)(C)C,CC(C)C1=CC(C(C)C)=CC(C(C)C)=C1C2=C(P(C3CCCCC3)C4CCCCC4)C=CC=C2,0.448085745
COc1ccc(Br)cc1,o1cc2ccccc2n1,CN1CCCN2CCCN=C12,CC(C)C1=CC(C(C)C)=CC(C(C)C)=C1C2=C(P(C(C)(C)C)C(C)(C)C)C(OC)=CC=C2OC,7.275251821
Ic1cccnc1,CCOC(=O)c1conc1,CN(C)P(N(C)C)(N(C)C)=NP(N(C)C)(N(C)C)=NCC,CC(C)C1=CC(C(C)C)=CC(C(C)C)=C1C2=C(P(C(C)(C)C)C(C)(C)C)C(OC)=CC=C2OC,6.499222361
FC(F)(F)c1ccc(Cl)cc1,Cc1oncc1,CN(C)P(N(C)C)(N(C)C)=NP(N(C)C)(N(C)C)=NCC,CC(C)C(C=C(C(C)C)C=C1C(C)C)=C1C2=CC=CC=C2P(C(C)(C)C)C(C)(C)C,9.616112883
FC(F)(F)c1ccc(Cl)cc1,Cc1cc(on1)c2ccccc2,CN(C)P(N(C)C)(N(C)C)=NP(N(C)C)(N(C)C)=NCC,CC(C1=C(C2=C(OC)C=CC(OC)=C2P(C34CC5CC(C4)CC(C5)C3)C67CC8CC(C7)CC(C8)C6)C(C(C)C)=CC(C(C)C)=C1)C,0.552049908
Clc1cccnc1,CCOC(=O)c1ccon1,CN(C)P(N(C)C)(N(C)C)=NP(N(C)C)(N(C)C)=NCC,CC(C1=C(C2=C(OC)C=CC(OC)=C2P(C34CC5CC(C4)CC(C5)C3)C67CC8CC(C7)CC(C8)C6)C(C(C)C)=CC(C(C)C)=C1)C,0.0
FC(F)(F)c1ccc(Cl)cc1,COC(=O)c1oncc1,CN(C)P(N(C)C)(N(C)C)=NP(N(C)C)(N(C)C)=NCC,CC(C)C1=CC(C(C)C)=CC(C(C)C)=C1C2=C(P(C3CCCCC3)C4CCCCC4)C=CC=C2,9.055172217
FC(F)(F)c1ccc(Br)cc1,o1ccc(n1)c2ccccc2,CN(C)/C(N(C)C)=N\C(C)(C)C,CC(C)C1=CC(C(C)C)=CC(C(C)C)=C1C2=C(P(C(C)(C)C)C(C)(C)C)C(OC)=CC=C2OC,48.4805474
FC(F)(F)c1ccc(Br)cc1,Cc1ccon1,CN1CCCN2CCCN=C12,CC(C)C1=CC(C(C)C)=CC(C(C)C)=C1C2=C(P(C(C)(C)C)C(C)(C)C)C(OC)=CC=C2OC,49.51819322
Clc1cccnc1,o1ccc(n1)c2ccccc2,CN(C)P(N(C)C)(N(C)C)=NP(N(C)C)(N(C)C)=NCC,CC(C1=C(C2=C(OC)C=CC(OC)=C2P(C34CC5CC(C4)CC(C5)C3)C67CC8CC(C7)CC(C8)C6)C(C(C)C)=CC(C(C)C)=C1)C,9.147761663
CCc1ccc(Br)cc1,C(N(Cc1ccccc1)c2ccon2)c3ccccc3,CN(C)/C(N(C)C)=N\C(C)(C)C,CC(C)C1=CC(C(C)C)=CC(C(C)C)=C1C2=C(P(C(C)(C)C)C(C)(C)C)C(OC)=CC=C2OC,57.9781308
Ic1ccccn1,C(N(Cc1ccccc1)c2oncc2)c3ccccc3,CN1CCCN2CCCN=C12,CC(C)C1=CC(C(C)C)=CC(C(C)C)=C1C2=C(P(C3CCCCC3)C4CCCCC4)C=CC=C2,30.73323241
Clc1cccnc1,o1cc2ccccc2n1,CN(C)P(N(C)C)(N(C)C)=NP(N(C)C)(N(C)C)=NCC,CC(C)C1=CC(C(C)C)=CC(C(C)C)=C1C2=C(P(C3CCCCC3)C4CCCCC4)C=CC=C2,3.23775549
Clc1cccnc1,C(N(Cc1ccccc1)c2ccon2)c3ccccc3,CN(C)/C(N(C)C)=N\C(C)(C)C,CC(C)C1=CC(C(C)C)=CC(C(C)C)=C1C2=C(P(C(C)(C)C)C(C)(C)C)C(OC)=CC=C2OC,32.73462184
FC(F)(F)c1ccc(I)cc1,o1cc2ccccc2n1,CN(C)/C(N(C)C)=N\C(C)(C)C,CC(C)C1=CC(C(C)C)=CC(C(C)C)=C1C2=C(P(C(C)(C)C)C(C)(C)C)C(OC)=CC=C2OC,11.98186799
FC(F)(F)c1ccc(Cl)cc1,CCOC(=O)c1onc(C)c1,CN1CCCN2CCCN=C12,CC(C)C(C=C(C(C)C)C=C1C(C)C)=C1C2=CC=CC=C2P(C(C)(C)C)C(C)(C)C,7.782359234
Ic1ccccn1,Cc1oncc1,CN(C)/C(N(C)C)=N\C(C)(C)C,CC(C1=C(C2=C(OC)C=CC(OC)=C2P(C34CC5CC(C4)CC(C5)C3)C67CC8CC(C7)CC(C8)C6)C(C(C)C)=CC(C(C)C)=C1)C,46.33728613
Ic1cccnc1,CCOC(=O)c1onc(C)c1,CN(C)P(N(C)C)(N(C)C)=NP(N(C)C)(N(C)C)=NCC,CC(C)C1=CC(C(C)C)=CC(C(C)C)=C1C2=C(P(C3CCCCC3)C4CCCCC4)C=CC=C2,48.70823186
Ic1cccnc1,o1cc2ccccc2n1,CN(C)/C(N(C)C)=N\C(C)(C)C,CC(C1=C(C2=C(OC)C=CC(OC)=C2P(C34CC5CC(C4)CC(C5)C3)C67CC8CC(C7)CC(C8)C6)C(C(C)C)=CC(C(C)C)=C1)C,6.702513015
Ic1ccccn1,COC(=O)c1oncc1,CN1CCCN2CCCN=C12,CC(C1=C(C2=C(OC)C=CC(OC)=C2P(C34CC5CC(C4)CC(C5)C3)C67CC8CC(C7)CC(C8)C6)C(C(C)C)=CC(C(C)C)=C1)C,77.54677515
COc1ccc(Cl)cc1,C(N(Cc1ccccc1)c2oncc2)c3ccccc3,CN1CCCN2CCCN=C12,CC(C1=C(C2=C(OC)C=CC(OC)=C2P(C34CC5CC(C4)CC(C5)C3)C67CC8CC(C7)CC(C8)C6)C(C(C)C)=CC(C(C)C)=C1)C,0.0
FC(F)(F)c1ccc(I)cc1,CCOC(=O)c1cnoc1C,CN(C)P(N(C)C)(N(C)C)=NP(N(C)C)(N(C)C)=NCC,CC(C)C1=CC(C(C)C)=CC(C(C)C)=C1C2=C(P(C3CCCCC3)C4CCCCC4)C=CC=C2,14.02259716
FC(F)(F)c1ccc(I)cc1,Cc1ccon1,CN(C)P(N(C)C)(N(C)C)=NP(N(C)C)(N(C)C)=NCC,CC(C)C(C=C(C(C)C)C=C1C(C)C)=C1C2=CC=CC=C2P(C(C)(C)C)C(C)(C)C,42.81292825
CCc1ccc(I)cc1,Fc1cccc(F)c1c2oncc2,CN(C)P(N(C)C)(N(C)C)=NP(N(C)C)(N(C)C)=NCC,CC(C)C(C=C(C(C)C)C=C1C(C)C)=C1C2=CC=CC=C2P(C(C)(C)C)C(C)(C)C,28.11243479
CCc1ccc(Br)cc1,Cc1onc(C)c1,CN(C)/C(N(C)C)=N\C(C)(C)C,CC(C)C1=CC(C(C)C)=CC(C(C)C)=C1C2=C(P(C3CCCCC3)C4CCCCC4)C=CC=C2,33.44114491
COc1ccc(Cl)cc1,Cc1oncc1,CN(C)P(N(C)C)(N(C)C)=NP(N(C)C)(N(C)C)=NCC,CC(C)C1=CC(C(C)C)=CC(C(C)C)=C1C2=C(P(C3CCCCC3)C4CCCCC4)C=CC=C2,1.729864191
CCc1ccc(Br)cc1,Cc1cc(on1)c2ccccc2,CN1CCCN2CCCN=C12,CC(C1=C(C2=C(OC)C=CC(OC)=C2P(C34CC5CC(C4)CC(C5)C3)C67CC8CC(C7)CC(C8)C6)C(C(C)C)=CC(C(C)C)=C1)C,63.68559531
Clc1ccccn1,Cc1onc(c1)n2cccc2,CN(C)P(N(C)C)(N(C)C)=NP(N(C)C)(N(C)C)=NCC,CC(C)C1=CC(C(C)C)=CC(C(C)C)=C1C2=C(P(C3CCCCC3)C4CCCCC4)C=CC=C2,18.57739993
Clc1ccccn1,CCOC(=O)c1cnoc1C,CN1CCCN2CCCN=C12,CC(C)C(C=C(C(C)C)C=C1C(C)C)=C1C2=CC=CC=C2P(C(C)(C)C)C(C)(C)C,48.36115435
Clc1ccccn1,CCOC(=O)c1onc(OC)c1,CN1CCCN2CCCN=C12,CC(C1=C(C2=C(OC)C=CC(OC)=C2P(C34CC5CC(C4)CC(C5)C3)C67CC8CC(C7)CC(C8)C6)C(C(C)C)=CC(C(C)C)=C1)C,52.59936901
Clc1cccnc1,o1cc(cn1)c2ccccc2,CN1CCCN2CCCN=C12,CC(C)C1=CC(C(C)C)=CC(C(C)C)=C1C2=C(P(C3CCCCC3)C4CCCCC4)C=CC=C2,9.061926079
CCc1ccc(Cl)cc1,CCOC(=O)c1conc1,CN1CCCN2CCCN=C12,CC(C)C1=CC(C(C)C)=CC(C(C)C)=C1C2=C(P(C3CCCCC3)C4CCCCC4)C=CC=C2,3.525705852
CCc1ccc(Br)cc1,Cc1onc(c1)n2cccc2,CN(C)/C(N(C)C)=N\C(C)(C)C,CC(C)C1=CC(C(C)C)=CC(C(C)C)=C1C2=C(P(C(C)(C)C)C(C)(C)C)C(OC)=CC=C2OC,59.10146589
COc1ccc(Br)cc1,COC(=O)c1cc(on1)c2sccc2,CN(C)/C(N(C)C)=N\C(C)(C)C,CC(C)C(C=C(C(C)C)C=C1C(C)C)=C1C2=CC=CC=C2P(C(C)(C)C)C(C)(C)C,37.13655068
FC(F)(F)c1ccc(Cl)cc1,o1cc(cn1)c2ccccc2,CN(C)P(N(C)C)(N(C)C)=NP(N(C)C)(N(C)C)=NCC,CC(C1=C(C2=C(OC)C=CC(OC)=C2P(C34CC5CC(C4)CC(C5)C3)C67CC8CC(C7)CC(C8)C6)C(C(C)C)=CC(C(C)C)=C1)C,9.062775444
COc1ccc(I)cc1,Cc1oncc1,CN(C)P(N(C)C)(N(C)C)=NP(N(C)C)(N(C)C)=NCC,CC(C)C1=CC(C(C)C)=CC(C(C)C)=C1C2=C(P(C3CCCCC3)C4CCCCC4)C=CC=C2,4.112217946
CCc1ccc(Br)cc1,CCOC(=O)c1onc(C)c1,CN(C)P(N(C)C)(N(C)C)=NP(N(C)C)(N(C)C)=NCC,CC(C)C(C=C(C(C)C)C=C1C(C)C)=C1C2=CC=CC=C2P(C(C)(C)C)C(C)(C)C,70.86219062
FC(F)(F)c1ccc(I)cc1,CCOC(=O)c1conc1,CN1CCCN2CCCN=C12,CC(C1=C(C2=C(OC)C=CC(OC)=C2P(C34CC5CC(C4)CC(C5)C3)C67CC8CC(C7)CC(C8)C6)C(C(C)C)=CC(C(C)C)=C1)C,24.45376754
CCc1ccc(Cl)cc1,CCOC(=O)c1conc1,CN1CCCN2CCCN=C12,CC(C)C1=CC(C(C)C)=CC(C(C)C)=C1C2=C(P(C(C)(C)C)C(C)(C)C)C(OC)=CC=C2OC,13.65409275
Clc1ccccn1,C(N(Cc1ccccc1)c2ccon2)c3ccccc3,CN1CCCN2CCCN=C12,CC(C)C1=CC(C(C)C)=CC(C(C)C)=C1C2=C(P(C3CCCCC3)C4CCCCC4)C=CC=C2,27.19452945
Clc1cccnc1,COC(=O)c1oncc1,CN(C)P(N(C)C)(N(C)C)=NP(N(C)C)(N(C)C)=NCC,CC(C)C(C=C(C(C)C)C=C1C(C)C)=C1C2=CC=CC=C2P(C(C)(C)C)C(C)(C)C,8.194090633
FC(F)(F)c1ccc(Br)cc1,Fc1cccc(F)c1c2oncc2,CN(C)P(N(C)C)(N(C)C)=NP(N(C)C)(N(C)C)=NCC,CC(C1=C(C2=C(OC)C=CC(OC)=C2P(C34CC5CC(C4)CC(C5)C3)C67CC8CC(C7)CC(C8)C6)C(C(C)C)=CC(C(C)C)=C1)C,12.16304801
Clc1ccccn1,Cc1oncc1,CN(C)/C(N(C)C)=N\C(C)(C)C,CC(C)C1=CC(C(C)C)=CC(C(C)C)=C1C2=C(P(C(C)(C)C)C(C)(C)C)C(OC)=CC=C2OC,42.31281665
FC(F)(F)c1ccc(Br)cc1,CCOC(=O)c1cc(C)on1,CN(C)P(N(C)C)(N(C)C)=NP(N(C)C)(N(C)C)=NCC,CC(C)C(C=C(C(C)C)C=C1C(C)C)=C1C2=CC=CC=C2P(C(C)(C)C)C(C)(C)C,45.78100103
Clc1ccccn1,CCOC(=O)c1onc(OC)c1,CN1CCCN2CCCN=C12,CC(C)C1=CC(C(C)C)=CC(C(C)C)=C1C2=C(P(C3CCCCC3)C4CCCCC4)C=CC=C2,23.90935743
Brc1ccccn1,CCOC(=O)c1cc(C)on1,CN1CCCN2CCCN=C12,CC(C1=C(C2=C(OC)C=CC(OC)=C2P(C34CC5CC(C4)CC(C5)C3)C67CC8CC(C7)CC(C8)C6)C(C(C)C)=CC(C(C)C)=C1)C,84.17796028
Clc1cccnc1,CCOC(=O)c1onc(OC)c1,CN(C)P(N(C)C)(N(C)C)=NP(N(C)C)(N(C)C)=NCC,CC(C)C1=CC(C(C)C)=CC(C(C)C)=C1C2=C(P(C(C)(C)C)C(C)(C)C)C(OC)=CC=C2OC,6.877576478
COc1ccc(I)cc1,C(N(Cc1ccccc1)c2ccon2)c3ccccc3,CN1CCCN2CCCN=C12,CC(C1=C(C2=C(OC)C=CC(OC)=C2P(C34CC5CC(C4)CC(C5)C3)C67CC8CC(C7)CC(C8)C6)C(C(C)C)=CC(C(C)C)=C1)C,68.2481271
Ic1cccnc1,Cc1onc(c1)n2cccc2,CN1CCCN2CCCN=C12,CC(C1=C(C2=C(OC)C=CC(OC)=C2P(C34CC5CC(C4)CC(C5)C3)C67CC8CC(C7)CC(C8)C6)C(C(C)C)=CC(C(C)C)=C1)C,74.59231799
CCc1ccc(I)cc1,o1cc(cn1)c2ccccc2,CN(C)/C(N(C)C)=N\C(C)(C)C,CC(C)C(C=C(C(C)C)C=C1C(C)C)=C1C2=CC=CC=C2P(C(C)(C)C)C(C)(C)C,77.78682066
COc1ccc(I)cc1,COC(=O)c1cc(on1)c2occc2,CN1CCCN2CCCN=C12,CC(C)C(C=C(C(C)C)C=C1C(C)C)=C1C2=CC=CC=C2P(C(C)(C)C)C(C)(C)C,44.37252425
FC(F)(F)c1ccc(Br)cc1,COC(=O)c1oncc1,CN(C)/C(N(C)C)=N\C(C)(C)C,CC(C)C1=CC(C(C)C)=CC(C(C)C)=C1C2=C(P(C(C)(C)C)C(C)(C)C)C(OC)=CC=C2OC,10.20185762
Clc1cccnc1,Cc1onc(C)c1,CN(C)/C(N(C)C)=N\C(C)(C)C,CC(C1=C(C2=C(OC)C=CC(OC)=C2P(C34CC5CC(C4)CC(C5)C3)C67CC8CC(C7)CC(C8)C6)C(C(C)C)=CC(C(C)C)=C1)C,13.31813914
CCc1ccc(Cl)cc1,COC(=O)c1cc(on1)c2sccc2,CN1CCCN2CCCN=C12,CC(C)C(C=C(C(C)C)C=C1C(C)C)=C1C2=CC=CC=C2P(C(C)(C)C)C(C)(C)C,0.745430861
Brc1ccccn1,Cc1cc(on1)c2ccccc2,CN(C)/C(N(C)C)=N\C(C)(C)C,CC(C)C(C=C(C(C)C)C=C1C(C)C)=C1C2=CC=CC=C2P(C(C)(C)C)C(C)(C)C,66.35401825
CCc1ccc(Br)cc1,Cc1ccon1,CN(C)P(N(C)C)(N(C)C)=NP(N(C)C)(N(C)C)=NCC,CC(C1=C(C2=C(OC)C=CC(OC)=C2P(C34CC5CC(C4)CC(C5)C3)C67CC8CC(C7)CC(C8)C6)C(C(C)C)=CC(C(C)C)=C1)C,83.14947865
Brc1cccnc1,CCOC(=O)c1onc(C)c1,CN(C)/C(N(C)C)=N\C(C)(C)C,CC(C)C(C=C(C(C)C)C=C1C(C)C)=C1C2=CC=CC=C2P(C(C)(C)C)C(C)(C)C,78.08461533
CCc1ccc(I)cc1,C(N(Cc1ccccc1)c2oncc2)c3ccccc3,CN(C)P(N(C)C)(N(C)C)=NP(N(C)C)(N(C)C)=NCC,CC(C)C(C=C(C(C)C)C=C1C(C)C)=C1C2=CC=CC=C2P(C(C)(C)C)C(C)(C)C,21.40006849
Brc1ccccn1,o1cc(cn1)c2ccccc2,CN(C)/C(N(C)C)=N\C(C)(C)C,CC(C)C1=CC(C(C)C)=CC(C(C)C)=C1C2=C(P(C3CCCCC3)C4CCCCC4)C=CC=C2,35.53815083
Brc1cccnc1,o1nccc1c2ccccc2,CN1CCCN2CCCN=C12,CC(C)C1=CC(C(C)C)=CC(C(C)C)=C1C2=C(P(C(C)(C)C)C(C)(C)C)C(OC)=CC=C2OC,83.65433196
FC(F)(F)c1ccc(Br)cc1,o1ccc(n1)c2ccccc2,CN(C)/C(N(C)C)=N\C(C)(C)C,CC(C)C1=CC(C(C)C)=CC(C(C)C)=C1C2=C(P(C3CCCCC3)C4CCCCC4)C=CC=C2,35.72058232
CCc1ccc(I)cc1,CCOC(=O)c1cc(C)on1,CN(C)P(N(C)C)(N(C)C)=NP(N(C)C)(N(C)C)=NCC,CC(C)C(C=C(C(C)C)C=C1C(C)C)=C1C2=CC=CC=C2P(C(C)(C)C)C(C)(C)C,65.31185167
FC(F)(F)c1ccc(I)cc1,COC(=O)c1cc(on1)c2sccc2,CN(C)P(N(C)C)(N(C)C)=NP(N(C)C)(N(C)C)=NCC,CC(C)C1=CC(C(C)C)=CC(C(C)C)=C1C2=C(P(C3CCCCC3)C4CCCCC4)C=CC=C2,32.03839032
Brc1ccccn1,CCOC(=O)c1ccon1,CN1CCCN2CCCN=C12,CC(C)C(C=C(C(C)C)C=C1C(C)C)=C1C2=CC=CC=C2P(C(C)(C)C)C(C)(C)C,85.40177854
Brc1ccccn1,C(N(Cc1ccccc1)c2ccon2)c3ccccc3,CN1CCCN2CCCN=C12,CC(C1=C(C2=C(OC)C=CC(OC)=C2P(C34CC5CC(C4)CC(C5)C3)C67CC8CC(C7)CC(C8)C6)C(C(C)C)=CC(C(C)C)=C1)C,85.65923047
Clc1cccnc1,C(N(Cc1ccccc1)c2ccon2)c3ccccc3,CN1CCCN2CCCN=C12,CC(C1=C(C2=C(OC)C=CC(OC)=C2P(C34CC5CC(C4)CC(C5)C3)C67CC8CC(C7)CC(C8)C6)C(C(C)C)=CC(C(C)C)=C1)C,24.93961347
CCc1ccc(Cl)cc1,CCOC(=O)c1cc(C)on1,CN(C)/C(N(C)C)=N\C(C)(C)C,CC(C)C1=CC(C(C)C)=CC(C(C)C)=C1C2=C(P(C3CCCCC3)C4CCCCC4)C=CC=C2,4.179760101
FC(F)(F)c1ccc(Cl)cc1,o1ncc2ccccc12,CN1CCCN2CCCN=C12,CC(C)C1=CC(C(C)C)=CC(C(C)C)=C1C2=C(P(C(C)(C)C)C(C)(C)C)C(OC)=CC=C2OC,22.90680768
Ic1cccnc1,Cc1oncc1,CN(C)P(N(C)C)(N(C)C)=NP(N(C)C)(N(C)C)=NCC,CC(C)C1=CC(C(C)C)=CC(C(C)C)=C1C2=C(P(C3CCCCC3)C4CCCCC4)C=CC=C2,14.9442896
Ic1cccnc1,Fc1cccc(F)c1c2oncc2,CN(C)/C(N(C)C)=N\C(C)(C)C,CC(C)C1=CC(C(C)C)=CC(C(C)C)=C1C2=C(P(C3CCCCC3)C4CCCCC4)C=CC=C2,12.75397423
Brc1cccnc1,o1ncc2ccccc12,CN1CCCN2CCCN=C12,CC(C)C1=CC(C(C)C)=CC(C(C)C)=C1C2=C(P(C3CCCCC3)C4CCCCC4)C=CC=C2,10.25341715
CCc1ccc(Br)cc1,Fc1cccc(F)c1c2oncc2,CN(C)P(N(C)C)(N(C)C)=NP(N(C)C)(N(C)C)=NCC,CC(C)C1=CC(C(C)C)=CC(C(C)C)=C1C2=C(P(C(C)(C)C)C(C)(C)C)C(OC)=CC=C2OC,24.42477517
CCc1ccc(Cl)cc1,C(N(Cc1ccccc1)c2oncc2)c3ccccc3,CN(C)/C(N(C)C)=N\C(C)(C)C,CC(C)C(C=C(C(C)C)C=C1C(C)C)=C1C2=CC=CC=C2P(C(C)(C)C)C(C)(C)C,1.781909967
CCc1ccc(Br)cc1,CCOC(=O)c1onc(C)c1,CN(C)/C(N(C)C)=N\C(C)(C)C,CC(C1=C(C2=C(OC)C=CC(OC)=C2P(C34CC5CC(C4)CC(C5)C3)C67CC8CC(C7)CC(C8)C6)C(C(C)C)=CC(C(C)C)=C1)C,39.83155733
COc1ccc(Cl)cc1,Cc1onc(c1)n2cccc2,CN1CCCN2CCCN=C12,CC(C)C1=CC(C(C)C)=CC(C(C)C)=C1C2=C(P(C(C)(C)C)C(C)(C)C)C(OC)=CC=C2OC,1.226874544
CCc1ccc(Br)cc1,Cc1onc(C)c1,CN(C)P(N(C)C)(N(C)C)=NP(N(C)C)(N(C)C)=NCC,CC(C)C1=CC(C(C)C)=CC(C(C)C)=C1C2=C(P(C(C)(C)C)C(C)(C)C)C(OC)=CC=C2OC,67.28395541
CCc1ccc(Br)cc1,Cc1oncc1,CN1CCCN2CCCN=C12,CC(C1=C(C2=C(OC)C=CC(OC)=C2P(C34CC5CC(C4)CC(C5)C3)C67CC8CC(C7)CC(C8)C6)C(C(C)C)=CC(C(C)C)=C1)C,66.71317285
COc1ccc(Br)cc1,COC(=O)c1cc(on1)c2sccc2,CN(C)P(N(C)C)(N(C)C)=NP(N(C)C)(N(C)C)=NCC,CC(C)C1=CC(C(C)C)=CC(C(C)C)=C1C2=C(P(C3CCCCC3)C4CCCCC4)C=CC=C2,5.529906697
Brc1ccccn1,o1cc2ccccc2n1,CN1CCCN2CCCN=C12,CC(C)C(C=C(C(C)C)C=C1C(C)C)=C1C2=CC=CC=C2P(C(C)(C)C)C(C)(C)C,60.85990802
FC(F)(F)c1ccc(Br)cc1,CCOC(=O)c1cc(C)on1,CN(C)P(N(C)C)(N(C)C)=NP(N(C)C)(N(C)C)=NCC,CC(C)C1=CC(C(C)C)=CC(C(C)C)=C1C2=C(P(C(C)(C)C)C(C)(C)C)C(OC)=CC=C2OC,33.09515946
FC(F)(F)c1ccc(Cl)cc1,o1nccc1c2ccccc2,CN(C)P(N(C)C)(N(C)C)=NP(N(C)C)(N(C)C)=NCC,CC(C)C(C=C(C(C)C)C=C1C(C)C)=C1C2=CC=CC=C2P(C(C)(C)C)C(C)(C)C,15.4176361
Ic1cccnc1,o1cc2ccccc2n1,CN(C)P(N(C)C)(N(C)C)=NP(N(C)C)(N(C)C)=NCC,CC(C)C1=CC(C(C)C)=CC(C(C)C)=C1C2=C(P(C3CCCCC3)C4CCCCC4)C=CC=C2,9.676524882
FC(F)(F)c1ccc(Br)cc1,o1cc2ccccc2n1,CN1CCCN2CCCN=C12,CC(C)C1=CC(C(C)C)=CC(C(C)C)=C1C2=C(P(C3CCCCC3)C4CCCCC4)C=CC=C2,3.074612079
Clc1cccnc1,CCOC(=O)c1conc1,CN(C)P(N(C)C)(N(C)C)=NP(N(C)C)(N(C)C)=NCC,CC(C1=C(C2=C(OC)C=CC(OC)=C2P(C34CC5CC(C4)CC(C5)C3)C67CC8CC(C7)CC(C8)C6)C(C(C)C)=CC(C(C)C)=C1)C,0.0
CCc1ccc(I)cc1,Cc1ccon1,CN(C)/C(N(C)C)=N\C(C)(C)C,CC(C1=C(C2=C(OC)C=CC(OC)=C2P(C34CC5CC(C4)CC(C5)C3)C67CC8CC(C7)CC(C8)C6)C(C(C)C)=CC(C(C)C)=C1)C,83.93941968
FC(F)(F)c1ccc(Cl)cc1,C(N(Cc1ccccc1)c2oncc2)c3ccccc3,CN(C)P(N(C)C)(N(C)C)=NP(N(C)C)(N(C)C)=NCC,CC(C)C1=CC(C(C)C)=CC(C(C)C)=C1C2=C(P(C3CCCCC3)C4CCCCC4)C=CC=C2,8.599290828
CCc1ccc(Br)cc1,o1nccc1c2ccccc2,CN(C)/C(N(C)C)=N\C(C)(C)C,CC(C)C1=CC(C(C)C)=CC(C(C)C)=C1C2=C(P(C3CCCCC3)C4CCCCC4)C=CC=C2,18.8690087
COc1ccc(I)cc1,CCOC(=O)c1ccon1,CN(C)P(N(C)C)(N(C)C)=NP(N(C)C)(N(C)C)=NCC,CC(C)C1=CC(C(C)C)=CC(C(C)C)=C1C2=C(P(C3CCCCC3)C4CCCCC4)C=CC=C2,0.0
FC(F)(F)c1ccc(Br)cc1,Cc1onc(C)c1,CN(C)/C(N(C)C)=N\C(C)(C)C,CC(C)C(C=C(C(C)C)C=C1C(C)C)=C1C2=CC=CC=C2P(C(C)(C)C)C(C)(C)C,34.77458228
Clc1cccnc1,Cc1onc(C)c1,CN(C)P(N(C)C)(N(C)C)=NP(N(C)C)(N(C)C)=NCC,CC(C)C1=CC(C(C)C)=CC(C(C)C)=C1C2=C(P(C(C)(C)C)C(C)(C)C)C(OC)=CC=C2OC,8.990373152
COc1ccc(I)cc1,o1cc(cn1)c2ccccc2,CN(C)/C(N(C)C)=N\C(C)(C)C,CC(C)C(C=C(C(C)C)C=C1C(C)C)=C1C2=CC=CC=C2P(C(C)(C)C)C(C)(C)C,55.19349187
FC(F)(F)c1ccc(Cl)cc1,o1nccc1c2ccccc2,CN(C)/C(N(C)C)=N\C(C)(C)C,CC(C1=C(C2=C(OC)C=CC(OC)=C2P(C34CC5CC(C4)CC(C5)C3)C67CC8CC(C7)CC(C8)C6)C(C(C)C)=CC(C(C)C)=C1)C,3.956885702
FC(F)(F)c1ccc(Cl)cc1,CCOC(=O)c1cnoc1C,CN(C)/C(N(C)C)=N\C(C)(C)C,CC(C)C1=CC(C(C)C)=CC(C(C)C)=C1C2=C(P(C(C)(C)C)C(C)(C)C)C(OC)=CC=C2OC,0.927604534
Brc1ccccn1,CCOC(=O)c1onc(C)c1,CN(C)P(N(C)C)(N(C)C)=NP(N(C)C)(N(C)C)=NCC,CC(C1=C(C2=C(OC)C=CC(OC)=C2P(C34CC5CC(C4)CC(C5)C3)C67CC8CC(C7)CC(C8)C6)C(C(C)C)=CC(C(C)C)=C1)C,63.25759385
CCc1ccc(Br)cc1,Cc1ccon1,CN1CCCN2CCCN=C12,CC(C1=C(C2=C(OC)C=CC(OC)=C2P(C34CC5CC(C4)CC(C5)C3)C67CC8CC(C7)CC(C8)C6)C(C(C)C)=CC(C(C)C)=C1)C,80.68492948
Clc1cccnc1,CCOC(=O)c1onc(C)c1,CN1CCCN2CCCN=C12,CC(C)C1=CC(C(C)C)=CC(C(C)C)=C1C2=C(P(C3CCCCC3)C4CCCCC4)C=CC=C2,2.481415648
Clc1cccnc1,o1nccc1c2ccccc2,CN(C)P(N(C)C)(N(C)C)=NP(N(C)C)(N(C)C)=NCC,CC(C)C1=CC(C(C)C)=CC(C(C)C)=C1C2=C(P(C(C)(C)C)C(C)(C)C)C(OC)=CC=C2OC,6.753074014
Clc1cccnc1,CCOC(=O)c1onc(OC)c1,CN(C)/C(N(C)C)=N\C(C)(C)C,CC(C)C(C=C(C(C)C)C=C1C(C)C)=C1C2=CC=CC=C2P(C(C)(C)C)C(C)(C)C,21.26152094
Ic1ccccn1,o1ncc2ccccc12,CN(C)P(N(C)C)(N(C)C)=NP(N(C)C)(N(C)C)=NCC,CC(C)C1=CC(C(C)C)=CC(C(C)C)=C1C2=C(P(C3CCCCC3)C4CCCCC4)C=CC=C2,23.94536549
COc1ccc(Br)cc1,o1cc2ccccc2n1,CN1CCCN2CCCN=C12,CC(C1=C(C2=C(OC)C=CC(OC)=C2P(C34CC5CC(C4)CC(C5)C3)C67CC8CC(C7)CC(C8)C6)C(C(C)C)=CC(C(C)C)=C1)C,4.988380083
CCc1ccc(Cl)cc1,COC(=O)c1cc(on1)c2sccc2,CN(C)/C(N(C)C)=N\C(C)(C)C,CC(C)C1=CC(C(C)C)=CC(C(C)C)=C1C2=C(P(C(C)(C)C)C(C)(C)C)C(OC)=CC=C2OC,4.12761042
COc1ccc(Br)cc1,Cc1onc(c1)n2cccc2,CN1CCCN2CCCN=C12,CC(C1=C(C2=C(OC)C=CC(OC)=C2P(C34CC5CC(C4)CC(C5)C3)C67CC8CC(C7)CC(C8)C6)C(C(C)C)=CC(C(C)C)=C1)C,43.83894822
CCc1ccc(I)cc1,o1ccc(n1)c2ccccc2,CN(C)P(N(C)C)(N(C)C)=NP(N(C)C)(N(C)C)=NCC,CC(C)C1=CC(C(C)C)=CC(C(C)C)=C1C2=C(P(C(C)(C)C)C(C)(C)C)C(OC)=CC=C2OC,73.4448659
CCc1ccc(I)cc1,CCOC(=O)c1cc(C)on1,CN1CCCN2CCCN=C12,CC(C1=C(C2=C(OC)C=CC(OC)=C2P(C34CC5CC(C4)CC(C5)C3)C67CC8CC(C7)CC(C8)C6)C(C(C)C)=CC(C(C)C)=C1)C,80.71099803
CCc1ccc(Br)cc1,COC(=O)c1cc(on1)c2occc2,CN(C)/C(N(C)C)=N\C(C)(C)C,CC(C1=C(C2=C(OC)C=CC(OC)=C2P(C34CC5CC(C4)CC(C5)C3)C67CC8CC(C7)CC(C8)C6)C(C(C)C)=CC(C(C)C)=C1)C,37.99056967
FC(F)(F)c1ccc(Br)cc1,Cc1onc(C)c1,CN1CCCN2CCCN=C12,CC(C)C1=CC(C(C)C)=CC(C(C)C)=C1C2=C(P(C(C)(C)C)C(C)(C)C)C(OC)=CC=C2OC,33.56777138
CCc1ccc(Br)cc1,o1ncc2ccccc12,CN(C)P(N(C)C)(N(C)C)=NP(N(C)C)(N(C)C)=NCC,CC(C1=C(C2=C(OC)C=CC(OC)=C2P(C34CC5CC(C4)CC(C5)C3)C67CC8CC(C7)CC(C8)C6)C(C(C)C)=CC(C(C)C)=C1)C,27.16016891
Ic1cccnc1,CCOC(=O)c1onc(OC)c1,CN(C)/C(N(C)C)=N\C(C)(C)C,CC(C1=C(C2=C(OC)C=CC(OC)=C2P(C34CC5CC(C4)CC(C5)C3)C67CC8CC(C7)CC(C8)C6)C(C(C)C)=CC(C(C)C)=C1)C,64.8702395
Clc1cccnc1,Fc1cccc(F)c1c2oncc2,CN1CCCN2CCCN=C12,CC(C1=C(C2=C(OC)C=CC(OC)=C2P(C34CC5CC(C4)CC(C5)C3)C67CC8CC(C7)CC(C8)C6)C(C(C)C)=CC(C(C)C)=C1)C,0.0
Brc1cccnc1,Cc1cc(on1)c2ccccc2,CN(C)/C(N(C)C)=N\C(C)(C)C,CC(C)C(C=C(C(C)C)C=C1C(C)C)=C1C2=CC=CC=C2P(C(C)(C)C)C(C)(C)C,65.91039362
CCc1ccc(I)cc1,o1cc2ccccc2n1,CN(C)/C(N(C)C)=N\C(C)(C)C,CC(C)C1=CC(C(C)C)=CC(C(C)C)=C1C2=C(P(C(C)(C)C)C(C)(C)C)C(OC)=CC=C2OC,41.94054392
Brc1cccnc1,Cc1onc(c1)n2cccc2,CN(C)/C(N(C)C)=N\C(C)(C)C,CC(C1=C(C2=C(OC)C=CC(OC)=C2P(C34CC5CC(C4)CC(C5)C3)C67CC8CC(C7)CC(C8)C6)C(C(C)C)=CC(C(C)C)=C1)C,59.26239712
CCc1ccc(I)cc1,Cc1onc(c1)n2cccc2,CN(C)/C(N(C)C)=N\C(C)(C)C,CC(C1=C(C2=C(OC)C=CC(OC)=C2P(C34CC5CC(C4)CC(C5)C3)C67CC8CC(C7)CC(C8)C6)C(C(C)C)=CC(C(C)C)=C1)C,61.4373102
FC(F)(F)c1ccc(Br)cc1,COC(=O)c1oncc1,CN1CCCN2CCCN=C12,CC(C)C1=CC(C(C)C)=CC(C(C)C)=C1C2=C(P(C(C)(C)C)C(C)(C)C)C(OC)=CC=C2OC,22.3492694
Ic1cccnc1,o1ncc2ccccc12,CN(C)/C(N(C)C)=N\C(C)(C)C,CC(C1=C(C2=C(OC)C=CC(OC)=C2P(C34CC5CC(C4)CC(C5)C3)C67CC8CC(C7)CC(C8)C6)C(C(C)C)=CC(C(C)C)=C1)C,52.66349061
Brc1cccnc1,C(N(Cc1ccccc1)c2oncc2)c3ccccc3,CN1CCCN2CCCN=C12,CC(C1=C(C2=C(OC)C=CC(OC)=C2P(C34CC5CC(C4)CC(C5)C3)C67CC8CC(C7)CC(C8)C6)C(C(C)C)=CC(C(C)C)=C1)C,27.15696835
COc1ccc(Cl)cc1,CCOC(=O)c1ccon1,CN1CCCN2CCCN=C12,CC(C)C(C=C(C(C)C)C=C1C(C)C)=C1C2=CC=CC=C2P(C(C)(C)C)C(C)(C)C,0.723968187
FC(F)(F)c1ccc(I)cc1,o1cc(cn1)c2ccccc2,CN(C)P(N(C)C)(N(C)C)=NP(N(C)C)(N(C)C)=NCC,CC(C1=C(C2=C(OC)C=CC(OC)=C2P(C34CC5CC(C4)CC(C5)C3)C67CC8CC(C7)CC(C8)C6)C(C(C)C)=CC(C(C)C)=C1)C,13.8481868
Clc1ccccn1,Fc1cccc(F)c1c2oncc2,CN(C)/C(N(C)C)=N\C(C)(C)C,CC(C1=C(C2=C(OC)C=CC(OC)=C2P(C34CC5CC(C4)CC(C5)C3)C67CC8CC(C7)CC(C8)C6)C(C(C)C)=CC(C(C)C)=C1)C,20.28381752
CCc1ccc(Cl)cc1,CCOC(=O)c1cnoc1C,CN(C)/C(N(C)C)=N\C(C)(C)C,CC(C)C1=CC(C(C)C)=CC(C(C)C)=C1C2=C(P(C3CCCCC3)C4CCCCC4)C=CC=C2,0.0
FC(F)(F)c1ccc(Br)cc1,C(N(Cc1ccccc1)c2ccon2)c3ccccc3,CN(C)/C(N(C)C)=N\C(C)(C)C,CC(C)C(C=C(C(C)C)C=C1C(C)C)=C1C2=CC=CC=C2P(C(C)(C)C)C(C)(C)C,39.35320613
FC(F)(F)c1ccc(Br)cc1,CCOC(=O)c1cc(C)on1,CN1CCCN2CCCN=C12,CC(C)C1=CC(C(C)C)=CC(C(C)C)=C1C2=C(P(C3CCCCC3)C4CCCCC4)C=CC=C2,34.37725511
CCc1ccc(Br)cc1,o1ccc(n1)c2ccccc2,CN1CCCN2CCCN=C12,CC(C)C1=CC(C(C)C)=CC(C(C)C)=C1C2=C(P(C(C)(C)C)C(C)(C)C)C(OC)=CC=C2OC,74.23566846
FC(F)(F)c1ccc(I)cc1,C(N(Cc1ccccc1)c2ccon2)c3ccccc3,CN(C)/C(N(C)C)=N\C(C)(C)C,CC(C)C(C=C(C(C)C)C=C1C(C)C)=C1C2=CC=CC=C2P(C(C)(C)C)C(C)(C)C,39.02512557
Brc1ccccn1,o1cc(cn1)c2ccccc2,CN(C)P(N(C)C)(N(C)C)=NP(N(C)C)(N(C)C)=NCC,CC(C)C(C=C(C(C)C)C=C1C(C)C)=C1C2=CC=CC=C2P(C(C)(C)C)C(C)(C)C,35.2030282
Clc1ccccn1,Cc1onc(C)c1,CN1CCCN2CCCN=C12,CC(C)C1=CC(C(C)C)=CC(C(C)C)=C1C2=C(P(C(C)(C)C)C(C)(C)C)C(OC)=CC=C2OC,79.07949659
CCc1ccc(I)cc1,o1nccc1c2ccccc2,CN(C)P(N(C)C)(N(C)C)=NP(N(C)C)(N(C)C)=NCC,CC(C1=C(C2=C(OC)C=CC(OC)=C2P(C34CC5CC(C4)CC(C5)C3)C67CC8CC(C7)CC(C8)C6)C(C(C)C)=CC(C(C)C)=C1)C,25.2527032
Ic1ccccn1,Cc1ccon1,CN(C)/C(N(C)C)=N\C(C)(C)C,CC(C)C(C=C(C(C)C)C=C1C(C)C)=C1C2=CC=CC=C2P(C(C)(C)C)C(C)(C)C,90.22793001
Clc1cccnc1,C(N(Cc1ccccc1)c2oncc2)c3ccccc3,CN1CCCN2CCCN=C12,CC(C)C1=CC(C(C)C)=CC(C(C)C)=C1C2=C(P(C(C)(C)C)C(C)(C)C)C(OC)=CC=C2OC,2.394294255
COc1ccc(Br)cc1,Fc1cccc(F)c1c2oncc2,CN(C)P(N(C)C)(N(C)C)=NP(N(C)C)(N(C)C)=NCC,CC(C)C1=CC(C(C)C)=CC(C(C)C)=C1C2=C(P(C3CCCCC3)C4CCCCC4)C=CC=C2,8.641168314
Brc1ccccn1,CCOC(=O)c1conc1,CN(C)/C(N(C)C)=N\C(C)(C)C,CC(C)C(C=C(C(C)C)C=C1C(C)C)=C1C2=CC=CC=C2P(C(C)(C)C)C(C)(C)C,6.315944702
CCc1ccc(Cl)cc1,COC(=O)c1cc(on1)c2occc2,CN(C)/C(N(C)C)=N\C(C)(C)C,CC(C)C1=CC(C(C)C)=CC(C(C)C)=C1C2=C(P(C(C)(C)C)C(C)(C)C)C(OC)=CC=C2OC,3.678633066
Ic1ccccn1,CCOC(=O)c1cnoc1C,CN(C)/C(N(C)C)=N\C(C)(C)C,CC(C)C1=CC(C(C)C)=CC(C(C)C)=C1C2=C(P(C3CCCCC3)C4CCCCC4)C=CC=C2,21.49059564
FC(F)(F)c1ccc(I)cc1,o1ncc2ccccc12,CN(C)P(N(C)C)(N(C)C)=NP(N(C)C)(N(C)C)=NCC,CC(C)C(C=C(C(C)C)C=C1C(C)C)=C1C2=CC=CC=C2P(C(C)(C)C)C(C)(C)C,40.30244069
FC(F)(F)c1ccc(I)cc1,o1nccc1c2ccccc2,CN(C)P(N(C)C)(N(C)C)=NP(N(C)C)(N(C)C)=NCC,CC(C)C1=CC(C(C)C)=CC(C(C)C)=C1C2=C(P(C(C)(C)C)C(C)(C)C)C(OC)=CC=C2OC,9.546870881
Brc1ccccn1,Cc1onc(C)c1,CN1CCCN2CCCN=C12,CC(C1=C(C2=C(OC)C=CC(OC)=C2P(C34CC5CC(C4)CC(C5)C3)C67CC8CC(C7)CC(C8)C6)C(C(C)C)=CC(C(C)C)=C1)C,87.36384149
Ic1ccccn1,CCOC(=O)c1cc(C)on1,CN(C)/C(N(C)C)=N\C(C)(C)C,CC(C1=C(C2=C(OC)C=CC(OC)=C2P(C34CC5CC(C4)CC(C5)C3)C67CC8CC(C7)CC(C8)C6)C(C(C)C)=CC(C(C)C)=C1)C,68.60611463
Clc1cccnc1,CCOC(=O)c1cc(C)on1,CN(C)/C(N(C)C)=N\C(C)(C)C,CC(C1=C(C2=C(OC)C=CC(OC)=C2P(C34CC5CC(C4)CC(C5)C3)C67CC8CC(C7)CC(C8)C6)C(C(C)C)=CC(C(C)C)=C1)C,12.48635948
FC(F)(F)c1ccc(I)cc1,Cc1oncc1,CN(C)/C(N(C)C)=N\C(C)(C)C,CC(C1=C(C2=C(OC)C=CC(OC)=C2P(C34CC5CC(C4)CC(C5)C3)C67CC8CC(C7)CC(C8)C6)C(C(C)C)=CC(C(C)C)=C1)C,37.04718214
Clc1ccccn1,CCOC(=O)c1cnoc1C,CN(C)/C(N(C)C)=N\C(C)(C)C,CC(C)C1=CC(C(C)C)=CC(C(C)C)=C1C2=C(P(C3CCCCC3)C4CCCCC4)C=CC=C2,10.00194934
COc1ccc(I)cc1,CCOC(=O)c1onc(C)c1,CN1CCCN2CCCN=C12,CC(C)C1=CC(C(C)C)=CC(C(C)C)=C1C2=C(P(C(C)(C)C)C(C)(C)C)C(OC)=CC=C2OC,45.97105208
CCc1ccc(I)cc1,o1ncc2ccccc12,CN(C)P(N(C)C)(N(C)C)=NP(N(C)C)(N(C)C)=NCC,CC(C)C(C=C(C(C)C)C=C1C(C)C)=C1C2=CC=CC=C2P(C(C)(C)C)C(C)(C)C,49.62220517
COc1ccc(Br)cc1,CCOC(=O)c1ccon1,CN(C)/C(N(C)C)=N\C(C)(C)C,CC(C)C1=CC(C(C)C)=CC(C(C)C)=C1C2=C(P(C3CCCCC3)C4CCCCC4)C=CC=C2,9.912732719
Ic1ccccn1,C(N(Cc1ccccc1)c2ccon2)c3ccccc3,CN(C)P(N(C)C)(N(C)C)=NP(N(C)C)(N(C)C)=NCC,CC(C1=C(C2=C(OC)C=CC(OC)=C2P(C34CC5CC(C4)CC(C5)C3)C67CC8CC(C7)CC(C8)C6)C(C(C)C)=CC(C(C)C)=C1)C,82.34937004
Ic1cccnc1,o1cc2ccccc2n1,CN(C)/C(N(C)C)=N\C(C)(C)C,CC(C)C1=CC(C(C)C)=CC(C(C)C)=C1C2=C(P(C(C)(C)C)C(C)(C)C)C(OC)=CC=C2OC,12.24697181
CCc1ccc(Cl)cc1,Cc1ccon1,CN(C)/C(N(C)C)=N\C(C)(C)C,CC(C)C1=CC(C(C)C)=CC(C(C)C)=C1C2=C(P(C3CCCCC3)C4CCCCC4)C=CC=C2,2.005732083
FC(F)(F)c1ccc(Cl)cc1,Cc1oncc1,CN(C)/C(N(C)C)=N\C(C)(C)C,CC(C)C1=CC(C(C)C)=CC(C(C)C)=C1C2=C(P(C(C)(C)C)C(C)(C)C)C(OC)=CC=C2OC,2.874679313
COc1ccc(I)cc1,COC(=O)c1cc(on1)c2sccc2,CN1CCCN2CCCN=C12,CC(C)C1=CC(C(C)C)=CC(C(C)C)=C1C2=C(P(C3CCCCC3)C4CCCCC4)C=CC=C2,6.114675165
COc1ccc(I)cc1,C(N(Cc1ccccc1)c2oncc2)c3ccccc3,CN(C)/C(N(C)C)=N\C(C)(C)C,CC(C)C1=CC(C(C)C)=CC(C(C)C)=C1C2=C(P(C(C)(C)C)C(C)(C)C)C(OC)=CC=C2OC,57.7087314
CCc1ccc(Br)cc1,COC(=O)c1oncc1,CN(C)/C(N(C)C)=N\C(C)(C)C,CC(C)C(C=C(C(C)C)C=C1C(C)C)=C1C2=CC=CC=C2P(C(C)(C)C)C(C)(C)C,47.92550874
COc1ccc(Br)cc1,CCOC(=O)c1conc1,CN(C)/C(N(C)C)=N\C(C)(C)C,CC(C)C1=CC(C(C)C)=CC(C(C)C)=C1C2=C(P(C3CCCCC3)C4CCCCC4)C=CC=C2,0.0
FC(F)(F)c1ccc(I)cc1,o1cc2ccccc2n1,CN(C)P(N(C)C)(N(C)C)=NP(N(C)C)(N(C)C)=NCC,CC(C1=C(C2=C(OC)C=CC(OC)=C2P(C34CC5CC(C4)CC(C5)C3)C67CC8CC(C7)CC(C8)C6)C(C(C)C)=CC(C(C)C)=C1)C,3.280980517
Clc1ccccn1,COC(=O)c1cc(on1)c2sccc2,CN(C)/C(N(C)C)=N\C(C)(C)C,CC(C)C(C=C(C(C)C)C=C1C(C)C)=C1C2=CC=CC=C2P(C(C)(C)C)C(C)(C)C,66.07394644
COc1ccc(Cl)cc1,o1nccc1c2ccccc2,CN1CCCN2CCCN=C12,CC(C)C(C=C(C(C)C)C=C1C(C)C)=C1C2=CC=CC=C2P(C(C)(C)C)C(C)(C)C,2.942173839
Ic1ccccn1,C(N(Cc1ccccc1)c2oncc2)c3ccccc3,CN(C)/C(N(C)C)=N\C(C)(C)C,CC(C)C1=CC(C(C)C)=CC(C(C)C)=C1C2=C(P(C(C)(C)C)C(C)(C)C)C(OC)=CC=C2OC,64.15465798
CCc1ccc(Br)cc1,o1cc(cn1)c2ccccc2,CN(C)/C(N(C)C)=N\C(C)(C)C,CC(C1=C(C2=C(OC)C=CC(OC)=C2P(C34CC5CC(C4)CC(C5)C3)C67CC8CC(C7)CC(C8)C6)C(C(C)C)=CC(C(C)C)=C1)C,27.30055458
COc1ccc(I)cc1,o1cc(cn1)c2ccccc2,CN(C)P(N(C)C)(N(C)C)=NP(N(C)C)(N(C)C)=NCC,CC(C1=C(C2=C(OC)C=CC(OC)=C2P(C34CC5CC(C4)CC(C5)C3)C67CC8CC(C7)CC(C8)C6)C(C(C)C)=CC(C(C)C)=C1)C,16.72117045
Clc1cccnc1,CCOC(=O)c1onc(C)c1,CN(C)P(N(C)C)(N(C)C)=NP(N(C)C)(N(C)C)=NCC,CC(C1=C(C2=C(OC)C=CC(OC)=C2P(C34CC5CC(C4)CC(C5)C3)C67CC8CC(C7)CC(C8)C6)C(C(C)C)=CC(C(C)C)=C1)C,6.141106311
Ic1cccnc1,CCOC(=O)c1ccon1,CN1CCCN2CCCN=C12,CC(C)C(C=C(C(C)C)C=C1C(C)C)=C1C2=CC=CC=C2P(C(C)(C)C)C(C)(C)C,83.31333267
Brc1cccnc1,CCOC(=O)c1onc(C)c1,CN(C)P(N(C)C)(N(C)C)=NP(N(C)C)(N(C)C)=NCC,CC(C)C1=CC(C(C)C)=CC(C(C)C)=C1C2=C(P(C(C)(C)C)C(C)(C)C)C(OC)=CC=C2OC,47.17441756
Brc1cccnc1,COC(=O)c1oncc1,CN1CCCN2CCCN=C12,CC(C)C1=CC(C(C)C)=CC(C(C)C)=C1C2=C(P(C(C)(C)C)C(C)(C)C)C(OC)=CC=C2OC,45.52509107
FC(F)(F)c1ccc(Cl)cc1,CCOC(=O)c1cnoc1C,CN1CCCN2CCCN=C12,CC(C)C1=CC(C(C)C)=CC(C(C)C)=C1C2=C(P(C(C)(C)C)C(C)(C)C)C(OC)=CC=C2OC,20.24596352
FC(F)(F)c1ccc(Cl)cc1,C(N(Cc1ccccc1)c2ccon2)c3ccccc3,CN(C)/C(N(C)C)=N\C(C)(C)C,CC(C)C1=CC(C(C)C)=CC(C(C)C)=C1C2=C(P(C3CCCCC3)C4CCCCC4)C=CC=C2,17.88950545
CCc1ccc(Br)cc1,Cc1onc(c1)n2cccc2,CN(C)/C(N(C)C)=N\C(C)(C)C,CC(C)C(C=C(C(C)C)C=C1C(C)C)=C1C2=CC=CC=C2P(C(C)(C)C)C(C)(C)C,57.74229286
CCc1ccc(Br)cc1,CCOC(=O)c1cc(C)on1,CN(C)P(N(C)C)(N(C)C)=NP(N(C)C)(N(C)C)=NCC,CC(C)C1=CC(C(C)C)=CC(C(C)C)=C1C2=C(P(C(C)(C)C)C(C)(C)C)C(OC)=CC=C2OC,68.84924903
FC(F)(F)c1ccc(I)cc1,Fc1cccc(F)c1c2oncc2,CN(C)/C(N(C)C)=N\C(C)(C)C,CC(C)C(C=C(C(C)C)C=C1C(C)C)=C1C2=CC=CC=C2P(C(C)(C)C)C(C)(C)C,35.39709887
FC(F)(F)c1ccc(Br)cc1,C(N(Cc1ccccc1)c2ccon2)c3ccccc3,CN(C)/C(N(C)C)=N\C(C)(C)C,CC(C)C1=CC(C(C)C)=CC(C(C)C)=C1C2=C(P(C(C)(C)C)C(C)(C)C)C(OC)=CC=C2OC,36.81475234
FC(F)(F)c1ccc(Cl)cc1,Cc1onc(c1)n2cccc2,CN(C)P(N(C)C)(N(C)C)=NP(N(C)C)(N(C)C)=NCC,CC(C)C1=CC(C(C)C)=CC(C(C)C)=C1C2=C(P(C(C)(C)C)C(C)(C)C)C(OC)=CC=C2OC,11.04036087
CCc1ccc(Br)cc1,o1cc2ccccc2n1,CN1CCCN2CCCN=C12,CC(C1=C(C2=C(OC)C=CC(OC)=C2P(C34CC5CC(C4)CC(C5)C3)C67CC8CC(C7)CC(C8)C6)C(C(C)C)=CC(C(C)C)=C1)C,10.46965924
Clc1ccccn1,Cc1ccon1,CN(C)P(N(C)C)(N(C)C)=NP(N(C)C)(N(C)C)=NCC,CC(C)C(C=C(C(C)C)C=C1C(C)C)=C1C2=CC=CC=C2P(C(C)(C)C)C(C)(C)C,54.63079808
Ic1cccnc1,Cc1oncc1,CN(C)/C(N(C)C)=N\C(C)(C)C,CC(C)C(C=C(C(C)C)C=C1C(C)C)=C1C2=CC=CC=C2P(C(C)(C)C)C(C)(C)C,54.65489395
COc1ccc(I)cc1,o1ncc2ccccc12,CN1CCCN2CCCN=C12,CC(C1=C(C2=C(OC)C=CC(OC)=C2P(C34CC5CC(C4)CC(C5)C3)C67CC8CC(C7)CC(C8)C6)C(C(C)C)=CC(C(C)C)=C1)C,41.68551837
COc1ccc(I)cc1,Cc1onc(c1)n2cccc2,CN1CCCN2CCCN=C12,CC(C)C(C=C(C(C)C)C=C1C(C)C)=C1C2=CC=CC=C2P(C(C)(C)C)C(C)(C)C,41.80838188
FC(F)(F)c1ccc(I)cc1,COC(=O)c1cc(on1)c2sccc2,CN(C)P(N(C)C)(N(C)C)=NP(N(C)C)(N(C)C)=NCC,CC(C)C(C=C(C(C)C)C=C1C(C)C)=C1C2=CC=CC=C2P(C(C)(C)C)C(C)(C)C,38.16592165
COc1ccc(Cl)cc1,CCOC(=O)c1cc(C)on1,CN(C)P(N(C)C)(N(C)C)=NP(N(C)C)(N(C)C)=NCC,CC(C1=C(C2=C(OC)C=CC(OC)=C2P(C34CC5CC(C4)CC(C5)C3)C67CC8CC(C7)CC(C8)C6)C(C(C)C)=CC(C(C)C)=C1)C,0.230274449
Clc1ccccn1,COC(=O)c1oncc1,CN(C)/C(N(C)C)=N\C(C)(C)C,CC(C)C1=CC(C(C)C)=CC(C(C)C)=C1C2=C(P(C3CCCCC3)C4CCCCC4)C=CC=C2,11.68964545
Ic1ccccn1,Cc1oncc1,CN1CCCN2CCCN=C12,CC(C)C1=CC(C(C)C)=CC(C(C)C)=C1C2=C(P(C(C)(C)C)C(C)(C)C)C(OC)=CC=C2OC,84.31065923
FC(F)(F)c1ccc(Cl)cc1,o1nccc1c2ccccc2,CN1CCCN2CCCN=C12,CC(C1=C(C2=C(OC)C=CC(OC)=C2P(C34CC5CC(C4)CC(C5)C3)C67CC8CC(C7)CC(C8)C6)C(C(C)C)=CC(C(C)C)=C1)C,10.00188169
Ic1ccccn1,COC(=O)c1oncc1,CN1CCCN2CCCN=C12,CC(C)C1=CC(C(C)C)=CC(C(C)C)=C1C2=C(P(C3CCCCC3)C4CCCCC4)C=CC=C2,23.41994655
COc1ccc(I)cc1,CCOC(=O)c1cc(C)on1,CN(C)P(N(C)C)(N(C)C)=NP(N(C)C)(N(C)C)=NCC,CC(C)C1=CC(C(C)C)=CC(C(C)C)=C1C2=C(P(C(C)(C)C)C(C)(C)C)C(OC)=CC=C2OC,45.27500965
COc1ccc(I)cc1,o1ncc2ccccc12,CN(C)P(N(C)C)(N(C)C)=NP(N(C)C)(N(C)C)=NCC,CC(C)C(C=C(C(C)C)C=C1C(C)C)=C1C2=CC=CC=C2P(C(C)(C)C)C(C)(C)C,26.91242644
CCc1ccc(Cl)cc1,o1nccc1c2ccccc2,CN(C)P(N(C)C)(N(C)C)=NP(N(C)C)(N(C)C)=NCC,CC(C)C1=CC(C(C)C)=CC(C(C)C)=C1C2=C(P(C(C)(C)C)C(C)(C)C)C(OC)=CC=C2OC,4.337310253
FC(F)(F)c1ccc(I)cc1,C(N(Cc1ccccc1)c2ccon2)c3ccccc3,CN(C)P(N(C)C)(N(C)C)=NP(N(C)C)(N(C)C)=NCC,CC(C)C1=CC(C(C)C)=CC(C(C)C)=C1C2=C(P(C3CCCCC3)C4CCCCC4)C=CC=C2,40.67066673
Ic1ccccn1,Cc1cc(on1)c2ccccc2,CN(C)P(N(C)C)(N(C)C)=NP(N(C)C)(N(C)C)=NCC,CC(C)C1=CC(C(C)C)=CC(C(C)C)=C1C2=C(P(C3CCCCC3)C4CCCCC4)C=CC=C2,22.00500964
COc1ccc(Cl)cc1,C(N(Cc1ccccc1)c2oncc2)c3ccccc3,CN(C)P(N(C)C)(N(C)C)=NP(N(C)C)(N(C)C)=NCC,CC(C)C1=CC(C(C)C)=CC(C(C)C)=C1C2=C(P(C3CCCCC3)C4CCCCC4)C=CC=C2,2.086409943
FC(F)(F)c1ccc(I)cc1,o1nccc1c2ccccc2,CN(C)P(N(C)C)(N(C)C)=NP(N(C)C)(N(C)C)=NCC,CC(C1=C(C2=C(OC)C=CC(OC)=C2P(C34CC5CC(C4)CC(C5)C3)C67CC8CC(C7)CC(C8)C6)C(C(C)C)=CC(C(C)C)=C1)C,9.935132826
Ic1ccccn1,Cc1onc(c1)n2cccc2,CN(C)/C(N(C)C)=N\C(C)(C)C,CC(C)C1=CC(C(C)C)=CC(C(C)C)=C1C2=C(P(C(C)(C)C)C(C)(C)C)C(OC)=CC=C2OC,64.68104609
FC(F)(F)c1ccc(Cl)cc1,o1cc2ccccc2n1,CN(C)/C(N(C)C)=N\C(C)(C)C,CC(C)C(C=C(C(C)C)C=C1C(C)C)=C1C2=CC=CC=C2P(C(C)(C)C)C(C)(C)C,0.330501293
Clc1ccccn1,CCOC(=O)c1cnoc1C,CN1CCCN2CCCN=C12,CC(C1=C(C2=C(OC)C=CC(OC)=C2P(C34CC5CC(C4)CC(C5)C3)C67CC8CC(C7)CC(C8)C6)C(C(C)C)=CC(C(C)C)=C1)C,48.18783868
CCc1ccc(I)cc1,o1cc(cn1)c2ccccc2,CN1CCCN2CCCN=C12,CC(C)C1=CC(C(C)C)=CC(C(C)C)=C1C2=C(P(C(C)(C)C)C(C)(C)C)C(OC)=CC=C2OC,83.29437838
CCc1ccc(Br)cc1,CCOC(=O)c1cnoc1C,CN(C)/C(N(C)C)=N\C(C)(C)C,CC(C)C1=CC(C(C)C)=CC(C(C)C)=C1C2=C(P(C3CCCCC3)C4CCCCC4)C=CC=C2,3.339136515
Brc1cccnc1,COC(=O)c1oncc1,CN(C)P(N(C)C)(N(C)C)=NP(N(C)C)(N(C)C)=NCC,CC(C)C(C=C(C(C)C)C=C1C(C)C)=C1C2=CC=CC=C2P(C(C)(C)C)C(C)(C)C,14.81646107
Ic1ccccn1,CCOC(=O)c1onc(C)c1,CN1CCCN2CCCN=C12,CC(C)C1=CC(C(C)C)=CC(C(C)C)=C1C2=C(P(C3CCCCC3)C4CCCCC4)C=CC=C2,70.62989218
Ic1ccccn1,o1cc2ccccc2n1,CN(C)/C(N(C)C)=N\C(C)(C)C,CC(C)C1=CC(C(C)C)=CC(C(C)C)=C1C2=C(P(C(C)(C)C)C(C)(C)C)C(OC)=CC=C2OC,43.16671419
COc1ccc(Cl)cc1,C(N(Cc1ccccc1)c2ccon2)c3ccccc3,CN(C)/C(N(C)C)=N\C(C)(C)C,CC(C)C1=CC(C(C)C)=CC(C(C)C)=C1C2=C(P(C3CCCCC3)C4CCCCC4)C=CC=C2,39.22831543
FC(F)(F)c1ccc(Cl)cc1,o1ncc2ccccc12,CN(C)/C(N(C)C)=N\C(C)(C)C,CC(C)C1=CC(C(C)C)=CC(C(C)C)=C1C2=C(P(C3CCCCC3)C4CCCCC4)C=CC=C2,13.87079949
Clc1ccccn1,COC(=O)c1oncc1,CN1CCCN2CCCN=C12,CC(C)C(C=C(C(C)C)C=C1C(C)C)=C1C2=CC=CC=C2P(C(C)(C)C)C(C)(C)C,63.35366236
Clc1ccccn1,Cc1oncc1,CN(C)P(N(C)C)(N(C)C)=NP(N(C)C)(N(C)C)=NCC,CC(C)C1=CC(C(C)C)=CC(C(C)C)=C1C2=C(P(C(C)(C)C)C(C)(C)C)C(OC)=CC=C2OC,28.40072634
COc1ccc(Br)cc1,o1ccc(n1)c2ccccc2,CN(C)P(N(C)C)(N(C)C)=NP(N(C)C)(N(C)C)=NCC,CC(C)C1=CC(C(C)C)=CC(C(C)C)=C1C2=C(P(C(C)(C)C)C(C)(C)C)C(OC)=CC=C2OC,38.44240466
Brc1ccccn1,COC(=O)c1oncc1,CN(C)P(N(C)C)(N(C)C)=NP(N(C)C)(N(C)C)=NCC,CC(C)C1=CC(C(C)C)=CC(C(C)C)=C1C2=C(P(C(C)(C)C)C(C)(C)C)C(OC)=CC=C2OC,19.93006899
COc1ccc(Cl)cc1,CCOC(=O)c1onc(C)c1,CN1CCCN2CCCN=C12,CC(C)C1=CC(C(C)C)=CC(C(C)C)=C1C2=C(P(C3CCCCC3)C4CCCCC4)C=CC=C2,0.0
COc1ccc(Br)cc1,o1cc(cn1)c2ccccc2,CN(C)P(N(C)C)(N(C)C)=NP(N(C)C)(N(C)C)=NCC,CC(C1=C(C2=C(OC)C=CC(OC)=C2P(C34CC5CC(C4)CC(C5)C3)C67CC8CC(C7)CC(C8)C6)C(C(C)C)=CC(C(C)C)=C1)C,13.88581248
COc1ccc(Br)cc1,CCOC(=O)c1onc(C)c1,CN(C)/C(N(C)C)=N\C(C)(C)C,CC(C)C(C=C(C(C)C)C=C1C(C)C)=C1C2=CC=CC=C2P(C(C)(C)C)C(C)(C)C,37.03037628
Brc1ccccn1,C(N(Cc1ccccc1)c2ccon2)c3ccccc3,CN(C)/C(N(C)C)=N\C(C)(C)C,CC(C)C(C=C(C(C)C)C=C1C(C)C)=C1C2=CC=CC=C2P(C(C)(C)C)C(C)(C)C,66.50686069
CCc1ccc(Br)cc1,CCOC(=O)c1onc(OC)c1,CN(C)P(N(C)C)(N(C)C)=NP(N(C)C)(N(C)C)=NCC,CC(C)C(C=C(C(C)C)C=C1C(C)C)=C1C2=CC=CC=C2P(C(C)(C)C)C(C)(C)C,61.05645885
Brc1ccccn1,Cc1ccon1,CN1CCCN2CCCN=C12,CC(C)C(C=C(C(C)C)C=C1C(C)C)=C1C2=CC=CC=C2P(C(C)(C)C)C(C)(C)C,92.13719474
Brc1ccccn1,CCOC(=O)c1ccon1,CN1CCCN2CCCN=C12,CC(C1=C(C2=C(OC)C=CC(OC)=C2P(C34CC5CC(C4)CC(C5)C3)C67CC8CC(C7)CC(C8)C6)C(C(C)C)=CC(C(C)C)=C1)C,93.56409267
CCc1ccc(Cl)cc1,Cc1onc(C)c1,CN(C)/C(N(C)C)=N\C(C)(C)C,CC(C1=C(C2=C(OC)C=CC(OC)=C2P(C34CC5CC(C4)CC(C5)C3)C67CC8CC(C7)CC(C8)C6)C(C(C)C)=CC(C(C)C)=C1)C,1.279456438
FC(F)(F)c1ccc(Br)cc1,COC(=O)c1cc(on1)c2sccc2,CN(C)/C(N(C)C)=N\C(C)(C)C,CC(C)C1=CC(C(C)C)=CC(C(C)C)=C1C2=C(P(C(C)(C)C)C(C)(C)C)C(OC)=CC=C2OC,38.90083473
COc1ccc(Cl)cc1,Cc1onc(C)c1,CN(C)/C(N(C)C)=N\C(C)(C)C,CC(C1=C(C2=C(OC)C=CC(OC)=C2P(C34CC5CC(C4)CC(C5)C3)C67CC8CC(C7)CC(C8)C6)C(C(C)C)=CC(C(C)C)=C1)C,0.319224301
CCc1ccc(Cl)cc1,CCOC(=O)c1cc(C)on1,CN(C)P(N(C)C)(N(C)C)=NP(N(C)C)(N(C)C)=NCC,CC(C)C(C=C(C(C)C)C=C1C(C)C)=C1C2=CC=CC=C2P(C(C)(C)C)C(C)(C)C,3.420166341
Brc1cccnc1,Cc1onc(C)c1,CN(C)/C(N(C)C)=N\C(C)(C)C,CC(C)C(C=C(C(C)C)C=C1C(C)C)=C1C2=CC=CC=C2P(C(C)(C)C)C(C)(C)C,66.0578891
FC(F)(F)c1ccc(Br)cc1,o1ncc2ccccc12,CN(C)P(N(C)C)(N(C)C)=NP(N(C)C)(N(C)C)=NCC,CC(C)C(C=C(C(C)C)C=C1C(C)C)=C1C2=CC=CC=C2P(C(C)(C)C)C(C)(C)C,34.2208852
Ic1ccccn1,CCOC(=O)c1onc(OC)c1,CN(C)P(N(C)C)(N(C)C)=NP(N(C)C)(N(C)C)=NCC,CC(C)C(C=C(C(C)C)C=C1C(C)C)=C1C2=CC=CC=C2P(C(C)(C)C)C(C)(C)C,73.95050649
Ic1ccccn1,CCOC(=O)c1ccon1,CN1CCCN2CCCN=C12,CC(C)C1=CC(C(C)C)=CC(C(C)C)=C1C2=C(P(C(C)(C)C)C(C)(C)C)C(OC)=CC=C2OC,89.55924552
FC(F)(F)c1ccc(I)cc1,Fc1cccc(F)c1c2oncc2,CN(C)P(N(C)C)(N(C)C)=NP(N(C)C)(N(C)C)=NCC,CC(C)C1=CC(C(C)C)=CC(C(C)C)=C1C2=C(P(C3CCCCC3)C4CCCCC4)C=CC=C2,15.9216391
Clc1cccnc1,COC(=O)c1oncc1,CN1CCCN2CCCN=C12,CC(C)C(C=C(C(C)C)C=C1C(C)C)=C1C2=CC=CC=C2P(C(C)(C)C)C(C)(C)C,26.57993699
COc1ccc(I)cc1,CCOC(=O)c1cnoc1C,CN(C)/C(N(C)C)=N\C(C)(C)C,CC(C)C1=CC(C(C)C)=CC(C(C)C)=C1C2=C(P(C3CCCCC3)C4CCCCC4)C=CC=C2,2.613234135
Clc1ccccn1,CCOC(=O)c1cnoc1C,CN(C)P(N(C)C)(N(C)C)=NP(N(C)C)(N(C)C)=NCC,CC(C)C(C=C(C(C)C)C=C1C(C)C)=C1C2=CC=CC=C2P(C(C)(C)C)C(C)(C)C,21.68221926
Ic1cccnc1,COC(=O)c1cc(on1)c2sccc2,CN1CCCN2CCCN=C12,CC(C)C1=CC(C(C)C)=CC(C(C)C)=C1C2=C(P(C(C)(C)C)C(C)(C)C)C(OC)=CC=C2OC,83.83843021
CCc1ccc(I)cc1,o1cc2ccccc2n1,CN(C)/C(N(C)C)=N\C(C)(C)C,CC(C)C1=CC(C(C)C)=CC(C(C)C)=C1C2=C(P(C3CCCCC3)C4CCCCC4)C=CC=C2,4.889819476
FC(F)(F)c1ccc(Br)cc1,Cc1onc(c1)n2cccc2,CN(C)/C(N(C)C)=N\C(C)(C)C,CC(C)C(C=C(C(C)C)C=C1C(C)C)=C1C2=CC=CC=C2P(C(C)(C)C)C(C)(C)C,38.11608188
Ic1ccccn1,CCOC(=O)c1onc(C)c1,CN(C)P(N(C)C)(N(C)C)=NP(N(C)C)(N(C)C)=NCC,CC(C)C(C=C(C(C)C)C=C1C(C)C)=C1C2=CC=CC=C2P(C(C)(C)C)C(C)(C)C,66.20793624
Ic1cccnc1,CCOC(=O)c1cc(C)on1,CN(C)P(N(C)C)(N(C)C)=NP(N(C)C)(N(C)C)=NCC,CC(C)C1=CC(C(C)C)=CC(C(C)C)=C1C2=C(P(C3CCCCC3)C4CCCCC4)C=CC=C2,30.87112941
Brc1cccnc1,CCOC(=O)c1onc(OC)c1,CN1CCCN2CCCN=C12,CC(C)C1=CC(C(C)C)=CC(C(C)C)=C1C2=C(P(C(C)(C)C)C(C)(C)C)C(OC)=CC=C2OC,72.70181754
Ic1cccnc1,Cc1cc(on1)c2ccccc2,CN(C)P(N(C)C)(N(C)C)=NP(N(C)C)(N(C)C)=NCC,CC(C)C(C=C(C(C)C)C=C1C(C)C)=C1C2=CC=CC=C2P(C(C)(C)C)C(C)(C)C,78.36249844
CCc1ccc(Cl)cc1,Cc1onc(C)c1,CN(C)P(N(C)C)(N(C)C)=NP(N(C)C)(N(C)C)=NCC,CC(C)C(C=C(C(C)C)C=C1C(C)C)=C1C2=CC=CC=C2P(C(C)(C)C)C(C)(C)C,13.82100293
FC(F)(F)c1ccc(Cl)cc1,Cc1onc(C)c1,CN1CCCN2CCCN=C12,CC(C1=C(C2=C(OC)C=CC(OC)=C2P(C34CC5CC(C4)CC(C5)C3)C67CC8CC(C7)CC(C8)C6)C(C(C)C)=CC(C(C)C)=C1)C,10.68115857
Brc1ccccn1,COC(=O)c1cc(on1)c2sccc2,CN(C)P(N(C)C)(N(C)C)=NP(N(C)C)(N(C)C)=NCC,CC(C)C1=CC(C(C)C)=CC(C(C)C)=C1C2=C(P(C(C)(C)C)C(C)(C)C)C(OC)=CC=C2OC,78.22401013
Ic1ccccn1,COC(=O)c1cc(on1)c2sccc2,CN1CCCN2CCCN=C12,CC(C)C(C=C(C(C)C)C=C1C(C)C)=C1C2=CC=CC=C2P(C(C)(C)C)C(C)(C)C,82.3438198
FC(F)(F)c1ccc(Br)cc1,o1ncc2ccccc12,CN1CCCN2CCCN=C12,CC(C)C1=CC(C(C)C)=CC(C(C)C)=C1C2=C(P(C(C)(C)C)C(C)(C)C)C(OC)=CC=C2OC,36.5499256
CCc1ccc(I)cc1,Fc1cccc(F)c1c2oncc2,CN(C)P(N(C)C)(N(C)C)=NP(N(C)C)(N(C)C)=NCC,CC(C1=C(C2=C(OC)C=CC(OC)=C2P(C34CC5CC(C4)CC(C5)C3)C67CC8CC(C7)CC(C8)C6)C(C(C)C)=CC(C(C)C)=C1)C,27.6859428
FC(F)(F)c1ccc(I)cc1,COC(=O)c1cc(on1)c2occc2,CN(C)P(N(C)C)(N(C)C)=NP(N(C)C)(N(C)C)=NCC,CC(C)C1=CC(C(C)C)=CC(C(C)C)=C1C2=C(P(C(C)(C)C)C(C)(C)C)C(OC)=CC=C2OC,31.38632484
Clc1cccnc1,CCOC(=O)c1ccon1,CN1CCCN2CCCN=C12,CC(C1=C(C2=C(OC)C=CC(OC)=C2P(C34CC5CC(C4)CC(C5)C3)C67CC8CC(C7)CC(C8)C6)C(C(C)C)=CC(C(C)C)=C1)C,11.53765302
FC(F)(F)c1ccc(Cl)cc1,o1cc2ccccc2n1,CN(C)/C(N(C)C)=N\C(C)(C)C,CC(C1=C(C2=C(OC)C=CC(OC)=C2P(C34CC5CC(C4)CC(C5)C3)C67CC8CC(C7)CC(C8)C6)C(C(C)C)=CC(C(C)C)=C1)C,0.0
Brc1cccnc1,C(N(Cc1ccccc1)c2ccon2)c3ccccc3,CN1CCCN2CCCN=C12,CC(C)C(C=C(C(C)C)C=C1C(C)C)=C1C2=CC=CC=C2P(C(C)(C)C)C(C)(C)C,78.63353277
CCc1ccc(Cl)cc1,Cc1onc(c1)n2cccc2,CN(C)/C(N(C)C)=N\C(C)(C)C,CC(C)C1=CC(C(C)C)=CC(C(C)C)=C1C2=C(P(C3CCCCC3)C4CCCCC4)C=CC=C2,5.821778044
Clc1cccnc1,CCOC(=O)c1cnoc1C,CN(C)/C(N(C)C)=N\C(C)(C)C,CC(C)C1=CC(C(C)C)=CC(C(C)C)=C1C2=C(P(C3CCCCC3)C4CCCCC4)C=CC=C2,1.445871909
CCc1ccc(Br)cc1,C(N(Cc1ccccc1)c2oncc2)c3ccccc3,CN1CCCN2CCCN=C12,CC(C1=C(C2=C(OC)C=CC(OC)=C2P(C34CC5CC(C4)CC(C5)C3)C67CC8CC(C7)CC(C8)C6)C(C(C)C)=CC(C(C)C)=C1)C,34.47263315
Brc1cccnc1,o1ncc2ccccc12,CN(C)/C(N(C)C)=N\C(C)(C)C,CC(C)C(C=C(C(C)C)C=C1C(C)C)=C1C2=CC=CC=C2P(C(C)(C)C)C(C)(C)C,46.97084661
FC(F)(F)c1ccc(I)cc1,COC(=O)c1oncc1,CN1CCCN2CCCN=C12,CC(C)C1=CC(C(C)C)=CC(C(C)C)=C1C2=C(P(C(C)(C)C)C(C)(C)C)C(OC)=CC=C2OC,47.05511825
Clc1ccccn1,C(N(Cc1ccccc1)c2oncc2)c3ccccc3,CN1CCCN2CCCN=C12,CC(C)C1=CC(C(C)C)=CC(C(C)C)=C1C2=C(P(C3CCCCC3)C4CCCCC4)C=CC=C2,11.6539798
Clc1ccccn1,o1ccc(n1)c2ccccc2,CN(C)P(N(C)C)(N(C)C)=NP(N(C)C)(N(C)C)=NCC,CC(C1=C(C2=C(OC)C=CC(OC)=C2P(C34CC5CC(C4)CC(C5)C3)C67CC8CC(C7)CC(C8)C6)C(C(C)C)=CC(C(C)C)=C1)C,74.61155282
Ic1cccnc1,CCOC(=O)c1onc(C)c1,CN(C)P(N(C)C)(N(C)C)=NP(N(C)C)(N(C)C)=NCC,CC(C1=C(C2=C(OC)C=CC(OC)=C2P(C34CC5CC(C4)CC(C5)C3)C67CC8CC(C7)CC(C8)C6)C(C(C)C)=CC(C(C)C)=C1)C,63.22469221
FC(F)(F)c1ccc(I)cc1,C(N(Cc1ccccc1)c2ccon2)c3ccccc3,CN1CCCN2CCCN=C12,CC(C)C(C=C(C(C)C)C=C1C(C)C)=C1C2=CC=CC=C2P(C(C)(C)C)C(C)(C)C,41.55598689
COc1ccc(Cl)cc1,Cc1cc(on1)c2ccccc2,CN1CCCN2CCCN=C12,CC(C1=C(C2=C(OC)C=CC(OC)=C2P(C34CC5CC(C4)CC(C5)C3)C67CC8CC(C7)CC(C8)C6)C(C(C)C)=CC(C(C)C)=C1)C,0.0
CCc1ccc(I)cc1,C(N(Cc1ccccc1)c2ccon2)c3ccccc3,CN(C)/C(N(C)C)=N\C(C)(C)C,CC(C1=C(C2=C(OC)C=CC(OC)=C2P(C34CC5CC(C4)CC(C5)C3)C67CC8CC(C7)CC(C8)C6)C(C(C)C)=CC(C(C)C)=C1)C,63.99950596
CCc1ccc(Br)cc1,o1ncc2ccccc12,CN(C)/C(N(C)C)=N\C(C)(C)C,CC(C)C(C=C(C(C)C)C=C1C(C)C)=C1C2=CC=CC=C2P(C(C)(C)C)C(C)(C)C,32.63137063
Ic1ccccn1,COC(=O)c1oncc1,CN(C)/C(N(C)C)=N\C(C)(C)C,CC(C)C1=CC(C(C)C)=CC(C(C)C)=C1C2=C(P(C3CCCCC3)C4CCCCC4)C=CC=C2,29.2582978
FC(F)(F)c1ccc(I)cc1,CCOC(=O)c1cnoc1C,CN(C)P(N(C)C)(N(C)C)=NP(N(C)C)(N(C)C)=NCC,CC(C1=C(C2=C(OC)C=CC(OC)=C2P(C34CC5CC(C4)CC(C5)C3)C67CC8CC(C7)CC(C8)C6)C(C(C)C)=CC(C(C)C)=C1)C,10.75553549
CCc1ccc(Cl)cc1,COC(=O)c1cc(on1)c2sccc2,CN1CCCN2CCCN=C12,CC(C1=C(C2=C(OC)C=CC(OC)=C2P(C34CC5CC(C4)CC(C5)C3)C67CC8CC(C7)CC(C8)C6)C(C(C)C)=CC(C(C)C)=C1)C,0.553317014
FC(F)(F)c1ccc(I)cc1,CCOC(=O)c1onc(C)c1,CN1CCCN2CCCN=C12,CC(C)C(C=C(C(C)C)C=C1C(C)C)=C1C2=CC=CC=C2P(C(C)(C)C)C(C)(C)C,51.75674767
CCc1ccc(Cl)cc1,Cc1ccon1,CN(C)P(N(C)C)(N(C)C)=NP(N(C)C)(N(C)C)=NCC,CC(C1=C(C2=C(OC)C=CC(OC)=C2P(C34CC5CC(C4)CC(C5)C3)C67CC8CC(C7)CC(C8)C6)C(C(C)C)=CC(C(C)C)=C1)C,1.117675591
COc1ccc(Br)cc1,C(N(Cc1ccccc1)c2oncc2)c3ccccc3,CN(C)P(N(C)C)(N(C)C)=NP(N(C)C)(N(C)C)=NCC,CC(C1=C(C2=C(OC)C=CC(OC)=C2P(C34CC5CC(C4)CC(C5)C3)C67CC8CC(C7)CC(C8)C6)C(C(C)C)=CC(C(C)C)=C1)C,29.01476311
COc1ccc(I)cc1,Cc1ccon1,CN(C)P(N(C)C)(N(C)C)=NP(N(C)C)(N(C)C)=NCC,CC(C)C1=CC(C(C)C)=CC(C(C)C)=C1C2=C(P(C(C)(C)C)C(C)(C)C)C(OC)=CC=C2OC,37.40734019
COc1ccc(I)cc1,Cc1oncc1,CN(C)P(N(C)C)(N(C)C)=NP(N(C)C)(N(C)C)=NCC,CC(C1=C(C2=C(OC)C=CC(OC)=C2P(C34CC5CC(C4)CC(C5)C3)C67CC8CC(C7)CC(C8)C6)C(C(C)C)=CC(C(C)C)=C1)C,11.24955158
CCc1ccc(Br)cc1,C(N(Cc1ccccc1)c2ccon2)c3ccccc3,CN1CCCN2CCCN=C12,CC(C)C(C=C(C(C)C)C=C1C(C)C)=C1C2=CC=CC=C2P(C(C)(C)C)C(C)(C)C,69.07936453
CCc1ccc(I)cc1,o1ccc(n1)c2ccccc2,CN(C)/C(N(C)C)=N\C(C)(C)C,CC(C)C(C=C(C(C)C)C=C1C(C)C)=C1C2=CC=CC=C2P(C(C)(C)C)C(C)(C)C,80.13587028
Clc1cccnc1,C(N(Cc1ccccc1)c2oncc2)c3ccccc3,CN(C)P(N(C)C)(N(C)C)=NP(N(C)C)(N(C)C)=NCC,CC(C)C(C=C(C(C)C)C=C1C(C)C)=C1C2=CC=CC=C2P(C(C)(C)C)C(C)(C)C,13.25100229
FC(F)(F)c1ccc(Cl)cc1,CCOC(=O)c1onc(OC)c1,CN(C)P(N(C)C)(N(C)C)=NP(N(C)C)(N(C)C)=NCC,CC(C1=C(C2=C(OC)C=CC(OC)=C2P(C34CC5CC(C4)CC(C5)C3)C67CC8CC(C7)CC(C8)C6)C(C(C)C)=CC(C(C)C)=C1)C,6.891124522
FC(F)(F)c1ccc(Br)cc1,COC(=O)c1cc(on1)c2occc2,CN(C)P(N(C)C)(N(C)C)=NP(N(C)C)(N(C)C)=NCC,CC(C)C1=CC(C(C)C)=CC(C(C)C)=C1C2=C(P(C(C)(C)C)C(C)(C)C)C(OC)=CC=C2OC,27.00233561
Ic1ccccn1,Cc1onc(C)c1,CN1CCCN2CCCN=C12,CC(C)C1=CC(C(C)C)=CC(C(C)C)=C1C2=C(P(C3CCCCC3)C4CCCCC4)C=CC=C2,58.39892185
Ic1cccnc1,CCOC(=O)c1cc(C)on1,CN(C)P(N(C)C)(N(C)C)=NP(N(C)C)(N(C)C)=NCC,CC(C1=C(C2=C(OC)C=CC(OC)=C2P(C34CC5CC(C4)CC(C5)C3)C67CC8CC(C7)CC(C8)C6)C(C(C)C)=CC(C(C)C)=C1)C,56.03413013
Clc1cccnc1,o1ccc(n1)c2ccccc2,CN(C)P(N(C)C)(N(C)C)=NP(N(C)C)(N(C)C)=NCC,CC(C)C1=CC(C(C)C)=CC(C(C)C)=C1C2=C(P(C3CCCCC3)C4CCCCC4)C=CC=C2,20.53476821
COc1ccc(Cl)cc1,Fc1cccc(F)c1c2oncc2,CN(C)/C(N(C)C)=N\C(C)(C)C,CC(C)C1=CC(C(C)C)=CC(C(C)C)=C1C2=C(P(C(C)(C)C)C(C)(C)C)C(OC)=CC=C2OC,0.328567973
Ic1ccccn1,o1cc(cn1)c2ccccc2,CN1CCCN2CCCN=C12,CC(C1=C(C2=C(OC)C=CC(OC)=C2P(C34CC5CC(C4)CC(C5)C3)C67CC8CC(C7)CC(C8)C6)C(C(C)C)=CC(C(C)C)=C1)C,81.51017538
Ic1ccccn1,CCOC(=O)c1ccon1,CN1CCCN2CCCN=C12,CC(C)C(C=C(C(C)C)C=C1C(C)C)=C1C2=CC=CC=C2P(C(C)(C)C)C(C)(C)C,88.51390693
Ic1ccccn1,COC(=O)c1cc(on1)c2sccc2,CN(C)/C(N(C)C)=N\C(C)(C)C,CC(C)C1=CC(C(C)C)=CC(C(C)C)=C1C2=C(P(C(C)(C)C)C(C)(C)C)C(OC)=CC=C2OC,66.65248144
CCc1ccc(I)cc1,CCOC(=O)c1cc(C)on1,CN(C)/C(N(C)C)=N\C(C)(C)C,CC(C1=C(C2=C(OC)C=CC(OC)=C2P(C34CC5CC(C4)CC(C5)C3)C67CC8CC(C7)CC(C8)C6)C(C(C)C)=CC(C(C)C)=C1)C,78.61961971
Clc1cccnc1,Cc1oncc1,CN(C)P(N(C)C)(N(C)C)=NP(N(C)C)(N(C)C)=NCC,CC(C1=C(C2=C(OC)C=CC(OC)=C2P(C34CC5CC(C4)CC(C5)C3)C67CC8CC(C7)CC(C8)C6)C(C(C)C)=CC(C(C)C)=C1)C,2.029011587
COc1ccc(Br)cc1,Cc1ccon1,CN(C)P(N(C)C)(N(C)C)=NP(N(C)C)(N(C)C)=NCC,CC(C)C(C=C(C(C)C)C=C1C(C)C)=C1C2=CC=CC=C2P(C(C)(C)C)C(C)(C)C,45.57576479
Ic1ccccn1,COC(=O)c1cc(on1)c2sccc2,CN(C)P(N(C)C)(N(C)C)=NP(N(C)C)(N(C)C)=NCC,CC(C)C1=CC(C(C)C)=CC(C(C)C)=C1C2=C(P(C(C)(C)C)C(C)(C)C)C(OC)=CC=C2OC,70.14060434
FC(F)(F)c1ccc(Br)cc1,CCOC(=O)c1onc(OC)c1,CN(C)/C(N(C)C)=N\C(C)(C)C,CC(C)C(C=C(C(C)C)C=C1C(C)C)=C1C2=CC=CC=C2P(C(C)(C)C)C(C)(C)C,34.89766998
FC(F)(F)c1ccc(Br)cc1,o1nccc1c2ccccc2,CN(C)/C(N(C)C)=N\C(C)(C)C,CC(C1=C(C2=C(OC)C=CC(OC)=C2P(C34CC5CC(C4)CC(C5)C3)C67CC8CC(C7)CC(C8)C6)C(C(C)C)=CC(C(C)C)=C1)C,22.516172
COc1ccc(Cl)cc1,CCOC(=O)c1cc(C)on1,CN1CCCN2CCCN=C12,CC(C)C1=CC(C(C)C)=CC(C(C)C)=C1C2=C(P(C3CCCCC3)C4CCCCC4)C=CC=C2,0.828206999
COc1ccc(Br)cc1,CCOC(=O)c1cnoc1C,CN(C)P(N(C)C)(N(C)C)=NP(N(C)C)(N(C)C)=NCC,CC(C)C(C=C(C(C)C)C=C1C(C)C)=C1C2=CC=CC=C2P(C(C)(C)C)C(C)(C)C,14.85699263
Brc1ccccn1,o1ncc2ccccc12,CN(C)/C(N(C)C)=N\C(C)(C)C,CC(C1=C(C2=C(OC)C=CC(OC)=C2P(C34CC5CC(C4)CC(C5)C3)C67CC8CC(C7)CC(C8)C6)C(C(C)C)=CC(C(C)C)=C1)C,19.53099508
COc1ccc(Br)cc1,COC(=O)c1oncc1,CN(C)P(N(C)C)(N(C)C)=NP(N(C)C)(N(C)C)=NCC,CC(C1=C(C2=C(OC)C=CC(OC)=C2P(C34CC5CC(C4)CC(C5)C3)C67CC8CC(C7)CC(C8)C6)C(C(C)C)=CC(C(C)C)=C1)C,4.7783658
Brc1cccnc1,o1cc(cn1)c2ccccc2,CN(C)P(N(C)C)(N(C)C)=NP(N(C)C)(N(C)C)=NCC,CC(C)C1=CC(C(C)C)=CC(C(C)C)=C1C2=C(P(C(C)(C)C)C(C)(C)C)C(OC)=CC=C2OC,70.56509529
CCc1ccc(Br)cc1,Cc1onc(C)c1,CN1CCCN2CCCN=C12,CC(C)C(C=C(C(C)C)C=C1C(C)C)=C1C2=CC=CC=C2P(C(C)(C)C)C(C)(C)C,73.06292012
Brc1ccccn1,CCOC(=O)c1cc(C)on1,CN(C)P(N(C)C)(N(C)C)=NP(N(C)C)(N(C)C)=NCC,CC(C)C1=CC(C(C)C)=CC(C(C)C)=C1C2=C(P(C3CCCCC3)C4CCCCC4)C=CC=C2,28.75149591
FC(F)(F)c1ccc(Cl)cc1,C(N(Cc1ccccc1)c2oncc2)c3ccccc3,CN(C)/C(N(C)C)=N\C(C)(C)C,CC(C)C(C=C(C(C)C)C=C1C(C)C)=C1C2=CC=CC=C2P(C(C)(C)C)C(C)(C)C,1.71151259
Brc1cccnc1,Cc1oncc1,CN(C)/C(N(C)C)=N\C(C)(C)C,CC(C)C(C=C(C(C)C)C=C1C(C)C)=C1C2=CC=CC=C2P(C(C)(C)C)C(C)(C)C,57.02971842
Brc1ccccn1,C(N(Cc1ccccc1)c2oncc2)c3ccccc3,CN(C)P(N(C)C)(N(C)C)=NP(N(C)C)(N(C)C)=NCC,CC(C)C1=CC(C(C)C)=CC(C(C)C)=C1C2=C(P(C(C)(C)C)C(C)(C)C)C(OC)=CC=C2OC,47.20893463
Brc1ccccn1,Cc1onc(c1)n2cccc2,CN(C)P(N(C)C)(N(C)C)=NP(N(C)C)(N(C)C)=NCC,CC(C1=C(C2=C(OC)C=CC(OC)=C2P(C34CC5CC(C4)CC(C5)C3)C67CC8CC(C7)CC(C8)C6)C(C(C)C)=CC(C(C)C)=C1)C,74.49984474
CCc1ccc(Br)cc1,Fc1cccc(F)c1c2oncc2,CN1CCCN2CCCN=C12,CC(C)C(C=C(C(C)C)C=C1C(C)C)=C1C2=CC=CC=C2P(C(C)(C)C)C(C)(C)C,71.70514407
Brc1cccnc1,Cc1oncc1,CN(C)/C(N(C)C)=N\C(C)(C)C,CC(C)C1=CC(C(C)C)=CC(C(C)C)=C1C2=C(P(C3CCCCC3)C4CCCCC4)C=CC=C2,21.4669222
Brc1ccccn1,COC(=O)c1oncc1,CN1CCCN2CCCN=C12,CC(C)C1=CC(C(C)C)=CC(C(C)C)=C1C2=C(P(C(C)(C)C)C(C)(C)C)C(OC)=CC=C2OC,46.16924796
Brc1cccnc1,C(N(Cc1ccccc1)c2ccon2)c3ccccc3,CN1CCCN2CCCN=C12,CC(C)C1=CC(C(C)C)=CC(C(C)C)=C1C2=C(P(C(C)(C)C)C(C)(C)C)C(OC)=CC=C2OC,77.2841534
FC(F)(F)c1ccc(I)cc1,Cc1onc(c1)n2cccc2,CN(C)P(N(C)C)(N(C)C)=NP(N(C)C)(N(C)C)=NCC,CC(C)C1=CC(C(C)C)=CC(C(C)C)=C1C2=C(P(C(C)(C)C)C(C)(C)C)C(OC)=CC=C2OC,31.2993075
Brc1cccnc1,CCOC(=O)c1ccon1,CN(C)/C(N(C)C)=N\C(C)(C)C,CC(C)C1=CC(C(C)C)=CC(C(C)C)=C1C2=C(P(C(C)(C)C)C(C)(C)C)C(OC)=CC=C2OC,59.7949718
CCc1ccc(Br)cc1,Cc1onc(C)c1,CN(C)P(N(C)C)(N(C)C)=NP(N(C)C)(N(C)C)=NCC,CC(C)C(C=C(C(C)C)C=C1C(C)C)=C1C2=CC=CC=C2P(C(C)(C)C)C(C)(C)C,72.6088082
Ic1cccnc1,COC(=O)c1cc(on1)c2occc2,CN(C)P(N(C)C)(N(C)C)=NP(N(C)C)(N(C)C)=NCC,CC(C)C(C=C(C(C)C)C=C1C(C)C)=C1C2=CC=CC=C2P(C(C)(C)C)C(C)(C)C,75.28558302
COc1ccc(I)cc1,Fc1cccc(F)c1c2oncc2,CN1CCCN2CCCN=C12,CC(C)C1=CC(C(C)C)=CC(C(C)C)=C1C2=C(P(C3CCCCC3)C4CCCCC4)C=CC=C2,5.371995824
FC(F)(F)c1ccc(I)cc1,COC(=O)c1cc(on1)c2occc2,CN1CCCN2CCCN=C12,CC(C)C1=CC(C(C)C)=CC(C(C)C)=C1C2=C(P(C(C)(C)C)C(C)(C)C)C(OC)=CC=C2OC,41.73289196
Clc1cccnc1,o1cc(cn1)c2ccccc2,CN1CCCN2CCCN=C12,CC(C1=C(C2=C(OC)C=CC(OC)=C2P(C34CC5CC(C4)CC(C5)C3)C67CC8CC(C7)CC(C8)C6)C(C(C)C)=CC(C(C)C)=C1)C,28.30443344
CCc1ccc(Cl)cc1,CCOC(=O)c1onc(C)c1,CN(C)P(N(C)C)(N(C)C)=NP(N(C)C)(N(C)C)=NCC,CC(C1=C(C2=C(OC)C=CC(OC)=C2P(C34CC5CC(C4)CC(C5)C3)C67CC8CC(C7)CC(C8)C6)C(C(C)C)=CC(C(C)C)=C1)C,1.112658983
CCc1ccc(I)cc1,Cc1cc(on1)c2ccccc2,CN(C)P(N(C)C)(N(C)C)=NP(N(C)C)(N(C)C)=NCC,CC(C)C1=CC(C(C)C)=CC(C(C)C)=C1C2=C(P(C(C)(C)C)C(C)(C)C)C(OC)=CC=C2OC,69.13688603
Ic1ccccn1,CCOC(=O)c1onc(OC)c1,CN1CCCN2CCCN=C12,CC(C)C1=CC(C(C)C)=CC(C(C)C)=C1C2=C(P(C(C)(C)C)C(C)(C)C)C(OC)=CC=C2OC,91.13914928
COc1ccc(Cl)cc1,C(N(Cc1ccccc1)c2ccon2)c3ccccc3,CN(C)P(N(C)C)(N(C)C)=NP(N(C)C)(N(C)C)=NCC,CC(C)C(C=C(C(C)C)C=C1C(C)C)=C1C2=CC=CC=C2P(C(C)(C)C)C(C)(C)C,8.38964842
CCc1ccc(Cl)cc1,CCOC(=O)c1cc(C)on1,CN(C)/C(N(C)C)=N\C(C)(C)C,CC(C)C1=CC(C(C)C)=CC(C(C)C)=C1C2=C(P(C(C)(C)C)C(C)(C)C)C(OC)=CC=C2OC,1.497954505
Brc1cccnc1,C(N(Cc1ccccc1)c2oncc2)c3ccccc3,CN1CCCN2CCCN=C12,CC(C)C1=CC(C(C)C)=CC(C(C)C)=C1C2=C(P(C(C)(C)C)C(C)(C)C)C(OC)=CC=C2OC,47.68791361
Brc1ccccn1,CCOC(=O)c1ccon1,CN1CCCN2CCCN=C12,CC(C)C1=CC(C(C)C)=CC(C(C)C)=C1C2=C(P(C3CCCCC3)C4CCCCC4)C=CC=C2,51.52656955
COc1ccc(Cl)cc1,CCOC(=O)c1cnoc1C,CN1CCCN2CCCN=C12,CC(C1=C(C2=C(OC)C=CC(OC)=C2P(C34CC5CC(C4)CC(C5)C3)C67CC8CC(C7)CC(C8)C6)C(C(C)C)=CC(C(C)C)=C1)C,0.0
Brc1ccccn1,o1ccc(n1)c2ccccc2,CN(C)/C(N(C)C)=N\C(C)(C)C,CC(C1=C(C2=C(OC)C=CC(OC)=C2P(C34CC5CC(C4)CC(C5)C3)C67CC8CC(C7)CC(C8)C6)C(C(C)C)=CC(C(C)C)=C1)C,66.70576357
Clc1cccnc1,Cc1onc(C)c1,CN(C)/C(N(C)C)=N\C(C)(C)C,CC(C)C1=CC(C(C)C)=CC(C(C)C)=C1C2=C(P(C(C)(C)C)C(C)(C)C)C(OC)=CC=C2OC,21.23653704
COc1ccc(Br)cc1,COC(=O)c1cc(on1)c2sccc2,CN1CCCN2CCCN=C12,CC(C1=C(C2=C(OC)C=CC(OC)=C2P(C34CC5CC(C4)CC(C5)C3)C67CC8CC(C7)CC(C8)C6)C(C(C)C)=CC(C(C)C)=C1)C,20.84643886
FC(F)(F)c1ccc(I)cc1,Cc1ccon1,CN1CCCN2CCCN=C12,CC(C)C1=CC(C(C)C)=CC(C(C)C)=C1C2=C(P(C3CCCCC3)C4CCCCC4)C=CC=C2,47.42870408
FC(F)(F)c1ccc(Br)cc1,o1ncc2ccccc12,CN1CCCN2CCCN=C12,CC(C1=C(C2=C(OC)C=CC(OC)=C2P(C34CC5CC(C4)CC(C5)C3)C67CC8CC(C7)CC(C8)C6)C(C(C)C)=CC(C(C)C)=C1)C,32.88980878
Ic1ccccn1,Cc1onc(C)c1,CN1CCCN2CCCN=C12,CC(C)C1=CC(C(C)C)=CC(C(C)C)=C1C2=C(P(C(C)(C)C)C(C)(C)C)C(OC)=CC=C2OC,89.32312927
CCc1ccc(I)cc1,Cc1onc(c1)n2cccc2,CN(C)P(N(C)C)(N(C)C)=NP(N(C)C)(N(C)C)=NCC,CC(C)C1=CC(C(C)C)=CC(C(C)C)=C1C2=C(P(C(C)(C)C)C(C)(C)C)C(OC)=CC=C2OC,69.27632316
Clc1ccccn1,Cc1onc(C)c1,CN1CCCN2CCCN=C12,CC(C1=C(C2=C(OC)C=CC(OC)=C2P(C34CC5CC(C4)CC(C5)C3)C67CC8CC(C7)CC(C8)C6)C(C(C)C)=CC(C(C)C)=C1)C,75.55480498
COc1ccc(Br)cc1,Cc1cc(on1)c2ccccc2,CN1CCCN2CCCN=C12,CC(C)C1=CC(C(C)C)=CC(C(C)C)=C1C2=C(P(C(C)(C)C)C(C)(C)C)C(OC)=CC=C2OC,46.19860459
Ic1cccnc1,C(N(Cc1ccccc1)c2oncc2)c3ccccc3,CN1CCCN2CCCN=C12,CC(C)C1=CC(C(C)C)=CC(C(C)C)=C1C2=C(P(C3CCCCC3)C4CCCCC4)C=CC=C2,0.0
Ic1cccnc1,C(N(Cc1ccccc1)c2ccon2)c3ccccc3,CN(C)/C(N(C)C)=N\C(C)(C)C,CC(C)C1=CC(C(C)C)=CC(C(C)C)=C1C2=C(P(C(C)(C)C)C(C)(C)C)C(OC)=CC=C2OC,64.00575958
Brc1cccnc1,CCOC(=O)c1conc1,CN(C)/C(N(C)C)=N\C(C)(C)C,CC(C1=C(C2=C(OC)C=CC(OC)=C2P(C34CC5CC(C4)CC(C5)C3)C67CC8CC(C7)CC(C8)C6)C(C(C)C)=CC(C(C)C)=C1)C,0.0
Clc1ccccn1,o1cc(cn1)c2ccccc2,CN1CCCN2CCCN=C12,CC(C)C1=CC(C(C)C)=CC(C(C)C)=C1C2=C(P(C(C)(C)C)C(C)(C)C)C(OC)=CC=C2OC,50.80872036
FC(F)(F)c1ccc(I)cc1,o1cc(cn1)c2ccccc2,CN(C)P(N(C)C)(N(C)C)=NP(N(C)C)(N(C)C)=NCC,CC(C)C1=CC(C(C)C)=CC(C(C)C)=C1C2=C(P(C3CCCCC3)C4CCCCC4)C=CC=C2,15.0343232
FC(F)(F)c1ccc(Br)cc1,CCOC(=O)c1cc(C)on1,CN(C)P(N(C)C)(N(C)C)=NP(N(C)C)(N(C)C)=NCC,CC(C)C1=CC(C(C)C)=CC(C(C)C)=C1C2=C(P(C3CCCCC3)C4CCCCC4)C=CC=C2,23.21156884
Brc1cccnc1,o1ncc2ccccc12,CN1CCCN2CCCN=C12,CC(C1=C(C2=C(OC)C=CC(OC)=C2P(C34CC5CC(C4)CC(C5)C3)C67CC8CC(C7)CC(C8)C6)C(C(C)C)=CC(C(C)C)=C1)C,48.77228165
Brc1cccnc1,COC(=O)c1cc(on1)c2occc2,CN(C)/C(N(C)C)=N\C(C)(C)C,CC(C)C(C=C(C(C)C)C=C1C(C)C)=C1C2=CC=CC=C2P(C(C)(C)C)C(C)(C)C,63.07769687
FC(F)(F)c1ccc(Br)cc1,Cc1onc(C)c1,CN1CCCN2CCCN=C12,CC(C)C1=CC(C(C)C)=CC(C(C)C)=C1C2=C(P(C3CCCCC3)C4CCCCC4)C=CC=C2,25.0144043
Clc1cccnc1,Cc1oncc1,CN(C)/C(N(C)C)=N\C(C)(C)C,CC(C)C1=CC(C(C)C)=CC(C(C)C)=C1C2=C(P(C3CCCCC3)C4CCCCC4)C=CC=C2,10.00638892
COc1ccc(Cl)cc1,C(N(Cc1ccccc1)c2ccon2)c3ccccc3,CN1CCCN2CCCN=C12,CC(C)C1=CC(C(C)C)=CC(C(C)C)=C1C2=C(P(C3CCCCC3)C4CCCCC4)C=CC=C2,38.99137319
Brc1cccnc1,Cc1onc(C)c1,CN(C)P(N(C)C)(N(C)C)=NP(N(C)C)(N(C)C)=NCC,CC(C1=C(C2=C(OC)C=CC(OC)=C2P(C34CC5CC(C4)CC(C5)C3)C67CC8CC(C7)CC(C8)C6)C(C(C)C)=CC(C(C)C)=C1)C,31.49662818
CCc1ccc(Cl)cc1,CCOC(=O)c1cnoc1C,CN(C)/C(N(C)C)=N\C(C)(C)C,CC(C)C1=CC(C(C)C)=CC(C(C)C)=C1C2=C(P(C(C)(C)C)C(C)(C)C)C(OC)=CC=C2OC,0.0
Ic1cccnc1,COC(=O)c1oncc1,CN(C)/C(N(C)C)=N\C(C)(C)C,CC(C1=C(C2=C(OC)C=CC(OC)=C2P(C34CC5CC(C4)CC(C5)C3)C67CC8CC(C7)CC(C8)C6)C(C(C)C)=CC(C(C)C)=C1)C,29.29764197
FC(F)(F)c1ccc(Br)cc1,C(N(Cc1ccccc1)c2ccon2)c3ccccc3,CN1CCCN2CCCN=C12,CC(C)C1=CC(C(C)C)=CC(C(C)C)=C1C2=C(P(C3CCCCC3)C4CCCCC4)C=CC=C2,24.01338043
COc1ccc(Br)cc1,Fc1cccc(F)c1c2oncc2,CN(C)/C(N(C)C)=N\C(C)(C)C,CC(C1=C(C2=C(OC)C=CC(OC)=C2P(C34CC5CC(C4)CC(C5)C3)C67CC8CC(C7)CC(C8)C6)C(C(C)C)=CC(C(C)C)=C1)C,14.98944103
COc1ccc(I)cc1,o1ncc2ccccc12,CN(C)/C(N(C)C)=N\C(C)(C)C,CC(C)C1=CC(C(C)C)=CC(C(C)C)=C1C2=C(P(C3CCCCC3)C4CCCCC4)C=CC=C2,2.128691227
COc1ccc(Cl)cc1,Cc1ccon1,CN(C)/C(N(C)C)=N\C(C)(C)C,CC(C1=C(C2=C(OC)C=CC(OC)=C2P(C34CC5CC(C4)CC(C5)C3)C67CC8CC(C7)CC(C8)C6)C(C(C)C)=CC(C(C)C)=C1)C,0.338169234
COc1ccc(Br)cc1,C(N(Cc1ccccc1)c2ccon2)c3ccccc3,CN(C)P(N(C)C)(N(C)C)=NP(N(C)C)(N(C)C)=NCC,CC(C)C(C=C(C(C)C)C=C1C(C)C)=C1C2=CC=CC=C2P(C(C)(C)C)C(C)(C)C,65.92742304
COc1ccc(I)cc1,Fc1cccc(F)c1c2oncc2,CN(C)/C(N(C)C)=N\C(C)(C)C,CC(C)C1=CC(C(C)C)=CC(C(C)C)=C1C2=C(P(C(C)(C)C)C(C)(C)C)C(OC)=CC=C2OC,33.66516566
COc1ccc(Cl)cc1,Cc1ccon1,CN(C)P(N(C)C)(N(C)C)=NP(N(C)C)(N(C)C)=NCC,CC(C)C1=CC(C(C)C)=CC(C(C)C)=C1C2=C(P(C(C)(C)C)C(C)(C)C)C(OC)=CC=C2OC,0.0
CCc1ccc(Cl)cc1,Cc1cc(on1)c2ccccc2,CN(C)/C(N(C)C)=N\C(C)(C)C,CC(C)C(C=C(C(C)C)C=C1C(C)C)=C1C2=CC=CC=C2P(C(C)(C)C)C(C)(C)C,3.373624056
Clc1cccnc1,CCOC(=O)c1cc(C)on1,CN(C)P(N(C)C)(N(C)C)=NP(N(C)C)(N(C)C)=NCC,CC(C)C(C=C(C(C)C)C=C1C(C)C)=C1C2=CC=CC=C2P(C(C)(C)C)C(C)(C)C,36.47724246
FC(F)(F)c1ccc(Br)cc1,CCOC(=O)c1cnoc1C,CN(C)/C(N(C)C)=N\C(C)(C)C,CC(C1=C(C2=C(OC)C=CC(OC)=C2P(C34CC5CC(C4)CC(C5)C3)C67CC8CC(C7)CC(C8)C6)C(C(C)C)=CC(C(C)C)=C1)C,3.835722246
Ic1ccccn1,Cc1onc(C)c1,CN(C)/C(N(C)C)=N\C(C)(C)C,CC(C1=C(C2=C(OC)C=CC(OC)=C2P(C34CC5CC(C4)CC(C5)C3)C67CC8CC(C7)CC(C8)C6)C(C(C)C)=CC(C(C)C)=C1)C,46.38749412
Brc1cccnc1,o1cc2ccccc2n1,CN(C)P(N(C)C)(N(C)C)=NP(N(C)C)(N(C)C)=NCC,CC(C)C1=CC(C(C)C)=CC(C(C)C)=C1C2=C(P(C3CCCCC3)C4CCCCC4)C=CC=C2,7.996830791
CCc1ccc(Cl)cc1,Cc1cc(on1)c2ccccc2,CN(C)P(N(C)C)(N(C)C)=NP(N(C)C)(N(C)C)=NCC,CC(C)C1=CC(C(C)C)=CC(C(C)C)=C1C2=C(P(C3CCCCC3)C4CCCCC4)C=CC=C2,3.597789888
CCc1ccc(Cl)cc1,COC(=O)c1cc(on1)c2occc2,CN1CCCN2CCCN=C12,CC(C)C1=CC(C(C)C)=CC(C(C)C)=C1C2=C(P(C3CCCCC3)C4CCCCC4)C=CC=C2,0.94272788
Brc1cccnc1,o1nccc1c2ccccc2,CN(C)/C(N(C)C)=N\C(C)(C)C,CC(C)C(C=C(C(C)C)C=C1C(C)C)=C1C2=CC=CC=C2P(C(C)(C)C)C(C)(C)C,83.87445444
FC(F)(F)c1ccc(Cl)cc1,CCOC(=O)c1conc1,CN(C)/C(N(C)C)=N\C(C)(C)C,CC(C)C1=CC(C(C)C)=CC(C(C)C)=C1C2=C(P(C(C)(C)C)C(C)(C)C)C(OC)=CC=C2OC,0.701552228
CCc1ccc(I)cc1,COC(=O)c1oncc1,CN1CCCN2CCCN=C12,CC(C1=C(C2=C(OC)C=CC(OC)=C2P(C34CC5CC(C4)CC(C5)C3)C67CC8CC(C7)CC(C8)C6)C(C(C)C)=CC(C(C)C)=C1)C,68.1907703
Clc1cccnc1,CCOC(=O)c1cc(C)on1,CN(C)/C(N(C)C)=N\C(C)(C)C,CC(C)C(C=C(C(C)C)C=C1C(C)C)=C1C2=CC=CC=C2P(C(C)(C)C)C(C)(C)C,34.20844443
CCc1ccc(Br)cc1,Cc1onc(C)c1,CN(C)/C(N(C)C)=N\C(C)(C)C,CC(C1=C(C2=C(OC)C=CC(OC)=C2P(C34CC5CC(C4)CC(C5)C3)C67CC8CC(C7)CC(C8)C6)C(C(C)C)=CC(C(C)C)=C1)C,50.41927701
CCc1ccc(I)cc1,CCOC(=O)c1ccon1,CN(C)/C(N(C)C)=N\C(C)(C)C,CC(C1=C(C2=C(OC)C=CC(OC)=C2P(C34CC5CC(C4)CC(C5)C3)C67CC8CC(C7)CC(C8)C6)C(C(C)C)=CC(C(C)C)=C1)C,58.15311301
Clc1ccccn1,CCOC(=O)c1conc1,CN(C)P(N(C)C)(N(C)C)=NP(N(C)C)(N(C)C)=NCC,CC(C)C1=CC(C(C)C)=CC(C(C)C)=C1C2=C(P(C3CCCCC3)C4CCCCC4)C=CC=C2,0.0
COc1ccc(I)cc1,Cc1ccon1,CN1CCCN2CCCN=C12,CC(C)C1=CC(C(C)C)=CC(C(C)C)=C1C2=C(P(C(C)(C)C)C(C)(C)C)C(OC)=CC=C2OC,43.57558027
Ic1ccccn1,o1ncc2ccccc12,CN1CCCN2CCCN=C12,CC(C)C1=CC(C(C)C)=CC(C(C)C)=C1C2=C(P(C3CCCCC3)C4CCCCC4)C=CC=C2,27.31009438
CCc1ccc(I)cc1,Cc1oncc1,CN1CCCN2CCCN=C12,CC(C1=C(C2=C(OC)C=CC(OC)=C2P(C34CC5CC(C4)CC(C5)C3)C67CC8CC(C7)CC(C8)C6)C(C(C)C)=CC(C(C)C)=C1)C,76.22505116
Brc1cccnc1,CCOC(=O)c1ccon1,CN1CCCN2CCCN=C12,CC(C)C(C=C(C(C)C)C=C1C(C)C)=C1C2=CC=CC=C2P(C(C)(C)C)C(C)(C)C,85.8122803
Ic1cccnc1,Cc1onc(c1)n2cccc2,CN(C)P(N(C)C)(N(C)C)=NP(N(C)C)(N(C)C)=NCC,CC(C1=C(C2=C(OC)C=CC(OC)=C2P(C34CC5CC(C4)CC(C5)C3)C67CC8CC(C7)CC(C8)C6)C(C(C)C)=CC(C(C)C)=C1)C,65.67896113
CCc1ccc(I)cc1,Cc1onc(C)c1,CN(C)/C(N(C)C)=N\C(C)(C)C,CC(C1=C(C2=C(OC)C=CC(OC)=C2P(C34CC5CC(C4)CC(C5)C3)C67CC8CC(C7)CC(C8)C6)C(C(C)C)=CC(C(C)C)=C1)C,57.65452227
Ic1ccccn1,C(N(Cc1ccccc1)c2oncc2)c3ccccc3,CN1CCCN2CCCN=C12,CC(C)C1=CC(C(C)C)=CC(C(C)C)=C1C2=C(P(C(C)(C)C)C(C)(C)C)C(OC)=CC=C2OC,86.32465757
Ic1ccccn1,CCOC(=O)c1onc(OC)c1,CN(C)/C(N(C)C)=N\C(C)(C)C,CC(C)C1=CC(C(C)C)=CC(C(C)C)=C1C2=C(P(C3CCCCC3)C4CCCCC4)C=CC=C2,42.79858664
COc1ccc(I)cc1,Fc1cccc(F)c1c2oncc2,CN(C)/C(N(C)C)=N\C(C)(C)C,CC(C)C(C=C(C(C)C)C=C1C(C)C)=C1C2=CC=CC=C2P(C(C)(C)C)C(C)(C)C,35.68810141
FC(F)(F)c1ccc(Cl)cc1,Cc1oncc1,CN(C)/C(N(C)C)=N\C(C)(C)C,CC(C)C1=CC(C(C)C)=CC(C(C)C)=C1C2=C(P(C3CCCCC3)C4CCCCC4)C=CC=C2,15.11582189
Ic1cccnc1,Cc1cc(on1)c2ccccc2,CN1CCCN2CCCN=C12,CC(C1=C(C2=C(OC)C=CC(OC)=C2P(C34CC5CC(C4)CC(C5)C3)C67CC8CC(C7)CC(C8)C6)C(C(C)C)=CC(C(C)C)=C1)C,82.20776042
Ic1ccccn1,CCOC(=O)c1onc(OC)c1,CN1CCCN2CCCN=C12,CC(C)C(C=C(C(C)C)C=C1C(C)C)=C1C2=CC=CC=C2P(C(C)(C)C)C(C)(C)C,84.68245385
FC(F)(F)c1ccc(Br)cc1,Cc1onc(C)c1,CN(C)/C(N(C)C)=N\C(C)(C)C,CC(C)C1=CC(C(C)C)=CC(C(C)C)=C1C2=C(P(C3CCCCC3)C4CCCCC4)C=CC=C2,30.36311877
FC(F)(F)c1ccc(I)cc1,Cc1oncc1,CN(C)/C(N(C)C)=N\C(C)(C)C,CC(C)C1=CC(C(C)C)=CC(C(C)C)=C1C2=C(P(C(C)(C)C)C(C)(C)C)C(OC)=CC=C2OC,35.59381518
CCc1ccc(I)cc1,o1ccc(n1)c2ccccc2,CN(C)P(N(C)C)(N(C)C)=NP(N(C)C)(N(C)C)=NCC,CC(C)C1=CC(C(C)C)=CC(C(C)C)=C1C2=C(P(C3CCCCC3)C4CCCCC4)C=CC=C2,53.23936389
FC(F)(F)c1ccc(I)cc1,o1cc(cn1)c2ccccc2,CN(C)P(N(C)C)(N(C)C)=NP(N(C)C)(N(C)C)=NCC,CC(C)C(C=C(C(C)C)C=C1C(C)C)=C1C2=CC=CC=C2P(C(C)(C)C)C(C)(C)C,19.60839775
Ic1ccccn1,o1nccc1c2ccccc2,CN1CCCN2CCCN=C12,CC(C)C1=CC(C(C)C)=CC(C(C)C)=C1C2=C(P(C3CCCCC3)C4CCCCC4)C=CC=C2,54.83360857
Clc1cccnc1,COC(=O)c1oncc1,CN(C)P(N(C)C)(N(C)C)=NP(N(C)C)(N(C)C)=NCC,CC(C)C1=CC(C(C)C)=CC(C(C)C)=C1C2=C(P(C(C)(C)C)C(C)(C)C)C(OC)=CC=C2OC,7.371601311
Clc1ccccn1,CCOC(=O)c1ccon1,CN(C)/C(N(C)C)=N\C(C)(C)C,CC(C1=C(C2=C(OC)C=CC(OC)=C2P(C34CC5CC(C4)CC(C5)C3)C67CC8CC(C7)CC(C8)C6)C(C(C)C)=CC(C(C)C)=C1)C,43.94688122
FC(F)(F)c1ccc(I)cc1,Fc1cccc(F)c1c2oncc2,CN(C)/C(N(C)C)=N\C(C)(C)C,CC(C1=C(C2=C(OC)C=CC(OC)=C2P(C34CC5CC(C4)CC(C5)C3)C67CC8CC(C7)CC(C8)C6)C(C(C)C)=CC(C(C)C)=C1)C,34.1813834
Brc1ccccn1,Fc1cccc(F)c1c2oncc2,CN1CCCN2CCCN=C12,CC(C)C1=CC(C(C)C)=CC(C(C)C)=C1C2=C(P(C3CCCCC3)C4CCCCC4)C=CC=C2,28.7617291
COc1ccc(Cl)cc1,CCOC(=O)c1cc(C)on1,CN(C)/C(N(C)C)=N\C(C)(C)C,CC(C)C(C=C(C(C)C)C=C1C(C)C)=C1C2=CC=CC=C2P(C(C)(C)C)C(C)(C)C,0.668792684
COc1ccc(Br)cc1,o1cc2ccccc2n1,CN(C)P(N(C)C)(N(C)C)=NP(N(C)C)(N(C)C)=NCC,CC(C)C1=CC(C(C)C)=CC(C(C)C)=C1C2=C(P(C3CCCCC3)C4CCCCC4)C=CC=C2,3.267294839
Clc1ccccn1,o1cc2ccccc2n1,CN1CCCN2CCCN=C12,CC(C)C(C=C(C(C)C)C=C1C(C)C)=C1C2=CC=CC=C2P(C(C)(C)C)C(C)(C)C,14.03184959
COc1ccc(I)cc1,C(N(Cc1ccccc1)c2ccon2)c3ccccc3,CN(C)/C(N(C)C)=N\C(C)(C)C,CC(C)C1=CC(C(C)C)=CC(C(C)C)=C1C2=C(P(C(C)(C)C)C(C)(C)C)C(OC)=CC=C2OC,60.30536067
FC(F)(F)c1ccc(I)cc1,CCOC(=O)c1ccon1,CN(C)/C(N(C)C)=N\C(C)(C)C,CC(C)C1=CC(C(C)C)=CC(C(C)C)=C1C2=C(P(C3CCCCC3)C4CCCCC4)C=CC=C2,34.89767991
Ic1ccccn1,CCOC(=O)c1conc1,CN(C)/C(N(C)C)=N\C(C)(C)C,CC(C1=C(C2=C(OC)C=CC(OC)=C2P(C34CC5CC(C4)CC(C5)C3)C67CC8CC(C7)CC(C8)C6)C(C(C)C)=CC(C(C)C)=C1)C,0.0
CCc1ccc(Br)cc1,Cc1oncc1,CN(C)P(N(C)C)(N(C)C)=NP(N(C)C)(N(C)C)=NCC,CC(C)C1=CC(C(C)C)=CC(C(C)C)=C1C2=C(P(C(C)(C)C)C(C)(C)C)C(OC)=CC=C2OC,14.46737016
CCc1ccc(Cl)cc1,CCOC(=O)c1cc(C)on1,CN1CCCN2CCCN=C12,CC(C)C(C=C(C(C)C)C=C1C(C)C)=C1C2=CC=CC=C2P(C(C)(C)C)C(C)(C)C,4.582095156
Brc1ccccn1,Cc1cc(on1)c2ccccc2,CN(C)/C(N(C)C)=N\C(C)(C)C,CC(C1=C(C2=C(OC)C=CC(OC)=C2P(C34CC5CC(C4)CC(C5)C3)C67CC8CC(C7)CC(C8)C6)C(C(C)C)=CC(C(C)C)=C1)C,41.28086675
Ic1cccnc1,Cc1cc(on1)c2ccccc2,CN(C)/C(N(C)C)=N\C(C)(C)C,CC(C)C1=CC(C(C)C)=CC(C(C)C)=C1C2=C(P(C(C)(C)C)C(C)(C)C)C(OC)=CC=C2OC,61.57150807
Brc1cccnc1,C(N(Cc1ccccc1)c2ccon2)c3ccccc3,CN(C)/C(N(C)C)=N\C(C)(C)C,CC(C1=C(C2=C(OC)C=CC(OC)=C2P(C34CC5CC(C4)CC(C5)C3)C67CC8CC(C7)CC(C8)C6)C(C(C)C)=CC(C(C)C)=C1)C,60.49224443
CCc1ccc(Cl)cc1,COC(=O)c1cc(on1)c2occc2,CN(C)P(N(C)C)(N(C)C)=NP(N(C)C)(N(C)C)=NCC,CC(C)C1=CC(C(C)C)=CC(C(C)C)=C1C2=C(P(C3CCCCC3)C4CCCCC4)C=CC=C2,0.340410651
FC(F)(F)c1ccc(I)cc1,C(N(Cc1ccccc1)c2ccon2)c3ccccc3,CN(C)/C(N(C)C)=N\C(C)(C)C,CC(C)C1=CC(C(C)C)=CC(C(C)C)=C1C2=C(P(C3CCCCC3)C4CCCCC4)C=CC=C2,42.94679968
Brc1cccnc1,o1cc(cn1)c2ccccc2,CN(C)/C(N(C)C)=N\C(C)(C)C,CC(C)C1=CC(C(C)C)=CC(C(C)C)=C1C2=C(P(C(C)(C)C)C(C)(C)C)C(OC)=CC=C2OC,60.54913452
CCc1ccc(I)cc1,COC(=O)c1cc(on1)c2occc2,CN(C)/C(N(C)C)=N\C(C)(C)C,CC(C)C1=CC(C(C)C)=CC(C(C)C)=C1C2=C(P(C(C)(C)C)C(C)(C)C)C(OC)=CC=C2OC,61.65083258
CCc1ccc(Br)cc1,COC(=O)c1cc(on1)c2sccc2,CN1CCCN2CCCN=C12,CC(C1=C(C2=C(OC)C=CC(OC)=C2P(C34CC5CC(C4)CC(C5)C3)C67CC8CC(C7)CC(C8)C6)C(C(C)C)=CC(C(C)C)=C1)C,32.70750682
CCc1ccc(I)cc1,Fc1cccc(F)c1c2oncc2,CN1CCCN2CCCN=C12,CC(C)C1=CC(C(C)C)=CC(C(C)C)=C1C2=C(P(C3CCCCC3)C4CCCCC4)C=CC=C2,20.36311527
CCc1ccc(I)cc1,Cc1onc(C)c1,CN1CCCN2CCCN=C12,CC(C)C1=CC(C(C)C)=CC(C(C)C)=C1C2=C(P(C(C)(C)C)C(C)(C)C)C(OC)=CC=C2OC,79.76639273
Brc1ccccn1,CCOC(=O)c1onc(C)c1,CN(C)/C(N(C)C)=N\C(C)(C)C,CC(C)C1=CC(C(C)C)=CC(C(C)C)=C1C2=C(P(C(C)(C)C)C(C)(C)C)C(OC)=CC=C2OC,74.81544975
Brc1ccccn1,CCOC(=O)c1cnoc1C,CN(C)P(N(C)C)(N(C)C)=NP(N(C)C)(N(C)C)=NCC,CC(C)C1=CC(C(C)C)=CC(C(C)C)=C1C2=C(P(C3CCCCC3)C4CCCCC4)C=CC=C2,18.58444117
FC(F)(F)c1ccc(Cl)cc1,o1ccc(n1)c2ccccc2,CN1CCCN2CCCN=C12,CC(C)C(C=C(C(C)C)C=C1C(C)C)=C1C2=CC=CC=C2P(C(C)(C)C)C(C)(C)C,45.04099086
COc1ccc(I)cc1,Fc1cccc(F)c1c2oncc2,CN1CCCN2CCCN=C12,CC(C)C1=CC(C(C)C)=CC(C(C)C)=C1C2=C(P(C(C)(C)C)C(C)(C)C)C(OC)=CC=C2OC,44.42036094
FC(F)(F)c1ccc(Cl)cc1,CCOC(=O)c1onc(C)c1,CN1CCCN2CCCN=C12,CC(C1=C(C2=C(OC)C=CC(OC)=C2P(C34CC5CC(C4)CC(C5)C3)C67CC8CC(C7)CC(C8)C6)C(C(C)C)=CC(C(C)C)=C1)C,2.510510682
FC(F)(F)c1ccc(Br)cc1,Cc1oncc1,CN(C)P(N(C)C)(N(C)C)=NP(N(C)C)(N(C)C)=NCC,CC(C1=C(C2=C(OC)C=CC(OC)=C2P(C34CC5CC(C4)CC(C5)C3)C67CC8CC(C7)CC(C8)C6)C(C(C)C)=CC(C(C)C)=C1)C,2.933858815
Clc1ccccn1,C(N(Cc1ccccc1)c2oncc2)c3ccccc3,CN(C)/C(N(C)C)=N\C(C)(C)C,CC(C)C(C=C(C(C)C)C=C1C(C)C)=C1C2=CC=CC=C2P(C(C)(C)C)C(C)(C)C,33.66124955
CCc1ccc(I)cc1,Cc1onc(c1)n2cccc2,CN1CCCN2CCCN=C12,CC(C)C1=CC(C(C)C)=CC(C(C)C)=C1C2=C(P(C3CCCCC3)C4CCCCC4)C=CC=C2,53.88645108
COc1ccc(I)cc1,Cc1ccon1,CN(C)/C(N(C)C)=N\C(C)(C)C,CC(C)C(C=C(C(C)C)C=C1C(C)C)=C1C2=CC=CC=C2P(C(C)(C)C)C(C)(C)C,52.5635645
FC(F)(F)c1ccc(I)cc1,COC(=O)c1cc(on1)c2sccc2,CN(C)/C(N(C)C)=N\C(C)(C)C,CC(C)C1=CC(C(C)C)=CC(C(C)C)=C1C2=C(P(C3CCCCC3)C4CCCCC4)C=CC=C2,23.69345333
CCc1ccc(I)cc1,CCOC(=O)c1ccon1,CN(C)/C(N(C)C)=N\C(C)(C)C,CC(C)C1=CC(C(C)C)=CC(C(C)C)=C1C2=C(P(C3CCCCC3)C4CCCCC4)C=CC=C2,42.17741181
FC(F)(F)c1ccc(Cl)cc1,Cc1cc(on1)c2ccccc2,CN(C)/C(N(C)C)=N\C(C)(C)C,CC(C)C1=CC(C(C)C)=CC(C(C)C)=C1C2=C(P(C3CCCCC3)C4CCCCC4)C=CC=C2,14.75153907
FC(F)(F)c1ccc(Br)cc1,C(N(Cc1ccccc1)c2ccon2)c3ccccc3,CN(C)/C(N(C)C)=N\C(C)(C)C,CC(C1=C(C2=C(OC)C=CC(OC)=C2P(C34CC5CC(C4)CC(C5)C3)C67CC8CC(C7)CC(C8)C6)C(C(C)C)=CC(C(C)C)=C1)C,35.94447354
COc1ccc(Cl)cc1,Fc1cccc(F)c1c2oncc2,CN1CCCN2CCCN=C12,CC(C)C1=CC(C(C)C)=CC(C(C)C)=C1C2=C(P(C3CCCCC3)C4CCCCC4)C=CC=C2,0.0
CCc1ccc(Br)cc1,CCOC(=O)c1conc1,CN1CCCN2CCCN=C12,CC(C1=C(C2=C(OC)C=CC(OC)=C2P(C34CC5CC(C4)CC(C5)C3)C67CC8CC(C7)CC(C8)C6)C(C(C)C)=CC(C(C)C)=C1)C,30.37188127
Ic1ccccn1,Cc1cc(on1)c2ccccc2,CN(C)/C(N(C)C)=N\C(C)(C)C,CC(C)C1=CC(C(C)C)=CC(C(C)C)=C1C2=C(P(C(C)(C)C)C(C)(C)C)C(OC)=CC=C2OC,63.37225968
Clc1cccnc1,CCOC(=O)c1ccon1,CN(C)/C(N(C)C)=N\C(C)(C)C,CC(C)C(C=C(C(C)C)C=C1C(C)C)=C1C2=CC=CC=C2P(C(C)(C)C)C(C)(C)C,25.82773903
Ic1cccnc1,Cc1cc(on1)c2ccccc2,CN(C)/C(N(C)C)=N\C(C)(C)C,CC(C)C1=CC(C(C)C)=CC(C(C)C)=C1C2=C(P(C3CCCCC3)C4CCCCC4)C=CC=C2,27.47497093
CCc1ccc(I)cc1,Cc1cc(on1)c2ccccc2,CN1CCCN2CCCN=C12,CC(C)C(C=C(C(C)C)C=C1C(C)C)=C1C2=CC=CC=C2P(C(C)(C)C)C(C)(C)C,68.71737558
COc1ccc(Br)cc1,Cc1onc(C)c1,CN1CCCN2CCCN=C12,CC(C1=C(C2=C(OC)C=CC(OC)=C2P(C34CC5CC(C4)CC(C5)C3)C67CC8CC(C7)CC(C8)C6)C(C(C)C)=CC(C(C)C)=C1)C,48.41843845
FC(F)(F)c1ccc(Br)cc1,Cc1oncc1,CN(C)/C(N(C)C)=N\C(C)(C)C,CC(C)C(C=C(C(C)C)C=C1C(C)C)=C1C2=CC=CC=C2P(C(C)(C)C)C(C)(C)C,32.25917309
Ic1cccnc1,o1ncc2ccccc12,CN1CCCN2CCCN=C12,CC(C1=C(C2=C(OC)C=CC(OC)=C2P(C34CC5CC(C4)CC(C5)C3)C67CC8CC(C7)CC(C8)C6)C(C(C)C)=CC(C(C)C)=C1)C,74.51133845
CCc1ccc(Br)cc1,o1cc2ccccc2n1,CN(C)P(N(C)C)(N(C)C)=NP(N(C)C)(N(C)C)=NCC,CC(C)C1=CC(C(C)C)=CC(C(C)C)=C1C2=C(P(C3CCCCC3)C4CCCCC4)C=CC=C2,8.876631997
Ic1ccccn1,o1ccc(n1)c2ccccc2,CN1CCCN2CCCN=C12,CC(C)C1=CC(C(C)C)=CC(C(C)C)=C1C2=C(P(C3CCCCC3)C4CCCCC4)C=CC=C2,63.62909921
FC(F)(F)c1ccc(I)cc1,CCOC(=O)c1onc(C)c1,CN1CCCN2CCCN=C12,CC(C)C1=CC(C(C)C)=CC(C(C)C)=C1C2=C(P(C(C)(C)C)C(C)(C)C)C(OC)=CC=C2OC,46.6599306
COc1ccc(Cl)cc1,C(N(Cc1ccccc1)c2oncc2)c3ccccc3,CN(C)P(N(C)C)(N(C)C)=NP(N(C)C)(N(C)C)=NCC,CC(C)C1=CC(C(C)C)=CC(C(C)C)=C1C2=C(P(C(C)(C)C)C(C)(C)C)C(OC)=CC=C2OC,0.572188732
Brc1ccccn1,o1ncc2ccccc12,CN1CCCN2CCCN=C12,CC(C1=C(C2=C(OC)C=CC(OC)=C2P(C34CC5CC(C4)CC(C5)C3)C67CC8CC(C7)CC(C8)C6)C(C(C)C)=CC(C(C)C)=C1)C,67.75052852
CCc1ccc(I)cc1,CCOC(=O)c1onc(OC)c1,CN(C)P(N(C)C)(N(C)C)=NP(N(C)C)(N(C)C)=NCC,CC(C1=C(C2=C(OC)C=CC(OC)=C2P(C34CC5CC(C4)CC(C5)C3)C67CC8CC(C7)CC(C8)C6)C(C(C)C)=CC(C(C)C)=C1)C,69.97034068
Clc1ccccn1,o1cc(cn1)c2ccccc2,CN1CCCN2CCCN=C12,CC(C1=C(C2=C(OC)C=CC(OC)=C2P(C34CC5CC(C4)CC(C5)C3)C67CC8CC(C7)CC(C8)C6)C(C(C)C)=CC(C(C)C)=C1)C,44.47903411
COc1ccc(Cl)cc1,COC(=O)c1oncc1,CN1CCCN2CCCN=C12,CC(C)C(C=C(C(C)C)C=C1C(C)C)=C1C2=CC=CC=C2P(C(C)(C)C)C(C)(C)C,4.510108394
FC(F)(F)c1ccc(Cl)cc1,COC(=O)c1cc(on1)c2sccc2,CN1CCCN2CCCN=C12,CC(C)C1=CC(C(C)C)=CC(C(C)C)=C1C2=C(P(C3CCCCC3)C4CCCCC4)C=CC=C2,7.343376414
CCc1ccc(I)cc1,COC(=O)c1cc(on1)c2occc2,CN1CCCN2CCCN=C12,CC(C)C1=CC(C(C)C)=CC(C(C)C)=C1C2=C(P(C(C)(C)C)C(C)(C)C)C(OC)=CC=C2OC,73.57415684
FC(F)(F)c1ccc(Br)cc1,Cc1ccon1,CN(C)/C(N(C)C)=N\C(C)(C)C,CC(C)C1=CC(C(C)C)=CC(C(C)C)=C1C2=C(P(C(C)(C)C)C(C)(C)C)C(OC)=CC=C2OC,48.49744103
Clc1ccccn1,CCOC(=O)c1conc1,CN1CCCN2CCCN=C12,CC(C1=C(C2=C(OC)C=CC(OC)=C2P(C34CC5CC(C4)CC(C5)C3)C67CC8CC(C7)CC(C8)C6)C(C(C)C)=CC(C(C)C)=C1)C,34.48220577
FC(F)(F)c1ccc(I)cc1,Cc1ccon1,CN(C)P(N(C)C)(N(C)C)=NP(N(C)C)(N(C)C)=NCC,CC(C)C1=CC(C(C)C)=CC(C(C)C)=C1C2=C(P(C3CCCCC3)C4CCCCC4)C=CC=C2,34.88077285
Ic1cccnc1,CCOC(=O)c1cnoc1C,CN(C)/C(N(C)C)=N\C(C)(C)C,CC(C1=C(C2=C(OC)C=CC(OC)=C2P(C34CC5CC(C4)CC(C5)C3)C67CC8CC(C7)CC(C8)C6)C(C(C)C)=CC(C(C)C)=C1)C,17.36013023
Brc1ccccn1,o1nccc1c2ccccc2,CN1CCCN2CCCN=C12,CC(C1=C(C2=C(OC)C=CC(OC)=C2P(C34CC5CC(C4)CC(C5)C3)C67CC8CC(C7)CC(C8)C6)C(C(C)C)=CC(C(C)C)=C1)C,84.91024962
FC(F)(F)c1ccc(I)cc1,o1ccc(n1)c2ccccc2,CN1CCCN2CCCN=C12,CC(C)C1=CC(C(C)C)=CC(C(C)C)=C1C2=C(P(C3CCCCC3)C4CCCCC4)C=CC=C2,44.04700483
Clc1cccnc1,CCOC(=O)c1conc1,CN(C)P(N(C)C)(N(C)C)=NP(N(C)C)(N(C)C)=NCC,CC(C)C(C=C(C(C)C)C=C1C(C)C)=C1C2=CC=CC=C2P(C(C)(C)C)C(C)(C)C,1.309393322
COc1ccc(Br)cc1,COC(=O)c1cc(on1)c2occc2,CN(C)P(N(C)C)(N(C)C)=NP(N(C)C)(N(C)C)=NCC,CC(C)C1=CC(C(C)C)=CC(C(C)C)=C1C2=C(P(C(C)(C)C)C(C)(C)C)C(OC)=CC=C2OC,38.20230031
Brc1cccnc1,COC(=O)c1cc(on1)c2sccc2,CN(C)/C(N(C)C)=N\C(C)(C)C,CC(C)C(C=C(C(C)C)C=C1C(C)C)=C1C2=CC=CC=C2P(C(C)(C)C)C(C)(C)C,63.13467167
Clc1ccccn1,o1ncc2ccccc12,CN(C)/C(N(C)C)=N\C(C)(C)C,CC(C)C1=CC(C(C)C)=CC(C(C)C)=C1C2=C(P(C3CCCCC3)C4CCCCC4)C=CC=C2,6.819997972
CCc1ccc(I)cc1,o1ncc2ccccc12,CN(C)/C(N(C)C)=N\C(C)(C)C,CC(C)C1=CC(C(C)C)=CC(C(C)C)=C1C2=C(P(C3CCCCC3)C4CCCCC4)C=CC=C2,11.20904607
COc1ccc(I)cc1,CCOC(=O)c1cnoc1C,CN(C)/C(N(C)C)=N\C(C)(C)C,CC(C1=C(C2=C(OC)C=CC(OC)=C2P(C34CC5CC(C4)CC(C5)C3)C67CC8CC(C7)CC(C8)C6)C(C(C)C)=CC(C(C)C)=C1)C,16.00671459
Clc1cccnc1,Cc1onc(c1)n2cccc2,CN(C)/C(N(C)C)=N\C(C)(C)C,CC(C)C1=CC(C(C)C)=CC(C(C)C)=C1C2=C(P(C3CCCCC3)C4CCCCC4)C=CC=C2,12.63535619
FC(F)(F)c1ccc(Cl)cc1,Cc1oncc1,CN1CCCN2CCCN=C12,CC(C)C1=CC(C(C)C)=CC(C(C)C)=C1C2=C(P(C(C)(C)C)C(C)(C)C)C(OC)=CC=C2OC,4.68080841
Brc1cccnc1,Fc1cccc(F)c1c2oncc2,CN(C)/C(N(C)C)=N\C(C)(C)C,CC(C1=C(C2=C(OC)C=CC(OC)=C2P(C34CC5CC(C4)CC(C5)C3)C67CC8CC(C7)CC(C8)C6)C(C(C)C)=CC(C(C)C)=C1)C,36.92601799
Ic1cccnc1,o1ncc2ccccc12,CN(C)/C(N(C)C)=N\C(C)(C)C,CC(C)C1=CC(C(C)C)=CC(C(C)C)=C1C2=C(P(C(C)(C)C)C(C)(C)C)C(OC)=CC=C2OC,58.6831586
Brc1ccccn1,CCOC(=O)c1cc(C)on1,CN(C)/C(N(C)C)=N\C(C)(C)C,CC(C)C1=CC(C(C)C)=CC(C(C)C)=C1C2=C(P(C3CCCCC3)C4CCCCC4)C=CC=C2,51.21654271
Ic1cccnc1,o1cc2ccccc2n1,CN(C)P(N(C)C)(N(C)C)=NP(N(C)C)(N(C)C)=NCC,CC(C)C1=CC(C(C)C)=CC(C(C)C)=C1C2=C(P(C(C)(C)C)C(C)(C)C)C(OC)=CC=C2OC,14.85665703
CCc1ccc(I)cc1,CCOC(=O)c1onc(C)c1,CN1CCCN2CCCN=C12,CC(C)C1=CC(C(C)C)=CC(C(C)C)=C1C2=C(P(C(C)(C)C)C(C)(C)C)C(OC)=CC=C2OC,82.71053034
CCc1ccc(Br)cc1,COC(=O)c1oncc1,CN(C)/C(N(C)C)=N\C(C)(C)C,CC(C)C1=CC(C(C)C)=CC(C(C)C)=C1C2=C(P(C3CCCCC3)C4CCCCC4)C=CC=C2,4.892554111
Brc1cccnc1,o1ccc(n1)c2ccccc2,CN(C)/C(N(C)C)=N\C(C)(C)C,CC(C)C1=CC(C(C)C)=CC(C(C)C)=C1C2=C(P(C3CCCCC3)C4CCCCC4)C=CC=C2,36.80966237
Clc1cccnc1,COC(=O)c1oncc1,CN1CCCN2CCCN=C12,CC(C)C1=CC(C(C)C)=CC(C(C)C)=C1C2=C(P(C(C)(C)C)C(C)(C)C)C(OC)=CC=C2OC,24.93118771
COc1ccc(Br)cc1,CCOC(=O)c1ccon1,CN1CCCN2CCCN=C12,CC(C)C1=CC(C(C)C)=CC(C(C)C)=C1C2=C(P(C3CCCCC3)C4CCCCC4)C=CC=C2,6.408110436
FC(F)(F)c1ccc(Br)cc1,o1ncc2ccccc12,CN(C)/C(N(C)C)=N\C(C)(C)C,CC(C1=C(C2=C(OC)C=CC(OC)=C2P(C34CC5CC(C4)CC(C5)C3)C67CC8CC(C7)CC(C8)C6)C(C(C)C)=CC(C(C)C)=C1)C,19.31180946
COc1ccc(Br)cc1,C(N(Cc1ccccc1)c2oncc2)c3ccccc3,CN1CCCN2CCCN=C12,CC(C)C1=CC(C(C)C)=CC(C(C)C)=C1C2=C(P(C(C)(C)C)C(C)(C)C)C(OC)=CC=C2OC,36.44526769
FC(F)(F)c1ccc(Br)cc1,C(N(Cc1ccccc1)c2ccon2)c3ccccc3,CN1CCCN2CCCN=C12,CC(C1=C(C2=C(OC)C=CC(OC)=C2P(C34CC5CC(C4)CC(C5)C3)C67CC8CC(C7)CC(C8)C6)C(C(C)C)=CC(C(C)C)=C1)C,38.59563351
FC(F)(F)c1ccc(Cl)cc1,Cc1onc(c1)n2cccc2,CN1CCCN2CCCN=C12,CC(C)C1=CC(C(C)C)=CC(C(C)C)=C1C2=C(P(C(C)(C)C)C(C)(C)C)C(OC)=CC=C2OC,28.57251929
Clc1cccnc1,CCOC(=O)c1onc(C)c1,CN(C)P(N(C)C)(N(C)C)=NP(N(C)C)(N(C)C)=NCC,CC(C)C1=CC(C(C)C)=CC(C(C)C)=C1C2=C(P(C3CCCCC3)C4CCCCC4)C=CC=C2,3.963450153
CCc1ccc(Cl)cc1,CCOC(=O)c1ccon1,CN(C)P(N(C)C)(N(C)C)=NP(N(C)C)(N(C)C)=NCC,CC(C1=C(C2=C(OC)C=CC(OC)=C2P(C34CC5CC(C4)CC(C5)C3)C67CC8CC(C7)CC(C8)C6)C(C(C)C)=CC(C(C)C)=C1)C,0.0
FC(F)(F)c1ccc(Cl)cc1,C(N(Cc1ccccc1)c2ccon2)c3ccccc3,CN(C)P(N(C)C)(N(C)C)=NP(N(C)C)(N(C)C)=NCC,CC(C)C1=CC(C(C)C)=CC(C(C)C)=C1C2=C(P(C(C)(C)C)C(C)(C)C)C(OC)=CC=C2OC,14.29478531
Clc1cccnc1,COC(=O)c1cc(on1)c2occc2,CN1CCCN2CCCN=C12,CC(C)C(C=C(C(C)C)C=C1C(C)C)=C1C2=CC=CC=C2P(C(C)(C)C)C(C)(C)C,0.0
Brc1cccnc1,COC(=O)c1oncc1,CN1CCCN2CCCN=C12,CC(C)C1=CC(C(C)C)=CC(C(C)C)=C1C2=C(P(C3CCCCC3)C4CCCCC4)C=CC=C2,9.894361569
Brc1cccnc1,C(N(Cc1ccccc1)c2oncc2)c3ccccc3,CN(C)P(N(C)C)(N(C)C)=NP(N(C)C)(N(C)C)=NCC,CC(C)C1=CC(C(C)C)=CC(C(C)C)=C1C2=C(P(C3CCCCC3)C4CCCCC4)C=CC=C2,3.803167764
FC(F)(F)c1ccc(Cl)cc1,COC(=O)c1cc(on1)c2occc2,CN1CCCN2CCCN=C12,CC(C)C(C=C(C(C)C)C=C1C(C)C)=C1C2=CC=CC=C2P(C(C)(C)C)C(C)(C)C,12.21708819
Ic1cccnc1,o1ncc2ccccc12,CN(C)P(N(C)C)(N(C)C)=NP(N(C)C)(N(C)C)=NCC,CC(C)C1=CC(C(C)C)=CC(C(C)C)=C1C2=C(P(C(C)(C)C)C(C)(C)C)C(OC)=CC=C2OC,73.24639173
CCc1ccc(Cl)cc1,CCOC(=O)c1conc1,CN(C)/C(N(C)C)=N\C(C)(C)C,CC(C)C(C=C(C(C)C)C=C1C(C)C)=C1C2=CC=CC=C2P(C(C)(C)C)C(C)(C)C,0.518126221
COc1ccc(Br)cc1,CCOC(=O)c1conc1,CN1CCCN2CCCN=C12,CC(C)C(C=C(C(C)C)C=C1C(C)C)=C1C2=CC=CC=C2P(C(C)(C)C)C(C)(C)C,15.47495789
FC(F)(F)c1ccc(Cl)cc1,COC(=O)c1cc(on1)c2occc2,CN(C)P(N(C)C)(N(C)C)=NP(N(C)C)(N(C)C)=NCC,CC(C)C1=CC(C(C)C)=CC(C(C)C)=C1C2=C(P(C3CCCCC3)C4CCCCC4)C=CC=C2,6.618305452
Ic1ccccn1,CCOC(=O)c1cnoc1C,CN(C)P(N(C)C)(N(C)C)=NP(N(C)C)(N(C)C)=NCC,CC(C)C(C=C(C(C)C)C=C1C(C)C)=C1C2=CC=CC=C2P(C(C)(C)C)C(C)(C)C,30.72459608
Brc1cccnc1,COC(=O)c1oncc1,CN(C)/C(N(C)C)=N\C(C)(C)C,CC(C1=C(C2=C(OC)C=CC(OC)=C2P(C34CC5CC(C4)CC(C5)C3)C67CC8CC(C7)CC(C8)C6)C(C(C)C)=CC(C(C)C)=C1)C,12.57405954
COc1ccc(I)cc1,o1cc(cn1)c2ccccc2,CN(C)/C(N(C)C)=N\C(C)(C)C,CC(C)C1=CC(C(C)C)=CC(C(C)C)=C1C2=C(P(C3CCCCC3)C4CCCCC4)C=CC=C2,2.633257106
COc1ccc(Cl)cc1,o1cc(cn1)c2ccccc2,CN1CCCN2CCCN=C12,CC(C)C(C=C(C(C)C)C=C1C(C)C)=C1C2=CC=CC=C2P(C(C)(C)C)C(C)(C)C,3.500057239
FC(F)(F)c1ccc(Cl)cc1,Cc1cc(on1)c2ccccc2,CN1CCCN2CCCN=C12,CC(C)C(C=C(C(C)C)C=C1C(C)C)=C1C2=CC=CC=C2P(C(C)(C)C)C(C)(C)C,33.9312366
COc1ccc(Br)cc1,o1nccc1c2ccccc2,CN(C)/C(N(C)C)=N\C(C)(C)C,CC(C1=C(C2=C(OC)C=CC(OC)=C2P(C34CC5CC(C4)CC(C5)C3)C67CC8CC(C7)CC(C8)C6)C(C(C)C)=CC(C(C)C)=C1)C,15.82179421
COc1ccc(Cl)cc1,Cc1oncc1,CN(C)/C(N(C)C)=N\C(C)(C)C,CC(C)C1=CC(C(C)C)=CC(C(C)C)=C1C2=C(P(C3CCCCC3)C4CCCCC4)C=CC=C2,0.377050084
FC(F)(F)c1ccc(Br)cc1,Cc1onc(C)c1,CN1CCCN2CCCN=C12,CC(C)C(C=C(C(C)C)C=C1C(C)C)=C1C2=CC=CC=C2P(C(C)(C)C)C(C)(C)C,34.91231211
FC(F)(F)c1ccc(I)cc1,Cc1ccon1,CN(C)/C(N(C)C)=N\C(C)(C)C,CC(C)C1=CC(C(C)C)=CC(C(C)C)=C1C2=C(P(C3CCCCC3)C4CCCCC4)C=CC=C2,41.13226409
Clc1cccnc1,CCOC(=O)c1onc(C)c1,CN(C)/C(N(C)C)=N\C(C)(C)C,CC(C)C1=CC(C(C)C)=CC(C(C)C)=C1C2=C(P(C3CCCCC3)C4CCCCC4)C=CC=C2,2.014671714
CCc1ccc(Cl)cc1,CCOC(=O)c1onc(OC)c1,CN1CCCN2CCCN=C12,CC(C1=C(C2=C(OC)C=CC(OC)=C2P(C34CC5CC(C4)CC(C5)C3)C67CC8CC(C7)CC(C8)C6)C(C(C)C)=CC(C(C)C)=C1)C,0.665471445
Clc1cccnc1,CCOC(=O)c1onc(OC)c1,CN(C)/C(N(C)C)=N\C(C)(C)C,CC(C1=C(C2=C(OC)C=CC(OC)=C2P(C34CC5CC(C4)CC(C5)C3)C67CC8CC(C7)CC(C8)C6)C(C(C)C)=CC(C(C)C)=C1)C,2.782548169
Brc1cccnc1,o1cc2ccccc2n1,CN1CCCN2CCCN=C12,CC(C1=C(C2=C(OC)C=CC(OC)=C2P(C34CC5CC(C4)CC(C5)C3)C67CC8CC(C7)CC(C8)C6)C(C(C)C)=CC(C(C)C)=C1)C,14.39054676
COc1ccc(I)cc1,o1ccc(n1)c2ccccc2,CN(C)/C(N(C)C)=N\C(C)(C)C,CC(C1=C(C2=C(OC)C=CC(OC)=C2P(C34CC5CC(C4)CC(C5)C3)C67CC8CC(C7)CC(C8)C6)C(C(C)C)=CC(C(C)C)=C1)C,51.39664392
COc1ccc(I)cc1,o1ccc(n1)c2ccccc2,CN1CCCN2CCCN=C12,CC(C)C1=CC(C(C)C)=CC(C(C)C)=C1C2=C(P(C3CCCCC3)C4CCCCC4)C=CC=C2,19.44976087
Brc1cccnc1,o1cc2ccccc2n1,CN(C)/C(N(C)C)=N\C(C)(C)C,CC(C1=C(C2=C(OC)C=CC(OC)=C2P(C34CC5CC(C4)CC(C5)C3)C67CC8CC(C7)CC(C8)C6)C(C(C)C)=CC(C(C)C)=C1)C,6.275458681
FC(F)(F)c1ccc(I)cc1,o1nccc1c2ccccc2,CN(C)/C(N(C)C)=N\C(C)(C)C,CC(C)C1=CC(C(C)C)=CC(C(C)C)=C1C2=C(P(C(C)(C)C)C(C)(C)C)C(OC)=CC=C2OC,44.5879911
Brc1cccnc1,o1cc(cn1)c2ccccc2,CN(C)P(N(C)C)(N(C)C)=NP(N(C)C)(N(C)C)=NCC,CC(C)C1=CC(C(C)C)=CC(C(C)C)=C1C2=C(P(C3CCCCC3)C4CCCCC4)C=CC=C2,64.52902546
Clc1ccccn1,CCOC(=O)c1ccon1,CN1CCCN2CCCN=C12,CC(C1=C(C2=C(OC)C=CC(OC)=C2P(C34CC5CC(C4)CC(C5)C3)C67CC8CC(C7)CC(C8)C6)C(C(C)C)=CC(C(C)C)=C1)C,83.03295526
CCc1ccc(Cl)cc1,CCOC(=O)c1cnoc1C,CN(C)P(N(C)C)(N(C)C)=NP(N(C)C)(N(C)C)=NCC,CC(C)C1=CC(C(C)C)=CC(C(C)C)=C1C2=C(P(C3CCCCC3)C4CCCCC4)C=CC=C2,14.86219247
Ic1cccnc1,Cc1onc(C)c1,CN(C)/C(N(C)C)=N\C(C)(C)C,CC(C)C1=CC(C(C)C)=CC(C(C)C)=C1C2=C(P(C(C)(C)C)C(C)(C)C)C(OC)=CC=C2OC,63.81281277
Brc1cccnc1,COC(=O)c1cc(on1)c2sccc2,CN1CCCN2CCCN=C12,CC(C1=C(C2=C(OC)C=CC(OC)=C2P(C34CC5CC(C4)CC(C5)C3)C67CC8CC(C7)CC(C8)C6)C(C(C)C)=CC(C(C)C)=C1)C,43.53836522
Ic1cccnc1,CCOC(=O)c1cnoc1C,CN(C)/C(N(C)C)=N\C(C)(C)C,CC(C)C1=CC(C(C)C)=CC(C(C)C)=C1C2=C(P(C(C)(C)C)C(C)(C)C)C(OC)=CC=C2OC,27.6789971
Clc1ccccn1,Cc1cc(on1)c2ccccc2,CN(C)/C(N(C)C)=N\C(C)(C)C,CC(C)C1=CC(C(C)C)=CC(C(C)C)=C1C2=C(P(C3CCCCC3)C4CCCCC4)C=CC=C2,22.54874195
Brc1cccnc1,o1ccc(n1)c2ccccc2,CN(C)P(N(C)C)(N(C)C)=NP(N(C)C)(N(C)C)=NCC,CC(C1=C(C2=C(OC)C=CC(OC)=C2P(C34CC5CC(C4)CC(C5)C3)C67CC8CC(C7)CC(C8)C6)C(C(C)C)=CC(C(C)C)=C1)C,1.707595349
Clc1ccccn1,COC(=O)c1cc(on1)c2sccc2,CN1CCCN2CCCN=C12,CC(C)C1=CC(C(C)C)=CC(C(C)C)=C1C2=C(P(C(C)(C)C)C(C)(C)C)C(OC)=CC=C2OC,78.02488381
COc1ccc(I)cc1,COC(=O)c1cc(on1)c2occc2,CN1CCCN2CCCN=C12,CC(C)C1=CC(C(C)C)=CC(C(C)C)=C1C2=C(P(C(C)(C)C)C(C)(C)C)C(OC)=CC=C2OC,49.04564688
COc1ccc(I)cc1,Fc1cccc(F)c1c2oncc2,CN(C)P(N(C)C)(N(C)C)=NP(N(C)C)(N(C)C)=NCC,CC(C)C1=CC(C(C)C)=CC(C(C)C)=C1C2=C(P(C(C)(C)C)C(C)(C)C)C(OC)=CC=C2OC,14.72607829
CCc1ccc(Br)cc1,COC(=O)c1oncc1,CN(C)P(N(C)C)(N(C)C)=NP(N(C)C)(N(C)C)=NCC,CC(C)C(C=C(C(C)C)C=C1C(C)C)=C1C2=CC=CC=C2P(C(C)(C)C)C(C)(C)C,16.48404533
CCc1ccc(Br)cc1,COC(=O)c1oncc1,CN(C)P(N(C)C)(N(C)C)=NP(N(C)C)(N(C)C)=NCC,CC(C)C1=CC(C(C)C)=CC(C(C)C)=C1C2=C(P(C(C)(C)C)C(C)(C)C)C(OC)=CC=C2OC,15.67304028
COc1ccc(Br)cc1,Fc1cccc(F)c1c2oncc2,CN(C)/C(N(C)C)=N\C(C)(C)C,CC(C)C1=CC(C(C)C)=CC(C(C)C)=C1C2=C(P(C(C)(C)C)C(C)(C)C)C(OC)=CC=C2OC,12.21281347
COc1ccc(Cl)cc1,Cc1onc(c1)n2cccc2,CN1CCCN2CCCN=C12,CC(C1=C(C2=C(OC)C=CC(OC)=C2P(C34CC5CC(C4)CC(C5)C3)C67CC8CC(C7)CC(C8)C6)C(C(C)C)=CC(C(C)C)=C1)C,1.126878627
CCc1ccc(Br)cc1,COC(=O)c1cc(on1)c2sccc2,CN(C)/C(N(C)C)=N\C(C)(C)C,CC(C1=C(C2=C(OC)C=CC(OC)=C2P(C34CC5CC(C4)CC(C5)C3)C67CC8CC(C7)CC(C8)C6)C(C(C)C)=CC(C(C)C)=C1)C,35.20097749
FC(F)(F)c1ccc(I)cc1,o1ncc2ccccc12,CN(C)P(N(C)C)(N(C)C)=NP(N(C)C)(N(C)C)=NCC,CC(C)C1=CC(C(C)C)=CC(C(C)C)=C1C2=C(P(C(C)(C)C)C(C)(C)C)C(OC)=CC=C2OC,42.70251629
CCc1ccc(Br)cc1,Cc1cc(on1)c2ccccc2,CN(C)/C(N(C)C)=N\C(C)(C)C,CC(C1=C(C2=C(OC)C=CC(OC)=C2P(C34CC5CC(C4)CC(C5)C3)C67CC8CC(C7)CC(C8)C6)C(C(C)C)=CC(C(C)C)=C1)C,50.58160419
COc1ccc(I)cc1,o1nccc1c2ccccc2,CN1CCCN2CCCN=C12,CC(C1=C(C2=C(OC)C=CC(OC)=C2P(C34CC5CC(C4)CC(C5)C3)C67CC8CC(C7)CC(C8)C6)C(C(C)C)=CC(C(C)C)=C1)C,53.14523882
Brc1cccnc1,CCOC(=O)c1cc(C)on1,CN(C)P(N(C)C)(N(C)C)=NP(N(C)C)(N(C)C)=NCC,CC(C1=C(C2=C(OC)C=CC(OC)=C2P(C34CC5CC(C4)CC(C5)C3)C67CC8CC(C7)CC(C8)C6)C(C(C)C)=CC(C(C)C)=C1)C,52.86647451
Brc1ccccn1,Cc1oncc1,CN(C)/C(N(C)C)=N\C(C)(C)C,CC(C)C1=CC(C(C)C)=CC(C(C)C)=C1C2=C(P(C3CCCCC3)C4CCCCC4)C=CC=C2,37.83294904
COc1ccc(Br)cc1,o1ccc(n1)c2ccccc2,CN(C)P(N(C)C)(N(C)C)=NP(N(C)C)(N(C)C)=NCC,CC(C)C1=CC(C(C)C)=CC(C(C)C)=C1C2=C(P(C3CCCCC3)C4CCCCC4)C=CC=C2,11.1309805
Brc1cccnc1,o1ncc2ccccc12,CN(C)/C(N(C)C)=N\C(C)(C)C,CC(C)C1=CC(C(C)C)=CC(C(C)C)=C1C2=C(P(C(C)(C)C)C(C)(C)C)C(OC)=CC=C2OC,53.55291415
COc1ccc(Br)cc1,Cc1ccon1,CN(C)/C(N(C)C)=N\C(C)(C)C,CC(C)C1=CC(C(C)C)=CC(C(C)C)=C1C2=C(P(C3CCCCC3)C4CCCCC4)C=CC=C2,23.41191123
CCc1ccc(Cl)cc1,Cc1onc(C)c1,CN(C)/C(N(C)C)=N\C(C)(C)C,CC(C)C1=CC(C(C)C)=CC(C(C)C)=C1C2=C(P(C(C)(C)C)C(C)(C)C)C(OC)=CC=C2OC,5.094725505
CCc1ccc(Cl)cc1,Fc1cccc(F)c1c2oncc2,CN(C)P(N(C)C)(N(C)C)=NP(N(C)C)(N(C)C)=NCC,CC(C)C1=CC(C(C)C)=CC(C(C)C)=C1C2=C(P(C(C)(C)C)C(C)(C)C)C(OC)=CC=C2OC,12.28165388
Clc1ccccn1,Cc1onc(c1)n2cccc2,CN(C)P(N(C)C)(N(C)C)=NP(N(C)C)(N(C)C)=NCC,CC(C1=C(C2=C(OC)C=CC(OC)=C2P(C34CC5CC(C4)CC(C5)C3)C67CC8CC(C7)CC(C8)C6)C(C(C)C)=CC(C(C)C)=C1)C,74.20453315
Brc1cccnc1,Cc1onc(c1)n2cccc2,CN1CCCN2CCCN=C12,CC(C)C1=CC(C(C)C)=CC(C(C)C)=C1C2=C(P(C3CCCCC3)C4CCCCC4)C=CC=C2,25.62052054
CCc1ccc(Cl)cc1,Fc1cccc(F)c1c2oncc2,CN1CCCN2CCCN=C12,CC(C1=C(C2=C(OC)C=CC(OC)=C2P(C34CC5CC(C4)CC(C5)C3)C67CC8CC(C7)CC(C8)C6)C(C(C)C)=CC(C(C)C)=C1)C,0.727174946
FC(F)(F)c1ccc(I)cc1,CCOC(=O)c1cnoc1C,CN(C)/C(N(C)C)=N\C(C)(C)C,CC(C)C(C=C(C(C)C)C=C1C(C)C)=C1C2=CC=CC=C2P(C(C)(C)C)C(C)(C)C,23.9717282
COc1ccc(I)cc1,Cc1oncc1,CN(C)/C(N(C)C)=N\C(C)(C)C,CC(C)C1=CC(C(C)C)=CC(C(C)C)=C1C2=C(P(C(C)(C)C)C(C)(C)C)C(OC)=CC=C2OC,37.2145199
FC(F)(F)c1ccc(I)cc1,o1ncc2ccccc12,CN(C)/C(N(C)C)=N\C(C)(C)C,CC(C)C(C=C(C(C)C)C=C1C(C)C)=C1C2=CC=CC=C2P(C(C)(C)C)C(C)(C)C,31.83731475
FC(F)(F)c1ccc(Cl)cc1,Cc1ccon1,CN1CCCN2CCCN=C12,CC(C)C1=CC(C(C)C)=CC(C(C)C)=C1C2=C(P(C3CCCCC3)C4CCCCC4)C=CC=C2,20.79893886
FC(F)(F)c1ccc(Cl)cc1,Cc1ccon1,CN(C)P(N(C)C)(N(C)C)=NP(N(C)C)(N(C)C)=NCC,CC(C)C1=CC(C(C)C)=CC(C(C)C)=C1C2=C(P(C3CCCCC3)C4CCCCC4)C=CC=C2,5.928429551
Clc1cccnc1,Cc1ccon1,CN1CCCN2CCCN=C12,CC(C)C1=CC(C(C)C)=CC(C(C)C)=C1C2=C(P(C3CCCCC3)C4CCCCC4)C=CC=C2,11.65114169
Clc1ccccn1,COC(=O)c1oncc1,CN1CCCN2CCCN=C12,CC(C)C1=CC(C(C)C)=CC(C(C)C)=C1C2=C(P(C3CCCCC3)C4CCCCC4)C=CC=C2,14.22488447
FC(F)(F)c1ccc(I)cc1,COC(=O)c1cc(on1)c2sccc2,CN1CCCN2CCCN=C12,CC(C)C1=CC(C(C)C)=CC(C(C)C)=C1C2=C(P(C3CCCCC3)C4CCCCC4)C=CC=C2,36.25454831
FC(F)(F)c1ccc(I)cc1,CCOC(=O)c1onc(C)c1,CN1CCCN2CCCN=C12,CC(C1=C(C2=C(OC)C=CC(OC)=C2P(C34CC5CC(C4)CC(C5)C3)C67CC8CC(C7)CC(C8)C6)C(C(C)C)=CC(C(C)C)=C1)C,52.67302388
Ic1cccnc1,COC(=O)c1oncc1,CN(C)P(N(C)C)(N(C)C)=NP(N(C)C)(N(C)C)=NCC,CC(C)C1=CC(C(C)C)=CC(C(C)C)=C1C2=C(P(C(C)(C)C)C(C)(C)C)C(OC)=CC=C2OC,13.1837798
Clc1ccccn1,COC(=O)c1cc(on1)c2occc2,CN(C)P(N(C)C)(N(C)C)=NP(N(C)C)(N(C)C)=NCC,CC(C)C1=CC(C(C)C)=CC(C(C)C)=C1C2=C(P(C3CCCCC3)C4CCCCC4)C=CC=C2,24.01631717
FC(F)(F)c1ccc(Br)cc1,COC(=O)c1cc(on1)c2sccc2,CN(C)P(N(C)C)(N(C)C)=NP(N(C)C)(N(C)C)=NCC,CC(C)C1=CC(C(C)C)=CC(C(C)C)=C1C2=C(P(C3CCCCC3)C4CCCCC4)C=CC=C2,15.721696
Clc1ccccn1,Fc1cccc(F)c1c2oncc2,CN(C)/C(N(C)C)=N\C(C)(C)C,CC(C)C1=CC(C(C)C)=CC(C(C)C)=C1C2=C(P(C3CCCCC3)C4CCCCC4)C=CC=C2,15.10135263
Clc1cccnc1,Cc1oncc1,CN(C)/C(N(C)C)=N\C(C)(C)C,CC(C)C1=CC(C(C)C)=CC(C(C)C)=C1C2=C(P(C(C)(C)C)C(C)(C)C)C(OC)=CC=C2OC,3.551606076
CCc1ccc(Br)cc1,CCOC(=O)c1onc(OC)c1,CN1CCCN2CCCN=C12,CC(C)C(C=C(C(C)C)C=C1C(C)C)=C1C2=CC=CC=C2P(C(C)(C)C)C(C)(C)C,67.97015702
FC(F)(F)c1ccc(Cl)cc1,COC(=O)c1cc(on1)c2occc2,CN(C)/C(N(C)C)=N\C(C)(C)C,CC(C1=C(C2=C(OC)C=CC(OC)=C2P(C34CC5CC(C4)CC(C5)C3)C67CC8CC(C7)CC(C8)C6)C(C(C)C)=CC(C(C)C)=C1)C,2.443106533
FC(F)(F)c1ccc(Cl)cc1,CCOC(=O)c1ccon1,CN(C)/C(N(C)C)=N\C(C)(C)C,CC(C1=C(C2=C(OC)C=CC(OC)=C2P(C34CC5CC(C4)CC(C5)C3)C67CC8CC(C7)CC(C8)C6)C(C(C)C)=CC(C(C)C)=C1)C,12.19056007
COc1ccc(I)cc1,o1ccc(n1)c2ccccc2,CN(C)P(N(C)C)(N(C)C)=NP(N(C)C)(N(C)C)=NCC,CC(C)C1=CC(C(C)C)=CC(C(C)C)=C1C2=C(P(C(C)(C)C)C(C)(C)C)C(OC)=CC=C2OC,50.89816476
FC(F)(F)c1ccc(Cl)cc1,COC(=O)c1oncc1,CN(C)/C(N(C)C)=N\C(C)(C)C,CC(C)C1=CC(C(C)C)=CC(C(C)C)=C1C2=C(P(C3CCCCC3)C4CCCCC4)C=CC=C2,7.131859569
Brc1ccccn1,Cc1onc(C)c1,CN(C)/C(N(C)C)=N\C(C)(C)C,CC(C)C1=CC(C(C)C)=CC(C(C)C)=C1C2=C(P(C3CCCCC3)C4CCCCC4)C=CC=C2,43.49187499
CCc1ccc(I)cc1,CCOC(=O)c1ccon1,CN(C)P(N(C)C)(N(C)C)=NP(N(C)C)(N(C)C)=NCC,CC(C)C1=CC(C(C)C)=CC(C(C)C)=C1C2=C(P(C(C)(C)C)C(C)(C)C)C(OC)=CC=C2OC,10.37235966
Brc1ccccn1,Fc1cccc(F)c1c2oncc2,CN(C)P(N(C)C)(N(C)C)=NP(N(C)C)(N(C)C)=NCC,CC(C)C1=CC(C(C)C)=CC(C(C)C)=C1C2=C(P(C3CCCCC3)C4CCCCC4)C=CC=C2,16.43551115
COc1ccc(I)cc1,CCOC(=O)c1cc(C)on1,CN1CCCN2CCCN=C12,CC(C1=C(C2=C(OC)C=CC(OC)=C2P(C34CC5CC(C4)CC(C5)C3)C67CC8CC(C7)CC(C8)C6)C(C(C)C)=CC(C(C)C)=C1)C,55.01223205
Brc1cccnc1,COC(=O)c1cc(on1)c2sccc2,CN(C)P(N(C)C)(N(C)C)=NP(N(C)C)(N(C)C)=NCC,CC(C)C1=CC(C(C)C)=CC(C(C)C)=C1C2=C(P(C(C)(C)C)C(C)(C)C)C(OC)=CC=C2OC,48.96975625
COc1ccc(Br)cc1,CCOC(=O)c1onc(C)c1,CN(C)P(N(C)C)(N(C)C)=NP(N(C)C)(N(C)C)=NCC,CC(C)C1=CC(C(C)C)=CC(C(C)C)=C1C2=C(P(C3CCCCC3)C4CCCCC4)C=CC=C2,29.29817829
Brc1cccnc1,COC(=O)c1cc(on1)c2occc2,CN1CCCN2CCCN=C12,CC(C)C(C=C(C(C)C)C=C1C(C)C)=C1C2=CC=CC=C2P(C(C)(C)C)C(C)(C)C,78.00288409
FC(F)(F)c1ccc(I)cc1,o1ncc2ccccc12,CN(C)/C(N(C)C)=N\C(C)(C)C,CC(C)C1=CC(C(C)C)=CC(C(C)C)=C1C2=C(P(C(C)(C)C)C(C)(C)C)C(OC)=CC=C2OC,33.0062022
CCc1ccc(Br)cc1,o1ccc(n1)c2ccccc2,CN(C)P(N(C)C)(N(C)C)=NP(N(C)C)(N(C)C)=NCC,CC(C)C1=CC(C(C)C)=CC(C(C)C)=C1C2=C(P(C(C)(C)C)C(C)(C)C)C(OC)=CC=C2OC,70.22907456
FC(F)(F)c1ccc(Br)cc1,Cc1cc(on1)c2ccccc2,CN(C)/C(N(C)C)=N\C(C)(C)C,CC(C)C1=CC(C(C)C)=CC(C(C)C)=C1C2=C(P(C(C)(C)C)C(C)(C)C)C(OC)=CC=C2OC,37.08529427
Clc1cccnc1,Cc1ccon1,CN1CCCN2CCCN=C12,CC(C1=C(C2=C(OC)C=CC(OC)=C2P(C34CC5CC(C4)CC(C5)C3)C67CC8CC(C7)CC(C8)C6)C(C(C)C)=CC(C(C)C)=C1)C,9.967076399
FC(F)(F)c1ccc(Cl)cc1,o1ccc(n1)c2ccccc2,CN(C)P(N(C)C)(N(C)C)=NP(N(C)C)(N(C)C)=NCC,CC(C)C(C=C(C(C)C)C=C1C(C)C)=C1C2=CC=CC=C2P(C(C)(C)C)C(C)(C)C,34.28672739
Clc1ccccn1,Fc1cccc(F)c1c2oncc2,CN(C)P(N(C)C)(N(C)C)=NP(N(C)C)(N(C)C)=NCC,CC(C)C1=CC(C(C)C)=CC(C(C)C)=C1C2=C(P(C(C)(C)C)C(C)(C)C)C(OC)=CC=C2OC,24.72320112
Clc1cccnc1,CCOC(=O)c1conc1,CN(C)P(N(C)C)(N(C)C)=NP(N(C)C)(N(C)C)=NCC,CC(C)C1=CC(C(C)C)=CC(C(C)C)=C1C2=C(P(C(C)(C)C)C(C)(C)C)C(OC)=CC=C2OC,0.0
Ic1cccnc1,COC(=O)c1cc(on1)c2occc2,CN(C)P(N(C)C)(N(C)C)=NP(N(C)C)(N(C)C)=NCC,CC(C1=C(C2=C(OC)C=CC(OC)=C2P(C34CC5CC(C4)CC(C5)C3)C67CC8CC(C7)CC(C8)C6)C(C(C)C)=CC(C(C)C)=C1)C,50.25936964
FC(F)(F)c1ccc(Cl)cc1,o1cc2ccccc2n1,CN(C)P(N(C)C)(N(C)C)=NP(N(C)C)(N(C)C)=NCC,CC(C1=C(C2=C(OC)C=CC(OC)=C2P(C34CC5CC(C4)CC(C5)C3)C67CC8CC(C7)CC(C8)C6)C(C(C)C)=CC(C(C)C)=C1)C,1.069060713
Ic1ccccn1,Cc1oncc1,CN1CCCN2CCCN=C12,CC(C1=C(C2=C(OC)C=CC(OC)=C2P(C34CC5CC(C4)CC(C5)C3)C67CC8CC(C7)CC(C8)C6)C(C(C)C)=CC(C(C)C)=C1)C,90.31730943
Clc1ccccn1,C(N(Cc1ccccc1)c2ccon2)c3ccccc3,CN1CCCN2CCCN=C12,CC(C)C1=CC(C(C)C)=CC(C(C)C)=C1C2=C(P(C(C)(C)C)C(C)(C)C)C(OC)=CC=C2OC,90.99050642
CCc1ccc(I)cc1,CCOC(=O)c1conc1,CN1CCCN2CCCN=C12,CC(C)C1=CC(C(C)C)=CC(C(C)C)=C1C2=C(P(C(C)(C)C)C(C)(C)C)C(OC)=CC=C2OC,33.69627508
FC(F)(F)c1ccc(Cl)cc1,CCOC(=O)c1onc(OC)c1,CN(C)/C(N(C)C)=N\C(C)(C)C,CC(C)C1=CC(C(C)C)=CC(C(C)C)=C1C2=C(P(C(C)(C)C)C(C)(C)C)C(OC)=CC=C2OC,3.849200649
COc1ccc(Cl)cc1,Cc1onc(c1)n2cccc2,CN(C)P(N(C)C)(N(C)C)=NP(N(C)C)(N(C)C)=NCC,CC(C)C1=CC(C(C)C)=CC(C(C)C)=C1C2=C(P(C(C)(C)C)C(C)(C)C)C(OC)=CC=C2OC,0.337596865
FC(F)(F)c1ccc(I)cc1,Cc1cc(on1)c2ccccc2,CN(C)P(N(C)C)(N(C)C)=NP(N(C)C)(N(C)C)=NCC,CC(C)C1=CC(C(C)C)=CC(C(C)C)=C1C2=C(P(C(C)(C)C)C(C)(C)C)C(OC)=CC=C2OC,33.55651029
Ic1cccnc1,CCOC(=O)c1ccon1,CN(C)/C(N(C)C)=N\C(C)(C)C,CC(C)C1=CC(C(C)C)=CC(C(C)C)=C1C2=C(P(C(C)(C)C)C(C)(C)C)C(OC)=CC=C2OC,64.64035682
COc1ccc(I)cc1,CCOC(=O)c1onc(OC)c1,CN1CCCN2CCCN=C12,CC(C)C1=CC(C(C)C)=CC(C(C)C)=C1C2=C(P(C(C)(C)C)C(C)(C)C)C(OC)=CC=C2OC,49.97942971
FC(F)(F)c1ccc(I)cc1,Fc1cccc(F)c1c2oncc2,CN1CCCN2CCCN=C12,CC(C1=C(C2=C(OC)C=CC(OC)=C2P(C34CC5CC(C4)CC(C5)C3)C67CC8CC(C7)CC(C8)C6)C(C(C)C)=CC(C(C)C)=C1)C,47.10591975
FC(F)(F)c1ccc(Br)cc1,CCOC(=O)c1onc(OC)c1,CN(C)P(N(C)C)(N(C)C)=NP(N(C)C)(N(C)C)=NCC,CC(C)C(C=C(C(C)C)C=C1C(C)C)=C1C2=CC=CC=C2P(C(C)(C)C)C(C)(C)C,35.80552258
Clc1ccccn1,C(N(Cc1ccccc1)c2ccon2)c3ccccc3,CN(C)P(N(C)C)(N(C)C)=NP(N(C)C)(N(C)C)=NCC,CC(C)C1=CC(C(C)C)=CC(C(C)C)=C1C2=C(P(C(C)(C)C)C(C)(C)C)C(OC)=CC=C2OC,78.76794462
FC(F)(F)c1ccc(I)cc1,COC(=O)c1cc(on1)c2sccc2,CN(C)/C(N(C)C)=N\C(C)(C)C,CC(C)C1=CC(C(C)C)=CC(C(C)C)=C1C2=C(P(C(C)(C)C)C(C)(C)C)C(OC)=CC=C2OC,37.47062049
COc1ccc(Cl)cc1,Cc1onc(C)c1,CN1CCCN2CCCN=C12,CC(C1=C(C2=C(OC)C=CC(OC)=C2P(C34CC5CC(C4)CC(C5)C3)C67CC8CC(C7)CC(C8)C6)C(C(C)C)=CC(C(C)C)=C1)C,0.492662711
FC(F)(F)c1ccc(Cl)cc1,C(N(Cc1ccccc1)c2ccon2)c3ccccc3,CN(C)/C(N(C)C)=N\C(C)(C)C,CC(C)C(C=C(C(C)C)C=C1C(C)C)=C1C2=CC=CC=C2P(C(C)(C)C)C(C)(C)C,33.27025402
Brc1ccccn1,Cc1onc(C)c1,CN1CCCN2CCCN=C12,CC(C)C(C=C(C(C)C)C=C1C(C)C)=C1C2=CC=CC=C2P(C(C)(C)C)C(C)(C)C,80.02551627
Clc1ccccn1,COC(=O)c1oncc1,CN(C)P(N(C)C)(N(C)C)=NP(N(C)C)(N(C)C)=NCC,CC(C)C(C=C(C(C)C)C=C1C(C)C)=C1C2=CC=CC=C2P(C(C)(C)C)C(C)(C)C,18.18990312
FC(F)(F)c1ccc(Cl)cc1,Cc1onc(C)c1,CN1CCCN2CCCN=C12,CC(C)C1=CC(C(C)C)=CC(C(C)C)=C1C2=C(P(C3CCCCC3)C4CCCCC4)C=CC=C2,12.90070345
CCc1ccc(Br)cc1,Cc1onc(c1)n2cccc2,CN1CCCN2CCCN=C12,CC(C)C1=CC(C(C)C)=CC(C(C)C)=C1C2=C(P(C(C)(C)C)C(C)(C)C)C(OC)=CC=C2OC,74.97052076
Brc1ccccn1,Cc1oncc1,CN1CCCN2CCCN=C12,CC(C)C1=CC(C(C)C)=CC(C(C)C)=C1C2=C(P(C(C)(C)C)C(C)(C)C)C(OC)=CC=C2OC,88.82757824
Clc1cccnc1,o1ncc2ccccc12,CN1CCCN2CCCN=C12,CC(C)C1=CC(C(C)C)=CC(C(C)C)=C1C2=C(P(C3CCCCC3)C4CCCCC4)C=CC=C2,5.543745956
CCc1ccc(Br)cc1,Cc1onc(c1)n2cccc2,CN(C)P(N(C)C)(N(C)C)=NP(N(C)C)(N(C)C)=NCC,CC(C)C1=CC(C(C)C)=CC(C(C)C)=C1C2=C(P(C(C)(C)C)C(C)(C)C)C(OC)=CC=C2OC,68.91825786
COc1ccc(I)cc1,o1ncc2ccccc12,CN(C)P(N(C)C)(N(C)C)=NP(N(C)C)(N(C)C)=NCC,CC(C)C1=CC(C(C)C)=CC(C(C)C)=C1C2=C(P(C(C)(C)C)C(C)(C)C)C(OC)=CC=C2OC,29.85245303
Clc1cccnc1,o1nccc1c2ccccc2,CN(C)/C(N(C)C)=N\C(C)(C)C,CC(C)C1=CC(C(C)C)=CC(C(C)C)=C1C2=C(P(C(C)(C)C)C(C)(C)C)C(OC)=CC=C2OC,2.641901391
CCc1ccc(Cl)cc1,o1ncc2ccccc12,CN1CCCN2CCCN=C12,CC(C1=C(C2=C(OC)C=CC(OC)=C2P(C34CC5CC(C4)CC(C5)C3)C67CC8CC(C7)CC(C8)C6)C(C(C)C)=CC(C(C)C)=C1)C,1.753987647
Clc1ccccn1,Cc1oncc1,CN(C)P(N(C)C)(N(C)C)=NP(N(C)C)(N(C)C)=NCC,CC(C)C(C=C(C(C)C)C=C1C(C)C)=C1C2=CC=CC=C2P(C(C)(C)C)C(C)(C)C,30.38899776
Ic1ccccn1,CCOC(=O)c1conc1,CN(C)/C(N(C)C)=N\C(C)(C)C,CC(C)C(C=C(C(C)C)C=C1C(C)C)=C1C2=CC=CC=C2P(C(C)(C)C)C(C)(C)C,8.140819585
COc1ccc(Cl)cc1,o1cc(cn1)c2ccccc2,CN(C)/C(N(C)C)=N\C(C)(C)C,CC(C1=C(C2=C(OC)C=CC(OC)=C2P(C34CC5CC(C4)CC(C5)C3)C67CC8CC(C7)CC(C8)C6)C(C(C)C)=CC(C(C)C)=C1)C,0.0
CCc1ccc(Cl)cc1,COC(=O)c1oncc1,CN1CCCN2CCCN=C12,CC(C)C1=CC(C(C)C)=CC(C(C)C)=C1C2=C(P(C(C)(C)C)C(C)(C)C)C(OC)=CC=C2OC,12.47762059
CCc1ccc(Br)cc1,CCOC(=O)c1cnoc1C,CN(C)/C(N(C)C)=N\C(C)(C)C,CC(C)C(C=C(C(C)C)C=C1C(C)C)=C1C2=CC=CC=C2P(C(C)(C)C)C(C)(C)C,14.43583555
Brc1cccnc1,Cc1ccon1,CN(C)P(N(C)C)(N(C)C)=NP(N(C)C)(N(C)C)=NCC,CC(C)C1=CC(C(C)C)=CC(C(C)C)=C1C2=C(P(C(C)(C)C)C(C)(C)C)C(OC)=CC=C2OC,0.955483806
CCc1ccc(Cl)cc1,o1ncc2ccccc12,CN1CCCN2CCCN=C12,CC(C)C1=CC(C(C)C)=CC(C(C)C)=C1C2=C(P(C3CCCCC3)C4CCCCC4)C=CC=C2,5.163801227
Clc1ccccn1,COC(=O)c1oncc1,CN1CCCN2CCCN=C12,CC(C)C1=CC(C(C)C)=CC(C(C)C)=C1C2=C(P(C(C)(C)C)C(C)(C)C)C(OC)=CC=C2OC,36.05565123
FC(F)(F)c1ccc(Cl)cc1,CCOC(=O)c1cnoc1C,CN(C)P(N(C)C)(N(C)C)=NP(N(C)C)(N(C)C)=NCC,CC(C1=C(C2=C(OC)C=CC(OC)=C2P(C34CC5CC(C4)CC(C5)C3)C67CC8CC(C7)CC(C8)C6)C(C(C)C)=CC(C(C)C)=C1)C,7.257395781
Ic1cccnc1,Cc1onc(C)c1,CN(C)/C(N(C)C)=N\C(C)(C)C,CC(C)C(C=C(C(C)C)C=C1C(C)C)=C1C2=CC=CC=C2P(C(C)(C)C)C(C)(C)C,62.40731324
FC(F)(F)c1ccc(Br)cc1,Cc1oncc1,CN1CCCN2CCCN=C12,CC(C)C(C=C(C(C)C)C=C1C(C)C)=C1C2=CC=CC=C2P(C(C)(C)C)C(C)(C)C,35.88987774
FC(F)(F)c1ccc(Br)cc1,COC(=O)c1cc(on1)c2sccc2,CN1CCCN2CCCN=C12,CC(C1=C(C2=C(OC)C=CC(OC)=C2P(C34CC5CC(C4)CC(C5)C3)C67CC8CC(C7)CC(C8)C6)C(C(C)C)=CC(C(C)C)=C1)C,25.67305216
COc1ccc(Br)cc1,CCOC(=O)c1onc(C)c1,CN1CCCN2CCCN=C12,CC(C)C1=CC(C(C)C)=CC(C(C)C)=C1C2=C(P(C(C)(C)C)C(C)(C)C)C(OC)=CC=C2OC,46.64994849
CCc1ccc(I)cc1,Cc1onc(C)c1,CN(C)/C(N(C)C)=N\C(C)(C)C,CC(C)C(C=C(C(C)C)C=C1C(C)C)=C1C2=CC=CC=C2P(C(C)(C)C)C(C)(C)C,59.7575144
Clc1ccccn1,CCOC(=O)c1conc1,CN1CCCN2CCCN=C12,CC(C)C(C=C(C(C)C)C=C1C(C)C)=C1C2=CC=CC=C2P(C(C)(C)C)C(C)(C)C,40.21576406
Brc1cccnc1,Cc1ccon1,CN(C)P(N(C)C)(N(C)C)=NP(N(C)C)(N(C)C)=NCC,CC(C)C1=CC(C(C)C)=CC(C(C)C)=C1C2=C(P(C3CCCCC3)C4CCCCC4)C=CC=C2,14.21418921
FC(F)(F)c1ccc(Br)cc1,CCOC(=O)c1ccon1,CN(C)/C(N(C)C)=N\C(C)(C)C,CC(C)C1=CC(C(C)C)=CC(C(C)C)=C1C2=C(P(C3CCCCC3)C4CCCCC4)C=CC=C2,27.46647446
Clc1cccnc1,CCOC(=O)c1ccon1,CN(C)P(N(C)C)(N(C)C)=NP(N(C)C)(N(C)C)=NCC,CC(C)C(C=C(C(C)C)C=C1C(C)C)=C1C2=CC=CC=C2P(C(C)(C)C)C(C)(C)C,0.0
CCc1ccc(Cl)cc1,o1cc2ccccc2n1,CN(C)/C(N(C)C)=N\C(C)(C)C,CC(C1=C(C2=C(OC)C=CC(OC)=C2P(C34CC5CC(C4)CC(C5)C3)C67CC8CC(C7)CC(C8)C6)C(C(C)C)=CC(C(C)C)=C1)C,0.0
Clc1ccccn1,Cc1ccon1,CN1CCCN2CCCN=C12,CC(C)C1=CC(C(C)C)=CC(C(C)C)=C1C2=C(P(C3CCCCC3)C4CCCCC4)C=CC=C2,38.26811211
COc1ccc(Br)cc1,COC(=O)c1cc(on1)c2sccc2,CN1CCCN2CCCN=C12,CC(C)C(C=C(C(C)C)C=C1C(C)C)=C1C2=CC=CC=C2P(C(C)(C)C)C(C)(C)C,49.01650319
Brc1ccccn1,COC(=O)c1cc(on1)c2sccc2,CN1CCCN2CCCN=C12,CC(C)C(C=C(C(C)C)C=C1C(C)C)=C1C2=CC=CC=C2P(C(C)(C)C)C(C)(C)C,81.29892199
COc1ccc(Br)cc1,COC(=O)c1cc(on1)c2occc2,CN1CCCN2CCCN=C12,CC(C1=C(C2=C(OC)C=CC(OC)=C2P(C34CC5CC(C4)CC(C5)C3)C67CC8CC(C7)CC(C8)C6)C(C(C)C)=CC(C(C)C)=C1)C,23.916357
Brc1ccccn1,CCOC(=O)c1cnoc1C,CN(C)/C(N(C)C)=N\C(C)(C)C,CC(C)C(C=C(C(C)C)C=C1C(C)C)=C1C2=CC=CC=C2P(C(C)(C)C)C(C)(C)C,33.74087377
CCc1ccc(I)cc1,C(N(Cc1ccccc1)c2ccon2)c3ccccc3,CN1CCCN2CCCN=C12,CC(C)C1=CC(C(C)C)=CC(C(C)C)=C1C2=C(P(C3CCCCC3)C4CCCCC4)C=CC=C2,55.76912496
Ic1cccnc1,Cc1onc(C)c1,CN(C)P(N(C)C)(N(C)C)=NP(N(C)C)(N(C)C)=NCC,CC(C)C1=CC(C(C)C)=CC(C(C)C)=C1C2=C(P(C3CCCCC3)C4CCCCC4)C=CC=C2,76.45126838
COc1ccc(Cl)cc1,CCOC(=O)c1conc1,CN1CCCN2CCCN=C12,CC(C1=C(C2=C(OC)C=CC(OC)=C2P(C34CC5CC(C4)CC(C5)C3)C67CC8CC(C7)CC(C8)C6)C(C(C)C)=CC(C(C)C)=C1)C,1.682541771
COc1ccc(I)cc1,CCOC(=O)c1onc(OC)c1,CN(C)/C(N(C)C)=N\C(C)(C)C,CC(C)C(C=C(C(C)C)C=C1C(C)C)=C1C2=CC=CC=C2P(C(C)(C)C)C(C)(C)C,34.27058432
Ic1ccccn1,CCOC(=O)c1ccon1,CN(C)/C(N(C)C)=N\C(C)(C)C,CC(C)C1=CC(C(C)C)=CC(C(C)C)=C1C2=C(P(C(C)(C)C)C(C)(C)C)C(OC)=CC=C2OC,63.18914382
CCc1ccc(I)cc1,CCOC(=O)c1ccon1,CN(C)P(N(C)C)(N(C)C)=NP(N(C)C)(N(C)C)=NCC,CC(C)C1=CC(C(C)C)=CC(C(C)C)=C1C2=C(P(C3CCCCC3)C4CCCCC4)C=CC=C2,0.0
FC(F)(F)c1ccc(I)cc1,COC(=O)c1oncc1,CN(C)/C(N(C)C)=N\C(C)(C)C,CC(C)C1=CC(C(C)C)=CC(C(C)C)=C1C2=C(P(C(C)(C)C)C(C)(C)C)C(OC)=CC=C2OC,28.77460219
Ic1ccccn1,Cc1cc(on1)c2ccccc2,CN(C)P(N(C)C)(N(C)C)=NP(N(C)C)(N(C)C)=NCC,CC(C1=C(C2=C(OC)C=CC(OC)=C2P(C34CC5CC(C4)CC(C5)C3)C67CC8CC(C7)CC(C8)C6)C(C(C)C)=CC(C(C)C)=C1)C,83.08232968
Ic1ccccn1,CCOC(=O)c1cnoc1C,CN(C)/C(N(C)C)=N\C(C)(C)C,CC(C)C1=CC(C(C)C)=CC(C(C)C)=C1C2=C(P(C(C)(C)C)C(C)(C)C)C(OC)=CC=C2OC,36.05690183
FC(F)(F)c1ccc(I)cc1,Cc1cc(on1)c2ccccc2,CN(C)P(N(C)C)(N(C)C)=NP(N(C)C)(N(C)C)=NCC,CC(C)C(C=C(C(C)C)C=C1C(C)C)=C1C2=CC=CC=C2P(C(C)(C)C)C(C)(C)C,38.41251828
Clc1cccnc1,Cc1onc(C)c1,CN(C)P(N(C)C)(N(C)C)=NP(N(C)C)(N(C)C)=NCC,CC(C)C(C=C(C(C)C)C=C1C(C)C)=C1C2=CC=CC=C2P(C(C)(C)C)C(C)(C)C,59.99235473
CCc1ccc(I)cc1,Cc1ccon1,CN(C)/C(N(C)C)=N\C(C)(C)C,CC(C)C(C=C(C(C)C)C=C1C(C)C)=C1C2=CC=CC=C2P(C(C)(C)C)C(C)(C)C,81.02094948
Brc1cccnc1,Cc1onc(c1)n2cccc2,CN1CCCN2CCCN=C12,CC(C)C(C=C(C(C)C)C=C1C(C)C)=C1C2=CC=CC=C2P(C(C)(C)C)C(C)(C)C,80.07437026
COc1ccc(I)cc1,o1nccc1c2ccccc2,CN(C)P(N(C)C)(N(C)C)=NP(N(C)C)(N(C)C)=NCC,CC(C)C(C=C(C(C)C)C=C1C(C)C)=C1C2=CC=CC=C2P(C(C)(C)C)C(C)(C)C,21.9766332
Brc1ccccn1,Cc1ccon1,CN(C)/C(N(C)C)=N\C(C)(C)C,CC(C)C(C=C(C(C)C)C=C1C(C)C)=C1C2=CC=CC=C2P(C(C)(C)C)C(C)(C)C,88.44485055
CCc1ccc(I)cc1,CCOC(=O)c1onc(C)c1,CN(C)P(N(C)C)(N(C)C)=NP(N(C)C)(N(C)C)=NCC,CC(C)C1=CC(C(C)C)=CC(C(C)C)=C1C2=C(P(C(C)(C)C)C(C)(C)C)C(OC)=CC=C2OC,66.88608561
CCc1ccc(Br)cc1,COC(=O)c1cc(on1)c2occc2,CN(C)P(N(C)C)(N(C)C)=NP(N(C)C)(N(C)C)=NCC,CC(C)C1=CC(C(C)C)=CC(C(C)C)=C1C2=C(P(C3CCCCC3)C4CCCCC4)C=CC=C2,32.95642094
Brc1ccccn1,o1cc(cn1)c2ccccc2,CN1CCCN2CCCN=C12,CC(C)C(C=C(C(C)C)C=C1C(C)C)=C1C2=CC=CC=C2P(C(C)(C)C)C(C)(C)C,93.09950718
Brc1cccnc1,CCOC(=O)c1ccon1,CN(C)P(N(C)C)(N(C)C)=NP(N(C)C)(N(C)C)=NCC,CC(C)C1=CC(C(C)C)=CC(C(C)C)=C1C2=C(P(C(C)(C)C)C(C)(C)C)C(OC)=CC=C2OC,0.0
Clc1ccccn1,CCOC(=O)c1ccon1,CN(C)P(N(C)C)(N(C)C)=NP(N(C)C)(N(C)C)=NCC,CC(C1=C(C2=C(OC)C=CC(OC)=C2P(C34CC5CC(C4)CC(C5)C3)C67CC8CC(C7)CC(C8)C6)C(C(C)C)=CC(C(C)C)=C1)C,0.0
CCc1ccc(I)cc1,C(N(Cc1ccccc1)c2oncc2)c3ccccc3,CN(C)P(N(C)C)(N(C)C)=NP(N(C)C)(N(C)C)=NCC,CC(C)C1=CC(C(C)C)=CC(C(C)C)=C1C2=C(P(C(C)(C)C)C(C)(C)C)C(OC)=CC=C2OC,63.14360639
FC(F)(F)c1ccc(I)cc1,CCOC(=O)c1cnoc1C,CN(C)P(N(C)C)(N(C)C)=NP(N(C)C)(N(C)C)=NCC,CC(C)C(C=C(C(C)C)C=C1C(C)C)=C1C2=CC=CC=C2P(C(C)(C)C)C(C)(C)C,15.87410565
Clc1cccnc1,C(N(Cc1ccccc1)c2oncc2)c3ccccc3,CN1CCCN2CCCN=C12,CC(C)C1=CC(C(C)C)=CC(C(C)C)=C1C2=C(P(C3CCCCC3)C4CCCCC4)C=CC=C2,0.0
COc1ccc(Br)cc1,CCOC(=O)c1cnoc1C,CN(C)/C(N(C)C)=N\C(C)(C)C,CC(C)C1=CC(C(C)C)=CC(C(C)C)=C1C2=C(P(C3CCCCC3)C4CCCCC4)C=CC=C2,0.602239969
COc1ccc(Cl)cc1,o1ccc(n1)c2ccccc2,CN1CCCN2CCCN=C12,CC(C)C1=CC(C(C)C)=CC(C(C)C)=C1C2=C(P(C3CCCCC3)C4CCCCC4)C=CC=C2,0.844427684
FC(F)(F)c1ccc(Br)cc1,o1nccc1c2ccccc2,CN(C)P(N(C)C)(N(C)C)=NP(N(C)C)(N(C)C)=NCC,CC(C1=C(C2=C(OC)C=CC(OC)=C2P(C34CC5CC(C4)CC(C5)C3)C67CC8CC(C7)CC(C8)C6)C(C(C)C)=CC(C(C)C)=C1)C,8.742546332
FC(F)(F)c1ccc(Cl)cc1,CCOC(=O)c1onc(OC)c1,CN1CCCN2CCCN=C12,CC(C)C1=CC(C(C)C)=CC(C(C)C)=C1C2=C(P(C3CCCCC3)C4CCCCC4)C=CC=C2,8.286467695
COc1ccc(Br)cc1,CCOC(=O)c1ccon1,CN(C)/C(N(C)C)=N\C(C)(C)C,CC(C1=C(C2=C(OC)C=CC(OC)=C2P(C34CC5CC(C4)CC(C5)C3)C67CC8CC(C7)CC(C8)C6)C(C(C)C)=CC(C(C)C)=C1)C,33.21564888
CCc1ccc(I)cc1,o1ncc2ccccc12,CN(C)P(N(C)C)(N(C)C)=NP(N(C)C)(N(C)C)=NCC,CC(C1=C(C2=C(OC)C=CC(OC)=C2P(C34CC5CC(C4)CC(C5)C3)C67CC8CC(C7)CC(C8)C6)C(C(C)C)=CC(C(C)C)=C1)C,50.52138402
CCc1ccc(Br)cc1,o1ncc2ccccc12,CN1CCCN2CCCN=C12,CC(C)C1=CC(C(C)C)=CC(C(C)C)=C1C2=C(P(C3CCCCC3)C4CCCCC4)C=CC=C2,11.8907701
CCc1ccc(Br)cc1,CCOC(=O)c1cnoc1C,CN(C)P(N(C)C)(N(C)C)=NP(N(C)C)(N(C)C)=NCC,CC(C1=C(C2=C(OC)C=CC(OC)=C2P(C34CC5CC(C4)CC(C5)C3)C67CC8CC(C7)CC(C8)C6)C(C(C)C)=CC(C(C)C)=C1)C,13.89350209
FC(F)(F)c1ccc(I)cc1,CCOC(=O)c1cc(C)on1,CN(C)P(N(C)C)(N(C)C)=NP(N(C)C)(N(C)C)=NCC,CC(C1=C(C2=C(OC)C=CC(OC)=C2P(C34CC5CC(C4)CC(C5)C3)C67CC8CC(C7)CC(C8)C6)C(C(C)C)=CC(C(C)C)=C1)C,39.80414391
Brc1ccccn1,CCOC(=O)c1cnoc1C,CN(C)/C(N(C)C)=N\C(C)(C)C,CC(C)C1=CC(C(C)C)=CC(C(C)C)=C1C2=C(P(C(C)(C)C)C(C)(C)C)C(OC)=CC=C2OC,16.26033077
Clc1cccnc1,CCOC(=O)c1onc(C)c1,CN(C)/C(N(C)C)=N\C(C)(C)C,CC(C)C1=CC(C(C)C)=CC(C(C)C)=C1C2=C(P(C(C)(C)C)C(C)(C)C)C(OC)=CC=C2OC,2.234092607
COc1ccc(Br)cc1,C(N(Cc1ccccc1)c2oncc2)c3ccccc3,CN(C)/C(N(C)C)=N\C(C)(C)C,CC(C)C1=CC(C(C)C)=CC(C(C)C)=C1C2=C(P(C3CCCCC3)C4CCCCC4)C=CC=C2,0.597123544
COc1ccc(I)cc1,C(N(Cc1ccccc1)c2ccon2)c3ccccc3,CN(C)P(N(C)C)(N(C)C)=NP(N(C)C)(N(C)C)=NCC,CC(C)C1=CC(C(C)C)=CC(C(C)C)=C1C2=C(P(C(C)(C)C)C(C)(C)C)C(OC)=CC=C2OC,60.98476598
COc1ccc(Br)cc1,Cc1ccon1,CN(C)/C(N(C)C)=N\C(C)(C)C,CC(C)C(C=C(C(C)C)C=C1C(C)C)=C1C2=CC=CC=C2P(C(C)(C)C)C(C)(C)C,43.182647
CCc1ccc(I)cc1,o1cc2ccccc2n1,CN(C)/C(N(C)C)=N\C(C)(C)C,CC(C)C(C=C(C(C)C)C=C1C(C)C)=C1C2=CC=CC=C2P(C(C)(C)C)C(C)(C)C,30.40581968
CCc1ccc(Br)cc1,CCOC(=O)c1conc1,CN1CCCN2CCCN=C12,CC(C)C1=CC(C(C)C)=CC(C(C)C)=C1C2=C(P(C(C)(C)C)C(C)(C)C)C(OC)=CC=C2OC,30.87951231
Clc1ccccn1,CCOC(=O)c1conc1,CN(C)/C(N(C)C)=N\C(C)(C)C,CC(C)C1=CC(C(C)C)=CC(C(C)C)=C1C2=C(P(C3CCCCC3)C4CCCCC4)C=CC=C2,0.0
COc1ccc(Cl)cc1,o1nccc1c2ccccc2,CN1CCCN2CCCN=C12,CC(C)C1=CC(C(C)C)=CC(C(C)C)=C1C2=C(P(C(C)(C)C)C(C)(C)C)C(OC)=CC=C2OC,1.100030526
Brc1ccccn1,COC(=O)c1cc(on1)c2occc2,CN(C)/C(N(C)C)=N\C(C)(C)C,CC(C1=C(C2=C(OC)C=CC(OC)=C2P(C34CC5CC(C4)CC(C5)C3)C67CC8CC(C7)CC(C8)C6)C(C(C)C)=CC(C(C)C)=C1)C,36.10071383
COc1ccc(Cl)cc1,CCOC(=O)c1conc1,CN(C)P(N(C)C)(N(C)C)=NP(N(C)C)(N(C)C)=NCC,CC(C1=C(C2=C(OC)C=CC(OC)=C2P(C34CC5CC(C4)CC(C5)C3)C67CC8CC(C7)CC(C8)C6)C(C(C)C)=CC(C(C)C)=C1)C,0.0
COc1ccc(Br)cc1,Cc1ccon1,CN1CCCN2CCCN=C12,CC(C)C1=CC(C(C)C)=CC(C(C)C)=C1C2=C(P(C3CCCCC3)C4CCCCC4)C=CC=C2,14.82994008
Clc1cccnc1,Cc1onc(C)c1,CN(C)P(N(C)C)(N(C)C)=NP(N(C)C)(N(C)C)=NCC,CC(C)C1=CC(C(C)C)=CC(C(C)C)=C1C2=C(P(C3CCCCC3)C4CCCCC4)C=CC=C2,47.96214472
COc1ccc(Br)cc1,COC(=O)c1oncc1,CN1CCCN2CCCN=C12,CC(C)C1=CC(C(C)C)=CC(C(C)C)=C1C2=C(P(C3CCCCC3)C4CCCCC4)C=CC=C2,2.785991996
Brc1ccccn1,CCOC(=O)c1cnoc1C,CN(C)/C(N(C)C)=N\C(C)(C)C,CC(C1=C(C2=C(OC)C=CC(OC)=C2P(C34CC5CC(C4)CC(C5)C3)C67CC8CC(C7)CC(C8)C6)C(C(C)C)=CC(C(C)C)=C1)C,6.168096918
FC(F)(F)c1ccc(Br)cc1,CCOC(=O)c1conc1,CN1CCCN2CCCN=C12,CC(C)C1=CC(C(C)C)=CC(C(C)C)=C1C2=C(P(C(C)(C)C)C(C)(C)C)C(OC)=CC=C2OC,22.43503561
CCc1ccc(I)cc1,C(N(Cc1ccccc1)c2ccon2)c3ccccc3,CN(C)P(N(C)C)(N(C)C)=NP(N(C)C)(N(C)C)=NCC,CC(C)C1=CC(C(C)C)=CC(C(C)C)=C1C2=C(P(C(C)(C)C)C(C)(C)C)C(OC)=CC=C2OC,72.37220718
CCc1ccc(Cl)cc1,Cc1onc(c1)n2cccc2,CN(C)/C(N(C)C)=N\C(C)(C)C,CC(C)C(C=C(C(C)C)C=C1C(C)C)=C1C2=CC=CC=C2P(C(C)(C)C)C(C)(C)C,3.311093961
CCc1ccc(I)cc1,Fc1cccc(F)c1c2oncc2,CN1CCCN2CCCN=C12,CC(C)C(C=C(C(C)C)C=C1C(C)C)=C1C2=CC=CC=C2P(C(C)(C)C)C(C)(C)C,72.13959481
Clc1ccccn1,CCOC(=O)c1onc(C)c1,CN1CCCN2CCCN=C12,CC(C)C1=CC(C(C)C)=CC(C(C)C)=C1C2=C(P(C3CCCCC3)C4CCCCC4)C=CC=C2,33.8754215
CCc1ccc(I)cc1,CCOC(=O)c1onc(OC)c1,CN(C)/C(N(C)C)=N\C(C)(C)C,CC(C)C1=CC(C(C)C)=CC(C(C)C)=C1C2=C(P(C(C)(C)C)C(C)(C)C)C(OC)=CC=C2OC,62.03548199
FC(F)(F)c1ccc(Br)cc1,o1cc(cn1)c2ccccc2,CN(C)P(N(C)C)(N(C)C)=NP(N(C)C)(N(C)C)=NCC,CC(C1=C(C2=C(OC)C=CC(OC)=C2P(C34CC5CC(C4)CC(C5)C3)C67CC8CC(C7)CC(C8)C6)C(C(C)C)=CC(C(C)C)=C1)C,13.5242012
CCc1ccc(Cl)cc1,o1cc(cn1)c2ccccc2,CN(C)/C(N(C)C)=N\C(C)(C)C,CC(C1=C(C2=C(OC)C=CC(OC)=C2P(C34CC5CC(C4)CC(C5)C3)C67CC8CC(C7)CC(C8)C6)C(C(C)C)=CC(C(C)C)=C1)C,0.620480408
COc1ccc(I)cc1,o1cc(cn1)c2ccccc2,CN1CCCN2CCCN=C12,CC(C)C1=CC(C(C)C)=CC(C(C)C)=C1C2=C(P(C(C)(C)C)C(C)(C)C)C(OC)=CC=C2OC,36.05750203
Clc1cccnc1,Fc1cccc(F)c1c2oncc2,CN(C)/C(N(C)C)=N\C(C)(C)C,CC(C1=C(C2=C(OC)C=CC(OC)=C2P(C34CC5CC(C4)CC(C5)C3)C67CC8CC(C7)CC(C8)C6)C(C(C)C)=CC(C(C)C)=C1)C,1.726024029
COc1ccc(Cl)cc1,COC(=O)c1cc(on1)c2occc2,CN(C)P(N(C)C)(N(C)C)=NP(N(C)C)(N(C)C)=NCC,CC(C)C1=CC(C(C)C)=CC(C(C)C)=C1C2=C(P(C3CCCCC3)C4CCCCC4)C=CC=C2,0.0
FC(F)(F)c1ccc(Cl)cc1,Cc1cc(on1)c2ccccc2,CN(C)/C(N(C)C)=N\C(C)(C)C,CC(C1=C(C2=C(OC)C=CC(OC)=C2P(C34CC5CC(C4)CC(C5)C3)C67CC8CC(C7)CC(C8)C6)C(C(C)C)=CC(C(C)C)=C1)C,8.178111662
Brc1ccccn1,CCOC(=O)c1ccon1,CN(C)P(N(C)C)(N(C)C)=NP(N(C)C)(N(C)C)=NCC,CC(C1=C(C2=C(OC)C=CC(OC)=C2P(C34CC5CC(C4)CC(C5)C3)C67CC8CC(C7)CC(C8)C6)C(C(C)C)=CC(C(C)C)=C1)C,0.0
CCc1ccc(Br)cc1,o1ncc2ccccc12,CN(C)P(N(C)C)(N(C)C)=NP(N(C)C)(N(C)C)=NCC,CC(C)C1=CC(C(C)C)=CC(C(C)C)=C1C2=C(P(C(C)(C)C)C(C)(C)C)C(OC)=CC=C2OC,54.9141799
Brc1cccnc1,o1ncc2ccccc12,CN(C)P(N(C)C)(N(C)C)=NP(N(C)C)(N(C)C)=NCC,CC(C)C(C=C(C(C)C)C=C1C(C)C)=C1C2=CC=CC=C2P(C(C)(C)C)C(C)(C)C,64.2716813
COc1ccc(I)cc1,o1nccc1c2ccccc2,CN(C)/C(N(C)C)=N\C(C)(C)C,CC(C)C1=CC(C(C)C)=CC(C(C)C)=C1C2=C(P(C(C)(C)C)C(C)(C)C)C(OC)=CC=C2OC,40.37403082
Clc1ccccn1,CCOC(=O)c1conc1,CN1CCCN2CCCN=C12,CC(C)C1=CC(C(C)C)=CC(C(C)C)=C1C2=C(P(C3CCCCC3)C4CCCCC4)C=CC=C2,7.156167613
Clc1cccnc1,o1ncc2ccccc12,CN1CCCN2CCCN=C12,CC(C1=C(C2=C(OC)C=CC(OC)=C2P(C34CC5CC(C4)CC(C5)C3)C67CC8CC(C7)CC(C8)C6)C(C(C)C)=CC(C(C)C)=C1)C,6.777260235
Clc1cccnc1,CCOC(=O)c1conc1,CN(C)/C(N(C)C)=N\C(C)(C)C,CC(C)C(C=C(C(C)C)C=C1C(C)C)=C1C2=CC=CC=C2P(C(C)(C)C)C(C)(C)C,0.0
Ic1ccccn1,C(N(Cc1ccccc1)c2oncc2)c3ccccc3,CN(C)/C(N(C)C)=N\C(C)(C)C,CC(C)C1=CC(C(C)C)=CC(C(C)C)=C1C2=C(P(C3CCCCC3)C4CCCCC4)C=CC=C2,40.83653695
Clc1cccnc1,COC(=O)c1cc(on1)c2sccc2,CN(C)/C(N(C)C)=N\C(C)(C)C,CC(C)C(C=C(C(C)C)C=C1C(C)C)=C1C2=CC=CC=C2P(C(C)(C)C)C(C)(C)C,6.684386034
COc1ccc(Br)cc1,o1ccc(n1)c2ccccc2,CN(C)/C(N(C)C)=N\C(C)(C)C,CC(C)C1=CC(C(C)C)=CC(C(C)C)=C1C2=C(P(C3CCCCC3)C4CCCCC4)C=CC=C2,17.26980964
FC(F)(F)c1ccc(Cl)cc1,COC(=O)c1cc(on1)c2occc2,CN(C)/C(N(C)C)=N\C(C)(C)C,CC(C)C1=CC(C(C)C)=CC(C(C)C)=C1C2=C(P(C3CCCCC3)C4CCCCC4)C=CC=C2,9.330486935
CCc1ccc(Cl)cc1,Cc1ccon1,CN(C)/C(N(C)C)=N\C(C)(C)C,CC(C)C1=CC(C(C)C)=CC(C(C)C)=C1C2=C(P(C(C)(C)C)C(C)(C)C)C(OC)=CC=C2OC,0.0
CCc1ccc(Br)cc1,CCOC(=O)c1conc1,CN1CCCN2CCCN=C12,CC(C)C(C=C(C(C)C)C=C1C(C)C)=C1C2=CC=CC=C2P(C(C)(C)C)C(C)(C)C,28.13311375
FC(F)(F)c1ccc(Br)cc1,CCOC(=O)c1cnoc1C,CN1CCCN2CCCN=C12,CC(C1=C(C2=C(OC)C=CC(OC)=C2P(C34CC5CC(C4)CC(C5)C3)C67CC8CC(C7)CC(C8)C6)C(C(C)C)=CC(C(C)C)=C1)C,27.06341711
Clc1ccccn1,Cc1oncc1,CN(C)/C(N(C)C)=N\C(C)(C)C,CC(C)C1=CC(C(C)C)=CC(C(C)C)=C1C2=C(P(C3CCCCC3)C4CCCCC4)C=CC=C2,22.49487977
Brc1cccnc1,Cc1oncc1,CN(C)P(N(C)C)(N(C)C)=NP(N(C)C)(N(C)C)=NCC,CC(C)C1=CC(C(C)C)=CC(C(C)C)=C1C2=C(P(C3CCCCC3)C4CCCCC4)C=CC=C2,10.26328927
FC(F)(F)c1ccc(I)cc1,COC(=O)c1cc(on1)c2sccc2,CN(C)P(N(C)C)(N(C)C)=NP(N(C)C)(N(C)C)=NCC,CC(C1=C(C2=C(OC)C=CC(OC)=C2P(C34CC5CC(C4)CC(C5)C3)C67CC8CC(C7)CC(C8)C6)C(C(C)C)=CC(C(C)C)=C1)C,27.25583167
Ic1ccccn1,Cc1cc(on1)c2ccccc2,CN(C)P(N(C)C)(N(C)C)=NP(N(C)C)(N(C)C)=NCC,CC(C)C(C=C(C(C)C)C=C1C(C)C)=C1C2=CC=CC=C2P(C(C)(C)C)C(C)(C)C,57.7580975
Clc1ccccn1,Cc1oncc1,CN(C)P(N(C)C)(N(C)C)=NP(N(C)C)(N(C)C)=NCC,CC(C1=C(C2=C(OC)C=CC(OC)=C2P(C34CC5CC(C4)CC(C5)C3)C67CC8CC(C7)CC(C8)C6)C(C(C)C)=CC(C(C)C)=C1)C,17.08713871
Brc1cccnc1,o1ncc2ccccc12,CN(C)P(N(C)C)(N(C)C)=NP(N(C)C)(N(C)C)=NCC,CC(C1=C(C2=C(OC)C=CC(OC)=C2P(C34CC5CC(C4)CC(C5)C3)C67CC8CC(C7)CC(C8)C6)C(C(C)C)=CC(C(C)C)=C1)C,40.63647217
FC(F)(F)c1ccc(Cl)cc1,o1cc(cn1)c2ccccc2,CN(C)/C(N(C)C)=N\C(C)(C)C,CC(C)C1=CC(C(C)C)=CC(C(C)C)=C1C2=C(P(C(C)(C)C)C(C)(C)C)C(OC)=CC=C2OC,3.468901589
FC(F)(F)c1ccc(Cl)cc1,o1ncc2ccccc12,CN1CCCN2CCCN=C12,CC(C)C(C=C(C(C)C)C=C1C(C)C)=C1C2=CC=CC=C2P(C(C)(C)C)C(C)(C)C,29.17558441
CCc1ccc(Br)cc1,CCOC(=O)c1conc1,CN(C)/C(N(C)C)=N\C(C)(C)C,CC(C1=C(C2=C(OC)C=CC(OC)=C2P(C34CC5CC(C4)CC(C5)C3)C67CC8CC(C7)CC(C8)C6)C(C(C)C)=CC(C(C)C)=C1)C,0.9560868
FC(F)(F)c1ccc(Br)cc1,COC(=O)c1cc(on1)c2sccc2,CN(C)P(N(C)C)(N(C)C)=NP(N(C)C)(N(C)C)=NCC,CC(C)C1=CC(C(C)C)=CC(C(C)C)=C1C2=C(P(C(C)(C)C)C(C)(C)C)C(OC)=CC=C2OC,25.56755062
Brc1cccnc1,C(N(Cc1ccccc1)c2ccon2)c3ccccc3,CN1CCCN2CCCN=C12,CC(C1=C(C2=C(OC)C=CC(OC)=C2P(C34CC5CC(C4)CC(C5)C3)C67CC8CC(C7)CC(C8)C6)C(C(C)C)=CC(C(C)C)=C1)C,80.0652435
FC(F)(F)c1ccc(Br)cc1,Fc1cccc(F)c1c2oncc2,CN(C)P(N(C)C)(N(C)C)=NP(N(C)C)(N(C)C)=NCC,CC(C)C1=CC(C(C)C)=CC(C(C)C)=C1C2=C(P(C3CCCCC3)C4CCCCC4)C=CC=C2,15.08609068
FC(F)(F)c1ccc(I)cc1,o1cc2ccccc2n1,CN(C)P(N(C)C)(N(C)C)=NP(N(C)C)(N(C)C)=NCC,CC(C)C(C=C(C(C)C)C=C1C(C)C)=C1C2=CC=CC=C2P(C(C)(C)C)C(C)(C)C,10.49048013
FC(F)(F)c1ccc(Cl)cc1,o1ccc(n1)c2ccccc2,CN(C)/C(N(C)C)=N\C(C)(C)C,CC(C1=C(C2=C(OC)C=CC(OC)=C2P(C34CC5CC(C4)CC(C5)C3)C67CC8CC(C7)CC(C8)C6)C(C(C)C)=CC(C(C)C)=C1)C,25.8434488
Ic1cccnc1,Fc1cccc(F)c1c2oncc2,CN(C)P(N(C)C)(N(C)C)=NP(N(C)C)(N(C)C)=NCC,CC(C)C1=CC(C(C)C)=CC(C(C)C)=C1C2=C(P(C3CCCCC3)C4CCCCC4)C=CC=C2,12.79205877
FC(F)(F)c1ccc(Br)cc1,CCOC(=O)c1onc(OC)c1,CN1CCCN2CCCN=C12,CC(C1=C(C2=C(OC)C=CC(OC)=C2P(C34CC5CC(C4)CC(C5)C3)C67CC8CC(C7)CC(C8)C6)C(C(C)C)=CC(C(C)C)=C1)C,31.53029931
Brc1ccccn1,o1cc2ccccc2n1,CN(C)/C(N(C)C)=N\C(C)(C)C,CC(C)C1=CC(C(C)C)=CC(C(C)C)=C1C2=C(P(C(C)(C)C)C(C)(C)C)C(OC)=CC=C2OC,15.35251148
Clc1cccnc1,Cc1oncc1,CN1CCCN2CCCN=C12,CC(C)C1=CC(C(C)C)=CC(C(C)C)=C1C2=C(P(C(C)(C)C)C(C)(C)C)C(OC)=CC=C2OC,8.955957809
COc1ccc(Cl)cc1,o1nccc1c2ccccc2,CN(C)/C(N(C)C)=N\C(C)(C)C,CC(C)C1=CC(C(C)C)=CC(C(C)C)=C1C2=C(P(C3CCCCC3)C4CCCCC4)C=CC=C2,0.456472494
CCc1ccc(Br)cc1,Cc1oncc1,CN(C)/C(N(C)C)=N\C(C)(C)C,CC(C1=C(C2=C(OC)C=CC(OC)=C2P(C34CC5CC(C4)CC(C5)C3)C67CC8CC(C7)CC(C8)C6)C(C(C)C)=CC(C(C)C)=C1)C,34.22216946
CCc1ccc(Br)cc1,o1cc2ccccc2n1,CN(C)P(N(C)C)(N(C)C)=NP(N(C)C)(N(C)C)=NCC,CC(C1=C(C2=C(OC)C=CC(OC)=C2P(C34CC5CC(C4)CC(C5)C3)C67CC8CC(C7)CC(C8)C6)C(C(C)C)=CC(C(C)C)=C1)C,7.242678118
Brc1cccnc1,CCOC(=O)c1onc(C)c1,CN1CCCN2CCCN=C12,CC(C1=C(C2=C(OC)C=CC(OC)=C2P(C34CC5CC(C4)CC(C5)C3)C67CC8CC(C7)CC(C8)C6)C(C(C)C)=CC(C(C)C)=C1)C,86.53541708
COc1ccc(I)cc1,o1cc2ccccc2n1,CN(C)P(N(C)C)(N(C)C)=NP(N(C)C)(N(C)C)=NCC,CC(C)C1=CC(C(C)C)=CC(C(C)C)=C1C2=C(P(C3CCCCC3)C4CCCCC4)C=CC=C2,9.105544009
Ic1cccnc1,COC(=O)c1oncc1,CN(C)P(N(C)C)(N(C)C)=NP(N(C)C)(N(C)C)=NCC,CC(C)C(C=C(C(C)C)C=C1C(C)C)=C1C2=CC=CC=C2P(C(C)(C)C)C(C)(C)C,16.67869351
Brc1cccnc1,Cc1onc(c1)n2cccc2,CN(C)/C(N(C)C)=N\C(C)(C)C,CC(C)C1=CC(C(C)C)=CC(C(C)C)=C1C2=C(P(C3CCCCC3)C4CCCCC4)C=CC=C2,32.89151252
Brc1cccnc1,COC(=O)c1cc(on1)c2occc2,CN(C)P(N(C)C)(N(C)C)=NP(N(C)C)(N(C)C)=NCC,CC(C)C1=CC(C(C)C)=CC(C(C)C)=C1C2=C(P(C3CCCCC3)C4CCCCC4)C=CC=C2,18.20970217
Clc1cccnc1,Cc1onc(c1)n2cccc2,CN(C)/C(N(C)C)=N\C(C)(C)C,CC(C1=C(C2=C(OC)C=CC(OC)=C2P(C34CC5CC(C4)CC(C5)C3)C67CC8CC(C7)CC(C8)C6)C(C(C)C)=CC(C(C)C)=C1)C,15.2876268
CCc1ccc(Cl)cc1,CCOC(=O)c1cnoc1C,CN1CCCN2CCCN=C12,CC(C1=C(C2=C(OC)C=CC(OC)=C2P(C34CC5CC(C4)CC(C5)C3)C67CC8CC(C7)CC(C8)C6)C(C(C)C)=CC(C(C)C)=C1)C,0.954745242
COc1ccc(I)cc1,Cc1cc(on1)c2ccccc2,CN(C)/C(N(C)C)=N\C(C)(C)C,CC(C)C1=CC(C(C)C)=CC(C(C)C)=C1C2=C(P(C(C)(C)C)C(C)(C)C)C(OC)=CC=C2OC,40.08752213
Ic1ccccn1,CCOC(=O)c1cnoc1C,CN1CCCN2CCCN=C12,CC(C)C1=CC(C(C)C)=CC(C(C)C)=C1C2=C(P(C(C)(C)C)C(C)(C)C)C(OC)=CC=C2OC,77.95754061
CCc1ccc(I)cc1,Cc1cc(on1)c2ccccc2,CN(C)/C(N(C)C)=N\C(C)(C)C,CC(C)C1=CC(C(C)C)=CC(C(C)C)=C1C2=C(P(C(C)(C)C)C(C)(C)C)C(OC)=CC=C2OC,60.61766338
Ic1cccnc1,o1cc(cn1)c2ccccc2,CN1CCCN2CCCN=C12,CC(C)C1=CC(C(C)C)=CC(C(C)C)=C1C2=C(P(C3CCCCC3)C4CCCCC4)C=CC=C2,25.93974836
Brc1cccnc1,o1ncc2ccccc12,CN(C)P(N(C)C)(N(C)C)=NP(N(C)C)(N(C)C)=NCC,CC(C)C1=CC(C(C)C)=CC(C(C)C)=C1C2=C(P(C(C)(C)C)C(C)(C)C)C(OC)=CC=C2OC,70.74157393
Clc1cccnc1,o1cc(cn1)c2ccccc2,CN(C)P(N(C)C)(N(C)C)=NP(N(C)C)(N(C)C)=NCC,CC(C)C(C=C(C(C)C)C=C1C(C)C)=C1C2=CC=CC=C2P(C(C)(C)C)C(C)(C)C,68.76495224
Brc1cccnc1,C(N(Cc1ccccc1)c2ccon2)c3ccccc3,CN1CCCN2CCCN=C12,CC(C)C1=CC(C(C)C)=CC(C(C)C)=C1C2=C(P(C3CCCCC3)C4CCCCC4)C=CC=C2,24.91728565
Ic1ccccn1,CCOC(=O)c1conc1,CN(C)P(N(C)C)(N(C)C)=NP(N(C)C)(N(C)C)=NCC,CC(C)C1=CC(C(C)C)=CC(C(C)C)=C1C2=C(P(C(C)(C)C)C(C)(C)C)C(OC)=CC=C2OC,12.05269157
Clc1cccnc1,CCOC(=O)c1conc1,CN(C)P(N(C)C)(N(C)C)=NP(N(C)C)(N(C)C)=NCC,CC(C)C1=CC(C(C)C)=CC(C(C)C)=C1C2=C(P(C3CCCCC3)C4CCCCC4)C=CC=C2,0.0
CCc1ccc(I)cc1,COC(=O)c1oncc1,CN1CCCN2CCCN=C12,CC(C)C1=CC(C(C)C)=CC(C(C)C)=C1C2=C(P(C(C)(C)C)C(C)(C)C)C(OC)=CC=C2OC,72.70979963
Clc1ccccn1,Fc1cccc(F)c1c2oncc2,CN1CCCN2CCCN=C12,CC(C1=C(C2=C(OC)C=CC(OC)=C2P(C34CC5CC(C4)CC(C5)C3)C67CC8CC(C7)CC(C8)C6)C(C(C)C)=CC(C(C)C)=C1)C,29.55686861
Brc1cccnc1,CCOC(=O)c1onc(OC)c1,CN(C)P(N(C)C)(N(C)C)=NP(N(C)C)(N(C)C)=NCC,CC(C)C(C=C(C(C)C)C=C1C(C)C)=C1C2=CC=CC=C2P(C(C)(C)C)C(C)(C)C,72.8784855
Clc1ccccn1,o1ccc(n1)c2ccccc2,CN(C)/C(N(C)C)=N\C(C)(C)C,CC(C1=C(C2=C(OC)C=CC(OC)=C2P(C34CC5CC(C4)CC(C5)C3)C67CC8CC(C7)CC(C8)C6)C(C(C)C)=CC(C(C)C)=C1)C,61.91869342
COc1ccc(I)cc1,C(N(Cc1ccccc1)c2ccon2)c3ccccc3,CN(C)/C(N(C)C)=N\C(C)(C)C,CC(C1=C(C2=C(OC)C=CC(OC)=C2P(C34CC5CC(C4)CC(C5)C3)C67CC8CC(C7)CC(C8)C6)C(C(C)C)=CC(C(C)C)=C1)C,59.60099255
Brc1ccccn1,COC(=O)c1cc(on1)c2sccc2,CN(C)/C(N(C)C)=N\C(C)(C)C,CC(C)C1=CC(C(C)C)=CC(C(C)C)=C1C2=C(P(C(C)(C)C)C(C)(C)C)C(OC)=CC=C2OC,63.16520406
FC(F)(F)c1ccc(Cl)cc1,CCOC(=O)c1cc(C)on1,CN(C)P(N(C)C)(N(C)C)=NP(N(C)C)(N(C)C)=NCC,CC(C)C1=CC(C(C)C)=CC(C(C)C)=C1C2=C(P(C(C)(C)C)C(C)(C)C)C(OC)=CC=C2OC,9.910073167
CCc1ccc(Br)cc1,C(N(Cc1ccccc1)c2oncc2)c3ccccc3,CN(C)/C(N(C)C)=N\C(C)(C)C,CC(C)C(C=C(C(C)C)C=C1C(C)C)=C1C2=CC=CC=C2P(C(C)(C)C)C(C)(C)C,22.74107385
Brc1ccccn1,Fc1cccc(F)c1c2oncc2,CN(C)P(N(C)C)(N(C)C)=NP(N(C)C)(N(C)C)=NCC,CC(C)C1=CC(C(C)C)=CC(C(C)C)=C1C2=C(P(C(C)(C)C)C(C)(C)C)C(OC)=CC=C2OC,27.98543221
Brc1ccccn1,Fc1cccc(F)c1c2oncc2,CN(C)/C(N(C)C)=N\C(C)(C)C,CC(C)C1=CC(C(C)C)=CC(C(C)C)=C1C2=C(P(C(C)(C)C)C(C)(C)C)C(OC)=CC=C2OC,44.24461772
FC(F)(F)c1ccc(I)cc1,o1cc2ccccc2n1,CN(C)/C(N(C)C)=N\C(C)(C)C,CC(C1=C(C2=C(OC)C=CC(OC)=C2P(C34CC5CC(C4)CC(C5)C3)C67CC8CC(C7)CC(C8)C6)C(C(C)C)=CC(C(C)C)=C1)C,8.104754995
Brc1ccccn1,o1cc2ccccc2n1,CN(C)P(N(C)C)(N(C)C)=NP(N(C)C)(N(C)C)=NCC,CC(C)C(C=C(C(C)C)C=C1C(C)C)=C1C2=CC=CC=C2P(C(C)(C)C)C(C)(C)C,21.66443641
COc1ccc(I)cc1,Cc1onc(C)c1,CN(C)P(N(C)C)(N(C)C)=NP(N(C)C)(N(C)C)=NCC,CC(C)C1=CC(C(C)C)=CC(C(C)C)=C1C2=C(P(C3CCCCC3)C4CCCCC4)C=CC=C2,41.17834608
COc1ccc(Br)cc1,o1ncc2ccccc12,CN(C)/C(N(C)C)=N\C(C)(C)C,CC(C)C1=CC(C(C)C)=CC(C(C)C)=C1C2=C(P(C(C)(C)C)C(C)(C)C)C(OC)=CC=C2OC,11.92095297
Clc1ccccn1,Cc1ccon1,CN1CCCN2CCCN=C12,CC(C)C(C=C(C(C)C)C=C1C(C)C)=C1C2=CC=CC=C2P(C(C)(C)C)C(C)(C)C,86.00345438
COc1ccc(I)cc1,CCOC(=O)c1ccon1,CN1CCCN2CCCN=C12,CC(C1=C(C2=C(OC)C=CC(OC)=C2P(C34CC5CC(C4)CC(C5)C3)C67CC8CC(C7)CC(C8)C6)C(C(C)C)=CC(C(C)C)=C1)C,50.83768511
Ic1cccnc1,CCOC(=O)c1onc(C)c1,CN(C)/C(N(C)C)=N\C(C)(C)C,CC(C)C1=CC(C(C)C)=CC(C(C)C)=C1C2=C(P(C(C)(C)C)C(C)(C)C)C(OC)=CC=C2OC,72.77189285
FC(F)(F)c1ccc(Br)cc1,o1ccc(n1)c2ccccc2,CN(C)P(N(C)C)(N(C)C)=NP(N(C)C)(N(C)C)=NCC,CC(C1=C(C2=C(OC)C=CC(OC)=C2P(C34CC5CC(C4)CC(C5)C3)C67CC8CC(C7)CC(C8)C6)C(C(C)C)=CC(C(C)C)=C1)C,41.59326244
Clc1ccccn1,o1ncc2ccccc12,CN(C)/C(N(C)C)=N\C(C)(C)C,CC(C1=C(C2=C(OC)C=CC(OC)=C2P(C34CC5CC(C4)CC(C5)C3)C67CC8CC(C7)CC(C8)C6)C(C(C)C)=CC(C(C)C)=C1)C,13.79100096
Brc1ccccn1,o1ccc(n1)c2ccccc2,CN(C)/C(N(C)C)=N\C(C)(C)C,CC(C)C(C=C(C(C)C)C=C1C(C)C)=C1C2=CC=CC=C2P(C(C)(C)C)C(C)(C)C,86.2541164
CCc1ccc(I)cc1,CCOC(=O)c1onc(OC)c1,CN1CCCN2CCCN=C12,CC(C)C1=CC(C(C)C)=CC(C(C)C)=C1C2=C(P(C(C)(C)C)C(C)(C)C)C(OC)=CC=C2OC,71.83207772
Ic1ccccn1,o1cc2ccccc2n1,CN(C)P(N(C)C)(N(C)C)=NP(N(C)C)(N(C)C)=NCC,CC(C1=C(C2=C(OC)C=CC(OC)=C2P(C34CC5CC(C4)CC(C5)C3)C67CC8CC(C7)CC(C8)C6)C(C(C)C)=CC(C(C)C)=C1)C,6.244420828
COc1ccc(I)cc1,CCOC(=O)c1cnoc1C,CN1CCCN2CCCN=C12,CC(C1=C(C2=C(OC)C=CC(OC)=C2P(C34CC5CC(C4)CC(C5)C3)C67CC8CC(C7)CC(C8)C6)C(C(C)C)=CC(C(C)C)=C1)C,25.12838943
CCc1ccc(Br)cc1,COC(=O)c1cc(on1)c2occc2,CN1CCCN2CCCN=C12,CC(C1=C(C2=C(OC)C=CC(OC)=C2P(C34CC5CC(C4)CC(C5)C3)C67CC8CC(C7)CC(C8)C6)C(C(C)C)=CC(C(C)C)=C1)C,39.51845686
CCc1ccc(I)cc1,CCOC(=O)c1cc(C)on1,CN(C)/C(N(C)C)=N\C(C)(C)C,CC(C)C1=CC(C(C)C)=CC(C(C)C)=C1C2=C(P(C3CCCCC3)C4CCCCC4)C=CC=C2,37.1696242
FC(F)(F)c1ccc(I)cc1,Cc1oncc1,CN(C)P(N(C)C)(N(C)C)=NP(N(C)C)(N(C)C)=NCC,CC(C)C1=CC(C(C)C)=CC(C(C)C)=C1C2=C(P(C(C)(C)C)C(C)(C)C)C(OC)=CC=C2OC,2.106143629
CCc1ccc(Cl)cc1,CCOC(=O)c1cnoc1C,CN1CCCN2CCCN=C12,CC(C)C1=CC(C(C)C)=CC(C(C)C)=C1C2=C(P(C3CCCCC3)C4CCCCC4)C=CC=C2,1.52899949
FC(F)(F)c1ccc(Br)cc1,COC(=O)c1oncc1,CN1CCCN2CCCN=C12,CC(C)C1=CC(C(C)C)=CC(C(C)C)=C1C2=C(P(C3CCCCC3)C4CCCCC4)C=CC=C2,17.78386933
CCc1ccc(Br)cc1,o1cc2ccccc2n1,CN(C)/C(N(C)C)=N\C(C)(C)C,CC(C)C1=CC(C(C)C)=CC(C(C)C)=C1C2=C(P(C3CCCCC3)C4CCCCC4)C=CC=C2,1.132043957
Ic1cccnc1,CCOC(=O)c1ccon1,CN1CCCN2CCCN=C12,CC(C1=C(C2=C(OC)C=CC(OC)=C2P(C34CC5CC(C4)CC(C5)C3)C67CC8CC(C7)CC(C8)C6)C(C(C)C)=CC(C(C)C)=C1)C,86.79260178
CCc1ccc(Cl)cc1,COC(=O)c1oncc1,CN(C)P(N(C)C)(N(C)C)=NP(N(C)C)(N(C)C)=NCC,CC(C)C1=CC(C(C)C)=CC(C(C)C)=C1C2=C(P(C3CCCCC3)C4CCCCC4)C=CC=C2,6.90640733
FC(F)(F)c1ccc(Cl)cc1,CCOC(=O)c1ccon1,CN1CCCN2CCCN=C12,CC(C)C1=CC(C(C)C)=CC(C(C)C)=C1C2=C(P(C3CCCCC3)C4CCCCC4)C=CC=C2,18.14790513
COc1ccc(Cl)cc1,Cc1onc(C)c1,CN1CCCN2CCCN=C12,CC(C)C1=CC(C(C)C)=CC(C(C)C)=C1C2=C(P(C3CCCCC3)C4CCCCC4)C=CC=C2,0.44794504
Brc1ccccn1,CCOC(=O)c1onc(C)c1,CN1CCCN2CCCN=C12,CC(C)C1=CC(C(C)C)=CC(C(C)C)=C1C2=C(P(C3CCCCC3)C4CCCCC4)C=CC=C2,63.0697188
CCc1ccc(I)cc1,o1cc2ccccc2n1,CN1CCCN2CCCN=C12,CC(C)C1=CC(C(C)C)=CC(C(C)C)=C1C2=C(P(C(C)(C)C)C(C)(C)C)C(OC)=CC=C2OC,73.16269955
COc1ccc(Br)cc1,CCOC(=O)c1onc(OC)c1,CN(C)P(N(C)C)(N(C)C)=NP(N(C)C)(N(C)C)=NCC,CC(C)C(C=C(C(C)C)C=C1C(C)C)=C1C2=CC=CC=C2P(C(C)(C)C)C(C)(C)C,42.30149711
CCc1ccc(Cl)cc1,Cc1onc(C)c1,CN1CCCN2CCCN=C12,CC(C)C(C=C(C(C)C)C=C1C(C)C)=C1C2=CC=CC=C2P(C(C)(C)C)C(C)(C)C,5.620589612
FC(F)(F)c1ccc(Cl)cc1,Cc1onc(C)c1,CN1CCCN2CCCN=C12,CC(C)C(C=C(C(C)C)C=C1C(C)C)=C1C2=CC=CC=C2P(C(C)(C)C)C(C)(C)C,28.72536954
CCc1ccc(I)cc1,Cc1ccon1,CN1CCCN2CCCN=C12,CC(C)C1=CC(C(C)C)=CC(C(C)C)=C1C2=C(P(C3CCCCC3)C4CCCCC4)C=CC=C2,66.26745697
CCc1ccc(I)cc1,o1ncc2ccccc12,CN(C)P(N(C)C)(N(C)C)=NP(N(C)C)(N(C)C)=NCC,CC(C)C1=CC(C(C)C)=CC(C(C)C)=C1C2=C(P(C3CCCCC3)C4CCCCC4)C=CC=C2,34.29689514
Ic1cccnc1,o1ccc(n1)c2ccccc2,CN(C)/C(N(C)C)=N\C(C)(C)C,CC(C1=C(C2=C(OC)C=CC(OC)=C2P(C34CC5CC(C4)CC(C5)C3)C67CC8CC(C7)CC(C8)C6)C(C(C)C)=CC(C(C)C)=C1)C,84.5566149
CCc1ccc(I)cc1,CCOC(=O)c1cc(C)on1,CN1CCCN2CCCN=C12,CC(C)C1=CC(C(C)C)=CC(C(C)C)=C1C2=C(P(C3CCCCC3)C4CCCCC4)C=CC=C2,66.76359549
COc1ccc(Br)cc1,Cc1onc(C)c1,CN(C)/C(N(C)C)=N\C(C)(C)C,CC(C)C(C=C(C(C)C)C=C1C(C)C)=C1C2=CC=CC=C2P(C(C)(C)C)C(C)(C)C,39.32908802
Brc1ccccn1,C(N(Cc1ccccc1)c2oncc2)c3ccccc3,CN(C)P(N(C)C)(N(C)C)=NP(N(C)C)(N(C)C)=NCC,CC(C)C(C=C(C(C)C)C=C1C(C)C)=C1C2=CC=CC=C2P(C(C)(C)C)C(C)(C)C,53.50463767
Clc1ccccn1,COC(=O)c1cc(on1)c2occc2,CN1CCCN2CCCN=C12,CC(C)C1=CC(C(C)C)=CC(C(C)C)=C1C2=C(P(C3CCCCC3)C4CCCCC4)C=CC=C2,25.48313253
Ic1ccccn1,o1ccc(n1)c2ccccc2,CN1CCCN2CCCN=C12,CC(C)C1=CC(C(C)C)=CC(C(C)C)=C1C2=C(P(C(C)(C)C)C(C)(C)C)C(OC)=CC=C2OC,92.35381549
Clc1cccnc1,COC(=O)c1cc(on1)c2sccc2,CN(C)/C(N(C)C)=N\C(C)(C)C,CC(C)C1=CC(C(C)C)=CC(C(C)C)=C1C2=C(P(C(C)(C)C)C(C)(C)C)C(OC)=CC=C2OC,2.68455705
Ic1cccnc1,Cc1onc(C)c1,CN(C)P(N(C)C)(N(C)C)=NP(N(C)C)(N(C)C)=NCC,CC(C)C(C=C(C(C)C)C=C1C(C)C)=C1C2=CC=CC=C2P(C(C)(C)C)C(C)(C)C,78.29631742
CCc1ccc(Br)cc1,o1nccc1c2ccccc2,CN1CCCN2CCCN=C12,CC(C)C1=CC(C(C)C)=CC(C(C)C)=C1C2=C(P(C(C)(C)C)C(C)(C)C)C(OC)=CC=C2OC,57.45048731
FC(F)(F)c1ccc(Cl)cc1,Cc1cc(on1)c2ccccc2,CN(C)/C(N(C)C)=N\C(C)(C)C,CC(C)C1=CC(C(C)C)=CC(C(C)C)=C1C2=C(P(C(C)(C)C)C(C)(C)C)C(OC)=CC=C2OC,13.70204119
COc1ccc(I)cc1,C(N(Cc1ccccc1)c2oncc2)c3ccccc3,CN1CCCN2CCCN=C12,CC(C)C1=CC(C(C)C)=CC(C(C)C)=C1C2=C(P(C(C)(C)C)C(C)(C)C)C(OC)=CC=C2OC,47.11829387
CCc1ccc(I)cc1,CCOC(=O)c1cc(C)on1,CN(C)/C(N(C)C)=N\C(C)(C)C,CC(C)C1=CC(C(C)C)=CC(C(C)C)=C1C2=C(P(C(C)(C)C)C(C)(C)C)C(OC)=CC=C2OC,74.75498754
FC(F)(F)c1ccc(Cl)cc1,o1nccc1c2ccccc2,CN(C)/C(N(C)C)=N\C(C)(C)C,CC(C)C(C=C(C(C)C)C=C1C(C)C)=C1C2=CC=CC=C2P(C(C)(C)C)C(C)(C)C,16.88486051
FC(F)(F)c1ccc(I)cc1,o1cc2ccccc2n1,CN(C)/C(N(C)C)=N\C(C)(C)C,CC(C)C(C=C(C(C)C)C=C1C(C)C)=C1C2=CC=CC=C2P(C(C)(C)C)C(C)(C)C,9.518190042
FC(F)(F)c1ccc(Br)cc1,Cc1oncc1,CN(C)/C(N(C)C)=N\C(C)(C)C,CC(C)C1=CC(C(C)C)=CC(C(C)C)=C1C2=C(P(C(C)(C)C)C(C)(C)C)C(OC)=CC=C2OC,28.48464058
COc1ccc(Br)cc1,COC(=O)c1cc(on1)c2occc2,CN1CCCN2CCCN=C12,CC(C)C1=CC(C(C)C)=CC(C(C)C)=C1C2=C(P(C3CCCCC3)C4CCCCC4)C=CC=C2,4.698019536
CCc1ccc(Br)cc1,Cc1cc(on1)c2ccccc2,CN(C)P(N(C)C)(N(C)C)=NP(N(C)C)(N(C)C)=NCC,CC(C)C1=CC(C(C)C)=CC(C(C)C)=C1C2=C(P(C3CCCCC3)C4CCCCC4)C=CC=C2,69.98737297
CCc1ccc(Cl)cc1,o1nccc1c2ccccc2,CN(C)/C(N(C)C)=N\C(C)(C)C,CC(C1=C(C2=C(OC)C=CC(OC)=C2P(C34CC5CC(C4)CC(C5)C3)C67CC8CC(C7)CC(C8)C6)C(C(C)C)=CC(C(C)C)=C1)C,0.57693322
Ic1cccnc1,CCOC(=O)c1onc(C)c1,CN1CCCN2CCCN=C12,CC(C1=C(C2=C(OC)C=CC(OC)=C2P(C34CC5CC(C4)CC(C5)C3)C67CC8CC(C7)CC(C8)C6)C(C(C)C)=CC(C(C)C)=C1)C,94.50096737
Clc1cccnc1,Cc1onc(C)c1,CN1CCCN2CCCN=C12,CC(C)C1=CC(C(C)C)=CC(C(C)C)=C1C2=C(P(C3CCCCC3)C4CCCCC4)C=CC=C2,13.37572764
FC(F)(F)c1ccc(Br)cc1,Cc1cc(on1)c2ccccc2,CN(C)/C(N(C)C)=N\C(C)(C)C,CC(C1=C(C2=C(OC)C=CC(OC)=C2P(C34CC5CC(C4)CC(C5)C3)C67CC8CC(C7)CC(C8)C6)C(C(C)C)=CC(C(C)C)=C1)C,33.60174029
FC(F)(F)c1ccc(Cl)cc1,CCOC(=O)c1conc1,CN(C)/C(N(C)C)=N\C(C)(C)C,CC(C1=C(C2=C(OC)C=CC(OC)=C2P(C34CC5CC(C4)CC(C5)C3)C67CC8CC(C7)CC(C8)C6)C(C(C)C)=CC(C(C)C)=C1)C,0.0
Brc1cccnc1,Cc1onc(C)c1,CN1CCCN2CCCN=C12,CC(C)C1=CC(C(C)C)=CC(C(C)C)=C1C2=C(P(C3CCCCC3)C4CCCCC4)C=CC=C2,30.61273502
Brc1ccccn1,CCOC(=O)c1ccon1,CN(C)/C(N(C)C)=N\C(C)(C)C,CC(C)C1=CC(C(C)C)=CC(C(C)C)=C1C2=C(P(C3CCCCC3)C4CCCCC4)C=CC=C2,49.4018977
COc1ccc(I)cc1,C(N(Cc1ccccc1)c2ccon2)c3ccccc3,CN1CCCN2CCCN=C12,CC(C)C1=CC(C(C)C)=CC(C(C)C)=C1C2=C(P(C(C)(C)C)C(C)(C)C)C(OC)=CC=C2OC,65.94429183
CCc1ccc(Br)cc1,C(N(Cc1ccccc1)c2ccon2)c3ccccc3,CN1CCCN2CCCN=C12,CC(C1=C(C2=C(OC)C=CC(OC)=C2P(C34CC5CC(C4)CC(C5)C3)C67CC8CC(C7)CC(C8)C6)C(C(C)C)=CC(C(C)C)=C1)C,74.1058241
COc1ccc(I)cc1,Cc1cc(on1)c2ccccc2,CN(C)P(N(C)C)(N(C)C)=NP(N(C)C)(N(C)C)=NCC,CC(C)C1=CC(C(C)C)=CC(C(C)C)=C1C2=C(P(C(C)(C)C)C(C)(C)C)C(OC)=CC=C2OC,49.72808893
FC(F)(F)c1ccc(I)cc1,COC(=O)c1cc(on1)c2occc2,CN1CCCN2CCCN=C12,CC(C)C1=CC(C(C)C)=CC(C(C)C)=C1C2=C(P(C3CCCCC3)C4CCCCC4)C=CC=C2,34.0336157
FC(F)(F)c1ccc(Br)cc1,CCOC(=O)c1conc1,CN1CCCN2CCCN=C12,CC(C)C1=CC(C(C)C)=CC(C(C)C)=C1C2=C(P(C3CCCCC3)C4CCCCC4)C=CC=C2,21.42393699
Ic1cccnc1,COC(=O)c1oncc1,CN(C)/C(N(C)C)=N\C(C)(C)C,CC(C)C1=CC(C(C)C)=CC(C(C)C)=C1C2=C(P(C3CCCCC3)C4CCCCC4)C=CC=C2,7.473385241
FC(F)(F)c1ccc(Cl)cc1,o1ncc2ccccc12,CN(C)P(N(C)C)(N(C)C)=NP(N(C)C)(N(C)C)=NCC,CC(C)C(C=C(C(C)C)C=C1C(C)C)=C1C2=CC=CC=C2P(C(C)(C)C)C(C)(C)C,20.05913492
COc1ccc(Cl)cc1,CCOC(=O)c1onc(OC)c1,CN(C)P(N(C)C)(N(C)C)=NP(N(C)C)(N(C)C)=NCC,CC(C1=C(C2=C(OC)C=CC(OC)=C2P(C34CC5CC(C4)CC(C5)C3)C67CC8CC(C7)CC(C8)C6)C(C(C)C)=CC(C(C)C)=C1)C,0.706381042
COc1ccc(I)cc1,o1nccc1c2ccccc2,CN(C)P(N(C)C)(N(C)C)=NP(N(C)C)(N(C)C)=NCC,CC(C)C1=CC(C(C)C)=CC(C(C)C)=C1C2=C(P(C(C)(C)C)C(C)(C)C)C(OC)=CC=C2OC,14.01241706
Clc1ccccn1,CCOC(=O)c1onc(C)c1,CN1CCCN2CCCN=C12,CC(C1=C(C2=C(OC)C=CC(OC)=C2P(C34CC5CC(C4)CC(C5)C3)C67CC8CC(C7)CC(C8)C6)C(C(C)C)=CC(C(C)C)=C1)C,67.67136056
COc1ccc(Br)cc1,C(N(Cc1ccccc1)c2oncc2)c3ccccc3,CN(C)/C(N(C)C)=N\C(C)(C)C,CC(C1=C(C2=C(OC)C=CC(OC)=C2P(C34CC5CC(C4)CC(C5)C3)C67CC8CC(C7)CC(C8)C6)C(C(C)C)=CC(C(C)C)=C1)C,16.7341519
COc1ccc(Br)cc1,COC(=O)c1oncc1,CN(C)/C(N(C)C)=N\C(C)(C)C,CC(C)C1=CC(C(C)C)=CC(C(C)C)=C1C2=C(P(C3CCCCC3)C4CCCCC4)C=CC=C2,0.665064231
FC(F)(F)c1ccc(Cl)cc1,o1cc(cn1)c2ccccc2,CN(C)/C(N(C)C)=N\C(C)(C)C,CC(C)C(C=C(C(C)C)C=C1C(C)C)=C1C2=CC=CC=C2P(C(C)(C)C)C(C)(C)C,12.56300254
COc1ccc(I)cc1,C(N(Cc1ccccc1)c2oncc2)c3ccccc3,CN(C)P(N(C)C)(N(C)C)=NP(N(C)C)(N(C)C)=NCC,CC(C)C1=CC(C(C)C)=CC(C(C)C)=C1C2=C(P(C3CCCCC3)C4CCCCC4)C=CC=C2,2.819747326
Ic1cccnc1,C(N(Cc1ccccc1)c2ccon2)c3ccccc3,CN(C)P(N(C)C)(N(C)C)=NP(N(C)C)(N(C)C)=NCC,CC(C)C1=CC(C(C)C)=CC(C(C)C)=C1C2=C(P(C3CCCCC3)C4CCCCC4)C=CC=C2,41.01536377
Brc1cccnc1,Cc1cc(on1)c2ccccc2,CN(C)P(N(C)C)(N(C)C)=NP(N(C)C)(N(C)C)=NCC,CC(C1=C(C2=C(OC)C=CC(OC)=C2P(C34CC5CC(C4)CC(C5)C3)C67CC8CC(C7)CC(C8)C6)C(C(C)C)=CC(C(C)C)=C1)C,22.62644976
Brc1cccnc1,Fc1cccc(F)c1c2oncc2,CN(C)/C(N(C)C)=N\C(C)(C)C,CC(C)C1=CC(C(C)C)=CC(C(C)C)=C1C2=C(P(C(C)(C)C)C(C)(C)C)C(OC)=CC=C2OC,42.1300284
FC(F)(F)c1ccc(Cl)cc1,COC(=O)c1oncc1,CN1CCCN2CCCN=C12,CC(C1=C(C2=C(OC)C=CC(OC)=C2P(C34CC5CC(C4)CC(C5)C3)C67CC8CC(C7)CC(C8)C6)C(C(C)C)=CC(C(C)C)=C1)C,6.92498784
Ic1ccccn1,CCOC(=O)c1onc(OC)c1,CN(C)P(N(C)C)(N(C)C)=NP(N(C)C)(N(C)C)=NCC,CC(C)C1=CC(C(C)C)=CC(C(C)C)=C1C2=C(P(C(C)(C)C)C(C)(C)C)C(OC)=CC=C2OC,78.28452045
CCc1ccc(Br)cc1,Cc1cc(on1)c2ccccc2,CN(C)P(N(C)C)(N(C)C)=NP(N(C)C)(N(C)C)=NCC,CC(C1=C(C2=C(OC)C=CC(OC)=C2P(C34CC5CC(C4)CC(C5)C3)C67CC8CC(C7)CC(C8)C6)C(C(C)C)=CC(C(C)C)=C1)C,63.12102891
Brc1cccnc1,Cc1ccon1,CN(C)/C(N(C)C)=N\C(C)(C)C,CC(C1=C(C2=C(OC)C=CC(OC)=C2P(C34CC5CC(C4)CC(C5)C3)C67CC8CC(C7)CC(C8)C6)C(C(C)C)=CC(C(C)C)=C1)C,83.93526521
Brc1cccnc1,CCOC(=O)c1cc(C)on1,CN(C)/C(N(C)C)=N\C(C)(C)C,CC(C)C1=CC(C(C)C)=CC(C(C)C)=C1C2=C(P(C3CCCCC3)C4CCCCC4)C=CC=C2,26.58751317
Clc1ccccn1,o1ccc(n1)c2ccccc2,CN1CCCN2CCCN=C12,CC(C1=C(C2=C(OC)C=CC(OC)=C2P(C34CC5CC(C4)CC(C5)C3)C67CC8CC(C7)CC(C8)C6)C(C(C)C)=CC(C(C)C)=C1)C,89.88953077
CCc1ccc(I)cc1,COC(=O)c1cc(on1)c2sccc2,CN1CCCN2CCCN=C12,CC(C)C1=CC(C(C)C)=CC(C(C)C)=C1C2=C(P(C3CCCCC3)C4CCCCC4)C=CC=C2,31.26628393
Ic1ccccn1,o1nccc1c2ccccc2,CN(C)P(N(C)C)(N(C)C)=NP(N(C)C)(N(C)C)=NCC,CC(C)C1=CC(C(C)C)=CC(C(C)C)=C1C2=C(P(C(C)(C)C)C(C)(C)C)C(OC)=CC=C2OC,33.33065232
CCc1ccc(I)cc1,o1ncc2ccccc12,CN(C)/C(N(C)C)=N\C(C)(C)C,CC(C)C1=CC(C(C)C)=CC(C(C)C)=C1C2=C(P(C(C)(C)C)C(C)(C)C)C(OC)=CC=C2OC,44.01604328
FC(F)(F)c1ccc(Br)cc1,o1cc2ccccc2n1,CN(C)/C(N(C)C)=N\C(C)(C)C,CC(C)C(C=C(C(C)C)C=C1C(C)C)=C1C2=CC=CC=C2P(C(C)(C)C)C(C)(C)C,5.800095284
FC(F)(F)c1ccc(I)cc1,CCOC(=O)c1onc(OC)c1,CN(C)P(N(C)C)(N(C)C)=NP(N(C)C)(N(C)C)=NCC,CC(C1=C(C2=C(OC)C=CC(OC)=C2P(C34CC5CC(C4)CC(C5)C3)C67CC8CC(C7)CC(C8)C6)C(C(C)C)=CC(C(C)C)=C1)C,37.54624547
Brc1cccnc1,o1cc(cn1)c2ccccc2,CN(C)/C(N(C)C)=N\C(C)(C)C,CC(C1=C(C2=C(OC)C=CC(OC)=C2P(C34CC5CC(C4)CC(C5)C3)C67CC8CC(C7)CC(C8)C6)C(C(C)C)=CC(C(C)C)=C1)C,45.27091516
COc1ccc(I)cc1,o1cc2ccccc2n1,CN(C)P(N(C)C)(N(C)C)=NP(N(C)C)(N(C)C)=NCC,CC(C1=C(C2=C(OC)C=CC(OC)=C2P(C34CC5CC(C4)CC(C5)C3)C67CC8CC(C7)CC(C8)C6)C(C(C)C)=CC(C(C)C)=C1)C,11.0075153
Brc1cccnc1,CCOC(=O)c1ccon1,CN(C)P(N(C)C)(N(C)C)=NP(N(C)C)(N(C)C)=NCC,CC(C)C(C=C(C(C)C)C=C1C(C)C)=C1C2=CC=CC=C2P(C(C)(C)C)C(C)(C)C,0.0
COc1ccc(I)cc1,CCOC(=O)c1conc1,CN(C)/C(N(C)C)=N\C(C)(C)C,CC(C)C1=CC(C(C)C)=CC(C(C)C)=C1C2=C(P(C3CCCCC3)C4CCCCC4)C=CC=C2,1.933202382
Ic1cccnc1,o1ncc2ccccc12,CN(C)P(N(C)C)(N(C)C)=NP(N(C)C)(N(C)C)=NCC,CC(C1=C(C2=C(OC)C=CC(OC)=C2P(C34CC5CC(C4)CC(C5)C3)C67CC8CC(C7)CC(C8)C6)C(C(C)C)=CC(C(C)C)=C1)C,74.04736649
CCc1ccc(Br)cc1,Cc1cc(on1)c2ccccc2,CN(C)/C(N(C)C)=N\C(C)(C)C,CC(C)C1=CC(C(C)C)=CC(C(C)C)=C1C2=C(P(C(C)(C)C)C(C)(C)C)C(OC)=CC=C2OC,59.00727735
COc1ccc(Br)cc1,o1ccc(n1)c2ccccc2,CN1CCCN2CCCN=C12,CC(C)C1=CC(C(C)C)=CC(C(C)C)=C1C2=C(P(C3CCCCC3)C4CCCCC4)C=CC=C2,10.60791195
CCc1ccc(Br)cc1,Cc1onc(C)c1,CN1CCCN2CCCN=C12,CC(C1=C(C2=C(OC)C=CC(OC)=C2P(C34CC5CC(C4)CC(C5)C3)C67CC8CC(C7)CC(C8)C6)C(C(C)C)=CC(C(C)C)=C1)C,74.39518038
FC(F)(F)c1ccc(Cl)cc1,Fc1cccc(F)c1c2oncc2,CN(C)P(N(C)C)(N(C)C)=NP(N(C)C)(N(C)C)=NCC,CC(C)C1=CC(C(C)C)=CC(C(C)C)=C1C2=C(P(C3CCCCC3)C4CCCCC4)C=CC=C2,13.9614152
COc1ccc(I)cc1,o1nccc1c2ccccc2,CN(C)/C(N(C)C)=N\C(C)(C)C,CC(C)C(C=C(C(C)C)C=C1C(C)C)=C1C2=CC=CC=C2P(C(C)(C)C)C(C)(C)C,41.48980841
CCc1ccc(Br)cc1,CCOC(=O)c1cnoc1C,CN(C)P(N(C)C)(N(C)C)=NP(N(C)C)(N(C)C)=NCC,CC(C)C1=CC(C(C)C)=CC(C(C)C)=C1C2=C(P(C3CCCCC3)C4CCCCC4)C=CC=C2,19.33424545
COc1ccc(Br)cc1,C(N(Cc1ccccc1)c2oncc2)c3ccccc3,CN1CCCN2CCCN=C12,CC(C1=C(C2=C(OC)C=CC(OC)=C2P(C34CC5CC(C4)CC(C5)C3)C67CC8CC(C7)CC(C8)C6)C(C(C)C)=CC(C(C)C)=C1)C,20.44948228
Brc1ccccn1,Cc1oncc1,CN1CCCN2CCCN=C12,CC(C1=C(C2=C(OC)C=CC(OC)=C2P(C34CC5CC(C4)CC(C5)C3)C67CC8CC(C7)CC(C8)C6)C(C(C)C)=CC(C(C)C)=C1)C,82.57086092
COc1ccc(Br)cc1,CCOC(=O)c1conc1,CN(C)P(N(C)C)(N(C)C)=NP(N(C)C)(N(C)C)=NCC,CC(C1=C(C2=C(OC)C=CC(OC)=C2P(C34CC5CC(C4)CC(C5)C3)C67CC8CC(C7)CC(C8)C6)C(C(C)C)=CC(C(C)C)=C1)C,0.489044772
COc1ccc(Br)cc1,o1nccc1c2ccccc2,CN1CCCN2CCCN=C12,CC(C)C1=CC(C(C)C)=CC(C(C)C)=C1C2=C(P(C(C)(C)C)C(C)(C)C)C(OC)=CC=C2OC,35.70389569
CCc1ccc(Cl)cc1,C(N(Cc1ccccc1)c2ccon2)c3ccccc3,CN1CCCN2CCCN=C12,CC(C)C(C=C(C(C)C)C=C1C(C)C)=C1C2=CC=CC=C2P(C(C)(C)C)C(C)(C)C,5.460903942
Ic1ccccn1,Cc1onc(c1)n2cccc2,CN(C)/C(N(C)C)=N\C(C)(C)C,CC(C)C1=CC(C(C)C)=CC(C(C)C)=C1C2=C(P(C3CCCCC3)C4CCCCC4)C=CC=C2,44.76424476
Brc1cccnc1,C(N(Cc1ccccc1)c2oncc2)c3ccccc3,CN(C)/C(N(C)C)=N\C(C)(C)C,CC(C)C(C=C(C(C)C)C=C1C(C)C)=C1C2=CC=CC=C2P(C(C)(C)C)C(C)(C)C,41.72955132
Brc1ccccn1,COC(=O)c1cc(on1)c2sccc2,CN1CCCN2CCCN=C12,CC(C1=C(C2=C(OC)C=CC(OC)=C2P(C34CC5CC(C4)CC(C5)C3)C67CC8CC(C7)CC(C8)C6)C(C(C)C)=CC(C(C)C)=C1)C,57.42667045
Clc1cccnc1,COC(=O)c1cc(on1)c2sccc2,CN1CCCN2CCCN=C12,CC(C)C1=CC(C(C)C)=CC(C(C)C)=C1C2=C(P(C3CCCCC3)C4CCCCC4)C=CC=C2,3.35256921
CCc1ccc(Br)cc1,o1cc2ccccc2n1,CN(C)P(N(C)C)(N(C)C)=NP(N(C)C)(N(C)C)=NCC,CC(C)C(C=C(C(C)C)C=C1C(C)C)=C1C2=CC=CC=C2P(C(C)(C)C)C(C)(C)C,14.62829911
CCc1ccc(Br)cc1,C(N(Cc1ccccc1)c2oncc2)c3ccccc3,CN1CCCN2CCCN=C12,CC(C)C1=CC(C(C)C)=CC(C(C)C)=C1C2=C(P(C3CCCCC3)C4CCCCC4)C=CC=C2,3.304153664
COc1ccc(I)cc1,o1cc(cn1)c2ccccc2,CN1CCCN2CCCN=C12,CC(C)C1=CC(C(C)C)=CC(C(C)C)=C1C2=C(P(C3CCCCC3)C4CCCCC4)C=CC=C2,7.774794319
Clc1ccccn1,Cc1onc(c1)n2cccc2,CN(C)P(N(C)C)(N(C)C)=NP(N(C)C)(N(C)C)=NCC,CC(C)C(C=C(C(C)C)C=C1C(C)C)=C1C2=CC=CC=C2P(C(C)(C)C)C(C)(C)C,53.37807808
Brc1cccnc1,COC(=O)c1cc(on1)c2sccc2,CN(C)P(N(C)C)(N(C)C)=NP(N(C)C)(N(C)C)=NCC,CC(C)C1=CC(C(C)C)=CC(C(C)C)=C1C2=C(P(C3CCCCC3)C4CCCCC4)C=CC=C2,13.63572226
COc1ccc(I)cc1,Fc1cccc(F)c1c2oncc2,CN1CCCN2CCCN=C12,CC(C)C(C=C(C(C)C)C=C1C(C)C)=C1C2=CC=CC=C2P(C(C)(C)C)C(C)(C)C,47.90925553
FC(F)(F)c1ccc(Br)cc1,Cc1onc(C)c1,CN(C)P(N(C)C)(N(C)C)=NP(N(C)C)(N(C)C)=NCC,CC(C1=C(C2=C(OC)C=CC(OC)=C2P(C34CC5CC(C4)CC(C5)C3)C67CC8CC(C7)CC(C8)C6)C(C(C)C)=CC(C(C)C)=C1)C,9.025273637
Ic1cccnc1,CCOC(=O)c1cnoc1C,CN1CCCN2CCCN=C12,CC(C1=C(C2=C(OC)C=CC(OC)=C2P(C34CC5CC(C4)CC(C5)C3)C67CC8CC(C7)CC(C8)C6)C(C(C)C)=CC(C(C)C)=C1)C,47.34357171
Ic1cccnc1,Cc1oncc1,CN1CCCN2CCCN=C12,CC(C)C(C=C(C(C)C)C=C1C(C)C)=C1C2=CC=CC=C2P(C(C)(C)C)C(C)(C)C,86.76211847
Clc1cccnc1,CCOC(=O)c1cc(C)on1,CN1CCCN2CCCN=C12,CC(C)C1=CC(C(C)C)=CC(C(C)C)=C1C2=C(P(C3CCCCC3)C4CCCCC4)C=CC=C2,13.29271578
FC(F)(F)c1ccc(Cl)cc1,Cc1cc(on1)c2ccccc2,CN(C)P(N(C)C)(N(C)C)=NP(N(C)C)(N(C)C)=NCC,CC(C)C1=CC(C(C)C)=CC(C(C)C)=C1C2=C(P(C(C)(C)C)C(C)(C)C)C(OC)=CC=C2OC,1.222906926
Brc1cccnc1,C(N(Cc1ccccc1)c2ccon2)c3ccccc3,CN(C)P(N(C)C)(N(C)C)=NP(N(C)C)(N(C)C)=NCC,CC(C1=C(C2=C(OC)C=CC(OC)=C2P(C34CC5CC(C4)CC(C5)C3)C67CC8CC(C7)CC(C8)C6)C(C(C)C)=CC(C(C)C)=C1)C,25.79072036
Clc1ccccn1,CCOC(=O)c1cnoc1C,CN(C)/C(N(C)C)=N\C(C)(C)C,CC(C)C(C=C(C(C)C)C=C1C(C)C)=C1C2=CC=CC=C2P(C(C)(C)C)C(C)(C)C,12.36409536
CCc1ccc(Br)cc1,o1cc(cn1)c2ccccc2,CN1CCCN2CCCN=C12,CC(C)C1=CC(C(C)C)=CC(C(C)C)=C1C2=C(P(C(C)(C)C)C(C)(C)C)C(OC)=CC=C2OC,52.90774845
CCc1ccc(Cl)cc1,CCOC(=O)c1ccon1,CN(C)P(N(C)C)(N(C)C)=NP(N(C)C)(N(C)C)=NCC,CC(C)C1=CC(C(C)C)=CC(C(C)C)=C1C2=C(P(C3CCCCC3)C4CCCCC4)C=CC=C2,0.0
Brc1cccnc1,Cc1oncc1,CN(C)P(N(C)C)(N(C)C)=NP(N(C)C)(N(C)C)=NCC,CC(C1=C(C2=C(OC)C=CC(OC)=C2P(C34CC5CC(C4)CC(C5)C3)C67CC8CC(C7)CC(C8)C6)C(C(C)C)=CC(C(C)C)=C1)C,3.679918653
CCc1ccc(Cl)cc1,CCOC(=O)c1conc1,CN1CCCN2CCCN=C12,CC(C1=C(C2=C(OC)C=CC(OC)=C2P(C34CC5CC(C4)CC(C5)C3)C67CC8CC(C7)CC(C8)C6)C(C(C)C)=CC(C(C)C)=C1)C,6.949971836
Ic1cccnc1,CCOC(=O)c1cc(C)on1,CN1CCCN2CCCN=C12,CC(C)C(C=C(C(C)C)C=C1C(C)C)=C1C2=CC=CC=C2P(C(C)(C)C)C(C)(C)C,91.48509414
Ic1cccnc1,o1ccc(n1)c2ccccc2,CN1CCCN2CCCN=C12,CC(C)C1=CC(C(C)C)=CC(C(C)C)=C1C2=C(P(C3CCCCC3)C4CCCCC4)C=CC=C2,53.36463944
Brc1ccccn1,Cc1onc(C)c1,CN(C)/C(N(C)C)=N\C(C)(C)C,CC(C1=C(C2=C(OC)C=CC(OC)=C2P(C34CC5CC(C4)CC(C5)C3)C67CC8CC(C7)CC(C8)C6)C(C(C)C)=CC(C(C)C)=C1)C,40.91072057
COc1ccc(Cl)cc1,Cc1ccon1,CN(C)P(N(C)C)(N(C)C)=NP(N(C)C)(N(C)C)=NCC,CC(C1=C(C2=C(OC)C=CC(OC)=C2P(C34CC5CC(C4)CC(C5)C3)C67CC8CC(C7)CC(C8)C6)C(C(C)C)=CC(C(C)C)=C1)C,0.0
Brc1ccccn1,CCOC(=O)c1conc1,CN1CCCN2CCCN=C12,CC(C)C1=CC(C(C)C)=CC(C(C)C)=C1C2=C(P(C(C)(C)C)C(C)(C)C)C(OC)=CC=C2OC,40.89777506
FC(F)(F)c1ccc(Br)cc1,o1nccc1c2ccccc2,CN(C)/C(N(C)C)=N\C(C)(C)C,CC(C)C1=CC(C(C)C)=CC(C(C)C)=C1C2=C(P(C(C)(C)C)C(C)(C)C)C(OC)=CC=C2OC,25.83457198
Ic1ccccn1,o1cc2ccccc2n1,CN(C)/C(N(C)C)=N\C(C)(C)C,CC(C)C(C=C(C(C)C)C=C1C(C)C)=C1C2=CC=CC=C2P(C(C)(C)C)C(C)(C)C,54.29333472
FC(F)(F)c1ccc(Cl)cc1,C(N(Cc1ccccc1)c2oncc2)c3ccccc3,CN(C)/C(N(C)C)=N\C(C)(C)C,CC(C)C1=CC(C(C)C)=CC(C(C)C)=C1C2=C(P(C3CCCCC3)C4CCCCC4)C=CC=C2,2.828738971
FC(F)(F)c1ccc(Cl)cc1,o1nccc1c2ccccc2,CN1CCCN2CCCN=C12,CC(C)C1=CC(C(C)C)=CC(C(C)C)=C1C2=C(P(C(C)(C)C)C(C)(C)C)C(OC)=CC=C2OC,9.564949769
FC(F)(F)c1ccc(Br)cc1,Cc1cc(on1)c2ccccc2,CN1CCCN2CCCN=C12,CC(C1=C(C2=C(OC)C=CC(OC)=C2P(C34CC5CC(C4)CC(C5)C3)C67CC8CC(C7)CC(C8)C6)C(C(C)C)=CC(C(C)C)=C1)C,37.93567028
FC(F)(F)c1ccc(Cl)cc1,COC(=O)c1cc(on1)c2sccc2,CN(C)P(N(C)C)(N(C)C)=NP(N(C)C)(N(C)C)=NCC,CC(C)C(C=C(C(C)C)C=C1C(C)C)=C1C2=CC=CC=C2P(C(C)(C)C)C(C)(C)C,15.75654156
Clc1cccnc1,Cc1oncc1,CN(C)P(N(C)C)(N(C)C)=NP(N(C)C)(N(C)C)=NCC,CC(C)C1=CC(C(C)C)=CC(C(C)C)=C1C2=C(P(C(C)(C)C)C(C)(C)C)C(OC)=CC=C2OC,1.859601121
CCc1ccc(Br)cc1,Cc1oncc1,CN1CCCN2CCCN=C12,CC(C)C1=CC(C(C)C)=CC(C(C)C)=C1C2=C(P(C(C)(C)C)C(C)(C)C)C(OC)=CC=C2OC,64.99704829
FC(F)(F)c1ccc(Cl)cc1,C(N(Cc1ccccc1)c2oncc2)c3ccccc3,CN(C)P(N(C)C)(N(C)C)=NP(N(C)C)(N(C)C)=NCC,CC(C)C1=CC(C(C)C)=CC(C(C)C)=C1C2=C(P(C(C)(C)C)C(C)(C)C)C(OC)=CC=C2OC,17.35437544
Brc1ccccn1,CCOC(=O)c1onc(OC)c1,CN(C)/C(N(C)C)=N\C(C)(C)C,CC(C)C(C=C(C(C)C)C=C1C(C)C)=C1C2=CC=CC=C2P(C(C)(C)C)C(C)(C)C,70.67829218
CCc1ccc(Cl)cc1,Cc1onc(C)c1,CN(C)/C(N(C)C)=N\C(C)(C)C,CC(C)C1=CC(C(C)C)=CC(C(C)C)=C1C2=C(P(C3CCCCC3)C4CCCCC4)C=CC=C2,3.019148584
COc1ccc(I)cc1,CCOC(=O)c1onc(C)c1,CN(C)/C(N(C)C)=N\C(C)(C)C,CC(C)C1=CC(C(C)C)=CC(C(C)C)=C1C2=C(P(C3CCCCC3)C4CCCCC4)C=CC=C2,18.89524916
FC(F)(F)c1ccc(I)cc1,CCOC(=O)c1onc(OC)c1,CN1CCCN2CCCN=C12,CC(C)C1=CC(C(C)C)=CC(C(C)C)=C1C2=C(P(C(C)(C)C)C(C)(C)C)C(OC)=CC=C2OC,40.48594286
Brc1ccccn1,CCOC(=O)c1cnoc1C,CN1CCCN2CCCN=C12,CC(C)C1=CC(C(C)C)=CC(C(C)C)=C1C2=C(P(C3CCCCC3)C4CCCCC4)C=CC=C2,28.69582004
Brc1ccccn1,o1ccc(n1)c2ccccc2,CN1CCCN2CCCN=C12,CC(C)C1=CC(C(C)C)=CC(C(C)C)=C1C2=C(P(C(C)(C)C)C(C)(C)C)C(OC)=CC=C2OC,87.95919128
FC(F)(F)c1ccc(Br)cc1,COC(=O)c1cc(on1)c2occc2,CN1CCCN2CCCN=C12,CC(C)C1=CC(C(C)C)=CC(C(C)C)=C1C2=C(P(C(C)(C)C)C(C)(C)C)C(OC)=CC=C2OC,37.34827699
Brc1cccnc1,Fc1cccc(F)c1c2oncc2,CN(C)P(N(C)C)(N(C)C)=NP(N(C)C)(N(C)C)=NCC,CC(C)C(C=C(C(C)C)C=C1C(C)C)=C1C2=CC=CC=C2P(C(C)(C)C)C(C)(C)C,22.41656552
FC(F)(F)c1ccc(Br)cc1,COC(=O)c1oncc1,CN(C)/C(N(C)C)=N\C(C)(C)C,CC(C1=C(C2=C(OC)C=CC(OC)=C2P(C34CC5CC(C4)CC(C5)C3)C67CC8CC(C7)CC(C8)C6)C(C(C)C)=CC(C(C)C)=C1)C,4.469322068
CCc1ccc(Br)cc1,Cc1onc(c1)n2cccc2,CN(C)/C(N(C)C)=N\C(C)(C)C,CC(C)C1=CC(C(C)C)=CC(C(C)C)=C1C2=C(P(C3CCCCC3)C4CCCCC4)C=CC=C2,33.78601477
Brc1cccnc1,CCOC(=O)c1conc1,CN(C)P(N(C)C)(N(C)C)=NP(N(C)C)(N(C)C)=NCC,CC(C)C(C=C(C(C)C)C=C1C(C)C)=C1C2=CC=CC=C2P(C(C)(C)C)C(C)(C)C,2.689766175
COc1ccc(I)cc1,CCOC(=O)c1cc(C)on1,CN(C)P(N(C)C)(N(C)C)=NP(N(C)C)(N(C)C)=NCC,CC(C)C(C=C(C(C)C)C=C1C(C)C)=C1C2=CC=CC=C2P(C(C)(C)C)C(C)(C)C,43.35721014
CCc1ccc(I)cc1,CCOC(=O)c1cc(C)on1,CN(C)P(N(C)C)(N(C)C)=NP(N(C)C)(N(C)C)=NCC,CC(C1=C(C2=C(OC)C=CC(OC)=C2P(C34CC5CC(C4)CC(C5)C3)C67CC8CC(C7)CC(C8)C6)C(C(C)C)=CC(C(C)C)=C1)C,71.26504827
COc1ccc(Br)cc1,CCOC(=O)c1conc1,CN(C)P(N(C)C)(N(C)C)=NP(N(C)C)(N(C)C)=NCC,CC(C)C(C=C(C(C)C)C=C1C(C)C)=C1C2=CC=CC=C2P(C(C)(C)C)C(C)(C)C,4.621114909
CCc1ccc(Cl)cc1,CCOC(=O)c1onc(OC)c1,CN(C)/C(N(C)C)=N\C(C)(C)C,CC(C)C(C=C(C(C)C)C=C1C(C)C)=C1C2=CC=CC=C2P(C(C)(C)C)C(C)(C)C,1.358946967
COc1ccc(I)cc1,CCOC(=O)c1cc(C)on1,CN(C)/C(N(C)C)=N\C(C)(C)C,CC(C)C1=CC(C(C)C)=CC(C(C)C)=C1C2=C(P(C(C)(C)C)C(C)(C)C)C(OC)=CC=C2OC,43.26194293
Brc1cccnc1,Cc1cc(on1)c2ccccc2,CN(C)P(N(C)C)(N(C)C)=NP(N(C)C)(N(C)C)=NCC,CC(C)C(C=C(C(C)C)C=C1C(C)C)=C1C2=CC=CC=C2P(C(C)(C)C)C(C)(C)C,71.32414041
FC(F)(F)c1ccc(Cl)cc1,Cc1onc(C)c1,CN(C)P(N(C)C)(N(C)C)=NP(N(C)C)(N(C)C)=NCC,CC(C)C1=CC(C(C)C)=CC(C(C)C)=C1C2=C(P(C(C)(C)C)C(C)(C)C)C(OC)=CC=C2OC,8.171441334
CCc1ccc(I)cc1,CCOC(=O)c1conc1,CN(C)/C(N(C)C)=N\C(C)(C)C,CC(C)C1=CC(C(C)C)=CC(C(C)C)=C1C2=C(P(C(C)(C)C)C(C)(C)C)C(OC)=CC=C2OC,6.026719466
FC(F)(F)c1ccc(I)cc1,CCOC(=O)c1conc1,CN(C)/C(N(C)C)=N\C(C)(C)C,CC(C1=C(C2=C(OC)C=CC(OC)=C2P(C34CC5CC(C4)CC(C5)C3)C67CC8CC(C7)CC(C8)C6)C(C(C)C)=CC(C(C)C)=C1)C,1.896181594
COc1ccc(Br)cc1,o1ccc(n1)c2ccccc2,CN(C)/C(N(C)C)=N\C(C)(C)C,CC(C1=C(C2=C(OC)C=CC(OC)=C2P(C34CC5CC(C4)CC(C5)C3)C67CC8CC(C7)CC(C8)C6)C(C(C)C)=CC(C(C)C)=C1)C,46.19696168
Clc1cccnc1,o1ncc2ccccc12,CN(C)/C(N(C)C)=N\C(C)(C)C,CC(C)C1=CC(C(C)C)=CC(C(C)C)=C1C2=C(P(C3CCCCC3)C4CCCCC4)C=CC=C2,3.235819119
FC(F)(F)c1ccc(Cl)cc1,o1cc(cn1)c2ccccc2,CN1CCCN2CCCN=C12,CC(C)C1=CC(C(C)C)=CC(C(C)C)=C1C2=C(P(C(C)(C)C)C(C)(C)C)C(OC)=CC=C2OC,22.42347536
Brc1cccnc1,CCOC(=O)c1ccon1,CN(C)P(N(C)C)(N(C)C)=NP(N(C)C)(N(C)C)=NCC,CC(C1=C(C2=C(OC)C=CC(OC)=C2P(C34CC5CC(C4)CC(C5)C3)C67CC8CC(C7)CC(C8)C6)C(C(C)C)=CC(C(C)C)=C1)C,0.0
Ic1cccnc1,CCOC(=O)c1cc(C)on1,CN(C)P(N(C)C)(N(C)C)=NP(N(C)C)(N(C)C)=NCC,CC(C)C1=CC(C(C)C)=CC(C(C)C)=C1C2=C(P(C(C)(C)C)C(C)(C)C)C(OC)=CC=C2OC,40.31664678
COc1ccc(Br)cc1,CCOC(=O)c1ccon1,CN(C)P(N(C)C)(N(C)C)=NP(N(C)C)(N(C)C)=NCC,CC(C1=C(C2=C(OC)C=CC(OC)=C2P(C34CC5CC(C4)CC(C5)C3)C67CC8CC(C7)CC(C8)C6)C(C(C)C)=CC(C(C)C)=C1)C,0.0
CCc1ccc(I)cc1,Fc1cccc(F)c1c2oncc2,CN(C)/C(N(C)C)=N\C(C)(C)C,CC(C)C1=CC(C(C)C)=CC(C(C)C)=C1C2=C(P(C3CCCCC3)C4CCCCC4)C=CC=C2,13.02243467
Brc1cccnc1,CCOC(=O)c1onc(OC)c1,CN(C)/C(N(C)C)=N\C(C)(C)C,CC(C)C1=CC(C(C)C)=CC(C(C)C)=C1C2=C(P(C(C)(C)C)C(C)(C)C)C(OC)=CC=C2OC,55.60412419
Ic1cccnc1,Cc1ccon1,CN1CCCN2CCCN=C12,CC(C)C1=CC(C(C)C)=CC(C(C)C)=C1C2=C(P(C(C)(C)C)C(C)(C)C)C(OC)=CC=C2OC,93.10117477
CCc1ccc(Cl)cc1,o1cc2ccccc2n1,CN(C)/C(N(C)C)=N\C(C)(C)C,CC(C)C(C=C(C(C)C)C=C1C(C)C)=C1C2=CC=CC=C2P(C(C)(C)C)C(C)(C)C,0.0
CCc1ccc(I)cc1,o1ncc2ccccc12,CN(C)/C(N(C)C)=N\C(C)(C)C,CC(C1=C(C2=C(OC)C=CC(OC)=C2P(C34CC5CC(C4)CC(C5)C3)C67CC8CC(C7)CC(C8)C6)C(C(C)C)=CC(C(C)C)=C1)C,39.89470015
Ic1cccnc1,Fc1cccc(F)c1c2oncc2,CN(C)P(N(C)C)(N(C)C)=NP(N(C)C)(N(C)C)=NCC,CC(C1=C(C2=C(OC)C=CC(OC)=C2P(C34CC5CC(C4)CC(C5)C3)C67CC8CC(C7)CC(C8)C6)C(C(C)C)=CC(C(C)C)=C1)C,19.96336659
COc1ccc(Cl)cc1,o1ccc(n1)c2ccccc2,CN1CCCN2CCCN=C12,CC(C)C(C=C(C(C)C)C=C1C(C)C)=C1C2=CC=CC=C2P(C(C)(C)C)C(C)(C)C,1.402918235
Clc1ccccn1,CCOC(=O)c1cc(C)on1,CN(C)P(N(C)C)(N(C)C)=NP(N(C)C)(N(C)C)=NCC,CC(C)C1=CC(C(C)C)=CC(C(C)C)=C1C2=C(P(C3CCCCC3)C4CCCCC4)C=CC=C2,22.61165831
COc1ccc(Cl)cc1,Cc1onc(C)c1,CN(C)/C(N(C)C)=N\C(C)(C)C,CC(C)C1=CC(C(C)C)=CC(C(C)C)=C1C2=C(P(C(C)(C)C)C(C)(C)C)C(OC)=CC=C2OC,0.35921569
COc1ccc(Br)cc1,o1ncc2ccccc12,CN(C)P(N(C)C)(N(C)C)=NP(N(C)C)(N(C)C)=NCC,CC(C1=C(C2=C(OC)C=CC(OC)=C2P(C34CC5CC(C4)CC(C5)C3)C67CC8CC(C7)CC(C8)C6)C(C(C)C)=CC(C(C)C)=C1)C,13.34881918
FC(F)(F)c1ccc(Cl)cc1,o1ccc(n1)c2ccccc2,CN(C)/C(N(C)C)=N\C(C)(C)C,CC(C)C1=CC(C(C)C)=CC(C(C)C)=C1C2=C(P(C(C)(C)C)C(C)(C)C)C(OC)=CC=C2OC,25.85124884
Brc1ccccn1,COC(=O)c1oncc1,CN(C)P(N(C)C)(N(C)C)=NP(N(C)C)(N(C)C)=NCC,CC(C1=C(C2=C(OC)C=CC(OC)=C2P(C34CC5CC(C4)CC(C5)C3)C67CC8CC(C7)CC(C8)C6)C(C(C)C)=CC(C(C)C)=C1)C,11.06445724
FC(F)(F)c1ccc(Cl)cc1,Cc1ccon1,CN(C)/C(N(C)C)=N\C(C)(C)C,CC(C)C1=CC(C(C)C)=CC(C(C)C)=C1C2=C(P(C(C)(C)C)C(C)(C)C)C(OC)=CC=C2OC,13.50296194
Clc1ccccn1,CCOC(=O)c1ccon1,CN(C)/C(N(C)C)=N\C(C)(C)C,CC(C)C1=CC(C(C)C)=CC(C(C)C)=C1C2=C(P(C(C)(C)C)C(C)(C)C)C(OC)=CC=C2OC,58.32558385
COc1ccc(I)cc1,COC(=O)c1oncc1,CN(C)P(N(C)C)(N(C)C)=NP(N(C)C)(N(C)C)=NCC,CC(C)C1=CC(C(C)C)=CC(C(C)C)=C1C2=C(P(C(C)(C)C)C(C)(C)C)C(OC)=CC=C2OC,12.42396719
COc1ccc(Br)cc1,CCOC(=O)c1cc(C)on1,CN1CCCN2CCCN=C12,CC(C1=C(C2=C(OC)C=CC(OC)=C2P(C34CC5CC(C4)CC(C5)C3)C67CC8CC(C7)CC(C8)C6)C(C(C)C)=CC(C(C)C)=C1)C,55.18037009
COc1ccc(I)cc1,Cc1oncc1,CN(C)P(N(C)C)(N(C)C)=NP(N(C)C)(N(C)C)=NCC,CC(C)C(C=C(C(C)C)C=C1C(C)C)=C1C2=CC=CC=C2P(C(C)(C)C)C(C)(C)C,18.29616546
CCc1ccc(Cl)cc1,o1cc2ccccc2n1,CN(C)P(N(C)C)(N(C)C)=NP(N(C)C)(N(C)C)=NCC,CC(C1=C(C2=C(OC)C=CC(OC)=C2P(C34CC5CC(C4)CC(C5)C3)C67CC8CC(C7)CC(C8)C6)C(C(C)C)=CC(C(C)C)=C1)C,0.836644888
CCc1ccc(Br)cc1,CCOC(=O)c1cnoc1C,CN1CCCN2CCCN=C12,CC(C1=C(C2=C(OC)C=CC(OC)=C2P(C34CC5CC(C4)CC(C5)C3)C67CC8CC(C7)CC(C8)C6)C(C(C)C)=CC(C(C)C)=C1)C,43.35191306
CCc1ccc(Cl)cc1,Cc1ccon1,CN(C)P(N(C)C)(N(C)C)=NP(N(C)C)(N(C)C)=NCC,CC(C)C1=CC(C(C)C)=CC(C(C)C)=C1C2=C(P(C3CCCCC3)C4CCCCC4)C=CC=C2,4.111488109
Ic1cccnc1,Cc1oncc1,CN(C)P(N(C)C)(N(C)C)=NP(N(C)C)(N(C)C)=NCC,CC(C)C(C=C(C(C)C)C=C1C(C)C)=C1C2=CC=CC=C2P(C(C)(C)C)C(C)(C)C,23.04134387
COc1ccc(I)cc1,CCOC(=O)c1onc(C)c1,CN(C)P(N(C)C)(N(C)C)=NP(N(C)C)(N(C)C)=NCC,CC(C)C(C=C(C(C)C)C=C1C(C)C)=C1C2=CC=CC=C2P(C(C)(C)C)C(C)(C)C,49.11143206
COc1ccc(I)cc1,o1ncc2ccccc12,CN(C)P(N(C)C)(N(C)C)=NP(N(C)C)(N(C)C)=NCC,CC(C1=C(C2=C(OC)C=CC(OC)=C2P(C34CC5CC(C4)CC(C5)C3)C67CC8CC(C7)CC(C8)C6)C(C(C)C)=CC(C(C)C)=C1)C,28.28230111
COc1ccc(Cl)cc1,CCOC(=O)c1cnoc1C,CN1CCCN2CCCN=C12,CC(C)C(C=C(C(C)C)C=C1C(C)C)=C1C2=CC=CC=C2P(C(C)(C)C)C(C)(C)C,2.863405084
FC(F)(F)c1ccc(Br)cc1,o1ncc2ccccc12,CN1CCCN2CCCN=C12,CC(C)C1=CC(C(C)C)=CC(C(C)C)=C1C2=C(P(C3CCCCC3)C4CCCCC4)C=CC=C2,28.60232004
CCc1ccc(I)cc1,CCOC(=O)c1cnoc1C,CN1CCCN2CCCN=C12,CC(C)C1=CC(C(C)C)=CC(C(C)C)=C1C2=C(P(C(C)(C)C)C(C)(C)C)C(OC)=CC=C2OC,59.85587044
FC(F)(F)c1ccc(I)cc1,CCOC(=O)c1ccon1,CN(C)P(N(C)C)(N(C)C)=NP(N(C)C)(N(C)C)=NCC,CC(C)C1=CC(C(C)C)=CC(C(C)C)=C1C2=C(P(C3CCCCC3)C4CCCCC4)C=CC=C2,0.0
CCc1ccc(Cl)cc1,Cc1ccon1,CN1CCCN2CCCN=C12,CC(C)C1=CC(C(C)C)=CC(C(C)C)=C1C2=C(P(C(C)(C)C)C(C)(C)C)C(OC)=CC=C2OC,4.228381568
CCc1ccc(Cl)cc1,Cc1oncc1,CN(C)P(N(C)C)(N(C)C)=NP(N(C)C)(N(C)C)=NCC,CC(C)C1=CC(C(C)C)=CC(C(C)C)=C1C2=C(P(C(C)(C)C)C(C)(C)C)C(OC)=CC=C2OC,2.658633939
Ic1ccccn1,CCOC(=O)c1cnoc1C,CN(C)/C(N(C)C)=N\C(C)(C)C,CC(C1=C(C2=C(OC)C=CC(OC)=C2P(C34CC5CC(C4)CC(C5)C3)C67CC8CC(C7)CC(C8)C6)C(C(C)C)=CC(C(C)C)=C1)C,14.42398425
Clc1cccnc1,C(N(Cc1ccccc1)c2ccon2)c3ccccc3,CN1CCCN2CCCN=C12,CC(C)C1=CC(C(C)C)=CC(C(C)C)=C1C2=C(P(C(C)(C)C)C(C)(C)C)C(OC)=CC=C2OC,36.05104123
CCc1ccc(I)cc1,Cc1onc(c1)n2cccc2,CN(C)P(N(C)C)(N(C)C)=NP(N(C)C)(N(C)C)=NCC,CC(C)C(C=C(C(C)C)C=C1C(C)C)=C1C2=CC=CC=C2P(C(C)(C)C)C(C)(C)C,63.53604944
Brc1ccccn1,Cc1onc(C)c1,CN(C)P(N(C)C)(N(C)C)=NP(N(C)C)(N(C)C)=NCC,CC(C)C1=CC(C(C)C)=CC(C(C)C)=C1C2=C(P(C(C)(C)C)C(C)(C)C)C(OC)=CC=C2OC,79.65524299
Ic1cccnc1,o1ccc(n1)c2ccccc2,CN(C)P(N(C)C)(N(C)C)=NP(N(C)C)(N(C)C)=NCC,CC(C)C1=CC(C(C)C)=CC(C(C)C)=C1C2=C(P(C(C)(C)C)C(C)(C)C)C(OC)=CC=C2OC,4.592618792
FC(F)(F)c1ccc(I)cc1,COC(=O)c1cc(on1)c2occc2,CN(C)/C(N(C)C)=N\C(C)(C)C,CC(C1=C(C2=C(OC)C=CC(OC)=C2P(C34CC5CC(C4)CC(C5)C3)C67CC8CC(C7)CC(C8)C6)C(C(C)C)=CC(C(C)C)=C1)C,34.85762141
COc1ccc(Cl)cc1,Cc1oncc1,CN(C)/C(N(C)C)=N\C(C)(C)C,CC(C)C(C=C(C(C)C)C=C1C(C)C)=C1C2=CC=CC=C2P(C(C)(C)C)C(C)(C)C,0.321740184
Brc1cccnc1,COC(=O)c1cc(on1)c2sccc2,CN(C)P(N(C)C)(N(C)C)=NP(N(C)C)(N(C)C)=NCC,CC(C)C(C=C(C(C)C)C=C1C(C)C)=C1C2=CC=CC=C2P(C(C)(C)C)C(C)(C)C,70.27327326
COc1ccc(I)cc1,Cc1cc(on1)c2ccccc2,CN1CCCN2CCCN=C12,CC(C1=C(C2=C(OC)C=CC(OC)=C2P(C34CC5CC(C4)CC(C5)C3)C67CC8CC(C7)CC(C8)C6)C(C(C)C)=CC(C(C)C)=C1)C,49.61017751
CCc1ccc(Br)cc1,o1ccc(n1)c2ccccc2,CN(C)/C(N(C)C)=N\C(C)(C)C,CC(C)C1=CC(C(C)C)=CC(C(C)C)=C1C2=C(P(C3CCCCC3)C4CCCCC4)C=CC=C2,37.71186321
COc1ccc(Br)cc1,Cc1cc(on1)c2ccccc2,CN(C)/C(N(C)C)=N\C(C)(C)C,CC(C)C1=CC(C(C)C)=CC(C(C)C)=C1C2=C(P(C3CCCCC3)C4CCCCC4)C=CC=C2,13.27473408
CCc1ccc(Br)cc1,Cc1onc(C)c1,CN(C)P(N(C)C)(N(C)C)=NP(N(C)C)(N(C)C)=NCC,CC(C1=C(C2=C(OC)C=CC(OC)=C2P(C34CC5CC(C4)CC(C5)C3)C67CC8CC(C7)CC(C8)C6)C(C(C)C)=CC(C(C)C)=C1)C,61.80395318
FC(F)(F)c1ccc(Br)cc1,Cc1onc(c1)n2cccc2,CN(C)P(N(C)C)(N(C)C)=NP(N(C)C)(N(C)C)=NCC,CC(C1=C(C2=C(OC)C=CC(OC)=C2P(C34CC5CC(C4)CC(C5)C3)C67CC8CC(C7)CC(C8)C6)C(C(C)C)=CC(C(C)C)=C1)C,19.11941212
FC(F)(F)c1ccc(Br)cc1,o1nccc1c2ccccc2,CN(C)/C(N(C)C)=N\C(C)(C)C,CC(C)C(C=C(C(C)C)C=C1C(C)C)=C1C2=CC=CC=C2P(C(C)(C)C)C(C)(C)C,41.29698409
FC(F)(F)c1ccc(Cl)cc1,COC(=O)c1cc(on1)c2sccc2,CN(C)/C(N(C)C)=N\C(C)(C)C,CC(C1=C(C2=C(OC)C=CC(OC)=C2P(C34CC5CC(C4)CC(C5)C3)C67CC8CC(C7)CC(C8)C6)C(C(C)C)=CC(C(C)C)=C1)C,2.749074467
COc1ccc(Cl)cc1,C(N(Cc1ccccc1)c2ccon2)c3ccccc3,CN(C)/C(N(C)C)=N\C(C)(C)C,CC(C)C(C=C(C(C)C)C=C1C(C)C)=C1C2=CC=CC=C2P(C(C)(C)C)C(C)(C)C,41.03794598
FC(F)(F)c1ccc(Cl)cc1,COC(=O)c1oncc1,CN(C)/C(N(C)C)=N\C(C)(C)C,CC(C)C(C=C(C(C)C)C=C1C(C)C)=C1C2=CC=CC=C2P(C(C)(C)C)C(C)(C)C,4.385154303
FC(F)(F)c1ccc(I)cc1,CCOC(=O)c1onc(OC)c1,CN(C)P(N(C)C)(N(C)C)=NP(N(C)C)(N(C)C)=NCC,CC(C)C1=CC(C(C)C)=CC(C(C)C)=C1C2=C(P(C3CCCCC3)C4CCCCC4)C=CC=C2,43.39942952
Clc1cccnc1,o1ccc(n1)c2ccccc2,CN(C)P(N(C)C)(N(C)C)=NP(N(C)C)(N(C)C)=NCC,CC(C)C(C=C(C(C)C)C=C1C(C)C)=C1C2=CC=CC=C2P(C(C)(C)C)C(C)(C)C,18.412337
COc1ccc(Br)cc1,CCOC(=O)c1ccon1,CN1CCCN2CCCN=C12,CC(C)C1=CC(C(C)C)=CC(C(C)C)=C1C2=C(P(C(C)(C)C)C(C)(C)C)C(OC)=CC=C2OC,45.97256872
COc1ccc(Cl)cc1,o1ncc2ccccc12,CN1CCCN2CCCN=C12,CC(C1=C(C2=C(OC)C=CC(OC)=C2P(C34CC5CC(C4)CC(C5)C3)C67CC8CC(C7)CC(C8)C6)C(C(C)C)=CC(C(C)C)=C1)C,0.707254592
Clc1cccnc1,COC(=O)c1cc(on1)c2sccc2,CN1CCCN2CCCN=C12,CC(C)C(C=C(C(C)C)C=C1C(C)C)=C1C2=CC=CC=C2P(C(C)(C)C)C(C)(C)C,7.182520972
CCc1ccc(I)cc1,o1nccc1c2ccccc2,CN(C)/C(N(C)C)=N\C(C)(C)C,CC(C)C1=CC(C(C)C)=CC(C(C)C)=C1C2=C(P(C3CCCCC3)C4CCCCC4)C=CC=C2,25.0736586
FC(F)(F)c1ccc(Cl)cc1,C(N(Cc1ccccc1)c2oncc2)c3ccccc3,CN1CCCN2CCCN=C12,CC(C)C1=CC(C(C)C)=CC(C(C)C)=C1C2=C(P(C3CCCCC3)C4CCCCC4)C=CC=C2,1.249008464
FC(F)(F)c1ccc(I)cc1,CCOC(=O)c1ccon1,CN(C)P(N(C)C)(N(C)C)=NP(N(C)C)(N(C)C)=NCC,CC(C)C(C=C(C(C)C)C=C1C(C)C)=C1C2=CC=CC=C2P(C(C)(C)C)C(C)(C)C,0.0
CCc1ccc(I)cc1,o1nccc1c2ccccc2,CN(C)/C(N(C)C)=N\C(C)(C)C,CC(C)C(C=C(C(C)C)C=C1C(C)C)=C1C2=CC=CC=C2P(C(C)(C)C)C(C)(C)C,72.39052533
Brc1cccnc1,Cc1onc(C)c1,CN1CCCN2CCCN=C12,CC(C1=C(C2=C(OC)C=CC(OC)=C2P(C34CC5CC(C4)CC(C5)C3)C67CC8CC(C7)CC(C8)C6)C(C(C)C)=CC(C(C)C)=C1)C,83.80386815
Brc1ccccn1,o1ccc(n1)c2ccccc2,CN(C)P(N(C)C)(N(C)C)=NP(N(C)C)(N(C)C)=NCC,CC(C)C1=CC(C(C)C)=CC(C(C)C)=C1C2=C(P(C(C)(C)C)C(C)(C)C)C(OC)=CC=C2OC,87.93113193
FC(F)(F)c1ccc(Cl)cc1,CCOC(=O)c1cnoc1C,CN(C)P(N(C)C)(N(C)C)=NP(N(C)C)(N(C)C)=NCC,CC(C)C1=CC(C(C)C)=CC(C(C)C)=C1C2=C(P(C3CCCCC3)C4CCCCC4)C=CC=C2,11.13292009
COc1ccc(Br)cc1,C(N(Cc1ccccc1)c2ccon2)c3ccccc3,CN1CCCN2CCCN=C12,CC(C)C1=CC(C(C)C)=CC(C(C)C)=C1C2=C(P(C3CCCCC3)C4CCCCC4)C=CC=C2,45.82883908
CCc1ccc(Br)cc1,Cc1ccon1,CN(C)P(N(C)C)(N(C)C)=NP(N(C)C)(N(C)C)=NCC,CC(C)C1=CC(C(C)C)=CC(C(C)C)=C1C2=C(P(C(C)(C)C)C(C)(C)C)C(OC)=CC=C2OC,68.29340203
CCc1ccc(Br)cc1,CCOC(=O)c1onc(C)c1,CN1CCCN2CCCN=C12,CC(C)C1=CC(C(C)C)=CC(C(C)C)=C1C2=C(P(C(C)(C)C)C(C)(C)C)C(OC)=CC=C2OC,72.38342011
COc1ccc(I)cc1,COC(=O)c1oncc1,CN(C)/C(N(C)C)=N\C(C)(C)C,CC(C)C1=CC(C(C)C)=CC(C(C)C)=C1C2=C(P(C3CCCCC3)C4CCCCC4)C=CC=C2,2.871965335
Ic1ccccn1,Fc1cccc(F)c1c2oncc2,CN(C)/C(N(C)C)=N\C(C)(C)C,CC(C)C(C=C(C(C)C)C=C1C(C)C)=C1C2=CC=CC=C2P(C(C)(C)C)C(C)(C)C,59.18255708
Clc1ccccn1,o1nccc1c2ccccc2,CN1CCCN2CCCN=C12,CC(C1=C(C2=C(OC)C=CC(OC)=C2P(C34CC5CC(C4)CC(C5)C3)C67CC8CC(C7)CC(C8)C6)C(C(C)C)=CC(C(C)C)=C1)C,68.0065648
COc1ccc(I)cc1,Cc1onc(c1)n2cccc2,CN(C)P(N(C)C)(N(C)C)=NP(N(C)C)(N(C)C)=NCC,CC(C1=C(C2=C(OC)C=CC(OC)=C2P(C34CC5CC(C4)CC(C5)C3)C67CC8CC(C7)CC(C8)C6)C(C(C)C)=CC(C(C)C)=C1)C,49.50904012
CCc1ccc(Cl)cc1,o1ccc(n1)c2ccccc2,CN1CCCN2CCCN=C12,CC(C)C(C=C(C(C)C)C=C1C(C)C)=C1C2=CC=CC=C2P(C(C)(C)C)C(C)(C)C,6.591475121
FC(F)(F)c1ccc(I)cc1,Cc1onc(C)c1,CN1CCCN2CCCN=C12,CC(C1=C(C2=C(OC)C=CC(OC)=C2P(C34CC5CC(C4)CC(C5)C3)C67CC8CC(C7)CC(C8)C6)C(C(C)C)=CC(C(C)C)=C1)C,47.09445645
COc1ccc(Br)cc1,COC(=O)c1cc(on1)c2sccc2,CN(C)P(N(C)C)(N(C)C)=NP(N(C)C)(N(C)C)=NCC,CC(C1=C(C2=C(OC)C=CC(OC)=C2P(C34CC5CC(C4)CC(C5)C3)C67CC8CC(C7)CC(C8)C6)C(C(C)C)=CC(C(C)C)=C1)C,27.61595801
Ic1ccccn1,o1nccc1c2ccccc2,CN1CCCN2CCCN=C12,CC(C)C1=CC(C(C)C)=CC(C(C)C)=C1C2=C(P(C(C)(C)C)C(C)(C)C)C(OC)=CC=C2OC,92.00324978
CCc1ccc(I)cc1,o1cc(cn1)c2ccccc2,CN(C)P(N(C)C)(N(C)C)=NP(N(C)C)(N(C)C)=NCC,CC(C)C1=CC(C(C)C)=CC(C(C)C)=C1C2=C(P(C3CCCCC3)C4CCCCC4)C=CC=C2,15.01178808
Clc1ccccn1,C(N(Cc1ccccc1)c2ccon2)c3ccccc3,CN(C)P(N(C)C)(N(C)C)=NP(N(C)C)(N(C)C)=NCC,CC(C)C1=CC(C(C)C)=CC(C(C)C)=C1C2=C(P(C3CCCCC3)C4CCCCC4)C=CC=C2,16.47592229
FC(F)(F)c1ccc(Br)cc1,Cc1cc(on1)c2ccccc2,CN(C)P(N(C)C)(N(C)C)=NP(N(C)C)(N(C)C)=NCC,CC(C)C1=CC(C(C)C)=CC(C(C)C)=C1C2=C(P(C(C)(C)C)C(C)(C)C)C(OC)=CC=C2OC,24.60563466
CCc1ccc(Cl)cc1,o1nccc1c2ccccc2,CN1CCCN2CCCN=C12,CC(C)C1=CC(C(C)C)=CC(C(C)C)=C1C2=C(P(C(C)(C)C)C(C)(C)C)C(OC)=CC=C2OC,0.0
COc1ccc(Br)cc1,o1cc(cn1)c2ccccc2,CN(C)/C(N(C)C)=N\C(C)(C)C,CC(C)C(C=C(C(C)C)C=C1C(C)C)=C1C2=CC=CC=C2P(C(C)(C)C)C(C)(C)C,47.2768797
Clc1cccnc1,CCOC(=O)c1conc1,CN1CCCN2CCCN=C12,CC(C)C1=CC(C(C)C)=CC(C(C)C)=C1C2=C(P(C3CCCCC3)C4CCCCC4)C=CC=C2,4.333466821
Ic1ccccn1,COC(=O)c1cc(on1)c2occc2,CN(C)/C(N(C)C)=N\C(C)(C)C,CC(C)C1=CC(C(C)C)=CC(C(C)C)=C1C2=C(P(C(C)(C)C)C(C)(C)C)C(OC)=CC=C2OC,61.80067802
FC(F)(F)c1ccc(Br)cc1,o1ccc(n1)c2ccccc2,CN1CCCN2CCCN=C12,CC(C)C(C=C(C(C)C)C=C1C(C)C)=C1C2=CC=CC=C2P(C(C)(C)C)C(C)(C)C,52.01896484
Ic1ccccn1,Cc1oncc1,CN(C)P(N(C)C)(N(C)C)=NP(N(C)C)(N(C)C)=NCC,CC(C)C(C=C(C(C)C)C=C1C(C)C)=C1C2=CC=CC=C2P(C(C)(C)C)C(C)(C)C,40.27887601
Clc1ccccn1,CCOC(=O)c1ccon1,CN1CCCN2CCCN=C12,CC(C)C1=CC(C(C)C)=CC(C(C)C)=C1C2=C(P(C(C)(C)C)C(C)(C)C)C(OC)=CC=C2OC,84.9300227
Clc1ccccn1,Cc1cc(on1)c2ccccc2,CN(C)P(N(C)C)(N(C)C)=NP(N(C)C)(N(C)C)=NCC,CC(C)C1=CC(C(C)C)=CC(C(C)C)=C1C2=C(P(C(C)(C)C)C(C)(C)C)C(OC)=CC=C2OC,80.28534176
FC(F)(F)c1ccc(Cl)cc1,o1cc(cn1)c2ccccc2,CN1CCCN2CCCN=C12,CC(C1=C(C2=C(OC)C=CC(OC)=C2P(C34CC5CC(C4)CC(C5)C3)C67CC8CC(C7)CC(C8)C6)C(C(C)C)=CC(C(C)C)=C1)C,20.59737033
Brc1cccnc1,o1nccc1c2ccccc2,CN(C)P(N(C)C)(N(C)C)=NP(N(C)C)(N(C)C)=NCC,CC(C)C1=CC(C(C)C)=CC(C(C)C)=C1C2=C(P(C3CCCCC3)C4CCCCC4)C=CC=C2,9.677591971
CCc1ccc(Br)cc1,o1ccc(n1)c2ccccc2,CN(C)/C(N(C)C)=N\C(C)(C)C,CC(C)C1=CC(C(C)C)=CC(C(C)C)=C1C2=C(P(C(C)(C)C)C(C)(C)C)C(OC)=CC=C2OC,73.58359974
FC(F)(F)c1ccc(I)cc1,o1cc(cn1)c2ccccc2,CN(C)P(N(C)C)(N(C)C)=NP(N(C)C)(N(C)C)=NCC,CC(C)C1=CC(C(C)C)=CC(C(C)C)=C1C2=C(P(C(C)(C)C)C(C)(C)C)C(OC)=CC=C2OC,12.65611523
COc1ccc(Br)cc1,CCOC(=O)c1cc(C)on1,CN(C)/C(N(C)C)=N\C(C)(C)C,CC(C1=C(C2=C(OC)C=CC(OC)=C2P(C34CC5CC(C4)CC(C5)C3)C67CC8CC(C7)CC(C8)C6)C(C(C)C)=CC(C(C)C)=C1)C,40.29418927
Ic1cccnc1,C(N(Cc1ccccc1)c2ccon2)c3ccccc3,CN(C)P(N(C)C)(N(C)C)=NP(N(C)C)(N(C)C)=NCC,CC(C1=C(C2=C(OC)C=CC(OC)=C2P(C34CC5CC(C4)CC(C5)C3)C67CC8CC(C7)CC(C8)C6)C(C(C)C)=CC(C(C)C)=C1)C,62.08187356
COc1ccc(Br)cc1,o1nccc1c2ccccc2,CN(C)P(N(C)C)(N(C)C)=NP(N(C)C)(N(C)C)=NCC,CC(C1=C(C2=C(OC)C=CC(OC)=C2P(C34CC5CC(C4)CC(C5)C3)C67CC8CC(C7)CC(C8)C6)C(C(C)C)=CC(C(C)C)=C1)C,12.29594301
CCc1ccc(Cl)cc1,CCOC(=O)c1cnoc1C,CN(C)P(N(C)C)(N(C)C)=NP(N(C)C)(N(C)C)=NCC,CC(C)C1=CC(C(C)C)=CC(C(C)C)=C1C2=C(P(C(C)(C)C)C(C)(C)C)C(OC)=CC=C2OC,8.038113026
Clc1cccnc1,Cc1cc(on1)c2ccccc2,CN1CCCN2CCCN=C12,CC(C)C1=CC(C(C)C)=CC(C(C)C)=C1C2=C(P(C(C)(C)C)C(C)(C)C)C(OC)=CC=C2OC,6.458217991
Clc1cccnc1,CCOC(=O)c1onc(C)c1,CN(C)/C(N(C)C)=N\C(C)(C)C,CC(C)C(C=C(C(C)C)C=C1C(C)C)=C1C2=CC=CC=C2P(C(C)(C)C)C(C)(C)C,3.149733367
Clc1ccccn1,COC(=O)c1cc(on1)c2occc2,CN(C)P(N(C)C)(N(C)C)=NP(N(C)C)(N(C)C)=NCC,CC(C1=C(C2=C(OC)C=CC(OC)=C2P(C34CC5CC(C4)CC(C5)C3)C67CC8CC(C7)CC(C8)C6)C(C(C)C)=CC(C(C)C)=C1)C,57.59970402
CCc1ccc(I)cc1,CCOC(=O)c1onc(C)c1,CN(C)P(N(C)C)(N(C)C)=NP(N(C)C)(N(C)C)=NCC,CC(C1=C(C2=C(OC)C=CC(OC)=C2P(C34CC5CC(C4)CC(C5)C3)C67CC8CC(C7)CC(C8)C6)C(C(C)C)=CC(C(C)C)=C1)C,72.46627889
COc1ccc(Br)cc1,CCOC(=O)c1conc1,CN(C)P(N(C)C)(N(C)C)=NP(N(C)C)(N(C)C)=NCC,CC(C)C1=CC(C(C)C)=CC(C(C)C)=C1C2=C(P(C(C)(C)C)C(C)(C)C)C(OC)=CC=C2OC,3.26158183
COc1ccc(I)cc1,Cc1cc(on1)c2ccccc2,CN1CCCN2CCCN=C12,CC(C)C(C=C(C(C)C)C=C1C(C)C)=C1C2=CC=CC=C2P(C(C)(C)C)C(C)(C)C,44.40779423
CCc1ccc(Cl)cc1,COC(=O)c1cc(on1)c2occc2,CN1CCCN2CCCN=C12,CC(C)C(C=C(C(C)C)C=C1C(C)C)=C1C2=CC=CC=C2P(C(C)(C)C)C(C)(C)C,0.609947969
COc1ccc(Cl)cc1,COC(=O)c1cc(on1)c2sccc2,CN1CCCN2CCCN=C12,CC(C)C1=CC(C(C)C)=CC(C(C)C)=C1C2=C(P(C(C)(C)C)C(C)(C)C)C(OC)=CC=C2OC,0.0
COc1ccc(Br)cc1,C(N(Cc1ccccc1)c2ccon2)c3ccccc3,CN(C)P(N(C)C)(N(C)C)=NP(N(C)C)(N(C)C)=NCC,CC(C)C1=CC(C(C)C)=CC(C(C)C)=C1C2=C(P(C3CCCCC3)C4CCCCC4)C=CC=C2,44.50757189
Brc1cccnc1,CCOC(=O)c1cnoc1C,CN1CCCN2CCCN=C12,CC(C)C1=CC(C(C)C)=CC(C(C)C)=C1C2=C(P(C3CCCCC3)C4CCCCC4)C=CC=C2,18.76658525
CCc1ccc(I)cc1,Cc1onc(C)c1,CN(C)P(N(C)C)(N(C)C)=NP(N(C)C)(N(C)C)=NCC,CC(C1=C(C2=C(OC)C=CC(OC)=C2P(C34CC5CC(C4)CC(C5)C3)C67CC8CC(C7)CC(C8)C6)C(C(C)C)=CC(C(C)C)=C1)C,68.3339655
COc1ccc(Cl)cc1,COC(=O)c1cc(on1)c2sccc2,CN(C)P(N(C)C)(N(C)C)=NP(N(C)C)(N(C)C)=NCC,CC(C1=C(C2=C(OC)C=CC(OC)=C2P(C34CC5CC(C4)CC(C5)C3)C67CC8CC(C7)CC(C8)C6)C(C(C)C)=CC(C(C)C)=C1)C,0.0
FC(F)(F)c1ccc(Br)cc1,COC(=O)c1cc(on1)c2occc2,CN(C)/C(N(C)C)=N\C(C)(C)C,CC(C)C1=CC(C(C)C)=CC(C(C)C)=C1C2=C(P(C(C)(C)C)C(C)(C)C)C(OC)=CC=C2OC,36.39098731
Clc1cccnc1,o1cc(cn1)c2ccccc2,CN(C)P(N(C)C)(N(C)C)=NP(N(C)C)(N(C)C)=NCC,CC(C)C1=CC(C(C)C)=CC(C(C)C)=C1C2=C(P(C3CCCCC3)C4CCCCC4)C=CC=C2,61.68885211
Brc1cccnc1,C(N(Cc1ccccc1)c2oncc2)c3ccccc3,CN(C)/C(N(C)C)=N\C(C)(C)C,CC(C)C1=CC(C(C)C)=CC(C(C)C)=C1C2=C(P(C(C)(C)C)C(C)(C)C)C(OC)=CC=C2OC,49.17268474
COc1ccc(Br)cc1,Fc1cccc(F)c1c2oncc2,CN(C)P(N(C)C)(N(C)C)=NP(N(C)C)(N(C)C)=NCC,CC(C)C1=CC(C(C)C)=CC(C(C)C)=C1C2=C(P(C(C)(C)C)C(C)(C)C)C(OC)=CC=C2OC,12.59161714
Brc1ccccn1,CCOC(=O)c1conc1,CN1CCCN2CCCN=C12,CC(C)C1=CC(C(C)C)=CC(C(C)C)=C1C2=C(P(C3CCCCC3)C4CCCCC4)C=CC=C2,11.85200713
COc1ccc(Br)cc1,Cc1ccon1,CN(C)P(N(C)C)(N(C)C)=NP(N(C)C)(N(C)C)=NCC,CC(C)C1=CC(C(C)C)=CC(C(C)C)=C1C2=C(P(C3CCCCC3)C4CCCCC4)C=CC=C2,28.77482765
Ic1ccccn1,Fc1cccc(F)c1c2oncc2,CN1CCCN2CCCN=C12,CC(C)C1=CC(C(C)C)=CC(C(C)C)=C1C2=C(P(C(C)(C)C)C(C)(C)C)C(OC)=CC=C2OC,83.94468409
FC(F)(F)c1ccc(Br)cc1,CCOC(=O)c1onc(C)c1,CN(C)P(N(C)C)(N(C)C)=NP(N(C)C)(N(C)C)=NCC,CC(C)C1=CC(C(C)C)=CC(C(C)C)=C1C2=C(P(C(C)(C)C)C(C)(C)C)C(OC)=CC=C2OC,28.35051675
CCc1ccc(I)cc1,C(N(Cc1ccccc1)c2oncc2)c3ccccc3,CN1CCCN2CCCN=C12,CC(C)C1=CC(C(C)C)=CC(C(C)C)=C1C2=C(P(C(C)(C)C)C(C)(C)C)C(OC)=CC=C2OC,72.345187
COc1ccc(Br)cc1,COC(=O)c1cc(on1)c2sccc2,CN(C)/C(N(C)C)=N\C(C)(C)C,CC(C1=C(C2=C(OC)C=CC(OC)=C2P(C34CC5CC(C4)CC(C5)C3)C67CC8CC(C7)CC(C8)C6)C(C(C)C)=CC(C(C)C)=C1)C,20.54633014
Brc1cccnc1,o1cc2ccccc2n1,CN(C)/C(N(C)C)=N\C(C)(C)C,CC(C)C(C=C(C(C)C)C=C1C(C)C)=C1C2=CC=CC=C2P(C(C)(C)C)C(C)(C)C,19.13564251
CCc1ccc(Br)cc1,o1nccc1c2ccccc2,CN(C)/C(N(C)C)=N\C(C)(C)C,CC(C1=C(C2=C(OC)C=CC(OC)=C2P(C34CC5CC(C4)CC(C5)C3)C67CC8CC(C7)CC(C8)C6)C(C(C)C)=CC(C(C)C)=C1)C,29.29795514
FC(F)(F)c1ccc(Br)cc1,CCOC(=O)c1ccon1,CN1CCCN2CCCN=C12,CC(C)C1=CC(C(C)C)=CC(C(C)C)=C1C2=C(P(C(C)(C)C)C(C)(C)C)C(OC)=CC=C2OC,38.46400948
FC(F)(F)c1ccc(Cl)cc1,CCOC(=O)c1cc(C)on1,CN(C)/C(N(C)C)=N\C(C)(C)C,CC(C)C1=CC(C(C)C)=CC(C(C)C)=C1C2=C(P(C3CCCCC3)C4CCCCC4)C=CC=C2,20.36096013
CCc1ccc(Br)cc1,o1nccc1c2ccccc2,CN(C)P(N(C)C)(N(C)C)=NP(N(C)C)(N(C)C)=NCC,CC(C)C(C=C(C(C)C)C=C1C(C)C)=C1C2=CC=CC=C2P(C(C)(C)C)C(C)(C)C,28.39231834
FC(F)(F)c1ccc(I)cc1,CCOC(=O)c1ccon1,CN(C)P(N(C)C)(N(C)C)=NP(N(C)C)(N(C)C)=NCC,CC(C)C1=CC(C(C)C)=CC(C(C)C)=C1C2=C(P(C(C)(C)C)C(C)(C)C)C(OC)=CC=C2OC,10.5253011
CCc1ccc(Cl)cc1,Cc1cc(on1)c2ccccc2,CN(C)P(N(C)C)(N(C)C)=NP(N(C)C)(N(C)C)=NCC,CC(C1=C(C2=C(OC)C=CC(OC)=C2P(C34CC5CC(C4)CC(C5)C3)C67CC8CC(C7)CC(C8)C6)C(C(C)C)=CC(C(C)C)=C1)C,0.0
CCc1ccc(I)cc1,CCOC(=O)c1cnoc1C,CN(C)P(N(C)C)(N(C)C)=NP(N(C)C)(N(C)C)=NCC,CC(C)C1=CC(C(C)C)=CC(C(C)C)=C1C2=C(P(C(C)(C)C)C(C)(C)C)C(OC)=CC=C2OC,30.46158728
COc1ccc(Br)cc1,o1ncc2ccccc12,CN(C)/C(N(C)C)=N\C(C)(C)C,CC(C)C1=CC(C(C)C)=CC(C(C)C)=C1C2=C(P(C3CCCCC3)C4CCCCC4)C=CC=C2,1.629425083
CCc1ccc(Br)cc1,Cc1onc(c1)n2cccc2,CN(C)P(N(C)C)(N(C)C)=NP(N(C)C)(N(C)C)=NCC,CC(C)C(C=C(C(C)C)C=C1C(C)C)=C1C2=CC=CC=C2P(C(C)(C)C)C(C)(C)C,66.1081674
Ic1cccnc1,C(N(Cc1ccccc1)c2oncc2)c3ccccc3,CN1CCCN2CCCN=C12,CC(C)C1=CC(C(C)C)=CC(C(C)C)=C1C2=C(P(C(C)(C)C)C(C)(C)C)C(OC)=CC=C2OC,81.55614964
Ic1cccnc1,o1ncc2ccccc12,CN(C)P(N(C)C)(N(C)C)=NP(N(C)C)(N(C)C)=NCC,CC(C)C(C=C(C(C)C)C=C1C(C)C)=C1C2=CC=CC=C2P(C(C)(C)C)C(C)(C)C,65.73471929
COc1ccc(Br)cc1,Cc1onc(c1)n2cccc2,CN(C)/C(N(C)C)=N\C(C)(C)C,CC(C1=C(C2=C(OC)C=CC(OC)=C2P(C34CC5CC(C4)CC(C5)C3)C67CC8CC(C7)CC(C8)C6)C(C(C)C)=CC(C(C)C)=C1)C,38.5633346
CCc1ccc(Cl)cc1,o1ncc2ccccc12,CN(C)/C(N(C)C)=N\C(C)(C)C,CC(C)C1=CC(C(C)C)=CC(C(C)C)=C1C2=C(P(C3CCCCC3)C4CCCCC4)C=CC=C2,2.570236026
Clc1cccnc1,C(N(Cc1ccccc1)c2ccon2)c3ccccc3,CN1CCCN2CCCN=C12,CC(C)C1=CC(C(C)C)=CC(C(C)C)=C1C2=C(P(C3CCCCC3)C4CCCCC4)C=CC=C2,7.65708472
Clc1ccccn1,CCOC(=O)c1onc(OC)c1,CN(C)P(N(C)C)(N(C)C)=NP(N(C)C)(N(C)C)=NCC,CC(C)C1=CC(C(C)C)=CC(C(C)C)=C1C2=C(P(C(C)(C)C)C(C)(C)C)C(OC)=CC=C2OC,70.51359377
COc1ccc(Br)cc1,Cc1oncc1,CN1CCCN2CCCN=C12,CC(C)C1=CC(C(C)C)=CC(C(C)C)=C1C2=C(P(C3CCCCC3)C4CCCCC4)C=CC=C2,4.057606054
Brc1ccccn1,Fc1cccc(F)c1c2oncc2,CN(C)/C(N(C)C)=N\C(C)(C)C,CC(C)C1=CC(C(C)C)=CC(C(C)C)=C1C2=C(P(C3CCCCC3)C4CCCCC4)C=CC=C2,24.44251918
CCc1ccc(Cl)cc1,o1ccc(n1)c2ccccc2,CN(C)P(N(C)C)(N(C)C)=NP(N(C)C)(N(C)C)=NCC,CC(C)C1=CC(C(C)C)=CC(C(C)C)=C1C2=C(P(C3CCCCC3)C4CCCCC4)C=CC=C2,9.085602443
FC(F)(F)c1ccc(Cl)cc1,C(N(Cc1ccccc1)c2oncc2)c3ccccc3,CN1CCCN2CCCN=C12,CC(C)C1=CC(C(C)C)=CC(C(C)C)=C1C2=C(P(C(C)(C)C)C(C)(C)C)C(OC)=CC=C2OC,12.78962475
CCc1ccc(Cl)cc1,COC(=O)c1oncc1,CN(C)P(N(C)C)(N(C)C)=NP(N(C)C)(N(C)C)=NCC,CC(C)C1=CC(C(C)C)=CC(C(C)C)=C1C2=C(P(C(C)(C)C)C(C)(C)C)C(OC)=CC=C2OC,3.257714985
CCc1ccc(Br)cc1,Cc1onc(c1)n2cccc2,CN(C)P(N(C)C)(N(C)C)=NP(N(C)C)(N(C)C)=NCC,CC(C1=C(C2=C(OC)C=CC(OC)=C2P(C34CC5CC(C4)CC(C5)C3)C67CC8CC(C7)CC(C8)C6)C(C(C)C)=CC(C(C)C)=C1)C,67.14890203
COc1ccc(Cl)cc1,CCOC(=O)c1onc(C)c1,CN1CCCN2CCCN=C12,CC(C)C(C=C(C(C)C)C=C1C(C)C)=C1C2=CC=CC=C2P(C(C)(C)C)C(C)(C)C,0.0
FC(F)(F)c1ccc(Cl)cc1,Cc1ccon1,CN(C)/C(N(C)C)=N\C(C)(C)C,CC(C)C(C=C(C(C)C)C=C1C(C)C)=C1C2=CC=CC=C2P(C(C)(C)C)C(C)(C)C,34.30918762
Brc1cccnc1,C(N(Cc1ccccc1)c2ccon2)c3ccccc3,CN(C)/C(N(C)C)=N\C(C)(C)C,CC(C)C(C=C(C(C)C)C=C1C(C)C)=C1C2=CC=CC=C2P(C(C)(C)C)C(C)(C)C,60.65973957
Brc1ccccn1,C(N(Cc1ccccc1)c2ccon2)c3ccccc3,CN(C)P(N(C)C)(N(C)C)=NP(N(C)C)(N(C)C)=NCC,CC(C1=C(C2=C(OC)C=CC(OC)=C2P(C34CC5CC(C4)CC(C5)C3)C67CC8CC(C7)CC(C8)C6)C(C(C)C)=CC(C(C)C)=C1)C,75.95426954
CCc1ccc(I)cc1,CCOC(=O)c1cnoc1C,CN(C)/C(N(C)C)=N\C(C)(C)C,CC(C)C(C=C(C(C)C)C=C1C(C)C)=C1C2=CC=CC=C2P(C(C)(C)C)C(C)(C)C,41.96736477
CCc1ccc(I)cc1,Cc1onc(c1)n2cccc2,CN(C)P(N(C)C)(N(C)C)=NP(N(C)C)(N(C)C)=NCC,CC(C)C1=CC(C(C)C)=CC(C(C)C)=C1C2=C(P(C3CCCCC3)C4CCCCC4)C=CC=C2,67.69619533
Clc1ccccn1,CCOC(=O)c1conc1,CN(C)/C(N(C)C)=N\C(C)(C)C,CC(C)C1=CC(C(C)C)=CC(C(C)C)=C1C2=C(P(C(C)(C)C)C(C)(C)C)C(OC)=CC=C2OC,0.0
FC(F)(F)c1ccc(Cl)cc1,o1ncc2ccccc12,CN(C)P(N(C)C)(N(C)C)=NP(N(C)C)(N(C)C)=NCC,CC(C1=C(C2=C(OC)C=CC(OC)=C2P(C34CC5CC(C4)CC(C5)C3)C67CC8CC(C7)CC(C8)C6)C(C(C)C)=CC(C(C)C)=C1)C,8.62455294
Clc1cccnc1,Cc1onc(C)c1,CN1CCCN2CCCN=C12,CC(C)C1=CC(C(C)C)=CC(C(C)C)=C1C2=C(P(C(C)(C)C)C(C)(C)C)C(OC)=CC=C2OC,20.99661905
Brc1ccccn1,C(N(Cc1ccccc1)c2ccon2)c3ccccc3,CN(C)/C(N(C)C)=N\C(C)(C)C,CC(C)C1=CC(C(C)C)=CC(C(C)C)=C1C2=C(P(C(C)(C)C)C(C)(C)C)C(OC)=CC=C2OC,59.21092574
FC(F)(F)c1ccc(Cl)cc1,Cc1onc(c1)n2cccc2,CN(C)P(N(C)C)(N(C)C)=NP(N(C)C)(N(C)C)=NCC,CC(C)C(C=C(C(C)C)C=C1C(C)C)=C1C2=CC=CC=C2P(C(C)(C)C)C(C)(C)C,30.59884697
FC(F)(F)c1ccc(I)cc1,COC(=O)c1cc(on1)c2occc2,CN(C)/C(N(C)C)=N\C(C)(C)C,CC(C)C(C=C(C(C)C)C=C1C(C)C)=C1C2=CC=CC=C2P(C(C)(C)C)C(C)(C)C,36.58867026
COc1ccc(I)cc1,COC(=O)c1cc(on1)c2sccc2,CN(C)/C(N(C)C)=N\C(C)(C)C,CC(C)C(C=C(C(C)C)C=C1C(C)C)=C1C2=CC=CC=C2P(C(C)(C)C)C(C)(C)C,32.8144383
Brc1cccnc1,o1cc2ccccc2n1,CN1CCCN2CCCN=C12,CC(C)C(C=C(C(C)C)C=C1C(C)C)=C1C2=CC=CC=C2P(C(C)(C)C)C(C)(C)C,46.74806516
CCc1ccc(I)cc1,CCOC(=O)c1ccon1,CN1CCCN2CCCN=C12,CC(C)C(C=C(C(C)C)C=C1C(C)C)=C1C2=CC=CC=C2P(C(C)(C)C)C(C)(C)C,74.44046437
COc1ccc(Cl)cc1,o1nccc1c2ccccc2,CN(C)P(N(C)C)(N(C)C)=NP(N(C)C)(N(C)C)=NCC,CC(C)C1=CC(C(C)C)=CC(C(C)C)=C1C2=C(P(C(C)(C)C)C(C)(C)C)C(OC)=CC=C2OC,1.022402294
Ic1ccccn1,CCOC(=O)c1onc(C)c1,CN(C)/C(N(C)C)=N\C(C)(C)C,CC(C)C1=CC(C(C)C)=CC(C(C)C)=C1C2=C(P(C3CCCCC3)C4CCCCC4)C=CC=C2,59.4767437
Clc1cccnc1,Cc1oncc1,CN(C)P(N(C)C)(N(C)C)=NP(N(C)C)(N(C)C)=NCC,CC(C)C1=CC(C(C)C)=CC(C(C)C)=C1C2=C(P(C3CCCCC3)C4CCCCC4)C=CC=C2,9.474964289
COc1ccc(Br)cc1,CCOC(=O)c1cc(C)on1,CN1CCCN2CCCN=C12,CC(C)C1=CC(C(C)C)=CC(C(C)C)=C1C2=C(P(C(C)(C)C)C(C)(C)C)C(OC)=CC=C2OC,47.14534203
Brc1cccnc1,o1cc(cn1)c2ccccc2,CN1CCCN2CCCN=C12,CC(C)C1=CC(C(C)C)=CC(C(C)C)=C1C2=C(P(C3CCCCC3)C4CCCCC4)C=CC=C2,20.11332693
FC(F)(F)c1ccc(I)cc1,C(N(Cc1ccccc1)c2oncc2)c3ccccc3,CN(C)P(N(C)C)(N(C)C)=NP(N(C)C)(N(C)C)=NCC,CC(C1=C(C2=C(OC)C=CC(OC)=C2P(C34CC5CC(C4)CC(C5)C3)C67CC8CC(C7)CC(C8)C6)C(C(C)C)=CC(C(C)C)=C1)C,28.85136629
FC(F)(F)c1ccc(Br)cc1,COC(=O)c1cc(on1)c2occc2,CN1CCCN2CCCN=C12,CC(C)C(C=C(C(C)C)C=C1C(C)C)=C1C2=CC=CC=C2P(C(C)(C)C)C(C)(C)C,40.36775448
CCc1ccc(I)cc1,COC(=O)c1cc(on1)c2occc2,CN(C)P(N(C)C)(N(C)C)=NP(N(C)C)(N(C)C)=NCC,CC(C)C1=CC(C(C)C)=CC(C(C)C)=C1C2=C(P(C3CCCCC3)C4CCCCC4)C=CC=C2,47.36333704
Ic1cccnc1,Fc1cccc(F)c1c2oncc2,CN(C)P(N(C)C)(N(C)C)=NP(N(C)C)(N(C)C)=NCC,CC(C)C1=CC(C(C)C)=CC(C(C)C)=C1C2=C(P(C(C)(C)C)C(C)(C)C)C(OC)=CC=C2OC,19.90695412
COc1ccc(I)cc1,Cc1cc(on1)c2ccccc2,CN(C)/C(N(C)C)=N\C(C)(C)C,CC(C)C1=CC(C(C)C)=CC(C(C)C)=C1C2=C(P(C3CCCCC3)C4CCCCC4)C=CC=C2,17.72318391
Ic1cccnc1,CCOC(=O)c1conc1,CN1CCCN2CCCN=C12,CC(C)C1=CC(C(C)C)=CC(C(C)C)=C1C2=C(P(C(C)(C)C)C(C)(C)C)C(OC)=CC=C2OC,33.39106531
Brc1cccnc1,COC(=O)c1oncc1,CN(C)P(N(C)C)(N(C)C)=NP(N(C)C)(N(C)C)=NCC,CC(C1=C(C2=C(OC)C=CC(OC)=C2P(C34CC5CC(C4)CC(C5)C3)C67CC8CC(C7)CC(C8)C6)C(C(C)C)=CC(C(C)C)=C1)C,8.862814974
Clc1ccccn1,C(N(Cc1ccccc1)c2oncc2)c3ccccc3,CN(C)/C(N(C)C)=N\C(C)(C)C,CC(C1=C(C2=C(OC)C=CC(OC)=C2P(C34CC5CC(C4)CC(C5)C3)C67CC8CC(C7)CC(C8)C6)C(C(C)C)=CC(C(C)C)=C1)C,20.49711258
COc1ccc(Br)cc1,Cc1oncc1,CN(C)P(N(C)C)(N(C)C)=NP(N(C)C)(N(C)C)=NCC,CC(C)C(C=C(C(C)C)C=C1C(C)C)=C1C2=CC=CC=C2P(C(C)(C)C)C(C)(C)C,16.4358293
FC(F)(F)c1ccc(Br)cc1,CCOC(=O)c1cc(C)on1,CN1CCCN2CCCN=C12,CC(C1=C(C2=C(OC)C=CC(OC)=C2P(C34CC5CC(C4)CC(C5)C3)C67CC8CC(C7)CC(C8)C6)C(C(C)C)=CC(C(C)C)=C1)C,52.13571621
FC(F)(F)c1ccc(I)cc1,CCOC(=O)c1cc(C)on1,CN(C)/C(N(C)C)=N\C(C)(C)C,CC(C)C1=CC(C(C)C)=CC(C(C)C)=C1C2=C(P(C(C)(C)C)C(C)(C)C)C(OC)=CC=C2OC,47.5989822
COc1ccc(Br)cc1,Cc1onc(C)c1,CN1CCCN2CCCN=C12,CC(C)C1=CC(C(C)C)=CC(C(C)C)=C1C2=C(P(C(C)(C)C)C(C)(C)C)C(OC)=CC=C2OC,52.14134094
CCc1ccc(Cl)cc1,o1ncc2ccccc12,CN(C)P(N(C)C)(N(C)C)=NP(N(C)C)(N(C)C)=NCC,CC(C1=C(C2=C(OC)C=CC(OC)=C2P(C34CC5CC(C4)CC(C5)C3)C67CC8CC(C7)CC(C8)C6)C(C(C)C)=CC(C(C)C)=C1)C,1.999177844
COc1ccc(Cl)cc1,o1ncc2ccccc12,CN1CCCN2CCCN=C12,CC(C)C1=CC(C(C)C)=CC(C(C)C)=C1C2=C(P(C3CCCCC3)C4CCCCC4)C=CC=C2,0.0
Brc1ccccn1,Cc1onc(c1)n2cccc2,CN(C)/C(N(C)C)=N\C(C)(C)C,CC(C)C(C=C(C(C)C)C=C1C(C)C)=C1C2=CC=CC=C2P(C(C)(C)C)C(C)(C)C,61.25906652
COc1ccc(Cl)cc1,CCOC(=O)c1onc(C)c1,CN1CCCN2CCCN=C12,CC(C)C1=CC(C(C)C)=CC(C(C)C)=C1C2=C(P(C(C)(C)C)C(C)(C)C)C(OC)=CC=C2OC,0.0
CCc1ccc(Br)cc1,COC(=O)c1cc(on1)c2sccc2,CN(C)P(N(C)C)(N(C)C)=NP(N(C)C)(N(C)C)=NCC,CC(C1=C(C2=C(OC)C=CC(OC)=C2P(C34CC5CC(C4)CC(C5)C3)C67CC8CC(C7)CC(C8)C6)C(C(C)C)=CC(C(C)C)=C1)C,49.88008869
COc1ccc(Br)cc1,Cc1onc(C)c1,CN(C)P(N(C)C)(N(C)C)=NP(N(C)C)(N(C)C)=NCC,CC(C1=C(C2=C(OC)C=CC(OC)=C2P(C34CC5CC(C4)CC(C5)C3)C67CC8CC(C7)CC(C8)C6)C(C(C)C)=CC(C(C)C)=C1)C,45.98289688
COc1ccc(I)cc1,Cc1ccon1,CN(C)/C(N(C)C)=N\C(C)(C)C,CC(C1=C(C2=C(OC)C=CC(OC)=C2P(C34CC5CC(C4)CC(C5)C3)C67CC8CC(C7)CC(C8)C6)C(C(C)C)=CC(C(C)C)=C1)C,53.38444046
COc1ccc(I)cc1,o1ccc(n1)c2ccccc2,CN(C)P(N(C)C)(N(C)C)=NP(N(C)C)(N(C)C)=NCC,CC(C)C1=CC(C(C)C)=CC(C(C)C)=C1C2=C(P(C3CCCCC3)C4CCCCC4)C=CC=C2,14.36693621
Clc1ccccn1,CCOC(=O)c1cc(C)on1,CN(C)/C(N(C)C)=N\C(C)(C)C,CC(C1=C(C2=C(OC)C=CC(OC)=C2P(C34CC5CC(C4)CC(C5)C3)C67CC8CC(C7)CC(C8)C6)C(C(C)C)=CC(C(C)C)=C1)C,45.30738516
COc1ccc(I)cc1,Cc1onc(c1)n2cccc2,CN(C)P(N(C)C)(N(C)C)=NP(N(C)C)(N(C)C)=NCC,CC(C)C1=CC(C(C)C)=CC(C(C)C)=C1C2=C(P(C(C)(C)C)C(C)(C)C)C(OC)=CC=C2OC,45.17206702
FC(F)(F)c1ccc(I)cc1,COC(=O)c1cc(on1)c2occc2,CN(C)/C(N(C)C)=N\C(C)(C)C,CC(C)C1=CC(C(C)C)=CC(C(C)C)=C1C2=C(P(C3CCCCC3)C4CCCCC4)C=CC=C2,26.99117029
CCc1ccc(I)cc1,Cc1oncc1,CN(C)P(N(C)C)(N(C)C)=NP(N(C)C)(N(C)C)=NCC,CC(C)C1=CC(C(C)C)=CC(C(C)C)=C1C2=C(P(C3CCCCC3)C4CCCCC4)C=CC=C2,18.40781284
Brc1ccccn1,C(N(Cc1ccccc1)c2oncc2)c3ccccc3,CN(C)/C(N(C)C)=N\C(C)(C)C,CC(C)C1=CC(C(C)C)=CC(C(C)C)=C1C2=C(P(C(C)(C)C)C(C)(C)C)C(OC)=CC=C2OC,38.06656269
Ic1ccccn1,COC(=O)c1cc(on1)c2sccc2,CN1CCCN2CCCN=C12,CC(C1=C(C2=C(OC)C=CC(OC)=C2P(C34CC5CC(C4)CC(C5)C3)C67CC8CC(C7)CC(C8)C6)C(C(C)C)=CC(C(C)C)=C1)C,86.23315653
Ic1cccnc1,CCOC(=O)c1ccon1,CN(C)P(N(C)C)(N(C)C)=NP(N(C)C)(N(C)C)=NCC,CC(C)C1=CC(C(C)C)=CC(C(C)C)=C1C2=C(P(C3CCCCC3)C4CCCCC4)C=CC=C2,0.0
Brc1cccnc1,C(N(Cc1ccccc1)c2oncc2)c3ccccc3,CN(C)P(N(C)C)(N(C)C)=NP(N(C)C)(N(C)C)=NCC,CC(C1=C(C2=C(OC)C=CC(OC)=C2P(C34CC5CC(C4)CC(C5)C3)C67CC8CC(C7)CC(C8)C6)C(C(C)C)=CC(C(C)C)=C1)C,52.20286143
Ic1cccnc1,Cc1ccon1,CN(C)/C(N(C)C)=N\C(C)(C)C,CC(C)C(C=C(C(C)C)C=C1C(C)C)=C1C2=CC=CC=C2P(C(C)(C)C)C(C)(C)C,86.971127
COc1ccc(Cl)cc1,Cc1cc(on1)c2ccccc2,CN(C)/C(N(C)C)=N\C(C)(C)C,CC(C)C(C=C(C(C)C)C=C1C(C)C)=C1C2=CC=CC=C2P(C(C)(C)C)C(C)(C)C,0.719285108
COc1ccc(I)cc1,CCOC(=O)c1ccon1,CN(C)P(N(C)C)(N(C)C)=NP(N(C)C)(N(C)C)=NCC,CC(C)C(C=C(C(C)C)C=C1C(C)C)=C1C2=CC=CC=C2P(C(C)(C)C)C(C)(C)C,2.97427716
Clc1cccnc1,Cc1onc(c1)n2cccc2,CN(C)P(N(C)C)(N(C)C)=NP(N(C)C)(N(C)C)=NCC,CC(C)C(C=C(C(C)C)C=C1C(C)C)=C1C2=CC=CC=C2P(C(C)(C)C)C(C)(C)C,52.55158103
FC(F)(F)c1ccc(Br)cc1,CCOC(=O)c1onc(OC)c1,CN(C)/C(N(C)C)=N\C(C)(C)C,CC(C1=C(C2=C(OC)C=CC(OC)=C2P(C34CC5CC(C4)CC(C5)C3)C67CC8CC(C7)CC(C8)C6)C(C(C)C)=CC(C(C)C)=C1)C,26.24845362
COc1ccc(I)cc1,Cc1onc(C)c1,CN(C)P(N(C)C)(N(C)C)=NP(N(C)C)(N(C)C)=NCC,CC(C)C1=CC(C(C)C)=CC(C(C)C)=C1C2=C(P(C(C)(C)C)C(C)(C)C)C(OC)=CC=C2OC,48.36396181
COc1ccc(I)cc1,COC(=O)c1oncc1,CN(C)/C(N(C)C)=N\C(C)(C)C,CC(C)C(C=C(C(C)C)C=C1C(C)C)=C1C2=CC=CC=C2P(C(C)(C)C)C(C)(C)C,35.19969401
CCc1ccc(Br)cc1,CCOC(=O)c1onc(OC)c1,CN(C)P(N(C)C)(N(C)C)=NP(N(C)C)(N(C)C)=NCC,CC(C)C1=CC(C(C)C)=CC(C(C)C)=C1C2=C(P(C(C)(C)C)C(C)(C)C)C(OC)=CC=C2OC,54.39040243
Ic1cccnc1,Cc1cc(on1)c2ccccc2,CN(C)/C(N(C)C)=N\C(C)(C)C,CC(C1=C(C2=C(OC)C=CC(OC)=C2P(C34CC5CC(C4)CC(C5)C3)C67CC8CC(C7)CC(C8)C6)C(C(C)C)=CC(C(C)C)=C1)C,64.80074025
CCc1ccc(I)cc1,CCOC(=O)c1onc(C)c1,CN1CCCN2CCCN=C12,CC(C)C1=CC(C(C)C)=CC(C(C)C)=C1C2=C(P(C3CCCCC3)C4CCCCC4)C=CC=C2,68.84449525
FC(F)(F)c1ccc(I)cc1,Cc1cc(on1)c2ccccc2,CN(C)P(N(C)C)(N(C)C)=NP(N(C)C)(N(C)C)=NCC,CC(C1=C(C2=C(OC)C=CC(OC)=C2P(C34CC5CC(C4)CC(C5)C3)C67CC8CC(C7)CC(C8)C6)C(C(C)C)=CC(C(C)C)=C1)C,29.68665622
COc1ccc(I)cc1,o1nccc1c2ccccc2,CN(C)/C(N(C)C)=N\C(C)(C)C,CC(C)C1=CC(C(C)C)=CC(C(C)C)=C1C2=C(P(C3CCCCC3)C4CCCCC4)C=CC=C2,7.024622197
FC(F)(F)c1ccc(Br)cc1,CCOC(=O)c1cnoc1C,CN(C)/C(N(C)C)=N\C(C)(C)C,CC(C)C1=CC(C(C)C)=CC(C(C)C)=C1C2=C(P(C(C)(C)C)C(C)(C)C)C(OC)=CC=C2OC,7.316239252
CCc1ccc(Br)cc1,Cc1onc(C)c1,CN1CCCN2CCCN=C12,CC(C)C1=CC(C(C)C)=CC(C(C)C)=C1C2=C(P(C(C)(C)C)C(C)(C)C)C(OC)=CC=C2OC,75.03674068
COc1ccc(Cl)cc1,o1cc(cn1)c2ccccc2,CN1CCCN2CCCN=C12,CC(C1=C(C2=C(OC)C=CC(OC)=C2P(C34CC5CC(C4)CC(C5)C3)C67CC8CC(C7)CC(C8)C6)C(C(C)C)=CC(C(C)C)=C1)C,2.018550488
COc1ccc(I)cc1,Cc1onc(C)c1,CN(C)P(N(C)C)(N(C)C)=NP(N(C)C)(N(C)C)=NCC,CC(C1=C(C2=C(OC)C=CC(OC)=C2P(C34CC5CC(C4)CC(C5)C3)C67CC8CC(C7)CC(C8)C6)C(C(C)C)=CC(C(C)C)=C1)C,46.93920076
COc1ccc(Cl)cc1,C(N(Cc1ccccc1)c2oncc2)c3ccccc3,CN(C)P(N(C)C)(N(C)C)=NP(N(C)C)(N(C)C)=NCC,CC(C1=C(C2=C(OC)C=CC(OC)=C2P(C34CC5CC(C4)CC(C5)C3)C67CC8CC(C7)CC(C8)C6)C(C(C)C)=CC(C(C)C)=C1)C,0.979807222
CCc1ccc(I)cc1,Cc1oncc1,CN(C)/C(N(C)C)=N\C(C)(C)C,CC(C)C1=CC(C(C)C)=CC(C(C)C)=C1C2=C(P(C3CCCCC3)C4CCCCC4)C=CC=C2,28.15132537
CCc1ccc(Cl)cc1,o1ccc(n1)c2ccccc2,CN1CCCN2CCCN=C12,CC(C)C1=CC(C(C)C)=CC(C(C)C)=C1C2=C(P(C(C)(C)C)C(C)(C)C)C(OC)=CC=C2OC,9.034825048
FC(F)(F)c1ccc(Cl)cc1,COC(=O)c1cc(on1)c2occc2,CN(C)P(N(C)C)(N(C)C)=NP(N(C)C)(N(C)C)=NCC,CC(C1=C(C2=C(OC)C=CC(OC)=C2P(C34CC5CC(C4)CC(C5)C3)C67CC8CC(C7)CC(C8)C6)C(C(C)C)=CC(C(C)C)=C1)C,1.252505333
Clc1cccnc1,Cc1onc(c1)n2cccc2,CN1CCCN2CCCN=C12,CC(C)C1=CC(C(C)C)=CC(C(C)C)=C1C2=C(P(C(C)(C)C)C(C)(C)C)C(OC)=CC=C2OC,21.70039266
Clc1cccnc1,C(N(Cc1ccccc1)c2oncc2)c3ccccc3,CN(C)/C(N(C)C)=N\C(C)(C)C,CC(C1=C(C2=C(OC)C=CC(OC)=C2P(C34CC5CC(C4)CC(C5)C3)C67CC8CC(C7)CC(C8)C6)C(C(C)C)=CC(C(C)C)=C1)C,2.039001868
COc1ccc(Cl)cc1,o1ccc(n1)c2ccccc2,CN(C)/C(N(C)C)=N\C(C)(C)C,CC(C)C(C=C(C(C)C)C=C1C(C)C)=C1C2=CC=CC=C2P(C(C)(C)C)C(C)(C)C,1.102452884
COc1ccc(Cl)cc1,Cc1oncc1,CN(C)/C(N(C)C)=N\C(C)(C)C,CC(C)C1=CC(C(C)C)=CC(C(C)C)=C1C2=C(P(C(C)(C)C)C(C)(C)C)C(OC)=CC=C2OC,0.0
FC(F)(F)c1ccc(I)cc1,Cc1cc(on1)c2ccccc2,CN(C)P(N(C)C)(N(C)C)=NP(N(C)C)(N(C)C)=NCC,CC(C)C1=CC(C(C)C)=CC(C(C)C)=C1C2=C(P(C3CCCCC3)C4CCCCC4)C=CC=C2,42.71521565
Clc1cccnc1,C(N(Cc1ccccc1)c2oncc2)c3ccccc3,CN(C)/C(N(C)C)=N\C(C)(C)C,CC(C)C(C=C(C(C)C)C=C1C(C)C)=C1C2=CC=CC=C2P(C(C)(C)C)C(C)(C)C,2.249906301
FC(F)(F)c1ccc(Br)cc1,o1ncc2ccccc12,CN(C)/C(N(C)C)=N\C(C)(C)C,CC(C)C(C=C(C(C)C)C=C1C(C)C)=C1C2=CC=CC=C2P(C(C)(C)C)C(C)(C)C,28.59018557
Ic1ccccn1,Cc1ccon1,CN(C)P(N(C)C)(N(C)C)=NP(N(C)C)(N(C)C)=NCC,CC(C)C1=CC(C(C)C)=CC(C(C)C)=C1C2=C(P(C(C)(C)C)C(C)(C)C)C(OC)=CC=C2OC,92.90401218
COc1ccc(Br)cc1,CCOC(=O)c1ccon1,CN1CCCN2CCCN=C12,CC(C1=C(C2=C(OC)C=CC(OC)=C2P(C34CC5CC(C4)CC(C5)C3)C67CC8CC(C7)CC(C8)C6)C(C(C)C)=CC(C(C)C)=C1)C,47.61178197
Clc1ccccn1,CCOC(=O)c1onc(OC)c1,CN(C)/C(N(C)C)=N\C(C)(C)C,CC(C)C1=CC(C(C)C)=CC(C(C)C)=C1C2=C(P(C(C)(C)C)C(C)(C)C)C(OC)=CC=C2OC,55.58164705
CCc1ccc(Br)cc1,o1cc(cn1)c2ccccc2,CN(C)P(N(C)C)(N(C)C)=NP(N(C)C)(N(C)C)=NCC,CC(C1=C(C2=C(OC)C=CC(OC)=C2P(C34CC5CC(C4)CC(C5)C3)C67CC8CC(C7)CC(C8)C6)C(C(C)C)=CC(C(C)C)=C1)C,23.31600153
Clc1cccnc1,C(N(Cc1ccccc1)c2oncc2)c3ccccc3,CN(C)P(N(C)C)(N(C)C)=NP(N(C)C)(N(C)C)=NCC,CC(C)C1=CC(C(C)C)=CC(C(C)C)=C1C2=C(P(C3CCCCC3)C4CCCCC4)C=CC=C2,7.007309831
CCc1ccc(I)cc1,C(N(Cc1ccccc1)c2ccon2)c3ccccc3,CN(C)/C(N(C)C)=N\C(C)(C)C,CC(C)C1=CC(C(C)C)=CC(C(C)C)=C1C2=C(P(C3CCCCC3)C4CCCCC4)C=CC=C2,29.29928272
Ic1ccccn1,o1cc(cn1)c2ccccc2,CN1CCCN2CCCN=C12,CC(C)C(C=C(C(C)C)C=C1C(C)C)=C1C2=CC=CC=C2P(C(C)(C)C)C(C)(C)C,99.99999
COc1ccc(Cl)cc1,Fc1cccc(F)c1c2oncc2,CN(C)/C(N(C)C)=N\C(C)(C)C,CC(C)C(C=C(C(C)C)C=C1C(C)C)=C1C2=CC=CC=C2P(C(C)(C)C)C(C)(C)C,0.0
Ic1ccccn1,o1cc(cn1)c2ccccc2,CN(C)P(N(C)C)(N(C)C)=NP(N(C)C)(N(C)C)=NCC,CC(C)C(C=C(C(C)C)C=C1C(C)C)=C1C2=CC=CC=C2P(C(C)(C)C)C(C)(C)C,40.08669181
COc1ccc(Cl)cc1,COC(=O)c1cc(on1)c2sccc2,CN(C)P(N(C)C)(N(C)C)=NP(N(C)C)(N(C)C)=NCC,CC(C)C1=CC(C(C)C)=CC(C(C)C)=C1C2=C(P(C3CCCCC3)C4CCCCC4)C=CC=C2,0.0
CCc1ccc(Cl)cc1,Fc1cccc(F)c1c2oncc2,CN(C)/C(N(C)C)=N\C(C)(C)C,CC(C)C1=CC(C(C)C)=CC(C(C)C)=C1C2=C(P(C(C)(C)C)C(C)(C)C)C(OC)=CC=C2OC,1.993041801
Brc1ccccn1,COC(=O)c1cc(on1)c2sccc2,CN(C)P(N(C)C)(N(C)C)=NP(N(C)C)(N(C)C)=NCC,CC(C1=C(C2=C(OC)C=CC(OC)=C2P(C34CC5CC(C4)CC(C5)C3)C67CC8CC(C7)CC(C8)C6)C(C(C)C)=CC(C(C)C)=C1)C,66.42814295
COc1ccc(I)cc1,o1ccc(n1)c2ccccc2,CN1CCCN2CCCN=C12,CC(C)C1=CC(C(C)C)=CC(C(C)C)=C1C2=C(P(C(C)(C)C)C(C)(C)C)C(OC)=CC=C2OC,44.26066466
CCc1ccc(Br)cc1,Cc1ccon1,CN(C)/C(N(C)C)=N\C(C)(C)C,CC(C)C1=CC(C(C)C)=CC(C(C)C)=C1C2=C(P(C(C)(C)C)C(C)(C)C)C(OC)=CC=C2OC,77.66498135
CCc1ccc(Cl)cc1,CCOC(=O)c1conc1,CN(C)P(N(C)C)(N(C)C)=NP(N(C)C)(N(C)C)=NCC,CC(C1=C(C2=C(OC)C=CC(OC)=C2P(C34CC5CC(C4)CC(C5)C3)C67CC8CC(C7)CC(C8)C6)C(C(C)C)=CC(C(C)C)=C1)C,0.0
COc1ccc(I)cc1,Cc1onc(c1)n2cccc2,CN(C)P(N(C)C)(N(C)C)=NP(N(C)C)(N(C)C)=NCC,CC(C)C1=CC(C(C)C)=CC(C(C)C)=C1C2=C(P(C3CCCCC3)C4CCCCC4)C=CC=C2,47.37967992
Brc1ccccn1,Cc1oncc1,CN(C)P(N(C)C)(N(C)C)=NP(N(C)C)(N(C)C)=NCC,CC(C)C(C=C(C(C)C)C=C1C(C)C)=C1C2=CC=CC=C2P(C(C)(C)C)C(C)(C)C,38.88072897
COc1ccc(Cl)cc1,CCOC(=O)c1onc(C)c1,CN1CCCN2CCCN=C12,CC(C1=C(C2=C(OC)C=CC(OC)=C2P(C34CC5CC(C4)CC(C5)C3)C67CC8CC(C7)CC(C8)C6)C(C(C)C)=CC(C(C)C)=C1)C,0.0
CCc1ccc(Br)cc1,Cc1cc(on1)c2ccccc2,CN1CCCN2CCCN=C12,CC(C)C1=CC(C(C)C)=CC(C(C)C)=C1C2=C(P(C(C)(C)C)C(C)(C)C)C(OC)=CC=C2OC,70.7141131
FC(F)(F)c1ccc(Br)cc1,Fc1cccc(F)c1c2oncc2,CN(C)P(N(C)C)(N(C)C)=NP(N(C)C)(N(C)C)=NCC,CC(C)C(C=C(C(C)C)C=C1C(C)C)=C1C2=CC=CC=C2P(C(C)(C)C)C(C)(C)C,16.79477369
CCc1ccc(Br)cc1,o1nccc1c2ccccc2,CN(C)P(N(C)C)(N(C)C)=NP(N(C)C)(N(C)C)=NCC,CC(C)C1=CC(C(C)C)=CC(C(C)C)=C1C2=C(P(C(C)(C)C)C(C)(C)C)C(OC)=CC=C2OC,19.47378974
COc1ccc(Cl)cc1,o1ccc(n1)c2ccccc2,CN(C)P(N(C)C)(N(C)C)=NP(N(C)C)(N(C)C)=NCC,CC(C1=C(C2=C(OC)C=CC(OC)=C2P(C34CC5CC(C4)CC(C5)C3)C67CC8CC(C7)CC(C8)C6)C(C(C)C)=CC(C(C)C)=C1)C,1.262424529
COc1ccc(Br)cc1,CCOC(=O)c1conc1,CN(C)/C(N(C)C)=N\C(C)(C)C,CC(C)C(C=C(C(C)C)C=C1C(C)C)=C1C2=CC=CC=C2P(C(C)(C)C)C(C)(C)C,0.74784749
COc1ccc(I)cc1,COC(=O)c1oncc1,CN1CCCN2CCCN=C12,CC(C)C1=CC(C(C)C)=CC(C(C)C)=C1C2=C(P(C3CCCCC3)C4CCCCC4)C=CC=C2,3.936030958
FC(F)(F)c1ccc(Br)cc1,o1cc(cn1)c2ccccc2,CN1CCCN2CCCN=C12,CC(C)C1=CC(C(C)C)=CC(C(C)C)=C1C2=C(P(C3CCCCC3)C4CCCCC4)C=CC=C2,20.96272395
FC(F)(F)c1ccc(Cl)cc1,Cc1oncc1,CN(C)P(N(C)C)(N(C)C)=NP(N(C)C)(N(C)C)=NCC,CC(C)C1=CC(C(C)C)=CC(C(C)C)=C1C2=C(P(C(C)(C)C)C(C)(C)C)C(OC)=CC=C2OC,3.167837071
CCc1ccc(I)cc1,o1ccc(n1)c2ccccc2,CN(C)P(N(C)C)(N(C)C)=NP(N(C)C)(N(C)C)=NCC,CC(C1=C(C2=C(OC)C=CC(OC)=C2P(C34CC5CC(C4)CC(C5)C3)C67CC8CC(C7)CC(C8)C6)C(C(C)C)=CC(C(C)C)=C1)C,79.07623711
CCc1ccc(Cl)cc1,CCOC(=O)c1cnoc1C,CN1CCCN2CCCN=C12,CC(C)C1=CC(C(C)C)=CC(C(C)C)=C1C2=C(P(C(C)(C)C)C(C)(C)C)C(OC)=CC=C2OC,7.689322987
FC(F)(F)c1ccc(I)cc1,CCOC(=O)c1cnoc1C,CN1CCCN2CCCN=C12,CC(C)C1=CC(C(C)C)=CC(C(C)C)=C1C2=C(P(C(C)(C)C)C(C)(C)C)C(OC)=CC=C2OC,38.79638342
FC(F)(F)c1ccc(Cl)cc1,o1ccc(n1)c2ccccc2,CN(C)P(N(C)C)(N(C)C)=NP(N(C)C)(N(C)C)=NCC,CC(C)C1=CC(C(C)C)=CC(C(C)C)=C1C2=C(P(C3CCCCC3)C4CCCCC4)C=CC=C2,2.968869757
COc1ccc(Br)cc1,Cc1onc(C)c1,CN(C)P(N(C)C)(N(C)C)=NP(N(C)C)(N(C)C)=NCC,CC(C)C(C=C(C(C)C)C=C1C(C)C)=C1C2=CC=CC=C2P(C(C)(C)C)C(C)(C)C,44.92520247
CCc1ccc(Br)cc1,o1ccc(n1)c2ccccc2,CN(C)/C(N(C)C)=N\C(C)(C)C,CC(C1=C(C2=C(OC)C=CC(OC)=C2P(C34CC5CC(C4)CC(C5)C3)C67CC8CC(C7)CC(C8)C6)C(C(C)C)=CC(C(C)C)=C1)C,73.85492194
Ic1cccnc1,Cc1ccon1,CN1CCCN2CCCN=C12,CC(C)C1=CC(C(C)C)=CC(C(C)C)=C1C2=C(P(C3CCCCC3)C4CCCCC4)C=CC=C2,49.09682213
Clc1cccnc1,o1nccc1c2ccccc2,CN1CCCN2CCCN=C12,CC(C1=C(C2=C(OC)C=CC(OC)=C2P(C34CC5CC(C4)CC(C5)C3)C67CC8CC(C7)CC(C8)C6)C(C(C)C)=CC(C(C)C)=C1)C,15.22347574
COc1ccc(I)cc1,CCOC(=O)c1conc1,CN(C)P(N(C)C)(N(C)C)=NP(N(C)C)(N(C)C)=NCC,CC(C)C1=CC(C(C)C)=CC(C(C)C)=C1C2=C(P(C(C)(C)C)C(C)(C)C)C(OC)=CC=C2OC,6.286120839
CCc1ccc(I)cc1,COC(=O)c1cc(on1)c2sccc2,CN(C)/C(N(C)C)=N\C(C)(C)C,CC(C)C(C=C(C(C)C)C=C1C(C)C)=C1C2=CC=CC=C2P(C(C)(C)C)C(C)(C)C,57.50576347
Ic1cccnc1,CCOC(=O)c1cnoc1C,CN1CCCN2CCCN=C12,CC(C)C(C=C(C(C)C)C=C1C(C)C)=C1C2=CC=CC=C2P(C(C)(C)C)C(C)(C)C,60.06619639
Ic1ccccn1,Cc1cc(on1)c2ccccc2,CN(C)/C(N(C)C)=N\C(C)(C)C,CC(C1=C(C2=C(OC)C=CC(OC)=C2P(C34CC5CC(C4)CC(C5)C3)C67CC8CC(C7)CC(C8)C6)C(C(C)C)=CC(C(C)C)=C1)C,47.58772845
COc1ccc(Cl)cc1,C(N(Cc1ccccc1)c2oncc2)c3ccccc3,CN1CCCN2CCCN=C12,CC(C)C1=CC(C(C)C)=CC(C(C)C)=C1C2=C(P(C3CCCCC3)C4CCCCC4)C=CC=C2,0.0
FC(F)(F)c1ccc(Cl)cc1,o1cc2ccccc2n1,CN1CCCN2CCCN=C12,CC(C1=C(C2=C(OC)C=CC(OC)=C2P(C34CC5CC(C4)CC(C5)C3)C67CC8CC(C7)CC(C8)C6)C(C(C)C)=CC(C(C)C)=C1)C,0.299153601
Brc1cccnc1,Fc1cccc(F)c1c2oncc2,CN(C)/C(N(C)C)=N\C(C)(C)C,CC(C)C1=CC(C(C)C)=CC(C(C)C)=C1C2=C(P(C3CCCCC3)C4CCCCC4)C=CC=C2,6.251282484
CCc1ccc(Br)cc1,COC(=O)c1oncc1,CN1CCCN2CCCN=C12,CC(C)C1=CC(C(C)C)=CC(C(C)C)=C1C2=C(P(C3CCCCC3)C4CCCCC4)C=CC=C2,12.57060724
Brc1ccccn1,CCOC(=O)c1ccon1,CN(C)P(N(C)C)(N(C)C)=NP(N(C)C)(N(C)C)=NCC,CC(C)C(C=C(C(C)C)C=C1C(C)C)=C1C2=CC=CC=C2P(C(C)(C)C)C(C)(C)C,8.008432112
Clc1ccccn1,o1nccc1c2ccccc2,CN(C)/C(N(C)C)=N\C(C)(C)C,CC(C)C1=CC(C(C)C)=CC(C(C)C)=C1C2=C(P(C(C)(C)C)C(C)(C)C)C(OC)=CC=C2OC,32.00160024
CCc1ccc(Br)cc1,Cc1onc(C)c1,CN(C)/C(N(C)C)=N\C(C)(C)C,CC(C)C1=CC(C(C)C)=CC(C(C)C)=C1C2=C(P(C(C)(C)C)C(C)(C)C)C(OC)=CC=C2OC,59.16896654
CCc1ccc(Br)cc1,CCOC(=O)c1ccon1,CN1CCCN2CCCN=C12,CC(C)C(C=C(C(C)C)C=C1C(C)C)=C1C2=CC=CC=C2P(C(C)(C)C)C(C)(C)C,73.31932313
COc1ccc(Cl)cc1,o1ccc(n1)c2ccccc2,CN(C)P(N(C)C)(N(C)C)=NP(N(C)C)(N(C)C)=NCC,CC(C)C1=CC(C(C)C)=CC(C(C)C)=C1C2=C(P(C3CCCCC3)C4CCCCC4)C=CC=C2,2.064063489
COc1ccc(Br)cc1,o1ncc2ccccc12,CN(C)/C(N(C)C)=N\C(C)(C)C,CC(C)C(C=C(C(C)C)C=C1C(C)C)=C1C2=CC=CC=C2P(C(C)(C)C)C(C)(C)C,13.25145725
FC(F)(F)c1ccc(I)cc1,COC(=O)c1cc(on1)c2occc2,CN(C)/C(N(C)C)=N\C(C)(C)C,CC(C)C1=CC(C(C)C)=CC(C(C)C)=C1C2=C(P(C(C)(C)C)C(C)(C)C)C(OC)=CC=C2OC,36.44138063
COc1ccc(I)cc1,o1nccc1c2ccccc2,CN(C)/C(N(C)C)=N\C(C)(C)C,CC(C1=C(C2=C(OC)C=CC(OC)=C2P(C34CC5CC(C4)CC(C5)C3)C67CC8CC(C7)CC(C8)C6)C(C(C)C)=CC(C(C)C)=C1)C,40.1396941
Clc1ccccn1,Cc1ccon1,CN(C)/C(N(C)C)=N\C(C)(C)C,CC(C1=C(C2=C(OC)C=CC(OC)=C2P(C34CC5CC(C4)CC(C5)C3)C67CC8CC(C7)CC(C8)C6)C(C(C)C)=CC(C(C)C)=C1)C,38.32865111
COc1ccc(Br)cc1,C(N(Cc1ccccc1)c2oncc2)c3ccccc3,CN(C)P(N(C)C)(N(C)C)=NP(N(C)C)(N(C)C)=NCC,CC(C)C1=CC(C(C)C)=CC(C(C)C)=C1C2=C(P(C3CCCCC3)C4CCCCC4)C=CC=C2,3.898269895
FC(F)(F)c1ccc(Br)cc1,o1cc(cn1)c2ccccc2,CN(C)/C(N(C)C)=N\C(C)(C)C,CC(C)C1=CC(C(C)C)=CC(C(C)C)=C1C2=C(P(C3CCCCC3)C4CCCCC4)C=CC=C2,24.93013825
COc1ccc(Br)cc1,C(N(Cc1ccccc1)c2ccon2)c3ccccc3,CN(C)/C(N(C)C)=N\C(C)(C)C,CC(C)C1=CC(C(C)C)=CC(C(C)C)=C1C2=C(P(C(C)(C)C)C(C)(C)C)C(OC)=CC=C2OC,57.13220837
COc1ccc(Cl)cc1,Cc1onc(c1)n2cccc2,CN(C)P(N(C)C)(N(C)C)=NP(N(C)C)(N(C)C)=NCC,CC(C)C(C=C(C(C)C)C=C1C(C)C)=C1C2=CC=CC=C2P(C(C)(C)C)C(C)(C)C,2.495636052
Brc1cccnc1,C(N(Cc1ccccc1)c2oncc2)c3ccccc3,CN1CCCN2CCCN=C12,CC(C)C(C=C(C(C)C)C=C1C(C)C)=C1C2=CC=CC=C2P(C(C)(C)C)C(C)(C)C,55.95219042
Brc1ccccn1,C(N(Cc1ccccc1)c2oncc2)c3ccccc3,CN1CCCN2CCCN=C12,CC(C)C(C=C(C(C)C)C=C1C(C)C)=C1C2=CC=CC=C2P(C(C)(C)C)C(C)(C)C,78.70773698
Ic1cccnc1,COC(=O)c1cc(on1)c2occc2,CN(C)P(N(C)C)(N(C)C)=NP(N(C)C)(N(C)C)=NCC,CC(C)C1=CC(C(C)C)=CC(C(C)C)=C1C2=C(P(C3CCCCC3)C4CCCCC4)C=CC=C2,28.27747642
Brc1cccnc1,Cc1onc(C)c1,CN(C)/C(N(C)C)=N\C(C)(C)C,CC(C)C1=CC(C(C)C)=CC(C(C)C)=C1C2=C(P(C3CCCCC3)C4CCCCC4)C=CC=C2,26.30947521
Ic1ccccn1,Cc1onc(C)c1,CN(C)P(N(C)C)(N(C)C)=NP(N(C)C)(N(C)C)=NCC,CC(C1=C(C2=C(OC)C=CC(OC)=C2P(C34CC5CC(C4)CC(C5)C3)C67CC8CC(C7)CC(C8)C6)C(C(C)C)=CC(C(C)C)=C1)C,79.76966371
Brc1cccnc1,COC(=O)c1cc(on1)c2occc2,CN(C)P(N(C)C)(N(C)C)=NP(N(C)C)(N(C)C)=NCC,CC(C)C(C=C(C(C)C)C=C1C(C)C)=C1C2=CC=CC=C2P(C(C)(C)C)C(C)(C)C,74.07785582
FC(F)(F)c1ccc(Br)cc1,COC(=O)c1cc(on1)c2sccc2,CN(C)/C(N(C)C)=N\C(C)(C)C,CC(C)C(C=C(C(C)C)C=C1C(C)C)=C1C2=CC=CC=C2P(C(C)(C)C)C(C)(C)C,36.29421793
Clc1cccnc1,Cc1onc(c1)n2cccc2,CN(C)P(N(C)C)(N(C)C)=NP(N(C)C)(N(C)C)=NCC,CC(C1=C(C2=C(OC)C=CC(OC)=C2P(C34CC5CC(C4)CC(C5)C3)C67CC8CC(C7)CC(C8)C6)C(C(C)C)=CC(C(C)C)=C1)C,2.899493403
FC(F)(F)c1ccc(Br)cc1,CCOC(=O)c1conc1,CN(C)P(N(C)C)(N(C)C)=NP(N(C)C)(N(C)C)=NCC,CC(C1=C(C2=C(OC)C=CC(OC)=C2P(C34CC5CC(C4)CC(C5)C3)C67CC8CC(C7)CC(C8)C6)C(C(C)C)=CC(C(C)C)=C1)C,2.97486192
FC(F)(F)c1ccc(Cl)cc1,Cc1oncc1,CN1CCCN2CCCN=C12,CC(C)C(C=C(C(C)C)C=C1C(C)C)=C1C2=CC=CC=C2P(C(C)(C)C)C(C)(C)C,23.76547665
COc1ccc(I)cc1,CCOC(=O)c1conc1,CN1CCCN2CCCN=C12,CC(C1=C(C2=C(OC)C=CC(OC)=C2P(C34CC5CC(C4)CC(C5)C3)C67CC8CC(C7)CC(C8)C6)C(C(C)C)=CC(C(C)C)=C1)C,18.87491239
COc1ccc(Br)cc1,Cc1onc(c1)n2cccc2,CN1CCCN2CCCN=C12,CC(C)C(C=C(C(C)C)C=C1C(C)C)=C1C2=CC=CC=C2P(C(C)(C)C)C(C)(C)C,49.69104828
Clc1ccccn1,C(N(Cc1ccccc1)c2ccon2)c3ccccc3,CN(C)P(N(C)C)(N(C)C)=NP(N(C)C)(N(C)C)=NCC,CC(C1=C(C2=C(OC)C=CC(OC)=C2P(C34CC5CC(C4)CC(C5)C3)C67CC8CC(C7)CC(C8)C6)C(C(C)C)=CC(C(C)C)=C1)C,76.3099624
CCc1ccc(Br)cc1,CCOC(=O)c1conc1,CN(C)/C(N(C)C)=N\C(C)(C)C,CC(C)C(C=C(C(C)C)C=C1C(C)C)=C1C2=CC=CC=C2P(C(C)(C)C)C(C)(C)C,2.39251025
COc1ccc(Br)cc1,CCOC(=O)c1conc1,CN(C)P(N(C)C)(N(C)C)=NP(N(C)C)(N(C)C)=NCC,CC(C)C1=CC(C(C)C)=CC(C(C)C)=C1C2=C(P(C3CCCCC3)C4CCCCC4)C=CC=C2,0.0
CCc1ccc(Cl)cc1,COC(=O)c1oncc1,CN(C)/C(N(C)C)=N\C(C)(C)C,CC(C)C1=CC(C(C)C)=CC(C(C)C)=C1C2=C(P(C(C)(C)C)C(C)(C)C)C(OC)=CC=C2OC,4.103392125
Ic1ccccn1,C(N(Cc1ccccc1)c2oncc2)c3ccccc3,CN(C)/C(N(C)C)=N\C(C)(C)C,CC(C)C(C=C(C(C)C)C=C1C(C)C)=C1C2=CC=CC=C2P(C(C)(C)C)C(C)(C)C,60.13886073
CCc1ccc(Br)cc1,CCOC(=O)c1ccon1,CN(C)P(N(C)C)(N(C)C)=NP(N(C)C)(N(C)C)=NCC,CC(C)C1=CC(C(C)C)=CC(C(C)C)=C1C2=C(P(C(C)(C)C)C(C)(C)C)C(OC)=CC=C2OC,9.636653904
Ic1cccnc1,Cc1cc(on1)c2ccccc2,CN(C)/C(N(C)C)=N\C(C)(C)C,CC(C)C(C=C(C(C)C)C=C1C(C)C)=C1C2=CC=CC=C2P(C(C)(C)C)C(C)(C)C,67.31022474
CCc1ccc(Cl)cc1,C(N(Cc1ccccc1)c2ccon2)c3ccccc3,CN1CCCN2CCCN=C12,CC(C1=C(C2=C(OC)C=CC(OC)=C2P(C34CC5CC(C4)CC(C5)C3)C67CC8CC(C7)CC(C8)C6)C(C(C)C)=CC(C(C)C)=C1)C,2.579355469
FC(F)(F)c1ccc(I)cc1,o1cc2ccccc2n1,CN(C)/C(N(C)C)=N\C(C)(C)C,CC(C)C1=CC(C(C)C)=CC(C(C)C)=C1C2=C(P(C3CCCCC3)C4CCCCC4)C=CC=C2,23.70536277
FC(F)(F)c1ccc(Cl)cc1,CCOC(=O)c1onc(OC)c1,CN(C)P(N(C)C)(N(C)C)=NP(N(C)C)(N(C)C)=NCC,CC(C)C1=CC(C(C)C)=CC(C(C)C)=C1C2=C(P(C3CCCCC3)C4CCCCC4)C=CC=C2,24.10905766
FC(F)(F)c1ccc(I)cc1,Cc1onc(c1)n2cccc2,CN1CCCN2CCCN=C12,CC(C)C1=CC(C(C)C)=CC(C(C)C)=C1C2=C(P(C(C)(C)C)C(C)(C)C)C(OC)=CC=C2OC,41.63261266
CCc1ccc(Br)cc1,COC(=O)c1cc(on1)c2sccc2,CN(C)P(N(C)C)(N(C)C)=NP(N(C)C)(N(C)C)=NCC,CC(C)C1=CC(C(C)C)=CC(C(C)C)=C1C2=C(P(C(C)(C)C)C(C)(C)C)C(OC)=CC=C2OC,63.22828466
CCc1ccc(Cl)cc1,Cc1onc(C)c1,CN(C)P(N(C)C)(N(C)C)=NP(N(C)C)(N(C)C)=NCC,CC(C1=C(C2=C(OC)C=CC(OC)=C2P(C34CC5CC(C4)CC(C5)C3)C67CC8CC(C7)CC(C8)C6)C(C(C)C)=CC(C(C)C)=C1)C,0.66547915
Clc1cccnc1,Fc1cccc(F)c1c2oncc2,CN(C)/C(N(C)C)=N\C(C)(C)C,CC(C)C1=CC(C(C)C)=CC(C(C)C)=C1C2=C(P(C3CCCCC3)C4CCCCC4)C=CC=C2,2.419663487
COc1ccc(Cl)cc1,CCOC(=O)c1onc(C)c1,CN(C)P(N(C)C)(N(C)C)=NP(N(C)C)(N(C)C)=NCC,CC(C1=C(C2=C(OC)C=CC(OC)=C2P(C34CC5CC(C4)CC(C5)C3)C67CC8CC(C7)CC(C8)C6)C(C(C)C)=CC(C(C)C)=C1)C,0.380918213
COc1ccc(Cl)cc1,Cc1ccon1,CN(C)/C(N(C)C)=N\C(C)(C)C,CC(C)C1=CC(C(C)C)=CC(C(C)C)=C1C2=C(P(C(C)(C)C)C(C)(C)C)C(OC)=CC=C2OC,0.0
FC(F)(F)c1ccc(I)cc1,C(N(Cc1ccccc1)c2ccon2)c3ccccc3,CN1CCCN2CCCN=C12,CC(C)C1=CC(C(C)C)=CC(C(C)C)=C1C2=C(P(C3CCCCC3)C4CCCCC4)C=CC=C2,38.95047983
COc1ccc(Br)cc1,Cc1onc(C)c1,CN1CCCN2CCCN=C12,CC(C)C1=CC(C(C)C)=CC(C(C)C)=C1C2=C(P(C3CCCCC3)C4CCCCC4)C=CC=C2,12.94497014
COc1ccc(Br)cc1,Cc1oncc1,CN(C)/C(N(C)C)=N\C(C)(C)C,CC(C)C(C=C(C(C)C)C=C1C(C)C)=C1C2=CC=CC=C2P(C(C)(C)C)C(C)(C)C,33.60384304
CCc1ccc(Br)cc1,o1nccc1c2ccccc2,CN1CCCN2CCCN=C12,CC(C)C1=CC(C(C)C)=CC(C(C)C)=C1C2=C(P(C3CCCCC3)C4CCCCC4)C=CC=C2,15.39753007
COc1ccc(Br)cc1,o1cc(cn1)c2ccccc2,CN1CCCN2CCCN=C12,CC(C1=C(C2=C(OC)C=CC(OC)=C2P(C34CC5CC(C4)CC(C5)C3)C67CC8CC(C7)CC(C8)C6)C(C(C)C)=CC(C(C)C)=C1)C,28.52881836
Brc1cccnc1,o1cc(cn1)c2ccccc2,CN1CCCN2CCCN=C12,CC(C1=C(C2=C(OC)C=CC(OC)=C2P(C34CC5CC(C4)CC(C5)C3)C67CC8CC(C7)CC(C8)C6)C(C(C)C)=CC(C(C)C)=C1)C,68.89095082
Brc1ccccn1,C(N(Cc1ccccc1)c2ccon2)c3ccccc3,CN(C)/C(N(C)C)=N\C(C)(C)C,CC(C)C1=CC(C(C)C)=CC(C(C)C)=C1C2=C(P(C3CCCCC3)C4CCCCC4)C=CC=C2,40.32928262
Brc1cccnc1,COC(=O)c1oncc1,CN(C)/C(N(C)C)=N\C(C)(C)C,CC(C)C(C=C(C(C)C)C=C1C(C)C)=C1C2=CC=CC=C2P(C(C)(C)C)C(C)(C)C,46.50216111
COc1ccc(I)cc1,Cc1onc(C)c1,CN1CCCN2CCCN=C12,CC(C)C1=CC(C(C)C)=CC(C(C)C)=C1C2=C(P(C(C)(C)C)C(C)(C)C)C(OC)=CC=C2OC,49.57379186
Clc1ccccn1,o1nccc1c2ccccc2,CN1CCCN2CCCN=C12,CC(C)C1=CC(C(C)C)=CC(C(C)C)=C1C2=C(P(C3CCCCC3)C4CCCCC4)C=CC=C2,23.68617418
CCc1ccc(Cl)cc1,o1cc2ccccc2n1,CN(C)P(N(C)C)(N(C)C)=NP(N(C)C)(N(C)C)=NCC,CC(C)C1=CC(C(C)C)=CC(C(C)C)=C1C2=C(P(C(C)(C)C)C(C)(C)C)C(OC)=CC=C2OC,1.034854608
COc1ccc(Cl)cc1,Fc1cccc(F)c1c2oncc2,CN(C)/C(N(C)C)=N\C(C)(C)C,CC(C1=C(C2=C(OC)C=CC(OC)=C2P(C34CC5CC(C4)CC(C5)C3)C67CC8CC(C7)CC(C8)C6)C(C(C)C)=CC(C(C)C)=C1)C,0.467733508
COc1ccc(Br)cc1,o1nccc1c2ccccc2,CN1CCCN2CCCN=C12,CC(C)C(C=C(C(C)C)C=C1C(C)C)=C1C2=CC=CC=C2P(C(C)(C)C)C(C)(C)C,34.96324083
Brc1ccccn1,Cc1onc(C)c1,CN(C)P(N(C)C)(N(C)C)=NP(N(C)C)(N(C)C)=NCC,CC(C)C(C=C(C(C)C)C=C1C(C)C)=C1C2=CC=CC=C2P(C(C)(C)C)C(C)(C)C,76.21686958
CCc1ccc(Br)cc1,CCOC(=O)c1ccon1,CN(C)/C(N(C)C)=N\C(C)(C)C,CC(C1=C(C2=C(OC)C=CC(OC)=C2P(C34CC5CC(C4)CC(C5)C3)C67CC8CC(C7)CC(C8)C6)C(C(C)C)=CC(C(C)C)=C1)C,50.13324447
COc1ccc(I)cc1,COC(=O)c1cc(on1)c2sccc2,CN(C)P(N(C)C)(N(C)C)=NP(N(C)C)(N(C)C)=NCC,CC(C)C(C=C(C(C)C)C=C1C(C)C)=C1C2=CC=CC=C2P(C(C)(C)C)C(C)(C)C,41.36745101
CCc1ccc(I)cc1,Cc1cc(on1)c2ccccc2,CN(C)/C(N(C)C)=N\C(C)(C)C,CC(C)C1=CC(C(C)C)=CC(C(C)C)=C1C2=C(P(C3CCCCC3)C4CCCCC4)C=CC=C2,30.07190595
COc1ccc(Cl)cc1,COC(=O)c1cc(on1)c2occc2,CN(C)P(N(C)C)(N(C)C)=NP(N(C)C)(N(C)C)=NCC,CC(C)C(C=C(C(C)C)C=C1C(C)C)=C1C2=CC=CC=C2P(C(C)(C)C)C(C)(C)C,0.0
Brc1ccccn1,Cc1oncc1,CN(C)/C(N(C)C)=N\C(C)(C)C,CC(C1=C(C2=C(OC)C=CC(OC)=C2P(C34CC5CC(C4)CC(C5)C3)C67CC8CC(C7)CC(C8)C6)C(C(C)C)=CC(C(C)C)=C1)C,37.45572206
COc1ccc(I)cc1,Cc1oncc1,CN1CCCN2CCCN=C12,CC(C)C(C=C(C(C)C)C=C1C(C)C)=C1C2=CC=CC=C2P(C(C)(C)C)C(C)(C)C,53.10447809
COc1ccc(I)cc1,Cc1onc(C)c1,CN1CCCN2CCCN=C12,CC(C)C(C=C(C(C)C)C=C1C(C)C)=C1C2=CC=CC=C2P(C(C)(C)C)C(C)(C)C,52.0133379
COc1ccc(Cl)cc1,o1ncc2ccccc12,CN(C)P(N(C)C)(N(C)C)=NP(N(C)C)(N(C)C)=NCC,CC(C)C1=CC(C(C)C)=CC(C(C)C)=C1C2=C(P(C3CCCCC3)C4CCCCC4)C=CC=C2,0.850358426
Clc1ccccn1,o1cc(cn1)c2ccccc2,CN1CCCN2CCCN=C12,CC(C)C1=CC(C(C)C)=CC(C(C)C)=C1C2=C(P(C3CCCCC3)C4CCCCC4)C=CC=C2,15.69796379
Brc1ccccn1,CCOC(=O)c1cnoc1C,CN(C)P(N(C)C)(N(C)C)=NP(N(C)C)(N(C)C)=NCC,CC(C)C(C=C(C(C)C)C=C1C(C)C)=C1C2=CC=CC=C2P(C(C)(C)C)C(C)(C)C,35.06478929
Clc1cccnc1,o1ccc(n1)c2ccccc2,CN1CCCN2CCCN=C12,CC(C)C1=CC(C(C)C)=CC(C(C)C)=C1C2=C(P(C(C)(C)C)C(C)(C)C)C(OC)=CC=C2OC,42.37662469
FC(F)(F)c1ccc(I)cc1,Cc1ccon1,CN(C)/C(N(C)C)=N\C(C)(C)C,CC(C)C(C=C(C(C)C)C=C1C(C)C)=C1C2=CC=CC=C2P(C(C)(C)C)C(C)(C)C,52.37811419
Clc1ccccn1,o1nccc1c2ccccc2,CN(C)/C(N(C)C)=N\C(C)(C)C,CC(C)C(C=C(C(C)C)C=C1C(C)C)=C1C2=CC=CC=C2P(C(C)(C)C)C(C)(C)C,68.84655406
FC(F)(F)c1ccc(I)cc1,o1nccc1c2ccccc2,CN(C)P(N(C)C)(N(C)C)=NP(N(C)C)(N(C)C)=NCC,CC(C)C1=CC(C(C)C)=CC(C(C)C)=C1C2=C(P(C3CCCCC3)C4CCCCC4)C=CC=C2,18.27868619
Ic1ccccn1,COC(=O)c1cc(on1)c2occc2,CN1CCCN2CCCN=C12,CC(C)C1=CC(C(C)C)=CC(C(C)C)=C1C2=C(P(C3CCCCC3)C4CCCCC4)C=CC=C2,54.07334238
COc1ccc(Br)cc1,Fc1cccc(F)c1c2oncc2,CN(C)/C(N(C)C)=N\C(C)(C)C,CC(C)C1=CC(C(C)C)=CC(C(C)C)=C1C2=C(P(C3CCCCC3)C4CCCCC4)C=CC=C2,2.840028013
Brc1cccnc1,o1cc(cn1)c2ccccc2,CN1CCCN2CCCN=C12,CC(C)C1=CC(C(C)C)=CC(C(C)C)=C1C2=C(P(C(C)(C)C)C(C)(C)C)C(OC)=CC=C2OC,80.02767877
CCc1ccc(I)cc1,COC(=O)c1cc(on1)c2occc2,CN1CCCN2CCCN=C12,CC(C)C1=CC(C(C)C)=CC(C(C)C)=C1C2=C(P(C3CCCCC3)C4CCCCC4)C=CC=C2,38.16631108
Ic1ccccn1,COC(=O)c1oncc1,CN(C)/C(N(C)C)=N\C(C)(C)C,CC(C)C1=CC(C(C)C)=CC(C(C)C)=C1C2=C(P(C(C)(C)C)C(C)(C)C)C(OC)=CC=C2OC,49.7806525
Ic1ccccn1,COC(=O)c1oncc1,CN(C)/C(N(C)C)=N\C(C)(C)C,CC(C1=C(C2=C(OC)C=CC(OC)=C2P(C34CC5CC(C4)CC(C5)C3)C67CC8CC(C7)CC(C8)C6)C(C(C)C)=CC(C(C)C)=C1)C,17.35228888
Brc1cccnc1,CCOC(=O)c1conc1,CN(C)/C(N(C)C)=N\C(C)(C)C,CC(C)C1=CC(C(C)C)=CC(C(C)C)=C1C2=C(P(C3CCCCC3)C4CCCCC4)C=CC=C2,0.0
Brc1cccnc1,Cc1ccon1,CN(C)P(N(C)C)(N(C)C)=NP(N(C)C)(N(C)C)=NCC,CC(C1=C(C2=C(OC)C=CC(OC)=C2P(C34CC5CC(C4)CC(C5)C3)C67CC8CC(C7)CC(C8)C6)C(C(C)C)=CC(C(C)C)=C1)C,1.826315609
COc1ccc(Br)cc1,Cc1onc(C)c1,CN(C)/C(N(C)C)=N\C(C)(C)C,CC(C)C1=CC(C(C)C)=CC(C(C)C)=C1C2=C(P(C(C)(C)C)C(C)(C)C)C(OC)=CC=C2OC,38.49679424
CCc1ccc(Cl)cc1,CCOC(=O)c1cnoc1C,CN(C)/C(N(C)C)=N\C(C)(C)C,CC(C1=C(C2=C(OC)C=CC(OC)=C2P(C34CC5CC(C4)CC(C5)C3)C67CC8CC(C7)CC(C8)C6)C(C(C)C)=CC(C(C)C)=C1)C,0.0
CCc1ccc(I)cc1,CCOC(=O)c1onc(C)c1,CN(C)P(N(C)C)(N(C)C)=NP(N(C)C)(N(C)C)=NCC,CC(C)C1=CC(C(C)C)=CC(C(C)C)=C1C2=C(P(C3CCCCC3)C4CCCCC4)C=CC=C2,70.96873006
COc1ccc(Cl)cc1,Fc1cccc(F)c1c2oncc2,CN1CCCN2CCCN=C12,CC(C1=C(C2=C(OC)C=CC(OC)=C2P(C34CC5CC(C4)CC(C5)C3)C67CC8CC(C7)CC(C8)C6)C(C(C)C)=CC(C(C)C)=C1)C,0.256451547
Ic1ccccn1,CCOC(=O)c1conc1,CN(C)/C(N(C)C)=N\C(C)(C)C,CC(C)C1=CC(C(C)C)=CC(C(C)C)=C1C2=C(P(C3CCCCC3)C4CCCCC4)C=CC=C2,1.530768374
COc1ccc(Br)cc1,COC(=O)c1cc(on1)c2sccc2,CN1CCCN2CCCN=C12,CC(C)C1=CC(C(C)C)=CC(C(C)C)=C1C2=C(P(C(C)(C)C)C(C)(C)C)C(OC)=CC=C2OC,36.98776703
CCc1ccc(Cl)cc1,C(N(Cc1ccccc1)c2ccon2)c3ccccc3,CN1CCCN2CCCN=C12,CC(C)C1=CC(C(C)C)=CC(C(C)C)=C1C2=C(P(C3CCCCC3)C4CCCCC4)C=CC=C2,5.967393026
COc1ccc(Br)cc1,COC(=O)c1cc(on1)c2occc2,CN(C)/C(N(C)C)=N\C(C)(C)C,CC(C)C1=CC(C(C)C)=CC(C(C)C)=C1C2=C(P(C3CCCCC3)C4CCCCC4)C=CC=C2,7.405890223
COc1ccc(Cl)cc1,o1cc(cn1)c2ccccc2,CN(C)/C(N(C)C)=N\C(C)(C)C,CC(C)C1=CC(C(C)C)=CC(C(C)C)=C1C2=C(P(C(C)(C)C)C(C)(C)C)C(OC)=CC=C2OC,0.0
FC(F)(F)c1ccc(Cl)cc1,Cc1onc(c1)n2cccc2,CN1CCCN2CCCN=C12,CC(C)C(C=C(C(C)C)C=C1C(C)C)=C1C2=CC=CC=C2P(C(C)(C)C)C(C)(C)C,33.03637259
Ic1cccnc1,Cc1onc(C)c1,CN1CCCN2CCCN=C12,CC(C)C(C=C(C(C)C)C=C1C(C)C)=C1C2=CC=CC=C2P(C(C)(C)C)C(C)(C)C,84.40416295
Brc1cccnc1,COC(=O)c1cc(on1)c2occc2,CN1CCCN2CCCN=C12,CC(C1=C(C2=C(OC)C=CC(OC)=C2P(C34CC5CC(C4)CC(C5)C3)C67CC8CC(C7)CC(C8)C6)C(C(C)C)=CC(C(C)C)=C1)C,61.50487524
Ic1ccccn1,CCOC(=O)c1conc1,CN1CCCN2CCCN=C12,CC(C1=C(C2=C(OC)C=CC(OC)=C2P(C34CC5CC(C4)CC(C5)C3)C67CC8CC(C7)CC(C8)C6)C(C(C)C)=CC(C(C)C)=C1)C,35.68280094
CCc1ccc(Br)cc1,COC(=O)c1oncc1,CN1CCCN2CCCN=C12,CC(C)C1=CC(C(C)C)=CC(C(C)C)=C1C2=C(P(C(C)(C)C)C(C)(C)C)C(OC)=CC=C2OC,32.02304313
Clc1ccccn1,COC(=O)c1oncc1,CN(C)/C(N(C)C)=N\C(C)(C)C,CC(C)C1=CC(C(C)C)=CC(C(C)C)=C1C2=C(P(C(C)(C)C)C(C)(C)C)C(OC)=CC=C2OC,13.57914578
CCc1ccc(I)cc1,Cc1ccon1,CN(C)P(N(C)C)(N(C)C)=NP(N(C)C)(N(C)C)=NCC,CC(C)C(C=C(C(C)C)C=C1C(C)C)=C1C2=CC=CC=C2P(C(C)(C)C)C(C)(C)C,67.19184926
Brc1cccnc1,CCOC(=O)c1conc1,CN(C)/C(N(C)C)=N\C(C)(C)C,CC(C)C1=CC(C(C)C)=CC(C(C)C)=C1C2=C(P(C(C)(C)C)C(C)(C)C)C(OC)=CC=C2OC,1.73070141
Brc1cccnc1,CCOC(=O)c1cnoc1C,CN(C)/C(N(C)C)=N\C(C)(C)C,CC(C)C1=CC(C(C)C)=CC(C(C)C)=C1C2=C(P(C3CCCCC3)C4CCCCC4)C=CC=C2,0.929191796
Brc1ccccn1,Cc1oncc1,CN(C)P(N(C)C)(N(C)C)=NP(N(C)C)(N(C)C)=NCC,CC(C)C1=CC(C(C)C)=CC(C(C)C)=C1C2=C(P(C3CCCCC3)C4CCCCC4)C=CC=C2,20.04239857
Ic1cccnc1,COC(=O)c1cc(on1)c2occc2,CN(C)/C(N(C)C)=N\C(C)(C)C,CC(C)C1=CC(C(C)C)=CC(C(C)C)=C1C2=C(P(C3CCCCC3)C4CCCCC4)C=CC=C2,19.48013153
Brc1ccccn1,o1cc2ccccc2n1,CN(C)/C(N(C)C)=N\C(C)(C)C,CC(C)C(C=C(C(C)C)C=C1C(C)C)=C1C2=CC=CC=C2P(C(C)(C)C)C(C)(C)C,36.7072802
Brc1cccnc1,Cc1oncc1,CN(C)/C(N(C)C)=N\C(C)(C)C,CC(C)C1=CC(C(C)C)=CC(C(C)C)=C1C2=C(P(C(C)(C)C)C(C)(C)C)C(OC)=CC=C2OC,53.91867484
FC(F)(F)c1ccc(Cl)cc1,o1cc(cn1)c2ccccc2,CN(C)P(N(C)C)(N(C)C)=NP(N(C)C)(N(C)C)=NCC,CC(C)C1=CC(C(C)C)=CC(C(C)C)=C1C2=C(P(C(C)(C)C)C(C)(C)C)C(OC)=CC=C2OC,9.322132163
Brc1ccccn1,CCOC(=O)c1cnoc1C,CN1CCCN2CCCN=C12,CC(C1=C(C2=C(OC)C=CC(OC)=C2P(C34CC5CC(C4)CC(C5)C3)C67CC8CC(C7)CC(C8)C6)C(C(C)C)=CC(C(C)C)=C1)C,49.14544471
Brc1ccccn1,Cc1onc(c1)n2cccc2,CN1CCCN2CCCN=C12,CC(C)C1=CC(C(C)C)=CC(C(C)C)=C1C2=C(P(C(C)(C)C)C(C)(C)C)C(OC)=CC=C2OC,80.79670421
Brc1cccnc1,CCOC(=O)c1conc1,CN1CCCN2CCCN=C12,CC(C)C(C=C(C(C)C)C=C1C(C)C)=C1C2=CC=CC=C2P(C(C)(C)C)C(C)(C)C,30.11566658
Clc1ccccn1,C(N(Cc1ccccc1)c2ccon2)c3ccccc3,CN(C)P(N(C)C)(N(C)C)=NP(N(C)C)(N(C)C)=NCC,CC(C)C(C=C(C(C)C)C=C1C(C)C)=C1C2=CC=CC=C2P(C(C)(C)C)C(C)(C)C,62.46560879
COc1ccc(Cl)cc1,Cc1onc(c1)n2cccc2,CN(C)/C(N(C)C)=N\C(C)(C)C,CC(C1=C(C2=C(OC)C=CC(OC)=C2P(C34CC5CC(C4)CC(C5)C3)C67CC8CC(C7)CC(C8)C6)C(C(C)C)=CC(C(C)C)=C1)C,0.926720681
COc1ccc(Br)cc1,CCOC(=O)c1cnoc1C,CN1CCCN2CCCN=C12,CC(C)C1=CC(C(C)C)=CC(C(C)C)=C1C2=C(P(C(C)(C)C)C(C)(C)C)C(OC)=CC=C2OC,26.7810647
CCc1ccc(I)cc1,o1cc(cn1)c2ccccc2,CN(C)/C(N(C)C)=N\C(C)(C)C,CC(C1=C(C2=C(OC)C=CC(OC)=C2P(C34CC5CC(C4)CC(C5)C3)C67CC8CC(C7)CC(C8)C6)C(C(C)C)=CC(C(C)C)=C1)C,67.48065191
CCc1ccc(I)cc1,CCOC(=O)c1cc(C)on1,CN1CCCN2CCCN=C12,CC(C)C1=CC(C(C)C)=CC(C(C)C)=C1C2=C(P(C(C)(C)C)C(C)(C)C)C(OC)=CC=C2OC,80.78664078
COc1ccc(Br)cc1,Cc1onc(c1)n2cccc2,CN(C)/C(N(C)C)=N\C(C)(C)C,CC(C)C1=CC(C(C)C)=CC(C(C)C)=C1C2=C(P(C(C)(C)C)C(C)(C)C)C(OC)=CC=C2OC,37.85579692
FC(F)(F)c1ccc(Cl)cc1,o1cc(cn1)c2ccccc2,CN1CCCN2CCCN=C12,CC(C)C(C=C(C(C)C)C=C1C(C)C)=C1C2=CC=CC=C2P(C(C)(C)C)C(C)(C)C,26.05284451
Ic1ccccn1,o1nccc1c2ccccc2,CN(C)/C(N(C)C)=N\C(C)(C)C,CC(C1=C(C2=C(OC)C=CC(OC)=C2P(C34CC5CC(C4)CC(C5)C3)C67CC8CC(C7)CC(C8)C6)C(C(C)C)=CC(C(C)C)=C1)C,65.38933316
CCc1ccc(Br)cc1,o1nccc1c2ccccc2,CN(C)/C(N(C)C)=N\C(C)(C)C,CC(C)C1=CC(C(C)C)=CC(C(C)C)=C1C2=C(P(C(C)(C)C)C(C)(C)C)C(OC)=CC=C2OC,27.79577337
FC(F)(F)c1ccc(I)cc1,COC(=O)c1cc(on1)c2sccc2,CN(C)P(N(C)C)(N(C)C)=NP(N(C)C)(N(C)C)=NCC,CC(C)C1=CC(C(C)C)=CC(C(C)C)=C1C2=C(P(C(C)(C)C)C(C)(C)C)C(OC)=CC=C2OC,32.35958784
Brc1ccccn1,o1nccc1c2ccccc2,CN(C)P(N(C)C)(N(C)C)=NP(N(C)C)(N(C)C)=NCC,CC(C)C(C=C(C(C)C)C=C1C(C)C)=C1C2=CC=CC=C2P(C(C)(C)C)C(C)(C)C,36.30636065
Brc1cccnc1,CCOC(=O)c1cnoc1C,CN(C)P(N(C)C)(N(C)C)=NP(N(C)C)(N(C)C)=NCC,CC(C)C(C=C(C(C)C)C=C1C(C)C)=C1C2=CC=CC=C2P(C(C)(C)C)C(C)(C)C,21.37540077
Clc1ccccn1,Cc1cc(on1)c2ccccc2,CN(C)/C(N(C)C)=N\C(C)(C)C,CC(C)C(C=C(C(C)C)C=C1C(C)C)=C1C2=CC=CC=C2P(C(C)(C)C)C(C)(C)C,66.11270607
FC(F)(F)c1ccc(Cl)cc1,Cc1onc(C)c1,CN(C)P(N(C)C)(N(C)C)=NP(N(C)C)(N(C)C)=NCC,CC(C)C1=CC(C(C)C)=CC(C(C)C)=C1C2=C(P(C3CCCCC3)C4CCCCC4)C=CC=C2,18.46507819
FC(F)(F)c1ccc(Cl)cc1,CCOC(=O)c1cnoc1C,CN1CCCN2CCCN=C12,CC(C)C(C=C(C(C)C)C=C1C(C)C)=C1C2=CC=CC=C2P(C(C)(C)C)C(C)(C)C,22.894141
CCc1ccc(Cl)cc1,COC(=O)c1cc(on1)c2occc2,CN(C)P(N(C)C)(N(C)C)=NP(N(C)C)(N(C)C)=NCC,CC(C)C1=CC(C(C)C)=CC(C(C)C)=C1C2=C(P(C(C)(C)C)C(C)(C)C)C(OC)=CC=C2OC,4.950264204
Clc1ccccn1,CCOC(=O)c1onc(C)c1,CN(C)/C(N(C)C)=N\C(C)(C)C,CC(C)C1=CC(C(C)C)=CC(C(C)C)=C1C2=C(P(C(C)(C)C)C(C)(C)C)C(OC)=CC=C2OC,54.58472012
COc1ccc(Br)cc1,CCOC(=O)c1cnoc1C,CN(C)P(N(C)C)(N(C)C)=NP(N(C)C)(N(C)C)=NCC,CC(C1=C(C2=C(OC)C=CC(OC)=C2P(C34CC5CC(C4)CC(C5)C3)C67CC8CC(C7)CC(C8)C6)C(C(C)C)=CC(C(C)C)=C1)C,10.63604029
Brc1ccccn1,CCOC(=O)c1cc(C)on1,CN1CCCN2CCCN=C12,CC(C)C(C=C(C(C)C)C=C1C(C)C)=C1C2=CC=CC=C2P(C(C)(C)C)C(C)(C)C,93.31083413
COc1ccc(I)cc1,Fc1cccc(F)c1c2oncc2,CN(C)P(N(C)C)(N(C)C)=NP(N(C)C)(N(C)C)=NCC,CC(C1=C(C2=C(OC)C=CC(OC)=C2P(C34CC5CC(C4)CC(C5)C3)C67CC8CC(C7)CC(C8)C6)C(C(C)C)=CC(C(C)C)=C1)C,16.26779165
CCc1ccc(Cl)cc1,COC(=O)c1oncc1,CN(C)/C(N(C)C)=N\C(C)(C)C,CC(C1=C(C2=C(OC)C=CC(OC)=C2P(C34CC5CC(C4)CC(C5)C3)C67CC8CC(C7)CC(C8)C6)C(C(C)C)=CC(C(C)C)=C1)C,0.0
FC(F)(F)c1ccc(Br)cc1,o1nccc1c2ccccc2,CN(C)P(N(C)C)(N(C)C)=NP(N(C)C)(N(C)C)=NCC,CC(C)C1=CC(C(C)C)=CC(C(C)C)=C1C2=C(P(C(C)(C)C)C(C)(C)C)C(OC)=CC=C2OC,9.714563227
CCc1ccc(Br)cc1,o1cc(cn1)c2ccccc2,CN(C)/C(N(C)C)=N\C(C)(C)C,CC(C)C(C=C(C(C)C)C=C1C(C)C)=C1C2=CC=CC=C2P(C(C)(C)C)C(C)(C)C,73.2728017
CCc1ccc(I)cc1,COC(=O)c1cc(on1)c2sccc2,CN(C)P(N(C)C)(N(C)C)=NP(N(C)C)(N(C)C)=NCC,CC(C1=C(C2=C(OC)C=CC(OC)=C2P(C34CC5CC(C4)CC(C5)C3)C67CC8CC(C7)CC(C8)C6)C(C(C)C)=CC(C(C)C)=C1)C,61.83593039
COc1ccc(Br)cc1,CCOC(=O)c1cc(C)on1,CN(C)/C(N(C)C)=N\C(C)(C)C,CC(C)C(C=C(C(C)C)C=C1C(C)C)=C1C2=CC=CC=C2P(C(C)(C)C)C(C)(C)C,39.52986412
Clc1ccccn1,Cc1onc(c1)n2cccc2,CN(C)/C(N(C)C)=N\C(C)(C)C,CC(C)C1=CC(C(C)C)=CC(C(C)C)=C1C2=C(P(C(C)(C)C)C(C)(C)C)C(OC)=CC=C2OC,62.79572595
Ic1ccccn1,CCOC(=O)c1onc(C)c1,CN(C)/C(N(C)C)=N\C(C)(C)C,CC(C1=C(C2=C(OC)C=CC(OC)=C2P(C34CC5CC(C4)CC(C5)C3)C67CC8CC(C7)CC(C8)C6)C(C(C)C)=CC(C(C)C)=C1)C,69.94718927
Clc1cccnc1,CCOC(=O)c1cnoc1C,CN(C)P(N(C)C)(N(C)C)=NP(N(C)C)(N(C)C)=NCC,CC(C)C(C=C(C(C)C)C=C1C(C)C)=C1C2=CC=CC=C2P(C(C)(C)C)C(C)(C)C,10.88472418
FC(F)(F)c1ccc(I)cc1,Cc1onc(c1)n2cccc2,CN1CCCN2CCCN=C12,CC(C)C(C=C(C(C)C)C=C1C(C)C)=C1C2=CC=CC=C2P(C(C)(C)C)C(C)(C)C,41.26140824
COc1ccc(Cl)cc1,o1ncc2ccccc12,CN(C)P(N(C)C)(N(C)C)=NP(N(C)C)(N(C)C)=NCC,CC(C1=C(C2=C(OC)C=CC(OC)=C2P(C34CC5CC(C4)CC(C5)C3)C67CC8CC(C7)CC(C8)C6)C(C(C)C)=CC(C(C)C)=C1)C,0.538585368
CCc1ccc(Br)cc1,o1cc(cn1)c2ccccc2,CN(C)P(N(C)C)(N(C)C)=NP(N(C)C)(N(C)C)=NCC,CC(C)C1=CC(C(C)C)=CC(C(C)C)=C1C2=C(P(C(C)(C)C)C(C)(C)C)C(OC)=CC=C2OC,26.55673667
Ic1cccnc1,CCOC(=O)c1conc1,CN(C)/C(N(C)C)=N\C(C)(C)C,CC(C)C1=CC(C(C)C)=CC(C(C)C)=C1C2=C(P(C3CCCCC3)C4CCCCC4)C=CC=C2,0.027450906
COc1ccc(Br)cc1,Cc1onc(c1)n2cccc2,CN(C)P(N(C)C)(N(C)C)=NP(N(C)C)(N(C)C)=NCC,CC(C)C1=CC(C(C)C)=CC(C(C)C)=C1C2=C(P(C3CCCCC3)C4CCCCC4)C=CC=C2,41.22664286
Clc1ccccn1,Cc1onc(c1)n2cccc2,CN(C)/C(N(C)C)=N\C(C)(C)C,CC(C1=C(C2=C(OC)C=CC(OC)=C2P(C34CC5CC(C4)CC(C5)C3)C67CC8CC(C7)CC(C8)C6)C(C(C)C)=CC(C(C)C)=C1)C,44.04139335
Clc1ccccn1,CCOC(=O)c1ccon1,CN(C)P(N(C)C)(N(C)C)=NP(N(C)C)(N(C)C)=NCC,CC(C)C1=CC(C(C)C)=CC(C(C)C)=C1C2=C(P(C3CCCCC3)C4CCCCC4)C=CC=C2,0.0
COc1ccc(I)cc1,COC(=O)c1cc(on1)c2sccc2,CN(C)/C(N(C)C)=N\C(C)(C)C,CC(C)C1=CC(C(C)C)=CC(C(C)C)=C1C2=C(P(C3CCCCC3)C4CCCCC4)C=CC=C2,13.41857273
Brc1ccccn1,CCOC(=O)c1cc(C)on1,CN(C)/C(N(C)C)=N\C(C)(C)C,CC(C)C(C=C(C(C)C)C=C1C(C)C)=C1C2=CC=CC=C2P(C(C)(C)C)C(C)(C)C,87.90201497
COc1ccc(I)cc1,o1cc(cn1)c2ccccc2,CN(C)P(N(C)C)(N(C)C)=NP(N(C)C)(N(C)C)=NCC,CC(C)C1=CC(C(C)C)=CC(C(C)C)=C1C2=C(P(C3CCCCC3)C4CCCCC4)C=CC=C2,5.971176669
COc1ccc(Br)cc1,o1ccc(n1)c2ccccc2,CN(C)/C(N(C)C)=N\C(C)(C)C,CC(C)C(C=C(C(C)C)C=C1C(C)C)=C1C2=CC=CC=C2P(C(C)(C)C)C(C)(C)C,45.39654665
Brc1ccccn1,o1nccc1c2ccccc2,CN1CCCN2CCCN=C12,CC(C)C1=CC(C(C)C)=CC(C(C)C)=C1C2=C(P(C(C)(C)C)C(C)(C)C)C(OC)=CC=C2OC,85.4419715
Ic1ccccn1,o1cc2ccccc2n1,CN(C)P(N(C)C)(N(C)C)=NP(N(C)C)(N(C)C)=NCC,CC(C)C1=CC(C(C)C)=CC(C(C)C)=C1C2=C(P(C3CCCCC3)C4CCCCC4)C=CC=C2,13.03686492
Ic1cccnc1,Cc1oncc1,CN(C)P(N(C)C)(N(C)C)=NP(N(C)C)(N(C)C)=NCC,CC(C)C1=CC(C(C)C)=CC(C(C)C)=C1C2=C(P(C(C)(C)C)C(C)(C)C)C(OC)=CC=C2OC,5.007207988
CCc1ccc(I)cc1,C(N(Cc1ccccc1)c2oncc2)c3ccccc3,CN(C)P(N(C)C)(N(C)C)=NP(N(C)C)(N(C)C)=NCC,CC(C1=C(C2=C(OC)C=CC(OC)=C2P(C34CC5CC(C4)CC(C5)C3)C67CC8CC(C7)CC(C8)C6)C(C(C)C)=CC(C(C)C)=C1)C,49.28704587
FC(F)(F)c1ccc(Cl)cc1,o1nccc1c2ccccc2,CN(C)/C(N(C)C)=N\C(C)(C)C,CC(C)C1=CC(C(C)C)=CC(C(C)C)=C1C2=C(P(C3CCCCC3)C4CCCCC4)C=CC=C2,14.01864146
COc1ccc(Cl)cc1,C(N(Cc1ccccc1)c2oncc2)c3ccccc3,CN(C)P(N(C)C)(N(C)C)=NP(N(C)C)(N(C)C)=NCC,CC(C)C(C=C(C(C)C)C=C1C(C)C)=C1C2=CC=CC=C2P(C(C)(C)C)C(C)(C)C,1.924092177
FC(F)(F)c1ccc(I)cc1,Cc1cc(on1)c2ccccc2,CN(C)/C(N(C)C)=N\C(C)(C)C,CC(C)C(C=C(C(C)C)C=C1C(C)C)=C1C2=CC=CC=C2P(C(C)(C)C)C(C)(C)C,36.57290373
Clc1ccccn1,C(N(Cc1ccccc1)c2ccon2)c3ccccc3,CN(C)/C(N(C)C)=N\C(C)(C)C,CC(C1=C(C2=C(OC)C=CC(OC)=C2P(C34CC5CC(C4)CC(C5)C3)C67CC8CC(C7)CC(C8)C6)C(C(C)C)=CC(C(C)C)=C1)C,34.05189508
COc1ccc(Cl)cc1,CCOC(=O)c1cc(C)on1,CN(C)P(N(C)C)(N(C)C)=NP(N(C)C)(N(C)C)=NCC,CC(C)C1=CC(C(C)C)=CC(C(C)C)=C1C2=C(P(C(C)(C)C)C(C)(C)C)C(OC)=CC=C2OC,0.297246729
FC(F)(F)c1ccc(I)cc1,CCOC(=O)c1onc(C)c1,CN(C)P(N(C)C)(N(C)C)=NP(N(C)C)(N(C)C)=NCC,CC(C)C(C=C(C(C)C)C=C1C(C)C)=C1C2=CC=CC=C2P(C(C)(C)C)C(C)(C)C,45.08048043
Ic1cccnc1,Cc1onc(C)c1,CN(C)/C(N(C)C)=N\C(C)(C)C,CC(C)C1=CC(C(C)C)=CC(C(C)C)=C1C2=C(P(C3CCCCC3)C4CCCCC4)C=CC=C2,35.92744664
Ic1cccnc1,CCOC(=O)c1conc1,CN(C)P(N(C)C)(N(C)C)=NP(N(C)C)(N(C)C)=NCC,CC(C1=C(C2=C(OC)C=CC(OC)=C2P(C34CC5CC(C4)CC(C5)C3)C67CC8CC(C7)CC(C8)C6)C(C(C)C)=CC(C(C)C)=C1)C,7.121202503
FC(F)(F)c1ccc(Br)cc1,o1cc2ccccc2n1,CN(C)P(N(C)C)(N(C)C)=NP(N(C)C)(N(C)C)=NCC,CC(C)C1=CC(C(C)C)=CC(C(C)C)=C1C2=C(P(C3CCCCC3)C4CCCCC4)C=CC=C2,8.110761371
Brc1ccccn1,C(N(Cc1ccccc1)c2oncc2)c3ccccc3,CN(C)P(N(C)C)(N(C)C)=NP(N(C)C)(N(C)C)=NCC,CC(C1=C(C2=C(OC)C=CC(OC)=C2P(C34CC5CC(C4)CC(C5)C3)C67CC8CC(C7)CC(C8)C6)C(C(C)C)=CC(C(C)C)=C1)C,37.12306374
FC(F)(F)c1ccc(I)cc1,Cc1onc(C)c1,CN(C)/C(N(C)C)=N\C(C)(C)C,CC(C)C1=CC(C(C)C)=CC(C(C)C)=C1C2=C(P(C3CCCCC3)C4CCCCC4)C=CC=C2,31.86956379
CCc1ccc(Cl)cc1,CCOC(=O)c1onc(OC)c1,CN(C)P(N(C)C)(N(C)C)=NP(N(C)C)(N(C)C)=NCC,CC(C)C1=CC(C(C)C)=CC(C(C)C)=C1C2=C(P(C(C)(C)C)C(C)(C)C)C(OC)=CC=C2OC,6.975926865
Ic1cccnc1,o1ccc(n1)c2ccccc2,CN(C)/C(N(C)C)=N\C(C)(C)C,CC(C)C1=CC(C(C)C)=CC(C(C)C)=C1C2=C(P(C3CCCCC3)C4CCCCC4)C=CC=C2,44.33084711
FC(F)(F)c1ccc(Br)cc1,Cc1oncc1,CN1CCCN2CCCN=C12,CC(C)C1=CC(C(C)C)=CC(C(C)C)=C1C2=C(P(C(C)(C)C)C(C)(C)C)C(OC)=CC=C2OC,29.59583126
Ic1ccccn1,CCOC(=O)c1cc(C)on1,CN1CCCN2CCCN=C12,CC(C)C1=CC(C(C)C)=CC(C(C)C)=C1C2=C(P(C(C)(C)C)C(C)(C)C)C(OC)=CC=C2OC,98.17713445
Clc1ccccn1,Cc1ccon1,CN1CCCN2CCCN=C12,CC(C)C1=CC(C(C)C)=CC(C(C)C)=C1C2=C(P(C(C)(C)C)C(C)(C)C)C(OC)=CC=C2OC,87.76406197
Brc1ccccn1,COC(=O)c1cc(on1)c2sccc2,CN1CCCN2CCCN=C12,CC(C)C1=CC(C(C)C)=CC(C(C)C)=C1C2=C(P(C(C)(C)C)C(C)(C)C)C(OC)=CC=C2OC,80.73687357
CCc1ccc(Cl)cc1,COC(=O)c1cc(on1)c2occc2,CN(C)P(N(C)C)(N(C)C)=NP(N(C)C)(N(C)C)=NCC,CC(C)C(C=C(C(C)C)C=C1C(C)C)=C1C2=CC=CC=C2P(C(C)(C)C)C(C)(C)C,0.649110542
CCc1ccc(Br)cc1,o1ccc(n1)c2ccccc2,CN(C)P(N(C)C)(N(C)C)=NP(N(C)C)(N(C)C)=NCC,CC(C)C(C=C(C(C)C)C=C1C(C)C)=C1C2=CC=CC=C2P(C(C)(C)C)C(C)(C)C,83.3036144
COc1ccc(I)cc1,o1cc(cn1)c2ccccc2,CN(C)/C(N(C)C)=N\C(C)(C)C,CC(C)C1=CC(C(C)C)=CC(C(C)C)=C1C2=C(P(C(C)(C)C)C(C)(C)C)C(OC)=CC=C2OC,33.79435982
Ic1ccccn1,o1cc2ccccc2n1,CN1CCCN2CCCN=C12,CC(C)C1=CC(C(C)C)=CC(C(C)C)=C1C2=C(P(C(C)(C)C)C(C)(C)C)C(OC)=CC=C2OC,78.78970759
FC(F)(F)c1ccc(Br)cc1,o1nccc1c2ccccc2,CN(C)P(N(C)C)(N(C)C)=NP(N(C)C)(N(C)C)=NCC,CC(C)C(C=C(C(C)C)C=C1C(C)C)=C1C2=CC=CC=C2P(C(C)(C)C)C(C)(C)C,18.97417112
Brc1cccnc1,o1ccc(n1)c2ccccc2,CN1CCCN2CCCN=C12,CC(C)C1=CC(C(C)C)=CC(C(C)C)=C1C2=C(P(C3CCCCC3)C4CCCCC4)C=CC=C2,31.9937252
COc1ccc(Br)cc1,CCOC(=O)c1onc(C)c1,CN(C)/C(N(C)C)=N\C(C)(C)C,CC(C)C1=CC(C(C)C)=CC(C(C)C)=C1C2=C(P(C(C)(C)C)C(C)(C)C)C(OC)=CC=C2OC,24.02819715
FC(F)(F)c1ccc(Cl)cc1,CCOC(=O)c1cc(C)on1,CN1CCCN2CCCN=C12,CC(C)C1=CC(C(C)C)=CC(C(C)C)=C1C2=C(P(C(C)(C)C)C(C)(C)C)C(OC)=CC=C2OC,23.09132333
FC(F)(F)c1ccc(Cl)cc1,COC(=O)c1cc(on1)c2occc2,CN(C)/C(N(C)C)=N\C(C)(C)C,CC(C)C1=CC(C(C)C)=CC(C(C)C)=C1C2=C(P(C(C)(C)C)C(C)(C)C)C(OC)=CC=C2OC,5.265059572
CCc1ccc(Br)cc1,CCOC(=O)c1ccon1,CN(C)/C(N(C)C)=N\C(C)(C)C,CC(C)C1=CC(C(C)C)=CC(C(C)C)=C1C2=C(P(C3CCCCC3)C4CCCCC4)C=CC=C2,34.68012306
COc1ccc(Br)cc1,COC(=O)c1cc(on1)c2sccc2,CN(C)P(N(C)C)(N(C)C)=NP(N(C)C)(N(C)C)=NCC,CC(C)C(C=C(C(C)C)C=C1C(C)C)=C1C2=CC=CC=C2P(C(C)(C)C)C(C)(C)C,45.77689221
CCc1ccc(Cl)cc1,o1cc(cn1)c2ccccc2,CN1CCCN2CCCN=C12,CC(C)C(C=C(C(C)C)C=C1C(C)C)=C1C2=CC=CC=C2P(C(C)(C)C)C(C)(C)C,16.2490011
Clc1ccccn1,Cc1ccon1,CN(C)P(N(C)C)(N(C)C)=NP(N(C)C)(N(C)C)=NCC,CC(C1=C(C2=C(OC)C=CC(OC)=C2P(C34CC5CC(C4)CC(C5)C3)C67CC8CC(C7)CC(C8)C6)C(C(C)C)=CC(C(C)C)=C1)C,80.49152522
Ic1cccnc1,Cc1cc(on1)c2ccccc2,CN(C)P(N(C)C)(N(C)C)=NP(N(C)C)(N(C)C)=NCC,CC(C)C1=CC(C(C)C)=CC(C(C)C)=C1C2=C(P(C3CCCCC3)C4CCCCC4)C=CC=C2,81.35759178
Ic1ccccn1,COC(=O)c1cc(on1)c2sccc2,CN1CCCN2CCCN=C12,CC(C)C1=CC(C(C)C)=CC(C(C)C)=C1C2=C(P(C3CCCCC3)C4CCCCC4)C=CC=C2,52.56128921
CCc1ccc(Cl)cc1,Cc1onc(C)c1,CN1CCCN2CCCN=C12,CC(C)C1=CC(C(C)C)=CC(C(C)C)=C1C2=C(P(C(C)(C)C)C(C)(C)C)C(OC)=CC=C2OC,7.18319285
COc1ccc(Br)cc1,Fc1cccc(F)c1c2oncc2,CN1CCCN2CCCN=C12,CC(C)C1=CC(C(C)C)=CC(C(C)C)=C1C2=C(P(C(C)(C)C)C(C)(C)C)C(OC)=CC=C2OC,31.09780796
Clc1cccnc1,C(N(Cc1ccccc1)c2oncc2)c3ccccc3,CN(C)/C(N(C)C)=N\C(C)(C)C,CC(C)C1=CC(C(C)C)=CC(C(C)C)=C1C2=C(P(C3CCCCC3)C4CCCCC4)C=CC=C2,0.0
CCc1ccc(Br)cc1,Cc1oncc1,CN1CCCN2CCCN=C12,CC(C)C1=CC(C(C)C)=CC(C(C)C)=C1C2=C(P(C3CCCCC3)C4CCCCC4)C=CC=C2,17.09448081
Brc1cccnc1,COC(=O)c1oncc1,CN(C)P(N(C)C)(N(C)C)=NP(N(C)C)(N(C)C)=NCC,CC(C)C1=CC(C(C)C)=CC(C(C)C)=C1C2=C(P(C3CCCCC3)C4CCCCC4)C=CC=C2,4.546819288
CCc1ccc(I)cc1,Cc1cc(on1)c2ccccc2,CN(C)P(N(C)C)(N(C)C)=NP(N(C)C)(N(C)C)=NCC,CC(C)C(C=C(C(C)C)C=C1C(C)C)=C1C2=CC=CC=C2P(C(C)(C)C)C(C)(C)C,64.60187181
Ic1ccccn1,CCOC(=O)c1cnoc1C,CN1CCCN2CCCN=C12,CC(C1=C(C2=C(OC)C=CC(OC)=C2P(C34CC5CC(C4)CC(C5)C3)C67CC8CC(C7)CC(C8)C6)C(C(C)C)=CC(C(C)C)=C1)C,63.351286
Brc1cccnc1,o1cc2ccccc2n1,CN(C)/C(N(C)C)=N\C(C)(C)C,CC(C)C1=CC(C(C)C)=CC(C(C)C)=C1C2=C(P(C(C)(C)C)C(C)(C)C)C(OC)=CC=C2OC,11.61765415
FC(F)(F)c1ccc(Cl)cc1,COC(=O)c1oncc1,CN(C)P(N(C)C)(N(C)C)=NP(N(C)C)(N(C)C)=NCC,CC(C1=C(C2=C(OC)C=CC(OC)=C2P(C34CC5CC(C4)CC(C5)C3)C67CC8CC(C7)CC(C8)C6)C(C(C)C)=CC(C(C)C)=C1)C,3.449624718
COc1ccc(Cl)cc1,Cc1onc(c1)n2cccc2,CN1CCCN2CCCN=C12,CC(C)C(C=C(C(C)C)C=C1C(C)C)=C1C2=CC=CC=C2P(C(C)(C)C)C(C)(C)C,1.728296665
CCc1ccc(I)cc1,CCOC(=O)c1onc(C)c1,CN(C)/C(N(C)C)=N\C(C)(C)C,CC(C)C1=CC(C(C)C)=CC(C(C)C)=C1C2=C(P(C(C)(C)C)C(C)(C)C)C(OC)=CC=C2OC,74.62438876
COc1ccc(I)cc1,CCOC(=O)c1onc(C)c1,CN1CCCN2CCCN=C12,CC(C)C(C=C(C(C)C)C=C1C(C)C)=C1C2=CC=CC=C2P(C(C)(C)C)C(C)(C)C,53.675534
Ic1ccccn1,o1cc2ccccc2n1,CN1CCCN2CCCN=C12,CC(C)C(C=C(C(C)C)C=C1C(C)C)=C1C2=CC=CC=C2P(C(C)(C)C)C(C)(C)C,80.53864746
CCc1ccc(Cl)cc1,C(N(Cc1ccccc1)c2oncc2)c3ccccc3,CN(C)/C(N(C)C)=N\C(C)(C)C,CC(C)C1=CC(C(C)C)=CC(C(C)C)=C1C2=C(P(C3CCCCC3)C4CCCCC4)C=CC=C2,1.378417368
Clc1cccnc1,Cc1onc(c1)n2cccc2,CN(C)P(N(C)C)(N(C)C)=NP(N(C)C)(N(C)C)=NCC,CC(C)C1=CC(C(C)C)=CC(C(C)C)=C1C2=C(P(C(C)(C)C)C(C)(C)C)C(OC)=CC=C2OC,3.724806832
Brc1cccnc1,CCOC(=O)c1onc(OC)c1,CN(C)/C(N(C)C)=N\C(C)(C)C,CC(C)C1=CC(C(C)C)=CC(C(C)C)=C1C2=C(P(C3CCCCC3)C4CCCCC4)C=CC=C2,18.1199602
COc1ccc(Cl)cc1,COC(=O)c1cc(on1)c2occc2,CN(C)P(N(C)C)(N(C)C)=NP(N(C)C)(N(C)C)=NCC,CC(C)C1=CC(C(C)C)=CC(C(C)C)=C1C2=C(P(C(C)(C)C)C(C)(C)C)C(OC)=CC=C2OC,0.0
COc1ccc(Br)cc1,COC(=O)c1cc(on1)c2occc2,CN(C)P(N(C)C)(N(C)C)=NP(N(C)C)(N(C)C)=NCC,CC(C)C1=CC(C(C)C)=CC(C(C)C)=C1C2=C(P(C3CCCCC3)C4CCCCC4)C=CC=C2,8.123761297
FC(F)(F)c1ccc(I)cc1,o1ncc2ccccc12,CN1CCCN2CCCN=C12,CC(C)C1=CC(C(C)C)=CC(C(C)C)=C1C2=C(P(C(C)(C)C)C(C)(C)C)C(OC)=CC=C2OC,49.30223849
Ic1ccccn1,CCOC(=O)c1cc(C)on1,CN(C)P(N(C)C)(N(C)C)=NP(N(C)C)(N(C)C)=NCC,CC(C)C1=CC(C(C)C)=CC(C(C)C)=C1C2=C(P(C3CCCCC3)C4CCCCC4)C=CC=C2,26.98890626
Clc1cccnc1,C(N(Cc1ccccc1)c2ccon2)c3ccccc3,CN(C)/C(N(C)C)=N\C(C)(C)C,CC(C)C(C=C(C(C)C)C=C1C(C)C)=C1C2=CC=CC=C2P(C(C)(C)C)C(C)(C)C,37.522573
CCc1ccc(Cl)cc1,o1nccc1c2ccccc2,CN1CCCN2CCCN=C12,CC(C)C(C=C(C(C)C)C=C1C(C)C)=C1C2=CC=CC=C2P(C(C)(C)C)C(C)(C)C,15.31942872
FC(F)(F)c1ccc(I)cc1,CCOC(=O)c1cc(C)on1,CN(C)/C(N(C)C)=N\C(C)(C)C,CC(C)C1=CC(C(C)C)=CC(C(C)C)=C1C2=C(P(C3CCCCC3)C4CCCCC4)C=CC=C2,41.70005044
FC(F)(F)c1ccc(Cl)cc1,Cc1cc(on1)c2ccccc2,CN(C)/C(N(C)C)=N\C(C)(C)C,CC(C)C(C=C(C(C)C)C=C1C(C)C)=C1C2=CC=CC=C2P(C(C)(C)C)C(C)(C)C,31.26129694
Brc1ccccn1,COC(=O)c1cc(on1)c2sccc2,CN(C)/C(N(C)C)=N\C(C)(C)C,CC(C1=C(C2=C(OC)C=CC(OC)=C2P(C34CC5CC(C4)CC(C5)C3)C67CC8CC(C7)CC(C8)C6)C(C(C)C)=CC(C(C)C)=C1)C,42.18931962
CCc1ccc(I)cc1,CCOC(=O)c1onc(OC)c1,CN(C)P(N(C)C)(N(C)C)=NP(N(C)C)(N(C)C)=NCC,CC(C)C1=CC(C(C)C)=CC(C(C)C)=C1C2=C(P(C(C)(C)C)C(C)(C)C)C(OC)=CC=C2OC,68.43167679
COc1ccc(Br)cc1,C(N(Cc1ccccc1)c2ccon2)c3ccccc3,CN(C)/C(N(C)C)=N\C(C)(C)C,CC(C)C1=CC(C(C)C)=CC(C(C)C)=C1C2=C(P(C3CCCCC3)C4CCCCC4)C=CC=C2,47.13740479
FC(F)(F)c1ccc(Cl)cc1,o1ncc2ccccc12,CN1CCCN2CCCN=C12,CC(C1=C(C2=C(OC)C=CC(OC)=C2P(C34CC5CC(C4)CC(C5)C3)C67CC8CC(C7)CC(C8)C6)C(C(C)C)=CC(C(C)C)=C1)C,15.85078385
FC(F)(F)c1ccc(Br)cc1,COC(=O)c1cc(on1)c2occc2,CN(C)/C(N(C)C)=N\C(C)(C)C,CC(C)C1=CC(C(C)C)=CC(C(C)C)=C1C2=C(P(C3CCCCC3)C4CCCCC4)C=CC=C2,24.08891574
Ic1ccccn1,C(N(Cc1ccccc1)c2ccon2)c3ccccc3,CN(C)/C(N(C)C)=N\C(C)(C)C,CC(C)C1=CC(C(C)C)=CC(C(C)C)=C1C2=C(P(C3CCCCC3)C4CCCCC4)C=CC=C2,46.57912629
FC(F)(F)c1ccc(I)cc1,Cc1cc(on1)c2ccccc2,CN1CCCN2CCCN=C12,CC(C)C1=CC(C(C)C)=CC(C(C)C)=C1C2=C(P(C(C)(C)C)C(C)(C)C)C(OC)=CC=C2OC,41.728023
Clc1ccccn1,CCOC(=O)c1onc(OC)c1,CN(C)P(N(C)C)(N(C)C)=NP(N(C)C)(N(C)C)=NCC,CC(C1=C(C2=C(OC)C=CC(OC)=C2P(C34CC5CC(C4)CC(C5)C3)C67CC8CC(C7)CC(C8)C6)C(C(C)C)=CC(C(C)C)=C1)C,74.06067797
FC(F)(F)c1ccc(Br)cc1,COC(=O)c1cc(on1)c2sccc2,CN(C)/C(N(C)C)=N\C(C)(C)C,CC(C)C1=CC(C(C)C)=CC(C(C)C)=C1C2=C(P(C3CCCCC3)C4CCCCC4)C=CC=C2,26.29886063
Brc1ccccn1,Cc1ccon1,CN(C)P(N(C)C)(N(C)C)=NP(N(C)C)(N(C)C)=NCC,CC(C1=C(C2=C(OC)C=CC(OC)=C2P(C34CC5CC(C4)CC(C5)C3)C67CC8CC(C7)CC(C8)C6)C(C(C)C)=CC(C(C)C)=C1)C,89.89767813
FC(F)(F)c1ccc(Br)cc1,Cc1cc(on1)c2ccccc2,CN(C)P(N(C)C)(N(C)C)=NP(N(C)C)(N(C)C)=NCC,CC(C)C(C=C(C(C)C)C=C1C(C)C)=C1C2=CC=CC=C2P(C(C)(C)C)C(C)(C)C,33.92093167
Brc1ccccn1,o1ncc2ccccc12,CN(C)P(N(C)C)(N(C)C)=NP(N(C)C)(N(C)C)=NCC,CC(C)C(C=C(C(C)C)C=C1C(C)C)=C1C2=CC=CC=C2P(C(C)(C)C)C(C)(C)C,65.48767084
Ic1cccnc1,o1cc2ccccc2n1,CN1CCCN2CCCN=C12,CC(C)C1=CC(C(C)C)=CC(C(C)C)=C1C2=C(P(C(C)(C)C)C(C)(C)C)C(OC)=CC=C2OC,26.6793303
Ic1ccccn1,Cc1onc(c1)n2cccc2,CN1CCCN2CCCN=C12,CC(C)C1=CC(C(C)C)=CC(C(C)C)=C1C2=C(P(C3CCCCC3)C4CCCCC4)C=CC=C2,62.64059826
COc1ccc(Cl)cc1,CCOC(=O)c1conc1,CN(C)P(N(C)C)(N(C)C)=NP(N(C)C)(N(C)C)=NCC,CC(C)C1=CC(C(C)C)=CC(C(C)C)=C1C2=C(P(C(C)(C)C)C(C)(C)C)C(OC)=CC=C2OC,0.0
FC(F)(F)c1ccc(Br)cc1,CCOC(=O)c1onc(C)c1,CN1CCCN2CCCN=C12,CC(C1=C(C2=C(OC)C=CC(OC)=C2P(C34CC5CC(C4)CC(C5)C3)C67CC8CC(C7)CC(C8)C6)C(C(C)C)=CC(C(C)C)=C1)C,36.61548208
CCc1ccc(Cl)cc1,C(N(Cc1ccccc1)c2ccon2)c3ccccc3,CN(C)P(N(C)C)(N(C)C)=NP(N(C)C)(N(C)C)=NCC,CC(C)C(C=C(C(C)C)C=C1C(C)C)=C1C2=CC=CC=C2P(C(C)(C)C)C(C)(C)C,9.771808987
FC(F)(F)c1ccc(Cl)cc1,CCOC(=O)c1onc(OC)c1,CN1CCCN2CCCN=C12,CC(C)C1=CC(C(C)C)=CC(C(C)C)=C1C2=C(P(C(C)(C)C)C(C)(C)C)C(OC)=CC=C2OC,3.638207936
Clc1cccnc1,COC(=O)c1oncc1,CN(C)P(N(C)C)(N(C)C)=NP(N(C)C)(N(C)C)=NCC,CC(C1=C(C2=C(OC)C=CC(OC)=C2P(C34CC5CC(C4)CC(C5)C3)C67CC8CC(C7)CC(C8)C6)C(C(C)C)=CC(C(C)C)=C1)C,2.238996806
COc1ccc(I)cc1,COC(=O)c1cc(on1)c2occc2,CN(C)/C(N(C)C)=N\C(C)(C)C,CC(C1=C(C2=C(OC)C=CC(OC)=C2P(C34CC5CC(C4)CC(C5)C3)C67CC8CC(C7)CC(C8)C6)C(C(C)C)=CC(C(C)C)=C1)C,36.0742325
Brc1cccnc1,Cc1onc(c1)n2cccc2,CN(C)P(N(C)C)(N(C)C)=NP(N(C)C)(N(C)C)=NCC,CC(C)C1=CC(C(C)C)=CC(C(C)C)=C1C2=C(P(C3CCCCC3)C4CCCCC4)C=CC=C2,24.97274403
COc1ccc(Br)cc1,CCOC(=O)c1onc(OC)c1,CN(C)/C(N(C)C)=N\C(C)(C)C,CC(C)C(C=C(C(C)C)C=C1C(C)C)=C1C2=CC=CC=C2P(C(C)(C)C)C(C)(C)C,37.12675544
FC(F)(F)c1ccc(Br)cc1,Cc1cc(on1)c2ccccc2,CN1CCCN2CCCN=C12,CC(C)C1=CC(C(C)C)=CC(C(C)C)=C1C2=C(P(C(C)(C)C)C(C)(C)C)C(OC)=CC=C2OC,38.5374711
FC(F)(F)c1ccc(Cl)cc1,o1nccc1c2ccccc2,CN(C)P(N(C)C)(N(C)C)=NP(N(C)C)(N(C)C)=NCC,CC(C1=C(C2=C(OC)C=CC(OC)=C2P(C34CC5CC(C4)CC(C5)C3)C67CC8CC(C7)CC(C8)C6)C(C(C)C)=CC(C(C)C)=C1)C,6.575127297
Clc1ccccn1,o1ccc(n1)c2ccccc2,CN1CCCN2CCCN=C12,CC(C)C(C=C(C(C)C)C=C1C(C)C)=C1C2=CC=CC=C2P(C(C)(C)C)C(C)(C)C,86.19439925
Clc1cccnc1,Cc1onc(c1)n2cccc2,CN(C)P(N(C)C)(N(C)C)=NP(N(C)C)(N(C)C)=NCC,CC(C)C1=CC(C(C)C)=CC(C(C)C)=C1C2=C(P(C3CCCCC3)C4CCCCC4)C=CC=C2,38.7528241
CCc1ccc(Br)cc1,CCOC(=O)c1cc(C)on1,CN(C)P(N(C)C)(N(C)C)=NP(N(C)C)(N(C)C)=NCC,CC(C)C1=CC(C(C)C)=CC(C(C)C)=C1C2=C(P(C3CCCCC3)C4CCCCC4)C=CC=C2,53.99699311
COc1ccc(Cl)cc1,o1cc2ccccc2n1,CN1CCCN2CCCN=C12,CC(C)C(C=C(C(C)C)C=C1C(C)C)=C1C2=CC=CC=C2P(C(C)(C)C)C(C)(C)C,0.0
FC(F)(F)c1ccc(Cl)cc1,Cc1cc(on1)c2ccccc2,CN1CCCN2CCCN=C12,CC(C1=C(C2=C(OC)C=CC(OC)=C2P(C34CC5CC(C4)CC(C5)C3)C67CC8CC(C7)CC(C8)C6)C(C(C)C)=CC(C(C)C)=C1)C,7.126598878
CCc1ccc(Br)cc1,C(N(Cc1ccccc1)c2oncc2)c3ccccc3,CN(C)P(N(C)C)(N(C)C)=NP(N(C)C)(N(C)C)=NCC,CC(C)C1=CC(C(C)C)=CC(C(C)C)=C1C2=C(P(C(C)(C)C)C(C)(C)C)C(OC)=CC=C2OC,60.55316321
CCc1ccc(Br)cc1,Cc1cc(on1)c2ccccc2,CN(C)/C(N(C)C)=N\C(C)(C)C,CC(C)C1=CC(C(C)C)=CC(C(C)C)=C1C2=C(P(C3CCCCC3)C4CCCCC4)C=CC=C2,25.1224442
CCc1ccc(I)cc1,CCOC(=O)c1cnoc1C,CN1CCCN2CCCN=C12,CC(C)C(C=C(C(C)C)C=C1C(C)C)=C1C2=CC=CC=C2P(C(C)(C)C)C(C)(C)C,61.5016932
COc1ccc(Br)cc1,Cc1cc(on1)c2ccccc2,CN(C)/C(N(C)C)=N\C(C)(C)C,CC(C)C(C=C(C(C)C)C=C1C(C)C)=C1C2=CC=CC=C2P(C(C)(C)C)C(C)(C)C,36.22635154
Brc1cccnc1,o1nccc1c2ccccc2,CN(C)P(N(C)C)(N(C)C)=NP(N(C)C)(N(C)C)=NCC,CC(C)C(C=C(C(C)C)C=C1C(C)C)=C1C2=CC=CC=C2P(C(C)(C)C)C(C)(C)C,26.25688388
Brc1cccnc1,o1nccc1c2ccccc2,CN(C)/C(N(C)C)=N\C(C)(C)C,CC(C)C1=CC(C(C)C)=CC(C(C)C)=C1C2=C(P(C3CCCCC3)C4CCCCC4)C=CC=C2,11.38334579
COc1ccc(Cl)cc1,COC(=O)c1cc(on1)c2occc2,CN1CCCN2CCCN=C12,CC(C)C1=CC(C(C)C)=CC(C(C)C)=C1C2=C(P(C3CCCCC3)C4CCCCC4)C=CC=C2,0.0
Ic1ccccn1,Cc1cc(on1)c2ccccc2,CN(C)/C(N(C)C)=N\C(C)(C)C,CC(C)C1=CC(C(C)C)=CC(C(C)C)=C1C2=C(P(C3CCCCC3)C4CCCCC4)C=CC=C2,42.20791273
FC(F)(F)c1ccc(I)cc1,o1cc(cn1)c2ccccc2,CN(C)/C(N(C)C)=N\C(C)(C)C,CC(C)C(C=C(C(C)C)C=C1C(C)C)=C1C2=CC=CC=C2P(C(C)(C)C)C(C)(C)C,48.56121582
Ic1ccccn1,Cc1onc(C)c1,CN1CCCN2CCCN=C12,CC(C)C(C=C(C(C)C)C=C1C(C)C)=C1C2=CC=CC=C2P(C(C)(C)C)C(C)(C)C,83.65366275
COc1ccc(I)cc1,CCOC(=O)c1cnoc1C,CN(C)P(N(C)C)(N(C)C)=NP(N(C)C)(N(C)C)=NCC,CC(C)C1=CC(C(C)C)=CC(C(C)C)=C1C2=C(P(C3CCCCC3)C4CCCCC4)C=CC=C2,6.999679881
CCc1ccc(Br)cc1,COC(=O)c1cc(on1)c2occc2,CN1CCCN2CCCN=C12,CC(C)C1=CC(C(C)C)=CC(C(C)C)=C1C2=C(P(C3CCCCC3)C4CCCCC4)C=CC=C2,17.29489164
Ic1cccnc1,COC(=O)c1oncc1,CN(C)/C(N(C)C)=N\C(C)(C)C,CC(C)C1=CC(C(C)C)=CC(C(C)C)=C1C2=C(P(C(C)(C)C)C(C)(C)C)C(OC)=CC=C2OC,40.57039192
Clc1cccnc1,o1cc(cn1)c2ccccc2,CN(C)/C(N(C)C)=N\C(C)(C)C,CC(C)C(C=C(C(C)C)C=C1C(C)C)=C1C2=CC=CC=C2P(C(C)(C)C)C(C)(C)C,12.48383732
COc1ccc(Cl)cc1,Cc1onc(C)c1,CN(C)P(N(C)C)(N(C)C)=NP(N(C)C)(N(C)C)=NCC,CC(C1=C(C2=C(OC)C=CC(OC)=C2P(C34CC5CC(C4)CC(C5)C3)C67CC8CC(C7)CC(C8)C6)C(C(C)C)=CC(C(C)C)=C1)C,0.0
COc1ccc(Br)cc1,CCOC(=O)c1onc(C)c1,CN(C)P(N(C)C)(N(C)C)=NP(N(C)C)(N(C)C)=NCC,CC(C1=C(C2=C(OC)C=CC(OC)=C2P(C34CC5CC(C4)CC(C5)C3)C67CC8CC(C7)CC(C8)C6)C(C(C)C)=CC(C(C)C)=C1)C,44.68712072
COc1ccc(I)cc1,CCOC(=O)c1cnoc1C,CN(C)/C(N(C)C)=N\C(C)(C)C,CC(C)C(C=C(C(C)C)C=C1C(C)C)=C1C2=CC=CC=C2P(C(C)(C)C)C(C)(C)C,25.46788478
COc1ccc(I)cc1,Cc1cc(on1)c2ccccc2,CN(C)P(N(C)C)(N(C)C)=NP(N(C)C)(N(C)C)=NCC,CC(C1=C(C2=C(OC)C=CC(OC)=C2P(C34CC5CC(C4)CC(C5)C3)C67CC8CC(C7)CC(C8)C6)C(C(C)C)=CC(C(C)C)=C1)C,50.20384511
Brc1ccccn1,o1ncc2ccccc12,CN(C)/C(N(C)C)=N\C(C)(C)C,CC(C)C1=CC(C(C)C)=CC(C(C)C)=C1C2=C(P(C(C)(C)C)C(C)(C)C)C(OC)=CC=C2OC,43.48269562
Clc1ccccn1,o1ccc(n1)c2ccccc2,CN(C)/C(N(C)C)=N\C(C)(C)C,CC(C)C1=CC(C(C)C)=CC(C(C)C)=C1C2=C(P(C3CCCCC3)C4CCCCC4)C=CC=C2,32.92776022
FC(F)(F)c1ccc(I)cc1,o1nccc1c2ccccc2,CN1CCCN2CCCN=C12,CC(C)C(C=C(C(C)C)C=C1C(C)C)=C1C2=CC=CC=C2P(C(C)(C)C)C(C)(C)C,50.13634297
Ic1ccccn1,o1ccc(n1)c2ccccc2,CN(C)P(N(C)C)(N(C)C)=NP(N(C)C)(N(C)C)=NCC,CC(C)C(C=C(C(C)C)C=C1C(C)C)=C1C2=CC=CC=C2P(C(C)(C)C)C(C)(C)C,73.13874552
FC(F)(F)c1ccc(I)cc1,Cc1onc(c1)n2cccc2,CN(C)/C(N(C)C)=N\C(C)(C)C,CC(C1=C(C2=C(OC)C=CC(OC)=C2P(C34CC5CC(C4)CC(C5)C3)C67CC8CC(C7)CC(C8)C6)C(C(C)C)=CC(C(C)C)=C1)C,36.96535355
FC(F)(F)c1ccc(Br)cc1,Cc1onc(c1)n2cccc2,CN1CCCN2CCCN=C12,CC(C)C(C=C(C(C)C)C=C1C(C)C)=C1C2=CC=CC=C2P(C(C)(C)C)C(C)(C)C,39.20587876
FC(F)(F)c1ccc(Br)cc1,C(N(Cc1ccccc1)c2ccon2)c3ccccc3,CN(C)P(N(C)C)(N(C)C)=NP(N(C)C)(N(C)C)=NCC,CC(C)C1=CC(C(C)C)=CC(C(C)C)=C1C2=C(P(C3CCCCC3)C4CCCCC4)C=CC=C2,15.00790512
CCc1ccc(Br)cc1,Cc1oncc1,CN(C)P(N(C)C)(N(C)C)=NP(N(C)C)(N(C)C)=NCC,CC(C1=C(C2=C(OC)C=CC(OC)=C2P(C34CC5CC(C4)CC(C5)C3)C67CC8CC(C7)CC(C8)C6)C(C(C)C)=CC(C(C)C)=C1)C,12.30029297
FC(F)(F)c1ccc(I)cc1,o1ccc(n1)c2ccccc2,CN(C)P(N(C)C)(N(C)C)=NP(N(C)C)(N(C)C)=NCC,CC(C)C1=CC(C(C)C)=CC(C(C)C)=C1C2=C(P(C3CCCCC3)C4CCCCC4)C=CC=C2,20.86747592
Ic1ccccn1,COC(=O)c1oncc1,CN(C)P(N(C)C)(N(C)C)=NP(N(C)C)(N(C)C)=NCC,CC(C)C(C=C(C(C)C)C=C1C(C)C)=C1C2=CC=CC=C2P(C(C)(C)C)C(C)(C)C,26.69194458
Brc1ccccn1,o1cc2ccccc2n1,CN1CCCN2CCCN=C12,CC(C1=C(C2=C(OC)C=CC(OC)=C2P(C34CC5CC(C4)CC(C5)C3)C67CC8CC(C7)CC(C8)C6)C(C(C)C)=CC(C(C)C)=C1)C,36.35900481
COc1ccc(Br)cc1,COC(=O)c1cc(on1)c2occc2,CN1CCCN2CCCN=C12,CC(C)C(C=C(C(C)C)C=C1C(C)C)=C1C2=CC=CC=C2P(C(C)(C)C)C(C)(C)C,47.71503964
FC(F)(F)c1ccc(Br)cc1,Cc1cc(on1)c2ccccc2,CN(C)P(N(C)C)(N(C)C)=NP(N(C)C)(N(C)C)=NCC,CC(C1=C(C2=C(OC)C=CC(OC)=C2P(C34CC5CC(C4)CC(C5)C3)C67CC8CC(C7)CC(C8)C6)C(C(C)C)=CC(C(C)C)=C1)C,15.46929664
COc1ccc(Br)cc1,Cc1onc(C)c1,CN1CCCN2CCCN=C12,CC(C)C(C=C(C(C)C)C=C1C(C)C)=C1C2=CC=CC=C2P(C(C)(C)C)C(C)(C)C,50.43757677
Clc1ccccn1,CCOC(=O)c1conc1,CN(C)/C(N(C)C)=N\C(C)(C)C,CC(C)C(C=C(C(C)C)C=C1C(C)C)=C1C2=CC=CC=C2P(C(C)(C)C)C(C)(C)C,1.986478634
COc1ccc(I)cc1,CCOC(=O)c1ccon1,CN(C)/C(N(C)C)=N\C(C)(C)C,CC(C)C1=CC(C(C)C)=CC(C(C)C)=C1C2=C(P(C(C)(C)C)C(C)(C)C)C(OC)=CC=C2OC,34.24307349
Clc1cccnc1,C(N(Cc1ccccc1)c2ccon2)c3ccccc3,CN1CCCN2CCCN=C12,CC(C)C(C=C(C(C)C)C=C1C(C)C)=C1C2=CC=CC=C2P(C(C)(C)C)C(C)(C)C,45.19876304
Brc1ccccn1,CCOC(=O)c1onc(OC)c1,CN(C)P(N(C)C)(N(C)C)=NP(N(C)C)(N(C)C)=NCC,CC(C)C1=CC(C(C)C)=CC(C(C)C)=C1C2=C(P(C3CCCCC3)C4CCCCC4)C=CC=C2,46.64960106
FC(F)(F)c1ccc(I)cc1,COC(=O)c1cc(on1)c2occc2,CN(C)P(N(C)C)(N(C)C)=NP(N(C)C)(N(C)C)=NCC,CC(C1=C(C2=C(OC)C=CC(OC)=C2P(C34CC5CC(C4)CC(C5)C3)C67CC8CC(C7)CC(C8)C6)C(C(C)C)=CC(C(C)C)=C1)C,30.7124479
CCc1ccc(Cl)cc1,o1nccc1c2ccccc2,CN1CCCN2CCCN=C12,CC(C1=C(C2=C(OC)C=CC(OC)=C2P(C34CC5CC(C4)CC(C5)C3)C67CC8CC(C7)CC(C8)C6)C(C(C)C)=CC(C(C)C)=C1)C,2.173414859
FC(F)(F)c1ccc(Br)cc1,CCOC(=O)c1cnoc1C,CN1CCCN2CCCN=C12,CC(C)C(C=C(C(C)C)C=C1C(C)C)=C1C2=CC=CC=C2P(C(C)(C)C)C(C)(C)C,27.11496768
FC(F)(F)c1ccc(Br)cc1,o1cc2ccccc2n1,CN(C)P(N(C)C)(N(C)C)=NP(N(C)C)(N(C)C)=NCC,CC(C)C(C=C(C(C)C)C=C1C(C)C)=C1C2=CC=CC=C2P(C(C)(C)C)C(C)(C)C,12.33593597
Ic1ccccn1,Cc1onc(c1)n2cccc2,CN(C)P(N(C)C)(N(C)C)=NP(N(C)C)(N(C)C)=NCC,CC(C)C1=CC(C(C)C)=CC(C(C)C)=C1C2=C(P(C3CCCCC3)C4CCCCC4)C=CC=C2,22.35512226
COc1ccc(Br)cc1,o1cc2ccccc2n1,CN(C)P(N(C)C)(N(C)C)=NP(N(C)C)(N(C)C)=NCC,CC(C)C(C=C(C(C)C)C=C1C(C)C)=C1C2=CC=CC=C2P(C(C)(C)C)C(C)(C)C,13.33701887
Ic1ccccn1,CCOC(=O)c1cc(C)on1,CN(C)P(N(C)C)(N(C)C)=NP(N(C)C)(N(C)C)=NCC,CC(C)C(C=C(C(C)C)C=C1C(C)C)=C1C2=CC=CC=C2P(C(C)(C)C)C(C)(C)C,73.22050209
Brc1ccccn1,CCOC(=O)c1cc(C)on1,CN(C)/C(N(C)C)=N\C(C)(C)C,CC(C1=C(C2=C(OC)C=CC(OC)=C2P(C34CC5CC(C4)CC(C5)C3)C67CC8CC(C7)CC(C8)C6)C(C(C)C)=CC(C(C)C)=C1)C,56.65401799
FC(F)(F)c1ccc(Br)cc1,o1ccc(n1)c2ccccc2,CN(C)/C(N(C)C)=N\C(C)(C)C,CC(C)C(C=C(C(C)C)C=C1C(C)C)=C1C2=CC=CC=C2P(C(C)(C)C)C(C)(C)C,54.22375463
FC(F)(F)c1ccc(I)cc1,C(N(Cc1ccccc1)c2oncc2)c3ccccc3,CN1CCCN2CCCN=C12,CC(C)C(C=C(C(C)C)C=C1C(C)C)=C1C2=CC=CC=C2P(C(C)(C)C)C(C)(C)C,39.35756061
Ic1ccccn1,CCOC(=O)c1conc1,CN1CCCN2CCCN=C12,CC(C)C(C=C(C(C)C)C=C1C(C)C)=C1C2=CC=CC=C2P(C(C)(C)C)C(C)(C)C,51.15306518
CCc1ccc(Br)cc1,o1ccc(n1)c2ccccc2,CN(C)P(N(C)C)(N(C)C)=NP(N(C)C)(N(C)C)=NCC,CC(C)C1=CC(C(C)C)=CC(C(C)C)=C1C2=C(P(C3CCCCC3)C4CCCCC4)C=CC=C2,51.71538404
COc1ccc(Cl)cc1,o1cc2ccccc2n1,CN(C)P(N(C)C)(N(C)C)=NP(N(C)C)(N(C)C)=NCC,CC(C)C(C=C(C(C)C)C=C1C(C)C)=C1C2=CC=CC=C2P(C(C)(C)C)C(C)(C)C,0.970983294
Clc1cccnc1,Cc1onc(C)c1,CN1CCCN2CCCN=C12,CC(C)C(C=C(C(C)C)C=C1C(C)C)=C1C2=CC=CC=C2P(C(C)(C)C)C(C)(C)C,45.11238212
CCc1ccc(Br)cc1,CCOC(=O)c1onc(OC)c1,CN1CCCN2CCCN=C12,CC(C)C1=CC(C(C)C)=CC(C(C)C)=C1C2=C(P(C3CCCCC3)C4CCCCC4)C=CC=C2,21.77773542
Clc1cccnc1,CCOC(=O)c1onc(OC)c1,CN1CCCN2CCCN=C12,CC(C)C1=CC(C(C)C)=CC(C(C)C)=C1C2=C(P(C(C)(C)C)C(C)(C)C)C(OC)=CC=C2OC,2.354282195
COc1ccc(Cl)cc1,C(N(Cc1ccccc1)c2oncc2)c3ccccc3,CN1CCCN2CCCN=C12,CC(C)C1=CC(C(C)C)=CC(C(C)C)=C1C2=C(P(C(C)(C)C)C(C)(C)C)C(OC)=CC=C2OC,0.0
Clc1ccccn1,Cc1ccon1,CN(C)P(N(C)C)(N(C)C)=NP(N(C)C)(N(C)C)=NCC,CC(C)C1=CC(C(C)C)=CC(C(C)C)=C1C2=C(P(C(C)(C)C)C(C)(C)C)C(OC)=CC=C2OC,69.08248124
FC(F)(F)c1ccc(Br)cc1,Cc1onc(c1)n2cccc2,CN(C)/C(N(C)C)=N\C(C)(C)C,CC(C)C1=CC(C(C)C)=CC(C(C)C)=C1C2=C(P(C3CCCCC3)C4CCCCC4)C=CC=C2,32.07542073
Clc1ccccn1,Cc1oncc1,CN(C)/C(N(C)C)=N\C(C)(C)C,CC(C)C(C=C(C(C)C)C=C1C(C)C)=C1C2=CC=CC=C2P(C(C)(C)C)C(C)(C)C,54.22895975
FC(F)(F)c1ccc(Br)cc1,C(N(Cc1ccccc1)c2oncc2)c3ccccc3,CN(C)P(N(C)C)(N(C)C)=NP(N(C)C)(N(C)C)=NCC,CC(C)C1=CC(C(C)C)=CC(C(C)C)=C1C2=C(P(C3CCCCC3)C4CCCCC4)C=CC=C2,8.073391293
FC(F)(F)c1ccc(Br)cc1,Fc1cccc(F)c1c2oncc2,CN(C)/C(N(C)C)=N\C(C)(C)C,CC(C1=C(C2=C(OC)C=CC(OC)=C2P(C34CC5CC(C4)CC(C5)C3)C67CC8CC(C7)CC(C8)C6)C(C(C)C)=CC(C(C)C)=C1)C,15.19101144
COc1ccc(Cl)cc1,o1ncc2ccccc12,CN(C)/C(N(C)C)=N\C(C)(C)C,CC(C)C1=CC(C(C)C)=CC(C(C)C)=C1C2=C(P(C(C)(C)C)C(C)(C)C)C(OC)=CC=C2OC,0.0
Brc1cccnc1,Cc1cc(on1)c2ccccc2,CN(C)/C(N(C)C)=N\C(C)(C)C,CC(C1=C(C2=C(OC)C=CC(OC)=C2P(C34CC5CC(C4)CC(C5)C3)C67CC8CC(C7)CC(C8)C6)C(C(C)C)=CC(C(C)C)=C1)C,57.2826498
Brc1ccccn1,COC(=O)c1cc(on1)c2occc2,CN1CCCN2CCCN=C12,CC(C1=C(C2=C(OC)C=CC(OC)=C2P(C34CC5CC(C4)CC(C5)C3)C67CC8CC(C7)CC(C8)C6)C(C(C)C)=CC(C(C)C)=C1)C,65.99016493
CCc1ccc(Cl)cc1,Cc1cc(on1)c2ccccc2,CN(C)/C(N(C)C)=N\C(C)(C)C,CC(C1=C(C2=C(OC)C=CC(OC)=C2P(C34CC5CC(C4)CC(C5)C3)C67CC8CC(C7)CC(C8)C6)C(C(C)C)=CC(C(C)C)=C1)C,0.817066768
FC(F)(F)c1ccc(I)cc1,o1cc(cn1)c2ccccc2,CN1CCCN2CCCN=C12,CC(C)C(C=C(C(C)C)C=C1C(C)C)=C1C2=CC=CC=C2P(C(C)(C)C)C(C)(C)C,52.3137348
FC(F)(F)c1ccc(Br)cc1,C(N(Cc1ccccc1)c2oncc2)c3ccccc3,CN(C)/C(N(C)C)=N\C(C)(C)C,CC(C)C(C=C(C(C)C)C=C1C(C)C)=C1C2=CC=CC=C2P(C(C)(C)C)C(C)(C)C,7.321293774
Clc1cccnc1,o1ccc(n1)c2ccccc2,CN(C)/C(N(C)C)=N\C(C)(C)C,CC(C)C(C=C(C(C)C)C=C1C(C)C)=C1C2=CC=CC=C2P(C(C)(C)C)C(C)(C)C,49.30997149
Clc1ccccn1,o1ncc2ccccc12,CN(C)P(N(C)C)(N(C)C)=NP(N(C)C)(N(C)C)=NCC,CC(C)C1=CC(C(C)C)=CC(C(C)C)=C1C2=C(P(C3CCCCC3)C4CCCCC4)C=CC=C2,17.200701
FC(F)(F)c1ccc(I)cc1,Cc1cc(on1)c2ccccc2,CN(C)/C(N(C)C)=N\C(C)(C)C,CC(C)C1=CC(C(C)C)=CC(C(C)C)=C1C2=C(P(C3CCCCC3)C4CCCCC4)C=CC=C2,37.39576088
COc1ccc(Cl)cc1,CCOC(=O)c1cc(C)on1,CN(C)/C(N(C)C)=N\C(C)(C)C,CC(C1=C(C2=C(OC)C=CC(OC)=C2P(C34CC5CC(C4)CC(C5)C3)C67CC8CC(C7)CC(C8)C6)C(C(C)C)=CC(C(C)C)=C1)C,0.316193405
CCc1ccc(Cl)cc1,CCOC(=O)c1onc(C)c1,CN1CCCN2CCCN=C12,CC(C)C1=CC(C(C)C)=CC(C(C)C)=C1C2=C(P(C3CCCCC3)C4CCCCC4)C=CC=C2,0.546829898
CCc1ccc(I)cc1,o1cc2ccccc2n1,CN(C)P(N(C)C)(N(C)C)=NP(N(C)C)(N(C)C)=NCC,CC(C)C(C=C(C(C)C)C=C1C(C)C)=C1C2=CC=CC=C2P(C(C)(C)C)C(C)(C)C,13.95628888
COc1ccc(Br)cc1,Fc1cccc(F)c1c2oncc2,CN1CCCN2CCCN=C12,CC(C)C1=CC(C(C)C)=CC(C(C)C)=C1C2=C(P(C3CCCCC3)C4CCCCC4)C=CC=C2,2.373234972
COc1ccc(Br)cc1,Cc1ccon1,CN(C)/C(N(C)C)=N\C(C)(C)C,CC(C)C1=CC(C(C)C)=CC(C(C)C)=C1C2=C(P(C(C)(C)C)C(C)(C)C)C(OC)=CC=C2OC,47.57684436
Clc1ccccn1,Fc1cccc(F)c1c2oncc2,CN1CCCN2CCCN=C12,CC(C)C1=CC(C(C)C)=CC(C(C)C)=C1C2=C(P(C(C)(C)C)C(C)(C)C)C(OC)=CC=C2OC,64.98015189
CCc1ccc(I)cc1,Fc1cccc(F)c1c2oncc2,CN(C)/C(N(C)C)=N\C(C)(C)C,CC(C)C1=CC(C(C)C)=CC(C(C)C)=C1C2=C(P(C(C)(C)C)C(C)(C)C)C(OC)=CC=C2OC,59.5664451
Ic1ccccn1,Cc1ccon1,CN(C)P(N(C)C)(N(C)C)=NP(N(C)C)(N(C)C)=NCC,CC(C)C(C=C(C(C)C)C=C1C(C)C)=C1C2=CC=CC=C2P(C(C)(C)C)C(C)(C)C,63.83709974
Ic1cccnc1,CCOC(=O)c1onc(C)c1,CN(C)P(N(C)C)(N(C)C)=NP(N(C)C)(N(C)C)=NCC,CC(C)C1=CC(C(C)C)=CC(C(C)C)=C1C2=C(P(C(C)(C)C)C(C)(C)C)C(OC)=CC=C2OC,52.43589363
COc1ccc(Br)cc1,CCOC(=O)c1cnoc1C,CN1CCCN2CCCN=C12,CC(C)C(C=C(C(C)C)C=C1C(C)C)=C1C2=CC=CC=C2P(C(C)(C)C)C(C)(C)C,21.62255716
Ic1ccccn1,CCOC(=O)c1ccon1,CN(C)/C(N(C)C)=N\C(C)(C)C,CC(C)C(C=C(C(C)C)C=C1C(C)C)=C1C2=CC=CC=C2P(C(C)(C)C)C(C)(C)C,63.42879895
COc1ccc(Cl)cc1,o1cc(cn1)c2ccccc2,CN(C)P(N(C)C)(N(C)C)=NP(N(C)C)(N(C)C)=NCC,CC(C1=C(C2=C(OC)C=CC(OC)=C2P(C34CC5CC(C4)CC(C5)C3)C67CC8CC(C7)CC(C8)C6)C(C(C)C)=CC(C(C)C)=C1)C,1.858564029
FC(F)(F)c1ccc(Br)cc1,o1cc(cn1)c2ccccc2,CN(C)/C(N(C)C)=N\C(C)(C)C,CC(C)C1=CC(C(C)C)=CC(C(C)C)=C1C2=C(P(C(C)(C)C)C(C)(C)C)C(OC)=CC=C2OC,31.17955703
Ic1cccnc1,Cc1ccon1,CN(C)P(N(C)C)(N(C)C)=NP(N(C)C)(N(C)C)=NCC,CC(C)C1=CC(C(C)C)=CC(C(C)C)=C1C2=C(P(C(C)(C)C)C(C)(C)C)C(OC)=CC=C2OC,0.597977578
FC(F)(F)c1ccc(Br)cc1,CCOC(=O)c1onc(OC)c1,CN(C)P(N(C)C)(N(C)C)=NP(N(C)C)(N(C)C)=NCC,CC(C)C1=CC(C(C)C)=CC(C(C)C)=C1C2=C(P(C3CCCCC3)C4CCCCC4)C=CC=C2,32.87780619
FC(F)(F)c1ccc(Br)cc1,CCOC(=O)c1onc(C)c1,CN(C)P(N(C)C)(N(C)C)=NP(N(C)C)(N(C)C)=NCC,CC(C)C(C=C(C(C)C)C=C1C(C)C)=C1C2=CC=CC=C2P(C(C)(C)C)C(C)(C)C,50.58289676
Ic1cccnc1,o1nccc1c2ccccc2,CN(C)/C(N(C)C)=N\C(C)(C)C,CC(C)C(C=C(C(C)C)C=C1C(C)C)=C1C2=CC=CC=C2P(C(C)(C)C)C(C)(C)C,86.003404
Brc1cccnc1,o1cc2ccccc2n1,CN1CCCN2CCCN=C12,CC(C)C1=CC(C(C)C)=CC(C(C)C)=C1C2=C(P(C(C)(C)C)C(C)(C)C)C(OC)=CC=C2OC,12.90161423
FC(F)(F)c1ccc(Br)cc1,CCOC(=O)c1onc(C)c1,CN(C)P(N(C)C)(N(C)C)=NP(N(C)C)(N(C)C)=NCC,CC(C1=C(C2=C(OC)C=CC(OC)=C2P(C34CC5CC(C4)CC(C5)C3)C67CC8CC(C7)CC(C8)C6)C(C(C)C)=CC(C(C)C)=C1)C,28.76096277
CCc1ccc(I)cc1,CCOC(=O)c1onc(OC)c1,CN(C)/C(N(C)C)=N\C(C)(C)C,CC(C)C1=CC(C(C)C)=CC(C(C)C)=C1C2=C(P(C3CCCCC3)C4CCCCC4)C=CC=C2,27.27757284
Ic1ccccn1,o1cc2ccccc2n1,CN(C)P(N(C)C)(N(C)C)=NP(N(C)C)(N(C)C)=NCC,CC(C)C(C=C(C(C)C)C=C1C(C)C)=C1C2=CC=CC=C2P(C(C)(C)C)C(C)(C)C,18.99441923
CCc1ccc(Cl)cc1,Cc1oncc1,CN1CCCN2CCCN=C12,CC(C)C1=CC(C(C)C)=CC(C(C)C)=C1C2=C(P(C3CCCCC3)C4CCCCC4)C=CC=C2,2.547971795
FC(F)(F)c1ccc(Br)cc1,Fc1cccc(F)c1c2oncc2,CN1CCCN2CCCN=C12,CC(C)C1=CC(C(C)C)=CC(C(C)C)=C1C2=C(P(C3CCCCC3)C4CCCCC4)C=CC=C2,22.67787637
FC(F)(F)c1ccc(I)cc1,Cc1oncc1,CN1CCCN2CCCN=C12,CC(C)C(C=C(C(C)C)C=C1C(C)C)=C1C2=CC=CC=C2P(C(C)(C)C)C(C)(C)C,46.36906778
Clc1cccnc1,CCOC(=O)c1onc(C)c1,CN(C)P(N(C)C)(N(C)C)=NP(N(C)C)(N(C)C)=NCC,CC(C)C1=CC(C(C)C)=CC(C(C)C)=C1C2=C(P(C(C)(C)C)C(C)(C)C)C(OC)=CC=C2OC,2.534585496
Brc1ccccn1,COC(=O)c1oncc1,CN1CCCN2CCCN=C12,CC(C1=C(C2=C(OC)C=CC(OC)=C2P(C34CC5CC(C4)CC(C5)C3)C67CC8CC(C7)CC(C8)C6)C(C(C)C)=CC(C(C)C)=C1)C,35.64598437
COc1ccc(I)cc1,o1ncc2ccccc12,CN(C)/C(N(C)C)=N\C(C)(C)C,CC(C1=C(C2=C(OC)C=CC(OC)=C2P(C34CC5CC(C4)CC(C5)C3)C67CC8CC(C7)CC(C8)C6)C(C(C)C)=CC(C(C)C)=C1)C,23.34747951
CCc1ccc(Cl)cc1,C(N(Cc1ccccc1)c2oncc2)c3ccccc3,CN1CCCN2CCCN=C12,CC(C)C(C=C(C(C)C)C=C1C(C)C)=C1C2=CC=CC=C2P(C(C)(C)C)C(C)(C)C,4.28271464
FC(F)(F)c1ccc(I)cc1,CCOC(=O)c1ccon1,CN1CCCN2CCCN=C12,CC(C)C(C=C(C(C)C)C=C1C(C)C)=C1C2=CC=CC=C2P(C(C)(C)C)C(C)(C)C,48.69500261
COc1ccc(Cl)cc1,CCOC(=O)c1cnoc1C,CN(C)/C(N(C)C)=N\C(C)(C)C,CC(C)C1=CC(C(C)C)=CC(C(C)C)=C1C2=C(P(C3CCCCC3)C4CCCCC4)C=CC=C2,0.0
Clc1cccnc1,o1nccc1c2ccccc2,CN1CCCN2CCCN=C12,CC(C)C1=CC(C(C)C)=CC(C(C)C)=C1C2=C(P(C(C)(C)C)C(C)(C)C)C(OC)=CC=C2OC,21.86178566
Ic1ccccn1,o1cc(cn1)c2ccccc2,CN(C)/C(N(C)C)=N\C(C)(C)C,CC(C)C1=CC(C(C)C)=CC(C(C)C)=C1C2=C(P(C(C)(C)C)C(C)(C)C)C(OC)=CC=C2OC,81.63511603
CCc1ccc(Cl)cc1,Cc1onc(C)c1,CN1CCCN2CCCN=C12,CC(C)C1=CC(C(C)C)=CC(C(C)C)=C1C2=C(P(C3CCCCC3)C4CCCCC4)C=CC=C2,2.841459947
COc1ccc(I)cc1,COC(=O)c1cc(on1)c2occc2,CN(C)/C(N(C)C)=N\C(C)(C)C,CC(C)C1=CC(C(C)C)=CC(C(C)C)=C1C2=C(P(C(C)(C)C)C(C)(C)C)C(OC)=CC=C2OC,42.09555031
FC(F)(F)c1ccc(Br)cc1,Cc1cc(on1)c2ccccc2,CN(C)/C(N(C)C)=N\C(C)(C)C,CC(C)C1=CC(C(C)C)=CC(C(C)C)=C1C2=C(P(C3CCCCC3)C4CCCCC4)C=CC=C2,31.62416369
Clc1ccccn1,o1ncc2ccccc12,CN(C)/C(N(C)C)=N\C(C)(C)C,CC(C)C(C=C(C(C)C)C=C1C(C)C)=C1C2=CC=CC=C2P(C(C)(C)C)C(C)(C)C,38.03832948
Clc1ccccn1,CCOC(=O)c1cnoc1C,CN(C)P(N(C)C)(N(C)C)=NP(N(C)C)(N(C)C)=NCC,CC(C)C1=CC(C(C)C)=CC(C(C)C)=C1C2=C(P(C(C)(C)C)C(C)(C)C)C(OC)=CC=C2OC,24.62070452
Ic1cccnc1,COC(=O)c1cc(on1)c2occc2,CN(C)/C(N(C)C)=N\C(C)(C)C,CC(C)C1=CC(C(C)C)=CC(C(C)C)=C1C2=C(P(C(C)(C)C)C(C)(C)C)C(OC)=CC=C2OC,66.48281999
FC(F)(F)c1ccc(Br)cc1,o1cc2ccccc2n1,CN(C)P(N(C)C)(N(C)C)=NP(N(C)C)(N(C)C)=NCC,CC(C)C1=CC(C(C)C)=CC(C(C)C)=C1C2=C(P(C(C)(C)C)C(C)(C)C)C(OC)=CC=C2OC,11.65626027
Ic1cccnc1,Cc1ccon1,CN(C)P(N(C)C)(N(C)C)=NP(N(C)C)(N(C)C)=NCC,CC(C)C(C=C(C(C)C)C=C1C(C)C)=C1C2=CC=CC=C2P(C(C)(C)C)C(C)(C)C,0.0
CCc1ccc(I)cc1,Cc1ccon1,CN1CCCN2CCCN=C12,CC(C)C(C=C(C(C)C)C=C1C(C)C)=C1C2=CC=CC=C2P(C(C)(C)C)C(C)(C)C,79.63886176
Clc1ccccn1,CCOC(=O)c1onc(C)c1,CN(C)P(N(C)C)(N(C)C)=NP(N(C)C)(N(C)C)=NCC,CC(C)C1=CC(C(C)C)=CC(C(C)C)=C1C2=C(P(C3CCCCC3)C4CCCCC4)C=CC=C2,35.13952712
COc1ccc(I)cc1,CCOC(=O)c1conc1,CN1CCCN2CCCN=C12,CC(C)C1=CC(C(C)C)=CC(C(C)C)=C1C2=C(P(C3CCCCC3)C4CCCCC4)C=CC=C2,9.35930625
Brc1cccnc1,COC(=O)c1cc(on1)c2sccc2,CN(C)/C(N(C)C)=N\C(C)(C)C,CC(C)C1=CC(C(C)C)=CC(C(C)C)=C1C2=C(P(C3CCCCC3)C4CCCCC4)C=CC=C2,22.70660834
COc1ccc(Br)cc1,C(N(Cc1ccccc1)c2ccon2)c3ccccc3,CN1CCCN2CCCN=C12,CC(C)C(C=C(C(C)C)C=C1C(C)C)=C1C2=CC=CC=C2P(C(C)(C)C)C(C)(C)C,66.26538653
Ic1ccccn1,o1cc2ccccc2n1,CN1CCCN2CCCN=C12,CC(C1=C(C2=C(OC)C=CC(OC)=C2P(C34CC5CC(C4)CC(C5)C3)C67CC8CC(C7)CC(C8)C6)C(C(C)C)=CC(C(C)C)=C1)C,79.01720716
CCc1ccc(Cl)cc1,CCOC(=O)c1ccon1,CN(C)P(N(C)C)(N(C)C)=NP(N(C)C)(N(C)C)=NCC,CC(C)C1=CC(C(C)C)=CC(C(C)C)=C1C2=C(P(C(C)(C)C)C(C)(C)C)C(OC)=CC=C2OC,9.08121194
Ic1cccnc1,Cc1onc(c1)n2cccc2,CN(C)P(N(C)C)(N(C)C)=NP(N(C)C)(N(C)C)=NCC,CC(C)C1=CC(C(C)C)=CC(C(C)C)=C1C2=C(P(C(C)(C)C)C(C)(C)C)C(OC)=CC=C2OC,61.99734129
FC(F)(F)c1ccc(I)cc1,o1ccc(n1)c2ccccc2,CN(C)P(N(C)C)(N(C)C)=NP(N(C)C)(N(C)C)=NCC,CC(C1=C(C2=C(OC)C=CC(OC)=C2P(C34CC5CC(C4)CC(C5)C3)C67CC8CC(C7)CC(C8)C6)C(C(C)C)=CC(C(C)C)=C1)C,44.78270058
Brc1cccnc1,CCOC(=O)c1onc(OC)c1,CN1CCCN2CCCN=C12,CC(C1=C(C2=C(OC)C=CC(OC)=C2P(C34CC5CC(C4)CC(C5)C3)C67CC8CC(C7)CC(C8)C6)C(C(C)C)=CC(C(C)C)=C1)C,64.185973
COc1ccc(Cl)cc1,Cc1onc(c1)n2cccc2,CN(C)P(N(C)C)(N(C)C)=NP(N(C)C)(N(C)C)=NCC,CC(C)C1=CC(C(C)C)=CC(C(C)C)=C1C2=C(P(C3CCCCC3)C4CCCCC4)C=CC=C2,1.426630798
COc1ccc(Br)cc1,COC(=O)c1oncc1,CN(C)P(N(C)C)(N(C)C)=NP(N(C)C)(N(C)C)=NCC,CC(C)C(C=C(C(C)C)C=C1C(C)C)=C1C2=CC=CC=C2P(C(C)(C)C)C(C)(C)C,9.065649451
COc1ccc(I)cc1,Cc1ccon1,CN(C)P(N(C)C)(N(C)C)=NP(N(C)C)(N(C)C)=NCC,CC(C)C(C=C(C(C)C)C=C1C(C)C)=C1C2=CC=CC=C2P(C(C)(C)C)C(C)(C)C,49.32093179
FC(F)(F)c1ccc(Br)cc1,C(N(Cc1ccccc1)c2oncc2)c3ccccc3,CN1CCCN2CCCN=C12,CC(C)C(C=C(C(C)C)C=C1C(C)C)=C1C2=CC=CC=C2P(C(C)(C)C)C(C)(C)C,27.36893381
FC(F)(F)c1ccc(Cl)cc1,o1nccc1c2ccccc2,CN(C)/C(N(C)C)=N\C(C)(C)C,CC(C)C1=CC(C(C)C)=CC(C(C)C)=C1C2=C(P(C(C)(C)C)C(C)(C)C)C(OC)=CC=C2OC,3.88663609
Clc1ccccn1,C(N(Cc1ccccc1)c2oncc2)c3ccccc3,CN(C)P(N(C)C)(N(C)C)=NP(N(C)C)(N(C)C)=NCC,CC(C)C(C=C(C(C)C)C=C1C(C)C)=C1C2=CC=CC=C2P(C(C)(C)C)C(C)(C)C,42.78380779
CCc1ccc(I)cc1,o1nccc1c2ccccc2,CN(C)/C(N(C)C)=N\C(C)(C)C,CC(C1=C(C2=C(OC)C=CC(OC)=C2P(C34CC5CC(C4)CC(C5)C3)C67CC8CC(C7)CC(C8)C6)C(C(C)C)=CC(C(C)C)=C1)C,73.73993868
Clc1cccnc1,o1ncc2ccccc12,CN1CCCN2CCCN=C12,CC(C)C1=CC(C(C)C)=CC(C(C)C)=C1C2=C(P(C(C)(C)C)C(C)(C)C)C(OC)=CC=C2OC,40.91094026
Ic1cccnc1,CCOC(=O)c1conc1,CN(C)P(N(C)C)(N(C)C)=NP(N(C)C)(N(C)C)=NCC,CC(C)C(C=C(C(C)C)C=C1C(C)C)=C1C2=CC=CC=C2P(C(C)(C)C)C(C)(C)C,4.416019864
COc1ccc(Cl)cc1,o1ccc(n1)c2ccccc2,CN(C)P(N(C)C)(N(C)C)=NP(N(C)C)(N(C)C)=NCC,CC(C)C(C=C(C(C)C)C=C1C(C)C)=C1C2=CC=CC=C2P(C(C)(C)C)C(C)(C)C,1.112505085
Ic1ccccn1,o1cc(cn1)c2ccccc2,CN(C)P(N(C)C)(N(C)C)=NP(N(C)C)(N(C)C)=NCC,CC(C1=C(C2=C(OC)C=CC(OC)=C2P(C34CC5CC(C4)CC(C5)C3)C67CC8CC(C7)CC(C8)C6)C(C(C)C)=CC(C(C)C)=C1)C,27.24737039
CCc1ccc(I)cc1,COC(=O)c1cc(on1)c2occc2,CN1CCCN2CCCN=C12,CC(C1=C(C2=C(OC)C=CC(OC)=C2P(C34CC5CC(C4)CC(C5)C3)C67CC8CC(C7)CC(C8)C6)C(C(C)C)=CC(C(C)C)=C1)C,69.71995068
FC(F)(F)c1ccc(I)cc1,CCOC(=O)c1conc1,CN(C)/C(N(C)C)=N\C(C)(C)C,CC(C)C1=CC(C(C)C)=CC(C(C)C)=C1C2=C(P(C(C)(C)C)C(C)(C)C)C(OC)=CC=C2OC,3.566410027
COc1ccc(Br)cc1,o1ccc(n1)c2ccccc2,CN(C)P(N(C)C)(N(C)C)=NP(N(C)C)(N(C)C)=NCC,CC(C1=C(C2=C(OC)C=CC(OC)=C2P(C34CC5CC(C4)CC(C5)C3)C67CC8CC(C7)CC(C8)C6)C(C(C)C)=CC(C(C)C)=C1)C,53.17975334
Clc1ccccn1,C(N(Cc1ccccc1)c2oncc2)c3ccccc3,CN1CCCN2CCCN=C12,CC(C)C1=CC(C(C)C)=CC(C(C)C)=C1C2=C(P(C(C)(C)C)C(C)(C)C)C(OC)=CC=C2OC,72.24358198
COc1ccc(I)cc1,COC(=O)c1cc(on1)c2occc2,CN(C)P(N(C)C)(N(C)C)=NP(N(C)C)(N(C)C)=NCC,CC(C)C1=CC(C(C)C)=CC(C(C)C)=C1C2=C(P(C3CCCCC3)C4CCCCC4)C=CC=C2,9.226197008
Ic1ccccn1,CCOC(=O)c1onc(C)c1,CN(C)P(N(C)C)(N(C)C)=NP(N(C)C)(N(C)C)=NCC,CC(C)C1=CC(C(C)C)=CC(C(C)C)=C1C2=C(P(C(C)(C)C)C(C)(C)C)C(OC)=CC=C2OC,66.37274183
CCc1ccc(I)cc1,Cc1onc(C)c1,CN1CCCN2CCCN=C12,CC(C)C(C=C(C(C)C)C=C1C(C)C)=C1C2=CC=CC=C2P(C(C)(C)C)C(C)(C)C,75.59377488
COc1ccc(Br)cc1,Cc1onc(C)c1,CN(C)/C(N(C)C)=N\C(C)(C)C,CC(C1=C(C2=C(OC)C=CC(OC)=C2P(C34CC5CC(C4)CC(C5)C3)C67CC8CC(C7)CC(C8)C6)C(C(C)C)=CC(C(C)C)=C1)C,31.39385907
Ic1ccccn1,Cc1oncc1,CN(C)P(N(C)C)(N(C)C)=NP(N(C)C)(N(C)C)=NCC,CC(C)C1=CC(C(C)C)=CC(C(C)C)=C1C2=C(P(C3CCCCC3)C4CCCCC4)C=CC=C2,19.49452071
FC(F)(F)c1ccc(I)cc1,C(N(Cc1ccccc1)c2ccon2)c3ccccc3,CN(C)/C(N(C)C)=N\C(C)(C)C,CC(C1=C(C2=C(OC)C=CC(OC)=C2P(C34CC5CC(C4)CC(C5)C3)C67CC8CC(C7)CC(C8)C6)C(C(C)C)=CC(C(C)C)=C1)C,37.90012178
Ic1ccccn1,CCOC(=O)c1onc(C)c1,CN(C)/C(N(C)C)=N\C(C)(C)C,CC(C)C1=CC(C(C)C)=CC(C(C)C)=C1C2=C(P(C(C)(C)C)C(C)(C)C)C(OC)=CC=C2OC,84.20189779
Clc1cccnc1,o1nccc1c2ccccc2,CN(C)P(N(C)C)(N(C)C)=NP(N(C)C)(N(C)C)=NCC,CC(C)C(C=C(C(C)C)C=C1C(C)C)=C1C2=CC=CC=C2P(C(C)(C)C)C(C)(C)C,10.54082024
CCc1ccc(Cl)cc1,CCOC(=O)c1onc(OC)c1,CN(C)P(N(C)C)(N(C)C)=NP(N(C)C)(N(C)C)=NCC,CC(C1=C(C2=C(OC)C=CC(OC)=C2P(C34CC5CC(C4)CC(C5)C3)C67CC8CC(C7)CC(C8)C6)C(C(C)C)=CC(C(C)C)=C1)C,2.294941324
FC(F)(F)c1ccc(I)cc1,Cc1oncc1,CN1CCCN2CCCN=C12,CC(C)C1=CC(C(C)C)=CC(C(C)C)=C1C2=C(P(C3CCCCC3)C4CCCCC4)C=CC=C2,35.26155109
Clc1cccnc1,o1cc(cn1)c2ccccc2,CN1CCCN2CCCN=C12,CC(C)C1=CC(C(C)C)=CC(C(C)C)=C1C2=C(P(C(C)(C)C)C(C)(C)C)C(OC)=CC=C2OC,29.94942755
Ic1ccccn1,o1cc(cn1)c2ccccc2,CN(C)/C(N(C)C)=N\C(C)(C)C,CC(C1=C(C2=C(OC)C=CC(OC)=C2P(C34CC5CC(C4)CC(C5)C3)C67CC8CC(C7)CC(C8)C6)C(C(C)C)=CC(C(C)C)=C1)C,50.42857568
CCc1ccc(Cl)cc1,COC(=O)c1cc(on1)c2occc2,CN1CCCN2CCCN=C12,CC(C1=C(C2=C(OC)C=CC(OC)=C2P(C34CC5CC(C4)CC(C5)C3)C67CC8CC(C7)CC(C8)C6)C(C(C)C)=CC(C(C)C)=C1)C,0.490842961
COc1ccc(Cl)cc1,CCOC(=O)c1cnoc1C,CN(C)P(N(C)C)(N(C)C)=NP(N(C)C)(N(C)C)=NCC,CC(C)C1=CC(C(C)C)=CC(C(C)C)=C1C2=C(P(C(C)(C)C)C(C)(C)C)C(OC)=CC=C2OC,1.03540736
FC(F)(F)c1ccc(Br)cc1,Cc1ccon1,CN1CCCN2CCCN=C12,CC(C)C1=CC(C(C)C)=CC(C(C)C)=C1C2=C(P(C3CCCCC3)C4CCCCC4)C=CC=C2,44.03844861
FC(F)(F)c1ccc(I)cc1,o1ccc(n1)c2ccccc2,CN(C)/C(N(C)C)=N\C(C)(C)C,CC(C1=C(C2=C(OC)C=CC(OC)=C2P(C34CC5CC(C4)CC(C5)C3)C67CC8CC(C7)CC(C8)C6)C(C(C)C)=CC(C(C)C)=C1)C,48.00212967
FC(F)(F)c1ccc(Cl)cc1,Fc1cccc(F)c1c2oncc2,CN1CCCN2CCCN=C12,CC(C1=C(C2=C(OC)C=CC(OC)=C2P(C34CC5CC(C4)CC(C5)C3)C67CC8CC(C7)CC(C8)C6)C(C(C)C)=CC(C(C)C)=C1)C,7.949590254
CCc1ccc(I)cc1,C(N(Cc1ccccc1)c2oncc2)c3ccccc3,CN(C)/C(N(C)C)=N\C(C)(C)C,CC(C)C1=CC(C(C)C)=CC(C(C)C)=C1C2=C(P(C3CCCCC3)C4CCCCC4)C=CC=C2,15.88279637
Brc1cccnc1,Fc1cccc(F)c1c2oncc2,CN1CCCN2CCCN=C12,CC(C)C1=CC(C(C)C)=CC(C(C)C)=C1C2=C(P(C3CCCCC3)C4CCCCC4)C=CC=C2,11.07544016
COc1ccc(I)cc1,C(N(Cc1ccccc1)c2oncc2)c3ccccc3,CN1CCCN2CCCN=C12,CC(C)C(C=C(C(C)C)C=C1C(C)C)=C1C2=CC=CC=C2P(C(C)(C)C)C(C)(C)C,44.46296659
Clc1ccccn1,CCOC(=O)c1cnoc1C,CN1CCCN2CCCN=C12,CC(C)C1=CC(C(C)C)=CC(C(C)C)=C1C2=C(P(C3CCCCC3)C4CCCCC4)C=CC=C2,18.83260332
Brc1cccnc1,Cc1onc(c1)n2cccc2,CN(C)/C(N(C)C)=N\C(C)(C)C,CC(C)C1=CC(C(C)C)=CC(C(C)C)=C1C2=C(P(C(C)(C)C)C(C)(C)C)C(OC)=CC=C2OC,56.47869884
CCc1ccc(I)cc1,Cc1onc(C)c1,CN1CCCN2CCCN=C12,CC(C)C1=CC(C(C)C)=CC(C(C)C)=C1C2=C(P(C3CCCCC3)C4CCCCC4)C=CC=C2,64.13599101
FC(F)(F)c1ccc(Cl)cc1,CCOC(=O)c1ccon1,CN(C)/C(N(C)C)=N\C(C)(C)C,CC(C)C(C=C(C(C)C)C=C1C(C)C)=C1C2=CC=CC=C2P(C(C)(C)C)C(C)(C)C,24.21309665
Clc1ccccn1,o1nccc1c2ccccc2,CN(C)/C(N(C)C)=N\C(C)(C)C,CC(C)C1=CC(C(C)C)=CC(C(C)C)=C1C2=C(P(C3CCCCC3)C4CCCCC4)C=CC=C2,21.66658644
COc1ccc(I)cc1,Cc1onc(c1)n2cccc2,CN(C)/C(N(C)C)=N\C(C)(C)C,CC(C)C1=CC(C(C)C)=CC(C(C)C)=C1C2=C(P(C(C)(C)C)C(C)(C)C)C(OC)=CC=C2OC,41.07404232
FC(F)(F)c1ccc(Br)cc1,COC(=O)c1cc(on1)c2occc2,CN(C)P(N(C)C)(N(C)C)=NP(N(C)C)(N(C)C)=NCC,CC(C)C1=CC(C(C)C)=CC(C(C)C)=C1C2=C(P(C3CCCCC3)C4CCCCC4)C=CC=C2,19.22189421
COc1ccc(Cl)cc1,C(N(Cc1ccccc1)c2ccon2)c3ccccc3,CN1CCCN2CCCN=C12,CC(C1=C(C2=C(OC)C=CC(OC)=C2P(C34CC5CC(C4)CC(C5)C3)C67CC8CC(C7)CC(C8)C6)C(C(C)C)=CC(C(C)C)=C1)C,44.14137034
COc1ccc(I)cc1,COC(=O)c1cc(on1)c2occc2,CN(C)P(N(C)C)(N(C)C)=NP(N(C)C)(N(C)C)=NCC,CC(C)C1=CC(C(C)C)=CC(C(C)C)=C1C2=C(P(C(C)(C)C)C(C)(C)C)C(OC)=CC=C2OC,39.32745332
Clc1ccccn1,o1ccc(n1)c2ccccc2,CN(C)/C(N(C)C)=N\C(C)(C)C,CC(C)C1=CC(C(C)C)=CC(C(C)C)=C1C2=C(P(C(C)(C)C)C(C)(C)C)C(OC)=CC=C2OC,78.17281005
Ic1cccnc1,Cc1onc(c1)n2cccc2,CN1CCCN2CCCN=C12,CC(C)C(C=C(C(C)C)C=C1C(C)C)=C1C2=CC=CC=C2P(C(C)(C)C)C(C)(C)C,81.27546311
Brc1cccnc1,Cc1ccon1,CN1CCCN2CCCN=C12,CC(C)C1=CC(C(C)C)=CC(C(C)C)=C1C2=C(P(C(C)(C)C)C(C)(C)C)C(OC)=CC=C2OC,93.74857618
Ic1cccnc1,CCOC(=O)c1cnoc1C,CN(C)P(N(C)C)(N(C)C)=NP(N(C)C)(N(C)C)=NCC,CC(C1=C(C2=C(OC)C=CC(OC)=C2P(C34CC5CC(C4)CC(C5)C3)C67CC8CC(C7)CC(C8)C6)C(C(C)C)=CC(C(C)C)=C1)C,14.36942688
CCc1ccc(I)cc1,C(N(Cc1ccccc1)c2oncc2)c3ccccc3,CN(C)P(N(C)C)(N(C)C)=NP(N(C)C)(N(C)C)=NCC,CC(C)C1=CC(C(C)C)=CC(C(C)C)=C1C2=C(P(C3CCCCC3)C4CCCCC4)C=CC=C2,13.30215474
COc1ccc(I)cc1,COC(=O)c1cc(on1)c2sccc2,CN(C)P(N(C)C)(N(C)C)=NP(N(C)C)(N(C)C)=NCC,CC(C1=C(C2=C(OC)C=CC(OC)=C2P(C34CC5CC(C4)CC(C5)C3)C67CC8CC(C7)CC(C8)C6)C(C(C)C)=CC(C(C)C)=C1)C,44.94211074
Brc1ccccn1,CCOC(=O)c1cc(C)on1,CN(C)/C(N(C)C)=N\C(C)(C)C,CC(C)C1=CC(C(C)C)=CC(C(C)C)=C1C2=C(P(C(C)(C)C)C(C)(C)C)C(OC)=CC=C2OC,80.52782377
Clc1cccnc1,CCOC(=O)c1onc(OC)c1,CN1CCCN2CCCN=C12,CC(C1=C(C2=C(OC)C=CC(OC)=C2P(C34CC5CC(C4)CC(C5)C3)C67CC8CC(C7)CC(C8)C6)C(C(C)C)=CC(C(C)C)=C1)C,2.135901423
Brc1ccccn1,C(N(Cc1ccccc1)c2oncc2)c3ccccc3,CN(C)P(N(C)C)(N(C)C)=NP(N(C)C)(N(C)C)=NCC,CC(C)C1=CC(C(C)C)=CC(C(C)C)=C1C2=C(P(C3CCCCC3)C4CCCCC4)C=CC=C2,12.48722349
FC(F)(F)c1ccc(Br)cc1,CCOC(=O)c1onc(OC)c1,CN(C)P(N(C)C)(N(C)C)=NP(N(C)C)(N(C)C)=NCC,CC(C)C1=CC(C(C)C)=CC(C(C)C)=C1C2=C(P(C(C)(C)C)C(C)(C)C)C(OC)=CC=C2OC,28.25277351
FC(F)(F)c1ccc(Br)cc1,o1ncc2ccccc12,CN(C)P(N(C)C)(N(C)C)=NP(N(C)C)(N(C)C)=NCC,CC(C)C1=CC(C(C)C)=CC(C(C)C)=C1C2=C(P(C(C)(C)C)C(C)(C)C)C(OC)=CC=C2OC,30.61272696
Clc1ccccn1,Cc1onc(c1)n2cccc2,CN1CCCN2CCCN=C12,CC(C1=C(C2=C(OC)C=CC(OC)=C2P(C34CC5CC(C4)CC(C5)C3)C67CC8CC(C7)CC(C8)C6)C(C(C)C)=CC(C(C)C)=C1)C,78.41262052
Ic1ccccn1,Cc1ccon1,CN1CCCN2CCCN=C12,CC(C)C1=CC(C(C)C)=CC(C(C)C)=C1C2=C(P(C(C)(C)C)C(C)(C)C)C(OC)=CC=C2OC,98.84920594
CCc1ccc(Br)cc1,COC(=O)c1cc(on1)c2sccc2,CN(C)/C(N(C)C)=N\C(C)(C)C,CC(C)C1=CC(C(C)C)=CC(C(C)C)=C1C2=C(P(C3CCCCC3)C4CCCCC4)C=CC=C2,22.99620882
Brc1ccccn1,CCOC(=O)c1ccon1,CN(C)/C(N(C)C)=N\C(C)(C)C,CC(C1=C(C2=C(OC)C=CC(OC)=C2P(C34CC5CC(C4)CC(C5)C3)C67CC8CC(C7)CC(C8)C6)C(C(C)C)=CC(C(C)C)=C1)C,46.59177534
FC(F)(F)c1ccc(I)cc1,C(N(Cc1ccccc1)c2oncc2)c3ccccc3,CN1CCCN2CCCN=C12,CC(C1=C(C2=C(OC)C=CC(OC)=C2P(C34CC5CC(C4)CC(C5)C3)C67CC8CC(C7)CC(C8)C6)C(C(C)C)=CC(C(C)C)=C1)C,41.60266431
FC(F)(F)c1ccc(I)cc1,o1cc2ccccc2n1,CN1CCCN2CCCN=C12,CC(C)C(C=C(C(C)C)C=C1C(C)C)=C1C2=CC=CC=C2P(C(C)(C)C)C(C)(C)C,33.82793233
COc1ccc(Br)cc1,o1ncc2ccccc12,CN(C)P(N(C)C)(N(C)C)=NP(N(C)C)(N(C)C)=NCC,CC(C)C1=CC(C(C)C)=CC(C(C)C)=C1C2=C(P(C3CCCCC3)C4CCCCC4)C=CC=C2,9.607508599
Brc1ccccn1,Cc1ccon1,CN1CCCN2CCCN=C12,CC(C)C1=CC(C(C)C)=CC(C(C)C)=C1C2=C(P(C(C)(C)C)C(C)(C)C)C(OC)=CC=C2OC,93.03255731
CCc1ccc(I)cc1,CCOC(=O)c1cnoc1C,CN1CCCN2CCCN=C12,CC(C1=C(C2=C(OC)C=CC(OC)=C2P(C34CC5CC(C4)CC(C5)C3)C67CC8CC(C7)CC(C8)C6)C(C(C)C)=CC(C(C)C)=C1)C,51.5902696
Ic1ccccn1,o1cc(cn1)c2ccccc2,CN(C)/C(N(C)C)=N\C(C)(C)C,CC(C)C1=CC(C(C)C)=CC(C(C)C)=C1C2=C(P(C3CCCCC3)C4CCCCC4)C=CC=C2,41.96438983
Ic1cccnc1,CCOC(=O)c1cnoc1C,CN(C)P(N(C)C)(N(C)C)=NP(N(C)C)(N(C)C)=NCC,CC(C)C1=CC(C(C)C)=CC(C(C)C)=C1C2=C(P(C3CCCCC3)C4CCCCC4)C=CC=C2,11.59336493
Ic1cccnc1,COC(=O)c1cc(on1)c2sccc2,CN1CCCN2CCCN=C12,CC(C1=C(C2=C(OC)C=CC(OC)=C2P(C34CC5CC(C4)CC(C5)C3)C67CC8CC(C7)CC(C8)C6)C(C(C)C)=CC(C(C)C)=C1)C,69.79590237
Clc1cccnc1,CCOC(=O)c1conc1,CN1CCCN2CCCN=C12,CC(C1=C(C2=C(OC)C=CC(OC)=C2P(C34CC5CC(C4)CC(C5)C3)C67CC8CC(C7)CC(C8)C6)C(C(C)C)=CC(C(C)C)=C1)C,18.37316337
FC(F)(F)c1ccc(Cl)cc1,Cc1oncc1,CN1CCCN2CCCN=C12,CC(C1=C(C2=C(OC)C=CC(OC)=C2P(C34CC5CC(C4)CC(C5)C3)C67CC8CC(C7)CC(C8)C6)C(C(C)C)=CC(C(C)C)=C1)C,7.259820865
CCc1ccc(Cl)cc1,Cc1cc(on1)c2ccccc2,CN1CCCN2CCCN=C12,CC(C)C(C=C(C(C)C)C=C1C(C)C)=C1C2=CC=CC=C2P(C(C)(C)C)C(C)(C)C,3.864236463
Clc1cccnc1,COC(=O)c1oncc1,CN1CCCN2CCCN=C12,CC(C1=C(C2=C(OC)C=CC(OC)=C2P(C34CC5CC(C4)CC(C5)C3)C67CC8CC(C7)CC(C8)C6)C(C(C)C)=CC(C(C)C)=C1)C,7.732563505
Brc1ccccn1,COC(=O)c1oncc1,CN1CCCN2CCCN=C12,CC(C)C(C=C(C(C)C)C=C1C(C)C)=C1C2=CC=CC=C2P(C(C)(C)C)C(C)(C)C,81.85780625
Clc1cccnc1,COC(=O)c1cc(on1)c2occc2,CN(C)/C(N(C)C)=N\C(C)(C)C,CC(C)C1=CC(C(C)C)=CC(C(C)C)=C1C2=C(P(C(C)(C)C)C(C)(C)C)C(OC)=CC=C2OC,3.035900596
Brc1cccnc1,o1ccc(n1)c2ccccc2,CN(C)/C(N(C)C)=N\C(C)(C)C,CC(C1=C(C2=C(OC)C=CC(OC)=C2P(C34CC5CC(C4)CC(C5)C3)C67CC8CC(C7)CC(C8)C6)C(C(C)C)=CC(C(C)C)=C1)C,81.6084941
Brc1cccnc1,CCOC(=O)c1conc1,CN1CCCN2CCCN=C12,CC(C)C1=CC(C(C)C)=CC(C(C)C)=C1C2=C(P(C3CCCCC3)C4CCCCC4)C=CC=C2,12.51722888
Brc1cccnc1,Cc1cc(on1)c2ccccc2,CN(C)/C(N(C)C)=N\C(C)(C)C,CC(C)C1=CC(C(C)C)=CC(C(C)C)=C1C2=C(P(C(C)(C)C)C(C)(C)C)C(OC)=CC=C2OC,56.79309437
CCc1ccc(Cl)cc1,CCOC(=O)c1cc(C)on1,CN1CCCN2CCCN=C12,CC(C)C1=CC(C(C)C)=CC(C(C)C)=C1C2=C(P(C3CCCCC3)C4CCCCC4)C=CC=C2,4.206951598
FC(F)(F)c1ccc(Cl)cc1,Cc1cc(on1)c2ccccc2,CN(C)P(N(C)C)(N(C)C)=NP(N(C)C)(N(C)C)=NCC,CC(C)C(C=C(C(C)C)C=C1C(C)C)=C1C2=CC=CC=C2P(C(C)(C)C)C(C)(C)C,31.73318055
FC(F)(F)c1ccc(I)cc1,Cc1onc(C)c1,CN(C)P(N(C)C)(N(C)C)=NP(N(C)C)(N(C)C)=NCC,CC(C)C(C=C(C(C)C)C=C1C(C)C)=C1C2=CC=CC=C2P(C(C)(C)C)C(C)(C)C,39.51659226
Brc1ccccn1,CCOC(=O)c1onc(C)c1,CN1CCCN2CCCN=C12,CC(C)C1=CC(C(C)C)=CC(C(C)C)=C1C2=C(P(C(C)(C)C)C(C)(C)C)C(OC)=CC=C2OC,96.59121826
CCc1ccc(Cl)cc1,o1cc(cn1)c2ccccc2,CN(C)/C(N(C)C)=N\C(C)(C)C,CC(C)C1=CC(C(C)C)=CC(C(C)C)=C1C2=C(P(C(C)(C)C)C(C)(C)C)C(OC)=CC=C2OC,0.0
Clc1ccccn1,Cc1oncc1,CN(C)/C(N(C)C)=N\C(C)(C)C,CC(C1=C(C2=C(OC)C=CC(OC)=C2P(C34CC5CC(C4)CC(C5)C3)C67CC8CC(C7)CC(C8)C6)C(C(C)C)=CC(C(C)C)=C1)C,28.41978949
Ic1cccnc1,o1cc(cn1)c2ccccc2,CN1CCCN2CCCN=C12,CC(C1=C(C2=C(OC)C=CC(OC)=C2P(C34CC5CC(C4)CC(C5)C3)C67CC8CC(C7)CC(C8)C6)C(C(C)C)=CC(C(C)C)=C1)C,84.40270662
COc1ccc(Cl)cc1,CCOC(=O)c1ccon1,CN1CCCN2CCCN=C12,CC(C)C1=CC(C(C)C)=CC(C(C)C)=C1C2=C(P(C(C)(C)C)C(C)(C)C)C(OC)=CC=C2OC,0.578158424
Clc1ccccn1,Cc1onc(c1)n2cccc2,CN(C)/C(N(C)C)=N\C(C)(C)C,CC(C)C1=CC(C(C)C)=CC(C(C)C)=C1C2=C(P(C3CCCCC3)C4CCCCC4)C=CC=C2,26.66040937
COc1ccc(Cl)cc1,CCOC(=O)c1conc1,CN(C)/C(N(C)C)=N\C(C)(C)C,CC(C1=C(C2=C(OC)C=CC(OC)=C2P(C34CC5CC(C4)CC(C5)C3)C67CC8CC(C7)CC(C8)C6)C(C(C)C)=CC(C(C)C)=C1)C,0.0
FC(F)(F)c1ccc(I)cc1,CCOC(=O)c1cc(C)on1,CN(C)P(N(C)C)(N(C)C)=NP(N(C)C)(N(C)C)=NCC,CC(C)C1=CC(C(C)C)=CC(C(C)C)=C1C2=C(P(C(C)(C)C)C(C)(C)C)C(OC)=CC=C2OC,39.91592357
Ic1cccnc1,CCOC(=O)c1ccon1,CN(C)P(N(C)C)(N(C)C)=NP(N(C)C)(N(C)C)=NCC,CC(C1=C(C2=C(OC)C=CC(OC)=C2P(C34CC5CC(C4)CC(C5)C3)C67CC8CC(C7)CC(C8)C6)C(C(C)C)=CC(C(C)C)=C1)C,16.7720232
FC(F)(F)c1ccc(Cl)cc1,CCOC(=O)c1onc(C)c1,CN1CCCN2CCCN=C12,CC(C)C1=CC(C(C)C)=CC(C(C)C)=C1C2=C(P(C(C)(C)C)C(C)(C)C)C(OC)=CC=C2OC,4.275083316
Ic1cccnc1,COC(=O)c1cc(on1)c2occc2,CN1CCCN2CCCN=C12,CC(C)C1=CC(C(C)C)=CC(C(C)C)=C1C2=C(P(C3CCCCC3)C4CCCCC4)C=CC=C2,32.51941474
Ic1cccnc1,Cc1onc(c1)n2cccc2,CN(C)P(N(C)C)(N(C)C)=NP(N(C)C)(N(C)C)=NCC,CC(C)C1=CC(C(C)C)=CC(C(C)C)=C1C2=C(P(C3CCCCC3)C4CCCCC4)C=CC=C2,75.11548375
CCc1ccc(Br)cc1,o1cc(cn1)c2ccccc2,CN1CCCN2CCCN=C12,CC(C)C(C=C(C(C)C)C=C1C(C)C)=C1C2=CC=CC=C2P(C(C)(C)C)C(C)(C)C,79.87241595
Clc1cccnc1,CCOC(=O)c1onc(OC)c1,CN(C)P(N(C)C)(N(C)C)=NP(N(C)C)(N(C)C)=NCC,CC(C)C(C=C(C(C)C)C=C1C(C)C)=C1C2=CC=CC=C2P(C(C)(C)C)C(C)(C)C,27.32089436
FC(F)(F)c1ccc(I)cc1,CCOC(=O)c1onc(OC)c1,CN(C)P(N(C)C)(N(C)C)=NP(N(C)C)(N(C)C)=NCC,CC(C)C(C=C(C(C)C)C=C1C(C)C)=C1C2=CC=CC=C2P(C(C)(C)C)C(C)(C)C,40.2947746
Brc1ccccn1,o1nccc1c2ccccc2,CN(C)P(N(C)C)(N(C)C)=NP(N(C)C)(N(C)C)=NCC,CC(C)C1=CC(C(C)C)=CC(C(C)C)=C1C2=C(P(C3CCCCC3)C4CCCCC4)C=CC=C2,15.23875818
COc1ccc(Cl)cc1,C(N(Cc1ccccc1)c2ccon2)c3ccccc3,CN(C)/C(N(C)C)=N\C(C)(C)C,CC(C1=C(C2=C(OC)C=CC(OC)=C2P(C34CC5CC(C4)CC(C5)C3)C67CC8CC(C7)CC(C8)C6)C(C(C)C)=CC(C(C)C)=C1)C,41.26452613
CCc1ccc(Cl)cc1,o1ncc2ccccc12,CN(C)P(N(C)C)(N(C)C)=NP(N(C)C)(N(C)C)=NCC,CC(C)C(C=C(C(C)C)C=C1C(C)C)=C1C2=CC=CC=C2P(C(C)(C)C)C(C)(C)C,5.628261366
Clc1ccccn1,CCOC(=O)c1ccon1,CN1CCCN2CCCN=C12,CC(C)C1=CC(C(C)C)=CC(C(C)C)=C1C2=C(P(C3CCCCC3)C4CCCCC4)C=CC=C2,28.88381703
FC(F)(F)c1ccc(Cl)cc1,Cc1ccon1,CN1CCCN2CCCN=C12,CC(C)C(C=C(C(C)C)C=C1C(C)C)=C1C2=CC=CC=C2P(C(C)(C)C)C(C)(C)C,34.96627405
Ic1cccnc1,Fc1cccc(F)c1c2oncc2,CN1CCCN2CCCN=C12,CC(C)C1=CC(C(C)C)=CC(C(C)C)=C1C2=C(P(C(C)(C)C)C(C)(C)C)C(OC)=CC=C2OC,83.04189522
Clc1ccccn1,COC(=O)c1cc(on1)c2occc2,CN(C)/C(N(C)C)=N\C(C)(C)C,CC(C)C1=CC(C(C)C)=CC(C(C)C)=C1C2=C(P(C3CCCCC3)C4CCCCC4)C=CC=C2,21.60400316
COc1ccc(Br)cc1,CCOC(=O)c1cc(C)on1,CN(C)P(N(C)C)(N(C)C)=NP(N(C)C)(N(C)C)=NCC,CC(C)C1=CC(C(C)C)=CC(C(C)C)=C1C2=C(P(C3CCCCC3)C4CCCCC4)C=CC=C2,16.64966496
Clc1ccccn1,CCOC(=O)c1cc(C)on1,CN1CCCN2CCCN=C12,CC(C)C1=CC(C(C)C)=CC(C(C)C)=C1C2=C(P(C3CCCCC3)C4CCCCC4)C=CC=C2,38.14302674
CCc1ccc(Cl)cc1,CCOC(=O)c1ccon1,CN1CCCN2CCCN=C12,CC(C1=C(C2=C(OC)C=CC(OC)=C2P(C34CC5CC(C4)CC(C5)C3)C67CC8CC(C7)CC(C8)C6)C(C(C)C)=CC(C(C)C)=C1)C,1.226267555
Clc1cccnc1,Cc1cc(on1)c2ccccc2,CN(C)P(N(C)C)(N(C)C)=NP(N(C)C)(N(C)C)=NCC,CC(C)C1=CC(C(C)C)=CC(C(C)C)=C1C2=C(P(C(C)(C)C)C(C)(C)C)C(OC)=CC=C2OC,0.0
COc1ccc(I)cc1,C(N(Cc1ccccc1)c2oncc2)c3ccccc3,CN(C)P(N(C)C)(N(C)C)=NP(N(C)C)(N(C)C)=NCC,CC(C1=C(C2=C(OC)C=CC(OC)=C2P(C34CC5CC(C4)CC(C5)C3)C67CC8CC(C7)CC(C8)C6)C(C(C)C)=CC(C(C)C)=C1)C,33.20741805
COc1ccc(Cl)cc1,CCOC(=O)c1conc1,CN(C)/C(N(C)C)=N\C(C)(C)C,CC(C)C1=CC(C(C)C)=CC(C(C)C)=C1C2=C(P(C(C)(C)C)C(C)(C)C)C(OC)=CC=C2OC,0.0
FC(F)(F)c1ccc(Cl)cc1,CCOC(=O)c1conc1,CN(C)/C(N(C)C)=N\C(C)(C)C,CC(C)C1=CC(C(C)C)=CC(C(C)C)=C1C2=C(P(C3CCCCC3)C4CCCCC4)C=CC=C2,0.757519124
CCc1ccc(Br)cc1,COC(=O)c1cc(on1)c2occc2,CN1CCCN2CCCN=C12,CC(C)C(C=C(C(C)C)C=C1C(C)C)=C1C2=CC=CC=C2P(C(C)(C)C)C(C)(C)C,70.19925962
CCc1ccc(I)cc1,Cc1cc(on1)c2ccccc2,CN1CCCN2CCCN=C12,CC(C1=C(C2=C(OC)C=CC(OC)=C2P(C34CC5CC(C4)CC(C5)C3)C67CC8CC(C7)CC(C8)C6)C(C(C)C)=CC(C(C)C)=C1)C,73.08177999
FC(F)(F)c1ccc(I)cc1,o1ncc2ccccc12,CN(C)P(N(C)C)(N(C)C)=NP(N(C)C)(N(C)C)=NCC,CC(C)C1=CC(C(C)C)=CC(C(C)C)=C1C2=C(P(C3CCCCC3)C4CCCCC4)C=CC=C2,35.89724622
CCc1ccc(Br)cc1,C(N(Cc1ccccc1)c2ccon2)c3ccccc3,CN(C)/C(N(C)C)=N\C(C)(C)C,CC(C)C(C=C(C(C)C)C=C1C(C)C)=C1C2=CC=CC=C2P(C(C)(C)C)C(C)(C)C,57.19204969
Brc1ccccn1,CCOC(=O)c1cnoc1C,CN(C)/C(N(C)C)=N\C(C)(C)C,CC(C)C1=CC(C(C)C)=CC(C(C)C)=C1C2=C(P(C3CCCCC3)C4CCCCC4)C=CC=C2,18.5257144
Brc1cccnc1,Cc1oncc1,CN1CCCN2CCCN=C12,CC(C1=C(C2=C(OC)C=CC(OC)=C2P(C34CC5CC(C4)CC(C5)C3)C67CC8CC(C7)CC(C8)C6)C(C(C)C)=CC(C(C)C)=C1)C,79.68761126
CCc1ccc(Cl)cc1,CCOC(=O)c1cc(C)on1,CN(C)/C(N(C)C)=N\C(C)(C)C,CC(C1=C(C2=C(OC)C=CC(OC)=C2P(C34CC5CC(C4)CC(C5)C3)C67CC8CC(C7)CC(C8)C6)C(C(C)C)=CC(C(C)C)=C1)C,0.778234105
FC(F)(F)c1ccc(I)cc1,CCOC(=O)c1cnoc1C,CN(C)/C(N(C)C)=N\C(C)(C)C,CC(C)C1=CC(C(C)C)=CC(C(C)C)=C1C2=C(P(C3CCCCC3)C4CCCCC4)C=CC=C2,19.55154349
Brc1ccccn1,C(N(Cc1ccccc1)c2ccon2)c3ccccc3,CN1CCCN2CCCN=C12,CC(C)C1=CC(C(C)C)=CC(C(C)C)=C1C2=C(P(C3CCCCC3)C4CCCCC4)C=CC=C2,55.41075316
Brc1cccnc1,CCOC(=O)c1cnoc1C,CN1CCCN2CCCN=C12,CC(C)C1=CC(C(C)C)=CC(C(C)C)=C1C2=C(P(C(C)(C)C)C(C)(C)C)C(OC)=CC=C2OC,45.50180654
CCc1ccc(Br)cc1,Cc1oncc1,CN(C)/C(N(C)C)=N\C(C)(C)C,CC(C)C(C=C(C(C)C)C=C1C(C)C)=C1C2=CC=CC=C2P(C(C)(C)C)C(C)(C)C,52.43953497
COc1ccc(I)cc1,Fc1cccc(F)c1c2oncc2,CN1CCCN2CCCN=C12,CC(C1=C(C2=C(OC)C=CC(OC)=C2P(C34CC5CC(C4)CC(C5)C3)C67CC8CC(C7)CC(C8)C6)C(C(C)C)=CC(C(C)C)=C1)C,49.01475041
Brc1ccccn1,o1cc(cn1)c2ccccc2,CN(C)P(N(C)C)(N(C)C)=NP(N(C)C)(N(C)C)=NCC,CC(C1=C(C2=C(OC)C=CC(OC)=C2P(C34CC5CC(C4)CC(C5)C3)C67CC8CC(C7)CC(C8)C6)C(C(C)C)=CC(C(C)C)=C1)C,20.15990301
FC(F)(F)c1ccc(Cl)cc1,o1cc2ccccc2n1,CN(C)P(N(C)C)(N(C)C)=NP(N(C)C)(N(C)C)=NCC,CC(C)C1=CC(C(C)C)=CC(C(C)C)=C1C2=C(P(C3CCCCC3)C4CCCCC4)C=CC=C2,1.25144582
CCc1ccc(Br)cc1,Cc1cc(on1)c2ccccc2,CN1CCCN2CCCN=C12,CC(C)C1=CC(C(C)C)=CC(C(C)C)=C1C2=C(P(C3CCCCC3)C4CCCCC4)C=CC=C2,25.83582864
COc1ccc(Br)cc1,CCOC(=O)c1cnoc1C,CN(C)P(N(C)C)(N(C)C)=NP(N(C)C)(N(C)C)=NCC,CC(C)C1=CC(C(C)C)=CC(C(C)C)=C1C2=C(P(C(C)(C)C)C(C)(C)C)C(OC)=CC=C2OC,15.16491224
Ic1cccnc1,o1nccc1c2ccccc2,CN(C)P(N(C)C)(N(C)C)=NP(N(C)C)(N(C)C)=NCC,CC(C1=C(C2=C(OC)C=CC(OC)=C2P(C34CC5CC(C4)CC(C5)C3)C67CC8CC(C7)CC(C8)C6)C(C(C)C)=CC(C(C)C)=C1)C,14.36737015
Clc1cccnc1,Cc1ccon1,CN(C)/C(N(C)C)=N\C(C)(C)C,CC(C)C1=CC(C(C)C)=CC(C(C)C)=C1C2=C(P(C(C)(C)C)C(C)(C)C)C(OC)=CC=C2OC,13.89042777
COc1ccc(I)cc1,CCOC(=O)c1onc(OC)c1,CN(C)P(N(C)C)(N(C)C)=NP(N(C)C)(N(C)C)=NCC,CC(C)C1=CC(C(C)C)=CC(C(C)C)=C1C2=C(P(C(C)(C)C)C(C)(C)C)C(OC)=CC=C2OC,42.82874785
Clc1cccnc1,CCOC(=O)c1onc(C)c1,CN(C)/C(N(C)C)=N\C(C)(C)C,CC(C1=C(C2=C(OC)C=CC(OC)=C2P(C34CC5CC(C4)CC(C5)C3)C67CC8CC(C7)CC(C8)C6)C(C(C)C)=CC(C(C)C)=C1)C,1.517636561
FC(F)(F)c1ccc(Cl)cc1,CCOC(=O)c1cnoc1C,CN(C)/C(N(C)C)=N\C(C)(C)C,CC(C)C(C=C(C(C)C)C=C1C(C)C)=C1C2=CC=CC=C2P(C(C)(C)C)C(C)(C)C,0.747411772
COc1ccc(I)cc1,COC(=O)c1cc(on1)c2occc2,CN(C)/C(N(C)C)=N\C(C)(C)C,CC(C)C(C=C(C(C)C)C=C1C(C)C)=C1C2=CC=CC=C2P(C(C)(C)C)C(C)(C)C,31.57364304
FC(F)(F)c1ccc(I)cc1,o1cc2ccccc2n1,CN1CCCN2CCCN=C12,CC(C1=C(C2=C(OC)C=CC(OC)=C2P(C34CC5CC(C4)CC(C5)C3)C67CC8CC(C7)CC(C8)C6)C(C(C)C)=CC(C(C)C)=C1)C,39.56647024
CCc1ccc(Br)cc1,CCOC(=O)c1onc(OC)c1,CN(C)/C(N(C)C)=N\C(C)(C)C,CC(C)C1=CC(C(C)C)=CC(C(C)C)=C1C2=C(P(C(C)(C)C)C(C)(C)C)C(OC)=CC=C2OC,50.4472159
CCc1ccc(Cl)cc1,Cc1oncc1,CN1CCCN2CCCN=C12,CC(C)C1=CC(C(C)C)=CC(C(C)C)=C1C2=C(P(C(C)(C)C)C(C)(C)C)C(OC)=CC=C2OC,5.688672061
Ic1ccccn1,Cc1cc(on1)c2ccccc2,CN1CCCN2CCCN=C12,CC(C)C1=CC(C(C)C)=CC(C(C)C)=C1C2=C(P(C3CCCCC3)C4CCCCC4)C=CC=C2,62.69909879
CCc1ccc(Br)cc1,Cc1onc(C)c1,CN1CCCN2CCCN=C12,CC(C)C1=CC(C(C)C)=CC(C(C)C)=C1C2=C(P(C3CCCCC3)C4CCCCC4)C=CC=C2,36.58244249
Brc1cccnc1,CCOC(=O)c1conc1,CN(C)P(N(C)C)(N(C)C)=NP(N(C)C)(N(C)C)=NCC,CC(C1=C(C2=C(OC)C=CC(OC)=C2P(C34CC5CC(C4)CC(C5)C3)C67CC8CC(C7)CC(C8)C6)C(C(C)C)=CC(C(C)C)=C1)C,2.42482932
CCc1ccc(Cl)cc1,C(N(Cc1ccccc1)c2ccon2)c3ccccc3,CN(C)/C(N(C)C)=N\C(C)(C)C,CC(C)C1=CC(C(C)C)=CC(C(C)C)=C1C2=C(P(C3CCCCC3)C4CCCCC4)C=CC=C2,6.262930072
Clc1ccccn1,o1cc2ccccc2n1,CN(C)P(N(C)C)(N(C)C)=NP(N(C)C)(N(C)C)=NCC,CC(C1=C(C2=C(OC)C=CC(OC)=C2P(C34CC5CC(C4)CC(C5)C3)C67CC8CC(C7)CC(C8)C6)C(C(C)C)=CC(C(C)C)=C1)C,5.427048525
FC(F)(F)c1ccc(Br)cc1,C(N(Cc1ccccc1)c2oncc2)c3ccccc3,CN(C)/C(N(C)C)=N\C(C)(C)C,CC(C)C1=CC(C(C)C)=CC(C(C)C)=C1C2=C(P(C(C)(C)C)C(C)(C)C)C(OC)=CC=C2OC,30.47937114
Brc1ccccn1,o1ncc2ccccc12,CN1CCCN2CCCN=C12,CC(C)C1=CC(C(C)C)=CC(C(C)C)=C1C2=C(P(C3CCCCC3)C4CCCCC4)C=CC=C2,26.94242513
Ic1ccccn1,o1ncc2ccccc12,CN1CCCN2CCCN=C12,CC(C)C(C=C(C(C)C)C=C1C(C)C)=C1C2=CC=CC=C2P(C(C)(C)C)C(C)(C)C,84.53852223
Ic1cccnc1,o1cc(cn1)c2ccccc2,CN(C)P(N(C)C)(N(C)C)=NP(N(C)C)(N(C)C)=NCC,CC(C)C1=CC(C(C)C)=CC(C(C)C)=C1C2=C(P(C(C)(C)C)C(C)(C)C)C(OC)=CC=C2OC,66.6354412
CCc1ccc(Br)cc1,CCOC(=O)c1ccon1,CN(C)/C(N(C)C)=N\C(C)(C)C,CC(C)C(C=C(C(C)C)C=C1C(C)C)=C1C2=CC=CC=C2P(C(C)(C)C)C(C)(C)C,56.8433722
COc1ccc(Br)cc1,Fc1cccc(F)c1c2oncc2,CN(C)P(N(C)C)(N(C)C)=NP(N(C)C)(N(C)C)=NCC,CC(C1=C(C2=C(OC)C=CC(OC)=C2P(C34CC5CC(C4)CC(C5)C3)C67CC8CC(C7)CC(C8)C6)C(C(C)C)=CC(C(C)C)=C1)C,14.89842021
CCc1ccc(I)cc1,COC(=O)c1oncc1,CN1CCCN2CCCN=C12,CC(C)C1=CC(C(C)C)=CC(C(C)C)=C1C2=C(P(C3CCCCC3)C4CCCCC4)C=CC=C2,12.67179243
FC(F)(F)c1ccc(Cl)cc1,C(N(Cc1ccccc1)c2oncc2)c3ccccc3,CN(C)P(N(C)C)(N(C)C)=NP(N(C)C)(N(C)C)=NCC,CC(C)C(C=C(C(C)C)C=C1C(C)C)=C1C2=CC=CC=C2P(C(C)(C)C)C(C)(C)C,10.16290719
FC(F)(F)c1ccc(I)cc1,CCOC(=O)c1onc(OC)c1,CN(C)/C(N(C)C)=N\C(C)(C)C,CC(C)C(C=C(C(C)C)C=C1C(C)C)=C1C2=CC=CC=C2P(C(C)(C)C)C(C)(C)C,40.40712226
Clc1cccnc1,C(N(Cc1ccccc1)c2oncc2)c3ccccc3,CN1CCCN2CCCN=C12,CC(C)C(C=C(C(C)C)C=C1C(C)C)=C1C2=CC=CC=C2P(C(C)(C)C)C(C)(C)C,12.67223423
COc1ccc(I)cc1,CCOC(=O)c1ccon1,CN1CCCN2CCCN=C12,CC(C)C1=CC(C(C)C)=CC(C(C)C)=C1C2=C(P(C(C)(C)C)C(C)(C)C)C(OC)=CC=C2OC,47.70226953
CCc1ccc(I)cc1,Fc1cccc(F)c1c2oncc2,CN(C)/C(N(C)C)=N\C(C)(C)C,CC(C)C(C=C(C(C)C)C=C1C(C)C)=C1C2=CC=CC=C2P(C(C)(C)C)C(C)(C)C,59.93053961
FC(F)(F)c1ccc(Br)cc1,Cc1ccon1,CN(C)/C(N(C)C)=N\C(C)(C)C,CC(C1=C(C2=C(OC)C=CC(OC)=C2P(C34CC5CC(C4)CC(C5)C3)C67CC8CC(C7)CC(C8)C6)C(C(C)C)=CC(C(C)C)=C1)C,45.92980056
COc1ccc(Cl)cc1,CCOC(=O)c1conc1,CN(C)P(N(C)C)(N(C)C)=NP(N(C)C)(N(C)C)=NCC,CC(C)C1=CC(C(C)C)=CC(C(C)C)=C1C2=C(P(C3CCCCC3)C4CCCCC4)C=CC=C2,0.0
Ic1cccnc1,CCOC(=O)c1conc1,CN1CCCN2CCCN=C12,CC(C1=C(C2=C(OC)C=CC(OC)=C2P(C34CC5CC(C4)CC(C5)C3)C67CC8CC(C7)CC(C8)C6)C(C(C)C)=CC(C(C)C)=C1)C,37.08543096
FC(F)(F)c1ccc(Cl)cc1,o1ccc(n1)c2ccccc2,CN1CCCN2CCCN=C12,CC(C)C1=CC(C(C)C)=CC(C(C)C)=C1C2=C(P(C3CCCCC3)C4CCCCC4)C=CC=C2,26.52646529
COc1ccc(Cl)cc1,o1cc2ccccc2n1,CN(C)/C(N(C)C)=N\C(C)(C)C,CC(C)C(C=C(C(C)C)C=C1C(C)C)=C1C2=CC=CC=C2P(C(C)(C)C)C(C)(C)C,0.0
Brc1ccccn1,Fc1cccc(F)c1c2oncc2,CN(C)/C(N(C)C)=N\C(C)(C)C,CC(C1=C(C2=C(OC)C=CC(OC)=C2P(C34CC5CC(C4)CC(C5)C3)C67CC8CC(C7)CC(C8)C6)C(C(C)C)=CC(C(C)C)=C1)C,30.24326754
COc1ccc(I)cc1,C(N(Cc1ccccc1)c2oncc2)c3ccccc3,CN(C)/C(N(C)C)=N\C(C)(C)C,CC(C1=C(C2=C(OC)C=CC(OC)=C2P(C34CC5CC(C4)CC(C5)C3)C67CC8CC(C7)CC(C8)C6)C(C(C)C)=CC(C(C)C)=C1)C,49.985461
CCc1ccc(Cl)cc1,C(N(Cc1ccccc1)c2oncc2)c3ccccc3,CN1CCCN2CCCN=C12,CC(C1=C(C2=C(OC)C=CC(OC)=C2P(C34CC5CC(C4)CC(C5)C3)C67CC8CC(C7)CC(C8)C6)C(C(C)C)=CC(C(C)C)=C1)C,1.005881291
Ic1ccccn1,o1ncc2ccccc12,CN(C)/C(N(C)C)=N\C(C)(C)C,CC(C)C(C=C(C(C)C)C=C1C(C)C)=C1C2=CC=CC=C2P(C(C)(C)C)C(C)(C)C,46.64490818
FC(F)(F)c1ccc(Cl)cc1,COC(=O)c1cc(on1)c2occc2,CN1CCCN2CCCN=C12,CC(C1=C(C2=C(OC)C=CC(OC)=C2P(C34CC5CC(C4)CC(C5)C3)C67CC8CC(C7)CC(C8)C6)C(C(C)C)=CC(C(C)C)=C1)C,2.103607287
CCc1ccc(Br)cc1,COC(=O)c1oncc1,CN(C)/C(N(C)C)=N\C(C)(C)C,CC(C1=C(C2=C(OC)C=CC(OC)=C2P(C34CC5CC(C4)CC(C5)C3)C67CC8CC(C7)CC(C8)C6)C(C(C)C)=CC(C(C)C)=C1)C,5.605744575
CCc1ccc(Br)cc1,Cc1onc(c1)n2cccc2,CN(C)/C(N(C)C)=N\C(C)(C)C,CC(C1=C(C2=C(OC)C=CC(OC)=C2P(C34CC5CC(C4)CC(C5)C3)C67CC8CC(C7)CC(C8)C6)C(C(C)C)=CC(C(C)C)=C1)C,57.55922845
Ic1ccccn1,CCOC(=O)c1cc(C)on1,CN1CCCN2CCCN=C12,CC(C)C1=CC(C(C)C)=CC(C(C)C)=C1C2=C(P(C3CCCCC3)C4CCCCC4)C=CC=C2,67.97172842
CCc1ccc(Br)cc1,COC(=O)c1cc(on1)c2occc2,CN1CCCN2CCCN=C12,CC(C)C1=CC(C(C)C)=CC(C(C)C)=C1C2=C(P(C(C)(C)C)C(C)(C)C)C(OC)=CC=C2OC,57.96795904
FC(F)(F)c1ccc(I)cc1,CCOC(=O)c1onc(C)c1,CN1CCCN2CCCN=C12,CC(C)C1=CC(C(C)C)=CC(C(C)C)=C1C2=C(P(C3CCCCC3)C4CCCCC4)C=CC=C2,46.63249784
FC(F)(F)c1ccc(I)cc1,CCOC(=O)c1cnoc1C,CN1CCCN2CCCN=C12,CC(C)C(C=C(C(C)C)C=C1C(C)C)=C1C2=CC=CC=C2P(C(C)(C)C)C(C)(C)C,41.66866973
COc1ccc(I)cc1,o1ccc(n1)c2ccccc2,CN(C)P(N(C)C)(N(C)C)=NP(N(C)C)(N(C)C)=NCC,CC(C)C(C=C(C(C)C)C=C1C(C)C)=C1C2=CC=CC=C2P(C(C)(C)C)C(C)(C)C,54.23706048
Ic1cccnc1,o1cc2ccccc2n1,CN(C)P(N(C)C)(N(C)C)=NP(N(C)C)(N(C)C)=NCC,CC(C)C(C=C(C(C)C)C=C1C(C)C)=C1C2=CC=CC=C2P(C(C)(C)C)C(C)(C)C,11.72782605
Ic1ccccn1,CCOC(=O)c1cnoc1C,CN(C)P(N(C)C)(N(C)C)=NP(N(C)C)(N(C)C)=NCC,CC(C)C1=CC(C(C)C)=CC(C(C)C)=C1C2=C(P(C3CCCCC3)C4CCCCC4)C=CC=C2,17.39978172
Ic1cccnc1,C(N(Cc1ccccc1)c2oncc2)c3ccccc3,CN(C)/C(N(C)C)=N\C(C)(C)C,CC(C1=C(C2=C(OC)C=CC(OC)=C2P(C34CC5CC(C4)CC(C5)C3)C67CC8CC(C7)CC(C8)C6)C(C(C)C)=CC(C(C)C)=C1)C,59.16216512
COc1ccc(Br)cc1,C(N(Cc1ccccc1)c2oncc2)c3ccccc3,CN(C)/C(N(C)C)=N\C(C)(C)C,CC(C)C(C=C(C(C)C)C=C1C(C)C)=C1C2=CC=CC=C2P(C(C)(C)C)C(C)(C)C,5.935933533
CCc1ccc(Br)cc1,Fc1cccc(F)c1c2oncc2,CN(C)/C(N(C)C)=N\C(C)(C)C,CC(C)C1=CC(C(C)C)=CC(C(C)C)=C1C2=C(P(C3CCCCC3)C4CCCCC4)C=CC=C2,9.250516466
Clc1cccnc1,Cc1onc(C)c1,CN(C)/C(N(C)C)=N\C(C)(C)C,CC(C)C(C=C(C(C)C)C=C1C(C)C)=C1C2=CC=CC=C2P(C(C)(C)C)C(C)(C)C,38.01577432
FC(F)(F)c1ccc(Cl)cc1,CCOC(=O)c1cnoc1C,CN(C)/C(N(C)C)=N\C(C)(C)C,CC(C)C1=CC(C(C)C)=CC(C(C)C)=C1C2=C(P(C3CCCCC3)C4CCCCC4)C=CC=C2,2.550915003
COc1ccc(Br)cc1,o1cc2ccccc2n1,CN(C)/C(N(C)C)=N\C(C)(C)C,CC(C)C(C=C(C(C)C)C=C1C(C)C)=C1C2=CC=CC=C2P(C(C)(C)C)C(C)(C)C,6.77799041
FC(F)(F)c1ccc(Cl)cc1,Cc1cc(on1)c2ccccc2,CN(C)P(N(C)C)(N(C)C)=NP(N(C)C)(N(C)C)=NCC,CC(C)C1=CC(C(C)C)=CC(C(C)C)=C1C2=C(P(C3CCCCC3)C4CCCCC4)C=CC=C2,18.40035471
Ic1ccccn1,Fc1cccc(F)c1c2oncc2,CN(C)P(N(C)C)(N(C)C)=NP(N(C)C)(N(C)C)=NCC,CC(C1=C(C2=C(OC)C=CC(OC)=C2P(C34CC5CC(C4)CC(C5)C3)C67CC8CC(C7)CC(C8)C6)C(C(C)C)=CC(C(C)C)=C1)C,28.29509241
COc1ccc(Br)cc1,COC(=O)c1cc(on1)c2occc2,CN(C)/C(N(C)C)=N\C(C)(C)C,CC(C1=C(C2=C(OC)C=CC(OC)=C2P(C34CC5CC(C4)CC(C5)C3)C67CC8CC(C7)CC(C8)C6)C(C(C)C)=CC(C(C)C)=C1)C,20.89901676
Brc1cccnc1,C(N(Cc1ccccc1)c2oncc2)c3ccccc3,CN1CCCN2CCCN=C12,CC(C)C1=CC(C(C)C)=CC(C(C)C)=C1C2=C(P(C3CCCCC3)C4CCCCC4)C=CC=C2,0.0
FC(F)(F)c1ccc(Cl)cc1,CCOC(=O)c1cc(C)on1,CN(C)/C(N(C)C)=N\C(C)(C)C,CC(C)C1=CC(C(C)C)=CC(C(C)C)=C1C2=C(P(C(C)(C)C)C(C)(C)C)C(OC)=CC=C2OC,24.27358667
CCc1ccc(I)cc1,CCOC(=O)c1conc1,CN(C)/C(N(C)C)=N\C(C)(C)C,CC(C)C1=CC(C(C)C)=CC(C(C)C)=C1C2=C(P(C3CCCCC3)C4CCCCC4)C=CC=C2,0.602410789
COc1ccc(Cl)cc1,CCOC(=O)c1onc(C)c1,CN(C)/C(N(C)C)=N\C(C)(C)C,CC(C)C1=CC(C(C)C)=CC(C(C)C)=C1C2=C(P(C(C)(C)C)C(C)(C)C)C(OC)=CC=C2OC,0.0
COc1ccc(Cl)cc1,Cc1cc(on1)c2ccccc2,CN1CCCN2CCCN=C12,CC(C)C1=CC(C(C)C)=CC(C(C)C)=C1C2=C(P(C(C)(C)C)C(C)(C)C)C(OC)=CC=C2OC,0.0
Ic1ccccn1,C(N(Cc1ccccc1)c2oncc2)c3ccccc3,CN(C)P(N(C)C)(N(C)C)=NP(N(C)C)(N(C)C)=NCC,CC(C)C1=CC(C(C)C)=CC(C(C)C)=C1C2=C(P(C3CCCCC3)C4CCCCC4)C=CC=C2,13.26217146
FC(F)(F)c1ccc(Cl)cc1,CCOC(=O)c1ccon1,CN1CCCN2CCCN=C12,CC(C1=C(C2=C(OC)C=CC(OC)=C2P(C34CC5CC(C4)CC(C5)C3)C67CC8CC(C7)CC(C8)C6)C(C(C)C)=CC(C(C)C)=C1)C,14.51047679
COc1ccc(Br)cc1,COC(=O)c1oncc1,CN1CCCN2CCCN=C12,CC(C)C1=CC(C(C)C)=CC(C(C)C)=C1C2=C(P(C(C)(C)C)C(C)(C)C)C(OC)=CC=C2OC,17.55880282
Brc1cccnc1,Cc1oncc1,CN1CCCN2CCCN=C12,CC(C)C1=CC(C(C)C)=CC(C(C)C)=C1C2=C(P(C3CCCCC3)C4CCCCC4)C=CC=C2,18.1188647
Brc1cccnc1,Cc1onc(c1)n2cccc2,CN1CCCN2CCCN=C12,CC(C)C1=CC(C(C)C)=CC(C(C)C)=C1C2=C(P(C(C)(C)C)C(C)(C)C)C(OC)=CC=C2OC,76.95155975
Brc1cccnc1,o1ncc2ccccc12,CN(C)P(N(C)C)(N(C)C)=NP(N(C)C)(N(C)C)=NCC,CC(C)C1=CC(C(C)C)=CC(C(C)C)=C1C2=C(P(C3CCCCC3)C4CCCCC4)C=CC=C2,20.45508721
Ic1cccnc1,Cc1cc(on1)c2ccccc2,CN1CCCN2CCCN=C12,CC(C)C1=CC(C(C)C)=CC(C(C)C)=C1C2=C(P(C(C)(C)C)C(C)(C)C)C(OC)=CC=C2OC,83.59935968
Ic1ccccn1,CCOC(=O)c1ccon1,CN1CCCN2CCCN=C12,CC(C1=C(C2=C(OC)C=CC(OC)=C2P(C34CC5CC(C4)CC(C5)C3)C67CC8CC(C7)CC(C8)C6)C(C(C)C)=CC(C(C)C)=C1)C,96.13228316
CCc1ccc(Br)cc1,COC(=O)c1cc(on1)c2sccc2,CN(C)P(N(C)C)(N(C)C)=NP(N(C)C)(N(C)C)=NCC,CC(C)C1=CC(C(C)C)=CC(C(C)C)=C1C2=C(P(C3CCCCC3)C4CCCCC4)C=CC=C2,22.16483544
Clc1cccnc1,o1cc2ccccc2n1,CN1CCCN2CCCN=C12,CC(C)C(C=C(C(C)C)C=C1C(C)C)=C1C2=CC=CC=C2P(C(C)(C)C)C(C)(C)C,0.0
COc1ccc(I)cc1,CCOC(=O)c1onc(C)c1,CN(C)P(N(C)C)(N(C)C)=NP(N(C)C)(N(C)C)=NCC,CC(C)C1=CC(C(C)C)=CC(C(C)C)=C1C2=C(P(C(C)(C)C)C(C)(C)C)C(OC)=CC=C2OC,42.27311559
COc1ccc(Br)cc1,Cc1oncc1,CN(C)P(N(C)C)(N(C)C)=NP(N(C)C)(N(C)C)=NCC,CC(C1=C(C2=C(OC)C=CC(OC)=C2P(C34CC5CC(C4)CC(C5)C3)C67CC8CC(C7)CC(C8)C6)C(C(C)C)=CC(C(C)C)=C1)C,7.829216765
Brc1ccccn1,COC(=O)c1cc(on1)c2occc2,CN(C)P(N(C)C)(N(C)C)=NP(N(C)C)(N(C)C)=NCC,CC(C1=C(C2=C(OC)C=CC(OC)=C2P(C34CC5CC(C4)CC(C5)C3)C67CC8CC(C7)CC(C8)C6)C(C(C)C)=CC(C(C)C)=C1)C,64.01092118
Brc1ccccn1,CCOC(=O)c1cnoc1C,CN1CCCN2CCCN=C12,CC(C)C(C=C(C(C)C)C=C1C(C)C)=C1C2=CC=CC=C2P(C(C)(C)C)C(C)(C)C,61.11611165
COc1ccc(Br)cc1,CCOC(=O)c1cnoc1C,CN(C)/C(N(C)C)=N\C(C)(C)C,CC(C)C1=CC(C(C)C)=CC(C(C)C)=C1C2=C(P(C(C)(C)C)C(C)(C)C)C(OC)=CC=C2OC,3.292807267
Brc1cccnc1,o1cc2ccccc2n1,CN(C)P(N(C)C)(N(C)C)=NP(N(C)C)(N(C)C)=NCC,CC(C1=C(C2=C(OC)C=CC(OC)=C2P(C34CC5CC(C4)CC(C5)C3)C67CC8CC(C7)CC(C8)C6)C(C(C)C)=CC(C(C)C)=C1)C,5.82300352
Clc1cccnc1,o1ncc2ccccc12,CN(C)P(N(C)C)(N(C)C)=NP(N(C)C)(N(C)C)=NCC,CC(C)C1=CC(C(C)C)=CC(C(C)C)=C1C2=C(P(C3CCCCC3)C4CCCCC4)C=CC=C2,15.22072074
COc1ccc(I)cc1,CCOC(=O)c1cc(C)on1,CN1CCCN2CCCN=C12,CC(C)C(C=C(C(C)C)C=C1C(C)C)=C1C2=CC=CC=C2P(C(C)(C)C)C(C)(C)C,49.9274003
Clc1ccccn1,CCOC(=O)c1onc(OC)c1,CN(C)/C(N(C)C)=N\C(C)(C)C,CC(C1=C(C2=C(OC)C=CC(OC)=C2P(C34CC5CC(C4)CC(C5)C3)C67CC8CC(C7)CC(C8)C6)C(C(C)C)=CC(C(C)C)=C1)C,27.69709095
COc1ccc(Br)cc1,CCOC(=O)c1cnoc1C,CN(C)/C(N(C)C)=N\C(C)(C)C,CC(C)C(C=C(C(C)C)C=C1C(C)C)=C1C2=CC=CC=C2P(C(C)(C)C)C(C)(C)C,6.683677134
Ic1cccnc1,o1cc(cn1)c2ccccc2,CN(C)P(N(C)C)(N(C)C)=NP(N(C)C)(N(C)C)=NCC,CC(C)C(C=C(C(C)C)C=C1C(C)C)=C1C2=CC=CC=C2P(C(C)(C)C)C(C)(C)C,70.58038327
CCc1ccc(Cl)cc1,Cc1ccon1,CN(C)P(N(C)C)(N(C)C)=NP(N(C)C)(N(C)C)=NCC,CC(C)C1=CC(C(C)C)=CC(C(C)C)=C1C2=C(P(C(C)(C)C)C(C)(C)C)C(OC)=CC=C2OC,7.259312325
FC(F)(F)c1ccc(Br)cc1,o1ncc2ccccc12,CN(C)/C(N(C)C)=N\C(C)(C)C,CC(C)C1=CC(C(C)C)=CC(C(C)C)=C1C2=C(P(C(C)(C)C)C(C)(C)C)C(OC)=CC=C2OC,29.89972719
CCc1ccc(Cl)cc1,CCOC(=O)c1cnoc1C,CN(C)P(N(C)C)(N(C)C)=NP(N(C)C)(N(C)C)=NCC,CC(C)C(C=C(C(C)C)C=C1C(C)C)=C1C2=CC=CC=C2P(C(C)(C)C)C(C)(C)C,4.57865157
COc1ccc(Cl)cc1,o1nccc1c2ccccc2,CN(C)P(N(C)C)(N(C)C)=NP(N(C)C)(N(C)C)=NCC,CC(C)C(C=C(C(C)C)C=C1C(C)C)=C1C2=CC=CC=C2P(C(C)(C)C)C(C)(C)C,2.663355036
FC(F)(F)c1ccc(I)cc1,CCOC(=O)c1conc1,CN1CCCN2CCCN=C12,CC(C)C1=CC(C(C)C)=CC(C(C)C)=C1C2=C(P(C3CCCCC3)C4CCCCC4)C=CC=C2,19.15166059
COc1ccc(Cl)cc1,CCOC(=O)c1ccon1,CN1CCCN2CCCN=C12,CC(C)C1=CC(C(C)C)=CC(C(C)C)=C1C2=C(P(C3CCCCC3)C4CCCCC4)C=CC=C2,0.344428756
COc1ccc(Cl)cc1,COC(=O)c1oncc1,CN(C)P(N(C)C)(N(C)C)=NP(N(C)C)(N(C)C)=NCC,CC(C)C1=CC(C(C)C)=CC(C(C)C)=C1C2=C(P(C(C)(C)C)C(C)(C)C)C(OC)=CC=C2OC,0.5287627
COc1ccc(Br)cc1,CCOC(=O)c1onc(C)c1,CN(C)P(N(C)C)(N(C)C)=NP(N(C)C)(N(C)C)=NCC,CC(C)C1=CC(C(C)C)=CC(C(C)C)=C1C2=C(P(C(C)(C)C)C(C)(C)C)C(OC)=CC=C2OC,40.45135336
CCc1ccc(I)cc1,Cc1ccon1,CN(C)/C(N(C)C)=N\C(C)(C)C,CC(C)C1=CC(C(C)C)=CC(C(C)C)=C1C2=C(P(C3CCCCC3)C4CCCCC4)C=CC=C2,50.54514481
Clc1cccnc1,o1ncc2ccccc12,CN(C)/C(N(C)C)=N\C(C)(C)C,CC(C)C(C=C(C(C)C)C=C1C(C)C)=C1C2=CC=CC=C2P(C(C)(C)C)C(C)(C)C,27.15209242
Brc1cccnc1,COC(=O)c1cc(on1)c2occc2,CN(C)/C(N(C)C)=N\C(C)(C)C,CC(C)C1=CC(C(C)C)=CC(C(C)C)=C1C2=C(P(C(C)(C)C)C(C)(C)C)C(OC)=CC=C2OC,58.2347243
COc1ccc(Cl)cc1,o1cc(cn1)c2ccccc2,CN(C)/C(N(C)C)=N\C(C)(C)C,CC(C)C1=CC(C(C)C)=CC(C(C)C)=C1C2=C(P(C3CCCCC3)C4CCCCC4)C=CC=C2,0.0
FC(F)(F)c1ccc(I)cc1,CCOC(=O)c1ccon1,CN1CCCN2CCCN=C12,CC(C)C1=CC(C(C)C)=CC(C(C)C)=C1C2=C(P(C(C)(C)C)C(C)(C)C)C(OC)=CC=C2OC,51.11682644
CCc1ccc(Br)cc1,CCOC(=O)c1cc(C)on1,CN(C)/C(N(C)C)=N\C(C)(C)C,CC(C)C1=CC(C(C)C)=CC(C(C)C)=C1C2=C(P(C3CCCCC3)C4CCCCC4)C=CC=C2,39.00815943
CCc1ccc(Cl)cc1,CCOC(=O)c1cc(C)on1,CN1CCCN2CCCN=C12,CC(C1=C(C2=C(OC)C=CC(OC)=C2P(C34CC5CC(C4)CC(C5)C3)C67CC8CC(C7)CC(C8)C6)C(C(C)C)=CC(C(C)C)=C1)C,1.087256852
Ic1cccnc1,CCOC(=O)c1onc(C)c1,CN1CCCN2CCCN=C12,CC(C)C(C=C(C(C)C)C=C1C(C)C)=C1C2=CC=CC=C2P(C(C)(C)C)C(C)(C)C,94.69105416
COc1ccc(Br)cc1,o1ccc(n1)c2ccccc2,CN(C)P(N(C)C)(N(C)C)=NP(N(C)C)(N(C)C)=NCC,CC(C)C(C=C(C(C)C)C=C1C(C)C)=C1C2=CC=CC=C2P(C(C)(C)C)C(C)(C)C,50.90618574
FC(F)(F)c1ccc(I)cc1,C(N(Cc1ccccc1)c2ccon2)c3ccccc3,CN1CCCN2CCCN=C12,CC(C1=C(C2=C(OC)C=CC(OC)=C2P(C34CC5CC(C4)CC(C5)C3)C67CC8CC(C7)CC(C8)C6)C(C(C)C)=CC(C(C)C)=C1)C,44.68109157
CCc1ccc(I)cc1,COC(=O)c1cc(on1)c2sccc2,CN(C)/C(N(C)C)=N\C(C)(C)C,CC(C1=C(C2=C(OC)C=CC(OC)=C2P(C34CC5CC(C4)CC(C5)C3)C67CC8CC(C7)CC(C8)C6)C(C(C)C)=CC(C(C)C)=C1)C,57.87416713
Brc1cccnc1,COC(=O)c1oncc1,CN1CCCN2CCCN=C12,CC(C)C(C=C(C(C)C)C=C1C(C)C)=C1C2=CC=CC=C2P(C(C)(C)C)C(C)(C)C,73.72948461
CCc1ccc(I)cc1,CCOC(=O)c1ccon1,CN1CCCN2CCCN=C12,CC(C1=C(C2=C(OC)C=CC(OC)=C2P(C34CC5CC(C4)CC(C5)C3)C67CC8CC(C7)CC(C8)C6)C(C(C)C)=CC(C(C)C)=C1)C,79.19714754
Clc1ccccn1,COC(=O)c1cc(on1)c2occc2,CN1CCCN2CCCN=C12,CC(C)C1=CC(C(C)C)=CC(C(C)C)=C1C2=C(P(C(C)(C)C)C(C)(C)C)C(OC)=CC=C2OC,74.69880742
Clc1cccnc1,COC(=O)c1cc(on1)c2occc2,CN1CCCN2CCCN=C12,CC(C1=C(C2=C(OC)C=CC(OC)=C2P(C34CC5CC(C4)CC(C5)C3)C67CC8CC(C7)CC(C8)C6)C(C(C)C)=CC(C(C)C)=C1)C,1.573799128
CCc1ccc(I)cc1,Cc1oncc1,CN(C)/C(N(C)C)=N\C(C)(C)C,CC(C)C1=CC(C(C)C)=CC(C(C)C)=C1C2=C(P(C(C)(C)C)C(C)(C)C)C(OC)=CC=C2OC,64.96884309
CCc1ccc(Br)cc1,COC(=O)c1cc(on1)c2sccc2,CN(C)P(N(C)C)(N(C)C)=NP(N(C)C)(N(C)C)=NCC,CC(C)C(C=C(C(C)C)C=C1C(C)C)=C1C2=CC=CC=C2P(C(C)(C)C)C(C)(C)C,63.69608906
CCc1ccc(Br)cc1,Cc1cc(on1)c2ccccc2,CN(C)/C(N(C)C)=N\C(C)(C)C,CC(C)C(C=C(C(C)C)C=C1C(C)C)=C1C2=CC=CC=C2P(C(C)(C)C)C(C)(C)C,54.46826622
Brc1ccccn1,o1cc(cn1)c2ccccc2,CN1CCCN2CCCN=C12,CC(C)C1=CC(C(C)C)=CC(C(C)C)=C1C2=C(P(C(C)(C)C)C(C)(C)C)C(OC)=CC=C2OC,71.49385038
Brc1cccnc1,CCOC(=O)c1onc(C)c1,CN(C)P(N(C)C)(N(C)C)=NP(N(C)C)(N(C)C)=NCC,CC(C)C(C=C(C(C)C)C=C1C(C)C)=C1C2=CC=CC=C2P(C(C)(C)C)C(C)(C)C,67.81850094
Ic1cccnc1,Cc1oncc1,CN(C)/C(N(C)C)=N\C(C)(C)C,CC(C)C1=CC(C(C)C)=CC(C(C)C)=C1C2=C(P(C(C)(C)C)C(C)(C)C)C(OC)=CC=C2OC,62.34681732
FC(F)(F)c1ccc(Br)cc1,C(N(Cc1ccccc1)c2ccon2)c3ccccc3,CN(C)/C(N(C)C)=N\C(C)(C)C,CC(C)C1=CC(C(C)C)=CC(C(C)C)=C1C2=C(P(C3CCCCC3)C4CCCCC4)C=CC=C2,30.84474943
CCc1ccc(Cl)cc1,o1cc(cn1)c2ccccc2,CN(C)P(N(C)C)(N(C)C)=NP(N(C)C)(N(C)C)=NCC,CC(C1=C(C2=C(OC)C=CC(OC)=C2P(C34CC5CC(C4)CC(C5)C3)C67CC8CC(C7)CC(C8)C6)C(C(C)C)=CC(C(C)C)=C1)C,6.264897465
FC(F)(F)c1ccc(Br)cc1,CCOC(=O)c1cnoc1C,CN(C)P(N(C)C)(N(C)C)=NP(N(C)C)(N(C)C)=NCC,CC(C)C(C=C(C(C)C)C=C1C(C)C)=C1C2=CC=CC=C2P(C(C)(C)C)C(C)(C)C,16.09836574
CCc1ccc(Cl)cc1,CCOC(=O)c1onc(OC)c1,CN1CCCN2CCCN=C12,CC(C)C1=CC(C(C)C)=CC(C(C)C)=C1C2=C(P(C3CCCCC3)C4CCCCC4)C=CC=C2,0.662349524
Ic1cccnc1,Cc1oncc1,CN(C)P(N(C)C)(N(C)C)=NP(N(C)C)(N(C)C)=NCC,CC(C1=C(C2=C(OC)C=CC(OC)=C2P(C34CC5CC(C4)CC(C5)C3)C67CC8CC(C7)CC(C8)C6)C(C(C)C)=CC(C(C)C)=C1)C,5.39705828
Clc1cccnc1,CCOC(=O)c1cc(C)on1,CN(C)/C(N(C)C)=N\C(C)(C)C,CC(C)C1=CC(C(C)C)=CC(C(C)C)=C1C2=C(P(C3CCCCC3)C4CCCCC4)C=CC=C2,16.17382734
FC(F)(F)c1ccc(Cl)cc1,Cc1ccon1,CN(C)/C(N(C)C)=N\C(C)(C)C,CC(C)C1=CC(C(C)C)=CC(C(C)C)=C1C2=C(P(C3CCCCC3)C4CCCCC4)C=CC=C2,19.58685815
FC(F)(F)c1ccc(Cl)cc1,CCOC(=O)c1cnoc1C,CN1CCCN2CCCN=C12,CC(C)C1=CC(C(C)C)=CC(C(C)C)=C1C2=C(P(C3CCCCC3)C4CCCCC4)C=CC=C2,10.78337463
COc1ccc(Cl)cc1,o1nccc1c2ccccc2,CN(C)P(N(C)C)(N(C)C)=NP(N(C)C)(N(C)C)=NCC,CC(C)C1=CC(C(C)C)=CC(C(C)C)=C1C2=C(P(C3CCCCC3)C4CCCCC4)C=CC=C2,2.475057616
Ic1cccnc1,CCOC(=O)c1onc(C)c1,CN(C)/C(N(C)C)=N\C(C)(C)C,CC(C)C1=CC(C(C)C)=CC(C(C)C)=C1C2=C(P(C3CCCCC3)C4CCCCC4)C=CC=C2,36.85037948
COc1ccc(I)cc1,COC(=O)c1oncc1,CN(C)P(N(C)C)(N(C)C)=NP(N(C)C)(N(C)C)=NCC,CC(C1=C(C2=C(OC)C=CC(OC)=C2P(C34CC5CC(C4)CC(C5)C3)C67CC8CC(C7)CC(C8)C6)C(C(C)C)=CC(C(C)C)=C1)C,8.071196301
FC(F)(F)c1ccc(I)cc1,CCOC(=O)c1onc(C)c1,CN(C)/C(N(C)C)=N\C(C)(C)C,CC(C1=C(C2=C(OC)C=CC(OC)=C2P(C34CC5CC(C4)CC(C5)C3)C67CC8CC(C7)CC(C8)C6)C(C(C)C)=CC(C(C)C)=C1)C,44.44197306
COc1ccc(I)cc1,o1nccc1c2ccccc2,CN(C)P(N(C)C)(N(C)C)=NP(N(C)C)(N(C)C)=NCC,CC(C)C1=CC(C(C)C)=CC(C(C)C)=C1C2=C(P(C3CCCCC3)C4CCCCC4)C=CC=C2,5.449924218
CCc1ccc(Cl)cc1,COC(=O)c1oncc1,CN1CCCN2CCCN=C12,CC(C)C1=CC(C(C)C)=CC(C(C)C)=C1C2=C(P(C3CCCCC3)C4CCCCC4)C=CC=C2,3.462173057
Clc1ccccn1,Cc1ccon1,CN(C)/C(N(C)C)=N\C(C)(C)C,CC(C)C1=CC(C(C)C)=CC(C(C)C)=C1C2=C(P(C(C)(C)C)C(C)(C)C)C(OC)=CC=C2OC,63.40623793
COc1ccc(I)cc1,Cc1cc(on1)c2ccccc2,CN1CCCN2CCCN=C12,CC(C)C1=CC(C(C)C)=CC(C(C)C)=C1C2=C(P(C3CCCCC3)C4CCCCC4)C=CC=C2,21.41511712
COc1ccc(Cl)cc1,CCOC(=O)c1cc(C)on1,CN(C)P(N(C)C)(N(C)C)=NP(N(C)C)(N(C)C)=NCC,CC(C)C(C=C(C(C)C)C=C1C(C)C)=C1C2=CC=CC=C2P(C(C)(C)C)C(C)(C)C,0.924541619
COc1ccc(Cl)cc1,Cc1ccon1,CN1CCCN2CCCN=C12,CC(C1=C(C2=C(OC)C=CC(OC)=C2P(C34CC5CC(C4)CC(C5)C3)C67CC8CC(C7)CC(C8)C6)C(C(C)C)=CC(C(C)C)=C1)C,0.355367929
FC(F)(F)c1ccc(Cl)cc1,Cc1cc(on1)c2ccccc2,CN1CCCN2CCCN=C12,CC(C)C1=CC(C(C)C)=CC(C(C)C)=C1C2=C(P(C3CCCCC3)C4CCCCC4)C=CC=C2,9.361658454
FC(F)(F)c1ccc(I)cc1,CCOC(=O)c1cc(C)on1,CN(C)/C(N(C)C)=N\C(C)(C)C,CC(C)C(C=C(C(C)C)C=C1C(C)C)=C1C2=CC=CC=C2P(C(C)(C)C)C(C)(C)C,46.6498955
CCc1ccc(Cl)cc1,C(N(Cc1ccccc1)c2ccon2)c3ccccc3,CN(C)/C(N(C)C)=N\C(C)(C)C,CC(C)C1=CC(C(C)C)=CC(C(C)C)=C1C2=C(P(C(C)(C)C)C(C)(C)C)C(OC)=CC=C2OC,7.74850436
Brc1ccccn1,o1cc2ccccc2n1,CN1CCCN2CCCN=C12,CC(C)C1=CC(C(C)C)=CC(C(C)C)=C1C2=C(P(C3CCCCC3)C4CCCCC4)C=CC=C2,46.5446166
COc1ccc(I)cc1,C(N(Cc1ccccc1)c2oncc2)c3ccccc3,CN(C)/C(N(C)C)=N\C(C)(C)C,CC(C)C1=CC(C(C)C)=CC(C(C)C)=C1C2=C(P(C3CCCCC3)C4CCCCC4)C=CC=C2,1.624624313
CCc1ccc(Br)cc1,Cc1cc(on1)c2ccccc2,CN(C)P(N(C)C)(N(C)C)=NP(N(C)C)(N(C)C)=NCC,CC(C)C1=CC(C(C)C)=CC(C(C)C)=C1C2=C(P(C(C)(C)C)C(C)(C)C)C(OC)=CC=C2OC,64.56169067
COc1ccc(Cl)cc1,Cc1cc(on1)c2ccccc2,CN(C)P(N(C)C)(N(C)C)=NP(N(C)C)(N(C)C)=NCC,CC(C)C1=CC(C(C)C)=CC(C(C)C)=C1C2=C(P(C3CCCCC3)C4CCCCC4)C=CC=C2,0.0
CCc1ccc(Cl)cc1,COC(=O)c1cc(on1)c2occc2,CN(C)/C(N(C)C)=N\C(C)(C)C,CC(C)C1=CC(C(C)C)=CC(C(C)C)=C1C2=C(P(C3CCCCC3)C4CCCCC4)C=CC=C2,0.72962294
FC(F)(F)c1ccc(Br)cc1,Cc1onc(C)c1,CN(C)P(N(C)C)(N(C)C)=NP(N(C)C)(N(C)C)=NCC,CC(C)C1=CC(C(C)C)=CC(C(C)C)=C1C2=C(P(C(C)(C)C)C(C)(C)C)C(OC)=CC=C2OC,19.65092582
COc1ccc(I)cc1,COC(=O)c1oncc1,CN1CCCN2CCCN=C12,CC(C)C1=CC(C(C)C)=CC(C(C)C)=C1C2=C(P(C(C)(C)C)C(C)(C)C)C(OC)=CC=C2OC,43.58283319
Ic1cccnc1,C(N(Cc1ccccc1)c2oncc2)c3ccccc3,CN(C)/C(N(C)C)=N\C(C)(C)C,CC(C)C1=CC(C(C)C)=CC(C(C)C)=C1C2=C(P(C(C)(C)C)C(C)(C)C)C(OC)=CC=C2OC,57.52960259
Ic1cccnc1,COC(=O)c1cc(on1)c2sccc2,CN(C)P(N(C)C)(N(C)C)=NP(N(C)C)(N(C)C)=NCC,CC(C1=C(C2=C(OC)C=CC(OC)=C2P(C34CC5CC(C4)CC(C5)C3)C67CC8CC(C7)CC(C8)C6)C(C(C)C)=CC(C(C)C)=C1)C,45.77046106
Ic1cccnc1,CCOC(=O)c1onc(OC)c1,CN(C)P(N(C)C)(N(C)C)=NP(N(C)C)(N(C)C)=NCC,CC(C)C(C=C(C(C)C)C=C1C(C)C)=C1C2=CC=CC=C2P(C(C)(C)C)C(C)(C)C,74.62339174
CCc1ccc(Cl)cc1,COC(=O)c1cc(on1)c2occc2,CN1CCCN2CCCN=C12,CC(C)C1=CC(C(C)C)=CC(C(C)C)=C1C2=C(P(C(C)(C)C)C(C)(C)C)C(OC)=CC=C2OC,4.390150349
COc1ccc(I)cc1,COC(=O)c1cc(on1)c2sccc2,CN(C)P(N(C)C)(N(C)C)=NP(N(C)C)(N(C)C)=NCC,CC(C)C1=CC(C(C)C)=CC(C(C)C)=C1C2=C(P(C3CCCCC3)C4CCCCC4)C=CC=C2,6.840870887
Ic1cccnc1,CCOC(=O)c1ccon1,CN(C)P(N(C)C)(N(C)C)=NP(N(C)C)(N(C)C)=NCC,CC(C)C(C=C(C(C)C)C=C1C(C)C)=C1C2=CC=CC=C2P(C(C)(C)C)C(C)(C)C,1.171055965
CCc1ccc(Cl)cc1,CCOC(=O)c1onc(OC)c1,CN(C)/C(N(C)C)=N\C(C)(C)C,CC(C1=C(C2=C(OC)C=CC(OC)=C2P(C34CC5CC(C4)CC(C5)C3)C67CC8CC(C7)CC(C8)C6)C(C(C)C)=CC(C(C)C)=C1)C,0.695599064
Clc1cccnc1,CCOC(=O)c1ccon1,CN(C)/C(N(C)C)=N\C(C)(C)C,CC(C1=C(C2=C(OC)C=CC(OC)=C2P(C34CC5CC(C4)CC(C5)C3)C67CC8CC(C7)CC(C8)C6)C(C(C)C)=CC(C(C)C)=C1)C,14.93339955
FC(F)(F)c1ccc(Cl)cc1,CCOC(=O)c1ccon1,CN(C)P(N(C)C)(N(C)C)=NP(N(C)C)(N(C)C)=NCC,CC(C)C(C=C(C(C)C)C=C1C(C)C)=C1C2=CC=CC=C2P(C(C)(C)C)C(C)(C)C,0.0
Ic1ccccn1,COC(=O)c1oncc1,CN(C)P(N(C)C)(N(C)C)=NP(N(C)C)(N(C)C)=NCC,CC(C1=C(C2=C(OC)C=CC(OC)=C2P(C34CC5CC(C4)CC(C5)C3)C67CC8CC(C7)CC(C8)C6)C(C(C)C)=CC(C(C)C)=C1)C,15.42196799
COc1ccc(I)cc1,o1cc2ccccc2n1,CN(C)P(N(C)C)(N(C)C)=NP(N(C)C)(N(C)C)=NCC,CC(C)C(C=C(C(C)C)C=C1C(C)C)=C1C2=CC=CC=C2P(C(C)(C)C)C(C)(C)C,17.14482537
Ic1cccnc1,CCOC(=O)c1onc(OC)c1,CN1CCCN2CCCN=C12,CC(C)C(C=C(C(C)C)C=C1C(C)C)=C1C2=CC=CC=C2P(C(C)(C)C)C(C)(C)C,79.64252926
FC(F)(F)c1ccc(Br)cc1,Cc1onc(C)c1,CN(C)/C(N(C)C)=N\C(C)(C)C,CC(C)C1=CC(C(C)C)=CC(C(C)C)=C1C2=C(P(C(C)(C)C)C(C)(C)C)C(OC)=CC=C2OC,33.41994964
Clc1ccccn1,Fc1cccc(F)c1c2oncc2,CN(C)P(N(C)C)(N(C)C)=NP(N(C)C)(N(C)C)=NCC,CC(C)C(C=C(C(C)C)C=C1C(C)C)=C1C2=CC=CC=C2P(C(C)(C)C)C(C)(C)C,27.24876847
FC(F)(F)c1ccc(I)cc1,o1ncc2ccccc12,CN(C)P(N(C)C)(N(C)C)=NP(N(C)C)(N(C)C)=NCC,CC(C1=C(C2=C(OC)C=CC(OC)=C2P(C34CC5CC(C4)CC(C5)C3)C67CC8CC(C7)CC(C8)C6)C(C(C)C)=CC(C(C)C)=C1)C,28.49871025
CCc1ccc(Br)cc1,C(N(Cc1ccccc1)c2ccon2)c3ccccc3,CN1CCCN2CCCN=C12,CC(C)C1=CC(C(C)C)=CC(C(C)C)=C1C2=C(P(C3CCCCC3)C4CCCCC4)C=CC=C2,28.83921229
Brc1ccccn1,C(N(Cc1ccccc1)c2ccon2)c3ccccc3,CN(C)P(N(C)C)(N(C)C)=NP(N(C)C)(N(C)C)=NCC,CC(C)C(C=C(C(C)C)C=C1C(C)C)=C1C2=CC=CC=C2P(C(C)(C)C)C(C)(C)C,64.57811697
CCc1ccc(Br)cc1,o1ccc(n1)c2ccccc2,CN1CCCN2CCCN=C12,CC(C)C1=CC(C(C)C)=CC(C(C)C)=C1C2=C(P(C3CCCCC3)C4CCCCC4)C=CC=C2,33.71090461
FC(F)(F)c1ccc(Cl)cc1,C(N(Cc1ccccc1)c2oncc2)c3ccccc3,CN(C)/C(N(C)C)=N\C(C)(C)C,CC(C)C1=CC(C(C)C)=CC(C(C)C)=C1C2=C(P(C(C)(C)C)C(C)(C)C)C(OC)=CC=C2OC,5.492602222
Brc1cccnc1,o1cc2ccccc2n1,CN(C)P(N(C)C)(N(C)C)=NP(N(C)C)(N(C)C)=NCC,CC(C)C1=CC(C(C)C)=CC(C(C)C)=C1C2=C(P(C(C)(C)C)C(C)(C)C)C(OC)=CC=C2OC,15.40870509
COc1ccc(I)cc1,CCOC(=O)c1cc(C)on1,CN(C)/C(N(C)C)=N\C(C)(C)C,CC(C)C1=CC(C(C)C)=CC(C(C)C)=C1C2=C(P(C3CCCCC3)C4CCCCC4)C=CC=C2,19.596159
FC(F)(F)c1ccc(Cl)cc1,CCOC(=O)c1conc1,CN1CCCN2CCCN=C12,CC(C)C1=CC(C(C)C)=CC(C(C)C)=C1C2=C(P(C(C)(C)C)C(C)(C)C)C(OC)=CC=C2OC,20.0833829
COc1ccc(Cl)cc1,C(N(Cc1ccccc1)c2ccon2)c3ccccc3,CN(C)P(N(C)C)(N(C)C)=NP(N(C)C)(N(C)C)=NCC,CC(C)C1=CC(C(C)C)=CC(C(C)C)=C1C2=C(P(C(C)(C)C)C(C)(C)C)C(OC)=CC=C2OC,7.206982067
COc1ccc(Br)cc1,Cc1onc(C)c1,CN(C)P(N(C)C)(N(C)C)=NP(N(C)C)(N(C)C)=NCC,CC(C)C1=CC(C(C)C)=CC(C(C)C)=C1C2=C(P(C3CCCCC3)C4CCCCC4)C=CC=C2,39.67142934
FC(F)(F)c1ccc(Br)cc1,COC(=O)c1cc(on1)c2occc2,CN1CCCN2CCCN=C12,CC(C1=C(C2=C(OC)C=CC(OC)=C2P(C34CC5CC(C4)CC(C5)C3)C67CC8CC(C7)CC(C8)C6)C(C(C)C)=CC(C(C)C)=C1)C,29.62604669
CCc1ccc(Br)cc1,CCOC(=O)c1cc(C)on1,CN(C)P(N(C)C)(N(C)C)=NP(N(C)C)(N(C)C)=NCC,CC(C)C(C=C(C(C)C)C=C1C(C)C)=C1C2=CC=CC=C2P(C(C)(C)C)C(C)(C)C,72.84831426
CCc1ccc(Cl)cc1,CCOC(=O)c1onc(C)c1,CN(C)/C(N(C)C)=N\C(C)(C)C,CC(C)C1=CC(C(C)C)=CC(C(C)C)=C1C2=C(P(C3CCCCC3)C4CCCCC4)C=CC=C2,0.705195152
Ic1cccnc1,COC(=O)c1cc(on1)c2sccc2,CN(C)P(N(C)C)(N(C)C)=NP(N(C)C)(N(C)C)=NCC,CC(C)C(C=C(C(C)C)C=C1C(C)C)=C1C2=CC=CC=C2P(C(C)(C)C)C(C)(C)C,75.8997955
CCc1ccc(Br)cc1,CCOC(=O)c1conc1,CN(C)P(N(C)C)(N(C)C)=NP(N(C)C)(N(C)C)=NCC,CC(C)C(C=C(C(C)C)C=C1C(C)C)=C1C2=CC=CC=C2P(C(C)(C)C)C(C)(C)C,5.425616594
CCc1ccc(Br)cc1,CCOC(=O)c1ccon1,CN1CCCN2CCCN=C12,CC(C)C1=CC(C(C)C)=CC(C(C)C)=C1C2=C(P(C(C)(C)C)C(C)(C)C)C(OC)=CC=C2OC,79.8902752
Ic1ccccn1,CCOC(=O)c1cc(C)on1,CN1CCCN2CCCN=C12,CC(C1=C(C2=C(OC)C=CC(OC)=C2P(C34CC5CC(C4)CC(C5)C3)C67CC8CC(C7)CC(C8)C6)C(C(C)C)=CC(C(C)C)=C1)C,95.67591323
Ic1cccnc1,COC(=O)c1cc(on1)c2occc2,CN(C)/C(N(C)C)=N\C(C)(C)C,CC(C)C(C=C(C(C)C)C=C1C(C)C)=C1C2=CC=CC=C2P(C(C)(C)C)C(C)(C)C,68.10761052
COc1ccc(I)cc1,CCOC(=O)c1cc(C)on1,CN1CCCN2CCCN=C12,CC(C)C1=CC(C(C)C)=CC(C(C)C)=C1C2=C(P(C3CCCCC3)C4CCCCC4)C=CC=C2,26.96354436
CCc1ccc(I)cc1,o1ncc2ccccc12,CN(C)/C(N(C)C)=N\C(C)(C)C,CC(C)C(C=C(C(C)C)C=C1C(C)C)=C1C2=CC=CC=C2P(C(C)(C)C)C(C)(C)C,32.03830806
Ic1cccnc1,COC(=O)c1oncc1,CN1CCCN2CCCN=C12,CC(C)C1=CC(C(C)C)=CC(C(C)C)=C1C2=C(P(C3CCCCC3)C4CCCCC4)C=CC=C2,12.53742021
CCc1ccc(I)cc1,C(N(Cc1ccccc1)c2oncc2)c3ccccc3,CN(C)/C(N(C)C)=N\C(C)(C)C,CC(C)C1=CC(C(C)C)=CC(C(C)C)=C1C2=C(P(C(C)(C)C)C(C)(C)C)C(OC)=CC=C2OC,62.9440737
FC(F)(F)c1ccc(Br)cc1,CCOC(=O)c1ccon1,CN(C)P(N(C)C)(N(C)C)=NP(N(C)C)(N(C)C)=NCC,CC(C)C(C=C(C(C)C)C=C1C(C)C)=C1C2=CC=CC=C2P(C(C)(C)C)C(C)(C)C,0.0
COc1ccc(I)cc1,COC(=O)c1cc(on1)c2occc2,CN1CCCN2CCCN=C12,CC(C1=C(C2=C(OC)C=CC(OC)=C2P(C34CC5CC(C4)CC(C5)C3)C67CC8CC(C7)CC(C8)C6)C(C(C)C)=CC(C(C)C)=C1)C,44.44845486
COc1ccc(Cl)cc1,COC(=O)c1cc(on1)c2occc2,CN1CCCN2CCCN=C12,CC(C)C1=CC(C(C)C)=CC(C(C)C)=C1C2=C(P(C(C)(C)C)C(C)(C)C)C(OC)=CC=C2OC,0.0
Brc1ccccn1,CCOC(=O)c1conc1,CN(C)P(N(C)C)(N(C)C)=NP(N(C)C)(N(C)C)=NCC,CC(C)C(C=C(C(C)C)C=C1C(C)C)=C1C2=CC=CC=C2P(C(C)(C)C)C(C)(C)C,4.84059533
COc1ccc(Br)cc1,CCOC(=O)c1onc(C)c1,CN1CCCN2CCCN=C12,CC(C1=C(C2=C(OC)C=CC(OC)=C2P(C34CC5CC(C4)CC(C5)C3)C67CC8CC(C7)CC(C8)C6)C(C(C)C)=CC(C(C)C)=C1)C,32.99753143
Clc1ccccn1,Cc1oncc1,CN1CCCN2CCCN=C12,CC(C1=C(C2=C(OC)C=CC(OC)=C2P(C34CC5CC(C4)CC(C5)C3)C67CC8CC(C7)CC(C8)C6)C(C(C)C)=CC(C(C)C)=C1)C,70.04834525
COc1ccc(Cl)cc1,Cc1onc(c1)n2cccc2,CN(C)/C(N(C)C)=N\C(C)(C)C,CC(C)C(C=C(C(C)C)C=C1C(C)C)=C1C2=CC=CC=C2P(C(C)(C)C)C(C)(C)C,1.029883817
COc1ccc(Br)cc1,C(N(Cc1ccccc1)c2ccon2)c3ccccc3,CN(C)P(N(C)C)(N(C)C)=NP(N(C)C)(N(C)C)=NCC,CC(C)C1=CC(C(C)C)=CC(C(C)C)=C1C2=C(P(C(C)(C)C)C(C)(C)C)C(OC)=CC=C2OC,57.87284649
CCc1ccc(Cl)cc1,Fc1cccc(F)c1c2oncc2,CN1CCCN2CCCN=C12,CC(C)C1=CC(C(C)C)=CC(C(C)C)=C1C2=C(P(C3CCCCC3)C4CCCCC4)C=CC=C2,2.067024275
CCc1ccc(Cl)cc1,C(N(Cc1ccccc1)c2ccon2)c3ccccc3,CN1CCCN2CCCN=C12,CC(C)C1=CC(C(C)C)=CC(C(C)C)=C1C2=C(P(C(C)(C)C)C(C)(C)C)C(OC)=CC=C2OC,12.64243358
COc1ccc(Br)cc1,C(N(Cc1ccccc1)c2ccon2)c3ccccc3,CN(C)P(N(C)C)(N(C)C)=NP(N(C)C)(N(C)C)=NCC,CC(C1=C(C2=C(OC)C=CC(OC)=C2P(C34CC5CC(C4)CC(C5)C3)C67CC8CC(C7)CC(C8)C6)C(C(C)C)=CC(C(C)C)=C1)C,65.46891846
Clc1ccccn1,COC(=O)c1oncc1,CN(C)/C(N(C)C)=N\C(C)(C)C,CC(C1=C(C2=C(OC)C=CC(OC)=C2P(C34CC5CC(C4)CC(C5)C3)C67CC8CC(C7)CC(C8)C6)C(C(C)C)=CC(C(C)C)=C1)C,3.747141461
FC(F)(F)c1ccc(Cl)cc1,CCOC(=O)c1cnoc1C,CN1CCCN2CCCN=C12,CC(C1=C(C2=C(OC)C=CC(OC)=C2P(C34CC5CC(C4)CC(C5)C3)C67CC8CC(C7)CC(C8)C6)C(C(C)C)=CC(C(C)C)=C1)C,5.889073661
Brc1ccccn1,Cc1onc(c1)n2cccc2,CN1CCCN2CCCN=C12,CC(C)C(C=C(C(C)C)C=C1C(C)C)=C1C2=CC=CC=C2P(C(C)(C)C)C(C)(C)C,82.77010873
CCc1ccc(I)cc1,Cc1ccon1,CN(C)/C(N(C)C)=N\C(C)(C)C,CC(C)C1=CC(C(C)C)=CC(C(C)C)=C1C2=C(P(C(C)(C)C)C(C)(C)C)C(OC)=CC=C2OC,81.47790375
FC(F)(F)c1ccc(Br)cc1,Cc1oncc1,CN1CCCN2CCCN=C12,CC(C1=C(C2=C(OC)C=CC(OC)=C2P(C34CC5CC(C4)CC(C5)C3)C67CC8CC(C7)CC(C8)C6)C(C(C)C)=CC(C(C)C)=C1)C,29.47262424
Ic1ccccn1,o1ccc(n1)c2ccccc2,CN1CCCN2CCCN=C12,CC(C1=C(C2=C(OC)C=CC(OC)=C2P(C34CC5CC(C4)CC(C5)C3)C67CC8CC(C7)CC(C8)C6)C(C(C)C)=CC(C(C)C)=C1)C,94.14846732
FC(F)(F)c1ccc(Cl)cc1,Cc1ccon1,CN(C)P(N(C)C)(N(C)C)=NP(N(C)C)(N(C)C)=NCC,CC(C1=C(C2=C(OC)C=CC(OC)=C2P(C34CC5CC(C4)CC(C5)C3)C67CC8CC(C7)CC(C8)C6)C(C(C)C)=CC(C(C)C)=C1)C,1.261091862
FC(F)(F)c1ccc(I)cc1,o1ccc(n1)c2ccccc2,CN1CCCN2CCCN=C12,CC(C)C1=CC(C(C)C)=CC(C(C)C)=C1C2=C(P(C(C)(C)C)C(C)(C)C)C(OC)=CC=C2OC,46.14092963
COc1ccc(I)cc1,o1cc2ccccc2n1,CN1CCCN2CCCN=C12,CC(C)C(C=C(C(C)C)C=C1C(C)C)=C1C2=CC=CC=C2P(C(C)(C)C)C(C)(C)C,33.28584241
CCc1ccc(Cl)cc1,Cc1cc(on1)c2ccccc2,CN(C)P(N(C)C)(N(C)C)=NP(N(C)C)(N(C)C)=NCC,CC(C)C(C=C(C(C)C)C=C1C(C)C)=C1C2=CC=CC=C2P(C(C)(C)C)C(C)(C)C,9.850315112
COc1ccc(Br)cc1,CCOC(=O)c1onc(OC)c1,CN1CCCN2CCCN=C12,CC(C)C1=CC(C(C)C)=CC(C(C)C)=C1C2=C(P(C(C)(C)C)C(C)(C)C)C(OC)=CC=C2OC,31.9378098
COc1ccc(Cl)cc1,CCOC(=O)c1onc(OC)c1,CN(C)/C(N(C)C)=N\C(C)(C)C,CC(C)C(C=C(C(C)C)C=C1C(C)C)=C1C2=CC=CC=C2P(C(C)(C)C)C(C)(C)C,0.339942053
COc1ccc(Br)cc1,CCOC(=O)c1cc(C)on1,CN(C)P(N(C)C)(N(C)C)=NP(N(C)C)(N(C)C)=NCC,CC(C)C1=CC(C(C)C)=CC(C(C)C)=C1C2=C(P(C(C)(C)C)C(C)(C)C)C(OC)=CC=C2OC,43.42467948
FC(F)(F)c1ccc(Cl)cc1,o1ncc2ccccc12,CN(C)/C(N(C)C)=N\C(C)(C)C,CC(C)C(C=C(C(C)C)C=C1C(C)C)=C1C2=CC=CC=C2P(C(C)(C)C)C(C)(C)C,18.75584418
Clc1cccnc1,o1nccc1c2ccccc2,CN(C)/C(N(C)C)=N\C(C)(C)C,CC(C)C1=CC(C(C)C)=CC(C(C)C)=C1C2=C(P(C3CCCCC3)C4CCCCC4)C=CC=C2,4.169292721
CCc1ccc(I)cc1,CCOC(=O)c1onc(C)c1,CN(C)/C(N(C)C)=N\C(C)(C)C,CC(C1=C(C2=C(OC)C=CC(OC)=C2P(C34CC5CC(C4)CC(C5)C3)C67CC8CC(C7)CC(C8)C6)C(C(C)C)=CC(C(C)C)=C1)C,78.71189796
FC(F)(F)c1ccc(Cl)cc1,CCOC(=O)c1cc(C)on1,CN1CCCN2CCCN=C12,CC(C1=C(C2=C(OC)C=CC(OC)=C2P(C34CC5CC(C4)CC(C5)C3)C67CC8CC(C7)CC(C8)C6)C(C(C)C)=CC(C(C)C)=C1)C,14.49254361
CCc1ccc(Cl)cc1,o1ccc(n1)c2ccccc2,CN(C)P(N(C)C)(N(C)C)=NP(N(C)C)(N(C)C)=NCC,CC(C)C(C=C(C(C)C)C=C1C(C)C)=C1C2=CC=CC=C2P(C(C)(C)C)C(C)(C)C,4.695061055
Brc1ccccn1,CCOC(=O)c1onc(C)c1,CN(C)P(N(C)C)(N(C)C)=NP(N(C)C)(N(C)C)=NCC,CC(C)C1=CC(C(C)C)=CC(C(C)C)=C1C2=C(P(C3CCCCC3)C4CCCCC4)C=CC=C2,37.65445791
CCc1ccc(I)cc1,Cc1ccon1,CN(C)P(N(C)C)(N(C)C)=NP(N(C)C)(N(C)C)=NCC,CC(C)C1=CC(C(C)C)=CC(C(C)C)=C1C2=C(P(C3CCCCC3)C4CCCCC4)C=CC=C2,65.69456697
FC(F)(F)c1ccc(I)cc1,o1nccc1c2ccccc2,CN1CCCN2CCCN=C12,CC(C)C1=CC(C(C)C)=CC(C(C)C)=C1C2=C(P(C(C)(C)C)C(C)(C)C)C(OC)=CC=C2OC,47.09764929
Ic1ccccn1,Cc1cc(on1)c2ccccc2,CN(C)/C(N(C)C)=N\C(C)(C)C,CC(C)C(C=C(C(C)C)C=C1C(C)C)=C1C2=CC=CC=C2P(C(C)(C)C)C(C)(C)C,65.50261834
Ic1cccnc1,Cc1onc(c1)n2cccc2,CN(C)/C(N(C)C)=N\C(C)(C)C,CC(C)C1=CC(C(C)C)=CC(C(C)C)=C1C2=C(P(C(C)(C)C)C(C)(C)C)C(OC)=CC=C2OC,60.5253289
CCc1ccc(Cl)cc1,Cc1oncc1,CN(C)/C(N(C)C)=N\C(C)(C)C,CC(C)C(C=C(C(C)C)C=C1C(C)C)=C1C2=CC=CC=C2P(C(C)(C)C)C(C)(C)C,1.095223411
COc1ccc(I)cc1,C(N(Cc1ccccc1)c2oncc2)c3ccccc3,CN(C)P(N(C)C)(N(C)C)=NP(N(C)C)(N(C)C)=NCC,CC(C)C(C=C(C(C)C)C=C1C(C)C)=C1C2=CC=CC=C2P(C(C)(C)C)C(C)(C)C,11.09901507
Clc1ccccn1,o1ccc(n1)c2ccccc2,CN1CCCN2CCCN=C12,CC(C)C1=CC(C(C)C)=CC(C(C)C)=C1C2=C(P(C3CCCCC3)C4CCCCC4)C=CC=C2,32.36907857
COc1ccc(I)cc1,CCOC(=O)c1cnoc1C,CN1CCCN2CCCN=C12,CC(C)C(C=C(C(C)C)C=C1C(C)C)=C1C2=CC=CC=C2P(C(C)(C)C)C(C)(C)C,35.07362546
Brc1ccccn1,Cc1oncc1,CN(C)/C(N(C)C)=N\C(C)(C)C,CC(C)C(C=C(C(C)C)C=C1C(C)C)=C1C2=CC=CC=C2P(C(C)(C)C)C(C)(C)C,63.56431346
CCc1ccc(Cl)cc1,COC(=O)c1cc(on1)c2occc2,CN(C)/C(N(C)C)=N\C(C)(C)C,CC(C)C(C=C(C(C)C)C=C1C(C)C)=C1C2=CC=CC=C2P(C(C)(C)C)C(C)(C)C,0.638545637
COc1ccc(Br)cc1,Cc1ccon1,CN(C)/C(N(C)C)=N\C(C)(C)C,CC(C1=C(C2=C(OC)C=CC(OC)=C2P(C34CC5CC(C4)CC(C5)C3)C67CC8CC(C7)CC(C8)C6)C(C(C)C)=CC(C(C)C)=C1)C,43.34412585
CCc1ccc(Cl)cc1,CCOC(=O)c1onc(C)c1,CN(C)/C(N(C)C)=N\C(C)(C)C,CC(C)C1=CC(C(C)C)=CC(C(C)C)=C1C2=C(P(C(C)(C)C)C(C)(C)C)C(OC)=CC=C2OC,0.0
FC(F)(F)c1ccc(I)cc1,CCOC(=O)c1onc(C)c1,CN(C)P(N(C)C)(N(C)C)=NP(N(C)C)(N(C)C)=NCC,CC(C)C1=CC(C(C)C)=CC(C(C)C)=C1C2=C(P(C3CCCCC3)C4CCCCC4)C=CC=C2,43.31814591
COc1ccc(Cl)cc1,CCOC(=O)c1onc(OC)c1,CN(C)P(N(C)C)(N(C)C)=NP(N(C)C)(N(C)C)=NCC,CC(C)C1=CC(C(C)C)=CC(C(C)C)=C1C2=C(P(C(C)(C)C)C(C)(C)C)C(OC)=CC=C2OC,0.471327258
FC(F)(F)c1ccc(Br)cc1,CCOC(=O)c1cc(C)on1,CN(C)/C(N(C)C)=N\C(C)(C)C,CC(C)C1=CC(C(C)C)=CC(C(C)C)=C1C2=C(P(C3CCCCC3)C4CCCCC4)C=CC=C2,38.91690391
FC(F)(F)c1ccc(I)cc1,CCOC(=O)c1cnoc1C,CN(C)/C(N(C)C)=N\C(C)(C)C,CC(C1=C(C2=C(OC)C=CC(OC)=C2P(C34CC5CC(C4)CC(C5)C3)C67CC8CC(C7)CC(C8)C6)C(C(C)C)=CC(C(C)C)=C1)C,13.98397961
COc1ccc(Br)cc1,Cc1oncc1,CN(C)P(N(C)C)(N(C)C)=NP(N(C)C)(N(C)C)=NCC,CC(C)C1=CC(C(C)C)=CC(C(C)C)=C1C2=C(P(C3CCCCC3)C4CCCCC4)C=CC=C2,4.215754471
Ic1ccccn1,CCOC(=O)c1conc1,CN1CCCN2CCCN=C12,CC(C)C1=CC(C(C)C)=CC(C(C)C)=C1C2=C(P(C(C)(C)C)C(C)(C)C)C(OC)=CC=C2OC,44.9389876
FC(F)(F)c1ccc(Br)cc1,CCOC(=O)c1conc1,CN(C)/C(N(C)C)=N\C(C)(C)C,CC(C)C1=CC(C(C)C)=CC(C(C)C)=C1C2=C(P(C(C)(C)C)C(C)(C)C)C(OC)=CC=C2OC,2.069098233
Clc1ccccn1,o1cc2ccccc2n1,CN(C)/C(N(C)C)=N\C(C)(C)C,CC(C)C1=CC(C(C)C)=CC(C(C)C)=C1C2=C(P(C3CCCCC3)C4CCCCC4)C=CC=C2,4.510171982
Clc1cccnc1,Cc1cc(on1)c2ccccc2,CN(C)/C(N(C)C)=N\C(C)(C)C,CC(C1=C(C2=C(OC)C=CC(OC)=C2P(C34CC5CC(C4)CC(C5)C3)C67CC8CC(C7)CC(C8)C6)C(C(C)C)=CC(C(C)C)=C1)C,5.956665819
CCc1ccc(Cl)cc1,o1ncc2ccccc12,CN(C)P(N(C)C)(N(C)C)=NP(N(C)C)(N(C)C)=NCC,CC(C)C1=CC(C(C)C)=CC(C(C)C)=C1C2=C(P(C(C)(C)C)C(C)(C)C)C(OC)=CC=C2OC,9.228754169
Ic1ccccn1,COC(=O)c1cc(on1)c2occc2,CN(C)P(N(C)C)(N(C)C)=NP(N(C)C)(N(C)C)=NCC,CC(C)C(C=C(C(C)C)C=C1C(C)C)=C1C2=CC=CC=C2P(C(C)(C)C)C(C)(C)C,75.73582011
Ic1ccccn1,CCOC(=O)c1ccon1,CN1CCCN2CCCN=C12,CC(C)C1=CC(C(C)C)=CC(C(C)C)=C1C2=C(P(C3CCCCC3)C4CCCCC4)C=CC=C2,59.0740653
COc1ccc(Cl)cc1,COC(=O)c1oncc1,CN(C)P(N(C)C)(N(C)C)=NP(N(C)C)(N(C)C)=NCC,CC(C1=C(C2=C(OC)C=CC(OC)=C2P(C34CC5CC(C4)CC(C5)C3)C67CC8CC(C7)CC(C8)C6)C(C(C)C)=CC(C(C)C)=C1)C,0.0
Ic1ccccn1,Cc1oncc1,CN(C)/C(N(C)C)=N\C(C)(C)C,CC(C)C1=CC(C(C)C)=CC(C(C)C)=C1C2=C(P(C3CCCCC3)C4CCCCC4)C=CC=C2,43.37501152
CCc1ccc(I)cc1,o1ncc2ccccc12,CN1CCCN2CCCN=C12,CC(C)C1=CC(C(C)C)=CC(C(C)C)=C1C2=C(P(C3CCCCC3)C4CCCCC4)C=CC=C2,29.83775681
CCc1ccc(Br)cc1,C(N(Cc1ccccc1)c2oncc2)c3ccccc3,CN1CCCN2CCCN=C12,CC(C)C(C=C(C(C)C)C=C1C(C)C)=C1C2=CC=CC=C2P(C(C)(C)C)C(C)(C)C,39.55034963
FC(F)(F)c1ccc(Br)cc1,Fc1cccc(F)c1c2oncc2,CN(C)/C(N(C)C)=N\C(C)(C)C,CC(C)C1=CC(C(C)C)=CC(C(C)C)=C1C2=C(P(C(C)(C)C)C(C)(C)C)C(OC)=CC=C2OC,20.07939568
Brc1cccnc1,CCOC(=O)c1cc(C)on1,CN(C)/C(N(C)C)=N\C(C)(C)C,CC(C1=C(C2=C(OC)C=CC(OC)=C2P(C34CC5CC(C4)CC(C5)C3)C67CC8CC(C7)CC(C8)C6)C(C(C)C)=CC(C(C)C)=C1)C,69.81626316
COc1ccc(I)cc1,CCOC(=O)c1conc1,CN1CCCN2CCCN=C12,CC(C)C1=CC(C(C)C)=CC(C(C)C)=C1C2=C(P(C(C)(C)C)C(C)(C)C)C(OC)=CC=C2OC,15.73387398
Clc1cccnc1,COC(=O)c1cc(on1)c2occc2,CN1CCCN2CCCN=C12,CC(C)C1=CC(C(C)C)=CC(C(C)C)=C1C2=C(P(C3CCCCC3)C4CCCCC4)C=CC=C2,3.609434473
Brc1ccccn1,CCOC(=O)c1onc(OC)c1,CN(C)P(N(C)C)(N(C)C)=NP(N(C)C)(N(C)C)=NCC,CC(C)C1=CC(C(C)C)=CC(C(C)C)=C1C2=C(P(C(C)(C)C)C(C)(C)C)C(OC)=CC=C2OC,72.16100406
CCc1ccc(I)cc1,COC(=O)c1oncc1,CN1CCCN2CCCN=C12,CC(C)C(C=C(C(C)C)C=C1C(C)C)=C1C2=CC=CC=C2P(C(C)(C)C)C(C)(C)C,61.87528527
CCc1ccc(Cl)cc1,Cc1cc(on1)c2ccccc2,CN(C)/C(N(C)C)=N\C(C)(C)C,CC(C)C1=CC(C(C)C)=CC(C(C)C)=C1C2=C(P(C3CCCCC3)C4CCCCC4)C=CC=C2,3.418730848
Ic1cccnc1,Fc1cccc(F)c1c2oncc2,CN(C)P(N(C)C)(N(C)C)=NP(N(C)C)(N(C)C)=NCC,CC(C)C(C=C(C(C)C)C=C1C(C)C)=C1C2=CC=CC=C2P(C(C)(C)C)C(C)(C)C,23.46293461
COc1ccc(Cl)cc1,o1ccc(n1)c2ccccc2,CN(C)/C(N(C)C)=N\C(C)(C)C,CC(C)C1=CC(C(C)C)=CC(C(C)C)=C1C2=C(P(C3CCCCC3)C4CCCCC4)C=CC=C2,1.299881507
Clc1ccccn1,o1cc2ccccc2n1,CN(C)P(N(C)C)(N(C)C)=NP(N(C)C)(N(C)C)=NCC,CC(C)C1=CC(C(C)C)=CC(C(C)C)=C1C2=C(P(C(C)(C)C)C(C)(C)C)C(OC)=CC=C2OC,13.20129952
COc1ccc(I)cc1,CCOC(=O)c1onc(OC)c1,CN(C)/C(N(C)C)=N\C(C)(C)C,CC(C1=C(C2=C(OC)C=CC(OC)=C2P(C34CC5CC(C4)CC(C5)C3)C67CC8CC(C7)CC(C8)C6)C(C(C)C)=CC(C(C)C)=C1)C,39.99682926
COc1ccc(I)cc1,COC(=O)c1cc(on1)c2occc2,CN(C)P(N(C)C)(N(C)C)=NP(N(C)C)(N(C)C)=NCC,CC(C1=C(C2=C(OC)C=CC(OC)=C2P(C34CC5CC(C4)CC(C5)C3)C67CC8CC(C7)CC(C8)C6)C(C(C)C)=CC(C(C)C)=C1)C,43.09475613
FC(F)(F)c1ccc(Cl)cc1,CCOC(=O)c1onc(C)c1,CN(C)/C(N(C)C)=N\C(C)(C)C,CC(C)C1=CC(C(C)C)=CC(C(C)C)=C1C2=C(P(C3CCCCC3)C4CCCCC4)C=CC=C2,5.008760546
Clc1ccccn1,Fc1cccc(F)c1c2oncc2,CN(C)/C(N(C)C)=N\C(C)(C)C,CC(C)C1=CC(C(C)C)=CC(C(C)C)=C1C2=C(P(C(C)(C)C)C(C)(C)C)C(OC)=CC=C2OC,32.57727167
Ic1ccccn1,Cc1ccon1,CN1CCCN2CCCN=C12,CC(C)C1=CC(C(C)C)=CC(C(C)C)=C1C2=C(P(C3CCCCC3)C4CCCCC4)C=CC=C2,69.51698512
FC(F)(F)c1ccc(I)cc1,CCOC(=O)c1cc(C)on1,CN(C)P(N(C)C)(N(C)C)=NP(N(C)C)(N(C)C)=NCC,CC(C)C1=CC(C(C)C)=CC(C(C)C)=C1C2=C(P(C3CCCCC3)C4CCCCC4)C=CC=C2,34.74876407
CCc1ccc(Cl)cc1,Cc1ccon1,CN1CCCN2CCCN=C12,CC(C)C1=CC(C(C)C)=CC(C(C)C)=C1C2=C(P(C3CCCCC3)C4CCCCC4)C=CC=C2,1.922791563
FC(F)(F)c1ccc(I)cc1,CCOC(=O)c1conc1,CN(C)P(N(C)C)(N(C)C)=NP(N(C)C)(N(C)C)=NCC,CC(C)C1=CC(C(C)C)=CC(C(C)C)=C1C2=C(P(C3CCCCC3)C4CCCCC4)C=CC=C2,0.0
Brc1ccccn1,o1nccc1c2ccccc2,CN(C)P(N(C)C)(N(C)C)=NP(N(C)C)(N(C)C)=NCC,CC(C)C1=CC(C(C)C)=CC(C(C)C)=C1C2=C(P(C(C)(C)C)C(C)(C)C)C(OC)=CC=C2OC,28.47849533
Ic1cccnc1,Cc1onc(C)c1,CN(C)P(N(C)C)(N(C)C)=NP(N(C)C)(N(C)C)=NCC,CC(C1=C(C2=C(OC)C=CC(OC)=C2P(C34CC5CC(C4)CC(C5)C3)C67CC8CC(C7)CC(C8)C6)C(C(C)C)=CC(C(C)C)=C1)C,70.31871872
Brc1cccnc1,COC(=O)c1cc(on1)c2occc2,CN(C)/C(N(C)C)=N\C(C)(C)C,CC(C1=C(C2=C(OC)C=CC(OC)=C2P(C34CC5CC(C4)CC(C5)C3)C67CC8CC(C7)CC(C8)C6)C(C(C)C)=CC(C(C)C)=C1)C,0.0
Ic1cccnc1,CCOC(=O)c1onc(C)c1,CN1CCCN2CCCN=C12,CC(C)C1=CC(C(C)C)=CC(C(C)C)=C1C2=C(P(C(C)(C)C)C(C)(C)C)C(OC)=CC=C2OC,89.21674959
COc1ccc(Br)cc1,Cc1ccon1,CN(C)P(N(C)C)(N(C)C)=NP(N(C)C)(N(C)C)=NCC,CC(C)C1=CC(C(C)C)=CC(C(C)C)=C1C2=C(P(C(C)(C)C)C(C)(C)C)C(OC)=CC=C2OC,44.72607544
COc1ccc(I)cc1,o1ncc2ccccc12,CN(C)P(N(C)C)(N(C)C)=NP(N(C)C)(N(C)C)=NCC,CC(C)C1=CC(C(C)C)=CC(C(C)C)=C1C2=C(P(C3CCCCC3)C4CCCCC4)C=CC=C2,11.82938133
COc1ccc(Br)cc1,CCOC(=O)c1ccon1,CN(C)/C(N(C)C)=N\C(C)(C)C,CC(C)C(C=C(C(C)C)C=C1C(C)C)=C1C2=CC=CC=C2P(C(C)(C)C)C(C)(C)C,36.52871122
COc1ccc(Cl)cc1,COC(=O)c1cc(on1)c2occc2,CN(C)/C(N(C)C)=N\C(C)(C)C,CC(C)C1=CC(C(C)C)=CC(C(C)C)=C1C2=C(P(C(C)(C)C)C(C)(C)C)C(OC)=CC=C2OC,0.0
COc1ccc(I)cc1,CCOC(=O)c1onc(OC)c1,CN(C)/C(N(C)C)=N\C(C)(C)C,CC(C)C1=CC(C(C)C)=CC(C(C)C)=C1C2=C(P(C(C)(C)C)C(C)(C)C)C(OC)=CC=C2OC,42.12607272
Clc1cccnc1,o1ccc(n1)c2ccccc2,CN1CCCN2CCCN=C12,CC(C)C(C=C(C(C)C)C=C1C(C)C)=C1C2=CC=CC=C2P(C(C)(C)C)C(C)(C)C,63.26443611
COc1ccc(Cl)cc1,CCOC(=O)c1ccon1,CN(C)P(N(C)C)(N(C)C)=NP(N(C)C)(N(C)C)=NCC,CC(C)C1=CC(C(C)C)=CC(C(C)C)=C1C2=C(P(C(C)(C)C)C(C)(C)C)C(OC)=CC=C2OC,0.0
COc1ccc(Br)cc1,Fc1cccc(F)c1c2oncc2,CN1CCCN2CCCN=C12,CC(C)C(C=C(C(C)C)C=C1C(C)C)=C1C2=CC=CC=C2P(C(C)(C)C)C(C)(C)C,45.52184766
Clc1cccnc1,o1nccc1c2ccccc2,CN1CCCN2CCCN=C12,CC(C)C1=CC(C(C)C)=CC(C(C)C)=C1C2=C(P(C3CCCCC3)C4CCCCC4)C=CC=C2,6.351542297
COc1ccc(Cl)cc1,CCOC(=O)c1ccon1,CN(C)/C(N(C)C)=N\C(C)(C)C,CC(C)C1=CC(C(C)C)=CC(C(C)C)=C1C2=C(P(C(C)(C)C)C(C)(C)C)C(OC)=CC=C2OC,0.438548426
Clc1ccccn1,CCOC(=O)c1onc(C)c1,CN(C)/C(N(C)C)=N\C(C)(C)C,CC(C)C(C=C(C(C)C)C=C1C(C)C)=C1C2=CC=CC=C2P(C(C)(C)C)C(C)(C)C,70.2055639
CCc1ccc(I)cc1,Cc1oncc1,CN1CCCN2CCCN=C12,CC(C)C1=CC(C(C)C)=CC(C(C)C)=C1C2=C(P(C(C)(C)C)C(C)(C)C)C(OC)=CC=C2OC,75.71719698
COc1ccc(I)cc1,CCOC(=O)c1conc1,CN1CCCN2CCCN=C12,CC(C)C(C=C(C(C)C)C=C1C(C)C)=C1C2=CC=CC=C2P(C(C)(C)C)C(C)(C)C,19.40320705
COc1ccc(Cl)cc1,Cc1cc(on1)c2ccccc2,CN1CCCN2CCCN=C12,CC(C)C1=CC(C(C)C)=CC(C(C)C)=C1C2=C(P(C3CCCCC3)C4CCCCC4)C=CC=C2,0.0
CCc1ccc(I)cc1,CCOC(=O)c1onc(C)c1,CN(C)/C(N(C)C)=N\C(C)(C)C,CC(C)C1=CC(C(C)C)=CC(C(C)C)=C1C2=C(P(C3CCCCC3)C4CCCCC4)C=CC=C2,31.81837229
COc1ccc(I)cc1,CCOC(=O)c1cnoc1C,CN1CCCN2CCCN=C12,CC(C)C1=CC(C(C)C)=CC(C(C)C)=C1C2=C(P(C3CCCCC3)C4CCCCC4)C=CC=C2,10.26938874
FC(F)(F)c1ccc(I)cc1,COC(=O)c1cc(on1)c2occc2,CN(C)P(N(C)C)(N(C)C)=NP(N(C)C)(N(C)C)=NCC,CC(C)C(C=C(C(C)C)C=C1C(C)C)=C1C2=CC=CC=C2P(C(C)(C)C)C(C)(C)C,40.11142329
COc1ccc(Cl)cc1,Cc1onc(c1)n2cccc2,CN1CCCN2CCCN=C12,CC(C)C1=CC(C(C)C)=CC(C(C)C)=C1C2=C(P(C3CCCCC3)C4CCCCC4)C=CC=C2,1.798923194
FC(F)(F)c1ccc(Br)cc1,CCOC(=O)c1cnoc1C,CN1CCCN2CCCN=C12,CC(C)C1=CC(C(C)C)=CC(C(C)C)=C1C2=C(P(C(C)(C)C)C(C)(C)C)C(OC)=CC=C2OC,29.08430143
FC(F)(F)c1ccc(I)cc1,o1nccc1c2ccccc2,CN(C)P(N(C)C)(N(C)C)=NP(N(C)C)(N(C)C)=NCC,CC(C)C(C=C(C(C)C)C=C1C(C)C)=C1C2=CC=CC=C2P(C(C)(C)C)C(C)(C)C,16.81589184
Clc1cccnc1,Cc1cc(on1)c2ccccc2,CN(C)/C(N(C)C)=N\C(C)(C)C,CC(C)C1=CC(C(C)C)=CC(C(C)C)=C1C2=C(P(C(C)(C)C)C(C)(C)C)C(OC)=CC=C2OC,8.39178019
COc1ccc(I)cc1,Cc1ccon1,CN1CCCN2CCCN=C12,CC(C)C(C=C(C(C)C)C=C1C(C)C)=C1C2=CC=CC=C2P(C(C)(C)C)C(C)(C)C,48.93807733
Brc1ccccn1,CCOC(=O)c1ccon1,CN(C)/C(N(C)C)=N\C(C)(C)C,CC(C)C1=CC(C(C)C)=CC(C(C)C)=C1C2=C(P(C(C)(C)C)C(C)(C)C)C(OC)=CC=C2OC,60.47798465
COc1ccc(Cl)cc1,o1ncc2ccccc12,CN(C)/C(N(C)C)=N\C(C)(C)C,CC(C)C(C=C(C(C)C)C=C1C(C)C)=C1C2=CC=CC=C2P(C(C)(C)C)C(C)(C)C,0.707045517
Brc1ccccn1,o1ccc(n1)c2ccccc2,CN1CCCN2CCCN=C12,CC(C)C(C=C(C(C)C)C=C1C(C)C)=C1C2=CC=CC=C2P(C(C)(C)C)C(C)(C)C,91.26694463
FC(F)(F)c1ccc(Br)cc1,o1cc(cn1)c2ccccc2,CN(C)P(N(C)C)(N(C)C)=NP(N(C)C)(N(C)C)=NCC,CC(C)C1=CC(C(C)C)=CC(C(C)C)=C1C2=C(P(C3CCCCC3)C4CCCCC4)C=CC=C2,13.83708642
COc1ccc(Br)cc1,o1ccc(n1)c2ccccc2,CN1CCCN2CCCN=C12,CC(C1=C(C2=C(OC)C=CC(OC)=C2P(C34CC5CC(C4)CC(C5)C3)C67CC8CC(C7)CC(C8)C6)C(C(C)C)=CC(C(C)C)=C1)C,54.23706273
FC(F)(F)c1ccc(I)cc1,C(N(Cc1ccccc1)c2ccon2)c3ccccc3,CN1CCCN2CCCN=C12,CC(C)C1=CC(C(C)C)=CC(C(C)C)=C1C2=C(P(C(C)(C)C)C(C)(C)C)C(OC)=CC=C2OC,41.71330917
FC(F)(F)c1ccc(Cl)cc1,o1nccc1c2ccccc2,CN1CCCN2CCCN=C12,CC(C)C(C=C(C(C)C)C=C1C(C)C)=C1C2=CC=CC=C2P(C(C)(C)C)C(C)(C)C,30.01215681
CCc1ccc(I)cc1,CCOC(=O)c1cc(C)on1,CN(C)/C(N(C)C)=N\C(C)(C)C,CC(C)C(C=C(C(C)C)C=C1C(C)C)=C1C2=CC=CC=C2P(C(C)(C)C)C(C)(C)C,82.32885806
FC(F)(F)c1ccc(Br)cc1,o1cc2ccccc2n1,CN1CCCN2CCCN=C12,CC(C)C(C=C(C(C)C)C=C1C(C)C)=C1C2=CC=CC=C2P(C(C)(C)C)C(C)(C)C,11.85943612
Clc1cccnc1,CCOC(=O)c1ccon1,CN1CCCN2CCCN=C12,CC(C)C(C=C(C(C)C)C=C1C(C)C)=C1C2=CC=CC=C2P(C(C)(C)C)C(C)(C)C,31.87466664
Ic1ccccn1,o1nccc1c2ccccc2,CN1CCCN2CCCN=C12,CC(C1=C(C2=C(OC)C=CC(OC)=C2P(C34CC5CC(C4)CC(C5)C3)C67CC8CC(C7)CC(C8)C6)C(C(C)C)=CC(C(C)C)=C1)C,95.07020116
Clc1cccnc1,o1ncc2ccccc12,CN(C)P(N(C)C)(N(C)C)=NP(N(C)C)(N(C)C)=NCC,CC(C1=C(C2=C(OC)C=CC(OC)=C2P(C34CC5CC(C4)CC(C5)C3)C67CC8CC(C7)CC(C8)C6)C(C(C)C)=CC(C(C)C)=C1)C,13.34689497
FC(F)(F)c1ccc(Br)cc1,CCOC(=O)c1onc(OC)c1,CN1CCCN2CCCN=C12,CC(C)C1=CC(C(C)C)=CC(C(C)C)=C1C2=C(P(C(C)(C)C)C(C)(C)C)C(OC)=CC=C2OC,35.20060583
Brc1cccnc1,Cc1onc(C)c1,CN(C)P(N(C)C)(N(C)C)=NP(N(C)C)(N(C)C)=NCC,CC(C)C(C=C(C(C)C)C=C1C(C)C)=C1C2=CC=CC=C2P(C(C)(C)C)C(C)(C)C,75.38356191
FC(F)(F)c1ccc(Cl)cc1,COC(=O)c1cc(on1)c2occc2,CN(C)/C(N(C)C)=N\C(C)(C)C,CC(C)C(C=C(C(C)C)C=C1C(C)C)=C1C2=CC=CC=C2P(C(C)(C)C)C(C)(C)C,12.26279814
COc1ccc(I)cc1,o1ncc2ccccc12,CN1CCCN2CCCN=C12,CC(C)C(C=C(C(C)C)C=C1C(C)C)=C1C2=CC=CC=C2P(C(C)(C)C)C(C)(C)C,34.0355551
Ic1cccnc1,o1cc2ccccc2n1,CN(C)/C(N(C)C)=N\C(C)(C)C,CC(C)C(C=C(C(C)C)C=C1C(C)C)=C1C2=CC=CC=C2P(C(C)(C)C)C(C)(C)C,13.7385945
COc1ccc(Cl)cc1,COC(=O)c1cc(on1)c2sccc2,CN(C)/C(N(C)C)=N\C(C)(C)C,CC(C1=C(C2=C(OC)C=CC(OC)=C2P(C34CC5CC(C4)CC(C5)C3)C67CC8CC(C7)CC(C8)C6)C(C(C)C)=CC(C(C)C)=C1)C,0.0
FC(F)(F)c1ccc(Cl)cc1,C(N(Cc1ccccc1)c2ccon2)c3ccccc3,CN(C)P(N(C)C)(N(C)C)=NP(N(C)C)(N(C)C)=NCC,CC(C)C(C=C(C(C)C)C=C1C(C)C)=C1C2=CC=CC=C2P(C(C)(C)C)C(C)(C)C,33.44709826
Ic1ccccn1,C(N(Cc1ccccc1)c2oncc2)c3ccccc3,CN(C)P(N(C)C)(N(C)C)=NP(N(C)C)(N(C)C)=NCC,CC(C1=C(C2=C(OC)C=CC(OC)=C2P(C34CC5CC(C4)CC(C5)C3)C67CC8CC(C7)CC(C8)C6)C(C(C)C)=CC(C(C)C)=C1)C,42.69698784
Brc1ccccn1,o1ncc2ccccc12,CN1CCCN2CCCN=C12,CC(C)C(C=C(C(C)C)C=C1C(C)C)=C1C2=CC=CC=C2P(C(C)(C)C)C(C)(C)C,83.68183531
Ic1cccnc1,o1nccc1c2ccccc2,CN(C)/C(N(C)C)=N\C(C)(C)C,CC(C1=C(C2=C(OC)C=CC(OC)=C2P(C34CC5CC(C4)CC(C5)C3)C67CC8CC(C7)CC(C8)C6)C(C(C)C)=CC(C(C)C)=C1)C,72.94185386
Clc1cccnc1,o1ncc2ccccc12,CN(C)P(N(C)C)(N(C)C)=NP(N(C)C)(N(C)C)=NCC,CC(C)C(C=C(C(C)C)C=C1C(C)C)=C1C2=CC=CC=C2P(C(C)(C)C)C(C)(C)C,38.1181996
CCc1ccc(Br)cc1,o1cc(cn1)c2ccccc2,CN1CCCN2CCCN=C12,CC(C)C1=CC(C(C)C)=CC(C(C)C)=C1C2=C(P(C3CCCCC3)C4CCCCC4)C=CC=C2,15.28777504
Brc1ccccn1,CCOC(=O)c1onc(OC)c1,CN(C)/C(N(C)C)=N\C(C)(C)C,CC(C)C1=CC(C(C)C)=CC(C(C)C)=C1C2=C(P(C(C)(C)C)C(C)(C)C)C(OC)=CC=C2OC,56.60877307
FC(F)(F)c1ccc(I)cc1,Cc1cc(on1)c2ccccc2,CN1CCCN2CCCN=C12,CC(C1=C(C2=C(OC)C=CC(OC)=C2P(C34CC5CC(C4)CC(C5)C3)C67CC8CC(C7)CC(C8)C6)C(C(C)C)=CC(C(C)C)=C1)C,45.20399384
FC(F)(F)c1ccc(Br)cc1,C(N(Cc1ccccc1)c2ccon2)c3ccccc3,CN(C)P(N(C)C)(N(C)C)=NP(N(C)C)(N(C)C)=NCC,CC(C)C1=CC(C(C)C)=CC(C(C)C)=C1C2=C(P(C(C)(C)C)C(C)(C)C)C(OC)=CC=C2OC,28.32846401
COc1ccc(Cl)cc1,Fc1cccc(F)c1c2oncc2,CN(C)P(N(C)C)(N(C)C)=NP(N(C)C)(N(C)C)=NCC,CC(C1=C(C2=C(OC)C=CC(OC)=C2P(C34CC5CC(C4)CC(C5)C3)C67CC8CC(C7)CC(C8)C6)C(C(C)C)=CC(C(C)C)=C1)C,1.152131483
FC(F)(F)c1ccc(Cl)cc1,Fc1cccc(F)c1c2oncc2,CN(C)/C(N(C)C)=N\C(C)(C)C,CC(C)C1=CC(C(C)C)=CC(C(C)C)=C1C2=C(P(C(C)(C)C)C(C)(C)C)C(OC)=CC=C2OC,2.74121661
CCc1ccc(I)cc1,CCOC(=O)c1conc1,CN(C)/C(N(C)C)=N\C(C)(C)C,CC(C1=C(C2=C(OC)C=CC(OC)=C2P(C34CC5CC(C4)CC(C5)C3)C67CC8CC(C7)CC(C8)C6)C(C(C)C)=CC(C(C)C)=C1)C,2.600006823
CCc1ccc(I)cc1,CCOC(=O)c1cnoc1C,CN(C)P(N(C)C)(N(C)C)=NP(N(C)C)(N(C)C)=NCC,CC(C)C1=CC(C(C)C)=CC(C(C)C)=C1C2=C(P(C3CCCCC3)C4CCCCC4)C=CC=C2,12.44362591
Ic1cccnc1,o1ccc(n1)c2ccccc2,CN1CCCN2CCCN=C12,CC(C)C(C=C(C(C)C)C=C1C(C)C)=C1C2=CC=CC=C2P(C(C)(C)C)C(C)(C)C,93.42111456
Brc1cccnc1,CCOC(=O)c1cc(C)on1,CN(C)/C(N(C)C)=N\C(C)(C)C,CC(C)C1=CC(C(C)C)=CC(C(C)C)=C1C2=C(P(C(C)(C)C)C(C)(C)C)C(OC)=CC=C2OC,72.58738213
Brc1ccccn1,CCOC(=O)c1cc(C)on1,CN(C)P(N(C)C)(N(C)C)=NP(N(C)C)(N(C)C)=NCC,CC(C)C(C=C(C(C)C)C=C1C(C)C)=C1C2=CC=CC=C2P(C(C)(C)C)C(C)(C)C,76.33726193
Clc1cccnc1,Fc1cccc(F)c1c2oncc2,CN(C)P(N(C)C)(N(C)C)=NP(N(C)C)(N(C)C)=NCC,CC(C)C(C=C(C(C)C)C=C1C(C)C)=C1C2=CC=CC=C2P(C(C)(C)C)C(C)(C)C,16.87891597
Clc1ccccn1,CCOC(=O)c1ccon1,CN(C)P(N(C)C)(N(C)C)=NP(N(C)C)(N(C)C)=NCC,CC(C)C(C=C(C(C)C)C=C1C(C)C)=C1C2=CC=CC=C2P(C(C)(C)C)C(C)(C)C,3.510094374
Clc1cccnc1,CCOC(=O)c1cc(C)on1,CN1CCCN2CCCN=C12,CC(C)C(C=C(C(C)C)C=C1C(C)C)=C1C2=CC=CC=C2P(C(C)(C)C)C(C)(C)C,44.02752342
CCc1ccc(Br)cc1,Cc1ccon1,CN(C)P(N(C)C)(N(C)C)=NP(N(C)C)(N(C)C)=NCC,CC(C)C(C=C(C(C)C)C=C1C(C)C)=C1C2=CC=CC=C2P(C(C)(C)C)C(C)(C)C,75.31115449
Brc1ccccn1,CCOC(=O)c1ccon1,CN(C)P(N(C)C)(N(C)C)=NP(N(C)C)(N(C)C)=NCC,CC(C)C1=CC(C(C)C)=CC(C(C)C)=C1C2=C(P(C(C)(C)C)C(C)(C)C)C(OC)=CC=C2OC,2.145304957
FC(F)(F)c1ccc(I)cc1,o1nccc1c2ccccc2,CN1CCCN2CCCN=C12,CC(C1=C(C2=C(OC)C=CC(OC)=C2P(C34CC5CC(C4)CC(C5)C3)C67CC8CC(C7)CC(C8)C6)C(C(C)C)=CC(C(C)C)=C1)C,52.58811564
Brc1cccnc1,Cc1ccon1,CN1CCCN2CCCN=C12,CC(C)C1=CC(C(C)C)=CC(C(C)C)=C1C2=C(P(C3CCCCC3)C4CCCCC4)C=CC=C2,35.81675951
Clc1ccccn1,CCOC(=O)c1cc(C)on1,CN(C)/C(N(C)C)=N\C(C)(C)C,CC(C)C(C=C(C(C)C)C=C1C(C)C)=C1C2=CC=CC=C2P(C(C)(C)C)C(C)(C)C,73.64322424
FC(F)(F)c1ccc(Br)cc1,CCOC(=O)c1cnoc1C,CN(C)P(N(C)C)(N(C)C)=NP(N(C)C)(N(C)C)=NCC,CC(C)C1=CC(C(C)C)=CC(C(C)C)=C1C2=C(P(C(C)(C)C)C(C)(C)C)C(OC)=CC=C2OC,10.82736056
COc1ccc(Br)cc1,COC(=O)c1oncc1,CN(C)P(N(C)C)(N(C)C)=NP(N(C)C)(N(C)C)=NCC,CC(C)C1=CC(C(C)C)=CC(C(C)C)=C1C2=C(P(C(C)(C)C)C(C)(C)C)C(OC)=CC=C2OC,9.492103343
FC(F)(F)c1ccc(I)cc1,o1ncc2ccccc12,CN1CCCN2CCCN=C12,CC(C)C(C=C(C(C)C)C=C1C(C)C)=C1C2=CC=CC=C2P(C(C)(C)C)C(C)(C)C,49.46796695
FC(F)(F)c1ccc(Br)cc1,CCOC(=O)c1conc1,CN(C)/C(N(C)C)=N\C(C)(C)C,CC(C)C(C=C(C(C)C)C=C1C(C)C)=C1C2=CC=CC=C2P(C(C)(C)C)C(C)(C)C,1.785587557
Brc1cccnc1,Fc1cccc(F)c1c2oncc2,CN(C)/C(N(C)C)=N\C(C)(C)C,CC(C)C(C=C(C(C)C)C=C1C(C)C)=C1C2=CC=CC=C2P(C(C)(C)C)C(C)(C)C,54.77135423
CCc1ccc(I)cc1,COC(=O)c1cc(on1)c2sccc2,CN(C)P(N(C)C)(N(C)C)=NP(N(C)C)(N(C)C)=NCC,CC(C)C1=CC(C(C)C)=CC(C(C)C)=C1C2=C(P(C3CCCCC3)C4CCCCC4)C=CC=C2,31.41749034
Brc1cccnc1,Fc1cccc(F)c1c2oncc2,CN(C)P(N(C)C)(N(C)C)=NP(N(C)C)(N(C)C)=NCC,CC(C)C1=CC(C(C)C)=CC(C(C)C)=C1C2=C(P(C(C)(C)C)C(C)(C)C)C(OC)=CC=C2OC,15.43456925
Brc1cccnc1,o1nccc1c2ccccc2,CN1CCCN2CCCN=C12,CC(C1=C(C2=C(OC)C=CC(OC)=C2P(C34CC5CC(C4)CC(C5)C3)C67CC8CC(C7)CC(C8)C6)C(C(C)C)=CC(C(C)C)=C1)C,86.41541039
COc1ccc(Br)cc1,Cc1oncc1,CN1CCCN2CCCN=C12,CC(C)C1=CC(C(C)C)=CC(C(C)C)=C1C2=C(P(C(C)(C)C)C(C)(C)C)C(OC)=CC=C2OC,35.46998729
Clc1cccnc1,o1cc(cn1)c2ccccc2,CN1CCCN2CCCN=C12,CC(C)C(C=C(C(C)C)C=C1C(C)C)=C1C2=CC=CC=C2P(C(C)(C)C)C(C)(C)C,36.89391539
Clc1cccnc1,Cc1cc(on1)c2ccccc2,CN1CCCN2CCCN=C12,CC(C1=C(C2=C(OC)C=CC(OC)=C2P(C34CC5CC(C4)CC(C5)C3)C67CC8CC(C7)CC(C8)C6)C(C(C)C)=CC(C(C)C)=C1)C,4.936303419
Clc1ccccn1,Fc1cccc(F)c1c2oncc2,CN(C)/C(N(C)C)=N\C(C)(C)C,CC(C)C(C=C(C(C)C)C=C1C(C)C)=C1C2=CC=CC=C2P(C(C)(C)C)C(C)(C)C,56.99401844
Brc1cccnc1,CCOC(=O)c1cnoc1C,CN(C)/C(N(C)C)=N\C(C)(C)C,CC(C)C(C=C(C(C)C)C=C1C(C)C)=C1C2=CC=CC=C2P(C(C)(C)C)C(C)(C)C,30.43973822
FC(F)(F)c1ccc(Br)cc1,CCOC(=O)c1conc1,CN(C)/C(N(C)C)=N\C(C)(C)C,CC(C)C1=CC(C(C)C)=CC(C(C)C)=C1C2=C(P(C3CCCCC3)C4CCCCC4)C=CC=C2,0.546791384
Clc1ccccn1,Fc1cccc(F)c1c2oncc2,CN1CCCN2CCCN=C12,CC(C)C1=CC(C(C)C)=CC(C(C)C)=C1C2=C(P(C3CCCCC3)C4CCCCC4)C=CC=C2,14.60964787
COc1ccc(Cl)cc1,Cc1onc(C)c1,CN(C)P(N(C)C)(N(C)C)=NP(N(C)C)(N(C)C)=NCC,CC(C)C1=CC(C(C)C)=CC(C(C)C)=C1C2=C(P(C3CCCCC3)C4CCCCC4)C=CC=C2,1.208332351
CCc1ccc(Br)cc1,CCOC(=O)c1onc(C)c1,CN1CCCN2CCCN=C12,CC(C)C1=CC(C(C)C)=CC(C(C)C)=C1C2=C(P(C3CCCCC3)C4CCCCC4)C=CC=C2,35.87055638
Brc1ccccn1,Cc1onc(c1)n2cccc2,CN(C)P(N(C)C)(N(C)C)=NP(N(C)C)(N(C)C)=NCC,CC(C)C1=CC(C(C)C)=CC(C(C)C)=C1C2=C(P(C3CCCCC3)C4CCCCC4)C=CC=C2,22.20180478
Ic1cccnc1,CCOC(=O)c1onc(OC)c1,CN(C)/C(N(C)C)=N\C(C)(C)C,CC(C)C(C=C(C(C)C)C=C1C(C)C)=C1C2=CC=CC=C2P(C(C)(C)C)C(C)(C)C,68.67316565
COc1ccc(Br)cc1,COC(=O)c1cc(on1)c2occc2,CN1CCCN2CCCN=C12,CC(C)C1=CC(C(C)C)=CC(C(C)C)=C1C2=C(P(C(C)(C)C)C(C)(C)C)C(OC)=CC=C2OC,37.72387007
Brc1ccccn1,Cc1oncc1,CN(C)/C(N(C)C)=N\C(C)(C)C,CC(C)C1=CC(C(C)C)=CC(C(C)C)=C1C2=C(P(C(C)(C)C)C(C)(C)C)C(OC)=CC=C2OC,57.9744807
COc1ccc(Cl)cc1,C(N(Cc1ccccc1)c2ccon2)c3ccccc3,CN1CCCN2CCCN=C12,CC(C)C(C=C(C(C)C)C=C1C(C)C)=C1C2=CC=CC=C2P(C(C)(C)C)C(C)(C)C,42.0580413
CCc1ccc(I)cc1,CCOC(=O)c1conc1,CN(C)P(N(C)C)(N(C)C)=NP(N(C)C)(N(C)C)=NCC,CC(C)C1=CC(C(C)C)=CC(C(C)C)=C1C2=C(P(C3CCCCC3)C4CCCCC4)C=CC=C2,0.0
CCc1ccc(I)cc1,o1cc2ccccc2n1,CN(C)P(N(C)C)(N(C)C)=NP(N(C)C)(N(C)C)=NCC,CC(C1=C(C2=C(OC)C=CC(OC)=C2P(C34CC5CC(C4)CC(C5)C3)C67CC8CC(C7)CC(C8)C6)C(C(C)C)=CC(C(C)C)=C1)C,7.957289224
FC(F)(F)c1ccc(Br)cc1,Cc1cc(on1)c2ccccc2,CN(C)/C(N(C)C)=N\C(C)(C)C,CC(C)C(C=C(C(C)C)C=C1C(C)C)=C1C2=CC=CC=C2P(C(C)(C)C)C(C)(C)C,38.72175402
Brc1ccccn1,CCOC(=O)c1ccon1,CN(C)/C(N(C)C)=N\C(C)(C)C,CC(C)C(C=C(C(C)C)C=C1C(C)C)=C1C2=CC=CC=C2P(C(C)(C)C)C(C)(C)C,60.25206697
Brc1ccccn1,CCOC(=O)c1onc(C)c1,CN(C)/C(N(C)C)=N\C(C)(C)C,CC(C1=C(C2=C(OC)C=CC(OC)=C2P(C34CC5CC(C4)CC(C5)C3)C67CC8CC(C7)CC(C8)C6)C(C(C)C)=CC(C(C)C)=C1)C,51.68395023
CCc1ccc(Br)cc1,CCOC(=O)c1cc(C)on1,CN(C)/C(N(C)C)=N\C(C)(C)C,CC(C1=C(C2=C(OC)C=CC(OC)=C2P(C34CC5CC(C4)CC(C5)C3)C67CC8CC(C7)CC(C8)C6)C(C(C)C)=CC(C(C)C)=C1)C,65.05218409
Clc1ccccn1,COC(=O)c1cc(on1)c2sccc2,CN1CCCN2CCCN=C12,CC(C)C1=CC(C(C)C)=CC(C(C)C)=C1C2=C(P(C3CCCCC3)C4CCCCC4)C=CC=C2,24.66006055
Ic1cccnc1,CCOC(=O)c1cc(C)on1,CN1CCCN2CCCN=C12,CC(C)C1=CC(C(C)C)=CC(C(C)C)=C1C2=C(P(C(C)(C)C)C(C)(C)C)C(OC)=CC=C2OC,87.55418753
Clc1ccccn1,CCOC(=O)c1cc(C)on1,CN(C)/C(N(C)C)=N\C(C)(C)C,CC(C)C1=CC(C(C)C)=CC(C(C)C)=C1C2=C(P(C(C)(C)C)C(C)(C)C)C(OC)=CC=C2OC,70.28309787
Ic1cccnc1,COC(=O)c1cc(on1)c2sccc2,CN(C)/C(N(C)C)=N\C(C)(C)C,CC(C)C(C=C(C(C)C)C=C1C(C)C)=C1C2=CC=CC=C2P(C(C)(C)C)C(C)(C)C,65.07775968
Clc1cccnc1,o1ncc2ccccc12,CN1CCCN2CCCN=C12,CC(C)C(C=C(C(C)C)C=C1C(C)C)=C1C2=CC=CC=C2P(C(C)(C)C)C(C)(C)C,49.15752148
COc1ccc(Cl)cc1,Cc1oncc1,CN(C)/C(N(C)C)=N\C(C)(C)C,CC(C1=C(C2=C(OC)C=CC(OC)=C2P(C34CC5CC(C4)CC(C5)C3)C67CC8CC(C7)CC(C8)C6)C(C(C)C)=CC(C(C)C)=C1)C,0.0
CCc1ccc(I)cc1,COC(=O)c1cc(on1)c2sccc2,CN1CCCN2CCCN=C12,CC(C)C1=CC(C(C)C)=CC(C(C)C)=C1C2=C(P(C(C)(C)C)C(C)(C)C)C(OC)=CC=C2OC,74.59845802
Brc1cccnc1,o1cc(cn1)c2ccccc2,CN(C)P(N(C)C)(N(C)C)=NP(N(C)C)(N(C)C)=NCC,CC(C)C(C=C(C(C)C)C=C1C(C)C)=C1C2=CC=CC=C2P(C(C)(C)C)C(C)(C)C,74.00970333
CCc1ccc(Cl)cc1,COC(=O)c1cc(on1)c2occc2,CN(C)P(N(C)C)(N(C)C)=NP(N(C)C)(N(C)C)=NCC,CC(C1=C(C2=C(OC)C=CC(OC)=C2P(C34CC5CC(C4)CC(C5)C3)C67CC8CC(C7)CC(C8)C6)C(C(C)C)=CC(C(C)C)=C1)C,0.0
Ic1cccnc1,COC(=O)c1cc(on1)c2occc2,CN1CCCN2CCCN=C12,CC(C)C(C=C(C(C)C)C=C1C(C)C)=C1C2=CC=CC=C2P(C(C)(C)C)C(C)(C)C,79.34654649
FC(F)(F)c1ccc(Cl)cc1,COC(=O)c1oncc1,CN1CCCN2CCCN=C12,CC(C)C1=CC(C(C)C)=CC(C(C)C)=C1C2=C(P(C3CCCCC3)C4CCCCC4)C=CC=C2,9.967512853
FC(F)(F)c1ccc(I)cc1,CCOC(=O)c1onc(C)c1,CN(C)/C(N(C)C)=N\C(C)(C)C,CC(C)C1=CC(C(C)C)=CC(C(C)C)=C1C2=C(P(C3CCCCC3)C4CCCCC4)C=CC=C2,41.2456065
FC(F)(F)c1ccc(Br)cc1,o1ccc(n1)c2ccccc2,CN(C)P(N(C)C)(N(C)C)=NP(N(C)C)(N(C)C)=NCC,CC(C)C1=CC(C(C)C)=CC(C(C)C)=C1C2=C(P(C(C)(C)C)C(C)(C)C)C(OC)=CC=C2OC,32.41068171
Ic1ccccn1,Fc1cccc(F)c1c2oncc2,CN(C)/C(N(C)C)=N\C(C)(C)C,CC(C)C1=CC(C(C)C)=CC(C(C)C)=C1C2=C(P(C(C)(C)C)C(C)(C)C)C(OC)=CC=C2OC,61.37532466
Ic1ccccn1,Fc1cccc(F)c1c2oncc2,CN(C)P(N(C)C)(N(C)C)=NP(N(C)C)(N(C)C)=NCC,CC(C)C1=CC(C(C)C)=CC(C(C)C)=C1C2=C(P(C3CCCCC3)C4CCCCC4)C=CC=C2,17.06361217
CCc1ccc(Br)cc1,Cc1oncc1,CN(C)P(N(C)C)(N(C)C)=NP(N(C)C)(N(C)C)=NCC,CC(C)C(C=C(C(C)C)C=C1C(C)C)=C1C2=CC=CC=C2P(C(C)(C)C)C(C)(C)C,19.25650723
Brc1cccnc1,CCOC(=O)c1onc(C)c1,CN1CCCN2CCCN=C12,CC(C)C(C=C(C(C)C)C=C1C(C)C)=C1C2=CC=CC=C2P(C(C)(C)C)C(C)(C)C,92.57247896
CCc1ccc(I)cc1,CCOC(=O)c1ccon1,CN1CCCN2CCCN=C12,CC(C)C1=CC(C(C)C)=CC(C(C)C)=C1C2=C(P(C(C)(C)C)C(C)(C)C)C(OC)=CC=C2OC,80.5818059
Brc1cccnc1,CCOC(=O)c1cc(C)on1,CN(C)P(N(C)C)(N(C)C)=NP(N(C)C)(N(C)C)=NCC,CC(C)C1=CC(C(C)C)=CC(C(C)C)=C1C2=C(P(C(C)(C)C)C(C)(C)C)C(OC)=CC=C2OC,40.87667176
Ic1cccnc1,CCOC(=O)c1ccon1,CN(C)/C(N(C)C)=N\C(C)(C)C,CC(C)C1=CC(C(C)C)=CC(C(C)C)=C1C2=C(P(C3CCCCC3)C4CCCCC4)C=CC=C2,38.4179882
COc1ccc(Br)cc1,C(N(Cc1ccccc1)c2oncc2)c3ccccc3,CN1CCCN2CCCN=C12,CC(C)C(C=C(C(C)C)C=C1C(C)C)=C1C2=CC=CC=C2P(C(C)(C)C)C(C)(C)C,8.970204017
CCc1ccc(Cl)cc1,Fc1cccc(F)c1c2oncc2,CN(C)P(N(C)C)(N(C)C)=NP(N(C)C)(N(C)C)=NCC,CC(C1=C(C2=C(OC)C=CC(OC)=C2P(C34CC5CC(C4)CC(C5)C3)C67CC8CC(C7)CC(C8)C6)C(C(C)C)=CC(C(C)C)=C1)C,4.656693452
Ic1cccnc1,COC(=O)c1cc(on1)c2sccc2,CN1CCCN2CCCN=C12,CC(C)C1=CC(C(C)C)=CC(C(C)C)=C1C2=C(P(C3CCCCC3)C4CCCCC4)C=CC=C2,29.91552733
Brc1ccccn1,C(N(Cc1ccccc1)c2oncc2)c3ccccc3,CN(C)/C(N(C)C)=N\C(C)(C)C,CC(C1=C(C2=C(OC)C=CC(OC)=C2P(C34CC5CC(C4)CC(C5)C3)C67CC8CC(C7)CC(C8)C6)C(C(C)C)=CC(C(C)C)=C1)C,31.02334366
Ic1ccccn1,COC(=O)c1cc(on1)c2occc2,CN1CCCN2CCCN=C12,CC(C)C(C=C(C(C)C)C=C1C(C)C)=C1C2=CC=CC=C2P(C(C)(C)C)C(C)(C)C,86.49714531
Clc1ccccn1,o1nccc1c2ccccc2,CN(C)P(N(C)C)(N(C)C)=NP(N(C)C)(N(C)C)=NCC,CC(C)C1=CC(C(C)C)=CC(C(C)C)=C1C2=C(P(C3CCCCC3)C4CCCCC4)C=CC=C2,9.46569581
Clc1cccnc1,o1ncc2ccccc12,CN(C)/C(N(C)C)=N\C(C)(C)C,CC(C1=C(C2=C(OC)C=CC(OC)=C2P(C34CC5CC(C4)CC(C5)C3)C67CC8CC(C7)CC(C8)C6)C(C(C)C)=CC(C(C)C)=C1)C,9.3964628
Ic1cccnc1,o1ncc2ccccc12,CN(C)P(N(C)C)(N(C)C)=NP(N(C)C)(N(C)C)=NCC,CC(C)C1=CC(C(C)C)=CC(C(C)C)=C1C2=C(P(C3CCCCC3)C4CCCCC4)C=CC=C2,28.5480245
Brc1cccnc1,CCOC(=O)c1ccon1,CN1CCCN2CCCN=C12,CC(C)C1=CC(C(C)C)=CC(C(C)C)=C1C2=C(P(C3CCCCC3)C4CCCCC4)C=CC=C2,22.07470925
COc1ccc(Br)cc1,o1cc(cn1)c2ccccc2,CN1CCCN2CCCN=C12,CC(C)C(C=C(C(C)C)C=C1C(C)C)=C1C2=CC=CC=C2P(C(C)(C)C)C(C)(C)C,49.39865649
FC(F)(F)c1ccc(Cl)cc1,CCOC(=O)c1cc(C)on1,CN1CCCN2CCCN=C12,CC(C)C(C=C(C(C)C)C=C1C(C)C)=C1C2=CC=CC=C2P(C(C)(C)C)C(C)(C)C,42.28229272
Brc1ccccn1,Cc1cc(on1)c2ccccc2,CN(C)P(N(C)C)(N(C)C)=NP(N(C)C)(N(C)C)=NCC,CC(C)C1=CC(C(C)C)=CC(C(C)C)=C1C2=C(P(C(C)(C)C)C(C)(C)C)C(OC)=CC=C2OC,77.62777181
FC(F)(F)c1ccc(I)cc1,Cc1oncc1,CN(C)P(N(C)C)(N(C)C)=NP(N(C)C)(N(C)C)=NCC,CC(C1=C(C2=C(OC)C=CC(OC)=C2P(C34CC5CC(C4)CC(C5)C3)C67CC8CC(C7)CC(C8)C6)C(C(C)C)=CC(C(C)C)=C1)C,3.446957245
Ic1cccnc1,CCOC(=O)c1cc(C)on1,CN(C)/C(N(C)C)=N\C(C)(C)C,CC(C)C1=CC(C(C)C)=CC(C(C)C)=C1C2=C(P(C(C)(C)C)C(C)(C)C)C(OC)=CC=C2OC,77.03264152
Ic1ccccn1,COC(=O)c1oncc1,CN(C)P(N(C)C)(N(C)C)=NP(N(C)C)(N(C)C)=NCC,CC(C)C1=CC(C(C)C)=CC(C(C)C)=C1C2=C(P(C(C)(C)C)C(C)(C)C)C(OC)=CC=C2OC,24.6686189
CCc1ccc(Cl)cc1,Cc1cc(on1)c2ccccc2,CN1CCCN2CCCN=C12,CC(C)C1=CC(C(C)C)=CC(C(C)C)=C1C2=C(P(C(C)(C)C)C(C)(C)C)C(OC)=CC=C2OC,4.961974313
Ic1cccnc1,Cc1ccon1,CN(C)/C(N(C)C)=N\C(C)(C)C,CC(C)C1=CC(C(C)C)=CC(C(C)C)=C1C2=C(P(C(C)(C)C)C(C)(C)C)C(OC)=CC=C2OC,83.33821324
Clc1cccnc1,C(N(Cc1ccccc1)c2oncc2)c3ccccc3,CN(C)P(N(C)C)(N(C)C)=NP(N(C)C)(N(C)C)=NCC,CC(C)C1=CC(C(C)C)=CC(C(C)C)=C1C2=C(P(C(C)(C)C)C(C)(C)C)C(OC)=CC=C2OC,13.53376242
COc1ccc(Cl)cc1,Cc1cc(on1)c2ccccc2,CN(C)P(N(C)C)(N(C)C)=NP(N(C)C)(N(C)C)=NCC,CC(C1=C(C2=C(OC)C=CC(OC)=C2P(C34CC5CC(C4)CC(C5)C3)C67CC8CC(C7)CC(C8)C6)C(C(C)C)=CC(C(C)C)=C1)C,0.0
CCc1ccc(I)cc1,o1ncc2ccccc12,CN1CCCN2CCCN=C12,CC(C1=C(C2=C(OC)C=CC(OC)=C2P(C34CC5CC(C4)CC(C5)C3)C67CC8CC(C7)CC(C8)C6)C(C(C)C)=CC(C(C)C)=C1)C,68.58213231
FC(F)(F)c1ccc(Br)cc1,CCOC(=O)c1cnoc1C,CN(C)/C(N(C)C)=N\C(C)(C)C,CC(C)C(C=C(C(C)C)C=C1C(C)C)=C1C2=CC=CC=C2P(C(C)(C)C)C(C)(C)C,9.794715203
Clc1cccnc1,Cc1onc(c1)n2cccc2,CN1CCCN2CCCN=C12,CC(C)C1=CC(C(C)C)=CC(C(C)C)=C1C2=C(P(C3CCCCC3)C4CCCCC4)C=CC=C2,7.71156711
Ic1cccnc1,COC(=O)c1oncc1,CN(C)P(N(C)C)(N(C)C)=NP(N(C)C)(N(C)C)=NCC,CC(C)C1=CC(C(C)C)=CC(C(C)C)=C1C2=C(P(C3CCCCC3)C4CCCCC4)C=CC=C2,8.546147234
Ic1ccccn1,C(N(Cc1ccccc1)c2ccon2)c3ccccc3,CN1CCCN2CCCN=C12,CC(C)C1=CC(C(C)C)=CC(C(C)C)=C1C2=C(P(C(C)(C)C)C(C)(C)C)C(OC)=CC=C2OC,88.72522624
COc1ccc(Br)cc1,CCOC(=O)c1onc(OC)c1,CN1CCCN2CCCN=C12,CC(C)C1=CC(C(C)C)=CC(C(C)C)=C1C2=C(P(C3CCCCC3)C4CCCCC4)C=CC=C2,8.034140762
FC(F)(F)c1ccc(Br)cc1,o1ncc2ccccc12,CN(C)/C(N(C)C)=N\C(C)(C)C,CC(C)C1=CC(C(C)C)=CC(C(C)C)=C1C2=C(P(C3CCCCC3)C4CCCCC4)C=CC=C2,22.22290277
COc1ccc(I)cc1,o1ccc(n1)c2ccccc2,CN(C)/C(N(C)C)=N\C(C)(C)C,CC(C)C(C=C(C(C)C)C=C1C(C)C)=C1C2=CC=CC=C2P(C(C)(C)C)C(C)(C)C,51.57354724
Brc1ccccn1,o1nccc1c2ccccc2,CN1CCCN2CCCN=C12,CC(C)C1=CC(C(C)C)=CC(C(C)C)=C1C2=C(P(C3CCCCC3)C4CCCCC4)C=CC=C2,42.69485888
FC(F)(F)c1ccc(I)cc1,o1ccc(n1)c2ccccc2,CN(C)/C(N(C)C)=N\C(C)(C)C,CC(C)C1=CC(C(C)C)=CC(C(C)C)=C1C2=C(P(C(C)(C)C)C(C)(C)C)C(OC)=CC=C2OC,47.29404915
Clc1ccccn1,Cc1cc(on1)c2ccccc2,CN1CCCN2CCCN=C12,CC(C)C(C=C(C(C)C)C=C1C(C)C)=C1C2=CC=CC=C2P(C(C)(C)C)C(C)(C)C,82.51131881
Ic1cccnc1,CCOC(=O)c1cc(C)on1,CN1CCCN2CCCN=C12,CC(C1=C(C2=C(OC)C=CC(OC)=C2P(C34CC5CC(C4)CC(C5)C3)C67CC8CC(C7)CC(C8)C6)C(C(C)C)=CC(C(C)C)=C1)C,92.65898323
COc1ccc(I)cc1,Cc1cc(on1)c2ccccc2,CN(C)P(N(C)C)(N(C)C)=NP(N(C)C)(N(C)C)=NCC,CC(C)C(C=C(C(C)C)C=C1C(C)C)=C1C2=CC=CC=C2P(C(C)(C)C)C(C)(C)C,43.335395
CCc1ccc(Br)cc1,Cc1onc(c1)n2cccc2,CN(C)P(N(C)C)(N(C)C)=NP(N(C)C)(N(C)C)=NCC,CC(C)C1=CC(C(C)C)=CC(C(C)C)=C1C2=C(P(C3CCCCC3)C4CCCCC4)C=CC=C2,66.85183325
Brc1cccnc1,CCOC(=O)c1onc(OC)c1,CN(C)/C(N(C)C)=N\C(C)(C)C,CC(C)C(C=C(C(C)C)C=C1C(C)C)=C1C2=CC=CC=C2P(C(C)(C)C)C(C)(C)C,61.01774399
Ic1ccccn1,Cc1onc(C)c1,CN(C)/C(N(C)C)=N\C(C)(C)C,CC(C)C(C=C(C(C)C)C=C1C(C)C)=C1C2=CC=CC=C2P(C(C)(C)C)C(C)(C)C,63.71103229
Brc1ccccn1,o1cc2ccccc2n1,CN(C)/C(N(C)C)=N\C(C)(C)C,CC(C)C1=CC(C(C)C)=CC(C(C)C)=C1C2=C(P(C3CCCCC3)C4CCCCC4)C=CC=C2,34.38173794
FC(F)(F)c1ccc(Br)cc1,Cc1ccon1,CN(C)P(N(C)C)(N(C)C)=NP(N(C)C)(N(C)C)=NCC,CC(C1=C(C2=C(OC)C=CC(OC)=C2P(C34CC5CC(C4)CC(C5)C3)C67CC8CC(C7)CC(C8)C6)C(C(C)C)=CC(C(C)C)=C1)C,12.61696696
Clc1cccnc1,CCOC(=O)c1cc(C)on1,CN(C)P(N(C)C)(N(C)C)=NP(N(C)C)(N(C)C)=NCC,CC(C)C1=CC(C(C)C)=CC(C(C)C)=C1C2=C(P(C(C)(C)C)C(C)(C)C)C(OC)=CC=C2OC,4.497312079
CCc1ccc(Br)cc1,Cc1ccon1,CN1CCCN2CCCN=C12,CC(C)C1=CC(C(C)C)=CC(C(C)C)=C1C2=C(P(C3CCCCC3)C4CCCCC4)C=CC=C2,42.32124218
Clc1ccccn1,COC(=O)c1cc(on1)c2occc2,CN(C)P(N(C)C)(N(C)C)=NP(N(C)C)(N(C)C)=NCC,CC(C)C1=CC(C(C)C)=CC(C(C)C)=C1C2=C(P(C(C)(C)C)C(C)(C)C)C(OC)=CC=C2OC,75.99606764
Clc1cccnc1,CCOC(=O)c1onc(C)c1,CN1CCCN2CCCN=C12,CC(C)C1=CC(C(C)C)=CC(C(C)C)=C1C2=C(P(C(C)(C)C)C(C)(C)C)C(OC)=CC=C2OC,3.498335753
Clc1cccnc1,o1cc(cn1)c2ccccc2,CN(C)/C(N(C)C)=N\C(C)(C)C,CC(C1=C(C2=C(OC)C=CC(OC)=C2P(C34CC5CC(C4)CC(C5)C3)C67CC8CC(C7)CC(C8)C6)C(C(C)C)=CC(C(C)C)=C1)C,4.713893798
FC(F)(F)c1ccc(Br)cc1,COC(=O)c1cc(on1)c2occc2,CN(C)P(N(C)C)(N(C)C)=NP(N(C)C)(N(C)C)=NCC,CC(C)C(C=C(C(C)C)C=C1C(C)C)=C1C2=CC=CC=C2P(C(C)(C)C)C(C)(C)C,38.94339394
Brc1cccnc1,Cc1cc(on1)c2ccccc2,CN1CCCN2CCCN=C12,CC(C)C(C=C(C(C)C)C=C1C(C)C)=C1C2=CC=CC=C2P(C(C)(C)C)C(C)(C)C,76.73725946
CCc1ccc(I)cc1,Cc1onc(C)c1,CN(C)P(N(C)C)(N(C)C)=NP(N(C)C)(N(C)C)=NCC,CC(C)C(C=C(C(C)C)C=C1C(C)C)=C1C2=CC=CC=C2P(C(C)(C)C)C(C)(C)C,69.38989345
COc1ccc(I)cc1,Cc1ccon1,CN(C)P(N(C)C)(N(C)C)=NP(N(C)C)(N(C)C)=NCC,CC(C1=C(C2=C(OC)C=CC(OC)=C2P(C34CC5CC(C4)CC(C5)C3)C67CC8CC(C7)CC(C8)C6)C(C(C)C)=CC(C(C)C)=C1)C,57.08877056
CCc1ccc(I)cc1,COC(=O)c1cc(on1)c2occc2,CN(C)P(N(C)C)(N(C)C)=NP(N(C)C)(N(C)C)=NCC,CC(C)C1=CC(C(C)C)=CC(C(C)C)=C1C2=C(P(C(C)(C)C)C(C)(C)C)C(OC)=CC=C2OC,64.23525691
COc1ccc(I)cc1,CCOC(=O)c1onc(C)c1,CN(C)/C(N(C)C)=N\C(C)(C)C,CC(C1=C(C2=C(OC)C=CC(OC)=C2P(C34CC5CC(C4)CC(C5)C3)C67CC8CC(C7)CC(C8)C6)C(C(C)C)=CC(C(C)C)=C1)C,43.86426544
CCc1ccc(Br)cc1,COC(=O)c1cc(on1)c2sccc2,CN1CCCN2CCCN=C12,CC(C)C1=CC(C(C)C)=CC(C(C)C)=C1C2=C(P(C3CCCCC3)C4CCCCC4)C=CC=C2,16.69067663
CCc1ccc(Cl)cc1,COC(=O)c1oncc1,CN(C)P(N(C)C)(N(C)C)=NP(N(C)C)(N(C)C)=NCC,CC(C)C(C=C(C(C)C)C=C1C(C)C)=C1C2=CC=CC=C2P(C(C)(C)C)C(C)(C)C,4.278834497
FC(F)(F)c1ccc(I)cc1,Fc1cccc(F)c1c2oncc2,CN1CCCN2CCCN=C12,CC(C)C(C=C(C(C)C)C=C1C(C)C)=C1C2=CC=CC=C2P(C(C)(C)C)C(C)(C)C,46.24961136
Clc1ccccn1,Cc1onc(C)c1,CN(C)/C(N(C)C)=N\C(C)(C)C,CC(C)C1=CC(C(C)C)=CC(C(C)C)=C1C2=C(P(C(C)(C)C)C(C)(C)C)C(OC)=CC=C2OC,57.83107149
FC(F)(F)c1ccc(Br)cc1,Cc1oncc1,CN(C)P(N(C)C)(N(C)C)=NP(N(C)C)(N(C)C)=NCC,CC(C)C(C=C(C(C)C)C=C1C(C)C)=C1C2=CC=CC=C2P(C(C)(C)C)C(C)(C)C,13.66496862
Ic1cccnc1,CCOC(=O)c1conc1,CN(C)/C(N(C)C)=N\C(C)(C)C,CC(C)C(C=C(C(C)C)C=C1C(C)C)=C1C2=CC=CC=C2P(C(C)(C)C)C(C)(C)C,3.973986769
FC(F)(F)c1ccc(Cl)cc1,Cc1onc(C)c1,CN1CCCN2CCCN=C12,CC(C)C1=CC(C(C)C)=CC(C(C)C)=C1C2=C(P(C(C)(C)C)C(C)(C)C)C(OC)=CC=C2OC,14.2414228
FC(F)(F)c1ccc(Br)cc1,COC(=O)c1cc(on1)c2sccc2,CN1CCCN2CCCN=C12,CC(C)C1=CC(C(C)C)=CC(C(C)C)=C1C2=C(P(C3CCCCC3)C4CCCCC4)C=CC=C2,26.03173318
Brc1ccccn1,COC(=O)c1oncc1,CN1CCCN2CCCN=C12,CC(C)C1=CC(C(C)C)=CC(C(C)C)=C1C2=C(P(C3CCCCC3)C4CCCCC4)C=CC=C2,19.78249574
Clc1ccccn1,o1cc2ccccc2n1,CN1CCCN2CCCN=C12,CC(C1=C(C2=C(OC)C=CC(OC)=C2P(C34CC5CC(C4)CC(C5)C3)C67CC8CC(C7)CC(C8)C6)C(C(C)C)=CC(C(C)C)=C1)C,13.55922704
Clc1cccnc1,COC(=O)c1oncc1,CN1CCCN2CCCN=C12,CC(C)C1=CC(C(C)C)=CC(C(C)C)=C1C2=C(P(C3CCCCC3)C4CCCCC4)C=CC=C2,6.131625875
FC(F)(F)c1ccc(Br)cc1,C(N(Cc1ccccc1)c2oncc2)c3ccccc3,CN(C)P(N(C)C)(N(C)C)=NP(N(C)C)(N(C)C)=NCC,CC(C)C1=CC(C(C)C)=CC(C(C)C)=C1C2=C(P(C(C)(C)C)C(C)(C)C)C(OC)=CC=C2OC,28.92940614
Clc1ccccn1,C(N(Cc1ccccc1)c2oncc2)c3ccccc3,CN(C)/C(N(C)C)=N\C(C)(C)C,CC(C)C1=CC(C(C)C)=CC(C(C)C)=C1C2=C(P(C(C)(C)C)C(C)(C)C)C(OC)=CC=C2OC,29.74076309
Brc1cccnc1,Cc1cc(on1)c2ccccc2,CN(C)P(N(C)C)(N(C)C)=NP(N(C)C)(N(C)C)=NCC,CC(C)C1=CC(C(C)C)=CC(C(C)C)=C1C2=C(P(C(C)(C)C)C(C)(C)C)C(OC)=CC=C2OC,35.33291059
COc1ccc(Br)cc1,CCOC(=O)c1onc(C)c1,CN1CCCN2CCCN=C12,CC(C)C1=CC(C(C)C)=CC(C(C)C)=C1C2=C(P(C3CCCCC3)C4CCCCC4)C=CC=C2,11.74218494
CCc1ccc(Br)cc1,Cc1onc(C)c1,CN(C)P(N(C)C)(N(C)C)=NP(N(C)C)(N(C)C)=NCC,CC(C)C1=CC(C(C)C)=CC(C(C)C)=C1C2=C(P(C3CCCCC3)C4CCCCC4)C=CC=C2,61.72597738
CCc1ccc(I)cc1,o1cc(cn1)c2ccccc2,CN(C)P(N(C)C)(N(C)C)=NP(N(C)C)(N(C)C)=NCC,CC(C)C1=CC(C(C)C)=CC(C(C)C)=C1C2=C(P(C(C)(C)C)C(C)(C)C)C(OC)=CC=C2OC,25.42117806
Clc1cccnc1,CCOC(=O)c1cnoc1C,CN(C)P(N(C)C)(N(C)C)=NP(N(C)C)(N(C)C)=NCC,CC(C)C1=CC(C(C)C)=CC(C(C)C)=C1C2=C(P(C3CCCCC3)C4CCCCC4)C=CC=C2,17.22825534
COc1ccc(I)cc1,CCOC(=O)c1cnoc1C,CN(C)/C(N(C)C)=N\C(C)(C)C,CC(C)C1=CC(C(C)C)=CC(C(C)C)=C1C2=C(P(C(C)(C)C)C(C)(C)C)C(OC)=CC=C2OC,23.04423411
Clc1ccccn1,CCOC(=O)c1onc(OC)c1,CN(C)/C(N(C)C)=N\C(C)(C)C,CC(C)C(C=C(C(C)C)C=C1C(C)C)=C1C2=CC=CC=C2P(C(C)(C)C)C(C)(C)C,61.13755675
Ic1ccccn1,Fc1cccc(F)c1c2oncc2,CN1CCCN2CCCN=C12,CC(C)C(C=C(C(C)C)C=C1C(C)C)=C1C2=CC=CC=C2P(C(C)(C)C)C(C)(C)C,82.21280375
Brc1ccccn1,CCOC(=O)c1conc1,CN1CCCN2CCCN=C12,CC(C)C(C=C(C(C)C)C=C1C(C)C)=C1C2=CC=CC=C2P(C(C)(C)C)C(C)(C)C,46.05681806
Brc1cccnc1,CCOC(=O)c1cc(C)on1,CN1CCCN2CCCN=C12,CC(C)C1=CC(C(C)C)=CC(C(C)C)=C1C2=C(P(C3CCCCC3)C4CCCCC4)C=CC=C2,32.5166032
COc1ccc(I)cc1,o1cc2ccccc2n1,CN(C)/C(N(C)C)=N\C(C)(C)C,CC(C)C1=CC(C(C)C)=CC(C(C)C)=C1C2=C(P(C3CCCCC3)C4CCCCC4)C=CC=C2,1.742923089
CCc1ccc(I)cc1,Cc1ccon1,CN1CCCN2CCCN=C12,CC(C)C1=CC(C(C)C)=CC(C(C)C)=C1C2=C(P(C(C)(C)C)C(C)(C)C)C(OC)=CC=C2OC,79.06108402
COc1ccc(Cl)cc1,Cc1ccon1,CN1CCCN2CCCN=C12,CC(C)C1=CC(C(C)C)=CC(C(C)C)=C1C2=C(P(C(C)(C)C)C(C)(C)C)C(OC)=CC=C2OC,0.354218547
FC(F)(F)c1ccc(I)cc1,o1cc(cn1)c2ccccc2,CN(C)/C(N(C)C)=N\C(C)(C)C,CC(C)C1=CC(C(C)C)=CC(C(C)C)=C1C2=C(P(C(C)(C)C)C(C)(C)C)C(OC)=CC=C2OC,44.26289513
CCc1ccc(Cl)cc1,Cc1onc(C)c1,CN(C)P(N(C)C)(N(C)C)=NP(N(C)C)(N(C)C)=NCC,CC(C)C1=CC(C(C)C)=CC(C(C)C)=C1C2=C(P(C(C)(C)C)C(C)(C)C)C(OC)=CC=C2OC,1.372286353
COc1ccc(Br)cc1,COC(=O)c1oncc1,CN(C)P(N(C)C)(N(C)C)=NP(N(C)C)(N(C)C)=NCC,CC(C)C1=CC(C(C)C)=CC(C(C)C)=C1C2=C(P(C3CCCCC3)C4CCCCC4)C=CC=C2,2.627491811
Clc1ccccn1,CCOC(=O)c1cc(C)on1,CN(C)P(N(C)C)(N(C)C)=NP(N(C)C)(N(C)C)=NCC,CC(C1=C(C2=C(OC)C=CC(OC)=C2P(C34CC5CC(C4)CC(C5)C3)C67CC8CC(C7)CC(C8)C6)C(C(C)C)=CC(C(C)C)=C1)C,64.02888238
Ic1ccccn1,Cc1onc(c1)n2cccc2,CN1CCCN2CCCN=C12,CC(C1=C(C2=C(OC)C=CC(OC)=C2P(C34CC5CC(C4)CC(C5)C3)C67CC8CC(C7)CC(C8)C6)C(C(C)C)=CC(C(C)C)=C1)C,84.70172213
FC(F)(F)c1ccc(Cl)cc1,CCOC(=O)c1cnoc1C,CN(C)/C(N(C)C)=N\C(C)(C)C,CC(C1=C(C2=C(OC)C=CC(OC)=C2P(C34CC5CC(C4)CC(C5)C3)C67CC8CC(C7)CC(C8)C6)C(C(C)C)=CC(C(C)C)=C1)C,0.0
CCc1ccc(Cl)cc1,CCOC(=O)c1ccon1,CN(C)/C(N(C)C)=N\C(C)(C)C,CC(C)C(C=C(C(C)C)C=C1C(C)C)=C1C2=CC=CC=C2P(C(C)(C)C)C(C)(C)C,2.408749938
Clc1ccccn1,CCOC(=O)c1conc1,CN(C)P(N(C)C)(N(C)C)=NP(N(C)C)(N(C)C)=NCC,CC(C1=C(C2=C(OC)C=CC(OC)=C2P(C34CC5CC(C4)CC(C5)C3)C67CC8CC(C7)CC(C8)C6)C(C(C)C)=CC(C(C)C)=C1)C,0.0
FC(F)(F)c1ccc(I)cc1,CCOC(=O)c1onc(OC)c1,CN(C)/C(N(C)C)=N\C(C)(C)C,CC(C1=C(C2=C(OC)C=CC(OC)=C2P(C34CC5CC(C4)CC(C5)C3)C67CC8CC(C7)CC(C8)C6)C(C(C)C)=CC(C(C)C)=C1)C,39.43512545
Brc1cccnc1,o1ncc2ccccc12,CN(C)/C(N(C)C)=N\C(C)(C)C,CC(C)C1=CC(C(C)C)=CC(C(C)C)=C1C2=C(P(C3CCCCC3)C4CCCCC4)C=CC=C2,5.972926182
Clc1ccccn1,Cc1onc(C)c1,CN1CCCN2CCCN=C12,CC(C)C(C=C(C(C)C)C=C1C(C)C)=C1C2=CC=CC=C2P(C(C)(C)C)C(C)(C)C,76.3025428
Ic1cccnc1,o1ccc(n1)c2ccccc2,CN1CCCN2CCCN=C12,CC(C)C1=CC(C(C)C)=CC(C(C)C)=C1C2=C(P(C(C)(C)C)C(C)(C)C)C(OC)=CC=C2OC,88.35188783
CCc1ccc(Br)cc1,o1cc(cn1)c2ccccc2,CN(C)/C(N(C)C)=N\C(C)(C)C,CC(C)C1=CC(C(C)C)=CC(C(C)C)=C1C2=C(P(C(C)(C)C)C(C)(C)C)C(OC)=CC=C2OC,36.54381967
Ic1ccccn1,C(N(Cc1ccccc1)c2oncc2)c3ccccc3,CN(C)/C(N(C)C)=N\C(C)(C)C,CC(C1=C(C2=C(OC)C=CC(OC)=C2P(C34CC5CC(C4)CC(C5)C3)C67CC8CC(C7)CC(C8)C6)C(C(C)C)=CC(C(C)C)=C1)C,56.03747384
CCc1ccc(I)cc1,CCOC(=O)c1onc(OC)c1,CN(C)P(N(C)C)(N(C)C)=NP(N(C)C)(N(C)C)=NCC,CC(C)C1=CC(C(C)C)=CC(C(C)C)=C1C2=C(P(C3CCCCC3)C4CCCCC4)C=CC=C2,64.50667156
CCc1ccc(I)cc1,o1cc2ccccc2n1,CN(C)/C(N(C)C)=N\C(C)(C)C,CC(C1=C(C2=C(OC)C=CC(OC)=C2P(C34CC5CC(C4)CC(C5)C3)C67CC8CC(C7)CC(C8)C6)C(C(C)C)=CC(C(C)C)=C1)C,16.33859929
Ic1ccccn1,COC(=O)c1cc(on1)c2sccc2,CN(C)P(N(C)C)(N(C)C)=NP(N(C)C)(N(C)C)=NCC,CC(C1=C(C2=C(OC)C=CC(OC)=C2P(C34CC5CC(C4)CC(C5)C3)C67CC8CC(C7)CC(C8)C6)C(C(C)C)=CC(C(C)C)=C1)C,66.04767415
COc1ccc(I)cc1,Cc1onc(c1)n2cccc2,CN1CCCN2CCCN=C12,CC(C)C1=CC(C(C)C)=CC(C(C)C)=C1C2=C(P(C3CCCCC3)C4CCCCC4)C=CC=C2,17.33987768
FC(F)(F)c1ccc(Cl)cc1,COC(=O)c1cc(on1)c2sccc2,CN1CCCN2CCCN=C12,CC(C)C(C=C(C(C)C)C=C1C(C)C)=C1C2=CC=CC=C2P(C(C)(C)C)C(C)(C)C,11.91198349
CCc1ccc(Br)cc1,Cc1ccon1,CN(C)/C(N(C)C)=N\C(C)(C)C,CC(C)C1=CC(C(C)C)=CC(C(C)C)=C1C2=C(P(C3CCCCC3)C4CCCCC4)C=CC=C2,50.97511306
CCc1ccc(Br)cc1,o1nccc1c2ccccc2,CN1CCCN2CCCN=C12,CC(C)C(C=C(C(C)C)C=C1C(C)C)=C1C2=CC=CC=C2P(C(C)(C)C)C(C)(C)C,81.56943098
CCc1ccc(I)cc1,o1nccc1c2ccccc2,CN1CCCN2CCCN=C12,CC(C)C1=CC(C(C)C)=CC(C(C)C)=C1C2=C(P(C3CCCCC3)C4CCCCC4)C=CC=C2,22.45064906
Ic1ccccn1,COC(=O)c1cc(on1)c2sccc2,CN1CCCN2CCCN=C12,CC(C)C1=CC(C(C)C)=CC(C(C)C)=C1C2=C(P(C(C)(C)C)C(C)(C)C)C(OC)=CC=C2OC,88.24637541
Clc1ccccn1,o1cc(cn1)c2ccccc2,CN1CCCN2CCCN=C12,CC(C)C(C=C(C(C)C)C=C1C(C)C)=C1C2=CC=CC=C2P(C(C)(C)C)C(C)(C)C,88.44637346
FC(F)(F)c1ccc(Cl)cc1,CCOC(=O)c1cc(C)on1,CN(C)P(N(C)C)(N(C)C)=NP(N(C)C)(N(C)C)=NCC,CC(C)C1=CC(C(C)C)=CC(C(C)C)=C1C2=C(P(C3CCCCC3)C4CCCCC4)C=CC=C2,22.16644806
Ic1cccnc1,Cc1onc(c1)n2cccc2,CN(C)/C(N(C)C)=N\C(C)(C)C,CC(C1=C(C2=C(OC)C=CC(OC)=C2P(C34CC5CC(C4)CC(C5)C3)C67CC8CC(C7)CC(C8)C6)C(C(C)C)=CC(C(C)C)=C1)C,62.55956501
Brc1ccccn1,Cc1onc(C)c1,CN1CCCN2CCCN=C12,CC(C)C1=CC(C(C)C)=CC(C(C)C)=C1C2=C(P(C3CCCCC3)C4CCCCC4)C=CC=C2,51.64764803
COc1ccc(Cl)cc1,Cc1cc(on1)c2ccccc2,CN(C)P(N(C)C)(N(C)C)=NP(N(C)C)(N(C)C)=NCC,CC(C)C1=CC(C(C)C)=CC(C(C)C)=C1C2=C(P(C(C)(C)C)C(C)(C)C)C(OC)=CC=C2OC,0.0
FC(F)(F)c1ccc(Cl)cc1,Cc1onc(c1)n2cccc2,CN(C)/C(N(C)C)=N\C(C)(C)C,CC(C)C(C=C(C(C)C)C=C1C(C)C)=C1C2=CC=CC=C2P(C(C)(C)C)C(C)(C)C,34.08344524
CCc1ccc(Cl)cc1,COC(=O)c1cc(on1)c2sccc2,CN1CCCN2CCCN=C12,CC(C)C1=CC(C(C)C)=CC(C(C)C)=C1C2=C(P(C(C)(C)C)C(C)(C)C)C(OC)=CC=C2OC,4.225486824
Ic1ccccn1,Cc1cc(on1)c2ccccc2,CN1CCCN2CCCN=C12,CC(C1=C(C2=C(OC)C=CC(OC)=C2P(C34CC5CC(C4)CC(C5)C3)C67CC8CC(C7)CC(C8)C6)C(C(C)C)=CC(C(C)C)=C1)C,90.64441503
FC(F)(F)c1ccc(I)cc1,CCOC(=O)c1ccon1,CN1CCCN2CCCN=C12,CC(C)C1=CC(C(C)C)=CC(C(C)C)=C1C2=C(P(C3CCCCC3)C4CCCCC4)C=CC=C2,45.90521481
COc1ccc(I)cc1,o1cc2ccccc2n1,CN1CCCN2CCCN=C12,CC(C)C1=CC(C(C)C)=CC(C(C)C)=C1C2=C(P(C3CCCCC3)C4CCCCC4)C=CC=C2,0.878081853
Clc1ccccn1,o1cc2ccccc2n1,CN(C)/C(N(C)C)=N\C(C)(C)C,CC(C)C(C=C(C(C)C)C=C1C(C)C)=C1C2=CC=CC=C2P(C(C)(C)C)C(C)(C)C,8.246523526
CCc1ccc(Cl)cc1,CCOC(=O)c1onc(C)c1,CN1CCCN2CCCN=C12,CC(C)C(C=C(C(C)C)C=C1C(C)C)=C1C2=CC=CC=C2P(C(C)(C)C)C(C)(C)C,0.646778821
FC(F)(F)c1ccc(Cl)cc1,CCOC(=O)c1cc(C)on1,CN(C)/C(N(C)C)=N\C(C)(C)C,CC(C1=C(C2=C(OC)C=CC(OC)=C2P(C34CC5CC(C4)CC(C5)C3)C67CC8CC(C7)CC(C8)C6)C(C(C)C)=CC(C(C)C)=C1)C,12.72121896
COc1ccc(I)cc1,o1cc2ccccc2n1,CN(C)/C(N(C)C)=N\C(C)(C)C,CC(C1=C(C2=C(OC)C=CC(OC)=C2P(C34CC5CC(C4)CC(C5)C3)C67CC8CC(C7)CC(C8)C6)C(C(C)C)=CC(C(C)C)=C1)C,6.894237827
COc1ccc(Br)cc1,CCOC(=O)c1cc(C)on1,CN(C)P(N(C)C)(N(C)C)=NP(N(C)C)(N(C)C)=NCC,CC(C1=C(C2=C(OC)C=CC(OC)=C2P(C34CC5CC(C4)CC(C5)C3)C67CC8CC(C7)CC(C8)C6)C(C(C)C)=CC(C(C)C)=C1)C,47.71300168
FC(F)(F)c1ccc(Cl)cc1,Fc1cccc(F)c1c2oncc2,CN(C)/C(N(C)C)=N\C(C)(C)C,CC(C)C1=CC(C(C)C)=CC(C(C)C)=C1C2=C(P(C3CCCCC3)C4CCCCC4)C=CC=C2,11.31960299
FC(F)(F)c1ccc(Br)cc1,CCOC(=O)c1cnoc1C,CN(C)/C(N(C)C)=N\C(C)(C)C,CC(C)C1=CC(C(C)C)=CC(C(C)C)=C1C2=C(P(C3CCCCC3)C4CCCCC4)C=CC=C2,9.795326165
Brc1cccnc1,Cc1onc(C)c1,CN1CCCN2CCCN=C12,CC(C)C(C=C(C(C)C)C=C1C(C)C)=C1C2=CC=CC=C2P(C(C)(C)C)C(C)(C)C,78.61845192
Clc1ccccn1,o1cc2ccccc2n1,CN1CCCN2CCCN=C12,CC(C)C1=CC(C(C)C)=CC(C(C)C)=C1C2=C(P(C(C)(C)C)C(C)(C)C)C(OC)=CC=C2OC,21.81045338
CCc1ccc(Cl)cc1,CCOC(=O)c1cnoc1C,CN(C)P(N(C)C)(N(C)C)=NP(N(C)C)(N(C)C)=NCC,CC(C1=C(C2=C(OC)C=CC(OC)=C2P(C34CC5CC(C4)CC(C5)C3)C67CC8CC(C7)CC(C8)C6)C(C(C)C)=CC(C(C)C)=C1)C,1.582170389
COc1ccc(Cl)cc1,COC(=O)c1cc(on1)c2sccc2,CN1CCCN2CCCN=C12,CC(C)C(C=C(C(C)C)C=C1C(C)C)=C1C2=CC=CC=C2P(C(C)(C)C)C(C)(C)C,0.381599662
Ic1ccccn1,CCOC(=O)c1conc1,CN(C)P(N(C)C)(N(C)C)=NP(N(C)C)(N(C)C)=NCC,CC(C)C(C=C(C(C)C)C=C1C(C)C)=C1C2=CC=CC=C2P(C(C)(C)C)C(C)(C)C,10.03634536
FC(F)(F)c1ccc(Cl)cc1,Cc1onc(C)c1,CN(C)/C(N(C)C)=N\C(C)(C)C,CC(C)C1=CC(C(C)C)=CC(C(C)C)=C1C2=C(P(C(C)(C)C)C(C)(C)C)C(OC)=CC=C2OC,16.06858475
CCc1ccc(Br)cc1,COC(=O)c1oncc1,CN(C)P(N(C)C)(N(C)C)=NP(N(C)C)(N(C)C)=NCC,CC(C)C1=CC(C(C)C)=CC(C(C)C)=C1C2=C(P(C3CCCCC3)C4CCCCC4)C=CC=C2,8.653540466
FC(F)(F)c1ccc(Br)cc1,COC(=O)c1cc(on1)c2occc2,CN1CCCN2CCCN=C12,CC(C)C1=CC(C(C)C)=CC(C(C)C)=C1C2=C(P(C3CCCCC3)C4CCCCC4)C=CC=C2,19.02499104
FC(F)(F)c1ccc(Cl)cc1,Fc1cccc(F)c1c2oncc2,CN(C)P(N(C)C)(N(C)C)=NP(N(C)C)(N(C)C)=NCC,CC(C1=C(C2=C(OC)C=CC(OC)=C2P(C34CC5CC(C4)CC(C5)C3)C67CC8CC(C7)CC(C8)C6)C(C(C)C)=CC(C(C)C)=C1)C,10.47269891
Brc1cccnc1,C(N(Cc1ccccc1)c2ccon2)c3ccccc3,CN(C)/C(N(C)C)=N\C(C)(C)C,CC(C)C1=CC(C(C)C)=CC(C(C)C)=C1C2=C(P(C(C)(C)C)C(C)(C)C)C(OC)=CC=C2OC,59.47851607
Ic1ccccn1,COC(=O)c1oncc1,CN(C)/C(N(C)C)=N\C(C)(C)C,CC(C)C(C=C(C(C)C)C=C1C(C)C)=C1C2=CC=CC=C2P(C(C)(C)C)C(C)(C)C,57.95225277
FC(F)(F)c1ccc(I)cc1,CCOC(=O)c1cnoc1C,CN(C)/C(N(C)C)=N\C(C)(C)C,CC(C)C1=CC(C(C)C)=CC(C(C)C)=C1C2=C(P(C(C)(C)C)C(C)(C)C)C(OC)=CC=C2OC,21.43045359
Brc1ccccn1,C(N(Cc1ccccc1)c2oncc2)c3ccccc3,CN(C)/C(N(C)C)=N\C(C)(C)C,CC(C)C1=CC(C(C)C)=CC(C(C)C)=C1C2=C(P(C3CCCCC3)C4CCCCC4)C=CC=C2,36.25474039
FC(F)(F)c1ccc(Br)cc1,o1cc2ccccc2n1,CN(C)/C(N(C)C)=N\C(C)(C)C,CC(C1=C(C2=C(OC)C=CC(OC)=C2P(C34CC5CC(C4)CC(C5)C3)C67CC8CC(C7)CC(C8)C6)C(C(C)C)=CC(C(C)C)=C1)C,3.160193721
FC(F)(F)c1ccc(I)cc1,Cc1onc(C)c1,CN1CCCN2CCCN=C12,CC(C)C1=CC(C(C)C)=CC(C(C)C)=C1C2=C(P(C3CCCCC3)C4CCCCC4)C=CC=C2,42.53147932
FC(F)(F)c1ccc(I)cc1,Cc1onc(C)c1,CN(C)/C(N(C)C)=N\C(C)(C)C,CC(C)C1=CC(C(C)C)=CC(C(C)C)=C1C2=C(P(C(C)(C)C)C(C)(C)C)C(OC)=CC=C2OC,36.38014621
Brc1ccccn1,Cc1cc(on1)c2ccccc2,CN1CCCN2CCCN=C12,CC(C)C1=CC(C(C)C)=CC(C(C)C)=C1C2=C(P(C(C)(C)C)C(C)(C)C)C(OC)=CC=C2OC,84.33974431
Clc1ccccn1,CCOC(=O)c1onc(OC)c1,CN(C)/C(N(C)C)=N\C(C)(C)C,CC(C)C1=CC(C(C)C)=CC(C(C)C)=C1C2=C(P(C3CCCCC3)C4CCCCC4)C=CC=C2,24.95662893
Brc1cccnc1,o1cc(cn1)c2ccccc2,CN(C)P(N(C)C)(N(C)C)=NP(N(C)C)(N(C)C)=NCC,CC(C1=C(C2=C(OC)C=CC(OC)=C2P(C34CC5CC(C4)CC(C5)C3)C67CC8CC(C7)CC(C8)C6)C(C(C)C)=CC(C(C)C)=C1)C,71.41375314
FC(F)(F)c1ccc(Cl)cc1,C(N(Cc1ccccc1)c2ccon2)c3ccccc3,CN(C)P(N(C)C)(N(C)C)=NP(N(C)C)(N(C)C)=NCC,CC(C1=C(C2=C(OC)C=CC(OC)=C2P(C34CC5CC(C4)CC(C5)C3)C67CC8CC(C7)CC(C8)C6)C(C(C)C)=CC(C(C)C)=C1)C,4.618730656
Brc1ccccn1,CCOC(=O)c1onc(OC)c1,CN(C)/C(N(C)C)=N\C(C)(C)C,CC(C1=C(C2=C(OC)C=CC(OC)=C2P(C34CC5CC(C4)CC(C5)C3)C67CC8CC(C7)CC(C8)C6)C(C(C)C)=CC(C(C)C)=C1)C,36.62142901
FC(F)(F)c1ccc(Cl)cc1,C(N(Cc1ccccc1)c2ccon2)c3ccccc3,CN1CCCN2CCCN=C12,CC(C)C1=CC(C(C)C)=CC(C(C)C)=C1C2=C(P(C3CCCCC3)C4CCCCC4)C=CC=C2,12.69227905
FC(F)(F)c1ccc(I)cc1,o1ccc(n1)c2ccccc2,CN1CCCN2CCCN=C12,CC(C)C(C=C(C(C)C)C=C1C(C)C)=C1C2=CC=CC=C2P(C(C)(C)C)C(C)(C)C,50.27132659
Brc1ccccn1,CCOC(=O)c1onc(OC)c1,CN(C)P(N(C)C)(N(C)C)=NP(N(C)C)(N(C)C)=NCC,CC(C)C(C=C(C(C)C)C=C1C(C)C)=C1C2=CC=CC=C2P(C(C)(C)C)C(C)(C)C,70.25926715
Clc1ccccn1,CCOC(=O)c1cc(C)on1,CN(C)P(N(C)C)(N(C)C)=NP(N(C)C)(N(C)C)=NCC,CC(C)C(C=C(C(C)C)C=C1C(C)C)=C1C2=CC=CC=C2P(C(C)(C)C)C(C)(C)C,56.83280355
Brc1cccnc1,o1ccc(n1)c2ccccc2,CN(C)P(N(C)C)(N(C)C)=NP(N(C)C)(N(C)C)=NCC,CC(C)C(C=C(C(C)C)C=C1C(C)C)=C1C2=CC=CC=C2P(C(C)(C)C)C(C)(C)C,1.57607478
COc1ccc(Cl)cc1,COC(=O)c1cc(on1)c2sccc2,CN1CCCN2CCCN=C12,CC(C1=C(C2=C(OC)C=CC(OC)=C2P(C34CC5CC(C4)CC(C5)C3)C67CC8CC(C7)CC(C8)C6)C(C(C)C)=CC(C(C)C)=C1)C,0.0
CCc1ccc(Cl)cc1,o1cc2ccccc2n1,CN1CCCN2CCCN=C12,CC(C)C1=CC(C(C)C)=CC(C(C)C)=C1C2=C(P(C3CCCCC3)C4CCCCC4)C=CC=C2,0.0
Ic1cccnc1,COC(=O)c1cc(on1)c2sccc2,CN(C)P(N(C)C)(N(C)C)=NP(N(C)C)(N(C)C)=NCC,CC(C)C1=CC(C(C)C)=CC(C(C)C)=C1C2=C(P(C3CCCCC3)C4CCCCC4)C=CC=C2,21.33105034
COc1ccc(I)cc1,CCOC(=O)c1conc1,CN(C)/C(N(C)C)=N\C(C)(C)C,CC(C1=C(C2=C(OC)C=CC(OC)=C2P(C34CC5CC(C4)CC(C5)C3)C67CC8CC(C7)CC(C8)C6)C(C(C)C)=CC(C(C)C)=C1)C,0.974444275
FC(F)(F)c1ccc(I)cc1,C(N(Cc1ccccc1)c2ccon2)c3ccccc3,CN(C)/C(N(C)C)=N\C(C)(C)C,CC(C)C1=CC(C(C)C)=CC(C(C)C)=C1C2=C(P(C(C)(C)C)C(C)(C)C)C(OC)=CC=C2OC,36.76661903
Ic1cccnc1,Cc1onc(C)c1,CN1CCCN2CCCN=C12,CC(C)C1=CC(C(C)C)=CC(C(C)C)=C1C2=C(P(C3CCCCC3)C4CCCCC4)C=CC=C2,47.66948987
COc1ccc(I)cc1,Cc1ccon1,CN1CCCN2CCCN=C12,CC(C1=C(C2=C(OC)C=CC(OC)=C2P(C34CC5CC(C4)CC(C5)C3)C67CC8CC(C7)CC(C8)C6)C(C(C)C)=CC(C(C)C)=C1)C,53.33497035
FC(F)(F)c1ccc(Br)cc1,CCOC(=O)c1ccon1,CN(C)P(N(C)C)(N(C)C)=NP(N(C)C)(N(C)C)=NCC,CC(C)C1=CC(C(C)C)=CC(C(C)C)=C1C2=C(P(C(C)(C)C)C(C)(C)C)C(OC)=CC=C2OC,0.0
FC(F)(F)c1ccc(I)cc1,Cc1ccon1,CN1CCCN2CCCN=C12,CC(C1=C(C2=C(OC)C=CC(OC)=C2P(C34CC5CC(C4)CC(C5)C3)C67CC8CC(C7)CC(C8)C6)C(C(C)C)=CC(C(C)C)=C1)C,55.56585889
Ic1ccccn1,C(N(Cc1ccccc1)c2ccon2)c3ccccc3,CN(C)P(N(C)C)(N(C)C)=NP(N(C)C)(N(C)C)=NCC,CC(C)C1=CC(C(C)C)=CC(C(C)C)=C1C2=C(P(C3CCCCC3)C4CCCCC4)C=CC=C2,19.12358264
FC(F)(F)c1ccc(I)cc1,Cc1onc(C)c1,CN(C)P(N(C)C)(N(C)C)=NP(N(C)C)(N(C)C)=NCC,CC(C)C1=CC(C(C)C)=CC(C(C)C)=C1C2=C(P(C3CCCCC3)C4CCCCC4)C=CC=C2,37.38354754
FC(F)(F)c1ccc(I)cc1,COC(=O)c1cc(on1)c2occc2,CN1CCCN2CCCN=C12,CC(C1=C(C2=C(OC)C=CC(OC)=C2P(C34CC5CC(C4)CC(C5)C3)C67CC8CC(C7)CC(C8)C6)C(C(C)C)=CC(C(C)C)=C1)C,40.21154517
Clc1cccnc1,o1cc2ccccc2n1,CN(C)P(N(C)C)(N(C)C)=NP(N(C)C)(N(C)C)=NCC,CC(C)C1=CC(C(C)C)=CC(C(C)C)=C1C2=C(P(C(C)(C)C)C(C)(C)C)C(OC)=CC=C2OC,6.968372781
COc1ccc(Cl)cc1,Cc1cc(on1)c2ccccc2,CN(C)/C(N(C)C)=N\C(C)(C)C,CC(C)C1=CC(C(C)C)=CC(C(C)C)=C1C2=C(P(C(C)(C)C)C(C)(C)C)C(OC)=CC=C2OC,0.0
FC(F)(F)c1ccc(Cl)cc1,C(N(Cc1ccccc1)c2ccon2)c3ccccc3,CN1CCCN2CCCN=C12,CC(C)C1=CC(C(C)C)=CC(C(C)C)=C1C2=C(P(C(C)(C)C)C(C)(C)C)C(OC)=CC=C2OC,29.60669897
Ic1ccccn1,CCOC(=O)c1onc(OC)c1,CN1CCCN2CCCN=C12,CC(C1=C(C2=C(OC)C=CC(OC)=C2P(C34CC5CC(C4)CC(C5)C3)C67CC8CC(C7)CC(C8)C6)C(C(C)C)=CC(C(C)C)=C1)C,92.11972779
Clc1ccccn1,Fc1cccc(F)c1c2oncc2,CN(C)P(N(C)C)(N(C)C)=NP(N(C)C)(N(C)C)=NCC,CC(C)C1=CC(C(C)C)=CC(C(C)C)=C1C2=C(P(C3CCCCC3)C4CCCCC4)C=CC=C2,12.25099464
Ic1cccnc1,C(N(Cc1ccccc1)c2oncc2)c3ccccc3,CN1CCCN2CCCN=C12,CC(C)C(C=C(C(C)C)C=C1C(C)C)=C1C2=CC=CC=C2P(C(C)(C)C)C(C)(C)C,80.67857489
Brc1ccccn1,Cc1cc(on1)c2ccccc2,CN1CCCN2CCCN=C12,CC(C1=C(C2=C(OC)C=CC(OC)=C2P(C34CC5CC(C4)CC(C5)C3)C67CC8CC(C7)CC(C8)C6)C(C(C)C)=CC(C(C)C)=C1)C,82.64502167
COc1ccc(Br)cc1,o1ccc(n1)c2ccccc2,CN1CCCN2CCCN=C12,CC(C)C1=CC(C(C)C)=CC(C(C)C)=C1C2=C(P(C(C)(C)C)C(C)(C)C)C(OC)=CC=C2OC,34.83452753
CCc1ccc(I)cc1,o1nccc1c2ccccc2,CN(C)P(N(C)C)(N(C)C)=NP(N(C)C)(N(C)C)=NCC,CC(C)C(C=C(C(C)C)C=C1C(C)C)=C1C2=CC=CC=C2P(C(C)(C)C)C(C)(C)C,26.6748995
Ic1ccccn1,Cc1onc(c1)n2cccc2,CN(C)P(N(C)C)(N(C)C)=NP(N(C)C)(N(C)C)=NCC,CC(C1=C(C2=C(OC)C=CC(OC)=C2P(C34CC5CC(C4)CC(C5)C3)C67CC8CC(C7)CC(C8)C6)C(C(C)C)=CC(C(C)C)=C1)C,83.44233536
Ic1cccnc1,o1cc(cn1)c2ccccc2,CN1CCCN2CCCN=C12,CC(C)C1=CC(C(C)C)=CC(C(C)C)=C1C2=C(P(C(C)(C)C)C(C)(C)C)C(OC)=CC=C2OC,88.40427326
Clc1cccnc1,Cc1cc(on1)c2ccccc2,CN1CCCN2CCCN=C12,CC(C)C(C=C(C(C)C)C=C1C(C)C)=C1C2=CC=CC=C2P(C(C)(C)C)C(C)(C)C,33.61928283
Brc1cccnc1,o1cc(cn1)c2ccccc2,CN1CCCN2CCCN=C12,CC(C)C(C=C(C(C)C)C=C1C(C)C)=C1C2=CC=CC=C2P(C(C)(C)C)C(C)(C)C,94.34623373
Ic1cccnc1,COC(=O)c1cc(on1)c2sccc2,CN(C)P(N(C)C)(N(C)C)=NP(N(C)C)(N(C)C)=NCC,CC(C)C1=CC(C(C)C)=CC(C(C)C)=C1C2=C(P(C(C)(C)C)C(C)(C)C)C(OC)=CC=C2OC,50.40479784
FC(F)(F)c1ccc(I)cc1,o1ncc2ccccc12,CN1CCCN2CCCN=C12,CC(C1=C(C2=C(OC)C=CC(OC)=C2P(C34CC5CC(C4)CC(C5)C3)C67CC8CC(C7)CC(C8)C6)C(C(C)C)=CC(C(C)C)=C1)C,47.13760632
Clc1ccccn1,CCOC(=O)c1cc(C)on1,CN1CCCN2CCCN=C12,CC(C)C(C=C(C(C)C)C=C1C(C)C)=C1C2=CC=CC=C2P(C(C)(C)C)C(C)(C)C,84.85609846
FC(F)(F)c1ccc(Cl)cc1,CCOC(=O)c1onc(C)c1,CN1CCCN2CCCN=C12,CC(C)C1=CC(C(C)C)=CC(C(C)C)=C1C2=C(P(C3CCCCC3)C4CCCCC4)C=CC=C2,4.820162197
CCc1ccc(Br)cc1,o1ncc2ccccc12,CN(C)/C(N(C)C)=N\C(C)(C)C,CC(C1=C(C2=C(OC)C=CC(OC)=C2P(C34CC5CC(C4)CC(C5)C3)C67CC8CC(C7)CC(C8)C6)C(C(C)C)=CC(C(C)C)=C1)C,28.39783953
COc1ccc(I)cc1,CCOC(=O)c1cc(C)on1,CN1CCCN2CCCN=C12,CC(C)C1=CC(C(C)C)=CC(C(C)C)=C1C2=C(P(C(C)(C)C)C(C)(C)C)C(OC)=CC=C2OC,45.98211557
COc1ccc(Br)cc1,Cc1onc(c1)n2cccc2,CN(C)/C(N(C)C)=N\C(C)(C)C,CC(C)C1=CC(C(C)C)=CC(C(C)C)=C1C2=C(P(C3CCCCC3)C4CCCCC4)C=CC=C2,14.42253285
Clc1ccccn1,CCOC(=O)c1cnoc1C,CN(C)/C(N(C)C)=N\C(C)(C)C,CC(C)C1=CC(C(C)C)=CC(C(C)C)=C1C2=C(P(C(C)(C)C)C(C)(C)C)C(OC)=CC=C2OC,9.836570629
COc1ccc(I)cc1,CCOC(=O)c1onc(OC)c1,CN1CCCN2CCCN=C12,CC(C1=C(C2=C(OC)C=CC(OC)=C2P(C34CC5CC(C4)CC(C5)C3)C67CC8CC(C7)CC(C8)C6)C(C(C)C)=CC(C(C)C)=C1)C,49.75811265
FC(F)(F)c1ccc(Br)cc1,Cc1onc(c1)n2cccc2,CN(C)P(N(C)C)(N(C)C)=NP(N(C)C)(N(C)C)=NCC,CC(C)C1=CC(C(C)C)=CC(C(C)C)=C1C2=C(P(C(C)(C)C)C(C)(C)C)C(OC)=CC=C2OC,24.23482722
CCc1ccc(Cl)cc1,CCOC(=O)c1cc(C)on1,CN1CCCN2CCCN=C12,CC(C)C1=CC(C(C)C)=CC(C(C)C)=C1C2=C(P(C(C)(C)C)C(C)(C)C)C(OC)=CC=C2OC,0.0
COc1ccc(I)cc1,Cc1onc(C)c1,CN(C)/C(N(C)C)=N\C(C)(C)C,CC(C)C(C=C(C(C)C)C=C1C(C)C)=C1C2=CC=CC=C2P(C(C)(C)C)C(C)(C)C,40.32887688
Ic1cccnc1,Fc1cccc(F)c1c2oncc2,CN1CCCN2CCCN=C12,CC(C)C1=CC(C(C)C)=CC(C(C)C)=C1C2=C(P(C3CCCCC3)C4CCCCC4)C=CC=C2,16.38360507
COc1ccc(Cl)cc1,CCOC(=O)c1conc1,CN(C)/C(N(C)C)=N\C(C)(C)C,CC(C)C1=CC(C(C)C)=CC(C(C)C)=C1C2=C(P(C3CCCCC3)C4CCCCC4)C=CC=C2,0.0
Brc1ccccn1,o1ccc(n1)c2ccccc2,CN(C)P(N(C)C)(N(C)C)=NP(N(C)C)(N(C)C)=NCC,CC(C)C1=CC(C(C)C)=CC(C(C)C)=C1C2=C(P(C3CCCCC3)C4CCCCC4)C=CC=C2,12.24156469
Ic1cccnc1,CCOC(=O)c1conc1,CN1CCCN2CCCN=C12,CC(C)C(C=C(C(C)C)C=C1C(C)C)=C1C2=CC=CC=C2P(C(C)(C)C)C(C)(C)C,33.8132368
Ic1ccccn1,Cc1oncc1,CN1CCCN2CCCN=C12,CC(C)C(C=C(C(C)C)C=C1C(C)C)=C1C2=CC=CC=C2P(C(C)(C)C)C(C)(C)C,79.52732954
Ic1ccccn1,CCOC(=O)c1ccon1,CN(C)/C(N(C)C)=N\C(C)(C)C,CC(C)C1=CC(C(C)C)=CC(C(C)C)=C1C2=C(P(C3CCCCC3)C4CCCCC4)C=CC=C2,40.9724255
CCc1ccc(Cl)cc1,o1ccc(n1)c2ccccc2,CN(C)/C(N(C)C)=N\C(C)(C)C,CC(C)C1=CC(C(C)C)=CC(C(C)C)=C1C2=C(P(C(C)(C)C)C(C)(C)C)C(OC)=CC=C2OC,2.461539411
Brc1ccccn1,COC(=O)c1cc(on1)c2sccc2,CN1CCCN2CCCN=C12,CC(C)C1=CC(C(C)C)=CC(C(C)C)=C1C2=C(P(C3CCCCC3)C4CCCCC4)C=CC=C2,45.98390905
Clc1cccnc1,C(N(Cc1ccccc1)c2oncc2)c3ccccc3,CN(C)P(N(C)C)(N(C)C)=NP(N(C)C)(N(C)C)=NCC,CC(C1=C(C2=C(OC)C=CC(OC)=C2P(C34CC5CC(C4)CC(C5)C3)C67CC8CC(C7)CC(C8)C6)C(C(C)C)=CC(C(C)C)=C1)C,16.74814495
CCc1ccc(Cl)cc1,o1ncc2ccccc12,CN1CCCN2CCCN=C12,CC(C)C1=CC(C(C)C)=CC(C(C)C)=C1C2=C(P(C(C)(C)C)C(C)(C)C)C(OC)=CC=C2OC,13.45243807
CCc1ccc(I)cc1,Cc1onc(C)c1,CN(C)/C(N(C)C)=N\C(C)(C)C,CC(C)C1=CC(C(C)C)=CC(C(C)C)=C1C2=C(P(C(C)(C)C)C(C)(C)C)C(OC)=CC=C2OC,65.19833527
CCc1ccc(Cl)cc1,o1nccc1c2ccccc2,CN1CCCN2CCCN=C12,CC(C)C1=CC(C(C)C)=CC(C(C)C)=C1C2=C(P(C3CCCCC3)C4CCCCC4)C=CC=C2,3.920306162
CCc1ccc(Br)cc1,Fc1cccc(F)c1c2oncc2,CN(C)/C(N(C)C)=N\C(C)(C)C,CC(C)C(C=C(C(C)C)C=C1C(C)C)=C1C2=CC=CC=C2P(C(C)(C)C)C(C)(C)C,55.96431027
FC(F)(F)c1ccc(Cl)cc1,CCOC(=O)c1onc(OC)c1,CN(C)/C(N(C)C)=N\C(C)(C)C,CC(C)C(C=C(C(C)C)C=C1C(C)C)=C1C2=CC=CC=C2P(C(C)(C)C)C(C)(C)C,21.83853262
COc1ccc(I)cc1,C(N(Cc1ccccc1)c2oncc2)c3ccccc3,CN1CCCN2CCCN=C12,CC(C)C1=CC(C(C)C)=CC(C(C)C)=C1C2=C(P(C3CCCCC3)C4CCCCC4)C=CC=C2,0.0
COc1ccc(Cl)cc1,o1ncc2ccccc12,CN1CCCN2CCCN=C12,CC(C)C(C=C(C(C)C)C=C1C(C)C)=C1C2=CC=CC=C2P(C(C)(C)C)C(C)(C)C,1.858400826
FC(F)(F)c1ccc(I)cc1,Cc1onc(c1)n2cccc2,CN1CCCN2CCCN=C12,CC(C)C1=CC(C(C)C)=CC(C(C)C)=C1C2=C(P(C3CCCCC3)C4CCCCC4)C=CC=C2,38.74519603
CCc1ccc(Br)cc1,o1cc(cn1)c2ccccc2,CN1CCCN2CCCN=C12,CC(C1=C(C2=C(OC)C=CC(OC)=C2P(C34CC5CC(C4)CC(C5)C3)C67CC8CC(C7)CC(C8)C6)C(C(C)C)=CC(C(C)C)=C1)C,49.40490981
FC(F)(F)c1ccc(Br)cc1,COC(=O)c1oncc1,CN(C)P(N(C)C)(N(C)C)=NP(N(C)C)(N(C)C)=NCC,CC(C)C1=CC(C(C)C)=CC(C(C)C)=C1C2=C(P(C(C)(C)C)C(C)(C)C)C(OC)=CC=C2OC,8.368171473
FC(F)(F)c1ccc(I)cc1,o1cc2ccccc2n1,CN(C)P(N(C)C)(N(C)C)=NP(N(C)C)(N(C)C)=NCC,CC(C)C1=CC(C(C)C)=CC(C(C)C)=C1C2=C(P(C3CCCCC3)C4CCCCC4)C=CC=C2,9.109122278
FC(F)(F)c1ccc(Br)cc1,C(N(Cc1ccccc1)c2ccon2)c3ccccc3,CN(C)P(N(C)C)(N(C)C)=NP(N(C)C)(N(C)C)=NCC,CC(C)C(C=C(C(C)C)C=C1C(C)C)=C1C2=CC=CC=C2P(C(C)(C)C)C(C)(C)C,36.56526068
Clc1ccccn1,CCOC(=O)c1cnoc1C,CN1CCCN2CCCN=C12,CC(C)C1=CC(C(C)C)=CC(C(C)C)=C1C2=C(P(C(C)(C)C)C(C)(C)C)C(OC)=CC=C2OC,49.94868445
FC(F)(F)c1ccc(I)cc1,C(N(Cc1ccccc1)c2ccon2)c3ccccc3,CN(C)P(N(C)C)(N(C)C)=NP(N(C)C)(N(C)C)=NCC,CC(C)C1=CC(C(C)C)=CC(C(C)C)=C1C2=C(P(C(C)(C)C)C(C)(C)C)C(OC)=CC=C2OC,36.31466019
COc1ccc(Br)cc1,o1ncc2ccccc12,CN1CCCN2CCCN=C12,CC(C1=C(C2=C(OC)C=CC(OC)=C2P(C34CC5CC(C4)CC(C5)C3)C67CC8CC(C7)CC(C8)C6)C(C(C)C)=CC(C(C)C)=C1)C,32.71728338
CCc1ccc(Br)cc1,CCOC(=O)c1conc1,CN(C)P(N(C)C)(N(C)C)=NP(N(C)C)(N(C)C)=NCC,CC(C)C1=CC(C(C)C)=CC(C(C)C)=C1C2=C(P(C3CCCCC3)C4CCCCC4)C=CC=C2,0.0
FC(F)(F)c1ccc(Cl)cc1,o1cc(cn1)c2ccccc2,CN(C)P(N(C)C)(N(C)C)=NP(N(C)C)(N(C)C)=NCC,CC(C)C(C=C(C(C)C)C=C1C(C)C)=C1C2=CC=CC=C2P(C(C)(C)C)C(C)(C)C,14.56538038
CCc1ccc(I)cc1,C(N(Cc1ccccc1)c2ccon2)c3ccccc3,CN(C)/C(N(C)C)=N\C(C)(C)C,CC(C)C(C=C(C(C)C)C=C1C(C)C)=C1C2=CC=CC=C2P(C(C)(C)C)C(C)(C)C,59.81582481
Brc1cccnc1,CCOC(=O)c1onc(OC)c1,CN(C)P(N(C)C)(N(C)C)=NP(N(C)C)(N(C)C)=NCC,CC(C1=C(C2=C(OC)C=CC(OC)=C2P(C34CC5CC(C4)CC(C5)C3)C67CC8CC(C7)CC(C8)C6)C(C(C)C)=CC(C(C)C)=C1)C,47.89881593
Clc1ccccn1,o1ccc(n1)c2ccccc2,CN(C)P(N(C)C)(N(C)C)=NP(N(C)C)(N(C)C)=NCC,CC(C)C(C=C(C(C)C)C=C1C(C)C)=C1C2=CC=CC=C2P(C(C)(C)C)C(C)(C)C,52.85443039
CCc1ccc(Br)cc1,o1nccc1c2ccccc2,CN(C)P(N(C)C)(N(C)C)=NP(N(C)C)(N(C)C)=NCC,CC(C1=C(C2=C(OC)C=CC(OC)=C2P(C34CC5CC(C4)CC(C5)C3)C67CC8CC(C7)CC(C8)C6)C(C(C)C)=CC(C(C)C)=C1)C,19.90273024
FC(F)(F)c1ccc(Br)cc1,C(N(Cc1ccccc1)c2ccon2)c3ccccc3,CN(C)P(N(C)C)(N(C)C)=NP(N(C)C)(N(C)C)=NCC,CC(C1=C(C2=C(OC)C=CC(OC)=C2P(C34CC5CC(C4)CC(C5)C3)C67CC8CC(C7)CC(C8)C6)C(C(C)C)=CC(C(C)C)=C1)C,15.74680272
CCc1ccc(Cl)cc1,o1cc2ccccc2n1,CN1CCCN2CCCN=C12,CC(C)C1=CC(C(C)C)=CC(C(C)C)=C1C2=C(P(C(C)(C)C)C(C)(C)C)C(OC)=CC=C2OC,3.20619178
COc1ccc(Br)cc1,Cc1oncc1,CN1CCCN2CCCN=C12,CC(C1=C(C2=C(OC)C=CC(OC)=C2P(C34CC5CC(C4)CC(C5)C3)C67CC8CC(C7)CC(C8)C6)C(C(C)C)=CC(C(C)C)=C1)C,42.90896956
COc1ccc(Br)cc1,o1cc(cn1)c2ccccc2,CN(C)/C(N(C)C)=N\C(C)(C)C,CC(C)C1=CC(C(C)C)=CC(C(C)C)=C1C2=C(P(C(C)(C)C)C(C)(C)C)C(OC)=CC=C2OC,11.31352123
FC(F)(F)c1ccc(I)cc1,Fc1cccc(F)c1c2oncc2,CN1CCCN2CCCN=C12,CC(C)C1=CC(C(C)C)=CC(C(C)C)=C1C2=C(P(C3CCCCC3)C4CCCCC4)C=CC=C2,24.0555231
FC(F)(F)c1ccc(Br)cc1,o1ccc(n1)c2ccccc2,CN1CCCN2CCCN=C12,CC(C)C1=CC(C(C)C)=CC(C(C)C)=C1C2=C(P(C3CCCCC3)C4CCCCC4)C=CC=C2,40.07198822
Clc1ccccn1,CCOC(=O)c1cc(C)on1,CN(C)/C(N(C)C)=N\C(C)(C)C,CC(C)C1=CC(C(C)C)=CC(C(C)C)=C1C2=C(P(C3CCCCC3)C4CCCCC4)C=CC=C2,31.61725517
Clc1cccnc1,o1nccc1c2ccccc2,CN(C)P(N(C)C)(N(C)C)=NP(N(C)C)(N(C)C)=NCC,CC(C1=C(C2=C(OC)C=CC(OC)=C2P(C34CC5CC(C4)CC(C5)C3)C67CC8CC(C7)CC(C8)C6)C(C(C)C)=CC(C(C)C)=C1)C,7.938107708
Ic1cccnc1,CCOC(=O)c1onc(OC)c1,CN(C)P(N(C)C)(N(C)C)=NP(N(C)C)(N(C)C)=NCC,CC(C1=C(C2=C(OC)C=CC(OC)=C2P(C34CC5CC(C4)CC(C5)C3)C67CC8CC(C7)CC(C8)C6)C(C(C)C)=CC(C(C)C)=C1)C,61.03423565
Brc1ccccn1,Cc1oncc1,CN(C)P(N(C)C)(N(C)C)=NP(N(C)C)(N(C)C)=NCC,CC(C1=C(C2=C(OC)C=CC(OC)=C2P(C34CC5CC(C4)CC(C5)C3)C67CC8CC(C7)CC(C8)C6)C(C(C)C)=CC(C(C)C)=C1)C,21.75875381
CCc1ccc(Br)cc1,COC(=O)c1cc(on1)c2occc2,CN(C)P(N(C)C)(N(C)C)=NP(N(C)C)(N(C)C)=NCC,CC(C)C1=CC(C(C)C)=CC(C(C)C)=C1C2=C(P(C(C)(C)C)C(C)(C)C)C(OC)=CC=C2OC,63.52683766
FC(F)(F)c1ccc(I)cc1,COC(=O)c1cc(on1)c2occc2,CN(C)P(N(C)C)(N(C)C)=NP(N(C)C)(N(C)C)=NCC,CC(C)C1=CC(C(C)C)=CC(C(C)C)=C1C2=C(P(C3CCCCC3)C4CCCCC4)C=CC=C2,38.88169758
CCc1ccc(Cl)cc1,Cc1onc(c1)n2cccc2,CN(C)P(N(C)C)(N(C)C)=NP(N(C)C)(N(C)C)=NCC,CC(C1=C(C2=C(OC)C=CC(OC)=C2P(C34CC5CC(C4)CC(C5)C3)C67CC8CC(C7)CC(C8)C6)C(C(C)C)=CC(C(C)C)=C1)C,1.743650282
Ic1cccnc1,CCOC(=O)c1onc(C)c1,CN1CCCN2CCCN=C12,CC(C)C1=CC(C(C)C)=CC(C(C)C)=C1C2=C(P(C3CCCCC3)C4CCCCC4)C=CC=C2,46.01420049
CCc1ccc(Cl)cc1,CCOC(=O)c1onc(OC)c1,CN(C)/C(N(C)C)=N\C(C)(C)C,CC(C)C1=CC(C(C)C)=CC(C(C)C)=C1C2=C(P(C(C)(C)C)C(C)(C)C)C(OC)=CC=C2OC,3.554195282
Clc1cccnc1,Fc1cccc(F)c1c2oncc2,CN(C)/C(N(C)C)=N\C(C)(C)C,CC(C)C(C=C(C(C)C)C=C1C(C)C)=C1C2=CC=CC=C2P(C(C)(C)C)C(C)(C)C,7.66652575
FC(F)(F)c1ccc(I)cc1,CCOC(=O)c1conc1,CN(C)/C(N(C)C)=N\C(C)(C)C,CC(C)C(C=C(C(C)C)C=C1C(C)C)=C1C2=CC=CC=C2P(C(C)(C)C)C(C)(C)C,3.141934656
COc1ccc(I)cc1,o1ccc(n1)c2ccccc2,CN1CCCN2CCCN=C12,CC(C)C(C=C(C(C)C)C=C1C(C)C)=C1C2=CC=CC=C2P(C(C)(C)C)C(C)(C)C,51.23480839
FC(F)(F)c1ccc(Br)cc1,CCOC(=O)c1onc(OC)c1,CN1CCCN2CCCN=C12,CC(C)C1=CC(C(C)C)=CC(C(C)C)=C1C2=C(P(C3CCCCC3)C4CCCCC4)C=CC=C2,22.46669781
FC(F)(F)c1ccc(Cl)cc1,Cc1oncc1,CN(C)/C(N(C)C)=N\C(C)(C)C,CC(C1=C(C2=C(OC)C=CC(OC)=C2P(C34CC5CC(C4)CC(C5)C3)C67CC8CC(C7)CC(C8)C6)C(C(C)C)=CC(C(C)C)=C1)C,3.399446884
Ic1ccccn1,o1nccc1c2ccccc2,CN(C)P(N(C)C)(N(C)C)=NP(N(C)C)(N(C)C)=NCC,CC(C)C1=CC(C(C)C)=CC(C(C)C)=C1C2=C(P(C3CCCCC3)C4CCCCC4)C=CC=C2,19.59428889
COc1ccc(Br)cc1,CCOC(=O)c1conc1,CN(C)/C(N(C)C)=N\C(C)(C)C,CC(C1=C(C2=C(OC)C=CC(OC)=C2P(C34CC5CC(C4)CC(C5)C3)C67CC8CC(C7)CC(C8)C6)C(C(C)C)=CC(C(C)C)=C1)C,0.0
Ic1cccnc1,o1nccc1c2ccccc2,CN(C)P(N(C)C)(N(C)C)=NP(N(C)C)(N(C)C)=NCC,CC(C)C1=CC(C(C)C)=CC(C(C)C)=C1C2=C(P(C(C)(C)C)C(C)(C)C)C(OC)=CC=C2OC,15.12671706
CCc1ccc(Cl)cc1,Cc1ccon1,CN1CCCN2CCCN=C12,CC(C1=C(C2=C(OC)C=CC(OC)=C2P(C34CC5CC(C4)CC(C5)C3)C67CC8CC(C7)CC(C8)C6)C(C(C)C)=CC(C(C)C)=C1)C,0.968826586
Ic1ccccn1,Cc1onc(C)c1,CN(C)/C(N(C)C)=N\C(C)(C)C,CC(C)C1=CC(C(C)C)=CC(C(C)C)=C1C2=C(P(C3CCCCC3)C4CCCCC4)C=CC=C2,48.23965662
COc1ccc(I)cc1,Cc1oncc1,CN(C)P(N(C)C)(N(C)C)=NP(N(C)C)(N(C)C)=NCC,CC(C)C1=CC(C(C)C)=CC(C(C)C)=C1C2=C(P(C(C)(C)C)C(C)(C)C)C(OC)=CC=C2OC,9.685019183
Clc1ccccn1,Cc1onc(c1)n2cccc2,CN(C)P(N(C)C)(N(C)C)=NP(N(C)C)(N(C)C)=NCC,CC(C)C1=CC(C(C)C)=CC(C(C)C)=C1C2=C(P(C(C)(C)C)C(C)(C)C)C(OC)=CC=C2OC,78.77070783
COc1ccc(Br)cc1,Cc1onc(c1)n2cccc2,CN(C)P(N(C)C)(N(C)C)=NP(N(C)C)(N(C)C)=NCC,CC(C)C1=CC(C(C)C)=CC(C(C)C)=C1C2=C(P(C(C)(C)C)C(C)(C)C)C(OC)=CC=C2OC,46.64890669
Brc1cccnc1,CCOC(=O)c1onc(OC)c1,CN1CCCN2CCCN=C12,CC(C)C(C=C(C(C)C)C=C1C(C)C)=C1C2=CC=CC=C2P(C(C)(C)C)C(C)(C)C,79.51166554
FC(F)(F)c1ccc(I)cc1,COC(=O)c1cc(on1)c2sccc2,CN(C)/C(N(C)C)=N\C(C)(C)C,CC(C)C(C=C(C(C)C)C=C1C(C)C)=C1C2=CC=CC=C2P(C(C)(C)C)C(C)(C)C,37.37794419
Brc1cccnc1,Cc1onc(C)c1,CN1CCCN2CCCN=C12,CC(C)C1=CC(C(C)C)=CC(C(C)C)=C1C2=C(P(C(C)(C)C)C(C)(C)C)C(OC)=CC=C2OC,86.07412603
FC(F)(F)c1ccc(I)cc1,CCOC(=O)c1conc1,CN(C)P(N(C)C)(N(C)C)=NP(N(C)C)(N(C)C)=NCC,CC(C1=C(C2=C(OC)C=CC(OC)=C2P(C34CC5CC(C4)CC(C5)C3)C67CC8CC(C7)CC(C8)C6)C(C(C)C)=CC(C(C)C)=C1)C,3.10979023
Clc1cccnc1,CCOC(=O)c1onc(OC)c1,CN1CCCN2CCCN=C12,CC(C)C(C=C(C(C)C)C=C1C(C)C)=C1C2=CC=CC=C2P(C(C)(C)C)C(C)(C)C,23.79770547
COc1ccc(Cl)cc1,COC(=O)c1cc(on1)c2sccc2,CN(C)/C(N(C)C)=N\C(C)(C)C,CC(C)C1=CC(C(C)C)=CC(C(C)C)=C1C2=C(P(C3CCCCC3)C4CCCCC4)C=CC=C2,0.0
Clc1cccnc1,o1cc2ccccc2n1,CN(C)/C(N(C)C)=N\C(C)(C)C,CC(C1=C(C2=C(OC)C=CC(OC)=C2P(C34CC5CC(C4)CC(C5)C3)C67CC8CC(C7)CC(C8)C6)C(C(C)C)=CC(C(C)C)=C1)C,0.0
FC(F)(F)c1ccc(Cl)cc1,o1ccc(n1)c2ccccc2,CN(C)P(N(C)C)(N(C)C)=NP(N(C)C)(N(C)C)=NCC,CC(C)C1=CC(C(C)C)=CC(C(C)C)=C1C2=C(P(C(C)(C)C)C(C)(C)C)C(OC)=CC=C2OC,7.021683633
CCc1ccc(Br)cc1,CCOC(=O)c1cnoc1C,CN(C)P(N(C)C)(N(C)C)=NP(N(C)C)(N(C)C)=NCC,CC(C)C1=CC(C(C)C)=CC(C(C)C)=C1C2=C(P(C(C)(C)C)C(C)(C)C)C(OC)=CC=C2OC,23.73944169
FC(F)(F)c1ccc(Cl)cc1,Cc1ccon1,CN(C)P(N(C)C)(N(C)C)=NP(N(C)C)(N(C)C)=NCC,CC(C)C1=CC(C(C)C)=CC(C(C)C)=C1C2=C(P(C(C)(C)C)C(C)(C)C)C(OC)=CC=C2OC,1.039364305
FC(F)(F)c1ccc(Br)cc1,CCOC(=O)c1cc(C)on1,CN(C)P(N(C)C)(N(C)C)=NP(N(C)C)(N(C)C)=NCC,CC(C1=C(C2=C(OC)C=CC(OC)=C2P(C34CC5CC(C4)CC(C5)C3)C67CC8CC(C7)CC(C8)C6)C(C(C)C)=CC(C(C)C)=C1)C,31.45776364
FC(F)(F)c1ccc(Cl)cc1,o1ncc2ccccc12,CN(C)/C(N(C)C)=N\C(C)(C)C,CC(C)C1=CC(C(C)C)=CC(C(C)C)=C1C2=C(P(C(C)(C)C)C(C)(C)C)C(OC)=CC=C2OC,16.10027076
FC(F)(F)c1ccc(I)cc1,COC(=O)c1oncc1,CN1CCCN2CCCN=C12,CC(C1=C(C2=C(OC)C=CC(OC)=C2P(C34CC5CC(C4)CC(C5)C3)C67CC8CC(C7)CC(C8)C6)C(C(C)C)=CC(C(C)C)=C1)C,43.94123378
COc1ccc(I)cc1,CCOC(=O)c1onc(C)c1,CN(C)/C(N(C)C)=N\C(C)(C)C,CC(C)C1=CC(C(C)C)=CC(C(C)C)=C1C2=C(P(C(C)(C)C)C(C)(C)C)C(OC)=CC=C2OC,39.3913488
Clc1ccccn1,COC(=O)c1cc(on1)c2occc2,CN(C)P(N(C)C)(N(C)C)=NP(N(C)C)(N(C)C)=NCC,CC(C)C(C=C(C(C)C)C=C1C(C)C)=C1C2=CC=CC=C2P(C(C)(C)C)C(C)(C)C,70.24905586
FC(F)(F)c1ccc(I)cc1,CCOC(=O)c1onc(OC)c1,CN1CCCN2CCCN=C12,CC(C1=C(C2=C(OC)C=CC(OC)=C2P(C34CC5CC(C4)CC(C5)C3)C67CC8CC(C7)CC(C8)C6)C(C(C)C)=CC(C(C)C)=C1)C,45.77926691
COc1ccc(I)cc1,CCOC(=O)c1cc(C)on1,CN(C)/C(N(C)C)=N\C(C)(C)C,CC(C1=C(C2=C(OC)C=CC(OC)=C2P(C34CC5CC(C4)CC(C5)C3)C67CC8CC(C7)CC(C8)C6)C(C(C)C)=CC(C(C)C)=C1)C,45.40015878
COc1ccc(Cl)cc1,Cc1onc(C)c1,CN(C)P(N(C)C)(N(C)C)=NP(N(C)C)(N(C)C)=NCC,CC(C)C(C=C(C(C)C)C=C1C(C)C)=C1C2=CC=CC=C2P(C(C)(C)C)C(C)(C)C,2.048615833
FC(F)(F)c1ccc(Cl)cc1,o1ccc(n1)c2ccccc2,CN1CCCN2CCCN=C12,CC(C1=C(C2=C(OC)C=CC(OC)=C2P(C34CC5CC(C4)CC(C5)C3)C67CC8CC(C7)CC(C8)C6)C(C(C)C)=CC(C(C)C)=C1)C,28.68684159
FC(F)(F)c1ccc(Br)cc1,C(N(Cc1ccccc1)c2ccon2)c3ccccc3,CN1CCCN2CCCN=C12,CC(C)C(C=C(C(C)C)C=C1C(C)C)=C1C2=CC=CC=C2P(C(C)(C)C)C(C)(C)C,39.89366621
FC(F)(F)c1ccc(I)cc1,Cc1onc(c1)n2cccc2,CN(C)/C(N(C)C)=N\C(C)(C)C,CC(C)C1=CC(C(C)C)=CC(C(C)C)=C1C2=C(P(C(C)(C)C)C(C)(C)C)C(OC)=CC=C2OC,36.4250561
Ic1ccccn1,Cc1onc(c1)n2cccc2,CN(C)P(N(C)C)(N(C)C)=NP(N(C)C)(N(C)C)=NCC,CC(C)C1=CC(C(C)C)=CC(C(C)C)=C1C2=C(P(C(C)(C)C)C(C)(C)C)C(OC)=CC=C2OC,81.78695125
Clc1ccccn1,C(N(Cc1ccccc1)c2ccon2)c3ccccc3,CN(C)/C(N(C)C)=N\C(C)(C)C,CC(C)C(C=C(C(C)C)C=C1C(C)C)=C1C2=CC=CC=C2P(C(C)(C)C)C(C)(C)C,62.39976577
Ic1cccnc1,C(N(Cc1ccccc1)c2oncc2)c3ccccc3,CN(C)P(N(C)C)(N(C)C)=NP(N(C)C)(N(C)C)=NCC,CC(C)C1=CC(C(C)C)=CC(C(C)C)=C1C2=C(P(C3CCCCC3)C4CCCCC4)C=CC=C2,9.3396983
FC(F)(F)c1ccc(Br)cc1,Fc1cccc(F)c1c2oncc2,CN(C)/C(N(C)C)=N\C(C)(C)C,CC(C)C1=CC(C(C)C)=CC(C(C)C)=C1C2=C(P(C3CCCCC3)C4CCCCC4)C=CC=C2,22.30541273
Clc1cccnc1,COC(=O)c1cc(on1)c2sccc2,CN(C)P(N(C)C)(N(C)C)=NP(N(C)C)(N(C)C)=NCC,CC(C)C1=CC(C(C)C)=CC(C(C)C)=C1C2=C(P(C3CCCCC3)C4CCCCC4)C=CC=C2,3.037744154
Brc1cccnc1,COC(=O)c1cc(on1)c2sccc2,CN(C)/C(N(C)C)=N\C(C)(C)C,CC(C1=C(C2=C(OC)C=CC(OC)=C2P(C34CC5CC(C4)CC(C5)C3)C67CC8CC(C7)CC(C8)C6)C(C(C)C)=CC(C(C)C)=C1)C,52.96278289
FC(F)(F)c1ccc(Br)cc1,COC(=O)c1oncc1,CN1CCCN2CCCN=C12,CC(C1=C(C2=C(OC)C=CC(OC)=C2P(C34CC5CC(C4)CC(C5)C3)C67CC8CC(C7)CC(C8)C6)C(C(C)C)=CC(C(C)C)=C1)C,19.60222309
Clc1ccccn1,Cc1cc(on1)c2ccccc2,CN(C)P(N(C)C)(N(C)C)=NP(N(C)C)(N(C)C)=NCC,CC(C)C1=CC(C(C)C)=CC(C(C)C)=C1C2=C(P(C3CCCCC3)C4CCCCC4)C=CC=C2,20.97581455
COc1ccc(I)cc1,COC(=O)c1oncc1,CN1CCCN2CCCN=C12,CC(C1=C(C2=C(OC)C=CC(OC)=C2P(C34CC5CC(C4)CC(C5)C3)C67CC8CC(C7)CC(C8)C6)C(C(C)C)=CC(C(C)C)=C1)C,39.0058585
COc1ccc(I)cc1,CCOC(=O)c1conc1,CN(C)P(N(C)C)(N(C)C)=NP(N(C)C)(N(C)C)=NCC,CC(C)C(C=C(C(C)C)C=C1C(C)C)=C1C2=CC=CC=C2P(C(C)(C)C)C(C)(C)C,3.876829723
Ic1ccccn1,CCOC(=O)c1onc(C)c1,CN1CCCN2CCCN=C12,CC(C)C1=CC(C(C)C)=CC(C(C)C)=C1C2=C(P(C(C)(C)C)C(C)(C)C)C(OC)=CC=C2OC,97.94800557
Brc1cccnc1,COC(=O)c1cc(on1)c2sccc2,CN(C)/C(N(C)C)=N\C(C)(C)C,CC(C)C1=CC(C(C)C)=CC(C(C)C)=C1C2=C(P(C(C)(C)C)C(C)(C)C)C(OC)=CC=C2OC,58.35068095
FC(F)(F)c1ccc(Cl)cc1,Cc1onc(c1)n2cccc2,CN(C)P(N(C)C)(N(C)C)=NP(N(C)C)(N(C)C)=NCC,CC(C)C1=CC(C(C)C)=CC(C(C)C)=C1C2=C(P(C3CCCCC3)C4CCCCC4)C=CC=C2,25.79234273
Clc1cccnc1,o1cc2ccccc2n1,CN(C)P(N(C)C)(N(C)C)=NP(N(C)C)(N(C)C)=NCC,CC(C)C(C=C(C(C)C)C=C1C(C)C)=C1C2=CC=CC=C2P(C(C)(C)C)C(C)(C)C,12.14875689
COc1ccc(I)cc1,Cc1oncc1,CN(C)/C(N(C)C)=N\C(C)(C)C,CC(C1=C(C2=C(OC)C=CC(OC)=C2P(C34CC5CC(C4)CC(C5)C3)C67CC8CC(C7)CC(C8)C6)C(C(C)C)=CC(C(C)C)=C1)C,37.1376218
Brc1ccccn1,o1cc(cn1)c2ccccc2,CN(C)P(N(C)C)(N(C)C)=NP(N(C)C)(N(C)C)=NCC,CC(C)C1=CC(C(C)C)=CC(C(C)C)=C1C2=C(P(C3CCCCC3)C4CCCCC4)C=CC=C2,17.08756486
CCc1ccc(I)cc1,CCOC(=O)c1cnoc1C,CN(C)P(N(C)C)(N(C)C)=NP(N(C)C)(N(C)C)=NCC,CC(C1=C(C2=C(OC)C=CC(OC)=C2P(C34CC5CC(C4)CC(C5)C3)C67CC8CC(C7)CC(C8)C6)C(C(C)C)=CC(C(C)C)=C1)C,23.26106265
Clc1ccccn1,o1ncc2ccccc12,CN(C)P(N(C)C)(N(C)C)=NP(N(C)C)(N(C)C)=NCC,CC(C1=C(C2=C(OC)C=CC(OC)=C2P(C34CC5CC(C4)CC(C5)C3)C67CC8CC(C7)CC(C8)C6)C(C(C)C)=CC(C(C)C)=C1)C,20.00288675
CCc1ccc(Cl)cc1,CCOC(=O)c1onc(OC)c1,CN(C)P(N(C)C)(N(C)C)=NP(N(C)C)(N(C)C)=NCC,CC(C)C1=CC(C(C)C)=CC(C(C)C)=C1C2=C(P(C3CCCCC3)C4CCCCC4)C=CC=C2,7.676008537
COc1ccc(I)cc1,CCOC(=O)c1conc1,CN(C)/C(N(C)C)=N\C(C)(C)C,CC(C)C1=CC(C(C)C)=CC(C(C)C)=C1C2=C(P(C(C)(C)C)C(C)(C)C)C(OC)=CC=C2OC,2.042704931
Clc1ccccn1,Cc1cc(on1)c2ccccc2,CN1CCCN2CCCN=C12,CC(C)C1=CC(C(C)C)=CC(C(C)C)=C1C2=C(P(C(C)(C)C)C(C)(C)C)C(OC)=CC=C2OC,86.6996801
FC(F)(F)c1ccc(I)cc1,COC(=O)c1oncc1,CN(C)/C(N(C)C)=N\C(C)(C)C,CC(C)C1=CC(C(C)C)=CC(C(C)C)=C1C2=C(P(C3CCCCC3)C4CCCCC4)C=CC=C2,26.35991815
CCc1ccc(I)cc1,Cc1onc(c1)n2cccc2,CN(C)/C(N(C)C)=N\C(C)(C)C,CC(C)C(C=C(C(C)C)C=C1C(C)C)=C1C2=CC=CC=C2P(C(C)(C)C)C(C)(C)C,59.48668549
COc1ccc(Br)cc1,CCOC(=O)c1onc(OC)c1,CN(C)P(N(C)C)(N(C)C)=NP(N(C)C)(N(C)C)=NCC,CC(C1=C(C2=C(OC)C=CC(OC)=C2P(C34CC5CC(C4)CC(C5)C3)C67CC8CC(C7)CC(C8)C6)C(C(C)C)=CC(C(C)C)=C1)C,42.52691913
FC(F)(F)c1ccc(I)cc1,o1cc(cn1)c2ccccc2,CN(C)/C(N(C)C)=N\C(C)(C)C,CC(C1=C(C2=C(OC)C=CC(OC)=C2P(C34CC5CC(C4)CC(C5)C3)C67CC8CC(C7)CC(C8)C6)C(C(C)C)=CC(C(C)C)=C1)C,35.66483427
CCc1ccc(I)cc1,COC(=O)c1oncc1,CN(C)/C(N(C)C)=N\C(C)(C)C,CC(C1=C(C2=C(OC)C=CC(OC)=C2P(C34CC5CC(C4)CC(C5)C3)C67CC8CC(C7)CC(C8)C6)C(C(C)C)=CC(C(C)C)=C1)C,39.2434395
FC(F)(F)c1ccc(Br)cc1,o1ncc2ccccc12,CN1CCCN2CCCN=C12,CC(C)C(C=C(C(C)C)C=C1C(C)C)=C1C2=CC=CC=C2P(C(C)(C)C)C(C)(C)C,36.5598853
CCc1ccc(I)cc1,o1ccc(n1)c2ccccc2,CN(C)/C(N(C)C)=N\C(C)(C)C,CC(C1=C(C2=C(OC)C=CC(OC)=C2P(C34CC5CC(C4)CC(C5)C3)C67CC8CC(C7)CC(C8)C6)C(C(C)C)=CC(C(C)C)=C1)C,78.46972259
COc1ccc(Cl)cc1,Cc1cc(on1)c2ccccc2,CN(C)/C(N(C)C)=N\C(C)(C)C,CC(C1=C(C2=C(OC)C=CC(OC)=C2P(C34CC5CC(C4)CC(C5)C3)C67CC8CC(C7)CC(C8)C6)C(C(C)C)=CC(C(C)C)=C1)C,0.0
FC(F)(F)c1ccc(I)cc1,Cc1oncc1,CN(C)/C(N(C)C)=N\C(C)(C)C,CC(C)C1=CC(C(C)C)=CC(C(C)C)=C1C2=C(P(C3CCCCC3)C4CCCCC4)C=CC=C2,34.38141407
Ic1cccnc1,Cc1onc(c1)n2cccc2,CN(C)P(N(C)C)(N(C)C)=NP(N(C)C)(N(C)C)=NCC,CC(C)C(C=C(C(C)C)C=C1C(C)C)=C1C2=CC=CC=C2P(C(C)(C)C)C(C)(C)C,77.66689194
FC(F)(F)c1ccc(Br)cc1,Cc1onc(c1)n2cccc2,CN1CCCN2CCCN=C12,CC(C)C1=CC(C(C)C)=CC(C(C)C)=C1C2=C(P(C3CCCCC3)C4CCCCC4)C=CC=C2,31.15934188
COc1ccc(Br)cc1,Cc1cc(on1)c2ccccc2,CN(C)P(N(C)C)(N(C)C)=NP(N(C)C)(N(C)C)=NCC,CC(C)C(C=C(C(C)C)C=C1C(C)C)=C1C2=CC=CC=C2P(C(C)(C)C)C(C)(C)C,46.04956103
FC(F)(F)c1ccc(Cl)cc1,COC(=O)c1cc(on1)c2sccc2,CN(C)/C(N(C)C)=N\C(C)(C)C,CC(C)C1=CC(C(C)C)=CC(C(C)C)=C1C2=C(P(C(C)(C)C)C(C)(C)C)C(OC)=CC=C2OC,6.090802245
Ic1ccccn1,o1ccc(n1)c2ccccc2,CN(C)P(N(C)C)(N(C)C)=NP(N(C)C)(N(C)C)=NCC,CC(C1=C(C2=C(OC)C=CC(OC)=C2P(C34CC5CC(C4)CC(C5)C3)C67CC8CC(C7)CC(C8)C6)C(C(C)C)=CC(C(C)C)=C1)C,91.37329051
COc1ccc(Br)cc1,o1cc2ccccc2n1,CN(C)/C(N(C)C)=N\C(C)(C)C,CC(C1=C(C2=C(OC)C=CC(OC)=C2P(C34CC5CC(C4)CC(C5)C3)C67CC8CC(C7)CC(C8)C6)C(C(C)C)=CC(C(C)C)=C1)C,2.004686227
COc1ccc(Cl)cc1,o1nccc1c2ccccc2,CN(C)/C(N(C)C)=N\C(C)(C)C,CC(C)C(C=C(C(C)C)C=C1C(C)C)=C1C2=CC=CC=C2P(C(C)(C)C)C(C)(C)C,0.655700656
FC(F)(F)c1ccc(I)cc1,C(N(Cc1ccccc1)c2ccon2)c3ccccc3,CN(C)P(N(C)C)(N(C)C)=NP(N(C)C)(N(C)C)=NCC,CC(C1=C(C2=C(OC)C=CC(OC)=C2P(C34CC5CC(C4)CC(C5)C3)C67CC8CC(C7)CC(C8)C6)C(C(C)C)=CC(C(C)C)=C1)C,30.87761179
Clc1cccnc1,C(N(Cc1ccccc1)c2oncc2)c3ccccc3,CN(C)/C(N(C)C)=N\C(C)(C)C,CC(C)C1=CC(C(C)C)=CC(C(C)C)=C1C2=C(P(C(C)(C)C)C(C)(C)C)C(OC)=CC=C2OC,4.069080612
COc1ccc(Cl)cc1,CCOC(=O)c1onc(OC)c1,CN1CCCN2CCCN=C12,CC(C)C1=CC(C(C)C)=CC(C(C)C)=C1C2=C(P(C(C)(C)C)C(C)(C)C)C(OC)=CC=C2OC,0.0
CCc1ccc(Br)cc1,COC(=O)c1cc(on1)c2occc2,CN(C)P(N(C)C)(N(C)C)=NP(N(C)C)(N(C)C)=NCC,CC(C)C(C=C(C(C)C)C=C1C(C)C)=C1C2=CC=CC=C2P(C(C)(C)C)C(C)(C)C,65.57301901
Brc1ccccn1,o1cc(cn1)c2ccccc2,CN1CCCN2CCCN=C12,CC(C)C1=CC(C(C)C)=CC(C(C)C)=C1C2=C(P(C3CCCCC3)C4CCCCC4)C=CC=C2,27.33482675
COc1ccc(I)cc1,Cc1oncc1,CN1CCCN2CCCN=C12,CC(C)C1=CC(C(C)C)=CC(C(C)C)=C1C2=C(P(C(C)(C)C)C(C)(C)C)C(OC)=CC=C2OC,49.74093184
Ic1cccnc1,o1cc(cn1)c2ccccc2,CN(C)/C(N(C)C)=N\C(C)(C)C,CC(C)C(C=C(C(C)C)C=C1C(C)C)=C1C2=CC=CC=C2P(C(C)(C)C)C(C)(C)C,83.73721982
FC(F)(F)c1ccc(I)cc1,COC(=O)c1oncc1,CN(C)P(N(C)C)(N(C)C)=NP(N(C)C)(N(C)C)=NCC,CC(C)C1=CC(C(C)C)=CC(C(C)C)=C1C2=C(P(C3CCCCC3)C4CCCCC4)C=CC=C2,8.674987339
COc1ccc(Cl)cc1,Cc1onc(c1)n2cccc2,CN(C)/C(N(C)C)=N\C(C)(C)C,CC(C)C1=CC(C(C)C)=CC(C(C)C)=C1C2=C(P(C3CCCCC3)C4CCCCC4)C=CC=C2,2.069142775
FC(F)(F)c1ccc(Br)cc1,Cc1ccon1,CN(C)P(N(C)C)(N(C)C)=NP(N(C)C)(N(C)C)=NCC,CC(C)C1=CC(C(C)C)=CC(C(C)C)=C1C2=C(P(C(C)(C)C)C(C)(C)C)C(OC)=CC=C2OC,23.78240992
Brc1cccnc1,C(N(Cc1ccccc1)c2oncc2)c3ccccc3,CN(C)/C(N(C)C)=N\C(C)(C)C,CC(C)C1=CC(C(C)C)=CC(C(C)C)=C1C2=C(P(C3CCCCC3)C4CCCCC4)C=CC=C2,3.383758574
CCc1ccc(Br)cc1,CCOC(=O)c1onc(C)c1,CN1CCCN2CCCN=C12,CC(C1=C(C2=C(OC)C=CC(OC)=C2P(C34CC5CC(C4)CC(C5)C3)C67CC8CC(C7)CC(C8)C6)C(C(C)C)=CC(C(C)C)=C1)C,57.85208433
COc1ccc(Br)cc1,o1cc(cn1)c2ccccc2,CN(C)/C(N(C)C)=N\C(C)(C)C,CC(C)C1=CC(C(C)C)=CC(C(C)C)=C1C2=C(P(C3CCCCC3)C4CCCCC4)C=CC=C2,1.224185961
CCc1ccc(Cl)cc1,o1cc2ccccc2n1,CN(C)/C(N(C)C)=N\C(C)(C)C,CC(C)C1=CC(C(C)C)=CC(C(C)C)=C1C2=C(P(C3CCCCC3)C4CCCCC4)C=CC=C2,0.0
Ic1cccnc1,Cc1oncc1,CN1CCCN2CCCN=C12,CC(C)C1=CC(C(C)C)=CC(C(C)C)=C1C2=C(P(C3CCCCC3)C4CCCCC4)C=CC=C2,29.06844689
COc1ccc(Br)cc1,COC(=O)c1cc(on1)c2occc2,CN(C)/C(N(C)C)=N\C(C)(C)C,CC(C)C(C=C(C(C)C)C=C1C(C)C)=C1C2=CC=CC=C2P(C(C)(C)C)C(C)(C)C,38.66523027
FC(F)(F)c1ccc(I)cc1,CCOC(=O)c1cc(C)on1,CN(C)/C(N(C)C)=N\C(C)(C)C,CC(C1=C(C2=C(OC)C=CC(OC)=C2P(C34CC5CC(C4)CC(C5)C3)C67CC8CC(C7)CC(C8)C6)C(C(C)C)=CC(C(C)C)=C1)C,43.87448476
COc1ccc(Cl)cc1,Cc1ccon1,CN(C)P(N(C)C)(N(C)C)=NP(N(C)C)(N(C)C)=NCC,CC(C)C1=CC(C(C)C)=CC(C(C)C)=C1C2=C(P(C3CCCCC3)C4CCCCC4)C=CC=C2,0.47110416
Ic1ccccn1,COC(=O)c1cc(on1)c2sccc2,CN(C)/C(N(C)C)=N\C(C)(C)C,CC(C)C1=CC(C(C)C)=CC(C(C)C)=C1C2=C(P(C3CCCCC3)C4CCCCC4)C=CC=C2,39.38981845
COc1ccc(Br)cc1,o1cc2ccccc2n1,CN(C)P(N(C)C)(N(C)C)=NP(N(C)C)(N(C)C)=NCC,CC(C1=C(C2=C(OC)C=CC(OC)=C2P(C34CC5CC(C4)CC(C5)C3)C67CC8CC(C7)CC(C8)C6)C(C(C)C)=CC(C(C)C)=C1)C,3.302452152
Clc1cccnc1,o1ccc(n1)c2ccccc2,CN(C)/C(N(C)C)=N\C(C)(C)C,CC(C1=C(C2=C(OC)C=CC(OC)=C2P(C34CC5CC(C4)CC(C5)C3)C67CC8CC(C7)CC(C8)C6)C(C(C)C)=CC(C(C)C)=C1)C,35.8579046
FC(F)(F)c1ccc(Br)cc1,o1ncc2ccccc12,CN(C)P(N(C)C)(N(C)C)=NP(N(C)C)(N(C)C)=NCC,CC(C)C1=CC(C(C)C)=CC(C(C)C)=C1C2=C(P(C3CCCCC3)C4CCCCC4)C=CC=C2,27.47304315
FC(F)(F)c1ccc(Cl)cc1,o1cc2ccccc2n1,CN1CCCN2CCCN=C12,CC(C)C1=CC(C(C)C)=CC(C(C)C)=C1C2=C(P(C3CCCCC3)C4CCCCC4)C=CC=C2,0.0
CCc1ccc(I)cc1,COC(=O)c1cc(on1)c2occc2,CN(C)P(N(C)C)(N(C)C)=NP(N(C)C)(N(C)C)=NCC,CC(C)C(C=C(C(C)C)C=C1C(C)C)=C1C2=CC=CC=C2P(C(C)(C)C)C(C)(C)C,66.67600965
Brc1cccnc1,Cc1onc(c1)n2cccc2,CN(C)P(N(C)C)(N(C)C)=NP(N(C)C)(N(C)C)=NCC,CC(C)C1=CC(C(C)C)=CC(C(C)C)=C1C2=C(P(C(C)(C)C)C(C)(C)C)C(OC)=CC=C2OC,17.80357266
Ic1ccccn1,CCOC(=O)c1cc(C)on1,CN(C)/C(N(C)C)=N\C(C)(C)C,CC(C)C1=CC(C(C)C)=CC(C(C)C)=C1C2=C(P(C3CCCCC3)C4CCCCC4)C=CC=C2,57.55128922
CCc1ccc(Br)cc1,o1ccc(n1)c2ccccc2,CN(C)/C(N(C)C)=N\C(C)(C)C,CC(C)C(C=C(C(C)C)C=C1C(C)C)=C1C2=CC=CC=C2P(C(C)(C)C)C(C)(C)C,77.85802389
Clc1cccnc1,Fc1cccc(F)c1c2oncc2,CN1CCCN2CCCN=C12,CC(C)C1=CC(C(C)C)=CC(C(C)C)=C1C2=C(P(C(C)(C)C)C(C)(C)C)C(OC)=CC=C2OC,2.019729051
Ic1cccnc1,o1ncc2ccccc12,CN1CCCN2CCCN=C12,CC(C)C1=CC(C(C)C)=CC(C(C)C)=C1C2=C(P(C3CCCCC3)C4CCCCC4)C=CC=C2,14.86685885
CCc1ccc(Cl)cc1,Cc1oncc1,CN(C)P(N(C)C)(N(C)C)=NP(N(C)C)(N(C)C)=NCC,CC(C)C1=CC(C(C)C)=CC(C(C)C)=C1C2=C(P(C3CCCCC3)C4CCCCC4)C=CC=C2,7.911192525
FC(F)(F)c1ccc(Cl)cc1,CCOC(=O)c1ccon1,CN(C)/C(N(C)C)=N\C(C)(C)C,CC(C)C1=CC(C(C)C)=CC(C(C)C)=C1C2=C(P(C3CCCCC3)C4CCCCC4)C=CC=C2,17.36491347
Clc1ccccn1,o1cc(cn1)c2ccccc2,CN(C)/C(N(C)C)=N\C(C)(C)C,CC(C)C1=CC(C(C)C)=CC(C(C)C)=C1C2=C(P(C(C)(C)C)C(C)(C)C)C(OC)=CC=C2OC,32.19059222
Ic1cccnc1,CCOC(=O)c1cc(C)on1,CN(C)/C(N(C)C)=N\C(C)(C)C,CC(C)C1=CC(C(C)C)=CC(C(C)C)=C1C2=C(P(C3CCCCC3)C4CCCCC4)C=CC=C2,40.41327646
Ic1ccccn1,Cc1ccon1,CN(C)/C(N(C)C)=N\C(C)(C)C,CC(C)C1=CC(C(C)C)=CC(C(C)C)=C1C2=C(P(C3CCCCC3)C4CCCCC4)C=CC=C2,63.46127974
FC(F)(F)c1ccc(Br)cc1,Fc1cccc(F)c1c2oncc2,CN(C)P(N(C)C)(N(C)C)=NP(N(C)C)(N(C)C)=NCC,CC(C)C1=CC(C(C)C)=CC(C(C)C)=C1C2=C(P(C(C)(C)C)C(C)(C)C)C(OC)=CC=C2OC,12.38761085
Clc1ccccn1,Cc1onc(c1)n2cccc2,CN1CCCN2CCCN=C12,CC(C)C(C=C(C(C)C)C=C1C(C)C)=C1C2=CC=CC=C2P(C(C)(C)C)C(C)(C)C,83.76441682
Brc1ccccn1,C(N(Cc1ccccc1)c2oncc2)c3ccccc3,CN1CCCN2CCCN=C12,CC(C1=C(C2=C(OC)C=CC(OC)=C2P(C34CC5CC(C4)CC(C5)C3)C67CC8CC(C7)CC(C8)C6)C(C(C)C)=CC(C(C)C)=C1)C,39.71442231
COc1ccc(I)cc1,Cc1ccon1,CN(C)P(N(C)C)(N(C)C)=NP(N(C)C)(N(C)C)=NCC,CC(C)C1=CC(C(C)C)=CC(C(C)C)=C1C2=C(P(C3CCCCC3)C4CCCCC4)C=CC=C2,35.21497708
Clc1ccccn1,CCOC(=O)c1cc(C)on1,CN(C)P(N(C)C)(N(C)C)=NP(N(C)C)(N(C)C)=NCC,CC(C)C1=CC(C(C)C)=CC(C(C)C)=C1C2=C(P(C(C)(C)C)C(C)(C)C)C(OC)=CC=C2OC,63.8547365
Brc1cccnc1,CCOC(=O)c1cc(C)on1,CN1CCCN2CCCN=C12,CC(C)C(C=C(C(C)C)C=C1C(C)C)=C1C2=CC=CC=C2P(C(C)(C)C)C(C)(C)C,89.48065113
CCc1ccc(I)cc1,CCOC(=O)c1onc(OC)c1,CN(C)P(N(C)C)(N(C)C)=NP(N(C)C)(N(C)C)=NCC,CC(C)C(C=C(C(C)C)C=C1C(C)C)=C1C2=CC=CC=C2P(C(C)(C)C)C(C)(C)C,64.44051661
COc1ccc(Cl)cc1,C(N(Cc1ccccc1)c2ccon2)c3ccccc3,CN(C)/C(N(C)C)=N\C(C)(C)C,CC(C)C1=CC(C(C)C)=CC(C(C)C)=C1C2=C(P(C(C)(C)C)C(C)(C)C)C(OC)=CC=C2OC,39.97323526
Brc1ccccn1,COC(=O)c1cc(on1)c2occc2,CN1CCCN2CCCN=C12,CC(C)C(C=C(C(C)C)C=C1C(C)C)=C1C2=CC=CC=C2P(C(C)(C)C)C(C)(C)C,83.38501147
Clc1ccccn1,CCOC(=O)c1onc(OC)c1,CN1CCCN2CCCN=C12,CC(C)C1=CC(C(C)C)=CC(C(C)C)=C1C2=C(P(C(C)(C)C)C(C)(C)C)C(OC)=CC=C2OC,71.00136701
FC(F)(F)c1ccc(Br)cc1,CCOC(=O)c1onc(C)c1,CN(C)P(N(C)C)(N(C)C)=NP(N(C)C)(N(C)C)=NCC,CC(C)C1=CC(C(C)C)=CC(C(C)C)=C1C2=C(P(C3CCCCC3)C4CCCCC4)C=CC=C2,35.07866175
FC(F)(F)c1ccc(I)cc1,C(N(Cc1ccccc1)c2oncc2)c3ccccc3,CN(C)/C(N(C)C)=N\C(C)(C)C,CC(C)C1=CC(C(C)C)=CC(C(C)C)=C1C2=C(P(C(C)(C)C)C(C)(C)C)C(OC)=CC=C2OC,38.18576353
CCc1ccc(Cl)cc1,o1ccc(n1)c2ccccc2,CN(C)P(N(C)C)(N(C)C)=NP(N(C)C)(N(C)C)=NCC,CC(C1=C(C2=C(OC)C=CC(OC)=C2P(C34CC5CC(C4)CC(C5)C3)C67CC8CC(C7)CC(C8)C6)C(C(C)C)=CC(C(C)C)=C1)C,4.246823607
Brc1ccccn1,o1ccc(n1)c2ccccc2,CN(C)/C(N(C)C)=N\C(C)(C)C,CC(C)C1=CC(C(C)C)=CC(C(C)C)=C1C2=C(P(C(C)(C)C)C(C)(C)C)C(OC)=CC=C2OC,84.44355873
Brc1ccccn1,Cc1ccon1,CN(C)P(N(C)C)(N(C)C)=NP(N(C)C)(N(C)C)=NCC,CC(C)C(C=C(C(C)C)C=C1C(C)C)=C1C2=CC=CC=C2P(C(C)(C)C)C(C)(C)C,63.14714159
Clc1ccccn1,COC(=O)c1oncc1,CN(C)P(N(C)C)(N(C)C)=NP(N(C)C)(N(C)C)=NCC,CC(C)C1=CC(C(C)C)=CC(C(C)C)=C1C2=C(P(C3CCCCC3)C4CCCCC4)C=CC=C2,7.147436012
CCc1ccc(Cl)cc1,o1cc2ccccc2n1,CN(C)P(N(C)C)(N(C)C)=NP(N(C)C)(N(C)C)=NCC,CC(C)C1=CC(C(C)C)=CC(C(C)C)=C1C2=C(P(C3CCCCC3)C4CCCCC4)C=CC=C2,0.689951869
COc1ccc(Br)cc1,o1nccc1c2ccccc2,CN(C)P(N(C)C)(N(C)C)=NP(N(C)C)(N(C)C)=NCC,CC(C)C1=CC(C(C)C)=CC(C(C)C)=C1C2=C(P(C3CCCCC3)C4CCCCC4)C=CC=C2,6.119058475
Ic1ccccn1,COC(=O)c1cc(on1)c2occc2,CN1CCCN2CCCN=C12,CC(C)C1=CC(C(C)C)=CC(C(C)C)=C1C2=C(P(C(C)(C)C)C(C)(C)C)C(OC)=CC=C2OC,89.61417594
Brc1ccccn1,COC(=O)c1oncc1,CN(C)/C(N(C)C)=N\C(C)(C)C,CC(C)C1=CC(C(C)C)=CC(C(C)C)=C1C2=C(P(C(C)(C)C)C(C)(C)C)C(OC)=CC=C2OC,24.95867786
Clc1ccccn1,Cc1cc(on1)c2ccccc2,CN(C)/C(N(C)C)=N\C(C)(C)C,CC(C1=C(C2=C(OC)C=CC(OC)=C2P(C34CC5CC(C4)CC(C5)C3)C67CC8CC(C7)CC(C8)C6)C(C(C)C)=CC(C(C)C)=C1)C,33.94683682
CCc1ccc(Cl)cc1,o1ncc2ccccc12,CN(C)/C(N(C)C)=N\C(C)(C)C,CC(C)C1=CC(C(C)C)=CC(C(C)C)=C1C2=C(P(C(C)(C)C)C(C)(C)C)C(OC)=CC=C2OC,9.58087319
FC(F)(F)c1ccc(Cl)cc1,COC(=O)c1cc(on1)c2occc2,CN1CCCN2CCCN=C12,CC(C)C1=CC(C(C)C)=CC(C(C)C)=C1C2=C(P(C(C)(C)C)C(C)(C)C)C(OC)=CC=C2OC,4.477162725
Clc1ccccn1,Fc1cccc(F)c1c2oncc2,CN(C)P(N(C)C)(N(C)C)=NP(N(C)C)(N(C)C)=NCC,CC(C1=C(C2=C(OC)C=CC(OC)=C2P(C34CC5CC(C4)CC(C5)C3)C67CC8CC(C7)CC(C8)C6)C(C(C)C)=CC(C(C)C)=C1)C,21.50066765
CCc1ccc(Cl)cc1,o1ncc2ccccc12,CN(C)/C(N(C)C)=N\C(C)(C)C,CC(C1=C(C2=C(OC)C=CC(OC)=C2P(C34CC5CC(C4)CC(C5)C3)C67CC8CC(C7)CC(C8)C6)C(C(C)C)=CC(C(C)C)=C1)C,1.039903259
Brc1ccccn1,COC(=O)c1cc(on1)c2occc2,CN1CCCN2CCCN=C12,CC(C)C1=CC(C(C)C)=CC(C(C)C)=C1C2=C(P(C(C)(C)C)C(C)(C)C)C(OC)=CC=C2OC,87.52908706
FC(F)(F)c1ccc(I)cc1,Cc1oncc1,CN(C)P(N(C)C)(N(C)C)=NP(N(C)C)(N(C)C)=NCC,CC(C)C1=CC(C(C)C)=CC(C(C)C)=C1C2=C(P(C3CCCCC3)C4CCCCC4)C=CC=C2,16.16257939
FC(F)(F)c1ccc(Br)cc1,o1cc(cn1)c2ccccc2,CN1CCCN2CCCN=C12,CC(C)C1=CC(C(C)C)=CC(C(C)C)=C1C2=C(P(C(C)(C)C)C(C)(C)C)C(OC)=CC=C2OC,41.46468331
CCc1ccc(Cl)cc1,o1cc(cn1)c2ccccc2,CN(C)P(N(C)C)(N(C)C)=NP(N(C)C)(N(C)C)=NCC,CC(C)C(C=C(C(C)C)C=C1C(C)C)=C1C2=CC=CC=C2P(C(C)(C)C)C(C)(C)C,6.853480142
Brc1ccccn1,Cc1onc(C)c1,CN(C)P(N(C)C)(N(C)C)=NP(N(C)C)(N(C)C)=NCC,CC(C1=C(C2=C(OC)C=CC(OC)=C2P(C34CC5CC(C4)CC(C5)C3)C67CC8CC(C7)CC(C8)C6)C(C(C)C)=CC(C(C)C)=C1)C,77.6347291
FC(F)(F)c1ccc(I)cc1,CCOC(=O)c1ccon1,CN(C)/C(N(C)C)=N\C(C)(C)C,CC(C1=C(C2=C(OC)C=CC(OC)=C2P(C34CC5CC(C4)CC(C5)C3)C67CC8CC(C7)CC(C8)C6)C(C(C)C)=CC(C(C)C)=C1)C,36.629676
Brc1cccnc1,COC(=O)c1cc(on1)c2sccc2,CN1CCCN2CCCN=C12,CC(C)C1=CC(C(C)C)=CC(C(C)C)=C1C2=C(P(C3CCCCC3)C4CCCCC4)C=CC=C2,15.35819367
Clc1cccnc1,C(N(Cc1ccccc1)c2ccon2)c3ccccc3,CN(C)P(N(C)C)(N(C)C)=NP(N(C)C)(N(C)C)=NCC,CC(C)C1=CC(C(C)C)=CC(C(C)C)=C1C2=C(P(C3CCCCC3)C4CCCCC4)C=CC=C2,37.0158274
Ic1ccccn1,CCOC(=O)c1ccon1,CN(C)/C(N(C)C)=N\C(C)(C)C,CC(C1=C(C2=C(OC)C=CC(OC)=C2P(C34CC5CC(C4)CC(C5)C3)C67CC8CC(C7)CC(C8)C6)C(C(C)C)=CC(C(C)C)=C1)C,51.25885662
Clc1cccnc1,CCOC(=O)c1ccon1,CN1CCCN2CCCN=C12,CC(C)C1=CC(C(C)C)=CC(C(C)C)=C1C2=C(P(C(C)(C)C)C(C)(C)C)C(OC)=CC=C2OC,13.66378067
Brc1cccnc1,o1cc2ccccc2n1,CN(C)/C(N(C)C)=N\C(C)(C)C,CC(C)C1=CC(C(C)C)=CC(C(C)C)=C1C2=C(P(C3CCCCC3)C4CCCCC4)C=CC=C2,5.948041851
Ic1ccccn1,Fc1cccc(F)c1c2oncc2,CN(C)/C(N(C)C)=N\C(C)(C)C,CC(C)C1=CC(C(C)C)=CC(C(C)C)=C1C2=C(P(C3CCCCC3)C4CCCCC4)C=CC=C2,26.61192771
COc1ccc(Br)cc1,o1cc(cn1)c2ccccc2,CN1CCCN2CCCN=C12,CC(C)C1=CC(C(C)C)=CC(C(C)C)=C1C2=C(P(C3CCCCC3)C4CCCCC4)C=CC=C2,3.941726457
COc1ccc(I)cc1,CCOC(=O)c1onc(C)c1,CN(C)P(N(C)C)(N(C)C)=NP(N(C)C)(N(C)C)=NCC,CC(C)C1=CC(C(C)C)=CC(C(C)C)=C1C2=C(P(C3CCCCC3)C4CCCCC4)C=CC=C2,37.56535564
FC(F)(F)c1ccc(I)cc1,o1ccc(n1)c2ccccc2,CN(C)P(N(C)C)(N(C)C)=NP(N(C)C)(N(C)C)=NCC,CC(C)C1=CC(C(C)C)=CC(C(C)C)=C1C2=C(P(C(C)(C)C)C(C)(C)C)C(OC)=CC=C2OC,34.60429695
CCc1ccc(Br)cc1,CCOC(=O)c1ccon1,CN(C)P(N(C)C)(N(C)C)=NP(N(C)C)(N(C)C)=NCC,CC(C)C(C=C(C(C)C)C=C1C(C)C)=C1C2=CC=CC=C2P(C(C)(C)C)C(C)(C)C,1.599458738
COc1ccc(Br)cc1,Cc1cc(on1)c2ccccc2,CN1CCCN2CCCN=C12,CC(C)C(C=C(C(C)C)C=C1C(C)C)=C1C2=CC=CC=C2P(C(C)(C)C)C(C)(C)C,46.21141257
Brc1cccnc1,CCOC(=O)c1ccon1,CN(C)/C(N(C)C)=N\C(C)(C)C,CC(C)C1=CC(C(C)C)=CC(C(C)C)=C1C2=C(P(C3CCCCC3)C4CCCCC4)C=CC=C2,26.55730378
Clc1cccnc1,o1cc(cn1)c2ccccc2,CN(C)/C(N(C)C)=N\C(C)(C)C,CC(C)C1=CC(C(C)C)=CC(C(C)C)=C1C2=C(P(C(C)(C)C)C(C)(C)C)C(OC)=CC=C2OC,4.546243303
Brc1ccccn1,Fc1cccc(F)c1c2oncc2,CN(C)P(N(C)C)(N(C)C)=NP(N(C)C)(N(C)C)=NCC,CC(C)C(C=C(C(C)C)C=C1C(C)C)=C1C2=CC=CC=C2P(C(C)(C)C)C(C)(C)C,31.76624566
Brc1ccccn1,Cc1oncc1,CN1CCCN2CCCN=C12,CC(C)C1=CC(C(C)C)=CC(C(C)C)=C1C2=C(P(C3CCCCC3)C4CCCCC4)C=CC=C2,50.09944792
FC(F)(F)c1ccc(Br)cc1,Cc1onc(C)c1,CN(C)P(N(C)C)(N(C)C)=NP(N(C)C)(N(C)C)=NCC,CC(C)C1=CC(C(C)C)=CC(C(C)C)=C1C2=C(P(C3CCCCC3)C4CCCCC4)C=CC=C2,13.47157217
COc1ccc(Cl)cc1,CCOC(=O)c1onc(OC)c1,CN(C)P(N(C)C)(N(C)C)=NP(N(C)C)(N(C)C)=NCC,CC(C)C1=CC(C(C)C)=CC(C(C)C)=C1C2=C(P(C3CCCCC3)C4CCCCC4)C=CC=C2,1.221284135
CCc1ccc(Cl)cc1,CCOC(=O)c1conc1,CN(C)/C(N(C)C)=N\C(C)(C)C,CC(C)C1=CC(C(C)C)=CC(C(C)C)=C1C2=C(P(C3CCCCC3)C4CCCCC4)C=CC=C2,0.0
FC(F)(F)c1ccc(Br)cc1,o1cc(cn1)c2ccccc2,CN1CCCN2CCCN=C12,CC(C1=C(C2=C(OC)C=CC(OC)=C2P(C34CC5CC(C4)CC(C5)C3)C67CC8CC(C7)CC(C8)C6)C(C(C)C)=CC(C(C)C)=C1)C,33.22033214
CCc1ccc(Cl)cc1,CCOC(=O)c1onc(OC)c1,CN(C)P(N(C)C)(N(C)C)=NP(N(C)C)(N(C)C)=NCC,CC(C)C(C=C(C(C)C)C=C1C(C)C)=C1C2=CC=CC=C2P(C(C)(C)C)C(C)(C)C,10.90397812
Clc1ccccn1,CCOC(=O)c1cc(C)on1,CN1CCCN2CCCN=C12,CC(C)C1=CC(C(C)C)=CC(C(C)C)=C1C2=C(P(C(C)(C)C)C(C)(C)C)C(OC)=CC=C2OC,84.69021766
Ic1cccnc1,CCOC(=O)c1onc(OC)c1,CN1CCCN2CCCN=C12,CC(C)C1=CC(C(C)C)=CC(C(C)C)=C1C2=C(P(C3CCCCC3)C4CCCCC4)C=CC=C2,42.00065126
COc1ccc(Cl)cc1,CCOC(=O)c1ccon1,CN1CCCN2CCCN=C12,CC(C1=C(C2=C(OC)C=CC(OC)=C2P(C34CC5CC(C4)CC(C5)C3)C67CC8CC(C7)CC(C8)C6)C(C(C)C)=CC(C(C)C)=C1)C,0.786255311
COc1ccc(Br)cc1,o1nccc1c2ccccc2,CN(C)/C(N(C)C)=N\C(C)(C)C,CC(C)C1=CC(C(C)C)=CC(C(C)C)=C1C2=C(P(C3CCCCC3)C4CCCCC4)C=CC=C2,3.867385769
Clc1ccccn1,o1cc(cn1)c2ccccc2,CN(C)P(N(C)C)(N(C)C)=NP(N(C)C)(N(C)C)=NCC,CC(C)C(C=C(C(C)C)C=C1C(C)C)=C1C2=CC=CC=C2P(C(C)(C)C)C(C)(C)C,31.29909936
COc1ccc(I)cc1,o1nccc1c2ccccc2,CN1CCCN2CCCN=C12,CC(C)C1=CC(C(C)C)=CC(C(C)C)=C1C2=C(P(C3CCCCC3)C4CCCCC4)C=CC=C2,5.140109821
FC(F)(F)c1ccc(Cl)cc1,Cc1cc(on1)c2ccccc2,CN1CCCN2CCCN=C12,CC(C)C1=CC(C(C)C)=CC(C(C)C)=C1C2=C(P(C(C)(C)C)C(C)(C)C)C(OC)=CC=C2OC,11.32681683
Ic1cccnc1,Cc1onc(c1)n2cccc2,CN1CCCN2CCCN=C12,CC(C)C1=CC(C(C)C)=CC(C(C)C)=C1C2=C(P(C(C)(C)C)C(C)(C)C)C(OC)=CC=C2OC,80.7977409
FC(F)(F)c1ccc(Cl)cc1,CCOC(=O)c1onc(OC)c1,CN(C)P(N(C)C)(N(C)C)=NP(N(C)C)(N(C)C)=NCC,CC(C)C1=CC(C(C)C)=CC(C(C)C)=C1C2=C(P(C(C)(C)C)C(C)(C)C)C(OC)=CC=C2OC,7.147036958
Ic1cccnc1,CCOC(=O)c1cc(C)on1,CN(C)/C(N(C)C)=N\C(C)(C)C,CC(C1=C(C2=C(OC)C=CC(OC)=C2P(C34CC5CC(C4)CC(C5)C3)C67CC8CC(C7)CC(C8)C6)C(C(C)C)=CC(C(C)C)=C1)C,75.30179851
FC(F)(F)c1ccc(Cl)cc1,CCOC(=O)c1conc1,CN1CCCN2CCCN=C12,CC(C1=C(C2=C(OC)C=CC(OC)=C2P(C34CC5CC(C4)CC(C5)C3)C67CC8CC(C7)CC(C8)C6)C(C(C)C)=CC(C(C)C)=C1)C,17.87933698
Brc1ccccn1,Cc1ccon1,CN(C)/C(N(C)C)=N\C(C)(C)C,CC(C)C1=CC(C(C)C)=CC(C(C)C)=C1C2=C(P(C(C)(C)C)C(C)(C)C)C(OC)=CC=C2OC,77.4707991
FC(F)(F)c1ccc(Br)cc1,CCOC(=O)c1cnoc1C,CN(C)P(N(C)C)(N(C)C)=NP(N(C)C)(N(C)C)=NCC,CC(C)C1=CC(C(C)C)=CC(C(C)C)=C1C2=C(P(C3CCCCC3)C4CCCCC4)C=CC=C2,15.0324858
COc1ccc(I)cc1,CCOC(=O)c1conc1,CN(C)P(N(C)C)(N(C)C)=NP(N(C)C)(N(C)C)=NCC,CC(C)C1=CC(C(C)C)=CC(C(C)C)=C1C2=C(P(C3CCCCC3)C4CCCCC4)C=CC=C2,0.0
Clc1cccnc1,CCOC(=O)c1cc(C)on1,CN1CCCN2CCCN=C12,CC(C1=C(C2=C(OC)C=CC(OC)=C2P(C34CC5CC(C4)CC(C5)C3)C67CC8CC(C7)CC(C8)C6)C(C(C)C)=CC(C(C)C)=C1)C,14.50083816
CCc1ccc(Cl)cc1,C(N(Cc1ccccc1)c2ccon2)c3ccccc3,CN(C)/C(N(C)C)=N\C(C)(C)C,CC(C)C(C=C(C(C)C)C=C1C(C)C)=C1C2=CC=CC=C2P(C(C)(C)C)C(C)(C)C,5.06261629
FC(F)(F)c1ccc(Cl)cc1,Cc1onc(C)c1,CN(C)P(N(C)C)(N(C)C)=NP(N(C)C)(N(C)C)=NCC,CC(C1=C(C2=C(OC)C=CC(OC)=C2P(C34CC5CC(C4)CC(C5)C3)C67CC8CC(C7)CC(C8)C6)C(C(C)C)=CC(C(C)C)=C1)C,1.831351486
CCc1ccc(I)cc1,C(N(Cc1ccccc1)c2oncc2)c3ccccc3,CN1CCCN2CCCN=C12,CC(C1=C(C2=C(OC)C=CC(OC)=C2P(C34CC5CC(C4)CC(C5)C3)C67CC8CC(C7)CC(C8)C6)C(C(C)C)=CC(C(C)C)=C1)C,72.29221067
Brc1ccccn1,Cc1cc(on1)c2ccccc2,CN(C)P(N(C)C)(N(C)C)=NP(N(C)C)(N(C)C)=NCC,CC(C1=C(C2=C(OC)C=CC(OC)=C2P(C34CC5CC(C4)CC(C5)C3)C67CC8CC(C7)CC(C8)C6)C(C(C)C)=CC(C(C)C)=C1)C,75.06901133
Clc1cccnc1,Fc1cccc(F)c1c2oncc2,CN(C)P(N(C)C)(N(C)C)=NP(N(C)C)(N(C)C)=NCC,CC(C)C1=CC(C(C)C)=CC(C(C)C)=C1C2=C(P(C3CCCCC3)C4CCCCC4)C=CC=C2,12.13886151
COc1ccc(I)cc1,CCOC(=O)c1cc(C)on1,CN(C)/C(N(C)C)=N\C(C)(C)C,CC(C)C(C=C(C(C)C)C=C1C(C)C)=C1C2=CC=CC=C2P(C(C)(C)C)C(C)(C)C,43.87183311
COc1ccc(Br)cc1,C(N(Cc1ccccc1)c2oncc2)c3ccccc3,CN(C)P(N(C)C)(N(C)C)=NP(N(C)C)(N(C)C)=NCC,CC(C)C(C=C(C(C)C)C=C1C(C)C)=C1C2=CC=CC=C2P(C(C)(C)C)C(C)(C)C,9.627089409
FC(F)(F)c1ccc(Cl)cc1,C(N(Cc1ccccc1)c2ccon2)c3ccccc3,CN1CCCN2CCCN=C12,CC(C1=C(C2=C(OC)C=CC(OC)=C2P(C34CC5CC(C4)CC(C5)C3)C67CC8CC(C7)CC(C8)C6)C(C(C)C)=CC(C(C)C)=C1)C,21.60119174
CCc1ccc(Cl)cc1,Cc1ccon1,CN(C)/C(N(C)C)=N\C(C)(C)C,CC(C)C(C=C(C(C)C)C=C1C(C)C)=C1C2=CC=CC=C2P(C(C)(C)C)C(C)(C)C,3.012114112
COc1ccc(Br)cc1,COC(=O)c1oncc1,CN(C)/C(N(C)C)=N\C(C)(C)C,CC(C)C(C=C(C(C)C)C=C1C(C)C)=C1C2=CC=CC=C2P(C(C)(C)C)C(C)(C)C,25.94022732
CCc1ccc(Br)cc1,CCOC(=O)c1onc(OC)c1,CN(C)/C(N(C)C)=N\C(C)(C)C,CC(C)C1=CC(C(C)C)=CC(C(C)C)=C1C2=C(P(C3CCCCC3)C4CCCCC4)C=CC=C2,32.40012299
COc1ccc(Br)cc1,o1nccc1c2ccccc2,CN(C)/C(N(C)C)=N\C(C)(C)C,CC(C)C(C=C(C(C)C)C=C1C(C)C)=C1C2=CC=CC=C2P(C(C)(C)C)C(C)(C)C,33.62905648
Ic1cccnc1,C(N(Cc1ccccc1)c2ccon2)c3ccccc3,CN1CCCN2CCCN=C12,CC(C)C1=CC(C(C)C)=CC(C(C)C)=C1C2=C(P(C(C)(C)C)C(C)(C)C)C(OC)=CC=C2OC,85.60572483
Ic1ccccn1,o1cc2ccccc2n1,CN(C)/C(N(C)C)=N\C(C)(C)C,CC(C1=C(C2=C(OC)C=CC(OC)=C2P(C34CC5CC(C4)CC(C5)C3)C67CC8CC(C7)CC(C8)C6)C(C(C)C)=CC(C(C)C)=C1)C,15.10235685
Ic1ccccn1,CCOC(=O)c1onc(OC)c1,CN(C)/C(N(C)C)=N\C(C)(C)C,CC(C)C1=CC(C(C)C)=CC(C(C)C)=C1C2=C(P(C(C)(C)C)C(C)(C)C)C(OC)=CC=C2OC,69.52780108
COc1ccc(Br)cc1,Cc1onc(c1)n2cccc2,CN1CCCN2CCCN=C12,CC(C)C1=CC(C(C)C)=CC(C(C)C)=C1C2=C(P(C3CCCCC3)C4CCCCC4)C=CC=C2,9.508784567
Brc1ccccn1,o1ccc(n1)c2ccccc2,CN1CCCN2CCCN=C12,CC(C)C1=CC(C(C)C)=CC(C(C)C)=C1C2=C(P(C3CCCCC3)C4CCCCC4)C=CC=C2,58.30938102
CCc1ccc(I)cc1,CCOC(=O)c1onc(OC)c1,CN1CCCN2CCCN=C12,CC(C)C(C=C(C(C)C)C=C1C(C)C)=C1C2=CC=CC=C2P(C(C)(C)C)C(C)(C)C,67.99152053
Brc1cccnc1,Fc1cccc(F)c1c2oncc2,CN(C)P(N(C)C)(N(C)C)=NP(N(C)C)(N(C)C)=NCC,CC(C1=C(C2=C(OC)C=CC(OC)=C2P(C34CC5CC(C4)CC(C5)C3)C67CC8CC(C7)CC(C8)C6)C(C(C)C)=CC(C(C)C)=C1)C,17.65611496
FC(F)(F)c1ccc(Br)cc1,Cc1onc(C)c1,CN(C)P(N(C)C)(N(C)C)=NP(N(C)C)(N(C)C)=NCC,CC(C)C(C=C(C(C)C)C=C1C(C)C)=C1C2=CC=CC=C2P(C(C)(C)C)C(C)(C)C,23.00642082
Ic1cccnc1,o1cc(cn1)c2ccccc2,CN(C)/C(N(C)C)=N\C(C)(C)C,CC(C)C1=CC(C(C)C)=CC(C(C)C)=C1C2=C(P(C3CCCCC3)C4CCCCC4)C=CC=C2,14.74148388
Ic1ccccn1,C(N(Cc1ccccc1)c2oncc2)c3ccccc3,CN1CCCN2CCCN=C12,CC(C1=C(C2=C(OC)C=CC(OC)=C2P(C34CC5CC(C4)CC(C5)C3)C67CC8CC(C7)CC(C8)C6)C(C(C)C)=CC(C(C)C)=C1)C,83.49602396
CCc1ccc(I)cc1,COC(=O)c1oncc1,CN(C)P(N(C)C)(N(C)C)=NP(N(C)C)(N(C)C)=NCC,CC(C1=C(C2=C(OC)C=CC(OC)=C2P(C34CC5CC(C4)CC(C5)C3)C67CC8CC(C7)CC(C8)C6)C(C(C)C)=CC(C(C)C)=C1)C,14.43785417
CCc1ccc(Cl)cc1,CCOC(=O)c1ccon1,CN(C)/C(N(C)C)=N\C(C)(C)C,CC(C)C1=CC(C(C)C)=CC(C(C)C)=C1C2=C(P(C3CCCCC3)C4CCCCC4)C=CC=C2,2.86790041
FC(F)(F)c1ccc(Cl)cc1,CCOC(=O)c1conc1,CN(C)P(N(C)C)(N(C)C)=NP(N(C)C)(N(C)C)=NCC,CC(C)C(C=C(C(C)C)C=C1C(C)C)=C1C2=CC=CC=C2P(C(C)(C)C)C(C)(C)C,1.009269411
CCc1ccc(Br)cc1,CCOC(=O)c1cc(C)on1,CN1CCCN2CCCN=C12,CC(C)C1=CC(C(C)C)=CC(C(C)C)=C1C2=C(P(C3CCCCC3)C4CCCCC4)C=CC=C2,39.80435813
Clc1ccccn1,COC(=O)c1cc(on1)c2sccc2,CN(C)/C(N(C)C)=N\C(C)(C)C,CC(C)C1=CC(C(C)C)=CC(C(C)C)=C1C2=C(P(C3CCCCC3)C4CCCCC4)C=CC=C2,22.69659515
FC(F)(F)c1ccc(I)cc1,Cc1onc(c1)n2cccc2,CN(C)P(N(C)C)(N(C)C)=NP(N(C)C)(N(C)C)=NCC,CC(C)C1=CC(C(C)C)=CC(C(C)C)=C1C2=C(P(C3CCCCC3)C4CCCCC4)C=CC=C2,41.0055284
Brc1cccnc1,COC(=O)c1cc(on1)c2sccc2,CN(C)P(N(C)C)(N(C)C)=NP(N(C)C)(N(C)C)=NCC,CC(C1=C(C2=C(OC)C=CC(OC)=C2P(C34CC5CC(C4)CC(C5)C3)C67CC8CC(C7)CC(C8)C6)C(C(C)C)=CC(C(C)C)=C1)C,41.91155944
FC(F)(F)c1ccc(Br)cc1,CCOC(=O)c1ccon1,CN1CCCN2CCCN=C12,CC(C)C(C=C(C(C)C)C=C1C(C)C)=C1C2=CC=CC=C2P(C(C)(C)C)C(C)(C)C,40.09723237
Brc1ccccn1,C(N(Cc1ccccc1)c2ccon2)c3ccccc3,CN(C)P(N(C)C)(N(C)C)=NP(N(C)C)(N(C)C)=NCC,CC(C)C1=CC(C(C)C)=CC(C(C)C)=C1C2=C(P(C(C)(C)C)C(C)(C)C)C(OC)=CC=C2OC,77.82985513
Brc1ccccn1,o1cc(cn1)c2ccccc2,CN1CCCN2CCCN=C12,CC(C1=C(C2=C(OC)C=CC(OC)=C2P(C34CC5CC(C4)CC(C5)C3)C67CC8CC(C7)CC(C8)C6)C(C(C)C)=CC(C(C)C)=C1)C,59.28097568
Clc1ccccn1,COC(=O)c1cc(on1)c2sccc2,CN(C)P(N(C)C)(N(C)C)=NP(N(C)C)(N(C)C)=NCC,CC(C1=C(C2=C(OC)C=CC(OC)=C2P(C34CC5CC(C4)CC(C5)C3)C67CC8CC(C7)CC(C8)C6)C(C(C)C)=CC(C(C)C)=C1)C,54.69797468
Brc1ccccn1,CCOC(=O)c1onc(C)c1,CN(C)P(N(C)C)(N(C)C)=NP(N(C)C)(N(C)C)=NCC,CC(C)C(C=C(C(C)C)C=C1C(C)C)=C1C2=CC=CC=C2P(C(C)(C)C)C(C)(C)C,66.07082051
COc1ccc(Br)cc1,o1cc2ccccc2n1,CN(C)/C(N(C)C)=N\C(C)(C)C,CC(C)C1=CC(C(C)C)=CC(C(C)C)=C1C2=C(P(C3CCCCC3)C4CCCCC4)C=CC=C2,0.0
CCc1ccc(Br)cc1,o1ccc(n1)c2ccccc2,CN(C)P(N(C)C)(N(C)C)=NP(N(C)C)(N(C)C)=NCC,CC(C1=C(C2=C(OC)C=CC(OC)=C2P(C34CC5CC(C4)CC(C5)C3)C67CC8CC(C7)CC(C8)C6)C(C(C)C)=CC(C(C)C)=C1)C,82.46360414
Brc1ccccn1,o1cc(cn1)c2ccccc2,CN(C)/C(N(C)C)=N\C(C)(C)C,CC(C)C(C=C(C(C)C)C=C1C(C)C)=C1C2=CC=CC=C2P(C(C)(C)C)C(C)(C)C,84.60201966
FC(F)(F)c1ccc(I)cc1,Fc1cccc(F)c1c2oncc2,CN(C)P(N(C)C)(N(C)C)=NP(N(C)C)(N(C)C)=NCC,CC(C)C1=CC(C(C)C)=CC(C(C)C)=C1C2=C(P(C(C)(C)C)C(C)(C)C)C(OC)=CC=C2OC,12.79513925
CCc1ccc(Cl)cc1,o1ccc(n1)c2ccccc2,CN(C)/C(N(C)C)=N\C(C)(C)C,CC(C)C1=CC(C(C)C)=CC(C(C)C)=C1C2=C(P(C3CCCCC3)C4CCCCC4)C=CC=C2,5.370036774
FC(F)(F)c1ccc(Cl)cc1,CCOC(=O)c1onc(C)c1,CN(C)P(N(C)C)(N(C)C)=NP(N(C)C)(N(C)C)=NCC,CC(C)C(C=C(C(C)C)C=C1C(C)C)=C1C2=CC=CC=C2P(C(C)(C)C)C(C)(C)C,5.980979595
FC(F)(F)c1ccc(Br)cc1,o1nccc1c2ccccc2,CN1CCCN2CCCN=C12,CC(C)C1=CC(C(C)C)=CC(C(C)C)=C1C2=C(P(C(C)(C)C)C(C)(C)C)C(OC)=CC=C2OC,37.21381762
Ic1cccnc1,CCOC(=O)c1onc(OC)c1,CN(C)/C(N(C)C)=N\C(C)(C)C,CC(C)C1=CC(C(C)C)=CC(C(C)C)=C1C2=C(P(C3CCCCC3)C4CCCCC4)C=CC=C2,27.22195897
COc1ccc(Br)cc1,C(N(Cc1ccccc1)c2oncc2)c3ccccc3,CN(C)P(N(C)C)(N(C)C)=NP(N(C)C)(N(C)C)=NCC,CC(C)C1=CC(C(C)C)=CC(C(C)C)=C1C2=C(P(C(C)(C)C)C(C)(C)C)C(OC)=CC=C2OC,38.02062933
COc1ccc(Cl)cc1,C(N(Cc1ccccc1)c2oncc2)c3ccccc3,CN(C)/C(N(C)C)=N\C(C)(C)C,CC(C)C1=CC(C(C)C)=CC(C(C)C)=C1C2=C(P(C(C)(C)C)C(C)(C)C)C(OC)=CC=C2OC,0.0
FC(F)(F)c1ccc(Cl)cc1,Cc1ccon1,CN1CCCN2CCCN=C12,CC(C1=C(C2=C(OC)C=CC(OC)=C2P(C34CC5CC(C4)CC(C5)C3)C67CC8CC(C7)CC(C8)C6)C(C(C)C)=CC(C(C)C)=C1)C,12.78013721
FC(F)(F)c1ccc(Br)cc1,Cc1onc(c1)n2cccc2,CN1CCCN2CCCN=C12,CC(C)C1=CC(C(C)C)=CC(C(C)C)=C1C2=C(P(C(C)(C)C)C(C)(C)C)C(OC)=CC=C2OC,38.20471013
FC(F)(F)c1ccc(Cl)cc1,Fc1cccc(F)c1c2oncc2,CN(C)/C(N(C)C)=N\C(C)(C)C,CC(C1=C(C2=C(OC)C=CC(OC)=C2P(C34CC5CC(C4)CC(C5)C3)C67CC8CC(C7)CC(C8)C6)C(C(C)C)=CC(C(C)C)=C1)C,2.505489323
COc1ccc(I)cc1,Cc1cc(on1)c2ccccc2,CN(C)P(N(C)C)(N(C)C)=NP(N(C)C)(N(C)C)=NCC,CC(C)C1=CC(C(C)C)=CC(C(C)C)=C1C2=C(P(C3CCCCC3)C4CCCCC4)C=CC=C2,47.59873076
Ic1cccnc1,COC(=O)c1cc(on1)c2sccc2,CN(C)/C(N(C)C)=N\C(C)(C)C,CC(C1=C(C2=C(OC)C=CC(OC)=C2P(C34CC5CC(C4)CC(C5)C3)C67CC8CC(C7)CC(C8)C6)C(C(C)C)=CC(C(C)C)=C1)C,55.26466335
Clc1ccccn1,Cc1ccon1,CN1CCCN2CCCN=C12,CC(C1=C(C2=C(OC)C=CC(OC)=C2P(C34CC5CC(C4)CC(C5)C3)C67CC8CC(C7)CC(C8)C6)C(C(C)C)=CC(C(C)C)=C1)C,81.37846659
Clc1ccccn1,CCOC(=O)c1onc(OC)c1,CN(C)P(N(C)C)(N(C)C)=NP(N(C)C)(N(C)C)=NCC,CC(C)C1=CC(C(C)C)=CC(C(C)C)=C1C2=C(P(C3CCCCC3)C4CCCCC4)C=CC=C2,36.55522639
COc1ccc(I)cc1,CCOC(=O)c1cnoc1C,CN(C)P(N(C)C)(N(C)C)=NP(N(C)C)(N(C)C)=NCC,CC(C)C1=CC(C(C)C)=CC(C(C)C)=C1C2=C(P(C(C)(C)C)C(C)(C)C)C(OC)=CC=C2OC,19.46778248
COc1ccc(Cl)cc1,COC(=O)c1oncc1,CN1CCCN2CCCN=C12,CC(C)C1=CC(C(C)C)=CC(C(C)C)=C1C2=C(P(C3CCCCC3)C4CCCCC4)C=CC=C2,0.0
CCc1ccc(I)cc1,Fc1cccc(F)c1c2oncc2,CN(C)P(N(C)C)(N(C)C)=NP(N(C)C)(N(C)C)=NCC,CC(C)C1=CC(C(C)C)=CC(C(C)C)=C1C2=C(P(C3CCCCC3)C4CCCCC4)C=CC=C2,16.70711364
FC(F)(F)c1ccc(Br)cc1,o1nccc1c2ccccc2,CN(C)/C(N(C)C)=N\C(C)(C)C,CC(C)C1=CC(C(C)C)=CC(C(C)C)=C1C2=C(P(C3CCCCC3)C4CCCCC4)C=CC=C2,30.5912617
COc1ccc(I)cc1,Cc1cc(on1)c2ccccc2,CN(C)/C(N(C)C)=N\C(C)(C)C,CC(C1=C(C2=C(OC)C=CC(OC)=C2P(C34CC5CC(C4)CC(C5)C3)C67CC8CC(C7)CC(C8)C6)C(C(C)C)=CC(C(C)C)=C1)C,40.59375347
FC(F)(F)c1ccc(Br)cc1,COC(=O)c1cc(on1)c2sccc2,CN(C)/C(N(C)C)=N\C(C)(C)C,CC(C1=C(C2=C(OC)C=CC(OC)=C2P(C34CC5CC(C4)CC(C5)C3)C67CC8CC(C7)CC(C8)C6)C(C(C)C)=CC(C(C)C)=C1)C,28.74221631
CCc1ccc(Cl)cc1,o1cc(cn1)c2ccccc2,CN(C)P(N(C)C)(N(C)C)=NP(N(C)C)(N(C)C)=NCC,CC(C)C1=CC(C(C)C)=CC(C(C)C)=C1C2=C(P(C3CCCCC3)C4CCCCC4)C=CC=C2,8.323184663
Brc1cccnc1,Cc1ccon1,CN(C)/C(N(C)C)=N\C(C)(C)C,CC(C)C1=CC(C(C)C)=CC(C(C)C)=C1C2=C(P(C3CCCCC3)C4CCCCC4)C=CC=C2,42.70687587
Brc1ccccn1,COC(=O)c1cc(on1)c2sccc2,CN(C)P(N(C)C)(N(C)C)=NP(N(C)C)(N(C)C)=NCC,CC(C)C(C=C(C(C)C)C=C1C(C)C)=C1C2=CC=CC=C2P(C(C)(C)C)C(C)(C)C,73.26731184
Clc1cccnc1,CCOC(=O)c1onc(OC)c1,CN(C)P(N(C)C)(N(C)C)=NP(N(C)C)(N(C)C)=NCC,CC(C1=C(C2=C(OC)C=CC(OC)=C2P(C34CC5CC(C4)CC(C5)C3)C67CC8CC(C7)CC(C8)C6)C(C(C)C)=CC(C(C)C)=C1)C,8.332944957
CCc1ccc(I)cc1,Fc1cccc(F)c1c2oncc2,CN(C)P(N(C)C)(N(C)C)=NP(N(C)C)(N(C)C)=NCC,CC(C)C1=CC(C(C)C)=CC(C(C)C)=C1C2=C(P(C(C)(C)C)C(C)(C)C)C(OC)=CC=C2OC,26.50151753
Clc1ccccn1,o1cc2ccccc2n1,CN(C)/C(N(C)C)=N\C(C)(C)C,CC(C)C1=CC(C(C)C)=CC(C(C)C)=C1C2=C(P(C(C)(C)C)C(C)(C)C)C(OC)=CC=C2OC,9.609943508
COc1ccc(Br)cc1,o1cc(cn1)c2ccccc2,CN(C)/C(N(C)C)=N\C(C)(C)C,CC(C1=C(C2=C(OC)C=CC(OC)=C2P(C34CC5CC(C4)CC(C5)C3)C67CC8CC(C7)CC(C8)C6)C(C(C)C)=CC(C(C)C)=C1)C,15.1448727
CCc1ccc(Cl)cc1,Cc1cc(on1)c2ccccc2,CN(C)P(N(C)C)(N(C)C)=NP(N(C)C)(N(C)C)=NCC,CC(C)C1=CC(C(C)C)=CC(C(C)C)=C1C2=C(P(C(C)(C)C)C(C)(C)C)C(OC)=CC=C2OC,7.810317963
Ic1ccccn1,o1ncc2ccccc12,CN1CCCN2CCCN=C12,CC(C)C1=CC(C(C)C)=CC(C(C)C)=C1C2=C(P(C(C)(C)C)C(C)(C)C)C(OC)=CC=C2OC,89.5987779
CCc1ccc(Cl)cc1,Cc1ccon1,CN1CCCN2CCCN=C12,CC(C)C(C=C(C(C)C)C=C1C(C)C)=C1C2=CC=CC=C2P(C(C)(C)C)C(C)(C)C,3.893641215
CCc1ccc(I)cc1,Cc1onc(c1)n2cccc2,CN(C)/C(N(C)C)=N\C(C)(C)C,CC(C)C1=CC(C(C)C)=CC(C(C)C)=C1C2=C(P(C3CCCCC3)C4CCCCC4)C=CC=C2,37.39742705
FC(F)(F)c1ccc(Cl)cc1,CCOC(=O)c1cc(C)on1,CN(C)P(N(C)C)(N(C)C)=NP(N(C)C)(N(C)C)=NCC,CC(C)C(C=C(C(C)C)C=C1C(C)C)=C1C2=CC=CC=C2P(C(C)(C)C)C(C)(C)C,45.04873884
Clc1ccccn1,CCOC(=O)c1conc1,CN(C)P(N(C)C)(N(C)C)=NP(N(C)C)(N(C)C)=NCC,CC(C)C(C=C(C(C)C)C=C1C(C)C)=C1C2=CC=CC=C2P(C(C)(C)C)C(C)(C)C,3.451949517
Ic1cccnc1,Cc1onc(c1)n2cccc2,CN(C)/C(N(C)C)=N\C(C)(C)C,CC(C)C1=CC(C(C)C)=CC(C(C)C)=C1C2=C(P(C3CCCCC3)C4CCCCC4)C=CC=C2,41.00150742
COc1ccc(Br)cc1,CCOC(=O)c1ccon1,CN(C)P(N(C)C)(N(C)C)=NP(N(C)C)(N(C)C)=NCC,CC(C)C1=CC(C(C)C)=CC(C(C)C)=C1C2=C(P(C3CCCCC3)C4CCCCC4)C=CC=C2,0.0
FC(F)(F)c1ccc(Cl)cc1,o1ncc2ccccc12,CN(C)/C(N(C)C)=N\C(C)(C)C,CC(C1=C(C2=C(OC)C=CC(OC)=C2P(C34CC5CC(C4)CC(C5)C3)C67CC8CC(C7)CC(C8)C6)C(C(C)C)=CC(C(C)C)=C1)C,5.195732957
CCc1ccc(Br)cc1,Cc1onc(c1)n2cccc2,CN1CCCN2CCCN=C12,CC(C1=C(C2=C(OC)C=CC(OC)=C2P(C34CC5CC(C4)CC(C5)C3)C67CC8CC(C7)CC(C8)C6)C(C(C)C)=CC(C(C)C)=C1)C,69.84952946
CCc1ccc(Cl)cc1,Fc1cccc(F)c1c2oncc2,CN(C)/C(N(C)C)=N\C(C)(C)C,CC(C)C(C=C(C(C)C)C=C1C(C)C)=C1C2=CC=CC=C2P(C(C)(C)C)C(C)(C)C,1.257407502
FC(F)(F)c1ccc(I)cc1,CCOC(=O)c1conc1,CN1CCCN2CCCN=C12,CC(C)C1=CC(C(C)C)=CC(C(C)C)=C1C2=C(P(C(C)(C)C)C(C)(C)C)C(OC)=CC=C2OC,22.47082227
COc1ccc(I)cc1,CCOC(=O)c1conc1,CN(C)/C(N(C)C)=N\C(C)(C)C,CC(C)C(C=C(C(C)C)C=C1C(C)C)=C1C2=CC=CC=C2P(C(C)(C)C)C(C)(C)C,2.732925094
COc1ccc(Cl)cc1,o1cc2ccccc2n1,CN1CCCN2CCCN=C12,CC(C1=C(C2=C(OC)C=CC(OC)=C2P(C34CC5CC(C4)CC(C5)C3)C67CC8CC(C7)CC(C8)C6)C(C(C)C)=CC(C(C)C)=C1)C,0.0
Clc1cccnc1,C(N(Cc1ccccc1)c2ccon2)c3ccccc3,CN(C)P(N(C)C)(N(C)C)=NP(N(C)C)(N(C)C)=NCC,CC(C)C(C=C(C(C)C)C=C1C(C)C)=C1C2=CC=CC=C2P(C(C)(C)C)C(C)(C)C,65.3367146
FC(F)(F)c1ccc(Cl)cc1,Cc1ccon1,CN(C)/C(N(C)C)=N\C(C)(C)C,CC(C1=C(C2=C(OC)C=CC(OC)=C2P(C34CC5CC(C4)CC(C5)C3)C67CC8CC(C7)CC(C8)C6)C(C(C)C)=CC(C(C)C)=C1)C,9.328786223
FC(F)(F)c1ccc(Br)cc1,Fc1cccc(F)c1c2oncc2,CN1CCCN2CCCN=C12,CC(C)C(C=C(C(C)C)C=C1C(C)C)=C1C2=CC=CC=C2P(C(C)(C)C)C(C)(C)C,40.13524468
COc1ccc(Br)cc1,CCOC(=O)c1onc(C)c1,CN(C)/C(N(C)C)=N\C(C)(C)C,CC(C1=C(C2=C(OC)C=CC(OC)=C2P(C34CC5CC(C4)CC(C5)C3)C67CC8CC(C7)CC(C8)C6)C(C(C)C)=CC(C(C)C)=C1)C,21.71222946
Ic1cccnc1,o1cc(cn1)c2ccccc2,CN(C)P(N(C)C)(N(C)C)=NP(N(C)C)(N(C)C)=NCC,CC(C1=C(C2=C(OC)C=CC(OC)=C2P(C34CC5CC(C4)CC(C5)C3)C67CC8CC(C7)CC(C8)C6)C(C(C)C)=CC(C(C)C)=C1)C,68.57486471
Clc1cccnc1,COC(=O)c1cc(on1)c2sccc2,CN(C)P(N(C)C)(N(C)C)=NP(N(C)C)(N(C)C)=NCC,CC(C1=C(C2=C(OC)C=CC(OC)=C2P(C34CC5CC(C4)CC(C5)C3)C67CC8CC(C7)CC(C8)C6)C(C(C)C)=CC(C(C)C)=C1)C,0.899554125
Brc1ccccn1,CCOC(=O)c1onc(OC)c1,CN1CCCN2CCCN=C12,CC(C)C(C=C(C(C)C)C=C1C(C)C)=C1C2=CC=CC=C2P(C(C)(C)C)C(C)(C)C,81.27460019
CCc1ccc(Br)cc1,Fc1cccc(F)c1c2oncc2,CN(C)/C(N(C)C)=N\C(C)(C)C,CC(C1=C(C2=C(OC)C=CC(OC)=C2P(C34CC5CC(C4)CC(C5)C3)C67CC8CC(C7)CC(C8)C6)C(C(C)C)=CC(C(C)C)=C1)C,24.05265274
Clc1ccccn1,Cc1ccon1,CN(C)P(N(C)C)(N(C)C)=NP(N(C)C)(N(C)C)=NCC,CC(C)C1=CC(C(C)C)=CC(C(C)C)=C1C2=C(P(C3CCCCC3)C4CCCCC4)C=CC=C2,14.11480355
CCc1ccc(Cl)cc1,C(N(Cc1ccccc1)c2oncc2)c3ccccc3,CN(C)/C(N(C)C)=N\C(C)(C)C,CC(C)C1=CC(C(C)C)=CC(C(C)C)=C1C2=C(P(C(C)(C)C)C(C)(C)C)C(OC)=CC=C2OC,6.312401384
CCc1ccc(I)cc1,COC(=O)c1oncc1,CN(C)P(N(C)C)(N(C)C)=NP(N(C)C)(N(C)C)=NCC,CC(C)C1=CC(C(C)C)=CC(C(C)C)=C1C2=C(P(C3CCCCC3)C4CCCCC4)C=CC=C2,10.22354965
CCc1ccc(I)cc1,o1cc2ccccc2n1,CN1CCCN2CCCN=C12,CC(C)C1=CC(C(C)C)=CC(C(C)C)=C1C2=C(P(C3CCCCC3)C4CCCCC4)C=CC=C2,2.902396599
Brc1ccccn1,COC(=O)c1oncc1,CN(C)/C(N(C)C)=N\C(C)(C)C,CC(C)C(C=C(C(C)C)C=C1C(C)C)=C1C2=CC=CC=C2P(C(C)(C)C)C(C)(C)C,54.30595244
CCc1ccc(Br)cc1,COC(=O)c1cc(on1)c2sccc2,CN(C)/C(N(C)C)=N\C(C)(C)C,CC(C)C(C=C(C(C)C)C=C1C(C)C)=C1C2=CC=CC=C2P(C(C)(C)C)C(C)(C)C,55.17541483
FC(F)(F)c1ccc(I)cc1,Cc1onc(C)c1,CN(C)P(N(C)C)(N(C)C)=NP(N(C)C)(N(C)C)=NCC,CC(C)C1=CC(C(C)C)=CC(C(C)C)=C1C2=C(P(C(C)(C)C)C(C)(C)C)C(OC)=CC=C2OC,39.13544884
Brc1cccnc1,C(N(Cc1ccccc1)c2oncc2)c3ccccc3,CN(C)/C(N(C)C)=N\C(C)(C)C,CC(C1=C(C2=C(OC)C=CC(OC)=C2P(C34CC5CC(C4)CC(C5)C3)C67CC8CC(C7)CC(C8)C6)C(C(C)C)=CC(C(C)C)=C1)C,47.55321922
FC(F)(F)c1ccc(Cl)cc1,o1cc2ccccc2n1,CN(C)P(N(C)C)(N(C)C)=NP(N(C)C)(N(C)C)=NCC,CC(C)C(C=C(C(C)C)C=C1C(C)C)=C1C2=CC=CC=C2P(C(C)(C)C)C(C)(C)C,10.05139356
FC(F)(F)c1ccc(I)cc1,Fc1cccc(F)c1c2oncc2,CN(C)P(N(C)C)(N(C)C)=NP(N(C)C)(N(C)C)=NCC,CC(C1=C(C2=C(OC)C=CC(OC)=C2P(C34CC5CC(C4)CC(C5)C3)C67CC8CC(C7)CC(C8)C6)C(C(C)C)=CC(C(C)C)=C1)C,10.78771766
COc1ccc(Cl)cc1,COC(=O)c1cc(on1)c2occc2,CN(C)/C(N(C)C)=N\C(C)(C)C,CC(C)C(C=C(C(C)C)C=C1C(C)C)=C1C2=CC=CC=C2P(C(C)(C)C)C(C)(C)C,0.0
COc1ccc(Cl)cc1,COC(=O)c1oncc1,CN1CCCN2CCCN=C12,CC(C)C1=CC(C(C)C)=CC(C(C)C)=C1C2=C(P(C(C)(C)C)C(C)(C)C)C(OC)=CC=C2OC,0.987020024
Brc1ccccn1,o1nccc1c2ccccc2,CN(C)/C(N(C)C)=N\C(C)(C)C,CC(C)C(C=C(C(C)C)C=C1C(C)C)=C1C2=CC=CC=C2P(C(C)(C)C)C(C)(C)C,82.1847816
Ic1cccnc1,o1cc2ccccc2n1,CN1CCCN2CCCN=C12,CC(C1=C(C2=C(OC)C=CC(OC)=C2P(C34CC5CC(C4)CC(C5)C3)C67CC8CC(C7)CC(C8)C6)C(C(C)C)=CC(C(C)C)=C1)C,47.30915738
FC(F)(F)c1ccc(Br)cc1,o1cc(cn1)c2ccccc2,CN(C)/C(N(C)C)=N\C(C)(C)C,CC(C1=C(C2=C(OC)C=CC(OC)=C2P(C34CC5CC(C4)CC(C5)C3)C67CC8CC(C7)CC(C8)C6)C(C(C)C)=CC(C(C)C)=C1)C,19.84794125
Ic1cccnc1,COC(=O)c1cc(on1)c2occc2,CN1CCCN2CCCN=C12,CC(C1=C(C2=C(OC)C=CC(OC)=C2P(C34CC5CC(C4)CC(C5)C3)C67CC8CC(C7)CC(C8)C6)C(C(C)C)=CC(C(C)C)=C1)C,83.95560608
Clc1ccccn1,COC(=O)c1cc(on1)c2occc2,CN1CCCN2CCCN=C12,CC(C)C(C=C(C(C)C)C=C1C(C)C)=C1C2=CC=CC=C2P(C(C)(C)C)C(C)(C)C,84.64975432
FC(F)(F)c1ccc(Br)cc1,C(N(Cc1ccccc1)c2oncc2)c3ccccc3,CN(C)/C(N(C)C)=N\C(C)(C)C,CC(C1=C(C2=C(OC)C=CC(OC)=C2P(C34CC5CC(C4)CC(C5)C3)C67CC8CC(C7)CC(C8)C6)C(C(C)C)=CC(C(C)C)=C1)C,26.32369704
Ic1ccccn1,o1ccc(n1)c2ccccc2,CN(C)/C(N(C)C)=N\C(C)(C)C,CC(C)C1=CC(C(C)C)=CC(C(C)C)=C1C2=C(P(C(C)(C)C)C(C)(C)C)C(OC)=CC=C2OC,91.20970452
COc1ccc(Br)cc1,CCOC(=O)c1conc1,CN1CCCN2CCCN=C12,CC(C)C1=CC(C(C)C)=CC(C(C)C)=C1C2=C(P(C3CCCCC3)C4CCCCC4)C=CC=C2,4.73013199
Ic1ccccn1,Cc1cc(on1)c2ccccc2,CN1CCCN2CCCN=C12,CC(C)C1=CC(C(C)C)=CC(C(C)C)=C1C2=C(P(C(C)(C)C)C(C)(C)C)C(OC)=CC=C2OC,89.12987666
Ic1cccnc1,CCOC(=O)c1cnoc1C,CN1CCCN2CCCN=C12,CC(C)C1=CC(C(C)C)=CC(C(C)C)=C1C2=C(P(C3CCCCC3)C4CCCCC4)C=CC=C2,26.7561311
FC(F)(F)c1ccc(Cl)cc1,CCOC(=O)c1cnoc1C,CN(C)P(N(C)C)(N(C)C)=NP(N(C)C)(N(C)C)=NCC,CC(C)C1=CC(C(C)C)=CC(C(C)C)=C1C2=C(P(C(C)(C)C)C(C)(C)C)C(OC)=CC=C2OC,11.30133212
CCc1ccc(I)cc1,CCOC(=O)c1cc(C)on1,CN(C)P(N(C)C)(N(C)C)=NP(N(C)C)(N(C)C)=NCC,CC(C)C1=CC(C(C)C)=CC(C(C)C)=C1C2=C(P(C3CCCCC3)C4CCCCC4)C=CC=C2,57.37548977
Ic1ccccn1,Cc1onc(c1)n2cccc2,CN1CCCN2CCCN=C12,CC(C)C1=CC(C(C)C)=CC(C(C)C)=C1C2=C(P(C(C)(C)C)C(C)(C)C)C(OC)=CC=C2OC,85.64532689
Clc1cccnc1,CCOC(=O)c1onc(OC)c1,CN1CCCN2CCCN=C12,CC(C)C1=CC(C(C)C)=CC(C(C)C)=C1C2=C(P(C3CCCCC3)C4CCCCC4)C=CC=C2,4.577603745
CCc1ccc(I)cc1,C(N(Cc1ccccc1)c2ccon2)c3ccccc3,CN1CCCN2CCCN=C12,CC(C1=C(C2=C(OC)C=CC(OC)=C2P(C34CC5CC(C4)CC(C5)C3)C67CC8CC(C7)CC(C8)C6)C(C(C)C)=CC(C(C)C)=C1)C,72.8478499
COc1ccc(Cl)cc1,C(N(Cc1ccccc1)c2oncc2)c3ccccc3,CN(C)/C(N(C)C)=N\C(C)(C)C,CC(C)C1=CC(C(C)C)=CC(C(C)C)=C1C2=C(P(C3CCCCC3)C4CCCCC4)C=CC=C2,0.0
Brc1cccnc1,CCOC(=O)c1cc(C)on1,CN(C)/C(N(C)C)=N\C(C)(C)C,CC(C)C(C=C(C(C)C)C=C1C(C)C)=C1C2=CC=CC=C2P(C(C)(C)C)C(C)(C)C,77.33294235
Brc1cccnc1,CCOC(=O)c1cc(C)on1,CN(C)P(N(C)C)(N(C)C)=NP(N(C)C)(N(C)C)=NCC,CC(C)C1=CC(C(C)C)=CC(C(C)C)=C1C2=C(P(C3CCCCC3)C4CCCCC4)C=CC=C2,20.73475671
Brc1ccccn1,Cc1oncc1,CN(C)P(N(C)C)(N(C)C)=NP(N(C)C)(N(C)C)=NCC,CC(C)C1=CC(C(C)C)=CC(C(C)C)=C1C2=C(P(C(C)(C)C)C(C)(C)C)C(OC)=CC=C2OC,32.01759643
CCc1ccc(I)cc1,Cc1oncc1,CN(C)P(N(C)C)(N(C)C)=NP(N(C)C)(N(C)C)=NCC,CC(C)C1=CC(C(C)C)=CC(C(C)C)=C1C2=C(P(C(C)(C)C)C(C)(C)C)C(OC)=CC=C2OC,17.15607423
COc1ccc(Cl)cc1,Cc1oncc1,CN1CCCN2CCCN=C12,CC(C1=C(C2=C(OC)C=CC(OC)=C2P(C34CC5CC(C4)CC(C5)C3)C67CC8CC(C7)CC(C8)C6)C(C(C)C)=CC(C(C)C)=C1)C,0.382305168
FC(F)(F)c1ccc(Br)cc1,o1ccc(n1)c2ccccc2,CN(C)P(N(C)C)(N(C)C)=NP(N(C)C)(N(C)C)=NCC,CC(C)C1=CC(C(C)C)=CC(C(C)C)=C1C2=C(P(C3CCCCC3)C4CCCCC4)C=CC=C2,2.391870808
Clc1cccnc1,o1ccc(n1)c2ccccc2,CN1CCCN2CCCN=C12,CC(C)C1=CC(C(C)C)=CC(C(C)C)=C1C2=C(P(C3CCCCC3)C4CCCCC4)C=CC=C2,15.1458408
CCc1ccc(Cl)cc1,o1cc2ccccc2n1,CN1CCCN2CCCN=C12,CC(C1=C(C2=C(OC)C=CC(OC)=C2P(C34CC5CC(C4)CC(C5)C3)C67CC8CC(C7)CC(C8)C6)C(C(C)C)=CC(C(C)C)=C1)C,0.0
FC(F)(F)c1ccc(Br)cc1,COC(=O)c1cc(on1)c2occc2,CN(C)P(N(C)C)(N(C)C)=NP(N(C)C)(N(C)C)=NCC,CC(C1=C(C2=C(OC)C=CC(OC)=C2P(C34CC5CC(C4)CC(C5)C3)C67CC8CC(C7)CC(C8)C6)C(C(C)C)=CC(C(C)C)=C1)C,16.04849725
CCc1ccc(Cl)cc1,CCOC(=O)c1conc1,CN1CCCN2CCCN=C12,CC(C)C(C=C(C(C)C)C=C1C(C)C)=C1C2=CC=CC=C2P(C(C)(C)C)C(C)(C)C,14.32160153
Ic1cccnc1,CCOC(=O)c1ccon1,CN1CCCN2CCCN=C12,CC(C)C1=CC(C(C)C)=CC(C(C)C)=C1C2=C(P(C(C)(C)C)C(C)(C)C)C(OC)=CC=C2OC,87.237545
Brc1cccnc1,CCOC(=O)c1cc(C)on1,CN1CCCN2CCCN=C12,CC(C)C1=CC(C(C)C)=CC(C(C)C)=C1C2=C(P(C(C)(C)C)C(C)(C)C)C(OC)=CC=C2OC,86.41285544
COc1ccc(Br)cc1,o1cc2ccccc2n1,CN1CCCN2CCCN=C12,CC(C)C1=CC(C(C)C)=CC(C(C)C)=C1C2=C(P(C3CCCCC3)C4CCCCC4)C=CC=C2,0.0
Brc1ccccn1,CCOC(=O)c1conc1,CN(C)P(N(C)C)(N(C)C)=NP(N(C)C)(N(C)C)=NCC,CC(C)C1=CC(C(C)C)=CC(C(C)C)=C1C2=C(P(C(C)(C)C)C(C)(C)C)C(OC)=CC=C2OC,2.413308832
COc1ccc(Cl)cc1,COC(=O)c1cc(on1)c2occc2,CN1CCCN2CCCN=C12,CC(C)C(C=C(C(C)C)C=C1C(C)C)=C1C2=CC=CC=C2P(C(C)(C)C)C(C)(C)C,0.0
CCc1ccc(Br)cc1,o1cc2ccccc2n1,CN(C)/C(N(C)C)=N\C(C)(C)C,CC(C1=C(C2=C(OC)C=CC(OC)=C2P(C34CC5CC(C4)CC(C5)C3)C67CC8CC(C7)CC(C8)C6)C(C(C)C)=CC(C(C)C)=C1)C,4.677881799
Brc1ccccn1,C(N(Cc1ccccc1)c2ccon2)c3ccccc3,CN(C)/C(N(C)C)=N\C(C)(C)C,CC(C1=C(C2=C(OC)C=CC(OC)=C2P(C34CC5CC(C4)CC(C5)C3)C67CC8CC(C7)CC(C8)C6)C(C(C)C)=CC(C(C)C)=C1)C,41.4297554
FC(F)(F)c1ccc(Cl)cc1,Cc1onc(c1)n2cccc2,CN(C)/C(N(C)C)=N\C(C)(C)C,CC(C)C1=CC(C(C)C)=CC(C(C)C)=C1C2=C(P(C(C)(C)C)C(C)(C)C)C(OC)=CC=C2OC,27.20831726
CCc1ccc(Cl)cc1,CCOC(=O)c1cnoc1C,CN1CCCN2CCCN=C12,CC(C)C(C=C(C(C)C)C=C1C(C)C)=C1C2=CC=CC=C2P(C(C)(C)C)C(C)(C)C,13.56968075
CCc1ccc(Br)cc1,CCOC(=O)c1onc(OC)c1,CN(C)P(N(C)C)(N(C)C)=NP(N(C)C)(N(C)C)=NCC,CC(C1=C(C2=C(OC)C=CC(OC)=C2P(C34CC5CC(C4)CC(C5)C3)C67CC8CC(C7)CC(C8)C6)C(C(C)C)=CC(C(C)C)=C1)C,62.78571552
COc1ccc(Cl)cc1,COC(=O)c1cc(on1)c2sccc2,CN(C)/C(N(C)C)=N\C(C)(C)C,CC(C)C1=CC(C(C)C)=CC(C(C)C)=C1C2=C(P(C(C)(C)C)C(C)(C)C)C(OC)=CC=C2OC,0.0
CCc1ccc(I)cc1,Cc1cc(on1)c2ccccc2,CN(C)P(N(C)C)(N(C)C)=NP(N(C)C)(N(C)C)=NCC,CC(C1=C(C2=C(OC)C=CC(OC)=C2P(C34CC5CC(C4)CC(C5)C3)C67CC8CC(C7)CC(C8)C6)C(C(C)C)=CC(C(C)C)=C1)C,67.79255716
FC(F)(F)c1ccc(I)cc1,CCOC(=O)c1onc(C)c1,CN(C)P(N(C)C)(N(C)C)=NP(N(C)C)(N(C)C)=NCC,CC(C1=C(C2=C(OC)C=CC(OC)=C2P(C34CC5CC(C4)CC(C5)C3)C67CC8CC(C7)CC(C8)C6)C(C(C)C)=CC(C(C)C)=C1)C,44.56045142
Ic1ccccn1,o1ncc2ccccc12,CN(C)P(N(C)C)(N(C)C)=NP(N(C)C)(N(C)C)=NCC,CC(C)C1=CC(C(C)C)=CC(C(C)C)=C1C2=C(P(C(C)(C)C)C(C)(C)C)C(OC)=CC=C2OC,68.44214129
Clc1cccnc1,o1cc2ccccc2n1,CN(C)/C(N(C)C)=N\C(C)(C)C,CC(C)C(C=C(C(C)C)C=C1C(C)C)=C1C2=CC=CC=C2P(C(C)(C)C)C(C)(C)C,0.0
Clc1ccccn1,Cc1cc(on1)c2ccccc2,CN(C)/C(N(C)C)=N\C(C)(C)C,CC(C)C1=CC(C(C)C)=CC(C(C)C)=C1C2=C(P(C(C)(C)C)C(C)(C)C)C(OC)=CC=C2OC,56.33395035
Ic1cccnc1,CCOC(=O)c1cnoc1C,CN(C)/C(N(C)C)=N\C(C)(C)C,CC(C)C(C=C(C(C)C)C=C1C(C)C)=C1C2=CC=CC=C2P(C(C)(C)C)C(C)(C)C,39.10680932
FC(F)(F)c1ccc(Cl)cc1,o1ccc(n1)c2ccccc2,CN1CCCN2CCCN=C12,CC(C)C1=CC(C(C)C)=CC(C(C)C)=C1C2=C(P(C(C)(C)C)C(C)(C)C)C(OC)=CC=C2OC,23.89038147
CCc1ccc(Br)cc1,C(N(Cc1ccccc1)c2oncc2)c3ccccc3,CN(C)/C(N(C)C)=N\C(C)(C)C,CC(C1=C(C2=C(OC)C=CC(OC)=C2P(C34CC5CC(C4)CC(C5)C3)C67CC8CC(C7)CC(C8)C6)C(C(C)C)=CC(C(C)C)=C1)C,30.16614104
CCc1ccc(I)cc1,o1ccc(n1)c2ccccc2,CN1CCCN2CCCN=C12,CC(C)C1=CC(C(C)C)=CC(C(C)C)=C1C2=C(P(C3CCCCC3)C4CCCCC4)C=CC=C2,58.95423439
Brc1cccnc1,CCOC(=O)c1cnoc1C,CN(C)P(N(C)C)(N(C)C)=NP(N(C)C)(N(C)C)=NCC,CC(C1=C(C2=C(OC)C=CC(OC)=C2P(C34CC5CC(C4)CC(C5)C3)C67CC8CC(C7)CC(C8)C6)C(C(C)C)=CC(C(C)C)=C1)C,12.60415393
Ic1ccccn1,C(N(Cc1ccccc1)c2oncc2)c3ccccc3,CN(C)P(N(C)C)(N(C)C)=NP(N(C)C)(N(C)C)=NCC,CC(C)C1=CC(C(C)C)=CC(C(C)C)=C1C2=C(P(C(C)(C)C)C(C)(C)C)C(OC)=CC=C2OC,58.17261114
CCc1ccc(Br)cc1,COC(=O)c1oncc1,CN1CCCN2CCCN=C12,CC(C1=C(C2=C(OC)C=CC(OC)=C2P(C34CC5CC(C4)CC(C5)C3)C67CC8CC(C7)CC(C8)C6)C(C(C)C)=CC(C(C)C)=C1)C,29.36083658
CCc1ccc(Br)cc1,CCOC(=O)c1cc(C)on1,CN1CCCN2CCCN=C12,CC(C)C(C=C(C(C)C)C=C1C(C)C)=C1C2=CC=CC=C2P(C(C)(C)C)C(C)(C)C,78.80108905
COc1ccc(Br)cc1,Cc1oncc1,CN(C)/C(N(C)C)=N\C(C)(C)C,CC(C1=C(C2=C(OC)C=CC(OC)=C2P(C34CC5CC(C4)CC(C5)C3)C67CC8CC(C7)CC(C8)C6)C(C(C)C)=CC(C(C)C)=C1)C,20.36820588
Ic1cccnc1,Cc1onc(c1)n2cccc2,CN1CCCN2CCCN=C12,CC(C)C1=CC(C(C)C)=CC(C(C)C)=C1C2=C(P(C3CCCCC3)C4CCCCC4)C=CC=C2,43.30658798
COc1ccc(Cl)cc1,Cc1oncc1,CN(C)P(N(C)C)(N(C)C)=NP(N(C)C)(N(C)C)=NCC,CC(C)C1=CC(C(C)C)=CC(C(C)C)=C1C2=C(P(C(C)(C)C)C(C)(C)C)C(OC)=CC=C2OC,0.295056228
Brc1cccnc1,CCOC(=O)c1ccon1,CN1CCCN2CCCN=C12,CC(C)C1=CC(C(C)C)=CC(C(C)C)=C1C2=C(P(C(C)(C)C)C(C)(C)C)C(OC)=CC=C2OC,86.89971677
Clc1ccccn1,o1ncc2ccccc12,CN1CCCN2CCCN=C12,CC(C)C1=CC(C(C)C)=CC(C(C)C)=C1C2=C(P(C3CCCCC3)C4CCCCC4)C=CC=C2,16.58042552
COc1ccc(I)cc1,CCOC(=O)c1onc(OC)c1,CN(C)P(N(C)C)(N(C)C)=NP(N(C)C)(N(C)C)=NCC,CC(C)C1=CC(C(C)C)=CC(C(C)C)=C1C2=C(P(C3CCCCC3)C4CCCCC4)C=CC=C2,32.37253744
CCc1ccc(Br)cc1,CCOC(=O)c1ccon1,CN(C)P(N(C)C)(N(C)C)=NP(N(C)C)(N(C)C)=NCC,CC(C)C1=CC(C(C)C)=CC(C(C)C)=C1C2=C(P(C3CCCCC3)C4CCCCC4)C=CC=C2,0.0
Brc1ccccn1,Cc1ccon1,CN(C)P(N(C)C)(N(C)C)=NP(N(C)C)(N(C)C)=NCC,CC(C)C1=CC(C(C)C)=CC(C(C)C)=C1C2=C(P(C3CCCCC3)C4CCCCC4)C=CC=C2,17.56349703
Clc1cccnc1,COC(=O)c1cc(on1)c2sccc2,CN(C)/C(N(C)C)=N\C(C)(C)C,CC(C1=C(C2=C(OC)C=CC(OC)=C2P(C34CC5CC(C4)CC(C5)C3)C67CC8CC(C7)CC(C8)C6)C(C(C)C)=CC(C(C)C)=C1)C,1.720185042
COc1ccc(I)cc1,CCOC(=O)c1cnoc1C,CN(C)P(N(C)C)(N(C)C)=NP(N(C)C)(N(C)C)=NCC,CC(C1=C(C2=C(OC)C=CC(OC)=C2P(C34CC5CC(C4)CC(C5)C3)C67CC8CC(C7)CC(C8)C6)C(C(C)C)=CC(C(C)C)=C1)C,14.35852859
CCc1ccc(I)cc1,Cc1cc(on1)c2ccccc2,CN1CCCN2CCCN=C12,CC(C)C1=CC(C(C)C)=CC(C(C)C)=C1C2=C(P(C3CCCCC3)C4CCCCC4)C=CC=C2,53.84533811
FC(F)(F)c1ccc(Cl)cc1,COC(=O)c1cc(on1)c2sccc2,CN(C)P(N(C)C)(N(C)C)=NP(N(C)C)(N(C)C)=NCC,CC(C)C1=CC(C(C)C)=CC(C(C)C)=C1C2=C(P(C(C)(C)C)C(C)(C)C)C(OC)=CC=C2OC,2.008708666
Ic1cccnc1,o1ncc2ccccc12,CN(C)/C(N(C)C)=N\C(C)(C)C,CC(C)C1=CC(C(C)C)=CC(C(C)C)=C1C2=C(P(C3CCCCC3)C4CCCCC4)C=CC=C2,8.041639597
Ic1ccccn1,C(N(Cc1ccccc1)c2ccon2)c3ccccc3,CN(C)P(N(C)C)(N(C)C)=NP(N(C)C)(N(C)C)=NCC,CC(C)C1=CC(C(C)C)=CC(C(C)C)=C1C2=C(P(C(C)(C)C)C(C)(C)C)C(OC)=CC=C2OC,79.30639259
CCc1ccc(I)cc1,CCOC(=O)c1onc(C)c1,CN1CCCN2CCCN=C12,CC(C1=C(C2=C(OC)C=CC(OC)=C2P(C34CC5CC(C4)CC(C5)C3)C67CC8CC(C7)CC(C8)C6)C(C(C)C)=CC(C(C)C)=C1)C,85.89473594
COc1ccc(Cl)cc1,CCOC(=O)c1cnoc1C,CN(C)P(N(C)C)(N(C)C)=NP(N(C)C)(N(C)C)=NCC,CC(C)C1=CC(C(C)C)=CC(C(C)C)=C1C2=C(P(C3CCCCC3)C4CCCCC4)C=CC=C2,3.02090007
Ic1cccnc1,Cc1onc(C)c1,CN(C)/C(N(C)C)=N\C(C)(C)C,CC(C1=C(C2=C(OC)C=CC(OC)=C2P(C34CC5CC(C4)CC(C5)C3)C67CC8CC(C7)CC(C8)C6)C(C(C)C)=CC(C(C)C)=C1)C,57.26273694
CCc1ccc(Cl)cc1,CCOC(=O)c1onc(OC)c1,CN1CCCN2CCCN=C12,CC(C)C1=CC(C(C)C)=CC(C(C)C)=C1C2=C(P(C(C)(C)C)C(C)(C)C)C(OC)=CC=C2OC,4.04132523
Ic1cccnc1,COC(=O)c1cc(on1)c2occc2,CN(C)/C(N(C)C)=N\C(C)(C)C,CC(C1=C(C2=C(OC)C=CC(OC)=C2P(C34CC5CC(C4)CC(C5)C3)C67CC8CC(C7)CC(C8)C6)C(C(C)C)=CC(C(C)C)=C1)C,57.24624739
Ic1ccccn1,o1nccc1c2ccccc2,CN(C)P(N(C)C)(N(C)C)=NP(N(C)C)(N(C)C)=NCC,CC(C)C(C=C(C(C)C)C=C1C(C)C)=C1C2=CC=CC=C2P(C(C)(C)C)C(C)(C)C,36.58798902
Clc1ccccn1,Cc1onc(C)c1,CN(C)P(N(C)C)(N(C)C)=NP(N(C)C)(N(C)C)=NCC,CC(C)C1=CC(C(C)C)=CC(C(C)C)=C1C2=C(P(C(C)(C)C)C(C)(C)C)C(OC)=CC=C2OC,73.53944548
Ic1ccccn1,CCOC(=O)c1ccon1,CN(C)P(N(C)C)(N(C)C)=NP(N(C)C)(N(C)C)=NCC,CC(C)C(C=C(C(C)C)C=C1C(C)C)=C1C2=CC=CC=C2P(C(C)(C)C)C(C)(C)C,9.011992674
Clc1ccccn1,Cc1onc(C)c1,CN(C)/C(N(C)C)=N\C(C)(C)C,CC(C)C(C=C(C(C)C)C=C1C(C)C)=C1C2=CC=CC=C2P(C(C)(C)C)C(C)(C)C,57.84627264
Brc1ccccn1,CCOC(=O)c1conc1,CN(C)/C(N(C)C)=N\C(C)(C)C,CC(C1=C(C2=C(OC)C=CC(OC)=C2P(C34CC5CC(C4)CC(C5)C3)C67CC8CC(C7)CC(C8)C6)C(C(C)C)=CC(C(C)C)=C1)C,0.0
FC(F)(F)c1ccc(I)cc1,Cc1onc(c1)n2cccc2,CN(C)P(N(C)C)(N(C)C)=NP(N(C)C)(N(C)C)=NCC,CC(C1=C(C2=C(OC)C=CC(OC)=C2P(C34CC5CC(C4)CC(C5)C3)C67CC8CC(C7)CC(C8)C6)C(C(C)C)=CC(C(C)C)=C1)C,29.76126623
CCc1ccc(Br)cc1,C(N(Cc1ccccc1)c2ccon2)c3ccccc3,CN1CCCN2CCCN=C12,CC(C)C1=CC(C(C)C)=CC(C(C)C)=C1C2=C(P(C(C)(C)C)C(C)(C)C)C(OC)=CC=C2OC,74.21032846
Ic1ccccn1,C(N(Cc1ccccc1)c2ccon2)c3ccccc3,CN(C)/C(N(C)C)=N\C(C)(C)C,CC(C)C(C=C(C(C)C)C=C1C(C)C)=C1C2=CC=CC=C2P(C(C)(C)C)C(C)(C)C,62.22086343
Ic1cccnc1,Cc1ccon1,CN(C)/C(N(C)C)=N\C(C)(C)C,CC(C)C1=CC(C(C)C)=CC(C(C)C)=C1C2=C(P(C3CCCCC3)C4CCCCC4)C=CC=C2,51.1783537
Ic1cccnc1,COC(=O)c1oncc1,CN1CCCN2CCCN=C12,CC(C1=C(C2=C(OC)C=CC(OC)=C2P(C34CC5CC(C4)CC(C5)C3)C67CC8CC(C7)CC(C8)C6)C(C(C)C)=CC(C(C)C)=C1)C,63.99072189
COc1ccc(I)cc1,Fc1cccc(F)c1c2oncc2,CN(C)P(N(C)C)(N(C)C)=NP(N(C)C)(N(C)C)=NCC,CC(C)C(C=C(C(C)C)C=C1C(C)C)=C1C2=CC=CC=C2P(C(C)(C)C)C(C)(C)C,15.94900479
Ic1ccccn1,o1ncc2ccccc12,CN1CCCN2CCCN=C12,CC(C1=C(C2=C(OC)C=CC(OC)=C2P(C34CC5CC(C4)CC(C5)C3)C67CC8CC(C7)CC(C8)C6)C(C(C)C)=CC(C(C)C)=C1)C,80.80959568
Clc1cccnc1,COC(=O)c1cc(on1)c2sccc2,CN(C)/C(N(C)C)=N\C(C)(C)C,CC(C)C1=CC(C(C)C)=CC(C(C)C)=C1C2=C(P(C3CCCCC3)C4CCCCC4)C=CC=C2,4.58213428
CCc1ccc(Cl)cc1,CCOC(=O)c1onc(C)c1,CN(C)P(N(C)C)(N(C)C)=NP(N(C)C)(N(C)C)=NCC,CC(C)C(C=C(C(C)C)C=C1C(C)C)=C1C2=CC=CC=C2P(C(C)(C)C)C(C)(C)C,0.705225291
Clc1cccnc1,o1cc2ccccc2n1,CN(C)/C(N(C)C)=N\C(C)(C)C,CC(C)C1=CC(C(C)C)=CC(C(C)C)=C1C2=C(P(C3CCCCC3)C4CCCCC4)C=CC=C2,0.0
CCc1ccc(Br)cc1,Fc1cccc(F)c1c2oncc2,CN1CCCN2CCCN=C12,CC(C)C1=CC(C(C)C)=CC(C(C)C)=C1C2=C(P(C3CCCCC3)C4CCCCC4)C=CC=C2,9.241578451
CCc1ccc(I)cc1,o1ccc(n1)c2ccccc2,CN(C)/C(N(C)C)=N\C(C)(C)C,CC(C)C1=CC(C(C)C)=CC(C(C)C)=C1C2=C(P(C3CCCCC3)C4CCCCC4)C=CC=C2,36.02889558
CCc1ccc(Cl)cc1,CCOC(=O)c1ccon1,CN1CCCN2CCCN=C12,CC(C)C1=CC(C(C)C)=CC(C(C)C)=C1C2=C(P(C(C)(C)C)C(C)(C)C)C(OC)=CC=C2OC,7.228003443
Ic1cccnc1,C(N(Cc1ccccc1)c2ccon2)c3ccccc3,CN(C)P(N(C)C)(N(C)C)=NP(N(C)C)(N(C)C)=NCC,CC(C)C(C=C(C(C)C)C=C1C(C)C)=C1C2=CC=CC=C2P(C(C)(C)C)C(C)(C)C,76.79526891
FC(F)(F)c1ccc(I)cc1,COC(=O)c1cc(on1)c2sccc2,CN1CCCN2CCCN=C12,CC(C)C(C=C(C(C)C)C=C1C(C)C)=C1C2=CC=CC=C2P(C(C)(C)C)C(C)(C)C,43.82916168
FC(F)(F)c1ccc(Cl)cc1,o1ncc2ccccc12,CN(C)P(N(C)C)(N(C)C)=NP(N(C)C)(N(C)C)=NCC,CC(C)C1=CC(C(C)C)=CC(C(C)C)=C1C2=C(P(C3CCCCC3)C4CCCCC4)C=CC=C2,16.76617673
COc1ccc(Br)cc1,COC(=O)c1cc(on1)c2occc2,CN(C)/C(N(C)C)=N\C(C)(C)C,CC(C)C1=CC(C(C)C)=CC(C(C)C)=C1C2=C(P(C(C)(C)C)C(C)(C)C)C(OC)=CC=C2OC,35.28694368
FC(F)(F)c1ccc(I)cc1,CCOC(=O)c1onc(C)c1,CN(C)/C(N(C)C)=N\C(C)(C)C,CC(C)C(C=C(C(C)C)C=C1C(C)C)=C1C2=CC=CC=C2P(C(C)(C)C)C(C)(C)C,46.25838016
Ic1ccccn1,Cc1cc(on1)c2ccccc2,CN(C)P(N(C)C)(N(C)C)=NP(N(C)C)(N(C)C)=NCC,CC(C)C1=CC(C(C)C)=CC(C(C)C)=C1C2=C(P(C(C)(C)C)C(C)(C)C)C(OC)=CC=C2OC,82.33244396
CCc1ccc(Br)cc1,o1ncc2ccccc12,CN1CCCN2CCCN=C12,CC(C)C1=CC(C(C)C)=CC(C(C)C)=C1C2=C(P(C(C)(C)C)C(C)(C)C)C(OC)=CC=C2OC,65.066599
CCc1ccc(I)cc1,o1nccc1c2ccccc2,CN(C)/C(N(C)C)=N\C(C)(C)C,CC(C)C1=CC(C(C)C)=CC(C(C)C)=C1C2=C(P(C(C)(C)C)C(C)(C)C)C(OC)=CC=C2OC,72.31351298
COc1ccc(Cl)cc1,Cc1ccon1,CN(C)P(N(C)C)(N(C)C)=NP(N(C)C)(N(C)C)=NCC,CC(C)C(C=C(C(C)C)C=C1C(C)C)=C1C2=CC=CC=C2P(C(C)(C)C)C(C)(C)C,0.39886034
Brc1ccccn1,CCOC(=O)c1cc(C)on1,CN1CCCN2CCCN=C12,CC(C)C1=CC(C(C)C)=CC(C(C)C)=C1C2=C(P(C(C)(C)C)C(C)(C)C)C(OC)=CC=C2OC,91.05627032
FC(F)(F)c1ccc(I)cc1,CCOC(=O)c1cc(C)on1,CN1CCCN2CCCN=C12,CC(C)C1=CC(C(C)C)=CC(C(C)C)=C1C2=C(P(C3CCCCC3)C4CCCCC4)C=CC=C2,43.5835106
COc1ccc(I)cc1,Fc1cccc(F)c1c2oncc2,CN(C)/C(N(C)C)=N\C(C)(C)C,CC(C)C1=CC(C(C)C)=CC(C(C)C)=C1C2=C(P(C3CCCCC3)C4CCCCC4)C=CC=C2,4.296191189
CCc1ccc(Br)cc1,CCOC(=O)c1onc(C)c1,CN(C)/C(N(C)C)=N\C(C)(C)C,CC(C)C(C=C(C(C)C)C=C1C(C)C)=C1C2=CC=CC=C2P(C(C)(C)C)C(C)(C)C,70.54955286
COc1ccc(I)cc1,Cc1onc(c1)n2cccc2,CN(C)P(N(C)C)(N(C)C)=NP(N(C)C)(N(C)C)=NCC,CC(C)C(C=C(C(C)C)C=C1C(C)C)=C1C2=CC=CC=C2P(C(C)(C)C)C(C)(C)C,44.44212826
Ic1cccnc1,o1cc(cn1)c2ccccc2,CN(C)/C(N(C)C)=N\C(C)(C)C,CC(C)C1=CC(C(C)C)=CC(C(C)C)=C1C2=C(P(C(C)(C)C)C(C)(C)C)C(OC)=CC=C2OC,71.15077458
COc1ccc(Br)cc1,o1ncc2ccccc12,CN(C)P(N(C)C)(N(C)C)=NP(N(C)C)(N(C)C)=NCC,CC(C)C1=CC(C(C)C)=CC(C(C)C)=C1C2=C(P(C(C)(C)C)C(C)(C)C)C(OC)=CC=C2OC,23.1010236
COc1ccc(Br)cc1,Cc1oncc1,CN(C)P(N(C)C)(N(C)C)=NP(N(C)C)(N(C)C)=NCC,CC(C)C1=CC(C(C)C)=CC(C(C)C)=C1C2=C(P(C(C)(C)C)C(C)(C)C)C(OC)=CC=C2OC,9.853260903
Brc1cccnc1,Cc1onc(C)c1,CN(C)/C(N(C)C)=N\C(C)(C)C,CC(C1=C(C2=C(OC)C=CC(OC)=C2P(C34CC5CC(C4)CC(C5)C3)C67CC8CC(C7)CC(C8)C6)C(C(C)C)=CC(C(C)C)=C1)C,53.12382569
COc1ccc(I)cc1,o1cc2ccccc2n1,CN1CCCN2CCCN=C12,CC(C1=C(C2=C(OC)C=CC(OC)=C2P(C34CC5CC(C4)CC(C5)C3)C67CC8CC(C7)CC(C8)C6)C(C(C)C)=CC(C(C)C)=C1)C,39.27719826
COc1ccc(I)cc1,C(N(Cc1ccccc1)c2oncc2)c3ccccc3,CN1CCCN2CCCN=C12,CC(C1=C(C2=C(OC)C=CC(OC)=C2P(C34CC5CC(C4)CC(C5)C3)C67CC8CC(C7)CC(C8)C6)C(C(C)C)=CC(C(C)C)=C1)C,46.3015164
FC(F)(F)c1ccc(I)cc1,Cc1onc(C)c1,CN(C)P(N(C)C)(N(C)C)=NP(N(C)C)(N(C)C)=NCC,CC(C1=C(C2=C(OC)C=CC(OC)=C2P(C34CC5CC(C4)CC(C5)C3)C67CC8CC(C7)CC(C8)C6)C(C(C)C)=CC(C(C)C)=C1)C,31.74709006
Ic1cccnc1,C(N(Cc1ccccc1)c2oncc2)c3ccccc3,CN(C)P(N(C)C)(N(C)C)=NP(N(C)C)(N(C)C)=NCC,CC(C1=C(C2=C(OC)C=CC(OC)=C2P(C34CC5CC(C4)CC(C5)C3)C67CC8CC(C7)CC(C8)C6)C(C(C)C)=CC(C(C)C)=C1)C,56.41870071
COc1ccc(Cl)cc1,o1cc2ccccc2n1,CN1CCCN2CCCN=C12,CC(C)C1=CC(C(C)C)=CC(C(C)C)=C1C2=C(P(C3CCCCC3)C4CCCCC4)C=CC=C2,0.0
FC(F)(F)c1ccc(Br)cc1,o1cc2ccccc2n1,CN(C)P(N(C)C)(N(C)C)=NP(N(C)C)(N(C)C)=NCC,CC(C1=C(C2=C(OC)C=CC(OC)=C2P(C34CC5CC(C4)CC(C5)C3)C67CC8CC(C7)CC(C8)C6)C(C(C)C)=CC(C(C)C)=C1)C,5.105134806
Ic1cccnc1,C(N(Cc1ccccc1)c2oncc2)c3ccccc3,CN(C)P(N(C)C)(N(C)C)=NP(N(C)C)(N(C)C)=NCC,CC(C)C(C=C(C(C)C)C=C1C(C)C)=C1C2=CC=CC=C2P(C(C)(C)C)C(C)(C)C,20.6070389
CCc1ccc(Br)cc1,CCOC(=O)c1conc1,CN(C)P(N(C)C)(N(C)C)=NP(N(C)C)(N(C)C)=NCC,CC(C1=C(C2=C(OC)C=CC(OC)=C2P(C34CC5CC(C4)CC(C5)C3)C67CC8CC(C7)CC(C8)C6)C(C(C)C)=CC(C(C)C)=C1)C,1.305562617
CCc1ccc(I)cc1,Cc1onc(c1)n2cccc2,CN(C)/C(N(C)C)=N\C(C)(C)C,CC(C)C1=CC(C(C)C)=CC(C(C)C)=C1C2=C(P(C(C)(C)C)C(C)(C)C)C(OC)=CC=C2OC,65.48133698
Clc1ccccn1,COC(=O)c1oncc1,CN(C)P(N(C)C)(N(C)C)=NP(N(C)C)(N(C)C)=NCC,CC(C1=C(C2=C(OC)C=CC(OC)=C2P(C34CC5CC(C4)CC(C5)C3)C67CC8CC(C7)CC(C8)C6)C(C(C)C)=CC(C(C)C)=C1)C,8.586375019
COc1ccc(Cl)cc1,o1ccc(n1)c2ccccc2,CN(C)P(N(C)C)(N(C)C)=NP(N(C)C)(N(C)C)=NCC,CC(C)C1=CC(C(C)C)=CC(C(C)C)=C1C2=C(P(C(C)(C)C)C(C)(C)C)C(OC)=CC=C2OC,0.51807887
COc1ccc(Br)cc1,COC(=O)c1oncc1,CN(C)/C(N(C)C)=N\C(C)(C)C,CC(C)C1=CC(C(C)C)=CC(C(C)C)=C1C2=C(P(C(C)(C)C)C(C)(C)C)C(OC)=CC=C2OC,4.728362295
CCc1ccc(Br)cc1,CCOC(=O)c1conc1,CN(C)/C(N(C)C)=N\C(C)(C)C,CC(C)C1=CC(C(C)C)=CC(C(C)C)=C1C2=C(P(C(C)(C)C)C(C)(C)C)C(OC)=CC=C2OC,2.370474153
Ic1ccccn1,Cc1ccon1,CN(C)P(N(C)C)(N(C)C)=NP(N(C)C)(N(C)C)=NCC,CC(C)C1=CC(C(C)C)=CC(C(C)C)=C1C2=C(P(C3CCCCC3)C4CCCCC4)C=CC=C2,15.1215994
FC(F)(F)c1ccc(Br)cc1,o1nccc1c2ccccc2,CN(C)P(N(C)C)(N(C)C)=NP(N(C)C)(N(C)C)=NCC,CC(C)C1=CC(C(C)C)=CC(C(C)C)=C1C2=C(P(C3CCCCC3)C4CCCCC4)C=CC=C2,14.7478961
COc1ccc(I)cc1,CCOC(=O)c1ccon1,CN(C)P(N(C)C)(N(C)C)=NP(N(C)C)(N(C)C)=NCC,CC(C)C1=CC(C(C)C)=CC(C(C)C)=C1C2=C(P(C(C)(C)C)C(C)(C)C)C(OC)=CC=C2OC,2.458138496
Clc1ccccn1,o1cc(cn1)c2ccccc2,CN(C)/C(N(C)C)=N\C(C)(C)C,CC(C)C(C=C(C(C)C)C=C1C(C)C)=C1C2=CC=CC=C2P(C(C)(C)C)C(C)(C)C,69.39495874
COc1ccc(Cl)cc1,Cc1onc(c1)n2cccc2,CN(C)P(N(C)C)(N(C)C)=NP(N(C)C)(N(C)C)=NCC,CC(C1=C(C2=C(OC)C=CC(OC)=C2P(C34CC5CC(C4)CC(C5)C3)C67CC8CC(C7)CC(C8)C6)C(C(C)C)=CC(C(C)C)=C1)C,0.0
COc1ccc(Br)cc1,C(N(Cc1ccccc1)c2ccon2)c3ccccc3,CN1CCCN2CCCN=C12,CC(C)C1=CC(C(C)C)=CC(C(C)C)=C1C2=C(P(C(C)(C)C)C(C)(C)C)C(OC)=CC=C2OC,67.81431274
CCc1ccc(Cl)cc1,Cc1oncc1,CN(C)/C(N(C)C)=N\C(C)(C)C,CC(C1=C(C2=C(OC)C=CC(OC)=C2P(C34CC5CC(C4)CC(C5)C3)C67CC8CC(C7)CC(C8)C6)C(C(C)C)=CC(C(C)C)=C1)C,0.375286042
Clc1ccccn1,C(N(Cc1ccccc1)c2ccon2)c3ccccc3,CN1CCCN2CCCN=C12,CC(C1=C(C2=C(OC)C=CC(OC)=C2P(C34CC5CC(C4)CC(C5)C3)C67CC8CC(C7)CC(C8)C6)C(C(C)C)=CC(C(C)C)=C1)C,89.07661609
Brc1cccnc1,Fc1cccc(F)c1c2oncc2,CN1CCCN2CCCN=C12,CC(C)C(C=C(C(C)C)C=C1C(C)C)=C1C2=CC=CC=C2P(C(C)(C)C)C(C)(C)C,78.67116412
Clc1cccnc1,Fc1cccc(F)c1c2oncc2,CN1CCCN2CCCN=C12,CC(C)C(C=C(C(C)C)C=C1C(C)C)=C1C2=CC=CC=C2P(C(C)(C)C)C(C)(C)C,33.50615076
FC(F)(F)c1ccc(Br)cc1,COC(=O)c1cc(on1)c2sccc2,CN1CCCN2CCCN=C12,CC(C)C(C=C(C(C)C)C=C1C(C)C)=C1C2=CC=CC=C2P(C(C)(C)C)C(C)(C)C,39.35316158
CCc1ccc(Cl)cc1,Cc1oncc1,CN1CCCN2CCCN=C12,CC(C)C(C=C(C(C)C)C=C1C(C)C)=C1C2=CC=CC=C2P(C(C)(C)C)C(C)(C)C,5.49871711
CCc1ccc(Br)cc1,COC(=O)c1cc(on1)c2sccc2,CN1CCCN2CCCN=C12,CC(C)C1=CC(C(C)C)=CC(C(C)C)=C1C2=C(P(C(C)(C)C)C(C)(C)C)C(OC)=CC=C2OC,59.21946541
COc1ccc(Br)cc1,o1ncc2ccccc12,CN(C)/C(N(C)C)=N\C(C)(C)C,CC(C1=C(C2=C(OC)C=CC(OC)=C2P(C34CC5CC(C4)CC(C5)C3)C67CC8CC(C7)CC(C8)C6)C(C(C)C)=CC(C(C)C)=C1)C,11.75749506
Brc1ccccn1,o1cc2ccccc2n1,CN1CCCN2CCCN=C12,CC(C)C1=CC(C(C)C)=CC(C(C)C)=C1C2=C(P(C(C)(C)C)C(C)(C)C)C(OC)=CC=C2OC,48.23235239
Brc1cccnc1,CCOC(=O)c1cnoc1C,CN(C)P(N(C)C)(N(C)C)=NP(N(C)C)(N(C)C)=NCC,CC(C)C1=CC(C(C)C)=CC(C(C)C)=C1C2=C(P(C3CCCCC3)C4CCCCC4)C=CC=C2,8.798104801
FC(F)(F)c1ccc(Br)cc1,o1cc2ccccc2n1,CN(C)/C(N(C)C)=N\C(C)(C)C,CC(C)C1=CC(C(C)C)=CC(C(C)C)=C1C2=C(P(C3CCCCC3)C4CCCCC4)C=CC=C2,3.342369627
Clc1ccccn1,C(N(Cc1ccccc1)c2oncc2)c3ccccc3,CN(C)/C(N(C)C)=N\C(C)(C)C,CC(C)C1=CC(C(C)C)=CC(C(C)C)=C1C2=C(P(C3CCCCC3)C4CCCCC4)C=CC=C2,15.03293541
Brc1cccnc1,Fc1cccc(F)c1c2oncc2,CN1CCCN2CCCN=C12,CC(C1=C(C2=C(OC)C=CC(OC)=C2P(C34CC5CC(C4)CC(C5)C3)C67CC8CC(C7)CC(C8)C6)C(C(C)C)=CC(C(C)C)=C1)C,27.34305282
FC(F)(F)c1ccc(Br)cc1,Cc1oncc1,CN(C)/C(N(C)C)=N\C(C)(C)C,CC(C1=C(C2=C(OC)C=CC(OC)=C2P(C34CC5CC(C4)CC(C5)C3)C67CC8CC(C7)CC(C8)C6)C(C(C)C)=CC(C(C)C)=C1)C,24.03126631
FC(F)(F)c1ccc(Cl)cc1,Fc1cccc(F)c1c2oncc2,CN1CCCN2CCCN=C12,CC(C)C(C=C(C(C)C)C=C1C(C)C)=C1C2=CC=CC=C2P(C(C)(C)C)C(C)(C)C,17.84178388
CCc1ccc(I)cc1,CCOC(=O)c1ccon1,CN(C)/C(N(C)C)=N\C(C)(C)C,CC(C)C(C=C(C(C)C)C=C1C(C)C)=C1C2=CC=CC=C2P(C(C)(C)C)C(C)(C)C,58.99233401
COc1ccc(Cl)cc1,Cc1ccon1,CN1CCCN2CCCN=C12,CC(C)C1=CC(C(C)C)=CC(C(C)C)=C1C2=C(P(C3CCCCC3)C4CCCCC4)C=CC=C2,0.389738186
CCc1ccc(I)cc1,o1cc(cn1)c2ccccc2,CN(C)P(N(C)C)(N(C)C)=NP(N(C)C)(N(C)C)=NCC,CC(C)C(C=C(C(C)C)C=C1C(C)C)=C1C2=CC=CC=C2P(C(C)(C)C)C(C)(C)C,27.04861196
FC(F)(F)c1ccc(I)cc1,Cc1oncc1,CN(C)P(N(C)C)(N(C)C)=NP(N(C)C)(N(C)C)=NCC,CC(C)C(C=C(C(C)C)C=C1C(C)C)=C1C2=CC=CC=C2P(C(C)(C)C)C(C)(C)C,11.85429164
CCc1ccc(I)cc1,Cc1onc(c1)n2cccc2,CN1CCCN2CCCN=C12,CC(C)C1=CC(C(C)C)=CC(C(C)C)=C1C2=C(P(C(C)(C)C)C(C)(C)C)C(OC)=CC=C2OC,75.97219172
FC(F)(F)c1ccc(I)cc1,CCOC(=O)c1onc(C)c1,CN(C)P(N(C)C)(N(C)C)=NP(N(C)C)(N(C)C)=NCC,CC(C)C1=CC(C(C)C)=CC(C(C)C)=C1C2=C(P(C(C)(C)C)C(C)(C)C)C(OC)=CC=C2OC,40.1812432
COc1ccc(Cl)cc1,Cc1ccon1,CN(C)/C(N(C)C)=N\C(C)(C)C,CC(C)C1=CC(C(C)C)=CC(C(C)C)=C1C2=C(P(C3CCCCC3)C4CCCCC4)C=CC=C2,0.43718104
Ic1cccnc1,COC(=O)c1oncc1,CN1CCCN2CCCN=C12,CC(C)C(C=C(C(C)C)C=C1C(C)C)=C1C2=CC=CC=C2P(C(C)(C)C)C(C)(C)C,77.85078652
Ic1cccnc1,Cc1oncc1,CN1CCCN2CCCN=C12,CC(C)C1=CC(C(C)C)=CC(C(C)C)=C1C2=C(P(C(C)(C)C)C(C)(C)C)C(OC)=CC=C2OC,92.20931063
COc1ccc(I)cc1,o1cc(cn1)c2ccccc2,CN1CCCN2CCCN=C12,CC(C)C(C=C(C(C)C)C=C1C(C)C)=C1C2=CC=CC=C2P(C(C)(C)C)C(C)(C)C,56.13504943
FC(F)(F)c1ccc(Cl)cc1,Fc1cccc(F)c1c2oncc2,CN(C)/C(N(C)C)=N\C(C)(C)C,CC(C)C(C=C(C(C)C)C=C1C(C)C)=C1C2=CC=CC=C2P(C(C)(C)C)C(C)(C)C,9.295516532
Clc1cccnc1,Cc1oncc1,CN(C)/C(N(C)C)=N\C(C)(C)C,CC(C)C(C=C(C(C)C)C=C1C(C)C)=C1C2=CC=CC=C2P(C(C)(C)C)C(C)(C)C,12.05436323
COc1ccc(Cl)cc1,COC(=O)c1oncc1,CN(C)/C(N(C)C)=N\C(C)(C)C,CC(C1=C(C2=C(OC)C=CC(OC)=C2P(C34CC5CC(C4)CC(C5)C3)C67CC8CC(C7)CC(C8)C6)C(C(C)C)=CC(C(C)C)=C1)C,0.0
FC(F)(F)c1ccc(I)cc1,o1cc(cn1)c2ccccc2,CN1CCCN2CCCN=C12,CC(C1=C(C2=C(OC)C=CC(OC)=C2P(C34CC5CC(C4)CC(C5)C3)C67CC8CC(C7)CC(C8)C6)C(C(C)C)=CC(C(C)C)=C1)C,48.38997285
Brc1ccccn1,COC(=O)c1cc(on1)c2occc2,CN(C)/C(N(C)C)=N\C(C)(C)C,CC(C)C1=CC(C(C)C)=CC(C(C)C)=C1C2=C(P(C3CCCCC3)C4CCCCC4)C=CC=C2,30.2871506
FC(F)(F)c1ccc(Cl)cc1,COC(=O)c1cc(on1)c2occc2,CN1CCCN2CCCN=C12,CC(C)C1=CC(C(C)C)=CC(C(C)C)=C1C2=C(P(C3CCCCC3)C4CCCCC4)C=CC=C2,5.982836529
CCc1ccc(Cl)cc1,o1cc2ccccc2n1,CN(C)P(N(C)C)(N(C)C)=NP(N(C)C)(N(C)C)=NCC,CC(C)C(C=C(C(C)C)C=C1C(C)C)=C1C2=CC=CC=C2P(C(C)(C)C)C(C)(C)C,4.522238884
Brc1ccccn1,COC(=O)c1oncc1,CN(C)P(N(C)C)(N(C)C)=NP(N(C)C)(N(C)C)=NCC,CC(C)C(C=C(C(C)C)C=C1C(C)C)=C1C2=CC=CC=C2P(C(C)(C)C)C(C)(C)C,23.65087488
COc1ccc(Cl)cc1,COC(=O)c1oncc1,CN(C)/C(N(C)C)=N\C(C)(C)C,CC(C)C(C=C(C(C)C)C=C1C(C)C)=C1C2=CC=CC=C2P(C(C)(C)C)C(C)(C)C,0.0
FC(F)(F)c1ccc(Br)cc1,C(N(Cc1ccccc1)c2oncc2)c3ccccc3,CN(C)/C(N(C)C)=N\C(C)(C)C,CC(C)C1=CC(C(C)C)=CC(C(C)C)=C1C2=C(P(C3CCCCC3)C4CCCCC4)C=CC=C2,11.73173458
CCc1ccc(Br)cc1,CCOC(=O)c1cnoc1C,CN1CCCN2CCCN=C12,CC(C)C1=CC(C(C)C)=CC(C(C)C)=C1C2=C(P(C(C)(C)C)C(C)(C)C)C(OC)=CC=C2OC,45.3883139
CCc1ccc(Br)cc1,C(N(Cc1ccccc1)c2oncc2)c3ccccc3,CN(C)/C(N(C)C)=N\C(C)(C)C,CC(C)C1=CC(C(C)C)=CC(C(C)C)=C1C2=C(P(C3CCCCC3)C4CCCCC4)C=CC=C2,5.748911263
FC(F)(F)c1ccc(Br)cc1,o1cc2ccccc2n1,CN(C)/C(N(C)C)=N\C(C)(C)C,CC(C)C1=CC(C(C)C)=CC(C(C)C)=C1C2=C(P(C(C)(C)C)C(C)(C)C)C(OC)=CC=C2OC,4.220973073
COc1ccc(Br)cc1,Fc1cccc(F)c1c2oncc2,CN(C)P(N(C)C)(N(C)C)=NP(N(C)C)(N(C)C)=NCC,CC(C)C(C=C(C(C)C)C=C1C(C)C)=C1C2=CC=CC=C2P(C(C)(C)C)C(C)(C)C,15.85894672
COc1ccc(Cl)cc1,CCOC(=O)c1cnoc1C,CN(C)/C(N(C)C)=N\C(C)(C)C,CC(C)C(C=C(C(C)C)C=C1C(C)C)=C1C2=CC=CC=C2P(C(C)(C)C)C(C)(C)C,0.0
COc1ccc(Br)cc1,Cc1onc(C)c1,CN(C)P(N(C)C)(N(C)C)=NP(N(C)C)(N(C)C)=NCC,CC(C)C1=CC(C(C)C)=CC(C(C)C)=C1C2=C(P(C(C)(C)C)C(C)(C)C)C(OC)=CC=C2OC,47.81434881
COc1ccc(Cl)cc1,o1cc2ccccc2n1,CN(C)P(N(C)C)(N(C)C)=NP(N(C)C)(N(C)C)=NCC,CC(C1=C(C2=C(OC)C=CC(OC)=C2P(C34CC5CC(C4)CC(C5)C3)C67CC8CC(C7)CC(C8)C6)C(C(C)C)=CC(C(C)C)=C1)C,0.0
Clc1ccccn1,Cc1onc(C)c1,CN(C)P(N(C)C)(N(C)C)=NP(N(C)C)(N(C)C)=NCC,CC(C)C(C=C(C(C)C)C=C1C(C)C)=C1C2=CC=CC=C2P(C(C)(C)C)C(C)(C)C,62.426823
FC(F)(F)c1ccc(Br)cc1,C(N(Cc1ccccc1)c2oncc2)c3ccccc3,CN1CCCN2CCCN=C12,CC(C1=C(C2=C(OC)C=CC(OC)=C2P(C34CC5CC(C4)CC(C5)C3)C67CC8CC(C7)CC(C8)C6)C(C(C)C)=CC(C(C)C)=C1)C,31.60555467
Brc1cccnc1,Cc1onc(c1)n2cccc2,CN(C)P(N(C)C)(N(C)C)=NP(N(C)C)(N(C)C)=NCC,CC(C1=C(C2=C(OC)C=CC(OC)=C2P(C34CC5CC(C4)CC(C5)C3)C67CC8CC(C7)CC(C8)C6)C(C(C)C)=CC(C(C)C)=C1)C,16.85617983
FC(F)(F)c1ccc(I)cc1,Fc1cccc(F)c1c2oncc2,CN1CCCN2CCCN=C12,CC(C)C1=CC(C(C)C)=CC(C(C)C)=C1C2=C(P(C(C)(C)C)C(C)(C)C)C(OC)=CC=C2OC,43.31119655
Brc1cccnc1,Cc1oncc1,CN(C)/C(N(C)C)=N\C(C)(C)C,CC(C1=C(C2=C(OC)C=CC(OC)=C2P(C34CC5CC(C4)CC(C5)C3)C67CC8CC(C7)CC(C8)C6)C(C(C)C)=CC(C(C)C)=C1)C,43.8122723
CCc1ccc(Cl)cc1,Cc1ccon1,CN(C)/C(N(C)C)=N\C(C)(C)C,CC(C1=C(C2=C(OC)C=CC(OC)=C2P(C34CC5CC(C4)CC(C5)C3)C67CC8CC(C7)CC(C8)C6)C(C(C)C)=CC(C(C)C)=C1)C,0.841459123
COc1ccc(Br)cc1,Cc1ccon1,CN1CCCN2CCCN=C12,CC(C)C(C=C(C(C)C)C=C1C(C)C)=C1C2=CC=CC=C2P(C(C)(C)C)C(C)(C)C,44.07099157
Brc1cccnc1,COC(=O)c1cc(on1)c2occc2,CN1CCCN2CCCN=C12,CC(C)C1=CC(C(C)C)=CC(C(C)C)=C1C2=C(P(C3CCCCC3)C4CCCCC4)C=CC=C2,16.57162393
COc1ccc(I)cc1,CCOC(=O)c1onc(OC)c1,CN(C)P(N(C)C)(N(C)C)=NP(N(C)C)(N(C)C)=NCC,CC(C1=C(C2=C(OC)C=CC(OC)=C2P(C34CC5CC(C4)CC(C5)C3)C67CC8CC(C7)CC(C8)C6)C(C(C)C)=CC(C(C)C)=C1)C,47.95299992
Clc1cccnc1,COC(=O)c1oncc1,CN(C)/C(N(C)C)=N\C(C)(C)C,CC(C)C1=CC(C(C)C)=CC(C(C)C)=C1C2=C(P(C(C)(C)C)C(C)(C)C)C(OC)=CC=C2OC,0.0
Ic1cccnc1,Cc1cc(on1)c2ccccc2,CN1CCCN2CCCN=C12,CC(C)C1=CC(C(C)C)=CC(C(C)C)=C1C2=C(P(C3CCCCC3)C4CCCCC4)C=CC=C2,43.08223061
COc1ccc(Br)cc1,CCOC(=O)c1onc(OC)c1,CN1CCCN2CCCN=C12,CC(C)C(C=C(C(C)C)C=C1C(C)C)=C1C2=CC=CC=C2P(C(C)(C)C)C(C)(C)C,47.37471195
COc1ccc(I)cc1,C(N(Cc1ccccc1)c2ccon2)c3ccccc3,CN(C)/C(N(C)C)=N\C(C)(C)C,CC(C)C1=CC(C(C)C)=CC(C(C)C)=C1C2=C(P(C3CCCCC3)C4CCCCC4)C=CC=C2,49.46765787
Clc1ccccn1,CCOC(=O)c1ccon1,CN(C)/C(N(C)C)=N\C(C)(C)C,CC(C)C1=CC(C(C)C)=CC(C(C)C)=C1C2=C(P(C3CCCCC3)C4CCCCC4)C=CC=C2,26.14998957
Clc1cccnc1,C(N(Cc1ccccc1)c2ccon2)c3ccccc3,CN(C)P(N(C)C)(N(C)C)=NP(N(C)C)(N(C)C)=NCC,CC(C1=C(C2=C(OC)C=CC(OC)=C2P(C34CC5CC(C4)CC(C5)C3)C67CC8CC(C7)CC(C8)C6)C(C(C)C)=CC(C(C)C)=C1)C,4.974394565
COc1ccc(Br)cc1,C(N(Cc1ccccc1)c2oncc2)c3ccccc3,CN1CCCN2CCCN=C12,CC(C)C1=CC(C(C)C)=CC(C(C)C)=C1C2=C(P(C3CCCCC3)C4CCCCC4)C=CC=C2,0.0
FC(F)(F)c1ccc(I)cc1,Cc1onc(C)c1,CN(C)/C(N(C)C)=N\C(C)(C)C,CC(C1=C(C2=C(OC)C=CC(OC)=C2P(C34CC5CC(C4)CC(C5)C3)C67CC8CC(C7)CC(C8)C6)C(C(C)C)=CC(C(C)C)=C1)C,34.84480888
COc1ccc(Cl)cc1,Cc1onc(C)c1,CN(C)/C(N(C)C)=N\C(C)(C)C,CC(C)C1=CC(C(C)C)=CC(C(C)C)=C1C2=C(P(C3CCCCC3)C4CCCCC4)C=CC=C2,0.542497492
Clc1cccnc1,Cc1cc(on1)c2ccccc2,CN(C)P(N(C)C)(N(C)C)=NP(N(C)C)(N(C)C)=NCC,CC(C)C1=CC(C(C)C)=CC(C(C)C)=C1C2=C(P(C3CCCCC3)C4CCCCC4)C=CC=C2,18.04784884
Ic1cccnc1,Cc1ccon1,CN(C)/C(N(C)C)=N\C(C)(C)C,CC(C1=C(C2=C(OC)C=CC(OC)=C2P(C34CC5CC(C4)CC(C5)C3)C67CC8CC(C7)CC(C8)C6)C(C(C)C)=CC(C(C)C)=C1)C,90.73131654
FC(F)(F)c1ccc(Cl)cc1,o1cc(cn1)c2ccccc2,CN(C)P(N(C)C)(N(C)C)=NP(N(C)C)(N(C)C)=NCC,CC(C)C1=CC(C(C)C)=CC(C(C)C)=C1C2=C(P(C3CCCCC3)C4CCCCC4)C=CC=C2,12.6512469
CCc1ccc(Br)cc1,Fc1cccc(F)c1c2oncc2,CN(C)P(N(C)C)(N(C)C)=NP(N(C)C)(N(C)C)=NCC,CC(C)C1=CC(C(C)C)=CC(C(C)C)=C1C2=C(P(C3CCCCC3)C4CCCCC4)C=CC=C2,14.7618925
COc1ccc(Cl)cc1,o1cc2ccccc2n1,CN(C)/C(N(C)C)=N\C(C)(C)C,CC(C1=C(C2=C(OC)C=CC(OC)=C2P(C34CC5CC(C4)CC(C5)C3)C67CC8CC(C7)CC(C8)C6)C(C(C)C)=CC(C(C)C)=C1)C,0.0
Ic1ccccn1,C(N(Cc1ccccc1)c2ccon2)c3ccccc3,CN(C)P(N(C)C)(N(C)C)=NP(N(C)C)(N(C)C)=NCC,CC(C)C(C=C(C(C)C)C=C1C(C)C)=C1C2=CC=CC=C2P(C(C)(C)C)C(C)(C)C,63.222267
FC(F)(F)c1ccc(Br)cc1,Fc1cccc(F)c1c2oncc2,CN1CCCN2CCCN=C12,CC(C1=C(C2=C(OC)C=CC(OC)=C2P(C34CC5CC(C4)CC(C5)C3)C67CC8CC(C7)CC(C8)C6)C(C(C)C)=CC(C(C)C)=C1)C,30.30978378
COc1ccc(Cl)cc1,C(N(Cc1ccccc1)c2oncc2)c3ccccc3,CN(C)/C(N(C)C)=N\C(C)(C)C,CC(C)C(C=C(C(C)C)C=C1C(C)C)=C1C2=CC=CC=C2P(C(C)(C)C)C(C)(C)C,0.0
FC(F)(F)c1ccc(I)cc1,CCOC(=O)c1onc(OC)c1,CN(C)/C(N(C)C)=N\C(C)(C)C,CC(C)C1=CC(C(C)C)=CC(C(C)C)=C1C2=C(P(C3CCCCC3)C4CCCCC4)C=CC=C2,35.8368136
CCc1ccc(Br)cc1,COC(=O)c1oncc1,CN(C)P(N(C)C)(N(C)C)=NP(N(C)C)(N(C)C)=NCC,CC(C1=C(C2=C(OC)C=CC(OC)=C2P(C34CC5CC(C4)CC(C5)C3)C67CC8CC(C7)CC(C8)C6)C(C(C)C)=CC(C(C)C)=C1)C,9.746425367
CCc1ccc(I)cc1,CCOC(=O)c1conc1,CN1CCCN2CCCN=C12,CC(C)C1=CC(C(C)C)=CC(C(C)C)=C1C2=C(P(C3CCCCC3)C4CCCCC4)C=CC=C2,21.48672588
COc1ccc(I)cc1,CCOC(=O)c1cc(C)on1,CN(C)P(N(C)C)(N(C)C)=NP(N(C)C)(N(C)C)=NCC,CC(C)C1=CC(C(C)C)=CC(C(C)C)=C1C2=C(P(C3CCCCC3)C4CCCCC4)C=CC=C2,19.99982627
COc1ccc(I)cc1,o1ccc(n1)c2ccccc2,CN1CCCN2CCCN=C12,CC(C1=C(C2=C(OC)C=CC(OC)=C2P(C34CC5CC(C4)CC(C5)C3)C67CC8CC(C7)CC(C8)C6)C(C(C)C)=CC(C(C)C)=C1)C,50.10376029
CCc1ccc(I)cc1,o1cc(cn1)c2ccccc2,CN(C)/C(N(C)C)=N\C(C)(C)C,CC(C)C1=CC(C(C)C)=CC(C(C)C)=C1C2=C(P(C3CCCCC3)C4CCCCC4)C=CC=C2,11.40684881
FC(F)(F)c1ccc(I)cc1,C(N(Cc1ccccc1)c2oncc2)c3ccccc3,CN1CCCN2CCCN=C12,CC(C)C1=CC(C(C)C)=CC(C(C)C)=C1C2=C(P(C3CCCCC3)C4CCCCC4)C=CC=C2,23.19251783
COc1ccc(I)cc1,C(N(Cc1ccccc1)c2ccon2)c3ccccc3,CN(C)P(N(C)C)(N(C)C)=NP(N(C)C)(N(C)C)=NCC,CC(C)C(C=C(C(C)C)C=C1C(C)C)=C1C2=CC=CC=C2P(C(C)(C)C)C(C)(C)C,63.53284655
Clc1cccnc1,o1ccc(n1)c2ccccc2,CN(C)P(N(C)C)(N(C)C)=NP(N(C)C)(N(C)C)=NCC,CC(C)C1=CC(C(C)C)=CC(C(C)C)=C1C2=C(P(C(C)(C)C)C(C)(C)C)C(OC)=CC=C2OC,6.160292213
CCc1ccc(Cl)cc1,C(N(Cc1ccccc1)c2oncc2)c3ccccc3,CN(C)P(N(C)C)(N(C)C)=NP(N(C)C)(N(C)C)=NCC,CC(C)C1=CC(C(C)C)=CC(C(C)C)=C1C2=C(P(C(C)(C)C)C(C)(C)C)C(OC)=CC=C2OC,13.95905877
FC(F)(F)c1ccc(I)cc1,COC(=O)c1cc(on1)c2sccc2,CN1CCCN2CCCN=C12,CC(C)C1=CC(C(C)C)=CC(C(C)C)=C1C2=C(P(C(C)(C)C)C(C)(C)C)C(OC)=CC=C2OC,45.15638688
COc1ccc(Br)cc1,o1cc2ccccc2n1,CN(C)P(N(C)C)(N(C)C)=NP(N(C)C)(N(C)C)=NCC,CC(C)C1=CC(C(C)C)=CC(C(C)C)=C1C2=C(P(C(C)(C)C)C(C)(C)C)C(OC)=CC=C2OC,10.4212352
COc1ccc(Br)cc1,Cc1cc(on1)c2ccccc2,CN(C)/C(N(C)C)=N\C(C)(C)C,CC(C)C1=CC(C(C)C)=CC(C(C)C)=C1C2=C(P(C(C)(C)C)C(C)(C)C)C(OC)=CC=C2OC,34.74723042
FC(F)(F)c1ccc(Cl)cc1,Fc1cccc(F)c1c2oncc2,CN1CCCN2CCCN=C12,CC(C)C1=CC(C(C)C)=CC(C(C)C)=C1C2=C(P(C(C)(C)C)C(C)(C)C)C(OC)=CC=C2OC,13.51164782
Ic1ccccn1,CCOC(=O)c1cnoc1C,CN1CCCN2CCCN=C12,CC(C)C1=CC(C(C)C)=CC(C(C)C)=C1C2=C(P(C3CCCCC3)C4CCCCC4)C=CC=C2,28.02951353
CCc1ccc(I)cc1,Cc1ccon1,CN(C)P(N(C)C)(N(C)C)=NP(N(C)C)(N(C)C)=NCC,CC(C1=C(C2=C(OC)C=CC(OC)=C2P(C34CC5CC(C4)CC(C5)C3)C67CC8CC(C7)CC(C8)C6)C(C(C)C)=CC(C(C)C)=C1)C,82.84063003
Ic1ccccn1,CCOC(=O)c1onc(C)c1,CN(C)/C(N(C)C)=N\C(C)(C)C,CC(C)C(C=C(C(C)C)C=C1C(C)C)=C1C2=CC=CC=C2P(C(C)(C)C)C(C)(C)C,85.14465222
FC(F)(F)c1ccc(I)cc1,CCOC(=O)c1cc(C)on1,CN1CCCN2CCCN=C12,CC(C)C1=CC(C(C)C)=CC(C(C)C)=C1C2=C(P(C(C)(C)C)C(C)(C)C)C(OC)=CC=C2OC,46.76206263
Clc1cccnc1,COC(=O)c1cc(on1)c2occc2,CN(C)P(N(C)C)(N(C)C)=NP(N(C)C)(N(C)C)=NCC,CC(C)C(C=C(C(C)C)C=C1C(C)C)=C1C2=CC=CC=C2P(C(C)(C)C)C(C)(C)C,8.776630533
COc1ccc(Br)cc1,o1ccc(n1)c2ccccc2,CN(C)/C(N(C)C)=N\C(C)(C)C,CC(C)C1=CC(C(C)C)=CC(C(C)C)=C1C2=C(P(C(C)(C)C)C(C)(C)C)C(OC)=CC=C2OC,40.82349272
CCc1ccc(Br)cc1,CCOC(=O)c1cc(C)on1,CN1CCCN2CCCN=C12,CC(C)C1=CC(C(C)C)=CC(C(C)C)=C1C2=C(P(C(C)(C)C)C(C)(C)C)C(OC)=CC=C2OC,79.73976585
Ic1cccnc1,C(N(Cc1ccccc1)c2ccon2)c3ccccc3,CN(C)/C(N(C)C)=N\C(C)(C)C,CC(C)C(C=C(C(C)C)C=C1C(C)C)=C1C2=CC=CC=C2P(C(C)(C)C)C(C)(C)C,65.9488999
COc1ccc(I)cc1,Fc1cccc(F)c1c2oncc2,CN(C)/C(N(C)C)=N\C(C)(C)C,CC(C1=C(C2=C(OC)C=CC(OC)=C2P(C34CC5CC(C4)CC(C5)C3)C67CC8CC(C7)CC(C8)C6)C(C(C)C)=CC(C(C)C)=C1)C,40.85999304
Clc1ccccn1,C(N(Cc1ccccc1)c2oncc2)c3ccccc3,CN(C)P(N(C)C)(N(C)C)=NP(N(C)C)(N(C)C)=NCC,CC(C)C1=CC(C(C)C)=CC(C(C)C)=C1C2=C(P(C3CCCCC3)C4CCCCC4)C=CC=C2,11.84842444
Brc1cccnc1,o1ccc(n1)c2ccccc2,CN1CCCN2CCCN=C12,CC(C1=C(C2=C(OC)C=CC(OC)=C2P(C34CC5CC(C4)CC(C5)C3)C67CC8CC(C7)CC(C8)C6)C(C(C)C)=CC(C(C)C)=C1)C,95.12897845
Brc1ccccn1,COC(=O)c1cc(on1)c2occc2,CN1CCCN2CCCN=C12,CC(C)C1=CC(C(C)C)=CC(C(C)C)=C1C2=C(P(C3CCCCC3)C4CCCCC4)C=CC=C2,49.96376516
COc1ccc(I)cc1,o1cc2ccccc2n1,CN(C)P(N(C)C)(N(C)C)=NP(N(C)C)(N(C)C)=NCC,CC(C)C1=CC(C(C)C)=CC(C(C)C)=C1C2=C(P(C(C)(C)C)C(C)(C)C)C(OC)=CC=C2OC,15.44371593
Brc1ccccn1,COC(=O)c1cc(on1)c2occc2,CN(C)P(N(C)C)(N(C)C)=NP(N(C)C)(N(C)C)=NCC,CC(C)C1=CC(C(C)C)=CC(C(C)C)=C1C2=C(P(C3CCCCC3)C4CCCCC4)C=CC=C2,30.07960625
COc1ccc(I)cc1,o1cc(cn1)c2ccccc2,CN(C)/C(N(C)C)=N\C(C)(C)C,CC(C1=C(C2=C(OC)C=CC(OC)=C2P(C34CC5CC(C4)CC(C5)C3)C67CC8CC(C7)CC(C8)C6)C(C(C)C)=CC(C(C)C)=C1)C,47.46105675
FC(F)(F)c1ccc(Cl)cc1,COC(=O)c1oncc1,CN(C)P(N(C)C)(N(C)C)=NP(N(C)C)(N(C)C)=NCC,CC(C)C1=CC(C(C)C)=CC(C(C)C)=C1C2=C(P(C(C)(C)C)C(C)(C)C)C(OC)=CC=C2OC,6.945630993
COc1ccc(Cl)cc1,Cc1cc(on1)c2ccccc2,CN1CCCN2CCCN=C12,CC(C)C(C=C(C(C)C)C=C1C(C)C)=C1C2=CC=CC=C2P(C(C)(C)C)C(C)(C)C,1.152603634
Brc1ccccn1,CCOC(=O)c1conc1,CN(C)P(N(C)C)(N(C)C)=NP(N(C)C)(N(C)C)=NCC,CC(C)C1=CC(C(C)C)=CC(C(C)C)=C1C2=C(P(C3CCCCC3)C4CCCCC4)C=CC=C2,0.0
CCc1ccc(Cl)cc1,CCOC(=O)c1onc(OC)c1,CN1CCCN2CCCN=C12,CC(C)C(C=C(C(C)C)C=C1C(C)C)=C1C2=CC=CC=C2P(C(C)(C)C)C(C)(C)C,1.442502721
CCc1ccc(Cl)cc1,o1ncc2ccccc12,CN1CCCN2CCCN=C12,CC(C)C(C=C(C(C)C)C=C1C(C)C)=C1C2=CC=CC=C2P(C(C)(C)C)C(C)(C)C,11.31698923
Brc1cccnc1,Cc1ccon1,CN1CCCN2CCCN=C12,CC(C)C(C=C(C(C)C)C=C1C(C)C)=C1C2=CC=CC=C2P(C(C)(C)C)C(C)(C)C,92.72370704
FC(F)(F)c1ccc(Br)cc1,COC(=O)c1oncc1,CN(C)P(N(C)C)(N(C)C)=NP(N(C)C)(N(C)C)=NCC,CC(C1=C(C2=C(OC)C=CC(OC)=C2P(C34CC5CC(C4)CC(C5)C3)C67CC8CC(C7)CC(C8)C6)C(C(C)C)=CC(C(C)C)=C1)C,3.932288397
COc1ccc(I)cc1,C(N(Cc1ccccc1)c2oncc2)c3ccccc3,CN(C)P(N(C)C)(N(C)C)=NP(N(C)C)(N(C)C)=NCC,CC(C)C1=CC(C(C)C)=CC(C(C)C)=C1C2=C(P(C(C)(C)C)C(C)(C)C)C(OC)=CC=C2OC,38.77000873
Ic1cccnc1,CCOC(=O)c1conc1,CN(C)/C(N(C)C)=N\C(C)(C)C,CC(C1=C(C2=C(OC)C=CC(OC)=C2P(C34CC5CC(C4)CC(C5)C3)C67CC8CC(C7)CC(C8)C6)C(C(C)C)=CC(C(C)C)=C1)C,1.40959558
CCc1ccc(Br)cc1,CCOC(=O)c1cc(C)on1,CN(C)P(N(C)C)(N(C)C)=NP(N(C)C)(N(C)C)=NCC,CC(C1=C(C2=C(OC)C=CC(OC)=C2P(C34CC5CC(C4)CC(C5)C3)C67CC8CC(C7)CC(C8)C6)C(C(C)C)=CC(C(C)C)=C1)C,74.13888356
COc1ccc(Br)cc1,Cc1cc(on1)c2ccccc2,CN(C)/C(N(C)C)=N\C(C)(C)C,CC(C1=C(C2=C(OC)C=CC(OC)=C2P(C34CC5CC(C4)CC(C5)C3)C67CC8CC(C7)CC(C8)C6)C(C(C)C)=CC(C(C)C)=C1)C,32.36655355
COc1ccc(Br)cc1,Cc1cc(on1)c2ccccc2,CN(C)P(N(C)C)(N(C)C)=NP(N(C)C)(N(C)C)=NCC,CC(C1=C(C2=C(OC)C=CC(OC)=C2P(C34CC5CC(C4)CC(C5)C3)C67CC8CC(C7)CC(C8)C6)C(C(C)C)=CC(C(C)C)=C1)C,42.07740888
Clc1cccnc1,C(N(Cc1ccccc1)c2ccon2)c3ccccc3,CN(C)P(N(C)C)(N(C)C)=NP(N(C)C)(N(C)C)=NCC,CC(C)C1=CC(C(C)C)=CC(C(C)C)=C1C2=C(P(C(C)(C)C)C(C)(C)C)C(OC)=CC=C2OC,6.010382761
FC(F)(F)c1ccc(Br)cc1,Cc1ccon1,CN(C)/C(N(C)C)=N\C(C)(C)C,CC(C)C(C=C(C(C)C)C=C1C(C)C)=C1C2=CC=CC=C2P(C(C)(C)C)C(C)(C)C,52.55061961
CCc1ccc(I)cc1,CCOC(=O)c1cnoc1C,CN(C)/C(N(C)C)=N\C(C)(C)C,CC(C)C1=CC(C(C)C)=CC(C(C)C)=C1C2=C(P(C3CCCCC3)C4CCCCC4)C=CC=C2,3.546985039
COc1ccc(I)cc1,CCOC(=O)c1onc(C)c1,CN(C)/C(N(C)C)=N\C(C)(C)C,CC(C)C(C=C(C(C)C)C=C1C(C)C)=C1C2=CC=CC=C2P(C(C)(C)C)C(C)(C)C,43.69560153
Clc1cccnc1,CCOC(=O)c1ccon1,CN(C)/C(N(C)C)=N\C(C)(C)C,CC(C)C1=CC(C(C)C)=CC(C(C)C)=C1C2=C(P(C(C)(C)C)C(C)(C)C)C(OC)=CC=C2OC,18.36789148
Ic1cccnc1,CCOC(=O)c1onc(OC)c1,CN1CCCN2CCCN=C12,CC(C1=C(C2=C(OC)C=CC(OC)=C2P(C34CC5CC(C4)CC(C5)C3)C67CC8CC(C7)CC(C8)C6)C(C(C)C)=CC(C(C)C)=C1)C,85.22067267
CCc1ccc(I)cc1,CCOC(=O)c1conc1,CN(C)/C(N(C)C)=N\C(C)(C)C,CC(C)C(C=C(C(C)C)C=C1C(C)C)=C1C2=CC=CC=C2P(C(C)(C)C)C(C)(C)C,6.363967977
Brc1ccccn1,CCOC(=O)c1onc(OC)c1,CN(C)P(N(C)C)(N(C)C)=NP(N(C)C)(N(C)C)=NCC,CC(C1=C(C2=C(OC)C=CC(OC)=C2P(C34CC5CC(C4)CC(C5)C3)C67CC8CC(C7)CC(C8)C6)C(C(C)C)=CC(C(C)C)=C1)C,77.51023369
COc1ccc(Cl)cc1,CCOC(=O)c1conc1,CN1CCCN2CCCN=C12,CC(C)C1=CC(C(C)C)=CC(C(C)C)=C1C2=C(P(C(C)(C)C)C(C)(C)C)C(OC)=CC=C2OC,0.788355769
Ic1ccccn1,COC(=O)c1cc(on1)c2sccc2,CN(C)P(N(C)C)(N(C)C)=NP(N(C)C)(N(C)C)=NCC,CC(C)C(C=C(C(C)C)C=C1C(C)C)=C1C2=CC=CC=C2P(C(C)(C)C)C(C)(C)C,70.29330199
FC(F)(F)c1ccc(Br)cc1,CCOC(=O)c1ccon1,CN(C)P(N(C)C)(N(C)C)=NP(N(C)C)(N(C)C)=NCC,CC(C)C1=CC(C(C)C)=CC(C(C)C)=C1C2=C(P(C3CCCCC3)C4CCCCC4)C=CC=C2,0.296524645
COc1ccc(Cl)cc1,CCOC(=O)c1cc(C)on1,CN(C)/C(N(C)C)=N\C(C)(C)C,CC(C)C1=CC(C(C)C)=CC(C(C)C)=C1C2=C(P(C(C)(C)C)C(C)(C)C)C(OC)=CC=C2OC,0.345789289
FC(F)(F)c1ccc(Br)cc1,CCOC(=O)c1ccon1,CN(C)P(N(C)C)(N(C)C)=NP(N(C)C)(N(C)C)=NCC,CC(C1=C(C2=C(OC)C=CC(OC)=C2P(C34CC5CC(C4)CC(C5)C3)C67CC8CC(C7)CC(C8)C6)C(C(C)C)=CC(C(C)C)=C1)C,0.0
Brc1cccnc1,o1nccc1c2ccccc2,CN(C)P(N(C)C)(N(C)C)=NP(N(C)C)(N(C)C)=NCC,CC(C1=C(C2=C(OC)C=CC(OC)=C2P(C34CC5CC(C4)CC(C5)C3)C67CC8CC(C7)CC(C8)C6)C(C(C)C)=CC(C(C)C)=C1)C,13.6465536
CCc1ccc(I)cc1,o1cc2ccccc2n1,CN1CCCN2CCCN=C12,CC(C1=C(C2=C(OC)C=CC(OC)=C2P(C34CC5CC(C4)CC(C5)C3)C67CC8CC(C7)CC(C8)C6)C(C(C)C)=CC(C(C)C)=C1)C,70.2716235
FC(F)(F)c1ccc(Br)cc1,CCOC(=O)c1cc(C)on1,CN1CCCN2CCCN=C12,CC(C)C1=CC(C(C)C)=CC(C(C)C)=C1C2=C(P(C(C)(C)C)C(C)(C)C)C(OC)=CC=C2OC,47.555818
COc1ccc(I)cc1,C(N(Cc1ccccc1)c2ccon2)c3ccccc3,CN1CCCN2CCCN=C12,CC(C)C1=CC(C(C)C)=CC(C(C)C)=C1C2=C(P(C3CCCCC3)C4CCCCC4)C=CC=C2,50.09626002
Clc1cccnc1,o1cc2ccccc2n1,CN1CCCN2CCCN=C12,CC(C)C1=CC(C(C)C)=CC(C(C)C)=C1C2=C(P(C(C)(C)C)C(C)(C)C)C(OC)=CC=C2OC,0.0
Clc1cccnc1,o1cc2ccccc2n1,CN1CCCN2CCCN=C12,CC(C)C1=CC(C(C)C)=CC(C(C)C)=C1C2=C(P(C3CCCCC3)C4CCCCC4)C=CC=C2,0.0
COc1ccc(Br)cc1,Cc1cc(on1)c2ccccc2,CN1CCCN2CCCN=C12,CC(C1=C(C2=C(OC)C=CC(OC)=C2P(C34CC5CC(C4)CC(C5)C3)C67CC8CC(C7)CC(C8)C6)C(C(C)C)=CC(C(C)C)=C1)C,41.28466002
FC(F)(F)c1ccc(Cl)cc1,o1cc2ccccc2n1,CN(C)/C(N(C)C)=N\C(C)(C)C,CC(C)C1=CC(C(C)C)=CC(C(C)C)=C1C2=C(P(C(C)(C)C)C(C)(C)C)C(OC)=CC=C2OC,0.0
FC(F)(F)c1ccc(Cl)cc1,CCOC(=O)c1onc(OC)c1,CN(C)P(N(C)C)(N(C)C)=NP(N(C)C)(N(C)C)=NCC,CC(C)C(C=C(C(C)C)C=C1C(C)C)=C1C2=CC=CC=C2P(C(C)(C)C)C(C)(C)C,24.17024028
CCc1ccc(Br)cc1,CCOC(=O)c1cnoc1C,CN(C)P(N(C)C)(N(C)C)=NP(N(C)C)(N(C)C)=NCC,CC(C)C(C=C(C(C)C)C=C1C(C)C)=C1C2=CC=CC=C2P(C(C)(C)C)C(C)(C)C,22.0084522
FC(F)(F)c1ccc(I)cc1,o1cc2ccccc2n1,CN1CCCN2CCCN=C12,CC(C)C1=CC(C(C)C)=CC(C(C)C)=C1C2=C(P(C3CCCCC3)C4CCCCC4)C=CC=C2,14.24693951
CCc1ccc(Br)cc1,Cc1onc(C)c1,CN(C)/C(N(C)C)=N\C(C)(C)C,CC(C)C(C=C(C(C)C)C=C1C(C)C)=C1C2=CC=CC=C2P(C(C)(C)C)C(C)(C)C,61.04819615
CCc1ccc(I)cc1,Cc1cc(on1)c2ccccc2,CN(C)P(N(C)C)(N(C)C)=NP(N(C)C)(N(C)C)=NCC,CC(C)C1=CC(C(C)C)=CC(C(C)C)=C1C2=C(P(C3CCCCC3)C4CCCCC4)C=CC=C2,70.05483344
COc1ccc(Br)cc1,CCOC(=O)c1onc(C)c1,CN(C)/C(N(C)C)=N\C(C)(C)C,CC(C)C1=CC(C(C)C)=CC(C(C)C)=C1C2=C(P(C3CCCCC3)C4CCCCC4)C=CC=C2,13.9769471
Clc1cccnc1,CCOC(=O)c1cnoc1C,CN1CCCN2CCCN=C12,CC(C)C(C=C(C(C)C)C=C1C(C)C)=C1C2=CC=CC=C2P(C(C)(C)C)C(C)(C)C,39.35843617
FC(F)(F)c1ccc(Cl)cc1,Cc1onc(C)c1,CN(C)/C(N(C)C)=N\C(C)(C)C,CC(C)C1=CC(C(C)C)=CC(C(C)C)=C1C2=C(P(C3CCCCC3)C4CCCCC4)C=CC=C2,0.0
Clc1cccnc1,Cc1cc(on1)c2ccccc2,CN(C)P(N(C)C)(N(C)C)=NP(N(C)C)(N(C)C)=NCC,CC(C1=C(C2=C(OC)C=CC(OC)=C2P(C34CC5CC(C4)CC(C5)C3)C67CC8CC(C7)CC(C8)C6)C(C(C)C)=CC(C(C)C)=C1)C,0.0
Clc1cccnc1,CCOC(=O)c1onc(C)c1,CN1CCCN2CCCN=C12,CC(C1=C(C2=C(OC)C=CC(OC)=C2P(C34CC5CC(C4)CC(C5)C3)C67CC8CC(C7)CC(C8)C6)C(C(C)C)=CC(C(C)C)=C1)C,2.310618854
COc1ccc(Br)cc1,CCOC(=O)c1cc(C)on1,CN(C)/C(N(C)C)=N\C(C)(C)C,CC(C)C1=CC(C(C)C)=CC(C(C)C)=C1C2=C(P(C(C)(C)C)C(C)(C)C)C(OC)=CC=C2OC,40.97949244
COc1ccc(I)cc1,CCOC(=O)c1cnoc1C,CN1CCCN2CCCN=C12,CC(C)C1=CC(C(C)C)=CC(C(C)C)=C1C2=C(P(C(C)(C)C)C(C)(C)C)C(OC)=CC=C2OC,29.42310745
FC(F)(F)c1ccc(Cl)cc1,Cc1ccon1,CN(C)P(N(C)C)(N(C)C)=NP(N(C)C)(N(C)C)=NCC,CC(C)C(C=C(C(C)C)C=C1C(C)C)=C1C2=CC=CC=C2P(C(C)(C)C)C(C)(C)C,31.76101887
COc1ccc(Br)cc1,CCOC(=O)c1conc1,CN(C)/C(N(C)C)=N\C(C)(C)C,CC(C)C1=CC(C(C)C)=CC(C(C)C)=C1C2=C(P(C(C)(C)C)C(C)(C)C)C(OC)=CC=C2OC,0.64714493
Brc1cccnc1,Cc1ccon1,CN(C)/C(N(C)C)=N\C(C)(C)C,CC(C)C(C=C(C(C)C)C=C1C(C)C)=C1C2=CC=CC=C2P(C(C)(C)C)C(C)(C)C,85.68357471
FC(F)(F)c1ccc(Br)cc1,Cc1oncc1,CN(C)P(N(C)C)(N(C)C)=NP(N(C)C)(N(C)C)=NCC,CC(C)C1=CC(C(C)C)=CC(C(C)C)=C1C2=C(P(C3CCCCC3)C4CCCCC4)C=CC=C2,12.36887401
Clc1cccnc1,o1ccc(n1)c2ccccc2,CN(C)/C(N(C)C)=N\C(C)(C)C,CC(C)C1=CC(C(C)C)=CC(C(C)C)=C1C2=C(P(C(C)(C)C)C(C)(C)C)C(OC)=CC=C2OC,40.48243437
CCc1ccc(Br)cc1,CCOC(=O)c1onc(C)c1,CN(C)/C(N(C)C)=N\C(C)(C)C,CC(C)C1=CC(C(C)C)=CC(C(C)C)=C1C2=C(P(C(C)(C)C)C(C)(C)C)C(OC)=CC=C2OC,50.04747607
FC(F)(F)c1ccc(Cl)cc1,C(N(Cc1ccccc1)c2oncc2)c3ccccc3,CN(C)P(N(C)C)(N(C)C)=NP(N(C)C)(N(C)C)=NCC,CC(C1=C(C2=C(OC)C=CC(OC)=C2P(C34CC5CC(C4)CC(C5)C3)C67CC8CC(C7)CC(C8)C6)C(C(C)C)=CC(C(C)C)=C1)C,15.5615648
Clc1cccnc1,Cc1cc(on1)c2ccccc2,CN(C)/C(N(C)C)=N\C(C)(C)C,CC(C)C(C=C(C(C)C)C=C1C(C)C)=C1C2=CC=CC=C2P(C(C)(C)C)C(C)(C)C,33.03335054
CCc1ccc(Cl)cc1,Fc1cccc(F)c1c2oncc2,CN(C)/C(N(C)C)=N\C(C)(C)C,CC(C1=C(C2=C(OC)C=CC(OC)=C2P(C34CC5CC(C4)CC(C5)C3)C67CC8CC(C7)CC(C8)C6)C(C(C)C)=CC(C(C)C)=C1)C,0.648980669
CCc1ccc(I)cc1,CCOC(=O)c1ccon1,CN(C)P(N(C)C)(N(C)C)=NP(N(C)C)(N(C)C)=NCC,CC(C1=C(C2=C(OC)C=CC(OC)=C2P(C34CC5CC(C4)CC(C5)C3)C67CC8CC(C7)CC(C8)C6)C(C(C)C)=CC(C(C)C)=C1)C,14.17510686
Brc1cccnc1,COC(=O)c1cc(on1)c2sccc2,CN1CCCN2CCCN=C12,CC(C)C1=CC(C(C)C)=CC(C(C)C)=C1C2=C(P(C(C)(C)C)C(C)(C)C)C(OC)=CC=C2OC,65.74098646
FC(F)(F)c1ccc(Br)cc1,o1ccc(n1)c2ccccc2,CN1CCCN2CCCN=C12,CC(C1=C(C2=C(OC)C=CC(OC)=C2P(C34CC5CC(C4)CC(C5)C3)C67CC8CC(C7)CC(C8)C6)C(C(C)C)=CC(C(C)C)=C1)C,53.85457225
COc1ccc(I)cc1,Cc1oncc1,CN(C)/C(N(C)C)=N\C(C)(C)C,CC(C)C(C=C(C(C)C)C=C1C(C)C)=C1C2=CC=CC=C2P(C(C)(C)C)C(C)(C)C,42.00742206
CCc1ccc(I)cc1,Fc1cccc(F)c1c2oncc2,CN(C)/C(N(C)C)=N\C(C)(C)C,CC(C1=C(C2=C(OC)C=CC(OC)=C2P(C34CC5CC(C4)CC(C5)C3)C67CC8CC(C7)CC(C8)C6)C(C(C)C)=CC(C(C)C)=C1)C,60.8676331
Brc1cccnc1,Cc1onc(c1)n2cccc2,CN(C)/C(N(C)C)=N\C(C)(C)C,CC(C)C(C=C(C(C)C)C=C1C(C)C)=C1C2=CC=CC=C2P(C(C)(C)C)C(C)(C)C,63.06191521
COc1ccc(I)cc1,CCOC(=O)c1onc(C)c1,CN(C)P(N(C)C)(N(C)C)=NP(N(C)C)(N(C)C)=NCC,CC(C1=C(C2=C(OC)C=CC(OC)=C2P(C34CC5CC(C4)CC(C5)C3)C67CC8CC(C7)CC(C8)C6)C(C(C)C)=CC(C(C)C)=C1)C,52.78848387
FC(F)(F)c1ccc(I)cc1,Cc1onc(c1)n2cccc2,CN(C)/C(N(C)C)=N\C(C)(C)C,CC(C)C1=CC(C(C)C)=CC(C(C)C)=C1C2=C(P(C3CCCCC3)C4CCCCC4)C=CC=C2,34.52065187
Clc1ccccn1,o1cc(cn1)c2ccccc2,CN(C)P(N(C)C)(N(C)C)=NP(N(C)C)(N(C)C)=NCC,CC(C)C1=CC(C(C)C)=CC(C(C)C)=C1C2=C(P(C(C)(C)C)C(C)(C)C)C(OC)=CC=C2OC,23.70056273
Clc1cccnc1,o1ncc2ccccc12,CN(C)/C(N(C)C)=N\C(C)(C)C,CC(C)C1=CC(C(C)C)=CC(C(C)C)=C1C2=C(P(C(C)(C)C)C(C)(C)C)C(OC)=CC=C2OC,24.80297238
Brc1ccccn1,o1ccc(n1)c2ccccc2,CN(C)P(N(C)C)(N(C)C)=NP(N(C)C)(N(C)C)=NCC,CC(C1=C(C2=C(OC)C=CC(OC)=C2P(C34CC5CC(C4)CC(C5)C3)C67CC8CC(C7)CC(C8)C6)C(C(C)C)=CC(C(C)C)=C1)C,83.37705512
CCc1ccc(Cl)cc1,CCOC(=O)c1ccon1,CN(C)P(N(C)C)(N(C)C)=NP(N(C)C)(N(C)C)=NCC,CC(C)C(C=C(C(C)C)C=C1C(C)C)=C1C2=CC=CC=C2P(C(C)(C)C)C(C)(C)C,0.0
CCc1ccc(Cl)cc1,CCOC(=O)c1onc(C)c1,CN(C)/C(N(C)C)=N\C(C)(C)C,CC(C)C(C=C(C(C)C)C=C1C(C)C)=C1C2=CC=CC=C2P(C(C)(C)C)C(C)(C)C,0.595872872
Ic1ccccn1,o1nccc1c2ccccc2,CN(C)/C(N(C)C)=N\C(C)(C)C,CC(C)C(C=C(C(C)C)C=C1C(C)C)=C1C2=CC=CC=C2P(C(C)(C)C)C(C)(C)C,80.58917239
Clc1ccccn1,COC(=O)c1oncc1,CN(C)P(N(C)C)(N(C)C)=NP(N(C)C)(N(C)C)=NCC,CC(C)C1=CC(C(C)C)=CC(C(C)C)=C1C2=C(P(C(C)(C)C)C(C)(C)C)C(OC)=CC=C2OC,16.31613355
CCc1ccc(Br)cc1,Cc1cc(on1)c2ccccc2,CN1CCCN2CCCN=C12,CC(C)C(C=C(C(C)C)C=C1C(C)C)=C1C2=CC=CC=C2P(C(C)(C)C)C(C)(C)C,69.25619095
Clc1ccccn1,CCOC(=O)c1conc1,CN(C)/C(N(C)C)=N\C(C)(C)C,CC(C1=C(C2=C(OC)C=CC(OC)=C2P(C34CC5CC(C4)CC(C5)C3)C67CC8CC(C7)CC(C8)C6)C(C(C)C)=CC(C(C)C)=C1)C,0.0
Brc1cccnc1,o1cc(cn1)c2ccccc2,CN(C)/C(N(C)C)=N\C(C)(C)C,CC(C)C(C=C(C(C)C)C=C1C(C)C)=C1C2=CC=CC=C2P(C(C)(C)C)C(C)(C)C,78.00495066
COc1ccc(I)cc1,o1cc2ccccc2n1,CN(C)/C(N(C)C)=N\C(C)(C)C,CC(C)C1=CC(C(C)C)=CC(C(C)C)=C1C2=C(P(C(C)(C)C)C(C)(C)C)C(OC)=CC=C2OC,15.30703648
CCc1ccc(I)cc1,C(N(Cc1ccccc1)c2oncc2)c3ccccc3,CN(C)/C(N(C)C)=N\C(C)(C)C,CC(C1=C(C2=C(OC)C=CC(OC)=C2P(C34CC5CC(C4)CC(C5)C3)C67CC8CC(C7)CC(C8)C6)C(C(C)C)=CC(C(C)C)=C1)C,59.31991617
Clc1ccccn1,o1cc2ccccc2n1,CN(C)P(N(C)C)(N(C)C)=NP(N(C)C)(N(C)C)=NCC,CC(C)C1=CC(C(C)C)=CC(C(C)C)=C1C2=C(P(C3CCCCC3)C4CCCCC4)C=CC=C2,7.972544215
CCc1ccc(I)cc1,C(N(Cc1ccccc1)c2ccon2)c3ccccc3,CN(C)P(N(C)C)(N(C)C)=NP(N(C)C)(N(C)C)=NCC,CC(C)C1=CC(C(C)C)=CC(C(C)C)=C1C2=C(P(C3CCCCC3)C4CCCCC4)C=CC=C2,69.21564786
FC(F)(F)c1ccc(Br)cc1,C(N(Cc1ccccc1)c2oncc2)c3ccccc3,CN(C)P(N(C)C)(N(C)C)=NP(N(C)C)(N(C)C)=NCC,CC(C)C(C=C(C(C)C)C=C1C(C)C)=C1C2=CC=CC=C2P(C(C)(C)C)C(C)(C)C,10.72653134
CCc1ccc(Cl)cc1,o1ccc(n1)c2ccccc2,CN1CCCN2CCCN=C12,CC(C1=C(C2=C(OC)C=CC(OC)=C2P(C34CC5CC(C4)CC(C5)C3)C67CC8CC(C7)CC(C8)C6)C(C(C)C)=CC(C(C)C)=C1)C,3.135484875
COc1ccc(Cl)cc1,CCOC(=O)c1onc(OC)c1,CN(C)/C(N(C)C)=N\C(C)(C)C,CC(C1=C(C2=C(OC)C=CC(OC)=C2P(C34CC5CC(C4)CC(C5)C3)C67CC8CC(C7)CC(C8)C6)C(C(C)C)=CC(C(C)C)=C1)C,0.0
Ic1cccnc1,Fc1cccc(F)c1c2oncc2,CN1CCCN2CCCN=C12,CC(C)C(C=C(C(C)C)C=C1C(C)C)=C1C2=CC=CC=C2P(C(C)(C)C)C(C)(C)C,79.16863895
FC(F)(F)c1ccc(Cl)cc1,COC(=O)c1oncc1,CN(C)/C(N(C)C)=N\C(C)(C)C,CC(C)C1=CC(C(C)C)=CC(C(C)C)=C1C2=C(P(C(C)(C)C)C(C)(C)C)C(OC)=CC=C2OC,0.871820746
Brc1ccccn1,o1ncc2ccccc12,CN(C)/C(N(C)C)=N\C(C)(C)C,CC(C)C1=CC(C(C)C)=CC(C(C)C)=C1C2=C(P(C3CCCCC3)C4CCCCC4)C=CC=C2,13.1450619
CCc1ccc(Br)cc1,C(N(Cc1ccccc1)c2ccon2)c3ccccc3,CN(C)P(N(C)C)(N(C)C)=NP(N(C)C)(N(C)C)=NCC,CC(C1=C(C2=C(OC)C=CC(OC)=C2P(C34CC5CC(C4)CC(C5)C3)C67CC8CC(C7)CC(C8)C6)C(C(C)C)=CC(C(C)C)=C1)C,70.85918563
CCc1ccc(I)cc1,CCOC(=O)c1conc1,CN(C)P(N(C)C)(N(C)C)=NP(N(C)C)(N(C)C)=NCC,CC(C)C1=CC(C(C)C)=CC(C(C)C)=C1C2=C(P(C(C)(C)C)C(C)(C)C)C(OC)=CC=C2OC,10.04227922
COc1ccc(Br)cc1,o1nccc1c2ccccc2,CN1CCCN2CCCN=C12,CC(C)C1=CC(C(C)C)=CC(C(C)C)=C1C2=C(P(C3CCCCC3)C4CCCCC4)C=CC=C2,3.12306153
Clc1cccnc1,Cc1ccon1,CN(C)P(N(C)C)(N(C)C)=NP(N(C)C)(N(C)C)=NCC,CC(C)C(C=C(C(C)C)C=C1C(C)C)=C1C2=CC=CC=C2P(C(C)(C)C)C(C)(C)C,20.39347896
Ic1ccccn1,CCOC(=O)c1onc(OC)c1,CN1CCCN2CCCN=C12,CC(C)C1=CC(C(C)C)=CC(C(C)C)=C1C2=C(P(C3CCCCC3)C4CCCCC4)C=CC=C2,62.53548833
Clc1ccccn1,C(N(Cc1ccccc1)c2oncc2)c3ccccc3,CN1CCCN2CCCN=C12,CC(C)C(C=C(C(C)C)C=C1C(C)C)=C1C2=CC=CC=C2P(C(C)(C)C)C(C)(C)C,79.04497323
Brc1cccnc1,Cc1oncc1,CN1CCCN2CCCN=C12,CC(C)C1=CC(C(C)C)=CC(C(C)C)=C1C2=C(P(C(C)(C)C)C(C)(C)C)C(OC)=CC=C2OC,80.64990682
CCc1ccc(I)cc1,C(N(Cc1ccccc1)c2ccon2)c3ccccc3,CN1CCCN2CCCN=C12,CC(C)C1=CC(C(C)C)=CC(C(C)C)=C1C2=C(P(C(C)(C)C)C(C)(C)C)C(OC)=CC=C2OC,75.06056887
FC(F)(F)c1ccc(Cl)cc1,COC(=O)c1oncc1,CN(C)P(N(C)C)(N(C)C)=NP(N(C)C)(N(C)C)=NCC,CC(C)C(C=C(C(C)C)C=C1C(C)C)=C1C2=CC=CC=C2P(C(C)(C)C)C(C)(C)C,8.912186757
Ic1cccnc1,o1ncc2ccccc12,CN(C)/C(N(C)C)=N\C(C)(C)C,CC(C)C(C=C(C(C)C)C=C1C(C)C)=C1C2=CC=CC=C2P(C(C)(C)C)C(C)(C)C,47.28268345
COc1ccc(Cl)cc1,Cc1onc(C)c1,CN(C)/C(N(C)C)=N\C(C)(C)C,CC(C)C(C=C(C(C)C)C=C1C(C)C)=C1C2=CC=CC=C2P(C(C)(C)C)C(C)(C)C,0.96264489
Brc1ccccn1,Cc1cc(on1)c2ccccc2,CN(C)/C(N(C)C)=N\C(C)(C)C,CC(C)C1=CC(C(C)C)=CC(C(C)C)=C1C2=C(P(C(C)(C)C)C(C)(C)C)C(OC)=CC=C2OC,60.94658978
CCc1ccc(Br)cc1,C(N(Cc1ccccc1)c2ccon2)c3ccccc3,CN(C)P(N(C)C)(N(C)C)=NP(N(C)C)(N(C)C)=NCC,CC(C)C1=CC(C(C)C)=CC(C(C)C)=C1C2=C(P(C3CCCCC3)C4CCCCC4)C=CC=C2,66.43295508
FC(F)(F)c1ccc(I)cc1,Fc1cccc(F)c1c2oncc2,CN(C)P(N(C)C)(N(C)C)=NP(N(C)C)(N(C)C)=NCC,CC(C)C(C=C(C(C)C)C=C1C(C)C)=C1C2=CC=CC=C2P(C(C)(C)C)C(C)(C)C,16.24533971
Clc1ccccn1,C(N(Cc1ccccc1)c2ccon2)c3ccccc3,CN1CCCN2CCCN=C12,CC(C)C(C=C(C(C)C)C=C1C(C)C)=C1C2=CC=CC=C2P(C(C)(C)C)C(C)(C)C,84.81458604
CCc1ccc(Cl)cc1,CCOC(=O)c1cnoc1C,CN(C)/C(N(C)C)=N\C(C)(C)C,CC(C)C(C=C(C(C)C)C=C1C(C)C)=C1C2=CC=CC=C2P(C(C)(C)C)C(C)(C)C,0.0
FC(F)(F)c1ccc(Br)cc1,CCOC(=O)c1cc(C)on1,CN(C)/C(N(C)C)=N\C(C)(C)C,CC(C)C(C=C(C(C)C)C=C1C(C)C)=C1C2=CC=CC=C2P(C(C)(C)C)C(C)(C)C,44.81754321
Ic1ccccn1,CCOC(=O)c1cnoc1C,CN1CCCN2CCCN=C12,CC(C)C(C=C(C(C)C)C=C1C(C)C)=C1C2=CC=CC=C2P(C(C)(C)C)C(C)(C)C,70.86807008
Brc1cccnc1,CCOC(=O)c1ccon1,CN(C)/C(N(C)C)=N\C(C)(C)C,CC(C1=C(C2=C(OC)C=CC(OC)=C2P(C34CC5CC(C4)CC(C5)C3)C67CC8CC(C7)CC(C8)C6)C(C(C)C)=CC(C(C)C)=C1)C,55.59012858
FC(F)(F)c1ccc(Cl)cc1,o1ccc(n1)c2ccccc2,CN(C)/C(N(C)C)=N\C(C)(C)C,CC(C)C1=CC(C(C)C)=CC(C(C)C)=C1C2=C(P(C3CCCCC3)C4CCCCC4)C=CC=C2,24.42152468
Brc1ccccn1,CCOC(=O)c1conc1,CN(C)P(N(C)C)(N(C)C)=NP(N(C)C)(N(C)C)=NCC,CC(C1=C(C2=C(OC)C=CC(OC)=C2P(C34CC5CC(C4)CC(C5)C3)C67CC8CC(C7)CC(C8)C6)C(C(C)C)=CC(C(C)C)=C1)C,0.0
Clc1cccnc1,Cc1oncc1,CN1CCCN2CCCN=C12,CC(C)C(C=C(C(C)C)C=C1C(C)C)=C1C2=CC=CC=C2P(C(C)(C)C)C(C)(C)C,39.62688642
Ic1cccnc1,CCOC(=O)c1cnoc1C,CN(C)P(N(C)C)(N(C)C)=NP(N(C)C)(N(C)C)=NCC,CC(C)C1=CC(C(C)C)=CC(C(C)C)=C1C2=C(P(C(C)(C)C)C(C)(C)C)C(OC)=CC=C2OC,18.13660134
Brc1cccnc1,CCOC(=O)c1onc(OC)c1,CN(C)P(N(C)C)(N(C)C)=NP(N(C)C)(N(C)C)=NCC,CC(C)C1=CC(C(C)C)=CC(C(C)C)=C1C2=C(P(C(C)(C)C)C(C)(C)C)C(OC)=CC=C2OC,47.63735715
COc1ccc(Cl)cc1,CCOC(=O)c1conc1,CN(C)P(N(C)C)(N(C)C)=NP(N(C)C)(N(C)C)=NCC,CC(C)C(C=C(C(C)C)C=C1C(C)C)=C1C2=CC=CC=C2P(C(C)(C)C)C(C)(C)C,0.359225753
FC(F)(F)c1ccc(Br)cc1,Cc1ccon1,CN(C)/C(N(C)C)=N\C(C)(C)C,CC(C)C1=CC(C(C)C)=CC(C(C)C)=C1C2=C(P(C3CCCCC3)C4CCCCC4)C=CC=C2,43.74297776
Brc1ccccn1,Cc1onc(c1)n2cccc2,CN(C)/C(N(C)C)=N\C(C)(C)C,CC(C1=C(C2=C(OC)C=CC(OC)=C2P(C34CC5CC(C4)CC(C5)C3)C67CC8CC(C7)CC(C8)C6)C(C(C)C)=CC(C(C)C)=C1)C,53.66497703
CCc1ccc(Cl)cc1,COC(=O)c1cc(on1)c2sccc2,CN(C)P(N(C)C)(N(C)C)=NP(N(C)C)(N(C)C)=NCC,CC(C)C(C=C(C(C)C)C=C1C(C)C)=C1C2=CC=CC=C2P(C(C)(C)C)C(C)(C)C,0.860295656
Clc1cccnc1,COC(=O)c1cc(on1)c2occc2,CN(C)P(N(C)C)(N(C)C)=NP(N(C)C)(N(C)C)=NCC,CC(C1=C(C2=C(OC)C=CC(OC)=C2P(C34CC5CC(C4)CC(C5)C3)C67CC8CC(C7)CC(C8)C6)C(C(C)C)=CC(C(C)C)=C1)C,0.868429678
COc1ccc(Cl)cc1,Cc1onc(C)c1,CN(C)P(N(C)C)(N(C)C)=NP(N(C)C)(N(C)C)=NCC,CC(C)C1=CC(C(C)C)=CC(C(C)C)=C1C2=C(P(C(C)(C)C)C(C)(C)C)C(OC)=CC=C2OC,0.0
COc1ccc(Br)cc1,CCOC(=O)c1onc(OC)c1,CN(C)P(N(C)C)(N(C)C)=NP(N(C)C)(N(C)C)=NCC,CC(C)C1=CC(C(C)C)=CC(C(C)C)=C1C2=C(P(C(C)(C)C)C(C)(C)C)C(OC)=CC=C2OC,38.40946204
Clc1cccnc1,Cc1oncc1,CN(C)P(N(C)C)(N(C)C)=NP(N(C)C)(N(C)C)=NCC,CC(C)C(C=C(C(C)C)C=C1C(C)C)=C1C2=CC=CC=C2P(C(C)(C)C)C(C)(C)C,11.94269708
Brc1cccnc1,Fc1cccc(F)c1c2oncc2,CN1CCCN2CCCN=C12,CC(C)C1=CC(C(C)C)=CC(C(C)C)=C1C2=C(P(C(C)(C)C)C(C)(C)C)C(OC)=CC=C2OC,55.99062735
Ic1cccnc1,CCOC(=O)c1conc1,CN(C)P(N(C)C)(N(C)C)=NP(N(C)C)(N(C)C)=NCC,CC(C)C1=CC(C(C)C)=CC(C(C)C)=C1C2=C(P(C3CCCCC3)C4CCCCC4)C=CC=C2,0.0
CCc1ccc(Br)cc1,o1cc(cn1)c2ccccc2,CN(C)/C(N(C)C)=N\C(C)(C)C,CC(C)C1=CC(C(C)C)=CC(C(C)C)=C1C2=C(P(C3CCCCC3)C4CCCCC4)C=CC=C2,8.432863834
Brc1ccccn1,Cc1onc(c1)n2cccc2,CN1CCCN2CCCN=C12,CC(C1=C(C2=C(OC)C=CC(OC)=C2P(C34CC5CC(C4)CC(C5)C3)C67CC8CC(C7)CC(C8)C6)C(C(C)C)=CC(C(C)C)=C1)C,80.77035612
Clc1ccccn1,CCOC(=O)c1onc(OC)c1,CN1CCCN2CCCN=C12,CC(C)C(C=C(C(C)C)C=C1C(C)C)=C1C2=CC=CC=C2P(C(C)(C)C)C(C)(C)C,83.17489955
Brc1ccccn1,C(N(Cc1ccccc1)c2ccon2)c3ccccc3,CN1CCCN2CCCN=C12,CC(C)C1=CC(C(C)C)=CC(C(C)C)=C1C2=C(P(C(C)(C)C)C(C)(C)C)C(OC)=CC=C2OC,84.34096533
Clc1ccccn1,CCOC(=O)c1onc(C)c1,CN(C)P(N(C)C)(N(C)C)=NP(N(C)C)(N(C)C)=NCC,CC(C)C(C=C(C(C)C)C=C1C(C)C)=C1C2=CC=CC=C2P(C(C)(C)C)C(C)(C)C,65.93988128
Ic1ccccn1,CCOC(=O)c1ccon1,CN(C)P(N(C)C)(N(C)C)=NP(N(C)C)(N(C)C)=NCC,CC(C)C1=CC(C(C)C)=CC(C(C)C)=C1C2=C(P(C3CCCCC3)C4CCCCC4)C=CC=C2,0.0
COc1ccc(I)cc1,o1cc(cn1)c2ccccc2,CN1CCCN2CCCN=C12,CC(C1=C(C2=C(OC)C=CC(OC)=C2P(C34CC5CC(C4)CC(C5)C3)C67CC8CC(C7)CC(C8)C6)C(C(C)C)=CC(C(C)C)=C1)C,49.32388819
CCc1ccc(Br)cc1,Cc1cc(on1)c2ccccc2,CN(C)P(N(C)C)(N(C)C)=NP(N(C)C)(N(C)C)=NCC,CC(C)C(C=C(C(C)C)C=C1C(C)C)=C1C2=CC=CC=C2P(C(C)(C)C)C(C)(C)C,63.8388463
Clc1cccnc1,Cc1onc(c1)n2cccc2,CN1CCCN2CCCN=C12,CC(C)C(C=C(C(C)C)C=C1C(C)C)=C1C2=CC=CC=C2P(C(C)(C)C)C(C)(C)C,44.56568658
Clc1cccnc1,CCOC(=O)c1cnoc1C,CN(C)/C(N(C)C)=N\C(C)(C)C,CC(C)C(C=C(C(C)C)C=C1C(C)C)=C1C2=CC=CC=C2P(C(C)(C)C)C(C)(C)C,0.0
CCc1ccc(I)cc1,COC(=O)c1cc(on1)c2sccc2,CN(C)/C(N(C)C)=N\C(C)(C)C,CC(C)C1=CC(C(C)C)=CC(C(C)C)=C1C2=C(P(C(C)(C)C)C(C)(C)C)C(OC)=CC=C2OC,65.44832937
Brc1cccnc1,CCOC(=O)c1onc(OC)c1,CN1CCCN2CCCN=C12,CC(C)C1=CC(C(C)C)=CC(C(C)C)=C1C2=C(P(C3CCCCC3)C4CCCCC4)C=CC=C2,21.19444726
CCc1ccc(Br)cc1,Cc1oncc1,CN(C)P(N(C)C)(N(C)C)=NP(N(C)C)(N(C)C)=NCC,CC(C)C1=CC(C(C)C)=CC(C(C)C)=C1C2=C(P(C3CCCCC3)C4CCCCC4)C=CC=C2,13.99630758
Clc1ccccn1,CCOC(=O)c1onc(C)c1,CN(C)/C(N(C)C)=N\C(C)(C)C,CC(C1=C(C2=C(OC)C=CC(OC)=C2P(C34CC5CC(C4)CC(C5)C3)C67CC8CC(C7)CC(C8)C6)C(C(C)C)=CC(C(C)C)=C1)C,34.68494953
CCc1ccc(Br)cc1,Fc1cccc(F)c1c2oncc2,CN1CCCN2CCCN=C12,CC(C)C1=CC(C(C)C)=CC(C(C)C)=C1C2=C(P(C(C)(C)C)C(C)(C)C)C(OC)=CC=C2OC,53.30648897
Ic1cccnc1,CCOC(=O)c1onc(OC)c1,CN(C)/C(N(C)C)=N\C(C)(C)C,CC(C)C1=CC(C(C)C)=CC(C(C)C)=C1C2=C(P(C(C)(C)C)C(C)(C)C)C(OC)=CC=C2OC,65.50667277
Ic1cccnc1,o1ccc(n1)c2ccccc2,CN(C)/C(N(C)C)=N\C(C)(C)C,CC(C)C(C=C(C(C)C)C=C1C(C)C)=C1C2=CC=CC=C2P(C(C)(C)C)C(C)(C)C,88.16754027
Brc1ccccn1,o1ncc2ccccc12,CN(C)P(N(C)C)(N(C)C)=NP(N(C)C)(N(C)C)=NCC,CC(C)C1=CC(C(C)C)=CC(C(C)C)=C1C2=C(P(C(C)(C)C)C(C)(C)C)C(OC)=CC=C2OC,63.56506276
CCc1ccc(Cl)cc1,o1nccc1c2ccccc2,CN(C)/C(N(C)C)=N\C(C)(C)C,CC(C)C1=CC(C(C)C)=CC(C(C)C)=C1C2=C(P(C3CCCCC3)C4CCCCC4)C=CC=C2,2.84616447
FC(F)(F)c1ccc(Cl)cc1,COC(=O)c1cc(on1)c2sccc2,CN(C)/C(N(C)C)=N\C(C)(C)C,CC(C)C1=CC(C(C)C)=CC(C(C)C)=C1C2=C(P(C3CCCCC3)C4CCCCC4)C=CC=C2,10.4860128
Clc1ccccn1,CCOC(=O)c1onc(C)c1,CN(C)P(N(C)C)(N(C)C)=NP(N(C)C)(N(C)C)=NCC,CC(C1=C(C2=C(OC)C=CC(OC)=C2P(C34CC5CC(C4)CC(C5)C3)C67CC8CC(C7)CC(C8)C6)C(C(C)C)=CC(C(C)C)=C1)C,55.08984272
COc1ccc(Br)cc1,Cc1onc(C)c1,CN(C)/C(N(C)C)=N\C(C)(C)C,CC(C)C1=CC(C(C)C)=CC(C(C)C)=C1C2=C(P(C3CCCCC3)C4CCCCC4)C=CC=C2,14.09805788
COc1ccc(Br)cc1,o1ncc2ccccc12,CN1CCCN2CCCN=C12,CC(C)C1=CC(C(C)C)=CC(C(C)C)=C1C2=C(P(C(C)(C)C)C(C)(C)C)C(OC)=CC=C2OC,29.57593303
FC(F)(F)c1ccc(Cl)cc1,o1cc(cn1)c2ccccc2,CN(C)/C(N(C)C)=N\C(C)(C)C,CC(C1=C(C2=C(OC)C=CC(OC)=C2P(C34CC5CC(C4)CC(C5)C3)C67CC8CC(C7)CC(C8)C6)C(C(C)C)=CC(C(C)C)=C1)C,3.309805744
COc1ccc(I)cc1,COC(=O)c1oncc1,CN(C)P(N(C)C)(N(C)C)=NP(N(C)C)(N(C)C)=NCC,CC(C)C1=CC(C(C)C)=CC(C(C)C)=C1C2=C(P(C3CCCCC3)C4CCCCC4)C=CC=C2,4.471163192
CCc1ccc(I)cc1,CCOC(=O)c1conc1,CN(C)P(N(C)C)(N(C)C)=NP(N(C)C)(N(C)C)=NCC,CC(C1=C(C2=C(OC)C=CC(OC)=C2P(C34CC5CC(C4)CC(C5)C3)C67CC8CC(C7)CC(C8)C6)C(C(C)C)=CC(C(C)C)=C1)C,6.931862367
CCc1ccc(I)cc1,COC(=O)c1cc(on1)c2occc2,CN(C)/C(N(C)C)=N\C(C)(C)C,CC(C)C(C=C(C(C)C)C=C1C(C)C)=C1C2=CC=CC=C2P(C(C)(C)C)C(C)(C)C,59.93143231
Brc1ccccn1,C(N(Cc1ccccc1)c2oncc2)c3ccccc3,CN(C)/C(N(C)C)=N\C(C)(C)C,CC(C)C(C=C(C(C)C)C=C1C(C)C)=C1C2=CC=CC=C2P(C(C)(C)C)C(C)(C)C,51.21151631
COc1ccc(I)cc1,o1cc2ccccc2n1,CN1CCCN2CCCN=C12,CC(C)C1=CC(C(C)C)=CC(C(C)C)=C1C2=C(P(C(C)(C)C)C(C)(C)C)C(OC)=CC=C2OC,35.33585167
Ic1ccccn1,CCOC(=O)c1cnoc1C,CN(C)P(N(C)C)(N(C)C)=NP(N(C)C)(N(C)C)=NCC,CC(C1=C(C2=C(OC)C=CC(OC)=C2P(C34CC5CC(C4)CC(C5)C3)C67CC8CC(C7)CC(C8)C6)C(C(C)C)=CC(C(C)C)=C1)C,23.02454867
CCc1ccc(Cl)cc1,Cc1ccon1,CN(C)P(N(C)C)(N(C)C)=NP(N(C)C)(N(C)C)=NCC,CC(C)C(C=C(C(C)C)C=C1C(C)C)=C1C2=CC=CC=C2P(C(C)(C)C)C(C)(C)C,3.622466468
Brc1ccccn1,COC(=O)c1cc(on1)c2sccc2,CN(C)P(N(C)C)(N(C)C)=NP(N(C)C)(N(C)C)=NCC,CC(C)C1=CC(C(C)C)=CC(C(C)C)=C1C2=C(P(C3CCCCC3)C4CCCCC4)C=CC=C2,31.22952549
Brc1ccccn1,o1cc2ccccc2n1,CN(C)/C(N(C)C)=N\C(C)(C)C,CC(C1=C(C2=C(OC)C=CC(OC)=C2P(C34CC5CC(C4)CC(C5)C3)C67CC8CC(C7)CC(C8)C6)C(C(C)C)=CC(C(C)C)=C1)C,7.467378263
Brc1ccccn1,CCOC(=O)c1cc(C)on1,CN1CCCN2CCCN=C12,CC(C)C1=CC(C(C)C)=CC(C(C)C)=C1C2=C(P(C3CCCCC3)C4CCCCC4)C=CC=C2,56.51667394
COc1ccc(I)cc1,COC(=O)c1cc(on1)c2sccc2,CN(C)P(N(C)C)(N(C)C)=NP(N(C)C)(N(C)C)=NCC,CC(C)C1=CC(C(C)C)=CC(C(C)C)=C1C2=C(P(C(C)(C)C)C(C)(C)C)C(OC)=CC=C2OC,41.53702825
Ic1cccnc1,CCOC(=O)c1onc(OC)c1,CN1CCCN2CCCN=C12,CC(C)C1=CC(C(C)C)=CC(C(C)C)=C1C2=C(P(C(C)(C)C)C(C)(C)C)C(OC)=CC=C2OC,81.99763098
Ic1ccccn1,C(N(Cc1ccccc1)c2ccon2)c3ccccc3,CN(C)/C(N(C)C)=N\C(C)(C)C,CC(C1=C(C2=C(OC)C=CC(OC)=C2P(C34CC5CC(C4)CC(C5)C3)C67CC8CC(C7)CC(C8)C6)C(C(C)C)=CC(C(C)C)=C1)C,47.77426479
Ic1cccnc1,Fc1cccc(F)c1c2oncc2,CN(C)/C(N(C)C)=N\C(C)(C)C,CC(C)C(C=C(C(C)C)C=C1C(C)C)=C1C2=CC=CC=C2P(C(C)(C)C)C(C)(C)C,62.18465229
Brc1ccccn1,o1ncc2ccccc12,CN(C)/C(N(C)C)=N\C(C)(C)C,CC(C)C(C=C(C(C)C)C=C1C(C)C)=C1C2=CC=CC=C2P(C(C)(C)C)C(C)(C)C,50.50908656
FC(F)(F)c1ccc(I)cc1,o1cc2ccccc2n1,CN(C)P(N(C)C)(N(C)C)=NP(N(C)C)(N(C)C)=NCC,CC(C)C1=CC(C(C)C)=CC(C(C)C)=C1C2=C(P(C(C)(C)C)C(C)(C)C)C(OC)=CC=C2OC,12.51034862
FC(F)(F)c1ccc(Cl)cc1,CCOC(=O)c1onc(C)c1,CN(C)/C(N(C)C)=N\C(C)(C)C,CC(C)C1=CC(C(C)C)=CC(C(C)C)=C1C2=C(P(C(C)(C)C)C(C)(C)C)C(OC)=CC=C2OC,3.542495517
Brc1cccnc1,COC(=O)c1oncc1,CN(C)/C(N(C)C)=N\C(C)(C)C,CC(C)C1=CC(C(C)C)=CC(C(C)C)=C1C2=C(P(C3CCCCC3)C4CCCCC4)C=CC=C2,2.546576237
FC(F)(F)c1ccc(Br)cc1,CCOC(=O)c1onc(C)c1,CN(C)/C(N(C)C)=N\C(C)(C)C,CC(C1=C(C2=C(OC)C=CC(OC)=C2P(C34CC5CC(C4)CC(C5)C3)C67CC8CC(C7)CC(C8)C6)C(C(C)C)=CC(C(C)C)=C1)C,32.38635793
Ic1cccnc1,CCOC(=O)c1ccon1,CN(C)P(N(C)C)(N(C)C)=NP(N(C)C)(N(C)C)=NCC,CC(C)C1=CC(C(C)C)=CC(C(C)C)=C1C2=C(P(C(C)(C)C)C(C)(C)C)C(OC)=CC=C2OC,0.0
CCc1ccc(I)cc1,Cc1oncc1,CN(C)/C(N(C)C)=N\C(C)(C)C,CC(C1=C(C2=C(OC)C=CC(OC)=C2P(C34CC5CC(C4)CC(C5)C3)C67CC8CC(C7)CC(C8)C6)C(C(C)C)=CC(C(C)C)=C1)C,60.33199916
CCc1ccc(Br)cc1,CCOC(=O)c1onc(OC)c1,CN1CCCN2CCCN=C12,CC(C1=C(C2=C(OC)C=CC(OC)=C2P(C34CC5CC(C4)CC(C5)C3)C67CC8CC(C7)CC(C8)C6)C(C(C)C)=CC(C(C)C)=C1)C,50.28049867
Clc1cccnc1,COC(=O)c1cc(on1)c2sccc2,CN1CCCN2CCCN=C12,CC(C)C1=CC(C(C)C)=CC(C(C)C)=C1C2=C(P(C(C)(C)C)C(C)(C)C)C(OC)=CC=C2OC,1.957264533
COc1ccc(I)cc1,Cc1oncc1,CN(C)/C(N(C)C)=N\C(C)(C)C,CC(C)C1=CC(C(C)C)=CC(C(C)C)=C1C2=C(P(C3CCCCC3)C4CCCCC4)C=CC=C2,13.524053
Brc1ccccn1,o1cc2ccccc2n1,CN(C)P(N(C)C)(N(C)C)=NP(N(C)C)(N(C)C)=NCC,CC(C)C1=CC(C(C)C)=CC(C(C)C)=C1C2=C(P(C3CCCCC3)C4CCCCC4)C=CC=C2,11.17697809
Clc1ccccn1,Cc1oncc1,CN1CCCN2CCCN=C12,CC(C)C(C=C(C(C)C)C=C1C(C)C)=C1C2=CC=CC=C2P(C(C)(C)C)C(C)(C)C,73.07610721
Clc1ccccn1,o1ccc(n1)c2ccccc2,CN(C)P(N(C)C)(N(C)C)=NP(N(C)C)(N(C)C)=NCC,CC(C)C1=CC(C(C)C)=CC(C(C)C)=C1C2=C(P(C(C)(C)C)C(C)(C)C)C(OC)=CC=C2OC,68.99091328
FC(F)(F)c1ccc(I)cc1,Cc1onc(c1)n2cccc2,CN(C)P(N(C)C)(N(C)C)=NP(N(C)C)(N(C)C)=NCC,CC(C)C(C=C(C(C)C)C=C1C(C)C)=C1C2=CC=CC=C2P(C(C)(C)C)C(C)(C)C,36.80129147
Ic1cccnc1,C(N(Cc1ccccc1)c2ccon2)c3ccccc3,CN(C)/C(N(C)C)=N\C(C)(C)C,CC(C1=C(C2=C(OC)C=CC(OC)=C2P(C34CC5CC(C4)CC(C5)C3)C67CC8CC(C7)CC(C8)C6)C(C(C)C)=CC(C(C)C)=C1)C,63.88080478
